09:41:14 [super] ============================================================
09:41:14 [super] supercompute starting, log=supercompute_trumpinvokeswarpowersaga_20260701_094114.log
09:41:14 [super] market=trump-invokes-war-powers-against-venezuela-by-january-31-134-583  jobs=16  meta_jobs=8  top_n=all
09:41:14 [super] model=xgb_insider_25ir_latest.json  features=30 (20 behavioral + 10 metadata)  calibrator=yes  threshold=0.1
09:41:14 [super] known-insider wallets for funder signal: 0
09:41:14 [super] events: cache miss -> resolving market + fetching (needs internet)...
09:42:52 [super] events: fetched 8707 in 98.2s
09:42:52 [super] events: cached to cache/events/trump-invokes-war-powers-against-venezuela-by-january-31-134-583.pkl
09:42:52 [super] market resolved: tokens=2 closed=True duration=18.9d
09:42:52 [super] market: closed=True final_outcome_yes=1  wallets that traded: 1339
09:42:52 [super] scoring 1339 wallets
09:42:52 [super] behavioral: 1339 wallets across 16 processes
09:43:26 [super] behavioral: 200/1339 wallets (34s)
09:43:57 [super] behavioral: 400/1339 wallets (65s)
09:44:15 [super] behavioral: 600/1339 wallets (83s)
09:44:45 [super] behavioral: 800/1339 wallets (113s)
09:45:04 [super] behavioral: 1000/1339 wallets (132s)
09:45:34 [super] behavioral: 1200/1339 wallets (162s)
09:45:48 [super] behavioral: 1339/1339 wallets (175s)
09:45:48 [super] behavioral: done in 175.4s
09:45:48 [super] metadata: 1339 wallets across 8 threads (api_key=set)
09:52:38 [super] metadata: 200/1339 wallets (410s)
09:59:33 [super] metadata: 400/1339 wallets (825s)
10:06:14 [super] metadata: 600/1339 wallets (1226s)
10:12:46 [super] metadata: 800/1339 wallets (1618s)
10:16:27 [super] metadata failed for 0xe8c5c184dc9c24188617c81986b3f6f039f2b315: ReadTimeout: HTTPSConnectionPool(host='api.etherscan.io', port=443): Read timed out. (read timeout=30.0)
10:16:31 [super] metadata failed for 0x579162e9125aefa644035b759edb7dd467d0b970: ReadTimeout: HTTPSConnectionPool(host='api.etherscan.io', port=443): Read timed out. (read timeout=30.0)
10:16:31 [super] metadata failed for 0xd3cde1db2900976abc2371c2df7d81962d7df288: ReadTimeout: HTTPSConnectionPool(host='api.etherscan.io', port=443): Read timed out. (read timeout=30.0)
10:20:04 [super] metadata: 1000/1339 wallets (2057s)
10:23:43 [super] metadata failed for 0x57e70e9a15a47b31fd89c1a9fe3d4d11401984e9: ReadTimeout: HTTPSConnectionPool(host='api.etherscan.io', port=443): Read timed out. (read timeout=30.0)
10:23:50 [super] metadata failed for 0xdfd67b99b6a4697c331b13383a3274e25c4e4fa5: ReadTimeout: HTTPSConnectionPool(host='api.etherscan.io', port=443): Read timed out. (read timeout=30.0)
10:23:52 [super] metadata failed for 0x5e8b2e8608c9c5ec09b1e9c9123709527ea5ba9f: ReadTimeout: HTTPSConnectionPool(host='api.etherscan.io', port=443): Read timed out. (read timeout=30.0)
10:26:26 [super] metadata: 1200/1339 wallets (2438s)
10:30:59 [super] metadata: 1339/1339 wallets (2712s)
10:30:59 [super] metadata: done in 2711.7s
10:31:00 [super] ============================================================
10:31:00 [super] RESULT: 75/1339 wallets flagged at calibrated prob >= 0.1
10:31:00 [super] ============================================================
10:31:00 [super] per-wallet scores, ranked high->low (showing 1339 of 1339):
10:31:00 [super] * #1     0xfb83f6ca0e1e320f4050e8a7202ef53366df42d5  prob=0.6340 (raw=0.9250)  vol=$363  trades=10  first_trade=2026-01-03 10:11  winrate=0.000  n_markets_traded=7.000  herfindahl_index_markets=0.318
10:31:00 [super] * #2     0xa64790bf3b45c024f3edc2614e8516466c7f5560  prob=0.5984 (raw=0.8898)  vol=$127  trades=3  first_trade=2026-01-03 15:09  winrate=0.000  n_markets_traded=6.000  herfindahl_index_markets=0.224
10:31:00 [super] * #3     0x3be115f41213b0e4863a4365abfa9b374e9163f9  prob=0.5910 (raw=0.8826)  vol=$191  trades=3  first_trade=2026-01-03 21:41  winrate=0.667  n_markets_traded=3.000  herfindahl_index_markets=0.817
10:31:00 [super] * #4     0x206ea8551d011bcfcf88c3ecee5c08f8cca2096a  prob=0.5859 (raw=0.8776)  vol=$972  trades=27  first_trade=2026-01-03 09:41  winrate=0.000  n_markets_traded=5.000  herfindahl_index_markets=0.314
10:31:00 [super] * #5     0xea426ccecd626b9bfdb17831b1c1896c59e1330b  prob=0.5796 (raw=0.8716)  vol=$66  trades=8  first_trade=2026-01-04 15:05  winrate=0.000  n_markets_traded=1.000  herfindahl_index_markets=1.000
10:31:00 [super] * #6     0x575644961ad4ff6f059a2b667d14c832f6e26d16  prob=0.5676 (raw=0.8601)  vol=$2  trades=3  first_trade=2026-01-03 16:58  winrate=0.000  n_markets_traded=1.000  herfindahl_index_markets=1.000
10:31:00 [super] * #7     0xf61b719a05acc9f7b97b68cfbd1fb250f51bbece  prob=0.5673 (raw=0.8599)  vol=$8  trades=2  first_trade=2026-01-03 14:45  winrate=0.000  n_markets_traded=5.000  herfindahl_index_markets=0.232
10:31:00 [super] * #8     0x22337384a842ae0e6053ca261055412d90dc6fc1  prob=0.5590 (raw=0.8519)  vol=$3  trades=2  first_trade=2026-01-03 11:37  winrate=0.000  n_markets_traded=8.000  herfindahl_index_markets=0.451
10:31:00 [super] * #9     0x473bb8bb82cb1445d8421e3ed92379217bda0161  prob=0.5425 (raw=0.8364)  vol=$8  trades=3  first_trade=2026-01-04 13:01  winrate=0.000  n_markets_traded=1.000  herfindahl_index_markets=1.000
10:31:00 [super] * #10    0x280d78674f70ec76894a43d2453e5dd194e46eee  prob=0.5234 (raw=0.8185)  vol=$8  trades=4  first_trade=2026-01-04 10:11  winrate=0.000  n_markets_traded=2.000  herfindahl_index_markets=0.500
10:31:00 [super] * #11    0x31a56e9e690c621ed21de08cb559e9524cdb8ed9  prob=0.5212 (raw=0.8164)  vol=$10,283  trades=68  first_trade=2026-01-01 23:56  winrate=0.000  n_markets_traded=4.000  herfindahl_index_markets=0.436
10:31:00 [super] * #12    0xe547ff5bd2dd707be4e3a958a7922dfc40e68a2d  prob=0.5206 (raw=0.8158)  vol=$10  trades=2  first_trade=2026-01-04 10:59  winrate=0.000  n_markets_traded=4.000  herfindahl_index_markets=0.250
10:31:00 [super] * #13    0xaf33895ed00606e100bd2d5926fde17c5ed5ab3e  prob=0.5189 (raw=0.8142)  vol=$16  trades=2  first_trade=2026-01-04 19:07  winrate=0.000  n_markets_traded=3.000  herfindahl_index_markets=0.344
10:31:00 [super] * #14    0xbe3d2c351eed2376b6d650760739b38a6bfe658f  prob=0.5091 (raw=0.8050)  vol=$370  trades=5  first_trade=2026-01-03 21:22  winrate=0.000  n_markets_traded=5.000  herfindahl_index_markets=0.200
10:31:00 [super] * #15    0xc9162dc7cab70ac13a9335e77bd442b055986977  prob=0.4985 (raw=0.7951)  vol=$5  trades=2  first_trade=2026-01-04 15:14  winrate=0.000  n_markets_traded=2.000  herfindahl_index_markets=0.627
10:31:00 [super] * #16    0x22ffd666636ec7b83a61c154071a00e0905cb2d1  prob=0.4949 (raw=0.7918)  vol=$4  trades=2  first_trade=2026-01-03 12:14  winrate=0.000  n_markets_traded=1.000  herfindahl_index_markets=1.000
10:31:00 [super] * #17    0xab66e349f6bd20719457799f8a00ec21ee52278d  prob=0.4827 (raw=0.7804)  vol=$33  trades=3  first_trade=2026-01-04 00:55  winrate=0.000  n_markets_traded=3.000  herfindahl_index_markets=0.489
10:31:00 [super] * #18    0x0e97fe5342d32e3cfa8062d33e4abc6dda0fbda7  prob=0.4615 (raw=0.7605)  vol=$15  trades=2  first_trade=2026-01-04 13:12  winrate=0.000  n_markets_traded=3.000  herfindahl_index_markets=0.333
10:31:00 [super] * #19    0xf27f53d5d8b7b616e47799545983c6249d5b61da  prob=0.4455 (raw=0.7454)  vol=$15  trades=2  first_trade=2026-01-04 13:39  winrate=0.000  n_markets_traded=2.000  herfindahl_index_markets=0.500
10:31:00 [super] * #20    0x3857890b43049a100d67c6cf363805fac1e02c60  prob=0.4125 (raw=0.7139)  vol=$60  trades=2  first_trade=2026-01-03 20:14  winrate=0.000  n_markets_traded=4.000  herfindahl_index_markets=0.339
10:31:00 [super] * #21    0xe98c96a5d5a61d16f53ba22a182bf1a631ee2a97  prob=0.3774 (raw=0.6795)  vol=$46  trades=3  first_trade=2026-01-05 21:47  winrate=0.000  n_markets_traded=3.000  herfindahl_index_markets=0.456
10:31:00 [super] * #22    0xd0127c8a5fa157c1dd5d298aeeffb7f204c23bfd  prob=0.3699 (raw=0.6720)  vol=$2  trades=2  first_trade=2026-01-03 23:38  winrate=0.000  n_markets_traded=2.000  herfindahl_index_markets=0.835
10:31:00 [super] * #23    0xf234acc1df0e8719438532b716860f8db78e716d  prob=0.3553 (raw=0.6572)  vol=$2  trades=2  first_trade=2026-01-04 02:06  winrate=0.000  n_markets_traded=2.000  herfindahl_index_markets=0.500
10:31:00 [super] * #24    0x8897b45ef8f129c53659c45fa155cd255bff2a21  prob=0.3547 (raw=0.6566)  vol=$20  trades=4  first_trade=2026-01-06 07:21  winrate=0.200  n_markets_traded=5.000  herfindahl_index_markets=0.393
10:31:00 [super] * #25    0x638908988c2b0a0b5d67a5c6241df6085e66c6f6  prob=0.3529 (raw=0.6548)  vol=$3  trades=2  first_trade=2026-01-04 02:07  winrate=0.000  n_markets_traded=1.000  herfindahl_index_markets=1.000
10:31:00 [super] * #26    0x70896ef90afcc72080a90420be2bcafbd4eb9160  prob=0.3455 (raw=0.6472)  vol=$213  trades=9  first_trade=2026-01-03 19:31  winrate=0.000  n_markets_traded=1.000  herfindahl_index_markets=1.000
10:31:00 [super] * #27    0xdaca7bce901ef147f939dd45aa4fab0dbec3d857  prob=0.3439 (raw=0.6456)  vol=$1,963  trades=21  first_trade=2026-01-03 20:23  winrate=0.000  n_markets_traded=1.000  herfindahl_index_markets=1.000
10:31:00 [super] * #28    0x4b265f926880b5ec061a9e69b9f14f4437497fa1  prob=0.3410 (raw=0.6426)  vol=$213  trades=7  first_trade=2026-01-03 10:30  winrate=0.000  n_markets_traded=1.000  herfindahl_index_markets=1.000
10:31:00 [super] * #29    0x18b2080ab96c5b4895c783c5c05ededa2ea294c8  prob=0.3405 (raw=0.6420)  vol=$186  trades=8  first_trade=2026-01-03 17:07  winrate=0.000  n_markets_traded=1.000  herfindahl_index_markets=1.000
10:31:00 [super] * #30    0x7d127f224f241f564d829850301afb3250b5339f  prob=0.3354 (raw=0.6367)  vol=$6  trades=2  first_trade=2026-01-03 11:07  winrate=0.000  n_markets_traded=10.000  herfindahl_index_markets=0.125
10:31:00 [super] * #31    0x793975b31af44860deca0a22d40e4e5d7de21d79  prob=0.3227 (raw=0.6232)  vol=$9  trades=4  first_trade=2026-01-03 16:44  winrate=0.000  n_markets_traded=6.000  herfindahl_index_markets=0.243
10:31:00 [super] * #32    0xad12f3a7dda5d1f2b75abfa10074a15339eef9ad  prob=0.3127 (raw=0.6125)  vol=$11  trades=4  first_trade=2026-01-03 14:39  winrate=0.000  n_markets_traded=1.000  herfindahl_index_markets=1.000
10:31:00 [super] * #33    0xd3d1856dcd0c66bd45080e1f6efa10b6eb7d0b02  prob=0.3110 (raw=0.6106)  vol=$57  trades=5  first_trade=2026-01-03 17:40  winrate=0.000  n_markets_traded=2.000  herfindahl_index_markets=0.556
10:31:00 [super] * #34    0x475f3a08e5d69c30269fb21a4d0472da13458ed7  prob=0.2843 (raw=0.5807)  vol=$64  trades=2  first_trade=2026-01-04 06:38  winrate=0.000  n_markets_traded=1.000  herfindahl_index_markets=1.000
10:31:00 [super] * #35    0x2d3961163c1d9e94f047a9f437402a3e620cbc31  prob=0.2742 (raw=0.5690)  vol=$7  trades=2  first_trade=2026-01-03 23:12  winrate=0.000  n_markets_traded=2.000  herfindahl_index_markets=0.722
10:31:00 [super] * #36    0x050ee4f95b2735d8fd3b4ea729b5a9bd9b88d92f  prob=0.2708 (raw=0.5649)  vol=$46  trades=6  first_trade=2026-01-03 19:04  winrate=0.000  n_markets_traded=4.000  herfindahl_index_markets=0.457
10:31:00 [super] * #37    0xa4cb6048043d67d6b707f9006a7f43bdf0247797  prob=0.2708 (raw=0.5649)  vol=$8  trades=2  first_trade=2026-01-04 21:15  winrate=0.000  n_markets_traded=5.000  herfindahl_index_markets=0.311
10:31:00 [super] * #38    0xd388dc16c4e964ea22726553b3dd64cab0640190  prob=0.2632 (raw=0.5559)  vol=$2,364  trades=27  first_trade=2026-01-04 07:27  winrate=0.500  n_markets_traded=2.000  herfindahl_index_markets=0.687
10:31:00 [super] * #39    0xf52bf0e7c958b177727ad6a58f058a1faf87be70  prob=0.2532 (raw=0.5436)  vol=$15  trades=2  first_trade=2026-01-03 20:31  winrate=0.000  n_markets_traded=1.000  herfindahl_index_markets=1.000
10:31:00 [super] * #40    0x02c1ec85e707b3440e608eb252360c0437637dec  prob=0.2426 (raw=0.5303)  vol=$8,470  trades=53  first_trade=2026-01-03 09:47  winrate=0.333  n_markets_traded=6.000  herfindahl_index_markets=0.411
10:31:00 [super] * #41    0xabf102c63afcf99de1590f143d758effedb32d3e  prob=0.2363 (raw=0.5223)  vol=$142  trades=6  first_trade=2026-01-03 19:55  winrate=0.000  n_markets_traded=2.000  herfindahl_index_markets=0.742
10:31:00 [super] * #42    0x41fc18688bd9e1733cb4c646c960e57e01771dd7  prob=0.2267 (raw=0.5097)  vol=$1  trades=2  first_trade=2026-01-04 06:55  winrate=0.000  n_markets_traded=1.000  herfindahl_index_markets=1.000
10:31:00 [super] * #43    0x1431cd7481fd9d1548318f7efeb51d7b69b9a949  prob=0.2162 (raw=0.4954)  vol=$12  trades=2  first_trade=2026-01-03 10:57  winrate=0.000  n_markets_traded=2.000  herfindahl_index_markets=0.590
10:31:00 [super] * #44    0xfe15d16d1dff561c1780f0302264507ece5b462c  prob=0.2144 (raw=0.4930)  vol=$2  trades=2  first_trade=2026-01-04 03:59  winrate=0.000  n_markets_traded=5.000  herfindahl_index_markets=0.556
10:31:00 [super] * #45    0xed27ce9e9b9fd3ca2b48659a7d24a008efe40678  prob=0.1957 (raw=0.4661)  vol=$20  trades=2  first_trade=2026-01-03 20:42  winrate=0.000  n_markets_traded=2.000  herfindahl_index_markets=0.726
10:31:00 [super] * #46    0x67dee999f6dcaf4cdcbe14b379f059552cc7dd20  prob=0.1876 (raw=0.4538)  vol=$1  trades=2  first_trade=2026-01-03 22:03  winrate=0.111  n_markets_traded=9.000  herfindahl_index_markets=0.435
10:31:00 [super] * #47    0x98937189dd66c67995c75623803964faa172b2ce  prob=0.1873 (raw=0.4534)  vol=$29  trades=2  first_trade=2026-01-03 14:34  winrate=0.048  n_markets_traded=167.000  herfindahl_index_markets=0.021
10:31:00 [super] * #48    0xf3b59b9018be90d3d9084e13101f1183d52988cf  prob=0.1814 (raw=0.4442)  vol=$5  trades=2  first_trade=2026-01-04 23:51  winrate=0.000  n_markets_traded=1.000  herfindahl_index_markets=1.000
10:31:00 [super] * #49    0x64aa3f2869de45f6121f6760288432d19681e774  prob=0.1807 (raw=0.4432)  vol=$26  trades=4  first_trade=2026-01-03 19:20  winrate=0.000  n_markets_traded=4.000  herfindahl_index_markets=0.403
10:31:00 [super] * #50    0x3b35f717fe40a369972f9c11acbfc0912bdbee5e  prob=0.1715 (raw=0.4283)  vol=$29  trades=4  first_trade=2026-01-03 16:25  winrate=0.000  n_markets_traded=2.000  herfindahl_index_markets=0.680
10:31:00 [super] * #51    0xf8e12ca5698b6c25b8f04a6f2ad0776eb9c5688f  prob=0.1652 (raw=0.4178)  vol=$70  trades=4  first_trade=2026-01-03 06:39  winrate=0.000  n_markets_traded=1.000  herfindahl_index_markets=1.000
10:31:00 [super] * #52    0x3f859676c54d00361b43e05dfa834a5f1ae3d45f  prob=0.1648 (raw=0.4171)  vol=$38  trades=4  first_trade=2026-01-03 11:21  winrate=0.500  n_markets_traded=4.000  herfindahl_index_markets=0.279
10:31:00 [super] * #53    0x6215472f5848eaaaca750c1e918c66e8c39729c0  prob=0.1603 (raw=0.4093)  vol=$10  trades=3  first_trade=2026-01-03 20:28  winrate=0.000  n_markets_traded=2.000  herfindahl_index_markets=0.506
10:31:00 [super] * #54    0xce1d11e46e65842f056dd2f2a20821542e78957b  prob=0.1582 (raw=0.4057)  vol=$12  trades=2  first_trade=2026-01-04 04:32  winrate=0.500  n_markets_traded=2.000  herfindahl_index_markets=0.504
10:31:00 [super] * #55    0x9f9bfd87070785c66363c26673b2d52efdfeddfa  prob=0.1498 (raw=0.3907)  vol=$19  trades=6  first_trade=2025-12-18 21:56  winrate=0.000  n_markets_traded=1.000  herfindahl_index_markets=1.000
10:31:00 [super] * #56    0xc33d05041c15570829f6a28195dba8538df41b02  prob=0.1486 (raw=0.3884)  vol=$2,487  trades=16  first_trade=2026-01-04 17:52  winrate=0.522  n_markets_traded=46.000  herfindahl_index_markets=0.058
10:31:00 [super] * #57    0xa003104410718156265ac9b81264272dfc8872d0  prob=0.1432 (raw=0.3783)  vol=$8  trades=5  first_trade=2026-01-03 11:29  winrate=0.294  n_markets_traded=17.000  herfindahl_index_markets=0.107
10:31:00 [super] * #58    0x4b37e133604b75e570e4d0d2c253a1fa1148d5dc  prob=0.1410 (raw=0.3742)  vol=$5,469  trades=23  first_trade=2026-01-04 02:01  winrate=0.333  n_markets_traded=3.000  herfindahl_index_markets=0.779
10:31:00 [super] * #59    0x91948819040bada6cb1e4e9bbb9b8cdbb06e2fb4  prob=0.1407 (raw=0.3736)  vol=$19  trades=4  first_trade=2026-01-03 18:17  winrate=0.000  n_markets_traded=1.000  herfindahl_index_markets=1.000
10:31:00 [super] * #60    0x794b0e105f9ddf6f00cf405fb40d75a56a8763a2  prob=0.1404 (raw=0.3728)  vol=$16  trades=4  first_trade=2026-01-03 16:59  winrate=0.000  n_markets_traded=2.000  herfindahl_index_markets=0.520
10:31:00 [super] * #61    0xc79a9f4c2676c0e32f63b19e3cd99382e4cf79e7  prob=0.1400 (raw=0.3721)  vol=$114  trades=6  first_trade=2026-01-05 05:22  winrate=0.000  n_markets_traded=2.000  herfindahl_index_markets=0.504
10:31:00 [super] * #62    0x8f82bfb7a3fa66ffbd7cf82809ed7de9fea88f58  prob=0.1363 (raw=0.3648)  vol=$905  trades=17  first_trade=2026-01-04 19:56  winrate=0.000  n_markets_traded=1.000  herfindahl_index_markets=1.000
10:31:00 [super] * #63    0x3eae62bde2d83aba0fe84018921b2693ec645e6d  prob=0.1345 (raw=0.3613)  vol=$2,450  trades=39  first_trade=2026-01-03 14:35  winrate=NaN  n_markets_traded=0.000  herfindahl_index_markets=0.000
10:31:00 [super] * #64    0x6f0a3c1ef11dbec9dcd495b6a0a57d22f5f7eb4b  prob=0.1273 (raw=0.3465)  vol=$9  trades=2  first_trade=2026-01-03 14:12  winrate=0.000  n_markets_traded=1.000  herfindahl_index_markets=1.000
10:31:00 [super] * #65    0xd0fe2ea9982bf0c943223523b6784b2fea08ce41  prob=0.1244 (raw=0.3403)  vol=$93  trades=8  first_trade=2026-01-03 18:21  winrate=0.273  n_markets_traded=11.000  herfindahl_index_markets=0.193
10:31:00 [super] * #66    0x699ec369fb83523ff7bf5b81c43b8f0cfa50d47d  prob=0.1221 (raw=0.3355)  vol=$2  trades=2  first_trade=2026-01-03 07:28  winrate=0.026  n_markets_traded=38.000  herfindahl_index_markets=0.281
10:31:00 [super] * #67    0xc898e0fc6005f0060212a90e062a48f91c8c1391  prob=0.1175 (raw=0.3252)  vol=$54  trades=5  first_trade=2026-01-03 11:39  winrate=0.000  n_markets_traded=4.000  herfindahl_index_markets=0.344
10:31:00 [super] * #68    0x265ec1b2e88f644139fddb609c7428cdfeeb498e  prob=0.1146 (raw=0.3186)  vol=$39  trades=4  first_trade=2026-01-03 12:16  winrate=0.000  n_markets_traded=2.000  herfindahl_index_markets=0.502
10:31:00 [super] * #69    0x7b1985b621d1629d1dbccaa6c1736125b467575e  prob=0.1137 (raw=0.3164)  vol=$2  trades=2  first_trade=2026-01-03 15:03  winrate=0.083  n_markets_traded=12.000  herfindahl_index_markets=0.326
10:31:00 [super] * #70    0x022c64c0c56ef5789ef985dae34a4f9a7e934873  prob=0.1130 (raw=0.3148)  vol=$206  trades=5  first_trade=2026-01-05 19:33  winrate=0.200  n_markets_traded=5.000  herfindahl_index_markets=0.294
10:31:00 [super] * #71    0xcc955da54f87df6b816107e9b7463196bb1bf5fe  prob=0.1121 (raw=0.3127)  vol=$2  trades=2  first_trade=2026-01-03 23:26  winrate=0.500  n_markets_traded=8.000  herfindahl_index_markets=0.167
10:31:00 [super] * #72    0x44ab73840184252a0b308065ca5e66f077d3c09d  prob=0.1081 (raw=0.3033)  vol=$49  trades=5  first_trade=2026-01-03 19:31  winrate=0.111  n_markets_traded=9.000  herfindahl_index_markets=0.197
10:31:00 [super] * #73    0x064b44d85a52762f080fd59a8a909e30fd7febfb  prob=0.1051 (raw=0.2958)  vol=$3  trades=4  first_trade=2026-01-03 06:59  winrate=0.000  n_markets_traded=3.000  herfindahl_index_markets=0.757
10:31:00 [super] * #74    0x4dba83a722022d373b7fafd5110b07c380ad172f  prob=0.1046 (raw=0.2947)  vol=$181  trades=10  first_trade=2026-01-03 16:48  winrate=0.250  n_markets_traded=4.000  herfindahl_index_markets=0.448
10:31:00 [super] * #75    0xba369f3f6b7d51265ecea16feb280a57a45d091e  prob=0.1046 (raw=0.2946)  vol=$156  trades=39  first_trade=2026-01-04 11:22  winrate=0.167  n_markets_traded=6.000  herfindahl_index_markets=0.469
10:31:00 [super]   #76    0x5c908bbc99e7487b3948103c48ff7e0e17da8fac  prob=0.0983 (raw=0.2783)  vol=$3  trades=2  first_trade=2026-01-03 11:54  winrate=0.475  n_markets_traded=40.000  herfindahl_index_markets=0.057
10:31:00 [super]   #77    0xd863619ba864b65352a217259828cabd3e880e2c  prob=0.0979 (raw=0.2772)  vol=$1,152  trades=21  first_trade=2026-01-03 06:14  winrate=0.100  n_markets_traded=10.000  herfindahl_index_markets=0.842
10:31:00 [super]   #78    0xf67b4367f3bb557a32aad50e9855040cf820368e  prob=0.0964 (raw=0.2734)  vol=$20  trades=3  first_trade=2026-01-03 16:40  winrate=0.237  n_markets_traded=38.000  herfindahl_index_markets=0.281
10:31:00 [super]   #79    0xb7f56f7818daa421c7950c8612ac65fb5f7c8742  prob=0.0955 (raw=0.2711)  vol=$77  trades=12  first_trade=2026-01-04 19:55  winrate=0.000  n_markets_traded=2.000  herfindahl_index_markets=0.612
10:31:00 [super]   #80    0xc6c210a895ca825636ee72bc991386b399851b0d  prob=0.0952 (raw=0.2702)  vol=$1,821  trades=9  first_trade=2026-01-03 12:45  winrate=0.222  n_markets_traded=27.000  herfindahl_index_markets=0.643
10:31:00 [super]   #81    0xc699c851b06058faeea2e9dc724fbe2428681401  prob=0.0950 (raw=0.2696)  vol=$29  trades=2  first_trade=2026-01-03 18:10  winrate=0.000  n_markets_traded=5.000  herfindahl_index_markets=0.234
10:31:00 [super]   #82    0xf95f94fe4d7550eab97135e81ca654217e73f988  prob=0.0938 (raw=0.2664)  vol=$148  trades=4  first_trade=2026-01-05 16:32  winrate=0.000  n_markets_traded=30.000  herfindahl_index_markets=0.049
10:31:00 [super]   #83    0x220918650800e597ea7350a59f0d92a6e6d3aed6  prob=0.0932 (raw=0.2646)  vol=$4  trades=4  first_trade=2026-01-04 13:23  winrate=0.000  n_markets_traded=2.000  herfindahl_index_markets=0.500
10:31:00 [super]   #84    0x96727ac7c4e09ec9aabf5392486c3c2b32a8e185  prob=0.0887 (raw=0.2520)  vol=$96  trades=2  first_trade=2026-01-03 20:12  winrate=0.369  n_markets_traded=84.000  herfindahl_index_markets=0.072
10:31:00 [super]   #85    0x219edd8359fa1cc3660fe770ec8480813c327548  prob=0.0887 (raw=0.2519)  vol=$36  trades=2  first_trade=2026-01-04 13:32  winrate=0.000  n_markets_traded=1.000  herfindahl_index_markets=1.000
10:31:00 [super]   #86    0xf6879d0ee9a1a6f465b93b218bf97e9c96b333f9  prob=0.0880 (raw=0.2498)  vol=$80  trades=5  first_trade=2026-01-03 22:41  winrate=0.000  n_markets_traded=14.000  herfindahl_index_markets=0.112
10:31:00 [super]   #87    0x1e55d91a250c26a607aebeebeb1d7bbc7bf2a76a  prob=0.0873 (raw=0.2478)  vol=$50  trades=18  first_trade=2026-01-03 14:11  winrate=0.404  n_markets_traded=47.000  herfindahl_index_markets=0.052
10:31:00 [super]   #88    0xe16609937d45e81eea9db6eb13b0c021569e2d8f  prob=0.0863 (raw=0.2450)  vol=$1,987  trades=14  first_trade=2026-01-04 21:34  winrate=0.100  n_markets_traded=10.000  herfindahl_index_markets=0.208
10:31:00 [super]   #89    0xd379b4cae6335bb4e3ce6eacc3b301fea000772b  prob=0.0861 (raw=0.2442)  vol=$5  trades=2  first_trade=2026-01-03 10:04  winrate=0.000  n_markets_traded=19.000  herfindahl_index_markets=0.058
10:31:00 [super]   #90    0xb8d5f5631350565070da7a7e3abbd14d8e92fe98  prob=0.0857 (raw=0.2431)  vol=$60  trades=5  first_trade=2026-01-04 11:16  winrate=0.000  n_markets_traded=2.000  herfindahl_index_markets=0.556
10:31:00 [super]   #91    0x0f3a06e3e5a6c473aa5ce052934433c60571840b  prob=0.0849 (raw=0.2406)  vol=$5  trades=4  first_trade=2026-01-03 18:39  winrate=0.250  n_markets_traded=8.000  herfindahl_index_markets=0.153
10:31:00 [super]   #92    0x9e754663bb8b0c9be3cb4a6625a1acbd3e1c89a5  prob=0.0845 (raw=0.2396)  vol=$94  trades=8  first_trade=2026-01-03 15:25  winrate=0.417  n_markets_traded=12.000  herfindahl_index_markets=0.289
10:31:00 [super]   #93    0x457efbb63f530ec0e29576b9208ef089edb7b60e  prob=0.0836 (raw=0.2366)  vol=$68  trades=5  first_trade=2026-01-03 14:10  winrate=0.278  n_markets_traded=18.000  herfindahl_index_markets=0.144
10:31:00 [super]   #94    0x8a5e13a31ebfd5371f23ea6100de68c3e7d2ef7a  prob=0.0817 (raw=0.2311)  vol=$6  trades=4  first_trade=2026-01-03 14:17  winrate=NaN  n_markets_traded=0.000  herfindahl_index_markets=0.000
10:31:00 [super]   #95    0x178d3f6c9b46fe240cfa309b10c7499fe66e05ed  prob=0.0812 (raw=0.2294)  vol=$121  trades=14  first_trade=2026-01-04 03:34  winrate=0.000  n_markets_traded=1.000  herfindahl_index_markets=1.000
10:31:00 [super]   #96    0x651ea5377dcb28fc1e0033be84ed26564268bc3f  prob=0.0808 (raw=0.2280)  vol=$3  trades=2  first_trade=2026-01-05 10:39  winrate=0.526  n_markets_traded=18.000  herfindahl_index_markets=0.343
10:31:00 [super]   #97    0xf19c6cce5a7d7c7313e4ae0596b59c72a5924d86  prob=0.0795 (raw=0.2238)  vol=$6  trades=4  first_trade=2026-01-04 08:02  winrate=0.000  n_markets_traded=2.000  herfindahl_index_markets=0.625
10:31:00 [super]   #98    0x73250da5708c151d109dc8157f9065bb425c2936  prob=0.0781 (raw=0.2196)  vol=$34  trades=2  first_trade=2026-01-03 11:23  winrate=0.429  n_markets_traded=14.000  herfindahl_index_markets=0.139
10:31:00 [super]   #99    0x22c08b5129e96da987a7f40e7d803985136938f9  prob=0.0768 (raw=0.2151)  vol=$10  trades=4  first_trade=2026-01-04 11:04  winrate=0.200  n_markets_traded=5.000  herfindahl_index_markets=0.216
10:31:00 [super]   #100   0x80f3f40901acc978b2d1ae9b3859d30fc8a8d547  prob=0.0759 (raw=0.2123)  vol=$36  trades=4  first_trade=2026-01-04 01:12  winrate=0.250  n_markets_traded=8.000  herfindahl_index_markets=0.346
10:31:00 [super]   #101   0xfee281e5f7021799a5e85faf9d228b2850dc174f  prob=0.0759 (raw=0.2123)  vol=$35  trades=5  first_trade=2026-01-04 17:53  winrate=0.000  n_markets_traded=1.000  herfindahl_index_markets=1.000
10:31:00 [super]   #102   0xf245b6a867451e31d78fa86b88599242b2edab5d  prob=0.0756 (raw=0.2112)  vol=$3  trades=2  first_trade=2026-01-05 05:25  winrate=0.222  n_markets_traded=9.000  herfindahl_index_markets=0.142
10:31:00 [super]   #103   0xd79c8c73e58a390b1f8110347342ccb2069b2c35  prob=0.0750 (raw=0.2092)  vol=$9  trades=4  first_trade=2026-01-03 13:43  winrate=0.000  n_markets_traded=2.000  herfindahl_index_markets=0.702
10:31:00 [super]   #104   0x864625f099c4bf684e762d908daf9080cf373461  prob=0.0744 (raw=0.2071)  vol=$54  trades=3  first_trade=2026-01-06 06:03  winrate=0.000  n_markets_traded=3.000  herfindahl_index_markets=0.513
10:31:00 [super]   #105   0x629ed9fd4d3679168f7396adaa3d46f7c159fd75  prob=0.0744 (raw=0.2070)  vol=$461  trades=15  first_trade=2026-01-04 08:48  winrate=0.000  n_markets_traded=1.000  herfindahl_index_markets=1.000
10:31:00 [super]   #106   0x8cdf89bd4b451141bb9db5893a72e590dd99fb29  prob=0.0739 (raw=0.2053)  vol=$25  trades=4  first_trade=2026-01-03 14:25  winrate=0.273  n_markets_traded=11.000  herfindahl_index_markets=0.278
10:31:00 [super]   #107   0xfddf7c76687fd35389b1ab5b65732b5f771463cb  prob=0.0737 (raw=0.2048)  vol=$17  trades=5  first_trade=2026-01-03 15:58  winrate=0.214  n_markets_traded=42.000  herfindahl_index_markets=0.045
10:31:00 [super]   #108   0x1c387f099843709a04793cf1d88a899894431dab  prob=0.0723 (raw=0.2000)  vol=$2,074  trades=10  first_trade=2026-01-03 22:24  winrate=0.400  n_markets_traded=5.000  herfindahl_index_markets=0.335
10:31:00 [super]   #109   0xe8c5c184dc9c24188617c81986b3f6f039f2b315  prob=0.0723 (raw=0.1999)  vol=$16  trades=4  first_trade=2026-01-03 15:15  winrate=NaN  n_markets_traded=NaN  herfindahl_index_markets=NaN
10:31:00 [super]   #110   0xbcf9126799c3cb41b00e06e3b8650b935289e63c  prob=0.0719 (raw=0.1984)  vol=$17  trades=2  first_trade=2026-01-03 23:24  winrate=0.143  n_markets_traded=7.000  herfindahl_index_markets=0.154
10:31:00 [super]   #111   0x49f469f0fcb8a76de82e24bfdc3159e76aac5972  prob=0.0707 (raw=0.1944)  vol=$54  trades=4  first_trade=2026-01-03 16:43  winrate=0.593  n_markets_traded=59.000  herfindahl_index_markets=0.037
10:31:00 [super]   #112   0x1583c96c931b45ebd010373c1275744ece39913a  prob=0.0703 (raw=0.1928)  vol=$471  trades=14  first_trade=2026-01-03 20:25  winrate=0.000  n_markets_traded=1.000  herfindahl_index_markets=1.000
10:31:00 [super]   #113   0xcb251043ff05b23d1c51069a1208bcaa2f367137  prob=0.0700 (raw=0.1917)  vol=$3  trades=2  first_trade=2026-01-05 13:18  winrate=0.333  n_markets_traded=3.000  herfindahl_index_markets=0.390
10:31:00 [super]   #114   0x7021c167fce40ed71928907a1d5deffa1b56adce  prob=0.0698 (raw=0.1913)  vol=$4  trades=4  first_trade=2026-01-03 19:41  winrate=0.091  n_markets_traded=11.000  herfindahl_index_markets=0.175
10:31:00 [super]   #115   0xc7908a9a96f9e9a99988de25c40094fd4d7e5cd0  prob=0.0691 (raw=0.1887)  vol=$4  trades=4  first_trade=2026-01-05 17:57  winrate=0.000  n_markets_traded=1.000  herfindahl_index_markets=1.000
10:31:00 [super]   #116   0x4bd230db982ed2189fe245705c9b504205f5553c  prob=0.0691 (raw=0.1887)  vol=$74  trades=5  first_trade=2026-01-03 20:10  winrate=0.000  n_markets_traded=2.000  herfindahl_index_markets=0.909
10:31:00 [super]   #117   0x37f89782372eb0714e5201ed741f1d2c0cb5b79c  prob=0.0690 (raw=0.1881)  vol=$13  trades=4  first_trade=2026-01-04 16:01  winrate=0.000  n_markets_traded=3.000  herfindahl_index_markets=0.368
10:31:00 [super]   #118   0x440ab2c859e46e70d19624cf27f7a40c39e49599  prob=0.0686 (raw=0.1867)  vol=$410  trades=11  first_trade=2026-01-03 18:33  winrate=0.125  n_markets_traded=24.000  herfindahl_index_markets=0.045
10:31:00 [super]   #119   0x3e91e47099169f7825ba2a4b01fc6cca140f4940  prob=0.0682 (raw=0.1854)  vol=$26  trades=5  first_trade=2026-01-03 18:27  winrate=0.133  n_markets_traded=15.000  herfindahl_index_markets=0.092
10:31:00 [super]   #120   0xb7451f4d87dc6c9e3ec3b7a527aed6d45a6a981e  prob=0.0676 (raw=0.1830)  vol=$69  trades=6  first_trade=2025-12-31 22:41  winrate=0.000  n_markets_traded=6.000  herfindahl_index_markets=0.174
10:31:00 [super]   #121   0x50a662e3231a3aa503530f64a6a47f1e79e4d1ca  prob=0.0673 (raw=0.1820)  vol=$57  trades=6  first_trade=2026-01-04 03:56  winrate=0.000  n_markets_traded=2.000  herfindahl_index_markets=0.625
10:31:00 [super]   #122   0x3d2db9ef5d0efca8d93b9de7b802c08d1dd93e67  prob=0.0666 (raw=0.1793)  vol=$10  trades=4  first_trade=2026-01-03 21:26  winrate=0.500  n_markets_traded=4.000  herfindahl_index_markets=0.585
10:31:00 [super]   #123   0x9b77285e91cdedbf8f33b815888ba4457d1e1ab9  prob=0.0660 (raw=0.1770)  vol=$25  trades=4  first_trade=2025-12-22 02:34  winrate=0.034  n_markets_traded=29.000  herfindahl_index_markets=0.286
10:31:00 [super]   #124   0x7e4dbe7437e097d061b399b8cab3359f7836b4e9  prob=0.0654 (raw=0.1749)  vol=$9  trades=4  first_trade=2026-01-03 16:48  winrate=0.525  n_markets_traded=59.000  herfindahl_index_markets=0.021
10:31:00 [super]   #125   0xa742cfe24eddffcb267652e9297b2e340f469fe4  prob=0.0640 (raw=0.1692)  vol=$10  trades=2  first_trade=2026-01-03 11:19  winrate=0.105  n_markets_traded=19.000  herfindahl_index_markets=0.169
10:31:00 [super]   #126   0x0f40a9f0b6d2e686fc1dac1f5b22faeb136b5a27  prob=0.0632 (raw=0.1663)  vol=$19  trades=12  first_trade=2026-01-04 15:09  winrate=0.000  n_markets_traded=1.000  herfindahl_index_markets=1.000
10:31:00 [super]   #127   0xf16a342c42df53437c06b0def67438fbe10e3c12  prob=0.0631 (raw=0.1657)  vol=$20  trades=2  first_trade=2026-01-03 10:36  winrate=0.467  n_markets_traded=15.000  herfindahl_index_markets=0.180
10:31:00 [super]   #128   0xb9a47a26e0cf07f3444c502ebdfa8a9e3d7b996d  prob=0.0623 (raw=0.1627)  vol=$237  trades=10  first_trade=2026-01-03 13:29  winrate=0.553  n_markets_traded=331.000  herfindahl_index_markets=0.030
10:31:00 [super]   #129   0x0be4c9e1beb1289d3602e4553424fcb3dfa2b548  prob=0.0620 (raw=0.1616)  vol=$25  trades=2  first_trade=2026-01-06 06:49  winrate=0.139  n_markets_traded=36.000  herfindahl_index_markets=0.058
10:31:00 [super]   #130   0x0db4faefd7bfbc824785efc8e5d84e2f1ff52f93  prob=0.0617 (raw=0.1602)  vol=$35  trades=2  first_trade=2026-01-03 23:45  winrate=0.235  n_markets_traded=17.000  herfindahl_index_markets=0.091
10:31:00 [super]   #131   0xcd1b486f8bf5d173182d61e53dbbf0a71b9159f3  prob=0.0612 (raw=0.1582)  vol=$1,901  trades=45  first_trade=2026-01-03 22:15  winrate=0.200  n_markets_traded=5.000  herfindahl_index_markets=0.349
10:31:00 [super]   #132   0x579162e9125aefa644035b759edb7dd467d0b970  prob=0.0612 (raw=0.1582)  vol=$16  trades=4  first_trade=2026-01-04 05:05  winrate=NaN  n_markets_traded=NaN  herfindahl_index_markets=NaN
10:31:00 [super]   #133   0xaf9c5e91f3d830949cca833bc50d8121754e5dfd  prob=0.0610 (raw=0.1575)  vol=$91  trades=6  first_trade=2026-01-03 06:31  winrate=0.364  n_markets_traded=11.000  herfindahl_index_markets=0.136
10:31:00 [super]   #134   0xad7888efb18d7cec07b14598ab9500c0ef51678c  prob=0.0597 (raw=0.1521)  vol=$4  trades=1  first_trade=2026-01-05 21:30  winrate=NaN  n_markets_traded=0.000  herfindahl_index_markets=0.000
10:31:00 [super]   #135   0xcafd3458df4fa61c190667816f6dbdcd802fc5fd  prob=0.0594 (raw=0.1507)  vol=$43  trades=5  first_trade=2026-01-03 19:42  winrate=0.136  n_markets_traded=22.000  herfindahl_index_markets=0.061
10:31:00 [super]   #136   0x88193aaf7466f84a1f78460979feda5178f55657  prob=0.0591 (raw=0.1497)  vol=$571  trades=13  first_trade=2026-01-03 10:58  winrate=0.000  n_markets_traded=4.000  herfindahl_index_markets=0.503
10:31:00 [super]   #137   0xdb6ba0132d146f9a43462eca08f22cfae43a802d  prob=0.0586 (raw=0.1476)  vol=$87  trades=6  first_trade=2026-01-04 02:50  winrate=0.857  n_markets_traded=63.000  herfindahl_index_markets=0.035
10:31:00 [super]   #138   0xaa373a807dde4ae1d06eabcb9555a0aa463d2fa8  prob=0.0563 (raw=0.1377)  vol=$10,000  trades=2  first_trade=2026-01-06 14:17  winrate=0.000  n_markets_traded=1.000  herfindahl_index_markets=1.000
10:31:00 [super]   #139   0x16ee3cb8650fe13067e032611dd7cdac1325da09  prob=0.0563 (raw=0.1376)  vol=$186  trades=10  first_trade=2026-01-04 03:52  winrate=0.000  n_markets_traded=1.000  herfindahl_index_markets=1.000
10:31:00 [super]   #140   0xd4970e32da8304978a181d543abf8224ebf629f1  prob=0.0560 (raw=0.1361)  vol=$229  trades=11  first_trade=2026-01-03 16:48  winrate=0.235  n_markets_traded=17.000  herfindahl_index_markets=0.110
10:31:00 [super]   #141   0x42517371065740797ad771c0bc7ecbf53452fa50  prob=0.0558 (raw=0.1352)  vol=$103  trades=6  first_trade=2026-01-03 13:46  winrate=0.389  n_markets_traded=18.000  herfindahl_index_markets=0.153
10:31:00 [super]   #142   0xf49be5cc7a84c803f7dc6734b30608f10f4b75f0  prob=0.0554 (raw=0.1335)  vol=$10  trades=4  first_trade=2026-01-04 00:32  winrate=0.000  n_markets_traded=2.000  herfindahl_index_markets=0.528
10:31:00 [super]   #143   0x2739c32f80c5a9902f74a54d9abffe99bf4e7cf8  prob=0.0554 (raw=0.1333)  vol=$41  trades=7  first_trade=2026-01-03 13:35  winrate=0.182  n_markets_traded=11.000  herfindahl_index_markets=0.105
10:31:00 [super]   #144   0xedba85efb306954b766738552f476b8a7640c901  prob=0.0553 (raw=0.1329)  vol=$7  trades=2  first_trade=2026-01-05 08:22  winrate=0.000  n_markets_traded=7.000  herfindahl_index_markets=0.170
10:31:00 [super]   #145   0x73b183a4567123b5f6d3b57a6c1edc97f0894a78  prob=0.0551 (raw=0.1319)  vol=$756  trades=20  first_trade=2025-12-22 02:16  winrate=0.269  n_markets_traded=26.000  herfindahl_index_markets=0.088
10:31:00 [super]   #146   0xbd564d906ca2bc73deba309f3451226c47879033  prob=0.0550 (raw=0.1318)  vol=$4  trades=4  first_trade=2026-01-04 07:28  winrate=0.571  n_markets_traded=7.000  herfindahl_index_markets=0.272
10:31:00 [super]   #147   0x51bff524055ce5aae20b6ecb84e9e4b8f7379205  prob=0.0546 (raw=0.1300)  vol=$1,192  trades=15  first_trade=2026-01-03 07:06  winrate=0.143  n_markets_traded=7.000  herfindahl_index_markets=0.191
10:31:00 [super]   #148   0x77d37c6b5c5d958843f9b51c596de25d8215aad5  prob=0.0541 (raw=0.1276)  vol=$27  trades=5  first_trade=2026-01-04 03:19  winrate=0.000  n_markets_traded=1.000  herfindahl_index_markets=1.000
10:31:00 [super]   #149   0x28ffdd16e119686298ad9df3baad0405980e721c  prob=0.0537 (raw=0.1257)  vol=$32  trades=4  first_trade=2026-01-04 00:01  winrate=0.333  n_markets_traded=9.000  herfindahl_index_markets=0.434
10:31:00 [super]   #150   0xe58361e552235318235d14316c2d7dea75eba55f  prob=0.0535 (raw=0.1251)  vol=$83  trades=5  first_trade=2026-01-04 03:15  winrate=0.844  n_markets_traded=64.000  herfindahl_index_markets=0.033
10:31:00 [super]   #151   0x5c685c8a1f5d090172e2662bd99ae5fd4befe0c8  prob=0.0533 (raw=0.1239)  vol=$90  trades=2  first_trade=2026-01-04 02:39  winrate=0.829  n_markets_traded=76.000  herfindahl_index_markets=0.027
10:31:00 [super]   #152   0x3618caf709d3521bd3499d9af19b49dca7f12a23  prob=0.0533 (raw=0.1239)  vol=$861  trades=7  first_trade=2026-01-06 14:08  winrate=0.000  n_markets_traded=5.000  herfindahl_index_markets=0.256
10:31:00 [super]   #153   0x081cdcb280b83fcc53b5023bf4f36894595d14da  prob=0.0532 (raw=0.1234)  vol=$5  trades=4  first_trade=2026-01-04 16:02  winrate=0.000  n_markets_traded=2.000  herfindahl_index_markets=0.500
10:31:00 [super]   #154   0xbf76181d269aa6027c24ff4da5ebd70e34e011a3  prob=0.0532 (raw=0.1234)  vol=$82  trades=2  first_trade=2026-01-04 02:58  winrate=0.828  n_markets_traded=64.000  herfindahl_index_markets=0.043
10:31:00 [super]   #155   0x62764005c3f58450d21da9984f6eab56cf3c2dd9  prob=0.0532 (raw=0.1234)  vol=$33,017  trades=21  first_trade=2026-01-05 09:23  winrate=NaN  n_markets_traded=0.000  herfindahl_index_markets=0.000
10:31:00 [super]   #156   0x3b9737720264ead8e1e0e900b870d365597cd6ac  prob=0.0531 (raw=0.1232)  vol=$838  trades=3  first_trade=2026-01-06 14:11  winrate=0.000  n_markets_traded=3.000  herfindahl_index_markets=0.375
10:31:00 [super]   #157   0x6c7d00dbfa575d39b1d0b085e2ad496b629f4cc3  prob=0.0528 (raw=0.1218)  vol=$60  trades=4  first_trade=2026-01-03 17:39  winrate=0.270  n_markets_traded=37.000  herfindahl_index_markets=0.078
10:31:00 [super]   #158   0x40f461c3bf87f8b88b79145ba469466ca684b1f0  prob=0.0528 (raw=0.1217)  vol=$5  trades=4  first_trade=2026-01-04 09:41  winrate=0.000  n_markets_traded=11.000  herfindahl_index_markets=0.091
10:31:00 [super]   #159   0x6cdc600fb0befa8181ce3fefc1592a6ebf3fdce6  prob=0.0525 (raw=0.1204)  vol=$109  trades=4  first_trade=2026-01-03 22:52  winrate=0.400  n_markets_traded=5.000  herfindahl_index_markets=0.603
10:31:00 [super]   #160   0x46fb3e17bce384f588e036cfec6cad54ebd2cf68  prob=0.0525 (raw=0.1202)  vol=$26  trades=4  first_trade=2026-01-03 11:58  winrate=0.429  n_markets_traded=7.000  herfindahl_index_markets=0.189
10:31:00 [super]   #161   0x3fb4dcd51726128d8f246510903d0ba80836b099  prob=0.0525 (raw=0.1202)  vol=$279  trades=7  first_trade=2026-01-03 10:55  winrate=0.071  n_markets_traded=14.000  herfindahl_index_markets=0.190
10:31:00 [super]   #162   0x38683ef99e7d7ed7ac61094cfe9a4feed22ac4b8  prob=0.0522 (raw=0.1186)  vol=$167  trades=4  first_trade=2026-01-06 14:15  winrate=0.067  n_markets_traded=15.000  herfindahl_index_markets=0.244
10:31:00 [super]   #163   0x66abcc41e52f1d40a6983c759c9e9b7be3ad5c8d  prob=0.0521 (raw=0.1183)  vol=$4  trades=2  first_trade=2026-01-06 13:44  winrate=0.000  n_markets_traded=2.000  herfindahl_index_markets=0.722
10:31:00 [super]   #164   0xd3cde1db2900976abc2371c2df7d81962d7df288  prob=0.0520 (raw=0.1177)  vol=$16  trades=6  first_trade=2026-01-03 22:32  winrate=NaN  n_markets_traded=NaN  herfindahl_index_markets=NaN
10:31:00 [super]   #165   0xa243fead20e8d0e19a4ae77354708a7cbb65f61c  prob=0.0519 (raw=0.1174)  vol=$3  trades=6  first_trade=2026-01-04 11:42  winrate=0.111  n_markets_traded=45.000  herfindahl_index_markets=0.195
10:31:00 [super]   #166   0x67ea66f669b1df8697898a97ffcd739e8e6f165f  prob=0.0515 (raw=0.1156)  vol=$54  trades=7  first_trade=2026-01-03 19:35  winrate=0.000  n_markets_traded=1.000  herfindahl_index_markets=1.000
10:31:00 [super]   #167   0x2f3b0032f9026b4dc9c2ab5dca8bce6d0cff50e6  prob=0.0513 (raw=0.1147)  vol=$2  trades=2  first_trade=2026-01-04 08:28  winrate=0.000  n_markets_traded=2.000  herfindahl_index_markets=0.802
10:31:00 [super]   #168   0x6b17b589b89dce210097b48eedc4df28681132e2  prob=0.0512 (raw=0.1141)  vol=$1,030  trades=11  first_trade=2026-01-04 09:19  winrate=0.000  n_markets_traded=1.000  herfindahl_index_markets=1.000
10:31:00 [super]   #169   0x99e2eb98cb94d155d3e41fa86f7cf7d9a0fab7be  prob=0.0510 (raw=0.1132)  vol=$8  trades=2  first_trade=2025-12-30 12:50  winrate=0.174  n_markets_traded=131.000  herfindahl_index_markets=0.301
10:31:00 [super]   #170   0x2fd086950b24f99d58fdc1c509bc43d4cca411db  prob=0.0508 (raw=0.1123)  vol=$27  trades=6  first_trade=2026-01-03 19:08  winrate=0.585  n_markets_traded=65.000  herfindahl_index_markets=0.076
10:31:00 [super]   #171   0x3487310d525ec86464bb5e852afe34e4db7569d1  prob=0.0507 (raw=0.1114)  vol=$1,337  trades=7  first_trade=2026-01-06 12:00  winrate=0.000  n_markets_traded=2.000  herfindahl_index_markets=0.510
10:31:00 [super]   #172   0x978899cc39f644aaff64170a133191b6c2c947b1  prob=0.0507 (raw=0.1114)  vol=$362  trades=5  first_trade=2026-01-04 03:39  winrate=0.400  n_markets_traded=20.000  herfindahl_index_markets=0.133
10:31:00 [super]   #173   0x2b131cfccc094e5364f68bd2652ad0b534979f6d  prob=0.0505 (raw=0.1106)  vol=$9  trades=2  first_trade=2026-01-03 10:08  winrate=0.500  n_markets_traded=142.000  herfindahl_index_markets=0.021
10:31:00 [super]   #174   0x8859b37cba475184ca073febac74c15c89bf22c0  prob=0.0504 (raw=0.1101)  vol=$762  trades=17  first_trade=2026-01-03 20:35  winrate=0.892  n_markets_traded=37.000  herfindahl_index_markets=0.067
10:31:00 [super]   #175   0x9ba68439055d3cca929213ce08108fb76c1eee24  prob=0.0504 (raw=0.1099)  vol=$82  trades=4  first_trade=2026-01-04 02:43  winrate=0.836  n_markets_traded=67.000  herfindahl_index_markets=0.029
10:31:00 [super]   #176   0x9d56d7712fc3699e757764ce2161e8e214e3e272  prob=0.0502 (raw=0.1091)  vol=$82  trades=4  first_trade=2026-01-04 03:08  winrate=0.825  n_markets_traded=63.000  herfindahl_index_markets=0.033
10:31:00 [super]   #177   0x4e54fdc5592ba4dbf26ac04342c38b0e0bb84bc7  prob=0.0497 (raw=0.1067)  vol=$15  trades=3  first_trade=2026-01-03 11:29  winrate=0.263  n_markets_traded=19.000  herfindahl_index_markets=0.077
10:31:00 [super]   #178   0x740434c536db133c201b941ee383fbdc2ca893e1  prob=0.0496 (raw=0.1064)  vol=$13  trades=4  first_trade=2025-12-18 23:34  winrate=0.000  n_markets_traded=2.000  herfindahl_index_markets=0.500
10:31:00 [super]   #179   0x1a6da028233ddc9f3fb1809bfd7128bfe6217104  prob=0.0496 (raw=0.1061)  vol=$295  trades=7  first_trade=2025-12-28 22:22  winrate=NaN  n_markets_traded=0.000  herfindahl_index_markets=0.000
10:31:00 [super]   #180   0x5bfa0627d533e29faeac9255cd8150a444d4f779  prob=0.0495 (raw=0.1057)  vol=$37  trades=7  first_trade=2026-01-05 19:52  winrate=0.550  n_markets_traded=20.000  herfindahl_index_markets=0.105
10:31:00 [super]   #181   0x64677ef2439e839e4cc973d4954113a58375f408  prob=0.0494 (raw=0.1052)  vol=$401  trades=25  first_trade=2026-01-03 12:41  winrate=0.290  n_markets_traded=93.000  herfindahl_index_markets=0.019
10:31:00 [super]   #182   0xf4b3e8bf8bfd25e101251cff25fd15537040af09  prob=0.0491 (raw=0.1038)  vol=$321  trades=3  first_trade=2026-01-05 05:50  winrate=0.000  n_markets_traded=2.000  herfindahl_index_markets=0.592
10:31:00 [super]   #183   0x51bb05dc3150eaa5dd9353ac52cdd346252674ce  prob=0.0488 (raw=0.1021)  vol=$730  trades=6  first_trade=2026-01-04 20:15  winrate=0.000  n_markets_traded=1.000  herfindahl_index_markets=1.000
10:31:00 [super]   #184   0x16313e999ddba26c1d61aea4fabbbc661a839be5  prob=0.0483 (raw=0.0999)  vol=$30  trades=2  first_trade=2026-01-06 14:43  winrate=0.000  n_markets_traded=1.000  herfindahl_index_markets=1.000
10:31:00 [super]   #185   0xf02f1afab02432f1be4df881b7253c0c27e7ff23  prob=0.0483 (raw=0.0996)  vol=$263  trades=2  first_trade=2026-01-05 06:12  winrate=0.523  n_markets_traded=195.000  herfindahl_index_markets=0.034
10:31:00 [super]   #186   0x8c75c76f3193b32a86c87fda4597cef95e75f00a  prob=0.0483 (raw=0.0996)  vol=$82  trades=3  first_trade=2026-01-04 03:13  winrate=0.825  n_markets_traded=63.000  herfindahl_index_markets=0.033
10:31:00 [super]   #187   0xc777dc03ddf042839d5762fe75ea37a2fa7d0c7b  prob=0.0482 (raw=0.0991)  vol=$18  trades=8  first_trade=2026-01-04 03:15  winrate=0.000  n_markets_traded=1.000  herfindahl_index_markets=1.000
10:31:00 [super]   #188   0x6ce9434fbada23a10855d615775b70bfdbd5af21  prob=0.0479 (raw=0.0978)  vol=$82  trades=3  first_trade=2026-01-04 02:38  winrate=0.812  n_markets_traded=69.000  herfindahl_index_markets=0.029
10:31:00 [super]   #189   0xf7aea6ef9d9d5a099db37dbf22cb3b93435a1cce  prob=0.0479 (raw=0.0975)  vol=$19  trades=4  first_trade=2026-01-03 23:53  winrate=NaN  n_markets_traded=0.000  herfindahl_index_markets=0.000
10:31:00 [super]   #190   0x1e3366e16481dd5545e588ad5d47bb1e1afccef8  prob=0.0479 (raw=0.0974)  vol=$133  trades=9  first_trade=2026-01-03 07:45  winrate=0.227  n_markets_traded=22.000  herfindahl_index_markets=0.383
10:31:00 [super]   #191   0x9023e0c52912268833a39ff8579c7405d9d2b310  prob=0.0479 (raw=0.0974)  vol=$254  trades=6  first_trade=2026-01-04 09:30  winrate=0.000  n_markets_traded=9.000  herfindahl_index_markets=0.158
10:31:00 [super]   #192   0x77b78870fdc659f31eba4ea4e949c28d13d05459  prob=0.0478 (raw=0.0971)  vol=$2  trades=2  first_trade=2026-01-03 22:00  winrate=0.200  n_markets_traded=5.000  herfindahl_index_markets=0.287
10:31:00 [super]   #193   0x2883baa2fab91d9c229fd41f01f9926358f6ba01  prob=0.0475 (raw=0.0956)  vol=$7  trades=2  first_trade=2026-01-03 23:04  winrate=0.000  n_markets_traded=4.000  herfindahl_index_markets=0.390
10:31:00 [super]   #194   0x4f48cf649351e6642e371a5c2d9a8f90662c640c  prob=0.0475 (raw=0.0956)  vol=$1  trades=2  first_trade=2026-01-03 21:43  winrate=0.524  n_markets_traded=62.000  herfindahl_index_markets=0.370
10:31:00 [super]   #195   0x03c73b7f70ae3c8118a57a43846aa2dd65c58874  prob=0.0473 (raw=0.0948)  vol=$3  trades=3  first_trade=2026-01-03 10:38  winrate=0.384  n_markets_traded=212.000  herfindahl_index_markets=0.090
10:31:00 [super]   #196   0xf37dff6a04dfc4789858880326e31e00bef916e2  prob=0.0472 (raw=0.0940)  vol=$18  trades=4  first_trade=2026-01-04 05:37  winrate=0.200  n_markets_traded=5.000  herfindahl_index_markets=0.397
10:31:00 [super]   #197   0x55d0c13d016624e4b816ea561efd5062b4d1f655  prob=0.0471 (raw=0.0935)  vol=$2,015  trades=78  first_trade=2026-01-03 14:54  winrate=NaN  n_markets_traded=0.000  herfindahl_index_markets=0.000
10:31:00 [super]   #198   0xfd1b2ab74a9f0706d10f4f8a81276272a6ff650b  prob=0.0471 (raw=0.0934)  vol=$13  trades=3  first_trade=2026-01-03 20:29  winrate=0.026  n_markets_traded=39.000  herfindahl_index_markets=0.055
10:31:00 [super]   #199   0x20275a9ab620f052e90a43dc4a7eee486cae6d60  prob=0.0470 (raw=0.0931)  vol=$330  trades=5  first_trade=2026-01-05 23:21  winrate=0.505  n_markets_traded=215.000  herfindahl_index_markets=0.026
10:31:00 [super]   #200   0xc426c1337e066a4eb8205dd7182063ce5201dec6  prob=0.0470 (raw=0.0930)  vol=$923  trades=16  first_trade=2026-01-03 10:25  winrate=0.750  n_markets_traded=8.000  herfindahl_index_markets=0.178
10:31:00 [super]   #201   0xd6873bcdba8b929ced02cca3a171da10141ca024  prob=0.0469 (raw=0.0926)  vol=$15  trades=4  first_trade=2026-01-03 22:18  winrate=0.200  n_markets_traded=5.000  herfindahl_index_markets=0.277
10:31:00 [super]   #202   0xf48cf735c3148d85b99bd58e4e28bbe95f9c40bc  prob=0.0469 (raw=0.0926)  vol=$118  trades=3  first_trade=2026-01-03 22:26  winrate=0.000  n_markets_traded=1.000  herfindahl_index_markets=1.000
10:31:00 [super]   #203   0x2522be934098cc6f885b4e294292e043c1d69714  prob=0.0469 (raw=0.0923)  vol=$3  trades=4  first_trade=2026-01-04 06:38  winrate=0.000  n_markets_traded=4.000  herfindahl_index_markets=0.308
10:31:00 [super]   #204   0xcbaab27be6db7dd9e022f3a8f7cfec3efc544ea3  prob=0.0469 (raw=0.0923)  vol=$4  trades=4  first_trade=2026-01-04 06:37  winrate=0.000  n_markets_traded=4.000  herfindahl_index_markets=0.308
10:31:00 [super]   #205   0x576315d31495f237c216fb1973794838e6111c22  prob=0.0469 (raw=0.0922)  vol=$415  trades=12  first_trade=2026-01-03 19:40  winrate=0.704  n_markets_traded=54.000  herfindahl_index_markets=0.065
10:31:00 [super]   #206   0x3e5ef9f6da4e5b09c6122e5e6dd42df8f6c0bf98  prob=0.0468 (raw=0.0922)  vol=$2,445  trades=57  first_trade=2026-01-03 19:35  winrate=0.000  n_markets_traded=12.000  herfindahl_index_markets=0.191
10:31:00 [super]   #207   0x7897fadaa1941032d26fe094fab8b8f1f7924239  prob=0.0468 (raw=0.0920)  vol=$4,750  trades=26  first_trade=2026-01-03 07:11  winrate=0.506  n_markets_traded=245.000  herfindahl_index_markets=0.078
10:31:00 [super]   #208   0xec5fe39930b0b3b91e5f331927422d4ba2b72a90  prob=0.0468 (raw=0.0918)  vol=$51  trades=3  first_trade=2026-01-04 05:51  winrate=0.000  n_markets_traded=2.000  herfindahl_index_markets=0.722
10:31:00 [super]   #209   0x99be994dc951ed1b3ec670a1fb31bd8cbeb32d79  prob=0.0467 (raw=0.0914)  vol=$82  trades=2  first_trade=2026-01-04 03:11  winrate=0.825  n_markets_traded=63.000  herfindahl_index_markets=0.033
10:31:00 [super]   #210   0x68f62856923bca368474665eed0a6628ed2cfa32  prob=0.0467 (raw=0.0912)  vol=$87  trades=4  first_trade=2026-01-04 05:44  winrate=0.000  n_markets_traded=1.000  herfindahl_index_markets=1.000
10:31:00 [super]   #211   0x6000f729d8ad9eee8d1dcdeed998f7bef3617ad7  prob=0.0466 (raw=0.0911)  vol=$82  trades=2  first_trade=2026-01-04 02:41  winrate=0.826  n_markets_traded=69.000  herfindahl_index_markets=0.029
10:31:00 [super]   #212   0x4a6b0cb16bea54a4c7b53c69f8c1565b0bac3ac1  prob=0.0465 (raw=0.0902)  vol=$4  trades=4  first_trade=2026-01-03 23:03  winrate=0.000  n_markets_traded=18.000  herfindahl_index_markets=0.142
10:31:00 [super]   #213   0xa6477dee1c4ac566922af344a6e5947031d6d77d  prob=0.0463 (raw=0.0895)  vol=$32  trades=2  first_trade=2025-12-28 23:15  winrate=0.402  n_markets_traded=331.000  herfindahl_index_markets=0.013
10:31:00 [super]   #214   0xf9bf37d7120e17a716d1fc9805ef52b9758f129f  prob=0.0462 (raw=0.0889)  vol=$82  trades=3  first_trade=2026-01-04 02:40  winrate=0.845  n_markets_traded=71.000  herfindahl_index_markets=0.029
10:31:00 [super]   #215   0x8ee895217ae106d0210f9d059115e818b1115451  prob=0.0462 (raw=0.0888)  vol=$177  trades=8  first_trade=2026-01-05 10:05  winrate=0.000  n_markets_traded=3.000  herfindahl_index_markets=0.884
10:31:00 [super]   #216   0xf5289763a5b57084d78e2e33fd1af2714efc4441  prob=0.0461 (raw=0.0884)  vol=$29  trades=1  first_trade=2025-12-28 23:00  winrate=0.409  n_markets_traded=215.000  herfindahl_index_markets=0.033
10:31:00 [super]   #217   0x8224112c5a264e2ae057bbb0f57936b146810749  prob=0.0461 (raw=0.0884)  vol=$82  trades=3  first_trade=2026-01-04 03:04  winrate=0.841  n_markets_traded=63.000  herfindahl_index_markets=0.033
10:31:00 [super]   #218   0x6d107f77276d589da5734b673fbd4ab4fcc13c0d  prob=0.0461 (raw=0.0883)  vol=$90  trades=3  first_trade=2026-01-06 16:00  winrate=0.000  n_markets_traded=3.000  herfindahl_index_markets=0.333
10:31:00 [super]   #219   0xdbe868cda6490f303ae941fa56a49302dc384ab2  prob=0.0461 (raw=0.0882)  vol=$82  trades=3  first_trade=2026-01-04 02:45  winrate=0.848  n_markets_traded=66.000  herfindahl_index_markets=0.033
10:31:00 [super]   #220   0x0d5d7a454fd3760fb213109644668dba12e78bb6  prob=0.0461 (raw=0.0881)  vol=$41  trades=2  first_trade=2026-01-06 13:41  winrate=0.000  n_markets_traded=2.000  herfindahl_index_markets=0.501
10:31:00 [super]   #221   0xaa92ebc16679cf98ed83e18719db4c8d5508cda4  prob=0.0460 (raw=0.0875)  vol=$4  trades=2  first_trade=2026-01-03 09:52  winrate=0.316  n_markets_traded=75.000  herfindahl_index_markets=0.066
10:31:00 [super]   #222   0x868001372a71bc7b2fc69691b5ff993fb856e9cd  prob=0.0459 (raw=0.0874)  vol=$11  trades=4  first_trade=2026-01-05 01:01  winrate=0.118  n_markets_traded=17.000  herfindahl_index_markets=0.373
10:31:00 [super]   #223   0x9f075c32df94d40d1447081a170e093a8c416885  prob=0.0459 (raw=0.0872)  vol=$82  trades=3  first_trade=2026-01-04 02:43  winrate=0.841  n_markets_traded=69.000  herfindahl_index_markets=0.029
10:31:00 [super]   #224   0x2ab2d3e0c47c5c7d047ca3a8749292acc075676e  prob=0.0458 (raw=0.0867)  vol=$8  trades=3  first_trade=2026-01-03 10:55  winrate=0.560  n_markets_traded=25.000  herfindahl_index_markets=0.316
10:31:00 [super]   #225   0xd3e3f209d9701a981e196bc297d2b5a5211467dc  prob=0.0458 (raw=0.0864)  vol=$23  trades=1  first_trade=2026-01-03 10:01  winrate=0.646  n_markets_traded=48.000  herfindahl_index_markets=0.065
10:31:00 [super]   #226   0x0092d4e12829042d90f0b3e545b6483ac4bb5533  prob=0.0458 (raw=0.0864)  vol=$4  trades=4  first_trade=2026-01-03 20:06  winrate=0.389  n_markets_traded=18.000  herfindahl_index_markets=0.323
10:31:00 [super]   #227   0x3a2edbfbcb9113af32bbcf880f3e2efac1a5e1b2  prob=0.0457 (raw=0.0864)  vol=$1,816  trades=9  first_trade=2026-01-03 09:42  winrate=0.000  n_markets_traded=16.000  herfindahl_index_markets=0.124
10:31:00 [super]   #228   0x10d81a330e7836e96e8e4e52c8e021fae0269f12  prob=0.0457 (raw=0.0861)  vol=$31  trades=1  first_trade=2025-12-28 23:07  winrate=0.330  n_markets_traded=212.000  herfindahl_index_markets=0.017
10:31:00 [super]   #229   0xbb973d5df32a2b6a44ef7530a37a7dbabfd3fa0e  prob=0.0457 (raw=0.0860)  vol=$8  trades=2  first_trade=2026-01-03 18:53  winrate=0.504  n_markets_traded=131.000  herfindahl_index_markets=0.009
10:31:00 [super]   #230   0xebfa16d9e70c95a82095153b9061d154bf59510e  prob=0.0456 (raw=0.0854)  vol=$85  trades=4  first_trade=2026-01-04 18:01  winrate=0.000  n_markets_traded=1.000  herfindahl_index_markets=1.000
10:31:00 [super]   #231   0x53267f54e9d4f8f840a79941c96db09b192b1d99  prob=0.0456 (raw=0.0854)  vol=$453  trades=15  first_trade=2026-01-03 15:07  winrate=0.154  n_markets_traded=13.000  herfindahl_index_markets=0.145
10:31:00 [super]   #232   0x2271538fa10e57e113289d10073bf4f0691b589e  prob=0.0455 (raw=0.0852)  vol=$2  trades=2  first_trade=2026-01-03 11:54  winrate=0.243  n_markets_traded=190.000  herfindahl_index_markets=0.013
10:31:00 [super]   #233   0x4688a3222d224307506bb63169706bedab1f6f23  prob=0.0454 (raw=0.0848)  vol=$82  trades=2  first_trade=2026-01-04 02:43  winrate=0.836  n_markets_traded=67.000  herfindahl_index_markets=0.029
10:31:00 [super]   #234   0x38f6a1a8ed289984c6261cd4857da995c6e2bd4c  prob=0.0454 (raw=0.0846)  vol=$4  trades=4  first_trade=2026-01-04 15:10  winrate=0.000  n_markets_traded=2.000  herfindahl_index_markets=0.677
10:31:00 [super]   #235   0x254face2589bd322676aeb299c93464e17517581  prob=0.0454 (raw=0.0846)  vol=$486  trades=10  first_trade=2026-01-03 19:43  winrate=0.000  n_markets_traded=17.000  herfindahl_index_markets=0.553
10:31:00 [super]   #236   0x05de95141b60e2ab16cad2ad939aef41598146a0  prob=0.0453 (raw=0.0841)  vol=$82  trades=2  first_trade=2026-01-04 02:45  winrate=0.848  n_markets_traded=66.000  herfindahl_index_markets=0.035
10:31:00 [super]   #237   0xabfc9f238883271809b0b366d4d7a29f8985a646  prob=0.0453 (raw=0.0838)  vol=$10  trades=3  first_trade=2026-01-03 15:06  winrate=0.286  n_markets_traded=27.000  herfindahl_index_markets=0.056
10:31:00 [super]   #238   0x18730de9df8cd8e3378007b694d34365f830506f  prob=0.0452 (raw=0.0832)  vol=$82  trades=2  first_trade=2026-01-04 02:44  winrate=0.853  n_markets_traded=68.000  herfindahl_index_markets=0.031
10:31:00 [super]   #239   0xf80458a3720d132bc3c9f05dd29897ec8d301b6a  prob=0.0451 (raw=0.0831)  vol=$60  trades=4  first_trade=2026-01-04 16:05  winrate=0.000  n_markets_traded=1.000  herfindahl_index_markets=1.000
10:31:00 [super]   #240   0x8d3e2bee589a8a5e80b3ec4c5b21129e1d25ce1c  prob=0.0451 (raw=0.0828)  vol=$15  trades=2  first_trade=2026-01-04 04:02  winrate=0.000  n_markets_traded=5.000  herfindahl_index_markets=0.298
10:31:00 [super]   #241   0x72a868a457907488d3389001053bcdcea159c016  prob=0.0451 (raw=0.0828)  vol=$13  trades=2  first_trade=2026-01-03 19:57  winrate=NaN  n_markets_traded=0.000  herfindahl_index_markets=0.000
10:31:00 [super]   #242   0x79add3f87e377b0899b935472c07d2c3816ba9f1  prob=0.0451 (raw=0.0826)  vol=$136  trades=1  first_trade=2026-01-04 14:53  winrate=0.642  n_markets_traded=251.000  herfindahl_index_markets=0.035
10:31:00 [super]   #243   0x25dffa066f749be88653e2940eb24162d3b86fff  prob=0.0450 (raw=0.0821)  vol=$200  trades=2  first_trade=2026-01-03 23:38  winrate=0.283  n_markets_traded=42.000  herfindahl_index_markets=0.161
10:31:00 [super]   #244   0xaec38658ae47a6aabe8839f40e6d7da7996222df  prob=0.0448 (raw=0.0815)  vol=$42  trades=4  first_trade=2026-01-03 15:13  winrate=NaN  n_markets_traded=0.000  herfindahl_index_markets=0.000
10:31:00 [super]   #245   0x1baf1c0d2cf0c24a5482f29d259e9649bdbd6574  prob=0.0448 (raw=0.0811)  vol=$7  trades=2  first_trade=2026-01-04 00:13  winrate=0.000  n_markets_traded=1.000  herfindahl_index_markets=1.000
10:31:00 [super]   #246   0x809a7c7f2821e541fd03ee32929b5bb8e85ff315  prob=0.0447 (raw=0.0809)  vol=$14  trades=1  first_trade=2025-12-28 21:55  winrate=0.352  n_markets_traded=227.000  herfindahl_index_markets=0.012
10:31:00 [super]   #247   0x3da68f3fb49857914c0c1e962c1fbdcc45baeccd  prob=0.0447 (raw=0.0807)  vol=$20  trades=2  first_trade=2026-01-04 01:25  winrate=0.000  n_markets_traded=1.000  herfindahl_index_markets=1.000
10:31:00 [super]   #248   0x86cd93526a4e7ad201ed3d1c6f2647b61837504c  prob=0.0447 (raw=0.0805)  vol=$24,195  trades=71  first_trade=2026-01-04 04:12  winrate=NaN  n_markets_traded=0.000  herfindahl_index_markets=0.000
10:31:00 [super]   #249   0x6ffed561d0763df32f6f06779b42d82678744071  prob=0.0447 (raw=0.0804)  vol=$1,071  trades=27  first_trade=2026-01-04 08:25  winrate=0.000  n_markets_traded=6.000  herfindahl_index_markets=0.815
10:31:00 [super]   #250   0x81f06f7e8cdaee970649db94ea0e6c0c5d58a149  prob=0.0446 (raw=0.0803)  vol=$58  trades=3  first_trade=2026-01-03 14:31  winrate=0.369  n_markets_traded=279.000  herfindahl_index_markets=0.027
10:31:00 [super]   #251   0xa83e100324690ff83be3699a8e6cfd2ab3c5ee22  prob=0.0446 (raw=0.0802)  vol=$50  trades=1  first_trade=2026-01-03 09:47  winrate=0.286  n_markets_traded=7.000  herfindahl_index_markets=0.608
10:31:00 [super]   #252   0xd18703825204ceb430817c5a31b4d38b261b42f0  prob=0.0446 (raw=0.0800)  vol=$8  trades=4  first_trade=2026-01-04 01:24  winrate=0.000  n_markets_traded=3.000  herfindahl_index_markets=0.355
10:31:00 [super]   #253   0xbc8b133a584da89525bb0a646745aaadfd310d98  prob=0.0445 (raw=0.0796)  vol=$344  trades=11  first_trade=2026-01-04 03:35  winrate=0.125  n_markets_traded=8.000  herfindahl_index_markets=0.364
10:31:00 [super]   #254   0x33e23d8e5d3239e5b0060b4bf1ca1b0c5cadfc87  prob=0.0445 (raw=0.0796)  vol=$82  trades=2  first_trade=2026-01-04 03:02  winrate=0.846  n_markets_traded=65.000  herfindahl_index_markets=0.032
10:31:00 [super]   #255   0x73c505a2bc3e34fbd2de68ce3ca5304551c71fdb  prob=0.0444 (raw=0.0792)  vol=$39  trades=2  first_trade=2026-01-04 18:08  winrate=0.000  n_markets_traded=2.000  herfindahl_index_markets=0.504
10:31:00 [super]   #256   0x88136bbd276862acbf2340b74f9ad86f39b3d9b6  prob=0.0444 (raw=0.0790)  vol=$59  trades=2  first_trade=2026-01-05 01:14  winrate=0.000  n_markets_traded=3.000  herfindahl_index_markets=0.483
10:31:00 [super]   #257   0xaa8761dd20e713c757ff60662d5492f881dee68a  prob=0.0444 (raw=0.0789)  vol=$82  trades=2  first_trade=2026-01-04 02:55  winrate=0.831  n_markets_traded=65.000  herfindahl_index_markets=0.032
10:31:00 [super]   #258   0xa16741cf3bcdacef9efa65a35dae2dc6e2fe729e  prob=0.0444 (raw=0.0789)  vol=$51  trades=5  first_trade=2026-01-03 15:49  winrate=0.375  n_markets_traded=32.000  herfindahl_index_markets=0.092
10:31:00 [super]   #259   0x13c048c6696544d4708f57a15d81e5763c6b4567  prob=0.0444 (raw=0.0788)  vol=$12  trades=4  first_trade=2026-01-03 21:48  winrate=0.000  n_markets_traded=1.000  herfindahl_index_markets=1.000
10:31:00 [super]   #260   0x688cb607644a46bcd0f22aacd2f03e489c17354b  prob=0.0444 (raw=0.0788)  vol=$2  trades=2  first_trade=2026-01-03 23:45  winrate=0.000  n_markets_traded=1.000  herfindahl_index_markets=1.000
10:31:00 [super]   #261   0x9e9ebe90fb8fc60c34c68192239e81fd0d08f03d  prob=0.0443 (raw=0.0785)  vol=$875  trades=2  first_trade=2026-01-06 15:15  winrate=0.000  n_markets_traded=2.000  herfindahl_index_markets=0.607
10:31:00 [super]   #262   0xc3d41e9534b1fc0fccb35b711b62a9d26257ca86  prob=0.0443 (raw=0.0783)  vol=$8  trades=2  first_trade=2026-01-03 10:35  winrate=0.197  n_markets_traded=76.000  herfindahl_index_markets=0.039
10:31:00 [super]   #263   0x39c61f2362692e84b2f420cf29cd2d46b0042d82  prob=0.0442 (raw=0.0779)  vol=$3  trades=2  first_trade=2026-01-04 13:27  winrate=0.000  n_markets_traded=1.000  herfindahl_index_markets=1.000
10:31:00 [super]   #264   0x01f3b62246005e1388d89a8fabc9a578ee130496  prob=0.0442 (raw=0.0778)  vol=$75  trades=3  first_trade=2026-01-06 17:15  winrate=0.000  n_markets_traded=7.000  herfindahl_index_markets=0.213
10:31:00 [super]   #265   0x5556a0d1a0c0c327ccc75a0e9bf248146be33cd2  prob=0.0441 (raw=0.0774)  vol=$46  trades=19  first_trade=2026-01-04 20:39  winrate=0.357  n_markets_traded=28.000  herfindahl_index_markets=0.073
10:31:00 [super]   #266   0xb6597f91fc68a74f694a0c368d39aee77d01f56e  prob=0.0441 (raw=0.0773)  vol=$3  trades=1  first_trade=2026-01-06 09:09  winrate=0.000  n_markets_traded=2.000  herfindahl_index_markets=0.504
10:31:00 [super]   #267   0x5b2b0d3e65b2c4488e43b0dfc281352dab4caf8a  prob=0.0441 (raw=0.0772)  vol=$3  trades=4  first_trade=2026-01-04 19:56  winrate=0.000  n_markets_traded=8.000  herfindahl_index_markets=0.201
10:31:00 [super]   #268   0xfda926d1312e6bab75c97d74bd6a8fc64a8d6ef4  prob=0.0441 (raw=0.0772)  vol=$2,747  trades=12  first_trade=2026-01-04 04:46  winrate=0.000  n_markets_traded=2.000  herfindahl_index_markets=0.500
10:31:00 [super]   #269   0x6b5fc1f7e8b3ef75a492188f56471ea1d04fef57  prob=0.0440 (raw=0.0767)  vol=$464  trades=8  first_trade=2026-01-04 17:22  winrate=0.286  n_markets_traded=7.000  herfindahl_index_markets=0.206
10:31:00 [super]   #270   0xf60f7aaca90c0c5fd9b86fdf278dca5a7fb4f17c  prob=0.0439 (raw=0.0763)  vol=$80  trades=3  first_trade=2026-01-04 21:48  winrate=0.000  n_markets_traded=5.000  herfindahl_index_markets=0.498
10:31:00 [super]   #271   0x9d12d54266643f08e660281a08e044627569bdf6  prob=0.0439 (raw=0.0763)  vol=$731  trades=6  first_trade=2026-01-03 20:05  winrate=0.485  n_markets_traded=437.000  herfindahl_index_markets=0.015
10:31:00 [super]   #272   0x8191ffcf169b91d2ba4e228565485a46736ea81e  prob=0.0439 (raw=0.0762)  vol=$3  trades=2  first_trade=2026-01-03 15:53  winrate=0.000  n_markets_traded=3.000  herfindahl_index_markets=0.469
10:31:00 [super]   #273   0x5642a385eeb87fc2f5b7687ddd90534bdee25a12  prob=0.0437 (raw=0.0752)  vol=$20  trades=3  first_trade=2026-01-03 13:16  winrate=0.000  n_markets_traded=7.000  herfindahl_index_markets=0.241
10:31:00 [super]   #274   0x726800c9e6a8a499bd0f4270ac719b2eed86614a  prob=0.0437 (raw=0.0749)  vol=$140  trades=4  first_trade=2026-01-04 06:50  winrate=0.351  n_markets_traded=61.000  herfindahl_index_markets=0.319
10:31:00 [super]   #275   0x7f5ea6d4d17a4cbde5fb4cc61ce9db1031f82ca6  prob=0.0436 (raw=0.0747)  vol=$3  trades=2  first_trade=2026-01-03 22:53  winrate=0.000  n_markets_traded=4.000  herfindahl_index_markets=0.250
10:31:00 [super]   #276   0x37cc62b2de5b4df5c1b41b92db55014195fbdc59  prob=0.0434 (raw=0.0733)  vol=$82  trades=3  first_trade=2026-01-04 03:00  winrate=0.846  n_markets_traded=65.000  herfindahl_index_markets=0.032
10:31:00 [super]   #277   0xd26dfb188693e4dccca82147417fecee61c46774  prob=0.0432 (raw=0.0724)  vol=$30  trades=15  first_trade=2026-01-03 22:22  winrate=0.375  n_markets_traded=8.000  herfindahl_index_markets=0.205
10:31:00 [super]   #278   0xa89a3c309a924402ebb2b33a43a51e35ed2378e2  prob=0.0432 (raw=0.0724)  vol=$26  trades=3  first_trade=2026-01-04 00:57  winrate=0.136  n_markets_traded=22.000  herfindahl_index_markets=0.108
10:31:00 [super]   #279   0x1e063920149ecaec6c818954a4efeecf90bf710f  prob=0.0432 (raw=0.0722)  vol=$45  trades=3  first_trade=2026-01-04 21:19  winrate=0.000  n_markets_traded=7.000  herfindahl_index_markets=0.192
10:31:00 [super]   #280   0x23bc2e839c34e3bef7fb20c0905503168037b03d  prob=0.0431 (raw=0.0719)  vol=$68  trades=2  first_trade=2026-01-04 21:55  winrate=0.000  n_markets_traded=4.000  herfindahl_index_markets=0.325
10:31:00 [super]   #281   0xdde7f1e4a512e483f822000ae246fd8f5a19ca8b  prob=0.0431 (raw=0.0717)  vol=$19  trades=5  first_trade=2025-12-19 08:39  winrate=0.207  n_markets_traded=58.000  herfindahl_index_markets=0.220
10:31:00 [super]   #282   0xf33127c103d03c4083686d70a71944be2846303a  prob=0.0430 (raw=0.0712)  vol=$52  trades=11  first_trade=2026-01-04 18:50  winrate=0.261  n_markets_traded=23.000  herfindahl_index_markets=0.312
10:31:00 [super]   #283   0xbf7f70dc9ce2324b8d33d266605bd769e6190cad  prob=0.0428 (raw=0.0703)  vol=$37  trades=1  first_trade=2026-01-04 00:03  winrate=0.258  n_markets_traded=62.000  herfindahl_index_markets=0.050
10:31:00 [super]   #284   0x9b8bfb253899f13d35f38a05cab3622d6013713b  prob=0.0428 (raw=0.0703)  vol=$84  trades=4  first_trade=2026-01-03 13:38  winrate=0.348  n_markets_traded=154.000  herfindahl_index_markets=0.015
10:31:00 [super]   #285   0x9ae1ad6ba8987749553723c876903e227b8d8566  prob=0.0427 (raw=0.0697)  vol=$2  trades=2  first_trade=2026-01-03 19:29  winrate=0.000  n_markets_traded=2.000  herfindahl_index_markets=0.500
10:31:00 [super]   #286   0xc5e6250906f3a43348374632092a64ee2cf22d79  prob=0.0426 (raw=0.0691)  vol=$188  trades=7  first_trade=2026-01-03 17:50  winrate=NaN  n_markets_traded=0.000  herfindahl_index_markets=0.000
10:31:00 [super]   #287   0x0ce57613f51aac67d712550ff3e8d03468246b6e  prob=0.0426 (raw=0.0690)  vol=$44  trades=2  first_trade=2026-01-03 20:14  winrate=0.000  n_markets_traded=4.000  herfindahl_index_markets=0.363
10:31:00 [super]   #288   0x297ccd5faf6d3e2b03bdbb16e1ef404d18d671f3  prob=0.0425 (raw=0.0686)  vol=$333  trades=10  first_trade=2026-01-04 07:32  winrate=0.000  n_markets_traded=9.000  herfindahl_index_markets=0.166
10:31:00 [super]   #289   0x068ef66418dfc476e254c8b48573b42a131d0b4f  prob=0.0425 (raw=0.0685)  vol=$4  trades=4  first_trade=2026-01-04 06:39  winrate=0.200  n_markets_traded=5.000  herfindahl_index_markets=0.210
10:31:00 [super]   #290   0xb64cea7069496208be06e563e955a34ad1f9c768  prob=0.0425 (raw=0.0683)  vol=$48  trades=4  first_trade=2025-12-23 16:36  winrate=0.062  n_markets_traded=16.000  herfindahl_index_markets=0.455
10:31:00 [super]   #291   0x987e76034c14f07a1d720ec73c293488e394990d  prob=0.0425 (raw=0.0681)  vol=$132  trades=4  first_trade=2025-12-19 05:52  winrate=0.214  n_markets_traded=14.000  herfindahl_index_markets=0.189
10:31:00 [super]   #292   0x74e6c1260ac5448c00eb63e1f6894ecd090c99e8  prob=0.0424 (raw=0.0680)  vol=$4  trades=2  first_trade=2026-01-04 11:14  winrate=0.535  n_markets_traded=91.000  herfindahl_index_markets=0.051
10:31:00 [super]   #293   0x9c65b20003964e28f02723e6677c1c4e470d845d  prob=0.0424 (raw=0.0676)  vol=$10  trades=2  first_trade=2026-01-03 17:53  winrate=0.432  n_markets_traded=504.000  herfindahl_index_markets=0.007
10:31:00 [super]   #294   0x69970eb0eecfecddb9fd2693a094bccc68472c17  prob=0.0423 (raw=0.0671)  vol=$82  trades=3  first_trade=2026-01-04 02:53  winrate=0.828  n_markets_traded=64.000  herfindahl_index_markets=0.033
10:31:00 [super]   #295   0xaaa72038193cf0a9ce4bbd1b4ea4a530f9ccccc1  prob=0.0422 (raw=0.0667)  vol=$8  trades=8  first_trade=2026-01-03 10:27  winrate=0.132  n_markets_traded=76.000  herfindahl_index_markets=0.167
10:31:00 [super]   #296   0x57e70e9a15a47b31fd89c1a9fe3d4d11401984e9  prob=0.0422 (raw=0.0665)  vol=$6  trades=7  first_trade=2026-01-02 07:19  winrate=NaN  n_markets_traded=NaN  herfindahl_index_markets=NaN
10:31:00 [super]   #297   0x295347a4c2c1c42d72a614eaf7055c646a462ed5  prob=0.0422 (raw=0.0663)  vol=$20  trades=2  first_trade=2026-01-03 09:54  winrate=NaN  n_markets_traded=0.000  herfindahl_index_markets=0.000
10:31:00 [super]   #298   0x8b064348c3f30260fc46cfe782d744e33786ffec  prob=0.0421 (raw=0.0658)  vol=$3  trades=2  first_trade=2026-01-04 09:21  winrate=0.577  n_markets_traded=26.000  herfindahl_index_markets=0.104
10:31:00 [super]   #299   0x6d11c32423fecb32dfaa19fe73246dd2913f1b6d  prob=0.0421 (raw=0.0658)  vol=$11  trades=16  first_trade=2026-01-04 23:02  winrate=0.421  n_markets_traded=19.000  herfindahl_index_markets=0.102
10:31:00 [super]   #300   0x77e577312c594b8a3b72c9e34d73c27bdb88ac0f  prob=0.0419 (raw=0.0651)  vol=$22  trades=5  first_trade=2026-01-06 13:20  winrate=0.417  n_markets_traded=12.000  herfindahl_index_markets=0.125
10:31:00 [super]   #301   0x0c97325a81ad05c6b58ae30d12eaaec1b8451b68  prob=0.0419 (raw=0.0650)  vol=$3,455  trades=11  first_trade=2026-01-03 11:49  winrate=NaN  n_markets_traded=0.000  herfindahl_index_markets=0.000
10:31:00 [super]   #302   0xc6aa9611f3c830eaa9099fd0262edaf1bc6d04f5  prob=0.0419 (raw=0.0649)  vol=$3  trades=2  first_trade=2026-01-04 08:10  winrate=0.000  n_markets_traded=7.000  herfindahl_index_markets=0.160
10:31:00 [super]   #303   0xdc8d49e3317dab913726f10c75a6dff742c784bc  prob=0.0419 (raw=0.0646)  vol=$9,648  trades=80  first_trade=2026-01-03 14:01  winrate=NaN  n_markets_traded=0.000  herfindahl_index_markets=0.000
10:31:00 [super]   #304   0xbb28c9fe405ba620041ef89390648e93f72674f4  prob=0.0419 (raw=0.0646)  vol=$251  trades=2  first_trade=2025-12-19 06:11  winrate=0.375  n_markets_traded=16.000  herfindahl_index_markets=0.101
10:31:00 [super]   #305   0x16aa35b344c64786da215a653baf2b12c2b15336  prob=0.0418 (raw=0.0641)  vol=$4  trades=4  first_trade=2026-01-04 02:24  winrate=0.000  n_markets_traded=4.000  herfindahl_index_markets=0.278
10:31:00 [super]   #306   0xcfbd688c31cd75b58a19af09e8b2ff31264c17c9  prob=0.0418 (raw=0.0640)  vol=$1,856  trades=8  first_trade=2025-12-19 05:52  winrate=0.412  n_markets_traded=17.000  herfindahl_index_markets=0.102
10:31:00 [super]   #307   0xe762cff9f9de55dbff51657c457650b729d67346  prob=0.0416 (raw=0.0631)  vol=$40  trades=2  first_trade=2026-01-05 06:36  winrate=0.354  n_markets_traded=99.000  herfindahl_index_markets=0.051
10:31:00 [super]   #308   0x16176cfb3b8ca348b9e0c8e158524cedd9c8ec98  prob=0.0416 (raw=0.0629)  vol=$49  trades=2  first_trade=2025-12-28 22:59  winrate=0.295  n_markets_traded=278.000  herfindahl_index_markets=0.009
10:31:00 [super]   #309   0x0f06571ae912dd5f619872c096f9b7601c7cadd9  prob=0.0415 (raw=0.0623)  vol=$193  trades=7  first_trade=2026-01-04 00:59  winrate=0.167  n_markets_traded=18.000  herfindahl_index_markets=0.216
10:31:00 [super]   #310   0xaba769c25074421233df52d9a0da018332be8ff1  prob=0.0413 (raw=0.0616)  vol=$3  trades=1  first_trade=2026-01-04 20:14  winrate=0.586  n_markets_traded=572.000  herfindahl_index_markets=0.009
10:31:00 [super]   #311   0xacc4b4a2f1732f22be893802792dee0bf13dcf86  prob=0.0413 (raw=0.0615)  vol=$1  trades=4  first_trade=2026-01-06 12:04  winrate=0.231  n_markets_traded=13.000  herfindahl_index_markets=0.115
10:31:00 [super]   #312   0x149dee5d2b1386b7af2bb72c9b380547b16c8d63  prob=0.0412 (raw=0.0610)  vol=$907  trades=6  first_trade=2026-01-05 12:53  winrate=NaN  n_markets_traded=0.000  herfindahl_index_markets=0.000
10:31:00 [super]   #313   0x1890e70b8fbcad771e7b4ec5c6586888076a2969  prob=0.0412 (raw=0.0610)  vol=$17  trades=3  first_trade=2026-01-03 19:52  winrate=0.000  n_markets_traded=1.000  herfindahl_index_markets=1.000
10:31:00 [super]   #314   0x5e8b2e8608c9c5ec09b1e9c9123709527ea5ba9f  prob=0.0412 (raw=0.0608)  vol=$5  trades=2  first_trade=2026-01-03 08:35  winrate=NaN  n_markets_traded=NaN  herfindahl_index_markets=NaN
10:31:00 [super]   #315   0xdfd67b99b6a4697c331b13383a3274e25c4e4fa5  prob=0.0412 (raw=0.0608)  vol=$5  trades=2  first_trade=2026-01-04 09:40  winrate=NaN  n_markets_traded=NaN  herfindahl_index_markets=NaN
10:31:00 [super]   #316   0x9e590ab09efc0848e7a11141b895469175499770  prob=0.0412 (raw=0.0607)  vol=$29  trades=2  first_trade=2026-01-03 19:13  winrate=0.000  n_markets_traded=4.000  herfindahl_index_markets=0.365
10:31:00 [super]   #317   0x3d62602393b18f79038921f61fdf5b132d738b08  prob=0.0412 (raw=0.0606)  vol=$26  trades=1  first_trade=2026-01-05 03:56  winrate=0.000  n_markets_traded=7.000  herfindahl_index_markets=0.340
10:31:00 [super]   #318   0x7c71d9856eed70dbf449815b0b0da372f1495cdb  prob=0.0411 (raw=0.0605)  vol=$2  trades=2  first_trade=2026-01-06 17:53  winrate=0.222  n_markets_traded=9.000  herfindahl_index_markets=0.371
10:31:00 [super]   #319   0xca5de445af10ff913214427b64f58476f2e167e9  prob=0.0411 (raw=0.0604)  vol=$6  trades=2  first_trade=2025-12-21 04:24  winrate=0.000  n_markets_traded=4.000  herfindahl_index_markets=0.250
10:31:00 [super]   #320   0xf21d9230697323d83b41b2d11ddb65e6d3e2cbcd  prob=0.0410 (raw=0.0597)  vol=$20  trades=3  first_trade=2026-01-04 00:26  winrate=0.714  n_markets_traded=7.000  herfindahl_index_markets=0.156
10:31:00 [super]   #321   0x26dd67e0f5ff20c7a0300b1ec96ae523e62752a6  prob=0.0410 (raw=0.0597)  vol=$295  trades=6  first_trade=2026-01-04 20:12  winrate=0.200  n_markets_traded=5.000  herfindahl_index_markets=0.226
10:31:00 [super]   #322   0xb0ba5c67366b081a92558daa05ead0b7cc78b3f9  prob=0.0410 (raw=0.0594)  vol=$527  trades=15  first_trade=2026-01-03 23:55  winrate=0.537  n_markets_traded=82.000  herfindahl_index_markets=0.040
10:31:00 [super]   #323   0xc580ec3064c6f8ec4253bbaa6951785c1870bcd9  prob=0.0409 (raw=0.0588)  vol=$125  trades=2  first_trade=2026-01-06 11:57  winrate=0.333  n_markets_traded=6.000  herfindahl_index_markets=0.410
10:31:00 [super]   #324   0x4b8c617a2b55ea6dc570f551858d2957f3e426fd  prob=0.0408 (raw=0.0585)  vol=$316  trades=2  first_trade=2025-12-19 06:11  winrate=0.143  n_markets_traded=21.000  herfindahl_index_markets=0.113
10:31:00 [super]   #325   0x98280008676100afc849a8e3d70e0090f0b99ca5  prob=0.0407 (raw=0.0578)  vol=$82  trades=2  first_trade=2026-01-04 02:44  winrate=0.848  n_markets_traded=66.000  herfindahl_index_markets=0.032
10:31:00 [super]   #326   0x5026217426511ec8018f8db7901527c3f4fefa96  prob=0.0406 (raw=0.0573)  vol=$26  trades=2  first_trade=2026-01-04 23:32  winrate=0.000  n_markets_traded=5.000  herfindahl_index_markets=0.291
10:31:00 [super]   #327   0x11179dcb0314f28ab6f8dfc2cc67f76d9c672922  prob=0.0406 (raw=0.0572)  vol=$33  trades=2  first_trade=2026-01-04 20:04  winrate=0.304  n_markets_traded=46.000  herfindahl_index_markets=0.045
10:31:00 [super]   #328   0xf1913fc3b07d69dc32980a70074324fef106a826  prob=0.0406 (raw=0.0571)  vol=$7  trades=2  first_trade=2026-01-05 11:20  winrate=0.456  n_markets_traded=102.000  herfindahl_index_markets=0.035
10:31:00 [super]   #329   0x54f2fab01471b41048433cebedc23239803d55d9  prob=0.0405 (raw=0.0566)  vol=$213  trades=2  first_trade=2025-12-19 06:15  winrate=0.118  n_markets_traded=17.000  herfindahl_index_markets=0.096
10:31:00 [super]   #330   0x8b848fcd84a1dfb6d056ea135f39bb3f95b85061  prob=0.0405 (raw=0.0564)  vol=$1  trades=3  first_trade=2025-12-22 02:16  winrate=0.444  n_markets_traded=223.000  herfindahl_index_markets=0.018
10:31:00 [super]   #331   0xc851cd9bee7d262afd78674f861f9f576a12cd2a  prob=0.0404 (raw=0.0562)  vol=$33,628  trades=74  first_trade=2026-01-04 11:21  winrate=NaN  n_markets_traded=0.000  herfindahl_index_markets=0.000
10:31:00 [super]   #332   0xb30f2f3cf67478cdbbf43fa3ed1a1992d95efd40  prob=0.0404 (raw=0.0561)  vol=$243  trades=44  first_trade=2026-01-04 22:49  winrate=0.111  n_markets_traded=9.000  herfindahl_index_markets=0.149
10:31:00 [super]   #333   0xe08a21a73be391374131fe323df9d01c9c054618  prob=0.0404 (raw=0.0557)  vol=$798  trades=4  first_trade=2026-01-06 11:01  winrate=0.778  n_markets_traded=18.000  herfindahl_index_markets=0.107
10:31:00 [super]   #334   0x8469a01e1da7f0640fe830a6cb758d604ffbebcf  prob=0.0403 (raw=0.0555)  vol=$21  trades=4  first_trade=2026-01-03 18:28  winrate=0.056  n_markets_traded=18.000  herfindahl_index_markets=0.191
10:31:00 [super]   #335   0x5fa10859f827d16fb3dd798b712be30525812be3  prob=0.0403 (raw=0.0554)  vol=$17  trades=4  first_trade=2026-01-04 00:07  winrate=0.583  n_markets_traded=12.000  herfindahl_index_markets=0.404
10:31:00 [super]   #336   0xe2daacf7238349851019238517c98d2f722174e3  prob=0.0402 (raw=0.0549)  vol=$28  trades=5  first_trade=2026-01-03 08:00  winrate=NaN  n_markets_traded=0.000  herfindahl_index_markets=0.000
10:31:00 [super]   #337   0x4c80a219bbdd28dfb0234dd37056cdbf2daf9b99  prob=0.0402 (raw=0.0549)  vol=$132  trades=7  first_trade=2026-01-04 05:45  winrate=0.000  n_markets_traded=3.000  herfindahl_index_markets=0.630
10:31:00 [super]   #338   0x5a484e2a29e34da33316983682c9807e03e5d2c7  prob=0.0402 (raw=0.0546)  vol=$10  trades=4  first_trade=2026-01-03 21:31  winrate=0.000  n_markets_traded=11.000  herfindahl_index_markets=0.106
10:31:00 [super]   #339   0xfed8da7b7510df22ea3a66148513134430a553e8  prob=0.0402 (raw=0.0545)  vol=$5  trades=2  first_trade=2026-01-04 06:04  winrate=0.000  n_markets_traded=2.000  herfindahl_index_markets=0.556
10:31:00 [super]   #340   0x04b4f55bea2478a02af3fb239cb7fca50f4a8d0b  prob=0.0401 (raw=0.0541)  vol=$961  trades=35  first_trade=2026-01-04 19:39  winrate=NaN  n_markets_traded=0.000  herfindahl_index_markets=0.000
10:31:00 [super]   #341   0x5f9f30522cfd9b6094fe8294ade1a6646cd3c934  prob=0.0400 (raw=0.0538)  vol=$38  trades=6  first_trade=2026-01-04 11:42  winrate=0.527  n_markets_traded=468.000  herfindahl_index_markets=0.005
10:31:00 [super]   #342   0xf1ef8705e9f63c790c6fffd6329aea7011718cd6  prob=0.0400 (raw=0.0534)  vol=$1,480  trades=3  first_trade=2026-01-06 04:47  winrate=NaN  n_markets_traded=0.000  herfindahl_index_markets=0.000
10:31:00 [super]   #343   0xec1b593845c8fee6bb7adc98f362a56d8830aed9  prob=0.0399 (raw=0.0532)  vol=$67  trades=6  first_trade=2026-01-03 06:46  winrate=0.200  n_markets_traded=5.000  herfindahl_index_markets=0.324
10:31:00 [super]   #344   0xd31cc5d6e12130f2a03d3def1acb4e52fe127424  prob=0.0399 (raw=0.0532)  vol=$269  trades=3  first_trade=2026-01-04 03:55  winrate=NaN  n_markets_traded=0.000  herfindahl_index_markets=0.000
10:31:00 [super]   #345   0x240df23b3ab64117bcb7e0eab093071feec4a928  prob=0.0399 (raw=0.0531)  vol=$148  trades=3  first_trade=2026-01-03 23:45  winrate=0.316  n_markets_traded=38.000  herfindahl_index_markets=0.035
10:31:00 [super]   #346   0x943bc4933e560a8a70e79578696275c020d61225  prob=0.0399 (raw=0.0530)  vol=$5  trades=2  first_trade=2026-01-06 01:35  winrate=0.472  n_markets_traded=53.000  herfindahl_index_markets=0.028
10:31:00 [super]   #347   0xb09fb2408a5efc16d9ff29e7b0e1b705e8f18ede  prob=0.0399 (raw=0.0529)  vol=$6  trades=4  first_trade=2026-01-04 06:20  winrate=0.111  n_markets_traded=18.000  herfindahl_index_markets=0.063
10:31:00 [super]   #348   0x302aa57f26461d47a60a563ce03980686b38519e  prob=0.0399 (raw=0.0527)  vol=$1,017  trades=31  first_trade=2026-01-04 00:27  winrate=0.474  n_markets_traded=38.000  herfindahl_index_markets=0.071
10:31:00 [super]   #349   0x20322d5ab3ce70a98ef4c484c62a94147217d577  prob=0.0399 (raw=0.0527)  vol=$1,472  trades=21  first_trade=2026-01-04 05:27  winrate=0.590  n_markets_traded=214.000  herfindahl_index_markets=0.029
10:31:00 [super]   #350   0xa72aa09e0377b68615e00b6dd1db0c3edb0193fd  prob=0.0398 (raw=0.0526)  vol=$153  trades=4  first_trade=2026-01-03 14:21  winrate=0.000  n_markets_traded=16.000  herfindahl_index_markets=0.205
10:31:00 [super]   #351   0x4a82a2e16734dbdddf7166ffd052eac4d092c113  prob=0.0398 (raw=0.0525)  vol=$21,255  trades=249  first_trade=2026-01-04 05:00  winrate=0.250  n_markets_traded=8.000  herfindahl_index_markets=0.292
10:31:00 [super]   #352   0xac24bb00fc0030d25f94be095cd8c0322fbf99c2  prob=0.0398 (raw=0.0523)  vol=$5  trades=4  first_trade=2026-01-03 19:40  winrate=0.468  n_markets_traded=126.000  herfindahl_index_markets=0.016
10:31:00 [super]   #353   0xeeb1ede6052eef8c829b8e30309441fba3febf68  prob=0.0397 (raw=0.0519)  vol=$363  trades=5  first_trade=2026-01-03 10:27  winrate=0.400  n_markets_traded=254.000  herfindahl_index_markets=0.020
10:31:00 [super]   #354   0xd9a4c0f839ab56212a53681e7f615f4f39b4dc37  prob=0.0397 (raw=0.0519)  vol=$14  trades=2  first_trade=2026-01-03 14:08  winrate=0.000  n_markets_traded=8.000  herfindahl_index_markets=0.132
10:31:00 [super]   #355   0xc3bd1b94194a6bec32122253652dc44c8e122bf8  prob=0.0397 (raw=0.0518)  vol=$13  trades=6  first_trade=2026-01-05 19:49  winrate=0.000  n_markets_traded=3.000  herfindahl_index_markets=0.783
10:31:00 [super]   #356   0xb365f19a39e95c0d954a48f1f1b234d26ae33fe3  prob=0.0396 (raw=0.0511)  vol=$200  trades=11  first_trade=2026-01-03 06:21  winrate=0.200  n_markets_traded=5.000  herfindahl_index_markets=0.323
10:31:00 [super]   #357   0x4d9c9f146f441c95e894664ff3b9570f800156fa  prob=0.0396 (raw=0.0511)  vol=$60  trades=1  first_trade=2026-01-04 09:49  winrate=0.561  n_markets_traded=148.000  herfindahl_index_markets=0.043
10:31:00 [super]   #358   0x510d2aa6e34264ace7f550d802d063f2b4bbe87f  prob=0.0396 (raw=0.0510)  vol=$70  trades=16  first_trade=2026-01-04 20:35  winrate=0.312  n_markets_traded=77.000  herfindahl_index_markets=0.042
10:31:00 [super]   #359   0xfa323e40632edca701abc6c8cf1f82175909bd9a  prob=0.0395 (raw=0.0504)  vol=$1,965  trades=7  first_trade=2026-01-05 06:16  winrate=NaN  n_markets_traded=0.000  herfindahl_index_markets=0.000
10:31:00 [super]   #360   0xfb58c599ff37478c7cc5f6022d130842a49fa935  prob=0.0394 (raw=0.0501)  vol=$52  trades=3  first_trade=2026-01-04 05:56  winrate=0.250  n_markets_traded=4.000  herfindahl_index_markets=0.252
10:31:00 [super]   #361   0x6565aae65489b31a332732a21d0d7c3c7fc54255  prob=0.0394 (raw=0.0498)  vol=$468  trades=6  first_trade=2026-01-03 23:11  winrate=NaN  n_markets_traded=0.000  herfindahl_index_markets=0.000
10:31:00 [super]   #362   0x55e043c26a793cd10169f383014897b4a7311858  prob=0.0394 (raw=0.0498)  vol=$2  trades=2  first_trade=2026-01-05 10:17  winrate=0.438  n_markets_traded=16.000  herfindahl_index_markets=0.076
10:31:00 [super]   #363   0x1f418674da8e189566f13adca84c49f80e2d5ff5  prob=0.0393 (raw=0.0495)  vol=$149  trades=6  first_trade=2026-01-03 12:12  winrate=0.545  n_markets_traded=22.000  herfindahl_index_markets=0.076
10:31:00 [super]   #364   0x46099d36aaba973b9dc4561f57cfca8950ead621  prob=0.0393 (raw=0.0494)  vol=$4  trades=2  first_trade=2026-01-04 19:42  winrate=0.167  n_markets_traded=6.000  herfindahl_index_markets=0.263
10:31:00 [super]   #365   0xf4a4eab0af4fa0c94ffcc05b9df184edb4193117  prob=0.0393 (raw=0.0493)  vol=$171  trades=8  first_trade=2026-01-06 14:12  winrate=NaN  n_markets_traded=0.000  herfindahl_index_markets=0.000
10:31:00 [super]   #366   0xaedf3b63291b58df85458ebd50ad9fbc28ce2da9  prob=0.0393 (raw=0.0493)  vol=$16  trades=3  first_trade=2026-01-04 09:33  winrate=0.536  n_markets_traded=55.000  herfindahl_index_markets=0.039
10:31:00 [super]   #367   0xc90b9e341ccf2458a205ee33108a542e88d2b0a3  prob=0.0393 (raw=0.0492)  vol=$7  trades=2  first_trade=2026-01-03 23:06  winrate=0.000  n_markets_traded=10.000  herfindahl_index_markets=0.166
10:31:00 [super]   #368   0x726fd81c6bc1bb55f12e4eb47f90f82bcf9d887f  prob=0.0393 (raw=0.0491)  vol=$4  trades=2  first_trade=2026-01-05 06:05  winrate=0.509  n_markets_traded=332.000  herfindahl_index_markets=0.012
10:31:00 [super]   #369   0xfe9339e4eca140c1a16f94a52b5cde4d29768d0e  prob=0.0392 (raw=0.0489)  vol=$7  trades=3  first_trade=2026-01-03 09:29  winrate=NaN  n_markets_traded=0.000  herfindahl_index_markets=0.000
10:31:00 [super]   #370   0x09789b8b51146babd57e3e33b9376f3496f800e6  prob=0.0392 (raw=0.0489)  vol=$155  trades=8  first_trade=2026-01-03 19:14  winrate=0.664  n_markets_traded=238.000  herfindahl_index_markets=0.026
10:31:00 [super]   #371   0xeb7ac05db809923229e63c43031cb75b6b96734b  prob=0.0392 (raw=0.0487)  vol=$3  trades=2  first_trade=2026-01-04 08:17  winrate=0.000  n_markets_traded=2.000  herfindahl_index_markets=0.500
10:31:00 [super]   #372   0x2c55621871b5cedb336bc509dd93e61568f6dbb9  prob=0.0392 (raw=0.0486)  vol=$920  trades=9  first_trade=2026-01-03 11:49  winrate=0.531  n_markets_traded=29.000  herfindahl_index_markets=0.136
10:31:00 [super]   #373   0x585217296c6bdb707eaa83319578cf861b7ae664  prob=0.0391 (raw=0.0479)  vol=$48  trades=7  first_trade=2026-01-03 13:19  winrate=0.231  n_markets_traded=13.000  herfindahl_index_markets=0.172
10:31:00 [super]   #374   0xfcddffd92e51a87ae00820ee6542d0029357b038  prob=0.0390 (raw=0.0472)  vol=$376  trades=12  first_trade=2026-01-05 09:03  winrate=0.216  n_markets_traded=37.000  herfindahl_index_markets=0.275
10:31:00 [super]   #375   0x9718a6c5ba3912dbaaf539c73082716d8f2d05f6  prob=0.0389 (raw=0.0469)  vol=$1,858  trades=21  first_trade=2026-01-03 10:32  winrate=0.250  n_markets_traded=12.000  herfindahl_index_markets=0.257
10:31:00 [super]   #376   0xd90359935b920ba2229832ddb9b9e237544727e7  prob=0.0389 (raw=0.0468)  vol=$171  trades=6  first_trade=2026-01-04 18:02  winrate=0.457  n_markets_traded=35.000  herfindahl_index_markets=0.094
10:31:00 [super]   #377   0x068ead41efdbfd66926dd09d28cc38a49b261bc5  prob=0.0388 (raw=0.0464)  vol=$13  trades=4  first_trade=2026-01-04 00:42  winrate=0.295  n_markets_traded=44.000  herfindahl_index_markets=0.037
10:31:00 [super]   #378   0xbb367a2efe42af3d9cb9839ddadb43de100f9575  prob=0.0388 (raw=0.0463)  vol=$41  trades=2  first_trade=2026-01-04 01:15  winrate=0.000  n_markets_traded=2.000  herfindahl_index_markets=0.680
10:31:00 [super]   #379   0x3b6de3ba61cfd5916f04286a5834fc15573ddfa5  prob=0.0388 (raw=0.0462)  vol=$683  trades=19  first_trade=2026-01-04 22:53  winrate=0.778  n_markets_traded=9.000  herfindahl_index_markets=0.220
10:31:00 [super]   #380   0x3add7458f6f680d749d4960517543dfe1867511f  prob=0.0388 (raw=0.0459)  vol=$137  trades=7  first_trade=2026-01-03 10:42  winrate=0.690  n_markets_traded=40.000  herfindahl_index_markets=0.072
10:31:00 [super]   #381   0xc3dd1b0ac0acc325820aa3c825ce73ad110657b2  prob=0.0388 (raw=0.0459)  vol=$6  trades=2  first_trade=2026-01-06 01:47  winrate=NaN  n_markets_traded=0.000  herfindahl_index_markets=0.000
10:31:00 [super]   #382   0x5d05b1f588780423488a09d9aefeb64df54d6320  prob=0.0388 (raw=0.0459)  vol=$334  trades=7  first_trade=2026-01-03 20:30  winrate=NaN  n_markets_traded=0.000  herfindahl_index_markets=0.000
10:31:00 [super]   #383   0x4e84ce1599d3d0272932a729c2a3310b734bef69  prob=0.0387 (raw=0.0456)  vol=$358  trades=23  first_trade=2025-12-21 08:17  winrate=NaN  n_markets_traded=0.000  herfindahl_index_markets=0.000
10:31:00 [super]   #384   0x9b5f254909ee735f252fbdc6035eae463fb3e37d  prob=0.0387 (raw=0.0455)  vol=$13  trades=6  first_trade=2026-01-04 22:56  winrate=0.333  n_markets_traded=48.000  herfindahl_index_markets=0.075
10:31:00 [super]   #385   0x2e617f2cb474acaba820030e4819fe92148519bd  prob=0.0387 (raw=0.0455)  vol=$2,164  trades=31  first_trade=2026-01-03 09:42  winrate=NaN  n_markets_traded=0.000  herfindahl_index_markets=0.000
10:31:00 [super]   #386   0xa6f68bb9e6e0beb48297f9e239ebbe592a4dc85f  prob=0.0387 (raw=0.0454)  vol=$29  trades=4  first_trade=2026-01-03 08:43  winrate=0.321  n_markets_traded=28.000  herfindahl_index_markets=0.200
10:31:00 [super]   #387   0x5ee1fe6fbece52fe0e9fd9a779308db8a6a92dae  prob=0.0386 (raw=0.0450)  vol=$42  trades=4  first_trade=2026-01-06 01:08  winrate=0.133  n_markets_traded=15.000  herfindahl_index_markets=0.111
10:31:00 [super]   #388   0xb602d0bc1ea29228f01d5f8c2e1094be36c76100  prob=0.0386 (raw=0.0447)  vol=$9  trades=2  first_trade=2026-01-03 20:02  winrate=0.161  n_markets_traded=31.000  herfindahl_index_markets=0.111
10:31:00 [super]   #389   0x2eeb776eda584e32f7850a8681a8f461f223bd84  prob=0.0386 (raw=0.0447)  vol=$8,152  trades=25  first_trade=2026-01-03 15:31  winrate=0.857  n_markets_traded=21.000  herfindahl_index_markets=0.060
10:31:00 [super]   #390   0x5ba56a1ca86e7f8d57b225b47ad57c09d08bddd2  prob=0.0385 (raw=0.0445)  vol=$3  trades=4  first_trade=2026-01-05 03:10  winrate=0.421  n_markets_traded=38.000  herfindahl_index_markets=0.046
10:31:00 [super]   #391   0xab6016a95c57300500923ce328e4901b6526ac53  prob=0.0385 (raw=0.0444)  vol=$10  trades=2  first_trade=2026-01-05 12:57  winrate=NaN  n_markets_traded=0.000  herfindahl_index_markets=0.000
10:31:00 [super]   #392   0x79d797317f5a68c308b38400fd96b28bcf474d2a  prob=0.0385 (raw=0.0444)  vol=$268  trades=11  first_trade=2026-01-03 13:51  winrate=0.333  n_markets_traded=39.000  herfindahl_index_markets=0.210
10:31:00 [super]   #393   0xe7387473b067235436884d16799777cf279edf65  prob=0.0385 (raw=0.0442)  vol=$6,785  trades=50  first_trade=2026-01-04 03:47  winrate=NaN  n_markets_traded=0.000  herfindahl_index_markets=0.000
10:31:00 [super]   #394   0x911e1a61c592cf88599b706c8aee4b44a9441f44  prob=0.0385 (raw=0.0442)  vol=$943  trades=22  first_trade=2026-01-03 12:40  winrate=0.000  n_markets_traded=6.000  herfindahl_index_markets=0.258
10:31:00 [super]   #395   0xe98408f34dc0f76706c2e90fc9f3b8508a2cbd74  prob=0.0385 (raw=0.0441)  vol=$16  trades=2  first_trade=2026-01-04 23:03  winrate=0.000  n_markets_traded=5.000  herfindahl_index_markets=0.229
10:31:00 [super]   #396   0x238008a60475fb866486fffa39bca62677341406  prob=0.0385 (raw=0.0440)  vol=$2  trades=2  first_trade=2025-12-19 09:49  winrate=0.111  n_markets_traded=9.000  herfindahl_index_markets=0.111
10:31:00 [super]   #397   0x92d3e5dfc185243704b70ec261464d5265f617ad  prob=0.0385 (raw=0.0440)  vol=$321  trades=6  first_trade=2026-01-06 09:09  winrate=0.293  n_markets_traded=92.000  herfindahl_index_markets=0.095
10:31:00 [super]   #398   0x216bcf196e87b14646c93ad6c34b521adab2d6d6  prob=0.0384 (raw=0.0438)  vol=$40  trades=3  first_trade=2026-01-03 23:12  winrate=0.000  n_markets_traded=12.000  herfindahl_index_markets=0.198
10:31:00 [super]   #399   0xe562cfbf7b3292e0deb29a5b8fd3c38af4794fa9  prob=0.0384 (raw=0.0436)  vol=$217  trades=13  first_trade=2026-01-04 00:29  winrate=NaN  n_markets_traded=0.000  herfindahl_index_markets=0.000
10:31:00 [super]   #400   0x981e775f3b2decc3494a5427adcd7cbb6eb3d368  prob=0.0384 (raw=0.0436)  vol=$2,696  trades=8  first_trade=2025-12-19 06:11  winrate=0.316  n_markets_traded=19.000  herfindahl_index_markets=0.090
10:31:00 [super]   #401   0xb51b3beffd13cde071ed799e70a7b0b598e8b4d9  prob=0.0384 (raw=0.0436)  vol=$233  trades=10  first_trade=2026-01-04 15:17  winrate=NaN  n_markets_traded=0.000  herfindahl_index_markets=0.000
10:31:00 [super]   #402   0x13f91126071f001794e8ec27a80fbea225a841c6  prob=0.0384 (raw=0.0434)  vol=$4  trades=6  first_trade=2026-01-04 23:03  winrate=0.392  n_markets_traded=97.000  herfindahl_index_markets=0.033
10:31:00 [super]   #403   0x9d6286a4e5e7e24a3da490bcc4ba62e40cbafdda  prob=0.0383 (raw=0.0432)  vol=$7  trades=3  first_trade=2026-01-03 08:00  winrate=0.517  n_markets_traded=29.000  herfindahl_index_markets=0.120
10:31:00 [super]   #404   0x56e3de5d4e06fea0c19f4029cdbda6959bbc521c  prob=0.0383 (raw=0.0431)  vol=$10  trades=2  first_trade=2026-01-04 09:40  winrate=0.703  n_markets_traded=615.000  herfindahl_index_markets=0.010
10:31:00 [super]   #405   0x9aeb534c42b58b21673d5e03e9da14fbd15b2729  prob=0.0383 (raw=0.0430)  vol=$347  trades=8  first_trade=2026-01-03 10:00  winrate=NaN  n_markets_traded=0.000  herfindahl_index_markets=0.000
10:31:00 [super]   #406   0x5baa69fd1b13dbf83b5d5f0e52607ea32e2c0ec6  prob=0.0382 (raw=0.0426)  vol=$15  trades=2  first_trade=2025-12-19 08:10  winrate=0.375  n_markets_traded=24.000  herfindahl_index_markets=0.096
10:31:00 [super]   #407   0x075bc31a1566a10c9af05f1c5ff3018a58112d9e  prob=0.0382 (raw=0.0425)  vol=$15  trades=2  first_trade=2026-01-05 11:34  winrate=0.585  n_markets_traded=82.000  herfindahl_index_markets=0.029
10:31:00 [super]   #408   0xd464f94ee43cb773e8d7ee869c66763358072706  prob=0.0381 (raw=0.0419)  vol=$20  trades=3  first_trade=2026-01-04 10:23  winrate=0.800  n_markets_traded=5.000  herfindahl_index_markets=0.294
10:31:00 [super]   #409   0x36da5ca5d1d4b79f1c2ebbb09be8c13834568218  prob=0.0381 (raw=0.0418)  vol=$7,388  trades=66  first_trade=2026-01-03 14:29  winrate=0.236  n_markets_traded=48.000  herfindahl_index_markets=0.078
10:31:00 [super]   #410   0xdb5e6eb872eab67715450c0001721e4e45b97a0b  prob=0.0381 (raw=0.0416)  vol=$4  trades=2  first_trade=2026-01-03 21:26  winrate=0.188  n_markets_traded=64.000  herfindahl_index_markets=0.061
10:31:00 [super]   #411   0xe2cbebf87bb390594db5312e6384dc8a066eea82  prob=0.0381 (raw=0.0414)  vol=$15  trades=2  first_trade=2026-01-04 20:24  winrate=0.486  n_markets_traded=68.000  herfindahl_index_markets=0.031
10:31:00 [super]   #412   0xcff404e91205db2b4ceaa802e8a2360e0379d53c  prob=0.0380 (raw=0.0413)  vol=$26  trades=2  first_trade=2026-01-04 00:56  winrate=0.636  n_markets_traded=11.000  herfindahl_index_markets=0.137
10:31:00 [super]   #413   0x951deb42f26e7e3580ebd98e93a96c60306cf79f  prob=0.0380 (raw=0.0412)  vol=$59  trades=11  first_trade=2026-01-03 09:21  winrate=0.251  n_markets_traded=271.000  herfindahl_index_markets=0.016
10:31:00 [super]   #414   0xd5714cfbbd3c139a76650fd6271a20a3db14be26  prob=0.0380 (raw=0.0410)  vol=$18  trades=4  first_trade=2026-01-03 10:47  winrate=0.438  n_markets_traded=16.000  herfindahl_index_markets=0.162
10:31:00 [super]   #415   0xa880b3ebd00a3416751166d5807772123ced1522  prob=0.0380 (raw=0.0408)  vol=$84  trades=6  first_trade=2026-01-04 04:34  winrate=0.615  n_markets_traded=13.000  herfindahl_index_markets=0.156
10:31:00 [super]   #416   0x245b7a8edbb8e22e9a998511b43ebaa61e6dd6be  prob=0.0379 (raw=0.0404)  vol=$379  trades=42  first_trade=2026-01-03 09:37  winrate=0.397  n_markets_traded=405.000  herfindahl_index_markets=0.019
10:31:00 [super]   #417   0xf8a72ca42a0a5824cde2beee8df26faa8e1d6fa3  prob=0.0378 (raw=0.0400)  vol=$3,094  trades=2  first_trade=2026-01-06 10:46  winrate=0.600  n_markets_traded=12.000  herfindahl_index_markets=0.225
10:31:00 [super]   #418   0xac67d8e2489339d8fe8934a23580aa2cee8cf74c  prob=0.0378 (raw=0.0400)  vol=$10  trades=2  first_trade=2026-01-04 17:24  winrate=0.514  n_markets_traded=33.000  herfindahl_index_markets=0.052
10:31:00 [super]   #419   0x9f815e2d3138a3644ffd55f352c66d3fc609b0b7  prob=0.0378 (raw=0.0396)  vol=$20  trades=2  first_trade=2026-01-03 16:16  winrate=0.000  n_markets_traded=2.000  herfindahl_index_markets=0.500
10:31:00 [super]   #420   0xfdfe80903d12e8cd59ccc7300bfb12e6ea33e6ed  prob=0.0377 (raw=0.0393)  vol=$7  trades=6  first_trade=2026-01-03 21:38  winrate=0.487  n_markets_traded=78.000  herfindahl_index_markets=0.041
10:31:00 [super]   #421   0x347c3346f49ca6cc9b98f1fe42d6a24b8055806e  prob=0.0377 (raw=0.0390)  vol=$10  trades=10  first_trade=2026-01-04 23:02  winrate=0.382  n_markets_traded=68.000  herfindahl_index_markets=0.026
10:31:00 [super]   #422   0x0372401493324220d9d231d46e3f5943666c4914  prob=0.0377 (raw=0.0390)  vol=$10  trades=2  first_trade=2026-01-03 20:25  winrate=0.281  n_markets_traded=32.000  herfindahl_index_markets=0.127
10:31:00 [super]   #423   0x84b662c1e9c366521df895b70608ef72b7bc4a66  prob=0.0377 (raw=0.0389)  vol=$49  trades=6  first_trade=2026-01-03 20:33  winrate=0.667  n_markets_traded=15.000  herfindahl_index_markets=0.128
10:31:00 [super]   #424   0x982af7173197e33e63b2ab48bdf4fc150efff1b9  prob=0.0376 (raw=0.0388)  vol=$4  trades=4  first_trade=2026-01-03 22:16  winrate=0.100  n_markets_traded=10.000  herfindahl_index_markets=0.155
10:31:00 [super]   #425   0xaf401a39a7da36d6015def60901243a9753201a5  prob=0.0376 (raw=0.0387)  vol=$4  trades=6  first_trade=2026-01-06 04:12  winrate=0.475  n_markets_traded=217.000  herfindahl_index_markets=0.015
10:31:00 [super]   #426   0x9849f758f778393932d3d6f9135b4c27edce3603  prob=0.0376 (raw=0.0387)  vol=$94  trades=4  first_trade=2026-01-03 10:43  winrate=0.840  n_markets_traded=140.000  herfindahl_index_markets=0.043
10:31:00 [super]   #427   0x31dd350c0ddf7f5ce69732c1f330157aa493ff75  prob=0.0376 (raw=0.0386)  vol=$46  trades=10  first_trade=2026-01-04 23:46  winrate=0.333  n_markets_traded=18.000  herfindahl_index_markets=0.283
10:31:00 [super]   #428   0xd55ea2f7c1b38bfd231fac76a0f7b74511e2a07a  prob=0.0376 (raw=0.0385)  vol=$67  trades=5  first_trade=2026-01-03 15:16  winrate=0.520  n_markets_traded=25.000  herfindahl_index_markets=0.051
10:31:00 [super]   #429   0x1e44fb6d27fe3508bd349f8d8083bcd88c0b8d50  prob=0.0376 (raw=0.0383)  vol=$11  trades=2  first_trade=2026-01-04 03:07  winrate=0.506  n_markets_traded=83.000  herfindahl_index_markets=0.024
10:31:00 [super]   #430   0x37eaa826696ed89747396f47f4932bb58d2c6cb9  prob=0.0376 (raw=0.0383)  vol=$84  trades=22  first_trade=2026-01-04 04:23  winrate=NaN  n_markets_traded=0.000  herfindahl_index_markets=0.000
10:31:00 [super]   #431   0x96d93808b5626be56911fd1e4237a2613dad05d5  prob=0.0376 (raw=0.0383)  vol=$32  trades=4  first_trade=2026-01-05 10:56  winrate=NaN  n_markets_traded=0.000  herfindahl_index_markets=0.000
10:31:00 [super]   #432   0xce0e6677f036ed20adb7d11205c0b8e87854fb2e  prob=0.0375 (raw=0.0379)  vol=$223  trades=12  first_trade=2026-01-04 05:43  winrate=0.250  n_markets_traded=36.000  herfindahl_index_markets=0.100
10:31:00 [super]   #433   0xc38239ed188c2b4e73a0625e0e16eff50fd30001  prob=0.0375 (raw=0.0379)  vol=$4  trades=4  first_trade=2026-01-04 02:09  winrate=0.361  n_markets_traded=93.000  herfindahl_index_markets=0.031
10:31:00 [super]   #434   0x717ac4fd7b9c3de4f90a50a8c53d9d228dfe7272  prob=0.0374 (raw=0.0375)  vol=$186  trades=6  first_trade=2026-01-03 06:28  winrate=0.119  n_markets_traded=42.000  herfindahl_index_markets=0.192
10:31:00 [super]   #435   0x07fa8d9898286e400fccba20f81838add28fa5b9  prob=0.0374 (raw=0.0374)  vol=$2  trades=2  first_trade=2026-01-03 21:42  winrate=0.581  n_markets_traded=30.000  herfindahl_index_markets=0.053
10:31:00 [super]   #436   0x00a5e30c07744566265141f6ac6d60645f2db286  prob=0.0374 (raw=0.0373)  vol=$2  trades=2  first_trade=2026-01-06 17:17  winrate=0.143  n_markets_traded=7.000  herfindahl_index_markets=0.156
10:31:00 [super]   #437   0x24e43b6aadd79c2ab38c06b5294cf28b452860fc  prob=0.0374 (raw=0.0370)  vol=$13  trades=2  first_trade=2026-01-04 16:05  winrate=0.400  n_markets_traded=10.000  herfindahl_index_markets=0.232
10:31:00 [super]   #438   0xbbc3d969bcca3a9981fffeafdec067c950c1b91f  prob=0.0374 (raw=0.0369)  vol=$143  trades=2  first_trade=2026-01-06 11:42  winrate=0.030  n_markets_traded=33.000  herfindahl_index_markets=0.035
10:31:00 [super]   #439   0x0509d64aac136cbc253b7e208e4bacfe6c786e98  prob=0.0373 (raw=0.0368)  vol=$9,924  trades=285  first_trade=2026-01-03 21:11  winrate=NaN  n_markets_traded=0.000  herfindahl_index_markets=0.000
10:31:00 [super]   #440   0x0764e60776113f9b43cb3c3723253723b8c16e11  prob=0.0373 (raw=0.0368)  vol=$11  trades=2  first_trade=2026-01-06 12:49  winrate=0.467  n_markets_traded=23.000  herfindahl_index_markets=0.080
10:31:00 [super]   #441   0x540d6b0e4d8bb938af8a60ff57e5f0c233fce665  prob=0.0373 (raw=0.0367)  vol=$20  trades=2  first_trade=2026-01-04 22:00  winrate=0.436  n_markets_traded=39.000  herfindahl_index_markets=0.048
10:31:00 [super]   #442   0xbd2f8dd5dd2fa5bf9abd1c9f7aef0c312ccd06a3  prob=0.0373 (raw=0.0367)  vol=$3  trades=4  first_trade=2026-01-03 21:06  winrate=0.500  n_markets_traded=20.000  herfindahl_index_markets=0.096
10:31:00 [super]   #443   0x24b3ce2d581825b29ac31275fb16a1ab0d98b3d2  prob=0.0373 (raw=0.0366)  vol=$4  trades=2  first_trade=2026-01-04 03:34  winrate=0.400  n_markets_traded=5.000  herfindahl_index_markets=0.221
10:31:00 [super]   #444   0x27c936074a4356133c9ba604ce9fd890931f65f9  prob=0.0373 (raw=0.0366)  vol=$5  trades=4  first_trade=2026-01-03 11:06  winrate=0.091  n_markets_traded=22.000  herfindahl_index_markets=0.258
10:31:00 [super]   #445   0xca8f0374e3fc79b485499cc0b038d4f7e783d963  prob=0.0373 (raw=0.0365)  vol=$4  trades=3  first_trade=2025-12-30 22:27  winrate=NaN  n_markets_traded=0.000  herfindahl_index_markets=0.000
10:31:00 [super]   #446   0x16efc6cabd093d5d9197fcd98c120472cfa22ffa  prob=0.0373 (raw=0.0364)  vol=$2  trades=2  first_trade=2026-01-04 13:18  winrate=0.000  n_markets_traded=8.000  herfindahl_index_markets=0.125
10:31:00 [super]   #447   0xfb47312f0f02c2b4cfc3f03c7e98a7ee18485323  prob=0.0373 (raw=0.0364)  vol=$2  trades=2  first_trade=2026-01-05 12:37  winrate=0.500  n_markets_traded=10.000  herfindahl_index_markets=0.100
10:31:00 [super]   #448   0xb47e879bb07d0541b8f277957df33f9a1d09c824  prob=0.0373 (raw=0.0363)  vol=$769  trades=6  first_trade=2025-12-19 05:52  winrate=0.267  n_markets_traded=15.000  herfindahl_index_markets=0.113
10:31:00 [super]   #449   0xdfe3fac64decc42acf07d46180366439cb3bdd24  prob=0.0373 (raw=0.0363)  vol=$18  trades=3  first_trade=2026-01-04 15:39  winrate=0.182  n_markets_traded=33.000  herfindahl_index_markets=0.076
10:31:00 [super]   #450   0xbf1d62f6a3f20275e56312763c16d3a53c7c95de  prob=0.0372 (raw=0.0361)  vol=$94  trades=5  first_trade=2026-01-04 21:39  winrate=0.000  n_markets_traded=30.000  herfindahl_index_markets=0.058
10:31:00 [super]   #451   0x7f855dd2f62f46a6cb48620e1fc138f5ddf58693  prob=0.0372 (raw=0.0358)  vol=$73  trades=12  first_trade=2025-12-19 01:41  winrate=0.204  n_markets_traded=138.000  herfindahl_index_markets=0.071
10:31:00 [super]   #452   0x17424b9d090c19fb321dfb3e0e380c8a91f41693  prob=0.0371 (raw=0.0355)  vol=$4  trades=2  first_trade=2026-01-05 11:02  winrate=0.533  n_markets_traded=15.000  herfindahl_index_markets=0.075
10:31:00 [super]   #453   0x78b15ce19b862bf037b35a14b8b4053b04d2f58f  prob=0.0371 (raw=0.0355)  vol=$36  trades=4  first_trade=2026-01-03 19:59  winrate=0.433  n_markets_traded=120.000  herfindahl_index_markets=0.017
10:31:00 [super]   #454   0x0e101ddbeb565f81c8e3901440d1ca06d383291e  prob=0.0371 (raw=0.0354)  vol=$9  trades=1  first_trade=2026-01-04 02:41  winrate=0.425  n_markets_traded=445.000  herfindahl_index_markets=0.012
10:31:00 [super]   #455   0xa89e045cad7333377f321a8d5a4da5b1aaf34ab4  prob=0.0371 (raw=0.0351)  vol=$156  trades=2  first_trade=2026-01-06 00:03  winrate=NaN  n_markets_traded=0.000  herfindahl_index_markets=0.000
10:31:00 [super]   #456   0x34ca2591a56635318769e0986bec6f45646a0437  prob=0.0371 (raw=0.0350)  vol=$219  trades=4  first_trade=2026-01-03 23:32  winrate=0.053  n_markets_traded=19.000  herfindahl_index_markets=0.153
10:31:00 [super]   #457   0x208b9b97ddeff56f82ef1bb44d71e2a4a8e5f2d2  prob=0.0371 (raw=0.0350)  vol=$7  trades=6  first_trade=2026-01-04 11:37  winrate=0.247  n_markets_traded=77.000  herfindahl_index_markets=0.025
10:31:00 [super]   #458   0xe4ca3841ade21e05cbd5786dd5feea5d65c01383  prob=0.0370 (raw=0.0349)  vol=$2  trades=3  first_trade=2025-12-27 02:21  winrate=NaN  n_markets_traded=0.000  herfindahl_index_markets=0.000
10:31:00 [super]   #459   0x6273ea47e733c23e544c9f3e459521c9997095c8  prob=0.0370 (raw=0.0348)  vol=$204  trades=20  first_trade=2026-01-04 10:34  winrate=0.333  n_markets_traded=27.000  herfindahl_index_markets=0.077
10:31:00 [super]   #460   0x1b73480fbf1bc450991d93f687570ccdf6b545d9  prob=0.0370 (raw=0.0348)  vol=$28  trades=13  first_trade=2026-01-06 10:35  winrate=NaN  n_markets_traded=0.000  herfindahl_index_markets=0.000
10:31:00 [super]   #461   0xf7b72c49f5221f87564192ad6eb93e88de979ae4  prob=0.0370 (raw=0.0346)  vol=$8  trades=2  first_trade=2026-01-04 09:36  winrate=0.450  n_markets_traded=40.000  herfindahl_index_markets=0.061
10:31:00 [super]   #462   0x5ad70236c44dacf1b46ba00d32ee405afac3245e  prob=0.0370 (raw=0.0345)  vol=$3  trades=4  first_trade=2026-01-03 09:43  winrate=0.333  n_markets_traded=93.000  herfindahl_index_markets=0.428
10:31:00 [super]   #463   0xee82a022ed23e2e1877a828bd058eaacaf70f011  prob=0.0370 (raw=0.0344)  vol=$154  trades=2  first_trade=2026-01-04 00:36  winrate=0.472  n_markets_traded=172.000  herfindahl_index_markets=0.030
10:31:00 [super]   #464   0xe59dfc507d702874f942996564a29fc08962dc31  prob=0.0369 (raw=0.0343)  vol=$375  trades=21  first_trade=2026-01-03 21:41  winrate=0.375  n_markets_traded=16.000  herfindahl_index_markets=0.274
10:31:00 [super]   #465   0x4ae6fc705421ec31a88b3f5322e94e1e55507485  prob=0.0369 (raw=0.0342)  vol=$49  trades=4  first_trade=2025-12-22 02:16  winrate=0.088  n_markets_traded=194.000  herfindahl_index_markets=0.012
10:31:00 [super]   #466   0x6feeb523bbc30fda3dcccb5fef729a2b56c9ab64  prob=0.0369 (raw=0.0341)  vol=$4  trades=2  first_trade=2026-01-03 20:54  winrate=0.000  n_markets_traded=33.000  herfindahl_index_markets=0.030
10:31:00 [super]   #467   0x0e337b58bab4a08c836d59df4e7aef78f2178b7a  prob=0.0369 (raw=0.0339)  vol=$65  trades=8  first_trade=2026-01-03 07:26  winrate=0.111  n_markets_traded=9.000  herfindahl_index_markets=0.165
10:31:00 [super]   #468   0x71afb689199cb3c531876d9ff9028817c0a0dd01  prob=0.0369 (raw=0.0339)  vol=$206  trades=10  first_trade=2026-01-04 07:13  winrate=0.333  n_markets_traded=57.000  herfindahl_index_markets=0.134
10:31:00 [super]   #469   0x74e04413cdd9c5b1ba064d1d003432a855dea58e  prob=0.0369 (raw=0.0338)  vol=$24  trades=6  first_trade=2026-01-04 07:56  winrate=0.375  n_markets_traded=32.000  herfindahl_index_markets=0.281
10:31:00 [super]   #470   0x2bc02353762a3a2b7f61a773780ae4ecb613fab9  prob=0.0368 (raw=0.0336)  vol=$1,302  trades=11  first_trade=2025-12-19 06:15  winrate=0.278  n_markets_traded=18.000  herfindahl_index_markets=0.090
10:31:00 [super]   #471   0x85dc683f5452ae3cfef99dd8d01b1a06f5658d9e  prob=0.0368 (raw=0.0335)  vol=$1  trades=2  first_trade=2026-01-06 08:34  winrate=0.491  n_markets_traded=566.000  herfindahl_index_markets=0.003
10:31:00 [super]   #472   0x6cf05805e99ed4e46c65b4cacbea6ec74fdd6677  prob=0.0368 (raw=0.0335)  vol=$499  trades=6  first_trade=2026-01-05 00:37  winrate=0.000  n_markets_traded=3.000  herfindahl_index_markets=0.412
10:31:00 [super]   #473   0xcfb5d2715c6472e0c6b0be9b4da5722640ab069a  prob=0.0368 (raw=0.0334)  vol=$52  trades=6  first_trade=2026-01-04 07:59  winrate=0.429  n_markets_traded=21.000  herfindahl_index_markets=0.060
10:31:00 [super]   #474   0x027c2250d43d9c92b403e38f5cf478ae477e60f2  prob=0.0368 (raw=0.0333)  vol=$32  trades=3  first_trade=2026-01-03 22:24  winrate=0.514  n_markets_traded=181.000  herfindahl_index_markets=0.077
10:31:00 [super]   #475   0xb94691b4ac67747599849c2955b2716472a88ae6  prob=0.0368 (raw=0.0332)  vol=$2  trades=2  first_trade=2026-01-05 10:29  winrate=0.417  n_markets_traded=11.000  herfindahl_index_markets=0.102
10:31:00 [super]   #476   0x6d823ae6553604db8b2a3f9105b760a79be7700c  prob=0.0368 (raw=0.0332)  vol=$3  trades=2  first_trade=2026-01-05 10:46  winrate=0.421  n_markets_traded=18.000  herfindahl_index_markets=0.061
10:31:00 [super]   #477   0x357b6ad195a520f14c670a2c54121fe8693beb44  prob=0.0368 (raw=0.0331)  vol=$1  trades=2  first_trade=2026-01-03 21:46  winrate=0.625  n_markets_traded=24.000  herfindahl_index_markets=0.056
10:31:00 [super]   #478   0x3078db4a9737866b4d6529f655025b3a20f80389  prob=0.0368 (raw=0.0330)  vol=$23  trades=3  first_trade=2025-12-28 22:00  winrate=NaN  n_markets_traded=0.000  herfindahl_index_markets=0.000
10:31:00 [super]   #479   0x658a5d8cc445596d53d3e1be2ec47f706e339a1a  prob=0.0367 (raw=0.0329)  vol=$7  trades=2  first_trade=2026-01-03 21:37  winrate=0.621  n_markets_traded=29.000  herfindahl_index_markets=0.045
10:31:00 [super]   #480   0xdb90fb707fbb959e9736bfac6b4a09500df26af1  prob=0.0367 (raw=0.0328)  vol=$8  trades=2  first_trade=2026-01-03 23:53  winrate=0.333  n_markets_traded=18.000  herfindahl_index_markets=0.138
10:31:00 [super]   #481   0x714e1a0b7045adda39440599b768e6c5c717beee  prob=0.0367 (raw=0.0327)  vol=$113  trades=5  first_trade=2026-01-04 11:32  winrate=NaN  n_markets_traded=0.000  herfindahl_index_markets=0.000
10:31:00 [super]   #482   0xd4b7b8044ec42ddba60f530a5769f087350f3bd1  prob=0.0367 (raw=0.0326)  vol=$82  trades=2  first_trade=2026-01-04 03:01  winrate=0.510  n_markets_traded=99.000  herfindahl_index_markets=0.098
10:31:00 [super]   #483   0xc9bb35ed33ef33065708ab6b8b26b1ab343d5048  prob=0.0367 (raw=0.0323)  vol=$1,654  trades=23  first_trade=2026-01-03 10:47  winrate=0.440  n_markets_traded=25.000  herfindahl_index_markets=0.106
10:31:00 [super]   #484   0x707d4339039fd7ae0ca02f9ca4fc6513ec325f92  prob=0.0366 (raw=0.0322)  vol=$2  trades=2  first_trade=2026-01-03 19:27  winrate=0.167  n_markets_traded=12.000  herfindahl_index_markets=0.109
10:31:00 [super]   #485   0xc6dd722558dbfbd8fa780efcbe819ed8c6604b9f  prob=0.0366 (raw=0.0322)  vol=$1,265  trades=9  first_trade=2026-01-06 07:21  winrate=NaN  n_markets_traded=0.000  herfindahl_index_markets=0.000
10:31:00 [super]   #486   0x85c331ada60535d138dd0ba861dbfb0398851067  prob=0.0366 (raw=0.0321)  vol=$4  trades=2  first_trade=2026-01-05 10:57  winrate=0.235  n_markets_traded=17.000  herfindahl_index_markets=0.074
10:31:00 [super]   #487   0xcbf2c2771db5b3f934049d277da1cc691cdd6395  prob=0.0366 (raw=0.0321)  vol=$42  trades=4  first_trade=2025-12-19 19:00  winrate=0.353  n_markets_traded=34.000  herfindahl_index_markets=0.055
10:31:00 [super]   #488   0xce789d966012ae7621ed1e13995da654bf326c38  prob=0.0366 (raw=0.0320)  vol=$1  trades=2  first_trade=2026-01-03 21:44  winrate=0.577  n_markets_traded=77.000  herfindahl_index_markets=0.045
10:31:00 [super]   #489   0xa5f52ff66135815684abdda2afa33e5713fb44c3  prob=0.0366 (raw=0.0320)  vol=$244  trades=12  first_trade=2026-01-02 07:08  winrate=NaN  n_markets_traded=0.000  herfindahl_index_markets=0.000
10:31:00 [super]   #490   0x91243145bf6be087a4c63932b151fa2635961ee1  prob=0.0366 (raw=0.0319)  vol=$1  trades=2  first_trade=2026-01-03 22:03  winrate=0.533  n_markets_traded=29.000  herfindahl_index_markets=0.051
10:31:00 [super]   #491   0xb47c541541c4db9977b2e94b6a8fed5bd0ec213b  prob=0.0366 (raw=0.0318)  vol=$68  trades=5  first_trade=2026-01-03 14:46  winrate=0.667  n_markets_traded=6.000  herfindahl_index_markets=0.226
10:31:00 [super]   #492   0x5cacb3c118c849cc4d202e6aa8cfc0ee645c45f8  prob=0.0366 (raw=0.0318)  vol=$7  trades=1  first_trade=2026-01-04 05:24  winrate=0.321  n_markets_traded=28.000  herfindahl_index_markets=0.078
10:31:00 [super]   #493   0xba54a3d10630ba2e5ee56a4adcd99ea1fcc2409f  prob=0.0366 (raw=0.0317)  vol=$35  trades=4  first_trade=2026-01-04 20:34  winrate=0.448  n_markets_traded=67.000  herfindahl_index_markets=0.030
10:31:00 [super]   #494   0x11bb65ce3d3393ba60b7d9a62d01daa5e5af175b  prob=0.0366 (raw=0.0317)  vol=$1  trades=2  first_trade=2026-01-03 21:44  winrate=0.547  n_markets_traded=86.000  herfindahl_index_markets=0.062
10:31:00 [super]   #495   0x3ac4b02b52a2a1ed73be944bca976e9630a12d15  prob=0.0366 (raw=0.0317)  vol=$2  trades=2  first_trade=2026-01-03 21:45  winrate=0.519  n_markets_traded=81.000  herfindahl_index_markets=0.062
10:31:00 [super]   #496   0xd8d990bdf3b8c95de6d2d90bc38a6683e564f111  prob=0.0366 (raw=0.0317)  vol=$1  trades=2  first_trade=2026-01-03 21:50  winrate=0.548  n_markets_traded=30.000  herfindahl_index_markets=0.049
10:31:00 [super]   #497   0x4ea973c3a568ccba6a4af6a1df69e8843d6b2e7d  prob=0.0366 (raw=0.0317)  vol=$1  trades=2  first_trade=2026-01-03 21:49  winrate=0.580  n_markets_traded=80.000  herfindahl_index_markets=0.057
10:31:00 [super]   #498   0x14037b56b5b8ad24c368ca1d4096c28eda32c514  prob=0.0366 (raw=0.0317)  vol=$1  trades=2  first_trade=2026-01-03 22:03  winrate=0.534  n_markets_traded=88.000  herfindahl_index_markets=0.055
10:31:00 [super]   #499   0xf4f06c97cec3cc970df6a73f024219cdd5f6a88d  prob=0.0366 (raw=0.0317)  vol=$78  trades=5  first_trade=2026-01-04 06:37  winrate=0.353  n_markets_traded=17.000  herfindahl_index_markets=0.148
10:31:00 [super]   #500   0xebaf09973644901cf6298fe7eebd9590d30551eb  prob=0.0365 (raw=0.0315)  vol=$2  trades=2  first_trade=2026-01-03 21:57  winrate=0.500  n_markets_traded=21.000  herfindahl_index_markets=0.065
10:31:00 [super]   #501   0x80dc5c172e873f99dcfd05abbe77ae869f3e7cf8  prob=0.0365 (raw=0.0314)  vol=$13  trades=4  first_trade=2025-12-21 15:33  winrate=NaN  n_markets_traded=0.000  herfindahl_index_markets=0.000
10:31:00 [super]   #502   0x982db93c9a09696a745d0d8fbbe271ced54f4dbc  prob=0.0365 (raw=0.0313)  vol=$1  trades=2  first_trade=2026-01-03 22:16  winrate=0.535  n_markets_traded=71.000  herfindahl_index_markets=0.056
10:31:00 [super]   #503   0xd14acceb9694f9f9ae65d3acdb35ace74a77d5d7  prob=0.0365 (raw=0.0313)  vol=$1  trades=2  first_trade=2026-01-03 21:53  winrate=0.523  n_markets_traded=65.000  herfindahl_index_markets=0.110
10:31:00 [super]   #504   0x6c90469a01ec3baabe7b09804c6ee393c398864e  prob=0.0365 (raw=0.0313)  vol=$2  trades=2  first_trade=2026-01-03 21:57  winrate=0.527  n_markets_traded=73.000  herfindahl_index_markets=0.051
10:31:00 [super]   #505   0xd0458417195d275f75f34002a2a3fd895357b5cf  prob=0.0365 (raw=0.0311)  vol=$3  trades=2  first_trade=2026-01-04 11:09  winrate=0.238  n_markets_traded=21.000  herfindahl_index_markets=0.076
10:31:00 [super]   #506   0x08f8abb2cbecc7d27cfa862f82858a1452fd35f0  prob=0.0364 (raw=0.0310)  vol=$20  trades=2  first_trade=2026-01-04 01:57  winrate=0.100  n_markets_traded=10.000  herfindahl_index_markets=0.142
10:31:00 [super]   #507   0x990c2bd526dbc8aacdc5fb21d9b42403022b9fef  prob=0.0364 (raw=0.0308)  vol=$7  trades=4  first_trade=2026-01-03 21:37  winrate=0.553  n_markets_traded=46.000  herfindahl_index_markets=0.050
10:31:00 [super]   #508   0xb955be2f7d4cdb3f78b3cab4c3efb0c56efa0b47  prob=0.0364 (raw=0.0308)  vol=$7  trades=4  first_trade=2026-01-03 21:38  winrate=0.515  n_markets_traded=66.000  herfindahl_index_markets=0.063
10:31:00 [super]   #509   0x128c8c66404d8317a38d62007c8cb1e8317258e0  prob=0.0364 (raw=0.0308)  vol=$93  trades=3  first_trade=2026-01-04 16:14  winrate=0.429  n_markets_traded=14.000  herfindahl_index_markets=0.100
10:31:00 [super]   #510   0x69701ee3ee2fcef26b4e38a10388e290b4f1684a  prob=0.0364 (raw=0.0307)  vol=$780  trades=4  first_trade=2026-01-04 05:23  winrate=0.550  n_markets_traded=19.000  herfindahl_index_markets=0.200
10:31:00 [super]   #511   0x8f386207445b27e057710b0fc3810e8f3287c7e6  prob=0.0364 (raw=0.0306)  vol=$12  trades=6  first_trade=2026-01-05 19:49  winrate=0.386  n_markets_traded=88.000  herfindahl_index_markets=0.035
10:31:00 [super]   #512   0x09c3cc90e0943af36d216806c932fb66dcc342eb  prob=0.0364 (raw=0.0306)  vol=$2  trades=2  first_trade=2026-01-03 21:56  winrate=0.700  n_markets_traded=29.000  herfindahl_index_markets=0.046
10:31:00 [super]   #513   0x1da9aa7fb62098d6ecc8628fe1a10a540cb84282  prob=0.0364 (raw=0.0306)  vol=$1  trades=2  first_trade=2026-01-03 21:54  winrate=0.692  n_markets_traded=26.000  herfindahl_index_markets=0.055
10:31:00 [super]   #514   0xe1981b71ac1a4e627de2780c92134ee208929539  prob=0.0364 (raw=0.0306)  vol=$11  trades=4  first_trade=2026-01-03 21:36  winrate=0.500  n_markets_traded=58.000  herfindahl_index_markets=0.077
10:31:00 [super]   #515   0x53dc41b972f78a7204e25e3a49ee4e105b3c1f31  prob=0.0364 (raw=0.0305)  vol=$1  trades=2  first_trade=2026-01-03 21:44  winrate=0.500  n_markets_traded=62.000  herfindahl_index_markets=0.071
10:31:00 [super]   #516   0xf6402524de8dc8861bd38cafc4d080f35afd2577  prob=0.0364 (raw=0.0304)  vol=$3  trades=2  first_trade=2026-01-05 10:58  winrate=0.200  n_markets_traded=15.000  herfindahl_index_markets=0.128
10:31:00 [super]   #517   0xb766be2ee36ae2d42b236e3fb16dbfb317351d83  prob=0.0364 (raw=0.0304)  vol=$2,796  trades=11  first_trade=2026-01-03 10:16  winrate=0.284  n_markets_traded=115.000  herfindahl_index_markets=0.061
10:31:00 [super]   #518   0x7696a6b44b9e1ec10792329c4c2b4dff257da22a  prob=0.0364 (raw=0.0303)  vol=$79  trades=3  first_trade=2026-01-03 10:02  winrate=0.357  n_markets_traded=14.000  herfindahl_index_markets=0.385
10:31:00 [super]   #519   0xb12ba51df1ffbf8b3a7630adcbc28651b4572e1c  prob=0.0364 (raw=0.0303)  vol=$3  trades=2  first_trade=2026-01-04 16:28  winrate=0.000  n_markets_traded=16.000  herfindahl_index_markets=0.075
10:31:00 [super]   #520   0xfb227c6998b0db8a8f7c972e6e1620c11e02c416  prob=0.0363 (raw=0.0303)  vol=$1  trades=2  first_trade=2026-01-03 22:15  winrate=0.562  n_markets_traded=32.000  herfindahl_index_markets=0.043
10:31:00 [super]   #521   0xf657e409543377ed703c3f32b41aab30bcb6ac2a  prob=0.0363 (raw=0.0302)  vol=$1  trades=2  first_trade=2026-01-03 21:48  winrate=0.544  n_markets_traded=90.000  herfindahl_index_markets=0.045
10:31:00 [super]   #522   0xdf3f1758e5b2b4b4044ed2a98776f37c486ac76c  prob=0.0363 (raw=0.0302)  vol=$1  trades=2  first_trade=2026-01-03 21:49  winrate=0.515  n_markets_traded=64.000  herfindahl_index_markets=0.066
10:31:00 [super]   #523   0x7a78905d92379627cee57a6f58260665cb33818e  prob=0.0363 (raw=0.0302)  vol=$1  trades=2  first_trade=2026-01-03 22:18  winrate=0.462  n_markets_traded=401.000  herfindahl_index_markets=0.005
10:31:00 [super]   #524   0xf9696cc0b44224545e5a5a13aed16b8a65817ce8  prob=0.0363 (raw=0.0301)  vol=$153  trades=9  first_trade=2026-01-04 16:31  winrate=0.377  n_markets_traded=122.000  herfindahl_index_markets=0.169
10:31:00 [super]   #525   0xa5ca742631d2bb31ded0e0ed4a1af8d17e59af6f  prob=0.0363 (raw=0.0300)  vol=$1  trades=2  first_trade=2026-01-03 21:52  winrate=0.528  n_markets_traded=89.000  herfindahl_index_markets=0.053
10:31:00 [super]   #526   0x83a5164126e8a6830f8abfdd7211bf01ecfa404e  prob=0.0363 (raw=0.0300)  vol=$2  trades=2  first_trade=2026-01-03 21:56  winrate=0.551  n_markets_traded=69.000  herfindahl_index_markets=0.059
10:31:00 [super]   #527   0xc84bfde89d8e7e65d326130de2b12e0b8fc33040  prob=0.0363 (raw=0.0300)  vol=$1  trades=2  first_trade=2026-01-03 22:18  winrate=0.516  n_markets_traded=95.000  herfindahl_index_markets=0.041
10:31:00 [super]   #528   0xed606ae4d4dd10f09cba771509c9c470c1155cd9  prob=0.0363 (raw=0.0300)  vol=$7  trades=2  first_trade=2026-01-03 21:25  winrate=0.477  n_markets_traded=424.000  herfindahl_index_markets=0.008
10:31:00 [super]   #529   0xb5baebd04ccb5ddbec3af8b1d8755459fb239dbd  prob=0.0363 (raw=0.0300)  vol=$7  trades=4  first_trade=2026-01-03 21:38  winrate=0.493  n_markets_traded=73.000  herfindahl_index_markets=0.061
10:31:00 [super]   #530   0x4a60bf806d191015e5fba2eb215dda5f6c5f89b6  prob=0.0363 (raw=0.0299)  vol=$39  trades=3  first_trade=2026-01-03 09:41  winrate=NaN  n_markets_traded=0.000  herfindahl_index_markets=0.000
10:31:00 [super]   #531   0xae5e20c5af666b0390bba4eac3cff38799814046  prob=0.0363 (raw=0.0299)  vol=$51  trades=5  first_trade=2026-01-03 10:21  winrate=0.517  n_markets_traded=29.000  herfindahl_index_markets=0.132
10:31:00 [super]   #532   0x0cbb97ab763e1aba76e399fa4240602c5bb37c38  prob=0.0363 (raw=0.0298)  vol=$8  trades=4  first_trade=2026-01-03 21:39  winrate=0.429  n_markets_traded=70.000  herfindahl_index_markets=0.059
10:31:00 [super]   #533   0xe0789b8cb552cb758bb93344aaefdb83348be707  prob=0.0363 (raw=0.0297)  vol=$65  trades=13  first_trade=2026-01-03 09:39  winrate=0.652  n_markets_traded=385.000  herfindahl_index_markets=0.015
10:31:00 [super]   #534   0xa7b0dce175b4a990e45487f4d8bcedf71fd40810  prob=0.0363 (raw=0.0297)  vol=$2  trades=2  first_trade=2026-01-03 21:51  winrate=0.475  n_markets_traded=61.000  herfindahl_index_markets=0.055
10:31:00 [super]   #535   0xa23cbb157a46f810e22a56ae9ae8187cd58c1fa0  prob=0.0363 (raw=0.0297)  vol=$1  trades=2  first_trade=2026-01-03 21:50  winrate=0.494  n_markets_traded=82.000  herfindahl_index_markets=0.053
10:31:00 [super]   #536   0x9f610089c912505b9ebd4594e9f695cd84715afa  prob=0.0362 (raw=0.0296)  vol=$165  trades=23  first_trade=2026-01-01 14:05  winrate=0.407  n_markets_traded=27.000  herfindahl_index_markets=0.114
10:31:00 [super]   #537   0xb244c12b6cbb01dcc0933e70b66daf18bc0b7ed9  prob=0.0362 (raw=0.0295)  vol=$11  trades=2  first_trade=2026-01-04 16:31  winrate=0.321  n_markets_traded=78.000  herfindahl_index_markets=0.078
10:31:00 [super]   #538   0xcb45e1e003ea344eb6e7a9bb653c06a91e56ff71  prob=0.0362 (raw=0.0294)  vol=$1  trades=2  first_trade=2026-01-03 21:46  winrate=0.462  n_markets_traded=52.000  herfindahl_index_markets=0.105
10:31:00 [super]   #539   0x8739928ffc3911b492e1635a2169dc54d1487012  prob=0.0362 (raw=0.0293)  vol=$184  trades=15  first_trade=2026-01-03 15:33  winrate=0.286  n_markets_traded=21.000  herfindahl_index_markets=0.072
10:31:00 [super]   #540   0x8a1c34cc5c2f83e442fa2cf7f96d3486123878d7  prob=0.0362 (raw=0.0293)  vol=$2  trades=2  first_trade=2026-01-05 12:56  winrate=0.750  n_markets_traded=11.000  herfindahl_index_markets=0.091
10:31:00 [super]   #541   0x0680f94fdf95e1e1f57e89fc8c6b1daafddb14b5  prob=0.0362 (raw=0.0293)  vol=$1  trades=2  first_trade=2026-01-03 21:51  winrate=0.483  n_markets_traded=60.000  herfindahl_index_markets=0.062
10:31:00 [super]   #542   0xda02bf1ba1462e26f07966550537b92542e76900  prob=0.0362 (raw=0.0293)  vol=$1  trades=2  first_trade=2026-01-03 21:53  winrate=0.385  n_markets_traded=39.000  herfindahl_index_markets=0.089
10:31:00 [super]   #543   0xb9ee3fd5479b89995c77a6eb182a3bf64940252a  prob=0.0362 (raw=0.0293)  vol=$1  trades=2  first_trade=2026-01-03 22:18  winrate=0.479  n_markets_traded=73.000  herfindahl_index_markets=0.066
10:31:00 [super]   #544   0x2a3632af88d5753acbc0ffea181c86ff2ac72569  prob=0.0362 (raw=0.0292)  vol=$2  trades=2  first_trade=2026-01-04 09:04  winrate=0.567  n_markets_traded=60.000  herfindahl_index_markets=0.039
10:31:00 [super]   #545   0xe19307d7f326bade1c2013e16574234eadacf0a0  prob=0.0362 (raw=0.0292)  vol=$2  trades=2  first_trade=2026-01-03 22:22  winrate=0.636  n_markets_traded=22.000  herfindahl_index_markets=0.069
10:31:00 [super]   #546   0x3bea95fa9eace38f1f9cccb489c31251f992f95a  prob=0.0362 (raw=0.0291)  vol=$3,344  trades=19  first_trade=2026-01-03 19:22  winrate=0.176  n_markets_traded=51.000  herfindahl_index_markets=0.084
10:31:00 [super]   #547   0x71aa50bc1944117e7b3472ea2b2eb8032488fcdb  prob=0.0362 (raw=0.0291)  vol=$14  trades=2  first_trade=2026-01-03 21:13  winrate=0.493  n_markets_traded=553.000  herfindahl_index_markets=0.005
10:31:00 [super]   #548   0x902da313f4ba0055aa1d4d81c517e9fedf3e6eb4  prob=0.0362 (raw=0.0290)  vol=$81  trades=11  first_trade=2026-01-04 13:44  winrate=0.333  n_markets_traded=15.000  herfindahl_index_markets=0.140
10:31:00 [super]   #549   0xdbadbc55778d44643efabdde735e2f0b35d42429  prob=0.0361 (raw=0.0290)  vol=$618  trades=23  first_trade=2025-12-20 12:52  winrate=0.222  n_markets_traded=18.000  herfindahl_index_markets=0.108
10:31:00 [super]   #550   0x9681da24a4f7bd07e30477c7cf90ae89d1ffde38  prob=0.0361 (raw=0.0289)  vol=$3  trades=2  first_trade=2026-01-05 09:40  winrate=0.143  n_markets_traded=14.000  herfindahl_index_markets=0.077
10:31:00 [super]   #551   0xa5ed3fd677d217b027320dbe26b30199bf49b42a  prob=0.0361 (raw=0.0288)  vol=$16  trades=4  first_trade=2026-01-03 09:43  winrate=0.295  n_markets_traded=61.000  herfindahl_index_markets=0.044
10:31:00 [super]   #552   0xfd6d6e2d81e4958c51fcc9ceb6cf64e008c1c733  prob=0.0361 (raw=0.0288)  vol=$36  trades=4  first_trade=2026-01-04 03:51  winrate=0.486  n_markets_traded=217.000  herfindahl_index_markets=0.107
10:31:00 [super]   #553   0x31d82d92df004b96cb2898d9bd642f151275ffb4  prob=0.0361 (raw=0.0286)  vol=$1  trades=2  first_trade=2026-01-03 22:02  winrate=0.593  n_markets_traded=27.000  herfindahl_index_markets=0.051
10:31:00 [super]   #554   0x7931579f1dd07cb790d0df73f595fd245487b841  prob=0.0361 (raw=0.0286)  vol=$2  trades=2  first_trade=2026-01-03 21:59  winrate=0.591  n_markets_traded=22.000  herfindahl_index_markets=0.063
10:31:00 [super]   #555   0x5ea48de709c88fd1d0bd1ae003773ad2d9af901d  prob=0.0361 (raw=0.0286)  vol=$7  trades=2  first_trade=2026-01-04 16:10  winrate=0.154  n_markets_traded=13.000  herfindahl_index_markets=0.087
10:31:00 [super]   #556   0xcd1aa5daec83b6db481db508350da8db98cd45c8  prob=0.0361 (raw=0.0285)  vol=$17  trades=2  first_trade=2026-01-04 17:08  winrate=0.278  n_markets_traded=18.000  herfindahl_index_markets=0.102
10:31:00 [super]   #557   0xd8a254bbc5fe9a9735bd019efe959529c6f2477c  prob=0.0361 (raw=0.0285)  vol=$3  trades=1  first_trade=2026-01-03 19:35  winrate=0.200  n_markets_traded=5.000  herfindahl_index_markets=0.688
10:31:00 [super]   #558   0x57af1c106bbc2fb97f2f78776ae999a153c4ad69  prob=0.0361 (raw=0.0284)  vol=$9  trades=4  first_trade=2026-01-03 21:39  winrate=0.371  n_markets_traded=35.000  herfindahl_index_markets=0.098
10:31:00 [super]   #559   0x9fd8e3b55fc2bdab22fcd49f5a7696d501ce01f0  prob=0.0361 (raw=0.0283)  vol=$195  trades=6  first_trade=2026-01-04 10:24  winrate=0.414  n_markets_traded=219.000  herfindahl_index_markets=0.031
10:31:00 [super]   #560   0x05b42ba500223e9c4a20f0f86829b345c773bee3  prob=0.0360 (raw=0.0282)  vol=$1  trades=2  first_trade=2026-01-03 22:05  winrate=0.594  n_markets_traded=31.000  herfindahl_index_markets=0.050
10:31:00 [super]   #561   0x296369ddbd080679af31d09d12e6406f5d5c35db  prob=0.0360 (raw=0.0282)  vol=$1  trades=2  first_trade=2026-01-03 22:30  winrate=0.645  n_markets_traded=31.000  herfindahl_index_markets=0.047
10:31:00 [super]   #562   0x19743a513eba2bb07fa0b2c31260dce3ed75e06e  prob=0.0360 (raw=0.0282)  vol=$2  trades=2  first_trade=2026-01-04 23:17  winrate=0.719  n_markets_traded=32.000  herfindahl_index_markets=0.039
10:31:00 [super]   #563   0x3e426d5b3a5aa4bef22826b5b98de6497c798f95  prob=0.0360 (raw=0.0282)  vol=$54  trades=11  first_trade=2026-01-04 23:46  winrate=0.452  n_markets_traded=126.000  herfindahl_index_markets=0.020
10:31:00 [super]   #564   0xad7ecdfb1426ce0cd29763a3972d4c53726af9eb  prob=0.0360 (raw=0.0281)  vol=$161  trades=10  first_trade=2026-01-03 15:31  winrate=0.688  n_markets_traded=48.000  herfindahl_index_markets=0.422
10:31:00 [super]   #565   0x3cb9c2c9cd19b6a9b9656086755222938ce06491  prob=0.0360 (raw=0.0281)  vol=$2  trades=2  first_trade=2026-01-04 02:51  winrate=NaN  n_markets_traded=0.000  herfindahl_index_markets=0.000
10:31:00 [super]   #566   0xd0161731096701f5c0a7d8f30a9b22afcefa306d  prob=0.0360 (raw=0.0280)  vol=$430  trades=7  first_trade=2026-01-03 13:48  winrate=0.659  n_markets_traded=87.000  herfindahl_index_markets=0.030
10:31:00 [super]   #567   0x2ac5144d46018c498634bb03d60ba36770c10f9d  prob=0.0360 (raw=0.0280)  vol=$1  trades=2  first_trade=2026-01-03 22:33  winrate=0.545  n_markets_traded=33.000  herfindahl_index_markets=0.042
10:31:00 [super]   #568   0x65c516559a19401419651754c1f2cfaf65e29a42  prob=0.0360 (raw=0.0280)  vol=$1  trades=2  first_trade=2026-01-03 22:04  winrate=0.533  n_markets_traded=30.000  herfindahl_index_markets=0.045
10:31:00 [super]   #569   0x786305d1d20b38c240f3e90aba0975d2f72c3d4e  prob=0.0360 (raw=0.0280)  vol=$1  trades=2  first_trade=2026-01-03 22:12  winrate=0.565  n_markets_traded=69.000  herfindahl_index_markets=0.050
10:31:00 [super]   #570   0x402dc6ccf16c62d81172229590d3f903b2fa3dc6  prob=0.0360 (raw=0.0278)  vol=$15  trades=2  first_trade=2026-01-03 20:44  winrate=0.286  n_markets_traded=21.000  herfindahl_index_markets=0.078
10:31:00 [super]   #571   0x37538a274604c6fb0a9ad7f9b68594321d95ecca  prob=0.0360 (raw=0.0277)  vol=$1  trades=2  first_trade=2026-01-03 22:05  winrate=0.537  n_markets_traded=80.000  herfindahl_index_markets=0.061
10:31:00 [super]   #572   0x4daf782ad936f6607d0579d506b3c34facaa2b28  prob=0.0360 (raw=0.0277)  vol=$2  trades=2  first_trade=2026-01-03 22:15  winrate=0.551  n_markets_traded=69.000  herfindahl_index_markets=0.095
10:31:00 [super]   #573   0xa5623a1ba29aa6405f316c7dfb58f8eb64ced636  prob=0.0360 (raw=0.0277)  vol=$1  trades=2  first_trade=2026-01-03 22:07  winrate=0.537  n_markets_traded=82.000  herfindahl_index_markets=0.040
10:31:00 [super]   #574   0x5df1df11d4a2fbf207ad52a11f1b07711c362da7  prob=0.0360 (raw=0.0276)  vol=$139  trades=6  first_trade=2026-01-03 07:34  winrate=0.293  n_markets_traded=99.000  herfindahl_index_markets=0.037
10:31:00 [super]   #575   0x52a230ed0654ef2443a9e0784305a039e3ba12b2  prob=0.0359 (raw=0.0276)  vol=$12  trades=4  first_trade=2026-01-03 09:48  winrate=0.261  n_markets_traded=134.000  herfindahl_index_markets=0.017
10:31:00 [super]   #576   0xc01a936da915391b81cbd1a89db24d32b4d654dd  prob=0.0359 (raw=0.0273)  vol=$14  trades=2  first_trade=2026-01-04 04:15  winrate=0.482  n_markets_traded=139.000  herfindahl_index_markets=0.014
10:31:00 [super]   #577   0xf0aade83cbe8395024c21f96c77e769c6c248667  prob=0.0359 (raw=0.0273)  vol=$2  trades=2  first_trade=2026-01-05 21:23  winrate=0.486  n_markets_traded=35.000  herfindahl_index_markets=0.154
10:31:00 [super]   #578   0xd148bca232c45d304134b31d5f5f6baa8a9bc5bc  prob=0.0359 (raw=0.0273)  vol=$1  trades=2  first_trade=2026-01-03 22:06  winrate=0.407  n_markets_traded=26.000  herfindahl_index_markets=0.055
10:31:00 [super]   #579   0x2fae4e3d20b250bc1d69ba8b0c27b878d7af9298  prob=0.0359 (raw=0.0272)  vol=$3  trades=2  first_trade=2026-01-03 23:43  winrate=0.295  n_markets_traded=78.000  herfindahl_index_markets=0.033
10:31:00 [super]   #580   0xdb4b47261b9ea54fb195eb92581834ef9f6168c0  prob=0.0359 (raw=0.0271)  vol=$14  trades=3  first_trade=2026-01-03 17:04  winrate=0.167  n_markets_traded=12.000  herfindahl_index_markets=0.240
10:31:00 [super]   #581   0x561ef61302d9485890aba78c8546e80068753094  prob=0.0359 (raw=0.0271)  vol=$1  trades=2  first_trade=2026-01-03 22:08  winrate=0.507  n_markets_traded=75.000  herfindahl_index_markets=0.060
10:31:00 [super]   #582   0x998209d497eb6839f373a79d1a5b52062dc174d4  prob=0.0359 (raw=0.0270)  vol=$1  trades=2  first_trade=2026-01-03 22:04  winrate=0.488  n_markets_traded=84.000  herfindahl_index_markets=0.057
10:31:00 [super]   #583   0xecbf79e03ae01716c3aa84659542daf019be892a  prob=0.0359 (raw=0.0270)  vol=$1  trades=2  first_trade=2026-01-03 22:10  winrate=0.491  n_markets_traded=53.000  herfindahl_index_markets=0.089
10:31:00 [super]   #584   0xf54d13d73a6841491391e4b28dfa5b4d62c3a1eb  prob=0.0359 (raw=0.0270)  vol=$2  trades=2  first_trade=2026-01-03 22:22  winrate=0.493  n_markets_traded=75.000  herfindahl_index_markets=0.070
10:31:00 [super]   #585   0xa75643408e68af3005cf40347750dcb3c019b167  prob=0.0358 (raw=0.0269)  vol=$471  trades=4  first_trade=2025-12-19 06:11  winrate=0.318  n_markets_traded=22.000  herfindahl_index_markets=0.077
10:31:00 [super]   #586   0x13ff9e5943f97d03f61c46929abd2a1b2a492506  prob=0.0358 (raw=0.0269)  vol=$14  trades=2  first_trade=2026-01-03 21:12  winrate=NaN  n_markets_traded=0.000  herfindahl_index_markets=0.000
10:31:00 [super]   #587   0x648822881bc118037618056298297f8451626c69  prob=0.0358 (raw=0.0269)  vol=$13  trades=2  first_trade=2026-01-04 20:54  winrate=NaN  n_markets_traded=0.000  herfindahl_index_markets=0.000
10:31:00 [super]   #588   0x768fec713e26800eef968ea838a2e28267b2c7bd  prob=0.0358 (raw=0.0269)  vol=$10  trades=2  first_trade=2026-01-04 07:25  winrate=0.502  n_markets_traded=253.000  herfindahl_index_markets=0.086
10:31:00 [super]   #589   0xacee19d5b11288d2c51e5ebde6c6721b94cbc258  prob=0.0358 (raw=0.0268)  vol=$2  trades=2  first_trade=2026-01-05 14:40  winrate=0.200  n_markets_traded=20.000  herfindahl_index_markets=0.103
10:31:00 [super]   #590   0x0fd42689071977a4be7c189810d5fea66cb1bb85  prob=0.0358 (raw=0.0268)  vol=$2  trades=2  first_trade=2026-01-03 22:23  winrate=0.512  n_markets_traded=80.000  herfindahl_index_markets=0.061
10:31:00 [super]   #591   0xeb27d5e012e17cb5aa395a1fa1319c2a932a894d  prob=0.0358 (raw=0.0268)  vol=$1  trades=2  first_trade=2026-01-03 22:09  winrate=0.534  n_markets_traded=56.000  herfindahl_index_markets=0.081
10:31:00 [super]   #592   0x021239f11ca70006186ab060ea51171d0e04eded  prob=0.0358 (raw=0.0268)  vol=$1  trades=2  first_trade=2026-01-03 22:29  winrate=0.500  n_markets_traded=34.000  herfindahl_index_markets=0.085
10:31:00 [super]   #593   0xd976415420145de4f4ab547fd1709463dbe474a2  prob=0.0358 (raw=0.0268)  vol=$1  trades=2  first_trade=2026-01-03 22:14  winrate=0.522  n_markets_traded=46.000  herfindahl_index_markets=0.075
10:31:00 [super]   #594   0x5db57a5e58f4afc8657b4806a1ae1df0186efe93  prob=0.0358 (raw=0.0268)  vol=$1  trades=2  first_trade=2026-01-03 22:06  winrate=0.509  n_markets_traded=57.000  herfindahl_index_markets=0.087
10:31:00 [super]   #595   0x2a6402d4643f91d7497c718fef2456c94e30fe86  prob=0.0358 (raw=0.0268)  vol=$1  trades=2  first_trade=2026-01-03 22:12  winrate=0.500  n_markets_traded=67.000  herfindahl_index_markets=0.057
10:31:00 [super]   #596   0x11316ea700ebb9db724a87865f4140d7d187fa7d  prob=0.0358 (raw=0.0266)  vol=$1  trades=2  first_trade=2026-01-03 22:19  winrate=0.576  n_markets_traded=92.000  herfindahl_index_markets=0.069
10:31:00 [super]   #597   0x420e8deb590ad77ff5b2f6776cea2b1fc6dee3c9  prob=0.0358 (raw=0.0266)  vol=$122  trades=3  first_trade=2026-01-04 06:24  winrate=NaN  n_markets_traded=0.000  herfindahl_index_markets=0.000
10:31:00 [super]   #598   0xa236a1a58c02772f554b358b7328ab1a254a73f6  prob=0.0358 (raw=0.0265)  vol=$258  trades=2  first_trade=2026-01-04 05:23  winrate=0.294  n_markets_traded=51.000  herfindahl_index_markets=0.059
10:31:00 [super]   #599   0x3802961ee8300df8bd357f5914b5d55979dcdf45  prob=0.0358 (raw=0.0265)  vol=$14  trades=2  first_trade=2026-01-03 22:57  winrate=0.407  n_markets_traded=59.000  herfindahl_index_markets=0.025
10:31:00 [super]   #600   0x6236d2dbefaad00129d8f93639d669d08f36a157  prob=0.0358 (raw=0.0265)  vol=$2  trades=2  first_trade=2026-01-03 21:59  winrate=0.467  n_markets_traded=74.000  herfindahl_index_markets=0.046
10:31:00 [super]   #601   0x43f8af496e1990abf4fa6ec3985738aefc7b5c2b  prob=0.0358 (raw=0.0264)  vol=$2  trades=2  first_trade=2026-01-05 15:42  winrate=0.742  n_markets_traded=324.000  herfindahl_index_markets=0.012
10:31:00 [super]   #602   0x60a92c8620846d81f5ea17b0564e0d4b7c545a71  prob=0.0358 (raw=0.0264)  vol=$384  trades=6  first_trade=2026-01-03 06:41  winrate=NaN  n_markets_traded=0.000  herfindahl_index_markets=0.000
10:31:00 [super]   #603   0x71574f348776d963cbf525e1e8485e675687e3ab  prob=0.0358 (raw=0.0264)  vol=$1  trades=2  first_trade=2026-01-03 21:55  winrate=0.500  n_markets_traded=28.000  herfindahl_index_markets=0.053
10:31:00 [super]   #604   0xbb1e96c0eaa2955b52fff19232df5c6dc64c1be5  prob=0.0357 (raw=0.0261)  vol=$1  trades=2  first_trade=2026-01-03 22:36  winrate=0.453  n_markets_traded=75.000  herfindahl_index_markets=0.055
10:31:00 [super]   #605   0xc51d6b98c727dc1e99f597db1dc72afc5d1df1bc  prob=0.0357 (raw=0.0261)  vol=$1  trades=2  first_trade=2026-01-03 22:03  winrate=0.472  n_markets_traded=72.000  herfindahl_index_markets=0.057
10:31:00 [super]   #606   0x208b0e1dc6840e2ad8061042114ef7ac9c36dc09  prob=0.0357 (raw=0.0261)  vol=$1  trades=2  first_trade=2026-01-03 22:24  winrate=0.439  n_markets_traded=65.000  herfindahl_index_markets=0.051
10:31:00 [super]   #607   0xc489bdf7f5d90efd59cb35c17db82a40fb46af8f  prob=0.0357 (raw=0.0261)  vol=$1  trades=2  first_trade=2026-01-03 22:13  winrate=0.476  n_markets_traded=82.000  herfindahl_index_markets=0.040
10:31:00 [super]   #608   0x9e496ebffcc3899065f35fa7ff91a2b942d8a0b9  prob=0.0357 (raw=0.0261)  vol=$1  trades=2  first_trade=2026-01-03 22:11  winrate=0.466  n_markets_traded=58.000  herfindahl_index_markets=0.070
10:31:00 [super]   #609   0x3a9297a965cb0e246c64c6a4adc282b05234783c  prob=0.0357 (raw=0.0261)  vol=$1  trades=2  first_trade=2026-01-03 22:10  winrate=0.458  n_markets_traded=58.000  herfindahl_index_markets=0.089
10:31:00 [super]   #610   0x4570e99814003520f79869dc2417b660daa983ef  prob=0.0357 (raw=0.0261)  vol=$1  trades=2  first_trade=2026-01-03 22:36  winrate=0.464  n_markets_traded=83.000  herfindahl_index_markets=0.048
10:31:00 [super]   #611   0x2925a357ea63da020ccf95382cd4cb2f577e13d9  prob=0.0357 (raw=0.0261)  vol=$1  trades=2  first_trade=2026-01-03 22:30  winrate=0.491  n_markets_traded=57.000  herfindahl_index_markets=0.087
10:31:00 [super]   #612   0xf1a11c4f4f332616992a70ec080b3651aac99346  prob=0.0357 (raw=0.0261)  vol=$2  trades=2  first_trade=2026-01-04 08:10  winrate=0.382  n_markets_traded=34.000  herfindahl_index_markets=0.034
10:31:00 [super]   #613   0x5d25d5325c5c1b0ed0f46d71660786866561b703  prob=0.0357 (raw=0.0260)  vol=$5  trades=2  first_trade=2026-01-03 23:41  winrate=0.421  n_markets_traded=19.000  herfindahl_index_markets=0.071
10:31:00 [super]   #614   0xe6684f124fe85b8627597404f59a428e2b447a6b  prob=0.0357 (raw=0.0259)  vol=$40  trades=2  first_trade=2026-01-05 00:14  winrate=0.192  n_markets_traded=26.000  herfindahl_index_markets=0.048
10:31:00 [super]   #615   0xad2651c097d63a9b7a5db2d7d41f04f10aa7da90  prob=0.0357 (raw=0.0259)  vol=$30  trades=6  first_trade=2026-01-03 06:22  winrate=0.329  n_markets_traded=406.000  herfindahl_index_markets=0.013
10:31:00 [super]   #616   0x2277976f9ed3ad100552e4f3a992a84abc26a6ef  prob=0.0357 (raw=0.0258)  vol=$1  trades=2  first_trade=2026-01-03 21:47  winrate=0.478  n_markets_traded=46.000  herfindahl_index_markets=0.133
10:31:00 [super]   #617   0x7cf9b6a54834620b7be396638bf9391b2ff0393f  prob=0.0357 (raw=0.0258)  vol=$1  trades=2  first_trade=2026-01-03 21:47  winrate=0.424  n_markets_traded=33.000  herfindahl_index_markets=0.103
10:31:00 [super]   #618   0x2e183cc91aaf07eb990c75d6a3374a6319af6e3d  prob=0.0357 (raw=0.0258)  vol=$4  trades=2  first_trade=2026-01-05 21:57  winrate=0.348  n_markets_traded=92.000  herfindahl_index_markets=0.037
10:31:00 [super]   #619   0x4b1422eb24f34b5d0167e2e83ab96a4a60682e53  prob=0.0357 (raw=0.0257)  vol=$1  trades=2  first_trade=2026-01-03 21:54  winrate=0.412  n_markets_traded=17.000  herfindahl_index_markets=0.072
10:31:00 [super]   #620   0xedc2834124c0465fb2ccbf239896ef65f975ad9f  prob=0.0356 (raw=0.0256)  vol=$1,721  trades=5  first_trade=2026-01-03 18:41  winrate=NaN  n_markets_traded=0.000  herfindahl_index_markets=0.000
10:31:00 [super]   #621   0xbf16c9220fc6a3b63794a31ee187985063c6f61f  prob=0.0356 (raw=0.0255)  vol=$10  trades=2  first_trade=2026-01-04 05:01  winrate=0.190  n_markets_traded=21.000  herfindahl_index_markets=0.122
10:31:00 [super]   #622   0x0256c0189662fbc15f0c676a6db2e009c743d3d7  prob=0.0356 (raw=0.0254)  vol=$115  trades=6  first_trade=2026-01-03 11:22  winrate=0.143  n_markets_traded=42.000  herfindahl_index_markets=0.059
10:31:00 [super]   #623   0xb6243e032f548c6ca3d56fb9602b4eae51807df9  prob=0.0356 (raw=0.0253)  vol=$3  trades=2  first_trade=2026-01-04 05:49  winrate=0.105  n_markets_traded=19.000  herfindahl_index_markets=0.109
10:31:00 [super]   #624   0xda647386ce953f0d95c23880b76a23df4d9be3e1  prob=0.0356 (raw=0.0252)  vol=$663  trades=7  first_trade=2026-01-05 23:54  winrate=0.706  n_markets_traded=136.000  herfindahl_index_markets=0.023
10:31:00 [super]   #625   0x611a25ee25a88348e6c4e567a8bddfd81ae3ad84  prob=0.0356 (raw=0.0252)  vol=$9  trades=4  first_trade=2026-01-03 17:46  winrate=0.071  n_markets_traded=28.000  herfindahl_index_markets=0.060
10:31:00 [super]   #626   0x8692b0229f9747922318c949244e50e5e880f6c8  prob=0.0356 (raw=0.0252)  vol=$8  trades=4  first_trade=2026-01-03 13:24  winrate=0.239  n_markets_traded=71.000  herfindahl_index_markets=0.033
10:31:00 [super]   #627   0xd78da48216f9ce36769ab681394c4c94a625cd73  prob=0.0356 (raw=0.0249)  vol=$65  trades=2  first_trade=2026-01-04 06:23  winrate=0.211  n_markets_traded=19.000  herfindahl_index_markets=0.124
10:31:00 [super]   #628   0xbae242171969618fe17f12170445b370505a05f2  prob=0.0356 (raw=0.0249)  vol=$302  trades=7  first_trade=2026-01-03 20:47  winrate=0.300  n_markets_traded=40.000  herfindahl_index_markets=0.094
10:31:00 [super]   #629   0xb7606d0d3719c88f9b868a13015881af5222ccd7  prob=0.0355 (raw=0.0249)  vol=$624  trades=5  first_trade=2026-01-03 15:31  winrate=0.609  n_markets_traded=86.000  herfindahl_index_markets=0.142
10:31:00 [super]   #630   0x56026d2414c562632ea5e3a51f1071dac901c12b  prob=0.0355 (raw=0.0249)  vol=$83  trades=4  first_trade=2026-01-03 13:57  winrate=0.547  n_markets_traded=53.000  herfindahl_index_markets=0.107
10:31:00 [super]   #631   0xdd797db4968113fac94b742ca4d0a1d97dd4e53a  prob=0.0355 (raw=0.0248)  vol=$25  trades=2  first_trade=2026-01-03 20:59  winrate=0.308  n_markets_traded=26.000  herfindahl_index_markets=0.097
10:31:00 [super]   #632   0x97e51fb734200cf785655999259883258c3699d0  prob=0.0355 (raw=0.0247)  vol=$5  trades=4  first_trade=2026-01-03 23:01  winrate=0.261  n_markets_traded=23.000  herfindahl_index_markets=0.222
10:31:00 [super]   #633   0x9238743eeba8bbfe9e85ac7ba2e1e3d77877b73e  prob=0.0355 (raw=0.0245)  vol=$164  trades=6  first_trade=2026-01-03 07:54  winrate=NaN  n_markets_traded=0.000  herfindahl_index_markets=0.000
10:31:00 [super]   #634   0x6640bd87f6e4b6e8d62457448bd1b3a4711a2202  prob=0.0355 (raw=0.0244)  vol=$699  trades=3  first_trade=2026-01-05 16:54  winrate=NaN  n_markets_traded=0.000  herfindahl_index_markets=0.000
10:31:00 [super]   #635   0x605c17294eb7dba26a4f205eb6180853185383dc  prob=0.0355 (raw=0.0243)  vol=$114  trades=3  first_trade=2025-12-28 22:21  winrate=0.386  n_markets_traded=88.000  herfindahl_index_markets=0.021
10:31:00 [super]   #636   0x3790b32a018fad2f92f36866a2a5bbe9922ff78f  prob=0.0354 (raw=0.0242)  vol=$3,147  trades=14  first_trade=2026-01-03 10:36  winrate=0.297  n_markets_traded=37.000  herfindahl_index_markets=0.093
10:31:00 [super]   #637   0xfa0b5073d4f42d64ee544722711d6a27961c9f2e  prob=0.0354 (raw=0.0242)  vol=$39  trades=3  first_trade=2026-01-04 08:31  winrate=NaN  n_markets_traded=0.000  herfindahl_index_markets=0.000
10:31:00 [super]   #638   0x7740253843b20007a4c99c3766878351002acbcd  prob=0.0354 (raw=0.0242)  vol=$38  trades=2  first_trade=2026-01-05 08:50  winrate=NaN  n_markets_traded=0.000  herfindahl_index_markets=0.000
10:31:00 [super]   #639   0xfad4fb17d54b6d600d6cc912d433e73c252ca210  prob=0.0354 (raw=0.0241)  vol=$22  trades=2  first_trade=2026-01-04 07:35  winrate=0.381  n_markets_traded=155.000  herfindahl_index_markets=0.025
10:31:00 [super]   #640   0xc3d1f72bce193a05466d5d9594d56f2cffe5e933  prob=0.0354 (raw=0.0241)  vol=$43  trades=5  first_trade=2026-01-03 18:26  winrate=0.333  n_markets_traded=18.000  herfindahl_index_markets=0.076
10:31:00 [super]   #641   0x51ce4780f5a17e67f3394ea1f78888e5ec8b43fa  prob=0.0354 (raw=0.0240)  vol=$135  trades=8  first_trade=2026-01-03 14:09  winrate=NaN  n_markets_traded=0.000  herfindahl_index_markets=0.000
10:31:00 [super]   #642   0xd70ccd1e507c9ab5e42b2b8a46cc41acca16ff73  prob=0.0354 (raw=0.0239)  vol=$1  trades=2  first_trade=2026-01-03 22:11  winrate=0.529  n_markets_traded=70.000  herfindahl_index_markets=0.069
10:31:00 [super]   #643   0x4150aec06cdf94a3f271f1764dfb06407843ab98  prob=0.0354 (raw=0.0238)  vol=$3  trades=2  first_trade=2026-01-03 09:44  winrate=0.056  n_markets_traded=18.000  herfindahl_index_markets=0.069
10:31:00 [super]   #644   0x356a7bc9c5aa7553f5a32f54fe616f0639821354  prob=0.0354 (raw=0.0238)  vol=$4  trades=2  first_trade=2026-01-03 10:02  winrate=0.316  n_markets_traded=193.000  herfindahl_index_markets=0.015
10:31:00 [super]   #645   0xd5b97d08ec6098407bfbf66c2786ccc9967fe44e  prob=0.0354 (raw=0.0236)  vol=$1,764  trades=23  first_trade=2026-01-03 11:54  winrate=NaN  n_markets_traded=0.000  herfindahl_index_markets=0.000
10:31:00 [super]   #646   0x8705fb0a92538dd28b9018886c5d4cbc2d2b2c2f  prob=0.0353 (raw=0.0234)  vol=$11  trades=4  first_trade=2026-01-03 23:39  winrate=0.000  n_markets_traded=6.000  herfindahl_index_markets=0.337
10:31:00 [super]   #647   0x6bac81f25083cc398047c27a152b81cb0aeccda1  prob=0.0353 (raw=0.0233)  vol=$3  trades=2  first_trade=2026-01-04 07:49  winrate=0.279  n_markets_traded=68.000  herfindahl_index_markets=0.092
10:31:00 [super]   #648   0x3c6bf734a2cdb52debb1d50a43299e1bf0d8c641  prob=0.0353 (raw=0.0231)  vol=$216  trades=27  first_trade=2026-01-03 11:54  winrate=0.379  n_markets_traded=66.000  herfindahl_index_markets=0.113
10:31:00 [super]   #649   0x3c4972e70adc1279e5e6afa81f9a3cc76ce15251  prob=0.0353 (raw=0.0229)  vol=$668  trades=10  first_trade=2026-01-04 02:04  winrate=0.450  n_markets_traded=98.000  herfindahl_index_markets=0.053
10:31:00 [super]   #650   0xa7f4369f488c95ec64497c3cce9aea00f1c11e31  prob=0.0352 (raw=0.0229)  vol=$2  trades=2  first_trade=2026-01-03 21:45  winrate=0.208  n_markets_traded=24.000  herfindahl_index_markets=0.133
10:31:00 [super]   #651   0x025e3abeefa9ab9197d4ada5c5219e68a4218f22  prob=0.0352 (raw=0.0228)  vol=$379  trades=29  first_trade=2026-01-03 11:54  winrate=0.379  n_markets_traded=66.000  herfindahl_index_markets=0.120
10:31:00 [super]   #652   0x9f555ea00e7d19bfd7fd29a0716ec13ea52171c9  prob=0.0352 (raw=0.0228)  vol=$100  trades=3  first_trade=2026-01-04 23:32  winrate=0.154  n_markets_traded=13.000  herfindahl_index_markets=0.326
10:31:00 [super]   #653   0x810dc5d0c570d20d44e98993e70227326d023527  prob=0.0352 (raw=0.0228)  vol=$17  trades=4  first_trade=2026-01-03 09:44  winrate=0.158  n_markets_traded=19.000  herfindahl_index_markets=0.090
10:31:00 [super]   #654   0x220c2ae3078c477f12122b2e5da429e0c6ed00eb  prob=0.0352 (raw=0.0227)  vol=$19  trades=4  first_trade=2026-01-03 15:08  winrate=0.498  n_markets_traded=325.000  herfindahl_index_markets=0.088
10:31:00 [super]   #655   0x917d18318d2707362cc85df0a8b931028857d5df  prob=0.0352 (raw=0.0226)  vol=$443  trades=26  first_trade=2026-01-03 11:54  winrate=0.333  n_markets_traded=63.000  herfindahl_index_markets=0.120
10:31:00 [super]   #656   0xdc1ee9e3ac2e4ecdad5be2c6c18a06dc3afc88b4  prob=0.0352 (raw=0.0226)  vol=$2,852  trades=18  first_trade=2026-01-03 10:43  winrate=0.000  n_markets_traded=4.000  herfindahl_index_markets=0.656
10:31:00 [super]   #657   0xb4c56fec06b1936fdc55bc982b03c19ff022d67e  prob=0.0352 (raw=0.0223)  vol=$20  trades=2  first_trade=2026-01-03 20:50  winrate=0.512  n_markets_traded=41.000  herfindahl_index_markets=0.054
10:31:00 [super]   #658   0x96c6740f9b58c5a38c9172147cd6266da06c34a2  prob=0.0352 (raw=0.0223)  vol=$5,265  trades=63  first_trade=2025-12-30 07:50  winrate=0.490  n_markets_traded=79.000  herfindahl_index_markets=0.081
10:31:00 [super]   #659   0x8926b065326d11dd1a7ea017be431f40c1ce226d  prob=0.0352 (raw=0.0223)  vol=$69  trades=6  first_trade=2026-01-03 16:37  winrate=0.118  n_markets_traded=17.000  herfindahl_index_markets=0.112
10:31:00 [super]   #660   0xd6b301f0b57655ed729c7e39559ce13dc476cbb7  prob=0.0352 (raw=0.0222)  vol=$5  trades=8  first_trade=2026-01-03 21:24  winrate=0.095  n_markets_traded=21.000  herfindahl_index_markets=0.081
10:31:00 [super]   #661   0x20904fe4cae7766045e8a00092c67f3118acd42e  prob=0.0351 (raw=0.0222)  vol=$93  trades=25  first_trade=2026-01-03 11:54  winrate=0.217  n_markets_traded=82.000  herfindahl_index_markets=0.108
10:31:00 [super]   #662   0x729a0080b01d7cae43b1247d5a92271aede787be  prob=0.0351 (raw=0.0221)  vol=$18  trades=5  first_trade=2026-01-03 14:58  winrate=0.347  n_markets_traded=261.000  herfindahl_index_markets=0.007
10:31:00 [super]   #663   0xc8629ac5eb111c5e1cf1beb573d8b47b316b2308  prob=0.0351 (raw=0.0220)  vol=$10  trades=4  first_trade=2026-01-03 11:52  winrate=0.161  n_markets_traded=31.000  herfindahl_index_markets=0.074
10:31:00 [super]   #664   0xceb3731ffd0853255e7cdb18b3b108807190108e  prob=0.0351 (raw=0.0218)  vol=$5,430  trades=22  first_trade=2026-01-03 11:54  winrate=0.289  n_markets_traded=83.000  herfindahl_index_markets=0.039
10:31:00 [super]   #665   0x6aef4e556bd1d8bfc66a77c7039bb2186999ca62  prob=0.0351 (raw=0.0218)  vol=$6  trades=4  first_trade=2026-01-03 08:32  winrate=0.618  n_markets_traded=110.000  herfindahl_index_markets=0.028
10:31:00 [super]   #666   0x286eb83b7aeac8c93dbaf4965cbaa41a5a8e7d04  prob=0.0351 (raw=0.0217)  vol=$724  trades=8  first_trade=2026-01-03 10:31  winrate=0.312  n_markets_traded=96.000  herfindahl_index_markets=0.032
10:31:00 [super]   #667   0xa3e7869fd1c6a4e7b885f520304ede1de25c2238  prob=0.0351 (raw=0.0217)  vol=$6  trades=2  first_trade=2026-01-03 21:46  winrate=0.450  n_markets_traded=20.000  herfindahl_index_markets=0.074
10:31:00 [super]   #668   0x138c862356dfb1d2ac120de0fb06e332acfd80c2  prob=0.0351 (raw=0.0216)  vol=$4  trades=4  first_trade=2026-01-03 09:43  winrate=NaN  n_markets_traded=0.000  herfindahl_index_markets=0.000
10:31:00 [super]   #669   0x58d4c6549b6eb72b6fb0ffcdc7e4b76679ce7cca  prob=0.0351 (raw=0.0216)  vol=$43  trades=4  first_trade=2026-01-03 10:58  winrate=0.417  n_markets_traded=24.000  herfindahl_index_markets=0.046
10:31:00 [super]   #670   0xce3f6b3576caccbc7005787d09b519a0997b67c9  prob=0.0351 (raw=0.0216)  vol=$363  trades=22  first_trade=2026-01-04 14:29  winrate=0.336  n_markets_traded=209.000  herfindahl_index_markets=0.039
10:31:00 [super]   #671   0xc7521c83375fd4c77bb4ebaad5b5f2b63bfe2d15  prob=0.0350 (raw=0.0212)  vol=$556  trades=2  first_trade=2026-01-06 16:02  winrate=0.265  n_markets_traded=34.000  herfindahl_index_markets=0.068
10:31:00 [super]   #672   0xa11bb73b8674cb0ad4b60563c5bf57ce3ed3b1cc  prob=0.0350 (raw=0.0211)  vol=$4  trades=4  first_trade=2026-01-03 06:26  winrate=0.603  n_markets_traded=101.000  herfindahl_index_markets=0.026
10:31:00 [super]   #673   0x41f1d4573e8f1ae31b35fbc463c70eea18a83dcc  prob=0.0350 (raw=0.0211)  vol=$7  trades=3  first_trade=2025-12-21 07:57  winrate=NaN  n_markets_traded=0.000  herfindahl_index_markets=0.000
10:31:00 [super]   #674   0xd5cc1a17c0e7fd25875b086816c09ff410c96f6a  prob=0.0350 (raw=0.0210)  vol=$24  trades=4  first_trade=2026-01-03 07:26  winrate=0.000  n_markets_traded=9.000  herfindahl_index_markets=0.178
10:31:00 [super]   #675   0xa812a4ce0035754be421f5ef20e13485f304b818  prob=0.0350 (raw=0.0209)  vol=$114  trades=3  first_trade=2026-01-04 09:06  winrate=0.333  n_markets_traded=3.000  herfindahl_index_markets=0.675
10:31:00 [super]   #676   0x09733a494c134f9d4b61a10cba99b6f5328a40c4  prob=0.0349 (raw=0.0208)  vol=$60  trades=4  first_trade=2026-01-03 17:19  winrate=0.329  n_markets_traded=73.000  herfindahl_index_markets=0.025
10:31:00 [super]   #677   0xd085c89633c877d4f004f48af00aaea1c755e963  prob=0.0349 (raw=0.0205)  vol=$22  trades=4  first_trade=2025-12-19 21:07  winrate=0.500  n_markets_traded=24.000  herfindahl_index_markets=0.175
10:31:00 [super]   #678   0xda14cd61b3577ea67ad42f0720bf74c5e31b9cd2  prob=0.0349 (raw=0.0204)  vol=$10  trades=4  first_trade=2026-01-03 15:32  winrate=0.210  n_markets_traded=62.000  herfindahl_index_markets=0.074
10:31:00 [super]   #679   0xb8df41e015097e107b761d52f96253ddbfb76df7  prob=0.0349 (raw=0.0203)  vol=$417  trades=22  first_trade=2026-01-04 23:02  winrate=0.415  n_markets_traded=104.000  herfindahl_index_markets=0.025
10:31:00 [super]   #680   0x3e725c3f1df6c8cc809f8e6a9fbcbb9bf4457de5  prob=0.0348 (raw=0.0201)  vol=$1,820  trades=7  first_trade=2025-12-26 21:13  winrate=0.431  n_markets_traded=51.000  herfindahl_index_markets=0.034
10:31:00 [super]   #681   0x50b242e0b9ac75359464c5b3be62ad6b42d8c94a  prob=0.0348 (raw=0.0201)  vol=$343  trades=7  first_trade=2026-01-03 18:28  winrate=NaN  n_markets_traded=0.000  herfindahl_index_markets=0.000
10:31:00 [super]   #682   0xd6518e248efcf4eb0642bf670c08b0f7f6f60f3b  prob=0.0348 (raw=0.0199)  vol=$105  trades=5  first_trade=2026-01-03 23:21  winrate=0.000  n_markets_traded=1.000  herfindahl_index_markets=1.000
10:31:00 [super]   #683   0x481ae1a551f92a02bd415ba091758bb9e012dc6d  prob=0.0348 (raw=0.0195)  vol=$111  trades=2  first_trade=2026-01-06 12:49  winrate=0.000  n_markets_traded=11.000  herfindahl_index_markets=0.141
10:31:00 [super]   #684   0xbbb2671dbe308ecaa68b2e9a3f0706f386800e92  prob=0.0348 (raw=0.0195)  vol=$204  trades=19  first_trade=2026-01-03 17:04  winrate=0.500  n_markets_traded=14.000  herfindahl_index_markets=0.147
10:31:00 [super]   #685   0x07f1cea28e80ce3879ddd0a2dcbf5276d3dc9f1c  prob=0.0348 (raw=0.0194)  vol=$102  trades=5  first_trade=2026-01-03 14:41  winrate=0.115  n_markets_traded=26.000  herfindahl_index_markets=0.116
10:31:00 [super]   #686   0x7e7c0a8a64fc49a5a1911ef268006623a7a24d13  prob=0.0347 (raw=0.0194)  vol=$44  trades=4  first_trade=2025-12-19 10:03  winrate=NaN  n_markets_traded=0.000  herfindahl_index_markets=0.000
10:31:00 [super]   #687   0xc63b5301bc47e27c03c91a7cbea3c840703cda3f  prob=0.0347 (raw=0.0193)  vol=$98  trades=5  first_trade=2026-01-03 18:01  winrate=NaN  n_markets_traded=0.000  herfindahl_index_markets=0.000
10:31:00 [super]   #688   0x6ce2bbb2466d3ec2e1ab169413f54acc77d6937c  prob=0.0347 (raw=0.0191)  vol=$1,633  trades=14  first_trade=2026-01-04 04:09  winrate=0.333  n_markets_traded=3.000  herfindahl_index_markets=0.588
10:31:00 [super]   #689   0xd286876350bf833452276bec80d4388c6341d55d  prob=0.0347 (raw=0.0190)  vol=$2  trades=2  first_trade=2026-01-05 21:22  winrate=0.735  n_markets_traded=572.000  herfindahl_index_markets=0.065
10:31:00 [super]   #690   0x3efedd954c724bd4c2844738a1597be2b2dd2ed8  prob=0.0347 (raw=0.0190)  vol=$7  trades=4  first_trade=2026-01-03 16:09  winrate=NaN  n_markets_traded=0.000  herfindahl_index_markets=0.000
10:31:00 [super]   #691   0x7e1358443c79893d80d17787d5b68b72a99e9405  prob=0.0347 (raw=0.0190)  vol=$4  trades=4  first_trade=2026-01-03 13:28  winrate=0.409  n_markets_traded=22.000  herfindahl_index_markets=0.194
10:31:00 [super]   #692   0x9bd74f5f970fe3d3c5e747fabcdc025fa47796d3  prob=0.0347 (raw=0.0190)  vol=$25  trades=4  first_trade=2026-01-03 10:57  winrate=0.635  n_markets_traded=207.000  herfindahl_index_markets=0.042
10:31:00 [super]   #693   0x97689859bfbad739235abcdc15abf92767eec18a  prob=0.0347 (raw=0.0188)  vol=$48  trades=5  first_trade=2026-01-03 15:08  winrate=0.053  n_markets_traded=19.000  herfindahl_index_markets=0.083
10:31:00 [super]   #694   0x0cdc3e41d4d3fd0039e2324301a8faff800fae37  prob=0.0347 (raw=0.0188)  vol=$99  trades=5  first_trade=2026-01-03 15:53  winrate=0.270  n_markets_traded=1104.000  herfindahl_index_markets=0.007
10:31:00 [super]   #695   0xfd91cd350e08d2c3d3cc1ac26d046456cd29f0a0  prob=0.0347 (raw=0.0187)  vol=$369  trades=5  first_trade=2026-01-03 22:57  winrate=0.000  n_markets_traded=7.000  herfindahl_index_markets=0.369
10:31:00 [super]   #696   0x3237134d752a664e30d2b4595a2bbfafd80529dd  prob=0.0346 (raw=0.0187)  vol=$39  trades=7  first_trade=2026-01-03 19:59  winrate=0.200  n_markets_traded=50.000  herfindahl_index_markets=0.074
10:31:00 [super]   #697   0x1e63e24a7451af8bfe0b4d882a08612bfcfa3f8a  prob=0.0346 (raw=0.0186)  vol=$109  trades=6  first_trade=2026-01-03 19:22  winrate=0.444  n_markets_traded=63.000  herfindahl_index_markets=0.049
10:31:00 [super]   #698   0x6b09d4206318fe87f74bcb0621f5351d8c90e10f  prob=0.0346 (raw=0.0185)  vol=$343  trades=7  first_trade=2026-01-03 21:38  winrate=0.333  n_markets_traded=9.000  herfindahl_index_markets=0.314
10:31:00 [super]   #699   0x25257a6a89dba93dd0c536b6279365632a4eb919  prob=0.0346 (raw=0.0184)  vol=$9,918  trades=25  first_trade=2026-01-03 13:20  winrate=NaN  n_markets_traded=0.000  herfindahl_index_markets=0.000
10:31:00 [super]   #700   0xeccab812c0c6256ccdef7a9a3a7cd114947f6a15  prob=0.0346 (raw=0.0183)  vol=$8  trades=4  first_trade=2026-01-03 13:51  winrate=0.489  n_markets_traded=358.000  herfindahl_index_markets=0.007
10:31:00 [super]   #701   0x34b293ea612c094e92a71d438478a82778798558  prob=0.0346 (raw=0.0182)  vol=$41  trades=6  first_trade=2025-12-22 00:01  winrate=0.160  n_markets_traded=25.000  herfindahl_index_markets=0.096
10:31:00 [super]   #702   0x5817d05244f2d6357fca69c1e9a6c3c1d4d89306  prob=0.0346 (raw=0.0181)  vol=$227  trades=13  first_trade=2026-01-03 10:13  winrate=0.280  n_markets_traded=118.000  herfindahl_index_markets=0.020
10:31:00 [super]   #703   0x08a6e4da67d93ab30bb3e4c88c550977866af3cc  prob=0.0345 (raw=0.0180)  vol=$16  trades=10  first_trade=2026-01-01 09:01  winrate=NaN  n_markets_traded=0.000  herfindahl_index_markets=0.000
10:31:00 [super]   #704   0xd06113c05feb46f15749d02b7bb920122213d5e4  prob=0.0345 (raw=0.0178)  vol=$1,121  trades=33  first_trade=2026-01-03 13:16  winrate=0.243  n_markets_traded=228.000  herfindahl_index_markets=0.029
10:31:00 [super]   #705   0xf4afef24dac28aa685a2e9b0a57b43b813190938  prob=0.0345 (raw=0.0178)  vol=$747  trades=9  first_trade=2026-01-03 14:21  winrate=0.561  n_markets_traded=287.000  herfindahl_index_markets=0.011
10:31:00 [super]   #706   0x0218c0a9bce8ce3e67d5b49550d3840c202d52c0  prob=0.0345 (raw=0.0178)  vol=$109  trades=4  first_trade=2026-01-03 13:57  winrate=NaN  n_markets_traded=0.000  herfindahl_index_markets=0.000
10:31:00 [super]   #707   0x1fc9776b33c40adf0ef9c1287d2810766dd1ace5  prob=0.0345 (raw=0.0176)  vol=$229  trades=39  first_trade=2026-01-02 14:19  winrate=NaN  n_markets_traded=0.000  herfindahl_index_markets=0.000
10:31:00 [super]   #708   0x1f4dc4a5082fdbc571549042702f9aa1e9f2bd49  prob=0.0345 (raw=0.0176)  vol=$4  trades=4  first_trade=2025-12-18 21:48  winrate=0.350  n_markets_traded=547.000  herfindahl_index_markets=0.009
10:31:00 [super]   #709   0xcb70c6449bb478d46fc2c74907ad893bd1a6d906  prob=0.0345 (raw=0.0175)  vol=$135  trades=9  first_trade=2026-01-04 02:27  winrate=0.464  n_markets_traded=28.000  herfindahl_index_markets=0.091
10:31:00 [super]   #710   0xcf4e8c0bd8941caea7a5e90ee37657aafd88c5c0  prob=0.0345 (raw=0.0175)  vol=$4  trades=4  first_trade=2025-12-19 20:59  winrate=0.289  n_markets_traded=76.000  herfindahl_index_markets=0.027
10:31:00 [super]   #711   0x034a1115ca59f75003607799306f82111fcde968  prob=0.0345 (raw=0.0174)  vol=$450  trades=25  first_trade=2026-01-03 16:28  winrate=0.545  n_markets_traded=33.000  herfindahl_index_markets=0.096
10:31:00 [super]   #712   0x39bc135381acb7a87de2c20f4862a25f5accf230  prob=0.0344 (raw=0.0172)  vol=$20  trades=6  first_trade=2025-12-23 11:47  winrate=0.000  n_markets_traded=38.000  herfindahl_index_markets=0.043
10:31:00 [super]   #713   0x70b72f27fd25485ffd2aa1949b845c5c64115745  prob=0.0344 (raw=0.0171)  vol=$623  trades=4  first_trade=2026-01-04 23:20  winrate=0.250  n_markets_traded=4.000  herfindahl_index_markets=0.300
10:31:00 [super]   #714   0x5dbf1df3adc2129ccaceca6fee457013d59a3fae  prob=0.0344 (raw=0.0170)  vol=$120  trades=24  first_trade=2026-01-03 12:36  winrate=0.572  n_markets_traded=224.000  herfindahl_index_markets=0.013
10:31:00 [super]   #715   0x042452b0b4188dce7c61c84d98b182ca8d7a95dd  prob=0.0344 (raw=0.0167)  vol=$78  trades=5  first_trade=2026-01-03 14:39  winrate=0.651  n_markets_traded=189.000  herfindahl_index_markets=0.022
10:31:00 [super]   #716   0x31a81dab2a710579056b628f003f3bd811361f07  prob=0.0344 (raw=0.0167)  vol=$258  trades=7  first_trade=2025-12-28 21:53  winrate=0.355  n_markets_traded=276.000  herfindahl_index_markets=0.015
10:31:00 [super]   #717   0x6b0f706a1edd66cc65378edd91b7e480f756740f  prob=0.0344 (raw=0.0167)  vol=$121  trades=13  first_trade=2026-01-03 19:24  winrate=0.844  n_markets_traded=44.000  herfindahl_index_markets=0.100
10:31:00 [super]   #718   0xc6da93b212bcdadb00758fa76a827d956231e2d8  prob=0.0344 (raw=0.0166)  vol=$104  trades=7  first_trade=2026-01-04 02:39  winrate=0.000  n_markets_traded=2.000  herfindahl_index_markets=0.500
10:31:00 [super]   #719   0x42b46d829addaab26135b11ea86ef60ee376ecd0  prob=0.0343 (raw=0.0165)  vol=$3  trades=2  first_trade=2026-01-04 06:26  winrate=0.547  n_markets_traded=53.000  herfindahl_index_markets=0.043
10:31:00 [super]   #720   0xc71b43cf1a6c9f79743bdf5e15a763d93d7ce265  prob=0.0343 (raw=0.0164)  vol=$9  trades=18  first_trade=2026-01-01 17:01  winrate=NaN  n_markets_traded=0.000  herfindahl_index_markets=0.000
10:31:00 [super]   #721   0xda391d93ad9897d189f9b6c011eefc57b576fef1  prob=0.0343 (raw=0.0163)  vol=$9  trades=4  first_trade=2026-01-03 14:52  winrate=0.162  n_markets_traded=68.000  herfindahl_index_markets=0.050
10:31:00 [super]   #722   0xbf8f1aace0b70814fcc87bc2ecd617a3cde98bba  prob=0.0343 (raw=0.0159)  vol=$32  trades=8  first_trade=2026-01-05 12:15  winrate=NaN  n_markets_traded=0.000  herfindahl_index_markets=0.000
10:31:00 [super]   #723   0xb6d9e632de222d4b341cd16bca95b31c898cf359  prob=0.0343 (raw=0.0159)  vol=$51  trades=11  first_trade=2026-01-03 16:44  winrate=0.419  n_markets_traded=42.000  herfindahl_index_markets=0.103
10:31:00 [super]   #724   0xaf2e9f17b7107e92d0704e1f6eb9f823919a45fb  prob=0.0343 (raw=0.0159)  vol=$414  trades=18  first_trade=2026-01-03 14:43  winrate=0.353  n_markets_traded=17.000  herfindahl_index_markets=0.091
10:31:00 [super]   #725   0x42528691b483d186dbf7054b87ce03bbc07e5db1  prob=0.0342 (raw=0.0157)  vol=$93  trades=9  first_trade=2026-01-03 19:41  winrate=0.509  n_markets_traded=159.000  herfindahl_index_markets=0.027
10:31:00 [super]   #726   0xf7b9174e9eb91c697939bdcf45aa7d268498ad8f  prob=0.0342 (raw=0.0157)  vol=$1,794  trades=11  first_trade=2026-01-03 10:30  winrate=NaN  n_markets_traded=0.000  herfindahl_index_markets=0.000
10:31:00 [super]   #727   0x0408c084014487e37e8287d642833e742fa23d68  prob=0.0342 (raw=0.0157)  vol=$16  trades=3  first_trade=2026-01-03 09:45  winrate=NaN  n_markets_traded=0.000  herfindahl_index_markets=0.000
10:31:00 [super]   #728   0xf2e71723da2064975a603470714b90bf659040c2  prob=0.0342 (raw=0.0157)  vol=$475  trades=6  first_trade=2026-01-03 09:44  winrate=0.514  n_markets_traded=222.000  herfindahl_index_markets=0.023
10:31:00 [super]   #729   0xb557dc93416e066a090e504fe9691bffad0def84  prob=0.0342 (raw=0.0155)  vol=$382  trades=18  first_trade=2026-01-03 16:54  winrate=0.442  n_markets_traded=300.000  herfindahl_index_markets=0.011
10:31:00 [super]   #730   0xc68d5dea6163e1d013027cdbac2df4ddecc8ec12  prob=0.0342 (raw=0.0155)  vol=$5,035  trades=24  first_trade=2026-01-04 22:06  winrate=0.370  n_markets_traded=46.000  herfindahl_index_markets=0.078
10:31:00 [super]   #731   0xdf5bb5a706dc750396041bed6c2e0962d11f9649  prob=0.0342 (raw=0.0154)  vol=$5  trades=4  first_trade=2026-01-03 13:34  winrate=0.360  n_markets_traded=25.000  herfindahl_index_markets=0.082
10:31:00 [super]   #732   0x37b86fddd387c6212c81a5517616a9149d9412f4  prob=0.0342 (raw=0.0153)  vol=$90  trades=5  first_trade=2026-01-04 09:14  winrate=0.300  n_markets_traded=10.000  herfindahl_index_markets=0.227
10:31:00 [super]   #733   0xc49b57544111fcf53cfd415384d8849e625770c0  prob=0.0342 (raw=0.0153)  vol=$107  trades=8  first_trade=2026-01-03 16:45  winrate=NaN  n_markets_traded=0.000  herfindahl_index_markets=0.000
10:31:00 [super]   #734   0x9ddfa4d5b954379a03d19f87df36b9820b862c83  prob=0.0342 (raw=0.0152)  vol=$511  trades=5  first_trade=2026-01-06 09:15  winrate=NaN  n_markets_traded=0.000  herfindahl_index_markets=0.000
10:31:00 [super]   #735   0x1f4c45517fac61b0673f2904e8a2f5ba4f20de22  prob=0.0341 (raw=0.0152)  vol=$606  trades=19  first_trade=2026-01-04 03:38  winrate=0.187  n_markets_traded=267.000  herfindahl_index_markets=0.077
10:31:00 [super]   #736   0xef284c61a9a90842cbac8408cc067f89f7912d50  prob=0.0341 (raw=0.0151)  vol=$519  trades=22  first_trade=2026-01-03 09:57  winrate=0.230  n_markets_traded=296.000  herfindahl_index_markets=0.030
10:31:00 [super]   #737   0x7a3f36da794e9e7cda37d821428b74bdd36f1dab  prob=0.0341 (raw=0.0149)  vol=$78  trades=4  first_trade=2026-01-04 10:38  winrate=0.000  n_markets_traded=11.000  herfindahl_index_markets=0.117
10:31:00 [super]   #738   0x1c144e30f405a25f991cbd8baa15d40599090869  prob=0.0341 (raw=0.0148)  vol=$502  trades=4  first_trade=2026-01-04 20:56  winrate=NaN  n_markets_traded=0.000  herfindahl_index_markets=0.000
10:31:00 [super]   #739   0x41583f2efc720b8e2682750fffb67f2806fece9f  prob=0.0341 (raw=0.0147)  vol=$4,017  trades=46  first_trade=2026-01-03 11:54  winrate=NaN  n_markets_traded=0.000  herfindahl_index_markets=0.000
10:31:00 [super]   #740   0xac8f7a528559574627a6cc44e2307704e89bfedd  prob=0.0341 (raw=0.0146)  vol=$1,477  trades=17  first_trade=2026-01-05 01:51  winrate=NaN  n_markets_traded=0.000  herfindahl_index_markets=0.000
10:31:00 [super]   #741   0xf0729143cbf9ade46743017ec4e1832a3564cee7  prob=0.0341 (raw=0.0146)  vol=$570  trades=20  first_trade=2026-01-03 14:58  winrate=NaN  n_markets_traded=0.000  herfindahl_index_markets=0.000
10:31:00 [super]   #742   0xf0b0ef1d6320c6be896b4c9c54dd74407e7f8cab  prob=0.0341 (raw=0.0145)  vol=$3,947  trades=405  first_trade=2025-12-27 09:39  winrate=NaN  n_markets_traded=0.000  herfindahl_index_markets=0.000
10:31:00 [super]   #743   0x65bf3bfd2cd0506e8e41752a01e7af7817c94b91  prob=0.0340 (raw=0.0145)  vol=$13,387  trades=32  first_trade=2026-01-03 15:02  winrate=NaN  n_markets_traded=0.000  herfindahl_index_markets=0.000
10:31:00 [super]   #744   0x5bb35cf3a3e3b38d74c3a98235637c89eae158fc  prob=0.0340 (raw=0.0144)  vol=$427  trades=24  first_trade=2026-01-03 09:49  winrate=0.727  n_markets_traded=11.000  herfindahl_index_markets=0.154
10:31:00 [super]   #745   0x8414977afc9f704ff4fc12f975c1d8ca33a53d65  prob=0.0340 (raw=0.0144)  vol=$209  trades=7  first_trade=2025-12-30 22:27  winrate=0.892  n_markets_traded=83.000  herfindahl_index_markets=0.015
10:31:00 [super]   #746   0xa86bc0c1db0f1865ef6b2f584381305b513463d5  prob=0.0340 (raw=0.0144)  vol=$22  trades=4  first_trade=2026-01-03 21:55  winrate=0.333  n_markets_traded=6.000  herfindahl_index_markets=0.223
10:31:00 [super]   #747   0x9416b0ca9df006a64def65021451caba9adf5a15  prob=0.0340 (raw=0.0143)  vol=$1,347  trades=34  first_trade=2026-01-03 12:51  winrate=NaN  n_markets_traded=0.000  herfindahl_index_markets=0.000
10:31:00 [super]   #748   0x3f4f9145904c7b3261c3bbe05fcea64d9d91b4b3  prob=0.0340 (raw=0.0143)  vol=$193  trades=20  first_trade=2026-01-03 09:31  winrate=0.549  n_markets_traded=532.000  herfindahl_index_markets=0.004
10:31:00 [super]   #749   0x655814442b0faaaf31929f556baeeb1a045ee485  prob=0.0340 (raw=0.0142)  vol=$254  trades=4  first_trade=2025-12-26 21:13  winrate=0.310  n_markets_traded=87.000  herfindahl_index_markets=0.030
10:31:00 [super]   #750   0xa2ffe596d73dbd4a0874bb9aba6d441ce880b38f  prob=0.0340 (raw=0.0142)  vol=$174  trades=3  first_trade=2025-12-28 23:05  winrate=0.364  n_markets_traded=214.000  herfindahl_index_markets=0.041
10:31:00 [super]   #751   0x6e766710f5b8ef2eb8d6585bc4a0bc17e42995cd  prob=0.0340 (raw=0.0141)  vol=$56  trades=37  first_trade=2026-01-03 11:22  winrate=NaN  n_markets_traded=0.000  herfindahl_index_markets=0.000
10:31:00 [super]   #752   0xcb59ea1babf3b26ea50088057e427ab0ed8f0a22  prob=0.0340 (raw=0.0140)  vol=$2,871  trades=41  first_trade=2026-01-03 20:09  winrate=NaN  n_markets_traded=0.000  herfindahl_index_markets=0.000
10:31:00 [super]   #753   0xcdad9e2d87ca5b806ab40331670564afbe1b70ac  prob=0.0340 (raw=0.0139)  vol=$45  trades=3  first_trade=2026-01-04 16:16  winrate=0.786  n_markets_traded=14.000  herfindahl_index_markets=0.124
10:31:00 [super]   #754   0xf9f838c01aee1f536b577159053ded13a0288a85  prob=0.0340 (raw=0.0139)  vol=$819  trades=10  first_trade=2026-01-04 09:40  winrate=0.308  n_markets_traded=13.000  herfindahl_index_markets=0.132
10:31:00 [super]   #755   0xdd66c65d6ae2e31d727685f41cc9950a55782ec1  prob=0.0340 (raw=0.0139)  vol=$11  trades=2  first_trade=2026-01-04 16:26  winrate=0.268  n_markets_traded=41.000  herfindahl_index_markets=0.051
10:31:00 [super]   #756   0xe87e5e8dc4780110e9b23370fef7c78447f54f70  prob=0.0340 (raw=0.0139)  vol=$64  trades=2  first_trade=2025-12-26 21:13  winrate=0.234  n_markets_traded=77.000  herfindahl_index_markets=0.031
10:31:00 [super]   #757   0xc8c31f276b27496da175cf20fc4cda8ce5160d01  prob=0.0340 (raw=0.0138)  vol=$52  trades=10  first_trade=2026-01-03 12:45  winrate=0.727  n_markets_traded=11.000  herfindahl_index_markets=0.213
10:31:00 [super]   #758   0x9d42fcfd7402cfb5e744fde598a998bb62d68fbb  prob=0.0340 (raw=0.0138)  vol=$610  trades=17  first_trade=2026-01-03 12:57  winrate=0.500  n_markets_traded=52.000  herfindahl_index_markets=0.036
10:31:00 [super]   #759   0x08c55bade87cba447b6207fbb5edb85f58bccc72  prob=0.0340 (raw=0.0138)  vol=$7  trades=2  first_trade=2026-01-04 08:18  winrate=0.171  n_markets_traded=117.000  herfindahl_index_markets=0.019
10:31:00 [super]   #760   0x35973a11b53014a13a534640728fd60ac3e4ea17  prob=0.0339 (raw=0.0138)  vol=$1,316  trades=26  first_trade=2026-01-03 10:04  winrate=0.000  n_markets_traded=2.000  herfindahl_index_markets=0.616
10:31:00 [super]   #761   0x465a35c281148a2f7af8b92d2a1f4da03742ca63  prob=0.0339 (raw=0.0137)  vol=$2,000  trades=3  first_trade=2026-01-06 16:18  winrate=0.900  n_markets_traded=10.000  herfindahl_index_markets=0.129
10:31:00 [super]   #762   0x93043c24740cec4667b23f7100491dedef6471f1  prob=0.0339 (raw=0.0137)  vol=$20  trades=3  first_trade=2026-01-03 22:06  winrate=0.000  n_markets_traded=1.000  herfindahl_index_markets=1.000
10:31:00 [super]   #763   0xb5c7a47da430e5c4a8cfea66bf3f94f9b4f95510  prob=0.0339 (raw=0.0136)  vol=$657  trades=15  first_trade=2026-01-04 01:42  winrate=0.486  n_markets_traded=35.000  herfindahl_index_markets=0.256
10:31:00 [super]   #764   0xfdd4933e458809725b725e0571f0abf51b1bcd4a  prob=0.0339 (raw=0.0136)  vol=$94  trades=5  first_trade=2026-01-03 10:40  winrate=NaN  n_markets_traded=0.000  herfindahl_index_markets=0.000
10:31:00 [super]   #765   0x15649c6b58d2e3867764b4eb3480cb3b3a5bab5d  prob=0.0339 (raw=0.0134)  vol=$68  trades=4  first_trade=2026-01-04 02:39  winrate=0.250  n_markets_traded=4.000  herfindahl_index_markets=0.406
10:31:00 [super]   #766   0x7dc78f164c24366145a9334c8ef8f59c3bd40a2b  prob=0.0339 (raw=0.0134)  vol=$363  trades=7  first_trade=2026-01-03 10:27  winrate=0.258  n_markets_traded=62.000  herfindahl_index_markets=0.032
10:31:00 [super]   #767   0x2b62353ac4d960105acef2a265928ffcdb77438c  prob=0.0339 (raw=0.0133)  vol=$67  trades=4  first_trade=2026-01-04 09:10  winrate=NaN  n_markets_traded=0.000  herfindahl_index_markets=0.000
10:31:00 [super]   #768   0xefabdd6fe129b35f636e1f4966f57ac6d9f3b927  prob=0.0339 (raw=0.0133)  vol=$135  trades=19  first_trade=2026-01-03 22:06  winrate=0.571  n_markets_traded=50.000  herfindahl_index_markets=0.051
10:31:00 [super]   #769   0x4e43db44bdb46f8aa8690097bcef2688e0d002d7  prob=0.0339 (raw=0.0132)  vol=$213  trades=6  first_trade=2026-01-03 15:31  winrate=0.418  n_markets_traded=387.000  herfindahl_index_markets=0.014
10:31:00 [super]   #770   0xc7837f99b7c0bd278168d4f0d767ad270229f3ff  prob=0.0339 (raw=0.0132)  vol=$1,014  trades=21  first_trade=2026-01-03 11:06  winrate=0.339  n_markets_traded=56.000  herfindahl_index_markets=0.087
10:31:00 [super]   #771   0x72a17d9c726825abd78575153b809e9cbcac1950  prob=0.0339 (raw=0.0132)  vol=$39  trades=2  first_trade=2026-01-05 01:05  winrate=NaN  n_markets_traded=0.000  herfindahl_index_markets=0.000
10:31:00 [super]   #772   0xc6e8550294dad36b53223f904b591d719e0d3780  prob=0.0339 (raw=0.0131)  vol=$144  trades=13  first_trade=2026-01-03 13:45  winrate=0.067  n_markets_traded=30.000  herfindahl_index_markets=0.168
10:31:00 [super]   #773   0xc8a0a79c363c652c285183b06e2ad090b4a25cc4  prob=0.0339 (raw=0.0131)  vol=$7,585  trades=347  first_trade=2026-01-01 23:56  winrate=NaN  n_markets_traded=0.000  herfindahl_index_markets=0.000
10:31:00 [super]   #774   0xd24df944ad93edda6fa0a13c166f543757353ab5  prob=0.0339 (raw=0.0131)  vol=$149  trades=5  first_trade=2026-01-03 11:08  winrate=0.556  n_markets_traded=135.000  herfindahl_index_markets=0.021
10:31:00 [super]   #775   0x92d0cb81e6c891b835c8e0272e8c323095bd269e  prob=0.0339 (raw=0.0131)  vol=$5,105  trades=58  first_trade=2026-01-03 12:40  winrate=NaN  n_markets_traded=0.000  herfindahl_index_markets=0.000
10:31:00 [super]   #776   0xad5353afe30c2da57709e2704ef3ccdcf67eef24  prob=0.0338 (raw=0.0130)  vol=$89  trades=12  first_trade=2025-12-18 21:48  winrate=NaN  n_markets_traded=0.000  herfindahl_index_markets=0.000
10:31:00 [super]   #777   0xd748c701ad93cfec32a3420e10f3b08e68612125  prob=0.0338 (raw=0.0129)  vol=$40,606  trades=77  first_trade=2026-01-04 19:39  winrate=NaN  n_markets_traded=0.000  herfindahl_index_markets=0.000
10:31:00 [super]   #778   0xab7fcfcc1d95a171046dd9e999c2ab4cb4bc919c  prob=0.0338 (raw=0.0128)  vol=$30  trades=3  first_trade=2026-01-04 06:50  winrate=0.500  n_markets_traded=2.000  herfindahl_index_markets=0.537
10:31:00 [super]   #779   0x5040b5e76b45aeff6ccbb21b1aad0ccc2fa296cf  prob=0.0338 (raw=0.0128)  vol=$25  trades=3  first_trade=2026-01-03 16:17  winrate=NaN  n_markets_traded=0.000  herfindahl_index_markets=0.000
10:31:00 [super]   #780   0xf5c49ad254b1d53ea0b86fb285dd3f11dc800926  prob=0.0338 (raw=0.0128)  vol=$2,433  trades=9  first_trade=2026-01-05 04:17  winrate=0.574  n_markets_traded=94.000  herfindahl_index_markets=0.067
10:31:00 [super]   #781   0x57b00c3ccef1b6bd6962fb9ca463c4e0b38e76f4  prob=0.0338 (raw=0.0127)  vol=$756  trades=22  first_trade=2026-01-03 12:14  winrate=NaN  n_markets_traded=0.000  herfindahl_index_markets=0.000
10:31:00 [super]   #782   0x84207208bc185f902f452ea384d81560c9876183  prob=0.0338 (raw=0.0127)  vol=$30  trades=5  first_trade=2026-01-04 09:12  winrate=NaN  n_markets_traded=0.000  herfindahl_index_markets=0.000
10:31:00 [super]   #783   0x10b9d77a1edc104802866c7d0c124b8dca0b09d1  prob=0.0338 (raw=0.0127)  vol=$50  trades=4  first_trade=2026-01-06 16:05  winrate=0.250  n_markets_traded=12.000  herfindahl_index_markets=0.304
10:31:00 [super]   #784   0x924d4a9dc3ad43f8c4556dd096e7d5330e0b3d75  prob=0.0338 (raw=0.0126)  vol=$4  trades=4  first_trade=2026-01-03 10:27  winrate=0.300  n_markets_traded=10.000  herfindahl_index_markets=0.347
10:31:00 [super]   #785   0xdfaacceff09ac2c037393eee387e81ea024679a7  prob=0.0338 (raw=0.0125)  vol=$171  trades=23  first_trade=2026-01-03 09:48  winrate=0.498  n_markets_traded=524.000  herfindahl_index_markets=0.004
10:31:00 [super]   #786   0x0dccb6a052353ec02618cc48011dcf97cd755bd9  prob=0.0338 (raw=0.0124)  vol=$36  trades=3  first_trade=2026-01-03 13:41  winrate=0.274  n_markets_traded=124.000  herfindahl_index_markets=0.060
10:31:00 [super]   #787   0x931784165addbacb86b6917fd4aea9c13ffe189f  prob=0.0337 (raw=0.0123)  vol=$23  trades=4  first_trade=2026-01-04 02:47  winrate=0.000  n_markets_traded=2.000  herfindahl_index_markets=0.500
10:31:00 [super]   #788   0xc21094109bf351b5a57203d0da88c91763548b21  prob=0.0337 (raw=0.0123)  vol=$527  trades=5  first_trade=2026-01-03 23:13  winrate=NaN  n_markets_traded=0.000  herfindahl_index_markets=0.000
10:31:00 [super]   #789   0x74a0ebaf6668cbd0f6c48c00b8f45cd80d321be2  prob=0.0337 (raw=0.0123)  vol=$32  trades=4  first_trade=2026-01-03 19:52  winrate=0.607  n_markets_traded=291.000  herfindahl_index_markets=0.008
10:31:00 [super]   #790   0xed479d5aa04afa66ed7e4cd5ddd30f38e5e25d79  prob=0.0337 (raw=0.0122)  vol=$28  trades=4  first_trade=2026-01-03 10:52  winrate=0.375  n_markets_traded=8.000  herfindahl_index_markets=0.201
10:31:00 [super]   #791   0xf4e1e5253a6f8d066e398de2e1a964682694ee5a  prob=0.0337 (raw=0.0122)  vol=$1,119  trades=9  first_trade=2026-01-04 05:55  winrate=0.597  n_markets_traded=250.000  herfindahl_index_markets=0.015
10:31:00 [super]   #792   0xd8a97c4f0f07fef668af1c54435d3bc7ceba8a2c  prob=0.0337 (raw=0.0122)  vol=$1,000  trades=2  first_trade=2026-01-06 13:01  winrate=0.000  n_markets_traded=2.000  herfindahl_index_markets=0.513
10:31:00 [super]   #793   0x4bfb41d5b3570defd03c39a9a4d8de6bd8b8982e  prob=0.0337 (raw=0.0121)  vol=$402,065  trades=2999  first_trade=2025-12-18 21:48  winrate=NaN  n_markets_traded=0.000  herfindahl_index_markets=0.000
10:31:00 [super]   #794   0xa61c42cd40b433f8edfd2a040b90aa29da47a9c6  prob=0.0337 (raw=0.0120)  vol=$4  trades=6  first_trade=2026-01-04 19:39  winrate=0.565  n_markets_traded=23.000  herfindahl_index_markets=0.080
10:31:00 [super]   #795   0xe6c9eee27de792a9fdcdd322822452625d0f975e  prob=0.0337 (raw=0.0120)  vol=$9,200  trades=759  first_trade=2026-01-03 08:00  winrate=NaN  n_markets_traded=0.000  herfindahl_index_markets=0.000
10:31:00 [super]   #796   0xffbf9d65096ebd9a3ceaac03fd93cce3969bcc59  prob=0.0337 (raw=0.0119)  vol=$15  trades=5  first_trade=2026-01-05 19:36  winrate=0.397  n_markets_traded=234.000  herfindahl_index_markets=0.018
10:31:00 [super]   #797   0x2f108f6827aa6318a93f859d298a6eee7b44cfa4  prob=0.0337 (raw=0.0119)  vol=$1,435  trades=18  first_trade=2026-01-02 00:38  winrate=0.400  n_markets_traded=15.000  herfindahl_index_markets=0.190
10:31:00 [super]   #798   0x46b6385bd0f6ce791ab3ccb5e48b8d12caadae46  prob=0.0337 (raw=0.0119)  vol=$31  trades=4  first_trade=2026-01-03 07:10  winrate=NaN  n_markets_traded=0.000  herfindahl_index_markets=0.000
10:31:00 [super]   #799   0x02e7f40f4d5a859abdf5be805f572607d7841e02  prob=0.0337 (raw=0.0119)  vol=$7  trades=4  first_trade=2026-01-04 15:40  winrate=0.000  n_markets_traded=4.000  herfindahl_index_markets=0.265
10:31:00 [super]   #800   0xfd5c9bbfd0ac1823e629add0dcd4981b86336d2a  prob=0.0337 (raw=0.0118)  vol=$270  trades=6  first_trade=2026-01-06 10:35  winrate=NaN  n_markets_traded=0.000  herfindahl_index_markets=0.000
10:31:00 [super]   #801   0xc6393f5177345cf7b9d9f3fbb782fd72da00c5a2  prob=0.0337 (raw=0.0118)  vol=$1,145  trades=34  first_trade=2026-01-04 00:08  winrate=0.766  n_markets_traded=120.000  herfindahl_index_markets=0.064
10:31:00 [super]   #802   0x83e1bbf285b6be30295b0c1ab52ef28ea8e56a54  prob=0.0337 (raw=0.0117)  vol=$5,323  trades=31  first_trade=2026-01-03 13:57  winrate=0.386  n_markets_traded=44.000  herfindahl_index_markets=0.109
10:31:00 [super]   #803   0x088ffbbc6f2c0b3839d2832e75f37e1bcecbc9e7  prob=0.0337 (raw=0.0117)  vol=$23,885  trades=10  first_trade=2026-01-06 10:44  winrate=0.548  n_markets_traded=62.000  herfindahl_index_markets=0.097
10:31:00 [super]   #804   0xce9fb3815b476f4414e74cce3441546d244c06d2  prob=0.0336 (raw=0.0116)  vol=$31  trades=5  first_trade=2026-01-04 06:59  winrate=0.250  n_markets_traded=4.000  herfindahl_index_markets=0.467
10:31:00 [super]   #805   0x4c392c612818ac2d7c3812a98a8ea02f025dcf54  prob=0.0336 (raw=0.0115)  vol=$104  trades=5  first_trade=2026-01-04 03:00  winrate=0.133  n_markets_traded=15.000  herfindahl_index_markets=0.187
10:31:00 [super]   #806   0xec3c9891b36ebd1044945ce48ae3cdf6cdf5d68e  prob=0.0336 (raw=0.0115)  vol=$54  trades=2  first_trade=2025-12-31 16:53  winrate=NaN  n_markets_traded=0.000  herfindahl_index_markets=0.000
10:31:00 [super]   #807   0xe45e53fc053d8a036590d327dbdcd06b4a275ca7  prob=0.0336 (raw=0.0115)  vol=$79  trades=9  first_trade=2026-01-04 07:02  winrate=0.784  n_markets_traded=109.000  herfindahl_index_markets=0.384
10:31:00 [super]   #808   0x4d5f8f20800c0f8e053e5726c4198ed07724b380  prob=0.0336 (raw=0.0114)  vol=$79  trades=5  first_trade=2026-01-03 10:02  winrate=NaN  n_markets_traded=0.000  herfindahl_index_markets=0.000
10:31:00 [super]   #809   0xf8cf1ee1f8d835b36946ff322dbfad53a69d0864  prob=0.0336 (raw=0.0114)  vol=$27  trades=4  first_trade=2026-01-03 23:01  winrate=0.407  n_markets_traded=27.000  herfindahl_index_markets=0.050
10:31:00 [super]   #810   0x1e25a3aba7dc6ae591fda1d3b09ab9effdb40f29  prob=0.0336 (raw=0.0114)  vol=$369  trades=10  first_trade=2026-01-03 14:08  winrate=0.391  n_markets_traded=46.000  herfindahl_index_markets=0.109
10:31:00 [super]   #811   0x74d46452d28eab4ccb440d4b4971100610acf205  prob=0.0336 (raw=0.0113)  vol=$13  trades=2  first_trade=2026-01-04 08:16  winrate=0.500  n_markets_traded=6.000  herfindahl_index_markets=0.290
10:31:00 [super]   #812   0x966e2a54ed345c77aaca0feb26621eb22c14b2fe  prob=0.0336 (raw=0.0112)  vol=$497  trades=11  first_trade=2026-01-04 09:14  winrate=0.514  n_markets_traded=74.000  herfindahl_index_markets=0.040
10:31:00 [super]   #813   0x74470745edfafc1fe34ca32cc823cd77c6fa6564  prob=0.0336 (raw=0.0112)  vol=$63  trades=2  first_trade=2026-01-04 02:32  winrate=0.416  n_markets_traded=75.000  herfindahl_index_markets=0.352
10:31:00 [super]   #814   0x090abf89e5341d29923676b7424c9f3858aecd55  prob=0.0336 (raw=0.0110)  vol=$141  trades=4  first_trade=2025-12-28 23:13  winrate=0.377  n_markets_traded=183.000  herfindahl_index_markets=0.018
10:31:00 [super]   #815   0x9a5ed6b975fb1962bb6867ca516fcf61270e4c7e  prob=0.0336 (raw=0.0110)  vol=$20  trades=2  first_trade=2025-12-22 12:05  winrate=0.000  n_markets_traded=5.000  herfindahl_index_markets=0.203
10:31:00 [super]   #816   0x219879436bd0afffc887979214b1536992b6ac01  prob=0.0336 (raw=0.0110)  vol=$6,112  trades=8  first_trade=2026-01-06 14:27  winrate=0.000  n_markets_traded=7.000  herfindahl_index_markets=0.192
10:31:00 [super]   #817   0x88fa74e55de9d1a7bb9a560b96557fbfc6ea2cf4  prob=0.0336 (raw=0.0110)  vol=$210  trades=10  first_trade=2025-12-19 02:47  winrate=0.301  n_markets_traded=146.000  herfindahl_index_markets=0.016
10:31:00 [super]   #818   0x82f9c40b3edda8ebf58a6bb818c5b9abe9b9e91d  prob=0.0335 (raw=0.0109)  vol=$1  trades=2  first_trade=2026-01-03 13:53  winrate=0.318  n_markets_traded=22.000  herfindahl_index_markets=0.729
10:31:00 [super]   #819   0xa8c63f775ddbbe66b56614191747def3021444e8  prob=0.0335 (raw=0.0108)  vol=$3,538  trades=39  first_trade=2026-01-03 20:56  winrate=NaN  n_markets_traded=0.000  herfindahl_index_markets=0.000
10:31:00 [super]   #820   0x7a058ae9d7de7395449f43963cdcdeeee3293c27  prob=0.0335 (raw=0.0108)  vol=$40  trades=4  first_trade=2026-01-04 02:08  winrate=0.339  n_markets_traded=58.000  herfindahl_index_markets=0.073
10:31:00 [super]   #821   0xaababdf8d4226d54ce7788143afeffb0e666a1d7  prob=0.0335 (raw=0.0108)  vol=$67  trades=8  first_trade=2026-01-04 01:44  winrate=0.315  n_markets_traded=54.000  herfindahl_index_markets=0.099
10:31:00 [super]   #822   0xff485eadc2942f7155f0875165d3d36edf010a29  prob=0.0335 (raw=0.0108)  vol=$42  trades=4  first_trade=2026-01-04 02:45  winrate=0.429  n_markets_traded=7.000  herfindahl_index_markets=0.317
10:31:00 [super]   #823   0xb2dc4eea6f4c455a25dd0f2a72e35f0960cde9eb  prob=0.0335 (raw=0.0108)  vol=$71  trades=7  first_trade=2025-12-21 08:17  winrate=NaN  n_markets_traded=0.000  herfindahl_index_markets=0.000
10:31:00 [super]   #824   0xdaf14c9adfcdeeb4722ea7eefc411f36d4ac1d83  prob=0.0335 (raw=0.0107)  vol=$2  trades=2  first_trade=2026-01-04 12:43  winrate=0.111  n_markets_traded=18.000  herfindahl_index_markets=0.071
10:31:00 [super]   #825   0xdb1b125189913bf03405e74cbf47273b4466efb5  prob=0.0335 (raw=0.0107)  vol=$4,071  trades=39  first_trade=2026-01-04 09:36  winrate=NaN  n_markets_traded=0.000  herfindahl_index_markets=0.000
10:31:00 [super]   #826   0xf40f1374385923bc07b54abbcc7e69a0c4277fc6  prob=0.0335 (raw=0.0107)  vol=$239  trades=9  first_trade=2025-12-19 06:00  winrate=0.306  n_markets_traded=147.000  herfindahl_index_markets=0.014
10:31:00 [super]   #827   0xa48851b434da8eac927902d9be71d7125bcdf562  prob=0.0335 (raw=0.0107)  vol=$300  trades=3  first_trade=2025-12-19 06:15  winrate=0.348  n_markets_traded=23.000  herfindahl_index_markets=0.088
10:31:00 [super]   #828   0x5f82fe5a35d3e1d499712753377fa725537f9b01  prob=0.0335 (raw=0.0106)  vol=$20  trades=3  first_trade=2026-01-04 06:41  winrate=0.200  n_markets_traded=55.000  herfindahl_index_markets=0.224
10:31:00 [super]   #829   0x815613ab1e2de54f0a5962da64b943df1ce107e4  prob=0.0335 (raw=0.0105)  vol=$20  trades=8  first_trade=2026-01-04 19:39  winrate=0.333  n_markets_traded=72.000  herfindahl_index_markets=0.080
10:31:00 [super]   #830   0x6f5dae876c737a43c067a99f16217bb9958dabc5  prob=0.0335 (raw=0.0105)  vol=$12  trades=3  first_trade=2026-01-03 22:01  winrate=0.303  n_markets_traded=33.000  herfindahl_index_markets=0.099
10:31:00 [super]   #831   0xfbee3d0158302ea84ea81a5c3565c70ab730a34f  prob=0.0335 (raw=0.0105)  vol=$1,052  trades=19  first_trade=2026-01-04 01:27  winrate=0.500  n_markets_traded=22.000  herfindahl_index_markets=0.219
10:31:00 [super]   #832   0x0a26054fe174697bf6be759c4b600fdb830d1851  prob=0.0335 (raw=0.0104)  vol=$10,645  trades=22  first_trade=2026-01-03 10:15  winrate=NaN  n_markets_traded=0.000  herfindahl_index_markets=0.000
10:31:00 [super]   #833   0x81d131a7b47d012ac448c165a41b152ecf9b4e30  prob=0.0335 (raw=0.0102)  vol=$2,386  trades=34  first_trade=2026-01-03 10:31  winrate=NaN  n_markets_traded=0.000  herfindahl_index_markets=0.000
10:31:00 [super]   #834   0xb401123e33dbbe1d575c4ee4f30c714a2819df2a  prob=0.0335 (raw=0.0102)  vol=$943  trades=8  first_trade=2026-01-04 02:09  winrate=NaN  n_markets_traded=0.000  herfindahl_index_markets=0.000
10:31:00 [super]   #835   0x2dab780a0c0b61a548886b4038b2e1e6298373b3  prob=0.0334 (raw=0.0100)  vol=$259  trades=11  first_trade=2026-01-03 21:16  winrate=0.510  n_markets_traded=151.000  herfindahl_index_markets=0.034
10:31:00 [super]   #836   0xdc19ba144f1246e3f2421751c12c64ad0c607b07  prob=0.0334 (raw=0.0100)  vol=$3  trades=4  first_trade=2026-01-04 02:45  winrate=0.600  n_markets_traded=10.000  herfindahl_index_markets=0.191
10:31:00 [super]   #837   0xe632c4a52e0757392b4c74e22621961b1179aa26  prob=0.0334 (raw=0.0100)  vol=$116  trades=2  first_trade=2026-01-03 10:00  winrate=0.569  n_markets_traded=122.000  herfindahl_index_markets=0.031
10:31:00 [super]   #838   0x3882abccc97b69856fceb7bb6d4a19e21a1a146d  prob=0.0334 (raw=0.0100)  vol=$364  trades=4  first_trade=2026-01-05 04:39  winrate=0.154  n_markets_traded=13.000  herfindahl_index_markets=0.399
10:31:00 [super]   #839   0xaee155cfcdbea58f38ae6dea1475a0198f443cea  prob=0.0334 (raw=0.0100)  vol=$304  trades=3  first_trade=2026-01-04 20:40  winrate=0.556  n_markets_traded=36.000  herfindahl_index_markets=0.061
10:31:00 [super]   #840   0x80ed3442ee13ca855d90cf78cede3ad3f66ece26  prob=0.0334 (raw=0.0099)  vol=$34  trades=6  first_trade=2025-12-23 11:47  winrate=NaN  n_markets_traded=0.000  herfindahl_index_markets=0.000
10:31:00 [super]   #841   0x26ada0e5d50a0bc891082ea9ec3f32c9838f990e  prob=0.0334 (raw=0.0098)  vol=$776  trades=9  first_trade=2025-12-28 23:11  winrate=0.324  n_markets_traded=244.000  herfindahl_index_markets=0.013
10:31:00 [super]   #842   0x43cfb584c8bfa7f322ea258e251bd656b30788fa  prob=0.0334 (raw=0.0098)  vol=$10,133  trades=48  first_trade=2026-01-03 14:10  winrate=0.426  n_markets_traded=67.000  herfindahl_index_markets=0.056
10:31:00 [super]   #843   0xc3da2b26f845d799b9d456828753f5a3af57d974  prob=0.0334 (raw=0.0098)  vol=$37  trades=4  first_trade=2025-12-24 00:12  winrate=0.200  n_markets_traded=225.000  herfindahl_index_markets=0.019
10:31:00 [super]   #844   0xc9ad18bc5d11639af167cc879fbc1333e22e79d0  prob=0.0334 (raw=0.0098)  vol=$1,063  trades=19  first_trade=2026-01-04 22:11  winrate=0.587  n_markets_traded=102.000  herfindahl_index_markets=0.049
10:31:00 [super]   #845   0x0c65840880163c0fd8b4bb4696077be3b4dad60d  prob=0.0334 (raw=0.0098)  vol=$1,656  trades=21  first_trade=2026-01-06 13:55  winrate=0.584  n_markets_traded=243.000  herfindahl_index_markets=0.033
10:31:00 [super]   #846   0x64c21911f958876856941f7c95678fa46ed5c527  prob=0.0334 (raw=0.0097)  vol=$372  trades=6  first_trade=2025-12-28 23:17  winrate=0.295  n_markets_traded=61.000  herfindahl_index_markets=0.037
10:31:00 [super]   #847   0xd950ef37b32702061d63e44a8475c360193cad1b  prob=0.0334 (raw=0.0097)  vol=$57  trades=5  first_trade=2026-01-03 09:47  winrate=NaN  n_markets_traded=0.000  herfindahl_index_markets=0.000
10:31:00 [super]   #848   0xb10750fab5eb76292bd10d156a7f165e74b875b8  prob=0.0334 (raw=0.0097)  vol=$46  trades=4  first_trade=2026-01-03 19:12  winrate=0.167  n_markets_traded=6.000  herfindahl_index_markets=0.336
10:31:00 [super]   #849   0x406ce9a5bea3afe47f8ffa53957bffce38037733  prob=0.0334 (raw=0.0097)  vol=$459  trades=16  first_trade=2026-01-03 22:38  winrate=0.286  n_markets_traded=7.000  herfindahl_index_markets=0.399
10:31:00 [super]   #850   0x2befab845f750f5445d382df4c4d74e0d3e61e38  prob=0.0334 (raw=0.0097)  vol=$158  trades=3  first_trade=2025-12-28 23:17  winrate=0.337  n_markets_traded=101.000  herfindahl_index_markets=0.022
10:31:00 [super]   #851   0x02983788c3019edf99ebc7adab674e002210eadc  prob=0.0334 (raw=0.0097)  vol=$126  trades=2  first_trade=2025-12-28 23:22  winrate=0.320  n_markets_traded=25.000  herfindahl_index_markets=0.097
10:31:00 [super]   #852   0xb70b528896f646ee5696ec5f14fd5e5d735c6087  prob=0.0334 (raw=0.0096)  vol=$129  trades=4  first_trade=2025-12-20 21:43  winrate=NaN  n_markets_traded=0.000  herfindahl_index_markets=0.000
10:31:00 [super]   #853   0x076ca0207aaa48365da2eb6a917edcbdee5e4e7b  prob=0.0334 (raw=0.0096)  vol=$118  trades=13  first_trade=2025-12-19 02:47  winrate=NaN  n_markets_traded=0.000  herfindahl_index_markets=0.000
10:31:00 [super]   #854   0xa811f3ea97daf1bbadf28a41ff9636b257fe011d  prob=0.0334 (raw=0.0095)  vol=$3  trades=4  first_trade=2026-01-05 14:27  winrate=0.449  n_markets_traded=184.000  herfindahl_index_markets=0.112
10:31:00 [super]   #855   0x6163c2ae3e19b03a2c62d85587bf8e2f1b3858cc  prob=0.0334 (raw=0.0095)  vol=$24  trades=2  first_trade=2025-12-28 23:17  winrate=0.256  n_markets_traded=194.000  herfindahl_index_markets=0.015
10:31:00 [super]   #856   0x524313ce96849be79db072a3ba8344aa5b38a73c  prob=0.0334 (raw=0.0095)  vol=$144  trades=4  first_trade=2025-12-19 06:00  winrate=0.209  n_markets_traded=182.000  herfindahl_index_markets=0.011
10:31:00 [super]   #857   0x3c4c7e6a89be186be7d000e62cd8a1f64ddfbe9f  prob=0.0334 (raw=0.0095)  vol=$140  trades=5  first_trade=2025-12-19 03:34  winrate=0.321  n_markets_traded=249.000  herfindahl_index_markets=0.008
10:31:00 [super]   #858   0xb25c6dd6ccffaecd5bb4144b58f7908252f06d89  prob=0.0334 (raw=0.0095)  vol=$128  trades=7  first_trade=2025-12-19 02:47  winrate=0.319  n_markets_traded=116.000  herfindahl_index_markets=0.089
10:31:00 [super]   #859   0xfab2260cb5c930e952b13d88b69147deba029490  prob=0.0333 (raw=0.0094)  vol=$5  trades=2  first_trade=2025-12-20 23:39  winrate=NaN  n_markets_traded=0.000  herfindahl_index_markets=0.000
10:31:00 [super]   #860   0x24b7fa7688993ce752e517b91eddf9c398675755  prob=0.0333 (raw=0.0094)  vol=$110  trades=2  first_trade=2026-01-06 16:03  winrate=0.935  n_markets_traded=674.000  herfindahl_index_markets=0.018
10:31:00 [super]   #861   0x6e79e7affefb54083808e56ac366fa15ec0c3902  prob=0.0333 (raw=0.0093)  vol=$11  trades=2  first_trade=2026-01-03 20:24  winrate=0.400  n_markets_traded=30.000  herfindahl_index_markets=0.345
10:31:00 [super]   #862   0x1b648bc7d317f7c8bfeff7e91f391c224254bd0e  prob=0.0333 (raw=0.0093)  vol=$87  trades=5  first_trade=2025-12-28 21:59  winrate=0.354  n_markets_traded=246.000  herfindahl_index_markets=0.016
10:31:00 [super]   #863   0x985b5eb116913205be94b08e344308cf827ece2c  prob=0.0333 (raw=0.0093)  vol=$3,491  trades=14  first_trade=2026-01-03 10:38  winrate=0.389  n_markets_traded=18.000  herfindahl_index_markets=0.138
10:31:00 [super]   #864   0xa09bb8024259a33faff7176fed2f64cca94711f2  prob=0.0333 (raw=0.0093)  vol=$257  trades=3  first_trade=2026-01-03 16:28  winrate=0.333  n_markets_traded=6.000  herfindahl_index_markets=0.556
10:31:00 [super]   #865   0x1e26a9f4867ac8aee81b7a7cd3df5d2ca85e3e3a  prob=0.0333 (raw=0.0092)  vol=$4  trades=2  first_trade=2026-01-04 01:35  winrate=0.125  n_markets_traded=8.000  herfindahl_index_markets=0.578
10:31:00 [super]   #866   0xb90588ce64ad8792019cc494ea815e59b5071640  prob=0.0333 (raw=0.0092)  vol=$910  trades=4  first_trade=2026-01-05 23:55  winrate=NaN  n_markets_traded=0.000  herfindahl_index_markets=0.000
10:31:00 [super]   #867   0x6e46287fede13d64f4341f66bbab9d3ee50fe68d  prob=0.0333 (raw=0.0092)  vol=$93  trades=5  first_trade=2025-12-28 23:11  winrate=0.349  n_markets_traded=172.000  herfindahl_index_markets=0.033
10:31:00 [super]   #868   0x33598047c2ca05324258ba1ab7a55d1e17822273  prob=0.0333 (raw=0.0092)  vol=$54  trades=5  first_trade=2025-12-19 06:14  winrate=0.255  n_markets_traded=153.000  herfindahl_index_markets=0.013
10:31:00 [super]   #869   0x5a67ea718d25474ddea630d6497a9f1a290100f2  prob=0.0333 (raw=0.0092)  vol=$10  trades=2  first_trade=2026-01-03 22:58  winrate=0.167  n_markets_traded=6.000  herfindahl_index_markets=0.572
10:31:00 [super]   #870   0x63174a54f818a8fbf01037be21d8bf51bf85e864  prob=0.0333 (raw=0.0092)  vol=$60  trades=4  first_trade=2025-12-19 06:33  winrate=0.277  n_markets_traded=166.000  herfindahl_index_markets=0.014
10:31:00 [super]   #871   0xd13461540781ae1f57bc3a0abfcfa7e33af55558  prob=0.0333 (raw=0.0092)  vol=$55  trades=5  first_trade=2025-12-19 06:22  winrate=0.247  n_markets_traded=170.000  herfindahl_index_markets=0.012
10:31:00 [super]   #872   0xad4e20ce7a841dbb53cd8ead45be94da7dc612f1  prob=0.0333 (raw=0.0091)  vol=$821  trades=16  first_trade=2026-01-03 12:53  winrate=0.568  n_markets_traded=110.000  herfindahl_index_markets=0.035
10:31:00 [super]   #873   0x29a9864ceff6a297ffc358120fdecc5c0912d4f7  prob=0.0333 (raw=0.0091)  vol=$1,372  trades=8  first_trade=2025-12-28 23:07  winrate=0.355  n_markets_traded=169.000  herfindahl_index_markets=0.022
10:31:00 [super]   #874   0xa849228d5664e59f2b397b68f0429ab10668c825  prob=0.0333 (raw=0.0091)  vol=$5,000  trades=2  first_trade=2026-01-06 17:19  winrate=0.727  n_markets_traded=174.000  herfindahl_index_markets=0.023
10:31:00 [super]   #875   0x24e05919521fb0b2b199ccd6b23ecb7b551e6177  prob=0.0333 (raw=0.0090)  vol=$6  trades=2  first_trade=2026-01-03 07:11  winrate=0.477  n_markets_traded=111.000  herfindahl_index_markets=0.032
10:31:00 [super]   #876   0xa755daaf22d2358ab9bda7c7e5d6ea3be4ab1ea5  prob=0.0333 (raw=0.0089)  vol=$100  trades=5  first_trade=2026-01-04 09:32  winrate=0.478  n_markets_traded=67.000  herfindahl_index_markets=0.057
10:31:00 [super]   #877   0xb79fadaa593335ee1a1ccb4506c9c89ac3b2d749  prob=0.0333 (raw=0.0089)  vol=$27  trades=119  first_trade=2025-12-30 22:27  winrate=NaN  n_markets_traded=0.000  herfindahl_index_markets=0.000
10:31:00 [super]   #878   0xabc85d1252e809fa290fb0b529acf7b399b7fd71  prob=0.0333 (raw=0.0089)  vol=$99  trades=12  first_trade=2026-01-04 03:53  winrate=0.258  n_markets_traded=31.000  herfindahl_index_markets=0.050
10:31:00 [super]   #879   0x497bb3cbc70207d2dd9f841d2352b6914b9baba5  prob=0.0333 (raw=0.0088)  vol=$1,183  trades=2  first_trade=2026-01-04 03:55  winrate=0.651  n_markets_traded=194.000  herfindahl_index_markets=0.017
10:31:00 [super]   #880   0x3710c639b15caf3b4a50b3dd5a6e1b203f0f2b8d  prob=0.0333 (raw=0.0088)  vol=$29  trades=7  first_trade=2025-12-21 15:32  winrate=0.597  n_markets_traded=371.000  herfindahl_index_markets=0.122
10:31:00 [super]   #881   0xe9184d367dc0fd22529e299b275543b4588cd166  prob=0.0333 (raw=0.0088)  vol=$52  trades=5  first_trade=2025-12-19 06:14  winrate=0.249  n_markets_traded=217.000  herfindahl_index_markets=0.009
10:31:00 [super]   #882   0xdeac294966afa5e30253008cbda299142df795c6  prob=0.0333 (raw=0.0088)  vol=$162  trades=6  first_trade=2025-12-19 06:57  winrate=0.266  n_markets_traded=207.000  herfindahl_index_markets=0.010
10:31:00 [super]   #883   0xc666fcdf85d847bb980ec5e9458b4edb25637130  prob=0.0333 (raw=0.0088)  vol=$16  trades=2  first_trade=2025-12-19 06:09  winrate=0.287  n_markets_traded=115.000  herfindahl_index_markets=0.019
10:31:00 [super]   #884   0x2a10d11f982ac8488cfb50f2b3408fdb0155e442  prob=0.0332 (raw=0.0087)  vol=$42  trades=2  first_trade=2025-12-19 06:12  winrate=0.262  n_markets_traded=187.000  herfindahl_index_markets=0.013
10:31:00 [super]   #885   0x477d1ff1b2a3b61c67803e024b3c0140f81955a9  prob=0.0332 (raw=0.0087)  vol=$117  trades=15  first_trade=2025-12-19 11:52  winrate=NaN  n_markets_traded=0.000  herfindahl_index_markets=0.000
10:31:00 [super]   #886   0x38cf62d2fee064fc6316775a4bde92d4a0f17148  prob=0.0332 (raw=0.0087)  vol=$66  trades=3  first_trade=2026-01-04 16:47  winrate=0.357  n_markets_traded=14.000  herfindahl_index_markets=0.217
10:31:00 [super]   #887   0xc6cba81c4ae72ee220f008e4b097aa1f1453bbf0  prob=0.0332 (raw=0.0086)  vol=$162  trades=5  first_trade=2026-01-03 09:47  winrate=0.750  n_markets_traded=42.000  herfindahl_index_markets=0.074
10:31:00 [super]   #888   0xe20129b7774cdcf2d96df0afdcd7324ee3eaf3ee  prob=0.0332 (raw=0.0086)  vol=$1,467  trades=24  first_trade=2026-01-04 23:25  winrate=0.318  n_markets_traded=22.000  herfindahl_index_markets=0.241
10:31:00 [super]   #889   0xfcf2378f20cf408d077c21e731272f21cccea469  prob=0.0332 (raw=0.0086)  vol=$1,295  trades=18  first_trade=2026-01-04 11:05  winrate=NaN  n_markets_traded=0.000  herfindahl_index_markets=0.000
10:31:00 [super]   #890   0x90ec32ca6efae3f3927dc1581f270cb10b4c62aa  prob=0.0332 (raw=0.0086)  vol=$68  trades=5  first_trade=2025-12-28 23:05  winrate=0.362  n_markets_traded=351.000  herfindahl_index_markets=0.047
10:31:00 [super]   #891   0xb7f087c1615fcbb96f426b55857aa2a34ec6669d  prob=0.0332 (raw=0.0085)  vol=$143  trades=5  first_trade=2025-12-28 21:55  winrate=0.332  n_markets_traded=226.000  herfindahl_index_markets=0.038
10:31:00 [super]   #892   0x54b56146656e7eef9da02b3a030c18e06e924b31  prob=0.0332 (raw=0.0085)  vol=$5,579  trades=25  first_trade=2026-01-05 03:56  winrate=NaN  n_markets_traded=0.000  herfindahl_index_markets=0.000
10:31:00 [super]   #893   0xa45717eeb606d82f1ac7aeaf7e85458c34131a93  prob=0.0332 (raw=0.0085)  vol=$264  trades=4  first_trade=2025-12-28 23:00  winrate=0.314  n_markets_traded=172.000  herfindahl_index_markets=0.017
10:31:00 [super]   #894   0x66c1a6fe836ff555ca32848646acedbbe93bfa3f  prob=0.0332 (raw=0.0085)  vol=$905  trades=3  first_trade=2026-01-04 20:12  winrate=NaN  n_markets_traded=0.000  herfindahl_index_markets=0.000
10:31:00 [super]   #895   0xf666317af1bbbb8bd1e62a98f0cec3261b868842  prob=0.0332 (raw=0.0085)  vol=$540  trades=4  first_trade=2025-12-28 22:59  winrate=0.405  n_markets_traded=205.000  herfindahl_index_markets=0.011
10:31:00 [super]   #896   0xa3e22cd32aa9238ef7dbcfb4761e33b9eaa1fdf8  prob=0.0332 (raw=0.0085)  vol=$238  trades=3  first_trade=2025-12-20 03:33  winrate=NaN  n_markets_traded=0.000  herfindahl_index_markets=0.000
10:31:00 [super]   #897   0x1e55408f217f58facdf1d663c74cfa7f55e9e3e2  prob=0.0332 (raw=0.0084)  vol=$9,014  trades=92  first_trade=2026-01-03 14:18  winrate=NaN  n_markets_traded=0.000  herfindahl_index_markets=0.000
10:31:00 [super]   #898   0x6422a5580ff9629d4c97a444f41bb932d978a346  prob=0.0332 (raw=0.0084)  vol=$10  trades=2  first_trade=2026-01-06 11:57  winrate=0.510  n_markets_traded=91.000  herfindahl_index_markets=0.097
10:31:00 [super]   #899   0x0054ee7dfb882d2d016fa13ef5f5cdb3b0ebcf1f  prob=0.0332 (raw=0.0084)  vol=$200  trades=1  first_trade=2026-01-06 17:29  winrate=0.834  n_markets_traded=168.000  herfindahl_index_markets=0.019
10:31:00 [super]   #900   0x2feac06dd5e466d9d6838dd231587834e03c3bde  prob=0.0332 (raw=0.0084)  vol=$67  trades=5  first_trade=2026-01-04 00:12  winrate=0.599  n_markets_traded=186.000  herfindahl_index_markets=0.050
10:31:00 [super]   #901   0xd898f49be0be7da86b757ed160f9e497f9adaaf1  prob=0.0332 (raw=0.0083)  vol=$100  trades=11  first_trade=2026-01-03 23:41  winrate=0.422  n_markets_traded=61.000  herfindahl_index_markets=0.043
10:31:00 [super]   #902   0x5cfd881133ff44d1f7b81ea8a819a30dfc39ca1b  prob=0.0332 (raw=0.0083)  vol=$1,561  trades=8  first_trade=2026-01-03 15:02  winrate=0.630  n_markets_traded=330.000  herfindahl_index_markets=0.011
10:31:00 [super]   #903   0xe2b1dd1bcf1dfcd3a12011d3cc0947007a5ee5ec  prob=0.0332 (raw=0.0083)  vol=$244  trades=7  first_trade=2026-01-03 22:53  winrate=0.400  n_markets_traded=10.000  herfindahl_index_markets=0.142
10:31:00 [super]   #904   0x2b366034b69b64a444406b2db7ec1ff7869c473b  prob=0.0332 (raw=0.0083)  vol=$1,186  trades=71  first_trade=2026-01-02 07:18  winrate=NaN  n_markets_traded=0.000  herfindahl_index_markets=0.000
10:31:00 [super]   #905   0x60b8f673ae6baeba664b21c0d01e5c484493d47d  prob=0.0332 (raw=0.0083)  vol=$33  trades=3  first_trade=2026-01-03 21:27  winrate=NaN  n_markets_traded=0.000  herfindahl_index_markets=0.000
10:31:00 [super]   #906   0xfe72819b4875b35a2c9a5fac98cfdcba76accb10  prob=0.0332 (raw=0.0083)  vol=$9,656  trades=78  first_trade=2026-01-03 21:56  winrate=0.620  n_markets_traded=142.000  herfindahl_index_markets=0.030
10:31:00 [super]   #907   0x5b7620be37f3ea8f4b1c3ebf34bf72dfea8ebf1d  prob=0.0332 (raw=0.0083)  vol=$200  trades=7  first_trade=2026-01-04 16:18  winrate=0.631  n_markets_traded=156.000  herfindahl_index_markets=0.074
10:31:00 [super]   #908   0xe187ae4d82646c95f109795209dd42e1e020fe05  prob=0.0332 (raw=0.0082)  vol=$200  trades=2  first_trade=2026-01-06 17:27  winrate=0.793  n_markets_traded=87.000  herfindahl_index_markets=0.021
10:31:00 [super]   #909   0x80df0ed34b81a711a66c246e426659b9353282c8  prob=0.0332 (raw=0.0082)  vol=$168  trades=3  first_trade=2026-01-04 08:48  winrate=0.631  n_markets_traded=741.000  herfindahl_index_markets=0.005
10:31:00 [super]   #910   0x69891b1481e34384a0d564e5976b50270304b412  prob=0.0332 (raw=0.0081)  vol=$2,217  trades=6  first_trade=2026-01-06 09:48  winrate=0.352  n_markets_traded=49.000  herfindahl_index_markets=0.220
10:31:00 [super]   #911   0x8b881cf08d3a53d3711d7ea85783b94738e55f5e  prob=0.0332 (raw=0.0081)  vol=$126  trades=5  first_trade=2026-01-06 08:31  winrate=0.767  n_markets_traded=132.000  herfindahl_index_markets=0.145
10:31:00 [super]   #912   0xf4165309a3b551ebb1a12edb0a0510bf62be6ec9  prob=0.0332 (raw=0.0081)  vol=$20  trades=6  first_trade=2025-12-27 12:03  winrate=NaN  n_markets_traded=0.000  herfindahl_index_markets=0.000
10:31:00 [super]   #913   0x0b13ffcfaa14fdf81196a961e1c5750b697a5957  prob=0.0332 (raw=0.0081)  vol=$319  trades=6  first_trade=2026-01-04 23:47  winrate=NaN  n_markets_traded=0.000  herfindahl_index_markets=0.000
10:31:00 [super]   #914   0xda3d62964f0819882dab16c71473d8925ed8218e  prob=0.0332 (raw=0.0081)  vol=$707  trades=6  first_trade=2026-01-03 19:32  winrate=0.611  n_markets_traded=18.000  herfindahl_index_markets=0.133
10:31:00 [super]   #915   0x3e5630959499c5b5e55aceeeeae7446933d335d5  prob=0.0332 (raw=0.0081)  vol=$4  trades=4  first_trade=2026-01-03 07:26  winrate=NaN  n_markets_traded=0.000  herfindahl_index_markets=0.000
10:31:00 [super]   #916   0x93765bdff91af3029e10ceb0a128b64f90d445ec  prob=0.0332 (raw=0.0081)  vol=$2  trades=3  first_trade=2026-01-04 00:14  winrate=0.760  n_markets_traded=96.000  herfindahl_index_markets=0.019
10:31:00 [super]   #917   0x17819754e4a46ae0e1501a179ed64931c26ff7d2  prob=0.0332 (raw=0.0081)  vol=$502  trades=2  first_trade=2026-01-06 11:21  winrate=0.500  n_markets_traded=24.000  herfindahl_index_markets=0.109
10:31:00 [super]   #918   0x481d719eff8c100cd7dafc436ca1afda3767ab3a  prob=0.0332 (raw=0.0081)  vol=$293  trades=3  first_trade=2026-01-03 13:49  winrate=0.583  n_markets_traded=36.000  herfindahl_index_markets=0.072
10:31:00 [super]   #919   0x8da4d0b535b1eb694f79de7ded3aaf48b3d068b8  prob=0.0332 (raw=0.0080)  vol=$436  trades=6  first_trade=2026-01-01 14:05  winrate=0.786  n_markets_traded=28.000  herfindahl_index_markets=0.091
10:31:00 [super]   #920   0x5f39d698c8b1f2efadb1042a3c6085e82ae3d603  prob=0.0332 (raw=0.0080)  vol=$143  trades=13  first_trade=2026-01-04 19:40  winrate=NaN  n_markets_traded=0.000  herfindahl_index_markets=0.000
10:31:00 [super]   #921   0x4e14d4d80215352a1f2ddb21aae90ba36ad786f0  prob=0.0331 (raw=0.0080)  vol=$159  trades=3  first_trade=2026-01-04 20:23  winrate=0.625  n_markets_traded=48.000  herfindahl_index_markets=0.075
10:31:00 [super]   #922   0xe85607bf3eddcc3f7cff16671695f5e96bba3789  prob=0.0331 (raw=0.0080)  vol=$6  trades=4  first_trade=2026-01-03 21:33  winrate=0.563  n_markets_traded=422.000  herfindahl_index_markets=0.019
10:31:00 [super]   #923   0x09d600cfc7437488da4892884c51843f244e0fda  prob=0.0331 (raw=0.0080)  vol=$297  trades=7  first_trade=2025-12-29 02:59  winrate=0.357  n_markets_traded=140.000  herfindahl_index_markets=0.033
10:31:00 [super]   #924   0xcd3638fea0107fe3355544251f96a10980daa8ac  prob=0.0331 (raw=0.0080)  vol=$15,520  trades=22  first_trade=2026-01-04 00:32  winrate=NaN  n_markets_traded=0.000  herfindahl_index_markets=0.000
10:31:00 [super]   #925   0xed7be537fcf62072e1419376fa0e2850e9d8cb10  prob=0.0331 (raw=0.0079)  vol=$1,180  trades=18  first_trade=2026-01-04 03:55  winrate=0.412  n_markets_traded=97.000  herfindahl_index_markets=0.151
10:31:00 [super]   #926   0xbdafb97c5d96b6be3f6894876e491651a80cf63c  prob=0.0331 (raw=0.0079)  vol=$554  trades=4  first_trade=2025-12-28 23:18  winrate=0.401  n_markets_traded=252.000  herfindahl_index_markets=0.023
10:31:00 [super]   #927   0x00dcc064f44f8c686bcbd7988de2cd3e0129d521  prob=0.0331 (raw=0.0079)  vol=$144  trades=2  first_trade=2026-01-03 09:47  winrate=0.439  n_markets_traded=57.000  herfindahl_index_markets=0.068
10:31:00 [super]   #928   0xe0a2f29b1fadb2259111bbeca392d3805ec4a349  prob=0.0331 (raw=0.0079)  vol=$883  trades=12  first_trade=2025-12-20 03:33  winrate=NaN  n_markets_traded=0.000  herfindahl_index_markets=0.000
10:31:00 [super]   #929   0x0974d7a915229cb770fb43ac46f360dcf964003d  prob=0.0331 (raw=0.0078)  vol=$1,712  trades=51  first_trade=2026-01-03 12:56  winrate=NaN  n_markets_traded=0.000  herfindahl_index_markets=0.000
10:31:00 [super]   #930   0x69bc24c9de2a28bc60ade389b6d66c785c71577d  prob=0.0331 (raw=0.0078)  vol=$272  trades=4  first_trade=2026-01-05 06:16  winrate=0.521  n_markets_traded=530.000  herfindahl_index_markets=0.027
10:31:00 [super]   #931   0x5de5adab2946d50e9abb2e86ccdd7b64936f752e  prob=0.0331 (raw=0.0078)  vol=$3  trades=4  first_trade=2025-12-18 21:54  winrate=0.667  n_markets_traded=21.000  herfindahl_index_markets=0.057
10:31:00 [super]   #932   0xe154165732b79548f7533fc45168b102dd7a0b7f  prob=0.0331 (raw=0.0078)  vol=$0  trades=3  first_trade=2026-01-01 08:51  winrate=NaN  n_markets_traded=0.000  herfindahl_index_markets=0.000
10:31:00 [super]   #933   0xcbc90a49707a97ea865d6f7737ce2a3dfdd71ec7  prob=0.0331 (raw=0.0077)  vol=$91  trades=4  first_trade=2026-01-04 20:42  winrate=0.388  n_markets_traded=152.000  herfindahl_index_markets=0.025
10:31:00 [super]   #934   0xa4e7ef9182c84bf67e6811d5b8b6160d48d4723e  prob=0.0331 (raw=0.0077)  vol=$26  trades=4  first_trade=2026-01-03 22:34  winrate=0.220  n_markets_traded=163.000  herfindahl_index_markets=0.204
10:31:00 [super]   #935   0x24bb756aae01af22640d27869b1b278cc3f834f7  prob=0.0331 (raw=0.0077)  vol=$6  trades=1  first_trade=2026-01-06 13:26  winrate=0.828  n_markets_traded=401.000  herfindahl_index_markets=0.014
10:31:00 [super]   #936   0xbb38bbc7019489fa5b272eb7e5e430592236ae5f  prob=0.0331 (raw=0.0076)  vol=$19  trades=2  first_trade=2025-12-19 10:03  winrate=0.380  n_markets_traded=79.000  herfindahl_index_markets=0.053
10:31:00 [super]   #937   0x2f4aae7899ebb471eed4cdb709aa05d9e1d7102c  prob=0.0331 (raw=0.0076)  vol=$92  trades=7  first_trade=2026-01-04 12:37  winrate=0.367  n_markets_traded=49.000  herfindahl_index_markets=0.104
10:31:00 [super]   #938   0x93392310b9c9ba5c60d64cc7bc46cd878116a56f  prob=0.0331 (raw=0.0076)  vol=$768  trades=20  first_trade=2026-01-06 00:57  winrate=0.943  n_markets_traded=570.000  herfindahl_index_markets=0.020
10:31:00 [super]   #939   0x524febd8c0796f9577c41454e9e9b00afeb3e8be  prob=0.0331 (raw=0.0076)  vol=$21  trades=3  first_trade=2026-01-04 06:55  winrate=0.071  n_markets_traded=14.000  herfindahl_index_markets=0.152
10:31:00 [super]   #940   0x49f75ec0960f17daa380f716d4c4006dc191046b  prob=0.0331 (raw=0.0076)  vol=$1,498  trades=51  first_trade=2026-01-03 14:25  winrate=0.480  n_markets_traded=595.000  herfindahl_index_markets=0.005
10:31:00 [super]   #941   0x4044798f1d60d92369c86cf5b6f1e497e2818de5  prob=0.0331 (raw=0.0075)  vol=$45  trades=3  first_trade=2026-01-06 04:23  winrate=0.418  n_markets_traded=67.000  herfindahl_index_markets=0.100
10:31:00 [super]   #942   0xd3b0cbfc2d280da03f06c4746571f23362cd9e97  prob=0.0331 (raw=0.0075)  vol=$15  trades=6  first_trade=2026-01-03 09:43  winrate=0.591  n_markets_traded=192.000  herfindahl_index_markets=0.082
10:31:00 [super]   #943   0x4c87b4a89d6b9c541498e7dd6336d63f6ba27165  prob=0.0331 (raw=0.0075)  vol=$8  trades=4  first_trade=2026-01-03 21:05  winrate=0.083  n_markets_traded=12.000  herfindahl_index_markets=0.108
10:31:00 [super]   #944   0x6296efa800dd4dceddf7dbbcb44602d7f8153113  prob=0.0331 (raw=0.0075)  vol=$95  trades=4  first_trade=2026-01-05 05:45  winrate=0.380  n_markets_traded=50.000  herfindahl_index_markets=0.131
10:31:00 [super]   #945   0x73d225c851df25d73b14846a370bdeef9434f9b7  prob=0.0331 (raw=0.0075)  vol=$249  trades=13  first_trade=2026-01-05 11:15  winrate=NaN  n_markets_traded=0.000  herfindahl_index_markets=0.000
10:31:00 [super]   #946   0x9dc53b70a75ac9e2eac58c5baf99ccd79752d5f6  prob=0.0331 (raw=0.0075)  vol=$52  trades=6  first_trade=2025-12-19 06:11  winrate=0.271  n_markets_traded=203.000  herfindahl_index_markets=0.011
10:31:00 [super]   #947   0x0a7aaf83341b52df34e8ffef52aa295538d6df1b  prob=0.0331 (raw=0.0075)  vol=$15  trades=7  first_trade=2026-01-01 04:10  winrate=NaN  n_markets_traded=0.000  herfindahl_index_markets=0.000
10:31:00 [super]   #948   0xf40bc82a0a9ec25a0f6d88e7568b9f2fcc9f7181  prob=0.0331 (raw=0.0075)  vol=$584  trades=6  first_trade=2025-12-28 23:11  winrate=0.414  n_markets_traded=111.000  herfindahl_index_markets=0.029
10:31:00 [super]   #949   0x7ab6ac0f0d6ca5a15ec57abeaf413d31c8cdfa77  prob=0.0331 (raw=0.0075)  vol=$6,472  trades=603  first_trade=2026-01-03 09:57  winrate=NaN  n_markets_traded=0.000  herfindahl_index_markets=0.000
10:31:00 [super]   #950   0x90fafe37273febd6e738a7d0dd208f96f026b658  prob=0.0331 (raw=0.0074)  vol=$8  trades=8  first_trade=2026-01-03 10:05  winrate=0.350  n_markets_traded=20.000  herfindahl_index_markets=0.161
10:31:00 [super]   #951   0xcf65a29ebd5abccf679333de2bbe4d2d4e84178a  prob=0.0331 (raw=0.0074)  vol=$4,172  trades=45  first_trade=2026-01-06 08:42  winrate=0.569  n_markets_traded=120.000  herfindahl_index_markets=0.024
10:31:00 [super]   #952   0x6b7370e6934d08e449b0dcdd932c99476eaa80ef  prob=0.0331 (raw=0.0074)  vol=$10  trades=4  first_trade=2025-12-22 10:10  winrate=0.544  n_markets_traded=66.000  herfindahl_index_markets=0.026
10:31:00 [super]   #953   0xec5bd6c971c3ebe7037066b3c537b01f4b0c652f  prob=0.0331 (raw=0.0074)  vol=$173  trades=6  first_trade=2026-01-04 06:26  winrate=0.143  n_markets_traded=7.000  herfindahl_index_markets=0.207
10:31:00 [super]   #954   0x7aeeb87c6ab34414d9ba4767140a8fe334eb19ea  prob=0.0331 (raw=0.0074)  vol=$4  trades=2  first_trade=2026-01-05 03:57  winrate=0.037  n_markets_traded=27.000  herfindahl_index_markets=0.095
10:31:00 [super]   #955   0x2b9edb595ea75c118077c7d2c17d4852b0770db0  prob=0.0331 (raw=0.0073)  vol=$3  trades=6  first_trade=2026-01-06 10:35  winrate=NaN  n_markets_traded=0.000  herfindahl_index_markets=0.000
10:31:00 [super]   #956   0x4423662e2c809c7197daaed8ccb5b556981bb46f  prob=0.0331 (raw=0.0073)  vol=$230  trades=6  first_trade=2026-01-03 21:51  winrate=0.432  n_markets_traded=37.000  herfindahl_index_markets=0.083
10:31:00 [super]   #957   0x9a53fea9851a5d4508baf3d0596a3fbe43f43a83  prob=0.0331 (raw=0.0073)  vol=$4  trades=4  first_trade=2026-01-03 13:19  winrate=0.429  n_markets_traded=27.000  herfindahl_index_markets=0.074
10:31:00 [super]   #958   0x67a95cf07880baacc5d1ea4d549b26de186be29e  prob=0.0331 (raw=0.0073)  vol=$19  trades=6  first_trade=2026-01-03 21:39  winrate=0.214  n_markets_traded=28.000  herfindahl_index_markets=0.088
10:31:00 [super]   #959   0xdf4d32fd7cc8d2d1e28b5a0d97e31431c06dc832  prob=0.0331 (raw=0.0073)  vol=$10  trades=3  first_trade=2026-01-06 11:21  winrate=0.000  n_markets_traded=23.000  herfindahl_index_markets=0.085
10:31:00 [super]   #960   0x118f6e00031b33b997dee28a09a89e8e45180021  prob=0.0331 (raw=0.0073)  vol=$0  trades=1  first_trade=2026-01-06 13:55  winrate=NaN  n_markets_traded=0.000  herfindahl_index_markets=0.000
10:31:00 [super]   #961   0xdb2e0c4a61229000bc61f813811d56ebd63635bf  prob=0.0331 (raw=0.0073)  vol=$873  trades=17  first_trade=2026-01-03 21:18  winrate=0.500  n_markets_traded=62.000  herfindahl_index_markets=0.050
10:31:00 [super]   #962   0x6e220876892d748b1b103c46e4bad347e5be16f6  prob=0.0330 (raw=0.0073)  vol=$95  trades=8  first_trade=2026-01-04 00:00  winrate=0.188  n_markets_traded=16.000  herfindahl_index_markets=0.097
10:31:00 [super]   #963   0xd719eb46721f2618185c99c19d93ba609c01d8e5  prob=0.0330 (raw=0.0072)  vol=$88  trades=4  first_trade=2025-12-28 23:16  winrate=0.384  n_markets_traded=258.000  herfindahl_index_markets=0.017
10:31:00 [super]   #964   0xc684164391e497be90a9ebf1bcac79703453ce87  prob=0.0330 (raw=0.0072)  vol=$52  trades=7  first_trade=2026-01-03 08:00  winrate=0.357  n_markets_traded=70.000  herfindahl_index_markets=0.051
10:31:00 [super]   #965   0xdd7d3bc6e43113f37e46247f8511a7434b935bc1  prob=0.0330 (raw=0.0072)  vol=$68  trades=4  first_trade=2025-12-19 06:11  winrate=0.270  n_markets_traded=74.000  herfindahl_index_markets=0.028
10:31:00 [super]   #966   0xff74fa671c1a106b0e9ab79bba50f3b1081024f0  prob=0.0330 (raw=0.0072)  vol=$812  trades=6  first_trade=2025-12-28 22:21  winrate=0.415  n_markets_traded=65.000  herfindahl_index_markets=0.032
10:31:00 [super]   #967   0x5a58b03b7d0e70691307fbddf590b6fd2868766d  prob=0.0330 (raw=0.0072)  vol=$12  trades=8  first_trade=2026-01-04 07:06  winrate=0.200  n_markets_traded=10.000  herfindahl_index_markets=0.128
10:31:00 [super]   #968   0x030757d126b432bfacf7ad4bda973c66675c0165  prob=0.0330 (raw=0.0072)  vol=$81  trades=3  first_trade=2026-01-04 10:33  winrate=0.296  n_markets_traded=27.000  herfindahl_index_markets=0.228
10:31:00 [super]   #969   0x6291edb6079eb78d52814340fdf748a2d279cc47  prob=0.0330 (raw=0.0072)  vol=$506  trades=2  first_trade=2026-01-04 08:20  winrate=NaN  n_markets_traded=0.000  herfindahl_index_markets=0.000
10:31:00 [super]   #970   0xc8ab97a9089a9ff7e6ef0688e6e591a066946418  prob=0.0330 (raw=0.0071)  vol=$1,979  trades=27  first_trade=2025-12-21 11:27  winrate=NaN  n_markets_traded=0.000  herfindahl_index_markets=0.000
10:31:00 [super]   #971   0xd5f29cb91e82523575f08e0df8fbee9b0b36d759  prob=0.0330 (raw=0.0071)  vol=$1  trades=2  first_trade=2026-01-06 10:47  winrate=0.345  n_markets_traded=87.000  herfindahl_index_markets=0.021
10:31:00 [super]   #972   0x29ab15c6b6b16604e1cbd9a2f9580cf403336c4d  prob=0.0330 (raw=0.0071)  vol=$0  trades=1  first_trade=2026-01-06 10:50  winrate=NaN  n_markets_traded=0.000  herfindahl_index_markets=0.000
10:31:00 [super]   #973   0xbf9cd2a796c4a009dbdaea84aa0e5c119aeb115f  prob=0.0330 (raw=0.0071)  vol=$344  trades=11  first_trade=2026-01-03 21:45  winrate=0.592  n_markets_traded=75.000  herfindahl_index_markets=0.032
10:31:00 [super]   #974   0x447d97c8d9783d7171d6f1bc9b490934e5f2dee1  prob=0.0330 (raw=0.0071)  vol=$410  trades=9  first_trade=2026-01-06 16:03  winrate=NaN  n_markets_traded=0.000  herfindahl_index_markets=0.000
10:31:00 [super]   #975   0x7febfa38aec96efe70c2b70745fbc9aa32b96bc2  prob=0.0330 (raw=0.0070)  vol=$464  trades=6  first_trade=2025-12-19 06:11  winrate=0.225  n_markets_traded=209.000  herfindahl_index_markets=0.012
10:31:00 [super]   #976   0xa2bf54cff9c2a64c446e89d697f32383a96a9685  prob=0.0330 (raw=0.0070)  vol=$2  trades=1  first_trade=2026-01-03 12:46  winrate=0.391  n_markets_traded=87.000  herfindahl_index_markets=0.041
10:31:00 [super]   #977   0x4a04116b6f1d04b1c8cc25044059cc061fd31993  prob=0.0330 (raw=0.0070)  vol=$352  trades=11  first_trade=2026-01-03 12:27  winrate=0.412  n_markets_traded=66.000  herfindahl_index_markets=0.082
10:31:00 [super]   #978   0x1cb7991db7ded86fd5d12ec5395c533d19c11429  prob=0.0330 (raw=0.0070)  vol=$314  trades=7  first_trade=2026-01-03 21:34  winrate=0.375  n_markets_traded=64.000  herfindahl_index_markets=0.079
10:31:00 [super]   #979   0xd5a79e115fa6b2d0459e8eb40096389cc59e4d86  prob=0.0330 (raw=0.0070)  vol=$176  trades=5  first_trade=2025-12-19 06:14  winrate=0.321  n_markets_traded=165.000  herfindahl_index_markets=0.013
10:31:00 [super]   #980   0x740b95ed0aefb264360a3530dd3a298a018a1d47  prob=0.0330 (raw=0.0070)  vol=$845  trades=5  first_trade=2026-01-04 23:20  winrate=0.558  n_markets_traded=464.000  herfindahl_index_markets=0.012
10:31:00 [super]   #981   0x7ae92c04089257de6beaeed31ea45418d2a82923  prob=0.0330 (raw=0.0070)  vol=$260  trades=6  first_trade=2025-12-19 03:34  winrate=0.310  n_markets_traded=174.000  herfindahl_index_markets=0.013
10:31:00 [super]   #982   0x12c2a80266dbd07def1733ee19dc5b443655aa71  prob=0.0330 (raw=0.0070)  vol=$160  trades=4  first_trade=2025-12-19 06:33  winrate=0.263  n_markets_traded=198.000  herfindahl_index_markets=0.011
10:31:00 [super]   #983   0xe53d04c61f93f631be02c72199808c34c8928ab8  prob=0.0330 (raw=0.0069)  vol=$30  trades=4  first_trade=2025-12-19 06:00  winrate=0.292  n_markets_traded=168.000  herfindahl_index_markets=0.014
10:31:00 [super]   #984   0xde23865b33d84d8cd7c8939f5b8e35f02f9162e9  prob=0.0330 (raw=0.0069)  vol=$248  trades=11  first_trade=2025-12-19 02:47  winrate=0.277  n_markets_traded=188.000  herfindahl_index_markets=0.013
10:31:00 [super]   #985   0xba6bc52278f9213162e9382aaed5b825e68bb341  prob=0.0330 (raw=0.0069)  vol=$42  trades=4  first_trade=2025-12-19 06:09  winrate=0.321  n_markets_traded=156.000  herfindahl_index_markets=0.014
10:31:00 [super]   #986   0xfdc296dc0b5f4cb54d4adb7a82e17e735db73811  prob=0.0330 (raw=0.0069)  vol=$84  trades=4  first_trade=2025-12-19 06:14  winrate=0.287  n_markets_traded=136.000  herfindahl_index_markets=0.017
10:31:00 [super]   #987   0x1fa881cd6b0d13d9467b765a643f9fe5f0c92bcd  prob=0.0330 (raw=0.0069)  vol=$300  trades=8  first_trade=2025-12-19 06:57  winrate=0.224  n_markets_traded=143.000  herfindahl_index_markets=0.015
10:31:00 [super]   #988   0x117f40f8d90e1671e9d483f6f15ebbdb84a8088e  prob=0.0330 (raw=0.0069)  vol=$146  trades=8  first_trade=2025-12-19 06:22  winrate=0.225  n_markets_traded=191.000  herfindahl_index_markets=0.012
10:31:00 [super]   #989   0xef14c685be9e72fb4a592e75b62790e35443bf21  prob=0.0330 (raw=0.0069)  vol=$26  trades=4  first_trade=2025-12-19 06:57  winrate=0.296  n_markets_traded=142.000  herfindahl_index_markets=0.018
10:31:00 [super]   #990   0xa400b2a975c6e7ebee8fab551a22aa99222cec34  prob=0.0330 (raw=0.0069)  vol=$138  trades=4  first_trade=2025-12-19 06:58  winrate=0.250  n_markets_traded=32.000  herfindahl_index_markets=0.058
10:31:00 [super]   #991   0x57a0f93c7480701b65eb0620b03106dfcfd1af23  prob=0.0330 (raw=0.0069)  vol=$2  trades=2  first_trade=2026-01-06 14:45  winrate=0.489  n_markets_traded=138.000  herfindahl_index_markets=0.032
10:31:00 [super]   #992   0x41b36893511c3a5575fd085793f0b96b463db944  prob=0.0330 (raw=0.0069)  vol=$5  trades=2  first_trade=2026-01-04 11:14  winrate=0.182  n_markets_traded=33.000  herfindahl_index_markets=0.190
10:31:00 [super]   #993   0xab4f7829405390bf6bf7c7af74159bfc8842552f  prob=0.0330 (raw=0.0069)  vol=$1,246  trades=11  first_trade=2026-01-04 19:16  winrate=0.237  n_markets_traded=63.000  herfindahl_index_markets=0.068
10:31:00 [super]   #994   0xc90ea747d59514724efd49275124e695775439e3  prob=0.0330 (raw=0.0069)  vol=$10  trades=6  first_trade=2026-01-03 19:51  winrate=0.544  n_markets_traded=147.000  herfindahl_index_markets=0.071
10:31:00 [super]   #995   0xf55eee2264546a234ed857ac045fb8f38c8a0c66  prob=0.0330 (raw=0.0069)  vol=$7,086  trades=4  first_trade=2026-01-06 11:02  winrate=0.079  n_markets_traded=97.000  herfindahl_index_markets=0.040
10:31:00 [super]   #996   0x051b59049fbda656f161bdda9939607b4a5a09d4  prob=0.0330 (raw=0.0069)  vol=$303  trades=37  first_trade=2026-01-05 04:19  winrate=NaN  n_markets_traded=0.000  herfindahl_index_markets=0.000
10:31:00 [super]   #997   0xb6756421bd99a7cd51e1c205766d7e51d93d3d65  prob=0.0330 (raw=0.0069)  vol=$890  trades=15  first_trade=2026-01-04 18:54  winrate=0.437  n_markets_traded=151.000  herfindahl_index_markets=0.109
10:31:00 [super]   #998   0x01a4536519942190034079ce42ed726266fb0064  prob=0.0330 (raw=0.0069)  vol=$100  trades=5  first_trade=2026-01-05 15:45  winrate=0.444  n_markets_traded=193.000  herfindahl_index_markets=0.057
10:31:00 [super]   #999   0xa7cdb44325034d37316e6be72e4df6da2162fe7d  prob=0.0330 (raw=0.0069)  vol=$70  trades=4  first_trade=2026-01-04 13:21  winrate=0.471  n_markets_traded=17.000  herfindahl_index_markets=0.126
10:31:00 [super]   #1000  0x8ea3af44c3e147e546f877a1afa1b17a0b1852a1  prob=0.0330 (raw=0.0068)  vol=$170  trades=6  first_trade=2026-01-03 14:47  winrate=0.754  n_markets_traded=182.000  herfindahl_index_markets=0.012
10:31:00 [super]   #1001  0x297120e780f814c59272e2c2740350dab3ebb901  prob=0.0330 (raw=0.0068)  vol=$108  trades=4  first_trade=2025-12-19 03:34  winrate=0.276  n_markets_traded=196.000  herfindahl_index_markets=0.011
10:31:00 [super]   #1002  0x7437da6a1982babb4d22afe48b7811fa1fbade1a  prob=0.0330 (raw=0.0068)  vol=$20  trades=2  first_trade=2026-01-03 11:35  winrate=0.623  n_markets_traded=77.000  herfindahl_index_markets=0.055
10:31:00 [super]   #1003  0xb3b411bb408c0a2a6a62f931e66a6e348ebbd89d  prob=0.0330 (raw=0.0067)  vol=$150  trades=3  first_trade=2026-01-03 23:34  winrate=0.405  n_markets_traded=42.000  herfindahl_index_markets=0.075
10:31:00 [super]   #1004  0x941ac4ce792e29713aa83b8074a6b37824ff90c4  prob=0.0330 (raw=0.0067)  vol=$10  trades=4  first_trade=2025-12-19 02:47  winrate=0.312  n_markets_traded=77.000  herfindahl_index_markets=0.026
10:31:00 [super]   #1005  0xcb88529b180ff94e8cf8c85358d3776a687a6b99  prob=0.0330 (raw=0.0067)  vol=$350  trades=7  first_trade=2025-12-19 06:00  winrate=0.280  n_markets_traded=193.000  herfindahl_index_markets=0.010
10:31:00 [super]   #1006  0x2abdf6b8ca754642614f8168ac8b7c61570a74eb  prob=0.0330 (raw=0.0067)  vol=$110  trades=4  first_trade=2025-12-19 06:12  winrate=0.301  n_markets_traded=103.000  herfindahl_index_markets=0.021
10:31:00 [super]   #1007  0xc838021eebc116302e52f5d7843845b773e27369  prob=0.0330 (raw=0.0067)  vol=$2,892  trades=21  first_trade=2026-01-04 22:29  winrate=0.235  n_markets_traded=10.000  herfindahl_index_markets=0.204
10:31:00 [super]   #1008  0xa8d9f812a5808b9ad2b812622c43ea2d5a11d32a  prob=0.0330 (raw=0.0066)  vol=$470  trades=3  first_trade=2026-01-03 19:33  winrate=0.647  n_markets_traded=153.000  herfindahl_index_markets=0.020
10:31:00 [super]   #1009  0x5569fd7186ed30edecc03cd86cc48e3776c8648a  prob=0.0330 (raw=0.0066)  vol=$22  trades=5  first_trade=2026-01-04 15:10  winrate=0.409  n_markets_traded=22.000  herfindahl_index_markets=0.083
10:31:00 [super]   #1010  0xfdef23389abb131b868fd96c0b5f35b87f96b15e  prob=0.0330 (raw=0.0066)  vol=$43  trades=2  first_trade=2026-01-03 10:37  winrate=0.571  n_markets_traded=56.000  herfindahl_index_markets=0.043
10:31:00 [super]   #1011  0xe8a75539bbb9041cd7b354eba400069cd8fc46c4  prob=0.0330 (raw=0.0066)  vol=$6,685  trades=168  first_trade=2026-01-01 23:56  winrate=NaN  n_markets_traded=0.000  herfindahl_index_markets=0.000
10:31:00 [super]   #1012  0xa0d89cd65b625476c5b30be0f76d77133a180a63  prob=0.0330 (raw=0.0066)  vol=$503  trades=22  first_trade=2026-01-03 10:42  winrate=0.544  n_markets_traded=145.000  herfindahl_index_markets=0.049
10:31:00 [super]   #1013  0x98fce428db4b92b4c9e5427b4c9822fbc7025382  prob=0.0330 (raw=0.0066)  vol=$53  trades=6  first_trade=2025-12-18 21:48  winrate=0.284  n_markets_traded=324.000  herfindahl_index_markets=0.044
10:31:00 [super]   #1014  0x516d99159930cbae003756af74fecf61159903e5  prob=0.0330 (raw=0.0066)  vol=$1,152  trades=8  first_trade=2026-01-03 13:28  winrate=0.509  n_markets_traded=451.000  herfindahl_index_markets=0.012
10:31:00 [super]   #1015  0xc1cf7d0ccb729703a5f4d97ed1045a42dbd99656  prob=0.0330 (raw=0.0066)  vol=$12  trades=1  first_trade=2025-12-19 01:41  winrate=NaN  n_markets_traded=0.000  herfindahl_index_markets=0.000
10:31:00 [super]   #1016  0x0924b5bc8cbdfd1a7adb0123a3cf7d74f53eba2e  prob=0.0330 (raw=0.0066)  vol=$7  trades=4  first_trade=2026-01-04 11:55  winrate=0.200  n_markets_traded=20.000  herfindahl_index_markets=0.074
10:31:00 [super]   #1017  0x42e53bec12a00ca43156031079a3f049d54b5ade  prob=0.0330 (raw=0.0066)  vol=$76  trades=3  first_trade=2026-01-04 12:58  winrate=0.536  n_markets_traded=28.000  herfindahl_index_markets=0.066
10:31:00 [super]   #1018  0xa3a57a8b9784c4323245e61b8e0b2a65df8f5e2e  prob=0.0330 (raw=0.0065)  vol=$66  trades=4  first_trade=2026-01-04 00:37  winrate=0.736  n_markets_traded=91.000  herfindahl_index_markets=0.020
10:31:00 [super]   #1019  0x2377eeebcacd30e195c697f54d114c64cf331481  prob=0.0330 (raw=0.0065)  vol=$248  trades=10  first_trade=2026-01-04 10:36  winrate=0.211  n_markets_traded=531.000  herfindahl_index_markets=0.017
10:31:00 [super]   #1020  0x5a3fa170906e38a011399306d085c6b7229fc880  prob=0.0330 (raw=0.0065)  vol=$88  trades=5  first_trade=2026-01-04 03:49  winrate=0.526  n_markets_traded=38.000  herfindahl_index_markets=0.100
10:31:00 [super]   #1021  0x62365f754d4aa7dc537f997f23bb5dd9a9e36881  prob=0.0329 (raw=0.0065)  vol=$12  trades=2  first_trade=2025-12-19 09:49  winrate=NaN  n_markets_traded=0.000  herfindahl_index_markets=0.000
10:31:00 [super]   #1022  0x6c5199b98d34611c49074b5f032ad0951afdf8fe  prob=0.0329 (raw=0.0065)  vol=$100  trades=2  first_trade=2026-01-06 15:45  winrate=0.267  n_markets_traded=15.000  herfindahl_index_markets=0.196
10:31:00 [super]   #1023  0x7786c193dd5db39405c13ec86f854e23b6f362b2  prob=0.0329 (raw=0.0065)  vol=$20  trades=4  first_trade=2026-01-03 20:15  winrate=0.390  n_markets_traded=41.000  herfindahl_index_markets=0.053
10:31:00 [super]   #1024  0xeee439c11e48fd02e5803d5b7c3d4fbc52df9964  prob=0.0329 (raw=0.0065)  vol=$1,630  trades=9  first_trade=2025-12-28 23:25  winrate=0.361  n_markets_traded=83.000  herfindahl_index_markets=0.028
10:31:00 [super]   #1025  0x9f128322dcbc1ae5498a13e1222996b406712640  prob=0.0329 (raw=0.0065)  vol=$8  trades=4  first_trade=2026-01-03 23:55  winrate=0.623  n_markets_traded=764.000  herfindahl_index_markets=0.005
10:31:00 [super]   #1026  0x1f7d447a84caa0bf5e94606cd8133b6c4a1a7acd  prob=0.0329 (raw=0.0065)  vol=$27  trades=2  first_trade=2026-01-04 09:41  winrate=0.298  n_markets_traded=225.000  herfindahl_index_markets=0.040
10:31:00 [super]   #1027  0x44a0330606862abc89c56d2d19380e21c8a3e8df  prob=0.0329 (raw=0.0065)  vol=$78  trades=3  first_trade=2026-01-04 12:16  winrate=0.578  n_markets_traded=147.000  herfindahl_index_markets=0.011
10:31:00 [super]   #1028  0xf6d6c194f7878c8fc0ce0ef1798e0239db65f810  prob=0.0329 (raw=0.0065)  vol=$8  trades=2  first_trade=2026-01-04 02:47  winrate=0.549  n_markets_traded=226.000  herfindahl_index_markets=0.095
10:31:00 [super]   #1029  0x1a799c0af8a939ba4ed95df95188c2f357491ccb  prob=0.0329 (raw=0.0065)  vol=$18  trades=4  first_trade=2025-12-28 23:25  winrate=0.338  n_markets_traded=74.000  herfindahl_index_markets=0.032
10:31:00 [super]   #1030  0x533d066d655ae6b2d27620d30c81a7af828de5ec  prob=0.0329 (raw=0.0064)  vol=$2,274  trades=6  first_trade=2025-12-28 23:17  winrate=0.299  n_markets_traded=77.000  herfindahl_index_markets=0.033
10:31:00 [super]   #1031  0x69accfd7abbc8782a7d7052478f0202d3f47c0ef  prob=0.0329 (raw=0.0064)  vol=$3  trades=5  first_trade=2026-01-05 13:00  winrate=0.673  n_markets_traded=465.000  herfindahl_index_markets=0.003
10:31:00 [super]   #1032  0x945a49252f772a10c6ddd1d1e1e24ee20438a48c  prob=0.0329 (raw=0.0064)  vol=$540  trades=182  first_trade=2026-01-03 09:49  winrate=NaN  n_markets_traded=0.000  herfindahl_index_markets=0.000
10:31:00 [super]   #1033  0xa882778b683c4a5414c2dac1759b52306b026a9f  prob=0.0329 (raw=0.0064)  vol=$6  trades=4  first_trade=2026-01-03 17:51  winrate=0.730  n_markets_traded=89.000  herfindahl_index_markets=0.024
10:31:00 [super]   #1034  0x67df062792047b772029f1123b234151b895772f  prob=0.0329 (raw=0.0064)  vol=$242  trades=7  first_trade=2026-01-03 21:19  winrate=0.548  n_markets_traded=84.000  herfindahl_index_markets=0.042
10:31:00 [super]   #1035  0x654eef24e3939c996f6dd3134399704a3012a835  prob=0.0329 (raw=0.0064)  vol=$60  trades=10  first_trade=2026-01-04 01:44  winrate=0.309  n_markets_traded=165.000  herfindahl_index_markets=0.034
10:31:00 [super]   #1036  0x39d0f1dca6fb7e5514858c1a337724a426764fe8  prob=0.0329 (raw=0.0064)  vol=$2,495  trades=23  first_trade=2026-01-05 04:18  winrate=NaN  n_markets_traded=0.000  herfindahl_index_markets=0.000
10:31:00 [super]   #1037  0x6c4697425852b74e470b1b6ba46cc5ab682c781d  prob=0.0329 (raw=0.0064)  vol=$428  trades=7  first_trade=2026-01-04 05:29  winrate=NaN  n_markets_traded=0.000  herfindahl_index_markets=0.000
10:31:00 [super]   #1038  0x2fb1200d06810ee535949d8eaa414a5ead21fb84  prob=0.0329 (raw=0.0064)  vol=$4,371  trades=25  first_trade=2026-01-04 08:20  winrate=0.284  n_markets_traded=67.000  herfindahl_index_markets=0.068
10:31:00 [super]   #1039  0x0b04d3ca865cebc8ee25f9354071cda8fa206274  prob=0.0329 (raw=0.0064)  vol=$2,325  trades=37  first_trade=2026-01-03 21:46  winrate=0.523  n_markets_traded=189.000  herfindahl_index_markets=0.032
10:31:00 [super]   #1040  0x2bbba060c9ce38ff9c7a47d8cf8637c8700b5c80  prob=0.0329 (raw=0.0064)  vol=$866  trades=8  first_trade=2025-12-28 23:22  winrate=0.331  n_markets_traded=251.000  herfindahl_index_markets=0.009
10:31:00 [super]   #1041  0xf955976daf8dce77ebd64eaa75ef63348ee6bb33  prob=0.0329 (raw=0.0064)  vol=$1,310  trades=7  first_trade=2025-12-28 21:55  winrate=0.273  n_markets_traded=110.000  herfindahl_index_markets=0.035
10:31:00 [super]   #1042  0x8f525273bb48c9d8a5cedafa31acc9072357a35a  prob=0.0329 (raw=0.0064)  vol=$766  trades=5  first_trade=2025-12-28 23:13  winrate=0.339  n_markets_traded=177.000  herfindahl_index_markets=0.021
10:31:00 [super]   #1043  0x58d9cec1517594f63945b992f63725d680b33e3f  prob=0.0329 (raw=0.0064)  vol=$7  trades=2  first_trade=2026-01-03 18:25  winrate=0.794  n_markets_traded=155.000  herfindahl_index_markets=0.067
10:31:00 [super]   #1044  0xd16cf3b0365953257a485e28b6240d1f8e959100  prob=0.0329 (raw=0.0064)  vol=$5  trades=4  first_trade=2026-01-04 16:08  winrate=0.652  n_markets_traded=230.000  herfindahl_index_markets=0.011
10:31:00 [super]   #1045  0xf25dce0b43a13fe927b933282961da7f43b68b1e  prob=0.0329 (raw=0.0064)  vol=$1,392  trades=10  first_trade=2025-12-28 23:07  winrate=0.285  n_markets_traded=186.000  herfindahl_index_markets=0.016
10:31:00 [super]   #1046  0x2f03057416b90d9d23c8643f7796bbb4603991f5  prob=0.0329 (raw=0.0064)  vol=$6  trades=4  first_trade=2026-01-03 22:20  winrate=0.699  n_markets_traded=409.000  herfindahl_index_markets=0.006
10:31:00 [super]   #1047  0x9a0da25a28e13828b82ca99906e155886a2f54f7  prob=0.0329 (raw=0.0063)  vol=$22  trades=4  first_trade=2026-01-05 11:15  winrate=0.446  n_markets_traded=598.000  herfindahl_index_markets=0.018
10:31:00 [super]   #1048  0xad2a1bc09faf29a89f2e1eeeac0018a85f2c69d8  prob=0.0329 (raw=0.0063)  vol=$3,112  trades=16  first_trade=2026-01-03 22:29  winrate=0.283  n_markets_traded=53.000  herfindahl_index_markets=0.059
10:31:00 [super]   #1049  0x5754becbe873d6ba9eefa4eedf214dd254ece515  prob=0.0329 (raw=0.0063)  vol=$1,002  trades=15  first_trade=2026-01-03 09:29  winrate=0.414  n_markets_traded=382.000  herfindahl_index_markets=0.016
10:31:00 [super]   #1050  0x6828e04b468e17d92fa1e5d60d59290278a81056  prob=0.0329 (raw=0.0063)  vol=$10,786  trades=106  first_trade=2026-01-03 09:44  winrate=NaN  n_markets_traded=0.000  herfindahl_index_markets=0.000
10:31:00 [super]   #1051  0x01fa3b6bba01437da6235ac67a3a7205955cc2ed  prob=0.0329 (raw=0.0063)  vol=$320  trades=6  first_trade=2026-01-03 22:26  winrate=0.553  n_markets_traded=438.000  herfindahl_index_markets=0.007
10:31:00 [super]   #1052  0xf42b953dfcbbac512f9afcfa5f544bb6d3857577  prob=0.0329 (raw=0.0063)  vol=$214  trades=6  first_trade=2025-12-28 21:55  winrate=0.297  n_markets_traded=222.000  herfindahl_index_markets=0.011
10:31:00 [super]   #1053  0x43a9bb2f23054e75914a0aec637ad2bfd4fefaeb  prob=0.0329 (raw=0.0063)  vol=$847  trades=62  first_trade=2026-01-01 23:56  winrate=NaN  n_markets_traded=0.000  herfindahl_index_markets=0.000
10:31:00 [super]   #1054  0x65cba43d098cb1d988fb2b517494c3dbcaf6e3a4  prob=0.0329 (raw=0.0063)  vol=$4  trades=4  first_trade=2026-01-03 20:19  winrate=0.211  n_markets_traded=57.000  herfindahl_index_markets=0.075
10:31:00 [super]   #1055  0x1732bb82fde2db1729bcf51e6153c517a373e713  prob=0.0329 (raw=0.0063)  vol=$38  trades=2  first_trade=2026-01-04 02:09  winrate=0.273  n_markets_traded=22.000  herfindahl_index_markets=0.160
10:31:00 [super]   #1056  0x0568322de809dcc991bd0204e8ed19ddc3cc5f4d  prob=0.0329 (raw=0.0063)  vol=$5  trades=2  first_trade=2026-01-04 10:56  winrate=0.620  n_markets_traded=137.000  herfindahl_index_markets=0.017
10:31:00 [super]   #1057  0x94c00ce1e26c7c9669406c10a6fcde9c7cced36b  prob=0.0329 (raw=0.0063)  vol=$133  trades=7  first_trade=2026-01-03 10:55  winrate=0.545  n_markets_traded=33.000  herfindahl_index_markets=0.055
10:31:00 [super]   #1058  0x46ceeec62ed877c6db4a0ee4bc4385318f06c842  prob=0.0329 (raw=0.0063)  vol=$9  trades=10  first_trade=2025-12-24 00:12  winrate=NaN  n_markets_traded=0.000  herfindahl_index_markets=0.000
10:31:00 [super]   #1059  0xc123a2074eae8fde13ac105bcb0c952fd179115c  prob=0.0329 (raw=0.0063)  vol=$544  trades=4  first_trade=2025-12-28 21:53  winrate=0.339  n_markets_traded=251.000  herfindahl_index_markets=0.026
10:31:00 [super]   #1060  0x7bb78a23f47daea9676dd738ccbe6d24dec91276  prob=0.0329 (raw=0.0063)  vol=$67  trades=9  first_trade=2026-01-03 20:19  winrate=0.351  n_markets_traded=37.000  herfindahl_index_markets=0.093
10:31:00 [super]   #1061  0xac4e0811fc99799773598f9be82e46dbf95510eb  prob=0.0329 (raw=0.0062)  vol=$16  trades=3  first_trade=2026-01-04 20:10  winrate=0.402  n_markets_traded=110.000  herfindahl_index_markets=0.103
10:31:00 [super]   #1062  0x6256ea888dd97e21e71cd1d0b69c4ea2c0c77181  prob=0.0329 (raw=0.0062)  vol=$458  trades=7  first_trade=2026-01-03 22:31  winrate=0.405  n_markets_traded=42.000  herfindahl_index_markets=0.047
10:31:00 [super]   #1063  0x544ed705cdeef03868ee54560728a8b9b115016d  prob=0.0329 (raw=0.0062)  vol=$13  trades=2  first_trade=2026-01-04 22:15  winrate=0.562  n_markets_traded=32.000  herfindahl_index_markets=0.121
10:31:00 [super]   #1064  0x9800353754ff4af69601d07db0fd68385d7fd1c7  prob=0.0329 (raw=0.0062)  vol=$8  trades=4  first_trade=2026-01-03 13:58  winrate=0.600  n_markets_traded=24.000  herfindahl_index_markets=0.116
10:31:00 [super]   #1065  0xb8e4a4551d2c6b080ae5a523ff1f0cae8e922dae  prob=0.0329 (raw=0.0062)  vol=$4,449  trades=40  first_trade=2026-01-04 21:31  winrate=NaN  n_markets_traded=0.000  herfindahl_index_markets=0.000
10:31:00 [super]   #1066  0x07351640d6f840e402170bbcf04c137e5366005d  prob=0.0329 (raw=0.0062)  vol=$1,981  trades=11  first_trade=2026-01-03 13:49  winrate=0.318  n_markets_traded=129.000  herfindahl_index_markets=0.037
10:31:00 [super]   #1067  0x2662267e351c8aae02923da97783b8266d85d5eb  prob=0.0329 (raw=0.0062)  vol=$7  trades=4  first_trade=2025-12-23 15:27  winrate=0.451  n_markets_traded=91.000  herfindahl_index_markets=0.035
10:31:00 [super]   #1068  0xaa751f693a3ef63c31c34bcba3ae142059d981f2  prob=0.0329 (raw=0.0062)  vol=$2,480  trades=31  first_trade=2026-01-03 21:11  winrate=0.518  n_markets_traded=114.000  herfindahl_index_markets=0.065
10:31:00 [super]   #1069  0x443f84f6e0388ecbc8e563afe4609bb599bc7d43  prob=0.0329 (raw=0.0062)  vol=$9  trades=4  first_trade=2026-01-03 08:12  winrate=0.250  n_markets_traded=12.000  herfindahl_index_markets=0.109
10:31:00 [super]   #1070  0x7cbdba1a5833baa3ec8c107c19c8b7d2d80f3a8d  prob=0.0329 (raw=0.0062)  vol=$3  trades=1  first_trade=2026-01-04 03:56  winrate=0.680  n_markets_traded=125.000  herfindahl_index_markets=0.020
10:31:00 [super]   #1071  0xc26cc08104b1edc8e0d04cbb97cd62a62b77d62f  prob=0.0329 (raw=0.0062)  vol=$40  trades=3  first_trade=2026-01-04 02:40  winrate=0.300  n_markets_traded=50.000  herfindahl_index_markets=0.096
10:31:00 [super]   #1072  0x4af36c494bd8080ab7707b7dd94996fe61a4fbe5  prob=0.0329 (raw=0.0062)  vol=$149  trades=6  first_trade=2026-01-03 22:27  winrate=0.308  n_markets_traded=13.000  herfindahl_index_markets=0.095
10:31:00 [super]   #1073  0xff7784fa89310b3395d47f9863181143d3294b76  prob=0.0329 (raw=0.0062)  vol=$50  trades=14  first_trade=2026-01-04 03:39  winrate=0.657  n_markets_traded=236.000  herfindahl_index_markets=0.076
10:31:00 [super]   #1074  0xf298d4bdd2bae01235453fb6bdad237baf3312f8  prob=0.0329 (raw=0.0062)  vol=$1,016  trades=10  first_trade=2025-12-28 21:59  winrate=0.304  n_markets_traded=194.000  herfindahl_index_markets=0.015
10:31:00 [super]   #1075  0x26519b477f1cd031919e18f33fd8d3fcb48c3471  prob=0.0329 (raw=0.0062)  vol=$1,726  trades=2  first_trade=2026-01-06 16:26  winrate=NaN  n_markets_traded=0.000  herfindahl_index_markets=0.000
10:31:00 [super]   #1076  0xacc2c1d6335d6b53383ff44aeeaf1bcc9f7bc707  prob=0.0329 (raw=0.0062)  vol=$34  trades=2  first_trade=2026-01-03 20:36  winrate=0.327  n_markets_traded=55.000  herfindahl_index_markets=0.032
10:31:00 [super]   #1077  0x8cd560d5282b01c8ac7d90430315255b7c6e4792  prob=0.0329 (raw=0.0062)  vol=$2  trades=2  first_trade=2026-01-03 22:19  winrate=0.659  n_markets_traded=85.000  herfindahl_index_markets=0.071
10:31:00 [super]   #1078  0x8ce8638d3563602431d4fbaa6d7adf6519e4e255  prob=0.0329 (raw=0.0062)  vol=$11  trades=2  first_trade=2026-01-05 02:01  winrate=0.667  n_markets_traded=39.000  herfindahl_index_markets=0.064
10:31:00 [super]   #1079  0x18f242d52fca6408991dd89563b8a6309e615a03  prob=0.0329 (raw=0.0062)  vol=$10  trades=4  first_trade=2026-01-04 10:34  winrate=0.520  n_markets_traded=125.000  herfindahl_index_markets=0.029
10:31:00 [super]   #1080  0xebf9ca010852d361d0a941ad3c3bbedce0af1eef  prob=0.0329 (raw=0.0062)  vol=$329  trades=8  first_trade=2026-01-03 22:37  winrate=0.629  n_markets_traded=70.000  herfindahl_index_markets=0.031
10:31:00 [super]   #1081  0xd871ab82b74211b0109756f7799bae1c478ed515  prob=0.0329 (raw=0.0062)  vol=$3  trades=4  first_trade=2026-01-03 21:12  winrate=0.297  n_markets_traded=64.000  herfindahl_index_markets=0.037
10:31:00 [super]   #1082  0x343c3d92ef6b775b5feea0d1d236e9665ed5608a  prob=0.0329 (raw=0.0061)  vol=$4  trades=3  first_trade=2026-01-04 03:23  winrate=0.509  n_markets_traded=55.000  herfindahl_index_markets=0.049
10:31:00 [super]   #1083  0x4dd23a92dc162ff32eddf3c6a373abd996cb251a  prob=0.0329 (raw=0.0061)  vol=$3  trades=2  first_trade=2026-01-04 09:10  winrate=0.584  n_markets_traded=120.000  herfindahl_index_markets=0.143
10:31:00 [super]   #1084  0x56dc10eea341b4ed06e55099a8b34ffb730c6c33  prob=0.0329 (raw=0.0061)  vol=$103  trades=4  first_trade=2026-01-04 03:54  winrate=0.529  n_markets_traded=17.000  herfindahl_index_markets=0.149
10:31:00 [super]   #1085  0x4da698d2d19cea802d1128efc8b9aee2df5559fa  prob=0.0329 (raw=0.0061)  vol=$1,175  trades=14  first_trade=2026-01-05 14:08  winrate=0.416  n_markets_traded=190.000  herfindahl_index_markets=0.014
10:31:00 [super]   #1086  0x53edcfa1e81bae084e936954ff905d894adf7aea  prob=0.0329 (raw=0.0061)  vol=$2  trades=2  first_trade=2026-01-03 10:52  winrate=0.714  n_markets_traded=905.000  herfindahl_index_markets=0.003
10:31:00 [super]   #1087  0x057512b4df4f97f2f572152f3c3e5515b9235199  prob=0.0329 (raw=0.0061)  vol=$15  trades=2  first_trade=2026-01-03 16:54  winrate=0.735  n_markets_traded=135.000  herfindahl_index_markets=0.021
10:31:00 [super]   #1088  0x300f731f044a7fe9e50daab6f9fc3f319b61d366  prob=0.0329 (raw=0.0061)  vol=$56  trades=1  first_trade=2026-01-03 19:49  winrate=0.590  n_markets_traded=290.000  herfindahl_index_markets=0.019
10:31:00 [super]   #1089  0x8e31ab6e8bfa20288af8b492b3facf63702b283f  prob=0.0329 (raw=0.0061)  vol=$66  trades=3  first_trade=2026-01-04 19:40  winrate=0.536  n_markets_traded=28.000  herfindahl_index_markets=0.080
10:31:00 [super]   #1090  0x4946de1a2f4d904cf718a9b551157882d8b08abd  prob=0.0329 (raw=0.0061)  vol=$10  trades=4  first_trade=2026-01-04 12:15  winrate=0.548  n_markets_traded=31.000  herfindahl_index_markets=0.053
10:31:00 [super]   #1091  0xd9606a847d026c99c0162df8e11288471171ed40  prob=0.0329 (raw=0.0061)  vol=$7  trades=4  first_trade=2026-01-04 02:32  winrate=0.565  n_markets_traded=168.000  herfindahl_index_markets=0.020
10:31:00 [super]   #1092  0xd3f36240e3f5dc055b97edce953784efcf42c8d5  prob=0.0329 (raw=0.0061)  vol=$3,055  trades=8  first_trade=2026-01-04 04:18  winrate=0.611  n_markets_traded=71.000  herfindahl_index_markets=0.050
10:31:00 [super]   #1093  0x6cbc5b5db56951bb0b25dda4013d59895d831782  prob=0.0329 (raw=0.0061)  vol=$229  trades=3  first_trade=2026-01-04 14:02  winrate=0.432  n_markets_traded=37.000  herfindahl_index_markets=0.106
10:31:00 [super]   #1094  0x912796652fc8df4d0964fcf677437057c55d6ff3  prob=0.0329 (raw=0.0061)  vol=$39  trades=7  first_trade=2026-01-04 01:23  winrate=0.573  n_markets_traded=236.000  herfindahl_index_markets=0.027
10:31:00 [super]   #1095  0xd7377c1218a9e298695fcede135c816cbe6871bb  prob=0.0329 (raw=0.0061)  vol=$265  trades=34  first_trade=2026-01-03 22:10  winrate=0.500  n_markets_traded=548.000  herfindahl_index_markets=0.010
10:31:00 [super]   #1096  0x77f14519a463512885c14c70be4ebb2e97f0a137  prob=0.0329 (raw=0.0061)  vol=$574  trades=17  first_trade=2026-01-03 22:44  winrate=0.424  n_markets_traded=59.000  herfindahl_index_markets=0.050
10:31:00 [super]   #1097  0x0bc648db41ba59c97d23c73f4ab650f6e30697dc  prob=0.0329 (raw=0.0061)  vol=$8  trades=2  first_trade=2026-01-03 19:48  winrate=0.507  n_markets_traded=346.000  herfindahl_index_markets=0.023
10:31:00 [super]   #1098  0x2b6904c05ac0a3cf1401d90f69956a1a1dfbfda4  prob=0.0329 (raw=0.0061)  vol=$361  trades=3  first_trade=2026-01-03 18:42  winrate=0.500  n_markets_traded=34.000  herfindahl_index_markets=0.120
10:31:00 [super]   #1099  0xb29071f7bd784e8d0b860234eee583ed9a1ed7e4  prob=0.0329 (raw=0.0061)  vol=$41  trades=3  first_trade=2026-01-04 13:22  winrate=0.571  n_markets_traded=21.000  herfindahl_index_markets=0.052
10:31:00 [super]   #1100  0x9dd483126ebe16f2d853d49060040b556a95a038  prob=0.0329 (raw=0.0061)  vol=$9  trades=4  first_trade=2026-01-03 18:24  winrate=0.676  n_markets_traded=106.000  herfindahl_index_markets=0.049
10:31:00 [super]   #1101  0x721641313a676ff4a86f67542b07b683db61e7d0  prob=0.0329 (raw=0.0061)  vol=$5  trades=4  first_trade=2026-01-03 20:24  winrate=0.508  n_markets_traded=473.000  herfindahl_index_markets=0.017
10:31:00 [super]   #1102  0x92c92e55d4621f7051edb5eedbc1b669291164d1  prob=0.0329 (raw=0.0061)  vol=$11  trades=4  first_trade=2026-01-03 09:43  winrate=0.508  n_markets_traded=454.000  herfindahl_index_markets=0.015
10:31:00 [super]   #1103  0x26d10c05611f3e8651ee54c447bd0cc0a9c894b0  prob=0.0329 (raw=0.0061)  vol=$8  trades=2  first_trade=2026-01-04 03:05  winrate=0.524  n_markets_traded=103.000  herfindahl_index_markets=0.030
10:31:00 [super]   #1104  0x81525952f172646a4104030e9a9ef1e769c7bfda  prob=0.0329 (raw=0.0061)  vol=$909  trades=11  first_trade=2026-01-04 17:19  winrate=0.439  n_markets_traded=79.000  herfindahl_index_markets=0.034
10:31:00 [super]   #1105  0x66a5b7534799c8f1bd6bc152a5b9a852004956cb  prob=0.0329 (raw=0.0061)  vol=$312  trades=8  first_trade=2026-01-05 18:35  winrate=0.451  n_markets_traded=91.000  herfindahl_index_markets=0.040
10:31:00 [super]   #1106  0x299cb40195d270438f8950902f242d796457d85e  prob=0.0329 (raw=0.0061)  vol=$656  trades=16  first_trade=2025-12-24 23:21  winrate=NaN  n_markets_traded=0.000  herfindahl_index_markets=0.000
10:31:00 [super]   #1107  0xfd5294de1d526489fede36ee0e43ae4779050c2f  prob=0.0329 (raw=0.0061)  vol=$502  trades=3  first_trade=2026-01-06 16:03  winrate=NaN  n_markets_traded=0.000  herfindahl_index_markets=0.000
10:31:00 [super]   #1108  0xb05669ed8e0933a78174160ef3fd8027927725ec  prob=0.0329 (raw=0.0060)  vol=$57  trades=9  first_trade=2026-01-03 10:58  winrate=0.600  n_markets_traded=15.000  herfindahl_index_markets=0.082
10:31:00 [super]   #1109  0x2f4ad5b6f519118f3d968fbbdbe5c6a7b9227c9f  prob=0.0329 (raw=0.0060)  vol=$3,871  trades=12  first_trade=2026-01-05 19:38  winrate=NaN  n_markets_traded=0.000  herfindahl_index_markets=0.000
10:31:00 [super]   #1110  0x451690c986b12b843db66b924ac61c27cb6cea0e  prob=0.0329 (raw=0.0060)  vol=$668  trades=7  first_trade=2025-12-28 23:11  winrate=0.328  n_markets_traded=296.000  herfindahl_index_markets=0.010
10:31:00 [super]   #1111  0xa11b7631e9b36f909621a5368bb21d243771f663  prob=0.0329 (raw=0.0060)  vol=$456  trades=19  first_trade=2026-01-03 06:14  winrate=0.516  n_markets_traded=62.000  herfindahl_index_markets=0.025
10:31:00 [super]   #1112  0x2d79dd88a20cfbd796c7cb9a9e52cced414e68c3  prob=0.0329 (raw=0.0060)  vol=$449  trades=25  first_trade=2026-01-03 17:05  winrate=0.644  n_markets_traded=44.000  herfindahl_index_markets=0.060
10:31:00 [super]   #1113  0x02dc3195fb8debae961b50e922dae7b8d40c89f3  prob=0.0329 (raw=0.0060)  vol=$17  trades=2  first_trade=2026-01-04 02:44  winrate=0.489  n_markets_traded=176.000  herfindahl_index_markets=0.012
10:31:00 [super]   #1114  0xc4c951d1a02316c6fb6d99c2260787129915e280  prob=0.0329 (raw=0.0060)  vol=$1  trades=2  first_trade=2026-01-01 08:51  winrate=0.400  n_markets_traded=20.000  herfindahl_index_markets=0.061
10:31:00 [super]   #1115  0xfd319c19a7db2020fb37c1fce82eb65f6db9293b  prob=0.0329 (raw=0.0060)  vol=$9  trades=3  first_trade=2026-01-05 04:28  winrate=0.379  n_markets_traded=29.000  herfindahl_index_markets=0.128
10:31:00 [super]   #1116  0x7be1a8e4b1a23e4a6a7a4fe036b694e8642523ed  prob=0.0329 (raw=0.0060)  vol=$4  trades=2  first_trade=2026-01-05 10:32  winrate=0.077  n_markets_traded=13.000  herfindahl_index_markets=0.090
10:31:00 [super]   #1117  0xa9e50c32aa29dda941bd2960d3749e4ef0fdd252  prob=0.0329 (raw=0.0059)  vol=$248  trades=4  first_trade=2025-12-28 23:07  winrate=0.324  n_markets_traded=188.000  herfindahl_index_markets=0.012
10:31:00 [super]   #1118  0x1ee9a5fc09665909c0cce297c581703bfbb9197f  prob=0.0329 (raw=0.0059)  vol=$300  trades=4  first_trade=2026-01-06 17:09  winrate=NaN  n_markets_traded=0.000  herfindahl_index_markets=0.000
10:31:00 [super]   #1119  0xc1a9c4b1ac9c88dea5ed56252d56349f5d348010  prob=0.0329 (raw=0.0059)  vol=$105  trades=5  first_trade=2026-01-03 21:45  winrate=0.500  n_markets_traded=20.000  herfindahl_index_markets=0.125
10:31:00 [super]   #1120  0xf434e8aee8c7f83ed0d7e36f281383ee1d99c6aa  prob=0.0329 (raw=0.0059)  vol=$345  trades=27  first_trade=2026-01-02 16:52  winrate=NaN  n_markets_traded=0.000  herfindahl_index_markets=0.000
10:31:00 [super]   #1121  0x809205fb1c91f746b9703ca412c4fdd0435db8a2  prob=0.0329 (raw=0.0059)  vol=$298  trades=11  first_trade=2026-01-04 23:14  winrate=NaN  n_markets_traded=0.000  herfindahl_index_markets=0.000
10:31:00 [super]   #1122  0x4f4f0488037e65bec111b5d9d6d0aa70740195d0  prob=0.0329 (raw=0.0059)  vol=$77  trades=4  first_trade=2026-01-03 20:32  winrate=0.462  n_markets_traded=106.000  herfindahl_index_markets=0.045
10:31:00 [super]   #1123  0x88093ec8e24cd983b834da2ac9a111e87dc66e34  prob=0.0329 (raw=0.0059)  vol=$188  trades=10  first_trade=2026-01-03 12:57  winrate=0.268  n_markets_traded=82.000  herfindahl_index_markets=0.019
10:31:00 [super]   #1124  0xb6f7e199de3468b4ae8d56b15b4091c2f5a2250d  prob=0.0329 (raw=0.0059)  vol=$81  trades=4  first_trade=2026-01-03 20:12  winrate=0.462  n_markets_traded=26.000  herfindahl_index_markets=0.092
10:31:00 [super]   #1125  0x79ad08df94c570c47dc087292ff062243a174a3e  prob=0.0329 (raw=0.0059)  vol=$12  trades=3  first_trade=2026-01-04 08:46  winrate=0.487  n_markets_traded=39.000  herfindahl_index_markets=0.129
10:31:00 [super]   #1126  0x880d2b8f3df6881150d1ef1a1f2ac0767e39adb6  prob=0.0329 (raw=0.0059)  vol=$690  trades=5  first_trade=2026-01-05 10:51  winrate=NaN  n_markets_traded=0.000  herfindahl_index_markets=0.000
10:31:00 [super]   #1127  0x0061f603a457754bae0241f1fb34f0ce6a5e8fd6  prob=0.0329 (raw=0.0059)  vol=$0  trades=3  first_trade=2026-01-06 10:50  winrate=NaN  n_markets_traded=0.000  herfindahl_index_markets=0.000
10:31:00 [super]   #1128  0xe93956c9d54769ee206a8b58881a0279c5b678f5  prob=0.0329 (raw=0.0059)  vol=$1,920  trades=6  first_trade=2026-01-06 15:22  winrate=0.105  n_markets_traded=19.000  herfindahl_index_markets=0.120
10:31:00 [super]   #1129  0x5fb5f8c277948afecb9e54e7ea5f3bf4f8d26a8d  prob=0.0329 (raw=0.0058)  vol=$8  trades=2  first_trade=2026-01-04 11:41  winrate=0.100  n_markets_traded=10.000  herfindahl_index_markets=0.148
10:31:00 [super]   #1130  0xce5bec63b40392845a9a504915f607c8e03a047a  prob=0.0329 (raw=0.0058)  vol=$10,000  trades=2  first_trade=2026-01-06 17:27  winrate=NaN  n_markets_traded=0.000  herfindahl_index_markets=0.000
10:31:00 [super]   #1131  0x25b910cf968a626438316b6ab7275ea6a5563058  prob=0.0329 (raw=0.0058)  vol=$33  trades=2  first_trade=2025-12-22 02:16  winrate=NaN  n_markets_traded=0.000  herfindahl_index_markets=0.000
10:31:00 [super]   #1132  0xfa7e25c8df8d4f36e5a87731ba2b91540046f37e  prob=0.0329 (raw=0.0058)  vol=$16  trades=6  first_trade=2026-01-04 12:50  winrate=0.381  n_markets_traded=185.000  herfindahl_index_markets=0.134
10:31:00 [super]   #1133  0xbc3b20bad91df137a67234eca7a0e46067cd2bf1  prob=0.0329 (raw=0.0058)  vol=$100  trades=2  first_trade=2026-01-06 13:01  winrate=0.090  n_markets_traded=192.000  herfindahl_index_markets=0.045
10:31:00 [super]   #1134  0x14b85e2043689fd53d9a8ae78077da582f0481a9  prob=0.0329 (raw=0.0058)  vol=$20  trades=3  first_trade=2026-01-04 16:34  winrate=0.422  n_markets_traded=100.000  herfindahl_index_markets=0.018
10:31:00 [super]   #1135  0x53a02abd0651df94d851288c55002839c53c4af0  prob=0.0329 (raw=0.0058)  vol=$136  trades=4  first_trade=2026-01-04 21:28  winrate=NaN  n_markets_traded=0.000  herfindahl_index_markets=0.000
10:31:00 [super]   #1136  0x4bf459194025b2ca11a2db2deb9ef2a08c467021  prob=0.0329 (raw=0.0058)  vol=$151  trades=8  first_trade=2026-01-03 14:35  winrate=NaN  n_markets_traded=0.000  herfindahl_index_markets=0.000
10:31:00 [super]   #1137  0xa18d9584e5dbe2f7e38e585fc54e688e5d8ab16a  prob=0.0329 (raw=0.0058)  vol=$222  trades=21  first_trade=2026-01-02 16:52  winrate=NaN  n_markets_traded=0.000  herfindahl_index_markets=0.000
10:31:00 [super]   #1138  0x4a5dc168523262ed051c9d5689ab69e651d29ea3  prob=0.0328 (raw=0.0058)  vol=$234  trades=6  first_trade=2026-01-03 06:14  winrate=0.446  n_markets_traded=343.000  herfindahl_index_markets=0.025
10:31:00 [super]   #1139  0xb8656961af404ec023c53740808012d5f5dce922  prob=0.0328 (raw=0.0058)  vol=$13  trades=2  first_trade=2026-01-04 22:49  winrate=0.404  n_markets_traded=47.000  herfindahl_index_markets=0.061
10:31:00 [super]   #1140  0x7d88c477799235e154a591c7953c5927a00fb1d9  prob=0.0328 (raw=0.0058)  vol=$6  trades=2  first_trade=2026-01-03 21:07  winrate=0.250  n_markets_traded=8.000  herfindahl_index_markets=0.157
10:31:00 [super]   #1141  0x2b48eee669d539491ed0e15163c5f81e995c3b4a  prob=0.0328 (raw=0.0058)  vol=$5  trades=2  first_trade=2026-01-05 10:52  winrate=0.417  n_markets_traded=12.000  herfindahl_index_markets=0.095
10:31:00 [super]   #1142  0xc81f5efbcac8e3cf82af3a7be138e784d8837881  prob=0.0328 (raw=0.0058)  vol=$7  trades=2  first_trade=2026-01-05 10:06  winrate=0.400  n_markets_traded=15.000  herfindahl_index_markets=0.070
10:31:00 [super]   #1143  0xcb508b8db389dc163eb4c17e9cc9e7e3bffe8cba  prob=0.0328 (raw=0.0058)  vol=$1,565  trades=32  first_trade=2026-01-04 22:00  winrate=0.134  n_markets_traded=64.000  herfindahl_index_markets=0.087
10:31:00 [super]   #1144  0xe1ae417cfae4b5606eec0dc520bd67b7932361ed  prob=0.0328 (raw=0.0058)  vol=$4  trades=2  first_trade=2026-01-03 16:03  winrate=0.430  n_markets_traded=121.000  herfindahl_index_markets=0.155
10:31:00 [super]   #1145  0xbc43a6906364519766356b7243d2b89df6aeabf5  prob=0.0328 (raw=0.0058)  vol=$341  trades=46  first_trade=2026-01-03 18:59  winrate=NaN  n_markets_traded=0.000  herfindahl_index_markets=0.000
10:31:00 [super]   #1146  0x7e31a5e9c31638483614e9fd9f945bb34692454d  prob=0.0328 (raw=0.0058)  vol=$899  trades=34  first_trade=2026-01-04 17:20  winrate=NaN  n_markets_traded=0.000  herfindahl_index_markets=0.000
10:31:00 [super]   #1147  0xf15a4d8c9e1814ed229ce5dc5e2a76c3df566df2  prob=0.0328 (raw=0.0057)  vol=$216  trades=6  first_trade=2026-01-04 17:18  winrate=0.379  n_markets_traded=268.000  herfindahl_index_markets=0.017
10:31:00 [super]   #1148  0x22e4248bdb066f65c9f11cd66cdd3719a28eef1c  prob=0.0328 (raw=0.0057)  vol=$11,458  trades=39  first_trade=2026-01-06 11:57  winrate=NaN  n_markets_traded=0.000  herfindahl_index_markets=0.000
10:31:00 [super]   #1149  0xdf5dec2cf0ea1239efbe04ae25859610de31ed2b  prob=0.0328 (raw=0.0057)  vol=$7  trades=4  first_trade=2026-01-03 22:51  winrate=0.526  n_markets_traded=78.000  herfindahl_index_markets=0.051
10:31:00 [super]   #1150  0x39a53843b11aee6b0905635ce022f26eab90c0ef  prob=0.0328 (raw=0.0057)  vol=$91  trades=15  first_trade=2026-01-03 16:49  winrate=0.361  n_markets_traded=122.000  herfindahl_index_markets=0.031
10:31:00 [super]   #1151  0x2a61be6fcffb0116d835c9123245dd99ee251d33  prob=0.0328 (raw=0.0057)  vol=$3  trades=2  first_trade=2026-01-03 14:24  winrate=0.421  n_markets_traded=19.000  herfindahl_index_markets=0.071
10:31:00 [super]   #1152  0x6a88c5ecd262e2c42e78bad8e6db7ab3c4e4b859  prob=0.0328 (raw=0.0057)  vol=$400  trades=2  first_trade=2026-01-06 17:43  winrate=NaN  n_markets_traded=0.000  herfindahl_index_markets=0.000
10:31:00 [super]   #1153  0xee6f348a2ef1c456b478055b501f9e485c76d4da  prob=0.0328 (raw=0.0057)  vol=$249  trades=9  first_trade=2026-01-06 12:03  winrate=0.250  n_markets_traded=36.000  herfindahl_index_markets=0.100
10:31:00 [super]   #1154  0x7b0d4653d97ccc3d989d27916d98750e6cb65087  prob=0.0328 (raw=0.0057)  vol=$11  trades=2  first_trade=2026-01-04 18:50  winrate=NaN  n_markets_traded=0.000  herfindahl_index_markets=0.000
10:31:00 [super]   #1155  0xa6e4d6da7e3ba05550437db4475eacb1cc21369f  prob=0.0328 (raw=0.0057)  vol=$368  trades=7  first_trade=2026-01-04 02:43  winrate=0.722  n_markets_traded=34.000  herfindahl_index_markets=0.144
10:31:00 [super]   #1156  0xe78e84fba5477ce6f0fc62b3257bea8e753255f0  prob=0.0328 (raw=0.0057)  vol=$79  trades=1  first_trade=2026-01-04 19:25  winrate=0.461  n_markets_traded=123.000  herfindahl_index_markets=0.026
10:31:00 [super]   #1157  0x99c558d616b93647bb9ccd9cf4bcd7e23faf1d13  prob=0.0328 (raw=0.0057)  vol=$1  trades=2  first_trade=2026-01-03 16:21  winrate=0.381  n_markets_traded=155.000  herfindahl_index_markets=0.026
10:31:00 [super]   #1158  0x4307a1cf753af804b4dde531391a8d329041cdd6  prob=0.0328 (raw=0.0057)  vol=$2  trades=2  first_trade=2026-01-04 03:33  winrate=0.418  n_markets_traded=54.000  herfindahl_index_markets=0.118
10:31:00 [super]   #1159  0x99405768a8b4a4ba1eff0e1ef11e55f44f5e44fb  prob=0.0328 (raw=0.0057)  vol=$17  trades=2  first_trade=2026-01-04 17:07  winrate=0.478  n_markets_traded=43.000  herfindahl_index_markets=0.060
10:31:00 [super]   #1160  0x7bd4a62fa994c7f060d914c62d97e95638fcbdc4  prob=0.0328 (raw=0.0057)  vol=$32  trades=2  first_trade=2026-01-04 22:44  winrate=0.107  n_markets_traded=28.000  herfindahl_index_markets=0.135
10:31:00 [super]   #1161  0xfff04853768375e79a7cfa52023c5ef071b554e7  prob=0.0328 (raw=0.0057)  vol=$633  trades=7  first_trade=2026-01-04 15:13  winrate=0.435  n_markets_traded=92.000  herfindahl_index_markets=0.088
10:31:00 [super]   #1162  0x581943e932e501f3e2c59ec70d3e4aa0c15ef3a3  prob=0.0328 (raw=0.0057)  vol=$157  trades=5  first_trade=2026-01-04 18:49  winrate=0.386  n_markets_traded=88.000  herfindahl_index_markets=0.139
10:31:00 [super]   #1163  0x9f00a6d1c94fed51705a34f83e490b1a31251c9b  prob=0.0328 (raw=0.0057)  vol=$4  trades=2  first_trade=2026-01-05 00:40  winrate=0.395  n_markets_traded=38.000  herfindahl_index_markets=0.075
10:31:00 [super]   #1164  0x101e1b0df434f24cf4f9c845d4c56c49a006a36b  prob=0.0328 (raw=0.0057)  vol=$4  trades=2  first_trade=2026-01-04 12:36  winrate=0.487  n_markets_traded=80.000  herfindahl_index_markets=0.025
10:31:00 [super]   #1165  0x1521b47bf0c41f6b7fd3ad41cdec566812c8f23e  prob=0.0328 (raw=0.0057)  vol=$34,542  trades=5  first_trade=2026-01-06 17:28  winrate=NaN  n_markets_traded=0.000  herfindahl_index_markets=0.000
10:31:00 [super]   #1166  0x077a3cc89628bff01fb4dee8c86cedc2e8a9ec51  prob=0.0328 (raw=0.0057)  vol=$89  trades=20  first_trade=2026-01-05 20:22  winrate=0.146  n_markets_traded=41.000  herfindahl_index_markets=0.041
10:31:00 [super]   #1167  0xcbf622b65d4e6ad5363f1a8359d4c5f99b02301f  prob=0.0328 (raw=0.0057)  vol=$64  trades=5  first_trade=2026-01-04 06:09  winrate=0.432  n_markets_traded=37.000  herfindahl_index_markets=0.142
10:31:00 [super]   #1168  0x5f9b1c1f06f1cbe50708d406070db96def8a71f8  prob=0.0328 (raw=0.0057)  vol=$369  trades=6  first_trade=2026-01-03 21:57  winrate=0.425  n_markets_traded=40.000  herfindahl_index_markets=0.095
10:31:00 [super]   #1169  0x194d29f749e52447bb1c17dc41df375bcbbae424  prob=0.0328 (raw=0.0056)  vol=$6  trades=4  first_trade=2026-01-04 18:50  winrate=0.359  n_markets_traded=145.000  herfindahl_index_markets=0.025
10:31:00 [super]   #1170  0xec593b3c1a9a0ed15e597dc4ea09cafbffe3bb35  prob=0.0328 (raw=0.0056)  vol=$2,418  trades=14  first_trade=2026-01-06 11:12  winrate=NaN  n_markets_traded=0.000  herfindahl_index_markets=0.000
10:31:00 [super]   #1171  0x6a46ebd0d00700b1be6d608c4301ddb500f05b84  prob=0.0328 (raw=0.0056)  vol=$120  trades=5  first_trade=2026-01-03 17:20  winrate=0.272  n_markets_traded=191.000  herfindahl_index_markets=0.016
10:31:00 [super]   #1172  0x89751d1f05b391f312e21edca48ac5bab8b1ffe6  prob=0.0328 (raw=0.0056)  vol=$488  trades=47  first_trade=2026-01-03 06:25  winrate=NaN  n_markets_traded=0.000  herfindahl_index_markets=0.000
10:31:00 [super]   #1173  0x44b3c6ce8fbe2980778706768cac707f4baa28a1  prob=0.0328 (raw=0.0056)  vol=$1,028  trades=6  first_trade=2026-01-06 12:35  winrate=0.216  n_markets_traded=111.000  herfindahl_index_markets=0.068
10:31:00 [super]   #1174  0x98c85e0a531469c4be477e25f45ca658de6520be  prob=0.0328 (raw=0.0056)  vol=$9  trades=2  first_trade=2025-12-29 00:19  winrate=NaN  n_markets_traded=0.000  herfindahl_index_markets=0.000
10:31:00 [super]   #1175  0x49b1611e376bb528dedd1429f1bdb99b79f70f4d  prob=0.0328 (raw=0.0056)  vol=$10  trades=2  first_trade=2026-01-06 13:06  winrate=NaN  n_markets_traded=0.000  herfindahl_index_markets=0.000
10:31:00 [super]   #1176  0x9ad091ca2e8f1bd69f27662edcb49dceeaa5bf3d  prob=0.0328 (raw=0.0056)  vol=$1,678  trades=6  first_trade=2026-01-06 11:02  winrate=NaN  n_markets_traded=0.000  herfindahl_index_markets=0.000
10:31:00 [super]   #1177  0x45cc78578b082e89f21e847a3afec8d28cd26400  prob=0.0328 (raw=0.0056)  vol=$350  trades=5  first_trade=2025-12-22 22:01  winrate=NaN  n_markets_traded=0.000  herfindahl_index_markets=0.000
10:31:00 [super]   #1178  0x36a7e80b487b26eebce266da0640e33dd4651aea  prob=0.0328 (raw=0.0056)  vol=$1,743  trades=5  first_trade=2026-01-06 13:29  winrate=NaN  n_markets_traded=0.000  herfindahl_index_markets=0.000
10:31:00 [super]   #1179  0x8330fbb7e7cd79fe0852c413f35b7f104db2b88f  prob=0.0328 (raw=0.0056)  vol=$1,976  trades=20  first_trade=2026-01-03 18:28  winrate=0.344  n_markets_traded=257.000  herfindahl_index_markets=0.015
10:31:00 [super]   #1180  0x9797d6c41551f8fb64f3829f6d1b861f1c13c193  prob=0.0328 (raw=0.0056)  vol=$2  trades=2  first_trade=2026-01-06 13:45  winrate=NaN  n_markets_traded=0.000  herfindahl_index_markets=0.000
10:31:00 [super]   #1181  0x7b5887dcffa32af1ec155a8835c48b4e948aeb2b  prob=0.0328 (raw=0.0056)  vol=$1,598  trades=7  first_trade=2026-01-06 10:55  winrate=NaN  n_markets_traded=0.000  herfindahl_index_markets=0.000
10:31:00 [super]   #1182  0x90f7180856b033ea45200d892a7bc49fd1662501  prob=0.0328 (raw=0.0056)  vol=$318  trades=8  first_trade=2026-01-04 20:40  winrate=NaN  n_markets_traded=0.000  herfindahl_index_markets=0.000
10:31:00 [super]   #1183  0x04f6dab1a3d35fc9ad828536cd0f493013fd311a  prob=0.0328 (raw=0.0055)  vol=$149  trades=7  first_trade=2026-01-03 16:30  winrate=0.433  n_markets_traded=97.000  herfindahl_index_markets=0.033
10:31:00 [super]   #1184  0xd4514013c2fb2954a5be2e97267a885190a11897  prob=0.0328 (raw=0.0055)  vol=$7  trades=4  first_trade=2026-01-03 21:11  winrate=0.267  n_markets_traded=15.000  herfindahl_index_markets=0.112
10:31:00 [super]   #1185  0x5dd5cb17d1396a8d671f3df6432e12fc032dcf42  prob=0.0328 (raw=0.0055)  vol=$7  trades=4  first_trade=2026-01-04 02:39  winrate=0.303  n_markets_traded=33.000  herfindahl_index_markets=0.081
10:31:00 [super]   #1186  0x9e9a44961a17a6ab3815e4cd6bb0be51bce3a9a8  prob=0.0328 (raw=0.0055)  vol=$4,177  trades=99  first_trade=2026-01-03 12:13  winrate=NaN  n_markets_traded=0.000  herfindahl_index_markets=0.000
10:31:00 [super]   #1187  0x0a6d26d31b28fd5a84c301f8b27296612f3b1d0a  prob=0.0328 (raw=0.0055)  vol=$729  trades=30  first_trade=2026-01-04 18:53  winrate=NaN  n_markets_traded=0.000  herfindahl_index_markets=0.000
10:31:00 [super]   #1188  0xcf2af320f9f563fe7140e2c26f1b1a83b4415d4a  prob=0.0328 (raw=0.0055)  vol=$168  trades=4  first_trade=2026-01-03 19:28  winrate=0.363  n_markets_traded=146.000  herfindahl_index_markets=0.042
10:31:00 [super]   #1189  0x413d1ff09fa67c08d9bf295ea4804a26cc02d704  prob=0.0328 (raw=0.0055)  vol=$2  trades=2  first_trade=2025-12-27 09:39  winrate=NaN  n_markets_traded=0.000  herfindahl_index_markets=0.000
10:31:00 [super]   #1190  0x0554c046fa6fa1022d753344d13cfa3025221880  prob=0.0328 (raw=0.0055)  vol=$433  trades=19  first_trade=2026-01-03 19:53  winrate=0.364  n_markets_traded=66.000  herfindahl_index_markets=0.107
10:31:00 [super]   #1191  0x26be5b2ef2ae5e65ed3a15f79e7abdcc110dd699  prob=0.0328 (raw=0.0055)  vol=$90  trades=15  first_trade=2026-01-03 09:47  winrate=0.215  n_markets_traded=140.000  herfindahl_index_markets=0.038
10:31:00 [super]   #1192  0x3a736813a49adedf7d9e8b4830ff65f840909daa  prob=0.0328 (raw=0.0055)  vol=$354  trades=9  first_trade=2026-01-03 22:08  winrate=0.546  n_markets_traded=858.000  herfindahl_index_markets=0.007
10:31:00 [super]   #1193  0xff7ca9cd180d33119e653e3eb50555a3e2ccb233  prob=0.0328 (raw=0.0055)  vol=$44  trades=8  first_trade=2026-01-03 21:40  winrate=NaN  n_markets_traded=0.000  herfindahl_index_markets=0.000
10:31:00 [super]   #1194  0xc1c4e0aa0a6ed08d18a1d5bd8a2d1504f176bbfb  prob=0.0328 (raw=0.0055)  vol=$3  trades=3  first_trade=2026-01-06 14:33  winrate=NaN  n_markets_traded=0.000  herfindahl_index_markets=0.000
10:31:00 [super]   #1195  0xdbe51bd9c283357b4e79b192ad3b0fbec71dee3d  prob=0.0328 (raw=0.0055)  vol=$9  trades=4  first_trade=2026-01-04 02:53  winrate=0.351  n_markets_traded=37.000  herfindahl_index_markets=0.090
10:31:00 [super]   #1196  0x7afbfe56273ac942aa3de693ae3613f11b8921ff  prob=0.0328 (raw=0.0055)  vol=$67  trades=4  first_trade=2026-01-04 06:04  winrate=0.231  n_markets_traded=52.000  herfindahl_index_markets=0.143
10:31:00 [super]   #1197  0x0711e162e05349de3d87626dea4285d08537f03c  prob=0.0328 (raw=0.0055)  vol=$773  trades=98  first_trade=2026-01-03 19:22  winrate=NaN  n_markets_traded=0.000  herfindahl_index_markets=0.000
10:31:00 [super]   #1198  0x80324cd0c823e018bf427c7365724656f1057c6c  prob=0.0328 (raw=0.0054)  vol=$166  trades=14  first_trade=2026-01-04 01:03  winrate=0.507  n_markets_traded=351.000  herfindahl_index_markets=0.009
10:31:00 [super]   #1199  0x3163f70b8a66536ed96e648ed74e1d488cdf1167  prob=0.0328 (raw=0.0054)  vol=$117  trades=4  first_trade=2026-01-04 15:52  winrate=0.333  n_markets_traded=12.000  herfindahl_index_markets=0.102
10:31:00 [super]   #1200  0x9ef0d1510d56a42c15619a7a1b5ab800738a8ea6  prob=0.0328 (raw=0.0054)  vol=$48  trades=2  first_trade=2026-01-03 13:14  winrate=0.178  n_markets_traded=157.000  herfindahl_index_markets=0.031
10:31:00 [super]   #1201  0xbacd00c9080a82ded56f504ee8810af732b0ab35  prob=0.0328 (raw=0.0054)  vol=$75,930  trades=261  first_trade=2026-01-03 15:02  winrate=NaN  n_markets_traded=0.000  herfindahl_index_markets=0.000
10:31:00 [super]   #1202  0x792e9ff543281b0c530fac86ed74319858cc109e  prob=0.0328 (raw=0.0054)  vol=$8  trades=6  first_trade=2026-01-04 08:03  winrate=NaN  n_markets_traded=0.000  herfindahl_index_markets=0.000
10:31:00 [super]   #1203  0x562bc8068347268d9a69b8dd464d00eed0f9dc09  prob=0.0328 (raw=0.0054)  vol=$90  trades=4  first_trade=2026-01-06 11:40  winrate=NaN  n_markets_traded=0.000  herfindahl_index_markets=0.000
10:31:00 [super]   #1204  0x3c442520566cea61b695651f06fa50dcacbcdd68  prob=0.0328 (raw=0.0054)  vol=$10  trades=2  first_trade=2026-01-04 10:24  winrate=0.725  n_markets_traded=40.000  herfindahl_index_markets=0.056
10:31:00 [super]   #1205  0xb10047d6a254b2ebb306d7a7d13bf59171ab6461  prob=0.0328 (raw=0.0054)  vol=$2,011  trades=5  first_trade=2026-01-06 12:49  winrate=NaN  n_markets_traded=0.000  herfindahl_index_markets=0.000
10:31:00 [super]   #1206  0x61d0aceed741417e9b7ea45bcb7bf0295c8d1d86  prob=0.0328 (raw=0.0054)  vol=$95  trades=6  first_trade=2026-01-03 16:54  winrate=NaN  n_markets_traded=0.000  herfindahl_index_markets=0.000
10:31:00 [super]   #1207  0x1c1e841584db14084e10e7dca2ad0ab7b60dbfe7  prob=0.0328 (raw=0.0054)  vol=$372  trades=11  first_trade=2026-01-04 20:34  winrate=NaN  n_markets_traded=0.000  herfindahl_index_markets=0.000
10:31:00 [super]   #1208  0xb4e06e3a1f7c365b58b69d7200dec31e72719563  prob=0.0328 (raw=0.0054)  vol=$116  trades=7  first_trade=2026-01-03 21:39  winrate=0.466  n_markets_traded=73.000  herfindahl_index_markets=0.067
10:31:00 [super]   #1209  0xf6eb8cf69851efce1a8a1266cd7afd2ab873c13f  prob=0.0328 (raw=0.0054)  vol=$50  trades=4  first_trade=2026-01-04 09:57  winrate=0.176  n_markets_traded=17.000  herfindahl_index_markets=0.132
10:31:00 [super]   #1210  0xb8d79844d0f8dc78a30158e619801e31ecd83e75  prob=0.0328 (raw=0.0054)  vol=$4,539  trades=74  first_trade=2026-01-03 21:19  winrate=0.298  n_markets_traded=156.000  herfindahl_index_markets=0.035
10:31:00 [super]   #1211  0x96ba59509947835d0bc78546e57da2a618f09209  prob=0.0328 (raw=0.0053)  vol=$31  trades=3  first_trade=2026-01-04 02:34  winrate=0.125  n_markets_traded=16.000  herfindahl_index_markets=0.076
10:31:00 [super]   #1212  0xefdbf54008554171a0f6df892910b85fa3807358  prob=0.0328 (raw=0.0053)  vol=$472  trades=5  first_trade=2026-01-04 16:42  winrate=0.449  n_markets_traded=243.000  herfindahl_index_markets=0.030
10:31:00 [super]   #1213  0xc8b2b62e9ac155c153c0fdeaf35672be58fb7c84  prob=0.0328 (raw=0.0053)  vol=$64  trades=4  first_trade=2025-12-21 03:56  winrate=NaN  n_markets_traded=0.000  herfindahl_index_markets=0.000
10:31:00 [super]   #1214  0x01680432f4463e196315b592501d7f265db5ab3f  prob=0.0328 (raw=0.0053)  vol=$296  trades=10  first_trade=2026-01-04 18:21  winrate=0.382  n_markets_traded=68.000  herfindahl_index_markets=0.038
10:31:00 [super]   #1215  0x0fa08c2cdd96facdda6b16ca6d1ec8dad63eac6b  prob=0.0328 (raw=0.0053)  vol=$96  trades=10  first_trade=2026-01-04 02:09  winrate=0.395  n_markets_traded=38.000  herfindahl_index_markets=0.036
10:31:00 [super]   #1216  0x5188fa0e8a77e87bc6a58e6781fdfc4e165cc804  prob=0.0328 (raw=0.0053)  vol=$18,613  trades=71  first_trade=2025-12-28 23:00  winrate=NaN  n_markets_traded=0.000  herfindahl_index_markets=0.000
10:31:00 [super]   #1217  0xe1880096e270dead9411ab2cf49d3b33e6ffc1d0  prob=0.0328 (raw=0.0053)  vol=$44  trades=5  first_trade=2026-01-03 13:32  winrate=0.213  n_markets_traded=87.000  herfindahl_index_markets=0.074
10:31:00 [super]   #1218  0x5d867c8eea61f5459075db1c5f1cadad162a5073  prob=0.0328 (raw=0.0053)  vol=$938  trades=21  first_trade=2026-01-03 20:39  winrate=NaN  n_markets_traded=0.000  herfindahl_index_markets=0.000
10:31:00 [super]   #1219  0x60d567cf90278166bcf66d163fee492faee19af9  prob=0.0328 (raw=0.0053)  vol=$42  trades=3  first_trade=2026-01-03 20:22  winrate=0.279  n_markets_traded=43.000  herfindahl_index_markets=0.062
10:31:00 [super]   #1220  0x245d8cf6c9dc0873514959ede8fd5aa2ed5538a4  prob=0.0328 (raw=0.0053)  vol=$123  trades=10  first_trade=2026-01-04 00:47  winrate=0.484  n_markets_traded=60.000  herfindahl_index_markets=0.044
10:31:00 [super]   #1221  0x6ca5b437f5bc9946e1b9b2e02fcebe79decb9340  prob=0.0328 (raw=0.0053)  vol=$18  trades=4  first_trade=2026-01-04 20:08  winrate=0.200  n_markets_traded=40.000  herfindahl_index_markets=0.061
10:31:00 [super]   #1222  0xc720fbc84ecbd92e8ba7c1bdaad31b9865138f88  prob=0.0328 (raw=0.0053)  vol=$843  trades=3  first_trade=2026-01-04 00:10  winrate=0.431  n_markets_traded=65.000  herfindahl_index_markets=0.089
10:31:00 [super]   #1223  0x3b345c29419b69917d36af2c2be487a0f492cca8  prob=0.0328 (raw=0.0053)  vol=$1,380  trades=10  first_trade=2026-01-04 23:20  winrate=NaN  n_markets_traded=0.000  herfindahl_index_markets=0.000
10:31:00 [super]   #1224  0x95923e6dfa4e685361ffb0ead28657d3fa1aa85b  prob=0.0328 (raw=0.0053)  vol=$26,941  trades=187  first_trade=2026-01-03 13:35  winrate=NaN  n_markets_traded=0.000  herfindahl_index_markets=0.000
10:31:00 [super]   #1225  0xf8b9ba31f5307c0969d058e3a3affdb54f577b8d  prob=0.0328 (raw=0.0053)  vol=$1  trades=2  first_trade=2025-12-22 02:17  winrate=0.168  n_markets_traded=84.000  herfindahl_index_markets=0.050
10:31:00 [super]   #1226  0xf75ce947eef753f0d7c65edcede8c45346ff0387  prob=0.0328 (raw=0.0053)  vol=$70  trades=8  first_trade=2025-12-24 16:19  winrate=NaN  n_markets_traded=0.000  herfindahl_index_markets=0.000
10:31:00 [super]   #1227  0x8217b6c8878a4aa4ecc023608dbf91d4fac64936  prob=0.0328 (raw=0.0053)  vol=$242  trades=23  first_trade=2026-01-03 09:45  winrate=NaN  n_markets_traded=0.000  herfindahl_index_markets=0.000
10:31:00 [super]   #1228  0xeb8984bd4aad72274f170bfc71ef4fa21a4646f1  prob=0.0328 (raw=0.0052)  vol=$233  trades=11  first_trade=2026-01-04 23:47  winrate=0.178  n_markets_traded=53.000  herfindahl_index_markets=0.112
10:31:00 [super]   #1229  0x22f0872d74a55cd5659039603bc7c0cf8b74ae31  prob=0.0328 (raw=0.0052)  vol=$144  trades=5  first_trade=2026-01-03 18:57  winrate=0.373  n_markets_traded=140.000  herfindahl_index_markets=0.028
10:31:00 [super]   #1230  0xeebf09671cb403f4086914a89315cd56271e3885  prob=0.0328 (raw=0.0052)  vol=$42  trades=5  first_trade=2026-01-04 00:48  winrate=NaN  n_markets_traded=0.000  herfindahl_index_markets=0.000
10:31:00 [super]   #1231  0xea5ff76a4fd2cddfd312f995434b30b59bc64b09  prob=0.0328 (raw=0.0052)  vol=$9  trades=2  first_trade=2025-12-31 00:05  winrate=NaN  n_markets_traded=0.000  herfindahl_index_markets=0.000
10:31:00 [super]   #1232  0xee38f4cd4e83dc93ad8993068bf2ddfd4fb1fd31  prob=0.0328 (raw=0.0052)  vol=$1  trades=2  first_trade=2026-01-03 19:20  winrate=NaN  n_markets_traded=0.000  herfindahl_index_markets=0.000
10:31:00 [super]   #1233  0x3edf3d66a34b86bba59f1e3028c16832fe773c0c  prob=0.0328 (raw=0.0052)  vol=$3  trades=2  first_trade=2026-01-04 13:44  winrate=0.150  n_markets_traded=20.000  herfindahl_index_markets=0.085
10:31:00 [super]   #1234  0x063bdffe48aaf48a0f3eb7a9da1c66cf492cefbe  prob=0.0328 (raw=0.0052)  vol=$39  trades=3  first_trade=2026-01-04 22:07  winrate=0.157  n_markets_traded=242.000  herfindahl_index_markets=0.022
10:31:00 [super]   #1235  0x95158161ca5b28c8432ce3014324a96200e210d7  prob=0.0328 (raw=0.0052)  vol=$778  trades=16  first_trade=2026-01-04 01:19  winrate=0.333  n_markets_traded=30.000  herfindahl_index_markets=0.148
10:31:00 [super]   #1236  0x7a6192ea6815d3177e978dd3f8c38be5f575af24  prob=0.0328 (raw=0.0052)  vol=$151  trades=1  first_trade=2026-01-06 10:44  winrate=0.273  n_markets_traded=508.000  herfindahl_index_markets=0.010
10:31:00 [super]   #1237  0xc3262aeb0bd81deab067726635f5b5bd39201db1  prob=0.0328 (raw=0.0052)  vol=$3  trades=2  first_trade=2026-01-05 19:24  winrate=NaN  n_markets_traded=0.000  herfindahl_index_markets=0.000
10:31:00 [super]   #1238  0xa6b7ebd5ce137c3b5d56f896a52eba71702bd5f3  prob=0.0328 (raw=0.0052)  vol=$256  trades=21  first_trade=2026-01-04 03:04  winrate=NaN  n_markets_traded=0.000  herfindahl_index_markets=0.000
10:31:00 [super]   #1239  0x2793e5a1174eda40dc76a8ff19b5af727d964e49  prob=0.0328 (raw=0.0052)  vol=$37  trades=3  first_trade=2026-01-03 06:46  winrate=0.321  n_markets_traded=56.000  herfindahl_index_markets=0.036
10:31:00 [super]   #1240  0xa8efe023df84ddcb6e1e9f2adb2b63b6f10ce757  prob=0.0328 (raw=0.0052)  vol=$10  trades=2  first_trade=2026-01-04 10:23  winrate=0.358  n_markets_traded=67.000  herfindahl_index_markets=0.111
10:31:00 [super]   #1241  0x4865a2c059d3793720031cdfbabc02d111cd0d78  prob=0.0328 (raw=0.0052)  vol=$20  trades=2  first_trade=2026-01-03 15:59  winrate=0.300  n_markets_traded=20.000  herfindahl_index_markets=0.086
10:31:00 [super]   #1242  0xb97271e85dc35c7d1e3e86926b071161cedeff7b  prob=0.0328 (raw=0.0052)  vol=$4  trades=2  first_trade=2026-01-04 19:03  winrate=0.246  n_markets_traded=112.000  herfindahl_index_markets=0.017
10:31:00 [super]   #1243  0xf8be921a7922a4d22280cc6fdf8eefeff6ddc8d1  prob=0.0328 (raw=0.0052)  vol=$213  trades=3  first_trade=2026-01-03 12:57  winrate=0.355  n_markets_traded=114.000  herfindahl_index_markets=0.037
10:31:00 [super]   #1244  0xfac75f34ec3158205788368a0d39a8d0dea0333b  prob=0.0328 (raw=0.0052)  vol=$4  trades=2  first_trade=2026-01-05 10:12  winrate=0.294  n_markets_traded=17.000  herfindahl_index_markets=0.069
10:31:00 [super]   #1245  0x7610ad1d2acef84f759c157c6bc2a85bb73ce1ca  prob=0.0328 (raw=0.0052)  vol=$7  trades=4  first_trade=2026-01-04 12:26  winrate=0.333  n_markets_traded=39.000  herfindahl_index_markets=0.050
10:31:00 [super]   #1246  0xcdd71dc63f49c740c5433b946caea12fde4cb90f  prob=0.0328 (raw=0.0052)  vol=$71  trades=4  first_trade=2026-01-04 22:26  winrate=0.365  n_markets_traded=198.000  herfindahl_index_markets=0.024
10:31:00 [super]   #1247  0xe1ccd5943498bbe5e6756988cfb7228befa7f7d4  prob=0.0328 (raw=0.0052)  vol=$12  trades=3  first_trade=2026-01-03 23:08  winrate=0.231  n_markets_traded=65.000  herfindahl_index_markets=0.053
10:31:00 [super]   #1248  0xc3cd6b2d3f713669f0d99398b6c0dc534cc671ee  prob=0.0328 (raw=0.0052)  vol=$40  trades=2  first_trade=2026-01-03 22:04  winrate=0.373  n_markets_traded=271.000  herfindahl_index_markets=0.013
10:31:00 [super]   #1249  0x8ff8911a56faf5f823dc5fa195417f785965a3ad  prob=0.0328 (raw=0.0051)  vol=$6  trades=2  first_trade=2026-01-04 08:37  winrate=0.303  n_markets_traded=33.000  herfindahl_index_markets=0.047
10:31:00 [super]   #1250  0xf673f50457dd744414b6629df0220d2138480687  prob=0.0328 (raw=0.0051)  vol=$22  trades=3  first_trade=2026-01-05 09:15  winrate=0.314  n_markets_traded=179.000  herfindahl_index_markets=0.039
10:31:00 [super]   #1251  0xb8a90290332fa3ea9885f1e2ce479e6baf0c2948  prob=0.0328 (raw=0.0051)  vol=$40  trades=1  first_trade=2026-01-04 02:04  winrate=0.372  n_markets_traded=109.000  herfindahl_index_markets=0.030
10:31:00 [super]   #1252  0x68843fb141af02fa9ba013feae921a825779517c  prob=0.0328 (raw=0.0051)  vol=$25  trades=2  first_trade=2026-01-03 14:24  winrate=0.372  n_markets_traded=144.000  herfindahl_index_markets=0.025
10:31:00 [super]   #1253  0x4200c8b915d237f67aa0ef48f16985570f3f5d5c  prob=0.0328 (raw=0.0051)  vol=$10  trades=2  first_trade=2026-01-04 21:39  winrate=0.309  n_markets_traded=523.000  herfindahl_index_markets=0.010
10:31:00 [super]   #1254  0x43440ab002eaac9fede6f9d21bea96d84228f90d  prob=0.0328 (raw=0.0051)  vol=$756  trades=10  first_trade=2026-01-04 14:53  winrate=NaN  n_markets_traded=0.000  herfindahl_index_markets=0.000
10:31:00 [super]   #1255  0xf02105d60083d7d74d7e0f9785d79e06137cdf56  prob=0.0328 (raw=0.0051)  vol=$860  trades=17  first_trade=2026-01-03 17:20  winrate=NaN  n_markets_traded=0.000  herfindahl_index_markets=0.000
10:31:00 [super]   #1256  0x600fbf4b019e70be2650fc5ab8ae91c39c3c7427  prob=0.0328 (raw=0.0051)  vol=$25  trades=2  first_trade=2026-01-04 02:32  winrate=0.303  n_markets_traded=33.000  herfindahl_index_markets=0.073
10:31:00 [super]   #1257  0xf1a4be25118030418d1b389c88c1525041a7527c  prob=0.0328 (raw=0.0051)  vol=$1,831  trades=21  first_trade=2026-01-04 13:11  winrate=0.333  n_markets_traded=159.000  herfindahl_index_markets=0.104
10:31:00 [super]   #1258  0xbe0e2ccaba04e1cff6328df819aba5648578d429  prob=0.0328 (raw=0.0051)  vol=$0  trades=1  first_trade=2026-01-06 10:36  winrate=NaN  n_markets_traded=0.000  herfindahl_index_markets=0.000
10:31:00 [super]   #1259  0x841044859fe4d81ac9bd76815e1c3e62c92fd4ec  prob=0.0328 (raw=0.0051)  vol=$79  trades=3  first_trade=2026-01-04 06:39  winrate=0.259  n_markets_traded=58.000  herfindahl_index_markets=0.082
10:31:00 [super]   #1260  0xbe529f3c699cc19b8e11d207a3c2fb8cb35432c5  prob=0.0328 (raw=0.0051)  vol=$200  trades=6  first_trade=2026-01-04 18:31  winrate=0.338  n_markets_traded=132.000  herfindahl_index_markets=0.043
10:31:00 [super]   #1261  0x083f818ee988cc06300ed8d48cc5e0410ff5a55f  prob=0.0328 (raw=0.0051)  vol=$64  trades=3  first_trade=2026-01-05 10:58  winrate=0.328  n_markets_traded=250.000  herfindahl_index_markets=0.022
10:31:00 [super]   #1262  0xd7e9be67ffeef1d4cc29d2feb7fc9b8c69d1ef4d  prob=0.0328 (raw=0.0051)  vol=$2  trades=3  first_trade=2026-01-03 20:20  winrate=0.295  n_markets_traded=112.000  herfindahl_index_markets=0.085
10:31:00 [super]   #1263  0xacc8e9dcabf9d65a5c78e3bec6941ed53a2b7d08  prob=0.0328 (raw=0.0051)  vol=$6,387  trades=22  first_trade=2026-01-04 23:53  winrate=NaN  n_markets_traded=0.000  herfindahl_index_markets=0.000
10:31:00 [super]   #1264  0x7c3db723f1d4d8cb9c550095203b686cb11e5c6b  prob=0.0328 (raw=0.0051)  vol=$5,636  trades=36  first_trade=2026-01-04 18:50  winrate=NaN  n_markets_traded=0.000  herfindahl_index_markets=0.000
10:31:00 [super]   #1265  0x33e073440d9ac43e2e190e910f0b02b2fbd17d46  prob=0.0328 (raw=0.0051)  vol=$27,749  trades=63  first_trade=2026-01-03 11:33  winrate=NaN  n_markets_traded=0.000  herfindahl_index_markets=0.000
10:31:00 [super]   #1266  0xf42f4a4211d058cd109d503cf13f7bcdfc82a6a7  prob=0.0328 (raw=0.0051)  vol=$2,483  trades=33  first_trade=2026-01-04 15:40  winrate=NaN  n_markets_traded=0.000  herfindahl_index_markets=0.000
10:31:00 [super]   #1267  0x6cfce245330b7935bb415bd32ebbf8ee3059a5c2  prob=0.0328 (raw=0.0051)  vol=$16  trades=2  first_trade=2026-01-05 19:44  winrate=NaN  n_markets_traded=0.000  herfindahl_index_markets=0.000
10:31:00 [super]   #1268  0xb1fea3922a1998248cf2ae51f740b9be2bb7423a  prob=0.0328 (raw=0.0051)  vol=$1,070  trades=12  first_trade=2026-01-03 10:16  winrate=NaN  n_markets_traded=0.000  herfindahl_index_markets=0.000
10:31:00 [super]   #1269  0x215adbb63b47d0ca92f849fe2c2dc1adb0f6254c  prob=0.0327 (raw=0.0051)  vol=$174  trades=23  first_trade=2025-12-21 01:08  winrate=NaN  n_markets_traded=0.000  herfindahl_index_markets=0.000
10:31:00 [super]   #1270  0x2843d543c60a54106f572ab74f0e2e04f293b3d2  prob=0.0327 (raw=0.0051)  vol=$12  trades=2  first_trade=2026-01-03 06:50  winrate=NaN  n_markets_traded=0.000  herfindahl_index_markets=0.000
10:31:00 [super]   #1271  0xac13552e00a169d59c6cc28558b8e8999f696506  prob=0.0327 (raw=0.0051)  vol=$74  trades=6  first_trade=2026-01-04 03:14  winrate=0.356  n_markets_traded=86.000  herfindahl_index_markets=0.089
10:31:00 [super]   #1272  0xa652bd5ca73e59bca73460e59b6f1e4619046e59  prob=0.0327 (raw=0.0050)  vol=$8  trades=6  first_trade=2025-12-21 07:57  winrate=NaN  n_markets_traded=0.000  herfindahl_index_markets=0.000
10:31:00 [super]   #1273  0xf54732cb04fed217ce915fe21c91bcda5ac79ebb  prob=0.0327 (raw=0.0050)  vol=$2  trades=1  first_trade=2026-01-03 20:23  winrate=NaN  n_markets_traded=0.000  herfindahl_index_markets=0.000
10:31:00 [super]   #1274  0x06d5cac83375091e42a41a42db9c50adc5139246  prob=0.0327 (raw=0.0050)  vol=$8  trades=4  first_trade=2026-01-03 23:51  winrate=0.372  n_markets_traded=86.000  herfindahl_index_markets=0.086
10:31:00 [super]   #1275  0xa66790e2b0075e73c3781ddaf1d0b875a3aaceb3  prob=0.0327 (raw=0.0050)  vol=$8  trades=2  first_trade=2026-01-05 22:33  winrate=NaN  n_markets_traded=0.000  herfindahl_index_markets=0.000
10:31:00 [super]   #1276  0xfe140d9eac2a1565349ac7ea3405749efd011a10  prob=0.0327 (raw=0.0050)  vol=$44  trades=4  first_trade=2026-01-03 10:17  winrate=0.204  n_markets_traded=49.000  herfindahl_index_markets=0.095
10:31:00 [super]   #1277  0xc1b399b26020a4f689108e9640fd3dc8ffc8501c  prob=0.0327 (raw=0.0050)  vol=$50  trades=3  first_trade=2026-01-03 09:26  winrate=NaN  n_markets_traded=0.000  herfindahl_index_markets=0.000
10:31:00 [super]   #1278  0xb8ad2849635c9ce413f1fdd2e7b364bbfafeff58  prob=0.0327 (raw=0.0050)  vol=$88  trades=2  first_trade=2025-12-30 12:50  winrate=NaN  n_markets_traded=0.000  herfindahl_index_markets=0.000
10:31:00 [super]   #1279  0x5666ffa1ca295ef3161f950547480a63115ac630  prob=0.0327 (raw=0.0050)  vol=$1,417  trades=2  first_trade=2026-01-05 14:38  winrate=NaN  n_markets_traded=0.000  herfindahl_index_markets=0.000
10:31:00 [super]   #1280  0x0f151e25120ef01916647663ba04ba7c1b9cfb01  prob=0.0327 (raw=0.0050)  vol=$37  trades=7  first_trade=2026-01-03 21:34  winrate=0.285  n_markets_traded=200.000  herfindahl_index_markets=0.075
10:31:00 [super]   #1281  0x2c3928af89565c352afe8e2a1b25deed77a056dc  prob=0.0327 (raw=0.0050)  vol=$722  trades=8  first_trade=2025-12-22 02:16  winrate=NaN  n_markets_traded=0.000  herfindahl_index_markets=0.000
10:31:00 [super]   #1282  0xc624cccd414dc90ea329f06cf535fafa40d2ee24  prob=0.0327 (raw=0.0050)  vol=$179  trades=8  first_trade=2026-01-04 00:34  winrate=NaN  n_markets_traded=0.000  herfindahl_index_markets=0.000
10:31:00 [super]   #1283  0x50b977391c4b3dd88b0a0bef03c3434fe4284298  prob=0.0327 (raw=0.0050)  vol=$0  trades=1  first_trade=2026-01-06 10:47  winrate=NaN  n_markets_traded=0.000  herfindahl_index_markets=0.000
10:31:00 [super]   #1284  0x095dcfb123a4bc035ee6b0d624bab0cc964352cf  prob=0.0327 (raw=0.0049)  vol=$14  trades=3  first_trade=2026-01-03 14:02  winrate=NaN  n_markets_traded=0.000  herfindahl_index_markets=0.000
10:31:00 [super]   #1285  0x6b38bf56db5878d97c481627d958c4071cf44d61  prob=0.0327 (raw=0.0049)  vol=$9  trades=2  first_trade=2026-01-03 18:57  winrate=NaN  n_markets_traded=0.000  herfindahl_index_markets=0.000
10:31:00 [super]   #1286  0x58a38e6ebf6f530e8022aefd6415f228f3014492  prob=0.0327 (raw=0.0049)  vol=$27  trades=2  first_trade=2026-01-05 12:44  winrate=NaN  n_markets_traded=0.000  herfindahl_index_markets=0.000
10:31:00 [super]   #1287  0xcd95ebd0d0d099fa442b9730991f2b8be5d28c17  prob=0.0327 (raw=0.0049)  vol=$100  trades=2  first_trade=2026-01-03 20:39  winrate=NaN  n_markets_traded=0.000  herfindahl_index_markets=0.000
10:31:00 [super]   #1288  0x6c104a31c105ab2573a42e0f178f961e4496df5c  prob=0.0327 (raw=0.0049)  vol=$35  trades=5  first_trade=2025-12-23 16:36  winrate=NaN  n_markets_traded=0.000  herfindahl_index_markets=0.000
10:31:00 [super]   #1289  0x7bb244d0c70293e66dee84f3d0623fbbbf7d682c  prob=0.0327 (raw=0.0049)  vol=$1,285  trades=6  first_trade=2026-01-03 16:44  winrate=NaN  n_markets_traded=0.000  herfindahl_index_markets=0.000
10:31:00 [super]   #1290  0x31646b754f77b973910e7376b7015cb81fe83c65  prob=0.0327 (raw=0.0049)  vol=$29  trades=3  first_trade=2026-01-03 20:53  winrate=NaN  n_markets_traded=0.000  herfindahl_index_markets=0.000
10:31:00 [super]   #1291  0x44c1dfe43260c94ed4f1d00de2e1f80fb113ebc1  prob=0.0327 (raw=0.0049)  vol=$159  trades=5  first_trade=2026-01-03 09:43  winrate=NaN  n_markets_traded=0.000  herfindahl_index_markets=0.000
10:31:00 [super]   #1292  0x2df5ad0f2612c7bcf5f87543e126e0aa351051ac  prob=0.0327 (raw=0.0049)  vol=$2  trades=2  first_trade=2026-01-03 13:39  winrate=NaN  n_markets_traded=0.000  herfindahl_index_markets=0.000
10:31:00 [super]   #1293  0x1e3a86ef98030e7e0519e127d8178e9b45389e14  prob=0.0327 (raw=0.0049)  vol=$560  trades=3  first_trade=2026-01-04 23:55  winrate=NaN  n_markets_traded=0.000  herfindahl_index_markets=0.000
10:31:00 [super]   #1294  0x50a3b6cb6fe6b987cdd541c8270fe855ed140a78  prob=0.0327 (raw=0.0049)  vol=$8  trades=2  first_trade=2026-01-04 19:20  winrate=NaN  n_markets_traded=0.000  herfindahl_index_markets=0.000
10:31:00 [super]   #1295  0xe95c4b8a64969c66d3b3396d587bb31bbe4cbc09  prob=0.0327 (raw=0.0049)  vol=$1  trades=1  first_trade=2026-01-03 20:28  winrate=NaN  n_markets_traded=0.000  herfindahl_index_markets=0.000
10:31:00 [super]   #1296  0xb4fc3b8dfa7e5966df6d7ed8932e87eb46aaa926  prob=0.0327 (raw=0.0049)  vol=$182  trades=1  first_trade=2026-01-04 19:38  winrate=NaN  n_markets_traded=0.000  herfindahl_index_markets=0.000
10:31:00 [super]   #1297  0x2a019dc0089ea8c6edbbafc8a7cc9ba77b4b6397  prob=0.0327 (raw=0.0049)  vol=$5,003  trades=15  first_trade=2026-01-02 07:18  winrate=NaN  n_markets_traded=0.000  herfindahl_index_markets=0.000
10:31:00 [super]   #1298  0x67f8bf4c9be9142481136bba701801151f37d626  prob=0.0327 (raw=0.0049)  vol=$38  trades=5  first_trade=2026-01-04 20:21  winrate=0.267  n_markets_traded=15.000  herfindahl_index_markets=0.099
10:31:00 [super]   #1299  0xc360b7771fe7c63139076a6f9e8c34b773badbb2  prob=0.0327 (raw=0.0049)  vol=$408  trades=10  first_trade=2026-01-04 11:06  winrate=NaN  n_markets_traded=0.000  herfindahl_index_markets=0.000
10:31:00 [super]   #1300  0x42a0c6f25f4b5432e2bc01d45f326ffc59563762  prob=0.0327 (raw=0.0049)  vol=$43  trades=2  first_trade=2026-01-04 09:29  winrate=NaN  n_markets_traded=0.000  herfindahl_index_markets=0.000
10:31:00 [super]   #1301  0xa65ccb877d2cb355dc74ad3be7134de30ac732fb  prob=0.0327 (raw=0.0049)  vol=$18  trades=1  first_trade=2026-01-04 11:41  winrate=NaN  n_markets_traded=0.000  herfindahl_index_markets=0.000
10:31:00 [super]   #1302  0x588a05937fc4ff13a275500d58db4a53fc7baeeb  prob=0.0327 (raw=0.0049)  vol=$17  trades=4  first_trade=2026-01-04 14:54  winrate=0.359  n_markets_traded=518.000  herfindahl_index_markets=0.010
10:31:00 [super]   #1303  0xefde9ff487fae209ab6e3157a8acb4276f9c783d  prob=0.0327 (raw=0.0049)  vol=$1,362  trades=14  first_trade=2026-01-03 11:36  winrate=NaN  n_markets_traded=0.000  herfindahl_index_markets=0.000
10:31:00 [super]   #1304  0x1f496a1cc840c95a1eca13f1b5bbdf983ff27458  prob=0.0327 (raw=0.0049)  vol=$433  trades=5  first_trade=2025-12-24 00:12  winrate=NaN  n_markets_traded=0.000  herfindahl_index_markets=0.000
10:31:00 [super]   #1305  0xff9152ac8cb6260419ea8940248177083aceab3a  prob=0.0327 (raw=0.0049)  vol=$1,961  trades=18  first_trade=2026-01-03 10:18  winrate=NaN  n_markets_traded=0.000  herfindahl_index_markets=0.000
10:31:00 [super]   #1306  0x860d81da0e4f6ddfc9635b6c6b26316505a26071  prob=0.0327 (raw=0.0049)  vol=$11  trades=12  first_trade=2026-01-04 10:13  winrate=NaN  n_markets_traded=0.000  herfindahl_index_markets=0.000
10:31:00 [super]   #1307  0x91c7f544a6efad9825185c2bca1f1a95cc92b576  prob=0.0327 (raw=0.0049)  vol=$2,116  trades=49  first_trade=2026-01-03 10:02  winrate=NaN  n_markets_traded=0.000  herfindahl_index_markets=0.000
10:31:00 [super]   #1308  0xc02147dee42356b7a4edbb1c35ac4ffa95f61fa8  prob=0.0327 (raw=0.0048)  vol=$2,824  trades=8  first_trade=2026-01-05 03:09  winrate=NaN  n_markets_traded=0.000  herfindahl_index_markets=0.000
10:31:00 [super]   #1309  0xdd45e705ee2c41bd1d81da5bcb8ed0e8b30259b2  prob=0.0327 (raw=0.0048)  vol=$134  trades=18  first_trade=2026-01-04 18:52  winrate=NaN  n_markets_traded=0.000  herfindahl_index_markets=0.000
10:31:00 [super]   #1310  0xbb015bb4009b6a48bfb9363d9c9b1d54e9ab02e5  prob=0.0327 (raw=0.0048)  vol=$987  trades=10  first_trade=2026-01-05 19:49  winrate=NaN  n_markets_traded=0.000  herfindahl_index_markets=0.000
10:31:00 [super]   #1311  0x1ae3eb852de0d296c22ce6768c14d42412b985e9  prob=0.0327 (raw=0.0048)  vol=$5  trades=4  first_trade=2026-01-04 11:32  winrate=0.273  n_markets_traded=22.000  herfindahl_index_markets=0.094
10:31:00 [super]   #1312  0xd6eef76188c7068719ac881460b7431e1ae137a2  prob=0.0327 (raw=0.0048)  vol=$202  trades=38  first_trade=2026-01-03 11:22  winrate=NaN  n_markets_traded=0.000  herfindahl_index_markets=0.000
10:31:00 [super]   #1313  0x6a4202f077b6e867b0cab92399243dab47a69063  prob=0.0327 (raw=0.0048)  vol=$7  trades=4  first_trade=2026-01-04 02:42  winrate=0.172  n_markets_traded=29.000  herfindahl_index_markets=0.054
10:31:00 [super]   #1314  0x8a4ec9c5684b23599bb1dd827b8a5673c2fab38c  prob=0.0327 (raw=0.0048)  vol=$53  trades=6  first_trade=2026-01-03 23:35  winrate=NaN  n_markets_traded=0.000  herfindahl_index_markets=0.000
10:31:00 [super]   #1315  0x5a3883af2593717896863e6b29c766d85d450a9b  prob=0.0327 (raw=0.0048)  vol=$65  trades=6  first_trade=2026-01-04 01:49  winrate=0.175  n_markets_traded=40.000  herfindahl_index_markets=0.062
10:31:00 [super]   #1316  0x4c039d1350e83f378be2356f543e8d2e13fe604e  prob=0.0327 (raw=0.0048)  vol=$101  trades=8  first_trade=2025-12-22 03:37  winrate=NaN  n_markets_traded=0.000  herfindahl_index_markets=0.000
10:31:00 [super]   #1317  0x23cc4d606d11eefaccb6609195322e1885284f5a  prob=0.0327 (raw=0.0047)  vol=$1,815  trades=53  first_trade=2026-01-04 02:49  winrate=NaN  n_markets_traded=0.000  herfindahl_index_markets=0.000
10:31:00 [super]   #1318  0x6c646ceb0aa71d1ec87732058104b638ac83c336  prob=0.0327 (raw=0.0047)  vol=$178  trades=9  first_trade=2026-01-03 14:52  winrate=0.360  n_markets_traded=50.000  herfindahl_index_markets=0.070
10:31:00 [super]   #1319  0x3d85c79bc5bf1dfab707ac020becde0d37e46437  prob=0.0327 (raw=0.0047)  vol=$131  trades=30  first_trade=2026-01-04 11:55  winrate=NaN  n_markets_traded=0.000  herfindahl_index_markets=0.000
10:31:00 [super]   #1320  0x017bbd948248be2ae58d8fbfad186428c7291ef4  prob=0.0327 (raw=0.0047)  vol=$47  trades=10  first_trade=2026-01-03 10:17  winrate=NaN  n_markets_traded=0.000  herfindahl_index_markets=0.000
10:31:00 [super]   #1321  0x357ecb1969b0a288d37e6a28223e620ef2082a0c  prob=0.0327 (raw=0.0047)  vol=$14,405  trades=51  first_trade=2026-01-03 10:30  winrate=NaN  n_markets_traded=0.000  herfindahl_index_markets=0.000
10:31:00 [super]   #1322  0xfa2bc333d6d26372e7d1064c6fa61ecf67f2c35d  prob=0.0327 (raw=0.0047)  vol=$35  trades=4  first_trade=2026-01-04 02:16  winrate=NaN  n_markets_traded=0.000  herfindahl_index_markets=0.000
10:31:00 [super]   #1323  0x5874f18a2ca6558ac8671f491f3f99498fd36b11  prob=0.0327 (raw=0.0047)  vol=$1,781  trades=21  first_trade=2026-01-05 04:17  winrate=NaN  n_markets_traded=0.000  herfindahl_index_markets=0.000
10:31:00 [super]   #1324  0x21ffd2b7a212a6f277ed3eca1a9f8efcbca90d71  prob=0.0327 (raw=0.0047)  vol=$343  trades=5  first_trade=2026-01-02 16:52  winrate=NaN  n_markets_traded=0.000  herfindahl_index_markets=0.000
10:31:00 [super]   #1325  0xbefa95c276ee8ef6ff3ef43d1c1c454f52bc300d  prob=0.0327 (raw=0.0046)  vol=$380  trades=58  first_trade=2026-01-04 06:37  winrate=NaN  n_markets_traded=0.000  herfindahl_index_markets=0.000
10:31:00 [super]   #1326  0x9cdda449d7cedf1072d74982a5dc2349df3d3e97  prob=0.0327 (raw=0.0046)  vol=$294  trades=8  first_trade=2026-01-03 10:27  winrate=NaN  n_markets_traded=0.000  herfindahl_index_markets=0.000
10:31:00 [super]   #1327  0xc8aeea557036fbb49ab54c2dfd966c661fc8f471  prob=0.0327 (raw=0.0046)  vol=$1,323  trades=18  first_trade=2026-01-03 17:30  winrate=NaN  n_markets_traded=0.000  herfindahl_index_markets=0.000
10:31:00 [super]   #1328  0x80a0da00fbdc8440b0ef601341f14c3e24795708  prob=0.0327 (raw=0.0046)  vol=$74  trades=3  first_trade=2026-01-03 12:57  winrate=NaN  n_markets_traded=0.000  herfindahl_index_markets=0.000
10:31:00 [super]   #1329  0x784feec38475dc47e63c3a16cbd24b905dab5df9  prob=0.0327 (raw=0.0046)  vol=$10,428  trades=60  first_trade=2026-01-03 18:11  winrate=NaN  n_markets_traded=0.000  herfindahl_index_markets=0.000
10:31:00 [super]   #1330  0x03d0d65c51235e63805335b85ead75794830d647  prob=0.0327 (raw=0.0046)  vol=$134  trades=13  first_trade=2026-01-03 20:48  winrate=NaN  n_markets_traded=0.000  herfindahl_index_markets=0.000
10:31:00 [super]   #1331  0x0e296cbd5596272f1661a9ff64ce44232dea1a0c  prob=0.0327 (raw=0.0046)  vol=$233  trades=17  first_trade=2026-01-04 12:33  winrate=NaN  n_markets_traded=0.000  herfindahl_index_markets=0.000
10:31:00 [super]   #1332  0xe8094f6c27440b779787a664da8379a55efb039b  prob=0.0327 (raw=0.0045)  vol=$177  trades=9  first_trade=2026-01-04 05:01  winrate=NaN  n_markets_traded=0.000  herfindahl_index_markets=0.000
10:31:00 [super]   #1333  0x0a53282124062874b45d6489a95a26f62c6d7a6f  prob=0.0327 (raw=0.0045)  vol=$849  trades=19  first_trade=2026-01-03 10:27  winrate=NaN  n_markets_traded=0.000  herfindahl_index_markets=0.000
10:31:00 [super]   #1334  0x8597ca63e722d6216bfc3057591fdc67ec49daee  prob=0.0327 (raw=0.0045)  vol=$24,328  trades=50  first_trade=2026-01-04 19:17  winrate=NaN  n_markets_traded=0.000  herfindahl_index_markets=0.000
10:31:00 [super]   #1335  0x628e5c534610bfe44c7850d2f8c068a05b021d80  prob=0.0327 (raw=0.0045)  vol=$29  trades=18  first_trade=2026-01-04 18:50  winrate=NaN  n_markets_traded=0.000  herfindahl_index_markets=0.000
10:31:00 [super]   #1336  0x7f2928f6f7626b13fbac2d566b834e4764fc0760  prob=0.0327 (raw=0.0044)  vol=$478  trades=8  first_trade=2026-01-03 11:54  winrate=NaN  n_markets_traded=0.000  herfindahl_index_markets=0.000
10:31:00 [super]   #1337  0x6684c2a24c764b471a08e441a073ea74c52295d1  prob=0.0327 (raw=0.0044)  vol=$190  trades=8  first_trade=2026-01-03 13:48  winrate=NaN  n_markets_traded=0.000  herfindahl_index_markets=0.000
10:31:00 [super]   #1338  0x3ab5ad27c676c4be1218397912eab5396e6de56f  prob=0.0327 (raw=0.0043)  vol=$265  trades=10  first_trade=2026-01-03 10:40  winrate=NaN  n_markets_traded=0.000  herfindahl_index_markets=0.000
10:31:00 [super]   #1339  0x5cd5c8d7a17c78d7389d8b87b611aed83322ac33  prob=0.0326 (raw=0.0043)  vol=$1,099  trades=10  first_trade=2026-01-03 10:46  winrate=NaN  n_markets_traded=0.000  herfindahl_index_markets=0.000
10:31:00 [super] ============================================================
10:31:00 [super] FLAGGED 0xfb83f6ca0e1e320f4050e8a7202ef53366df42d5  prob=0.634 (raw=0.925)  vol=$363  trades=10  first_trade=2026-01-03 10:11  winrate=0.000  n_markets_traded=7.000  herfindahl_index_markets=0.318
10:31:00 [super] FLAGGED 0xa64790bf3b45c024f3edc2614e8516466c7f5560  prob=0.598 (raw=0.890)  vol=$127  trades=3  first_trade=2026-01-03 15:09  winrate=0.000  n_markets_traded=6.000  herfindahl_index_markets=0.224
10:31:00 [super] FLAGGED 0x3be115f41213b0e4863a4365abfa9b374e9163f9  prob=0.591 (raw=0.883)  vol=$191  trades=3  first_trade=2026-01-03 21:41  winrate=0.667  n_markets_traded=3.000  herfindahl_index_markets=0.817
10:31:00 [super] FLAGGED 0x206ea8551d011bcfcf88c3ecee5c08f8cca2096a  prob=0.586 (raw=0.878)  vol=$972  trades=27  first_trade=2026-01-03 09:41  winrate=0.000  n_markets_traded=5.000  herfindahl_index_markets=0.314
10:31:00 [super] FLAGGED 0xea426ccecd626b9bfdb17831b1c1896c59e1330b  prob=0.580 (raw=0.872)  vol=$66  trades=8  first_trade=2026-01-04 15:05  winrate=0.000  n_markets_traded=1.000  herfindahl_index_markets=1.000
10:31:00 [super] FLAGGED 0x575644961ad4ff6f059a2b667d14c832f6e26d16  prob=0.568 (raw=0.860)  vol=$2  trades=3  first_trade=2026-01-03 16:58  winrate=0.000  n_markets_traded=1.000  herfindahl_index_markets=1.000
10:31:00 [super] FLAGGED 0xf61b719a05acc9f7b97b68cfbd1fb250f51bbece  prob=0.567 (raw=0.860)  vol=$8  trades=2  first_trade=2026-01-03 14:45  winrate=0.000  n_markets_traded=5.000  herfindahl_index_markets=0.232
10:31:00 [super] FLAGGED 0x22337384a842ae0e6053ca261055412d90dc6fc1  prob=0.559 (raw=0.852)  vol=$3  trades=2  first_trade=2026-01-03 11:37  winrate=0.000  n_markets_traded=8.000  herfindahl_index_markets=0.451
10:31:00 [super] FLAGGED 0x473bb8bb82cb1445d8421e3ed92379217bda0161  prob=0.542 (raw=0.836)  vol=$8  trades=3  first_trade=2026-01-04 13:01  winrate=0.000  n_markets_traded=1.000  herfindahl_index_markets=1.000
10:31:00 [super] FLAGGED 0x280d78674f70ec76894a43d2453e5dd194e46eee  prob=0.523 (raw=0.818)  vol=$8  trades=4  first_trade=2026-01-04 10:11  winrate=0.000  n_markets_traded=2.000  herfindahl_index_markets=0.500
10:31:00 [super] FLAGGED 0x31a56e9e690c621ed21de08cb559e9524cdb8ed9  prob=0.521 (raw=0.816)  vol=$10,283  trades=68  first_trade=2026-01-01 23:56  winrate=0.000  n_markets_traded=4.000  herfindahl_index_markets=0.436
10:31:00 [super] FLAGGED 0xe547ff5bd2dd707be4e3a958a7922dfc40e68a2d  prob=0.521 (raw=0.816)  vol=$10  trades=2  first_trade=2026-01-04 10:59  winrate=0.000  n_markets_traded=4.000  herfindahl_index_markets=0.250
10:31:00 [super] FLAGGED 0xaf33895ed00606e100bd2d5926fde17c5ed5ab3e  prob=0.519 (raw=0.814)  vol=$16  trades=2  first_trade=2026-01-04 19:07  winrate=0.000  n_markets_traded=3.000  herfindahl_index_markets=0.344
10:31:00 [super] FLAGGED 0xbe3d2c351eed2376b6d650760739b38a6bfe658f  prob=0.509 (raw=0.805)  vol=$370  trades=5  first_trade=2026-01-03 21:22  winrate=0.000  n_markets_traded=5.000  herfindahl_index_markets=0.200
10:31:00 [super] FLAGGED 0xc9162dc7cab70ac13a9335e77bd442b055986977  prob=0.498 (raw=0.795)  vol=$5  trades=2  first_trade=2026-01-04 15:14  winrate=0.000  n_markets_traded=2.000  herfindahl_index_markets=0.627
10:31:00 [super] FLAGGED 0x22ffd666636ec7b83a61c154071a00e0905cb2d1  prob=0.495 (raw=0.792)  vol=$4  trades=2  first_trade=2026-01-03 12:14  winrate=0.000  n_markets_traded=1.000  herfindahl_index_markets=1.000
10:31:00 [super] FLAGGED 0xab66e349f6bd20719457799f8a00ec21ee52278d  prob=0.483 (raw=0.780)  vol=$33  trades=3  first_trade=2026-01-04 00:55  winrate=0.000  n_markets_traded=3.000  herfindahl_index_markets=0.489
10:31:00 [super] FLAGGED 0x0e97fe5342d32e3cfa8062d33e4abc6dda0fbda7  prob=0.462 (raw=0.761)  vol=$15  trades=2  first_trade=2026-01-04 13:12  winrate=0.000  n_markets_traded=3.000  herfindahl_index_markets=0.333
10:31:00 [super] FLAGGED 0xf27f53d5d8b7b616e47799545983c6249d5b61da  prob=0.445 (raw=0.745)  vol=$15  trades=2  first_trade=2026-01-04 13:39  winrate=0.000  n_markets_traded=2.000  herfindahl_index_markets=0.500
10:31:00 [super] FLAGGED 0x3857890b43049a100d67c6cf363805fac1e02c60  prob=0.413 (raw=0.714)  vol=$60  trades=2  first_trade=2026-01-03 20:14  winrate=0.000  n_markets_traded=4.000  herfindahl_index_markets=0.339
10:31:00 [super] FLAGGED 0xe98c96a5d5a61d16f53ba22a182bf1a631ee2a97  prob=0.377 (raw=0.680)  vol=$46  trades=3  first_trade=2026-01-05 21:47  winrate=0.000  n_markets_traded=3.000  herfindahl_index_markets=0.456
10:31:00 [super] FLAGGED 0xd0127c8a5fa157c1dd5d298aeeffb7f204c23bfd  prob=0.370 (raw=0.672)  vol=$2  trades=2  first_trade=2026-01-03 23:38  winrate=0.000  n_markets_traded=2.000  herfindahl_index_markets=0.835
10:31:00 [super] FLAGGED 0xf234acc1df0e8719438532b716860f8db78e716d  prob=0.355 (raw=0.657)  vol=$2  trades=2  first_trade=2026-01-04 02:06  winrate=0.000  n_markets_traded=2.000  herfindahl_index_markets=0.500
10:31:00 [super] FLAGGED 0x8897b45ef8f129c53659c45fa155cd255bff2a21  prob=0.355 (raw=0.657)  vol=$20  trades=4  first_trade=2026-01-06 07:21  winrate=0.200  n_markets_traded=5.000  herfindahl_index_markets=0.393
10:31:00 [super] FLAGGED 0x638908988c2b0a0b5d67a5c6241df6085e66c6f6  prob=0.353 (raw=0.655)  vol=$3  trades=2  first_trade=2026-01-04 02:07  winrate=0.000  n_markets_traded=1.000  herfindahl_index_markets=1.000
10:31:00 [super] FLAGGED 0x70896ef90afcc72080a90420be2bcafbd4eb9160  prob=0.345 (raw=0.647)  vol=$213  trades=9  first_trade=2026-01-03 19:31  winrate=0.000  n_markets_traded=1.000  herfindahl_index_markets=1.000
10:31:00 [super] FLAGGED 0xdaca7bce901ef147f939dd45aa4fab0dbec3d857  prob=0.344 (raw=0.646)  vol=$1,963  trades=21  first_trade=2026-01-03 20:23  winrate=0.000  n_markets_traded=1.000  herfindahl_index_markets=1.000
10:31:00 [super] FLAGGED 0x4b265f926880b5ec061a9e69b9f14f4437497fa1  prob=0.341 (raw=0.643)  vol=$213  trades=7  first_trade=2026-01-03 10:30  winrate=0.000  n_markets_traded=1.000  herfindahl_index_markets=1.000
10:31:00 [super] FLAGGED 0x18b2080ab96c5b4895c783c5c05ededa2ea294c8  prob=0.340 (raw=0.642)  vol=$186  trades=8  first_trade=2026-01-03 17:07  winrate=0.000  n_markets_traded=1.000  herfindahl_index_markets=1.000
10:31:00 [super] FLAGGED 0x7d127f224f241f564d829850301afb3250b5339f  prob=0.335 (raw=0.637)  vol=$6  trades=2  first_trade=2026-01-03 11:07  winrate=0.000  n_markets_traded=10.000  herfindahl_index_markets=0.125
10:31:00 [super] FLAGGED 0x793975b31af44860deca0a22d40e4e5d7de21d79  prob=0.323 (raw=0.623)  vol=$9  trades=4  first_trade=2026-01-03 16:44  winrate=0.000  n_markets_traded=6.000  herfindahl_index_markets=0.243
10:31:00 [super] FLAGGED 0xad12f3a7dda5d1f2b75abfa10074a15339eef9ad  prob=0.313 (raw=0.612)  vol=$11  trades=4  first_trade=2026-01-03 14:39  winrate=0.000  n_markets_traded=1.000  herfindahl_index_markets=1.000
10:31:00 [super] FLAGGED 0xd3d1856dcd0c66bd45080e1f6efa10b6eb7d0b02  prob=0.311 (raw=0.611)  vol=$57  trades=5  first_trade=2026-01-03 17:40  winrate=0.000  n_markets_traded=2.000  herfindahl_index_markets=0.556
10:31:00 [super] FLAGGED 0x475f3a08e5d69c30269fb21a4d0472da13458ed7  prob=0.284 (raw=0.581)  vol=$64  trades=2  first_trade=2026-01-04 06:38  winrate=0.000  n_markets_traded=1.000  herfindahl_index_markets=1.000
10:31:00 [super] FLAGGED 0x2d3961163c1d9e94f047a9f437402a3e620cbc31  prob=0.274 (raw=0.569)  vol=$7  trades=2  first_trade=2026-01-03 23:12  winrate=0.000  n_markets_traded=2.000  herfindahl_index_markets=0.722
10:31:00 [super] FLAGGED 0x050ee4f95b2735d8fd3b4ea729b5a9bd9b88d92f  prob=0.271 (raw=0.565)  vol=$46  trades=6  first_trade=2026-01-03 19:04  winrate=0.000  n_markets_traded=4.000  herfindahl_index_markets=0.457
10:31:00 [super] FLAGGED 0xa4cb6048043d67d6b707f9006a7f43bdf0247797  prob=0.271 (raw=0.565)  vol=$8  trades=2  first_trade=2026-01-04 21:15  winrate=0.000  n_markets_traded=5.000  herfindahl_index_markets=0.311
10:31:00 [super] FLAGGED 0xd388dc16c4e964ea22726553b3dd64cab0640190  prob=0.263 (raw=0.556)  vol=$2,364  trades=27  first_trade=2026-01-04 07:27  winrate=0.500  n_markets_traded=2.000  herfindahl_index_markets=0.687
10:31:00 [super] FLAGGED 0xf52bf0e7c958b177727ad6a58f058a1faf87be70  prob=0.253 (raw=0.544)  vol=$15  trades=2  first_trade=2026-01-03 20:31  winrate=0.000  n_markets_traded=1.000  herfindahl_index_markets=1.000
10:31:00 [super] FLAGGED 0x02c1ec85e707b3440e608eb252360c0437637dec  prob=0.243 (raw=0.530)  vol=$8,470  trades=53  first_trade=2026-01-03 09:47  winrate=0.333  n_markets_traded=6.000  herfindahl_index_markets=0.411
10:31:00 [super] FLAGGED 0xabf102c63afcf99de1590f143d758effedb32d3e  prob=0.236 (raw=0.522)  vol=$142  trades=6  first_trade=2026-01-03 19:55  winrate=0.000  n_markets_traded=2.000  herfindahl_index_markets=0.742
10:31:00 [super] FLAGGED 0x41fc18688bd9e1733cb4c646c960e57e01771dd7  prob=0.227 (raw=0.510)  vol=$1  trades=2  first_trade=2026-01-04 06:55  winrate=0.000  n_markets_traded=1.000  herfindahl_index_markets=1.000
10:31:00 [super] FLAGGED 0x1431cd7481fd9d1548318f7efeb51d7b69b9a949  prob=0.216 (raw=0.495)  vol=$12  trades=2  first_trade=2026-01-03 10:57  winrate=0.000  n_markets_traded=2.000  herfindahl_index_markets=0.590
10:31:00 [super] FLAGGED 0xfe15d16d1dff561c1780f0302264507ece5b462c  prob=0.214 (raw=0.493)  vol=$2  trades=2  first_trade=2026-01-04 03:59  winrate=0.000  n_markets_traded=5.000  herfindahl_index_markets=0.556
10:31:00 [super] FLAGGED 0xed27ce9e9b9fd3ca2b48659a7d24a008efe40678  prob=0.196 (raw=0.466)  vol=$20  trades=2  first_trade=2026-01-03 20:42  winrate=0.000  n_markets_traded=2.000  herfindahl_index_markets=0.726
10:31:00 [super] FLAGGED 0x67dee999f6dcaf4cdcbe14b379f059552cc7dd20  prob=0.188 (raw=0.454)  vol=$1  trades=2  first_trade=2026-01-03 22:03  winrate=0.111  n_markets_traded=9.000  herfindahl_index_markets=0.435
10:31:00 [super] FLAGGED 0x98937189dd66c67995c75623803964faa172b2ce  prob=0.187 (raw=0.453)  vol=$29  trades=2  first_trade=2026-01-03 14:34  winrate=0.048  n_markets_traded=167.000  herfindahl_index_markets=0.021
10:31:00 [super] FLAGGED 0xf3b59b9018be90d3d9084e13101f1183d52988cf  prob=0.181 (raw=0.444)  vol=$5  trades=2  first_trade=2026-01-04 23:51  winrate=0.000  n_markets_traded=1.000  herfindahl_index_markets=1.000
10:31:00 [super] FLAGGED 0x64aa3f2869de45f6121f6760288432d19681e774  prob=0.181 (raw=0.443)  vol=$26  trades=4  first_trade=2026-01-03 19:20  winrate=0.000  n_markets_traded=4.000  herfindahl_index_markets=0.403
10:31:00 [super] FLAGGED 0x3b35f717fe40a369972f9c11acbfc0912bdbee5e  prob=0.171 (raw=0.428)  vol=$29  trades=4  first_trade=2026-01-03 16:25  winrate=0.000  n_markets_traded=2.000  herfindahl_index_markets=0.680
10:31:00 [super] FLAGGED 0xf8e12ca5698b6c25b8f04a6f2ad0776eb9c5688f  prob=0.165 (raw=0.418)  vol=$70  trades=4  first_trade=2026-01-03 06:39  winrate=0.000  n_markets_traded=1.000  herfindahl_index_markets=1.000
10:31:00 [super] FLAGGED 0x3f859676c54d00361b43e05dfa834a5f1ae3d45f  prob=0.165 (raw=0.417)  vol=$38  trades=4  first_trade=2026-01-03 11:21  winrate=0.500  n_markets_traded=4.000  herfindahl_index_markets=0.279
10:31:00 [super] FLAGGED 0x6215472f5848eaaaca750c1e918c66e8c39729c0  prob=0.160 (raw=0.409)  vol=$10  trades=3  first_trade=2026-01-03 20:28  winrate=0.000  n_markets_traded=2.000  herfindahl_index_markets=0.506
10:31:00 [super] FLAGGED 0xce1d11e46e65842f056dd2f2a20821542e78957b  prob=0.158 (raw=0.406)  vol=$12  trades=2  first_trade=2026-01-04 04:32  winrate=0.500  n_markets_traded=2.000  herfindahl_index_markets=0.504
10:31:00 [super] FLAGGED 0x9f9bfd87070785c66363c26673b2d52efdfeddfa  prob=0.150 (raw=0.391)  vol=$19  trades=6  first_trade=2025-12-18 21:56  winrate=0.000  n_markets_traded=1.000  herfindahl_index_markets=1.000
10:31:00 [super] FLAGGED 0xc33d05041c15570829f6a28195dba8538df41b02  prob=0.149 (raw=0.388)  vol=$2,487  trades=16  first_trade=2026-01-04 17:52  winrate=0.522  n_markets_traded=46.000  herfindahl_index_markets=0.058
10:31:00 [super] FLAGGED 0xa003104410718156265ac9b81264272dfc8872d0  prob=0.143 (raw=0.378)  vol=$8  trades=5  first_trade=2026-01-03 11:29  winrate=0.294  n_markets_traded=17.000  herfindahl_index_markets=0.107
10:31:00 [super] FLAGGED 0x4b37e133604b75e570e4d0d2c253a1fa1148d5dc  prob=0.141 (raw=0.374)  vol=$5,469  trades=23  first_trade=2026-01-04 02:01  winrate=0.333  n_markets_traded=3.000  herfindahl_index_markets=0.779
10:31:00 [super] FLAGGED 0x91948819040bada6cb1e4e9bbb9b8cdbb06e2fb4  prob=0.141 (raw=0.374)  vol=$19  trades=4  first_trade=2026-01-03 18:17  winrate=0.000  n_markets_traded=1.000  herfindahl_index_markets=1.000
10:31:00 [super] FLAGGED 0x794b0e105f9ddf6f00cf405fb40d75a56a8763a2  prob=0.140 (raw=0.373)  vol=$16  trades=4  first_trade=2026-01-03 16:59  winrate=0.000  n_markets_traded=2.000  herfindahl_index_markets=0.520
10:31:00 [super] FLAGGED 0xc79a9f4c2676c0e32f63b19e3cd99382e4cf79e7  prob=0.140 (raw=0.372)  vol=$114  trades=6  first_trade=2026-01-05 05:22  winrate=0.000  n_markets_traded=2.000  herfindahl_index_markets=0.504
10:31:00 [super] FLAGGED 0x8f82bfb7a3fa66ffbd7cf82809ed7de9fea88f58  prob=0.136 (raw=0.365)  vol=$905  trades=17  first_trade=2026-01-04 19:56  winrate=0.000  n_markets_traded=1.000  herfindahl_index_markets=1.000
10:31:00 [super] FLAGGED 0x3eae62bde2d83aba0fe84018921b2693ec645e6d  prob=0.134 (raw=0.361)  vol=$2,450  trades=39  first_trade=2026-01-03 14:35  winrate=NaN  n_markets_traded=0.000  herfindahl_index_markets=0.000
10:31:00 [super] FLAGGED 0x6f0a3c1ef11dbec9dcd495b6a0a57d22f5f7eb4b  prob=0.127 (raw=0.346)  vol=$9  trades=2  first_trade=2026-01-03 14:12  winrate=0.000  n_markets_traded=1.000  herfindahl_index_markets=1.000
10:31:00 [super] FLAGGED 0xd0fe2ea9982bf0c943223523b6784b2fea08ce41  prob=0.124 (raw=0.340)  vol=$93  trades=8  first_trade=2026-01-03 18:21  winrate=0.273  n_markets_traded=11.000  herfindahl_index_markets=0.193
10:31:00 [super] FLAGGED 0x699ec369fb83523ff7bf5b81c43b8f0cfa50d47d  prob=0.122 (raw=0.335)  vol=$2  trades=2  first_trade=2026-01-03 07:28  winrate=0.026  n_markets_traded=38.000  herfindahl_index_markets=0.281
10:31:00 [super] FLAGGED 0xc898e0fc6005f0060212a90e062a48f91c8c1391  prob=0.118 (raw=0.325)  vol=$54  trades=5  first_trade=2026-01-03 11:39  winrate=0.000  n_markets_traded=4.000  herfindahl_index_markets=0.344
10:31:00 [super] FLAGGED 0x265ec1b2e88f644139fddb609c7428cdfeeb498e  prob=0.115 (raw=0.319)  vol=$39  trades=4  first_trade=2026-01-03 12:16  winrate=0.000  n_markets_traded=2.000  herfindahl_index_markets=0.502
10:31:00 [super] FLAGGED 0x7b1985b621d1629d1dbccaa6c1736125b467575e  prob=0.114 (raw=0.316)  vol=$2  trades=2  first_trade=2026-01-03 15:03  winrate=0.083  n_markets_traded=12.000  herfindahl_index_markets=0.326
10:31:00 [super] FLAGGED 0x022c64c0c56ef5789ef985dae34a4f9a7e934873  prob=0.113 (raw=0.315)  vol=$206  trades=5  first_trade=2026-01-05 19:33  winrate=0.200  n_markets_traded=5.000  herfindahl_index_markets=0.294
10:31:00 [super] FLAGGED 0xcc955da54f87df6b816107e9b7463196bb1bf5fe  prob=0.112 (raw=0.313)  vol=$2  trades=2  first_trade=2026-01-03 23:26  winrate=0.500  n_markets_traded=8.000  herfindahl_index_markets=0.167
10:31:00 [super] FLAGGED 0x44ab73840184252a0b308065ca5e66f077d3c09d  prob=0.108 (raw=0.303)  vol=$49  trades=5  first_trade=2026-01-03 19:31  winrate=0.111  n_markets_traded=9.000  herfindahl_index_markets=0.197
10:31:00 [super] FLAGGED 0x064b44d85a52762f080fd59a8a909e30fd7febfb  prob=0.105 (raw=0.296)  vol=$3  trades=4  first_trade=2026-01-03 06:59  winrate=0.000  n_markets_traded=3.000  herfindahl_index_markets=0.757
10:31:00 [super] FLAGGED 0x4dba83a722022d373b7fafd5110b07c380ad172f  prob=0.105 (raw=0.295)  vol=$181  trades=10  first_trade=2026-01-03 16:48  winrate=0.250  n_markets_traded=4.000  herfindahl_index_markets=0.448
10:31:00 [super] FLAGGED 0xba369f3f6b7d51265ecea16feb280a57a45d091e  prob=0.105 (raw=0.295)  vol=$156  trades=39  first_trade=2026-01-04 11:22  winrate=0.167  n_markets_traded=6.000  herfindahl_index_markets=0.469
10:31:00 [super] wrote supercompute_trumpinvokeswarpowersaga_20260701_094114_results.csv
10:31:00 [super] wrote supercompute_trumpinvokeswarpowersaga_20260701_094114_flagged.csv
10:31:00 [super] plots: rendering top 25 wallets' trades to supercompute_trumpinvokeswarpowersaga_20260701_094114_plots
10:31:01 [super] plots: wrote rank01_0xfb83f6ca0e1e320f4050e8a7202ef53366df42d5.png (10 trades)
10:31:01 [super] plots: wrote rank02_0xa64790bf3b45c024f3edc2614e8516466c7f5560.png (3 trades)
10:31:01 [super] plots: wrote rank03_0x3be115f41213b0e4863a4365abfa9b374e9163f9.png (3 trades)
10:31:01 [super] plots: wrote rank04_0x206ea8551d011bcfcf88c3ecee5c08f8cca2096a.png (27 trades)
10:31:01 [super] plots: wrote rank05_0xea426ccecd626b9bfdb17831b1c1896c59e1330b.png (8 trades)
10:31:02 [super] plots: wrote rank06_0x575644961ad4ff6f059a2b667d14c832f6e26d16.png (3 trades)
10:31:02 [super] plots: wrote rank07_0xf61b719a05acc9f7b97b68cfbd1fb250f51bbece.png (2 trades)
10:31:02 [super] plots: wrote rank08_0x22337384a842ae0e6053ca261055412d90dc6fc1.png (2 trades)
10:31:02 [super] plots: wrote rank09_0x473bb8bb82cb1445d8421e3ed92379217bda0161.png (3 trades)
10:31:03 [super] plots: wrote rank10_0x280d78674f70ec76894a43d2453e5dd194e46eee.png (4 trades)
10:31:03 [super] plots: wrote rank11_0x31a56e9e690c621ed21de08cb559e9524cdb8ed9.png (68 trades)
10:31:03 [super] plots: wrote rank12_0xe547ff5bd2dd707be4e3a958a7922dfc40e68a2d.png (2 trades)
10:31:03 [super] plots: wrote rank13_0xaf33895ed00606e100bd2d5926fde17c5ed5ab3e.png (2 trades)
10:31:03 [super] plots: wrote rank14_0xbe3d2c351eed2376b6d650760739b38a6bfe658f.png (5 trades)
10:31:04 [super] plots: wrote rank15_0xc9162dc7cab70ac13a9335e77bd442b055986977.png (2 trades)
10:31:04 [super] plots: wrote rank16_0x22ffd666636ec7b83a61c154071a00e0905cb2d1.png (2 trades)
10:31:04 [super] plots: wrote rank17_0xab66e349f6bd20719457799f8a00ec21ee52278d.png (3 trades)
10:31:04 [super] plots: wrote rank18_0x0e97fe5342d32e3cfa8062d33e4abc6dda0fbda7.png (2 trades)
10:31:05 [super] plots: wrote rank19_0xf27f53d5d8b7b616e47799545983c6249d5b61da.png (2 trades)
10:31:05 [super] plots: wrote rank20_0x3857890b43049a100d67c6cf363805fac1e02c60.png (2 trades)
10:31:05 [super] plots: wrote rank21_0xe98c96a5d5a61d16f53ba22a182bf1a631ee2a97.png (3 trades)
10:31:05 [super] plots: wrote rank22_0xd0127c8a5fa157c1dd5d298aeeffb7f204c23bfd.png (2 trades)
10:31:05 [super] plots: wrote rank23_0xf234acc1df0e8719438532b716860f8db78e716d.png (2 trades)
10:31:06 [super] plots: wrote rank24_0x8897b45ef8f129c53659c45fa155cd255bff2a21.png (4 trades)
10:31:06 [super] plots: wrote rank25_0x638908988c2b0a0b5d67a5c6241df6085e66c6f6.png (2 trades)
10:31:06 [super] plots: 25/25 PNGs written to supercompute_trumpinvokeswarpowersaga_20260701_094114_plots
10:31:06 [super] log saved to supercompute_trumpinvokeswarpowersaga_20260701_094114.log
