09:41:14 [super] ============================================================
09:41:14 [super] supercompute starting, log=supercompute_iranclosesitsairspacebym_20260701_094114.log
09:41:14 [super] market=iran-closes-its-airspace-by-may-29  jobs=16  meta_jobs=8  top_n=all
09:41:14 [super] model=xgb_insider_25ir_latest.json  features=30 (20 behavioral + 10 metadata)  calibrator=yes  threshold=0.1
09:41:14 [super] known-insider wallets for funder signal: 0
09:41:14 [super] events: cache miss -> resolving market + fetching (needs internet)...
09:41:27 [super] events: fetched 3000 in 12.5s
09:41:27 [super] events: cached to cache/events/iran-closes-its-airspace-by-may-29.pkl
09:41:27 [super] market resolved: tokens=2 closed=True duration=12.3d
09:41:27 [super] market: closed=True final_outcome_yes=0  wallets that traded: 1051
09:41:27 [super] scoring 1051 wallets
09:41:27 [super] behavioral: 1051 wallets across 16 processes
09:41:49 [super] behavioral: 200/1051 wallets (22s)
09:42:10 [super] behavioral: 400/1051 wallets (43s)
09:42:23 [super] behavioral: 600/1051 wallets (56s)
09:42:43 [super] behavioral: 800/1051 wallets (76s)
09:42:58 [super] behavioral: 1000/1051 wallets (91s)
09:43:01 [super] behavioral: 1051/1051 wallets (94s)
09:43:01 [super] behavioral: done in 94.1s
09:43:01 [super] metadata: 1051 wallets across 8 threads (api_key=set)
09:52:22 [super] metadata: 200/1051 wallets (561s)
09:56:16 [super] metadata failed for 0x9fbee8cf888926ae78b6061985938d8ecf85a4df: ReadTimeout: HTTPSConnectionPool(host='api.etherscan.io', port=443): Read timed out. (read timeout=30.0)
09:56:21 [super] metadata failed for 0x0f406c6a3d600f39fd3675053087c26050e00a61: ReadTimeout: HTTPSConnectionPool(host='api.etherscan.io', port=443): Read timed out. (read timeout=30.0)
09:59:01 [super] metadata: 400/1051 wallets (961s)
10:06:41 [super] metadata: 600/1051 wallets (1421s)
10:14:12 [super] metadata: 800/1051 wallets (1871s)
10:16:36 [super] metadata failed for 0x9085a056450ed2d21d00cb6560c548fa2bdd9322: ReadTimeout: HTTPSConnectionPool(host='api.etherscan.io', port=443): Read timed out. (read timeout=30.0)
10:16:39 [super] metadata failed for 0x93b428b698cc7dbc86d02a1e5f9b7da2b597909d: ReadTimeout: HTTPSConnectionPool(host='api.etherscan.io', port=443): Read timed out. (read timeout=30.0)
10:21:27 [super] metadata: 1000/1051 wallets (2306s)
10:24:09 [super] metadata: 1051/1051 wallets (2469s)
10:24:09 [super] metadata: done in 2468.8s
10:24:09 [super] ============================================================
10:24:09 [super] RESULT: 10/1051 wallets flagged at calibrated prob >= 0.1
10:24:09 [super] ============================================================
10:24:09 [super] per-wallet scores, ranked high->low (showing 1051 of 1051):
10:24:09 [super] * #1     0x1225b11216449593359c7e50bdeb2325f4e72ebf  prob=0.3235 (raw=0.6241)  vol=$261  trades=2  first_trade=2026-05-25 04:45  winrate=0.714  n_markets_traded=6.000  herfindahl_index_markets=0.601
10:24:09 [super] * #2     0x9085a056450ed2d21d00cb6560c548fa2bdd9322  prob=0.2525 (raw=0.5428)  vol=$3  trades=1  first_trade=2026-05-25 02:10  winrate=NaN  n_markets_traded=NaN  herfindahl_index_markets=NaN
10:24:09 [super] * #3     0x64d7f8a283c5f086dbc1fee0e096872ff1adb1e6  prob=0.2403 (raw=0.5274)  vol=$233  trades=1  first_trade=2026-05-24 22:33  winrate=0.667  n_markets_traded=3.000  herfindahl_index_markets=0.878
10:24:09 [super] * #4     0x9392e82967120c7614d3012405dfd48d95695dfd  prob=0.1592 (raw=0.4075)  vol=$11  trades=2  first_trade=2026-05-26 01:25  winrate=0.400  n_markets_traded=10.000  herfindahl_index_markets=0.281
10:24:09 [super] * #5     0x942a9306a554ab0b94d079dd60a6df7ad702aedc  prob=0.1244 (raw=0.3404)  vol=$50  trades=2  first_trade=2026-05-26 16:33  winrate=0.350  n_markets_traded=20.000  herfindahl_index_markets=0.448
10:24:09 [super] * #6     0x8ef84590d9547d286f3f5268ab3ab905bd042c75  prob=0.1212 (raw=0.3335)  vol=$390  trades=2  first_trade=2026-05-25 23:10  winrate=0.000  n_markets_traded=2.000  herfindahl_index_markets=0.827
10:24:09 [super] * #7     0x131700aafaa836829c2eb8247c8c7671de457681  prob=0.1132 (raw=0.3154)  vol=$40  trades=7  first_trade=2026-05-24 21:53  winrate=0.652  n_markets_traded=23.000  herfindahl_index_markets=0.106
10:24:09 [super] * #8     0xa57ad093ce791502886541ecd672906302f5bbed  prob=0.1077 (raw=0.3021)  vol=$3  trades=4  first_trade=2026-05-26 17:32  winrate=0.458  n_markets_traded=48.000  herfindahl_index_markets=0.521
10:24:09 [super] * #9     0xe617861a96631d7cefdb1ad43e95c33b5946f251  prob=0.1058 (raw=0.2976)  vol=$1,000  trades=1  first_trade=2026-05-26 12:00  winrate=0.852  n_markets_traded=952.000  herfindahl_index_markets=0.003
10:24:09 [super] * #10    0x4fc87f3a06fbd8484cc081b9175d109484fd43e4  prob=0.1054 (raw=0.2967)  vol=$0  trades=1  first_trade=2026-05-24 22:26  winrate=0.269  n_markets_traded=26.000  herfindahl_index_markets=0.092
10:24:09 [super]   #11    0xa2c81bfb1fa955e333db3e855af2c3d87b879ca4  prob=0.0839 (raw=0.2376)  vol=$648  trades=10  first_trade=2026-05-28 02:43  winrate=0.143  n_markets_traded=7.000  herfindahl_index_markets=0.738
10:24:09 [super]   #12    0x4572a4504e75121d9a9c18ad5b2be1c73105fdfb  prob=0.0735 (raw=0.2041)  vol=$6  trades=2  first_trade=2026-05-28 02:21  winrate=0.192  n_markets_traded=24.000  herfindahl_index_markets=0.237
10:24:09 [super]   #13    0xa0bcd471677aad4e911c441252fbfd63d7f77c8c  prob=0.0710 (raw=0.1952)  vol=$108  trades=1  first_trade=2026-05-25 00:44  winrate=0.644  n_markets_traded=45.000  herfindahl_index_markets=0.097
10:24:09 [super]   #14    0x515e2144bf38402568979db4ea7f6b64636c8309  prob=0.0670 (raw=0.1809)  vol=$27,615  trades=6  first_trade=2026-05-26 00:36  winrate=NaN  n_markets_traded=0.000  herfindahl_index_markets=0.000
10:24:09 [super]   #15    0xac3439f50068dbb21c7482f34e477a6daf5c3949  prob=0.0662 (raw=0.1778)  vol=$0  trades=1  first_trade=2026-05-27 14:06  winrate=0.286  n_markets_traded=14.000  herfindahl_index_markets=0.210
10:24:09 [super]   #16    0x9fbee8cf888926ae78b6061985938d8ecf85a4df  prob=0.0611 (raw=0.1577)  vol=$82  trades=4  first_trade=2026-05-27 22:40  winrate=NaN  n_markets_traded=NaN  herfindahl_index_markets=NaN
10:24:09 [super]   #17    0xaa4c00ca99d79cf3b2f37c2a8d2e34931e687bfd  prob=0.0609 (raw=0.1571)  vol=$628  trades=2  first_trade=2026-05-26 19:37  winrate=0.252  n_markets_traded=127.000  herfindahl_index_markets=0.021
10:24:09 [super]   #18    0x6ee9bd34274d7d4a1921c0d90744f931260ad2e0  prob=0.0603 (raw=0.1544)  vol=$11  trades=2  first_trade=2026-05-25 06:28  winrate=0.438  n_markets_traded=169.000  herfindahl_index_markets=0.009
10:24:09 [super]   #19    0x360c59857b8f2a83348b55a908909d11937c4343  prob=0.0568 (raw=0.1398)  vol=$1  trades=1  first_trade=2026-05-30 02:35  winrate=0.000  n_markets_traded=4.000  herfindahl_index_markets=0.250
10:24:09 [super]   #20    0x8ae64217e765a0e85f748bc5d42c1ef77fcf0f9a  prob=0.0548 (raw=0.1308)  vol=$162  trades=2  first_trade=2026-05-26 21:01  winrate=0.928  n_markets_traded=306.000  herfindahl_index_markets=0.005
10:24:09 [super]   #21    0xbe26c8868e635e662d08a2c0fe2178581d96cc0f  prob=0.0547 (raw=0.1304)  vol=$3  trades=1  first_trade=2026-05-25 22:39  winrate=0.000  n_markets_traded=1.000  herfindahl_index_markets=1.000
10:24:09 [super]   #22    0x743ca4e87ee4a4fe0b425b4b24526653e61403de  prob=0.0535 (raw=0.1249)  vol=$65  trades=8  first_trade=2026-05-26 01:03  winrate=0.364  n_markets_traded=44.000  herfindahl_index_markets=0.076
10:24:09 [super]   #23    0x23cb220de129746606454a7b27e4ba1e4b6b0357  prob=0.0535 (raw=0.1247)  vol=$24  trades=1  first_trade=2026-05-27 13:05  winrate=0.255  n_markets_traded=251.000  herfindahl_index_markets=0.009
10:24:09 [super]   #24    0x3040fe1e89941ad4ac7d86b59e3d8f9a2d526b90  prob=0.0526 (raw=0.1209)  vol=$5  trades=1  first_trade=2026-05-25 12:48  winrate=NaN  n_markets_traded=0.000  herfindahl_index_markets=0.000
10:24:09 [super]   #25    0xceb996e1ac33e01f72f25d81fd82c45c1e3926c6  prob=0.0519 (raw=0.1171)  vol=$28  trades=1  first_trade=2026-05-29 21:28  winrate=0.222  n_markets_traded=9.000  herfindahl_index_markets=0.384
10:24:09 [super]   #26    0xb483d5718da4ac6f2aa39dc933f2043c5a3a0880  prob=0.0510 (raw=0.1133)  vol=$80  trades=4  first_trade=2026-05-28 04:05  winrate=NaN  n_markets_traded=0.000  herfindahl_index_markets=0.000
10:24:09 [super]   #27    0x1987733c8beae675c544752eafe437968efe6487  prob=0.0509 (raw=0.1128)  vol=$39  trades=2  first_trade=2026-05-28 04:05  winrate=NaN  n_markets_traded=0.000  herfindahl_index_markets=0.000
10:24:09 [super]   #28    0x615346ac3277f46c5282bd7eb20fc496d55144ab  prob=0.0509 (raw=0.1128)  vol=$59  trades=2  first_trade=2026-05-28 04:05  winrate=NaN  n_markets_traded=0.000  herfindahl_index_markets=0.000
10:24:09 [super]   #29    0xec962557a80814876407b0d0b0b6caacec4ba9ed  prob=0.0509 (raw=0.1126)  vol=$17  trades=2  first_trade=2026-05-25 21:44  winrate=0.333  n_markets_traded=3.000  herfindahl_index_markets=0.626
10:24:09 [super]   #30    0x5aeb1871adc76ca402e45541d8b56de5c3a66494  prob=0.0504 (raw=0.1102)  vol=$103  trades=1  first_trade=2026-05-25 08:26  winrate=0.385  n_markets_traded=13.000  herfindahl_index_markets=0.294
10:24:09 [super]   #31    0x71bd821b2c823cf67ed329abbb6a05d3ab9eac00  prob=0.0504 (raw=0.1101)  vol=$102  trades=5  first_trade=2026-05-28 04:05  winrate=NaN  n_markets_traded=0.000  herfindahl_index_markets=0.000
10:24:09 [super]   #32    0x9c711944ef4872c6d98eed9ef5482982ea89f0cc  prob=0.0504 (raw=0.1100)  vol=$6  trades=1  first_trade=2026-05-26 18:12  winrate=0.714  n_markets_traded=28.000  herfindahl_index_markets=0.055
10:24:09 [super]   #33    0xfa0f3ad22cd58cd95ecfcf0e1f76b84bd895835e  prob=0.0503 (raw=0.1095)  vol=$20  trades=2  first_trade=2026-05-27 06:39  winrate=0.617  n_markets_traded=183.000  herfindahl_index_markets=0.013
10:24:09 [super]   #34    0xf2973d35e97e792f61aca62ca4923a8c99e55951  prob=0.0503 (raw=0.1094)  vol=$5  trades=1  first_trade=2026-05-29 07:31  winrate=0.935  n_markets_traded=138.000  herfindahl_index_markets=0.007
10:24:09 [super]   #35    0xe8b5343ec8241dcf3584fd15693b81f1cb2caa05  prob=0.0498 (raw=0.1072)  vol=$199  trades=1  first_trade=2026-05-28 15:30  winrate=0.517  n_markets_traded=60.000  herfindahl_index_markets=0.093
10:24:09 [super]   #36    0x1cc0962e9c387526dd4f2be093ffea3e85b8971c  prob=0.0495 (raw=0.1055)  vol=$4  trades=2  first_trade=2026-05-27 20:03  winrate=0.419  n_markets_traded=31.000  herfindahl_index_markets=0.153
10:24:09 [super]   #37    0x8630ead338a9ac4cc07e135afe07d27a382a343e  prob=0.0492 (raw=0.1043)  vol=$5  trades=1  first_trade=2026-05-27 16:28  winrate=0.000  n_markets_traded=17.000  herfindahl_index_markets=0.068
10:24:09 [super]   #38    0xe158801a29c5358d51a927263ddf0d69a107362a  prob=0.0491 (raw=0.1035)  vol=$15  trades=1  first_trade=2026-05-26 16:21  winrate=0.789  n_markets_traded=76.000  herfindahl_index_markets=0.825
10:24:09 [super]   #39    0xd52b8dcb4b812c4056faf41164a6f6c73f4c5c72  prob=0.0484 (raw=0.1003)  vol=$15,007  trades=14  first_trade=2026-05-25 23:45  winrate=NaN  n_markets_traded=0.000  herfindahl_index_markets=0.000
10:24:09 [super]   #40    0xe2dc9a908e42c18da7b94057410948b71495f717  prob=0.0484 (raw=0.1003)  vol=$5  trades=2  first_trade=2026-05-28 21:02  winrate=0.267  n_markets_traded=131.000  herfindahl_index_markets=0.016
10:24:09 [super]   #41    0x403ea351aa1ebecff179590f7975858fded3d317  prob=0.0482 (raw=0.0994)  vol=$5  trades=1  first_trade=2026-05-26 16:32  winrate=0.247  n_markets_traded=93.000  herfindahl_index_markets=0.016
10:24:09 [super]   #42    0x58336e3083460fa8dc858dc7d951d747555f95f5  prob=0.0481 (raw=0.0986)  vol=$4  trades=1  first_trade=2026-05-27 13:05  winrate=0.285  n_markets_traded=422.000  herfindahl_index_markets=0.007
10:24:09 [super]   #43    0x03b6557ae168279af9375e3b2bff0a6b542d2c93  prob=0.0479 (raw=0.0974)  vol=$149  trades=2  first_trade=2026-05-27 02:09  winrate=0.512  n_markets_traded=43.000  herfindahl_index_markets=0.097
10:24:09 [super]   #44    0xfe41e6fc51a57520aaa18e15eaf665c1801c556c  prob=0.0478 (raw=0.0973)  vol=$402  trades=1  first_trade=2026-05-28 13:34  winrate=0.679  n_markets_traded=28.000  herfindahl_index_markets=0.068
10:24:09 [super]   #45    0xee2faf22a81f0dc12be8080a0e9507fb2190f4da  prob=0.0478 (raw=0.0971)  vol=$16  trades=2  first_trade=2026-05-26 20:04  winrate=NaN  n_markets_traded=0.000  herfindahl_index_markets=0.000
10:24:09 [super]   #46    0xa3c7c8c3c49427d840f7e62e46d202fae2a53e1f  prob=0.0475 (raw=0.0954)  vol=$20  trades=1  first_trade=2026-05-29 07:04  winrate=NaN  n_markets_traded=0.000  herfindahl_index_markets=0.000
10:24:09 [super]   #47    0xd52af0b94c65c4383f3b11588ef1f35ca731864e  prob=0.0474 (raw=0.0952)  vol=$30  trades=1  first_trade=2026-05-28 02:42  winrate=0.115  n_markets_traded=26.000  herfindahl_index_markets=0.364
10:24:09 [super]   #48    0xc6fd8b51924453648903723887c808aef39453df  prob=0.0472 (raw=0.0939)  vol=$15  trades=3  first_trade=2026-05-26 13:04  winrate=NaN  n_markets_traded=0.000  herfindahl_index_markets=0.000
10:24:09 [super]   #49    0x0e233cbefe65bfb0a9e7b40590672ad861d2cee1  prob=0.0465 (raw=0.0904)  vol=$2  trades=1  first_trade=2026-05-25 05:16  winrate=0.333  n_markets_traded=6.000  herfindahl_index_markets=0.237
10:24:09 [super]   #50    0x93b428b698cc7dbc86d02a1e5f9b7da2b597909d  prob=0.0462 (raw=0.0889)  vol=$3  trades=2  first_trade=2026-05-26 09:17  winrate=NaN  n_markets_traded=NaN  herfindahl_index_markets=NaN
10:24:09 [super]   #51    0x380c40858b622ac910991f8221aa33c9f40af262  prob=0.0462 (raw=0.0888)  vol=$1  trades=1  first_trade=2026-05-26 20:57  winrate=0.333  n_markets_traded=12.000  herfindahl_index_markets=0.096
10:24:09 [super]   #52    0xebfdebbe778cd11dface82206d3f7da098f5db2a  prob=0.0462 (raw=0.0887)  vol=$10  trades=2  first_trade=2026-05-25 22:36  winrate=0.522  n_markets_traded=23.000  herfindahl_index_markets=0.064
10:24:09 [super]   #53    0x50014173025e00ab5ceb33f5e326fe7679fdbc10  prob=0.0460 (raw=0.0875)  vol=$193  trades=2  first_trade=2026-05-27 02:09  winrate=0.222  n_markets_traded=45.000  herfindahl_index_markets=0.074
10:24:09 [super]   #54    0x5d385f3bdd44acb22b1e7be355e968a8fa3b50ac  prob=0.0459 (raw=0.0869)  vol=$2  trades=1  first_trade=2026-05-25 08:26  winrate=0.000  n_markets_traded=6.000  herfindahl_index_markets=0.558
10:24:09 [super]   #55    0xa7d6bd7f1bf30f7402b4961372fc19158b7aa3ff  prob=0.0448 (raw=0.0813)  vol=$406  trades=8  first_trade=2026-05-25 10:54  winrate=0.281  n_markets_traded=32.000  herfindahl_index_markets=0.163
10:24:09 [super]   #56    0x1b737d7612e8ebd03a263ded5bc45479d8c6cbb4  prob=0.0447 (raw=0.0808)  vol=$12  trades=2  first_trade=2026-05-26 08:23  winrate=NaN  n_markets_traded=0.000  herfindahl_index_markets=0.000
10:24:09 [super]   #57    0xe645f56c0c355567c59ad3ba045568017b8101d3  prob=0.0447 (raw=0.0806)  vol=$15  trades=1  first_trade=2026-05-25 14:45  winrate=0.625  n_markets_traded=8.000  herfindahl_index_markets=0.158
10:24:09 [super]   #58    0x408c18173600b57e3131bc7ab710cf8aea215eff  prob=0.0446 (raw=0.0801)  vol=$16  trades=2  first_trade=2026-05-26 08:41  winrate=NaN  n_markets_traded=0.000  herfindahl_index_markets=0.000
10:24:09 [super]   #59    0xb280db93929aef23f6af16f03ab0646997c468e8  prob=0.0445 (raw=0.0796)  vol=$2  trades=1  first_trade=2026-05-25 05:14  winrate=0.667  n_markets_traded=6.000  herfindahl_index_markets=0.221
10:24:09 [super]   #60    0x10cd5c3f090557817c46e17afbb7c3314f02f37b  prob=0.0444 (raw=0.0788)  vol=$20  trades=2  first_trade=2026-05-25 02:54  winrate=0.340  n_markets_traded=96.000  herfindahl_index_markets=0.038
10:24:09 [super]   #61    0x9120119c067f560aa82ae197e2b95fc600505493  prob=0.0442 (raw=0.0779)  vol=$2  trades=1  first_trade=2026-05-25 04:55  winrate=0.625  n_markets_traded=8.000  herfindahl_index_markets=0.216
10:24:09 [super]   #62    0x4533c8093b00b2ea14e23254327b2f2a6f93d1de  prob=0.0440 (raw=0.0767)  vol=$7  trades=4  first_trade=2026-05-24 22:44  winrate=0.217  n_markets_traded=46.000  herfindahl_index_markets=0.074
10:24:09 [super]   #63    0x833de394b5d3f9158ea680b51b49879c918f79b6  prob=0.0437 (raw=0.0753)  vol=$2  trades=1  first_trade=2026-05-25 05:21  winrate=0.143  n_markets_traded=7.000  herfindahl_index_markets=0.229
10:24:09 [super]   #64    0xb0c4eda45e6df436d9b9c328a49fcdd370373f6c  prob=0.0436 (raw=0.0745)  vol=$5  trades=1  first_trade=2026-05-24 23:09  winrate=0.500  n_markets_traded=8.000  herfindahl_index_markets=0.161
10:24:09 [super]   #65    0x0f406c6a3d600f39fd3675053087c26050e00a61  prob=0.0435 (raw=0.0743)  vol=$59  trades=1  first_trade=2026-05-29 08:52  winrate=NaN  n_markets_traded=NaN  herfindahl_index_markets=NaN
10:24:09 [super]   #66    0x75053619588c6091cb900db6e8a74c8a748ee55c  prob=0.0433 (raw=0.0729)  vol=$1  trades=1  first_trade=2026-05-25 20:40  winrate=0.500  n_markets_traded=4.000  herfindahl_index_markets=0.291
10:24:09 [super]   #67    0x16b64a59ffa0069499d570d666a27db94b6d7533  prob=0.0432 (raw=0.0722)  vol=$10  trades=5  first_trade=2026-05-26 01:09  winrate=0.686  n_markets_traded=121.000  herfindahl_index_markets=0.679
10:24:09 [super]   #68    0x01d50c0520ec756e8c43e7e427e5adb139c12a83  prob=0.0428 (raw=0.0698)  vol=$5  trades=1  first_trade=2026-05-25 04:57  winrate=0.167  n_markets_traded=6.000  herfindahl_index_markets=0.190
10:24:09 [super]   #69    0x9f6a15ccea7431e449c477c8e1cbee02825b2a63  prob=0.0424 (raw=0.0678)  vol=$12  trades=1  first_trade=2026-05-26 15:35  winrate=0.667  n_markets_traded=3.000  herfindahl_index_markets=0.339
10:24:09 [super]   #70    0xa2f75d5ba0cf3e9289d4c290374936a8bc1c10d3  prob=0.0423 (raw=0.0675)  vol=$300  trades=1  first_trade=2026-05-25 13:58  winrate=0.533  n_markets_traded=45.000  herfindahl_index_markets=0.051
10:24:09 [super]   #71    0x97dac987de9bd796e3c4751230f4daac91596000  prob=0.0423 (raw=0.0674)  vol=$1  trades=2  first_trade=2026-05-24 23:16  winrate=0.352  n_markets_traded=145.000  herfindahl_index_markets=0.009
10:24:09 [super]   #72    0x19fa61ac24a74dc7c35a25bacfc860b91d85de0f  prob=0.0422 (raw=0.0664)  vol=$19  trades=1  first_trade=2026-05-25 15:47  winrate=0.842  n_markets_traded=114.000  herfindahl_index_markets=0.244
10:24:09 [super]   #73    0x4aa87d513621c74a091f514e9c14b52377f46531  prob=0.0421 (raw=0.0663)  vol=$10,853  trades=5  first_trade=2026-05-28 00:08  winrate=0.286  n_markets_traded=7.000  herfindahl_index_markets=0.750
10:24:09 [super]   #74    0x92de214b3d5f271784d959a2379e25b8890b30b4  prob=0.0421 (raw=0.0661)  vol=$8  trades=1  first_trade=2026-05-26 21:08  winrate=0.500  n_markets_traded=28.000  herfindahl_index_markets=0.108
10:24:09 [super]   #75    0xc11c8b0eec574494e8670458a221ab881747a30f  prob=0.0421 (raw=0.0660)  vol=$6  trades=1  first_trade=2026-05-25 05:17  winrate=0.750  n_markets_traded=8.000  herfindahl_index_markets=0.174
10:24:09 [super]   #76    0x485e00ecabc0eee7961c8a0bc9fdec103c135d87  prob=0.0420 (raw=0.0654)  vol=$5  trades=1  first_trade=2026-05-25 05:24  winrate=0.750  n_markets_traded=8.000  herfindahl_index_markets=0.161
10:24:09 [super]   #77    0x61d1c2ac8ad9150b467fe7f64d53191bd75d1877  prob=0.0419 (raw=0.0652)  vol=$3  trades=1  first_trade=2026-05-25 22:49  winrate=0.000  n_markets_traded=8.000  herfindahl_index_markets=0.192
10:24:09 [super]   #78    0x4bee5b3ce32306e40fcbb9cd99a0ef56f1739291  prob=0.0418 (raw=0.0644)  vol=$2  trades=1  first_trade=2026-05-25 13:29  winrate=0.389  n_markets_traded=351.000  herfindahl_index_markets=0.009
10:24:09 [super]   #79    0x626b791e797f56fe9eba13ea771d061252e92edb  prob=0.0417 (raw=0.0638)  vol=$5  trades=4  first_trade=2026-05-26 10:29  winrate=0.238  n_markets_traded=21.000  herfindahl_index_markets=0.069
10:24:09 [super]   #80    0x16e58803382539073fa60389129eb994a8d40684  prob=0.0415 (raw=0.0628)  vol=$3  trades=1  first_trade=2026-05-25 05:25  winrate=0.143  n_markets_traded=7.000  herfindahl_index_markets=0.191
10:24:09 [super]   #81    0xd41b6b5c415b9da2b2b4fe78b58826313622b133  prob=0.0415 (raw=0.0628)  vol=$4  trades=1  first_trade=2026-05-25 04:58  winrate=0.250  n_markets_traded=8.000  herfindahl_index_markets=0.192
10:24:09 [super]   #82    0xc781e8dd03946230f2f32ab36077998bcb4a59d7  prob=0.0414 (raw=0.0619)  vol=$40  trades=2  first_trade=2026-05-26 02:38  winrate=0.333  n_markets_traded=27.000  herfindahl_index_markets=0.342
10:24:09 [super]   #83    0x88ae6c980204d0031ff0fb000b2f0656e7fb809a  prob=0.0414 (raw=0.0617)  vol=$500  trades=2  first_trade=2026-05-26 21:33  winrate=0.455  n_markets_traded=77.000  herfindahl_index_markets=0.077
10:24:09 [super]   #84    0x04885856c615a0918e83635099fd387051edf8cf  prob=0.0412 (raw=0.0609)  vol=$3  trades=1  first_trade=2026-05-25 04:53  winrate=0.375  n_markets_traded=8.000  herfindahl_index_markets=0.167
10:24:09 [super]   #85    0x07e156cddecececf9404595aedddf7e1eece27af  prob=0.0411 (raw=0.0599)  vol=$200  trades=1  first_trade=2026-05-26 17:25  winrate=0.154  n_markets_traded=13.000  herfindahl_index_markets=0.100
10:24:09 [super]   #86    0x3dcae1c83c7cdc5206616163a885047997db5b4a  prob=0.0410 (raw=0.0594)  vol=$12  trades=5  first_trade=2026-05-26 01:09  winrate=0.679  n_markets_traded=168.000  herfindahl_index_markets=0.541
10:24:09 [super]   #87    0xd586ba6d46aaa472268d10ca17beb781bd00ed7a  prob=0.0409 (raw=0.0590)  vol=$6  trades=1  first_trade=2026-05-25 04:51  winrate=0.000  n_markets_traded=6.000  herfindahl_index_markets=0.198
10:24:09 [super]   #88    0x750dc51ab58e225fd225647932a97337b38add50  prob=0.0406 (raw=0.0571)  vol=$1  trades=1  first_trade=2026-05-26 00:26  winrate=0.000  n_markets_traded=6.000  herfindahl_index_markets=0.210
10:24:09 [super]   #89    0xf7a91fad3ac4e4428b6036753af2a2313ccbc54b  prob=0.0406 (raw=0.0571)  vol=$15  trades=2  first_trade=2026-05-26 16:14  winrate=0.268  n_markets_traded=41.000  herfindahl_index_markets=0.030
10:24:09 [super]   #90    0xd8a4a3c0c5ac0a84b9f8cd673cf59c977f8bbd10  prob=0.0402 (raw=0.0548)  vol=$10  trades=1  first_trade=2026-05-26 13:50  winrate=0.571  n_markets_traded=56.000  herfindahl_index_markets=0.073
10:24:09 [super]   #91    0x5c7280c8cee0c5542792c8b59bf0e48bfd8f681d  prob=0.0401 (raw=0.0544)  vol=$0  trades=1  first_trade=2026-05-25 07:34  winrate=0.000  n_markets_traded=8.000  herfindahl_index_markets=0.230
10:24:09 [super]   #92    0xc8146aa71e618210fe3efaf053c12b44e6a0bc1e  prob=0.0399 (raw=0.0532)  vol=$30  trades=1  first_trade=2026-05-29 23:47  winrate=0.000  n_markets_traded=10.000  herfindahl_index_markets=0.146
10:24:09 [super]   #93    0xe48ba7a95f9836687be9b53518698c4d8c2a91bb  prob=0.0397 (raw=0.0515)  vol=$11  trades=2  first_trade=2026-05-25 13:38  winrate=0.000  n_markets_traded=5.000  herfindahl_index_markets=0.320
10:24:09 [super]   #94    0x471b25c0f1325611a6c7ff47c9185ba02a2d49c3  prob=0.0394 (raw=0.0498)  vol=$5  trades=1  first_trade=2026-05-25 20:52  winrate=0.000  n_markets_traded=1.000  herfindahl_index_markets=1.000
10:24:09 [super]   #95    0x68e5993d04aa3e6ab7a0f35b3a096caf342d78ce  prob=0.0393 (raw=0.0492)  vol=$4  trades=2  first_trade=2026-05-29 05:48  winrate=0.556  n_markets_traded=18.000  herfindahl_index_markets=0.158
10:24:09 [super]   #96    0x19f1e045e95870c97bf4c47b8cbaf55a98ec9680  prob=0.0392 (raw=0.0490)  vol=$111  trades=5  first_trade=2026-05-26 03:23  winrate=0.444  n_markets_traded=9.000  herfindahl_index_markets=0.556
10:24:09 [super]   #97    0x462af4111ce3b16493ad6a66d9a57228eb4a2027  prob=0.0391 (raw=0.0479)  vol=$10  trades=1  first_trade=2026-05-25 22:43  winrate=0.000  n_markets_traded=1.000  herfindahl_index_markets=1.000
10:24:09 [super]   #98    0xe2bfd02d9977bb53e5b9abf6e70b49264d0f75b5  prob=0.0389 (raw=0.0467)  vol=$8,287  trades=3  first_trade=2026-05-27 14:46  winrate=0.550  n_markets_traded=40.000  herfindahl_index_markets=0.069
10:24:09 [super]   #99    0xff9987b272e9730e9b23d03d9cee2e49d8d75602  prob=0.0386 (raw=0.0446)  vol=$585  trades=2  first_trade=2026-05-25 21:50  winrate=0.578  n_markets_traded=102.000  herfindahl_index_markets=0.046
10:24:09 [super]   #100   0x9aeb534c42b58b21673d5e03e9da14fbd15b2729  prob=0.0385 (raw=0.0443)  vol=$209  trades=1  first_trade=2026-05-26 01:25  winrate=0.548  n_markets_traded=213.000  herfindahl_index_markets=0.024
10:24:09 [super]   #101   0xe0215cdb3dcb66e9fb5a3af447392b8c44493f00  prob=0.0384 (raw=0.0439)  vol=$8  trades=2  first_trade=2026-05-29 08:48  winrate=0.519  n_markets_traded=27.000  herfindahl_index_markets=0.058
10:24:09 [super]   #102   0x131b03259fb3d09749926a263709f6e78de288fb  prob=0.0384 (raw=0.0434)  vol=$1  trades=1  first_trade=2026-05-26 13:33  winrate=0.500  n_markets_traded=4.000  herfindahl_index_markets=0.250
10:24:09 [super]   #103   0x8c57f67ac7cc69a4cf96be5747cb2ed63dc9f939  prob=0.0383 (raw=0.0432)  vol=$1,551  trades=3  first_trade=2026-05-25 21:32  winrate=0.563  n_markets_traded=229.000  herfindahl_index_markets=0.017
10:24:09 [super]   #104   0x05297974e034b053268edfb9e63a2ea1c12e092e  prob=0.0383 (raw=0.0430)  vol=$27  trades=1  first_trade=2026-05-27 02:04  winrate=0.452  n_markets_traded=84.000  herfindahl_index_markets=0.238
10:24:09 [super]   #105   0x992d7f262b9cad1ec33bbd6c937f64ba2fff05c0  prob=0.0382 (raw=0.0427)  vol=$15  trades=1  first_trade=2026-05-27 17:22  winrate=0.625  n_markets_traded=8.000  herfindahl_index_markets=0.150
10:24:09 [super]   #106   0x6671f281efc63413f595434d4953bba12f0dc67d  prob=0.0381 (raw=0.0420)  vol=$58  trades=1  first_trade=2026-05-25 15:53  winrate=0.750  n_markets_traded=4.000  herfindahl_index_markets=0.304
10:24:09 [super]   #107   0xc27a81e5c7513b511bb959b1df654a369198b59a  prob=0.0380 (raw=0.0412)  vol=$2  trades=2  first_trade=2026-05-26 13:17  winrate=0.316  n_markets_traded=19.000  herfindahl_index_markets=0.115
10:24:09 [super]   #108   0xc79640c0800e1d17026c5c59fd4b913e49d93e82  prob=0.0379 (raw=0.0407)  vol=$1  trades=1  first_trade=2026-05-29 00:30  winrate=0.053  n_markets_traded=19.000  herfindahl_index_markets=0.071
10:24:09 [super]   #109   0xaca0ea0dfb892084f732b6a5b00b477cd1549966  prob=0.0379 (raw=0.0407)  vol=$10  trades=1  first_trade=2026-05-24 22:32  winrate=0.593  n_markets_traded=697.000  herfindahl_index_markets=0.004
10:24:09 [super]   #110   0x676d25a3d5628550207d01ad16b349a837a9812c  prob=0.0379 (raw=0.0402)  vol=$4  trades=1  first_trade=2026-05-25 19:16  winrate=0.333  n_markets_traded=3.000  herfindahl_index_markets=0.380
10:24:09 [super]   #111   0x97cc83fc25d1f86c1bf49def833f118ea993afdf  prob=0.0378 (raw=0.0399)  vol=$4  trades=2  first_trade=2026-05-25 02:12  winrate=0.429  n_markets_traded=21.000  herfindahl_index_markets=0.106
10:24:09 [super]   #112   0x3325c2f2543e997281cecddec13418747d4e9bb6  prob=0.0378 (raw=0.0398)  vol=$3  trades=2  first_trade=2026-05-28 07:57  winrate=0.333  n_markets_traded=39.000  herfindahl_index_markets=0.170
10:24:09 [super]   #113   0x8e77537e059837d3c2ca5b4efe75e74e9498c4f3  prob=0.0378 (raw=0.0397)  vol=$1,209  trades=1  first_trade=2026-05-26 02:16  winrate=0.738  n_markets_traded=238.000  herfindahl_index_markets=0.013
10:24:09 [super]   #114   0xeb490d0534bb68b4c2ce139b219a728cd2c3693e  prob=0.0377 (raw=0.0390)  vol=$4,033  trades=2  first_trade=2026-05-27 17:11  winrate=0.375  n_markets_traded=40.000  herfindahl_index_markets=0.086
10:24:09 [super]   #115   0x67d05678b89f84f7432a4c8408143135c9b1db7a  prob=0.0375 (raw=0.0378)  vol=$81  trades=6  first_trade=2026-05-25 23:22  winrate=0.333  n_markets_traded=29.000  herfindahl_index_markets=0.083
10:24:09 [super]   #116   0x52f2175584b1d3c195d869848131a53aaba0bd1e  prob=0.0375 (raw=0.0376)  vol=$6  trades=1  first_trade=2026-05-25 01:05  winrate=0.556  n_markets_traded=9.000  herfindahl_index_markets=0.152
10:24:09 [super]   #117   0x0dd60a6ddeea6f93659789cac7af6a9d12835f62  prob=0.0374 (raw=0.0372)  vol=$370  trades=3  first_trade=2026-05-25 07:46  winrate=0.468  n_markets_traded=74.000  herfindahl_index_markets=0.038
10:24:09 [super]   #118   0xadc2efbf97ce7b25f7a638aabdba196c657cd1c9  prob=0.0373 (raw=0.0366)  vol=$95,631  trades=2  first_trade=2026-05-29 06:59  winrate=0.946  n_markets_traded=37.000  herfindahl_index_markets=0.052
10:24:09 [super]   #119   0x2e50054634998f774288a0d8d022d4c0f18a561e  prob=0.0373 (raw=0.0365)  vol=$2  trades=1  first_trade=2026-05-27 04:07  winrate=0.045  n_markets_traded=22.000  herfindahl_index_markets=0.078
10:24:09 [super]   #120   0x412c3ca9d9d0ad58016ee768d36c396e5e352d87  prob=0.0373 (raw=0.0365)  vol=$107  trades=1  first_trade=2026-05-25 21:48  winrate=0.270  n_markets_traded=163.000  herfindahl_index_markets=0.025
10:24:09 [super]   #121   0xd243c702432f5408080e1b37d9c8e0e285308d02  prob=0.0372 (raw=0.0362)  vol=$6  trades=2  first_trade=2026-05-29 05:45  winrate=0.632  n_markets_traded=19.000  herfindahl_index_markets=0.116
10:24:09 [super]   #122   0x7d34bae750bc84fd97c5c13315e3d21449b1e004  prob=0.0371 (raw=0.0353)  vol=$21  trades=1  first_trade=2026-05-28 21:31  winrate=0.492  n_markets_traded=61.000  herfindahl_index_markets=0.025
10:24:09 [super]   #123   0x7fa358ab4136b33fdda6426062d1b214d1fa86e8  prob=0.0371 (raw=0.0351)  vol=$29  trades=2  first_trade=2026-05-26 01:18  winrate=0.712  n_markets_traded=73.000  herfindahl_index_markets=0.064
10:24:09 [super]   #124   0x6b133170edaaae9d61c296ae8c7b9f43bb3bf125  prob=0.0371 (raw=0.0349)  vol=$0  trades=1  first_trade=2026-05-25 01:15  winrate=0.452  n_markets_traded=111.000  herfindahl_index_markets=0.066
10:24:09 [super]   #125   0x3d03c46d2e4594ea6fa03f7b571342d8ee249d52  prob=0.0370 (raw=0.0348)  vol=$1  trades=1  first_trade=2026-05-25 01:15  winrate=NaN  n_markets_traded=0.000  herfindahl_index_markets=0.000
10:24:09 [super]   #126   0x420e8deb590ad77ff5b2f6776cea2b1fc6dee3c9  prob=0.0370 (raw=0.0345)  vol=$895  trades=6  first_trade=2026-05-26 01:39  winrate=0.474  n_markets_traded=169.000  herfindahl_index_markets=0.026
10:24:09 [super]   #127   0xc983c8d34c8653c6acc257b5b47d1f10ab7e3218  prob=0.0370 (raw=0.0344)  vol=$6  trades=1  first_trade=2026-05-25 01:01  winrate=0.444  n_markets_traded=9.000  herfindahl_index_markets=0.118
10:24:09 [super]   #128   0x9e08b77c249ca28b03df98b788a883e453d5e8c6  prob=0.0369 (raw=0.0342)  vol=$107  trades=1  first_trade=2026-05-27 07:52  winrate=1.000  n_markets_traded=2.000  herfindahl_index_markets=0.771
10:24:09 [super]   #129   0xbcc276705fb6d5a22e4aef994ede92f109918c9a  prob=0.0369 (raw=0.0340)  vol=$8  trades=2  first_trade=2026-05-24 21:51  winrate=NaN  n_markets_traded=0.000  herfindahl_index_markets=0.000
10:24:09 [super]   #130   0xf41f1b496e2b908babc215d6401d67a596d519d2  prob=0.0369 (raw=0.0338)  vol=$7  trades=6  first_trade=2026-05-25 02:13  winrate=0.579  n_markets_traded=494.000  herfindahl_index_markets=0.006
10:24:09 [super]   #131   0xe650048e26e7309785261ffb541e8a25fa8b267d  prob=0.0369 (raw=0.0337)  vol=$10  trades=2  first_trade=2026-05-29 06:46  winrate=0.484  n_markets_traded=31.000  herfindahl_index_markets=0.061
10:24:09 [super]   #132   0xb6d501cb7ce66a8b8a0fe8628a9e97748cf16564  prob=0.0369 (raw=0.0337)  vol=$4  trades=2  first_trade=2026-05-25 02:30  winrate=0.341  n_markets_traded=85.000  herfindahl_index_markets=0.049
10:24:09 [super]   #133   0x1d0acfa6db1cc256954de825a95991eab6cded66  prob=0.0368 (raw=0.0335)  vol=$15  trades=2  first_trade=2026-05-24 22:38  winrate=0.261  n_markets_traded=88.000  herfindahl_index_markets=0.021
10:24:09 [super]   #134   0x2a83863ca7833ec5c05579b832f6fbb3d810aff7  prob=0.0368 (raw=0.0333)  vol=$10  trades=2  first_trade=2026-05-29 08:47  winrate=0.474  n_markets_traded=19.000  herfindahl_index_markets=0.108
10:24:09 [super]   #135   0x3f17b43bda4520a17869cac63b6f7b5bf2074bc8  prob=0.0368 (raw=0.0333)  vol=$19  trades=2  first_trade=2026-05-29 08:47  winrate=0.381  n_markets_traded=42.000  herfindahl_index_markets=0.048
10:24:09 [super]   #136   0x4e47fcf13cbb72890c722b52089005d0dcd76d7b  prob=0.0368 (raw=0.0332)  vol=$53  trades=2  first_trade=2026-05-25 21:41  winrate=0.364  n_markets_traded=11.000  herfindahl_index_markets=0.114
10:24:09 [super]   #137   0x6b1fe46602b39d66ef1dea587e386a930dbc3fd0  prob=0.0367 (raw=0.0329)  vol=$17  trades=1  first_trade=2026-05-27 15:06  winrate=0.469  n_markets_traded=31.000  herfindahl_index_markets=0.341
10:24:09 [super]   #138   0x86eec28560da22cab276ba9db1cfaf555c05511f  prob=0.0367 (raw=0.0327)  vol=$32  trades=5  first_trade=2026-05-25 01:16  winrate=0.421  n_markets_traded=556.000  herfindahl_index_markets=0.007
10:24:09 [super]   #139   0x68090d2a55fe26e370b1f793dcc3bd4eb1c96398  prob=0.0367 (raw=0.0325)  vol=$1  trades=1  first_trade=2026-05-26 00:15  winrate=0.877  n_markets_traded=900.000  herfindahl_index_markets=0.002
10:24:09 [super]   #140   0xa5c2aff25b57bb576d765d0004ab9fd225c238d2  prob=0.0366 (raw=0.0323)  vol=$95  trades=1  first_trade=2026-05-24 22:37  winrate=0.154  n_markets_traded=26.000  herfindahl_index_markets=0.084
10:24:09 [super]   #141   0x2b221c40a708c0d1f3ac11617402f1d9ef5bdd46  prob=0.0366 (raw=0.0319)  vol=$3  trades=1  first_trade=2026-05-25 04:44  winrate=0.556  n_markets_traded=9.000  herfindahl_index_markets=0.154
10:24:09 [super]   #142   0xe4dcff11f04c4a8005b43e09fdd126ebcc4ebdcb  prob=0.0366 (raw=0.0317)  vol=$6  trades=1  first_trade=2026-05-26 09:30  winrate=0.624  n_markets_traded=109.000  herfindahl_index_markets=0.019
10:24:09 [super]   #143   0x087b959eb9e374bbab7b69d39a4b58efd5dccdcf  prob=0.0365 (raw=0.0316)  vol=$26  trades=2  first_trade=2026-05-26 00:38  winrate=0.447  n_markets_traded=168.000  herfindahl_index_markets=0.011
10:24:09 [super]   #144   0x61aa62a4f6a2f3363dec8b104669bb67f6b431eb  prob=0.0365 (raw=0.0313)  vol=$11  trades=8  first_trade=2026-05-24 23:41  winrate=0.320  n_markets_traded=75.000  herfindahl_index_markets=0.029
10:24:09 [super]   #145   0x0a044d7a3cd74535665c3567523038739fa234d1  prob=0.0365 (raw=0.0312)  vol=$2  trades=1  first_trade=2026-05-25 05:19  winrate=0.727  n_markets_traded=11.000  herfindahl_index_markets=0.127
10:24:09 [super]   #146   0x122cdd9db64fd8dc3ebab813218e3effe21f821f  prob=0.0365 (raw=0.0311)  vol=$31  trades=2  first_trade=2026-05-27 22:33  winrate=0.567  n_markets_traded=30.000  herfindahl_index_markets=0.290
10:24:09 [super]   #147   0x0c455e571e9fdf245dee3316db2490d044cd06d0  prob=0.0365 (raw=0.0310)  vol=$8  trades=1  first_trade=2026-05-25 23:09  winrate=0.471  n_markets_traded=325.000  herfindahl_index_markets=0.005
10:24:09 [super]   #148   0xdf77cadcd9f57e5858b3e51463bdbe6b2e8797f8  prob=0.0365 (raw=0.0310)  vol=$33  trades=1  first_trade=2026-05-25 21:39  winrate=0.379  n_markets_traded=29.000  herfindahl_index_markets=0.107
10:24:09 [super]   #149   0x671fbe25b0840bb72aac151a07b7a700cf5e3dad  prob=0.0365 (raw=0.0310)  vol=$2  trades=1  first_trade=2026-05-25 03:47  winrate=0.639  n_markets_traded=121.000  herfindahl_index_markets=0.042
10:24:09 [super]   #150   0x2d811b8d15236dabe92b2f3610a01cc9dbcafe57  prob=0.0364 (raw=0.0310)  vol=$25  trades=2  first_trade=2026-05-26 01:26  winrate=0.578  n_markets_traded=207.000  herfindahl_index_markets=0.028
10:24:09 [super]   #151   0xafd6e9be7e69ce39c183b61806dc47a232b1743e  prob=0.0364 (raw=0.0309)  vol=$1  trades=1  first_trade=2026-05-24 23:11  winrate=0.400  n_markets_traded=15.000  herfindahl_index_markets=0.131
10:24:09 [super]   #152   0x4ad4aa15ca7c8746e38f34d16bb04cc733621704  prob=0.0364 (raw=0.0308)  vol=$13  trades=1  first_trade=2026-05-25 05:58  winrate=0.606  n_markets_traded=282.000  herfindahl_index_markets=0.014
10:24:09 [super]   #153   0x842a27a44cb5bc53e694b8c88e0258168f43e47f  prob=0.0364 (raw=0.0306)  vol=$0  trades=1  first_trade=2026-05-26 09:30  winrate=0.390  n_markets_traded=451.000  herfindahl_index_markets=0.007
10:24:09 [super]   #154   0x5806c5f521ea8bc758562ddd158373d09ff63f09  prob=0.0363 (raw=0.0301)  vol=$2  trades=2  first_trade=2026-05-26 16:33  winrate=0.000  n_markets_traded=9.000  herfindahl_index_markets=0.457
10:24:09 [super]   #155   0xeb2d19bc7158876347bb833120f1e04bd6f86f71  prob=0.0363 (raw=0.0300)  vol=$0  trades=1  first_trade=2026-05-28 15:38  winrate=0.436  n_markets_traded=55.000  herfindahl_index_markets=0.043
10:24:09 [super]   #156   0xca1f9b9d67d947c8007d9814e8f9d6045cccd282  prob=0.0363 (raw=0.0299)  vol=$17  trades=1  first_trade=2026-05-26 00:02  winrate=NaN  n_markets_traded=0.000  herfindahl_index_markets=0.000
10:24:09 [super]   #157   0x17cf29b47a2426d432214472eee58c647fdc60f7  prob=0.0363 (raw=0.0298)  vol=$17  trades=1  first_trade=2026-05-26 01:49  winrate=0.500  n_markets_traded=310.000  herfindahl_index_markets=0.016
10:24:09 [super]   #158   0xbb9f12f1bd43d876d60e01e563f9cb6998ef1893  prob=0.0363 (raw=0.0297)  vol=$4  trades=1  first_trade=2026-05-25 23:26  winrate=0.658  n_markets_traded=256.000  herfindahl_index_markets=0.023
10:24:09 [super]   #159   0x5188fa0e8a77e87bc6a58e6781fdfc4e165cc804  prob=0.0362 (raw=0.0294)  vol=$84,162  trades=10  first_trade=2026-05-25 23:32  winrate=0.580  n_markets_traded=47.000  herfindahl_index_markets=0.104
10:24:09 [super]   #160   0xdc9aefe5cac0a97f7ec5991c811cc062ca1f6d83  prob=0.0362 (raw=0.0294)  vol=$1  trades=1  first_trade=2026-05-25 17:39  winrate=0.250  n_markets_traded=4.000  herfindahl_index_markets=0.360
10:24:09 [super]   #161   0xa0d3dd54417e307f5a4001f6a493325363934e14  prob=0.0362 (raw=0.0292)  vol=$5  trades=1  first_trade=2026-05-26 08:24  winrate=0.318  n_markets_traded=66.000  herfindahl_index_markets=0.058
10:24:09 [super]   #162   0xfe495635aad93a476355c5ce38ae0af530197a4c  prob=0.0362 (raw=0.0291)  vol=$206  trades=2  first_trade=2026-05-24 23:09  winrate=NaN  n_markets_traded=0.000  herfindahl_index_markets=0.000
10:24:09 [super]   #163   0x12d6cccfc7470a3f4bafc53599a4779cbf2cf2a8  prob=0.0361 (raw=0.0289)  vol=$42  trades=1  first_trade=2026-05-24 22:08  winrate=NaN  n_markets_traded=0.000  herfindahl_index_markets=0.000
10:24:09 [super]   #164   0x7c8d8ab261880ea40ee833f6914bf27ae60d31e4  prob=0.0361 (raw=0.0288)  vol=$10  trades=1  first_trade=2026-05-26 01:26  winrate=0.489  n_markets_traded=225.000  herfindahl_index_markets=0.028
10:24:09 [super]   #165   0x3a2fdd49d3ef7f99893549673a773f32a5cd312b  prob=0.0361 (raw=0.0287)  vol=$1  trades=1  first_trade=2026-05-25 19:14  winrate=0.333  n_markets_traded=6.000  herfindahl_index_markets=0.286
10:24:09 [super]   #166   0xbd0477e08d82d35a855ff19644a88a9213d8fbb0  prob=0.0361 (raw=0.0287)  vol=$991  trades=4  first_trade=2026-05-27 22:45  winrate=0.000  n_markets_traded=15.000  herfindahl_index_markets=0.175
10:24:09 [super]   #167   0x53763c82105dee3d492440634d14eb5da5e6ce3e  prob=0.0361 (raw=0.0286)  vol=$4  trades=1  first_trade=2026-05-25 04:08  winrate=0.407  n_markets_traded=86.000  herfindahl_index_markets=0.023
10:24:09 [super]   #168   0xa276cb94ae379c866011aeda73ad29cdace23584  prob=0.0361 (raw=0.0285)  vol=$14  trades=8  first_trade=2026-05-25 21:42  winrate=0.424  n_markets_traded=337.000  herfindahl_index_markets=0.016
10:24:09 [super]   #169   0xd64dae50dd98a0a4182eafd900b845b0e0119138  prob=0.0361 (raw=0.0283)  vol=$18  trades=2  first_trade=2026-05-25 04:08  winrate=0.000  n_markets_traded=43.000  herfindahl_index_markets=0.028
10:24:09 [super]   #170   0x963f6cdea2c81c70e318f77408459a0e1ed54487  prob=0.0360 (raw=0.0283)  vol=$1  trades=1  first_trade=2026-05-26 01:04  winrate=NaN  n_markets_traded=0.000  herfindahl_index_markets=0.000
10:24:09 [super]   #171   0x1d603dad31fac599c1de6b6002d066993460453d  prob=0.0360 (raw=0.0277)  vol=$297  trades=1  first_trade=2026-05-30 01:25  winrate=0.560  n_markets_traded=203.000  herfindahl_index_markets=0.033
10:24:09 [super]   #172   0x5de72afd53f4860470ee0f4a11bf0eabddb1540c  prob=0.0360 (raw=0.0277)  vol=$21  trades=1  first_trade=2026-05-26 07:59  winrate=0.577  n_markets_traded=317.000  herfindahl_index_markets=0.020
10:24:09 [super]   #173   0x44143c9497f5c34b72bac7741b0aaea6b488c9ff  prob=0.0359 (raw=0.0276)  vol=$3  trades=1  first_trade=2026-05-25 05:11  winrate=0.228  n_markets_traded=263.000  herfindahl_index_markets=0.024
10:24:09 [super]   #174   0xa9a5c5043161d6388f03744cf460cb93ad882756  prob=0.0359 (raw=0.0276)  vol=$4  trades=2  first_trade=2026-05-25 02:03  winrate=0.355  n_markets_traded=259.000  herfindahl_index_markets=0.008
10:24:09 [super]   #175   0xbeccf1ec86abb15649df4d4023821f2f557ff560  prob=0.0359 (raw=0.0275)  vol=$4  trades=1  first_trade=2026-05-25 05:11  winrate=0.361  n_markets_traded=439.000  herfindahl_index_markets=0.016
10:24:09 [super]   #176   0xc99e5fc8747b4caab5e670e39ea5cff1a89c5a7d  prob=0.0359 (raw=0.0275)  vol=$6  trades=2  first_trade=2026-05-25 07:13  winrate=0.471  n_markets_traded=17.000  herfindahl_index_markets=0.098
10:24:09 [super]   #177   0x75978edaeed0b4aba863a73f7bcb4ab6205e5f01  prob=0.0359 (raw=0.0272)  vol=$5  trades=1  first_trade=2026-05-26 02:41  winrate=0.596  n_markets_traded=655.000  herfindahl_index_markets=0.038
10:24:09 [super]   #178   0xeac36b9a23ef0fc5a48dae1c4ec1bfc4f4c09270  prob=0.0359 (raw=0.0271)  vol=$2  trades=2  first_trade=2026-05-28 07:37  winrate=0.000  n_markets_traded=2.000  herfindahl_index_markets=0.833
10:24:09 [super]   #179   0x81de0770551ca28dc0dc7fa148406d40bdfc20d4  prob=0.0358 (raw=0.0265)  vol=$1  trades=2  first_trade=2026-05-25 01:15  winrate=0.049  n_markets_traded=81.000  herfindahl_index_markets=0.111
10:24:09 [super]   #180   0x4c70947f862f83590c7084ac900736cea7e3f74d  prob=0.0357 (raw=0.0263)  vol=$53  trades=10  first_trade=2026-05-25 22:53  winrate=0.125  n_markets_traded=16.000  herfindahl_index_markets=0.256
10:24:09 [super]   #181   0xb0b048c8d090c3437b25066bd8605895853527a4  prob=0.0357 (raw=0.0263)  vol=$8  trades=2  first_trade=2026-05-29 05:48  winrate=0.286  n_markets_traded=21.000  herfindahl_index_markets=0.098
10:24:09 [super]   #182   0x633b7fa8a2670cd8d67bfef03b6fc21cb8aeff9e  prob=0.0357 (raw=0.0262)  vol=$1  trades=1  first_trade=2026-05-25 14:04  winrate=0.873  n_markets_traded=934.000  herfindahl_index_markets=0.001
10:24:09 [super]   #183   0x2f7fec181985500b21e49aa79bf46959ffc20174  prob=0.0357 (raw=0.0260)  vol=$5  trades=1  first_trade=2026-05-27 08:57  winrate=0.508  n_markets_traded=60.000  herfindahl_index_markets=0.366
10:24:09 [super]   #184   0xd80e6ece9a57ceb0a4ae29c570644d384d7aae2f  prob=0.0357 (raw=0.0260)  vol=$163  trades=1  first_trade=2026-05-25 19:40  winrate=0.312  n_markets_traded=32.000  herfindahl_index_markets=0.189
10:24:09 [super]   #185   0x559a9c989649c61594d91859614c78db78313400  prob=0.0357 (raw=0.0258)  vol=$13  trades=2  first_trade=2026-05-26 13:05  winrate=0.000  n_markets_traded=4.000  herfindahl_index_markets=0.825
10:24:09 [super]   #186   0x41443e7f033f300c0029c764589aa0a48d9c06ee  prob=0.0356 (raw=0.0256)  vol=$5  trades=1  first_trade=2026-05-27 08:50  winrate=0.526  n_markets_traded=55.000  herfindahl_index_markets=0.432
10:24:09 [super]   #187   0x575cb18e6612841a70c0f68a10f10d7f72278331  prob=0.0356 (raw=0.0254)  vol=$4  trades=4  first_trade=2026-05-26 18:01  winrate=0.310  n_markets_traded=42.000  herfindahl_index_markets=0.081
10:24:09 [super]   #188   0xd990ad35098482db6b99fdd9aa5c446eac6f4349  prob=0.0356 (raw=0.0251)  vol=$1  trades=1  first_trade=2026-05-25 05:04  winrate=0.742  n_markets_traded=1168.000  herfindahl_index_markets=0.003
10:24:09 [super]   #189   0x84aa5cf081bd1cb49895e7d3f1599f90b908db19  prob=0.0356 (raw=0.0251)  vol=$49  trades=2  first_trade=2026-05-25 07:09  winrate=0.507  n_markets_traded=75.000  herfindahl_index_markets=0.071
10:24:09 [super]   #190   0x8bd3a659144673c9c1955b76ac3803a67e8b5cf0  prob=0.0355 (raw=0.0248)  vol=$61  trades=1  first_trade=2026-05-25 07:09  winrate=0.570  n_markets_traded=135.000  herfindahl_index_markets=0.017
10:24:09 [super]   #191   0x124f1f38b694344eeefcc1e4a36fe87601510dea  prob=0.0355 (raw=0.0248)  vol=$0  trades=5  first_trade=2026-05-25 21:27  winrate=0.410  n_markets_traded=58.000  herfindahl_index_markets=0.058
10:24:09 [super]   #192   0xdfa15e602d2371099e32c7f07525b5bc376274ff  prob=0.0355 (raw=0.0245)  vol=$13  trades=1  first_trade=2026-05-26 01:24  winrate=0.267  n_markets_traded=15.000  herfindahl_index_markets=0.117
10:24:09 [super]   #193   0x6d9fc316c3b8377060a44b852ba664adbfd59790  prob=0.0355 (raw=0.0244)  vol=$16,309  trades=4  first_trade=2026-05-26 01:03  winrate=NaN  n_markets_traded=0.000  herfindahl_index_markets=0.000
10:24:09 [super]   #194   0x19693ceeee2e6ce380bdac5fdaf1dbb95376c1af  prob=0.0355 (raw=0.0244)  vol=$23  trades=1  first_trade=2026-05-25 07:11  winrate=0.500  n_markets_traded=16.000  herfindahl_index_markets=0.090
10:24:09 [super]   #195   0xc4661373fedb353eb99de161d7712fad45570755  prob=0.0355 (raw=0.0243)  vol=$10  trades=1  first_trade=2026-05-25 09:28  winrate=0.480  n_markets_traded=25.000  herfindahl_index_markets=0.055
10:24:09 [super]   #196   0x7ed3aed17a79c2a3375da27a9470b310585027aa  prob=0.0354 (raw=0.0242)  vol=$10  trades=2  first_trade=2026-05-25 14:00  winrate=0.000  n_markets_traded=13.000  herfindahl_index_markets=0.161
10:24:09 [super]   #197   0x74f748554e841583df64312d2a819b95e60fef2c  prob=0.0354 (raw=0.0241)  vol=$1  trades=1  first_trade=2026-05-29 07:36  winrate=0.000  n_markets_traded=1.000  herfindahl_index_markets=1.000
10:24:09 [super]   #198   0x347d77eb5fd052e4edc77692cdcfef78c322098a  prob=0.0354 (raw=0.0241)  vol=$56  trades=1  first_trade=2026-05-26 19:08  winrate=0.887  n_markets_traded=788.000  herfindahl_index_markets=0.001
10:24:09 [super]   #199   0x34a9e26af9bcec22a27cbc96f55cdbb39ad74cfd  prob=0.0354 (raw=0.0240)  vol=$10  trades=1  first_trade=2026-05-26 01:25  winrate=NaN  n_markets_traded=0.000  herfindahl_index_markets=0.000
10:24:09 [super]   #200   0x3f759cb433d1345d821194545bd7e8414c08ce35  prob=0.0354 (raw=0.0240)  vol=$4  trades=1  first_trade=2026-05-25 22:47  winrate=NaN  n_markets_traded=0.000  herfindahl_index_markets=0.000
10:24:09 [super]   #201   0xdab3b65854765b45ea17e25d0a077094cd1279b1  prob=0.0354 (raw=0.0240)  vol=$0  trades=1  first_trade=2026-05-25 04:36  winrate=0.377  n_markets_traded=109.000  herfindahl_index_markets=0.014
10:24:09 [super]   #202   0xb45f672284d2e0050cb5bb083d833ff410ee453b  prob=0.0354 (raw=0.0237)  vol=$6  trades=2  first_trade=2026-05-25 18:41  winrate=0.500  n_markets_traded=28.000  herfindahl_index_markets=0.056
10:24:09 [super]   #203   0x6c2a50ee968898c5d50de31b04544f8d3329b7b5  prob=0.0354 (raw=0.0236)  vol=$37  trades=3  first_trade=2026-05-25 06:28  winrate=0.362  n_markets_traded=85.000  herfindahl_index_markets=0.052
10:24:09 [super]   #204   0x20033a5e4cf7d82d9b9c2489ca44030988749c15  prob=0.0353 (raw=0.0234)  vol=$32  trades=1  first_trade=2026-05-25 21:30  winrate=0.375  n_markets_traded=56.000  herfindahl_index_markets=0.220
10:24:09 [super]   #205   0x2fb138c87bd59d26c439f4b784bd44925210d10b  prob=0.0353 (raw=0.0231)  vol=$24  trades=1  first_trade=2026-05-25 07:13  winrate=0.450  n_markets_traded=20.000  herfindahl_index_markets=0.083
10:24:09 [super]   #206   0x22dbd51e1a4e10fff072fa24300238c64033190f  prob=0.0353 (raw=0.0231)  vol=$354  trades=2  first_trade=2026-05-25 06:28  winrate=0.472  n_markets_traded=65.000  herfindahl_index_markets=0.064
10:24:09 [super]   #207   0x44be7bb86c9fdf51f76bc1e1885966d884ec76b1  prob=0.0353 (raw=0.0230)  vol=$101  trades=2  first_trade=2026-05-25 15:44  winrate=NaN  n_markets_traded=0.000  herfindahl_index_markets=0.000
10:24:09 [super]   #208   0x8b3830f0046b7da2c4b5cb72ed199c63e22f52c8  prob=0.0353 (raw=0.0229)  vol=$15  trades=1  first_trade=2026-05-25 14:07  winrate=0.764  n_markets_traded=276.000  herfindahl_index_markets=0.031
10:24:09 [super]   #209   0x61a808365ad93d79857eb626e140521bbf1cc588  prob=0.0353 (raw=0.0229)  vol=$12  trades=1  first_trade=2026-05-25 21:13  winrate=0.356  n_markets_traded=45.000  herfindahl_index_markets=0.066
10:24:09 [super]   #210   0x5bfbcff64e48cd55e3206e8718596b6fc01a5eff  prob=0.0352 (raw=0.0227)  vol=$3  trades=1  first_trade=2026-05-25 16:26  winrate=0.286  n_markets_traded=7.000  herfindahl_index_markets=0.176
10:24:09 [super]   #211   0xb20ac3fbbe4f24a70186f498ebe70e232ffed09d  prob=0.0352 (raw=0.0227)  vol=$1,225  trades=3  first_trade=2026-05-27 07:47  winrate=0.889  n_markets_traded=72.000  herfindahl_index_markets=0.023
10:24:09 [super]   #212   0x27601795d4ec5406422772188e292299aca5458a  prob=0.0352 (raw=0.0227)  vol=$5  trades=1  first_trade=2026-05-28 16:55  winrate=0.538  n_markets_traded=52.000  herfindahl_index_markets=0.298
10:24:09 [super]   #213   0x358e7cf87ad2de523cd7e61c1a3efbbe0f6fcfb3  prob=0.0352 (raw=0.0222)  vol=$2  trades=2  first_trade=2026-05-25 02:40  winrate=0.229  n_markets_traded=35.000  herfindahl_index_markets=0.053
10:24:09 [super]   #214   0xd5d07832c41e509bc5645ec64bd82cf725396730  prob=0.0352 (raw=0.0222)  vol=$1  trades=1  first_trade=2026-05-25 03:04  winrate=0.167  n_markets_traded=24.000  herfindahl_index_markets=0.074
10:24:09 [super]   #215   0x9868325cf3760b5256450e561d4ab6095943907e  prob=0.0352 (raw=0.0222)  vol=$0  trades=4  first_trade=2026-05-25 14:10  winrate=NaN  n_markets_traded=0.000  herfindahl_index_markets=0.000
10:24:09 [super]   #216   0x687f0263e0eae8bc22aea7d676ffc96b9e7893b1  prob=0.0351 (raw=0.0219)  vol=$13  trades=3  first_trade=2026-05-26 21:30  winrate=0.000  n_markets_traded=7.000  herfindahl_index_markets=0.536
10:24:09 [super]   #217   0x62c1118b496365e494534c986a22462367d5702a  prob=0.0351 (raw=0.0218)  vol=$35  trades=1  first_trade=2026-05-25 09:54  winrate=0.467  n_markets_traded=15.000  herfindahl_index_markets=0.149
10:24:09 [super]   #218   0x6b8eb12421b7d86551b04171a2106f1ffec3e2db  prob=0.0351 (raw=0.0218)  vol=$4,435  trades=3  first_trade=2026-05-29 13:55  winrate=0.907  n_markets_traded=54.000  herfindahl_index_markets=0.056
10:24:09 [super]   #219   0xeec50edede5d961efb02e20bfd3275dd1e7fb6fe  prob=0.0351 (raw=0.0218)  vol=$134  trades=2  first_trade=2026-05-25 02:35  winrate=NaN  n_markets_traded=0.000  herfindahl_index_markets=0.000
10:24:09 [super]   #220   0x5011224f4848cb2cf2d87cf2b823551dfd0e220e  prob=0.0351 (raw=0.0217)  vol=$15,185  trades=4  first_trade=2026-05-25 16:16  winrate=NaN  n_markets_traded=0.000  herfindahl_index_markets=0.000
10:24:09 [super]   #221   0x985aa5d876df4f127804e608fa8c1d0705149d00  prob=0.0351 (raw=0.0216)  vol=$3  trades=1  first_trade=2026-05-25 20:40  winrate=0.071  n_markets_traded=28.000  herfindahl_index_markets=0.143
10:24:09 [super]   #222   0x3078db4a9737866b4d6529f655025b3a20f80389  prob=0.0350 (raw=0.0215)  vol=$1  trades=1  first_trade=2026-05-25 05:38  winrate=NaN  n_markets_traded=0.000  herfindahl_index_markets=0.000
10:24:09 [super]   #223   0x38fc87b4655927fbec7caddd6017d4e0a1078834  prob=0.0350 (raw=0.0214)  vol=$22  trades=4  first_trade=2026-05-26 17:45  winrate=0.000  n_markets_traded=3.000  herfindahl_index_markets=0.358
10:24:09 [super]   #224   0x2e423a228df8949284083adcd97b7068684a0dfe  prob=0.0350 (raw=0.0212)  vol=$2  trades=1  first_trade=2026-05-25 21:07  winrate=0.099  n_markets_traded=35.000  herfindahl_index_markets=0.114
10:24:09 [super]   #225   0x4ace64f473bc77aa2cd3d9d1bc42e0f56cdbf230  prob=0.0350 (raw=0.0210)  vol=$19  trades=1  first_trade=2026-05-25 07:11  winrate=0.500  n_markets_traded=16.000  herfindahl_index_markets=0.110
10:24:09 [super]   #226   0xa3002b5caef754740de4a8114ba2977b049339c7  prob=0.0350 (raw=0.0210)  vol=$27  trades=1  first_trade=2026-05-25 07:11  winrate=0.500  n_markets_traded=18.000  herfindahl_index_markets=0.090
10:24:09 [super]   #227   0xe6aef7ce387422891231c2c0225b96ab309a78cc  prob=0.0350 (raw=0.0210)  vol=$40  trades=1  first_trade=2026-05-25 07:11  winrate=0.500  n_markets_traded=16.000  herfindahl_index_markets=0.084
10:24:09 [super]   #228   0x1295269296e51cd28a3db85fa6728c0e352b5cfd  prob=0.0350 (raw=0.0210)  vol=$9,704  trades=2  first_trade=2026-05-28 12:43  winrate=0.815  n_markets_traded=54.000  herfindahl_index_markets=0.074
10:24:09 [super]   #229   0x94eb0ee9ff35f5b14f8d3c3be3967e9deba837e6  prob=0.0350 (raw=0.0208)  vol=$9,840  trades=1  first_trade=2026-05-27 10:56  winrate=0.906  n_markets_traded=216.000  herfindahl_index_markets=0.011
10:24:09 [super]   #230   0x0d01995d0a4e5fc31e08d6ecbafda2d4f34aee95  prob=0.0349 (raw=0.0206)  vol=$1  trades=1  first_trade=2026-05-25 10:26  winrate=0.280  n_markets_traded=107.000  herfindahl_index_markets=0.022
10:24:10 [super]   #231   0x59c49a09e5335430833b96d96af9e581b0a9b517  prob=0.0349 (raw=0.0204)  vol=$24,057  trades=2  first_trade=2026-05-27 23:56  winrate=0.596  n_markets_traded=57.000  herfindahl_index_markets=0.370
10:24:10 [super]   #232   0x10b289276b2b69cac7b1bbc58601009b6ee74ceb  prob=0.0349 (raw=0.0204)  vol=$18  trades=6  first_trade=2026-05-24 22:43  winrate=NaN  n_markets_traded=0.000  herfindahl_index_markets=0.000
10:24:10 [super]   #233   0xfaf98181c44636998a194aa7660bcae1b977f4c4  prob=0.0349 (raw=0.0202)  vol=$14,944  trades=1  first_trade=2026-05-28 14:28  winrate=0.792  n_markets_traded=20.000  herfindahl_index_markets=0.161
10:24:10 [super]   #234   0x285e6a6d7f4f8b5f64fb23ac351a0b41844af38c  prob=0.0349 (raw=0.0202)  vol=$158  trades=2  first_trade=2026-05-25 20:37  winrate=0.123  n_markets_traded=227.000  herfindahl_index_markets=0.017
10:24:10 [super]   #235   0x8954adfbf382804f96ae5306aa139ece9ee49bfa  prob=0.0349 (raw=0.0201)  vol=$26  trades=1  first_trade=2026-05-25 07:11  winrate=0.476  n_markets_traded=21.000  herfindahl_index_markets=0.106
10:24:10 [super]   #236   0xb9b4da7b522f13804e94c52afedbc4dbbeb793f9  prob=0.0349 (raw=0.0201)  vol=$20  trades=1  first_trade=2026-05-25 07:10  winrate=0.444  n_markets_traded=18.000  herfindahl_index_markets=0.083
10:24:10 [super]   #237   0xec98f3984942f9743789eeeccf63d4050bc79833  prob=0.0349 (raw=0.0201)  vol=$27  trades=1  first_trade=2026-05-25 07:10  winrate=0.438  n_markets_traded=16.000  herfindahl_index_markets=0.108
10:24:10 [super]   #238   0xe1ca6d253c30c2797f4c76ea5180b20cc8b03902  prob=0.0349 (raw=0.0201)  vol=$33  trades=1  first_trade=2026-05-25 07:10  winrate=0.412  n_markets_traded=17.000  herfindahl_index_markets=0.095
10:24:10 [super]   #239   0xde7be6d489bce070a959e0cb813128ae659b5f4b  prob=0.0348 (raw=0.0201)  vol=$221  trades=1  first_trade=2026-05-27 22:24  winrate=0.442  n_markets_traded=37.000  herfindahl_index_markets=0.159
10:24:10 [super]   #240   0xe253eb0206e7e3cb8ca1c7610f4c135b319f1047  prob=0.0348 (raw=0.0201)  vol=$454  trades=4  first_trade=2026-05-26 11:43  winrate=0.333  n_markets_traded=6.000  herfindahl_index_markets=0.495
10:24:10 [super]   #241   0x9e7b205a2ea035bf7effd324c1bc8dfb5576accf  prob=0.0348 (raw=0.0200)  vol=$27  trades=1  first_trade=2026-05-25 09:54  winrate=0.333  n_markets_traded=18.000  herfindahl_index_markets=0.085
10:24:10 [super]   #242   0xe14fe02cf9891053aae243318351ba651c7dd959  prob=0.0348 (raw=0.0200)  vol=$1  trades=1  first_trade=2026-05-31 00:17  winrate=0.188  n_markets_traded=32.000  herfindahl_index_markets=0.279
10:24:10 [super]   #243   0x6c9b0f3944a3358975066e0c73d6bbb8e87df261  prob=0.0348 (raw=0.0199)  vol=$34  trades=1  first_trade=2026-05-25 20:45  winrate=0.429  n_markets_traded=21.000  herfindahl_index_markets=0.106
10:24:10 [super]   #244   0x04911921fdc893fd6c0dd29af84a535b52a79a11  prob=0.0348 (raw=0.0199)  vol=$15  trades=1  first_trade=2026-05-28 11:32  winrate=0.667  n_markets_traded=3.000  herfindahl_index_markets=0.446
10:24:10 [super]   #245   0x59b1f4c46f4fbd1d16fb0c9cfcbb6d721cd007ed  prob=0.0348 (raw=0.0198)  vol=$1  trades=1  first_trade=2026-05-26 11:10  winrate=0.563  n_markets_traded=71.000  herfindahl_index_markets=0.034
10:24:10 [super]   #246   0xcb59ea1babf3b26ea50088057e427ab0ed8f0a22  prob=0.0348 (raw=0.0198)  vol=$209  trades=2  first_trade=2026-05-25 02:17  winrate=0.658  n_markets_traded=101.000  herfindahl_index_markets=0.045
10:24:10 [super]   #247   0xe6331a87e63418e5f98c3effe473d228d25e6ac6  prob=0.0348 (raw=0.0198)  vol=$9  trades=2  first_trade=2026-05-25 19:28  winrate=0.387  n_markets_traded=31.000  herfindahl_index_markets=0.053
10:24:10 [super]   #248   0x6eb50d7b2858bb6992ef0826310832e3d7b08588  prob=0.0348 (raw=0.0198)  vol=$1,563  trades=1  first_trade=2026-05-27 03:10  winrate=0.625  n_markets_traded=16.000  herfindahl_index_markets=0.126
10:24:10 [super]   #249   0x8f087ebb20a5015b0278ca33785cab4c09551c2d  prob=0.0348 (raw=0.0197)  vol=$28  trades=1  first_trade=2026-05-25 10:24  winrate=0.294  n_markets_traded=17.000  herfindahl_index_markets=0.082
10:24:10 [super]   #250   0xfa5b22113ad938f8dff69991a2e1b44c22f19c4a  prob=0.0348 (raw=0.0197)  vol=$18  trades=1  first_trade=2026-05-25 09:54  winrate=0.167  n_markets_traded=18.000  herfindahl_index_markets=0.073
10:24:10 [super]   #251   0xe67475d579bf3a60a2826a14613d59b89d1215af  prob=0.0348 (raw=0.0197)  vol=$32  trades=1  first_trade=2026-05-25 09:54  winrate=0.294  n_markets_traded=17.000  herfindahl_index_markets=0.121
10:24:10 [super]   #252   0x94cc0666c42aa15cbf078aa1663b8c76aade36d1  prob=0.0348 (raw=0.0196)  vol=$1  trades=1  first_trade=2026-05-25 08:46  winrate=0.313  n_markets_traded=275.000  herfindahl_index_markets=0.092
10:24:10 [super]   #253   0xa6b7ebd5ce137c3b5d56f896a52eba71702bd5f3  prob=0.0348 (raw=0.0195)  vol=$46  trades=2  first_trade=2026-05-27 22:34  winrate=0.391  n_markets_traded=21.000  herfindahl_index_markets=0.352
10:24:10 [super]   #254   0x33e27ac64a453337cfcea8345c705a407c573a1b  prob=0.0348 (raw=0.0194)  vol=$379  trades=7  first_trade=2026-05-27 22:27  winrate=0.167  n_markets_traded=6.000  herfindahl_index_markets=0.318
10:24:10 [super]   #255   0x5135688045ca947e91f5a89ead59b5b91f2ba110  prob=0.0348 (raw=0.0194)  vol=$1  trades=1  first_trade=2026-05-28 08:14  winrate=0.487  n_markets_traded=39.000  herfindahl_index_markets=0.617
10:24:10 [super]   #256   0xbacd00c9080a82ded56f504ee8810af732b0ab35  prob=0.0347 (raw=0.0193)  vol=$6,426  trades=3  first_trade=2026-05-26 16:30  winrate=NaN  n_markets_traded=0.000  herfindahl_index_markets=0.000
10:24:10 [super]   #257   0x137a757ba61b4671cd0bfb2301d7cfcd0f2e6b3f  prob=0.0347 (raw=0.0191)  vol=$71  trades=1  first_trade=2026-05-25 20:29  winrate=0.696  n_markets_traded=56.000  herfindahl_index_markets=0.060
10:24:10 [super]   #258   0x09a5d3b75f908d780f2070ac270eabd6cf83caaa  prob=0.0347 (raw=0.0189)  vol=$4,047  trades=2  first_trade=2026-05-26 02:11  winrate=0.702  n_markets_traded=141.000  herfindahl_index_markets=0.022
10:24:10 [super]   #259   0xaff980bc201ea6fd940a95b098d4f3b7eb0c68b8  prob=0.0347 (raw=0.0188)  vol=$21  trades=1  first_trade=2026-05-25 07:10  winrate=0.316  n_markets_traded=19.000  herfindahl_index_markets=0.082
10:24:10 [super]   #260   0x79cdc78f13f5b3302e5acbb9f9e6941fc929b7b9  prob=0.0347 (raw=0.0188)  vol=$17  trades=1  first_trade=2026-05-25 07:11  winrate=0.278  n_markets_traded=18.000  herfindahl_index_markets=0.094
10:24:10 [super]   #261   0x0abd4b566232953a21dccccc5b0591e8c54b1ae9  prob=0.0347 (raw=0.0188)  vol=$26  trades=1  first_trade=2026-05-25 07:13  winrate=0.357  n_markets_traded=14.000  herfindahl_index_markets=0.101
10:24:10 [super]   #262   0x7958bb6f3627f21906c6769f2d602e43dbe4dc8b  prob=0.0346 (raw=0.0187)  vol=$13  trades=1  first_trade=2026-05-25 12:46  winrate=0.592  n_markets_traded=394.000  herfindahl_index_markets=0.003
10:24:10 [super]   #263   0xa6a46be8b627a33bfe4f5dd1967097d9131a3d77  prob=0.0346 (raw=0.0187)  vol=$2  trades=1  first_trade=2026-05-26 21:27  winrate=0.154  n_markets_traded=13.000  herfindahl_index_markets=0.608
10:24:10 [super]   #264   0x386cc4344f27de9eb038715221cec66e62d18323  prob=0.0346 (raw=0.0186)  vol=$5  trades=1  first_trade=2026-05-27 22:20  winrate=0.462  n_markets_traded=26.000  herfindahl_index_markets=0.321
10:24:10 [super]   #265   0xfde5f6e288a2a94fd65df1e87c348114a800b267  prob=0.0346 (raw=0.0185)  vol=$0  trades=1  first_trade=2026-05-26 16:21  winrate=0.482  n_markets_traded=83.000  herfindahl_index_markets=0.015
10:24:10 [super]   #266   0xc24307db60e64be7a809f4f461ffd27a4f0b5e94  prob=0.0346 (raw=0.0185)  vol=$2  trades=1  first_trade=2026-05-26 17:06  winrate=NaN  n_markets_traded=0.000  herfindahl_index_markets=0.000
10:24:10 [super]   #267   0x2b23a42b923d05271db94a3501429e90af78a57c  prob=0.0346 (raw=0.0185)  vol=$30  trades=1  first_trade=2026-05-25 07:13  winrate=0.353  n_markets_traded=17.000  herfindahl_index_markets=0.095
10:24:10 [super]   #268   0xcc30151f7bc42efc2c447f179c82bc976179096a  prob=0.0346 (raw=0.0185)  vol=$5  trades=1  first_trade=2026-05-27 05:40  winrate=0.667  n_markets_traded=93.000  herfindahl_index_markets=0.074
10:24:10 [super]   #269   0xb04f1446c583c8ec5d121f716f1b017f68a82f22  prob=0.0346 (raw=0.0185)  vol=$5  trades=1  first_trade=2026-05-25 18:53  winrate=0.781  n_markets_traded=1045.000  herfindahl_index_markets=0.002
10:24:10 [super]   #270   0x454e2af63c3fa61bd1f00f5bc13f2e9b6ec599a9  prob=0.0346 (raw=0.0185)  vol=$36  trades=1  first_trade=2026-05-31 01:18  winrate=0.400  n_markets_traded=5.000  herfindahl_index_markets=0.426
10:24:10 [super]   #271   0xe9ad20476d57068a2ddd5efc0c168b544c3fc021  prob=0.0346 (raw=0.0185)  vol=$0  trades=1  first_trade=2026-05-26 18:52  winrate=0.521  n_markets_traded=546.000  herfindahl_index_markets=0.005
10:24:10 [super]   #272   0x6c1cda5055bd5e6d6268eef3b223e86f57da5650  prob=0.0346 (raw=0.0184)  vol=$5  trades=1  first_trade=2026-05-26 18:16  winrate=NaN  n_markets_traded=0.000  herfindahl_index_markets=0.000
10:24:10 [super]   #273   0x5cd5c8d7a17c78d7389d8b87b611aed83322ac33  prob=0.0346 (raw=0.0184)  vol=$605  trades=4  first_trade=2026-05-25 00:04  winrate=NaN  n_markets_traded=0.000  herfindahl_index_markets=0.000
10:24:10 [super]   #274   0x7c3941fb6c074f3796af11d49a00aa92947df4f2  prob=0.0346 (raw=0.0184)  vol=$18  trades=1  first_trade=2026-05-25 07:44  winrate=0.594  n_markets_traded=271.000  herfindahl_index_markets=0.007
10:24:10 [super]   #275   0x7ac769a2608b84c0fbd84b8993d38784772b524a  prob=0.0346 (raw=0.0184)  vol=$32  trades=2  first_trade=2026-05-26 03:31  winrate=0.145  n_markets_traded=55.000  herfindahl_index_markets=0.082
10:24:10 [super]   #276   0x91784d82fbe4543459ee85fc9809be185d70a2b2  prob=0.0346 (raw=0.0181)  vol=$38  trades=1  first_trade=2026-05-25 21:20  winrate=0.416  n_markets_traded=112.000  herfindahl_index_markets=0.025
10:24:10 [super]   #277   0x2d99e29c4f066ba32098c65e4c7454b277d94ca3  prob=0.0346 (raw=0.0181)  vol=$14,652  trades=2  first_trade=2026-05-27 20:39  winrate=0.900  n_markets_traded=69.000  herfindahl_index_markets=0.097
10:24:10 [super]   #278   0x4ffe49ba2a4cae123536a8af4fda48faeb609f71  prob=0.0346 (raw=0.0181)  vol=$5  trades=1  first_trade=2026-05-26 12:12  winrate=NaN  n_markets_traded=0.000  herfindahl_index_markets=0.000
10:24:10 [super]   #279   0x69e6251067ab42e5db357b9d231cebc59a8bc76c  prob=0.0346 (raw=0.0181)  vol=$0  trades=1  first_trade=2026-05-25 13:49  winrate=0.224  n_markets_traded=116.000  herfindahl_index_markets=0.014
10:24:10 [super]   #280   0xdfdbfad05bf69f17fe4fcbab8993f5f3e491703d  prob=0.0346 (raw=0.0181)  vol=$4  trades=1  first_trade=2026-05-25 21:14  winrate=0.211  n_markets_traded=678.000  herfindahl_index_markets=0.010
10:24:10 [super]   #281   0xda1d3ed0db6f1c6b4465b95503ec68046b0226a7  prob=0.0345 (raw=0.0177)  vol=$13  trades=1  first_trade=2026-05-25 12:22  winrate=0.442  n_markets_traded=52.000  herfindahl_index_markets=0.028
10:24:10 [super]   #282   0xb7902d0695d75581a7a12dfb6f8fdc422905107b  prob=0.0345 (raw=0.0177)  vol=$28  trades=2  first_trade=2026-05-25 19:58  winrate=0.053  n_markets_traded=19.000  herfindahl_index_markets=0.122
10:24:10 [super]   #283   0x34ab676b682e8132484a1c041f2c67706f063eb5  prob=0.0345 (raw=0.0176)  vol=$366  trades=1  first_trade=2026-05-25 21:09  winrate=NaN  n_markets_traded=0.000  herfindahl_index_markets=0.000
10:24:10 [super]   #284   0x38f50488b14a87769e0c5cd6c514b6c2e8ec6824  prob=0.0345 (raw=0.0174)  vol=$10  trades=2  first_trade=2026-05-25 20:36  winrate=NaN  n_markets_traded=0.000  herfindahl_index_markets=0.000
10:24:10 [super]   #285   0x6b44cdccdc280e6d0be71782f0772a6bf4b2be1e  prob=0.0345 (raw=0.0174)  vol=$1,654  trades=10  first_trade=2026-05-25 17:46  winrate=0.343  n_markets_traded=301.000  herfindahl_index_markets=0.018
10:24:10 [super]   #286   0x5e1fcdf23bf60583de27e777d56c172ea3b27828  prob=0.0345 (raw=0.0174)  vol=$89  trades=3  first_trade=2026-05-25 21:45  winrate=0.303  n_markets_traded=89.000  herfindahl_index_markets=0.048
10:24:10 [super]   #287   0xcc53a64f9a8244e4eaef9b16584d202f1bf678c3  prob=0.0345 (raw=0.0174)  vol=$1  trades=1  first_trade=2026-05-26 08:56  winrate=0.216  n_markets_traded=51.000  herfindahl_index_markets=0.035
10:24:10 [super]   #288   0xec75e9b737bbf53b9db691fadff0189b756684b1  prob=0.0345 (raw=0.0173)  vol=$13  trades=2  first_trade=2026-05-27 18:00  winrate=0.194  n_markets_traded=15.000  herfindahl_index_markets=0.114
10:24:10 [super]   #289   0x4169cec37c508cfec50a6fac37bec5d7ab6e6420  prob=0.0344 (raw=0.0172)  vol=$250  trades=3  first_trade=2026-05-25 22:46  winrate=0.341  n_markets_traded=41.000  herfindahl_index_markets=0.690
10:24:10 [super]   #290   0x4235ed2bbd7e82b8aa0e6b699d9e7da7cd66b58e  prob=0.0344 (raw=0.0172)  vol=$206  trades=2  first_trade=2026-05-26 05:56  winrate=0.583  n_markets_traded=24.000  herfindahl_index_markets=0.183
10:24:10 [super]   #291   0x506f3851ab75685ea3622bf4dd9d28cacadfe8bb  prob=0.0344 (raw=0.0172)  vol=$11  trades=2  first_trade=2026-05-25 17:07  winrate=0.161  n_markets_traded=31.000  herfindahl_index_markets=0.070
10:24:10 [super]   #292   0x31e69eba592ddb5b7b6f40064ca429f1d3f50f21  prob=0.0344 (raw=0.0172)  vol=$8  trades=1  first_trade=2026-05-26 12:04  winrate=0.262  n_markets_traded=246.000  herfindahl_index_markets=0.016
10:24:10 [super]   #293   0xd063422a28763b6ce0b2640f27867ed1e3555ccd  prob=0.0344 (raw=0.0171)  vol=$862  trades=4  first_trade=2026-05-24 22:09  winrate=0.568  n_markets_traded=125.000  herfindahl_index_markets=0.021
10:24:10 [super]   #294   0x4a2be7a7e6e3b41dc2de00706b4c09660ca9af20  prob=0.0344 (raw=0.0170)  vol=$172  trades=1  first_trade=2026-05-25 20:30  winrate=NaN  n_markets_traded=0.000  herfindahl_index_markets=0.000
10:24:10 [super]   #295   0x7b0f8510a409ba99322f83e6ccef0eede71a179a  prob=0.0344 (raw=0.0170)  vol=$200  trades=1  first_trade=2026-05-25 22:45  winrate=0.627  n_markets_traded=152.000  herfindahl_index_markets=0.036
10:24:10 [super]   #296   0xc16a85e6b6c22931b597cb2d7377d34795a325f8  prob=0.0344 (raw=0.0169)  vol=$1  trades=1  first_trade=2026-05-25 18:34  winrate=0.505  n_markets_traded=311.000  herfindahl_index_markets=0.010
10:24:10 [super]   #297   0x5297f1e1d0f0584537af763652a0a5f874037b99  prob=0.0344 (raw=0.0168)  vol=$186  trades=13  first_trade=2026-05-25 05:12  winrate=NaN  n_markets_traded=0.000  herfindahl_index_markets=0.000
10:24:10 [super]   #298   0x977c2681b22379a78e2b01c3de32a70338144160  prob=0.0344 (raw=0.0168)  vol=$5  trades=1  first_trade=2026-05-26 11:00  winrate=NaN  n_markets_traded=0.000  herfindahl_index_markets=0.000
10:24:10 [super]   #299   0x9cdda449d7cedf1072d74982a5dc2349df3d3e97  prob=0.0344 (raw=0.0168)  vol=$13  trades=1  first_trade=2026-05-26 17:26  winrate=NaN  n_markets_traded=0.000  herfindahl_index_markets=0.000
10:24:10 [super]   #300   0xb986084a183a218b59e97b2ddf1d3e2da9e04b60  prob=0.0344 (raw=0.0167)  vol=$32  trades=1  first_trade=2026-05-25 15:32  winrate=0.447  n_markets_traded=226.000  herfindahl_index_markets=0.033
10:24:10 [super]   #301   0x4bafd01e0cd8be98679384d8b513d15f94240f82  prob=0.0344 (raw=0.0167)  vol=$21  trades=1  first_trade=2026-05-27 05:19  winrate=0.629  n_markets_traded=62.000  herfindahl_index_markets=0.128
10:24:10 [super]   #302   0xecdad75a0a6fc9deca88748f4bc66eb4f7022a7a  prob=0.0344 (raw=0.0167)  vol=$15  trades=1  first_trade=2026-05-27 10:24  winrate=0.444  n_markets_traded=9.000  herfindahl_index_markets=0.172
10:24:10 [super]   #303   0x7a446aead99eb44ceabdf561f50cacc526c3e02d  prob=0.0344 (raw=0.0166)  vol=$19  trades=2  first_trade=2026-05-25 18:22  winrate=0.448  n_markets_traded=29.000  herfindahl_index_markets=0.058
10:24:10 [super]   #304   0xddb2f3499158df3d74cf873f784e73a6d11d745a  prob=0.0343 (raw=0.0166)  vol=$1  trades=1  first_trade=2026-05-28 00:14  winrate=0.259  n_markets_traded=54.000  herfindahl_index_markets=0.382
10:24:10 [super]   #305   0x7166fded5b92f5258c5320a80da7335a94c7b123  prob=0.0343 (raw=0.0166)  vol=$3  trades=1  first_trade=2026-05-29 05:17  winrate=0.579  n_markets_traded=19.000  herfindahl_index_markets=0.076
10:24:10 [super]   #306   0xaa7f87ab9165347be7a0f107f3cfe03257ebae4b  prob=0.0343 (raw=0.0165)  vol=$5  trades=1  first_trade=2026-05-26 22:11  winrate=0.913  n_markets_traded=549.000  herfindahl_index_markets=0.002
10:24:10 [super]   #307   0xd4ab611c8e2a1d39f70566550d093fbd2e528253  prob=0.0343 (raw=0.0165)  vol=$959  trades=1  first_trade=2026-05-26 19:37  winrate=0.967  n_markets_traded=30.000  herfindahl_index_markets=0.095
10:24:10 [super]   #308   0x9e8077593bf0a6fd63f988dcf589f7558897f694  prob=0.0343 (raw=0.0164)  vol=$45,454  trades=3  first_trade=2026-05-30 18:03  winrate=0.512  n_markets_traded=38.000  herfindahl_index_markets=0.227
10:24:10 [super]   #309   0xdfdd12efa8d173c3946d00d1e6ce7b40255a295b  prob=0.0343 (raw=0.0164)  vol=$18  trades=1  first_trade=2026-05-25 07:10  winrate=0.300  n_markets_traded=20.000  herfindahl_index_markets=0.077
10:24:10 [super]   #310   0x8c6db2189c6697246c11b1f202ececc559e8f921  prob=0.0343 (raw=0.0163)  vol=$18  trades=1  first_trade=2026-05-29 10:39  winrate=0.433  n_markets_traded=67.000  herfindahl_index_markets=0.282
10:24:10 [super]   #311   0x701f8668eb8f5c098d627fe917ff0351d64784fa  prob=0.0343 (raw=0.0162)  vol=$1  trades=2  first_trade=2026-05-27 17:01  winrate=0.520  n_markets_traded=25.000  herfindahl_index_markets=0.078
10:24:10 [super]   #312   0xf284ad6d607f777f34bc643cea587c33a886b9f9  prob=0.0343 (raw=0.0162)  vol=$46,619  trades=5  first_trade=2026-05-24 22:32  winrate=NaN  n_markets_traded=0.000  herfindahl_index_markets=0.000
10:24:10 [super]   #313   0x1fa1be3eab546e06e4290839bf4c1d7abfbf1fa9  prob=0.0343 (raw=0.0162)  vol=$96  trades=7  first_trade=2026-05-26 17:59  winrate=0.349  n_markets_traded=125.000  herfindahl_index_markets=0.194
10:24:10 [super]   #314   0xafe59f64753221474770684b7586b539a4807ff5  prob=0.0343 (raw=0.0162)  vol=$17  trades=1  first_trade=2026-05-27 03:33  winrate=0.676  n_markets_traded=74.000  herfindahl_index_markets=0.131
10:24:10 [super]   #315   0x285cca3d5fd4d87c19bd073e9dbd98b019ec3ac1  prob=0.0343 (raw=0.0161)  vol=$7  trades=1  first_trade=2026-05-25 17:39  winrate=0.906  n_markets_traded=330.000  herfindahl_index_markets=0.020
10:24:10 [super]   #316   0x4948f834f1954f03e793a2dbb7d9ba1a28370804  prob=0.0343 (raw=0.0160)  vol=$2  trades=2  first_trade=2026-05-27 17:02  winrate=0.345  n_markets_traded=29.000  herfindahl_index_markets=0.056
10:24:10 [super]   #317   0x4e239f8a8306c75868460a57bf394483e23fd084  prob=0.0343 (raw=0.0159)  vol=$5  trades=1  first_trade=2026-05-25 22:20  winrate=0.105  n_markets_traded=19.000  herfindahl_index_markets=0.131
10:24:10 [super]   #318   0xfbb7892cf860c1e269bb4e2ad85392352aebea8c  prob=0.0343 (raw=0.0159)  vol=$1,486  trades=5  first_trade=2026-05-26 15:58  winrate=0.544  n_markets_traded=90.000  herfindahl_index_markets=0.089
10:24:10 [super]   #319   0xbc4506cbd363da09c976704fd223e155dccde7a2  prob=0.0342 (raw=0.0159)  vol=$25  trades=1  first_trade=2026-05-25 20:06  winrate=0.536  n_markets_traded=28.000  herfindahl_index_markets=0.065
10:24:10 [super]   #320   0xe4893d5422c1f3c2a46df9989399239c59bcf816  prob=0.0342 (raw=0.0159)  vol=$14  trades=1  first_trade=2026-05-26 23:57  winrate=0.963  n_markets_traded=671.000  herfindahl_index_markets=0.002
10:24:10 [super]   #321   0x6bfe72a61d0b967d3c621716a6ed1c38deccbfb7  prob=0.0342 (raw=0.0157)  vol=$38  trades=1  first_trade=2026-05-25 21:27  winrate=0.272  n_markets_traded=1142.000  herfindahl_index_markets=0.004
10:24:10 [super]   #322   0xf961e6585aa865c8fefa439b656f8c7db6d834dd  prob=0.0342 (raw=0.0157)  vol=$50  trades=5  first_trade=2026-05-26 13:13  winrate=NaN  n_markets_traded=0.000  herfindahl_index_markets=0.000
10:24:10 [super]   #323   0xc0f2655b52811fbc68bab51f003841bf1ad19a8a  prob=0.0342 (raw=0.0157)  vol=$5  trades=1  first_trade=2026-05-26 04:45  winrate=0.071  n_markets_traded=28.000  herfindahl_index_markets=0.382
10:24:10 [super]   #324   0xa8b9c26f3519a397b5ae73c47509dc926e6af3ce  prob=0.0342 (raw=0.0156)  vol=$2  trades=2  first_trade=2026-05-26 19:45  winrate=0.214  n_markets_traded=14.000  herfindahl_index_markets=0.259
10:24:10 [super]   #325   0x5a449cc0b0830555908ae15f9b8574d7d1a25616  prob=0.0342 (raw=0.0155)  vol=$19  trades=2  first_trade=2026-05-26 01:26  winrate=0.799  n_markets_traded=573.000  herfindahl_index_markets=0.007
10:24:10 [super]   #326   0xd9e100a2043691f670219e5ca5dafb516c803fc9  prob=0.0342 (raw=0.0154)  vol=$18  trades=2  first_trade=2026-05-26 12:12  winrate=0.240  n_markets_traded=555.000  herfindahl_index_markets=0.006
10:24:10 [super]   #327   0xf0f56bd611878de830938fab50515e103dd5ad92  prob=0.0342 (raw=0.0154)  vol=$6  trades=1  first_trade=2026-05-27 05:30  winrate=0.615  n_markets_traded=26.000  herfindahl_index_markets=0.104
10:24:10 [super]   #328   0xd320fabcbfa2e64ce314f65d9d99230fd76ba1df  prob=0.0342 (raw=0.0152)  vol=$10  trades=1  first_trade=2026-05-26 12:53  winrate=0.250  n_markets_traded=4.000  herfindahl_index_markets=0.313
10:24:10 [super]   #329   0xa7bfe5736257a3a42a6e229552a62882fe19e441  prob=0.0342 (raw=0.0152)  vol=$2,737  trades=2  first_trade=2026-05-26 02:09  winrate=0.710  n_markets_traded=69.000  herfindahl_index_markets=0.089
10:24:10 [super]   #330   0xce0ceeb1d84a95e60a4a28ea19ed3efb58092945  prob=0.0341 (raw=0.0151)  vol=$786  trades=6  first_trade=2026-05-25 23:33  winrate=0.329  n_markets_traded=76.000  herfindahl_index_markets=0.031
10:24:10 [super]   #331   0x5d0c226121cc9be4496e1d52d1350ec7d49bfbd7  prob=0.0341 (raw=0.0150)  vol=$597  trades=10  first_trade=2026-05-27 23:17  winrate=0.375  n_markets_traded=16.000  herfindahl_index_markets=0.202
10:24:10 [super]   #332   0x1c865202529e466ed310ab3730c43689d3bfc427  prob=0.0341 (raw=0.0150)  vol=$95  trades=1  first_trade=2026-05-27 22:30  winrate=0.759  n_markets_traded=241.000  herfindahl_index_markets=0.009
10:24:10 [super]   #333   0xa0a46112f6004903fc0692206b7ad489d482621a  prob=0.0341 (raw=0.0150)  vol=$1,033  trades=4  first_trade=2026-05-25 13:08  winrate=0.671  n_markets_traded=494.000  herfindahl_index_markets=0.005
10:24:10 [super]   #334   0xe5bd6db81668c0e5f0209b371b7a2b5459a6f03e  prob=0.0341 (raw=0.0150)  vol=$47  trades=4  first_trade=2026-05-25 21:20  winrate=0.412  n_markets_traded=256.000  herfindahl_index_markets=0.054
10:24:10 [super]   #335   0x2b92fe7781a6dc3d5192407ace53a0af343b6910  prob=0.0341 (raw=0.0150)  vol=$353  trades=1  first_trade=2026-05-28 04:38  winrate=0.571  n_markets_traded=28.000  herfindahl_index_markets=0.101
10:24:10 [super]   #336   0xc682d7943aad07c246986a7aa2989cfcb17817bb  prob=0.0341 (raw=0.0149)  vol=$30  trades=2  first_trade=2026-05-25 03:17  winrate=0.190  n_markets_traded=21.000  herfindahl_index_markets=0.290
10:24:10 [super]   #337   0xc7b641e08233739befef5e91869d318eba3802f7  prob=0.0341 (raw=0.0148)  vol=$10  trades=2  first_trade=2026-05-25 23:56  winrate=0.222  n_markets_traded=9.000  herfindahl_index_markets=0.280
10:24:10 [super]   #338   0xe72b5161380c12a3da4ea6d53be7b9e85e693c9c  prob=0.0341 (raw=0.0147)  vol=$289  trades=4  first_trade=2026-05-25 23:42  winrate=0.292  n_markets_traded=298.000  herfindahl_index_markets=0.023
10:24:10 [super]   #339   0xfe0554c27a206539c74e72b973151edbebf8cbb2  prob=0.0341 (raw=0.0146)  vol=$103  trades=3  first_trade=2026-05-25 21:32  winrate=0.000  n_markets_traded=13.000  herfindahl_index_markets=0.214
10:24:10 [super]   #340   0x9b22f05eab284c3379ef2576019739e32a273a92  prob=0.0341 (raw=0.0146)  vol=$3  trades=2  first_trade=2026-05-25 21:00  winrate=0.402  n_markets_traded=144.000  herfindahl_index_markets=0.040
10:24:10 [super]   #341   0x9daec81fdbd25395ad3384552f8cbd8dc3350907  prob=0.0341 (raw=0.0146)  vol=$50  trades=1  first_trade=2026-05-27 06:37  winrate=0.526  n_markets_traded=18.000  herfindahl_index_markets=0.097
10:24:10 [super]   #342   0x8cbba332670502c34e73e52ffd745cb734f89402  prob=0.0340 (raw=0.0143)  vol=$2  trades=2  first_trade=2026-05-27 17:01  winrate=0.419  n_markets_traded=31.000  herfindahl_index_markets=0.066
10:24:10 [super]   #343   0x163dbd3f292e5998197d32dda3840bfd999edb86  prob=0.0340 (raw=0.0143)  vol=$8  trades=1  first_trade=2026-05-27 17:44  winrate=0.764  n_markets_traded=109.000  herfindahl_index_markets=0.088
10:24:10 [super]   #344   0x63f1557aa24e04afe36b2f36a3e4c2eeb8526272  prob=0.0340 (raw=0.0142)  vol=$98  trades=2  first_trade=2026-05-25 21:31  winrate=0.520  n_markets_traded=155.000  herfindahl_index_markets=0.021
10:24:10 [super]   #345   0x4ed916fbfb4ce0e739b2eeaa11fe5dc25877c3f1  prob=0.0340 (raw=0.0142)  vol=$17  trades=1  first_trade=2026-05-25 16:25  winrate=0.630  n_markets_traded=27.000  herfindahl_index_markets=0.062
10:24:10 [super]   #346   0xd80636b9da42283c97526f9d272f46d1607b9756  prob=0.0340 (raw=0.0142)  vol=$87  trades=1  first_trade=2026-05-27 02:50  winrate=0.929  n_markets_traded=28.000  herfindahl_index_markets=0.047
10:24:10 [super]   #347   0x50677ce405977e5c3eee8f53c391f1ad5382ba4f  prob=0.0340 (raw=0.0142)  vol=$53  trades=4  first_trade=2026-05-25 20:25  winrate=0.201  n_markets_traded=516.000  herfindahl_index_markets=0.075
10:24:10 [super]   #348   0xab4d4872b410fc473ec09b46aef5580fc7b39f9a  prob=0.0340 (raw=0.0141)  vol=$67  trades=1  first_trade=2026-05-27 03:08  winrate=0.913  n_markets_traded=21.000  herfindahl_index_markets=0.063
10:24:10 [super]   #349   0xb1bca5440f4d75218b4cf947eff5604a46e04786  prob=0.0340 (raw=0.0141)  vol=$151  trades=1  first_trade=2026-05-27 03:02  winrate=0.950  n_markets_traded=19.000  herfindahl_index_markets=0.067
10:24:10 [super]   #350   0x8132d3fb35d6e9cfcaa5ed16dea767c3a98c6818  prob=0.0340 (raw=0.0141)  vol=$18  trades=1  first_trade=2026-05-26 23:57  winrate=0.975  n_markets_traded=465.000  herfindahl_index_markets=0.002
10:24:10 [super]   #351   0x3d12daee93b5b1b0e01560e38adad98e36bbea9f  prob=0.0340 (raw=0.0141)  vol=$38  trades=1  first_trade=2026-05-27 02:55  winrate=0.966  n_markets_traded=29.000  herfindahl_index_markets=0.060
10:24:10 [super]   #352   0x10b4e71e0f03b120e40d85b6c3d223f4d93ce409  prob=0.0340 (raw=0.0141)  vol=$148  trades=1  first_trade=2026-05-27 02:51  winrate=0.958  n_markets_traded=24.000  herfindahl_index_markets=0.065
10:24:10 [super]   #353   0xc151c1c8a7675049381bee8745fd45940e68164c  prob=0.0340 (raw=0.0140)  vol=$13  trades=4  first_trade=2026-05-25 02:36  winrate=0.239  n_markets_traded=117.000  herfindahl_index_markets=0.215
10:24:10 [super]   #354   0x3bf6b20deef617b2635a0685f94aaded03718b50  prob=0.0340 (raw=0.0140)  vol=$46  trades=1  first_trade=2026-05-27 02:52  winrate=0.923  n_markets_traded=26.000  herfindahl_index_markets=0.051
10:24:10 [super]   #355   0x05f61f9281e79adb26cd8e783e01f5b98f475e71  prob=0.0340 (raw=0.0140)  vol=$74  trades=1  first_trade=2026-05-25 07:09  winrate=0.600  n_markets_traded=30.000  herfindahl_index_markets=0.187
10:24:10 [super]   #356   0x498be2b2751b65b69894c690048d5481f4bb3b02  prob=0.0340 (raw=0.0140)  vol=$27  trades=1  first_trade=2026-05-25 20:06  winrate=0.576  n_markets_traded=33.000  herfindahl_index_markets=0.058
10:24:10 [super]   #357   0x13f40c3950d9a9542a69801b226e33e2e68d725b  prob=0.0340 (raw=0.0140)  vol=$10  trades=1  first_trade=2026-05-26 11:04  winrate=0.600  n_markets_traded=10.000  herfindahl_index_markets=0.228
10:24:10 [super]   #358   0x9e457598a8f53df3dd66e7ae82a2cb257bb10767  prob=0.0340 (raw=0.0138)  vol=$20  trades=1  first_trade=2026-05-25 16:26  winrate=0.542  n_markets_traded=24.000  herfindahl_index_markets=0.064
10:24:10 [super]   #359   0x6992d56559dd30b5b5d0f5ca3d5427f9e94e6c1d  prob=0.0340 (raw=0.0138)  vol=$26  trades=2  first_trade=2026-05-25 20:40  winrate=0.509  n_markets_traded=111.000  herfindahl_index_markets=0.029
10:24:10 [super]   #360   0x9c0954be22c0e58331517efa3d0952e9b73ebc73  prob=0.0340 (raw=0.0138)  vol=$8  trades=1  first_trade=2026-05-27 09:42  winrate=0.670  n_markets_traded=102.000  herfindahl_index_markets=0.048
10:24:10 [super]   #361   0xe8a2057abd53d285f7bea590b8f1dff1f04454c2  prob=0.0340 (raw=0.0138)  vol=$42  trades=2  first_trade=2026-05-27 22:54  winrate=0.556  n_markets_traded=277.000  herfindahl_index_markets=0.018
10:24:10 [super]   #362   0x39f1419b03353ee37fc9e6cf297d208ff9c0ebd1  prob=0.0339 (raw=0.0138)  vol=$48  trades=5  first_trade=2026-05-25 06:21  winrate=0.401  n_markets_traded=192.000  herfindahl_index_markets=0.025
10:24:10 [super]   #363   0x4c9a40fd543c1026b494f10b3855e57dec97fe88  prob=0.0339 (raw=0.0137)  vol=$27  trades=1  first_trade=2026-05-25 20:06  winrate=0.500  n_markets_traded=24.000  herfindahl_index_markets=0.141
10:24:10 [super]   #364   0x58820cfc9b65f8b3b87bf8a79d8c6d79b1ba55a2  prob=0.0339 (raw=0.0137)  vol=$330  trades=1  first_trade=2026-05-25 23:49  winrate=0.241  n_markets_traded=29.000  herfindahl_index_markets=0.357
10:24:10 [super]   #365   0x3b80c66a6ef3ea1ac20814d9e5aa940e5337047b  prob=0.0339 (raw=0.0136)  vol=$1,242  trades=8  first_trade=2026-05-27 21:55  winrate=0.866  n_markets_traded=305.000  herfindahl_index_markets=0.009
10:24:10 [super]   #366   0x16c4ccaae396a571962364a5b78a2e467b47e3d3  prob=0.0339 (raw=0.0136)  vol=$32  trades=1  first_trade=2026-05-25 16:26  winrate=0.522  n_markets_traded=23.000  herfindahl_index_markets=0.075
10:24:10 [super]   #367   0x56926df37bfdc1145dc25aacce2925f0b7f7ffbd  prob=0.0339 (raw=0.0136)  vol=$16  trades=1  first_trade=2026-05-25 16:24  winrate=0.517  n_markets_traded=29.000  herfindahl_index_markets=0.051
10:24:10 [super]   #368   0x2ee8c42240512e6666a81282116dd8358e6d67d5  prob=0.0339 (raw=0.0134)  vol=$8  trades=1  first_trade=2026-05-27 08:46  winrate=0.967  n_markets_traded=30.000  herfindahl_index_markets=0.054
10:24:10 [super]   #369   0x275968642cf9d73f13f876220f0ba4883aed62a9  prob=0.0339 (raw=0.0134)  vol=$7  trades=1  first_trade=2026-05-26 04:17  winrate=0.333  n_markets_traded=6.000  herfindahl_index_markets=0.238
10:24:10 [super]   #370   0xaa7575ba25247c8eb4c23dfeb39b0237fb59a864  prob=0.0339 (raw=0.0134)  vol=$378  trades=1  first_trade=2026-05-27 04:19  winrate=0.765  n_markets_traded=322.000  herfindahl_index_markets=0.013
10:24:10 [super]   #371   0x5e2ff2f8e313d2fa09882018d4cc53ccffddf9ba  prob=0.0339 (raw=0.0134)  vol=$14  trades=1  first_trade=2026-05-25 19:27  winrate=NaN  n_markets_traded=0.000  herfindahl_index_markets=0.000
10:24:10 [super]   #372   0xce3fe81233d6273b436e82ef768420e7635dfbea  prob=0.0339 (raw=0.0134)  vol=$17  trades=1  first_trade=2026-05-27 13:00  winrate=0.623  n_markets_traded=69.000  herfindahl_index_markets=0.133
10:24:10 [super]   #373   0xca23111ccc44df5c9196627c875a72746a92f403  prob=0.0339 (raw=0.0134)  vol=$17  trades=3  first_trade=2026-05-25 00:15  winrate=0.188  n_markets_traded=16.000  herfindahl_index_markets=0.198
10:24:10 [super]   #374   0xade3686ec532a061e2a8ad2d0cb45ec26e623b44  prob=0.0339 (raw=0.0134)  vol=$19  trades=4  first_trade=2026-05-25 20:50  winrate=0.168  n_markets_traded=368.000  herfindahl_index_markets=0.015
10:24:10 [super]   #375   0x484f330a6a2f129d431509585dfe57514db45ad2  prob=0.0339 (raw=0.0134)  vol=$5  trades=1  first_trade=2026-05-25 14:40  winrate=0.188  n_markets_traded=16.000  herfindahl_index_markets=0.143
10:24:10 [super]   #376   0x77fa7e303f7a8017016a8388ef7eba40a4a31a63  prob=0.0339 (raw=0.0133)  vol=$1  trades=2  first_trade=2026-05-28 03:04  winrate=0.464  n_markets_traded=28.000  herfindahl_index_markets=0.253
10:24:10 [super]   #377   0x417b75f912bb43f7da0fd43a83a5cf486e5218d3  prob=0.0339 (raw=0.0133)  vol=$32  trades=2  first_trade=2026-05-26 02:01  winrate=0.433  n_markets_traded=278.000  herfindahl_index_markets=0.023
10:24:10 [super]   #378   0xfba638c083dcd88a6711a1ffba4352c5431a1fca  prob=0.0339 (raw=0.0133)  vol=$8,983  trades=3  first_trade=2026-05-27 17:04  winrate=0.636  n_markets_traded=106.000  herfindahl_index_markets=0.035
10:24:10 [super]   #379   0x9238743eeba8bbfe9e85ac7ba2e1e3d77877b73e  prob=0.0339 (raw=0.0133)  vol=$18  trades=2  first_trade=2026-05-25 21:00  winrate=NaN  n_markets_traded=0.000  herfindahl_index_markets=0.000
10:24:10 [super]   #380   0x3dcd0af7e19035e0d71fd9ad9ff46b9d1f99ada0  prob=0.0339 (raw=0.0133)  vol=$11  trades=1  first_trade=2026-05-27 07:27  winrate=0.500  n_markets_traded=12.000  herfindahl_index_markets=0.197
10:24:10 [super]   #381   0x795fc43512d4a54b441da10dc615bfb7ef7b7545  prob=0.0339 (raw=0.0133)  vol=$1  trades=1  first_trade=2026-05-27 01:19  winrate=0.569  n_markets_traded=51.000  herfindahl_index_markets=0.154
10:24:10 [super]   #382   0xcabd3d52addd08bfc21f08fa94fec79b1c7a300c  prob=0.0339 (raw=0.0133)  vol=$25  trades=1  first_trade=2026-05-26 21:01  winrate=0.735  n_markets_traded=34.000  herfindahl_index_markets=0.060
10:24:10 [super]   #383   0x3d1cf3dd8be78a06cad8803afa905e08479392b2  prob=0.0339 (raw=0.0133)  vol=$25  trades=1  first_trade=2026-05-26 22:00  winrate=0.483  n_markets_traded=437.000  herfindahl_index_markets=0.033
10:24:10 [super]   #384   0xd00b282dde0fcd09ded60264af3131e564206189  prob=0.0339 (raw=0.0133)  vol=$10  trades=2  first_trade=2026-05-28 08:50  winrate=0.250  n_markets_traded=3.000  herfindahl_index_markets=0.373
10:24:10 [super]   #385   0xd5196bdf50199e195c58a6aff2114cc0e455932c  prob=0.0339 (raw=0.0132)  vol=$3  trades=1  first_trade=2026-05-29 07:59  winrate=0.227  n_markets_traded=22.000  herfindahl_index_markets=0.275
10:24:10 [super]   #386   0x4497d23f7a3198ba53fd6f55f22d5b5d100d957b  prob=0.0339 (raw=0.0132)  vol=$24  trades=1  first_trade=2026-05-25 08:29  winrate=0.500  n_markets_traded=18.000  herfindahl_index_markets=0.071
10:24:10 [super]   #387   0x7720ed01bd973d60dd75759f0f9cd2402cb52492  prob=0.0339 (raw=0.0132)  vol=$16  trades=1  first_trade=2026-05-27 07:47  winrate=0.628  n_markets_traded=86.000  herfindahl_index_markets=0.085
10:24:10 [super]   #388   0xf22eae319d8327d5450e0f503504d260c1010c2c  prob=0.0339 (raw=0.0132)  vol=$114  trades=1  first_trade=2026-05-30 02:19  winrate=0.650  n_markets_traded=20.000  herfindahl_index_markets=0.121
10:24:10 [super]   #389   0xfa323e40632edca701abc6c8cf1f82175909bd9a  prob=0.0339 (raw=0.0131)  vol=$4,820  trades=1  first_trade=2026-05-27 02:48  winrate=0.449  n_markets_traded=123.000  herfindahl_index_markets=0.045
10:24:10 [super]   #390   0xfd8f5bba5b09d286b6d1db35cda8249bdd356f11  prob=0.0339 (raw=0.0131)  vol=$687  trades=3  first_trade=2026-05-27 13:10  winrate=0.381  n_markets_traded=21.000  herfindahl_index_markets=0.190
10:24:10 [super]   #391   0x5bc746f2001d423afb9b0b474f65908245607b51  prob=0.0339 (raw=0.0131)  vol=$17  trades=1  first_trade=2026-05-25 20:06  winrate=0.478  n_markets_traded=23.000  herfindahl_index_markets=0.059
10:24:10 [super]   #392   0xf5d85fe65c5f0bc815cec5aa01521961b930dce4  prob=0.0338 (raw=0.0130)  vol=$1  trades=1  first_trade=2026-05-27 03:27  winrate=0.857  n_markets_traded=77.000  herfindahl_index_markets=0.034
10:24:10 [super]   #393   0xe14db09c7b73ecc76cd448b9e644c250620fbc1d  prob=0.0338 (raw=0.0130)  vol=$8  trades=1  first_trade=2026-05-25 16:25  winrate=0.440  n_markets_traded=25.000  herfindahl_index_markets=0.123
10:24:10 [super]   #394   0x97e7fc88caac0e3626bc2ab108da5ba0ecdd7ffd  prob=0.0338 (raw=0.0130)  vol=$24  trades=1  first_trade=2026-05-25 16:25  winrate=0.393  n_markets_traded=28.000  herfindahl_index_markets=0.081
10:24:10 [super]   #395   0xd14120945f18e63003b659b3180bddc3699b77d8  prob=0.0338 (raw=0.0129)  vol=$1  trades=1  first_trade=2026-05-27 07:06  winrate=0.842  n_markets_traded=57.000  herfindahl_index_markets=0.036
10:24:10 [super]   #396   0x1e1f17412069c0736adfaadf8ee7f46e5612c855  prob=0.0338 (raw=0.0129)  vol=$125  trades=1  first_trade=2026-05-27 22:58  winrate=0.360  n_markets_traded=108.000  herfindahl_index_markets=0.062
10:24:10 [super]   #397   0x49ccc2fdb6d9eeda09ac027779687847f745858f  prob=0.0338 (raw=0.0129)  vol=$8  trades=3  first_trade=2026-05-25 01:53  winrate=0.288  n_markets_traded=73.000  herfindahl_index_markets=0.227
10:24:10 [super]   #398   0xa7f45fb924d3e2d068d015dfd5205b97d154144d  prob=0.0338 (raw=0.0129)  vol=$69  trades=1  first_trade=2026-05-26 19:37  winrate=0.413  n_markets_traded=92.000  herfindahl_index_markets=0.075
10:24:10 [super]   #399   0x0b527b404454d6d362d5cc3e4585ec27661ad701  prob=0.0338 (raw=0.0128)  vol=$10  trades=1  first_trade=2026-05-27 05:37  winrate=0.143  n_markets_traded=14.000  herfindahl_index_markets=0.212
10:24:10 [super]   #400   0x8c66e28fbe7ede7f57ba6cbc70408dff442944f3  prob=0.0338 (raw=0.0128)  vol=$882  trades=1  first_trade=2026-05-29 14:03  winrate=0.550  n_markets_traded=20.000  herfindahl_index_markets=0.130
10:24:10 [super]   #401   0x720338f4f0166be8abdf9ccce4b0778923d92401  prob=0.0338 (raw=0.0128)  vol=$1  trades=1  first_trade=2026-05-26 21:49  winrate=0.530  n_markets_traded=198.000  herfindahl_index_markets=0.027
10:24:10 [super]   #402   0x527bac501538d9211e28ba6ccc83df53212e8b6f  prob=0.0338 (raw=0.0127)  vol=$38  trades=1  first_trade=2026-05-25 11:05  winrate=0.800  n_markets_traded=30.000  herfindahl_index_markets=0.160
10:24:10 [super]   #403   0x20d919b88e1cede2093f6a9cfc94734c2ad95490  prob=0.0338 (raw=0.0126)  vol=$3,579  trades=3  first_trade=2026-05-25 09:25  winrate=0.594  n_markets_traded=155.000  herfindahl_index_markets=0.033
10:24:10 [super]   #404   0xcb174f67b1b2e70398f380a77c8296644bb22955  prob=0.0338 (raw=0.0125)  vol=$1  trades=1  first_trade=2026-05-27 02:09  winrate=0.545  n_markets_traded=183.000  herfindahl_index_markets=0.022
10:24:10 [super]   #405   0x6d686f4592bf8cd9b4d714208def9ab4b396549c  prob=0.0338 (raw=0.0125)  vol=$10  trades=1  first_trade=2026-05-26 19:01  winrate=0.300  n_markets_traded=10.000  herfindahl_index_markets=0.173
10:24:10 [super]   #406   0x5505d8af9a0755d63378fdaf8c63094d862796c4  prob=0.0338 (raw=0.0124)  vol=$2  trades=1  first_trade=2026-05-28 13:02  winrate=0.677  n_markets_traded=62.000  herfindahl_index_markets=0.214
10:24:10 [super]   #407   0x1e846bd9344c339a8f9c7bc2830e09e822665432  prob=0.0338 (raw=0.0124)  vol=$159  trades=2  first_trade=2026-05-25 23:34  winrate=0.250  n_markets_traded=20.000  herfindahl_index_markets=0.316
10:24:10 [super]   #408   0x1987d11b54e0714a107875c233aa2901cacde630  prob=0.0338 (raw=0.0124)  vol=$42  trades=3  first_trade=2026-05-25 23:14  winrate=0.300  n_markets_traded=40.000  herfindahl_index_markets=0.321
10:24:10 [super]   #409   0xb9d08ebcc26d30d6ce101fa5b46b6d4f4c2c7aef  prob=0.0338 (raw=0.0123)  vol=$4  trades=1  first_trade=2026-05-24 23:11  winrate=0.500  n_markets_traded=8.000  herfindahl_index_markets=0.178
10:24:10 [super]   #410   0x763338d6702d9a1027a64500a3f30023bd17f097  prob=0.0337 (raw=0.0123)  vol=$5  trades=1  first_trade=2026-05-25 21:41  winrate=0.167  n_markets_traded=12.000  herfindahl_index_markets=0.110
10:24:10 [super]   #411   0x5158956d5cf12e237626cf029e71c4794ff050eb  prob=0.0337 (raw=0.0123)  vol=$115  trades=6  first_trade=2026-05-25 14:43  winrate=0.296  n_markets_traded=27.000  herfindahl_index_markets=0.055
10:24:10 [super]   #412   0xf91d1fa10cc42f737d2ad20cd000bcf6ae64f939  prob=0.0337 (raw=0.0123)  vol=$1  trades=1  first_trade=2026-05-27 10:46  winrate=0.867  n_markets_traded=60.000  herfindahl_index_markets=0.034
10:24:10 [super]   #413   0xe9d8fbb944192d7f1c10a20327b47967456f1146  prob=0.0337 (raw=0.0122)  vol=$24  trades=3  first_trade=2026-05-25 20:43  winrate=0.000  n_markets_traded=2.000  herfindahl_index_markets=0.500
10:24:10 [super]   #414   0x1932464bd6ba2f8bd15657d8964efa2f210daab5  prob=0.0337 (raw=0.0122)  vol=$21  trades=2  first_trade=2026-05-25 18:04  winrate=0.172  n_markets_traded=87.000  herfindahl_index_markets=0.564
10:24:10 [super]   #415   0x1643f42db2cf509cefe6067dc966eaecfa541b0c  prob=0.0337 (raw=0.0122)  vol=$0  trades=1  first_trade=2026-05-27 10:51  winrate=0.621  n_markets_traded=198.000  herfindahl_index_markets=0.019
10:24:10 [super]   #416   0xea559832dfcd6620f642cb5152a375c5c8d7bf68  prob=0.0337 (raw=0.0122)  vol=$4  trades=1  first_trade=2026-05-25 01:03  winrate=0.500  n_markets_traded=8.000  herfindahl_index_markets=0.171
10:24:10 [super]   #417   0x0c89f56aedffd39efb8e4f4fd200c1593d3da7fa  prob=0.0337 (raw=0.0121)  vol=$17  trades=1  first_trade=2026-05-27 10:15  winrate=0.630  n_markets_traded=54.000  herfindahl_index_markets=0.124
10:24:10 [super]   #418   0x24ad46a849af7319f111aaecdea20b4344e29834  prob=0.0337 (raw=0.0121)  vol=$1  trades=1  first_trade=2026-05-27 03:39  winrate=0.884  n_markets_traded=69.000  herfindahl_index_markets=0.034
10:24:10 [super]   #419   0xfe126b4e31fcebae22a94345883398e0371020ec  prob=0.0337 (raw=0.0121)  vol=$5  trades=1  first_trade=2026-05-28 05:10  winrate=0.423  n_markets_traded=26.000  herfindahl_index_markets=0.262
10:24:10 [super]   #420   0x1ea77a5e8191db9f2c0a18f2692feccd0c47bcd9  prob=0.0337 (raw=0.0120)  vol=$984  trades=1  first_trade=2026-05-27 12:05  winrate=0.537  n_markets_traded=134.000  herfindahl_index_markets=0.021
10:24:10 [super]   #421   0xe472ce6be1fb4673d6155de37e414ead8bace7eb  prob=0.0337 (raw=0.0120)  vol=$2,884  trades=10  first_trade=2026-05-25 21:30  winrate=0.605  n_markets_traded=36.000  herfindahl_index_markets=0.086
10:24:10 [super]   #422   0x9842dc1ac57c5e3537d8a0993dc000339629132b  prob=0.0337 (raw=0.0120)  vol=$49  trades=2  first_trade=2026-05-28 11:48  winrate=0.125  n_markets_traded=16.000  herfindahl_index_markets=0.193
10:24:10 [super]   #423   0x46cdcec28b3bbbe199f69623aefa6ba047a7e930  prob=0.0337 (raw=0.0119)  vol=$1  trades=1  first_trade=2026-05-27 08:49  winrate=0.887  n_markets_traded=62.000  herfindahl_index_markets=0.034
10:24:10 [super]   #424   0x1cab60eca4dc7b0941411dc1a072e3c49eef2d42  prob=0.0337 (raw=0.0119)  vol=$10  trades=2  first_trade=2026-05-26 04:17  winrate=0.000  n_markets_traded=22.000  herfindahl_index_markets=0.069
10:24:10 [super]   #425   0xbc5de2fa3638806b2940cb1fd864e483006aa982  prob=0.0337 (raw=0.0119)  vol=$25  trades=1  first_trade=2026-05-27 17:02  winrate=0.469  n_markets_traded=32.000  herfindahl_index_markets=0.053
10:24:10 [super]   #426   0xb74a2d5ff13ab6cea4830e8c18887cc86910dce7  prob=0.0337 (raw=0.0118)  vol=$28  trades=1  first_trade=2026-05-25 16:26  winrate=0.344  n_markets_traded=32.000  herfindahl_index_markets=0.046
10:24:10 [super]   #427   0x88b7a0cd90ffb80d9658bab0f99887c0f113849c  prob=0.0337 (raw=0.0118)  vol=$10  trades=1  first_trade=2026-05-27 02:52  winrate=0.710  n_markets_traded=329.000  herfindahl_index_markets=0.007
10:24:10 [super]   #428   0x8cb79f77466555da1487f700c7ed1220c6f6ec00  prob=0.0337 (raw=0.0118)  vol=$14  trades=1  first_trade=2026-05-27 17:01  winrate=0.391  n_markets_traded=23.000  herfindahl_index_markets=0.064
10:24:10 [super]   #429   0x33440844f91a41b12a8de22f5764b96fb282cabc  prob=0.0337 (raw=0.0118)  vol=$68  trades=3  first_trade=2026-05-25 23:07  winrate=0.545  n_markets_traded=11.000  herfindahl_index_markets=0.161
10:24:10 [super]   #430   0x72a22d4d155079da8f50c89d4c6c03b6428e7b65  prob=0.0337 (raw=0.0117)  vol=$4,285  trades=3  first_trade=2026-05-27 20:49  winrate=0.419  n_markets_traded=30.000  herfindahl_index_markets=0.159
10:24:10 [super]   #431   0x0e62804c6840cd281477c2656dcfbcb771a0f6ff  prob=0.0337 (raw=0.0117)  vol=$513  trades=3  first_trade=2026-05-26 01:39  winrate=0.500  n_markets_traded=170.000  herfindahl_index_markets=0.010
10:24:10 [super]   #432   0x6074557e6760ac09fe8395629e6b02d96277c273  prob=0.0337 (raw=0.0117)  vol=$1  trades=1  first_trade=2026-05-27 06:44  winrate=0.821  n_markets_traded=78.000  herfindahl_index_markets=0.034
10:24:10 [super]   #433   0x718fb8dcbe5f80643f9bda7e5f355bc90f72549a  prob=0.0337 (raw=0.0117)  vol=$3  trades=1  first_trade=2026-05-25 05:12  winrate=0.500  n_markets_traded=8.000  herfindahl_index_markets=0.170
10:24:10 [super]   #434   0xb16228eb2a3cc4704d85286acc5acd3ed298b240  prob=0.0337 (raw=0.0117)  vol=$25  trades=3  first_trade=2026-05-26 18:18  winrate=NaN  n_markets_traded=0.000  herfindahl_index_markets=0.000
10:24:10 [super]   #435   0x2b3e047d7831870c348296e0ab7c40a9f365028b  prob=0.0337 (raw=0.0117)  vol=$62  trades=1  first_trade=2026-05-29 06:44  winrate=0.742  n_markets_traded=31.000  herfindahl_index_markets=0.215
10:24:10 [super]   #436   0xfbe8fd43e24f01007fb21ac1017b659ba939fac5  prob=0.0337 (raw=0.0117)  vol=$99  trades=1  first_trade=2026-05-27 21:59  winrate=0.830  n_markets_traded=46.000  herfindahl_index_markets=0.039
10:24:10 [super]   #437   0xecef29d3d91b251c9e24dcd84ac242cb1702b593  prob=0.0337 (raw=0.0116)  vol=$306  trades=1  first_trade=2026-05-28 12:14  winrate=0.628  n_markets_traded=110.000  herfindahl_index_markets=0.031
10:24:10 [super]   #438   0xecb14ac6e9ca447ce2f2912e6217b43d7b655da3  prob=0.0337 (raw=0.0116)  vol=$539  trades=2  first_trade=2026-05-27 22:33  winrate=0.457  n_markets_traded=80.000  herfindahl_index_markets=0.048
10:24:10 [super]   #439   0xc43374565479ed6f60ec9d299ec52361f8652937  prob=0.0336 (raw=0.0116)  vol=$20  trades=1  first_trade=2026-05-27 01:02  winrate=0.549  n_markets_traded=271.000  herfindahl_index_markets=0.018
10:24:10 [super]   #440   0x963b97460d77d05f049c21745dedd317430eff0d  prob=0.0336 (raw=0.0116)  vol=$5  trades=1  first_trade=2026-05-26 20:18  winrate=0.158  n_markets_traded=57.000  herfindahl_index_markets=0.162
10:24:10 [super]   #441   0xcedab2007bc74d516627865be22aa249ac57a4c6  prob=0.0336 (raw=0.0116)  vol=$25  trades=2  first_trade=2026-05-25 05:52  winrate=0.407  n_markets_traded=54.000  herfindahl_index_markets=0.140
10:24:10 [super]   #442   0xc6628e0ca87e439bba57294dc8fd7a503a7bb919  prob=0.0336 (raw=0.0115)  vol=$25  trades=1  first_trade=2026-05-26 16:39  winrate=0.602  n_markets_traded=106.000  herfindahl_index_markets=0.033
10:24:10 [super]   #443   0xfd2b05928e63a513efda1e60d6d925b271e29ff9  prob=0.0336 (raw=0.0115)  vol=$490  trades=1  first_trade=2026-05-27 15:21  winrate=0.575  n_markets_traded=210.000  herfindahl_index_markets=0.019
10:24:10 [super]   #444   0x3c4c03892f47d3166ee049a48a73d4743a17dd95  prob=0.0336 (raw=0.0115)  vol=$2,661  trades=3  first_trade=2026-05-25 05:29  winrate=0.755  n_markets_traded=145.000  herfindahl_index_markets=0.071
10:24:10 [super]   #445   0x3f4bab51c0894611045d5faa7cc9605b3b45f574  prob=0.0336 (raw=0.0114)  vol=$5  trades=1  first_trade=2026-05-27 04:35  winrate=0.596  n_markets_traded=268.000  herfindahl_index_markets=0.079
10:24:10 [super]   #446   0xd8a406a748ac57fa32b44ba91d994b14eb938d52  prob=0.0336 (raw=0.0114)  vol=$5  trades=1  first_trade=2026-05-26 20:26  winrate=0.393  n_markets_traded=290.000  herfindahl_index_markets=0.010
10:24:10 [super]   #447   0x3e222638e3109a8b3a3704c4e5af55d7bab0924d  prob=0.0336 (raw=0.0114)  vol=$14  trades=1  first_trade=2026-05-27 00:26  winrate=0.830  n_markets_traded=159.000  herfindahl_index_markets=0.012
10:24:10 [super]   #448   0x36f874a94cf7e24fef215308975d87ee422b8f35  prob=0.0336 (raw=0.0114)  vol=$5  trades=1  first_trade=2026-05-27 07:58  winrate=0.430  n_markets_traded=79.000  herfindahl_index_markets=0.068
10:24:10 [super]   #449   0x692ccfd5b0b5dd9f688d7fd12c8921c0c839aade  prob=0.0336 (raw=0.0113)  vol=$2  trades=1  first_trade=2026-05-27 22:30  winrate=0.522  n_markets_traded=629.000  herfindahl_index_markets=0.003
10:24:10 [super]   #450   0xd02f7e88a516cca4246587b588dff9bb7fba8059  prob=0.0336 (raw=0.0113)  vol=$24  trades=1  first_trade=2026-05-27 23:53  winrate=0.500  n_markets_traded=32.000  herfindahl_index_markets=0.056
10:24:10 [super]   #451   0x42c2f35838d0a56451a0dd2253d47758ef942bc3  prob=0.0336 (raw=0.0113)  vol=$32  trades=1  first_trade=2026-05-27 23:53  winrate=0.542  n_markets_traded=24.000  herfindahl_index_markets=0.082
10:24:10 [super]   #452   0xcec40b4c1302bd13d6440d411ab3aa788b6ce574  prob=0.0336 (raw=0.0113)  vol=$16  trades=2  first_trade=2026-05-25 16:24  winrate=0.375  n_markets_traded=24.000  herfindahl_index_markets=0.066
10:24:10 [super]   #453   0x7819d4e7b5e482926bc5cbcbec324773fc866c19  prob=0.0336 (raw=0.0113)  vol=$204  trades=2  first_trade=2026-05-25 06:49  winrate=0.479  n_markets_traded=47.000  herfindahl_index_markets=0.070
10:24:10 [super]   #454   0x21c0eea8a60f1e185a4c1393cc9d4df5e9f438d9  prob=0.0336 (raw=0.0113)  vol=$276  trades=4  first_trade=2026-05-25 13:29  winrate=0.000  n_markets_traded=10.000  herfindahl_index_markets=0.148
10:24:10 [super]   #455   0x3fe379db9d8473dd4be87626cfe7eaea5c48d5ff  prob=0.0336 (raw=0.0112)  vol=$75  trades=1  first_trade=2026-05-27 13:59  winrate=0.754  n_markets_traded=245.000  herfindahl_index_markets=0.029
10:24:10 [super]   #456   0xdceaad4abd80bda2544b20d3bb9589c72a50cad3  prob=0.0336 (raw=0.0112)  vol=$2  trades=2  first_trade=2026-05-28 08:15  winrate=0.231  n_markets_traded=13.000  herfindahl_index_markets=0.211
10:24:10 [super]   #457   0xe0feb89574f4c95b6cf3e5a8959d56c11199f21c  prob=0.0336 (raw=0.0112)  vol=$58  trades=2  first_trade=2026-05-27 21:54  winrate=0.526  n_markets_traded=38.000  herfindahl_index_markets=0.049
10:24:10 [super]   #458   0xa9f33badda17778553f3546b07520d34be244ab8  prob=0.0336 (raw=0.0112)  vol=$24  trades=1  first_trade=2026-05-27 17:01  winrate=0.500  n_markets_traded=30.000  herfindahl_index_markets=0.050
10:24:10 [super]   #459   0x35a2e6cdab2eb30dcc8bce730cc75fbaa374e0cd  prob=0.0336 (raw=0.0112)  vol=$16  trades=1  first_trade=2026-05-27 17:01  winrate=0.567  n_markets_traded=30.000  herfindahl_index_markets=0.045
10:24:10 [super]   #460   0x9fb7f6d7cbd8b2a6473012c13a3cd88f2c5e3347  prob=0.0336 (raw=0.0112)  vol=$21  trades=1  first_trade=2026-05-27 17:03  winrate=0.533  n_markets_traded=30.000  herfindahl_index_markets=0.045
10:24:10 [super]   #461   0x1264bf675af19c3cc1218b108a00e6da12e031e5  prob=0.0336 (raw=0.0112)  vol=$294  trades=1  first_trade=2026-05-26 20:45  winrate=0.597  n_markets_traded=395.000  herfindahl_index_markets=0.013
10:24:10 [super]   #462   0x110c36902f05e1446cd25b07755ca9756a7f4adb  prob=0.0336 (raw=0.0112)  vol=$0  trades=1  first_trade=2026-05-25 07:23  winrate=0.327  n_markets_traded=110.000  herfindahl_index_markets=0.225
10:24:10 [super]   #463   0x3beeab2f2ccf204471309e13b08a3fd96ef49ae1  prob=0.0336 (raw=0.0112)  vol=$1  trades=1  first_trade=2026-05-27 07:25  winrate=0.730  n_markets_traded=74.000  herfindahl_index_markets=0.032
10:24:10 [super]   #464   0x6a4cc02b6c7b43bb504fa15655f7e371a44e8a80  prob=0.0336 (raw=0.0112)  vol=$1  trades=1  first_trade=2026-05-27 08:25  winrate=0.729  n_markets_traded=70.000  herfindahl_index_markets=0.037
10:24:10 [super]   #465   0xdac37b1e06a0eee176e614a89ed9ac892d90adda  prob=0.0336 (raw=0.0112)  vol=$17  trades=1  first_trade=2026-05-25 08:29  winrate=0.286  n_markets_traded=14.000  herfindahl_index_markets=0.141
10:24:10 [super]   #466   0xb48969615d444dbc238bd11bc378d2203c7e3ba2  prob=0.0336 (raw=0.0112)  vol=$120  trades=5  first_trade=2026-05-28 05:32  winrate=0.600  n_markets_traded=5.000  herfindahl_index_markets=0.222
10:24:10 [super]   #467   0x3aba15253fc5dac5afdacac7f5db43be8008f6b7  prob=0.0336 (raw=0.0111)  vol=$1  trades=1  first_trade=2026-05-25 16:24  winrate=0.560  n_markets_traded=25.000  herfindahl_index_markets=0.069
10:24:10 [super]   #468   0x055693d7dcbe91e31b00e3b1fd3852cb94e44fd8  prob=0.0336 (raw=0.0111)  vol=$1  trades=1  first_trade=2026-05-27 04:14  winrate=0.509  n_markets_traded=613.000  herfindahl_index_markets=0.005
10:24:10 [super]   #469   0x31cccf88bc1305d72a95580fcfdaa242d270211c  prob=0.0336 (raw=0.0111)  vol=$25  trades=1  first_trade=2026-05-25 01:19  winrate=0.603  n_markets_traded=68.000  herfindahl_index_markets=0.134
10:24:10 [super]   #470   0xac4591515d18702ed9a18f0883b38dbf0ded9fd3  prob=0.0336 (raw=0.0111)  vol=$1  trades=1  first_trade=2026-05-27 22:03  winrate=0.532  n_markets_traded=108.000  herfindahl_index_markets=0.036
10:24:10 [super]   #471   0x357984138140b60deeb0f16941f605ff706e6292  prob=0.0336 (raw=0.0111)  vol=$197  trades=1  first_trade=2026-05-27 20:25  winrate=0.674  n_markets_traded=43.000  herfindahl_index_markets=0.048
10:24:10 [super]   #472   0x984d50cc547f3d1a98d6136482adc3c249a05735  prob=0.0336 (raw=0.0110)  vol=$1  trades=1  first_trade=2026-05-27 09:40  winrate=0.764  n_markets_traded=71.000  herfindahl_index_markets=0.034
10:24:10 [super]   #473   0xbe53f59bc7854f669bb3581a026a2de8455d2dba  prob=0.0336 (raw=0.0110)  vol=$10  trades=1  first_trade=2026-05-26 21:15  winrate=NaN  n_markets_traded=0.000  herfindahl_index_markets=0.000
10:24:10 [super]   #474   0x7bdbec33ef1ae65eeca6b2d60f53dbb092eb9080  prob=0.0336 (raw=0.0109)  vol=$472  trades=5  first_trade=2026-05-25 21:19  winrate=0.071  n_markets_traded=28.000  herfindahl_index_markets=0.080
10:24:10 [super]   #475   0x1b0bc31a5f67a9add80ae8fc879ba1bcba717ff2  prob=0.0336 (raw=0.0109)  vol=$1  trades=1  first_trade=2026-05-27 11:06  winrate=0.813  n_markets_traded=75.000  herfindahl_index_markets=0.033
10:24:10 [super]   #476   0xff34c84dd30c930689ccb574334a415e3b6fe2c0  prob=0.0335 (raw=0.0109)  vol=$653  trades=3  first_trade=2026-05-27 22:31  winrate=0.761  n_markets_traded=639.000  herfindahl_index_markets=0.012
10:24:10 [super]   #477   0xa7f0c900c3e9db1b6bfa9a7f7b7c091ee85af032  prob=0.0335 (raw=0.0109)  vol=$128  trades=1  first_trade=2026-05-27 12:51  winrate=0.667  n_markets_traded=21.000  herfindahl_index_markets=0.107
10:24:10 [super]   #478   0x521bf1c6a5435219b599127d85b7afe28758db60  prob=0.0335 (raw=0.0108)  vol=$296  trades=1  first_trade=2026-05-28 08:36  winrate=0.644  n_markets_traded=185.000  herfindahl_index_markets=0.048
10:24:10 [super]   #479   0x314e8896c8c82ea0d514c3d42851ae0e8fb1af4e  prob=0.0335 (raw=0.0108)  vol=$2  trades=2  first_trade=2026-05-28 07:57  winrate=0.968  n_markets_traded=563.000  herfindahl_index_markets=0.007
10:24:10 [super]   #480   0x34cb92ab8a2de9342be566760d5bd3b029ef0284  prob=0.0335 (raw=0.0108)  vol=$24  trades=1  first_trade=2026-05-27 22:38  winrate=0.500  n_markets_traded=24.000  herfindahl_index_markets=0.057
10:24:10 [super]   #481   0x31b2fb490b2050db62ebb6fd16239491b2401f93  prob=0.0335 (raw=0.0107)  vol=$12  trades=17  first_trade=2026-05-26 03:23  winrate=0.536  n_markets_traded=270.000  herfindahl_index_markets=0.010
10:24:10 [super]   #482   0xccb982d8cb61f7f3293277c1ca9f6cb1fcdce114  prob=0.0335 (raw=0.0107)  vol=$12  trades=1  first_trade=2026-05-27 23:53  winrate=0.433  n_markets_traded=30.000  herfindahl_index_markets=0.060
10:24:10 [super]   #483   0x9bf6423ffc16e2463a77a3bcc4c498bea48650e2  prob=0.0335 (raw=0.0107)  vol=$7  trades=1  first_trade=2026-05-27 00:28  winrate=0.375  n_markets_traded=16.000  herfindahl_index_markets=0.111
10:24:10 [super]   #484   0x79c4a7b84a8a500d40910c07b49c1a3f2ce8449d  prob=0.0335 (raw=0.0107)  vol=$1  trades=1  first_trade=2026-05-27 09:15  winrate=0.789  n_markets_traded=76.000  herfindahl_index_markets=0.034
10:24:10 [super]   #485   0xe7387473b067235436884d16799777cf279edf65  prob=0.0335 (raw=0.0107)  vol=$58  trades=1  first_trade=2026-05-27 01:44  winrate=NaN  n_markets_traded=0.000  herfindahl_index_markets=0.000
10:24:10 [super]   #486   0xa0f4897fb9890754f48e8650c76b306c6de2bea9  prob=0.0335 (raw=0.0107)  vol=$1  trades=2  first_trade=2026-05-27 10:59  winrate=0.409  n_markets_traded=22.000  herfindahl_index_markets=0.064
10:24:10 [super]   #487   0xe71d94b0c62faafdc88e744c96ad82c1646b7359  prob=0.0335 (raw=0.0107)  vol=$10  trades=2  first_trade=2026-05-27 04:18  winrate=0.355  n_markets_traded=566.000  herfindahl_index_markets=0.015
10:24:10 [super]   #488   0xa95b023595407a5a531253bc4bd50b007405fe3a  prob=0.0335 (raw=0.0107)  vol=$2,236  trades=1  first_trade=2026-05-29 14:00  winrate=0.907  n_markets_traded=74.000  herfindahl_index_markets=0.041
10:24:10 [super]   #489   0xc71e9b6dacb3d8775af4a8915cc3f7f30f3869aa  prob=0.0335 (raw=0.0107)  vol=$2  trades=1  first_trade=2026-05-28 10:23  winrate=0.424  n_markets_traded=59.000  herfindahl_index_markets=0.138
10:24:10 [super]   #490   0x9d238c6947afc0ac4566551509338dc4f0961888  prob=0.0335 (raw=0.0107)  vol=$15  trades=2  first_trade=2026-05-26 00:44  winrate=0.558  n_markets_traded=43.000  herfindahl_index_markets=0.051
10:24:10 [super]   #491   0x441159377bfde3cff95a7ad1352018b889de06eb  prob=0.0335 (raw=0.0107)  vol=$26  trades=1  first_trade=2026-05-27 17:03  winrate=0.457  n_markets_traded=35.000  herfindahl_index_markets=0.065
10:24:10 [super]   #492   0x04f56c238e3d521c922df46e3e629a4b34a05dd8  prob=0.0335 (raw=0.0107)  vol=$2  trades=1  first_trade=2026-05-27 17:01  winrate=0.438  n_markets_traded=32.000  herfindahl_index_markets=0.056
10:24:10 [super]   #493   0xb941def1e81c4dd876419fd5d60ecaff45251d15  prob=0.0335 (raw=0.0107)  vol=$10  trades=1  first_trade=2026-05-27 17:03  winrate=0.429  n_markets_traded=28.000  herfindahl_index_markets=0.093
10:24:10 [super]   #494   0x76f8b876442e226001bf5901bfd25ef57ece9696  prob=0.0335 (raw=0.0107)  vol=$22  trades=1  first_trade=2026-05-27 17:03  winrate=0.429  n_markets_traded=28.000  herfindahl_index_markets=0.065
10:24:10 [super]   #495   0x600171ccba7c7f4d34df940bc067813f46c29ed1  prob=0.0335 (raw=0.0107)  vol=$31  trades=1  first_trade=2026-05-27 17:01  winrate=0.419  n_markets_traded=31.000  herfindahl_index_markets=0.057
10:24:10 [super]   #496   0x7f3945172dedca580d5f73e517e2c09b56a21a31  prob=0.0335 (raw=0.0107)  vol=$25  trades=1  first_trade=2026-05-27 17:03  winrate=0.406  n_markets_traded=32.000  herfindahl_index_markets=0.072
10:24:10 [super]   #497   0xea58b6928ae44db7c9f6ba55d43b3542808b520c  prob=0.0335 (raw=0.0107)  vol=$20  trades=1  first_trade=2026-05-26 23:03  winrate=NaN  n_markets_traded=0.000  herfindahl_index_markets=0.000
10:24:10 [super]   #498   0x90c486a0dc1f1deea7e3bfb56c879b4c55ba331c  prob=0.0335 (raw=0.0107)  vol=$12  trades=2  first_trade=2026-05-29 04:45  winrate=0.389  n_markets_traded=18.000  herfindahl_index_markets=0.172
10:24:10 [super]   #499   0xc6dafb39d99e278009268df7bbb026e5f1bf07a4  prob=0.0335 (raw=0.0106)  vol=$84  trades=2  first_trade=2026-05-25 21:49  winrate=0.150  n_markets_traded=20.000  herfindahl_index_markets=0.128
10:24:10 [super]   #500   0xc9d79dc463974a82bdfe02c3c8f3c7b6aca4b03a  prob=0.0335 (raw=0.0106)  vol=$4  trades=2  first_trade=2026-05-29 06:46  winrate=0.412  n_markets_traded=17.000  herfindahl_index_markets=0.176
10:24:10 [super]   #501   0x45ac09cb94a3df08c12d35a41285e05ee4a855c2  prob=0.0335 (raw=0.0106)  vol=$10  trades=1  first_trade=2026-05-26 14:24  winrate=0.821  n_markets_traded=28.000  herfindahl_index_markets=0.044
10:24:10 [super]   #502   0xe7c6cc118dc6bcc5357fda172064dffef1bc5529  prob=0.0335 (raw=0.0106)  vol=$40  trades=2  first_trade=2026-05-27 23:30  winrate=0.075  n_markets_traded=80.000  herfindahl_index_markets=0.039
10:24:10 [super]   #503   0x77365579e1b64544b7ec8de4c2a84319e2d4c991  prob=0.0335 (raw=0.0106)  vol=$20  trades=2  first_trade=2026-05-26 13:40  winrate=0.446  n_markets_traded=148.000  herfindahl_index_markets=0.018
10:24:10 [super]   #504   0x2f22d17a6e92b86d14f9eda38de209381d425f72  prob=0.0335 (raw=0.0105)  vol=$62  trades=2  first_trade=2026-05-26 18:13  winrate=0.903  n_markets_traded=423.000  herfindahl_index_markets=0.003
10:24:10 [super]   #505   0x1aab2b1ad326e9f5db9a6f2a4a6d4773c6cff6ca  prob=0.0335 (raw=0.0105)  vol=$4  trades=4  first_trade=2026-05-26 04:17  winrate=0.016  n_markets_traded=62.000  herfindahl_index_markets=0.032
10:24:10 [super]   #506   0x9ccaa8ecabf9df9399994f791aa34b2956f90996  prob=0.0335 (raw=0.0105)  vol=$28  trades=1  first_trade=2026-05-26 01:46  winrate=0.429  n_markets_traded=14.000  herfindahl_index_markets=0.176
10:24:10 [super]   #507   0x2285c477d4d58a29c83eebf574d1433234ba281a  prob=0.0335 (raw=0.0105)  vol=$2  trades=2  first_trade=2026-05-25 07:11  winrate=0.550  n_markets_traded=20.000  herfindahl_index_markets=0.073
10:24:10 [super]   #508   0x0c99811d4308ee1e60db0e39fc4500446b9c70b1  prob=0.0335 (raw=0.0104)  vol=$2  trades=1  first_trade=2026-05-25 08:30  winrate=0.282  n_markets_traded=180.000  herfindahl_index_markets=0.078
10:24:10 [super]   #509   0x6418c5ac5e70c42faa142a2e7506f202c563730c  prob=0.0335 (raw=0.0104)  vol=$100  trades=1  first_trade=2026-05-30 10:04  winrate=0.519  n_markets_traded=27.000  herfindahl_index_markets=0.124
10:24:10 [super]   #510   0xa64300c5cd1274dc299f6ec667001df3e09e6b77  prob=0.0335 (raw=0.0104)  vol=$239  trades=10  first_trade=2026-05-25 06:34  winrate=0.373  n_markets_traded=59.000  herfindahl_index_markets=0.219
10:24:10 [super]   #511   0x0bd0615e1b600723d3d9408130e4a9b870fd67b0  prob=0.0335 (raw=0.0104)  vol=$3  trades=1  first_trade=2026-05-28 12:30  winrate=0.574  n_markets_traded=100.000  herfindahl_index_markets=0.033
10:24:10 [super]   #512   0xb2dcc7021ceaa78c55f42a1ea4cd75cfb16bb433  prob=0.0335 (raw=0.0104)  vol=$112  trades=1  first_trade=2026-05-26 16:39  winrate=0.445  n_markets_traded=110.000  herfindahl_index_markets=0.061
10:24:10 [super]   #513   0xd640bffba986c2de1a512c0e25a3e37805cd480c  prob=0.0335 (raw=0.0104)  vol=$100  trades=7  first_trade=2026-05-25 14:46  winrate=0.511  n_markets_traded=391.000  herfindahl_index_markets=0.172
10:24:10 [super]   #514   0x0e8c3bf1aedda0e6b4ffa7770491a71c371e03ab  prob=0.0335 (raw=0.0104)  vol=$50  trades=1  first_trade=2026-05-27 12:31  winrate=0.786  n_markets_traded=344.000  herfindahl_index_markets=0.008
10:24:10 [super]   #515   0xd3c3f7d77411d476613e855acb9d8ca1dcf6fe9a  prob=0.0335 (raw=0.0104)  vol=$1  trades=1  first_trade=2026-05-26 22:37  winrate=0.674  n_markets_traded=470.000  herfindahl_index_markets=0.007
10:24:10 [super]   #516   0xaf0932c39a834bbf91c206785d4236afd42bdf84  prob=0.0335 (raw=0.0103)  vol=$1  trades=1  first_trade=2026-05-27 06:37  winrate=0.656  n_markets_traded=64.000  herfindahl_index_markets=0.037
10:24:10 [super]   #517   0xa20aa87bc8e6938739e57e80638cfeaa23abd92d  prob=0.0335 (raw=0.0103)  vol=$251  trades=3  first_trade=2026-05-25 13:34  winrate=0.516  n_markets_traded=272.000  herfindahl_index_markets=0.026
10:24:10 [super]   #518   0x87fb622f21efa52cf21226e7cfeabffd379e6675  prob=0.0335 (raw=0.0103)  vol=$83  trades=1  first_trade=2026-05-25 01:04  winrate=0.648  n_markets_traded=71.000  herfindahl_index_markets=0.125
10:24:10 [super]   #519   0x0142ad931eb1cbe36f761a215bc0c37425c7faf2  prob=0.0335 (raw=0.0103)  vol=$1  trades=1  first_trade=2026-05-27 06:56  winrate=0.658  n_markets_traded=73.000  herfindahl_index_markets=0.035
10:24:10 [super]   #520   0x709d4c607fa103fbc7cdf81f10b9a4878811cdfc  prob=0.0335 (raw=0.0103)  vol=$21  trades=1  first_trade=2026-05-27 10:59  winrate=0.571  n_markets_traded=21.000  herfindahl_index_markets=0.075
10:24:10 [super]   #521   0xef8ca49fb4d2e919745c962f6b28bde4f091843b  prob=0.0335 (raw=0.0103)  vol=$22  trades=1  first_trade=2026-05-27 10:59  winrate=0.500  n_markets_traded=20.000  herfindahl_index_markets=0.103
10:24:10 [super]   #522   0xbfccc586c262d94f42c5f4fa34465d20105312a6  prob=0.0335 (raw=0.0103)  vol=$620  trades=6  first_trade=2026-05-25 10:52  winrate=0.745  n_markets_traded=604.000  herfindahl_index_markets=0.007
10:24:10 [super]   #523   0xa8dc59656782581d3076679b36b8981223547d5f  prob=0.0335 (raw=0.0103)  vol=$1  trades=1  first_trade=2026-05-29 05:40  winrate=0.286  n_markets_traded=14.000  herfindahl_index_markets=0.209
10:24:10 [super]   #524   0xc84f7e76ec28ef20e7773b7b4926bfb7378be0c5  prob=0.0335 (raw=0.0103)  vol=$10,208  trades=5  first_trade=2026-05-27 22:37  winrate=NaN  n_markets_traded=0.000  herfindahl_index_markets=0.000
10:24:10 [super]   #525   0x60892d8b2f2defef590e31d71b2cfb4e88c57c1e  prob=0.0335 (raw=0.0103)  vol=$4  trades=1  first_trade=2026-05-25 01:58  winrate=0.328  n_markets_traded=58.000  herfindahl_index_markets=0.194
10:24:10 [super]   #526   0x22e4248bdb066f65c9f11cd66cdd3719a28eef1c  prob=0.0335 (raw=0.0102)  vol=$56  trades=1  first_trade=2026-05-28 20:36  winrate=0.464  n_markets_traded=28.000  herfindahl_index_markets=0.173
10:24:10 [super]   #527   0x11e1cc67c02ec2970d24ae472dbbda4866c59305  prob=0.0335 (raw=0.0102)  vol=$9  trades=12  first_trade=2026-05-25 23:44  winrate=0.549  n_markets_traded=55.000  herfindahl_index_markets=0.111
10:24:10 [super]   #528   0x94bde001e4a00152490c60bebe2aab120e8c6184  prob=0.0335 (raw=0.0102)  vol=$85  trades=1  first_trade=2026-05-26 00:22  winrate=0.495  n_markets_traded=110.000  herfindahl_index_markets=0.034
10:24:10 [super]   #529   0x37d1a233ddf1befa56cb1482d3c08c5a13d33859  prob=0.0335 (raw=0.0102)  vol=$29  trades=1  first_trade=2026-05-27 22:38  winrate=0.333  n_markets_traded=30.000  herfindahl_index_markets=0.054
10:24:10 [super]   #530   0x77a8ccff2c8088600754872b07ececcd538e1076  prob=0.0335 (raw=0.0102)  vol=$29  trades=1  first_trade=2026-05-27 22:38  winrate=0.333  n_markets_traded=27.000  herfindahl_index_markets=0.074
10:24:10 [super]   #531   0x810f6c51c0ed5723ef5babc274c805d697752168  prob=0.0335 (raw=0.0102)  vol=$9  trades=1  first_trade=2026-05-27 22:38  winrate=0.261  n_markets_traded=23.000  herfindahl_index_markets=0.070
10:24:10 [super]   #532   0xee7ee3f488e208e7be6d8c54496638e85936bd88  prob=0.0335 (raw=0.0102)  vol=$17  trades=1  first_trade=2026-05-27 01:28  winrate=0.539  n_markets_traded=88.000  herfindahl_index_markets=0.022
10:24:10 [super]   #533   0xb3d7736055eefc5948890303e6410f755b6f7504  prob=0.0334 (raw=0.0102)  vol=$104  trades=2  first_trade=2026-05-26 12:41  winrate=0.747  n_markets_traded=563.000  herfindahl_index_markets=0.006
10:24:10 [super]   #534   0x72f13795baf0bfc6714c3566fdf03ff95611595e  prob=0.0334 (raw=0.0101)  vol=$3  trades=1  first_trade=2026-05-26 01:03  winrate=0.424  n_markets_traded=136.000  herfindahl_index_markets=0.096
10:24:10 [super]   #535   0x648bad7080caa1a9931b2774b20e87eca75900ba  prob=0.0334 (raw=0.0101)  vol=$7  trades=5  first_trade=2026-05-25 00:44  winrate=0.000  n_markets_traded=59.000  herfindahl_index_markets=0.053
10:24:10 [super]   #536   0x21a51469883e3c59bc8eb4a04b120f9d6d239a18  prob=0.0334 (raw=0.0101)  vol=$9  trades=2  first_trade=2026-05-25 23:09  winrate=0.535  n_markets_traded=148.000  herfindahl_index_markets=0.027
10:24:10 [super]   #537   0xa9b2e06e800c6a542885e28f908b4a34957a4897  prob=0.0334 (raw=0.0101)  vol=$8  trades=1  first_trade=2026-05-27 22:53  winrate=0.288  n_markets_traded=52.000  herfindahl_index_markets=0.039
10:24:10 [super]   #538   0xfb0a4c9b1ce2fe8925691cacbda075a4fae093c2  prob=0.0334 (raw=0.0101)  vol=$2  trades=1  first_trade=2026-05-27 22:46  winrate=0.333  n_markets_traded=78.000  herfindahl_index_markets=0.045
10:24:10 [super]   #539   0xa1ff95f5a95ee4ff5f325c3ffcae62a9584c9a1d  prob=0.0334 (raw=0.0101)  vol=$10  trades=1  first_trade=2026-05-26 03:37  winrate=0.500  n_markets_traded=40.000  herfindahl_index_markets=0.097
10:24:10 [super]   #540   0xf86e88f6ff872703af4699afeaf4fe9538acefbe  prob=0.0334 (raw=0.0101)  vol=$3  trades=1  first_trade=2026-05-27 01:44  winrate=0.528  n_markets_traded=108.000  herfindahl_index_markets=0.031
10:24:10 [super]   #541   0xeb96bdba6045099c61f1c1bd01397ae0e534c5db  prob=0.0334 (raw=0.0100)  vol=$5  trades=1  first_trade=2026-05-29 08:15  winrate=0.400  n_markets_traded=20.000  herfindahl_index_markets=0.594
10:24:10 [super]   #542   0x84ff25f4fd2c79e1908e2be22e8180cb375d78e3  prob=0.0334 (raw=0.0100)  vol=$85  trades=3  first_trade=2026-05-26 11:03  winrate=0.583  n_markets_traded=47.000  herfindahl_index_markets=0.056
10:24:10 [super]   #543   0xb7f2607cbc2f9bb7ec7caa94820dd70d18902fc1  prob=0.0334 (raw=0.0100)  vol=$3  trades=1  first_trade=2026-05-28 12:45  winrate=0.603  n_markets_traded=68.000  herfindahl_index_markets=0.118
10:24:10 [super]   #544   0x03681e9d38034b949d876767b40abd0b7e00c7c4  prob=0.0334 (raw=0.0100)  vol=$12  trades=1  first_trade=2026-05-27 07:06  winrate=0.300  n_markets_traded=10.000  herfindahl_index_markets=0.141
10:24:10 [super]   #545   0x342d21c7a2226c09de3ea62c45d0f1c8912dfd8f  prob=0.0334 (raw=0.0100)  vol=$1  trades=1  first_trade=2026-05-25 07:10  winrate=0.550  n_markets_traded=20.000  herfindahl_index_markets=0.064
10:24:10 [super]   #546   0x35f6436c09118df60d8611ce4babeef8e83e4f56  prob=0.0334 (raw=0.0099)  vol=$10  trades=1  first_trade=2026-05-27 18:35  winrate=0.605  n_markets_traded=1008.000  herfindahl_index_markets=0.059
10:24:10 [super]   #547   0xb4f2592e67c333e73c923547cfe05e768180e5fa  prob=0.0334 (raw=0.0099)  vol=$4,144  trades=1  first_trade=2026-05-28 17:06  winrate=0.625  n_markets_traded=281.000  herfindahl_index_markets=0.010
10:24:10 [super]   #548   0x52e0ecdd5290680419c51aee186731e7d013844b  prob=0.0334 (raw=0.0099)  vol=$28  trades=1  first_trade=2026-05-27 21:54  winrate=0.357  n_markets_traded=28.000  herfindahl_index_markets=0.069
10:24:10 [super]   #549   0xcb5f207fb1653b7ff4d381adb4e9dfdc5c504f34  prob=0.0334 (raw=0.0099)  vol=$4  trades=1  first_trade=2026-05-25 21:42  winrate=0.642  n_markets_traded=763.000  herfindahl_index_markets=0.003
10:24:10 [super]   #550   0x8a98109fb0f1d87d9bfcb4486ba3587b95c51b92  prob=0.0334 (raw=0.0099)  vol=$38,339  trades=579  first_trade=2026-05-24 21:49  winrate=NaN  n_markets_traded=0.000  herfindahl_index_markets=0.000
10:24:10 [super]   #551   0xfd47e2f30ac97571e6e68f51bf4531b108af805a  prob=0.0334 (raw=0.0098)  vol=$10  trades=2  first_trade=2026-05-26 14:23  winrate=0.655  n_markets_traded=289.000  herfindahl_index_markets=0.014
10:24:10 [super]   #552   0x39a6626db3a258a609f234da483fa8c43aa6ebdd  prob=0.0334 (raw=0.0098)  vol=$20  trades=2  first_trade=2026-05-27 23:21  winrate=0.308  n_markets_traded=63.000  herfindahl_index_markets=0.100
10:24:10 [super]   #553   0xbf53834087e608405292655e981bce138684fc4b  prob=0.0334 (raw=0.0098)  vol=$48  trades=3  first_trade=2026-05-25 21:39  winrate=0.548  n_markets_traded=31.000  herfindahl_index_markets=0.083
10:24:10 [super]   #554   0xa057b57632baf8d876d11f415f5e8c96c7caf288  prob=0.0334 (raw=0.0098)  vol=$21  trades=5  first_trade=2026-05-26 01:05  winrate=0.580  n_markets_traded=183.000  herfindahl_index_markets=0.013
10:24:10 [super]   #555   0x1bbf4cd1f9e5862d050af01e3f1b318612a6c27c  prob=0.0334 (raw=0.0098)  vol=$27  trades=1  first_trade=2026-05-27 23:53  winrate=0.235  n_markets_traded=34.000  herfindahl_index_markets=0.058
10:24:10 [super]   #556   0x1ec6d95503c81c1f5dc83d006ba81dc1e22b7edb  prob=0.0334 (raw=0.0098)  vol=$1,540  trades=14  first_trade=2026-05-25 23:32  winrate=0.524  n_markets_traded=84.000  herfindahl_index_markets=0.052
10:24:10 [super]   #557   0x74d8112018e6765553c44bb3ad27a0f6e746eb49  prob=0.0334 (raw=0.0098)  vol=$92  trades=1  first_trade=2026-05-27 09:13  winrate=0.522  n_markets_traded=76.000  herfindahl_index_markets=0.022
10:24:10 [super]   #558   0x6eb5828e4431904c2ba6c6204e3924a6e50e8353  prob=0.0334 (raw=0.0098)  vol=$1  trades=1  first_trade=2026-05-26 22:03  winrate=0.401  n_markets_traded=799.000  herfindahl_index_markets=0.002
10:24:10 [super]   #559   0x2f779b5c6a2d41d87f2b00498c4b4e11a8c632cd  prob=0.0334 (raw=0.0097)  vol=$88  trades=24  first_trade=2026-05-27 09:48  winrate=0.514  n_markets_traded=183.000  herfindahl_index_markets=0.019
10:24:10 [super]   #560   0xaaee04930c8cd53fa9dc9799899277fd0bfb0de0  prob=0.0334 (raw=0.0097)  vol=$2  trades=1  first_trade=2026-05-28 13:14  winrate=0.590  n_markets_traded=60.000  herfindahl_index_markets=0.154
10:24:10 [super]   #561   0xc4bb96ba9f577b4fe89e548c02620e7fa5ed5c00  prob=0.0334 (raw=0.0097)  vol=$3  trades=1  first_trade=2026-05-25 04:50  winrate=0.500  n_markets_traded=8.000  herfindahl_index_markets=0.151
10:24:10 [super]   #562   0x33c83ecee90b39515f9bf384dcf7a2abe3f6f5af  prob=0.0334 (raw=0.0097)  vol=$0  trades=1  first_trade=2026-05-27 23:53  winrate=0.529  n_markets_traded=34.000  herfindahl_index_markets=0.051
10:24:10 [super]   #563   0x250b3ac7bfc4a3b6319f64cd66bb8708735cda88  prob=0.0334 (raw=0.0097)  vol=$9  trades=2  first_trade=2026-05-26 18:10  winrate=0.524  n_markets_traded=466.000  herfindahl_index_markets=0.006
10:24:10 [super]   #564   0x1137007b7133aeecf66e4c456c5663b4f12b4ed5  prob=0.0334 (raw=0.0097)  vol=$10  trades=1  first_trade=2026-05-26 10:04  winrate=0.566  n_markets_traded=565.000  herfindahl_index_markets=0.004
10:24:10 [super]   #565   0x279c5de35108afc30b99f09e595555b428e92b82  prob=0.0334 (raw=0.0097)  vol=$363  trades=43  first_trade=2026-05-24 21:52  winrate=NaN  n_markets_traded=0.000  herfindahl_index_markets=0.000
10:24:10 [super]   #566   0xfb75badb439e5134b6a8b81f915c92929d52d717  prob=0.0334 (raw=0.0097)  vol=$15  trades=2  first_trade=2026-05-26 18:57  winrate=0.398  n_markets_traded=562.000  herfindahl_index_markets=0.010
10:24:10 [super]   #567   0x64df62093f067abd9e151e13309a53e2eb13fa8f  prob=0.0334 (raw=0.0096)  vol=$3  trades=2  first_trade=2026-05-25 16:07  winrate=0.319  n_markets_traded=91.000  herfindahl_index_markets=0.037
10:24:10 [super]   #568   0x2f4d77a7045ba6a4bebd2986744af529e702e79b  prob=0.0334 (raw=0.0096)  vol=$2  trades=2  first_trade=2026-05-26 10:09  winrate=0.623  n_markets_traded=158.000  herfindahl_index_markets=0.024
10:24:10 [super]   #569   0x75c70b1607086cffb1ae6efd62721b13ca2d8f7d  prob=0.0334 (raw=0.0096)  vol=$1  trades=1  first_trade=2026-05-28 04:52  winrate=0.102  n_markets_traded=59.000  herfindahl_index_markets=0.026
10:24:10 [super]   #570   0x8d4badbcf38959da35a99e8cc6a5d5abad6c07cb  prob=0.0334 (raw=0.0096)  vol=$2,515  trades=7  first_trade=2026-05-26 00:08  winrate=0.214  n_markets_traded=70.000  herfindahl_index_markets=0.173
10:24:10 [super]   #571   0x83663086125ebb9c9a15a2796b66e4d26c2824fe  prob=0.0334 (raw=0.0096)  vol=$9  trades=2  first_trade=2026-05-25 04:13  winrate=0.894  n_markets_traded=1379.000  herfindahl_index_markets=0.001
10:24:10 [super]   #572   0x6a01f617d06598ea426a651f7a61a3210e6a7900  prob=0.0334 (raw=0.0096)  vol=$3  trades=1  first_trade=2026-05-28 12:44  winrate=0.534  n_markets_traded=73.000  herfindahl_index_markets=0.115
10:24:10 [super]   #573   0x872f6b1f4ac7a1ceb622736280b6f0616635825f  prob=0.0334 (raw=0.0096)  vol=$2  trades=3  first_trade=2026-05-27 03:26  winrate=0.000  n_markets_traded=41.000  herfindahl_index_markets=0.031
10:24:10 [super]   #574   0xff9152ac8cb6260419ea8940248177083aceab3a  prob=0.0334 (raw=0.0096)  vol=$1,926  trades=2  first_trade=2026-05-25 10:43  winrate=0.566  n_markets_traded=95.000  herfindahl_index_markets=0.038
10:24:10 [super]   #575   0x38e7182e523ef5d116d219c0903c26f51b7c30b8  prob=0.0334 (raw=0.0096)  vol=$1  trades=1  first_trade=2026-05-26 19:04  winrate=0.389  n_markets_traded=95.000  herfindahl_index_markets=0.032
10:24:10 [super]   #576   0x1b6d2c77ae810360b35921ab2c9179ddda273ec5  prob=0.0334 (raw=0.0096)  vol=$4  trades=1  first_trade=2026-05-28 12:37  winrate=0.515  n_markets_traded=134.000  herfindahl_index_markets=0.031
10:24:10 [super]   #577   0x374023fb5533e939730c0438e139a2c5397e9dcf  prob=0.0334 (raw=0.0096)  vol=$12  trades=3  first_trade=2026-05-26 12:29  winrate=0.643  n_markets_traded=855.000  herfindahl_index_markets=0.030
10:24:10 [super]   #578   0x1e897b282d65b1be3f29533408b3c7e9b3450cc1  prob=0.0334 (raw=0.0096)  vol=$11  trades=2  first_trade=2026-05-26 08:38  winrate=0.567  n_markets_traded=328.000  herfindahl_index_markets=0.004
10:24:10 [super]   #579   0x3e59f2c319b3a0d9574fb94fb0045aea801db2be  prob=0.0334 (raw=0.0096)  vol=$5  trades=1  first_trade=2026-05-26 19:20  winrate=0.281  n_markets_traded=794.000  herfindahl_index_markets=0.003
10:24:10 [super]   #580   0xdafa6039d1ec95c5b541394748fb1cbce48b9f46  prob=0.0334 (raw=0.0096)  vol=$25  trades=1  first_trade=2026-05-26 23:09  winrate=0.468  n_markets_traded=457.000  herfindahl_index_markets=0.006
10:24:10 [super]   #581   0xdf59c7f09a1f0fe407a9fb48f7282012398adeb0  prob=0.0334 (raw=0.0095)  vol=$432  trades=2  first_trade=2026-05-26 01:51  winrate=0.486  n_markets_traded=106.000  herfindahl_index_markets=0.029
10:24:10 [super]   #582   0x09d28b5751be5c31ead3a7b68a5726c414c326ae  prob=0.0334 (raw=0.0095)  vol=$245  trades=1  first_trade=2026-05-26 16:13  winrate=0.492  n_markets_traded=874.000  herfindahl_index_markets=0.101
10:24:10 [super]   #583   0x69aa9fa621403e3a121b29ad77d32ba9eb5e8847  prob=0.0334 (raw=0.0095)  vol=$78,438  trades=5  first_trade=2026-05-28 03:06  winrate=0.827  n_markets_traded=109.000  herfindahl_index_markets=0.047
10:24:10 [super]   #584   0xf2ee7931a16b9d3042ca1d88bca60323ef05bdff  prob=0.0334 (raw=0.0095)  vol=$1  trades=1  first_trade=2026-05-26 09:27  winrate=0.603  n_markets_traded=317.000  herfindahl_index_markets=0.009
10:24:10 [super]   #585   0xa1ed2ae1eaaa057b6d09204cbb0808ef78a4e774  prob=0.0334 (raw=0.0095)  vol=$30,243  trades=8  first_trade=2026-05-28 00:14  winrate=0.633  n_markets_traded=79.000  herfindahl_index_markets=0.030
10:24:10 [super]   #586   0x63e30d708e4f5ad12581730e5fbaf0e53646f341  prob=0.0334 (raw=0.0095)  vol=$136  trades=2  first_trade=2026-05-26 00:53  winrate=0.347  n_markets_traded=144.000  herfindahl_index_markets=0.025
10:24:10 [super]   #587   0x852945c373cb383a3ebd714b174fcc87da9306fd  prob=0.0334 (raw=0.0095)  vol=$3  trades=1  first_trade=2026-05-28 13:00  winrate=0.517  n_markets_traded=60.000  herfindahl_index_markets=0.152
10:24:10 [super]   #588   0xdaa59ce7b7aad0da727e527653866e46f4051a17  prob=0.0334 (raw=0.0095)  vol=$15  trades=1  first_trade=2026-05-27 10:36  winrate=0.529  n_markets_traded=17.000  herfindahl_index_markets=0.114
10:24:10 [super]   #589   0x7d58986f00b3c00e9b24d02f8e35381ca154cfcc  prob=0.0334 (raw=0.0095)  vol=$1,068  trades=3  first_trade=2026-05-26 02:48  winrate=0.325  n_markets_traded=189.000  herfindahl_index_markets=0.049
10:24:10 [super]   #590   0x21a270a2eaa2eddee64e6864a11f4c2ebfc8866d  prob=0.0334 (raw=0.0095)  vol=$108  trades=1  first_trade=2026-05-27 13:49  winrate=0.571  n_markets_traded=101.000  herfindahl_index_markets=0.038
10:24:10 [super]   #591   0xc798197ae9aff808af4406320f31d822ae788aab  prob=0.0334 (raw=0.0095)  vol=$13  trades=3  first_trade=2026-05-27 22:35  winrate=0.390  n_markets_traded=76.000  herfindahl_index_markets=0.044
10:24:10 [super]   #592   0x610d7c7bc507793cf55fb497d2620cc09d236c37  prob=0.0334 (raw=0.0095)  vol=$5  trades=1  first_trade=2026-05-24 22:40  winrate=0.572  n_markets_traded=845.000  herfindahl_index_markets=0.003
10:24:10 [super]   #593   0x8f2f4cc2d2e0000deaa5e61b0d69d46c80275521  prob=0.0333 (raw=0.0094)  vol=$2  trades=1  first_trade=2026-05-27 10:13  winrate=0.038  n_markets_traded=26.000  herfindahl_index_markets=0.055
10:24:10 [super]   #594   0xfe5bdb4e99c637c53a7eea83ea1e6b72da6ababf  prob=0.0333 (raw=0.0094)  vol=$11  trades=1  first_trade=2026-05-26 00:05  winrate=0.724  n_markets_traded=671.000  herfindahl_index_markets=0.021
10:24:10 [super]   #595   0x09705c0b0a5a7359f5c94688687fc73447e65ae4  prob=0.0333 (raw=0.0094)  vol=$3  trades=1  first_trade=2026-05-27 23:18  winrate=0.429  n_markets_traded=28.000  herfindahl_index_markets=0.074
10:24:10 [super]   #596   0x63b10df4bfa6d03b909ae728ee79964a594c1676  prob=0.0333 (raw=0.0094)  vol=$2,124  trades=2  first_trade=2026-05-24 22:39  winrate=0.571  n_markets_traded=37.000  herfindahl_index_markets=0.074
10:24:10 [super]   #597   0x0562e01b3c3e65bb93bf0de32f02cec238a79d66  prob=0.0333 (raw=0.0093)  vol=$320  trades=2  first_trade=2026-05-27 13:56  winrate=0.316  n_markets_traded=57.000  herfindahl_index_markets=0.076
10:24:10 [super]   #598   0xbdc34b2871c48b5a2d37a4089dafb26b2d6fb159  prob=0.0333 (raw=0.0093)  vol=$6  trades=3  first_trade=2026-05-25 23:43  winrate=0.646  n_markets_traded=208.000  herfindahl_index_markets=0.102
10:24:10 [super]   #599   0xc8cd29b308ef309488958f6e92614ec2fedeed53  prob=0.0333 (raw=0.0093)  vol=$5  trades=5  first_trade=2026-05-27 22:27  winrate=0.383  n_markets_traded=47.000  herfindahl_index_markets=0.067
10:24:10 [super]   #600   0x6e3949d5c1cd57228e552b1f70d282604245d8a9  prob=0.0333 (raw=0.0093)  vol=$85  trades=3  first_trade=2026-05-25 09:54  winrate=0.333  n_markets_traded=18.000  herfindahl_index_markets=0.094
10:24:10 [super]   #601   0x27db695d6f88372e73a0b15a197eedbee2feaf68  prob=0.0333 (raw=0.0093)  vol=$108  trades=2  first_trade=2026-05-26 04:08  winrate=0.516  n_markets_traded=90.000  herfindahl_index_markets=0.032
10:24:10 [super]   #602   0xd3de5841d93c211eeda91628127e84fed4b4fe0e  prob=0.0333 (raw=0.0093)  vol=$12  trades=1  first_trade=2026-05-26 01:11  winrate=0.520  n_markets_traded=772.000  herfindahl_index_markets=0.008
10:24:10 [super]   #603   0x9fc36772491ded047002ae4db2f442b9bae31f1f  prob=0.0333 (raw=0.0093)  vol=$9  trades=2  first_trade=2026-05-25 23:58  winrate=0.350  n_markets_traded=40.000  herfindahl_index_markets=0.169
10:24:10 [super]   #604   0xb27ff7ea57b0fb35166cb27137b218ceda5a0977  prob=0.0333 (raw=0.0092)  vol=$2  trades=2  first_trade=2026-05-28 10:41  winrate=0.429  n_markets_traded=70.000  herfindahl_index_markets=0.082
10:24:10 [super]   #605   0xbe3d1ad2720c94e25c60996426b9c92a9deb1653  prob=0.0333 (raw=0.0092)  vol=$10  trades=2  first_trade=2026-05-26 17:13  winrate=0.519  n_markets_traded=52.000  herfindahl_index_markets=0.053
10:24:10 [super]   #606   0x5b5e047ddd5e553cbaee58730e39f9801de130d3  prob=0.0333 (raw=0.0092)  vol=$271  trades=3  first_trade=2026-05-26 02:15  winrate=0.531  n_markets_traded=32.000  herfindahl_index_markets=0.069
10:24:10 [super]   #607   0x24ea7cc6e15df2ee0d0105c819050af93e6b8665  prob=0.0333 (raw=0.0092)  vol=$79  trades=5  first_trade=2026-05-26 19:14  winrate=0.433  n_markets_traded=817.000  herfindahl_index_markets=0.003
10:24:10 [super]   #608   0xffeafb3a833da1d324af43edd7f106fe138a06c0  prob=0.0333 (raw=0.0092)  vol=$1,922  trades=19  first_trade=2026-05-25 01:55  winrate=0.444  n_markets_traded=61.000  herfindahl_index_markets=0.063
10:24:10 [super]   #609   0x3f02f38c48f4f209732e3b0af6998804aa604821  prob=0.0333 (raw=0.0092)  vol=$5  trades=1  first_trade=2026-05-27 10:27  winrate=0.515  n_markets_traded=194.000  herfindahl_index_markets=0.010
10:24:10 [super]   #610   0x5c7f42f12db31f48da4f05a7a712674e1bb809ef  prob=0.0333 (raw=0.0092)  vol=$68  trades=1  first_trade=2026-05-27 23:11  winrate=0.221  n_markets_traded=77.000  herfindahl_index_markets=0.037
10:24:10 [super]   #611   0xf438f0e1f53daf7c7dd4fc73aa14b71ba9969901  prob=0.0333 (raw=0.0092)  vol=$4  trades=2  first_trade=2026-05-26 20:14  winrate=0.377  n_markets_traded=268.000  herfindahl_index_markets=0.009
10:24:10 [super]   #612   0x85736a842de4e71017774083d5a7cda91cc59005  prob=0.0333 (raw=0.0092)  vol=$4  trades=1  first_trade=2026-05-25 07:11  winrate=0.300  n_markets_traded=20.000  herfindahl_index_markets=0.078
10:24:10 [super]   #613   0x0fe5cea97db9525404ca8ecb3d90a1dd6f303ecd  prob=0.0333 (raw=0.0092)  vol=$35  trades=1  first_trade=2026-05-25 11:32  winrate=0.645  n_markets_traded=76.000  herfindahl_index_markets=0.037
10:24:10 [super]   #614   0xfe6eee00d36717359578ddb4d6e091d56bc9074e  prob=0.0333 (raw=0.0092)  vol=$19  trades=2  first_trade=2026-05-25 15:56  winrate=0.233  n_markets_traded=43.000  herfindahl_index_markets=0.074
10:24:10 [super]   #615   0x6e7bcbbcc24296e5138d51cd570cf43a3b2fbcbc  prob=0.0333 (raw=0.0092)  vol=$27  trades=1  first_trade=2026-05-25 23:50  winrate=0.480  n_markets_traded=281.000  herfindahl_index_markets=0.016
10:24:10 [super]   #616   0x6204bad10670eede693eaaf96c039d751298421a  prob=0.0333 (raw=0.0091)  vol=$596  trades=1  first_trade=2026-05-28 01:20  winrate=0.725  n_markets_traded=242.000  herfindahl_index_markets=0.017
10:24:10 [super]   #617   0xd59abae6f99c56b355eac2c5d0c96ce87f4a739d  prob=0.0333 (raw=0.0091)  vol=$4  trades=1  first_trade=2026-05-27 12:46  winrate=0.490  n_markets_traded=100.000  herfindahl_index_markets=0.031
10:24:10 [super]   #618   0x0770995e6d1f47e20a696e1c177287556873184b  prob=0.0333 (raw=0.0091)  vol=$280  trades=2  first_trade=2026-05-26 01:49  winrate=0.384  n_markets_traded=135.000  herfindahl_index_markets=0.022
10:24:10 [super]   #619   0x2d8e876450e3a0f77b3894b32c93c8224a431445  prob=0.0333 (raw=0.0091)  vol=$96  trades=2  first_trade=2026-05-25 11:12  winrate=0.549  n_markets_traded=162.000  herfindahl_index_markets=0.023
10:24:10 [super]   #620   0xa8797104912944767b5e2cc80ed6ff59092b569c  prob=0.0333 (raw=0.0091)  vol=$7  trades=1  first_trade=2026-05-27 11:09  winrate=0.400  n_markets_traded=20.000  herfindahl_index_markets=0.081
10:24:10 [super]   #621   0xa19df895ec6624b12d86ca3036648b85825f3909  prob=0.0333 (raw=0.0091)  vol=$424  trades=6  first_trade=2026-05-26 15:36  winrate=NaN  n_markets_traded=0.000  herfindahl_index_markets=0.000
10:24:10 [super]   #622   0xbfe093b5ccb1b1e18c49b22062be30b56f94192a  prob=0.0333 (raw=0.0090)  vol=$14  trades=2  first_trade=2026-05-25 14:00  winrate=0.673  n_markets_traded=388.000  herfindahl_index_markets=0.003
10:24:10 [super]   #623   0xf0d5eb1cbe7350f1f896ade6c172e6700414c665  prob=0.0333 (raw=0.0090)  vol=$31,622  trades=25  first_trade=2026-05-26 03:23  winrate=NaN  n_markets_traded=0.000  herfindahl_index_markets=0.000
10:24:10 [super]   #624   0xaeb8f56030d1900de42b80286365aad87a41192a  prob=0.0333 (raw=0.0090)  vol=$1  trades=1  first_trade=2026-05-28 10:25  winrate=0.339  n_markets_traded=59.000  herfindahl_index_markets=0.145
10:24:10 [super]   #625   0x506bce138df20695c03cd5a59a937499fb00b0fe  prob=0.0333 (raw=0.0090)  vol=$47  trades=2  first_trade=2026-05-24 22:39  winrate=0.453  n_markets_traded=116.000  herfindahl_index_markets=0.055
10:24:10 [super]   #626   0xd3ded8f7cf86e09857aa7857dfdbf2dc7b9ff83b  prob=0.0333 (raw=0.0090)  vol=$1  trades=1  first_trade=2026-05-26 17:14  winrate=0.294  n_markets_traded=34.000  herfindahl_index_markets=0.107
10:24:10 [super]   #627   0xc95f5d53b8cb2e9ec5a861ab6dac6dc2d77d899d  prob=0.0333 (raw=0.0090)  vol=$1  trades=1  first_trade=2026-05-28 12:59  winrate=0.667  n_markets_traded=63.000  herfindahl_index_markets=0.154
10:24:10 [super]   #628   0x9dfb2df4d4e8433b6e8fd592d4a9a9366fcae887  prob=0.0333 (raw=0.0090)  vol=$27  trades=1  first_trade=2026-05-27 08:27  winrate=0.736  n_markets_traded=409.000  herfindahl_index_markets=0.018
10:24:10 [super]   #629   0xb323fd58f771c6234e3a62515ca17dd0ca43e19f  prob=0.0333 (raw=0.0090)  vol=$1  trades=1  first_trade=2026-05-27 17:48  winrate=0.743  n_markets_traded=588.000  herfindahl_index_markets=0.008
10:24:10 [super]   #630   0xd08e8f5efb47d9ff61c30e9c8546f82f7f2a2f7c  prob=0.0333 (raw=0.0090)  vol=$782  trades=4  first_trade=2026-05-25 11:22  winrate=0.279  n_markets_traded=258.000  herfindahl_index_markets=0.050
10:24:10 [super]   #631   0x75abf711c091a637a21cd79301ee486a5c4bb20e  prob=0.0333 (raw=0.0089)  vol=$11  trades=2  first_trade=2026-05-24 22:33  winrate=0.408  n_markets_traded=414.000  herfindahl_index_markets=0.011
10:24:10 [super]   #632   0x978a1bbc9b5bb38b0c4dc4432ffbc38e3ee507aa  prob=0.0333 (raw=0.0089)  vol=$1  trades=1  first_trade=2026-05-27 11:08  winrate=0.238  n_markets_traded=21.000  herfindahl_index_markets=0.111
10:24:10 [super]   #633   0x35e15df6f28c1a10057d9db0b8f409cb3488fcc4  prob=0.0333 (raw=0.0089)  vol=$56  trades=2  first_trade=2026-05-26 06:01  winrate=0.382  n_markets_traded=34.000  herfindahl_index_markets=0.058
10:24:10 [super]   #634   0x378be5e7327396f150794cdc101bfd77ad6bc568  prob=0.0333 (raw=0.0089)  vol=$1  trades=1  first_trade=2026-05-28 10:18  winrate=0.412  n_markets_traded=51.000  herfindahl_index_markets=0.030
10:24:10 [super]   #635   0xff5ac914a5daf7d2391241eec5ba2ac9e6a88a9f  prob=0.0333 (raw=0.0089)  vol=$1  trades=1  first_trade=2026-05-27 17:03  winrate=0.500  n_markets_traded=36.000  herfindahl_index_markets=0.053
10:24:10 [super]   #636   0x12214e1787407925391a62f97e5e64e0b924a6e8  prob=0.0333 (raw=0.0089)  vol=$1  trades=1  first_trade=2026-05-27 17:03  winrate=0.500  n_markets_traded=32.000  herfindahl_index_markets=0.068
10:24:10 [super]   #637   0x938e4cb1ee24d52a064e976563b15cd2fb42d242  prob=0.0333 (raw=0.0089)  vol=$3,838  trades=5  first_trade=2026-05-25 05:39  winrate=0.596  n_markets_traded=270.000  herfindahl_index_markets=0.028
10:24:10 [super]   #638   0xaf82946717a5996cb839940ad6f6408b3bb492f2  prob=0.0333 (raw=0.0089)  vol=$11  trades=1  first_trade=2026-05-25 12:16  winrate=0.678  n_markets_traded=114.000  herfindahl_index_markets=0.035
10:24:10 [super]   #639   0x0e2cc652e8f987820efc26dc988de884e3069294  prob=0.0333 (raw=0.0089)  vol=$17  trades=3  first_trade=2026-05-25 00:15  winrate=0.500  n_markets_traded=24.000  herfindahl_index_markets=0.120
10:24:10 [super]   #640   0xf0aa44523ab7f641312f6c3be963575febc4d9ac  prob=0.0333 (raw=0.0089)  vol=$1  trades=1  first_trade=2026-05-27 00:37  winrate=0.237  n_markets_traded=38.000  herfindahl_index_markets=0.038
10:24:10 [super]   #641   0xe877778f48c71027a0957d62a9882b9554a7d0d1  prob=0.0333 (raw=0.0089)  vol=$111  trades=4  first_trade=2026-05-27 06:44  winrate=0.125  n_markets_traded=32.000  herfindahl_index_markets=0.115
10:24:10 [super]   #642   0xc6afd988219e2bac8ebdd0f711b90aafbf1d05c6  prob=0.0333 (raw=0.0089)  vol=$835  trades=5  first_trade=2026-05-25 21:41  winrate=0.449  n_markets_traded=378.000  herfindahl_index_markets=0.018
10:24:10 [super]   #643   0x064ac923a30c7cb3726a2fa1ebdac8a663e965a7  prob=0.0333 (raw=0.0089)  vol=$4  trades=1  first_trade=2026-05-25 15:13  winrate=0.613  n_markets_traded=807.000  herfindahl_index_markets=0.002
10:24:10 [super]   #644   0x0dda5d37a54a7b140141c577e2229142003adf45  prob=0.0333 (raw=0.0089)  vol=$105  trades=2  first_trade=2026-05-26 20:08  winrate=0.366  n_markets_traded=41.000  herfindahl_index_markets=0.136
10:24:10 [super]   #645   0x53905d22246bc244c5717df362e0351b8fca12e5  prob=0.0333 (raw=0.0088)  vol=$13  trades=1  first_trade=2026-05-27 21:51  winrate=0.542  n_markets_traded=24.000  herfindahl_index_markets=0.092
10:24:10 [super]   #646   0x90d2a9148aecee066cbd4d3b64fa0e326fe3a6b3  prob=0.0333 (raw=0.0088)  vol=$2  trades=1  first_trade=2026-05-26 07:37  winrate=0.494  n_markets_traded=349.000  herfindahl_index_markets=0.057
10:24:10 [super]   #647   0xed954766de03c484a11b95251fb70733c5a3e809  prob=0.0333 (raw=0.0088)  vol=$1  trades=1  first_trade=2026-05-28 10:21  winrate=0.440  n_markets_traded=50.000  herfindahl_index_markets=0.034
10:24:10 [super]   #648   0x1025275d306ac5bdf1e5e34fff2ffd33705c7939  prob=0.0333 (raw=0.0088)  vol=$3  trades=1  first_trade=2026-05-25 00:07  winrate=0.483  n_markets_traded=60.000  herfindahl_index_markets=0.033
10:24:10 [super]   #649   0xfce686833a8f7dede97bbaa6293906eb52fabd7f  prob=0.0333 (raw=0.0088)  vol=$1  trades=1  first_trade=2026-05-26 07:42  winrate=0.475  n_markets_traded=730.000  herfindahl_index_markets=0.007
10:24:10 [super]   #650   0x28b291aa82da13e1d58993873806c92908d5eb4f  prob=0.0333 (raw=0.0088)  vol=$1,366  trades=12  first_trade=2026-05-25 17:16  winrate=NaN  n_markets_traded=0.000  herfindahl_index_markets=0.000
10:24:10 [super]   #651   0x42e1f8e1f6b5ced03cc115cac42ef9471d6249fe  prob=0.0333 (raw=0.0088)  vol=$3  trades=2  first_trade=2026-05-26 00:49  winrate=0.451  n_markets_traded=70.000  herfindahl_index_markets=0.035
10:24:10 [super]   #652   0x035fa6cf792ae231501a99b554315ac2b62a33eb  prob=0.0333 (raw=0.0088)  vol=$4  trades=2  first_trade=2026-05-27 00:12  winrate=0.116  n_markets_traded=321.000  herfindahl_index_markets=0.033
10:24:10 [super]   #653   0x2762873b815644d5b13790aeed3fcaed7d222cf6  prob=0.0333 (raw=0.0088)  vol=$54  trades=4  first_trade=2026-05-25 12:33  winrate=0.516  n_markets_traded=88.000  herfindahl_index_markets=0.071
10:24:10 [super]   #654   0xc1db6a1f893830b7f856b1023a8655959056838d  prob=0.0333 (raw=0.0088)  vol=$124  trades=2  first_trade=2026-05-28 02:46  winrate=0.386  n_markets_traded=220.000  herfindahl_index_markets=0.018
10:24:10 [super]   #655   0x1d7c6efd92ea170f30c02409621315d226735dad  prob=0.0333 (raw=0.0088)  vol=$2  trades=1  first_trade=2026-05-25 04:18  winrate=0.570  n_markets_traded=802.000  herfindahl_index_markets=0.006
10:24:10 [super]   #656   0xb1fea3922a1998248cf2ae51f740b9be2bb7423a  prob=0.0333 (raw=0.0088)  vol=$260  trades=4  first_trade=2026-05-26 08:49  winrate=0.424  n_markets_traded=303.000  herfindahl_index_markets=0.007
10:24:10 [super]   #657   0x92f6adc8a78f64317cb205fa1745814a9d9a3784  prob=0.0333 (raw=0.0087)  vol=$334  trades=5  first_trade=2026-05-25 21:27  winrate=0.389  n_markets_traded=54.000  herfindahl_index_markets=0.141
10:24:10 [super]   #658   0xf0e4afad881c7a72133845da69f8037a392993ec  prob=0.0333 (raw=0.0087)  vol=$72  trades=3  first_trade=2026-05-26 19:51  winrate=0.167  n_markets_traded=24.000  herfindahl_index_markets=0.082
10:24:10 [super]   #659   0x14324b780d0dcb490808a71bb3df83614bf7c284  prob=0.0333 (raw=0.0087)  vol=$69  trades=1  first_trade=2026-05-25 06:36  winrate=0.688  n_markets_traded=32.000  herfindahl_index_markets=0.084
10:24:10 [super]   #660   0xd064251efc30a38c3323e42113656144d4b8c4d1  prob=0.0333 (raw=0.0087)  vol=$0  trades=1  first_trade=2026-05-27 19:50  winrate=NaN  n_markets_traded=0.000  herfindahl_index_markets=0.000
10:24:10 [super]   #661   0x672887d894ddeb2b797f08226a8e8a14018701f5  prob=0.0333 (raw=0.0087)  vol=$1  trades=1  first_trade=2026-05-27 23:13  winrate=0.217  n_markets_traded=23.000  herfindahl_index_markets=0.110
10:24:10 [super]   #662   0x58ed0c8b2e2d66199ad870a39dd8ceab57050686  prob=0.0332 (raw=0.0087)  vol=$16  trades=2  first_trade=2026-05-25 06:35  winrate=0.560  n_markets_traded=134.000  herfindahl_index_markets=0.046
10:24:10 [super]   #663   0xfba35fc77365f3a30d495428126e10c998794e15  prob=0.0332 (raw=0.0087)  vol=$8  trades=1  first_trade=2026-05-25 04:01  winrate=0.517  n_markets_traded=486.000  herfindahl_index_markets=0.004
10:24:10 [super]   #664   0xa8480e34ca03aebe71e300065ae575fa583d95d0  prob=0.0332 (raw=0.0087)  vol=$3  trades=3  first_trade=2026-05-26 01:02  winrate=0.406  n_markets_traded=211.000  herfindahl_index_markets=0.035
10:24:10 [super]   #665   0x6097ad6e03ce78b81c06b864c05c3519a9c798de  prob=0.0332 (raw=0.0086)  vol=$3  trades=1  first_trade=2026-05-28 12:47  winrate=0.552  n_markets_traded=67.000  herfindahl_index_markets=0.155
10:24:10 [super]   #666   0xc24f0686aae913fd32032ee03eb2db371891adf8  prob=0.0332 (raw=0.0086)  vol=$12  trades=2  first_trade=2026-05-28 11:51  winrate=0.394  n_markets_traded=127.000  herfindahl_index_markets=0.079
10:24:10 [super]   #667   0xda9126becc96be3598ddd05c4fc06f4093759ffd  prob=0.0332 (raw=0.0086)  vol=$163  trades=6  first_trade=2026-05-25 06:10  winrate=0.406  n_markets_traded=32.000  herfindahl_index_markets=0.089
10:24:10 [super]   #668   0x4d774ef602fd62869a20ae91ed6bf93f7fd6af31  prob=0.0332 (raw=0.0086)  vol=$1,700  trades=6  first_trade=2026-05-24 23:41  winrate=0.355  n_markets_traded=107.000  herfindahl_index_markets=0.034
10:24:10 [super]   #669   0x04045703a1b01f44ab8dfe125c51830082bf4719  prob=0.0332 (raw=0.0086)  vol=$21  trades=2  first_trade=2026-05-25 18:19  winrate=0.867  n_markets_traded=603.000  herfindahl_index_markets=0.003
10:24:10 [super]   #670   0xea4779cfbdbe5588872510131eec5ff5357ad64b  prob=0.0332 (raw=0.0086)  vol=$2  trades=1  first_trade=2026-05-26 08:00  winrate=0.435  n_markets_traded=748.000  herfindahl_index_markets=0.003
10:24:10 [super]   #671   0x36c6d85296b8bf690279d693b13d47eccd49831a  prob=0.0332 (raw=0.0086)  vol=$16  trades=1  first_trade=2026-05-27 17:11  winrate=0.485  n_markets_traded=33.000  herfindahl_index_markets=0.056
10:24:10 [super]   #672   0x8b51a792fac56ee7aa20ea866ea424d8c9438f31  prob=0.0332 (raw=0.0086)  vol=$26  trades=1  first_trade=2026-05-27 17:11  winrate=0.467  n_markets_traded=30.000  herfindahl_index_markets=0.061
10:24:10 [super]   #673   0xa330c5e7a5b5bf62770cc9ee797b166a5e5819cd  prob=0.0332 (raw=0.0086)  vol=$1  trades=1  first_trade=2026-05-26 04:20  winrate=0.473  n_markets_traded=150.000  herfindahl_index_markets=0.023
10:24:10 [super]   #674   0x396f35c4d4f84c0a6c5f3b13e40e1de550367f78  prob=0.0332 (raw=0.0086)  vol=$0  trades=1  first_trade=2026-05-29 18:34  winrate=0.642  n_markets_traded=106.000  herfindahl_index_markets=0.054
10:24:10 [super]   #675   0x892698d4f0256d1361aacc902f25e621cd7d9ca4  prob=0.0332 (raw=0.0086)  vol=$13  trades=2  first_trade=2026-05-25 02:08  winrate=0.706  n_markets_traded=51.000  herfindahl_index_markets=0.025
10:24:10 [super]   #676   0x8920441216c9c06c0706518a87172410df07bdb2  prob=0.0332 (raw=0.0086)  vol=$17  trades=2  first_trade=2026-05-27 22:10  winrate=0.470  n_markets_traded=168.000  herfindahl_index_markets=0.017
10:24:10 [super]   #677   0x5a08aafa6d636b4c5655a63f2ac6c0c1e4937ff5  prob=0.0332 (raw=0.0086)  vol=$9  trades=1  first_trade=2026-05-28 08:15  winrate=0.483  n_markets_traded=528.000  herfindahl_index_markets=0.017
10:24:10 [super]   #678   0x234e59c4ef8d24f6d21faa7a6cabdf12ad6c86bd  prob=0.0332 (raw=0.0086)  vol=$21  trades=8  first_trade=2026-05-27 02:57  winrate=0.218  n_markets_traded=101.000  herfindahl_index_markets=0.098
10:24:10 [super]   #679   0x4702ca46d2bd7779071a95e94f01dbb449a6e837  prob=0.0332 (raw=0.0085)  vol=$27  trades=2  first_trade=2026-05-27 06:49  winrate=0.600  n_markets_traded=70.000  herfindahl_index_markets=0.130
10:24:10 [super]   #680   0x006c34a8630a786ba354db7435da6945ee68154e  prob=0.0332 (raw=0.0085)  vol=$1  trades=1  first_trade=2026-05-27 17:16  winrate=0.449  n_markets_traded=522.000  herfindahl_index_markets=0.015
10:24:10 [super]   #681   0x028a9f7a6172caa4dece0f7028d3675882937413  prob=0.0332 (raw=0.0085)  vol=$23  trades=1  first_trade=2026-05-27 17:11  winrate=0.433  n_markets_traded=30.000  herfindahl_index_markets=0.060
10:24:10 [super]   #682   0x986de110cb250db850a5e9db698ab5580a084a2d  prob=0.0332 (raw=0.0085)  vol=$20  trades=1  first_trade=2026-05-27 17:11  winrate=0.448  n_markets_traded=29.000  herfindahl_index_markets=0.058
10:24:10 [super]   #683   0x71441b2dfe834713f7196e462c8a74e6fd5f8952  prob=0.0332 (raw=0.0085)  vol=$1  trades=1  first_trade=2026-05-27 17:03  winrate=0.444  n_markets_traded=27.000  herfindahl_index_markets=0.074
10:24:10 [super]   #684   0x6226a0c5f4230517357814f4d68d96c09b3c4b6d  prob=0.0332 (raw=0.0085)  vol=$8  trades=1  first_trade=2026-05-27 17:21  winrate=0.389  n_markets_traded=36.000  herfindahl_index_markets=0.045
10:24:10 [super]   #685   0xaf2625542308ae0dabf12e3bb2165f4452557c63  prob=0.0332 (raw=0.0085)  vol=$16  trades=2  first_trade=2026-05-27 17:11  winrate=0.476  n_markets_traded=21.000  herfindahl_index_markets=0.072
10:24:10 [super]   #686   0x8343c8d284779053a22cba7109759d79f0a4e702  prob=0.0332 (raw=0.0085)  vol=$1  trades=1  first_trade=2026-05-27 17:01  winrate=0.484  n_markets_traded=31.000  herfindahl_index_markets=0.068
10:24:10 [super]   #687   0xc04419870a0ff821fc8ec6386c221eecf333f2cf  prob=0.0332 (raw=0.0085)  vol=$51  trades=1  first_trade=2026-05-26 12:18  winrate=0.559  n_markets_traded=68.000  herfindahl_index_markets=0.029
10:24:10 [super]   #688   0xa2840a92adbbd98d119870524743027bd61a4259  prob=0.0332 (raw=0.0085)  vol=$29  trades=2  first_trade=2026-05-25 07:11  winrate=0.294  n_markets_traded=17.000  herfindahl_index_markets=0.076
10:24:10 [super]   #689   0x58c0743e9e46bdf2d166a588f1520ce64f117c95  prob=0.0332 (raw=0.0085)  vol=$42  trades=2  first_trade=2026-05-25 03:56  winrate=0.737  n_markets_traded=19.000  herfindahl_index_markets=0.072
10:24:10 [super]   #690   0xc6dd722558dbfbd8fa780efcbe819ed8c6604b9f  prob=0.0332 (raw=0.0085)  vol=$28,341  trades=6  first_trade=2026-05-27 22:37  winrate=NaN  n_markets_traded=0.000  herfindahl_index_markets=0.000
10:24:10 [super]   #691   0xae216840e046bfb6987235769903eb18d1d73f5a  prob=0.0332 (raw=0.0085)  vol=$1  trades=2  first_trade=2026-05-26 22:51  winrate=0.312  n_markets_traded=80.000  herfindahl_index_markets=0.048
10:24:10 [super]   #692   0x1af341dc5bcd5aade7d80c60ac4644fe42ecb80f  prob=0.0332 (raw=0.0085)  vol=$12  trades=3  first_trade=2026-05-26 22:48  winrate=0.265  n_markets_traded=34.000  herfindahl_index_markets=0.076
10:24:10 [super]   #693   0x70b420fb891145d9561eb051f7f3ba8fb4a9604b  prob=0.0332 (raw=0.0085)  vol=$13  trades=1  first_trade=2026-05-25 23:02  winrate=0.559  n_markets_traded=102.000  herfindahl_index_markets=0.018
10:24:10 [super]   #694   0x61400d688a31d195a314c3cfecc56cefd0898be8  prob=0.0332 (raw=0.0084)  vol=$47  trades=3  first_trade=2026-05-25 16:26  winrate=0.259  n_markets_traded=27.000  herfindahl_index_markets=0.057
10:24:10 [super]   #695   0x9d77b70cd7f7b8aa1edc140e364dc4519d67cf31  prob=0.0332 (raw=0.0084)  vol=$535  trades=27  first_trade=2026-05-25 22:02  winrate=0.119  n_markets_traded=145.000  herfindahl_index_markets=0.034
10:24:10 [super]   #696   0x168205abe04b2bbc665fada09297e284edec26ca  prob=0.0332 (raw=0.0084)  vol=$598  trades=6  first_trade=2026-05-25 11:00  winrate=0.426  n_markets_traded=129.000  herfindahl_index_markets=0.038
10:24:10 [super]   #697   0xe6c4e8508d6ebc4646ecea02ce781c44257d4c8b  prob=0.0332 (raw=0.0084)  vol=$17  trades=2  first_trade=2026-05-26 20:11  winrate=0.330  n_markets_traded=182.000  herfindahl_index_markets=0.027
10:24:10 [super]   #698   0x934c48284b955942cc8809a6faa7e606887dcd38  prob=0.0332 (raw=0.0084)  vol=$44  trades=1  first_trade=2026-05-25 12:59  winrate=0.448  n_markets_traded=179.000  herfindahl_index_markets=0.045
10:24:10 [super]   #699   0x9453a389c73df7991249d9f2c6e2c854157b1a48  prob=0.0332 (raw=0.0084)  vol=$3,373  trades=2  first_trade=2026-05-28 06:25  winrate=0.571  n_markets_traded=222.000  herfindahl_index_markets=0.018
10:24:10 [super]   #700   0xa3de21c8e8248a3bccfec6b68e33d4504802111a  prob=0.0332 (raw=0.0084)  vol=$52  trades=5  first_trade=2026-05-25 01:05  winrate=0.288  n_markets_traded=52.000  herfindahl_index_markets=0.086
10:24:10 [super]   #701   0x371ca7c768d4129cacf0985443589d92e026c236  prob=0.0332 (raw=0.0084)  vol=$11  trades=5  first_trade=2026-05-26 11:01  winrate=0.435  n_markets_traded=46.000  herfindahl_index_markets=0.052
10:24:10 [super]   #702   0x1a0523bf9014f9c6b00f9eb68721c7f8720a302f  prob=0.0332 (raw=0.0084)  vol=$5  trades=2  first_trade=2026-05-27 19:52  winrate=0.406  n_markets_traded=32.000  herfindahl_index_markets=0.061
10:24:10 [super]   #703   0x5bb3c0edb3b5ad08cf21c5d2ceb80d3d65794268  prob=0.0332 (raw=0.0084)  vol=$96  trades=2  first_trade=2026-05-27 10:43  winrate=0.479  n_markets_traded=116.000  herfindahl_index_markets=0.125
10:24:10 [super]   #704   0x0448f9df3a55876f234245e59e288b740cd486d9  prob=0.0332 (raw=0.0084)  vol=$2  trades=2  first_trade=2026-05-26 22:29  winrate=0.234  n_markets_traded=47.000  herfindahl_index_markets=0.088
10:24:10 [super]   #705   0xd7ee835cecd49a3f4c0f0c2b2e2382092ecb0e97  prob=0.0332 (raw=0.0083)  vol=$581  trades=4  first_trade=2026-05-26 12:40  winrate=0.503  n_markets_traded=175.000  herfindahl_index_markets=0.018
10:24:10 [super]   #706   0x953997781225ba9e786a611c0dfd2a7b55c624cc  prob=0.0332 (raw=0.0083)  vol=$3  trades=1  first_trade=2026-05-28 13:15  winrate=0.517  n_markets_traded=58.000  herfindahl_index_markets=0.148
10:24:10 [super]   #707   0xfb45b5f23b209c8db273da484289ad669a9f5b7b  prob=0.0332 (raw=0.0083)  vol=$2  trades=1  first_trade=2026-05-28 13:07  winrate=0.562  n_markets_traded=80.000  herfindahl_index_markets=0.127
10:24:10 [super]   #708   0x8103d60b41fb5ce5e4e77410f3644e953ac04d0a  prob=0.0332 (raw=0.0083)  vol=$41  trades=3  first_trade=2026-05-26 02:16  winrate=0.262  n_markets_traded=141.000  herfindahl_index_markets=0.019
10:24:10 [super]   #709   0x7d858550e3f39cb2f605b36e5b068a15bcb63a04  prob=0.0332 (raw=0.0083)  vol=$29  trades=5  first_trade=2026-05-25 21:14  winrate=0.403  n_markets_traded=303.000  herfindahl_index_markets=0.012
10:24:10 [super]   #710   0x9d8019321990b0e9d3947c74e7832f855b2afcaf  prob=0.0332 (raw=0.0083)  vol=$19,361  trades=2  first_trade=2026-05-28 13:40  winrate=0.556  n_markets_traded=45.000  herfindahl_index_markets=0.076
10:24:10 [super]   #711   0xffa14f82521b614393bc00bf98e20e213b133c38  prob=0.0332 (raw=0.0083)  vol=$7  trades=3  first_trade=2026-05-26 16:37  winrate=0.174  n_markets_traded=299.000  herfindahl_index_markets=0.028
10:24:10 [super]   #712   0xb9c4cdeaab8ce3b994149b83ce9484a4ca4f4798  prob=0.0332 (raw=0.0083)  vol=$31  trades=2  first_trade=2026-05-25 16:25  winrate=0.613  n_markets_traded=31.000  herfindahl_index_markets=0.066
10:24:10 [super]   #713   0x9e27cf1af4ac4e0e17a77e2bf3ff0f0f3578a266  prob=0.0332 (raw=0.0083)  vol=$311  trades=1  first_trade=2026-05-28 04:45  winrate=0.796  n_markets_traded=54.000  herfindahl_index_markets=0.048
10:24:10 [super]   #714   0x47ae6d13566c3418c4795c98ced1f197575eee94  prob=0.0332 (raw=0.0083)  vol=$2,639  trades=10  first_trade=2026-05-27 16:30  winrate=0.602  n_markets_traded=81.000  herfindahl_index_markets=0.075
10:24:10 [super]   #715   0x86e218a4991215e6cbf272fc7e504ff8295a2f3e  prob=0.0332 (raw=0.0083)  vol=$341  trades=2  first_trade=2026-05-25 23:37  winrate=0.229  n_markets_traded=529.000  herfindahl_index_markets=0.007
10:24:10 [super]   #716   0x53d89d557fe2b68a4cf2e75a76c43af2a08175f6  prob=0.0332 (raw=0.0083)  vol=$7  trades=1  first_trade=2026-05-27 12:32  winrate=0.173  n_markets_traded=52.000  herfindahl_index_markets=0.035
10:24:10 [super]   #717   0x847c9edf63828dfe09601ba63854e5a2dd269d31  prob=0.0332 (raw=0.0083)  vol=$2  trades=2  first_trade=2026-05-26 20:37  winrate=0.362  n_markets_traded=866.000  herfindahl_index_markets=0.007
10:24:10 [super]   #718   0x25ef822d7b54e2d3cd65099caf32a64d05f483cd  prob=0.0332 (raw=0.0082)  vol=$1  trades=1  first_trade=2026-05-25 21:48  winrate=0.109  n_markets_traded=802.000  herfindahl_index_markets=0.006
10:24:10 [super]   #719   0x561d369fcfb4248edbe76eb64e700f60a7154134  prob=0.0332 (raw=0.0082)  vol=$21  trades=2  first_trade=2026-05-25 21:18  winrate=0.744  n_markets_traded=43.000  herfindahl_index_markets=0.031
10:24:10 [super]   #720   0x99728e5a77ad13fd4a210cf8eb9c84e37739a4e8  prob=0.0332 (raw=0.0082)  vol=$10  trades=1  first_trade=2026-05-26 15:32  winrate=NaN  n_markets_traded=0.000  herfindahl_index_markets=0.000
10:24:10 [super]   #721   0x435de433def7e8a8a2d676037501f30a06936074  prob=0.0332 (raw=0.0082)  vol=$2  trades=1  first_trade=2026-05-28 12:42  winrate=0.608  n_markets_traded=74.000  herfindahl_index_markets=0.140
10:24:10 [super]   #722   0x13d9ae2468492ae41d137d11f264c40f01508786  prob=0.0332 (raw=0.0082)  vol=$13  trades=2  first_trade=2026-05-25 08:27  winrate=0.650  n_markets_traded=20.000  herfindahl_index_markets=0.088
10:24:10 [super]   #723   0xc435b580c0be45455af4c556b31ded0b836a2494  prob=0.0332 (raw=0.0082)  vol=$344  trades=7  first_trade=2026-05-25 21:14  winrate=0.297  n_markets_traded=319.000  herfindahl_index_markets=0.013
10:24:10 [super]   #724   0x5666ffa1ca295ef3161f950547480a63115ac630  prob=0.0332 (raw=0.0082)  vol=$1,996  trades=1  first_trade=2026-05-29 04:01  winrate=0.375  n_markets_traded=77.000  herfindahl_index_markets=0.031
10:24:10 [super]   #725   0x97a67e774ef32956d8c3fa8fef543639be872190  prob=0.0332 (raw=0.0082)  vol=$45  trades=2  first_trade=2026-05-25 13:05  winrate=0.370  n_markets_traded=172.000  herfindahl_index_markets=0.027
10:24:10 [super]   #726   0x2467ac6a4199a16fefbff6db1c15b9b0a0cde1c8  prob=0.0332 (raw=0.0082)  vol=$7  trades=4  first_trade=2026-05-25 23:32  winrate=0.449  n_markets_traded=855.000  herfindahl_index_markets=0.002
10:24:10 [super]   #727   0x7b7e55e6df09f1127dcd57dc6829a03e0a0150aa  prob=0.0332 (raw=0.0081)  vol=$1  trades=1  first_trade=2026-05-26 19:57  winrate=NaN  n_markets_traded=0.000  herfindahl_index_markets=0.000
10:24:10 [super]   #728   0x0000000000000000000000000000000000000000  prob=0.0332 (raw=0.0081)  vol=$1,166,329  trades=3000  first_trade=2026-05-24 21:48  winrate=NaN  n_markets_traded=0.000  herfindahl_index_markets=0.000
10:24:10 [super]   #729   0xb6987e4a9b5f238bf627ff2aa511f0c0da50976a  prob=0.0332 (raw=0.0081)  vol=$20  trades=2  first_trade=2026-05-27 21:01  winrate=0.159  n_markets_traded=69.000  herfindahl_index_markets=0.074
10:24:10 [super]   #730   0x1b043ff5e7a1db51ed6c43e4dad69899ab33e8e0  prob=0.0332 (raw=0.0081)  vol=$25  trades=2  first_trade=2026-05-25 05:28  winrate=0.129  n_markets_traded=427.000  herfindahl_index_markets=0.071
10:24:10 [super]   #731   0x1f501ca5f193532e90396cbd5dbb1f735d5ae621  prob=0.0332 (raw=0.0081)  vol=$15  trades=8  first_trade=2026-05-25 02:09  winrate=0.185  n_markets_traded=65.000  herfindahl_index_markets=0.072
10:24:10 [super]   #732   0xeafeed562a12ebae13f974b294d10986fa083b59  prob=0.0332 (raw=0.0081)  vol=$1  trades=1  first_trade=2026-05-29 03:19  winrate=0.061  n_markets_traded=82.000  herfindahl_index_markets=0.019
10:24:10 [super]   #733   0xf0a49e02312cb12c16a0828d9daf8dc7eab716bd  prob=0.0332 (raw=0.0081)  vol=$6  trades=1  first_trade=2026-05-28 13:05  winrate=0.627  n_markets_traded=75.000  herfindahl_index_markets=0.074
10:24:10 [super]   #734   0x48845b18510e90ed6bb0aab663527b7fb33a6af1  prob=0.0332 (raw=0.0081)  vol=$5  trades=4  first_trade=2026-05-27 19:59  winrate=0.412  n_markets_traded=34.000  herfindahl_index_markets=0.063
10:24:10 [super]   #735   0x72ef81e57956bf98debede0750d3be6f7da8f569  prob=0.0332 (raw=0.0081)  vol=$114  trades=5  first_trade=2026-05-27 00:36  winrate=0.259  n_markets_traded=112.000  herfindahl_index_markets=0.134
10:24:10 [super]   #736   0x3cd42bdcaeb82700e79ece54412496e4636630db  prob=0.0332 (raw=0.0081)  vol=$2  trades=1  first_trade=2026-05-28 10:31  winrate=0.294  n_markets_traded=51.000  herfindahl_index_markets=0.033
10:24:10 [super]   #737   0x92bd780a05239d619d0535ebddaadc73960ea5c3  prob=0.0332 (raw=0.0081)  vol=$4  trades=4  first_trade=2026-05-26 07:02  winrate=0.479  n_markets_traded=606.000  herfindahl_index_markets=0.005
10:24:10 [super]   #738   0x21589728573b61b4d5d235f844267835a97fcf43  prob=0.0332 (raw=0.0081)  vol=$17  trades=3  first_trade=2026-05-25 21:43  winrate=0.402  n_markets_traded=239.000  herfindahl_index_markets=0.020
10:24:10 [super]   #739   0xad64ceaa17b3167748bc0a5713f8d5e0e0e2de75  prob=0.0332 (raw=0.0081)  vol=$89  trades=1  first_trade=2026-05-25 23:23  winrate=0.265  n_markets_traded=49.000  herfindahl_index_markets=0.075
10:24:10 [super]   #740   0x606ed7945996ae85a8002b05f83319c518b96b3a  prob=0.0332 (raw=0.0081)  vol=$14  trades=1  first_trade=2026-05-28 17:09  winrate=0.680  n_markets_traded=239.000  herfindahl_index_markets=0.016
10:24:10 [super]   #741   0xdc82b9c63f21e075704d39b3cc960fe23f18d2fa  prob=0.0332 (raw=0.0080)  vol=$14  trades=2  first_trade=2026-05-29 04:45  winrate=0.550  n_markets_traded=20.000  herfindahl_index_markets=0.133
10:24:10 [super]   #742   0x45eaf6ef3cbfa6cd55976f72a909df077658e966  prob=0.0332 (raw=0.0080)  vol=$5  trades=1  first_trade=2026-05-26 19:35  winrate=NaN  n_markets_traded=0.000  herfindahl_index_markets=0.000
10:24:10 [super]   #743   0x8529548c9db71136d5e82886d99cb303150ab120  prob=0.0332 (raw=0.0080)  vol=$1  trades=2  first_trade=2026-05-27 23:53  winrate=0.483  n_markets_traded=29.000  herfindahl_index_markets=0.071
10:24:10 [super]   #744   0xc91b7d9f4463c9985f562149c31841cde87793bd  prob=0.0332 (raw=0.0080)  vol=$6  trades=2  first_trade=2026-05-27 23:21  winrate=NaN  n_markets_traded=0.000  herfindahl_index_markets=0.000
10:24:10 [super]   #745   0x14c8b146e169d321a456131b10ed2b9257b7b7d3  prob=0.0332 (raw=0.0080)  vol=$34  trades=2  first_trade=2026-05-25 07:13  winrate=0.529  n_markets_traded=17.000  herfindahl_index_markets=0.107
10:24:10 [super]   #746   0xb462b1412dd35d06cec84042815ecdb069cffc89  prob=0.0332 (raw=0.0080)  vol=$92  trades=1  first_trade=2026-05-25 12:42  winrate=0.576  n_markets_traded=479.000  herfindahl_index_markets=0.031
10:24:10 [super]   #747   0xc2634869e6f4661c498d8bb07a6d23526f37362a  prob=0.0332 (raw=0.0080)  vol=$2  trades=2  first_trade=2026-05-26 18:41  winrate=NaN  n_markets_traded=0.000  herfindahl_index_markets=0.000
10:24:10 [super]   #748   0xac3874733d8a0f67cf159bda2dbd687f919aefff  prob=0.0332 (raw=0.0080)  vol=$3  trades=2  first_trade=2026-05-27 00:57  winrate=NaN  n_markets_traded=0.000  herfindahl_index_markets=0.000
10:24:10 [super]   #749   0xc80ffc66a00a1a688f68e588b32487cb573e93c8  prob=0.0331 (raw=0.0080)  vol=$372  trades=2  first_trade=2026-05-27 22:34  winrate=NaN  n_markets_traded=0.000  herfindahl_index_markets=0.000
10:24:10 [super]   #750   0xf3b550c43f97a626049036e6f6dbb1f9413e4c72  prob=0.0331 (raw=0.0080)  vol=$201  trades=2  first_trade=2026-05-25 23:36  winrate=0.308  n_markets_traded=107.000  herfindahl_index_markets=0.054
10:24:10 [super]   #751   0xcfaa17111d4a6ead80ea5999237cdfa4bf7dc4cf  prob=0.0331 (raw=0.0080)  vol=$15  trades=1  first_trade=2026-05-25 12:35  winrate=0.444  n_markets_traded=9.000  herfindahl_index_markets=0.193
10:24:10 [super]   #752   0xaeed4dfbe9193b1e30630ec8e019cc15e23d462d  prob=0.0331 (raw=0.0080)  vol=$1  trades=1  first_trade=2026-05-28 04:08  winrate=0.490  n_markets_traded=49.000  herfindahl_index_markets=0.136
10:24:10 [super]   #753   0x24c8cf69a0e0a17eee21f69d29752bfa32e823e1  prob=0.0331 (raw=0.0080)  vol=$388  trades=5  first_trade=2026-05-24 22:06  winrate=NaN  n_markets_traded=0.000  herfindahl_index_markets=0.000
10:24:10 [super]   #754   0x03ba990052a23d7e6db4ad5f4619e1efd831257d  prob=0.0331 (raw=0.0080)  vol=$202  trades=2  first_trade=2026-05-26 12:15  winrate=0.294  n_markets_traded=16.000  herfindahl_index_markets=0.146
10:24:10 [super]   #755   0xcc2620f9e3cb4498e8aea556764ec341357932ca  prob=0.0331 (raw=0.0079)  vol=$90  trades=4  first_trade=2026-05-27 22:28  winrate=NaN  n_markets_traded=0.000  herfindahl_index_markets=0.000
10:24:10 [super]   #756   0x2fd4103779359fb063e5ede36dd7aebd5f635127  prob=0.0331 (raw=0.0079)  vol=$39  trades=2  first_trade=2026-05-26 14:07  winrate=0.414  n_markets_traded=70.000  herfindahl_index_markets=0.098
10:24:10 [super]   #757   0x05474155c749a558ae6adb76050a748a8820fb35  prob=0.0331 (raw=0.0079)  vol=$10  trades=1  first_trade=2026-05-27 10:34  winrate=NaN  n_markets_traded=0.000  herfindahl_index_markets=0.000
10:24:10 [super]   #758   0x21ffd2b7a212a6f277ed3eca1a9f8efcbca90d71  prob=0.0331 (raw=0.0079)  vol=$1  trades=1  first_trade=2026-05-28 00:03  winrate=NaN  n_markets_traded=0.000  herfindahl_index_markets=0.000
10:24:10 [super]   #759   0x7a3c613f4db5ec4f6f9cb8583ba45fd2fe41977c  prob=0.0331 (raw=0.0079)  vol=$1,001  trades=2  first_trade=2026-05-27 12:14  winrate=0.568  n_markets_traded=37.000  herfindahl_index_markets=0.107
10:24:10 [super]   #760   0x6080a724d6692f002277eb6e6c693f0a54bf0f44  prob=0.0331 (raw=0.0079)  vol=$1  trades=3  first_trade=2026-05-28 08:05  winrate=0.392  n_markets_traded=153.000  herfindahl_index_markets=0.149
10:24:10 [super]   #761   0x89a0115c606c00640ce13da5f66e5891fe7c23b6  prob=0.0331 (raw=0.0079)  vol=$6  trades=2  first_trade=2026-05-26 15:54  winrate=0.349  n_markets_traded=63.000  herfindahl_index_markets=0.028
10:24:10 [super]   #762   0x5cc8eeaf98afcc858319c3df0680d484f707a7ea  prob=0.0331 (raw=0.0079)  vol=$45  trades=2  first_trade=2026-05-26 04:26  winrate=0.196  n_markets_traded=56.000  herfindahl_index_markets=0.125
10:24:10 [super]   #763   0x42477970683d4d0a52ec7082fee5d760cc5591c4  prob=0.0331 (raw=0.0079)  vol=$6  trades=1  first_trade=2026-05-25 21:54  winrate=NaN  n_markets_traded=0.000  herfindahl_index_markets=0.000
10:24:10 [super]   #764   0x0d05b729b369f742a3b47b1312de4424ad396a81  prob=0.0331 (raw=0.0079)  vol=$335  trades=3  first_trade=2026-05-25 22:51  winrate=0.325  n_markets_traded=76.000  herfindahl_index_markets=0.045
10:24:10 [super]   #765   0x74bfa2b20ef9bea8f053ef830fea4a8372e7a955  prob=0.0331 (raw=0.0079)  vol=$83  trades=1  first_trade=2026-05-29 14:40  winrate=0.636  n_markets_traded=22.000  herfindahl_index_markets=0.091
10:24:10 [super]   #766   0x33039159ffe95333ef0661ac84b17b27fae69895  prob=0.0331 (raw=0.0079)  vol=$2  trades=2  first_trade=2026-05-25 12:26  winrate=0.415  n_markets_traded=323.000  herfindahl_index_markets=0.010
10:24:10 [super]   #767   0x0bd6da64c041e7cd802b9c95c1b4da164e028c92  prob=0.0331 (raw=0.0079)  vol=$13  trades=1  first_trade=2026-05-25 08:09  winrate=0.537  n_markets_traded=1300.000  herfindahl_index_markets=0.002
10:24:10 [super]   #768   0x1ac6b3153f79f907f00d4042b66ee59de78eb2ed  prob=0.0331 (raw=0.0078)  vol=$4  trades=3  first_trade=2026-05-27 16:40  winrate=0.225  n_markets_traded=356.000  herfindahl_index_markets=0.026
10:24:10 [super]   #769   0xa84f6eac41dcefff5c8f59b28fcaa31af9dcbc44  prob=0.0331 (raw=0.0078)  vol=$72  trades=1  first_trade=2026-05-28 16:09  winrate=0.506  n_markets_traded=265.000  herfindahl_index_markets=0.014
10:24:10 [super]   #770   0x40caba763f208beac9733ae7defb0440265298f4  prob=0.0331 (raw=0.0078)  vol=$1  trades=1  first_trade=2026-05-26 11:07  winrate=0.331  n_markets_traded=156.000  herfindahl_index_markets=0.059
10:24:10 [super]   #771   0xd6ddc6559313bcc819f1df1b3647f3930da998ee  prob=0.0331 (raw=0.0078)  vol=$661  trades=3  first_trade=2026-05-26 03:11  winrate=NaN  n_markets_traded=0.000  herfindahl_index_markets=0.000
10:24:10 [super]   #772   0x8a4fb160391f401990bf910909aa42cd6876a6e1  prob=0.0331 (raw=0.0078)  vol=$1  trades=1  first_trade=2026-05-27 17:03  winrate=0.346  n_markets_traded=26.000  herfindahl_index_markets=0.074
10:24:10 [super]   #773   0x9a8d4e51e8e079f26a98f2a660489103640edbba  prob=0.0331 (raw=0.0078)  vol=$3  trades=4  first_trade=2026-05-28 08:44  winrate=0.069  n_markets_traded=175.000  herfindahl_index_markets=0.027
10:24:10 [super]   #774   0x80e7e666409fff559879d4567bb6eafe4d8fd3a5  prob=0.0331 (raw=0.0078)  vol=$25  trades=1  first_trade=2026-05-27 03:11  winrate=0.629  n_markets_traded=701.000  herfindahl_index_markets=0.006
10:24:10 [super]   #775   0x19b8c7b0bee1aec7067bb303a3bcf7520335cc2a  prob=0.0331 (raw=0.0078)  vol=$55  trades=1  first_trade=2026-05-25 11:53  winrate=0.406  n_markets_traded=32.000  herfindahl_index_markets=0.108
10:24:10 [super]   #776   0x01ffc2167af026d3f5f7cb00fef1de352b4f3c75  prob=0.0331 (raw=0.0078)  vol=$3  trades=1  first_trade=2026-05-28 08:38  winrate=0.304  n_markets_traded=135.000  herfindahl_index_markets=0.028
10:24:10 [super]   #777   0x7d79987a83917c569113843dc561794ece71233e  prob=0.0331 (raw=0.0077)  vol=$33  trades=2  first_trade=2026-05-26 14:06  winrate=0.273  n_markets_traded=11.000  herfindahl_index_markets=0.132
10:24:10 [super]   #778   0x8aaaac8e8523492db360b722af35177f4d4d51df  prob=0.0331 (raw=0.0077)  vol=$66  trades=1  first_trade=2026-05-28 19:53  winrate=0.545  n_markets_traded=99.000  herfindahl_index_markets=0.044
10:24:10 [super]   #779   0x0c3c6cedfc55e5977fd9ad1221b75d25c62a5eea  prob=0.0331 (raw=0.0077)  vol=$7,259  trades=3  first_trade=2026-05-27 10:27  winrate=0.719  n_markets_traded=145.000  herfindahl_index_markets=0.029
10:24:10 [super]   #780   0x78ef5ac6cc138014ba5631fcebd9726d09c51dbc  prob=0.0331 (raw=0.0077)  vol=$3  trades=1  first_trade=2026-05-28 11:55  winrate=0.370  n_markets_traded=27.000  herfindahl_index_markets=0.125
10:24:10 [super]   #781   0xe8795bd3d265b046b9c4822c9fd06ea391dc6d22  prob=0.0331 (raw=0.0077)  vol=$5,795  trades=10  first_trade=2026-05-25 16:24  winrate=0.784  n_markets_traded=212.000  herfindahl_index_markets=0.046
10:24:10 [super]   #782   0xf53a1cbbd916f4ea9b18ee6eda8d2e0edc457970  prob=0.0331 (raw=0.0077)  vol=$2  trades=2  first_trade=2026-05-27 03:03  winrate=0.244  n_markets_traded=40.000  herfindahl_index_markets=0.053
10:24:10 [super]   #783   0xc96e5287ab294ac0388c2ddb00180fc464cff1f9  prob=0.0331 (raw=0.0077)  vol=$7,388  trades=1  first_trade=2026-05-28 09:03  winrate=NaN  n_markets_traded=0.000  herfindahl_index_markets=0.000
10:24:10 [super]   #784   0x40724ff9c89e6e01ce644ed16b6e001562b5541d  prob=0.0331 (raw=0.0077)  vol=$78  trades=1  first_trade=2026-05-25 06:05  winrate=0.419  n_markets_traded=43.000  herfindahl_index_markets=0.049
10:24:10 [super]   #785   0x04d4635d23dab727d0dc223622202a6b02568c51  prob=0.0331 (raw=0.0077)  vol=$3  trades=1  first_trade=2026-05-28 19:44  winrate=0.065  n_markets_traded=123.000  herfindahl_index_markets=0.067
10:24:10 [super]   #786   0x2946afc37ce5a8b1051b051f2fdb23f2be7d8eb4  prob=0.0331 (raw=0.0077)  vol=$38  trades=4  first_trade=2026-05-26 23:16  winrate=0.298  n_markets_traded=341.000  herfindahl_index_markets=0.014
10:24:10 [super]   #787   0xf54dc6901f6cc839eec6af4f1cd58f22912aab3d  prob=0.0331 (raw=0.0076)  vol=$2  trades=1  first_trade=2026-05-28 12:46  winrate=0.701  n_markets_traded=77.000  herfindahl_index_markets=0.106
10:24:10 [super]   #788   0x7a6010f37b96a121ca8ae55d1f297384a244b0b3  prob=0.0331 (raw=0.0076)  vol=$4  trades=2  first_trade=2026-05-27 09:04  winrate=0.310  n_markets_traded=171.000  herfindahl_index_markets=0.029
10:24:10 [super]   #789   0xf53396b2144942d23ba6c8bf40405a924ed3046c  prob=0.0331 (raw=0.0076)  vol=$1  trades=1  first_trade=2026-05-28 10:32  winrate=0.429  n_markets_traded=49.000  herfindahl_index_markets=0.039
10:24:10 [super]   #790   0x22f232ef5e170cfe8ba01f82d83aebab5cf68ec3  prob=0.0331 (raw=0.0076)  vol=$1  trades=1  first_trade=2026-05-28 10:39  winrate=0.471  n_markets_traded=51.000  herfindahl_index_markets=0.030
10:24:10 [super]   #791   0x9724e074e9ea7cc35a44922a863ef7490d29fbc7  prob=0.0331 (raw=0.0076)  vol=$24  trades=5  first_trade=2026-05-27 22:36  winrate=0.207  n_markets_traded=120.000  herfindahl_index_markets=0.040
10:24:10 [super]   #792   0x1bd827a6943ae682c360ea1841fb0b787eaede8b  prob=0.0331 (raw=0.0076)  vol=$4  trades=1  first_trade=2026-05-29 07:59  winrate=0.921  n_markets_traded=113.000  herfindahl_index_markets=0.022
10:24:10 [super]   #793   0x5f95f768511ba2e50c576066fd611c77335746c4  prob=0.0331 (raw=0.0076)  vol=$4  trades=1  first_trade=2026-05-25 03:43  winrate=0.173  n_markets_traded=863.000  herfindahl_index_markets=0.006
10:24:10 [super]   #794   0x77da588a1a816953a95c5c2bb9e8c57c53f02fd2  prob=0.0331 (raw=0.0076)  vol=$277  trades=3  first_trade=2026-05-25 06:36  winrate=0.400  n_markets_traded=40.000  herfindahl_index_markets=0.062
10:24:10 [super]   #795   0x47dcfc796b166957e56c4b934c7c46d130ff6663  prob=0.0331 (raw=0.0076)  vol=$14  trades=1  first_trade=2026-05-26 13:48  winrate=0.240  n_markets_traded=508.000  herfindahl_index_markets=0.006
10:24:10 [super]   #796   0x9561fa181e0fed5fe1c58728985079974a54ff72  prob=0.0331 (raw=0.0076)  vol=$0  trades=1  first_trade=2026-05-28 12:32  winrate=0.473  n_markets_traded=55.000  herfindahl_index_markets=0.083
10:24:10 [super]   #797   0xc7215a96f277e13e98f73ca52589cd19dd901b8f  prob=0.0331 (raw=0.0076)  vol=$1  trades=1  first_trade=2026-05-25 15:50  winrate=0.427  n_markets_traded=157.000  herfindahl_index_markets=0.013
10:24:10 [super]   #798   0xc7d02944a76b9f83b199e9090ecc92c82d241f8a  prob=0.0331 (raw=0.0076)  vol=$530  trades=108  first_trade=2026-05-24 21:48  winrate=NaN  n_markets_traded=0.000  herfindahl_index_markets=0.000
10:24:10 [super]   #799   0x53fb927aaa49725744a6ac7eeedf51fd1c93e92a  prob=0.0331 (raw=0.0076)  vol=$64  trades=2  first_trade=2026-05-26 03:07  winrate=0.434  n_markets_traded=106.000  herfindahl_index_markets=0.039
10:24:10 [super]   #800   0x3d1eb7f95941401a058b3bdab4b86ada72b81e21  prob=0.0331 (raw=0.0076)  vol=$119  trades=1  first_trade=2026-05-28 05:34  winrate=0.345  n_markets_traded=87.000  herfindahl_index_markets=0.038
10:24:10 [super]   #801   0x103404b7b6226dd1bf3ed0112895f9a3f546be24  prob=0.0331 (raw=0.0075)  vol=$45  trades=1  first_trade=2026-05-28 15:22  winrate=0.781  n_markets_traded=291.000  herfindahl_index_markets=0.008
10:24:10 [super]   #802   0x10ab29fe57806468e2400c8b3feff4bc812dd433  prob=0.0331 (raw=0.0075)  vol=$30  trades=1  first_trade=2026-05-25 16:03  winrate=0.238  n_markets_traded=21.000  herfindahl_index_markets=0.116
10:24:10 [super]   #803   0x44fca0c6c9a7ffb86c509bdcaa92743eb3d4fbbc  prob=0.0331 (raw=0.0075)  vol=$19  trades=2  first_trade=2026-05-26 09:58  winrate=0.333  n_markets_traded=157.000  herfindahl_index_markets=0.052
10:24:10 [super]   #804   0x448d7dfa1b1a8f356a9632fdd6693bfd1da5102b  prob=0.0331 (raw=0.0075)  vol=$30  trades=5  first_trade=2026-05-27 23:22  winrate=0.167  n_markets_traded=18.000  herfindahl_index_markets=0.125
10:24:10 [super]   #805   0xf88220c41e4441b563b0743ab473bc7dc121167f  prob=0.0331 (raw=0.0075)  vol=$20  trades=1  first_trade=2026-05-30 07:03  winrate=0.873  n_markets_traded=102.000  herfindahl_index_markets=0.016
10:24:10 [super]   #806   0x94c56fb3f8e7b8a934ddbfd1a4fa1a4282b9e6ee  prob=0.0331 (raw=0.0074)  vol=$79  trades=2  first_trade=2026-05-26 09:33  winrate=0.704  n_markets_traded=27.000  herfindahl_index_markets=0.157
10:24:10 [super]   #807   0x558fe96332a8a307578a22ce495d066e652a0cd0  prob=0.0331 (raw=0.0074)  vol=$45  trades=2  first_trade=2026-05-27 17:01  winrate=0.455  n_markets_traded=33.000  herfindahl_index_markets=0.088
10:24:10 [super]   #808   0x1f2c729463c7dd971193fc4b6f4505ee81e715a9  prob=0.0331 (raw=0.0074)  vol=$1  trades=1  first_trade=2026-05-26 12:21  winrate=0.161  n_markets_traded=56.000  herfindahl_index_markets=0.073
10:24:10 [super]   #809   0x96f91943667762bbce634653e01e1a4745611d08  prob=0.0331 (raw=0.0074)  vol=$21  trades=1  first_trade=2026-05-28 05:05  winrate=0.600  n_markets_traded=55.000  herfindahl_index_markets=0.082
10:24:10 [super]   #810   0x54945d0167c18805a7947231d34e732bdcce7ead  prob=0.0331 (raw=0.0074)  vol=$14  trades=1  first_trade=2026-05-25 08:09  winrate=0.493  n_markets_traded=69.000  herfindahl_index_markets=0.023
10:24:10 [super]   #811   0xad529df14c293d77984a0137990a1441b25211ac  prob=0.0331 (raw=0.0074)  vol=$203  trades=4  first_trade=2026-05-27 22:33  winrate=NaN  n_markets_traded=0.000  herfindahl_index_markets=0.000
10:24:10 [super]   #812   0xe7d0aefa1e6aaa65e1ada1a71c2f11b885305018  prob=0.0331 (raw=0.0074)  vol=$11  trades=11  first_trade=2026-05-25 21:49  winrate=0.297  n_markets_traded=111.000  herfindahl_index_markets=0.018
10:24:10 [super]   #813   0x6b025355d035a679205ae23de33c7e9abe71e5fc  prob=0.0331 (raw=0.0074)  vol=$134  trades=12  first_trade=2026-05-25 20:49  winrate=0.156  n_markets_traded=45.000  herfindahl_index_markets=0.081
10:24:10 [super]   #814   0x18c708553e0d2024155d46b99b616a5cb1f277b2  prob=0.0331 (raw=0.0074)  vol=$7  trades=1  first_trade=2026-05-28 15:20  winrate=0.553  n_markets_traded=318.000  herfindahl_index_markets=0.039
10:24:10 [super]   #815   0xa2301658bef5d1c550bc4d5a6b4b8bde87a61cdb  prob=0.0331 (raw=0.0074)  vol=$599  trades=1  first_trade=2026-05-25 23:03  winrate=0.322  n_markets_traded=291.000  herfindahl_index_markets=0.016
10:24:10 [super]   #816   0x3a237fba30a72dbb7722461d1b8a83ac64d70f72  prob=0.0331 (raw=0.0074)  vol=$17  trades=5  first_trade=2026-05-25 10:38  winrate=NaN  n_markets_traded=0.000  herfindahl_index_markets=0.000
10:24:10 [super]   #817   0x883782e93a816054833a68a65b2f27f4103417aa  prob=0.0331 (raw=0.0074)  vol=$39  trades=1  first_trade=2026-05-27 14:24  winrate=NaN  n_markets_traded=0.000  herfindahl_index_markets=0.000
10:24:10 [super]   #818   0x95b1c21ea3a9c09d9138de3472b16e663da2bc01  prob=0.0331 (raw=0.0074)  vol=$25  trades=1  first_trade=2026-05-30 12:16  winrate=0.596  n_markets_traded=136.000  herfindahl_index_markets=0.014
10:24:10 [super]   #819   0x18510d997eba5b8a0102bad7307e70e32bc4ae47  prob=0.0331 (raw=0.0073)  vol=$1  trades=1  first_trade=2026-05-28 08:04  winrate=NaN  n_markets_traded=0.000  herfindahl_index_markets=0.000
10:24:10 [super]   #820   0x333a9b68562997253a13062602a22517297bbd76  prob=0.0331 (raw=0.0073)  vol=$168  trades=3  first_trade=2026-05-25 23:03  winrate=0.154  n_markets_traded=52.000  herfindahl_index_markets=0.097
10:24:10 [super]   #821   0x86aac2dc1708b2b778d4507f9c5ba1058ad32682  prob=0.0331 (raw=0.0073)  vol=$1  trades=1  first_trade=2026-05-28 01:35  winrate=0.623  n_markets_traded=228.000  herfindahl_index_markets=0.007
10:24:10 [super]   #822   0x2cece679f2adfb239abe2bbad380bf1f4cf3809e  prob=0.0331 (raw=0.0073)  vol=$119  trades=1  first_trade=2026-05-28 17:55  winrate=0.461  n_markets_traded=115.000  herfindahl_index_markets=0.037
10:24:10 [super]   #823   0xae78113fb84b159eba90be1cfae9ffba03e5dc54  prob=0.0331 (raw=0.0073)  vol=$1  trades=2  first_trade=2026-05-26 05:40  winrate=0.256  n_markets_traded=39.000  herfindahl_index_markets=0.093
10:24:10 [super]   #824   0xf5bd0f1e561a14bb1b527e3b06d59989ae17169a  prob=0.0331 (raw=0.0073)  vol=$119  trades=8  first_trade=2026-05-25 15:50  winrate=0.260  n_markets_traded=354.000  herfindahl_index_markets=0.026
10:24:10 [super]   #825   0x0b5bce8e6b9983c0bfde1442d3578386546edca3  prob=0.0331 (raw=0.0073)  vol=$5  trades=1  first_trade=2026-05-26 12:22  winrate=0.331  n_markets_traded=286.000  herfindahl_index_markets=0.037
10:24:10 [super]   #826   0x0711e162e05349de3d87626dea4285d08537f03c  prob=0.0330 (raw=0.0073)  vol=$1  trades=1  first_trade=2026-05-28 08:10  winrate=NaN  n_markets_traded=0.000  herfindahl_index_markets=0.000
10:24:10 [super]   #827   0x4f5265be24179b0a24d1c63d6e44def5ba4d0380  prob=0.0330 (raw=0.0072)  vol=$50  trades=1  first_trade=2026-05-29 08:13  winrate=0.563  n_markets_traded=85.000  herfindahl_index_markets=0.050
10:24:10 [super]   #828   0xe94a640cdf4bda5b07cb269f96413115102e0ff1  prob=0.0330 (raw=0.0072)  vol=$30  trades=1  first_trade=2026-05-28 16:13  winrate=0.597  n_markets_traded=208.000  herfindahl_index_markets=0.033
10:24:10 [super]   #829   0x6574aad7f817be149ff8d6617adee82074630b33  prob=0.0330 (raw=0.0072)  vol=$33  trades=2  first_trade=2026-05-28 08:38  winrate=0.034  n_markets_traded=29.000  herfindahl_index_markets=0.136
10:24:10 [super]   #830   0x3998765628d36b235dca070dcc766363672fe329  prob=0.0330 (raw=0.0072)  vol=$2  trades=1  first_trade=2026-05-25 08:27  winrate=0.353  n_markets_traded=17.000  herfindahl_index_markets=0.093
10:24:10 [super]   #831   0x66209e44c0fc4a5ebd18c080d969401331ef40aa  prob=0.0330 (raw=0.0072)  vol=$1  trades=1  first_trade=2026-05-28 01:47  winrate=0.924  n_markets_traded=65.000  herfindahl_index_markets=0.031
10:24:10 [super]   #832   0xeed9d4af310f297d9540b8d4af660c8c5a027405  prob=0.0330 (raw=0.0071)  vol=$2  trades=1  first_trade=2026-05-28 19:54  winrate=0.559  n_markets_traded=227.000  herfindahl_index_markets=0.018
10:24:10 [super]   #833   0xb6c54de95da12379271f05e01e649a81cb6ec55f  prob=0.0330 (raw=0.0071)  vol=$10  trades=2  first_trade=2026-05-26 04:17  winrate=0.000  n_markets_traded=27.000  herfindahl_index_markets=0.067
10:24:10 [super]   #834   0xc28908d7b87d8bdd7e53afe4a64016a06dda04f1  prob=0.0330 (raw=0.0071)  vol=$1  trades=1  first_trade=2026-05-28 14:12  winrate=0.565  n_markets_traded=159.000  herfindahl_index_markets=0.033
10:24:10 [super]   #835   0xc5a3b3c986058c3f2ba7f4332bbfcced9b10883a  prob=0.0330 (raw=0.0071)  vol=$466  trades=1  first_trade=2026-05-28 00:30  winrate=0.421  n_markets_traded=140.000  herfindahl_index_markets=0.023
10:24:10 [super]   #836   0x5af3ab9e515059aa34a8f7900edc76cb1504462b  prob=0.0330 (raw=0.0071)  vol=$1  trades=1  first_trade=2026-05-28 10:34  winrate=0.328  n_markets_traded=61.000  herfindahl_index_markets=0.067
10:24:10 [super]   #837   0xd426adbc3c4461c86099c26221c877f20e42334a  prob=0.0330 (raw=0.0071)  vol=$1,355  trades=3  first_trade=2026-05-25 01:41  winrate=NaN  n_markets_traded=0.000  herfindahl_index_markets=0.000
10:24:10 [super]   #838   0x6a3c02feca0009871db79f9dea6ffd3ab98f2db9  prob=0.0330 (raw=0.0070)  vol=$10  trades=2  first_trade=2026-05-28 03:19  winrate=0.094  n_markets_traded=264.000  herfindahl_index_markets=0.045
10:24:10 [super]   #839   0xc6fa721b4f3df91f6f26d3806d8fec0cb3eda933  prob=0.0330 (raw=0.0070)  vol=$50  trades=2  first_trade=2026-05-27 22:57  winrate=0.800  n_markets_traded=410.000  herfindahl_index_markets=0.005
10:24:10 [super]   #840   0x3eaba9ef031de0d7f7c0f723117a12e7d3277508  prob=0.0330 (raw=0.0070)  vol=$8  trades=2  first_trade=2026-05-26 18:00  winrate=0.747  n_markets_traded=158.000  herfindahl_index_markets=0.008
10:24:10 [super]   #841   0xcacc0e8b327074dba9883da5cc51396a865a2eac  prob=0.0330 (raw=0.0070)  vol=$14  trades=2  first_trade=2026-05-25 23:50  winrate=0.296  n_markets_traded=81.000  herfindahl_index_markets=0.072
10:24:10 [super]   #842   0xab6a2f2db413150c4755ea41d21e1d8af424e67e  prob=0.0330 (raw=0.0070)  vol=$2  trades=1  first_trade=2026-05-29 00:10  winrate=0.082  n_markets_traded=97.000  herfindahl_index_markets=0.046
10:24:10 [super]   #843   0x314a5a0c97696a76b4926b43f6a661224f9d0fcb  prob=0.0330 (raw=0.0070)  vol=$1  trades=1  first_trade=2026-05-29 04:13  winrate=0.618  n_markets_traded=359.000  herfindahl_index_markets=0.019
10:24:10 [super]   #844   0xaab430d847a1d57abce074b549e4d59497ec5a40  prob=0.0330 (raw=0.0070)  vol=$1  trades=1  first_trade=2026-05-29 19:25  winrate=0.377  n_markets_traded=212.000  herfindahl_index_markets=0.018
10:24:10 [super]   #845   0x2757379cc421b8e4128833bd01e769a40e03b41d  prob=0.0330 (raw=0.0070)  vol=$1  trades=1  first_trade=2026-05-29 06:28  winrate=0.137  n_markets_traded=50.000  herfindahl_index_markets=0.031
10:24:10 [super]   #846   0xd288745499cbe5de494aea1af59cb310f0988d5a  prob=0.0330 (raw=0.0070)  vol=$1  trades=1  first_trade=2026-05-28 10:38  winrate=0.327  n_markets_traded=49.000  herfindahl_index_markets=0.031
10:24:10 [super]   #847   0x73ae95e6ff558001024e8dda933105cc15ead34c  prob=0.0330 (raw=0.0070)  vol=$2  trades=3  first_trade=2026-05-25 09:42  winrate=0.452  n_markets_traded=42.000  herfindahl_index_markets=0.067
10:24:10 [super]   #848   0xa9aca75fb5d8f04c2ec9eeb0eb0c30d2e526c5d1  prob=0.0330 (raw=0.0070)  vol=$100  trades=1  first_trade=2026-05-25 10:24  winrate=NaN  n_markets_traded=0.000  herfindahl_index_markets=0.000
10:24:10 [super]   #849   0x032aa3277e1d7970f0f5c7d66add7af5ace1cf07  prob=0.0330 (raw=0.0070)  vol=$8  trades=4  first_trade=2026-05-27 17:48  winrate=0.043  n_markets_traded=117.000  herfindahl_index_markets=0.145
10:24:10 [super]   #850   0xf1635e1c8f1e22dc3beb58e922bb9e115db781fe  prob=0.0330 (raw=0.0070)  vol=$4  trades=2  first_trade=2026-05-26 23:40  winrate=0.812  n_markets_traded=324.000  herfindahl_index_markets=0.009
10:24:10 [super]   #851   0xa8fa4cb86e163f01032cf7c1601ede9f5d43894b  prob=0.0330 (raw=0.0069)  vol=$49  trades=1  first_trade=2026-05-29 07:37  winrate=0.649  n_markets_traded=77.000  herfindahl_index_markets=0.076
10:24:10 [super]   #852   0x3d60a4dcf361d6eed01bfadd0c6cfc2ac8866df2  prob=0.0330 (raw=0.0069)  vol=$119  trades=2  first_trade=2026-05-25 06:29  winrate=NaN  n_markets_traded=0.000  herfindahl_index_markets=0.000
10:24:10 [super]   #853   0x9e455413b57a792dfd92032f9a7a9fb282803662  prob=0.0330 (raw=0.0069)  vol=$1,010  trades=7  first_trade=2026-05-26 12:23  winrate=0.717  n_markets_traded=530.000  herfindahl_index_markets=0.006
10:24:10 [super]   #854   0xc281ad222df6d91ba397fb3b086130998fd6e079  prob=0.0330 (raw=0.0069)  vol=$184  trades=2  first_trade=2026-05-25 09:43  winrate=0.810  n_markets_traded=938.000  herfindahl_index_markets=0.006
10:24:10 [super]   #855   0x63cc40081ebb2b5563bd2949816169d720f8eec5  prob=0.0330 (raw=0.0069)  vol=$16  trades=10  first_trade=2026-05-26 07:29  winrate=NaN  n_markets_traded=0.000  herfindahl_index_markets=0.000
10:24:10 [super]   #856   0x7f1e3e9ab67fd3f2e09c2462a7b0ef188f66fb27  prob=0.0330 (raw=0.0069)  vol=$171  trades=1  first_trade=2026-05-28 02:30  winrate=0.446  n_markets_traded=56.000  herfindahl_index_markets=0.128
10:24:10 [super]   #857   0xaf820de93461c92b6d30fa6f8afb7b7b596e916a  prob=0.0330 (raw=0.0068)  vol=$7  trades=2  first_trade=2026-05-25 02:32  winrate=0.603  n_markets_traded=540.000  herfindahl_index_markets=0.006
10:24:10 [super]   #858   0x3fda697bdf36ab5fd3cdad936ce70472ea4fb58e  prob=0.0330 (raw=0.0068)  vol=$1  trades=1  first_trade=2026-05-29 04:36  winrate=0.162  n_markets_traded=99.000  herfindahl_index_markets=0.017
10:24:10 [super]   #859   0x20e3af2505cfd08c8c8654ee960acfa46bc7d1bd  prob=0.0330 (raw=0.0068)  vol=$5  trades=1  first_trade=2026-05-28 01:39  winrate=0.414  n_markets_traded=634.000  herfindahl_index_markets=0.003
10:24:10 [super]   #860   0x8df92602ec9c454e8099d9dc4a3f0d21daa0468c  prob=0.0330 (raw=0.0068)  vol=$2,195  trades=2  first_trade=2026-05-28 14:31  winrate=0.480  n_markets_traded=193.000  herfindahl_index_markets=0.016
10:24:10 [super]   #861   0x15e262fc440d683729af65b08d0181e700ae5985  prob=0.0330 (raw=0.0068)  vol=$97  trades=1  first_trade=2026-05-29 11:27  winrate=0.443  n_markets_traded=291.000  herfindahl_index_markets=0.012
10:24:10 [super]   #862   0x4d9d7f303dde919abc0bd299bbb3b2ef9e29eabf  prob=0.0330 (raw=0.0067)  vol=$9  trades=2  first_trade=2026-05-27 22:02  winrate=0.933  n_markets_traded=1126.000  herfindahl_index_markets=0.001
10:24:10 [super]   #863   0x39d0f1dca6fb7e5514858c1a337724a426764fe8  prob=0.0330 (raw=0.0067)  vol=$89  trades=1  first_trade=2026-05-25 06:35  winrate=NaN  n_markets_traded=0.000  herfindahl_index_markets=0.000
10:24:10 [super]   #864   0xddb7df911a1660fec47cf1b39afa101e694ed5a4  prob=0.0330 (raw=0.0067)  vol=$8  trades=2  first_trade=2026-05-29 08:47  winrate=0.381  n_markets_traded=21.000  herfindahl_index_markets=0.133
10:24:10 [super]   #865   0x70efddcfdd23578823221d60b2b82b9e508f5124  prob=0.0330 (raw=0.0067)  vol=$6  trades=2  first_trade=2026-05-29 06:46  winrate=0.435  n_markets_traded=23.000  herfindahl_index_markets=0.108
10:24:10 [super]   #866   0x56550162b001c8c581533a2ca47da315baae9df5  prob=0.0330 (raw=0.0067)  vol=$100  trades=1  first_trade=2026-05-30 17:01  winrate=0.385  n_markets_traded=13.000  herfindahl_index_markets=0.104
10:24:10 [super]   #867   0x3e5630959499c5b5e55aceeeeae7446933d335d5  prob=0.0330 (raw=0.0067)  vol=$0  trades=4  first_trade=2026-05-28 00:37  winrate=0.318  n_markets_traded=159.000  herfindahl_index_markets=0.020
10:24:10 [super]   #868   0x9f140ccf5ed00fce6bcfd212896c0cf71b017328  prob=0.0330 (raw=0.0067)  vol=$823  trades=1  first_trade=2026-05-28 16:00  winrate=0.302  n_markets_traded=71.000  herfindahl_index_markets=0.055
10:24:10 [super]   #869   0x6a6a9c770ef86a345fedd696faa00da1a693402b  prob=0.0330 (raw=0.0067)  vol=$8  trades=1  first_trade=2026-05-29 13:52  winrate=0.554  n_markets_traded=83.000  herfindahl_index_markets=0.015
10:24:10 [super]   #870   0xa8c63f775ddbbe66b56614191747def3021444e8  prob=0.0330 (raw=0.0067)  vol=$13,657  trades=4  first_trade=2026-05-26 13:13  winrate=NaN  n_markets_traded=0.000  herfindahl_index_markets=0.000
10:24:10 [super]   #871   0x29bcb7ae284d68e1b8de2a75b62a7204a675e100  prob=0.0330 (raw=0.0067)  vol=$12  trades=1  first_trade=2026-05-25 10:34  winrate=0.385  n_markets_traded=366.000  herfindahl_index_markets=0.010
10:24:10 [super]   #872   0x627d21cdc1f9ac13453e9b612c9920864633db79  prob=0.0330 (raw=0.0066)  vol=$35  trades=2  first_trade=2026-05-27 11:32  winrate=0.920  n_markets_traded=213.000  herfindahl_index_markets=0.021
10:24:10 [super]   #873   0x101c766b1c2829427ad71bf845231d4afb2215a3  prob=0.0330 (raw=0.0066)  vol=$3  trades=2  first_trade=2026-05-29 07:04  winrate=0.458  n_markets_traded=153.000  herfindahl_index_markets=0.041
10:24:10 [super]   #874   0x946e338b86a3b52d71b642c00a3ed38595031225  prob=0.0330 (raw=0.0066)  vol=$19  trades=3  first_trade=2026-05-25 10:27  winrate=0.140  n_markets_traded=93.000  herfindahl_index_markets=0.066
10:24:10 [super]   #875   0x44128db8ea4c5a1fbb9bebeb5e82f2b63e71f131  prob=0.0330 (raw=0.0066)  vol=$17  trades=3  first_trade=2026-05-25 11:02  winrate=0.489  n_markets_traded=333.000  herfindahl_index_markets=0.014
10:24:10 [super]   #876   0x4319200a91a6da75a987f5704062571886397901  prob=0.0330 (raw=0.0066)  vol=$20  trades=2  first_trade=2026-05-27 07:35  winrate=0.123  n_markets_traded=73.000  herfindahl_index_markets=0.027
10:24:10 [super]   #877   0x5e040a09b01671be88a71add482c8c824402864c  prob=0.0330 (raw=0.0066)  vol=$60  trades=2  first_trade=2026-05-28 04:05  winrate=NaN  n_markets_traded=0.000  herfindahl_index_markets=0.000
10:24:10 [super]   #878   0xf823e2b90a804026f74d39f3f7b1b4ee7bdf5a6d  prob=0.0330 (raw=0.0066)  vol=$1  trades=1  first_trade=2026-05-28 00:31  winrate=0.235  n_markets_traded=68.000  herfindahl_index_markets=0.113
10:24:10 [super]   #879   0x034900d27f97423d4e30be0486713845ad762d80  prob=0.0330 (raw=0.0066)  vol=$4  trades=4  first_trade=2026-05-26 19:37  winrate=0.395  n_markets_traded=80.000  herfindahl_index_markets=0.036
10:24:10 [super]   #880   0x81d131a7b47d012ac448c165a41b152ecf9b4e30  prob=0.0330 (raw=0.0065)  vol=$1,809  trades=6  first_trade=2026-05-25 21:50  winrate=0.580  n_markets_traded=375.000  herfindahl_index_markets=0.018
10:24:10 [super]   #881   0xd8d5289c35124b5353f5a10a28b8cc29aec38935  prob=0.0329 (raw=0.0065)  vol=$1,127  trades=2  first_trade=2026-05-26 08:36  winrate=NaN  n_markets_traded=0.000  herfindahl_index_markets=0.000
10:24:10 [super]   #882   0xf58c622a163c92b59eb5bbbbafd1bad45eb5d588  prob=0.0329 (raw=0.0065)  vol=$100  trades=1  first_trade=2026-05-29 23:40  winrate=0.200  n_markets_traded=125.000  herfindahl_index_markets=0.021
10:24:10 [super]   #883   0xf8eb681fb8909496dc15aea5b233b310e2db8473  prob=0.0329 (raw=0.0064)  vol=$37  trades=1  first_trade=2026-05-29 16:36  winrate=0.384  n_markets_traded=125.000  herfindahl_index_markets=0.026
10:24:10 [super]   #884   0x333504132060bfe5330106546c16ea4fb780d0f7  prob=0.0329 (raw=0.0064)  vol=$20  trades=2  first_trade=2026-05-27 23:02  winrate=0.628  n_markets_traded=172.000  herfindahl_index_markets=0.025
10:24:10 [super]   #885   0x7a93624258ea2f98a9d909567fbe05aa7fdff34c  prob=0.0329 (raw=0.0064)  vol=$200  trades=2  first_trade=2026-05-27 17:54  winrate=0.538  n_markets_traded=13.000  herfindahl_index_markets=0.126
10:24:10 [super]   #886   0x3368b1377ce46398542a01b88cff78bff47c2079  prob=0.0329 (raw=0.0064)  vol=$100  trades=1  first_trade=2026-05-28 15:07  winrate=0.362  n_markets_traded=243.000  herfindahl_index_markets=0.155
10:24:10 [super]   #887   0x2eae1023ecfe412625c9ded996501145add4a25f  prob=0.0329 (raw=0.0064)  vol=$2  trades=2  first_trade=2026-05-28 08:56  winrate=0.212  n_markets_traded=371.000  herfindahl_index_markets=0.017
10:24:10 [super]   #888   0x8b42c0b1e49b2d0f734edd25b2306f3ec272405a  prob=0.0329 (raw=0.0064)  vol=$2  trades=1  first_trade=2026-05-29 20:17  winrate=0.405  n_markets_traded=413.000  herfindahl_index_markets=0.015
10:24:10 [super]   #889   0x320f269188475ea961a42e04d72e2086aa58176c  prob=0.0329 (raw=0.0064)  vol=$198  trades=2  first_trade=2026-05-27 07:58  winrate=0.617  n_markets_traded=120.000  herfindahl_index_markets=0.050
10:24:10 [super]   #890   0xb03e9b1a6632e4018639a24ba89f7b62e09c1091  prob=0.0329 (raw=0.0064)  vol=$140  trades=5  first_trade=2026-05-27 22:30  winrate=0.600  n_markets_traded=529.000  herfindahl_index_markets=0.021
10:24:10 [super]   #891   0x0cffb5cbd0f9c4b58810e3da84a35328dd148cca  prob=0.0329 (raw=0.0064)  vol=$3  trades=3  first_trade=2026-05-27 13:00  winrate=0.191  n_markets_traded=89.000  herfindahl_index_markets=0.024
10:24:10 [super]   #892   0x91bb72c6a1bf788662e40dd924794a2ad6d69033  prob=0.0329 (raw=0.0064)  vol=$1  trades=1  first_trade=2026-05-28 19:02  winrate=0.178  n_markets_traded=118.000  herfindahl_index_markets=0.022
10:24:10 [super]   #893   0x4a2f5dcea74601cdb63f8a09bf5a62aa06042bc6  prob=0.0329 (raw=0.0064)  vol=$2  trades=2  first_trade=2026-05-28 12:03  winrate=0.289  n_markets_traded=227.000  herfindahl_index_markets=0.025
10:24:10 [super]   #894   0x186c83f9205ab8d4bcb3795804b64b317e8afaf1  prob=0.0329 (raw=0.0064)  vol=$47  trades=2  first_trade=2026-05-27 17:02  winrate=0.379  n_markets_traded=29.000  herfindahl_index_markets=0.071
10:24:10 [super]   #895   0x144e019d576f112fa767cc77240b98a7f31e5e08  prob=0.0329 (raw=0.0064)  vol=$58  trades=3  first_trade=2026-05-28 03:18  winrate=NaN  n_markets_traded=0.000  herfindahl_index_markets=0.000
10:24:10 [super]   #896   0x77083282613acf56201e204282caa95e60ee42cb  prob=0.0329 (raw=0.0064)  vol=$21  trades=1  first_trade=2026-05-30 15:11  winrate=0.460  n_markets_traded=418.000  herfindahl_index_markets=0.007
10:24:10 [super]   #897   0x8e332a1bc726ef4e1445ba97802d9175a0e2e368  prob=0.0329 (raw=0.0063)  vol=$1  trades=1  first_trade=2026-05-28 03:43  winrate=0.333  n_markets_traded=6.000  herfindahl_index_markets=0.182
10:24:10 [super]   #898   0x8c103cad75419aa3111345f99e60aa7e87eace5b  prob=0.0329 (raw=0.0063)  vol=$2  trades=2  first_trade=2026-05-26 21:28  winrate=0.708  n_markets_traded=346.000  herfindahl_index_markets=0.009
10:24:10 [super]   #899   0x87332c6791cce7436ef30a453ea3ca76200654f7  prob=0.0329 (raw=0.0063)  vol=$30  trades=2  first_trade=2026-05-27 23:02  winrate=0.779  n_markets_traded=290.000  herfindahl_index_markets=0.006
10:24:10 [super]   #900   0xdec61fa0249fea39d5e7f262784b5a6fc1e5ca9c  prob=0.0329 (raw=0.0063)  vol=$10  trades=1  first_trade=2026-05-30 17:47  winrate=0.727  n_markets_traded=292.000  herfindahl_index_markets=0.022
10:24:10 [super]   #901   0xef7cf5ba6eec00a39a84e2d50d27038ee11ed17c  prob=0.0329 (raw=0.0063)  vol=$5  trades=4  first_trade=2026-05-28 11:11  winrate=0.220  n_markets_traded=91.000  herfindahl_index_markets=0.028
10:24:10 [super]   #902   0xadc19a6ab810a3938c484b6c3c8b49fc162f405d  prob=0.0329 (raw=0.0063)  vol=$48  trades=2  first_trade=2026-05-27 17:02  winrate=0.529  n_markets_traded=34.000  herfindahl_index_markets=0.050
10:24:10 [super]   #903   0x4f023f72d725d2f5149d80768e164a42a0e2823d  prob=0.0329 (raw=0.0063)  vol=$9  trades=3  first_trade=2026-05-29 04:48  winrate=0.190  n_markets_traded=63.000  herfindahl_index_markets=0.104
10:24:10 [super]   #904   0x392543e363a6b4b816d57f36eb643e2ed7b6d2f2  prob=0.0329 (raw=0.0063)  vol=$17  trades=2  first_trade=2026-05-28 18:15  winrate=0.153  n_markets_traded=137.000  herfindahl_index_markets=0.055
10:24:10 [super]   #905   0x876407fcee51e02ce9fc0f556d38da24def50b72  prob=0.0329 (raw=0.0062)  vol=$7  trades=2  first_trade=2026-05-25 08:35  winrate=0.444  n_markets_traded=18.000  herfindahl_index_markets=0.099
10:24:10 [super]   #906   0x7211072cc153f9923a39c910cd666e370a89e455  prob=0.0329 (raw=0.0062)  vol=$70  trades=2  first_trade=2026-05-27 17:02  winrate=0.575  n_markets_traded=40.000  herfindahl_index_markets=0.047
10:24:10 [super]   #907   0xa9518edece3927d9f81394ec745963230bf9e6b3  prob=0.0329 (raw=0.0062)  vol=$5  trades=7  first_trade=2026-05-25 00:16  winrate=0.418  n_markets_traded=312.000  herfindahl_index_markets=0.013
10:24:10 [super]   #908   0x81924e30a4fe9e1eb715ade61296be6fa74c0664  prob=0.0329 (raw=0.0062)  vol=$2  trades=1  first_trade=2026-05-29 11:46  winrate=0.134  n_markets_traded=646.000  herfindahl_index_markets=0.017
10:24:10 [super]   #909   0x77ae15add8cd53790551e515eaa615b06d6f05d1  prob=0.0329 (raw=0.0062)  vol=$29  trades=2  first_trade=2026-05-27 17:01  winrate=0.462  n_markets_traded=26.000  herfindahl_index_markets=0.080
10:24:10 [super]   #910   0xd8a1e56047731ece90d9813b5ea9384d0b9baa21  prob=0.0329 (raw=0.0062)  vol=$601  trades=2  first_trade=2026-05-25 20:20  winrate=0.582  n_markets_traded=642.000  herfindahl_index_markets=0.003
10:24:10 [super]   #911   0x4f3337190c4c5acbf83d663ddba061afdc0cb512  prob=0.0329 (raw=0.0062)  vol=$490  trades=7  first_trade=2026-05-27 05:56  winrate=0.674  n_markets_traded=141.000  herfindahl_index_markets=0.022
10:24:10 [super]   #912   0x7cff2b7c73c7086ec1358913d12c2593360c5576  prob=0.0329 (raw=0.0062)  vol=$1  trades=1  first_trade=2026-05-30 23:17  winrate=0.401  n_markets_traded=314.000  herfindahl_index_markets=0.009
10:24:10 [super]   #913   0xb6539c88dd0ffa6fe3ef943b5b551a29e9898681  prob=0.0329 (raw=0.0062)  vol=$6  trades=2  first_trade=2026-05-27 23:14  winrate=0.697  n_markets_traded=413.000  herfindahl_index_markets=0.004
10:24:10 [super]   #914   0x49f188512356904111906cd2028467b24d737b7c  prob=0.0329 (raw=0.0062)  vol=$10  trades=2  first_trade=2026-05-26 23:29  winrate=0.684  n_markets_traded=79.000  herfindahl_index_markets=0.018
10:24:10 [super]   #915   0x27cc9155e164c6930b210dfbc4f6f45ec3c73b96  prob=0.0329 (raw=0.0062)  vol=$2  trades=2  first_trade=2026-05-29 01:32  winrate=0.241  n_markets_traded=162.000  herfindahl_index_markets=0.076
10:24:10 [super]   #916   0x7bf62398e9a200c5ead5939a14b50ccb28a2342e  prob=0.0329 (raw=0.0061)  vol=$15  trades=5  first_trade=2026-05-25 22:56  winrate=NaN  n_markets_traded=0.000  herfindahl_index_markets=0.000
10:24:10 [super]   #917   0xfdf8f38c1d35df2db6cabe515fd144ce70973bf0  prob=0.0329 (raw=0.0061)  vol=$93  trades=1  first_trade=2026-05-29 08:00  winrate=0.941  n_markets_traded=101.000  herfindahl_index_markets=0.022
10:24:10 [super]   #918   0x2dade9357fa9c1b222194839766bd7317534e211  prob=0.0329 (raw=0.0061)  vol=$96  trades=1  first_trade=2026-05-29 08:51  winrate=0.933  n_markets_traded=103.000  herfindahl_index_markets=0.023
10:24:10 [super]   #919   0xacec604e9cc1b568a8c0022701af7e2c880cff3c  prob=0.0329 (raw=0.0061)  vol=$98  trades=1  first_trade=2026-05-29 08:52  winrate=0.911  n_markets_traded=100.000  herfindahl_index_markets=0.022
10:24:10 [super]   #920   0xc78f7434e906d018ceabe86c376db748bf06dc29  prob=0.0329 (raw=0.0061)  vol=$83  trades=1  first_trade=2026-05-29 08:02  winrate=0.906  n_markets_traded=85.000  herfindahl_index_markets=0.025
10:24:10 [super]   #921   0xa23cb2c19340b8633a7100853fdec24246e12611  prob=0.0329 (raw=0.0061)  vol=$79  trades=1  first_trade=2026-05-29 08:03  winrate=0.892  n_markets_traded=93.000  herfindahl_index_markets=0.024
10:24:10 [super]   #922   0xb8a527e30f391c5441b585113e641f74bb190c4e  prob=0.0329 (raw=0.0061)  vol=$81  trades=1  first_trade=2026-05-29 08:00  winrate=0.929  n_markets_traded=99.000  herfindahl_index_markets=0.022
10:24:10 [super]   #923   0xec5ca15afee226ca383500c4d437e9c63513719d  prob=0.0329 (raw=0.0061)  vol=$95  trades=1  first_trade=2026-05-29 08:38  winrate=0.919  n_markets_traded=98.000  herfindahl_index_markets=0.022
10:24:10 [super]   #924   0xb2527f4381ef671f59a460e52b09570ed06f9970  prob=0.0329 (raw=0.0061)  vol=$90  trades=1  first_trade=2026-05-29 08:18  winrate=0.931  n_markets_traded=101.000  herfindahl_index_markets=0.022
10:24:10 [super]   #925   0xffbf15d18853746ae9bbcfca4a5d0e6ffc671fd7  prob=0.0329 (raw=0.0061)  vol=$100  trades=1  first_trade=2026-05-29 08:52  winrate=0.921  n_markets_traded=113.000  herfindahl_index_markets=0.022
10:24:10 [super]   #926   0xd3a568cbe91f258b8c502717258b8b326fbd3f5d  prob=0.0329 (raw=0.0061)  vol=$83  trades=1  first_trade=2026-05-29 08:22  winrate=0.903  n_markets_traded=102.000  herfindahl_index_markets=0.021
10:24:10 [super]   #927   0x092d239816186593f2f71205c80583f1faee4396  prob=0.0329 (raw=0.0061)  vol=$86  trades=1  first_trade=2026-05-29 08:20  winrate=0.931  n_markets_traded=100.000  herfindahl_index_markets=0.023
10:24:10 [super]   #928   0x072691211514d3e553b14535f233d66a635c2811  prob=0.0329 (raw=0.0061)  vol=$84  trades=1  first_trade=2026-05-29 08:37  winrate=0.914  n_markets_traded=93.000  herfindahl_index_markets=0.026
10:24:10 [super]   #929   0x609fdc5d28babda4e021fd699d03481f3c73ca4f  prob=0.0329 (raw=0.0061)  vol=$82  trades=1  first_trade=2026-05-29 08:01  winrate=0.899  n_markets_traded=99.000  herfindahl_index_markets=0.022
10:24:10 [super]   #930   0x8edc5a42c257118d5a93a7dee09a1caefa1cd071  prob=0.0329 (raw=0.0061)  vol=$93  trades=1  first_trade=2026-05-29 08:35  winrate=0.894  n_markets_traded=84.000  herfindahl_index_markets=0.025
10:24:10 [super]   #931   0x580cbb94a22edfecf4c94116e8bbc592152f1798  prob=0.0329 (raw=0.0061)  vol=$93  trades=1  first_trade=2026-05-29 08:36  winrate=0.933  n_markets_traded=103.000  herfindahl_index_markets=0.023
10:24:10 [super]   #932   0x2b1bba66c7b7d12e10caf3ba1d9097d37aad9a03  prob=0.0329 (raw=0.0061)  vol=$85  trades=1  first_trade=2026-05-29 08:37  winrate=0.919  n_markets_traded=98.000  herfindahl_index_markets=0.022
10:24:10 [super]   #933   0x80328f758fa92becfa9a0c4ebfe9e5eaaea97df3  prob=0.0329 (raw=0.0061)  vol=$96  trades=1  first_trade=2026-05-29 08:38  winrate=0.917  n_markets_traded=109.000  herfindahl_index_markets=0.022
10:24:10 [super]   #934   0xd7e50e7749f81d2540605af98e590e00a962587f  prob=0.0329 (raw=0.0061)  vol=$85  trades=1  first_trade=2026-05-29 08:20  winrate=0.918  n_markets_traded=95.000  herfindahl_index_markets=0.023
10:24:10 [super]   #935   0x422fa16364d7dcae7cf53063d4c3d02f97abacba  prob=0.0329 (raw=0.0061)  vol=$87  trades=1  first_trade=2026-05-29 08:05  winrate=0.927  n_markets_traded=94.000  herfindahl_index_markets=0.023
10:24:10 [super]   #936   0x5178d6ae71a8e9425999913cf435075ca870041f  prob=0.0329 (raw=0.0061)  vol=$92  trades=1  first_trade=2026-05-29 08:51  winrate=0.969  n_markets_traded=98.000  herfindahl_index_markets=0.023
10:24:10 [super]   #937   0x9e6ef45a4eb4904f539845ec44864659ade67f49  prob=0.0329 (raw=0.0061)  vol=$1,000  trades=1  first_trade=2026-05-29 07:04  winrate=0.298  n_markets_traded=47.000  herfindahl_index_markets=0.073
10:24:10 [super]   #938   0xb011890ecd3c639ac8e60f07e1c1b2e9fadac969  prob=0.0329 (raw=0.0061)  vol=$3  trades=2  first_trade=2026-05-25 07:11  winrate=0.429  n_markets_traded=21.000  herfindahl_index_markets=0.074
10:24:10 [super]   #939   0x85b66076b029050b84030be6049bfcb4048d56d8  prob=0.0329 (raw=0.0061)  vol=$21  trades=2  first_trade=2026-05-25 08:35  winrate=0.500  n_markets_traded=16.000  herfindahl_index_markets=0.105
10:24:10 [super]   #940   0xf91a26c6db2ae08c86e972d64fb4fac409b721ba  prob=0.0329 (raw=0.0061)  vol=$10  trades=2  first_trade=2026-05-27 06:21  winrate=0.748  n_markets_traded=317.000  herfindahl_index_markets=0.023
10:24:10 [super]   #941   0x503c58a5f1a865dfc55d167ea7dae8ee34424574  prob=0.0329 (raw=0.0061)  vol=$10  trades=1  first_trade=2026-05-29 11:33  winrate=0.189  n_markets_traded=111.000  herfindahl_index_markets=0.064
10:24:10 [super]   #942   0x7e8021a1a5ccf5ba9a65503aff69c6448b5cc229  prob=0.0329 (raw=0.0061)  vol=$30  trades=3  first_trade=2026-05-29 09:44  winrate=0.292  n_markets_traded=216.000  herfindahl_index_markets=0.094
10:24:10 [super]   #943   0xea907f17617b80ce0cc8b909e4713dc1af2052c8  prob=0.0329 (raw=0.0061)  vol=$1  trades=1  first_trade=2026-05-29 11:29  winrate=0.242  n_markets_traded=94.000  herfindahl_index_markets=0.020
10:24:10 [super]   #944   0x55e73f922a26ec8c4b158ba325f80fd2ff500460  prob=0.0329 (raw=0.0061)  vol=$20  trades=2  first_trade=2026-05-27 23:14  winrate=0.716  n_markets_traded=384.000  herfindahl_index_markets=0.006
10:24:10 [super]   #945   0xf9ea4ce30e4e0e2db5b8152ea7004b24e5507b04  prob=0.0329 (raw=0.0061)  vol=$10  trades=1  first_trade=2026-05-29 18:59  winrate=0.312  n_markets_traded=215.000  herfindahl_index_markets=0.085
10:24:10 [super]   #946   0x793ed200a1e8344d608a17763d9cb8773b3643bf  prob=0.0329 (raw=0.0061)  vol=$103  trades=5  first_trade=2026-05-28 04:05  winrate=NaN  n_markets_traded=0.000  herfindahl_index_markets=0.000
10:24:10 [super]   #947   0x59999fb5e0e46bc09039a8be2a2c7a201c46bdbe  prob=0.0329 (raw=0.0060)  vol=$13  trades=1  first_trade=2026-05-28 15:43  winrate=NaN  n_markets_traded=0.000  herfindahl_index_markets=0.000
10:24:10 [super]   #948   0x0218c0a9bce8ce3e67d5b49550d3840c202d52c0  prob=0.0329 (raw=0.0060)  vol=$2  trades=1  first_trade=2026-05-29 04:04  winrate=0.288  n_markets_traded=356.000  herfindahl_index_markets=0.022
10:24:10 [super]   #949   0xbb2493fe394a6b69d8708a4153f242e0548b9dda  prob=0.0329 (raw=0.0060)  vol=$48  trades=2  first_trade=2026-05-28 10:47  winrate=0.114  n_markets_traded=35.000  herfindahl_index_markets=0.120
10:24:10 [super]   #950   0xf0d53e18ff24a0d138ad11e4bc680af8fab6f640  prob=0.0329 (raw=0.0060)  vol=$2  trades=2  first_trade=2026-05-28 02:46  winrate=0.200  n_markets_traded=55.000  herfindahl_index_markets=0.081
10:24:10 [super]   #951   0x42134d3cf5043f1fb480d7017bb0e024e4c267f5  prob=0.0329 (raw=0.0060)  vol=$5  trades=2  first_trade=2026-05-29 19:31  winrate=0.149  n_markets_traded=74.000  herfindahl_index_markets=0.101
10:24:10 [super]   #952   0xdeb68bf04b82de95241c76d93efcb857cd7da1e3  prob=0.0329 (raw=0.0060)  vol=$10  trades=1  first_trade=2026-05-30 03:28  winrate=0.357  n_markets_traded=42.000  herfindahl_index_markets=0.037
10:24:10 [super]   #953   0xca165e655b0506ee83678157ea12bf62a450f878  prob=0.0329 (raw=0.0060)  vol=$2,973  trades=3  first_trade=2026-05-28 08:43  winrate=0.532  n_markets_traded=109.000  herfindahl_index_markets=0.035
10:24:10 [super]   #954   0x9c19dc76d51f6a627bd12dec9043458eb291ea4d  prob=0.0329 (raw=0.0060)  vol=$18  trades=4  first_trade=2026-05-25 06:12  winrate=0.690  n_markets_traded=163.000  herfindahl_index_markets=0.016
10:24:10 [super]   #955   0x8404bab8e71914ddef3f63827c3a5460d544ea03  prob=0.0329 (raw=0.0060)  vol=$2  trades=3  first_trade=2026-05-28 03:59  winrate=NaN  n_markets_traded=0.000  herfindahl_index_markets=0.000
10:24:10 [super]   #956   0x1828d13966c34e6954c7338e12bcffc3eb0739c3  prob=0.0329 (raw=0.0059)  vol=$10  trades=2  first_trade=2026-05-28 05:59  winrate=0.650  n_markets_traded=205.000  herfindahl_index_markets=0.018
10:24:10 [super]   #957   0xfd66d7ed45d7962ad009e669cdaec9319e38fb6d  prob=0.0329 (raw=0.0059)  vol=$1,477  trades=5  first_trade=2026-05-26 17:27  winrate=NaN  n_markets_traded=0.000  herfindahl_index_markets=0.000
10:24:10 [super]   #958   0xa7b5d40a8fd1e558548d80841bb159215387a079  prob=0.0329 (raw=0.0059)  vol=$208  trades=4  first_trade=2026-05-27 19:31  winrate=0.793  n_markets_traded=207.000  herfindahl_index_markets=0.025
10:24:10 [super]   #959   0x0578a4570d6836cfb17b18ecf175ed2fb3c17457  prob=0.0329 (raw=0.0059)  vol=$64  trades=2  first_trade=2026-05-27 17:02  winrate=0.423  n_markets_traded=26.000  herfindahl_index_markets=0.070
10:24:10 [super]   #960   0x8c16621b512b0363c23d894bdf158568211492e0  prob=0.0329 (raw=0.0059)  vol=$47  trades=2  first_trade=2026-05-27 17:01  winrate=0.387  n_markets_traded=31.000  herfindahl_index_markets=0.065
10:24:10 [super]   #961   0x5fc90f57e63d446e52050feb9c876f4388cd4362  prob=0.0329 (raw=0.0059)  vol=$47  trades=2  first_trade=2026-05-27 17:02  winrate=0.467  n_markets_traded=30.000  herfindahl_index_markets=0.058
10:24:10 [super]   #962   0xc16b05458737a8428a7d42b0173606f5033cdceb  prob=0.0329 (raw=0.0059)  vol=$35  trades=2  first_trade=2026-05-27 17:01  winrate=0.419  n_markets_traded=31.000  herfindahl_index_markets=0.061
10:24:10 [super]   #963   0xe807669773bfbf08918c61d0191fd7db12ee4d35  prob=0.0329 (raw=0.0059)  vol=$4,098  trades=9  first_trade=2026-05-26 10:11  winrate=NaN  n_markets_traded=0.000  herfindahl_index_markets=0.000
10:24:10 [super]   #964   0x4532f7baeb1b1ea1e6a9d18602f697916e02ef33  prob=0.0329 (raw=0.0059)  vol=$62  trades=2  first_trade=2026-05-27 17:02  winrate=0.433  n_markets_traded=30.000  herfindahl_index_markets=0.073
10:24:10 [super]   #965   0x59f32eb1bd96c2a8bc66e256146f2a132b3aa78e  prob=0.0329 (raw=0.0059)  vol=$53  trades=2  first_trade=2026-05-27 10:59  winrate=0.529  n_markets_traded=17.000  herfindahl_index_markets=0.136
10:24:10 [super]   #966   0xcc01d2423bd5dd334cca2439954573052dda853c  prob=0.0329 (raw=0.0059)  vol=$1  trades=1  first_trade=2026-05-28 01:42  winrate=0.789  n_markets_traded=710.000  herfindahl_index_markets=0.002
10:24:10 [super]   #967   0xafaa2576b1a904b25f0a435f76f7b158d2dff0e4  prob=0.0329 (raw=0.0058)  vol=$505  trades=2  first_trade=2026-05-25 00:19  winrate=NaN  n_markets_traded=0.000  herfindahl_index_markets=0.000
10:24:10 [super]   #968   0xd01195bb21fe9d36ab48431a57eec17b2aaee928  prob=0.0328 (raw=0.0058)  vol=$60  trades=8  first_trade=2026-05-27 20:39  winrate=0.512  n_markets_traded=561.000  herfindahl_index_markets=0.031
10:24:10 [super]   #969   0x05134436882a440a93437facdef80dd381580fde  prob=0.0328 (raw=0.0058)  vol=$20  trades=1  first_trade=2026-05-28 01:39  winrate=0.615  n_markets_traded=26.000  herfindahl_index_markets=0.134
10:24:10 [super]   #970   0x74471a007ddcc488f6d57b5e86dfb35a8d48a16d  prob=0.0328 (raw=0.0058)  vol=$31,287  trades=4  first_trade=2026-05-25 01:54  winrate=NaN  n_markets_traded=0.000  herfindahl_index_markets=0.000
10:24:10 [super]   #971   0x42d2313a6ec2e5af8440782dc2ea16cbd0c64bbb  prob=0.0328 (raw=0.0058)  vol=$110  trades=3  first_trade=2026-05-27 21:54  winrate=0.429  n_markets_traded=35.000  herfindahl_index_markets=0.052
10:24:10 [super]   #972   0xe82e93c3228f36f30683242b2459bbbbebbc355e  prob=0.0328 (raw=0.0058)  vol=$44  trades=3  first_trade=2026-05-27 17:03  winrate=0.406  n_markets_traded=32.000  herfindahl_index_markets=0.072
10:24:10 [super]   #973   0xdbade03fcbd18efbe7a4e20175e5eced771a9352  prob=0.0328 (raw=0.0057)  vol=$982  trades=3  first_trade=2026-05-25 05:10  winrate=0.187  n_markets_traded=998.000  herfindahl_index_markets=0.032
10:24:10 [super]   #974   0x55775622310af0623e62a7466c33c311b15ec946  prob=0.0328 (raw=0.0056)  vol=$10  trades=1  first_trade=2026-05-30 23:46  winrate=0.280  n_markets_traded=25.000  herfindahl_index_markets=0.136
10:24:10 [super]   #975   0x90103447b2aac2f3cf906c70d3892529311bd06f  prob=0.0328 (raw=0.0056)  vol=$5  trades=1  first_trade=2026-05-30 21:03  winrate=0.270  n_markets_traded=140.000  herfindahl_index_markets=0.038
10:24:10 [super]   #976   0x54498e4c40b17261479aeaeeddf9cc37bd46992b  prob=0.0328 (raw=0.0056)  vol=$42  trades=20  first_trade=2026-05-26 01:03  winrate=NaN  n_markets_traded=0.000  herfindahl_index_markets=0.000
10:24:10 [super]   #977   0x3114ce02bd6573933ac4060b99e6283b7acbe644  prob=0.0328 (raw=0.0056)  vol=$71  trades=1  first_trade=2026-05-28 06:34  winrate=0.046  n_markets_traded=65.000  herfindahl_index_markets=0.024
10:24:10 [super]   #978   0xc8ab97a9089a9ff7e6ef0688e6e591a066946418  prob=0.0328 (raw=0.0056)  vol=$76,698  trades=2  first_trade=2026-05-29 15:48  winrate=NaN  n_markets_traded=0.000  herfindahl_index_markets=0.000
10:24:10 [super]   #979   0xc512e35ae933b8e7e6919e098ecaef9ae1fc7fdf  prob=0.0328 (raw=0.0056)  vol=$20  trades=2  first_trade=2026-05-27 10:53  winrate=0.485  n_markets_traded=434.000  herfindahl_index_markets=0.027
10:24:10 [super]   #980   0x8f513b694aa351b513ff499a2c7bc674e43b3bd6  prob=0.0328 (raw=0.0055)  vol=$68  trades=2  first_trade=2026-05-28 02:36  winrate=0.438  n_markets_traded=32.000  herfindahl_index_markets=0.055
10:24:10 [super]   #981   0xc96cc44711d6ecade86a5e5bb555b6182d743aff  prob=0.0328 (raw=0.0055)  vol=$41  trades=2  first_trade=2026-05-27 21:54  winrate=0.414  n_markets_traded=29.000  herfindahl_index_markets=0.050
10:24:10 [super]   #982   0xeca0c0888e34df59589c67fbe53dc7f298b5e8f8  prob=0.0328 (raw=0.0055)  vol=$100  trades=1  first_trade=2026-05-29 21:58  winrate=NaN  n_markets_traded=0.000  herfindahl_index_markets=0.000
10:24:10 [super]   #983   0xf6619f0ccb8533eb820164c45950a7786dfad6d0  prob=0.0328 (raw=0.0055)  vol=$50  trades=2  first_trade=2026-05-28 05:59  winrate=0.448  n_markets_traded=67.000  herfindahl_index_markets=0.096
10:24:10 [super]   #984   0x4478d7bd8a295691ac84f60a5ec2b47e122102a4  prob=0.0328 (raw=0.0055)  vol=$4,796  trades=5  first_trade=2026-05-25 21:16  winrate=NaN  n_markets_traded=0.000  herfindahl_index_markets=0.000
10:24:10 [super]   #985   0x30cc79b0acff35d82194aa81a2b067e026c352fc  prob=0.0328 (raw=0.0055)  vol=$2  trades=1  first_trade=2026-05-29 02:13  winrate=0.761  n_markets_traded=71.000  herfindahl_index_markets=0.061
10:24:10 [super]   #986   0x8fff01819bd9fa175cc2c8feab5ba3730a770482  prob=0.0328 (raw=0.0055)  vol=$3  trades=1  first_trade=2026-05-29 02:13  winrate=0.765  n_markets_traded=432.000  herfindahl_index_markets=0.006
10:24:10 [super]   #987   0xd404929e0fae86cb9a72b2c308e953cea717d447  prob=0.0328 (raw=0.0055)  vol=$2  trades=1  first_trade=2026-05-29 06:05  winrate=0.800  n_markets_traded=421.000  herfindahl_index_markets=0.112
10:24:10 [super]   #988   0x3472888e57b8061cb447b332aaf13bcf0abbcc1b  prob=0.0328 (raw=0.0055)  vol=$92  trades=1  first_trade=2026-05-29 08:04  winrate=0.098  n_markets_traded=61.000  herfindahl_index_markets=0.022
10:24:10 [super]   #989   0xf7a876411179d4aa4fb9f3abc19fa01f066e68c0  prob=0.0328 (raw=0.0055)  vol=$4  trades=1  first_trade=2026-05-29 01:47  winrate=0.772  n_markets_traded=486.000  herfindahl_index_markets=0.003
10:24:10 [super]   #990   0xb85f08750572d603b888410d08fb438a059f3705  prob=0.0328 (raw=0.0054)  vol=$40  trades=1  first_trade=2026-05-25 08:43  winrate=0.209  n_markets_traded=43.000  herfindahl_index_markets=0.074
10:24:10 [super]   #991   0x28f0501bb79c229a4635548208d6a7bcfaa05d3a  prob=0.0328 (raw=0.0054)  vol=$76  trades=1  first_trade=2026-05-29 03:41  winrate=0.096  n_markets_traded=83.000  herfindahl_index_markets=0.020
10:24:10 [super]   #992   0x9a5326decbc2c8169d9cbaf8dbb4872f55e1578f  prob=0.0328 (raw=0.0054)  vol=$20  trades=2  first_trade=2026-05-27 04:56  winrate=0.291  n_markets_traded=79.000  herfindahl_index_markets=0.019
10:24:10 [super]   #993   0x69c96d22e1be6f6cd9fa32bb45f5fd5b7b423b29  prob=0.0328 (raw=0.0054)  vol=$1,692  trades=20  first_trade=2026-05-25 12:18  winrate=0.477  n_markets_traded=325.000  herfindahl_index_markets=0.011
10:24:10 [super]   #994   0xa23d67384428000ee24069e482437a03db170281  prob=0.0328 (raw=0.0054)  vol=$20  trades=2  first_trade=2026-05-27 17:02  winrate=0.345  n_markets_traded=29.000  herfindahl_index_markets=0.049
10:24:10 [super]   #995   0xa56c533cfa6c90625fe9a63a37cefb568a8a48bd  prob=0.0328 (raw=0.0054)  vol=$39  trades=2  first_trade=2026-05-27 17:02  winrate=0.355  n_markets_traded=31.000  herfindahl_index_markets=0.088
10:24:10 [super]   #996   0xfd8167e1704f667394fdb93fd189d398c27fec47  prob=0.0328 (raw=0.0054)  vol=$55  trades=2  first_trade=2026-05-25 10:24  winrate=0.667  n_markets_traded=18.000  herfindahl_index_markets=0.073
10:24:10 [super]   #997   0x1ecba6467c9ff27cbedd738364380933eeee9296  prob=0.0328 (raw=0.0054)  vol=$359  trades=3  first_trade=2026-05-25 09:55  winrate=0.711  n_markets_traded=76.000  herfindahl_index_markets=0.026
10:24:10 [super]   #998   0x2ad020f565624ac0de5dcba1e9a88ac7eba865cf  prob=0.0328 (raw=0.0054)  vol=$1  trades=1  first_trade=2026-05-29 01:47  winrate=0.648  n_markets_traded=54.000  herfindahl_index_markets=0.023
10:24:10 [super]   #999   0xc9d54ffa65a8a353eef3fc02cabc66ace09ed1bb  prob=0.0328 (raw=0.0054)  vol=$15  trades=5  first_trade=2026-05-27 16:43  winrate=0.297  n_markets_traded=219.000  herfindahl_index_markets=0.014
10:24:10 [super]   #1000  0x5981e1fa72cb892732a7315652d82c95bf1d9742  prob=0.0328 (raw=0.0053)  vol=$2  trades=2  first_trade=2026-05-27 05:03  winrate=0.271  n_markets_traded=118.000  herfindahl_index_markets=0.034
10:24:10 [super]   #1001  0xc0a0dc68c261b62b0edec2e71ae9013db2f9bd71  prob=0.0328 (raw=0.0053)  vol=$58  trades=1  first_trade=2026-05-29 07:39  winrate=0.103  n_markets_traded=58.000  herfindahl_index_markets=0.027
10:24:10 [super]   #1002  0x97520e8e9d7b23d2e7ed85be19be94ad9fde20fe  prob=0.0328 (raw=0.0053)  vol=$2  trades=16  first_trade=2026-05-26 01:46  winrate=NaN  n_markets_traded=0.000  herfindahl_index_markets=0.000
10:24:10 [super]   #1003  0x6e66d706b3da54f4e43a1c98ee4e3c3a0d4d48c2  prob=0.0328 (raw=0.0053)  vol=$10  trades=1  first_trade=2026-05-29 01:47  winrate=0.735  n_markets_traded=68.000  herfindahl_index_markets=0.015
10:24:10 [super]   #1004  0x57e53da9040ef1c7eb0135ffc4d4e5edbc820487  prob=0.0328 (raw=0.0053)  vol=$20  trades=1  first_trade=2026-05-29 01:47  winrate=0.739  n_markets_traded=512.000  herfindahl_index_markets=0.003
10:24:10 [super]   #1005  0x9070ab4ca09ee04712f2d2b1a4623e599d04b3df  prob=0.0328 (raw=0.0052)  vol=$2  trades=1  first_trade=2026-05-29 01:47  winrate=0.725  n_markets_traded=598.000  herfindahl_index_markets=0.004
10:24:10 [super]   #1006  0xa84f0e04af0c6849f285c0b6ce5fdc99c13d86ed  prob=0.0328 (raw=0.0052)  vol=$2  trades=1  first_trade=2026-05-29 01:47  winrate=0.513  n_markets_traded=208.000  herfindahl_index_markets=0.007
10:24:10 [super]   #1007  0x69920080c6872a96e94b7ef9bce09ec9431f4862  prob=0.0328 (raw=0.0052)  vol=$94  trades=1  first_trade=2026-05-29 03:59  winrate=0.114  n_markets_traded=44.000  herfindahl_index_markets=0.035
10:24:10 [super]   #1008  0x3bc7832431fb7560f29516d69551272e6f2fd2cf  prob=0.0328 (raw=0.0052)  vol=$56  trades=2  first_trade=2026-05-25 20:45  winrate=0.417  n_markets_traded=36.000  herfindahl_index_markets=0.079
10:24:10 [super]   #1009  0xeedd8f76b78e37ee3d4c17b44aadb74c58e41bed  prob=0.0328 (raw=0.0052)  vol=$95  trades=1  first_trade=2026-05-29 04:52  winrate=0.122  n_markets_traded=98.000  herfindahl_index_markets=0.016
10:24:10 [super]   #1010  0x3c0f630d45da4c3cc6841f58d2da2c64ef70abe0  prob=0.0328 (raw=0.0052)  vol=$89  trades=1  first_trade=2026-05-29 06:53  winrate=0.105  n_markets_traded=57.000  herfindahl_index_markets=0.025
10:24:10 [super]   #1011  0x17b4980a012fc5fe666f8b258dd6360938b362ba  prob=0.0328 (raw=0.0052)  vol=$0  trades=1  first_trade=2026-05-29 03:06  winrate=0.507  n_markets_traded=73.000  herfindahl_index_markets=0.060
10:24:10 [super]   #1012  0x57e7c58a29d56b0cbfdddf226d30a7b5bac51c63  prob=0.0328 (raw=0.0051)  vol=$47  trades=2  first_trade=2026-05-25 07:11  winrate=0.412  n_markets_traded=17.000  herfindahl_index_markets=0.101
10:24:10 [super]   #1013  0x370c671980712b4014fc6900766c0c6c66923eb1  prob=0.0328 (raw=0.0051)  vol=$2  trades=2  first_trade=2026-05-25 08:45  winrate=NaN  n_markets_traded=0.000  herfindahl_index_markets=0.000
10:24:10 [super]   #1014  0xa42ece4c8db6fea78069185138f235b0d5214d2b  prob=0.0328 (raw=0.0051)  vol=$104  trades=1  first_trade=2026-05-28 05:32  winrate=0.196  n_markets_traded=56.000  herfindahl_index_markets=0.027
10:24:10 [super]   #1015  0x4f9eedcc32b40633a04fb45b8149e1b600479aa0  prob=0.0328 (raw=0.0051)  vol=$25  trades=2  first_trade=2026-05-25 11:22  winrate=0.468  n_markets_traded=393.000  herfindahl_index_markets=0.012
10:24:10 [super]   #1016  0x38266db1174da047028b5343180cca0d02002bc7  prob=0.0328 (raw=0.0051)  vol=$0  trades=1  first_trade=2026-05-29 07:04  winrate=0.369  n_markets_traded=157.000  herfindahl_index_markets=0.124
10:24:10 [super]   #1017  0xad542a9537053b919f01a4cd3ece03c81bac006a  prob=0.0327 (raw=0.0050)  vol=$0  trades=1  first_trade=2026-05-28 23:52  winrate=0.469  n_markets_traded=426.000  herfindahl_index_markets=0.004
10:24:10 [super]   #1018  0x6c13728f4c3b8ff1b3fce93dc7a14d5f9fa5f135  prob=0.0327 (raw=0.0050)  vol=$72  trades=2  first_trade=2026-05-28 02:36  winrate=0.212  n_markets_traded=33.000  herfindahl_index_markets=0.055
10:24:10 [super]   #1019  0x4d4a1de7066d79f876b5f1a52d90ac5e06cc6139  prob=0.0327 (raw=0.0050)  vol=$17  trades=2  first_trade=2026-05-28 02:09  winrate=0.324  n_markets_traded=102.000  herfindahl_index_markets=0.025
10:24:10 [super]   #1020  0x574d7185e2c1521d08050dcbc343fe592cf709cf  prob=0.0327 (raw=0.0049)  vol=$22  trades=2  first_trade=2026-05-25 10:24  winrate=0.412  n_markets_traded=17.000  herfindahl_index_markets=0.097
10:24:10 [super]   #1021  0xdc4d1f563d1936ac48c749794154831f40aebf17  prob=0.0327 (raw=0.0049)  vol=$61  trades=1  first_trade=2026-05-29 05:53  winrate=0.127  n_markets_traded=71.000  herfindahl_index_markets=0.021
10:24:10 [super]   #1022  0x0a66e8e3f4ab28e7aedc56cbf689c8dc14055a69  prob=0.0327 (raw=0.0049)  vol=$89  trades=1  first_trade=2026-05-29 05:18  winrate=0.125  n_markets_traded=80.000  herfindahl_index_markets=0.018
10:24:10 [super]   #1023  0xa2761d78de3f15ccede6d4e52a81781cb4936e5f  prob=0.0327 (raw=0.0049)  vol=$78  trades=1  first_trade=2026-05-28 05:11  winrate=0.182  n_markets_traded=55.000  herfindahl_index_markets=0.023
10:24:10 [super]   #1024  0x7741af3ec8edfded7649061ddfde10ace70b2c46  prob=0.0327 (raw=0.0049)  vol=$1  trades=1  first_trade=2026-05-29 01:47  winrate=0.448  n_markets_traded=555.000  herfindahl_index_markets=0.014
10:24:10 [super]   #1025  0xcdb1f1ef8213c06911e4ba6a884176c5571e276c  prob=0.0327 (raw=0.0048)  vol=$29,757  trades=15  first_trade=2026-05-28 05:59  winrate=NaN  n_markets_traded=0.000  herfindahl_index_markets=0.000
10:24:10 [super]   #1026  0x70698919b04f64c3fa5a3beb47f880cae26638d2  prob=0.0327 (raw=0.0048)  vol=$0  trades=1  first_trade=2026-05-29 06:11  winrate=0.401  n_markets_traded=364.000  herfindahl_index_markets=0.011
10:24:10 [super]   #1027  0x995eddfdef05aac71144613f6170946448b19630  prob=0.0327 (raw=0.0048)  vol=$102  trades=1  first_trade=2026-05-29 04:22  winrate=0.163  n_markets_traded=49.000  herfindahl_index_markets=0.033
10:24:10 [super]   #1028  0x76f43628dbd8810327a5ece06d45cb15f85c2737  prob=0.0327 (raw=0.0048)  vol=$3  trades=1  first_trade=2026-05-29 04:01  winrate=0.436  n_markets_traded=275.000  herfindahl_index_markets=0.007
10:24:10 [super]   #1029  0x3864bd36594170a751938b7a53cc4e89d21c9d3b  prob=0.0327 (raw=0.0048)  vol=$53  trades=1  first_trade=2026-05-29 05:28  winrate=0.157  n_markets_traded=101.000  herfindahl_index_markets=0.015
10:24:10 [super]   #1030  0x25723726a118828c0678e861c705cafcd17a0a87  prob=0.0327 (raw=0.0048)  vol=$0  trades=1  first_trade=2026-05-29 07:04  winrate=0.417  n_markets_traded=230.000  herfindahl_index_markets=0.010
10:24:10 [super]   #1031  0xa3af760e15e6b6bd3c43d8cf2ae6952f0a9bb7a6  prob=0.0327 (raw=0.0048)  vol=$110  trades=8  first_trade=2026-05-28 08:22  winrate=NaN  n_markets_traded=0.000  herfindahl_index_markets=0.000
10:24:10 [super]   #1032  0x422d775225ebf0766d099e0a991f3462052ede14  prob=0.0327 (raw=0.0048)  vol=$0  trades=1  first_trade=2026-05-29 07:41  winrate=0.286  n_markets_traded=28.000  herfindahl_index_markets=0.155
10:24:10 [super]   #1033  0xca08d6c4f044ff2d751d30abe51479c50026c267  prob=0.0327 (raw=0.0047)  vol=$17  trades=3  first_trade=2026-05-29 02:38  winrate=NaN  n_markets_traded=0.000  herfindahl_index_markets=0.000
10:24:10 [super]   #1034  0x73a598fdf57330bb6eaa060cf5cfba40aa70f655  prob=0.0327 (raw=0.0047)  vol=$89  trades=1  first_trade=2026-05-29 04:10  winrate=0.176  n_markets_traded=68.000  herfindahl_index_markets=0.024
10:24:10 [super]   #1035  0xdbba36ff6b9f26eb7e0208c20813d886f905e651  prob=0.0327 (raw=0.0047)  vol=$2  trades=1  first_trade=2026-05-28 06:16  winrate=0.118  n_markets_traded=730.000  herfindahl_index_markets=0.013
10:24:10 [super]   #1036  0x73ed9d3bc318551238cd7c444451917db5d959b1  prob=0.0327 (raw=0.0047)  vol=$56  trades=2  first_trade=2026-05-25 10:24  winrate=0.250  n_markets_traded=16.000  herfindahl_index_markets=0.100
10:24:10 [super]   #1037  0x7ff24392521ae61d2569cb2ab1261dd6f67226d6  prob=0.0327 (raw=0.0047)  vol=$113  trades=1  first_trade=2026-05-28 06:16  winrate=0.180  n_markets_traded=50.000  herfindahl_index_markets=0.029
10:24:10 [super]   #1038  0x166a49699aba5d7a9ce3142450062deedf83d7ed  prob=0.0327 (raw=0.0046)  vol=$8  trades=1  first_trade=2026-05-28 16:39  winrate=0.370  n_markets_traded=156.000  herfindahl_index_markets=0.023
10:24:10 [super]   #1039  0xfb33605e1179505aed38860e3290b5886aa92937  prob=0.0327 (raw=0.0046)  vol=$0  trades=1  first_trade=2026-05-28 20:36  winrate=0.289  n_markets_traded=149.000  herfindahl_index_markets=0.032
10:24:10 [super]   #1040  0x3c4277a5d899f8319a54d6d6d8430379ca202adc  prob=0.0327 (raw=0.0046)  vol=$39  trades=2  first_trade=2026-05-25 12:48  winrate=0.263  n_markets_traded=19.000  herfindahl_index_markets=0.069
10:24:10 [super]   #1041  0xfbfd14dd4bb607373119de95f1d4b21c3b6c0029  prob=0.0327 (raw=0.0045)  vol=$272  trades=2  first_trade=2026-05-25 17:25  winrate=NaN  n_markets_traded=0.000  herfindahl_index_markets=0.000
10:24:10 [super]   #1042  0x98748b9bd46d24b6355b05417426a8c8cba7fe49  prob=0.0327 (raw=0.0045)  vol=$0  trades=1  first_trade=2026-05-28 22:44  winrate=0.281  n_markets_traded=32.000  herfindahl_index_markets=0.094
10:24:10 [super]   #1043  0x59bf22ab833ac351c23178359612803285d4d293  prob=0.0327 (raw=0.0045)  vol=$60  trades=2  first_trade=2026-05-25 10:24  winrate=0.368  n_markets_traded=19.000  herfindahl_index_markets=0.077
10:24:10 [super]   #1044  0xe37058ae8f79b99042909d6f6be503148a0b8189  prob=0.0327 (raw=0.0044)  vol=$27  trades=2  first_trade=2026-05-25 16:24  winrate=0.269  n_markets_traded=26.000  herfindahl_index_markets=0.063
10:24:10 [super]   #1045  0xd4e8d48486808c84515a22d2d9e2ef096f26baac  prob=0.0327 (raw=0.0043)  vol=$0  trades=1  first_trade=2026-05-29 07:04  winrate=0.320  n_markets_traded=75.000  herfindahl_index_markets=0.048
10:24:10 [super]   #1046  0xa66790e2b0075e73c3781ddaf1d0b875a3aaceb3  prob=0.0327 (raw=0.0043)  vol=$95  trades=1  first_trade=2026-05-28 22:12  winrate=NaN  n_markets_traded=0.000  herfindahl_index_markets=0.000
10:24:10 [super]   #1047  0x21b48e8e2daa01f531fff08b62f2b4df6cff1f06  prob=0.0326 (raw=0.0043)  vol=$999  trades=1  first_trade=2026-05-28 04:13  winrate=NaN  n_markets_traded=0.000  herfindahl_index_markets=0.000
10:24:10 [super]   #1048  0xaa4f5802f1bc462a5ac51b43b69ce68071ffb174  prob=0.0326 (raw=0.0042)  vol=$4  trades=1  first_trade=2026-05-29 01:47  winrate=NaN  n_markets_traded=0.000  herfindahl_index_markets=0.000
10:24:10 [super]   #1049  0xd1c769317bd15de7768a70d0214cf0bbcc531d2b  prob=0.0326 (raw=0.0042)  vol=$86,678  trades=2  first_trade=2026-05-29 01:47  winrate=NaN  n_markets_traded=0.000  herfindahl_index_markets=0.000
10:24:10 [super]   #1050  0xed107a85a4585a381e48c7f7ca4144909e7dd2e5  prob=0.0326 (raw=0.0042)  vol=$50,103  trades=1  first_trade=2026-05-29 08:52  winrate=NaN  n_markets_traded=0.000  herfindahl_index_markets=0.000
10:24:10 [super]   #1051  0xefcedda09b4f2224c856edbd9c41c1d6db124e4a  prob=0.0326 (raw=0.0042)  vol=$4  trades=1  first_trade=2026-05-28 05:16  winrate=NaN  n_markets_traded=0.000  herfindahl_index_markets=0.000
10:24:10 [super] ============================================================
10:24:10 [super] FLAGGED 0x1225b11216449593359c7e50bdeb2325f4e72ebf  prob=0.324 (raw=0.624)  vol=$261  trades=2  first_trade=2026-05-25 04:45  winrate=0.714  n_markets_traded=6.000  herfindahl_index_markets=0.601
10:24:10 [super] FLAGGED 0x9085a056450ed2d21d00cb6560c548fa2bdd9322  prob=0.253 (raw=0.543)  vol=$3  trades=1  first_trade=2026-05-25 02:10  winrate=NaN  n_markets_traded=NaN  herfindahl_index_markets=NaN
10:24:10 [super] FLAGGED 0x64d7f8a283c5f086dbc1fee0e096872ff1adb1e6  prob=0.240 (raw=0.527)  vol=$233  trades=1  first_trade=2026-05-24 22:33  winrate=0.667  n_markets_traded=3.000  herfindahl_index_markets=0.878
10:24:10 [super] FLAGGED 0x9392e82967120c7614d3012405dfd48d95695dfd  prob=0.159 (raw=0.407)  vol=$11  trades=2  first_trade=2026-05-26 01:25  winrate=0.400  n_markets_traded=10.000  herfindahl_index_markets=0.281
10:24:10 [super] FLAGGED 0x942a9306a554ab0b94d079dd60a6df7ad702aedc  prob=0.124 (raw=0.340)  vol=$50  trades=2  first_trade=2026-05-26 16:33  winrate=0.350  n_markets_traded=20.000  herfindahl_index_markets=0.448
10:24:10 [super] FLAGGED 0x8ef84590d9547d286f3f5268ab3ab905bd042c75  prob=0.121 (raw=0.333)  vol=$390  trades=2  first_trade=2026-05-25 23:10  winrate=0.000  n_markets_traded=2.000  herfindahl_index_markets=0.827
10:24:10 [super] FLAGGED 0x131700aafaa836829c2eb8247c8c7671de457681  prob=0.113 (raw=0.315)  vol=$40  trades=7  first_trade=2026-05-24 21:53  winrate=0.652  n_markets_traded=23.000  herfindahl_index_markets=0.106
10:24:10 [super] FLAGGED 0xa57ad093ce791502886541ecd672906302f5bbed  prob=0.108 (raw=0.302)  vol=$3  trades=4  first_trade=2026-05-26 17:32  winrate=0.458  n_markets_traded=48.000  herfindahl_index_markets=0.521
10:24:10 [super] FLAGGED 0xe617861a96631d7cefdb1ad43e95c33b5946f251  prob=0.106 (raw=0.298)  vol=$1,000  trades=1  first_trade=2026-05-26 12:00  winrate=0.852  n_markets_traded=952.000  herfindahl_index_markets=0.003
10:24:10 [super] FLAGGED 0x4fc87f3a06fbd8484cc081b9175d109484fd43e4  prob=0.105 (raw=0.297)  vol=$0  trades=1  first_trade=2026-05-24 22:26  winrate=0.269  n_markets_traded=26.000  herfindahl_index_markets=0.092
10:24:10 [super] wrote supercompute_iranclosesitsairspacebym_20260701_094114_results.csv
10:24:10 [super] wrote supercompute_iranclosesitsairspacebym_20260701_094114_flagged.csv
10:24:10 [super] plots: rendering top 25 wallets' trades to supercompute_iranclosesitsairspacebym_20260701_094114_plots
10:24:10 [super] plots: wrote rank01_0x1225b11216449593359c7e50bdeb2325f4e72ebf.png (2 trades)
10:24:10 [super] plots: wrote rank02_0x9085a056450ed2d21d00cb6560c548fa2bdd9322.png (1 trades)
10:24:10 [super] plots: wrote rank03_0x64d7f8a283c5f086dbc1fee0e096872ff1adb1e6.png (1 trades)
10:24:11 [super] plots: wrote rank04_0x9392e82967120c7614d3012405dfd48d95695dfd.png (2 trades)
10:24:11 [super] plots: wrote rank05_0x942a9306a554ab0b94d079dd60a6df7ad702aedc.png (2 trades)
10:24:11 [super] plots: wrote rank06_0x8ef84590d9547d286f3f5268ab3ab905bd042c75.png (2 trades)
10:24:11 [super] plots: wrote rank07_0x131700aafaa836829c2eb8247c8c7671de457681.png (7 trades)
10:24:11 [super] plots: wrote rank08_0xa57ad093ce791502886541ecd672906302f5bbed.png (4 trades)
10:24:11 [super] plots: wrote rank09_0xe617861a96631d7cefdb1ad43e95c33b5946f251.png (1 trades)
10:24:12 [super] plots: wrote rank10_0x4fc87f3a06fbd8484cc081b9175d109484fd43e4.png (1 trades)
10:24:12 [super] plots: wrote rank11_0xa2c81bfb1fa955e333db3e855af2c3d87b879ca4.png (10 trades)
10:24:12 [super] plots: wrote rank12_0x4572a4504e75121d9a9c18ad5b2be1c73105fdfb.png (2 trades)
10:24:12 [super] plots: wrote rank13_0xa0bcd471677aad4e911c441252fbfd63d7f77c8c.png (1 trades)
10:24:12 [super] plots: wrote rank14_0x515e2144bf38402568979db4ea7f6b64636c8309.png (6 trades)
10:24:13 [super] plots: wrote rank15_0xac3439f50068dbb21c7482f34e477a6daf5c3949.png (1 trades)
10:24:13 [super] plots: wrote rank16_0x9fbee8cf888926ae78b6061985938d8ecf85a4df.png (4 trades)
10:24:13 [super] plots: wrote rank17_0xaa4c00ca99d79cf3b2f37c2a8d2e34931e687bfd.png (2 trades)
10:24:13 [super] plots: wrote rank18_0x6ee9bd34274d7d4a1921c0d90744f931260ad2e0.png (2 trades)
10:24:13 [super] plots: wrote rank19_0x360c59857b8f2a83348b55a908909d11937c4343.png (1 trades)
10:24:13 [super] plots: wrote rank20_0x8ae64217e765a0e85f748bc5d42c1ef77fcf0f9a.png (2 trades)
10:24:14 [super] plots: wrote rank21_0xbe26c8868e635e662d08a2c0fe2178581d96cc0f.png (1 trades)
10:24:14 [super] plots: wrote rank22_0x743ca4e87ee4a4fe0b425b4b24526653e61403de.png (8 trades)
10:24:14 [super] plots: wrote rank23_0x23cb220de129746606454a7b27e4ba1e4b6b0357.png (1 trades)
10:24:14 [super] plots: wrote rank24_0x3040fe1e89941ad4ac7d86b59e3d8f9a2d526b90.png (1 trades)
10:24:14 [super] plots: wrote rank25_0xceb996e1ac33e01f72f25d81fd82c45c1e3926c6.png (1 trades)
10:24:14 [super] plots: 25/25 PNGs written to supercompute_iranclosesitsairspacebym_20260701_094114_plots
10:24:14 [super] log saved to supercompute_iranclosesitsairspacebym_20260701_094114.log
