wallet,pred_prob,pred_prob_raw,flagged,volume,n_trades,first_trade_ts,adaptive_markout_raw_grosswt_h0p070,unrealized_edge_per_open_token,adaptive_markout_raw_grosswt_h0p010,adaptive_markout_raw_grosswt_h0p150,unrealized_edge_per_open_token_sqrt,buy_markout_adj_grosswt_h0p070_lb0p150,adaptive_markout_raw_grosswt_h0p200,buy_markout_adj_grosswt_h0p030_lb0p200,high_sell_nonflattening_cash_frac_pctl90,realized_pnl_per_closing_trade,adaptive_plus_realized_alpha0p25_h0p030,buy_markout_adj_grosswt_h0p030_lb0p010,adaptive_plus_realized_alpha0p5_h0p070,buy_markout_adj_mean_h0p200_lb0p030,buy_markout_adj_mean_h0p200_lb0p200,sell_markout_adj_median_h0p150_lb0p010,n_distinct_buy_days,major_move_time_remaining_pct,time_to_major_move_pct_of_market,adaptive_markout_raw_grosswt_h0p030,herfindahl_index_markets,median_bet_size_usdc,time_since_first_deposit_to_first_trade_seconds,wallet_age_seconds,wallet_to_market_age_ratio,avg_bet_size_usdc,wallet_minus_market_age_seconds,funder_flagged_wallet_count,winrate,n_markets_traded
0x504bd5f1bde5a3c7f69b91b1d021970a21a89d05,0.6934057649092481,0.9873367,1,2631.578946,2,1771362391,0.8615548449632658,0.8626198076884375,0.8615548449632658,0.8615548449632658,1.2199286312046596,0.5629999246806243,0.8615548449632658,0.97200000233396,0.0,,0.8615548449632658,0.9590000022777199,0.8615548449632658,-0.7219999977222793,-0.7079999976660393,,1,0.9937008509467672,-0.7462051471223734,0.8615548449632658,1.0,499.999999,2244.0,2244.0,0.0008130337572050769,499.999999,-2757789.0,,0.0,1.0
0xc5df8fd74bd877310f216f159e0d94bc85e663cf,0.6924084672029108,0.986241,1,4158.547532,16,1771408844,0.8091837893512733,0.8102487520764449,0.8091837893512733,0.8091837893512733,2.4672720011638956,-0.3183290100253163,0.8091837893512733,0.3328354939232516,0.0,,0.8091837893512733,0.32567077249371384,0.8091837893512733,-1.1033224467546168,-1.0928118870250003,,1,0.9937008509467672,-0.7588702428187819,0.8091837893512733,0.38716986630132777,980.5374,772203.0,772203.0,0.2751494217323728,768.8669080000001,-2034283.0,,0.25,4.0
0xac482f27ac3d1144ca4f778af405eb5cac5d2feb,0.6896797841182832,0.98325306,1,2893.6730589999997,13,1770520217,0.49300958303778053,0.4936485650268293,0.49300958303778053,0.49300958303778053,1.029709705687323,-0.068193725674373,0.49300958303778053,0.11804706841745835,0.0,133.62327323139797,0.5316115662017341,0.026206515538583965,0.5702135493656876,-0.392034562249627,-0.3012341644915362,,1,0.9937008509467672,-0.5165921123769937,0.49300958303778053,0.23982418696457222,999.999984,13152.0,13152.0,0.006857646990732895,1633.571417285714,-1904707.0,,0.0,6.0
0x6f3b2c56fabd12c413abdf832eb28e1174a25ea9,0.6867583551647388,0.98007005,1,3508.7719270000002,4,1769729146,0.45686900921697315,0.4579339719421447,0.45686900921697315,0.45686900921697315,0.7948750288768125,-0.5374604007475511,0.45686900921697315,0.05671217383920981,0.0,,0.45686900921697315,0.06171217383920981,0.45686900921697315,-0.7970719322629887,-0.8030719322629887,,1,0.9937008509467672,-0.3009119643208171,0.45686900921697315,0.5,1999.9999985,208.0,208.0,0.00018459550509945083,1999.9999985,-1126580.0,,0.0,2.0
0x8fbf269d473ee4e5f0e88adb276ceca85c5fdac3,0.6826830131160714,0.9756566,1,1360.0,2,1771139945,0.9148029809223768,0.9158679436475483,0.9148029809223768,0.9148029809223768,1.2952328672491202,0.5069999995507808,0.9148029809223768,0.2909999999999993,0.0,,0.9148029809223768,0.23900000117567735,0.9148029809223768,0.4789999992893333,0.5309999999999999,,1,0.9937008509467672,-0.68555675245931,0.9148029809223768,1.0,190.4,344.0,344.0,0.00013556185462803837,190.4,-2537243.0,,0.0,1.0
0xf4fde65125f7a9993e44d4a228b5ca0c3ecb1db4,0.682360160196498,0.9753083,1,1773.84,6,1772188299,0.9056757025776161,0.9067406653027876,0.9056757025776161,0.9056757025776161,1.7990067792080298,6.824864730688759,0.9056757025776161,6.827864730688757,0.0,,0.9056757025776161,6.796578833563728,0.9056757025776161,6.802429805593953,6.831810788448126,,1,0.9937008509467672,-0.9713833671819896,0.9056757025776161,1.0,297.17,786.0,786.0,0.0002191893285472349,297.17,-3585155.0,,0.0,1.0
0xf489b4519e02bd890717d46d0015861b98b83d66,0.679727246833826,0.97247463,1,438.1,4,1772137796,0.9574014899292393,0.9584664526544111,0.9574014899292393,0.9574014899292393,1.5877378662346635,7.243000000000001,0.9574014899292393,0.6020010604452668,0.0,,0.9574014899292393,0.5630010624005385,0.9574014899292393,7.1950000011483874,7.2339999980447285,,1,0.9937008509467672,-0.9576140664273405,0.9574014899292393,1.0,219.05,162.0,162.0,4.582176239549386e-05,219.05,-3535276.0,,0.0,1.0
0xc8a16dbea6ae276b004486af8c0dae7a4f38a321,0.6782330952656022,0.97087204,1,1500.3864999999998,3,1771274123,0.8509600843538045,0.8520250470789761,0.8509600843538045,0.8509600843538045,1.2471344028746578,0.5754269468840252,0.8509600843538045,0.08342761885415954,0.0,,0.8509600843538045,0.07641731247248612,0.8509600843538045,-0.6198608958425049,-0.6091907921352758,,1,0.9937008509467672,-0.7221394750036603,0.8509600843538045,1.0,300.0,1446.0,1446.0,0.0005412152640670119,300.0,-2670319.0,,0.0,1.0
0xfcd3acb33560e3b7d96cf119237582c69c9c3338,0.670450675512962,0.9625868,1,4557.82632,25,1769459497,0.608003766700243,0.609068729425415,0.608003766700243,0.608003766700243,2.151014340903288,-0.06042886069992346,0.608003766700243,-0.06484670899824747,0.0,,0.608003766700243,-0.05940803555718853,0.608003766700243,-1.1613729907154287,-1.1618529934674295,,2,0.9937008509467672,-0.22739399154315246,0.608003766700243,1.0,1496.999999,490.0,490.0,0.000571669239178243,1496.999999,-856649.0,,0.0,1.0
0xe46767426083d8357045a0c4f40dd9f01d61437f,0.6568915466709571,0.948384,1,2777.777776,2,1771726254,0.8722044721762169,0.8732694349013884,0.8722044721762169,0.8722044721762169,1.234989478443432,-0.005999866816991913,0.8722044721762169,0.15399999740106118,0.0,,0.8722044721762169,0.16300000203183967,0.8722044721762169,6.57300000203184,6.545999997401061,,1,0.9937008509467672,-0.8454099286301832,0.8722044721762169,0.8484976065805476,39.999999,4258.0,4258.0,0.0013630415353135955,181.66666566666666,-3119638.0,,0.0,2.0
0x2370bd3107d7b5bd55e04a991c613447dc4571cb,0.6564542344736128,0.9479305,1,201009.9450900001,232,1770752007,0.06698275677494457,0.06706738883650303,0.06698275677494457,0.06698275677494457,0.6752214744839868,1.2619281100158009,0.06698275677494457,1.451596777567065,0.0,1010.7476013848438,0.035018751147127346,1.4427708640953703,0.07003750229425469,4.869422342508552,4.895607995807816,,6,0.9937008509467672,-0.579788085327514,0.06698275677494457,0.6250000012500001,199.999999,1049959.0,1049959.0,0.4884327627440573,199.999999,-1099690.0,,0.0,2.0
0x0ad7f1a66e6b6df6f5ea21852e0ff5d3ad878ad2,0.6538003383176766,0.9451844,1,198.52923,7,1772229079,0.8296059624062165,0.8306709251313881,0.8296059624062165,0.8296059624062165,1.7910460857335166,6.22754652500802,0.8296059624062165,6.257639582572642,0.0,,0.0,6.2285344305482,0.0,6.2205713996716225,6.256428548647102,,1,0.9937008509467672,-0.9825017578671884,0.8296059624062165,0.8759048763286593,335.6794865,200355.0,200355.0,0.05524411720669994,1804.5018955000003,-3426366.0,0.0,0.2,5.0
0xe0da83dd7c95553c958779ef805737716a76a059,0.653572702935995,0.9449493,1,2307.692306,5,1771179507,0.92545260853405,0.9265175712592213,0.92545260853405,0.92545260853405,1.652393375061434,1.9500000028053999,0.92545260853405,0.593000006453401,0.0,,0.92545260853405,0.5600000028054,0.92545260853405,0.5660000036286991,0.5930000112284016,,1,0.9937008509467672,-0.6963430636973639,0.92545260853405,1.0,299.999999,1994553.0,1994553.0,0.7739377893944044,299.999999,-582596.0,,0.0,1.0
0x72237930a7d2f1be74482c8d02638bc4c8c45ffa,0.6534011796410816,0.94477224,1,1499.0000000000002,7,1772255953,0.8544219388861315,0.8554869016113031,0.8544219388861315,0.8544219388861315,1.7970101890666645,6.416747872887962,0.8544219388861315,6.440408272181454,0.0,,0.0,6.414747831887926,0.0,6.444678261052589,6.476201181740208,,1,0.9937008509467672,-0.9898287718758699,0.8544219388861315,1.0,294.85,82.0,82.0,2.2443647968644583e-05,294.85,-3653513.0,0.0,0.0,1.0
0x29a271bbe0467538520eaa71881f214a21f6a0b1,0.6505406541798379,0.941825,1,762.7016940000001,5,1772193253,0.8225761604530322,0.8236411231782038,0.8225761604530322,0.8225761604530322,1.7201487581286419,6.176532025445922,0.8225761604530322,6.204211837561177,0.0,,0.0,6.1655320234884226,0.0,6.192106407777918,6.231442377481619,,1,0.9937008509467672,-0.9727340417149586,0.8225761604530322,1.0,199.999999,38.0,38.0,1.0582320006572178e-05,199.999999,-3590857.0,,0.0,1.0
0x90c6db5d84f3b0c7dc04b7c812705ab2734519e1,0.6476089746205447,0.93881595,1,540.893017,6,1770533911,0.8296059640672716,0.8306709267924431,0.8296059640672716,0.8296059640672716,1.8229791036047984,0.030000009029938702,0.8296059640672716,0.24700000541357472,0.0,,0.8296059640672716,0.16300000902993864,0.8296059640672716,-0.21600006032407926,-0.15300000994042154,,1,0.9937008509467672,-0.5203256886899684,0.8296059640672716,1.0,149.639999,256.0,256.0,0.00013253584033158812,149.639999,-1931297.0,,0.0,1.0
0x8ed9938e708f827d97497ad95bf1641ab7528bdc,0.644416246863153,0.93555194,1,1970.9974979999997,5,1769525955,0.5945967342042112,0.5956616969293829,0.5945967342042112,0.5945967342042112,1.2667952517580299,0.21786397955887724,0.5945967342042112,-0.1402239513930003,0.0,,0.5945967342042112,-0.1686772875996217,0.5945967342042112,-0.5543083221608855,-0.5657083156088831,,2,0.9937008509467672,-0.24551331494082143,0.5945967342042112,1.0,700.29,32.0,32.0,3.464714588722137e-05,700.29,-923565.0,,0.0,1.0
0xa1308d9aed0bf6bdd0f4f3c43b89d0804bc405dc,0.6410505335020374,0.9321253,1,44786.68911000001,104,1771414620,0.1076991538678434,0.107816345547787,0.1067842343945543,0.1076991538678434,0.6956252230888594,1.5972378611602172,0.1076991538678434,1.142815164750408,0.0,336.42339574080006,0.12525435849450658,1.1348023032494157,0.14280956312116974,6.325833799437562,6.3317127626524,,4,0.9937008509467672,-0.7604450300820902,0.1076991538678434,0.3678711694913025,11.946,145449.0,145449.0,0.05171957662550644,181.26583063157895,-2666813.0,,0.0,4.0
0xcb7cd6a184683575947af6615ac9d945ca592b46,0.6363742860355546,0.92738765,1,651.769014,10,1772133722,0.9329865006549019,0.9340514633800735,0.9329865006549019,0.9329865006549019,2.420844704171585,7.052716897890153,0.9329865006549019,0.7257168978901541,0.0,,0.9329865006549019,0.6923020328807529,0.9329865006549019,7.020530205485488,7.051271692040686,,1,0.9937008509467672,-0.9565033179317176,0.9329865006549019,1.0,126.999999,294.0,294.0,8.325394946541903e-05,126.999999,-3531070.0,,0.0,1.0
0x9f9bdc25e87ee7338a9a8bd6043c8b1f6136484d,0.6359219523462373,0.9269308,1,2709.5190000000002,6,1772069130,0.30163251826028703,0.31238906605032657,0.30163251826028703,0.30163251826028703,0.8507087942051009,3.49865696457563,0.30163251826028703,0.12196896087119076,0.0,-5.112300000000032,0.30074504932264406,0.11018869236842943,0.2998575803850011,7.035,7.053,-1.0588068711524203,1,0.9937008509467672,-0.9388949279363061,0.30163251826028703,0.18297818048252595,459.9954,136858.0,136858.0,0.039477069735188816,331.8172727096774,-3329914.0,,0.0,9.0
0x9da0177d3a77a09dac9bad106b07033547789c9a,0.6336400018029729,0.9246296,1,571.895422,4,1771347063,0.877681425874233,0.8787463885994046,0.877681425874233,0.877681425874233,1.757161304456375,0.731371449258448,0.877681425874233,0.5406857361134811,0.0,,0.877681425874233,0.5242285956481533,0.877681425874233,-0.5614999787942001,-0.5404999782706,,1,0.9937008509467672,-0.7420260717809628,0.877681425874233,1.0,49.999999,32.0,32.0,1.1658812149210936e-05,49.999999,-2744673.0,0.0,0.0,1.0
0xf0038e8e06784bbb85e4717a74a6c891d5050a0c,0.633119191960973,0.9241053,1,380.0,3,1772186883,0.31558395422584123,0.3159389418008985,0.31558395422584123,0.31558395422584123,0.5472222992887027,2.3826666666666667,0.31558395422584123,2.3826666666666667,0.0,-2.0000000000000044,0.31469648528819827,2.369666666666667,0.3138090163505553,7.112,7.148,-1.0469213394412493,1,0.9937008509467672,-0.9710354744278378,0.31558395422584123,0.22089421103602302,185.14,421817.0,421817.0,0.11767723756983142,318.2538833333333,-3162708.0,,0.0,7.0
0x4ec2f11d2893eb1bc3bab7449910540c93adf7ec,0.631944588410128,0.92292386,1,2976.7099999999996,19,1772236203,0.8386131624315523,0.8396781251567239,0.8386131624315523,0.8386131624315523,2.851425561050852,6.296507858945346,0.8386131624315523,6.32181216482603,0.0,,0.0,6.303773333333334,0.0,6.245916939149379,6.2786783710452045,,2,0.9937008509467672,-0.984444068196795,0.8386131624315523,0.15882563160663127,449.831839,466857.0,466857.0,0.1284746597612171,690.8680472317074,-3166988.0,,0.5555555555555556,9.0
0xf37af11e538c6eba3ddcea540ee54ca35c6354f8,0.6297458012400714,0.9207165,1,1983.3,4,1772236203,0.836761966655337,0.8378269293805084,0.836761966655337,0.836761966655337,1.4649189578572166,6.282427849831221,0.836761966655337,6.308359069453809,0.0,,0.0,6.288755900202293,0.0,6.161,6.19375,,2,0.9937008509467672,-0.984444068196795,0.836761966655337,0.19102338510532782,331.94960000000003,453287.0,453287.0,0.12474032326640239,686.9313012272728,-3180558.0,,0.5555555555555556,9.0
0x1101780c51734b8a602132b1c45ab7e0bdd0a379,0.6275090232254823,0.9184766,1,899.4000000000001,5,1772195285,0.0,0.0,0.0,0.0,0.0,3.196,0.0,3.2125,0.0,239.7,0.10636315217651032,3.1904999979974997,0.21272630435302065,6.38,6.425000000000001,,1,0.9937008509467672,-0.9732880527466488,0.0,0.27849043373152765,528.8301240000001,568847.0,568847.0,0.15832411846942618,404.411427125,-3024080.0,,0.6666666666666666,6.0
0x838fa78faf741aab9571f71754c2161ade37bb46,0.6271682036828278,0.91813576,1,3448.0448539999998,4,1771537440,0.7550938377586867,0.7561588004838583,0.7550938377586867,0.7550938377586867,1.1086572685651348,-0.7222638455244854,0.7550938377586867,-0.5201316186302275,0.0,,0.7550938377586867,-0.5061249957482784,0.7550938377586867,4.713112290029611,4.689110634299523,,1,0.9937008509467672,-0.7939310708853298,0.7550938377586867,1.0,999.999999,266.0,266.0,9.06277916596538e-05,999.999999,-2934816.0,,0.0,1.0
0xff58e0a2406fc2032b5a806df7daad922e8399ef,0.6232696412015534,0.9142461,1,4145.958663000001,16,1772051650,0.9098021991412869,0.9108671618664586,0.9098021991412869,0.9098021991412869,2.943757684629131,6.870241890052441,0.9098021991412869,1.859804173127317,0.0,,0.9098021991412869,1.8407266989126252,0.9098021991412869,6.683219698892531,6.700071166551439,,3,0.9937008509467672,-0.9341269432305005,0.9098021991412869,0.3231858700541238,76.721585,189334.0,189334.0,0.0548906848129993,128.418158,-3259958.0,,0.0,4.0
0x328ef94bc7f57183eb62d57306509c93401f4475,0.6212979468022125,0.912285,1,175.0,4,1769581645,0.6379126723777692,0.6389776351029407,0.6379126723777692,0.6379126723777692,1.3059233571501927,2.039788047292807,0.6379126723777692,1.8944787837644879,0.0,,0.394796895974317,1.8456216585269947,0.394796895974317,2.8426912450166304,2.8936912303916253,,2,0.9937008509467672,-0.2606968160996915,0.6379126723777692,0.24444444622222228,39.999999,27942.0,27942.0,0.028533004114217792,49.999999,-951345.0,,0.0,6.0
0x85e6b0b5ac615cc5037cc930468512d4cf29cfd6,0.621093547508121,0.9120819,1,780.0,6,1771409822,0.7976570811535044,0.7987220438786757,0.7976570811535044,0.7976570811535044,1.8497543803048766,-0.4860000000000002,0.7976570811535044,0.14453848352704074,0.0,,0.7976570811535044,0.13730769398837128,0.7976570811535044,-1.2069999952974901,-1.1969999589299742,,1,0.9937008509467672,-0.7591368878921053,0.7976570811535044,0.52000000096,124.9999995,168.0,168.0,5.984048237127885e-05,124.9999995,-2807296.0,,0.0,2.0
0xec3a1540ca21f96e6f0d9ebc9fae3d82b38c735f,0.6200220747175847,0.9110181,1,2164.888862,23,1771972902,0.8669827471060813,0.8680477098312528,0.8669827471060813,0.8669827471060813,2.944954420227595,5.411337027682162,0.8669827471060813,5.309338823925394,0.0,,0.1444914161430646,5.268300489779611,0.1444914161430646,6.5838389713200405,6.623779708030728,,2,0.9937008509467672,-0.9126568346067135,0.8669827471060813,0.4728319110898082,28.246199500000003,4442.0,4442.0,0.0013178881509928369,37.8730995,-3366102.0,0.0,0.3333333333333333,3.0
0x5c89308e7a9db82bd9fe4773862b6a6936216b87,0.6187804471244653,0.90978676,1,6782.461671,5,1772148108,8.809347127972678e-07,8.829187999882525e-07,8.809347127972678e-07,8.809347127972678e-07,0.0009147924869024793,3.580003335734917,8.809347127972678e-07,0.5085005466027687,0.0,3465.61536081,0.11821163333954653,0.47950044750869225,0.23642238574438024,7.111000001404386,7.169000145556893,,1,0.9937008509467672,-0.9604255633558783,8.809347127972678e-07,1.0,429.299999,112.0,112.0,3.158711133046605e-05,429.299999,-3545638.0,,0.0,1.0
0x819d38d7ccaa042984322ed575ccfb917d978d4c,0.6143325417813338,0.9053883,1,1906.0289980000002,11,1772211077,8.487534141748832e-07,1.1364664355785008e-06,8.487534141748832e-07,8.487534141748832e-07,0.0009778203162068505,3.155504265400901,8.487534141748832e-07,3.1710042864103887,0.0,176.86917164571372,0.07795276312609184,3.149504257296025,0.15590552625218368,6.302000003260257,6.342000003340758,,1,0.9937008509467672,-0.9775936345441146,8.487534141748832e-07,1.0,221.999999,82.0,82.0,2.2722744552845485e-05,221.999999,-3608637.0,,0.0,1.0
0x9c0a488aef889a282ed5a2dface08eb5aeaa4b68,0.612634776026382,0.9037144,1,416.647332,4,1769365858,0.4261940527821958,0.4272590155073674,0.4261940527821958,0.4261940527821958,0.7907293690968182,-0.24864170927964513,0.4261940527821958,-0.24098504077651559,0.0,,0.4261940527821958,-0.25598503914744286,0.4261940527821958,-0.7539712866659185,-0.7349114823779308,,1,0.9937008509467672,-0.20186395266695512,0.4261940527821958,1.0,249.489999,74.0,74.0,9.692206941715783e-05,249.489999,-763426.0,,0.0,1.0
0xd8fa35de46549e0759cc08fc2f80404b0324d2e4,0.6126330214003014,0.9037127,1,60.0,2,1769611717,0.5314163998606123,0.5324813625857839,0.5314163998606123,0.5314163998606123,0.7530423646797212,0.4202640831997384,0.5314163998606123,0.1624213300489035,0.0,,0.5314163998606123,0.13942134586640992,0.5314163998606123,-0.6842450163329474,-0.657822525756592,,1,0.9937008509467672,-0.26889574313954673,0.5314163998606123,1.0,30.0,186.0,186.0,0.00018427536684172827,30.0,-1009173.0,,0.0,1.0
0x6062830c5a8a453cb57048da505234aaca304084,0.6124424758306128,0.903525,1,2322.113314,19,1771438186,0.7820955076492067,0.7831604703743783,0.7820955076492067,0.7820955076492067,2.4973540282491333,-0.2399689689682345,0.7820955076492067,-0.5674790199100564,0.0,,0.7820955076492067,-0.5627347350446146,0.7820955076492067,0.7991116626975842,0.8009537619283948,,2,0.9937008509467672,-0.7668701403049296,0.7820955076492067,1.0,449.999999,380.0,380.0,0.00013399966429557787,449.999999,-2835448.0,,0.0,1.0
0x70f0de4711093484038b3c923017279f6f34fa57,0.6096720544453488,0.9007998,1,9204.914433,20,1771968338,0.8398810962959543,0.8409460590211258,0.8398810962959543,0.8398810962959543,2.4812214023161383,-0.2869186928341776,0.8398810962959543,-0.8078483628863664,0.0,,0.8398810962959543,-0.8048483628863665,0.8398810962959543,6.3382075794211925,6.335207582157191,,1,0.9937008509467672,-0.9114124909312048,0.8398810962959543,0.5033072049740048,1321.8224995,636207.0,636207.0,0.18901092698114666,1360.6612492499999,-2729773.0,,0.0,2.0
0xba0c58d8bfcb2679d120712c09659b6a5c2f74a3,0.6071798367983973,0.89835423,1,1834.3333320000002,2,1771596466,0.7763578270216391,0.7774227897468107,0.7763578270216391,0.7763578270216391,1.099441852957867,-0.5852226816881274,0.7763578270216391,-0.6525002978212509,0.0,,0.7763578270216391,-0.6415003041212515,0.7763578270216391,5.214152435370083,5.185152435300303,,1,0.9937008509467672,-0.810024109840321,0.7763578270216391,1.0,495.269999,20.0,20.0,6.679785765910916e-06,495.269999,-2994088.0,0.0,0.0,1.0
0x344c5073e9b152a95d9f42767ac084a87fad68ab,0.6050259457463449,0.89624506,1,660.149413,6,1772236207,0.8307185788933057,0.8317835416184775,0.8307185788933057,0.8307185788933057,1.542494542665021,6.236462446608382,0.8307185788933057,6.262604974452997,0.0,,0.0,6.243357971275666,0.0,6.327833225065696,6.361166555246503,,2,0.9937008509467672,-0.984445158769692,0.8307185788933057,0.16440138267962945,262.0824,450687.0,450687.0,0.1240246911745645,607.5715444626866,-3183162.0,,0.5555555555555556,9.0
0xbdcc484199025855bbf6eda53e8dbf5cc0f6a2fa,0.6016000722333668,0.8928985,1,2548.9355380000006,12,1772231383,-2.1355335965961547e-08,4.125086079753618e-09,-2.1355335965961547e-08,-2.1355335965961547e-08,4.216643793363285e-06,2.2449419060808244,-2.1355335965961547e-08,2.255914312734122,0.0,206.0890137431602,0.07269820267407139,2.244808902844062,0.14539642670347874,1.9886581829272554,2.0109915195402093,,2,0.9937008509467672,-0.9831299278558764,-2.1355335965961547e-08,1.0,191.109999,54.0,54.0,1.488002976005952e-05,191.109999,-3628971.0,,0.0,1.0
0xbd946211603a44edbcd2c8e11281de20dbb533e3,0.6007700700724794,0.8920892,1,2957.7715099999996,12,1772251799,4.623707502439795e-07,4.735643838391167e-07,4.623707502439795e-07,4.623707502439795e-07,0.0006469873151065059,3.3046897974188756,4.623707502439795e-07,3.3194104925491437,0.0,557.7311931333334,0.107506361458951,3.3074104814940752,0.215012722917902,6.5864862527421755,6.622535286461759,,1,0.9937008509467672,-0.9886962119223065,4.623707502439795e-07,1.0,178.999999,90.0,90.0,2.4661311143268244e-05,178.999999,-3649351.0,,0.0,1.0
0x00e5441368493c63e4f8abf0026531d3df32df91,0.5977902195092156,0.88918823,1,754.6085979999999,8,1771484170,0.717608234678936,0.7186731974041074,0.717608234678936,0.717608234678936,1.7818586507732104,-0.8562239533262075,0.717608234678936,-0.3627327316513233,0.0,,0.717608234678936,-0.32876590503524095,0.717608234678936,-0.6854358510437831,-0.6844358510437831,,1,0.9937008509467672,-0.7794073663291616,0.717608234678936,0.6250000012500001,199.999999,1610.0,1610.0,0.0005586762772866516,199.999999,-2880202.0,,0.0,2.0
0xea59f59d3cff472ad0277983af911fa7ab46e4fc,0.5968815312236112,0.888305,1,5366.0,4,1770231559,0.6990719603090506,0.7001369230342221,0.6990719603090506,0.6990719603090506,1.230435788226954,-0.5200693436251321,0.6990719603090506,-0.38068920388716093,0.0,,0.6990719603090506,-0.42290739781030756,0.6990719603090506,-1.1699763360100772,-1.1283724266202344,,1,0.9937008509467672,-0.43789146454942846,0.6990719603090506,1.0,2398.0,268.0,268.0,0.00016449781211771904,2398.0,-1628933.0,,0.0,1.0
0x1edd4e09fb5b297b4b7c44621c0be5d9e4ac1c54,0.5963859425582042,0.8878236,1,300.169332,8,1772202643,0.752198316009475,0.7532632787346465,0.752198316009475,0.752198316009475,1.808859890039814,4.453608061018946,0.752198316009475,4.473070904915815,0.0,,0.0,4.439608061018946,0.0,4.402376722482973,4.433559578341155,,1,0.9937008509467672,-0.9752941615907315,0.752198316009475,0.5,99.999999,4958.0,4958.0,0.0013771132007604954,99.999999,-3595327.0,,0.0,2.0
0x4ed251127dea845c2282207844edb782bf2801f4,0.5960927426698064,0.88753885,1,287.999998,2,1770568801,0.8189563367625741,0.8200212994877456,0.8189563367625741,0.8189563367625741,1.1596852431703792,-0.12100001514299288,0.8189563367625741,0.4249999369770129,0.0,,0.8189563367625741,0.3169999317293732,0.8189563367625741,-0.23699999138298652,-0.1349999863429857,,1,0.9937008509467672,-0.5298382107842937,0.8189563367625741,0.8785629947123208,76.9999995,18668.0,18668.0,0.009493283049648528,76.9999995,-1947775.0,,0.0,2.0
0x826c95c38fb7092aa796b650ff9ad5e66f700343,0.5945970787671865,0.8860874,1,9.523808,2,1771336525,0.8402556661987177,0.8413206289238893,0.8402556661987177,0.8402556661987177,1.1898070437284265,0.48000211339122545,0.8402556661987177,1.609000592620095,0.0,,0.8402556661987177,1.5990005783400927,0.8402556661987177,-0.8869994130598647,-0.8709994073799046,,1,0.9937008509467672,-0.739152957483743,0.8402556661987177,1.0,1.999999,124.0,124.0,4.535202129204251e-05,1.999999,-2734043.0,,0.0,1.0
0x0cfc26c143ba69b148985da30e8120bc16915d5d,0.5933540543531506,0.88488245,1,1501.7929230000002,17,1772191955,0.8629938282047879,0.8640587909299594,0.8629938282047879,0.8629938282047879,2.6608975827289187,6.481768117393151,0.8629938282047879,6.521436259775996,0.0,,0.013751591943876318,6.47751323131909,0.013751591943876318,6.507683726321388,6.555104382388545,,1,0.9937008509467672,-0.9723801508098731,0.8629938282047879,0.7752499588365435,49.999999,556.0,556.0,0.00015489203941278088,152.63999966666668,-3589041.0,,0.0,3.0
0x99acf28df2d1774b427418149095aa34e1f19b05,0.5923447850212344,0.88390493,1,777.777776,2,1771727298,0.8722044728465957,0.8732694355717673,0.8722044728465957,0.8722044728465957,1.234989479391491,0.07400000925455459,0.8722044728465957,0.07400000708171424,0.0,,0.8722044728465957,0.08000000725657137,0.8722044728465957,6.576000004344571,6.546000007081714,,1,0.9937008509467672,-0.8456945681563075,0.8722044728465957,1.0,139.999999,84.0,84.0,2.6880516105909234e-05,139.999999,-3124856.0,,0.0,1.0
0x95f4e0cba508114cea4846f4455ea322145cf9f3,0.5918856784274935,0.8834605,1,26.315787999999998,2,1771315825,0.86155487380118,0.8626198365263518,0.86155487380118,0.86155487380118,1.2199286719876288,0.7289997048892504,0.86155487380118,1.6860002270880126,0.0,,0.86155487380118,1.6800002270880126,0.86155487380118,-0.7249997783839881,-0.7139997729119878,,1,0.9937008509467672,-0.7335092427416239,0.86155487380118,1.0,4.999999,210.0,210.0,7.739176485286167e-05,4.999999,-2713257.0,,0.0,1.0
0x01911d32868879de8100edad969eb8bdcc314355,0.5917567105402677,0.8833357,1,3.999998,2,1772155762,0.9680511598327147,0.9691161225578863,0.9680511598327147,0.9680511598327147,1.3705371640357895,7.320000366165026,0.9680511598327147,7.347000332415018,0.0,,0.9680511598327147,7.2750003324150185,0.9680511598327147,7.2750003324150185,7.347000332415019,,1,0.9937008509467672,-0.9625123745943409,0.9680511598327147,0.2650391321587734,6.659997,3904.0,3904.0,0.0010986648295549844,7.383998600000001,-3549500.0,,0.0,5.0
0x0fa1ce6226b87f0a8326ab3d2ec02e844c1ef683,0.5908992526895084,0.8825062,1,35.714284,2,1771139275,0.9148030035847847,0.9158679663099563,0.9148030035847847,0.9148030035847847,1.295232899298605,0.5070001761747897,0.9148030035847847,0.2940001766240082,0.0,,0.9148030035847847,0.2400001732640081,0.9148030035847847,0.5590001716573425,0.6140001766240093,,1,0.9937008509467672,-0.6853740814990579,0.9148030035847847,0.5555555851851911,7.4999994999999995,1700.0,1700.0,0.0006701046979463656,7.4999994999999995,-2535217.0,,0.0,2.0
0x6f75770e3c3ccc0138d44cefa17173cb70464205,0.5882649769983185,0.8799611,1,39668.7933,20,1772220579,2.28670348438834e-07,2.2336541972636778e-07,2.28670348438834e-07,2.28670348438834e-07,0.0004362346580462251,3.2489211005199423,2.28670348438834e-07,3.26745522987993,0.0,7227.674366666667,0.10810797976333829,3.2420856635617765,0.21621595952667658,6.477774683949137,6.525281829377075,,1,0.9937008509467672,-0.9801842904610043,2.28670348438834e-07,1.0,2494.99,212.0,212.0,5.8592330319236994e-05,2494.99,-3618009.0,,0.0,1.0
0x9007438bed2f690fe52f158dab0ea9dbf32de26f,0.5856752524174043,0.87746376,1,476.190475,2,1772209683,0.8402555918376833,0.8413205545628547,0.8402555918376833,0.8402555918376833,1.1898069385660426,6.3110000127575,0.8402555918376833,6.3390000130725,0.0,,0.0,6.2980000127575,0.0,6.3010000127575,6.3390000130725,,1,0.9937008509467672,-0.9772135698895005,0.8402555918376833,0.5061728410973937,99.999999,248.0,248.0,6.874900376317631e-05,112.499999,-3607077.0,,0.0,3.0
0x13b8ea476147fb987656d9e1f82950e95fc865b3,0.585513583743362,0.877308,1,471.35700799999995,5,1772213753,0.8408800413023354,0.8419450040275069,0.8408800413023354,0.8408800413023354,1.426498897641324,6.314749512945751,0.8408800413023354,6.355866733870311,0.0,,0.0,6.30274951387576,0.0,6.334349905069874,6.385173308516018,,1,0.9937008509467672,-0.9783232278122262,0.8408800413023354,1.0,99.999999,1208.0,1208.0,0.0003344967803300387,99.999999,-3610187.0,,0.0,1.0
0x92e24d79fe6accb1ff8d59cf007d5d58fab8419d,0.58287406877841,0.87476766,1,463.66666299999997,7,1771525878,0.7763578289698696,0.7774227916950411,0.7763578289698696,0.7763578289698696,1.6157637654552586,-0.5273453137061908,0.7763578289698696,-0.006823539943812544,0.0,,0.7763578289698696,0.012529364237108973,0.7763578289698696,-0.8156035464893733,-0.8213178336202602,,1,0.9937008509467672,-0.7907787699264709,0.7763578289698696,1.0,103.099999,572.0,572.0,0.0001956545534150613,103.099999,-2922948.0,,0.0,1.0
0x03cbbfdaaf240e7406772958f852e5c81bc58042,0.5811844327402905,0.8731439,1,20.0,2,1769612137,0.5314163998606123,0.5324813625857839,0.5314163998606123,0.5314163998606123,0.7530423646797211,0.42026408319973835,0.5314163998606123,0.19084331004291863,0.0,,0.5314163998606123,0.16784332586042505,0.5314163998606123,-0.6842450163329474,-0.657822525756592,,1,0.9937008509467672,-0.2690102532937346,0.5314163998606123,1.0,10.0,1466.0,1466.0,0.0014518028202210583,10.0,-1008313.0,,0.0,1.0
0x7f50eab3e19a4b9f4e17fc96aed557cf35644720,0.5804682321309756,0.8724562,1,424.95509500000003,10,1771504422,0.7503954741133105,0.7514604368384821,0.7503954741133105,0.7503954741133105,1.8339917536717014,-0.6706861283412325,0.7503954741133105,-0.2849088958578953,0.0,,0.7503954741133105,-0.2727846256694866,0.7503954741133105,-0.6120722817018251,-0.6110722817018251,,1,0.9937008509467672,-0.7849289369068135,0.7503954741133105,1.0,199.999999,62952.0,62952.0,0.021692147382001224,199.999999,-2839112.0,,0.0,1.0
0x91ac24a6323edb85c7b436a8fe01e57a73011774,0.5799264801979428,0.8719362,1,26.0,2,1771144513,0.9254526081740925,0.926517570899264,0.9254526081740925,0.9254526081740925,1.3102937145427147,0.5899999999999996,0.9254526081740925,0.3769999999999994,0.0,,0.9254526081740925,0.3229999999999994,0.9254526081740925,0.5590000014080001,0.6169999999999995,,1,0.9937008509467672,-0.6868021867077159,0.9254526081740925,1.0,13.0,402.0,402.0,0.00015813355204541028,13.0,-2541753.0,,0.0,1.0
0x1b69c9560ca3a3333ab9dbafc6ad3709fe3855f1,0.5796279498835245,0.87164974,1,490.0,2,1772232765,0.8509052174120826,0.8519701801372543,0.8509052174120826,0.8509052174120826,1.2048677834875539,6.389999997552,0.8509052174120826,6.4249999820199974,0.0,,0.0,6.407,0.0,6.382,6.4249999820199974,,1,0.9937008509467672,-0.9835067207917996,0.8509052174120826,1.0,98.0,84.0,84.0,2.313790161819322e-05,98.0,-3630323.0,,0.0,1.0
0x746002dd2a99c5773d3c321ef23e1c29e0fa31e8,0.5771208402199145,0.8692462,1,92.26315600000001,2,1772224963,0.861554852051104,0.8626198147762758,0.861554852051104,0.861554852051104,1.2199286412283763,6.470000056218234,0.861554852051104,6.508000057574445,0.0,,0.0,6.466000056187109,0.0,6.462000055500528,6.508000057574446,,1,0.9937008509467672,-0.9813795583561468,0.861554852051104,0.429154713590964,99.999999,194.0,194.0,5.3552623043362445e-05,72.50999900000001,-3622411.0,,0.0,3.0
0x4c3ffdb83902929a25778ff7b28da39d599232b2,0.5767902179470268,0.8689295,1,30.0,2,1771186885,0.9254526081740925,0.926517570899264,0.9254526081740925,0.9254526081740925,1.310293714542715,2.11,0.9254526081740925,0.5869999999999996,0.0,,0.9254526081740925,0.5599999978939996,0.9254526081740925,0.6429999999999997,0.6669999999999997,,1,0.9937008509467672,-0.6983546254059316,0.9254526081740925,0.4732164065545576,8.043,8320.0,8320.0,0.003219157702744061,20.700230769230764,-2576207.0,,0.3333333333333333,6.0
0xac7229eedf32992e087d6af8c8deacb9ecb807c1,0.5745875658203151,0.8668214,1,70.285,5,1772217933,0.893814455537337,0.8948794182625083,0.893814455537337,0.893814455537337,1.7917536243970467,6.726421729532584,0.893814455537337,6.759421729532585,0.0,,0.0,6.7053633746040875,0.0,6.721672674920818,6.774084345906516,,1,0.9937008509467672,-0.9794628764896204,0.893814455537337,1.0,26.0,3654.0,3654.0,0.0010106276318427912,26.0,-3611921.0,,0.0,1.0
0x5a54212d9ce9bdfdb8228a4c0130c92bfbd3ba75,0.5731410982117674,0.8654386,1,535.4303980000001,15,1769224426,0.610663974964408,0.6117289376895797,0.610663974964408,0.610663974964408,1.92098720704254,2.3132829062821303,0.610663974964408,2.5205088812937047,0.0,,0.610663974964408,2.4838902096657467,0.610663974964408,6.323091308155109,6.399790496202369,,2,0.9937008509467672,-0.16330347617384494,0.610663974964408,0.41198436032700825,77.798,825242.0,825242.0,1.3266105956262015,183.04969387931033,203174.0,,0.5,8.0
0xf06adc7454bc04ce664adf726ec5af56858495a2,0.5708420814501032,0.86324316,1,1211.530556,8,1771351257,0.03672687270898362,0.036775698785017595,0.03672687270898362,0.03672687270898362,0.33190610021171507,0.6226832743950623,0.03672687270898362,0.5516714218928661,0.0,128.117000799996,0.0279873464704787,0.5457457958281297,0.055974127774737543,3.915639462305102,3.9459103974027427,,2,0.9937008509467672,-0.7431695374634965,0.03672687270898362,1.0,98.999999,98.0,98.0,3.5650636854973575e-05,98.999999,-2748801.0,,0.0,1.0
0x582369021990804cb14de6e3b05d9d1fce019e77,0.569910063729823,0.862354,1,96.333332,2,1772128878,0.9041533625146423,0.9052183252398139,0.9041533625146423,0.9041533625146423,1.280172032462804,6.825000068927336,0.9041533625146423,0.6550000689273362,0.0,,0.9041533625146423,0.6350000672664365,0.9041533625146423,6.788000067266436,6.807000068927336,,1,0.9937008509467672,-0.9551826341534169,0.9041533625146423,1.0,14.449999,68.0,68.0,1.9282465433345056e-05,14.449999,-3526452.0,,0.0,1.0
0xdabcc991120501d2dec84b707dc711772a6bd9c3,0.5690326345754224,0.8615173,1,2341.0156269999998,29,1772243033,0.5836108949994183,0.58467585772459,0.5836108949994183,0.5836108949994183,2.2339641763707836,3.3754754680688515,0.5836108949994183,3.3889739302441635,0.0,,0.0,3.3753694864678083,0.0,2.7863366282141917,2.8078718135084006,,1,0.9937008509467672,-0.98630622141847,0.5836108949994183,1.0,49.999999,154.0,154.0,4.2299848242427574e-05,49.999999,-3640521.0,,0.0,1.0
0x3d72d680e655d6f0dd722221b4c4bb7acf59b643,0.5686094230532741,0.8611139,1,599.999998,4,1770562151,0.8189563361952685,0.82002129892044,0.8189563361952685,0.8189563361952685,1.4463660223942725,-0.13374024259955228,0.8189563361952685,0.2714871908173548,0.0,,0.8189563361952685,0.1651316768531172,0.8189563361952685,-0.36000009761763957,-0.25650010714920607,,1,0.9937008509467672,-0.528025133342985,0.8189563361952685,0.6959481770905711,61.4999995,355037.0,355037.0,0.18116045929340496,61.4999995,-1604756.0,,0.0,2.0
0x054c6d8d32e55367e1fbe7f75674bfce66dcfe6b,0.5679316885252796,0.8604681,1,78.225105,6,1771401640,0.7916162183883102,0.7926811811134817,0.7916162183883102,0.7916162183883102,1.7814406636820874,-0.31626432881004485,0.7916162183883102,0.42227319596090795,0.0,,0.7916162183883102,0.4239144274525416,0.7916162183883102,-0.47923270505349186,-0.4712327035130474,,2,0.9937008509467672,-0.7569061210312348,0.7916162183883102,1.0,9.999999,1104.0,1104.0,0.0003943868463413118,9.999999,-2798178.0,,0.0,1.0
0xc894a7cdfc7f7709b54929f91cb0641c9fbb65fd,0.5664685197954282,0.85907465,1,190.909089,2,1772231057,0.8296059661441095,0.830670928869281,0.8296059661441095,0.8296059661441095,1.174746093475994,6.2270000246085715,0.8296059661441095,6.25600002521619,0.0,,0.0,6.228000024608572,0.0,6.220000024608572,6.25600002521619,,1,0.9937008509467672,-0.9830410461647686,0.8296059661441095,1.0,41.999999,52.0,52.0,1.4330204847522486e-05,41.999999,-3628647.0,,0.0,1.0
0x41cfbdc5fe93a15caa08020191661ae2f9b68791,0.5663968272046035,0.8590064,1,449.09999999999997,2,1772206993,0.8509052174120826,0.8519701801372543,0.8509052174120826,0.8509052174120826,1.2048677834875539,6.3919999999999995,0.8509052174120826,6.422000000000001,0.0,,0.0,6.380000000000001,0.0,6.380000000758763,6.422000000000001,,1,0.9937008509467672,-0.9764801596162492,0.8509052174120826,0.36596036236346563,54.0,1144.0,1144.0,0.0003173691649778688,68.44618,-3603491.0,,0.0,3.0
0xa9d6f879a8c468985da611292075e9a216f6c308,0.5660833508407853,0.858708,1,21.28846,2,1769119446,0.5101171553622517,0.5111821180874231,0.5101171553622517,0.5101171553622517,0.7229206842418389,0.11900474706530045,0.5101171553622517,0.25234624534173633,0.0,,0.5101171553622517,0.20634624509185676,0.5101171553622517,0.0976731435432568,0.14567314379313634,,1,0.9937008509467672,-0.13468139049134945,0.5101171553622517,0.37556566016148546,10.034999,542.0,542.0,0.0010481774862305835,12.517499,-516546.0,,0.0,4.0
0x9851c4e1582cde65cd6b1be4f9b399ba0cfc68e1,0.5658070896170889,0.8584451,1,263.157893,2,1772224659,0.8615548473751935,0.862619810100365,0.8615548473751935,0.8615548473751935,1.21992863461564,6.4700000206226,0.8615548473751935,6.5080000211318,0.0,,0.0,6.4680000206226005,0.0,6.461000020638584,6.5080000211318,,1,0.9937008509467672,-0.9812966748159726,0.8615548473751935,1.0,49.999999,138.0,138.0,3.8097330950685766e-05,49.999999,-3622163.0,,0.0,1.0
0xb0a008048368cfa05cb7223555b2f7ce419ed663,0.5646757539412187,0.8573688,1,392.4927,5,1771457208,0.8189563356569357,0.8200212983821072,0.8189563356569357,0.8189563356569357,1.215986004417006,-0.3989680220804108,0.8189563356569357,0.4032636991719838,0.0,,0.8189563356569357,0.4267363008280146,0.8189563356569357,-1.1908000129694152,-1.17860001296,,1,0.9937008509467672,-0.7720563597167455,0.8189563356569357,1.0,17.25,246.0,246.0,8.616915074347164e-05,17.25,-2854604.0,,0.0,1.0
0x97011a5f1e84dfde92c25b06a068ddcac7153f14,0.563103098421313,0.85587376,1,19.255848,3,1769111752,0.5108384431812591,0.5119034059064307,0.5108384431812591,0.5108384431812591,0.8634250426605315,0.0690328797171431,0.5108384431812591,0.25628893326878094,0.0,,0.5108384431812591,0.2131534751663477,0.5108384431812591,0.2066561941607142,0.2530346812015727,,1,0.9937008509467672,-0.1325836735239164,0.5108384431812591,0.5200007626689964,3.999984,722.0,722.0,0.0014173704440963184,4.999993,-508672.0,,0.0,3.0
0x3f0d7520250bcd77e511f0002f075b8547fdea80,0.5628092790727026,0.8555946,1,319.999998,2,1769395344,0.4994675189168338,0.5005324816420054,0.4994675189168338,0.4994675189168338,0.7078598239463861,-0.04175128982700633,0.4994675189168338,-0.1825025224734876,0.0,,0.4994675189168338,-0.1345025233571128,0.4994675189168338,-0.7136784203112834,-0.7526784495276763,,1,0.9937008509467672,-0.20990311077739582,0.4994675189168338,1.0,159.999999,640.0,640.0,0.0008070760391734532,159.999999,-792346.0,,0.0,1.0
0x48afe8fbde091ff3e616901dc92ef20862c289cc,0.5617414621214067,0.8545803,1,27200.127267999997,34,1769381144,0.24559521667226064,0.2458914714571069,0.24559521667226064,0.24559521667226064,0.7804216962238637,0.2881696609174479,0.24559521667226064,0.20390935566279067,0.0,293.2988389127083,0.29088189885384197,0.20599471224147153,0.33616858103542324,-0.5974423897892429,-0.5937757228815754,,2,0.9937008509467672,-0.206031576992947,0.24559521667226064,,,,,,,,,,
0xe7fa4f828c86661f16e802ba702688173260db38,0.5613317404387674,0.85419124,1,217.263156,2,1772218069,0.861554847800898,0.8626198105260695,0.861554847800898,0.861554847800898,1.219928635217677,6.475000024449613,0.861554847800898,6.508000024449613,0.0,,0.0,6.460000023860466,0.0,6.463000023860466,6.508000024449613,,1,0.9937008509467672,-0.9794999559681192,0.861554847800898,1.0,41.279999,994.0,994.0,0.00027491135215176215,41.279999,-3614717.0,,0.0,1.0
0x1a832a88c2cabc07e7bfec6b9b2a9d910ee87e38,0.5608610254241828,0.8537444,1,1900.8847659999994,23,1771371987,0.8406345720936896,0.8416995348188615,0.8406345720936896,0.8406345720936896,2.97557345319017,2.1917222197899426,0.8406345720936896,2.368153389913777,0.0,,0.5743206170917252,2.359775141047991,0.5743206170917252,1.373662391240906,1.3872831469140994,,2,0.9937008509467672,-0.7488214315023433,0.8406345720936896,0.52000000016,249.999999,4400194.0,4400194.0,1.58873047617569,249.999999,1630565.0,,0.0,2.0
0x891672d6fab2ba77c6f215ae092b32c869c5db60,0.5605520532324969,0.85345113,1,4500.3472,9,1770225651,0.3017987554885304,0.30215009280574645,0.3017987554885304,0.3017987554885304,0.7110943340512412,0.06801384420827215,0.3017987554885304,0.010820357379246194,0.0,65.16666666666666,0.3107190730879752,-2.3083478743087214e-08,0.31963939068742,0.3979999991152077,0.44200000000000034,0.0452794211586635,1,0.9937008509467672,-0.6685372718282937,0.3017987554885304,0.1673230933026688,163.9199,543993.0,543993.0,0.3351169505443564,226.12350356,-1079300.0,,0.3333333333333333,9.0
0x2c286e80861a8a96021c14a397ec9173d7ac0b29,0.5585029320270427,0.85150737,1,9.013514,3,1772220803,0.8615549114369726,0.8626198741621443,0.8615549114369726,0.8615549114369726,1.4382510247187408,6.471000507870087,0.8615549114369726,6.511000520410089,0.0,,0.0,6.460000507870086,0.0,6.462000389662376,6.51100039928367,,1,0.9937008509467672,-0.9802453625432378,0.8615549114369726,0.48096886699685676,49.999999,558.0,558.0,0.00015420988850182882,33.999999333333335,-3617887.0,,0.0,3.0
0x074c8fb8bf54ad2260caab9d0f6102e54a318a24,0.5541941921602964,0.84742624,1,99.999998,2,1772208055,0.8402555936044565,0.8413205563296281,0.8402555936044565,0.8402555936044565,1.1898069410646375,6.3110000261954,0.8402555936044565,6.3480000268422,0.0,,0.0,6.298000028055409,0.0,6.300000025818257,6.3480000268422,,1,0.9937008509467672,-0.9767697067204101,0.8402555936044565,1.0,49.999999,276.0,276.0,7.654553336012427e-05,49.999999,-3605421.0,,0.0,1.0
0x1f23b99a6562cbf317a7dddded40789fe8ffee8d,0.5516905614363823,0.84505844,1,25188.079198000003,32,1770389999,0.737943584597227,0.7390085473223987,0.737943584597227,0.737943584597227,2.8611465375772775,-0.4115820216086346,0.737943584597227,-0.61838322825282,0.0,,0.737943584597227,-0.6534635912986537,0.737943584597227,0.914763066059703,0.9467637179625803,,2,0.9937008509467672,-0.481089057000701,0.737943584597227,1.0,6988.789999,208.0,208.0,0.00011635445819378724,6988.789999,-1787433.0,,0.0,1.0
0x10f757cce169aec75e13edaa72b9bf99e6702bb2,0.550683005674666,0.84410626,1,9.999998,2,1772221583,0.8615548738011801,0.8626198365263518,0.8615548738011801,0.8615548738011801,1.219928671987629,6.471000221757636,0.8615548738011801,6.502000227088013,0.0,,0.0,6.461000221616013,0.0,6.463000221616013,6.502000227088013,,1,0.9937008509467672,-0.9804580242581582,0.8615548738011801,0.8472222476851861,29.9999995,182.0,182.0,5.028700895910036e-05,29.9999995,-3619043.0,0.0,0.0,2.0
0x3ef997b4a65c3e363fa2b563634df20d50d2425e,0.5489471472308729,0.8424667,1,8236.999998,28,1771191811,4.834354623316607e-07,4.846320849874222e-07,4.834354623316607e-07,4.834354623316607e-07,0.0006465703643067826,0.7491450700919347,4.834354623316607e-07,0.1034916466106223,0.0,1121.247460389999,0.06374572585030945,0.09258235676202192,0.12749096826515657,0.27527047130322546,0.30199011263340564,,2,0.9937008509467672,-0.6996976659286215,4.834354623316607e-07,0.6499529029600515,258.3099995,221054.0,221054.0,0.08536706400927145,258.3099995,-2368399.0,,0.0,2.0
0x92abb085a1b4eab5299d548f33cde3b3ca118591,0.548791153180071,0.8423194,1,55863.73473200001,34,1772186883,0.9622507573039003,0.9633157200290722,0.9622507573039003,0.9622507573039003,3.1717799896580616,7.268793735178103,0.9622507573039003,7.2715766969415805,0.0,,0.9622507573039003,7.226955388843015,0.9622507573039003,7.195367870679413,7.233156113523245,,1,0.9937008509467672,-0.9709973043764417,0.9622507573039003,0.14227831937513102,227.999999,772113.0,772113.0,0.21540176173970052,547.4964671944444,-2812412.0,,0.35714285714285715,14.0
0xb8a1517b8527173f67865a4d14719a40c6a7d6be,0.5470859635504771,0.84071004,1,25420.668915000006,105,1772116908,8.016705998042523e-08,8.027409208245884e-08,8.016705998042523e-08,8.016705998042523e-08,0.00025321273052239404,3.2793409301630825,8.016705998042523e-08,1.3202566712953134,0.0,59.322317764150945,0.011967206995832716,1.30782331735967,0.023934413991665432,6.611053724027259,6.634625017376893,,3,0.9937008509467672,-0.9519190947590611,8.016705998042523e-08,1.0,499.999999,40.0,40.0,1.1381257913530893e-05,499.999999,-3514510.0,,0.0,1.0
0xaab60b6a2a9d59aefe6b73f184634aedf435b2aa,0.5430826684196723,0.8369357,1,360.590598,5,1771413592,0.7763578284615745,0.7774227911867461,0.7763578284615745,0.7763578284615745,1.472430849974446,-0.509944669498025,0.7763578284615745,-0.001000187486529303,0.0,,0.7763578284615745,-0.007000184556951719,0.7763578284615745,-1.2197227819220893,-1.2127227848516668,,1,0.9937008509467672,-0.760164752847554,0.7763578284615745,1.0,99.999999,68621.0,68621.0,0.024409565336788043,99.999999,-2742613.0,,0.0,1.0
0xbbc6c394688dc321961de4d564eaaf252ccf3455,0.5419544240366235,0.83587295,1,370.370369,2,1771412102,0.7763578284615745,0.7774227911867461,0.7763578284615745,0.7763578284615745,1.0994418549942429,-0.508944669498026,0.7763578284615745,-0.0009999906351217706,0.0,,0.7763578284615745,-0.006999987705544181,0.7763578284615745,-1.3632784087297083,-1.3552784126432864,,1,0.9937008509467672,-0.7597585144434111,0.7763578284615745,0.37500000125,49.999999,352.0,352.0,0.00012527831717053226,66.66666566666667,-2809392.0,,0.0,3.0
0x20d982f820e0e784d2756685bf3e1edf35269b5a,0.5415908004476746,0.8355305,1,5.882351,2,1771247575,0.8828542204665242,0.8839191831916957,0.8828542204665242,0.8828542204665242,1.2500504969114443,1.0610003453701617,0.8828542204665242,0.08900094537031232,0.0,,0.8828542204665242,0.07700092259030482,0.8828542204665242,0.07700092207230459,0.08900094537031211,,1,0.9937008509467672,-0.7149013426860865,0.8828542204665242,1.0,0.999999,2204.0,2204.0,0.000833201964148877,0.999999,-2643013.0,,0.0,1.0
0x71a02448cf85b1f104a74873063d473467fbab80,0.5408952037353301,0.8348756,1,59.999998,2,1771768302,0.861554849047895,0.8626198117730666,0.861554849047895,0.861554849047895,1.2199286369811972,-0.5649999666549986,0.861554849047895,0.3130000345183364,0.0,,0.861554849047895,0.3190000333450004,0.861554849047895,6.475000034168334,6.4650000345183365,,1,0.9937008509467672,-0.8568740309237398,0.861554849047895,0.28656250149218776,5.0,1704.0,1704.0,0.0005382280924741562,11.428571,-3164240.0,,0.0,7.0
0x9f3a54fc3117974ca18b01ef6c7ffeab1316f334,0.5375797349561019,0.83175594,1,3.999998,2,1771777436,0.8615549114369726,0.8626198741621441,0.8615549114369726,0.8615549114369726,1.2199287252126767,-0.6429994921299138,0.8615549114369726,0.23400050298715866,0.0,,0.8615549114369726,0.23900050787008606,0.8615549114369726,6.475000520410089,6.466000502987159,,1,0.9937008509467672,-0.8593643541341028,0.8615549114369726,0.4074074979424609,1.499999,1436.0,1436.0,0.00045227235362406843,2.249999,-3173642.0,,0.0,3.0
0x9cb36cee3228627e0e125888886acf0d3f3685ec,0.5373273511525107,0.8315186,1,2622.905055,10,1771468948,0.660458512972175,0.6615234756973467,0.660458512972175,0.660458512972175,1.5996124193729826,-0.8773247644884227,0.660458512972175,-0.48108122020498073,0.0,,0.660458512972175,-0.4598471041368455,0.660458512972175,-0.7684553733890396,-0.7644553724643728,,1,0.9937008509467672,-0.7752571911695222,0.660458512972175,0.5138901311958397,749.9999985,3016270.0,3016270.0,1.0522153499454054,1062.432487,149680.0,,0.6666666666666666,3.0
0x9977f537573f54d5c1cf5da15d26b6a9e2c51b40,0.5360910177902363,0.8303562,1,171.96402799999998,5,1772203207,0.776357829247208,0.7774227919723794,0.776357829247208,0.776357829247208,1.606134860503086,5.190152510732577,0.776357829247208,5.214152511220319,0.0,,0.0,5.1771525107325775,0.0,5.17815247908316,5.214152479395536,,1,0.9937008509467672,-0.9754479323692123,0.776357829247208,0.3545626361821697,62.0499995,73871.0,73871.0,0.0205148841287152,72.1199995,-3526978.0,,0.3333333333333333,3.0
0x09d3273fa76282ce09f4f35a87d6f087c05f4e84,0.5355297594773999,0.8298286,1,12860.0,9,1771228783,0.9041533536706612,0.9052183163958325,0.9041533536706612,0.9041533536706612,2.1218371204736663,1.4729999757146828,0.9041533536706612,0.3439999548518662,0.0,,0.9041533536706612,0.31999998299661003,0.9041533536706612,-0.0819999998259998,-0.056000028144743794,,1,0.9937008509467672,-0.7097778312158497,0.9041533536706612,,,,,,,,,,
0xad02cc6a091c958fd97c616bcc5e0178b8578d80,0.5325139724075693,0.8269953,1,100.0,2,1772195633,0.8189563356569357,0.8200212983821072,0.8189563356569357,0.8189563356569357,1.1596852416067707,6.149,0.8189563356569357,6.176,0.0,,0.0,6.137999994899999,0.0,6.1370000000000005,6.176,,1,0.9937008509467672,-0.9733829325886901,0.8189563356569357,0.4089971132850075,39.925,98281.0,98281.0,0.02735137165955848,36.9625,-3494994.0,,0.0,3.0
0xa83d98df4cf6412178ab585433a890cfa7738b38,0.5324129914487148,0.8269005,1,4404.9662,18,1771402104,6.843522417897436e-08,9.010637850231644e-07,6.843522417897436e-08,6.843522417897436e-08,0.0008706798962884264,-0.016283376628865483,6.843522417897436e-08,0.4333399427628628,0.0,65.62292500000005,0.007484934407989376,0.42321729854545953,0.014969800380754572,-0.517897593532078,-0.49980865478222897,,1,0.9937008509467672,-0.75703262748729,6.843522417897436e-08,1.0,499.0,174.0,174.0,6.214849489918014e-05,499.0,-2799572.0,,0.0,1.0
0xe77b0eb609ba2d8e33eabeeab3379409bcb8bede,0.5304358170653224,0.8250442,1,1330.4875599999998,15,1771335517,6.579786560204795e-07,2.735805990821994e-06,6.579786560204795e-07,6.579786560204795e-07,0.001517132099978749,0.2800009150910393,6.579786560204795e-07,0.8445024583460159,0.0,22.645100100000008,0.024713162173148746,0.8395024420050388,0.049425666367641466,-0.8859999977619003,-0.8709999952473794,,1,0.9937008509467672,-0.738878133113692,6.579786560204795e-07,1.0,153.699999,50.0,50.0,1.829384971748808e-05,153.699999,-2733109.0,0.0,0.0,1.0
0x943117ea8e3f5b160e158c1c4b1786fee5d3e5a0,0.5267777030035605,0.8216121,1,1101.7724,4,1772236203,0.8495871717610126,0.8506521344861842,0.8495871717610126,0.8495871717610126,1.3664405597950884,6.379975077843266,0.8495871717610126,6.4054245823665665,0.0,,0.0,6.385098841058627,0.0,6.161,6.19375,,2,0.9937008509467672,-0.984444068196795,0.8495871717610126,0.16647646753479908,133.333333,452475.0,452475.0,0.12451686849604207,651.1523887640449,-3181370.0,,0.5555555555555556,9.0
0x5e7af8d8a5fefb8301a746b7c6baccfc106c3a3b,0.5245061817320936,0.8194823,1,434.782607,2,1770539571,0.8189563371510783,0.8200212998762499,0.8189563371510783,0.8189563371510783,1.1596852437198073,-0.20699998835510017,0.8189563371510783,0.26200000785804833,0.0,,0.8189563371510783,0.1590000417843183,0.8189563371510783,-0.3019999883551002,-0.21799999214195162,,1,0.9937008509467672,-0.5218688493392628,0.8189563371510783,0.3333333333333333,99.999999,1171543.0,1171543.0,0.6047569368985238,99.99999866666667,-765670.0,,0.0,3.0
0x116fa17e393fbc77a0cd09f592f73fc5db1d05c0,0.5217893568860952,0.81693625,1,3.999998,2,1769714382,0.488817913856955,0.48988287658212654,0.488817913856955,0.488817913856955,0.6927990080367884,-0.37200763354676386,0.488817913856955,0.11100223849727636,0.0,,0.488817913856955,0.12100223636227536,0.488817913856955,-0.7086143149405469,-0.7206143128055459,,1,0.9937008509467672,-0.29688665975788736,0.488817913856955,0.5,1.999999,124.0,124.0,0.00011150838471112135,1.999999,-1111900.0,,0.0,2.0
0xef99f7cd480dff2f08d3f1d8f9f82a674d99b1d1,0.5215650998919112,0.81672615,1,800.0,4,1769524241,0.5633652816157594,0.5644302443409309,0.5633652816157594,0.5633652816157594,1.0288861516552281,0.42073269853839035,0.5633652816157594,0.01800000000000036,0.0,,0.5633652816157594,0.00300000000000038,0.5633652816157594,-0.5937020914804022,-0.6027020914804022,,1,0.9937008509467672,-0.245046004454445,0.5633652816157594,0.532088888888889,262.5,1549967.0,1549967.0,1.6813055452806918,262.5,628084.0,,0.5,2.0
0xf34a5dd759b908f1771450ae17942de59c3fe581,0.5193779455735685,0.8146774,1,21.999998,2,1770238051,0.7763578405042705,0.777422803229442,0.7763578405042705,0.7763578405042705,1.0994418720251868,-0.293388984183846,0.7763578405042705,0.12527790128240118,0.0,,0.7763578405042705,0.06827789661808278,0.7763578405042705,-1.0721671484107365,-1.015167143746418,,1,0.9937008509467672,-0.4396614643613046,0.7763578405042705,0.27791486966365175,10.999999,602.0,602.0,0.00036803972383570754,9.9599996,-1635091.0,,0.0,5.0
0x4273f8125d0a4e1dbe7804ad9bd0503785ceb9a6,0.5186766248268084,0.81402063,1,4.347825,2,1770560899,0.8189565193630517,0.8200214820882231,0.8189565193630517,0.8189565193630517,1.1596855014064513,-0.1976574173057118,0.8189565193630517,0.42200143175035787,0.0,,0.8189565193630517,0.31900139725034926,0.8189565193630517,-0.3969985682496421,-0.2979985682496421,,1,0.9937008509467672,-0.5276837840262152,0.8189565193630517,0.9189524484138288,5.80513,246738.0,246738.0,0.12598051304516986,9.5610256,-1711803.0,,0.0,3.0
0x33836707d40408cb5f79467a3b3924f6bc8719f0,0.5182852940007485,0.8136542,1,149.999996,4,1769954788,0.627263048968439,0.6283280116936106,0.627263048968439,0.627263048968439,1.1921685785175857,-0.5722585769816686,0.627263048968439,-0.5839812075402927,0.0,,0.627263048968439,-0.6189315059179282,0.627263048968439,-0.5584585741186036,-0.5550828282605906,,1,0.9937008509467672,-0.36243172672860574,0.627263048968439,0.8840209885915778,79.999999,435285.0,435285.0,0.3218539961402808,852.2928674999999,-917145.0,,0.14285714285714285,7.0
0x9db5a7790d0f018a8d283d8a74172f1395418e38,0.5176280396771795,0.81303877,1,29.16,2,1771459668,0.80830670840522,0.8093716711303915,0.80830670840522,0.80830670840522,1.1446243943131762,-0.48599999999999954,0.80830670840522,0.23999999856000015,0.0,,0.80830670840522,0.26999999372069877,0.80830670840522,-0.6469999999999999,-0.6400000014399999,,1,0.9937008509467672,-0.7727270620484176,0.80830670840522,1.0,6.9984,151521.0,151521.0,0.05302924778900434,6.9984,-2705789.0,0.0,0.0,1.0
0xade7c3d84704a779d2adcba0f74f66129c8a3a26,0.5159904680888251,0.8115057,1,1233.3299980000002,5,1772205219,1.596808306753793e-06,1.6180990841540127e-06,1.596808306753793e-06,1.596808306753793e-06,0.0011443965926209465,3.034506069810594,1.596808306753793e-06,3.048006096960199,0.0,414.79636045333154,0.09939229790852593,3.0275060558951092,0.19878459581705185,6.058000006609601,6.0960000067728,,1,0.9937008509467672,-0.9759964905364173,1.596808306753793e-06,0.4765461982663339,199.999999,834.0,834.0,0.00023148270221915306,136.65999933333333,-3602027.0,,0.0,3.0
0xd1cc4b4902a1aaa1f77376c8bc1ca5a024e9f9b9,0.515891582332553,0.8114131,1,3.939998,2,1772212065,0.8296060437809607,0.8306710065061322,0.8296060437809607,0.8296060437809607,1.1747462032710816,6.2300006151066984,0.8296060437809607,6.2650006302945185,0.0,,0.0,6.218000615106699,0.0,6.220000615106699,6.2650006302945185,,1,0.9937008509467672,-0.9778630060496805,0.8296060437809607,0.8367452070159963,10.984999,1682.0,1682.0,0.0004659657972239852,10.984999,-3608025.0,,0.0,2.0
0x408b54c85d070ae4807e020f4e81fd1ded7a8f1b,0.514192635291449,0.8098229,1,30.0,3,1772237483,0.80830670840522,0.8093716711303915,0.80830670840522,0.80830670840522,1.257233162210097,6.066,0.80830670840522,6.093000008777388,0.0,,0.0,6.084,0.0,6.061,6.093000008777388,,1,0.9937008509467672,-0.9847930515238439,0.80830670840522,0.5069204121717893,16.9999995,2460.0,2460.0,0.000676730511330422,16.9999995,-3632665.0,0.0,0.0,2.0
0x0ee42ff3b75dffcfe3ccf251a3f088350a66869f,0.5139576891522051,0.80960304,1,152.44,2,1771811924,0.8509052174120827,0.8519701801372543,0.8509052174120827,0.8509052174120827,1.2048677834875539,-0.8009967599982186,0.8509052174120827,-0.0059999999999999975,0.0,,0.8509052174120827,-0.002000000000000005,0.8509052174120827,6.390999998803,6.386,,1,0.9937008509467672,-0.8687672736522768,0.8509052174120827,1.0,76.22,1392.0,1392.0,0.00043370349760684155,76.22,-3208174.0,,0.0,1.0
0x426d14fe8176f777d65f0b78acc99888a13e6669,0.511964963092575,0.8077383,1,18643.106399,60,1771147063,0.2370606224081862,0.2373671452436229,0.2370606224081862,0.2370606224081862,1.3716554342250755,0.9090342675027674,0.2370606224081862,1.2407082550351978,0.0,123.89852144599998,0.1271614835657509,1.2298762548750135,0.14005783551003048,1.404367079447179,1.4164421922295247,,5,0.9937008509467672,-0.687497426929571,0.2370606224081862,,,,,,,,,,
0x9ca8163cf8ef76489be5914768c9806d54f18cae,0.5098125719908654,0.80572456,1,1624.1243310000004,31,1771430226,0.5085840550186136,0.5094360264489279,0.5085840550186136,0.5085840550186136,2.4593513279459347,-0.7971062910565633,0.5085840550186136,-0.48989583535615094,0.0,102.86818662092163,0.5161797028523989,-0.49171645335371417,0.5237753506861841,-1.301580215609481,-1.2960135484892699,,1,0.9937008509467672,-0.7646999002398442,0.5085840550186136,1.0,149.909999,1404.0,1404.0,0.0004964871061874175,149.909999,-2826464.0,,0.0,1.0
0xbd8771f9d13e6935a8f65c18e7b38d8014219f5c,0.5088496868543291,0.8048238,1,100.0,3,1771523160,0.7763578266500729,0.7774227893752444,0.7763578266500729,0.7763578266500729,1.3197255343122847,-0.6565002990995843,0.7763578266500729,-0.006000146604831793,0.0,,0.7763578266500729,0.017999853718568225,0.7763578266500729,-0.7840559211217141,-0.790055921445114,,1,0.9937008509467672,-0.7900377256429404,0.7763578266500729,1.0,27.0,89742.0,89742.0,0.030725122757379653,27.0,-2831060.0,,0.0,1.0
0x0de65bf2ff9b26db658337853db57c343fc16048,0.5027475923678412,0.7991167,1,55.555554,2,1772220437,0.8722044857174314,0.8732694484426029,0.8722044857174314,0.8722044857174314,1.2349894975936013,6.555000107568003,0.8722044857174314,6.592117754626827,0.0,,0.0,6.540000104976003,0.0,6.544000104976003,6.592117754626827,,1,0.9937008509467672,-0.9801455751231598,0.8722044857174314,0.2618223737928856,9.999999,5496.0,5496.0,0.0015190381415110062,8.499999,-3612583.0,,0.0,4.0
0x5c9246af6b547c6f0645e7e0cdb851a3e083e476,0.4995710690282919,0.79614615,1,799.999998,2,1770020512,0.6698615547239706,0.670926517449142,0.6698615547239706,0.6698615547239706,0.9488333803323257,-0.4113215856790151,0.6698615547239706,-0.4611859073340432,0.0,,0.6698615547239706,-0.5351859034523152,0.6698615547239706,-0.6364823798347652,-0.5944823838274932,,1,0.9937008509467672,-0.38035092999967013,0.6698615547239706,0.23625992899272735,215.6901,907136.0,907136.0,0.6396597266587408,230.4128233333333,-511018.0,,0.0,8.0
0xfa7482249f2066c1844e69cb70b7657348c7d631,0.49884189900130954,0.7954643,1,426.686665,3,1771512042,0.7483862471403832,0.7494512098655548,0.7483862471403832,0.7483862471403832,1.2739267311339955,-0.8014547828736064,0.7483862471403832,-0.1701738298088321,0.0,,0.7483862471403832,-0.15242689244634058,0.7483862471403832,-0.35228472784199666,-0.35228472784199666,,1,0.9937008509467672,-0.7870064782756516,0.7483862471403832,1.0,149.929999,52.0,52.0,1.7871356477198213e-05,149.929999,-2909632.0,,0.0,1.0
0x868f78da308859a32df72f7460332ab89a1b842a,0.49773903970198324,0.79443294,1,7.857141,2,1771382487,0.84025567284022,0.8413206355653915,0.84025567284022,0.84025567284022,1.1898070531209286,0.15900062885469393,0.84025567284022,0.8920006443819699,0.0,,0.84025567284022,0.8770006288546934,0.84025567284022,-0.962999369505304,-0.9479993556180291,,1,0.9937008509467672,-0.7516841853570413,0.84025567284022,0.21200324501917073,1.649999,94682.0,94682.0,0.03405669305273244,1.6759993999999998,-2685447.0,,0.0,5.0
0x96e4ce5dd1c38840bf8a08acc797a713cbcdb7e2,0.49755706942632577,0.79426277,1,57.5,4,1772204173,0.7976570811535043,0.7987220438786758,0.7976570811535043,0.7976570811535043,1.454936980842437,5.987,0.7976570811535043,6.016,0.0,,0.0,5.975,0.0,5.977,6.016,,1,0.9937008509467672,-0.9757113057238446,0.7976570811535043,0.40740740823045274,20.0,200.0,200.0,5.5527560410515254e-05,29.999999333333335,-3601615.0,0.0,0.0,3.0
0x7164c6740057c4a7e7212e26c64ca0ab23f17ff7,0.49722391575060376,0.7939512,1,5947.4019690000005,17,1769674024,0.3301065485577264,0.3306099977000622,0.3301065485577264,0.3301065485577264,1.1577511673363894,-0.0812359983640732,0.3301065485577264,-0.0004594037337117956,0.0,32.068949999999994,0.3357337832490642,-0.025053591874550276,0.341361017940402,-0.5107468092694321,-0.4935343777932401,,3,0.9937008509467672,-0.28588332451332504,0.3301065485577264,0.41069847285639144,300.0,1746312.0,1746312.0,1.6295300961306975,432.66599940000003,674646.0,,0.0,4.0
0x514550b8f94f24e3bd5fca1c8af19e985fb71f46,0.4953488255858677,0.79219764,1,9230.754464,72,1771164019,0.9154013377582582,0.9164663004834293,0.9154013377582582,0.9154013377582582,4.356991385577198,1.6319528279272686,0.9154013377582582,0.4771756047674509,0.0,,0.9154013377582582,0.4582760135655793,0.9154013377582582,2.4254757223357846,2.440003399259732,,5,0.9937008509467672,-0.692120365440072,0.9154013377582582,0.20191914577076753,2.352941,140532.0,140532.0,0.054859717972050165,82.886458492569,-2421129.0,,0.0,8.0
0x3ee1e8dfac8cfae192ea56a8f7feb1b2c6bcc9fa,0.4950010990341852,0.79187244,1,2493.1743220000003,25,1770140058,0.05681462012149474,0.05689457990004787,0.05681462012149474,0.05681462012149474,0.29622893184838195,0.13064305405441062,0.05681462012149474,-0.005823152064936506,0.0,-0.5746926349999978,0.05657620914289878,-0.02057863331531732,0.056337798164302816,0.19487826367517472,0.20833981640612625,,4,0.9937008509467672,-0.41294433688669246,0.05681462012149474,1.0,143.1,92.0,92.0,5.982961565975158e-05,143.1,-1537608.0,,0.0,1.0
0xb33db68202b988c4b286adc7ce0175f052727941,0.49351095595404343,0.79047877,1,1544.1749180000002,12,1771515594,1.3140917126272354e-06,1.3341960364643698e-06,1.3140917126272354e-06,1.3140917126272354e-06,0.0010184470551980235,0.5972451384520723,1.3140917126272354e-06,0.7625290142510923,0.0,33.85395803000001,0.021664468276939283,0.7683772881005597,0.043328936553878566,2.316101593622433,2.3246015901557655,,2,0.9937008509467672,-0.7879749070082123,1.3140917126272354e-06,1.0,158.239999,94.0,94.0,3.226652423627883e-05,158.239999,-2913142.0,,0.0,1.0
0x30d49f1b44fa2d7db2ae2d55a34074534e0cbe54,0.4923907145791374,0.789431,1,779.967902,15,1772147002,0.891308860220665,0.8923738229458366,0.891308860220665,0.891308860220665,2.9070906928021727,6.712789618174664,0.891308860220665,5.153059588563541,0.0,,0.23257539005985095,5.0969109701314474,0.23257539005985095,6.707331950137513,6.761145084613249,,2,0.9937008509467672,-0.96012401994985,0.891308860220665,0.23463930910237762,2.9999985000000002,260778.0,260778.0,0.07356958837051054,5.307951428571428,-3283866.0,,0.16666666666666666,11.0
0x33ff3c3ed883001ef10ee8262395d9be1b17cdf8,0.49126800083527716,0.7883808,1,37.037036,2,1771526328,0.776357847352949,0.7774228100781205,0.776357847352949,0.776357847352949,1.0994418817106808,-0.6575002190595753,0.776357847352949,-0.005999859491916232,0.0,,0.776357847352949,0.01500014439608387,0.776357847352949,-0.7850558652916799,-0.7900558652916798,,1,0.9937008509467672,-0.7909014593773864,0.776357847352949,1.0,9.999999,84.0,84.0,2.8728064925426733e-05,9.999999,-2923886.0,0.0,0.0,1.0
0x831e1e01992c1bc832123574222bbb027ed0121d,0.49094558449585585,0.7880792,1,185.185184,2,1771525902,0.7763578305606161,0.7774227932857877,0.7763578305606161,0.7763578305606161,1.099441857962736,-0.5149446589152857,0.7763578305606161,-0.006999982341899019,0.0,,0.7763578305606161,0.012000018392500986,0.7763578305606161,-0.8573337230411752,-0.8623337230411752,,1,0.9937008509467672,-0.790785313363853,0.7763578305606161,0.4687500101562505,19.999999,2508.0,2508.0,0.000857862922535115,26.66666566666667,-2921036.0,,0.0,3.0
0x3a1b7ca01f446675c37a27b5f9875b193ef9aed7,0.4895493445093193,0.786773,1,64.8,2,1771409974,0.7976570811535043,0.7987220438786758,0.7976570811535043,0.7976570811535043,1.1295635470195815,-0.4860000000000002,0.7976570811535043,0.0830000821400518,0.0,,0.7976570811535043,0.07500000000000007,0.7976570811535043,-1.20699999529749,-1.1969999178599484,,1,0.9937008509467672,-0.7591783296621923,0.7976570811535043,1.0,16.2,300.0,300.0,0.00010685221910688642,16.2,-2807316.0,,0.0,1.0
0x73e6d42a14fb328e493ff3e46ebdbff2a9b01e52,0.4884563071873728,0.7857504,1,14.0,2,1772228587,0.8509052174120826,0.8519701801372543,0.8509052174120826,0.8509052174120826,1.204867783487554,6.39,0.8509052174120826,6.425,0.0,,0.0,6.502999999999999,0.0,6.382,6.425,,1,0.9937008509467672,-0.982367617400854,0.8509052174120826,0.25493060379444465,9.999999,412.0,412.0,0.00011361665245079668,9.24999925,-3625817.0,,0.0,4.0
0x10e0468cb0539ce8594de1dab0e46193690a3c93,0.4880485403043755,0.78536886,1,26.654542999999997,4,1769718520,0.4781682895723075,0.47923325229747915,0.4781682895723075,0.4781682895723075,0.9319454456326932,-0.462810777943796,0.4781682895723075,0.11058186355216351,0.0,,0.4781682895723075,0.11658186355216349,0.4781682895723075,-0.7394907449070324,-0.7474907428670321,,1,0.9937008509467672,-0.29801485741986267,0.4781682895723075,1.0,10.659999,88808.0,88808.0,0.07956551109964324,10.659999,-1027354.0,,0.0,1.0
0xa16d7389ca4f4d757dd7df8c6af99e72340dff93,0.48758110272952165,0.7849315,1,277.9683,16,1771439390,0.6083655292176153,0.6094304919427868,0.6083655292176153,0.6083655292176153,2.0475752292264926,-0.9112937650449633,0.6083655292176153,-0.5825259593614973,0.0,,0.6083655292176153,-0.5835259595055611,0.6083655292176153,-1.2675086950066068,-1.26250869504545,,1,0.9937008509467672,-0.767198402746935,0.6083655292176153,1.0,124.0,182.0,182.0,6.415154992964478e-05,124.0,-2836850.0,,0.0,1.0
0x508f30482e18af3262f0fb199bf5a75556e9502d,0.4833689367484919,0.78098917,1,181.43328400000001,5,1768739086,0.47450878987072287,0.4755737525958944,0.47450878987072287,0.47450878987072287,0.9607860693774437,-0.24646852253753068,0.47450878987072287,0.2150572713066677,0.0,,0.47450878987072287,0.18474452210321185,0.47450878987072287,-0.22044128521484133,-0.22044128521484133,,1,0.9937008509467672,-0.030978813712972664,0.47450878987072287,1.0,99.999999,868.0,868.0,0.006348370487391024,99.999999,-135860.0,0.0,0.0,1.0
0x5d5d4149e6ac3bd2d541e0523afa4ecb950664e5,0.48326751384594807,0.7808942,1,10383.32653,73,1771428012,0.6977673238758876,0.6988322866010593,0.6977673238758876,0.6977673238758876,4.138731829872503,-0.7687160010544134,0.6977673238758876,-0.22438502624380016,0.0,,0.6977673238758876,-0.22392597412505733,0.6977673238758876,-1.3003934391889427,-1.2943934390884075,,1,0.9937008509467672,-0.7640962681413394,0.6977673238758876,1.0,99.999999,1010.0,1010.0,0.00035743937509688024,99.999999,-2824644.0,,0.0,1.0
0x673f0bf8debac0dd6afdb5151e563d3f9a6b8b9b,0.4828040931522841,0.78046036,1,454.493938,4,1771488370,0.7151823692495265,0.716247331974698,0.7151823692495265,0.7151823692495265,1.2650195208010782,-0.8609231399569333,0.7151823692495265,-0.31713493267301784,0.0,,0.7151823692495265,-0.31313493329179265,0.7151823692495265,-0.9561309041734967,-0.9541309041734968,,1,0.9937008509467672,-0.7805524678710408,0.7151823692495265,1.0,149.999999,27294.0,27294.0,0.0094573411337167,149.999999,-2858718.0,,0.0,1.0
0xabd7d9777c17614ec496711b60922a34ef4a2433,0.47990871770246113,0.777749,1,82.6088,3,1771417260,0.77049760057156,0.7715625632967315,0.77049760057156,0.77049760057156,1.3164281739563453,-0.670107254400969,0.77049760057156,-0.04114748276148395,0.0,,0.77049760057156,-0.044147491881501084,0.77049760057156,-1.2219377423374185,-1.2169377322538297,,1,0.9937008509467672,-0.7611648081941286,0.77049760057156,1.0,30.0298,692.0,692.0,0.00024583449086326985,30.0298,-2814210.0,,0.0,1.0
0x3cca3d311a4561001fe3a0016d3c360e3c9c7260,0.4772726120148044,0.77527934,1,2470.85,3,1772227877,0.8509052174120827,0.8519701801372545,0.8509052174120827,0.8509052174120827,1.3609018163791937,6.390000000000001,0.8509052174120827,6.427999999999999,0.0,,0.0,6.388999999999999,0.0,6.382000000000001,6.428,,1,0.9937008509467672,-0.9821740407116315,0.8509052174120827,0.46768670339789153,199.499999,3022749.0,3022749.0,0.8337424241880955,264.18999966666667,-602770.0,,0.0,3.0
0x863dca147af5e8682b689f9dfb7a06e256bcded2,0.47673636681121784,0.7747768,1,5195.370352,21,1772234103,0.8578272706592623,0.8588922333844338,0.8578272706592623,0.8578272706592623,2.887785441313522,6.443072011449603,0.8578272706592623,6.4736631402652565,0.0,,0.0,6.448207944579915,0.0,6.482999998034026,6.517391927354412,,2,0.9937008509467672,-0.9838715174258553,0.8578272706592623,0.27178235172571785,6.0574069999999995,105203.0,105203.0,0.028967617495171055,32.456511842948714,-3526542.0,,0.6,5.0
0x1aa40844e17dc501c00d1a9447bc0f4d80da7fbf,0.4739732695990786,0.77218664,1,7.142856,2,1772128486,0.9148031061620133,0.9158680688871849,0.9148031061620133,0.9148031061620133,1.2952330443647129,6.914000968016155,0.9148031061620133,0.7380009760801559,0.0,,0.9148031061620133,0.7150009525601523,0.9148031061620133,6.869000952560152,6.890000976080156,,1,0.9937008509467672,-0.9550757580095082,0.9148031061620133,0.24222301056854667,0.999999,539416.0,539416.0,0.15297686300667473,1.8692232999999998,-2986712.0,,0.0,9.0
0x2557beeaee4fad202beea5fc5d202e325b412adf,0.4721591267286749,0.7704852,1,19.8048,2,1770206160,0.80830670840522,0.8093716711303915,0.80830670840522,0.80830670840522,1.1446243943131762,0.07799999999999978,0.80830670840522,0.15200000312000134,0.0,,0.80830670840522,0.08599999999999984,0.80830670840522,-0.8009999996707057,-0.7279999968799986,,1,0.9937008509467672,-0.430966599296526,0.80830670840522,0.22889819201455164,9.9022,160280.0,160280.0,0.09993752345987847,8.243440000000001,-1443522.0,,0.0,5.0
0xf87b1380b17d44b2ac51a6a5c63d8a896c7203e3,0.4703772222242382,0.7688134,1,138.0,3,1770533801,0.27653532096955047,0.2768903085446076,0.27653532096955047,0.27653532096955047,0.4795880825226833,0.02,0.27653532096955047,0.16466666425575738,0.0,72.0,0.34043308447984455,0.10866666666666662,0.40433084799013863,-0.21689016336635217,-0.1530000192328022,,1,0.9937008509467672,-0.5202956979353002,0.27653532096955047,,,,,,,,,,
0xc5da3e14016b4176e13fc8fa925570fc60415f3e,0.4685776612173762,0.76712424,1,50.799998,4,1771450762,0.24597370474552166,0.24703866747069322,0.24597370474552166,0.24597370474552166,0.5580091413550862,0.15389568082773514,0.24597370474552166,0.19772450733018693,0.0,,0.04759647428793021,0.19129995468505767,0.04759647428793021,-0.5713832499621169,-0.5603832498166681,,2,0.9937008509467672,-0.7702989014931851,0.24597370474552166,0.36556346040669124,1.4994,370337.0,370337.0,0.13001561576237078,3.412770571428571,-2478067.0,,0.0,5.0
0x9a9cbaf1c4ffeefbe878942b7dc19bc42bdc2b65,0.46575117612095324,0.7644696,1,100.0,2,1771261939,0.8615548446637984,0.86261980738897,0.8615548446637984,0.8615548446637984,1.2199286307811483,0.7349999999999995,0.8615548446637984,0.16299999999999992,0.0,,0.8615548446637984,0.15599999887499988,0.8615548446637984,-0.2469999641599877,-0.2369999641599877,,1,0.9937008509467672,-0.7188175899593134,0.8615548446637984,0.23662460041344044,1.0,598630.0,598630.0,0.22508432719289242,4.7154978181818175,-2060951.0,,0.375,8.0
0x85609db3fd3131894f306ce44292adeb90962ef8,0.4633013446410098,0.7621671,1,192.307691,2,1770083766,0.7870074575567407,0.7880724202819124,0.7870074575567407,0.7870074575567407,1.1145027048948701,0.0599994885916215,0.7870074575567407,-0.1349255745571506,0.0,,0.7870074575567407,-0.22328773658061274,0.7870074575567407,-0.42257567851680133,-0.36121351635463916,,1,0.9937008509467672,-0.3975967045068198,0.7870074575567407,0.5,49.999999,944.0,944.0,0.0006372316066876917,49.999999,-1480464.0,,0.0,2.0
0x5a63db606c323f4c64e6ebe02f86cc4cd9cd8344,0.4630960130483159,0.76197404,1,200.0,2,1771356837,0.872204471915514,0.8732694346406856,0.872204471915514,0.872204471915514,1.2349894780747426,0.5689999999999998,0.872204471915514,0.9749999999999994,0.0,,0.872204471915514,0.9589999999999993,0.872204471915514,-0.8019999999999996,-0.7849999999999996,,1,0.9937008509467672,-0.7446908866548503,0.872204471915514,0.38694423369325326,0.999999,1127004.0,1127004.0,0.40915323732727676,5.560713428571428,-1627475.0,,0.5,6.0
0xa5787b63f5d922ccc13614b0499d89a26d697b2c,0.46267334457265785,0.7615766,1,296.275,9,1771900420,0.2313221495179542,0.23374152209535928,0.2313221495179542,0.2313221495179542,0.5234120695193254,3.5606771729627127,0.2313221495179542,0.2641701295857068,0.0,1.4768333333333323,0.2322612876990137,0.2499205634493489,0.23358198336991795,4.684248984155707,4.700915650822374,,3,0.9937008509467672,-0.8928951084261206,0.2313221495179542,1.0,20.0,90330.0,90330.0,0.02738881197503261,20.0,-3207732.0,,0.0,1.0
0xcf98af1bbdbda3a4d5b42c960e3f17f44b4abf31,0.4624660233261966,0.7613816,1,24.055554,2,1771252841,0.8722045037906129,0.8732694665157845,0.8722045037906129,0.8722045037906129,1.23498952315294,1.138000250613758,0.8722045037906129,0.012000248424958712,0.0,,0.8722045037906129,-0.004999757387184755,0.8722045037906129,-0.004999733500402613,0.012000272485740968,,1,0.9937008509467672,-0.7163370819050237,0.8722045037906129,0.24015898023213564,2.999999,452.0,452.0,0.0001705349553270102,4.047142285714285,-2650031.0,,0.0,7.0
0xc0b97ae94dc84e213b12f48dfd5a69abb4effdba,0.4601558979571141,0.7592083,1,2351.572,4,1772131812,0.0,0.0,0.0,0.0,0.0,3.6200000001406543,0.0,0.5779999999999998,0.0,222.44599999999994,0.01863684769050243,0.5599487464109165,0.03727369538100486,7.195,7.228,,1,0.9937008509467672,-0.9559825693733868,0.0,1.0,158.89,3420.0,3420.0,0.0009689884044387602,158.89,-3526034.0,,0.0,1.0
0xabd358dda60de7d2c7534f5fb50f7063d97d637f,0.4581796258204075,0.7573478,1,85.999998,5,1770701431,0.8383762501444574,0.839441212869629,0.8383762501444574,0.8383762501444574,1.8106955581776518,-0.025680632353996924,0.8383762501444574,0.8117563415952334,0.0,,0.8383762501444574,0.7918655853753083,0.8383762501444574,0.12420003826596304,0.15140003846775518,,2,0.9937008509467672,-0.5659988816174941,0.8383762501444574,0.21550094752198584,19.999999,618681.0,618681.0,0.29474010670424516,25.55555477777778,-1480392.0,0.0,0.0,8.0
0x8453c9c9d9df878d20c0fa8674f9300b8f648112,0.45692669341054026,0.75616765,1,27.777776,2,1771770960,0.8722044979858032,0.873269460710975,0.8722044979858032,0.8722044979858032,1.2349895149436991,-0.5639998017119863,0.8722044979858032,0.3940001982880128,0.0,,0.8722044979858032,0.40000020318401314,0.8722044979858032,6.558000203184013,6.546000198288013,,1,0.9937008509467672,-0.8575987166138148,0.8722044979858032,0.18367347055393707,4.9999994999999995,3748.0,3748.0,0.001182856035563949,5.833332666666667,-3164854.0,,0.0,6.0
0xe4dba209fc576621cfd126fdb757a5e8f349b966,0.45658178903142854,0.7558427,1,2524.079388,35,1771272373,0.23894775538643478,0.24982148789886238,0.23894775538643478,0.23894775538643478,1.0689951817977323,3.5118271898217963,0.23894775538643478,3.5121387451401183,0.0,9.305621245714283,0.2328284261098208,3.4952326128884943,0.2380392063417227,6.880298157280203,6.913645436662496,-0.04067382955627711,4,0.9937008509467672,-0.836978709563261,0.23894775538643478,,,,,,,,,,
0xdbd22fe9a2d1726421b0b016719ce91531febc24,0.4557906658756166,0.75509715,1,2939.786133,19,1772211693,1.2652542940489714e-06,1.266818267216357e-06,1.2652542940489714e-06,1.2652542940489714e-06,0.0010453623922222078,2.8668848018270614,1.2652542940489714e-06,2.8831457798941518,0.0,111.35996763999918,0.05759391577682883,2.860962866901798,0.11518783155365767,6.402250006331059,6.449875006267717,,1,0.9937008509467672,-0.9777615827702569,1.2652542940489714e-06,0.5486473567339982,99.999999,3704.0,3704.0,0.0010262278231308538,96.88809933333334,-3605631.0,0.0,0.0,2.0
0xe3e4a6abc1fdc31008800c41347ebee53ec97b2f,0.4550213247214421,0.75437194,1,174.324812,7,1769458417,0.16725881146212798,0.16748470008462432,0.16725881146212798,0.16725881146212798,0.3636596906992093,0.0,0.16725881146212798,0.0,0.0,9.162062929997669,0.18943639412152988,0.0,0.21161397678093177,,,0.31746381056068645,1,0.9937008509467672,-0.3919355405983483,0.16725881146212798,0.6929721311343405,87.0,1230.0,1230.0,0.0014368168549130375,87.17999999999999,-854829.0,,0.0,3.0
0x3406d41d0397f861405a99a50cf4f4a78946904d,0.4548527141026706,0.754213,1,255.928525,7,1772222661,1.7156170717145595e-06,1.719863648624744e-06,1.7156170717145595e-06,1.7156170717145595e-06,0.0012180264567372779,3.2421354672219347,1.7156170717145595e-06,3.2592991805329268,0.0,106.59678075000001,0.10777891138759137,3.2371354572530957,0.21555782277518273,6.497051613403104,6.540917085338984,,1,0.9937008509467672,-0.9807519336539072,1.7156170717145595e-06,0.6136659085473144,47.3999995,1658.0,1658.0,0.0004579727166483026,47.3999995,-3618645.0,,0.0,2.0
0xcf22aaf9b45755732b8b047e025c085de7011051,0.45245240327293784,0.7519489,1,79.06521599999999,2,1769461749,0.5740149137164667,0.5750798764416383,0.5740149137164667,0.5740149137164667,0.8132857607116085,0.297473288331237,0.5740149137164667,0.060105231729561684,0.0,,0.5740149137164667,0.09410521524017278,0.5740149137164667,-0.7042097642933047,-0.7412097592705857,,1,0.9937008509467672,-0.22800798408417913,0.5740149137164667,0.20266009421612557,49.999999,206537.0,206537.0,0.2403294891382386,47.273999200000006,-652854.0,,0.0,5.0
0xd2ba42c2dbf53d8904d3a5ebb513f82f6914145b,0.45168641958484723,0.75122595,1,27.799998,2,1771586564,0.7763578390618692,0.7774228017870405,0.7763578390618692,0.7763578390618692,1.0994418699853232,-0.5852224395986098,0.7763578390618692,-0.6495004320832254,0.0,,0.7763578390618692,-0.6415004285552901,0.7763578390618692,5.211152845716575,5.18815284218864,,1,0.9937008509467672,-0.8073243966337287,0.7763578390618692,0.31973885526925805,50.0,1672.0,1672.0,0.0005602830367608671,50.9749995,-2982534.0,,0.0,4.0
0xe782b705411ebd7b7edb4299422b788c5eb735c2,0.4514339204142168,0.7509876,1,17.1,1,1772227143,0.872204471915514,0.8732694346406855,0.872204471915514,0.872204471915514,0.8732694346406855,6.550999999999999,0.872204471915514,6.593999999999999,0.0,,0.0,6.555000000000001,0.0,6.544,6.593999999999999,,1,0.9937008509467672,-0.981973920585027,0.872204471915514,0.6392028660122523,17.1,26828.0,26828.0,0.007401266557878605,21.020000000000003,-3597957.0,,0.0,3.0
0x2117a56df5cc09cd79ce8515b44412713c8021a5,0.45082730507069213,0.75041485,1,1.999998,2,1771686296,0.8722046099347219,0.8732695726598935,0.8722046099347219,0.8722046099347219,1.2349896732633783,-0.08499893167968492,0.8722046099347219,0.07400104976029266,0.0,,0.8722046099347219,0.08900107551040734,0.8722046099347219,6.576001075680302,6.546001049760294,,1,0.9937008509467672,-0.8345156506753236,0.8722046099347219,0.3555524570874315,0.999999,222.0,222.0,7.198588298467738e-05,1.2233323333333332,-3083716.0,,0.0,3.0
0xd8e7b2ce3f0a2bda9b0cd5667ceb61ade4fc8d9d,0.44967773311084464,0.7493291,1,4.0,2,1769617244,0.5314163998606123,0.5324813625857839,0.5314163998606123,0.5314163998606123,0.7530423646797212,0.3666952944538937,0.5314163998606123,0.20244534542961615,0.0,,0.5314163998606123,0.19498989873223346,0.5314163998606123,-0.627253996323154,-0.6177985503132714,,1,0.9937008509467672,-0.2704026422400149,0.5314163998606123,1.0,2.0,751200.0,751200.0,0.7401816558707086,2.0,-263686.0,,0.0,1.0
0x293acfbe41bce75a06755c85f7458afcc6918d65,0.44854244620881334,0.7482563,1,45.151514,2,1772201721,0.7124600777633614,0.7135250404885332,0.7124600777633614,0.7124600777633614,1.0090767893516952,3.5170291375419307,0.7124600777633614,3.5270291375419305,0.0,,0.0,3.5030291375419305,0.0,3.5060291375419306,3.5270291375419305,,1,0.9937008509467672,-0.9750427845379666,0.7124600777633614,0.7244087675571627,10.8999995,81683.0,81683.0,0.0226937377530413,23.9487745,-3517680.0,,0.0,3.0
0x7ef5e71dc2538bf18eed6c00fd01e1285f393b3e,0.4483432992435838,0.7480681,1,510.526314,2,1770853611,0.8615548460405646,0.8626198087657362,0.8615548460405646,0.8615548460405646,1.21992863272819,-0.3819999892698968,0.8615548460405646,-0.6279999705401483,0.0,,0.8615548460405646,-0.6369999892698969,0.8615548460405646,0.7349997947961606,0.7319998144198291,,1,0.9937008509467672,-0.607489727484918,0.8615548460405646,0.5000131492441882,97.499999,4508.0,4508.0,0.0020024404187356996,97.499999,-2246745.0,,0.0,2.0
0xde7a33c07345a540d9316a913c568262d72c2bad,0.4457649262086558,0.7456296,1,643.368884,6,1771591342,0.772516323965238,0.7735812866904095,0.772516323965238,0.772516323965238,1.6318568237387967,-0.5068762671171886,0.772516323965238,-0.7543339497169592,0.0,,0.772516323965238,-0.7450553840474707,0.772516323965238,5.084700614959175,5.072033942513428,,2,0.9937008509467672,-0.8086270859592284,0.772516323965238,1.0,77.239999,164.0,164.0,5.48681424858748e-05,77.239999,-2988820.0,,0.0,1.0
0x3b0e78922dc33eb903968c00c6a12580f0bb50c1,0.4425748041319548,0.7426087,1,15302.888791,51,1772190901,3.644221437016878e-08,3.8559189476120686e-08,3.644221437016878e-08,3.644221437016878e-08,0.00014471589666480018,2.881338234978311,3.644221437016878e-08,2.8864371617118705,0.0,6244.226584590001,0.09909793903038332,2.8748486474089923,0.19819587806076663,4.665743358754194,4.687332549516272,,1,0.9937008509467672,-0.9720927848515062,3.644221437016878e-08,0.5861968921535409,498.2,3284777.0,3284777.0,0.9153511606242422,567.946666,-303766.0,,0.0,2.0
0xc32a38a243c8fc7f1313a505eb675541cce1663f,0.44193170525246483,0.7419992,1,52.631577,2,1771702170,0.8615548574114027,0.8626198201365741,0.8615548574114027,0.8615548574114027,1.219928648808983,-0.4059999030429966,0.8615548574114027,0.07200009695700316,0.0,,0.8615548574114027,0.08000009935100322,0.8615548574114027,6.496000099351004,6.464000096957003,,1,0.9937008509467672,-0.8388435892171786,0.8615548574114027,0.34375001875000283,7.499999000000001,918.0,918.0,0.0002961469921401685,9.999999,-3098894.0,,0.0,4.0
0x05d1eb8b6f9aa986819d4e6de594a20bc426137c,0.4408909351865543,0.7410124,1,25.0,2,1771790172,0.8509052174120826,0.8519701801372545,0.8509052174120826,0.8509052174120826,1.2048677834875539,-0.803,0.8509052174120826,0.07599999999999985,0.0,,0.8509052174120826,0.07999999999999985,0.8509052174120826,6.390000000000001,6.388,,1,0.9937008509467672,-0.8628367382382395,0.8509052174120826,0.2653061189504372,9.999999,918.0,918.0,0.00028797163197099955,8.74999925,-3186896.0,,0.0,4.0
0x137b0884ff5a265aba97f8b0da6f4fda9916aa69,0.43943073706263586,0.73962706,1,1160.5085150000002,12,1772256277,3.951759165067262e-07,4.1960883607569054e-07,3.951759165067262e-07,3.951759165067262e-07,0.0005941595223194335,3.154501579686417,3.951759165067262e-07,3.1620015835845434,0.0,101.0301145,0.09885139949401639,3.1530015789382912,0.19770279898803278,6.301000010695452,6.324000010959537,,1,0.9937008509467672,-0.9899171082805291,3.951759165067262e-07,1.0,99.999999,10.0,10.0,2.7367875423620504e-06,99.999999,-3653909.0,,0.0,1.0
0xaf9845e872ce5206643d2dcccd0a2320dcc02649,0.43646239969115735,0.7368078,1,5.030302,4,1771483344,0.9004384362250692,0.9015033989502409,0.9004384362250692,0.9004384362250692,1.6740683243979382,5.359951063298693,0.9004384362250692,0.38330539360879046,0.0,,0.9004384362250692,0.3661426081261516,0.9004384362250692,3.248120014467318,3.266620014467318,,2,0.9937008509467672,-0.7791821630259254,0.9004384362250692,0.24843331967817645,1.0,716993.0,716993.0,0.24887069912870108,4.521631870270271,-2163993.0,,0.11214953271028037,107.0
0x8b9e0561251d759d8a703714bbf5d6db8fa054c8,0.4348187341981264,0.73524487,1,88.461537,2,1771414948,0.7870074613657884,0.78807242409096,0.7870074613657884,0.7870074613657884,1.1145027102816771,-0.4625756612055724,0.7870074613657884,-0.002000058905035446,0.0,,0.7870074613657884,-0.005000068802052601,0.7870074613657884,-1.2892978042856977,-1.2842977951656804,,1,0.9937008509467672,-0.7605344570596464,0.7870074613657884,,,,,,,,,,
0xbb955c0a9c66f39334b7343602647e7eb0e6c326,0.43097549206584496,0.73158497,1,18.518517,2,1771523262,0.7763578605797882,0.7774228233049597,0.7763578605797882,0.7763578605797882,1.0994419004162561,-0.6565001823679982,0.7763578605797882,-0.005999916327692554,0.0,,0.7763578605797882,0.01800009036770799,0.7763578605797882,-0.7840558232504783,-0.7900558299458789,,1,0.9937008509467672,-0.7900655352518147,0.7763578605797882,0.3758573544429225,3.499999,13262.0,13262.0,0.004540375171522241,8.999999,-2907642.0,,0.0,5.0
0x3ed848e0caa7ce711d111ebbfea8d5e5444209fd,0.4307667988710995,0.731386,1,9195.096169,8,1769975702,4.2301312443607536e-07,4.236903875464266e-07,4.2301312443607536e-07,4.2301312443607536e-07,0.0005312966827509254,-0.02976248868793998,4.2301312443607536e-07,-0.21874193175373652,0.0,2066.912356883249,0.08314627069149279,-0.24574195711439645,0.16629211836986116,-0.5146929549815858,-0.5236929386015797,,1,0.9937008509467672,-0.36813378712071576,4.2301312443607536e-07,0.5975394864556494,1238.999999,1196.0,1196.0,0.0008708670223920591,1479.431566,-1372148.0,,0.0,2.0
0x13c7885f15e29169a3fbd41135631b689dcdee7e,0.42892289875289497,0.7296271,1,54.0,2,1771604048,0.7763578266500729,0.7774227893752444,0.7763578266500729,0.7763578266500729,1.0994418524323928,-0.5822224880885194,0.7763578266500729,-0.6515002990995843,0.0,,0.7763578266500729,-0.6385003039590887,0.7763578266500729,5.202152422706632,5.186152422706632,,1,0.9937008509467672,-0.8120912907666373,0.7763578266500729,1.0,27.0,112.0,112.0,3.73123140630778e-05,27.0,-3001578.0,,0.0,1.0
0x4ffe119c3c9231275e9411e4f788536621247267,0.4274104474771402,0.7281829,1,3447.566852,7,1772132384,3.276638229436402e-07,3.2803239867248563e-07,3.276638229436402e-07,3.276638229436402e-07,0.0005575971903973213,3.555089087697905,3.276638229436402e-07,0.39308799321241855,0.0,1061.7881025200002,0.11759327351457083,0.37665213554414906,0.2351862193653187,7.086660804081852,7.119035144923378,,1,0.9937008509467672,-0.9561385212976617,3.276638229436402e-07,1.0,138.999999,5778.0,5778.0,0.0016368151396052041,138.999999,-3524248.0,,0.0,1.0
0x0ba0be08ccf69aa2dfc1f551a65472a46560811d,0.4250752516844051,0.7259506,1,103.39999800000001,4,1771427776,0.712460066654156,0.7135250293793274,0.712460066654156,0.712460066654156,1.3071786630374376,-0.8072620663586372,0.712460066654156,-0.2727540103938437,0.0,,0.712460066654156,-0.2747540150871776,0.712460066654156,-1.3327701232907234,-1.3277701232907235,,1,0.9937008509467672,-0.7640319243404147,0.712460066654156,1.0,49.999999,282.0,282.0,9.980824076295968e-05,49.999999,-2825136.0,,0.0,1.0
0xe35fe89126bbaca6f505e5573ad3bcad4449605b,0.4214312870815694,0.72246075,1,4.347825,2,1768938598,0.5740150313382191,0.5750799940633906,0.5740150313382191,0.5740150313382191,0.813285927053886,0.409578695153451,0.5740150313382191,0.024947790292217012,0.0,,0.5740150313382191,-0.029052208078710253,0.5740150313382191,0.15521084652048747,0.18521084621141476,,1,0.9937008509467672,-0.085374408670927,0.5740150313382191,0.5918368221574677,3.4999995,4950.0,4950.0,0.014721627408993576,3.4999995,-331290.0,,0.0,2.0
0xdac05e02e4636dcf4089986dd265fb16a80ba6b1,0.4212899304033078,0.7223252,1,497.262518,10,1772200933,5.288486353790582e-06,5.303217513550444e-06,5.288486353790582e-06,5.288486353790582e-06,0.0020165229634928417,2.4151544631957558,5.288486353790582e-06,2.4245938975367674,0.0,125.09193635999999,0.09549903084553273,2.4086544183456864,0.19099806169106545,4.796890842443791,4.826625686900533,,1,0.9937008509467672,-0.9748279416772521,5.288486353790582e-06,1.0,48.929999,32.0,32.0,8.892408800705835e-06,48.929999,-3598543.0,,0.0,1.0
0xb401c7e9a8aaa68d4241f685d806604e1c07e911,0.4201458783154258,0.72122777,1,45.519998,2,1769928164,0.5740149118808144,0.5750798746059859,0.5740149118808144,0.5740149118808144,0.813285758115604,-0.7102097776714866,0.5740149118808144,-0.47084158143934934,0.0,,0.5740149118808144,-0.4978415814393493,0.5740149118808144,-0.5699995820334905,-0.5669995817502905,,1,0.9937008509467672,-0.3551728735259885,0.5740149118808144,0.5010998600844278,23.879998999999998,1654.0,1654.0,0.001247543004029247,23.879998999999998,-1324152.0,,0.0,2.0
0xd6f142d4ae39f56f8ddf4aa25d508609d716d942,0.41965694086790717,0.7207585,1,490.3764,3,1772186883,0.31557417216504974,0.31592914873666395,0.31557417216504974,0.31557417216504974,0.5472138181805726,0.0,0.31557417216504974,0.0,0.0,-1.2904799999999905,0.3146866894731031,0.0,0.3137992067811564,,,-1.0469213394412493,1,0.9937008509467672,-0.9710387461465289,0.31557417216504974,0.1867732166048166,127.5893,420981.0,420981.0,0.11744401280504391,209.60030567647055,-3163544.0,,0.0,7.0
0x5cb453d39c9750fec89e27ca509ddbd3dfe36138,0.4188345557944112,0.71996886,1,1486.4079410000002,8,1769999746,0.6957377326994282,0.6968026954245996,0.6957377326994282,0.6957377326994282,1.6375699618306057,-0.3169589961460103,0.6957377326994282,-0.4957886016044756,0.0,,0.6957377326994282,-0.5497886032034756,0.6957377326994282,-0.46676170317909177,-0.4427617017510917,,1,0.9937008509467672,-0.3746892208047501,0.6957377326994282,0.5099206378165154,39.999999,492739.0,492739.0,0.35261430611970335,167.999999,-904649.0,,0.0,4.0
0x86ee0688fe761e3eaa39d86ce83ff93858cb9ebb,0.4185362048395369,0.7196823,1,17.49,5,1772256687,0.6897620516241818,0.6906362747567855,0.6897620516241818,0.6897620516241818,1.4642754225827124,4.8023731343283576,0.6897620516241818,4.816074626865672,0.0,0.060000000000000386,0.00023842449071005405,4.8029253726895815,0.0004768489814201081,6.300999999999999,6.327000000000001,-1.1098253969213332,1,0.9937008509467672,-0.9900921452305022,0.6897620516241818,0.24731799665313753,4.74,2886.0,2886.0,0.0007897482684235601,4.446666666666667,-3651443.0,0.0,0.0,7.0
0xc4f909aaea6ec4631908ecfe21af8ba1e2f8a584,0.4184301085157547,0.71958035,1,9.999998,2,1770133802,0.8083067431656055,0.8093717058907771,0.8083067431656055,0.8083067431656055,1.1446244434717847,0.22600027091201727,0.8083067431656055,0.3968965173156572,0.0,,0.8083067431656055,0.3148965107876568,0.8083067431656055,-0.6039997295815842,-0.5589997290879828,,1,0.9937008509467672,-0.41123868087574095,0.8083067431656055,0.1658354071471942,4.999999,183612.0,183612.0,0.11989468762814703,6.312856428571429,-1347832.0,,0.0,7.0
0x0f2cd700d89f88ddcea186bb613cfe40f13932e4,0.41833227081632657,0.71948636,1,549.8593040000001,22,1771427792,0.3865071906002834,0.38714854254284126,0.3865071906002834,0.3865071906002834,1.32979277796099,-0.7154407661877523,0.3865071906002834,-0.33651149111400125,0.0,1.3515002400000014,0.38761087663852084,-0.33929221676465093,0.38871456267675836,-1.3102180682896645,-1.3039958460674423,,1,0.9937008509467672,-0.7640362866320028,0.3865071906002834,0.5050000002,49.999999,176.0,176.0,6.229131524572863e-05,49.999999,-2825258.0,0.0,0.0,2.0
0x5ed3561e39d6c9a9622c6f84a782537df7f9b19e,0.41637006058550563,0.71759987,1,4.6948,2,1771408504,0.8296059629086514,0.830670925633823,0.8296059629086514,0.8296059629086514,1.1747460889003651,-0.2430000027359997,0.8296059629086514,0.4119999233199987,0.0,,0.8296059629086514,0.4029999159971565,0.8296059629086514,-1.1219955839938192,-1.1079955839938191,,1,0.9937008509467672,-0.7587775441225346,0.8296059629086514,0.2640703479110592,0.6,861861.0,861861.0,0.3071333423136216,40.82754428694652,-1944285.0,,0.0,10.0
0xbf67a49e839659a054faac8a46ee63c0ca34374e,0.4163335072047947,0.7175647,1,13246.986808999998,34,1771409998,0.10079907505731192,0.12497145782272522,0.10079907505731192,0.10079907505731192,0.8716720114211697,0.1513638982744319,0.10079907505731192,0.19313256574381288,0.0,-19.458426744344678,0.09515328203537143,0.19309489096968202,0.08950748901343095,5.680498097675502,5.704316280463493,0.260028632134136,4,0.9937008509467672,-0.7592148638542427,0.10079907505731192,,,,,,,,,,
0x25ed935804c265e083b166c9bc7bff6ef3486f3c,0.4145544164273197,0.715852,1,98.039214,2,1769806826,0.5207667741296633,0.5218317368548351,0.5207667741296633,0.5207667741296633,0.7379815195368157,-0.6898682767809889,0.5207667741296633,-0.08836941298989738,0.0,,0.5207667741296633,-0.06736941314807096,0.5207667741296633,-0.8164748641269328,-0.8204748634592179,,1,0.9937008509467672,-0.32209088998109764,0.5207667741296633,0.5000000000000001,49.9999995,7112.0,7112.0,0.005904681568958245,49.9999995,-1197356.0,,0.0,2.0
0x9e1a5c0f3bc90ca583313b43429f12e50ea1d74b,0.41263739808895417,0.71400416,1,905.7299979999999,14,1772196209,2.6795411313825677e-06,2.7043192851651465e-06,2.6795411313825677e-06,2.6795411313825677e-06,0.001483336614278389,3.027721514127162,2.6795411313825677e-06,3.0376812906784587,0.0,376.7221773889121,0.10005230711637206,3.025122715830168,0.20010461423274412,6.074029356799884,6.103937515691562,,1,0.9937008509467672,-0.9735399750858622,2.6795411313825677e-06,1.0,50.0,202.0,202.0,5.620711598783589e-05,50.0,-3593649.0,,0.0,1.0
0x71d43c29a38c7ae0e4f8c2c0f99f5fa015f43fdc,0.4095077038010954,0.71098185,1,177.0,3,1771386698,0.27298544521897855,0.27334043279403575,0.27298544521897855,0.27298544521897855,0.473439517362136,-0.05499919954777037,0.27298544521897855,0.24400000000000016,0.0,0.0,0.27298544521897855,0.2376666666994729,0.27298544521897855,-1.2059999999999995,-1.1879999999999995,0.10680044918932825,1,0.9937008509467672,-0.7529255299570833,0.27298544521897855,0.5049461247297551,2.8,305781.0,305781.0,0.10982171717534496,26.996804285714287,-2478559.0,,0.3333333333333333,3.0
0x641e0976d5401b61082920078f257c2d2d9d23d9,0.405387002438565,0.7069917,1,80.0,2,1769674084,0.5314163998606123,0.5324813625857839,0.5314163998606123,0.5314163998606123,0.7530423646797211,-0.13542130366208383,0.5314163998606123,0.3314112952944556,0.0,,0.5314163998606123,0.33741124425439845,0.5314163998606123,-0.5394011537017759,-0.5454011026617187,,1,0.9937008509467672,-0.28589968310678043,0.5314163998606123,1.0,40.0,1082996.0,1082996.0,1.010515747495162,40.0,11270.0,,0.0,1.0
0x5d6ee0d2cd7fd1a245d979d72efd8919e808bf86,0.40455220531748565,0.70618176,1,5.0,2,1771787304,0.8509052174120826,0.8519701801372543,0.8509052174120826,0.8509052174120826,1.2048677834875539,-0.724,0.8509052174120826,-0.005000000000000221,0.0,,0.8509052174120826,-2.1371793224034264e-16,0.8509052174120826,6.388999999999999,6.3870000000000005,,1,0.9937008509467672,-0.8620547974710705,0.8509052174120826,0.25000000000004685,0.999999,882.0,882.0,0.0002769277720878156,0.99999925,-3184064.0,,0.0,4.0
0x367679fd96ae5ca0782de7428f889f02de2a648f,0.40171383407835254,0.703424,1,1056.551398,6,1772187099,1.6294647941677877e-06,1.8109989995546376e-06,1.6294647941677877e-06,1.6294647941677877e-06,0.001315913779032216,3.6065711551662716,1.6294647941677877e-06,3.6065711551662716,0.0,387.49988661231873,0.10754227033376415,3.5867864351804855,0.21508291120273415,7.169782179633193,7.205782179633192,,1,0.9937008509467672,-0.9710561953128812,1.6294647941677877e-06,0.6841538241481708,48.999999,392.0,392.0,0.00010935239114903977,83.096666,-3584349.0,,0.0,2.0
0x3a03bc277ff0094dbcecd1f5aff8aa0570357de2,0.4004716703679853,0.7022151,1,43.434780999999994,2,1770515153,0.8189563511036928,0.8200213138288645,0.8189563511036928,0.8189563511036928,1.159685263451784,-0.10899987894581838,0.8189563511036928,0.10800003452072338,0.0,,0.8189563511036928,0.0030000345207233884,0.8189563511036928,-0.45599987961260835,-0.3719998796126084,,1,0.9937008509467672,-0.5152114470893564,0.8189563511036928,0.39654950205080575,8.99,452651.0,452651.0,0.23664375952467462,7.269998999999999,-1460144.0,,0.0,3.0
0xfefce300d2348a271f886090b01a1527bc059832,0.4003807721145405,0.70212656,1,843.352075,7,1772208817,4.132350309954693e-07,4.19608836100798e-07,4.132350309954693e-07,4.132350309954693e-07,0.0005941595223372093,3.155501580185167,4.132350309954693e-07,3.174001589569546,0.0,370.47582075,0.10356757357822075,3.14900157694329,0.2071351471564415,6.301000034349063,6.348000035197188,,1,0.9937008509467672,-0.9769774608572939,4.132350309954693e-07,0.8484976140009222,54.499999,4912.0,4912.0,0.0013620007880305862,54.499999,-3601547.0,0.0,0.0,2.0
0xf8b187c8ccc69ea2e1c12571cd1142f3699c8a81,0.39782236231735696,0.6996325,1,3057.984103,10,1771337575,2.2290772286221447e-07,2.2317989346399988e-07,2.2290772286221447e-07,2.2290772286221447e-07,0.0004414704739713355,0.31026224425312204,2.2290772286221447e-07,0.7654548332659583,0.0,827.92688614,0.10771406556576786,0.759367388191044,0.21542790822381286,-0.6432037576448745,-0.6269464432416928,,1,0.9937008509467672,-0.7394392328692128,2.2290772286221447e-07,1.0,38.0,3670.0,3670.0,0.0013417582590339267,38.0,-2731547.0,,0.0,1.0
0xcef4841d2665e9dd4902f26218bb4969b998ef73,0.3961871957481411,0.69803566,1,14.11,3,1771809744,0.8509052174120826,0.8519701801372542,0.8509052174120826,0.8509052174120826,1.4310855830641933,-0.8019999999999998,0.8509052174120826,-0.0060000000000002595,0.0,,0.8509052174120826,-0.0030000000000002594,0.8509052174120826,6.389,6.386,,1,0.9937008509467672,-0.8681729114233967,0.8509052174120826,1.0,5.0,680.0,680.0,0.00021201065291174808,5.0,-3206706.0,,0.0,1.0
0xd1b63b41f5bbc529510b29b274ab417c9aa0dfc1,0.3928861425822357,0.69480497,1,421.0653,7,1771367407,9.123888558442979e-06,9.146575182504526e-06,9.123888558442979e-06,9.123888558442979e-06,0.0028025655083243504,0.22631668846969838,9.123888558442979e-06,0.47231930870672056,0.0,138.4431367504372,0.10708210334427752,0.4663192447985005,0.2141550827999966,-0.9086599006662299,-0.8933428610437073,,1,0.9937008509467672,-0.7475727255352463,9.123888558442979e-06,0.5080862512197099,57.2849995,492.0,492.0,0.00017793536389409373,57.2849995,-2764557.0,,0.0,2.0
0x5d37ad07be7be9efe35d8889091ecb220d57b918,0.3923395018516807,0.69426906,1,200.0,3,1770724365,0.7976570811535042,0.7987220438786758,0.7976570811535042,0.7976570811535042,1.3231439448559776,-1.040000806400128,0.7976570811535042,-0.37300000435200026,0.0,,0.7976570811535042,-0.40099999087998295,0.7976570811535042,-0.4010000014400002,-0.37300000435200026,,1,0.9937008509467672,-0.5722516813226032,0.7976570811535042,0.5000000000000001,49.9999995,7890.0,7890.0,0.003718178120995831,49.9999995,-2114117.0,0.0,0.0,2.0
0x7f51b3507da153925151880006c364cf5d887b9e,0.39084110954459067,0.69279873,1,625.513283,12,1771613172,0.8402092981093969,0.8412742608345685,0.8402092981093969,0.8402092981093969,2.6147875105486036,2.439088962472669,0.8402092981093969,0.9211757973674436,0.0,,0.7773463590780172,0.9146834171115017,0.7773463590780172,6.405078463610551,6.41471205569963,,4,0.9937008509467672,-0.8145788875447578,0.8402092981093969,0.15437010500741413,99.999999,467705.0,467705.0,0.1553417115770021,87.571428,-2543109.0,,0.2222222222222222,9.0
0xec6e65390e2c695181312fe4a34d232e6f84ec8d,0.3898911921971957,0.69186556,1,43.679996,2,1769419869,0.47816828908019554,0.4792332518053671,0.47816828908019554,0.47816828908019554,0.6777381642433107,-0.11658175116064438,0.47816828908019554,-0.17261447754294978,0.0,,0.47816828908019554,-0.1718336012759064,0.47816828908019554,-0.6469416623054863,-0.662941665290285,,1,0.9937008509467672,-0.2165896858522977,0.47816828908019554,0.33731753025618916,20.9199985,1118.0,1118.0,0.0013675656963637187,25.306665500000005,-816393.0,,0.0,4.0
0x07893d10702e60baa49aec5702ab99d362c7cdb2,0.38900300840781293,0.6909923,1,13019.686794000003,51,1771409582,0.7786084573737994,0.779673420098971,0.7786084573737994,0.7786084573737994,3.8691914523264006,-0.5609941896711995,0.7786084573737994,-0.03659360391688368,0.0,,0.7786084573737994,-0.042995153620356774,0.7786084573737994,-1.2025702591275496,-1.1936682606335627,,1,0.9937008509467672,-0.7590714535182836,0.7786084573737994,,,,,,,,,,
0x3b77482d17f6953e8daa1d7e69b111ffa72627cd,0.38898537462894534,0.69097495,1,40.467798,3,1771721122,0.861554856727168,0.8626198194523397,0.861554856727168,0.861554856727168,1.465471074117181,-0.005999908247215616,0.861554856727168,0.07200009175278445,0.0,,0.861554856727168,0.07800009175278445,0.861554856727168,6.490000081314712,6.46400007935532,,1,0.9937008509467672,-0.8440107236032964,0.861554856727168,0.3088100915978274,11.2899995,83728.0,83728.0,0.026846532793119326,92.04833275,-3035036.0,,0.0,12.0
0x9619ec53ccc502fec64121db14a28cc339fcfb18,0.38823163623661383,0.6902333,1,87.470587,2,1769807852,0.5207667771136819,0.5218317398388534,0.5207667771136819,0.5207667771136819,0.7379815237568551,-0.689868274130206,0.5207667771136819,-0.14328235085009916,0.0,,0.5207667771136819,-0.1222823500041005,0.5207667771136819,-0.8154748621979484,-0.8204748621979484,,1,0.9937008509467672,-0.3223706219291853,0.5207667771136819,0.7064432187055414,44.609999,26778.0,26778.0,0.0222133001076737,83.203332,-1178716.0,,0.0,2.0
0xb06552468dafdff7dfc73d002b4948f1f786adce,0.3864615561836129,0.6884895,1,1776.721129,11,1771456848,-1.427285252465237e-07,3.663365564521637e-06,-1.427285252465237e-07,-1.427285252465237e-07,0.0017332160249736966,-0.16300072553090217,-1.427285252465237e-07,0.20300090960414952,0.0,-10.217299776668675,-0.003993735019560019,0.21050094310967155,-0.007987327310594792,-1.2059998933912293,-1.1939998992304708,,1,0.9937008509467672,-0.771958208156013,-1.427285252465237e-07,1.0,234.999999,1398.0,1398.0,0.0004897547372735585,234.999999,-2853092.0,,0.0,1.0
0xbaf1d2456757145df7c5e937744db504ee3d2870,0.38615776772568877,0.6881899,1,103.846152,4,1771183485,0.9203250175705031,0.9213899802956748,0.9203250175705031,0.9203250175705031,1.5002862291121588,2.0466169756182997,0.9203250175705031,0.41668261262160106,0.0,,0.9203250175705031,0.3877937271600154,0.9203250175705031,-0.05793150692902732,-0.0469315206107338,,2,0.9937008509467672,-0.697427638443458,0.9203250175705031,0.1631944568865768,4.499999,530512.0,530512.0,0.20553502404182358,5.9999994999999995,-2050615.0,,0.0,8.0
0x7cb1938d9b398ddd72c8dc6fca9453dd6f1b9db6,0.38571107088295803,0.68774927,1,71.22307099999999,4,1771452310,0.4400064835072676,0.44107144623243916,0.4400064835072676,0.4400064835072676,0.8504150517760801,-0.3949712571804465,0.4400064835072676,-0.01973458855136718,0.0,,0.42583319285922167,-0.02278271787697983,0.42583319285922167,-0.7494003237735787,-0.7379003237735786,,2,0.9937008509467672,-0.7707209532043349,0.4400064835072676,0.34803405186712494,12.705,357731.0,357731.0,0.1255217631735552,29.724914083333335,-2492221.0,,0.4,5.0
0xb464f7d54cb410926a8afd9f86d69edc42531d98,0.3854642103737113,0.68750566,1,90.0,2,1772029770,0.9361022354258082,0.9371671981509797,0.9361022354258082,0.9361022354258082,1.3253545618363092,7.095,0.9361022354258082,-0.22199998589246872,0.0,,0.9361022354258082,-0.2309999999999999,0.9361022354258082,7.056,7.050000014107531,,1,0.9937008509467672,-0.9281615094837582,0.9361022354258082,0.5719381672229283,72.4999995,358.0,358.0,0.00010445198884756195,72.4999995,-3427054.0,0.0,0.0,2.0
0x9d56a981e5e247c89fd1f71b91879e041ffce9ec,0.3841236679882687,0.6861818,1,29.799998,2,1771964250,0.8828541075511311,0.8839190702763027,0.8828541075511311,0.8828541075511311,1.250050337224964,-0.040999934658387714,0.8828541075511311,-0.5609999362328844,0.0,,0.8828541075511311,-0.5539999346583877,0.8828541075511311,6.6380000571336115,6.631000063767115,,1,0.9937008509467672,-0.9102979254304423,0.8828541075511311,0.820961371015154,74.9499995,92.0,92.0,2.7365542974015823e-05,74.9499995,-3361800.0,,0.0,2.0
0xabdd21648534d9d18e47e70420cb652895126b0e,0.3840358524804439,0.686095,1,238.095237,2,1771336157,0.8402555936044565,0.8413205563296281,0.8402555936044565,0.8402555936044565,1.1898069410646375,0.5600000152919583,0.8402555936044565,1.6090000268422002,0.0,,0.8402555936044565,1.5990000261954003,0.8402555936044565,-0.8859999766171002,-0.8709999731578,,1,0.9937008509467672,-0.7390526247772164,0.8402555936044565,0.436057483941334,24.0,1754692.0,1754692.0,0.641851138287782,24.779999800000002,-979107.0,,0.3333333333333333,3.0
0xebc509fcabeb386113ef24b1d321759a9df57044,0.38222755504529754,0.68430626,1,99.999998,2,1771967170,0.8615548473751935,0.862619810100365,0.8615548473751935,0.8615548473751935,1.21992863461564,-0.1269999788682004,0.8615548473751935,-0.6439999793774,0.0,,0.8615548473751935,-0.6369999788681999,0.8615548473751935,6.4720000178866,6.4680000206226005,,1,0.9937008509467672,-0.9110940436452726,0.8615548473751935,1.0,49.999999,126.0,126.0,3.7446371446606824e-05,49.999999,-3364686.0,,0.0,1.0
0xc8852965fdac3f91fc9b5f6f4f5bef0335919120,0.3811802195654717,0.6832688,1,104.11682900000001,15,1772251839,0.04231565265106203,0.04378080018970048,0.04231565265106203,0.04231565265106203,0.17644762039251488,1.9316165039672102,0.04231565265106203,1.9413318266315274,0.0,6.02089492,0.03823384664154754,1.9311864798678655,0.07646769328309508,3.559409706919326,3.58359154224749,,1,0.9937008509467672,-0.9887071176512767,0.04231565265106203,0.5,1.999999,422.0,422.0,0.00011563288040135022,1.999999,-3649059.0,,0.0,2.0
0xd907bd6a055255b05d4a8b5fcacd510eb2ee3396,0.3806755386668008,0.68276846,1,721.4399999999999,7,1772220899,0.0,0.0,0.0,0.0,0.0,3.198083732057416,0.0,3.216647527910686,0.0,264.38933333333335,0.10524999436788304,3.1925837320574164,0.21049998873576609,6.422791866028708,6.470823763955343,,1,0.9937008509467672,-0.9802715362927664,0.0,1.0,100.0,8944.0,8944.0,0.0024717144285500703,100.0,-3609597.0,,0.0,1.0
0x662ce90c51d613a2975a536272e477ab7c38bfe7,0.37886205191673394,0.6809685,1,22273.174600000002,94,1769628196,0.11426120196419562,0.11439268781225564,0.11426120196419562,0.11426120196419562,1.0123437391314645,-0.10487786284873905,0.11426120196419562,-0.004875473528060433,0.0,-135.74380714285715,0.097004471686908,-0.0274887947247281,0.07974774140962038,-0.4128250157482858,-0.38835105244930795,,6,0.9937008509467672,-0.27338863083207715,0.11426120196419562,,,,,,,,,,
0x04153104e378eef8acd6b7d07662c3efa4a6a8b5,0.37759890959462394,0.67971283,1,310.351775,4,1769057016,0.5535393728049249,0.5546043355300966,0.5535393728049249,0.5535393728049249,0.9804539977500858,0.41532665534092444,0.5535393728049249,0.29475044431650904,0.0,,0.5535393728049249,0.24159575162221975,0.5535393728049249,0.3395581942825888,0.39377666962536345,,1,0.9937008509467672,-0.11766027400098751,0.5535393728049249,0.28411466795671153,51.3139995,943314.0,943314.0,2.074777085193706,67.82664957142858,488656.0,0.0,0.7142857142857143,7.0
0xb6aac18cef5d98a70ace531fa8af5f4404528955,0.37529887703980486,0.6774221,1,42011.443044,70,1771332059,8.131056531075943e-09,1.5855560236320592e-07,8.131056531075943e-09,8.131056531075943e-09,0.0003629153192956624,0.12349416280353247,8.131056531075943e-09,0.5894419658707395,0.0,165.73792395999996,0.007450386442972557,0.5826476612101278,0.014900764754888583,-1.016016995508105,-1.001434424752475,,2,0.9937008509467672,-0.7379353328442114,8.131056531075943e-09,0.31425101559285606,1200.0,2247043.0,2247043.0,0.8231828321123815,1560.1307404705883,-482658.0,,0.16666666666666666,6.0
0x681d86a707a85613ceaa851f772f9e6850be79c0,0.37510582633161904,0.6772296,1,195.99340600000002,13,1772215301,-0.000901177176287349,-0.0010130824580451966,-0.000901177176287349,-0.000901177176287349,-0.005192455051544098,1.2207568313892276,-0.000901177176287349,1.2299289383640761,0.047598297187678065,25.966176780000005,0.04754327861739599,1.2177116172722062,0.09598773441107933,2.2534356227397416,2.281768958859742,0.1845549343981745,2,0.9937008509467672,-0.978745279523376,-0.000901177176287349,1.0,1.999999,2884.0,2884.0,0.0007982412122195119,1.999999,-3610059.0,,0.0,1.0
0x2e9a9deca75d4b70d375a352a997fb6795e50b72,0.37508640392251086,0.6772102,1,99.999998,2,1771865338,0.8402555936044565,0.8413205563296281,0.8402555936044565,0.8402555936044565,1.1898069410646375,-0.8819999738046003,0.8402555936044565,-0.24699984312247159,0.0,,0.8402555936044565,-0.24199984260447158,0.8402555936044565,6.3110000261954,6.3050000256773995,,1,0.9937008509467672,-0.883330238832738,0.8402555936044565,1.0,49.999999,84.0,84.0,2.5743338911056765e-05,49.999999,-3262896.0,,0.0,1.0
0xa57c4dcad9db8cfe648ea47403cb4394712a22b8,0.3747344200935176,0.6768591,1,295.86956200000003,4,1771882732,0.8189563401922215,0.8200213029173932,0.8189563401922215,0.8189563401922215,1.6383419493534497,-1.079997908088295,0.8189563401922215,-0.6504544842399169,0.0,,0.8189563401922215,-0.6444544876600852,0.8189563401922215,6.147000033113404,6.141500034481402,,1,0.9937008509467672,-0.8880725950754635,0.8189563401922215,1.0,30.929999,42.0,42.0,1.2803418146833257e-05,30.929999,-3280332.0,,0.0,1.0
0xb65717660ebe9c77f99a0c9d06671f71f8891772,0.3742879838423254,0.67641354,1,31.545274000000003,4,1772192309,0.00025847080447496864,0.0002587902986460968,0.00025847080447496864,0.00025847080447496864,0.014941139677162506,3.2384715265580475,0.00025847080447496864,3.24597377659575,0.0,8.510680659604112,0.10766205507906221,3.231969568250389,0.21532411015812442,6.462000507870087,6.490000520410089,,1,0.9937008509467672,-0.9724766665112601,0.00025847080447496864,0.39754268509031365,1.999999,4018.0,4018.0,0.0011192353321814142,2.8999993333333336,-3585933.0,0.0,0.0,3.0
0x7927e5eb27fed8870444972d6b921a0dbdca11be,0.37227848921236334,0.6744054,1,1070.6156020000003,24,1771178941,0.7270639685955876,0.7281289313207594,0.7270639685955876,0.7270639685955876,2.7968391546734686,-0.07615882325397388,0.7270639685955876,-0.21514543494969118,0.0,,0.7270639685955876,-0.22630777970237737,0.7270639685955876,-1.1127835479947297,-1.105950212508085,,2,0.9937008509467672,-0.6961887476324344,0.7270639685955876,0.3756320638848143,49.999999,251604.0,251604.0,0.09765026005372231,49.87499925,-2324979.0,,0.0,3.0
0x152519b420a36dc3bbf45c60cd975a4694d42815,0.36963242000704544,0.67175436,1,58.439800000000005,13,1770759099,0.0675971472933348,0.10780263252301638,0.0675971472933348,0.06659589057897368,0.4578654974675046,0.08583351724998207,0.06709651931252646,0.027194657366352577,0.0,-0.004200000000000013,0.06248128680986157,0.019701466746752296,0.06243616582281707,0.18886908185821535,0.2238690800982066,0.04154913068543086,3,0.9937008509467672,-0.5824283623112184,0.0675971472933348,1.0,4.9686,6556.0,6556.0,0.0030397715812886202,4.9686,-2150185.0,0.0,0.0,1.0
0xda0268aabdac12b8e7b5a3d9d248880002b4d9cc,0.3675848703058406,0.6696976,1,128.812306,6,1769153156,0.39256283985997303,0.39334966392123255,0.39256283985997303,0.39256283985997303,0.7744470310332231,0.15968239717933494,0.39256283985997303,0.18421371332087158,0.0,1.7387777803820321,0.3961188790414103,0.15291481443965355,0.39967491822284756,0.27063090526834616,0.3190695779589394,,1,0.9937008509467672,-0.14387219358105152,0.39256283985997303,0.5731462212233023,38.0184,753686.0,753686.0,1.3683528262629856,61.67715061290321,202888.0,,0.3333333333333333,6.0
0x6f733d7cdd25cf96213115fc781ab1fd23f8a1db,0.36667681478152114,0.6687839,1,26.315787999999998,2,1771701446,0.86155487380118,0.8626198365263518,0.86155487380118,0.86155487380118,1.2199286719876288,-0.4059997783839879,0.86155487380118,-0.006999778383988181,0.0,,0.86155487380118,0.0030002270880121196,0.86155487380118,6.496000227088013,6.4650002216160125,,1,0.9937008509467672,-0.8386461955228166,0.86155487380118,0.2233293819469864,1.04125,1990.0,1990.0,0.0006421243927245693,2.7625542777777783,-3097098.0,,0.2727272727272727,11.0
0xa2658ddc8de8d6c4b4ba2cdeeac92fafcf05bfc8,0.366030929203085,0.66813344,1,13.1,3,1771251463,0.31913382997641315,0.3194888175514704,0.31913382997641315,0.31913382997641315,0.5533708644492499,2.4143333333333334,0.31913382997641315,0.22433332556969518,0.0,0.40000000000000036,0.32623358147755693,0.21333333333333337,0.3333333329787007,7.2010000000000005,7.224999976709086,-0.011934535954920677,1,0.9937008509467672,-0.9504740856704992,0.31913382997641315,0.3111434598796926,4.445,421192.0,421192.0,0.1589940753575264,3.55875,-2227913.0,,0.0,4.0
0x9f0a9af1fc46e9e5ebd77d49c63a9e3cee0bb200,0.36599981005193516,0.6681021,1,153.447271,8,1772206367,3.2518698637853206e-05,3.3286856741179234e-05,3.2518698637853206e-05,3.2518698637853206e-05,0.005258367498563078,3.115124852729254,3.2518698637853206e-05,3.1296254357022906,0.0,69.12864061904638,0.10143363564429907,3.1091246122957674,0.20286727128859813,6.219000186283208,6.259000193366795,,1,0.9937008509467672,-0.9763094849578644,3.2518698637853206e-05,0.5000005010015522,19.979999,174.0,174.0,4.827956866922363e-05,19.979999,-3603835.0,,0.0,2.0
0xe9eddd7a07173c24f4c4f763ce082d39f7c0a248,0.365411537590795,0.6675092,1,67.609998,4,1772210649,7.809781171502066e-05,7.99187451160987e-05,7.809781171502066e-05,7.809781171502066e-05,0.008199834388975544,3.155299755979913,7.809781171502066e-05,3.168300995031644,0.0,36.754920659874614,0.10275914259763988,3.149799233523771,0.20551828519527976,6.302000112266003,6.336000120576004,,1,0.9937008509467672,-0.9774769432441327,7.809781171502066e-05,1.0,9.999999,116.0,116.0,3.214818317037068e-05,9.999999,-3608175.0,,0.0,1.0
0x7af0d3c0acf5f8fec66b098416999a471aaf2e2e,0.3646756836906236,0.666767,1,78.947367,2,1771341059,0.8615548545111539,0.8626198172363255,0.8615548545111539,0.8615548545111539,1.219928644707412,0.6460000729859292,0.8615548545111539,1.1320000767473344,0.0,,0.8615548545111539,1.1200000767473344,0.8615548545111539,-0.6429999251019988,-0.6279999232526654,,1,0.9937008509467672,-0.740389121862524,0.8615548545111539,0.3035404632592639,8.0,1437665.0,1437665.0,0.5249441249701957,14.142856571428572,-1301036.0,,0.0,7.0
0xbc76a10a08bbc0830819e0bdfef4031fc8d846bf,0.36447185775023483,0.6665613,1,60.606059,3,1771508638,0.7124600713985649,0.7135250341237366,0.7124600713985649,0.7124600713985649,1.2009798270813845,-0.6550096451125323,0.7124600713985649,-0.4340064118724545,0.0,,0.7124600713985649,-0.4230064118724545,0.7124600713985649,-0.5405080139024144,-0.5395080139024144,,1,0.9937008509467672,-0.7860784007402809,0.7124600713985649,1.0,19.999999,130.0,130.0,4.473072105922347e-05,19.999999,-2906150.0,,0.0,1.0
0x68f1d580b5f5ecc9f3b388800429b8b162bfded4,0.3643730630694243,0.6664616,1,128.0,2,1772204047,0.7976570811535043,0.7987220438786758,0.7976570811535043,0.7976570811535043,1.1295635470195817,5.987,0.7976570811535043,6.016,0.0,,0.0,5.975,0.0,5.977,6.016,,1,0.9937008509467672,-0.9756769526775882,0.7976570811535043,0.7216066820236205,3.0,751255.0,751255.0,0.208584083745154,12.666666333333334,-2850434.0,,0.0,3.0
0xb851b495b30b93eae7f6ebe1f89c0e8c3d069573,0.36362925241102295,0.66571045,1,24.137929999999997,2,1771513648,0.7550586030305619,0.7561235657557333,0.7550586030305619,0.7550586030305619,1.069320201521663,-0.7213615446270157,0.7550586030305619,-0.26313135075822236,0.0,,0.7550586030305619,-0.24713134495822212,0.7550586030305619,-0.3911971204350203,-0.3911971204350203,,1,0.9937008509467672,-0.7874443432938082,0.7550586030305619,1.0,6.999999,1558.0,1558.0,0.0005351579540341223,6.999999,-2909732.0,,0.0,1.0
0x84815e1280355b11ca172e211ed97e0cd07fc486,0.36291698132817973,0.66499054,1,213.61904599999997,3,1771757078,0.8402555934506888,0.8413205561758602,0.8402555934506888,0.8402555934506888,1.316558732561231,-0.8069999530664413,0.8402555934506888,-0.08799997568480855,0.0,,0.8402555934506888,-0.08299997497414188,0.8402555934506888,6.3110001495570645,6.304000148846399,,1,0.9937008509467672,-0.8538138833746797,0.8402555934506888,1.0,44.859999,152.0,152.0,4.818177207485926e-05,44.859999,-3154568.0,0.0,0.0,1.0
0xe803efc1e75f3fb833f1691e381191c3ecc32857,0.3615149008501735,0.66357166,1,86.423332,3,1769362404,0.4249201298993661,0.4259850926245377,0.4249201298993661,0.4249201298993661,0.7027791829714808,-0.22816573734298412,0.4249201298993661,-0.2647154613161453,0.0,,0.4249201298993661,-0.27971545968707257,0.4249201298993661,-0.7775966639989479,-0.7595966699524911,,1,0.9937008509467672,-0.2009222429703716,0.4249201298993661,0.334490740788966,49.999999,74494.0,74494.0,0.09801248871778813,47.999999,-685552.0,,0.0,3.0
0x80781cc4d4b617b50fda5e39ce47adc97ea731f9,0.3611316450853009,0.6631834,1,19.999998,4,1771492754,0.7550585885151195,0.756123551240291,0.7550585885151195,0.7550585885151195,1.4262139543530004,-0.7853941823581896,0.7550585885151195,-0.19909854101667945,0.0,,0.7550585885151195,-0.19909854101667945,0.7550585885151195,-0.5842957793237513,-0.5832957715601131,,1,0.9937008509467672,-0.7817477357661834,0.7550585885151195,1.0,9.999999,62.0,62.0,2.145034797999997e-05,9.999999,-2890334.0,,0.0,1.0
0xe375e88468d6987ee428d4c37591a2be16660e66,0.3608043643785865,0.6628517,1,39.999998,2,1770895951,0.8722044795832458,0.8732694423084173,0.8722044795832458,0.8722044795832458,1.2349894889185526,-0.3699999406724746,0.8722044795832458,-0.4529999402399994,0.0,,0.8722044795832458,-0.4799999402399994,0.8722044795832458,0.5720000597600006,0.5870000597600006,,1,0.9937008509467672,-0.6190334415999577,0.8722044795832458,1.0,19.999999,46.0,46.0,2.005586867417192e-05,19.999999,-2293547.0,0.0,0.0,1.0
0xc37c8fe1edb8305e9511b38b101548bd88fe37ca,0.3604246691168071,0.6624667,1,10.0,2,1771818064,0.8509052174120826,0.8519701801372545,0.8509052174120826,0.8509052174120826,1.2048677834875539,-0.801,0.8509052174120826,-0.0069999996810001745,0.0,,0.8509052174120826,-0.001999999901600208,0.8509052174120826,6.39,6.385000000319,,1,0.9937008509467672,-0.8704413030492145,0.8509052174120826,0.36111119444448436,2.999999,25772.0,25772.0,0.008014414253044277,2.99999925,-3189934.0,,0.0,4.0
0xc7b641e08233739befef5e91869d318eba3802f7,0.35614041102730876,0.6581103,1,436.08620699999994,19,1771404710,4.446310375097999e-06,4.552738001325494e-06,4.446310375097999e-06,4.446310375097999e-06,0.0019321858417451702,-0.1220006674169326,4.446310375097999e-06,0.1660009324102755,0.0,34.556171246666665,0.08817408114276899,0.15850089051064445,0.1763437159751629,-0.8849999934634194,-0.8679999933020224,,1,0.9937008509467672,-0.7577431357297036,4.446310375097999e-06,1.0,53.999999,38.0,38.0,1.3560038139391482e-05,53.999999,-2802314.0,,0.0,1.0
0x385de3ffc37ad73e4a2e25ab559b1b7f143e7996,0.35457102173305116,0.6565087,1,95.646085,4,1772195587,5.1356687489985047e-05,5.21697221080984e-05,5.1356687489985047e-05,5.1356687489985047e-05,0.006540663872898753,3.074695646141711,5.1356687489985047e-05,3.0881965061612298,0.0,36.24756054993002,0.10089880015495378,3.0691952936817737,0.20179760030990757,6.137000093150004,6.176000095450004,,1,0.9937008509467672,-0.9733703910003744,5.1356687489985047e-05,0.5,10.999999,268.0,268.0,7.45847258830428e-05,10.999999,-3592961.0,,0.0,2.0
0x3aa317422b0b59c506b07c4e454a2e9dea369dfa,0.3518468487871232,0.6537209,1,5.041665,2,1770742145,0.8083068351446275,0.8093717978697991,0.8083068351446275,0.8083068351446275,1.144624573549765,-1.0409990336512935,0.8083068351446275,-0.5359990040710774,0.0,,0.8083068351446275,-0.5599990100422787,0.8083068351446275,0.6390009639672604,0.6640009959289224,,1,0.9937008509467672,-0.5770992778498919,0.8083068351446275,1.0,1.209999,3080.0,3080.0,0.0014393956033941697,1.209999,-2136707.0,,0.0,1.0
0x8040e6aabd7fd295f2e1b9c9f73e18f73da940ea,0.3487617024021873,0.6505518,1,154.519998,2,1771886152,0.8296059651527095,0.8306709278778811,0.8296059651527095,0.8296059651527095,1.1747460920739425,-1.1249999829319182,0.8296059651527095,-0.5700001749319256,0.0,,0.8296059651527095,-0.5630001749333489,0.8296059651527095,6.228000017068082,6.222000017068082,,1,0.9937008509467672,-0.8890050349024223,0.8296059651527095,1.0,77.259999,728.0,728.0,0.0002216947835339245,77.259999,-3283066.0,,0.0,1.0
0xc7121fc39c1b95c04a98ea629b2b51e763d4316a,0.348168966910511,0.64994144,1,43.809522,6,1770756929,0.8378247119544767,0.8388896746796484,0.8378247119544767,0.8378247119544767,2.0068416720504265,-0.29049991138524056,0.8378247119544767,-0.30016293500320806,0.0,,0.8378247119544767,-0.29819554146807675,0.8378247119544767,2.5950000691840054,2.596333400569339,,3,0.9937008509467672,-0.5811300352773068,0.8378247119544767,1.0,2.2,140.0,140.0,6.497813253775345e-05,2.2,-2154431.0,0.0,0.0,1.0
0x6976184263b72091630a4ef117c5010cab274fcc,0.3453811829983945,0.64706427,1,34.482757,2,1770371161,0.7550585885151195,0.7561235512402911,0.7550585885151195,0.7550585885151195,1.0693201809937276,-0.35823005923902024,0.7550585885151195,-0.33019717891494005,0.0,,0.7550585885151195,-0.3861971819889402,0.7550585885151195,-0.9634931620503497,-0.9064931107962662,,1,0.9937008509467672,-0.4759530039421484,0.7550585885151195,0.5,9.999999,108.0,108.0,6.105824108168066e-05,9.999999,-1768695.0,,0.0,2.0
0x11943854ce828ebc615bf6ada1174384ca0e5316,0.34519323138767677,0.6468699,1,20.0,2,1770052332,0.7976570811535043,0.7987220438786758,0.7976570811535043,0.7976570811535043,1.1295635470195817,0.21873243157041325,0.7976570811535043,0.18579999819999993,0.0,,0.7976570811535043,0.10780006468002198,0.7976570811535043,-0.1889999958239999,-0.13500000180000027,,1,0.9937008509467672,-0.3890264373955265,0.7976570811535043,0.16351726717777237,4.999999,73020.0,73020.0,0.05035952368801096,5.727271909090909,-1376954.0,0.0,0.0,10.0
0x6f8f0988ca953b3fdf2c8d17aacc9e7404b56193,0.34422881883307066,0.64587176,1,529.9974179999999,4,1771405616,2.422421659337496e-06,2.457529219470936e-06,2.422421659337496e-06,2.422421659337496e-06,0.001419586668600915,-0.16200047324302108,2.422421659337496e-06,0.1660005106590335,0.0,164.99901068999583,0.10104045859212836,0.15800048636636058,0.2020784947625974,-1.0449999742906,-1.0279999736557999,,1,0.9937008509467672,-0.7579901504908805,2.422421659337496e-06,1.0,49.999999,134.0,134.0,4.78015223714692e-05,49.999999,-2803124.0,,0.0,1.0
0x4e62c32aa1331eb8b1e803267f0837291b44451e,0.3438830689922913,0.6455136,1,47.165338000000006,6,1772218235,8.486402456712154e-05,8.496639371617716e-05,8.486402456712154e-05,8.486402456712154e-05,0.008666222650381406,3.3152322911138494,8.486402456712154e-05,3.331733877170262,0.0,14.343237440000001,0.11016694263469293,3.305866001802712,0.22033388526938585,6.602024788169815,6.650457498988823,,1,0.9937008509467672,-0.9795452147433459,8.486402456712154e-05,0.5816939852554504,4.9849995,554.0,554.0,0.0001532131762225319,4.9849995,-3615323.0,,0.0,2.0
0xbf4bf1639dcd1dc0dc0776c9527b9b82105814f2,0.34220650440625694,0.6437744,1,17.999998,2,1769955108,0.6272630635617428,0.6283280262869143,0.6272630635617428,0.6272630635617428,0.8885900163940728,-0.5674585504455997,0.6272630635617428,-0.590549714294285,0.0,,0.6272630635617428,-0.6265497142942851,0.6272630635617428,-0.5584585504455992,-0.5524585504455992,,1,0.9937008509467672,-0.36251897256036797,0.6272630635617428,1.0,8.999999,420.0,420.0,0.0003104786545924968,8.999999,-1352330.0,0.0,0.0,1.0
0xf3b6aa9d7245a557ae600ae3f687efca7c6a4eec,0.3388945048370918,0.64032656,1,17.199998,4,1770922753,0.9148030035847847,0.9158679663099563,0.9148030035847847,0.9148030035847847,1.7248338887491361,-0.03799983433398392,0.9148030035847847,-0.1269995417745942,0.0,,0.9148030035847847,-0.15099954177459418,0.9148030035847847,0.5780001199941507,0.5930001199941508,,1,0.9937008509467672,-0.6263408252964927,0.9148030035847847,0.5,4.999999,668.0,668.0,0.00028788202008709723,4.999999,-2319727.0,0.0,0.0,2.0
0x6790521d43049871a294883b7bc50869282a482b,0.3382792367857048,0.63968426,1,348.4688,7,1772086990,0.9680511171809552,0.969116079906127,0.9680511171809552,0.9680511171809552,2.0895159798109244,7.3260000000000005,0.9680511171809552,1.39,0.0,,0.9680511171809552,1.3629999999999998,0.9680511171809552,7.299,7.3020000000000005,,1,0.9937008509467672,-0.9437621547757414,0.9680511171809552,0.7455663584787001,53.0265,4013408.0,4013408.0,1.1517451484116543,1445.124519590164,528776.0,0.0,0.3076923076923077,13.0
0x638439adb14f197e5ff06b8b2f36fb7c8d6200c8,0.3380335905682541,0.63942766,1,4.0,2,1771511654,0.7231096903914946,0.7241746531166661,0.7231096903914946,0.7231096903914946,1.0241376159644207,-0.8496407577789842,0.7231096903914946,-0.2862135864009957,0.0,,0.7231096903914946,-0.2732135864009957,0.7231096903914946,-0.45294173824159234,-0.45194173824159234,,1,0.9937008509467672,-0.7869006927046399,0.7231096903914946,0.4214875972952662,9.999999,3806.0,3806.0,0.0013082202704709318,7.333332666666667,-2905490.0,,0.0,3.0
0x388ea2314f77b2a3f63c2fef84176cd400532be0,0.3359924469773207,0.63729197,1,1960.368528,11,1771431790,4.0773220579809215e-06,4.084368198989227e-06,4.0773220579809215e-06,4.0773220579809215e-06,0.001587875415337153,-0.4529707432122612,4.0773220579809215e-06,-0.2664925350589329,0.0,396.5385426404148,0.07703502368980561,-0.2684925817318444,0.15406597005755324,-1.3089392759815182,-1.3029392091014433,,1,0.9937008509467672,-0.7651263142425822,4.0773220579809215e-06,0.6527732079501389,288.049999,5882.0,5882.0,0.002078862471337003,257.62599880000005,-2823550.0,,0.0,2.0
0x278c63f3e0048646bb151ab8fa30322bd2989817,0.3342359127902438,0.63544893,1,1312.8143270000003,16,1769458855,0.12639997824164745,0.1265664286331128,0.12639997824164745,0.12639997824164745,0.7424486090692046,2.7530631271724233,0.12639997824164745,1.246891874006709,0.0,-23.967162033333327,-0.009285682741250386,1.234400873780135,-0.018571884254014574,5.030861374313754,5.055816746426686,,3,0.9937008509467672,-0.2272189545931795,0.12639997824164745,0.2498129229622578,50.20544,606171.0,606171.0,0.7077327766472037,95.63624300000001,-250326.0,0.0,0.6666666666666666,6.0
0xf0a5e4b0a469b7cf9fd48cd2bab5efa0092ec4e2,0.33388613026794817,0.63508135,1,130.0,3,1771018055,0.30848420272469745,0.3088391902997547,0.30848420272469745,0.30848420272469745,0.5349251689676082,0.39733333333333326,0.30848420272469745,0.025999999999999992,0.0,17.0,0.323571174664628,-0.0006666668661057464,0.33865814660455856,0.41199980415998744,0.43899980415998746,,1,0.9937008509467672,-0.6523242698546293,0.30848420272469745,0.29852677587248033,8.1,361226.0,361226.0,0.14953282634370121,8.075,-2054471.0,,0.0,4.0
0xd898aa515f64bdc47d7c199c60e2d742c57b5905,0.3337107689451492,0.634897,1,55.2,3,1769425285,0.4675186363503182,0.46858359907548985,0.4675186363503182,0.4675186363503182,0.8076969116831603,-0.18790089297096332,0.4675186363503182,-0.1929009035741403,0.0,,0.4675186363503182,-0.19390090368877905,0.4675186363503182,-0.6800157174660989,-0.6940157156660988,,1,0.9937008509467672,-0.2180663215548734,0.4675186363503182,0.43517560893691787,43.3496,395187.0,395187.0,0.4802212103868265,37.93319983333334,-427740.0,,0.0,3.0
0xedab140913aaeeded982be42a7233488b95483bf,0.3330054234324394,0.634155,1,45.31818,2,1770757105,0.8296059770084593,0.8306709397336308,0.8296059770084593,0.8296059770084593,1.1747461088405045,-0.7109998901103266,0.8296059770084593,-0.363999894394327,0.0,,0.8296059770084593,-0.39399989011032677,0.8296059770084593,0.7260001098896733,0.7560001056056731,,1,0.9937008509467672,-0.581178020484776,0.8296059770084593,1.0,9.969999,326.0,326.0,0.00015129386419844186,9.969999,-2154421.0,,0.0,1.0
0x1cd6fb2cb6b407726cae0db48a60d2705625d4b0,0.3323682019853664,0.63348395,1,47.96875,2,1771498700,0.7231096903914946,0.7241746531166662,0.7231096903914946,0.7231096903914946,1.0241376159644207,-0.7371552820493108,0.7231096903914946,-0.28621359476099617,0.0,,0.7231096903914946,-0.284213583056995,0.7231096903914946,-0.729155324642587,-0.7281553330025881,,1,0.9937008509467672,-0.7833688723776152,0.7231096903914946,0.6293367677776667,10.1749995,1146.0,1146.0,0.0003956715056440158,10.1749995,-2895196.0,,0.0,2.0
0x14f742820b9c71f4221ee948ed4aba20cd7e232c,0.3320396425710343,0.6331377,1,25339.172458,64,1771136401,2.1971926152655314e-07,2.214610903255221e-07,2.1971926152655314e-07,2.1971926152655314e-07,0.00045815341053249395,3.4183318115987062,2.1971926152655314e-07,0.12222011030838795,0.0,4169.746417863335,0.11166285423723801,0.11043034841743829,0.22332548875521452,6.885250894486294,6.89759572245232,,3,0.9937008509467672,-0.6845905048725434,2.1971926152655314e-07,0.5918367399416911,34.999999,118.0,118.0,4.656590278854779e-05,34.999999,-2533925.0,,0.0,2.0
0x4c5f97b39e559b60936439f8f02d3b0facba0a09,0.3311536484060635,0.63220316,1,41.176469,2,1769889766,0.5207667775229391,0.5218317402481106,0.5207667775229391,0.5207667775229391,0.7379815243356321,-0.6379553285497185,0.5207667775229391,-0.43030354617078903,0.0,,0.5207667775229391,-0.42130354768198336,0.5207667775229391,-0.766237697997056,-0.7872376900808586,,1,0.9937008509467672,-0.3447039190009698,0.5207667775229391,0.7917898359420413,23.9087,272212.0,272212.0,0.21144190497495743,59.30289966666667,-1015196.0,,0.0,2.0
0xa07ec3de3b081fb620c61301051466f9bbc5aa1d,0.3306420581853948,0.63166296,1,96.59845799999998,8,1771452058,0.8319543472862598,0.8330193100114314,0.8319543472862598,0.8319543472862598,2.2022477576228376,-0.3133482265464617,0.8319543472862598,-0.38912027568590357,0.0,,0.8319543472862598,-0.38303450811411716,0.8319543472862598,2.5140106687221544,2.5150106682782623,,2,0.9937008509467672,-0.7706522471118221,0.8319543472862598,0.2599783040232758,4.999999,778.0,778.0,0.0002730111941607889,7.143332777777778,-2848922.0,,0.0,8.0
0x47d1f1bdf80e046175e144f0f4c50a2ba46c7eaa,0.3296632917710554,0.6306283,1,3.846152,2,1770069418,0.7870075978848182,0.7880725606099898,0.7870075978848182,0.7870075978848182,1.1145029033487406,0.2138597435259319,0.7870075978848182,-0.05485761883551751,0.0,,0.7870075978848182,-0.13885762279551767,0.7870075978848182,-0.40757500572197325,-0.35657498515696706,,1,0.9937008509467672,-0.3936848195251809,0.7870075978848182,0.5555554074072593,0.999998,7136.0,7136.0,0.004864150068845174,0.9999983333333334,-1459924.0,,0.0,2.0
0xa62550ce5877f2862fade9ad28f6cab6810b4b2d,0.32909550681412314,0.63002735,1,25.139998,2,1772208615,0.8402556010133289,0.8413205637385004,0.8402556010133289,0.8402556010133289,1.189806951542365,6.311000082546542,0.8402556010133289,6.345000084584728,0.0,,0.0,6.29800008440655,0.0,6.300000074446541,6.345000084584728,,1,0.9937008509467672,-0.976922386925994,0.8402556010133289,0.21915806658677803,10.0,420041.0,420041.0,0.11647561446674488,12.5139992,-3186216.0,0.0,0.0,5.0
0xe94ec1b8aafffdf9af354f05417c9fee2b8e4da8,0.32859009018993846,0.629492,1,1.999998,2,1771589690,0.7657083663845861,0.7667733291097576,0.7657083663845861,0.7657083663845861,1.084381241292988,-0.6909360483905009,0.7657083663845861,-0.616442351290418,0.0,,0.7657083663845861,-0.6094423485544178,0.7657083663845861,4.864799040508289,4.843799006412275,,1,0.9937008509467672,-0.8081766793527559,0.7657083663845861,1.0,0.999999,560.0,560.0,0.00018745824032949802,0.999999,-2986772.0,,0.0,1.0
0xa31286219fc961b4ede8288613d2789c5c24050d,0.3282047951921669,0.6290836,1,26.122447,2,1769067194,0.5420660283353713,0.5431309910605427,0.5420660283353713,0.5420660283353713,0.7681032137029598,0.36869971164594384,0.5420660283353713,0.2520816354342091,0.0,,0.5420660283353713,0.20108164028959474,0.5420660283353713,0.08146356062185944,0.13546355922247422,,1,0.9937008509467672,-0.12043523673747483,0.5420660283353713,0.8760351988386017,49.999999,1304213.0,1304213.0,2.805748694163103,38.55999920000001,839377.0,0.0,0.0,2.0
0xef175db0033c8537aa914c9a832219ef23a53525,0.32691878435346966,0.6277186,1,3134.3999999999996,4,1769572547,0.0,0.0,0.0,0.0,0.0,0.18792195907791076,0.0,0.012000005834627979,0.0,-32.649999999999984,-0.0026624068129289186,-0.0009999919453718455,-0.005324813625857837,-0.6054065174201502,-0.5774065339401615,,1,0.9937008509467672,-0.25821630804540163,0.0,1.0,783.6,84.0,84.0,8.658106822485104e-05,783.6,-970105.0,,0.0,1.0
0x5dd66d5e21b9a604467e5173eca51a00babcf9a0,0.3254347431267121,0.62614006,1,3.125,2,1771492402,0.7231096903914946,0.7241746531166661,0.7231096903914946,0.7231096903914946,1.0241376159644209,-0.7933980419227861,0.7231096903914946,-0.2862136009209999,0.0,,0.7231096903914946,-0.2862135864009949,0.7231096903914946,-0.6739126151260261,-0.6729126218823929,,1,0.9937008509467672,-0.7816517653512449,0.7231096903914946,0.37500000000003125,1.0,338.0,338.0,0.0001169532366981264,1.3333326666666667,-2889706.0,,0.0,3.0
0xb350e587f6b908a3a4ec5d0a8b8a210701749276,0.3238270679416778,0.62442577,1,69.829258,4,1771534558,0.7784969155229468,0.7795618782481181,0.7784969155229468,0.7784969155229468,1.3907331553463058,-0.5056578486396976,0.7784969155229468,-0.42556168247564435,0.0,,0.7784969155229468,-0.40815996158489126,0.7784969155229468,5.43373489892074,5.388634468144725,,1,0.9937008509467672,-0.7931453131130213,0.7784969155229468,0.5,19.999999,674.0,674.0,0.000229861537412182,19.999999,-2931526.0,,0.0,2.0
0x7e72f35100f4cafb1d9f52fd833e8c8de660cc9c,0.31794600363101333,0.6181164,1,525.698,3,1771951404,0.9011973208366414,0.902262283561813,0.9011973208366414,0.9011973208366414,1.515304219295581,0.40096151512697725,0.9011973208366414,-0.4234833019161921,0.0,,0.9011973208366414,-0.40503843312300974,0.9011973208366414,6.768653855625664,6.756505558187935,,1,0.9937008509467672,-0.9067955505716374,0.9011973208366414,1.0,99.0,450750.0,450750.0,0.1345905669853445,99.0,-2898296.0,,0.0,1.0
0xa95c827438ee860f28eef3351159b3f66dadae0c,0.3163919411038994,0.6164388,1,157.5,4,1772178689,0.0,0.0,0.0,0.0,0.0,3.7030000000000007,0.0,3.7194999794649872,0.0,71.505,0.12087326930697295,3.676,0.2417465386139459,7.364000000000001,7.4389999589299745,,1,0.9937008509467672,-0.9687632657968802,0.0,1.0,6.3,590.0,590.0,0.00016497354411546358,6.3,-3575741.0,,0.0,1.0
0x88f302b148b4cc8889d16f90b37ef9585016d8db,0.3126816611981097,0.6124156,1,3.8,2,1771967338,0.8615548446637983,0.86261980738897,0.8615548446637983,0.8615548446637983,1.2199286307811485,0.03599994007222746,0.8615548446637983,-0.6440000000000001,0.0,,0.8615548446637983,-0.6370000000000001,0.8615548446637983,6.470999999999999,6.468,,1,0.9937008509467672,-0.9111398477069478,0.8615548446637983,1.0,1.9,88.0,88.0,2.6151715611979864e-05,1.9,-3364892.0,,0.0,1.0
0x73975840e857d4efb730465e65d0b44bd67a1a58,0.30967534181214945,0.60913664,1,6.666665,2,1771962478,0.9041534734789977,0.9052184362041693,0.9041534734789977,0.9041534734789977,1.2801721893901006,0.0330009337502329,0.9041534734789977,-0.39999906624976656,0.0,,0.9041534734789977,-0.3849990662497666,0.9041534734789977,6.801000935068092,6.792000933750233,,1,0.9937008509467672,-0.909814801637059,0.9041534734789977,0.3333333333333333,0.999999,46.0,46.0,1.3689987262359677e-05,0.999999,-3360074.0,,0.0,3.0
0x80f78b247cdb9fca0f44e1db7d30c2ace3e084c9,0.3084520953779707,0.60779744,1,62.53799999999999,5,1771366165,0.0,0.0,0.0,0.0,0.0,0.3214999999999995,0.0,0.5260000000000001,0.0,16.778999999999996,0.10636315217651031,0.5200000000000001,0.21272630435302062,-0.8019999999999999,-0.7879999999999999,,1,0.9937008509467672,-0.7472341026507192,0.0,0.2621370978736423,3.5,532.0,532.0,0.0001924881151252602,3.6775,-2763275.0,0.0,0.0,4.0
0x31588e10003cc566f4cf025e267fa66dfeb99df1,0.30668866182087673,0.60586166,1,42.278,4,1769956874,0.6326535133416857,0.6337184760668576,0.6326535133416857,0.6326535133416857,1.2673472145278275,-0.5575724119613977,0.6326535133416857,-0.5090022567563416,0.0,,0.6326535133416857,-0.5457537484723674,0.6326535133416857,-0.5486928221307485,-0.5479413304147227,,1,0.9937008509467672,-0.36300046049440576,0.6326535133416857,0.3333333895550378,9.5243,7432.0,7432.0,0.005486830720345865,9.527066666666666,-1347084.0,,0.0,3.0
0xc320bbbab67d2f3d3cc96dabecb327137dc263de,0.30569776102554835,0.6047712,1,6.25,2,1771963158,0.8935037264189454,0.8945686891441169,0.8935037264189454,0.8935037264189454,1.2651111726619315,0.10999999897039972,0.8935037264189454,-0.47700000724200053,0.0,,0.8935037264189454,-0.4680000000000001,0.8935037264189454,6.721,6.714999992757999,,1,0.9937008509467672,-0.9100001990295538,0.8935037264189454,0.5000000003380177,0.9999739999999999,84.0,84.0,2.4994049035943822e-05,0.9999739999999999,-3360716.0,,0.0,2.0
0x44daadd91dac9161e12f379fc5d77732a3f727a2,0.3031191681204881,0.6019242,1,2891.4205250000005,10,1771337499,-3.498984409980657e-08,1.400363499294235e-07,-3.498984409980657e-08,-3.498984409980657e-08,0.0003309590459138509,0.13851655033948573,-3.498984409980657e-08,0.7268474085920303,0.0,-94.27057979804687,-0.01711808690452161,0.721302718232014,-0.034236138819199124,-1.1518725829732823,-1.1408725832163877,,2,0.9937008509467672,-0.7394185119841692,-3.498984409980657e-08,1.0,202.579999,396.0,396.0,0.00014478229824349092,202.579999,-2734745.0,,0.0,1.0
0xfde98572ec83a8cb913b571dc0c69bf68724e91f,0.30209848952795215,0.6007935,1,1062.468887,8,1771228831,0.902640144216829,0.9037051069420006,0.902640144216829,0.902640144216829,2.084726649178752,2.0708456531564967,0.902640144216829,0.33118242317139956,0.0,,0.902640144216829,0.3081493156527678,0.902640144216829,1.729076984287834,1.753844294737435,,2,0.9937008509467672,-0.7097909180906141,0.902640144216829,1.0,150.0,,,,150.0,,,0.0,1.0
0xbc36eaf39b1aab3314a07d5debcc9de7744cf977,0.30007000937986134,0.5985399,1,1.999998,2,1771639692,0.8083068617599137,0.8093718244850854,0.8083068617599137,0.8083068617599137,1.144624611189464,-0.3309988335995333,0.8083068617599137,-0.3269988335995333,0.0,,0.8083068617599137,-0.31399880479952175,0.8083068617599137,6.0780011952004775,6.065001166400466,,1,0.9937008509467672,-0.8218093858520523,0.8083068617599137,0.3333333333333333,0.999999,470.0,470.0,0.0001547409669137474,0.999999,-3036864.0,0.0,0.0,3.0
0xdf43b6f9cc4696f0447d62f6cb2eed705e921330,0.29872923201760426,0.59704554,1,832.4216200000001,14,1772234397,3.741241686751493e-07,3.817593557909687e-07,3.741241686751493e-07,3.741241686751493e-07,0.0001425762048700435,3.081515908581349,3.741241686751493e-07,3.0953237426137754,0.0,223.34432935,0.10265324740205016,3.084531595703746,0.20530649480410032,5.180086883518714,5.212268381048114,,2,0.9937008509467672,-0.983951674533787,3.741241686751493e-07,0.3098958777126837,4.999999,13722.0,13722.0,0.003778043132246102,4.363635727272728,-3618317.0,,0.0,7.0
0xeca48c68b7cc6cea3c04b472ea905e567b9ffda6,0.29842413339913687,0.59670496,1,120.0,3,1772234625,-0.003904863325629085,-0.004259850900686275,-0.003904863325629085,-0.003904863325629085,-0.007378278192656671,2.129999999931529,-0.003904863325629085,2.141666663350387,0.988,78.8,0.0660276889606372,2.131666666666667,0.13596024124690348,6.383999999519999,6.424999990051161,0.1573999999999999,1,0.9937008509467672,-0.9840138371889174,-0.003904863325629085,0.4564386182880102,5.5325,16984.0,16984.0,0.004675867715671783,7.444166555555556,-3615283.0,,0.0,3.0
0x35cf95cd34816e92ccaa19b544b4e878d1ac3d54,0.2978197520991312,0.5960297,1,180.58518400000003,6,1771521710,0.7763578305606161,0.7774227932857877,0.7763578305606161,0.7763578305606161,1.5977840974962754,-0.657500285645778,0.7763578305606161,-0.07827778592471912,0.0,,0.7763578305606161,-0.05327778519031913,0.7763578305606161,-0.7840559160687718,-0.7910559163977484,,1,0.9937008509467672,-0.7896423929677678,0.7763578305606161,0.2627824246504612,9.999999,496541.0,496541.0,0.1700860327908385,20.714284142857142,-2422811.0,,0.5,6.0
0x7abd6d44889f542e6ef6882c51bc3795f617099d,0.2974061241399565,0.5955671,1,540.132928,12,1771219989,0.7490644767098088,0.7501294394349802,0.7490644767098088,0.7490644767098088,2.2144415398503887,0.015195419364328708,0.7490644767098088,-0.13555454630200509,0.0,,0.7490644767098088,-0.14134574905138625,0.7490644767098088,-0.7196461479245114,-0.7106461473519298,,3,0.9937008509467672,-0.7073802067017341,0.7490644767098088,0.42234293295399616,2.9999975,119788.0,119788.0,0.04576198860725595,9.068744875,-2497843.0,,0.25,4.0
0x8a93d3eb0b85d59c05f4bc599c58e70666e13790,0.2973639325756897,0.5955199,1,3.999998,2,1771847274,0.8615549114369726,0.8626198741621441,0.8615549114369726,0.8615549114369726,1.2199287252126767,-0.8009974975599552,0.8615549114369726,-0.4049994921299138,0.0,,0.8615549114369726,-0.3969994795899117,0.8615549114369726,6.4710005078700865,6.467000507870086,,1,0.9937008509467672,-0.8784052116297603,0.8615549114369726,1.0,1.999999,1816.0,1816.0,0.0005596446872584683,1.999999,-3243100.0,,0.0,1.0
0x8f240557cc013e4ad1f54a5ddce076cce7fb41b8,0.2967081706030111,0.5947857,1,104.14,7,1771452188,0.7976570811535043,0.7987220438786758,0.7976570811535043,0.7976570811535043,1.8768600611998554,-0.6479999999999999,0.7976570811535043,0.07900000000000007,0.0,,0.7976570811535043,0.08300000000000007,0.7976570811535043,-1.4460000003134996,-1.4409999999999992,,1,0.9937008509467672,-0.7706876907309755,0.7976570811535043,0.5600813549405042,36.81,1993795.0,1993795.0,0.69961892463761,36.81,-856035.0,,0.0,2.0
0x2f428742a3989d687629b4fc00ba90614c1b1e5d,0.29592478325882976,0.59390736,1,179.999998,2,1771941936,0.882854100595463,0.8839190633206346,0.882854100595463,0.882854100595463,1.250050327388164,0.49200001113122205,0.882854100595463,-0.48399998826699847,0.0,,0.882854100595463,-0.470999988868778,0.882854100595463,6.641000011131222,6.628000011733001,,1,0.9937008509467672,-0.9042141645243725,0.882854100595463,0.7011317346726904,4.999999,7186.0,7186.0,0.0021517688761873506,15.428570714285714,-3332392.0,,0.14285714285714285,7.0
0x23a88131f71882704072ad9a3c8d2d8df6168067,0.29539422357264356,0.5933117,1,525.70875,5,1771232859,0.8956967314609336,0.8967616941861053,0.8956967314609336,0.8956967314609336,1.8843256834301827,1.3210916507739805,0.8956967314609336,0.2750916895939848,0.0,,0.8956967314609336,0.2536797519866056,0.8956967314609336,-0.14346396802659322,-0.12198158405715857,,1,0.9937008509467672,-0.7108891249979211,0.8956967314609336,0.288735550720145,34.847058000000004,2503867.0,2503867.0,0.9518593606313018,48.358109000000006,-126634.0,,0.25,4.0
0x6b9dab9e36fed5ff2b2c6cdba758ce0dc0969d4f,0.2909518679367735,0.5882999,1,4.0,2,1771946062,0.8935037264189454,0.8945686891441169,0.8935037264189454,0.8935037264189454,1.2651111726619315,0.8920000000000001,0.8935037264189454,-0.48299999982599995,0.0,,0.8935037264189454,-0.46799999999999997,0.8935037264189454,6.721,6.709000000174,,1,0.9937008509467672,-0.9053390904676567,0.8935037264189454,0.38888892592596297,2.0,868.0,868.0,0.0002595923562612002,1.9999993333333332,-3342836.0,,0.0,3.0
0x6d686f4592bf8cd9b4d714208def9ab4b396549c,0.29010919670146856,0.5873441,1,966.6633320000001,6,1772220355,2.966029844400298e-06,3.010079792498737e-06,2.966029844400298e-06,2.966029844400298e-06,0.0016212990728608002,3.2775113037679597,2.966029844400298e-06,3.296070191267937,0.0,390.53064075999475,0.10756086469791806,3.270011277758905,0.21512172939583613,6.544000010316953,6.592117657630517,,1,0.9937008509467672,-0.9801232183787707,2.966029844400298e-06,0.56543538945838,86.999999,422885.0,422885.0,0.11688373428723131,90.87499966666667,-3195112.0,0.0,0.0,2.0
0xabec69165993508df81963698f2ece45a3747471,0.289882523986394,0.58708674,1,2.3982310000000004,3,1770463073,0.8083067041422268,0.8093716668673985,0.8083067041422268,0.8083067041422268,1.3524626506127038,0.08392889821492408,0.8083067041422268,-0.023633800724899352,0.0,,0.8083067041422268,-0.1131863407097211,0.8083067041422268,-0.762333405501395,-0.6713335047668494,,1,0.9937008509467672,-0.501012187970054,0.8083067041422268,0.25575263728822484,4.225,400133.0,400133.0,0.215042604590171,4.76474975,-1460582.0,,0.0,7.0
0x4a1cc7347fdcb31862f975a97b00f1af7277d5eb,0.28983660377534937,0.5870346,1,199.999998,3,1772209205,0.8402555918376833,0.8413205545628547,0.8402555918376833,0.8402555918376833,1.413624543684508,6.3110000127575,0.8402555918376833,6.3450000130725,0.0,,0.0,6.2980000127575,0.0,6.30100001966223,6.345000020147718,,1,0.9937008509467672,-0.9770832464283056,0.8402555918376833,0.5403822820311278,19.999999,900612.0,900612.0,0.24969509380353533,49.087120642857144,-2706235.0,0.0,0.16666666666666666,12.0
0x89423ee8685117387396c43f880a76322aeac162,0.2886270731208137,0.5856591,1,5.75,2,1770742149,0.80830670840522,0.8093716711303915,0.80830670840522,0.80830670840522,1.144624394313176,-1.0409999976185542,0.80830670840522,-0.5359999918399987,0.0,,0.80830670840522,-0.5599999978112,0.80830670840522,0.6389999999999997,0.664000008160001,,1,0.9937008509467672,-0.5771003684227889,0.80830670840522,1.0,1.38,8508.0,8508.0,0.003976089253576634,1.38,-2131283.0,,0.0,1.0
0xfb89bd7216566188aeb5b4ed9f99a6652f226598,0.2886270731208137,0.5856591,1,6.625,2,1770741707,0.80830670840522,0.8093716711303915,0.80830670840522,0.80830670840522,1.1446243943131762,-1.040999998819018,0.80830670840522,-0.45599999307476136,0.0,,0.80830670840522,-0.47999980059453784,0.80830670840522,0.6389999999999996,0.6640000081600009,,1,0.9937008509467672,-0.5769798601176673,0.80830670840522,1.0,1.59,14166.0,14166.0,0.0066216405083976485,1.59,-2125183.0,,0.0,1.0
0xde574a2fa286377df1b165f971b409cbf0b2c513,0.2886270731208137,0.5856591,1,8.041665,2,1770741705,0.8083067878635952,0.8093717505887668,0.8083067878635952,0.8083067878635952,1.1446245066842882,-1.0409993944665614,0.8083067878635952,-0.4559993738000217,0.0,,0.8083067878635952,-0.47999918131979835,0.8083067878635952,0.6390006043524563,0.6640006274347405,,1,0.9937008509467672,-0.5769793148312189,0.8083067878635952,1.0,1.929999,34254.0,34254.0,0.01601142778614222,1.929999,-2105093.0,,0.0,1.0
0x2d46bb72670844ec84d0a5e2993ab07393105deb,0.2884801551074015,0.5854918,1,39.999998,2,1772208999,0.8402555984351275,0.8413205611602991,0.8402555984351275,0.8402555984351275,1.1898069478962379,6.311000062937001,0.8402555984351275,6.348000064491001,0.0,,0.0,6.298000062937001,0.0,6.302000062937001,6.348000064491001,,1,0.9937008509467672,-0.9770270819241087,0.8402555984351275,0.4668546882469915,12.499998999999999,1128738.0,1128738.0,0.3129610072086465,15.509134249999999,-2477903.0,,0.3333333333333333,3.0
0xdcf00473f43a6e446196785e7750e90d627a6515,0.28791352219545974,0.584846,1,15.1165,3,1771253111,0.2907348239718381,0.2910898115468952,0.2907348239718381,0.2907348239718381,0.5041823431648721,0.2696666657386366,0.2907348239718381,0.0859999985600001,0.0,0.06170000000000005,0.29162229290948105,0.08000000003269118,0.292509761847124,-0.6429999999999995,-0.6220000043199996,0.004282578353171097,1,0.9937008509467672,-0.7412468574460364,0.2907348239718381,0.3182472291251007,2.842709,144560.0,144560.0,0.05453544709748513,3.8814642888888877,-2506193.0,,0.16666666666666666,12.0
0xc7e64e448bbbae6d04d830eb0a7f1b8ba6465335,0.287058034011448,0.58386964,1,2.380951,2,1769946066,0.6166136057338714,0.6176785684590431,0.6166136057338714,0.6166136057338714,0.8735294087019768,-0.665038702884374,0.6166136057338714,-0.5705608708970835,0.0,,0.6166136057338714,-0.6095608708970836,0.6166136057338714,-0.5090830389097931,-0.4970830389097931,,1,0.9937008509467672,-0.3600537325266366,0.6166136057338714,0.5,0.999999,6496.0,6496.0,0.004834383660735814,0.999999,-1337212.0,,0.0,2.0
0x28c6e93d8d7c1c843934adf1484783d6028b9c6e,0.28627699086195396,0.5829767,1,95.238094,2,1770801297,0.8402555984351275,0.8413205611602991,0.8402555984351275,0.8402555984351275,1.1898069478962379,-0.46500012750900666,0.8402555984351275,-0.3079936939023831,0.0,,0.8402555984351275,-0.3139936939023831,0.8402555984351275,0.4090000918510525,0.4120000644910011,,1,0.9937008509467672,-0.5932266698511395,0.8402555984351275,0.30029154530850244,9.999999,47520.0,47520.0,0.021610422117211984,9.799999399999999,-2151419.0,,0.0,4.0
0xa7fc8e8cb58fa1bce3d1898760f731f9207f352f,0.285083574687515,0.5816095,1,500.0,3,1771272279,0.8509052174120827,0.8519701801372543,0.8509052174120827,0.8509052174120827,1.4218795836302895,0.41500000000000015,0.8509052174120827,0.08300000237000695,0.0,,0.8509052174120827,0.07599999999999986,0.8509052174120827,-0.6469999999999998,-0.6369999976299927,,1,0.9937008509467672,-0.7216367208981304,0.8509052174120827,0.5020371215915549,86.999999,2309555.0,2309555.0,0.8650274671048319,62.666666,-360366.0,,0.0,2.0
0xcff68b78c6c7d60267a961660d74c0391ca20f2f,0.28215261283355114,0.578237,1,9.999998,2,1771959668,0.9041533792297675,0.9052183419549391,0.9041533792297675,0.9041533792297675,1.280172056101561,0.35600018964200725,0.9041533792297675,-0.3969997143999895,0.0,,0.9041533792297675,-0.3849997143999895,0.9041533792297675,6.804000199200008,6.7950001992000075,,1,0.9937008509467672,-0.9090486741768969,0.9041533792297675,0.5555555703703732,7.499999000000001,300.0,300.0,8.935725327717726e-05,7.499999000000001,-3357010.0,,0.0,2.0
0xfb9944072f14fa97051ec6407717ce53b3dc4ced,0.2819633417991022,0.5780185,1,427.837036,7,1771411874,0.776357828404554,0.7774227911297253,0.776357828404554,0.776357828404554,1.7637544398676597,-0.5089446697366034,0.776357828404554,-0.0009999910221137726,0.0,,0.776357828404554,-0.006999988092536184,0.776357828404554,-1.3632784086620016,-1.3552784125755795,,1,0.9937008509467672,-0.7596963517882805,0.776357828404554,0.44236318404619723,99.999999,2144130.0,2144130.0,0.7631670365998984,77.919999,-665386.0,,0.0,3.0
0x918628150136edd43be507c1b18c122d0960fad1,0.2798952457451542,0.57562506,1,72.76521600000001,5,1771874112,0.8243117965576212,0.8253767592827929,0.8243117965576212,0.8243117965576212,1.6725154800074766,-0.6032669116187055,0.8243117965576212,-0.28926689989214127,0.0,,0.8243117965576212,-0.28426689989214127,0.8243117965576212,6.205746649346573,6.198746649346572,,1,0.9937008509467672,-0.8857224104823685,0.8243117965576212,1.0,16.999999,270.0,270.0,8.25245418818163e-05,16.999999,-3271484.0,,0.0,1.0
0xc4e969c21646cf19e83c28d36c0441ef55595fec,0.27826231097669196,0.5737276,1,1414.6656730000002,14,1771923462,0.1748421797788689,0.17505187451449933,0.1748421797788689,0.1748421797788689,0.6441618823514611,0.1014834773014891,0.1748421797788689,-0.3373159039768973,0.0,-22.368608765000015,0.1711130002795413,-0.32959987345395086,0.16738382078021366,6.565700005125452,6.555400004935278,,1,0.9937008509467672,-0.8991773535994495,0.1748421797788689,0.3333333333333333,99.999999,500.0,500.0,0.0001505523464486508,99.99999933333334,-3320604.0,0.0,0.0,3.0
0x2f61585dc611d078c03161da47f988a2305d4e36,0.2776765154512034,0.57304525,1,2.659998,2,1770882499,0.8722045670415322,0.8732695297667038,0.8722045670415322,0.8722045670415322,1.2349896126032476,-0.29299942885636027,0.8722045670415322,-0.5329992586163517,0.0,,0.8722045670415322,-0.5569992586163516,0.8722045670415322,0.6490004585036299,0.6670004585036299,,1,0.9937008509467672,-0.6153658449472531,0.8722045670415322,1.0,1.329999,163626.0,163626.0,0.0717613516006247,1.329999,-2116515.0,,0.0,1.0
0xf05b0294494ab1718e0f4a6604929c9883a26b51,0.2776765154512034,0.57304525,1,3.479998,2,1770881281,0.8722045490335177,0.8732695117586895,0.8722045490335177,0.8722045490335177,1.2349895871360694,-0.2929995692054224,0.8722045490335177,-0.5269947397791386,0.0,,0.8722045490335177,-0.55699473623913,0.8722045490335177,0.6490006010345863,0.6730005610145646,,1,0.9937008509467672,-0.6150337655001081,0.8722045490335177,1.0,1.739999,162434.0,162434.0,0.07127665129537067,1.739999,-2116489.0,,0.0,1.0
0xa7bcc8eff9f0e29ef19becad163a70520a0290e9,0.2776765154512034,0.57304525,1,2.419998,2,1770882513,0.872204595486418,0.8732695582115896,0.872204595486418,0.872204595486418,1.234989652830391,-0.2929992071654533,0.872204595486418,-0.5329990369254446,0.0,,0.872204595486418,-0.5569990369254446,0.872204595486418,0.6490006801945369,0.667000680194537,,1,0.9937008509467672,-0.6153696619523926,0.872204595486418,1.0,1.209999,149490.0,149490.0,0.06556133245327621,1.209999,-2130665.0,,0.0,1.0
0x01e28eb294b1d4730f0ee1ebe27c50df6cba73a5,0.275335803022648,0.5703098,1,74.074073,2,1770661775,0.7763578368577408,0.7774227995829124,0.7763578368577408,0.7763578368577408,1.0994418668682155,-0.7870558856112913,0.7763578368577408,-0.3741263957308846,0.0,,0.7763578368577408,-0.43266681956136477,0.7763578368577408,-0.43266681956136477,-0.3741263957308846,,1,0.9937008509467672,-0.5551869419163602,0.7763578368577408,0.25336247642656606,19.999999,14718.0,14718.0,0.007146682774785291,17.148199400000003,-2044699.0,,0.25,4.0
0x24a7ecec8cd1cd614346d8e8ee932921e4358bca,0.2747422399848984,0.5696139,1,1295.0751699999998,24,1770604415,0.07304900058693449,0.07315052366788073,0.07304900058693449,0.07304900058693449,0.3378041246976828,-0.04592499582577421,0.07304900058693449,-0.056336054519926265,0.0,1.1380794829438754,0.07508999546472517,-0.05583866613279949,0.07713099034251585,5.015973144628747,5.017973140760765,0.21742944021228733,3,0.9937008509467672,-0.5408104647012907,0.07304900058693449,0.42222290558878506,34.0,60742.0,60742.0,0.030339795520307362,56.72258102304147,-1941315.0,,0.0,4.0
0xd1c2a73afaf6c6254f7eff2a4137115936f23cd9,0.2739894866823746,0.56872994,1,5.0,2,1770819043,0.8509052174120826,0.8519701801372543,0.8509052174120826,0.8509052174120826,1.2048677834875539,-0.46499999999999975,0.8509052174120826,-0.46800016932800803,0.0,,0.8509052174120826,-0.474000170240008,0.8509052174120826,0.4920000000000002,0.49200000091200025,,1,0.9937008509467672,-0.5980649965088035,0.8509052174120826,0.47089915847809094,1.3,98888.0,98888.0,0.044610758858385384,2.099998,-2117797.0,,0.0,3.0
0x3d3d4485448b762c878259b9adad00f0e1e1d722,0.2723689296112642,0.5668218,1,288.968998,7,1772179847,1.2999867948316506e-05,1.501708883684838e-05,1.2999867948316506e-05,1.2999867948316506e-05,0.003273387954509593,2.8851984378159097,1.2999867948316506e-05,2.889040625707986,0.0,78.23600051999999,0.09647599672601542,2.8676980711390563,0.19295199345203085,5.047417780575374,5.082217780575374,,1,0.9937008509467672,-0.9690789866505698,1.2999867948316506e-05,0.49796985575966407,5.454000000000001,129219.0,129219.0,0.03612002720343794,6.988866166666668,-3448270.0,,0.0,3.0
0xc05571ea125790f6e7656c11c52cd77fbdd146c9,0.2723373001860234,0.5667845,1,38.09,2,1771034059,0.9254526081740925,0.9265175708992639,0.9254526081740925,0.9254526081740925,1.3102937145427147,0.5900000000000002,0.9254526081740925,0.04500007725361617,0.0,,0.9254526081740925,-0.0009999270594023709,0.9254526081740925,0.5599999999999997,0.6049999997311998,,1,0.9937008509467672,-0.6566876520156377,0.9254526081740925,0.20000002999729366,4.9517,939107.0,939107.0,0.38619345059281546,4.952260000000001,-1492594.0,,0.0,5.0
0x4ae49248fbbb6b7de3a3b7c67c6985c4ae1883df,0.2716228160353574,0.5659409,1,45.99999600000001,6,1769910676,0.5901902991459315,0.5912552618711031,0.5901902991459315,0.5901902991459315,1.4128905519176091,-0.6037691371722147,0.5901902991459315,-0.45483398231454253,0.0,,0.5901902991459315,-0.47014530926009684,0.5901902991459315,-0.6214360226265839,-0.6114360210625841,,1,0.9937008509467672,-0.3504048888201828,0.5901902991459315,0.35515404848359566,7.279999999999999,278164.0,278164.0,0.21261191850910865,16.68249975,-1030154.0,,0.0,5.0
0xb4563ca2e7ce942547e404853914c73aef277de0,0.27105154181256924,0.5652654,1,2.399998,2,1770881287,0.872204583736628,0.8732695464617998,0.872204583736628,0.872204583736628,1.234989636213679,-0.2929992987397909,0.872204583736628,-0.526994469313507,0.0,,0.872204583736628,-0.5569944657734985,0.872204583736628,0.6490008715002178,0.6730008314801962,,1,0.9937008509467672,-0.6150354013594537,0.872204583736628,1.0,1.199999,145568.0,145568.0,0.06387561876653464,1.199999,-2133361.0,0.0,0.0,1.0
0x6a4b4589feb02b6044a8402c3af0536963f08e59,0.27017772226496733,0.56423044,1,79.52343,12,1772214843,2.3878388491379302e-05,2.4237461987566467e-05,2.3878388491379302e-05,2.3878388491379302e-05,0.004572495560365359,3.227159048842965,2.3878388491379302e-05,3.2468845130923665,0.0,4.6031430571178715,0.04582567608041545,3.2207881922762214,0.0916513521608309,6.4435308341115745,6.493391677537691,,1,0.9937008509467672,-0.9786204089266664,2.3878388491379302e-05,0.6405128005777208,4.999999,126657.0,126657.0,0.035060906827294784,4.544199428571428,-3485828.0,,0.0,3.0
0x0d84e7dc6e2f664f916b339c2281a8087223f20d,0.2698711695651549,0.56386685,1,68.076391,5,1772230925,0.00013255629416277284,0.00013289705583247667,0.00013255629416277284,0.00013255629416277284,0.010506841782539753,3.113998231907037,0.00013255629416277284,3.1270003322271758,0.0,11.784107079867761,0.10355105911768778,3.1149983918946416,0.20710211823537555,6.220000220968017,6.253000261924035,,1,0.9937008509467672,-0.9830050572591668,0.00013255629416277284,0.3638734812031321,2.7220995,27602.0,27602.0,0.007606859677663386,3.1372123999999997,-3600965.0,,0.25,4.0
0x4c3ea2e8414e07449c2c355396d2baab7587403a,0.2694047263390092,0.5633131,1,99.999998,5,1772204323,0.8083067118812582,0.8093716746064298,0.8083067118812582,0.8083067118812582,1.7025957620288963,6.0680000264384,0.8083067118812582,6.099000027091201,0.0,,0.0,6.056000026438401,0.0,6.056000046758382,6.099000047912909,,1,0.9937008509467672,-0.9757522022074832,0.8083067118812582,0.441186675803654,84.999999,3459537.0,3459537.0,0.960458249871945,185.49999925,-142428.0,,0.0,6.0
0x673942e2a9d440427ed994587feb0b22c255f142,0.2689490684971191,0.5627716,1,1.5,2,1771425712,0.6911608086363475,0.6922257713615189,0.6911608086363475,0.6911608086363475,0.9789550740836372,-0.8390069903077021,0.6911608086363475,-0.3973562307330363,0.0,,0.6911608086363475,-0.4003562307330364,0.6911608086363475,-1.3199522814599969,-1.3149522787239967,,1,0.9937008509467672,-0.7634691887255484,0.6911608086363475,0.8748499213229967,1.7,283479.0,283479.0,0.10040505016374142,1.287076923076923,-2539875.0,0.0,1.0,3.0
0x2972d5ec954fc7cdd4f72d27cc2fdf5bbe02d3ae,0.2667241224141972,0.5601191,1,9.450000000000001,4,1771873584,0.840255590160367,0.8413205528855385,0.840255590160367,0.840255590160367,1.4175955613207203,-0.4980001088694245,0.840255590160367,-0.1680000000000004,0.0,,0.840255590160367,-0.16202222222222262,0.840255590160367,6.311,6.304,,1,0.9937008509467672,-0.8855784548599609,0.840255590160367,1.0,1.05,202.0,202.0,6.175054857108619e-05,1.05,-3271024.0,0.0,0.0,1.0
0x8d557ae2a09f2e2bcfd8bb7b96cb7aa8bd9ab542,0.26645369344703096,0.55979574,1,8.85714,2,1768837886,0.46751868444542455,0.46858364717059614,0.46751868444542455,0.46751868444542455,0.6626773489349063,-0.21162611462632783,0.46751868444542455,-0.2832138593453924,0.0,,0.46751868444542455,-0.3132138666200971,0.46751868444542455,-0.19690079789035417,-0.16390079048716594,,1,0.9937008509467672,-0.05791596426956017,0.46751868444542455,0.540705465200486,9.999999,280.0,280.0,0.0011888183145952922,16.653332000000002,-235248.0,,0.0,3.0
0xad601c783dc9732b321567465dd3f0adc9630852,0.2660868873975326,0.5593568,1,9.999998,2,1772204751,0.818956368479089,0.8200213312042605,0.818956368479089,0.818956368479089,1.159685288024305,6.150000249484516,0.818956368479089,6.182000255806017,0.0,,0.0,6.1360002496420165,0.0,6.13889774246385,6.182000255806017,,1,0.9937008509467672,-0.9758688935074651,0.818956368479089,0.09213192680500365,2.0,2210.0,2210.0,0.0006134810943725463,2.7627288823529415,-3600183.0,,0.0,14.0
0x61bde54f0ce980072c5630753c170e4d5710c3c8,0.26376149982119207,0.55656517,1,451.07692199999997,2,1771191071,0.9254526102044954,0.926517572929667,0.9254526102044954,0.9254526102044954,1.3102937174141382,2.270000015824352,0.9254526102044954,0.43600001582435166,0.0,,0.9254526102044954,0.4000000158243517,0.9254526102044954,0.560000018434357,0.5960000158243518,,1,0.9937008509467672,-0.6994959099426713,0.9254526102044954,0.5521983237203234,44.319999,2944478.0,2944478.0,1.137429294015984,44.319999,355765.0,,0.0,2.0
0xe027ea96294947546250fbe4fe9856eb4a8b5d7f,0.26201337160224325,0.5544561,1,1.999998,2,1771484814,0.7018106169318169,0.7028755796569887,0.7018106169318169,0.7018106169318169,0.994016177411764,-0.8280518961723115,0.7018106169318169,-0.36608471510614643,0.0,,0.7018106169318169,-0.34708468110612944,0.7018106169318169,-0.7201702998390217,-0.7191702998390217,,1,0.9937008509467672,-0.7795829485655831,0.7018106169318169,0.4137372354356332,1.9,113699.0,113699.0,0.039445181470246206,2.1499996666666665,-2768757.0,,0.3333333333333333,3.0
0x9f7ae4c8b4c22e6cab5afcd7e26c3e9e383199df,0.26159568111261616,0.55395085,1,95.238094,2,1771647398,0.8402555984351275,0.8413205611602991,0.8402555984351275,0.8402555984351275,1.1898069478962379,-0.08799993702796108,0.8402555984351275,-0.16699991896875688,0.0,,0.8402555984351275,-0.14499991741475685,0.8402555984351275,6.3330000712674765,6.305000062937001,,1,0.9937008509467672,-0.8239103745381765,0.8402555984351275,0.33351436555785835,19.999999,80070.0,80070.0,0.026295221080839662,20.329999,-2964970.0,0.0,0.0,3.0
0x9d902c66ab5554d6b9482f1f05801b941d238568,0.2612107939195272,0.5534848,1,6.736841,2,1771326815,0.8615549695473385,0.86261993227251,0.8615549695473385,0.8615549695473385,1.2199288073931445,0.5660009733048468,0.8615549695473385,1.532000973304847,0.0,,0.8615549695473385,1.5190009514917198,0.8615549695473385,-0.7259990499742816,-0.7079990266951528,,1,0.9937008509467672,-0.7365055917762079,0.8615549695473385,0.04235023351771236,1.289999,88358.0,88358.0,0.03243141660888757,1.4705487037037035,-2636099.0,,0.0,27.0
0x1b401640c9390a5ba777f75dca2c6faa62d30867,0.26088595076102467,0.5530911,1,62.5,3,1771498592,0.7231096903914945,0.7241746531166661,0.7231096903914945,0.7231096903914945,1.1162054866793056,-0.7371552820493108,0.7231096903914945,-0.3414563120411953,0.0,,0.7231096903914945,-0.3394563003371941,0.7231096903914945,-0.7843980419227864,-0.7833980502827874,,1,0.9937008509467672,-0.7833394269093955,0.7231096903914945,0.3333333333333335,19.999999,261685.0,261685.0,0.09035354187541476,19.99999933333333,-2634549.0,0.0,0.0,3.0
0xba140e440891658a3f0e139cb605ece7516962b6,0.2608267153731327,0.5530193,1,26.315787999999998,2,1771971332,0.86155487380118,0.8626198365263518,0.86155487380118,0.86155487380118,1.2199286719876288,-0.11499977250583374,0.86155487380118,-0.7229770672625704,0.0,,0.86155487380118,-0.7209997914748996,0.86155487380118,6.472000227088012,6.469022932737429,,1,0.9937008509467672,-0.9122287847446301,0.86155487380118,0.5555555703703732,7.499999000000001,1118.0,1118.0,0.00033185177445714927,7.499999000000001,-3367856.0,,0.0,2.0
0x6fdfe818a9f7aaf82a684d98bb49716297e2abd3,0.26082533905265914,0.5530176,1,870.539998,4,1772211769,3.7415397818630112e-06,3.7463427854273486e-06,3.7415397818630112e-06,3.7415397818630112e-06,0.0017640799397046097,3.1150140531349195,3.7415397818630112e-06,3.1325141321694487,0.0,470.936660659994,0.10370027781644006,3.1090140260747967,0.20740055563288012,6.220000008843007,6.265000009061353,,1,0.9937008509467672,-0.9777823036553004,3.7415397818630112e-06,0.5483686393074176,37.8945,680413.0,680413.0,0.1885108124289531,67.63149966666667,-2928998.0,0.0,0.5,2.0
0x7a7d1992c2dc3fbffcbef26eaa683bb6b06c7e77,0.2600037301970694,0.5520203,1,1164.9041320000001,11,1771408890,0.8536303086740733,0.854695271399245,0.8536303086740733,0.8536303086740733,2.0245537242911817,-0.0417947429376965,0.8536303086740733,0.08476896357253878,0.0,,0.8536303086740733,0.08785671869691165,0.8536303086740733,0.20169693455288237,0.2045828296149882,,2,0.9937008509467672,-0.7588827844070978,0.8536303086740733,0.14336436058890517,40.0,10164.0,10164.0,0.0036215514378599638,42.111110555555555,-2796368.0,,0.0,9.0
0xc141252605763aa778858ca2e49f4c60b1b3e0ce,0.2587745665751552,0.5505245,1,9052.655806,11,1771517632,-5.944235164606905e-08,5.42411459650145e-07,-5.944235164606905e-08,-5.944235164606905e-08,0.0006493712574620655,-0.36438930909917006,-5.944235164606905e-08,-0.03863893167003497,0.0,-121.89388553714298,-0.01070076126514302,-0.029638925774013197,-0.02140146308793439,-0.7167781099196737,-0.7187781091296712,,1,0.9937008509467672,-0.788530553899248,-5.944235164606905e-08,0.5586709299699373,1433.28,4158.0,4158.0,0.0014262810288158162,1453.0933329999998,-2911116.0,,0.0,2.0
0xa9cf04e09cf187c00f1f84ca2ad20e49c2568af2,0.25831758615913597,0.54996717,1,9.0,3,1771822760,0.28008519672012233,0.28044018429517953,0.28008519672012233,0.28008519672012233,0.48573664768323055,2.103666666666667,0.28008519672012233,2.116,0.0,-0.05000000000000032,-0.000887468937642979,2.099333333953336,-0.001774937875285958,6.299999999622857,6.348,-1.1166364462639575,1,0.9937008509467672,-0.9767784313035863,0.28008519672012233,0.30614786899833335,2.6,164010.0,164010.0,0.05092842446377813,2.828888888888889,-3056392.0,,0.0,5.0
0x377be94bfd0c77ba024bcc03817c1fad75e0de54,0.25707112764787016,0.5484438,1,9.999998,2,1771852078,0.8615548738011801,0.8626198365263518,0.8615548738011801,0.8615548738011801,1.219928671987629,-0.6400000287696658,0.8615548738011801,-0.40599901382053094,0.0,,0.8615548738011801,-0.3999990849086164,0.8615548738011801,6.470000221616012,6.466000298176098,,1,0.9937008509467672,-0.8797149896790908,0.8615548738011801,1.0,4.999999,678.0,678.0,0.0002086333591817141,4.999999,-3249042.0,0.0,0.0,1.0
0xf4721ff3e277b194c5421d90a25cf584900687c0,0.25410345785190663,0.54479724,1,104.308471,9,1772199455,0.781647256635734,0.7827122193609053,0.781647256635734,0.781647256635734,2.1038878697541668,5.373332537314408,0.781647256635734,5.395325892266771,0.0,,0.0,5.360332537314408,0.0,5.4515716986246225,5.485608729354453,,1,0.9937008509467672,-0.9744249749918003,0.781647256635734,0.2412198509239025,29.999999,2592304.0,2592304.0,0.7206655811616979,45.67857071428572,-1004793.0,,0.0,5.0
0xbd479e85e5759762bf1ed00530d0070d2b88dfc0,0.2539843602779995,0.5446503,1,227.272726,2,1771914748,0.8296059662824532,0.8306709290076248,0.8296059662824532,0.8296059662824532,1.1747460936716414,-1.2019999743392,0.8296059662824532,-0.8889999743392,0.0,,0.8296059662824532,-0.8769999737056,0.8296059662824532,6.229000027664925,6.2230000256608,,1,0.9937008509467672,-0.8968015405432743,0.8296059662824532,0.17454601819323176,36.959999499999995,560.0,560.0,0.00016906221791516095,37.3199995,-3311830.0,,0.0,6.0
0x95af9fcd47b7abf6772e077ba35d9599e1fdabab,0.25384207127617064,0.5444747,1,2.0,3,1772137558,0.966676407218026,0.9677413699431976,0.966676407218026,0.966676407218026,1.5673090944249486,7.31828591858252,0.966676407218026,0.671286016452564,0.0,,0.966676407218026,0.6352860164525641,0.966676407218026,7.24976197431684,7.28276197431684,,1,0.9937008509467672,-0.9575491773399673,0.966676407218026,0.04109678498434863,1.0,16308.0,16308.0,0.004613034623217923,1.9143327938931298,-3518892.0,,0.18518518518518517,54.0
0x539ffc6a49423a39ccf6538a13520ed2100d53a9,0.2524086054078574,0.5427021,1,152.173912,3,1771402650,0.8189563409756637,0.8200213037008354,0.8189563409756637,0.8189563409756637,1.3894093458710863,-0.16399997227556395,0.8189563409756637,0.48900008307766063,0.0,,0.8189563409756637,0.47600004045371386,0.8189563409756637,-0.8849999471854278,-0.8709999042562746,,1,0.9937008509467672,-0.7571814906877343,0.8189563409756637,0.23905305370205032,10.0,2156556.0,2156556.0,0.7701182590958372,15.142856428571429,-643736.0,,0.16666666666666666,6.0
0xf0ca68026c0af1e669b47ba31b08ffff98c8cd2f,0.25165384033195165,0.54176605,1,109.319998,4,1772242297,0.8189563384596796,0.8200213011848512,0.8189563384596796,0.8189563384596796,1.4337180114746157,6.14700002131739,0.8189563384596796,6.167000021843745,0.0,,0.0,6.149516663145507,0.0,6.141000012117084,6.167000012416271,,1,0.9937008509467672,-0.9861055560054168,0.8189563384596796,0.419563342577685,53.307,2667078.0,2667078.0,0.732726015463446,38.1533996,-972861.0,,0.0,4.0
0x2e282b644030958e3a0fe8f9ed52291690081027,0.2512474258394132,0.54126126,1,17.241378,2,1770143684,0.7550586104427042,0.7561235731678756,0.7550586104427042,0.7550586104427042,1.0693202120040148,0.05100024105028082,0.7550586104427042,-0.04706553323688676,0.0,,0.7550586104427042,-0.1340655404288873,0.7550586104427042,-0.7683944046727245,-0.6873944046727245,,1,0.9937008509467672,-0.4139329412178482,0.7550586104427042,0.2405724850675618,4.999998,422686.0,422686.0,0.27423530129252344,4.662856285714286,-1118640.0,,0.0,6.0
0xf992a5e127a8646a7cc04b21cfea20d6a1920eb2,0.24989787081871923,0.5395811,1,16.129031,2,1769245316,0.40362088736611684,0.40468585009128843,0.40362088736611684,0.40362088736611684,0.5723122176995853,-0.35622613686537496,0.40362088736611684,-0.1343872144903262,0.0,,0.40362088736611684,-0.15038721558925366,0.40362088736611684,-0.543581166353884,-0.5235811649149565,,1,0.9937008509467672,-0.1689989931285728,0.40362088736611684,0.2604666549469671,1.0,1890.0,1890.0,0.002939538819020838,4.201946066666667,-641068.0,,0.0,14.0
0x92e6c74c685d1f426c300f127c08609f52ddb525,0.24979580296320802,0.5394538,1,668.2318339999999,4,1771351771,3.726816577806843e-07,7.733144093950041e-06,3.726816577806843e-07,3.726816577806843e-07,0.0026144738450888053,0.3630031826573526,3.726816577806843e-07,0.327502872078447,0.0,18.82320077998634,0.005325139942955359,0.32150281958623766,0.010649907204252938,-0.5609772754528326,-0.5449999862427503,,1,0.9937008509467672,-0.7433096760807646,3.726816577806843e-07,0.6800000072000001,49.999999,2844.0,2844.0,0.0010344026161220594,49.999999,-2746569.0,,0.0,2.0
0x9b7b8d3b936a83b883424ac32e66720227b3d1fe,0.24949439699035886,0.53907764,1,5.0,2,1771510762,0.7231096903914946,0.7241746531166661,0.7231096903914946,0.7231096903914946,1.0241376159644207,-0.7943980419227863,0.7231096903914946,-0.34145626529657813,0.0,,0.7231096903914946,-0.3314562652965781,0.7231096903914946,-0.4529417383161424,-0.45194173824159245,,1,0.9937008509467672,-0.7866574949486027,0.7231096903914946,0.240408024104035,1.0908,90842.0,90842.0,0.03123431270208678,1.3436354545454545,-2817562.0,0.0,0.16666666666666666,6.0
0xded54495f4415de57f0e5f626b448edd3c5d339e,0.24910905096012176,0.5385963,1,87.5,3,1770992507,0.31203407847526937,0.31238906605032657,0.31203407847526937,0.31203407847526937,0.5410737341281555,0.29466666666666685,0.31203407847526937,0.13466666666666735,0.0,31.5,0.3679446215467767,0.10600000141270242,0.423855164618284,0.4150000029642887,0.44199999999999945,,1,0.9937008509467672,-0.6453587807613126,0.31203407847526937,0.5432525951557095,4.5,1314841.0,1314841.0,0.5501083823644467,4.25,-1075308.0,,0.0,2.0
0x22bfdbce977910d559672f37a33882b04cde8642,0.2485040663805338,0.53783953,1,1.886791,2,1769114730,0.4994676479245214,0.5005326106496929,0.4994676479245214,0.4994676479245214,0.7078600063908077,0.03600035087060473,0.4994676479245214,0.2174200262228566,0.0,,0.4994676479245214,0.1734200034719106,0.4994676479245214,0.12258581049940426,0.1655858332650703,,1,0.9937008509467672,-0.13339560504575362,0.4994676479245214,0.08333333333335359,0.999999,800.0,800.0,0.0015613655703278087,0.9999994166666667,-511572.0,,0.0,12.0
0x3dbfa7988d0a2e88a97f4cbb766d80b3f2ab57a2,0.2478180767167661,0.53698,1,2483.287439999999,21,1771347135,-5.086371710825602e-08,1.339411273953635e-06,-5.086371710825602e-08,-5.086371710825602e-08,0.0010615433270908749,-0.04352254396828585,-5.086371710825602e-08,0.17992914891395484,0.0,7.3734847199992695,0.005279268621160869,0.1759524783948287,0.010558588106038847,1.6230000136353226,1.6320000142759812,,3,0.9937008509467672,-0.7420457020931093,-5.086371710825602e-08,1.0,94.999999,72.0,72.0,2.6231639218778064e-05,94.999999,-2744705.0,,0.0,1.0
0xc4c60a108fefce765b8e6bb4c895046d17f8cda3,0.24598155730779225,0.5346709,1,23749.4131,3,1772213639,4.3132861823296744e-17,4.367884741599671e-17,4.3132861823296744e-17,4.3132861823296744e-17,6.100252085053074e-09,3.1955,4.3132861823296744e-17,3.214,0.0,7883.208550000001,0.10516506911069233,3.189500000465005,0.21033013822138466,6.382000000000001,6.428,,1,0.9937008509467672,-0.978292146484661,4.3132861823296744e-17,1.0,3991.498,,,,3991.498,,,0.0,1.0
0x111c03ea5dae99b18f62e4cfcae87814e18e4de3,0.24566004788428414,0.53426546,1,11.111108,4,1771723564,0.8722046099347219,0.8732695726598935,0.8722046099347219,0.8722046099347219,1.746539145319787,-0.005998910245753636,0.8722046099347219,0.15400104976029416,0.0,,0.8722046099347219,0.16000107568030145,0.8722046099347219,6.573001075680302,6.546001049760294,,1,0.9937008509467672,-0.8446765183569319,0.8722046099347219,0.10743807851245457,0.999999,6350.0,6350.0,0.0020344700093489505,1.2941169999999997,-3114856.0,,0.0,17.0
0x13f90fbecd11f10f616b52e31d002fe3e4fdfec5,0.24553510349286153,0.5341078,1,25.963635,3,1771871096,0.8314508061424466,0.832515768867618,0.8314508061424466,0.8314508061424466,1.37036121143866,-0.7889683072448141,0.8314508061424466,-0.3139683068331488,0.0,,0.8314508061424466,-0.30796830683314885,0.8314508061424466,6.261677310255621,6.255677310255622,,1,0.9937008509467672,-0.8849001185180095,0.8314508061424466,0.5066175804648587,5.6499995,366.0,366.0,0.00011196981832132156,5.6499995,-3268372.0,,0.0,2.0
0x6111335632d75cca323f05cf202bce3645a7cbff,0.24466720621775667,0.5330112,1,107748.38876799996,133,1771317901,0.11534539554683627,0.11561543077521913,0.11534539554683627,0.11534539554683627,0.7222695806532334,1.761815248287646,0.11534539554683627,1.9123458712592414,0.0,579.5381122975758,0.043786709024706376,1.8986576268554154,0.08757341804941275,3.8992409114837665,3.9027998189816784,,4,0.9937008509467672,-0.7340752500751814,0.11534539554683627,0.2317346551455432,0.37470000000000003,1613767.0,1613767.0,0.5942704645074668,42.69659889887641,-1101776.0,,0.0,6.0
0x5b554a864857698518954f152acd6ad2b307571f,0.24242029310948496,0.5301599,1,33.8709,4,1771364977,0.11174319288266014,0.11188304669102395,0.11174319288266014,0.11174319288266014,0.30874102326003994,0.0,0.11174319288266014,0.0,0.0,-0.06096666666666672,0.1105868067366504,0.0,0.10943042059064068,,,-0.04115226337448563,2,0.9937008509467672,-0.7480596663337693,0.11174319288266014,0.37951335011676685,14.8149,14132.0,14132.0,0.005115435751364919,11.84446,-2748487.0,,0.3333333333333333,3.0
0x0f28cfa274560a82d8bd3965b65e8416583314dd,0.24098609299429818,0.5283305,1,5.0,2,1771753678,0.8509052174120826,0.8519701801372543,0.8509052174120826,0.8509052174120826,1.2048677834875539,-0.7259999572799964,0.8509052174120826,-0.006999999999999331,0.0,,0.8509052174120826,-0.0009999999999993376,0.8509052174120826,6.3919999999999995,6.385,,1,0.9937008509467672,-0.852886896412206,0.8509052174120826,0.5004974340980125,2.999998,560449.0,560449.0,0.17784579160478783,8.68407790909091,-2590871.0,0.0,0.3888888888888889,18.0
0x72b6dd81c933ec22374700a0f368beff6920d8ff,0.24051777573407657,0.52773154,1,49.872,5,1769984994,0.09706374552278005,0.09736802058711475,0.09706374552278005,0.09706374552278005,0.2576115681241229,-0.15432804232804262,0.09706374552278005,-0.25500528252814497,0.0,6.544000000000001,0.15928799617923312,-0.28414814814814826,0.22151224683568616,-0.4276506982429069,-0.4462592444242537,,1,0.9937008509467672,-0.37066718796051146,0.09706374552278005,1.0,8.64,1124.0,1124.0,0.0008129399205575438,8.64,-1381512.0,,0.0,1.0
0xb028d9c9206210bacb9faef7eb4322530c88b0dc,0.23973478849376953,0.52672833,1,15427.859696,40,1771414648,0.23896359128191041,0.3098753350718867,0.23896359128191041,0.24145415610641807,1.2144750868202936,-0.3890148425781024,0.23315227366356855,-0.071419761200157,0.0,-163.48048018700007,0.2298084349266898,-0.07144957818979067,0.22065327857146916,0.8291977473150843,0.8235644288007677,,2,0.9937008509467672,-0.7604526640923693,0.23896359128191041,,,,,,,,,,
0xd591a5beec85124838755874773e8aa21f9aa9de,0.239570560323801,0.5265176,1,614.3519239999999,15,1772196353,8.507455614857024e-08,6.465666267291331e-06,8.507455614857024e-08,8.507455614857024e-08,0.002287602918281271,2.770216032721447,8.507455614857024e-08,2.777155228602025,0.0,-0.8209257466666622,-0.0008841985169887938,2.763215976830257,-0.0017683970339775876,5.566952291142251,5.5941609892160455,,1,0.9937008509467672,-0.9735792357101551,8.507455614857024e-08,1.0,96.629999,38.0,38.0,1.0573192227590745e-05,96.629999,-3593957.0,,0.0,1.0
0xf762019478e755754fa00f430dbf1571eedaf794,0.23897738057238835,0.52575576,1,104.347825,2,1771875650,0.8189563433113553,0.8200213060365269,0.8189563433113553,0.8189563433113553,1.1596852524317547,-0.48399994178124933,0.8189563433113553,-0.33099993826123175,0.0,,0.8189563433113553,-0.32499994178124914,0.8189563433113553,6.147000061498751,6.141000061738768,,1,0.9937008509467672,-0.8861417357612758,0.8189563433113553,0.5061728399634202,26.999999,412526.0,412526.0,0.12602786430297083,26.999999,-2860766.0,,0.0,2.0
0x7de95466638c419110b02bb77677fa747f21a126,0.23796076667724356,0.524447,1,102.40352899999999,4,1769102866,0.5573710808004089,0.5584360435255804,0.5573710808004089,0.5573710808004089,1.0461903241414876,0.4013642705737443,0.5573710808004089,0.431857888446133,0.0,,0.5573710808004089,0.37798361547733605,0.5573710808004089,0.3611484827577528,0.41736705392050655,,1,0.9937008509467672,-0.13016096583316908,0.5573710808004089,0.36485065344319845,58.2562145,4983145.0,4983145.0,9.956174526680892,103.16207099999998,4482637.0,,0.0,5.0
0x72dff96d5d493fb798158ec5c6082066d522b62c,0.23735943655454364,0.5236711,1,766.0,4,1772184953,0.9787007444326707,0.9797657071578424,0.9787007444326707,0.9787007444326707,1.6317403894127596,7.397,0.9787007444326707,7.394000000000001,0.0,,0.9787007444326707,7.355,0.9787007444326707,7.3580000000000005,7.394,,1,0.9937008509467672,-0.9704711029536258,0.9787007444326707,0.330034027198057,128.259275,12261249.0,12261249.0,3.4224490906731013,212.28231127777778,8678654.0,,0.1111111111111111,9.0
0x272440c7999ce14a0c9417372d60d7d7cf0c0b31,0.23685817581164303,0.52302325,1,509.687998,7,1772212583,-8.41258833463913e-08,6.6459447843649255e-06,-8.41258833463913e-08,-8.41258833463913e-08,0.0023646077772917565,3.1343247650281385,-8.41258833463913e-08,3.1498137760625724,0.0,-6.95447209000001,-0.0020116750617361016,3.1283247172873634,-0.004023265997588857,6.276520006482038,6.316915562197645,,1,0.9937008509467672,-0.9780042352398456,-8.41258833463913e-08,1.0,98.999999,34.0,34.0,9.417695572990603e-06,98.999999,-3610191.0,,0.0,1.0
0x16d5ff4ca09c0a4eb56fb0159c6b236958346423,0.23518029388195652,0.5208478,1,91.48200000000001,21,1770583843,0.051341553374639526,0.07660377658682954,0.051341553374639526,0.051341553374639526,0.42843362964731646,-0.06630434583887417,0.051341553374639526,-0.018925831265345288,0.0,-0.10914285714285714,0.0500409914788098,-0.02007672270204336,0.04874042958298007,1.118,1.14399999901,0.13064731097647805,2,0.9937008509467672,-0.5486767670075525,0.051341553374639526,1.0,2.223,14418.0,14418.0,0.007276360911134831,2.223,-1967067.0,0.0,0.0,1.0
0xdf08e1a52a5cff604701df416e2d1bc89d1331b5,0.23468835510084987,0.52020794,1,175.0,2,1771755042,0.8509052174120826,0.8519701801372543,0.8509052174120826,0.8509052174120826,1.2048677834875539,-0.7269999991299981,0.8509052174120826,0.013017885280504411,0.0,,0.8509052174120826,0.018017898224693026,0.8509052174120826,6.3919999999999995,6.384999994738095,,1,0.9937008509467672,-0.8532587817700925,0.8509052174120826,0.5155709325463057,42.4999995,1468295.0,1468295.0,0.4657285665166569,42.4999995,-1684389.0,0.0,0.0,2.0
0x7299f08cb94b1797fd8228a3310ea3db090f289a,0.2338311557612768,0.5190908,1,2.0,2,1771330887,0.8509052174120826,0.8519701801372543,0.8509052174120826,0.8509052174120826,1.2048677834875539,0.6460000000000001,0.8509052174120826,1.6889999278399945,0.0,,0.8509052174120826,1.6799999278399944,0.8509052174120826,-0.8060000000000002,-0.7910000000000001,,1,0.9937008509467672,-0.7376157949853822,0.8509052174120826,0.07692307692309053,0.999999,191696.0,191696.0,0.07025617099909878,0.9999992307692309,-2536833.0,0.0,0.0,13.0
0xfbd6ea3b1908e8311a02d404d0a01d288009c06b,0.2328566059954998,0.5178172,1,233.333332,2,1772098706,0.9680511211973861,0.9691160839225575,0.9680511211973861,0.9680511211973861,1.3705371093971837,7.326000031302858,0.9680511211973861,0.9900001156999001,0.0,,0.9680511211973861,0.9630000054308572,0.9680511211973861,7.299000031302857,7.3020001415719005,,1,0.9937008509467672,-0.9469564427911359,0.9680511211973861,0.548828143920902,15.9999985,2973368.0,2973368.0,0.8504210679257328,15.9999985,-522980.0,0.0,0.5,2.0
0x6b59137b48de75b2fe3e9d2237cadd6892c156fd,0.2324509207478291,0.51728594,1,1568.4095880000002,4,1771317359,4.684669012793891e-06,4.743227375353678e-06,4.684669012793891e-06,4.684669012793891e-06,0.0020227708451131927,0.324501777442677,4.684669012793891e-06,0.6857894908450192,0.0,421.04800071999216,0.10650037178465165,0.6795037418596855,0.2129960589002905,-0.5650000695592015,-0.5484286407141729,,1,0.9937008509467672,-0.7339274774476341,4.684669012793891e-06,0.8483388639075617,248.5461,3235745.0,3235745.0,1.1918025076233858,241.9436194,520744.0,,0.5,2.0
0x98793faad914dbe1d3c98b84c385916098440ddb,0.23157142713170709,0.516132,1,6.999998,4,1770235259,0.7763578927230923,0.7774228554482641,0.7763578927230923,0.7763578927230923,1.5505042763848227,-0.3861854395412301,0.7763578927230923,0.02186528772352097,0.0,,0.7763578927230923,-0.0057230059938040995,0.7763578927230923,-1.1815837586115112,-1.1502175123830876,,2,0.9937008509467672,-0.4389002444791792,0.7763578927230923,0.2494413628760604,1.0,971133.0,971133.0,0.5947286455210695,2.7913062413793104,-661768.0,,0.1,20.0
0xde984f58eb95cdcdbaeb5247ee9f650ad28cb6ce,0.2311821238931463,0.51562023,1,6.999995999999999,4,1772139818,0.9680511648304337,0.9691161275556054,0.9680511648304337,0.9680511648304337,1.8908982615605443,7.3260003713657404,0.9680511648304337,0.842000371411942,0.0,,0.9680511648304337,0.8030003713657421,0.9680511648304337,7.279168685945107,7.314000461692242,,1,0.9937008509467672,-0.958165351026788,0.9680511648304337,0.09206940468980056,1.0,328822.0,328822.0,0.09295426662068264,2.7732242692307687,-3208638.0,,0.19444444444444445,36.0
0xdebcdd6847d4483d2b216c70bff221ca66ed88b9,0.2311295627105386,0.5155511,1,40.0,2,1771070861,0.9041533536706611,0.9052183163958325,0.9041533536706611,0.9041533536706611,1.2801720199555258,0.34099999999999997,0.9041533536706611,-0.2069997290066035,0.0,,0.9041533536706611,-0.24299971699060224,0.9041533536706611,0.3959999999999996,0.4329999893919989,,1,0.9937008509467672,-0.6667214679547423,0.9041533536706611,0.2546738101391631,6.0,249062.0,249062.0,0.10089596812319045,9.223707407407408,-2219441.0,,0.0625,16.0
0x99baaa6b341e7df3a524319a63f5596054e71945,0.22981103009173026,0.513813,1,5.94,2,1770415577,0.7231096903914946,0.7241746531166661,0.7231096903914946,0.7231096903914946,1.0241376159644207,-0.1892135864009951,0.7231096903914946,-0.5044271696819883,0.0,,0.7231096903914946,-0.5584271725059898,0.7231096903914946,-1.0556116283237815,-1.00161162520378,,1,0.9937008509467672,-0.48806272539074547,0.7231096903914946,0.15916261364047374,0.999999,814.0,814.0,0.00044892536422792834,1.24624925,-1812405.0,,0.0,8.0
0xc82a28f90b771ac5facb89d0317bd12e6de1e6e8,0.22839087697828714,0.51193315,1,3.999998,2,1771888406,0.8296060519395458,0.8306710146647174,0.8296060519395458,0.8296060519395458,1.1747462148090637,-0.9629993231308162,0.8296060519395458,-0.2499993228399181,0.0,,0.8296060519395458,-0.24399932119991652,0.8296060519395458,6.2280006771600815,6.222000677160081,,1,0.9937008509467672,-0.8896195727298976,0.8296060519395458,1.0,1.999999,25088.0,25088.0,0.00763470284061584,1.999999,-3260960.0,,0.0,1.0
0x7c96fddef0bdae9e891a293b883a6324dfa03eef,0.22658108255048284,0.50952554,1,315.789472,2,1771342185,0.8615548469570181,0.8626198096821897,0.8615548469570181,0.8615548469570181,1.2199286340242506,0.6460000169024669,0.8615548469570181,0.4920000178726676,0.0,,0.8615548469570181,0.479000017474692,0.8615548469570181,-0.7239999825580001,-0.7079999821273334,,1,0.9937008509467672,-0.7406961181330374,0.8615548469570181,0.3323887854167722,100.0,21074195.0,21074195.0,7.691797693795995,298.27044227472527,18334368.0,,0.3333333333333333,30.0
0x6e3aea3f7cdac2587d87f51920f8ab238173c1b5,0.2258732588704761,0.5085802,1,1738.9979759999997,13,1770316721,1.845548319353068e-07,2.694500090441879e-06,1.845548319353068e-07,1.845548319353068e-07,0.0014473305781123567,-0.09905596421031457,1.845548319353068e-07,0.06413912962043411,0.0,13.836525129982352,0.00656807834651328,0.034639027328875,0.013135972138194625,-1.0008893509406833,-0.9408893505589353,,1,0.9937008509467672,-0.46111030681359955,1.845548319353068e-07,0.49568797766966616,359.9999995,785062.0,785062.0,0.45793218822384757,355.7940995000001,-929301.0,,0.0,3.0
0xb6d1f0ed3376acd566a1c54c4ec33989716f023e,0.2255724407657453,0.5081778,1,66.697356,6,1769994410,0.08681896508561698,0.08700939500535926,0.08681896508561698,0.08681896508561698,0.37386480187793336,-0.19042458685132405,0.08681896508561698,-0.2576373743793967,0.0,-9.263099360110918,0.061992663812831944,-0.2769414951723837,0.037166362540046904,2.3753911468890334,2.361891146193266,,2,0.9937008509467672,-0.373234396560115,0.08681896508561698,1.0,14.999999,876.0,876.0,0.0006292868369859746,14.999999,-1391176.0,,0.0,1.0
0xdaa6a2cd4ba545befb3dbdc25d2b444c46873e62,0.22544295059224043,0.5080045,1,3486.2802970000002,30,1769115258,0.10193260795509596,0.10826452195017283,0.10193260795509596,0.10193260795509596,0.5395319628879153,-0.1616886572827169,0.10193260795509596,-0.05133877788487536,0.0,-0.07756842050000187,0.10187892150980733,-0.08017659269404685,0.1018252350645187,-0.8771537357017902,-0.8323537162292196,,3,0.9937008509467672,-0.1335395606681613,0.10193260795509596,,,,,,,,,,
0x5e94e893d6a4880460d8c8c263748b75c9c8d7a0,0.2250479042498242,0.50747526,1,4507.5126,35,1772227707,0.24254762172218483,0.24311611596325947,0.24254762172218483,0.24254762172218483,1.274478249093233,3.381327346686788,0.24254762172218483,3.3960074503987836,0.0,174.37184285714287,0.03853403582367193,3.381327346437673,0.07706807164734386,5.117763006571713,5.143933591660259,,2,0.9937008509467672,-0.9821276913635079,0.24254762172218483,0.150753638383906,69.849996,897454.0,897454.0,0.24754968418212978,90.60300518918918,-2727895.0,,0.8181818181818182,11.0
0x178cbe939dfbed3d4e02690d4cb1a32e25d56a93,0.22402890782517917,0.5061071,1,7.999998,2,1771578676,0.7763578633114193,0.7774228260365907,0.7763578633114193,0.7763578633114193,1.099441904279366,-0.5852223483271587,0.7763578633114193,-0.6515002029067959,0.0,,0.7763578633114193,-0.641500196021795,0.7763578633114193,5.217153672172507,5.186153665287506,,1,0.9937008509467672,-0.8051737868807898,0.7763578633114193,0.45765863656974476,5.3481995,653877.0,653877.0,0.21969325858325622,5.924099249999999,-2322441.0,0.0,0.0,3.0
0x90177bce9b7eaa13d19dba9f35155fd869025010,0.22204375593784326,0.50342894,1,47.333332,4,1770061004,0.7714080141593401,0.7724729768845118,0.7714080141593401,0.7714080141593401,1.544532682182278,2.126060127053276,0.7714080141593401,2.195271398636692,0.0,,0.40444585535799804,2.142989705139043,0.40444585535799804,2.017489618565897,2.063989620551726,,2,0.9937008509467672,-0.39139079943628285,0.7714080141593401,0.13167123576385575,4.999998,524147.0,524147.0,0.3593380436377298,5.889998727272727,-934499.0,,0.5,10.0
0xc1d41bbe608b73e12dffe060548347c0a7358e51,0.22143702338709714,0.502607,1,11.32,2,1772143558,0.9574014899292395,0.9584664526544111,0.9574014899292395,0.9574014899292395,1.3554762564234983,7.2400000018499995,0.9574014899292395,0.761994110179546,0.0,,0.9574014899292395,0.7199941092072644,0.9574014899292395,7.194999997393,7.234000000972282,,1,0.9937008509467672,-0.959185036685509,0.9574014899292395,0.11577931598668988,43.899999,1035381.0,1035381.0,0.2923813961369027,141.58305015277782,-2505819.0,,0.3829787234042553,47.0
0x13e5550cad1387f0ecfcdb4a89ba1f3c6fef3c4b,0.22089869253481323,0.50187635,1,52.631577,2,1770857603,0.8615548574114027,0.8626198201365741,0.8615548574114027,0.8615548574114027,1.219928648808983,-0.4619998310488583,0.8615548574114027,-0.5449999006489967,0.0,,0.8615548574114027,-0.5569999006489966,0.8615548574114027,0.6550000040396587,0.6550000061135905,,1,0.9937008509467672,-0.6085781192361518,0.8615548574114027,0.5461081581986986,6.84,86852.0,86852.0,0.03851111520034409,23.730726727272724,-2168393.0,,0.1,10.0
0xe0be65e235b4366fab918d22976d1575dc876029,0.21936509225684456,0.4997879,1,5.58,2,1771680578,0.872204471915514,0.8732694346406856,0.872204471915514,0.872204471915514,1.2349894780747428,-0.004999986365770443,0.872204471915514,0.15500000000000014,0.0,,0.872204471915514,0.16600000000000012,0.872204471915514,6.582,6.547,,1,0.9937008509467672,-0.8329566767190223,0.872204471915514,0.27788709235232023,1.704999,2148967.0,2148967.0,0.6981200174126606,1.82499925,-929253.0,,0.5,4.0
0x6dc2a3bf99f08598a341debd70477c34312e2f88,0.21849206216260383,0.4985943,1,2886.522402,53,1771997472,0.7381937402176021,0.7390182320539661,0.7381937402176021,0.7381937402176021,3.686882323243998,4.470335517300956,0.7381937402176021,0.36245655451270525,0.0,31.376740577647055,0.7552694007716466,0.3461107410701203,0.7723450613256911,7.112805555555555,7.106638889575194,,2,0.9937008509467672,-0.919355678626707,0.7381937402176021,0.0,0.0,294.0,294.0,8.659503038778668e-05,0.0,-3394820.0,,,0.0
0x47ef8030a7bd9afbbafadfaca4389e278c0a7695,0.21837680486388855,0.49843648,1,23.478259,2,1769460915,0.5740149152178089,0.5750798779429804,0.5740149152178089,0.5740149152178089,0.813285762834827,0.2974732945989375,0.5740149152178089,0.06010523668388015,0.0,,0.5740149152178089,0.09410522047644325,0.5740149152178089,-0.7042097627407148,-0.7412097579999478,,1,0.9937008509467672,-0.22778059963514885,0.5740149152178089,0.42379506476696477,9.999999,1112457.0,1112457.0,1.2957287634950272,9.726799142857143,253900.0,,0.0,3.0
0xbc5d1d025831bda40ee0049e116349378e643434,0.21649293332143255,0.49584815,1,5.119998,2,1771680588,0.8722045303220686,0.8732694930472401,0.8722045303220686,0.8722045303220686,1.2349895606740842,-0.004999542131357337,0.8722045303220686,0.15500044423441325,0.0,,0.8722045303220686,0.16600045520316417,0.8722045303220686,6.582000455203164,6.547000444234413,,1,0.9937008509467672,-0.8329594031512649,0.8722045303220686,0.2748534057072629,1.7149985,2079853.0,2079853.0,0.6756652361909279,1.7624987499999998,-998377.0,,0.25,4.0
0x884c3333202484e21e3f92b0addf9398de6ebbb3,0.2164714406016925,0.49581853,1,60.0,4,1771780530,0.8509052174120826,0.8519701801372543,0.8509052174120826,0.8509052174120826,1.6794011648220026,-0.7503866601055255,0.8509052174120826,0.04733335427537262,0.0,,0.8509052174120826,0.05233333333333316,0.8509052174120826,6.391,6.38550001570653,,1,0.9937008509467672,-0.8602079122699539,0.8509052174120826,0.18150539872334903,6.15534,950723.0,950723.0,0.2991414561578165,5.502191428571429,-2227449.0,,0.0,6.0
0x466291adc486c9e9cd0fb815643e2dee48f94d26,0.21527130371363135,0.49416098,1,2858.8435250000007,112,1769572881,0.03761630913015382,0.040228225744416514,0.03761630913015382,0.03761630913015382,0.3704865241132183,-0.07869485614742434,0.03761630913015382,0.007273268153444379,0.0,0.16771124304347756,0.03789737960964666,-0.011476539637860236,0.038178450089139504,-0.5951664913211012,-0.5617664867718445,0.5948744927946119,11,0.9937008509467672,-0.2583073708823035,0.03761630913015382,1.0,3.22,136374.0,136374.0,0.1405159898322863,3.22,-834149.0,,0.0,1.0
0x9ce4195fa3d67157b5cfa73f092aa7867e62802f,0.21452372209344436,0.49312508,1,38.76,5,1771421100,0.1902920237872354,0.19057227713596478,0.1902920237872354,0.1902920237872354,0.6412738563324194,-0.16280786333351477,0.1902920237872354,-0.06550910947671848,0.0,0.0,0.1902920237872354,-0.06608805860514283,0.1902920237872354,-1.2835824974445773,-1.2785824883245602,0.2648355277719364,1,0.9937008509467672,-0.7622417489299435,0.1902920237872354,0.25496973214404856,9.9,57131.0,57131.0,0.020268261515243326,9.633485714285714,-2761611.0,0.0,0.0,4.0
0x177d0f1752a9983dae8371b961d10fe8c5d80867,0.2143098119357368,0.4928282,1,739.999998,4,1771577638,0.7763578271396678,0.7774227898648394,0.7763578271396678,0.7763578271396678,1.5107622259184788,-0.5656879427683361,0.7763578271396678,-0.6515003201271115,0.0,,0.7763578271396678,-0.6398787010470081,0.7763578271396678,5.21265245357578,5.186152458081355,,1,0.9937008509467672,-0.804890783214011,0.7763578271396678,0.20000321283372205,99.999999,1136067.0,1136067.0,0.38183532306203116,99.7999994,-1839213.0,0.0,0.0,5.0
0x0402ae500329e12b8c62588ff1fddf67a5a0b0e5,0.21357673637086222,0.4918091,1,82.346469,4,1771351783,1.087601977351797e-05,6.943919518291097e-05,1.087601977351797e-05,1.087601977351797e-05,0.007834451453399446,0.3630285902483569,1.087601977351797e-05,0.32752580142811005,0.0,5.352100729885317,0.017315163161373374,0.32152533007820916,0.034619450302973226,-0.5609771452771479,-0.5449998528528512,,1,0.9937008509467672,-0.7433129477994557,1.087601977351797e-05,0.5138888935185196,5.999999,2054.0,2054.0,0.0007470652954708712,5.999999,-2747371.0,,0.0,2.0
0x7d6e99ec94e5cbee6301a53c538b40964f8db59e,0.21246567296273597,0.49025968,1,1296.73198,4,1772264571,0.0,0.0,0.0,0.0,0.0,-0.04045000149191691,0.0,-0.03645000005988381,0.0,-0.32466999999996426,-0.0001331203406464313,-0.039949999999999944,-0.0002662406812928626,-0.091899998159999,-0.07290000011976762,,1,0.9937008509467672,-0.9921784111825164,0.0,0.28550873826631035,217.149115,3234.0,3234.0,0.0008830726121063958,209.38159778571432,-3658979.0,,0.6,5.0
0x5e57555fc94d013c5cc717a5ed6b2cbaf0bead95,0.21088363778114858,0.48804322,1,12.908708,4,1772121870,5.318695251630677e-06,4.733634706642119e-05,5.318695251630677e-06,5.318695251630677e-06,0.00669822297945388,3.581679270804296,5.318695251630677e-06,0.4135210529639111,0.0,0.9090008799121057,0.013316700809040296,0.39952034408842485,0.02662808292282896,7.112000804261635,7.139000803440096,,1,0.9937008509467672,-0.9532719504378241,5.318695251630677e-06,0.46688490450817516,4.999999,1478.0,1478.0,0.00041994458322631095,4.801157999999999,-3518034.0,,0.6666666666666666,3.0
0x4f8d20fe7c9ac5cf55b6b2c221e3e3a4d8e9efa2,0.20968428111815143,0.48635477,1,185.185184,2,1770286053,0.7763578305606161,0.7774227932857877,0.7763578305606161,0.7763578305606161,1.099441857962736,-0.1891112225857164,0.7763578305606161,0.2738334646702101,0.0,,0.7763578305606161,0.21383346467021005,0.7763578305606161,-0.9998893748283832,-0.9378893740939833,,1,0.9937008509467672,-0.45274888441208716,0.7763578305606161,0.24120144587582573,27.4999995,2056131.0,2056131.0,1.2212015834221757,30.190699500000004,372436.0,0.0,0.125,8.0
0xa14a13a050cf487cbe8bfa6f0414ea3a36aab343,0.20817831065791395,0.4842246,1,1164.0395480000002,6,1771699144,4.672957340258984e-06,4.743227375330387e-06,4.672957340258984e-06,4.672957340258984e-06,0.0020227708451082266,-0.20350111343082541,4.672957340258984e-06,0.03650020624043459,0.0,210.07415035999605,0.10627279891716286,0.04150023387038661,0.21254092487698545,6.498999964314379,6.4650000110808,,1,0.9937008509467672,-0.8380185708205771,4.672957340258984e-06,0.5,99.999999,858.0,858.0,0.0002770614437032459,99.999999,-3095928.0,,0.0,2.0
0x8d5fda4c2584c89bdf6037a5afca9818cd7723c3,0.20770957557054057,0.48355925,1,29.999998,2,1772212213,0.829605974467047,0.8306709371922185,0.829605974467047,0.829605974467047,1.174746105246405,6.230000087912001,0.829605974467047,6.265000090082668,0.0,,0.0,6.217000087912001,0.0,6.220000087912001,6.265000090082668,,1,0.9937008509467672,-0.9779033572468705,0.829605974467047,0.3607821995561322,14.999999,1564630.0,1564630.0,0.43343292182095955,15.233332666666668,-2045225.0,,0.0,3.0
0x6e9190698c9a217e6c8ad79b2e0d809888892d7a,0.20278188857791296,0.47649658,1,787.3565189999999,11,1771408040,0.6995823049527222,0.7006472676778938,0.6995823049527222,0.6995823049527222,1.946079565981931,-0.566658286732847,0.6995823049527222,-0.1870926998063549,0.0,,0.6995823049527222,-0.19500989970594693,0.6995823049527222,-1.156259627964802,-1.144189726800776,,1,0.9937008509467672,-0.7586510376664793,0.6995823049527222,0.5,99.999999,1819759.0,1819759.0,0.648597738446481,99.999999,-985923.0,,0.0,2.0
0xff91aff2e663ef5753063241755ae6de10a8a1ed,0.20220563533833277,0.47566235,1,43013.37333,54,1771191615,-2.1130245007897494e-08,8.452098003873638e-08,-2.1130245007897494e-08,-2.1130245007897494e-08,0.00025457497743519553,0.8630009928028245,-2.1130245007897494e-08,0.06600417803122723,0.0,-249.46157319499997,-0.009048176997421227,0.053736198313492134,-0.018096332864597445,1.984885352708355,2.0044115525705224,,2,0.9937008509467672,-0.6996442278566671,-2.1130245007897494e-08,0.3376179963111951,2999.999999,82916.0,82916.0,0.03202308615946582,3571.320596428571,-2506341.0,,0.0,5.0
0x116aa3e19c97bf6329bfe06955f8da81d1325260,0.20203350350351523,0.47541282,1,91.416665,2,1770731547,0.8083067153949481,0.8093716781201197,0.8083067153949481,0.8083067153949481,1.1446244041981444,-1.0399979785192768,0.8083067153949481,-0.37300003479938426,0.0,,0.8083067153949481,-0.4000000347993843,0.8083067153949481,-0.0019983641636560886,0.027001635277014137,,1,0.9937008509467672,-0.5742098049592167,0.8083067153949481,0.22419804262748916,4.48,81394.0,81394.0,0.038227700781846986,6.470715350000001,-2047795.0,,0.42857142857142855,14.0
0x72676b159cb5833602ef081b2350b058ed630cb1,0.20157344060160415,0.4747451,1,3062.883474999999,25,1772257767,0.7724624549551975,0.7735274176803691,0.7724624549551975,0.7724624549551975,2.5002087216115867,5.080625668328064,0.7724624549551975,5.089092626080099,0.0,,0.0,5.078625668328065,0.0,5.4115797226975415,5.433419689455125,,1,0.9937008509467672,-0.990323346684672,0.7724624549551975,0.9798989043352914,2.9999985000000002,4116191.0,4116191.0,1.1260548409220419,220.23099925,460782.0,,0.0,3.0
0x80b2d482de982b0dba7032f8fb0717086c8dc753,0.20117725165746958,0.47416916,1,9.906623000000002,6,1770552675,0.3251382990940484,0.3258924920513896,0.3251382990940484,0.3251382990940484,0.7687198514661644,-0.3346457631184737,0.3251382990940484,0.2514696525219643,0.0,0.7812007486501872,0.3400467431344455,0.2194516938724059,0.3549551871748426,3.125001220515361,3.1665012090593563,,2,0.9937008509467672,-0.525441566149926,0.3251382990940484,0.12418306215561348,0.999999,69792.0,69792.0,0.035784951882181205,2.1249992083333336,-1880525.0,,0.0,23.0
0x96b4fbadadd87a40a4f409a9abfffed6b32d85b5,0.20107397963878543,0.4740189,1,14441.00299,28,1771334137,3.930086612730465e-07,3.980886211395521e-07,3.930086612730465e-07,3.930086612730465e-07,0.0005676280935169722,2.471670956191791,3.930086612730465e-07,2.580839023075626,0.0,2447.7529649333333,0.09995855017272949,2.574250522260617,0.19991710034545898,5.410517826182583,5.438264228135457,,3,0.9937008509467672,-0.7385018854642174,3.930086612730465e-07,,,,,,,,,,
0x63b390f5a8f119527963ebabda96145a6f3aef34,0.19964331537926144,0.47193128,1,494.0,3,1769524119,0.5633652816157595,0.5644302443409309,0.5633652816157595,0.5633652816157595,0.9663749399417099,0.42849139800574726,0.5633652816157595,0.01800000000000036,0.0,,0.5633652816157595,0.0030000000000003804,0.5633652816157595,-0.5937020914804022,-0.6027020914804022,,1,0.9937008509467672,-0.24501274198108564,0.5633652816157595,0.5555555555555556,70.5,1549537.0,1549537.0,1.681061576699383,94.0,627776.0,,0.5,2.0
0x5f8ec8b9c07547d93ac7206ef75c1b625e6021b7,0.1994429994434207,0.47163808,1,10218.041725999998,74,1771467724,0.5718366033586327,0.5737557299165742,0.5718366033586327,0.5718366033586327,3.5094157081964887,3.448768058967108,0.5718366033586327,2.264927618441188,0.0,69.38341428571428,0.26808366441882925,2.268304846607692,0.2796356142277774,4.38515100749024,4.4068676754068346,,4,0.9937008509467672,-0.7749234758630317,0.5718366033586327,0.0,0.0,474323.0,474323.0,0.16553661905669292,0.0,-2391043.0,,,0.0
0xbc7f7e8c29f218ba2aec3fa2d4d4a379a8af932a,0.19816581140673492,0.4697635,1,30.296,4,1772188145,0.906405493122,0.9074704558471716,0.906405493122,0.906405493122,1.6746646335143112,6.830552499260573,0.906405493122,6.836552494940573,0.0,,0.906405493122,6.8021295474711625,0.906405493122,6.811532386867791,6.844138120495143,,1,0.9937008509467672,-0.971341380125454,0.906405493122,0.4629632427986158,3.4999995,3567093.0,3567093.0,0.9947866395856754,4.49999825,-18694.0,,0.0,3.0
0xc2022b6345987bb04360cd0a8f8ad097042bef12,0.19765861211862173,0.46901652,1,3162.1678440000005,6,1771248167,2.8645449734531222e-06,2.901269908975114e-06,2.8645449734531222e-06,2.8645449734531222e-06,0.0015623373535163664,2.5455649075254767,2.8645449734531222e-06,2.4238566794996856,0.0,984.0269073699938,0.10508992882839271,2.4055139203006624,0.21017985765678543,3.228499964169173,3.2554999667840234,,2,0.9937008509467672,-0.7150627474748467,2.8645449734531222e-06,,,,,,,,,,
0x90ed00b05063b3e45abea79c9a5359b81a75eecb,0.19681391039471607,0.4677693,1,744.2888190000001,19,1771361913,9.550774147654625e-06,1.0843025044112494e-05,9.550774147654625e-06,9.550774147654625e-06,0.002903379925759936,0.05703237301962624,9.550774147654625e-06,0.3022058905445678,0.0,32.458978496608786,0.039359537333691436,0.3024805407416949,0.07871907466738287,1.7831005342445976,1.7897928444097058,,5,0.9937008509467672,-0.7460748236611786,9.550774147654625e-06,0.30031430662147546,7.37695,171860.0,171860.0,0.06227815716664462,11.3128245,-2587695.0,,0.0,7.0
0x9059826fcdf7ad16b11a1cec98c30e271757a59b,0.19467951109094406,0.46459967,1,1286.609938,11,1771366373,-1.2338937102427654e-06,5.2646132635195335e-06,-1.2338937102427654e-06,-1.2338937102427654e-06,0.0018942636620324575,0.1209441626924232,-1.2338937102427654e-06,0.340844218679624,0.0,-14.823420320022901,-0.0030686729119636493,0.3370226980476693,-0.006136111930217056,-1.095818926925836,-1.0872633718337095,,2,0.9937008509467672,-0.7472908124413646,-1.2338937102427654e-06,1.0,69.999999,138.0,138.0,4.9927370148135956e-05,69.999999,-2763877.0,,0.0,1.0
0xa562b6b2d6bd4d7088f06baa7b2a59a4154c08d0,0.19422882634066133,0.46392703,1,41.4,2,1769928262,0.5740149088674751,0.5750798715926466,0.5740149088674751,0.5740149088674751,0.8132857538540988,-0.7102097807876856,0.5740149088674751,-0.47084158662572934,0.0,,0.5740149088674751,-0.49784158662572925,0.5740149088674751,-0.5699995863326482,-0.5669995860494483,,1,0.9937008509467672,-0.35519959256196565,0.5740149088674751,0.6080594672234801,83.02899,2050643.0,2050643.0,1.5465999046688146,225.08449428571427,724739.0,,0.0,3.0
0x118eb345aadef5e88f22b4134ab97867330949bc,0.193882356930426,0.46340913,1,1411.9299420000002,11,1772256227,0.7666188457088812,0.7676838084340527,0.7666188457088812,0.7666188457088812,1.6512942922837903,5.694840303249975,0.7666188457088812,5.711527539592888,0.0,,0.0,5.6919543930806675,0.0,4.098963568746086,4.122048549109531,,1,0.9937008509467672,-0.9899034761193163,0.7666188457088812,0.20453044628700565,184.67573900000002,3837391.0,3837391.0,1.0502267596347872,233.7435873,183522.0,,0.6,10.0
0x1df7fc5052a7b55a83b0b14e3e481de6ab6441f0,0.19261815341962304,0.4615134,1,3585.335503999999,22,1771419996,-4.602446574689783e-09,-1.7029053984408222e-07,-4.602446574689783e-09,-4.602446574689783e-09,-0.00036633492448865296,-0.28099476600534545,-4.602446574689783e-09,-0.0853735794563108,0.0,-9.775236000000222,-0.004873921913895886,-0.08647689384784095,-0.009747839225345197,-1.2894643910094432,-1.2834643835294277,0.2473462503032683,2,0.9937008509467672,-0.7619107600556956,-4.602446574689783e-09,1.0,393.989999,30.0,30.0,1.0647215859524892e-05,393.989999,-2817608.0,,0.0,1.0
0x9ddd9e66fd4bf841cb5f943bbc6c0d708f4d5ca4,0.19216767837601448,0.4608356,1,749.999998,4,1772189331,0.8777081560025383,0.8787731187277099,0.8777081560025383,0.8777081560025383,1.757119453126345,6.602444496852817,0.8777081560025383,6.614444455157655,0.0,,0.8777081560025383,6.584343674976875,0.8777081560025383,6.58400000557685,6.61300001073055,,1,0.9937008509467672,-0.9716647349894229,0.8777081560025383,1.0,99.999999,,,,99.999999,,,0.0,1.0
0xd5ef23010f686498bec47d8e18ea0ed8a35d0d42,0.19202042791028606,0.4606138,1,25.0,3,1772200857,-0.006034788775972223,-0.006389776351029413,-0.006034788775972223,-0.006034788775972223,-0.011067417288985007,1.996,-0.006034788775972223,2.0043333333333333,0.018,14.64,0.05892793745949342,1.9916666667371647,0.12389066369495907,5.977,6.013,0.10459999999999986,1,0.9937008509467672,-0.9748072207922085,-0.006034788775972223,0.22175472558494205,2.1099995,581619.0,581619.0,0.16162822332311333,2.7718435,-3016880.0,,0.0,6.0
0xdb0bb5c5d044008df317060d58222e5202d20157,0.1904702421676897,0.45827067,1,25.67,2,1770271525,0.7763578266500729,0.7774227893752443,0.7763578266500729,0.7763578266500729,1.0994418524323928,-0.33766635928043875,0.7763578266500729,0.20255561037991843,0.0,,0.7763578266500729,0.13955562202212995,0.7763578266500729,-0.9988794236507762,-0.9378894352929877,,1,0.9937008509467672,-0.4487879236500821,0.7763578266500729,0.1428571524018753,6.9312,226725.0,226725.0,0.13583122599476266,6.932071428571429,-1442442.0,,0.0,7.0
0x3e0beaae7dc5d5c697d8f41d5b2ca378e4cc4ff6,0.188096485092812,0.45465428,1,2000.0,12,1772072278,0.9574014899292399,0.9584664526544109,0.9574014899292399,0.9574014899292399,1.7952979079381093,7.240917965456147,0.9574014899292399,-0.213835176559874,0.0,,0.9574014899292399,-0.23183517655987396,0.9574014899292399,7.207500002863186,7.215999999999998,,1,0.9937008509467672,-0.939751027660473,0.9574014899292399,0.2332800953632963,1.2048,607504.0,607504.0,0.17507723521003365,44.700048097007226,-2862416.0,,0.0,12.0
0xf6df7872158a28be544b8cfe8ff53ab998f1cfa0,0.18758724885171613,0.4538739,1,6395.388790999998,27,1771531452,0.2158280515660191,0.2591436950056063,0.21641736092235062,0.2158280515660191,0.9687764865306331,-0.39081603462592096,0.2158280515660191,-0.19407468094073044,0.0,2.6315576342105196,0.2167155156835096,-0.18207464841064364,0.2176029798010001,5.142874608263567,5.118874610918566,,1,0.9937008509467672,-0.7922984832584792,0.2158280515660191,,,,,,,,,,
0xf7a064c0ce97f47711b3412eb1a62c8e59b5669e,0.18722067768593526,0.45331115,1,142.85714000000002,2,1768843088,0.467518639332214,0.4685836020573855,0.467518639332214,0.467518639332214,0.6626772851351921,-0.18776351387137932,0.467518639332214,-0.2832139379396388,0.0,,0.467518639332214,-0.3122139368705661,0.467518639332214,-0.20490086415049902,-0.1639008826196013,,1,0.9937008509467672,-0.059334254322144876,0.467518639332214,0.5405066807449203,79.999998,162470.0,162470.0,0.674905495783658,74.55333233333333,-78260.0,,0.0,2.0
0x0f57370282ccd2fc4fbf4e29c187b7a75135ebbb,0.18642841268098168,0.45209196,1,601.084073,3,1771535396,0.7765043505349194,0.7775693132600908,0.7765043505349194,0.7765043505349194,1.1611143495728575,-0.5133120262367221,0.7765043505349194,-0.43297839749307276,0.0,,0.7765043505349194,-0.41195088030746935,0.7765043505349194,5.342841962347406,5.3181661232056925,,1,0.9937008509467672,-0.7933737881349486,0.7765043505349194,0.5376021693887312,127.29999900000001,2245856.0,2245856.0,0.7657098203296377,127.29999900000001,-687182.0,,0.0,2.0
0x757047f800ed85796bcdd7bd632290debbbd59e8,0.1859628519387985,0.45137367,1,53.550000000000004,10,1771181385,0.20127795505742632,0.20152371568631205,0.20127795505742632,0.20127795505742632,0.7266040901290248,1.1949230769958628,0.20127795505742632,1.031461385717353,0.0,0.03750000000000073,0.06770705325802315,1.0259229266345862,0.06832145483023754,5.279400004525596,5.283599993700167,-0.0616156629217122,4,0.9937008509467672,-0.7137589675764499,0.20127795505742632,0.08500865387187768,6.85,77936.0,77936.0,0.030219148539352245,5.61169784,-2501091.0,,0.125,24.0
0xbfbebe724dcf6acade8696f9a3d41baa2be3c93c,0.18559402842520256,0.45080364,1,8734.245390999999,33,1772104050,0.8491508298219466,0.8502157925471187,0.8491508298219466,0.8491508298219466,3.4175915484983435,6.375088981136424,0.8491508298219466,5.717954082281206,0.0,,0.10160920659525718,5.702631728991682,0.10160920659525718,6.241043785463169,6.262376715766887,,2,0.9937008509467672,-0.9484134481815651,0.8491508298219466,0.17996615132873478,199.999999,28911873.0,28911873.0,8.256543693734343,570.1939470859729,25410181.0,,0.5,56.0
0x2d79c5518649c27413020b31e80267e812781f33,0.18492051386763791,0.44976044,1,19.999998,2,1771450092,0.6698615785631619,0.6709265412883336,0.6698615785631619,0.6698615785631619,0.9488334140460336,-0.9076430202826814,0.6698615785631619,-0.4573215244123033,0.0,,0.6698615785631619,-0.45432152441230333,0.6698615785631619,-1.3085326188163118,-1.3015326188163119,,1,0.9937008509467672,-0.770116230532933,0.6698615785631619,0.19679014034568176,4.9999994999999995,32080.0,32080.0,0.011265097091231134,8.9999991,-2815654.0,,0.0,9.0
0xdde038c472a8e102ba0abdb73184e7feead2cf10,0.18438015383236803,0.44892135,1,374.10758,5,1769079834,0.007283957333089045,0.007293813838275904,0.007283957333089045,0.007283957333089045,0.07581591849972705,0.0,0.007283957333089045,0.0,0.0,35.34355420000001,0.03244152801082108,0.0,0.057599098688553105,,,-0.07454906440507801,1,0.9937008509467672,-0.39298521701173755,0.007283957333089045,0.5555555555555556,149.9999985,11552.0,11552.0,0.024193886184855365,149.9999985,-465924.0,,0.0,2.0
0x882b45bba3afa6c269b4c226aecd86d06e81a746,0.18301109029799634,0.44678688,1,4538.977196,30,1772207707,0.8415129322722631,0.8425778949974345,0.8415129322722631,0.8415129322722631,3.44833340127251,6.320211070637511,0.8415129322722631,6.356742904003312,0.0,,0.0,6.307915366120575,0.0,6.295931090768816,6.34221334115477,,1,0.9937008509467672,-0.9766748268783687,0.8415129322722631,0.0,0.0,84359.0,84359.0,0.02339828959692945,0.0,-3520990.0,,,0.0
0x16aede7e7028e1522028cd5aa6c60d9b1acc6913,0.18225302995795348,0.44559968,1,25.0,2,1772195757,0.80830670840522,0.8093716711303915,0.80830670840522,0.80830670840522,1.1446243943131762,6.0680000000000005,0.80830670840522,6.093,0.0,,0.0,6.056,0.0,6.056,6.093,,1,0.9937008509467672,-0.973416740348498,0.80830670840522,0.1373257333855848,0.999999,139399.0,139399.0,0.03879307585937437,1.9485949999999999,-3454000.0,0.0,0.08333333333333333,12.0
0x71cbb951ae04c21198679cb9226c10b0ec0e2516,0.1819042425309948,0.44505215,1,3400.351093,14,1772245989,1.6655529838069444e-06,1.6903470760668201e-06,1.6655529838069444e-06,1.6655529838069444e-06,0.0012135553995233392,3.268330625900365,1.6655529838069444e-06,3.2801411204436626,0.0,1639.7218766991243,0.10730873213496964,3.27264110589263,0.21461746426993927,6.530220714683675,6.560855794058579,,1,0.9937008509467672,-0.9871121547893735,1.6655529838069444e-06,,,,,,,,,,
0xe58be0b133c646ae5d0752b1382738198d97d323,0.1815361994425733,0.4444735,1,358.214284,3,1772201187,0.7666000939586872,0.7676650566838588,0.7666000939586872,0.7666000939586872,1.220897224810905,4.8740215351228,0.7666000939586872,4.890189032921409,0.0,,0.0,4.861021535334295,0.0,4.958785298869088,4.986507798240914,,1,0.9937008509467672,-0.9748971930562134,0.7666000939586872,0.15618670759109854,10.0,646089.0,646089.0,0.17952756299340702,86.73911647999999,-2952740.0,,0.5714285714285714,14.0
0x9fc4d8a2b1a8e3145ab67484c28804c19933e57a,0.1808202431235167,0.44334525,1,5.945,2,1770128164,0.7976570811535043,0.7987220438786758,0.7976570811535043,0.7976570811535043,1.1295635470195817,0.46900000000000036,0.7976570811535043,0.24400000000000016,0.0,,0.7976570811535043,0.15900000030400016,0.7976570811535043,-0.5239998756818718,-0.4759998687998715,,1,0.9937008509467672,-0.4097015183773802,0.7976570811535043,0.08470395754216842,1.43195,630081.0,630081.0,0.4129496148265245,1.633915625,-895725.0,,0.0,17.0
0x6977ba88a3a58f8279bbd6296ec442cd80b2b341,0.18070104944949658,0.44315708,1,54.48275700000001,4,1770074384,0.7779355572816676,0.7790005200068393,0.7779355572816676,0.7779355572816676,1.5553561441626984,0.12228974940910134,0.7779355572816676,-0.09037355056898011,0.0,,0.7779355572816676,-0.1707322337439126,0.7779355572816676,-0.6006972224121411,-0.540570170779822,,2,0.9937008509467672,-0.395038765776841,0.7779355572816676,0.18575244624586795,7.499999000000001,206156.0,206156.0,0.140049156740438,7.083664375,-1265870.0,0.0,0.14285714285714285,7.0
0x6b8a0db7a0534738c06d1ce444338498d2919c20,0.18066734502577583,0.44310385,1,50.0,2,1771443394,0.637912672377769,0.6389776351029407,0.637912672377769,0.637912672377769,0.9036508376156653,-0.8520978857941993,0.637912672377769,-0.5683985905294664,0.0,,0.637912672377769,-0.5703985905294664,0.637912672377769,-1.3234395348194563,-1.3194395348194563,,1,0.9937008509467672,-0.7682900662168599,0.637912672377769,0.32005629801663704,0.999999,357561.0,357561.0,0.12585584976747918,2.867407230769231,-2483475.0,,0.3,10.0
0xb0bc4c0f55ca75b230691129fdd9bd3c5302a7d5,0.17930268019426227,0.4409422,1,1201.52668,5,1771261801,0.0,0.0,0.0,0.0,0.0,0.36749937279972406,0.0,0.08149999999999995,0.0,266.1373733333333,0.10628489339065111,0.07721745152354567,0.21256978678130223,-0.1669999999999997,-0.1569999999999997,,1,0.9937008509467672,-0.718779965194366,0.0,1.0,95.0,169292.0,169292.0,0.06365693868979332,95.0,-2490151.0,,0.0,1.0
0x2c054ee653b253efc30da833e00c63b03de01ddc,0.17885079642462984,0.44022357,1,283.725418,4,1769395708,1.6290769773361103e-05,1.6681180375674678e-05,1.6290769773361103e-05,1.6290769773361103e-05,0.002889545404414355,-0.020876338075326253,1.6290769773361103e-05,-0.09125430019968292,0.0,42.86601024998335,0.06111649113660263,-0.0672535006051652,0.1222166915034319,-0.7136784187067913,-0.7526784483061627,,1,0.9937008509467672,-0.21000235291102534,1.6290769773361103e-05,1.0,49.499999,380.0,380.0,0.0004789815340013865,49.499999,-792970.0,,0.0,1.0
0xec734dd260832fc4c5575a5fdbed023edea24bd6,0.17880523217720387,0.44015104,1,98.71335,12,1770145500,0.763464293438863,0.7645292561640344,0.763464293438863,0.763464293438863,2.418175759219821,1.4295486540527147,0.763464293438863,1.5374629615040447,0.0,,0.5559151529641384,1.4781270282091739,0.5559151529641384,1.4326553311958419,1.4903521990941793,,3,0.9937008509467672,-0.41442806131309884,0.763464293438863,0.26479615873864204,11.714445000000001,1720860.0,1720860.0,1.1151663294758356,12.890522200000001,177718.0,,0.0,11.0
0x7f6a8a218eeba0021c3c5a1c15ea64add8d450ce,0.17863943180642933,0.43988696,1,467.38710299999997,8,1769012164,4.1475489859269575e-07,1.7866364862454583e-06,4.1475489859269575e-07,4.1475489859269575e-07,0.0010322367491609828,0.19985624578504269,4.1475489859269575e-07,0.11845251624896987,0.0,12.979237159999998,0.015890379310140746,0.08697567014721937,0.0317803438653829,0.3649001329537823,0.41890013132470966,,1,0.9937008509467672,-0.10543168010661441,4.1475489859269575e-07,1.0,98.999999,196.0,196.0,0.00047827508626032805,98.999999,-409610.0,,0.0,1.0
0x2ed99a375d8d5de973d1587009639cba50fb0e36,0.17841471491891145,0.43952873,1,193.053832,3,1772233965,0.8094646422821401,0.8105296050073116,0.8094646422821401,0.8094646422821401,1.3046327719216129,6.074807129102396,0.8094646422821401,6.0960246063061865,0.0,,0.0,6.077807129283837,0.0,6.088935719805272,6.117674890420743,,1,0.9937008509467672,-0.9838338926609079,0.8094646422821401,0.35877540059014096,44.499999,3511277.0,3511277.0,0.9668659081227677,67.72499875,-120330.0,,0.0,4.0
0x7baa30e2d8daac8be80fc57b3d84fdd750f55aed,0.17774096058260896,0.43845257,1,41.78372600000001,26,1772107272,0.007693651042467285,0.09781923694050865,-0.00439636657800168,0.007693651042467285,0.3044909225333583,3.949473271003412,0.007693651042467285,0.1489327905989646,0.0,-0.02715827507549723,0.0015423686197174819,0.13238471879564212,0.004183826284581491,7.118000273212012,7.142000261726679,,1,0.9937008509467672,-0.949291904650121,0.003297280998660379,0.3273098160440036,1.0,76170.0,76170.0,0.021732344930574615,2.1636194,-3428744.0,,0.0,4.0
0x6f246862a1f510eb9ec5455b85c76183f72a5d90,0.17741662669151873,0.4379334,1,674.6146,17,1770054814,0.38466346106459953,0.408637443152917,0.38676471271838775,0.38466346106459953,1.0307401281588022,-0.12979404611827472,0.3816616729877592,-0.18959818960812086,0.0,2.4784000000000015,0.38849970142399437,-0.2385016412954866,0.3881334384758127,-0.692297658427579,-0.634214301220574,,4,0.9937008509467672,-0.3897031378781323,0.38676471271838775,0.20736404950235732,6.3196,185428.0,185428.0,0.1276651409750106,12.443084142857144,-1267028.0,,0.09090909090909091,11.0
0x2f1414aaf4d5556981985354e19e558476137568,0.17698417964334873,0.43723997,1,2.0,2,1768822348,0.5314163998606123,0.5324813625857839,0.5314163998606123,0.5314163998606123,0.7530423646797212,-0.09642135786638235,0.5314163998606123,-0.15298990036130605,0.0,,0.5314163998606123,-0.1859899057502861,0.5314163998606123,-0.08485281374238561,-0.03985281537145835,,1,0.9937008509467672,-0.05367963385105555,0.5314163998606123,0.35802464746227536,1.0,1174.0,1174.0,0.005336606209373153,1.7999997999999997,-218816.0,,0.0,5.0
0x566a678a940dabd8a6b4a9c65d8e55a9a1e50d19,0.17524399987980277,0.43443614,1,13129.490300000001,12,1771269737,2.994303184800707e-08,3.039901710457571e-08,2.994303184800707e-08,2.994303184800707e-08,0.00016093183674643381,0.2544415568252623,2.994303184800707e-08,0.04994151528361861,0.0,5535.42138,0.10516963577454096,0.04623803444730266,0.21033924160605008,-0.5086521150884578,-0.49721129310044576,,1,0.9937008509467672,-0.7209436618220693,2.994303184800707e-08,0.15842510808237736,977.0999995,2921577.0,2921577.0,1.095298793309837,907.7963059999998,254198.0,,0.0,8.0
0xd55c1a932c95ab20edfe23d359244dc55e38935d,0.17353055907929152,0.4316539,1,3970.099996,7,1769866432,0.3561430196756875,0.357207982400859,0.3561430196756875,0.3561430196756875,0.8158494584238086,-0.7716075802662375,0.3561430196756875,-0.5985008325425972,0.0,,0.3561430196756875,-0.5899690560128898,0.3561430196756875,-0.8086602339760214,-0.8181920105057288,,1,0.9937008509467672,-0.3383420620061579,0.3561430196756875,0.15529912922102918,1997.726149,6214927.0,6214927.0,4.9165847885487715,2651.0311434999994,4950853.0,,0.07142857142857142,14.0
0x55f98bc86a44ff55de89e1692d70ede96de98a8d,0.17322569004297003,0.43115658,1,650.087618,12,1771385588,-2.495936183277729e-07,9.60935430561925e-06,-2.495936183277729e-07,-2.495936183277729e-07,0.0028071115393421024,-0.06797610229210677,-2.495936183277729e-07,0.36401060866115253,0.0,-5.44984686000001,-0.002232211718065882,0.3560132983981879,-0.004464173842513437,-1.1602231020299558,-1.1465372526973623,,1,0.9937008509467672,-0.7525296519954622,-2.495936183277729e-07,1.0,23.739999,44.0,44.0,1.580897015338294e-05,23.739999,-2783186.0,,0.0,1.0
0xc9693c00fa884fe527867e89924be36f697b3213,0.17299097401227273,0.43077323,1,138.30607,3,1768768948,0.47053243483092505,0.4715973975560967,0.47053243483092505,0.47053243483092505,0.7943036871368234,-0.13360265919168798,0.47053243483092505,-0.0738444415893938,0.0,,0.47053243483092505,-0.11541041391555157,0.47053243483092505,-0.2605441810174401,-0.20268885309630513,,1,0.9937008509467672,-0.039120485675733965,0.47053243483092505,0.5,77.059999,1578.0,1578.0,0.0094723572843508,77.059999,-165012.0,0.0,0.0,2.0
0x68f599f2f7b35d9b2a3f7f4e5175b506573c37c4,0.17241284194713452,0.42982724,1,20.629998,4,1769101932,0.00021393295660309834,0.00022016401345505984,0.00021393295660309834,0.00021393295660309834,0.011147521274000857,0.22881742404976196,0.00021393295660309834,0.213293818362914,0.0,5.474450119906421,0.0687441682715451,0.18578309853167632,0.1372744035864871,0.39945641012229877,0.45745641074922644,,1,0.9937008509467672,-0.12990631706171307,0.00021393295660309834,0.21318356648005535,1.434999,3150.0,3150.0,0.006305372177094885,2.089166,-496424.0,,0.0,7.0
0x9a35d8a2c2c26cb03dd83b7df22dd16e2fac8207,0.17198339706600507,0.42912292,1,7.45,3,1771371473,0.2765353209695504,0.27689030854460767,0.2765353209695504,0.2765353209695504,0.4795880825226833,0.15933333333333333,0.2765353209695504,0.482,0.0,1.4500000000000002,0.30227192016119664,0.47866666666666663,0.32800851935284286,-0.963,-0.957,,1,0.9937008509467672,-0.7486812928850751,0.2765353209695504,0.0693904549835026,2.225,148376.0,148376.0,0.05358246226682532,1.9957692500000002,-2620739.0,0.0,0.0,18.0
0xa648e80d0412ab4147cf62ba24c6e5ccf623c46c,0.1700770247235678,0.4259794,1,7.442554,4,1772191567,6.902480331834331e-11,0.0004367309552097176,6.902480331834331e-11,6.902480331834331e-11,0.019529051554628484,3.2806403992092603,6.902480331834331e-11,3.2896449002003862,0.0,-0.05549928071979843,-0.0013305203453646633,3.2726363862822354,-0.0026610407597541298,6.542001049821628,6.576001075680302,,1,0.9937008509467672,-0.9722743652388613,6.902480331834331e-11,0.547419351310964,1.4449995,588.0,588.0,0.00016382439696323062,1.4449995,-3588621.0,,0.0,2.0
0xea393f5aa06ced8cc4f4176067702c5ff62e5b94,0.16993163212002227,0.4257385,1,29.002212000000007,14,1771934316,0.87220455662984,0.8732695193550115,0.87220455662984,0.87220455662984,3.175595437063333,0.0464794166412756,0.87220455662984,-0.5841155204940844,0.0,,0.87220455662984,-0.5735555425780253,0.87220455662984,6.5567151025855805,6.547715083150508,,1,0.9937008509467672,-0.9021366231555346,0.87220455662984,0.21384404380426944,1.2779995,75822.0,75822.0,0.02275598912111137,4.682118261904762,-3256136.0,,0.125,16.0
0x54498e4c40b17261479aeaeeddf9cc37bd46992b,0.169268290066571,0.42463738,1,11.999994000000001,6,1772236889,0.8189564250605684,0.8200213877857402,0.8189564250605684,0.8189564250605684,2.0086339782439975,6.147334013328426,0.8189564250605684,6.169000696785095,0.0,,0.0,6.151667383376564,0.0,6.141334013245841,6.169000696785094,,1,0.9937008509467672,-0.9846311014486352,0.8189564250605684,0.0,0.0,175265.0,175265.0,0.048222177772042664,0.0,-3459266.0,0.0,,0.0
0x790e044da52cfb51684dcb996ce1ef84d59ac842,0.16895541656739604,0.42411682,1,8.8,2,1772198031,0.8296059629086513,0.830670925633823,0.8296059629086513,0.8296059629086513,1.1747460889003651,6.230999999943369,0.8296059629086513,6.267999999999999,0.0,,0.0,6.217999999999999,0.0,6.21900000581,6.267999999999999,,1,0.9937008509467672,-0.9740367310404583,0.8296059629086513,0.33801961056638535,4.4,3108259.0,3108259.0,0.8644442917918287,4.664087142857142,-487414.0,,0.0,5.0
0x85d82cc5fcb23983adb21594827d4f347a323cbe,0.16775403246492315,0.4221108,1,70.56153499999999,3,1772215789,0.8615548490478951,0.8626198117730668,0.8615548490478951,0.8615548490478951,1.386435824546333,6.4720000415058125,0.8615548490478951,6.514000034168333,0.0,,0.0,6.461000033345002,0.0,6.463000114139791,6.514000116958056,,1,0.9937008509467672,-0.9788783294168134,0.8615548490478951,0.0,0.0,174681.0,174681.0,0.04834214351955247,0.0,-3438750.0,,,0.0
0x5fbbb661b11ab5f1dbcb392ce9a8390e5072acb2,0.16743994616790928,0.42158446,1,500.0,2,1771397706,0.840255590160367,0.8413205528855386,0.840255590160367,0.840255590160367,1.1898069361939596,-0.0039999999999992195,0.840255590160367,0.8150000000000006,0.0,,0.840255590160367,0.7960000011720805,0.840255590160367,-0.6419999999999998,-0.6249999999999998,,1,0.9937008509467672,-0.755833542587008,0.840255590160367,0.007342979478244494,2.85,782569.0,782569.0,0.27995405223249487,4.519384957153502,-2012779.0,,0.44206008583690987,233.0
0x350680f0b3017b7340fedc2e50ec650c664576c3,0.1659029295227423,0.41899732,1,36.48,3,1772204941,0.80830670840522,0.8093716711303915,0.80830670840522,0.80830670840522,1.3815219129475296,6.0689999998425,0.80830670840522,6.096,0.0,,0.0,6.055999999999999,0.0,6.056,6.096,,1,0.9937008509467672,-0.9759206957200739,0.80830670840522,0.3689986418737,10.0,3103239.0,3103239.0,0.8613927840108055,8.999999666666666,-499344.0,,0.0,3.0
0x99108b3317238ab14db0b9d3a52ba0f6f88427c6,0.165843278808682,0.41889653,1,45.271598,4,1770324275,0.00014972478684849213,0.00015334544300653075,0.00014972478684849213,0.00014972478684849213,0.010843485353937104,-0.1575123332024638,0.00014972478684849213,-0.008247857663816735,0.0,12.637800479808048,0.09438008083209254,-0.03425306733202389,0.18861043687733658,-1.0838984626665022,-1.0288984603305027,,1,0.9937008509467672,-0.4631698537296366,0.00014972478684849213,0.5510205947523066,0.999999,544.0,544.0,0.00031592695815187377,2.3333323333333333,-1721373.0,,0.0,3.0
0x89e229654367910b21289b2eacc2a9b4cd876b87,0.1657029152584546,0.41865924,1,44.444443,2,1771514608,0.7763578412666867,0.7774228039918583,0.7763578412666867,0.7763578412666867,1.0994418731034066,-0.7277780652586789,0.7763578412666867,-0.14755553369069108,0.0,,0.7763578412666867,-0.127555530945691,0.7763578412666867,-0.43266625890356036,-0.43266625890356036,,1,0.9937008509467672,-0.7877060807890949,0.7763578412666867,0.8388605849481705,18.4999995,1652082.0,1652082.0,0.5672871491115117,33.943987,-1260168.0,,0.0,2.0
0x72ce558a8f6aa0572b44709f9b4e3026f55fe327,0.1655433811247241,0.41838935,1,7.6,1,1769969738,0.6592119268812004,0.6602768896063721,0.6592119268812004,0.6592119268812004,0.6602768896063721,-0.5099679959382276,0.6592119268812004,-0.5346578014471106,0.0,,0.6592119268812004,-0.5886578014471106,0.6592119268812004,-0.5436568723654547,-0.5346568723654548,,1,0.9937008509467672,-0.36650774293124727,0.6592119268812004,0.5035563895996249,8.2999995,754582.0,754582.0,0.551845134490778,8.2999995,-612798.0,0.0,0.0,2.0
0xb8a14a109580c1ef34c9ccdb89936e73049b06e5,0.16550596411115617,0.41832602,1,385.897134,10,1769362054,0.5597514879715675,0.560816450696739,0.5597514879715675,0.5597514879715675,1.5758380968009125,-0.7215597765880913,0.5597514879715675,-0.4932450388664138,0.0,,0.5597514879715675,-0.4967101889942262,0.5597514879715675,-1.1222949379223848,-1.1130877058476523,,2,0.9937008509467672,-0.20082681784188167,0.5597514879715675,0.2051700027728007,14.6999855,262574.0,262574.0,0.34563035740612036,19.324995875,-497122.0,0.0,0.25,8.0
0xc01c9a86ee1ff39d6cc821acde316f9d38177808,0.1650687150144138,0.4175851,1,71.63636199999999,4,1772243747,0.8296059724230394,0.8306709351482109,0.8296059724230394,0.8296059724230394,1.5342786594340976,6.227000072365485,0.8296059724230394,6.247000074152286,0.0,,0.0,6.228000072365484,0.0,6.221000129466387,6.2470001326630875,,1,0.9937008509467672,-0.9865008886805895,0.8296059724230394,0.45684110987711457,99.999999,4496190.0,4496190.0,1.234745862087242,211.59142771428577,854801.0,,0.16666666666666666,6.0
0xd45f24753ed3da95e02ab03340d5c018a85ad760,0.16495096549539934,0.4173853,1,26.066665,3,1772197413,0.8083067237406839,0.8093716864658554,0.8083067237406839,0.8083067237406839,1.3607743745024448,6.069000116583374,0.8083067237406839,6.096000119520005,0.0,,0.0,6.055000116640005,0.0,6.0580001777371635,6.096000182125736,,1,0.9937008509467672,-0.9738682375278676,0.8083067237406839,0.09122009200449181,1.0,335869.0,335869.0,0.09342527443947311,3.7290577222222216,-3259186.0,,0.21428571428571427,28.0
0x41dbcf0b827e4b788a0c1df014a1f3eb4cada842,0.1648768972506147,0.41725957,1,60.0,2,1771502930,0.7444089448949259,0.7454739076200974,0.7444089448949259,0.7444089448949259,1.0542593105516096,-0.6275806173311319,0.7444089448949259,-0.2514322477800737,0.0,,0.7444089448949259,-0.24043224778007377,0.7444089448949259,-0.6175806194501845,-0.6165806194501845,,1,0.9937008509467672,-0.7845221532162222,0.7444089448949259,0.26354595395455477,27.4999995,2333576.0,2333576.0,0.8045226941444653,26.99999975,-566996.0,,0.0,4.0
0x4e3a1ef123996a68cc70fc5313a940c437c853ee,0.16193620751845716,0.41223046,1,9.090907999999999,2,1771488584,0.7124601381131637,0.7135251008383352,0.7124601381131637,0.7124601381131637,1.009076874699204,-0.8650127690393545,0.7124601381131637,-0.27475373017078975,0.0,,0.7124601381131637,-0.2707537320218726,0.7124601381131637,-1.0152652341853263,-1.0132652341853263,,1,0.9937008509467672,-0.7806108135210318,0.7124601381131637,0.24869928938270403,3.999999,1263685.0,1263685.0,0.4378330040682885,5.166665833333333,-1622541.0,,0.0,6.0
0xeeb458b1f1ed1d5e85e97344e934301de20c521e,0.15982277965471017,0.40857044,1,15.259128999999998,3,1772233751,0.818956368479089,0.8200213312042607,0.818956368479089,0.818956368479089,1.3987515379822224,6.1470002496420175,0.818956368479089,6.170000255806016,0.0,,0.0,6.1520002558060165,0.0,6.140000278604892,6.170000275600546,,1,0.9937008509467672,-0.983775547010917,0.818956368479089,0.22757159246054245,1.0,1566306.0,1566306.0,0.43132373719947137,9.121477421052633,-2065087.0,,0.0,11.0
0x2ae5cdf2f2d5d2b2a15a1ac0845b36e71492a2a0,0.15914917284052493,0.40739566,1,408.18000000000006,19,1770566895,0.0,-0.00017426662775534764,0.0,0.0,-0.00043079863370349076,-0.1694813383890986,0.0,-0.01048176520165385,0.0,67.935,0.06577112975866405,-0.031548549664784396,0.1315422595173281,-0.07524334125493361,-0.01665510665727527,,5,0.9937008509467672,-0.5293185527988599,0.0,0.38636825333019187,2.3,1282.0,1282.0,0.0006525710638180905,3.3775225000000004,-1963255.0,,0.0,3.0
0x899147e1a2bd1264934ae70df071b62824700d23,0.1583822977444721,0.4060533,1,370.882998,8,1772199309,0.7940468188199865,0.7951117815451582,0.7940468188199865,0.7940468188199865,1.9526012576323721,5.712079600304268,0.7940468188199865,5.73416413283435,0.0,,0.0,5.699079600304269,0.0,5.886573888752332,5.922467181925031,,1,0.9937008509467672,-0.9743851690810588,0.7940468188199865,0.2580691865962351,70.0,3942168.0,3942168.0,1.095974896516522,117.63395418181818,345217.0,,0.0,7.0
0xb9e976e6eea209501c4b34773f6e624f1197e211,0.1573761143803427,0.40428403,1,5789.437859,13,1769899320,0.53038442716595,0.5314493898911214,0.53038442716595,0.53038442716595,1.4631946373831421,-0.6550772424482593,0.53038442716595,-0.47993444039171373,0.0,,0.53038442716595,-0.4641755204905376,0.53038442716595,-0.703336954952094,-0.7026446137956041,,2,0.9937008509467672,-0.3473087523655208,0.53038442716595,0.2876674989010862,305.4331345,46557298.0,46557298.0,35.897195137559926,303.433133375,45260336.0,0.0,0.2,5.0
0x27b26d51ea8b19d7aae79355567915ac5c1daffa,0.15702601478334818,0.40366626,1,9413.878599999998,24,1769510771,-1.201414306202715e-07,2.894316283151258e-07,-1.201414306202715e-07,-1.201414306202715e-07,0.00040418308313176586,0.07672173944695115,-1.201414306202715e-07,0.013362376095023795,0.0,-216.53264766666658,-0.028608483422741842,0.007314380671731635,-0.05721684670405307,-0.6557915461073428,-0.6557915356330564,,1,0.9937008509467672,-0.24137350022370377,-1.201414306202715e-07,0.5928567702872363,2089.1299995,250305.0,250305.0,0.27554097090200164,2089.1299995,-658108.0,,0.0,2.0
0x17de50626d49160ab235ec4a3a44a26d50bc6327,0.1563373343825585,0.40244776,1,52.631577,2,1772215873,0.8615548574114027,0.8626198201365741,0.8615548574114027,0.8615548574114027,1.219928648808983,6.472000106688482,0.8615548574114027,6.514000099351003,0.0,,0.0,6.461000096957003,0.0,6.463000096957003,6.514000099351003,,1,0.9937008509467672,-0.978901231447651,0.8615548574114027,0.26506907995214823,7.7025595000000004,2966519.0,2966519.0,0.8209510684195306,9.98156275,-646996.0,,0.2,5.0
0xb2529a917dbd8a5f035943ed2789cfddeb84f7cd,0.1562994734748004,0.40238065,1,136.87999800000003,5,1771979038,0.8615548479558119,0.8626198106809836,0.8615548479558119,0.8615548479558119,1.8112348471040265,0.3860000256569662,0.8615548479558119,-0.801999510328698,0.0,,0.8615548479558119,-0.8019995125752323,0.8615548479558119,6.481000017048335,6.470000020849921,,1,0.9937008509467672,-0.9143297734307542,0.8615548479558119,0.14537510985212057,39.999999,582.0,582.0,0.00017235864813959273,37.66285642857143,-3376098.0,,0.0,7.0
0xa7e60cd92dc2c39bc202d17584fe8225cd2ad44e,0.15581175073150083,0.4015149,1,210.629998,4,1771858308,4.445343446375238e-06,4.456346771681343e-06,4.445343446375238e-06,4.445343446375238e-06,0.0019606460704153354,-0.40000204929492317,4.445343446375238e-06,-0.0030000008697154863,0.0,123.3250406299935,0.10756512546730962,8.516193655415303e-09,0.21512580559117286,6.475000034258966,6.466000046483452,,1,0.9937008509467672,-0.8814135569662116,4.445343446375238e-06,1.0,28.999999,488.0,488.0,0.00014987945146577804,28.999999,-3255462.0,0.0,0.0,1.0
0xbf8286abaa7876949d0bdab71a0929f4c17697f3,0.15522561494287596,0.4004715,1,112.3769,6,1770155694,0.2149525808202285,0.2327611511118581,0.2149525808202285,0.2149525808202285,0.6893625010225269,0.23201534835158616,0.2149525808202285,0.05652394297124054,0.0,33.0,0.24572969394127603,-0.0019491014817667924,0.27650680706232356,-0.6509558612740575,-0.5687558613017976,,1,0.9937008509467672,-0.41720738634117427,0.2149525808202285,0.2657011114735721,9.0,1158294.0,1158294.0,0.7456815524780215,16.40512293548387,-395042.0,,0.18181818181818182,11.0
0xa4a86c71e0f4bced161c7870a4404e945b2d62c9,0.1548328557505794,0.39977056,1,19.999998,2,1771000521,0.9254526185574793,0.9265175812826508,0.9254526185574793,0.9254526185574793,1.3102937292270413,0.5100000809250014,0.9254526185574793,0.11599993008324597,0.0,,0.9254526185574793,0.07799992813324591,0.9254526185574793,0.41200008109917374,0.4360000809250022,,1,0.9937008509467672,-0.6475437435605078,0.9254526185574793,0.04127710406466436,4.1270500000000006,84530.0,84530.0,0.035247812596558285,8.89941067032967,-2313633.0,,0.19318181818181818,88.0
0xc41b9fe0e629fb439b8fd8c4b4fa42f2169d9e49,0.15443468271775168,0.39905846,1,676.419998,6,1772113960,0.9680511180435749,0.9691160807687466,0.9680511180435749,0.9680511180435749,2.0474495529110954,7.329000006723,0.9680511180435749,0.6760000332830106,0.0,,0.9680511180435749,0.6460000332830105,0.9680511180435749,7.284000004891957,7.308000004891958,,1,0.9937008509467672,-0.9511153425339516,0.9680511180435749,0.19225927993474323,49.999999,3683438.0,3683438.0,1.0489337914718126,77.20244690476189,171836.0,,0.06666666666666667,15.0
0x67878cfa35a223e925e7272383abdf151623a34f,0.15318389113992636,0.39681172,1,41.92320000000001,5,1770188926,0.24813631496497524,0.2484913025400325,0.24813631496497524,0.24813631496497524,0.599351439262785,-0.024106776127207127,0.24813631496497524,-0.040052761137284024,0.0,-0.7146000000000002,0.24281150133911739,-0.04683753599042312,0.23748668771325956,-1.0385870530653138,-0.9745870530653138,0.010593147056224782,1,0.9937008509467672,-0.48215072971595757,0.24813631496497524,0.20614118620164293,8.53578,401924.0,401924.0,0.25332919862243536,8.353018888888888,-1184644.0,,0.6666666666666666,6.0
0x1b2fe5a9293e290d870448deea5f20115aeaf3f6,0.1525250616196642,0.39562225,1,1034.5435280000002,8,1771233749,0.8891451923849568,0.8902101551101281,0.8891451923849568,0.8891451923849568,2.338141812412719,1.1900309206232147,0.8891451923849568,0.14403089326316304,0.0,,0.8891451923849568,0.12484942572041693,0.8891451923849568,-0.11175513082125009,-0.09146514282362851,,1,0.9937008509467672,-0.7111317774675098,0.8891451923849568,0.11350606337223766,100.0,1707980.0,1707980.0,0.6490787572048395,189.11221239130435,-923411.0,0.0,0.1,20.0
0x5be434b0723a790c241c77fcbcea5e6e3a2a3128,0.15110375486812055,0.39304176,1,252.1,4,1772256075,0.0,0.0,0.0,0.0,0.0,3.195499998632,0.0,3.2064999973416652,0.0,99.95765,0.10556443013263167,3.1935000000000002,0.21112886026526334,6.382,6.4129999946833305,,1,0.9937008509467672,-0.9898620343492293,0.0,0.3213404383355638,4.95,808971.0,808971.0,0.22141041574922196,6.954316328282829,-2844746.0,,0.1724137931034483,29.0
0x75f1521edf26a101cc8253546aa9f9e629599a62,0.15070352482334853,0.3923115,1,22.344825999999998,5,1772199809,0.7779355765664668,0.7790005392916384,0.7779355765664668,0.7779355765664668,1.705971501939117,5.312283582851997,0.7779355765664668,5.3303576618356505,0.0,,0.0,5.308950250375248,0.0,5.103159449535984,5.130959437516468,,1,0.9937008509467672,-0.9745214906931872,0.7779355765664668,0.29950744226880094,2.999999,3012731.0,3012731.0,0.8374626923340999,4.809999500000001,-584720.0,,0.0,11.0
0x6539b5dae88bbfb91f88773a0b8ffc20b500ad73,0.14913498360082394,0.38943413,1,20871.942141,15,1771379753,4.1948642872443024e-07,4.205511150917511e-07,4.1948642872443024e-07,4.1948642872443024e-07,0.000594826274357162,0.2395001150801772,4.1948642872443024e-07,0.40750020405153703,0.0,5628.56580061,0.10489919549139307,0.3985001995441648,0.20979797149635743,-0.8829999998621546,-0.864999999858751,,1,0.9937008509467672,-0.7509387787819227,4.1948642872443024e-07,0.28121726166386624,10.0,842040.0,842040.0,0.30317617767728394,149.37832982758624,-1935355.0,0.0,0.1111111111111111,9.0
0x568b21d8ee9bbd8cbce756c0d9e21eb5fa18cdfc,0.14899619732358502,0.38917834,1,4.004,6,1772001104,0.9254526081740926,0.9265175708992641,0.9254526081740926,0.9254526081740926,2.150630906224664,0.6368701298701298,0.9254526081740926,-0.23706493151460956,0.0,,0.9254526081740926,-0.24306493742667953,0.9254526081740926,6.973,6.9700000036450005,,1,0.9937008509467672,-0.9203459188172083,0.9254526081740926,0.5001362190292243,2.56,1185011.0,1185011.0,0.34866124152849315,3.137,-2213735.0,,0.3333333333333333,3.0
0x06c075eef40b6718d8b92a2baa69d9e639289d1b,0.14826591590171884,0.38782912,1,533.655998,5,1770590821,2.55946719024437e-07,6.569298806507648e-06,2.55946719024437e-07,2.55946719024437e-07,0.0023209836163248327,-0.14950119144997856,2.55946719024437e-07,0.0940007592606423,0.0,8.68160043332638,0.003993834372106366,0.039500323108348036,0.007987412797493706,-0.31999998757161435,-0.2119999875716143,,1,0.9937008509467672,-0.5358418145824319,2.55946719024437e-07,1.0,99.839999,106.0,106.0,5.330750433877824e-05,99.839999,-1988357.0,,0.0,1.0
0x41359b88d48eafe660ba619e7815865404002f33,0.14790318643017988,0.38715693,1,216.012207,3,1772231339,0.8189563384238667,0.8200213011490382,0.8189563384238667,0.8189563384238667,1.338152361914087,6.146000021045,0.8189563384238667,6.173000021564631,0.0,,0.0,6.147000021045001,0.0,6.140000005569068,6.17300001562559,,1,0.9937008509467672,-0.9831179315540092,0.8189563384238667,0.13862893617556513,21.612735,736585.0,736585.0,0.20297295576912638,27.503021125000004,-2892396.0,,0.15,20.0
0x2e62eddf5acffa59a97706de674348a2e600b22e,0.1478320133444044,0.38702488,1,21032.123629,311,1768823042,0.004035394492853193,0.004137785957182699,0.004035394492853193,0.004035394492853193,0.08359880265445209,0.27376683218444475,0.004035394492853193,0.28145414304641714,0.09419382087913594,8.863169761642862,0.005671032804374541,0.2789814466051977,0.011342065608749083,2.2890521817610976,2.300809907181829,0.2524733042626315,27,0.9937008509467672,-0.062375862131955506,0.004035394492853193,,,,,,,,,,
0xe91e93f296d31f475b4a8aa0f13e600a9efc256a,0.1465032996630788,0.3845499,1,631.0684600000001,5,1771016511,2.998110221488972e-06,1.2420742232408329e-05,2.998110221488972e-06,2.998110221488972e-06,0.0033923496216447845,0.29800400546083394,2.998110221488972e-06,0.021000270174081757,0.0,66.26130079997854,0.027957895219703932,-0.000499997394630637,0.055912792329186375,0.2520000228150569,0.2819999790750368,,1,0.9937008509467672,-0.6519033087163766,2.998110221488972e-06,0.36361337566252133,43.84965,117040.0,117040.0,0.04848077151696682,42.868878599999995,-2297113.0,,0.0,3.0
0x78a4a3888554b39f553a91e6a142337d716f8ff1,0.14600782085309136,0.3836222,1,20.254544000000003,3,1772206195,0.8296059788404943,0.8306709415656658,0.8296059788404943,0.8296059788404943,1.2305391892499287,6.230000121176004,0.8296059788404943,6.262000124168004,0.0,,0.0,6.218000121176004,0.0,6.219004079604926,6.262004180335913,,1,0.9937008509467672,-0.9762625903232921,0.8296059788404943,0.4177681702299004,29.999999000000003,3972889.0,3972889.0,1.1024052974648963,33.9999993,369052.0,,0.0,5.0
0xa3603e58ff4737ff87148c3ccda0de3e88daee87,0.14549821511684616,0.38266534,1,18.8,3,1770588213,0.8204777109786093,0.821542673703781,0.8204777109786093,0.8204777109786093,1.3397544918600772,-0.29314332777052354,0.8204777109786093,0.19985896137111236,0.0,,0.8204777109786093,0.09057329310543215,0.8204777109786093,-0.3653809523809526,-0.26038099840098666,,1,0.9937008509467672,-0.5351307610535697,0.8204777109786093,0.2648306363456393,1.0,1957575.0,1957575.0,0.9857592825256627,3.5080184545454545,-28280.0,,0.0,9.0
0x4dd8fc8ab20dab3629ee9bb899a61815bb225972,0.1453362804498226,0.3823607,1,175.5261980000001,57,1771434378,0.34665685187035034,0.3471099399497683,0.34665685187035034,0.34665685187035034,1.240592452043248,2.559073654181596,0.34665685187035034,2.5671741751551647,0.0,0.22868564539056008,0.008236150993521749,2.5603792224058157,0.016472301987043497,6.122146836698124,6.148510544705913,0.3995624679687186,3,0.9937008509467672,-0.7703768774553227,0.34665685187035034,0.0,0.0,589781.0,589781.0,0.208254532100762,0.0,-2242239.0,0.0,,0.0
0xbf7e3eac97f64e6d6a6aed67589b1d69f898052d,0.14447257510385922,0.38073108,1,15.5,3,1772196397,0.7976570811535043,0.7987220438786758,0.7976570811535043,0.7976570811535043,1.2833186175729758,5.98799999994337,0.7976570811535043,6.001000004751999,0.0,,0.0,5.973999999999999,0.0,5.974999999999999,6.001000004752,,1,0.9937008509467672,-0.9735912320120225,0.7976570811535043,0.13797235058877114,1.154015,456905.0,456905.0,0.12712855926159955,13.696458817708338,-3137134.0,,0.4387755102040816,98.0
0x986980d23e5320992caaa3b75996474140c61032,0.14406216864086557,0.3799539,1,1319.53915,9,1768678708,0.827823072987541,0.8288354390617138,0.827823072987541,0.827823072987541,1.5957645725111793,-0.6528110433891918,0.827823072987541,-0.002031803673657453,0.0,-2.6227999400034476,0.8274234411106259,-0.004845016024866088,0.8270238092337109,2.2160276003613535,2.2240276046249843,,3,0.9937008509467672,-0.014517161118786018,0.827823072987541,0.2881944503761585,49.9999955,202688.0,202688.0,2.6547216764898494,59.99999725,126338.0,,0.25,4.0
0x9bdfdc525d49fd8e5ed4c57f0cd69a5ea07b5bdd,0.14373133199215204,0.37932605,1,29.16,2,1772259231,0.7763578266500729,0.7774227893752444,0.7763578266500729,0.7763578266500729,1.0994418524323928,5.186152422706633,0.7763578266500729,5.195152422706632,0.0,,0.0,5.187152422706633,0.0,5.178152422706632,5.195152422706632,,1,0.9937008509467672,-0.9907224963649842,0.7763578266500729,0.1445901890733653,11.3388,706129.0,706129.0,0.19309639683959492,18.906403586466165,-2950744.0,,0.6666666666666666,27.0
0xa052de125afef2fe45dddc2d281ee73a4db9ad61,0.1432588776107875,0.37842736,1,6983.76,10,1771386698,0.2765696364351394,0.2769246240101965,0.2765696364351394,0.2765696364351394,0.5250216868705269,-0.054072333333333236,0.2765696364351394,0.21760076403356188,0.0,20.289999999999917,0.27716986125996523,0.21226098810796828,0.2777700860847911,-0.842500774400093,-0.8265007799715218,0.10680044918932825,1,0.9937008509467672,-0.7544496055806796,0.2765696364351394,0.05111071034212363,224.54085,3367194.0,3367194.0,1.2093329119288592,1102.0772231617648,582854.0,,0.7049180327868853,61.0
0xa10b8c4f154fbbf1fda28563edf458914f798ec6,0.14281151375402729,0.37757412,1,659.9999979999999,3,1769773364,0.4259254171028009,0.42699037982797244,0.4259254171028009,0.4259254171028009,0.6834351384778925,-0.5584239865679954,0.4259254171028009,-0.056982061946944,0.0,,0.4259254171028009,-0.04298206194694401,0.4259254171028009,-0.8051172243638947,-0.8111172243638946,,1,0.9937008509467672,-0.3129677024110113,0.4259254171028009,0.6158012967181622,85.0,2295745.0,2295745.0,1.9604895278077141,144.99999933333334,1124739.0,,0.0,3.0
0x5cc5ec68750ee4d34b42678d65e48d212e7849cb,0.1427428951696795,0.37744305,1,2634.2819019999993,29,1771257995,7.162300793649763e-08,1.2097060097869407e-06,7.162300793649763e-08,2.7282111760462605e-08,0.0010268462844843873,0.405391304574901,2.7282111760462605e-08,0.07939086279429396,0.0,10.717665928127513,0.0054300409119138705,0.07301395323493429,0.010860010200819803,0.06306416424737186,0.0770256480415161,,1,0.9937008509467672,-0.717742285082844,7.162300793649763e-08,0.3347754807855863,100.0,655804.0,655804.0,0.24694790741355088,330.76916838461534,-1999833.0,,0.0,8.0
0xb9614e8153aee8e0b3fa8766993756313b062312,0.14235216311049842,0.3766957,1,285.714284,3,1771761702,0.8402555925458834,0.841320555271055,0.8402555925458834,0.8402555925458834,1.42568221159274,-0.7279999760559722,0.8402555925458834,0.05714155927700375,0.0,,0.8402555925458834,0.06314155575698627,0.8402555925458834,6.31200002420394,6.30300002714073,,1,0.9937008509467672,-0.8550745856436438,0.8402555925458834,0.19994755229198422,50.0,2339255.0,2339255.0,0.7404242779513722,39.440574222222224,-820089.0,0.0,0.0,7.0
0x42f01b7c5c20570db68e0127675b3f5d2af6fc65,0.14221877389498336,0.37644017,1,231.55199800000003,5,1771683674,0.8722044732957057,0.8732694360208774,0.8722044732957057,0.8722044732957057,1.79599576402915,-0.0839999896388346,0.8722044732957057,-0.005792064733814455,0.0,,0.8722044732957057,0.006000064307822772,0.8722044732957057,6.58200001848915,6.54620788926119,,1,0.9937008509467672,-0.8338007801413219,0.8722044732957057,0.3102615489728696,99.999999,3344546.0,3344546.0,1.08542778475171,121.19999955555555,263230.0,0.0,0.0,5.0
0x96654ca7f6bd1ab0736ae80b1d85c171da29a204,0.14203960798977044,0.37609664,1,286.34479799999997,4,1771448222,7.084639933032322e-07,-4.25078384274272e-06,7.084639933032322e-07,7.084639933032322e-07,-0.0017285171032219288,0.0,7.084639933032322e-07,0.0,0.0,11.01320025999685,0.014643857722797056,0.0,0.029287006981600812,,,0.3940045259428835,1,0.9937008509467672,-0.7709488829398138,7.084639933032322e-07,1.0,66.079999,78.0,78.0,2.7408196596885868e-05,66.079999,-2845786.0,,0.0,1.0
0x377d17f789376dadb1475d49b8bd95c15c7ef71b,0.14111053779554117,0.37430942,1,746.9192,9,1771270509,0.0,0.0,0.0,0.0,0.0,0.20600000000000007,0.0,0.0015000011850034357,0.0,2.85714285714286,0.002662406812928922,-0.0015000000000001098,0.005324813625857844,-0.5669999999999998,-0.5569999976299927,,1,0.9937008509467672,-0.7211541423911956,0.0,1.0,100.0,84.0,84.0,3.148247606675934e-05,100.0,-2668067.0,,0.0,1.0
0x9e2ec1af9726faaf320ac998910fba1a47694606,0.14081804341980517,0.37374473,1,225.591074,5,1771421152,3.508413540710127e-05,3.566975830464014e-05,3.508413540710127e-05,3.508413540710127e-05,0.0050449246988349475,-0.40365120921170294,3.508413540710127e-05,-0.18913725678466523,0.0,49.91925041999999,0.08775700384254519,-0.1906373363312519,0.17547892354968325,-1.2800193176958594,-1.2750193085758426,,1,0.9937008509467672,-0.7622259356229366,3.508413540710127e-05,1.0,24.999999,162.0,162.0,5.747138669941826e-05,24.999999,-2818632.0,,0.0,1.0
0x41cb1812bebe7c497ffc5fadcbcdabc02247d25a,0.14004686139272482,0.37225115,1,416.666665,2,1772008690,0.9361022374705366,0.9371672001957082,0.9361022374705366,0.9361022374705366,1.325354564727992,7.071000015936001,0.9361022374705366,-0.21899898528334538,0.0,,0.9361022374705366,-0.21899898528334538,0.9361022374705366,7.056000015936,7.053000015936,,1,0.9937008509467672,-0.9224141903164216,0.9361022374705366,0.15407718109313998,43.4866,89990.0,89990.0,0.02641844658712069,48.929364222222226,-3316342.0,,0.19047619047619047,21.0
0x5654c5cb85f29b57e1950b37407f434b5532e51c,0.13974462705596946,0.37166393,1,284.3348,5,1771256479,0.0,0.0,0.0,0.0,0.0,0.5275000000000001,0.0,0.0030000106650150404,0.0,48.77826666666667,0.09740069212214772,-0.0025000001619265608,0.19480138424429544,-0.005999999999999553,0.006000021330030525,,1,0.9937008509467672,-0.7173289579548705,0.0,0.5092975179845981,21.9999995,23796.0,23796.0,0.008965680163037028,21.9999995,-2630325.0,0.0,0.0,2.0
0xd9077ac2d5a253cbc814b1217f3f71cce8b94cf4,0.13959986998660245,0.3713823,1,415.36166700000007,11,1771447370,1.3640022759791547e-05,1.387519556599485e-05,1.3640022759791547e-05,1.3640022759791547e-05,0.002952655413103212,-0.4500582923073254,1.3640022759791547e-05,-0.2919092181812178,0.0,34.58129727714286,0.07680233250653554,-0.2924092307349151,0.1535910249903113,-1.3180994896907265,-1.312099486810052,,1,0.9937008509467672,-0.7693740956765055,1.3640022759791547e-05,1.0,86.029999,198.0,198.0,6.959548852518022e-05,86.029999,-2844814.0,,0.0,1.0
0x8ae2ad295595b8bd7d6fd07f98a78516b36f1032,0.13916088521142536,0.37052673,1,906.7751290000001,7,1772144484,8.364408015364147e-05,9.007823926372407e-05,8.364408015364147e-05,8.364408015364147e-05,0.001912223366533467,-0.0002415431821196684,8.364408015364147e-05,-0.00021284021089191523,0.0,-269.78813078932086,-0.11881982662884322,-0.0002415431821196684,-0.23763965325768643,-0.07632214217897659,-0.05932214204443114,-1.0491328754049634,1,0.9937008509467672,-0.9911014704467014,8.364408015364147e-05,0.6847787005563217,255.0449955,2498.0,2498.0,0.0007052261833712296,255.0449955,-3539628.0,,0.0,2.0
0x51ef7d4025126d4fb4bc16d1e158666d82007f34,0.1382788380091367,0.3688008,1,193.83999799999998,4,1771005501,3.6198595276918515e-06,1.852516303211594e-05,3.6198595276918515e-06,3.6198595276918515e-06,0.004142932433734375,0.2550051190734119,3.6198595276918515e-06,0.019500497421662714,0.0,26.15280075996961,0.02263362594459704,-0.0004999045143786731,0.045263632029666385,0.4120000410019999,0.43900004411000043,,1,0.9937008509467672,-0.6489015068173075,3.6198595276918515e-06,0.5,19.999999,7384.0,7384.0,0.0030726427848862927,19.999999,-2395759.0,,0.0,2.0
0xf66e07615a739fb83a730ca66f9113345d1dfa55,0.13781618053650546,0.3678918,1,31.25,2,1771418852,0.7231096903914946,0.7241746531166662,0.7231096903914946,0.7231096903914946,1.0241376159644209,-0.7883980419227861,0.7231096903914946,-0.3394562945611769,0.0,,0.7231096903914946,-0.34245630368119406,0.7231096903914946,-1.2845823459481758,-1.2785823378121588,,1,0.9937008509467672,-0.7615988562071456,0.7231096903914946,0.2777777851852081,7.499995999999999,1570412.0,1570412.0,0.5575769023473865,7.499997499999999,-1246082.0,,0.75,4.0
0x81e9b25ddd3c931c0164c3263eaae5bae8ca0f1f,0.13688658878360685,0.3660576,1,9.999998,2,1771695984,0.8722044979858032,0.8732694607109748,0.8722044979858032,0.8722044979858032,1.2349895149436991,-0.24499980381798725,0.8722044979858032,0.15400019828801229,0.0,,0.8722044979858032,0.1660002031840126,0.8722044979858032,6.57900019968761,6.546000198288012,,1,0.9937008509467672,-0.837157018231925,0.8722044979858032,0.18417127403859662,5.0,1615248.0,1615248.0,0.5221212906796102,11.478260260869565,-1478378.0,,0.0,22.0
0x710c26b6fd4ee3437d733266b65808438141f73f,0.13672754385852995,0.36574274,1,290.0,3,1771856752,0.28718494822126606,0.2875399357963233,0.28718494822126606,0.28718494822126606,0.498033778004325,-0.5339999993439999,0.28718494822126606,-0.05733333333333352,0.0,5.000000000000004,0.288072417158909,-0.05133333333333353,0.288959886096552,6.470999997551999,6.465999999999999,,1,0.9937008509467672,-0.8809893241092678,0.28718494822126606,0.002616599517473558,194.97,1026591.0,1026591.0,0.31544766859820905,238.8849100143627,-2227803.0,,0.9137614678899083,543.0
0xdcee308f65e6bdd4f15292f023011040a14acb61,0.13665918657760193,0.36560732,1,4.0952,4,1769591889,0.3539273141542039,0.3543998472839158,0.3539273141542039,0.3539273141542039,0.7096563881707398,0.16927481278145626,0.3539273141542039,0.08806622516556296,0.0,0.6047999999999998,0.3672569800520467,0.05738741732826495,0.3805866459498895,-0.5239998756818718,-0.4759998687998715,0.46074819546141865,1,0.9937008509467672,-0.40960554796244175,0.3539273141542039,0.09104211933989885,0.957,93912.0,93912.0,0.09490556637437332,0.9568433333333334,-895619.0,,0.0,15.0
0x94532899b65f4663d887762d77946c68d8842719,0.1366360112066519,0.3655614,1,15.42,2,1772228335,0.8509052174120826,0.8519701801372543,0.8509052174120826,0.8509052174120826,1.2048677834875539,6.39,0.8509052174120826,6.425,0.0,,0.0,6.387,0.0,6.382000040500022,6.425,,1,0.9937008509467672,-0.9822989113083412,0.8509052174120826,0.1131903377003795,14.499999,776461.0,776461.0,0.21413842393374255,16.358460846153847,-2849516.0,,0.0,12.0
0x927ffbc6ec9a593ff835b3b376ed98416e566d4a,0.13506004490936918,0.36242288,1,84.60869100000001,6,1771858336,0.8215078326687357,0.8225727953939072,0.8215078326687357,0.8215078326687357,1.8135519322832963,-1.0275050242199866,0.8215078326687357,-0.38580046691095327,0.0,,0.8215078326687357,-0.3798004642560676,0.8215078326687357,6.256333805862629,6.250000467368629,,1,0.9937008509467672,-0.8814211909764907,0.8215078326687357,0.17346953644337218,0.999999,258774.0,258774.0,0.07947658122997145,1.3999987,-2997204.0,0.0,0.0,10.0
0xeed4c81af89bb078c164624b17efa20e5adb4e21,0.13484016996240505,0.36198255,1,427.5948,8,1770968133,0.0,1.33179468967765e-17,0.0,0.0,3.532866113848014e-09,0.10550000000000001,0.0,0.10250000000000012,0.0,12.500000000000009,0.006656017032322303,0.0815000000000001,0.013312034064644606,0.5009998927289973,0.5249998963199972,,1,0.9937008509467672,-0.6387133748132735,0.0,0.34222222447407424,24.999999,402.0,402.0,0.00016992317528082763,24.999999333333335,-2365373.0,,0.0,3.0
0x1bef8d98daa53eae132fc7952e5598a7a8cb9400,0.13466542349400729,0.36163217,1,26.659995999999996,6,1768707782,0.5022728466282337,0.5033378093534052,0.5022728466282337,0.5022728466282337,1.214654940701796,0.025201359007068186,0.5022728466282337,0.04728295667344652,0.0,,0.5022728466282337,0.012705112031748771,0.5022728466282337,0.05319804857220759,0.08386471699926805,,3,0.9937008509467672,-0.02244399022083283,0.5022728466282337,0.18219905945554538,0.999999,654.0,654.0,0.006203521019881621,1.6655536666666666,-104770.0,,0.0,9.0
0xd3a395ead97f1010f00bda7cd1c6ffba40a858d3,0.13452507536231112,0.36135048,1,69.999996,4,1771611458,0.8633909956257947,0.8644559583509663,0.8633909956257947,0.8633909956257947,1.5278289781099876,-0.19499053888281925,0.8633909956257947,0.07381719497331957,0.0,,0.8633909956257947,0.08971374793262117,0.8633909956257947,6.082612722108567,6.055112718646615,,2,0.9937008509467672,-0.8141115770583813,0.8633909956257947,0.03363063992180734,4.999999,163266.0,163266.0,0.054257419161875646,6.4285705306122445,-2845834.0,,0.3333333333333333,42.0
0x3a0200d1f117c0c8042effcff95f283264b033ff,0.13418339432784956,0.36066365,1,260.0,6,1771724834,0.0,0.0,0.0,0.0,0.0,0.6578846550802278,0.0,0.722269230428926,0.0,104.24000000000001,0.10674203314604255,0.7228461538461539,0.2134840662920851,6.281776240443453,6.279499999557602,,2,0.9937008509467672,-0.8450227752517383,0.0,0.37465024201712693,19.274459999999998,1210759.0,1210759.0,0.3877560628168159,18.386866666666666,-1911717.0,,0.0,4.0
0x1e5d6fb79aa1398e37d8c926537a17bb7314519a,0.1333174043183817,0.35891625,1,11.95,3,1771368931,0.28008519672012233,0.28044018429517953,0.28008519672012233,0.28008519672012233,0.48573664768323055,-0.0013333332595552537,0.28008519672012233,0.24500000000000022,0.0,-0.09999999999999953,0.2783102588448364,0.2390000000000002,0.27653532096955047,-0.8019999999999998,-0.7849999999999998,-0.029434842249656933,1,0.9937008509467672,-0.7557026738393646,0.28008519672012233,0.03783285482490092,2.88,38992.0,38992.0,0.01409397113323957,3.056956763157894,-2727581.0,,0.2898550724637681,69.0
0xceecb2ecc91e32ebcc6bdee532e3d90055a34ad9,0.13310994688370062,0.35849622,1,6656.9191980000005,45,1771998242,0.8924861019213085,0.8935510646464803,0.8924861019213085,0.8924861019213085,4.051651385906988,0.10206885370434585,0.8924861019213085,-0.4789310605438097,0.0,,0.8924861019213085,-0.4897399501748109,0.8924861019213085,6.729429551082408,6.7234295505937425,,1,0.9937008509467672,-0.9195656139093848,0.8924861019213085,0.44864740684450927,220.0,4015960.0,4015960.0,1.1825963431024145,1765.7137464225355,620076.0,,0.125,16.0
0xb2e65b4130918b8564f02eeaa5884ee659132045,0.13299339976326052,0.35826,1,58.798460000000006,3,1770074668,0.7961988013027002,0.7972637640278718,0.7961988013027002,0.7961988013027002,1.294648671060792,0.05199224149580381,0.7961988013027002,-0.07447500147496963,0.0,,0.7961988013027002,-0.15472907794596352,0.7961988013027002,-0.4544546518184034,-0.40420057534740955,,1,0.9937008509467672,-0.39511619645252993,0.7961988013027002,0.6315037130677158,25.999999,2107046.0,2107046.0,1.431115729703663,41.333330000000004,634736.0,,0.6666666666666666,3.0
0x0f5ca989aa86defe306840e137b8cc3f744a9edf,0.13266259592181207,0.3575886,1,7.407406,2,1770668529,0.7763579157874699,0.7774228785126416,0.7763579157874699,0.7763579157874699,1.0994419784917089,-0.9296113690527896,0.7763579157874699,-0.31738859907065653,0.0,,0.7763579157874699,-0.36038861581065973,0.7763579157874699,-0.4326664670927512,-0.38866645387154747,,1,0.9937008509467672,-0.5570283742529917,0.7763579157874699,0.31578955817177207,1.0,1082114.0,1082114.0,0.5237291589127908,3.454544727272727,-984057.0,,0.2727272727272727,11.0
0x88bd568e0e4b504b432d717bbb079059dd77cddb,0.13261864213373256,0.35749927,1,865.5357240000001,19,1772109594,0.06563675929055122,0.06572439181296853,0.06563675929055122,0.06563675929055122,0.3814039445002,3.7083909668897492,0.06563675929055122,1.0871105524672564,0.0,62.119719,0.08433086671478594,1.0700459922046743,0.1686617334295719,6.783100022949448,6.810100022488626,,2,0.9937008509467672,-0.9499249822168457,0.06563675929055122,0.0,0.0,163462.0,163462.0,0.0466070717796008,0.0,-3343774.0,,,0.0
0xadb59ee94316fba0fc9e8265aed5f47781d0ff49,0.1324964371728303,0.3572508,1,841.9706000000001,11,1769309652,-7.464125213653016e-07,2.5502427813314447e-06,-7.464125213653016e-07,-7.464125213653016e-07,0.0010552367203262498,-0.11796218803927724,-7.464125213653016e-07,-0.050317766645415214,0.0,-32.548633333333335,-0.0151849385833598,-0.05915024350488249,-0.030369130754198233,-0.6604771463637429,-0.6355787576742669,,1,0.9937008509467672,-0.1865397676043685,-7.464125213653016e-07,0.37427269798921864,249.999998,1760.0,1760.0,0.0024883570339915228,249.271624,-705534.0,,0.0,3.0
0x8eeaf75afb4d8cec38012e8cc2f473a6161182aa,0.13248329450261767,0.35722408,1,343.478259,2,1770535345,0.8189563374242346,0.820021300149406,0.8189563374242346,0.8189563374242346,1.1596852441061085,-0.04699998622620252,0.8189563374242346,0.1610000137737974,0.0,,0.8189563374242346,0.08000000406031738,0.8189563374242346,-0.21900004022622405,-0.15899998622620243,,1,0.9937008509467672,-0.5207166590735529,0.8189563374242346,0.12055304632649001,53.15,1139127.0,1139127.0,0.5893091883183902,67.88349961538462,-793860.0,,0.1,10.0
0x70d9515334841c2cac40f4e2e34981f536fad36c,0.13167952421085985,0.3555849,1,295.881398,8,1769952892,6.377277774678017e-06,8.857498921808203e-06,6.377277774678017e-06,6.377277774678017e-06,0.0026241229999145153,-0.34820173048434977,6.377277774678017e-06,-0.24156403733479884,0.0,29.611778315000006,0.056695600034704474,-0.2614337755960997,0.11338482279163427,-0.5106560453931003,-0.4841560728160153,,2,0.9937008509467672,-0.3619147951754146,6.377277774678017e-06,1.0,40.619999,626.0,626.0,0.0004635203556519125,40.619999,-1349908.0,,0.0,1.0
0x7cde7800543f1e5ca87447b9f80b095aa73f1af7,0.13150941595261784,0.3552369,1,75.582,3,1770919739,0.30848420272469745,0.30883919029975465,0.30848420272469745,0.30848420272469745,0.5349251689676081,0.73,0.30848420272469745,0.19866666666666652,0.0,0.29070000000000024,0.3093716716623404,0.18666666596466652,0.3102591405999834,0.719999974656,0.755999974656,-0.1910804193661867,1,0.9937008509467672,-0.6979609285901046,0.30848420272469745,0.0,0.0,79896.0,79896.0,0.034476851238531774,0.0,-2237485.0,,,0.0
0x3d9422b7d3b74850b2fb5dc6894ed4f33f69cf79,0.13025195285353422,0.3526525,1,598.0577109999999,9,1770239063,0.8698995904943956,0.870964553219567,0.8698995904943956,0.8698995904943956,2.134712749576748,0.5121411146996984,0.8698995904943956,0.2680543277032289,0.0,,0.8698995904943956,0.23079951429053933,0.8698995904943956,-0.567545381713507,-0.5220375706715813,,2,0.9937008509467672,-0.43993737930425264,0.8698995904943956,0.2782222245230618,34.999999,,,,93.74999941666665,,,0.0,10.0
0x543672da57a53631e28cd4c22e59b071cacce25d,0.12902625741958287,0.3501129,1,7384.181199999998,37,1770139340,-0.0033348128633791494,0.029272246245216977,-0.0033348128633791494,-0.0033348128633791494,0.15693101157906164,-0.2798910504635582,-0.0033348128633791494,-0.27210379639468907,0.0,-35.51222413793104,-0.0132727495441348,-0.2781387219320164,-0.02321068622489045,-0.2998250943357531,-0.2573250980367617,,3,0.9937008509467672,-0.412748579051676,-0.0033348128633791494,0.8922448979591837,227.5,111216.0,111216.0,0.07235998860103762,227.5,-1425766.0,,0.0,2.0
0x9159430138f6c25a37c8349bffc09419d64776df,0.12879103970353495,0.34962317,1,10.0,2,1768746546,0.4781682636020339,0.4792332263272055,0.4781682636020339,0.4781682636020339,0.6777381282117491,-0.19064722970519654,0.4781682636020339,0.201614508816116,0.0,,0.4781682636020339,0.17461450819769636,0.4781682636020339,-0.1416145120742618,-0.1416145120742618,,1,0.9937008509467672,-0.03301273216592958,0.4781682636020339,0.5055852997554364,6.15,1309531.0,1309531.0,9.08210808111632,6.15,1165343.0,,0.0,2.0
0x642bcf1538a374aa81e7450e72c8c149dcbca050,0.12859869450197137,0.34922215,1,1.999998,2,1771685002,0.8722046099347219,0.8732695726598935,0.8722046099347219,0.8722046099347219,1.2349896732633783,-0.08399895075770572,0.8722046099347219,-0.006998948120653248,0.0,,0.8722046099347219,0.006001075680301401,0.8722046099347219,6.582001075680301,6.545001051879347,,1,0.9937008509467672,-0.8341628503431351,0.8722046099347219,0.27148519312978336,1.4349984999999998,2093675.0,2093675.0,0.6791815727018754,1.46249875,-988969.0,,0.25,4.0
0xd5c51f8533f6ef85332c195bf90609bfcd2e5397,0.12859869450197137,0.34922215,1,4.5,2,1771684996,0.872204471915514,0.8732694346406856,0.872204471915514,0.872204471915514,1.2349894780747428,-0.08400000051799963,0.872204471915514,-0.006999997880947165,0.0,,0.872204471915514,0.006000000000000227,0.872204471915514,6.582,6.545000002119052,,1,0.9937008509467672,-0.8341612144837895,0.872204471915514,0.26668694875065707,1.7449995,2153311.0,2153311.0,0.6985286627881704,1.73499925,-929327.0,,0.25,4.0
0x2fccc0dc27101d9d908b63d0c0111f0e9bb1e74c,0.12811584109708216,0.3482132,1,739.9782660000004,36,1770061670,0.8029816524041695,0.8040466151293412,0.8029816524041695,0.8029816524041695,3.3809619189732194,0.2579094309256298,0.8029816524041695,0.13666011423504987,0.0,,0.8029816524041695,0.04878897474616801,0.8029816524041695,-0.2845279344449834,-0.22451981847513583,,2,0.9937008509467672,-0.391572379823638,0.8029816524041695,0.2192541211145544,99.999999,2567507.0,2567507.0,1.7593955233699168,148.0941097368421,1108195.0,,0.3333333333333333,9.0
0x7a8755b38f2221545b92864f9a3bba64c467711d,0.12776724983513893,0.34748277,1,31.25,2,1769581375,0.5527156543640437,0.5537806170892153,0.5527156543640437,0.5527156543640437,0.7831640592669101,0.29970326620993043,0.5527156543640437,0.0810702972702828,0.0,,0.5527156543640437,0.02907032193779234,0.5527156543640437,-0.6956175099667392,-0.6406175392167495,,1,0.9937008509467672,-0.26062320242914205,0.5527156543640437,0.05989942298772575,4.9999985,337653.0,337653.0,0.3448898231593527,6.74999725,-641364.0,0.0,0.0,24.0
0xbf595da1284efd27702e9135d515531ca2e45000,0.12766407547507963,0.34726626,1,2246.9755959999998,12,1771447374,5.515021354111034e-07,-3.983070977969081e-06,5.515021354111034e-07,5.515021354111034e-07,-0.0016604771543482096,0.0,5.515021354111034e-07,0.0,0.0,52.12927293333332,0.012749507325632752,0.0,0.025498463149130093,,,0.42472760405744264,1,0.9937008509467672,-0.7708338274991773,5.515021354111034e-07,1.0,99.999999,432.0,432.0,0.0001518444887480422,99.999999,-2844584.0,,0.0,1.0
0x3de4eddf66cab9634686c151d2d7a30b9dc1b049,0.12762638807235344,0.34718713,1,39.0012,6,1770927643,0.3120340784752693,0.31238906605032657,0.3120340784752693,0.3120340784752693,0.7546914230188096,0.052688918858170064,0.3120340784752693,0.0773330765571389,0.0,-0.01666666666666668,0.31173486440323867,0.06469315747419893,0.31143565033120796,0.4550000511245297,0.48349999999999904,-0.2381395258643486,1,0.9937008509467672,-0.6343210924704938,0.3120340784752693,0.1478811430429526,2.4276,79962.0,79962.0,0.03438804275604926,2.7188249166666663,-2245323.0,,0.0,8.0
0x9d8df9b09278448e81ea69cec90d2fc81189b8f8,0.12652891452233453,0.34487417,1,3540.0712000000003,25,1771423856,0.5925119633791576,0.5999322123332683,0.5925119633791576,0.5923437790984607,1.8142139146497132,-0.43341466596297634,0.5914187655546278,0.09917549410645958,0.0,-26.773000000000003,0.5879721205142826,0.11370182321867571,0.5834322776494076,-0.4681075448278822,-0.46555754445539216,,2,0.9937008509467672,-0.7629631629013274,0.5925119633791576,0.0,0.0,27362.0,27362.0,0.009697685413918421,0.0,-2794136.0,,,0.0
0xe9b80c387ba77a585423b13c850c2e126c3befd8,0.1265063742496364,0.3448265,1,31.25,2,1770410191,0.7231096903914946,0.7241746531166662,0.7231096903914946,0.7231096903914946,1.0241376159644209,-0.19221358640099492,0.7231096903914946,-0.6119126073623883,0.0,,0.7231096903914946,-0.6659126073623883,0.7231096903914946,-0.9983690287904908,-0.9433690286000908,,1,0.9937008509467672,-0.4865942689848975,0.7231096903914946,0.3775378227994366,10.0,1470589.0,1470589.0,0.8134540081965536,373.70006646938776,-337244.0,,0.21052631578947367,38.0
0x04388d9967802d6b9e2a065c70300f457f8ca06b,0.12596869683640688,0.34368688,1,785.293596,12,1771447168,1.6356454097555047e-07,-3.0602397988973957e-07,1.6356454097555047e-07,1.6356454097555047e-07,-0.0004347693599173142,0.0,1.6356454097555047e-07,0.0,0.0,51.34459873,0.04019426581058368,0.0,0.0803883680566264,,,0.6652540840021567,1,0.9937008509467672,-0.9347943738434815,1.6356454097555047e-07,0.3469105794956973,90.738,149449.0,149449.0,0.05253391263388416,96.37828528571428,-2695361.0,,0.0,4.0
0x295d18221a27bf918e6ca8d26e7a201b3a7e267d,0.12501505398660098,0.34165534,1,8.82,2,1772001136,0.9148029809223768,0.9158679436475483,0.9148029809223768,0.9148029809223768,1.2952328672491202,0.5839999999999995,0.9148029809223768,-0.30499999562599905,0.0,,0.9148029809223768,-0.3110000023617444,0.9148029809223768,6.89,6.887000004374,,1,0.9937008509467672,-0.9203546434003845,0.9148029809223768,0.3679800507190938,4.41,1293389.0,1293389.0,0.3805453018702604,5.563,-2105389.0,,0.3333333333333333,3.0
0xb5ebce29a273fa6f79ada747a37a00b3f6cf24de,0.12465357838923594,0.34088182,1,105694.29726900002,96,1771721392,-0.2955397219024202,-0.29586846464091004,-0.2955397219024202,-0.2955397219024202,-0.7465981070749954,0.0,-0.2955397219024202,0.0,0.0,95.27490836400007,-0.29073151287983934,0.0,-0.2859233038572584,,,-1.1029685348207234,4,0.9937008509467672,-0.888971772429063,-0.2955397219024202,0.391438500099729,816.16213,434275.0,434275.0,0.1392338140590965,2275.8955996,-2684759.0,,0.8333333333333334,6.0
0x11e97fbb331a41d0548012a3d0c8121f56523980,0.12409348672240011,0.33967948,1,73.99,3,1769146752,0.1842385514546812,0.18459353902973843,0.1842385514546812,0.1842385514546812,0.31972538834845554,0.09414065195453758,0.1842385514546812,0.19437507368884768,0.0,3.4299999999999975,0.19045083401818202,0.15904174144156286,0.19666311658168284,0.3879143773347697,0.44191437570569697,,1,0.9937008509467672,-0.14212618637290994,0.1842385514546812,0.2956826973841499,48.41053,1307379.0,1307379.0,2.4015308765342747,113.29432457142856,762985.0,,0.08333333333333333,12.0
0xd2f6e7843317ca09eeaa05963253c9b0d9a2984f,0.12375598677701836,0.33895272,1,206.67374999999998,4,1772195687,0.8114071895826107,0.8124721523077822,0.8114071895826107,0.8114071895826107,1.4617635986928081,6.091581949812205,0.8114071895826107,6.117164220177937,0.0,,0.0,6.080581944712204,0.0,6.102395487453052,6.140541055044485,,1,0.9937008509467672,-0.9733976553228,0.8114071895826107,0.15292482117799874,14.999999,768597.0,768597.0,0.2138955269612106,18.7099944,-2824732.0,,0.15384615384615385,13.0
0x20fe533f051142d8cfc32880992f026cbcb75605,0.12354860051852962,0.3385053,1,553.2725360000001,19,1771442338,0.7083918579888367,0.7094568207140084,0.7083918579888367,0.7083918579888367,2.5422944748308662,-0.8039024501472452,0.7083918579888367,-0.3281032951049334,0.0,,0.7083918579888367,-0.31635628434033736,0.7083918579888367,-0.7852721333684777,-0.7862195008763065,,2,0.9937008509467672,-0.7680021549720445,0.7083918579888367,0.22293023184181743,49.999999,2330192.0,2330192.0,0.820495918985345,65.92444377777777,-509788.0,,0.0,5.0
0xdc9dc5bb21bb5e8bc8059651e230eb623ed6930f,0.12329137562394102,0.33794945,1,4791.282413,20,1768837272,0.5995225733367654,0.6004924482045472,0.5995225733367654,0.5995225733367654,1.5631065932159556,-0.34835373546726933,0.5995225733367654,-0.0964469699803078,0.0,-2.2712998666702253,0.5992183826120404,-0.09783103077653682,0.5989141918873154,-0.862269274666956,-0.8519490315107395,,4,0.9937008509467672,-0.0577485613298664,0.5995225733367654,0.2936334157702278,31.0,588495.0,588495.0,2.5051508211515703,115.67997596875,353581.0,,0.0,16.0
0x8897ec2e0dd64b8c95180ac94db117dad05fd8de,0.1232022247808444,0.33775657,1,244.75,5,1770234017,0.0,0.0,0.0,0.0,0.0,-0.2814259259259259,0.0,-0.24176338922042243,0.0,79.875,0.08506389767307897,-0.26112962843890675,0.17012779534615793,-1.1704074011641576,-1.131674926588993,,1,0.9937008509467672,-0.43856162159465206,0.0,0.5200000032000001,37.4999995,158.0,158.0,9.683395856609746e-05,37.4999995,-1631501.0,0.0,0.0,2.0
0xd43a88f36e8921a97fd397432d08f56604b21c11,0.12302711510013317,0.33737737,1,261.3446660000001,17,1771228661,0.1306565266320333,0.1308162529422042,0.10964971243542819,0.1306565266320333,0.6723993730728095,1.3242197642724873,0.1306565266320333,0.5691841556359365,0.0,-2.0666667624999993,0.030623615707868476,0.563244397523378,0.03762588913553142,5.6903726225639,5.697497625592508,-0.05115477864145901,5,0.9937008509467672,-0.763144198002234,0.11044845061780861,0.0,0.0,153462.0,153462.0,0.058432709401771234,0.0,-2472841.0,,,0.0
0xfed877351f3333721f03d8fe9c0804832189772a,0.12237645212965555,0.33596426,1,81.866281,5,1768946868,0.5435552434435206,0.5446202061686921,0.5435552434435206,0.5435552434435206,1.2025669947235256,0.2902057271492517,0.5435552434435206,0.1794593155562344,0.0,,0.5435552434435206,0.1314516003329928,0.5435552434435206,0.16785542628102884,0.2012554255906441,,2,0.9937008509467672,-0.08762916813553204,0.5435552434435206,0.1909066339201979,5.0,1146557.0,1146557.0,3.328080462105599,18.49739518309859,802047.0,,0.13953488372093023,43.0
0x763e775e20b624a45f0463f670628bf0ab09586e,0.1222916470343744,0.3357796,1,395.16719800000004,11,1772213087,-4.013219361767641e-08,7.825778081048056e-07,-4.013219361767641e-08,-4.013219361767641e-08,0.000806265857864675,3.114655903786824,-4.013219361767641e-08,3.129659688471678,0.0,-5.355199810000362,-0.005917328792287147,3.108655892281202,-0.011834617452380675,6.247101979703634,6.286771164387676,,1,0.9937008509467672,-0.9781416474248711,-4.013219361767641e-08,0.3787687998517745,53.0,517365.0,517365.0,0.14328546949937257,69.66666633333334,-3093364.0,,0.0,3.0
0xd3a7215ef43cb2f195748cce0edfd3c8234ec2dc,0.1221931773361631,0.33556506,1,5.653851,2,1771728656,0.8828540988470166,0.8839190615721882,0.8828540988470166,0.8828540988470166,1.1754630930588348,0.07599999756449177,0.8828540988470166,0.07399999756449173,0.0,,0.8828540988470166,0.08300001620036182,0.8828540988470166,6.660499971199401,6.625999993236412,,1,0.9937008509467672,-0.8460648176548484,0.8828540988470166,0.10839087916086323,5.8464,317702.0,317702.0,0.10162243010743058,6.280422476190476,-2808596.0,,0.0,13.0
0xeab257bc2ac0b9a42d3cdb83c5df34b2304ec5dd,0.12123198837842541,0.33346295,1,36.830768,2,1768625462,0.371671996867883,0.37273695959305453,0.371671996867883,0.371671996867883,0.52712966345421,-0.2578939881479876,0.371671996867883,-0.30531594206716595,0.0,,0.371671996867883,-0.30531594206716595,0.371671996867883,-0.19082266062791006,-0.19082266062791006,,1,0.9937008509467672,0.0,0.371671996867883,0.633164306220539,49.469999,46172.0,46172.0,1.9984418282548477,49.469999,23068.0,,0.0,2.0
0x12b6a49c9285f1b44b767417dd25af51f094236a,0.12086499886574592,0.33265656,1,1248.995099,30,1771866796,-0.0021299335952517226,-0.002342926954776894,-0.0021299335952517226,-0.0021299335952517226,-0.005238933920275039,1.3281185405418154,-0.0021299335952517226,0.15078995172929202,0.0,77.41694671500001,0.047338211323491995,0.14425807168437532,0.09680635624223571,6.465708330622348,6.4625833373555155,,2,0.9937008509467672,-0.8837277526537046,-0.0021299335952517226,1.0,2.222,953687.0,953687.0,0.2921443139676722,2.222,-2310751.0,,0.0,1.0
0xae2703acf2e65b6cef0eaebad67b60220682d571,0.11985308413695149,0.33042207,1,327.5488,14,1769638956,0.0,-9.890926507136008e-19,0.0,0.0,-8.274511605455828e-10,0.020794000351967584,0.0,0.11086189560409387,0.0,-11.635885714285719,-0.034886780856054705,0.11009612976079432,-0.06977356171210941,-0.6152448967711839,-0.6142448979591839,0.42472760405744286,2,0.9937008509467672,-0.276322271925082,0.0,1.0,58.31,1388.0,1388.0,0.0013389954447143445,58.31,-1035210.0,,0.0,1.0
0x0858217f2051bc014c89ca27850ead526f637b7e,0.11929396868222157,0.32918045,1,356.20000000000005,19,1772131084,0.11023989373059652,0.11041579421662126,0.11023989373059652,0.11023989373059652,0.5253687857524425,3.732768803216938,0.11023989373059652,1.5511956905443591,0.0,15.205846153846153,0.04724362021117927,1.536387790435691,0.09448724042235854,6.355333333348167,6.387333331225334,,2,0.9937008509467672,-0.9557840851061278,0.11023989373059652,0.0,0.0,399600.0,399600.0,0.11324200292116758,0.0,-3129126.0,,,0.0
0x1acf6cbb3409c997db2d0d8ba2f243a890b660f4,0.11906588423334352,0.3286725,1,9.166665,5,1770224183,0.8616897053593362,0.8627546680845081,0.8616897053593362,0.8616897053593362,1.8571340581485334,2.4426969931203297,0.8616897053593362,-0.06491618851225633,0.0,,0.8616897053593362,-0.09870769123415285,0.8616897053593362,1.3156004013257778,1.359736873616955,,3,0.9937008509467672,-0.43588044812730914,0.8616897053593362,0.13564300783382655,0.999999,178553.0,178553.0,0.11009387572641931,0.9588255,-1443272.0,,0.0,8.0
0xde6fec2bc382610f0f2ac16d34a553ebf0da4446,0.11881120154226224,0.32810432,1,1000.0,7,1771278191,0.0,1.2258564757260189e-17,0.0,0.0,3.2518426729737407e-09,0.2860000118035168,0.0,0.08450186440262913,0.0,-2.0000000000000018,-0.001331203406464461,0.07850186440262913,-0.002662406812928922,-0.5659999999999998,-0.5509999999999998,,1,0.9937008509467672,-0.7232485876399375,0.0,0.5041083411536337,60.70972,1830.0,1830.0,0.000683899182049104,52.95043999999999,-2674003.0,0.0,0.0,3.0
0x2ff8d28ec609a55a415d524008e1a425d3a5f302,0.11864952651288534,0.32774308,1,40.0,2,1769906358,0.5314163998606123,0.5324813625857839,0.5314163998606123,0.5314163998606123,0.7530423646797212,-0.6485396672266109,0.5314163998606123,-0.43154773560493737,0.0,,0.5314163998606123,-0.4195477301502949,0.5314163998606123,-0.7576753236814713,-0.7426753291361137,,1,0.9937008509467672,-0.34922761537784125,0.5314163998606123,0.280237195231057,20.0,1224844.0,1224844.0,0.9392975460122699,19.7319998,-79156.0,,0.0,4.0
0xb3712c27d09f2401182777bbd03313a38ee6e373,0.11842857733413566,0.32724872,1,293.361106,11,1771525958,0.2317832630166353,0.265393905512128,0.2317832630166353,0.2317832630166353,1.034781565845522,-0.3582954374811618,0.2317832630166353,-0.06013752385196258,0.0,-6.010199716679129,0.22127672099278117,-0.048582683197181724,0.21077017896892705,1.7117901963234472,1.7026473387335073,,2,0.9937008509467672,-0.7908005813844114,0.2317832630166353,0.179991851922095,1.831599,712699.0,712699.0,0.2437744561499521,8.308717045454545,-2210901.0,,0.3333333333333333,15.0
0xf4483de954babe863277526686a24491e444f7bf,0.1183345012080181,0.327038,1,421.04631400000005,4,1771342399,-1.5970149399545498e-07,1.2935825119079552e-05,-1.5970149399545498e-07,-1.5970149399545498e-07,0.003340463892309884,0.323004856225264,-1.5970149399545498e-07,0.28600427710793286,0.0,-4.210399340019782,-0.0026625261717108783,0.2795041793369364,-0.005324892641927761,-0.7229999746065001,-0.7079999739795001,,1,0.9937008509467672,-0.7407544637830283,-1.5970149399545498e-07,0.5001788910369552,25.0,14308.0,14308.0,0.005221819673501236,26.171626333333336,-2725733.0,,0.0,2.0
0xbcd792c0c696b770604f464eaf243099ac70d3cc,0.11780372418066504,0.3258463,1,10.204080000000001,2,1769690636,0.5420660479856008,0.5431310107107724,0.5420660479856008,0.5420660479856008,0.768103241492581,-0.2050815905950938,0.5420660479856008,0.08146358077438216,0.0,,0.5420660479856008,0.0904635846943828,0.5420660479856008,-0.5549360528505575,-0.5599360528505575,,1,0.9937008509467672,-0.2904124737546816,0.5420660479856008,0.6875165244855538,4.999999,1351920.0,1351920.0,1.242256114705985,40.301053059999994,263642.0,,0.15,40.0
0x154d05061fdf1532aa14134ac894a57352a799f9,0.11720102445894294,0.3244875,1,141.6,5,1772166940,0.25523606646611907,0.25559105404117627,0.25523606646611907,0.25523606646611907,0.44269669155939984,1.6152646196049663,0.25523606646611907,1.6215979529382993,0.0,-14.749999999999996,-0.01774937875285946,1.6109312863942995,-0.03549875750571892,4.833793868121723,4.864793858814898,-1.0524388386514667,1,0.9937008509467672,-0.974572202332899,0.25523606646611907,,,,,,,,,,
0x53a05981790b13bb9f168eeda1ba25821df8a961,0.11704982595096833,0.32414567,1,3400.034598,6,1771335101,1.0763348124139741e-08,1.7006089288934347e-07,1.0763348124139741e-08,1.0763348124139741e-08,0.0003782535192891504,0.2800000590355517,1.0763348124139741e-08,0.8445001517961289,0.0,78.41266713999853,0.0066560264904304825,0.8395001507552683,0.01331204221751284,-0.885999773943762,-0.8709997726422861,,1,0.9937008509467672,-0.738764713532401,1.0763348124139741e-08,0.1556893446762949,470.689972,2271205.0,2271205.0,0.8311081576277023,468.62759372727265,-461538.0,,0.7142857142857143,7.0
0x898a9748b2b152160763dc5f41d28676a5f0e2d3,0.11673887974727691,0.32344148,1,29.411763,2,1771351287,0.8828541248754314,0.883919087600603,0.8828541248754314,0.8828541248754314,1.2500503617252245,0.7260002003620117,0.8828541248754314,0.5750017867791837,0.0,,0.8828541248754314,0.5660017811631816,0.8828541248754314,-0.6409998044659889,-0.6249997940219865,,1,0.9937008509467672,-0.7431777167602241,0.8828541248754314,0.4206902613862024,5.0,7874396.0,7874396.0,2.864532332410186,16.101795000000003,5125467.0,,0.2,10.0
0x1a2ba8428fc88613a0f6c576c4ca9f451897cae0,0.1161863787001067,0.3221862,1,55.0,2,1772114738,0.9680511171809552,0.9691160799061268,0.9680511171809552,0.9680511171809552,1.3705371037170924,7.328999995140496,0.9680511171809552,0.7529999999999999,0.0,,0.9680511171809552,0.7229999999999999,0.9680511171809552,7.281000010560053,7.305,,1,0.9937008509467672,-0.9513274589624235,0.9680511171809552,0.30969076100712206,14.914998,7957845.0,7957845.0,2.2656560508828774,14.024999,4445465.0,,0.4,4.0
0x01c90bfd11638c4dacf5ca6ae6e496b36e09f239,0.11608912690387971,0.3219647,1,60.0,2,1771679266,0.0,0.0,0.0,0.0,0.0,0.07900037172569183,0.0,0.11850000540499181,0.0,0.0,0.0,0.1290000450300279,0.0,6.825000000142079,6.789000010809984,,1,0.9937008509467672,-0.8325989688087972,0.0,0.8221087257617727,136.0,48184.0,48184.0,0.015659876733395993,101.33333333333333,-3028724.0,,0.5,2.0
0x7c13149c2a6f7461a05c054d76839ddf8a24e0b9,0.11587837862448935,0.32148418,1,417.060303,4,1771446100,0.6174196088343755,0.6184845715595471,0.6174196088343755,0.6174196088343755,1.0269813746099523,-0.9052446406635412,0.6174196088343755,-0.5676859604099191,0.0,,0.6174196088343755,-0.5666859616259194,0.6174196088343755,-1.3131353462130746,-1.3081353449970743,,1,0.9937008509467672,-0.7690278387816992,0.6174196088343755,0.6559605074660491,113.2499995,16069384.0,16069384.0,5.650788292327504,113.2499995,13225642.0,,0.0,2.0
0x6211acd6751019a397c628376f9b7b4d962f17c0,0.11501468755453441,0.31950688,1,19.999998,2,1769955324,0.6272630547320179,0.6283280174571895,0.6272630547320179,0.6272630547320179,0.8885900039069563,-0.5674585660278304,0.6272630547320179,-0.5905497287210837,0.0,,0.6272630547320179,-0.6265497287210836,0.6272630547320179,-0.55845856602783,-0.55245856602783,,1,0.9937008509467672,-0.3625778634968075,0.6272630547320179,0.22581313852928603,9.999999,1024322.0,1024322.0,0.7570936741943256,11.081649375000001,-328644.0,,0.3333333333333333,6.0
0x66876823d7353fd9ce80429382157611b246f85b,0.11467603407192314,0.31872806,1,34.6612,22,1771371479,0.0952933210609484,0.12323140105556714,0.0952933210609484,0.0952933210609484,0.44136142459293165,-0.00729587500346246,0.0952933210609484,0.23938228603041406,0.0,0.27082857142857136,0.10971443773509311,0.24076056802531115,0.12413555440923782,0.800568227661945,0.7983182280014514,,3,0.9937008509467672,-0.7486829287444207,0.0952933210609484,0.016886836457560707,0.8466,305030.0,305030.0,0.11015408860790121,1.1222254236559142,-2464091.0,0.0,0.17777777777777778,90.0
0xdda7885ab47766b9e25f30585721cc3330062430,0.11444131624903563,0.3181871,1,37.364129000000005,4,1771421054,0.7788750288306079,0.7799399915557794,0.7788750288306079,0.7788750288306079,1.5468520881985413,-0.5193665707690522,0.7788750288306079,-0.0005724652367284921,0.0,,0.7788750288306079,-8.156005599396776e-05,0.7788750288306079,-1.2842911239012806,-1.2777911162592719,,1,0.9937008509467672,-0.7621992165869594,0.7788750288306079,0.027220561821604705,1.099999,200777.0,200777.0,0.07123045550140916,1.4008823766233767,-2617919.0,,0.34545454545454546,55.0
0xda2183540bd629cc3bc1a58ecfc601e5d88afc0a,0.11434460029718119,0.3179639,1,1.999998,2,1771848764,0.8615549741633124,0.862619936888484,0.8615549741633124,0.8615549741633124,1.2199288139211175,-0.7209990140556448,0.8615549741633124,-0.40499901503964525,0.0,,0.8615549741633124,-0.39999899059752597,0.8615549741633124,6.470000984960355,6.467000984960355,,1,0.9937008509467672,-0.8788114500339032,0.8615549741633124,0.6538915130302853,1.6,1716610.0,1716610.0,0.528772433269283,4.223666333333333,-1529796.0,,0.0,3.0
0x584cabcf9ef8faad58e50618cb7c07883f30623f,0.11409620870156942,0.31738994,1,766.4583319999999,2,1770484045,0.8083067093500524,0.809371672075224,0.8083067093500524,0.8083067093500524,1.144624395649371,-0.02899999755626096,0.8083067093500524,-0.1379999926362601,0.0,,0.8083067093500524,-0.2369999926362601,0.8083067093500524,-0.8649995286341254,-0.7779995286341255,,1,0.9937008509467672,-0.5067300616691709,0.8083067093500524,0.25184172207543887,4.6727,1316219.0,1316219.0,0.6994888097754833,119.89192922727275,-565468.0,,0.125,16.0
0xde1ff9bd29ad0a7224668a19dfa6faccf41bf004,0.11368611031558143,0.31643993,1,74.44444299999999,3,1771463854,0.7777883823484266,0.7788533450735983,0.7777883823484266,0.7777883823484266,1.2664382214413261,-0.5755703709351453,0.7777883823484266,0.07784806955624791,0.0,,0.7777883823484266,0.10011672791668455,0.7777883823484266,-0.6378237323483957,-0.6308237323483957,,1,0.9937008509467672,-0.7738683465851572,0.7777883823484266,0.20418549601476116,10.0,1825318.0,1825318.0,0.6378894116923456,12.083332666666669,-1036178.0,0.0,0.3333333333333333,6.0
0x7a5764eb37a6e572130274f8388b77fa370ba966,0.11353951747672046,0.3160996,1,16.663331999999997,4,1771494102,0.00014842613399759764,0.00014906498386272764,0.00014842613399759764,0.00014842613399759764,0.010541540088591376,-0.3133528420907307,0.00014842613399759764,-0.09480585668165922,0.0,5.8060105997600955,0.09291475988248679,-0.09480585668165922,0.18568109363097599,-0.8411214091483707,-0.8391214091483707,,1,0.9937008509467672,-0.7821152588324818,0.00014842613399759764,1.0,2.499999,144.0,144.0,4.979693914814036e-05,2.499999,-2891600.0,,0.0,1.0
0x2583d045f598321609e423cd747e6392fd212162,0.11336066910500645,0.3156839,1,400.0,7,1772221699,0.854526194002535,0.8555911567277067,0.854526194002535,0.854526194002535,1.7554107826100045,6.417540786020245,0.854526194002535,6.447220805283033,0.0,,0.0,6.407540785878623,0.0,6.443791540839803,6.482317257897576,,1,0.9937008509467672,-0.980489650872172,0.854526194002535,0.5575675430226245,149.32999949999999,9957780.0,9957780.0,2.7512688083272616,149.32999949999999,6338439.0,,0.0,2.0
0xc62d4870de1b38646bc8a73890f531742b913954,0.11327718223555587,0.31548965,1,683.903763,12,1771506124,1.0529512116238774e-05,1.1631327579034e-05,1.0529512116238774e-05,1.0529512116238774e-05,0.0029022599151063743,-0.3161802960390298,1.0529512116238774e-05,-0.16848255878029741,0.0,61.93374446400001,0.08212715042142639,-0.16290415591418325,0.16424377133073656,-0.5654878364768489,-0.564487836476849,,1,0.9937008509467672,-0.7853929756744988,1.0529512116238774e-05,1.0,9.999999,62.0,62.0,2.135158273772749e-05,9.999999,-2903704.0,,0.0,1.0
0xb825e46871b4bb9155f17c07d6055b2a3322d5fe,0.11322241592826768,0.31536216,1,3.703702,2,1771594516,0.7763579819217097,0.7774229446468813,0.7763579819217097,0.7763579819217097,1.0994420720196476,-0.5842219010403749,0.7763579819217097,-0.6514997649036047,0.0,,0.7763579819217097,-0.6414997357435913,0.7763579819217097,5.214157714566696,5.186157685406682,,1,0.9937008509467672,-0.80949245555302,0.7763579819217097,0.17915211213075477,4.999999,952903.0,952903.0,0.3184668055630752,16.64316772,-2039255.0,0.0,0.13636363636363635,22.0
0xb12897c1a963e73a3e1682398c03fce18d57cf58,0.11312742982673035,0.3151409,1,526.315788,2,1771701948,0.8615548461206674,0.8626198088458389,0.8615548461206674,0.8615548461206674,1.219928632841472,-0.40599998891919997,0.8615548461206674,0.07200001108079977,0.0,,0.8615548461206674,0.08300001135439977,0.8615548461206674,6.4960000113544,6.4640000110808,,1,0.9937008509467672,-0.8387830624213936,0.8615548461206674,0.22497846561500948,9.999984,1587210.0,1587210.0,0.5120709513193681,97.21106014893618,-1512380.0,,0.32,25.0
0x6b2073f6378feeeda577d2b481305d766527781c,0.11308680305987612,0.31504622,1,1188.5941829999997,17,1771507288,-1.8628841554070624e-07,1.9693346785731793e-06,-1.8628841554070624e-07,-1.8628841554070624e-07,0.0012457842266180943,-0.33451020805666515,-1.8628841554070624e-07,-0.15584482031222846,0.0,-133.65719941999998,-0.016519644307949364,-0.14969905452195006,-0.03303910232748319,-0.5741733484371215,-0.5748400152115881,,1,0.9937008509467672,-0.785710332387534,-1.8628841554070624e-07,1.0,328.0,152.0,152.0,5.232484087396254e-05,328.0,-2904778.0,0.0,0.0,1.0
0x38bed2756b51c4d847af0b188db637eeb203e67e,0.11194715044633774,0.31237805,1,261.775558,4,1771696322,4.351363665269691e-06,4.362002696142476e-06,4.351363665269691e-06,4.351363665269691e-06,0.0019517181307269124,-0.08250038398242217,4.351363665269691e-06,0.07700041377707077,0.0,90.88798079999202,0.1088962470504664,0.08300044446722438,0.21778814273726754,6.579000059760001,6.546000058320001,,1,0.9937008509467672,-0.8372491716417239,4.351363665269691e-06,0.21189319469704843,8.9999985,3610.0,3610.0,0.0011667879781406636,8.2788544,-3090354.0,,0.18181818181818182,11.0
0xf29560ea2bdb539ae8546a42e24040d9b18c508f,0.11189569497637496,0.31225702,1,7686.413799999999,26,1771386698,0.13773313782839855,0.13800784000169566,0.13773313782839855,0.13773313782839855,0.6581062372684932,0.004186968733048163,0.13773313782839855,0.08350928177624628,0.0,-14.218066176470579,0.13206944121259886,0.08519577813955746,0.1264057445967992,2.1559108860216787,2.1650358873551663,0.10680044918932825,4,0.9937008509467672,-0.7528617314426072,0.13773313782839855,0.1514311095968397,27.472,408547.0,408547.0,0.14673028437618968,119.15120530508473,-2375793.0,,0.36363636363636365,11.0
0x01a7813f9527892e2038e033ed7e5f943f468c82,0.11178450475290426,0.31199533,1,1.4,1,1771073679,0.9148029809223768,0.9158679436475483,0.9148029809223768,0.9148029809223768,0.9158679436475483,0.34100002133003016,0.9148029809223768,-0.03800000012682069,0.0,,0.9148029809223768,-0.0819999985919993,0.9148029809223768,0.3969999999999999,0.44199999987317906,,1,0.9937008509467672,-0.6674897765606984,0.9148029809223768,0.15538588388866031,1.4,165284.0,165284.0,0.06688083013092998,1.4867142857142857,-2306037.0,,0.14285714285714285,7.0
0x7713a44df6ebb6f958ca404c9620fa244be3f041,0.11089746271410936,0.30989942,1,160.962538,13,1770599893,3.541695039580324e-07,6.817762951192116e-06,3.541695039580324e-07,3.541695039580324e-07,0.002364468402685472,-0.15850129835535337,3.541695039580324e-07,0.10000085961398542,0.0,4.180800740000004,0.0053251244666559444,0.039500357081799664,0.010649894763807932,-0.3999999768141145,-0.27999997917533137,,1,0.9937008509467672,-0.538315233912891,3.541695039580324e-07,1.0,24.039999,438.0,438.0,0.0002192702505838446,24.039999,-1997097.0,,0.0,1.0
0x02409cf2e79ddd948eda3ccb50a00f824ef47fae,0.1106476578162037,0.30930653,1,60.854544000000004,2,1768765302,0.4781682671020609,0.47923322982723243,0.4781682671020609,0.4781682671020609,0.6777381331615346,-0.19064723017297916,0.4781682671020609,-0.0561713434958353,0.0,,0.4781682671020609,-0.09117134252406763,0.4781682671020609,-0.22513086141617009,-0.16613086342393796,,1,0.9937008509467672,-0.038126428480093094,0.4781682671020609,0.3697910716019476,18.5949985,14000.0,14000.0,0.08591908876669285,21.228027333333333,-148944.0,,0.3333333333333333,3.0
0xf2c293b0f1c6ea2872e3e3776223d9f80b4da860,0.11047428776231509,0.30889437,1,5.949999999999999,5,1771758246,0.33389713677437977,0.5942313021125387,0.35456994261594554,0.593488512984898,1.0009004615283252,-0.5491344530431077,0.593488512984898,0.061957084283891815,0.0,-0.027,0.3592682685083202,0.06620078236605428,0.3314808347928981,6.3919999999999995,6.384999999289334,,1,0.9937008509467672,-0.8541323306606118,0.36047641949906106,0.07901243286062586,1.009998,263062.0,263062.0,0.08335593658583575,0.9519212781954889,-2892826.0,,0.06,49.0
0x221b752bf0f7329656aa05a61cd4667a178354e9,0.1102469615358151,0.30835307,1,17.2043,2,1772259471,0.07348242803683819,0.07454739076200975,0.07348242803683819,0.07348242803683819,0.10542593105516096,0.0009351257380638064,0.07348242803683819,0.009935125738063821,0.0,,0.0,0.002935125738063822,0.0,-0.007064874261936194,0.009935125738063821,,1,0.9937008509467672,-0.9907879307388059,0.07348242803683819,0.5266272230314069,12.999999,47650.0,47650.0,0.013029403247862453,12.999999,-3609463.0,,0.0,2.0
0x887da8952ba8daa8ac49c73c036ce82037d4bf10,0.1092054639393606,0.30586052,1,70.73,2,1770947433,0.9148029809223768,0.9158679436475482,0.9148029809223768,0.9148029809223768,1.2952328672491205,0.045000000000000005,0.9148029809223768,0.11300251304473505,0.0,,0.9148029809223768,0.08900251304473503,0.9148029809223768,0.25800001859200195,0.2730000185920019,,1,0.9937008509467672,-0.6330696600711544,0.9148029809223768,0.10204446062015689,9.904,900851.0,900851.0,0.38414592283828874,8.914624285714286,-1444224.0,,0.08333333333333333,12.0
0x43a9be2ab4058925d526c8bcde941bf10cc434da,0.10910606023284614,0.30562153,1,10.0,2,1771671540,0.8509052174120826,0.8519701801372543,0.8509052174120826,0.8509052174120826,1.2048677834875539,-0.0069999927499983985,0.8509052174120826,-0.1638348934652758,0.0,,0.8509052174120826,-0.13783489346527578,0.8509052174120826,6.413,6.384,,1,0.9937008509467672,-0.830492527258188,0.8509052174120826,0.37499998611110996,4.999999,2143783.0,2143783.0,0.6984867629224986,3.9999993333333332,-925399.0,,0.0,3.0
0x0d899c5fcc96c8b850dc00b55d5dcc60d5baad32,0.10863147373601177,0.3044779,1,2123.331927,20,1772255415,0.8687644577534431,0.8698294204786149,0.8687644577534431,0.8687644577534431,3.1824861450691606,6.526691093696216,0.8687644577534431,6.552189547226806,0.0,,0.0,6.523835596256871,0.0,6.564334073106949,6.600348484786553,,1,0.9937008509467672,-0.9896820898212196,0.8687644577534431,1.0,109.65,,,,109.65,,,0.0,1.0
0x6c9d6708d656cbfcb2d0e851f4477b8020baf5a8,0.10850146373059004,0.30416384,1,0.95,1,1771669268,0.8615548446637983,0.86261980738897,0.8615548446637983,0.8615548446637983,0.86261980738897,0.07400007656008536,0.8615548446637983,-0.08600000000000008,0.0,,0.8615548446637983,-0.05900003098631036,0.8615548446637983,6.495999981099998,6.465999999999999,,1,0.9937008509467672,-0.8298730818526762,0.8615548446637983,0.23268329274674898,1.9999995,1800528.0,1800528.0,0.5870821119628551,2.7616645,-1266382.0,,0.5,6.0
0x825efe4a59391f4c4fc715f9984b0b20c1f4619f,0.10842598549718119,0.30398136,1,5202.145257,5,1772168642,-1.0761923720712015e-08,-1.0008589064068573e-06,-1.0761923720712015e-08,-1.0761923720712015e-08,-0.0009956234270454038,0.0,-1.0761923720712015e-08,0.0,0.0,-17.340466660000104,-0.0013312128226359325,0.0,-0.0026624148833481443,,,-1.0398366929098866,1,0.9937008509467672,-0.9671598509950251,-1.0761923720712015e-08,0.28929663511223624,267.169999,106600.0,106600.0,0.029891057470465054,806.9868617857143,-3459684.0,0.0,0.4,10.0
0xb6682dc95069bb83ddf8266a00b7fee732f2bbf5,0.1082018078869385,0.30343872,1,33.905637999999996,3,1768674530,0.41594546270189825,0.41701042542706984,0.41594546270189825,0.41594546270189825,0.6839323999267605,-0.2159689958352893,0.41594546270189825,-0.1316818074471169,0.0,,0.41594546270189825,-0.1316818074471169,0.41594546270189825,-0.1481053679051102,-0.1481053679051102,,1,0.9937008509467672,-0.013378057727840445,0.41594546270189825,0.2267790843863277,29.999999,9522.0,9522.0,0.13193482236878568,29.981999000000002,-62650.0,,0.0,5.0
0xec8ff616dabbbf292b5c2655132c75c8d83494d5,0.10789513671475177,0.3026948,1,5459.295902,23,1771467816,-8.098365446630023e-08,4.791532942310919e-07,-8.098365446630023e-08,-8.098365446630023e-08,0.0006019128534592069,-0.3843509657723693,-8.098365446630023e-08,-0.2139962535471871,0.0,-200.88330647333524,-0.019928864345410545,-0.20096806233023382,-0.03985764770716662,0.45725863049694726,0.4531418057193135,,1,0.9937008509467672,-0.7749485590396633,-8.098365446630023e-08,0.15280147477699854,999.999999,2920.0,2920.0,0.0010190343044637193,750.624999625,-2862538.0,,0.0,7.0
0xfac6df85912caa4df35047cce3448b99c3834c62,0.10784688749496396,0.30257758,1,34.724799999999995,4,1771459766,0.2481363149649753,0.24849130254003252,0.2481363149649753,0.2481363149649753,0.6086665568322176,-0.24876558111340719,0.2481363149649753,-0.04290537463001223,0.0,-1.183800000000001,0.24281150133911744,-0.0345720412966789,0.2374866877132596,-0.6814386814100791,-0.6764386813952027,0.17111768672775443,1,0.9937008509467672,-0.77424895652622,0.2481363149649753,0.15470191096949876,22.978650000000002,308501.0,308501.0,0.10796533081730016,27.091265964285714,-2548907.0,,0.25,8.0
0xaabcf76e7f91dcd032fec604366193e0a0a0fbe0,0.1077833692838853,0.3024232,1,2.663332,4,1770248453,0.00015988044150432078,-0.000999252759402005,0.00015988044150432078,0.00015988044150432078,-0.028251109824942736,0.0,0.00015988044150432078,0.0,0.0,0.1596,0.0161143362638898,0.0,0.03206879208627528,,,0.07698003589195009,1,0.9937008509467672,-0.6480301390725822,0.00015988044150432078,0.4375002500003438,0.999999,2714.0,2714.0,0.0016487505277641935,1.5999984,-1643381.0,,0.0,4.0
0x449711a2decab5ee4d94bebcca465f388d73979d,0.10689162379193433,0.3002474,1,1566.825459,11,1769933106,-0.6308114511742102,-0.6318764138993819,-0.6308114511742102,-0.6308114511742102,-1.692670807154467,0.0,-0.6308114511742102,0.0,0.0,,-0.6308114511742102,0.0,-0.6308114511742102,,,0.3871865080770895,0,0.9937008509467672,,-0.6308114511742102,1.0,899.999999,48.0,48.0,3.6069939612909434e-05,899.999999,-1330700.0,,0.0,1.0
0x47fe6d4ed9dc8c2c23143a0119f6bffc1e6c5d05,0.1062026855650383,0.29855546,1,1368.042426,5,1771432066,0.6068730114523049,0.6079379741774763,0.6068730114523049,0.6068730114523049,1.1408694914967983,-0.9111185306605092,0.6068730114523049,-0.5493841629259184,0.0,,0.6068730114523049,-0.5523842439332693,0.6068730114523049,-1.2705033408350928,-1.264503273955018,,1,0.9937008509467672,-0.7652015637724771,0.6068730114523049,0.24110475903086476,72.1788,3176195.0,3176195.0,1.1224462029297722,134.91793563636364,346487.0,,0.0,7.0
0x7fe5b8bcbe7b2425b6f30776f19382a68f0dc71c,0.10612998263115576,0.29837635,1,105.96999999999998,6,1771968370,0.789460576495111,0.7903476601956952,0.789460576495111,0.789460576495111,1.4980150565897874,3.455867559013584,0.789460576495111,0.786530911111747,0.0,1.5930000000000009,0.7275142061825162,0.771363882738215,0.7295153452091255,5.656529245414482,5.678195905876599,-1.1039685348207233,2,0.9937008509467672,-0.9470409621906556,0.789460576495111,0.046006304086137366,6.46,1229649.0,1229649.0,0.36531331439103604,6.83941846153846,-2136363.0,,0.0,27.0
0x7a2d08a02599914454f6b9cfee471c9fc29e77ce,0.10609426419055329,0.29828832,1,4.239996,4,1772241931,0.813744959944216,0.8148099226693879,0.813744959944216,0.813744959944216,1.629414342707969,6.107362797424456,0.813744959944216,6.126384101064567,0.0,,0.0,6.1103628440345235,0.0,6.10050109490483,6.12550112206645,,1,0.9937008509467672,-0.9860057685853388,0.813744959944216,0.03482136861351171,1.069998,1016610.0,1016610.0,0.27932122806713866,2.1719983946037105,-2622963.0,,0.2872340425531915,94.0
0x3e0045f5c1de3b01b981d424691b4ee7e0e5b8c9,0.10518508591505697,0.2960386,1,505.090908,3,1772106870,0.952149515793874,0.9532144785190456,0.952149515793874,0.952149515793874,1.6271801878567322,7.2020676702376525,0.952149515793874,0.6290676891376555,0.0,,0.952149515793874,0.6020676891376555,0.952149515793874,7.1626892394867605,7.18068923948676,,1,0.9937008509467672,-0.9491823020739697,0.952149515793874,0.16159101551617303,11.7,3533782.0,3533782.0,1.0083520901055554,157.13470813147407,29270.0,,0.3116883116883117,77.0
0x5030dd77bdc7c417a0a5b4204cbbb523c7e60805,0.10489807175355524,0.29532483,1,624.8411980000001,8,1769357504,-1.556592440109356e-06,1.7248727039049613e-06,-1.556592440109356e-06,-1.556592440109356e-06,0.0008678359899676424,-0.11567991588961864,-1.556592440109356e-06,-0.14778713995500925,0.0,-157.21743312,-0.04962751532349314,-0.15528716955848434,-0.09925347405454617,-0.7294240821414308,-0.7091838117022468,,1,0.9937008509467672,-0.1995862911715125,-1.556592440109356e-06,0.5,249.999999,6638.0,6638.0,0.008790353123766794,249.999999,-748508.0,,0.0,2.0
0x1af6092931281b7e7f4a6b98c5efccc52c03167d,0.10464548616856634,0.29469526,1,45.0,12,1772207305,0.8615548446637985,0.8626198073889699,0.8615548446637985,0.8615548446637985,2.9882026680259504,6.4750000000000005,0.8615548446637985,6.510999999999999,0.0,,0.0,6.460999999999999,0.0,6.462000000000001,6.510999999999998,,1,0.9937008509467672,-0.9765652243022174,0.8615548446637985,0.15583337910740958,4.5,1316202.0,1316202.0,0.36510994475092146,7.805120596153847,-2288745.0,,0.2,20.0
0x86f7dbacd13c144e334e86ec1639fa9e2854f459,0.1046033194399743,0.29459003,1,68.58,9,1771321797,0.09422384492232252,0.09432526994376744,0.09422384492232252,0.09422384492232252,0.3056488079064407,0.7549413328782968,0.09422384492232252,0.840104038860924,0.0,-1.1950000000000003,0.07907348234398891,0.8358897548583674,0.06392311976565529,4.8312452449837995,4.825245250179804,-0.05586901696266067,3,0.9937008509467672,-0.7631371092784034,0.09422384492232252,0.0,0.0,342722.0,342722.0,0.12602672830683093,0.0,-2376717.0,0.0,,0.0
0x11d40583b57271d5b0d5167dbdec734584303029,0.10454935217147208,0.2944553,1,95.005902,16,1771481556,-8.692159025221288e-06,-8.702644138641339e-06,-8.692159025221288e-06,-8.692159025221288e-06,-0.00277352357895354,-0.032157693336800616,-8.692159025221288e-06,-0.005331122010666031,0.0,-0.008623347272727745,-0.00015110116766882582,-0.00333806444560403,-0.00029351017631243034,2.8969721081682067,2.876972129904509,0.2898742612419763,3,0.9937008509467672,-0.7897928920275576,-8.692159025221288e-06,1.0,9.999999,52.0,52.0,1.8060584926774747e-05,9.999999,-2879146.0,,0.0,1.0
0x3398492372dec15df8b823f9c0fd34726face348,0.1044869045244044,0.2942993,1,265.11764600000004,2,1771353727,0.8828541024611238,0.8839190651862954,0.8828541024611238,0.8828541024611238,1.2500503300266066,0.646000925682593,0.8828541024611238,0.734999742791604,0.0,,0.8828541024611238,0.722999742791604,0.8828541024611238,-0.6399999743283776,-0.6249999743283776,,1,0.9937008509467672,-0.7438429662274112,0.8828541024611238,0.1963776948860814,96.3,43760812.0,43760812.0,15.905104695153577,81.90127523529411,41009443.0,0.0,0.16666666666666666,12.0
0xbb3ad144017ac6c3bdedce7ab03769a53832ac62,0.1044463801122458,0.29419804,1,1.999998,2,1771848794,0.8615549741633124,0.862619936888484,0.8615549741633124,0.8615549741633124,1.2199288139211175,-0.7209990140556448,0.8615549741633124,-0.40499901503964525,0.0,,0.8615549741633124,-0.39999899059752597,0.8615549741633124,6.470000984960355,6.467000984960355,,1,0.9937008509467672,-0.8788196293306308,0.8615549741633124,0.3333333333334074,0.999999,1716114.0,1716114.0,0.5286147640058205,0.9999993333333332,-1530322.0,,0.0,3.0
0xe43fa0c9d7c515565ac31564985ff15b972fc40b,0.10419684971582316,0.2935737,1,221.618198,4,1772211909,4.1473661740983205e-05,4.1526901357672937e-05,4.1473661740983205e-05,4.1473661740983205e-05,0.005873260582643648,3.1151557509206818,4.1473661740983205e-05,3.132656626418716,0.0,70.811100579942,0.1036955620051716,3.1091554509686805,0.2073911240103432,6.220000051678001,6.265000052954001,,1,0.9937008509467672,-0.9778204737066964,4.1473661740983205e-05,0.08542858619041725,9.999999,71309.0,71309.0,0.01975564273783637,17.373407722891564,-3538242.0,,0.4444444444444444,27.0
0x5b870ffdd0440252dda6f4ef539441bd9ca51f5b,0.10363437423680773,0.29216152,1,7.407406,2,1771526788,0.7763579157874699,0.7774228785126416,0.7763579157874699,0.7763579157874699,1.0994419784917089,-0.5852221501964588,0.7763579157874699,-0.006999395034329374,0.0,,0.7763579157874699,0.015000621705673796,0.7763579157874699,-0.6414999756917215,-0.6484999924317246,,1,0.9937008509467672,-0.7910268752605447,0.7763579157874699,0.06529546031626847,1.0,385761.0,385761.0,0.13190980806516142,3.2768009178082194,-2538669.0,,0.3469387755102041,49.0
0xc7cf1e9ce35f77c77cd80af9f60c8b31c3037754,0.10360479679617118,0.29208708,1,14.824398000000002,5,1770260717,-2.075465965583581e-05,0.00011814190881014241,-2.075465965583581e-05,-2.075465965583581e-05,0.009649061072504976,-0.14809519857561493,-2.075465965583581e-05,0.13648805880139803,0.0,-0.9996994399999997,-0.017323794918621068,0.10598347740668522,-0.0346268351775863,-1.0500097796383663,-0.9960097760743661,,1,0.9937008509467672,-0.44584119568231284,-2.075465965583581e-05,1.0,1.999999,126.0,126.0,7.597872354538433e-05,1.999999,-1658233.0,0.0,0.0,1.0
0x71c101763893c44235c853321e6d75b1570af438,0.10358410413221822,0.29203498,1,786.442221,4,1771730196,3.0075733710472597e-08,2.4662096810244874e-06,3.0075733710472597e-08,3.0075733710472597e-08,0.0014675372360057643,0.0375001139378046,3.0075733710472597e-08,-0.003500001850739696,0.0,3.9322007799956022,0.001331229986790457,-0.0004999933784071849,0.0026624298978472033,6.576000018548481,6.545000016067251,,1,0.9937008509467672,-0.8464846882202041,3.0075733710472597e-08,1.0,70.779999,200.0,200.0,6.394193049640039e-05,70.779999,-3127638.0,,0.0,1.0
0x6f098b0f44b17d7c99fb47bd09e296ed771ebc38,0.10355398319048684,0.29195914,1,712.0,3,1771386698,0.27653532096955047,0.2768903085446076,0.27653532096955047,0.27653532096955047,0.4795880825226833,-0.027666668627615004,0.27653532096955047,0.21733341280133744,0.0,1.1102230246251565e-14,0.27653532096955047,0.2116667371069421,0.27653532096955047,-0.962,-0.9479999729168139,0.08758186116311512,1,0.9937008509467672,-0.7537750862438679,0.27653532096955047,0.17599604680508787,21.0,1890713.0,1890713.0,0.6790524864061142,86.10574304444444,-893627.0,,0.625,16.0
0x9cca66a5e62a4dd9be2270c74033891210834134,0.10317660888836754,0.29100722,1,178.540739,7,1771522946,0.777217869385264,0.7782828321104355,0.777217869385264,0.777217869385264,1.7555404233339145,-0.654435846955512,0.777217869385264,-0.07158907364467204,0.0,,0.777217869385264,-0.05042755729543133,0.777217869385264,-0.7018290014936203,-0.7084235048954971,,1,0.9937008509467672,-0.7899793799929494,0.777217869385264,0.24988336876111514,19.949999499999997,2854016.0,2854016.0,0.977205959895747,23.80693675,-66572.0,,0.0,6.0
0xe0269d5506152e3d8fe92f77b59eb529b0fcc7cb,0.1026325812786174,0.2896295,1,2244.1369600000003,8,1769752186,-8.6898197905126e-07,1.0796442790309663e-06,-8.6898197905126e-07,-8.6898197905126e-07,0.0006865931655471615,-0.29339060633761294,-8.6898197905126e-07,-0.006500015837148271,0.0,-128.12139986666736,-0.043930472726842314,-0.002500007225556921,-0.08786007647170557,-0.8063730160556175,-0.8073730163776176,,1,0.9937008509467672,-0.30719366420769745,-8.6898197905126e-07,0.7753706582858181,49.999999,6598.0,6598.0,0.005738249546888752,261.43666533333334,-1143230.0,,0.0,3.0
0xc7af84985bfa1d4d68252763db5805521713b62b,0.10239206721463816,0.28901833,1,306.126678,4,1771996378,1.1284230634009358e-05,1.131084438531636e-05,1.1284230634009358e-05,1.1284230634009358e-05,0.0031998099293184742,0.07000089956124912,1.1284230634009358e-05,-0.19400241740023585,0.0,113.06384079998003,0.11289592336871301,-0.20000247413093888,0.22578056250679202,6.8130000498,6.804000013319987,,1,0.9937008509467672,-0.9190574069393699,1.1284230634009358e-05,0.5555555481481481,14.9999995,2302.0,2302.0,0.0006782517486638264,14.9999995,-3391718.0,0.0,0.0,2.0
0x892d8d5f0621bab8e3a9cb3c25bcb57d8ad5a689,0.10190030980570985,0.2877648,1,1.999998,2,1771848820,0.8615549741633124,0.862619936888484,0.8615549741633124,0.8615549741633124,1.2199288139211175,-0.7209990140556448,0.8615549741633124,-0.40499901503964525,0.0,,0.8615549741633124,-0.39999899059752597,0.8615549741633124,6.470000984960355,6.467000984960355,,1,0.9937008509467672,-0.8788267180544616,0.8615549741633124,0.4921875595703291,4.999999,1715582.0,1715582.0,0.5284466597791688,5.333332333333334,-1530880.0,,0.0,3.0
0x6b0dcac12abcde0471080e008119081404cfd3ad,0.10151854666314947,0.28678793,1,744.9011210000001,20,1771438262,0.0316395133899976,0.03179850591959558,0.0316395133899976,0.0316395133899976,0.08229729463416975,-0.1699290760554321,0.0316395133899976,-0.1135359295334334,0.3615693957545445,26.608411099999994,0.04720509713068031,-0.11409815193045013,0.09441019426136062,-1.2721223568359818,-1.2671223649959833,5.3919999999999995,2,0.9937008509467672,-0.7669464804077216,0.0316395133899976,0.25268939311045496,24.0,540197.0,540197.0,0.19048493884137122,26.35889064285714,-2295707.0,,0.3333333333333333,6.0
0xdf2646228edaab74987a0b5795fa2a592a719084,0.1013639001015268,0.2863913,1,200.0,2,1769704530,0.4675186363503182,0.4685835990754898,0.4675186363503182,0.4675186363503182,0.6626772809181546,-0.3159392974551679,0.4675186363503182,0.008862611114482357,0.0,,0.4675186363503182,0.0178626108850379,0.4675186363503182,-0.7030153412232021,-0.7070153409937576,,1,0.9937008509467672,-0.2942005787125078,0.4675186363503182,0.3860765467511687,4.0,1697318.0,1697318.0,1.539975611791989,50.67267058461538,595146.0,,0.0,15.0
0x33c3ae038ee04dc44af919927e6cdc646277379a,0.10105489806825277,0.28559715,1,30610.43276,65,1771415538,1.44731689269789e-07,1.414516509740395e-07,1.44731689269789e-07,1.44731689269789e-07,0.0003224005391340376,-0.35123905934519617,1.44731689269789e-07,-0.15172995906464895,0.0,3158.773256656001,0.09107182403955826,-0.15259289605902632,0.18214350334742724,-1.173137904108182,-1.1685045665585212,,2,0.9937008509467672,-0.760695316561958,1.44731689269789e-07,0.33649999829804494,172.5506095,1553576.0,1553576.0,0.5522490562281831,281.51310125000003,-1259604.0,,0.0,5.0
0xf77eb2857ec57728b7cd268e24f650f84a786f3c,0.10054969184196559,0.2842941,1,27.137396,6,1772196393,-1.3297002348776256e-06,3.279941542343814e-05,-1.3297002348776256e-06,-1.3297002348776256e-06,0.005084124208382221,2.78472882666632,-1.3297002348776256e-06,2.7902290626742303,0.0,-0.8306987002896622,-0.003994767458274011,2.777728535356095,-0.007988205216313146,5.556227116688419,5.58022713712709,,1,0.9937008509467672,-0.9735901414391255,-1.3297002348776256e-06,0.08883267060107966,1.099999,2720.0,2720.0,0.0007568095469298434,2.1523981142857145,-3591315.0,,0.045454545454545456,22.0
0x1fdf403c57a4cbd5ddc5cbefee20d3c351843b6c,0.10051965123871442,0.28421643,1,846.94663,8,1771719200,-1.343846475080433e-07,2.1770313517350154e-06,-1.343846475080433e-07,-1.343846475080433e-07,0.001370383292523702,-0.0030000072003225943,-1.343846475080433e-07,0.07650019346730606,0.0,-8.68416643333451,-0.006656134440050432,0.07950020607855082,-0.013312134495453357,6.493000011150505,6.465000000801817,,1,0.9937008509467672,-0.8434867033262746,-1.343846475080433e-07,1.0,98.999999,164.0,164.0,5.261736077735092e-05,98.999999,-3116678.0,,0.0,1.0
0x3e6fa8a483d34f8da1ff78236b4158bb240487f9,0.10046806133918895,0.284083,1,574.9224,13,1771438262,0.20598685435427433,0.2063418419293315,0.20598685435427433,0.20598685435427433,0.9110217756236291,-0.2608324825912652,0.20598685435427433,-0.16316023028769278,1.0,62.81092126666666,0.24314868206687773,-0.16402403028769277,0.28031050977948113,-1.2740897769960147,-1.269089776996015,5.3919999999999995,1,0.9937008509467672,-0.7670140959273373,0.20598685435427433,0.1361480805538681,20.9,277393.0,277393.0,0.09781466509444607,22.52575740677966,-2558511.0,,0.5714285714285714,14.0
0x01355b820d61f22b1d9f5961cc9d387e02bd33f5,0.10044062238027039,0.28401202,1,5.569998,4,1771537112,0.0001527910510073177,0.00015321665272776373,0.0001527910510073177,0.0001527910510073177,0.01083893181485708,-0.27802986323653683,0.0001527910510073177,-0.23977535941377928,0.0,2.5632605597762463,0.09571411762705823,-0.2317737451705755,0.19127544420310913,4.861049656973364,4.839049637889351,,1,0.9937008509467672,-0.7938416439077736,0.0001527910510073177,0.27551026239069176,1.0,806.0,806.0,0.00027463971426565907,2.333333,-2933948.0,,0.0,6.0
