wallet,pred_prob,pred_prob_raw,flagged,volume,n_trades,first_trade_ts,adaptive_markout_raw_grosswt_h0p070,unrealized_edge_per_open_token,adaptive_markout_raw_grosswt_h0p010,adaptive_markout_raw_grosswt_h0p150,unrealized_edge_per_open_token_sqrt,buy_markout_adj_grosswt_h0p070_lb0p150,adaptive_markout_raw_grosswt_h0p200,buy_markout_adj_grosswt_h0p030_lb0p200,high_sell_nonflattening_cash_frac_pctl90,realized_pnl_per_closing_trade,adaptive_plus_realized_alpha0p25_h0p030,buy_markout_adj_grosswt_h0p030_lb0p010,adaptive_plus_realized_alpha0p5_h0p070,buy_markout_adj_mean_h0p200_lb0p030,buy_markout_adj_mean_h0p200_lb0p200,sell_markout_adj_median_h0p150_lb0p010,n_distinct_buy_days,major_move_time_remaining_pct,time_to_major_move_pct_of_market,adaptive_markout_raw_grosswt_h0p030,herfindahl_index_markets,median_bet_size_usdc,time_since_first_deposit_to_first_trade_seconds,wallet_age_seconds,wallet_to_market_age_ratio,avg_bet_size_usdc,wallet_minus_market_age_seconds,funder_flagged_wallet_count,winrate,n_markets_traded
0xd1612114d8f42bd32f3b9d0d3d55519158e55f4c,0.6870516533167906,0.9803889,1,5321.454617999999,35,1772022092,0.21901623728283365,0.28400641943219357,0.21901623728283365,0.21901623728283365,1.747054954487887,-0.1573556735311011,0.21901623728283365,0.011844318399941326,0.0,556.9215951616977,0.2260214913061549,0.021709286920566177,0.23302674532947615,0.266475261902055,0.2524107836025245,,1,0.989375404960226,-0.5983262945065926,0.21901623728283365,1.0,999.489999,62.0,62.0,0.0003974053277952978,999.489999,-155950.0,,0.0,1.0
0x3f48567ec6eedaa40133e3798a18795a3e036d9c,0.682548236193659,0.9755112,1,7304.626286,22,1772091120,0.6767856946369307,0.6777876986439437,0.6767856946369307,0.6767856946369307,2.447669966739357,-0.23614298087877755,0.6767856946369307,0.13836868205842442,0.0,,0.6767856946369307,0.15665503549066442,0.6767856946369307,3.743503587159673,3.718400914668067,,1,0.989375404960226,-0.8677585305115575,0.6767856946369307,1.0,1122.71,822.0,822.0,0.003652683967294703,1122.71,-224218.0,,0.0,1.0
0xc57249451b470292c244a84bbd92763e3634eb32,0.6810331576035548,0.97387856,1,599.9999980000001,8,1772058802,0.8541814560377126,0.8551834600447258,0.8541814560377126,0.8541814560377126,1.805966864927021,0.8830313348185055,0.8541814560377126,0.3853266800254073,0.0,,0.8541814560377126,0.38112676303876947,0.8541814560377126,1.2314415081597105,1.2439783355216787,,1,0.989375404960226,-0.7416139079930366,0.8541814560377126,1.0,299.999999,72.0,72.0,0.0003735951266591256,299.999999,-192650.0,,0.0,1.0
0x73f09e8ded44b82f3388bb5472fc1c41b56d741f,0.6807468691785235,0.9735705,1,23896.658866999995,50,1772000170,0.847541647611953,0.8485436516189665,0.847541647611953,0.847541647611953,3.5034501735951635,0.04351639303456534,0.847541647611953,0.009938353564360222,0.0,,0.847541647611953,0.014739778860969634,0.847541647611953,-0.03834619666132001,-0.051579836800407265,,1,0.989375404960226,-0.512759662448575,0.847541647611953,0.625000000125,1999.9999990000001,220.0,220.0,0.0016406890894175555,1999.9999990000001,-133870.0,,0.0,2.0
0x170b49df09130b230cc0cff7ccbd2234712d1433,0.6797086529509231,0.97245467,1,1933.701933,6,1772092002,0.6923648809027287,0.6933668849097419,0.6923648809027287,0.6923648809027287,1.4463873141160433,-0.012335042865061444,0.6923648809027287,0.13321037845491648,0.0,,0.6923648809027287,0.1637063545853097,0.6923648809027287,4.058887039999802,4.036687701576634,,1,0.989375404960226,-0.871201180337083,0.6923648809027287,1.0,625.359999,180.0,180.0,0.000796735156381406,625.359999,-225742.0,,0.0,1.0
0xf8b6702ec7cfa90cbd57924acd82a6c2e68085a1,0.6796562539836731,0.9723984,1,26066.257144000003,53,1772051720,0.8511389678331132,0.8521409718401266,0.8511389678331132,0.8511389678331132,3.3501559546459627,0.22062453320619949,0.8511389678331132,0.1382041516001758,0.0,,0.8511389678331132,0.13313719505665333,0.8511389678331132,1.6741742874945593,1.6773365509183136,,1,0.989375404960226,-0.7139712253803698,0.8511389678331132,1.0,3999.999999,42.0,42.0,0.00022624434389140272,3999.999999,-185598.0,,0.0,1.0
0x8f7fe67a314e709540474e1f08b683c83b98fb3b,0.6796259448853308,0.97236586,1,21046.847999999998,3,1771996876,0.8665319703508427,0.8675339743578561,0.8665319703508427,0.8665319703508427,1.4367012358549576,0.43923092096248867,0.8665319703508427,0.13727114893403528,0.0,,0.8665319703508427,0.1401711489340353,0.8665319703508427,-0.25369767818466593,-0.2563429503553217,,1,0.989375404960226,-0.4999024192226325,0.8665319703508427,1.0,2824.51,462.0,462.0,0.0035322181106455853,2824.51,-130334.0,,0.0,1.0
0x545114ffd3754417e03a20d9c3f295ffedbd430f,0.6780161735504868,0.9706397,1,799.8375179999999,13,1772109048,0.6883192994388503,0.6893213034458634,0.6883192994388503,0.6883192994388503,1.9231661508285953,3.9273544476008926,0.6883192994388503,3.9178178213766603,0.0,,0.6883192994388503,3.9452063506436716,0.6883192994388503,3.9786897200127673,3.923105986569854,,1,0.989375404960226,-0.9377356575773426,0.6883192994388503,1.0,299.999999,1078.0,1078.0,0.004436798261499457,299.999999,-241890.0,,0.0,1.0
0x6d6affce1ed04a0e9611484daf1cef5cbcf3fb40,0.6771768142238783,0.96974146,1,42253.585388,35,1772100984,0.6719752535717249,0.6729772575787382,0.6719752535717249,0.6719752535717249,2.233634190870314,3.550974419246539,0.6719752535717249,2.641394196746944,0.0,,0.6719752535717249,2.6677185219471404,0.6719752535717249,3.4378719083593223,3.420179175738013,,1,0.989375404960226,-0.9062600020296802,0.6719752535717249,1.0,4833.44573,128.0,128.0,0.0005449034499199673,4833.44573,-234776.0,,0.0,1.0
0x581f34349babaf03b2d3c8f5f60cf44ffbe19a3a,0.675976057841009,0.9684586,1,43733.85362100001,30,1772051074,0.9033566641669684,0.9043586681739816,0.9033566641669684,0.9033566641669684,2.4314208173324605,0.667764724077162,0.9033566641669684,0.3691644873366786,0.0,,0.9033566641669684,0.35586139107790643,0.9033566641669684,2.0315488133023227,2.0258488199898634,,1,0.989375404960226,-0.7114497380931936,0.9033566641669684,1.0,4978.049999,32.0,32.0,0.00017297858308918128,4978.049999,-184962.0,,0.0,1.0
0x9b906c3c50d4359f0937429e7f817415382dc9d5,0.6726936621968412,0.9649643,1,894.259998,5,1772053462,0.8669953047344469,0.8679973087414599,0.8669953047344469,0.8669953047344469,1.6868628747391194,0.4402688159893786,0.8669953047344469,0.22716897808224162,0.0,,0.8669953047344469,0.2128166849879638,0.8669953047344469,2.1316833359598997,2.142413818795707,,1,0.989375404960226,-0.7207706539473376,0.8669953047344469,1.0,199.899999,40.0,40.0,0.00021346767565721362,199.899999,-187342.0,,0.0,1.0
0x9e5ba26a25cde44cae803ad6ab5b86a127b07796,0.6725827292847045,0.9648465,1,5261.954853999998,27,1771994086,0.5135816590800621,0.5233473770441839,0.5135816590800621,0.5135816590800621,2.190719474043155,0.4950231060248202,0.5135816590800621,0.09599171511347546,0.0,423.14338,0.5218285549701913,0.08751581879004752,0.5300754508603206,-0.04361978889191462,-0.03505810654260465,,1,0.989375404960226,-0.489012404468419,0.5135816590800621,0.6862698977209987,748.579999,930643.0,930643.0,7.270307641829289,911.1949116666666,802637.0,,0.0,3.0
0xe09ac247e4d19946b975409bc4b544394f0503cd,0.6710992890462728,0.96327347,1,1427.7857129999998,2,1772091416,0.7204408814915089,0.7214428854985221,0.7204408814915089,0.7204408814915089,1.02027431314959,-0.48745558932584715,0.7204408814915089,0.4370073594917744,0.0,,0.7204408814915089,0.45820731603302256,0.7204408814915089,4.851993873640909,4.837593873538218,,1,0.989375404960226,-0.8689138869155887,0.7204408814915089,1.0,399.779999,144.0,144.0,0.0006390456917669613,399.779999,-225192.0,,0.0,1.0
0xeeff2d748ad5efcfbbb3c8858f608d6b6321a398,0.6683610348960686,0.9603793,1,26414.497609000002,72,1772111334,0.6613149757813062,0.6623169797883198,0.6613149757813062,0.6613149757813062,3.274338839618903,3.4477946441207203,0.6613149757813062,3.4453946441207206,0.0,,0.6613149757813062,3.462062310306734,0.6613149757813062,3.626939851049336,3.5824065389756594,,1,0.989375404960226,-0.9466584438598271,0.6613149757813062,1.0,10383.469999,55198.0,55198.0,0.22506462687662587,10383.469999,-190056.0,,0.0,1.0
0xbbefe1dd4e00ba5e5a2f51b9a84457895afa4a15,0.6341832719271354,0.9251769,1,499.999998,4,1772092838,0.6847482419321492,0.6857502459391623,0.6847482419321492,0.6847482419321492,1.2592583634776613,-0.2730381376948151,0.6847482419321492,0.05156350666292676,0.0,,0.6847482419321492,0.06576349266884045,0.6847482419321492,3.87729843116919,3.8471294916938175,,1,0.989375404960226,-0.8744642815322524,0.6847482419321492,1.0,249.999999,42.0,42.0,0.00018521948508983145,249.999999,-226716.0,,0.0,1.0
0x5814307cfb81c9d7784a1566c32d6024e1d24e54,0.6208583781457446,0.9118483,1,576.273618,7,1772111318,0.24411508396553389,0.24444909350044092,0.24411508396553389,0.24411508396553389,0.8447754866892401,3.5129816070202464,0.24411508396553389,3.511381597200842,0.0,273.2288151605168,0.3052044034868058,3.5269468445950456,0.3662937230080777,5.335942274957685,5.2783343198810675,,1,0.989375404960226,-0.9465959921623119,0.24411508396553389,1.0,99.999999,272.0,272.0,0.0011091266443210269,99.999999,-244966.0,,0.0,1.0
0x98a96619e482700e83e8486e4f3727dba17f5381,0.6198857752673969,0.91088283,1,40719.19359799999,116,1772103030,0.5684540939170898,0.5694560979241026,0.5684540939170898,0.5684540939170898,3.541005446611374,2.1107555732273373,0.5684540939170898,-0.5432718996710151,0.0,,0.5684540939170898,-0.5249950833609336,0.5684540939170898,1.9914079089600396,1.9756516398772286,,1,0.989375404960226,-0.9142460128494367,0.5684540939170898,1.0,1497.84007,208.0,208.0,0.0008778223253851023,1497.84007,-236742.0,,0.0,1.0
0x572c8005aa033237175f16de725969b044cd0383,0.6171080097571018,0.90813065,1,23827.795432999996,44,1772103258,0.6002004001839802,0.6012024041909937,0.6002004001839802,0.6002004001839802,3.3504645410215144,2.3448500593952772,0.6002004001839802,-0.5278519419840675,0.0,,0.6002004001839802,-0.5067859622940283,0.6002004001839802,2.357359895553964,2.3401247970281682,,1,0.989375404960226,-0.9151359495390284,0.6002004001839802,1.0,1478.85078,162.0,162.0,0.0006830313098179426,1478.85078,-237016.0,,0.0,1.0
0x5b87dfe19787371057084a238015b904996c7ac8,0.6064737307660999,0.89766234,1,15674.867095,60,1772067298,0.17063103479477637,0.17100812040221663,0.17063103479477637,0.17063103479477637,0.9208721054799144,0.798220709781156,0.17078040459312332,0.41226664502944427,0.0,9493.351116223997,0.249502257413106,0.41454796949691886,0.3283734800314356,6.341257539905778,6.341642775257501,,1,0.989375404960226,-0.7747757593736094,0.17063103479477637,0.9038351519525678,864.30624,,,,864.30624,,,0.0,2.0
0x3f9489260c4a5ed23455f4cb3a76246925278719,0.605309827964953,0.8965228,1,219.929998,6,1771979958,0.897119332027295,0.8981213360343081,0.897119332027295,0.897119332027295,1.6760321635573956,0.21059828235354094,0.897119332027295,0.0344982368143404,0.0,,0.897119332027295,0.02633321924950176,0.897119332027295,0.3950163671196491,0.3953163820128509,,1,0.989375404960226,-0.4338675555624946,0.897119332027295,0.5555555562962964,149.999999,216.0,216.0,0.0018967667152566781,149.999999,-113662.0,,0.0,2.0
0x1d9af60c679cd0b577c3c4ccb4b1a4be4174426d,0.6051518130113133,0.8963682,1,135807.67327200004,638,1771899802,0.8695365168265777,0.8705385208335912,0.8695365168265777,0.8695365168265777,10.678031139442265,0.12716968577441307,0.8695365168265777,0.15307882633895575,0.0,,0.8695365168265777,0.1376807876449416,0.8695365168265777,0.08794472336795493,0.13243576871406548,,3,0.989375404960226,-0.12100016393570598,0.8695365168265777,1.0,99.999999,128.0,128.0,0.003795741652333788,99.999999,-33594.0,,0.0,1.0
0x054ec2f0ccfdae941886a3ed306635068c716639,0.5987327228156135,0.890105,1,1912181.3455229977,1371,1772018648,0.07965726246726758,0.07977417157087686,0.07965726246726758,0.07965726246726758,2.1760945246526786,-0.0004838334152475806,0.07965726246726758,-0.0763669057909395,0.0,625.8001133802405,0.1091649306533378,-0.06695057306255368,0.13867259883940802,3.0538299247306644,3.039802381715632,-0.028023504359986337,1,0.989375404960226,-0.821716016518474,0.07965726246726758,1.0,289999.999992,66.0,66.0,0.00043259399087619945,289999.999992,-152502.0,,0.0,1.0
0xe9d75715661c891722d2e823e37800815db368df,0.5895052070659129,0.8811587,1,2563.031382000001,27,1771980800,0.031134772800457126,0.20481158715803902,0.031134772800457126,0.030820145135178383,0.5892327228260622,0.24144770771286753,0.031134772800457133,0.003172805080349718,0.0,19.95109869524911,0.0348378287798372,-0.0012305569100216416,0.038540884759217284,0.3516720910656096,0.3586812797047636,,1,0.989375404960226,-0.4371540761442322,0.031134772800457126,0.33333333333333337,399.999999,552.0,552.0,0.004811715481171548,399.99999899999995,-114168.0,,0.0,3.0
0xaab29084bcc42daff9e11b4a5a4cc55cda3eb306,0.587513861306821,0.8792363,1,67544.357785,19,1772032042,3.7081596273683237e-17,-0.00033400132632092634,3.7081596273683237e-17,3.7081596273683237e-17,-0.000578507275080645,0.15924386699427673,3.7081596273683237e-17,0.1202384140239866,0.0,14332.593519163001,0.07456097441942536,0.12070709915712224,0.14912194883885072,2.417554746445901,2.4043216864285277,,2,0.989375404960226,-0.6371634438988595,3.7081596273683237e-17,1.0,1058.404389,5200.0,5200.0,0.03133247369879852,1058.404389,-160762.0,,0.0,1.0
0xb3a7116f2e845c0354278c7c7c0874329b534f53,0.5860674990312398,0.8778417,1,18813.619386,31,1772109520,1.9225859665316076e-07,1.8955818322015232e-07,1.9225859665316076e-07,1.9225859665316076e-07,0.0003354838503785793,1.7688577183585656,1.9225859665316076e-07,1.7695308597577075,0.0,6837.276833558463,0.08277456450214907,1.7782509312292236,0.16554893674570148,3.468113962973866,3.445292375639221,,1,0.989375404960226,-0.939577982654041,1.9225859665316076e-07,1.0,1998.989999,48.0,48.0,0.00019717384160368058,1998.989999,-243392.0,,0.0,1.0
0xdbbaad94a2b41ccf62212396bb7ecaf07f3eba5f,0.584079790188875,0.8759275,1,1738.649998,5,1772108450,1.4054342490754304e-06,1.4075278947083773e-06,1.4054342490754304e-06,1.4054342490754304e-06,0.0009737335903950476,1.782083089458042,1.4054342490754304e-06,1.7802830868975597,0.0,705.0311693383251,0.08408009242195828,1.7923116904058563,0.16815877940966747,3.5956980241658627,3.578398025228583,,1,0.989375404960226,-0.9354015253827118,1.4054342490754304e-06,1.0,344.189999,32.0,32.0,0.0001320295416099352,344.189999,-242338.0,,0.0,1.0
0xabae1f0e78d734f471e8c8af050aa1f0fdd0338a,0.5753778466783129,0.86757743,1,160.0,1,1772077548,0.8006012016034061,0.8016032056104191,0.8006012016034061,0.8006012016034061,0.8016032056104192,0.7040999999999997,0.8006012016034061,1.5135999944511993,0.0,,0.8006012016034061,1.5203,0.8006012016034061,6.390500000018499,6.385599994451199,,1,0.989375404960226,-0.8147838780942864,0.8006012016034061,0.48885639233208156,29.58,2998.0,2998.0,0.014177085894792593,52.613949999999996,-208470.0,,0.0,3.0
0xe56526b27b96f009b31ddb46558a134047bfce48,0.5597243172645989,0.8526657,1,538457.475367,188,1772097070,1.3255455721382348e-17,-0.00011939453089488743,1.3255455721382348e-17,1.3255455721382348e-17,-0.0004826431933706156,1.736188043482895,1.3255455721382348e-17,0.42807803471932715,0.14202851198849722,7104.086107701438,0.07539463017976669,0.43680355867095727,0.15078926035953338,3.5737732562549676,3.547285832669051,0.22080000000000088,1,0.989375404960226,-0.8909827555250236,1.3255455721382348e-17,1.0,9999.999999,240.0,240.0,0.0010390060175765185,9999.999999,-230750.0,,0.0,1.0
0x577e7cf609d6ba4511a9081e23c51d61c32dcdcf,0.5574022993706609,0.8504641,1,7180.447181,10,1772104940,0.609214719596306,0.6102167236033192,0.609214719596306,0.609214719596306,1.4927887974908889,2.4680729224317846,0.609214719596306,-0.23459830898082606,0.0,,0.609214719596306,-0.21329830898082602,0.609214719596306,2.499124376788091,2.4835013898265195,,1,0.989375404960226,-0.9217011842403141,0.609214719596306,1.0,2904.779999,350.0,350.0,0.0014652934773507493,2904.779999,-238510.0,,0.0,1.0
0x4d136b1b246e1bd143f46ba5f1f16584d899df66,0.5565008983984859,0.8496101,1,1388.9724990000002,13,1772088332,0.6814037491220036,0.6824057531290169,0.6814037491220036,0.6814037491220036,2.1304238205516417,-0.09291399226997649,0.6814037491220036,0.08350526869695787,0.0,,0.6814037491220036,0.10459197232942906,0.6814037491220036,3.627510026611115,3.6004564809618675,,1,0.989375404960226,-0.8568763222195334,0.6814037491220036,0.569099563937799,149.999999,89408.0,89408.0,0.40228209419937727,159.17266600000002,-132844.0,,0.0,2.0
0x6cff5723cdc4be398410c25e96a8b520c2fc8b4a,0.5531513446562919,0.84643966,1,973.5178070000002,7,1772098244,0.6174573094986316,0.6184593135056448,0.6174573094986316,0.6174573094986316,1.4007467446100694,2.580272072660162,0.6174573094986316,-0.15715353269646778,0.0,,0.6174573094986316,-0.1390535239048601,0.6174573094986316,2.583894317073938,2.5662943170708843,,1,0.989375404960226,-0.8955651488302017,0.6174573094986316,1.0,376.799999,34.0,34.0,0.00014644820041005496,376.799999,-232130.0,,0.0,1.0
0xc38f585b9a211bcdd5fd47c6150ed008b28b1014,0.5505823217112916,0.8440111,1,5297.837490999999,16,1772054018,0.8430541082208417,0.8440561122278549,0.8430541082208417,0.8430541082208417,2.0805626996144233,0.22439856442128212,0.8430541082208417,0.4836237145208006,0.0,,0.8430541082208417,0.4801089888740961,0.8430541082208417,1.7181529403468567,1.7253383982990802,,1,0.989375404960226,-0.7229408504359909,0.8430541082208417,1.0,11.999999,80.0,80.0,0.0004256722961827837,11.999999,-187858.0,,0.0,1.0
0x37264c0abb23700e92b23d0aa5cea861dc7b0354,0.5464526359941007,0.84011257,1,24285.320767,55,1772038074,0.8564560481983755,0.8574580522053886,0.8564560481983755,0.8564560481983755,3.5001943538998597,0.068661877338848,0.8564560481983755,-0.20442282059776934,0.0,,0.8564560481983755,-0.20212271810099128,0.8564560481983755,1.2970157828663291,1.2872967169137561,,1,0.989375404960226,-0.660707733862091,0.8564560481983755,0.6261484193521852,3749.589999,22308.0,22308.0,0.1297021989139156,5022.472199333333,-149686.0,,0.0,2.0
0x7d0fa892e6ad5cc9b7fa7949b500e16b155f08f0,0.5444755625194043,0.8382483,1,883.226,7,1771968238,0.30465937852478125,0.30498802941855124,0.30465937852478125,0.30465937852478125,0.5325374007367651,0.16088642368195671,0.30465937852478125,0.2399686074961982,0.0,-3.765499999999995,0.3031483468514102,0.2282158642042479,0.30163731517803916,0.5601000006933237,0.5693999999999998,,1,0.989375404960226,-0.38812168713260836,0.30465937852478125,0.36860782152091104,553.9359999999999,3137880.0,3137880.0,30.71594980324595,660.1410555555556,3035722.0,0.0,0.625,8.0
0x1eb8ae2688e054800aed6bad7053ee8b185ec3ff,0.5428774275637089,0.83674234,1,2313.144116,13,1772048878,1.031342117788848e-06,1.0324767075773946e-06,1.031342117788848e-06,1.031342117788848e-06,0.0009702765978356631,0.3898607623044896,1.031342117788848e-06,0.23546057425455263,0.0,1751.5332268300003,0.11324879253682438,0.22961057827292586,0.22649655373153096,1.7649855377607901,1.7709855164807868,,1,0.989375404960226,-0.7028782426092319,1.031342117788848e-06,1.0,178.699999,100.0,100.0,0.0005470519371109093,178.699999,-182698.0,,0.0,1.0
0xa8761cbe4441ebd3af621b4d2039cb4a46f456c8,0.5387281466526516,0.83283615,1,31.019998,3,1772106154,0.6505509352766782,0.6515529392836914,0.6505509352766782,0.6505509352766782,1.0901469044323961,3.1220131846325794,0.6505509352766782,3.1189131846325804,0.0,,0.6505509352766782,3.1563631514437853,0.6505509352766782,3.145672659852279,3.1219893364718234,,1,0.989375404960226,-0.9264397067892801,0.6505509352766782,1.0,13.999999,40.0,40.0,0.0001666152936178012,13.999999,-240034.0,,0.0,1.0
0x9019862937ccdcafbcecfaa631191385f898cc51,0.5372145264824192,0.8314125,1,30678.136541999993,141,1771877358,0.822067211766956,0.8230692157739691,0.822067211766956,0.822067211766956,6.599701019346901,-0.3383249950070185,0.822067211766956,-0.4886728448404734,0.0,,0.822067211766956,-0.6574384003286533,0.822067211766956,-0.2756739406607975,-0.11065073095020185,,2,0.989375404960226,-0.03339604524625485,0.822067211766956,1.0,1099.999999,214.0,214.0,0.01897499556658982,1099.999999,-11064.0,,0.0,1.0
0xb06770d6a8c1c6377262f346adff682cb94f34d1,0.5368475664735786,0.83106744,1,3.367002,2,1772112014,0.7034069896947575,0.7044089937017706,0.7034069896947575,0.7034069896947575,0.996184752350628,4.327134955815719,0.7034069896947575,4.32353495581572,0.0,,0.7034069896947575,4.335634956161483,0.7034069896947575,4.367711198497057,4.323534955815719,,1,0.989375404960226,-0.9493126410042233,0.7034069896947575,0.5,0.999999,222.0,222.0,0.0009026812071531386,0.999999,-245712.0,,0.0,2.0
0x7fd753643f36ac04d4bae3073189b3766e162249,0.5368140315968036,0.8310359,1,1.999998,2,1772105828,0.6472947936807999,0.6482967976878131,0.6472947936807999,0.6472947936807999,0.9168301237331521,3.061043699155508,0.6472947936807999,3.0077954487716227,0.0,,0.6472947936807999,3.07179548971964,0.6472947936807999,3.0825437400708435,3.060243699122826,,1,0.989375404960226,-0.9251672534524079,0.6472947936807999,1.0,0.999999,66.0,66.0,0.0002752890535061815,0.999999,-239682.0,,0.0,1.0
0x998e5cb4d3660ba8e75af9d7225ede1da7c7e0a1,0.5353901759596889,0.82969743,1,208.056663,6,1772076626,0.7332683786660724,0.7342703826730855,0.7332683786660724,0.7332683786660724,1.6777380936157849,0.2755716797138068,0.7332683786660724,0.2681289021432901,0.0,,0.7332683786660724,0.27362890214329016,0.7332683786660724,5.302242292931646,5.299242292931646,,1,0.989375404960226,-0.8111850990249728,0.7332683786660724,0.5352640013406397,255.90365000000003,1829817.0,1829817.0,8.69081815850218,738.3441009499999,1619271.0,0.0,0.2,5.0
0x6f408155ceba0d88eda81236f8095b84d422eb4d,0.5339355434180889,0.8283306,1,32.894735000000004,2,1772057610,0.8486974158718963,0.8496994198789093,0.8486974158718963,0.8486974158718963,1.2016564435333048,0.4822748344919442,0.8486974158718963,0.23200300535124882,0.0,,0.8486974158718963,0.23080300097364853,0.8486974158718963,1.4174001775001879,1.4240001816704109,,1,0.989375404960226,-0.736961256528154,0.8486974158718963,1.0,4.999999,90.0,90.0,0.00046990027671905184,4.999999,-191440.0,0.0,0.0,1.0
0x9734c4713a4fed5a1786dec4338a1c77367e8f5e,0.525398082758813,0.82031846,1,27.999996,4,1772102558,0.663600487005024,0.664602491012037,0.663600487005024,0.663600487005024,1.3265598361937432,3.4240954242740633,0.663600487005024,1.8805376800082996,0.0,,0.663600487005024,1.8945119898115075,0.663600487005024,3.4014621704908024,3.382062169201774,,1,0.989375404960226,-0.9124036877727383,0.663600487005024,0.5029585744196654,6.4999994999999995,382.0,382.0,0.0016153722545014758,6.4999994999999995,-236096.0,,0.0,2.0
0x73e1da808c636f5b46ad602378cc0a4ea79c645f,0.5241325385321149,0.8191321,1,213.032,3,1772076902,0.7265354878322731,0.7275374918392863,0.7265354878322731,0.7265354878322731,1.1550583116225661,0.1954474780731762,0.7265354878322731,0.2519506618660591,0.0,,0.7265354878322731,0.25725066054340706,0.7265354878322731,5.058786906774871,5.053786907285029,,1,0.989375404960226,-0.8122623908071102,0.7265354878322731,1.0,99.706,217308.0,217308.0,1.0307652901499844,99.706,6486.0,,0.0,1.0
0x9c4aba1fc0ce310d068fec60b6ea877289c3faba,0.5233974461619363,0.8184431,1,1631.007813,12,1771888372,0.8973402386903355,0.8983422426973486,0.8973402386903355,0.8973402386903355,2.5135902298272295,0.6143281406080019,0.8973402386903355,-0.08967185939199807,0.0,,0.8973402386903355,-0.33408097121387764,0.8973402386903355,0.322693266438973,0.5661190261041328,,1,0.989375404960226,-0.07638623252328278,0.8973402386903355,1.0,199.999999,228.0,228.0,0.010227884442849453,199.999999,-22064.0,,0.0,1.0
0x31afe5571867512194e4ad9c367934ba00ac0f94,0.5228179622726405,0.81790006,1,1035.764298,13,1771945610,0.8762245232690481,0.8772265272760611,0.8762245232690481,0.8762245232690481,2.307236161794911,-0.3345817766877756,0.8762245232690481,-0.4337761917073474,0.0,,0.8762245232690481,-0.4196643520605089,0.8762245232690481,0.04460909507431453,0.03187875543396965,,1,0.989375404960226,-0.2997993739217324,0.8762245232690481,0.6065586992485266,342.079999,402.0,402.0,0.005054696341003395,342.079999,-79128.0,,0.0,2.0
0xb56079fca2dd4ec79ba3902e60c1df50ab3b5f11,0.5217363630437268,0.8168866,1,24916.141912,38,1771907436,2.2555903845453172e-07,2.2583178216280112e-07,2.2555903845453172e-07,2.2555903845453172e-07,0.00043285498995423365,-0.00908088556357572,2.2555903845453172e-07,0.10788569823923018,0.0,7936.255534171999,0.10556809938238815,-0.0059592659310235135,0.21113597320573782,-0.5456215091060099,-0.3167760771751918,,1,0.989375404960226,-0.15079743011264726,2.2555903845453172e-07,1.0,976.789999,190.0,190.0,0.004594254763516781,976.789999,-41166.0,,0.0,1.0
0x72cff51006060bc06cead6cb413c20e961258b3d,0.5208979399600554,0.81610113,1,2.808987,2,1772112606,0.6442887092068523,0.6452907132138654,0.6442887092068523,0.6442887092068523,0.9125788783004558,3.0104665069724423,0.6442887092068523,3.0105665069724434,0.0,,0.6442887092068523,3.0192665069724436,0.6442887092068523,3.0271665340152754,3.0105665069724425,,1,0.989375404960226,-0.9516233538122858,0.6442887092068523,0.5,0.999999,380.0,380.0,0.0015414195662932105,0.999999,-246146.0,,0.0,2.0
0xb8439c67a2b7464a4b0ba11ac079cafa3305eb89,0.5162295588526115,0.8117295,1,29358.702752000005,55,1771955702,0.8761886519673285,0.8771906559743419,0.8761886519673285,0.8761886519673285,3.807100109291122,-0.19403730843388536,0.8761886519673285,-0.3418811785103882,0.0,,0.8761886519673285,-0.35406616813647657,0.8761886519673285,0.29844038342803786,0.3034258379734923,,1,0.989375404960226,-0.33919078212944676,0.8761886519673285,1.0,4999.999999,428.0,428.0,0.004775613130704515,4999.999999,-89194.0,,0.0,1.0
0x854f3ea0d6c7ff3ca93be3bb5eb67b228575171d,0.5133623035388306,0.80904585,1,20346.172078,66,1772101414,0.6242964514449475,0.6252984554519608,0.6242964514449475,0.6242964514449475,3.3171981381117064,2.711505837494203,0.6242964514449475,-0.47877315641757606,0.0,,0.6242964514449475,-0.451191242824679,0.6242964514449475,2.745772332763381,2.7218723327633816,,1,0.989375404960226,-0.9079383914004012,0.6242964514449475,1.0,8488.939999,40.0,40.0,0.0001699711898833148,8488.939999,-235294.0,,0.0,1.0
0xf71d93ba42e1cc9957c4003f1634d22674f3a413,0.5111259070298017,0.80695325,1,11.999998,3,1771953804,0.9238477054219201,0.9248497094289332,0.9238477054219201,0.9238477054219201,1.5738158810296468,0.12500005771728787,0.9238477054219201,0.18040009075220295,0.0,,0.9238477054219201,0.1602157439381209,0.9238477054219201,0.5938001363905403,0.6124001363905403,,1,0.989375404960226,-0.33178244951170577,0.9238477054219201,0.2631578891966759,4.999999,198.0,198.0,0.0022570790205644975,4.74999925,-87526.0,,0.0,4.0
0x2138f61ebd18c8fd36680740ce0a71571b97f8a0,0.5107144781607393,0.8065683,1,90.878612,8,1772074646,0.7989269490830356,0.7999289530900486,0.7989269490830356,0.7989269490830356,1.784533001638175,0.7782656782993891,0.7989269490830356,0.3256654008323262,0.0,,0.7989269490830356,0.3294654008323262,0.7989269490830356,6.3797832561434085,6.375383256143408,,1,0.989375404960226,-0.8034567014574665,0.7989269490830356,0.5635411591015549,11.999999,1748.0,1748.0,0.008381040054467171,22.156870842105263,-206818.0,,0.0,3.0
0xae0ce4392ee197ad4ad55ab567aed91115b1fa2f,0.5101332417887763,0.80602455,1,4922.992593,4,1772092006,1.4237767882772596e-06,1.4258432277365985e-06,1.4237767882772596e-06,1.4237767882772596e-06,0.0009928763435431442,-0.013968470842965616,1.4237767882772596e-06,0.06002415073610681,0.0,1131.4000106299975,0.08629884095673954,0.07507415469406761,0.1725962581366908,3.994572690278977,3.9728726902022458,,1,0.989375404960226,-0.8712167932614618,1.4237767882772596e-06,1.0,509.049999,124.0,124.0,0.0005488522790648265,509.049999,-225802.0,,0.0,1.0
0x430748dd138117801d7270db48f49c39aaee5fbe,0.5093394212338966,0.80528194,1,2380.8973180000003,8,1772108050,7.286612006937281e-07,7.297611848125845e-07,7.286612006937281e-07,7.286612006937281e-07,0.0006965018617423311,1.6887446691188952,7.286612006937281e-07,1.6872218517166537,0.0,590.4493196697658,0.08297018122171977,1.6976876350275947,0.16593963378223883,3.4013039101868547,3.3841582713054983,,1,0.989375404960226,-0.9338402329448318,7.286612006937281e-07,0.500003098839888,299.2549995,42840.0,42840.0,0.17704674133157003,299.2549995,-199130.0,,0.0,2.0
0xff55beaf369387d7748a31213699a51f1ca8b877,0.5048294980718567,0.80106366,1,59310.740344000005,48,1772112364,1.9302279508893147e-09,1.8396197775427462e-09,1.9302279508893147e-09,1.9302279508893147e-09,3.5142784185098655e-05,1.3384734542997396,1.9302279508893147e-09,1.3369734549569556,0.0,5416.36156284,0.07745682801496129,1.3439999337569457,0.15491365409969463,3.567005165997371,3.535586118378323,,1,0.989375404960226,-0.9506787718873684,1.9302279508893147e-09,1.0,9999.999999,66.0,66.0,0.0002679833038281009,9999.999999,-246218.0,,0.0,1.0
0x3b20b91f585e5784558fa2526c32a32661d37100,0.50321567351256,0.7995544,1,991.6447580000003,16,1772038746,0.8513892988094206,0.8523913028164336,0.8513892988094206,0.8513892988094206,2.4674880504193397,0.020460820604951836,0.8513892988094206,-0.3829391793950483,0.0,,0.8513892988094206,-0.3814391793950483,0.8513892988094206,1.614568636290312,1.6091100547770327,,1,0.989375404960226,-0.6633307051577295,0.8513892988094206,0.394122670403709,358.654999,78074.0,78074.0,0.45216776898752503,411.4683745,-94592.0,0.0,0.0,3.0
0xcdfa9eb7d43410c3be4c0354ff50162758cad143,0.5003083994444717,0.79683566,1,162.43726,4,1772054424,0.85005346516648,0.851055469173493,0.85005346516648,0.85005346516648,1.0888704277410106,0.2585707828186527,0.85005346516648,0.19849934575681083,0.0,,0.85005346516648,0.19602261426137324,0.85005346516648,1.9136999906406378,1.9194500009687627,,1,0.989375404960226,-0.7245255622604392,0.85005346516648,,,,,,,,,,
0x421f94560b115354f4f10488793b39c15a66b5a7,0.4959601620005383,0.7927694,1,4314.230428,30,1772053774,0.798583090571714,0.7995850945787271,0.798583090571714,0.798583090571714,3.4407442466371356,0.23542924184025113,0.798583090571714,0.3309738478824083,0.0,,0.798583090571714,0.33102591868433434,0.798583090571714,1.934385669074421,1.9407674719079748,,2,0.989375404960226,-0.7219884620488841,0.798583090571714,1.0,9.999999,4720.0,4720.0,0.025147314245527293,9.999999,-182974.0,0.0,0.0,1.0
0x770ac8483d71a56b7dd7fc0c8e36e8e2cedf2f59,0.49284124965841497,0.7898524,1,9.999998,2,1771929108,0.8677354897700732,0.8687374937770864,0.8677354897700732,0.8677354897700732,1.2285803458415676,-0.1686998407750517,0.8677354897700732,0.14790016315642873,0.0,,0.8677354897700732,0.11960015922494852,0.8677354897700732,-0.2642998407750516,-0.2360998368435714,,1,0.989375404960226,-0.23538825439698982,0.8677354897700732,0.3400000168000021,12.499998999999999,102.0,102.0,0.0016183283619978423,12.499999250000002,-62926.0,0.0,0.0,4.0
0x6136098e8bf186241d1a9346538eac943e9b2b57,0.4927850436423201,0.7897998,1,9407.203379999999,12,1772055330,3.360362439151195e-07,3.3643391994342136e-07,3.360362439151195e-07,3.360362439151195e-07,0.0005340350952448092,0.10777096829756838,3.360362439151195e-07,0.02506138121086559,0.0,2646.6708249999997,0.10525209022480216,0.02418790077506824,0.2105038444133604,1.576737578235073,1.5820375802932833,,1,0.989375404960226,-0.7280618896322376,3.360362439151195e-07,1.0,499.74,3752.0,3752.0,0.01982562747688243,499.74,-185498.0,,0.0,1.0
0x4645d26400fad566298649d0cf17260fdf615c80,0.48772207068282875,0.7850634,1,36561.006829,32,1772045156,2.6705206730321052e-17,-0.00024053911815905219,2.6705206730321052e-17,2.6705206730321052e-17,-0.000490939059597777,0.1660848889879952,2.6705206730321052e-17,0.022439900767103747,0.0,2171.109040116875,0.080307375826493,0.02405392357118195,0.160614751652986,1.3194107503319596,1.3187639406926592,,1,0.989375404960226,-0.6883504164747578,2.6705206730321052e-17,1.0,499.999999,376.0,376.0,0.0020996671804150192,499.999999,-178700.0,,0.0,1.0
0x8b42d8e492d40f551fb7586466c31156b395273b,0.4807318381619756,0.7785199,1,157.71332999999998,5,1771998678,0.8495159463270558,0.8505179503340689,0.8495159463270558,0.8495159463270558,1.762399457463761,0.16824612565406133,0.8495159463270558,0.08599533876817173,0.0,,0.8495159463270558,0.08768567833910083,0.8495159463270558,-0.22335964425266716,-0.22578334300478747,,1,0.989375404960226,-0.5069360416552823,0.8495159463270558,,,,,,,,,,
0xea9efca15eddef82c80c613e2b7d81b37eba9178,0.47686764052761016,0.77489984,1,80.0,2,1772099912,0.6763527047337909,0.6773547087408042,0.6763527047337909,0.6763527047337909,0.9579242156385228,3.7125435881578452,0.6763527047337909,0.07922344914814641,0.0,,0.6763527047337909,0.09914643610971795,0.6763527047337909,3.6580435881578444,3.6362435881578445,,1,0.989375404960226,-0.9020757382961616,0.6763527047337909,0.36588231683116057,451.49456150000003,4710607.0,4710607.0,20.14526241061959,733.268435,4476775.0,,0.75,4.0
0x3523427189c51003bf13ddc0a912b9b8e8ae3326,0.47660128035416494,0.7746502,1,15.723268999999998,2,1772097856,0.6823647633161529,0.683366767323166,0.6823647633161529,0.6823647633161529,0.9664265504234805,3.783776443022847,0.6823647633161529,0.1359413558445926,0.0,,0.6823647633161529,0.15424136239121372,0.6823647633161529,3.7945764448574724,3.777376437660028,,1,0.989375404960226,-0.894050695165458,0.6823647633161529,1.0,4.999999,66.0,66.0,0.00028475769708684247,4.999999,-231710.0,,0.0,1.0
0xefe927c0d3d4699a1767b2ceea8a0fb836955c6b,0.47624278365402406,0.7743142,1,130.790498,4,1772096592,0.6953907846871787,0.6963927886941919,0.6953907846871787,0.6953907846871787,1.3213900873756375,4.1036186414810425,0.6953907846871787,0.5868503675517276,0.0,,0.6953907846871787,0.6064503683142275,0.6953907846871787,4.117018632576495,4.101418632576495,,1,0.989375404960226,-0.8891170110617569,0.6953907846871787,,,,,,,,,,
0xb1e9bcc12d22152d3876a9e47280de0141be6d8e,0.4754748682666865,0.77359444,1,50.0,2,1772051996,0.8627254500382134,0.8637274540452267,0.8627254500382134,0.8627254500382134,1.2214950797047437,0.3239999999999998,0.8627254500382134,0.3272999999999994,0.0,,0.8627254500382134,0.3227999999999994,0.8627254500382134,1.646099990003998,1.6472999999999998,,1,0.989375404960226,-0.7150485171625072,0.8627254500382134,0.24639950852724474,27.25,158090.0,158090.0,0.8503302566750576,28.433333333333334,-27826.0,0.0,0.0,5.0
0xf5c2f4bb0f8095b0bfe5d902fb5f1e01bff58318,0.4745974655401038,0.7727719,1,1361.6893979999998,18,1771882128,0.8861863304690248,0.8871883344760378,0.8861863304690248,0.8861863304690248,2.9828665287298133,0.11393585715511194,0.8861863304690248,-0.18206411020248756,0.0,,0.8861863304690248,-0.4169764243064425,0.8861863304690248,0.25163627907375324,0.4939519959466565,,1,0.989375404960226,-0.05201445756797477,0.8861863304690248,1.0,199.939999,42.0,42.0,0.002617148554336989,199.939999,-16006.0,,0.0,1.0
0x21e02d8ecddd89f9ace7a7b890390578bdc48de5,0.4701381582584749,0.768589,1,3.006,1,1772113178,0.7004008009021035,0.7014028049091167,0.7004008009021035,0.7004008009021035,0.7014028049091167,4.24467852995679,0.7004008009021035,4.241578529956791,0.0,,0.7004008009021035,4.251878529956791,0.7004008009021035,4.2665785299567895,4.241578529956789,,1,0.989375404960226,-0.9538560019984543,0.7004008009021035,0.40442237404530873,1.3552305,4820.0,4820.0,0.019506430646949794,4.1354594375,-242278.0,,0.0,4.0
0x3c756da119baae595a90d699d7af218902670505,0.46195712418227053,0.760903,1,1052.409998,10,1772113118,2.754743160807893e-06,2.837022149855565e-06,2.754743160807893e-06,2.754743160807893e-06,0.001364676719039037,1.608231701602111,2.754743160807893e-06,1.6066309293777816,0.0,191.38433479921432,0.08051940452523015,1.6116317162962723,0.1610360543072995,3.2595376321917127,3.241832293793844,,1,0.989375404960226,-0.9536218081327723,2.754743160807893e-06,1.0,154.009999,40.0,40.0,0.00016191840931354691,154.009999,-246998.0,,0.0,1.0
0x253cf11827fd965789688f035f70ab488d5f061b,0.46113481486705704,0.76012945,1,173.145672,7,1772108796,0.30375594372825404,0.3042081801274511,0.30375594372825404,0.30375594372825404,0.6602954088792933,3.0146403690724295,0.30375594372825404,3.0119385950612934,0.0,-1.7548198416947027,0.30154375793972277,3.0244013129911442,0.2993315721511915,4.140329733651014,4.105967925887329,,1,0.989375404960226,-0.9367520433414781,0.30375594372825404,1.0,17.799999,400.0,400.0,0.001648016612007449,17.799999,-242316.0,,0.0,1.0
0x6e131d6c61216b4a5ec571db332ad3226e7fa801,0.4573988845552808,0.7566125,1,42394.43408,31,1772071966,0.7473944572009187,0.7483964612079319,0.7473944572009187,0.7473944572009187,2.7730505534693934,3.293955529092371,0.7473944572009187,3.0719032466528393,0.0,,0.7473944572009187,3.090596571706995,0.7473944572009187,5.392661110223145,5.370121573916598,,1,0.989375404960226,-0.7929960421236699,0.7473944572009187,0.4664457995006378,293.7,14208660.0,14208660.0,69.0122689255219,1677.3851883846155,14002774.0,0.0,0.3333333333333333,3.0
0x933fb338c929c054d98f92688cd1cf77562054ce,0.4460070682922127,0.7458587,1,103.37,3,1772092844,0.7050672767061927,0.706069280713206,0.7050672767061927,0.7050672767061927,1.0035853482075001,-0.11262848943943138,0.7050672767061927,0.18851437840020902,0.0,,0.7050672767061927,0.20311149268502432,0.7050672767061927,4.348937894708555,4.314837894053307,,1,0.989375404960226,-0.8744877009188206,0.7050672767061927,,,,,,,,,,
0x79ef05b74f7f40881099e23c878862a56917f023,0.44528865429034215,0.7451789,1,14.142798,5,1772045706,0.8815057894425301,0.8825077934495432,0.8815057894425301,0.8815057894425301,1.8599222487397455,0.6418650635774361,0.8815057894425301,0.133215593908437,0.0,,0.8815057894425301,0.14226414965729095,0.8815057894425301,1.4408731559377266,1.4308834413368177,,1,0.989375404960226,-0.6904971935768429,0.8815057894425301,0.25694446412037675,2.9999995,4410.0,4410.0,0.024551011546212687,3.9999993333333332,-175216.0,,0.0,6.0
0xd1eff5858c82b1bb4ae334263fbef21e6c544729,0.4411163203763609,0.74122614,1,68.844478,4,1772068718,0.8160533207721058,0.8170553247791191,0.8160533207721058,0.8160533207721058,1.5474785711536365,1.5609118410609728,0.8160533207721058,0.15019608429667045,0.0,,0.8160533207721058,0.1466118418589682,0.8160533207721058,6.5145029821569445,6.519724043014912,,1,0.989375404960226,-0.7803183475280837,0.8160533207721058,0.21361058739212638,20.0,402.0,402.0,0.0019838332395700708,22.999999600000002,-202236.0,,0.0,5.0
0x6145be45697069cd6b3e73fcdf7539ff15083e2b,0.43978661261494056,0.7399648,1,167.09218299999998,7,1771971042,0.4814863741695826,0.5924839827848123,0.4814863741695826,0.4814863741695826,1.4944698400945056,0.12057600418937112,0.4814863741695826,0.056396804601950346,0.0,8.196879940157082,0.492539499919193,0.05136883615151619,0.5035926256688034,1.6154815798391926,1.6159415800477201,,2,0.989375404960226,-0.3990663471221477,0.4814863741695826,,,,,,,,,,
0xe55c0dcc64baa0155325440316df5bae66f9ccb2,0.43555025447905366,0.73594064,1,99.99999799999999,7,1772046652,0.8808816445433353,0.8818836485503484,0.8808816445433353,0.8808816445433353,1.9872675654845962,0.8105950217142699,0.8808816445433353,0.06919501831179738,0.0,,0.8808816445433353,0.06437584094054143,0.8808816445433353,1.262512726384559,1.2641993040364756,,1,0.989375404960226,-0.6941896501924293,0.8808816445433353,,,,,,,,,,
0x4b4c9e6d042239803b1b0af2169d7ece5799f2dd,0.43494436287608995,0.7353644,1,5594.922148999999,18,1772042588,0.8549882399096581,0.8559902439166712,0.8549882399096581,0.8549882399096581,2.5258549290172736,0.18836312520431178,0.8549882399096581,-0.5135919809382535,0.0,,0.8549882399096581,-0.512346059299826,0.8549882399096581,1.3276015824645937,1.3270188089438268,,1,0.989375404960226,-0.6783269190235677,0.8549882399096581,1.0,99.999999,26.0,26.0,0.0001473021052870125,99.999999,-176482.0,,0.0,1.0
0xbd089bee05347915331ff0b6f2ca4d1aa42dff3b,0.42365768954733934,0.72459394,1,3692.6367860000005,14,1772033066,0.08916085054157027,0.2625080939650381,0.09897383321802568,0.10897552477778154,0.9775118436247408,-0.18151205530978512,0.12482727009068716,0.018897644132504835,0.0,11.887166485000009,0.10003504329969425,0.026729074297923684,0.09128327070490742,1.8550232388490193,1.847812388753597,,1,0.989375404960226,-0.6411603525398325,0.09897383321802568,0.9990838536831914,5499.9705415,13910908.0,13910908.0,83.30583402201383,5499.9705415,13743922.0,,0.5,2.0
0xb263ad08458e0c2597abb7a01889e78af6fc15e6,0.4211430549638682,0.72218436,1,184.330936,9,1772078184,0.21629597183055477,0.21662569008583824,0.21629597183055477,0.21629597183055477,0.6537260527710567,0.17056940487643915,0.21629597183055477,0.6073285361811949,0.0,5.442606201823355,0.22262841363985886,0.6180324826199413,0.22896085544916295,5.0831772565801225,5.060320754371353,,1,0.989375404960226,-0.8172663330705158,0.21629597183055477,0.3817645428643976,24.999999,90750.0,90750.0,0.4278561460415645,34.972685142857145,-121354.0,,0.25,4.0
0x4125e1d1fe3ad3cb01a34b2c35c503de8c6e8685,0.4211217364973201,0.7221639,1,3719.7749980000003,8,1772092844,1.0459889286003233e-06,1.047518021363967e-06,1.0459889286003233e-06,1.0459889286003233e-06,0.0008479677117945947,-0.1378085830089278,1.0459889286003233e-06,-0.00043893236957528753,0.0,923.6488161956322,0.08455233436423813,0.006661070599115309,0.16910362273954768,3.897617531959973,3.867282246038926,,1,0.989375404960226,-0.8744877009188206,1.0459889286003233e-06,1.0,430.919999,96.0,96.0,0.00042334762131555274,430.919999,-226668.0,,0.0,1.0
0x419dc51155bde4ebe2324c5f461a1ee51045c715,0.420070226506405,0.72115517,1,3930.7198909999997,11,1772106092,1.246766173824389e-06,1.24869914463652e-06,1.246766173824389e-06,1.246766173824389e-06,0.0008990418227345019,1.521760114744408,1.246766173824389e-06,1.5201601116578403,0.0,894.4749852539999,0.08078026184316016,1.5378542359322853,0.1615592769201465,3.068381120938797,3.0452379829576213,,1,0.989375404960226,-0.9261977064614088,1.246766173824389e-06,0.4821170677380355,249.999999,302942.0,302942.0,1.2621952235721547,600.5849997,62930.0,,0.0,4.0
0x9bb0edd4635583f93be82add17357089690f2262,0.4158102134460894,0.71706116,1,2.359998,2,1772095238,0.6983969123915451,0.6993989163985582,0.6983969123915451,0.6983969123915451,0.9890994330798875,0.40111148233830324,0.6983969123915451,0.23969595697659746,0.0,,0.6983969123915451,0.25889595723633857,0.6983969123915451,4.199642821822449,4.1803428218370655,,1,0.989375404960226,-0.8838320361595329,0.6983969123915451,1.0,1.179999,7808.0,7808.0,0.03407256128959059,1.179999,-221350.0,0.0,0.0,1.0
0xc7d189e84a477450d9892f0259bf66fe5fb1be01,0.40218053896331707,0.70387787,1,15.2,2,1772094254,0.6903807608319734,0.6913827648389864,0.6903807608319734,0.6903807608319734,0.9777628828263027,-0.11988694956393345,0.6903807608319734,0.2603985321704903,0.0,,0.6903807608319734,0.2778985321704903,0.6903807608319734,4.009872680530577,3.974172680530578,,1,0.989375404960226,-0.8799912567623479,0.6903807608319734,1.0,4.712,1592.0,1592.0,0.006977131487373671,4.712,-226582.0,,0.0,1.0
0x8ef4b4230aceaf00f0a321addc9dd408e9b7db45,0.39934159333070424,0.7011142,1,711.280982,4,1772099738,0.09576926261427404,0.0959124154729942,-0.008159712816558196,0.09576926261427403,0.2537520415428879,2.006890160595308,0.09576926261427403,0.016429209553903586,0.0,-21.572789655006645,-0.014279027150284444,0.026372148566271385,0.08353063394682154,3.52602886298732,3.50502886298732,,1,0.989375404960226,-0.9013965760856837,-0.008159712816558196,1.0,166.529999,168.0,168.0,0.0007189995634645507,166.529999,-233490.0,,0.0,1.0
0x78b282900e54f18e61efca37b54d955d1d024346,0.3987046452224804,0.7004932,1,113.43584000000001,10,1772053072,0.12729914942410264,0.1274455740784226,0.12729914942410264,0.12729914942410264,0.4682486820468152,0.23411590720029574,0.12729914942410264,0.1616230702542552,0.0,3.1061999999999994,0.13449118391570042,0.1484462519641372,0.1416832184072982,2.307248815415167,2.3274874585497956,,1,0.989375404960226,-0.7192483938204045,0.12729914942410264,1.0,16.0,74.0,74.0,0.0003957388551381877,16.0,-186918.0,,0.0,1.0
0xc8ee8150ff9bf058b2b8defd09e1bac866ffffd7,0.3974588273290797,0.6992777,1,51540.65236,6,1772047824,3.708159731175086e-17,-0.00033400133567100824,3.708159731175086e-17,3.708159731175086e-17,-0.0005785072831780536,0.20766666666666672,3.708159731175086e-17,0.13127224510813598,0.5039191789038517,5553.6810000000005,0.07498329985814128,0.12920000038771265,0.14996659971628257,2.085400003365126,2.089816738689534,0.0003000000000008884,1,0.989375404960226,-0.6987642370354179,3.708159731175086e-17,1.0,2498.538,7950.0,7950.0,0.0437428470816093,2498.538,-173794.0,,0.0,1.0
0xf1a204da01c82e90506a84fe90976f491dbeed64,0.39274688812211495,0.6946685,1,1.96,1,1772110100,0.720440881042364,0.7214428850493773,0.720440881042364,0.720440881042364,0.7214428850493773,4.843793858814899,0.720440881042364,4.840093858814901,0.0,,0.720440881042364,4.872293858814901,0.720440881042364,4.873793858814899,4.8400938588149,,1,0.989375404960226,-0.9418418566889671,0.720440881042364,1.0,1.96,272658.0,272658.0,1.1173592328497663,1.96,28638.0,,0.0,1.0
0xcb1960ef554de252f9aac13b32dff1b4761c16cc,0.3916192070272395,0.6935625,1,3194.408172,3,1772091884,0.6934370721584124,0.6944390761654256,0.6934370721584124,0.6934370721584124,1.0797360492283257,-0.00563851776043509,0.6934370721584124,0.14554917257771913,0.0,,0.6934370721584124,0.17215921231908704,0.6934370721584124,4.077052793290843,4.0578527963713436,,1,0.989375404960226,-0.8707405990679085,0.6934370721584124,0.21537279048440652,1499.999997,41232455.0,41232455.0,182.6028546881366,7099.3226861428575,41006651.0,0.0,0.7857142857142857,14.0
0xa8d887898b2c449b9a946ee6cda734e290add49b,0.38365874196626903,0.68572223,1,16.739998,2,1772060468,0.8316633418847181,0.8326653458917312,0.8316633418847181,0.8316633418847181,1.1775666250781704,0.3839001185678186,0.8316633418847181,0.09480012985742246,0.0,,0.8316633418847181,0.09390012985742247,0.8316633418847181,0.739066774217486,0.7428001667574505,,1,0.989375404960226,-0.7481166909968071,0.8316633418847181,0.3166907456324324,9.479999,9610.0,9610.0,0.04943720805811058,13.242799200000002,-184778.0,,0.0,4.0
0xf0849a48647073f942ced067576d7fef62beec84,0.37419902075426437,0.6763247,1,760.1,3,1771949614,0.29859719408988106,0.29893119542555213,0.29859719408988106,0.29859719408988106,0.5177640184443575,-0.18006668117973262,0.29859719408988106,0.15806664247466662,0.0,-3.4550000000000125,0.2981796924202923,0.16099997687600004,0.29776219075070354,0.263600354112471,0.245100354112471,,1,0.989375404960226,-0.315427911224912,0.29859719408988106,0.3013546499895236,344.332,3121084.0,3121084.0,37.36303780496564,505.9163571428571,3037550.0,0.0,0.25,8.0
0x5e691969a74194d6d6a770d3235ceec3f9c84ecd,0.3719291205874481,0.6740558,1,17789.223592000002,153,1771986862,0.820964294828425,0.821966298835438,0.820964294828425,0.820964294828425,6.246310171565473,-0.10116522909459218,0.820964294828425,-0.06000772373112623,0.0,,0.820964294828425,-0.051272824304980036,0.820964294828425,0.12010394219847038,0.11661168985811589,,2,0.989375404960226,-0.46081546304030474,0.820964294828425,1.0,13.09,68.0,68.0,0.0005629977976850855,13.09,-120714.0,,0.0,1.0
0x195e5fa9361816f82f573d290244004e6ba9b4e4,0.36716221010050804,0.6692724,1,485.94178600000004,8,1772027682,0.8529097957691059,0.8539117997761191,0.8529097957691059,0.8529097957691059,2.0071830324259703,-0.16194780035882117,0.8529097957691059,-0.2270477860600413,0.0,,0.8529097957691059,-0.22314778606004126,0.8529097957691059,0.5099972404538027,0.5016671405136259,,1,0.989375404960226,-0.6201453563259667,0.8529097957691059,1.0,99.999999,422.0,422.0,0.002611353819878467,99.999999,-161180.0,,0.0,1.0
0x835db79f4501c4c6f6e6029b18f330e84a8c9d55,0.36264327241403876,0.66471374,1,9814.4558,23,1771974008,3.024670434234625e-07,3.029041345266756e-07,3.024670434234625e-07,3.024670434234625e-07,0.00045862101072652886,-0.039474708531403974,3.024670434234625e-07,-0.01605858801011902,0.0,5999.249310698002,0.10549670171329864,-0.015245473676876698,0.21099310095955384,1.8132563528378216,1.8103200882569763,,2,0.989375404960226,-0.41064333054902846,3.024670434234625e-07,0.6146105077055448,479.634999,2078.0,2078.0,0.019253576458379662,479.634999,-105850.0,,0.0,2.0
0x6000b0c83e7bf52d0d054ccbc92a36b65a1b5238,0.3611091753292221,0.6631606,1,33.30894,17,1772089244,0.5289710249654679,0.5297173854213097,0.5289710249654679,0.5289710249654679,2.1884622868903496,1.9134736703778494,0.5289710249654679,0.22989595807465785,0.0,0.1995600000000008,0.5294815956927672,0.24985617785939943,0.5299921664200666,4.506791987023057,4.4782274746067445,,1,0.989375404960226,-0.8604360689778999,0.5289710249654679,0.3332138123323332,0.116055,116446.0,116446.0,0.5217956301195533,0.7764325,-106718.0,,0.0,5.0
0xd0d666c93b4e4d042811fa41d9906104b3df6efa,0.3608088919096762,0.6628563,1,125.0,2,1771963842,0.9208416824449689,0.9218436864519821,0.9208416824449689,0.9208416824449689,1.3036838437684042,0.26270000000000027,0.9208416824449689,0.09470000000000015,0.0,,0.9208416824449689,0.08480000000000013,0.9208416824449689,0.8079000000000001,0.8067000000000002,,1,0.989375404960226,-0.3709630832403063,0.9208416824449689,0.26530612594752206,10.0,1260.0,1260.0,0.012888443362451669,13.999999800000001,-96502.0,,0.0,5.0
0x5be434b0723a790c241c77fcbcea5e6e3a2a3128,0.35730612302253667,0.65929794,1,5.0,2,1772112372,0.720440881042364,0.7214428850493773,0.720440881042364,0.720440881042364,1.0202743125144031,4.843793857492247,0.720440881042364,4.840793858814901,0.0,,0.720440881042364,4.8587938588149004,0.720440881042364,4.882793830027013,4.840793858814899,,1,0.989375404960226,-0.950709997736126,0.720440881042364,0.7051439094770294,3.175,665268.0,665268.0,2.7011352378477578,17.132067071428573,418976.0,,0.0,4.0
0x03cf5c88880d515c72e723225d01ca664193197a,0.3570005629964419,0.6589868,1,719.474684,15,1772088252,0.6666639325679742,0.6676659365749875,0.6666639325679742,0.6666639325679742,2.322760747974008,0.04320485128231309,0.6666639325679742,-0.23466406707078222,0.0,,0.6666639325679742,-0.19546381208898195,0.6666639325679742,3.3692323936369974,3.353511926656026,,1,0.989375404960226,-0.8565640637319573,0.6666639325679742,1.0,99.999999,158.0,158.0,0.000711160722323245,99.999999,-222014.0,0.0,0.0,1.0
0x6926101994e5609919d8b8db0c6de6ae7314da10,0.35103769615122005,0.652891,1,19.999997999999998,3,1772005592,0.838677367310382,0.8396793713173952,0.838677367310382,0.838677367310382,1.3671877085888848,-0.03310012317185398,0.838677367310382,0.2957001086501619,0.0,,0.838677367310382,0.3035001086501619,0.838677367310382,-0.08071403378270105,-0.08561403378270104,,1,0.989375404960226,-0.5339229814440394,0.838677367310382,0.1653103344613553,4.0,446.0,446.0,0.0031968576179826824,5.485713714285715,-139066.0,,0.0,7.0
0xa80610b4ef7e865c79ed888b2a220a2ee5e79c9d,0.3390360661994799,0.64047426,1,59.173703,6,1772105482,0.3111943946438243,0.3116753751524653,0.3111943946438243,0.3111943946438243,0.6361924016124163,0.7391478427564961,0.3111943946438243,0.7386573770708574,0.0,-0.030766085297819004,0.31099903078801333,0.7482216676027308,0.3108036669322023,3.1037634996225045,3.0771203011507993,-1.2366391234292102,1,0.989375404960226,-0.9256434476459613,0.3111943946438243,0.5041322321562736,10.999999,5278.0,5278.0,0.02204659944361367,10.999999,-234124.0,0.0,0.0,2.0
0x509df989389f2692d86cc04abfadc6a5c7f80799,0.3321352128164052,0.63323843,1,227.23294099999998,11,1772076582,0.7205934704003645,0.7215954744073776,0.7205934704003645,0.7205934704003645,2.2290326565569063,0.8787580246591872,0.7205934704003645,0.5001401246485909,0.0,,0.7205934704003645,0.5226672062182942,0.7205934704003645,4.645729177182747,4.635687857274592,,1,0.989375404960226,-0.8110133568568061,0.7205934704003645,0.3491124436959518,9.999999,658956.0,658956.0,3.1304025614958526,18.571427,448454.0,,0.2,5.0
0x8a17d71ad28f8baccfa3554c3777871da77eb2b3,0.32810434834228225,0.62897706,1,490.98899900000004,10,1772009088,0.2986337791524367,0.3816852271743467,0.2986337791524367,0.2986337791524367,0.9847829978563639,0.05292856883518049,0.3154915574164748,0.24157193591512685,0.0,16.806030721666673,0.302956795451397,0.25106858657390685,0.30727981175035723,1.5741662960401877,1.5700052751438673,,2,0.989375404960226,-0.5475686773511113,0.2986337791524367,0.8853130435215595,300.39251,42650613.0,42650613.0,298.2393502461401,203.27414520454548,42507605.0,0.0,0.5555555555555556,9.0
0xa9bbb10f18e42c16e7456ed4e160de9a1c82e20e,0.32486075795124475,0.6255285,1,236.64025,1,1772086012,0.6152304603059966,0.6162324643130097,0.6152304603059966,0.6152304603059966,0.6162324643130097,0.042463586433410264,0.6152304603059966,-0.33188481233170264,0.0,,0.6152304603059966,-0.31548481358438274,0.6152304603059966,2.5518612982419913,2.5439612982419915,,1,0.989375404960226,-0.8478208260798289,0.6152304603059966,0.4626208572448188,183.5263,77830.0,77830.0,0.35388210901551387,184.096418625,-142102.0,,0.0,3.0
0x53e58cffa76cebc07ed9e5abb85bd60bd3d4a1ae,0.3234249733663962,0.6239963,1,1072.894878,9,1772106466,-8.138362678104404e-08,2.685659683774443e-06,-8.138362678104404e-08,-8.138362678104404e-08,0.0013326993526846602,1.6536296799810313,-8.138362678104404e-08,1.6521296738894673,0.0,-9.212165919999999,-0.003487797577662588,1.6704741303805806,-0.0069755137716983944,3.309347886274774,3.2818901575088666,,1,0.989375404960226,-0.9276575148908266,-8.138362678104404e-08,1.0,224.999999,32.0,32.0,0.00013311923323321658,224.999999,-240354.0,,0.0,1.0
0xbbfc524c5a9e0bc0c39d747912dd07602610779a,0.32282613844290925,0.6233562,1,7309.665114,9,1772035862,2.652103689234523e-07,2.6551324923990184e-07,2.652103689234523e-07,2.652103689234523e-07,0.0004829313526856995,0.07660190339216,2.652103689234523e-07,-0.004895394590356192,0.0,2135.7420038508967,0.10971434491994787,-0.003942177686108194,0.2194284246295268,1.8339983355834968,1.8236914901332313,,1,0.989375404960226,-0.6520737866806142,2.652103689234523e-07,0.8396953782699468,577.5099984999999,90712.0,90712.0,0.5342851421234288,583.737899,-79070.0,,0.3333333333333333,3.0
0xa2bc00398168c2ef76c81230c543ab118a227134,0.3189359380828224,0.6191827,1,53941.307344,77,1771976508,0.0980583461850776,0.09819452434918594,0.0980583461850776,0.0980583461850776,0.5033548485128525,0.5629656406159858,0.0980583461850776,0.5626950779042943,0.0,-889.6837653646668,0.08130970830375871,0.5659224132609715,0.06456107042243982,4.961801913505216,4.928926037455326,-0.0767608692623776,1,0.989375404960226,-0.942989406630809,0.0980583461850776,0.5718064406639788,927.467975,4905185.0,4905185.0,44.41975767015612,723.78929,4794757.0,,0.5,2.0
0x154807ae0fe85087411c4276f0c2163fed93fa02,0.31750993593674,0.6176461,1,7605.906,3,1772018648,3.708159731175086e-17,-0.0003340013356710083,3.708159731175086e-17,3.708159731175086e-17,-0.0005785072831780535,-0.06266666459690658,3.708159731175086e-17,-0.012866978296045791,0.001,5719.428,0.07164328650143122,-0.006566991545649395,0.14328657300286243,0.30790000000000006,0.29740000000000005,8.881784197001252e-16,1,0.989375404960226,-0.5848835666164451,3.708159731175086e-17,1.0,939.906,15968.0,15968.0,0.10466152797441142,939.906,-136600.0,,0.0,1.0
0x50c4d94f8e8dd7fefcb92ab948ce1e11922f1150,0.3135624191472469,0.613373,1,10050.611477999999,16,1772104030,4.0728399362224227e-07,4.086461474470658e-07,4.0728399362224227e-07,4.0728399362224227e-07,0.0004956602125604162,1.1770572552567276,4.0728399362224227e-07,-0.2296936482787331,0.0,2098.8701473999995,0.07498425115496242,-0.21949363563363775,0.1499680950259312,2.4006018727310012,2.3846018613069986,,1,0.989375404960226,-0.918149243944137,4.0728399362224227e-07,1.0,1399.999999,1470.0,1470.0,0.0061777684387476365,1399.999999,-236480.0,,0.0,1.0
0x9b595f97f097fd9d053a22809c1f73540b8ff71c,0.30835780090197656,0.6076941,1,39.999996,4,1772109748,0.696993671264607,0.6979956752716201,0.696993671264607,0.696993671264607,1.395834180728819,4.154186877162742,0.696993671264607,4.149785065576278,0.0,,0.696993671264607,4.179014034788748,0.696993671264607,4.173329470620871,4.147129466750048,,1,0.989375404960226,-0.9404679193436326,0.696993671264607,0.16751508204120003,9.999999,101202.0,101202.0,0.41532741270909596,14.12499875,-142466.0,,0.125,8.0
0x3a28d7fb726524f04a5d60a4e48443d49e0679ea,0.30697659923284876,0.60617816,1,63.599996,11,1772040772,0.8711216088705002,0.8721236128775135,0.8711216088705002,0.8711216088705002,2.5655243389488787,0.11519210191650352,0.8711216088705002,-0.31457297904405157,0.0,,0.8711216088705002,-0.3090077767618501,0.8711216088705002,1.3703139991318127,1.3693049086961764,,1,0.989375404960226,-0.6712386513555921,0.8711216088705002,0.5555555555555557,9.999999,130.0,130.0,0.0007441668765598882,9.999999,-174562.0,,0.0,2.0
0xc1ebb99201f5a667ba70e874b83e263f21a0a545,0.30134878086396694,0.5999616,1,27.741999999999997,4,1772050090,0.30394121546061725,0.3042752167962883,0.30394121546061725,0.30394121546061725,0.5270201349752064,0.41886666676265416,0.30394121546061725,0.33326253333333355,0.0,1.8920000000000003,0.3183032728944706,0.32953333333333357,0.33266533032832396,1.893499857113273,1.8918936571132727,,1,0.989375404960226,-0.7076089586960086,0.30394121546061725,0.21755620300013026,4.81,1358.0,1358.0,0.007380033693820988,4.882571428571429,-182652.0,0.0,0.0,6.0
0x59532f13d302811b09d76ea8f7a597a1c0b2814a,0.30120478319851873,0.59980166,1,726.942603,6,1772112722,1.076644439904772e-05,1.0821281976632006e-05,1.076644439904772e-05,1.076644439904772e-05,0.0025335818514011,1.1180999119257973,1.076644439904772e-05,1.1225499931055194,0.0,143.82996158400002,0.0736714063385652,1.1217999794235436,0.14733204623273133,2.2547425426620427,2.247042542662043,,1,0.989375404960226,-0.952076128619271,1.076644439904772e-05,1.0,99.999999,728.0,728.0,0.0029516465160029518,99.999999,-245914.0,0.0,0.0,1.0
0x13af3367d0f4192fa5dbfa7e44b1685a447f6f9a,0.2998821439776524,0.59833074,1,136726.924488,129,1772059376,7.526604307396771e-09,8.128732657058881e-09,7.526604307396771e-09,7.526604307396771e-09,8.122480152263598e-05,0.16305272954711772,7.526604307396771e-09,-0.02403094499284834,0.0,20660.169810560008,0.09891916966273857,-0.02415968857427447,0.19783833179887284,0.5954463637952454,0.5971023637952453,,1,0.989375404960226,-0.7438543626413946,7.526604307396771e-09,1.0,5995.99116,1152.0,1152.0,0.005959771542090887,5995.99116,-192144.0,,0.0,1.0
0x41c907c967219b4b44a8461ba29554aba34d4346,0.299378842446836,0.59777004,1,573.674,6,1771968238,0.30428929389144743,0.3046175259258237,0.30428929389144743,0.30428929389144743,0.6426820285596903,0.16113726339115814,0.30428929389144743,0.24019455396257017,0.0,-3.2508533333333336,0.3027821834351496,0.2284382455109971,0.3012750729788518,0.563018062651192,0.5723180619578682,,1,0.989375404960226,-0.38812168713260836,0.30428929389144743,0.18537510643435054,509.39835,3140580.0,3140580.0,30.74237945143797,463.902213,3038422.0,0.0,0.4166666666666667,12.0
0x8f7cd4451b7113c8df6a733e70a8b2dbb1d214b0,0.29796810137948176,0.5961955,1,4944.5486040000005,16,1772107522,0.6567000254822906,0.6577020294893037,0.6567000254822906,0.6567000254822906,1.8747276598724647,3.237304370243825,0.6567000254822906,3.234876044790313,0.0,,0.6567000254822906,3.2645982829817117,0.6567000254822906,3.234426505881767,3.2172827568331828,,1,0.989375404960226,-0.9317793269268301,0.6567000254822906,0.2880213974766119,187.9403,42998222.0,42998222.0,178.08923882340272,380.4376483333333,42756780.0,0.0,0.0,8.0
0x814b675a8e036714a95e63a9d1c2be7742b5e15b,0.28721307999449464,0.5840467,1,229.493169,5,1772011832,0.6404648725635542,0.6414668765705673,0.6404648725635542,0.6404648725635542,1.3855046045793986,2.1213381323697913,0.6404648725635542,-0.19385589027549952,0.0,,0.6404648725635542,-0.17388013492523066,0.6404648725635542,1.3463740595041787,1.3364140495967967,,2,0.989375404960226,-0.5582791434749685,0.6404648725635542,0.8561440674495522,69.08999899999999,6544.0,6544.0,0.04489818321532466,69.08999899999999,-139208.0,,0.0,2.0
0xbb0da4bc976a9dfd5b92210eb1de327db796a5e4,0.27927188138414044,0.5749015,1,518.165161,6,1772112812,1.1341269604044526e-05,1.13601402689431e-05,1.1341269604044526e-05,1.1341269604044526e-05,0.0026177298282989447,1.1852271963686978,1.1341269604044526e-05,1.186427217075158,0.0,109.10110371799999,0.07524925854510453,1.188777263627772,0.150487175820605,2.3871791511630596,2.372379146572659,,1,0.989375404960226,-0.9524274194177941,1.1341269604044526e-05,1.0,72.339999,3656.0,3656.0,0.014817696934325502,72.339999,-243076.0,0.0,0.0,1.0
0x1d425bc844a40b1ea8411d39f6ac94c4cd05cd7c,0.2780431116483548,0.5734724,1,7978.306698,21,1772102152,0.6455114396383045,0.6465134436453175,0.6455114396383045,0.6455114396383045,2.102293342893167,3.0355007912279186,0.6455114396383045,-0.2657243805971612,0.0,,0.6455114396383045,-0.24222440156310943,0.6455114396383045,3.0928441854275417,3.072044185427542,,1,0.989375404960226,-0.91081897594829,0.6455114396383045,1.0,3499.999999,,,,3499.999999,,,0.0,1.0
0xfa2a7aedfa14eb974ae3d480d818531f338a21b6,0.27367739280486403,0.568363,1,338.70103599999993,7,1772106518,2.2434348722204263e-05,2.2465507539575765e-05,2.2434348722204263e-05,2.2434348722204263e-05,0.004028658741709344,2.0622332239829873,2.2434348722204263e-05,2.061037666805902,0.0,89.3527687869445,0.08645378304699836,2.0751620268484903,0.1728851317452745,3.9058241222068917,3.863144121643951,,1,0.989375404960226,-0.927860482907751,2.2434348722204263e-05,1.0,19.999999,154.0,154.0,0.0006404977582578461,19.999999,-240284.0,,0.0,1.0
0x02cbb3a0c32756b33569a8c4ffb4dd7c466e205a,0.272806773164515,0.56733805,1,28.998078,6,1772109600,0.0002646991412150195,0.0002650833199061514,0.0002646991412150195,0.0002646991412150195,0.01353787481655005,1.9905136164881876,0.0002646991412150195,1.9883491582216095,0.0,3.3313152897777076,0.08652921435924091,2.0006038599069575,0.1727937295772668,4.003874203391167,3.975174193577419,,1,0.989375404960226,-0.939890241141617,0.0002646991412150195,0.5312500156250058,3.999999,86.0,86.0,0.00035315374507227334,3.999999,-243434.0,,0.0,2.0
0x3581e1062f352ed49b713564c38b1917a45f7427,0.26716745468466535,0.56064874,1,52.256561,4,1772110110,0.7133814857815545,0.7143834897885676,0.7133814857815545,0.7133814857815545,1.3376710466499453,4.619742534865172,0.7133814857815545,4.617242534865172,0.0,,0.7133814857815545,4.648033476632869,0.7133814857815545,4.653931199836617,4.618333460992956,,1,0.989375404960226,-0.9418808889999142,0.7133814857815545,0.3539047851576789,48.973039,1308775.0,1308775.0,5.363172560750727,230.23288682142854,1064745.0,,0.39655172413793105,58.0
0x7ad457212477cac7999f256d440331dcb82c47c7,0.2646669450869139,0.557654,1,245.66000000000003,7,1772101978,0.6543086165795045,0.6553106205865175,0.6543086165795045,0.6543086165795045,1.5341426319822364,3.1949143712411767,0.6543086165795045,-0.20082297426559914,0.0,,0.6543086165795045,-0.17872297285766223,0.6543086165795045,3.20474918723822,3.1837777586667912,,1,0.989375404960226,-0.9101398137378122,0.6543086165795045,1.0,1.73,306.0,306.0,0.0012971708111132777,1.73,-235592.0,,0.0,1.0
0x5ec15240a7f2bd8688c7dd563ff2332392fadaec,0.26439502338052806,0.5573273,1,3.246752,2,1772094658,0.6923849589542886,0.6933869629613019,0.6923849589542886,0.6923849589542886,0.9805972469925641,-0.062300965734369856,0.6923849589542886,0.28631349813928675,0.0,,0.6923849589542886,0.30341349813928675,0.6923849589542886,4.06352299996924,4.024622959821745,,1,0.989375404960226,-0.8815681621246068,0.6923849589542886,0.2088275811045634,0.999999,11884.0,11884.0,0.051991005258598816,2.14862646875,-216694.0,,0.5294117647058824,17.0
0x6fdb7cdef0340c20c3f5f80324b0dbab7a96661c,0.2621237171825893,0.5545895,1,3838.0052830000013,31,1772005752,1.172112080279958e-07,-6.244528151836325e-07,1.172112080279958e-07,1.172112080279958e-07,-0.0006218401802849506,-0.015828860916703286,1.172112080279958e-07,0.07863380688363819,0.0,60.461688596333346,0.021710492550914097,0.08114331897235089,0.04342086789062017,-0.14018390651712637,-0.1449839065171263,-1.2411348188579723,2,0.989375404960226,-0.5345474984191914,1.172112080279958e-07,1.0,221.929999,102.0,102.0,0.0007302823758519961,221.929999,-139570.0,,0.0,1.0
0x0e120b8d6b79b8e6dbdad3cc0dbdf7fd9e3c911c,0.2615242777825678,0.5538644,1,195.80886299999997,3,1771936292,0.284239501046805,0.2845823322240769,0.284239501046805,0.284239501046805,0.4957974202314026,-0.4153381108167845,0.284239501046805,0.06926749741293683,0.0,35.24472072397483,0.305281097875297,0.07466756068855669,0.32632269470378905,-0.37779995772564007,-0.38409995807095654,,1,0.989375404960226,-0.26342906658131604,0.284239501046805,1.0,20.699999,590769.0,590769.0,8.414074517176552,20.699999,520557.0,,0.0,1.0
0x63b14a076319bb8533ab1065d4b98bd5260eafc2,0.25921258754847976,0.55105805,1,1197.9769480000002,8,1772100556,4.961622627019059e-06,4.968995023195907e-06,4.961622627019059e-06,4.961622627019059e-06,0.00183188817093818,1.7688884624109396,4.961622627019059e-06,-0.012531773705218902,0.0,407.46484904799996,0.08393411605196031,0.0008144245937075872,0.16786327048129362,3.5864363954088248,3.567606411127089,,1,0.989375404960226,-0.9045894191211485,4.961622627019059e-06,1.0,149.999999,84.0,84.0,0.00035824562002081234,149.999999,-234392.0,,0.0,1.0
0x45508a0f776fb681f065b36b7f943b7c61f0ea0a,0.2550847887988878,0.54600614,1,2907.711798,8,1772113278,5.008537818778911e-07,5.054487707024595e-07,5.008537818778911e-07,5.008537818778911e-07,0.00023603132481559273,0.020639638375089617,5.008537818778911e-07,0.017589624388403252,0.0,71.72381664999989,0.011629150880825537,0.02263964754668745,0.023258301761651074,0.062471581586213666,0.04367158158621367,,1,0.989375404960226,-0.9542463251079243,5.008537818778911e-07,1.0,699.999999,67788.0,67788.0,0.2742255196239452,699.999999,-179410.0,,0.0,1.0
0x7f84dfdfd3c30c858ba5e9841657f94cf3b6e4b4,0.2508246312375152,0.54073554,1,1609.6899979999998,12,1772062730,0.8037530422918131,0.8047550462988262,0.8037530422918131,0.8037530422918131,1.9156064131300885,0.8445788393574949,0.8037530422918131,-0.13883252695651815,0.0,,0.8037530422918131,-0.14622098252375948,0.8037530422918131,6.387598257161492,6.395684016239645,,1,0.989375404960226,-0.756945799733019,0.8037530422918131,0.3400128901236646,85.512455,190758.0,190758.0,0.9700381388253242,150.90930746428572,-5892.0,,0.0,7.0
0xaf207a48832f1b51494960a2e01c766351526b3b,0.25046021960699644,0.54028195,1,13805.783920000002,34,1772017998,7.461075099640149e-07,7.470343515912994e-07,7.461075099640149e-07,7.461075099640149e-07,0.0007767343943837634,-0.27238232900649784,7.461075099640149e-07,-0.1696829988225706,0.0,3900.8200524800004,0.10133040993265258,-0.1643494510482865,0.20266007375779518,-0.014337839639629365,-0.022037839614278572,,1,0.989375404960226,-0.58234646640489,7.461075099640149e-07,1.0,499.999999,100.0,100.0,0.0006582498453112863,499.999999,-151818.0,0.0,0.0,1.0
0xfba13a80e5efc8100b46abe21335f5e9d4086d3e,0.24977893768543774,0.53943276,1,128.122798,6,1772107866,5.062537600671057e-05,5.070208111832232e-05,5.062537600671057e-05,5.062537600671057e-05,0.005794932235460842,1.673005517032922,5.062537600671057e-05,1.671932615466091,0.0,29.23370043679281,0.08269747245058333,1.6859967920778591,0.16534431952515996,3.357311478955599,3.3400658400742427,,1,0.989375404960226,-0.9331220384234069,5.062537600671057e-05,1.0,14.979999,38.0,38.0,0.00015716377292316345,14.979999,-241748.0,,0.0,1.0
0xe017401c60d7b4b8f9f3c3aadd36dc1ea6b44981,0.2482359125613801,0.5375037,1,58087.253131000005,70,1771958468,1.477036968686146e-07,1.4805412081611703e-07,1.477036968686146e-07,1.477036968686146e-07,0.0003540571208916662,-0.210197257687524,1.477036968686146e-07,-0.32661168043564526,0.0,15235.933366003332,0.10569851687244386,-0.3301833717927247,0.21139688604119083,0.1391354713999797,0.15376059649789423,,1,0.989375404960226,-0.34998711933738746,1.477036968686146e-07,1.0,999.999999,304.0,304.0,0.0032904706238905484,999.999999,-92084.0,0.0,0.0,1.0
0x718a43056b1abb9046820126e99d97a8e8086d3d,0.24657715831403942,0.535421,1,11.89,2,1772059684,0.8257986553091746,0.8268006593161877,0.8257986553091746,0.8257986553091746,1.1690420755218787,0.2772911764705887,0.8257986553091746,0.023226470588235085,0.0,,0.8257986553091746,0.022657302295114104,0.8257986553091746,0.7401,0.7425999999999999,,1,0.989375404960226,-0.7450565578185622,0.8257986553091746,0.5312893948905112,7.9350000000000005,327372.0,327372.0,1.6909361376831058,7.9350000000000005,133768.0,0.0,0.0,2.0
0xb3c18d1a6e43c2012a48060b462f74f2aac01ef7,0.23914981942772565,0.5259774,1,84547.24845799999,109,1772090654,0.6916680375337091,0.6926700415407222,0.6916680375337091,0.6916680375337091,4.606187485111877,0.032659369047911085,0.6916680375337091,0.20671228328763155,0.0,,0.6916680375337091,0.2275417758539538,0.6916680375337091,3.9663791603066896,3.935288214311882,,1,0.989375404960226,-0.8659396248214272,0.6916680375337091,0.8949365405019964,45.389999,53956520.0,53956520.0,240.26165094801715,1175.9527697777778,53731946.0,0.0,0.0,4.0
0x0c9b29cf7222e7ef9c9b9df40b623e8d39f37981,0.23877221628297063,0.52549195,1,8686.88935,41,1772062038,0.706763154333396,0.7077651583404093,0.706763154333396,0.706763154333396,2.642703898445218,0.09207406334885666,0.706763154333396,-0.12570952959399964,0.0,,0.706763154333396,-0.12131359399901269,0.706763154333396,4.420651315413078,4.416919606137607,,2,0.989375404960226,-0.7542447638154864,0.706763154333396,1.0,3.999999,840.0,840.0,0.004286632849896406,3.999999,-195118.0,,0.0,1.0
0x5e524f43357198fa815e6766f02fe686b444b064,0.23866842865464988,0.52535844,1,147126.23488200002,205,1772089702,1.0221339368554175e-08,1.0191669461785659e-08,1.0221339368554175e-08,1.0221339368554175e-08,8.375982594890807e-05,0.6161970640962586,1.0221339368554175e-08,0.5923513615558054,0.0,2883.7795946978385,0.0850990160987344,0.6046033702220072,0.1701980219761294,3.6358506624361513,3.612057462842158,,1,0.989375404960226,-0.8622237488192726,1.0221339368554175e-08,1.0,99.999999,134.0,134.0,0.0005992254787096082,99.999999,-223488.0,,0.0,1.0
0x8ca6c88925a288dd6a91246337f94594d83169c5,0.23597255739634038,0.52187634,1,96.32505800000001,6,1772109362,2.024155872534756e-05,2.0329821306620794e-05,2.024155872534756e-05,2.024155872534756e-05,0.0037518080044139797,2.018206190684384,2.024155872534756e-05,2.0130639835004303,0.0,22.393120571562033,0.0863442555528625,2.0266374896666832,0.17266826954699965,4.059367939981397,4.027456382991044,,1,0.989375404960226,-0.9389612721410784,2.024155872534756e-05,0.5013850418428343,9.499999,268.0,268.0,0.0011016022558183508,9.499999,-243014.0,,0.0,2.0
0x6d860faaadd72f9f14d5c31e433a005b025f8889,0.23495575111425576,0.52055585,1,28.419995999999998,7,1772048096,0.0160456967656173,0.02383700027595966,0.0160456967656173,0.0160456967656173,0.17352833245119362,0.3596891792618143,0.0160456967656173,0.1911463400697897,0.0,6.772837166071832,0.04199630613848268,0.19059330597282348,0.06794691551134807,2.5574519631745454,2.5519119658535465,,2,0.989375404960226,-0.6998259158931763,0.0160456967656173,1.0,2.999999,304.0,304.0,0.001670182841068917,2.999999,-181712.0,,0.0,1.0
0xa7d1ed35eaec1a3308eedc3d6adaf3a710b1141a,0.22451344699913123,0.5067582,1,260.769098,9,1771966706,0.016319437356949445,0.04560567775429504,0.016319437356949445,0.016319437356949445,0.20559618625930565,0.16045913656584238,0.016319437356949445,0.14382924192028415,0.0,7.196510299203672,0.029348336606052416,0.13548806247424233,0.04237723585515539,0.832817165700439,0.8352171677246741,,1,0.989375404960226,-0.3821419370955277,0.016319437356949445,1.0,13.579999,68.0,68.0,0.0006757696817919821,13.579999,-100558.0,,0.0,1.0
0x9f9bdc25e87ee7338a9a8bd6043c8b1f6136484d,0.22395915365473798,0.5060133,1,1468.84114,4,1772042674,0.28390409720036563,0.2842380985360367,0.28390409720036563,0.28390409720036563,0.5365369360337813,0.03874760102175563,0.28390409720036563,-0.18007605675436011,0.0,-0.5700099999999406,0.2838213373364501,-0.17927605675436012,0.2837385774725346,1.27345,1.27175,-0.17216307917393311,1,0.989375404960226,-0.6813246005042974,0.28390409720036563,0.2390298414736345,146.9178,110402.0,110402.0,0.625174128226327,266.09251686666664,-66192.0,,0.0,6.0
0xdc0037409f8b387230fa4c6b4cae805741770dbc,0.21975651090253917,0.5003219,1,4535.801192,12,1772095610,2.0262842016484204e-06,2.0291830345254345e-06,2.0262842016484204e-06,2.0262842016484204e-06,0.0011930107654793956,2.1521619986748988,2.0262842016484204e-06,0.39924743915432503,0.0,577.8777302999661,0.08787293288751506,0.40704745662570074,0.17574383949082847,4.314342120058212,4.29624213024678,,1,0.989375404960226,-0.8852840381267614,2.0262842016484204e-06,1.0,489.999999,3667968.0,3667968.0,15.980342438896876,489.999999,3438438.0,,0.6666666666666666,1.0
0x9ec063c468176171905c3415be7a4f094a689bb9,0.21492636721918248,0.49368334,1,5.847952,2,1772089664,0.6583167326717055,0.6593187366787187,0.6583167326717055,0.6583167326717055,0.9324174993377392,-0.024496892593562275,0.6583167326717055,-0.41119143278074305,0.0,,0.6583167326717055,-0.38009141280793896,0.6583167326717055,3.2728326367903495,3.2637326367903494,,1,0.989375404960226,-0.862075426037674,0.6583167326717055,1.0,1.999999,22.0,22.0,9.839702304279376e-05,1.999999,-223562.0,,0.0,1.0
0x3bcd3df9fc0d9135e577aed164a48941e0d42622,0.21305123808382595,0.491077,1,99.21837599999999,9,1772097292,8.749982016010362e-05,8.761919235439061e-05,8.749982016010362e-05,8.749982016010362e-05,0.008027538299435373,2.651459160142233,8.749982016010362e-05,2.481977032590964,0.0,13.805901128928163,0.08405981775908541,2.4987145565846305,0.16803213569801073,5.117724288406513,5.083816087075633,,1,0.989375404960226,-0.891849272828047,8.749982016010362e-05,1.0,0.999999,1292.0,1292.0,0.005587945262356625,0.999999,-229920.0,,0.0,1.0
0x008c6709af8b38443ff054205b9be4c787899aca,0.2117686966095094,0.4892847,1,1.92182,1,1772108530,0.6873747488109343,0.6883767528179473,0.6873747488109343,0.6873747488109343,0.6883767528179474,3.9047873949540755,0.6873747488109343,3.901187409796879,0.0,,0.6873747488109343,3.929187407317782,0.6873747488109343,3.918087410013834,3.9011874097968784,,1,0.989375404960226,-0.9357137838702878,0.6873747488109343,0.2469532846956427,0.928,823349.0,823349.0,3.3959538049082285,1.467928909090909,580899.0,0.0,0.2,5.0
0x7a491deb37cf8e9198de016584e8b6e4242461d2,0.2110401955462224,0.4882631,1,7873.148268,34,1771896588,1.0273943876616183e-06,1.0455783591017729e-06,1.0273943876616183e-06,1.0273943876616183e-06,0.0009817636217689025,0.32137728777477526,1.0273943876616183e-06,0.3575918096147299,0.0,526.2392813099999,0.11513257772043818,0.2326112978657106,0.2302641280464887,0.3989850109139725,0.6484549392066747,,1,0.989375404960226,-0.10845517919733956,1.0273943876616183e-06,1.0,50.0,88.0,88.0,0.002884489314278222,50.0,-30420.0,0.0,0.0,1.0
0xe65ce8ae118128786803c991c62782ab42045614,0.20861408650515018,0.48484215,1,5.379998,2,1772085940,0.5871744262599988,0.5881764302670119,0.5871744262599988,0.5871744262599988,0.8318070847518013,-0.07651183880257476,0.5871744262599988,-0.4360101067994831,0.0,,0.5871744262599988,-0.419710106799483,0.5871744262599988,2.1866660471573063,2.1787660471573065,,1,0.989375404960226,-0.8475397934410105,0.5871744262599988,1.0,2.689999,80.0,80.0,0.00036386791594651143,2.689999,-219780.0,,0.0,1.0
0x3e4fbcd5c7c465463972bb5ba86cdb9dd89d64fd,0.20851047583085403,0.4846954,1,100.496448,4,1772095174,3.6543266032066336e-05,3.6595396225180085e-05,3.6543266032066336e-05,3.6543266032066336e-05,0.005073603402927166,0.2141866200512296,3.6543266032066336e-05,0.16321582996804487,0.0,23.497520423955883,0.08783257805644364,0.17302996398180284,0.1756286128468552,4.321170298150323,4.291343051248635,,1,0.989375404960226,-0.8835822293694721,3.6543266032066336e-05,1.0,9.989999,52.0,52.0,0.0002269810645411927,9.989999,-229042.0,,0.0,1.0
0x869c92a279ed7416177f37cb1e84198941652483,0.20778345063524004,0.48366418,1,2240.546998,14,1772107268,0.6536221528634253,0.6546241568704383,0.6536221528634253,0.6536221528634253,1.7820834506591106,3.1786960990389983,0.6536221528634253,3.1766960983384878,0.0,,0.6536221528634253,3.206359080881133,0.6536221528634253,3.1677850961389806,3.1500850954384676,,1,0.989375404960226,-0.9307879062287762,0.6536221528634253,0.08695595105171101,609.6024,8625375.0,8625375.0,35.7620404000199,1565.1194871298246,8384187.0,,0.6296296296296297,27.0
0xbc7815abe0849bbf37c62c4c153e5186c93da4c4,0.20648632287011476,0.4818177,1,11336.360604000001,16,1771995566,6.800512665437691e-07,6.816200122566728e-07,6.800512665437691e-07,6.800512665437691e-07,0.0007703991301251077,0.2869785291992193,6.800512665437691e-07,0.12386479761814609,0.0,3276.263117044,0.1084498638642024,0.12207889981878126,0.21689904767713825,-0.24499588451760626,-0.24125504216322294,,1,0.989375404960226,-0.49478918648857523,6.800512665437691e-07,1.0,499.999999,,,,499.999999,,,0.0,1.0
0xd9eab53eaba81333045da5bd84ce6c833f721e89,0.20346743769895498,0.47748673,1,61342.0389,50,1772025438,3.404775811532844e-08,3.2437935036589505e-08,3.404775811532844e-08,3.404775811532844e-08,0.00016185601735501837,-0.15859950035793602,3.404775811532844e-08,-0.22624949483561246,0.0,18492.2928292,0.10336572721424715,-0.2240739966165913,0.2067314203807362,0.5066873816673026,0.49788624945947113,,1,0.989375404960226,-0.6113865057494594,3.404775811532844e-08,1.0,3892.82,122.0,122.0,0.0007655718570765195,3892.82,-159236.0,,0.0,1.0
0x1acd016630fe203b6b4602a9fa3a732a66bc0b90,0.19943825705577134,0.47163114,1,19.999998,3,1772113250,0.6863727588993127,0.6873747629063258,0.6863727588993127,0.6863727588993127,1.172162530761412,3.882705183896412,0.6863727588993127,3.879305183896413,0.0,,0.6863727588993127,3.8891051989972403,0.6863727588993127,3.901205161863959,3.879305159252674,,1,0.989375404960226,-0.9541370346372727,0.6863727588993127,0.1780322285559841,9.9999945,510290.0,510290.0,2.064530485091233,7.04561709375,263120.0,,0.2222222222222222,9.0
0x738a085ea8e9d9c2940728f5379626e1020d1a9e,0.19635663278580442,0.46709242,1,87.378758,7,1772067452,7.613120871482569e-05,7.631712131241989e-05,7.613120871482569e-05,7.613120871482569e-05,0.007923504298953124,0.722617088599538,7.613120871482569e-05,0.12396155082262068,0.0,12.845525356000001,0.06408087462629093,0.1264117849913264,0.12808561804386703,6.558014375447069,6.559900078886425,,1,0.989375404960226,-0.7753768569621933,7.613120871482569e-05,1.0,8.999999,120.0,120.0,0.0005959120433823967,8.999999,-201252.0,,0.0,1.0
0xd303c05860eccc55307b771032e515f28c18b7da,0.19031168885239494,0.4580302,1,223.02083299999998,10,1772010108,3.284520899843799e-05,3.289301861726271e-05,3.284520899843799e-05,3.284520899843799e-05,0.0047619060132988835,0.0358876348989465,3.284520899843799e-05,0.16211447929667022,0.0,25.28306447191069,0.061317253803802034,0.16636577765138488,0.12260166239860562,3.3620251005282555,3.3412117778158614,,2,0.989375404960226,-0.5515499730677055,3.284520899843799e-05,0.33333333333333637,4.999999,60.0,60.0,0.0004165856638986864,4.999999333333332,-143968.0,,0.0,3.0
0x2c80e9637a09fe83ec6988309ae96e771e124e2b,0.1896041395673941,0.4569552,1,2025.2600569999997,12,1772096908,-0.000686988929541304,-0.007827168951331257,-0.000686988929541304,-0.000686988929541304,-0.07382942491782855,1.278721136258109,-0.000686988929541304,0.17803689800304745,0.0,-5.917882786499995,-0.004018316781382275,0.18464366332035032,-0.007349644633223245,4.774207169294956,4.738607169294957,-1.1935943593364677,1,0.989375404960226,-0.8903504320876822,-0.000686988929541304,1.0,339.6,348.0,348.0,0.0015076160604432737,339.6,-230480.0,,0.0,1.0
0x5e14e568088a5a90f538d1426b88c039d7ce4cf2,0.18936734214510198,0.45659474,1,28.28125,3,1772099112,0.6257985578164268,0.62680056182344,0.6257985578164268,0.6257985578164268,1.0388113400211667,2.712846863838186,0.6257985578164268,-0.20989580957906082,0.0,,0.6257985578164268,-0.18899580957906081,0.6257985578164268,2.94011248922653,2.9193124892265296,,1,0.989375404960226,-0.8989531534204014,0.6257985578164268,0.6143359880490262,20.2949995,79492.0,79492.0,0.34112053280236193,20.2949995,-153540.0,,0.0,2.0
0xa7fa74def474a28abe1560b2513621372525c29d,0.18878476422729237,0.45570645,1,659.920845,11,1772108488,1.7863537644469693e-07,3.8863881666252825e-06,1.7863537644469693e-07,1.7863537644469693e-07,0.0016598829861670362,2.1290997468476345,1.7863537644469693e-07,2.1275044811699106,0.0,2.0047090304613855,0.0011365870250687994,2.136453680105141,0.0022729954147611537,4.244235044914545,4.210920158288021,,1,0.989375404960226,-0.9355498481643104,1.7863537644469693e-07,1.0,32.7,70.0,70.0,0.0002887693475462856,32.7,-242338.0,,0.0,1.0
0xfb032b76d0fa2ef942b13d6bc2912d76b35e0828,0.18877390991774548,0.45568988,1,10.0,2,1771955934,0.8757515021293828,0.876753506136396,0.8757515021293828,0.8757515021293828,1.2399166992362538,-0.19849999999999995,0.8757515021293828,-0.33469999999999944,0.0,,0.8757515021293828,-0.34879999999999944,0.8757515021293828,0.2160000000000002,0.2253000000000002,,1,0.989375404960226,-0.3400963317434172,0.8757515021293828,0.47091414761627376,4.999999,1224.0,1224.0,0.013622098070202773,5.428570857142858,-88630.0,,0.0,5.0
0x07a9b1d860049fcda1c201315c482d77d995ce01,0.1872676257490528,0.45338327,1,19.999998,2,1772106122,0.6462926002724995,0.6472946042795126,0.6462926002724995,0.6462926002724995,0.9154128082230124,3.0450502541393565,0.6462926002724995,3.0419502541393566,0.0,,0.6462926002724995,3.0782502572828765,0.6462926002724995,3.0644502572828767,3.0419502541393566,,1,0.989375404960226,-0.9263148033942498,0.6462926002724995,0.16365019060519392,9.999999,668018.0,668018.0,2.7829213221019655,11.297142,427976.0,,0.14285714285714285,7.0
0xe79765db9326853019c814329e6bc6907010c0c2,0.18726322155808975,0.4533765,1,39879.362440000004,15,1772067558,1.7466623916523823e-17,1.750087219871308e-17,1.7466623916523823e-17,1.7466623916523823e-17,2.9934707981587756e-09,0.7330113366172093,1.7466623916523823e-17,0.7295593240836762,0.0,1697.26662,0.06391292443910071,0.7346064186994912,0.12782584887820142,5.1024772773854705,5.093500382948185,,1,0.989375404960226,-0.7757905994582315,1.7466623916523823e-17,0.5010289819932644,1.0475195,3680.0,3680.0,0.01826502149118018,1.0475195,-197798.0,,0.0,2.0
0x1e70b08552ddc166812f6eb75428c792fcb6e1f2,0.18481816329556514,0.44960165,1,109.31051000000001,6,1772111834,4.855715395514496e-05,4.8694904743692296e-05,4.855715395514496e-05,4.855715395514496e-05,0.0058733543144122175,2.221236958150336,4.855715395514496e-05,2.2192868243216965,0.0,11.089545294959448,0.0678813106624856,2.224337179029,0.13571406417101606,4.481168574981925,4.438268572520258,,1,0.989375404960226,-0.9486100594071772,4.855715395514496e-05,,,,,,,,,,
0xaf10e5b3bbb65f8567208f1a872b9e01cf6124f0,0.18454847368960442,0.44918293,1,7206.9313839999995,30,1771897696,5.55103117504551e-07,5.557151385793298e-07,5.55103117504551e-07,5.55103117504551e-07,0.0007110559393299361,0.29389689154224047,5.55103117504551e-07,0.3801411191992339,0.0,1855.722459685322,0.11406133987928069,0.25557485736679253,0.22812212465544388,0.2668469228927012,0.5166914092227333,,1,0.989375404960226,-0.11277995925026738,5.55103117504551e-07,1.0,49.999999,188.0,188.0,0.0059463562753036435,49.999999,-31428.0,0.0,0.0,1.0
0x14fdd9b5652df4f8ae5320794250487a40b12251,0.18147180985636102,0.44437218,1,1.999998,2,1772060120,0.8326654429501043,0.8336674469571174,0.8326654429501043,0.8326654429501043,1.1789838099957082,0.23180091445790008,0.8326654429501043,-0.04639519718513143,0.0,,0.8326654429501043,-0.04789519538191708,0.8326654429501043,0.8669009147375828,0.871700912654685,,1,0.989375404960226,-0.7467583665758515,0.8326654429501043,0.29156352755363,0.999999,72566.0,72566.0,0.37397443826015253,1.7900233478260874,-121474.0,,0.05555555555555555,18.0
0xfddc0a9b11a5b0c741547655dad3b4a893be7a5f,0.1761089872574556,0.43583256,1,103.68999799999999,4,1772113244,2.2952533363942323e-05,2.3019646033789928e-05,2.2952533363942323e-05,2.2952533363942323e-05,0.003977829005871233,1.9414175351369003,2.2952533363942323e-05,1.939717478205223,0.0,42.7359905239649,0.08406322511436591,1.9446176498530787,0.16810349769536787,3.901205043146949,3.879305041501589,,1,0.989375404960226,-0.9541136152507045,2.2952533363942323e-05,,,,,,,,,,
0x076f507d0317d424a9599f77c9221f3988344ddc,0.17581737942067557,0.4353624,1,1084.898646,25,1772028018,0.5917269071978671,0.6382387987845269,0.5917269071978671,0.5917269071978671,1.932813609914641,0.19658153791573202,0.5917269071978671,0.11537797099915334,0.0,233.62000044600003,0.600063399872454,0.11317326036600034,0.608399892547041,1.5545918975402433,1.5524435543999668,,1,0.989375404960226,-0.6214568419737859,0.5917269071978671,0.21956231331082895,13.0989,212660.0,212660.0,1.3132186392322989,63.472566500000006,50722.0,,0.4444444444444444,9.0
0x9b7e8bbb071472134d1daf11a7f784220ce2a7bc,0.16992280346467906,0.42572388,1,28607.78775099998,176,1772072292,2.557650183502518e-07,2.561362302475473e-07,2.557650183502518e-07,2.557650183502518e-07,0.00042081845853525067,0.28148745681840875,2.557650183502518e-07,0.07678429517361202,0.0,2883.773005848001,0.08801088924412735,0.08988580426337277,0.17602152272323637,4.541068130010731,4.521486646384098,,1,0.989375404960226,-0.7942684954605422,2.557650183502518e-07,1.0,49.999999,150.0,150.0,0.0007274067464551044,49.999999,-206062.0,,0.0,1.0
0x12f0c5f3816914c39fb13d135386e24c237698ee,0.16698094844195183,0.42081386,1,2414.2299999999996,6,1771949614,0.3002672007682361,0.3006012021039071,0.3002672007682361,0.3002672007682361,0.5206565548602478,-0.0735334335898722,0.3002672007682361,0.08719999999999976,0.0,2.1233333333333273,0.30068470243782486,0.09089999907096838,0.3011022041074136,0.2825999999999993,0.26159999999999933,-0.004043127389296294,1,0.989375404960226,-0.31602120235130643,0.3002672007682361,0.2430269834547355,330.372,3141782.0,3141782.0,37.610817152297265,419.5766666666666,3058248.0,0.0,0.25,8.0
0x259c466e0aa4b53500c773d5170dd800b46cbcae,0.16371145451167268,0.41527516,1,1.999998,2,1771933054,0.8466935047436676,0.8476955087506807,0.8466935047436676,0.8466935047436676,1.1988224852379732,-0.6325990395017785,0.8466935047436676,-0.014399039501778902,0.0,,0.8466935047436676,-0.010099049277281495,0.8466935047436676,-0.3379990394047872,-0.3423990395017792,,1,0.989375404960226,-0.2507904042966768,0.8466935047436676,0.9860969037418629,1.0,2951460.0,2951460.0,44.06874309433511,715.7531657777777,2884486.0,,0.0,8.0
0x048fa32ec7d6cf9d8ff5ed70038c46ac4dba7712,0.1633162499395326,0.41459966,1,143.006198,9,1772099228,0.655885764830972,0.6568877688379853,0.655885764830972,0.655885764830972,1.9467318984247794,3.2201566175645713,0.655885764830972,-0.08176438544086446,0.0,,0.655885764830972,-0.06076438588825569,0.655885764830972,3.235128701213001,3.2133287016603918,,1,0.989375404960226,-0.8994059282273866,0.655885764830972,0.34000000240000067,14.999999,134628.0,134628.0,0.5774357918575326,16.666665333333334,-98520.0,0.0,0.0,3.0
0xe195de28937e3e65cfb28b27eb4590750c02d265,0.1629062196366481,0.41389742,1,67.05345200000001,6,1771953922,0.23008328255288607,0.30818350927140337,0.23008328255288607,0.23008328255288607,1.0236301044569809,0.04978330365616986,0.23008328255288607,0.1262512377814509,0.0,9.73740601891223,0.24200658756002852,0.11245101301681204,0.25392989256717097,0.6060149167625187,0.6279149167625186,,1,0.989375404960226,-0.3322430307808804,0.23008328255288607,0.2536921251628334,48.233954499999996,2077990.0,2077990.0,23.655995992805263,218.01470326470584,1990148.0,,0.7142857142857143,7.0
0x2f049d04f2d00f2fc856055695a893297ad717ee,0.16284006755985292,0.413784,1,47314.347563,64,1772054484,0.0,-6.684614052596776e-11,0.0,0.0,-2.5880514032836145e-07,0.002011260016744941,0.0,-0.0695215182959015,0.0,470.12073921347377,0.02952380256591566,-0.06697764845094456,0.05904760513183132,2.7830140434176363,2.767122285175878,-0.21039325393382208,1,0.989375404960226,-0.8419035277402633,0.0,1.0,7891.919998,50.0,50.0,0.0002653871467697077,7891.919998,-188354.0,,0.0,1.0
0xd395b42f7ad0c4af5bcfd44a7abb44256ee3b83f,0.16237186984064253,0.41298014,1,586.3,3,1771949614,0.29859719408988106,0.29893119542555213,0.29859719408988106,0.29859719408988106,0.5177640184443574,-0.18006668117973262,0.29859719408988106,0.15806664247466662,0.0,-2.66500000000001,0.2981796924202923,0.16099997687600004,0.29776219075070354,0.263600354112471,0.245100354112471,,1,0.989375404960226,-0.315427911224912,0.29859719408988106,0.2811159603428832,168.96,3129182.0,3129182.0,37.4599803672756,406.54766666666677,3045648.0,0.0,0.2,10.0
0x43c029fb56d45ab162a2756517eb01906feb5d30,0.16150846306610522,0.41149282,1,50.8,1,1772079882,0.7464929852247028,0.7474949892317159,0.7464929852247028,0.7464929852247028,0.7474949892317159,0.5955525134428638,0.7464929852247028,0.7788888202148412,0.0,,0.7464929852247028,0.787488814638174,0.7464929852247028,5.814068342999468,5.809668342999467,,1,0.989375404960226,-0.8238940194693167,0.7464929852247028,0.3477557186722597,8.61,1363681.0,1363681.0,6.378242486038484,104.56013506250001,1149879.0,,0.0,8.0
0x26e11f4aa47beb0fa44802f7e8bf29e02e0bc86d,0.16087789309832115,0.41040254,1,63.57999600000001,6,1772064426,0.777971221867604,0.7789732258746174,0.777971221867604,0.777971221867604,1.609591119968942,0.015242355359652298,0.777971221867604,-0.26770211618445816,0.0,,0.777971221867604,-0.182603846919548,0.777971221867604,6.208282761502551,6.210982761502552,,1,0.989375404960226,-0.7635656796696305,0.777971221867604,0.26474961792263074,1.999999,170264.0,170264.0,0.8584191261734545,5.8402164,-28082.0,0.0,0.0,5.0
0x9b623bcac2e5acb2fae2e69ad2de21e4146f0b8d,0.1577812014384452,0.40499744,1,310.079638,4,1771987586,2.204128596940928e-05,2.2065995931100708e-05,2.204128596940928e-05,2.204128596940928e-05,0.004443469738728364,0.2239555457831233,2.204128596940928e-05,0.03415086578154509,0.0,125.04056079796064,0.11174273362015136,0.028847931066303904,0.2234634259543333,0.3514000461084405,0.36430004724692056,,1,0.989375404960226,-0.4636414023528677,2.204128596940928e-05,0.5555555654320994,22.4999995,68.0,68.0,0.000559643145194476,22.4999995,-121438.0,0.0,0.0,2.0
0x88b84056458a485cd51d273ef88eaff6f399e7cf,0.1576922527913153,0.40484092,1,128.6,2,1772112376,0.720440881042364,0.7214428850493773,0.720440881042364,0.720440881042364,1.0202743125144031,4.843793857492246,0.720440881042364,4.840793858814899,0.0,,0.720440881042364,4.854593858814899,0.720440881042364,4.882193859247406,4.840793858814898,,1,0.989375404960226,-0.9507256106605048,0.720440881042364,0.11371046113087258,28.144,234648.0,234648.0,0.9527073115275928,33.555214285714285,-11648.0,0.0,0.09090909090909091,11.0
0xbf541d1f07e56822f69fed8f2875746fd336f70c,0.1573722770597359,0.40427727,1,16776.560092,8,1772105292,3.708158555779024e-17,-0.0003340012298007429,3.708158555779024e-17,3.708158555779024e-17,-0.000578507191491707,0.8941102246147918,3.708158555779024e-17,-0.017421417929775394,0.0,2201.30560816,0.05202071627162533,-0.011249653737187948,0.10404143254325066,2.695880233295039,2.68052693865004,,1,0.989375404960226,-0.9230751215856486,3.708158555779024e-17,1.0,56.59928,122.0,122.0,0.0005100078591375014,60.22642666666667,-239090.0,0.0,0.0,1.0
0xc06b1e4ed251fd9fc78915d71e99d4b862e847f0,0.15689472861675147,0.4034343,1,99.0,1,1772099104,0.6703406806917128,0.6713426846987259,0.6703406806917128,0.6703406806917128,0.6713426846987259,3.5068537631669225,0.6703406806917128,-0.013049812856524267,0.0,,0.6703406806917128,0.007650187143475732,0.6703406806917128,3.5260288434655096,3.5054288434655096,,1,0.989375404960226,-0.8989219275716438,0.6703406806917128,0.5520550468222745,224.68,8166373.0,8166373.0,35.04520135265037,406.7259994,7933349.0,,0.6666666666666666,6.0
0x697e16a2005198d0120b3f144b71982cbdd5471e,0.15407299886019096,0.39841032,1,199.259998,3,1772108446,0.6730064752181543,0.6740084792251675,0.6730064752181543,0.6730064752181543,1.1415546677420734,3.5723210028622003,0.6730064752181543,3.5687210052632814,0.0,,0.6730064752181543,3.5928531265604158,0.6730064752181543,3.5837873396652307,3.5663873396652304,,1,0.989375404960226,-0.935385912458333,0.6730064752181543,1.0,99.629999,,,,99.629999,,,0.0,1.0
0x272144985dc287768342ce70b07306a799446e09,0.1531678186278703,0.39678276,1,1.999998,2,1772014674,0.8116233888509248,0.8126253928579379,0.8116233888509248,0.8116233888509248,1.1492258517084604,-0.5287988426393174,0.8116233888509248,-0.2429988426393181,0.0,,0.8116233888509248,-0.2241988140625111,0.8116233888509248,-0.09969884263931732,-0.10699884263931732,,1,0.989375404960226,-0.5693721262461066,0.8116233888509248,0.25543662158815095,0.999999,99438.0,99438.0,0.6691925649757056,2.1407844615384617,-49156.0,,0.3333333333333333,6.0
0x2148aef58b3765a35f984fa70e71fedf8598d0a7,0.15081715281351024,0.392519,1,131.320731,6,1772101696,2.1435779160547236e-05,2.15040459698364e-05,2.1435779160547236e-05,2.1435779160547236e-05,0.003684385837965888,1.5225071309889904,2.1435779160547236e-05,0.40458205718713874,0.0,29.11064270990573,0.08059598549380953,0.41282742590261134,0.16117053520845853,3.001330719400581,2.981430715557116,,1,0.989375404960226,-0.9090391025691067,2.1435779160547236e-05,,,,,,,,,,
0xcbd39e6c07bf18e87b84f17648519557f845567a,0.14913508065752284,0.3894343,1,5357.979063000001,13,1772005906,7.416309032000427e-17,-0.00033400086592977893,7.416309032000427e-17,7.416309032000427e-17,-0.0005785068763700406,-0.023557609399848193,7.416309032000427e-17,0.07134924628668832,0.0,1067.2468006815,0.07129263148768294,0.07553457318839499,0.1425852629753659,0.17698177277133498,0.16520904824413898,,1,0.989375404960226,-0.5351485960077752,7.416309032000427e-17,0.992521503053543,43.605,49580.0,49580.0,0.35458355384549367,176.98541071428573,-90246.0,,0.0,2.0
0xc0f06c67cf2d9fc74ec5dc958025595fa2bd0651,0.14896875345540667,0.38912773,1,19.999998,2,1772093694,0.6843687522415994,0.6853707562486125,0.6843687522415994,0.6843687522415994,0.9692606187406925,-0.22470311390669967,0.6843687522415994,0.07880150083828903,0.0,,0.6843687522415994,0.09360150083828904,0.6843687522415994,3.8650449208306585,3.82804490886169,,1,0.989375404960226,-0.8778054473493158,0.6843687522415994,0.14271588806728208,5599.999395,7915417.0,7915417.0,34.775615735411705,3039.2305663076922,7687803.0,,0.7692307692307693,13.0
0x94a853c9e90206432381c602259be2a9b268bd49,0.14769294539285846,0.3867667,1,9.999998,2,1772085962,0.5901803765635393,0.5911823805705524,0.5901803765635393,0.5901803765635393,0.8360581404388878,-0.06438198324002523,0.5901803765635393,-0.390665991246779,0.0,,0.5901803765635393,-0.374265992499459,0.5901803765635393,2.2226696073185637,2.2147696073185634,,1,0.989375404960226,-0.8476256645250939,0.5901803765635393,0.5000000000000051,4.9999994999999995,8256.0,8256.0,0.037547411793598384,4.9999994999999995,-211626.0,,0.0,2.0
0x33b5144c512d849d6d3180b38087c54fcdd28417,0.1472438462407204,0.38593158,1,2398.8982550000005,36,1771905360,0.8668514959504867,0.8678534999574998,0.8668514959504867,0.8668514959504867,4.351308343664554,-0.10188298767282189,0.8668514959504867,0.06368470567272268,0.0,,0.8668514959504867,0.053467453728046066,0.8668514959504867,0.7560884513882765,0.778268991391899,,3,0.989375404960226,-0.14269432236004964,0.8668514959504867,0.32482680687525134,8.722,822373.0,822373.0,20.93617617107943,79.40330602105264,783093.0,,0.0,21.0
0x045c8ee7b3659c7b24489ffce3422009cb7366fb,0.14685427538872411,0.38520545,1,200.0,4,1772075054,0.7935871735543147,0.7945891775613282,0.7935871735543147,0.7935871735543147,1.2804886266513626,0.7450221560111199,0.7935871735543147,0.2664000000000001,0.0,,0.7935871735543147,0.26950000000000013,0.7935871735543147,6.331599999999998,6.330399999999999,,1,0.989375404960226,-0.8050492197441041,0.7935871735543147,0.15179401165249226,265.0,1658683.0,1658683.0,7.937269708193364,378.91111111111115,1449709.0,0.0,0.3333333333333333,9.0
0x0ef9fc1bc2f4401f823878db956ee10ed2bf26ea,0.14333793968863584,0.37857792,1,2751.922345,8,1772004974,-1.0467080793413545e-10,-3.466847302192145e-08,-1.0467080793413545e-10,-1.0467080793413545e-10,-0.00017168955244614573,0.0,-1.0467080793413545e-10,0.0,0.0,-1.3954449504965045,-0.00027148430673666466,0.0,-0.0005429685088025214,,,0.0207714579780949,1,0.989375404960226,-0.5413078946752121,-1.0467080793413545e-10,1.0,1092.599999,544.0,544.0,0.003916655867064092,1092.599999,-138350.0,,0.0,1.0
0xa1d885414e6fd3163207e2a1ab9380c5aaaeaa13,0.14276604579877078,0.37748727,1,497.33971099999997,7,1772088842,-0.0003339972966975292,-0.0006679945933950953,-0.0003339972966975292,-0.0003339972966975292,-0.0011570075706277456,1.3408352781496362,-0.0003339972966975292,0.18494880769873565,0.0,76.16515653199998,0.058284342502412045,0.19291272141365448,0.11690268230152162,4.417878737273135,4.402017442276282,,1,0.989375404960226,-0.8588669700778304,-0.0003339972966975292,1.0,1.844971,442.0,442.0,0.0019841804257458634,1.844971,-222320.0,,0.0,1.0
0x79a2fc8c9d7acb7c5d51fd4252d8282a274e16ee,0.1372773861188649,0.36682996,1,5.669118,3,1772038168,0.8365692565346142,0.8375712605416274,0.8365692565346142,0.8365692565346142,1.3437181355057757,-0.09214234155864556,0.8365692565346142,-0.36724143725604874,0.0,,0.8365692565346142,-0.36494143930107914,0.8365692565346142,0.9369554482011199,0.9309554482011198,,1,0.989375404960226,-0.6610746375849929,0.8365692565346142,0.25830665402064223,2.999999,180580.0,180580.0,1.0493468457998234,3.0799994,8492.0,,0.0,5.0
0x40d6ad7c03569bffa5d448cd47b472a26b1a1935,0.1361954375927954,0.3646871,1,34.055716000000004,9,1772099226,9.546969799300994e-05,9.561890585519117e-05,9.546969799300994e-05,9.546969799300994e-05,0.007835787414292245,1.5073552420913257,9.546969799300994e-05,1.166288669672473,0.0,3.5146819960000735,0.06279491815208377,1.1705745128932161,0.12549436660617452,3.0814786259653175,3.0637648797623287,,1,0.989375404960226,-0.8993981217651972,9.546969799300994e-05,0.3671779107094014,0.999999,53426.0,53426.0,0.22915254818868863,0.9038494999999999,-179720.0,,0.6666666666666666,3.0
0x0ba3768f4dec347988837c6025a293637f3003ec,0.13570011871310003,0.36370128,1,977.860008,4,1772103634,0.5691539746301044,0.5701559786371175,0.5691539746301044,0.5691539746301044,0.8682310889995107,1.9821598039876218,0.5691539746301044,-0.6283790986354615,0.0,,0.5691539746301044,-0.6072457034255513,0.5691539746301044,1.9946519770382665,1.9763185844983018,,1,0.989375404960226,-0.9166035644306357,0.5691539746301044,0.4633075049857555,259.4499,21376909.0,21376909.0,89.98757756131238,1051.13078275,21139355.0,,0.0,4.0
0x928d29eb871c4140ecfac945e2f0c48a518feaf3,0.13546392727286521,0.36323014,1,1.999998,2,1772110776,0.7234470704211824,0.7244490744281955,0.7234470704211824,0.7234470704211824,1.0245257063049897,4.942826835988143,0.7234470704211824,4.941026830030493,0.0,,0.7234470704211824,4.968326926206974,0.7234470704211824,5.0802268713887555,4.941026830030492,,1,0.989375404960226,-0.9444804409089844,0.7234470704211824,0.11122349219429213,0.9999985,168784.0,168784.0,0.6897701637950764,0.9102279000000001,-75912.0,,0.1111111111111111,9.0
0x2785ead0b9e1bd27363a46629cdf9dd611d351fe,0.13101189233817948,0.35421687,1,885.5,5,1771949614,0.29859719408988106,0.29893119542555213,0.29859719408988106,0.29859719408988106,0.5177640184443575,-0.18006668117973265,0.29859719408988106,0.15806664247466662,0.0,-2.0124999999999913,0.2981796924202923,0.16099997687600004,0.29776219075070354,0.263600354112471,0.24510035411247108,,1,0.989375404960226,-0.315427911224912,0.29859719408988106,0.45417497007090535,53.322500000000005,3125584.0,3125584.0,37.416908085330526,299.87788888888895,3042050.0,0.0,0.5,8.0
0xbe29e0d728552bded162ada4d0ba21bdf58aa8f5,0.13009991626543957,0.35233858,1,103.61551800000001,11,1772049858,0.9096979576735693,0.9106999616805824,0.9096979576735693,0.9096979576735693,2.446450153041094,0.7343920661240078,0.9096979576735693,0.48719207013618765,0.0,,0.9096979576735693,0.47459207013618765,0.9096979576735693,1.9281265587219543,1.931126558721954,,1,0.989375404960226,-0.7067034090820381,0.9096979576735693,0.24980663707004,99.999999,11337218.0,11337218.0,61.68974523610008,327.37276905,11153440.0,,0.18518518518518517,27.0
0xead4c4ad4ccbccc1a175e191e7b05af2a2bcd1a5,0.13002869161946456,0.35219142,1,577.924773,4,1772112854,0.6402805603315221,0.6412825643385353,0.6402805603315221,0.6402805603315221,1.0586156326346725,2.942784352803936,0.6402805603315221,2.9398457823879487,0.0,,0.6402805603315221,2.9491961593381077,0.6402805603315221,2.963208315897843,2.941008319313948,,1,0.989375404960226,-0.9525913551237715,0.6402805603315221,0.3167776436301244,18.85,2931684.0,2931684.0,11.880035984341948,109.63718516981133,2684910.0,,0.2,5.0
0xc98219c370754e876edfaee89cfe1d34058a3257,0.12799061398033265,0.347951,1,12.552299999999999,2,1772077296,0.7615231012083272,0.7625251052153401,0.7615231012083272,0.7615231012083272,1.0783733454455056,0.40420045232977575,0.7615231012083272,1.4373004525416624,0.0,,0.7615231012083272,1.4441004517100453,0.7615231012083272,6.073800451766028,6.069300452541661,,1,0.989375404960226,-0.813800263858422,0.7615231012083272,0.2592592530864444,4.9999965,4359099.0,4359099.0,20.638109802287705,4.4999977499999995,4147883.0,,0.25,4.0
0x7391f3fe2944b976cd1763d702a6a5fd116704b6,0.12791761543911329,0.34779805,1,1521.1256480000002,10,1772087244,0.6237319269286024,0.6247339309356157,0.6237319269286024,0.6237319269286024,1.673468765362567,-0.1121740842064801,0.6237319269286024,-0.35923599224778846,0.0,,0.6237319269286024,-0.33476004000003506,0.6237319269286024,2.8054211438696806,2.7877611450780018,,1,0.989375404960226,-0.8526296067884995,0.6237319269286024,0.16469159536134093,976.0399995,7309081.0,7309081.0,33.048240219927294,2151.984287608696,7087917.0,,0.5454545454545454,22.0
0x68772591da247ab4aaf9f0e77193211e8fdf2d9d,0.12742624350146467,0.3467666,1,368.3594,8,1771964794,0.0,0.0,0.0,0.0,0.0,0.1819940677966101,0.0,0.21399406779661018,0.0,137.3525,0.11663369099428506,0.2090440557006083,0.2332673819885701,0.9251646892655362,0.9239646892655363,,1,0.989375404960226,-0.3746789592424609,0.0,0.3750000125000028,5.0,1690.0,1690.0,0.01712016532609356,6.666666333333333,-97024.0,,0.0,3.0
0xb3768b87f4dcb77a92f2e73f5a54ef2d01ab8817,0.12726555347280977,0.34642854,1,114483.529844,38,1771971678,8.888142042407778e-08,8.905735403390447e-08,8.888142042407778e-08,8.888142042407778e-08,0.00028034541722889205,-0.06382692455063113,8.888142042407778e-08,-0.10231915807792098,0.0,35463.40739981349,0.10934074994911432,-0.10554207515883295,0.2186814110168082,0.3838303208243035,0.39220834770012886,,1,0.989375404960226,-0.401548802098377,8.888142042407778e-08,1.0,4999.999999,214.0,214.0,0.002026553533210856,4999.999999,-105384.0,,0.0,1.0
0xc4de4e5d9906fbcb6f1d12a580be105d682e0da4,0.12512966539112408,0.3419002,1,9494.24392,3,1772106448,3.708159731175086e-17,-0.00033400133567100824,3.708159731175086e-17,3.708159731175086e-17,-0.0005785072831780535,1.1027820353815032,3.708159731175086e-17,1.1017820353815035,0.5,2676.0935600000003,0.055026720051798574,1.1145318482198638,0.11005344010359715,3.328846106144509,3.3053461061445093,9.2148511043888e-16,1,0.989375404960226,-0.927587256731122,3.708159731175086e-17,0.18208218893923542,55.9,446628.0,446628.0,1.858100911935033,294.84926580597016,206260.0,,0.5714285714285714,7.0
0x4b8924399d1173bdacc29ddaa1860c2572c61fd0,0.12485163470872121,0.34130588,1,130.288924,4,1772073436,0.8098967268938881,0.8108987309009011,0.8098967268938881,0.8098967268938881,1.48669822601468,0.8351431674184164,0.8098967268938881,0.1591431674184162,0.0,,0.8098967268938881,0.1609431674184162,0.8098967268938881,6.466357391500763,6.465510804032792,,1,0.989375404960226,-0.7987337918328793,0.8098967268938881,0.4119310633221409,17.5767995,4271051.0,4271051.0,20.59767260170914,63.75024377777778,4063695.0,,0.0,8.0
0x2514cce3e9027c3e301a8423811f73f139b769e0,0.12461061758740404,0.34078977,1,2277.63819,15,1772054040,0.862345670766027,0.8633476747730401,0.862345670766027,0.862345670766027,2.4442735206995234,0.32855416171724083,0.862345670766027,0.1809541363736202,0.0,,0.862345670766027,0.16902994031642454,0.862345670766027,1.9240153296882458,1.9350836094336346,,1,0.989375404960226,-0.7230267215200743,0.862345670766027,0.0,0.0,50366.0,50366.0,0.26796126835496914,0.0,-137594.0,,,0.0
0x181da4470089ab241123c5f5b14e018acc44f790,0.12416701196783893,0.33983758,1,1.47,1,1771944714,0.8537074139750963,0.8547094179821094,0.8537074139750963,0.8537074139750963,0.8547094179821094,-0.45650000000000024,0.8537074139750963,-0.6566,0.0,,0.8537074139750963,-0.6435,0.8537074139750963,-0.17449999999999993,-0.18459999999999993,,1,0.989375404960226,-0.29630207886088106,0.8537074139750963,0.26950108740768824,5.4,109334.0,109334.0,1.3904163593356564,11.954960000000002,30700.0,0.0,0.3157894736842105,19.0
0x585836d0e14b520d49a61ceefea3dbe94a177999,0.12392387691473476,0.33931446,1,312.31964999999997,7,1772062178,0.775420206084793,0.7764222100918061,0.775420206084793,0.775420206084793,1.715246704447356,0.7276418682639882,0.775420206084793,-0.38595805408591166,0.0,,0.775420206084793,-0.39095805408591167,0.775420206084793,1.0908631443576713,1.0972631443576712,,1,0.989375404960226,-0.7547912161687444,0.775420206084793,0.20812686816016115,128.8099995,868849.0,868849.0,4.430687717365807,149.391773375,672751.0,,0.5,6.0
0x825efe4a59391f4c4fc715f9984b0b20c1f4619f,0.1238938476057341,0.3392498,1,3650.0986580000003,13,1772086228,5.852032629980481e-07,5.861626126095204e-07,5.852032629980481e-07,5.852032629980481e-07,0.0005990518192194503,0.003558200687988381,5.852032629980481e-07,-0.177932746570067,0.0,777.1425332719998,0.07613941152866946,-0.1697327335531277,0.1522782378540759,2.4762852176846706,2.467685207352669,,1,0.989375404960226,-0.8486639239962841,5.852032629980481e-07,0.9960159560878881,250.499999,24186.0,24186.0,0.10986245616585207,250.499999,-195962.0,0.0,0.0,2.0
0x9e1410a1ca742ad63ee3f42330ca37e331af833c,0.12388200366128607,0.33922428,1,160.48248,46,1771952836,0.09358001708353775,0.09372316051311105,0.09358001708353775,0.09358001708353775,0.5499002330428923,-0.0479182330132277,0.09358001708353775,-0.08079683508551096,0.0,-0.24178666666666665,0.0890374319177442,-0.07476826277483478,0.08449484675195067,2.9490525592199948,2.93488269183541,-1.1499603260704003,2,0.989375404960226,-0.33864432977618875,0.09358001708353775,,,,,,,,,,
0xe348cabff0efdc056090129a41b85a8e0102ca38,0.12378554494183361,0.33901644,1,46.41999800000001,5,1771882450,0.9070524883702507,0.908054492377264,0.9070524883702507,0.9070524883702507,1.866689053665219,0.302778589687144,0.9070524883702507,-0.023147289402729802,0.0,,0.9070524883702507,-0.269694966262661,0.9070524883702507,0.45042621751269707,0.7048157537475784,,1,0.989375404960226,-0.05327129798046823,0.9070524883702507,0.3438023605289802,5.92306,367128.0,367128.0,22.426878436163715,6.2043938,350758.0,,0.0,3.0
0xc4d5f8af99dc457ee78fce23cab0654885c0f606,0.12362824305473909,0.3386772,1,1.999998,2,1772006254,0.8416834954170161,0.8426854994240294,0.8416834954170161,0.8416834954170161,1.1917372621006073,-0.07309895293710496,0.8416834954170161,0.29599991234263184,0.0,,0.8416834954170161,0.30339991277319306,0.8416834954170161,-0.032898952937104264,-0.03999895293710426,,1,0.989375404960226,-0.5365069204287309,0.8416834954170161,0.7473247085161473,0.9999994999999999,40324662.0,40324662.0,287.6757601266997,7.249999375000001,40184488.0,0.0,0.0,6.0
0xee0c0700a7163ea867bddf5663370082a2e2a939,0.12351888394186585,0.33844113,1,343.158194,3,1771928692,0.8678553042402376,0.8688573082472507,0.8678553042402376,0.8678553042402376,1.4034432357057838,-0.3070613972815852,0.8678553042402376,0.10276875982357786,0.0,,0.8678553042402376,0.11389267872332681,0.8678553042402376,-0.26127708831688906,-0.2711770883168891,,1,0.989375404960226,-0.23376451026159456,0.8678553042402376,0.1580261002433395,2.1746,521820.0,521820.0,8.33418514022871,5.272980361111111,459208.0,,0.2631578947368421,19.0
0x63a5f97468b0c4363b345d1f983d023c10cbf34a,0.12141925638274455,0.33387363,1,19.734172,4,1772100622,0.00016717780932848993,0.0001675357243836592,0.00016717780932848993,0.00016717780932848993,0.010707764101978757,1.8881757514311768,0.00016717780932848993,0.018166152022486625,0.0,10.188195097000001,0.08527485967602387,0.03613736483465379,0.17038254154271926,3.7871086980809174,3.7668086980809172,,1,0.989375404960226,-0.9048470323733987,0.00016717780932848993,1.0,1.597342,490.0,490.0,0.0020891780576613142,1.597342,-234052.0,,0.0,1.0
0x69ed005066c357dbd8bb4a70c457ade0c512d3b7,0.12010194944560475,0.33097312,1,417.63803800000005,5,1772109502,1.553738474299073e-05,1.5559549343194707e-05,1.553738474299073e-05,1.553738474299073e-05,0.003308276441595679,2.1468099054882055,1.553738474299073e-05,2.144896233337775,0.0,112.821143356,0.08779409456806217,2.1591304994969254,0.17557265175138134,4.316627170464705,4.283404537312349,,1,0.989375404960226,-0.9395077244943364,1.553738474299073e-05,0.28306747671967836,74.999999,348798.0,348798.0,1.4328943152221245,76.714999,105376.0,,0.0,4.0
0x10f408622c4211d4b4fecd3ba9f033f3d57b7145,0.11895449519582725,0.32842413,1,713.030758,4,1772105006,1.2313577875753624e-06,1.2535990611892787e-06,1.2313577875753624e-06,1.2313577875753624e-06,0.0008824902248651418,1.312053443634539,1.2313577875753624e-06,-0.06332794209526739,0.0,158.59578037999847,0.07627863265469303,-0.05307792141189388,0.15255603395159847,2.632101592120456,2.618301592120456,,1,0.989375404960226,-0.9219587974925644,1.2313577875753624e-06,0.500013661712671,99.47999899999999,186.0,186.0,0.0007784837146229376,99.47999899999999,-238740.0,,0.0,2.0
0x5f4d3c3a54ff5a3ded7e91e88113e166bc6c6634,0.11853040303406838,0.32747665,1,16.0,2,1772103970,0.6002004002008012,0.6012024042078143,0.6002004002008012,0.6002004002008012,0.8502285937620024,2.3446019855190454,0.6002004002008012,-0.47447171796154286,0.0,,0.6002004002008012,-0.44807171949878366,0.6002004002008012,2.3572553980510733,2.3399553995883142,,1,0.989375404960226,-0.917915050078455,0.6002004002008012,0.611679448964481,1.1385049999999999,308302.0,308302.0,1.2959855395350792,2.167,70412.0,,0.0,2.0
0xcc90f9b5361405f333070acef7d139f3dabf4151,0.11700339310478049,0.32404062,1,18.5537,6,1772108046,0.0,-2.009615638290297e-17,0.0,0.0,-3.6703230306067455e-09,1.7048145771436407,0.0,1.7032917614131216,0.0,-0.022220000000000156,-0.0005010020035065156,1.7139146495238893,-0.0010020040070130311,3.4237291617076,3.4065835228262435,,1,0.989375404960226,-0.933824620020453,0.0,1.0,3.72185,92.0,92.0,0.00038021870841357876,3.72185,-241874.0,0.0,0.0,1.0
0x1414bd067daef74cce35cccffef572d4f4b2454d,0.11668079433606052,0.32330975,1,19464.417652000004,67,1772082512,0.2804223625059629,0.28089778870735255,0.2804223625059629,0.2804223625059629,1.4930019886726786,-0.10129604333119085,0.2804223625059629,-0.1640992833450871,0.0,-32.46223407407407,0.27396913147159974,-0.15925137205053344,0.2675159004372366,2.5504036226979565,2.5375338636372864,-1.156469353694644,1,0.989375404960226,-0.8417317855720966,0.2804223625059629,0.8138094855948783,177.99,6140325.0,6140325.0,28.370689177201154,1092.116832016129,5923893.0,,0.4,5.0
0xd28bee89169216410330490fde43a70a14cf3f6b,0.11416330632084723,0.3175451,1,54.03,2,1772087958,0.720440881042364,0.7214428850493774,0.720440881042364,0.720440881042364,1.020274312514403,0.5206492317785807,0.720440881042364,0.11213794543044733,0.0,,0.720440881042364,0.16333794619955916,0.720440881042364,4.849793858814898,4.836693858045787,,1,0.989375404960226,-0.8554165137901154,0.720440881042364,0.2748043319837479,58.9606,3558094.0,3558094.0,16.03626317165289,57.59169999999999,3336216.0,,0.3333333333333333,6.0
0xc16305492def9ed78dd0eae6b41a26dfd47ee6f0,0.11296080940643803,0.3147524,1,2.8409079999999998,2,1772105954,0.6482968098040427,0.6492988138110558,0.6482968098040427,0.6482968098040427,0.9182471885243578,3.0791672110158346,0.6482968098040427,3.0771240148532506,0.0,,0.6482968098040427,3.1169672544966605,0.6482968098040427,3.1037672543822517,3.0771240148532497,,1,0.989375404960226,-0.9256590605703401,0.6482968098040427,0.04861837967600367,0.999999,228428.0,228428.0,0.952283282056413,1.3534584905660374,-11446.0,,0.59375,32.0
0xf69c6d1ddeaf1df094f0a2f93b9cab7e5f22ebc4,0.1129233761535986,0.31466505,1,4615.403098,27,1772076180,2.05327016485146e-06,2.056086722027788e-06,2.05327016485146e-06,2.05327016485146e-06,0.001226356884432026,0.10118770841849944,2.05327016485146e-06,0.09531550729210467,0.0,1187.71088364,0.09059064690025218,0.0975994340408767,0.1811792405303395,4.968182457991204,4.964962458196904,,1,0.989375404960226,-0.8094442579567366,2.05327016485146e-06,0.5208200162974078,99.1,64154.0,64154.0,0.30534983341266064,134.9445049,-145946.0,,0.3333333333333333,3.0
0x7e91e86bfd38e3a4ab3187a780d03d254662cad0,0.11267450554257324,0.31408367,1,126.214158,8,1772107866,1.5723132881771587e-05,1.6733905709885475e-05,1.5723132881771587e-05,1.5723132881771587e-05,0.0015806165396984248,0.17098816032197028,1.5723132881771587e-05,0.16807053886645323,0.0,2.8622321005,0.01631569516315544,0.17372005997668707,0.03263139032631088,1.741279576682147,1.723256757241469,,1,0.989375404960226,-0.9331220384234069,1.5723132881771587e-05,1.0,0.999999,488.0,488.0,0.0020183137154343098,0.999999,-241298.0,,0.0,1.0
0x59cc013ccf255362d8e823fad9b63b53f21977c9,0.11206599130599065,0.3126574,1,16.079999,4,1771950732,0.00014879996835571354,0.0001489603131492371,0.00014879996835571354,0.00014879996835571354,0.011775459806423498,-0.007000973704244344,0.00014879996835571354,0.11621874126538059,0.0,13.06624049700096,0.116362669206248,0.12026938936300219,0.23257653844414028,0.4969002928821018,0.4804002928821018,,1,0.989375404960226,-0.3197917235887868,0.00014879996835571354,0.6413076875740013,2.1349995,292.0,292.0,0.003449416434342957,2.1349995,-84360.0,,0.0,2.0
0x8270627d83de2a6b1f87e05954126258dded6be9,0.11044326172889254,0.30882055,1,8.59,2,1772107392,0.6543086165795045,0.6553106205865176,0.6543086165795045,0.6543086165795045,0.9267491672005829,3.1925777586667916,0.6543086165795045,3.1892777586667913,0.0,,0.6543086165795045,3.215377758666791,0.6543086165795045,3.205377758666791,3.1892777586667913,,1,0.989375404960226,-0.931271906884519,0.6543086165795045,0.04791009848047436,2.0307,224054.0,224054.0,0.9284826282986341,2.6009265051546393,-17258.0,0.0,0.3170731707317073,41.0
0xe31b852756937aef6a047b8de0d36196804b3fb7,0.10778734127314579,0.30243286,1,243553.84659199993,125,1772002188,-0.08902267127970058,-0.08914152664856534,-0.08902267127970058,-0.08902267127970058,-0.2588245065094118,-0.02057868254274954,-0.08902267127970058,-0.0031160311585171395,0.0,651.8709227640846,-0.07536833616987741,0.0028131242514612994,-0.06171400106005424,2.2363446060599537,2.2367995996004826,,2,0.989375404960226,-0.5206363827976799,-0.08902267127970058,1.0,3554.08399,116.0,116.0,0.0008522643782878302,3554.08399,-135992.0,,0.0,1.0
0x0fb838a838490b18d48a319e5335275985f280ea,0.1063809993094508,0.2989943,1,135.95203799999996,11,1771918704,0.09334735362925614,0.09349692679497999,0.09334735362925614,0.09334735362925614,0.35554589942282766,0.2539475261098094,0.09334735362925614,0.110031277063821,0.0,-3.0614130319999995,0.08796347525238775,0.012177440015465866,0.08257959687551936,0.7642276719515193,0.9107276711328239,,2,0.989375404960226,-0.19477903808772903,0.09334735362925614,0.4438325472374326,36.4754985,1035793.0,1035793.0,19.682901337792643,96.80777833333332,983169.0,,0.0,5.0
0x7ab480c23d8a0d5a6e95c2b10a5b82bf55aa716b,0.10587794335673231,0.2977546,1,9849.500595000001,53,1771965070,0.10757165838544591,0.11416725126880721,0.10757165838544591,0.10757165838544591,0.8987954630768179,0.15591922851124249,0.10757165838544591,0.19161367894730882,0.0,25.716942705140372,0.11240488754162273,0.18318481547611642,0.11723811669779956,0.7339972260291802,0.7405727764684027,,1,0.989375404960226,-0.37575625102459814,0.10757165838544591,0.624757032589378,99.2,4308099.0,4308099.0,43.52054753005354,2679.9915277610066,4209109.0,0.0,0.30434782608695654,23.0
0x126a1dcb81b563dee5849f0e6b83c0652f47f95d,0.10551414983707279,0.29685482,1,1.999998,2,1772097164,0.7374751178189608,0.7384771218259739,0.7374751178189608,0.7374751178189608,1.0443643611885407,5.444883840970121,0.7374751178189608,0.8373391780137762,0.0,,0.7374751178189608,0.8652392150137886,0.7374751178189608,5.479983874634133,5.441583840970121,,1,0.989375404960226,-0.8913496592479254,0.7374751178189608,0.4404873158997758,1.0,2825994.0,2825994.0,12.229293244015164,4.346373107142858,2594910.0,,0.047619047619047616,21.0
0xb364c9a548116c83e1c743a7c78fa121791df427,0.1050900729204262,0.2958025,1,2.001094,2,1772087910,0.7605210220949242,0.7615230261019375,0.7605210220949242,0.7605210220949242,0.935407804029182,0.8008000144412817,0.7605210220949242,0.41189984505291044,0.0,,0.7605210220949242,0.4719998407271095,0.7605210220949242,6.089399870246105,6.059899916960044,,1,0.989375404960226,-0.8552291586975699,0.7605210220949242,0.10427273448866456,0.951835,173476.0,173476.0,0.7820222693053239,1.1199009583333333,-48354.0,,0.07692307692307693,13.0
0x920e7e3c5cf3d1e901c1f6ea4b3742642ecf001e,0.10323896560299903,0.29116473,1,1.78322,2,1772061172,0.8376753498628878,0.8386773538699012,0.8376753498628878,0.8376753498628878,1.1860688882979935,0.4643000000000002,0.8376753498628878,0.030899999999999806,0.0,,0.8376753498628878,0.02989999999999981,0.8376753498628878,1.0364000000000002,1.0389000000000002,,1,0.989375404960226,-0.7508645656874761,0.8376753498628878,0.3547958239441222,0.999999,1309989.0,1309989.0,6.714724335185451,1.392929,1114897.0,,0.16666666666666666,6.0
0x593879067fccbb7a7350264af898538d76d7dd39,0.10295032859822886,0.29043496,1,23.19076,2,1772087978,0.7224448890563901,0.7234468930634033,0.7224448890563901,0.7224448890563901,1.023108407826943,0.4311738665424297,0.7224448890563901,0.12736895676711554,0.0,,0.7224448890563901,0.17206898213803642,0.7224448890563901,4.916100875410481,4.903000874641369,,1,0.989375404960226,-0.8554945784120095,0.7224448890563901,0.23449190434110864,50.26186,3540594.0,3540594.0,15.955952735040423,58.59293461538461,3318696.0,,0.2857142857142857,7.0
0xedca7486ff8def0bf1d2c27a575a456e6ebf0a70,0.10217202405918467,0.28845808,1,2223.0154900000007,54,1771894676,0.0007987332506238867,0.0007999498503114551,0.0007987332506238867,0.0007987332506238867,0.03586714888826206,0.0739299613862426,0.0007987332506238867,0.0993061729532757,0.0,10.73985680317994,0.004666830978297756,0.04584746211007942,0.008534928705971624,0.16795823905608906,0.21071775694025463,,2,0.989375404960226,-0.1009922013442728,0.0007987332506238867,1.0,77.999999,22.0,22.0,0.0007693383690026577,77.999999,-28574.0,,0.0,1.0
0xc24f617602f5b3477d9a62567222d1c8c185b9b3,0.10113378807813919,0.2858001,1,81.72021799999999,4,1772105384,1.3780909100494577e-05,1.3802748892463284e-05,1.3780909100494577e-05,1.3780909100494577e-05,0.002956487639473375,1.4031088380172472,1.3780909100494577e-05,-0.028368528580660635,0.0,18.860590503978027,0.07904512646047536,-0.019068320365873456,0.15807647201185024,2.8211565127317124,2.8056565127317126,,1,0.989375404960226,-0.923434218846361,1.3780909100494577e-05,1.0,10.999999,148.0,148.0,0.0006184602012502925,10.999999,-239156.0,0.0,0.0,1.0
0xd294b0ac2936e4ed039d8294b0561f8bc54a21c7,0.10069694375060184,0.2846745,1,2639.7350000000006,6,1771949614,0.3002672007682361,0.3006012021039072,0.3002672007682361,0.3002672007682361,0.7361760085795218,-0.07353343358987197,0.3002672007682361,0.0872,0.0,6.965000000000007,0.30068470243782486,0.09089999907096859,0.3011022041074136,0.2826,0.2616,-0.004043127389296294,1,0.989375404960226,-0.31602120235130643,0.3002672007682361,0.33590830791946225,48.608,3140858.0,3140858.0,37.599755788062346,289.9733333333333,3057324.0,0.0,0.75,8.0
