11:30:11 [super] ============================================================
11:30:11 [super] plot_top_wallets starting, log=supercompute_willtrumppardonchangpeng_20260701_113011.log
11:30:11 [super] market=will-trump-pardon-changpeng-zhao-in-2025-162-949-658  top_n=50
11:30:11 [super] reading scores from supercompute_willtrumppardonchangpeng_20260701_084048_results.csv
11:30:11 [super] loaded 3164 scored wallets
11:30:11 [super] ------------------------------------------------------------
11:30:11 [super] per-wallet scores (rank | wallet | pred_prob | pred_prob_raw):
11:30:11 [super]   #    1  0x37aa9ba3ac08c188b43bde8df7c911b1e8e1c860  prob=0.701296  raw=0.981425
11:30:11 [super]   #    2  0xbfe7f475e6bf0a947224a824ce2de9fcebfad95a  prob=0.701271  raw=0.981399
11:30:11 [super]   #    3  0xf4604a0828e571a615b53bdaa0cb2c8ee045c31f  prob=0.698740  raw=0.978815
11:30:11 [super]   #    4  0x6e7e17cd09e2f9403dc967fdac7475b0ff762a50  prob=0.675078  raw=0.955221
11:30:11 [super]   #    5  0x176500db77481722c5b898acaaafaa755508a60b  prob=0.668502  raw=0.948827
11:30:11 [super]   #    6  0x98cd52d48600d6149806b50877d954f62cd146a5  prob=0.665864  raw=0.946281
11:30:11 [super]   #    7  0xaba9685661f38e50ff226e8e761eaab8d9b13739  prob=0.665260  raw=0.945698
11:30:11 [super]   #    8  0xcd5546a006e0a15fa64f6665ab03365a88807131  prob=0.665120  raw=0.945564
11:30:11 [super]   #    9  0xde28593ff757ef2920ae0e0c837eafd0d1888dbd  prob=0.643123  raw=0.924716
11:30:11 [super]   #   10  0x78cae507c94ae5bc946d390fac6c4eab569cdc46  prob=0.642072  raw=0.923735
11:30:11 [super]   #   11  0x7a0fb229f1cc2ac8f2e42b62d0adc8d2266d5c1d  prob=0.641737  raw=0.923422
11:30:11 [super]   #   12  0x86be72f88e5e4cff39ff47880e8770d9185d7efb  prob=0.635312  raw=0.917455
11:30:11 [super]   #   13  0xa268d4480a3785a3297ee2dbec955bb32e66d60b  prob=0.631498  raw=0.913933
11:30:11 [super]   #   14  0x609a193fa082b8237b3e77944a47ad1a09696c1e  prob=0.630074  raw=0.912623
11:30:11 [super]   #   15  0x3cc9d14a3be050d8976bc4917e56c32db33eeeb2  prob=0.624384  raw=0.907405
11:30:11 [super]   #   16  0x0d809e43222339946787728c10cfbed76a37d3a6  prob=0.620604  raw=0.903957
11:30:11 [super]   #   17  0x7f1329ade2ec162c6f8791dad99125e0dc49801c  prob=0.611161  raw=0.895401
11:30:11 [super]   #   18  0xbaf9b8bde26abd337a2f81efe7f63407288a26b0  prob=0.607003  raw=0.891656
11:30:11 [super]   #   19  0x9b22bbbb31af5b9f544bb366f8392b5ed63b20de  prob=0.604767  raw=0.889649
11:30:11 [super]   #   20  0x52f4da2ff6caf3ae55496226e6a25f7aa7ef96c7  prob=0.603288  raw=0.888323
11:30:11 [super]   #   21  0xc458b72dd70b189a07d73e2118ff63d6d6141cff  prob=0.602071  raw=0.887234
11:30:11 [super]   #   22  0x60673a3d6fa61da294026fd456f37898c6372e4d  prob=0.591349  raw=0.877682
11:30:11 [super]   #   23  0x4872bea5de0d63c9762ad43dd134952a3ab6a3ee  prob=0.589218  raw=0.875793
11:30:11 [super]   #   24  0xf4db8e7d8a60423ea2559f45c5c7f066fbc040b9  prob=0.567039  raw=0.856295
11:30:11 [super]   #   25  0xff03161464ff3b3229bc331430a1bf7ca3ba7c3b  prob=0.563239  raw=0.852981
11:30:11 [super]   #   26  0xed49defb36f77e74912c0ff38d2667317bad8783  prob=0.559736  raw=0.849930
11:30:11 [super]   #   27  0x06c1d2910ea748c47db6b745acf40301fe8a2727  prob=0.558484  raw=0.848842
11:30:11 [super]   #   28  0xb4800380e14685277d619324096bdfd69da342dc  prob=0.553541  raw=0.844549
11:30:11 [super]   #   29  0x5daf611bf660152f44c1f7dd8cb3384b824796b5  prob=0.539639  raw=0.832523
11:30:11 [super]   #   30  0x73234e1ff1d5478eafdb8da0d9ce5f40c5a1d0fc  prob=0.516028  raw=0.812210
11:30:11 [super]   #   31  0xfa7416b32686d204965312dabbf2d8f65e4ef79f  prob=0.507757  raw=0.805114
11:30:11 [super]   #   32  0xffc725fa08dc54712dddc6df7344e6a1451936b8  prob=0.506576  raw=0.804100
11:30:11 [super]   #   33  0x71c2f6b0d989453028b7cb0afd61858f3ee34115  prob=0.503019  raw=0.801050
11:30:11 [super]   #   34  0x5de27d424af56637bf162fc0814730008d3cee12  prob=0.498587  raw=0.797250
11:30:11 [super]   #   35  0xdbb6684746fb5c6c84e659a1a30606ae58337e22  prob=0.495322  raw=0.794450
11:30:11 [super]   #   36  0xaf28c510bb8e1c212913cf272a2e003ed847d4c6  prob=0.493799  raw=0.793144
11:30:11 [super]   #   37  0xdcb19a9f2ce21b6073ee96addb107e3ccc4f1ebf  prob=0.491359  raw=0.791051
11:30:11 [super]   #   38  0xdb8bfca9dcf710a7b07a42fa0eb2c5a72e6f8d25  prob=0.488367  raw=0.788485
11:30:11 [super]   #   39  0xdf52f29300bb186a6e8931d3d58f53ebf95329b7  prob=0.474551  raw=0.776620
11:30:11 [super]   #   40  0x06335c305d038a05fc0e2da1314719883ee7d7d9  prob=0.471821  raw=0.774272
11:30:11 [super]   #   41  0xa26cfe6701c6e930fd09453ad80e09915ffd2876  prob=0.468768  raw=0.771645
11:30:11 [super]   #   42  0x8c62dc0a981453ed117d850bd05007782000527b  prob=0.457824  raw=0.762209
11:30:11 [super]   #   43  0x6b1d02532a9ee174fa13719fa049bef831aa4a8c  prob=0.455216  raw=0.759956
11:30:11 [super]   #   44  0x729474de1c15326d1c7a2a92e09c0dc012971760  prob=0.444132  raw=0.750354
11:30:11 [super]   #   45  0xb92f92d21443681ec740d5b04b3a5a9679cd129c  prob=0.429725  raw=0.737799
11:30:11 [super]   #   46  0x3f1796822c53e6061abab0393b7923bb3ad06bc6  prob=0.428820  raw=0.737008
11:30:11 [super]   #   47  0x4feb194d3d16d404f0d85534a3be11b4ec85149b  prob=0.427874  raw=0.736179
11:30:11 [super]   #   48  0x84ed22516696d4997351738e8678b4618042011b  prob=0.415951  raw=0.725699
11:30:11 [super]   #   49  0xa9627cd7b190d4d3547840ccd76e39d819ee8978  prob=0.415575  raw=0.725368
11:30:11 [super]   #   50  0x0861a063fb88396fcbe31a53cc24459ea8ade48c  prob=0.413818  raw=0.723816
11:30:11 [super]   #   51  0x4e3acf84c074083faef3db54f1a62d0ef326ca2a  prob=0.400064  raw=0.711598
11:30:11 [super]   #   52  0x75e99c56615ff79deac853cb498012a7dba830af  prob=0.396934  raw=0.708798
11:30:11 [super]   #   53  0xc7a90a19f01967ca4a8c28cc5807192b763b7c93  prob=0.386393  raw=0.699314
11:30:11 [super]   #   54  0x56e07375e0266e831395a8b3fc9fe799a6fe6442  prob=0.377424  raw=0.691168
11:30:11 [super]   #   55  0x39d97489e6368d098156a401c8ab232a6232c24e  prob=0.371364  raw=0.685622
11:30:11 [super]   #   56  0x4c8a7ed44397d12b7522479814b4ac77a1020e17  prob=0.371364  raw=0.685622
11:30:11 [super]   #   57  0x687898e3c9957945be1aeb80f9ea3e46b8f3bec2  prob=0.350983  raw=0.666681
11:30:11 [super]   #   58  0xcd23b8b82026e77d041b4bb72f8b79651ebd4f9e  prob=0.338882  raw=0.655200
11:30:11 [super]   #   59  0x64e9b129c53030913b6134967375e8bc1b1f9657  prob=0.326732  raw=0.643468
11:30:11 [super]   #   60  0xa0b849dd1b630d33524e4167cb0e08e0e7489546  prob=0.314207  raw=0.631137
11:30:11 [super]   #   61  0x0d76d59951762d5e41a298b2b99e50175a43d516  prob=0.314033  raw=0.630964
11:30:11 [super]   #   62  0xec052d86d48ebc7af822a523307c1581ecbb2b59  prob=0.311519  raw=0.628457
11:30:11 [super]   #   63  0xc9542b03298861d385a7c8fed0503cc8f62d520a  prob=0.307877  raw=0.624805
11:30:11 [super]   #   64  0x05d372eec6051ca6ae5621a831edf7ee57672f03  prob=0.299761  raw=0.616579
11:30:11 [super]   #   65  0x957015a2400c13cfb8fd2a5d97c2b0b8f9adc030  prob=0.292189  raw=0.608788
11:30:11 [super]   #   66  0xfef2369a9d9b88bc0545320853e2ce616a381470  prob=0.289296  raw=0.605781
11:30:11 [super]   #   67  0xc4439174a5d5f821e173ce86def1d86c3145f19f  prob=0.279642  raw=0.595613
11:30:11 [super]   #   68  0x991e046705420389e108e8d818b88907b35b4cd8  prob=0.272904  raw=0.588389
11:30:11 [super]   #   69  0xa59cf205950f619238ff7d467c235007bfdc6338  prob=0.272241  raw=0.587671
11:30:11 [super]   #   70  0x1295f064976a9879e62a545adfad4604a1c1640d  prob=0.261595  raw=0.576007
11:30:11 [super]   #   71  0x02ab4be202f33565bbb11da864c547f78e30cda4  prob=0.255033  raw=0.568665
11:30:11 [super]   #   72  0x7a066c7cc5e4a5d5f968d7ed62fdb6d32579fd6e  prob=0.254919  raw=0.568535
11:30:11 [super]   #   73  0x7445a961421b62ebae524bb1b8feefa50819a86c  prob=0.254362  raw=0.567906
11:30:11 [super]   #   74  0x78162a0f2925b450a85f5a3e46418f9cbfd6ce35  prob=0.252985  raw=0.566347
11:30:11 [super]   #   75  0x06f56ecfaece46dfbeea924bd9dcb9fe93178f9c  prob=0.247921  raw=0.560564
11:30:11 [super]   #   76  0x8e6685180e9f7f1834b218c6755d017d3145d1c2  prob=0.244907  raw=0.557084
11:30:11 [super]   #   77  0xfe2c78b402dbf18ba921ff0770b461fc2eb16dd6  prob=0.240358  raw=0.551777
11:30:11 [super]   #   78  0xae87e98c94924ec9791d55886038bc2b561be602  prob=0.239773  raw=0.551090
11:30:11 [super]   #   79  0xcda42a6cb8a68cc33e43148819024704992e5124  prob=0.236801  raw=0.547580
11:30:11 [super]   #   80  0x573a6177a9cced9bf2cd64e8c9aeb746c068c47c  prob=0.229200  raw=0.538461
11:30:11 [super]   #   81  0x7014771e6ffa7993680ffe90ff41d83de0a3f10d  prob=0.229025  raw=0.538249
11:30:11 [super]   #   82  0x3c8d501e7f9cf551e50c47c33b3437e8e07262bf  prob=0.224612  raw=0.532854
11:30:11 [super]   #   83  0x5e353d9ac25ba271540fc8fccd6ecc20769465da  prob=0.218933  raw=0.525800
11:30:11 [super]   #   84  0x0c07e306ebabe41a927e92707a82e7b334440e6b  prob=0.218779  raw=0.525608
11:30:11 [super]   #   85  0x2e1b465504fd80ee76f00e37ccecaa82d06b70af  prob=0.217405  raw=0.523880
11:30:11 [super]   #   86  0x628d20c8541cb8be452eca226521cb7bf99a1f4c  prob=0.215156  raw=0.521035
11:30:11 [super]   #   87  0x12d0e815ac008b418cc54319e7120202149a46e0  prob=0.214943  raw=0.520766
11:30:11 [super]   #   88  0x005b4400fd20970ae26ad80d287d7b02e7ec8f5f  prob=0.214886  raw=0.520693
11:30:11 [super]   #   89  0x388f3efeb35c8d3f8510a60807aa06c70dd18b45  prob=0.212119  raw=0.517160
11:30:11 [super]   #   90  0xf713d93be5c321acb09984705b49f97686115613  prob=0.206542  raw=0.509937
11:30:11 [super]   #   91  0xdf2e70ec951f9a1c8c2b4847aa3c15e08bd940d3  prob=0.204907  raw=0.507791
11:30:11 [super]   #   92  0x525635a7aef7221eebf83126e11761ce15b0c969  prob=0.202634  raw=0.504788
11:30:11 [super]   #   93  0x4cc945733087f5cd7cc68186a0bbe264293fd5be  prob=0.202420  raw=0.504504
11:30:11 [super]   #   94  0xbb571256117c3cc6aaf17ad5fc57db805dae0a7b  prob=0.195323  raw=0.494953
11:30:11 [super]   #   95  0xaac256038e675aead28d04ba28408e17715624a9  prob=0.194527  raw=0.493867
11:30:11 [super]   #   96  0xd1c732173672606af1b0b6a2e10aec0cc712848f  prob=0.192097  raw=0.490526
11:30:11 [super]   #   97  0xb70b10b7c86b1f60a1e362d2aaae20a586d66759  prob=0.187693  raw=0.484389
11:30:11 [super]   #   98  0xa1acb7c248fa109cb34302723e3e6583698c0115  prob=0.186239  raw=0.482338
11:30:11 [super]   #   99  0x5f4c2bd53763da6013aee7f52627ce4623811913  prob=0.184800  raw=0.480296
11:30:11 [super]   #  100  0xc34cde0b144a8efd995288bfd37dd36cfa32fda7  prob=0.183201  raw=0.478013
11:30:11 [super]   #  101  0x21012889d366af35bb4c5481e8adea5addada657  prob=0.183054  raw=0.477803
11:30:11 [super]   #  102  0x59836ac10d17a37c87253f629b68f8473307dd68  prob=0.179767  raw=0.473057
11:30:11 [super]   #  103  0x93785ab88d7dbd6d737680da18debe5a9458f90b  prob=0.176520  raw=0.468303
11:30:11 [super]   #  104  0x24453c672dad9851260e4efc4c86f6c470f28bda  prob=0.174839  raw=0.465814
11:30:11 [super]   #  105  0xb8d616b7ef69c42f4efddbab824fbda9417338fb  prob=0.174101  raw=0.464716
11:30:11 [super]   #  106  0xe94ef542eded9d9aefed183d3ee009eded7d2bf8  prob=0.172337  raw=0.462076
11:30:11 [super]   #  107  0xabf29842911193a56c5c62ad02d501c09787d9db  prob=0.171111  raw=0.460227
11:30:11 [super]   #  108  0x0f6352bb0b367f90e5cddace20c818804471835a  prob=0.168464  raw=0.456202
11:30:11 [super]   #  109  0x509245f30315521ab91f3b6e61bb9cdce7a376ba  prob=0.166527  raw=0.453225
11:30:11 [super]   #  110  0x855ea750bdf706eaf617a8ed208125f828ff40fb  prob=0.166222  raw=0.452752
11:30:11 [super]   #  111  0x92ad15c85299b1dbef6f1dab7ca91e621162c78f  prob=0.166025  raw=0.452447
11:30:11 [super]   #  112  0xc3e6601179ffde8c75dae60b5bfabf2cd95c5d2b  prob=0.165889  raw=0.452237
11:30:11 [super]   #  113  0x96b655865919b73776a2ce9993475572f963bcfb  prob=0.164351  raw=0.449845
11:30:11 [super]   #  114  0xcdaded84698baf60ae9ddb9db6d71cf61f21e9eb  prob=0.163775  raw=0.448946
11:30:11 [super]   #  115  0xd3d0edd7aa93b7fb3419083f93eee1ca6b293df9  prob=0.160831  raw=0.444303
11:30:11 [super]   #  116  0xe6c481c2338eaf452efd0f1c5f0ec6cbd73eab7f  prob=0.160717  raw=0.444122
11:30:11 [super]   #  117  0x51178946b2270fe6fbae4083835134c600cad36f  prob=0.160412  raw=0.443637
11:30:11 [super]   #  118  0xb3c2146a5ac45cef98aef132e7debe394fa9191d  prob=0.159044  raw=0.441452
11:30:11 [super]   #  119  0x53e7060d2d89e22fa00fbed5745d0b662b79e252  prob=0.157501  raw=0.438969
11:30:11 [super]   #  120  0x97c3342befe79adcfcbb63e4037c2737afdaf76a  prob=0.156925  raw=0.438038
11:30:11 [super]   #  121  0x4bee2b016cac154712a7dd51090c8c5bac762d3f  prob=0.156712  raw=0.437692
11:30:11 [super]   #  122  0xa55a2fc5a4c046933ed32c997a059b6b59d994b0  prob=0.156560  raw=0.437446
11:30:11 [super]   #  123  0xd88e93578f353faa318f5ef54903cdb1832487c6  prob=0.153428  raw=0.432318
11:30:11 [super]   #  124  0x7587040a8ee7b511c9efcfded159a00a26ab1554  prob=0.151677  raw=0.429416
11:30:11 [super]   #  125  0x1efdcb63368330141de5480346dd8fd663e7f06f  prob=0.147637  raw=0.422610
11:30:11 [super]   #  126  0xdabc2941d986edf79de02d397b7a35fa999b947b  prob=0.146518  raw=0.420696
11:30:11 [super]   #  127  0x3ae78de0268d27d43d6eff0d3c9ee481a2e58eae  prob=0.145976  raw=0.419766
11:30:11 [super]   #  128  0xd2f381792dc6bbae481ed712a5ac1bc6ca3603fa  prob=0.145712  raw=0.419312
11:30:11 [super]   #  129  0xeec44ec26a2f5e76823a44cd9c0ca694996b76e0  prob=0.145187  raw=0.418406
11:30:11 [super]   #  130  0xcc53642e66c9b784e0ec259f63724c848febfcf4  prob=0.144647  raw=0.417473
11:30:11 [super]   #  131  0xfb40d8ec25f57da1bc05508eb6655749ecdd069f  prob=0.144067  raw=0.416466
11:30:11 [super]   #  132  0xc8229cb54fd91dfc877043e3ef697ea435562182  prob=0.139535  raw=0.408482
11:30:11 [super]   #  133  0x740b012c03fba029f1d283e47b1112670db46cb9  prob=0.139110  raw=0.407722
11:30:11 [super]   #  134  0x69756a15a0413f14a1c5b4426290fd295c69943a  prob=0.138813  raw=0.407189
11:30:11 [super]   #  135  0x3f311f32faff0be87c2294acf7fe6ceab94b0903  prob=0.138680  raw=0.406952
11:30:11 [super]   #  136  0x54f9397fbc307df92faf659482f354947f0c2697  prob=0.137185  raw=0.404256
11:30:11 [super]   #  137  0x0ab7920e0338759ed18f0faeb5aca055a1e7387e  prob=0.136869  raw=0.403684
11:30:11 [super]   #  138  0x0bbd4e7af8425672c9110c82ef696115f084e8d2  prob=0.136716  raw=0.403406
11:30:11 [super]   #  139  0x5484c900bbc2f96b385c805eed627421349f92e0  prob=0.135236  raw=0.400704
11:30:11 [super]   #  140  0x6bc4714ddfefc556b837396e5139098cb99d0d4c  prob=0.134379  raw=0.399130
11:30:11 [super]   #  141  0xf9b6b435708301511eb264ffc5efd1e1cb38b487  prob=0.133894  raw=0.398233
11:30:11 [super]   #  142  0xbd71a789a44d86bdbf1c3958ff69527af1443756  prob=0.131652  raw=0.394060
11:30:11 [super]   #  143  0xffff8f0adb2b3469c73a3f3b2a59dda4de9753c1  prob=0.129679  raw=0.390337
11:30:11 [super]   #  144  0x17ddc4b96072728d112d08ad54b729dfc8325d5b  prob=0.128403  raw=0.387902
11:30:11 [super]   #  145  0x5a7f1425fb17ea58cc6b97c1b789f23f1f3ab8fe  prob=0.128389  raw=0.387875
11:30:11 [super]   #  146  0x20b00b170cd46c156010b1a4b522486766eea81a  prob=0.126868  raw=0.384947
11:30:11 [super]   #  147  0x287ea75ceddf8cc502102ce85de4af98252704aa  prob=0.124091  raw=0.379521
11:30:11 [super]   #  148  0xe8fe291c37a4f078559895446740a26e5bd27f8b  prob=0.123244  raw=0.377846
11:30:11 [super]   #  149  0x7605279ba55798eb464689faf25b7aab8acd3e2e  prob=0.120573  raw=0.372497
11:30:11 [super]   #  150  0x6b5ff8278270273268379968df40e4a1fbdd3269  prob=0.118633  raw=0.368547
11:30:11 [super]   #  151  0x6eb31e266dc67f09e4805305931cdc23a03d6d95  prob=0.118290  raw=0.367844
11:30:11 [super]   #  152  0x60ee13141dafaeb952e0ed68f94a0e5c6b080a77  prob=0.117815  raw=0.366865
11:30:11 [super]   #  153  0x4b2517f650cd7e0de49454bf51f73ad27922e5d1  prob=0.116242  raw=0.363602
11:30:11 [super]   #  154  0xf64706d35c07288990678dc2d5ade6ba53c17911  prob=0.115932  raw=0.362955
11:30:11 [super]   #  155  0x1c3df9c65729363b603531d6376206eec6587946  prob=0.115923  raw=0.362936
11:30:11 [super]   #  156  0x7e0bed59b77a5ec2830bac48199d4398ae9f7e58  prob=0.115095  raw=0.361198
11:30:11 [super]   #  157  0xeed3e2ae0c0b17c7b1b4a901a58bee19f5bf579b  prob=0.114401  raw=0.359734
11:30:11 [super]   #  158  0x2fb49cad58eef4a670440a3dc03b304430df4202  prob=0.114180  raw=0.359265
11:30:11 [super]   #  159  0xb5cf552a2b72c7e6a3a47fac173c9b8f86a64753  prob=0.111663  raw=0.353880
11:30:11 [super]   #  160  0x24f785e788aeacaea50a59311ec76a11886dcfe2  prob=0.111226  raw=0.352934
11:30:11 [super]   #  161  0xc8b401a8ff1cccc71db21452a00c2afafdde5ab5  prob=0.109823  raw=0.349873
11:30:11 [super]   #  162  0x1218bdbc511e35ba58a1bd5b0402cdf7d148f3e3  prob=0.109751  raw=0.349715
11:30:11 [super]   #  163  0x9ca59bdb52137da681de8ecedb7a3dc895c76799  prob=0.109133  raw=0.348357
11:30:11 [super]   #  164  0xd185b1c4cd133fc569f67e163fda4826703a75ee  prob=0.107589  raw=0.344930
11:30:11 [super]   #  165  0xddb97d5bb90f599c42e7133e00345acdda00887d  prob=0.107274  raw=0.344225
11:30:11 [super]   #  166  0xb9730dea5d7cf27c7cf45b06bf8ed0c1e9744491  prob=0.106956  raw=0.343513
11:30:11 [super]   #  167  0x8a47c5838e79f53ad4635eb7241f2e677939f647  prob=0.105047  raw=0.339194
11:30:11 [super]   #  168  0xf50e99d4dc0d73ec9363e7a816ca650eed18856e  prob=0.105033  raw=0.339163
11:30:11 [super]   #  169  0x2b26f4a04667678d55f6a9dd15c893d883efc258  prob=0.104237  raw=0.337342
11:30:11 [super]   #  170  0x472637db8631edc3a4560170dd12e15a7d356edf  prob=0.104018  raw=0.336837
11:30:11 [super]   #  171  0x1ac205a17c3f68ce4281ca57e4b510a4a4cb5d8f  prob=0.103232  raw=0.335025
11:30:11 [super]   #  172  0x5c03f7e706a2486f8ee44ba69adaf0cc16b073b1  prob=0.102076  raw=0.332334
11:30:11 [super]   #  173  0xb5d1965494e74e584813ba6b873915d4d3db32e2  prob=0.101479  raw=0.330935
11:30:11 [super]   #  174  0xe6db63598543fd22e8c6912fc90c25bcbe1c5199  prob=0.101245  raw=0.330382
11:30:11 [super]   #  175  0xb7c4129b35dcf869e84da7af4ac8ef62ab17ee71  prob=0.100761  raw=0.329241
11:30:11 [super]   #  176  0xdd90cdb78343fc53fd73b658a4bb7f6c33819ef9  prob=0.100490  raw=0.328599
11:30:11 [super]   #  177  0x0969fb99d5d058db77e791e71d9dbd0dfc4701d2  prob=0.100300  raw=0.328148
11:30:11 [super]   #  178  0xaf682b772984df5e259a41dd4b5fb140d0fe3fde  prob=0.099517  raw=0.326280
11:30:11 [super]   #  179  0x28ecdf6cd7ff47d591894eea0ff42b79cbf7663e  prob=0.098860  raw=0.324705
11:30:11 [super]   #  180  0x91f0bdd4dc513f0f32957c30b7df113ce9c4f8d6  prob=0.098717  raw=0.324359
11:30:11 [super]   #  181  0x4160dfcd40137e87ab8540398355b412ad4b8b77  prob=0.098709  raw=0.324340
11:30:11 [super]   #  182  0xd621034a6b61500c52b20ff0eadbd88aa042fd05  prob=0.098273  raw=0.323289
11:30:11 [super]   #  183  0x8d0bf020c9bc1fe02d21c724f3da8ac6538c1d34  prob=0.097930  raw=0.322458
11:30:11 [super]   #  184  0xa2881eea35d72e49abc1eab2c674ce47ea71ec3f  prob=0.097275  raw=0.320864
11:30:11 [super]   #  185  0x4b16d83d624b604d207074379495055700f16dd6  prob=0.096379  raw=0.318666
11:30:11 [super]   #  186  0x3eba94d273b7d0e0dda259b4f7637e9298ea987e  prob=0.095775  raw=0.317176
11:30:11 [super]   #  187  0x6582ef176487b803c60d6b3d90ea6e15100fb3d2  prob=0.095606  raw=0.316756
11:30:11 [super]   #  188  0xd6fa6c95550c4c04ce1e1019820797e533651c24  prob=0.095426  raw=0.316311
11:30:11 [super]   #  189  0x1e6e6c187fdbe09891f3c2fb2e645d352a5ea65a  prob=0.095387  raw=0.316213
11:30:11 [super]   #  190  0xc25c1fbcbbfffe7e052d422ef38c2b573df636fc  prob=0.094061  raw=0.312898
11:30:11 [super]   #  191  0x49727b03154ed1752f408797d249abf993840d21  prob=0.089158  raw=0.300266
11:30:11 [super]   #  192  0xee798b9b9102f5220a7dba008a03900952637038  prob=0.088967  raw=0.299762
11:30:11 [super]   #  193  0xbad26fe5458e6219cec3e40272760e275e835296  prob=0.087494  raw=0.295836
11:30:11 [super]   #  194  0x4e8dcd07b4ccc8a3b88efad47d519b0b87f410df  prob=0.086022  raw=0.291852
11:30:11 [super]   #  195  0xe526080705a263b4d8c3bf2c524807cf29264489  prob=0.077559  raw=0.267674
11:30:11 [super]   #  196  0x6304e8eee7ef22e5ef03441a563cce0cbab8cdd7  prob=0.077537  raw=0.267608
11:30:11 [super]   #  197  0xad456797e4f047690743394ad5056fbb3906c2ea  prob=0.076248  raw=0.263717
11:30:11 [super]   #  198  0xd8c9165dfdd4bb077f365983e5a213285ba4326b  prob=0.075851  raw=0.262503
11:30:11 [super]   #  199  0xc3103fa1fd05dd1fb5a38b5c87a793c290fa1972  prob=0.075838  raw=0.262466
11:30:11 [super]   #  200  0xae73b85c49fff81cdd43b2f7c2a660bea2af4ba1  prob=0.075335  raw=0.260921
11:30:11 [super]   #  201  0xc7c28ffe1895f9c44d66d76ef23f0c1b39e82f69  prob=0.075010  raw=0.259919
11:30:11 [super]   #  202  0xf5fced18abc9f96ddfd3a65f45f148224ba4174a  prob=0.074407  raw=0.258050
11:30:11 [super]   #  203  0xa1311e8dcf35bd3f0f3ad0949582862b3ce4dde2  prob=0.074157  raw=0.257271
11:30:11 [super]   #  204  0x60fc552b0857060bcc8fc78e6af331d42eef3c36  prob=0.074035  raw=0.256890
11:30:11 [super]   #  205  0x5ebee265d8225b786ea0843147c2e34c660ee121  prob=0.074003  raw=0.256788
11:30:11 [super]   #  206  0xd770f06564debcdafcf8c724762d3f91333b2fd3  prob=0.073182  raw=0.254207
11:30:11 [super]   #  207  0x31caeda25c7ee8569d6933a3a64c2cd0f37c6e94  prob=0.072713  raw=0.252719
11:30:11 [super]   #  208  0x5e4508ba430574a84fccc1d51c66ba53f7cf313a  prob=0.072524  raw=0.252118
11:30:11 [super]   #  209  0x94e9192c02e826774daad2d07ac4294f92550948  prob=0.071257  raw=0.248049
11:30:11 [super]   #  210  0x6ee6dc9906ae24a7673b05b5d096993d02494db4  prob=0.070596  raw=0.245899
11:30:11 [super]   #  211  0x9079247d94761dfe31b013c2d2ce8536708573ee  prob=0.070297  raw=0.244918
11:30:11 [super]   #  212  0xcd4b91ffb66511c20d92f9f8a257247b15408aa4  prob=0.069185  raw=0.241245
11:30:11 [super]   #  213  0x88291d0a628d31b585a717f757445b44fea97d99  prob=0.069128  raw=0.241054
11:30:11 [super]   #  214  0x4b4b45d2b32f415b92c616770cdfff1a4853b054  prob=0.066922  raw=0.233596
11:30:11 [super]   #  215  0xe8051749b466841ac89351aa5886d7c18b603847  prob=0.066580  raw=0.232419
11:30:11 [super]   #  216  0x9b7976158d0957c9b12f5c1f34cd5c0af461fbda  prob=0.066472  raw=0.232046
11:30:11 [super]   #  217  0x4420d224f923849330d8eefe15ba4163b3c9dd9b  prob=0.066195  raw=0.231087
11:30:11 [super]   #  218  0x7db4b7f6227e86e262beca3466a39a10f23a4e27  prob=0.065773  raw=0.229617
11:30:11 [super]   #  219  0x2d0ab878990ba76dd92c27293b793efa88791979  prob=0.065632  raw=0.229124
11:30:11 [super]   #  220  0xe5de6a2e632405925ab151760640999022ad1185  prob=0.065446  raw=0.228476
11:30:11 [super]   #  221  0xfd585f9c27e249a4c3a182689e441cc1669699be  prob=0.064872  raw=0.226453
11:30:11 [super]   #  222  0xf78bfa3b0d4d9898de258139df8da331096fc5dc  prob=0.064571  raw=0.225388
11:30:11 [super]   #  223  0x8ce546a005e852824393ec9652bec5e3ce5ecc64  prob=0.064375  raw=0.224694
11:30:11 [super]   #  224  0x1e848747011f955eae5267c55dda8055f17ad16f  prob=0.063493  raw=0.221532
11:30:11 [super]   #  225  0xa9d8fa0aa2aff4ac6555c8364d0b020c6f7804b3  prob=0.062293  raw=0.217167
11:30:11 [super]   #  226  0xe3c6055615205e65ecf238c21e4b9297958214cd  prob=0.061950  raw=0.215907
11:30:11 [super]   #  227  0xc8780c751aa6815cacdff9e2a2abf5cc1f520104  prob=0.061843  raw=0.215511
11:30:11 [super]   #  228  0x34eeb219dd2e271c900dc2ac373cb9cd75281723  prob=0.061841  raw=0.215502
11:30:11 [super]   #  229  0x50364f9378c3a946ffec255cee1a32969d2d3aad  prob=0.060226  raw=0.209463
11:30:11 [super]   #  230  0x4142c85db2d16abfaf62de23761aecd7a349d990  prob=0.060154  raw=0.209188
11:30:11 [super]   #  231  0x5ac85fe4ca19df3e60599ff1a08dbbd439e59733  prob=0.060080  raw=0.208908
11:30:11 [super]   #  232  0x50a6d2f1385338171cf72e3da4aac9f9badb7738  prob=0.059729  raw=0.207574
11:30:11 [super]   #  233  0x52e4fc8417876a28e54b2dbc593046e68f7d7d32  prob=0.059621  raw=0.207158
11:30:11 [super]   #  234  0x631b6b317be92a13ee918c3542e9033acdb362e1  prob=0.058906  raw=0.204410
11:30:11 [super]   #  235  0x8d5d3d92a86049fb8992dfdac65020f9d3854e3f  prob=0.058883  raw=0.204319
11:30:11 [super]   #  236  0x21e0045b3bbd4d19d786c629cd693760aa418bf3  prob=0.058669  raw=0.203491
11:30:11 [super]   #  237  0x5c4a195f95bc1163cce0669ad7d4db2f37ee414d  prob=0.058118  raw=0.201343
11:30:11 [super]   #  238  0x02ffb0b73d6edeb3acd1b37da819d5badca0d2f4  prob=0.057618  raw=0.199378
11:30:11 [super]   #  239  0x584c93c9f767a32b64de4e396e46acab968eca54  prob=0.057410  raw=0.198555
11:30:11 [super]   #  240  0xd1e7a4211624394f94cbd0cdc05d30ad2209b286  prob=0.057004  raw=0.196940
11:30:11 [super]   #  241  0xd27652b19293d3bb6157adde1005a1de0356b562  prob=0.056636  raw=0.195471
11:30:11 [super]   #  242  0x2f5a222f8f720bbcfdaca46e6681c046f76278cb  prob=0.056565  raw=0.195184
11:30:11 [super]   #  243  0x5cf87dfc1a53febbae0a2c28d27b9c8070bd69ab  prob=0.056450  raw=0.194721
11:30:11 [super]   #  244  0xf8435bf18d3f983646f8eb890e0a398bf20dd7db  prob=0.055875  raw=0.192395
11:30:11 [super]   #  245  0x0a8a11850ff1f804564912480c782dfb7690e6b5  prob=0.055515  raw=0.190930
11:30:11 [super]   #  246  0xbc6764428e7c3039768270b80bd48d853c52beaf  prob=0.055501  raw=0.190873
11:30:11 [super]   #  247  0xbbacbd585980e83f4b5f4eae6ae2bf838ca2cdfa  prob=0.055364  raw=0.190311
11:30:11 [super]   #  248  0xbe024b2a27a7f19738db222b6980e0787b7e8c5e  prob=0.055211  raw=0.189681
11:30:11 [super]   #  249  0x2e963b5de91a6e01720a128dbb55d0147c030b3b  prob=0.055010  raw=0.188856
11:30:11 [super]   #  250  0x8e444874cb842f0a98335531c79630ee64e2fee7  prob=0.054899  raw=0.188397
11:30:11 [super]   #  251  0xe25a84f2a1f1896686e6ec6dd92703e512907f82  prob=0.054856  raw=0.188218
11:30:11 [super]   #  252  0xc9bd591d28c98fbd5042980ad7e50922af57b9e9  prob=0.054415  raw=0.186388
11:30:11 [super]   #  253  0xff08a21da5cca20e097009972503f7354ed8e086  prob=0.053737  raw=0.183547
11:30:11 [super]   #  254  0x04c571e21fb33a6389af32977b0f65c8f5e6ee88  prob=0.053492  raw=0.182513
11:30:11 [super]   #  255  0xac98b16e3e37bc5d985d2275f51b1ca75843915e  prob=0.053462  raw=0.182387
11:30:11 [super]   #  256  0xec9b2af139b886e3a415dfc5f0d258eb63e30b1f  prob=0.053242  raw=0.181452
11:30:11 [super]   #  257  0x804267e502f9905d557cd70453284ebaf82494d9  prob=0.052987  raw=0.180366
11:30:11 [super]   #  258  0x6c5d1891b88bea0439d9de2704ccf50683c12130  prob=0.052749  raw=0.179345
11:30:11 [super]   #  259  0x083e27c14a25a7d045c5042a8fccafc57bb88903  prob=0.052531  raw=0.178410
11:30:11 [super]   #  260  0x12c61e79164ab0842a785cee0915b588248fdda6  prob=0.052322  raw=0.177504
11:30:11 [super]   #  261  0x749b09459cfead3f2afd52dfd20399de2fea9011  prob=0.052246  raw=0.177177
11:30:11 [super]   #  262  0xc00b398d48e893ec240efae0cb1aa93fb1a77f8d  prob=0.052228  raw=0.177101
11:30:11 [super]   #  263  0xbffd75be6e7c6eb450c81ca3d3206253fd7eddd3  prob=0.051889  raw=0.175626
11:30:11 [super]   #  264  0x23853f145626137997098c6a1feae6d6358c4b61  prob=0.051799  raw=0.175236
11:30:11 [super]   #  265  0xd4474127b7cc895d55396b87e6aedd7fd5b9c718  prob=0.051571  raw=0.174238
11:30:11 [super]   #  266  0xf6bf00619cc72d12b4d3106b99e0e7ba2a0bf28f  prob=0.051113  raw=0.172220
11:30:11 [super]   #  267  0x8dc8782ab1aa08be880fd5ab7e3d6272620c0f30  prob=0.050982  raw=0.171640
11:30:11 [super]   #  268  0x629503e1d951317a47f76702a7381e8e2574ae05  prob=0.050453  raw=0.169284
11:30:11 [super]   #  269  0xff8d0802cc8792475d82c788a1c6bde6a98e57dc  prob=0.050225  raw=0.168266
11:30:11 [super]   #  270  0x5c5a1cb9df4114f65e3684a0ca03998322f0cbfb  prob=0.049278  raw=0.163968
11:30:11 [super]   #  271  0x3a27ef95102d3d3aed374085c424ab1b7f5e53c1  prob=0.049106  raw=0.163182
11:30:11 [super]   #  272  0xd865443f51e99efe3fbd5812b49277c46de11442  prob=0.048580  raw=0.160756
11:30:11 [super]   #  273  0x46b2fa59805bd82528fd7bac0f7bafa8360bcd62  prob=0.048531  raw=0.160526
11:30:11 [super]   #  274  0x155a7de697fe14fb5abf52bc70f1c495efaf550f  prob=0.048519  raw=0.160469
11:30:11 [super]   #  275  0xaef2a5b824de820d38eef5e8f352c6312ffd39e0  prob=0.048408  raw=0.159956
11:30:11 [super]   #  276  0xd6fefab13a68ce3aea32b9cfc50f6bf6625bf710  prob=0.048267  raw=0.159296
11:30:11 [super]   #  277  0x2bc53bbd26250735b3860304706e51e7f97406d5  prob=0.048263  raw=0.159281
11:30:11 [super]   #  278  0x6e36c5554d2a0aa2c1df7486c98a0836da76feaf  prob=0.048229  raw=0.159120
11:30:11 [super]   #  279  0xd97fa8fcf32cf1fbd70acfc9fb02c5c19dd8f5a8  prob=0.047950  raw=0.157814
11:30:11 [super]   #  280  0xd3866bb7ef63cbcadacb008dafadbbf67e91be55  prob=0.047917  raw=0.157659
11:30:11 [super]   #  281  0x4a94bb7d4798e15b4b075dd40744926f36a489d7  prob=0.047829  raw=0.157244
11:30:11 [super]   #  282  0x7c9f00da8ecc6632b8c846997c35bec61f632acc  prob=0.047697  raw=0.156621
11:30:11 [super]   #  283  0xf520812615ea5634160fb1f5cdece964a1e1bfa1  prob=0.047688  raw=0.156579
11:30:11 [super]   #  284  0xb34ce5ea66abdc046f01789f54974eb011a5d2eb  prob=0.047497  raw=0.155679
11:30:11 [super]   #  285  0x117ede57b96dc48c3b42c389346153a25698f6bd  prob=0.047381  raw=0.155124
11:30:11 [super]   #  286  0x83cf8f0b48b130d28ffcd95403f6f7185369639b  prob=0.047277  raw=0.154633
11:30:11 [super]   #  287  0x8050b3c014091759d811076270f477c2f24cd9c5  prob=0.047121  raw=0.153890
11:30:11 [super]   #  288  0xd9557f5e9756212fe142b21b01e5c59d8a95c68e  prob=0.047097  raw=0.153774
11:30:11 [super]   #  289  0xb4bbb123b466c275c4f9d142b39b92c364ba97d6  prob=0.047090  raw=0.153742
11:30:11 [super]   #  290  0x9bf11b1ce748512640b855863e0fb83d585f2f67  prob=0.046997  raw=0.153294
11:30:11 [super]   #  291  0x1e09cfbee5381a4c0be97668bdc08636d4ffb088  prob=0.046847  raw=0.152575
11:30:11 [super]   #  292  0x1346d08ab8ee86b6871574993a38b0204930c613  prob=0.046809  raw=0.152392
11:30:11 [super]   #  293  0x17e5540bc696fd3e8b7da9101a93e4835c783d19  prob=0.046793  raw=0.152316
11:30:11 [super]   #  294  0x9c5455a809170f3e0f76db3c3c56f6aae921f00e  prob=0.046593  raw=0.151355
11:30:11 [super]   #  295  0x4d685e2f73fbabe03bbb2accd08e9078f6b649e2  prob=0.046552  raw=0.151157
11:30:11 [super]   #  296  0xb510d5de8e64f964f644deb176b921ff6c4f98ee  prob=0.046512  raw=0.150963
11:30:11 [super]   #  297  0x6155109ac32c1a25255cddbb7d45c743dca47ebb  prob=0.046507  raw=0.150940
11:30:11 [super]   #  298  0xd93f41ce48c13778e88c6eb252d9cf3588bd72d1  prob=0.046452  raw=0.150674
11:30:11 [super]   #  299  0x36baf47ef9ef20f8c179b44db40f88f65b71ad90  prob=0.046433  raw=0.150582
11:30:11 [super]   #  300  0xe36dd6dff026bbd7115df6a662ef031c07c5290e  prob=0.046334  raw=0.150102
11:30:11 [super]   #  301  0x385e84e470609ea6f685d668f0ecde52d3741da5  prob=0.045996  raw=0.148457
11:30:11 [super]   #  302  0x7f54649839bf81055e1dba2df7bef026dcfeb131  prob=0.045817  raw=0.147578
11:30:11 [super]   #  303  0xa24fa53be3943168cc6d8bea5022e749ca8c3c46  prob=0.045716  raw=0.147086
11:30:11 [super]   #  304  0xc3bdfa81117054da1c5ba99d053ae05755bb789a  prob=0.045712  raw=0.147063
11:30:11 [super]   #  305  0xabadb924a4d807128a38bdc3a7c396a06b73aa1d  prob=0.045572  raw=0.146377
11:30:11 [super]   #  306  0x2fcfa476c74aa5342321b24752ffd12de43f0660  prob=0.045358  raw=0.145319
11:30:11 [super]   #  307  0xf54622839f09747dcf201019fc377b4eb67f1254  prob=0.045335  raw=0.145205
11:30:11 [super]   #  308  0xd1e0eeda7bb6c61c2f97e932c5f503e11a8b072a  prob=0.045330  raw=0.145179
11:30:11 [super]   #  309  0x8a1b0f563ee364311d3eb57b79d6d5d3ac0e7162  prob=0.045143  raw=0.144249
11:30:11 [super]   #  310  0x53ee18eb2ee10bda54d3a30f63b7bdf65a34700b  prob=0.045093  raw=0.144000
11:30:11 [super]   #  311  0xf3c6c7a2505640750ff5f0cae2b0fd19d695ecd4  prob=0.045060  raw=0.143836
11:30:11 [super]   #  312  0xd0edd18fffd9d00254c2d5f1281583a8e7067d22  prob=0.044963  raw=0.143354
11:30:11 [super]   #  313  0x8327dd49a6ff9bc2bff768a37dc5709563da64cd  prob=0.044958  raw=0.143328
11:30:11 [super]   #  314  0x7c8aac9d76c8a632ae3e92af8113052fc05ae505  prob=0.044928  raw=0.143178
11:30:11 [super]   #  315  0x58f969aa5829caf28bc45d988dce541e55c45824  prob=0.044888  raw=0.142980
11:30:11 [super]   #  316  0x4f186dc6481abc9708af219a1a7ace62e7d60ae0  prob=0.044743  raw=0.142253
11:30:11 [super]   #  317  0x72fc4f70984f0da9b35772324c9dfc0924681448  prob=0.044732  raw=0.142200
11:30:11 [super]   #  318  0xd026c1cb0cb37ebe447fe5c184a77a6a1b5e4be4  prob=0.044700  raw=0.142036
11:30:11 [super]   #  319  0xa9685b1613e5b85368cd7b0608dfeff6be5aaa45  prob=0.044694  raw=0.142006
11:30:11 [super]   #  320  0x941c5da0a220dace6b6c276e7bbe109b1f9e982c  prob=0.044611  raw=0.141589
11:30:11 [super]   #  321  0x0521466aed81253f9c6dc43a82bf2313b8d04420  prob=0.044523  raw=0.141146
11:30:11 [super]   #  322  0x5c58ca2014a3b2e824820b78a3d54d86ab6e23c6  prob=0.044449  raw=0.140773
11:30:11 [super]   #  323  0xd7ea64e9acf4427678febb7cc9baedf7995cdd4e  prob=0.044448  raw=0.140770
11:30:11 [super]   #  324  0x04b0915f2edb018644b28dc0d3e21ca2089a000d  prob=0.044375  raw=0.140398
11:30:11 [super]   #  325  0x65f52968fdd6d2e33d7b42b097b886ae17d69ffb  prob=0.044286  raw=0.139949
11:30:11 [super]   #  326  0x8499c35993822ffc3ccf9370a4f1781af125def4  prob=0.044236  raw=0.139697
11:30:11 [super]   #  327  0x615b9d9d9a6daa5f2663c95ab811f77c3cb72ba8  prob=0.044226  raw=0.139646
11:30:11 [super]   #  328  0x748e66ba0d7c97487523c6b1b582d73e9f90d0d2  prob=0.044177  raw=0.139398
11:30:11 [super]   #  329  0x52f7397fad9e448c6e8e6d9ec860b91870980db0  prob=0.044059  raw=0.138798
11:30:11 [super]   #  330  0x2b547cedee67706be14ee5f3bda6c8e410bfe53a  prob=0.044036  raw=0.138678
11:30:11 [super]   #  331  0x15e78954dd00b16a780ff218d2f58d41d059fa57  prob=0.043978  raw=0.138383
11:30:11 [super]   #  332  0x10827452a21f80dcfe59aae9eb06788ff5394033  prob=0.043860  raw=0.137783
11:30:11 [super]   #  333  0x04f962f07a8208002fdcc442a78e6b7847e920ea  prob=0.043732  raw=0.137128
11:30:11 [super]   #  334  0x30c800670b83cc43fad1356c9a88c1ceb0b2f51a  prob=0.043716  raw=0.137045
11:30:11 [super]   #  335  0x715a45440c7183213b02364de9e2ca0aa0f49d23  prob=0.043216  raw=0.134465
11:30:11 [super]   #  336  0xd81205b39c1179ce45bad6d2877e97e15edeed32  prob=0.043197  raw=0.134367
11:30:11 [super]   #  337  0xdc4b06981e74fe11585438eb40f10bd79f43dbca  prob=0.043192  raw=0.134340
11:30:11 [super]   #  338  0x3297055bc90924d655bdf20bd84638a1df892d43  prob=0.043100  raw=0.133865
11:30:11 [super]   #  339  0x27a68d5babb2bac38b92123d9224dee51cb4fbd4  prob=0.043038  raw=0.133544
11:30:11 [super]   #  340  0x6ec6f37c9794fe01ce31cfe382e3ac5ed1fa7c0c  prob=0.042915  raw=0.132902
11:30:11 [super]   #  341  0x1ea1891c0e84b56e4f2e5e60cf997a0ca14298de  prob=0.042695  raw=0.131751
11:30:11 [super]   #  342  0xbcbaa9c3193d9d75b7866134be9c67a66ae04e1d  prob=0.042586  raw=0.131178
11:30:11 [super]   #  343  0x85040293d6089fe6f90c0a567886e9e8132698fe  prob=0.042507  raw=0.130760
11:30:11 [super]   #  344  0xcaa11070bbe8fbe961a53906861e4eaddb5d99cd  prob=0.042337  raw=0.129862
11:30:11 [super]   #  345  0xad4ab33cfe2bf3a78f368ae76477a1f934e0bb71  prob=0.042309  raw=0.129718
11:30:11 [super]   #  346  0xea6e8a018d74039c4fd8634611c54aa998962091  prob=0.042246  raw=0.129382
11:30:11 [super]   #  347  0x39b068e78ec5647aebdd1595b7da7e866e8fcf8a  prob=0.042204  raw=0.129159
11:30:11 [super]   #  348  0xfa855e0d6ba46e4fced46497690a768c089cb331  prob=0.042176  raw=0.129011
11:30:11 [super]   #  349  0xa7667d365dc2b1f107ab48db730d12d0ba57d49b  prob=0.042061  raw=0.128399
11:30:11 [super]   #  350  0xf363455c1051820036700124b4a179f6b11d83d0  prob=0.042018  raw=0.128172
11:30:11 [super]   #  351  0x63da3cb2619c8c49829552cc2a4d4f33b226ab2a  prob=0.041950  raw=0.127810
11:30:11 [super]   #  352  0xc90635a3a683a98051c632585d3da3e4e1a72a77  prob=0.041884  raw=0.127459
11:30:11 [super]   #  353  0x307cd0e9ac44afdcd2c401ee322155598ea350e1  prob=0.041534  raw=0.125579
11:30:11 [super]   #  354  0x48635cf61e2f714bd020499aa083241d5a6adfa4  prob=0.041466  raw=0.125213
11:30:11 [super]   #  355  0x0ed95ee4bebd5b573818622c7ced689c74d111d8  prob=0.041440  raw=0.125071
11:30:11 [super]   #  356  0x6a8604701d472f663de6fb6625cf33bc303e927e  prob=0.041367  raw=0.124681
11:30:11 [super]   #  357  0xed63faae5805111f972f3fe634d7f01c7d0a4dc9  prob=0.041206  raw=0.123808
11:30:11 [super]   #  358  0x174d708ca9354955eb641fe749d11cd92a949bf9  prob=0.041117  raw=0.123324
11:30:11 [super]   #  359  0xb33628f36a5cd979c711288662bfbe58342a758f  prob=0.041080  raw=0.123120
11:30:11 [super]   #  360  0x06e77ff1d32d870fe3122d57a3625c9ddb2087c2  prob=0.041050  raw=0.122957
11:30:11 [super]   #  361  0x3eac1bc638fee6650d9ce711bfe21ae8d5e1889c  prob=0.040951  raw=0.122418
11:30:11 [super]   #  362  0xf3541c1de27fc8d55c8f8ea12271e73b33d86cdb  prob=0.040912  raw=0.122207
11:30:11 [super]   #  363  0xb82737d2a3e55d0946bd2f3a8c0a3a6ff9054f3f  prob=0.040671  raw=0.120886
11:30:11 [super]   #  364  0x92fca9368c8e5dc77a25e1cf62564a39ddf39469  prob=0.040525  raw=0.120083
11:30:11 [super]   #  365  0x5449f001349cdef1ff088cd0b1352f61cdcbb041  prob=0.040444  raw=0.119636
11:30:11 [super]   #  366  0xddc26572c0c9cd03297408d5faab401425c02c7b  prob=0.040414  raw=0.119470
11:30:11 [super]   #  367  0x3f7afbe9e479e902b2bf46f564aa31defd5dd7cc  prob=0.040388  raw=0.119325
11:30:11 [super]   #  368  0xc3ca883f3b752c2eeb2de06a0fdaafc632c3ca7c  prob=0.040357  raw=0.119154
11:30:11 [super]   #  369  0x9899f486fb4af858099b0814cdf4686b9c7d5d05  prob=0.040347  raw=0.119101
11:30:11 [super]   #  370  0x6ee43961c7f2a3641e4d29f83559290ffbadeaa9  prob=0.040263  raw=0.118630
11:30:11 [super]   #  371  0xd7a6eddd2a46247e1ded1c637442c7704d6cf67c  prob=0.040259  raw=0.118611
11:30:11 [super]   #  372  0x7fd557ed4a5df2d76afeb6fc59888fc2c70abafb  prob=0.040233  raw=0.118466
11:30:11 [super]   #  373  0x3d1e7ead4d961b68d07cf486d16e2bde2d28d8e2  prob=0.040203  raw=0.118303
11:30:11 [super]   #  374  0xad45ae83b4c462a31da7878f47589736b1535409  prob=0.040010  raw=0.117224
11:30:11 [super]   #  375  0x9b48cf94a1c1f931cbbe463d0a74f6b144ae77f7  prob=0.039905  raw=0.116640
11:30:11 [super]   #  376  0x427f40dcba09c39f6cff0ab5137c0723d02f253c  prob=0.039881  raw=0.116505
11:30:11 [super]   #  377  0x41a3346801ae39c2c5b0d9fe40ca8a3abf038d0d  prob=0.039856  raw=0.116363
11:30:11 [super]   #  378  0xbff7e55a22d1df4f23b042c78b56f62aa0b23005  prob=0.039854  raw=0.116353
11:30:11 [super]   #  379  0xc9f8cf7817ea6bb1ba00382c318bf3e32c0a44e5  prob=0.039841  raw=0.116281
11:30:11 [super]   #  380  0x021fe42858a66aa2fecfde7aea5bcc3ed85d1bcd  prob=0.039812  raw=0.116116
11:30:11 [super]   #  381  0x118347610e69d1bf237fd68c285d8e725139dda9  prob=0.039679  raw=0.115373
11:30:11 [super]   #  382  0xfb735a2dd082b16c13e3b484807104270254769c  prob=0.039641  raw=0.115158
11:30:11 [super]   #  383  0x9ee90214885c47736608ca48d98328a57ad67bf4  prob=0.039543  raw=0.114603
11:30:11 [super]   #  384  0x2813dcf9c3fe6d11fa3ae5a65641042aaede7347  prob=0.039504  raw=0.114382
11:30:11 [super]   #  385  0x0a9fbcbd56bea96c94cf30bd0291058c4d580031  prob=0.039500  raw=0.114363
11:30:11 [super]   #  386  0xb1051f0c0f7d9871647de13094b38e0fcb76e614  prob=0.039431  raw=0.113971
11:30:11 [super]   #  387  0x339435bdae5b70e9407964700331e41b373a2373  prob=0.039387  raw=0.113723
11:30:11 [super]   #  388  0xf0aeccbbbd935c2d0e300cb69c5f07b86c818f66  prob=0.039383  raw=0.113699
11:30:11 [super]   #  389  0x2b80e43da775679cfc9b7a42ef46365cf3beec3a  prob=0.039345  raw=0.113486
11:30:11 [super]   #  390  0xc38c7ca05efebd5087fa650ccbdc29db17b47b6a  prob=0.039292  raw=0.113184
11:30:11 [super]   #  391  0x45947893eb87e10a66b796d39a5657951037a4f1  prob=0.039271  raw=0.113065
11:30:11 [super]   #  392  0xd2e54fd2e4555efce96865dda9c120afb3f7ebea  prob=0.039241  raw=0.112892
11:30:11 [super]   #  393  0x2b62ec37ceaff17e8997fa6a50aba6de2f48660f  prob=0.039217  raw=0.112759
11:30:11 [super]   #  394  0x52ed7c7c962e5066f3b6a3da64da3980fed6b711  prob=0.039198  raw=0.112651
11:30:11 [super]   #  395  0xe48f25bc9e00eb834d205088a09ea1de5ad64ae5  prob=0.039195  raw=0.112632
11:30:11 [super]   #  396  0x6dc17b120a682f5e6ad533a2bcb56e7d84bb1330  prob=0.039193  raw=0.112621
11:30:11 [super]   #  397  0x6536f6bd10c20515b6f5dde57acf568a45d91c1d  prob=0.039193  raw=0.112620
11:30:11 [super]   #  398  0x9153173cb5d2deb969fc23c00b31b5e32e458f19  prob=0.039132  raw=0.112273
11:30:11 [super]   #  399  0x0505d8ae80769f9868b7d767aab65b8b9bb48eae  prob=0.038931  raw=0.111125
11:30:11 [super]   #  400  0x807d6a5a57c7c7bafdcf17623b241a3cf0f61e89  prob=0.038877  raw=0.110815
11:30:11 [super]   #  401  0xb1eb395f2d8aaa0fb39451e91c827082efa0b842  prob=0.038736  raw=0.110004
11:30:11 [super]   #  402  0xaa2ecacb0393f15cf5129a18aca735fecafa3939  prob=0.038718  raw=0.109903
11:30:11 [super]   #  403  0xefc713662df806a42f6e10295e7f428f6b0fafb5  prob=0.038666  raw=0.109600
11:30:11 [super]   #  404  0x1ed00543927e8bd5d97ccb0e684dae70b15443f0  prob=0.038626  raw=0.109369
11:30:11 [super]   #  405  0x5c6473e4ec0d595b1d5ef9f81c2cd07e302f9e9d  prob=0.038575  raw=0.109077
11:30:11 [super]   #  406  0x684421d478c508198ab06f72bf2776e53471bdd7  prob=0.038461  raw=0.108415
11:30:11 [super]   #  407  0x764ebaaa9ce963b1097c939c6b57bbb20327941e  prob=0.038315  raw=0.107566
11:30:11 [super]   #  408  0x89bc494271c5ba25bb5c9e89b9353f9b71f8aa23  prob=0.038300  raw=0.107478
11:30:11 [super]   #  409  0x9bbbfd830d72193f5c56cbb71feafdbcf9598a7e  prob=0.038257  raw=0.107228
11:30:11 [super]   #  410  0xcf75471cf211074acb07fa4d81acd45e4811f10f  prob=0.038245  raw=0.107159
11:30:11 [super]   #  411  0x222e5665bcbe588cb031cb4eaf2aa653a8d6e76d  prob=0.038239  raw=0.107124
11:30:11 [super]   #  412  0x89399c807ba5be9962d1a55bd1e63a3d43f73466  prob=0.038218  raw=0.107002
11:30:11 [super]   #  413  0xb67b2e1e17a2be9b8c90c7902f93d7014d329ac6  prob=0.038203  raw=0.106914
11:30:11 [super]   #  414  0x962e6d03797cf5afe85dd2856ee603d3bf75fdff  prob=0.038184  raw=0.106806
11:30:11 [super]   #  415  0xde05b0169e91d3cf4f938c0ea1181324ac871aba  prob=0.038175  raw=0.106751
11:30:11 [super]   #  416  0x834bc32d7db6d02f6b30fc972c0b37d93ff0db42  prob=0.038107  raw=0.106353
11:30:11 [super]   #  417  0x9e96bf1a125edc30e4d5d0c4037cf40ed4d9633f  prob=0.038087  raw=0.106240
11:30:11 [super]   #  418  0x1c90e56ec49f90bef9a218ef68952256ab0aaa32  prob=0.038084  raw=0.106217
11:30:11 [super]   #  419  0xc739b3ca74ab8c38ed5c29b0a572c00607b3f0a0  prob=0.038056  raw=0.106055
11:30:11 [super]   #  420  0x8311c731f2764de96d8c0921af51013d9f665d87  prob=0.038021  raw=0.105849
11:30:11 [super]   #  421  0xeb7bc926c6862f756c20751704874727feec4f37  prob=0.037985  raw=0.105642
11:30:11 [super]   #  422  0xc3a04434d764f74b11ddace550d2f3cd96fa2698  prob=0.037943  raw=0.105392
11:30:11 [super]   #  423  0xd5bb0e19fb91e12939fe7221b64b04ba92992141  prob=0.037907  raw=0.105182
11:30:11 [super]   #  424  0x14169e965308609eacfe991261506efa711af47a  prob=0.037897  raw=0.105122
11:30:11 [super]   #  425  0xfbb7f9ba92c0e21686c7404bf105104fb753f0ba  prob=0.037882  raw=0.105037
11:30:11 [super]   #  426  0xc6fdb3d06702b12f7c57c6d5cdfe865dc4e2817c  prob=0.037758  raw=0.104303
11:30:11 [super]   #  427  0x37a3ff8ecd4f67e27e6b0d1ac526a2552912927d  prob=0.037711  raw=0.104024
11:30:11 [super]   #  428  0xc01450a607fabdb427767d4d46cee23480c49d9e  prob=0.037698  raw=0.103947
11:30:11 [super]   #  429  0x0e5008abc49651892d3784b6b0b830c09a9911f4  prob=0.037624  raw=0.103512
11:30:11 [super]   #  430  0x450e6ce104a876d2a77ca78b654787b8b0340e8d  prob=0.037545  raw=0.103043
11:30:11 [super]   #  431  0x4856cd76de3999607f9a7c0dcad2c215ed7f17df  prob=0.037508  raw=0.102825
11:30:11 [super]   #  432  0xeff7463f3b1075ace4514b56c34be27cf1a83bb8  prob=0.037500  raw=0.102779
11:30:11 [super]   #  433  0x5aaf1069b63e8bfee297a270eb647b8df3cc3a7a  prob=0.037500  raw=0.102779
11:30:11 [super]   #  434  0x06a6e23416d0376275850f6e9e8e2edda0aa0c84  prob=0.037492  raw=0.102729
11:30:11 [super]   #  435  0x6d24d93cd272b4ddafcbe90f017216828e306ae0  prob=0.037488  raw=0.102708
11:30:11 [super]   #  436  0x8e49605290b9e8f21f3fbe94da3a66de42d5efb3  prob=0.037434  raw=0.102386
11:30:11 [super]   #  437  0x15d9ad98c21a4be0e3f9cae53c28cb621fb35bc6  prob=0.037427  raw=0.102343
11:30:11 [super]   #  438  0xd811dcd6c9ca2dfc51f8bffd13ee97baefe588e5  prob=0.037427  raw=0.102343
11:30:11 [super]   #  439  0x917ec15ff17a0a25bfd463635e9ef797350f9364  prob=0.037419  raw=0.102295
11:30:11 [super]   #  440  0x3ef73caa042f75fdb070e6a1b9b3f35ff71cf4bc  prob=0.037415  raw=0.102272
11:30:11 [super]   #  441  0xf7514e7a4be5262d56eb0f8b6e09cf555944dc0f  prob=0.037407  raw=0.102226
11:30:11 [super]   #  442  0x87bf8c78178916cbc97d2970ce0eeccc2100755f  prob=0.037407  raw=0.102222
11:30:11 [super]   #  443  0x20562683c1f1842921c06438d698abec6250843d  prob=0.037403  raw=0.102202
11:30:11 [super]   #  444  0xaf5559ae00532a7cff88b0f0429bf2e45ba9650a  prob=0.037372  raw=0.102015
11:30:11 [super]   #  445  0xaf11fe98d70b62d26753a8c565370194a6b7a7ba  prob=0.037345  raw=0.101857
11:30:11 [super]   #  446  0xf654b1802f22c45daf72ff388de2ff4cf165faa9  prob=0.037342  raw=0.101838
11:30:11 [super]   #  447  0xe643dccb596be824ca5e5cec8f288a804d9e4a16  prob=0.037342  raw=0.101838
11:30:11 [super]   #  448  0xe5feb0df0e482b39296c18733113f55a2a75d2ef  prob=0.037342  raw=0.101838
11:30:11 [super]   #  449  0x7bc82a11c0797b531e1c3c0adf6dded22dd3365d  prob=0.037342  raw=0.101838
11:30:11 [super]   #  450  0x188c49c2cbf44ff5fd532d5fab29a1b2566ab52f  prob=0.037342  raw=0.101838
11:30:11 [super]   #  451  0x9658adf66385b4fc5f6004a35aca4794de4e2332  prob=0.037342  raw=0.101838
11:30:11 [super]   #  452  0xe9bdc3a761884b2c15ae16f038de354ccaaf4dac  prob=0.037319  raw=0.101700
11:30:11 [super]   #  453  0x0f550b9e3513544415a70ce459a8ce0f051bdc4a  prob=0.037253  raw=0.101307
11:30:11 [super]   #  454  0xaaed19b8d42a7d4a0c38d586f3ca220c3f20089f  prob=0.037190  raw=0.100931
11:30:11 [super]   #  455  0x25e51c4296aa48509b1374a2e42d07dce968aa9a  prob=0.037173  raw=0.100824
11:30:11 [super]   #  456  0x4bd7eefb7eb237d6bdd83979f1293c5a7a4c71a3  prob=0.037132  raw=0.100578
11:30:11 [super]   #  457  0x61a8266c2617916bb5757cb9dfaf0514eaba6381  prob=0.037057  raw=0.100128
11:30:11 [super]   #  458  0xc0ae7765cf9e57b0b8cf9d98313af513eef628aa  prob=0.037038  raw=0.100014
11:30:11 [super]   #  459  0xe162ccb8d66c78741a4bc65247e0d44a44898a81  prob=0.037028  raw=0.099956
11:30:11 [super]   #  460  0xa662803c0eccec40b89114d9c630bfb515c46b48  prob=0.037009  raw=0.099844
11:30:11 [super]   #  461  0xbb897fabdf6d725d2630f6fc802e7e0b71e5d08c  prob=0.036995  raw=0.099761
11:30:11 [super]   #  462  0xe3c764ca3cae05e66455d5b98d32cb114595a31c  prob=0.036815  raw=0.098670
11:30:11 [super]   #  463  0xc11a5d79975bdff5616e07aa4a9cc2cd3e9af74e  prob=0.036808  raw=0.098628
11:30:11 [super]   #  464  0x37f3980feb65a96da4a49a6086f01624b1232c64  prob=0.036796  raw=0.098558
11:30:11 [super]   #  465  0x4c27f35667f10b53a04fd923b6906c12c851dda1  prob=0.036769  raw=0.098395
11:30:11 [super]   #  466  0xcbd30d1ea1d70e0a239260db4d0431a2c8fc5ac4  prob=0.036727  raw=0.098138
11:30:11 [super]   #  467  0xf504597a7a3aeb290ef96c734f5c378796103df4  prob=0.036701  raw=0.097983
11:30:11 [super]   #  468  0x5a2cc6e61816abf81a9a88178d52f63e1859b360  prob=0.036695  raw=0.097945
11:30:11 [super]   #  469  0x7933affe027248294b2bfb3447a8cc8492bf80c4  prob=0.036695  raw=0.097945
11:30:11 [super]   #  470  0x6c0b456b7e185345739194cbdfb4650b10abe57c  prob=0.036695  raw=0.097945
11:30:11 [super]   #  471  0xde43f2a4484d3e7d34fbca3a1869597550126fd5  prob=0.036678  raw=0.097844
11:30:11 [super]   #  472  0xde4dd930f13ec624079387e5acca656cab460b85  prob=0.036674  raw=0.097821
11:30:11 [super]   #  473  0x3c086d731ba09e156833b4bc5837ce597916dd36  prob=0.036654  raw=0.097695
11:30:11 [super]   #  474  0x88eb5f1bad1840b5c41dc328ee857fba078f82c9  prob=0.036615  raw=0.097459
11:30:11 [super]   #  475  0x41fab8bfd72cde816c12fa7174fee385b6b8cabe  prob=0.036535  raw=0.096971
11:30:11 [super]   #  476  0x0e6d9b63ba8fabadeec1d095995e148b30f3c09d  prob=0.036468  raw=0.096566
11:30:11 [super]   #  477  0xf76ac5cf9f9df02ba6d783d3b6e4ef4db1ed29c2  prob=0.036440  raw=0.096391
11:30:11 [super]   #  478  0xe229f3739dd63bef1e13c0dfd66c176d17b71d91  prob=0.036401  raw=0.096157
11:30:11 [super]   #  479  0x3153be4420ec3cc896af83078274fc330feb2a9a  prob=0.036224  raw=0.095071
11:30:11 [super]   #  480  0x4b8b15a574fdfa41b65dac4a2c5a2dc1dae8c64a  prob=0.036203  raw=0.094944
11:30:11 [super]   #  481  0xf6aa14b645017fe0087b19bb691a7668d5fca40c  prob=0.036202  raw=0.094934
11:30:11 [super]   #  482  0x048a6b6ae44b99e7e50523519aec4f995c2d635c  prob=0.036168  raw=0.094728
11:30:11 [super]   #  483  0x08070ac4a65e141c8b667906e32cf440bfe532d9  prob=0.036159  raw=0.094674
11:30:11 [super]   #  484  0x0e32537689092cbf3d0f981c875f05524958ba46  prob=0.036106  raw=0.094343
11:30:11 [super]   #  485  0x8d70ae7e0424507b487d4e13ce9370aaa86cc37f  prob=0.036059  raw=0.094058
11:30:11 [super]   #  486  0xcd9359baf5253bc6141f3ade25dd85558b7e2a53  prob=0.036055  raw=0.094028
11:30:11 [super]   #  487  0x5df78a727644f710d3c38073dc305c30e76e9b1c  prob=0.036017  raw=0.093795
11:30:11 [super]   #  488  0x3a2ab3d1eefc06464fd05a5e3d74bb652ffb4945  prob=0.035977  raw=0.093548
11:30:11 [super]   #  489  0xb51a33ac7cc2f2a2040736398e6773ac8ce5a932  prob=0.035960  raw=0.093447
11:30:11 [super]   #  490  0x5df0ab9f39ddf2d60dd8d83ad1a5f07ae8079fc9  prob=0.035938  raw=0.093309
11:30:11 [super]   #  491  0xcfe312900e219dd22fd050bce76bbac26820a4b3  prob=0.035907  raw=0.093118
11:30:11 [super]   #  492  0xa25361571af2c343a1118ba3d3c0d8ec2faf7630  prob=0.035901  raw=0.093082
11:30:11 [super]   #  493  0xe16dd6cd948aa9c58303db3251fea6dbbd248734  prob=0.035890  raw=0.093013
11:30:11 [super]   #  494  0x2e4c36bd2caa99e2a16a34c6ef16f5bb55f0d7d2  prob=0.035844  raw=0.092726
11:30:11 [super]   #  495  0x6500cebe0b874bdb87b0e84bfc4a692f28661225  prob=0.035835  raw=0.092672
11:30:11 [super]   #  496  0x89c79dbca47bb2d734d9065baa1d8d37826ebf48  prob=0.035799  raw=0.092445
11:30:11 [super]   #  497  0xbb172341d73fe1c252cd4b998ba4f3bcdfa7bbc8  prob=0.035646  raw=0.091493
11:30:11 [super]   #  498  0x1fe150a7b3e3f5cfd98ef09e89b76a132177c293  prob=0.035640  raw=0.091456
11:30:11 [super]   #  499  0xb7a96b4ace7ce078122d8a6ea501bd7b726a050b  prob=0.035633  raw=0.091412
11:30:11 [super]   #  500  0xdbf7cd9e455f0b37e27cd481cc82f89eabdf2a39  prob=0.035584  raw=0.091109
11:30:11 [super]   #  501  0x89456ebbf657649cc1b32cc790a9ef74d4d2aa6d  prob=0.035488  raw=0.090505
11:30:11 [super]   #  502  0x6ed7b0ae3811c0b8b1277e02607ffa792c212d4b  prob=0.035433  raw=0.090161
11:30:11 [super]   #  503  0x1ace22353de9ab89fa7bacc0c38d870857112f19  prob=0.035432  raw=0.090158
11:30:11 [super]   #  504  0x9b2f7d9ee376d118a74314c3d0856aa1a00256d3  prob=0.035394  raw=0.089917
11:30:11 [super]   #  505  0x630324dd6fb99691d56dbf577237c3a95f69ed2c  prob=0.035373  raw=0.089787
11:30:11 [super]   #  506  0x038fc63e562c5bd1c2a049b6c687bb5d82b24535  prob=0.035367  raw=0.089745
11:30:11 [super]   #  507  0xc6b2c5fd1d637da3bd1c61b6639ac822a5ac2b41  prob=0.035223  raw=0.088844
11:30:11 [super]   #  508  0x7b15ec5612d853c962017e68f83a7bd4a7791354  prob=0.035191  raw=0.088641
11:30:11 [super]   #  509  0x0b1534903820ec774f6375ce04e60d8093bc01d5  prob=0.035179  raw=0.088565
11:30:11 [super]   #  510  0x04888594502e3ef2458fb0ba5f253e02bdcbaea5  prob=0.035152  raw=0.088391
11:30:11 [super]   #  511  0xc6d5fd641b9a058c7634a265f9309eabfc38af21  prob=0.035108  raw=0.088114
11:30:11 [super]   #  512  0x88437a173b0f24c5295eb73be09db35973597c49  prob=0.035092  raw=0.088014
11:30:11 [super]   #  513  0x3c10a7b0dd44b9c35bd7ee9c2e900ec7fbc20be1  prob=0.034968  raw=0.087229
11:30:11 [super]   #  514  0xc1728e6213c1829b1bf2267c2b49572b87f82d5e  prob=0.034963  raw=0.087194
11:30:11 [super]   #  515  0x5170abdfb0a86d6bfb023fc673b345c3b3099158  prob=0.034912  raw=0.086872
11:30:11 [super]   #  516  0x4a368487ca1678cefb92dc1cf189132e7963830b  prob=0.034885  raw=0.086699
11:30:11 [super]   #  517  0xc38a499dc598f30cf1f8ba9990112dbbe5aff08d  prob=0.034839  raw=0.086408
11:30:11 [super]   #  518  0x150129096e9a80ba773f52cf9f63202a7eddb2e9  prob=0.034814  raw=0.086250
11:30:11 [super]   #  519  0x0f17126b16ac1c5bbcb5e7adc4e4fb65000f151e  prob=0.034771  raw=0.085974
11:30:11 [super]   #  520  0x0400e05dbf19ca55ade04823e860c636f2d51397  prob=0.034754  raw=0.085866
11:30:11 [super]   #  521  0x514b6067dae5f3554479a68915dd6d470b212b7e  prob=0.034747  raw=0.085822
11:30:11 [super]   #  522  0xd9b804f8524612dba229aef503f8ee12bbc37d3b  prob=0.034689  raw=0.085451
11:30:11 [super]   #  523  0xdb7f5e1ce92897f06b9fdcd73ab95b2c93ee8aa1  prob=0.034666  raw=0.085299
11:30:11 [super]   #  524  0xc1da668ead02d2e7e5ea3abf7b2dba365d5f1fc8  prob=0.034653  raw=0.085220
11:30:11 [super]   #  525  0xe8824c1ef7eb14ca23519dc81e525066f0e4bdda  prob=0.034586  raw=0.084789
11:30:11 [super]   #  526  0xe70082cc4b8ae935f5af9c653abdc16d14def289  prob=0.034580  raw=0.084749
11:30:11 [super]   #  527  0x4474dd34e748feced3c2bd165e1578b9f921c87d  prob=0.034538  raw=0.084479
11:30:11 [super]   #  528  0x786fd99ee0ef317622b30fb7789bd917f1411405  prob=0.034517  raw=0.084347
11:30:11 [super]   #  529  0x454287df9b0f7e826e954f13a93128e573a9970c  prob=0.034483  raw=0.084128
11:30:11 [super]   #  530  0x0a854897a06d4999e5b2dde5693609f1428ffe9d  prob=0.034392  raw=0.083539
11:30:11 [super]   #  531  0xb6c0e15c019af3f123aff372d00e8302a23e7219  prob=0.034361  raw=0.083341
11:30:11 [super]   #  532  0xface25522b84f6f5a2e937dd939407ecc649d646  prob=0.034347  raw=0.083247
11:30:11 [super]   #  533  0xd39fd7161761a94730086c264d6ec0d8a36ed494  prob=0.034307  raw=0.082988
11:30:11 [super]   #  534  0x7642b7fed8efed21c4504a8c57af4c27bd341fef  prob=0.034303  raw=0.082965
11:30:11 [super]   #  535  0xd15b4df8f54a4750c28ca161a4cb44b55210ce17  prob=0.034297  raw=0.082924
11:30:11 [super]   #  536  0x049d7977cf0f7de58191972790d3d8e4407164a4  prob=0.034275  raw=0.082782
11:30:11 [super]   #  537  0xf50148605b90b592e6e8de1b093c2305e1d6e428  prob=0.034256  raw=0.082656
11:30:11 [super]   #  538  0x55bad7d81aed170e040085065c7d10b55b1aa99f  prob=0.034242  raw=0.082567
11:30:11 [super]   #  539  0x6c1879bc62d0f1664f9608690f2076120f45caf8  prob=0.034218  raw=0.082413
11:30:11 [super]   #  540  0x87d9e9efcc3f5695d18ef56f355c1dcd70e2d495  prob=0.034212  raw=0.082371
11:30:11 [super]   #  541  0xc2d2a5cb77b78c245a3eb3379091c4b59d046a27  prob=0.034206  raw=0.082334
11:30:11 [super]   #  542  0xda7b8e4abb80bc91b497530d24126f29270593f4  prob=0.034162  raw=0.082047
11:30:11 [super]   #  543  0x779647c2c9b4a3813a78b44a64e2413d331a298c  prob=0.034126  raw=0.081815
11:30:11 [super]   #  544  0x4621ac1eaf54209b5af75c482702fa490232f0a1  prob=0.034114  raw=0.081737
11:30:11 [super]   #  545  0xb6c1fafe186123a767bbcb3a60d9fc81dedf88a3  prob=0.034020  raw=0.081127
11:30:11 [super]   #  546  0x42e97cc37c3ffe678130fa56c4e1192ea76f0118  prob=0.033998  raw=0.080978
11:30:11 [super]   #  547  0x5220c4c10115708b1b2b415eae4af3827ed553fb  prob=0.033997  raw=0.080972
11:30:11 [super]   #  548  0xda684bd56c5dd2f1b455aa6bd243d22c59d97ee2  prob=0.033986  raw=0.080901
11:30:11 [super]   #  549  0x234939f5689a18209369be5e962aad63daef4f4d  prob=0.033983  raw=0.080881
11:30:11 [super]   #  550  0xaf2fab445a5d06ab507abe3c20c9a48fa813966e  prob=0.033975  raw=0.080830
11:30:11 [super]   #  551  0x0dab55e778707ebdaf5411286d10c362ba47acd5  prob=0.033950  raw=0.080667
11:30:11 [super]   #  552  0xe6ec7e9ab69ead6cc27b604885f0ff04cb9e1dad  prob=0.033950  raw=0.080665
11:30:11 [super]   #  553  0xc3b3950f1f5c9253d1b45988b4c6d05d6f8ad4e2  prob=0.033924  raw=0.080500
11:30:11 [super]   #  554  0x8a7902b5f48f0a6eb0bc8fcf1042ab125a36b1a8  prob=0.033924  raw=0.080498
11:30:11 [super]   #  555  0x5e46d5eeb9c18de146be8485ddd7b9fc11b3e925  prob=0.033887  raw=0.080254
11:30:11 [super]   #  556  0x1c8fdfc7271669a79c26683ddf8e839bb3d69d2e  prob=0.033873  raw=0.080163
11:30:11 [super]   #  557  0x02c099f9a36ead7dffc6d7dd247ff67407371f9a  prob=0.033842  raw=0.079962
11:30:11 [super]   #  558  0x193ac1b8b317fbf998ab786aac8f305fdf6d3294  prob=0.033802  raw=0.079700
11:30:11 [super]   #  559  0x4cd239c5aebb2a35c16689715f38cf8923942861  prob=0.033790  raw=0.079620
11:30:11 [super]   #  560  0xb5cf1e24bf96fea309e335bcf231f36de7a21113  prob=0.033769  raw=0.079483
11:30:11 [super]   #  561  0xf973897e15d77f694ae31f0b88d4b943f4e66c00  prob=0.033751  raw=0.079366
11:30:11 [super]   #  562  0x376dca16d54031c9df68bf30d7058780db329540  prob=0.033736  raw=0.079263
11:30:11 [super]   #  563  0x858bd907351a5e77e95946a18c94f3712e8821e5  prob=0.033725  raw=0.079192
11:30:11 [super]   #  564  0x2f70b46893ddbded13dd6dd103b80ad6374c63b2  prob=0.033684  raw=0.078925
11:30:11 [super]   #  565  0x29a936f3d6a25b69a0ec65871eacf92cfcd68750  prob=0.033644  raw=0.078659
11:30:11 [super]   #  566  0x4afef01a06ebea0bdc7ffcf54a3e0e245cca7d52  prob=0.033640  raw=0.078630
11:30:11 [super]   #  567  0x29acbcd37f53c63fbad6ca4e8d5852dfbdaac710  prob=0.033627  raw=0.078547
11:30:11 [super]   #  568  0xd13723f467438f515f1b3d3fe7ae17f50afd1612  prob=0.033625  raw=0.078530
11:30:11 [super]   #  569  0xc222b45002eca921c86dd7d36b2c8220e706194b  prob=0.033619  raw=0.078497
11:30:11 [super]   #  570  0x597eb42c1dd2f4cb3704f7c2998848db38e4cd70  prob=0.033573  raw=0.078191
11:30:11 [super]   #  571  0x5a0dce88f7b53cf1b522eb93cd3bec9f8345d3f2  prob=0.033550  raw=0.078038
11:30:11 [super]   #  572  0xb98244745746dc2aeeb053d7def787a894d120dc  prob=0.033545  raw=0.078008
11:30:11 [super]   #  573  0x755d29a2e6b543d9463aca57d4d47f50c60b6acc  prob=0.033539  raw=0.077966
11:30:11 [super]   #  574  0xa9bda7abdd6c67a76e4b8caec2867e22d69b965c  prob=0.033527  raw=0.077883
11:30:11 [super]   #  575  0x0c839d5032e2b0bfd2e9d779c9eba458dfa50f55  prob=0.033513  raw=0.077791
11:30:11 [super]   #  576  0xff8b2d705e07724b9847f91ba74640d83f998b63  prob=0.033415  raw=0.077142
11:30:11 [super]   #  577  0x9e21b7b21784337ec7798dcb584e6f6307dd3753  prob=0.033377  raw=0.076889
11:30:11 [super]   #  578  0xa7746a12c0d5b835a8491dd92f799494cf4e005f  prob=0.033352  raw=0.076724
11:30:11 [super]   #  579  0x17bd7223b06ccdb8dca226f8aa7f0c330d6ebefd  prob=0.033285  raw=0.076281
11:30:11 [super]   #  580  0x7194884f304d6bc0bb6c206d63da7ba564cad5d0  prob=0.033277  raw=0.076227
11:30:11 [super]   #  581  0x96877419b1178f9679bf2ff94786c470fbc7663d  prob=0.033260  raw=0.076114
11:30:11 [super]   #  582  0x04989dbfc895d8538548ec7634c19af2d0513de8  prob=0.033250  raw=0.076043
11:30:11 [super]   #  583  0xd366b9f737c4aee8bc105c634dd1c135149a7d4f  prob=0.033249  raw=0.076043
11:30:11 [super]   #  584  0x365af25ad306b9e70f0a757747d430b92ba300e7  prob=0.033246  raw=0.076018
11:30:11 [super]   #  585  0x75b91ab1ff5c79db7258311c4707edf37313d289  prob=0.033246  raw=0.076018
11:30:11 [super]   #  586  0x933b8dc99d2d1f54c94aa04425969c7ce9d4484d  prob=0.033242  raw=0.075992
11:30:11 [super]   #  587  0x7d0745f68f1f9964027a1b31760be3b4ecb9712c  prob=0.033213  raw=0.075800
11:30:11 [super]   #  588  0x60f2928e32e97173d614a83226d3fff6b8dcebe1  prob=0.033158  raw=0.075434
11:30:11 [super]   #  589  0x93434d5817d1bd37d4b969712cbe55449a64f024  prob=0.033140  raw=0.075309
11:30:11 [super]   #  590  0xbd9a265282dc4b15e371585ed9d84b5b74d7f2df  prob=0.033089  raw=0.074973
11:30:11 [super]   #  591  0x0c971906ac0763eb227356428c4db4ed24c33c41  prob=0.033087  raw=0.074958
11:30:11 [super]   #  592  0x5e76d1d38fa2ee98df036f03c01ae7b5f2bb3372  prob=0.032979  raw=0.074229
11:30:11 [super]   #  593  0x67b4e7c3c13db741a87ab577f62f1f2d2cecd6c4  prob=0.032974  raw=0.074200
11:30:11 [super]   #  594  0xba81e3ea4c1667a02381ccf3a9e90aaa24e3b431  prob=0.032958  raw=0.074089
11:30:11 [super]   #  595  0x8ff047d720ea1dff36a9483dfe609f065eef343e  prob=0.032916  raw=0.073807
11:30:11 [super]   #  596  0x6093f3ce5b55d5e028a18c020c5642795126d108  prob=0.032901  raw=0.073707
11:30:11 [super]   #  597  0xd14a7d7b207b435be8cd173f11d2ff6919d8fef3  prob=0.032845  raw=0.073330
11:30:11 [super]   #  598  0xc98fc4f54aae9326c655736680a22db91ad7b716  prob=0.032833  raw=0.073245
11:30:11 [super]   #  599  0x502199ac94e65d69a47574d0cb7d13667fd39906  prob=0.032833  raw=0.073245
11:30:11 [super]   #  600  0xa50439e8a9225c9b6c7c16ef1e4ed06cacfd1711  prob=0.032796  raw=0.072996
11:30:11 [super]   #  601  0x9de287b7b38781932e028b860f8c3399538dc993  prob=0.032790  raw=0.072957
11:30:11 [super]   #  602  0x886bfa211056e1e37baade00f07cd850cebcf924  prob=0.032784  raw=0.072915
11:30:11 [super]   #  603  0x2a55941123bb7d1b36f3155b004b3d9fe8d9973b  prob=0.032776  raw=0.072860
11:30:11 [super]   #  604  0x78342b2180e9be3005f207c7730c04ccebc6bbfd  prob=0.032767  raw=0.072799
11:30:11 [super]   #  605  0x22d142f97716962d741e278cfd4a1703d576063d  prob=0.032751  raw=0.072692
11:30:11 [super]   #  606  0x44f5a4df044c3f97984814f15abbee0591eddfb5  prob=0.032725  raw=0.072517
11:30:11 [super]   #  607  0x757d1d89fce4d77dec04f4bcedd74f7bf181a7cc  prob=0.032704  raw=0.072376
11:30:11 [super]   #  608  0x65ebe4068579c9e69e9f01c31fce8e11b7913f87  prob=0.032701  raw=0.072356
11:30:11 [super]   #  609  0x0b7ab366e21994a534b8224b1e032654a2d28304  prob=0.032690  raw=0.072279
11:30:11 [super]   #  610  0x6039a8737b37bc14c645266288673ca304615126  prob=0.032652  raw=0.072021
11:30:11 [super]   #  611  0x0af081304e1fb8f128afda6e6dcc4250b6bfca4d  prob=0.032641  raw=0.071947
11:30:11 [super]   #  612  0xd80d983d98585b14342de7aa02e44a1a889beef7  prob=0.032601  raw=0.071676
11:30:11 [super]   #  613  0x9b3d84654f5087db7df04960c701f4452e43a537  prob=0.032588  raw=0.071590
11:30:11 [super]   #  614  0x3f1ae53a246042d9f5c6bdc538eb5dc4bfda1f35  prob=0.032575  raw=0.071501
11:30:11 [super]   #  615  0xef9de6dfb2b02703eda5c2367ba67181fc77da8b  prob=0.032525  raw=0.071157
11:30:11 [super]   #  616  0x2bc2bf367890fe3b17471b948680056f58984e86  prob=0.032491  raw=0.070927
11:30:11 [super]   #  617  0xe762cff9f9de55dbff51657c457650b729d67346  prob=0.032484  raw=0.070877
11:30:11 [super]   #  618  0x8f664f5cf44df0a0760cd99f516f93899d81255f  prob=0.032472  raw=0.070800
11:30:11 [super]   #  619  0xc83256551ff66f7e851124c6653c912daf8189f2  prob=0.032460  raw=0.070717
11:30:11 [super]   #  620  0xb1ec8bd4f7178c48765c1ad01c1f246e52898bf1  prob=0.032435  raw=0.070543
11:30:11 [super]   #  621  0x61f1c6f45cf6201430035f57d7d13cc13d9d852a  prob=0.032406  raw=0.070349
11:30:11 [super]   #  622  0xf661b3e6edea56a8d8d8bc1e3ffd16d98836d170  prob=0.032388  raw=0.070225
11:30:11 [super]   #  623  0xa5731f4782e237cf859c9f40940639bce3fe6162  prob=0.032356  raw=0.070008
11:30:11 [super]   #  624  0xb5139a6b4888cc89f5ab28ac879ca25f6d1c17aa  prob=0.032343  raw=0.069913
11:30:11 [super]   #  625  0x991a070841d0e2d6621cb014f68030667cb9d81a  prob=0.032339  raw=0.069888
11:30:11 [super]   #  626  0x88177732f372c4bae9e10eafc7caf38cba6b9df1  prob=0.032303  raw=0.069643
11:30:11 [super]   #  627  0xa3bcafbca7d28605734e81e027065b42219e55e9  prob=0.032298  raw=0.069605
11:30:11 [super]   #  628  0xf29ff5f7b92d821e631ab37ad240a2dabf945cca  prob=0.032267  raw=0.069395
11:30:11 [super]   #  629  0xe83ad8640c7eed61b256a150ced4e8fddf5d453e  prob=0.032224  raw=0.069101
11:30:11 [super]   #  630  0x352620f678748ccb49f87053ddcae4a2c16d178c  prob=0.032201  raw=0.068938
11:30:11 [super]   #  631  0x7adec59335d172c7a5e0c8fa769b0800e0a7c43a  prob=0.032163  raw=0.068682
11:30:11 [super]   #  632  0xf01e2d9e99372cd941defdcbfeeff3c9e0b8d3d5  prob=0.032163  raw=0.068680
11:30:11 [super]   #  633  0xb1fe66e13edbb425c60628f818115c6a31a79974  prob=0.032160  raw=0.068660
11:30:11 [super]   #  634  0x217f82a8da7daac20b6f6f8924607477fc88ebc7  prob=0.032145  raw=0.068556
11:30:11 [super]   #  635  0xc8e3d8da296180a9745ba947843768fe85225061  prob=0.032141  raw=0.068528
11:30:11 [super]   #  636  0xdcbdd0ae668af451b95cc0c5bf41f6ef24f6a974  prob=0.032111  raw=0.068324
11:30:11 [super]   #  637  0xbc4cdb79c601658a4b733912e03adb04d57475e6  prob=0.032093  raw=0.068198
11:30:11 [super]   #  638  0x5c42183b005959e8ff37a1ea9b4a1a795a0562fa  prob=0.032086  raw=0.068148
11:30:11 [super]   #  639  0x056f0c02c5a458fbc6f5827b08e6260255c9d6da  prob=0.032070  raw=0.068036
11:30:11 [super]   #  640  0x6095156546880e6f542dc65f119a44c7106eb9fb  prob=0.032010  raw=0.067624
11:30:11 [super]   #  641  0x31d1d2f7d7c73bfb0a3acb8861db9fb8a89ff339  prob=0.031966  raw=0.067318
11:30:11 [super]   #  642  0xbb28f8e0ed7d75eccf2e70d23493fb6adef3abd4  prob=0.031918  raw=0.066989
11:30:11 [super]   #  643  0x4e882e384116126f6d32ab4cac336a9d3181caf0  prob=0.031907  raw=0.066907
11:30:11 [super]   #  644  0xf1b04492846975ecc383409d85d2828a472153c3  prob=0.031873  raw=0.066676
11:30:11 [super]   #  645  0xf3df83391807155e47d5fad904b6b370b1c2f6e6  prob=0.031774  raw=0.065988
11:30:11 [super]   #  646  0x01520f687db66743b8f5561a5112ff4ec4eaa726  prob=0.031758  raw=0.065876
11:30:11 [super]   #  647  0x915c3952db08e3d7742ed1a691d0967a4eb5ca07  prob=0.031738  raw=0.065736
11:30:11 [super]   #  648  0x8e7c3ac61524d237185d663e5943c66598a6ab2a  prob=0.031736  raw=0.065719
11:30:11 [super]   #  649  0xff9d2086401959148e8ac9aa5f3a738f7b522ab2  prob=0.031724  raw=0.065637
11:30:11 [super]   #  650  0x4e147760ce625be315be4512d3bc221d894adc1b  prob=0.031719  raw=0.065602
11:30:11 [super]   #  651  0xc067876a212f648ccd80c409344b738f1041a108  prob=0.031710  raw=0.065539
11:30:11 [super]   #  652  0x9c950fcaaa29159d4a6490bb30ad98eb28f43b35  prob=0.031632  raw=0.064997
11:30:11 [super]   #  653  0xe6bd33c1696ce5c43c441ae0e09b0e090594c90e  prob=0.031604  raw=0.064795
11:30:11 [super]   #  654  0xfbdae62258d92a290e556364c1479aff5bda4fae  prob=0.031526  raw=0.064252
11:30:11 [super]   #  655  0x766d470112f53f1c05475b42acf2348af6afe4bc  prob=0.031480  raw=0.063925
11:30:11 [super]   #  656  0x10367332fce5a0052afc8d3941699e17cf5d7df6  prob=0.031430  raw=0.063573
11:30:11 [super]   #  657  0xf8b5fe2428615cea0159d5912e7a672b49a8e38e  prob=0.031410  raw=0.063433
11:30:11 [super]   #  658  0x04544d168f5699d73aafee7b588e6154d1a84ad7  prob=0.031409  raw=0.063427
11:30:11 [super]   #  659  0x0f1f2a39c74893736cba30ee98303ea33a58c624  prob=0.031392  raw=0.063310
11:30:11 [super]   #  660  0x939f21fdbadb23b45e78ef5f9852d692643c6d5e  prob=0.031371  raw=0.063161
11:30:11 [super]   #  661  0x83a5164126e8a6830f8abfdd7211bf01ecfa404e  prob=0.031356  raw=0.063056
11:30:11 [super]   #  662  0x4661a8ba67950ec42a9824eead42cb6e524d5ccb  prob=0.031323  raw=0.062823
11:30:11 [super]   #  663  0x4b73be72ef882a653f4113c8ea199d443779b235  prob=0.031322  raw=0.062813
11:30:11 [super]   #  664  0x3ae323d8fc60f4529956de5f483bedbc25cc2d4d  prob=0.031320  raw=0.062801
11:30:11 [super]   #  665  0x5d348dc342562b5b2c37146604c4f79849a0010e  prob=0.031319  raw=0.062794
11:30:11 [super]   #  666  0x9082d98f2897b00f8313f6bc996b5ccc8ea954dc  prob=0.031314  raw=0.062760
11:30:11 [super]   #  667  0x751853ac69c1c5fb09b4423376c36fb4ea2ff8f6  prob=0.031308  raw=0.062716
11:30:11 [super]   #  668  0x3dd8722827bee815ae8dccd1080576fb42f2d3dd  prob=0.031285  raw=0.062554
11:30:11 [super]   #  669  0x98584681fba8d8e92d1f5f66790851eed6041f46  prob=0.031284  raw=0.062546
11:30:11 [super]   #  670  0xdec0ceb6347c689c8aae082f066035b1daab7abb  prob=0.031271  raw=0.062454
11:30:11 [super]   #  671  0xaf7bf356f6b71495b2f029573b1393df70d8c32f  prob=0.031244  raw=0.062262
11:30:11 [super]   #  672  0xa359eeb8468b41478e6a8b97737d02846601a882  prob=0.031240  raw=0.062233
11:30:11 [super]   #  673  0x45315c15f623dd8b0b3a6b4a4dc65dccbbd4513c  prob=0.031231  raw=0.062169
11:30:11 [super]   #  674  0x58d8248b1d54ce937733eb4b64fd6a2932d07a4c  prob=0.031221  raw=0.062096
11:30:11 [super]   #  675  0x52e769aacbc7772ed8f7127257b23e8bce97ab5c  prob=0.031200  raw=0.061948
11:30:11 [super]   #  676  0x25f44292bb6dfa9aadbc3ebb0ef7255aac346cf5  prob=0.031181  raw=0.061813
11:30:11 [super]   #  677  0x4faa07e8a62a23e52ead18437216554a706f0edb  prob=0.031150  raw=0.061594
11:30:11 [super]   #  678  0x5485bfefe8c57a3f7d50424b1cd6a1f12da3f70a  prob=0.031135  raw=0.061485
11:30:11 [super]   #  679  0xf7b3094865495f74f01bbf7fbcc83c535da5eeb2  prob=0.031100  raw=0.061243
11:30:11 [super]   #  680  0x29c7afed10430139cd6f2422673fabe3ef69d276  prob=0.031099  raw=0.061231
11:30:11 [super]   #  681  0xb1ceaa366fdb98af37eb4242689aae88443ba848  prob=0.031088  raw=0.061156
11:30:11 [super]   #  682  0x4bce578b2477a807d453916289f815729f3c2c92  prob=0.031053  raw=0.060908
11:30:11 [super]   #  683  0x9120b4f62b5477ac582a96cf28b8b31f6fe72d33  prob=0.031047  raw=0.060863
11:30:11 [super]   #  684  0xf32520dab1aaed26df181f9df0f606ddc87f0faf  prob=0.031034  raw=0.060766
11:30:11 [super]   #  685  0xd2ed3af025e47cf043cecaa06020e8e374ee5e05  prob=0.031022  raw=0.060684
11:30:11 [super]   #  686  0x2aa6093e10253595f16b2d9c120cd81cd5c54dce  prob=0.031020  raw=0.060669
11:30:11 [super]   #  687  0xb0aebaafc34bee279aaec243870d3347cb8a4c5a  prob=0.031014  raw=0.060629
11:30:11 [super]   #  688  0xf748abb6bdfde35109e1716bb8c6d3dafcc67697  prob=0.031005  raw=0.060562
11:30:11 [super]   #  689  0x342ebd11da008607ec09bfed79c07407d19afee5  prob=0.030957  raw=0.060218
11:30:11 [super]   #  690  0x58b3a91209cfcd427834c4e74bdb0039d32d1aef  prob=0.030904  raw=0.059842
11:30:11 [super]   #  691  0x8041139eaa63040764f6d00b77bb4231bd8b68ba  prob=0.030880  raw=0.059673
11:30:11 [super]   #  692  0x0fc30c88d81694552265080b10c9baeafc805869  prob=0.030853  raw=0.059479
11:30:11 [super]   #  693  0xf150553cad0f0c9b216e14786addf947bfbfa503  prob=0.030851  raw=0.059459
11:30:11 [super]   #  694  0x830e68e26b3b454183b704901273a5ccda2a7099  prob=0.030848  raw=0.059441
11:30:11 [super]   #  695  0x16c3598dcfae3aca4340912f357b6e9bdc051ca1  prob=0.030789  raw=0.059020
11:30:11 [super]   #  696  0x9d873de44dab540add1c758a418386638e7c4e1f  prob=0.030776  raw=0.058921
11:30:11 [super]   #  697  0x117625ded6feb5015a941b18a0ce6c699699f6d0  prob=0.030775  raw=0.058918
11:30:11 [super]   #  698  0x6e96cd125cc5f24021fb0d7a737cee536165a75b  prob=0.030742  raw=0.058682
11:30:11 [super]   #  699  0x06eb6be772b63bed3aa22d92a327d65f778ec315  prob=0.030739  raw=0.058654
11:30:11 [super]   #  700  0x133170bd0dc522507051fffa31f38ff5c6914f26  prob=0.030700  raw=0.058375
11:30:11 [super]   #  701  0x5746132ce52b07f34340a07adbf8bb0cfe95c675  prob=0.030697  raw=0.058352
11:30:11 [super]   #  702  0xd9fb5b9240b47dd4da4e05eab328503be9732561  prob=0.030683  raw=0.058253
11:30:11 [super]   #  703  0x460d5c6bee7a4b0faa58077ad3c81806662ee2fa  prob=0.030635  raw=0.057910
11:30:11 [super]   #  704  0x5fb612e97054420a04ff906933be0ef457fca986  prob=0.030635  raw=0.057905
11:30:11 [super]   #  705  0xa3b9d0bba51fc5966706dcbbde012ef3d361a6e4  prob=0.030617  raw=0.057774
11:30:11 [super]   #  706  0x88f566f72c02757536c2865cb43dc7a1f6c9ee20  prob=0.030615  raw=0.057761
11:30:11 [super]   #  707  0xb69c1dc8e7927f9d7e7a39cc9a15595921569cd7  prob=0.030597  raw=0.057630
11:30:11 [super]   #  708  0xbcb34e8149fdb4b1168d2c8479ad92448d6d8ec8  prob=0.030587  raw=0.057560
11:30:11 [super]   #  709  0xf13bfeaca3aad3a501dc0391454c700af8f48a64  prob=0.030562  raw=0.057383
11:30:11 [super]   #  710  0x54e90ff99866d31c27c77c492073a5d0d7efb4a3  prob=0.030532  raw=0.057161
11:30:11 [super]   #  711  0xa20cc880ca40c5ad427b219d76d60c9ed5a7c695  prob=0.030526  raw=0.057122
11:30:11 [super]   #  712  0x5176ee06801587fb313b353b2ed7693d91bfec71  prob=0.030507  raw=0.056978
11:30:11 [super]   #  713  0x3dbcf1bdc71dc0af80e6d63e544a47e52592ac39  prob=0.030499  raw=0.056926
11:30:11 [super]   #  714  0x0bc1089d8ea50fdf6620dbf57f35fb4bbe367137  prob=0.030473  raw=0.056737
11:30:11 [super]   #  715  0x2f9899e7d9d59121b865b6fc84c5567f55686d01  prob=0.030456  raw=0.056613
11:30:11 [super]   #  716  0x4afaf59f436940cb2f3ca4480606fb5db09a522b  prob=0.030437  raw=0.056476
11:30:11 [super]   #  717  0xd7e5f7ea95a8b3a5346c31d3bb8186668a571e14  prob=0.030426  raw=0.056394
11:30:11 [super]   #  718  0xf5d1d070865cfac18c29aa9fc12eda659b9767cc  prob=0.030387  raw=0.056111
11:30:11 [super]   #  719  0x2be3f9db853a6909c724914c0b43a5b905287100  prob=0.030355  raw=0.055876
11:30:11 [super]   #  720  0xb37d69de3073a17f7c32aaba6f7daef0d80eb5b3  prob=0.030348  raw=0.055823
11:30:11 [super]   #  721  0x39056d00cbd08321eb45bc59064d0b58946c6022  prob=0.030345  raw=0.055803
11:30:11 [super]   #  722  0x5c7d0f8133ed2ec8419525251579978c53ac182a  prob=0.030341  raw=0.055776
11:30:11 [super]   #  723  0x34af3a317ccc5fbed5ed504d13a064ffa7f4bd55  prob=0.030311  raw=0.055556
11:30:11 [super]   #  724  0xcd97a650020164de61a7fc8b953f113096ac7f62  prob=0.030309  raw=0.055544
11:30:11 [super]   #  725  0x4b0920926c9ec80e473d4c96c6716ba0d0654d75  prob=0.030299  raw=0.055468
11:30:11 [super]   #  726  0xd8aab679bbd85ad7668a34d08911b323d87b36ca  prob=0.030270  raw=0.055254
11:30:11 [super]   #  727  0x8760017cdf39b93430369d329fd68d666823a2d0  prob=0.030270  raw=0.055253
11:30:11 [super]   #  728  0x6fa890cbed414e5e698e628140d48ee16c735dfe  prob=0.030261  raw=0.055194
11:30:11 [super]   #  729  0x6ed571287d3d298285d670ee627c16fee93e54d0  prob=0.030247  raw=0.055086
11:30:11 [super]   #  730  0xd12173a67559a9659cba4e35e891ce2d4a8b287e  prob=0.030243  raw=0.055062
11:30:11 [super]   #  731  0x3a04cee500044f990880669647174f1c1c6b8253  prob=0.030238  raw=0.055026
11:30:11 [super]   #  732  0x4220c01eb1c3a36cf1ccf85113802d0da68103a6  prob=0.030237  raw=0.055019
11:30:11 [super]   #  733  0x63df3ed306efa79cc99ba9c764a8311c94697551  prob=0.030237  raw=0.055013
11:30:11 [super]   #  734  0x25cfa47f087b72ab205b04dfed84d36fc0c2e7d1  prob=0.030149  raw=0.054374
11:30:11 [super]   #  735  0xd3c37f34ec1347160ed64a8324e17a8aa36dbd13  prob=0.030141  raw=0.054316
11:30:11 [super]   #  736  0x42c28743ccc8d30af740348624b4d813c0e1904a  prob=0.030134  raw=0.054264
11:30:11 [super]   #  737  0xd8e4d149e4860908e319286783defecb0604ea77  prob=0.030116  raw=0.054127
11:30:11 [super]   #  738  0x51b9cf144554645f7b3f2ad8b4dd624b76614452  prob=0.030064  raw=0.053750
11:30:11 [super]   #  739  0xf0057d2135d5463027f58eda43605d108a3d8cb9  prob=0.030020  raw=0.053427
11:30:11 [super]   #  740  0x8bc1e12ed340e1bcaa3fdd0500b8cb6a6013b34e  prob=0.029996  raw=0.053250
11:30:11 [super]   #  741  0x51d27859beaa12a8517517559ef711a6932f1462  prob=0.029986  raw=0.053173
11:30:11 [super]   #  742  0x1cea7192af5d7b1826083a19c5be75115a2df32a  prob=0.029985  raw=0.053169
11:30:11 [super]   #  743  0xb2c5c9e1998b547dd8e21ffd33516b01def8c2ee  prob=0.029982  raw=0.053146
11:30:11 [super]   #  744  0x66b7cbb7f1b40a1815db16d23a2baf9c0cbb5400  prob=0.029975  raw=0.053090
11:30:11 [super]   #  745  0x39b10dc99997ebcf88c3775e10ad96fc05fd9124  prob=0.029971  raw=0.053061
11:30:11 [super]   #  746  0xea7470dd6335f0524c46206be5cea6c0bd4a9357  prob=0.029968  raw=0.053042
11:30:11 [super]   #  747  0x245982f61ccaafced3eba34555a272f83d0561f4  prob=0.029957  raw=0.052958
11:30:11 [super]   #  748  0xa2680c314ee39842ba3150a48b129a2d32c99211  prob=0.029957  raw=0.052958
11:30:11 [super]   #  749  0xc3bf0fab39b14fa676bc0b4789d738713f6f762d  prob=0.029952  raw=0.052926
11:30:11 [super]   #  750  0x91e12f2d4673ffa7a350919da76973940dce41b1  prob=0.029913  raw=0.052635
11:30:11 [super]   #  751  0x9803bcf6334b563aad2689aad6af9691fe352afa  prob=0.029871  raw=0.052322
11:30:11 [super]   #  752  0x38ba0b9c75e345541648afc68a24be49ceafdcae  prob=0.029870  raw=0.052317
11:30:11 [super]   #  753  0x2ede39dc9b1b5be3fd2899e5db7a9b4b020427af  prob=0.029870  raw=0.052314
11:30:11 [super]   #  754  0x9b7fda7d2f8449706c3c0111e2d13957b36575b8  prob=0.029858  raw=0.052231
11:30:11 [super]   #  755  0x55e967c63981c1a0587930bf4692d2309351a328  prob=0.029857  raw=0.052220
11:30:11 [super]   #  756  0xada904ba48b92ba3ff2b1e5e501d4861ee79984d  prob=0.029855  raw=0.052204
11:30:11 [super]   #  757  0x520c5af1d44cae82e469f0e365f17cdecd044d56  prob=0.029850  raw=0.052170
11:30:11 [super]   #  758  0x3b17c52af5eff59fd4e1d3b4f9520d18f2ea00a6  prob=0.029837  raw=0.052071
11:30:11 [super]   #  759  0x21ea695f8b15c726b1f23278b2756e9824542b90  prob=0.029825  raw=0.051982
11:30:11 [super]   #  760  0xe962af59141e6b24a16c8ee613362043bfd20d0d  prob=0.029770  raw=0.051572
11:30:11 [super]   #  761  0x40efd1772c990affb3243525a120619df1f325e3  prob=0.029751  raw=0.051438
11:30:11 [super]   #  762  0x965af52ef31552737f40f0ab78afbe75af42a0c9  prob=0.029746  raw=0.051399
11:30:11 [super]   #  763  0xac3cfb099780d26e6cdefaa69935c81459446c8f  prob=0.029736  raw=0.051320
11:30:11 [super]   #  764  0xec763e57b016d0cf5231ad5a5929827ba9eaf9f1  prob=0.029735  raw=0.051315
11:30:11 [super]   #  765  0x79a8a5d11e3fc381b96b21901c7f106530a4d63f  prob=0.029717  raw=0.051180
11:30:11 [super]   #  766  0x9572cfb4a56cf8443f53fb16a3fe0490bcc7b002  prob=0.029699  raw=0.051050
11:30:11 [super]   #  767  0x3bf593f710e1f06c4a30173fd77ebe50f2c37a6a  prob=0.029663  raw=0.050777
11:30:11 [super]   #  768  0xed0ccadc6b0920b9014c84fdb6d171490c205e23  prob=0.029662  raw=0.050776
11:30:11 [super]   #  769  0x006b1c836a526a4706912dffca6623f32cc79f8a  prob=0.029647  raw=0.050664
11:30:11 [super]   #  770  0xd75a357652424363bd576d48ee3deb42265cbf7c  prob=0.029636  raw=0.050580
11:30:11 [super]   #  771  0x094fe5db50a7c1dd64d3fd2f45b9dc3f4c8bb066  prob=0.029623  raw=0.050479
11:30:11 [super]   #  772  0x300c5e1ec9e4d6e8bd9617f0a44508170c5b6a92  prob=0.029619  raw=0.050452
11:30:11 [super]   #  773  0xaadef7ff17d10d03436ad3012de02d51add171f1  prob=0.029617  raw=0.050437
11:30:11 [super]   #  774  0xffe164f63a4f4612f8fe0bcb66fab46eab3986a7  prob=0.029616  raw=0.050434
11:30:11 [super]   #  775  0xd228aeec5702067ae995993271ced46822362725  prob=0.029606  raw=0.050355
11:30:11 [super]   #  776  0xdeb1276061146344a717b449f5ecef696d1e0c2f  prob=0.029602  raw=0.050325
11:30:11 [super]   #  777  0x3b59859fb2ea877664abe808fededb9bcc7f83b2  prob=0.029595  raw=0.050276
11:30:11 [super]   #  778  0xc84bfde89d8e7e65d326130de2b12e0b8fc33040  prob=0.029594  raw=0.050269
11:30:11 [super]   #  779  0xc29f12d77f2d46fca67e29c53aec8e4335a70ab1  prob=0.029585  raw=0.050198
11:30:11 [super]   #  780  0xc3da937db80fdb4389c715905abb9d266abef328  prob=0.029580  raw=0.050159
11:30:11 [super]   #  781  0xa4dfac6e19e2fc4188833c1213feaf530b0bb619  prob=0.029574  raw=0.050118
11:30:11 [super]   #  782  0xbe7cd55ad5ec1f62cd5bd6b5f835cb9c853f9e08  prob=0.029567  raw=0.050063
11:30:11 [super]   #  783  0x2cdd7a806c10f75cc08fe3902ccbdf7292b97274  prob=0.029554  raw=0.049970
11:30:11 [super]   #  784  0x27d57a271fda710ec840ce6012a2d8a0be3375f6  prob=0.029542  raw=0.049879
11:30:11 [super]   #  785  0x8eedea693f4b26b00d11d238a750aaee6c1b6a35  prob=0.029541  raw=0.049869
11:30:11 [super]   #  786  0x765b56bb2c3cdcaf08f44d93a30ddb4d57b01614  prob=0.029530  raw=0.049786
11:30:11 [super]   #  787  0x521636e2a899ebf8b8bc05362b2ac84c64c7bc7d  prob=0.029518  raw=0.049699
11:30:11 [super]   #  788  0x7ab0461b4986e4971019cc61f82acde44852b2b5  prob=0.029491  raw=0.049493
11:30:11 [super]   #  789  0xee5166fe9430ebc03d05676b11eca2eacf33c7c6  prob=0.029480  raw=0.049415
11:30:11 [super]   #  790  0x9345910838652ca4e0f4a27eaa61641469f49940  prob=0.029476  raw=0.049380
11:30:11 [super]   #  791  0x8656e31211f270903bd7f715ebfbb4671bce7309  prob=0.029475  raw=0.049376
11:30:11 [super]   #  792  0xae43e28db9a00846df20d5ca4d5d8dc0ffb39cab  prob=0.029472  raw=0.049356
11:30:11 [super]   #  793  0x1f9b8e290397886a1834faf0eca7b2c9a702457f  prob=0.029472  raw=0.049351
11:30:11 [super]   #  794  0x9f473c652ea260f067dab2965a89360a2e66500c  prob=0.029396  raw=0.048784
11:30:11 [super]   #  795  0x3705b9f2eb692fb5269d1e06ada10a8bb7e8e48e  prob=0.029390  raw=0.048740
11:30:11 [super]   #  796  0x52b393e0094e46bba51d1ff603805121e2eb3a58  prob=0.029385  raw=0.048702
11:30:11 [super]   #  797  0x3f154634aae2a78cbc52814c712d1129f634ec05  prob=0.029372  raw=0.048603
11:30:11 [super]   #  798  0xfc69a2b779e4fdddde5200dc8fa901fc056a3df9  prob=0.029351  raw=0.048442
11:30:11 [super]   #  799  0xc5f8254600d9d7b5739d7ee0045bc5301fbca24d  prob=0.029346  raw=0.048404
11:30:11 [super]   #  800  0x757a84782c96654993c60cc6d1a901a6e4f75556  prob=0.029341  raw=0.048367
11:30:11 [super]   #  801  0x9dbc36ea83f587e7b66811f6f59a58cd79233b68  prob=0.029330  raw=0.048287
11:30:11 [super]   #  802  0xf9c3e1d28c75b220a827e45b17059efe19d2920e  prob=0.029326  raw=0.048254
11:30:11 [super]   #  803  0x065f58c00a876f3dc6fd719e6761e04deff484ee  prob=0.029309  raw=0.048125
11:30:11 [super]   #  804  0x639e7fac5b46df74e0bd6cce6d951bd825caa9d4  prob=0.029291  raw=0.047993
11:30:11 [super]   #  805  0xb40da24fa0a100b292679a8ed694ede1eefdfcf2  prob=0.029267  raw=0.047809
11:30:11 [super]   #  806  0x965549cf8a102f93ada80dc5411fcc7c4cb36fbd  prob=0.029267  raw=0.047809
11:30:11 [super]   #  807  0xcaef17bfa7290a122207846153b5d652ef403e26  prob=0.029260  raw=0.047760
11:30:11 [super]   #  808  0x0cc281d1fdaefc07f6c9e096a3e19ce83a0d8fea  prob=0.029242  raw=0.047620
11:30:11 [super]   #  809  0xae235df842ba78e7ce47abf189578e76567e7d21  prob=0.029240  raw=0.047605
11:30:11 [super]   #  810  0x0d14add540ec1ad8c69ddbfeff2f3236845a0c77  prob=0.029209  raw=0.047375
11:30:11 [super]   #  811  0x4355801f932c91ff1d102583ac5c41ee8e2f3116  prob=0.029171  raw=0.047083
11:30:11 [super]   #  812  0x5e91a81715ccffbd13ba6c29884be828461d8538  prob=0.029166  raw=0.047046
11:30:11 [super]   #  813  0xd95f1679197a707cb93e36345f2d329e00e6adfd  prob=0.029161  raw=0.047010
11:30:11 [super]   #  814  0x02dfecb4f59e6440b7a64774a465d1197c43b85a  prob=0.029158  raw=0.046984
11:30:11 [super]   #  815  0x1c8ea74b0a2686c09982edfb82ccebb2b74d8da6  prob=0.029152  raw=0.046942
11:30:11 [super]   #  816  0xea9265a4ddf3874e648d40d9694b8974dc9f6f4d  prob=0.029117  raw=0.046679
11:30:11 [super]   #  817  0xfe4a2942a8385548201d8665233daec4d6a5bc74  prob=0.029106  raw=0.046595
11:30:11 [super]   #  818  0x32715fce7470d72ccf7de28a46da3194ef82d1e9  prob=0.029083  raw=0.046416
11:30:11 [super]   #  819  0x747c7cd4cae084fe9d55f7a577aae1044ea2cc22  prob=0.029058  raw=0.046226
11:30:11 [super]   #  820  0x94796d038cc165a270912d7c8294d825536e8ac4  prob=0.029012  raw=0.045882
11:30:11 [super]   #  821  0x2dfd9da04d0c35bc2089082222ade8b0fc760d00  prob=0.029012  raw=0.045882
11:30:11 [super]   #  822  0x44c2e0c8fc008b5b956a3c3b6dd090546d422625  prob=0.029005  raw=0.045827
11:30:11 [super]   #  823  0xe2cde1d972efa6f89c7f3c8daeba003bb4f2ccaa  prob=0.028999  raw=0.045783
11:30:11 [super]   #  824  0x7c34a21173a6960c68e17b95910aff84e124e07d  prob=0.028991  raw=0.045722
11:30:11 [super]   #  825  0x6506d2cf9b69b32c76650bb5c717d2a0e67f7be1  prob=0.028977  raw=0.045613
11:30:11 [super]   #  826  0x7189d4b0157599fe41e93ce51e196a0198d9be83  prob=0.028958  raw=0.045465
11:30:11 [super]   #  827  0x1fa73393e835948e73b6cae2b326d897fbbe6b3f  prob=0.028957  raw=0.045457
11:30:11 [super]   #  828  0x9300b7dfbf444bba4f3a05b2720886d26533d5d0  prob=0.028956  raw=0.045455
11:30:11 [super]   #  829  0x6e0f646338b45bcd774022285f7fee8fc831b192  prob=0.028939  raw=0.045324
11:30:11 [super]   #  830  0xa46ab73718760a7f02875e780954d9ab2a01365b  prob=0.028937  raw=0.045307
11:30:11 [super]   #  831  0xb4fdb109b405753c3aca92a800fdd61252b7a6a6  prob=0.028916  raw=0.045144
11:30:11 [super]   #  832  0x80bbce6733cbbdd83361dfe3edb10fa1f928e737  prob=0.028864  raw=0.044751
11:30:11 [super]   #  833  0x8328e8a55978b22b714bc7423932a53bb2b20a5c  prob=0.028840  raw=0.044567
11:30:11 [super]   #  834  0xd5dc16a421717a6e2499818b76a76880874ad1df  prob=0.028836  raw=0.044535
11:30:11 [super]   #  835  0x401ca4cd33201b006aea655e7b52d0434fc670e3  prob=0.028811  raw=0.044343
11:30:11 [super]   #  836  0x586c7cfc26f2a61420f5b7f610cd53d780e81deb  prob=0.028805  raw=0.044302
11:30:11 [super]   #  837  0x2be9f0407843cc0f2bab756bd406de46154a6b8b  prob=0.028770  raw=0.044034
11:30:11 [super]   #  838  0xf8ef8b1c03602528a72109e31f911ea19e088044  prob=0.028748  raw=0.043862
11:30:11 [super]   #  839  0xcb0b6ed702bd09a44d051762f66409968884ff28  prob=0.028746  raw=0.043844
11:30:11 [super]   #  840  0xafa63d1530392a4f44140221b0ec48b08f01491f  prob=0.028737  raw=0.043776
11:30:11 [super]   #  841  0xc23077cf7afb4a7c0cabba51046a076d1be06192  prob=0.028734  raw=0.043752
11:30:11 [super]   #  842  0xd4c9d7fa6c65edc4ad80e97c03b6614376c55443  prob=0.028728  raw=0.043707
11:30:11 [super]   #  843  0xb0d5d7715675cb46776b5f039149ab011117bd9d  prob=0.028706  raw=0.043538
11:30:11 [super]   #  844  0x169d5c582f975196632a21ef3cba71ba5d87c350  prob=0.028702  raw=0.043504
11:30:11 [super]   #  845  0x5637047b9cc7b79e2dd389fc8ae7d662035ddd56  prob=0.028698  raw=0.043476
11:30:11 [super]   #  846  0x0902c9395cc5a4345d22eb80f1c7bd09fc70c8ac  prob=0.028660  raw=0.043187
11:30:11 [super]   #  847  0x770eedd2e899fe39d4b359bd2d4c1fb7fc95078f  prob=0.028659  raw=0.043175
11:30:11 [super]   #  848  0x7a78905d92379627cee57a6f58260665cb33818e  prob=0.028654  raw=0.043142
11:30:11 [super]   #  849  0xd51d854913e58d8e6ab7ade6e33cfb0e66e54e56  prob=0.028644  raw=0.043059
11:30:11 [super]   #  850  0xa53f87333882dc94736faf2ac7eab21df3f0f455  prob=0.028638  raw=0.043018
11:30:11 [super]   #  851  0x6043e973f45a7d75b5abbb5a7ec47c37080fe616  prob=0.028570  raw=0.042488
11:30:11 [super]   #  852  0xd6c55b5a97f96940924596137e1be8547557f6d4  prob=0.028561  raw=0.042424
11:30:11 [super]   #  853  0x35f149fc21a4c52aee4339b6cb01b840a92ca30f  prob=0.028551  raw=0.042342
11:30:11 [super]   #  854  0x65e958f52e208835c7e6d753d1741064bce1c82b  prob=0.028522  raw=0.042117
11:30:11 [super]   #  855  0x96f5ee816d07da60109ba439af79d527c20cebe2  prob=0.028489  raw=0.041862
11:30:11 [super]   #  856  0xdf0d0579f8935d735ec6c69b079cb600f909c7be  prob=0.028486  raw=0.041842
11:30:11 [super]   #  857  0x68e8440a651552dfcf24cccab938a9eb21a203f3  prob=0.028450  raw=0.041566
11:30:11 [super]   #  858  0xefa03be74318e3d3c399a8f5b4280f58ab272476  prob=0.028439  raw=0.041474
11:30:11 [super]   #  859  0xb2a6299f174ddd24f1ec6d803f2b251996fc9018  prob=0.028435  raw=0.041449
11:30:11 [super]   #  860  0x78d472fb45f62ccd1141dd249fcef8f94e25c93c  prob=0.028431  raw=0.041411
11:30:11 [super]   #  861  0x4fda729dbc35f4e9d5407c714c8c0a350e0259b3  prob=0.028430  raw=0.041405
11:30:11 [super]   #  862  0xd37e45c4000b072188cf2287e6db671d2a5c2d8a  prob=0.028411  raw=0.041260
11:30:11 [super]   #  863  0xd7e70dd147a1cbf4cd4ed44bc75c7290f3b887bb  prob=0.028403  raw=0.041193
11:30:11 [super]   #  864  0xa9f51fffe2a374f37bb9aeaf32614aa20d2af2e5  prob=0.028381  raw=0.041028
11:30:11 [super]   #  865  0x05b8157fafe59e1b18cbc856dac933329789d747  prob=0.028356  raw=0.040835
11:30:11 [super]   #  866  0x1ad11b10c3e65feb123d48b9501867ce81677c88  prob=0.028354  raw=0.040817
11:30:11 [super]   #  867  0x7a4cc9ffccd5b81dc1402ebf8e718b4daeddfc3b  prob=0.028342  raw=0.040724
11:30:11 [super]   #  868  0x38e89231028d66406120d9ae24e3a82e6cae422e  prob=0.028315  raw=0.040510
11:30:11 [super]   #  869  0x43b5c0328b0045420bf5ad5bfccd032e49a22fe3  prob=0.028312  raw=0.040489
11:30:11 [super]   #  870  0x5e9ee70480e896e9efc8cf2bc562376d0b335f7f  prob=0.028311  raw=0.040485
11:30:11 [super]   #  871  0x03679b4d58b98581f091cd6d9db05fc1e71c711c  prob=0.028308  raw=0.040458
11:30:11 [super]   #  872  0xcbc7229860f2146d2228a469655baef3f7ea63d6  prob=0.028307  raw=0.040453
11:30:11 [super]   #  873  0x0ccdb425d03269698d123f3332fa0bcaefe8686f  prob=0.028301  raw=0.040405
11:30:11 [super]   #  874  0xfb647dccb673520c5b88ed4d937c5f33959af4ec  prob=0.028280  raw=0.040239
11:30:11 [super]   #  875  0x7aaf8421182d5fbf7b14e4ad1be1933fa63b659b  prob=0.028279  raw=0.040234
11:30:11 [super]   #  876  0x0b20c61f5031de2b6c495ec9aec70cc0381e95f3  prob=0.028269  raw=0.040157
11:30:11 [super]   #  877  0x9b7e194ddb2d382c2fb90075b4813b1536debbdb  prob=0.028266  raw=0.040131
11:30:11 [super]   #  878  0x3f25a0b51d709b43750d1dd5b2b58ed2ff29cf87  prob=0.028259  raw=0.040077
11:30:11 [super]   #  879  0x5bc4d9addd8597eb34e255d97cc194f4d78bf44f  prob=0.028257  raw=0.040061
11:30:11 [super]   #  880  0x0acb49d9e8067e5958998b8b3ce758b52b35cbc5  prob=0.028252  raw=0.040018
11:30:11 [super]   #  881  0xad193a11d3a0566b5ffe3bb5acccf30ada745785  prob=0.028250  raw=0.040008
11:30:11 [super]   #  882  0xf0af4099197faadf9225196e3a68b3955b22b000  prob=0.028241  raw=0.039937
11:30:11 [super]   #  883  0xc2e1255fc8a95266e1e1e05caf2100ea18518a0a  prob=0.028239  raw=0.039921
11:30:11 [super]   #  884  0xca465e9ff98df2ce974a1397b9f762e983dcb655  prob=0.028222  raw=0.039784
11:30:11 [super]   #  885  0x1b30b1a9f8204d898c6bd0102b9790b84a98af78  prob=0.028217  raw=0.039747
11:30:11 [super]   #  886  0x44a0330606862abc89c56d2d19380e21c8a3e8df  prob=0.028196  raw=0.039583
11:30:11 [super]   #  887  0x5903843b1b114ab5bcf1fc120a24ca91cfd0f218  prob=0.028190  raw=0.039535
11:30:11 [super]   #  888  0x941ed83f40655dbbd0b0dd92f06e98a3a3fd9775  prob=0.028179  raw=0.039450
11:30:11 [super]   #  889  0xea6f25fdd8447a0697139de5896fabeaa9220c0a  prob=0.028129  raw=0.039058
11:30:11 [super]   #  890  0x4be36f8cebd336482b1499a9c6333ac697fbf33e  prob=0.028127  raw=0.039046
11:30:11 [super]   #  891  0x5653dacf9b6a72223b69b1ceb90b84ca786e7102  prob=0.028101  raw=0.038838
11:30:11 [super]   #  892  0x764345b906fbc83d599d65f84c018c1e7f9962f7  prob=0.028079  raw=0.038668
11:30:11 [super]   #  893  0x191a181e6bcd413774e3cfa0b4c01aced37bf331  prob=0.028071  raw=0.038601
11:30:11 [super]   #  894  0x57a365e1f8aedc00e92277101a31cdcfd3329dcd  prob=0.028050  raw=0.038441
11:30:11 [super]   #  895  0xa3280c0762ef3bb6af3007d3ac0ae71723a07f8d  prob=0.028029  raw=0.038272
11:30:11 [super]   #  896  0x46c37225775b5f9ba459cd4c522088237f36937f  prob=0.028029  raw=0.038271
11:30:11 [super]   #  897  0x5529259bd937ab26ec22898cdf27d08b69c05d05  prob=0.028026  raw=0.038253
11:30:11 [super]   #  898  0x7efa76ccc7fc06d12025c615293c97fdbaaec4d8  prob=0.028024  raw=0.038235
11:30:11 [super]   #  899  0x9ae6f13672601606a95615432e0d11a10f18dd45  prob=0.028024  raw=0.038233
11:30:11 [super]   #  900  0x2e2d96ddd1101dbac1e1b470c71bdfcc8e5d7c59  prob=0.028005  raw=0.038082
11:30:11 [super]   #  901  0xf2d01730d0542a1149b00438b3abd540d0ab07ac  prob=0.027990  raw=0.037966
11:30:11 [super]   #  902  0x07ca1c3044cdcbfe0672d4807b797675a692740a  prob=0.027990  raw=0.037963
11:30:11 [super]   #  903  0xd1dec386483f72184932db708e227b657f34d476  prob=0.027978  raw=0.037870
11:30:11 [super]   #  904  0xee60fb8caa89c6a7a4c9f5995259ff368b1b274e  prob=0.027966  raw=0.037776
11:30:11 [super]   #  905  0x256845e722e0f77d31614cccb1eb2c7966294540  prob=0.027965  raw=0.037767
11:30:11 [super]   #  906  0xd495a53007d94f724080f7b8250a37033d3d98cf  prob=0.027958  raw=0.037712
11:30:11 [super]   #  907  0x2e7c141be1fc6456f09b280ffc84c5ba20fabf96  prob=0.027949  raw=0.037639
11:30:11 [super]   #  908  0xe97696022c75af22ad026ae039dba33696342c25  prob=0.027948  raw=0.037638
11:30:11 [super]   #  909  0x62184a97daa17b336bbe4d1caa3278a02c1cbc53  prob=0.027942  raw=0.037590
11:30:11 [super]   #  910  0xbf9061cd5c89cb4b238dea496a9c233c1ee19f55  prob=0.027942  raw=0.037584
11:30:11 [super]   #  911  0xec0ba00339dd3ae9242de9a299dce2235bc3b1dd  prob=0.027941  raw=0.037583
11:30:11 [super]   #  912  0x287ad3500adb6b44036a0864be9621da44efc266  prob=0.027923  raw=0.037436
11:30:11 [super]   #  913  0xb7f73255d51d303f8c254b2cc9f0a2c07d5e9ff2  prob=0.027922  raw=0.037429
11:30:11 [super]   #  914  0x1037a98fac7bf4a99d5b93693dbd2751c288413f  prob=0.027914  raw=0.037363
11:30:11 [super]   #  915  0x7e27d27c79db3ebbcdb7870ac3cb2da3ab168369  prob=0.027911  raw=0.037343
11:30:11 [super]   #  916  0xa86c10b589352a7ce39a9ce125cd3690ba00f494  prob=0.027910  raw=0.037335
11:30:11 [super]   #  917  0xf9c7bb73850c142b491ae88f1ed12a71ace6efa3  prob=0.027893  raw=0.037204
11:30:11 [super]   #  918  0x342f1d23150e03ade11de6058154690ebba359ab  prob=0.027891  raw=0.037188
11:30:11 [super]   #  919  0xd9bc23943a5fbd33ccbf28c8e1eff18ba68380f7  prob=0.027880  raw=0.037100
11:30:11 [super]   #  920  0x266475b2e42e91d51185f5e5dfa37bb75a708d38  prob=0.027870  raw=0.037022
11:30:11 [super]   #  921  0xb6cbb7be7414ee5dd032b5bd4b649d2da1c6d98d  prob=0.027866  raw=0.036988
11:30:11 [super]   #  922  0x47612fceac9cfc4c6d74764605f66620200cbe7b  prob=0.027845  raw=0.036824
11:30:11 [super]   #  923  0xf60c9d469bdc50bbec5885bd8c524ef456251303  prob=0.027820  raw=0.036625
11:30:11 [super]   #  924  0xdebe2e476ca7af51cd333b1dbf9c7dd854ac34c9  prob=0.027793  raw=0.036407
11:30:11 [super]   #  925  0xdb00ba5e0a8ab4b328528f73de1fc5368d56e9c7  prob=0.027790  raw=0.036388
11:30:11 [super]   #  926  0xe56a85d3bde3a03144c204f5494d166d370d6d0c  prob=0.027790  raw=0.036382
11:30:11 [super]   #  927  0xac83ab4adf1f652b21ca6c09e16bae596f15eaaa  prob=0.027788  raw=0.036371
11:30:11 [super]   #  928  0x8c03e45093acb5912c5710b6bf5b64e2e44212b2  prob=0.027778  raw=0.036291
11:30:11 [super]   #  929  0x48725f1aa48a139070d7003ffb8fedb117b44e40  prob=0.027745  raw=0.036024
11:30:11 [super]   #  930  0xf7aa98e2fedfb98f2d29a0ae49747d12e66d131a  prob=0.027735  raw=0.035947
11:30:11 [super]   #  931  0xbacd00c9080a82ded56f504ee8810af732b0ab35  prob=0.027725  raw=0.035868
11:30:11 [super]   #  932  0xa71a0525ce16e5b7103032a7e24a7c0a4f4c59da  prob=0.027718  raw=0.035811
11:30:11 [super]   #  933  0xfddbbdeed1e071d2efdb605b135f551f0cb3414d  prob=0.027696  raw=0.035634
11:30:11 [super]   #  934  0x1955273c5691a1330e264e9daf07411ba913aef1  prob=0.027691  raw=0.035600
11:30:11 [super]   #  935  0x1a441b376f9e82eb9643a449b8b74d1b84e25e33  prob=0.027687  raw=0.035564
11:30:11 [super]   #  936  0x2309eb3320c98eebe6bf824f873f16e69e98d514  prob=0.027684  raw=0.035540
11:30:11 [super]   #  937  0x58fddb712132aa4d3650277fb1e8589e0f630cbb  prob=0.027677  raw=0.035488
11:30:11 [super]   #  938  0xcf8afd23abbfbe974cda6660c8c54e24e582085b  prob=0.027674  raw=0.035462
11:30:11 [super]   #  939  0xc2e7ac2bd787f705368b16929eb744d9075d34e8  prob=0.027665  raw=0.035388
11:30:11 [super]   #  940  0xbccf623468fd60f28c331e37b0a5154142cf27d0  prob=0.027664  raw=0.035381
11:30:11 [super]   #  941  0x09befdbcf3332f7d073b982ceac3176f70d85e39  prob=0.027656  raw=0.035321
11:30:11 [super]   #  942  0x012e629a1a76204570266ff8dd781bb4342d1299  prob=0.027651  raw=0.035275
11:30:11 [super]   #  943  0xd36a3e5debbf68d976fb90b492c3088af5f3ecf5  prob=0.027637  raw=0.035166
11:30:11 [super]   #  944  0x9564e38fcd46370dbd47da2190399ec560dd0df2  prob=0.027627  raw=0.035090
11:30:11 [super]   #  945  0x59e6518c64d44c0650d47a9aca91c80c18f7d724  prob=0.027617  raw=0.035004
11:30:11 [super]   #  946  0x055eba5b2352f84249b7b86daa4aae5e86c2f6c1  prob=0.027616  raw=0.035001
11:30:11 [super]   #  947  0x31cc82de03e30598cf25445c2d242a8f27deb804  prob=0.027604  raw=0.034901
11:30:11 [super]   #  948  0x30b27d56e661a08a8f84c3c80cdc08e902429e25  prob=0.027601  raw=0.034884
11:30:11 [super]   #  949  0x5bb4ff986ae953a4ca5d0d78c6b9ce5f619cf8da  prob=0.027599  raw=0.034862
11:30:11 [super]   #  950  0xbc6ab2ffa75631dcd28638b9de0b2f45a269e784  prob=0.027568  raw=0.034615
11:30:11 [super]   #  951  0x8eb229a4bc362424639d09601d54c5513fb8e6db  prob=0.027560  raw=0.034550
11:30:11 [super]   #  952  0xb8773eedce0476f9003aa38cd5689b87e8c45300  prob=0.027556  raw=0.034522
11:30:11 [super]   #  953  0x80d87df817730296460b9a221442de7253f81769  prob=0.027551  raw=0.034483
11:30:11 [super]   #  954  0x835120487a560906521caf31ed3d160ea420f4d0  prob=0.027539  raw=0.034384
11:30:11 [super]   #  955  0x2b01859a7d79fddb465e6529aac48d45f8c7a43b  prob=0.027536  raw=0.034358
11:30:11 [super]   #  956  0xed7c0e4c6f6da55c4aaba535f14dcaacb71cd274  prob=0.027534  raw=0.034347
11:30:11 [super]   #  957  0x18c8c0d3674d6b16fd3199352dc606ffc7b9c796  prob=0.027526  raw=0.034278
11:30:11 [super]   #  958  0xca25a7ad3951c68058e62707dc6f225ccc910f35  prob=0.027520  raw=0.034234
11:30:11 [super]   #  959  0x040132ad73b02bf2aa81539abc2db3d29c522f0e  prob=0.027518  raw=0.034218
11:30:11 [super]   #  960  0xc543aaae47a9ed575374af544c7e1b278937de76  prob=0.027507  raw=0.034124
11:30:11 [super]   #  961  0x4643c876908074b6e7419bae0a484d03801e428b  prob=0.027501  raw=0.034082
11:30:11 [super]   #  962  0x382cc5730e79e45080a88b70179b1097fa927294  prob=0.027494  raw=0.034020
11:30:11 [super]   #  963  0xc4383c04e3a5d5e53c0f124fed08cf4d13e03ae6  prob=0.027481  raw=0.033921
11:30:11 [super]   #  964  0xf7142dbb370851b09f03d42e6013a16a866c74d6  prob=0.027474  raw=0.033863
11:30:11 [super]   #  965  0x2f213a92f7c819711dc964ae447274effaced0d6  prob=0.027465  raw=0.033789
11:30:11 [super]   #  966  0xaec4e5018ba491632f6fb353133736590468fa49  prob=0.027462  raw=0.033769
11:30:11 [super]   #  967  0x682ed09e1ca436974725dee12a84415ec892d7e6  prob=0.027461  raw=0.033761
11:30:11 [super]   #  968  0xb8e6bfdcc40b9fd9c803afdfe56cf81a2c285a51  prob=0.027454  raw=0.033701
11:30:11 [super]   #  969  0xd6c2572d134f21ae896527eb80c2fd46d87b5d0e  prob=0.027453  raw=0.033696
11:30:11 [super]   #  970  0x0bef22cdcd1ba381eb3fef414dbc77b97ced2126  prob=0.027447  raw=0.033648
11:30:11 [super]   #  971  0x80bac72930285e5368f9f0fe1e05670e934b9cde  prob=0.027441  raw=0.033602
11:30:11 [super]   #  972  0x9fcf4658ba3f7a68749e25a809c9f7b4d2057e1e  prob=0.027438  raw=0.033576
11:30:11 [super]   #  973  0x713b1c1b14b9788065bfeb00f210ff7b0883eda8  prob=0.027437  raw=0.033569
11:30:11 [super]   #  974  0x19edbbedbdb13a905aa4824709cc795198216032  prob=0.027419  raw=0.033425
11:30:11 [super]   #  975  0xd77e3e9f784dfb5e1ff94732e22564bd24d9505f  prob=0.027419  raw=0.033419
11:30:11 [super]   #  976  0x6b74e477abd7827296c69d9453f67eac96ff9a30  prob=0.027403  raw=0.033293
11:30:11 [super]   #  977  0x9bcae167da9cad763758eed53216b390e0445337  prob=0.027402  raw=0.033282
11:30:11 [super]   #  978  0x2ab2922654fae02b9f6db7c8fbf94868f13f7ef3  prob=0.027398  raw=0.033254
11:30:11 [super]   #  979  0x348aeee9ccfb9434290fc71e0ff509efb7f3310b  prob=0.027397  raw=0.033242
11:30:11 [super]   #  980  0x161daa68cde4b9f5e4327ee86989ad514b4aa6dd  prob=0.027388  raw=0.033170
11:30:11 [super]   #  981  0x858507bb7e6b4b7f8ea8cce9f099d917194858d0  prob=0.027379  raw=0.033100
11:30:11 [super]   #  982  0x68ae89ca5d41c3daf0d1c5ea695eeef3d00949f4  prob=0.027378  raw=0.033094
11:30:11 [super]   #  983  0xe106e7c03bcb605f9a01ec6de6007cb0554892c6  prob=0.027378  raw=0.033088
11:30:11 [super]   #  984  0x4fe6b071979b9405f32b8fbc6deb86c3d8e65cda  prob=0.027370  raw=0.033031
11:30:11 [super]   #  985  0x36598499163cb6bd034a65198cb799cb12461c2d  prob=0.027370  raw=0.033031
11:30:11 [super]   #  986  0x07d4245464dc4fa05d0b3f084d82482462dc8991  prob=0.027364  raw=0.032976
11:30:11 [super]   #  987  0xecb8807431d62d51a50f2a26ef6513794125a0e1  prob=0.027343  raw=0.032806
11:30:11 [super]   #  988  0x04b1543b0ad5f0b11b7b6d855439ae13fc49936b  prob=0.027334  raw=0.032736
11:30:11 [super]   #  989  0xa09f64811b8081d9f96aa6c9dbfb64cff27c8639  prob=0.027329  raw=0.032699
11:30:11 [super]   #  990  0x0a9bb468b5a8f3a5d60ab578222da72680a6cb9c  prob=0.027325  raw=0.032663
11:30:11 [super]   #  991  0x0b8baf36e2176658169c019104fb6b1cd99d2183  prob=0.027312  raw=0.032561
11:30:11 [super]   #  992  0xf8a43020aedf0a51af11fc7489f9c0d284162969  prob=0.027302  raw=0.032477
11:30:11 [super]   #  993  0x329871b809213d64ca52b3765c793c70149a8ea9  prob=0.027280  raw=0.032299
11:30:11 [super]   #  994  0xe58c3fecc5be1088258dfc51777af4597a50216b  prob=0.027280  raw=0.032299
11:30:11 [super]   #  995  0x1675c7aada10c5c437f8af3b79cd2f34c958a52a  prob=0.027273  raw=0.032246
11:30:11 [super]   #  996  0xe86cbd81179b2e026ec37416374d26d73ef810f3  prob=0.027268  raw=0.032201
11:30:11 [super]   #  997  0xf0c2dc847075481a85cc6bd480237a0635101e50  prob=0.027255  raw=0.032102
11:30:11 [super]   #  998  0x2f651a02d41032164a70c67cfc48d1b85c1a9ad1  prob=0.027251  raw=0.032069
11:30:11 [super]   #  999  0x2fc0ad63bf2621476213ea90ff732e4c418f843d  prob=0.027237  raw=0.031956
11:30:11 [super]   # 1000  0x3c234e5c2a64c258987d3075147cb0b14f3c9bff  prob=0.027233  raw=0.031924
11:30:11 [super]   # 1001  0x8b4e06c4cd10beabc638418aacb4380b4b4b212a  prob=0.027231  raw=0.031904
11:30:11 [super]   # 1002  0x2f9298763ffc72e6fa8cb0c8edf928e60c6382a0  prob=0.027228  raw=0.031885
11:30:11 [super]   # 1003  0xafae0b426a2ce959b27b493953e206ccdeb48c3c  prob=0.027214  raw=0.031766
11:30:11 [super]   # 1004  0x728556358af29330cb3191a61ed2416f16f28757  prob=0.027204  raw=0.031685
11:30:11 [super]   # 1005  0xe8098ae69b4d4b3285b89ab5f0683724a8c287a5  prob=0.027201  raw=0.031659
11:30:11 [super]   # 1006  0xb12e62d51d71466d58b293c84f4cb9c77e532408  prob=0.027198  raw=0.031641
11:30:11 [super]   # 1007  0xfebbea0ea18c12a36687ca1b27d01169724679bc  prob=0.027180  raw=0.031491
11:30:11 [super]   # 1008  0xdc195fe4b17bcff46f9d0c89221b1173570bb5dc  prob=0.027171  raw=0.031423
11:30:11 [super]   # 1009  0x2f18b4091ab2980c143a05b05e853a00a9e6a85e  prob=0.027169  raw=0.031399
11:30:11 [super]   # 1010  0x3631502aa96bf50f6c81de502f3fe7f921e3e8f2  prob=0.027153  raw=0.031272
11:30:11 [super]   # 1011  0xb70af7f167300eb641fbff2a18e62473656d3005  prob=0.027153  raw=0.031272
11:30:11 [super]   # 1012  0x699130c4f879f5008640e31df0b2178df9e9bd01  prob=0.027153  raw=0.031272
11:30:11 [super]   # 1013  0xffad3d33d2c2a4eb1d2a0efa761ef514812c83bb  prob=0.027142  raw=0.031184
11:30:11 [super]   # 1014  0x2a9cc4292440fa7d628285081bda555934c42aee  prob=0.027141  raw=0.031177
11:30:11 [super]   # 1015  0x1cda836ae58a68fbe3994dcb49c9b5c5a7b3608c  prob=0.027132  raw=0.031103
11:30:11 [super]   # 1016  0x1ae4d17dac2aa67826ee82c55b7bc8d2bffc6a41  prob=0.027129  raw=0.031079
11:30:11 [super]   # 1017  0x471a444edd4af5fd7f657d81e789ba93200ce242  prob=0.027127  raw=0.031060
11:30:11 [super]   # 1018  0xffbb3f9a8fed92f606c07c02d30be6bad623aca6  prob=0.027123  raw=0.031026
11:30:11 [super]   # 1019  0xcbf988e32f891c63a90f0b926560dc17e66bc886  prob=0.027119  raw=0.030997
11:30:11 [super]   # 1020  0x2ed67183174b18637abf386a664d18798f2525c2  prob=0.027118  raw=0.030987
11:30:11 [super]   # 1021  0x8eeb72b166576a2c04030fafad342f22c23189e5  prob=0.027087  raw=0.030736
11:30:11 [super]   # 1022  0x17bdb2f6812d118c8e312c2719334e6076507afc  prob=0.027083  raw=0.030703
11:30:11 [super]   # 1023  0x047aafef0ca4e121b1f34a9d26b88afac87629ee  prob=0.027069  raw=0.030594
11:30:11 [super]   # 1024  0xb3ceb169d597ba0ff1e6cf46ca63c52813446bcb  prob=0.027042  raw=0.030373
11:30:11 [super]   # 1025  0x5615ac982ec0c453825f107dedc80bb0bbce5477  prob=0.027042  raw=0.030371
11:30:11 [super]   # 1026  0xf8f3c0269b1bff87dba772666864737b168f12a9  prob=0.027039  raw=0.030342
11:30:11 [super]   # 1027  0xa7a3d4efc03aab43fc0b05d906ae98d9aed67739  prob=0.027034  raw=0.030305
11:30:11 [super]   # 1028  0xb95769abb4e401ff2b5264b95a0708f85338b8ac  prob=0.027032  raw=0.030290
11:30:11 [super]   # 1029  0x25013a4b5a9c17932eb10886b1215bfc357ab5b5  prob=0.027031  raw=0.030284
11:30:11 [super]   # 1030  0xc9567ee2218aacc8c71ec6b2a1de7405b4d8c14d  prob=0.027006  raw=0.030075
11:30:11 [super]   # 1031  0xde9a1f3f863842573d79655a1de93f4507caf68c  prob=0.027005  raw=0.030073
11:30:11 [super]   # 1032  0x60febf205d5d2f10892c431901d416603fa8edd6  prob=0.027005  raw=0.030068
11:30:11 [super]   # 1033  0x8793453f72f34e6f4b159ab1357da1d916059dfa  prob=0.027001  raw=0.030035
11:30:11 [super]   # 1034  0x8960ebc375bb37dac9ffdaf9d74d03583196f9a7  prob=0.026999  raw=0.030022
11:30:11 [super]   # 1035  0x2843d543c60a54106f572ab74f0e2e04f293b3d2  prob=0.026996  raw=0.029996
11:30:11 [super]   # 1036  0xb0f1f44305433aad7da93564fd55d402315aa991  prob=0.026990  raw=0.029950
11:30:11 [super]   # 1037  0xf99010b42154f7f69c29ffaff82d9498df9daa88  prob=0.026977  raw=0.029837
11:30:11 [super]   # 1038  0xdd250cd78221d5b440e89247b721164f3ee71d62  prob=0.026977  raw=0.029837
11:30:11 [super]   # 1039  0xf969e53815fc7ce513e781db2b32a8af2e2e6fbd  prob=0.026966  raw=0.029754
11:30:11 [super]   # 1040  0xc22f81776ba3a007a6e4047c849000a0cef0cf86  prob=0.026961  raw=0.029712
11:30:11 [super]   # 1041  0xebb3d4fdc4acb69baa48c8d530f7699d76ef8044  prob=0.026961  raw=0.029712
11:30:11 [super]   # 1042  0x9c4b8f99ca555c215debf659f3dc4303f2f78a81  prob=0.026958  raw=0.029683
11:30:11 [super]   # 1043  0xd2b8e73e3bd41432ef7ad3de1bde60b50efd9d3b  prob=0.026952  raw=0.029634
11:30:11 [super]   # 1044  0x5ad08547dcc447b8c21de96409a3ff08d08238f4  prob=0.026951  raw=0.029629
11:30:11 [super]   # 1045  0x0cdcccefe2b39f7730eab708094651e70e275943  prob=0.026927  raw=0.029429
11:30:11 [super]   # 1046  0x13826322395939695c9277df0ecb08b1897da266  prob=0.026920  raw=0.029378
11:30:11 [super]   # 1047  0x492ccdf724e18cd6f69f03a916562805f9a716d1  prob=0.026916  raw=0.029339
11:30:11 [super]   # 1048  0xf01dbfb6d6ad4b00ce3a8c454ed1c89d21ea7f4a  prob=0.026914  raw=0.029327
11:30:11 [super]   # 1049  0x3ffecf48a580e73e6379591abf1f6b3c59c85fa8  prob=0.026910  raw=0.029293
11:30:11 [super]   # 1050  0xa5573460a3e2f9737695b5d5bad4022bed3ed95c  prob=0.026908  raw=0.029273
11:30:11 [super]   # 1051  0xe862c7512a664cf257fce11fda13d3d0910c7d6b  prob=0.026905  raw=0.029252
11:30:11 [super]   # 1052  0xe8cc11e0a10cd5a13fa12ba7c9b8ee9de16be8c0  prob=0.026895  raw=0.029166
11:30:11 [super]   # 1053  0x388347b80c42a644fd5266171ee72d0440ef6bb0  prob=0.026893  raw=0.029153
11:30:11 [super]   # 1054  0xdcc5302118444c27349d1f51c203c79c5d89c002  prob=0.026886  raw=0.029100
11:30:11 [super]   # 1055  0x83a296505eb520c9d35823571204ced41fd69452  prob=0.026881  raw=0.029058
11:30:11 [super]   # 1056  0xeee46aec8c46d40151467635d79718e0d56afe63  prob=0.026872  raw=0.028983
11:30:11 [super]   # 1057  0x1cd0b92c6143530408bbe8c2202f9f80b5b24516  prob=0.026869  raw=0.028960
11:30:11 [super]   # 1058  0x3c1b927ce4daf68f66cd1ff6150e797a6a4120de  prob=0.026859  raw=0.028874
11:30:11 [super]   # 1059  0x373a890a3cc172cda9a5c57d8ac001296ada971f  prob=0.026843  raw=0.028744
11:30:11 [super]   # 1060  0xb72101e1956796460840a663752f749cd9a63214  prob=0.026841  raw=0.028725
11:30:11 [super]   # 1061  0x0c43eeddaf1664334e140b04dfc19100041a56c1  prob=0.026838  raw=0.028706
11:30:11 [super]   # 1062  0x76d779224fa87f3684c728ce7608312e9768d604  prob=0.026838  raw=0.028701
11:30:11 [super]   # 1063  0x1e1417683e5495c81a2c2544b254fd015330519f  prob=0.026819  raw=0.028543
11:30:11 [super]   # 1064  0xf0f7fbc05638be34b6d8dac9510def052bf9eac7  prob=0.026810  raw=0.028471
11:30:11 [super]   # 1065  0xa6ef2b57b8bd731c3f53a4ff91269fec1d1af8c1  prob=0.026809  raw=0.028468
11:30:11 [super]   # 1066  0xfe1a600bb3a9c3931c9d8c6079d1480fe8acacea  prob=0.026790  raw=0.028305
11:30:11 [super]   # 1067  0x064c539f76d5d01598aa586b988dafe1e76f2de1  prob=0.026788  raw=0.028290
11:30:11 [super]   # 1068  0x7308b04e30e855f344924f599b7eb3c26cdec177  prob=0.026787  raw=0.028282
11:30:11 [super]   # 1069  0xc325c0896601a7b28e7596ea3c676f6f1d53442e  prob=0.026775  raw=0.028184
11:30:11 [super]   # 1070  0x70a8237cdc4ec1e5f835673973c5af6ea3da2752  prob=0.026755  raw=0.028020
11:30:11 [super]   # 1071  0x55e0ef8c68bc99e9b8441e6f7f8f46a3eb321c6e  prob=0.026753  raw=0.028000
11:30:11 [super]   # 1072  0x32f9c19f1a8fa9ec8dc456b96590c0b85f27d189  prob=0.026751  raw=0.027991
11:30:11 [super]   # 1073  0x71703fbf1400475b8ee0bbb60892c5521d740619  prob=0.026737  raw=0.027875
11:30:11 [super]   # 1074  0x01f43d44e8bfcb5fd29e984b2430ffc540412c5e  prob=0.026737  raw=0.027872
11:30:11 [super]   # 1075  0xf6501f57c905da6bf8e19bad9c4522a938cdae84  prob=0.026733  raw=0.027838
11:30:11 [super]   # 1076  0x05dfd81903aae6f5caa20e1c1dd1d472728a882d  prob=0.026729  raw=0.027804
11:30:11 [super]   # 1077  0xc9c383a64821510ab46ff9fa4a3f96bcc9341010  prob=0.026728  raw=0.027798
11:30:11 [super]   # 1078  0xe00071d887887b81f643e14e8d07221eb4ed61b7  prob=0.026724  raw=0.027767
11:30:11 [super]   # 1079  0xc91879e958915f0d909ec52c92dd80f5dd7a3415  prob=0.026688  raw=0.027464
11:30:11 [super]   # 1080  0x245c0d55014784c4263e465461951c6a2d2d2486  prob=0.026678  raw=0.027388
11:30:11 [super]   # 1081  0xe10f34f282cfbd64444fb7e68044bd39da59ce3d  prob=0.026678  raw=0.027382
11:30:11 [super]   # 1082  0xd05e55f9f43fa38b7c7fa381009e68d8f774649c  prob=0.026677  raw=0.027374
11:30:11 [super]   # 1083  0x1809af57a808061e937281bc86f03f042786caab  prob=0.026674  raw=0.027356
11:30:11 [super]   # 1084  0x36d4aa796f09568b5147aac6e913a8c648a6e8eb  prob=0.026671  raw=0.027331
11:30:11 [super]   # 1085  0xee7f3a070feb98e3ead55f0876e544d60d1e1b34  prob=0.026671  raw=0.027325
11:30:11 [super]   # 1086  0x573b802ddab97f2557ae4216a5537d564cb8f847  prob=0.026649  raw=0.027145
11:30:11 [super]   # 1087  0x48f7fee765cef107e2f43a7a4c4e594400f6e40c  prob=0.026640  raw=0.027071
11:30:11 [super]   # 1088  0xbf0d1b08aa25a9d9ec1e1d1c27bca4a797b34056  prob=0.026631  raw=0.027001
11:30:11 [super]   # 1089  0x281b2b4286d17a5c34512b40be0a4b403adbfc70  prob=0.026621  raw=0.026913
11:30:11 [super]   # 1090  0x27c1b6c664bd588b444c6a2d65a4d42bd4b5db6b  prob=0.026613  raw=0.026844
11:30:11 [super]   # 1091  0xb947e66c8899d411733ee964ac73d275dfb7d712  prob=0.026603  raw=0.026768
11:30:11 [super]   # 1092  0x2a36263f105f9751a9e54b49804a0e4c859c2633  prob=0.026599  raw=0.026736
11:30:11 [super]   # 1093  0x8bc121c5f6e0a60b972a3b93a7364653a6220e72  prob=0.026595  raw=0.026699
11:30:11 [super]   # 1094  0xaff058cae42e8806c198aeb3a86b9947b9042e7f  prob=0.026589  raw=0.026649
11:30:11 [super]   # 1095  0xdacb9848d9a27b64ee44982da0519e18ae96af2b  prob=0.026583  raw=0.026596
11:30:11 [super]   # 1096  0xf522fbee15b60a9670c77fa192e0f87ab5b6806c  prob=0.026576  raw=0.026541
11:30:11 [super]   # 1097  0x2844af819d59c39902a1bf4ec0a90a2aeaa32420  prob=0.026573  raw=0.026514
11:30:11 [super]   # 1098  0x9db778f46b7c9b458045764a67ff4afcae917e1f  prob=0.026571  raw=0.026504
11:30:11 [super]   # 1099  0x84993aab79a1a651f91b87c7abe487630e12b326  prob=0.026568  raw=0.026472
11:30:11 [super]   # 1100  0xb0cfe6a12c7c57ffa4b88045266a7e5c0e543094  prob=0.026566  raw=0.026460
11:30:11 [super]   # 1101  0x92e955809027ecf1d7cf6ac26261e8bd27059386  prob=0.026565  raw=0.026454
11:30:11 [super]   # 1102  0x0f805890c422b18ba61e8c53d4a114d98aa62f81  prob=0.026551  raw=0.026330
11:30:11 [super]   # 1103  0xf3489c4f9638ab590ef036074abd75a97408b19e  prob=0.026531  raw=0.026171
11:30:11 [super]   # 1104  0xbef022b5ccf0ed681ae5a0f08475504544eb6324  prob=0.026531  raw=0.026168
11:30:11 [super]   # 1105  0x35ab1cae59a0381d10fea143b208490779deeecb  prob=0.026509  raw=0.025982
11:30:11 [super]   # 1106  0xcdd855931c30d329521ef05a88aec396fe0c4e19  prob=0.026507  raw=0.025967
11:30:11 [super]   # 1107  0xde2486731910c1242cd86c0903aa6d2b2ee648ec  prob=0.026507  raw=0.025966
11:30:11 [super]   # 1108  0x584eee598b341109592b985c1a253ab044fa090f  prob=0.026503  raw=0.025939
11:30:11 [super]   # 1109  0x5b736db0d74083948a2675fcd03498ddddb84766  prob=0.026497  raw=0.025890
11:30:11 [super]   # 1110  0xa722b0d248e0358f945474310f47b3e00f5e5794  prob=0.026493  raw=0.025856
11:30:11 [super]   # 1111  0x28250cd2e47fbc55439e60a0dbbe586dc0ccacce  prob=0.026493  raw=0.025855
11:30:11 [super]   # 1112  0x6a64bfeb9656e3a238d937caecffe8ab92062745  prob=0.026491  raw=0.025835
11:30:11 [super]   # 1113  0xc084cd0aa5f25dfd8cb418dba8e19ecbf17b8df7  prob=0.026490  raw=0.025824
11:30:11 [super]   # 1114  0x77e595582f4509ff3672c58c143e44bddcc2ec41  prob=0.026489  raw=0.025817
11:30:11 [super]   # 1115  0x7eb8f09e792ddec1e1e6303c67cac68d9b18153c  prob=0.026486  raw=0.025798
11:30:11 [super]   # 1116  0xb6756421bd99a7cd51e1c205766d7e51d93d3d65  prob=0.026483  raw=0.025767
11:30:11 [super]   # 1117  0xe0d9407f4beec6a1c2dfa36f02f327303ebf8483  prob=0.026473  raw=0.025688
11:30:11 [super]   # 1118  0x276f8cc29a327f7044df7269aef31b373ac0bfb5  prob=0.026458  raw=0.025565
11:30:11 [super]   # 1119  0x787368c17e33e2bc3c3bd649e6341c2de546db3e  prob=0.026457  raw=0.025554
11:30:11 [super]   # 1120  0xd6ad102f51601d8cffc395e320fdfa33f8c01f69  prob=0.026455  raw=0.025534
11:30:11 [super]   # 1121  0x77b65d4437a5c42d97d41d3ef7da9f05301bf279  prob=0.026450  raw=0.025498
11:30:11 [super]   # 1122  0xb20bdfccff289b23cb0e6df825b1cfa724228da0  prob=0.026441  raw=0.025417
11:30:11 [super]   # 1123  0x9afd4a4cd2aa44732181158488ec568ecc443028  prob=0.026434  raw=0.025360
11:30:11 [super]   # 1124  0xb2ed7f83c9ab634923c6147b449ecbb838212a85  prob=0.026432  raw=0.025345
11:30:11 [super]   # 1125  0xb80dba49175629d13c918d52ebc4951dd752b052  prob=0.026419  raw=0.025235
11:30:11 [super]   # 1126  0xf27de6607cbd15be1133619b9807ff63fb86e6d3  prob=0.026410  raw=0.025158
11:30:11 [super]   # 1127  0x73a8241c6695c6094d63b78a6987496a621f06fe  prob=0.026406  raw=0.025128
11:30:11 [super]   # 1128  0x094b5a6ed70b8f1e9d704ee8a2ac9219f54e2374  prob=0.026406  raw=0.025128
11:30:11 [super]   # 1129  0x661991b0efc264b036b10ea7c88b61676cf8c9b8  prob=0.026402  raw=0.025098
11:30:11 [super]   # 1130  0xf418d79b1cb544c6d98cc0ca0db2a0e4c6c9b2cc  prob=0.026402  raw=0.025096
11:30:11 [super]   # 1131  0x1244b4619ce8b602153452e851d44009b5ed0068  prob=0.026401  raw=0.025089
11:30:11 [super]   # 1132  0x9c17e9189705130c93366b279f873c9f3fec83c8  prob=0.026401  raw=0.025083
11:30:11 [super]   # 1133  0x8a3bc963933ee2cacf70d0d28bd8bf0179351504  prob=0.026399  raw=0.025071
11:30:11 [super]   # 1134  0x6ce25821cb76df7588874d64cece15fcacc69c99  prob=0.026390  raw=0.024999
11:30:11 [super]   # 1135  0x1ef9024366d2230be15cc4dbb8f9a649befe02ff  prob=0.026389  raw=0.024984
11:30:11 [super]   # 1136  0xe3770324af53cbd8524b265003469ba4a203950d  prob=0.026387  raw=0.024968
11:30:11 [super]   # 1137  0xf657e409543377ed703c3f32b41aab30bcb6ac2a  prob=0.026377  raw=0.024888
11:30:11 [super]   # 1138  0xd12a48d87d19661df7622d0eb11d325a0b323c78  prob=0.026372  raw=0.024843
11:30:11 [super]   # 1139  0xcc3e87226912d35893b678eaa8a39d57b6fe37ef  prob=0.026370  raw=0.024830
11:30:11 [super]   # 1140  0x9819e61c95d046728b8dab07c10b7a0b68e5c010  prob=0.026364  raw=0.024777
11:30:11 [super]   # 1141  0xebfd3804304f5178c263bdb53e4e4e06f693070f  prob=0.026363  raw=0.024771
11:30:11 [super]   # 1142  0xc4fa3cfa3514974523cf955a7b07c8c31e1c4ce9  prob=0.026355  raw=0.024704
11:30:11 [super]   # 1143  0x6d5b270c89ac56d1b5c92f85373e82d98f8a4f5a  prob=0.026355  raw=0.024703
11:30:11 [super]   # 1144  0x3da14a92ebe63fc430a43b0d39a3fbc22630811b  prob=0.026350  raw=0.024663
11:30:11 [super]   # 1145  0xb9525a38df269fb9ac9690f5314a6971c5da0850  prob=0.026345  raw=0.024616
11:30:11 [super]   # 1146  0xf6fd5a61dfee687f56945f08ce1da13d7b94198f  prob=0.026334  raw=0.024525
11:30:11 [super]   # 1147  0x843a6da3886cf889435cf0920659a00a68db8070  prob=0.026326  raw=0.024458
11:30:11 [super]   # 1148  0xc6f1cc8bb456be810762a336fa682515519c06b9  prob=0.026305  raw=0.024283
11:30:11 [super]   # 1149  0xf06bca2305b2d320f08592a0b3dcbc770353ac7a  prob=0.026301  raw=0.024250
11:30:11 [super]   # 1150  0xf0028676acb67089cd7a7a08985aae9f11116221  prob=0.026289  raw=0.024154
11:30:11 [super]   # 1151  0xab093ba1453305715884bfbf66791cb338f4ac0e  prob=0.026281  raw=0.024087
11:30:11 [super]   # 1152  0x4f5f6f9a71ed6bbb207f659bec3cb27aadaa8868  prob=0.026277  raw=0.024052
11:30:11 [super]   # 1153  0x7c8a44dcb77e2ff847bd3f7f62039ae2cd5a52c8  prob=0.026277  raw=0.024047
11:30:11 [super]   # 1154  0xf2bdfcecff21cd9f93f157c2bedc498111a5637d  prob=0.026277  raw=0.024047
11:30:11 [super]   # 1155  0x39086ebfe247405c313194225a62538d1f4f91fa  prob=0.026275  raw=0.024036
11:30:11 [super]   # 1156  0xd4b2b7aaaa538e68dba8d77a66a8775b9320602d  prob=0.026262  raw=0.023926
11:30:11 [super]   # 1157  0x3b966217ddf28193cc290a27891d34c2f955cdd5  prob=0.026255  raw=0.023867
11:30:11 [super]   # 1158  0x9830b6b2b25ad60091633c8a635acfc672611a0d  prob=0.026255  raw=0.023864
11:30:11 [super]   # 1159  0x0ad432b8c2c3c339242790f0c0d49e911c1f9a84  prob=0.026252  raw=0.023837
11:30:11 [super]   # 1160  0x39d119256039e80fc73c740179dcea159a075129  prob=0.026240  raw=0.023738
11:30:11 [super]   # 1161  0x51c8a1d58cbcc318a59e48ec58aad58f20e65c6b  prob=0.026231  raw=0.023668
11:30:11 [super]   # 1162  0x0d5ee5c536ccd78d179487b3d7e43ae4304d5c24  prob=0.026229  raw=0.023650
11:30:11 [super]   # 1163  0xa4dff0a6871a42f72077d8f6508160db0e262821  prob=0.026227  raw=0.023629
11:30:11 [super]   # 1164  0xedcd023ffd0aedb06ba7673c9520583e7af9cdc0  prob=0.026220  raw=0.023573
11:30:11 [super]   # 1165  0x6d77e0b181b76d04500a7717b6dfdd86db453f01  prob=0.026219  raw=0.023566
11:30:11 [super]   # 1166  0x4b482c83c4e3a417880bba0ec16662cf30ff02f1  prob=0.026219  raw=0.023561
11:30:11 [super]   # 1167  0x6e356fe9a97220d090b2706627dab223603ba84d  prob=0.026218  raw=0.023555
11:30:11 [super]   # 1168  0x9cb2f7fcae43a00efa9638010db25a7f6a211905  prob=0.026217  raw=0.023546
11:30:11 [super]   # 1169  0x90d806f9a02df2442dd62be26e2e30ca842420f0  prob=0.026210  raw=0.023488
11:30:11 [super]   # 1170  0xcf7069df3f86ee860f41e9632b7fb667d9847d5f  prob=0.026204  raw=0.023439
11:30:11 [super]   # 1171  0x9be5b67ba060e4c34c7d21620bce2d31ef75985e  prob=0.026203  raw=0.023431
11:30:11 [super]   # 1172  0x7250144558b5cabc99063205fe6e428c770b5468  prob=0.026198  raw=0.023388
11:30:11 [super]   # 1173  0x548249e84e8e81a4a7a207dd36a02184fb55254b  prob=0.026194  raw=0.023355
11:30:11 [super]   # 1174  0x08ec6665312a36be95b7f507767c25f4a2e2b5fc  prob=0.026193  raw=0.023349
11:30:11 [super]   # 1175  0xeafe09bd4e43c5d7b468011c5860f5cc5db91195  prob=0.026189  raw=0.023312
11:30:11 [super]   # 1176  0xbbbb5a94fea427d2218f54d561b01e30571e1aec  prob=0.026186  raw=0.023287
11:30:11 [super]   # 1177  0x42f8878abf89b482af35838a854040a030c77ff4  prob=0.026186  raw=0.023282
11:30:11 [super]   # 1178  0x2daebafe1873924cec47d9d23d9ee83bfee26ad7  prob=0.026184  raw=0.023273
11:30:11 [super]   # 1179  0xfdadddb5383ae5a87f42132ac6702ad1d08f3dfd  prob=0.026182  raw=0.023250
11:30:11 [super]   # 1180  0x746fe8342d0233f10d484ed0403c4ca76f6890af  prob=0.026170  raw=0.023149
11:30:11 [super]   # 1181  0x73b659fc6b740becd15f1f10aaabf6c5199ce716  prob=0.026160  raw=0.023065
11:30:11 [super]   # 1182  0xcebfb65b59b4348b5b0d74e27fdaf6b5cec99e38  prob=0.026158  raw=0.023051
11:30:11 [super]   # 1183  0x6bb0586bf0e7a33975d58c05bf04fa157f2dd6f7  prob=0.026149  raw=0.022979
11:30:11 [super]   # 1184  0xdb5cd875e245b6621db8b73c6e7a594cf7d7a435  prob=0.026138  raw=0.022885
11:30:11 [super]   # 1185  0x1740b38c4a6cb9a96706b17cb8eac4a24f94a34b  prob=0.026138  raw=0.022880
11:30:11 [super]   # 1186  0xe7473fc4d6ada11a5f622ff99681b942b910bcac  prob=0.026136  raw=0.022867
11:30:11 [super]   # 1187  0x815d1670666e0b6574efa1d5224fc1995bdb9b2f  prob=0.026131  raw=0.022825
11:30:11 [super]   # 1188  0x965f595bc0b102619706461def90c19c4808f5c9  prob=0.026126  raw=0.022779
11:30:11 [super]   # 1189  0x83979374f962c36a78d189957121aa183112756a  prob=0.026116  raw=0.022697
11:30:11 [super]   # 1190  0x48757578369769b3fc4db109c3f7edc23b45cb97  prob=0.026109  raw=0.022639
11:30:11 [super]   # 1191  0xc63899b5edc64ea2151dcc90a4bdb9c2d3030fe2  prob=0.026107  raw=0.022625
11:30:11 [super]   # 1192  0x76be437e3697b5756d1da7179ffd38dbabe92ab9  prob=0.026102  raw=0.022579
11:30:11 [super]   # 1193  0x3e08691d107951ebe192360f159f6f35326a1b70  prob=0.026096  raw=0.022532
11:30:11 [super]   # 1194  0x723be449224e9c351218bddc52e47576eb92876f  prob=0.026092  raw=0.022493
11:30:11 [super]   # 1195  0x18347f394723c93f9f3db59e04ab0d40d510446e  prob=0.026090  raw=0.022477
11:30:11 [super]   # 1196  0x73dc73fc18f70fc60c18f90b1e889100a27c8d32  prob=0.026089  raw=0.022471
11:30:11 [super]   # 1197  0x158e21187aef2d60aeed7605e27bf132e208817e  prob=0.026084  raw=0.022428
11:30:11 [super]   # 1198  0xa8b4d7bed794b2a90ef50d1a208ccfcce73bba69  prob=0.026080  raw=0.022395
11:30:11 [super]   # 1199  0xecada46131ac6d35bae033fb4a1ea5079586e6b0  prob=0.026079  raw=0.022381
11:30:11 [super]   # 1200  0x30ead8c829cd7dffde86ac27821136f23a9d345c  prob=0.026072  raw=0.022327
11:30:11 [super]   # 1201  0xabbdf03dca8da04ce2555d6807e02b746609322e  prob=0.026057  raw=0.022198
11:30:11 [super]   # 1202  0x6c06f1c507a60dced84a027fe6486185cf0b2ec0  prob=0.026056  raw=0.022194
11:30:11 [super]   # 1203  0xbc5f0b45636a3b215cac42730653ea40d003db2e  prob=0.026054  raw=0.022175
11:30:11 [super]   # 1204  0x461327ffb82e2f9bf3dcfd0706c27c1cd71b0845  prob=0.026053  raw=0.022162
11:30:11 [super]   # 1205  0xd9ca1475024b29a22bf36e725790a50686894c32  prob=0.026051  raw=0.022149
11:30:11 [super]   # 1206  0xec570193a382465a94dec36c05a09e9061bde0ac  prob=0.026048  raw=0.022120
11:30:11 [super]   # 1207  0x9cc52286dbb843213b76b3c6c115512d54b0c35c  prob=0.026041  raw=0.022065
11:30:11 [super]   # 1208  0xbdf73aca780c7c965eda7213b6bfad74494765d9  prob=0.026040  raw=0.022060
11:30:11 [super]   # 1209  0x5d748cf9e4f90dcbf26c25c7ed1a9c741e41ee45  prob=0.026038  raw=0.022038
11:30:11 [super]   # 1210  0xd95f1d7e77421e94426253a7ccd632948e263181  prob=0.026037  raw=0.022032
11:30:11 [super]   # 1211  0x32f68a7a6a830869a5c1d3899991ac0fa0ce9538  prob=0.026026  raw=0.021940
11:30:11 [super]   # 1212  0xee033c97496b0cf420fecd0ff2962c8606e66edb  prob=0.026023  raw=0.021915
11:30:11 [super]   # 1213  0xc572d9c9e9e43197a0c8bf999074704668639ad9  prob=0.026023  raw=0.021910
11:30:11 [super]   # 1214  0xbb62655e66756d88962693d1375aad964ab7d14f  prob=0.026017  raw=0.021857
11:30:11 [super]   # 1215  0x5570b543c1c029dd8e1095ca06409a7a121f3941  prob=0.026016  raw=0.021849
11:30:11 [super]   # 1216  0x5104ab47d8c3af7a0a7041efee3ba2d1d58d1712  prob=0.026012  raw=0.021821
11:30:11 [super]   # 1217  0x2e635d9fdb1896a4c75747ffa54f4ddb91db09a0  prob=0.026010  raw=0.021806
11:30:11 [super]   # 1218  0x4e5ea7ffa8ec86af81e0096d0ff4531c3dd5de2f  prob=0.026010  raw=0.021806
11:30:11 [super]   # 1219  0xe95da26096e65d9743e15168350a19b67363a3ae  prob=0.026006  raw=0.021768
11:30:11 [super]   # 1220  0x3094f35cafdaba190c4e8d4d2a505ad77b60d8bf  prob=0.025998  raw=0.021699
11:30:11 [super]   # 1221  0x729b63f056a8e0251a8fa1ab4bae4e4b0923b472  prob=0.025996  raw=0.021687
11:30:11 [super]   # 1222  0x481e2c2f645dfb0a787d373f6bf0fe349287d896  prob=0.025993  raw=0.021659
11:30:11 [super]   # 1223  0x8989da475a839d8c6438caab68d3c1318e4fa87d  prob=0.025985  raw=0.021590
11:30:11 [super]   # 1224  0x1faab523fe6181c796caa9b696b4a431726568cb  prob=0.025969  raw=0.021454
11:30:11 [super]   # 1225  0x65d71c5cd2e52bb315513ab2ab8739e467010d87  prob=0.025967  raw=0.021436
11:30:11 [super]   # 1226  0xe0948fbe7a78d3d4474a3635e242d2105b014410  prob=0.025965  raw=0.021423
11:30:11 [super]   # 1227  0xedda6120e683236e70bf4530b5f0f4640ff4d6ff  prob=0.025950  raw=0.021297
11:30:11 [super]   # 1228  0xb7f368356e9b2913720d86e704e7846b5de0e279  prob=0.025946  raw=0.021261
11:30:11 [super]   # 1229  0xd70f3af42857442c0b26245717d3bb8d7c972f8c  prob=0.025942  raw=0.021230
11:30:11 [super]   # 1230  0xf71b44224f1d3b54ba1c16c04aa1db2027657af1  prob=0.025937  raw=0.021186
11:30:11 [super]   # 1231  0xc81c1df1f183e1b137119e590e9d7b64e805e454  prob=0.025936  raw=0.021175
11:30:11 [super]   # 1232  0x727c691b23074ed0edbcf42596168dd971c98cb9  prob=0.025927  raw=0.021098
11:30:11 [super]   # 1233  0x5fc93b3435dd2e33b5ad6d096e3ef51b1f83f722  prob=0.025923  raw=0.021064
11:30:11 [super]   # 1234  0x582b7895817a579906444f4e0719fdd46335dde1  prob=0.025921  raw=0.021050
11:30:11 [super]   # 1235  0x17291afd14c2869ac57030bf549fc0d3dbed4b10  prob=0.025920  raw=0.021036
11:30:11 [super]   # 1236  0x43440ab002eaac9fede6f9d21bea96d84228f90d  prob=0.025910  raw=0.020958
11:30:11 [super]   # 1237  0x0441029e26bef59afccbf2bddf6d66d98a9e8a27  prob=0.025909  raw=0.020942
11:30:11 [super]   # 1238  0x9bb75897782d1e3c1b317abd93e744abad587558  prob=0.025903  raw=0.020892
11:30:11 [super]   # 1239  0x5400eae7fd1cca4c6edb72d0745c18a433551342  prob=0.025893  raw=0.020806
11:30:11 [super]   # 1240  0xa972e4bc6a87c794af6193023d42fa55bd6bd075  prob=0.025891  raw=0.020797
11:30:11 [super]   # 1241  0xe479b4db71cd50db6cb0db4bf7f473cf415408d4  prob=0.025890  raw=0.020785
11:30:11 [super]   # 1242  0x2e9885842338239a937833d4aa5968ebbd879045  prob=0.025886  raw=0.020752
11:30:11 [super]   # 1243  0xc602e34792d9a5e129f3404daef2df43d1d37fc1  prob=0.025886  raw=0.020750
11:30:11 [super]   # 1244  0xbd3d538183d71a8f283e743f60b04c3c571b742f  prob=0.025883  raw=0.020725
11:30:11 [super]   # 1245  0x210c0f8ca9c8e8d0c5d555c18d3fb9b1ef1b2eda  prob=0.025876  raw=0.020668
11:30:11 [super]   # 1246  0xc39212e63a5cb886bb4fb96953cacc04f52b511b  prob=0.025874  raw=0.020645
11:30:11 [super]   # 1247  0x7f358dd6c8a554f3bbf7794cc62e19224b28f24b  prob=0.025872  raw=0.020631
11:30:11 [super]   # 1248  0x7fec55e0c6fcf2f448492481598fe72d58f0c965  prob=0.025868  raw=0.020600
11:30:11 [super]   # 1249  0x0d2ea4f8d00f92e280b107e3c87f9dc9b05cf1a2  prob=0.025862  raw=0.020544
11:30:11 [super]   # 1250  0xf6121563e439ddc30a42d451dbed9533f12b8fb2  prob=0.025857  raw=0.020505
11:30:11 [super]   # 1251  0x653a0d59592692a966bc1023b941fa14cb91bb03  prob=0.025854  raw=0.020481
11:30:11 [super]   # 1252  0x188b535930a7ccb0eb4da8625f4db6c92c896003  prob=0.025851  raw=0.020450
11:30:11 [super]   # 1253  0x32ec43e4d26a6bf37a1f60ae04c5ceac4740e310  prob=0.025851  raw=0.020449
11:30:11 [super]   # 1254  0x15515214648adbb4371b05d7af08a618dddc8003  prob=0.025848  raw=0.020430
11:30:11 [super]   # 1255  0x258d0319ea3b7009e73d1b35ad9278d9b5e3cd31  prob=0.025846  raw=0.020412
11:30:11 [super]   # 1256  0x0a7aaf83341b52df34e8ffef52aa295538d6df1b  prob=0.025843  raw=0.020384
11:30:11 [super]   # 1257  0x027c2250d43d9c92b403e38f5cf478ae477e60f2  prob=0.025839  raw=0.020354
11:30:11 [super]   # 1258  0x325ac6a19b5af66e397e5ad4a20c4d8daee343b7  prob=0.025835  raw=0.020320
11:30:11 [super]   # 1259  0xf3ef9e115473d4a24ee6578b61369bc6e7e41748  prob=0.025833  raw=0.020302
11:30:11 [super]   # 1260  0x3ff5e80a7de0daeada3ae7af0bdcf421c67fb800  prob=0.025831  raw=0.020281
11:30:11 [super]   # 1261  0xbf878be8a1b5d8688a0808a9a8d8e880bedbdafd  prob=0.025829  raw=0.020265
11:30:11 [super]   # 1262  0x80c55f332b703910681590996c16134d183c168a  prob=0.025827  raw=0.020249
11:30:11 [super]   # 1263  0x398dafc40ced1757f33a263d809f18666ba5c7c3  prob=0.025825  raw=0.020229
11:30:11 [super]   # 1264  0x1a841a86bc2aa7af8b8cec4fa1e5f05a14a7f9bd  prob=0.025825  raw=0.020228
11:30:11 [super]   # 1265  0xba4599c4ee93070ea64431b9275d7c577d1bbf33  prob=0.025824  raw=0.020219
11:30:11 [super]   # 1266  0x46ab21a4e7760fa2cf985bbc6ae9f508c34a72c6  prob=0.025821  raw=0.020198
11:30:11 [super]   # 1267  0xf331d03de0e7a02e6ce2ff2142b2bfa09ee3b030  prob=0.025812  raw=0.020123
11:30:11 [super]   # 1268  0xf7e25b6a679e0d29f89548104c2a124a5939b2af  prob=0.025811  raw=0.020113
11:30:11 [super]   # 1269  0x2d46eacbb521103a603dfe448b166ff440d4fd1d  prob=0.025810  raw=0.020103
11:30:11 [super]   # 1270  0x3c00c7709d0d8182d0070ada102b9a80d3b0fa84  prob=0.025806  raw=0.020066
11:30:11 [super]   # 1271  0x5a97206795de10e0e8e54ae5f7d21e3d8c479319  prob=0.025805  raw=0.020064
11:30:11 [super]   # 1272  0xee0daf17a40b96a01151a0c751e52312a00902ec  prob=0.025804  raw=0.020055
11:30:11 [super]   # 1273  0x81fe062cd7fba1ba596970f7de264cf8338e30bc  prob=0.025802  raw=0.020032
11:30:11 [super]   # 1274  0xa51c0bde92174914780871dfbecfc37c07c6fc1e  prob=0.025800  raw=0.020015
11:30:11 [super]   # 1275  0x63bf159cea68e4cdb63a66140a249d19cf8ee319  prob=0.025796  raw=0.019980
11:30:11 [super]   # 1276  0x7141bb52bee4b988261cbbc553b783b1ccb8de63  prob=0.025793  raw=0.019958
11:30:11 [super]   # 1277  0xff912dfd952fb5dc664da9e1de5577f5415b0b95  prob=0.025791  raw=0.019943
11:30:11 [super]   # 1278  0xa5a46a183c89561ca66e6b8d57b94b68a14d84a0  prob=0.025788  raw=0.019915
11:30:11 [super]   # 1279  0xaf7410a1e9d4170485e71edd226f11260860fcda  prob=0.025786  raw=0.019898
11:30:11 [super]   # 1280  0x5e8b2e8608c9c5ec09b1e9c9123709527ea5ba9f  prob=0.025778  raw=0.019833
11:30:11 [super]   # 1281  0xbf94dbf136f96c2ca327c30813b3c9b18aab402d  prob=0.025772  raw=0.019779
11:30:11 [super]   # 1282  0x46a8f589fdcf0cfcaf1bb2b750c4f699071c47f2  prob=0.025763  raw=0.019704
11:30:11 [super]   # 1283  0x9b5dc8793a43f26295a0c8eec3e58b041989fbb6  prob=0.025758  raw=0.019659
11:30:11 [super]   # 1284  0x6b197046a9b6ae69d076e7c20bbdb309806b52bd  prob=0.025753  raw=0.019620
11:30:11 [super]   # 1285  0x60e8bec9497b98e98464a6f4920c5f50eb558bba  prob=0.025749  raw=0.019578
11:30:11 [super]   # 1286  0x9def9524630e31ff90f884eed32c3eecfbf8d1a5  prob=0.025748  raw=0.019576
11:30:11 [super]   # 1287  0x52c5cb3f57f9ebe2e73f94e261d0f01ee484a3b6  prob=0.025745  raw=0.019549
11:30:11 [super]   # 1288  0x1d271764e9d2af1ed8d41a13aea69f6eaa46c460  prob=0.025739  raw=0.019501
11:30:11 [super]   # 1289  0x6477a444ddbfe503473cda9b984cbef2dffafee5  prob=0.025735  raw=0.019459
11:30:11 [super]   # 1290  0x0adc4cd3540ca8b2409f7339cb03d741176c39f2  prob=0.025730  raw=0.019417
11:30:11 [super]   # 1291  0xbed6aa26ef6da26c3c6328eb70f6c54aa769079d  prob=0.025724  raw=0.019372
11:30:11 [super]   # 1292  0x99bce72fb855cc8eebe6c85683ede46da1784f35  prob=0.025724  raw=0.019370
11:30:11 [super]   # 1293  0x1cfc5f66211cc62ff96eaeb34dd729d571c0d3e7  prob=0.025721  raw=0.019341
11:30:11 [super]   # 1294  0xd9b9df4dc2ebf7daf0b0ae0adba573ff9f49af34  prob=0.025721  raw=0.019340
11:30:11 [super]   # 1295  0x5e6e88513d4a06dd647cb2bf1973b012f747e30f  prob=0.025718  raw=0.019320
11:30:11 [super]   # 1296  0x335ba273d4914bdb4210fa20a7c819cc0ad79340  prob=0.025717  raw=0.019311
11:30:11 [super]   # 1297  0xecbb8e0287ab4e74b8ba6ce4fb323fe1c0e77c6c  prob=0.025717  raw=0.019305
11:30:11 [super]   # 1298  0x80965cc1738a429ecad016f189b32952f2daf6a4  prob=0.025716  raw=0.019303
11:30:11 [super]   # 1299  0xbb9f224569285cb57f433bbe2e71f9b8a11b557b  prob=0.025710  raw=0.019245
11:30:11 [super]   # 1300  0x18189fffa8752b33e7f46e39f1dd9c6e3ecdfb2f  prob=0.025709  raw=0.019237
11:30:11 [super]   # 1301  0xf03140f6e9719d0e53b727b76fe0d1c9edf489b5  prob=0.025707  raw=0.019220
11:30:11 [super]   # 1302  0xf153f821527654c61bf75ee7b9e80139665c282b  prob=0.025703  raw=0.019187
11:30:11 [super]   # 1303  0x8565b21d736741147592264d75cc26ccf2040c43  prob=0.025701  raw=0.019175
11:30:11 [super]   # 1304  0x2ae0e1012d620ba1a9bd84c57b3e64a589b8753e  prob=0.025699  raw=0.019158
11:30:11 [super]   # 1305  0xfa9c6f43908d35409dca045fc087f033f3ba3421  prob=0.025691  raw=0.019090
11:30:11 [super]   # 1306  0xb011b01d9ed25db9a50ca22cb859ecf6ffdc2d13  prob=0.025690  raw=0.019077
11:30:11 [super]   # 1307  0x6c06bbcc2f6bcc3e54666ee22f00e6b815719d48  prob=0.025689  raw=0.019071
11:30:11 [super]   # 1308  0x1e67e77a3d3a86df408478ab02fbe40ab22f704f  prob=0.025688  raw=0.019060
11:30:11 [super]   # 1309  0xfd7fc62410182e33b445e1846f4690d039eb6a38  prob=0.025686  raw=0.019047
11:30:11 [super]   # 1310  0x1dcf11e592c77122f361bae02b5b0af549ec010f  prob=0.025682  raw=0.019013
11:30:11 [super]   # 1311  0x884ccbe3edb95dd08a2cb2d8308cac609bb8c3aa  prob=0.025677  raw=0.018966
11:30:11 [super]   # 1312  0xdd15c836e94dd197e6760015b0ba4539dd157cc5  prob=0.025672  raw=0.018925
11:30:11 [super]   # 1313  0xa61d107a5e66448c6f4871294e232ffaae11df1a  prob=0.025670  raw=0.018903
11:30:11 [super]   # 1314  0x39232c8e7275468d19dce5c0e3aec8f15066fa7b  prob=0.025666  raw=0.018874
11:30:11 [super]   # 1315  0x0af065fe62b5fb40072acfecd57cba5aed2b7aef  prob=0.025665  raw=0.018866
11:30:11 [super]   # 1316  0xb9a47a26e0cf07f3444c502ebdfa8a9e3d7b996d  prob=0.025660  raw=0.018823
11:30:11 [super]   # 1317  0x72bf19fc332bc7eff024e77a55d0546fcabcd015  prob=0.025660  raw=0.018816
11:30:11 [super]   # 1318  0x83f5307a5533f39716ed8ed877759311c9c28c24  prob=0.025659  raw=0.018810
11:30:11 [super]   # 1319  0xa90dfcb7a04b295c77262f5980ab12464443f673  prob=0.025658  raw=0.018801
11:30:11 [super]   # 1320  0xb31f99f4fe967b0b85901e458e8c137a07f18898  prob=0.025656  raw=0.018784
11:30:11 [super]   # 1321  0xdb883e9800cd81b5a7f73d1b1251dc51f33609c2  prob=0.025654  raw=0.018770
11:30:11 [super]   # 1322  0x357ecb1969b0a288d37e6a28223e620ef2082a0c  prob=0.025654  raw=0.018769
11:30:11 [super]   # 1323  0xb046d2ed91eaccebb37d51d8a149abbb0577d3d1  prob=0.025654  raw=0.018768
11:30:11 [super]   # 1324  0xe3674fe85a3932fd6ca37224021901d7d92547d4  prob=0.025651  raw=0.018742
11:30:11 [super]   # 1325  0x72a2148620aee63a58dd7b76168dd5fb9764e265  prob=0.025649  raw=0.018723
11:30:11 [super]   # 1326  0x7a1622839694d7592891f1c8b4cf6e105cdfee34  prob=0.025645  raw=0.018695
11:30:11 [super]   # 1327  0xd48a81db62f742c4e42d86dfc23a7ee345366e90  prob=0.025644  raw=0.018688
11:30:11 [super]   # 1328  0xa45a99d51bc6a9d3db5efd43e72a21c24a44a03e  prob=0.025635  raw=0.018606
11:30:11 [super]   # 1329  0xb4bb6b778ec2b050c536485b121c02060ca4ea7b  prob=0.025631  raw=0.018575
11:30:11 [super]   # 1330  0x21d0c129deb8a7f7e1569045200d20e23862ce91  prob=0.025630  raw=0.018565
11:30:11 [super]   # 1331  0x5ad807b14c8277f00d526cafe1d13cc28d4393b6  prob=0.025629  raw=0.018554
11:30:11 [super]   # 1332  0x52f1ff78f6694be8b1767e8f5fd40e317d0f8fc9  prob=0.025626  raw=0.018528
11:30:11 [super]   # 1333  0x147ee44cf81c5f4fcff345d77b9b2e20d03359da  prob=0.025623  raw=0.018504
11:30:11 [super]   # 1334  0xa4b4baeb1bc90c4b6ba27167736d6a21e41fefc6  prob=0.025621  raw=0.018485
11:30:11 [super]   # 1335  0x82f33a7eac5719f9b559ac9ec1c2e5ca5e87162b  prob=0.025621  raw=0.018484
11:30:11 [super]   # 1336  0xd4421becafa064df0087e5cc81428223929608c1  prob=0.025619  raw=0.018469
11:30:11 [super]   # 1337  0xfa6f09d36a46e4a48cce7fd6ed8a17a41ad47e67  prob=0.025619  raw=0.018466
11:30:11 [super]   # 1338  0xf982feea4d7e4c0c814cfd5ad513f6fb942c915a  prob=0.025615  raw=0.018435
11:30:11 [super]   # 1339  0xc9f9a7610efa67b8614c3152f50af2bd9db6c5e8  prob=0.025611  raw=0.018401
11:30:11 [super]   # 1340  0x44814de77aca911c16b40e18a7cedde2604b6ec6  prob=0.025607  raw=0.018366
11:30:11 [super]   # 1341  0x8d5f5872154e26fd8dbfc978c57c8d39ccbd4a49  prob=0.025600  raw=0.018307
11:30:11 [super]   # 1342  0x8591b8885b1d635c6ff6950bb8f1f116f21943f6  prob=0.025591  raw=0.018231
11:30:11 [super]   # 1343  0x777e93df230dacc694717bb0c9699f286dd1d384  prob=0.025590  raw=0.018218
11:30:11 [super]   # 1344  0x69381d3802c506ea22d782f22c511b5bb20d7185  prob=0.025588  raw=0.018200
11:30:11 [super]   # 1345  0x50b6c7b9c5691611ae4a1748e625034cdc9ec9b8  prob=0.025587  raw=0.018192
11:30:11 [super]   # 1346  0x2ec09797436d03c5e11e7f4a0f7f20f5af8596bd  prob=0.025583  raw=0.018155
11:30:11 [super]   # 1347  0xfc8592268645d43ae7a4a1b528e2868e3beeb740  prob=0.025578  raw=0.018113
11:30:11 [super]   # 1348  0xd440f44568c776aacf4a1b8ecd68bbeda3488e73  prob=0.025574  raw=0.018080
11:30:11 [super]   # 1349  0x14ac1ae1df292da44912a63b601ae914ea45ab4c  prob=0.025572  raw=0.018064
11:30:11 [super]   # 1350  0x8bd868cd92d2cf4c5a4098ae2186e845a5110bb2  prob=0.025565  raw=0.018002
11:30:11 [super]   # 1351  0xe8e3e18d8b92d6d29b3449fad94003641a29f4a0  prob=0.025559  raw=0.017956
11:30:11 [super]   # 1352  0xb6294e7af47f0bdf6b7302d2e3af4e13d0456c8d  prob=0.025551  raw=0.017888
11:30:11 [super]   # 1353  0x3905676410199a148ad4326cbf48cb26332feee1  prob=0.025548  raw=0.017861
11:30:11 [super]   # 1354  0x0bd6b7ef7d244e14a076d21e82bcfffe1532d874  prob=0.025546  raw=0.017841
11:30:11 [super]   # 1355  0x68406188c127f3e6575c06d002fe309cd3946748  prob=0.025544  raw=0.017825
11:30:11 [super]   # 1356  0x0fc0d96996b1c77bf01c31c1130d1bdd99584cad  prob=0.025544  raw=0.017821
11:30:11 [super]   # 1357  0x11026bfaed5a021de832c0f4eb24add193b6fc9a  prob=0.025541  raw=0.017799
11:30:11 [super]   # 1358  0xb4763416499108750f49f22278c75cb4ff0b2d87  prob=0.025539  raw=0.017782
11:30:11 [super]   # 1359  0xd555aba271eb00449e0664d4ed1c23e8d2c71a5f  prob=0.025530  raw=0.017703
11:30:11 [super]   # 1360  0xe44503bf19dc453e3afb4dd27dbceaec7b00e8df  prob=0.025528  raw=0.017689
11:30:11 [super]   # 1361  0xde0463ea7f611b065e8ab06bbfbddad75e6dfa37  prob=0.025525  raw=0.017656
11:30:11 [super]   # 1362  0x2800454425964f86cd016ca1c57893310de70bc8  prob=0.025524  raw=0.017650
11:30:11 [super]   # 1363  0x0acaa68c47aca1f4c2c8f517bd7411f69d357b5c  prob=0.025518  raw=0.017597
11:30:11 [super]   # 1364  0x9160fc67143a059237285839006713da25755bfe  prob=0.025513  raw=0.017558
11:30:11 [super]   # 1365  0x38f40b602067334d4be299b1a2f9a5aa30780ca6  prob=0.025508  raw=0.017514
11:30:11 [super]   # 1366  0xdbd7e2dc0e96a2f2c3accbe6e02f08f754c46be4  prob=0.025504  raw=0.017480
11:30:11 [super]   # 1367  0xaefbe0ec8d25ffa3bcdf46cb857d74d2967dcece  prob=0.025501  raw=0.017452
11:30:11 [super]   # 1368  0x64b1913b95922a8c52b65858abaf3289028ba928  prob=0.025497  raw=0.017420
11:30:11 [super]   # 1369  0x468f0dbe12215150b2ccb4f0e4b061d149bfb04a  prob=0.025495  raw=0.017400
11:30:11 [super]   # 1370  0xc67b101f1dcbc6c6a2fb31ac41c27cbd3bb8aa2f  prob=0.025494  raw=0.017397
11:30:11 [super]   # 1371  0x894a5ed73bdcd9c5046eb1adea79b1811abe3d3c  prob=0.025491  raw=0.017365
11:30:11 [super]   # 1372  0x0a59a7f2a870392a5f555aaa11f49d612e748e5c  prob=0.025486  raw=0.017324
11:30:11 [super]   # 1373  0x8c7ce5ff1d980bd7e39ec3aefa1354b5faad99b7  prob=0.025481  raw=0.017278
11:30:11 [super]   # 1374  0x41c0715e3f305ddc17f0ed76f398218a1a49f469  prob=0.025480  raw=0.017269
11:30:11 [super]   # 1375  0x62365f754d4aa7dc537f997f23bb5dd9a9e36881  prob=0.025479  raw=0.017259
11:30:11 [super]   # 1376  0x1a8437067a3f88a09f028015555f871de5f23598  prob=0.025478  raw=0.017251
11:30:11 [super]   # 1377  0xe13b576187e869d77d74fe9346f0fe15bb2eef9a  prob=0.025477  raw=0.017243
11:30:11 [super]   # 1378  0xa5f56cb91627c2c263abe43371f6867a42fe8d3a  prob=0.025471  raw=0.017191
11:30:11 [super]   # 1379  0xf501577904933b3cadc5820646e8ef00a0f7deac  prob=0.025468  raw=0.017165
11:30:11 [super]   # 1380  0x26b5bb86448fc7357d3587935b1094fa7afe2a7d  prob=0.025461  raw=0.017109
11:30:11 [super]   # 1381  0xbb58847b73dff834052d6811152269eb83718729  prob=0.025459  raw=0.017094
11:30:11 [super]   # 1382  0x4a2623c38d310082dd51c45c8c8bfd93309439e5  prob=0.025457  raw=0.017077
11:30:11 [super]   # 1383  0x1773ea5fafd1638ea20177f7b551e0a6175abedf  prob=0.025450  raw=0.017011
11:30:11 [super]   # 1384  0xa3d7da511f8fa63aa79d0c36dba9533729f845f2  prob=0.025449  raw=0.017003
11:30:11 [super]   # 1385  0xfa5e7b7b5e51a09e3b7d74530730a181b4d89c4c  prob=0.025447  raw=0.016986
11:30:11 [super]   # 1386  0x7c0bc91fea33f623c08d918ccf6e7e9ab9237e8b  prob=0.025447  raw=0.016985
11:30:11 [super]   # 1387  0x45f63ae50c299796255431df119c41c9d2909f73  prob=0.025439  raw=0.016917
11:30:11 [super]   # 1388  0xc08c285b6eddda102ac42260f974fee2c3cb5edb  prob=0.025431  raw=0.016849
11:30:11 [super]   # 1389  0xed322eac0406328b804d160915364b72e3f820d6  prob=0.025419  raw=0.016749
11:30:11 [super]   # 1390  0x0f0cf2970b3b8f07d8a14152d4f1058cc482dfe8  prob=0.025416  raw=0.016719
11:30:11 [super]   # 1391  0x9dc753041e2bc08438c23166bc84a92a6ba08c0a  prob=0.025410  raw=0.016669
11:30:11 [super]   # 1392  0x2b2c5c842e3277d11fb53319bd3cf2e6af3da85e  prob=0.025408  raw=0.016648
11:30:11 [super]   # 1393  0x96212d73505328eca4660a3344b3d06e0c0d7d9d  prob=0.025404  raw=0.016619
11:30:11 [super]   # 1394  0xb41aabe82d353b04754af7a31972a8319cb01935  prob=0.025397  raw=0.016554
11:30:11 [super]   # 1395  0x916905d65179a802dd1e90b92910ae63a2c8e2da  prob=0.025395  raw=0.016537
11:30:11 [super]   # 1396  0x28f3a7544f7d6276018f58861b742dee1c63d5f4  prob=0.025390  raw=0.016496
11:30:11 [super]   # 1397  0x70ca26a7f14639c0d1147d480ada6c0990edd837  prob=0.025386  raw=0.016461
11:30:11 [super]   # 1398  0xabac536449439bb713d80d4dd41f3694c9386c97  prob=0.025385  raw=0.016453
11:30:11 [super]   # 1399  0x4483c26cdf27496cf32fb244972fca3f9ee5c565  prob=0.025381  raw=0.016419
11:30:11 [super]   # 1400  0xccd8ed066e8b8b920745b7fd65bde4a14b39d5b5  prob=0.025363  raw=0.016264
11:30:11 [super]   # 1401  0xe47503e46a0296053c97b59699bde224461e4aeb  prob=0.025362  raw=0.016247
11:30:11 [super]   # 1402  0x7479d1e26ce959ed44d36f0f02ab555d4534fbec  prob=0.025361  raw=0.016244
11:30:11 [super]   # 1403  0x57682b983d86c77e270b120b35ccc7e4595e70b0  prob=0.025359  raw=0.016227
11:30:11 [super]   # 1404  0xfb5b71f6ec174e2f00aed730b185eb92971bb8c0  prob=0.025357  raw=0.016211
11:30:11 [super]   # 1405  0x34b16f87b09dfed7c6ee596b4816653fc387bc54  prob=0.025355  raw=0.016188
11:30:11 [super]   # 1406  0x68f80c5fc60caf0c9889a74842c5af0985c703a7  prob=0.025351  raw=0.016154
11:30:11 [super]   # 1407  0xffde03bfa063f19cbe600d9d46286f36ca39219d  prob=0.025345  raw=0.016102
11:30:11 [super]   # 1408  0xe18de7e91198c4ea2a063085f9a39404298f24eb  prob=0.025342  raw=0.016077
11:30:11 [super]   # 1409  0xd7777174025a6151df38697d795917d3bfbe4ed2  prob=0.025341  raw=0.016069
11:30:11 [super]   # 1410  0x2853240a0f4e9e11a949a5cfa6e0fe953a293482  prob=0.025340  raw=0.016056
11:30:11 [super]   # 1411  0x18345b6921445650377ee9c8dc2be6beb418795a  prob=0.025331  raw=0.015980
11:30:11 [super]   # 1412  0x7231911229392425284aceb8490d7f83d3418e0e  prob=0.025327  raw=0.015950
11:30:11 [super]   # 1413  0x27621dadc65fa6e1ad2105b4500a6a7b584ed65a  prob=0.025323  raw=0.015913
11:30:11 [super]   # 1414  0x1534aac78e168038bd277813acff6156e435f40f  prob=0.025312  raw=0.015821
11:30:11 [super]   # 1415  0xd2df03a7d67482d9d6a58855e9619205d762d537  prob=0.025308  raw=0.015785
11:30:11 [super]   # 1416  0x61c3403e48a7d2e772745b522c775f0e0da92a26  prob=0.025306  raw=0.015768
11:30:11 [super]   # 1417  0xb7890bbb5f01c487d4735b5c8ec3de6fc4441e92  prob=0.025304  raw=0.015751
11:30:11 [super]   # 1418  0xd9a388243f0761e19b41550f3da6f3db4300c5b3  prob=0.025300  raw=0.015715
11:30:11 [super]   # 1419  0xf7d8316bb3c7cbcadc186e55a1235d62a02f6082  prob=0.025292  raw=0.015641
11:30:11 [super]   # 1420  0xbfebe656dffe18e37431ea5fcd3aa25054c88728  prob=0.025278  raw=0.015523
11:30:11 [super]   # 1421  0xfb7b03674dfb4b230a22de3d2740b0a0e3aa13eb  prob=0.025271  raw=0.015459
11:30:11 [super]   # 1422  0x63bfdb24b9abf5acf6b3e680284c535c442d4bef  prob=0.025260  raw=0.015366
11:30:11 [super]   # 1423  0xce69c031d67298404f8ad5bf03eaab5c61813e08  prob=0.025258  raw=0.015350
11:30:11 [super]   # 1424  0xd0f817a9e64828c33fa7f94f803f6698461f1546  prob=0.025258  raw=0.015347
11:30:11 [super]   # 1425  0xb412326d42c1fa00846c44eaae8fd2f6f0a53026  prob=0.025253  raw=0.015304
11:30:11 [super]   # 1426  0x0c42d47c9a2fc30ea5a38492e5ed1b586aca7af2  prob=0.025251  raw=0.015289
11:30:11 [super]   # 1427  0xefabdd6fe129b35f636e1f4966f57ac6d9f3b927  prob=0.025250  raw=0.015278
11:30:11 [super]   # 1428  0xfbff8d110ff1a34e486d791b389ea4d5f8cc5830  prob=0.025248  raw=0.015256
11:30:11 [super]   # 1429  0x0a44a37c8e64cb5dd3b6cc08415112061277a45a  prob=0.025246  raw=0.015243
11:30:11 [super]   # 1430  0xbdab318188b16a0f37aba37a535a4f7d8e5fcb26  prob=0.025243  raw=0.015214
11:30:11 [super]   # 1431  0x79f8d5d229d8ac35263cdffd2adde616f8429f03  prob=0.025241  raw=0.015198
11:30:11 [super]   # 1432  0xa5d8ceaebd36582a998b454138f866f78f6238c7  prob=0.025235  raw=0.015147
11:30:11 [super]   # 1433  0x4174d977024bf5e233b091b7bdaa7592811e9008  prob=0.025233  raw=0.015133
11:30:11 [super]   # 1434  0x9288053b31763c77316512b8c4233fe77e708303  prob=0.025232  raw=0.015120
11:30:11 [super]   # 1435  0xb1efb1c77a4603dd9a5255465e52e0670e1c75f2  prob=0.025230  raw=0.015106
11:30:11 [super]   # 1436  0x5ed91c0a51e5f668ddf3861f223da5a2cdc982c0  prob=0.025228  raw=0.015085
11:30:11 [super]   # 1437  0xd06f0f7719df1b3b75b607923536b3250825d4a6  prob=0.025224  raw=0.015047
11:30:11 [super]   # 1438  0x633db3238d8b372334df19aa060ea50d7cf973fc  prob=0.025223  raw=0.015038
11:30:11 [super]   # 1439  0xbf6071d6ce344f03e5f1242830738e716026c76e  prob=0.025219  raw=0.015008
11:30:11 [super]   # 1440  0xd28d4de84c6f81a48f2d940248510177b0e50e6d  prob=0.025218  raw=0.014997
11:30:11 [super]   # 1441  0xc0ddafa1509e8fe119260899a72df8fbbf35b5a6  prob=0.025217  raw=0.014990
11:30:11 [super]   # 1442  0xe0a5a4be7fe0cf36f8eda22559020839069bb54d  prob=0.025216  raw=0.014981
11:30:11 [super]   # 1443  0xb5bdb5b1c9a3c5179273f5a7e4582c1d7f747e75  prob=0.025214  raw=0.014965
11:30:11 [super]   # 1444  0xc79e37a3ce3efa1cdbe86979ba6a007ffe6ed498  prob=0.025214  raw=0.014963
11:30:11 [super]   # 1445  0xeb9d299e281ff55638618728974ad3ce728fe31b  prob=0.025213  raw=0.014951
11:30:11 [super]   # 1446  0x4aaefd543cc6519c12748669f5e4b5daedcdd563  prob=0.025200  raw=0.014841
11:30:11 [super]   # 1447  0x55d82131d97da85791e0c9da86cff8d904db4e6b  prob=0.025199  raw=0.014829
11:30:11 [super]   # 1448  0x2d18ab0950f7728f07edec92a188551412b7f733  prob=0.025197  raw=0.014814
11:30:11 [super]   # 1449  0x36e8eac879cb86b7e881f67944b988997320db37  prob=0.025194  raw=0.014787
11:30:11 [super]   # 1450  0xff91fc43922d2df759238ac2bb8d3eb549ce6786  prob=0.025181  raw=0.014680
11:30:11 [super]   # 1451  0x474e1dc5db96fd210d1ca603cb5948fe4695441f  prob=0.025180  raw=0.014670
11:30:11 [super]   # 1452  0x6e7b8cdd1e65e760b0967410ff35a3b3972d3896  prob=0.025179  raw=0.014658
11:30:11 [super]   # 1453  0x8ef2a97b8faed5b044a428dff5e467742e4e86f8  prob=0.025172  raw=0.014598
11:30:11 [super]   # 1454  0x27ecc8aa342af8138023f51feb982997ef70e521  prob=0.025171  raw=0.014585
11:30:11 [super]   # 1455  0x18abbfdb265d3221669cd1fabc0b2d00890bbae4  prob=0.025170  raw=0.014583
11:30:11 [super]   # 1456  0x0cd01465a3a6579f1e5052a9c0bdfde557ff0e01  prob=0.025163  raw=0.014518
11:30:11 [super]   # 1457  0xf263b5566c055b96d986d39fead106f01344d065  prob=0.025162  raw=0.014509
11:30:11 [super]   # 1458  0xc0d92c7177507c5acad54205cf8e638b64d9da5e  prob=0.025161  raw=0.014505
11:30:11 [super]   # 1459  0x5c41c420ff63fdf1888532ab032c4523f023deed  prob=0.025157  raw=0.014465
11:30:11 [super]   # 1460  0xd8069645fa8de6bcfcd76283942448f0695ee841  prob=0.025149  raw=0.014395
11:30:11 [super]   # 1461  0xab1c33ae4c4b623be5919f4079ad346b26db2162  prob=0.025146  raw=0.014374
11:30:11 [super]   # 1462  0x9639ebaab09121e36d1c1056f4ee4f354c127b56  prob=0.025144  raw=0.014355
11:30:11 [super]   # 1463  0x659c970982ac1b464fc419694b10c052b22ca086  prob=0.025133  raw=0.014258
11:30:11 [super]   # 1464  0x00201e126e707671acced682404faaf548d0e241  prob=0.025131  raw=0.014237
11:30:11 [super]   # 1465  0xd251888534639d48da16168aa7b50ba019c8d611  prob=0.025128  raw=0.014211
11:30:11 [super]   # 1466  0xac4e0811fc99799773598f9be82e46dbf95510eb  prob=0.025127  raw=0.014207
11:30:11 [super]   # 1467  0x2e2c4161d68cf2f1ab6a45245a9e19e25b03e2fd  prob=0.025125  raw=0.014188
11:30:11 [super]   # 1468  0x55b9d8e4d608800f65fed66c667c4c686edaf0d6  prob=0.025123  raw=0.014171
11:30:11 [super]   # 1469  0x9f81653e9f2c5ad36c1283c968dc70f2e2af222d  prob=0.025111  raw=0.014060
11:30:11 [super]   # 1470  0xf385dc56afb18a123a5d466359c5f2a21bc34864  prob=0.025101  raw=0.013975
11:30:11 [super]   # 1471  0x7b5887dcffa32af1ec155a8835c48b4e948aeb2b  prob=0.025100  raw=0.013969
11:30:11 [super]   # 1472  0x79f82a4dee103056eedf61565bb094dc48303111  prob=0.025097  raw=0.013938
11:30:11 [super]   # 1473  0x6864204009ba1e137989983eafee8644cb3f294b  prob=0.025095  raw=0.013920
11:30:11 [super]   # 1474  0x2eba0bd81e35707040c4dc84071b3bb90d32ffa3  prob=0.025088  raw=0.013860
11:30:11 [super]   # 1475  0x20853a307460c2d5ab9aabe41dec59c02ad7196d  prob=0.025081  raw=0.013803
11:30:11 [super]   # 1476  0x2c5cb5173c5e6bf55be9fe9d48bc5eefefc4b60d  prob=0.025081  raw=0.013802
11:30:11 [super]   # 1477  0x31d69a4c22e73bfeec35f163cdad0b266abe3ba5  prob=0.025080  raw=0.013794
11:30:11 [super]   # 1478  0xe00667e5ac659dfd00437e14d5b39b68d28be35b  prob=0.025076  raw=0.013755
11:30:11 [super]   # 1479  0x7439ba9e53a2d08aac19c07d5667651ff846426b  prob=0.025074  raw=0.013737
11:30:11 [super]   # 1480  0x9873878fa9cda598bcf8452d8c9418a85e6f1dee  prob=0.025074  raw=0.013736
11:30:11 [super]   # 1481  0xa024dc8e66ea30ff8cf1ea3b3ff83671fcdd1516  prob=0.025071  raw=0.013716
11:30:11 [super]   # 1482  0x7f2928f6f7626b13fbac2d566b834e4764fc0760  prob=0.025071  raw=0.013715
11:30:11 [super]   # 1483  0x78e1fb8be0271e001c57983beac8b1840653154c  prob=0.025070  raw=0.013702
11:30:11 [super]   # 1484  0xb244c12b6cbb01dcc0933e70b66daf18bc0b7ed9  prob=0.025068  raw=0.013683
11:30:11 [super]   # 1485  0x95db0d3f34934039070a931cf1fdb6c1a194e06e  prob=0.025065  raw=0.013657
11:30:11 [super]   # 1486  0xe103707480b4f1625bce4084795f91ac503459fd  prob=0.025059  raw=0.013608
11:30:11 [super]   # 1487  0x28ddc2b81cb0446dcc83c9bf05bd56946e2e888a  prob=0.025059  raw=0.013608
11:30:11 [super]   # 1488  0x957f691adbd03039025f06d285a5c3e5384499c8  prob=0.025051  raw=0.013535
11:30:11 [super]   # 1489  0x89cd944aa9cf528142e3557099c6992eb7ce4d7d  prob=0.025049  raw=0.013523
11:30:11 [super]   # 1490  0x5bd637989d2e7723439d6514f4042646f6330d99  prob=0.025049  raw=0.013516
11:30:11 [super]   # 1491  0xcb5cc881484c913a222980c6776dd27bcffeb34a  prob=0.025043  raw=0.013467
11:30:11 [super]   # 1492  0x73204a56b64ed06e5b0fe31d0dd8f3a16b5679e6  prob=0.025037  raw=0.013417
11:30:11 [super]   # 1493  0x22837d88d026c86decd4ca7476bbb37795854f26  prob=0.025037  raw=0.013415
11:30:11 [super]   # 1494  0x9a30facccf08d6e9c932df1666c58c683289fcee  prob=0.025035  raw=0.013399
11:30:11 [super]   # 1495  0x1aa02b0c05cda7c9f0e4d12544a7851193ca1fa0  prob=0.025033  raw=0.013381
11:30:11 [super]   # 1496  0x4c030f903b090f8a6800e5b9e7108c9134151592  prob=0.025033  raw=0.013378
11:30:11 [super]   # 1497  0x682c0fc145a8103994b5dc8a146aea75b8ce382b  prob=0.025032  raw=0.013374
11:30:11 [super]   # 1498  0x375191b48ef5761e0c621b8e4a5374e964937dfd  prob=0.025027  raw=0.013326
11:30:11 [super]   # 1499  0x62e0389eec2648c3445a8cf016aba031479207de  prob=0.025024  raw=0.013303
11:30:11 [super]   # 1500  0x4d2dd9a9729332a79719f91ea4b03004f254c755  prob=0.025022  raw=0.013283
11:30:11 [super]   # 1501  0xe314b4cc25f76631fc77135267e48e3b1cbdb203  prob=0.025017  raw=0.013241
11:30:11 [super]   # 1502  0xced914a06fb66b40cdffe36ddd728876eb350b0c  prob=0.025013  raw=0.013207
11:30:11 [super]   # 1503  0xd2b2775248989deae27bf7eb0c77e889f22671ba  prob=0.025011  raw=0.013183
11:30:11 [super]   # 1504  0x81525952f172646a4104030e9a9ef1e769c7bfda  prob=0.025010  raw=0.013180
11:30:11 [super]   # 1505  0x9f101a1d4295120474d0695e74c8eecedb31a9a5  prob=0.025008  raw=0.013158
11:30:11 [super]   # 1506  0x825e2e0d4605092ee20fc461b5682fa8d2a4904f  prob=0.025001  raw=0.013095
11:30:11 [super]   # 1507  0xbad6ead16f3283f58e7c63f1a1b7628ca4609963  prob=0.024997  raw=0.013061
11:30:11 [super]   # 1508  0x3ef24543aab084a951939acea35fb81e3f23f85e  prob=0.024987  raw=0.012972
11:30:11 [super]   # 1509  0x083f818ee988cc06300ed8d48cc5e0410ff5a55f  prob=0.024986  raw=0.012965
11:30:11 [super]   # 1510  0xe8a68017820cc850b4d13cfd8a165eb438b4644b  prob=0.024984  raw=0.012953
11:30:11 [super]   # 1511  0x4f0edbc5391690f65cc97f681c786a110287bdf1  prob=0.024984  raw=0.012946
11:30:11 [super]   # 1512  0x7c0c4d7a7941b0171c94cbfc3b3a9bd5144a6825  prob=0.024978  raw=0.012893
11:30:11 [super]   # 1513  0x3938d5484aa710cb52b769f5b280a0c214ed713c  prob=0.024969  raw=0.012817
11:30:11 [super]   # 1514  0xac98d2032725cc2775eea804574c63ba9e97457c  prob=0.024965  raw=0.012780
11:30:11 [super]   # 1515  0x6deeeebac39ce765a734ca44947760deb62af4e6  prob=0.024957  raw=0.012712
11:30:11 [super]   # 1516  0x0e4b3843ad5a22bf1c571ad04e82ad45f1e85c74  prob=0.024957  raw=0.012711
11:30:11 [super]   # 1517  0x3a96edb1e0b312bb37401f4f67b0df19f58288be  prob=0.024956  raw=0.012703
11:30:11 [super]   # 1518  0xf403fd977a281ae015b56a75058c03cf9aee5b97  prob=0.024955  raw=0.012689
11:30:11 [super]   # 1519  0xe3a54ac4ef7e899d4cc0b12c1cd964bc11e23a65  prob=0.024953  raw=0.012679
11:30:11 [super]   # 1520  0x9e47317e7a35b6ca5feda6394d1eb2d3f02ae1ec  prob=0.024951  raw=0.012657
11:30:11 [super]   # 1521  0x01a7dca419d5b060c7416444387206decf5dd592  prob=0.024950  raw=0.012648
11:30:11 [super]   # 1522  0xa3943c39f4d73ab7e15a2d240a9ff3e92ded8d06  prob=0.024948  raw=0.012633
11:30:11 [super]   # 1523  0x625a61d49e313018b66e6bcf81fc7ec501d13c14  prob=0.024944  raw=0.012594
11:30:11 [super]   # 1524  0x7ab1c4e849455e801e91d80a661c8c9d6000ef66  prob=0.024938  raw=0.012540
11:30:11 [super]   # 1525  0x3e32c3c3fa41fd2093233cbf0fc6ad5a6de4d1c4  prob=0.024937  raw=0.012538
11:30:11 [super]   # 1526  0x50dadd67b1628c461973aedce1e10430b80e0b82  prob=0.024934  raw=0.012506
11:30:11 [super]   # 1527  0xd94626e711f0759fc2bf8f5200b7cd7407001259  prob=0.024932  raw=0.012488
11:30:11 [super]   # 1528  0x1a475c96573121a913ae61cbc57005c6c0e4846f  prob=0.024928  raw=0.012453
11:30:11 [super]   # 1529  0x27f1c82080fc64de792b29d05b3a3f77d5941a41  prob=0.024926  raw=0.012437
11:30:11 [super]   # 1530  0x72dc0ec3309b07f7d7e0057233cde4e310c6248b  prob=0.024920  raw=0.012388
11:30:11 [super]   # 1531  0x28a3cb66d84115834950b9f34dd78fd4cf5c79f9  prob=0.024917  raw=0.012360
11:30:11 [super]   # 1532  0xb9033d838351469cd684a22c095ce4da3077ea1b  prob=0.024914  raw=0.012327
11:30:11 [super]   # 1533  0x7cf624a0e45aa3dd299c1e695813998e41217b61  prob=0.024912  raw=0.012315
11:30:11 [super]   # 1534  0x33038c329b1c2117c9f194cd09e014cea10c9266  prob=0.024908  raw=0.012282
11:30:11 [super]   # 1535  0x8b1f80020a5c010a52791ab3fd695ae74eca4eeb  prob=0.024908  raw=0.012275
11:30:11 [super]   # 1536  0xe9ee7dbcba60b21e417b0eba624fd1581e2ab6d4  prob=0.024902  raw=0.012224
11:30:11 [super]   # 1537  0xeaa2b93467d668bde3d63ecb521cf663cd91ac61  prob=0.024900  raw=0.012208
11:30:11 [super]   # 1538  0xcceddfb8933db63b5dfbfd49620e31e79f609ffe  prob=0.024899  raw=0.012196
11:30:11 [super]   # 1539  0xe84808ecc6693076513f2837a3912f407c457348  prob=0.024898  raw=0.012188
11:30:11 [super]   # 1540  0x20632ee2bdd851a797417be6b2c2074dbfd41eed  prob=0.024895  raw=0.012160
11:30:11 [super]   # 1541  0xdfedfd11670688ef1cd737a04bf01c06f5715fba  prob=0.024893  raw=0.012145
11:30:11 [super]   # 1542  0xd04c819b15bb7061b9b63525323b4fdc311b9036  prob=0.024892  raw=0.012140
11:30:11 [super]   # 1543  0x1771c202f0ca3a13f4cb1065b1646a7195f92a83  prob=0.024891  raw=0.012132
11:30:11 [super]   # 1544  0xc92d584ce67f3a7d460e24d9e47fb3c8aa352497  prob=0.024886  raw=0.012088
11:30:11 [super]   # 1545  0x85c9fd3157c2415a8a49e8ea35677bfd1d96fcc9  prob=0.024878  raw=0.012013
11:30:11 [super]   # 1546  0x964a2e9edee268e12d9e290910703279839151dd  prob=0.024877  raw=0.012002
11:30:11 [super]   # 1547  0xc417751d89fc02b6375d3cd5d91c4f81f15c3ca6  prob=0.024875  raw=0.011985
11:30:11 [super]   # 1548  0xc0b493f24697d8020fc600d29f88d45f8d649420  prob=0.024874  raw=0.011982
11:30:11 [super]   # 1549  0xe59e310b8b2514a423600be54ca8fb45da62ac9a  prob=0.024868  raw=0.011928
11:30:11 [super]   # 1550  0xf8e495973a61e4fd00e6be998410ed546adf7ff5  prob=0.024866  raw=0.011909
11:30:11 [super]   # 1551  0x5dbf0895aec29c2abc2fc956cdbcfc1d7f448444  prob=0.024866  raw=0.011907
11:30:11 [super]   # 1552  0xff940f97206b2cd6147560eddd25157b48e2c347  prob=0.024863  raw=0.011880
11:30:11 [super]   # 1553  0x0a3c4ed4e2698b0ae4f80dcc0f91828fc6ca537d  prob=0.024863  raw=0.011879
11:30:11 [super]   # 1554  0x2d4bf8f846bf68f43b9157bf30810d334ac6ca7a  prob=0.024859  raw=0.011843
11:30:11 [super]   # 1555  0xeb5151659e72a91ba0c81762580d748e4049c971  prob=0.024857  raw=0.011830
11:30:11 [super]   # 1556  0xf3783dc69f0bff097a02ffbc94415a1440748196  prob=0.024856  raw=0.011815
11:30:11 [super]   # 1557  0xc7f226b762d007e4f8add3af073f297ca3b3e36d  prob=0.024854  raw=0.011800
11:30:11 [super]   # 1558  0x124d8f5c721847ade6d7b48587a2ec09e8f6bca9  prob=0.024851  raw=0.011771
11:30:11 [super]   # 1559  0x19a09480ce0b8c67a97b0623b284702e6422d5a3  prob=0.024849  raw=0.011757
11:30:11 [super]   # 1560  0xf026357e120dca735f64706f0abdf3f2690f349a  prob=0.024849  raw=0.011757
11:30:11 [super]   # 1561  0x75e765216a57942d738d880ffcda854d9f869080  prob=0.024841  raw=0.011690
11:30:11 [super]   # 1562  0x0f6ca040dd7ced3f3ce6602c7a5751ecd4ebcc52  prob=0.024840  raw=0.011677
11:30:11 [super]   # 1563  0x4e5396706ba4f70169100c8b79b3976d3804098f  prob=0.024837  raw=0.011655
11:30:11 [super]   # 1564  0xefc5604b839e7bf8d7b4047044e45f885e64247c  prob=0.024825  raw=0.011544
11:30:11 [super]   # 1565  0xf4f164a6dfdd27a86e76180dddad95ce67c56349  prob=0.024821  raw=0.011507
11:30:11 [super]   # 1566  0xb13d24b0439ac5ef46fe200e5cde8d206f1d7287  prob=0.024819  raw=0.011489
11:30:11 [super]   # 1567  0x3e0142a9e0a4a1abd9a8a77fa55efb16e5c7d7b1  prob=0.024816  raw=0.011466
11:30:11 [super]   # 1568  0xb654461366753462b7abfaaac9d32d35d130b916  prob=0.024815  raw=0.011460
11:30:11 [super]   # 1569  0x22e869f8dee8e703107906096fafe3a8b8d757f3  prob=0.024812  raw=0.011427
11:30:11 [super]   # 1570  0x329aeac7ab3693f910cd9ba7ce744c93c9d6b05b  prob=0.024805  raw=0.011370
11:30:11 [super]   # 1571  0xdc3dbf44e4b1e94be280c40f3b078c89e557c572  prob=0.024803  raw=0.011349
11:30:11 [super]   # 1572  0x786cefc7148df3674d2627479f0e45eb6239b5fd  prob=0.024801  raw=0.011333
11:30:11 [super]   # 1573  0xd8f25d348c823643bc50834c4049d98607f889f3  prob=0.024801  raw=0.011332
11:30:11 [super]   # 1574  0xc16ceae6fc49c33b7ecb3a0157851de75239971f  prob=0.024797  raw=0.011296
11:30:11 [super]   # 1575  0x3bef39e74640f5af9522663400e161f9d2f29a71  prob=0.024796  raw=0.011288
11:30:11 [super]   # 1576  0x4fba585b3fcb8132d321184907308bdc032dbe0b  prob=0.024795  raw=0.011280
11:30:11 [super]   # 1577  0x4a137fa208741607257ea6dcc45720f13a065dbf  prob=0.024794  raw=0.011271
11:30:11 [super]   # 1578  0xe1f9495a6f39eacd55e5c8f1a26c548c723ec4e8  prob=0.024794  raw=0.011267
11:30:11 [super]   # 1579  0xe04e7fb8501e0acf9bd552b53b6bf6644138e370  prob=0.024794  raw=0.011267
11:30:11 [super]   # 1580  0xf23d551082108f0fbd44169bcb720f73025e9e3c  prob=0.024793  raw=0.011265
11:30:11 [super]   # 1581  0x22e102765d8ba1dee13db4824f58497808638f46  prob=0.024792  raw=0.011249
11:30:11 [super]   # 1582  0x73b4b2498176bf54c07b5afd87cdc8fd5de64854  prob=0.024791  raw=0.011242
11:30:11 [super]   # 1583  0x54278dd3bd3703f69d9547363e358576c74a2985  prob=0.024786  raw=0.011202
11:30:11 [super]   # 1584  0xee03ce45148ca04f45ef9d296569e02a9db873c8  prob=0.024786  raw=0.011195
11:30:11 [super]   # 1585  0x595a05dbfa4b42d8af92090459bc3fc1da7dd3ac  prob=0.024785  raw=0.011194
11:30:11 [super]   # 1586  0x769c36534b6968d51b37ab9e09ee2ba4964a8bee  prob=0.024783  raw=0.011171
11:30:11 [super]   # 1587  0x79b89015e6f524e02b3c64657923c5a03b6612b1  prob=0.024782  raw=0.011160
11:30:11 [super]   # 1588  0x6c7fe85a961c74d111ed137321bec99f5c78a52c  prob=0.024781  raw=0.011153
11:30:11 [super]   # 1589  0xc454f48d05bbcb616a4f94d74c4fc3fd3cf6c136  prob=0.024781  raw=0.011151
11:30:11 [super]   # 1590  0xb2dbffba781ff5c561b3d8c4806843ed7aba885a  prob=0.024780  raw=0.011146
11:30:11 [super]   # 1591  0x7225709a0407b300d48e36e1c2c1bd8e072e0a44  prob=0.024779  raw=0.011141
11:30:11 [super]   # 1592  0x8e699f4f962c9bd0c7cbf6f16d70379f73e8dd40  prob=0.024773  raw=0.011088
11:30:11 [super]   # 1593  0xb166c8a6358d0c5f7b002e4a11252a08e16c7ba1  prob=0.024772  raw=0.011074
11:30:11 [super]   # 1594  0x45569584e0b5b54a49fdd1fe9911a14890243f06  prob=0.024772  raw=0.011072
11:30:11 [super]   # 1595  0xb9ff64cc1241ae25b165927ffc871ca7faae5e00  prob=0.024769  raw=0.011053
11:30:11 [super]   # 1596  0xfb7cb3415a7eb4164d0009531dd134bb9b2721d9  prob=0.024769  raw=0.011045
11:30:11 [super]   # 1597  0x494763ded10e3aa2b17a3524ae0f6ab8392bd6fa  prob=0.024768  raw=0.011043
11:30:11 [super]   # 1598  0x5f1b939348c7db23577eb5fdc28743c335d7e49f  prob=0.024767  raw=0.011031
11:30:11 [super]   # 1599  0xe54fac49d0fa4a47517d5a190554c3d6fcac94f0  prob=0.024765  raw=0.011017
11:30:11 [super]   # 1600  0xfd26500d43c332d2d61ee43c0683d02f13ebad3d  prob=0.024764  raw=0.011002
11:30:11 [super]   # 1601  0x8cdf34e9ae15ce790110ac3015c082f11567ec5e  prob=0.024762  raw=0.010988
11:30:11 [super]   # 1602  0x17413d3c3f6ea20e8126061f423997ec179e0ffc  prob=0.024762  raw=0.010986
11:30:11 [super]   # 1603  0x71a61314f24b71f51290e0f2a6c43054610a6fa0  prob=0.024762  raw=0.010986
11:30:11 [super]   # 1604  0x9d3b15d9ed808371a0b4515dd19f4139b2802676  prob=0.024762  raw=0.010984
11:30:11 [super]   # 1605  0x34134e7c29b654c4f53ec213e6f35808b3f05204  prob=0.024761  raw=0.010978
11:30:11 [super]   # 1606  0x1edf3358cd2943a2530973d51688b0b9e077b23b  prob=0.024755  raw=0.010925
11:30:11 [super]   # 1607  0x61d0aceed741417e9b7ea45bcb7bf0295c8d1d86  prob=0.024754  raw=0.010915
11:30:11 [super]   # 1608  0x6eaa44794c145b4359b9d468547f44fa96d83381  prob=0.024754  raw=0.010913
11:30:11 [super]   # 1609  0xa7149777051934ac204fddbc598dc30d53bdfaab  prob=0.024751  raw=0.010888
11:30:11 [super]   # 1610  0x93e7b5c4ccd56b495095b95304fc03deea3c9e61  prob=0.024749  raw=0.010873
11:30:11 [super]   # 1611  0xd14473af8ca40b52a01d34cc8e8d44ac1a2d4159  prob=0.024749  raw=0.010869
11:30:11 [super]   # 1612  0x5c2a7816c6f1e72a2662bb2a344c9edf9ce41d9a  prob=0.024748  raw=0.010861
11:30:11 [super]   # 1613  0x7d7bd9e72a6ecb22b2ed94e8b3e7e2f3f5d4da50  prob=0.024744  raw=0.010829
11:30:11 [super]   # 1614  0xa10004803c3e8f9d9bceeb86e82eb33b0ee86fbf  prob=0.024744  raw=0.010827
11:30:11 [super]   # 1615  0xc554237c556bb089f9375daad2f42b03101e268c  prob=0.024744  raw=0.010823
11:30:11 [super]   # 1616  0x0281f17baa779bf2ef4a57899f2a1da9d576efc4  prob=0.024740  raw=0.010788
11:30:11 [super]   # 1617  0xd8d318a339660d3f0c3c48248480bf82169ccc60  prob=0.024739  raw=0.010780
11:30:11 [super]   # 1618  0x4ff9cc8741fcd535121bab6b8addc4c12e99fac9  prob=0.024739  raw=0.010779
11:30:11 [super]   # 1619  0xace2d7211f4a66e5b030c208ac336fa984bb2089  prob=0.024738  raw=0.010772
11:30:11 [super]   # 1620  0xf86c606c8a360c38037cdab2f81fb5ed2e94ba99  prob=0.024731  raw=0.010710
11:30:11 [super]   # 1621  0xcd9607c4a676b7815f10bb8bc25355414e47cbdc  prob=0.024726  raw=0.010668
11:30:11 [super]   # 1622  0x25da6fe473176ce361ae7da73eadcc3f6f526772  prob=0.024726  raw=0.010663
11:30:11 [super]   # 1623  0xcd4acdf99dc00feabb4cdb1fd66e9d7319dbfbf7  prob=0.024720  raw=0.010617
11:30:11 [super]   # 1624  0x2b929c361b3cef7137d7ea8df7d5eb370f3ec333  prob=0.024718  raw=0.010600
11:30:11 [super]   # 1625  0x8d97969fb03f2e457cbedd51fc8252aff50c25f9  prob=0.024718  raw=0.010599
11:30:11 [super]   # 1626  0xab7c22e9f190f3acc877629e8ea098facb9663ce  prob=0.024718  raw=0.010595
11:30:11 [super]   # 1627  0x18517d7d26f14d0262d5f62f421fac4396fd6a11  prob=0.024715  raw=0.010564
11:30:11 [super]   # 1628  0x0c2a8a4d0bcc7236013d66ebb32284fbc3c0807e  prob=0.024713  raw=0.010555
11:30:11 [super]   # 1629  0x7fad3dd159a39ae8b4fb8868720a7a884babae2c  prob=0.024713  raw=0.010555
11:30:11 [super]   # 1630  0x16db842635c20567ab14c616e9e01f76d4eba25a  prob=0.024712  raw=0.010543
11:30:11 [super]   # 1631  0x495c7239205ea7500374e87e024c50258bfd512b  prob=0.024710  raw=0.010520
11:30:11 [super]   # 1632  0xbba4f4d3984e4a24052c3fc798a965103514f8c6  prob=0.024708  raw=0.010507
11:30:11 [super]   # 1633  0x52b6392df0b0afd04a8fe948ea1a67be5405b02e  prob=0.024706  raw=0.010492
11:30:11 [super]   # 1634  0x6ea44906da8b066b6d417a5181c05f0c2d31703b  prob=0.024704  raw=0.010470
11:30:11 [super]   # 1635  0xd0b4a50b31a17fb8d0691065797a37d28e903552  prob=0.024703  raw=0.010463
11:30:11 [super]   # 1636  0x756c0ed173258da62d4098e76ed8c51e7228503f  prob=0.024701  raw=0.010447
11:30:11 [super]   # 1637  0x4c9b5a77f6bd94630b7d8358412f5868a5fae74a  prob=0.024698  raw=0.010413
11:30:11 [super]   # 1638  0xb8b4e2cfc63b4f37a723e942ae26cda889aeb41d  prob=0.024695  raw=0.010392
11:30:11 [super]   # 1639  0xefe28e8e83b6bfadd3871340f577aa83b1d1b68c  prob=0.024695  raw=0.010391
11:30:11 [super]   # 1640  0x88fa1c02fce14b4ea269fc36fef1b91ff06c60a6  prob=0.024693  raw=0.010369
11:30:11 [super]   # 1641  0x65101e7228f105be34a5315b350107c0d7e6b225  prob=0.024692  raw=0.010367
11:30:11 [super]   # 1642  0x84e7717bdf8445103e007e8367a919fb20cf8ada  prob=0.024691  raw=0.010358
11:30:11 [super]   # 1643  0x854c14c2ceba6ac8231c6bd59b00850d5586a964  prob=0.024689  raw=0.010337
11:30:11 [super]   # 1644  0x9186d055d6cc2d20f6ebbb8f6ba8fda5787f0666  prob=0.024689  raw=0.010336
11:30:11 [super]   # 1645  0x5782fc43e07c9da7fcc6e39221480442ae04a16a  prob=0.024687  raw=0.010318
11:30:11 [super]   # 1646  0xdc8d49e3317dab913726f10c75a6dff742c784bc  prob=0.024684  raw=0.010292
11:30:11 [super]   # 1647  0x0f26017d358b894db7696baa99aaacc04e4d5882  prob=0.024682  raw=0.010274
11:30:11 [super]   # 1648  0xb4941722dee7f238dfc119bee47ab9833dd6f4f5  prob=0.024681  raw=0.010264
11:30:11 [super]   # 1649  0xf0f6b5ac824ea202d312f46e7f701eeae354f699  prob=0.024679  raw=0.010250
11:30:11 [super]   # 1650  0x843ec2826a0fc48d010dc87bdbb738339f553530  prob=0.024679  raw=0.010246
11:30:11 [super]   # 1651  0x38cb9fc17969d0085ad73fb6d8f3fb75e0442752  prob=0.024676  raw=0.010217
11:30:11 [super]   # 1652  0x78889093b86f4b0f338829025c3d7ccde6c050ad  prob=0.024674  raw=0.010201
11:30:11 [super]   # 1653  0x2f2135177c7cf14aea193c22e5f47671f0ec62ef  prob=0.024671  raw=0.010181
11:30:11 [super]   # 1654  0x1c27da59124c778af7d32d73a7acff07b2aec94d  prob=0.024670  raw=0.010167
11:30:11 [super]   # 1655  0x35f288683d970fb5840e6567b89800879ff2e355  prob=0.024670  raw=0.010167
11:30:11 [super]   # 1656  0x08d37aafbdd55e12150aa696bb61e5833faf43bd  prob=0.024667  raw=0.010144
11:30:11 [super]   # 1657  0x92dab6e61d9587967d258c9cb0249ad947b09393  prob=0.024667  raw=0.010143
11:30:11 [super]   # 1658  0x68e401c6c70d68bbd2195d244321fa676411a14e  prob=0.024664  raw=0.010112
11:30:11 [super]   # 1659  0xbe8bd8f185767b1bea2ac80487db8287768d8fcf  prob=0.024661  raw=0.010092
11:30:11 [super]   # 1660  0x45de5949774a807aac7fc05442d4ef081856c84c  prob=0.024660  raw=0.010077
11:30:11 [super]   # 1661  0xc9c43c084d6d7516d50a75cd33b9db9fd54020bd  prob=0.024659  raw=0.010070
11:30:11 [super]   # 1662  0x4d42762874cea8d85489a45f3fab80a7725edf8b  prob=0.024659  raw=0.010069
11:30:11 [super]   # 1663  0xc02147dee42356b7a4edbb1c35ac4ffa95f61fa8  prob=0.024658  raw=0.010058
11:30:11 [super]   # 1664  0xa51ed086e5ff4e9f216277018091b6b8aa806868  prob=0.024655  raw=0.010033
11:30:11 [super]   # 1665  0x9eae9dc70a6eb5c831a0ac96931c8488431598a5  prob=0.024648  raw=0.009974
11:30:11 [super]   # 1666  0x684d80456d339f102fecd5e58ff29f8fa8916354  prob=0.024648  raw=0.009973
11:30:11 [super]   # 1667  0x707fc67c15b2074356c83f5d1343b4a362edcba4  prob=0.024647  raw=0.009964
11:30:11 [super]   # 1668  0x318188b603e51f9a765b17577d3da15ad57bda1b  prob=0.024646  raw=0.009951
11:30:11 [super]   # 1669  0xb0cce6e92bfb82b8a04238f8a2992b4c44e3cfe0  prob=0.024644  raw=0.009932
11:30:11 [super]   # 1670  0x34f9a6c6ceed499b4f95dcceb2856d22b2a30540  prob=0.024641  raw=0.009910
11:30:11 [super]   # 1671  0xb288f3c7caba69fc224e07031510f1e4dc04abbb  prob=0.024641  raw=0.009907
11:30:11 [super]   # 1672  0x10b605a795fe2ff408000e663d5aa7f2029efd6d  prob=0.024640  raw=0.009898
11:30:11 [super]   # 1673  0x6d88cf4d3f614a167497a2943b70e6ccc0390600  prob=0.024640  raw=0.009897
11:30:11 [super]   # 1674  0x1e0b0310b3a8913c08bccc385b2394c7dd7a41fa  prob=0.024637  raw=0.009878
11:30:11 [super]   # 1675  0x3027b3d124c15b83e3e72a924d560d4b0bad87b2  prob=0.024637  raw=0.009872
11:30:11 [super]   # 1676  0x7cc4d122ce07e5b6ea4a6dbef7c2835d4777768f  prob=0.024636  raw=0.009865
11:30:11 [super]   # 1677  0x36b67bcdc062eb1da52502343374c266eb3d8796  prob=0.024636  raw=0.009865
11:30:11 [super]   # 1678  0xf2e9dbd6f9f2784521460bd619273babaf3617e6  prob=0.024635  raw=0.009857
11:30:11 [super]   # 1679  0x43e30490e8668ccbfdf8d1aa77a27615f2f6bf42  prob=0.024633  raw=0.009838
11:30:11 [super]   # 1680  0xa644ae9f6cf4fc31e906a442222a7ba2e51d7b95  prob=0.024629  raw=0.009800
11:30:11 [super]   # 1681  0x877142b3ff6b1e50bb393e8fbe105f30eca48e1c  prob=0.024629  raw=0.009799
11:30:11 [super]   # 1682  0xe020c87ed0e11e2117ae0dd5860aba1a48bb41db  prob=0.024626  raw=0.009778
11:30:11 [super]   # 1683  0x8662915a20542ecf13fa8717bd3cfa2567dec94f  prob=0.024625  raw=0.009767
11:30:11 [super]   # 1684  0x8fc870d3241515cad5f952637dcc1ae0ee82535c  prob=0.024625  raw=0.009766
11:30:11 [super]   # 1685  0xd22956654da03aa5505a2355596d34f223befcd6  prob=0.024625  raw=0.009765
11:30:11 [super]   # 1686  0xd7a1bef456c5e3014a1bfa84414f7927b6c5251e  prob=0.024623  raw=0.009748
11:30:11 [super]   # 1687  0x5c08f27559956e9c4fa008c65f79017fe548eba9  prob=0.024623  raw=0.009746
11:30:11 [super]   # 1688  0x5025673c61a43d21255b9c46869a677d735add30  prob=0.024622  raw=0.009736
11:30:11 [super]   # 1689  0xd051e5aceff374440e84181bb7d9ee87d48214ca  prob=0.024621  raw=0.009735
11:30:11 [super]   # 1690  0x14432611fe5a787adcba5d3c05f549247d9f94ca  prob=0.024621  raw=0.009734
11:30:11 [super]   # 1691  0x5aeeb3591e78f6a53a2211b03488d7fdd180ae43  prob=0.024620  raw=0.009720
11:30:11 [super]   # 1692  0x1bf213849be972add4f7ab140fa875174bda6333  prob=0.024616  raw=0.009690
11:30:11 [super]   # 1693  0xb543dc5c50d81a699487366e88d31c6dee059961  prob=0.024612  raw=0.009651
11:30:11 [super]   # 1694  0xcae81a8c20f2cb6eb312ac96d2cabf8aec94c3a6  prob=0.024610  raw=0.009632
11:30:11 [super]   # 1695  0x0b80a14133377d0ba3fbec3b8f1b233cebfbf294  prob=0.024610  raw=0.009632
11:30:11 [super]   # 1696  0x42cbcc75578c9693000156ff09dc94ab191e347f  prob=0.024609  raw=0.009622
11:30:11 [super]   # 1697  0x871f1ff0e1238c29da9bcf75dd58c136828f39a3  prob=0.024606  raw=0.009597
11:30:11 [super]   # 1698  0xa58d4f278d7953cd38eeb929f7e242bfc7c0b9b8  prob=0.024603  raw=0.009567
11:30:11 [super]   # 1699  0xc3215545d2baea3a16c235eae3f62df82e5e211d  prob=0.024600  raw=0.009544
11:30:11 [super]   # 1700  0x604e43850248f9424f4129cb92966ac96e44f1cd  prob=0.024599  raw=0.009538
11:30:11 [super]   # 1701  0x5f5be567196fe36552f79dca5dac8d7a2132b598  prob=0.024597  raw=0.009520
11:30:11 [super]   # 1702  0xb3f4267c958dc5356e9248e6f0753b55bcadc617  prob=0.024594  raw=0.009494
11:30:11 [super]   # 1703  0xff0568d62669bd73859256bd7a3c7179cc377195  prob=0.024594  raw=0.009490
11:30:11 [super]   # 1704  0x4ff3dca8fb04a3967dbd4e8142cbc5ee0155d376  prob=0.024589  raw=0.009449
11:30:11 [super]   # 1705  0x21401388f7dbedade66302976ccddf70ba383f88  prob=0.024588  raw=0.009440
11:30:11 [super]   # 1706  0x5d78d5d72bc348112422452d5125363f6b81b945  prob=0.024588  raw=0.009433
11:30:11 [super]   # 1707  0x265b828b40b1363fbad1b0210c1d131436ec1133  prob=0.024587  raw=0.009423
11:30:11 [super]   # 1708  0x2ac480ce5b7f50a94c647ed71dcec1a1ed9ac8cc  prob=0.024583  raw=0.009395
11:30:11 [super]   # 1709  0x55b22604bafdc938f222cecb0826d066d463b95f  prob=0.024583  raw=0.009395
11:30:11 [super]   # 1710  0x245097e25f2bbc64300359f875c52ae3e0248108  prob=0.024582  raw=0.009386
11:30:11 [super]   # 1711  0xad529df14c293d77984a0137990a1441b25211ac  prob=0.024582  raw=0.009381
11:30:11 [super]   # 1712  0x67e059cc942accd4ab83efbaf3ecb07b014092a8  prob=0.024582  raw=0.009380
11:30:11 [super]   # 1713  0x3b73d508512e2440e5e338436ff8076cd7656df8  prob=0.024582  raw=0.009379
11:30:11 [super]   # 1714  0xc684828f6b03487759ced2ebdd975f91f3532228  prob=0.024576  raw=0.009327
11:30:11 [super]   # 1715  0x83808b7b4ebf0f0de31f5056e58410d823beb151  prob=0.024573  raw=0.009302
11:30:11 [super]   # 1716  0xa757acbbdb747a8e70005145060cd029dc43cb9f  prob=0.024571  raw=0.009283
11:30:11 [super]   # 1717  0xa4cd5e9353c497e31301ca897cbf5e9c62591680  prob=0.024568  raw=0.009254
11:30:11 [super]   # 1718  0xbcd848c98767540c78d4a0818eed5ee50349ed6a  prob=0.024562  raw=0.009206
11:30:11 [super]   # 1719  0x92d692b35575365a1826f78c47035ccd33a0d1ca  prob=0.024561  raw=0.009194
11:30:11 [super]   # 1720  0xca8dc7232a07806d4d9fa265e1af962c501ccefe  prob=0.024560  raw=0.009183
11:30:11 [super]   # 1721  0x63b448724fc9b9e0ce84006cd4a960dedb0d7e30  prob=0.024560  raw=0.009182
11:30:11 [super]   # 1722  0x42b05b4bf9950cbaefbbd317039c6e30b6547d2c  prob=0.024558  raw=0.009169
11:30:11 [super]   # 1723  0x0fc285ee6665e33665bb4b53b067fbcbb6e34aac  prob=0.024558  raw=0.009168
11:30:11 [super]   # 1724  0x88f56d194c1eea18270ae21a692751353c3c828a  prob=0.024556  raw=0.009146
11:30:11 [super]   # 1725  0xd7f6cd200328596304f36bb5263c3069f90b8160  prob=0.024553  raw=0.009123
11:30:11 [super]   # 1726  0xf7a348b516758c6fbc00700f0b7d7a9f15fb078b  prob=0.024552  raw=0.009117
11:30:11 [super]   # 1727  0xd16cf3b0365953257a485e28b6240d1f8e959100  prob=0.024550  raw=0.009093
11:30:11 [super]   # 1728  0x1018fa33923d8b0f4b0f8a0822ee045d46027264  prob=0.024547  raw=0.009071
11:30:11 [super]   # 1729  0xd8f9f66d1abec56d5a37944d99fa272938118fc2  prob=0.024544  raw=0.009041
11:30:11 [super]   # 1730  0x934024ad087b02c5f5d5e31d704a0942501df14e  prob=0.024543  raw=0.009034
11:30:11 [super]   # 1731  0xaf9d4190e3512f8c146ba475da0b91f56447a540  prob=0.024542  raw=0.009024
11:30:11 [super]   # 1732  0xaf1797e6e7b38da5f03743a6d92af9fd2bd8d849  prob=0.024542  raw=0.009021
11:30:11 [super]   # 1733  0xe67fcb71affa4404cfeb78f7cfa66b6c1ff5b3c4  prob=0.024541  raw=0.009017
11:30:11 [super]   # 1734  0x8f2c83a1e70decb45847ff1cc001c1a2396de158  prob=0.024539  raw=0.008999
11:30:11 [super]   # 1735  0xe2ee0748c26bc9234c2bd92ccc8a6637828de354  prob=0.024538  raw=0.008989
11:30:11 [super]   # 1736  0xa82b0e89cf734e2fa70cbd52ca65c77d64595220  prob=0.024537  raw=0.008983
11:30:11 [super]   # 1737  0x16e0dcc4a010e076fff12274370732ce35c2298e  prob=0.024537  raw=0.008981
11:30:11 [super]   # 1738  0x32b1b08127374ce6048957ebe660e1da2b1bc3bd  prob=0.024535  raw=0.008961
11:30:11 [super]   # 1739  0xe071bdbf8819a37b8453ba00fd44c239cc815435  prob=0.024535  raw=0.008961
11:30:11 [super]   # 1740  0xfae83b39cc380bf0944f49f9b2b478fcff5d35d2  prob=0.024535  raw=0.008958
11:30:11 [super]   # 1741  0x712f47fcc0d828bffe121dbf485f9e29e76db93b  prob=0.024535  raw=0.008958
11:30:11 [super]   # 1742  0xb2bda6ac59c0e7c97ea4974266806022247c436e  prob=0.024532  raw=0.008939
11:30:11 [super]   # 1743  0xe8ff0a56d848954b60e8e8ed99637e3c50ddc93b  prob=0.024531  raw=0.008925
11:30:11 [super]   # 1744  0xb00e1939fc706bfeedab2cace9bb76296c0b43b5  prob=0.024531  raw=0.008922
11:30:11 [super]   # 1745  0x0c40d590f6b13df560df114b66c20e3295b3e03a  prob=0.024529  raw=0.008906
11:30:11 [super]   # 1746  0x1b5be749bf26e1d4202a024347f909e599270a02  prob=0.024528  raw=0.008901
11:30:11 [super]   # 1747  0x392c8d4f08e088bedff0d4e72931aafd99cbb5a5  prob=0.024528  raw=0.008900
11:30:11 [super]   # 1748  0xd77370bcffc51c101f4d7969379b588c8299bc20  prob=0.024528  raw=0.008897
11:30:11 [super]   # 1749  0xff61e1daab8aca6b237dfc24fee67206d0afbccc  prob=0.024525  raw=0.008874
11:30:11 [super]   # 1750  0xf0937afedb70203a32d6ce325a74c6fda7b1ad32  prob=0.024525  raw=0.008872
11:30:11 [super]   # 1751  0x850f45e49e4786a249a42e121dae349016407a1e  prob=0.024523  raw=0.008851
11:30:11 [super]   # 1752  0x90071d4477cdcee44a747307e289df0be16870d7  prob=0.024522  raw=0.008850
11:30:11 [super]   # 1753  0x30fb44d4c7b9c33c33d5a8d4ee86e0157e4a6ea1  prob=0.024522  raw=0.008849
11:30:11 [super]   # 1754  0xeab00abb253ed4c48d151dc158a66eae3acb7ceb  prob=0.024521  raw=0.008840
11:30:11 [super]   # 1755  0xcccf71c117c5f16b425bdc1fbc7a44f99ec76ea6  prob=0.024521  raw=0.008836
11:30:11 [super]   # 1756  0x100a058e5fdedc46ba4bf9c750e219d81df82c58  prob=0.024521  raw=0.008835
11:30:11 [super]   # 1757  0x9f0addfe84b8628390596dcd7a3ed9d401260948  prob=0.024520  raw=0.008826
11:30:11 [super]   # 1758  0xdcfed41b148869bf7d8c988ead2242a87871398a  prob=0.024519  raw=0.008822
11:30:11 [super]   # 1759  0x9f4ea7b9b8e885ae3deac69821a3ed7e0782d444  prob=0.024519  raw=0.008819
11:30:11 [super]   # 1760  0x36feb3579f4c9a5b68f07db63059e48662fc3ab1  prob=0.024518  raw=0.008813
11:30:11 [super]   # 1761  0x36d3d26949bbf3102d3edc26100f6755ec5969b4  prob=0.024517  raw=0.008804
11:30:11 [super]   # 1762  0x01785ce9b5b690280f041ad60c38024513a4cd5d  prob=0.024513  raw=0.008769
11:30:11 [super]   # 1763  0xf27ada57ebf7bc791f2909cac5c52a2035731d05  prob=0.024512  raw=0.008754
11:30:11 [super]   # 1764  0x33e95c5b7edf4a1a79f367b198ff116bbd89b638  prob=0.024511  raw=0.008746
11:30:11 [super]   # 1765  0x3ed7048e1d718465290001a069bf97025c99f59d  prob=0.024511  raw=0.008744
11:30:11 [super]   # 1766  0x1eb47ac742855ca5a65d34dbe0332058740bd00f  prob=0.024510  raw=0.008735
11:30:11 [super]   # 1767  0x38d68b3c6e8880af66dec8227cc72e8f1a95d10a  prob=0.024508  raw=0.008718
11:30:11 [super]   # 1768  0x4a86353a4c7d93f7a68fb802656a253824602220  prob=0.024507  raw=0.008709
11:30:11 [super]   # 1769  0xd7d5ddff58927f2ade9a1d1a3a610749fe4caf7f  prob=0.024507  raw=0.008709
11:30:11 [super]   # 1770  0xc3be70a37b9dfbd193017fd0c5d274a9a0c50e17  prob=0.024506  raw=0.008703
11:30:11 [super]   # 1771  0xbdbbf6301dcdb644ccbb91784a6b29365ab8084e  prob=0.024505  raw=0.008691
11:30:11 [super]   # 1772  0x2186730288a3234ab83c1940f7a5e5c73baf2948  prob=0.024504  raw=0.008682
11:30:11 [super]   # 1773  0xaa95e4bd5172da405c5831892f3c1cd97fab462c  prob=0.024503  raw=0.008679
11:30:11 [super]   # 1774  0x1cefd4d7dc4d587776153ccaa75ab6f2291521b1  prob=0.024502  raw=0.008670
11:30:11 [super]   # 1775  0xeafc14c8639ef6fbf882b74c3e6de2fe72d10d5c  prob=0.024502  raw=0.008664
11:30:11 [super]   # 1776  0x551b3b17d7004e8d8798a43a2196705e9968dfd1  prob=0.024502  raw=0.008663
11:30:11 [super]   # 1777  0xe8ab47775539be2d9dbc82eb66e02a1f0670dcb6  prob=0.024501  raw=0.008658
11:30:11 [super]   # 1778  0xddc6efae95dc15dfdc54d729e3960bb994083dc0  prob=0.024499  raw=0.008637
11:30:11 [super]   # 1779  0x6c87c0986a99a2735e56f058c8c31a97eac5e1de  prob=0.024498  raw=0.008631
11:30:11 [super]   # 1780  0x8d38f017e215a04e6925e6ab1e0d10d63644bb18  prob=0.024497  raw=0.008620
11:30:11 [super]   # 1781  0x166f9dde8bf2cda886c09e0ccc88909ab95d6e2d  prob=0.024496  raw=0.008615
11:30:11 [super]   # 1782  0x3952acdf7a2560b9a934aa0304d0a25bf1275ace  prob=0.024496  raw=0.008612
11:30:11 [super]   # 1783  0xe096d9d25165b21f6e95c81733340a143ecfac9b  prob=0.024496  raw=0.008611
11:30:11 [super]   # 1784  0x19b19fa8e0fe74198828139bcbf5c5f0f46c7dc3  prob=0.024495  raw=0.008607
11:30:11 [super]   # 1785  0x8cc720a8e18a6a03c576a3874617dd6ea17c4923  prob=0.024495  raw=0.008607
11:30:11 [super]   # 1786  0x28d551a09b42bb4737fad4297d50e27656168433  prob=0.024492  raw=0.008574
11:30:11 [super]   # 1787  0xd05664563266f148408bcd3d5f313f3817858e48  prob=0.024491  raw=0.008567
11:30:11 [super]   # 1788  0x31f5fdd3012aec7f230969bb912edcaceeabfdda  prob=0.024490  raw=0.008556
11:30:11 [super]   # 1789  0x8304ada4e1747a1d188d7233b5c047dfce42f086  prob=0.024487  raw=0.008531
11:30:11 [super]   # 1790  0x57b00c3ccef1b6bd6962fb9ca463c4e0b38e76f4  prob=0.024487  raw=0.008528
11:30:11 [super]   # 1791  0xebe7982439497100e23075d5f07a3f8dc4953d8d  prob=0.024486  raw=0.008523
11:30:11 [super]   # 1792  0xfe2f3145fd2162bf3e5d5fbb1e40303597c44a23  prob=0.024485  raw=0.008518
11:30:11 [super]   # 1793  0xf87bfd6edd5826aa45299f33e355e1a8f8d9180a  prob=0.024484  raw=0.008503
11:30:11 [super]   # 1794  0x1cc31ab3bef8af3435d17080dc5a2c6138230615  prob=0.024484  raw=0.008501
11:30:11 [super]   # 1795  0x7e42cedacfc90db5a370e38c87f4fd5a27a208c2  prob=0.024483  raw=0.008500
11:30:11 [super]   # 1796  0xd28214dafb44e93d9565a7c43c3942082c4830e4  prob=0.024483  raw=0.008493
11:30:11 [super]   # 1797  0xad85774d91d4e38e8cc4cec73dcb967f50235a5a  prob=0.024481  raw=0.008482
11:30:11 [super]   # 1798  0x4468c6f378b1246d8ca6c8296fcf6fcf758ee417  prob=0.024481  raw=0.008477
11:30:11 [super]   # 1799  0x0606b8cab7bd19bd94b9aefe4f13491eb967bc72  prob=0.024481  raw=0.008477
11:30:11 [super]   # 1800  0x434f1d603a4d7bc6c078f312f925c4b62bee7d13  prob=0.024480  raw=0.008472
11:30:11 [super]   # 1801  0x0db3145d4cf8749473de18490d80d4d9c38e744b  prob=0.024480  raw=0.008469
11:30:11 [super]   # 1802  0x57e3fb9eba21b3f7291f682c0ff277e2f060bf65  prob=0.024480  raw=0.008466
11:30:11 [super]   # 1803  0x139ac0194e19ccf6091dea5018210f69e233e61d  prob=0.024479  raw=0.008464
11:30:11 [super]   # 1804  0xa1e71e9cd7d8d09b8550a243ac02d974ab802bd0  prob=0.024479  raw=0.008463
11:30:11 [super]   # 1805  0x5339c9da744ff14e978081f99c2309c4d5529da3  prob=0.024475  raw=0.008424
11:30:11 [super]   # 1806  0x5fc89c290583b9ae80082eb286523e993d833bd9  prob=0.024473  raw=0.008404
11:30:11 [super]   # 1807  0xb984b916e8c1aa38554de0b08d8f59636ef8e881  prob=0.024472  raw=0.008397
11:30:11 [super]   # 1808  0xce255643c0ca29a20860c975e66e06a4558cdad8  prob=0.024471  raw=0.008388
11:30:11 [super]   # 1809  0x5cfd881133ff44d1f7b81ea8a819a30dfc39ca1b  prob=0.024471  raw=0.008384
11:30:11 [super]   # 1810  0xe1dabb8eed8d2b9b4ca00375dfa485058312d1e2  prob=0.024470  raw=0.008383
11:30:11 [super]   # 1811  0x7ffa60a1f6d034a7c232e17527b297630e8681ed  prob=0.024470  raw=0.008377
11:30:11 [super]   # 1812  0xd6bc48d5f6d8f8208bac7493417b2b90a14035e8  prob=0.024470  raw=0.008376
11:30:11 [super]   # 1813  0x548e08bca5ade699a633babed0ce955b2aff3834  prob=0.024470  raw=0.008375
11:30:11 [super]   # 1814  0x927c689216d618f68e6d7a111a8a30e171da0f1f  prob=0.024466  raw=0.008345
11:30:11 [super]   # 1815  0x53dce2f5d0371e2c4c1d6ccdd67277f501c698a1  prob=0.024466  raw=0.008342
11:30:11 [super]   # 1816  0x5912a0b3dde381596e5ce9109d997db2e62c5bd0  prob=0.024465  raw=0.008331
11:30:11 [super]   # 1817  0xf04f22dc1abe59cbab20ac3f0105669deb60bb1e  prob=0.024463  raw=0.008313
11:30:11 [super]   # 1818  0x9d682ed54e560cfe14281cf3ab4e86ebc7e65fde  prob=0.024462  raw=0.008312
11:30:11 [super]   # 1819  0xff26d894b27ba216b883707df3f045387ce74296  prob=0.024462  raw=0.008304
11:30:11 [super]   # 1820  0x15683d9f4c2d7bd1f95181836102d5467091c958  prob=0.024461  raw=0.008300
11:30:11 [super]   # 1821  0xb86739453ee4a1c5eca0b7efc9e08eb070ea169d  prob=0.024460  raw=0.008288
11:30:11 [super]   # 1822  0x3b1786ecb521e0540d9a011cce499652eaf7aa89  prob=0.024458  raw=0.008268
11:30:11 [super]   # 1823  0xf7c51df3ed5020b38ae931400369d5cc984ebf7a  prob=0.024457  raw=0.008262
11:30:11 [super]   # 1824  0x22304182fea6d2aeb34383f29b75d0b49dd1a66c  prob=0.024457  raw=0.008259
11:30:11 [super]   # 1825  0x05fe7ca7bca1e41283140f3cc34ed49c81ea4687  prob=0.024456  raw=0.008257
11:30:11 [super]   # 1826  0xdca8cdd169544c8a3abba89f2512d78456fa7a97  prob=0.024455  raw=0.008248
11:30:11 [super]   # 1827  0x510904c9a58f5c5ad799a1b44947077564175e9c  prob=0.024455  raw=0.008248
11:30:11 [super]   # 1828  0x18b9a74db808e0c77fc5ef9cd384fafe23a1a226  prob=0.024454  raw=0.008234
11:30:11 [super]   # 1829  0x1d3cd3c1de6f2ea27a7b1617ef907d08123f49ec  prob=0.024453  raw=0.008222
11:30:11 [super]   # 1830  0x970cd763df1bfc60c56d7643bd22d5f60a827ec2  prob=0.024452  raw=0.008220
11:30:11 [super]   # 1831  0x21847a6719b75dd66e22432a86932b5fe44749a0  prob=0.024451  raw=0.008207
11:30:11 [super]   # 1832  0xc86d75bdf399381c3b7e6660dfaf7e09538919ff  prob=0.024451  raw=0.008204
11:30:11 [super]   # 1833  0x8e66f07715f53555260cc02389efcaa92eaa283a  prob=0.024450  raw=0.008197
11:30:11 [super]   # 1834  0x45e2c1e117193be855cad6b23662e6239125feb1  prob=0.024449  raw=0.008190
11:30:11 [super]   # 1835  0xac51f6e8cf1b6e244b42a50c6734b99944184018  prob=0.024448  raw=0.008179
11:30:11 [super]   # 1836  0x9446453d67d1d3ec899b0ab4ae673e37f1fbbee3  prob=0.024447  raw=0.008176
11:30:11 [super]   # 1837  0x99c558d616b93647bb9ccd9cf4bcd7e23faf1d13  prob=0.024447  raw=0.008169
11:30:11 [super]   # 1838  0xdea17413b0b77535fb234d0921defe120801a3f7  prob=0.024445  raw=0.008157
11:30:11 [super]   # 1839  0x59c58aeb912bf9d885e5a84786b967233ca042dd  prob=0.024445  raw=0.008155
11:30:11 [super]   # 1840  0x862e223a2e776a8674afbeb075980a3919b71d60  prob=0.024445  raw=0.008154
11:30:11 [super]   # 1841  0x5099cf0051059516429e401a72b424a4626e0e33  prob=0.024444  raw=0.008146
11:30:11 [super]   # 1842  0x7c2b061a82aab94657f83518dee985cdcb2798f8  prob=0.024442  raw=0.008125
11:30:11 [super]   # 1843  0x266722127e66e89a2002f2909e522682999dbb5e  prob=0.024441  raw=0.008123
11:30:11 [super]   # 1844  0x7bb7bccc02fec3d93b311695a42b251e465e44f2  prob=0.024440  raw=0.008106
11:30:11 [super]   # 1845  0xf1dc55a789fe94f37df85128b19d71873bea5460  prob=0.024438  raw=0.008093
11:30:11 [super]   # 1846  0x26e451a941d6b7e02194396131e56d821ef9e649  prob=0.024438  raw=0.008090
11:30:11 [super]   # 1847  0x03030fa948db8dfaa8384ae910359bcbb4e3fcd1  prob=0.024436  raw=0.008075
11:30:11 [super]   # 1848  0xabc54fc8fe555464f90f355cf67272bb2b6e5e68  prob=0.024434  raw=0.008056
11:30:11 [super]   # 1849  0xc8304c2cfddfd9614940c9ca98be9aac548c0ec6  prob=0.024433  raw=0.008044
11:30:11 [super]   # 1850  0x3da9171294121262caadc5f86aface5d1d22e82d  prob=0.024431  raw=0.008033
11:30:11 [super]   # 1851  0x468576ab9481fcc41d4c5d8a0b157a8086477e6b  prob=0.024431  raw=0.008025
11:30:11 [super]   # 1852  0xc1f77f0248651a27693c0117f4ae6e184772e196  prob=0.024430  raw=0.008017
11:30:11 [super]   # 1853  0x5a4cb071fc74da9f650856d95fd82d8927645350  prob=0.024429  raw=0.008010
11:30:11 [super]   # 1854  0x81e1212b92dac4495100af1b3b8f3b7b57bbe152  prob=0.024428  raw=0.008002
11:30:11 [super]   # 1855  0x2d49787e3ec41e314890120ec198e90786d84505  prob=0.024428  raw=0.008002
11:30:11 [super]   # 1856  0xaa3fca9e643643df08c8862a379920157311cc4f  prob=0.024427  raw=0.007994
11:30:11 [super]   # 1857  0xbe9815001648b53b1f9630b15985250f6528db8e  prob=0.024426  raw=0.007985
11:30:11 [super]   # 1858  0x68011c3860273fa96b0a98d680056ccf73f07184  prob=0.024425  raw=0.007973
11:30:11 [super]   # 1859  0x3bc1c8279720b50997c1298d4234cb5688c0e853  prob=0.024424  raw=0.007969
11:30:11 [super]   # 1860  0x5fd4e7b6db5d544d312ad0e3d3c694e7f85f6862  prob=0.024424  raw=0.007969
11:30:11 [super]   # 1861  0x04bde7172c7056c43003c024480f50cc406a8de9  prob=0.024423  raw=0.007961
11:30:11 [super]   # 1862  0xe870912208f51161ad901c760e6f105b47df6bf8  prob=0.024423  raw=0.007953
11:30:11 [super]   # 1863  0x0ac3004a7d3e5aba56b2b81b50ee875108d2ef53  prob=0.024421  raw=0.007942
11:30:11 [super]   # 1864  0x64319ab23231bd978ab067a395f6981a12ec3542  prob=0.024421  raw=0.007936
11:30:11 [super]   # 1865  0x0509d64aac136cbc253b7e208e4bacfe6c786e98  prob=0.024420  raw=0.007928
11:30:11 [super]   # 1866  0xf82fc94604cc67e2247302e65622a8d0ea727180  prob=0.024419  raw=0.007922
11:30:11 [super]   # 1867  0x2fff08658441926239497009de0dfb716504de11  prob=0.024418  raw=0.007916
11:30:11 [super]   # 1868  0xd2cbc142caa079f50e4cda730ff4f3140fe9ac5a  prob=0.024417  raw=0.007901
11:30:11 [super]   # 1869  0xdc54b4c92a133b56f899ca87747509bb90704b64  prob=0.024413  raw=0.007867
11:30:11 [super]   # 1870  0x01388b4f4226e775e2cb86bba361b7bda671d279  prob=0.024413  raw=0.007863
11:30:11 [super]   # 1871  0xcdb1f1ef8213c06911e4ba6a884176c5571e276c  prob=0.024410  raw=0.007841
11:30:11 [super]   # 1872  0xf02f1afab02432f1be4df881b7253c0c27e7ff23  prob=0.024407  raw=0.007813
11:30:11 [super]   # 1873  0x0f779044b20ce15133bbde2777ab4fe56003a9a9  prob=0.024407  raw=0.007812
11:30:11 [super]   # 1874  0x331c8eb7f66ac768506f91afdc28ea92907866e6  prob=0.024404  raw=0.007785
11:30:11 [super]   # 1875  0x088b275f39b27614c186f2fb9c88516b88573a58  prob=0.024403  raw=0.007776
11:30:11 [super]   # 1876  0xa8ae2fb989de545c42c376d61ec887868ca57f3e  prob=0.024403  raw=0.007775
11:30:11 [super]   # 1877  0x1ff712bba34fcb22a497b8f744048483bedf87a4  prob=0.024401  raw=0.007761
11:30:11 [super]   # 1878  0xdb39713a963d4eea74b2546743312c05f38e6f47  prob=0.024401  raw=0.007759
11:30:11 [super]   # 1879  0x18fa98083e8585d337721533aa8aa87ab5649cf4  prob=0.024401  raw=0.007758
11:30:11 [super]   # 1880  0x5c95074fb4ae3a51518dc83bf485e4bdfd531cec  prob=0.024400  raw=0.007753
11:30:11 [super]   # 1881  0x37d516c8c2ae7849f9f2d88a4dba06dd85f193d9  prob=0.024400  raw=0.007752
11:30:11 [super]   # 1882  0x3580cb3d5e57688f764699a14435c869a23a714e  prob=0.024399  raw=0.007742
11:30:11 [super]   # 1883  0x54cfbbec2f168a63ad95887f905caacb0ae74306  prob=0.024398  raw=0.007731
11:30:11 [super]   # 1884  0xea4bdd3261575f9be2cdee30bdea7a72deef90f5  prob=0.024398  raw=0.007728
11:30:11 [super]   # 1885  0xc7d5b3deae29e3b9b86d4b5bec00d3aaff6479cc  prob=0.024398  raw=0.007728
11:30:11 [super]   # 1886  0xff566f157905840c4a8113f7f0442a1a074eca81  prob=0.024395  raw=0.007709
11:30:11 [super]   # 1887  0xc5e47af76e749c3e0903b2970f09490290a47c86  prob=0.024394  raw=0.007695
11:30:11 [super]   # 1888  0xc1a37bb6f48e1680e519ed452b8a9d23c8fec495  prob=0.024392  raw=0.007677
11:30:11 [super]   # 1889  0xd387dabff9491c89e51e17c0fed534b82dff6d17  prob=0.024392  raw=0.007676
11:30:11 [super]   # 1890  0xf76ad87bc83cfc7c58de11d7cc2108630441b506  prob=0.024392  raw=0.007673
11:30:11 [super]   # 1891  0x610e861d9c326f84df36ab1191114ab9ea09102d  prob=0.024391  raw=0.007668
11:30:11 [super]   # 1892  0x74767bf5c06a7d4ecc94306789c3fff0656ed6d6  prob=0.024390  raw=0.007661
11:30:11 [super]   # 1893  0x4b1696a8a2df1c752830bf1c518cfce3ea264dc4  prob=0.024390  raw=0.007658
11:30:11 [super]   # 1894  0x07018b4770140b5c0d04053911765d032031576f  prob=0.024390  raw=0.007656
11:30:11 [super]   # 1895  0x99c791dbf820acf4f0b6f2b4ae03826d3be3b3f2  prob=0.024387  raw=0.007633
11:30:11 [super]   # 1896  0x0a3a32fa2442490df43d7a3e7f9a7ed1b0616a38  prob=0.024387  raw=0.007632
11:30:11 [super]   # 1897  0x68527e203870b4d66ccb9187a130410fc82ad24a  prob=0.024387  raw=0.007629
11:30:11 [super]   # 1898  0x42b0355e8311a2ef78dc70ee1ab2b0c39f3e7e32  prob=0.024386  raw=0.007623
11:30:11 [super]   # 1899  0x647eb602bdc293ce48089a15135527f94f9adf10  prob=0.024383  raw=0.007593
11:30:11 [super]   # 1900  0xe592cca6ed7e6c3d2b92ea806bc88e6c0e0b17d1  prob=0.024382  raw=0.007591
11:30:11 [super]   # 1901  0x2358c7d959047751c14f88539b3de1ae87c02c64  prob=0.024382  raw=0.007591
11:30:11 [super]   # 1902  0x83d4ff50d2b8bdfc14e6e102ad36c02f1052456d  prob=0.024382  raw=0.007588
11:30:11 [super]   # 1903  0x53e61fc07a4c2c5f18b603957573252c821a73d7  prob=0.024381  raw=0.007577
11:30:11 [super]   # 1904  0xc7588910a00c9992fff78971d430000d82a6c2cb  prob=0.024380  raw=0.007574
11:30:11 [super]   # 1905  0x7d8d9d8543d7de1eddfb1fb0e06f131d5129f40d  prob=0.024380  raw=0.007566
11:30:11 [super]   # 1906  0xb2a3bf58e527714ffa8e4de52218186cd658e321  prob=0.024379  raw=0.007558
11:30:11 [super]   # 1907  0x882a4ff40924e5734e0694d488f0a86982c016ad  prob=0.024377  raw=0.007540
11:30:11 [super]   # 1908  0x3faf0b068febb1c0faa2be774d4718f553249c93  prob=0.024376  raw=0.007533
11:30:11 [super]   # 1909  0x536b4c3876aadd627aa5bb38404a786159951fdd  prob=0.024376  raw=0.007530
11:30:11 [super]   # 1910  0x87c5f81e5c0ba2a27ccf11be7efa2fd31fdc88ab  prob=0.024375  raw=0.007527
11:30:11 [super]   # 1911  0xf07b6f64da59657dc0d29e50bb05f06da12eb2f4  prob=0.024375  raw=0.007526
11:30:11 [super]   # 1912  0x951deb42f26e7e3580ebd98e93a96c60306cf79f  prob=0.024375  raw=0.007523
11:30:11 [super]   # 1913  0xb4b1008445d34ae66855df391b5bed2763607770  prob=0.024375  raw=0.007522
11:30:11 [super]   # 1914  0x6523020e1e90a8ed56e9afa0a848e06c650f795c  prob=0.024375  raw=0.007521
11:30:11 [super]   # 1915  0xff97b227927b0023f733de5317d3e4e3983cd5b1  prob=0.024374  raw=0.007519
11:30:11 [super]   # 1916  0x04957a2ad7b6e97da8df8c8174dbbb0d91e2c68f  prob=0.024374  raw=0.007511
11:30:11 [super]   # 1917  0x6a9743e7872cb5e321ca2eb97edc907bc6c14800  prob=0.024373  raw=0.007506
11:30:11 [super]   # 1918  0x76041b1318bf1cd2beaa30f9e07fd2500d9132cb  prob=0.024372  raw=0.007496
11:30:11 [super]   # 1919  0xe6517711b4e577d5665596381666b8e8f0fc8d27  prob=0.024369  raw=0.007470
11:30:11 [super]   # 1920  0x0d969f66e4b305dc20ffff232cdb654da2edcd20  prob=0.024368  raw=0.007461
11:30:11 [super]   # 1921  0x736539924a5602b37a03a54fc12c1cc8f98964da  prob=0.024368  raw=0.007461
11:30:11 [super]   # 1922  0x138d83afd09cb93261f616ad4967485ac0f512e1  prob=0.024367  raw=0.007452
11:30:11 [super]   # 1923  0xdca4305aa54f834dc015b4e119f9e78dde7a1c68  prob=0.024366  raw=0.007443
11:30:11 [super]   # 1924  0xb6d023bf8253171bafdc00acb7061077b17e1f9c  prob=0.024363  raw=0.007419
11:30:11 [super]   # 1925  0x61e971f3d3588f0fa52696c3590604912506b13a  prob=0.024363  raw=0.007418
11:30:11 [super]   # 1926  0xdd225a03cd7ed89e3931906c67c75ab31cf89ef1  prob=0.024363  raw=0.007416
11:30:11 [super]   # 1927  0xc730c62c647a814fdc599d43c6a61e482e6ab3cd  prob=0.024362  raw=0.007405
11:30:11 [super]   # 1928  0x21d29e916058970544552c76e8a1ed980c564711  prob=0.024362  raw=0.007404
11:30:11 [super]   # 1929  0xb9d609e7624b0294e164452446acb1c39b67851d  prob=0.024361  raw=0.007399
11:30:11 [super]   # 1930  0x81297fbf72749a50d8e605cf307d2eea8ff818ec  prob=0.024361  raw=0.007399
11:30:11 [super]   # 1931  0xcc14d10d5e019f89c249114354327ea29774433e  prob=0.024360  raw=0.007391
11:30:11 [super]   # 1932  0x30f23498bf9445eea1fec0b0900c8543f4ea640a  prob=0.024360  raw=0.007389
11:30:11 [super]   # 1933  0xe4086fbe57bb396bd4422f79e9cd0f856f20232b  prob=0.024360  raw=0.007386
11:30:11 [super]   # 1934  0x9690090e1d1dff15c2b068e3b7dab6719cf6e3b0  prob=0.024356  raw=0.007356
11:30:11 [super]   # 1935  0xb51b3beffd13cde071ed799e70a7b0b598e8b4d9  prob=0.024356  raw=0.007356
11:30:11 [super]   # 1936  0xe74995389bfc1c24ca656e6c2502c1fca757f771  prob=0.024354  raw=0.007337
11:30:11 [super]   # 1937  0x919eeff303fc14ddd28cb323e2032a8949e8d915  prob=0.024353  raw=0.007328
11:30:11 [super]   # 1938  0xc4d3626cc701571ef13271999b42a0bd28ad3e23  prob=0.024352  raw=0.007319
11:30:11 [super]   # 1939  0xbe7c0363ec2f0d12630fd48ac4c87ce84f418356  prob=0.024351  raw=0.007311
11:30:11 [super]   # 1940  0x1fdcdc3979b43edee8fa4676726b4de131e33ad2  prob=0.024350  raw=0.007301
11:30:11 [super]   # 1941  0x259ca67e9f3d9bf30f7be7b5e3faab60466090c1  prob=0.024350  raw=0.007297
11:30:11 [super]   # 1942  0x929bb3b2fcb7364775483faed72b318f9ede9e67  prob=0.024349  raw=0.007292
11:30:11 [super]   # 1943  0xf3cccf1400c878fe0bef03b86356be1ddffd65c7  prob=0.024348  raw=0.007280
11:30:11 [super]   # 1944  0x3f813f13ac539af3e30f0c0455da289c5fa31a1b  prob=0.024348  raw=0.007278
11:30:11 [super]   # 1945  0x9490b47aeadb6d7d124d7a13bfce074ca3672f23  prob=0.024346  raw=0.007265
11:30:11 [super]   # 1946  0x5161f5bffed8ec5b6e3c485189449afe77156e63  prob=0.024345  raw=0.007258
11:30:11 [super]   # 1947  0xf7d9d0c62495f89e850d88185b5dd627e1537a99  prob=0.024345  raw=0.007257
11:30:11 [super]   # 1948  0x4932d39c45f79fae3507bdba545b2e781c00ef13  prob=0.024345  raw=0.007255
11:30:11 [super]   # 1949  0xaf89878af3e3bdc63488f4840a55732ab5a801c3  prob=0.024341  raw=0.007222
11:30:11 [super]   # 1950  0x0f81c01c994ecc00744282f16f16df454c686205  prob=0.024341  raw=0.007221
11:30:11 [super]   # 1951  0x60d8ba70aa5b4acea64ad67b9dbcc5215739e084  prob=0.024340  raw=0.007211
11:30:11 [super]   # 1952  0xeae0c36b9c56b22d4a52c03bd957df50b299c7a6  prob=0.024340  raw=0.007209
11:30:11 [super]   # 1953  0xcce2b7c71f21e358b8e5e797e586cbc03160d58b  prob=0.024340  raw=0.007208
11:30:11 [super]   # 1954  0xb177036053928d583436d54d9e861e962bbedc31  prob=0.024339  raw=0.007201
11:30:11 [super]   # 1955  0x4a933c269d2d8deda7fcf679c295f71b72c13904  prob=0.024338  raw=0.007188
11:30:11 [super]   # 1956  0xedfc8f584bbb1f1a03690edf6a6b922404cc1df1  prob=0.024336  raw=0.007176
11:30:11 [super]   # 1957  0xc5afce12549596238f16c57c4ff8785d447c55ab  prob=0.024333  raw=0.007149
11:30:11 [super]   # 1958  0x50e9c0d387c3889eb457d0d0071fcd258e055efe  prob=0.024331  raw=0.007128
11:30:11 [super]   # 1959  0x72ee1e9c7bfdde704b786e4a15ffc76904e7509f  prob=0.024327  raw=0.007094
11:30:11 [super]   # 1960  0x860bd21e00dc0d9002c02d61b8f27031fe2d89dd  prob=0.024327  raw=0.007092
11:30:11 [super]   # 1961  0x55b43cf00227e3b34b5d7891eb4e4421843ee39f  prob=0.024326  raw=0.007081
11:30:11 [super]   # 1962  0x6ed7407a2722bdcd4ff56c6fa9aa54d551b1ec0d  prob=0.024324  raw=0.007061
11:30:11 [super]   # 1963  0x66e60b84485e86ad31781db82043b4c48c781d35  prob=0.024323  raw=0.007052
11:30:11 [super]   # 1964  0x6e850ee4269cb99445cecf0c55eae18af512766c  prob=0.024323  raw=0.007052
11:30:11 [super]   # 1965  0xaf353d5c352e0e338cad96345d8fab34dce19a45  prob=0.024322  raw=0.007043
11:30:11 [super]   # 1966  0x32557165e3e98a8398eb9179603eb4161161cbc0  prob=0.024321  raw=0.007042
11:30:11 [super]   # 1967  0x990c9c3c0608058a967308dcaf6b5877036b5ccf  prob=0.024321  raw=0.007041
11:30:11 [super]   # 1968  0x542580850825626ae10fbeeaa95467fd7dc08b3a  prob=0.024321  raw=0.007041
11:30:11 [super]   # 1969  0xd28f76975eecb5a541308696bb50e2e2255b4a6b  prob=0.024321  raw=0.007036
11:30:11 [super]   # 1970  0x7b4bf8fe8726909a189b59dd095498bcf87386c1  prob=0.024318  raw=0.007012
11:30:11 [super]   # 1971  0x7df61ca342c9b53ba9b4c60745718ed48a77ac3b  prob=0.024316  raw=0.006991
11:30:11 [super]   # 1972  0xfe72819b4875b35a2c9a5fac98cfdcba76accb10  prob=0.024315  raw=0.006985
11:30:11 [super]   # 1973  0xf7093c868b3e6ba094532905984a89f3dc77abd7  prob=0.024315  raw=0.006983
11:30:11 [super]   # 1974  0xdfcf527a351fbc4b8ef98719e432126473875910  prob=0.024313  raw=0.006968
11:30:11 [super]   # 1975  0x2892ea81ccc646db98819a1c7ac03c56227d71dd  prob=0.024313  raw=0.006963
11:30:11 [super]   # 1976  0x0c0f954a4e5c580467a8824c7252452457b9d174  prob=0.024313  raw=0.006961
11:30:11 [super]   # 1977  0xe3282069bf386acedfa36e283826d8a362159f4a  prob=0.024312  raw=0.006957
11:30:11 [super]   # 1978  0xb4ef1257f7ac40c26f4dfaaad69ed75f6458682f  prob=0.024310  raw=0.006934
11:30:11 [super]   # 1979  0xe3ba0ecd4e557c15f853cb434ac4937569649e00  prob=0.024308  raw=0.006920
11:30:11 [super]   # 1980  0x5279c8b93a6478719ef28a0d6b9a415191ffa9bc  prob=0.024308  raw=0.006919
11:30:11 [super]   # 1981  0x596ab4ed5128153f4a8e1b9908a444b43cdfaa14  prob=0.024308  raw=0.006918
11:30:11 [super]   # 1982  0x5927944b074429a49d0d75c79101d8330942672b  prob=0.024307  raw=0.006908
11:30:11 [super]   # 1983  0xfe6f5e565f3402d0d56638fb25ea67a2bfaef85d  prob=0.024305  raw=0.006897
11:30:11 [super]   # 1984  0xc37e438ba0600390f5ea83cea450071dc242bc07  prob=0.024303  raw=0.006879
11:30:11 [super]   # 1985  0xcdc316f1fd3f5a4bd42f414582d7959119cea71f  prob=0.024303  raw=0.006873
11:30:11 [super]   # 1986  0x6c65c9f1d2c27de8edfff08a29c676c7a3907e9d  prob=0.024300  raw=0.006847
11:30:11 [super]   # 1987  0x63c652270a37e53a170303b6b264a2aa835743a5  prob=0.024299  raw=0.006835
11:30:11 [super]   # 1988  0x677771132ee400313e73c7a8aaf3a658aea27c0b  prob=0.024296  raw=0.006812
11:30:11 [super]   # 1989  0x64bda299691764b97f68ec50829ea4418cba6a4e  prob=0.024296  raw=0.006808
11:30:11 [super]   # 1990  0xb39dd8e1dbef8be5a78d766c9519540842a83ef0  prob=0.024296  raw=0.006808
11:30:11 [super]   # 1991  0x1357090008aab82e5bf4a295b16429060e40c327  prob=0.024295  raw=0.006798
11:30:11 [super]   # 1992  0xff052a89d46a289a32283dfa7815ba23da49fad7  prob=0.024294  raw=0.006796
11:30:11 [super]   # 1993  0xcceb3bb2ee0d452089b0918eba3eae86ea5b5d2c  prob=0.024289  raw=0.006745
11:30:11 [super]   # 1994  0xd34b78e59bd833acfc183974ca97ba3550f93acb  prob=0.024288  raw=0.006741
11:30:11 [super]   # 1995  0x185b92d2a5046909cbe13db918822d23112eb24c  prob=0.024288  raw=0.006737
11:30:11 [super]   # 1996  0xe1400d588a954d70873c6d747cf5197257305655  prob=0.024287  raw=0.006726
11:30:11 [super]   # 1997  0x6af68466ed24c0d3e515fa4dab6fd1898dff296e  prob=0.024285  raw=0.006714
11:30:11 [super]   # 1998  0x0c3f9a19b536f5841772b9052169acb9114a4739  prob=0.024285  raw=0.006711
11:30:11 [super]   # 1999  0x17792fb9f1d740a48b30a15af76725c86dc94822  prob=0.024285  raw=0.006710
11:30:11 [super]   # 2000  0x3e71fdee70d1acc964333cc1df71d011cc8b2864  prob=0.024285  raw=0.006710
11:30:11 [super]   # 2001  0xe99cfb753ca9cb166647c08e11dba5760c4faff1  prob=0.024285  raw=0.006710
11:30:11 [super]   # 2002  0x1521b47bf0c41f6b7fd3ad41cdec566812c8f23e  prob=0.024284  raw=0.006705
11:30:11 [super]   # 2003  0x163385daa5186066fd15b06b4ebc8b74480b190c  prob=0.024284  raw=0.006698
11:30:11 [super]   # 2004  0xb999473c087f651ab331f6fd2b8e771ec74773a3  prob=0.024282  raw=0.006684
11:30:11 [super]   # 2005  0x01e780afbdef38366938ab8e7ddd66410db089b4  prob=0.024281  raw=0.006678
11:30:11 [super]   # 2006  0x15a9b742e5c4f38dad710e1bd7602f0203c36b43  prob=0.024279  raw=0.006657
11:30:11 [super]   # 2007  0x09d3b20028604629a0130935008bbb4d46022736  prob=0.024279  raw=0.006656
11:30:11 [super]   # 2008  0x5ce3c43f2b2be1b51ec5f4920acbf7340733f779  prob=0.024277  raw=0.006641
11:30:11 [super]   # 2009  0x750d863507afd7c7b77b5f4bae280ace423f566b  prob=0.024276  raw=0.006635
11:30:11 [super]   # 2010  0xfa16d8fac2a6b35ed2de9dabaaa4e1d70709191f  prob=0.024276  raw=0.006631
11:30:11 [super]   # 2011  0x1ca8f5572b4591d531d3ea5b7cc125babd2fce2a  prob=0.024276  raw=0.006629
11:30:11 [super]   # 2012  0x221f0da8bf0d2c3ee2bd6f39910987bb88348389  prob=0.024273  raw=0.006601
11:30:11 [super]   # 2013  0xb03bf8af4fc1a8f1a207192dc2c7273e299362e0  prob=0.024273  raw=0.006599
11:30:11 [super]   # 2014  0xa8d522361782a35a93d3fba9e0b4ee0b3b490253  prob=0.024273  raw=0.006599
11:30:11 [super]   # 2015  0x9d4aea6f0609c6a77070c573d78679ba4d136cb1  prob=0.024271  raw=0.006588
11:30:11 [super]   # 2016  0x1e3808f45fad7422ec06478aaabb74bb56a110cd  prob=0.024269  raw=0.006566
11:30:11 [super]   # 2017  0x2016a05318d6243e46cd95ae7528a0fe9ea5f339  prob=0.024269  raw=0.006564
11:30:11 [super]   # 2018  0x12e866197b96527953f080e1b2d40854f8c94f43  prob=0.024267  raw=0.006551
11:30:11 [super]   # 2019  0x7b875252a10fa184694ab02ffd3133a553e70db7  prob=0.024267  raw=0.006545
11:30:11 [super]   # 2020  0x7842b9934ea3ed4c829b6d4287f0d0da91c34d91  prob=0.024266  raw=0.006544
11:30:11 [super]   # 2021  0xa0c37cb0587b0dd1542f794bcfa345762bba5b9a  prob=0.024265  raw=0.006527
11:30:11 [super]   # 2022  0x458061225cbf97edaddaa78336b08583050814c4  prob=0.024264  raw=0.006525
11:30:11 [super]   # 2023  0x92de16817a8013489cdf6b14008f0048ce41c1ea  prob=0.024264  raw=0.006521
11:30:11 [super]   # 2024  0x0711e162e05349de3d87626dea4285d08537f03c  prob=0.024264  raw=0.006518
11:30:11 [super]   # 2025  0x60385048f6fa75fac0883a05d70f08b3351582cf  prob=0.024263  raw=0.006514
11:30:11 [super]   # 2026  0x3077107aec4fdb39386b1513dfbed2b088ea02b3  prob=0.024262  raw=0.006504
11:30:11 [super]   # 2027  0xd347d7126544117049413eec897683fab68e5205  prob=0.024261  raw=0.006494
11:30:11 [super]   # 2028  0xb5f2389c16c086e3876c5a5f3fbbfcb1e1a06f8f  prob=0.024261  raw=0.006491
11:30:11 [super]   # 2029  0x84a1d3c91c9e032b282b780274bda868120bec01  prob=0.024260  raw=0.006482
11:30:11 [super]   # 2030  0x70feccfed3abc41f95ef2f561dc5f7d8a023c8e3  prob=0.024259  raw=0.006473
11:30:11 [super]   # 2031  0xb4d7f3ada853e632782417856d845025dd929f0c  prob=0.024258  raw=0.006463
11:30:11 [super]   # 2032  0x3c773e051ef31c37f50057db01817f6226493b2e  prob=0.024257  raw=0.006454
11:30:11 [super]   # 2033  0x5064fabe28b84266bd64e8c98153d3f628a95b19  prob=0.024256  raw=0.006446
11:30:11 [super]   # 2034  0x7ad179b8b28aaa3c982c8a6d527835232282e9bb  prob=0.024255  raw=0.006438
11:30:11 [super]   # 2035  0x9b98f205c74ae08dcb8a7a4ad0e7e10b3929aa35  prob=0.024253  raw=0.006418
11:30:11 [super]   # 2036  0x2e7888e3b62ecaeced2c371a5f0db9422525e4da  prob=0.024252  raw=0.006414
11:30:11 [super]   # 2037  0x4b4806c46359b67fe6afce2c9be664184f5335d0  prob=0.024252  raw=0.006413
11:30:11 [super]   # 2038  0x59556288e7e6b903c0f97d91e7d7de96709e9059  prob=0.024252  raw=0.006409
11:30:11 [super]   # 2039  0x01d64e594510d055c35030c47070ad96d567978e  prob=0.024251  raw=0.006408
11:30:11 [super]   # 2040  0x665095017c1c71d567b77785dd398224d54371b6  prob=0.024251  raw=0.006407
11:30:11 [super]   # 2041  0x38358577cb070df5c3053e8f4e73ad4cd4277f72  prob=0.024251  raw=0.006400
11:30:11 [super]   # 2042  0x89afa7dd5d08366fdeab60c784d03e6241923ca9  prob=0.024250  raw=0.006398
11:30:11 [super]   # 2043  0x89961868837749331b85636b9f93f318ea3dfbce  prob=0.024250  raw=0.006391
11:30:11 [super]   # 2044  0x773259eda3b3cf812a8821c4b4d681856f9bfa11  prob=0.024249  raw=0.006384
11:30:11 [super]   # 2045  0xe45eac13ef3f7f477b4f8ff50c3ebd1b4820a8f1  prob=0.024249  raw=0.006382
11:30:11 [super]   # 2046  0x049c834e5e2dd41b6d428145450c60ac8fa8a6d1  prob=0.024247  raw=0.006366
11:30:11 [super]   # 2047  0x23a8bd40038e09df8094a8095e48e35e821d0586  prob=0.024247  raw=0.006366
11:30:11 [super]   # 2048  0xb9028d5210dac98e71c04a03f9bc7cf5806ae366  prob=0.024246  raw=0.006358
11:30:11 [super]   # 2049  0x25dcf4635fe93082e0849fbbf81c95680cf5e33b  prob=0.024246  raw=0.006357
11:30:11 [super]   # 2050  0xa233b1e73b5846852b1b8dbfceac00fc58e71b46  prob=0.024245  raw=0.006353
11:30:11 [super]   # 2051  0x3688f9913a288221d8fa88d802f315325543b05f  prob=0.024245  raw=0.006353
11:30:11 [super]   # 2052  0x897a3146a9dadfbec9c339364a9a6bd07994b17e  prob=0.024245  raw=0.006349
11:30:11 [super]   # 2053  0xdb9c320b6141c5701e334bcb284ca1011fb5d93e  prob=0.024245  raw=0.006347
11:30:11 [super]   # 2054  0xeba3bb61a66df871d95e6d7475ea6005a3bc1989  prob=0.024244  raw=0.006344
11:30:11 [super]   # 2055  0x8861f0bb5e0c19474ba73beeadc13ed8915beed6  prob=0.024243  raw=0.006335
11:30:11 [super]   # 2056  0x18837ee31a0152dfe66ff4acf41ece2a37e8f1e3  prob=0.024243  raw=0.006329
11:30:11 [super]   # 2057  0x1dc78302de1aa507954b76bb3a4df8b593d9302d  prob=0.024242  raw=0.006326
11:30:11 [super]   # 2058  0xa4b2707f12e7b451b99c2c61bbc92328f5401c67  prob=0.024242  raw=0.006320
11:30:11 [super]   # 2059  0xbf982860a233f6932be6a82efd13e3a2f37fd0bf  prob=0.024242  raw=0.006320
11:30:11 [super]   # 2060  0x79fd0affe1c9394f44f6e942414d39bb75af78ce  prob=0.024242  raw=0.006320
11:30:11 [super]   # 2061  0x191853be7bdf44711712c39f310fe2688dbd5a25  prob=0.024241  raw=0.006314
11:30:11 [super]   # 2062  0x42f2fbd1b36112b85e81c83a67050a8436b5401c  prob=0.024240  raw=0.006306
11:30:11 [super]   # 2063  0x927dab0bf8209eb6a8de73962bf56f277cdbc7d4  prob=0.024239  raw=0.006292
11:30:11 [super]   # 2064  0xbce0f28d9dc31b9fff80e310834fddf17f930790  prob=0.024238  raw=0.006282
11:30:11 [super]   # 2065  0xd3e4cda805b66c49f60433b18db5512302fb89b4  prob=0.024237  raw=0.006276
11:30:11 [super]   # 2066  0xbf9cd2a796c4a009dbdaea84aa0e5c119aeb115f  prob=0.024236  raw=0.006272
11:30:11 [super]   # 2067  0xb72c46255f5cc37adf86e4096e82d3a49197653e  prob=0.024236  raw=0.006270
11:30:11 [super]   # 2068  0x1fbc75fb0c5a8d1101d807c33acda8691d819bd7  prob=0.024235  raw=0.006262
11:30:11 [super]   # 2069  0x57bfa5e57ff0f07c64dc2b6d2b4f4347e908e356  prob=0.024234  raw=0.006254
11:30:11 [super]   # 2070  0x057a767d095e81e80307e27271b7920d3048afe2  prob=0.024234  raw=0.006247
11:30:11 [super]   # 2071  0x2244fc8ef0e9e19fa089c410199b543e878bb9c2  prob=0.024233  raw=0.006245
11:30:11 [super]   # 2072  0x4cb5ec560735efca23f76f2dd152b74bc6a9b536  prob=0.024233  raw=0.006238
11:30:11 [super]   # 2073  0x97317409bfd9e992611596acee93e8b938019b35  prob=0.024232  raw=0.006236
11:30:11 [super]   # 2074  0x98a3885be058c7ff3aaa46f060fcaf66e7138b3b  prob=0.024229  raw=0.006206
11:30:11 [super]   # 2075  0x6e10dfe4dad5f378fa9fe8471e8c897ca3605124  prob=0.024228  raw=0.006197
11:30:11 [super]   # 2076  0xda5cc38d7d8add97eff97ff178bf0b2121fe2834  prob=0.024228  raw=0.006197
11:30:11 [super]   # 2077  0xda98845c640d39152035ca67b21ace8ed3e85119  prob=0.024227  raw=0.006191
11:30:11 [super]   # 2078  0x9deec63e310923a143b3e31451d6d014352ff3cd  prob=0.024226  raw=0.006177
11:30:11 [super]   # 2079  0x4b0b9085394ed5fd1bc6ba1fb08cf5f96bf73f0b  prob=0.024223  raw=0.006155
11:30:11 [super]   # 2080  0xdaee1e56c63b9d9dccbc16f9d6967326c715f0f7  prob=0.024223  raw=0.006146
11:30:11 [super]   # 2081  0x6d510b0a095590e751a8f1e828bf761fc3de66ce  prob=0.024222  raw=0.006145
11:30:11 [super]   # 2082  0x1b8cc086b4e59f5e93a846007ff87450fd78bda5  prob=0.024221  raw=0.006130
11:30:11 [super]   # 2083  0x67b97b9246e3b649398220b10e929a8c96148343  prob=0.024221  raw=0.006129
11:30:11 [super]   # 2084  0x868d012adc10280658b272b1d7531a0697cddf81  prob=0.024220  raw=0.006127
11:30:11 [super]   # 2085  0x4c7e608713a703315673deeeb81f5166153e87b7  prob=0.024220  raw=0.006119
11:30:11 [super]   # 2086  0x447b5b344c38992dc34ceacd9f12f91ae1d08f05  prob=0.024218  raw=0.006101
11:30:11 [super]   # 2087  0x5af838afda0ad126966b88980a9f88cf68fc0059  prob=0.024217  raw=0.006096
11:30:11 [super]   # 2088  0x39c9d65a0484908e1e0d3b48c53777c0ac112c59  prob=0.024216  raw=0.006082
11:30:11 [super]   # 2089  0xad9a00108dd6e16dbc1c1fe051bb4f850722c3f4  prob=0.024215  raw=0.006078
11:30:11 [super]   # 2090  0x6c74398f1bbe6f4fca265ad8f831deeeebde908e  prob=0.024215  raw=0.006075
11:30:11 [super]   # 2091  0xf6f5c2e74926a3383a652ab7ba336aa43cc1b3c1  prob=0.024214  raw=0.006071
11:30:11 [super]   # 2092  0xe400e9495296b18fbedc9e4c6fe73cc7cbc51233  prob=0.024214  raw=0.006067
11:30:11 [super]   # 2093  0xeb99d5c30cb52c726b5c4a4be16afd19cb538c33  prob=0.024213  raw=0.006061
11:30:11 [super]   # 2094  0xf2d678df4fef4de2ff2dc803f5184be1cd2d5165  prob=0.024213  raw=0.006061
11:30:11 [super]   # 2095  0x5638438e4bdd1b73b9fd1fc061b2f5e351dd7b7b  prob=0.024213  raw=0.006056
11:30:11 [super]   # 2096  0x9a4280815dea00e7470729a5e667ea2f33a3d83d  prob=0.024212  raw=0.006054
11:30:11 [super]   # 2097  0x64535134ebf4f57daadbe5afb7f0bfc20d4a5553  prob=0.024212  raw=0.006048
11:30:11 [super]   # 2098  0xe154165732b79548f7533fc45168b102dd7a0b7f  prob=0.024211  raw=0.006045
11:30:11 [super]   # 2099  0xc468b3b8564017fcf2bf9ede2608a0ea24b1009d  prob=0.024211  raw=0.006039
11:30:11 [super]   # 2100  0x9e455413b57a792dfd92032f9a7a9fb282803662  prob=0.024210  raw=0.006029
11:30:11 [super]   # 2101  0xb12c460ad9e930f66698313aa7dc54260eefc2b2  prob=0.024209  raw=0.006026
11:30:11 [super]   # 2102  0x0734ab12616792dbfdf66aaa4223af4d8e6006f9  prob=0.024209  raw=0.006019
11:30:11 [super]   # 2103  0x384933afffcb94e4eb378beff802e1b0996c9b6a  prob=0.024208  raw=0.006014
11:30:11 [super]   # 2104  0x50d7e58882e1dd7937efcb9d19f9db37f6707a06  prob=0.024208  raw=0.006013
11:30:11 [super]   # 2105  0x033dc6e3e3e0a3ae55402576990392ae910aaf05  prob=0.024207  raw=0.006009
11:30:11 [super]   # 2106  0x7870e8772c8611ddf01c7cae4dcfe5a97d46cc4c  prob=0.024207  raw=0.006007
11:30:11 [super]   # 2107  0x900a43ece7f272431cb8272422874064cc1e59ce  prob=0.024207  raw=0.006006
11:30:11 [super]   # 2108  0xbf2a0c0a8012e13854bf26bba79a12866b715746  prob=0.024204  raw=0.005975
11:30:11 [super]   # 2109  0x6b28e80b70d26e8de950bc285ab83c4c00ff14f8  prob=0.024203  raw=0.005972
11:30:11 [super]   # 2110  0xd0bf0465a799019bbec8bddc314e0d915ea55abf  prob=0.024203  raw=0.005967
11:30:11 [super]   # 2111  0xa8af4c7923857533b687df9bf02115156e3a325e  prob=0.024202  raw=0.005960
11:30:11 [super]   # 2112  0xa980ab18494003953a79c18102c25138496593c3  prob=0.024199  raw=0.005931
11:30:11 [super]   # 2113  0x0a311971ee8770ff048191a844fa58ed3c5aca41  prob=0.024196  raw=0.005909
11:30:11 [super]   # 2114  0x2186ffd8599f7f45c3d386e2c252c0d4eb02bb74  prob=0.024196  raw=0.005909
11:30:11 [super]   # 2115  0x2953bb1c7deb34331c4442e50313e598f4b924b2  prob=0.024195  raw=0.005898
11:30:11 [super]   # 2116  0x3f4f9145904c7b3261c3bbe05fcea64d9d91b4b3  prob=0.024193  raw=0.005877
11:30:11 [super]   # 2117  0xa66790e2b0075e73c3781ddaf1d0b875a3aaceb3  prob=0.024193  raw=0.005874
11:30:11 [super]   # 2118  0x6630c34aa5836d4610fb6303d0ee9d966cd42f4e  prob=0.024192  raw=0.005871
11:30:11 [super]   # 2119  0x5504e8023bd78806a932683b25ed079fbfe5a960  prob=0.024192  raw=0.005870
11:30:11 [super]   # 2120  0x71223619985e320f3b36eabca70a6254ef684e23  prob=0.024191  raw=0.005856
11:30:11 [super]   # 2121  0x6b0ebbef2630b9a0da35594bf7ddd1911246e3ea  prob=0.024190  raw=0.005853
11:30:11 [super]   # 2122  0xcebd60d2919d132e5d5e614ee05c445fc8a33769  prob=0.024189  raw=0.005846
11:30:11 [super]   # 2123  0x321ecc164e3f6eba84cbd2d72ecef4d3b5475335  prob=0.024189  raw=0.005846
11:30:11 [super]   # 2124  0x8ad139a59569c6ea70565e2eae198a919bb9e3dc  prob=0.024187  raw=0.005822
11:30:11 [super]   # 2125  0x632fea8c149779ef9890ef8824b69bb0bd1a558c  prob=0.024186  raw=0.005815
11:30:11 [super]   # 2126  0x493ffb05695891ce53d2d5d0ca124f5474b10c62  prob=0.024185  raw=0.005808
11:30:11 [super]   # 2127  0xa3da0b6946a61abc89096d6f7e270b1c0529a04e  prob=0.024182  raw=0.005778
11:30:11 [super]   # 2128  0x595925002c331a38252066c462406965f8f80f8a  prob=0.024179  raw=0.005746
11:30:11 [super]   # 2129  0xa09b031d6588b5f4923f7e02bed30c0a6742db3d  prob=0.024177  raw=0.005736
11:30:11 [super]   # 2130  0x0b066acabe7134be3ad4eeeb0d74a3a7639f1065  prob=0.024176  raw=0.005726
11:30:11 [super]   # 2131  0x57529c1f3745a5aeee9c189a97fbd2b919a0b077  prob=0.024174  raw=0.005703
11:30:11 [super]   # 2132  0xa3774e457517fd2f43b50abdaff1312a28a122ea  prob=0.024173  raw=0.005700
11:30:11 [super]   # 2133  0xdf551ddb2b381381dd1b5f6b567539728e01ba75  prob=0.024171  raw=0.005682
11:30:11 [super]   # 2134  0xa02febf8d14fe860272f8462c56b61a8f204e4b1  prob=0.024171  raw=0.005679
11:30:11 [super]   # 2135  0xc714d38457244371ff8637c373b9aa808056e39e  prob=0.024169  raw=0.005663
11:30:11 [super]   # 2136  0x980a4d893c0d55f7783b56d91d062828fade0fb1  prob=0.024169  raw=0.005662
11:30:11 [super]   # 2137  0x3832289e6aca6b9444f6d9a4a2a8392f434535e1  prob=0.024169  raw=0.005658
11:30:11 [super]   # 2138  0x33ea5990691b5ef037c2cd026b93d62216dd9b77  prob=0.024169  raw=0.005658
11:30:11 [super]   # 2139  0xab1cab72897cb41d07b925107b065a88465b35a7  prob=0.024169  raw=0.005657
11:30:11 [super]   # 2140  0xbf8e94c333625cc390ce2f58478a8f314d1f0e6f  prob=0.024164  raw=0.005617
11:30:11 [super]   # 2141  0xeb175ba5a76409c5d371f995a1ff50d31a6b5d7b  prob=0.024164  raw=0.005614
11:30:11 [super]   # 2142  0xf8acec0ab665fee2369d824085e2d5fde7e46f52  prob=0.024163  raw=0.005609
11:30:11 [super]   # 2143  0xb277caba4e804dabea8acdcb6b6b9880af69d809  prob=0.024162  raw=0.005600
11:30:11 [super]   # 2144  0x5c9efbd24e74525f9e4052a0f55eed59b1c782c7  prob=0.024162  raw=0.005593
11:30:11 [super]   # 2145  0x0d6b5a92e534857656d285b4910dd5fa3f4f503e  prob=0.024161  raw=0.005584
11:30:11 [super]   # 2146  0xf0c7b2c277bcb27f692ca4613f1dc5f02bd31299  prob=0.024158  raw=0.005563
11:30:11 [super]   # 2147  0xa5a6149db79031975f2c48e1cfaf4868a51a5da0  prob=0.024157  raw=0.005553
11:30:11 [super]   # 2148  0x09e5e4a6b013082b8d0786558059cd4043f5151a  prob=0.024157  raw=0.005552
11:30:11 [super]   # 2149  0x6f1901e9a069db659339b086d50d6e02da93b9ff  prob=0.024156  raw=0.005545
11:30:11 [super]   # 2150  0xbf0b683ef4ab3fdd72dbd97929dbc54b745ca210  prob=0.024156  raw=0.005543
11:30:11 [super]   # 2151  0x3cb6f3a56634f48e458958227749d9834b198d70  prob=0.024155  raw=0.005529
11:30:11 [super]   # 2152  0x51e80c09805312a87a7661e63eaf6c584c15cc3a  prob=0.024153  raw=0.005518
11:30:11 [super]   # 2153  0x2c701e8028de7aaefff79930e55829c408fb6ce0  prob=0.024152  raw=0.005507
11:30:11 [super]   # 2154  0xe679449d339a238ad652b95b46f878e1a542ae43  prob=0.024152  raw=0.005504
11:30:11 [super]   # 2155  0x2322a68d70553440248840f210ad576474023d68  prob=0.024151  raw=0.005496
11:30:11 [super]   # 2156  0xe76e188cb015b2746e3b17cf69a63afcc01851a2  prob=0.024151  raw=0.005493
11:30:11 [super]   # 2157  0xdaef2be2a19ad331737d06545f85615b094554e9  prob=0.024148  raw=0.005471
11:30:11 [super]   # 2158  0x5216adb95a71a175a9f66e68b4ab103611840618  prob=0.024147  raw=0.005461
11:30:11 [super]   # 2159  0x8946c6e3ee0248bd4f3872c28cc5f64b7c254501  prob=0.024146  raw=0.005455
11:30:11 [super]   # 2160  0x38e59b36aae31b164200d0cad7c3fe5e0ee795e7  prob=0.024146  raw=0.005454
11:30:11 [super]   # 2161  0x0483f837cdecf77d3a0fb84b79284eaeb321483b  prob=0.024143  raw=0.005426
11:30:11 [super]   # 2162  0xbb92bec0800e36ba0253046ba580c89976287559  prob=0.024142  raw=0.005419
11:30:11 [super]   # 2163  0x253914bcb08408b223c43932b14cd272ddf171a2  prob=0.024140  raw=0.005394
11:30:11 [super]   # 2164  0x9659d82c64701a9eec1da403e98b93fc8efb6acf  prob=0.024140  raw=0.005393
11:30:11 [super]   # 2165  0x5235578efe24555b0c98e7dc10a902b09089c04a  prob=0.024139  raw=0.005387
11:30:11 [super]   # 2166  0xc5f543d6560ea5fe41a46aa1b91ec58767099439  prob=0.024139  raw=0.005385
11:30:11 [super]   # 2167  0xc3e45193d37ec34b82129adfc46abff7bb415bf6  prob=0.024139  raw=0.005385
11:30:11 [super]   # 2168  0xcfe6852f1371b8625854d95404b375d110a297d8  prob=0.024138  raw=0.005381
11:30:11 [super]   # 2169  0xac4d75f15b710a6bb58c4c08468d8cd43acfce5c  prob=0.024136  raw=0.005363
11:30:11 [super]   # 2170  0x0e3f2d643887f9427980a905a01260bf3c48896d  prob=0.024136  raw=0.005359
11:30:11 [super]   # 2171  0xa671aa5a02d7b49b7706945d7edf488dbab668f3  prob=0.024136  raw=0.005358
11:30:11 [super]   # 2172  0x2f92d3d2a08f7f314d7f6a55e2a88d83746ebac2  prob=0.024135  raw=0.005347
11:30:11 [super]   # 2173  0x238766f0ae9b8f37fd8789e646a53bac30c02a96  prob=0.024134  raw=0.005343
11:30:11 [super]   # 2174  0x46a121e4df5fdd6cf042a4ede1e90672583e2736  prob=0.024133  raw=0.005333
11:30:11 [super]   # 2175  0x7d26d98cd61a2de8ce4a37a05cf9537ec85fa7d1  prob=0.024133  raw=0.005328
11:30:11 [super]   # 2176  0xecb00119f727eed83ed5b2b8f1dfa3ac0a1830d7  prob=0.024132  raw=0.005326
11:30:11 [super]   # 2177  0xae20d6cc3e77d43ed0a7aea547f6280bab50bdcf  prob=0.024132  raw=0.005325
11:30:11 [super]   # 2178  0x5e11eeba0e0cde001bded5e8bd945d1c8725921b  prob=0.024132  raw=0.005322
11:30:11 [super]   # 2179  0x6c70700453e5d316bbd2c35af8732b780244ad5a  prob=0.024131  raw=0.005317
11:30:11 [super]   # 2180  0x2ff1797eebc8aa658ca38c0ae55246c1cea072eb  prob=0.024131  raw=0.005317
11:30:11 [super]   # 2181  0xd65d8ea4c7a655dca260ed0e7180026c5843931d  prob=0.024131  raw=0.005315
11:30:11 [super]   # 2182  0x22f14960bbb8e4435165dd0e0a8cd2f2e977ef74  prob=0.024130  raw=0.005309
11:30:11 [super]   # 2183  0xff7ca9cd180d33119e653e3eb50555a3e2ccb233  prob=0.024130  raw=0.005304
11:30:11 [super]   # 2184  0x7142b2b0317a2c1f4386bb07d0d65299de53fbf7  prob=0.024128  raw=0.005290
11:30:11 [super]   # 2185  0xe6d843435c9627d8243ec0582f0dc86f2a2f3484  prob=0.024128  raw=0.005290
11:30:11 [super]   # 2186  0xe0718185ae103323d86b4eb687cb439b8d10f836  prob=0.024128  raw=0.005287
11:30:11 [super]   # 2187  0x4b1f596a9dd91723c5b7217a53c88b62ba59943b  prob=0.024128  raw=0.005284
11:30:11 [super]   # 2188  0x0777213fd2057270af93d589959b916cb72a110e  prob=0.024127  raw=0.005282
11:30:11 [super]   # 2189  0x0dc953e045ac1b38ec41c386b00d2157d88b332a  prob=0.024127  raw=0.005276
11:30:11 [super]   # 2190  0x742cfa27780814b984f8ca2870f2aba8109d2b19  prob=0.024123  raw=0.005238
11:30:11 [super]   # 2191  0x490f66ea703fc8fae19fd231c9921e3f4c0c17e5  prob=0.024122  raw=0.005232
11:30:11 [super]   # 2192  0xc1a73781101fd9906c379cb47dc6720df82bd5bf  prob=0.024122  raw=0.005230
11:30:11 [super]   # 2193  0x4f888f224053d8cab1e02d6f274aa27268a5bd2b  prob=0.024121  raw=0.005228
11:30:11 [super]   # 2194  0x01acb473300dbd804ffea5bb64d5fbae70f9a00f  prob=0.024120  raw=0.005213
11:30:11 [super]   # 2195  0xb71c0956ebeba77d77df189f08375e079a766506  prob=0.024119  raw=0.005200
11:30:11 [super]   # 2196  0xbb9655f5883280f926934474b21437d3f7339545  prob=0.024118  raw=0.005196
11:30:11 [super]   # 2197  0xa3e22cd32aa9238ef7dbcfb4761e33b9eaa1fdf8  prob=0.024117  raw=0.005189
11:30:11 [super]   # 2198  0x4b826bd43def23bd59968d9259a453ae35fdae8a  prob=0.024117  raw=0.005186
11:30:11 [super]   # 2199  0x9637fa94e3fcf4a8111fbaa09c10dab726543a87  prob=0.024117  raw=0.005184
11:30:11 [super]   # 2200  0x68bd8124879e7642756d97b8915ad77ae387290f  prob=0.024116  raw=0.005179
11:30:11 [super]   # 2201  0x3f816aac28e403f99a13e54aeff868c6680dd46a  prob=0.024114  raw=0.005163
11:30:11 [super]   # 2202  0x18377a8fbfdc4925db667c4f8cb5b59e32a06545  prob=0.024114  raw=0.005163
11:30:11 [super]   # 2203  0x98d973b69565d3564b39f364cc1bf73a62db2c8c  prob=0.024114  raw=0.005159
11:30:11 [super]   # 2204  0xdb24061633bfb9940a522f65b32c4674a8926927  prob=0.024113  raw=0.005151
11:30:11 [super]   # 2205  0x2783e38aa7b7d1ba8a7f3cef36bed993f3138321  prob=0.024112  raw=0.005144
11:30:11 [super]   # 2206  0xc6492c75cff899c68cdf2ee5fe4c07c699d4aa6d  prob=0.024111  raw=0.005136
11:30:11 [super]   # 2207  0x05ee862fc160426178a2866a52cab18ccb1d4dba  prob=0.024111  raw=0.005134
11:30:11 [super]   # 2208  0xe797f4b772cc9e342ef48d867787f4edcf9c2b36  prob=0.024110  raw=0.005125
11:30:11 [super]   # 2209  0x2fdc59f14d826c6b654cce038e97e47e2366920c  prob=0.024109  raw=0.005116
11:30:11 [super]   # 2210  0x74e6c1260ac5448c00eb63e1f6894ecd090c99e8  prob=0.024109  raw=0.005114
11:30:11 [super]   # 2211  0x8f8c5047b90eaf6cbfc53de1e5bc02f5653b2a49  prob=0.024108  raw=0.005106
11:30:11 [super]   # 2212  0xb4e9845fee9d0e1bf5433ba70f77f6bddc06b60a  prob=0.024108  raw=0.005105
11:30:11 [super]   # 2213  0x1a740bc130c3f3d74f53d5c9d5334979dfe73193  prob=0.024107  raw=0.005094
11:30:11 [super]   # 2214  0x685c6d8b6dba2616fa9e74279d972e9e1f8dd3b3  prob=0.024107  raw=0.005092
11:30:11 [super]   # 2215  0x2e759c06e2c97ba59663250563426cbe56330143  prob=0.024107  raw=0.005092
11:30:11 [super]   # 2216  0x6eff92b3992572e70a6d146b25c19b281b6aaff9  prob=0.024107  raw=0.005092
11:30:11 [super]   # 2217  0x2ec2c318df2fd48956132a8cc902ca1097a9a000  prob=0.024106  raw=0.005084
11:30:11 [super]   # 2218  0x8e8cf968a888c72a45627be3660d1c815d4c6657  prob=0.024105  raw=0.005077
11:30:11 [super]   # 2219  0xc7cde558504443a8d5199459b3e15bb26d725861  prob=0.024104  raw=0.005070
11:30:11 [super]   # 2220  0xeec4062001397d88e1ff04cb1fc7bb3b280b08df  prob=0.024103  raw=0.005062
11:30:11 [super]   # 2221  0x115ece77b4d3d89e1c8dbacb3e75c4817a83f5da  prob=0.024103  raw=0.005058
11:30:11 [super]   # 2222  0x9665a3f319d006a9460b8b5e15c99d3154285fb6  prob=0.024103  raw=0.005058
11:30:11 [super]   # 2223  0x644b6e48414e55628e29449ef6f9d6df26dd2145  prob=0.024103  raw=0.005057
11:30:11 [super]   # 2224  0x12d6cccfc7470a3f4bafc53599a4779cbf2cf2a8  prob=0.024102  raw=0.005048
11:30:11 [super]   # 2225  0xf4b3ccc42e54901f28643725006f1c2a38abc118  prob=0.024101  raw=0.005044
11:30:11 [super]   # 2226  0x8ba02d680768ff05749abbdfbd5e2967ee95cba6  prob=0.024101  raw=0.005041
11:30:11 [super]   # 2227  0x693e714815f6a113ec3718dcc924904409d88092  prob=0.024100  raw=0.005035
11:30:11 [super]   # 2228  0x2ff9ceedd7183ff161b83d4077d0394b9d28c482  prob=0.024100  raw=0.005035
11:30:11 [super]   # 2229  0x8485a7710421d51e63a834910b906b146edcc13e  prob=0.024100  raw=0.005032
11:30:11 [super]   # 2230  0x27b85714d300902ba78cfe0715ddb61b596aed0e  prob=0.024100  raw=0.005031
11:30:11 [super]   # 2231  0x42417713ea79fd0d5c647a65b8b706785b95bf1e  prob=0.024099  raw=0.005023
11:30:11 [super]   # 2232  0xbc5a1519fd118e54324817ff456959306b812ecc  prob=0.024097  raw=0.005008
11:30:11 [super]   # 2233  0xee014126d8db0a614a818f7a899d9c6905d788f0  prob=0.024097  raw=0.005004
11:30:11 [super]   # 2234  0x7a75a6e655e7078a30134ca0fab32016f4b7df66  prob=0.024096  raw=0.004994
11:30:11 [super]   # 2235  0xbc261375ea506f767706afaf215c90ad2b171740  prob=0.024095  raw=0.004984
11:30:11 [super]   # 2236  0xfa2dbcd1b54830e8304cea4884a0dcf1e32cdbcb  prob=0.024095  raw=0.004984
11:30:11 [super]   # 2237  0x912a58103662ebe2e30328a305bc33131eca0f92  prob=0.024095  raw=0.004982
11:30:11 [super]   # 2238  0x84207208bc185f902f452ea384d81560c9876183  prob=0.024094  raw=0.004980
11:30:11 [super]   # 2239  0x35fb279cee54d62ac01cae373fac26ad24d50965  prob=0.024094  raw=0.004979
11:30:11 [super]   # 2240  0xe3d916b2bb78145c203f3c72b378f147fb03776f  prob=0.024094  raw=0.004976
11:30:11 [super]   # 2241  0xd4bed85494bce444e13ab3436c9aba039284c4c1  prob=0.024093  raw=0.004964
11:30:11 [super]   # 2242  0xddf262060b3e8a403dac6a678651fc9f504f19a3  prob=0.024092  raw=0.004961
11:30:11 [super]   # 2243  0x8f56d36f734e14d2b7de274157ca4352b3790c0b  prob=0.024092  raw=0.004956
11:30:11 [super]   # 2244  0xce00190dd098d8722ab52a1bf47f99103a7609e0  prob=0.024092  raw=0.004955
11:30:11 [super]   # 2245  0x56e3de5d4e06fea0c19f4029cdbda6959bbc521c  prob=0.024091  raw=0.004946
11:30:11 [super]   # 2246  0x134d68e7a69b7527a2fa02c0cb1199b47ee7a54d  prob=0.024090  raw=0.004945
11:30:11 [super]   # 2247  0xdd62f9bb6112256714965920ef08f112f4187785  prob=0.024090  raw=0.004942
11:30:11 [super]   # 2248  0x69c7249dbdc6c5ee3a807de76f400198d2cb587c  prob=0.024090  raw=0.004938
11:30:11 [super]   # 2249  0x15740055904cab8a8b743f2f6f5428122f8764c9  prob=0.024090  raw=0.004938
11:30:11 [super]   # 2250  0x23cb796cf58bfa12352f0164f479deedbd50658e  prob=0.024090  raw=0.004937
11:30:11 [super]   # 2251  0xcbca2e23c0e350abc3871169b20898a7360fdc2c  prob=0.024088  raw=0.004927
11:30:11 [super]   # 2252  0x53c6657d4bef4d84a6af8eb0746bf228d2feb9a7  prob=0.024088  raw=0.004925
11:30:11 [super]   # 2253  0x92f18f9c61641a6bb3070e9f7f934d41e857e325  prob=0.024088  raw=0.004919
11:30:11 [super]   # 2254  0x73208f3ef621fb4238743a2edf48ecd5c4c35ef3  prob=0.024088  raw=0.004919
11:30:11 [super]   # 2255  0x0fb426cdc38161380fc9ce093d63cc0dceaad09b  prob=0.024087  raw=0.004914
11:30:11 [super]   # 2256  0x23d84ca987d5ee2109698252cb4c5677f89d728b  prob=0.024087  raw=0.004913
11:30:11 [super]   # 2257  0xa709e9345a9658d778c2e21ceca229c04f541e2f  prob=0.024086  raw=0.004908
11:30:11 [super]   # 2258  0xca4bee3381ace36845aa12bc4f0bf8badffcd78a  prob=0.024086  raw=0.004903
11:30:11 [super]   # 2259  0x94d80b1c4c3935e8484ca293728185caebb9ac91  prob=0.024085  raw=0.004897
11:30:11 [super]   # 2260  0xb073ebc689671c3289dce9f1cee593d3e4a7a1f5  prob=0.024084  raw=0.004885
11:30:11 [super]   # 2261  0x02d233a32fe13ab5ce08ba86ce257d607f0e2eac  prob=0.024084  raw=0.004885
11:30:11 [super]   # 2262  0x7e35a2a8cfd1eb1e69dacd043206db5a787f1a6c  prob=0.024083  raw=0.004876
11:30:11 [super]   # 2263  0x4b7410aefbf0f38012b0dfb1131a4de147a9e8d7  prob=0.024083  raw=0.004874
11:30:11 [super]   # 2264  0xcf36c5d5d07366f2f3abf7d1dfecf437c6f694e8  prob=0.024082  raw=0.004870
11:30:11 [super]   # 2265  0x6d660e2dfc5af566050cdab3406392e688c5ea66  prob=0.024082  raw=0.004864
11:30:11 [super]   # 2266  0x1b177b260ca347097712c98ce91266c1c5e61713  prob=0.024081  raw=0.004859
11:30:11 [super]   # 2267  0x23aa6121bdde7f2d96e10cdd7da7ba6436e81c99  prob=0.024080  raw=0.004846
11:30:11 [super]   # 2268  0x5fe50c22621779e031322c5becb110d1fa0d8b99  prob=0.024079  raw=0.004843
11:30:11 [super]   # 2269  0x3f11241fbf0e6eee28e78b63cea0a6d8044b157a  prob=0.024079  raw=0.004837
11:30:11 [super]   # 2270  0x05c6b264d4af37d2c736caabbfa1f40b0aff40e6  prob=0.024078  raw=0.004834
11:30:11 [super]   # 2271  0xc851cd9bee7d262afd78674f861f9f576a12cd2a  prob=0.024078  raw=0.004832
11:30:11 [super]   # 2272  0x222cb45238cbee3571d9c133ca0f669d9dfb606f  prob=0.024077  raw=0.004818
11:30:11 [super]   # 2273  0x26e4fe6d03e1d6708059d071231e94e080890b1f  prob=0.024076  raw=0.004813
11:30:11 [super]   # 2274  0xf18a3e6f2442652ea74dce13322e0c8d58d53813  prob=0.024076  raw=0.004811
11:30:11 [super]   # 2275  0x70a62186f0f20139903aa03f2490b7d2fffe86b7  prob=0.024075  raw=0.004805
11:30:11 [super]   # 2276  0xa2c111c6d2c4c3a8ff9c529f7e6da4868cbe643b  prob=0.024075  raw=0.004801
11:30:11 [super]   # 2277  0xdfaacceff09ac2c037393eee387e81ea024679a7  prob=0.024074  raw=0.004796
11:30:11 [super]   # 2278  0xcec703c38fc51ab49ac22692cae6b61ac90d0ea7  prob=0.024074  raw=0.004794
11:30:11 [super]   # 2279  0x66f3df05e199937340e7f8ae5749eefaaeaf3dad  prob=0.024074  raw=0.004793
11:30:11 [super]   # 2280  0xb283fce8ac43c4ed2bc7c0285e16532d857d493b  prob=0.024074  raw=0.004793
11:30:11 [super]   # 2281  0xa755dbc76ec210895f3161354067f4f41f27e16b  prob=0.024074  raw=0.004792
11:30:11 [super]   # 2282  0x9d7f70323f7dbec10fb2746ff98fd6b157eb3775  prob=0.024073  raw=0.004789
11:30:11 [super]   # 2283  0x005ec0339fa3db197a52af9a417657af799a03d9  prob=0.024073  raw=0.004789
11:30:11 [super]   # 2284  0xec105808bfd783e01e13713da87d9c1bcc8ae4f9  prob=0.024073  raw=0.004789
11:30:11 [super]   # 2285  0xfbaf2876444fb3797fdbd73a5a887b4fb7de61a7  prob=0.024073  raw=0.004789
11:30:11 [super]   # 2286  0x4da62250c876a2cf692ee4cd386416f268e22268  prob=0.024073  raw=0.004786
11:30:11 [super]   # 2287  0xe7f7e2d3d4d0e164239f3cc30a7928f4209de73b  prob=0.024072  raw=0.004779
11:30:11 [super]   # 2288  0x73f5c5bd37628a646325ca85205fd2950cf490eb  prob=0.024072  raw=0.004778
11:30:11 [super]   # 2289  0xdd287fd025c76163eeb23345c3a8595f728a374a  prob=0.024072  raw=0.004775
11:30:11 [super]   # 2290  0x18e39d48c797c3518e88ef956cd777bea1a21933  prob=0.024072  raw=0.004773
11:30:11 [super]   # 2291  0xe7c62b7119b18bcdeafb7f4dfa929cf9eed8b998  prob=0.024071  raw=0.004770
11:30:11 [super]   # 2292  0xa9f3a4a718f266324be55e2baafba63ecccc0545  prob=0.024071  raw=0.004769
11:30:11 [super]   # 2293  0x50f479451eae89dfe55099cbf9832b31e968f549  prob=0.024070  raw=0.004761
11:30:11 [super]   # 2294  0x88a4c018a847995d2813d9499c2e7b8c7a33510c  prob=0.024070  raw=0.004755
11:30:11 [super]   # 2295  0xb7e90681f15a36e24591baf24645f84726b6bdac  prob=0.024070  raw=0.004754
11:30:11 [super]   # 2296  0xe3a7a86e4e734e9c28498c78bb08fa560fec03e4  prob=0.024069  raw=0.004752
11:30:11 [super]   # 2297  0xbb9e00932aca37500b31b1c4854c8fae62e9cc2d  prob=0.024069  raw=0.004749
11:30:11 [super]   # 2298  0x767d045bfc65dc4d38183c22c854fd67e90158b5  prob=0.024069  raw=0.004748
11:30:11 [super]   # 2299  0xf92faaf4671ce83b518a63f8e4eda49b79bfd129  prob=0.024069  raw=0.004748
11:30:11 [super]   # 2300  0x9fb3ff4efbb81edd9565882a40b1087c62b5c299  prob=0.024069  raw=0.004746
11:30:11 [super]   # 2301  0xf54732cb04fed217ce915fe21c91bcda5ac79ebb  prob=0.024068  raw=0.004740
11:30:11 [super]   # 2302  0x310610b58a8a215db4667121213a272a618dfb6e  prob=0.024067  raw=0.004731
11:30:11 [super]   # 2303  0x58987a55660469e31ce8d323cd11d6aa824f946b  prob=0.024067  raw=0.004730
11:30:11 [super]   # 2304  0x2ee8b3a1999808b61cba247c078a63f923e736df  prob=0.024066  raw=0.004726
11:30:11 [super]   # 2305  0xe95ed1ebff699eef2cda1538c47cc755941af4a0  prob=0.024066  raw=0.004718
11:30:11 [super]   # 2306  0x82aed30e16478ce30d1e60b2474c5bfb4ca34325  prob=0.024065  raw=0.004716
11:30:11 [super]   # 2307  0x1e098bdac8f208824568e13eefcb5ff8e14aa4ed  prob=0.024065  raw=0.004714
11:30:11 [super]   # 2308  0x7fd52c90759961970465fcf25eb2a0cc6f8a1370  prob=0.024065  raw=0.004714
11:30:11 [super]   # 2309  0x1f53ef1fa8df74963e5202c4229c29e7e50c1081  prob=0.024065  raw=0.004713
11:30:11 [super]   # 2310  0x4060c59d3384330d9c1c457de083d09dfcac2948  prob=0.024065  raw=0.004713
11:30:11 [super]   # 2311  0x32b61f77818ee062a1cf0ad4312752879e1a2f9f  prob=0.024065  raw=0.004712
11:30:11 [super]   # 2312  0x9d84ce0306f8551e02efef1680475fc0f1dc1344  prob=0.024064  raw=0.004705
11:30:11 [super]   # 2313  0xcaf3fd1bebcc633dcde181c54dbff9566987f5eb  prob=0.024063  raw=0.004696
11:30:11 [super]   # 2314  0x8db4f2bcb37078763c70dac5d99c285995479c07  prob=0.024063  raw=0.004691
11:30:11 [super]   # 2315  0xe97733b9a422b59c3fc3e8c6f4f4fbd05a4e782d  prob=0.024062  raw=0.004682
11:30:11 [super]   # 2316  0x3b7b03427034fe97f88e22053595500c7105f74e  prob=0.024062  raw=0.004682
11:30:11 [super]   # 2317  0x3f3bfc6d754e416699793901ffb12ddeee9f1d77  prob=0.024061  raw=0.004678
11:30:11 [super]   # 2318  0x7c3f4feb01e8a472124021875b36941e40921e74  prob=0.024061  raw=0.004677
11:30:11 [super]   # 2319  0xf4ffd31f3071ffaa454372280a8e75bc74f45970  prob=0.024061  raw=0.004675
11:30:11 [super]   # 2320  0x5968454ab9fa39745d5d4adf78f23b80ebe53fc4  prob=0.024060  raw=0.004670
11:30:11 [super]   # 2321  0x4bfb41d5b3570defd03c39a9a4d8de6bd8b8982e  prob=0.024060  raw=0.004667
11:30:11 [super]   # 2322  0xf5ab415a609dd82a766dac19765bd9695b297538  prob=0.024060  raw=0.004666
11:30:11 [super]   # 2323  0x9ff06804f6ff300f9c6498e148a65ab83e73e7cb  prob=0.024060  raw=0.004666
11:30:11 [super]   # 2324  0x08b060d2af7a5567eda8e6ebaa131331f40bab47  prob=0.024060  raw=0.004664
11:30:11 [super]   # 2325  0x5817224e5410c2685b7653c80a0abcebc54994f0  prob=0.024060  raw=0.004664
11:30:11 [super]   # 2326  0x2cde80346eed526242e266476cfcc65073635b98  prob=0.024059  raw=0.004660
11:30:11 [super]   # 2327  0x698154190e5a4896ac80a86d8b6791377249b487  prob=0.024059  raw=0.004659
11:30:11 [super]   # 2328  0x08c81574a58fa366d2099dae7d4f5275c7787a00  prob=0.024059  raw=0.004656
11:30:11 [super]   # 2329  0x58f22532f572816d2ec67842d701ccc35b2ee8c5  prob=0.024059  raw=0.004655
11:30:11 [super]   # 2330  0xa31aec57fb1f4b4b4bf76c75f1542ffe695b4e04  prob=0.024059  raw=0.004653
11:30:11 [super]   # 2331  0xf94a8695e89bb264dbd66f967a46cad91044abfb  prob=0.024058  raw=0.004648
11:30:11 [super]   # 2332  0x5c137ee91fe749e20b346a9c25652facea835d00  prob=0.024057  raw=0.004640
11:30:11 [super]   # 2333  0xa4da7cb218c5dcb36666815c6aa043890fa82db1  prob=0.024057  raw=0.004637
11:30:11 [super]   # 2334  0xb2b009ac71d66b3a35b734fb51a23e846be234b5  prob=0.024057  raw=0.004637
11:30:11 [super]   # 2335  0x4849fae8c23f8010eca9c2d15fab27b71079b608  prob=0.024057  raw=0.004637
11:30:11 [super]   # 2336  0x5fcb6d9c5fbe942d65f33af21382a8c85d4e74bd  prob=0.024057  raw=0.004636
11:30:11 [super]   # 2337  0xbda633dcc76e7e6b14555940fb6542ec4b718f80  prob=0.024056  raw=0.004631
11:30:11 [super]   # 2338  0xfe0c425d02ad41bbb2e47199d4d9abeb2e5acd8b  prob=0.024056  raw=0.004628
11:30:11 [super]   # 2339  0x79045d36f74fa2c1544091b2d327ab2ab38cf0a9  prob=0.024056  raw=0.004628
11:30:11 [super]   # 2340  0xc759599a8e1e66f6c0d7736494ebe46dc2cd51ed  prob=0.024055  raw=0.004626
11:30:11 [super]   # 2341  0x68c24bf4a8ad4d79a6fe4b8eec6f93a02dfd1711  prob=0.024055  raw=0.004623
11:30:11 [super]   # 2342  0xf0b0ef1d6320c6be896b4c9c54dd74407e7f8cab  prob=0.024055  raw=0.004623
11:30:11 [super]   # 2343  0xe7ca6c9981728481961695ed2d80fc46446fb3cf  prob=0.024055  raw=0.004621
11:30:11 [super]   # 2344  0x62b31c1bad6e1b0662286f4e88911f91c1ab4849  prob=0.024055  raw=0.004618
11:30:11 [super]   # 2345  0x77e673be7c95957ee2dde52141f26af5fbeccc61  prob=0.024054  raw=0.004616
11:30:11 [super]   # 2346  0x09d600cfc7437488da4892884c51843f244e0fda  prob=0.024054  raw=0.004609
11:30:11 [super]   # 2347  0x90f7180856b033ea45200d892a7bc49fd1662501  prob=0.024054  raw=0.004608
11:30:11 [super]   # 2348  0x778cbc951a4cf2938a7307c89bc1894d3b47e40e  prob=0.024053  raw=0.004607
11:30:11 [super]   # 2349  0xd744da9eb212ab712aa10240d5c3e5e39d4def85  prob=0.024052  raw=0.004593
11:30:11 [super]   # 2350  0x958948b81bf39ebe3211b6e29381b4d94aa03ee3  prob=0.024051  raw=0.004581
11:30:11 [super]   # 2351  0xa940df192dfac2844d626cfdf7e29ba330187305  prob=0.024050  raw=0.004579
11:30:11 [super]   # 2352  0x8149c6c26c55f6e79516d6755feaafc049cc4718  prob=0.024050  raw=0.004575
11:30:11 [super]   # 2353  0x30b5d71c044ab78f0b3790a4323fe090d769cc2c  prob=0.024050  raw=0.004574
11:30:11 [super]   # 2354  0x04c8f4b76df800259581371c62b4b1e1d94605f9  prob=0.024049  raw=0.004565
11:30:11 [super]   # 2355  0x4e25605fd905e9972efc0f4d8814530c655cd7a7  prob=0.024049  raw=0.004563
11:30:11 [super]   # 2356  0x7b65a359c1831812301a2ae0ca5b304f8c673497  prob=0.024049  raw=0.004562
11:30:11 [super]   # 2357  0xf950069b720975f3a18573bd9b6761a747a081d1  prob=0.024048  raw=0.004558
11:30:11 [super]   # 2358  0xc2b5917f5da71bda600df0d55b706351e19455ed  prob=0.024048  raw=0.004554
11:30:11 [super]   # 2359  0x5b78f99e5a6c0f32ccca0aaa7e7e142b6c134417  prob=0.024048  raw=0.004554
11:30:11 [super]   # 2360  0xfa323e40632edca701abc6c8cf1f82175909bd9a  prob=0.024047  raw=0.004550
11:30:11 [super]   # 2361  0xc6dd722558dbfbd8fa780efcbe819ed8c6604b9f  prob=0.024047  raw=0.004548
11:30:11 [super]   # 2362  0xe3655061f541cb5bd041324c56cab02a1065607e  prob=0.024047  raw=0.004546
11:30:11 [super]   # 2363  0xb2a0e9c29ef2e4398e96a9f5016b7afdfc20ca0c  prob=0.024046  raw=0.004542
11:30:11 [super]   # 2364  0xcf9555cef256c96a91dd4cd6c3a159c033867865  prob=0.024046  raw=0.004535
11:30:11 [super]   # 2365  0x81e1f60c328b82701602c9bb79599deefc617265  prob=0.024045  raw=0.004531
11:30:11 [super]   # 2366  0xa453e73d48c13ccb3c43ac914cdc96f5664a23a9  prob=0.024045  raw=0.004530
11:30:11 [super]   # 2367  0xa8079ee81ad227e5f956b1b2b5870a8825153c35  prob=0.024045  raw=0.004527
11:30:11 [super]   # 2368  0x9e54d4b157c5ccd12b444be5e1e59386a79710e2  prob=0.024044  raw=0.004524
11:30:11 [super]   # 2369  0x4d99c5c158205f5e375b2842520f0390d343a421  prob=0.024044  raw=0.004523
11:30:11 [super]   # 2370  0x1cfc260bfa2b5ae89377863180ca3b4f5c862111  prob=0.024044  raw=0.004521
11:30:11 [super]   # 2371  0x274b6a448dc4913abdafb1b7031e232ef61d2b2c  prob=0.024042  raw=0.004507
11:30:11 [super]   # 2372  0x028abce020702ab24eb0521413033393e945fe96  prob=0.024042  raw=0.004504
11:30:11 [super]   # 2373  0xeface9902242b0399856f981600b907dcc9bc9a1  prob=0.024042  raw=0.004502
11:30:11 [super]   # 2374  0x04e5874f42bc7df6afd03ecb7f095d47b0ae1195  prob=0.024042  raw=0.004501
11:30:11 [super]   # 2375  0xa05ce1c83ab748d30523be07767467ec93907242  prob=0.024041  raw=0.004493
11:30:11 [super]   # 2376  0x4103ec10fd2ce0b4349379125b2f3353d8c9a8c4  prob=0.024041  raw=0.004490
11:30:11 [super]   # 2377  0xcb92e685b8c6d94b318060413c4c1dea85a8d94d  prob=0.024040  raw=0.004488
11:30:11 [super]   # 2378  0x5e668e816e8edad47eea2e7af309acd60979f8cb  prob=0.024040  raw=0.004486
11:30:11 [super]   # 2379  0x7c3db723f1d4d8cb9c550095203b686cb11e5c6b  prob=0.024040  raw=0.004485
11:30:11 [super]   # 2380  0x534c36cc1d0289fa00f0f3d714e3b546186790b0  prob=0.024040  raw=0.004484
11:30:11 [super]   # 2381  0xbd70eebd1374580d4fbbf0291f4b6fba44fdd270  prob=0.024040  raw=0.004483
11:30:11 [super]   # 2382  0x48fa7e7fdcc9e4a799fb54d7e601a5514a274864  prob=0.024040  raw=0.004482
11:30:11 [super]   # 2383  0xe1920bc344268184681bb84ef53ae1bc27424c2d  prob=0.024039  raw=0.004477
11:30:11 [super]   # 2384  0x8e7475666f8cc73f2a74d6300335b08e08bf3c60  prob=0.024039  raw=0.004477
11:30:11 [super]   # 2385  0x7333d2e4d59dbd5db7924ea9963113b5edc7377e  prob=0.024039  raw=0.004473
11:30:11 [super]   # 2386  0xed9f70f0651ab8bf93f915a7dea0ce285e9eea7b  prob=0.024038  raw=0.004465
11:30:11 [super]   # 2387  0x4487344a392974e10ba87493ae39fbb3c796c5b4  prob=0.024038  raw=0.004462
11:30:11 [super]   # 2388  0x0d17113c706fe0e54288900999052e4ca27ca79a  prob=0.024037  raw=0.004461
11:30:11 [super]   # 2389  0xe3205447ae37e22e7ea0d2604d62739986c65191  prob=0.024036  raw=0.004451
11:30:11 [super]   # 2390  0xb26156d7f857a341c2b9a34636c02f54958c09a7  prob=0.024036  raw=0.004443
11:30:11 [super]   # 2391  0xf11edee798282e1464aad5d215b07c92bcc9c8d6  prob=0.024036  raw=0.004443
11:30:11 [super]   # 2392  0x9c57838a31ab97ba03c49d3457e16923193f2487  prob=0.024035  raw=0.004440
11:30:11 [super]   # 2393  0x15ac0948efffa710e7b3b0dc51a8af5941c4a337  prob=0.024035  raw=0.004439
11:30:11 [super]   # 2394  0xaceba29a24d4a3771f4b9c3aa777e4aad9c9693d  prob=0.024035  raw=0.004437
11:30:11 [super]   # 2395  0xa6f1ef08db2b69fd0088b01fd41cccc6efc90769  prob=0.024035  raw=0.004435
11:30:11 [super]   # 2396  0x9df1acd98e1a43f2b16d4d6fda80a7d4022b0712  prob=0.024035  raw=0.004435
11:30:11 [super]   # 2397  0x43fd8877bdb6851468356690ad7b4e7b65d58dbf  prob=0.024034  raw=0.004431
11:30:11 [super]   # 2398  0xdb3a668b1c6424a3b0ed129f53887f60cba047f1  prob=0.024033  raw=0.004424
11:30:11 [super]   # 2399  0xf960042084241f157e125096f8df8554d7cbfcbf  prob=0.024032  raw=0.004413
11:30:11 [super]   # 2400  0x6245ca7bf56ada6f327785c7771e893efbe9d3c0  prob=0.024032  raw=0.004411
11:30:11 [super]   # 2401  0xace724119219df6620538d991d3397924950caf6  prob=0.024032  raw=0.004407
11:30:11 [super]   # 2402  0x24c8cf69a0e0a17eee21f69d29752bfa32e823e1  prob=0.024031  raw=0.004406
11:30:11 [super]   # 2403  0xa8fa67aed008fd99268d60923032a914462277b5  prob=0.024030  raw=0.004397
11:30:11 [super]   # 2404  0x78a6dfbed925e481651e5592801281cda19c9e29  prob=0.024029  raw=0.004386
11:30:11 [super]   # 2405  0x2ec401310db45af267bec5a6159ad0d74b400d81  prob=0.024029  raw=0.004386
11:30:11 [super]   # 2406  0x33e242c150b9dda0bda397ed5f1f9f67f461aec0  prob=0.024029  raw=0.004385
11:30:11 [super]   # 2407  0xc282c13546b102d5162c121a911125bf4428c643  prob=0.024029  raw=0.004382
11:30:11 [super]   # 2408  0x4b673970b32820fcc82748c542f904e8b217ef18  prob=0.024029  raw=0.004381
11:30:11 [super]   # 2409  0x4d7b1a7372fcc00beff5e7e2a3e46dbd2be6babc  prob=0.024028  raw=0.004373
11:30:11 [super]   # 2410  0x703b4fcc4da93e4ce81f23f0ac4146a2e9a92f28  prob=0.024028  raw=0.004372
11:30:11 [super]   # 2411  0xb065e33b94bcf5312ace9af3ee2da18ae75f91ef  prob=0.024027  raw=0.004367
11:30:11 [super]   # 2412  0xfe3ed5739569924792ba1da91dbe0dab664c5973  prob=0.024027  raw=0.004367
11:30:11 [super]   # 2413  0x21ffd2b7a212a6f277ed3eca1a9f8efcbca90d71  prob=0.024027  raw=0.004367
11:30:11 [super]   # 2414  0x92eb1cd8de460e6f89115218acd8c35d58ba986a  prob=0.024027  raw=0.004366
11:30:11 [super]   # 2415  0x4da174d42843af2cf438f681e9f7e862d3aaccd2  prob=0.024027  raw=0.004365
11:30:11 [super]   # 2416  0x52710df0e1cde48c81a68e920887ee29e1c6e054  prob=0.024026  raw=0.004361
11:30:11 [super]   # 2417  0x39d0f1dca6fb7e5514858c1a337724a426764fe8  prob=0.024026  raw=0.004359
11:30:11 [super]   # 2418  0xe6c425a95ad35f95f940a9e4bb7c0482335ad28e  prob=0.024026  raw=0.004358
11:30:11 [super]   # 2419  0xcf0810daadf7fe053f87abb3fbf1b58d66f18768  prob=0.024026  raw=0.004354
11:30:11 [super]   # 2420  0xd9a9b683c2d8d7b38ae07842fa9a7fcd09b23e05  prob=0.024026  raw=0.004352
11:30:11 [super]   # 2421  0xbcb5fcf00b8ca8e8fd9ab3127621026fd61f0539  prob=0.024025  raw=0.004347
11:30:11 [super]   # 2422  0xb8028adbc25321832b7d115cad23d98149b9e2c3  prob=0.024024  raw=0.004342
11:30:11 [super]   # 2423  0x3078db4a9737866b4d6529f655025b3a20f80389  prob=0.024024  raw=0.004336
11:30:11 [super]   # 2424  0xeeb39f513370061f2ec7c185b9b217f5ec9adf33  prob=0.024024  raw=0.004336
11:30:11 [super]   # 2425  0x25896954fb71451078cc80c489bbd4d047d2ec0c  prob=0.024023  raw=0.004332
11:30:11 [super]   # 2426  0xd1215d0e8dd2fbeeb58acf3ae55187920e9d99de  prob=0.024023  raw=0.004325
11:30:11 [super]   # 2427  0x87c6e0a1d79e2c56075063de356f61dc3fd8c67c  prob=0.024020  raw=0.004306
11:30:11 [super]   # 2428  0x98e2ac0665fb7679a93ecc17cdb0893753736775  prob=0.024020  raw=0.004305
11:30:11 [super]   # 2429  0x5571fb090eab92836e5c93a62d4f4ac35b6ba167  prob=0.024020  raw=0.004302
11:30:11 [super]   # 2430  0xe969242552ea0095430587488bae2e87c5789c89  prob=0.024019  raw=0.004290
11:30:11 [super]   # 2431  0xa8e74bb7c630bd3edf251ded7edc77fee23b42eb  prob=0.024018  raw=0.004286
11:30:11 [super]   # 2432  0xa676582530fb1a63502d5f5f5db9fb8d1449e38b  prob=0.024018  raw=0.004284
11:30:11 [super]   # 2433  0xdad1da0056466dd2358939b30d66202051430b93  prob=0.024018  raw=0.004284
11:30:11 [super]   # 2434  0x6193a73ad4e7e3766ee4337812be9b5dd1f9d924  prob=0.024017  raw=0.004277
11:30:11 [super]   # 2435  0x4b9c82c6c6fe56cf3574709aeeb16ab2a1036d25  prob=0.024016  raw=0.004266
11:30:11 [super]   # 2436  0x3ba9bb4f46506c123eace75c3540dbfb82bff8ed  prob=0.024016  raw=0.004263
11:30:11 [super]   # 2437  0x67b85cd6fa3f3aa364f3f505ecd9c25c0db12449  prob=0.024015  raw=0.004260
11:30:11 [super]   # 2438  0x3edb65dd9d4bc25c85495135e5d8df67617f9193  prob=0.024014  raw=0.004247
11:30:11 [super]   # 2439  0x851eb8ad5be5b163bb93bcb9c5d92a874ef06acb  prob=0.024013  raw=0.004241
11:30:11 [super]   # 2440  0xfcf2378f20cf408d077c21e731272f21cccea469  prob=0.024013  raw=0.004237
11:30:11 [super]   # 2441  0x8d5a167930a93b61ba3f633fdd1bf2622ef4b5aa  prob=0.024013  raw=0.004234
11:30:11 [super]   # 2442  0x0c55c2e1968fee2b3038158befafe46b3fa81d96  prob=0.024012  raw=0.004226
11:30:11 [super]   # 2443  0x799ad6383106c664f08d1733a8185ccf00641055  prob=0.024012  raw=0.004226
11:30:11 [super]   # 2444  0x1d32ed69a0f2df3be5905369bdf9f81503928a6f  prob=0.024010  raw=0.004212
11:30:11 [super]   # 2445  0xc8200f8da7a47b040511b53a5e05b53245903b05  prob=0.024010  raw=0.004211
11:30:11 [super]   # 2446  0x06e13ab2da2267d47941f2b57d294a39460ad431  prob=0.024010  raw=0.004210
11:30:11 [super]   # 2447  0xefde9ff487fae209ab6e3157a8acb4276f9c783d  prob=0.024010  raw=0.004210
11:30:11 [super]   # 2448  0xb160807895ec2a854ec94452d614bd0e90dd4409  prob=0.024010  raw=0.004208
11:30:11 [super]   # 2449  0x5b1c3e6c8a2cdf87741fe8f8187f7306dbdb07eb  prob=0.024010  raw=0.004206
11:30:11 [super]   # 2450  0xef6d2ec75b883df2fc0308390393f90791b09bd2  prob=0.024009  raw=0.004205
11:30:11 [super]   # 2451  0xd46c0be2270e6822fafa6f1ce12062c4a7b3b239  prob=0.024009  raw=0.004202
11:30:11 [super]   # 2452  0x89253a070e623ea2b5c454f9e6320cc9209805a0  prob=0.024008  raw=0.004196
11:30:11 [super]   # 2453  0x672142c0ea4b8c55b04dc35fee817fb9c7edc965  prob=0.024007  raw=0.004182
11:30:11 [super]   # 2454  0x11f3c56d0583665247e5a494e8f7709c759ed859  prob=0.024006  raw=0.004169
11:30:11 [super]   # 2455  0x9e4964235cb970b19ddbaf69dcf441d9a14963f2  prob=0.024005  raw=0.004165
11:30:11 [super]   # 2456  0x076ca0207aaa48365da2eb6a917edcbdee5e4e7b  prob=0.024005  raw=0.004162
11:30:11 [super]   # 2457  0x9aae78b6d3842a815aa9773b71c26c5f4fb8d4d3  prob=0.024004  raw=0.004159
11:30:11 [super]   # 2458  0xcb83bdc0e0dc7bb7f9c487ae74a3566912e37e72  prob=0.024004  raw=0.004159
11:30:11 [super]   # 2459  0x08458f7e9d2858027de579e4c3ca305475496b6f  prob=0.024004  raw=0.004158
11:30:11 [super]   # 2460  0xa9396449446a04878eaf2c40ad6d3993d0690d91  prob=0.024004  raw=0.004158
11:30:11 [super]   # 2461  0x06db6e371442be7dad48a3f42b6408812b00cc27  prob=0.024004  raw=0.004155
11:30:11 [super]   # 2462  0x0a0994ed953b42cfcd87ff13958d461adf50cdff  prob=0.024004  raw=0.004153
11:30:11 [super]   # 2463  0xd218e474776403a330142299f7796e8ba32eb5c9  prob=0.024004  raw=0.004153
11:30:11 [super]   # 2464  0x6eb685627e84dca78783d2d9b93f72a9f5d97541  prob=0.024004  raw=0.004152
11:30:11 [super]   # 2465  0x6b603afebea0431b45d03cbfce7b403b3f148ebe  prob=0.024004  raw=0.004152
11:30:11 [super]   # 2466  0x1482782a28331308879021bb27b45d8f93ec5359  prob=0.024004  raw=0.004151
11:30:11 [super]   # 2467  0x4745bed9080a47cdf2e8280fd57dd49237305916  prob=0.024003  raw=0.004144
11:30:11 [super]   # 2468  0x3fc2a47cebae1c1b2b6119b383a54b4b08c774cb  prob=0.024002  raw=0.004135
11:30:11 [super]   # 2469  0xbd0b7fbb3e96fd554518d4e9bae11629227297da  prob=0.024002  raw=0.004134
11:30:11 [super]   # 2470  0x90a0774c37e43c03116917adf3563aee1eb67e0a  prob=0.024001  raw=0.004126
11:30:11 [super]   # 2471  0xacf6713794c5e74c7069238617da4a79770f08c9  prob=0.024001  raw=0.004123
11:30:11 [super]   # 2472  0xffc3556e424a5e983d4f2766bacb917afb34a4ce  prob=0.024000  raw=0.004122
11:30:11 [super]   # 2473  0x5576b2af4256f36edb80430ecd8fd6eab7f6e999  prob=0.024000  raw=0.004122
11:30:11 [super]   # 2474  0xb0c673d2e817018ef00c4c6a390154f18a79c353  prob=0.024000  raw=0.004122
11:30:11 [super]   # 2475  0x06fdd1bb8f2f2b7d971e36e1095b1356250feec4  prob=0.023999  raw=0.004111
11:30:11 [super]   # 2476  0x2b6d6520132d0acd71b14d350b38c606f6fd4d55  prob=0.023999  raw=0.004110
11:30:11 [super]   # 2477  0xc8ab97a9089a9ff7e6ef0688e6e591a066946418  prob=0.023999  raw=0.004110
11:30:11 [super]   # 2478  0x80f001128a3711480cf792a8e8f10538cdb6fece  prob=0.023999  raw=0.004110
11:30:11 [super]   # 2479  0x919bb4374e87c7f944d7d1a221f7bfc3cf9f0f66  prob=0.023999  raw=0.004108
11:30:11 [super]   # 2480  0x7a52fd915765730c07b3927980e6fbee59c11617  prob=0.023998  raw=0.004104
11:30:11 [super]   # 2481  0x6ca89f8c3c270f1cd6eae41b8bedc102380a774e  prob=0.023998  raw=0.004102
11:30:11 [super]   # 2482  0xd77485b37fbe81fdcf26e528f2169fa5b47ce11f  prob=0.023998  raw=0.004101
11:30:11 [super]   # 2483  0x63250d9e96bbef13cb649bdd882a577530b5f5b2  prob=0.023998  raw=0.004101
11:30:11 [super]   # 2484  0x091ad5d5551bae1c53cfb1d269b399bbf65feeba  prob=0.023997  raw=0.004095
11:30:11 [super]   # 2485  0xc2a6fefd902bb8f2e0e717eea8eb3e2b35a92adc  prob=0.023997  raw=0.004095
11:30:11 [super]   # 2486  0xfa331919865055e8f5af91490bff215ba81447f9  prob=0.023997  raw=0.004095
11:30:11 [super]   # 2487  0x7836c2e0ef32f54ebbda8696dc7420f6e4835ee4  prob=0.023997  raw=0.004092
11:30:11 [super]   # 2488  0xf5cfe6f998d597085e366f915b140e82e0869fc6  prob=0.023997  raw=0.004087
11:30:11 [super]   # 2489  0x50e682ee62b3cabb76119e4718da4ee9c9dfe838  prob=0.023996  raw=0.004086
11:30:11 [super]   # 2490  0x73b77e06ba20c3f6009ecaee3f6aeca4af1906e1  prob=0.023996  raw=0.004082
11:30:11 [super]   # 2491  0xda142c229bcd91dec645eba8cf20a55508865a6c  prob=0.023996  raw=0.004077
11:30:11 [super]   # 2492  0xf9e1b375bdd8ee930fddaf4e063891111d878e23  prob=0.023995  raw=0.004073
11:30:11 [super]   # 2493  0xeed7d66428fa94cf886361986db886ebc7adfed8  prob=0.023995  raw=0.004071
11:30:11 [super]   # 2494  0x4a0c5cabec69fd39785b710b79bf32ad19c44e61  prob=0.023995  raw=0.004069
11:30:11 [super]   # 2495  0x94e735171bd0578bdf29cf43639d981ca0ce5d10  prob=0.023994  raw=0.004066
11:30:11 [super]   # 2496  0xd3f8a82a31f2afe37fd4d3ab5b15c7c34c33705e  prob=0.023994  raw=0.004064
11:30:11 [super]   # 2497  0x414656344574853ab1bbf1767d7296f76f86a5c1  prob=0.023994  raw=0.004063
11:30:11 [super]   # 2498  0x2586d0d364616b4a247a10afe7f2b64a5f59f4b1  prob=0.023994  raw=0.004061
11:30:11 [super]   # 2499  0xc2809b0720987ce99501ffbdd6507296693d55ef  prob=0.023994  raw=0.004061
11:30:11 [super]   # 2500  0xbf1808e709abf2cb4a0b645909f6d02cf40a5846  prob=0.023994  raw=0.004059
11:30:11 [super]   # 2501  0x125e5373173d926adcfb8bac19fc3feb9ff5a3dd  prob=0.023994  raw=0.004059
11:30:11 [super]   # 2502  0x426b91512086ba3105c306adbe4aae1b0a986bb8  prob=0.023994  raw=0.004059
11:30:11 [super]   # 2503  0xff032f626617d3454f0b1642bf19e650b988f97e  prob=0.023994  raw=0.004059
11:30:11 [super]   # 2504  0x14115111774b4c10a2f8603f3e0bdf611a9ca8df  prob=0.023993  raw=0.004052
11:30:11 [super]   # 2505  0x74e125c2dec19eda9a30e6244016814f48ce2768  prob=0.023993  raw=0.004050
11:30:11 [super]   # 2506  0xaffb656aea3fd22c7dc5bb4873d2765eeaa86085  prob=0.023992  raw=0.004050
11:30:11 [super]   # 2507  0xe52c0a1327a12edc7bd54ea6f37ce00a4ca96924  prob=0.023992  raw=0.004048
11:30:11 [super]   # 2508  0x1fe7c3686b588f4fcd4a90fd4742e05e4d09b660  prob=0.023992  raw=0.004048
11:30:11 [super]   # 2509  0x54fa22d3b8037f3a9485e265ab5e32eda7ef731d  prob=0.023992  raw=0.004046
11:30:11 [super]   # 2510  0x6cd005963bfdcb9b34627e3f1912a3bae123b551  prob=0.023992  raw=0.004046
11:30:11 [super]   # 2511  0x7392839e53f49b89affe6a5a3bee047396b46e13  prob=0.023992  raw=0.004046
11:30:11 [super]   # 2512  0x0b9dc4318ab5e97e0316a612464c89c825cab5fe  prob=0.023992  raw=0.004044
11:30:11 [super]   # 2513  0x597f23f97104f3bc474e72ab028c29f2403666c4  prob=0.023992  raw=0.004044
11:30:11 [super]   # 2514  0x778c63fc87f9f38606254fb3612ec90ab5cff3af  prob=0.023991  raw=0.004039
11:30:11 [super]   # 2515  0xab9e42c80e395bef0a5fd816a14024da192f302d  prob=0.023991  raw=0.004035
11:30:11 [super]   # 2516  0xc37c60d6582a27d3dcb122a593c3dd353f5aba27  prob=0.023991  raw=0.004034
11:30:11 [super]   # 2517  0xc5ec4c2ea7f15909097df9b6d1d1940142a97e11  prob=0.023990  raw=0.004030
11:30:11 [super]   # 2518  0xefb7e35479ac52a54fa02d77e451f0936671dcfd  prob=0.023990  raw=0.004028
11:30:11 [super]   # 2519  0x8940ada21f739a46dc403ff33a07914964f9ba3c  prob=0.023990  raw=0.004024
11:30:11 [super]   # 2520  0xb4cc50fe1d766ae5cca3273f9f0c04037d6da1e6  prob=0.023989  raw=0.004017
11:30:11 [super]   # 2521  0xd0ac09ae7b7caef7924f3f71c6f5d053e4b116d3  prob=0.023989  raw=0.004017
11:30:11 [super]   # 2522  0xf12db67ad5c4e88e2d6907ea75861960f99dfa80  prob=0.023989  raw=0.004016
11:30:11 [super]   # 2523  0x0ee17256c38684696dae661d7691350852a6883e  prob=0.023989  raw=0.004014
11:30:11 [super]   # 2524  0x4d60ab89eede54c7d928ff5c3f0776078447b25f  prob=0.023989  raw=0.004014
11:30:11 [super]   # 2525  0x9b8d0d562c72c95d1c80aa4fbc9e32b3764749b2  prob=0.023988  raw=0.004007
11:30:11 [super]   # 2526  0xab080e53b14a8e601e95c01c8197fc3ae95f7aaa  prob=0.023988  raw=0.004006
11:30:11 [super]   # 2527  0x7030f81efaff41fc96d3434112b0772a6f9c842a  prob=0.023988  raw=0.004005
11:30:11 [super]   # 2528  0x283b2fcdb2f0068498e32122141b8642217a3a9b  prob=0.023988  raw=0.004005
11:30:11 [super]   # 2529  0xd5082db56d60ef618e70101c73b6b2f12736d9e3  prob=0.023987  raw=0.004002
11:30:11 [super]   # 2530  0x371c2fed9e783df544beef83124d20a08a8747a0  prob=0.023987  raw=0.004002
11:30:11 [super]   # 2531  0xde677e1ef42d87e038a27ac3342286f3767acb7c  prob=0.023986  raw=0.003994
11:30:11 [super]   # 2532  0x9bd89cb526e4ef0d5f4c74c109d4965fe9ffbc53  prob=0.023986  raw=0.003993
11:30:11 [super]   # 2533  0x300f731f044a7fe9e50daab6f9fc3f319b61d366  prob=0.023986  raw=0.003992
11:30:11 [super]   # 2534  0xf2086f01a60d6f31c64bf32cec920a7f483e314e  prob=0.023985  raw=0.003985
11:30:11 [super]   # 2535  0x0dd047fac525e32e94e15e6b7ed8eaa94eb2d7cf  prob=0.023985  raw=0.003980
11:30:11 [super]   # 2536  0x3adfc9d10bc5980e71578aac9bfe5d7bcadbe649  prob=0.023985  raw=0.003979
11:30:11 [super]   # 2537  0x474dcde80f17dd25cabce5ca18dd24ba595a860f  prob=0.023984  raw=0.003976
11:30:11 [super]   # 2538  0xa486f1e84d08b356967943a47b70bb8504dd25d4  prob=0.023984  raw=0.003975
11:30:11 [super]   # 2539  0x348952b9849d8b1685ee32488588bd6aafd1a623  prob=0.023984  raw=0.003971
11:30:11 [super]   # 2540  0x15691449477aa15e72cdff51c7b6687b58bc4e0c  prob=0.023984  raw=0.003969
11:30:11 [super]   # 2541  0x18542fe31aa9e2d703b8f05a310858f1d0272106  prob=0.023983  raw=0.003965
11:30:11 [super]   # 2542  0x97c489d5f13eb73e5d8ab15e6b5c1b5a2f9db079  prob=0.023983  raw=0.003958
11:30:11 [super]   # 2543  0x59e1ab95ca0147634c57bdffbcc5a56e448d4252  prob=0.023982  raw=0.003958
11:30:11 [super]   # 2544  0x2497cb440d6768a7d2f10b4769efc0f1f81c7d27  prob=0.023982  raw=0.003958
11:30:11 [super]   # 2545  0x03e3e91b3f3a3d22e4a48963b153ca5cd73565a3  prob=0.023982  raw=0.003958
11:30:11 [super]   # 2546  0x445afa7cf0ea4f2988c2f2031673e3cd5ba29465  prob=0.023982  raw=0.003952
11:30:11 [super]   # 2547  0x23cc4d606d11eefaccb6609195322e1885284f5a  prob=0.023982  raw=0.003951
11:30:11 [super]   # 2548  0x17839c6d349d1fe3fc0a06dbcd140a93df71520e  prob=0.023982  raw=0.003950
11:30:11 [super]   # 2549  0x75cbe506ceec7bb80331954e9a47212ea62f1556  prob=0.023981  raw=0.003945
11:30:11 [super]   # 2550  0x76c94d974b850eb11e3d5220f3fe77c785a6ab2e  prob=0.023981  raw=0.003943
11:30:11 [super]   # 2551  0x8ea332f5134b237b38e45eab3bf5026297eb9642  prob=0.023980  raw=0.003936
11:30:11 [super]   # 2552  0xe0a2f29b1fadb2259111bbeca392d3805ec4a349  prob=0.023980  raw=0.003931
11:30:11 [super]   # 2553  0xedbce15dd0defa4b8a733ca9e2e8c4d15ec768cf  prob=0.023978  raw=0.003920
11:30:11 [super]   # 2554  0x92926f1fd6111bd7109627d75ceef44429b3cd74  prob=0.023978  raw=0.003919
11:30:11 [super]   # 2555  0x928521c1082abefc7948ce46620f428209174d48  prob=0.023978  raw=0.003919
11:30:11 [super]   # 2556  0x1507122ac362890c6e8a9145316795bc1bf5f696  prob=0.023978  raw=0.003917
11:30:11 [super]   # 2557  0x14d53a1a81e4dad42d19e95b87c6b044996a7f0b  prob=0.023977  raw=0.003909
11:30:11 [super]   # 2558  0x8c678b630c9907191bd520a51b7161985759bb39  prob=0.023977  raw=0.003908
11:30:11 [super]   # 2559  0xbe2ae6dfb5b354ab9dbadd8f06eecdb1450c4014  prob=0.023977  raw=0.003904
11:30:11 [super]   # 2560  0xcfb502224876900f577704a19580ec67f0877d2d  prob=0.023977  raw=0.003904
11:30:11 [super]   # 2561  0x74e4619824aa27426a2f917423c3498e5e32f0af  prob=0.023976  raw=0.003899
11:30:11 [super]   # 2562  0x23ad05a19f6e26b3592143cc4c6710b86f20a146  prob=0.023976  raw=0.003898
11:30:11 [super]   # 2563  0x77df2b855654cb7cbc38bbf01fb3ac596cea0be4  prob=0.023976  raw=0.003895
11:30:11 [super]   # 2564  0x7ecc25614f5e0a3ce76fe6bc5561ad363ef06902  prob=0.023975  raw=0.003888
11:30:11 [super]   # 2565  0x401ae70571368680db5f070643310bd5b5399e59  prob=0.023974  raw=0.003884
11:30:11 [super]   # 2566  0xdc4edf342d3848c8c58e4723d79d6d1b2d5442d3  prob=0.023974  raw=0.003882
11:30:11 [super]   # 2567  0xcb4e0fa9b694c0edf58ca85e1b717c3e4ac3d4fd  prob=0.023974  raw=0.003882
11:30:11 [super]   # 2568  0x785386856456de26ac04ba1f5e3c49b92e7936d8  prob=0.023974  raw=0.003881
11:30:11 [super]   # 2569  0x075f2fe25c577a70d566ad530a84f3b43af14154  prob=0.023974  raw=0.003880
11:30:11 [super]   # 2570  0xc4edd7afeb19cf6d88029429d0739eb3f165ceb0  prob=0.023974  raw=0.003879
11:30:11 [super]   # 2571  0xfb4dcfb8f7e5a25d9cb3529ab9df4d6234e67f0c  prob=0.023974  raw=0.003878
11:30:11 [super]   # 2572  0xa0dde1d3cce1dc4d65d32ca0cbf46f9697a3a574  prob=0.023974  raw=0.003877
11:30:11 [super]   # 2573  0x5a19d0e4b3cc76e6b564cb64e00af8affc7695fc  prob=0.023974  raw=0.003876
11:30:11 [super]   # 2574  0x1aeb16baf8328b4c0c292bf391680fab1ec676f9  prob=0.023973  raw=0.003875
11:30:11 [super]   # 2575  0xe450d771caa532822ccd55d5b8ce09e188fe91b9  prob=0.023973  raw=0.003874
11:30:11 [super]   # 2576  0x110a3d1a86ef4e3cdf905ec92a5d284e59cd38a8  prob=0.023973  raw=0.003872
11:30:11 [super]   # 2577  0x4cee35edb3c2ca2e7a87f0d07a5abc894afca307  prob=0.023973  raw=0.003871
11:30:11 [super]   # 2578  0x0af4aae99b519b675b38eb39afc7ffe3ff0a89b4  prob=0.023973  raw=0.003870
11:30:11 [super]   # 2579  0xadf42fba9749bbe341f69366453464cd1a06ce9d  prob=0.023973  raw=0.003869
11:30:11 [super]   # 2580  0x98e0bbc2ded631b84f803fb37f28976f23fdbf01  prob=0.023972  raw=0.003859
11:30:11 [super]   # 2581  0x3ccfcffded0c8ebde52c11d1d45ea1d5c6587eef  prob=0.023971  raw=0.003857
11:30:11 [super]   # 2582  0x11e829d2a19e7ade935861fb043715766a015b74  prob=0.023971  raw=0.003857
11:30:11 [super]   # 2583  0xeb7433e0a5fc92a832785ff2b2b593a107cbbcb4  prob=0.023971  raw=0.003855
11:30:11 [super]   # 2584  0xcc2982e3fbbcaf9af9fa373fa3ae392fd9457774  prob=0.023971  raw=0.003851
11:30:11 [super]   # 2585  0xac43c4b3714daa2ee16a89729d04426bf22d4925  prob=0.023971  raw=0.003849
11:30:11 [super]   # 2586  0x20ed99100133abdb0da2cdf942ba88b0d0808993  prob=0.023970  raw=0.003847
11:30:11 [super]   # 2587  0x6872a3299419476dec4eff87801d4a95093940d1  prob=0.023970  raw=0.003843
11:30:11 [super]   # 2588  0xfc35167fff8dd12c0693b2fff26fc7601c2c3690  prob=0.023970  raw=0.003842
11:30:11 [super]   # 2589  0x0ef5947d8556572dc6b6d21699095513c3ee5047  prob=0.023969  raw=0.003836
11:30:11 [super]   # 2590  0x8b72cb885a6bd4ea9d1da393ca231f0fa3476dbe  prob=0.023969  raw=0.003835
11:30:11 [super]   # 2591  0xddd4ea31f8c9678ce5c96dc22bcd7586bfbc2ee3  prob=0.023968  raw=0.003829
11:30:11 [super]   # 2592  0xf64f10322add9306ad2757238b885e7883bc0cc8  prob=0.023968  raw=0.003827
11:30:11 [super]   # 2593  0x2617d814c101c9bb384081f2357822c778aeafc5  prob=0.023968  raw=0.003826
11:30:11 [super]   # 2594  0x35decc184344bbbf833d89ab41d5d657879af040  prob=0.023967  raw=0.003820
11:30:11 [super]   # 2595  0xee1c21541c7d24ec75108563d2a2d3b30df46554  prob=0.023967  raw=0.003819
11:30:11 [super]   # 2596  0x65625a185405832ac3587e8ac0bc58c9fa20f081  prob=0.023967  raw=0.003819
11:30:11 [super]   # 2597  0x21add79f91f0113c0de7ccc9b0e47b0744268a7b  prob=0.023967  raw=0.003816
11:30:11 [super]   # 2598  0x5f1c39b9b8b43440658250972eb4ee210326dbce  prob=0.023967  raw=0.003813
11:30:11 [super]   # 2599  0x1ed03f8827773b16ebc4240734adda79ad418b2a  prob=0.023966  raw=0.003811
11:30:11 [super]   # 2600  0x4d7ea2114175e7827df7021ababc5faf9ac0e441  prob=0.023966  raw=0.003811
11:30:11 [super]   # 2601  0xfde3a53d58320a3db74dbe1092979c401e35719a  prob=0.023966  raw=0.003810
11:30:11 [super]   # 2602  0xa2276438bde75ab4d5f2abdf23d51a9265f06f13  prob=0.023966  raw=0.003808
11:30:11 [super]   # 2603  0xc5d6489808ccd12ea6d4330f36177a3bbc02cf7a  prob=0.023965  raw=0.003802
11:30:11 [super]   # 2604  0x97b05d98fc559ceac58a395de403050a7aca7e05  prob=0.023965  raw=0.003800
11:30:11 [super]   # 2605  0xda621a36fdc2e7986bbcea83eb3b3df3bef804c8  prob=0.023964  raw=0.003792
11:30:11 [super]   # 2606  0xc20e060399c2679fffd2639ebb019e734fc30a5e  prob=0.023964  raw=0.003790
11:30:11 [super]   # 2607  0x765f6747a2821c5e7c0fa604e78557612f125868  prob=0.023964  raw=0.003790
11:30:11 [super]   # 2608  0xadd102627948526d3652335ca717cc3759c206b3  prob=0.023964  raw=0.003785
11:30:11 [super]   # 2609  0xc25427ea224b8f9fa2df801233f944006ed33f73  prob=0.023963  raw=0.003784
11:30:11 [super]   # 2610  0xc6927766389c6e32e2436ed8886ecb26b06c8540  prob=0.023963  raw=0.003782
11:30:11 [super]   # 2611  0x06adc36e7776c47d51338746205322ea76b3dcfe  prob=0.023963  raw=0.003779
11:30:11 [super]   # 2612  0xb777743e9bf3e66eeb47195b6545c42be67b1d78  prob=0.023963  raw=0.003778
11:30:11 [super]   # 2613  0xa954cf5f67bff590e95b95faf6bc61891b75317f  prob=0.023963  raw=0.003777
11:30:11 [super]   # 2614  0x66ded16b3b26bcc57af34b4e6e69538e9b2871d4  prob=0.023963  raw=0.003777
11:30:11 [super]   # 2615  0x5636469c9b402d4ea4ab40757ecae51ce95ae44c  prob=0.023962  raw=0.003771
11:30:11 [super]   # 2616  0x5d98b3cc5cfafccbd8c08cf94abefb339f07b2c1  prob=0.023962  raw=0.003769
11:30:11 [super]   # 2617  0xf7226a6b582130f38188dd03eaa2d76aeeda28c7  prob=0.023962  raw=0.003768
11:30:11 [super]   # 2618  0x3db7323ed617bf42fb22058a71aa79a3b0971456  prob=0.023962  raw=0.003767
11:30:11 [super]   # 2619  0x0bbe511b04bc19aa1a45b9a2427d32d2753bee84  prob=0.023962  raw=0.003767
11:30:11 [super]   # 2620  0x261bce43f2e77f68d563200e8f20ff243019b32b  prob=0.023961  raw=0.003765
11:30:11 [super]   # 2621  0x89bd2d7fd71c763673bb8fad3525dc3d311301bf  prob=0.023961  raw=0.003760
11:30:11 [super]   # 2622  0x72f16ca59200cb3e2115b0c13bd353348b8ce131  prob=0.023961  raw=0.003757
11:30:11 [super]   # 2623  0x0781872fe78deb6ad8147e482952b4a5461ec4ff  prob=0.023960  raw=0.003756
11:30:11 [super]   # 2624  0xdf05e924a0a49d81dd33de1236a2aff4fe06c401  prob=0.023960  raw=0.003755
11:30:11 [super]   # 2625  0x8d0d5d141bac94d959da25163987d39a8977ca67  prob=0.023960  raw=0.003751
11:30:11 [super]   # 2626  0x17ce7c9a7f768bfa98946caf7d64c9e051f5beec  prob=0.023960  raw=0.003748
11:30:11 [super]   # 2627  0xe230543d9ba27fae3afb549103ebedd79d2653ba  prob=0.023959  raw=0.003747
11:30:11 [super]   # 2628  0x56319dacf23c35e6f826a3fb673c4982b205bd3a  prob=0.023959  raw=0.003747
11:30:11 [super]   # 2629  0x4ffe49ba2a4cae123536a8af4fda48faeb609f71  prob=0.023958  raw=0.003735
11:30:11 [super]   # 2630  0xa2c90d37bc8c98eda28fae3e08379a43e50bb81b  prob=0.023958  raw=0.003734
11:30:11 [super]   # 2631  0xf5218731588708917f95bc7410a8bfb5cb5c0f58  prob=0.023957  raw=0.003724
11:30:11 [super]   # 2632  0x2d04e24a3fded1c2d033f7c76924e70784f17102  prob=0.023957  raw=0.003723
11:30:11 [super]   # 2633  0x251ea1d1912871eebed3bf3428aebfedd41a40ad  prob=0.023957  raw=0.003723
11:30:11 [super]   # 2634  0xc60f135b741e4544515292f8613825a4ca0e97b0  prob=0.023957  raw=0.003721
11:30:11 [super]   # 2635  0x980a4ab0f1c11fc1a021bcde99a05c0a4e19bb1b  prob=0.023956  raw=0.003719
11:30:11 [super]   # 2636  0x84e9985a0c49fa5dcabedb9f625248fe6a5a2285  prob=0.023956  raw=0.003716
11:30:11 [super]   # 2637  0x54b56146656e7eef9da02b3a030c18e06e924b31  prob=0.023956  raw=0.003715
11:30:11 [super]   # 2638  0x442af939b260138fab903f91868344d79c1d7c94  prob=0.023956  raw=0.003713
11:30:11 [super]   # 2639  0x66fe8149ec5811c265b882fdade058b81e6ee123  prob=0.023956  raw=0.003712
11:30:11 [super]   # 2640  0x6828e04b468e17d92fa1e5d60d59290278a81056  prob=0.023955  raw=0.003711
11:30:11 [super]   # 2641  0x46b2b945e638bccd5da65055dc18bf0bb5c514f3  prob=0.023955  raw=0.003710
11:30:11 [super]   # 2642  0x433a7562c0985f994ca444140dc8891a0ef871e7  prob=0.023955  raw=0.003709
11:30:11 [super]   # 2643  0xe1b361d6a6f237b9ed7534d19b232df8369e1426  prob=0.023955  raw=0.003709
11:30:11 [super]   # 2644  0xb0719da9d806d672e7fa665141d6f8952d0a15cb  prob=0.023955  raw=0.003708
11:30:11 [super]   # 2645  0xbeb38bfad83f8848272729ad75a974c95c416191  prob=0.023955  raw=0.003707
11:30:11 [super]   # 2646  0x17193a3a9bcfe27eeecb7384211e43d80d5d2b60  prob=0.023955  raw=0.003705
11:30:11 [super]   # 2647  0xb0fcac7418311a00a1ef502855714068318e6d12  prob=0.023955  raw=0.003704
11:30:11 [super]   # 2648  0x742ff6df87485287bb4db5b0d7fa7af13047d673  prob=0.023954  raw=0.003696
11:30:11 [super]   # 2649  0x011f4be973bbc4ebcbc1f05fb9cb3cd13fde00f3  prob=0.023954  raw=0.003694
11:30:11 [super]   # 2650  0x9429f3ed821fd9fdf99df3eec1e456b3e5a711b3  prob=0.023953  raw=0.003689
11:30:11 [super]   # 2651  0xdc4f9bc0613fc2c7716ff805974cfbb18d84bcf4  prob=0.023953  raw=0.003687
11:30:11 [super]   # 2652  0x92c78d8f12a214184db7acbccc6e34d8a197c136  prob=0.023953  raw=0.003685
11:30:11 [super]   # 2653  0x06a9c50ef909e3b2960a003f7a93551018983b80  prob=0.023952  raw=0.003681
11:30:11 [super]   # 2654  0x6bfef0969cf95289bd7069837c1bcfb1c034a365  prob=0.023951  raw=0.003674
11:30:11 [super]   # 2655  0xe799e8b6f01ea39b3eb8648531f5a3ebd70b3ed5  prob=0.023951  raw=0.003670
11:30:11 [super]   # 2656  0x8dc7a4315b3a6230a507a3776e68cd3ceb2b116f  prob=0.023950  raw=0.003660
11:30:11 [super]   # 2657  0xc9ad18bc5d11639af167cc879fbc1333e22e79d0  prob=0.023950  raw=0.003657
11:30:11 [super]   # 2658  0xbb6195b1955a7a2e04e4ac79b0501d5e50d20cdc  prob=0.023949  raw=0.003655
11:30:11 [super]   # 2659  0xf1c005333531bb231926a74f8b219c45e6f1f637  prob=0.023949  raw=0.003648
11:30:11 [super]   # 2660  0xe2a0ac7c9344d5c4bf6c80abd95c344313f79684  prob=0.023949  raw=0.003648
11:30:11 [super]   # 2661  0xfb88b9b53f2cd9773ca2e3a71857b16a01ddbe80  prob=0.023948  raw=0.003646
11:30:11 [super]   # 2662  0x932074c73880b857fcce6eda97f0d25d5a2649c6  prob=0.023948  raw=0.003644
11:30:11 [super]   # 2663  0x45235c1f01b399672b9b4c355cac1983f076581a  prob=0.023948  raw=0.003644
11:30:11 [super]   # 2664  0x60a2c72d79c92284bdfd33cca0b537c102181fba  prob=0.023948  raw=0.003643
11:30:11 [super]   # 2665  0x99b9db1dc277e4ebd5a7f64c651850f07ce945ad  prob=0.023948  raw=0.003639
11:30:11 [super]   # 2666  0x9287bd3d7f9cc43198c98974cbbdfa1c48fe41f2  prob=0.023947  raw=0.003633
11:30:11 [super]   # 2667  0x41ebcc125403accb895359c38c93417ddf66da1d  prob=0.023947  raw=0.003631
11:30:11 [super]   # 2668  0xf1f06f49be8ce5681752ae80e660aeaace6858df  prob=0.023946  raw=0.003625
11:30:11 [super]   # 2669  0x77b95ded1fdb8be24b17bb87d7fbe6de37335a1d  prob=0.023946  raw=0.003622
11:30:11 [super]   # 2670  0xb6b9a1ce3a42192c7d804da84ce445fd08510c62  prob=0.023945  raw=0.003618
11:30:11 [super]   # 2671  0xc7e6034339e75c09f268bfa44b02d9c7fc4e696b  prob=0.023945  raw=0.003618
11:30:11 [super]   # 2672  0x6bab41a0dc40d6dd4c1a915b8c01969479fd1292  prob=0.023945  raw=0.003617
11:30:11 [super]   # 2673  0x0b68e17a44b565139412df25fd6a1874026b1683  prob=0.023945  raw=0.003611
11:30:11 [super]   # 2674  0xd6a61b21e49b6396fddcfbf82db4da7b4f2e7189  prob=0.023944  raw=0.003609
11:30:11 [super]   # 2675  0xcb250e34f6100493c5d4c6ec765b58dc8d8dd69a  prob=0.023944  raw=0.003608
11:30:11 [super]   # 2676  0x52ca2981dc8cf1c31684194960068bbc0be21c58  prob=0.023944  raw=0.003608
11:30:11 [super]   # 2677  0xc89973862783835e882caa110a9195e3ea4d961a  prob=0.023944  raw=0.003605
11:30:11 [super]   # 2678  0x36b3ef077af836cb6a34cf154115d229ebf113cd  prob=0.023944  raw=0.003602
11:30:11 [super]   # 2679  0xc972d2e8d7367e9c94403a40f9bbb8cb994b5e84  prob=0.023944  raw=0.003602
11:30:11 [super]   # 2680  0xd039b48b9f713e654e314216bd2f5a13f4ccf79f  prob=0.023943  raw=0.003597
11:30:11 [super]   # 2681  0xa7cd1cc91605572c5146725d9545409213ada5f5  prob=0.023943  raw=0.003595
11:30:11 [super]   # 2682  0x26dfddc5080284073383ea987cd97bedd8faf747  prob=0.023943  raw=0.003594
11:30:11 [super]   # 2683  0xda28fe5b876c399b93a49f7a14eaa7758bbcabb3  prob=0.023942  raw=0.003591
11:30:11 [super]   # 2684  0xf26b04e59bcc7870b046b1b6741adae5a09edecd  prob=0.023942  raw=0.003589
11:30:11 [super]   # 2685  0x88664dde720a02abf661d7da2ca66241d29ba584  prob=0.023942  raw=0.003588
11:30:11 [super]   # 2686  0x094e3e7c5486ca7f5efd45de09857b873c70f10b  prob=0.023942  raw=0.003587
11:30:11 [super]   # 2687  0xbb1c03f8cb91d0b9cbda9e5939bf25a94bd76a1e  prob=0.023942  raw=0.003583
11:30:11 [super]   # 2688  0x3b8ad5c8c3d17ec750633e2a1b69f9f85b5e9b28  prob=0.023941  raw=0.003580
11:30:11 [super]   # 2689  0x4fea1f8f10940f33bcd61fddd79dfea88a65d383  prob=0.023941  raw=0.003578
11:30:11 [super]   # 2690  0xbd027736f0f460f4747a2ad11f34dfd70c5260e0  prob=0.023941  raw=0.003575
11:30:11 [super]   # 2691  0xd452bc5631df5c841adda3bd69dbb590c30935a4  prob=0.023940  raw=0.003573
11:30:11 [super]   # 2692  0x16c59bf7def0ac850e529947ae0afd2ec5a7cb34  prob=0.023940  raw=0.003570
11:30:11 [super]   # 2693  0xab8ceaa7760c809b2061eab75d5b5f1d77980cba  prob=0.023940  raw=0.003567
11:30:11 [super]   # 2694  0x4391d171154e1bd3db705b9be6dbc0ff728f61d8  prob=0.023940  raw=0.003567
11:30:11 [super]   # 2695  0xb32652f222456f5f88d026f8337ec37326a2fb36  prob=0.023940  raw=0.003566
11:30:11 [super]   # 2696  0x674efb7592fff0853051d671debaec0473afd557  prob=0.023940  raw=0.003566
11:30:11 [super]   # 2697  0x183c56a54308c26dddaba14c7ba2ae168781f958  prob=0.023940  raw=0.003565
11:30:11 [super]   # 2698  0xb24c8518eb283e6351fd46851c5c306fdbb93172  prob=0.023939  raw=0.003564
11:30:11 [super]   # 2699  0x666cb7364b10713e1927ede00e9e80da373abcf8  prob=0.023939  raw=0.003563
11:30:11 [super]   # 2700  0x3833e9d4f5066a00b2b44792ab2d8c89c29fcc82  prob=0.023939  raw=0.003556
11:30:11 [super]   # 2701  0x5711cd9ab23468a4417c2c5451f32cb0006f63e0  prob=0.023938  raw=0.003554
11:30:11 [super]   # 2702  0x2a045c871da8ffc6c38ac0ab10b8358053e7fd8b  prob=0.023938  raw=0.003554
11:30:11 [super]   # 2703  0x6ab8aca3e02396c67d5f40cf04f7f5786f66ae32  prob=0.023938  raw=0.003554
11:30:11 [super]   # 2704  0xdfe3fedc5c7679be42c3d393e99d4b55247b73c4  prob=0.023938  raw=0.003554
11:30:11 [super]   # 2705  0x89e70a830d15aa7a1db2306b7b3e2dbf948a0ffa  prob=0.023938  raw=0.003551
11:30:11 [super]   # 2706  0x64a2ad359c27a73fabb78621eb683eb419a493f0  prob=0.023938  raw=0.003547
11:30:11 [super]   # 2707  0xfd501184b583e74eebe4301c4a24fdd76c8bc17b  prob=0.023937  raw=0.003545
11:30:11 [super]   # 2708  0x09e5a0c7141acb7bf94b936d456b2943a36fe8ba  prob=0.023937  raw=0.003544
11:30:11 [super]   # 2709  0x51a080428b6f81e58061951acea758b4ec85436b  prob=0.023937  raw=0.003544
11:30:11 [super]   # 2710  0x6d3f979f02807052f0a9ea5a30342b3a3dd324ab  prob=0.023937  raw=0.003540
11:30:11 [super]   # 2711  0x6fa65ec6e3133e34c0e41503d50b97fb9e9bbfb1  prob=0.023937  raw=0.003540
11:30:11 [super]   # 2712  0x62109da307e28154c9d51f70dabd2e0200327806  prob=0.023937  raw=0.003539
11:30:11 [super]   # 2713  0xfb81f27f1c8758d477332f8e751322c424da1cf3  prob=0.023937  raw=0.003539
11:30:11 [super]   # 2714  0x477a7d28ed844984088129207c0afcb2459e2d8e  prob=0.023936  raw=0.003536
11:30:11 [super]   # 2715  0xbae9b04846b875c62d49d49fc8fd6fcaa0bc0bdd  prob=0.023936  raw=0.003533
11:30:11 [super]   # 2716  0xfd42892feb130f3e1ce8d134ff73ab8feb7825f8  prob=0.023936  raw=0.003533
11:30:11 [super]   # 2717  0xd7f056a56f986ea05b276318764f16d510ea1552  prob=0.023936  raw=0.003531
11:30:11 [super]   # 2718  0x59506f839022561f48eec644d3460439bc508c48  prob=0.023936  raw=0.003530
11:30:11 [super]   # 2719  0x03ad9884e3e6e6344f331efb73d5cfbce12cdfbd  prob=0.023936  raw=0.003529
11:30:11 [super]   # 2720  0x2b78187afc4563aa1c039393f1cb6f5623036a7d  prob=0.023936  raw=0.003528
11:30:11 [super]   # 2721  0x9a0852bed6f0f03994ca97647ad453623f3b77e3  prob=0.023935  raw=0.003526
11:30:11 [super]   # 2722  0xe286766c46ae85732f606022793c3a234eb47735  prob=0.023935  raw=0.003521
11:30:11 [super]   # 2723  0x53edcfa1e81bae084e936954ff905d894adf7aea  prob=0.023935  raw=0.003520
11:30:11 [super]   # 2724  0xcb59ea1babf3b26ea50088057e427ab0ed8f0a22  prob=0.023934  raw=0.003518
11:30:11 [super]   # 2725  0x4a0ca8bb5d72c1996e7966336ab7ee8e21e93190  prob=0.023934  raw=0.003518
11:30:11 [super]   # 2726  0xb9112128fc1f14ce26a5501656fc887408e8a649  prob=0.023934  raw=0.003516
11:30:11 [super]   # 2727  0x37a46125cfa561a8b52c4a6ddd093a65bb4ca487  prob=0.023934  raw=0.003514
11:30:11 [super]   # 2728  0x7db086c27682c1aa8da32ae9c118e08e5a5ff9d7  prob=0.023934  raw=0.003514
11:30:11 [super]   # 2729  0x04faece7f07fff82bda8fa1413f84f88da636c06  prob=0.023934  raw=0.003514
11:30:11 [super]   # 2730  0x1d074ddcb59992b46e4c589fe44006fefeb29437  prob=0.023933  raw=0.003505
11:30:11 [super]   # 2731  0x1bba65001a81116282f0cb62c347cf82df2008a5  prob=0.023933  raw=0.003502
11:30:11 [super]   # 2732  0xd2afb155b0327dfb7dd8a9be8744a3e6a68fc9f3  prob=0.023933  raw=0.003502
11:30:11 [super]   # 2733  0x62005b80c1cdcc0127b71416f493ef9a54d1be04  prob=0.023933  raw=0.003501
11:30:11 [super]   # 2734  0x52af375b859795edd2ccf994e871b0087bf8b30b  prob=0.023933  raw=0.003501
11:30:11 [super]   # 2735  0x8ce186cb31adc89586a42f34bd137b3345af5f46  prob=0.023933  raw=0.003500
11:30:11 [super]   # 2736  0xe9dffcbf673699517057af1ce7ed8d0e2d03d6f0  prob=0.023932  raw=0.003499
11:30:11 [super]   # 2737  0x5b9115312cb4fc2b2b57c65045e611092f222709  prob=0.023932  raw=0.003498
11:30:11 [super]   # 2738  0xc440c68eeef8c4e0782ba26e77def7596ccd2e0e  prob=0.023932  raw=0.003494
11:30:11 [super]   # 2739  0x652849e396ba192eb0a8e8bbc01086ce85b24fb3  prob=0.023932  raw=0.003493
11:30:11 [super]   # 2740  0x1c1e841584db14084e10e7dca2ad0ab7b60dbfe7  prob=0.023932  raw=0.003492
11:30:11 [super]   # 2741  0x61837ce7e447a35cafd173dec3e0815326003834  prob=0.023931  raw=0.003491
11:30:11 [super]   # 2742  0xdbfac3ef9d88941bfcd494336773268468b9a135  prob=0.023931  raw=0.003489
11:30:11 [super]   # 2743  0x7740253843b20007a4c99c3766878351002acbcd  prob=0.023931  raw=0.003488
11:30:11 [super]   # 2744  0x2f70f117aa6a6ebc024a7547903f7856bb5fb854  prob=0.023930  raw=0.003477
11:30:11 [super]   # 2745  0x0247973c4bf1e50a9498d28785c05269c0478a56  prob=0.023929  raw=0.003472
11:30:11 [super]   # 2746  0x4702bdb4e5ae6249c9fa835a908f39a1675ec830  prob=0.023929  raw=0.003468
11:30:11 [super]   # 2747  0x76e53bd0cd8a36d06475276ae99d7427ff842829  prob=0.023929  raw=0.003466
11:30:11 [super]   # 2748  0x8be28509b6b491eb9c0ca03aacffc10ce5db80bc  prob=0.023929  raw=0.003465
11:30:11 [super]   # 2749  0x8795bcb2fe129d1ea3e3d73bc13a3d8078047544  prob=0.023928  raw=0.003462
11:30:11 [super]   # 2750  0x4fb5af3456fe198cdeaa93909e4e6fc0546c3f8c  prob=0.023928  raw=0.003459
11:30:11 [super]   # 2751  0x4328e87e8972c9bec392b729a1ce1ef4affa16f3  prob=0.023928  raw=0.003457
11:30:11 [super]   # 2752  0x4398dc87cf4b3e726d4edd5aa1404650532c47ab  prob=0.023928  raw=0.003454
11:30:11 [super]   # 2753  0x1242fd34686528f2c611630fc91093b3eed08dfe  prob=0.023927  raw=0.003451
11:30:11 [super]   # 2754  0x572e4247a4185254a0b57aaf3437a802fbed6d7b  prob=0.023927  raw=0.003451
11:30:11 [super]   # 2755  0x18cb2f6174d219fc17ee964915f447febc6658d1  prob=0.023927  raw=0.003450
11:30:11 [super]   # 2756  0x105a66bab71956241fa654901aa75c4d0c80b78f  prob=0.023927  raw=0.003449
11:30:11 [super]   # 2757  0x0857f80f8c77a5281bae1eb7f548bc677ee7eec4  prob=0.023927  raw=0.003448
11:30:11 [super]   # 2758  0x8241c51cbfa463ba510ba510026fc38a689b1aba  prob=0.023927  raw=0.003445
11:30:11 [super]   # 2759  0x8b15117552960fb7c289e367524e64e043904637  prob=0.023927  raw=0.003445
11:30:11 [super]   # 2760  0xdb82681c635c706e008b688cb520ec41b0cab7ab  prob=0.023927  raw=0.003445
11:30:11 [super]   # 2761  0xcaf36d5de5d96e253ce69966dddfb8654cf230db  prob=0.023925  raw=0.003433
11:30:11 [super]   # 2762  0x82a0fae6f863c163acfcad28e9efd4f5166333a1  prob=0.023925  raw=0.003433
11:30:11 [super]   # 2763  0xc914dac4790a0b996cccad0435f5e7226d11c458  prob=0.023925  raw=0.003431
11:30:11 [super]   # 2764  0x8bc0d6c21ff1c6c2f2c0d264c00f598c83f0d970  prob=0.023925  raw=0.003427
11:30:11 [super]   # 2765  0x81e73e43d17adf2fcde815858950e0fd02c4bc73  prob=0.023925  raw=0.003427
11:30:11 [super]   # 2766  0xa0ccf9b41aaa48fd86911689b6ea3baca5068daa  prob=0.023924  raw=0.003423
11:30:11 [super]   # 2767  0xf401c8a747ef03bdfa9b3c934ae630910e1550f8  prob=0.023924  raw=0.003422
11:30:11 [super]   # 2768  0xc36a2a76d50a7b30fe5766815568fb9ffa39a0aa  prob=0.023924  raw=0.003422
11:30:11 [super]   # 2769  0xb099ed9b1a889e2e6b7a2f4c08ae3c7bacb7aae2  prob=0.023924  raw=0.003420
11:30:11 [super]   # 2770  0x5dbf9880b130ab80f6febae46eacda11d15a9942  prob=0.023924  raw=0.003419
11:30:11 [super]   # 2771  0xf68a281980f8c13828e84e147e3822381d6e5b1b  prob=0.023924  raw=0.003418
11:30:11 [super]   # 2772  0x87a7102860138f5db0dc8b0387f983b2ec0a9e43  prob=0.023924  raw=0.003418
11:30:11 [super]   # 2773  0x4c039d1350e83f378be2356f543e8d2e13fe604e  prob=0.023923  raw=0.003415
11:30:11 [super]   # 2774  0x3f666d869b7f58adb4b0173865ee17adb4010407  prob=0.023923  raw=0.003415
11:30:11 [super]   # 2775  0x6f460c9452f31b3afb3849d0d6ae58b6c1bc2cd1  prob=0.023923  raw=0.003415
11:30:11 [super]   # 2776  0x919b2fd0b76716ecdf23c9b0a7537b66120ae190  prob=0.023923  raw=0.003414
11:30:11 [super]   # 2777  0xb6ec6d9e377348f5ef9f650585699ac3300614b2  prob=0.023923  raw=0.003410
11:30:11 [super]   # 2778  0xfb5148fc7223630e0967dbfa8cd920d83ab4742d  prob=0.023923  raw=0.003409
11:30:11 [super]   # 2779  0xc239b16a7dee55ab6b0c736502d0a6631369ebe8  prob=0.023922  raw=0.003408
11:30:11 [super]   # 2780  0x12ee49fc3a55cb67abe89cf5c7de73a2e73d149c  prob=0.023922  raw=0.003406
11:30:11 [super]   # 2781  0x5e448925039395db2d2788834c96c059c2c05610  prob=0.023922  raw=0.003403
11:30:11 [super]   # 2782  0x96c3478d81758840186c1b67d5b1d843f22dd358  prob=0.023922  raw=0.003403
11:30:11 [super]   # 2783  0x2c21fd539e58f87dcc0eb43a200cd9c273e127f7  prob=0.023921  raw=0.003397
11:30:11 [super]   # 2784  0x50b242e0b9ac75359464c5b3be62ad6b42d8c94a  prob=0.023921  raw=0.003395
11:30:11 [super]   # 2785  0x0f502bf431d8afa0124e172d80a4d461be4f4db9  prob=0.023921  raw=0.003395
11:30:11 [super]   # 2786  0xd99e44c036947777b394ed13f3a061f6e2816922  prob=0.023921  raw=0.003394
11:30:11 [super]   # 2787  0x404d2004eb10a54665ef7cdb84d8c951e7e3f132  prob=0.023921  raw=0.003391
11:30:11 [super]   # 2788  0x232870da75543ee482c039dcbb5741c2e8ed5ada  prob=0.023920  raw=0.003386
11:30:11 [super]   # 2789  0xf70f2562dccbdafbdb1deea9e75eecc331cdd753  prob=0.023920  raw=0.003385
11:30:11 [super]   # 2790  0x4083e695739b40f22719491d26d6cfb5ff9b363f  prob=0.023920  raw=0.003384
11:30:11 [super]   # 2791  0xf2dc66c2c8bfeef8f387672148978cbbe71efc71  prob=0.023920  raw=0.003382
11:30:11 [super]   # 2792  0x925e47ad538d5477131df47ce9a7df23dac4c2ef  prob=0.023920  raw=0.003382
11:30:11 [super]   # 2793  0xeec50edede5d961efb02e20bfd3275dd1e7fb6fe  prob=0.023920  raw=0.003381
11:30:11 [super]   # 2794  0xc405c2c42b74e741bb7eba9251099efb88245c5b  prob=0.023919  raw=0.003377
11:30:11 [super]   # 2795  0xe097a66a04a3afd6de8929d19fcc41211402d811  prob=0.023919  raw=0.003375
11:30:11 [super]   # 2796  0x74f34063c03a34d20264211cc63f2daad3407505  prob=0.023919  raw=0.003374
11:30:11 [super]   # 2797  0x50f5b2c48024a98d25770f40b25e3aa3d8bdbe2c  prob=0.023919  raw=0.003372
11:30:11 [super]   # 2798  0xe7204ebec2d6a7b86e76bb2c9ae4fdc05dafce3f  prob=0.023919  raw=0.003372
11:30:11 [super]   # 2799  0x8477db87bc27976e8a5fe00e475553ffec12f652  prob=0.023918  raw=0.003366
11:30:11 [super]   # 2800  0xab18ad401c0bb87c68614a6a3295ce0b4b25d7fa  prob=0.023918  raw=0.003364
11:30:11 [super]   # 2801  0xcef1f74e8b2c0011b9f53bee46a431ea3730c68f  prob=0.023918  raw=0.003363
11:30:11 [super]   # 2802  0xa17325d33b095b6bb48d475a3578fecbdff73315  prob=0.023917  raw=0.003362
11:30:11 [super]   # 2803  0x1823b08c7046ee6d23cda62a7f1eb5dcfd910c9a  prob=0.023917  raw=0.003360
11:30:11 [super]   # 2804  0x91fc54f2ae283dd4454b0bf52c8b208dedc20109  prob=0.023917  raw=0.003358
11:30:11 [super]   # 2805  0x3ffdd91a6f4d68557147cf2c6f7815fb675643f9  prob=0.023917  raw=0.003357
11:30:11 [super]   # 2806  0x1c9b2f5d20bc7b1886544658a72757b88c0fb444  prob=0.023917  raw=0.003357
11:30:11 [super]   # 2807  0x0e7e8a4bd1091a5ddb413124073c6fe2344035ca  prob=0.023916  raw=0.003352
11:30:11 [super]   # 2808  0x960cf649949730715a5c9447a2c06ac6b090e052  prob=0.023916  raw=0.003352
11:30:11 [super]   # 2809  0xb96f995278a95b4b16153c05618a823c33340222  prob=0.023916  raw=0.003350
11:30:11 [super]   # 2810  0x9d893ed7562cca82655a08c078a4730a8e1564bd  prob=0.023916  raw=0.003349
11:30:11 [super]   # 2811  0x7818687f1c2cda416877ab68d18d2c9c25f9d185  prob=0.023916  raw=0.003349
11:30:11 [super]   # 2812  0xc52c6782e229040fe0054a00e4c90304004b6d91  prob=0.023916  raw=0.003345
11:30:11 [super]   # 2813  0x108d3c9791e8a862acb53a6e99cd70b722e64276  prob=0.023915  raw=0.003344
11:30:11 [super]   # 2814  0xc550e5ee1011afb6d37c7fbb18fea32e03f9272d  prob=0.023915  raw=0.003342
11:30:11 [super]   # 2815  0x68bafce3a97ead47893c61ca28fe83553191a69b  prob=0.023915  raw=0.003342
11:30:11 [super]   # 2816  0xa710f0eae9129df28a52e886902c443364004173  prob=0.023915  raw=0.003339
11:30:11 [super]   # 2817  0xc40681969b90c1e54527775fa48273a06bef07d9  prob=0.023915  raw=0.003336
11:30:11 [super]   # 2818  0x28c9f4a77994d74c59cea4130b3982bfd272de7c  prob=0.023915  raw=0.003336
11:30:11 [super]   # 2819  0x61840c7d5f26f80bcdaa027d80219fdbfa085cc1  prob=0.023915  raw=0.003336
11:30:11 [super]   # 2820  0x54db4ed4a1b743a71d8f37d8505731dfa124b891  prob=0.023914  raw=0.003334
11:30:11 [super]   # 2821  0xd02e3ddad4d13ce260b383dd6777853a2ffb3dcc  prob=0.023914  raw=0.003334
11:30:11 [super]   # 2822  0xf930ffee77cbc60bda708631b8f638f18f8c91e5  prob=0.023914  raw=0.003334
11:30:11 [super]   # 2823  0x265ed2d2b7026d9497dfacefe6d33dde9409dcb1  prob=0.023914  raw=0.003330
11:30:11 [super]   # 2824  0xc3cd1d612bbf9fbf80da5a9bff0b0470cb46816c  prob=0.023914  raw=0.003330
11:30:11 [super]   # 2825  0x2b5966f90e9a6e4f59fb7393ef8982e1d295ee01  prob=0.023914  raw=0.003329
11:30:11 [super]   # 2826  0x555c311dd92f6c550220780bd327f094cdfeee28  prob=0.023913  raw=0.003324
11:30:11 [super]   # 2827  0xecf4d3d0a960f0f4460761fe4672a14479799979  prob=0.023913  raw=0.003323
11:30:11 [super]   # 2828  0x82d2973fbee2a1c3d1f475c9e1b26d2dbe5d2f2c  prob=0.023913  raw=0.003322
11:30:11 [super]   # 2829  0xa596745ad11ccd5ba4fd5ca0e01dce29790f7f4f  prob=0.023912  raw=0.003315
11:30:11 [super]   # 2830  0x404aa90bc5c4bf22c84c03de7b49d3907871559e  prob=0.023912  raw=0.003308
11:30:11 [super]   # 2831  0x265f06ca6b00446ac0363b828ca2afe4d1789074  prob=0.023911  raw=0.003307
11:30:11 [super]   # 2832  0x3ebc1f24aead9dd939c9c4549df07f5357373dd5  prob=0.023911  raw=0.003302
11:30:11 [super]   # 2833  0x61e52f9ae65663cd08e9262adf06421a1623c92f  prob=0.023911  raw=0.003299
11:30:11 [super]   # 2834  0xd6144ed688181019647e871e13224a6591d71fa3  prob=0.023911  raw=0.003299
11:30:11 [super]   # 2835  0x3668d4dcea3276269499c5b96788aca9d055bbe8  prob=0.023910  raw=0.003298
11:30:11 [super]   # 2836  0x6986bfc5fdd08fe59061f17cc4ada40597627c9b  prob=0.023910  raw=0.003296
11:30:11 [super]   # 2837  0x85c9419a5d7767dde3321a1ffaa4bec3a4108bea  prob=0.023910  raw=0.003294
11:30:11 [super]   # 2838  0xb481f99209c0aab9500685f1e9039b5d696fbb2c  prob=0.023910  raw=0.003293
11:30:11 [super]   # 2839  0x2dbba2d1bc8bb61df9dd64ef7ad6364c6bf0db08  prob=0.023910  raw=0.003291
11:30:11 [super]   # 2840  0xa4babbe6b98c642de40ea990df7ccf33296ec5d8  prob=0.023910  raw=0.003290
11:30:11 [super]   # 2841  0x47562375885fdeba7ba1effea953ed1473c5e44e  prob=0.023910  raw=0.003289
11:30:11 [super]   # 2842  0x2b2d071e85bc9a4aad166275ff6385553e168201  prob=0.023910  raw=0.003289
11:30:11 [super]   # 2843  0x6a090431740f0c63d7184732dcec36bb519c8bfc  prob=0.023909  raw=0.003288
11:30:11 [super]   # 2844  0x3a488f97c407337633fc04a3566c965a8ded22e8  prob=0.023909  raw=0.003281
11:30:11 [super]   # 2845  0xd44c59c92200dcaee7a5e1136c7715b461c7c845  prob=0.023908  raw=0.003279
11:30:11 [super]   # 2846  0x0616f9359903059f6fe76eed58df6b54648e219e  prob=0.023908  raw=0.003278
11:30:11 [super]   # 2847  0x8ae44e6e8926d9df211febf1b27da970d049c9c1  prob=0.023908  raw=0.003272
11:30:11 [super]   # 2848  0xab8e6e3078dafaf085980f0ae93b12f599cc3d89  prob=0.023907  raw=0.003262
11:30:11 [super]   # 2849  0x1557c7bc1d389894f397890ddeb5f27dffeddebc  prob=0.023906  raw=0.003261
11:30:11 [super]   # 2850  0xa13cbe008caecd254fb8866f2a6fd125d1d8d9db  prob=0.023906  raw=0.003258
11:30:11 [super]   # 2851  0x10448ee52aad01104ceb4d2ce55e2b8c8fb91718  prob=0.023906  raw=0.003258
11:30:11 [super]   # 2852  0xbac1f5943f137eea6ed4233c1e4965832095ce0e  prob=0.023906  raw=0.003257
11:30:11 [super]   # 2853  0xb9e2111a48da4bde245213eff0850d600a95db13  prob=0.023906  raw=0.003252
11:30:11 [super]   # 2854  0x2e4f0d6a2b13966b3a631464514f6757c1835512  prob=0.023905  raw=0.003246
11:30:11 [super]   # 2855  0x567f5eb0926e2c4cc91ac9e5cba7bd9a792fdc21  prob=0.023905  raw=0.003244
11:30:11 [super]   # 2856  0x6c08208c8f6c69b7198eea0f9fcd1dc2f5f15c69  prob=0.023905  raw=0.003244
11:30:11 [super]   # 2857  0x448861155279dbf833d041b963e3ac854599e319  prob=0.023905  raw=0.003243
11:30:11 [super]   # 2858  0x1ef13688e0f2c36259bee4d7c1e380ce47e81887  prob=0.023904  raw=0.003241
11:30:11 [super]   # 2859  0x50367274fa84b47cc5ef950e66b31ac95367416b  prob=0.023904  raw=0.003241
11:30:11 [super]   # 2860  0xc8b3d95990889867bf7557b97636c8116d1d5d52  prob=0.023904  raw=0.003239
11:30:11 [super]   # 2861  0x5249cef50cfcdc84d274e1ba61322f099d30669b  prob=0.023904  raw=0.003239
11:30:11 [super]   # 2862  0xec4bdb3c017fdb348bcfdf5f8cc61c944f2df8e6  prob=0.023904  raw=0.003235
11:30:11 [super]   # 2863  0x48d3b5f604f75b1912f1faf87de948a347af30ba  prob=0.023903  raw=0.003233
11:30:11 [super]   # 2864  0x95a114ae8114052659f06846806c8b02043b7636  prob=0.023903  raw=0.003233
11:30:11 [super]   # 2865  0xc19bcfb6e0148d1286e9c8519d226b16d002d50c  prob=0.023903  raw=0.003231
11:30:11 [super]   # 2866  0xe5e5c938c0f258a54033941d62b7e520be972670  prob=0.023903  raw=0.003231
11:30:11 [super]   # 2867  0xdd5e970f76008b17ba33c786a2cb8d7a225546e6  prob=0.023903  raw=0.003229
11:30:11 [super]   # 2868  0x151ad052dbf6b344172f36e67395b48f6019714e  prob=0.023903  raw=0.003229
11:30:11 [super]   # 2869  0x27648f68d00291138f572016895799a385a93ca0  prob=0.023903  raw=0.003228
11:30:11 [super]   # 2870  0x7f2095f93a482a262513cefa61789cdc674c086a  prob=0.023903  raw=0.003228
11:30:11 [super]   # 2871  0x7b00e97455c31f95687dbef6d45ad52c2785bc27  prob=0.023903  raw=0.003226
11:30:11 [super]   # 2872  0xfefe870412ed5f8d2505bc5b5b1ba939893b8f45  prob=0.023902  raw=0.003223
11:30:11 [super]   # 2873  0x51727cf649ff35f254a7975f90800dea4b290581  prob=0.023902  raw=0.003220
11:30:11 [super]   # 2874  0xc30c0116e9a5c17f1c03240a0b02a819fe646509  prob=0.023901  raw=0.003213
11:30:11 [super]   # 2875  0x3103d6e300039357d15369d645fba0fe3c17ea70  prob=0.023901  raw=0.003211
11:30:11 [super]   # 2876  0x91784d82fbe4543459ee85fc9809be185d70a2b2  prob=0.023901  raw=0.003210
11:30:11 [super]   # 2877  0x4daf49e13d8482a2ac10a9accbdcc08586684cb6  prob=0.023901  raw=0.003208
11:30:11 [super]   # 2878  0x4ec75007470dd67481c28754417c48fc960b8c7c  prob=0.023901  raw=0.003207
11:30:11 [super]   # 2879  0x748493f35d6c310d07ccc4b1e23f1f11866141cc  prob=0.023900  raw=0.003205
11:30:11 [super]   # 2880  0x6d56357921371ddd9cdc7c2cfc867a949aa1d7ee  prob=0.023900  raw=0.003202
11:30:11 [super]   # 2881  0x6c5fa368c3010bafca3bfebc79506292e392b8b4  prob=0.023900  raw=0.003199
11:30:11 [super]   # 2882  0x8b4d6b0efe6ad8dd12e808e6e3c64ebfa7081a55  prob=0.023900  raw=0.003198
11:30:11 [super]   # 2883  0xff4b1f20ab269d3f82287428537f8b533cbfd019  prob=0.023899  raw=0.003197
11:30:11 [super]   # 2884  0xd9b6489d6992ee16913e004a18dc6976f12acc71  prob=0.023899  raw=0.003197
11:30:11 [super]   # 2885  0x98337dbab7a5c31a52791fafe2b4f58b05863f04  prob=0.023899  raw=0.003193
11:30:11 [super]   # 2886  0x4575fc244570293662e9fe6c3be4ad7f0bb4639b  prob=0.023899  raw=0.003192
11:30:11 [super]   # 2887  0xb8ad2ae2f18e95df6f609a23fff6948ecd52b0c2  prob=0.023899  raw=0.003189
11:30:11 [super]   # 2888  0x2138837cda102cb9501039f1485722987d47f300  prob=0.023898  raw=0.003187
11:30:11 [super]   # 2889  0x2134418d574d08a1d46c6c057570fde57d820734  prob=0.023898  raw=0.003184
11:30:11 [super]   # 2890  0x996f00c5cf32a4ad114ad41563ee50bad0ddc754  prob=0.023898  raw=0.003183
11:30:11 [super]   # 2891  0xc96fbde8ed6b148b7df96dd1431e4682ddba96d0  prob=0.023898  raw=0.003182
11:30:11 [super]   # 2892  0x05bcbb2431f7ce1b3163459469ee07efe8e6f26c  prob=0.023898  raw=0.003182
11:30:11 [super]   # 2893  0xc5f5fe763ea3054ff72fb7c4b00148cd499bc2de  prob=0.023898  raw=0.003182
11:30:11 [super]   # 2894  0xc901e74861ad6f48087af59e3e822071e0cd2d8d  prob=0.023898  raw=0.003181
11:30:11 [super]   # 2895  0x27783ee6a38125e4c184ca374b586ba15f7f0b30  prob=0.023898  raw=0.003181
11:30:11 [super]   # 2896  0x5cbd8f2d0d16aab9ac684c127a3d0cbc2d255e96  prob=0.023898  raw=0.003181
11:30:11 [super]   # 2897  0x477f156a229f1a174fdf945c778b7362dd2b19aa  prob=0.023898  raw=0.003181
11:30:11 [super]   # 2898  0x2d6d3773886cb8414861c41f35fb253f80bc7dd1  prob=0.023897  raw=0.003176
11:30:11 [super]   # 2899  0x7dca5054bb06247f1f6e1b25ced8c5390fed1039  prob=0.023897  raw=0.003176
11:30:11 [super]   # 2900  0x1c9acf0e4e72ca2c0b58aa6e54055fb79fba2aec  prob=0.023896  raw=0.003167
11:30:11 [super]   # 2901  0xa60e25dcbd3477287fcd65168854b991877ed332  prob=0.023896  raw=0.003165
11:30:11 [super]   # 2902  0xa4df6fd3b37fc6bd9b7c993c11d9b86e470f0d83  prob=0.023896  raw=0.003165
11:30:11 [super]   # 2903  0x4ce3c739d462113bdab77f17cc23f81dc1057ec1  prob=0.023896  raw=0.003163
11:30:11 [super]   # 2904  0x8267694f07437124ea5a2e9e9cc1d3adf682918d  prob=0.023895  raw=0.003159
11:30:11 [super]   # 2905  0xb84a32242e243b852ce2fbfbe94d7fb2fb71169c  prob=0.023895  raw=0.003158
11:30:11 [super]   # 2906  0x43372356634781eea88d61bbdd7824cdce958882  prob=0.023895  raw=0.003158
11:30:11 [super]   # 2907  0x5be8605f700c82ba2df2d787beb19b03c3f581d6  prob=0.023895  raw=0.003158
11:30:11 [super]   # 2908  0xdfc16898a5e2bc722486e23083a98e29b861818d  prob=0.023895  raw=0.003154
11:30:11 [super]   # 2909  0xd71269fc239ba2685fec25fcd5353ab87fc0228d  prob=0.023895  raw=0.003153
11:30:11 [super]   # 2910  0x6cd4b712bb472d388072887fa97743e1972b8853  prob=0.023895  raw=0.003153
11:30:11 [super]   # 2911  0xa8c63f775ddbbe66b56614191747def3021444e8  prob=0.023894  raw=0.003151
11:30:11 [super]   # 2912  0x4d83e7e0f6d9fef77018c6850426e348322550ce  prob=0.023894  raw=0.003150
11:30:11 [super]   # 2913  0xee8b661192f6586fab82dd27936e21ec3b83d83f  prob=0.023894  raw=0.003148
11:30:11 [super]   # 2914  0x4620ca20fcf0812c7d46fd5502590fef6b122a6e  prob=0.023894  raw=0.003145
11:30:11 [super]   # 2915  0x274eb71ea51c64f79da567bde0224018a77e0c57  prob=0.023894  raw=0.003144
11:30:11 [super]   # 2916  0xd2ff5b38460c42c6c56f1674663fc344db33cb00  prob=0.023894  raw=0.003144
11:30:11 [super]   # 2917  0x07e06617a12cc3075d51f905187016b22ec91db9  prob=0.023894  raw=0.003143
11:30:11 [super]   # 2918  0x23be85cd6b3814181e43689aa1c44ca9789ada4f  prob=0.023893  raw=0.003138
11:30:11 [super]   # 2919  0xee6cd9a5db988b0ad36a8eb788d3530957475faa  prob=0.023893  raw=0.003138
11:30:11 [super]   # 2920  0x36e7fa53675bf232e842544f64e2337949b97977  prob=0.023893  raw=0.003137
11:30:11 [super]   # 2921  0xddcc82ad9553d5db77f52a17743d5b1eeef2d167  prob=0.023893  raw=0.003137
11:30:11 [super]   # 2922  0xa8f3ff25788c68f6657c0e46690b0be223cfe544  prob=0.023893  raw=0.003136
11:30:11 [super]   # 2923  0x6a6017e3dc3f2dc12917e4c200aa1f78a7b3d270  prob=0.023892  raw=0.003132
11:30:11 [super]   # 2924  0x5a6785a1d4b456597121816663ecce008693a78e  prob=0.023892  raw=0.003131
11:30:11 [super]   # 2925  0xc34a4af2e3a818fdcdfaa7b5b140eca017ae6007  prob=0.023892  raw=0.003129
11:30:11 [super]   # 2926  0x70981c0d85667f7790ebdba1940959bf8557d87b  prob=0.023892  raw=0.003128
11:30:11 [super]   # 2927  0xfebbab4b7d21f4c0490f032ab0f76502a1fa877b  prob=0.023891  raw=0.003121
11:30:11 [super]   # 2928  0x71ca04d689bc38c5e4dcda8a4d743f279c5a3501  prob=0.023891  raw=0.003121
11:30:11 [super]   # 2929  0x8e07d33e9f27add08072a4f6ebbe6800655cd9f7  prob=0.023891  raw=0.003121
11:30:11 [super]   # 2930  0x011f2d377e56119fb09196dffb0948ae55711122  prob=0.023891  raw=0.003120
11:30:11 [super]   # 2931  0x0d1972d4cee63a8022767258bda1589c79b6c745  prob=0.023891  raw=0.003120
11:30:11 [super]   # 2932  0x264192bab3b07538be4f2ea2d5d559f2f311b2f5  prob=0.023891  raw=0.003118
11:30:11 [super]   # 2933  0xcd67ea029355d66eba25eb28273f3be5b15a84e7  prob=0.023891  raw=0.003118
11:30:11 [super]   # 2934  0xa9167182c2e0fbfd0a321537293bc34ee7ee59a5  prob=0.023891  raw=0.003116
11:30:11 [super]   # 2935  0x9f5358e2fb3fe595d782e41148ac9137316ea3ff  prob=0.023891  raw=0.003116
11:30:11 [super]   # 2936  0x8f7a4b414417911e7e9bd738399874792cdbdb40  prob=0.023890  raw=0.003113
11:30:11 [super]   # 2937  0x4931d850f71925dbbc68c78adcba3ba0b292e11c  prob=0.023890  raw=0.003112
11:30:11 [super]   # 2938  0x9830e31179a749fa3b2e9d6fca5f897121e8d11a  prob=0.023890  raw=0.003109
11:30:11 [super]   # 2939  0x622883904dac17970897047d29ca0f93e6436596  prob=0.023890  raw=0.003109
11:30:11 [super]   # 2940  0xc2d136b5cf0c1b77b999102833e52b7f7b8c1b84  prob=0.023890  raw=0.003109
11:30:11 [super]   # 2941  0x8ebfdc251c6c378d4a3a54a8f15cebfa4b9183ce  prob=0.023890  raw=0.003108
11:30:11 [super]   # 2942  0x31dc49c2c61135bd920e2abab11650b64dc5325b  prob=0.023889  raw=0.003103
11:30:11 [super]   # 2943  0x28b255ed9747765be4f44ce484532d4b6bdfa74f  prob=0.023889  raw=0.003103
11:30:11 [super]   # 2944  0xa817fcfa81909b8379b92dd017c54d45b8910554  prob=0.023889  raw=0.003102
11:30:11 [super]   # 2945  0x3c760e45728e0cb4b68c52980a070314b95fd4ee  prob=0.023889  raw=0.003100
11:30:11 [super]   # 2946  0xb1fea3922a1998248cf2ae51f740b9be2bb7423a  prob=0.023889  raw=0.003099
11:30:11 [super]   # 2947  0xac37541abfb29fbdee430979732ce4acae3355e2  prob=0.023889  raw=0.003099
11:30:11 [super]   # 2948  0x37c73026d24413b3c152ba890ada52b62d45c06c  prob=0.023888  raw=0.003095
11:30:11 [super]   # 2949  0x7960f6e04bd79500b2e4dfde1a20a51d017d975d  prob=0.023888  raw=0.003091
11:30:11 [super]   # 2950  0x8b149b463fcdd5465faea45f8f7aa257360b5115  prob=0.023888  raw=0.003089
11:30:11 [super]   # 2951  0xf0ceadc30a2c481c0bab8ad4cb188327def56d68  prob=0.023888  raw=0.003088
11:30:11 [super]   # 2952  0x3b6e2470392d323410d9990817a68867d25d7af2  prob=0.023887  raw=0.003086
11:30:11 [super]   # 2953  0xb071638af8112214be9b687e19a60646a6ced064  prob=0.023887  raw=0.003086
11:30:11 [super]   # 2954  0xd1749300d11be8967d9be36df6d4795ad1cc12b1  prob=0.023887  raw=0.003084
11:30:11 [super]   # 2955  0xe936cab34ba012157a01f28540815b7e5225cf93  prob=0.023887  raw=0.003083
11:30:11 [super]   # 2956  0x96fdc65f91d9b885c64b674a538d41270697e80c  prob=0.023887  raw=0.003083
11:30:11 [super]   # 2957  0xb009fc4ccc00205fef764d22a704a3b2de9372f0  prob=0.023887  raw=0.003082
11:30:11 [super]   # 2958  0x9ac975fca84c8c352698e6c44158d0faa40f885c  prob=0.023887  raw=0.003082
11:30:11 [super]   # 2959  0x8c8434bb66d0d461eb3c121e0d10b3aa34962929  prob=0.023886  raw=0.003077
11:30:11 [super]   # 2960  0x77cee5aa5a1fe72eadc1de1623c724f4c8c6f364  prob=0.023886  raw=0.003076
11:30:11 [super]   # 2961  0x3709b4723875227f4f0d70261cfcc99f9bd4db0c  prob=0.023886  raw=0.003070
11:30:11 [super]   # 2962  0x44573c6f225910924442c560dff31245a9aaf3e2  prob=0.023885  raw=0.003065
11:30:11 [super]   # 2963  0xd97c5c25774ee6e7ebbc4456e1eaa32f2b29aedb  prob=0.023885  raw=0.003063
11:30:11 [super]   # 2964  0x767b2954c80e355d39fd80ca33136a0f5757a3d6  prob=0.023885  raw=0.003063
11:30:11 [super]   # 2965  0x87256d0406f876184a66cc158415903bb242eb10  prob=0.023885  raw=0.003062
11:30:11 [super]   # 2966  0x570ec9965d4cab9d4c840124fae1276d4fc61eed  prob=0.023884  raw=0.003058
11:30:11 [super]   # 2967  0xe1264cdeda1960ede52bf83be9a978302188a452  prob=0.023884  raw=0.003056
11:30:11 [super]   # 2968  0x5abb3706849c74a8411b85c783af05b5c422fa21  prob=0.023884  raw=0.003054
11:30:11 [super]   # 2969  0xed5e622cdec7fbfe4b697d079f9e166f77c4f831  prob=0.023884  raw=0.003054
11:30:11 [super]   # 2970  0xa9a17207f78f18521868a51e94b763c3bd66c98a  prob=0.023883  raw=0.003045
11:30:11 [super]   # 2971  0x4fd6b27b16f711e5be7bc8b4a443d984a159e7b9  prob=0.023883  raw=0.003044
11:30:11 [super]   # 2972  0x41583f2efc720b8e2682750fffb67f2806fece9f  prob=0.023883  raw=0.003043
11:30:11 [super]   # 2973  0x5fb7a6d9b635356a3c7a6330ece2493c758da750  prob=0.023882  raw=0.003038
11:30:11 [super]   # 2974  0xeca0c0888e34df59589c67fbe53dc7f298b5e8f8  prob=0.023882  raw=0.003038
11:30:11 [super]   # 2975  0x164cb85e1718d0a8f95d588b08fbb52b34233e39  prob=0.023882  raw=0.003035
11:30:11 [super]   # 2976  0x768f8b239b0af5e07af13ec2796ab874f0ffd08c  prob=0.023882  raw=0.003034
11:30:11 [super]   # 2977  0xca85f4b9e472b542e1df039594eeaebb6d466bf2  prob=0.023882  raw=0.003032
11:30:11 [super]   # 2978  0x63d43bbb87f85af03b8f2f9e2fad7b54334fa2f1  prob=0.023882  raw=0.003032
11:30:11 [super]   # 2979  0xfcfe7b9756da0d7ca1837e3281910d9e67ead420  prob=0.023881  raw=0.003031
11:30:11 [super]   # 2980  0xee67664b7364ad83e8be00942440f7980f3e88df  prob=0.023881  raw=0.003031
11:30:11 [super]   # 2981  0xf6d6c194f7878c8fc0ce0ef1798e0239db65f810  prob=0.023881  raw=0.003030
11:30:11 [super]   # 2982  0x283419ee1d69a952cadae5cb087fa119ee28d23a  prob=0.023881  raw=0.003028
11:30:11 [super]   # 2983  0xec9d0abe724f24bec18a45060138ff2197f6ee3c  prob=0.023881  raw=0.003028
11:30:11 [super]   # 2984  0x4f87a3dabd21b2c20e388603ba90fcea588b4d9d  prob=0.023881  raw=0.003026
11:30:11 [super]   # 2985  0xd1acd3925d895de9aec98ff95f3a30c5279d08d5  prob=0.023881  raw=0.003025
11:30:11 [super]   # 2986  0x267568e60bccc61e876fbb3607fba7c47ee12374  prob=0.023881  raw=0.003023
11:30:11 [super]   # 2987  0x73caf44cf1bb90783bf26cb36403bb4640881db8  prob=0.023880  raw=0.003019
11:30:11 [super]   # 2988  0x60dd4e21c4969624747076707db1db0e714cf6b6  prob=0.023880  raw=0.003018
11:30:11 [super]   # 2989  0xb27bdc9f2c3daa00021ee65428d807df6df709f4  prob=0.023880  raw=0.003017
11:30:11 [super]   # 2990  0x74b6cdbcca00dcd1914eecf3057bcfae435641d8  prob=0.023880  raw=0.003016
11:30:11 [super]   # 2991  0xf5764c46667635242bc0f4bc9f3dc80501e3afc6  prob=0.023880  raw=0.003015
11:30:11 [super]   # 2992  0x07af173c3e29c72d5294c6bc918aa767bf47ee5f  prob=0.023880  raw=0.003013
11:30:11 [super]   # 2993  0xccff3146eff948611822511963392278b243e845  prob=0.023880  raw=0.003013
11:30:11 [super]   # 2994  0x62cf46cd4c3af254dccfc37a7f93de265b4b5826  prob=0.023879  raw=0.003012
11:30:11 [super]   # 2995  0xa50ed862d2ac32845d35a495333f4fa373b666eb  prob=0.023879  raw=0.003009
11:30:11 [super]   # 2996  0x665ac3c4ae9fba6b50f6e757b0c76416a8978f47  prob=0.023879  raw=0.003008
11:30:11 [super]   # 2997  0x29550bb377bb6bd96b6108fed0e3492131e8a7a2  prob=0.023879  raw=0.003008
11:30:11 [super]   # 2998  0x5754becbe873d6ba9eefa4eedf214dd254ece515  prob=0.023879  raw=0.003007
11:30:11 [super]   # 2999  0x0e4e7db565ed1c78f87b94c364c8a703b8975bf4  prob=0.023879  raw=0.003006
11:30:11 [super]   # 3000  0xdbdb85904cddf15993d40eba9ef1cfda91518085  prob=0.023879  raw=0.003004
11:30:11 [super]   # 3001  0xb48ef6deecd526c0974c35e1f7b5c3bbd12fa144  prob=0.023878  raw=0.003001
11:30:11 [super]   # 3002  0x0b0a18fc53c93f6fa7e23fad0ea74f55676242b8  prob=0.023878  raw=0.002999
11:30:11 [super]   # 3003  0x97ccca74f42569cebd44210fa34ce6c040b1b4a8  prob=0.023878  raw=0.002998
11:30:11 [super]   # 3004  0xd7103db071735af2046f17887895675b9511f699  prob=0.023878  raw=0.002997
11:30:11 [super]   # 3005  0x88b0bd7130b184d110c507bce00978e090fbb118  prob=0.023878  raw=0.002996
11:30:11 [super]   # 3006  0xc65ec1537d678a42969f69c6ea9c884dfd240b4e  prob=0.023877  raw=0.002992
11:30:11 [super]   # 3007  0x2fd368db0199dc94071701c1f26b37eaefdbd94a  prob=0.023877  raw=0.002992
11:30:11 [super]   # 3008  0x7dfe4f4e9fdd255c30d595b7f87468f3e8007aaf  prob=0.023877  raw=0.002991
11:30:11 [super]   # 3009  0xa8b9d79f905e5a6ae54b805df23b1039a7e9c8e4  prob=0.023877  raw=0.002991
11:30:11 [super]   # 3010  0xecf4b01e88b85c33234053cc61f6dbc2ca28c01c  prob=0.023877  raw=0.002990
11:30:11 [super]   # 3011  0xf9ac4c4ef54ee6010a28299ec1d616b63bf7806e  prob=0.023876  raw=0.002985
11:30:11 [super]   # 3012  0x0f863d92dd2b960e3eb6a23a35fd92a91981404e  prob=0.023876  raw=0.002985
11:30:11 [super]   # 3013  0x99a18b3de03fc7bf03bfbfb13f827ef6d018b0c3  prob=0.023876  raw=0.002981
11:30:11 [super]   # 3014  0xfb416335dbe6d84eb0cab94d7042ad20b5ad1fff  prob=0.023876  raw=0.002979
11:30:11 [super]   # 3015  0x628bc8fd432a7bfed2333559e7e93704b0eeb84f  prob=0.023876  raw=0.002978
11:30:11 [super]   # 3016  0xdbc24eb11d50d57bd6b550f71379eed67275b496  prob=0.023876  raw=0.002978
11:30:11 [super]   # 3017  0xcdbfdac42aeac5837d105e255c1131e7bf751926  prob=0.023875  raw=0.002974
11:30:11 [super]   # 3018  0x7124fe2e171a0928dc2aa0c0be04f5c79fa12836  prob=0.023874  raw=0.002967
11:30:11 [super]   # 3019  0x72a18e2ea7fac4921d42fd3d1bb1a0b35295b63d  prob=0.023874  raw=0.002967
11:30:11 [super]   # 3020  0xd7a66909fae563c99b3d7b9e6f5618a118cf8e49  prob=0.023874  raw=0.002967
11:30:11 [super]   # 3021  0x9625886810f33bd568e0a9ecbe6cfac201bc1dee  prob=0.023874  raw=0.002966
11:30:11 [super]   # 3022  0xb8e69b66c2a4d26db7b602d8f170dfb46b8f9767  prob=0.023874  raw=0.002966
11:30:11 [super]   # 3023  0xc67c310db8677fdbb360ba40eeecb6690c809ad5  prob=0.023874  raw=0.002962
11:30:11 [super]   # 3024  0x088ffbbc6f2c0b3839d2832e75f37e1bcecbc9e7  prob=0.023874  raw=0.002962
11:30:11 [super]   # 3025  0xbdd2bbcbf179cf9b0062b747fbc17755b9b00bd8  prob=0.023874  raw=0.002960
11:30:11 [super]   # 3026  0x9e83dcf11f1457887cfec68efaec6ad6aeaa9394  prob=0.023873  raw=0.002956
11:30:11 [super]   # 3027  0x570bae01cd9dee8ac803c214a877c2a63ab297f8  prob=0.023873  raw=0.002956
11:30:11 [super]   # 3028  0xcf36da5f83dc9b6e4f1577d11d5cc6f1654b5516  prob=0.023873  raw=0.002954
11:30:11 [super]   # 3029  0xd4bcdf6b8b8b938c62e3885424d7bc546fe5f7d2  prob=0.023873  raw=0.002954
11:30:11 [super]   # 3030  0x4d1fb2390d5138b4ab16935b5a2c128d48a7102e  prob=0.023873  raw=0.002953
11:30:11 [super]   # 3031  0x11bc64ca5640fcde77dd97aeaaac87d7b075d9fa  prob=0.023872  raw=0.002948
11:30:11 [super]   # 3032  0xbf8aad3b35abd7936851059cbc9d7b3d64b9f3f0  prob=0.023872  raw=0.002948
11:30:11 [super]   # 3033  0xf98b622967de1bfc84585ea7abdf1f9199a3bfc5  prob=0.023872  raw=0.002946
11:30:11 [super]   # 3034  0x93c63c7e78ab3e3ba8a40456483ce01d751fd9db  prob=0.023872  raw=0.002942
11:30:11 [super]   # 3035  0xa9b44dca52ed35e59ac2a6f49d1203b8155464ed  prob=0.023871  raw=0.002935
11:30:11 [super]   # 3036  0x2c3b844c6b01cbc62001ba13a6a2572c7de73ad8  prob=0.023871  raw=0.002935
11:30:11 [super]   # 3037  0x840f1b789c3b18a398f8223d4c1fe1bb9dfa48e4  prob=0.023871  raw=0.002935
11:30:11 [super]   # 3038  0xaafcab885a15acb007f26dd9f74685fffd0c57e5  prob=0.023871  raw=0.002934
11:30:11 [super]   # 3039  0x660622caad009a8cc1f38038c0913be658621338  prob=0.023871  raw=0.002933
11:30:11 [super]   # 3040  0x5a9586a588f70d677816b65cadf54fa4bc507274  prob=0.023871  raw=0.002932
11:30:11 [super]   # 3041  0x2b76c1d12cd928b1d95a6d2c7f1e6f6e7f14edef  prob=0.023870  raw=0.002928
11:30:11 [super]   # 3042  0x7256d628df0d540499ccef90cf1021541c41a965  prob=0.023870  raw=0.002925
11:30:11 [super]   # 3043  0x400c713144ee4c373d2beec8aedd31368854c80a  prob=0.023870  raw=0.002925
11:30:11 [super]   # 3044  0x012fdecb938f70496d0cca243d5df7f254d8e310  prob=0.023870  raw=0.002922
11:30:11 [super]   # 3045  0x7fad7801b8d68379662d2f66988e4b7cb0ad9542  prob=0.023870  raw=0.002922
11:30:11 [super]   # 3046  0xa59c570a9eca148da55f6e1f47a538c0c600bb62  prob=0.023869  raw=0.002921
11:30:11 [super]   # 3047  0x9bc341294d6b996988fe747aa327f69ffbdaaca4  prob=0.023869  raw=0.002917
11:30:11 [super]   # 3048  0xafdc2d22ff595fa53c90e69c84f1f1b563cfe9c9  prob=0.023869  raw=0.002916
11:30:11 [super]   # 3049  0xd2d9a1f8aabd23235c37c08105ec558099c35653  prob=0.023869  raw=0.002914
11:30:11 [super]   # 3050  0xa56f3a6abb3598fab5427d0b851b439012c0ad0a  prob=0.023868  raw=0.002910
11:30:11 [super]   # 3051  0x7bed8d47ff5f6cbf26074b3d58bbdb2aefc2c72d  prob=0.023868  raw=0.002908
11:30:11 [super]   # 3052  0xf07113ef0d30f6bd6513456283e9c0a1bd25cbcb  prob=0.023868  raw=0.002908
11:30:11 [super]   # 3053  0xd1ed12197b7dc22dede923727e9b714024dbd7cb  prob=0.023868  raw=0.002908
11:30:11 [super]   # 3054  0xc540bbcdeff50a89bd8a3721157567f14e1c21f6  prob=0.023868  raw=0.002908
11:30:11 [super]   # 3055  0xc59036a0c5649cc1a9e1616e2c3fb091fb2e5608  prob=0.023868  raw=0.002906
11:30:11 [super]   # 3056  0x3c007679e5c8742429dbc58282d0307e4f210788  prob=0.023867  raw=0.002896
11:30:11 [super]   # 3057  0xe761d39fe8a5f6a0d987a40d38cbdacd46d65f0f  prob=0.023866  raw=0.002893
11:30:11 [super]   # 3058  0xab3a18aae4bbb03f024f61c1e971d4a7ad0144ee  prob=0.023866  raw=0.002891
11:30:11 [super]   # 3059  0x24c7e8eb4884adac6efa131d67961a3c2cd256c6  prob=0.023866  raw=0.002887
11:30:11 [super]   # 3060  0xcd6be6693e2bc11150d397caa9e6f7c6744b68f5  prob=0.023866  raw=0.002885
11:30:11 [super]   # 3061  0x995c28aab42c1e202e7444d71212bee64e3c8770  prob=0.023865  raw=0.002882
11:30:11 [super]   # 3062  0x2c3928af89565c352afe8e2a1b25deed77a056dc  prob=0.023865  raw=0.002879
11:30:11 [super]   # 3063  0xda23865d440731cc83d2aa9fd9b8d123f6ce080e  prob=0.023865  raw=0.002877
11:30:11 [super]   # 3064  0xf784e9a7a354c644c1af25f1ee9e1b68b91fab48  prob=0.023864  raw=0.002873
11:30:11 [super]   # 3065  0x1cd0eb10cca865cf24e05c9478c234614de9f582  prob=0.023864  raw=0.002867
11:30:11 [super]   # 3066  0xd519189d472dd43bf780a6238900cc1dcdf950fb  prob=0.023863  raw=0.002862
11:30:11 [super]   # 3067  0x1809fb28d70eee006a8fca602f74c99b4cef4eb7  prob=0.023863  raw=0.002860
11:30:11 [super]   # 3068  0x34203a2a18eb2874b99ae58055d223d3da37e83d  prob=0.023862  raw=0.002856
11:30:11 [super]   # 3069  0xe675d772982027593b1c8afc25e94052f8a3e1eb  prob=0.023862  raw=0.002854
11:30:11 [super]   # 3070  0x81a08220e34d522df7c360c26a253b6e76df5194  prob=0.023862  raw=0.002851
11:30:11 [super]   # 3071  0x3b8f405e5f1d54242d7012efbaf139ba6124d077  prob=0.023861  raw=0.002846
11:30:11 [super]   # 3072  0x7a6192ea6815d3177e978dd3f8c38be5f575af24  prob=0.023861  raw=0.002846
11:30:11 [super]   # 3073  0x2096c884e1d30cb25d950c32f4151f45aad7ca7d  prob=0.023861  raw=0.002846
11:30:11 [super]   # 3074  0xcd5c26f023df641ea2ac4bf5f4670c65cd3ea906  prob=0.023861  raw=0.002845
11:30:11 [super]   # 3075  0xc13caf53a92d5dd124e90a987dff55a19977764d  prob=0.023861  raw=0.002841
11:30:11 [super]   # 3076  0x9c12bb76827248deaee9478291543d6eaf8ae61d  prob=0.023860  raw=0.002836
11:30:11 [super]   # 3077  0x17e51d20091bb9f9f5b53cda47b0e17204f5a06a  prob=0.023860  raw=0.002833
11:30:11 [super]   # 3078  0x5c156a862b341d8ffde9f2c341fa72711fb87a9f  prob=0.023859  raw=0.002825
11:30:11 [super]   # 3079  0x224b255eaa3279ceb77330317d3c38ee8e73f6b8  prob=0.023859  raw=0.002825
11:30:11 [super]   # 3080  0x4286369abdfdc6a05978342e6810f9273076d8b9  prob=0.023858  raw=0.002817
11:30:11 [super]   # 3081  0xab8b21ebe8b690f2a336f946d89670fa00a971b8  prob=0.023856  raw=0.002800
11:30:11 [super]   # 3082  0x08ab2fa9120d66c2db168720d0c062bd58c33a3e  prob=0.023855  raw=0.002785
11:30:11 [super]   # 3083  0x55fd23b76133448370567ef27e1298c75a525fa1  prob=0.023854  raw=0.002779
11:30:11 [super]   # 3084  0x829644c5a5ac43145b86391bed9bd5109c493899  prob=0.023854  raw=0.002778
11:30:11 [super]   # 3085  0x7cc4c29e366c5368d0bcfec8ddc7cacf59f404fb  prob=0.023852  raw=0.002760
11:30:11 [super]   # 3086  0x3327add26eeaa36cc3184a4c2db23e84d848d080  prob=0.023852  raw=0.002757
11:30:11 [super]   # 3087  0xe88ecc35febf64a7da0f23d01d22261ed87403e8  prob=0.023851  raw=0.002752
11:30:11 [super]   # 3088  0x53abaa0952659af1fbcc5293c77b72e1138365aa  prob=0.023851  raw=0.002751
11:30:11 [super]   # 3089  0xe53312c6c15af508e0c31e2cfadbefddd399ab29  prob=0.023851  raw=0.002751
11:30:11 [super]   # 3090  0xa89b929a01509ef69def0eed3dde9ed3de52ea97  prob=0.023850  raw=0.002744
11:30:11 [super]   # 3091  0xf2bbde6fbb19c96ca6856d82f5fa1dc4477f7111  prob=0.023850  raw=0.002743
11:30:11 [super]   # 3092  0x1b524dfbcb3150470c96f82b35d30827845d197a  prob=0.023850  raw=0.002743
11:30:11 [super]   # 3093  0xaaee95c508a4bf81bf68b0d07d9df51f23da7a60  prob=0.023850  raw=0.002743
11:30:11 [super]   # 3094  0xcb14f61711d913773f4b982af340fa7eae175358  prob=0.023849  raw=0.002737
11:30:11 [super]   # 3095  0x334932d9cb8effcb325fcb898e045feffc92c0b8  prob=0.023849  raw=0.002737
11:30:11 [super]   # 3096  0x348151dd18921306e62c49037400dacba7040dfe  prob=0.023849  raw=0.002733
11:30:11 [super]   # 3097  0xa15bd710db24789ff74c54008a5caf4c7fa930f1  prob=0.023849  raw=0.002732
11:30:11 [super]   # 3098  0x93876889d75afb813a805bbb58150d5a58cef584  prob=0.023849  raw=0.002730
11:30:11 [super]   # 3099  0x81ee8c05b7dc13def813eb334db2702763d1caa4  prob=0.023849  raw=0.002730
11:30:11 [super]   # 3100  0xb15e73fd1f977a0c21b4b91653a5da0a3e94865f  prob=0.023848  raw=0.002727
11:30:11 [super]   # 3101  0xbfe694c244b5e408eaf103cbf68b0aac12ee16f6  prob=0.023848  raw=0.002725
11:30:11 [super]   # 3102  0xb43dc87bbcdb369eb3433db1e8934ba57743abd6  prob=0.023848  raw=0.002725
11:30:11 [super]   # 3103  0xc981e9d3b977dfc69188889f979f5cd36555a75d  prob=0.023848  raw=0.002721
11:30:11 [super]   # 3104  0x0748b61c6d0e38b2d98c2d0e6a02989c2fccba12  prob=0.023847  raw=0.002717
11:30:11 [super]   # 3105  0x09b3b03d17111f1c6b66c8b8691710e5472e7d36  prob=0.023847  raw=0.002714
11:30:11 [super]   # 3106  0x6f434591293bac0dde5852c075bd9510e5bd59e3  prob=0.023847  raw=0.002710
11:30:11 [super]   # 3107  0x7c59899a14885b2570ce5030156e290db531fba0  prob=0.023847  raw=0.002710
11:30:11 [super]   # 3108  0xcc792a28d90f3c5d8fe91e48a184913a65031c2a  prob=0.023846  raw=0.002706
11:30:11 [super]   # 3109  0x88f1cee46dc6fb9bf22bcbf0b4b3aeea3d155c9d  prob=0.023846  raw=0.002705
11:30:11 [super]   # 3110  0xe49756e59b79705991b166ead9107a63e55984aa  prob=0.023846  raw=0.002705
11:30:11 [super]   # 3111  0xf85fa31a58fcce6c00b5af806a598b1600329800  prob=0.023846  raw=0.002702
11:30:11 [super]   # 3112  0x94d7bec9a70455990f708c7add42e2894b820c2f  prob=0.023845  raw=0.002698
11:30:11 [super]   # 3113  0x95b2048196c1cbc132cf9b20c9f337f6892149aa  prob=0.023845  raw=0.002697
11:30:11 [super]   # 3114  0x427311c6551a20d6bde2f4b57f10a34f164afa0d  prob=0.023845  raw=0.002696
11:30:11 [super]   # 3115  0xb2956b4883a739b567f3d86260f49d9eafb83a9f  prob=0.023845  raw=0.002696
11:30:11 [super]   # 3116  0x5f4080f9355764b32736f82d43e7f131aaf26e9e  prob=0.023845  raw=0.002691
11:30:11 [super]   # 3117  0x250ea552ab599ae10c88b41270c559725759e864  prob=0.023844  raw=0.002683
11:30:11 [super]   # 3118  0x9dfe2f73d3c988a9d69df8fa0beb85651340b3dd  prob=0.023843  raw=0.002681
11:30:11 [super]   # 3119  0xf1f9a438f2697381b4ac8eb283d6f4dd772d1245  prob=0.023843  raw=0.002681
11:30:11 [super]   # 3120  0x59432fa8141b0ddf25f64c9fc90cdb5672402ef2  prob=0.023843  raw=0.002681
11:30:11 [super]   # 3121  0x2d40ca3ab44c1cf56677c85919a815bbf59cec52  prob=0.023843  raw=0.002681
11:30:11 [super]   # 3122  0xe8278d22bef444ede84505b7c0ec4e4001305209  prob=0.023843  raw=0.002681
11:30:11 [super]   # 3123  0x95dcb3d91f4c83b09fbc5a8b6f52a4a45d134b45  prob=0.023843  raw=0.002681
11:30:11 [super]   # 3124  0x7957c850ca3ae06364dbf88382dc6beb85e8ddbc  prob=0.023843  raw=0.002679
11:30:11 [super]   # 3125  0x350675e8126ff47457f40a3505b98cdfc11562b1  prob=0.023843  raw=0.002678
11:30:11 [super]   # 3126  0xff19fd4e46fb383d0f4a73d041c769ce9281951f  prob=0.023843  raw=0.002676
11:30:11 [super]   # 3127  0xb58147edecc0e2dd221f80cb5eac7032ef230308  prob=0.023843  raw=0.002675
11:30:11 [super]   # 3128  0x66d416c913dba412d49580142c0e8f983db4ae10  prob=0.023843  raw=0.002674
11:30:11 [super]   # 3129  0x6b6530dbaa7d091a2b4a5823acd4f26b14f23fab  prob=0.023843  raw=0.002674
11:30:11 [super]   # 3130  0x06fc74353ef609412f94043b8c9f739d34bf4fb6  prob=0.023842  raw=0.002672
11:30:11 [super]   # 3131  0x4bf459194025b2ca11a2db2deb9ef2a08c467021  prob=0.023842  raw=0.002672
11:30:11 [super]   # 3132  0x7e9d7078a4cdefc20be8db13e1effc4292d18445  prob=0.023842  raw=0.002664
11:30:11 [super]   # 3133  0x7797c5640fdccc12cc7ec9ab25a8873047be47dd  prob=0.023841  raw=0.002657
11:30:11 [super]   # 3134  0xfe8a1204f73b836e4d415332b22e6b2a60c59177  prob=0.023841  raw=0.002657
11:30:11 [super]   # 3135  0x468d19995331e4849e0d36331c56fcad8920bb98  prob=0.023841  raw=0.002657
11:30:11 [super]   # 3136  0x0e6929369d2ab5b4ad8d3c0a001b66a877d28a19  prob=0.023841  raw=0.002655
11:30:11 [super]   # 3137  0x7ff4e5a9e91e5a03e884af8813f19675cfe755bc  prob=0.023840  raw=0.002653
11:30:11 [super]   # 3138  0x4b3c5ba3a3eb539a007072cfe970f83bb6da7cd3  prob=0.023840  raw=0.002650
11:30:11 [super]   # 3139  0xc4086b708cd3a50880b7069add1a1a80000f4675  prob=0.023840  raw=0.002646
11:30:11 [super]   # 3140  0x5446fe5868e4e6da0ab784b005fe423df62218f6  prob=0.023839  raw=0.002636
11:30:11 [super]   # 3141  0x1ad9a2f348eaa6b6326af9c1fea382dd455e7bf6  prob=0.023838  raw=0.002632
11:30:11 [super]   # 3142  0x60d18d444868e6eddd3bb7238efdcda591190c8f  prob=0.023838  raw=0.002631
11:30:11 [super]   # 3143  0x7ea7bcd658a253bfa78618a8e127cc73b54879ac  prob=0.023838  raw=0.002631
11:30:11 [super]   # 3144  0xa0b9c52dcacc522b3e73b7756c44c9581d566048  prob=0.023837  raw=0.002618
11:30:11 [super]   # 3145  0x732d5f2b8d12b71887cf4524a01d1f4198e22787  prob=0.023836  raw=0.002616
11:30:11 [super]   # 3146  0x67f1885c8f23c704b8c60ddbb9f4d90487473e4f  prob=0.023836  raw=0.002616
11:30:11 [super]   # 3147  0x7f2e94d25797520aa13cc396ae8a4722c5d94322  prob=0.023835  raw=0.002603
11:30:11 [super]   # 3148  0x92eb8b0a65fbb7c7b21a1750738ef13fa0763e3e  prob=0.023835  raw=0.002603
11:30:11 [super]   # 3149  0x4bbe10ba5b7f6df147c0dae17b46c44a6e562cf3  prob=0.023835  raw=0.002601
11:30:11 [super]   # 3150  0x9d8952419a64cb3f4be5a9393561eab539e16e06  prob=0.023834  raw=0.002592
11:30:11 [super]   # 3151  0xa5ad2885ae134b853234bbde85896ab632e38009  prob=0.023833  raw=0.002589
11:30:11 [super]   # 3152  0xf4b773b59d10bae42e748996a0ce33a20b46f9e3  prob=0.023833  raw=0.002588
11:30:11 [super]   # 3153  0x256131584a444cf918128b6d1b42d54a1f534aed  prob=0.023833  raw=0.002588
11:30:11 [super]   # 3154  0x3d0df57a33d6ba961d3cc8ae460a127c34583908  prob=0.023833  raw=0.002583
11:30:11 [super]   # 3155  0xa7d37fd5238b74aa071bcfbfe85ec89b1dc3b25f  prob=0.023832  raw=0.002575
11:30:11 [super]   # 3156  0x30e443872ddf63b2908a49f92cd690c304a55102  prob=0.023832  raw=0.002573
11:30:11 [super]   # 3157  0xe38ef5d1b91f3450283f0817d33d75d19aa8c29d  prob=0.023830  raw=0.002558
11:30:11 [super]   # 3158  0x4fadc974fb701b133055866022c89c5e0f7a1480  prob=0.023830  raw=0.002557
11:30:11 [super]   # 3159  0xd81fbc5c53593e4e2923a641ff2bc7e2d9866b75  prob=0.023829  raw=0.002552
11:30:11 [super]   # 3160  0xfad4fb17d54b6d600d6cc912d433e73c252ca210  prob=0.023828  raw=0.002543
11:30:11 [super]   # 3161  0x368ba69507fd67972059fa178af5e459b72f2458  prob=0.023828  raw=0.002536
11:30:11 [super]   # 3162  0x6bd1b442e6938357c2d22ca548f37766dd011744  prob=0.023825  raw=0.002507
11:30:11 [super]   # 3163  0xb1b811ce2ff514981affb08be5626b3a2d39ac0a  prob=0.023823  raw=0.002491
11:30:11 [super]   # 3164  0x9f46000d703108281edd02b0df234b261570a192  prob=0.023813  raw=0.002405
11:30:11 [super] ------------------------------------------------------------
11:30:11 [super] events: loading market + events from cache cache/events/will-trump-pardon-changpeng-zhao-in-2025-162-949-658.pkl
11:30:12 [super] events: 22261 loaded from cache (offline-ok)
11:30:12 [super] market resolved: tokens=2 closed=True duration=188.8d  events=22261
11:30:12 [super] wallets with parsed trades: 3164
11:30:12 [super] plots: rendering top 50 wallets' trades to supercompute_willtrumppardonchangpeng_20260701_084048_plots
11:30:12 [super] plots: wrote rank01_0x37aa9ba3ac08c188b43bde8df7c911b1e8e1c860.png (12 trades)
11:30:13 [super] plots: wrote rank02_0xbfe7f475e6bf0a947224a824ce2de9fcebfad95a.png (31 trades)
11:30:13 [super] plots: wrote rank03_0xf4604a0828e571a615b53bdaa0cb2c8ee045c31f.png (32 trades)
11:30:13 [super] plots: wrote rank04_0x6e7e17cd09e2f9403dc967fdac7475b0ff762a50.png (2 trades)
11:30:13 [super] plots: wrote rank05_0x176500db77481722c5b898acaaafaa755508a60b.png (42 trades)
11:30:13 [super] plots: wrote rank06_0x98cd52d48600d6149806b50877d954f62cd146a5.png (202 trades)
11:30:14 [super] plots: wrote rank07_0xaba9685661f38e50ff226e8e761eaab8d9b13739.png (300 trades)
11:30:14 [super] plots: wrote rank08_0xcd5546a006e0a15fa64f6665ab03365a88807131.png (2 trades)
11:30:14 [super] plots: wrote rank09_0xde28593ff757ef2920ae0e0c837eafd0d1888dbd.png (10 trades)
11:30:14 [super] plots: wrote rank10_0x78cae507c94ae5bc946d390fac6c4eab569cdc46.png (12 trades)
11:30:15 [super] plots: wrote rank11_0x7a0fb229f1cc2ac8f2e42b62d0adc8d2266d5c1d.png (73 trades)
11:30:15 [super] plots: wrote rank12_0x86be72f88e5e4cff39ff47880e8770d9185d7efb.png (5 trades)
11:30:15 [super] plots: wrote rank13_0xa268d4480a3785a3297ee2dbec955bb32e66d60b.png (8 trades)
11:30:15 [super] plots: wrote rank14_0x609a193fa082b8237b3e77944a47ad1a09696c1e.png (2 trades)
11:30:16 [super] plots: wrote rank15_0x3cc9d14a3be050d8976bc4917e56c32db33eeeb2.png (7 trades)
11:30:16 [super] plots: wrote rank16_0x0d809e43222339946787728c10cfbed76a37d3a6.png (16 trades)
11:30:16 [super] plots: wrote rank17_0x7f1329ade2ec162c6f8791dad99125e0dc49801c.png (147 trades)
11:30:16 [super] plots: wrote rank18_0xbaf9b8bde26abd337a2f81efe7f63407288a26b0.png (7 trades)
11:30:17 [super] plots: wrote rank19_0x9b22bbbb31af5b9f544bb366f8392b5ed63b20de.png (8 trades)
11:30:17 [super] plots: wrote rank20_0x52f4da2ff6caf3ae55496226e6a25f7aa7ef96c7.png (22 trades)
11:30:17 [super] plots: wrote rank21_0xc458b72dd70b189a07d73e2118ff63d6d6141cff.png (9 trades)
11:30:17 [super] plots: wrote rank22_0x60673a3d6fa61da294026fd456f37898c6372e4d.png (2 trades)
11:30:18 [super] plots: wrote rank23_0x4872bea5de0d63c9762ad43dd134952a3ab6a3ee.png (40 trades)
11:30:18 [super] plots: wrote rank24_0xf4db8e7d8a60423ea2559f45c5c7f066fbc040b9.png (2 trades)
11:30:18 [super] plots: wrote rank25_0xff03161464ff3b3229bc331430a1bf7ca3ba7c3b.png (3 trades)
11:30:18 [super] plots: wrote rank26_0xed49defb36f77e74912c0ff38d2667317bad8783.png (7 trades)
11:30:18 [super] plots: wrote rank27_0x06c1d2910ea748c47db6b745acf40301fe8a2727.png (47 trades)
11:30:19 [super] plots: wrote rank28_0xb4800380e14685277d619324096bdfd69da342dc.png (5 trades)
11:30:19 [super] plots: wrote rank29_0x5daf611bf660152f44c1f7dd8cb3384b824796b5.png (3 trades)
11:30:19 [super] plots: wrote rank30_0x73234e1ff1d5478eafdb8da0d9ce5f40c5a1d0fc.png (15 trades)
11:30:19 [super] plots: wrote rank31_0xfa7416b32686d204965312dabbf2d8f65e4ef79f.png (2 trades)
11:30:20 [super] plots: wrote rank32_0xffc725fa08dc54712dddc6df7344e6a1451936b8.png (8 trades)
11:30:20 [super] plots: wrote rank33_0x71c2f6b0d989453028b7cb0afd61858f3ee34115.png (28 trades)
11:30:20 [super] plots: wrote rank34_0x5de27d424af56637bf162fc0814730008d3cee12.png (3 trades)
11:30:20 [super] plots: wrote rank35_0xdbb6684746fb5c6c84e659a1a30606ae58337e22.png (4 trades)
11:30:21 [super] plots: wrote rank36_0xaf28c510bb8e1c212913cf272a2e003ed847d4c6.png (2 trades)
11:30:21 [super] plots: wrote rank37_0xdcb19a9f2ce21b6073ee96addb107e3ccc4f1ebf.png (11 trades)
11:30:21 [super] plots: wrote rank38_0xdb8bfca9dcf710a7b07a42fa0eb2c5a72e6f8d25.png (2 trades)
11:30:21 [super] plots: wrote rank39_0xdf52f29300bb186a6e8931d3d58f53ebf95329b7.png (12 trades)
11:30:22 [super] plots: wrote rank40_0x06335c305d038a05fc0e2da1314719883ee7d7d9.png (5 trades)
11:30:22 [super] plots: wrote rank41_0xa26cfe6701c6e930fd09453ad80e09915ffd2876.png (2 trades)
11:30:22 [super] plots: wrote rank42_0x8c62dc0a981453ed117d850bd05007782000527b.png (47 trades)
11:30:22 [super] plots: wrote rank43_0x6b1d02532a9ee174fa13719fa049bef831aa4a8c.png (6 trades)
11:30:22 [super] plots: wrote rank44_0x729474de1c15326d1c7a2a92e09c0dc012971760.png (2 trades)
11:30:23 [super] plots: wrote rank45_0xb92f92d21443681ec740d5b04b3a5a9679cd129c.png (2 trades)
11:30:23 [super] plots: wrote rank46_0x3f1796822c53e6061abab0393b7923bb3ad06bc6.png (2 trades)
11:30:23 [super] plots: wrote rank47_0x4feb194d3d16d404f0d85534a3be11b4ec85149b.png (3 trades)
11:30:23 [super] plots: wrote rank48_0x84ed22516696d4997351738e8678b4618042011b.png (2 trades)
11:30:24 [super] plots: wrote rank49_0xa9627cd7b190d4d3547840ccd76e39d819ee8978.png (5 trades)
11:30:24 [super] plots: wrote rank50_0x0861a063fb88396fcbe31a53cc24459ea8ade48c.png (2 trades)
11:30:24 [super] plots: 50/50 PNGs written to supercompute_willtrumppardonchangpeng_20260701_084048_plots
11:30:24 [super] ============================================================
11:30:24 [super] DONE: 50 plots written to supercompute_willtrumppardonchangpeng_20260701_084048_plots
11:30:24 [super] log saved to supercompute_willtrumppardonchangpeng_20260701_113011.log
