10:07:58 [super] ============================================================
10:07:58 [super] supercompute starting, log=supercompute_willdraftkingslaunchapre_20260701_100758.log
10:07:58 [super] market=will-draftkings-launch-a-prediction-market-in-2025  jobs=16  meta_jobs=8  top_n=all
10:07:59 [super] model=xgb_insider_25ir_latest.json  features=30 (20 behavioral + 10 metadata)  calibrator=yes  threshold=0.1
10:07:59 [super] known-insider wallets for funder signal: 0
10:07:59 [super] events: cache miss -> resolving market + fetching (needs internet)...
10:09:35 [super] events: fetched 23117 in 96.2s
10:09:35 [super] events: cached to cache/events/will-draftkings-launch-a-prediction-market-in-2025.pkl
10:09:35 [super] market resolved: tokens=2 closed=True duration=71.7d
10:09:35 [super] market: closed=True final_outcome_yes=1  wallets that traded: 2749
10:09:35 [super] scoring 2749 wallets
10:09:35 [super] behavioral: 2749 wallets across 16 processes
10:12:27 [super] behavioral: 200/2749 wallets (172s)
10:15:00 [super] behavioral: 400/2749 wallets (325s)
10:16:33 [super] behavioral: 600/2749 wallets (418s)
10:19:03 [super] behavioral: 800/2749 wallets (568s)
10:20:43 [super] behavioral: 1000/2749 wallets (667s)
10:23:05 [super] behavioral: 1200/2749 wallets (809s)
10:24:51 [super] behavioral: 1400/2749 wallets (916s)
10:27:13 [super] behavioral: 1600/2749 wallets (1058s)
10:29:36 [super] behavioral: 1800/2749 wallets (1201s)
10:31:25 [super] behavioral: 2000/2749 wallets (1310s)
10:33:34 [super] behavioral: 2200/2749 wallets (1439s)
10:35:28 [super] behavioral: 2400/2749 wallets (1553s)
10:37:36 [super] behavioral: 2600/2749 wallets (1680s)
10:38:53 [super] behavioral: 2749/2749 wallets (1757s)
10:38:53 [super] behavioral: done in 1757.4s
10:38:53 [super] metadata: 2749 wallets across 8 threads (api_key=set)
10:43:45 [super] metadata: 200/2749 wallets (292s)
10:48:20 [super] metadata: 400/2749 wallets (567s)
10:53:44 [super] metadata: 600/2749 wallets (892s)
10:58:20 [super] metadata: 800/2749 wallets (1168s)
11:04:09 [super] metadata: 1000/2749 wallets (1517s)
11:06:33 [super] metadata failed for 0x548ceb427099bfff53700b15b77c81b257bb839b: ReadTimeout: HTTPSConnectionPool(host='api.etherscan.io', port=443): Read timed out. (read timeout=30.0)
11:06:35 [super] metadata failed for 0xb230dc6615aaa03e9231439b4634762b4d9e924a: ReadTimeout: HTTPSConnectionPool(host='api.etherscan.io', port=443): Read timed out. (read timeout=30.0)
11:06:37 [super] metadata failed for 0xe9d3e7beaf130743d8e13dc640f7be315b344a14: ReadTimeout: HTTPSConnectionPool(host='api.etherscan.io', port=443): Read timed out. (read timeout=30.0)
11:06:37 [super] metadata failed for 0xa95f45fe6ee731ae5c631402fb86852700e52bdb: ReadTimeout: HTTPSConnectionPool(host='api.etherscan.io', port=443): Read timed out. (read timeout=30.0)
11:09:02 [super] metadata: 1200/2749 wallets (1809s)
11:13:33 [super] metadata: 1400/2749 wallets (2080s)
11:14:31 [super] metadata failed for 0x02bc37f112297f24286325f15d5e23b07ff97b91: ReadTimeout: HTTPSConnectionPool(host='api.etherscan.io', port=443): Read timed out. (read timeout=30.0)
11:14:33 [super] metadata failed for 0xc5e2f4966a4a47c87b094eec96607685326125f7: ReadTimeout: HTTPSConnectionPool(host='api.etherscan.io', port=443): Read timed out. (read timeout=30.0)
11:18:30 [super] metadata: 1600/2749 wallets (2377s)
11:23:31 [super] metadata: 1800/2749 wallets (2679s)
11:27:33 [super] metadata failed for 0xe0eed76b2fec7749b4e0fcbc6c4bf3fe02f09a23: ReadTimeout: HTTPSConnectionPool(host='api.etherscan.io', port=443): Read timed out. (read timeout=30.0)
11:27:34 [super] metadata failed for 0x4b2c6402663dbe21eb1d2eda24a8598075673b85: ReadTimeout: HTTPSConnectionPool(host='api.etherscan.io', port=443): Read timed out. (read timeout=30.0)
11:28:17 [super] metadata: 2000/2749 wallets (2965s)
11:33:14 [super] metadata: 2200/2749 wallets (3261s)
11:38:06 [super] metadata: 2400/2749 wallets (3553s)
11:42:31 [super] metadata: 2600/2749 wallets (3818s)
11:46:14 [super] metadata: 2749/2749 wallets (4041s)
11:46:14 [super] metadata: done in 4041.4s
11:46:14 [super] ============================================================
11:46:14 [super] RESULT: 175/2749 wallets flagged at calibrated prob >= 0.1
11:46:14 [super] ============================================================
11:46:14 [super] wallets with volume > $1,000, ranked high->low (319 of 2749):
11:46:14 [super] * #1     0xe0c1ddebe66d07f2a0503a20e8dbb4a961e50afe  prob=0.6923 (raw=0.9861)  vol=$6,720  trades=48  first_trade=2025-12-10 18:01  winrate=0.000  n_markets_traded=1.000  herfindahl_index_markets=1.000
11:46:14 [super] * #2     0x8dc5fcff363eef19ad5f0bfce9f1fa216d456706  prob=0.6908 (raw=0.9845)  vol=$9,623  trades=51  first_trade=2025-12-04 20:06  winrate=0.000  n_markets_traded=1.000  herfindahl_index_markets=1.000
11:46:14 [super] * #3     0xd2ad216b52a5556f69b961d7f026a4cf485d08af  prob=0.6754 (raw=0.9678)  vol=$6,028  trades=32  first_trade=2025-12-15 20:16  winrate=0.143  n_markets_traded=7.000  herfindahl_index_markets=0.338
11:46:14 [super] * #4     0x7320e4af7f8b186a18a1700d2c71a330c8042dfa  prob=0.6722 (raw=0.9644)  vol=$1,536  trades=15  first_trade=2025-12-10 11:26  winrate=0.000  n_markets_traded=1.000  herfindahl_index_markets=1.000
11:46:14 [super] * #6     0x55ea982cebff271722419595e0659ef297b48d7c  prob=0.6630 (raw=0.9548)  vol=$26,232  trades=106  first_trade=2025-10-21 21:48  winrate=0.500  n_markets_traded=2.000  herfindahl_index_markets=0.860
11:46:14 [super] * #7     0xbd810a483eb846da535405a442532f86dcfe1f7f  prob=0.6550 (raw=0.9465)  vol=$79,898  trades=158  first_trade=2025-11-10 03:25  winrate=0.000  n_markets_traded=1.000  herfindahl_index_markets=1.000
11:46:14 [super] * #9     0xc37002d5a6307806d3b2fcfb3c2c205a11305c89  prob=0.6507 (raw=0.9420)  vol=$5,362  trades=75  first_trade=2025-11-10 04:49  winrate=0.000  n_markets_traded=1.000  herfindahl_index_markets=1.000
11:46:14 [super] * #17    0x13fcafbb6ad5fa8b6b77be10742929ae384e5cf5  prob=0.5826 (raw=0.8745)  vol=$2,817  trades=15  first_trade=2025-11-16 16:29  winrate=0.000  n_markets_traded=2.000  herfindahl_index_markets=0.996
11:46:14 [super] * #19    0x9d0ed2d3edb1a23914c6bf54e693340b0dac9485  prob=0.5790 (raw=0.8710)  vol=$7,271  trades=71  first_trade=2025-11-10 18:27  winrate=0.000  n_markets_traded=1.000  herfindahl_index_markets=1.000
11:46:14 [super] * #21    0x394935db91b8a03dd681bf67be9c94bbc16c753d  prob=0.5501 (raw=0.8436)  vol=$5,402  trades=65  first_trade=2025-11-20 13:22  winrate=0.000  n_markets_traded=4.000  herfindahl_index_markets=0.932
11:46:14 [super] * #27    0xbfe3e070a23d6ec45610305085c3330985f09207  prob=0.4964 (raw=0.7932)  vol=$15,404  trades=131  first_trade=2025-10-26 20:36  winrate=0.000  n_markets_traded=1.000  herfindahl_index_markets=1.000
11:46:14 [super] * #37    0x357711e318b54289b974344dc760f984d2e50e8c  prob=0.4340 (raw=0.7345)  vol=$6,159  trades=80  first_trade=2025-12-10 10:06  winrate=0.000  n_markets_traded=1.000  herfindahl_index_markets=1.000
11:46:14 [super] * #40    0x83f0fdc7ec2d9fec049b73f06a8773475456d00e  prob=0.4242 (raw=0.7251)  vol=$3,697  trades=22  first_trade=2025-12-12 19:37  winrate=0.000  n_markets_traded=1.000  herfindahl_index_markets=1.000
11:46:14 [super] * #62    0x3d97d0599dd5ef261e30840ddece3eee1b00b3a3  prob=0.3191 (raw=0.6193)  vol=$1,504  trades=17  first_trade=2025-11-21 17:03  winrate=0.000  n_markets_traded=1.000  herfindahl_index_markets=1.000
11:46:14 [super] * #64    0xdfa1ac4225bb36307f3f827ad78468d68c836890  prob=0.3147 (raw=0.6146)  vol=$5,912  trades=87  first_trade=2025-11-02 05:07  winrate=0.000  n_markets_traded=1.000  herfindahl_index_markets=1.000
11:46:14 [super] * #66    0x275cfee6b4d1da10cb6ea5b63107589e07d86090  prob=0.2900 (raw=0.5872)  vol=$1,040  trades=6  first_trade=2025-12-15 22:43  winrate=0.000  n_markets_traded=1.000  herfindahl_index_markets=1.000
11:46:14 [super] * #67    0x9d6c46e813322e05d02102f1562a23f5c8283407  prob=0.2876 (raw=0.5845)  vol=$3,668  trades=16  first_trade=2025-12-08 17:31  winrate=0.000  n_markets_traded=1.000  herfindahl_index_markets=1.000
11:46:14 [super] * #72    0x68375d2c2cde1fb0e7557e0c7d6d29e574db6d1a  prob=0.2638 (raw=0.5566)  vol=$2,841  trades=37  first_trade=2025-12-01 06:07  winrate=0.000  n_markets_traded=1.000  herfindahl_index_markets=1.000
11:46:14 [super] * #76    0xa8303b1d51c836ce7c82e44d12129096ce192502  prob=0.2565 (raw=0.5478)  vol=$21,104  trades=206  first_trade=2025-12-13 04:32  winrate=0.000  n_markets_traded=1.000  herfindahl_index_markets=1.000
11:46:14 [super] * #78    0xa9405261547e297abc3b7c946cda25a60b46d6bc  prob=0.2555 (raw=0.5466)  vol=$10,070  trades=69  first_trade=2025-11-10 04:58  winrate=0.000  n_markets_traded=1.000  herfindahl_index_markets=1.000
11:46:14 [super] * #84    0x4f1323934e1959b5b9a857f04f7f9449f2461b9b  prob=0.2305 (raw=0.5147)  vol=$21,312  trades=73  first_trade=2025-12-09 21:27  winrate=0.000  n_markets_traded=1.000  herfindahl_index_markets=1.000
11:46:14 [super] * #88    0x0bb6b9d57c22d1311f6873df8226dd6f2cb132b9  prob=0.2226 (raw=0.5042)  vol=$1,731  trades=19  first_trade=2025-11-20 23:24  winrate=0.111  n_markets_traded=9.000  herfindahl_index_markets=0.709
11:46:14 [super] * #91    0x3f9b9007ec16a3ef4a66caa21feb7b91481e0029  prob=0.2135 (raw=0.4916)  vol=$8,681  trades=35  first_trade=2025-10-22 14:34  winrate=0.286  n_markets_traded=13.000  herfindahl_index_markets=0.150
11:46:14 [super] * #103   0xcfefc712c2f448bbed4528aa57022c7bcbdd9c1e  prob=0.1770 (raw=0.4372)  vol=$9,686  trades=99  first_trade=2025-11-10 04:36  winrate=0.000  n_markets_traded=1.000  herfindahl_index_markets=1.000
11:46:14 [super] * #106   0xc0f14071d72ce702695ce734acbcf57b298e4235  prob=0.1740 (raw=0.4324)  vol=$3,225  trades=17  first_trade=2025-12-07 10:05  winrate=0.000  n_markets_traded=1.000  herfindahl_index_markets=1.000
11:46:14 [super] * #110   0x58b38ef58d1b9cc57feace8e4e879abfec7e5e3e  prob=0.1703 (raw=0.4263)  vol=$1,525  trades=15  first_trade=2025-12-12 16:20  winrate=0.000  n_markets_traded=3.000  herfindahl_index_markets=0.926
11:46:14 [super] * #114   0x3a52aa6dcc9326ccb1ff0fe8c69b5ca9268a612f  prob=0.1633 (raw=0.4146)  vol=$2,562  trades=12  first_trade=2025-12-12 09:37  winrate=0.667  n_markets_traded=3.000  herfindahl_index_markets=0.389
11:46:14 [super] * #124   0x35137cecaef86b04c9065a2123cd39f29efb3504  prob=0.1499 (raw=0.3909)  vol=$1,852  trades=19  first_trade=2025-10-22 18:31  winrate=0.000  n_markets_traded=2.000  herfindahl_index_markets=0.504
11:46:14 [super] * #126   0x51727751a22b3f61b89a9e0a143ab4e0e33731e6  prob=0.1490 (raw=0.3893)  vol=$1,144  trades=8  first_trade=2025-12-06 19:08  winrate=0.000  n_markets_traded=5.000  herfindahl_index_markets=0.324
11:46:14 [super] * #127   0x14e8ab8ec25d94ce1ed324ef553803d901fa86d9  prob=0.1487 (raw=0.3887)  vol=$12,660  trades=94  first_trade=2025-11-13 16:04  winrate=0.333  n_markets_traded=3.000  herfindahl_index_markets=0.499
11:46:14 [super] * #133   0x693329b891dd27106659da14b89f97af5a167169  prob=0.1413 (raw=0.3747)  vol=$1,192  trades=12  first_trade=2025-12-10 21:36  winrate=0.333  n_markets_traded=12.000  herfindahl_index_markets=0.174
11:46:14 [super] * #141   0x6c7d00dbfa575d39b1d0b085e2ad496b629f4cc3  prob=0.1335 (raw=0.3594)  vol=$2,965  trades=35  first_trade=2025-11-07 16:17  winrate=0.667  n_markets_traded=3.000  herfindahl_index_markets=0.364
11:46:14 [super] * #142   0xc68f372e8740b63d67da488392223545b1bf8fc2  prob=0.1328 (raw=0.3578)  vol=$2,856  trades=15  first_trade=2025-11-11 15:41  winrate=0.000  n_markets_traded=6.000  herfindahl_index_markets=0.221
11:46:14 [super] * #143   0x13134813973db95b891ccffa7fd0fa25e32485d8  prob=0.1318 (raw=0.3559)  vol=$10,218  trades=50  first_trade=2025-12-15 19:41  winrate=0.273  n_markets_traded=22.000  herfindahl_index_markets=0.243
11:46:14 [super] * #146   0xa326a0601ba1c59188695ef23e9c7d966a0c4556  prob=0.1292 (raw=0.3504)  vol=$1,835  trades=12  first_trade=2025-12-11 10:15  winrate=0.625  n_markets_traded=56.000  herfindahl_index_markets=0.052
11:46:14 [super] * #167   0x9db778f46b7c9b458045764a67ff4afcae917e1f  prob=0.1076 (raw=0.3019)  vol=$25,666  trades=13  first_trade=2025-10-21 21:56  winrate=0.000  n_markets_traded=8.000  herfindahl_index_markets=0.758
11:46:14 [super]   #178   0xd1d434371444414ce0b6cdf307e42c77b9cfd296  prob=0.0975 (raw=0.2762)  vol=$2,250  trades=39  first_trade=2025-12-16 19:58  winrate=0.000  n_markets_traded=7.000  herfindahl_index_markets=0.375
11:46:14 [super]   #179   0xec416991679af658e817cf5dbaf92efec0d4c63a  prob=0.0973 (raw=0.2758)  vol=$39,489  trades=45  first_trade=2025-10-21 22:17  winrate=0.333  n_markets_traded=3.000  herfindahl_index_markets=0.511
11:46:14 [super]   #184   0xeac66f22c1721084ea6b22190fbd6c95ac20f9f7  prob=0.0949 (raw=0.2693)  vol=$3,053  trades=44  first_trade=2025-11-20 09:00  winrate=0.000  n_markets_traded=5.000  herfindahl_index_markets=0.220
11:46:14 [super]   #191   0x3cc178735b8998e51e9e12a893107d0ed2408a93  prob=0.0915 (raw=0.2599)  vol=$2,395  trades=22  first_trade=2025-12-16 21:08  winrate=0.333  n_markets_traded=9.000  herfindahl_index_markets=0.209
11:46:14 [super]   #227   0x7a0be8217568f1d1aa26e10dbf7eb77b0e8be18d  prob=0.0794 (raw=0.2238)  vol=$2,626  trades=62  first_trade=2025-12-04 10:13  winrate=0.452  n_markets_traded=62.000  herfindahl_index_markets=0.074
11:46:14 [super]   #250   0xd69880b3173ecc9dddab3a0cb040917567d99a28  prob=0.0718 (raw=0.1983)  vol=$1,743  trades=32  first_trade=2025-12-09 23:18  winrate=0.500  n_markets_traded=8.000  herfindahl_index_markets=0.238
11:46:14 [super]   #253   0x0213419f10a3803af3f585d39e415b5372b782f6  prob=0.0709 (raw=0.1951)  vol=$13,070  trades=79  first_trade=2025-12-17 10:22  winrate=0.000  n_markets_traded=1.000  herfindahl_index_markets=1.000
11:46:14 [super]   #269   0xa840660932ac469cdaafdb68c66b6b75544bf2e7  prob=0.0687 (raw=0.1870)  vol=$45,894  trades=252  first_trade=2025-12-09 19:21  winrate=0.000  n_markets_traded=1.000  herfindahl_index_markets=1.000
11:46:14 [super]   #271   0xcb7be91850dae9b1a0a13115613a155d3521160d  prob=0.0686 (raw=0.1868)  vol=$5,341  trades=53  first_trade=2025-11-10 08:46  winrate=0.235  n_markets_traded=17.000  herfindahl_index_markets=0.098
11:46:14 [super]   #300   0x4d29e40d2d550d84f62636c3094ac14ee35f481d  prob=0.0645 (raw=0.1714)  vol=$1,374  trades=8  first_trade=2025-10-22 13:14  winrate=0.083  n_markets_traded=12.000  herfindahl_index_markets=0.406
11:46:14 [super]   #313   0x7ee2af1a94cf5982043d2043413b67f93aa9ab9e  prob=0.0632 (raw=0.1661)  vol=$2,236  trades=787  first_trade=2025-12-17 20:43  winrate=0.000  n_markets_traded=1.000  herfindahl_index_markets=1.000
11:46:14 [super]   #314   0xecd33c0e0c00fc96ff3a1252bf17d403e83f4285  prob=0.0631 (raw=0.1656)  vol=$1,750  trades=36  first_trade=2025-12-09 12:03  winrate=0.565  n_markets_traded=112.000  herfindahl_index_markets=0.025
11:46:14 [super]   #322   0x7744bfd749a70020d16a1fcbac1d064761c9999e  prob=0.0619 (raw=0.1609)  vol=$23,092  trades=52  first_trade=2025-11-17 12:34  winrate=NaN  n_markets_traded=0.000  herfindahl_index_markets=0.000
11:46:14 [super]   #326   0x627dce953a7bd0bc6a1138b251d794f18cc5cf6b  prob=0.0618 (raw=0.1605)  vol=$3,575  trades=26  first_trade=2025-12-16 19:10  winrate=0.000  n_markets_traded=6.000  herfindahl_index_markets=0.310
11:46:14 [super]   #339   0x4271f49df21a5b7589c10faa75c16e4685e2ad01  prob=0.0606 (raw=0.1558)  vol=$3,163  trades=16  first_trade=2025-12-09 14:23  winrate=0.000  n_markets_traded=1.000  herfindahl_index_markets=1.000
11:46:14 [super]   #359   0xdc702ccc322250e0adbf52e26cb4750b4ddc3e5c  prob=0.0587 (raw=0.1480)  vol=$3,051  trades=19  first_trade=2025-12-04 09:15  winrate=0.444  n_markets_traded=9.000  herfindahl_index_markets=0.239
11:46:14 [super]   #362   0xd09370aad9414257683a615693e505e2e549962b  prob=0.0581 (raw=0.1454)  vol=$70,023  trades=132  first_trade=2025-12-17 07:01  winrate=0.667  n_markets_traded=27.000  herfindahl_index_markets=0.370
11:46:14 [super]   #376   0x636d7b7f2c56697343d791448fbc0bdc6b8eacc3  prob=0.0571 (raw=0.1409)  vol=$2,711  trades=7  first_trade=2025-12-17 20:09  winrate=0.000  n_markets_traded=1.000  herfindahl_index_markets=1.000
11:46:14 [super]   #383   0xf059365bc238985c1c49adbfd09df32bdea86f38  prob=0.0566 (raw=0.1390)  vol=$22,970  trades=48  first_trade=2025-12-18 02:28  winrate=0.333  n_markets_traded=12.000  herfindahl_index_markets=0.126
11:46:14 [super]   #392   0x6404bfa37fe830e29ee8967e1c3b2a8091d5f250  prob=0.0560 (raw=0.1363)  vol=$4,330  trades=13  first_trade=2025-12-04 12:47  winrate=0.556  n_markets_traded=130.000  herfindahl_index_markets=0.031
11:46:14 [super]   #400   0xb9e0bb402830a16a9338eebe8e2ef47f1911a793  prob=0.0557 (raw=0.1350)  vol=$1,810  trades=15  first_trade=2025-11-10 19:49  winrate=0.000  n_markets_traded=6.000  herfindahl_index_markets=0.274
11:46:14 [super]   #416   0x42c0527acabb0fcbed2c34db838590390bbbfe99  prob=0.0543 (raw=0.1285)  vol=$2,099  trades=8  first_trade=2025-12-19 02:04  winrate=0.000  n_markets_traded=2.000  herfindahl_index_markets=0.592
11:46:14 [super]   #423   0x41ab5a4cee5f6405e2e901693f09a1a39abe6473  prob=0.0538 (raw=0.1261)  vol=$1,472  trades=5  first_trade=2025-11-18 04:35  winrate=0.632  n_markets_traded=19.000  herfindahl_index_markets=0.152
11:46:14 [super]   #430   0xfa27e84f225c9b9e05212d98ac11ceeba4bdf753  prob=0.0532 (raw=0.1235)  vol=$5,445  trades=70  first_trade=2025-12-18 06:50  winrate=0.000  n_markets_traded=1.000  herfindahl_index_markets=1.000
11:46:14 [super]   #437   0x2de29a2431bd66e91bdb43271fe5f2828f470fbe  prob=0.0527 (raw=0.1210)  vol=$1,352  trades=9  first_trade=2025-12-17 14:20  winrate=0.000  n_markets_traded=1.000  herfindahl_index_markets=1.000
11:46:14 [super]   #457   0xda475f640892d0014c086b7e4f25317f5778f40a  prob=0.0515 (raw=0.1156)  vol=$2,607  trades=7  first_trade=2025-12-12 17:25  winrate=0.679  n_markets_traded=81.000  herfindahl_index_markets=0.047
11:46:14 [super]   #466   0xe8454ec48b47215dca732433f2d2201f7eb79fd8  prob=0.0512 (raw=0.1142)  vol=$3,363  trades=20  first_trade=2025-12-18 01:44  winrate=0.000  n_markets_traded=2.000  herfindahl_index_markets=0.501
11:46:14 [super]   #492   0x75b535126805668be0cd81fe51477cccb441a43b  prob=0.0502 (raw=0.1090)  vol=$5,743  trades=42  first_trade=2025-12-07 16:30  winrate=0.000  n_markets_traded=2.000  herfindahl_index_markets=0.503
11:46:14 [super]   #496   0xad4e20ce7a841dbb53cd8ead45be94da7dc612f1  prob=0.0501 (raw=0.1086)  vol=$3,513  trades=22  first_trade=2025-12-12 14:12  winrate=0.333  n_markets_traded=11.000  herfindahl_index_markets=0.347
11:46:14 [super]   #523   0x357ecb1969b0a288d37e6a28223e620ef2082a0c  prob=0.0485 (raw=0.1007)  vol=$2,493  trades=22  first_trade=2025-12-06 03:42  winrate=NaN  n_markets_traded=0.000  herfindahl_index_markets=0.000
11:46:14 [super]   #539   0x4f11e8f0a369167e6131a49daa91135e15f7be8d  prob=0.0480 (raw=0.0982)  vol=$7,085  trades=32  first_trade=2025-11-15 07:35  winrate=0.000  n_markets_traded=2.000  herfindahl_index_markets=0.999
11:46:14 [super]   #542   0x0d1436519a8ba4cf9b5244d0337258e767ffc06d  prob=0.0480 (raw=0.0980)  vol=$3,551  trades=27  first_trade=2025-12-08 14:10  winrate=0.043  n_markets_traded=46.000  herfindahl_index_markets=0.157
11:46:14 [super]   #572   0x2025eb2d2249333760c6e0e10fc1cc36c069129e  prob=0.0472 (raw=0.0939)  vol=$4,583  trades=67  first_trade=2025-12-05 05:33  winrate=0.408  n_markets_traded=101.000  herfindahl_index_markets=0.079
11:46:14 [super]   #579   0x5567486d87d8fd69c875eb36208386128516aeed  prob=0.0470 (raw=0.0928)  vol=$2,742  trades=121  first_trade=2025-11-01 01:24  winrate=NaN  n_markets_traded=0.000  herfindahl_index_markets=0.000
11:46:14 [super]   #593   0x27ec9e8f2d88afe6a95350d174a4505430f127ae  prob=0.0467 (raw=0.0914)  vol=$1,226  trades=29  first_trade=2025-12-05 15:07  winrate=0.091  n_markets_traded=66.000  herfindahl_index_markets=0.434
11:46:14 [super]   #609   0xe1574208af73eea8162a07615fea994641dadbff  prob=0.0461 (raw=0.0883)  vol=$3,156  trades=43  first_trade=2025-12-07 04:58  winrate=0.375  n_markets_traded=8.000  herfindahl_index_markets=0.482
11:46:14 [super]   #614   0x860c14558195db06c3d1a2d52dc31927bae3b052  prob=0.0459 (raw=0.0872)  vol=$1,379  trades=20  first_trade=2025-12-02 14:19  winrate=0.200  n_markets_traded=5.000  herfindahl_index_markets=0.564
11:46:14 [super]   #630   0xf4165309a3b551ebb1a12edb0a0510bf62be6ec9  prob=0.0455 (raw=0.0848)  vol=$8,421  trades=237  first_trade=2025-11-25 21:35  winrate=NaN  n_markets_traded=0.000  herfindahl_index_markets=0.000
11:46:14 [super]   #631   0x22ebb90e24b8414596d542d8a57dbb43612a59d6  prob=0.0455 (raw=0.0848)  vol=$16,365  trades=21  first_trade=2025-12-19 12:42  winrate=0.784  n_markets_traded=37.000  herfindahl_index_markets=0.080
11:46:14 [super]   #651   0x0adf733b20e216a8cdcc070dd8a91b6c15058718  prob=0.0450 (raw=0.0821)  vol=$1,931  trades=32  first_trade=2025-12-13 23:01  winrate=0.000  n_markets_traded=8.000  herfindahl_index_markets=0.237
11:46:14 [super]   #676   0x1767d19a372e4625815aede4df019284e4dfcf93  prob=0.0443 (raw=0.0785)  vol=$1,573  trades=18  first_trade=2025-12-09 21:44  winrate=0.286  n_markets_traded=14.000  herfindahl_index_markets=0.319
11:46:14 [super]   #679   0x1f18d9aa30fc89e74760e1cd5c91408627f35515  prob=0.0442 (raw=0.0779)  vol=$4,268  trades=6  first_trade=2025-12-17 17:42  winrate=0.227  n_markets_traded=44.000  herfindahl_index_markets=0.091
11:46:14 [super]   #684   0x17c88b64268a80fbf8920006b23b4e0702d972a6  prob=0.0441 (raw=0.0775)  vol=$3,655  trades=75  first_trade=2025-11-18 17:09  winrate=0.455  n_markets_traded=11.000  herfindahl_index_markets=0.245
11:46:14 [super]   #697   0x929c4817e4c765a9ae72431bd4650597a5b8fe32  prob=0.0438 (raw=0.0756)  vol=$2,569  trades=41  first_trade=2025-11-10 16:34  winrate=0.154  n_markets_traded=13.000  herfindahl_index_markets=0.182
11:46:14 [super]   #708   0x409d15bfeb0970dceeaa80b249666c1574218e77  prob=0.0435 (raw=0.0739)  vol=$1,174  trades=19  first_trade=2025-12-06 18:08  winrate=0.286  n_markets_traded=7.000  herfindahl_index_markets=0.435
11:46:14 [super]   #776   0x9630915fb1bba889a3226c387a6e0663cf40b278  prob=0.0420 (raw=0.0656)  vol=$1,653  trades=10  first_trade=2025-10-21 20:19  winrate=0.444  n_markets_traded=27.000  herfindahl_index_markets=0.349
11:46:14 [super]   #796   0xe8e3e18d8b92d6d29b3449fad94003641a29f4a0  prob=0.0416 (raw=0.0630)  vol=$1,880  trades=6  first_trade=2025-11-16 16:29  winrate=0.447  n_markets_traded=208.000  herfindahl_index_markets=0.035
11:46:14 [super]   #820   0xc62a4388d2b88dd76dc372818b799087f40bc2c7  prob=0.0412 (raw=0.0607)  vol=$8,916  trades=2  first_trade=2025-12-19 12:48  winrate=0.410  n_markets_traded=35.000  herfindahl_index_markets=0.063
11:46:14 [super]   #833   0x91e8d6569f553ae6988587f5abfe4d9626610bcf  prob=0.0410 (raw=0.0594)  vol=$37,610  trades=43  first_trade=2025-12-18 22:13  winrate=0.000  n_markets_traded=1.000  herfindahl_index_markets=1.000
11:46:14 [super]   #837   0x97e810c3cab5dfa16445f4adee3ac8d5b467be6c  prob=0.0408 (raw=0.0587)  vol=$2,525  trades=20  first_trade=2025-12-18 13:56  winrate=0.222  n_markets_traded=18.000  herfindahl_index_markets=0.142
11:46:14 [super]   #850   0x85be73d277fdfc3b1b557f09cf76282c39775ec1  prob=0.0407 (raw=0.0577)  vol=$1,740  trades=5  first_trade=2025-12-07 16:30  winrate=0.091  n_markets_traded=33.000  herfindahl_index_markets=0.504
11:46:14 [super]   #873   0xf02f1afab02432f1be4df881b7253c0c27e7ff23  prob=0.0403 (raw=0.0553)  vol=$23,899  trades=57  first_trade=2025-10-22 20:13  winrate=0.487  n_markets_traded=160.000  herfindahl_index_markets=0.054
11:46:14 [super]   #874   0x80ace5b921d547663b3846cd150d68f3bca36ac9  prob=0.0403 (raw=0.0552)  vol=$17,651  trades=121  first_trade=2025-10-24 16:27  winrate=0.333  n_markets_traded=18.000  herfindahl_index_markets=0.166
11:46:14 [super]   #945   0x9e9382ff3c517bbca12789398c7904aa063dcff9  prob=0.0395 (raw=0.0502)  vol=$1,130  trades=9  first_trade=2025-12-03 00:09  winrate=0.235  n_markets_traded=17.000  herfindahl_index_markets=0.145
11:46:14 [super]   #947   0x56c950d29fbc829f4633c8b440d6891cfa5eafe7  prob=0.0394 (raw=0.0501)  vol=$3,632  trades=27  first_trade=2025-12-09 10:36  winrate=0.062  n_markets_traded=16.000  herfindahl_index_markets=0.736
11:46:14 [super]   #951   0x0060a1843fe53a54e9fdc403005da0b1ead44cc4  prob=0.0394 (raw=0.0498)  vol=$1,095  trades=20  first_trade=2025-11-11 13:54  winrate=0.508  n_markets_traded=63.000  herfindahl_index_markets=0.062
11:46:14 [super]   #957   0x61e82d62fd3ab290b484fdc6ed5be0e65e7b178b  prob=0.0393 (raw=0.0491)  vol=$4,723  trades=94  first_trade=2025-12-05 18:13  winrate=0.000  n_markets_traded=3.000  herfindahl_index_markets=0.908
11:46:14 [super]   #959   0xa9470e929af5fb12586eb9b5e29e99b3a3288a1a  prob=0.0393 (raw=0.0490)  vol=$2,535  trades=47  first_trade=2025-12-06 11:11  winrate=0.435  n_markets_traded=23.000  herfindahl_index_markets=0.128
11:46:14 [super]   #985   0x4d0e9b029700163625c551a0073636f3dc5ec45b  prob=0.0390 (raw=0.0474)  vol=$3,452  trades=14  first_trade=2025-12-19 00:54  winrate=NaN  n_markets_traded=0.000  herfindahl_index_markets=0.000
11:46:14 [super]   #993   0xc426d52b4984a20ad77216a11f1808b1dd132700  prob=0.0389 (raw=0.0465)  vol=$7,960  trades=88  first_trade=2025-12-05 17:19  winrate=NaN  n_markets_traded=0.000  herfindahl_index_markets=0.000
11:46:14 [super]   #997   0x1d9a2c92bf630cc92b1b20a950008e84aa56db3f  prob=0.0388 (raw=0.0461)  vol=$1,861  trades=27  first_trade=2025-12-06 03:30  winrate=0.575  n_markets_traded=146.000  herfindahl_index_markets=0.055
11:46:14 [super]   #1002  0x22c1eb5985e5df4fa71010e50e8a55a691548696  prob=0.0387 (raw=0.0458)  vol=$7,812  trades=30  first_trade=2025-12-06 16:53  winrate=0.444  n_markets_traded=18.000  herfindahl_index_markets=0.328
11:46:14 [super]   #1023  0x08e5544a71e2679c644458591c7eae90031a91f9  prob=0.0385 (raw=0.0444)  vol=$2,586  trades=41  first_trade=2025-12-03 00:16  winrate=0.118  n_markets_traded=17.000  herfindahl_index_markets=0.112
11:46:14 [super]   #1025  0xd8cae792b3d84d6888080401423e973337287229  prob=0.0385 (raw=0.0443)  vol=$2,641  trades=7  first_trade=2025-12-12 06:29  winrate=0.518  n_markets_traded=53.000  herfindahl_index_markets=0.079
11:46:14 [super]   #1037  0x6ce22b6a995836c09871cdc9242b094d9e15e868  prob=0.0384 (raw=0.0433)  vol=$17,784  trades=78  first_trade=2025-11-09 04:24  winrate=NaN  n_markets_traded=0.000  herfindahl_index_markets=0.000
11:46:14 [super]   #1061  0x4bc830fb6787fe9da42f9677f7f43d24cd3f63f2  prob=0.0380 (raw=0.0411)  vol=$2,429  trades=27  first_trade=2025-12-03 00:19  winrate=0.167  n_markets_traded=24.000  herfindahl_index_markets=0.152
11:46:14 [super]   #1075  0x6d3b32277cea7974403d6a0f88a587be1ab06ba5  prob=0.0379 (raw=0.0402)  vol=$1,572  trades=6  first_trade=2025-11-10 17:49  winrate=0.250  n_markets_traded=16.000  herfindahl_index_markets=0.116
11:46:14 [super]   #1083  0x99f7ec7bd961090b23b949baa45b580f471b8079  prob=0.0378 (raw=0.0395)  vol=$1,083  trades=224  first_trade=2025-12-06 01:32  winrate=0.040  n_markets_traded=25.000  herfindahl_index_markets=0.065
11:46:14 [super]   #1086  0x2f648aa5bd840dd062d3e8ece81ba7a576090b0e  prob=0.0377 (raw=0.0394)  vol=$1,323  trades=20  first_trade=2025-11-05 16:19  winrate=0.500  n_markets_traded=2.000  herfindahl_index_markets=0.544
11:46:14 [super]   #1087  0xde6f85ad8087418e5598ea1792ff4a6cda314a7b  prob=0.0377 (raw=0.0393)  vol=$2,233  trades=15  first_trade=2025-12-03 03:50  winrate=0.548  n_markets_traded=73.000  herfindahl_index_markets=0.057
11:46:14 [super]   #1099  0x5d192e52bf5dc0156e97744f8ee3d48c7fdc733a  prob=0.0376 (raw=0.0384)  vol=$11,022  trades=54  first_trade=2025-12-18 00:33  winrate=NaN  n_markets_traded=0.000  herfindahl_index_markets=0.000
11:46:14 [super]   #1110  0xd97c5c25774ee6e7ebbc4456e1eaa32f2b29aedb  prob=0.0374 (raw=0.0374)  vol=$3,643  trades=25  first_trade=2025-12-12 14:34  winrate=0.463  n_markets_traded=316.000  herfindahl_index_markets=0.011
11:46:14 [super]   #1113  0xfa323e40632edca701abc6c8cf1f82175909bd9a  prob=0.0374 (raw=0.0373)  vol=$77,449  trades=230  first_trade=2025-10-22 17:06  winrate=NaN  n_markets_traded=0.000  herfindahl_index_markets=0.000
11:46:14 [super]   #1120  0x9722b812bafd8605722785c757e2cd32c7cc5304  prob=0.0373 (raw=0.0368)  vol=$1,843  trades=30  first_trade=2025-11-08 18:29  winrate=NaN  n_markets_traded=0.000  herfindahl_index_markets=0.000
11:46:14 [super]   #1121  0xbeb9d19f10274da29f21625a2c91fa5a00fd3870  prob=0.0373 (raw=0.0368)  vol=$2,280  trades=5  first_trade=2025-12-04 23:44  winrate=0.489  n_markets_traded=47.000  herfindahl_index_markets=0.066
11:46:14 [super]   #1135  0x03c8118da338a9dafb2bae9a4e89055203a30e01  prob=0.0372 (raw=0.0360)  vol=$2,294  trades=47  first_trade=2025-10-22 15:44  winrate=NaN  n_markets_traded=0.000  herfindahl_index_markets=0.000
11:46:14 [super]   #1144  0x36fdc886f589c6b62e7f200fa94fc619edbfb70c  prob=0.0372 (raw=0.0357)  vol=$2,381  trades=191  first_trade=2025-12-12 14:30  winrate=0.727  n_markets_traded=19.000  herfindahl_index_markets=0.217
11:46:14 [super]   #1160  0x092c37c3327e8914da166e51ca9c82ddbc393175  prob=0.0371 (raw=0.0350)  vol=$1,431  trades=14  first_trade=2025-12-12 09:52  winrate=0.459  n_markets_traded=74.000  herfindahl_index_markets=0.055
11:46:14 [super]   #1178  0xbd94d25036dcd40ca464e92446c837adcd0d0b01  prob=0.0369 (raw=0.0341)  vol=$19,914  trades=113  first_trade=2025-12-05 01:00  winrate=0.463  n_markets_traded=348.000  herfindahl_index_markets=0.126
11:46:14 [super]   #1197  0x71bf1c8ad81759309ae619d658b8d0a7e92ca0b9  prob=0.0368 (raw=0.0331)  vol=$1,765  trades=13  first_trade=2025-10-25 06:28  winrate=0.222  n_markets_traded=9.000  herfindahl_index_markets=0.250
11:46:14 [super]   #1199  0x0c865f8463fbb9907bf5f4bcf49b44b5280ec4f6  prob=0.0368 (raw=0.0331)  vol=$2,871  trades=27  first_trade=2025-11-20 01:52  winrate=0.352  n_markets_traded=105.000  herfindahl_index_markets=0.041
11:46:14 [super]   #1203  0x7019594e9b02453d50c65681c1530c798b44dcef  prob=0.0367 (raw=0.0329)  vol=$1,621  trades=44  first_trade=2025-12-16 02:41  winrate=0.391  n_markets_traded=22.000  herfindahl_index_markets=0.092
11:46:14 [super]   #1227  0xee92e51827803eefc357ca0913350cf58673eaa4  prob=0.0366 (raw=0.0320)  vol=$1,971  trades=18  first_trade=2025-12-04 21:02  winrate=0.120  n_markets_traded=24.000  herfindahl_index_markets=0.155
11:46:14 [super]   #1238  0xb8c25a6c8332ec77b4a523b249d5dae810bda50e  prob=0.0365 (raw=0.0315)  vol=$2,523  trades=18  first_trade=2025-12-05 15:52  winrate=0.464  n_markets_traded=138.000  herfindahl_index_markets=0.024
11:46:14 [super]   #1269  0xc0d92c7177507c5acad54205cf8e638b64d9da5e  prob=0.0363 (raw=0.0301)  vol=$20,411  trades=35  first_trade=2025-12-12 06:38  winrate=0.745  n_markets_traded=777.000  herfindahl_index_markets=0.008
11:46:14 [super]   #1279  0xebadb1d0b6e705d9ec4a748d39413db8ff21f22b  prob=0.0363 (raw=0.0298)  vol=$4,793  trades=493  first_trade=2025-11-11 09:58  winrate=NaN  n_markets_traded=0.000  herfindahl_index_markets=0.000
11:46:14 [super]   #1280  0x6bb9b94236e10eaafe0b25afcc46d599be3e74bf  prob=0.0363 (raw=0.0298)  vol=$2,654  trades=33  first_trade=2025-12-08 05:30  winrate=0.394  n_markets_traded=104.000  herfindahl_index_markets=0.079
11:46:14 [super]   #1288  0x6e1af9b3b5314309e81ad20ad14e9b402744abda  prob=0.0362 (raw=0.0295)  vol=$3,841  trades=41  first_trade=2025-12-03 22:51  winrate=0.182  n_markets_traded=20.000  herfindahl_index_markets=0.188
11:46:14 [super]   #1289  0x06a9c50ef909e3b2960a003f7a93551018983b80  prob=0.0362 (raw=0.0295)  vol=$1,514  trades=9  first_trade=2025-12-12 10:51  winrate=0.359  n_markets_traded=145.000  herfindahl_index_markets=0.071
11:46:14 [super]   #1290  0x252118a607962578aaf7efc717917358b0f457a1  prob=0.0362 (raw=0.0295)  vol=$2,974  trades=20  first_trade=2025-12-10 17:25  winrate=0.500  n_markets_traded=4.000  herfindahl_index_markets=0.729
11:46:14 [super]   #1293  0xc8aeea557036fbb49ab54c2dfd966c661fc8f471  prob=0.0362 (raw=0.0294)  vol=$1,188  trades=31  first_trade=2025-12-04 17:22  winrate=NaN  n_markets_traded=0.000  herfindahl_index_markets=0.000
11:46:14 [super]   #1317  0x0aae5c4ec45339a64a1dd2fe4ba98c2a19eb251c  prob=0.0361 (raw=0.0283)  vol=$2,293  trades=6  first_trade=2025-12-05 22:58  winrate=NaN  n_markets_traded=0.000  herfindahl_index_markets=0.000
11:46:14 [super]   #1318  0x21c9593b82f51a2bfd9630475b6029c5ae6e1b1a  prob=0.0360 (raw=0.0283)  vol=$4,111  trades=15  first_trade=2025-11-20 17:38  winrate=0.484  n_markets_traded=31.000  herfindahl_index_markets=0.077
11:46:14 [super]   #1320  0x95d602f4b4ff6c80e7c500f39538fcb592d69aea  prob=0.0360 (raw=0.0282)  vol=$3,995  trades=70  first_trade=2025-12-03 22:49  winrate=0.082  n_markets_traded=188.000  herfindahl_index_markets=0.016
11:46:14 [super]   #1336  0x82ce70852ca2c127047fa0800a09081b43d8f38a  prob=0.0360 (raw=0.0277)  vol=$1,088  trades=2  first_trade=2025-12-17 17:06  winrate=0.450  n_markets_traded=488.000  herfindahl_index_markets=0.008
11:46:14 [super]   #1337  0x90abdcf39fcf9fe70a3b570fa0b86c61079aded1  prob=0.0360 (raw=0.0277)  vol=$2,267  trades=5  first_trade=2025-12-18 06:33  winrate=0.402  n_markets_traded=117.000  herfindahl_index_markets=0.109
11:46:14 [super]   #1372  0x06ecb7e739f5455922ce57e83284f132c7f0f845  prob=0.0357 (raw=0.0258)  vol=$56,080  trades=23  first_trade=2025-12-19 00:24  winrate=0.679  n_markets_traded=102.000  herfindahl_index_markets=0.066
11:46:14 [super]   #1373  0x146054c14863522b8bbe0b28eee05fa04219d60b  prob=0.0357 (raw=0.0258)  vol=$1,003  trades=41  first_trade=2025-12-09 08:47  winrate=0.500  n_markets_traded=32.000  herfindahl_index_markets=0.048
11:46:14 [super]   #1379  0xf73e9d00a5b5c0a483775925870ef42f72451bd0  prob=0.0357 (raw=0.0257)  vol=$1,043  trades=33  first_trade=2025-12-09 21:39  winrate=0.720  n_markets_traded=25.000  herfindahl_index_markets=0.096
11:46:14 [super]   #1398  0x9c6061667de5d457750fbbdffad60f5ef19e9c5e  prob=0.0355 (raw=0.0249)  vol=$1,414  trades=17  first_trade=2025-12-05 14:35  winrate=0.654  n_markets_traded=50.000  herfindahl_index_markets=0.069
11:46:14 [super]   #1414  0xf9362aa5a7c7d745fa16ee22fc181de6c7abf310  prob=0.0355 (raw=0.0243)  vol=$3,930  trades=33  first_trade=2025-10-22 16:03  winrate=0.569  n_markets_traded=144.000  herfindahl_index_markets=0.028
11:46:14 [super]   #1426  0x037241268d1bf4259aaeeb63b9eafa9184728404  prob=0.0354 (raw=0.0237)  vol=$2,156  trades=39  first_trade=2025-10-23 11:03  winrate=0.471  n_markets_traded=17.000  herfindahl_index_markets=0.085
11:46:14 [super]   #1430  0x68d81b530f0696cda4f2757e4af75761815aaf58  prob=0.0354 (raw=0.0236)  vol=$1,148  trades=38  first_trade=2025-11-21 22:33  winrate=0.288  n_markets_traded=66.000  herfindahl_index_markets=0.059
11:46:14 [super]   #1433  0x1e8c9a14a9fa16afe308103bbb4deb1266f96323  prob=0.0353 (raw=0.0235)  vol=$12,769  trades=28  first_trade=2025-12-19 09:47  winrate=NaN  n_markets_traded=0.000  herfindahl_index_markets=0.000
11:46:14 [super]   #1454  0x432400c09ada5137fbce9ff2cfc1ea18dc8ea086  prob=0.0352 (raw=0.0226)  vol=$9,501  trades=42  first_trade=2025-10-22 17:48  winrate=0.600  n_markets_traded=20.000  herfindahl_index_markets=0.081
11:46:14 [super]   #1465  0xc22cb5b8966cc5fd2d6ef1ec39446a397529d342  prob=0.0352 (raw=0.0222)  vol=$1,005  trades=28  first_trade=2025-12-01 06:35  winrate=0.389  n_markets_traded=18.000  herfindahl_index_markets=0.081
11:46:14 [super]   #1466  0x154794795d978c5890b3f69264311f0bd966d066  prob=0.0351 (raw=0.0221)  vol=$5,459  trades=33  first_trade=2025-10-22 12:55  winrate=NaN  n_markets_traded=0.000  herfindahl_index_markets=0.000
11:46:14 [super]   #1512  0xa7746a12c0d5b835a8491dd92f799494cf4e005f  prob=0.0350 (raw=0.0211)  vol=$1,243  trades=9  first_trade=2025-11-11 01:14  winrate=NaN  n_markets_traded=0.000  herfindahl_index_markets=0.000
11:46:14 [super]   #1518  0x4278f7e5cb5f2d68d204d7403270c79cb07e0e92  prob=0.0350 (raw=0.0210)  vol=$9,697  trades=95  first_trade=2025-12-10 17:23  winrate=0.547  n_markets_traded=121.000  herfindahl_index_markets=0.016
11:46:14 [super]   #1533  0xef454622826c556b7d099cde57f846e39f83666f  prob=0.0349 (raw=0.0205)  vol=$4,373  trades=15  first_trade=2025-12-12 21:12  winrate=0.476  n_markets_traded=21.000  herfindahl_index_markets=0.358
11:46:14 [super]   #1534  0x69891b1481e34384a0d564e5976b50270304b412  prob=0.0349 (raw=0.0204)  vol=$4,432  trades=22  first_trade=2025-12-06 20:49  winrate=NaN  n_markets_traded=0.000  herfindahl_index_markets=0.000
11:46:14 [super]   #1569  0x830aac2b31925ddc019a7a53f3112b71ff02b479  prob=0.0347 (raw=0.0192)  vol=$2,554  trades=6  first_trade=2025-12-08 11:52  winrate=0.375  n_markets_traded=8.000  herfindahl_index_markets=0.459
11:46:14 [super]   #1590  0x8b848fcd84a1dfb6d056ea135f39bb3f95b85061  prob=0.0346 (raw=0.0184)  vol=$1,301  trades=27  first_trade=2025-12-07 09:49  winrate=0.401  n_markets_traded=177.000  herfindahl_index_markets=0.024
11:46:14 [super]   #1597  0xea2986f56a8c0c2e2cd4991ad2ea6469ea5343e3  prob=0.0346 (raw=0.0183)  vol=$9,845  trades=1832  first_trade=2025-12-10 16:24  winrate=NaN  n_markets_traded=0.000  herfindahl_index_markets=0.000
11:46:14 [super]   #1600  0x7897fadaa1941032d26fe094fab8b8f1f7924239  prob=0.0346 (raw=0.0182)  vol=$1,576  trades=28  first_trade=2025-12-13 09:42  winrate=0.500  n_markets_traded=240.000  herfindahl_index_markets=0.026
11:46:14 [super]   #1611  0x7131cb618fb195c70e8e629c45199096833c29cc  prob=0.0345 (raw=0.0179)  vol=$132,840  trades=82  first_trade=2025-12-19 00:28  winrate=0.615  n_markets_traded=51.000  herfindahl_index_markets=0.079
11:46:14 [super]   #1628  0x993f451b6d5c21996b1bf688493cea9c4c823ee3  prob=0.0345 (raw=0.0174)  vol=$1,792  trades=9  first_trade=2025-12-13 16:23  winrate=NaN  n_markets_traded=0.000  herfindahl_index_markets=0.000
11:46:14 [super]   #1632  0x9ddfa4d5b954379a03d19f87df36b9820b862c83  prob=0.0344 (raw=0.0173)  vol=$2,804  trades=33  first_trade=2025-12-17 11:30  winrate=NaN  n_markets_traded=0.000  herfindahl_index_markets=0.000
11:46:14 [super]   #1647  0xe4ca3841ade21e05cbd5786dd5feea5d65c01383  prob=0.0344 (raw=0.0169)  vol=$1,218  trades=120  first_trade=2025-10-21 22:15  winrate=NaN  n_markets_traded=0.000  herfindahl_index_markets=0.000
11:46:14 [super]   #1650  0xfd5294de1d526489fede36ee0e43ae4779050c2f  prob=0.0344 (raw=0.0169)  vol=$1,998  trades=4  first_trade=2025-12-19 13:07  winrate=NaN  n_markets_traded=0.000  herfindahl_index_markets=0.000
11:46:14 [super]   #1661  0x81a604f2bab77dd0d69a73ca8f93fc39a23f9c48  prob=0.0344 (raw=0.0166)  vol=$1,805  trades=43  first_trade=2025-12-10 09:56  winrate=0.473  n_markets_traded=283.000  herfindahl_index_markets=0.018
11:46:14 [super]   #1664  0x82147e52ff6f18d3d55d98f59f260ee5be5aef72  prob=0.0343 (raw=0.0165)  vol=$21,808  trades=356  first_trade=2025-12-06 09:47  winrate=NaN  n_markets_traded=0.000  herfindahl_index_markets=0.000
11:46:14 [super]   #1668  0x15740055904cab8a8b743f2f6f5428122f8764c9  prob=0.0343 (raw=0.0164)  vol=$4,715  trades=35  first_trade=2025-12-12 16:22  winrate=NaN  n_markets_traded=0.000  herfindahl_index_markets=0.000
11:46:14 [super]   #1675  0x5fc50816f1592dabeaf8a9a7d83ca94edce5610e  prob=0.0343 (raw=0.0163)  vol=$1,013  trades=38  first_trade=2025-12-07 19:10  winrate=NaN  n_markets_traded=0.000  herfindahl_index_markets=0.000
11:46:14 [super]   #1697  0x96c6740f9b58c5a38c9172147cd6266da06c34a2  prob=0.0343 (raw=0.0160)  vol=$6,140  trades=23  first_trade=2025-12-19 11:57  winrate=0.451  n_markets_traded=64.000  herfindahl_index_markets=0.080
11:46:14 [super]   #1707  0xe24c5759b8b613954038598a25408336911afde7  prob=0.0342 (raw=0.0158)  vol=$2,538  trades=26  first_trade=2025-12-16 06:20  winrate=0.447  n_markets_traded=37.000  herfindahl_index_markets=0.104
11:46:14 [super]   #1709  0xf38fc0626996c11c1acbef70ec3063e56abf4f52  prob=0.0342 (raw=0.0158)  vol=$1,677  trades=30  first_trade=2025-12-07 09:49  winrate=NaN  n_markets_traded=0.000  herfindahl_index_markets=0.000
11:46:14 [super]   #1731  0x1cc5309ef73fe8fa6bfa6c6c7de272a89f1a7c0a  prob=0.0342 (raw=0.0154)  vol=$1,918  trades=8  first_trade=2025-11-21 13:25  winrate=NaN  n_markets_traded=0.000  herfindahl_index_markets=0.000
11:46:14 [super]   #1747  0x62282066855cbb97bc72837b8aa90f3ef14a7a9d  prob=0.0341 (raw=0.0151)  vol=$2,491  trades=17  first_trade=2025-12-10 16:49  winrate=0.765  n_markets_traded=98.000  herfindahl_index_markets=0.070
11:46:14 [super]   #1755  0x5eb0cd907aa0b7b4df11552e817570e265ea5012  prob=0.0341 (raw=0.0150)  vol=$6,815  trades=34  first_trade=2025-11-07 01:34  winrate=NaN  n_markets_traded=0.000  herfindahl_index_markets=0.000
11:46:14 [super]   #1761  0x68c9623b8224c66632aded8159b7111614404c60  prob=0.0341 (raw=0.0149)  vol=$2,573  trades=41  first_trade=2025-11-08 12:43  winrate=NaN  n_markets_traded=0.000  herfindahl_index_markets=0.000
11:46:14 [super]   #1768  0xe598435df0cdf5d22bdd5082d557f75f9180a0a8  prob=0.0341 (raw=0.0148)  vol=$3,894  trades=2  first_trade=2025-12-19 12:46  winrate=NaN  n_markets_traded=0.000  herfindahl_index_markets=0.000
11:46:14 [super]   #1769  0x3abffa6d0b8a22423a66064ca458499225feb143  prob=0.0341 (raw=0.0148)  vol=$4,466  trades=77  first_trade=2025-12-05 14:13  winrate=NaN  n_markets_traded=0.000  herfindahl_index_markets=0.000
11:46:14 [super]   #1772  0xf8be921a7922a4d22280cc6fdf8eefeff6ddc8d1  prob=0.0341 (raw=0.0147)  vol=$7,463  trades=74  first_trade=2025-11-15 23:19  winrate=NaN  n_markets_traded=0.000  herfindahl_index_markets=0.000
11:46:14 [super]   #1797  0x34b16f87b09dfed7c6ee596b4816653fc387bc54  prob=0.0340 (raw=0.0142)  vol=$2,331  trades=20  first_trade=2025-11-10 12:40  winrate=0.541  n_markets_traded=60.000  herfindahl_index_markets=0.048
11:46:14 [super]   #1812  0x9f3bffa303cae4be865820d6dfcd841991c83222  prob=0.0340 (raw=0.0140)  vol=$1,988  trades=15  first_trade=2025-12-15 07:29  winrate=0.458  n_markets_traded=24.000  herfindahl_index_markets=0.274
11:46:14 [super]   #1817  0xb8e4a4551d2c6b080ae5a523ff1f0cae8e922dae  prob=0.0340 (raw=0.0139)  vol=$5,222  trades=80  first_trade=2025-12-04 21:02  winrate=NaN  n_markets_traded=0.000  herfindahl_index_markets=0.000
11:46:14 [super]   #1830  0xcebfb65b59b4348b5b0d74e27fdaf6b5cec99e38  prob=0.0339 (raw=0.0137)  vol=$1,560  trades=20  first_trade=2025-10-22 13:42  winrate=0.175  n_markets_traded=103.000  herfindahl_index_markets=0.045
11:46:14 [super]   #1833  0x1ff712bba34fcb22a497b8f744048483bedf87a4  prob=0.0339 (raw=0.0136)  vol=$1,807  trades=57  first_trade=2025-10-22 07:22  winrate=0.480  n_markets_traded=176.000  herfindahl_index_markets=0.176
11:46:14 [super]   #1834  0x298bd3180261795702354b1f40658a77928ccf03  prob=0.0339 (raw=0.0136)  vol=$8,005  trades=22  first_trade=2025-12-19 07:58  winrate=0.190  n_markets_traded=21.000  herfindahl_index_markets=0.344
11:46:14 [super]   #1855  0xe18237fa7de9111636c18479ce81322c76edb624  prob=0.0339 (raw=0.0135)  vol=$1,070  trades=22  first_trade=2025-12-13 17:34  winrate=NaN  n_markets_traded=0.000  herfindahl_index_markets=0.000
11:46:14 [super]   #1862  0x6581d5afc2096568c7a579288873abc369d60206  prob=0.0339 (raw=0.0134)  vol=$3,520  trades=7  first_trade=2025-12-15 08:49  winrate=0.674  n_markets_traded=43.000  herfindahl_index_markets=0.112
11:46:14 [super]   #1879  0x0d1b2f6717174042266e5431c70c06cd9bb17156  prob=0.0339 (raw=0.0132)  vol=$2,723  trades=19  first_trade=2025-12-16 06:45  winrate=NaN  n_markets_traded=0.000  herfindahl_index_markets=0.000
11:46:14 [super]   #1901  0xacc8e9dcabf9d65a5c78e3bec6941ed53a2b7d08  prob=0.0338 (raw=0.0128)  vol=$1,126  trades=10  first_trade=2025-12-14 04:59  winrate=NaN  n_markets_traded=0.000  herfindahl_index_markets=0.000
11:46:14 [super]   #1909  0xec593b3c1a9a0ed15e597dc4ea09cafbffe3bb35  prob=0.0338 (raw=0.0127)  vol=$1,751  trades=44  first_trade=2025-12-15 19:50  winrate=NaN  n_markets_traded=0.000  herfindahl_index_markets=0.000
11:46:14 [super]   #1913  0x58aa47a2e3e0396f8c09259d87990db12e56a481  prob=0.0338 (raw=0.0126)  vol=$5,813  trades=19  first_trade=2025-12-17 17:06  winrate=0.490  n_markets_traded=148.000  herfindahl_index_markets=0.039
11:46:14 [super]   #1918  0x597eb42c1dd2f4cb3704f7c2998848db38e4cd70  prob=0.0338 (raw=0.0125)  vol=$3,354  trades=17  first_trade=2025-12-06 22:32  winrate=0.387  n_markets_traded=93.000  herfindahl_index_markets=0.051
11:46:14 [super]   #1930  0xb6ceb2b08d010100fc25bc9430ce757048e2454a  prob=0.0337 (raw=0.0123)  vol=$2,749  trades=97  first_trade=2025-12-19 01:42  winrate=0.129  n_markets_traded=31.000  herfindahl_index_markets=0.327
11:46:14 [super]   #1938  0x47ae6d13566c3418c4795c98ced1f197575eee94  prob=0.0337 (raw=0.0122)  vol=$6,947  trades=124  first_trade=2025-12-15 06:06  winrate=NaN  n_markets_traded=0.000  herfindahl_index_markets=0.000
11:46:14 [super]   #1939  0xd748c701ad93cfec32a3420e10f3b08e68612125  prob=0.0337 (raw=0.0122)  vol=$16,775  trades=40  first_trade=2025-12-19 06:53  winrate=NaN  n_markets_traded=0.000  herfindahl_index_markets=0.000
11:46:14 [super]   #1940  0x848ff26abfcda84d423dfa95cb441422f404ffd8  prob=0.0337 (raw=0.0122)  vol=$2,904  trades=15  first_trade=2025-12-18 01:30  winrate=NaN  n_markets_traded=0.000  herfindahl_index_markets=0.000
11:46:14 [super]   #1942  0x6c16abad96d6989efe1b0333cb9af9158f548bfa  prob=0.0337 (raw=0.0122)  vol=$1,426  trades=9  first_trade=2025-10-21 21:54  winrate=NaN  n_markets_traded=0.000  herfindahl_index_markets=0.000
11:46:14 [super]   #1944  0x30aa29eb9ac88f0e55f33800061b373879f52bdd  prob=0.0337 (raw=0.0121)  vol=$3,260  trades=35  first_trade=2025-12-12 17:25  winrate=0.359  n_markets_traded=63.000  herfindahl_index_markets=0.054
11:46:14 [super]   #1950  0x22e645acff2bbb2cd7a74462f8779eb6f53d409f  prob=0.0337 (raw=0.0120)  vol=$2,625  trades=9  first_trade=2025-11-07 19:56  winrate=NaN  n_markets_traded=0.000  herfindahl_index_markets=0.000
11:46:14 [super]   #1969  0x8f7a4b414417911e7e9bd738399874792cdbdb40  prob=0.0336 (raw=0.0116)  vol=$7,336  trades=23  first_trade=2025-10-21 23:54  winrate=NaN  n_markets_traded=0.000  herfindahl_index_markets=0.000
11:46:14 [super]   #1971  0x4e20952835fd9b3d3203022d02e8e952412e04e2  prob=0.0336 (raw=0.0116)  vol=$2,248  trades=14  first_trade=2025-11-26 08:52  winrate=0.273  n_markets_traded=44.000  herfindahl_index_markets=0.114
11:46:14 [super]   #1974  0xcc2982e3fbbcaf9af9fa373fa3ae392fd9457774  prob=0.0336 (raw=0.0115)  vol=$1,461  trades=8  first_trade=2025-10-17 03:39  winrate=NaN  n_markets_traded=0.000  herfindahl_index_markets=0.000
11:46:14 [super]   #1985  0x662244931c392df70bd064fa91f838eea0bfd7a9  prob=0.0336 (raw=0.0113)  vol=$63,110  trades=262  first_trade=2025-12-10 17:32  winrate=0.297  n_markets_traded=101.000  herfindahl_index_markets=0.056
11:46:14 [super]   #1988  0xf0f6b5ac824ea202d312f46e7f701eeae354f699  prob=0.0336 (raw=0.0113)  vol=$1,847  trades=46  first_trade=2025-10-09 03:51  winrate=NaN  n_markets_traded=0.000  herfindahl_index_markets=0.000
11:46:14 [super]   #2004  0x65d45d1454cadae706511ec883cfb2d8ab0fb7e3  prob=0.0336 (raw=0.0110)  vol=$1,157  trades=12  first_trade=2025-11-24 21:45  winrate=0.583  n_markets_traded=12.000  herfindahl_index_markets=0.164
11:46:14 [super]   #2005  0x79add3f87e377b0899b935472c07d2c3816ba9f1  prob=0.0336 (raw=0.0110)  vol=$12,705  trades=22  first_trade=2025-12-19 00:41  winrate=0.456  n_markets_traded=121.000  herfindahl_index_markets=0.069
11:46:14 [super]   #2009  0x45bf79563bf51674c00d7f0212d6100f99939563  prob=0.0336 (raw=0.0109)  vol=$18,374  trades=7  first_trade=2025-12-19 12:49  winrate=0.800  n_markets_traded=79.000  herfindahl_index_markets=0.057
11:46:14 [super]   #2016  0xa25361571af2c343a1118ba3d3c0d8ec2faf7630  prob=0.0335 (raw=0.0107)  vol=$2,322  trades=2  first_trade=2025-12-12 14:12  winrate=0.408  n_markets_traded=125.000  herfindahl_index_markets=0.018
11:46:14 [super]   #2024  0x6adcccb0ea0b93a66e67f0d7b2b625b135a8beba  prob=0.0335 (raw=0.0105)  vol=$10,450  trades=17  first_trade=2025-12-19 00:21  winrate=NaN  n_markets_traded=0.000  herfindahl_index_markets=0.000
11:46:14 [super]   #2033  0x2d195d282bc56f113b8c2b8259d895f6f1b591e3  prob=0.0335 (raw=0.0103)  vol=$1,244  trades=18  first_trade=2025-12-05 17:32  winrate=0.568  n_markets_traded=44.000  herfindahl_index_markets=0.121
11:46:14 [super]   #2035  0xbacd00c9080a82ded56f504ee8810af732b0ab35  prob=0.0335 (raw=0.0103)  vol=$37,197  trades=506  first_trade=2025-10-22 14:52  winrate=NaN  n_markets_traded=0.000  herfindahl_index_markets=0.000
11:46:14 [super]   #2036  0x8f13db915cca106e6330e8a39996c0a875d8daae  prob=0.0335 (raw=0.0103)  vol=$16,853  trades=311  first_trade=2025-10-23 04:39  winrate=NaN  n_markets_traded=0.000  herfindahl_index_markets=0.000
11:46:14 [super]   #2039  0x8b4410e877fa826c7e986dfb30a5be73d72163fb  prob=0.0335 (raw=0.0102)  vol=$5,615  trades=446  first_trade=2025-10-21 22:58  winrate=NaN  n_markets_traded=0.000  herfindahl_index_markets=0.000
11:46:14 [super]   #2046  0x4b786ddc5c56d0429094bedd15320def5b464d2f  prob=0.0334 (raw=0.0101)  vol=$5,657  trades=50  first_trade=2025-12-12 13:04  winrate=NaN  n_markets_traded=0.000  herfindahl_index_markets=0.000
11:46:14 [super]   #2052  0xe103707480b4f1625bce4084795f91ac503459fd  prob=0.0334 (raw=0.0100)  vol=$25,088  trades=219  first_trade=2025-10-22 13:33  winrate=NaN  n_markets_traded=0.000  herfindahl_index_markets=0.000
11:46:14 [super]   #2054  0x9e1c1f91fd5ee35bc63ea015c7633cf30e7ce87a  prob=0.0334 (raw=0.0099)  vol=$4,965  trades=49  first_trade=2025-12-13 18:30  winrate=0.477  n_markets_traded=88.000  herfindahl_index_markets=0.095
11:46:14 [super]   #2066  0x1e3a86ef98030e7e0519e127d8178e9b45389e14  prob=0.0334 (raw=0.0097)  vol=$1,241  trades=7  first_trade=2025-12-18 03:26  winrate=NaN  n_markets_traded=0.000  herfindahl_index_markets=0.000
11:46:14 [super]   #2070  0x375191b48ef5761e0c621b8e4a5374e964937dfd  prob=0.0334 (raw=0.0096)  vol=$5,912  trades=37  first_trade=2025-10-21 22:19  winrate=0.419  n_markets_traded=186.000  herfindahl_index_markets=0.061
11:46:14 [super]   #2079  0x6a45e9027e32366c60c5e8943906c161ab38dd1d  prob=0.0333 (raw=0.0094)  vol=$2,396  trades=13  first_trade=2025-10-22 23:32  winrate=0.385  n_markets_traded=26.000  herfindahl_index_markets=0.091
11:46:14 [super]   #2084  0x6b0ebbef2630b9a0da35594bf7ddd1911246e3ea  prob=0.0333 (raw=0.0094)  vol=$21,969  trades=1839  first_trade=2025-11-08 21:26  winrate=NaN  n_markets_traded=0.000  herfindahl_index_markets=0.000
11:46:14 [super]   #2087  0xf0b0ef1d6320c6be896b4c9c54dd74407e7f8cab  prob=0.0333 (raw=0.0093)  vol=$6,143  trades=422  first_trade=2025-10-10 02:35  winrate=NaN  n_markets_traded=0.000  herfindahl_index_markets=0.000
11:46:14 [super]   #2088  0x21ffd2b7a212a6f277ed3eca1a9f8efcbca90d71  prob=0.0333 (raw=0.0093)  vol=$18,462  trades=586  first_trade=2025-10-09 23:43  winrate=NaN  n_markets_traded=0.000  herfindahl_index_markets=0.000
11:46:14 [super]   #2093  0x90b6d240c4f365583351f6b8975686c19a98a1b0  prob=0.0333 (raw=0.0092)  vol=$6,678  trades=110  first_trade=2025-11-24 07:24  winrate=0.333  n_markets_traded=36.000  herfindahl_index_markets=0.211
11:46:14 [super]   #2094  0x58c85b9a2f357cb32d92cbb6443d552148060300  prob=0.0333 (raw=0.0092)  vol=$9,410  trades=928  first_trade=2025-11-08 15:53  winrate=NaN  n_markets_traded=0.000  herfindahl_index_markets=0.000
11:46:14 [super]   #2095  0x4bfb41d5b3570defd03c39a9a4d8de6bd8b8982e  prob=0.0333 (raw=0.0092)  vol=$1,004,537  trades=7657  first_trade=2025-10-08 23:51  winrate=NaN  n_markets_traded=0.000  herfindahl_index_markets=0.000
11:46:14 [super]   #2104  0xad231899cc99ec3ddbb53926eb1fbef6c3f747c4  prob=0.0333 (raw=0.0090)  vol=$2,445  trades=34  first_trade=2025-12-06 17:40  winrate=NaN  n_markets_traded=0.000  herfindahl_index_markets=0.000
11:46:14 [super]   #2112  0xbad26fe5458e6219cec3e40272760e275e835296  prob=0.0333 (raw=0.0090)  vol=$1,562  trades=12  first_trade=2025-12-19 01:23  winrate=NaN  n_markets_traded=0.000  herfindahl_index_markets=0.000
11:46:14 [super]   #2116  0xe41923ce5451c6b7b6ffe30ebda24c0e88ca5839  prob=0.0333 (raw=0.0090)  vol=$6,093  trades=95  first_trade=2025-11-10 08:46  winrate=NaN  n_markets_traded=0.000  herfindahl_index_markets=0.000
11:46:14 [super]   #2121  0x9a43ef13a80f1e6b16b27ad4275f9ffd53c92fce  prob=0.0333 (raw=0.0089)  vol=$1,149  trades=15  first_trade=2025-12-09 04:58  winrate=0.444  n_markets_traded=36.000  herfindahl_index_markets=0.091
11:46:14 [super]   #2135  0xecb14ac6e9ca447ce2f2912e6217b43d7b655da3  prob=0.0333 (raw=0.0088)  vol=$16,374  trades=7  first_trade=2025-12-19 02:59  winrate=NaN  n_markets_traded=0.000  herfindahl_index_markets=0.000
11:46:14 [super]   #2140  0x1cfc260bfa2b5ae89377863180ca3b4f5c862111  prob=0.0332 (raw=0.0087)  vol=$3,427  trades=152  first_trade=2025-10-09 03:34  winrate=NaN  n_markets_traded=0.000  herfindahl_index_markets=0.000
11:46:14 [super]   #2142  0x75e765216a57942d738d880ffcda854d9f869080  prob=0.0332 (raw=0.0086)  vol=$22,548  trades=87  first_trade=2025-10-23 17:28  winrate=NaN  n_markets_traded=0.000  herfindahl_index_markets=0.000
11:46:14 [super]   #2143  0x0a793254e040027c5d1ca0c2f87cda8e22228e05  prob=0.0332 (raw=0.0086)  vol=$1,256  trades=16  first_trade=2025-12-13 09:42  winrate=0.731  n_markets_traded=26.000  herfindahl_index_markets=0.145
11:46:14 [super]   #2146  0x3078db4a9737866b4d6529f655025b3a20f80389  prob=0.0332 (raw=0.0086)  vol=$1,037  trades=282  first_trade=2025-10-22 13:05  winrate=NaN  n_markets_traded=0.000  herfindahl_index_markets=0.000
11:46:14 [super]   #2152  0x20322d5ab3ce70a98ef4c484c62a94147217d577  prob=0.0332 (raw=0.0085)  vol=$2,344  trades=11  first_trade=2025-12-02 15:44  winrate=0.562  n_markets_traded=145.000  herfindahl_index_markets=0.064
11:46:14 [super]   #2156  0xff9152ac8cb6260419ea8940248177083aceab3a  prob=0.0332 (raw=0.0084)  vol=$6,131  trades=34  first_trade=2025-12-18 23:58  winrate=NaN  n_markets_traded=0.000  herfindahl_index_markets=0.000
11:46:14 [super]   #2169  0x1513ef4b6b9709d6cb698b4cae7f2e777e24831a  prob=0.0332 (raw=0.0082)  vol=$4,045  trades=37  first_trade=2025-12-05 01:53  winrate=0.441  n_markets_traded=32.000  herfindahl_index_markets=0.092
11:46:14 [super]   #2175  0x24ded84d901a743cfee095f8082b0f9f647183cb  prob=0.0332 (raw=0.0082)  vol=$1,304  trades=6  first_trade=2025-12-19 09:09  winrate=NaN  n_markets_traded=0.000  herfindahl_index_markets=0.000
11:46:14 [super]   #2176  0xecf4d3d0a960f0f4460761fe4672a14479799979  prob=0.0332 (raw=0.0082)  vol=$1,325  trades=17  first_trade=2025-10-22 11:48  winrate=NaN  n_markets_traded=0.000  herfindahl_index_markets=0.000
11:46:14 [super]   #2177  0xff8d0802cc8792475d82c788a1c6bde6a98e57dc  prob=0.0332 (raw=0.0082)  vol=$1,077  trades=33  first_trade=2025-11-10 20:55  winrate=0.250  n_markets_traded=44.000  herfindahl_index_markets=0.110
11:46:14 [super]   #2180  0xbdd11cc911ec8ed95887e56dc253d70cb36b0c4f  prob=0.0332 (raw=0.0081)  vol=$1,266  trades=57  first_trade=2025-10-22 14:35  winrate=NaN  n_markets_traded=0.000  herfindahl_index_markets=0.000
11:46:14 [super]   #2183  0xe0a2f29b1fadb2259111bbeca392d3805ec4a349  prob=0.0332 (raw=0.0081)  vol=$2,628  trades=104  first_trade=2025-12-05 02:40  winrate=NaN  n_markets_traded=0.000  herfindahl_index_markets=0.000
11:46:14 [super]   #2192  0x4d4815122c826e1ca6bc5d63f36e3b3a0c5c66ab  prob=0.0332 (raw=0.0080)  vol=$4,382  trades=39  first_trade=2025-12-15 09:24  winrate=0.641  n_markets_traded=336.000  herfindahl_index_markets=0.024
11:46:14 [super]   #2198  0x1a090610aedb4f378e07c4526904b4dc91d1af0f  prob=0.0331 (raw=0.0080)  vol=$61,425  trades=44  first_trade=2025-12-19 00:54  winrate=0.310  n_markets_traded=29.000  herfindahl_index_markets=0.134
11:46:14 [super]   #2199  0xefde9ff487fae209ab6e3157a8acb4276f9c783d  prob=0.0331 (raw=0.0079)  vol=$5,289  trades=59  first_trade=2025-10-09 12:12  winrate=NaN  n_markets_traded=0.000  herfindahl_index_markets=0.000
11:46:14 [super]   #2203  0x99bce72fb855cc8eebe6c85683ede46da1784f35  prob=0.0331 (raw=0.0079)  vol=$1,253  trades=71  first_trade=2025-10-21 21:48  winrate=NaN  n_markets_traded=0.000  herfindahl_index_markets=0.000
11:46:14 [super]   #2205  0x66ec7b196f8ee6797d15b43c47ebbc80f06f8c18  prob=0.0331 (raw=0.0079)  vol=$1,552  trades=17  first_trade=2025-12-18 02:41  winrate=0.259  n_markets_traded=27.000  herfindahl_index_markets=0.156
11:46:14 [super]   #2211  0x9e88f359b9803e41420fbb13385c5ae1765c301c  prob=0.0331 (raw=0.0079)  vol=$1,472  trades=29  first_trade=2025-10-22 00:23  winrate=NaN  n_markets_traded=0.000  herfindahl_index_markets=0.000
11:46:14 [super]   #2222  0x58f505950ae2d9fc76c906d6372b01f60fe3be7b  prob=0.0331 (raw=0.0077)  vol=$10,793  trades=20  first_trade=2025-12-12 10:32  winrate=0.530  n_markets_traded=66.000  herfindahl_index_markets=0.134
11:46:14 [super]   #2232  0x0624cbab36f51f39cd9a86133189326d7f38053f  prob=0.0331 (raw=0.0076)  vol=$36,890  trades=80  first_trade=2025-12-10 12:43  winrate=0.413  n_markets_traded=172.000  herfindahl_index_markets=0.051
11:46:14 [super]   #2242  0x39d0f1dca6fb7e5514858c1a337724a426764fe8  prob=0.0331 (raw=0.0074)  vol=$9,838  trades=30  first_trade=2025-12-19 01:42  winrate=NaN  n_markets_traded=0.000  herfindahl_index_markets=0.000
11:46:14 [super]   #2244  0xe0dbdb7f005f233f4510e4ef7e53a2f76a8df44e  prob=0.0331 (raw=0.0074)  vol=$2,849  trades=36  first_trade=2025-12-09 23:11  winrate=NaN  n_markets_traded=0.000  herfindahl_index_markets=0.000
11:46:14 [super]   #2249  0x872ec2644addbbf526744d8e3cb6b0356c0b73d7  prob=0.0331 (raw=0.0074)  vol=$1,298  trades=19  first_trade=2025-12-12 14:32  winrate=0.312  n_markets_traded=48.000  herfindahl_index_markets=0.047
11:46:14 [super]   #2254  0xb2ed7f83c9ab634923c6147b449ecbb838212a85  prob=0.0331 (raw=0.0073)  vol=$1,230  trades=11  first_trade=2025-12-12 23:50  winrate=NaN  n_markets_traded=0.000  herfindahl_index_markets=0.000
11:46:14 [super]   #2257  0x0cf24bfc520bfe2012ba8c7e51298ad272e1423a  prob=0.0331 (raw=0.0073)  vol=$1,173  trades=32  first_trade=2025-12-11 06:13  winrate=0.356  n_markets_traded=101.000  herfindahl_index_markets=0.027
11:46:14 [super]   #2260  0x1f85e6e3e41e5f1fe03f6cf22a52ae4e352ea51b  prob=0.0330 (raw=0.0072)  vol=$4,421  trades=42  first_trade=2025-11-23 06:18  winrate=NaN  n_markets_traded=0.000  herfindahl_index_markets=0.000
11:46:14 [super]   #2261  0xf797d4d1c038d1eb0593edae0e66bf8e4b2e0bf2  prob=0.0330 (raw=0.0072)  vol=$1,868  trades=29  first_trade=2025-10-22 13:42  winrate=NaN  n_markets_traded=0.000  herfindahl_index_markets=0.000
11:46:14 [super]   #2271  0x86fed9c73709df21982ddccd7f6ebf6b1878025c  prob=0.0330 (raw=0.0071)  vol=$1,291  trades=24  first_trade=2025-12-18 06:56  winrate=0.641  n_markets_traded=38.000  herfindahl_index_markets=0.056
11:46:14 [super]   #2277  0xdd225a03cd7ed89e3931906c67c75ab31cf89ef1  prob=0.0330 (raw=0.0070)  vol=$206,885  trades=258  first_trade=2025-11-08 04:01  winrate=NaN  n_markets_traded=0.000  herfindahl_index_markets=0.000
11:46:14 [super]   #2283  0xdf933b45bf02e6f10002da22ea32a7cff08fbdc8  prob=0.0330 (raw=0.0070)  vol=$1,023  trades=16  first_trade=2025-12-10 12:21  winrate=0.579  n_markets_traded=301.000  herfindahl_index_markets=0.023
11:46:14 [super]   #2284  0xf9ff5d428a647787675057924e161ff03093f3f3  prob=0.0330 (raw=0.0070)  vol=$1,911  trades=29  first_trade=2025-12-11 19:57  winrate=0.000  n_markets_traded=8.000  herfindahl_index_markets=0.147
11:46:14 [super]   #2297  0xe154165732b79548f7533fc45168b102dd7a0b7f  prob=0.0330 (raw=0.0068)  vol=$1,186  trades=17  first_trade=2025-12-05 01:59  winrate=NaN  n_markets_traded=0.000  herfindahl_index_markets=0.000
11:46:14 [super]   #2306  0xbb9c165825e9f233d1f611b50b193fe94513072b  prob=0.0330 (raw=0.0067)  vol=$47,188  trades=104  first_trade=2025-12-18 18:18  winrate=NaN  n_markets_traded=0.000  herfindahl_index_markets=0.000
11:46:14 [super]   #2314  0x1c3cbb2b86adc310ecde3945e641595557d08f25  prob=0.0330 (raw=0.0067)  vol=$14,102  trades=33  first_trade=2025-12-19 11:25  winrate=0.475  n_markets_traded=40.000  herfindahl_index_markets=0.112
11:46:14 [super]   #2315  0xdaef2be2a19ad331737d06545f85615b094554e9  prob=0.0330 (raw=0.0067)  vol=$3,059  trades=19  first_trade=2025-11-10 04:32  winrate=NaN  n_markets_traded=0.000  herfindahl_index_markets=0.000
11:46:14 [super]   #2320  0xd5b97d08ec6098407bfbf66c2786ccc9967fe44e  prob=0.0330 (raw=0.0066)  vol=$1,080  trades=16  first_trade=2025-10-09 07:54  winrate=NaN  n_markets_traded=0.000  herfindahl_index_markets=0.000
11:46:14 [super]   #2333  0xb51b3beffd13cde071ed799e70a7b0b598e8b4d9  prob=0.0330 (raw=0.0066)  vol=$11,274  trades=112  first_trade=2025-10-09 20:54  winrate=NaN  n_markets_traded=0.000  herfindahl_index_markets=0.000
11:46:14 [super]   #2337  0x614dc8d3542c12103d2c6a3553fd761e391d1546  prob=0.0330 (raw=0.0065)  vol=$30,704  trades=31  first_trade=2025-12-19 11:50  winrate=NaN  n_markets_traded=0.000  herfindahl_index_markets=0.000
11:46:14 [super]   #2338  0xe6c9eee27de792a9fdcdd322822452625d0f975e  prob=0.0330 (raw=0.0065)  vol=$4,320  trades=822  first_trade=2025-12-09 20:27  winrate=NaN  n_markets_traded=0.000  herfindahl_index_markets=0.000
11:46:14 [super]   #2344  0xf1f9a438f2697381b4ac8eb283d6f4dd772d1245  prob=0.0329 (raw=0.0065)  vol=$12,978  trades=93  first_trade=2025-12-02 19:53  winrate=NaN  n_markets_traded=0.000  herfindahl_index_markets=0.000
11:46:14 [super]   #2352  0x094e3e7c5486ca7f5efd45de09857b873c70f10b  prob=0.0329 (raw=0.0065)  vol=$2,324  trades=27  first_trade=2025-10-10 02:35  winrate=NaN  n_markets_traded=0.000  herfindahl_index_markets=0.000
11:46:14 [super]   #2358  0xec751cdcdbc06b18064e8e88846077949c588786  prob=0.0329 (raw=0.0065)  vol=$2,074  trades=23  first_trade=2025-12-08 17:33  winrate=0.379  n_markets_traded=161.000  herfindahl_index_markets=0.038
11:46:14 [super]   #2361  0x1ee9a5fc09665909c0cce297c581703bfbb9197f  prob=0.0329 (raw=0.0065)  vol=$19,181  trades=137  first_trade=2025-11-08 16:48  winrate=NaN  n_markets_traded=0.000  herfindahl_index_markets=0.000
11:46:14 [super]   #2367  0x44c1dfe43260c94ed4f1d00de2e1f80fb113ebc1  prob=0.0329 (raw=0.0064)  vol=$34,621  trades=17  first_trade=2025-12-19 01:19  winrate=NaN  n_markets_traded=0.000  herfindahl_index_markets=0.000
11:46:14 [super]   #2387  0x9dfe2f73d3c988a9d69df8fa0beb85651340b3dd  prob=0.0329 (raw=0.0063)  vol=$1,321  trades=10  first_trade=2025-10-22 14:35  winrate=NaN  n_markets_traded=0.000  herfindahl_index_markets=0.000
11:46:14 [super]   #2393  0x1b4b6a8b8612833c6f418667eebf8a188cbbb93c  prob=0.0329 (raw=0.0063)  vol=$1,067  trades=33  first_trade=2025-12-10 00:12  winrate=NaN  n_markets_traded=0.000  herfindahl_index_markets=0.000
11:46:14 [super]   #2396  0x24c8cf69a0e0a17eee21f69d29752bfa32e823e1  prob=0.0329 (raw=0.0063)  vol=$1,328  trades=10  first_trade=2025-12-05 02:14  winrate=NaN  n_markets_traded=0.000  herfindahl_index_markets=0.000
11:46:14 [super]   #2404  0x7662cd8c98d43715cd8f1fa311672377a4427930  prob=0.0329 (raw=0.0063)  vol=$1,031  trades=21  first_trade=2025-11-14 06:38  winrate=0.576  n_markets_traded=89.000  herfindahl_index_markets=0.051
11:46:14 [super]   #2406  0x7a146c5e70c092d06be27097a5c770b49d0bd748  prob=0.0329 (raw=0.0063)  vol=$21,598  trades=125  first_trade=2025-12-04 12:42  winrate=NaN  n_markets_traded=0.000  herfindahl_index_markets=0.000
11:46:14 [super]   #2419  0xc8ab97a9089a9ff7e6ef0688e6e591a066946418  prob=0.0329 (raw=0.0062)  vol=$1,620  trades=21  first_trade=2025-10-11 01:15  winrate=NaN  n_markets_traded=0.000  herfindahl_index_markets=0.000
11:46:14 [super]   #2422  0x014040fe22a26b3165c7925f5a61332144319510  prob=0.0329 (raw=0.0062)  vol=$81,245  trades=203  first_trade=2025-12-18 07:41  winrate=0.475  n_markets_traded=59.000  herfindahl_index_markets=0.107
11:46:14 [super]   #2424  0x5188fa0e8a77e87bc6a58e6781fdfc4e165cc804  prob=0.0329 (raw=0.0062)  vol=$37,339  trades=228  first_trade=2025-12-05 12:55  winrate=NaN  n_markets_traded=0.000  herfindahl_index_markets=0.000
11:46:14 [super]   #2426  0x4da698d2d19cea802d1128efc8b9aee2df5559fa  prob=0.0329 (raw=0.0062)  vol=$1,589  trades=4  first_trade=2025-12-18 03:41  winrate=0.440  n_markets_traded=116.000  herfindahl_index_markets=0.025
11:46:14 [super]   #2445  0x7b5887dcffa32af1ec155a8835c48b4e948aeb2b  prob=0.0329 (raw=0.0061)  vol=$1,613  trades=7  first_trade=2025-12-19 07:46  winrate=NaN  n_markets_traded=0.000  herfindahl_index_markets=0.000
11:46:14 [super]   #2448  0x14c32680ffc318892e0d019181e4161aa34cdf68  prob=0.0329 (raw=0.0061)  vol=$6,426  trades=2  first_trade=2025-12-19 12:24  winrate=NaN  n_markets_traded=0.000  herfindahl_index_markets=0.000
11:46:14 [super]   #2456  0x5a4074a7e688892779cb0ca392f3508ac0764093  prob=0.0329 (raw=0.0061)  vol=$15,939  trades=128  first_trade=2025-12-07 17:47  winrate=NaN  n_markets_traded=0.000  herfindahl_index_markets=0.000
11:46:14 [super]   #2458  0xbfb3b7bd96f923fc22ecc8fb416d4dc5d3b24b43  prob=0.0329 (raw=0.0061)  vol=$1,439  trades=20  first_trade=2025-11-13 11:08  winrate=NaN  n_markets_traded=0.000  herfindahl_index_markets=0.000
11:46:14 [super]   #2460  0xe4c45c8b9c8c0effd7b42d28a7ef8a99cd5083e3  prob=0.0329 (raw=0.0061)  vol=$7,853  trades=50  first_trade=2025-11-17 07:00  winrate=0.381  n_markets_traded=21.000  herfindahl_index_markets=0.101
11:46:14 [super]   #2461  0x0974d7a915229cb770fb43ac46f360dcf964003d  prob=0.0329 (raw=0.0061)  vol=$1,208  trades=34  first_trade=2025-12-14 06:57  winrate=NaN  n_markets_traded=0.000  herfindahl_index_markets=0.000
11:46:14 [super]   #2477  0x91fc54f2ae283dd4454b0bf52c8b208dedc20109  prob=0.0329 (raw=0.0060)  vol=$1,829  trades=61  first_trade=2025-11-10 08:46  winrate=NaN  n_markets_traded=0.000  herfindahl_index_markets=0.000
11:46:14 [super]   #2478  0xa9b44dca52ed35e59ac2a6f49d1203b8155464ed  prob=0.0329 (raw=0.0060)  vol=$2,044  trades=2  first_trade=2025-12-19 12:29  winrate=NaN  n_markets_traded=0.000  herfindahl_index_markets=0.000
11:46:14 [super]   #2483  0x6087d1cf398c22eb2070a266cf371cb0e93153c2  prob=0.0329 (raw=0.0060)  vol=$3,635  trades=13  first_trade=2025-12-16 20:05  winrate=0.509  n_markets_traded=165.000  herfindahl_index_markets=0.097
11:46:14 [super]   #2484  0xf0ed9e68e6cd3ee712260abeaec32de56a7d47d8  prob=0.0329 (raw=0.0060)  vol=$1,149  trades=18  first_trade=2025-12-12 03:05  winrate=NaN  n_markets_traded=0.000  herfindahl_index_markets=0.000
11:46:14 [super]   #2491  0x7253c6ad13c23d35c69f626c34404470103889ed  prob=0.0329 (raw=0.0059)  vol=$1,032  trades=18  first_trade=2025-10-22 16:08  winrate=0.498  n_markets_traded=218.000  herfindahl_index_markets=0.029
11:46:14 [super]   #2494  0x5cd5c8d7a17c78d7389d8b87b611aed83322ac33  prob=0.0329 (raw=0.0059)  vol=$2,869  trades=16  first_trade=2025-12-08 03:08  winrate=NaN  n_markets_traded=0.000  herfindahl_index_markets=0.000
11:46:14 [super]   #2496  0x816ff6b6823770a6458535d196c16999875bacbc  prob=0.0329 (raw=0.0059)  vol=$2,170  trades=10  first_trade=2025-12-03 07:35  winrate=0.105  n_markets_traded=19.000  herfindahl_index_markets=0.150
11:46:14 [super]   #2497  0x6df6e2a9ba1e8d7609daada0a83138817f4a8458  prob=0.0329 (raw=0.0059)  vol=$22,458  trades=187  first_trade=2025-11-03 19:05  winrate=NaN  n_markets_traded=0.000  herfindahl_index_markets=0.000
11:46:14 [super]   #2499  0x09dfd39ee5164e47e2a561634c8317fd7ec35ca9  prob=0.0329 (raw=0.0059)  vol=$1,240  trades=2  first_trade=2025-11-06 08:35  winrate=0.557  n_markets_traded=232.000  herfindahl_index_markets=0.010
11:46:14 [super]   #2513  0x011bed81b48056b2761f3576e9a5f0b229a1e44d  prob=0.0329 (raw=0.0058)  vol=$15,916  trades=104  first_trade=2025-12-12 14:43  winrate=NaN  n_markets_traded=0.000  herfindahl_index_markets=0.000
11:46:14 [super]   #2516  0x644b6e48414e55628e29449ef6f9d6df26dd2145  prob=0.0328 (raw=0.0058)  vol=$1,013  trades=5  first_trade=2025-11-21 08:08  winrate=0.423  n_markets_traded=314.000  herfindahl_index_markets=0.007
11:46:14 [super]   #2517  0x0e0263cb4cbacfa6033dd3f682652dc3bb74b1c5  prob=0.0328 (raw=0.0058)  vol=$5,229  trades=26  first_trade=2025-12-19 03:56  winrate=0.402  n_markets_traded=102.000  herfindahl_index_markets=0.026
11:46:14 [super]   #2534  0x95888938131cfb0cac04b9f00a6d45fa8b2dd801  prob=0.0328 (raw=0.0057)  vol=$3,430  trades=35  first_trade=2025-12-19 02:59  winrate=0.111  n_markets_traded=45.000  herfindahl_index_markets=0.078
11:46:14 [super]   #2536  0x8a4c2715e56ac2bb58f8a6851d29f2479fb648ae  prob=0.0328 (raw=0.0057)  vol=$3,735  trades=42  first_trade=2025-12-18 04:55  winrate=0.290  n_markets_traded=31.000  herfindahl_index_markets=0.099
11:46:14 [super]   #2548  0xb10047d6a254b2ebb306d7a7d13bf59171ab6461  prob=0.0328 (raw=0.0056)  vol=$12,584  trades=69  first_trade=2025-12-02 23:48  winrate=NaN  n_markets_traded=0.000  herfindahl_index_markets=0.000
11:46:14 [super]   #2561  0xf7f50fb554d1f4cdca763d4bab30612de4bc2587  prob=0.0328 (raw=0.0056)  vol=$2,859  trades=9  first_trade=2025-12-17 09:07  winrate=0.429  n_markets_traded=14.000  herfindahl_index_markets=0.119
11:46:14 [super]   #2579  0x7c3db723f1d4d8cb9c550095203b686cb11e5c6b  prob=0.0328 (raw=0.0055)  vol=$10,339  trades=16  first_trade=2025-12-19 02:44  winrate=NaN  n_markets_traded=0.000  herfindahl_index_markets=0.000
11:46:14 [super]   #2584  0x0224bb9eb0a5c9fd261ac9123a72cbdd5748292a  prob=0.0328 (raw=0.0055)  vol=$27,609  trades=4  first_trade=2025-12-19 13:19  winrate=NaN  n_markets_traded=0.000  herfindahl_index_markets=0.000
11:46:14 [super]   #2587  0x2892ea81ccc646db98819a1c7ac03c56227d71dd  prob=0.0328 (raw=0.0054)  vol=$1,008  trades=39  first_trade=2025-11-03 02:48  winrate=NaN  n_markets_traded=0.000  herfindahl_index_markets=0.000
11:46:14 [super]   #2591  0x421bf8e567f99bb544f317f38fe71719dbb6ac12  prob=0.0328 (raw=0.0054)  vol=$93,231  trades=9  first_trade=2025-12-19 13:20  winrate=NaN  n_markets_traded=0.000  herfindahl_index_markets=0.000
11:46:14 [super]   #2596  0xb1fea3922a1998248cf2ae51f740b9be2bb7423a  prob=0.0328 (raw=0.0054)  vol=$1,310  trades=29  first_trade=2025-11-25 16:09  winrate=NaN  n_markets_traded=0.000  herfindahl_index_markets=0.000
11:46:14 [super]   #2600  0xc974c6ab4032e89aef89bf2489709905ef41eb16  prob=0.0328 (raw=0.0054)  vol=$6,537  trades=8  first_trade=2025-12-19 12:46  winrate=NaN  n_markets_traded=0.000  herfindahl_index_markets=0.000
11:46:14 [super]   #2608  0xc6dd722558dbfbd8fa780efcbe819ed8c6604b9f  prob=0.0328 (raw=0.0053)  vol=$3,050  trades=8  first_trade=2025-12-19 12:27  winrate=NaN  n_markets_traded=0.000  herfindahl_index_markets=0.000
11:46:14 [super]   #2615  0x465a35c281148a2f7af8b92d2a1f4da03742ca63  prob=0.0328 (raw=0.0053)  vol=$2,400  trades=3  first_trade=2025-12-19 13:19  winrate=NaN  n_markets_traded=0.000  herfindahl_index_markets=0.000
11:46:14 [super]   #2621  0x3eecdf8460fe9631de23f7f867a61d69a21d8f96  prob=0.0328 (raw=0.0053)  vol=$1,886  trades=35  first_trade=2025-12-10 19:40  winrate=0.316  n_markets_traded=38.000  herfindahl_index_markets=0.044
11:46:14 [super]   #2627  0x57b00c3ccef1b6bd6962fb9ca463c4e0b38e76f4  prob=0.0328 (raw=0.0052)  vol=$3,354  trades=47  first_trade=2025-12-13 08:11  winrate=NaN  n_markets_traded=0.000  herfindahl_index_markets=0.000
11:46:14 [super]   #2631  0x605d80660ed7cc251961373123f152e5fcbc52de  prob=0.0328 (raw=0.0052)  vol=$2,025  trades=14  first_trade=2025-12-15 21:52  winrate=NaN  n_markets_traded=0.000  herfindahl_index_markets=0.000
11:46:14 [super]   #2637  0xf9bc1213939cb81410d19d823391dff1c26dd5f1  prob=0.0328 (raw=0.0051)  vol=$5,728  trades=44  first_trade=2025-12-05 07:42  winrate=0.312  n_markets_traded=32.000  herfindahl_index_markets=0.100
11:46:14 [super]   #2649  0x8056189d56833ce5b3945dea9149b62c5111b64d  prob=0.0328 (raw=0.0051)  vol=$5,130  trades=50  first_trade=2025-12-09 22:36  winrate=NaN  n_markets_traded=0.000  herfindahl_index_markets=0.000
11:46:14 [super]   #2651  0x6828e04b468e17d92fa1e5d60d59290278a81056  prob=0.0328 (raw=0.0051)  vol=$2,749  trades=60  first_trade=2025-10-22 19:03  winrate=NaN  n_markets_traded=0.000  herfindahl_index_markets=0.000
11:46:14 [super]   #2672  0x85b9e9226c56d4f2a3ff92c56b745f42498f906d  prob=0.0327 (raw=0.0050)  vol=$3,143  trades=33  first_trade=2025-12-12 10:13  winrate=NaN  n_markets_traded=0.000  herfindahl_index_markets=0.000
11:46:14 [super]   #2676  0x47f5552f4a63666606d7fbc15f9a66e4d7d2934d  prob=0.0327 (raw=0.0050)  vol=$7,359  trades=71  first_trade=2025-12-06 15:37  winrate=NaN  n_markets_traded=0.000  herfindahl_index_markets=0.000
11:46:14 [super]   #2685  0xbc605ab11e44f0b09762313f2cdfb6b25514af79  prob=0.0327 (raw=0.0050)  vol=$9,821  trades=136  first_trade=2025-12-04 11:18  winrate=NaN  n_markets_traded=0.000  herfindahl_index_markets=0.000
11:46:14 [super]   #2691  0xb7b3ed1c02a77a200b600ac407747be2f3b79573  prob=0.0327 (raw=0.0049)  vol=$1,549  trades=11  first_trade=2025-12-02 10:09  winrate=NaN  n_markets_traded=0.000  herfindahl_index_markets=0.000
11:46:14 [super]   #2693  0x532bcaee0dd4d4ad0ef80361277d15627787dd2d  prob=0.0327 (raw=0.0049)  vol=$1,504  trades=10  first_trade=2025-12-08 18:50  winrate=NaN  n_markets_traded=0.000  herfindahl_index_markets=0.000
11:46:14 [super]   #2710  0x6d828157379b72256a23acde685f97a36dd07d33  prob=0.0327 (raw=0.0048)  vol=$1,822  trades=12  first_trade=2025-11-09 11:29  winrate=NaN  n_markets_traded=0.000  herfindahl_index_markets=0.000
11:46:14 [super]   #2722  0x60d18d444868e6eddd3bb7238efdcda591190c8f  prob=0.0327 (raw=0.0047)  vol=$2,006  trades=22  first_trade=2025-12-11 21:29  winrate=NaN  n_markets_traded=0.000  herfindahl_index_markets=0.000
11:46:14 [super]   #2742  0xd22956654da03aa5505a2355596d34f223befcd6  prob=0.0327 (raw=0.0044)  vol=$1,024  trades=8  first_trade=2025-12-09 10:36  winrate=NaN  n_markets_traded=0.000  herfindahl_index_markets=0.000
11:46:14 [super]   #2744  0x9d84ce0306f8551e02efef1680475fc0f1dc1344  prob=0.0327 (raw=0.0044)  vol=$4,957  trades=54  first_trade=2025-10-09 06:22  winrate=NaN  n_markets_traded=0.000  herfindahl_index_markets=0.000
11:46:14 [super] ============================================================
11:46:14 [super] per-wallet scores, ranked high->low (showing 2749 of 2749):
11:46:14 [super] * #1     0xe0c1ddebe66d07f2a0503a20e8dbb4a961e50afe  prob=0.6923 (raw=0.9861)  vol=$6,720  trades=48  first_trade=2025-12-10 18:01  winrate=0.000  n_markets_traded=1.000  herfindahl_index_markets=1.000
11:46:14 [super] * #2     0x8dc5fcff363eef19ad5f0bfce9f1fa216d456706  prob=0.6908 (raw=0.9845)  vol=$9,623  trades=51  first_trade=2025-12-04 20:06  winrate=0.000  n_markets_traded=1.000  herfindahl_index_markets=1.000
11:46:14 [super] * #3     0xd2ad216b52a5556f69b961d7f026a4cf485d08af  prob=0.6754 (raw=0.9678)  vol=$6,028  trades=32  first_trade=2025-12-15 20:16  winrate=0.143  n_markets_traded=7.000  herfindahl_index_markets=0.338
11:46:14 [super] * #4     0x7320e4af7f8b186a18a1700d2c71a330c8042dfa  prob=0.6722 (raw=0.9644)  vol=$1,536  trades=15  first_trade=2025-12-10 11:26  winrate=0.000  n_markets_traded=1.000  herfindahl_index_markets=1.000
11:46:14 [super] * #5     0x5546f0cea3510e7ff3f098ffbd8e38db9d2c9b24  prob=0.6668 (raw=0.9588)  vol=$8  trades=2  first_trade=2025-12-16 08:47  winrate=0.000  n_markets_traded=2.000  herfindahl_index_markets=0.997
11:46:14 [super] * #6     0x55ea982cebff271722419595e0659ef297b48d7c  prob=0.6630 (raw=0.9548)  vol=$26,232  trades=106  first_trade=2025-10-21 21:48  winrate=0.500  n_markets_traded=2.000  herfindahl_index_markets=0.860
11:46:14 [super] * #7     0xbd810a483eb846da535405a442532f86dcfe1f7f  prob=0.6550 (raw=0.9465)  vol=$79,898  trades=158  first_trade=2025-11-10 03:25  winrate=0.000  n_markets_traded=1.000  herfindahl_index_markets=1.000
11:46:14 [super] * #8     0xe744061988303929d6d9289fb168e0576498a38f  prob=0.6540 (raw=0.9454)  vol=$659  trades=8  first_trade=2025-12-17 17:40  winrate=0.000  n_markets_traded=1.000  herfindahl_index_markets=1.000
11:46:14 [super] * #9     0xc37002d5a6307806d3b2fcfb3c2c205a11305c89  prob=0.6507 (raw=0.9420)  vol=$5,362  trades=75  first_trade=2025-11-10 04:49  winrate=0.000  n_markets_traded=1.000  herfindahl_index_markets=1.000
11:46:14 [super] * #10    0x44c2f518cbd0ada57dd37433cfb4902974206ab4  prob=0.6466 (raw=0.9378)  vol=$2  trades=2  first_trade=2025-11-09 08:12  winrate=0.000  n_markets_traded=4.000  herfindahl_index_markets=0.436
11:46:14 [super] * #11    0x12ce3890e874db41eef1ffaf74d0cae6059fb9d0  prob=0.6303 (raw=0.9212)  vol=$239  trades=5  first_trade=2025-11-09 10:30  winrate=0.000  n_markets_traded=2.000  herfindahl_index_markets=0.998
11:46:14 [super] * #12    0x039a30e6685c0eb12477b385a1f25fb3cfeb5e22  prob=0.6047 (raw=0.8960)  vol=$3  trades=1  first_trade=2025-11-30 10:58  winrate=0.400  n_markets_traded=5.000  herfindahl_index_markets=0.874
11:46:14 [super] * #13    0x44e45692525997813fef1a5a959fa0efc08a7626  prob=0.6041 (raw=0.8953)  vol=$750  trades=4  first_trade=2025-12-04 06:18  winrate=0.333  n_markets_traded=3.000  herfindahl_index_markets=0.942
11:46:14 [super] * #14    0x514d963f30712c701fc874f87ee6847557384200  prob=0.5974 (raw=0.8888)  vol=$149  trades=3  first_trade=2025-12-10 08:46  winrate=0.000  n_markets_traded=1.000  herfindahl_index_markets=1.000
11:46:14 [super] * #15    0x6dd0313d00ee02f77112f8e9c0d676fc614941a1  prob=0.5906 (raw=0.8822)  vol=$75  trades=3  first_trade=2025-12-11 10:09  winrate=0.000  n_markets_traded=2.000  herfindahl_index_markets=0.680
11:46:14 [super] * #16    0x9045d26a02004f32b02514f138d8d31b3503aea5  prob=0.5839 (raw=0.8757)  vol=$4  trades=2  first_trade=2025-12-19 10:07  winrate=0.000  n_markets_traded=2.000  herfindahl_index_markets=0.997
11:46:14 [super] * #17    0x13fcafbb6ad5fa8b6b77be10742929ae384e5cf5  prob=0.5826 (raw=0.8745)  vol=$2,817  trades=15  first_trade=2025-11-16 16:29  winrate=0.000  n_markets_traded=2.000  herfindahl_index_markets=0.996
11:46:14 [super] * #18    0x6a2999256809ddeb954dd4aad8e79c2acaa93a3a  prob=0.5801 (raw=0.8721)  vol=$23  trades=2  first_trade=2025-11-11 07:36  winrate=0.000  n_markets_traded=4.000  herfindahl_index_markets=0.265
11:46:14 [super] * #19    0x9d0ed2d3edb1a23914c6bf54e693340b0dac9485  prob=0.5790 (raw=0.8710)  vol=$7,271  trades=71  first_trade=2025-11-10 18:27  winrate=0.000  n_markets_traded=1.000  herfindahl_index_markets=1.000
11:46:14 [super] * #20    0xb6be5c4fb88f771b7ff34f8566d6220cdf97a901  prob=0.5735 (raw=0.8658)  vol=$2  trades=2  first_trade=2025-11-09 08:14  winrate=0.000  n_markets_traded=1.000  herfindahl_index_markets=1.000
11:46:14 [super] * #21    0x394935db91b8a03dd681bf67be9c94bbc16c753d  prob=0.5501 (raw=0.8436)  vol=$5,402  trades=65  first_trade=2025-11-20 13:22  winrate=0.000  n_markets_traded=4.000  herfindahl_index_markets=0.932
11:46:14 [super] * #22    0xd12e437e37f9ecd7e37ce86ad3f5f932c95bb562  prob=0.5493 (raw=0.8428)  vol=$4  trades=2  first_trade=2025-11-12 13:27  winrate=0.000  n_markets_traded=2.000  herfindahl_index_markets=0.500
11:46:14 [super] * #23    0x1d41cbe4b082948c1571b2c722959ae364309d2b  prob=0.5369 (raw=0.8312)  vol=$4  trades=2  first_trade=2025-12-16 12:55  winrate=0.000  n_markets_traded=2.000  herfindahl_index_markets=0.674
11:46:14 [super] * #24    0x20a2d525dbd477bf3bfd75d3cd1af487c4e8d1ae  prob=0.5309 (raw=0.8255)  vol=$4  trades=3  first_trade=2025-12-10 07:35  winrate=0.250  n_markets_traded=8.000  herfindahl_index_markets=0.935
11:46:14 [super] * #25    0x4b0f2e9693dbd622aa221752ea762eaf5176c34f  prob=0.5290 (raw=0.8237)  vol=$597  trades=11  first_trade=2025-11-13 23:04  winrate=0.000  n_markets_traded=1.000  herfindahl_index_markets=1.000
11:46:14 [super] * #26    0xc313a0a24538ce004bfcd8194fc82421d20b8b1f  prob=0.5285 (raw=0.8232)  vol=$2  trades=2  first_trade=2025-11-11 11:13  winrate=0.333  n_markets_traded=3.000  herfindahl_index_markets=0.333
11:46:14 [super] * #27    0xbfe3e070a23d6ec45610305085c3330985f09207  prob=0.4964 (raw=0.7932)  vol=$15,404  trades=131  first_trade=2025-10-26 20:36  winrate=0.000  n_markets_traded=1.000  herfindahl_index_markets=1.000
11:46:14 [super] * #28    0x4a1cc3ddb155823013e69ea454428a8ca6ebaca7  prob=0.4936 (raw=0.7905)  vol=$10  trades=2  first_trade=2025-11-20 19:55  winrate=0.000  n_markets_traded=1.000  herfindahl_index_markets=1.000
11:46:14 [super] * #29    0xd663837c786701ca144b92cf51325d91b178f957  prob=0.4902 (raw=0.7874)  vol=$25  trades=3  first_trade=2025-12-05 05:21  winrate=0.000  n_markets_traded=5.000  herfindahl_index_markets=0.350
11:46:14 [super] * #30    0xa93e04f426247b49bc15241762b36021ddf88acc  prob=0.4899 (raw=0.7871)  vol=$63  trades=3  first_trade=2025-12-06 06:52  winrate=0.000  n_markets_traded=5.000  herfindahl_index_markets=0.289
11:46:14 [super] * #31    0xfee8f275fdda7f391549fd3ed331eb5befb2a594  prob=0.4879 (raw=0.7852)  vol=$8  trades=2  first_trade=2025-12-11 07:43  winrate=0.167  n_markets_traded=6.000  herfindahl_index_markets=0.316
11:46:14 [super] * #32    0x33d9a1a46977b4fe9053d6f43bd1ef37298eda92  prob=0.4638 (raw=0.7626)  vol=$1  trades=2  first_trade=2025-12-12 17:17  winrate=0.000  n_markets_traded=2.000  herfindahl_index_markets=0.500
11:46:14 [super] * #33    0x611a6ebb3f7bf30e674794770a61f400b088aa2c  prob=0.4517 (raw=0.7513)  vol=$91  trades=4  first_trade=2025-11-10 13:39  winrate=0.000  n_markets_traded=1.000  herfindahl_index_markets=1.000
11:46:14 [super] * #34    0x7543c1405b15d62c141e4160392e6c731c5fbfbd  prob=0.4498 (raw=0.7494)  vol=$20  trades=3  first_trade=2025-12-10 19:26  winrate=0.750  n_markets_traded=28.000  herfindahl_index_markets=0.063
11:46:14 [super] * #35    0x51b44c2eacce36388eff0ca8207219541ced8cb8  prob=0.4342 (raw=0.7346)  vol=$6  trades=2  first_trade=2025-11-30 11:18  winrate=0.222  n_markets_traded=9.000  herfindahl_index_markets=0.392
11:46:14 [super] * #36    0x70a23dfc0359a44a57b1b774f90285bee6e8212d  prob=0.4341 (raw=0.7346)  vol=$1  trades=2  first_trade=2025-12-16 16:57  winrate=0.250  n_markets_traded=4.000  herfindahl_index_markets=0.283
11:46:14 [super] * #37    0x357711e318b54289b974344dc760f984d2e50e8c  prob=0.4340 (raw=0.7345)  vol=$6,159  trades=80  first_trade=2025-12-10 10:06  winrate=0.000  n_markets_traded=1.000  herfindahl_index_markets=1.000
11:46:14 [super] * #38    0x1e9177b13e99d3bdf472f92f714006500f7eb142  prob=0.4304 (raw=0.7310)  vol=$5  trades=2  first_trade=2025-12-18 20:52  winrate=0.000  n_markets_traded=1.000  herfindahl_index_markets=1.000
11:46:14 [super] * #39    0xe1071f24d8ac8cb8b9e3188ddf05293e2cf4a15b  prob=0.4256 (raw=0.7265)  vol=$3  trades=2  first_trade=2025-12-12 20:44  winrate=0.000  n_markets_traded=2.000  herfindahl_index_markets=0.500
11:46:14 [super] * #40    0x83f0fdc7ec2d9fec049b73f06a8773475456d00e  prob=0.4242 (raw=0.7251)  vol=$3,697  trades=22  first_trade=2025-12-12 19:37  winrate=0.000  n_markets_traded=1.000  herfindahl_index_markets=1.000
11:46:14 [super] * #41    0x918038302e9b281d3f4680e6c6eec7257b60fb11  prob=0.4229 (raw=0.7239)  vol=$51  trades=6  first_trade=2025-10-27 22:07  winrate=0.000  n_markets_traded=5.000  herfindahl_index_markets=0.207
11:46:14 [super] * #42    0x7abdc57fab3b0ebd8176a5c49a8f791e2f8b5733  prob=0.4136 (raw=0.7149)  vol=$25  trades=4  first_trade=2025-12-04 10:10  winrate=0.625  n_markets_traded=5.000  herfindahl_index_markets=0.222
11:46:14 [super] * #43    0x46679fb51fbe6772b5c7d6c65983a55f1cb1cab0  prob=0.3999 (raw=0.7016)  vol=$53  trades=4  first_trade=2025-10-28 03:00  winrate=0.125  n_markets_traded=24.000  herfindahl_index_markets=0.297
11:46:14 [super] * #44    0x9672fd2231561ba0b2c95f088daa8931cdeaf7d3  prob=0.3967 (raw=0.6986)  vol=$2  trades=2  first_trade=2025-11-14 05:55  winrate=0.000  n_markets_traded=4.000  herfindahl_index_markets=0.333
11:46:14 [super] * #45    0xdc911b66ebdbb638a8c86c2cb8a5dee5d749eeba  prob=0.3958 (raw=0.6976)  vol=$4  trades=2  first_trade=2025-12-13 08:08  winrate=0.000  n_markets_traded=3.000  herfindahl_index_markets=0.561
11:46:14 [super] * #46    0x18d070e10ecddc9cad7a610a4696fe66e676b6e6  prob=0.3820 (raw=0.6840)  vol=$115  trades=3  first_trade=2025-11-30 06:08  winrate=0.500  n_markets_traded=2.000  herfindahl_index_markets=0.850
11:46:14 [super] * #47    0xed23b2fe0616e6180dbbf6fce1089be1b22a2e9c  prob=0.3765 (raw=0.6786)  vol=$1  trades=2  first_trade=2025-12-10 08:12  winrate=0.062  n_markets_traded=16.000  herfindahl_index_markets=0.901
11:46:14 [super] * #48    0x74024d3ae12d8ccc6c71b14b58e18e77dbb403e5  prob=0.3762 (raw=0.6783)  vol=$28  trades=4  first_trade=2025-12-16 09:53  winrate=0.000  n_markets_traded=6.000  herfindahl_index_markets=0.779
11:46:14 [super] * #49    0x00f51a7102e0c76e6faeadae536026363682ede1  prob=0.3756 (raw=0.6777)  vol=$12  trades=2  first_trade=2025-12-06 10:12  winrate=0.000  n_markets_traded=3.000  herfindahl_index_markets=0.385
11:46:14 [super] * #50    0xe95b2f13959034e54abaa63bdb50ee8e36fe1c10  prob=0.3641 (raw=0.6662)  vol=$2  trades=2  first_trade=2025-10-23 10:57  winrate=0.000  n_markets_traded=1.000  herfindahl_index_markets=1.000
11:46:14 [super] * #51    0x5a2be34e044310be3a6f2c71cb19c33cbb8702ba  prob=0.3609 (raw=0.6630)  vol=$2  trades=2  first_trade=2025-11-03 20:24  winrate=0.000  n_markets_traded=1.000  herfindahl_index_markets=1.000
11:46:14 [super] * #52    0x2f0193488229c11231ddf9fded63abba786c745d  prob=0.3605 (raw=0.6626)  vol=$1  trades=2  first_trade=2025-12-18 12:31  winrate=0.000  n_markets_traded=2.000  herfindahl_index_markets=0.556
11:46:14 [super] * #53    0x637143c2c0ce301a64cbb96eb1ef95f60857daf4  prob=0.3563 (raw=0.6582)  vol=$13  trades=2  first_trade=2025-12-05 02:19  winrate=0.000  n_markets_traded=7.000  herfindahl_index_markets=0.173
11:46:14 [super] * #54    0xdc422a9a607ca60ad8e6b198b05fa8f9b6731814  prob=0.3499 (raw=0.6517)  vol=$6  trades=2  first_trade=2025-11-14 11:03  winrate=0.000  n_markets_traded=3.000  herfindahl_index_markets=0.384
11:46:14 [super] * #55    0x5f600fc6e4711cd44567ea894b9b86073e6d5522  prob=0.3442 (raw=0.6459)  vol=$82  trades=4  first_trade=2025-12-15 22:30  winrate=0.444  n_markets_traded=27.000  herfindahl_index_markets=0.232
11:46:14 [super] * #56    0xcd9c09986313c7b83cb1f522c438ce432c911d62  prob=0.3436 (raw=0.6452)  vol=$7  trades=2  first_trade=2025-12-12 19:12  winrate=0.125  n_markets_traded=8.000  herfindahl_index_markets=0.237
11:46:14 [super] * #57    0x0629344325a7c1d6f570d3e0e1b94bde0bc84b92  prob=0.3426 (raw=0.6441)  vol=$264  trades=13  first_trade=2025-12-08 19:14  winrate=0.000  n_markets_traded=1.000  herfindahl_index_markets=1.000
11:46:14 [super] * #58    0x7418e4b18c9109f65773f0f5561c1ba7c9f69365  prob=0.3393 (raw=0.6408)  vol=$11  trades=3  first_trade=2025-11-10 22:44  winrate=0.250  n_markets_traded=12.000  herfindahl_index_markets=0.212
11:46:14 [super] * #59    0xa806f9b6c14e0d66ce6a42816e241f449aaed270  prob=0.3318 (raw=0.6329)  vol=$7  trades=2  first_trade=2025-12-13 16:19  winrate=0.400  n_markets_traded=5.000  herfindahl_index_markets=0.293
11:46:14 [super] * #60    0x029c16716249f1572174d33dd12ad6242eff5137  prob=0.3236 (raw=0.6241)  vol=$2  trades=1  first_trade=2025-12-05 16:10  winrate=0.389  n_markets_traded=18.000  herfindahl_index_markets=0.160
11:46:14 [super] * #61    0x2709c861d2a4c317c3b5901cda2ea37b4b0d9e3b  prob=0.3221 (raw=0.6225)  vol=$64  trades=4  first_trade=2025-12-12 12:13  winrate=0.000  n_markets_traded=1.000  herfindahl_index_markets=1.000
11:46:14 [super] * #62    0x3d97d0599dd5ef261e30840ddece3eee1b00b3a3  prob=0.3191 (raw=0.6193)  vol=$1,504  trades=17  first_trade=2025-11-21 17:03  winrate=0.000  n_markets_traded=1.000  herfindahl_index_markets=1.000
11:46:14 [super] * #63    0xa4384e150dafd6084bceaa13004a5a16e8409254  prob=0.3186 (raw=0.6189)  vol=$117  trades=3  first_trade=2025-12-09 23:56  winrate=0.000  n_markets_traded=1.000  herfindahl_index_markets=1.000
11:46:14 [super] * #64    0xdfa1ac4225bb36307f3f827ad78468d68c836890  prob=0.3147 (raw=0.6146)  vol=$5,912  trades=87  first_trade=2025-11-02 05:07  winrate=0.000  n_markets_traded=1.000  herfindahl_index_markets=1.000
11:46:14 [super] * #65    0xc5e2f4966a4a47c87b094eec96607685326125f7  prob=0.2951 (raw=0.5930)  vol=$43  trades=3  first_trade=2025-10-22 14:18  winrate=NaN  n_markets_traded=NaN  herfindahl_index_markets=NaN
11:46:14 [super] * #66    0x275cfee6b4d1da10cb6ea5b63107589e07d86090  prob=0.2900 (raw=0.5872)  vol=$1,040  trades=6  first_trade=2025-12-15 22:43  winrate=0.000  n_markets_traded=1.000  herfindahl_index_markets=1.000
11:46:14 [super] * #67    0x9d6c46e813322e05d02102f1562a23f5c8283407  prob=0.2876 (raw=0.5845)  vol=$3,668  trades=16  first_trade=2025-12-08 17:31  winrate=0.000  n_markets_traded=1.000  herfindahl_index_markets=1.000
11:46:14 [super] * #68    0x5656baa3760fb65e34299b00d57ffa2a60e00b58  prob=0.2862 (raw=0.5829)  vol=$8  trades=1  first_trade=2025-12-07 08:53  winrate=0.333  n_markets_traded=3.000  herfindahl_index_markets=0.987
11:46:14 [super] * #69    0x50889678312658c141e32bfd46bec234aa937fed  prob=0.2862 (raw=0.5829)  vol=$40  trades=4  first_trade=2025-12-10 17:35  winrate=0.000  n_markets_traded=3.000  herfindahl_index_markets=0.379
11:46:14 [super] * #70    0x8c709ac824c314ec154a93d343136b763d555c15  prob=0.2788 (raw=0.5743)  vol=$2  trades=2  first_trade=2025-12-07 04:14  winrate=0.000  n_markets_traded=2.000  herfindahl_index_markets=0.500
11:46:14 [super] * #71    0x8514073c600ed7bba5696d533727131f0deb6478  prob=0.2736 (raw=0.5683)  vol=$82  trades=2  first_trade=2025-10-22 14:30  winrate=0.667  n_markets_traded=3.000  herfindahl_index_markets=0.440
11:46:14 [super] * #72    0x68375d2c2cde1fb0e7557e0c7d6d29e574db6d1a  prob=0.2638 (raw=0.5566)  vol=$2,841  trades=37  first_trade=2025-12-01 06:07  winrate=0.000  n_markets_traded=1.000  herfindahl_index_markets=1.000
11:46:14 [super] * #73    0x05da758297b21d92f6ef9e87f5a051f72a34899c  prob=0.2619 (raw=0.5544)  vol=$1  trades=2  first_trade=2025-12-16 17:10  winrate=0.000  n_markets_traded=5.000  herfindahl_index_markets=0.200
11:46:14 [super] * #74    0x51af92762db5c5a7d0599dc819a0b1fa63e8e996  prob=0.2600 (raw=0.5521)  vol=$431  trades=9  first_trade=2025-12-06 15:37  winrate=0.167  n_markets_traded=6.000  herfindahl_index_markets=0.235
11:46:14 [super] * #75    0x9dd175ece2d412ad78efbdb88ee4a35f3e2b4584  prob=0.2586 (raw=0.5503)  vol=$85  trades=6  first_trade=2025-12-02 18:20  winrate=0.000  n_markets_traded=7.000  herfindahl_index_markets=0.197
11:46:14 [super] * #76    0xa8303b1d51c836ce7c82e44d12129096ce192502  prob=0.2565 (raw=0.5478)  vol=$21,104  trades=206  first_trade=2025-12-13 04:32  winrate=0.000  n_markets_traded=1.000  herfindahl_index_markets=1.000
11:46:14 [super] * #77    0x965271886800e7847e7e98bc7b7edaca9d515256  prob=0.2564 (raw=0.5476)  vol=$7  trades=2  first_trade=2025-12-05 15:14  winrate=0.100  n_markets_traded=9.000  herfindahl_index_markets=0.524
11:46:14 [super] * #78    0xa9405261547e297abc3b7c946cda25a60b46d6bc  prob=0.2555 (raw=0.5466)  vol=$10,070  trades=69  first_trade=2025-11-10 04:58  winrate=0.000  n_markets_traded=1.000  herfindahl_index_markets=1.000
11:46:14 [super] * #79    0xc8bcb9594d94f3846452be5634a9bfbc374a1d6c  prob=0.2496 (raw=0.5392)  vol=$462  trades=11  first_trade=2025-12-13 23:33  winrate=0.000  n_markets_traded=2.000  herfindahl_index_markets=0.504
11:46:14 [super] * #80    0xad06035a5529de3e750239bc334f7ab1f28d2dfa  prob=0.2448 (raw=0.5332)  vol=$723  trades=27  first_trade=2025-12-05 01:58  winrate=0.250  n_markets_traded=11.000  herfindahl_index_markets=0.291
11:46:14 [super] * #81    0x3ae95f2f711e5365a0586afcc897c6f28bdfd3db  prob=0.2416 (raw=0.5291)  vol=$10  trades=2  first_trade=2025-12-14 04:11  winrate=0.000  n_markets_traded=2.000  herfindahl_index_markets=0.592
11:46:14 [super] * #82    0xeb1e1dd76fdeda6dfcb07d8604a5b5f39e0888d5  prob=0.2351 (raw=0.5208)  vol=$351  trades=4  first_trade=2025-10-15 18:28  winrate=0.565  n_markets_traded=154.000  herfindahl_index_markets=0.011
11:46:14 [super] * #83    0xebb5bb75a130c7b0107ba8978615149a120c66a9  prob=0.2327 (raw=0.5177)  vol=$6  trades=4  first_trade=2025-11-09 12:49  winrate=0.500  n_markets_traded=18.000  herfindahl_index_markets=0.107
11:46:14 [super] * #84    0x4f1323934e1959b5b9a857f04f7f9449f2461b9b  prob=0.2305 (raw=0.5147)  vol=$21,312  trades=73  first_trade=2025-12-09 21:27  winrate=0.000  n_markets_traded=1.000  herfindahl_index_markets=1.000
11:46:14 [super] * #85    0x84da6fde57295170c7ed3c90da2f266cc38efb28  prob=0.2261 (raw=0.5089)  vol=$48  trades=21  first_trade=2025-10-22 17:02  winrate=0.000  n_markets_traded=8.000  herfindahl_index_markets=0.333
11:46:14 [super] * #86    0xcd23b8b82026e77d041b4bb72f8b79651ebd4f9e  prob=0.2255 (raw=0.5081)  vol=$2  trades=2  first_trade=2025-10-22 12:54  winrate=0.000  n_markets_traded=7.000  herfindahl_index_markets=0.185
11:46:14 [super] * #87    0xc9e45ae764c5d3cd0b28cd389318a46c6ef8f148  prob=0.2229 (raw=0.5046)  vol=$3  trades=2  first_trade=2025-10-25 16:09  winrate=0.400  n_markets_traded=5.000  herfindahl_index_markets=0.288
11:46:14 [super] * #88    0x0bb6b9d57c22d1311f6873df8226dd6f2cb132b9  prob=0.2226 (raw=0.5042)  vol=$1,731  trades=19  first_trade=2025-11-20 23:24  winrate=0.111  n_markets_traded=9.000  herfindahl_index_markets=0.709
11:46:14 [super] * #89    0xd382ccebab8193db9fba5508e2d97bdfb5ae3297  prob=0.2218 (raw=0.5031)  vol=$7  trades=4  first_trade=2025-11-09 12:52  winrate=0.000  n_markets_traded=3.000  herfindahl_index_markets=0.388
11:46:14 [super] * #90    0x2b1f37cc27813d3539e6e1e1d85fa2e22ab08153  prob=0.2144 (raw=0.4930)  vol=$14  trades=5  first_trade=2025-11-14 15:44  winrate=0.000  n_markets_traded=6.000  herfindahl_index_markets=0.477
11:46:14 [super] * #91    0x3f9b9007ec16a3ef4a66caa21feb7b91481e0029  prob=0.2135 (raw=0.4916)  vol=$8,681  trades=35  first_trade=2025-10-22 14:34  winrate=0.286  n_markets_traded=13.000  herfindahl_index_markets=0.150
11:46:14 [super] * #92    0x96563e8cbc3aee5e56a0a3ee984527a48db0d2e0  prob=0.2081 (raw=0.4842)  vol=$1  trades=2  first_trade=2025-12-19 04:48  winrate=0.312  n_markets_traded=16.000  herfindahl_index_markets=0.281
11:46:14 [super] * #93    0x5c686fea11d5e3f4e511b5b4f85a49a77aeb9272  prob=0.2055 (raw=0.4804)  vol=$14  trades=4  first_trade=2025-12-16 21:12  winrate=0.000  n_markets_traded=1.000  herfindahl_index_markets=1.000
11:46:14 [super] * #94    0xf8718c05f1317fb2fb31739205cf344dbd6c82dd  prob=0.2036 (raw=0.4777)  vol=$6  trades=4  first_trade=2025-10-26 23:09  winrate=0.000  n_markets_traded=2.000  herfindahl_index_markets=0.508
11:46:14 [super] * #95    0x65872916964601b91ae8596d36cd6a59a1586e84  prob=0.1984 (raw=0.4702)  vol=$107  trades=4  first_trade=2025-11-10 10:16  winrate=0.500  n_markets_traded=12.000  herfindahl_index_markets=0.163
11:46:14 [super] * #96    0xb9a74e3170401e578b1b9c8fabb49b05462ef50f  prob=0.1973 (raw=0.4685)  vol=$114  trades=4  first_trade=2025-12-11 00:27  winrate=0.000  n_markets_traded=3.000  herfindahl_index_markets=0.824
11:46:14 [super] * #97    0x181a88f87638c4421bb6f03ac1e9b2ad9ee139d8  prob=0.1963 (raw=0.4670)  vol=$87  trades=13  first_trade=2025-12-04 11:15  winrate=0.000  n_markets_traded=1.000  herfindahl_index_markets=1.000
11:46:14 [super] * #98    0x9c242308c30cf35aca4de63c3de035e787e2a3d4  prob=0.1899 (raw=0.4574)  vol=$62  trades=1  first_trade=2025-11-17 05:42  winrate=0.667  n_markets_traded=3.000  herfindahl_index_markets=0.399
11:46:14 [super] * #99    0x15c3a7d95a5fa3bc5ab1f98de37b7d149971f30c  prob=0.1843 (raw=0.4488)  vol=$106  trades=6  first_trade=2025-12-13 18:13  winrate=0.000  n_markets_traded=2.000  herfindahl_index_markets=0.662
11:46:14 [super] * #100   0xd1ff714171dd1212fc4c9a3bf27d889cc076f5ae  prob=0.1830 (raw=0.4468)  vol=$79  trades=2  first_trade=2025-12-12 10:32  winrate=0.333  n_markets_traded=3.000  herfindahl_index_markets=0.390
11:46:14 [super] * #101   0xbc106b72a23d053cf24044a632f023ac0de885c8  prob=0.1782 (raw=0.4392)  vol=$61  trades=2  first_trade=2025-11-17 05:38  winrate=0.571  n_markets_traded=7.000  herfindahl_index_markets=0.291
11:46:14 [super] * #102   0xb7cb77c0b43489800d45d3e9373d97c5ae85897c  prob=0.1781 (raw=0.4389)  vol=$7  trades=2  first_trade=2025-12-19 09:05  winrate=0.333  n_markets_traded=6.000  herfindahl_index_markets=0.667
11:46:14 [super] * #103   0xcfefc712c2f448bbed4528aa57022c7bcbdd9c1e  prob=0.1770 (raw=0.4372)  vol=$9,686  trades=99  first_trade=2025-11-10 04:36  winrate=0.000  n_markets_traded=1.000  herfindahl_index_markets=1.000
11:46:14 [super] * #104   0x4fba9920f775f911df98c7099e98c0eb3e2d32b6  prob=0.1764 (raw=0.4362)  vol=$27  trades=2  first_trade=2025-12-18 20:37  winrate=0.125  n_markets_traded=8.000  herfindahl_index_markets=0.184
11:46:14 [super] * #105   0x5580d325826484f14ba4cb2db459613da6fdda57  prob=0.1758 (raw=0.4354)  vol=$50  trades=2  first_trade=2025-12-04 11:02  winrate=0.629  n_markets_traded=31.000  herfindahl_index_markets=0.214
11:46:14 [super] * #106   0xc0f14071d72ce702695ce734acbcf57b298e4235  prob=0.1740 (raw=0.4324)  vol=$3,225  trades=17  first_trade=2025-12-07 10:05  winrate=0.000  n_markets_traded=1.000  herfindahl_index_markets=1.000
11:46:14 [super] * #107   0x71bc6a7491622ebd390c768aab2e1f2e43638d08  prob=0.1715 (raw=0.4283)  vol=$4  trades=4  first_trade=2025-12-17 16:31  winrate=0.000  n_markets_traded=3.000  herfindahl_index_markets=0.333
11:46:14 [super] * #108   0xb880d3875b742fb871a0fdab3d5ec55e00a7c0f9  prob=0.1712 (raw=0.4279)  vol=$190  trades=4  first_trade=2025-12-14 19:26  winrate=0.500  n_markets_traded=8.000  herfindahl_index_markets=0.212
11:46:14 [super] * #109   0x169916c8c436699f2674ea29f0941518da6ef6f9  prob=0.1705 (raw=0.4267)  vol=$6  trades=4  first_trade=2025-10-27 22:52  winrate=0.000  n_markets_traded=8.000  herfindahl_index_markets=0.200
11:46:14 [super] * #110   0x58b38ef58d1b9cc57feace8e4e879abfec7e5e3e  prob=0.1703 (raw=0.4263)  vol=$1,525  trades=15  first_trade=2025-12-12 16:20  winrate=0.000  n_markets_traded=3.000  herfindahl_index_markets=0.926
11:46:14 [super] * #111   0xbe2f7e9db2e4435b2710a0fd0a0dc149f4d7cb31  prob=0.1701 (raw=0.4260)  vol=$553  trades=13  first_trade=2025-11-09 17:23  winrate=0.000  n_markets_traded=1.000  herfindahl_index_markets=1.000
11:46:14 [super] * #112   0xe2eedd8c3b0668dc19757c314ea41dfaa5c760b8  prob=0.1671 (raw=0.4211)  vol=$90  trades=21  first_trade=2025-11-11 06:00  winrate=0.286  n_markets_traded=7.000  herfindahl_index_markets=0.228
11:46:14 [super] * #113   0xd42a3303d73c0b2b87599b133aa14513b56466b1  prob=0.1641 (raw=0.4159)  vol=$1  trades=2  first_trade=2025-12-05 17:48  winrate=0.000  n_markets_traded=155.000  herfindahl_index_markets=0.011
11:46:14 [super] * #114   0x3a52aa6dcc9326ccb1ff0fe8c69b5ca9268a612f  prob=0.1633 (raw=0.4146)  vol=$2,562  trades=12  first_trade=2025-12-12 09:37  winrate=0.667  n_markets_traded=3.000  herfindahl_index_markets=0.389
11:46:14 [super] * #115   0xc01606af61e41bde6c4f0ef89780329386307eef  prob=0.1611 (raw=0.4109)  vol=$15  trades=2  first_trade=2025-12-11 13:56  winrate=0.000  n_markets_traded=6.000  herfindahl_index_markets=0.183
11:46:14 [super] * #116   0xf8a779cfd3d6dbd9f8f1071eff543ccd544f6d1d  prob=0.1610 (raw=0.4105)  vol=$145  trades=4  first_trade=2025-12-17 15:35  winrate=0.000  n_markets_traded=1.000  herfindahl_index_markets=1.000
11:46:14 [super] * #117   0xeb62a27b14c1813ddb6ac7c26377011a59658a6c  prob=0.1580 (raw=0.4053)  vol=$16  trades=6  first_trade=2025-11-12 16:07  winrate=0.000  n_markets_traded=1.000  herfindahl_index_markets=1.000
11:46:14 [super] * #118   0x39b3a9c900afac3d147b4a291cef171390f9c82c  prob=0.1577 (raw=0.4048)  vol=$2  trades=2  first_trade=2025-10-29 22:22  winrate=0.161  n_markets_traded=87.000  herfindahl_index_markets=0.103
11:46:14 [super] * #119   0x0f1325dab7436f14061e76ca3527419b04dd7e4d  prob=0.1571 (raw=0.4038)  vol=$10  trades=4  first_trade=2025-11-28 12:58  winrate=0.167  n_markets_traded=6.000  herfindahl_index_markets=0.198
11:46:14 [super] * #120   0x21670b1639a5641ef6a9565f06c511c3c864af1d  prob=0.1552 (raw=0.4004)  vol=$135  trades=2  first_trade=2025-12-14 14:22  winrate=0.500  n_markets_traded=4.000  herfindahl_index_markets=0.294
11:46:14 [super] * #121   0xef1e282bcaec20a22b6cef973a0e3d4de18f9e0e  prob=0.1551 (raw=0.4003)  vol=$16  trades=3  first_trade=2025-11-11 15:41  winrate=0.000  n_markets_traded=3.000  herfindahl_index_markets=0.350
11:46:14 [super] * #122   0x87bed7844358e83f9804c87a6c7b0bee20f9bdb5  prob=0.1532 (raw=0.3968)  vol=$93  trades=3  first_trade=2025-10-22 19:15  winrate=0.417  n_markets_traded=12.000  herfindahl_index_markets=0.321
11:46:14 [super] * #123   0x2bf0d78c2c8866491014e090a32a2403bb2181ab  prob=0.1513 (raw=0.3934)  vol=$53  trades=4  first_trade=2025-10-26 15:03  winrate=0.000  n_markets_traded=2.000  herfindahl_index_markets=0.592
11:46:14 [super] * #124   0x35137cecaef86b04c9065a2123cd39f29efb3504  prob=0.1499 (raw=0.3909)  vol=$1,852  trades=19  first_trade=2025-10-22 18:31  winrate=0.000  n_markets_traded=2.000  herfindahl_index_markets=0.504
11:46:14 [super] * #125   0xa3e2c139f042779ca8e4548da0b67fbcc19df3d5  prob=0.1495 (raw=0.3902)  vol=$2  trades=2  first_trade=2025-11-07 07:39  winrate=0.444  n_markets_traded=9.000  herfindahl_index_markets=0.490
11:46:14 [super] * #126   0x51727751a22b3f61b89a9e0a143ab4e0e33731e6  prob=0.1490 (raw=0.3893)  vol=$1,144  trades=8  first_trade=2025-12-06 19:08  winrate=0.000  n_markets_traded=5.000  herfindahl_index_markets=0.324
11:46:14 [super] * #127   0x14e8ab8ec25d94ce1ed324ef553803d901fa86d9  prob=0.1487 (raw=0.3887)  vol=$12,660  trades=94  first_trade=2025-11-13 16:04  winrate=0.333  n_markets_traded=3.000  herfindahl_index_markets=0.499
11:46:14 [super] * #128   0x49528eebbe4bdabd56e4751cc61e6aefc1773d2f  prob=0.1464 (raw=0.3843)  vol=$1  trades=2  first_trade=2025-12-16 08:22  winrate=0.000  n_markets_traded=8.000  herfindahl_index_markets=0.205
11:46:14 [super] * #129   0x11e74b8f0862d780695d762c2e17918d9f5bd3cc  prob=0.1461 (raw=0.3838)  vol=$2  trades=2  first_trade=2025-12-19 09:55  winrate=0.000  n_markets_traded=1.000  herfindahl_index_markets=1.000
11:46:14 [super] * #130   0x3051dbd4b5bcb8e38b98e3ca347cbcd3be9555ec  prob=0.1429 (raw=0.3778)  vol=$16  trades=3  first_trade=2025-12-03 12:26  winrate=0.389  n_markets_traded=18.000  herfindahl_index_markets=0.680
11:46:14 [super] * #131   0x1cdde5772d942700275ce7f37040d0ca85826603  prob=0.1429 (raw=0.3777)  vol=$28  trades=5  first_trade=2025-11-10 20:28  winrate=0.000  n_markets_traded=1.000  herfindahl_index_markets=1.000
11:46:14 [super] * #132   0x72742f72d29c3e8b2d3df0c7e8bd27513ca85d7a  prob=0.1418 (raw=0.3757)  vol=$174  trades=6  first_trade=2025-10-27 07:21  winrate=0.300  n_markets_traded=10.000  herfindahl_index_markets=0.190
11:46:14 [super] * #133   0x693329b891dd27106659da14b89f97af5a167169  prob=0.1413 (raw=0.3747)  vol=$1,192  trades=12  first_trade=2025-12-10 21:36  winrate=0.333  n_markets_traded=12.000  herfindahl_index_markets=0.174
11:46:14 [super] * #134   0xfe8385d6df9d9fc267ca02eceb8683d2d30b104b  prob=0.1382 (raw=0.3686)  vol=$1  trades=2  first_trade=2025-12-19 07:50  winrate=0.222  n_markets_traded=9.000  herfindahl_index_markets=0.164
11:46:14 [super] * #135   0x373eed9e34112c21425183507daf1e978b009c9e  prob=0.1378 (raw=0.3678)  vol=$307  trades=6  first_trade=2025-12-05 21:27  winrate=0.000  n_markets_traded=1.000  herfindahl_index_markets=1.000
11:46:14 [super] * #136   0xe2c14add011e01eb670d3e77f48508132ac76a61  prob=0.1368 (raw=0.3660)  vol=$605  trades=10  first_trade=2025-11-05 04:45  winrate=0.000  n_markets_traded=1.000  herfindahl_index_markets=1.000
11:46:14 [super] * #137   0xe0eed76b2fec7749b4e0fcbc6c4bf3fe02f09a23  prob=0.1354 (raw=0.3631)  vol=$13  trades=3  first_trade=2025-12-08 14:03  winrate=NaN  n_markets_traded=NaN  herfindahl_index_markets=NaN
11:46:14 [super] * #138   0x49b0e1e55c8e5ccbe593fd18a8c1953c9f7ab620  prob=0.1351 (raw=0.3625)  vol=$26  trades=5  first_trade=2025-11-11 03:24  winrate=0.000  n_markets_traded=2.000  herfindahl_index_markets=0.531
11:46:14 [super] * #139   0x5eddc5df032f4c8408a650f4bc638acbcfcc994c  prob=0.1342 (raw=0.3607)  vol=$426  trades=10  first_trade=2025-12-05 12:03  winrate=0.500  n_markets_traded=12.000  herfindahl_index_markets=0.321
11:46:14 [super] * #140   0x13b52a5457f9afc36d71df286e6232948e1ced8e  prob=0.1338 (raw=0.3599)  vol=$8  trades=2  first_trade=2025-12-04 22:59  winrate=0.000  n_markets_traded=9.000  herfindahl_index_markets=0.111
11:46:14 [super] * #141   0x6c7d00dbfa575d39b1d0b085e2ad496b629f4cc3  prob=0.1335 (raw=0.3594)  vol=$2,965  trades=35  first_trade=2025-11-07 16:17  winrate=0.667  n_markets_traded=3.000  herfindahl_index_markets=0.364
11:46:14 [super] * #142   0xc68f372e8740b63d67da488392223545b1bf8fc2  prob=0.1328 (raw=0.3578)  vol=$2,856  trades=15  first_trade=2025-11-11 15:41  winrate=0.000  n_markets_traded=6.000  herfindahl_index_markets=0.221
11:46:14 [super] * #143   0x13134813973db95b891ccffa7fd0fa25e32485d8  prob=0.1318 (raw=0.3559)  vol=$10,218  trades=50  first_trade=2025-12-15 19:41  winrate=0.273  n_markets_traded=22.000  herfindahl_index_markets=0.243
11:46:14 [super] * #144   0x52b72250447d2ae686feab9e1cbff390a7c7b8e5  prob=0.1315 (raw=0.3553)  vol=$1  trades=2  first_trade=2025-12-08 06:13  winrate=0.217  n_markets_traded=23.000  herfindahl_index_markets=0.708
11:46:14 [super] * #145   0x2c022eac5685fd9b5a93d27e7fc883f1942c9588  prob=0.1306 (raw=0.3534)  vol=$4  trades=2  first_trade=2025-11-10 11:54  winrate=0.000  n_markets_traded=7.000  herfindahl_index_markets=0.295
11:46:14 [super] * #146   0xa326a0601ba1c59188695ef23e9c7d966a0c4556  prob=0.1292 (raw=0.3504)  vol=$1,835  trades=12  first_trade=2025-12-11 10:15  winrate=0.625  n_markets_traded=56.000  herfindahl_index_markets=0.052
11:46:14 [super] * #147   0xabe65e7ded2a4fc9e5d0231fae10dc235cd749eb  prob=0.1291 (raw=0.3503)  vol=$33  trades=5  first_trade=2025-12-18 22:21  winrate=0.500  n_markets_traded=12.000  herfindahl_index_markets=0.190
11:46:14 [super] * #148   0x37e62186f08b7c42f4ed8cf25d1f0e10dabece6f  prob=0.1290 (raw=0.3500)  vol=$48  trades=4  first_trade=2025-12-10 19:38  winrate=0.000  n_markets_traded=7.000  herfindahl_index_markets=0.476
11:46:14 [super] * #149   0xaf2c389e18c5f22ec00b5082a529f939009a3df6  prob=0.1283 (raw=0.3487)  vol=$182  trades=8  first_trade=2025-10-22 18:45  winrate=0.000  n_markets_traded=1.000  herfindahl_index_markets=1.000
11:46:14 [super] * #150   0x2e1b465504fd80ee76f00e37ccecaa82d06b70af  prob=0.1277 (raw=0.3474)  vol=$2  trades=2  first_trade=2025-12-04 08:18  winrate=0.368  n_markets_traded=19.000  herfindahl_index_markets=0.229
11:46:14 [super] * #151   0x9a6d32cbcab5fa673e8ff0c8bae5d6e21fccb3fe  prob=0.1220 (raw=0.3350)  vol=$835  trades=7  first_trade=2025-12-05 23:47  winrate=0.077  n_markets_traded=13.000  herfindahl_index_markets=0.330
11:46:14 [super] * #152   0x6ca8345ef17302461c731c0cb1fb37bafc63adff  prob=0.1206 (raw=0.3321)  vol=$1  trades=2  first_trade=2025-12-06 04:41  winrate=0.037  n_markets_traded=27.000  herfindahl_index_markets=0.042
11:46:14 [super] * #153   0x10285464083ee126e6b959ce230775e5bc6eda76  prob=0.1194 (raw=0.3294)  vol=$5  trades=4  first_trade=2025-12-02 23:07  winrate=0.000  n_markets_traded=5.000  herfindahl_index_markets=0.200
11:46:14 [super] * #154   0x75eeaa9438f28c6e2afadf3f17094149476429e3  prob=0.1192 (raw=0.3289)  vol=$4  trades=2  first_trade=2025-12-06 14:43  winrate=0.571  n_markets_traded=14.000  herfindahl_index_markets=0.404
11:46:14 [super] * #155   0x3ecd3db679fb129c739374fcd472af30009824ea  prob=0.1180 (raw=0.3262)  vol=$71  trades=2  first_trade=2025-12-05 20:02  winrate=0.200  n_markets_traded=5.000  herfindahl_index_markets=0.256
11:46:14 [super] * #156   0xb96da849fcb4e348af1cc55519012b2f99d367e4  prob=0.1151 (raw=0.3197)  vol=$20  trades=2  first_trade=2025-12-06 21:22  winrate=0.133  n_markets_traded=15.000  herfindahl_index_markets=0.341
11:46:14 [super] * #157   0xbc644a8026254f009f06889aa42fbbf25d95af44  prob=0.1139 (raw=0.3170)  vol=$12  trades=4  first_trade=2025-12-11 01:19  winrate=0.000  n_markets_traded=5.000  herfindahl_index_markets=0.291
11:46:14 [super] * #158   0xccb0f6cccf71c182ab5d25ca05a3c8ab5d2844db  prob=0.1139 (raw=0.3168)  vol=$1  trades=2  first_trade=2025-12-08 00:05  winrate=0.000  n_markets_traded=6.000  herfindahl_index_markets=0.167
11:46:14 [super] * #159   0x581879a78e6dacf429b9fedfc857d1405182a8f4  prob=0.1136 (raw=0.3163)  vol=$10  trades=2  first_trade=2025-12-12 14:40  winrate=0.500  n_markets_traded=28.000  herfindahl_index_markets=0.051
11:46:14 [super] * #160   0xb83d9147b95c5edbc9fc78adc9445cd5708e140f  prob=0.1134 (raw=0.3158)  vol=$3  trades=2  first_trade=2025-12-09 19:49  winrate=0.408  n_markets_traded=49.000  herfindahl_index_markets=0.065
11:46:14 [super] * #161   0x5db663022fbb3212b1a87f79c776b2efecf97fce  prob=0.1116 (raw=0.3115)  vol=$21  trades=6  first_trade=2025-12-09 19:49  winrate=0.000  n_markets_traded=2.000  herfindahl_index_markets=0.500
11:46:14 [super] * #162   0x19ce04e07f87e44dd47b7529811053f0504ec1db  prob=0.1115 (raw=0.3112)  vol=$6  trades=6  first_trade=2025-12-19 01:19  winrate=0.000  n_markets_traded=15.000  herfindahl_index_markets=0.251
11:46:14 [super] * #163   0x7f9604e2f8b5574cd931295adf9a18fd37dd7eff  prob=0.1099 (raw=0.3076)  vol=$1  trades=2  first_trade=2025-12-07 09:08  winrate=0.250  n_markets_traded=8.000  herfindahl_index_markets=0.205
11:46:14 [super] * #164   0x464b0a37c227c395d3f79fa13adfec6fc57b2c0e  prob=0.1098 (raw=0.3074)  vol=$59  trades=4  first_trade=2025-12-11 01:20  winrate=0.333  n_markets_traded=3.000  herfindahl_index_markets=0.578
11:46:14 [super] * #165   0x7c5fee5484de4271c9de0664ebc0bcd9887a697e  prob=0.1085 (raw=0.3043)  vol=$125  trades=4  first_trade=2025-12-06 16:27  winrate=0.000  n_markets_traded=3.000  herfindahl_index_markets=0.375
11:46:14 [super] * #166   0x72bf5aa6bff2685c5396ce26d17541a818715c5d  prob=0.1082 (raw=0.3034)  vol=$8  trades=4  first_trade=2025-10-23 16:41  winrate=0.000  n_markets_traded=2.000  herfindahl_index_markets=0.500
11:46:14 [super] * #167   0x9db778f46b7c9b458045764a67ff4afcae917e1f  prob=0.1076 (raw=0.3019)  vol=$25,666  trades=13  first_trade=2025-10-21 21:56  winrate=0.000  n_markets_traded=8.000  herfindahl_index_markets=0.758
11:46:14 [super] * #168   0x8aea58982bb8cd622fe8f2ed8664c53527972c5e  prob=0.1073 (raw=0.3012)  vol=$23  trades=9  first_trade=2025-11-12 00:29  winrate=0.000  n_markets_traded=3.000  herfindahl_index_markets=0.708
11:46:14 [super] * #169   0xe644d71c469ba989e8aed8821d899bdbe0ea69f7  prob=0.1042 (raw=0.2935)  vol=$3  trades=4  first_trade=2025-12-11 19:42  winrate=0.000  n_markets_traded=3.000  herfindahl_index_markets=0.421
11:46:14 [super] * #170   0xe50636bf1b73ff2d723cc9b8e5e729eb65b1aaad  prob=0.1041 (raw=0.2934)  vol=$50  trades=3  first_trade=2025-11-10 20:44  winrate=0.200  n_markets_traded=5.000  herfindahl_index_markets=0.231
11:46:14 [super] * #171   0x9e23428650f0b6e14fb90ccf4f97601702f8cf5b  prob=0.1031 (raw=0.2907)  vol=$4  trades=3  first_trade=2025-11-10 19:50  winrate=0.267  n_markets_traded=15.000  herfindahl_index_markets=0.104
11:46:14 [super] * #172   0x70f96cc2f4eceb59cd86003c7b8dec9028bda571  prob=0.1029 (raw=0.2902)  vol=$31  trades=9  first_trade=2025-11-03 17:14  winrate=0.000  n_markets_traded=15.000  herfindahl_index_markets=0.246
11:46:14 [super] * #173   0x35e37a99c229291ab0af8311460421c31ffbfe95  prob=0.1014 (raw=0.2865)  vol=$41  trades=11  first_trade=2025-12-18 22:21  winrate=0.286  n_markets_traded=21.000  herfindahl_index_markets=0.117
11:46:14 [super] * #174   0x04ca3a711b5ee65cbf358a857041a71e5774abc4  prob=0.1002 (raw=0.2834)  vol=$49  trades=4  first_trade=2025-11-14 19:09  winrate=0.000  n_markets_traded=4.000  herfindahl_index_markets=0.260
11:46:14 [super] * #175   0xb14976137e8351492d73333d470ce38f42397c42  prob=0.1002 (raw=0.2834)  vol=$3  trades=4  first_trade=2025-12-11 08:43  winrate=0.143  n_markets_traded=14.000  herfindahl_index_markets=0.791
11:46:14 [super]   #176   0x715895d4b389566fc718746b12f360821117d2dc  prob=0.0990 (raw=0.2804)  vol=$2  trades=2  first_trade=2025-10-22 16:49  winrate=0.000  n_markets_traded=38.000  herfindahl_index_markets=0.031
11:46:14 [super]   #177   0x584939311ff14420d0464c9408009b846be24807  prob=0.0985 (raw=0.2789)  vol=$16  trades=3  first_trade=2025-11-08 08:37  winrate=0.333  n_markets_traded=9.000  herfindahl_index_markets=0.944
11:46:14 [super]   #178   0xd1d434371444414ce0b6cdf307e42c77b9cfd296  prob=0.0975 (raw=0.2762)  vol=$2,250  trades=39  first_trade=2025-12-16 19:58  winrate=0.000  n_markets_traded=7.000  herfindahl_index_markets=0.375
11:46:14 [super]   #179   0xec416991679af658e817cf5dbaf92efec0d4c63a  prob=0.0973 (raw=0.2758)  vol=$39,489  trades=45  first_trade=2025-10-21 22:17  winrate=0.333  n_markets_traded=3.000  herfindahl_index_markets=0.511
11:46:14 [super]   #180   0x4188c5cf7c308a56011b71b9295d8fe9007c66c2  prob=0.0965 (raw=0.2735)  vol=$48  trades=2  first_trade=2025-12-18 20:08  winrate=0.500  n_markets_traded=6.000  herfindahl_index_markets=0.203
11:46:14 [super]   #181   0x777d36f52a775eef0480c7b62f9fbe9bfbf02a29  prob=0.0962 (raw=0.2729)  vol=$43  trades=6  first_trade=2025-12-08 03:03  winrate=0.000  n_markets_traded=4.000  herfindahl_index_markets=0.437
11:46:14 [super]   #182   0x244c2b24f60af309f93ccffa8206a07f4a2f1028  prob=0.0956 (raw=0.2712)  vol=$150  trades=4  first_trade=2025-10-26 00:50  winrate=0.051  n_markets_traded=39.000  herfindahl_index_markets=0.079
11:46:14 [super]   #183   0x830cb4ed6324d4b91aced41b8a91fc9ad1bc191a  prob=0.0950 (raw=0.2696)  vol=$4  trades=4  first_trade=2025-12-11 08:22  winrate=0.118  n_markets_traded=17.000  herfindahl_index_markets=0.455
11:46:14 [super]   #184   0xeac66f22c1721084ea6b22190fbd6c95ac20f9f7  prob=0.0949 (raw=0.2693)  vol=$3,053  trades=44  first_trade=2025-11-20 09:00  winrate=0.000  n_markets_traded=5.000  herfindahl_index_markets=0.220
11:46:14 [super]   #185   0x5540a4993abdfba95fae66f223d0cdb2a3cba344  prob=0.0948 (raw=0.2690)  vol=$2  trades=2  first_trade=2025-12-06 13:03  winrate=0.200  n_markets_traded=5.000  herfindahl_index_markets=0.293
11:46:14 [super]   #186   0xd0cbe41f8e2787312de457a6d7bdbdd5047b4367  prob=0.0943 (raw=0.2676)  vol=$3  trades=4  first_trade=2025-12-17 17:52  winrate=0.000  n_markets_traded=1.000  herfindahl_index_markets=1.000
11:46:14 [super]   #187   0x8d12a1d25aefe42147fa41bd71360fddc44dbe5f  prob=0.0938 (raw=0.2662)  vol=$178  trades=9  first_trade=2025-11-01 14:50  winrate=0.000  n_markets_traded=3.000  herfindahl_index_markets=0.361
11:46:14 [super]   #188   0x19243fa24e3a6097d1145680259dde028650dff3  prob=0.0927 (raw=0.2633)  vol=$1  trades=2  first_trade=2025-12-10 06:17  winrate=0.429  n_markets_traded=21.000  herfindahl_index_markets=0.057
11:46:14 [super]   #189   0x153336551bdedbb52624f314b73fa85eabdd8d5f  prob=0.0923 (raw=0.2620)  vol=$26  trades=2  first_trade=2025-12-14 18:17  winrate=0.000  n_markets_traded=6.000  herfindahl_index_markets=0.309
11:46:14 [super]   #190   0x4b2c6402663dbe21eb1d2eda24a8598075673b85  prob=0.0915 (raw=0.2599)  vol=$13  trades=4  first_trade=2025-12-18 13:37  winrate=NaN  n_markets_traded=NaN  herfindahl_index_markets=NaN
11:46:14 [super]   #191   0x3cc178735b8998e51e9e12a893107d0ed2408a93  prob=0.0915 (raw=0.2599)  vol=$2,395  trades=22  first_trade=2025-12-16 21:08  winrate=0.333  n_markets_traded=9.000  herfindahl_index_markets=0.209
11:46:14 [super]   #192   0x20ebd8bafc194f1a76f60e37dd9fec15770f0bdd  prob=0.0914 (raw=0.2596)  vol=$339  trades=7  first_trade=2025-10-22 14:52  winrate=0.500  n_markets_traded=4.000  herfindahl_index_markets=0.320
11:46:14 [super]   #193   0xfe44227d2b6fe6f9d494147dafbb06b741ebdc6b  prob=0.0912 (raw=0.2590)  vol=$30  trades=2  first_trade=2025-12-05 09:19  winrate=0.000  n_markets_traded=5.000  herfindahl_index_markets=0.258
11:46:14 [super]   #194   0x135fd9eac4dd565f47284ba4b0cb2f744df7af8e  prob=0.0908 (raw=0.2580)  vol=$1  trades=2  first_trade=2025-12-16 14:37  winrate=0.612  n_markets_traded=49.000  herfindahl_index_markets=0.350
11:46:14 [super]   #195   0x5535a0be3706e844ce33f1effd3a5f60dc5a8a1a  prob=0.0900 (raw=0.2557)  vol=$6  trades=2  first_trade=2025-12-07 21:51  winrate=0.500  n_markets_traded=4.000  herfindahl_index_markets=0.284
11:46:14 [super]   #196   0x548ceb427099bfff53700b15b77c81b257bb839b  prob=0.0896 (raw=0.2544)  vol=$91  trades=1  first_trade=2025-12-19 12:07  winrate=NaN  n_markets_traded=NaN  herfindahl_index_markets=NaN
11:46:14 [super]   #197   0x444983d5070516b2e75ba65b8ee5ccf3e7c7e977  prob=0.0889 (raw=0.2525)  vol=$25  trades=6  first_trade=2025-10-23 12:03  winrate=0.000  n_markets_traded=4.000  herfindahl_index_markets=0.278
11:46:14 [super]   #198   0xd735451698adbc50b24a9ced4941fda9e4dc0aab  prob=0.0883 (raw=0.2507)  vol=$12  trades=3  first_trade=2025-11-10 23:30  winrate=NaN  n_markets_traded=0.000  herfindahl_index_markets=0.000
11:46:14 [super]   #199   0xde22b2217834162f9656ee0bd1fa9a4c41cf3cf6  prob=0.0879 (raw=0.2495)  vol=$12  trades=6  first_trade=2025-12-14 23:02  winrate=0.391  n_markets_traded=21.000  herfindahl_index_markets=0.227
11:46:14 [super]   #200   0xf19de2a62ae5ead8979292ea75e7e37a292c5a1e  prob=0.0874 (raw=0.2480)  vol=$5  trades=1  first_trade=2025-11-30 10:58  winrate=0.200  n_markets_traded=5.000  herfindahl_index_markets=0.856
11:46:14 [super]   #201   0xa32b129123afa0e89d5943259bf28947a98dc82c  prob=0.0867 (raw=0.2460)  vol=$1  trades=2  first_trade=2025-12-16 14:34  winrate=0.611  n_markets_traded=54.000  herfindahl_index_markets=0.489
11:46:14 [super]   #202   0x52e5bc9b0be755dd86a37b519712f31c018760ba  prob=0.0866 (raw=0.2457)  vol=$10  trades=3  first_trade=2025-12-04 20:06  winrate=0.071  n_markets_traded=14.000  herfindahl_index_markets=0.162
11:46:14 [super]   #203   0x3dbb8f0ad1208cf40586550e896ee04b56cfd599  prob=0.0866 (raw=0.2457)  vol=$5  trades=2  first_trade=2025-12-10 20:17  winrate=0.223  n_markets_traded=121.000  herfindahl_index_markets=0.034
11:46:14 [super]   #204   0xe7387473b067235436884d16799777cf279edf65  prob=0.0863 (raw=0.2449)  vol=$911  trades=36  first_trade=2025-11-09 13:18  winrate=NaN  n_markets_traded=0.000  herfindahl_index_markets=0.000
11:46:14 [super]   #205   0xf7c00ec2041d4675ce4330a9d747fed28795de5e  prob=0.0859 (raw=0.2438)  vol=$721  trades=14  first_trade=2025-12-10 03:29  winrate=0.000  n_markets_traded=1.000  herfindahl_index_markets=1.000
11:46:14 [super]   #206   0xf66241a33f581a53cf91b5217c9ab523b4cd8bb7  prob=0.0851 (raw=0.2414)  vol=$16  trades=2  first_trade=2025-12-08 07:16  winrate=0.000  n_markets_traded=2.000  herfindahl_index_markets=0.881
11:46:14 [super]   #207   0x08431ae32df0de5e2b8dfc7377c1c952b509938a  prob=0.0847 (raw=0.2401)  vol=$4  trades=2  first_trade=2025-12-11 12:35  winrate=0.490  n_markets_traded=51.000  herfindahl_index_markets=0.973
11:46:14 [super]   #208   0x18d6553e016818b6aea84ebaf397f03b94600bad  prob=0.0846 (raw=0.2397)  vol=$823  trades=16  first_trade=2025-12-11 00:51  winrate=0.231  n_markets_traded=13.000  herfindahl_index_markets=0.177
11:46:14 [super]   #209   0xf0d2c0eb2da16323be152a030ec39f368fc1624b  prob=0.0841 (raw=0.2383)  vol=$903  trades=3  first_trade=2025-12-14 19:05  winrate=0.000  n_markets_traded=3.000  herfindahl_index_markets=0.462
11:46:14 [super]   #210   0x6166f726adf205d4d3b4f6c3b950388326319f60  prob=0.0834 (raw=0.2361)  vol=$21  trades=4  first_trade=2025-11-15 09:38  winrate=0.000  n_markets_traded=3.000  herfindahl_index_markets=0.375
11:46:14 [super]   #211   0x84edcfbbbb07f5b7b734de2a1d3b3437a106a7c7  prob=0.0827 (raw=0.2340)  vol=$1  trades=2  first_trade=2025-12-13 05:47  winrate=0.343  n_markets_traded=337.000  herfindahl_index_markets=0.073
11:46:14 [super]   #212   0xf4f2aacb1c778289f4938ecc4295691c88d12cec  prob=0.0825 (raw=0.2334)  vol=$16  trades=3  first_trade=2025-11-16 13:18  winrate=0.429  n_markets_traded=14.000  herfindahl_index_markets=0.154
11:46:14 [super]   #213   0x4d9c9f146f441c95e894664ff3b9570f800156fa  prob=0.0823 (raw=0.2328)  vol=$184  trades=3  first_trade=2025-12-06 06:32  winrate=0.400  n_markets_traded=65.000  herfindahl_index_markets=0.180
11:46:14 [super]   #214   0xb0b26d420d059616a1d6b2e2c80cd6ab51490025  prob=0.0822 (raw=0.2326)  vol=$3  trades=4  first_trade=2025-12-05 04:43  winrate=0.000  n_markets_traded=8.000  herfindahl_index_markets=0.160
11:46:14 [super]   #215   0x7dcb2373dfb7f776e3e50338fa7aa87a8791e3fe  prob=0.0820 (raw=0.2319)  vol=$31  trades=10  first_trade=2025-11-09 08:39  winrate=0.333  n_markets_traded=12.000  herfindahl_index_markets=0.237
11:46:14 [super]   #216   0xd5c395c13df992257583ca49cc469e65b1cbc98f  prob=0.0816 (raw=0.2305)  vol=$57  trades=3  first_trade=2025-12-16 23:13  winrate=0.200  n_markets_traded=5.000  herfindahl_index_markets=0.410
11:46:14 [super]   #217   0x1f49ded2fe5601b9e1033260cdfca418804a7ce8  prob=0.0815 (raw=0.2304)  vol=$75  trades=3  first_trade=2025-10-22 16:08  winrate=0.250  n_markets_traded=8.000  herfindahl_index_markets=0.211
11:46:14 [super]   #218   0x1bbcfc2811beaac691ac6392a9757c55547600f9  prob=0.0815 (raw=0.2302)  vol=$560  trades=4  first_trade=2025-11-10 18:12  winrate=0.000  n_markets_traded=2.000  herfindahl_index_markets=0.520
11:46:14 [super]   #219   0x747b14776b93ccab93bd83692271fdcfeef6f422  prob=0.0811 (raw=0.2291)  vol=$580  trades=12  first_trade=2025-11-03 16:00  winrate=0.647  n_markets_traded=51.000  herfindahl_index_markets=0.093
11:46:14 [super]   #220   0x4e9e8df3045c2f94488c54c21df32b67e06c4bf4  prob=0.0811 (raw=0.2290)  vol=$157  trades=8  first_trade=2025-12-07 21:47  winrate=0.200  n_markets_traded=5.000  herfindahl_index_markets=0.282
11:46:14 [super]   #221   0x866e22686d5327c5b826f4e61124c41126612bec  prob=0.0806 (raw=0.2274)  vol=$2  trades=2  first_trade=2025-11-08 01:31  winrate=0.100  n_markets_traded=10.000  herfindahl_index_markets=0.107
11:46:14 [super]   #222   0x2c2edee737b92570196033b3f3721e8348d9a948  prob=0.0805 (raw=0.2270)  vol=$3  trades=2  first_trade=2025-12-16 18:30  winrate=0.222  n_markets_traded=27.000  herfindahl_index_markets=0.059
11:46:14 [super]   #223   0xf89e9be3d7d1d4c117442c52d68de21f97d5ad9b  prob=0.0802 (raw=0.2260)  vol=$76  trades=5  first_trade=2025-11-20 10:45  winrate=0.000  n_markets_traded=4.000  herfindahl_index_markets=0.493
11:46:14 [super]   #224   0x293b00bd8e2300b68758c9a9cdad9424b11e600c  prob=0.0799 (raw=0.2254)  vol=$53  trades=5  first_trade=2025-10-27 03:49  winrate=0.283  n_markets_traded=60.000  herfindahl_index_markets=0.068
11:46:14 [super]   #225   0x1b5435b908424d033a4f7bdbee8c9c7ba1e4bac5  prob=0.0799 (raw=0.2251)  vol=$260  trades=6  first_trade=2025-11-13 20:51  winrate=0.388  n_markets_traded=49.000  herfindahl_index_markets=0.053
11:46:14 [super]   #226   0xc513f5b5dcfce88aa4507c2b6e3c9dbdd479c949  prob=0.0794 (raw=0.2238)  vol=$3  trades=4  first_trade=2025-12-06 23:29  winrate=0.000  n_markets_traded=2.000  herfindahl_index_markets=0.556
11:46:14 [super]   #227   0x7a0be8217568f1d1aa26e10dbf7eb77b0e8be18d  prob=0.0794 (raw=0.2238)  vol=$2,626  trades=62  first_trade=2025-12-04 10:13  winrate=0.452  n_markets_traded=62.000  herfindahl_index_markets=0.074
11:46:14 [super]   #228   0xa47cb2e008d89ff9fd7638a3391c09c8617e0944  prob=0.0794 (raw=0.2237)  vol=$3  trades=4  first_trade=2025-10-23 20:38  winrate=0.000  n_markets_traded=2.000  herfindahl_index_markets=0.556
11:46:14 [super]   #229   0xad425db846613acaf87e5c4996b5f704f5735841  prob=0.0794 (raw=0.2236)  vol=$33  trades=1  first_trade=2025-11-07 04:22  winrate=0.500  n_markets_traded=12.000  herfindahl_index_markets=0.760
11:46:14 [super]   #230   0x5225c5caafaac5e3653fcf77370b70c8756bae99  prob=0.0792 (raw=0.2231)  vol=$46  trades=5  first_trade=2025-11-06 10:26  winrate=0.148  n_markets_traded=27.000  herfindahl_index_markets=0.270
11:46:14 [super]   #231   0xf78f9fdd9189809807f4a10e08c59baf7a5ca7e0  prob=0.0791 (raw=0.2228)  vol=$110  trades=4  first_trade=2025-10-23 17:05  winrate=0.000  n_markets_traded=1.000  herfindahl_index_markets=1.000
11:46:14 [super]   #232   0x6e6827168d07b5aff3f19698e70c496afd8f046d  prob=0.0790 (raw=0.2225)  vol=$8  trades=2  first_trade=2025-12-17 17:29  winrate=0.081  n_markets_traded=37.000  herfindahl_index_markets=0.078
11:46:14 [super]   #233   0x8164aa3ba3f87edbaf5d7108deffd6d16f2955d8  prob=0.0783 (raw=0.2202)  vol=$195  trades=4  first_trade=2025-12-05 20:15  winrate=0.100  n_markets_traded=10.000  herfindahl_index_markets=0.217
11:46:14 [super]   #234   0x895bc9114ec21f0e8917e3c831451ef50673fbf5  prob=0.0766 (raw=0.2146)  vol=$31  trades=2  first_trade=2025-10-23 16:30  winrate=0.000  n_markets_traded=13.000  herfindahl_index_markets=0.093
11:46:14 [super]   #235   0xd4f62ad4d6ce04f580a526b38fc64e3f729034e3  prob=0.0761 (raw=0.2129)  vol=$33  trades=4  first_trade=2025-11-15 11:38  winrate=0.000  n_markets_traded=3.000  herfindahl_index_markets=0.360
11:46:14 [super]   #236   0x2c0847312b4469b1fa75dc57a1a2722d61198bc3  prob=0.0759 (raw=0.2122)  vol=$8  trades=3  first_trade=2025-11-16 13:46  winrate=0.286  n_markets_traded=7.000  herfindahl_index_markets=0.175
11:46:14 [super]   #237   0xff49545f806e56199807da3b612054f388b22f07  prob=0.0752 (raw=0.2097)  vol=$65  trades=12  first_trade=2025-12-13 15:04  winrate=0.000  n_markets_traded=2.000  herfindahl_index_markets=0.698
11:46:14 [super]   #238   0x353bdc25c7a10e713effd0d8c8dc723f297f0cf4  prob=0.0747 (raw=0.2082)  vol=$475  trades=14  first_trade=2025-12-12 21:03  winrate=0.133  n_markets_traded=15.000  herfindahl_index_markets=0.288
11:46:14 [super]   #239   0x79d3a14208cce139833f6934cc68072c02b8cb4b  prob=0.0743 (raw=0.2069)  vol=$7  trades=2  first_trade=2025-12-16 22:29  winrate=0.500  n_markets_traded=5.000  herfindahl_index_markets=0.233
11:46:14 [super]   #240   0x3db8e58bc63eb9f5d6cf9e034e6ddd35511b8baf  prob=0.0743 (raw=0.2069)  vol=$53  trades=9  first_trade=2025-12-06 22:34  winrate=0.000  n_markets_traded=1.000  herfindahl_index_markets=1.000
11:46:14 [super]   #241   0xe9a65d349c15af7c48ddace334e5b61e5508409c  prob=0.0740 (raw=0.2056)  vol=$61  trades=2  first_trade=2025-12-11 13:24  winrate=0.416  n_markets_traded=166.000  herfindahl_index_markets=0.019
11:46:14 [super]   #242   0x00c840982a21159bd108ed80e36fba9db141a75f  prob=0.0739 (raw=0.2054)  vol=$335  trades=11  first_trade=2025-12-03 21:49  winrate=0.000  n_markets_traded=3.000  herfindahl_index_markets=0.715
11:46:14 [super]   #243   0xb1b223028abc2e3ffc3e2277b53ee589470b8fd8  prob=0.0735 (raw=0.2042)  vol=$2  trades=2  first_trade=2025-12-09 15:35  winrate=0.000  n_markets_traded=30.000  herfindahl_index_markets=0.051
11:46:14 [super]   #244   0x8afc650cd794c502b3a750ef38bf2c9cd7fd7d1b  prob=0.0733 (raw=0.2036)  vol=$10  trades=4  first_trade=2025-10-23 17:48  winrate=0.000  n_markets_traded=1.000  herfindahl_index_markets=1.000
11:46:14 [super]   #245   0xe9d3e7beaf130743d8e13dc640f7be315b344a14  prob=0.0731 (raw=0.2026)  vol=$89  trades=4  first_trade=2025-12-08 07:58  winrate=NaN  n_markets_traded=NaN  herfindahl_index_markets=NaN
11:46:14 [super]   #246   0xcdb0b1a585c532aa592e05e5e8f2ff99eee5adc8  prob=0.0727 (raw=0.2014)  vol=$39  trades=4  first_trade=2025-12-18 20:00  winrate=0.286  n_markets_traded=7.000  herfindahl_index_markets=0.209
11:46:14 [super]   #247   0x32a6708aba177352ebcc77e1312fb55ff8f7c99e  prob=0.0725 (raw=0.2005)  vol=$26  trades=4  first_trade=2025-12-06 18:10  winrate=0.000  n_markets_traded=7.000  herfindahl_index_markets=0.287
11:46:14 [super]   #248   0x0ebedba439b15024e442776d96703947c5444410  prob=0.0724 (raw=0.2002)  vol=$11  trades=4  first_trade=2025-10-22 09:29  winrate=0.000  n_markets_traded=5.000  herfindahl_index_markets=0.250
11:46:14 [super]   #249   0xa8448cce6eea1ee0dd1682438ee8eebe402d4a7f  prob=0.0720 (raw=0.1990)  vol=$10  trades=2  first_trade=2025-11-10 11:31  winrate=0.326  n_markets_traded=165.000  herfindahl_index_markets=0.041
11:46:14 [super]   #250   0xd69880b3173ecc9dddab3a0cb040917567d99a28  prob=0.0718 (raw=0.1983)  vol=$1,743  trades=32  first_trade=2025-12-09 23:18  winrate=0.500  n_markets_traded=8.000  herfindahl_index_markets=0.238
11:46:14 [super]   #251   0x91a19fb32f1f0a28b932290a0776cbde2efec1a2  prob=0.0714 (raw=0.1969)  vol=$96  trades=11  first_trade=2025-12-07 19:47  winrate=0.000  n_markets_traded=11.000  herfindahl_index_markets=0.214
11:46:14 [super]   #252   0x40fe57965a53d6efde2c678b8b442bb76c3a3bfd  prob=0.0710 (raw=0.1955)  vol=$243  trades=5  first_trade=2025-11-11 17:32  winrate=0.400  n_markets_traded=5.000  herfindahl_index_markets=0.827
11:46:14 [super]   #253   0x0213419f10a3803af3f585d39e415b5372b782f6  prob=0.0709 (raw=0.1951)  vol=$13,070  trades=79  first_trade=2025-12-17 10:22  winrate=0.000  n_markets_traded=1.000  herfindahl_index_markets=1.000
11:46:14 [super]   #254   0xd7fa2b462735a7ce866602791618b2fb4a34c81a  prob=0.0709 (raw=0.1949)  vol=$173  trades=12  first_trade=2025-12-08 02:09  winrate=0.000  n_markets_traded=2.000  herfindahl_index_markets=0.722
11:46:14 [super]   #255   0x62abcbfb4a7ad3082a729c47a386142a9cd99037  prob=0.0708 (raw=0.1948)  vol=$5  trades=4  first_trade=2025-12-09 08:09  winrate=0.000  n_markets_traded=2.000  herfindahl_index_markets=0.962
11:46:14 [super]   #256   0x631121347fd2f2b213b26792fe598f64987027cd  prob=0.0708 (raw=0.1945)  vol=$2  trades=2  first_trade=2025-11-14 06:29  winrate=0.316  n_markets_traded=19.000  herfindahl_index_markets=0.204
11:46:14 [super]   #257   0x21b98b1ad071d9c1da98c211f7b2f1e5558786e9  prob=0.0706 (raw=0.1940)  vol=$13  trades=3  first_trade=2025-12-10 22:50  winrate=0.043  n_markets_traded=23.000  herfindahl_index_markets=0.050
11:46:14 [super]   #258   0x0a98cc8680552cd2ea07d41ecf0c6270cc1de4f5  prob=0.0703 (raw=0.1929)  vol=$9  trades=2  first_trade=2025-10-22 23:54  winrate=0.091  n_markets_traded=11.000  herfindahl_index_markets=0.167
11:46:14 [super]   #259   0x524298dfb27001032e5027aa4689490b89b3b69e  prob=0.0702 (raw=0.1925)  vol=$8  trades=2  first_trade=2025-12-09 17:43  winrate=0.091  n_markets_traded=11.000  herfindahl_index_markets=0.144
11:46:14 [super]   #260   0x2271538fa10e57e113289d10073bf4f0691b589e  prob=0.0701 (raw=0.1922)  vol=$7  trades=2  first_trade=2025-12-05 14:44  winrate=0.265  n_markets_traded=91.000  herfindahl_index_markets=0.028
11:46:14 [super]   #261   0xffc725fa08dc54712dddc6df7344e6a1451936b8  prob=0.0701 (raw=0.1920)  vol=$163  trades=3  first_trade=2025-12-10 18:09  winrate=0.222  n_markets_traded=27.000  herfindahl_index_markets=0.107
11:46:14 [super]   #262   0x4e5622ea749e9160dc121f0914ae42148585b1b7  prob=0.0696 (raw=0.1905)  vol=$3  trades=4  first_trade=2025-10-22 13:08  winrate=0.000  n_markets_traded=4.000  herfindahl_index_markets=0.280
11:46:14 [super]   #263   0x00de1dcd1c730f42cc3d9cbf6e0352fa24e2585e  prob=0.0696 (raw=0.1903)  vol=$114  trades=4  first_trade=2025-12-10 06:25  winrate=0.000  n_markets_traded=1.000  herfindahl_index_markets=1.000
11:46:14 [super]   #264   0xfb548dec862fa6c13f5722fdcd3d38bb1bd72c07  prob=0.0696 (raw=0.1902)  vol=$47  trades=6  first_trade=2025-10-22 12:42  winrate=0.000  n_markets_traded=3.000  herfindahl_index_markets=0.456
11:46:14 [super]   #265   0x762823820dc2fc8ae1f2506bed81d38c5425378e  prob=0.0694 (raw=0.1897)  vol=$4  trades=2  first_trade=2025-12-19 11:10  winrate=0.133  n_markets_traded=14.000  herfindahl_index_markets=0.906
11:46:14 [super]   #266   0x511c3ef3b5d1ba070f6db6e582f1e4aee5ba8ee0  prob=0.0691 (raw=0.1885)  vol=$23  trades=14  first_trade=2025-11-16 13:18  winrate=0.800  n_markets_traded=15.000  herfindahl_index_markets=0.190
11:46:14 [super]   #267   0x00008b62e46ebac37cb8ff11ffc82c882dab45a5  prob=0.0688 (raw=0.1874)  vol=$10  trades=20  first_trade=2025-11-14 16:51  winrate=0.000  n_markets_traded=7.000  herfindahl_index_markets=0.558
11:46:14 [super]   #268   0x407ea9518cb73b568283d99758e35f4bfcd161ca  prob=0.0687 (raw=0.1871)  vol=$3  trades=2  first_trade=2025-12-06 03:22  winrate=0.368  n_markets_traded=19.000  herfindahl_index_markets=0.302
11:46:14 [super]   #269   0xa840660932ac469cdaafdb68c66b6b75544bf2e7  prob=0.0687 (raw=0.1870)  vol=$45,894  trades=252  first_trade=2025-12-09 19:21  winrate=0.000  n_markets_traded=1.000  herfindahl_index_markets=1.000
11:46:14 [super]   #270   0x49f2d5c5baa49f1f10826bff258d151c7992e7ab  prob=0.0687 (raw=0.1870)  vol=$327  trades=17  first_trade=2025-12-18 17:31  winrate=0.750  n_markets_traded=8.000  herfindahl_index_markets=0.274
11:46:14 [super]   #271   0xcb7be91850dae9b1a0a13115613a155d3521160d  prob=0.0686 (raw=0.1868)  vol=$5,341  trades=53  first_trade=2025-11-10 08:46  winrate=0.235  n_markets_traded=17.000  herfindahl_index_markets=0.098
11:46:14 [super]   #272   0x9e026b78d3ba94046c09e7144be61f8f0f77b629  prob=0.0685 (raw=0.1862)  vol=$363  trades=12  first_trade=2025-11-14 22:09  winrate=0.000  n_markets_traded=4.000  herfindahl_index_markets=0.257
11:46:14 [super]   #273   0xca113c59624f079b5b4ba67d1fcbb928ab5bb220  prob=0.0680 (raw=0.1846)  vol=$2  trades=2  first_trade=2025-11-16 07:15  winrate=0.203  n_markets_traded=143.000  herfindahl_index_markets=0.211
11:46:14 [super]   #274   0x5abaa995b1b283292d175522cb8dfe820d6d362c  prob=0.0680 (raw=0.1844)  vol=$32  trades=4  first_trade=2025-12-08 07:16  winrate=0.056  n_markets_traded=18.000  herfindahl_index_markets=0.475
11:46:14 [super]   #275   0xe5971372e4bd6580e74e45b68ab709240709bbce  prob=0.0678 (raw=0.1838)  vol=$5  trades=4  first_trade=2025-10-24 16:54  winrate=0.200  n_markets_traded=5.000  herfindahl_index_markets=0.335
11:46:14 [super]   #276   0x52b393e0094e46bba51d1ff603805121e2eb3a58  prob=0.0678 (raw=0.1837)  vol=$379  trades=72  first_trade=2025-10-22 11:55  winrate=NaN  n_markets_traded=0.000  herfindahl_index_markets=0.000
11:46:14 [super]   #277   0x1b5b526dfdd5e3b9eb139c6e7cd226c938cba142  prob=0.0677 (raw=0.1834)  vol=$3  trades=2  first_trade=2025-12-14 01:28  winrate=0.620  n_markets_traded=50.000  herfindahl_index_markets=0.486
11:46:14 [super]   #278   0x28d628f5c57c65f2294c9b50f1ab4213ac71724c  prob=0.0674 (raw=0.1824)  vol=$12  trades=6  first_trade=2025-12-06 16:18  winrate=0.000  n_markets_traded=2.000  herfindahl_index_markets=0.531
11:46:14 [super]   #279   0x73dc73fc18f70fc60c18f90b1e889100a27c8d32  prob=0.0674 (raw=0.1824)  vol=$697  trades=25  first_trade=2025-10-22 23:32  winrate=NaN  n_markets_traded=0.000  herfindahl_index_markets=0.000
11:46:14 [super]   #280   0xddc1d4fc1f9c58d1c323f6508a839ff0b28f428c  prob=0.0672 (raw=0.1816)  vol=$18  trades=6  first_trade=2025-10-22 12:14  winrate=0.333  n_markets_traded=6.000  herfindahl_index_markets=0.191
11:46:14 [super]   #281   0x8e7aa1b88993fe2ac3eb15940691a46ab4030f0e  prob=0.0672 (raw=0.1816)  vol=$20  trades=2  first_trade=2025-11-14 04:03  winrate=0.398  n_markets_traded=88.000  herfindahl_index_markets=0.164
11:46:14 [super]   #282   0x8e3e28896f2b120295763006e1060f084b687fcc  prob=0.0671 (raw=0.1812)  vol=$285  trades=2  first_trade=2025-11-06 07:37  winrate=0.470  n_markets_traded=83.000  herfindahl_index_markets=0.053
11:46:14 [super]   #283   0x6fe067a06090f9350f16e73f4c69984fb1545d18  prob=0.0670 (raw=0.1808)  vol=$31  trades=6  first_trade=2025-12-12 11:21  winrate=0.200  n_markets_traded=10.000  herfindahl_index_markets=0.234
11:46:14 [super]   #284   0xe3bfbbd9baeee1cb6957ec8d94c55659d79c99d3  prob=0.0670 (raw=0.1807)  vol=$651  trades=8  first_trade=2025-12-18 01:27  winrate=0.000  n_markets_traded=6.000  herfindahl_index_markets=0.313
11:46:14 [super]   #285   0x0d9da195ddf75da71386f711b620b7199eaf992b  prob=0.0669 (raw=0.1806)  vol=$98  trades=4  first_trade=2025-12-06 00:28  winrate=0.000  n_markets_traded=1.000  herfindahl_index_markets=1.000
11:46:14 [super]   #286   0xb1184056a47a2a6286a6639047026a32a91c2cd4  prob=0.0666 (raw=0.1792)  vol=$52  trades=3  first_trade=2025-12-09 20:02  winrate=0.306  n_markets_traded=33.000  herfindahl_index_markets=0.106
11:46:14 [super]   #287   0x337ad2406777e2ff2f79f422c5d19346911e3cba  prob=0.0666 (raw=0.1792)  vol=$3  trades=2  first_trade=2025-12-12 17:25  winrate=0.111  n_markets_traded=9.000  herfindahl_index_markets=0.150
11:46:14 [super]   #288   0xef08c28569c668eca6323c050dd4236daa26e9ad  prob=0.0664 (raw=0.1786)  vol=$1  trades=2  first_trade=2025-12-16 14:26  winrate=0.653  n_markets_traded=49.000  herfindahl_index_markets=0.492
11:46:14 [super]   #289   0x6942456a43129d9382ceff98a12d2a491297fbc4  prob=0.0660 (raw=0.1772)  vol=$47  trades=6  first_trade=2025-12-08 01:32  winrate=0.000  n_markets_traded=9.000  herfindahl_index_markets=0.166
11:46:14 [super]   #290   0x0074cae10f3613738e7834d8b4e8c314ff2cb12d  prob=0.0659 (raw=0.1766)  vol=$3  trades=2  first_trade=2025-12-14 01:52  winrate=0.630  n_markets_traded=54.000  herfindahl_index_markets=0.473
11:46:14 [super]   #291   0x0832fbb197543dd3dd086e876343c2f4e9eae0a9  prob=0.0654 (raw=0.1749)  vol=$20  trades=4  first_trade=2025-12-14 17:38  winrate=0.000  n_markets_traded=1.000  herfindahl_index_markets=1.000
11:46:14 [super]   #292   0x104fd8deeb4cfe267d209a7c069b5d6e99f304aa  prob=0.0654 (raw=0.1748)  vol=$735  trades=10  first_trade=2025-12-15 15:23  winrate=0.000  n_markets_traded=1.000  herfindahl_index_markets=1.000
11:46:14 [super]   #293   0xf0f96f9826a31c46ed5efd02c23f53aec5773420  prob=0.0652 (raw=0.1740)  vol=$92  trades=6  first_trade=2025-12-10 01:43  winrate=0.000  n_markets_traded=1.000  herfindahl_index_markets=1.000
11:46:14 [super]   #294   0xa6e9aa3ac44b42608989cd1e1439180de935ec78  prob=0.0650 (raw=0.1731)  vol=$86  trades=5  first_trade=2025-11-11 15:31  winrate=0.000  n_markets_traded=1.000  herfindahl_index_markets=1.000
11:46:14 [super]   #295   0x3453271a7c137bf2f0eba455300ea803584f9de2  prob=0.0648 (raw=0.1725)  vol=$4  trades=4  first_trade=2025-11-10 08:52  winrate=0.000  n_markets_traded=6.000  herfindahl_index_markets=0.167
11:46:14 [super]   #296   0xfd046d598eecac57a3a081f43d8b79af78ae9ad8  prob=0.0648 (raw=0.1723)  vol=$12  trades=2  first_trade=2025-12-07 00:41  winrate=0.125  n_markets_traded=48.000  herfindahl_index_markets=0.035
11:46:14 [super]   #297   0x9e162b812df5d768cfd21ddc8a1045351f2a92aa  prob=0.0647 (raw=0.1720)  vol=$84  trades=14  first_trade=2025-12-01 11:37  winrate=0.000  n_markets_traded=2.000  herfindahl_index_markets=0.722
11:46:14 [super]   #298   0x74c13dc5ece5e87332b4641b5785b14329ca8f03  prob=0.0647 (raw=0.1720)  vol=$2  trades=2  first_trade=2025-11-16 10:11  winrate=0.575  n_markets_traded=80.000  herfindahl_index_markets=0.950
11:46:14 [super]   #299   0x2eea6459eac6dc01d3679c4d67d5ab3b9dd87fbe  prob=0.0647 (raw=0.1719)  vol=$13  trades=5  first_trade=2025-12-17 07:42  winrate=0.611  n_markets_traded=18.000  herfindahl_index_markets=0.169
11:46:14 [super]   #300   0x4d29e40d2d550d84f62636c3094ac14ee35f481d  prob=0.0645 (raw=0.1714)  vol=$1,374  trades=8  first_trade=2025-10-22 13:14  winrate=0.083  n_markets_traded=12.000  herfindahl_index_markets=0.406
11:46:14 [super]   #301   0xc93e25a31ba65e5f3d1c9fc85556f5c47e7b9001  prob=0.0645 (raw=0.1713)  vol=$17  trades=2  first_trade=2025-12-18 22:21  winrate=0.200  n_markets_traded=10.000  herfindahl_index_markets=0.121
11:46:14 [super]   #302   0x67b872f5199c0f48a1e14b5009777d7534f47a73  prob=0.0644 (raw=0.1710)  vol=$376  trades=15  first_trade=2025-11-11 12:08  winrate=0.000  n_markets_traded=4.000  herfindahl_index_markets=0.395
11:46:14 [super]   #303   0xf7ad1446e0c73932800422bbf19312bf84a40a36  prob=0.0644 (raw=0.1709)  vol=$147  trades=7  first_trade=2025-11-10 09:39  winrate=NaN  n_markets_traded=0.000  herfindahl_index_markets=0.000
11:46:14 [super]   #304   0x6584d7b7fa193d690e43bc119cecc4126e5488c0  prob=0.0642 (raw=0.1700)  vol=$206  trades=6  first_trade=2025-12-18 19:23  winrate=0.000  n_markets_traded=2.000  herfindahl_index_markets=0.883
11:46:14 [super]   #305   0xe1ba7fbe7e32e4a023adb1ddbdc1c1caffcc4ddd  prob=0.0639 (raw=0.1690)  vol=$12  trades=5  first_trade=2025-12-08 00:02  winrate=0.000  n_markets_traded=10.000  herfindahl_index_markets=0.175
11:46:14 [super]   #306   0x0dd572f7910b9831d91872786b4ade3304b876ad  prob=0.0638 (raw=0.1686)  vol=$103  trades=4  first_trade=2025-11-03 00:21  winrate=0.333  n_markets_traded=9.000  herfindahl_index_markets=0.146
11:46:14 [super]   #307   0x91c4930fccb51b3e06a194656f8eae9104f31481  prob=0.0638 (raw=0.1684)  vol=$14  trades=6  first_trade=2025-10-11 04:19  winrate=0.000  n_markets_traded=7.000  herfindahl_index_markets=0.374
11:46:14 [super]   #308   0x87170a17c7aaf4f4d4782d08f95e85c99bcde409  prob=0.0634 (raw=0.1672)  vol=$14  trades=3  first_trade=2025-11-08 08:37  winrate=0.117  n_markets_traded=266.000  herfindahl_index_markets=0.038
11:46:14 [super]   #309   0x1e40b0ed38ea9bae87d9873d6e61af7e8031b7d1  prob=0.0633 (raw=0.1666)  vol=$1  trades=2  first_trade=2025-12-12 10:33  winrate=0.667  n_markets_traded=12.000  herfindahl_index_markets=0.126
11:46:14 [super]   #310   0xc4e7bd06d08201e69848176abc236cc4efd21357  prob=0.0633 (raw=0.1665)  vol=$5  trades=2  first_trade=2025-12-18 03:43  winrate=0.152  n_markets_traded=33.000  herfindahl_index_markets=0.220
11:46:14 [super]   #311   0xad3d983cbd075da810a755cb37603097adca6bf6  prob=0.0632 (raw=0.1664)  vol=$651  trades=31  first_trade=2025-11-10 19:50  winrate=0.500  n_markets_traded=4.000  herfindahl_index_markets=0.333
11:46:14 [super]   #312   0xd5341e4b594a386452644b4e0fb5b6d8b621eb56  prob=0.0632 (raw=0.1662)  vol=$2  trades=2  first_trade=2025-11-10 09:01  winrate=0.400  n_markets_traded=15.000  herfindahl_index_markets=0.352
11:46:14 [super]   #313   0x7ee2af1a94cf5982043d2043413b67f93aa9ab9e  prob=0.0632 (raw=0.1661)  vol=$2,236  trades=787  first_trade=2025-12-17 20:43  winrate=0.000  n_markets_traded=1.000  herfindahl_index_markets=1.000
11:46:14 [super]   #314   0xecd33c0e0c00fc96ff3a1252bf17d403e83f4285  prob=0.0631 (raw=0.1656)  vol=$1,750  trades=36  first_trade=2025-12-09 12:03  winrate=0.565  n_markets_traded=112.000  herfindahl_index_markets=0.025
11:46:14 [super]   #315   0x3b6480bf3f13475754f741f069af7616a510e425  prob=0.0630 (raw=0.1654)  vol=$30  trades=5  first_trade=2025-12-17 08:40  winrate=0.000  n_markets_traded=1.000  herfindahl_index_markets=1.000
11:46:14 [super]   #316   0x9c58d833307ec22229bad4874d3c4e07883170ca  prob=0.0628 (raw=0.1647)  vol=$2  trades=4  first_trade=2025-12-06 22:07  winrate=0.500  n_markets_traded=2.000  herfindahl_index_markets=0.557
11:46:14 [super]   #317   0x8c6f4c55a4179604c0412521282cd4dd0678912a  prob=0.0628 (raw=0.1646)  vol=$17  trades=5  first_trade=2025-12-05 02:20  winrate=0.429  n_markets_traded=35.000  herfindahl_index_markets=0.425
11:46:14 [super]   #318   0x1c4a9d356284a3253af16df508032279c864a624  prob=0.0624 (raw=0.1630)  vol=$129  trades=4  first_trade=2025-11-10 18:18  winrate=0.000  n_markets_traded=1.000  herfindahl_index_markets=1.000
11:46:14 [super]   #319   0x4c1cfde2bf3b929b6d83c0049c64c7e11f49f4fa  prob=0.0620 (raw=0.1615)  vol=$159  trades=4  first_trade=2025-12-07 14:11  winrate=0.000  n_markets_traded=2.000  herfindahl_index_markets=0.501
11:46:14 [super]   #320   0x0a75fff3611e27254b49ebe6b7647dec16efbb29  prob=0.0620 (raw=0.1613)  vol=$3  trades=4  first_trade=2025-12-06 16:42  winrate=0.000  n_markets_traded=8.000  herfindahl_index_markets=0.179
11:46:14 [super]   #321   0xfcee714734658067e9c2dc7db365985f34ed6fec  prob=0.0619 (raw=0.1610)  vol=$68  trades=5  first_trade=2025-12-19 07:24  winrate=0.500  n_markets_traded=6.000  herfindahl_index_markets=0.299
11:46:14 [super]   #322   0x7744bfd749a70020d16a1fcbac1d064761c9999e  prob=0.0619 (raw=0.1609)  vol=$23,092  trades=52  first_trade=2025-11-17 12:34  winrate=NaN  n_markets_traded=0.000  herfindahl_index_markets=0.000
11:46:14 [super]   #323   0x72852aab428ac125f4cea528c0a332edf9ad55f1  prob=0.0619 (raw=0.1609)  vol=$1  trades=2  first_trade=2025-12-17 06:26  winrate=0.571  n_markets_traded=20.000  herfindahl_index_markets=0.232
11:46:14 [super]   #324   0x21a3e22cf2918a7ef74a7636796768e249d27877  prob=0.0618 (raw=0.1608)  vol=$41  trades=5  first_trade=2025-12-17 05:36  winrate=0.000  n_markets_traded=3.000  herfindahl_index_markets=0.540
11:46:14 [super]   #325   0x41f1d4573e8f1ae31b35fbc463c70eea18a83dcc  prob=0.0618 (raw=0.1607)  vol=$191  trades=3  first_trade=2025-12-15 11:15  winrate=NaN  n_markets_traded=0.000  herfindahl_index_markets=0.000
11:46:14 [super]   #326   0x627dce953a7bd0bc6a1138b251d794f18cc5cf6b  prob=0.0618 (raw=0.1605)  vol=$3,575  trades=26  first_trade=2025-12-16 19:10  winrate=0.000  n_markets_traded=6.000  herfindahl_index_markets=0.310
11:46:14 [super]   #327   0x4d803ea23f7046b9e632fae80e4edf2216317f03  prob=0.0617 (raw=0.1600)  vol=$8  trades=2  first_trade=2025-11-15 21:27  winrate=0.680  n_markets_traded=25.000  herfindahl_index_markets=0.102
11:46:14 [super]   #328   0x7d034681b06e2a944a9bf45176bf70d5fd446d94  prob=0.0616 (raw=0.1599)  vol=$49  trades=4  first_trade=2025-12-11 14:03  winrate=0.000  n_markets_traded=5.000  herfindahl_index_markets=0.225
11:46:14 [super]   #329   0xbb20097dde2ac454c1e767832be18a57f2e563fa  prob=0.0615 (raw=0.1594)  vol=$9  trades=2  first_trade=2025-12-18 22:22  winrate=0.182  n_markets_traded=11.000  herfindahl_index_markets=0.191
11:46:14 [super]   #330   0xdff1e3ca1aa36dc1ec4ed92e01720a9862154cc3  prob=0.0613 (raw=0.1587)  vol=$20  trades=3  first_trade=2025-12-08 13:21  winrate=0.000  n_markets_traded=2.000  herfindahl_index_markets=0.887
11:46:14 [super]   #331   0x633c22ded08330a500d10c6686838d5340d1b6d1  prob=0.0612 (raw=0.1583)  vol=$37  trades=6  first_trade=2025-11-13 19:10  winrate=0.000  n_markets_traded=2.000  herfindahl_index_markets=0.500
11:46:14 [super]   #332   0x58d3f6cf730f3f7370ceb84fb5c03f0bce195651  prob=0.0610 (raw=0.1576)  vol=$31  trades=4  first_trade=2025-11-16 02:39  winrate=0.000  n_markets_traded=2.000  herfindahl_index_markets=0.500
11:46:14 [super]   #333   0x233068a6fa13d4cea1727f698ccfb790bc15b0fe  prob=0.0610 (raw=0.1575)  vol=$34  trades=3  first_trade=2025-11-07 20:54  winrate=0.423  n_markets_traded=26.000  herfindahl_index_markets=0.102
11:46:14 [super]   #334   0x7ae4b0ba3df0e749c7f3bdcaed083e09a36a5cd2  prob=0.0610 (raw=0.1574)  vol=$119  trades=2  first_trade=2025-12-07 04:38  winrate=0.222  n_markets_traded=9.000  herfindahl_index_markets=0.239
11:46:14 [super]   #335   0x35fda53a897da421bce62c853d90eb258b90f1f8  prob=0.0609 (raw=0.1569)  vol=$156  trades=4  first_trade=2025-11-10 17:50  winrate=0.000  n_markets_traded=2.000  herfindahl_index_markets=0.520
11:46:14 [super]   #336   0x94fe8999573c0529815c64270614bfbb80d6dbf8  prob=0.0608 (raw=0.1567)  vol=$68  trades=7  first_trade=2025-11-09 10:52  winrate=NaN  n_markets_traded=0.000  herfindahl_index_markets=0.000
11:46:14 [super]   #337   0x84f815a4440f24037df40e2e7fbdd2bc359f1d17  prob=0.0608 (raw=0.1566)  vol=$82  trades=6  first_trade=2025-12-11 03:38  winrate=0.000  n_markets_traded=6.000  herfindahl_index_markets=0.297
11:46:14 [super]   #338   0x309aea1bbddc65b390576fd910590d6a0625342d  prob=0.0608 (raw=0.1565)  vol=$31  trades=4  first_trade=2025-11-10 20:21  winrate=0.000  n_markets_traded=1.000  herfindahl_index_markets=1.000
11:46:14 [super]   #339   0x4271f49df21a5b7589c10faa75c16e4685e2ad01  prob=0.0606 (raw=0.1558)  vol=$3,163  trades=16  first_trade=2025-12-09 14:23  winrate=0.000  n_markets_traded=1.000  herfindahl_index_markets=1.000
11:46:14 [super]   #340   0xcd70c2a03d0adcb1a8ead4fef0d440e7e48d3ebb  prob=0.0605 (raw=0.1552)  vol=$14  trades=3  first_trade=2025-12-07 14:30  winrate=0.000  n_markets_traded=6.000  herfindahl_index_markets=0.905
11:46:14 [super]   #341   0x1eb3d8357d0756d8c3d305b5431156ce8c59b0c2  prob=0.0605 (raw=0.1552)  vol=$154  trades=6  first_trade=2025-11-11 18:44  winrate=0.000  n_markets_traded=2.000  herfindahl_index_markets=0.500
11:46:14 [super]   #342   0xca86a93a94dd9e66392f6ad636e46a052773aaa7  prob=0.0603 (raw=0.1547)  vol=$179  trades=13  first_trade=2025-10-22 15:08  winrate=0.800  n_markets_traded=5.000  herfindahl_index_markets=0.333
11:46:14 [super]   #343   0x275c811f41cb354b88ca089679d4378a1111aa62  prob=0.0602 (raw=0.1543)  vol=$61  trades=4  first_trade=2025-11-11 18:07  winrate=0.000  n_markets_traded=1.000  herfindahl_index_markets=1.000
11:46:14 [super]   #344   0x29221ad21e233f1b00ce68c70cef31957f6fa37e  prob=0.0601 (raw=0.1538)  vol=$344  trades=8  first_trade=2025-11-09 04:32  winrate=0.375  n_markets_traded=16.000  herfindahl_index_markets=0.522
11:46:14 [super]   #345   0x055314f98daab157ad82126abcd232267e26047a  prob=0.0600 (raw=0.1535)  vol=$2  trades=2  first_trade=2025-10-22 14:16  winrate=0.447  n_markets_traded=72.000  herfindahl_index_markets=0.027
11:46:14 [super]   #346   0xde93eaae608df5067373da26b26ad9699979e9e6  prob=0.0600 (raw=0.1534)  vol=$18  trades=8  first_trade=2025-11-09 14:00  winrate=NaN  n_markets_traded=0.000  herfindahl_index_markets=0.000
11:46:14 [super]   #347   0x78832ccdfea6e10d202b86fe8e30f36b60f71da8  prob=0.0600 (raw=0.1533)  vol=$507  trades=2  first_trade=2025-12-12 06:22  winrate=0.462  n_markets_traded=13.000  herfindahl_index_markets=0.112
11:46:14 [super]   #348   0x8c13e3d140005cd1934a0061eb8911b25099eb7f  prob=0.0600 (raw=0.1532)  vol=$51  trades=6  first_trade=2025-11-10 20:06  winrate=0.000  n_markets_traded=2.000  herfindahl_index_markets=0.500
11:46:14 [super]   #349   0xf5b08647bbbf90d10d1b32aa946c10120567ea27  prob=0.0600 (raw=0.1532)  vol=$82  trades=8  first_trade=2025-11-10 17:50  winrate=0.000  n_markets_traded=2.000  herfindahl_index_markets=0.556
11:46:14 [super]   #350   0x6dabd6bde38b8e63b599c740e74620b1e4ce9b5f  prob=0.0599 (raw=0.1527)  vol=$201  trades=8  first_trade=2025-11-02 07:14  winrate=0.000  n_markets_traded=1.000  herfindahl_index_markets=1.000
11:46:14 [super]   #351   0x4bad34abbdc8421b06e436dcd1c0a535b4bf5bae  prob=0.0597 (raw=0.1520)  vol=$14  trades=5  first_trade=2025-12-09 06:37  winrate=0.667  n_markets_traded=6.000  herfindahl_index_markets=0.301
11:46:14 [super]   #352   0x45721362269008ac5988bec2e5c22ca463af5e86  prob=0.0596 (raw=0.1515)  vol=$492  trades=4  first_trade=2025-10-22 14:28  winrate=0.222  n_markets_traded=9.000  herfindahl_index_markets=0.656
11:46:14 [super]   #353   0xb7dafd022d8b852394624374ccdd01b49b00c95b  prob=0.0594 (raw=0.1509)  vol=$322  trades=6  first_trade=2025-12-16 02:11  winrate=0.652  n_markets_traded=23.000  herfindahl_index_markets=0.076
11:46:14 [super]   #354   0x3749ae5313a1c47306cae43b5d30988296907ad0  prob=0.0593 (raw=0.1506)  vol=$518  trades=17  first_trade=2025-12-09 18:33  winrate=0.340  n_markets_traded=53.000  herfindahl_index_markets=0.106
11:46:14 [super]   #355   0xb5b3c65695386d5b14ed817c0373c570a1f7507b  prob=0.0593 (raw=0.1505)  vol=$420  trades=14  first_trade=2025-12-12 21:08  winrate=0.378  n_markets_traded=82.000  herfindahl_index_markets=0.069
11:46:14 [super]   #356   0x6cc07e1768cbc4789ebca737a3f23fe819b836dc  prob=0.0592 (raw=0.1500)  vol=$281  trades=9  first_trade=2025-11-05 23:27  winrate=0.000  n_markets_traded=4.000  herfindahl_index_markets=0.276
11:46:14 [super]   #357   0x87aeff044aeae5ce78d6e6f75daa6fdaccc2412b  prob=0.0591 (raw=0.1497)  vol=$56  trades=5  first_trade=2025-11-09 07:09  winrate=0.222  n_markets_traded=9.000  herfindahl_index_markets=0.151
11:46:14 [super]   #358   0x3b297f80f9ff63d51218032c8293933357db028b  prob=0.0589 (raw=0.1486)  vol=$1  trades=2  first_trade=2025-12-08 17:36  winrate=0.143  n_markets_traded=7.000  herfindahl_index_markets=0.156
11:46:14 [super]   #359   0xdc702ccc322250e0adbf52e26cb4750b4ddc3e5c  prob=0.0587 (raw=0.1480)  vol=$3,051  trades=19  first_trade=2025-12-04 09:15  winrate=0.444  n_markets_traded=9.000  herfindahl_index_markets=0.239
11:46:14 [super]   #360   0xea048580b106d613c1bc878f981501be51b2e6e7  prob=0.0587 (raw=0.1478)  vol=$86  trades=5  first_trade=2025-12-12 14:29  winrate=0.000  n_markets_traded=5.000  herfindahl_index_markets=0.344
11:46:14 [super]   #361   0x25c859c56c8030e661e679dd9893a8dc50b1eb89  prob=0.0585 (raw=0.1471)  vol=$89  trades=18  first_trade=2025-12-02 17:57  winrate=0.000  n_markets_traded=19.000  herfindahl_index_markets=0.055
11:46:14 [super]   #362   0xd09370aad9414257683a615693e505e2e549962b  prob=0.0581 (raw=0.1454)  vol=$70,023  trades=132  first_trade=2025-12-17 07:01  winrate=0.667  n_markets_traded=27.000  herfindahl_index_markets=0.370
11:46:14 [super]   #363   0x03b66fa3da1f4d7a197b23a5c735d167887677ff  prob=0.0580 (raw=0.1449)  vol=$838  trades=36  first_trade=2025-10-21 22:16  winrate=0.200  n_markets_traded=5.000  herfindahl_index_markets=0.399
11:46:14 [super]   #364   0x7ec427f5cbe17590ddbbee7f91c58e4493849e4d  prob=0.0580 (raw=0.1447)  vol=$89  trades=6  first_trade=2025-11-17 17:35  winrate=0.000  n_markets_traded=2.000  herfindahl_index_markets=0.500
11:46:14 [super]   #365   0x4825eb5621d0ffca0a53133b7b8ac3d130102ed7  prob=0.0577 (raw=0.1437)  vol=$20  trades=2  first_trade=2025-12-08 08:11  winrate=0.714  n_markets_traded=21.000  herfindahl_index_markets=0.525
11:46:14 [super]   #366   0x77a4a889972c4031b360fae3f8c62b15e8fb4d1d  prob=0.0577 (raw=0.1437)  vol=$17  trades=4  first_trade=2025-12-05 23:14  winrate=0.000  n_markets_traded=2.000  herfindahl_index_markets=0.670
11:46:14 [super]   #367   0xa95f45fe6ee731ae5c631402fb86852700e52bdb  prob=0.0577 (raw=0.1435)  vol=$98  trades=9  first_trade=2025-12-19 00:44  winrate=NaN  n_markets_traded=NaN  herfindahl_index_markets=NaN
11:46:14 [super]   #368   0x9da6c03091c356ab2e4f9db7216d1fe752732d03  prob=0.0577 (raw=0.1434)  vol=$30  trades=5  first_trade=2025-12-06 01:25  winrate=0.000  n_markets_traded=9.000  herfindahl_index_markets=0.122
11:46:14 [super]   #369   0x28392aa07ba8a2c7d241e95307c1588487dc9eab  prob=0.0576 (raw=0.1430)  vol=$515  trades=6  first_trade=2025-12-08 03:08  winrate=0.000  n_markets_traded=1.000  herfindahl_index_markets=1.000
11:46:14 [super]   #370   0xe490b648bb38237f4956df04fc121b80b1d9c548  prob=0.0576 (raw=0.1430)  vol=$12  trades=2  first_trade=2025-11-15 11:12  winrate=0.000  n_markets_traded=1.000  herfindahl_index_markets=1.000
11:46:14 [super]   #371   0x2bbbe749a66b1ba0fd882e6eb67706e04942f79f  prob=0.0575 (raw=0.1428)  vol=$10  trades=3  first_trade=2025-11-10 10:57  winrate=0.000  n_markets_traded=3.000  herfindahl_index_markets=0.421
11:46:14 [super]   #372   0x367afffb81cd9b769a8464eba798eccb7a6cc478  prob=0.0575 (raw=0.1427)  vol=$58  trades=4  first_trade=2025-11-22 09:41  winrate=0.000  n_markets_traded=1.000  herfindahl_index_markets=1.000
11:46:14 [super]   #373   0x01046512136daa7e8d2be182fa7486291125d179  prob=0.0574 (raw=0.1424)  vol=$24  trades=12  first_trade=2025-11-11 07:32  winrate=0.000  n_markets_traded=2.000  herfindahl_index_markets=0.859
11:46:14 [super]   #374   0x31b5dafddf1eb8baae2d931e41755408019c5dec  prob=0.0574 (raw=0.1421)  vol=$8  trades=7  first_trade=2025-12-17 08:03  winrate=0.000  n_markets_traded=1.000  herfindahl_index_markets=1.000
11:46:14 [super]   #375   0x1e5a2134ce836cb00669b2dd48baf8d7bd3d5d6a  prob=0.0571 (raw=0.1411)  vol=$2  trades=2  first_trade=2025-11-14 03:50  winrate=0.458  n_markets_traded=24.000  herfindahl_index_markets=0.158
11:46:14 [super]   #376   0x636d7b7f2c56697343d791448fbc0bdc6b8eacc3  prob=0.0571 (raw=0.1409)  vol=$2,711  trades=7  first_trade=2025-12-17 20:09  winrate=0.000  n_markets_traded=1.000  herfindahl_index_markets=1.000
11:46:14 [super]   #377   0x4e4f128e6a84a9a02e48634b3f42d11b103d4f8b  prob=0.0570 (raw=0.1406)  vol=$67  trades=5  first_trade=2025-12-08 18:59  winrate=0.087  n_markets_traded=23.000  herfindahl_index_markets=0.196
11:46:14 [super]   #378   0x80458aae2ac5420cd9fab6bf26bc7a0128c85b8f  prob=0.0570 (raw=0.1405)  vol=$920  trades=10  first_trade=2025-12-07 12:17  winrate=0.000  n_markets_traded=10.000  herfindahl_index_markets=0.292
11:46:14 [super]   #379   0x6c0426a7d5e76dde19544833506b353791d3ac99  prob=0.0570 (raw=0.1404)  vol=$84  trades=12  first_trade=2025-12-08 11:49  winrate=0.143  n_markets_traded=7.000  herfindahl_index_markets=0.727
11:46:14 [super]   #380   0x253ef21e0a46386cb6c8b1d0188fada2ccac9bc3  prob=0.0569 (raw=0.1401)  vol=$3  trades=4  first_trade=2025-12-02 18:11  winrate=0.000  n_markets_traded=7.000  herfindahl_index_markets=0.262
11:46:14 [super]   #381   0x721771f36e8cb4c0f09ef33dc3c463f7b133a87c  prob=0.0568 (raw=0.1399)  vol=$83  trades=5  first_trade=2025-12-13 16:37  winrate=0.000  n_markets_traded=9.000  herfindahl_index_markets=0.302
11:46:14 [super]   #382   0x4d7b931a2963d251ab42dd6c21792d25a92e1790  prob=0.0567 (raw=0.1394)  vol=$406  trades=14  first_trade=2025-11-10 05:56  winrate=0.079  n_markets_traded=38.000  herfindahl_index_markets=0.249
11:46:14 [super]   #383   0xf059365bc238985c1c49adbfd09df32bdea86f38  prob=0.0566 (raw=0.1390)  vol=$22,970  trades=48  first_trade=2025-12-18 02:28  winrate=0.333  n_markets_traded=12.000  herfindahl_index_markets=0.126
11:46:14 [super]   #384   0x6c6fbf37e6656e575a1acf731d3b6130e0125f9c  prob=0.0566 (raw=0.1389)  vol=$1  trades=2  first_trade=2025-12-17 06:38  winrate=0.439  n_markets_traded=41.000  herfindahl_index_markets=0.099
11:46:14 [super]   #385   0x8149c70341bfb1313f952184ba7541b1da2735fe  prob=0.0566 (raw=0.1387)  vol=$10  trades=2  first_trade=2025-12-13 17:36  winrate=0.735  n_markets_traded=47.000  herfindahl_index_markets=0.334
11:46:14 [super]   #386   0x5b0a274c2b0310f60da3e2eb10eb4cff84d4c378  prob=0.0565 (raw=0.1384)  vol=$535  trades=16  first_trade=2025-12-13 04:16  winrate=0.000  n_markets_traded=4.000  herfindahl_index_markets=0.458
11:46:14 [super]   #387   0x9256dc04d6a9af8410c253bb5c52a8ff6eb62e8b  prob=0.0564 (raw=0.1381)  vol=$98  trades=7  first_trade=2025-11-06 21:59  winrate=0.600  n_markets_traded=17.000  herfindahl_index_markets=0.208
11:46:14 [super]   #388   0x1b18c1a042c9227943a243b7914fa200ac5c899c  prob=0.0562 (raw=0.1371)  vol=$30  trades=4  first_trade=2025-12-04 09:15  winrate=0.588  n_markets_traded=17.000  herfindahl_index_markets=0.090
11:46:14 [super]   #389   0xa5573460a3e2f9737695b5d5bad4022bed3ed95c  prob=0.0562 (raw=0.1370)  vol=$290  trades=34  first_trade=2025-10-22 23:54  winrate=NaN  n_markets_traded=0.000  herfindahl_index_markets=0.000
11:46:14 [super]   #390   0xb9516e965b4bd748e4cfce5e5faf5dac2ffb8c54  prob=0.0561 (raw=0.1368)  vol=$8  trades=2  first_trade=2025-12-08 20:07  winrate=0.167  n_markets_traded=30.000  herfindahl_index_markets=0.061
11:46:14 [super]   #391   0xb71ac36a76f72a8a91b23336d40bd156944e2bbc  prob=0.0560 (raw=0.1363)  vol=$56  trades=5  first_trade=2025-11-10 20:03  winrate=0.000  n_markets_traded=2.000  herfindahl_index_markets=0.633
11:46:14 [super]   #392   0x6404bfa37fe830e29ee8967e1c3b2a8091d5f250  prob=0.0560 (raw=0.1363)  vol=$4,330  trades=13  first_trade=2025-12-04 12:47  winrate=0.556  n_markets_traded=130.000  herfindahl_index_markets=0.031
11:46:14 [super]   #393   0xe0b589edc8b685a1e37a05c815e3e5fb6ed163ab  prob=0.0560 (raw=0.1361)  vol=$100  trades=4  first_trade=2025-11-11 09:53  winrate=0.000  n_markets_traded=2.000  herfindahl_index_markets=0.839
11:46:14 [super]   #394   0x15dbf7b34198c615e438e3c81910d0d23dbfb876  prob=0.0558 (raw=0.1354)  vol=$26  trades=5  first_trade=2025-12-05 00:29  winrate=0.000  n_markets_traded=5.000  herfindahl_index_markets=0.400
11:46:14 [super]   #395   0x2e3c9584fd3ed59c303a38e78cf9474e3a44f008  prob=0.0558 (raw=0.1353)  vol=$890  trades=7  first_trade=2025-10-21 22:15  winrate=0.250  n_markets_traded=4.000  herfindahl_index_markets=0.355
11:46:14 [super]   #396   0x5ebb10e41893238b4a96bf6dcf6756114997c271  prob=0.0558 (raw=0.1353)  vol=$4  trades=8  first_trade=2025-12-19 12:27  winrate=0.333  n_markets_traded=3.000  herfindahl_index_markets=0.629
11:46:14 [super]   #397   0x6e0bb8eb18be9ec28842183116358a983b13eade  prob=0.0558 (raw=0.1352)  vol=$3  trades=2  first_trade=2025-11-16 01:00  winrate=0.000  n_markets_traded=2.000  herfindahl_index_markets=0.514
11:46:14 [super]   #398   0xf0575f0dda3b9405e45a93419dc8bcd3ad586ec2  prob=0.0557 (raw=0.1350)  vol=$6  trades=1  first_trade=2025-12-11 08:36  winrate=0.529  n_markets_traded=140.000  herfindahl_index_markets=0.037
11:46:14 [super]   #399   0x962fb9dce51c694128eaec9c769e72c20aa5f724  prob=0.0557 (raw=0.1350)  vol=$319  trades=42  first_trade=2025-12-18 03:06  winrate=0.062  n_markets_traded=16.000  herfindahl_index_markets=0.412
11:46:14 [super]   #400   0xb9e0bb402830a16a9338eebe8e2ef47f1911a793  prob=0.0557 (raw=0.1350)  vol=$1,810  trades=15  first_trade=2025-11-10 19:49  winrate=0.000  n_markets_traded=6.000  herfindahl_index_markets=0.274
11:46:14 [super]   #401   0x80ad576bb9132ccdaa6d746fadb291057b56f700  prob=0.0557 (raw=0.1348)  vol=$167  trades=7  first_trade=2025-12-11 09:06  winrate=0.344  n_markets_traded=32.000  herfindahl_index_markets=0.112
11:46:14 [super]   #402   0xbce8ccb881894c11f835e3139b3573456c542cce  prob=0.0554 (raw=0.1334)  vol=$50  trades=4  first_trade=2025-11-10 18:14  winrate=0.000  n_markets_traded=2.000  herfindahl_index_markets=0.531
11:46:14 [super]   #403   0xf9fd261e17ad22cfb3189b90435064bb51840fbd  prob=0.0549 (raw=0.1312)  vol=$2  trades=2  first_trade=2025-12-12 10:13  winrate=0.549  n_markets_traded=82.000  herfindahl_index_markets=0.052
11:46:14 [super]   #404   0x1f140e6e66a6cc4bc9763b44acfd88bbbdd27c4c  prob=0.0548 (raw=0.1308)  vol=$4  trades=2  first_trade=2025-11-10 22:12  winrate=0.370  n_markets_traded=44.000  herfindahl_index_markets=0.080
11:46:14 [super]   #405   0x496cfdc49dfa3271fd2a5c2e257bf34d42f7941c  prob=0.0546 (raw=0.1299)  vol=$96  trades=7  first_trade=2025-12-14 04:09  winrate=0.000  n_markets_traded=2.000  herfindahl_index_markets=0.500
11:46:14 [super]   #406   0x090c39a06bf3d11f26c77553078a992e31e9ba4a  prob=0.0546 (raw=0.1299)  vol=$1  trades=2  first_trade=2025-12-06 03:11  winrate=0.405  n_markets_traded=37.000  herfindahl_index_markets=0.294
11:46:14 [super]   #407   0x5be9a356806b6e12d39ac3e3a57b15d244aed7d6  prob=0.0546 (raw=0.1298)  vol=$5  trades=2  first_trade=2025-11-18 20:32  winrate=0.000  n_markets_traded=3.000  herfindahl_index_markets=0.333
11:46:14 [super]   #408   0xdcf3755f45a3e76d352a6c39963a7dbb2d83932d  prob=0.0546 (raw=0.1297)  vol=$161  trades=7  first_trade=2025-12-05 04:46  winrate=0.552  n_markets_traded=55.000  herfindahl_index_markets=0.040
11:46:14 [super]   #409   0x2e40c70c4e59b47708c7fc031ae8d6eb6874dd4f  prob=0.0546 (raw=0.1297)  vol=$34  trades=6  first_trade=2025-11-12 18:55  winrate=0.500  n_markets_traded=2.000  herfindahl_index_markets=0.556
11:46:14 [super]   #410   0xc7418f2414c27f2c1f46b8e5a14f9f92bb27a040  prob=0.0545 (raw=0.1296)  vol=$23  trades=8  first_trade=2025-12-10 10:04  winrate=0.000  n_markets_traded=1.000  herfindahl_index_markets=1.000
11:46:14 [super]   #411   0x688ceea3f1b1113c8b24c197371e60f5593d6a73  prob=0.0545 (raw=0.1293)  vol=$882  trades=5  first_trade=2025-12-16 00:11  winrate=0.000  n_markets_traded=1.000  herfindahl_index_markets=1.000
11:46:14 [super]   #412   0x551e72eda42a5ab39d6d78239a1d9bbb5db6b0e0  prob=0.0545 (raw=0.1292)  vol=$128  trades=1  first_trade=2025-12-05 15:52  winrate=0.809  n_markets_traded=97.000  herfindahl_index_markets=0.071
11:46:14 [super]   #413   0xbc8a44d3da1b40c3122aa44790cf69a53fad62c7  prob=0.0544 (raw=0.1288)  vol=$370  trades=10  first_trade=2025-12-18 12:12  winrate=0.333  n_markets_traded=3.000  herfindahl_index_markets=0.833
11:46:14 [super]   #414   0x3eae20ac1d7331de8ae90db66cab892fd1ef2bb5  prob=0.0543 (raw=0.1286)  vol=$44  trades=5  first_trade=2025-11-11 02:13  winrate=0.000  n_markets_traded=2.000  herfindahl_index_markets=0.510
11:46:14 [super]   #415   0xb079114c73f0b9f9ba1f609bc2a14b8475cea1cc  prob=0.0543 (raw=0.1286)  vol=$127  trades=9  first_trade=2025-12-14 01:03  winrate=0.000  n_markets_traded=7.000  herfindahl_index_markets=0.188
11:46:14 [super]   #416   0x42c0527acabb0fcbed2c34db838590390bbbfe99  prob=0.0543 (raw=0.1285)  vol=$2,099  trades=8  first_trade=2025-12-19 02:04  winrate=0.000  n_markets_traded=2.000  herfindahl_index_markets=0.592
11:46:14 [super]   #417   0xc1cec52b4c42cf8bb92a74c890054fe4a7182e83  prob=0.0543 (raw=0.1285)  vol=$15  trades=2  first_trade=2025-11-15 22:01  winrate=0.400  n_markets_traded=15.000  herfindahl_index_markets=0.238
11:46:14 [super]   #418   0x1eb4831497a25bdca135bb25cabb93d932a5c297  prob=0.0542 (raw=0.1281)  vol=$17  trades=3  first_trade=2025-12-11 13:35  winrate=0.000  n_markets_traded=6.000  herfindahl_index_markets=0.167
11:46:14 [super]   #419   0x638498912ab691600d8b34bff12ca60962b0f33d  prob=0.0541 (raw=0.1274)  vol=$1  trades=2  first_trade=2025-12-18 13:27  winrate=0.000  n_markets_traded=2.000  herfindahl_index_markets=0.500
11:46:14 [super]   #420   0xbf7f70dc9ce2324b8d33d266605bd769e6190cad  prob=0.0539 (raw=0.1266)  vol=$28  trades=1  first_trade=2025-12-07 18:12  winrate=0.018  n_markets_traded=55.000  herfindahl_index_markets=0.061
11:46:14 [super]   #421   0x1daef4fe6b7780180bd22ce8cef3ac3f9ae3f2f4  prob=0.0538 (raw=0.1263)  vol=$10  trades=4  first_trade=2025-11-08 04:01  winrate=0.000  n_markets_traded=11.000  herfindahl_index_markets=0.319
11:46:14 [super]   #422   0x74c0b566ab3fba3f96e4ce03e24a14987ea3d829  prob=0.0538 (raw=0.1262)  vol=$2  trades=4  first_trade=2025-12-08 18:00  winrate=0.111  n_markets_traded=9.000  herfindahl_index_markets=0.227
11:46:14 [super]   #423   0x41ab5a4cee5f6405e2e901693f09a1a39abe6473  prob=0.0538 (raw=0.1261)  vol=$1,472  trades=5  first_trade=2025-11-18 04:35  winrate=0.632  n_markets_traded=19.000  herfindahl_index_markets=0.152
11:46:14 [super]   #424   0xdab1f33a7c038a423130624f3456d31c6e8ed569  prob=0.0537 (raw=0.1259)  vol=$282  trades=5  first_trade=2025-11-10 18:51  winrate=0.000  n_markets_traded=2.000  herfindahl_index_markets=0.552
11:46:14 [super]   #425   0x4aec00b594942dd4a109a63290aa867d70aa155e  prob=0.0537 (raw=0.1257)  vol=$306  trades=5  first_trade=2025-11-10 22:05  winrate=0.000  n_markets_traded=2.000  herfindahl_index_markets=0.500
11:46:14 [super]   #426   0xe6e63a4b4aa77a926db43335504603e3b82551be  prob=0.0536 (raw=0.1254)  vol=$26  trades=4  first_trade=2025-12-12 23:02  winrate=0.565  n_markets_traded=85.000  herfindahl_index_markets=0.021
11:46:14 [super]   #427   0x2dbfae3c589b8d5044736b8c7c843925702798b6  prob=0.0535 (raw=0.1248)  vol=$6  trades=2  first_trade=2025-12-14 17:47  winrate=0.530  n_markets_traded=100.000  herfindahl_index_markets=0.022
11:46:14 [super]   #428   0x11f2582f86836d29a403cf698b238e3b74453efd  prob=0.0534 (raw=0.1245)  vol=$123  trades=5  first_trade=2025-11-12 16:04  winrate=0.500  n_markets_traded=2.000  herfindahl_index_markets=0.506
11:46:14 [super]   #429   0xf101818502273cd867e6452cc2f22e0ac8dfb906  prob=0.0534 (raw=0.1242)  vol=$213  trades=19  first_trade=2025-12-08 11:52  winrate=0.000  n_markets_traded=1.000  herfindahl_index_markets=1.000
11:46:14 [super]   #430   0xfa27e84f225c9b9e05212d98ac11ceeba4bdf753  prob=0.0532 (raw=0.1235)  vol=$5,445  trades=70  first_trade=2025-12-18 06:50  winrate=0.000  n_markets_traded=1.000  herfindahl_index_markets=1.000
11:46:14 [super]   #431   0xa9239c0ca3dee2d03232481212474e1d781b6704  prob=0.0531 (raw=0.1232)  vol=$392  trades=18  first_trade=2025-11-08 21:26  winrate=NaN  n_markets_traded=0.000  herfindahl_index_markets=0.000
11:46:14 [super]   #432   0x80213b79ad61989f3b5cb5a806acd04518174f20  prob=0.0530 (raw=0.1226)  vol=$4  trades=1  first_trade=2025-12-12 14:19  winrate=0.679  n_markets_traded=106.000  herfindahl_index_markets=0.015
11:46:14 [super]   #433   0x862b673c133ee34576d0d9d06b033f708463e9b9  prob=0.0528 (raw=0.1217)  vol=$492  trades=10  first_trade=2025-11-03 12:44  winrate=0.000  n_markets_traded=2.000  herfindahl_index_markets=0.997
11:46:14 [super]   #434   0x9baa9c5e9f5671043b08cc47c89556904fb43f2b  prob=0.0528 (raw=0.1217)  vol=$5  trades=4  first_trade=2025-11-09 06:16  winrate=0.000  n_markets_traded=2.000  herfindahl_index_markets=0.998
11:46:14 [super]   #435   0x185510212e19ef3242ef2dbc9cd821db565f32bc  prob=0.0528 (raw=0.1216)  vol=$160  trades=13  first_trade=2025-11-10 08:57  winrate=0.362  n_markets_traded=47.000  herfindahl_index_markets=0.253
11:46:14 [super]   #436   0x4b65e2bb398224d1b19b8b1b4861e6520ede2d9b  prob=0.0527 (raw=0.1212)  vol=$54  trades=9  first_trade=2025-12-11 18:54  winrate=0.000  n_markets_traded=5.000  herfindahl_index_markets=0.296
11:46:14 [super]   #437   0x2de29a2431bd66e91bdb43271fe5f2828f470fbe  prob=0.0527 (raw=0.1210)  vol=$1,352  trades=9  first_trade=2025-12-17 14:20  winrate=0.000  n_markets_traded=1.000  herfindahl_index_markets=1.000
11:46:14 [super]   #438   0x5c75637d1c64562c4eb74d12530fa28a01faf522  prob=0.0524 (raw=0.1197)  vol=$2  trades=2  first_trade=2025-12-19 00:29  winrate=0.204  n_markets_traded=48.000  herfindahl_index_markets=0.097
11:46:14 [super]   #439   0x517cd59b822dd5cbbeaa2740e173a41f51ac8678  prob=0.0523 (raw=0.1193)  vol=$27  trades=2  first_trade=2025-11-17 21:12  winrate=0.000  n_markets_traded=2.000  herfindahl_index_markets=0.551
11:46:14 [super]   #440   0x0a3dbb00868c01a1e539fcb12304f33de4a0f4d3  prob=0.0522 (raw=0.1189)  vol=$10  trades=4  first_trade=2025-11-14 16:51  winrate=0.130  n_markets_traded=46.000  herfindahl_index_markets=0.047
11:46:14 [super]   #441   0x4013c5abbd94587447502895288eaae0da9005fb  prob=0.0522 (raw=0.1188)  vol=$22  trades=2  first_trade=2025-12-07 19:51  winrate=0.188  n_markets_traded=16.000  herfindahl_index_markets=0.144
11:46:14 [super]   #442   0x7f31591584261886c8704b7b69b36511c52283cf  prob=0.0522 (raw=0.1187)  vol=$78  trades=9  first_trade=2025-11-10 09:42  winrate=0.357  n_markets_traded=14.000  herfindahl_index_markets=0.216
11:46:14 [super]   #443   0xf55b7607046dc4b92a63eebbb2c8f477250a5a41  prob=0.0522 (raw=0.1187)  vol=$205  trades=5  first_trade=2025-11-10 18:09  winrate=0.000  n_markets_traded=2.000  herfindahl_index_markets=0.501
11:46:14 [super]   #444   0x164e7f647868ba59a62fb3967f9d2401f9595eaa  prob=0.0522 (raw=0.1186)  vol=$157  trades=7  first_trade=2025-11-10 22:05  winrate=0.000  n_markets_traded=3.000  herfindahl_index_markets=0.347
11:46:14 [super]   #445   0xb435b45b0a72a64a112373ec289fad5d10fda9f7  prob=0.0521 (raw=0.1181)  vol=$80  trades=4  first_trade=2025-11-11 11:47  winrate=0.000  n_markets_traded=2.000  herfindahl_index_markets=0.633
11:46:14 [super]   #446   0xee5084150790204f26c9f86fc93c4c237f88d53d  prob=0.0520 (raw=0.1181)  vol=$4  trades=4  first_trade=2025-10-22 17:02  winrate=0.000  n_markets_traded=4.000  herfindahl_index_markets=0.265
11:46:14 [super]   #447   0xf49f0a8f806964002c584628daf72c82519dc371  prob=0.0520 (raw=0.1179)  vol=$48  trades=4  first_trade=2025-11-10 17:27  winrate=0.130  n_markets_traded=23.000  herfindahl_index_markets=0.180
11:46:14 [super]   #448   0x1f0f7aee002c7c7a74ffd398b9692c4529378aa5  prob=0.0520 (raw=0.1177)  vol=$156  trades=6  first_trade=2025-11-10 18:30  winrate=0.000  n_markets_traded=2.000  herfindahl_index_markets=0.520
11:46:14 [super]   #449   0x4ebfc08858d3fb9d527e4729634e7d8ae037a54c  prob=0.0520 (raw=0.1177)  vol=$113  trades=6  first_trade=2025-11-10 19:42  winrate=0.000  n_markets_traded=2.000  herfindahl_index_markets=0.556
11:46:14 [super]   #450   0x43968dfd536f6b452cd057007ee2d3c2c972f0e1  prob=0.0518 (raw=0.1168)  vol=$154  trades=4  first_trade=2025-11-10 19:37  winrate=0.000  n_markets_traded=2.000  herfindahl_index_markets=0.536
11:46:14 [super]   #451   0x4b5081e90a8002f947b88209aa19cd10ba829e30  prob=0.0518 (raw=0.1168)  vol=$84  trades=5  first_trade=2025-11-10 20:44  winrate=0.000  n_markets_traded=2.000  herfindahl_index_markets=0.625
11:46:14 [super]   #452   0x00a8df34a1b56db67209def72b0f909b92bd0cbe  prob=0.0517 (raw=0.1166)  vol=$84  trades=6  first_trade=2025-12-08 13:29  winrate=0.125  n_markets_traded=8.000  herfindahl_index_markets=0.251
11:46:14 [super]   #453   0x8df64d4dc75b7efe1f82a5d8e66cd373b1188f34  prob=0.0517 (raw=0.1163)  vol=$6  trades=3  first_trade=2025-12-12 11:42  winrate=0.701  n_markets_traded=67.000  herfindahl_index_markets=0.025
11:46:14 [super]   #454   0xeae19473429420d397c5b00633e32bc8562e1f16  prob=0.0517 (raw=0.1162)  vol=$24  trades=2  first_trade=2025-12-18 00:52  winrate=0.000  n_markets_traded=3.000  herfindahl_index_markets=0.794
11:46:14 [super]   #455   0x2968f3a4daa635f1f82833ef75009b602bf8ce4c  prob=0.0516 (raw=0.1161)  vol=$404  trades=5  first_trade=2025-11-14 18:59  winrate=0.267  n_markets_traded=15.000  herfindahl_index_markets=0.276
11:46:14 [super]   #456   0x73a74a91c79595ca066d3248d3ba4a451b3b3763  prob=0.0515 (raw=0.1156)  vol=$78  trades=6  first_trade=2025-12-09 19:09  winrate=0.750  n_markets_traded=12.000  herfindahl_index_markets=0.136
11:46:14 [super]   #457   0xda475f640892d0014c086b7e4f25317f5778f40a  prob=0.0515 (raw=0.1156)  vol=$2,607  trades=7  first_trade=2025-12-12 17:25  winrate=0.679  n_markets_traded=81.000  herfindahl_index_markets=0.047
11:46:14 [super]   #458   0xc1e71ba9cec3ca2385044f0e189150549dacedc8  prob=0.0515 (raw=0.1155)  vol=$3  trades=2  first_trade=2025-12-15 19:51  winrate=0.312  n_markets_traded=16.000  herfindahl_index_markets=0.078
11:46:14 [super]   #459   0xfa44e0f04e28ff7bdc5e70591c0876dc1834fb36  prob=0.0515 (raw=0.1154)  vol=$84  trades=5  first_trade=2025-11-10 17:56  winrate=0.000  n_markets_traded=2.000  herfindahl_index_markets=0.531
11:46:14 [super]   #460   0xdb1606001086efd207472d4a4b0ad61bb364c129  prob=0.0515 (raw=0.1153)  vol=$37  trades=19  first_trade=2025-12-12 18:38  winrate=0.000  n_markets_traded=3.000  herfindahl_index_markets=0.333
11:46:14 [super]   #461   0x795fb6aff76f248e93d5587e0fce715796701871  prob=0.0513 (raw=0.1147)  vol=$95  trades=7  first_trade=2025-10-22 13:48  winrate=0.250  n_markets_traded=4.000  herfindahl_index_markets=0.330
11:46:14 [super]   #462   0xd5e244867c177c3d81a9e08fdc67c9603883018c  prob=0.0513 (raw=0.1147)  vol=$382  trades=12  first_trade=2025-12-08 22:55  winrate=0.250  n_markets_traded=8.000  herfindahl_index_markets=0.283
11:46:14 [super]   #463   0x780297a4b5b2b70c3c9f64b0bd1413474b1a903e  prob=0.0513 (raw=0.1145)  vol=$72  trades=5  first_trade=2025-11-10 19:07  winrate=0.000  n_markets_traded=1.000  herfindahl_index_markets=1.000
11:46:14 [super]   #464   0x7e9f438eaafbb73e9521a3be52ecfd2d050dba36  prob=0.0513 (raw=0.1145)  vol=$376  trades=7  first_trade=2025-11-30 21:28  winrate=0.000  n_markets_traded=3.000  herfindahl_index_markets=0.362
11:46:14 [super]   #465   0x22df56ed8c45e020579479b5e20e323a888bac97  prob=0.0513 (raw=0.1145)  vol=$200  trades=4  first_trade=2025-11-10 18:08  winrate=0.000  n_markets_traded=2.000  herfindahl_index_markets=0.506
11:46:14 [super]   #466   0xe8454ec48b47215dca732433f2d2201f7eb79fd8  prob=0.0512 (raw=0.1142)  vol=$3,363  trades=20  first_trade=2025-12-18 01:44  winrate=0.000  n_markets_traded=2.000  herfindahl_index_markets=0.501
11:46:14 [super]   #467   0x81388c195029fea5eaa1a36c893ae45f5ecf2151  prob=0.0512 (raw=0.1142)  vol=$146  trades=4  first_trade=2025-11-10 18:01  winrate=0.000  n_markets_traded=2.000  herfindahl_index_markets=0.520
11:46:14 [super]   #468   0xc21aeb23e19f675836f4127b0a77c0861fb20f7e  prob=0.0512 (raw=0.1140)  vol=$314  trades=9  first_trade=2025-12-15 04:25  winrate=0.286  n_markets_traded=7.000  herfindahl_index_markets=0.271
11:46:14 [super]   #469   0x29dcaf7c64c53556f630b9a2e77f29630d798539  prob=0.0511 (raw=0.1137)  vol=$95  trades=6  first_trade=2025-11-10 18:30  winrate=0.000  n_markets_traded=2.000  herfindahl_index_markets=0.571
11:46:14 [super]   #470   0x1e0f6008c6714e9fa4fbe63484df55fdc41b6e94  prob=0.0511 (raw=0.1135)  vol=$175  trades=5  first_trade=2025-11-10 20:08  winrate=0.000  n_markets_traded=2.000  herfindahl_index_markets=0.520
11:46:14 [super]   #471   0x8e165c1241a6a6d7632659ce35e42692f4566f0a  prob=0.0511 (raw=0.1135)  vol=$143  trades=4  first_trade=2025-11-10 18:45  winrate=0.000  n_markets_traded=2.000  herfindahl_index_markets=0.520
11:46:14 [super]   #472   0x463a2f92156661731aaa7412b8d443bd94ef35f7  prob=0.0510 (raw=0.1131)  vol=$120  trades=4  first_trade=2025-11-17 05:39  winrate=0.800  n_markets_traded=5.000  herfindahl_index_markets=0.275
11:46:14 [super]   #473   0xa7b42f29b8e355b79e703a1f8310e86656b5c538  prob=0.0510 (raw=0.1130)  vol=$43  trades=2  first_trade=2025-12-14 09:52  winrate=0.682  n_markets_traded=22.000  herfindahl_index_markets=0.676
11:46:14 [super]   #474   0xdd45e705ee2c41bd1d81da5bcb8ed0e8b30259b2  prob=0.0510 (raw=0.1129)  vol=$964  trades=55  first_trade=2025-12-05 02:19  winrate=NaN  n_markets_traded=0.000  herfindahl_index_markets=0.000
11:46:14 [super]   #475   0x380ac241c90913c760d1762240e2e66107b615bc  prob=0.0509 (raw=0.1126)  vol=$348  trades=4  first_trade=2025-12-08 03:08  winrate=0.000  n_markets_traded=4.000  herfindahl_index_markets=0.530
11:46:14 [super]   #476   0x75f187afc7e6fa40892641f67005c45098c3ac62  prob=0.0509 (raw=0.1124)  vol=$1  trades=2  first_trade=2025-12-06 07:42  winrate=0.655  n_markets_traded=290.000  herfindahl_index_markets=0.017
11:46:14 [super]   #477   0x36b262b48b377fe184b8e8cff185ec5ed31f4085  prob=0.0508 (raw=0.1123)  vol=$2  trades=2  first_trade=2025-11-09 13:18  winrate=0.095  n_markets_traded=21.000  herfindahl_index_markets=0.682
11:46:14 [super]   #478   0x2f27d4323a6fe99ef73473b90e8a4b118cde5f88  prob=0.0508 (raw=0.1121)  vol=$8  trades=4  first_trade=2025-11-29 18:00  winrate=0.000  n_markets_traded=3.000  herfindahl_index_markets=0.333
11:46:14 [super]   #479   0x8d786edb3d7f8b8dde630657285d7b6ee79ce8cd  prob=0.0508 (raw=0.1121)  vol=$143  trades=4  first_trade=2025-11-10 18:39  winrate=0.000  n_markets_traded=2.000  herfindahl_index_markets=0.500
11:46:14 [super]   #480   0xdc8edcc1c44bd1e0c6442f4c4a1da7db50852cb1  prob=0.0508 (raw=0.1121)  vol=$292  trades=9  first_trade=2025-10-24 15:07  winrate=0.111  n_markets_traded=9.000  herfindahl_index_markets=0.375
11:46:14 [super]   #481   0x1b47dddad080c11ea872ca859327b4b3e8faaccc  prob=0.0507 (raw=0.1114)  vol=$3  trades=4  first_trade=2025-11-15 14:21  winrate=0.000  n_markets_traded=5.000  herfindahl_index_markets=0.204
11:46:14 [super]   #482   0xa6c5689a386921f6209d0d72471e8138dc21e422  prob=0.0506 (raw=0.1113)  vol=$117  trades=6  first_trade=2025-12-08 13:56  winrate=0.000  n_markets_traded=3.000  herfindahl_index_markets=0.808
11:46:14 [super]   #483   0x86aa5929df3530597729b1b27ec3b8074f10c663  prob=0.0506 (raw=0.1111)  vol=$80  trades=6  first_trade=2025-12-18 03:36  winrate=0.000  n_markets_traded=9.000  herfindahl_index_markets=0.225
11:46:14 [super]   #484   0x8517504a1cd364ed5350ca4d5d3c480a03ace731  prob=0.0506 (raw=0.1109)  vol=$240  trades=3  first_trade=2025-12-09 23:16  winrate=0.111  n_markets_traded=9.000  herfindahl_index_markets=0.381
11:46:14 [super]   #485   0xdac66da09031c114caa79b4ddf85ed967f9d2905  prob=0.0504 (raw=0.1102)  vol=$1  trades=2  first_trade=2025-12-16 19:33  winrate=0.602  n_markets_traded=88.000  herfindahl_index_markets=0.337
11:46:14 [super]   #486   0x6f5d55b8c6815a12fcd56d9da2895a51284a394c  prob=0.0504 (raw=0.1101)  vol=$83  trades=5  first_trade=2025-11-10 18:19  winrate=0.000  n_markets_traded=2.000  herfindahl_index_markets=0.504
11:46:14 [super]   #487   0x75c7095f1c32691959579fa3da41edeb06a34101  prob=0.0503 (raw=0.1098)  vol=$122  trades=8  first_trade=2025-12-18 20:25  winrate=0.000  n_markets_traded=3.000  herfindahl_index_markets=0.344
11:46:14 [super]   #488   0xed4a9360b48335e4a333f5a7a04faa8cf67a7977  prob=0.0503 (raw=0.1096)  vol=$14  trades=2  first_trade=2025-12-12 12:36  winrate=0.571  n_markets_traded=7.000  herfindahl_index_markets=0.156
11:46:14 [super]   #489   0x202eedd3d01e0d793155841021463407556778c6  prob=0.0503 (raw=0.1096)  vol=$7  trades=4  first_trade=2025-10-22 14:15  winrate=0.000  n_markets_traded=4.000  herfindahl_index_markets=0.376
11:46:14 [super]   #490   0x4ab0ea405a170de59a5253b75c9b6192e3cc1b0b  prob=0.0502 (raw=0.1093)  vol=$640  trades=18  first_trade=2025-12-04 09:36  winrate=0.273  n_markets_traded=11.000  herfindahl_index_markets=0.156
11:46:14 [super]   #491   0x99477ead7a9c197d6662f5b42f3557e7d8278771  prob=0.0502 (raw=0.1092)  vol=$7  trades=8  first_trade=2025-12-19 02:41  winrate=0.000  n_markets_traded=2.000  herfindahl_index_markets=0.673
11:46:14 [super]   #492   0x75b535126805668be0cd81fe51477cccb441a43b  prob=0.0502 (raw=0.1090)  vol=$5,743  trades=42  first_trade=2025-12-07 16:30  winrate=0.000  n_markets_traded=2.000  herfindahl_index_markets=0.503
11:46:14 [super]   #493   0x6bf904d6cd176aa13108032d13e10e3a7d6a82fe  prob=0.0502 (raw=0.1090)  vol=$28  trades=3  first_trade=2025-12-11 13:30  winrate=0.000  n_markets_traded=7.000  herfindahl_index_markets=0.152
11:46:14 [super]   #494   0x3029493d94dd6bb9587744d0bb2abf23ff220ab1  prob=0.0501 (raw=0.1088)  vol=$4  trades=2  first_trade=2025-10-09 10:22  winrate=0.000  n_markets_traded=6.000  herfindahl_index_markets=0.415
11:46:14 [super]   #495   0x47731dcba8d12b0ea3483e635c1683e5f313cc5b  prob=0.0501 (raw=0.1086)  vol=$16  trades=10  first_trade=2025-12-19 09:57  winrate=0.452  n_markets_traded=31.000  herfindahl_index_markets=0.126
11:46:14 [super]   #496   0xad4e20ce7a841dbb53cd8ead45be94da7dc612f1  prob=0.0501 (raw=0.1086)  vol=$3,513  trades=22  first_trade=2025-12-12 14:12  winrate=0.333  n_markets_traded=11.000  herfindahl_index_markets=0.347
11:46:14 [super]   #497   0xf6c52229259e21a062f4e5526244ce3dc23a792f  prob=0.0500 (raw=0.1082)  vol=$10  trades=2  first_trade=2025-11-07 20:32  winrate=0.143  n_markets_traded=7.000  herfindahl_index_markets=0.144
11:46:14 [super]   #498   0x950c57444c2ba468d146731fb2549b735de1172e  prob=0.0499 (raw=0.1079)  vol=$227  trades=2  first_trade=2025-12-07 22:47  winrate=0.375  n_markets_traded=8.000  herfindahl_index_markets=0.204
11:46:14 [super]   #499   0xdc98120346916773e584bec56a5bc9edd82d8088  prob=0.0499 (raw=0.1078)  vol=$4  trades=4  first_trade=2025-11-09 07:13  winrate=NaN  n_markets_traded=0.000  herfindahl_index_markets=0.000
11:46:14 [super]   #500   0x5a9661815ea61caf7cde34eae022d6d4c14de153  prob=0.0499 (raw=0.1076)  vol=$6  trades=2  first_trade=2025-12-08 01:26  winrate=0.480  n_markets_traded=25.000  herfindahl_index_markets=0.299
11:46:14 [super]   #501   0x2b6a08dec79b5f37f93536ea76b2ce22fb73eea1  prob=0.0497 (raw=0.1065)  vol=$171  trades=10  first_trade=2025-10-22 11:39  winrate=0.250  n_markets_traded=4.000  herfindahl_index_markets=0.493
11:46:14 [super]   #502   0x373a949d617e60cbb25ca6df3f68018d573bf4c1  prob=0.0496 (raw=0.1064)  vol=$164  trades=6  first_trade=2025-12-12 22:01  winrate=NaN  n_markets_traded=0.000  herfindahl_index_markets=0.000
11:46:14 [super]   #503   0xc55468bac6c86395a7647dd63788a6ca9bba8cd9  prob=0.0495 (raw=0.1058)  vol=$2  trades=2  first_trade=2025-11-16 12:50  winrate=0.238  n_markets_traded=21.000  herfindahl_index_markets=0.056
11:46:14 [super]   #504   0xfe516a1ae74cd4716f64a835de4e19024dd0c0d3  prob=0.0494 (raw=0.1053)  vol=$532  trades=17  first_trade=2025-10-21 20:35  winrate=0.333  n_markets_traded=36.000  herfindahl_index_markets=0.242
11:46:14 [super]   #505   0xb9325f0c7c0c941090547781b923cb81e944b97e  prob=0.0494 (raw=0.1050)  vol=$11  trades=6  first_trade=2025-12-18 02:00  winrate=0.000  n_markets_traded=9.000  herfindahl_index_markets=0.111
11:46:14 [super]   #506   0xc4d2a3cba0e3c0c237d6eed7d0ed134a652873c2  prob=0.0493 (raw=0.1049)  vol=$15  trades=2  first_trade=2025-11-06 04:00  winrate=0.296  n_markets_traded=234.000  herfindahl_index_markets=0.053
11:46:14 [super]   #507   0xa0cbf03d645e5c6d6efad81463ca92f05ae30a41  prob=0.0493 (raw=0.1048)  vol=$153  trades=4  first_trade=2025-11-11 23:23  winrate=0.000  n_markets_traded=2.000  herfindahl_index_markets=0.520
11:46:14 [super]   #508   0x332c9dc6d187e7e24eea5977f2d51946c2c82aca  prob=0.0492 (raw=0.1045)  vol=$184  trades=48  first_trade=2025-12-17 07:41  winrate=0.000  n_markets_traded=1.000  herfindahl_index_markets=1.000
11:46:14 [super]   #509   0x1c0fef853cbbc67f1a951707ce2eae02e9256f84  prob=0.0492 (raw=0.1042)  vol=$99  trades=10  first_trade=2025-12-12 08:37  winrate=0.111  n_markets_traded=18.000  herfindahl_index_markets=0.167
11:46:14 [super]   #510   0xc6393f5177345cf7b9d9f3fbb782fd72da00c5a2  prob=0.0492 (raw=0.1042)  vol=$415  trades=6  first_trade=2025-12-19 06:07  winrate=0.000  n_markets_traded=11.000  herfindahl_index_markets=0.405
11:46:14 [super]   #511   0x162b495e262882d79e94ef814e76c41b520f052f  prob=0.0492 (raw=0.1041)  vol=$9  trades=4  first_trade=2025-11-10 19:16  winrate=0.000  n_markets_traded=25.000  herfindahl_index_markets=0.173
11:46:14 [super]   #512   0xbba9d81a99a1bced720a7cb156585a0d870fe9be  prob=0.0492 (raw=0.1041)  vol=$151  trades=4  first_trade=2025-11-10 18:04  winrate=0.000  n_markets_traded=2.000  herfindahl_index_markets=0.500
11:46:14 [super]   #513   0x5eec10f5f39da3d02cb5edc50e5c29ad679a4f4d  prob=0.0491 (raw=0.1036)  vol=$7  trades=4  first_trade=2025-10-23 08:13  winrate=0.000  n_markets_traded=18.000  herfindahl_index_markets=0.056
11:46:14 [super]   #514   0x819b6e4a9b87570761b54e6f32328abcf80da198  prob=0.0490 (raw=0.1032)  vol=$18  trades=6  first_trade=2025-12-10 02:09  winrate=0.264  n_markets_traded=53.000  herfindahl_index_markets=0.070
11:46:14 [super]   #515   0x80f10b49029e33fde02ac9fb183b49c79d681093  prob=0.0489 (raw=0.1027)  vol=$49  trades=6  first_trade=2025-11-02 14:03  winrate=0.000  n_markets_traded=4.000  herfindahl_index_markets=0.250
11:46:14 [super]   #516   0x1d5248ab1b1094154166e8e19ede2730ef335bf5  prob=0.0488 (raw=0.1021)  vol=$13  trades=3  first_trade=2025-12-12 03:05  winrate=0.227  n_markets_traded=22.000  herfindahl_index_markets=0.062
11:46:14 [super]   #517   0xf82ab3edf9cd9ddfe927aefecec742989123d221  prob=0.0487 (raw=0.1019)  vol=$63  trades=2  first_trade=2025-12-15 04:14  winrate=NaN  n_markets_traded=0.000  herfindahl_index_markets=0.000
11:46:14 [super]   #518   0x5ccaf3f62c9b33e3c23564551c0259772355b3d9  prob=0.0487 (raw=0.1017)  vol=$294  trades=13  first_trade=2025-12-18 17:35  winrate=0.000  n_markets_traded=2.000  herfindahl_index_markets=0.868
11:46:14 [super]   #519   0x1d899384f1a5e5113b5ec0ced78b090ba6b036f5  prob=0.0487 (raw=0.1015)  vol=$155  trades=9  first_trade=2025-12-12 06:14  winrate=0.273  n_markets_traded=22.000  herfindahl_index_markets=0.095
11:46:14 [super]   #520   0x994c93b99793d9f3fa052cefd52600e55d16b1a7  prob=0.0487 (raw=0.1015)  vol=$649  trades=10  first_trade=2025-11-11 09:35  winrate=0.250  n_markets_traded=4.000  herfindahl_index_markets=0.336
11:46:14 [super]   #521   0x295b4221b3b333afd859971ee061c2d676422e44  prob=0.0486 (raw=0.1014)  vol=$103  trades=11  first_trade=2025-10-23 13:03  winrate=0.333  n_markets_traded=15.000  herfindahl_index_markets=0.647
11:46:14 [super]   #522   0xd17341fa91ab96c1f5ba7069aba7227fcb3270e7  prob=0.0486 (raw=0.1013)  vol=$4  trades=4  first_trade=2025-11-02 11:35  winrate=0.000  n_markets_traded=2.000  herfindahl_index_markets=0.500
11:46:14 [super]   #523   0x357ecb1969b0a288d37e6a28223e620ef2082a0c  prob=0.0485 (raw=0.1007)  vol=$2,493  trades=22  first_trade=2025-12-06 03:42  winrate=NaN  n_markets_traded=0.000  herfindahl_index_markets=0.000
11:46:14 [super]   #524   0xd9fa5d994026ce74d4d85a22725637667be66ee7  prob=0.0484 (raw=0.1001)  vol=$20  trades=5  first_trade=2025-12-09 21:39  winrate=0.000  n_markets_traded=6.000  herfindahl_index_markets=0.278
11:46:14 [super]   #525   0xfcb3d684328cdbd1a66298285cda5d2e82bb0c71  prob=0.0484 (raw=0.1001)  vol=$11  trades=4  first_trade=2025-12-03 09:20  winrate=0.062  n_markets_traded=16.000  herfindahl_index_markets=0.144
11:46:14 [super]   #526   0xebf090d61cc03186fc6f8eb1c8d0a30d2e3a768e  prob=0.0484 (raw=0.1001)  vol=$41  trades=4  first_trade=2025-12-09 18:21  winrate=0.375  n_markets_traded=8.000  herfindahl_index_markets=0.170
11:46:14 [super]   #527   0x6522a1bac1aef6fcd9cbc8f8801e1ab21f7c9a2d  prob=0.0483 (raw=0.0997)  vol=$14  trades=3  first_trade=2025-10-30 19:21  winrate=0.171  n_markets_traded=35.000  herfindahl_index_markets=0.051
11:46:14 [super]   #528   0x2d9ad4d1cc6a2f9f786fdb3fd1525328ad747991  prob=0.0482 (raw=0.0994)  vol=$37  trades=5  first_trade=2025-12-07 14:56  winrate=0.643  n_markets_traded=322.000  herfindahl_index_markets=0.024
11:46:14 [super]   #529   0x8e7cc3fbd9e41f495d942c11146e21169fc208a5  prob=0.0482 (raw=0.0993)  vol=$8  trades=2  first_trade=2025-11-30 12:29  winrate=0.381  n_markets_traded=21.000  herfindahl_index_markets=0.112
11:46:14 [super]   #530   0x2a84807644fe811c9dcce74fa1980d6ea565f8a1  prob=0.0482 (raw=0.0992)  vol=$140  trades=6  first_trade=2025-11-11 01:18  winrate=0.571  n_markets_traded=7.000  herfindahl_index_markets=0.273
11:46:14 [super]   #531   0x81eaee011e60b8a14c36633dacee090d572f668b  prob=0.0482 (raw=0.0991)  vol=$252  trades=11  first_trade=2025-10-22 13:21  winrate=0.647  n_markets_traded=17.000  herfindahl_index_markets=0.111
11:46:14 [super]   #532   0x95158161ca5b28c8432ce3014324a96200e210d7  prob=0.0482 (raw=0.0990)  vol=$583  trades=10  first_trade=2025-11-05 11:23  winrate=0.500  n_markets_traded=8.000  herfindahl_index_markets=0.521
11:46:14 [super]   #533   0x53ea312b3b7ed4b08b09493f8e0b908d626286ef  prob=0.0481 (raw=0.0989)  vol=$1  trades=2  first_trade=2025-12-05 05:06  winrate=0.519  n_markets_traded=131.000  herfindahl_index_markets=0.027
11:46:14 [super]   #534   0xfb9972b6c72204e68d9d80dbfd2f37450276f8e6  prob=0.0481 (raw=0.0985)  vol=$14  trades=4  first_trade=2025-11-12 12:01  winrate=0.500  n_markets_traded=2.000  herfindahl_index_markets=0.708
11:46:14 [super]   #535   0xe3ebc1e6ca9513b8989d11a19ecc778980b4ff2e  prob=0.0481 (raw=0.0985)  vol=$18  trades=5  first_trade=2025-10-22 11:35  winrate=0.250  n_markets_traded=8.000  herfindahl_index_markets=0.274
11:46:14 [super]   #536   0xab2be5146bb355103fb61a80a83a0ee4c95f0d84  prob=0.0481 (raw=0.0985)  vol=$199  trades=5  first_trade=2025-11-13 07:50  winrate=0.250  n_markets_traded=4.000  herfindahl_index_markets=0.273
11:46:14 [super]   #537   0x9230ffc993720dd1515489b72b6a686b7f0a4999  prob=0.0481 (raw=0.0984)  vol=$6  trades=4  first_trade=2025-11-15 23:51  winrate=0.000  n_markets_traded=9.000  herfindahl_index_markets=0.113
11:46:14 [super]   #538   0xecd63e2b41a66acd81500aa6657b29bc88964afd  prob=0.0480 (raw=0.0983)  vol=$62  trades=4  first_trade=2025-11-10 20:43  winrate=0.000  n_markets_traded=3.000  herfindahl_index_markets=0.533
11:46:14 [super]   #539   0x4f11e8f0a369167e6131a49daa91135e15f7be8d  prob=0.0480 (raw=0.0982)  vol=$7,085  trades=32  first_trade=2025-11-15 07:35  winrate=0.000  n_markets_traded=2.000  herfindahl_index_markets=0.999
11:46:14 [super]   #540   0xb38bcf1d5ecd0e6f3f5eadca3c16ec7f6ad8c2a9  prob=0.0480 (raw=0.0982)  vol=$28  trades=2  first_trade=2025-11-28 03:02  winrate=0.462  n_markets_traded=13.000  herfindahl_index_markets=0.386
11:46:14 [super]   #541   0x6b1ac791cc83c1d0017f58887049caa893231989  prob=0.0480 (raw=0.0981)  vol=$605  trades=5  first_trade=2025-12-09 03:53  winrate=0.000  n_markets_traded=1.000  herfindahl_index_markets=1.000
11:46:14 [super]   #542   0x0d1436519a8ba4cf9b5244d0337258e767ffc06d  prob=0.0480 (raw=0.0980)  vol=$3,551  trades=27  first_trade=2025-12-08 14:10  winrate=0.043  n_markets_traded=46.000  herfindahl_index_markets=0.157
11:46:14 [super]   #543   0x44d6cf9bec452699559dc0d84b619a0e150718ca  prob=0.0480 (raw=0.0979)  vol=$4  trades=4  first_trade=2025-11-10 10:55  winrate=0.000  n_markets_traded=20.000  herfindahl_index_markets=0.068
11:46:14 [super]   #544   0xd3b0cbfc2d280da03f06c4746571f23362cd9e97  prob=0.0479 (raw=0.0979)  vol=$10  trades=12  first_trade=2025-12-19 01:19  winrate=0.111  n_markets_traded=27.000  herfindahl_index_markets=0.100
11:46:14 [super]   #545   0x84ab480d1f83a8f7ad1eb2b7330b71fe858c3258  prob=0.0479 (raw=0.0979)  vol=$17  trades=3  first_trade=2025-12-19 10:01  winrate=0.217  n_markets_traded=120.000  herfindahl_index_markets=0.034
11:46:14 [super]   #546   0x23697c7548ca996a6d9d0bebe108a15ea452cfd7  prob=0.0479 (raw=0.0977)  vol=$62  trades=6  first_trade=2025-12-03 09:41  winrate=0.000  n_markets_traded=8.000  herfindahl_index_markets=0.283
11:46:14 [super]   #547   0x41fbc8bb913bbeef3cd710f08ff21a70b9431049  prob=0.0479 (raw=0.0977)  vol=$397  trades=5  first_trade=2025-12-06 16:27  winrate=0.444  n_markets_traded=9.000  herfindahl_index_markets=0.195
11:46:14 [super]   #548   0xea80ef2a45a7c75cad7fcb9a5f9b693cc4a741af  prob=0.0479 (raw=0.0974)  vol=$1  trades=2  first_trade=2025-12-18 02:36  winrate=NaN  n_markets_traded=0.000  herfindahl_index_markets=0.000
11:46:14 [super]   #549   0x0b8a41ba158fe07d96752f4be9ceb11fd9fbb79c  prob=0.0478 (raw=0.0972)  vol=$230  trades=8  first_trade=2025-12-19 01:41  winrate=0.000  n_markets_traded=1.000  herfindahl_index_markets=1.000
11:46:14 [super]   #550   0x0ab6e4aaf9530f48125d4d63d3115a77311a3c2c  prob=0.0478 (raw=0.0971)  vol=$90  trades=3  first_trade=2025-12-10 08:20  winrate=0.389  n_markets_traded=18.000  herfindahl_index_markets=0.180
11:46:14 [super]   #551   0xe1c1d85972d9403b62cb658569c4d1329dfb00b0  prob=0.0477 (raw=0.0968)  vol=$6  trades=2  first_trade=2025-12-13 18:54  winrate=0.000  n_markets_traded=3.000  herfindahl_index_markets=0.551
11:46:14 [super]   #552   0xa6b307085e35905f98eae693f1df6099d491d56e  prob=0.0476 (raw=0.0960)  vol=$14  trades=4  first_trade=2025-11-10 18:17  winrate=0.000  n_markets_traded=3.000  herfindahl_index_markets=0.333
11:46:14 [super]   #553   0x78257996e65c84c9d0d6b71142cfc315029889a0  prob=0.0475 (raw=0.0957)  vol=$39  trades=7  first_trade=2025-12-12 18:40  winrate=0.000  n_markets_traded=7.000  herfindahl_index_markets=0.311
11:46:14 [super]   #554   0x672a11b1dbd6353905877871fbb03b7a582d04e8  prob=0.0475 (raw=0.0956)  vol=$10  trades=3  first_trade=2025-10-18 17:35  winrate=0.077  n_markets_traded=26.000  herfindahl_index_markets=0.146
11:46:14 [super]   #555   0x3c6bf734a2cdb52debb1d50a43299e1bf0d8c641  prob=0.0475 (raw=0.0955)  vol=$5  trades=4  first_trade=2025-12-12 06:38  winrate=0.000  n_markets_traded=1.000  herfindahl_index_markets=1.000
11:46:14 [super]   #556   0x3c3b07ca056934c4146e4aa848c564741019ce3b  prob=0.0475 (raw=0.0955)  vol=$27  trades=5  first_trade=2025-11-10 18:07  winrate=0.000  n_markets_traded=2.000  herfindahl_index_markets=0.619
11:46:14 [super]   #557   0x23d08c8d476f347b6e84dea6d8d9e84e1c82d98b  prob=0.0474 (raw=0.0950)  vol=$27  trades=5  first_trade=2025-10-22 18:31  winrate=0.400  n_markets_traded=5.000  herfindahl_index_markets=0.320
11:46:14 [super]   #558   0xfcdce9511194a68aed7856314cc582ed08b0734c  prob=0.0474 (raw=0.0949)  vol=$7  trades=2  first_trade=2025-12-12 16:23  winrate=0.500  n_markets_traded=26.000  herfindahl_index_markets=0.065
11:46:14 [super]   #559   0x809205fb1c91f746b9703ca412c4fdd0435db8a2  prob=0.0474 (raw=0.0948)  vol=$9  trades=2  first_trade=2025-12-19 02:59  winrate=NaN  n_markets_traded=0.000  herfindahl_index_markets=0.000
11:46:14 [super]   #560   0x025e3abeefa9ab9197d4ada5c5219e68a4218f22  prob=0.0473 (raw=0.0946)  vol=$9  trades=4  first_trade=2025-12-12 06:38  winrate=0.000  n_markets_traded=1.000  herfindahl_index_markets=1.000
11:46:14 [super]   #561   0x917d18318d2707362cc85df0a8b931028857d5df  prob=0.0473 (raw=0.0946)  vol=$10  trades=4  first_trade=2025-12-12 06:38  winrate=0.000  n_markets_traded=1.000  herfindahl_index_markets=1.000
11:46:14 [super]   #562   0xded0da4fde5b7580f9f6d6ba892297e26a4fa4b8  prob=0.0473 (raw=0.0945)  vol=$86  trades=2  first_trade=2025-12-15 16:45  winrate=0.000  n_markets_traded=1.000  herfindahl_index_markets=1.000
11:46:14 [super]   #563   0x5c6036675ca599f15c60b5cbbdeb31a43f3127f5  prob=0.0473 (raw=0.0944)  vol=$249  trades=8  first_trade=2025-12-13 00:36  winrate=0.125  n_markets_traded=8.000  herfindahl_index_markets=0.165
11:46:14 [super]   #564   0x777660bc5638df46683000cad9b726f73b1b8411  prob=0.0473 (raw=0.0944)  vol=$9  trades=4  first_trade=2025-11-10 23:02  winrate=0.000  n_markets_traded=5.000  herfindahl_index_markets=0.304
11:46:14 [super]   #565   0xc01160dc0861b15cb7eb8f0044576af34c680158  prob=0.0473 (raw=0.0944)  vol=$33  trades=6  first_trade=2025-12-12 16:19  winrate=0.000  n_markets_traded=5.000  herfindahl_index_markets=0.600
11:46:14 [super]   #566   0x37a389ca8cff61f16f1ff35df5199190346fd264  prob=0.0472 (raw=0.0942)  vol=$21  trades=3  first_trade=2025-12-04 21:02  winrate=NaN  n_markets_traded=0.000  herfindahl_index_markets=0.000
11:46:14 [super]   #567   0x937d05b2e0ffbf4e1676f5fc124bea3db69180ba  prob=0.0472 (raw=0.0941)  vol=$6  trades=1  first_trade=2025-12-09 22:09  winrate=0.333  n_markets_traded=38.000  herfindahl_index_markets=0.097
11:46:14 [super]   #568   0x379e1cf259a7799ddeb967e1d867350a8bb0fd36  prob=0.0472 (raw=0.0941)  vol=$1  trades=2  first_trade=2025-12-16 18:52  winrate=0.159  n_markets_traded=88.000  herfindahl_index_markets=0.043
11:46:14 [super]   #569   0xfe2f3145fd2162bf3e5d5fbb1e40303597c44a23  prob=0.0472 (raw=0.0940)  vol=$6  trades=2  first_trade=2025-11-09 06:31  winrate=0.665  n_markets_traded=344.000  herfindahl_index_markets=0.005
11:46:14 [super]   #570   0xe618a7488cdef05c53411d6011016688e9481d26  prob=0.0472 (raw=0.0940)  vol=$50  trades=5  first_trade=2025-11-10 19:57  winrate=0.000  n_markets_traded=2.000  herfindahl_index_markets=0.506
11:46:14 [super]   #571   0x1f4c45517fac61b0673f2904e8a2f5ba4f20de22  prob=0.0472 (raw=0.0940)  vol=$207  trades=14  first_trade=2025-12-05 22:28  winrate=0.148  n_markets_traded=146.000  herfindahl_index_markets=0.233
11:46:14 [super]   #572   0x2025eb2d2249333760c6e0e10fc1cc36c069129e  prob=0.0472 (raw=0.0939)  vol=$4,583  trades=67  first_trade=2025-12-05 05:33  winrate=0.408  n_markets_traded=101.000  herfindahl_index_markets=0.079
11:46:14 [super]   #573   0x97127023fdbf4db681d27db891e111a44f759057  prob=0.0471 (raw=0.0935)  vol=$116  trades=5  first_trade=2025-12-14 02:15  winrate=0.000  n_markets_traded=1.000  herfindahl_index_markets=1.000
11:46:14 [super]   #574   0xa7bed596a09b675a7fcdc928fe7ff3ae1a2c3967  prob=0.0470 (raw=0.0932)  vol=$9  trades=2  first_trade=2025-12-19 13:31  winrate=0.107  n_markets_traded=28.000  herfindahl_index_markets=0.247
11:46:14 [super]   #575   0xf2b67cb439ff13e2c765a174eb66232ad705e312  prob=0.0470 (raw=0.0931)  vol=$42  trades=5  first_trade=2025-11-10 19:38  winrate=0.000  n_markets_traded=2.000  herfindahl_index_markets=0.503
11:46:14 [super]   #576   0x355dcc5d1311387fcc8dbc15d77bb777b4464a31  prob=0.0470 (raw=0.0931)  vol=$57  trades=4  first_trade=2025-11-10 18:13  winrate=0.000  n_markets_traded=2.000  herfindahl_index_markets=0.500
11:46:14 [super]   #577   0xcb4c43c2c7fadc2d0500e1054db916416d627836  prob=0.0470 (raw=0.0931)  vol=$3  trades=4  first_trade=2025-12-10 17:18  winrate=0.000  n_markets_traded=5.000  herfindahl_index_markets=0.356
11:46:14 [super]   #578   0x990e69ac5af7c729e2c643f40aad7267bccca26f  prob=0.0470 (raw=0.0930)  vol=$2  trades=2  first_trade=2025-11-10 13:12  winrate=0.151  n_markets_traded=86.000  herfindahl_index_markets=0.013
11:46:14 [super]   #579   0x5567486d87d8fd69c875eb36208386128516aeed  prob=0.0470 (raw=0.0928)  vol=$2,742  trades=121  first_trade=2025-11-01 01:24  winrate=NaN  n_markets_traded=0.000  herfindahl_index_markets=0.000
11:46:14 [super]   #580   0x662daa4fecc43afe406b63656ea90424b16f2f66  prob=0.0469 (raw=0.0926)  vol=$19  trades=5  first_trade=2025-12-19 01:20  winrate=0.277  n_markets_traded=65.000  herfindahl_index_markets=0.038
11:46:14 [super]   #581   0xb7d904c528ce9b3729dddd37a7795012aa759919  prob=0.0469 (raw=0.0924)  vol=$110  trades=6  first_trade=2025-12-18 20:49  winrate=0.000  n_markets_traded=1.000  herfindahl_index_markets=1.000
11:46:14 [super]   #582   0x4a2088e7befea59a723eb11518878bf332e8aa86  prob=0.0469 (raw=0.0924)  vol=$95  trades=4  first_trade=2025-11-10 21:35  winrate=0.000  n_markets_traded=3.000  herfindahl_index_markets=0.349
11:46:14 [super]   #583   0x4e969ffb46ad1e5067eda0b2122984c180c046e1  prob=0.0469 (raw=0.0923)  vol=$2  trades=2  first_trade=2025-12-18 21:37  winrate=0.000  n_markets_traded=6.000  herfindahl_index_markets=0.259
11:46:14 [super]   #584   0xd1587ddc24f31e2ed8fbd618238095f113a75eb9  prob=0.0469 (raw=0.0922)  vol=$13  trades=4  first_trade=2025-11-14 16:51  winrate=0.158  n_markets_traded=38.000  herfindahl_index_markets=0.074
11:46:14 [super]   #585   0x1585553e58c5328fb3fc5504d9813ecb471f909a  prob=0.0468 (raw=0.0921)  vol=$13  trades=4  first_trade=2025-10-23 07:52  winrate=0.000  n_markets_traded=9.000  herfindahl_index_markets=0.124
11:46:14 [super]   #586   0x00678aabc6c6003dc83a98f34464fa249f16cfb4  prob=0.0468 (raw=0.0920)  vol=$62  trades=7  first_trade=2025-12-05 04:04  winrate=0.133  n_markets_traded=15.000  herfindahl_index_markets=0.095
11:46:14 [super]   #587   0x25d67a46040970774a0ae3ff577d1d98fd7aa63e  prob=0.0468 (raw=0.0919)  vol=$152  trades=4  first_trade=2025-11-10 21:11  winrate=0.000  n_markets_traded=3.000  herfindahl_index_markets=0.440
11:46:14 [super]   #588   0x338e7e3ff51edd090757821e82f8addf5be7418c  prob=0.0468 (raw=0.0919)  vol=$138  trades=5  first_trade=2025-11-10 18:38  winrate=0.000  n_markets_traded=3.000  herfindahl_index_markets=0.504
11:46:14 [super]   #589   0x5b5e3b86f519512aa939fc011585f268e8a8f3b5  prob=0.0467 (raw=0.0917)  vol=$9  trades=4  first_trade=2025-11-11 15:08  winrate=0.000  n_markets_traded=3.000  herfindahl_index_markets=0.358
11:46:14 [super]   #590   0x56007a83863dcd99d87b19ee0517970877587d90  prob=0.0467 (raw=0.0916)  vol=$13  trades=4  first_trade=2025-11-10 20:10  winrate=0.000  n_markets_traded=2.000  herfindahl_index_markets=0.500
11:46:14 [super]   #591   0xb9a47a26e0cf07f3444c502ebdfa8a9e3d7b996d  prob=0.0467 (raw=0.0916)  vol=$180  trades=2  first_trade=2025-11-14 19:44  winrate=0.410  n_markets_traded=293.000  herfindahl_index_markets=0.038
11:46:14 [super]   #592   0xb1c9be760313aa0d496c44f00b84025499f887ed  prob=0.0467 (raw=0.0915)  vol=$23  trades=5  first_trade=2025-12-18 22:21  winrate=0.200  n_markets_traded=10.000  herfindahl_index_markets=0.132
11:46:14 [super]   #593   0x27ec9e8f2d88afe6a95350d174a4505430f127ae  prob=0.0467 (raw=0.0914)  vol=$1,226  trades=29  first_trade=2025-12-05 15:07  winrate=0.091  n_markets_traded=66.000  herfindahl_index_markets=0.434
11:46:14 [super]   #594   0x755dceb1a649d3458a1ff5323d287bf2099fb807  prob=0.0466 (raw=0.0911)  vol=$154  trades=5  first_trade=2025-11-10 18:07  winrate=0.000  n_markets_traded=2.000  herfindahl_index_markets=0.722
11:46:14 [super]   #595   0x7d641fd7dcc25af46a8383a4716abcbcc96f531d  prob=0.0466 (raw=0.0910)  vol=$29  trades=4  first_trade=2025-12-07 13:09  winrate=0.000  n_markets_traded=4.000  herfindahl_index_markets=0.388
11:46:14 [super]   #596   0x529155dbc0a70a556d7e81fdfa31b77f92626c37  prob=0.0466 (raw=0.0910)  vol=$328  trades=20  first_trade=2025-12-12 15:24  winrate=0.000  n_markets_traded=1.000  herfindahl_index_markets=1.000
11:46:14 [super]   #597   0x64b81823a8c042982d6dfa523a7761ad4609a4a5  prob=0.0466 (raw=0.0909)  vol=$38  trades=7  first_trade=2025-12-05 16:01  winrate=0.000  n_markets_traded=6.000  herfindahl_index_markets=0.167
11:46:14 [super]   #598   0x8344a3cf21bd15b95254925de5762f0a0db5bf67  prob=0.0465 (raw=0.0906)  vol=$35  trades=5  first_trade=2025-11-10 21:13  winrate=0.000  n_markets_traded=2.000  herfindahl_index_markets=0.500
11:46:14 [super]   #599   0x0b57476251b3c870fd056195f0aced2a29c52427  prob=0.0465 (raw=0.0904)  vol=$167  trades=8  first_trade=2025-11-12 09:09  winrate=0.000  n_markets_traded=2.000  herfindahl_index_markets=0.504
11:46:14 [super]   #600   0x5a5b449a78ccd177e110a871e44fea1fadc74ee1  prob=0.0465 (raw=0.0903)  vol=$152  trades=36  first_trade=2025-12-12 14:22  winrate=0.000  n_markets_traded=4.000  herfindahl_index_markets=0.290
11:46:14 [super]   #601   0x4f859b98d091fb78985aed9499ddbb320466bd8c  prob=0.0465 (raw=0.0902)  vol=$152  trades=2  first_trade=2025-12-15 09:24  winrate=0.500  n_markets_traded=104.000  herfindahl_index_markets=0.016
11:46:14 [super]   #602   0x4b429c8fe8a0abcb12700223d7c8449ccd083262  prob=0.0464 (raw=0.0899)  vol=$77  trades=4  first_trade=2025-12-16 22:35  winrate=0.250  n_markets_traded=4.000  herfindahl_index_markets=0.433
11:46:14 [super]   #603   0x2886a7a415d1768acee60bcf8edb31e00087bbe6  prob=0.0464 (raw=0.0896)  vol=$15  trades=4  first_trade=2025-11-10 17:52  winrate=0.400  n_markets_traded=5.000  herfindahl_index_markets=0.774
11:46:14 [super]   #604   0x46d61588d80a6195073255d549253682fead7a14  prob=0.0463 (raw=0.0892)  vol=$118  trades=4  first_trade=2025-12-07 00:33  winrate=0.000  n_markets_traded=10.000  herfindahl_index_markets=0.140
11:46:14 [super]   #605   0x6af73180278e51b518094cb1bd3fc5e5695bfd8a  prob=0.0462 (raw=0.0888)  vol=$12  trades=10  first_trade=2025-11-08 02:56  winrate=0.000  n_markets_traded=11.000  herfindahl_index_markets=0.091
11:46:14 [super]   #606   0x7f0d58fd5091250f09924273c0a4222d1a548d87  prob=0.0462 (raw=0.0887)  vol=$13  trades=4  first_trade=2025-10-22 12:13  winrate=0.333  n_markets_traded=6.000  herfindahl_index_markets=0.654
11:46:14 [super]   #607   0xe2322f697b0440db51b052045d3e6d7b8f04c0f0  prob=0.0462 (raw=0.0885)  vol=$153  trades=8  first_trade=2025-11-20 00:36  winrate=0.000  n_markets_traded=3.000  herfindahl_index_markets=0.514
11:46:14 [super]   #608   0x687d8cf19d873aed1957e61a3f2092d4721ce28b  prob=0.0461 (raw=0.0885)  vol=$528  trades=3  first_trade=2025-12-16 10:07  winrate=NaN  n_markets_traded=0.000  herfindahl_index_markets=0.000
11:46:14 [super]   #609   0xe1574208af73eea8162a07615fea994641dadbff  prob=0.0461 (raw=0.0883)  vol=$3,156  trades=43  first_trade=2025-12-07 04:58  winrate=0.375  n_markets_traded=8.000  herfindahl_index_markets=0.482
11:46:14 [super]   #610   0xae3d3fd1ee6dae7d9176b1b8882bafb0c74268eb  prob=0.0461 (raw=0.0880)  vol=$413  trades=5  first_trade=2025-10-22 23:04  winrate=0.600  n_markets_traded=10.000  herfindahl_index_markets=0.256
11:46:14 [super]   #611   0x4bd5bdca24e7fb0202cd8e97a89dd2f26296e0d5  prob=0.0460 (raw=0.0880)  vol=$1  trades=2  first_trade=2025-12-05 14:58  winrate=0.321  n_markets_traded=28.000  herfindahl_index_markets=0.037
11:46:14 [super]   #612   0x5cf9d7c2c996b0450e5c63f5c62b5888d94b0dc6  prob=0.0460 (raw=0.0879)  vol=$93  trades=5  first_trade=2025-11-10 23:02  winrate=0.000  n_markets_traded=4.000  herfindahl_index_markets=0.423
11:46:14 [super]   #613   0xc7c01b405a7a24e68b2d28ea1ebfd534de1bce76  prob=0.0459 (raw=0.0873)  vol=$17  trades=4  first_trade=2025-11-11 08:04  winrate=0.200  n_markets_traded=5.000  herfindahl_index_markets=0.247
11:46:14 [super]   #614   0x860c14558195db06c3d1a2d52dc31927bae3b052  prob=0.0459 (raw=0.0872)  vol=$1,379  trades=20  first_trade=2025-12-02 14:19  winrate=0.200  n_markets_traded=5.000  herfindahl_index_markets=0.564
11:46:14 [super]   #615   0xf76e2a7d86763d93ee7b80405289c501131e2185  prob=0.0459 (raw=0.0869)  vol=$2  trades=2  first_trade=2025-11-18 23:35  winrate=0.000  n_markets_traded=15.000  herfindahl_index_markets=0.069
11:46:14 [super]   #616   0x8027a550ad35d88849ca57d0b2d3797430c1bbcc  prob=0.0459 (raw=0.0869)  vol=$40  trades=4  first_trade=2025-10-30 06:07  winrate=0.000  n_markets_traded=11.000  herfindahl_index_markets=0.097
11:46:14 [super]   #617   0x81d3bb95a1f0f8ecfe3dac4547e823c52ddddd4b  prob=0.0458 (raw=0.0868)  vol=$147  trades=6  first_trade=2025-12-18 01:16  winrate=0.000  n_markets_traded=1.000  herfindahl_index_markets=1.000
11:46:14 [super]   #618   0x4080c4aa53f5562d975bfe7bfd923dc10d128b41  prob=0.0458 (raw=0.0867)  vol=$628  trades=9  first_trade=2025-12-05 15:10  winrate=0.250  n_markets_traded=4.000  herfindahl_index_markets=0.529
11:46:14 [super]   #619   0x215adbb63b47d0ca92f849fe2c2dc1adb0f6254c  prob=0.0458 (raw=0.0864)  vol=$18  trades=3  first_trade=2025-12-13 08:16  winrate=NaN  n_markets_traded=0.000  herfindahl_index_markets=0.000
11:46:14 [super]   #620   0x6ad378134073b9badf56cbc589393696620dc047  prob=0.0458 (raw=0.0864)  vol=$6  trades=4  first_trade=2025-10-27 05:30  winrate=0.000  n_markets_traded=6.000  herfindahl_index_markets=0.488
11:46:14 [super]   #621   0xb76d3d139088de4b8e3e87938085042d15eb2b01  prob=0.0458 (raw=0.0864)  vol=$4  trades=4  first_trade=2025-12-19 12:48  winrate=0.200  n_markets_traded=10.000  herfindahl_index_markets=0.176
11:46:14 [super]   #622   0x09e865c8fa4a96c00809f06d40e45695feb29395  prob=0.0457 (raw=0.0860)  vol=$7  trades=6  first_trade=2025-12-18 07:39  winrate=0.000  n_markets_traded=2.000  herfindahl_index_markets=0.746
11:46:14 [super]   #623   0x7e64ffb69a66cd5c67a0e5eefcf53d8a4803b5d2  prob=0.0457 (raw=0.0859)  vol=$10  trades=2  first_trade=2025-12-07 08:53  winrate=0.667  n_markets_traded=3.000  herfindahl_index_markets=0.991
11:46:14 [super]   #624   0x5a51f070bf80d17d912759c9c245926b8a9ecfee  prob=0.0456 (raw=0.0858)  vol=$39  trades=5  first_trade=2025-12-08 17:27  winrate=0.000  n_markets_traded=7.000  herfindahl_index_markets=0.157
11:46:14 [super]   #625   0xa5351c267d9c30d64794f61b37cd209b655adffc  prob=0.0455 (raw=0.0852)  vol=$143  trades=93  first_trade=2025-11-15 04:04  winrate=NaN  n_markets_traded=0.000  herfindahl_index_markets=0.000
11:46:14 [super]   #626   0x990b0d475c5dde492c1fb67efd9e698662347b0f  prob=0.0455 (raw=0.0850)  vol=$4  trades=1  first_trade=2025-12-09 01:30  winrate=0.758  n_markets_traded=28.000  herfindahl_index_markets=0.079
11:46:14 [super]   #627   0x5221dfae4c6f5db5600a5af4fd0b7fa2d6ecbd4d  prob=0.0455 (raw=0.0849)  vol=$56  trades=4  first_trade=2025-11-10 17:55  winrate=0.000  n_markets_traded=3.000  herfindahl_index_markets=0.375
11:46:14 [super]   #628   0xda26da4c3834a85b51193be7c8f8f51c5cd0e198  prob=0.0455 (raw=0.0849)  vol=$4  trades=2  first_trade=2025-12-16 08:39  winrate=0.000  n_markets_traded=4.000  herfindahl_index_markets=0.280
11:46:14 [super]   #629   0xd8aa3e275b07ba27a0d4df08fe4f3627c9303456  prob=0.0455 (raw=0.0848)  vol=$8  trades=2  first_trade=2025-12-18 21:01  winrate=0.595  n_markets_traded=302.000  herfindahl_index_markets=0.018
11:46:14 [super]   #630   0xf4165309a3b551ebb1a12edb0a0510bf62be6ec9  prob=0.0455 (raw=0.0848)  vol=$8,421  trades=237  first_trade=2025-11-25 21:35  winrate=NaN  n_markets_traded=0.000  herfindahl_index_markets=0.000
11:46:14 [super]   #631   0x22ebb90e24b8414596d542d8a57dbb43612a59d6  prob=0.0455 (raw=0.0848)  vol=$16,365  trades=21  first_trade=2025-12-19 12:42  winrate=0.784  n_markets_traded=37.000  herfindahl_index_markets=0.080
11:46:14 [super]   #632   0x9eeb9f845c5da9953a6a08c4ab2b7ebde2c5568d  prob=0.0454 (raw=0.0845)  vol=$269  trades=8  first_trade=2025-12-05 19:08  winrate=0.250  n_markets_traded=20.000  herfindahl_index_markets=0.079
11:46:14 [super]   #633   0x511078bfa7fde55666dabe25f086b99c7c0cef43  prob=0.0454 (raw=0.0844)  vol=$89  trades=7  first_trade=2025-12-14 20:59  winrate=0.000  n_markets_traded=1.000  herfindahl_index_markets=1.000
11:46:14 [super]   #634   0xf6deeb0c895b677834f2450e23cdee1586dc440d  prob=0.0454 (raw=0.0843)  vol=$50  trades=6  first_trade=2025-10-09 08:23  winrate=0.000  n_markets_traded=3.000  herfindahl_index_markets=0.714
11:46:14 [super]   #635   0x7f4853f6c91c58dd96a5ccd328e9bcae48775816  prob=0.0454 (raw=0.0843)  vol=$164  trades=4  first_trade=2025-11-08 17:30  winrate=0.000  n_markets_traded=2.000  herfindahl_index_markets=0.500
11:46:14 [super]   #636   0xdc3d342679dc6e23078da1005072459c31482467  prob=0.0454 (raw=0.0843)  vol=$165  trades=10  first_trade=2025-12-02 17:19  winrate=0.167  n_markets_traded=6.000  herfindahl_index_markets=0.215
11:46:14 [super]   #637   0x7d65f8f4d24f32b0d2877f41a051bad92a82b3fc  prob=0.0453 (raw=0.0838)  vol=$181  trades=4  first_trade=2025-11-21 13:17  winrate=0.714  n_markets_traded=7.000  herfindahl_index_markets=0.178
11:46:14 [super]   #638   0x432cbcca365b588ae73d76a2f90460f15f153ce0  prob=0.0453 (raw=0.0837)  vol=$59  trades=2  first_trade=2025-12-12 14:43  winrate=0.526  n_markets_traded=38.000  herfindahl_index_markets=0.062
11:46:14 [super]   #639   0x983bb9a9a0db18295c7a754cba7da017b644f549  prob=0.0453 (raw=0.0837)  vol=$1  trades=2  first_trade=2025-12-14 06:45  winrate=0.951  n_markets_traded=41.000  herfindahl_index_markets=0.120
11:46:14 [super]   #640   0xf2356406b4c107b4e614d24acc7576b888d37eda  prob=0.0452 (raw=0.0833)  vol=$106  trades=5  first_trade=2025-11-10 17:50  winrate=0.375  n_markets_traded=8.000  herfindahl_index_markets=0.182
11:46:14 [super]   #641   0xd87c8e8a949020a4f747975e677c4827ac4c7c76  prob=0.0452 (raw=0.0832)  vol=$80  trades=4  first_trade=2025-11-26 16:40  winrate=0.250  n_markets_traded=12.000  herfindahl_index_markets=0.343
11:46:14 [super]   #642   0x88b7cd6999d0681e946d8537fbb15d71403b0e35  prob=0.0451 (raw=0.0831)  vol=$9  trades=4  first_trade=2025-10-22 17:48  winrate=0.000  n_markets_traded=12.000  herfindahl_index_markets=0.229
11:46:14 [super]   #643   0xa0193640a8891a45731e8f06358d67b5571e652b  prob=0.0451 (raw=0.0831)  vol=$249  trades=5  first_trade=2025-11-10 22:59  winrate=0.000  n_markets_traded=2.000  herfindahl_index_markets=0.510
11:46:14 [super]   #644   0x13ce64744e5f1b99cc3753117c4402e42d5fd9c6  prob=0.0451 (raw=0.0831)  vol=$7  trades=4  first_trade=2025-12-12 14:24  winrate=0.000  n_markets_traded=3.000  herfindahl_index_markets=0.469
11:46:14 [super]   #645   0x4e78781bbf4381a74fa800c0101978473793be02  prob=0.0451 (raw=0.0830)  vol=$10  trades=3  first_trade=2025-11-07 22:56  winrate=0.000  n_markets_traded=6.000  herfindahl_index_markets=0.357
11:46:14 [super]   #646   0x90c9a65272811b9e3df85220076ba48688801824  prob=0.0451 (raw=0.0826)  vol=$13  trades=4  first_trade=2025-11-08 02:18  winrate=0.266  n_markets_traded=229.000  herfindahl_index_markets=0.233
11:46:14 [super]   #647   0xee2c2bb5183d0cf3d9578b9b136827e1b682a948  prob=0.0450 (raw=0.0826)  vol=$50  trades=4  first_trade=2025-11-14 12:08  winrate=0.000  n_markets_traded=11.000  herfindahl_index_markets=0.146
11:46:14 [super]   #648   0xf3c645923ef9e632f84a1e2704ce73bcf878f81d  prob=0.0450 (raw=0.0825)  vol=$9  trades=4  first_trade=2025-11-02 08:41  winrate=0.000  n_markets_traded=9.000  herfindahl_index_markets=0.120
11:46:14 [super]   #649   0x8d935bbe50ad8baa2a5142892053c75a7816f10e  prob=0.0450 (raw=0.0824)  vol=$239  trades=5  first_trade=2025-11-11 18:32  winrate=0.000  n_markets_traded=3.000  herfindahl_index_markets=0.414
11:46:14 [super]   #650   0x9358be353815d4327949234edda1a4760072bfbe  prob=0.0450 (raw=0.0823)  vol=$62  trades=5  first_trade=2025-11-10 19:55  winrate=0.000  n_markets_traded=1.000  herfindahl_index_markets=1.000
11:46:14 [super]   #651   0x0adf733b20e216a8cdcc070dd8a91b6c15058718  prob=0.0450 (raw=0.0821)  vol=$1,931  trades=32  first_trade=2025-12-13 23:01  winrate=0.000  n_markets_traded=8.000  herfindahl_index_markets=0.237
11:46:14 [super]   #652   0x8342ba09dede59061015b03744f2327b5a1e5602  prob=0.0450 (raw=0.0821)  vol=$10  trades=2  first_trade=2025-12-18 00:53  winrate=0.000  n_markets_traded=3.000  herfindahl_index_markets=0.343
11:46:14 [super]   #653   0x89d8026d5e2792d9b5e083f763ebfaab9018ecbd  prob=0.0449 (raw=0.0820)  vol=$6  trades=2  first_trade=2025-12-08 23:11  winrate=0.698  n_markets_traded=73.000  herfindahl_index_markets=0.539
11:46:14 [super]   #654   0x27e76906197fc85f22b08832c2df7405c082c9a0  prob=0.0449 (raw=0.0818)  vol=$20  trades=4  first_trade=2025-12-17 16:03  winrate=0.000  n_markets_traded=2.000  herfindahl_index_markets=0.500
11:46:14 [super]   #655   0x3efc0f8ad1468ee0db682703ba3ae856533730dc  prob=0.0449 (raw=0.0816)  vol=$524  trades=10  first_trade=2025-12-05 06:31  winrate=0.000  n_markets_traded=6.000  herfindahl_index_markets=0.382
11:46:14 [super]   #656   0x20aa22ee7c5f5c4bb1bee6d659dd63f0fd1899ce  prob=0.0448 (raw=0.0815)  vol=$47  trades=5  first_trade=2025-12-16 09:06  winrate=0.000  n_markets_traded=4.000  herfindahl_index_markets=0.280
11:46:14 [super]   #657   0xe0fc750c000e5d436d8dfd3965a00cd1044d73dc  prob=0.0448 (raw=0.0814)  vol=$13  trades=4  first_trade=2025-11-10 18:07  winrate=0.000  n_markets_traded=2.000  herfindahl_index_markets=0.668
11:46:14 [super]   #658   0x1d1040d3f6017f00bab7417b99d43397400043d4  prob=0.0448 (raw=0.0814)  vol=$113  trades=5  first_trade=2025-11-10 18:05  winrate=0.000  n_markets_traded=4.000  herfindahl_index_markets=0.270
11:46:14 [super]   #659   0x0d76b6a1e1b3bca2dec44c9c229575d27c62cdc5  prob=0.0448 (raw=0.0813)  vol=$14  trades=4  first_trade=2025-10-23 18:44  winrate=0.190  n_markets_traded=21.000  herfindahl_index_markets=0.195
11:46:14 [super]   #660   0x00c0d54ce1230d2ea044f8e4c4ad0d843608868c  prob=0.0448 (raw=0.0813)  vol=$10  trades=2  first_trade=2025-12-18 02:57  winrate=0.704  n_markets_traded=27.000  herfindahl_index_markets=0.166
11:46:14 [super]   #661   0x90dfdbe1c3665a9e0edcb1b2b49312b41855813a  prob=0.0447 (raw=0.0806)  vol=$88  trades=6  first_trade=2025-12-10 20:24  winrate=0.125  n_markets_traded=8.000  herfindahl_index_markets=0.225
11:46:14 [super]   #662   0x60c6169e15530b3cb1d7077a206d73a6651fa7f3  prob=0.0447 (raw=0.0805)  vol=$3  trades=4  first_trade=2025-12-17 15:01  winrate=0.430  n_markets_traded=158.000  herfindahl_index_markets=0.016
11:46:14 [super]   #663   0xd27068f6338620ce7d6bdc7020975bb3d89d5b81  prob=0.0447 (raw=0.0805)  vol=$7  trades=8  first_trade=2025-12-10 04:27  winrate=0.152  n_markets_traded=33.000  herfindahl_index_markets=0.064
11:46:14 [super]   #664   0x7be5602c32426ad785094317ede035221de3a53b  prob=0.0446 (raw=0.0804)  vol=$8  trades=3  first_trade=2025-11-03 19:05  winrate=NaN  n_markets_traded=0.000  herfindahl_index_markets=0.000
11:46:14 [super]   #665   0x1cbb9ba70c874dbd69bf221fcc7e68d1cb79a27e  prob=0.0446 (raw=0.0802)  vol=$15  trades=2  first_trade=2025-11-14 17:15  winrate=0.367  n_markets_traded=30.000  herfindahl_index_markets=0.116
11:46:14 [super]   #666   0x64ed2ea0c002a12dfc9427e32cb0b579c3a4f08d  prob=0.0446 (raw=0.0801)  vol=$47  trades=5  first_trade=2025-11-12 21:59  winrate=0.000  n_markets_traded=2.000  herfindahl_index_markets=0.500
11:46:14 [super]   #667   0xe0f60f8d3f0f710dd7a5c67e3007d5a1f251829f  prob=0.0446 (raw=0.0801)  vol=$11  trades=2  first_trade=2025-12-18 02:41  winrate=0.414  n_markets_traded=29.000  herfindahl_index_markets=0.260
11:46:14 [super]   #668   0xfa3f28b77c6694a53b68e6be96a1cf8077aa9d3a  prob=0.0445 (raw=0.0798)  vol=$14  trades=2  first_trade=2025-12-18 16:19  winrate=0.000  n_markets_traded=6.000  herfindahl_index_markets=0.422
11:46:14 [super]   #669   0xb65e864337d802429558110015daa1f1b93a3e11  prob=0.0445 (raw=0.0797)  vol=$92  trades=3  first_trade=2025-11-26 08:45  winrate=0.000  n_markets_traded=28.000  herfindahl_index_markets=0.067
11:46:14 [super]   #670   0xe36ea8473a6ee099bbcdf4ba01b3c1fa79db1069  prob=0.0445 (raw=0.0797)  vol=$1  trades=2  first_trade=2025-10-26 13:09  winrate=0.000  n_markets_traded=8.000  herfindahl_index_markets=0.238
11:46:14 [super]   #671   0x37a7dec5e1c659bc6b6b31097cc8a7abd90307f3  prob=0.0445 (raw=0.0796)  vol=$2  trades=2  first_trade=2025-12-18 18:50  winrate=0.000  n_markets_traded=6.000  herfindahl_index_markets=0.300
11:46:14 [super]   #672   0x5f1f492c08bf30ca9b2b4f8a969b353727f3969d  prob=0.0444 (raw=0.0792)  vol=$20  trades=4  first_trade=2025-12-18 22:23  winrate=0.500  n_markets_traded=25.000  herfindahl_index_markets=0.076
11:46:14 [super]   #673   0x413f8c244faa976fe4dc0d5b861a49dfc1697928  prob=0.0443 (raw=0.0787)  vol=$3  trades=1  first_trade=2025-11-09 04:53  winrate=0.544  n_markets_traded=114.000  herfindahl_index_markets=0.017
11:46:14 [super]   #674   0x1110f73136d8260d247a80da017b43e0161ec64c  prob=0.0443 (raw=0.0786)  vol=$50  trades=9  first_trade=2025-12-07 12:55  winrate=0.000  n_markets_traded=3.000  herfindahl_index_markets=0.766
11:46:14 [super]   #675   0xaedf3b63291b58df85458ebd50ad9fbc28ce2da9  prob=0.0443 (raw=0.0785)  vol=$1  trades=2  first_trade=2025-12-18 15:55  winrate=0.409  n_markets_traded=43.000  herfindahl_index_markets=0.051
11:46:14 [super]   #676   0x1767d19a372e4625815aede4df019284e4dfcf93  prob=0.0443 (raw=0.0785)  vol=$1,573  trades=18  first_trade=2025-12-09 21:44  winrate=0.286  n_markets_traded=14.000  herfindahl_index_markets=0.319
11:46:14 [super]   #677   0x23ceba9b9b8e3b459dc3ef4756ae955581506bd4  prob=0.0443 (raw=0.0782)  vol=$4  trades=2  first_trade=2025-12-14 12:55  winrate=0.000  n_markets_traded=1.000  herfindahl_index_markets=1.000
11:46:14 [super]   #678   0x9385f47a580492c21d2752c27c4c51d9f40bb18e  prob=0.0443 (raw=0.0782)  vol=$29  trades=4  first_trade=2025-12-07 11:43  winrate=0.000  n_markets_traded=5.000  herfindahl_index_markets=0.224
11:46:14 [super]   #679   0x1f18d9aa30fc89e74760e1cd5c91408627f35515  prob=0.0442 (raw=0.0779)  vol=$4,268  trades=6  first_trade=2025-12-17 17:42  winrate=0.227  n_markets_traded=44.000  herfindahl_index_markets=0.091
11:46:14 [super]   #680   0x977e63185004c7c7efa1a2da9a0ea564bf55e718  prob=0.0442 (raw=0.0778)  vol=$10  trades=4  first_trade=2025-12-08 13:08  winrate=0.074  n_markets_traded=27.000  herfindahl_index_markets=0.091
11:46:14 [super]   #681   0x822e62e3b5d5077c0a8a6bd122d276ece1c65feb  prob=0.0442 (raw=0.0778)  vol=$435  trades=2  first_trade=2025-12-12 06:16  winrate=0.775  n_markets_traded=277.000  herfindahl_index_markets=0.011
11:46:14 [super]   #682   0x2e18694b786f03a9a75fe2a998aaa175451fff02  prob=0.0441 (raw=0.0776)  vol=$2  trades=2  first_trade=2025-11-16 08:04  winrate=0.000  n_markets_traded=7.000  herfindahl_index_markets=0.147
11:46:14 [super]   #683   0xe0030f9b3fc4ade2113b3ff4b235b6f031ad2e95  prob=0.0441 (raw=0.0775)  vol=$37  trades=4  first_trade=2025-12-19 07:46  winrate=0.000  n_markets_traded=3.000  herfindahl_index_markets=0.500
11:46:14 [super]   #684   0x17c88b64268a80fbf8920006b23b4e0702d972a6  prob=0.0441 (raw=0.0775)  vol=$3,655  trades=75  first_trade=2025-11-18 17:09  winrate=0.455  n_markets_traded=11.000  herfindahl_index_markets=0.245
11:46:14 [super]   #685   0x73d31184c747e8b00a812f77cc108d39804b885b  prob=0.0441 (raw=0.0775)  vol=$2  trades=2  first_trade=2025-12-16 15:26  winrate=0.000  n_markets_traded=2.000  herfindahl_index_markets=0.500
11:46:14 [super]   #686   0xa811f3ea97daf1bbadf28a41ff9636b257fe011d  prob=0.0441 (raw=0.0774)  vol=$102  trades=13  first_trade=2025-12-07 14:13  winrate=0.429  n_markets_traded=4.000  herfindahl_index_markets=0.751
11:46:14 [super]   #687   0xbb270fa1a7734a91cab0b48a119c11d1b89618d2  prob=0.0440 (raw=0.0771)  vol=$94  trades=2  first_trade=2025-12-19 04:46  winrate=0.611  n_markets_traded=72.000  herfindahl_index_markets=0.145
11:46:14 [super]   #688   0x49642d3b6369e227c22cc45d2a18a536a4d5b402  prob=0.0440 (raw=0.0769)  vol=$13  trades=2  first_trade=2025-12-15 11:57  winrate=0.724  n_markets_traded=56.000  herfindahl_index_markets=0.132
11:46:14 [super]   #689   0xb7d4a11e1a7bd6d3160e102844d559a09f30010d  prob=0.0440 (raw=0.0768)  vol=$52  trades=3  first_trade=2025-12-05 04:04  winrate=0.476  n_markets_traded=21.000  herfindahl_index_markets=0.085
11:46:14 [super]   #690   0xb749a74bdda0fae2e6292252e5cefa9d7ad05246  prob=0.0440 (raw=0.0767)  vol=$13  trades=2  first_trade=2025-12-13 17:55  winrate=0.828  n_markets_traded=61.000  herfindahl_index_markets=0.157
11:46:14 [super]   #691   0xfa8a825f36b3325a1feb68922b10b8e7e90d7edf  prob=0.0439 (raw=0.0765)  vol=$93  trades=4  first_trade=2025-11-10 20:17  winrate=0.000  n_markets_traded=5.000  herfindahl_index_markets=0.210
11:46:14 [super]   #692   0xf8b7b75c1c4be4b61186829cc07e81e4b3963169  prob=0.0439 (raw=0.0761)  vol=$2  trades=2  first_trade=2025-12-18 06:08  winrate=0.359  n_markets_traded=39.000  herfindahl_index_markets=0.031
11:46:14 [super]   #693   0x3c220334490270536a41650bdcd26942810312c4  prob=0.0438 (raw=0.0760)  vol=$9  trades=4  first_trade=2025-12-11 03:13  winrate=0.091  n_markets_traded=11.000  herfindahl_index_markets=0.138
11:46:14 [super]   #694   0x8ec05b06033eecb0f1b1edb17a4f714ae19acb56  prob=0.0438 (raw=0.0759)  vol=$32  trades=4  first_trade=2025-11-10 19:56  winrate=0.000  n_markets_traded=6.000  herfindahl_index_markets=0.293
11:46:14 [super]   #695   0x3a3867f848674def9e93952c10b9f8ae3a81e7ce  prob=0.0438 (raw=0.0758)  vol=$61  trades=5  first_trade=2025-11-10 22:28  winrate=0.000  n_markets_traded=3.000  herfindahl_index_markets=0.526
11:46:14 [super]   #696   0x50a3b6cb6fe6b987cdd541c8270fe855ed140a78  prob=0.0438 (raw=0.0758)  vol=$9  trades=4  first_trade=2025-12-18 18:08  winrate=NaN  n_markets_traded=0.000  herfindahl_index_markets=0.000
11:46:14 [super]   #697   0x929c4817e4c765a9ae72431bd4650597a5b8fe32  prob=0.0438 (raw=0.0756)  vol=$2,569  trades=41  first_trade=2025-11-10 16:34  winrate=0.154  n_markets_traded=13.000  herfindahl_index_markets=0.182
11:46:14 [super]   #698   0x38f9d275976d8a433dda34e2aefedf454f0935f9  prob=0.0437 (raw=0.0754)  vol=$5  trades=2  first_trade=2025-11-30 21:40  winrate=0.000  n_markets_traded=2.000  herfindahl_index_markets=0.790
11:46:14 [super]   #699   0x71dbfd7982112894807ab65c0ef8ea8c55800a8a  prob=0.0437 (raw=0.0751)  vol=$2  trades=2  first_trade=2025-11-10 09:55  winrate=0.200  n_markets_traded=5.000  herfindahl_index_markets=0.448
11:46:14 [super]   #700   0xbfbbeebf1d6eed7a289f6ad61575709b09c561b0  prob=0.0437 (raw=0.0751)  vol=$65  trades=14  first_trade=2025-12-14 15:13  winrate=0.250  n_markets_traded=8.000  herfindahl_index_markets=0.303
11:46:14 [super]   #701   0x798b5f58554afd04f27837c2667eb88726bfe349  prob=0.0437 (raw=0.0750)  vol=$127  trades=6  first_trade=2025-12-12 11:58  winrate=0.636  n_markets_traded=33.000  herfindahl_index_markets=0.058
11:46:14 [super]   #702   0x5626fa454de5dff7c31b8f8b682403d1697e4a06  prob=0.0437 (raw=0.0750)  vol=$50  trades=6  first_trade=2025-11-10 18:13  winrate=0.000  n_markets_traded=2.000  herfindahl_index_markets=0.531
11:46:14 [super]   #703   0x4a3a5aaf8e737980b8d09b9fcbbfc83c8c100d98  prob=0.0436 (raw=0.0749)  vol=$78  trades=6  first_trade=2025-12-07 22:33  winrate=0.000  n_markets_traded=9.000  herfindahl_index_markets=0.225
11:46:14 [super]   #704   0x5ed01caba8dd674d34496a12604e59c8b07c3d91  prob=0.0436 (raw=0.0746)  vol=$2  trades=3  first_trade=2025-12-17 15:04  winrate=0.595  n_markets_traded=415.000  herfindahl_index_markets=0.742
11:46:14 [super]   #705   0x3e47adff58341498b7a999c1a2a32544b010af6b  prob=0.0435 (raw=0.0743)  vol=$17  trades=2  first_trade=2025-11-10 18:12  winrate=0.000  n_markets_traded=2.000  herfindahl_index_markets=0.556
11:46:14 [super]   #706   0x2f5c3f8aef730bfc81361ef6de7a5767a37d7ea3  prob=0.0435 (raw=0.0742)  vol=$2  trades=2  first_trade=2025-12-05 20:49  winrate=0.000  n_markets_traded=2.000  herfindahl_index_markets=0.556
11:46:14 [super]   #707   0xd87d9497965f51b3f86d3175ff13a57618200d6a  prob=0.0435 (raw=0.0739)  vol=$10  trades=2  first_trade=2025-12-18 18:35  winrate=0.000  n_markets_traded=4.000  herfindahl_index_markets=0.331
11:46:14 [super]   #708   0x409d15bfeb0970dceeaa80b249666c1574218e77  prob=0.0435 (raw=0.0739)  vol=$1,174  trades=19  first_trade=2025-12-06 18:08  winrate=0.286  n_markets_traded=7.000  herfindahl_index_markets=0.435
11:46:14 [super]   #709   0x9099360204e729deece0669e26caa94c522f8491  prob=0.0435 (raw=0.0738)  vol=$740  trades=95  first_trade=2025-11-03 12:44  winrate=NaN  n_markets_traded=0.000  herfindahl_index_markets=0.000
11:46:14 [super]   #710   0x543d82ebe45bb7d20fd98649671a41659291f60d  prob=0.0434 (raw=0.0737)  vol=$10  trades=2  first_trade=2025-12-08 14:37  winrate=0.000  n_markets_traded=5.000  herfindahl_index_markets=0.396
11:46:14 [super]   #711   0xbf902b684174be7a4ac51a8067b90e85677f18e7  prob=0.0434 (raw=0.0735)  vol=$5  trades=4  first_trade=2025-10-22 14:34  winrate=0.234  n_markets_traded=47.000  herfindahl_index_markets=0.084
11:46:14 [super]   #712   0x248a3cf266f3f1bafcd00191d9b27147956eb00d  prob=0.0434 (raw=0.0735)  vol=$2  trades=2  first_trade=2025-12-19 06:51  winrate=0.769  n_markets_traded=13.000  herfindahl_index_markets=0.410
11:46:14 [super]   #713   0x6a68aa03acb7c4215d85060fa3231925c6be9559  prob=0.0433 (raw=0.0731)  vol=$702  trades=12  first_trade=2025-11-06 22:38  winrate=NaN  n_markets_traded=0.000  herfindahl_index_markets=0.000
11:46:14 [super]   #714   0xef2a9c4d3deb2ceaa1c276cb9efa77e22ebc11e2  prob=0.0433 (raw=0.0730)  vol=$2  trades=2  first_trade=2025-11-16 04:34  winrate=0.000  n_markets_traded=11.000  herfindahl_index_markets=0.096
11:46:14 [super]   #715   0x9ea6586854c5c3b32e648001bef4c40d857d808d  prob=0.0433 (raw=0.0730)  vol=$9  trades=2  first_trade=2025-12-03 12:34  winrate=0.000  n_markets_traded=6.000  herfindahl_index_markets=0.298
11:46:14 [super]   #716   0x891bb4567db0af1fa1ec00c3c50c7e7acdeaeee1  prob=0.0433 (raw=0.0729)  vol=$77  trades=2  first_trade=2025-10-13 21:44  winrate=0.388  n_markets_traded=383.000  herfindahl_index_markets=0.025
11:46:14 [super]   #717   0x143c3b1ca857ae83b689b5aed018c3c2a2849e60  prob=0.0433 (raw=0.0729)  vol=$0  trades=1  first_trade=2025-10-09 09:18  winrate=0.345  n_markets_traded=29.000  herfindahl_index_markets=0.260
11:46:14 [super]   #718   0x2fb1e36ca8fe5bb3f07d10d5f92cac6e5ef8de34  prob=0.0433 (raw=0.0728)  vol=$4  trades=4  first_trade=2025-11-10 18:48  winrate=0.000  n_markets_traded=3.000  herfindahl_index_markets=0.358
11:46:14 [super]   #719   0x42a87f04ce0012e2e740c268524c941df00b836b  prob=0.0433 (raw=0.0727)  vol=$3  trades=2  first_trade=2025-12-08 21:45  winrate=0.647  n_markets_traded=17.000  herfindahl_index_markets=0.381
11:46:14 [super]   #720   0x5f9f30522cfd9b6094fe8294ade1a6646cd3c934  prob=0.0433 (raw=0.0727)  vol=$11  trades=5  first_trade=2025-12-19 00:26  winrate=NaN  n_markets_traded=0.000  herfindahl_index_markets=0.000
11:46:14 [super]   #721   0xccde73ec7e1706d03042846424c6662ffd398d5e  prob=0.0433 (raw=0.0727)  vol=$2  trades=2  first_trade=2025-11-21 01:12  winrate=0.000  n_markets_traded=2.000  herfindahl_index_markets=0.500
11:46:14 [super]   #722   0x866b1484f6ca312078d3b1478ddd7ef2b92c446f  prob=0.0432 (raw=0.0726)  vol=$15  trades=2  first_trade=2025-12-12 18:13  winrate=0.000  n_markets_traded=4.000  herfindahl_index_markets=0.306
11:46:14 [super]   #723   0x1001eabfb8061d7e1b584e2f5905b8c1bec0371c  prob=0.0432 (raw=0.0725)  vol=$6  trades=8  first_trade=2025-12-10 00:49  winrate=0.000  n_markets_traded=9.000  herfindahl_index_markets=0.264
11:46:14 [super]   #724   0xa41e9be1f6f2d186c0e007acffe8236ca111b1c3  prob=0.0432 (raw=0.0725)  vol=$76  trades=4  first_trade=2025-12-10 05:03  winrate=0.333  n_markets_traded=15.000  herfindahl_index_markets=0.138
11:46:14 [super]   #725   0xbfcf746b3726f908373b8cb932d0731fdcea6c9b  prob=0.0432 (raw=0.0724)  vol=$121  trades=6  first_trade=2025-11-02 20:38  winrate=0.200  n_markets_traded=10.000  herfindahl_index_markets=0.122
11:46:14 [super]   #726   0xd7c656f9e2ea97bd7e3a989560b8106dd56bb472  prob=0.0432 (raw=0.0723)  vol=$813  trades=9  first_trade=2025-12-04 20:58  winrate=0.143  n_markets_traded=21.000  herfindahl_index_markets=0.167
11:46:14 [super]   #727   0x3f021fd970cf7571695fd0d18b8e5a3cbbeff51e  prob=0.0432 (raw=0.0722)  vol=$525  trades=15  first_trade=2025-11-11 09:35  winrate=0.250  n_markets_traded=4.000  herfindahl_index_markets=0.368
11:46:14 [super]   #728   0x0f6c1ff304ece6aec0570b04956307df77691ecd  prob=0.0432 (raw=0.0721)  vol=$58  trades=5  first_trade=2025-12-17 06:35  winrate=0.000  n_markets_traded=1.000  herfindahl_index_markets=1.000
11:46:14 [super]   #729   0x4a85e0d0577d1a463a67558bcff8fb10b1f86a2b  prob=0.0432 (raw=0.0721)  vol=$25  trades=3  first_trade=2025-12-05 15:24  winrate=0.000  n_markets_traded=1.000  herfindahl_index_markets=1.000
11:46:14 [super]   #730   0x658a48e5fa52410838af2d844e9569b7511a3b89  prob=0.0431 (raw=0.0719)  vol=$109  trades=4  first_trade=2025-11-10 17:48  winrate=0.111  n_markets_traded=9.000  herfindahl_index_markets=0.203
11:46:14 [super]   #731   0x3b73abb34fb1c633f1ed01fb5f9f4924d61feb86  prob=0.0431 (raw=0.0719)  vol=$6  trades=4  first_trade=2025-12-05 23:28  winrate=0.450  n_markets_traded=20.000  herfindahl_index_markets=0.091
11:46:14 [super]   #732   0x68e80eee1c448daaf93b782953c60653f070c464  prob=0.0431 (raw=0.0718)  vol=$468  trades=10  first_trade=2025-11-08 15:53  winrate=0.500  n_markets_traded=8.000  herfindahl_index_markets=0.154
11:46:14 [super]   #733   0x922e1766cc3b12c458e6bf5b824b5f674390d3b8  prob=0.0431 (raw=0.0717)  vol=$4  trades=2  first_trade=2025-12-14 18:48  winrate=0.250  n_markets_traded=16.000  herfindahl_index_markets=0.090
11:46:14 [super]   #734   0x962437526554c6f67aa9803d6c34ad4c91eda4bf  prob=0.0430 (raw=0.0715)  vol=$4  trades=2  first_trade=2025-12-18 10:26  winrate=0.678  n_markets_traded=87.000  herfindahl_index_markets=0.397
11:46:14 [super]   #735   0xb7e450c366d07b065e46f503c71a1a0ad0d5eb38  prob=0.0430 (raw=0.0715)  vol=$4  trades=2  first_trade=2025-12-17 14:02  winrate=0.000  n_markets_traded=1.000  herfindahl_index_markets=1.000
11:46:14 [super]   #736   0xc1c0e74f9c372c571c96706ee1d6a5769d66b734  prob=0.0430 (raw=0.0713)  vol=$36  trades=4  first_trade=2025-11-10 23:36  winrate=0.200  n_markets_traded=10.000  herfindahl_index_markets=0.251
11:46:14 [super]   #737   0x5a91013258e676848b9291ae1c10d48c7ce2943c  prob=0.0430 (raw=0.0712)  vol=$597  trades=94  first_trade=2025-12-04 11:09  winrate=0.231  n_markets_traded=91.000  herfindahl_index_markets=0.043
11:46:14 [super]   #738   0x1d4ba63fcf114f81866a963daca90700213de0f4  prob=0.0430 (raw=0.0711)  vol=$383  trades=17  first_trade=2025-12-18 05:53  winrate=NaN  n_markets_traded=0.000  herfindahl_index_markets=0.000
11:46:14 [super]   #739   0xab7ec741909af31daaecc582d3a4c10511f42a96  prob=0.0430 (raw=0.0711)  vol=$356  trades=8  first_trade=2025-10-22 13:33  winrate=0.341  n_markets_traded=41.000  herfindahl_index_markets=0.252
11:46:14 [super]   #740   0x91adb56d113fe26fd335058e7ccde92d55f71ee5  prob=0.0429 (raw=0.0708)  vol=$28  trades=4  first_trade=2025-11-10 18:08  winrate=0.000  n_markets_traded=5.000  herfindahl_index_markets=0.239
11:46:14 [super]   #741   0x14afff846a2f0917cac7203c322a863c528d8e0b  prob=0.0429 (raw=0.0706)  vol=$56  trades=9  first_trade=2025-12-18 18:18  winrate=0.391  n_markets_traded=23.000  herfindahl_index_markets=0.145
11:46:14 [super]   #742   0xafe132bc61db74d4bc1cf3baf0068892b6ef7d0d  prob=0.0429 (raw=0.0706)  vol=$23  trades=3  first_trade=2025-12-10 17:22  winrate=0.505  n_markets_traded=181.000  herfindahl_index_markets=0.021
11:46:14 [super]   #743   0xa5b3167da9a68e6eef8f78232e7e6b29c2460476  prob=0.0429 (raw=0.0706)  vol=$730  trades=13  first_trade=2025-12-18 23:00  winrate=0.491  n_markets_traded=281.000  herfindahl_index_markets=0.043
11:46:14 [super]   #744   0x5ad61864abb6ddf1d0cbe739e6a2f2fa77eb883d  prob=0.0428 (raw=0.0702)  vol=$30  trades=4  first_trade=2025-11-10 23:26  winrate=0.148  n_markets_traded=115.000  herfindahl_index_markets=0.042
11:46:14 [super]   #745   0x9bba9570470ec52093c23da1a01b4d2561a42d3b  prob=0.0428 (raw=0.0701)  vol=$11  trades=2  first_trade=2025-12-08 05:21  winrate=0.000  n_markets_traded=19.000  herfindahl_index_markets=0.209
11:46:14 [super]   #746   0x740434c536db133c201b941ee383fbdc2ca893e1  prob=0.0428 (raw=0.0701)  vol=$5  trades=2  first_trade=2025-12-18 23:39  winrate=0.000  n_markets_traded=5.000  herfindahl_index_markets=0.221
11:46:14 [super]   #747   0xcf275cbd7bfd269b8275f264f6aa61a32dedd9fb  prob=0.0428 (raw=0.0699)  vol=$2  trades=2  first_trade=2025-12-16 02:00  winrate=0.885  n_markets_traded=52.000  herfindahl_index_markets=0.047
11:46:14 [super]   #748   0xcb0e3daaba489b94189ec287edd61b1446abffb1  prob=0.0427 (raw=0.0698)  vol=$863  trades=11  first_trade=2025-12-12 16:20  winrate=0.235  n_markets_traded=17.000  herfindahl_index_markets=0.104
11:46:14 [super]   #749   0x5760498e42024571c921a3d846ae0ca33c690630  prob=0.0427 (raw=0.0696)  vol=$141  trades=5  first_trade=2025-11-11 10:56  winrate=0.000  n_markets_traded=5.000  herfindahl_index_markets=0.203
11:46:14 [super]   #750   0xfe6da951d2a89f9e60daa936f9935f7ce865dbaa  prob=0.0427 (raw=0.0695)  vol=$4  trades=2  first_trade=2025-12-10 12:11  winrate=0.000  n_markets_traded=2.000  herfindahl_index_markets=0.588
11:46:14 [super]   #751   0x6ca98ffb0284e58143620cafa2e31c37691cfa31  prob=0.0426 (raw=0.0691)  vol=$2  trades=2  first_trade=2025-12-12 17:58  winrate=0.000  n_markets_traded=2.000  herfindahl_index_markets=0.500
11:46:14 [super]   #752   0x5bd3f05121c7e73ba92e0e337e9f8e0f9192e82e  prob=0.0426 (raw=0.0687)  vol=$16  trades=5  first_trade=2025-11-10 22:00  winrate=0.333  n_markets_traded=3.000  herfindahl_index_markets=0.413
11:46:14 [super]   #753   0x3c36297a948ab8aede37e074e2f937e42cdd5fd6  prob=0.0425 (raw=0.0686)  vol=$13  trades=18  first_trade=2025-12-18 22:21  winrate=0.533  n_markets_traded=15.000  herfindahl_index_markets=0.129
11:46:14 [super]   #754   0x1893e60cd1be8abdd6d9340f5267973a5aa9da71  prob=0.0425 (raw=0.0685)  vol=$18  trades=2  first_trade=2025-12-18 00:54  winrate=0.000  n_markets_traded=2.000  herfindahl_index_markets=0.501
11:46:14 [super]   #755   0xdeeba17a7e9d60fcef8a12b2b22e4917917b1588  prob=0.0425 (raw=0.0684)  vol=$15  trades=2  first_trade=2025-11-14 15:10  winrate=0.000  n_markets_traded=7.000  herfindahl_index_markets=0.180
11:46:14 [super]   #756   0x19909940044885c184eeef70fb65bbf347726006  prob=0.0425 (raw=0.0683)  vol=$29  trades=2  first_trade=2025-12-05 10:24  winrate=0.000  n_markets_traded=2.000  herfindahl_index_markets=0.500
11:46:14 [super]   #757   0x6a6d49ddea5d46751b5381212d14600bbb4574c7  prob=0.0425 (raw=0.0683)  vol=$4  trades=4  first_trade=2025-11-12 12:22  winrate=0.429  n_markets_traded=21.000  herfindahl_index_markets=0.149
11:46:14 [super]   #758   0xf57c8dbfad1e2c306d9a4438fd9d413009213935  prob=0.0425 (raw=0.0683)  vol=$4  trades=2  first_trade=2025-12-08 08:46  winrate=0.607  n_markets_traded=84.000  herfindahl_index_markets=0.596
11:46:14 [super]   #759   0x190a2f45dca9f128cd989dcdc70f24ad82844ab4  prob=0.0425 (raw=0.0681)  vol=$27  trades=5  first_trade=2025-12-10 10:10  winrate=0.348  n_markets_traded=23.000  herfindahl_index_markets=0.157
11:46:14 [super]   #760   0xf65178c86b3d8830687f646230cbafcd74063516  prob=0.0425 (raw=0.0681)  vol=$60  trades=4  first_trade=2025-11-11 15:43  winrate=0.000  n_markets_traded=2.000  herfindahl_index_markets=0.510
11:46:14 [super]   #761   0x8138223a986ab263fe388bcfe2bacfc17991f52c  prob=0.0424 (raw=0.0679)  vol=$81  trades=4  first_trade=2025-12-12 16:49  winrate=0.484  n_markets_traded=158.000  herfindahl_index_markets=0.015
11:46:14 [super]   #762   0x4fb7accc039473a3043f5f1327af882eaa193b6a  prob=0.0424 (raw=0.0678)  vol=$5  trades=2  first_trade=2025-12-19 06:49  winrate=0.591  n_markets_traded=22.000  herfindahl_index_markets=0.248
11:46:14 [super]   #763   0x62951a036833f04f29abef21d09d9807167f5087  prob=0.0424 (raw=0.0678)  vol=$4  trades=4  first_trade=2025-11-09 10:36  winrate=0.622  n_markets_traded=370.000  herfindahl_index_markets=0.029
11:46:14 [super]   #764   0xe7473fc4d6ada11a5f622ff99681b942b910bcac  prob=0.0424 (raw=0.0675)  vol=$14  trades=6  first_trade=2025-10-22 11:35  winrate=NaN  n_markets_traded=0.000  herfindahl_index_markets=0.000
11:46:14 [super]   #765   0x2eece06d32ba432b8028a7371df938c734ffe535  prob=0.0423 (raw=0.0673)  vol=$41  trades=6  first_trade=2025-11-14 06:06  winrate=0.455  n_markets_traded=11.000  herfindahl_index_markets=0.216
11:46:14 [super]   #766   0xd0a7574f7217d28954ba9174f47358581e16269b  prob=0.0423 (raw=0.0672)  vol=$16  trades=4  first_trade=2025-12-06 16:23  winrate=0.000  n_markets_traded=8.000  herfindahl_index_markets=0.133
11:46:14 [super]   #767   0x3fece6fd5e85c8c291ff60a1199cb3737eef4592  prob=0.0423 (raw=0.0670)  vol=$11  trades=2  first_trade=2025-12-07 13:34  winrate=0.583  n_markets_traded=12.000  herfindahl_index_markets=0.227
11:46:14 [super]   #768   0x0552cb1d3de812235daf63b941a3ba0eb6d8791a  prob=0.0423 (raw=0.0670)  vol=$80  trades=2  first_trade=2025-11-17 05:38  winrate=0.667  n_markets_traded=3.000  herfindahl_index_markets=0.423
11:46:14 [super]   #769   0xb70bb74dbb3d798d6da9716829a64fd2f47d197e  prob=0.0422 (raw=0.0665)  vol=$57  trades=2  first_trade=2025-12-07 17:41  winrate=0.667  n_markets_traded=20.000  herfindahl_index_markets=0.116
11:46:14 [super]   #770   0xe95bc91c9059de85ee36b68186811e199fc285ed  prob=0.0422 (raw=0.0664)  vol=$130  trades=4  first_trade=2025-11-11 19:34  winrate=0.000  n_markets_traded=4.000  herfindahl_index_markets=0.417
11:46:14 [super]   #771   0x40164205018d9e41593a7a20194e48bfd575295d  prob=0.0421 (raw=0.0659)  vol=$9  trades=4  first_trade=2025-10-22 12:15  winrate=0.200  n_markets_traded=5.000  herfindahl_index_markets=0.213
11:46:14 [super]   #772   0x863608889b7900de23508c67126df275a10fd3c7  prob=0.0421 (raw=0.0659)  vol=$11  trades=4  first_trade=2025-12-11 02:55  winrate=0.125  n_markets_traded=8.000  herfindahl_index_markets=0.410
11:46:14 [super]   #773   0xf1a0782969c6d87e97dadb2e9c5ddf0fc7f30bcf  prob=0.0421 (raw=0.0658)  vol=$28  trades=34  first_trade=2025-12-02 18:22  winrate=0.057  n_markets_traded=35.000  herfindahl_index_markets=0.222
11:46:14 [super]   #774   0x936baaa619a4b7027472fee5068b0c3e2a6703cf  prob=0.0421 (raw=0.0658)  vol=$10  trades=2  first_trade=2025-11-20 15:53  winrate=0.400  n_markets_traded=5.000  herfindahl_index_markets=0.336
11:46:14 [super]   #775   0x2994231537e0115b883c5092fc290ce76886fde2  prob=0.0421 (raw=0.0658)  vol=$48  trades=4  first_trade=2025-12-07 13:42  winrate=0.000  n_markets_traded=19.000  herfindahl_index_markets=0.122
11:46:14 [super]   #776   0x9630915fb1bba889a3226c387a6e0663cf40b278  prob=0.0420 (raw=0.0656)  vol=$1,653  trades=10  first_trade=2025-10-21 20:19  winrate=0.444  n_markets_traded=27.000  herfindahl_index_markets=0.349
11:46:14 [super]   #777   0xb230dc6615aaa03e9231439b4634762b4d9e924a  prob=0.0419 (raw=0.0651)  vol=$89  trades=5  first_trade=2025-11-30 11:34  winrate=NaN  n_markets_traded=NaN  herfindahl_index_markets=NaN
11:46:14 [super]   #778   0x96b90795800156623a22f9c53c7f0a57dd4b5fde  prob=0.0419 (raw=0.0651)  vol=$50  trades=6  first_trade=2025-11-12 01:15  winrate=0.000  n_markets_traded=4.000  herfindahl_index_markets=0.252
11:46:14 [super]   #779   0x83a27a300c39d7ef473841f89656273e2d5c21dc  prob=0.0419 (raw=0.0650)  vol=$7  trades=4  first_trade=2025-11-10 19:17  winrate=0.000  n_markets_traded=3.000  herfindahl_index_markets=0.358
11:46:14 [super]   #780   0x3eccb67e467ab5cade77e17fe8b407450d691d30  prob=0.0419 (raw=0.0650)  vol=$77  trades=17  first_trade=2025-10-15 14:34  winrate=NaN  n_markets_traded=0.000  herfindahl_index_markets=0.000
11:46:14 [super]   #781   0x651392a1c43e89669feca9b23baf8478eab88c10  prob=0.0419 (raw=0.0647)  vol=$280  trades=6  first_trade=2025-12-10 12:53  winrate=NaN  n_markets_traded=0.000  herfindahl_index_markets=0.000
11:46:14 [super]   #782   0x32ed75a8be29773cdad3ae68873f2611b2ef656c  prob=0.0418 (raw=0.0645)  vol=$42  trades=3  first_trade=2025-12-15 02:10  winrate=0.000  n_markets_traded=5.000  herfindahl_index_markets=0.210
11:46:14 [super]   #783   0x3e413b433cfd66d37741de731e8abe700e0f8a69  prob=0.0418 (raw=0.0645)  vol=$10  trades=4  first_trade=2025-10-22 12:51  winrate=0.143  n_markets_traded=14.000  herfindahl_index_markets=0.239
11:46:14 [super]   #784   0x43b3ace917cc9d1c8480708b01e209e310376193  prob=0.0418 (raw=0.0643)  vol=$747  trades=8  first_trade=2025-12-06 16:49  winrate=0.429  n_markets_traded=13.000  herfindahl_index_markets=0.126
11:46:14 [super]   #785   0x5d00cfe397dda828e5ad9be99dc9723ae68ac5ad  prob=0.0418 (raw=0.0642)  vol=$6  trades=4  first_trade=2025-12-05 11:39  winrate=0.000  n_markets_traded=7.000  herfindahl_index_markets=0.158
11:46:14 [super]   #786   0x61a4a0f94e8475ba0996c2cb641acda33c0c877c  prob=0.0418 (raw=0.0641)  vol=$29  trades=4  first_trade=2025-10-22 13:20  winrate=0.000  n_markets_traded=10.000  herfindahl_index_markets=0.164
11:46:14 [super]   #787   0x3319a1ef2b47a92cebbff4b69fd53a151390df65  prob=0.0417 (raw=0.0640)  vol=$32  trades=2  first_trade=2025-11-10 19:06  winrate=0.000  n_markets_traded=2.000  herfindahl_index_markets=0.668
11:46:14 [super]   #788   0x1e887c7e805a0f5d3a1a4d26f6b2dc65398e0648  prob=0.0417 (raw=0.0640)  vol=$81  trades=7  first_trade=2025-12-19 06:42  winrate=0.000  n_markets_traded=2.000  herfindahl_index_markets=0.867
11:46:14 [super]   #789   0xb9a39adb332a53984d9983ad2cabb2617eb11c77  prob=0.0417 (raw=0.0640)  vol=$4  trades=2  first_trade=2025-12-18 03:05  winrate=0.143  n_markets_traded=7.000  herfindahl_index_markets=0.171
11:46:14 [super]   #790   0xbe29d869514a0d60796790d67d1ea4ae13961c8f  prob=0.0417 (raw=0.0638)  vol=$325  trades=3  first_trade=2025-12-03 21:57  winrate=0.467  n_markets_traded=15.000  herfindahl_index_markets=0.202
11:46:14 [super]   #791   0x1ba9fca47fb3659bf3d01c205a7e4b7321268920  prob=0.0417 (raw=0.0638)  vol=$20  trades=4  first_trade=2025-11-09 18:26  winrate=0.000  n_markets_traded=13.000  herfindahl_index_markets=0.122
11:46:14 [super]   #792   0xee02fcc92630df314cc3be36f55bfb5b94e51d20  prob=0.0416 (raw=0.0634)  vol=$353  trades=5  first_trade=2025-12-04 13:27  winrate=0.167  n_markets_traded=11.000  herfindahl_index_markets=0.351
11:46:14 [super]   #793   0xc28e8b7c140a00cb3abe43d019a4907738f52f20  prob=0.0416 (raw=0.0634)  vol=$10  trades=4  first_trade=2025-12-18 07:05  winrate=0.000  n_markets_traded=2.000  herfindahl_index_markets=0.625
11:46:14 [super]   #794   0x14f62ed88bb8251de289323c2440b6b8517edb09  prob=0.0416 (raw=0.0632)  vol=$3  trades=1  first_trade=2025-11-30 12:16  winrate=0.480  n_markets_traded=25.000  herfindahl_index_markets=0.134
11:46:14 [super]   #795   0x19459be012a9c957545e3a033c227d969f6ea374  prob=0.0416 (raw=0.0631)  vol=$5  trades=2  first_trade=2025-12-09 22:39  winrate=0.150  n_markets_traded=19.000  herfindahl_index_markets=0.255
11:46:14 [super]   #796   0xe8e3e18d8b92d6d29b3449fad94003641a29f4a0  prob=0.0416 (raw=0.0630)  vol=$1,880  trades=6  first_trade=2025-11-16 16:29  winrate=0.447  n_markets_traded=208.000  herfindahl_index_markets=0.035
11:46:14 [super]   #797   0x7297cfba1a0542f189b65e7c28b6f2dce1c680ed  prob=0.0415 (raw=0.0628)  vol=$39  trades=5  first_trade=2025-11-07 03:21  winrate=0.538  n_markets_traded=130.000  herfindahl_index_markets=0.018
11:46:14 [super]   #798   0x69f2353c09f2ed8fd0a6920d9dcb86c56c66464c  prob=0.0415 (raw=0.0626)  vol=$346  trades=9  first_trade=2025-11-28 00:44  winrate=0.426  n_markets_traded=47.000  herfindahl_index_markets=0.051
11:46:14 [super]   #799   0xc1f9067b3d2ca773437ca171bae6d8e62ad3f279  prob=0.0415 (raw=0.0625)  vol=$16  trades=5  first_trade=2025-12-10 04:27  winrate=0.259  n_markets_traded=27.000  herfindahl_index_markets=0.067
11:46:14 [super]   #800   0x690e89f66c0f86fedb4254461dd90fd706ac417d  prob=0.0415 (raw=0.0624)  vol=$18  trades=7  first_trade=2025-10-25 18:05  winrate=0.143  n_markets_traded=42.000  herfindahl_index_markets=0.452
11:46:14 [super]   #801   0xdf0295a0513d701c6b3852309e9b45e4a3dfd425  prob=0.0415 (raw=0.0623)  vol=$38  trades=4  first_trade=2025-11-10 19:50  winrate=0.000  n_markets_traded=5.000  herfindahl_index_markets=0.206
11:46:14 [super]   #802   0xae44b785a58d9e497e6ce5a5171768db967cc221  prob=0.0414 (raw=0.0621)  vol=$14  trades=5  first_trade=2025-11-19 11:28  winrate=0.143  n_markets_traded=14.000  herfindahl_index_markets=0.108
11:46:14 [super]   #803   0xb100d761c163b776382fa988b8c8a4b5280e439d  prob=0.0414 (raw=0.0621)  vol=$276  trades=10  first_trade=2025-12-06 20:13  winrate=0.585  n_markets_traded=112.000  herfindahl_index_markets=0.018
11:46:14 [super]   #804   0x123c1facd6d6366b5b9cb61803b918aa5aba678e  prob=0.0414 (raw=0.0620)  vol=$15  trades=4  first_trade=2025-11-10 18:10  winrate=0.000  n_markets_traded=3.000  herfindahl_index_markets=0.375
11:46:14 [super]   #805   0x423c7e327d53b560238458da110b4ac97be59359  prob=0.0414 (raw=0.0619)  vol=$21  trades=6  first_trade=2025-12-04 20:51  winrate=0.200  n_markets_traded=10.000  herfindahl_index_markets=0.503
11:46:14 [super]   #806   0xd5abf94b7e0bdb25a9ef23f6fcd3d36c57731a55  prob=0.0414 (raw=0.0619)  vol=$123  trades=5  first_trade=2025-11-11 19:46  winrate=0.000  n_markets_traded=5.000  herfindahl_index_markets=0.238
11:46:14 [super]   #807   0xc5d5b7a32f92acaedad697640fb4904d47965cd6  prob=0.0414 (raw=0.0618)  vol=$2  trades=2  first_trade=2025-12-05 15:18  winrate=0.000  n_markets_traded=1.000  herfindahl_index_markets=1.000
11:46:14 [super]   #808   0xe75d28800a512004da1b62012b07a269c90efda7  prob=0.0414 (raw=0.0617)  vol=$102  trades=6  first_trade=2025-10-22 13:43  winrate=0.231  n_markets_traded=26.000  herfindahl_index_markets=0.221
11:46:14 [super]   #809   0xe32e125187396bf14c01b63e662952e9a47dcce1  prob=0.0414 (raw=0.0617)  vol=$143  trades=5  first_trade=2025-12-09 19:34  winrate=0.000  n_markets_traded=1.000  herfindahl_index_markets=1.000
11:46:14 [super]   #810   0xd6eef76188c7068719ac881460b7431e1ae137a2  prob=0.0414 (raw=0.0617)  vol=$213  trades=22  first_trade=2025-12-01 06:07  winrate=NaN  n_markets_traded=0.000  herfindahl_index_markets=0.000
11:46:14 [super]   #811   0xb4b4a6dcd21d5ea247bbf2304176a4d911ca3d15  prob=0.0413 (raw=0.0615)  vol=$10  trades=4  first_trade=2025-12-04 20:06  winrate=0.000  n_markets_traded=10.000  herfindahl_index_markets=0.154
11:46:14 [super]   #812   0xfc82b903397b807217bf36ab4072f28431ce1c18  prob=0.0413 (raw=0.0612)  vol=$4  trades=2  first_trade=2025-12-02 01:27  winrate=0.000  n_markets_traded=10.000  herfindahl_index_markets=0.117
11:46:14 [super]   #813   0xef14cb4d77c0ac350c6e6ef38b73d7bfa657a90f  prob=0.0413 (raw=0.0611)  vol=$25  trades=11  first_trade=2025-12-19 01:19  winrate=NaN  n_markets_traded=0.000  herfindahl_index_markets=0.000
11:46:14 [super]   #814   0x90bfc858ddb497e6208a92dce15cfe9a480d3348  prob=0.0412 (raw=0.0611)  vol=$466  trades=6  first_trade=2025-12-04 05:50  winrate=NaN  n_markets_traded=0.000  herfindahl_index_markets=0.000
11:46:14 [super]   #815   0xf32aa64459951efcade0200bc84b985bc5106f58  prob=0.0412 (raw=0.0610)  vol=$6  trades=2  first_trade=2025-12-06 23:26  winrate=0.000  n_markets_traded=31.000  herfindahl_index_markets=0.053
11:46:14 [super]   #816   0x3de2e890c758a13eb23afa4faee3bd49e68c0c64  prob=0.0412 (raw=0.0610)  vol=$121  trades=6  first_trade=2025-12-19 08:48  winrate=0.250  n_markets_traded=4.000  herfindahl_index_markets=0.881
11:46:14 [super]   #817   0x74646bbdbf7e4c7811bc0fb01b53b4f3244f71cf  prob=0.0412 (raw=0.0610)  vol=$16  trades=3  first_trade=2025-12-14 21:12  winrate=0.516  n_markets_traded=281.000  herfindahl_index_markets=0.004
11:46:14 [super]   #818   0x299e9eba9de153f72f0fc7a9574dabe53d55129e  prob=0.0412 (raw=0.0608)  vol=$323  trades=2  first_trade=2025-11-10 19:15  winrate=0.000  n_markets_traded=3.000  herfindahl_index_markets=0.420
11:46:14 [super]   #819   0x1f2a7151d557fb657677c6446503750ccd8358af  prob=0.0412 (raw=0.0607)  vol=$616  trades=4  first_trade=2025-12-09 19:29  winrate=NaN  n_markets_traded=0.000  herfindahl_index_markets=0.000
11:46:14 [super]   #820   0xc62a4388d2b88dd76dc372818b799087f40bc2c7  prob=0.0412 (raw=0.0607)  vol=$8,916  trades=2  first_trade=2025-12-19 12:48  winrate=0.410  n_markets_traded=35.000  herfindahl_index_markets=0.063
11:46:14 [super]   #821   0x4efb341823b1913265e8e936a9a1cf7468abf5fb  prob=0.0411 (raw=0.0604)  vol=$658  trades=17  first_trade=2025-12-12 23:17  winrate=0.350  n_markets_traded=20.000  herfindahl_index_markets=0.141
11:46:14 [super]   #822   0xcbc65ce6807d7b7526580ac68dd2e4c0e61d7820  prob=0.0411 (raw=0.0604)  vol=$43  trades=2  first_trade=2025-12-10 17:06  winrate=0.000  n_markets_traded=3.000  herfindahl_index_markets=0.344
11:46:14 [super]   #823   0xc97128d47fbc221c17ddb9ed20c005d494437bb2  prob=0.0411 (raw=0.0604)  vol=$43  trades=7  first_trade=2025-10-29 14:49  winrate=NaN  n_markets_traded=0.000  herfindahl_index_markets=0.000
11:46:14 [super]   #824   0xbf9db6158a74d540327754c9a91adc01c90a0dcc  prob=0.0411 (raw=0.0603)  vol=$194  trades=8  first_trade=2025-12-07 20:52  winrate=0.795  n_markets_traded=39.000  herfindahl_index_markets=0.109
11:46:14 [super]   #825   0x02bc37f112297f24286325f15d5e23b07ff97b91  prob=0.0411 (raw=0.0603)  vol=$43  trades=4  first_trade=2025-12-04 12:37  winrate=NaN  n_markets_traded=NaN  herfindahl_index_markets=NaN
11:46:14 [super]   #826   0x3d82b5ac23991491854bd55290ca84eb30b351ee  prob=0.0411 (raw=0.0602)  vol=$8  trades=4  first_trade=2025-11-10 11:03  winrate=0.400  n_markets_traded=10.000  herfindahl_index_markets=0.156
11:46:14 [super]   #827   0x6ada565905bd01e12f6d9918b124effdf6ecded1  prob=0.0411 (raw=0.0600)  vol=$1  trades=2  first_trade=2025-11-09 19:12  winrate=0.000  n_markets_traded=6.000  herfindahl_index_markets=0.184
11:46:14 [super]   #828   0x0aa71118e89c677c2a49b839735aba708fdf07d5  prob=0.0411 (raw=0.0600)  vol=$2  trades=2  first_trade=2025-11-08 15:55  winrate=0.143  n_markets_traded=35.000  herfindahl_index_markets=0.055
11:46:14 [super]   #829   0x5a08aafa6d636b4c5655a63f2ac6c0c1e4937ff5  prob=0.0411 (raw=0.0600)  vol=$60  trades=4  first_trade=2025-12-04 09:03  winrate=0.326  n_markets_traded=135.000  herfindahl_index_markets=0.031
11:46:14 [super]   #830   0x87eab0e4f77752115b222d51a8de1f8aa1551d69  prob=0.0411 (raw=0.0599)  vol=$37  trades=5  first_trade=2025-12-17 23:14  winrate=0.391  n_markets_traded=64.000  herfindahl_index_markets=0.027
11:46:14 [super]   #831   0x47517596b1915924fe5faead800a4f444e90fdc8  prob=0.0410 (raw=0.0597)  vol=$90  trades=8  first_trade=2025-12-13 19:17  winrate=0.000  n_markets_traded=2.000  herfindahl_index_markets=0.520
11:46:14 [super]   #832   0xb7dc9ef746bcc33160d6771b4705bb7006ad8125  prob=0.0410 (raw=0.0595)  vol=$111  trades=15  first_trade=2025-12-18 02:54  winrate=0.000  n_markets_traded=4.000  herfindahl_index_markets=0.308
11:46:14 [super]   #833   0x91e8d6569f553ae6988587f5abfe4d9626610bcf  prob=0.0410 (raw=0.0594)  vol=$37,610  trades=43  first_trade=2025-12-18 22:13  winrate=0.000  n_markets_traded=1.000  herfindahl_index_markets=1.000
11:46:14 [super]   #834   0x69ba5023ccff98e59371e0663b1e2a0906d88291  prob=0.0409 (raw=0.0591)  vol=$3  trades=5  first_trade=2025-10-22 13:04  winrate=0.038  n_markets_traded=26.000  herfindahl_index_markets=0.042
11:46:14 [super]   #835   0xbb1878e329ef6d08712c3a8a50157c6bd2466419  prob=0.0409 (raw=0.0590)  vol=$36  trades=6  first_trade=2025-12-11 18:03  winrate=0.333  n_markets_traded=15.000  herfindahl_index_markets=0.243
11:46:14 [super]   #836   0xe27e7d45d08accca71c1cb76659dcc4e679fa6bb  prob=0.0409 (raw=0.0587)  vol=$9  trades=4  first_trade=2025-12-05 16:43  winrate=0.286  n_markets_traded=7.000  herfindahl_index_markets=0.170
11:46:14 [super]   #837   0x97e810c3cab5dfa16445f4adee3ac8d5b467be6c  prob=0.0408 (raw=0.0587)  vol=$2,525  trades=20  first_trade=2025-12-18 13:56  winrate=0.222  n_markets_traded=18.000  herfindahl_index_markets=0.142
11:46:14 [super]   #838   0x3e1ddad0d6bd66158dc54d8a0e78b957ab8a069d  prob=0.0408 (raw=0.0586)  vol=$45  trades=3  first_trade=2025-11-30 09:22  winrate=1.000  n_markets_traded=2.000  herfindahl_index_markets=0.663
11:46:14 [super]   #839   0x341e4814c3d100855ad0711d35c90ee36fab306b  prob=0.0408 (raw=0.0586)  vol=$83  trades=5  first_trade=2025-12-18 21:36  winrate=0.500  n_markets_traded=2.000  herfindahl_index_markets=0.597
11:46:14 [super]   #840   0xf5a61d36dc4d4e3b66fc292323285b5bb6a86a80  prob=0.0408 (raw=0.0586)  vol=$298  trades=8  first_trade=2025-12-08 21:33  winrate=0.500  n_markets_traded=2.000  herfindahl_index_markets=0.541
11:46:14 [super]   #841   0xac5a2ffcefb7be0735bf0091c8283c6d54ac683d  prob=0.0408 (raw=0.0585)  vol=$79  trades=14  first_trade=2025-12-11 14:27  winrate=0.000  n_markets_traded=10.000  herfindahl_index_markets=0.118
11:46:14 [super]   #842   0xcfb6ffec9403a72c400b52fef56179dd770fa79f  prob=0.0408 (raw=0.0584)  vol=$6  trades=2  first_trade=2025-12-19 09:23  winrate=0.654  n_markets_traded=77.000  herfindahl_index_markets=0.845
11:46:14 [super]   #843   0xe6ec6b2d0c47075488ff46bc00b14b16f3ff5d19  prob=0.0408 (raw=0.0583)  vol=$94  trades=5  first_trade=2025-10-22 13:53  winrate=0.300  n_markets_traded=10.000  herfindahl_index_markets=0.172
11:46:14 [super]   #844   0xd98382cce7869059738617a701f08071c9a9ac11  prob=0.0408 (raw=0.0583)  vol=$442  trades=15  first_trade=2025-11-08 09:47  winrate=0.250  n_markets_traded=8.000  herfindahl_index_markets=0.240
11:46:14 [super]   #845   0xbfabc9cf788b6d3d81300e95eb202d1cf18b7348  prob=0.0408 (raw=0.0582)  vol=$86  trades=5  first_trade=2025-11-11 08:04  winrate=0.167  n_markets_traded=6.000  herfindahl_index_markets=0.220
11:46:14 [super]   #846   0x4706c64ca313f397110055b3b77cceb55c7c047c  prob=0.0408 (raw=0.0581)  vol=$14  trades=4  first_trade=2025-11-10 18:32  winrate=0.000  n_markets_traded=5.000  herfindahl_index_markets=0.434
11:46:14 [super]   #847   0x90176232bf99d5b0b34f7bd43313d763ec4a6790  prob=0.0407 (raw=0.0581)  vol=$13  trades=3  first_trade=2025-12-12 11:33  winrate=0.000  n_markets_traded=16.000  herfindahl_index_markets=0.080
11:46:14 [super]   #848   0x7cc183cce0514464194d25219b015c7516bffdc6  prob=0.0407 (raw=0.0580)  vol=$728  trades=7  first_trade=2025-10-22 23:33  winrate=NaN  n_markets_traded=0.000  herfindahl_index_markets=0.000
11:46:14 [super]   #849   0x35533c73f63bd89ba63051467478be389b276e3c  prob=0.0407 (raw=0.0579)  vol=$67  trades=6  first_trade=2025-12-17 15:31  winrate=0.000  n_markets_traded=2.000  herfindahl_index_markets=0.699
11:46:14 [super]   #850   0x85be73d277fdfc3b1b557f09cf76282c39775ec1  prob=0.0407 (raw=0.0577)  vol=$1,740  trades=5  first_trade=2025-12-07 16:30  winrate=0.091  n_markets_traded=33.000  herfindahl_index_markets=0.504
11:46:14 [super]   #851   0x535585bfe3f231029dbc2218263dc4be91bffae9  prob=0.0407 (raw=0.0577)  vol=$49  trades=2  first_trade=2025-10-30 19:21  winrate=0.133  n_markets_traded=83.000  herfindahl_index_markets=0.219
11:46:14 [super]   #852   0x86de57ca58c50401ec48538399fd7d5e49a81e2d  prob=0.0406 (raw=0.0574)  vol=$16  trades=2  first_trade=2025-12-19 06:22  winrate=0.000  n_markets_traded=4.000  herfindahl_index_markets=0.333
11:46:14 [super]   #853   0xeccab812c0c6256ccdef7a9a3a7cd114947f6a15  prob=0.0406 (raw=0.0574)  vol=$22  trades=6  first_trade=2025-12-04 13:46  winrate=0.408  n_markets_traded=240.000  herfindahl_index_markets=0.011
11:46:14 [super]   #854   0x1b4d52ceedf642b3772d571cd1b95944627a8358  prob=0.0406 (raw=0.0573)  vol=$65  trades=6  first_trade=2025-11-15 13:56  winrate=0.738  n_markets_traded=65.000  herfindahl_index_markets=0.962
11:46:14 [super]   #855   0xc1c49be60aeaeed72c6d71fd7c8a6e031d93d869  prob=0.0406 (raw=0.0572)  vol=$9  trades=2  first_trade=2025-12-11 20:26  winrate=0.331  n_markets_traded=107.000  herfindahl_index_markets=0.086
11:46:14 [super]   #856   0x82780d0e52e2d33f16c2f8aac91121ee623def14  prob=0.0406 (raw=0.0572)  vol=$47  trades=3  first_trade=2025-12-05 20:42  winrate=0.593  n_markets_traded=91.000  herfindahl_index_markets=0.034
11:46:14 [super]   #857   0x044105f6379d781c417064376855c4bcf590a605  prob=0.0406 (raw=0.0571)  vol=$9  trades=4  first_trade=2025-11-10 23:56  winrate=0.000  n_markets_traded=6.000  herfindahl_index_markets=0.178
11:46:14 [super]   #858   0x5fdb3d8a19adc33ec094d66409efa961102166c8  prob=0.0406 (raw=0.0571)  vol=$5  trades=2  first_trade=2025-12-18 02:34  winrate=0.423  n_markets_traded=26.000  herfindahl_index_markets=0.194
11:46:14 [super]   #859   0xbd2759b5e95bd29ba1ceb783918b546b5f425524  prob=0.0406 (raw=0.0569)  vol=$31  trades=3  first_trade=2025-12-19 06:08  winrate=0.000  n_markets_traded=3.000  herfindahl_index_markets=0.354
11:46:14 [super]   #860   0xd182164064cdf4a4da5fa6c42b2312ec94df9681  prob=0.0405 (raw=0.0569)  vol=$12  trades=2  first_trade=2025-10-22 19:13  winrate=0.269  n_markets_traded=52.000  herfindahl_index_markets=0.070
11:46:14 [super]   #861   0xa2e9ca8af38803e6987e9bd0a7ed53653c54aa46  prob=0.0405 (raw=0.0569)  vol=$35  trades=4  first_trade=2025-12-10 02:51  winrate=0.333  n_markets_traded=15.000  herfindahl_index_markets=0.106
11:46:14 [super]   #862   0xcba94a7fd9abb36ab974ee47ee2c7c77bd9cb8fd  prob=0.0404 (raw=0.0562)  vol=$30  trades=5  first_trade=2025-12-18 09:41  winrate=0.000  n_markets_traded=2.000  herfindahl_index_markets=0.500
11:46:14 [super]   #863   0xa246d180a58bafc2aa1e3aa55c0a0875341b8800  prob=0.0404 (raw=0.0559)  vol=$1  trades=2  first_trade=2025-12-19 07:09  winrate=0.333  n_markets_traded=3.000  herfindahl_index_markets=0.445
11:46:14 [super]   #864   0x6f0340951de9decbbd2bc4ae9388c27d55054354  prob=0.0404 (raw=0.0557)  vol=$225  trades=15  first_trade=2025-12-15 08:55  winrate=0.550  n_markets_traded=40.000  herfindahl_index_markets=0.051
11:46:14 [super]   #865   0x5b47fd7dcf40ad254e9d81201a922a4e4e086b7d  prob=0.0404 (raw=0.0557)  vol=$11  trades=2  first_trade=2025-12-18 19:37  winrate=0.000  n_markets_traded=13.000  herfindahl_index_markets=0.154
11:46:14 [super]   #866   0xb0645333b61aa7f1f986ae9cc8935b2ebb521d13  prob=0.0404 (raw=0.0557)  vol=$16  trades=5  first_trade=2025-12-14 12:04  winrate=0.000  n_markets_traded=2.000  herfindahl_index_markets=0.966
11:46:14 [super]   #867   0x49325f17691647da94c9179fa60e0d5204859c3b  prob=0.0403 (raw=0.0556)  vol=$327  trades=8  first_trade=2025-12-05 00:34  winrate=0.300  n_markets_traded=40.000  herfindahl_index_markets=0.065
11:46:14 [super]   #868   0xf462ced703c80d7e9c22e85043bd6fa882c6d899  prob=0.0403 (raw=0.0555)  vol=$75  trades=6  first_trade=2025-12-19 07:43  winrate=0.000  n_markets_traded=5.000  herfindahl_index_markets=0.280
11:46:14 [super]   #869   0x73717594077255fce14a2f419124c227c964cade  prob=0.0403 (raw=0.0554)  vol=$151  trades=7  first_trade=2025-11-10 13:36  winrate=0.241  n_markets_traded=29.000  herfindahl_index_markets=0.056
11:46:14 [super]   #870   0x46278b240581b062fd460a7066904b8a0c2e0718  prob=0.0403 (raw=0.0553)  vol=$98  trades=3  first_trade=2025-12-18 20:12  winrate=0.000  n_markets_traded=5.000  herfindahl_index_markets=0.334
11:46:14 [super]   #871   0x879d10dbd8104de2c9e4b60a9cc8f45766361844  prob=0.0403 (raw=0.0553)  vol=$21  trades=6  first_trade=2025-12-03 21:49  winrate=0.083  n_markets_traded=12.000  herfindahl_index_markets=0.169
11:46:14 [super]   #872   0x1e9c5e57daee65a5fba0ca86b01651858f684148  prob=0.0403 (raw=0.0553)  vol=$3  trades=2  first_trade=2025-12-07 10:32  winrate=0.656  n_markets_traded=90.000  herfindahl_index_markets=0.644
11:46:14 [super]   #873   0xf02f1afab02432f1be4df881b7253c0c27e7ff23  prob=0.0403 (raw=0.0553)  vol=$23,899  trades=57  first_trade=2025-10-22 20:13  winrate=0.487  n_markets_traded=160.000  herfindahl_index_markets=0.054
11:46:14 [super]   #874   0x80ace5b921d547663b3846cd150d68f3bca36ac9  prob=0.0403 (raw=0.0552)  vol=$17,651  trades=121  first_trade=2025-10-24 16:27  winrate=0.333  n_markets_traded=18.000  herfindahl_index_markets=0.166
11:46:14 [super]   #875   0x24fd8e71b781a23a6bd829d407c2d3f381344f88  prob=0.0403 (raw=0.0552)  vol=$37  trades=5  first_trade=2025-10-10 00:32  winrate=0.000  n_markets_traded=2.000  herfindahl_index_markets=0.500
11:46:14 [super]   #876   0xa0020736ece3cfa48f6dc8f5802d845c4af830af  prob=0.0403 (raw=0.0551)  vol=$3  trades=4  first_trade=2025-11-14 21:05  winrate=0.000  n_markets_traded=11.000  herfindahl_index_markets=0.112
11:46:14 [super]   #877   0x370b22aaec663037c678dce86d0057849dd6e34b  prob=0.0403 (raw=0.0551)  vol=$3  trades=1  first_trade=2025-12-10 12:21  winrate=NaN  n_markets_traded=0.000  herfindahl_index_markets=0.000
11:46:14 [super]   #878   0xd5bf55ef21860a972239951b4805029a591ddb49  prob=0.0403 (raw=0.0551)  vol=$7  trades=2  first_trade=2025-12-07 22:18  winrate=0.143  n_markets_traded=7.000  herfindahl_index_markets=0.225
11:46:14 [super]   #879   0x79922ac65b4926c491f62e6adb6dd347ccaafe8d  prob=0.0402 (raw=0.0551)  vol=$54  trades=4  first_trade=2025-12-18 02:02  winrate=0.717  n_markets_traded=127.000  herfindahl_index_markets=0.013
11:46:14 [super]   #880   0x1440ca8ac6367f37f7f700087da24bfe0c5b7712  prob=0.0402 (raw=0.0550)  vol=$34  trades=1  first_trade=2025-12-12 17:25  winrate=0.519  n_markets_traded=183.000  herfindahl_index_markets=0.017
11:46:14 [super]   #881   0x6a64ffcc3e831a5611389da2cc9b4369cd7f6697  prob=0.0402 (raw=0.0550)  vol=$145  trades=4  first_trade=2025-11-10 18:44  winrate=0.143  n_markets_traded=7.000  herfindahl_index_markets=0.159
11:46:14 [super]   #882   0x0ac85986ce3db1f0cb060d21b4e8ac78f3e912ed  prob=0.0402 (raw=0.0549)  vol=$21  trades=5  first_trade=2025-12-17 22:27  winrate=0.000  n_markets_traded=4.000  herfindahl_index_markets=0.764
11:46:14 [super]   #883   0xe0982a4a551fa88a493135be89651ffa65508ee2  prob=0.0402 (raw=0.0547)  vol=$242  trades=18  first_trade=2025-10-22 14:38  winrate=0.520  n_markets_traded=25.000  herfindahl_index_markets=0.065
11:46:14 [super]   #884   0x0b9ee332cef4ace68b10a546475af5cbf331154a  prob=0.0402 (raw=0.0547)  vol=$401  trades=8  first_trade=2025-11-08 01:40  winrate=0.203  n_markets_traded=64.000  herfindahl_index_markets=0.025
11:46:14 [super]   #885   0x09d71a17ce1628fa67284ea77f69b74459df1045  prob=0.0402 (raw=0.0546)  vol=$49  trades=4  first_trade=2025-12-05 01:07  winrate=0.000  n_markets_traded=12.000  herfindahl_index_markets=0.155
11:46:14 [super]   #886   0x40896b94fefbf1353f624d63b51b3ce44b9d1865  prob=0.0402 (raw=0.0546)  vol=$5  trades=2  first_trade=2025-12-06 21:36  winrate=0.000  n_markets_traded=24.000  herfindahl_index_markets=0.093
11:46:14 [super]   #887   0xb848ec992a5e41df3a588916e8bf083aef206c45  prob=0.0402 (raw=0.0545)  vol=$113  trades=3  first_trade=2025-12-05 13:39  winrate=0.286  n_markets_traded=7.000  herfindahl_index_markets=0.301
11:46:14 [super]   #888   0xc97a530bdf4240253bbcfa97c9e8d00a70738316  prob=0.0402 (raw=0.0545)  vol=$2  trades=2  first_trade=2025-12-11 08:02  winrate=0.000  n_markets_traded=6.000  herfindahl_index_markets=0.283
11:46:14 [super]   #889   0x545b0c6443e271e857b85c5ee26c17549ef62a6f  prob=0.0402 (raw=0.0545)  vol=$5  trades=2  first_trade=2025-12-15 18:28  winrate=0.400  n_markets_traded=30.000  herfindahl_index_markets=0.068
11:46:14 [super]   #890   0x33c577c7b2eaa9c3d896790b085e40c219772230  prob=0.0402 (raw=0.0545)  vol=$148  trades=3  first_trade=2025-11-14 17:44  winrate=0.257  n_markets_traded=74.000  herfindahl_index_markets=0.021
11:46:14 [super]   #891   0x4d54f397491ff5c705136284f793a2616d2bd097  prob=0.0402 (raw=0.0545)  vol=$10  trades=2  first_trade=2025-12-06 12:19  winrate=0.250  n_markets_traded=4.000  herfindahl_index_markets=0.306
11:46:14 [super]   #892   0x0e0e3a657bf86c6ceb19bffa5776dc06863cc40b  prob=0.0401 (raw=0.0544)  vol=$38  trades=2  first_trade=2025-12-04 10:15  winrate=0.000  n_markets_traded=4.000  herfindahl_index_markets=0.537
11:46:14 [super]   #893   0x8ade1d07fd3fa1b1821e54a142f2fb3b6c01e692  prob=0.0401 (raw=0.0541)  vol=$158  trades=14  first_trade=2025-12-13 17:38  winrate=NaN  n_markets_traded=0.000  herfindahl_index_markets=0.000
11:46:14 [super]   #894   0x25517cab441727d074e595a5cda9367c32f9e30c  prob=0.0401 (raw=0.0541)  vol=$4  trades=2  first_trade=2025-12-16 11:38  winrate=0.000  n_markets_traded=4.000  herfindahl_index_markets=0.609
11:46:14 [super]   #895   0x2ee636305902ca33aed6eed2ddd6c2443d46a937  prob=0.0401 (raw=0.0540)  vol=$34  trades=6  first_trade=2025-12-18 21:04  winrate=0.000  n_markets_traded=7.000  herfindahl_index_markets=0.267
11:46:14 [super]   #896   0x592a5840810e00424d5e1104b54027fe9895c75e  prob=0.0401 (raw=0.0540)  vol=$128  trades=10  first_trade=2025-12-16 23:36  winrate=0.000  n_markets_traded=4.000  herfindahl_index_markets=0.319
11:46:14 [super]   #897   0x5b00df8f6d7475b082d3437689eee31780b5f267  prob=0.0401 (raw=0.0539)  vol=$61  trades=2  first_trade=2025-12-05 13:45  winrate=0.000  n_markets_traded=9.000  herfindahl_index_markets=0.253
11:46:14 [super]   #898   0x4ee7ec37897e8ff903de8276698377e68fef8960  prob=0.0400 (raw=0.0537)  vol=$14  trades=2  first_trade=2025-12-17 18:08  winrate=0.000  n_markets_traded=4.000  herfindahl_index_markets=0.387
11:46:14 [super]   #899   0x28518772f2c79ba33c0edd6cffcba26636a31b3b  prob=0.0400 (raw=0.0537)  vol=$5  trades=2  first_trade=2025-12-18 14:41  winrate=0.000  n_markets_traded=4.000  herfindahl_index_markets=0.405
11:46:14 [super]   #900   0x48c5bd75579440fd498f7edc5a34e6f0cdb11aa8  prob=0.0400 (raw=0.0537)  vol=$1  trades=2  first_trade=2025-10-30 15:36  winrate=0.000  n_markets_traded=18.000  herfindahl_index_markets=0.058
11:46:14 [super]   #901   0x8db21ea0da71b0a7870c555e52e5dfa3e695d0f5  prob=0.0400 (raw=0.0536)  vol=$84  trades=3  first_trade=2025-11-10 18:25  winrate=NaN  n_markets_traded=0.000  herfindahl_index_markets=0.000
11:46:14 [super]   #902   0x875e974594985283c999765461bf2e15b4dee6b5  prob=0.0400 (raw=0.0535)  vol=$46  trades=13  first_trade=2025-12-12 16:47  winrate=NaN  n_markets_traded=0.000  herfindahl_index_markets=0.000
11:46:14 [super]   #903   0x11936ca083a40e748af4e95228c664e0d33ed9c4  prob=0.0399 (raw=0.0532)  vol=$9  trades=4  first_trade=2025-11-10 09:40  winrate=NaN  n_markets_traded=0.000  herfindahl_index_markets=0.000
11:46:14 [super]   #904   0xc4e5bd601befdf408c3669ef599e862131c66f43  prob=0.0399 (raw=0.0531)  vol=$429  trades=5  first_trade=2025-12-18 06:50  winrate=0.400  n_markets_traded=5.000  herfindahl_index_markets=0.238
11:46:14 [super]   #905   0x8830efeb15b106adff2f9bbb492486e322deae78  prob=0.0399 (raw=0.0531)  vol=$8  trades=2  first_trade=2025-12-18 13:22  winrate=0.000  n_markets_traded=3.000  herfindahl_index_markets=0.348
11:46:14 [super]   #906   0x26408e33e70810db141a649b0b837a3d977be647  prob=0.0399 (raw=0.0531)  vol=$58  trades=4  first_trade=2025-12-16 01:58  winrate=0.000  n_markets_traded=3.000  herfindahl_index_markets=0.365
11:46:14 [super]   #907   0x2b9edb595ea75c118077c7d2c17d4852b0770db0  prob=0.0398 (raw=0.0526)  vol=$31  trades=12  first_trade=2025-12-19 11:57  winrate=NaN  n_markets_traded=0.000  herfindahl_index_markets=0.000
11:46:14 [super]   #908   0x13d2024683f9192db0aeb7775b09d72a11e61ad4  prob=0.0398 (raw=0.0526)  vol=$14  trades=6  first_trade=2025-10-23 19:04  winrate=0.179  n_markets_traded=28.000  herfindahl_index_markets=0.182
11:46:14 [super]   #909   0x39fd921acf9be28b17a422bf624dc6b30685849e  prob=0.0398 (raw=0.0526)  vol=$209  trades=18  first_trade=2025-12-14 01:19  winrate=NaN  n_markets_traded=0.000  herfindahl_index_markets=0.000
11:46:14 [super]   #910   0x74f641f3c29738506053b48efcae02945393ec49  prob=0.0398 (raw=0.0526)  vol=$49  trades=4  first_trade=2025-12-12 06:14  winrate=0.455  n_markets_traded=33.000  herfindahl_index_markets=0.127
11:46:14 [super]   #911   0xc297c6ec5f848e8da49f397c910994987776f471  prob=0.0398 (raw=0.0525)  vol=$37  trades=4  first_trade=2025-12-04 09:35  winrate=0.200  n_markets_traded=10.000  herfindahl_index_markets=0.197
11:46:14 [super]   #912   0x380e8e3ba307fe561cb76c259b52c5b15d7a1669  prob=0.0398 (raw=0.0525)  vol=$117  trades=3  first_trade=2025-11-03 19:31  winrate=0.200  n_markets_traded=5.000  herfindahl_index_markets=0.298
11:46:14 [super]   #913   0xc4bec13edc3cf8db989773b908b52fa973a86325  prob=0.0398 (raw=0.0525)  vol=$2  trades=2  first_trade=2025-12-16 13:23  winrate=0.000  n_markets_traded=10.000  herfindahl_index_markets=0.772
11:46:14 [super]   #914   0x71aa50bc1944117e7b3472ea2b2eb8032488fcdb  prob=0.0398 (raw=0.0525)  vol=$5  trades=4  first_trade=2025-11-01 05:30  winrate=0.229  n_markets_traded=144.000  herfindahl_index_markets=0.019
11:46:14 [super]   #915   0xbc43a6906364519766356b7243d2b89df6aeabf5  prob=0.0398 (raw=0.0524)  vol=$340  trades=56  first_trade=2025-12-12 14:12  winrate=NaN  n_markets_traded=0.000  herfindahl_index_markets=0.000
11:46:14 [super]   #916   0xc01a0e87c2174a968df5569d963ad26f2df94bb8  prob=0.0398 (raw=0.0524)  vol=$300  trades=6  first_trade=2025-11-09 17:32  winrate=0.667  n_markets_traded=21.000  herfindahl_index_markets=0.091
11:46:14 [super]   #917   0x345f3e10d17cc864b41b5af4a2645bd1a5635769  prob=0.0398 (raw=0.0524)  vol=$20  trades=3  first_trade=2025-11-30 23:14  winrate=NaN  n_markets_traded=0.000  herfindahl_index_markets=0.000
11:46:14 [super]   #918   0x4142056befb9cec12a971e101ac03f92366a82a7  prob=0.0398 (raw=0.0524)  vol=$9  trades=2  first_trade=2025-11-10 15:16  winrate=0.455  n_markets_traded=11.000  herfindahl_index_markets=0.174
11:46:14 [super]   #919   0x6c034afe48102f7080986791a0323fe0d932eac9  prob=0.0398 (raw=0.0522)  vol=$360  trades=12  first_trade=2025-10-22 15:10  winrate=0.263  n_markets_traded=19.000  herfindahl_index_markets=0.124
11:46:14 [super]   #920   0x72aba86b25242d0f641deb0083ddf0e95bff1a3e  prob=0.0398 (raw=0.0521)  vol=$996  trades=68  first_trade=2025-12-01 17:09  winrate=NaN  n_markets_traded=0.000  herfindahl_index_markets=0.000
11:46:14 [super]   #921   0x045b50e130975b23b7ae49b12f52b7c543c64e09  prob=0.0397 (raw=0.0516)  vol=$6  trades=4  first_trade=2025-11-09 20:41  winrate=0.386  n_markets_traded=70.000  herfindahl_index_markets=0.018
11:46:14 [super]   #922   0x5a99d5d2825931af5f29a4a0173bf888533e0664  prob=0.0397 (raw=0.0516)  vol=$8  trades=2  first_trade=2025-10-27 03:12  winrate=0.400  n_markets_traded=5.000  herfindahl_index_markets=0.302
11:46:14 [super]   #923   0xb5ed5f52e4309b1d064f7fac8ecf61328ed35cae  prob=0.0397 (raw=0.0516)  vol=$47  trades=2  first_trade=2025-12-09 06:50  winrate=0.250  n_markets_traded=4.000  herfindahl_index_markets=0.368
11:46:14 [super]   #924   0xcf1237e843afe8a59c4c9218a4acd3befc39be52  prob=0.0396 (raw=0.0514)  vol=$16  trades=2  first_trade=2025-12-16 23:39  winrate=0.250  n_markets_traded=4.000  herfindahl_index_markets=0.392
11:46:14 [super]   #925   0xf94f0f415602ce452de9ffa110c2317b4ed03a52  prob=0.0396 (raw=0.0514)  vol=$83  trades=5  first_trade=2025-11-11 07:50  winrate=0.000  n_markets_traded=14.000  herfindahl_index_markets=0.111
11:46:14 [super]   #926   0x5d6c10b238089af6facbda033caf0ed701018444  prob=0.0396 (raw=0.0514)  vol=$1  trades=2  first_trade=2025-11-09 20:58  winrate=0.000  n_markets_traded=9.000  herfindahl_index_markets=0.120
11:46:14 [super]   #927   0xa99ddb00c8f1ac81c484087e4f9ff42e83d8dd2c  prob=0.0396 (raw=0.0513)  vol=$16  trades=4  first_trade=2025-11-14 03:16  winrate=0.358  n_markets_traded=53.000  herfindahl_index_markets=0.080
11:46:14 [super]   #928   0x069324c7a30dddf059fad5232c6f2b08bbab5cd2  prob=0.0396 (raw=0.0513)  vol=$67  trades=3  first_trade=2025-12-07 14:45  winrate=0.000  n_markets_traded=12.000  herfindahl_index_markets=0.181
11:46:14 [super]   #929   0xe002c399320dda3bb00e20e92129f9d56ef274cd  prob=0.0396 (raw=0.0513)  vol=$431  trades=13  first_trade=2025-12-12 06:15  winrate=0.167  n_markets_traded=6.000  herfindahl_index_markets=0.212
11:46:14 [super]   #930   0x5bb999fbbc5a5ca0a376c1fd9116a14540761f8f  prob=0.0396 (raw=0.0512)  vol=$82  trades=6  first_trade=2025-11-14 21:02  winrate=0.286  n_markets_traded=56.000  herfindahl_index_markets=0.033
11:46:14 [super]   #931   0x295347a4c2c1c42d72a614eaf7055c646a462ed5  prob=0.0396 (raw=0.0512)  vol=$70  trades=1  first_trade=2025-12-12 17:25  winrate=NaN  n_markets_traded=0.000  herfindahl_index_markets=0.000
11:46:14 [super]   #932   0x3a56a469d6457f779f18869f92f23878cc39387c  prob=0.0396 (raw=0.0511)  vol=$175  trades=119  first_trade=2025-12-18 19:54  winrate=NaN  n_markets_traded=0.000  herfindahl_index_markets=0.000
11:46:14 [super]   #933   0x5b067c1980dd6c88e4f594cb79e84a065b943dcb  prob=0.0396 (raw=0.0511)  vol=$2  trades=2  first_trade=2025-10-22 14:56  winrate=0.455  n_markets_traded=43.000  herfindahl_index_markets=0.049
11:46:14 [super]   #934   0x9b1fb3472172ccf9ca9ceb9d0b1ce63cb8519ff2  prob=0.0396 (raw=0.0511)  vol=$59  trades=6  first_trade=2025-11-22 22:14  winrate=NaN  n_markets_traded=0.000  herfindahl_index_markets=0.000
11:46:14 [super]   #935   0xfa80b538d7faf273bafc8b97cc3b6ce9ed3146c8  prob=0.0396 (raw=0.0510)  vol=$71  trades=2  first_trade=2025-12-08 05:35  winrate=0.476  n_markets_traded=21.000  herfindahl_index_markets=0.618
11:46:14 [super]   #936   0xa5c4798404439dd4b3fea2b04c520a0671d02fbe  prob=0.0396 (raw=0.0510)  vol=$98  trades=9  first_trade=2025-12-14 20:35  winrate=0.000  n_markets_traded=12.000  herfindahl_index_markets=0.117
11:46:14 [super]   #937   0xd0014e45d6c93194e84ecb3ab684ab2984ffe0fa  prob=0.0395 (raw=0.0506)  vol=$11  trades=2  first_trade=2025-12-19 09:11  winrate=0.250  n_markets_traded=4.000  herfindahl_index_markets=0.475
11:46:14 [super]   #938   0xa9502d5ab879dd8a4b48f638eb5faf8e64a347cf  prob=0.0395 (raw=0.0506)  vol=$37  trades=3  first_trade=2025-12-14 02:33  winrate=0.000  n_markets_traded=5.000  herfindahl_index_markets=0.225
11:46:14 [super]   #939   0x12a0454a1640050999573763e93d9d353bac73e8  prob=0.0395 (raw=0.0505)  vol=$2  trades=2  first_trade=2025-12-17 15:28  winrate=0.000  n_markets_traded=7.000  herfindahl_index_markets=0.151
11:46:14 [super]   #940   0xaaeef40e648bf95d345d82c00379535408cbaea7  prob=0.0395 (raw=0.0505)  vol=$53  trades=8  first_trade=2025-10-23 04:20  winrate=0.048  n_markets_traded=21.000  herfindahl_index_markets=0.100
11:46:14 [super]   #941   0x53a4f083b84afd918934517d73fb166243acdfe7  prob=0.0395 (raw=0.0504)  vol=$221  trades=4  first_trade=2025-11-16 11:28  winrate=0.556  n_markets_traded=9.000  herfindahl_index_markets=0.150
11:46:14 [super]   #942   0x7ef7d5f17a057efc85310de271eee80b1eaafba9  prob=0.0395 (raw=0.0504)  vol=$4  trades=1  first_trade=2025-12-06 09:50  winrate=0.226  n_markets_traded=31.000  herfindahl_index_markets=0.092
11:46:14 [super]   #943   0xa76bd0460230de67cf8aa0cdddf49d3fe640b5db  prob=0.0395 (raw=0.0503)  vol=$29  trades=20  first_trade=2025-12-13 08:12  winrate=0.254  n_markets_traded=71.000  herfindahl_index_markets=0.045
11:46:14 [super]   #944   0xa652bd5ca73e59bca73460e59b6f1e4619046e59  prob=0.0395 (raw=0.0503)  vol=$22  trades=4  first_trade=2025-12-05 23:56  winrate=NaN  n_markets_traded=0.000  herfindahl_index_markets=0.000
11:46:14 [super]   #945   0x9e9382ff3c517bbca12789398c7904aa063dcff9  prob=0.0395 (raw=0.0502)  vol=$1,130  trades=9  first_trade=2025-12-03 00:09  winrate=0.235  n_markets_traded=17.000  herfindahl_index_markets=0.145
11:46:14 [super]   #946   0x09a2106b64b0dd00c45e1005e692eb572b7deb8a  prob=0.0394 (raw=0.0502)  vol=$19  trades=2  first_trade=2025-12-09 19:49  winrate=0.429  n_markets_traded=63.000  herfindahl_index_markets=0.043
11:46:14 [super]   #947   0x56c950d29fbc829f4633c8b440d6891cfa5eafe7  prob=0.0394 (raw=0.0501)  vol=$3,632  trades=27  first_trade=2025-12-09 10:36  winrate=0.062  n_markets_traded=16.000  herfindahl_index_markets=0.736
11:46:14 [super]   #948   0x3725880b929348a571133b4022372e3fc5471b92  prob=0.0394 (raw=0.0500)  vol=$561  trades=21  first_trade=2025-12-10 03:16  winrate=0.000  n_markets_traded=9.000  herfindahl_index_markets=0.337
11:46:14 [super]   #949   0xdd90cdb78343fc53fd73b658a4bb7f6c33819ef9  prob=0.0394 (raw=0.0499)  vol=$2  trades=2  first_trade=2025-10-22 14:26  winrate=0.435  n_markets_traded=62.000  herfindahl_index_markets=0.036
11:46:14 [super]   #950   0xf3ad4b73e76a03ebebcd7a1c27fe2cd1b864ac69  prob=0.0394 (raw=0.0499)  vol=$1  trades=2  first_trade=2025-12-12 19:20  winrate=0.570  n_markets_traded=114.000  herfindahl_index_markets=0.084
11:46:14 [super]   #951   0x0060a1843fe53a54e9fdc403005da0b1ead44cc4  prob=0.0394 (raw=0.0498)  vol=$1,095  trades=20  first_trade=2025-11-11 13:54  winrate=0.508  n_markets_traded=63.000  herfindahl_index_markets=0.062
11:46:14 [super]   #952   0x98d492d9055ccf919e9075295e03b2379ee5b067  prob=0.0393 (raw=0.0494)  vol=$133  trades=6  first_trade=2025-11-13 14:16  winrate=0.167  n_markets_traded=6.000  herfindahl_index_markets=0.208
11:46:14 [super]   #953   0xd4311c6de1d6be2e38578d201ee1260e9b5f06d4  prob=0.0393 (raw=0.0494)  vol=$79  trades=4  first_trade=2025-11-10 20:37  winrate=0.700  n_markets_traded=10.000  herfindahl_index_markets=0.138
11:46:14 [super]   #954   0x083e2534c81d8f487bd5d851713b864b46a59e03  prob=0.0393 (raw=0.0493)  vol=$49  trades=5  first_trade=2025-12-11 17:55  winrate=0.333  n_markets_traded=6.000  herfindahl_index_markets=0.280
11:46:14 [super]   #955   0x4fc5a1ca0a83a7cbcea1b44c1b98849500de9207  prob=0.0393 (raw=0.0492)  vol=$4  trades=2  first_trade=2025-12-10 01:39  winrate=0.000  n_markets_traded=15.000  herfindahl_index_markets=0.067
11:46:14 [super]   #956   0x7e629731befa1700bbf0b2ca6897cb77e801ef0f  prob=0.0393 (raw=0.0491)  vol=$541  trades=2  first_trade=2025-12-19 10:57  winrate=0.784  n_markets_traded=37.000  herfindahl_index_markets=0.144
11:46:14 [super]   #957   0x61e82d62fd3ab290b484fdc6ed5be0e65e7b178b  prob=0.0393 (raw=0.0491)  vol=$4,723  trades=94  first_trade=2025-12-05 18:13  winrate=0.000  n_markets_traded=3.000  herfindahl_index_markets=0.908
11:46:14 [super]   #958   0xb96661a05ace6ba2a7ad61c1bccce1e9e9f1a3b2  prob=0.0393 (raw=0.0491)  vol=$1  trades=1  first_trade=2025-10-09 05:52  winrate=0.250  n_markets_traded=4.000  herfindahl_index_markets=0.635
11:46:14 [super]   #959   0xa9470e929af5fb12586eb9b5e29e99b3a3288a1a  prob=0.0393 (raw=0.0490)  vol=$2,535  trades=47  first_trade=2025-12-06 11:11  winrate=0.435  n_markets_traded=23.000  herfindahl_index_markets=0.128
11:46:14 [super]   #960   0x091014ac41a030f21deed7d4c4e32874e34bce1c  prob=0.0393 (raw=0.0490)  vol=$50  trades=2  first_trade=2025-10-13 01:17  winrate=NaN  n_markets_traded=0.000  herfindahl_index_markets=0.000
11:46:14 [super]   #961   0x90c59ee300bc911f274f1394b7b3f48581d4534c  prob=0.0393 (raw=0.0490)  vol=$646  trades=16  first_trade=2025-12-07 21:46  winrate=NaN  n_markets_traded=0.000  herfindahl_index_markets=0.000
11:46:14 [super]   #962   0x3e2830b036af13aa1389f166e2cbc740c4ab3e73  prob=0.0392 (raw=0.0489)  vol=$60  trades=2  first_trade=2025-12-08 15:13  winrate=0.492  n_markets_traded=856.000  herfindahl_index_markets=0.011
11:46:14 [super]   #963   0x2b2c5c842e3277d11fb53319bd3cf2e6af3da85e  prob=0.0392 (raw=0.0487)  vol=$106  trades=4  first_trade=2025-10-09 03:13  winrate=0.290  n_markets_traded=30.000  herfindahl_index_markets=0.479
11:46:14 [super]   #964   0x8605f51cc5919216e4683d033e036f2ef9846336  prob=0.0392 (raw=0.0484)  vol=$2  trades=2  first_trade=2025-11-14 07:31  winrate=0.565  n_markets_traded=92.000  herfindahl_index_markets=0.034
11:46:14 [super]   #965   0x76f34880f4f2c200920ff7e805a291ca4370888c  prob=0.0392 (raw=0.0484)  vol=$5  trades=2  first_trade=2025-12-09 10:06  winrate=0.557  n_markets_traded=84.000  herfindahl_index_markets=0.564
11:46:14 [super]   #966   0xf47b0a61bb6e091e7f09ab8a28fb40a84f8ee837  prob=0.0391 (raw=0.0483)  vol=$154  trades=4  first_trade=2025-12-01 12:39  winrate=0.333  n_markets_traded=12.000  herfindahl_index_markets=0.112
11:46:14 [super]   #967   0xd745df7a4a0592234055e17223bac1347265d93e  prob=0.0391 (raw=0.0482)  vol=$290  trades=7  first_trade=2025-12-11 02:55  winrate=0.000  n_markets_traded=1.000  herfindahl_index_markets=1.000
11:46:14 [super]   #968   0x14e636288803766ad86d8853caccbf7e68c590df  prob=0.0391 (raw=0.0482)  vol=$51  trades=3  first_trade=2025-10-09 01:51  winrate=0.467  n_markets_traded=15.000  herfindahl_index_markets=0.314
11:46:14 [super]   #969   0x16c469da6af1721ee9d9b8ad941eb79f41a9a480  prob=0.0391 (raw=0.0482)  vol=$24  trades=7  first_trade=2025-12-06 03:51  winrate=0.516  n_markets_traded=63.000  herfindahl_index_markets=0.061
11:46:14 [super]   #970   0x8ac72b4a08b4938935b320294072f472c80e2b76  prob=0.0391 (raw=0.0481)  vol=$2  trades=2  first_trade=2025-12-04 07:23  winrate=0.000  n_markets_traded=11.000  herfindahl_index_markets=0.091
11:46:14 [super]   #971   0xd486fd798c06c7f011bf583eaaf9f01b56de2287  prob=0.0391 (raw=0.0481)  vol=$596  trades=9  first_trade=2025-11-14 16:51  winrate=0.031  n_markets_traded=65.000  herfindahl_index_markets=0.082
11:46:14 [super]   #972   0xb7a813a4b8d0312d1b896c55c338bdd51675285e  prob=0.0391 (raw=0.0480)  vol=$1  trades=2  first_trade=2025-12-08 01:40  winrate=0.545  n_markets_traded=99.000  herfindahl_index_markets=0.037
11:46:14 [super]   #973   0x10b5ebfed972672124abd01d3cac70d32accbb83  prob=0.0391 (raw=0.0480)  vol=$15  trades=4  first_trade=2025-12-16 19:41  winrate=0.000  n_markets_traded=37.000  herfindahl_index_markets=0.133
11:46:14 [super]   #974   0xee58f9cc0afc00986bb96699086a3d54215bb704  prob=0.0391 (raw=0.0480)  vol=$28  trades=2  first_trade=2025-10-24 17:37  winrate=0.000  n_markets_traded=11.000  herfindahl_index_markets=0.243
11:46:14 [super]   #975   0xb7734421f597d77d78307a1a9f64dd52a09fec0d  prob=0.0391 (raw=0.0480)  vol=$37  trades=19  first_trade=2025-12-12 18:38  winrate=NaN  n_markets_traded=0.000  herfindahl_index_markets=0.000
11:46:14 [super]   #976   0xe945f79b3635f2076be8eb6aae0e7c2af5da9280  prob=0.0391 (raw=0.0480)  vol=$351  trades=6  first_trade=2025-12-16 14:08  winrate=0.000  n_markets_traded=4.000  herfindahl_index_markets=0.262
11:46:14 [super]   #977   0xbfaf2d93d292a3bebafdc4af70e46befdf7d0a61  prob=0.0391 (raw=0.0480)  vol=$203  trades=4  first_trade=2025-12-15 17:25  winrate=0.000  n_markets_traded=3.000  herfindahl_index_markets=0.598
11:46:14 [super]   #978   0x7c5449f41f3fc698d27ea5c6cbb9378f46a44b01  prob=0.0391 (raw=0.0479)  vol=$60  trades=4  first_trade=2025-10-23 14:27  winrate=0.000  n_markets_traded=18.000  herfindahl_index_markets=0.169
11:46:14 [super]   #979   0xe865755c6c252ec7adce73f7b7105d8f26a2e5e3  prob=0.0391 (raw=0.0478)  vol=$2  trades=2  first_trade=2025-12-11 21:00  winrate=0.275  n_markets_traded=69.000  herfindahl_index_markets=0.026
11:46:14 [super]   #980   0x782289e1849163f398dd7b8d201c85785e1db734  prob=0.0391 (raw=0.0477)  vol=$2  trades=2  first_trade=2025-12-07 01:06  winrate=0.000  n_markets_traded=5.000  herfindahl_index_markets=0.250
11:46:14 [super]   #981   0x3cc158f8ea9822522381588d2631d8b4401dc54a  prob=0.0390 (raw=0.0477)  vol=$40  trades=2  first_trade=2025-12-16 10:54  winrate=0.838  n_markets_traded=67.000  herfindahl_index_markets=0.122
11:46:14 [super]   #982   0x39f226724349d73440f94ef5b521d638dad3fb08  prob=0.0390 (raw=0.0477)  vol=$3  trades=4  first_trade=2025-10-21 17:08  winrate=0.000  n_markets_traded=17.000  herfindahl_index_markets=0.078
11:46:14 [super]   #983   0x32974cda265f8a8e9d2184de244f28c783c6a2c5  prob=0.0390 (raw=0.0475)  vol=$18  trades=7  first_trade=2025-12-10 21:35  winrate=0.200  n_markets_traded=35.000  herfindahl_index_markets=0.139
11:46:14 [super]   #984   0xd386b36f69e6168815eb01d667a89486f30138fa  prob=0.0390 (raw=0.0475)  vol=$1  trades=2  first_trade=2025-10-28 23:51  winrate=0.000  n_markets_traded=8.000  herfindahl_index_markets=0.253
11:46:14 [super]   #985   0x4d0e9b029700163625c551a0073636f3dc5ec45b  prob=0.0390 (raw=0.0474)  vol=$3,452  trades=14  first_trade=2025-12-19 00:54  winrate=NaN  n_markets_traded=0.000  herfindahl_index_markets=0.000
11:46:14 [super]   #986   0x77a53c2dc03b31892d242af193655d95a2e27fea  prob=0.0390 (raw=0.0473)  vol=$958  trades=8  first_trade=2025-10-22 12:57  winrate=0.000  n_markets_traded=4.000  herfindahl_index_markets=0.409
11:46:14 [super]   #987   0xb23b73642f242992b01bbb362ebb28f9f3a06250  prob=0.0390 (raw=0.0472)  vol=$804  trades=13  first_trade=2025-12-03 14:23  winrate=0.000  n_markets_traded=3.000  herfindahl_index_markets=0.485
11:46:14 [super]   #988   0x4769c484ea044ce3f2d2abeca44517862805d9e5  prob=0.0389 (raw=0.0470)  vol=$1  trades=2  first_trade=2025-12-07 04:18  winrate=0.333  n_markets_traded=6.000  herfindahl_index_markets=0.192
11:46:14 [super]   #989   0xf0e9c7e2df5bfa06b03adb9c73287d37e515a5f5  prob=0.0389 (raw=0.0470)  vol=$4  trades=2  first_trade=2025-12-12 23:12  winrate=0.000  n_markets_traded=5.000  herfindahl_index_markets=0.219
11:46:14 [super]   #990   0xa36c991bcb95a6994a2b1e55dbc77baa7a415754  prob=0.0389 (raw=0.0467)  vol=$10  trades=2  first_trade=2025-12-18 03:53  winrate=0.438  n_markets_traded=32.000  herfindahl_index_markets=0.071
11:46:14 [super]   #991   0x966c370c3876a4a17b392362b352b137d857d0f6  prob=0.0389 (raw=0.0466)  vol=$10  trades=2  first_trade=2025-12-08 17:51  winrate=0.333  n_markets_traded=6.000  herfindahl_index_markets=0.387
11:46:14 [super]   #992   0xa67ced3a4b767041a26df94b846383144a16608b  prob=0.0389 (raw=0.0466)  vol=$48  trades=4  first_trade=2025-10-23 12:55  winrate=0.319  n_markets_traded=47.000  herfindahl_index_markets=0.049
11:46:14 [super]   #993   0xc426d52b4984a20ad77216a11f1808b1dd132700  prob=0.0389 (raw=0.0465)  vol=$7,960  trades=88  first_trade=2025-12-05 17:19  winrate=NaN  n_markets_traded=0.000  herfindahl_index_markets=0.000
11:46:14 [super]   #994   0x7bd4ee9d93eab7edc18a800bba62e22ab3ce1e95  prob=0.0388 (raw=0.0463)  vol=$67  trades=59  first_trade=2025-12-12 14:30  winrate=0.233  n_markets_traded=73.000  herfindahl_index_markets=0.096
11:46:14 [super]   #995   0x434b874bbd722884eaa059c6e52014cee308b05d  prob=0.0388 (raw=0.0461)  vol=$4  trades=2  first_trade=2025-12-19 14:48  winrate=0.200  n_markets_traded=30.000  herfindahl_index_markets=0.139
11:46:14 [super]   #996   0x71963a70c2dc0e211336407f558c4e875ed308d3  prob=0.0388 (raw=0.0461)  vol=$817  trades=8  first_trade=2025-12-18 12:24  winrate=0.333  n_markets_traded=6.000  herfindahl_index_markets=0.526
11:46:14 [super]   #997   0x1d9a2c92bf630cc92b1b20a950008e84aa56db3f  prob=0.0388 (raw=0.0461)  vol=$1,861  trades=27  first_trade=2025-12-06 03:30  winrate=0.575  n_markets_traded=146.000  herfindahl_index_markets=0.055
11:46:14 [super]   #998   0x13e1f69df75b78372182ebe64bd8dcea1c700805  prob=0.0388 (raw=0.0460)  vol=$88  trades=11  first_trade=2025-11-14 14:30  winrate=0.385  n_markets_traded=26.000  herfindahl_index_markets=0.238
11:46:14 [super]   #999   0xecf731e1a15be7a222c2eb45f70e72d856799017  prob=0.0388 (raw=0.0459)  vol=$1  trades=2  first_trade=2025-12-15 21:44  winrate=0.552  n_markets_traded=83.000  herfindahl_index_markets=0.042
11:46:14 [super]   #1000  0x9fa2ef131b53604ac588876ad10e1afc439da89b  prob=0.0388 (raw=0.0458)  vol=$18  trades=2  first_trade=2025-10-22 04:10  winrate=0.200  n_markets_traded=90.000  herfindahl_index_markets=0.064
11:46:14 [super]   #1001  0xdc8d1c10dae2e945f096633924c238059c91351e  prob=0.0387 (raw=0.0458)  vol=$4  trades=4  first_trade=2025-11-15 17:02  winrate=0.098  n_markets_traded=82.000  herfindahl_index_markets=0.025
11:46:14 [super]   #1002  0x22c1eb5985e5df4fa71010e50e8a55a691548696  prob=0.0387 (raw=0.0458)  vol=$7,812  trades=30  first_trade=2025-12-06 16:53  winrate=0.444  n_markets_traded=18.000  herfindahl_index_markets=0.328
11:46:14 [super]   #1003  0x2134418d574d08a1d46c6c057570fde57d820734  prob=0.0387 (raw=0.0456)  vol=$46  trades=8  first_trade=2025-10-26 02:56  winrate=0.373  n_markets_traded=531.000  herfindahl_index_markets=0.009
11:46:14 [super]   #1004  0xeb277bf8f9f1d35398c6a7fa3a0a51e7e8cdb97b  prob=0.0387 (raw=0.0456)  vol=$2  trades=2  first_trade=2025-11-10 18:06  winrate=0.000  n_markets_traded=6.000  herfindahl_index_markets=0.167
11:46:14 [super]   #1005  0x8c047e3ae28ab757f0fc7c7db2ab400df677adaf  prob=0.0387 (raw=0.0456)  vol=$83  trades=2  first_trade=2025-12-10 11:26  winrate=0.628  n_markets_traded=43.000  herfindahl_index_markets=0.046
11:46:14 [super]   #1006  0xda74dab20abd7c1256b4e0277845331ae0e2227d  prob=0.0387 (raw=0.0454)  vol=$18  trades=6  first_trade=2025-12-19 12:48  winrate=0.219  n_markets_traded=32.000  herfindahl_index_markets=0.045
11:46:14 [super]   #1007  0x96bd79be5de06fdfe5955aea9ac6e53c04fd3e6b  prob=0.0387 (raw=0.0453)  vol=$73  trades=15  first_trade=2025-12-09 19:28  winrate=0.559  n_markets_traded=59.000  herfindahl_index_markets=0.034
11:46:14 [super]   #1008  0x4023757d9aedee5540e328bbac4cece533bd77c1  prob=0.0387 (raw=0.0452)  vol=$49  trades=3  first_trade=2025-11-10 18:27  winrate=NaN  n_markets_traded=0.000  herfindahl_index_markets=0.000
11:46:14 [super]   #1009  0x73e6300d8e095876ae50e0e71181f026e6dd9e49  prob=0.0387 (raw=0.0452)  vol=$264  trades=9  first_trade=2025-12-12 21:07  winrate=0.200  n_markets_traded=10.000  herfindahl_index_markets=0.222
11:46:14 [super]   #1010  0xb9b423139fb1ac4df65d0f554f887a0ada0d3111  prob=0.0387 (raw=0.0452)  vol=$116  trades=10  first_trade=2025-12-11 18:24  winrate=0.188  n_markets_traded=16.000  herfindahl_index_markets=0.101
11:46:14 [super]   #1011  0xa406a2fb840839cf67928b407187e3ec165ebd18  prob=0.0387 (raw=0.0452)  vol=$245  trades=4  first_trade=2025-12-12 22:28  winrate=0.449  n_markets_traded=69.000  herfindahl_index_markets=0.022
11:46:14 [super]   #1012  0x5180300706f22950acf4dd38f2b3d66f06df0948  prob=0.0386 (raw=0.0450)  vol=$20  trades=4  first_trade=2025-12-13 19:00  winrate=0.579  n_markets_traded=37.000  herfindahl_index_markets=0.098
11:46:14 [super]   #1013  0xc0c64c63dad787487b502177bd8158e5c89f1b5e  prob=0.0386 (raw=0.0450)  vol=$15  trades=5  first_trade=2025-10-22 12:58  winrate=0.022  n_markets_traded=45.000  herfindahl_index_markets=0.042
11:46:14 [super]   #1014  0xcd724f44d3fc8cc7c59a69d7bbb8b326abb2cd66  prob=0.0386 (raw=0.0450)  vol=$4  trades=2  first_trade=2025-12-08 08:29  winrate=0.704  n_markets_traded=79.000  herfindahl_index_markets=0.474
11:46:14 [super]   #1015  0xd6132f732eff6af60477b934ea6aac49206ecef3  prob=0.0386 (raw=0.0447)  vol=$14  trades=2  first_trade=2025-12-07 11:50  winrate=0.600  n_markets_traded=28.000  herfindahl_index_markets=0.254
11:46:14 [super]   #1016  0xa623b283ec6c2c15866ec10b57de785f898afefa  prob=0.0386 (raw=0.0447)  vol=$26  trades=2  first_trade=2025-12-14 13:28  winrate=0.763  n_markets_traded=59.000  herfindahl_index_markets=0.146
11:46:14 [super]   #1017  0x0abd5960ee7b6744faf6acb571def20bd606869a  prob=0.0385 (raw=0.0446)  vol=$14  trades=1  first_trade=2025-12-12 17:25  winrate=0.436  n_markets_traded=158.000  herfindahl_index_markets=0.027
11:46:14 [super]   #1018  0xa33e4c872a2d7c27d5df56b5b71954c30980c15b  prob=0.0385 (raw=0.0446)  vol=$2  trades=2  first_trade=2025-11-11 17:28  winrate=0.000  n_markets_traded=1.000  herfindahl_index_markets=1.000
11:46:14 [super]   #1019  0x21b0cc1559e3eb6b958319e216d11616172b06a4  prob=0.0385 (raw=0.0445)  vol=$1  trades=2  first_trade=2025-12-19 12:29  winrate=NaN  n_markets_traded=0.000  herfindahl_index_markets=0.000
11:46:14 [super]   #1020  0x94a4b191dabb1f8e52ea6fd02dcf40c8c3417e2d  prob=0.0385 (raw=0.0445)  vol=$169  trades=8  first_trade=2025-12-18 05:54  winrate=0.400  n_markets_traded=10.000  herfindahl_index_markets=0.134
11:46:14 [super]   #1021  0x2a563e331780b99fc3108ff9473d2d078b78216d  prob=0.0385 (raw=0.0445)  vol=$41  trades=5  first_trade=2025-10-22 16:50  winrate=0.095  n_markets_traded=21.000  herfindahl_index_markets=0.117
11:46:14 [super]   #1022  0xba7ee965765ecf603b6a09d698b510efe9d6ef00  prob=0.0385 (raw=0.0444)  vol=$60  trades=5  first_trade=2025-11-10 17:51  winrate=0.143  n_markets_traded=7.000  herfindahl_index_markets=0.183
11:46:14 [super]   #1023  0x08e5544a71e2679c644458591c7eae90031a91f9  prob=0.0385 (raw=0.0444)  vol=$2,586  trades=41  first_trade=2025-12-03 00:16  winrate=0.118  n_markets_traded=17.000  herfindahl_index_markets=0.112
11:46:14 [super]   #1024  0xb84d03fa4ca7d9a27212d169aa2d490ef0cb8b3a  prob=0.0385 (raw=0.0444)  vol=$145  trades=4  first_trade=2025-12-12 18:40  winrate=0.681  n_markets_traded=70.000  herfindahl_index_markets=0.035
11:46:14 [super]   #1025  0xd8cae792b3d84d6888080401423e973337287229  prob=0.0385 (raw=0.0443)  vol=$2,641  trades=7  first_trade=2025-12-12 06:29  winrate=0.518  n_markets_traded=53.000  herfindahl_index_markets=0.079
11:46:14 [super]   #1026  0x73d225c851df25d73b14846a370bdeef9434f9b7  prob=0.0385 (raw=0.0442)  vol=$251  trades=5  first_trade=2025-12-05 21:40  winrate=NaN  n_markets_traded=0.000  herfindahl_index_markets=0.000
11:46:14 [super]   #1027  0x26fd804a1cb6e005a1db86947cda7887341632af  prob=0.0385 (raw=0.0441)  vol=$10  trades=2  first_trade=2025-12-11 03:50  winrate=0.000  n_markets_traded=2.000  herfindahl_index_markets=0.649
11:46:14 [super]   #1028  0xb42d8bc7665442108084b76a5102dfea1e7df33e  prob=0.0384 (raw=0.0439)  vol=$98  trades=5  first_trade=2025-12-05 04:28  winrate=0.233  n_markets_traded=30.000  herfindahl_index_markets=0.102
11:46:14 [super]   #1029  0x40593d88a90bdbde29e093ecc5df6af8a6b1fb6b  prob=0.0384 (raw=0.0437)  vol=$37  trades=6  first_trade=2025-12-18 22:01  winrate=0.000  n_markets_traded=2.000  herfindahl_index_markets=0.500
11:46:14 [super]   #1030  0x6a74a9f6c1561a650552263cdbec3d2fd437c3e4  prob=0.0384 (raw=0.0436)  vol=$58  trades=8  first_trade=2025-11-03 17:20  winrate=0.483  n_markets_traded=116.000  herfindahl_index_markets=0.025
11:46:14 [super]   #1031  0xea13828c37e23306b3f3ef8ea8e16708bcaf65b7  prob=0.0384 (raw=0.0436)  vol=$10  trades=2  first_trade=2025-12-08 17:02  winrate=0.000  n_markets_traded=2.000  herfindahl_index_markets=0.608
11:46:14 [super]   #1032  0x00fdde8ebac66ad557413c8c525c65c9dfee9dbc  prob=0.0384 (raw=0.0435)  vol=$18  trades=3  first_trade=2025-10-25 16:12  winrate=0.222  n_markets_traded=9.000  herfindahl_index_markets=0.385
11:46:14 [super]   #1033  0x18fe4779111625418282def598059ae1bbed1c35  prob=0.0384 (raw=0.0434)  vol=$141  trades=7  first_trade=2025-12-16 08:31  winrate=0.333  n_markets_traded=9.000  herfindahl_index_markets=0.859
11:46:14 [super]   #1034  0x474aacb50c5a2d6400c3e4611691672d2fbe537a  prob=0.0384 (raw=0.0434)  vol=$32  trades=4  first_trade=2025-11-10 20:05  winrate=0.000  n_markets_traded=6.000  herfindahl_index_markets=0.184
11:46:14 [super]   #1035  0x775f178a2f35063b83dab79dac85d80e699388f0  prob=0.0384 (raw=0.0434)  vol=$12  trades=2  first_trade=2025-12-06 00:42  winrate=0.000  n_markets_traded=3.000  herfindahl_index_markets=0.425
11:46:14 [super]   #1036  0x4c5a7ac8748369b7a5864a511be57a0dbb4a627a  prob=0.0384 (raw=0.0433)  vol=$27  trades=8  first_trade=2025-12-10 02:18  winrate=NaN  n_markets_traded=0.000  herfindahl_index_markets=0.000
11:46:14 [super]   #1037  0x6ce22b6a995836c09871cdc9242b094d9e15e868  prob=0.0384 (raw=0.0433)  vol=$17,784  trades=78  first_trade=2025-11-09 04:24  winrate=NaN  n_markets_traded=0.000  herfindahl_index_markets=0.000
11:46:14 [super]   #1038  0x4969c584ca22fdedfd38a6d62a802cc0b55f6d77  prob=0.0383 (raw=0.0433)  vol=$328  trades=4  first_trade=2025-10-22 14:35  winrate=0.414  n_markets_traded=29.000  herfindahl_index_markets=0.069
11:46:14 [super]   #1039  0x2c37dd3de58719a1141c6bc33a64200562f76809  prob=0.0383 (raw=0.0433)  vol=$7  trades=4  first_trade=2025-11-10 12:17  winrate=0.353  n_markets_traded=17.000  herfindahl_index_markets=0.095
11:46:14 [super]   #1040  0xbb2a9796ba63e948f6900af8bdc46438fb0f6e8b  prob=0.0383 (raw=0.0432)  vol=$20  trades=2  first_trade=2025-12-10 11:15  winrate=0.000  n_markets_traded=7.000  herfindahl_index_markets=0.162
11:46:14 [super]   #1041  0xd7b3f7e78c536e7dcc05e96e8df2a1b3063a9c50  prob=0.0383 (raw=0.0431)  vol=$1  trades=2  first_trade=2025-12-18 06:28  winrate=0.787  n_markets_traded=89.000  herfindahl_index_markets=0.882
11:46:14 [super]   #1042  0xb627f7191c2052b184b7a559cff28b244f7c954c  prob=0.0383 (raw=0.0430)  vol=$19  trades=6  first_trade=2025-12-18 01:31  winrate=0.212  n_markets_traded=66.000  herfindahl_index_markets=0.025
11:46:14 [super]   #1043  0xffbf9d65096ebd9a3ceaac03fd93cce3969bcc59  prob=0.0383 (raw=0.0429)  vol=$4  trades=4  first_trade=2025-12-19 03:44  winrate=0.303  n_markets_traded=155.000  herfindahl_index_markets=0.033
11:46:14 [super]   #1044  0x51b83e4a6ec4750df95b01c5700bef5ba7c81df6  prob=0.0383 (raw=0.0428)  vol=$594  trades=9  first_trade=2025-11-29 07:33  winrate=0.474  n_markets_traded=89.000  herfindahl_index_markets=0.030
11:46:14 [super]   #1045  0x945a49252f772a10c6ddd1d1e1e24ee20438a48c  prob=0.0383 (raw=0.0428)  vol=$353  trades=177  first_trade=2025-12-09 15:52  winrate=NaN  n_markets_traded=0.000  herfindahl_index_markets=0.000
11:46:14 [super]   #1046  0x8a3f157aaac360ed0b4330bc12769faa640ea4fd  prob=0.0383 (raw=0.0427)  vol=$55  trades=4  first_trade=2025-10-23 17:23  winrate=0.477  n_markets_traded=44.000  herfindahl_index_markets=0.055
11:46:14 [super]   #1047  0x52e8efae01a706d6bbcb1b52c35c33619b3b3999  prob=0.0382 (raw=0.0426)  vol=$122  trades=7  first_trade=2025-12-19 08:06  winrate=0.000  n_markets_traded=1.000  herfindahl_index_markets=1.000
11:46:14 [super]   #1048  0x1206459b02e157cb47738b9d4a33640419cc1b39  prob=0.0382 (raw=0.0425)  vol=$6  trades=4  first_trade=2025-10-22 15:04  winrate=0.390  n_markets_traded=82.000  herfindahl_index_markets=0.072
11:46:14 [super]   #1049  0x561136cc7c485db8f2c3596c9e9c609abc78a947  prob=0.0382 (raw=0.0425)  vol=$21  trades=9  first_trade=2025-12-12 16:23  winrate=0.021  n_markets_traded=48.000  herfindahl_index_markets=0.067
11:46:14 [super]   #1050  0xdc453e043e9683b2846121f7850def5700786805  prob=0.0382 (raw=0.0424)  vol=$318  trades=14  first_trade=2025-12-09 20:17  winrate=0.108  n_markets_traded=37.000  herfindahl_index_markets=0.124
11:46:14 [super]   #1051  0x571eee9e471cffc3aa982bd478d8eeb27d7c971b  prob=0.0382 (raw=0.0424)  vol=$50  trades=8  first_trade=2025-12-02 06:10  winrate=0.000  n_markets_traded=16.000  herfindahl_index_markets=0.118
11:46:14 [super]   #1052  0x8e5d10ad21bb2e9f7593c9334060daebba281948  prob=0.0382 (raw=0.0424)  vol=$1  trades=2  first_trade=2025-12-06 14:03  winrate=0.545  n_markets_traded=44.000  herfindahl_index_markets=0.028
11:46:14 [super]   #1053  0x92c1d85053de79d3450e58b16ebcc45e4bbd9739  prob=0.0382 (raw=0.0423)  vol=$24  trades=4  first_trade=2025-12-05 12:13  winrate=0.000  n_markets_traded=6.000  herfindahl_index_markets=0.256
11:46:14 [super]   #1054  0xa0db650c4df55c9c8b4661edd6b2cf885b7767fc  prob=0.0382 (raw=0.0422)  vol=$4  trades=2  first_trade=2025-11-14 16:30  winrate=NaN  n_markets_traded=0.000  herfindahl_index_markets=0.000
11:46:14 [super]   #1055  0x6273435e547a13e143a2b6e3ed7df447ee76ed27  prob=0.0381 (raw=0.0417)  vol=$16  trades=4  first_trade=2025-12-04 09:14  winrate=0.000  n_markets_traded=2.000  herfindahl_index_markets=0.513
11:46:14 [super]   #1056  0x5a3d1c95e7683b4b4b7fd36701ed12dad13c6b3f  prob=0.0381 (raw=0.0416)  vol=$1  trades=2  first_trade=2025-12-09 02:47  winrate=0.481  n_markets_traded=79.000  herfindahl_index_markets=0.018
11:46:14 [super]   #1057  0xa8447f9399754cc2e6ac90c558b2a6c5e2037d5f  prob=0.0381 (raw=0.0416)  vol=$11  trades=4  first_trade=2025-11-10 08:04  winrate=0.634  n_markets_traded=306.000  herfindahl_index_markets=0.016
11:46:14 [super]   #1058  0xb6193564de557f1bd254949420abd9fe2dfa5c3d  prob=0.0380 (raw=0.0414)  vol=$26  trades=4  first_trade=2025-11-02 20:06  winrate=0.074  n_markets_traded=27.000  herfindahl_index_markets=0.090
11:46:14 [super]   #1059  0xbb8969f3c245ef81c6e8b106be5bd85d2f349fdf  prob=0.0380 (raw=0.0414)  vol=$32  trades=6  first_trade=2025-12-06 18:11  winrate=NaN  n_markets_traded=0.000  herfindahl_index_markets=0.000
11:46:14 [super]   #1060  0xce70f5da2d353e6015fc7d70fe5cb7cd23f10be2  prob=0.0380 (raw=0.0413)  vol=$6  trades=6  first_trade=2025-12-19 12:48  winrate=NaN  n_markets_traded=0.000  herfindahl_index_markets=0.000
11:46:14 [super]   #1061  0x4bc830fb6787fe9da42f9677f7f43d24cd3f63f2  prob=0.0380 (raw=0.0411)  vol=$2,429  trades=27  first_trade=2025-12-03 00:19  winrate=0.167  n_markets_traded=24.000  herfindahl_index_markets=0.152
11:46:14 [super]   #1062  0xc88cce8977eb74326b937c854bd4b30b379668af  prob=0.0380 (raw=0.0410)  vol=$27  trades=2  first_trade=2025-12-14 05:11  winrate=0.736  n_markets_traded=71.000  herfindahl_index_markets=0.083
11:46:14 [super]   #1063  0xbe5e110aabe1c37cc8b9f6a06d58a66794e8cd11  prob=0.0380 (raw=0.0408)  vol=$2  trades=2  first_trade=2025-12-18 13:46  winrate=0.333  n_markets_traded=6.000  herfindahl_index_markets=0.215
11:46:14 [super]   #1064  0xb97271e85dc35c7d1e3e86926b071161cedeff7b  prob=0.0380 (raw=0.0408)  vol=$3  trades=2  first_trade=2025-11-14 21:48  winrate=0.000  n_markets_traded=26.000  herfindahl_index_markets=0.044
11:46:14 [super]   #1065  0xa270a0226f0b949f3f12c41ba598745bab1fbfd5  prob=0.0379 (raw=0.0408)  vol=$6  trades=2  first_trade=2025-11-20 20:08  winrate=0.111  n_markets_traded=8.000  herfindahl_index_markets=0.154
11:46:14 [super]   #1066  0x6aa3d4b7cdb39f681b1a11fa67ceab7f683b1df4  prob=0.0379 (raw=0.0407)  vol=$40  trades=5  first_trade=2025-12-10 23:11  winrate=0.462  n_markets_traded=13.000  herfindahl_index_markets=0.131
11:46:14 [super]   #1067  0x55e0ef8c68bc99e9b8441e6f7f8f46a3eb321c6e  prob=0.0379 (raw=0.0406)  vol=$2  trades=2  first_trade=2025-11-03 16:50  winrate=0.322  n_markets_traded=236.000  herfindahl_index_markets=0.034
11:46:14 [super]   #1068  0xc6bc85db41ad5b0f8343bd7574c87673bb28d85b  prob=0.0379 (raw=0.0405)  vol=$135  trades=7  first_trade=2025-12-19 10:05  winrate=0.417  n_markets_traded=12.000  herfindahl_index_markets=0.114
11:46:14 [super]   #1069  0xb6ca6c5a5092a0f91babdc92fcefc200d031c084  prob=0.0379 (raw=0.0405)  vol=$2  trades=2  first_trade=2025-11-18 21:06  winrate=NaN  n_markets_traded=0.000  herfindahl_index_markets=0.000
11:46:14 [super]   #1070  0xa7c96c923991107105b04ebb7d260f2b480f7ef9  prob=0.0379 (raw=0.0405)  vol=$67  trades=5  first_trade=2025-10-09 12:12  winrate=0.375  n_markets_traded=8.000  herfindahl_index_markets=0.192
11:46:14 [super]   #1071  0x9e69a42192f06d9d83beae24ae94bb64d848f3f1  prob=0.0379 (raw=0.0404)  vol=$12  trades=6  first_trade=2025-12-17 11:26  winrate=0.307  n_markets_traded=88.000  herfindahl_index_markets=0.036
11:46:14 [super]   #1072  0xfcdfc64bf9b6447372ca7b196a573b83899a27a1  prob=0.0379 (raw=0.0404)  vol=$19  trades=6  first_trade=2025-11-30 17:14  winrate=0.188  n_markets_traded=32.000  herfindahl_index_markets=0.049
11:46:14 [super]   #1073  0x5ed7d366cd10657e4be7bf40f909c63f0954e255  prob=0.0379 (raw=0.0404)  vol=$23  trades=4  first_trade=2025-11-09 22:18  winrate=0.412  n_markets_traded=226.000  herfindahl_index_markets=0.021
11:46:14 [super]   #1074  0x38c4d8849980c5e63c7f490027407e114d0e0ff1  prob=0.0379 (raw=0.0404)  vol=$3  trades=2  first_trade=2025-12-06 03:01  winrate=0.433  n_markets_traded=30.000  herfindahl_index_markets=0.141
11:46:14 [super]   #1075  0x6d3b32277cea7974403d6a0f88a587be1ab06ba5  prob=0.0379 (raw=0.0402)  vol=$1,572  trades=6  first_trade=2025-11-10 17:49  winrate=0.250  n_markets_traded=16.000  herfindahl_index_markets=0.116
11:46:14 [super]   #1076  0x26be5b2ef2ae5e65ed3a15f79e7abdcc110dd699  prob=0.0378 (raw=0.0401)  vol=$10  trades=4  first_trade=2025-11-25 00:29  winrate=NaN  n_markets_traded=0.000  herfindahl_index_markets=0.000
11:46:14 [super]   #1077  0xde23275fa81202d5d0a3dedf7657d2c4940c5405  prob=0.0378 (raw=0.0401)  vol=$2  trades=2  first_trade=2025-12-13 08:44  winrate=0.125  n_markets_traded=8.000  herfindahl_index_markets=0.238
11:46:14 [super]   #1078  0x087a5c9598718b482aae56d988aa108d843148c4  prob=0.0378 (raw=0.0401)  vol=$59  trades=4  first_trade=2025-11-03 11:27  winrate=0.569  n_markets_traded=65.000  herfindahl_index_markets=0.039
11:46:14 [super]   #1079  0x4450b2824db178f15ea01caa796dfcef9d25086c  prob=0.0378 (raw=0.0400)  vol=$15  trades=5  first_trade=2025-11-09 15:58  winrate=0.143  n_markets_traded=7.000  herfindahl_index_markets=0.157
11:46:14 [super]   #1080  0x29c592e1aa70d7c066369af334c1ae167ed9cd4a  prob=0.0378 (raw=0.0400)  vol=$6  trades=2  first_trade=2025-12-19 11:11  winrate=0.547  n_markets_traded=85.000  herfindahl_index_markets=0.761
11:46:14 [super]   #1081  0xfd72260c93fe9ec7ade50bfc2bb4ea76b830f902  prob=0.0378 (raw=0.0397)  vol=$40  trades=2  first_trade=2025-12-05 02:33  winrate=0.000  n_markets_traded=19.000  herfindahl_index_markets=0.084
11:46:14 [super]   #1082  0xf0e697c88828306c46ab327d8da0e00032038e63  prob=0.0378 (raw=0.0396)  vol=$3  trades=4  first_trade=2025-12-18 20:32  winrate=0.000  n_markets_traded=1.000  herfindahl_index_markets=1.000
11:46:14 [super]   #1083  0x99f7ec7bd961090b23b949baa45b580f471b8079  prob=0.0378 (raw=0.0395)  vol=$1,083  trades=224  first_trade=2025-12-06 01:32  winrate=0.040  n_markets_traded=25.000  herfindahl_index_markets=0.065
11:46:14 [super]   #1084  0x743dba2242eb96a629f2b10aef8f543c298661da  prob=0.0377 (raw=0.0395)  vol=$250  trades=30  first_trade=2025-12-13 08:12  winrate=NaN  n_markets_traded=0.000  herfindahl_index_markets=0.000
11:46:14 [super]   #1085  0x88998723c61157f96a5abdcd855216d0f4d7b385  prob=0.0377 (raw=0.0394)  vol=$38  trades=4  first_trade=2025-12-13 00:54  winrate=0.808  n_markets_traded=52.000  herfindahl_index_markets=0.026
11:46:14 [super]   #1086  0x2f648aa5bd840dd062d3e8ece81ba7a576090b0e  prob=0.0377 (raw=0.0394)  vol=$1,323  trades=20  first_trade=2025-11-05 16:19  winrate=0.500  n_markets_traded=2.000  herfindahl_index_markets=0.544
11:46:14 [super]   #1087  0xde6f85ad8087418e5598ea1792ff4a6cda314a7b  prob=0.0377 (raw=0.0393)  vol=$2,233  trades=15  first_trade=2025-12-03 03:50  winrate=0.548  n_markets_traded=73.000  herfindahl_index_markets=0.057
11:46:14 [super]   #1088  0xe987700f6ba878723616b9d8065bd95c134f64d6  prob=0.0377 (raw=0.0392)  vol=$146  trades=6  first_trade=2025-12-16 09:53  winrate=0.452  n_markets_traded=62.000  herfindahl_index_markets=0.084
11:46:14 [super]   #1089  0x0c016f76d857346d5827f7a6a2cddd7ec19830d5  prob=0.0377 (raw=0.0391)  vol=$71  trades=4  first_trade=2025-12-14 03:32  winrate=0.125  n_markets_traded=8.000  herfindahl_index_markets=0.143
11:46:14 [super]   #1090  0xc0ef09a209d59b8d73cad11912da68e0775077a5  prob=0.0377 (raw=0.0391)  vol=$5  trades=2  first_trade=2025-12-01 17:38  winrate=0.234  n_markets_traded=47.000  herfindahl_index_markets=0.030
11:46:14 [super]   #1091  0x61c2327ca95158c2c81aeb125f513193b8f3602b  prob=0.0377 (raw=0.0391)  vol=$2  trades=2  first_trade=2025-12-10 11:54  winrate=0.348  n_markets_traded=46.000  herfindahl_index_markets=0.124
11:46:14 [super]   #1092  0x82c9f71d41a0b973ccebdd50a124b8a695c59ddf  prob=0.0377 (raw=0.0391)  vol=$5  trades=2  first_trade=2025-12-10 14:06  winrate=0.091  n_markets_traded=11.000  herfindahl_index_markets=0.182
11:46:14 [super]   #1093  0xbd6aa4ecae7ec133e50056ba4ff50680ac93fe50  prob=0.0377 (raw=0.0389)  vol=$100  trades=2  first_trade=2025-12-13 22:28  winrate=0.000  n_markets_traded=14.000  herfindahl_index_markets=0.090
11:46:14 [super]   #1094  0x8ebfdc251c6c378d4a3a54a8f15cebfa4b9183ce  prob=0.0376 (raw=0.0388)  vol=$17  trades=6  first_trade=2025-12-07 01:29  winrate=NaN  n_markets_traded=0.000  herfindahl_index_markets=0.000
11:46:14 [super]   #1095  0xa62d5f6900aae1a25718fa9addd06d8aeca1224f  prob=0.0376 (raw=0.0387)  vol=$71  trades=4  first_trade=2025-12-12 13:50  winrate=0.512  n_markets_traded=41.000  herfindahl_index_markets=0.061
11:46:14 [super]   #1096  0x109a1c9d791a23922659107b0cce9a9405f8eb35  prob=0.0376 (raw=0.0386)  vol=$4  trades=2  first_trade=2025-12-14 16:46  winrate=0.000  n_markets_traded=4.000  herfindahl_index_markets=0.306
11:46:14 [super]   #1097  0x491543a06790685f31b5792f681914ecf1e63bda  prob=0.0376 (raw=0.0385)  vol=$25  trades=2  first_trade=2025-12-13 12:47  winrate=0.804  n_markets_traded=56.000  herfindahl_index_markets=0.090
11:46:14 [super]   #1098  0x2daa2883ddadb09bdd4dfe8e95b52a79caf12af3  prob=0.0376 (raw=0.0384)  vol=$75  trades=5  first_trade=2025-12-09 22:17  winrate=0.062  n_markets_traded=16.000  herfindahl_index_markets=0.302
11:46:14 [super]   #1099  0x5d192e52bf5dc0156e97744f8ee3d48c7fdc733a  prob=0.0376 (raw=0.0384)  vol=$11,022  trades=54  first_trade=2025-12-18 00:33  winrate=NaN  n_markets_traded=0.000  herfindahl_index_markets=0.000
11:46:14 [super]   #1100  0x64e86fefd50cdb6259eb00ff146d9aac03497819  prob=0.0376 (raw=0.0384)  vol=$234  trades=38  first_trade=2025-12-02 14:22  winrate=NaN  n_markets_traded=0.000  herfindahl_index_markets=0.000
11:46:14 [super]   #1101  0x6a9bcd95987e5eca56859c29d3ed0a611ea2f0f5  prob=0.0376 (raw=0.0382)  vol=$21  trades=3  first_trade=2025-12-12 18:20  winrate=0.215  n_markets_traded=93.000  herfindahl_index_markets=0.020
11:46:14 [super]   #1102  0xd2df0adc7f018ce6460e8d6075cad7d54be7b572  prob=0.0375 (raw=0.0382)  vol=$66  trades=5  first_trade=2025-12-12 23:50  winrate=0.000  n_markets_traded=32.000  herfindahl_index_markets=0.058
11:46:14 [super]   #1103  0x5215d379ada6e464c1fc53038f3ae24cec3c3164  prob=0.0375 (raw=0.0381)  vol=$351  trades=11  first_trade=2025-12-04 12:19  winrate=NaN  n_markets_traded=0.000  herfindahl_index_markets=0.000
11:46:14 [super]   #1104  0xa24799a803da77b669cd0ea9844043c6c7ae2e10  prob=0.0375 (raw=0.0381)  vol=$34  trades=4  first_trade=2025-11-11 10:11  winrate=0.250  n_markets_traded=8.000  herfindahl_index_markets=0.184
11:46:14 [super]   #1105  0xce5bb1cee10806bb2601e6e785883b6c7c66ee17  prob=0.0375 (raw=0.0381)  vol=$236  trades=9  first_trade=2025-11-28 02:30  winrate=0.458  n_markets_traded=173.000  herfindahl_index_markets=0.065
11:46:14 [super]   #1106  0x3cdf42bc2f89c0542f6f047a166562c03d7a6d8b  prob=0.0375 (raw=0.0380)  vol=$10  trades=2  first_trade=2025-12-15 07:50  winrate=0.100  n_markets_traded=10.000  herfindahl_index_markets=0.368
11:46:14 [super]   #1107  0x97d83a380333bfb7f879db89d337a2b06b232372  prob=0.0375 (raw=0.0379)  vol=$4  trades=2  first_trade=2025-11-10 15:37  winrate=0.437  n_markets_traded=115.000  herfindahl_index_markets=0.016
11:46:14 [super]   #1108  0xd4d124c0b8cd6357fc2f694f5adf2909aa5ea51c  prob=0.0375 (raw=0.0376)  vol=$31  trades=4  first_trade=2025-11-14 21:55  winrate=0.138  n_markets_traded=29.000  herfindahl_index_markets=0.058
11:46:14 [super]   #1109  0x1e9851cf9c439811937fc19c0a144c8a9fd06345  prob=0.0374 (raw=0.0374)  vol=$287  trades=34  first_trade=2025-12-13 08:15  winrate=NaN  n_markets_traded=0.000  herfindahl_index_markets=0.000
11:46:14 [super]   #1110  0xd97c5c25774ee6e7ebbc4456e1eaa32f2b29aedb  prob=0.0374 (raw=0.0374)  vol=$3,643  trades=25  first_trade=2025-12-12 14:34  winrate=0.463  n_markets_traded=316.000  herfindahl_index_markets=0.011
11:46:14 [super]   #1111  0xddc3454c0bd01393aa91d1c8e2ead04063a65f93  prob=0.0374 (raw=0.0374)  vol=$380  trades=11  first_trade=2025-12-09 14:23  winrate=0.310  n_markets_traded=42.000  herfindahl_index_markets=0.087
11:46:14 [super]   #1112  0xd4d2778a76bb15346c73e216513df0cb95da75b6  prob=0.0374 (raw=0.0373)  vol=$57  trades=7  first_trade=2025-12-14 18:46  winrate=0.564  n_markets_traded=53.000  herfindahl_index_markets=0.039
11:46:14 [super]   #1113  0xfa323e40632edca701abc6c8cf1f82175909bd9a  prob=0.0374 (raw=0.0373)  vol=$77,449  trades=230  first_trade=2025-10-22 17:06  winrate=NaN  n_markets_traded=0.000  herfindahl_index_markets=0.000
11:46:14 [super]   #1114  0xc21ea96be762bb55041529af6e386e7c53b80215  prob=0.0374 (raw=0.0372)  vol=$305  trades=4  first_trade=2025-12-06 01:29  winrate=NaN  n_markets_traded=0.000  herfindahl_index_markets=0.000
11:46:14 [super]   #1115  0x72790b5bc6a4600ae48db4175481169a2148a05c  prob=0.0374 (raw=0.0370)  vol=$87  trades=5  first_trade=2025-11-14 04:35  winrate=0.167  n_markets_traded=6.000  herfindahl_index_markets=0.190
11:46:14 [super]   #1116  0xf4de9367f3089000eded0e855f089574fad976ba  prob=0.0374 (raw=0.0370)  vol=$26  trades=5  first_trade=2025-11-14 16:52  winrate=0.438  n_markets_traded=48.000  herfindahl_index_markets=0.030
11:46:14 [super]   #1117  0xa211d56bb9f0dc73511acf3a503ca5086261657f  prob=0.0373 (raw=0.0368)  vol=$10  trades=2  first_trade=2025-12-07 21:42  winrate=0.444  n_markets_traded=124.000  herfindahl_index_markets=0.050
11:46:14 [super]   #1118  0xe303d533b0776a8ddcdbb4a974a6ffed86bbb800  prob=0.0373 (raw=0.0368)  vol=$4  trades=2  first_trade=2025-12-06 20:50  winrate=0.372  n_markets_traded=42.000  herfindahl_index_markets=0.039
11:46:14 [super]   #1119  0x7674124733fb3acabaea4ca583202eac970f90b4  prob=0.0373 (raw=0.0368)  vol=$2  trades=2  first_trade=2025-12-19 12:14  winrate=0.729  n_markets_traded=85.000  herfindahl_index_markets=0.883
11:46:14 [super]   #1120  0x9722b812bafd8605722785c757e2cd32c7cc5304  prob=0.0373 (raw=0.0368)  vol=$1,843  trades=30  first_trade=2025-11-08 18:29  winrate=NaN  n_markets_traded=0.000  herfindahl_index_markets=0.000
11:46:14 [super]   #1121  0xbeb9d19f10274da29f21625a2c91fa5a00fd3870  prob=0.0373 (raw=0.0368)  vol=$2,280  trades=5  first_trade=2025-12-04 23:44  winrate=0.489  n_markets_traded=47.000  herfindahl_index_markets=0.066
11:46:14 [super]   #1122  0xec3943428ad92b585702b60fef86c9e95f13bbe5  prob=0.0373 (raw=0.0367)  vol=$440  trades=27  first_trade=2025-12-07 12:09  winrate=NaN  n_markets_traded=0.000  herfindahl_index_markets=0.000
11:46:14 [super]   #1123  0xf9347f3ddfaa74613ad58ee83fc30bee9ffa11a5  prob=0.0373 (raw=0.0367)  vol=$140  trades=6  first_trade=2025-12-05 20:57  winrate=0.551  n_markets_traded=98.000  herfindahl_index_markets=0.018
11:46:14 [super]   #1124  0x916b2cb30591adcb235eb7cceaf141b0d644b154  prob=0.0373 (raw=0.0367)  vol=$115  trades=11  first_trade=2025-12-11 21:38  winrate=0.143  n_markets_traded=28.000  herfindahl_index_markets=0.048
11:46:14 [super]   #1125  0x11f1ec9bf7da360620151f193f81711209eedbb1  prob=0.0373 (raw=0.0366)  vol=$18  trades=2  first_trade=2025-12-10 15:32  winrate=0.000  n_markets_traded=7.000  herfindahl_index_markets=0.179
11:46:14 [super]   #1126  0xfd31e93c9e713b24d837216c158e59295028613a  prob=0.0373 (raw=0.0365)  vol=$10  trades=2  first_trade=2025-11-14 14:18  winrate=0.040  n_markets_traded=100.000  herfindahl_index_markets=0.077
11:46:14 [super]   #1127  0xc4f825be1b3b2fbf59b778dec0ddc573d7a997b3  prob=0.0373 (raw=0.0364)  vol=$49  trades=7  first_trade=2025-12-18 14:09  winrate=0.304  n_markets_traded=46.000  herfindahl_index_markets=0.136
11:46:14 [super]   #1128  0x661ee4b0a2fa5c6a4f6c278c053eaa74c47481d6  prob=0.0373 (raw=0.0364)  vol=$130  trades=2  first_trade=2025-12-12 09:32  winrate=0.503  n_markets_traded=315.000  herfindahl_index_markets=0.014
11:46:14 [super]   #1129  0x8a64e0fc26eb5cb766d5e8b8ab45b9ea3874ea84  prob=0.0373 (raw=0.0363)  vol=$80  trades=5  first_trade=2025-11-10 10:36  winrate=0.000  n_markets_traded=2.000  herfindahl_index_markets=0.802
11:46:14 [super]   #1130  0x98c30c7c0c6433dc652136ce3739049423d8a6a2  prob=0.0372 (raw=0.0362)  vol=$10  trades=2  first_trade=2025-12-19 12:07  winrate=0.233  n_markets_traded=30.000  herfindahl_index_markets=0.060
11:46:14 [super]   #1131  0xa3a39a3746dbd55f3a33ae38bd27ae2804c2c2f9  prob=0.0372 (raw=0.0362)  vol=$634  trades=11  first_trade=2025-11-18 07:08  winrate=NaN  n_markets_traded=0.000  herfindahl_index_markets=0.000
11:46:14 [super]   #1132  0x9f93ed15800e3d0285c175285880ed5cf68c02c8  prob=0.0372 (raw=0.0362)  vol=$56  trades=5  first_trade=2025-12-16 08:31  winrate=0.118  n_markets_traded=17.000  herfindahl_index_markets=0.116
11:46:14 [super]   #1133  0xa0dd9e03023a10bd9565f10063129bb7de23ccdb  prob=0.0372 (raw=0.0362)  vol=$13  trades=5  first_trade=2025-12-18 14:53  winrate=0.040  n_markets_traded=25.000  herfindahl_index_markets=0.082
11:46:14 [super]   #1134  0x8217b6c8878a4aa4ecc023608dbf91d4fac64936  prob=0.0372 (raw=0.0361)  vol=$821  trades=111  first_trade=2025-11-08 04:04  winrate=NaN  n_markets_traded=0.000  herfindahl_index_markets=0.000
11:46:14 [super]   #1135  0x03c8118da338a9dafb2bae9a4e89055203a30e01  prob=0.0372 (raw=0.0360)  vol=$2,294  trades=47  first_trade=2025-10-22 15:44  winrate=NaN  n_markets_traded=0.000  herfindahl_index_markets=0.000
11:46:14 [super]   #1136  0x5d2862239eacecd4d60af2f41711b396e75e5af8  prob=0.0372 (raw=0.0360)  vol=$7  trades=2  first_trade=2025-11-21 00:59  winrate=0.306  n_markets_traded=49.000  herfindahl_index_markets=0.079
11:46:14 [super]   #1137  0xe3479950ef6e8984df109ec5c9be40630f9fb438  prob=0.0372 (raw=0.0360)  vol=$175  trades=13  first_trade=2025-11-13 16:23  winrate=NaN  n_markets_traded=0.000  herfindahl_index_markets=0.000
11:46:14 [super]   #1138  0x019893f83b94f990380ecaa1c374ef523e44ba17  prob=0.0372 (raw=0.0358)  vol=$3  trades=2  first_trade=2025-12-05 16:10  winrate=0.053  n_markets_traded=19.000  herfindahl_index_markets=0.059
11:46:14 [super]   #1139  0xb120679099d26b0af04811c26c6077c587f9f2ff  prob=0.0372 (raw=0.0358)  vol=$225  trades=18  first_trade=2025-11-23 02:47  winrate=NaN  n_markets_traded=0.000  herfindahl_index_markets=0.000
11:46:14 [super]   #1140  0x4bdd3a28b1df6eb5750af73c6482bcceceab020c  prob=0.0372 (raw=0.0358)  vol=$3  trades=2  first_trade=2025-10-23 12:37  winrate=0.235  n_markets_traded=367.000  herfindahl_index_markets=0.004
11:46:14 [super]   #1141  0xd35d126ead5de787dd318a5e52d3a108de099ca8  prob=0.0372 (raw=0.0358)  vol=$4  trades=4  first_trade=2025-11-28 02:54  winrate=NaN  n_markets_traded=0.000  herfindahl_index_markets=0.000
11:46:14 [super]   #1142  0x47b7507a4bd3a936fdf33bc51ec3241074ed2e03  prob=0.0372 (raw=0.0357)  vol=$5  trades=5  first_trade=2025-11-09 09:46  winrate=0.494  n_markets_traded=173.000  herfindahl_index_markets=0.027
11:46:14 [super]   #1143  0xf76f568600eabf3a15903ddbeb15f7b4bb3eb0c9  prob=0.0372 (raw=0.0357)  vol=$7  trades=2  first_trade=2025-12-07 22:30  winrate=0.029  n_markets_traded=34.000  herfindahl_index_markets=0.099
11:46:14 [super]   #1144  0x36fdc886f589c6b62e7f200fa94fc619edbfb70c  prob=0.0372 (raw=0.0357)  vol=$2,381  trades=191  first_trade=2025-12-12 14:30  winrate=0.727  n_markets_traded=19.000  herfindahl_index_markets=0.217
11:46:14 [super]   #1145  0x60dcc9768bfe9f9c286742edc32d48f63b519057  prob=0.0371 (raw=0.0356)  vol=$299  trades=5  first_trade=2025-11-13 16:23  winrate=0.538  n_markets_traded=78.000  herfindahl_index_markets=0.090
11:46:14 [super]   #1146  0x0329c07bd0fd2f3774a3a73d96334b4edd106763  prob=0.0371 (raw=0.0356)  vol=$8  trades=2  first_trade=2025-12-12 12:21  winrate=0.432  n_markets_traded=44.000  herfindahl_index_markets=0.043
11:46:14 [super]   #1147  0xe3be7a553ba79e38bde3728cc7242b1ce7ec94e4  prob=0.0371 (raw=0.0355)  vol=$957  trades=25  first_trade=2025-11-10 18:21  winrate=0.188  n_markets_traded=32.000  herfindahl_index_markets=0.083
11:46:14 [super]   #1148  0x861ccf78889caed0b9372096c26e344ae739b362  prob=0.0371 (raw=0.0355)  vol=$64  trades=8  first_trade=2025-12-17 07:42  winrate=0.400  n_markets_traded=15.000  herfindahl_index_markets=0.183
11:46:14 [super]   #1149  0x3458ae6606828ed4d9666573e1585d9419efb5a7  prob=0.0371 (raw=0.0354)  vol=$83  trades=5  first_trade=2025-11-06 01:50  winrate=NaN  n_markets_traded=0.000  herfindahl_index_markets=0.000
11:46:14 [super]   #1150  0xabe8d58dc3d4bcd44a52416ba49741c731ad56d3  prob=0.0371 (raw=0.0354)  vol=$98  trades=3  first_trade=2025-12-12 10:20  winrate=0.496  n_markets_traded=112.000  herfindahl_index_markets=0.124
11:46:14 [super]   #1151  0x7dea260cafd657c060abc8fe2cd748feb8ce1f52  prob=0.0371 (raw=0.0354)  vol=$31  trades=5  first_trade=2025-12-04 17:15  winrate=0.515  n_markets_traded=61.000  herfindahl_index_markets=0.058
11:46:14 [super]   #1152  0x6418d286239d2c772756160fcb50f2663c11b55c  prob=0.0371 (raw=0.0354)  vol=$62  trades=7  first_trade=2025-12-11 08:20  winrate=0.321  n_markets_traded=28.000  herfindahl_index_markets=0.245
11:46:14 [super]   #1153  0x0bf9f015167681715a6b6a5815912f562ef78b19  prob=0.0371 (raw=0.0353)  vol=$11  trades=6  first_trade=2025-12-04 21:02  winrate=0.333  n_markets_traded=24.000  herfindahl_index_markets=0.068
11:46:14 [super]   #1154  0xd6912dc83c68b6fe7c436dc2bb31ad07ccad4521  prob=0.0371 (raw=0.0353)  vol=$3  trades=2  first_trade=2025-12-12 15:14  winrate=0.260  n_markets_traded=50.000  herfindahl_index_markets=0.055
11:46:14 [super]   #1155  0xf57d120923bdf3454990116b74840892616d9689  prob=0.0371 (raw=0.0353)  vol=$61  trades=4  first_trade=2025-12-19 12:25  winrate=0.129  n_markets_traded=31.000  herfindahl_index_markets=0.057
11:46:14 [super]   #1156  0x2a3f3288d783d3a1708c6b79be6019fecc8a29fc  prob=0.0371 (raw=0.0352)  vol=$9  trades=3  first_trade=2025-11-03 20:05  winrate=0.333  n_markets_traded=12.000  herfindahl_index_markets=0.113
11:46:14 [super]   #1157  0x0ab512caaf9fc8f4329a56e5cfad39012bcb00a2  prob=0.0371 (raw=0.0351)  vol=$5  trades=2  first_trade=2025-11-04 18:50  winrate=0.382  n_markets_traded=53.000  herfindahl_index_markets=0.037
11:46:14 [super]   #1158  0x0eb0c8e3f11b6c89fc733ced32366ccb9af36317  prob=0.0371 (raw=0.0351)  vol=$42  trades=5  first_trade=2025-12-12 02:19  winrate=0.292  n_markets_traded=24.000  herfindahl_index_markets=0.055
11:46:14 [super]   #1159  0xec3c9891b36ebd1044945ce48ae3cdf6cdf5d68e  prob=0.0371 (raw=0.0351)  vol=$333  trades=32  first_trade=2025-12-13 08:15  winrate=NaN  n_markets_traded=0.000  herfindahl_index_markets=0.000
11:46:14 [super]   #1160  0x092c37c3327e8914da166e51ca9c82ddbc393175  prob=0.0371 (raw=0.0350)  vol=$1,431  trades=14  first_trade=2025-12-12 09:52  winrate=0.459  n_markets_traded=74.000  herfindahl_index_markets=0.055
11:46:14 [super]   #1161  0x22b2bd083116ff9ccb9fd99c9a7425fcd91fe7cf  prob=0.0371 (raw=0.0350)  vol=$113  trades=4  first_trade=2025-11-10 18:11  winrate=0.469  n_markets_traded=81.000  herfindahl_index_markets=0.034
11:46:14 [super]   #1162  0x89c83bb954a2c3e2c268b6347d9b12d901eed61a  prob=0.0371 (raw=0.0350)  vol=$4  trades=4  first_trade=2025-12-06 10:31  winrate=0.000  n_markets_traded=83.000  herfindahl_index_markets=0.030
11:46:14 [super]   #1163  0x3f208ab1ee8f7f60839f76c35c4845cd64ae2615  prob=0.0370 (raw=0.0349)  vol=$7  trades=4  first_trade=2025-10-22 13:12  winrate=0.280  n_markets_traded=161.000  herfindahl_index_markets=0.018
11:46:14 [super]   #1164  0xd206f2ee92ac523951f7b6f2b4d78f38cb78e620  prob=0.0370 (raw=0.0349)  vol=$10  trades=4  first_trade=2025-12-06 20:26  winrate=0.083  n_markets_traded=36.000  herfindahl_index_markets=0.142
11:46:14 [super]   #1165  0x3d5a554afe249f7e03d245a1dd439530c63ed1b6  prob=0.0370 (raw=0.0348)  vol=$26  trades=2  first_trade=2025-12-09 19:07  winrate=0.000  n_markets_traded=13.000  herfindahl_index_markets=0.147
11:46:14 [super]   #1166  0xfd9ee6364d4ddecb4be9cab362c161c9d3ca3d48  prob=0.0370 (raw=0.0348)  vol=$306  trades=14  first_trade=2025-12-08 11:52  winrate=0.045  n_markets_traded=22.000  herfindahl_index_markets=0.088
11:46:14 [super]   #1167  0x58ef44c7a9ab6990e63978c58cdda256e5fdbe7b  prob=0.0370 (raw=0.0348)  vol=$34  trades=4  first_trade=2025-12-07 15:10  winrate=0.250  n_markets_traded=8.000  herfindahl_index_markets=0.252
11:46:14 [super]   #1168  0x450efd56466a7973bf9b50a4f8154351c84d50a2  prob=0.0370 (raw=0.0347)  vol=$71  trades=13  first_trade=2025-12-13 17:29  winrate=0.000  n_markets_traded=12.000  herfindahl_index_markets=0.196
11:46:14 [super]   #1169  0xa4771bb3467adb72d7c608f80d4494e325d1c9c2  prob=0.0370 (raw=0.0346)  vol=$323  trades=3  first_trade=2025-12-09 16:37  winrate=0.750  n_markets_traded=88.000  herfindahl_index_markets=0.028
11:46:14 [super]   #1170  0x46345b899d775adb3ec65ef616334cbc0815674e  prob=0.0370 (raw=0.0345)  vol=$1  trades=4  first_trade=2025-12-15 08:04  winrate=0.375  n_markets_traded=8.000  herfindahl_index_markets=0.185
11:46:14 [super]   #1171  0xe4ea2388e9d91945c6baca7cd3ca14ca628111fe  prob=0.0370 (raw=0.0345)  vol=$5  trades=4  first_trade=2025-10-23 11:06  winrate=NaN  n_markets_traded=0.000  herfindahl_index_markets=0.000
11:46:14 [super]   #1172  0xe8dcfaefc9848ba7f965e42967ba8febcbad7416  prob=0.0370 (raw=0.0344)  vol=$2  trades=2  first_trade=2025-10-10 07:58  winrate=0.077  n_markets_traded=142.000  herfindahl_index_markets=0.033
11:46:14 [super]   #1173  0xf1b1dc77ced4fc3a7de64b8553f20153ea597d09  prob=0.0370 (raw=0.0344)  vol=$45  trades=5  first_trade=2025-11-10 06:39  winrate=0.471  n_markets_traded=102.000  herfindahl_index_markets=0.049
11:46:14 [super]   #1174  0xae76d530f96941810c9e24ca90c3f87a502146d1  prob=0.0370 (raw=0.0344)  vol=$157  trades=2  first_trade=2025-12-12 06:32  winrate=0.433  n_markets_traded=84.000  herfindahl_index_markets=0.043
11:46:14 [super]   #1175  0x9dc2e5f6d8a88fd78d549d390918671282ef0727  prob=0.0370 (raw=0.0344)  vol=$161  trades=34  first_trade=2025-12-18 00:13  winrate=NaN  n_markets_traded=0.000  herfindahl_index_markets=0.000
11:46:14 [super]   #1176  0x0b7ab366e21994a534b8224b1e032654a2d28304  prob=0.0370 (raw=0.0343)  vol=$25  trades=4  first_trade=2025-10-22 18:45  winrate=0.527  n_markets_traded=93.000  herfindahl_index_markets=0.034
11:46:14 [super]   #1177  0xd4932b0fa75ed34bbd4cf90183eb971d91d27f04  prob=0.0369 (raw=0.0342)  vol=$246  trades=32  first_trade=2025-12-18 00:13  winrate=NaN  n_markets_traded=0.000  herfindahl_index_markets=0.000
11:46:14 [super]   #1178  0xbd94d25036dcd40ca464e92446c837adcd0d0b01  prob=0.0369 (raw=0.0341)  vol=$19,914  trades=113  first_trade=2025-12-05 01:00  winrate=0.463  n_markets_traded=348.000  herfindahl_index_markets=0.126
11:46:14 [super]   #1179  0xc50e14a6929415bf9a8279515dbec61752af5a8c  prob=0.0369 (raw=0.0340)  vol=$152  trades=2  first_trade=2025-11-30 07:13  winrate=0.500  n_markets_traded=2.000  herfindahl_index_markets=0.518
11:46:14 [super]   #1180  0x564bf7df57aea9256c84c69a781c1542c2a21eef  prob=0.0369 (raw=0.0339)  vol=$3  trades=2  first_trade=2025-10-09 07:54  winrate=0.400  n_markets_traded=44.000  herfindahl_index_markets=0.032
11:46:14 [super]   #1181  0xe0789b8cb552cb758bb93344aaefdb83348be707  prob=0.0369 (raw=0.0339)  vol=$12  trades=9  first_trade=2025-12-05 05:40  winrate=0.700  n_markets_traded=257.000  herfindahl_index_markets=0.015
11:46:14 [super]   #1182  0xe50a12badb1ab4087cf0da2c765e5373dce42da4  prob=0.0369 (raw=0.0339)  vol=$165  trades=13  first_trade=2025-12-18 02:42  winrate=0.088  n_markets_traded=34.000  herfindahl_index_markets=0.133
11:46:14 [super]   #1183  0x39863d03cd1b1a143ce6d287271cc97ce93301fd  prob=0.0369 (raw=0.0339)  vol=$81  trades=9  first_trade=2025-12-05 04:33  winrate=NaN  n_markets_traded=0.000  herfindahl_index_markets=0.000
11:46:14 [super]   #1184  0xe93227d047cb7c415aaadd0b0c9e819765e32f3b  prob=0.0369 (raw=0.0339)  vol=$10  trades=2  first_trade=2025-11-03 19:14  winrate=0.150  n_markets_traded=20.000  herfindahl_index_markets=0.217
11:46:14 [super]   #1185  0x72d8de901d81827a1fce5174a156b55184d8be4e  prob=0.0369 (raw=0.0338)  vol=$2  trades=2  first_trade=2025-12-19 11:20  winrate=0.622  n_markets_traded=90.000  herfindahl_index_markets=0.411
11:46:14 [super]   #1186  0x300354d68fbf24c37cdb6c4ea86ef0e7aceeefa3  prob=0.0369 (raw=0.0338)  vol=$498  trades=5  first_trade=2025-11-08 09:40  winrate=0.312  n_markets_traded=16.000  herfindahl_index_markets=0.107
11:46:14 [super]   #1187  0x7b285dbc6e424acf47e478444bed3e0d230cff4f  prob=0.0369 (raw=0.0338)  vol=$188  trades=14  first_trade=2025-11-28 10:37  winrate=NaN  n_markets_traded=0.000  herfindahl_index_markets=0.000
11:46:14 [super]   #1188  0x596422bcdd897703b96f4f931961b181b79d35df  prob=0.0369 (raw=0.0337)  vol=$153  trades=5  first_trade=2025-12-19 11:12  winrate=NaN  n_markets_traded=0.000  herfindahl_index_markets=0.000
11:46:14 [super]   #1189  0x5ea858216f3399cdc69605ddf67c11c5bddf4941  prob=0.0369 (raw=0.0337)  vol=$8  trades=4  first_trade=2025-10-22 16:52  winrate=0.000  n_markets_traded=1.000  herfindahl_index_markets=1.000
11:46:14 [super]   #1190  0xefabdd6fe129b35f636e1f4966f57ac6d9f3b927  prob=0.0368 (raw=0.0336)  vol=$19  trades=2  first_trade=2025-10-22 14:52  winrate=NaN  n_markets_traded=0.000  herfindahl_index_markets=0.000
11:46:14 [super]   #1191  0x15338de95351c88893717fd78729c8a5893fdcaa  prob=0.0368 (raw=0.0335)  vol=$11  trades=1  first_trade=2025-11-13 21:10  winrate=0.368  n_markets_traded=19.000  herfindahl_index_markets=0.082
11:46:14 [super]   #1192  0x82bd44e1ab121f4ae56a411419e8041dbb28335e  prob=0.0368 (raw=0.0335)  vol=$93  trades=5  first_trade=2025-11-10 09:40  winrate=0.472  n_markets_traded=53.000  herfindahl_index_markets=0.063
11:46:14 [super]   #1193  0x40e11cdbb280db438955ddfb09c7dec1938e7404  prob=0.0368 (raw=0.0335)  vol=$133  trades=5  first_trade=2025-11-14 06:51  winrate=0.387  n_markets_traded=31.000  herfindahl_index_markets=0.064
11:46:14 [super]   #1194  0x4abdaffa8595ef4c8947728639ab3a6d8313e354  prob=0.0368 (raw=0.0333)  vol=$15  trades=1  first_trade=2025-11-10 11:55  winrate=0.431  n_markets_traded=72.000  herfindahl_index_markets=0.047
11:46:14 [super]   #1195  0x5dfca32fc1df43b5e869ebeeda5b3fe1ff22e710  prob=0.0368 (raw=0.0333)  vol=$103  trades=7  first_trade=2025-12-06 08:57  winrate=0.231  n_markets_traded=13.000  herfindahl_index_markets=0.174
11:46:14 [super]   #1196  0x45798c7f8831a6aea25a5a78ed8ea8b8bfb49f19  prob=0.0368 (raw=0.0333)  vol=$634  trades=19  first_trade=2025-12-06 18:09  winrate=0.456  n_markets_traded=160.000  herfindahl_index_markets=0.042
11:46:14 [super]   #1197  0x71bf1c8ad81759309ae619d658b8d0a7e92ca0b9  prob=0.0368 (raw=0.0331)  vol=$1,765  trades=13  first_trade=2025-10-25 06:28  winrate=0.222  n_markets_traded=9.000  herfindahl_index_markets=0.250
11:46:14 [super]   #1198  0x4044798f1d60d92369c86cf5b6f1e497e2818de5  prob=0.0368 (raw=0.0331)  vol=$6  trades=1  first_trade=2025-12-19 05:16  winrate=0.304  n_markets_traded=23.000  herfindahl_index_markets=0.277
11:46:14 [super]   #1199  0x0c865f8463fbb9907bf5f4bcf49b44b5280ec4f6  prob=0.0368 (raw=0.0331)  vol=$2,871  trades=27  first_trade=2025-11-20 01:52  winrate=0.352  n_markets_traded=105.000  herfindahl_index_markets=0.041
11:46:14 [super]   #1200  0xa996242e8f61876c30e2922fc18f3f9ba68335dc  prob=0.0368 (raw=0.0331)  vol=$80  trades=4  first_trade=2025-12-16 19:51  winrate=0.111  n_markets_traded=9.000  herfindahl_index_markets=0.126
11:46:14 [super]   #1201  0x7c6f0da27f3bdd3cf39560fef870aeb3a8d88fa1  prob=0.0368 (raw=0.0331)  vol=$8  trades=2  first_trade=2025-12-15 14:49  winrate=0.273  n_markets_traded=11.000  herfindahl_index_markets=0.118
11:46:14 [super]   #1202  0x760e269a025593fa3dc3f968fbc0381fa2ef13d1  prob=0.0367 (raw=0.0330)  vol=$14  trades=3  first_trade=2025-12-14 20:22  winrate=0.294  n_markets_traded=17.000  herfindahl_index_markets=0.177
11:46:14 [super]   #1203  0x7019594e9b02453d50c65681c1530c798b44dcef  prob=0.0367 (raw=0.0329)  vol=$1,621  trades=44  first_trade=2025-12-16 02:41  winrate=0.391  n_markets_traded=22.000  herfindahl_index_markets=0.092
11:46:14 [super]   #1204  0x7f66b22db8a7aedd8ed91c3820f3bfc333644bac  prob=0.0367 (raw=0.0329)  vol=$61  trades=4  first_trade=2025-12-05 01:35  winrate=NaN  n_markets_traded=0.000  herfindahl_index_markets=0.000
11:46:14 [super]   #1205  0x047b3916e8f600705f7dafb07ab26b7fe2fdda70  prob=0.0367 (raw=0.0328)  vol=$10  trades=2  first_trade=2025-12-04 04:10  winrate=0.174  n_markets_traded=23.000  herfindahl_index_markets=0.053
11:46:14 [super]   #1206  0xfd821d146da8086599c1c573693a112ac517a5ab  prob=0.0367 (raw=0.0328)  vol=$10  trades=2  first_trade=2025-12-10 22:24  winrate=0.118  n_markets_traded=17.000  herfindahl_index_markets=0.072
11:46:14 [super]   #1207  0xad9af0f83b4dd176c1c107814cfc0a0eb67c14c9  prob=0.0367 (raw=0.0328)  vol=$30  trades=2  first_trade=2025-12-13 05:38  winrate=0.200  n_markets_traded=15.000  herfindahl_index_markets=0.130
11:46:14 [super]   #1208  0x5371d917a049ff4e126463a8bdc3fd3d8be22cf5  prob=0.0367 (raw=0.0328)  vol=$7  trades=2  first_trade=2025-12-12 14:50  winrate=0.527  n_markets_traded=110.000  herfindahl_index_markets=0.022
11:46:14 [super]   #1209  0xdcef75dc9a8458c6e9ce3d5e5995210f9dc07388  prob=0.0367 (raw=0.0327)  vol=$231  trades=39  first_trade=2025-12-13 08:13  winrate=NaN  n_markets_traded=0.000  herfindahl_index_markets=0.000
11:46:14 [super]   #1210  0x25bf54b444cdde522c213d3fea2c16ae7381b944  prob=0.0367 (raw=0.0327)  vol=$20  trades=2  first_trade=2025-12-18 06:45  winrate=0.125  n_markets_traded=24.000  herfindahl_index_markets=0.091
11:46:14 [super]   #1211  0x0d557611c2581216084c27a26b004f0413d049ed  prob=0.0367 (raw=0.0326)  vol=$56  trades=2  first_trade=2025-12-07 05:28  winrate=0.133  n_markets_traded=15.000  herfindahl_index_markets=0.131
11:46:14 [super]   #1212  0xe44a9d3547b68f17eb359c81dcf99a345e4bc4f8  prob=0.0367 (raw=0.0326)  vol=$174  trades=10  first_trade=2025-12-06 18:08  winrate=NaN  n_markets_traded=0.000  herfindahl_index_markets=0.000
11:46:14 [super]   #1213  0xdecdad5f7ce703d918dcffbad9da10b27864278d  prob=0.0367 (raw=0.0326)  vol=$14  trades=4  first_trade=2025-11-10 18:11  winrate=0.000  n_markets_traded=6.000  herfindahl_index_markets=0.548
11:46:14 [super]   #1214  0x8a5005771c1b765e7448e1dc0179a28152fbadf3  prob=0.0367 (raw=0.0326)  vol=$27  trades=14  first_trade=2025-10-22 16:46  winrate=0.238  n_markets_traded=41.000  herfindahl_index_markets=0.077
11:46:14 [super]   #1215  0xe4049702afeb375fb3469be66ac0fe8bb779a79b  prob=0.0367 (raw=0.0325)  vol=$183  trades=3  first_trade=2025-12-19 09:26  winrate=0.593  n_markets_traded=27.000  herfindahl_index_markets=0.099
11:46:14 [super]   #1216  0x24ec675b1dd699daa71de40f1906589a02153492  prob=0.0367 (raw=0.0325)  vol=$155  trades=6  first_trade=2025-11-11 02:13  winrate=0.720  n_markets_traded=25.000  herfindahl_index_markets=0.071
11:46:14 [super]   #1217  0xf85a64516b02015e59b0e169453b00fb18380869  prob=0.0367 (raw=0.0325)  vol=$11  trades=2  first_trade=2025-12-18 02:02  winrate=0.600  n_markets_traded=35.000  herfindahl_index_markets=0.221
11:46:14 [super]   #1218  0xd2b7c7bdfd4f8debd4f93ee42f1373dec7093e71  prob=0.0367 (raw=0.0324)  vol=$72  trades=2  first_trade=2025-12-15 16:56  winrate=0.808  n_markets_traded=25.000  herfindahl_index_markets=0.255
11:46:14 [super]   #1219  0xb1865589ff6b3b055c90d910c3d7a5f0d4dd310c  prob=0.0367 (raw=0.0323)  vol=$39  trades=4  first_trade=2025-12-10 23:51  winrate=0.247  n_markets_traded=162.000  herfindahl_index_markets=0.025
11:46:14 [super]   #1220  0x0f130bfb163a75bf085334631319abefa4e5fe87  prob=0.0367 (raw=0.0323)  vol=$0  trades=1  first_trade=2025-12-19 13:10  winrate=NaN  n_markets_traded=0.000  herfindahl_index_markets=0.000
11:46:14 [super]   #1221  0xfa1e15095ff7eb7c3828861c738407a54a7305ac  prob=0.0366 (raw=0.0323)  vol=$1  trades=2  first_trade=2025-12-16 19:28  winrate=0.326  n_markets_traded=43.000  herfindahl_index_markets=0.080
11:46:14 [super]   #1222  0xdf8491b7176fa5f98c4ba2aaa3acb16dde6ff0fa  prob=0.0366 (raw=0.0322)  vol=$779  trades=12  first_trade=2025-11-09 10:46  winrate=0.133  n_markets_traded=15.000  herfindahl_index_markets=0.121
11:46:14 [super]   #1223  0xab3e2e3c94b05bbe1ac2e2c11b95d5ddb955ab37  prob=0.0366 (raw=0.0321)  vol=$510  trades=18  first_trade=2025-12-07 23:03  winrate=0.188  n_markets_traded=16.000  herfindahl_index_markets=0.119
11:46:14 [super]   #1224  0xa15abbcd222d38db5b32c96cafa0df909d694e72  prob=0.0366 (raw=0.0320)  vol=$45  trades=9  first_trade=2025-12-17 07:44  winrate=0.479  n_markets_traded=186.000  herfindahl_index_markets=0.011
11:46:14 [super]   #1225  0xa15adca54cf9d2306c833de9c391971156f691b1  prob=0.0366 (raw=0.0320)  vol=$47  trades=4  first_trade=2025-11-24 19:40  winrate=0.588  n_markets_traded=67.000  herfindahl_index_markets=0.040
11:46:14 [super]   #1226  0x9d27b738f4a7eee16818f76a3d4095c1b8cab9ff  prob=0.0366 (raw=0.0320)  vol=$5  trades=2  first_trade=2025-11-29 13:30  winrate=NaN  n_markets_traded=0.000  herfindahl_index_markets=0.000
11:46:14 [super]   #1227  0xee92e51827803eefc357ca0913350cf58673eaa4  prob=0.0366 (raw=0.0320)  vol=$1,971  trades=18  first_trade=2025-12-04 21:02  winrate=0.120  n_markets_traded=24.000  herfindahl_index_markets=0.155
11:46:14 [super]   #1228  0xf99fb7bf014990f0d7d3c0d09f4e792878f74b55  prob=0.0366 (raw=0.0318)  vol=$2  trades=2  first_trade=2025-12-17 02:55  winrate=0.000  n_markets_traded=13.000  herfindahl_index_markets=0.115
11:46:14 [super]   #1229  0x76a15ee8b4153c68c1d54f9e23f9de58b705b226  prob=0.0366 (raw=0.0318)  vol=$4  trades=4  first_trade=2025-12-10 07:21  winrate=0.583  n_markets_traded=48.000  herfindahl_index_markets=0.242
11:46:14 [super]   #1230  0x84de2a3148dc815ef811d0a9cd11560e622a77b1  prob=0.0366 (raw=0.0318)  vol=$152  trades=6  first_trade=2025-12-19 01:26  winrate=0.608  n_markets_traded=51.000  herfindahl_index_markets=0.043
11:46:14 [super]   #1231  0x1b23320ab90aa43466bdd68167da99a379d6bbb5  prob=0.0366 (raw=0.0318)  vol=$3  trades=6  first_trade=2025-12-19 09:40  winrate=NaN  n_markets_traded=0.000  herfindahl_index_markets=0.000
11:46:14 [super]   #1232  0x32f0bcf1625eb7c3238ecb8fe92b4dec58ac7f90  prob=0.0366 (raw=0.0317)  vol=$6  trades=2  first_trade=2025-10-11 01:15  winrate=0.101  n_markets_traded=238.000  herfindahl_index_markets=0.010
11:46:14 [super]   #1233  0xe79092fd3c407fef9825ea9bb616ffe6cc0e27ba  prob=0.0366 (raw=0.0316)  vol=$35  trades=9  first_trade=2025-12-09 20:38  winrate=0.294  n_markets_traded=17.000  herfindahl_index_markets=0.104
11:46:14 [super]   #1234  0x740b95ed0aefb264360a3530dd3a298a018a1d47  prob=0.0365 (raw=0.0316)  vol=$414  trades=7  first_trade=2025-12-11 06:10  winrate=0.420  n_markets_traded=81.000  herfindahl_index_markets=0.022
11:46:14 [super]   #1235  0xbfc01ea121659754767fc2681a9c27de505555eb  prob=0.0365 (raw=0.0316)  vol=$6  trades=4  first_trade=2025-12-12 03:06  winrate=0.130  n_markets_traded=23.000  herfindahl_index_markets=0.116
11:46:14 [super]   #1236  0xc004d558d06b513ce0df7ecc93643ddf938e5092  prob=0.0365 (raw=0.0315)  vol=$36  trades=5  first_trade=2025-11-28 20:47  winrate=0.295  n_markets_traded=143.000  herfindahl_index_markets=0.034
11:46:14 [super]   #1237  0x37222b4364827fe95d3e7a7532a2195585531f0a  prob=0.0365 (raw=0.0315)  vol=$53  trades=1  first_trade=2025-12-01 06:11  winrate=0.182  n_markets_traded=11.000  herfindahl_index_markets=0.177
11:46:14 [super]   #1238  0xb8c25a6c8332ec77b4a523b249d5dae810bda50e  prob=0.0365 (raw=0.0315)  vol=$2,523  trades=18  first_trade=2025-12-05 15:52  winrate=0.464  n_markets_traded=138.000  herfindahl_index_markets=0.024
11:46:14 [super]   #1239  0xd7add84674ed12a7e2a4df019d0c62485bbf9330  prob=0.0365 (raw=0.0314)  vol=$22  trades=2  first_trade=2025-12-19 02:33  winrate=0.455  n_markets_traded=11.000  herfindahl_index_markets=0.113
11:46:14 [super]   #1240  0x0173a65f86ccefc2e88a6d705af0e026a870041e  prob=0.0365 (raw=0.0313)  vol=$12  trades=2  first_trade=2025-12-05 02:24  winrate=0.000  n_markets_traded=17.000  herfindahl_index_markets=0.154
11:46:14 [super]   #1241  0x3a49b7d6917be050dfefbf7a31e01f37c6b43cee  prob=0.0365 (raw=0.0313)  vol=$15  trades=2  first_trade=2025-12-17 13:32  winrate=0.457  n_markets_traded=158.000  herfindahl_index_markets=0.062
11:46:14 [super]   #1242  0xd6e058daa44b24382d4144abf958286d7509e79f  prob=0.0365 (raw=0.0313)  vol=$8  trades=1  first_trade=2025-12-12 12:53  winrate=0.517  n_markets_traded=28.000  herfindahl_index_markets=0.076
11:46:14 [super]   #1243  0x0f7d555d447836c131117d0aac122e9974827feb  prob=0.0365 (raw=0.0313)  vol=$14  trades=2  first_trade=2025-10-29 11:23  winrate=0.287  n_markets_traded=129.000  herfindahl_index_markets=0.012
11:46:14 [super]   #1244  0x90f8688c70a40c871654733b7bb89120448ca603  prob=0.0365 (raw=0.0312)  vol=$131  trades=4  first_trade=2025-12-07 07:15  winrate=0.414  n_markets_traded=70.000  herfindahl_index_markets=0.044
11:46:14 [super]   #1245  0x880d0e5f6e89d918265dabe025812864afa36842  prob=0.0365 (raw=0.0312)  vol=$15  trades=5  first_trade=2025-12-10 17:32  winrate=0.194  n_markets_traded=31.000  herfindahl_index_markets=0.070
11:46:14 [super]   #1246  0x0bab84b82a5e9e0d8dba136732ea5ed3b0e2c6ea  prob=0.0365 (raw=0.0312)  vol=$68  trades=3  first_trade=2025-10-22 23:04  winrate=0.382  n_markets_traded=34.000  herfindahl_index_markets=0.080
11:46:14 [super]   #1247  0xe28607c0f5b05b0dfee8e3f436bc02784c62b1d3  prob=0.0365 (raw=0.0312)  vol=$2  trades=2  first_trade=2025-12-04 08:23  winrate=0.552  n_markets_traded=163.000  herfindahl_index_markets=0.012
11:46:14 [super]   #1248  0x93e9baf1cf82e34d5cde811e6fbc810c585806cb  prob=0.0365 (raw=0.0311)  vol=$38  trades=5  first_trade=2025-12-09 15:42  winrate=0.500  n_markets_traded=58.000  herfindahl_index_markets=0.024
11:46:14 [super]   #1249  0x4b9afb568c06368c92c8d734e8f8972b9a6bb04f  prob=0.0365 (raw=0.0311)  vol=$6  trades=2  first_trade=2025-12-18 23:06  winrate=0.438  n_markets_traded=120.000  herfindahl_index_markets=0.038
11:46:14 [super]   #1250  0xf665e400d1f7ac9980ee15ab4fafc7e6e5867025  prob=0.0364 (raw=0.0310)  vol=$22  trades=4  first_trade=2025-12-10 17:34  winrate=0.125  n_markets_traded=8.000  herfindahl_index_markets=0.173
11:46:14 [super]   #1251  0xa965980468ba8b095d7472e13f9ef357576424c0  prob=0.0364 (raw=0.0310)  vol=$2  trades=3  first_trade=2025-11-30 12:07  winrate=0.350  n_markets_traded=20.000  herfindahl_index_markets=0.095
11:46:14 [super]   #1252  0xef344db35422868c240a9f52825f2f73f8796779  prob=0.0364 (raw=0.0309)  vol=$6  trades=2  first_trade=2025-12-18 20:24  winrate=0.000  n_markets_traded=9.000  herfindahl_index_markets=0.141
11:46:14 [super]   #1253  0x960d7f8d113455f46d4413c4ad96b73c317c41d0  prob=0.0364 (raw=0.0309)  vol=$24  trades=2  first_trade=2025-11-17 15:33  winrate=0.867  n_markets_traded=75.000  herfindahl_index_markets=0.946
11:46:14 [super]   #1254  0xd53e6b29f3951770782bc41a82c898ad8101e70c  prob=0.0364 (raw=0.0309)  vol=$290  trades=2  first_trade=2025-12-18 06:33  winrate=NaN  n_markets_traded=0.000  herfindahl_index_markets=0.000
11:46:14 [super]   #1255  0x3a584c457c6c5802d33cd95de9abb9d414997e08  prob=0.0364 (raw=0.0308)  vol=$3  trades=4  first_trade=2025-11-09 09:31  winrate=NaN  n_markets_traded=0.000  herfindahl_index_markets=0.000
11:46:14 [super]   #1256  0xaec38658ae47a6aabe8839f40e6d7da7996222df  prob=0.0364 (raw=0.0307)  vol=$139  trades=3  first_trade=2025-12-10 06:28  winrate=NaN  n_markets_traded=0.000  herfindahl_index_markets=0.000
11:46:14 [super]   #1257  0xd7b679bada2e77f1e0262825401f796a7734c7aa  prob=0.0364 (raw=0.0306)  vol=$2  trades=2  first_trade=2025-12-18 23:15  winrate=0.443  n_markets_traded=293.000  herfindahl_index_markets=0.013
11:46:14 [super]   #1258  0x1244b4619ce8b602153452e851d44009b5ed0068  prob=0.0364 (raw=0.0305)  vol=$55  trades=4  first_trade=2025-12-12 14:56  winrate=0.579  n_markets_traded=259.000  herfindahl_index_markets=0.030
11:46:14 [super]   #1259  0xa9dc94441d960bb5fc0215fd89c67c962efd9d49  prob=0.0364 (raw=0.0305)  vol=$4  trades=2  first_trade=2025-12-06 20:10  winrate=0.373  n_markets_traded=67.000  herfindahl_index_markets=0.141
11:46:14 [super]   #1260  0xe4e4ca1f7f36376e2b2bc681c3ba41ced77cda37  prob=0.0364 (raw=0.0305)  vol=$40  trades=2  first_trade=2025-12-19 11:05  winrate=0.811  n_markets_traded=53.000  herfindahl_index_markets=0.177
11:46:14 [super]   #1261  0x88ee7ed87158eae3872a413afe451c2de924cb6f  prob=0.0364 (raw=0.0304)  vol=$6  trades=2  first_trade=2025-11-10 10:57  winrate=0.678  n_markets_traded=87.000  herfindahl_index_markets=0.043
11:46:14 [super]   #1262  0x7b900d4557c9e5400aa7b9832fefb66afccf1d17  prob=0.0364 (raw=0.0304)  vol=$80  trades=10  first_trade=2025-11-07 20:04  winrate=NaN  n_markets_traded=0.000  herfindahl_index_markets=0.000
11:46:14 [super]   #1263  0xb428667e7a596e908181bcd0c2059171d6d213bf  prob=0.0364 (raw=0.0304)  vol=$1,000  trades=3  first_trade=2025-12-15 04:48  winrate=0.407  n_markets_traded=305.000  herfindahl_index_markets=0.006
11:46:14 [super]   #1264  0x7860c002eafd7b486ea29504cc7e8b628c9907a8  prob=0.0364 (raw=0.0304)  vol=$205  trades=4  first_trade=2025-11-07 22:26  winrate=0.525  n_markets_traded=190.000  herfindahl_index_markets=0.052
11:46:14 [super]   #1265  0x41741b0b5ee887eb48fce56f535c3ff43ba8c578  prob=0.0364 (raw=0.0304)  vol=$79  trades=6  first_trade=2025-12-13 20:43  winrate=0.357  n_markets_traded=14.000  herfindahl_index_markets=0.183
11:46:14 [super]   #1266  0x345eaf38a88fe2ccddfc19fd9c3752f76f931f62  prob=0.0363 (raw=0.0303)  vol=$8  trades=6  first_trade=2025-11-10 09:03  winrate=0.182  n_markets_traded=11.000  herfindahl_index_markets=0.507
11:46:14 [super]   #1267  0x604e43850248f9424f4129cb92966ac96e44f1cd  prob=0.0363 (raw=0.0302)  vol=$25  trades=3  first_trade=2025-12-13 18:10  winrate=0.562  n_markets_traded=176.000  herfindahl_index_markets=0.101
11:46:14 [super]   #1268  0x9b3445e5e299c9e827551ffbdc532f93afe1633c  prob=0.0363 (raw=0.0302)  vol=$18  trades=4  first_trade=2025-12-06 22:30  winrate=0.200  n_markets_traded=10.000  herfindahl_index_markets=0.323
11:46:14 [super]   #1269  0xc0d92c7177507c5acad54205cf8e638b64d9da5e  prob=0.0363 (raw=0.0301)  vol=$20,411  trades=35  first_trade=2025-12-12 06:38  winrate=0.745  n_markets_traded=777.000  herfindahl_index_markets=0.008
11:46:14 [super]   #1270  0x12062ffcd6f703d490876ce54a11c6646cafeaee  prob=0.0363 (raw=0.0301)  vol=$12  trades=12  first_trade=2025-12-19 07:14  winrate=NaN  n_markets_traded=0.000  herfindahl_index_markets=0.000
11:46:14 [super]   #1271  0x5607e051300abf498a988eab909dde03c899fd15  prob=0.0363 (raw=0.0300)  vol=$94  trades=12  first_trade=2025-12-11 07:01  winrate=0.652  n_markets_traded=111.000  herfindahl_index_markets=0.027
11:46:14 [super]   #1272  0xa8c6546b15ea317c2a76f72fb2245dc76b2110ab  prob=0.0363 (raw=0.0300)  vol=$2  trades=2  first_trade=2025-12-16 19:26  winrate=0.117  n_markets_traded=77.000  herfindahl_index_markets=0.023
11:46:14 [super]   #1273  0x2844412a16525f6d385ed7d7128c3ab480575aa1  prob=0.0363 (raw=0.0300)  vol=$150  trades=10  first_trade=2025-12-18 18:20  winrate=0.320  n_markets_traded=25.000  herfindahl_index_markets=0.100
11:46:14 [super]   #1274  0x39ec92941362e7a91346fb7242b9e2250425c3e9  prob=0.0363 (raw=0.0300)  vol=$654  trades=21  first_trade=2025-12-09 21:26  winrate=0.000  n_markets_traded=11.000  herfindahl_index_markets=0.130
11:46:14 [super]   #1275  0xf030841f46fe8e466db3156716dda072a211073d  prob=0.0363 (raw=0.0300)  vol=$4  trades=2  first_trade=2025-12-10 18:22  winrate=0.158  n_markets_traded=38.000  herfindahl_index_markets=0.045
11:46:14 [super]   #1276  0xcc7cc758832741d13ad773e7074215922e354ce2  prob=0.0363 (raw=0.0299)  vol=$169  trades=6  first_trade=2025-12-07 17:07  winrate=0.286  n_markets_traded=13.000  herfindahl_index_markets=0.114
11:46:14 [super]   #1277  0x928816742098ebfba0c753c9b44ef620a7ff5d5f  prob=0.0363 (raw=0.0299)  vol=$43  trades=6  first_trade=2025-12-10 12:37  winrate=0.419  n_markets_traded=62.000  herfindahl_index_markets=0.031
11:46:14 [super]   #1278  0x2c1b3e6d7c197c20224a4a6147666bb09becdebc  prob=0.0363 (raw=0.0299)  vol=$55  trades=3  first_trade=2025-12-18 21:33  winrate=0.000  n_markets_traded=2.000  herfindahl_index_markets=0.556
11:46:14 [super]   #1279  0xebadb1d0b6e705d9ec4a748d39413db8ff21f22b  prob=0.0363 (raw=0.0298)  vol=$4,793  trades=493  first_trade=2025-11-11 09:58  winrate=NaN  n_markets_traded=0.000  herfindahl_index_markets=0.000
11:46:14 [super]   #1280  0x6bb9b94236e10eaafe0b25afcc46d599be3e74bf  prob=0.0363 (raw=0.0298)  vol=$2,654  trades=33  first_trade=2025-12-08 05:30  winrate=0.394  n_markets_traded=104.000  herfindahl_index_markets=0.079
11:46:14 [super]   #1281  0xd61b54fec84c751175d8e5e4aa0114d7d11c92b9  prob=0.0363 (raw=0.0297)  vol=$36  trades=8  first_trade=2025-11-03 13:01  winrate=NaN  n_markets_traded=0.000  herfindahl_index_markets=0.000
11:46:14 [super]   #1282  0x483eacfc457e8868f322dcf73d5554c491b5086c  prob=0.0363 (raw=0.0297)  vol=$2  trades=2  first_trade=2025-12-19 09:19  winrate=0.534  n_markets_traded=58.000  herfindahl_index_markets=0.026
11:46:14 [super]   #1283  0xc6fa9a0058f324cf4d33e7ddd4f0b957e5d551e5  prob=0.0363 (raw=0.0297)  vol=$12  trades=3  first_trade=2025-12-10 21:21  winrate=NaN  n_markets_traded=0.000  herfindahl_index_markets=0.000
11:46:14 [super]   #1284  0xf132ea8a3a303a89e274703bd4d6f77df9a68624  prob=0.0363 (raw=0.0296)  vol=$33  trades=3  first_trade=2025-11-06 00:03  winrate=0.300  n_markets_traded=10.000  herfindahl_index_markets=0.141
11:46:14 [super]   #1285  0x68d8dbf216c89732facc2aa3256e9b04d2f2ce04  prob=0.0362 (raw=0.0296)  vol=$22  trades=2  first_trade=2025-12-15 06:03  winrate=0.568  n_markets_traded=44.000  herfindahl_index_markets=0.066
11:46:14 [super]   #1286  0x67f30736ea9a4ea15973462e6f508b9e661cd9bb  prob=0.0362 (raw=0.0295)  vol=$20  trades=4  first_trade=2025-11-14 17:28  winrate=0.412  n_markets_traded=17.000  herfindahl_index_markets=0.170
11:46:14 [super]   #1287  0x32cac68c2239c7b47b9b0de11fd4fdec19fa2632  prob=0.0362 (raw=0.0295)  vol=$395  trades=5  first_trade=2025-12-14 21:04  winrate=0.300  n_markets_traded=10.000  herfindahl_index_markets=0.331
11:46:14 [super]   #1288  0x6e1af9b3b5314309e81ad20ad14e9b402744abda  prob=0.0362 (raw=0.0295)  vol=$3,841  trades=41  first_trade=2025-12-03 22:51  winrate=0.182  n_markets_traded=20.000  herfindahl_index_markets=0.188
11:46:14 [super]   #1289  0x06a9c50ef909e3b2960a003f7a93551018983b80  prob=0.0362 (raw=0.0295)  vol=$1,514  trades=9  first_trade=2025-12-12 10:51  winrate=0.359  n_markets_traded=145.000  herfindahl_index_markets=0.071
11:46:14 [super]   #1290  0x252118a607962578aaf7efc717917358b0f457a1  prob=0.0362 (raw=0.0295)  vol=$2,974  trades=20  first_trade=2025-12-10 17:25  winrate=0.500  n_markets_traded=4.000  herfindahl_index_markets=0.729
11:46:14 [super]   #1291  0x3c6de8a2878067e95c54442c87a0725548a17a1e  prob=0.0362 (raw=0.0294)  vol=$4  trades=4  first_trade=2025-12-05 16:17  winrate=0.081  n_markets_traded=37.000  herfindahl_index_markets=0.053
11:46:14 [super]   #1292  0x2cf0a0a493ef9b3acb0cb567b3cd7fc7b70948ff  prob=0.0362 (raw=0.0294)  vol=$56  trades=8  first_trade=2025-12-10 15:23  winrate=0.000  n_markets_traded=5.000  herfindahl_index_markets=0.216
11:46:14 [super]   #1293  0xc8aeea557036fbb49ab54c2dfd966c661fc8f471  prob=0.0362 (raw=0.0294)  vol=$1,188  trades=31  first_trade=2025-12-04 17:22  winrate=NaN  n_markets_traded=0.000  herfindahl_index_markets=0.000
11:46:14 [super]   #1294  0x6c7ffa642a596f06dd29240a216f9bfdba24e896  prob=0.0362 (raw=0.0293)  vol=$25  trades=4  first_trade=2025-12-12 15:06  winrate=0.500  n_markets_traded=56.000  herfindahl_index_markets=0.062
11:46:14 [super]   #1295  0xb4253ed325dcf080cb3d5a2e62470922cddfc80b  prob=0.0362 (raw=0.0292)  vol=$23  trades=11  first_trade=2025-12-17 18:12  winrate=NaN  n_markets_traded=0.000  herfindahl_index_markets=0.000
11:46:14 [super]   #1296  0x7c426474a2e3ef9240572c78aeb8aec6b7c448a2  prob=0.0362 (raw=0.0292)  vol=$10  trades=2  first_trade=2025-12-13 17:24  winrate=0.679  n_markets_traded=232.000  herfindahl_index_markets=0.031
11:46:14 [super]   #1297  0x149f91a2622dccde7380d76695ce8a964e8ad306  prob=0.0362 (raw=0.0292)  vol=$20  trades=4  first_trade=2025-12-12 11:19  winrate=NaN  n_markets_traded=0.000  herfindahl_index_markets=0.000
11:46:14 [super]   #1298  0xd65b3f60e3f96a371402761aaab20164a21624ac  prob=0.0362 (raw=0.0292)  vol=$2  trades=2  first_trade=2025-12-13 16:22  winrate=0.450  n_markets_traded=19.000  herfindahl_index_markets=0.096
11:46:14 [super]   #1299  0x451eb81cd84497af59664d6c2d3c90d647bfb9b6  prob=0.0362 (raw=0.0292)  vol=$38  trades=4  first_trade=2025-12-19 01:36  winrate=0.508  n_markets_traded=60.000  herfindahl_index_markets=0.043
11:46:14 [super]   #1300  0x4e7899062b07d493b6a1d418bf0c46d445f97827  prob=0.0362 (raw=0.0292)  vol=$74  trades=5  first_trade=2025-10-09 12:32  winrate=0.000  n_markets_traded=15.000  herfindahl_index_markets=0.086
11:46:14 [super]   #1301  0x0218c0a9bce8ce3e67d5b49550d3840c202d52c0  prob=0.0361 (raw=0.0289)  vol=$77  trades=14  first_trade=2025-12-09 22:36  winrate=NaN  n_markets_traded=0.000  herfindahl_index_markets=0.000
11:46:14 [super]   #1302  0x96b25553bcfce1f38c7b5663c1f2ed5516117ec0  prob=0.0361 (raw=0.0289)  vol=$19  trades=2  first_trade=2025-12-19 01:28  winrate=0.508  n_markets_traded=59.000  herfindahl_index_markets=0.692
11:46:14 [super]   #1303  0xdbe451dce7df61d78f5850d50e3b7c85a79e6032  prob=0.0361 (raw=0.0288)  vol=$54  trades=5  first_trade=2025-12-10 17:00  winrate=0.526  n_markets_traded=19.000  herfindahl_index_markets=0.073
11:46:14 [super]   #1304  0x874323cb9dd74baa8fb98a44b9589f5e2769ec48  prob=0.0361 (raw=0.0287)  vol=$2  trades=3  first_trade=2025-12-18 16:53  winrate=0.273  n_markets_traded=11.000  herfindahl_index_markets=0.304
11:46:14 [super]   #1305  0x205cf997cca06e393d887164e0cac14e29c1f554  prob=0.0361 (raw=0.0287)  vol=$5  trades=2  first_trade=2025-12-06 18:05  winrate=0.469  n_markets_traded=244.000  herfindahl_index_markets=0.012
11:46:14 [super]   #1306  0x7a7781fb81392e8f651f5566c1191e10fc20a15c  prob=0.0361 (raw=0.0287)  vol=$40  trades=4  first_trade=2025-11-11 05:46  winrate=0.357  n_markets_traded=14.000  herfindahl_index_markets=0.085
11:46:14 [super]   #1307  0x40fd6b037a84e50d428c95f0139c9462d7cbd563  prob=0.0361 (raw=0.0287)  vol=$6  trades=2  first_trade=2025-12-19 04:17  winrate=0.471  n_markets_traded=51.000  herfindahl_index_markets=0.524
11:46:14 [super]   #1308  0xd936ca8a25488a5da75918c5a6531bfa50b1e4d3  prob=0.0361 (raw=0.0286)  vol=$3  trades=3  first_trade=2025-12-19 06:48  winrate=0.636  n_markets_traded=22.000  herfindahl_index_markets=0.305
11:46:14 [super]   #1309  0xc29d52de8cf96695e46ad5af1935f9af00ec3352  prob=0.0361 (raw=0.0286)  vol=$97  trades=5  first_trade=2025-12-17 05:43  winrate=0.349  n_markets_traded=149.000  herfindahl_index_markets=0.025
11:46:14 [super]   #1310  0xd62b29f183463070275512de5818949f90902583  prob=0.0361 (raw=0.0285)  vol=$1  trades=2  first_trade=2025-10-23 05:58  winrate=0.286  n_markets_traded=7.000  herfindahl_index_markets=0.156
11:46:14 [super]   #1311  0x1a1cce4a755fe70778f275ffc74cc19186ecc03a  prob=0.0361 (raw=0.0285)  vol=$96  trades=6  first_trade=2025-12-09 20:18  winrate=0.325  n_markets_traded=79.000  herfindahl_index_markets=0.018
11:46:14 [super]   #1312  0x710723b1c7d0ee7fb2f0ad456f573942e0470ff8  prob=0.0361 (raw=0.0285)  vol=$93  trades=2  first_trade=2025-12-19 03:03  winrate=0.471  n_markets_traded=87.000  herfindahl_index_markets=0.091
11:46:14 [super]   #1313  0x7bdb0a102ca42fdf02090aae0de22841fcf6e8e8  prob=0.0361 (raw=0.0284)  vol=$1  trades=2  first_trade=2025-12-05 03:15  winrate=0.176  n_markets_traded=51.000  herfindahl_index_markets=0.033
11:46:14 [super]   #1314  0xd0293eda39f932c8638eab20ad48fd6305668270  prob=0.0361 (raw=0.0284)  vol=$2  trades=2  first_trade=2025-12-11 02:48  winrate=0.045  n_markets_traded=22.000  herfindahl_index_markets=0.152
11:46:14 [super]   #1315  0x9672ae7f411dfc5e944806644a70eac31bee6358  prob=0.0361 (raw=0.0284)  vol=$5  trades=2  first_trade=2025-12-17 18:43  winrate=0.038  n_markets_traded=26.000  herfindahl_index_markets=0.053
11:46:14 [super]   #1316  0x154416db885476210d34fada903452e0d32a6f27  prob=0.0361 (raw=0.0284)  vol=$910  trades=4  first_trade=2025-12-19 12:07  winrate=NaN  n_markets_traded=0.000  herfindahl_index_markets=0.000
11:46:14 [super]   #1317  0x0aae5c4ec45339a64a1dd2fe4ba98c2a19eb251c  prob=0.0361 (raw=0.0283)  vol=$2,293  trades=6  first_trade=2025-12-05 22:58  winrate=NaN  n_markets_traded=0.000  herfindahl_index_markets=0.000
11:46:14 [super]   #1318  0x21c9593b82f51a2bfd9630475b6029c5ae6e1b1a  prob=0.0360 (raw=0.0283)  vol=$4,111  trades=15  first_trade=2025-11-20 17:38  winrate=0.484  n_markets_traded=31.000  herfindahl_index_markets=0.077
11:46:14 [super]   #1319  0x2feac06dd5e466d9d6838dd231587834e03c3bde  prob=0.0360 (raw=0.0282)  vol=$11  trades=3  first_trade=2025-12-12 22:41  winrate=0.418  n_markets_traded=67.000  herfindahl_index_markets=0.055
11:46:14 [super]   #1320  0x95d602f4b4ff6c80e7c500f39538fcb592d69aea  prob=0.0360 (raw=0.0282)  vol=$3,995  trades=70  first_trade=2025-12-03 22:49  winrate=0.082  n_markets_traded=188.000  herfindahl_index_markets=0.016
11:46:14 [super]   #1321  0x7c19c363350b7d23e592875d1a4d9982565e5ae9  prob=0.0360 (raw=0.0282)  vol=$152  trades=4  first_trade=2025-12-13 11:43  winrate=0.778  n_markets_traded=27.000  herfindahl_index_markets=0.267
11:46:14 [super]   #1322  0x5073f9dffdd472dbd7d98871381373242458ca40  prob=0.0360 (raw=0.0282)  vol=$28  trades=6  first_trade=2025-10-22 12:57  winrate=0.494  n_markets_traded=77.000  herfindahl_index_markets=0.029
11:46:14 [super]   #1323  0x442d6cb25b2200682d6ba45050ca4cdb6356523e  prob=0.0360 (raw=0.0281)  vol=$8  trades=6  first_trade=2025-12-05 01:35  winrate=NaN  n_markets_traded=0.000  herfindahl_index_markets=0.000
11:46:14 [super]   #1324  0x05904c2aa5990ac09a80494a798b4c102f48368d  prob=0.0360 (raw=0.0281)  vol=$424  trades=8  first_trade=2025-12-07 15:14  winrate=0.250  n_markets_traded=12.000  herfindahl_index_markets=0.156
11:46:14 [super]   #1325  0x8d14dcc4281128cd149d73d3369e2fa999a44938  prob=0.0360 (raw=0.0281)  vol=$12  trades=2  first_trade=2025-12-06 16:36  winrate=0.078  n_markets_traded=62.000  herfindahl_index_markets=0.028
11:46:14 [super]   #1326  0xd9925d354b9c153539dcedc16d18384eda1896c0  prob=0.0360 (raw=0.0280)  vol=$20  trades=2  first_trade=2025-12-11 13:24  winrate=NaN  n_markets_traded=0.000  herfindahl_index_markets=0.000
11:46:14 [super]   #1327  0x4b609f6d6b528e65778e757edca6c5b95ec94870  prob=0.0360 (raw=0.0280)  vol=$4  trades=2  first_trade=2025-11-11 00:54  winrate=0.071  n_markets_traded=28.000  herfindahl_index_markets=0.047
11:46:14 [super]   #1328  0xc58bdb43b9cc1c01ad5f3b9f4c6d9562671a90fc  prob=0.0360 (raw=0.0280)  vol=$3  trades=4  first_trade=2025-11-10 19:35  winrate=0.000  n_markets_traded=5.000  herfindahl_index_markets=0.224
11:46:14 [super]   #1329  0xc63493cbc203731c665da9f91ac68c136dd53b28  prob=0.0360 (raw=0.0279)  vol=$6  trades=4  first_trade=2025-10-22 13:23  winrate=0.154  n_markets_traded=26.000  herfindahl_index_markets=0.074
11:46:14 [super]   #1330  0x24810c7d9797e386f06500e30c1ff2dd9744878d  prob=0.0360 (raw=0.0279)  vol=$42  trades=9  first_trade=2025-12-07 00:10  winrate=0.200  n_markets_traded=25.000  herfindahl_index_markets=0.051
11:46:14 [super]   #1331  0xf740ea6539c0e0603db1825e5c9ed0a4d9bf09c1  prob=0.0360 (raw=0.0278)  vol=$126  trades=10  first_trade=2025-12-19 11:41  winrate=0.053  n_markets_traded=19.000  herfindahl_index_markets=0.101
11:46:14 [super]   #1332  0x6557db6d5bb7975e02c3849fd7f575bc09a7f588  prob=0.0360 (raw=0.0278)  vol=$12  trades=2  first_trade=2025-12-12 03:26  winrate=0.280  n_markets_traded=25.000  herfindahl_index_markets=0.057
11:46:14 [super]   #1333  0xf811ad845a92f7ea57b65eac6fa89d16441969ba  prob=0.0360 (raw=0.0278)  vol=$80  trades=2  first_trade=2025-11-04 01:09  winrate=NaN  n_markets_traded=0.000  herfindahl_index_markets=0.000
11:46:14 [super]   #1334  0x601c5464dac5cfbaa6c2e264fda390bff08404ef  prob=0.0360 (raw=0.0277)  vol=$883  trades=18  first_trade=2025-12-17 09:11  winrate=0.333  n_markets_traded=3.000  herfindahl_index_markets=0.687
11:46:14 [super]   #1335  0xe6a41ddabde1512c3b1f73ecf619f4af1540cd45  prob=0.0360 (raw=0.0277)  vol=$4  trades=2  first_trade=2025-12-03 20:43  winrate=0.115  n_markets_traded=52.000  herfindahl_index_markets=0.038
11:46:14 [super]   #1336  0x82ce70852ca2c127047fa0800a09081b43d8f38a  prob=0.0360 (raw=0.0277)  vol=$1,088  trades=2  first_trade=2025-12-17 17:06  winrate=0.450  n_markets_traded=488.000  herfindahl_index_markets=0.008
11:46:14 [super]   #1337  0x90abdcf39fcf9fe70a3b570fa0b86c61079aded1  prob=0.0360 (raw=0.0277)  vol=$2,267  trades=5  first_trade=2025-12-18 06:33  winrate=0.402  n_markets_traded=117.000  herfindahl_index_markets=0.109
11:46:14 [super]   #1338  0xb78be9d930e995e0ed7354875c532e8571997b03  prob=0.0360 (raw=0.0276)  vol=$16  trades=4  first_trade=2025-11-07 20:04  winrate=0.571  n_markets_traded=20.000  herfindahl_index_markets=0.250
11:46:14 [super]   #1339  0x672922f850bcf4eb61721c7cad1940fc0738a625  prob=0.0359 (raw=0.0276)  vol=$15  trades=3  first_trade=2025-12-18 19:46  winrate=0.250  n_markets_traded=12.000  herfindahl_index_markets=0.127
11:46:14 [super]   #1340  0x3232dbd048b62d84dbe5cde4c414e1d88a419a60  prob=0.0359 (raw=0.0275)  vol=$4  trades=2  first_trade=2025-12-17 16:27  winrate=0.683  n_markets_traded=60.000  herfindahl_index_markets=0.045
11:46:14 [super]   #1341  0x8592b52e3e2937d791a14b2e2ba0d02276fab379  prob=0.0359 (raw=0.0273)  vol=$3  trades=4  first_trade=2025-12-17 15:10  winrate=0.000  n_markets_traded=39.000  herfindahl_index_markets=0.064
11:46:14 [super]   #1342  0x39056d00cbd08321eb45bc59064d0b58946c6022  prob=0.0359 (raw=0.0272)  vol=$755  trades=11  first_trade=2025-10-22 20:50  winrate=0.043  n_markets_traded=47.000  herfindahl_index_markets=0.282
11:46:14 [super]   #1343  0x4eb3a95cebb2bb93435e9654cb561a2bd0e93061  prob=0.0359 (raw=0.0272)  vol=$12  trades=5  first_trade=2025-12-19 12:46  winrate=0.130  n_markets_traded=23.000  herfindahl_index_markets=0.134
11:46:14 [super]   #1344  0xa0ec6fc79abb0bc05ebe85c1d61c61b816642ec6  prob=0.0359 (raw=0.0272)  vol=$4  trades=2  first_trade=2025-12-19 09:31  winrate=0.507  n_markets_traded=147.000  herfindahl_index_markets=0.016
11:46:14 [super]   #1345  0x7b170e3b94d7fc150f90e992ba35c729645a2b4a  prob=0.0359 (raw=0.0272)  vol=$26  trades=3  first_trade=2025-12-09 17:51  winrate=0.083  n_markets_traded=12.000  herfindahl_index_markets=0.132
11:46:14 [super]   #1346  0x8b337955d29e08836cf5ed61c0e9831c16e26fc2  prob=0.0359 (raw=0.0271)  vol=$121  trades=2  first_trade=2025-12-12 18:45  winrate=0.000  n_markets_traded=3.000  herfindahl_index_markets=0.570
11:46:14 [super]   #1347  0x46b02ec32a9d357e9bda87b96b1243c29acaccec  prob=0.0359 (raw=0.0271)  vol=$29  trades=4  first_trade=2025-10-23 14:59  winrate=0.386  n_markets_traded=261.000  herfindahl_index_markets=0.082
11:46:14 [super]   #1348  0x7d8dbef9cb6ec82b759a6c6642ede8e23b5ea96c  prob=0.0359 (raw=0.0270)  vol=$22  trades=6  first_trade=2025-12-05 05:02  winrate=NaN  n_markets_traded=0.000  herfindahl_index_markets=0.000
11:46:14 [super]   #1349  0x5fb34f1c6a5f3589881e8f2d1781629da4efe7a7  prob=0.0358 (raw=0.0269)  vol=$28  trades=4  first_trade=2025-12-14 05:31  winrate=0.571  n_markets_traded=35.000  herfindahl_index_markets=0.566
11:46:14 [super]   #1350  0xbae0e0453264bea0d8767d2a5907b6a692205cd6  prob=0.0358 (raw=0.0268)  vol=$9  trades=2  first_trade=2025-11-18 04:38  winrate=NaN  n_markets_traded=0.000  herfindahl_index_markets=0.000
11:46:14 [super]   #1351  0xb9ff64cc1241ae25b165927ffc871ca7faae5e00  prob=0.0358 (raw=0.0267)  vol=$254  trades=6  first_trade=2025-10-22 11:42  winrate=0.433  n_markets_traded=95.000  herfindahl_index_markets=0.027
11:46:14 [super]   #1352  0xb8e69b66c2a4d26db7b602d8f170dfb46b8f9767  prob=0.0358 (raw=0.0266)  vol=$256  trades=5  first_trade=2025-10-22 19:47  winrate=NaN  n_markets_traded=0.000  herfindahl_index_markets=0.000
11:46:14 [super]   #1353  0xcdbfdac42aeac5837d105e255c1131e7bf751926  prob=0.0358 (raw=0.0266)  vol=$862  trades=12  first_trade=2025-10-17 03:39  winrate=NaN  n_markets_traded=0.000  herfindahl_index_markets=0.000
11:46:14 [super]   #1354  0x9e07cd6f2a932be0b0e59a2993e48b4abebafa47  prob=0.0358 (raw=0.0266)  vol=$406  trades=6  first_trade=2025-11-29 17:25  winrate=0.125  n_markets_traded=8.000  herfindahl_index_markets=0.182
11:46:14 [super]   #1355  0xbbd5e37dd61c79f69f125116913745a8767ab926  prob=0.0358 (raw=0.0265)  vol=$22  trades=3  first_trade=2025-10-22 13:21  winrate=0.000  n_markets_traded=3.000  herfindahl_index_markets=0.495
11:46:14 [super]   #1356  0x28ff896c22dfdbb2e2623af50ec495ec36cf43ad  prob=0.0358 (raw=0.0265)  vol=$6  trades=8  first_trade=2025-12-05 04:34  winrate=0.000  n_markets_traded=12.000  herfindahl_index_markets=0.132
11:46:14 [super]   #1357  0xfa60be8cc3828b975a78335bc739b92185d861f9  prob=0.0358 (raw=0.0265)  vol=$43  trades=8  first_trade=2025-12-12 19:36  winrate=0.250  n_markets_traded=4.000  herfindahl_index_markets=0.315
11:46:14 [super]   #1358  0x00c6665a5e296ad9d25733dc6fefafc3692d7d8c  prob=0.0358 (raw=0.0264)  vol=$36  trades=6  first_trade=2025-12-13 12:32  winrate=0.300  n_markets_traded=30.000  herfindahl_index_markets=0.077
11:46:14 [super]   #1359  0xcb59ea1babf3b26ea50088057e427ab0ed8f0a22  prob=0.0358 (raw=0.0264)  vol=$666  trades=11  first_trade=2025-12-18 23:58  winrate=NaN  n_markets_traded=0.000  herfindahl_index_markets=0.000
11:46:14 [super]   #1360  0x898db1b5492b5aa4f2982911c278e3ebe86a261d  prob=0.0358 (raw=0.0263)  vol=$71  trades=5  first_trade=2025-12-09 19:54  winrate=0.303  n_markets_traded=33.000  herfindahl_index_markets=0.142
11:46:14 [super]   #1361  0x3187d4b78d58c3cc904d8dbf5c03f1ebd33af2ec  prob=0.0358 (raw=0.0263)  vol=$17  trades=2  first_trade=2025-12-05 20:02  winrate=0.250  n_markets_traded=4.000  herfindahl_index_markets=0.833
11:46:14 [super]   #1362  0x27af23b1ca9344c20999ac4c3fb000bac43b1d65  prob=0.0357 (raw=0.0263)  vol=$28  trades=2  first_trade=2025-12-14 16:53  winrate=0.125  n_markets_traded=8.000  herfindahl_index_markets=0.151
11:46:14 [super]   #1363  0x3afb924c90ed59dbee36288a77a9f2df8fd78296  prob=0.0357 (raw=0.0263)  vol=$6  trades=2  first_trade=2025-12-13 13:11  winrate=0.418  n_markets_traded=180.000  herfindahl_index_markets=0.021
11:46:14 [super]   #1364  0x8dbc7d850703416061b36e95e3f555407f927032  prob=0.0357 (raw=0.0262)  vol=$69  trades=5  first_trade=2025-12-19 09:51  winrate=0.071  n_markets_traded=28.000  herfindahl_index_markets=0.083
11:46:14 [super]   #1365  0xa14b6414da5add0697e29ede3ce81aadf134daa9  prob=0.0357 (raw=0.0262)  vol=$37  trades=5  first_trade=2025-12-13 06:34  winrate=0.000  n_markets_traded=74.000  herfindahl_index_markets=0.014
11:46:14 [super]   #1366  0x6c0790e428cf3ca27387cf2e89c4133921fae0a9  prob=0.0357 (raw=0.0261)  vol=$254  trades=3  first_trade=2025-12-12 20:55  winrate=0.556  n_markets_traded=8.000  herfindahl_index_markets=0.448
11:46:14 [super]   #1367  0x0aee9f817aec6ebf4738a8271cd00098cccf7450  prob=0.0357 (raw=0.0261)  vol=$9  trades=4  first_trade=2025-12-18 00:33  winrate=0.059  n_markets_traded=17.000  herfindahl_index_markets=0.125
11:46:14 [super]   #1368  0x6076f8ee45dd0b43f8ef1e143d4b434b0702f8fd  prob=0.0357 (raw=0.0261)  vol=$617  trades=17  first_trade=2025-12-12 09:14  winrate=NaN  n_markets_traded=0.000  herfindahl_index_markets=0.000
11:46:14 [super]   #1369  0x867af3ea57b94952b0fcd6dff71726795dde37a8  prob=0.0357 (raw=0.0259)  vol=$19  trades=10  first_trade=2025-12-10 16:35  winrate=0.417  n_markets_traded=24.000  herfindahl_index_markets=0.083
11:46:14 [super]   #1370  0xfa26dfaa44dc06cea5e97b53475ff533292f643e  prob=0.0357 (raw=0.0259)  vol=$10  trades=4  first_trade=2025-11-15 02:06  winrate=0.062  n_markets_traded=16.000  herfindahl_index_markets=0.131
11:46:14 [super]   #1371  0x6872a3299419476dec4eff87801d4a95093940d1  prob=0.0357 (raw=0.0258)  vol=$26  trades=3  first_trade=2025-12-12 13:11  winrate=0.581  n_markets_traded=356.000  herfindahl_index_markets=0.005
11:46:14 [super]   #1372  0x06ecb7e739f5455922ce57e83284f132c7f0f845  prob=0.0357 (raw=0.0258)  vol=$56,080  trades=23  first_trade=2025-12-19 00:24  winrate=0.679  n_markets_traded=102.000  herfindahl_index_markets=0.066
11:46:14 [super]   #1373  0x146054c14863522b8bbe0b28eee05fa04219d60b  prob=0.0357 (raw=0.0258)  vol=$1,003  trades=41  first_trade=2025-12-09 08:47  winrate=0.500  n_markets_traded=32.000  herfindahl_index_markets=0.048
11:46:14 [super]   #1374  0xd5f846515243f91280963a71a66b1fbb0740ac7b  prob=0.0357 (raw=0.0257)  vol=$610  trades=27  first_trade=2025-12-18 06:10  winrate=NaN  n_markets_traded=0.000  herfindahl_index_markets=0.000
11:46:14 [super]   #1375  0x5ea751e05545bf168005d35989ac1fe3e50945c5  prob=0.0357 (raw=0.0257)  vol=$2  trades=2  first_trade=2025-12-17 20:09  winrate=0.121  n_markets_traded=33.000  herfindahl_index_markets=0.210
11:46:14 [super]   #1376  0x6157ae001bb0d19241c3aa5e7ec121f1ad3f5680  prob=0.0357 (raw=0.0257)  vol=$13  trades=4  first_trade=2025-10-24 00:01  winrate=0.000  n_markets_traded=2.000  herfindahl_index_markets=0.832
11:46:14 [super]   #1377  0x34379b9a574de6c5f05b3216a315fbf5b707f8f3  prob=0.0357 (raw=0.0257)  vol=$13  trades=2  first_trade=2025-12-18 09:43  winrate=NaN  n_markets_traded=0.000  herfindahl_index_markets=0.000
11:46:14 [super]   #1378  0x550ecd0a8af0143752f4f2d0f6b0614cea752898  prob=0.0357 (raw=0.0257)  vol=$46  trades=2  first_trade=2025-12-19 12:20  winrate=0.533  n_markets_traded=15.000  herfindahl_index_markets=0.074
11:46:14 [super]   #1379  0xf73e9d00a5b5c0a483775925870ef42f72451bd0  prob=0.0357 (raw=0.0257)  vol=$1,043  trades=33  first_trade=2025-12-09 21:39  winrate=0.720  n_markets_traded=25.000  herfindahl_index_markets=0.096
11:46:14 [super]   #1380  0xf6b48a48a638830032dfefd194e135d74c032a5c  prob=0.0357 (raw=0.0256)  vol=$94  trades=2  first_trade=2025-12-09 02:44  winrate=0.000  n_markets_traded=14.000  herfindahl_index_markets=0.620
11:46:14 [super]   #1381  0x432bed835b4916ebc3ed3df019318daa4560eebf  prob=0.0356 (raw=0.0255)  vol=$7  trades=8  first_trade=2025-12-05 03:14  winrate=0.026  n_markets_traded=38.000  herfindahl_index_markets=0.032
11:46:14 [super]   #1382  0x506d01c101d54ca9d6bbc0c9456eb4a2ab386654  prob=0.0356 (raw=0.0254)  vol=$371  trades=10  first_trade=2025-12-10 12:31  winrate=0.506  n_markets_traded=79.000  herfindahl_index_markets=0.037
11:46:14 [super]   #1383  0x341b21f4c10bb629afe74d6ccb1002002072c4b0  prob=0.0356 (raw=0.0254)  vol=$2  trades=2  first_trade=2025-11-07 14:05  winrate=0.029  n_markets_traded=34.000  herfindahl_index_markets=0.029
11:46:14 [super]   #1384  0x4cd31daef98a5422d268871f3e64b2ca779e476f  prob=0.0356 (raw=0.0254)  vol=$67  trades=5  first_trade=2025-11-09 13:34  winrate=0.259  n_markets_traded=54.000  herfindahl_index_markets=0.086
11:46:14 [super]   #1385  0xcfc302e5d71062b2cd2d50c15041424c9c2da6b0  prob=0.0356 (raw=0.0253)  vol=$8  trades=3  first_trade=2025-12-09 11:06  winrate=0.839  n_markets_traded=110.000  herfindahl_index_markets=0.089
11:46:14 [super]   #1386  0x054652452ddff7e15096e3425539ca3b7edd594b  prob=0.0356 (raw=0.0252)  vol=$30  trades=3  first_trade=2025-11-29 06:04  winrate=0.333  n_markets_traded=15.000  herfindahl_index_markets=0.075
11:46:14 [super]   #1387  0x2caef858588c70e33cbbc8ddb1891522b47aff6c  prob=0.0356 (raw=0.0252)  vol=$24  trades=7  first_trade=2025-12-01 06:35  winrate=0.344  n_markets_traded=60.000  herfindahl_index_markets=0.074
11:46:14 [super]   #1388  0x317a9f159e6c7160f833b1a77287f2b73c73526f  prob=0.0356 (raw=0.0252)  vol=$4  trades=2  first_trade=2025-12-02 06:53  winrate=0.333  n_markets_traded=48.000  herfindahl_index_markets=0.032
11:46:14 [super]   #1389  0x92436c892f600e3667984e0f94e49794d025cf80  prob=0.0356 (raw=0.0252)  vol=$4  trades=2  first_trade=2025-12-13 00:35  winrate=0.353  n_markets_traded=17.000  herfindahl_index_markets=0.152
11:46:14 [super]   #1390  0xf151a4d41ced0a6b676736f89bfc86d146b07011  prob=0.0356 (raw=0.0251)  vol=$55  trades=2  first_trade=2025-12-16 03:58  winrate=0.417  n_markets_traded=12.000  herfindahl_index_markets=0.289
11:46:14 [super]   #1391  0x2f61debc4c217cdb8907eca13e9b0e45d436bb12  prob=0.0356 (raw=0.0251)  vol=$372  trades=17  first_trade=2025-11-10 06:17  winrate=0.509  n_markets_traded=57.000  herfindahl_index_markets=0.056
11:46:14 [super]   #1392  0x258e681d87589a3f6e3a89d1a4713672a1310ad7  prob=0.0356 (raw=0.0251)  vol=$21  trades=4  first_trade=2025-10-25 18:05  winrate=0.308  n_markets_traded=221.000  herfindahl_index_markets=0.010
11:46:14 [super]   #1393  0xdeed98b0d90aa5d910216571bfb2b00e1bb5a865  prob=0.0356 (raw=0.0250)  vol=$20  trades=2  first_trade=2025-12-10 21:19  winrate=0.102  n_markets_traded=59.000  herfindahl_index_markets=0.072
11:46:14 [super]   #1394  0x43bc2eecd5df40d1eeba868e3402aaa9388ea50a  prob=0.0356 (raw=0.0250)  vol=$260  trades=4  first_trade=2025-12-12 09:05  winrate=0.550  n_markets_traded=40.000  herfindahl_index_markets=0.044
11:46:14 [super]   #1395  0x5cfa876fc9af962d0794cc1a7727c106f543f7c3  prob=0.0356 (raw=0.0249)  vol=$3  trades=4  first_trade=2025-12-05 03:14  winrate=0.000  n_markets_traded=38.000  herfindahl_index_markets=0.029
11:46:14 [super]   #1396  0xbe446b960f69fb402eaf2d6d481cd374935bfdf9  prob=0.0356 (raw=0.0249)  vol=$3  trades=4  first_trade=2025-12-05 03:14  winrate=0.000  n_markets_traded=43.000  herfindahl_index_markets=0.029
11:46:14 [super]   #1397  0xe26b12caf9796918a54d6aa8efd7dd4527d1bee7  prob=0.0355 (raw=0.0249)  vol=$120  trades=2  first_trade=2025-12-17 20:53  winrate=0.143  n_markets_traded=63.000  herfindahl_index_markets=0.104
11:46:14 [super]   #1398  0x9c6061667de5d457750fbbdffad60f5ef19e9c5e  prob=0.0355 (raw=0.0249)  vol=$1,414  trades=17  first_trade=2025-12-05 14:35  winrate=0.654  n_markets_traded=50.000  herfindahl_index_markets=0.069
11:46:14 [super]   #1399  0xdefa10cb140b8369bae0ba613a8ee128e1fefa0c  prob=0.0355 (raw=0.0248)  vol=$2  trades=2  first_trade=2025-12-15 03:11  winrate=0.732  n_markets_traded=56.000  herfindahl_index_markets=0.050
11:46:14 [super]   #1400  0x68308d4a9436a8df755de7052a253421d58e74a9  prob=0.0355 (raw=0.0248)  vol=$40  trades=3  first_trade=2025-12-19 04:39  winrate=0.087  n_markets_traded=23.000  herfindahl_index_markets=0.104
11:46:14 [super]   #1401  0xa2703b5f8a435317bf5743afc34d6bfdfe7d6e71  prob=0.0355 (raw=0.0247)  vol=$42  trades=11  first_trade=2025-12-19 00:26  winrate=0.714  n_markets_traded=42.000  herfindahl_index_markets=0.071
11:46:14 [super]   #1402  0xc8e43a4228eafc88f427371b847bb4edf7d4ce3e  prob=0.0355 (raw=0.0247)  vol=$43  trades=9  first_trade=2025-10-23 15:40  winrate=0.250  n_markets_traded=24.000  herfindahl_index_markets=0.069
11:46:14 [super]   #1403  0x26a8a715a7cfbe61e3a786ca241e4078214d2726  prob=0.0355 (raw=0.0246)  vol=$341  trades=19  first_trade=2025-12-07 19:10  winrate=0.354  n_markets_traded=47.000  herfindahl_index_markets=0.047
11:46:14 [super]   #1404  0xe6f2c63623fb8761b3f34de01d5befb0a47db3dd  prob=0.0355 (raw=0.0245)  vol=$94  trades=53  first_trade=2025-12-13 22:29  winrate=0.316  n_markets_traded=19.000  herfindahl_index_markets=0.108
11:46:14 [super]   #1405  0x35ab5071b68912c8e8a536449c637810036f5a73  prob=0.0355 (raw=0.0245)  vol=$445  trades=23  first_trade=2025-12-07 23:45  winrate=0.327  n_markets_traded=55.000  herfindahl_index_markets=0.293
11:46:14 [super]   #1406  0xdd3c47d185d94a8ef4f0ee19e18a496273b5e9f8  prob=0.0355 (raw=0.0245)  vol=$58  trades=7  first_trade=2025-12-12 14:38  winrate=0.455  n_markets_traded=44.000  herfindahl_index_markets=0.056
11:46:14 [super]   #1407  0x44e641e5eabb5687fe2338540e18b7d610579d9e  prob=0.0355 (raw=0.0245)  vol=$710  trades=20  first_trade=2025-10-23 00:16  winrate=0.476  n_markets_traded=42.000  herfindahl_index_markets=0.058
11:46:14 [super]   #1408  0xf02105d60083d7d74d7e0f9785d79e06137cdf56  prob=0.0355 (raw=0.0245)  vol=$83  trades=3  first_trade=2025-12-19 09:46  winrate=NaN  n_markets_traded=0.000  herfindahl_index_markets=0.000
11:46:14 [super]   #1409  0x5711b120090e37d0bab760837e28be6af615fbf5  prob=0.0355 (raw=0.0244)  vol=$16  trades=4  first_trade=2025-12-11 13:54  winrate=0.263  n_markets_traded=76.000  herfindahl_index_markets=0.463
11:46:14 [super]   #1410  0xb032c7ee56b71885ca6b6ac21a1264366e384e09  prob=0.0355 (raw=0.0244)  vol=$93  trades=4  first_trade=2025-11-23 03:01  winrate=0.543  n_markets_traded=46.000  herfindahl_index_markets=0.103
11:46:14 [super]   #1411  0xf348cb4c65ac0b19cc00a79e341593b9780d43a3  prob=0.0355 (raw=0.0244)  vol=$3  trades=2  first_trade=2025-11-21 11:01  winrate=0.087  n_markets_traded=23.000  herfindahl_index_markets=0.257
11:46:14 [super]   #1412  0xdd1cba0febc185e075d373acb9e262e0e61663a3  prob=0.0355 (raw=0.0243)  vol=$15  trades=4  first_trade=2025-12-04 20:04  winrate=0.125  n_markets_traded=16.000  herfindahl_index_markets=0.118
11:46:14 [super]   #1413  0x1aac1edf42cf3daa40e9e1178e4b312d839a80a0  prob=0.0355 (raw=0.0243)  vol=$6  trades=8  first_trade=2025-12-07 03:17  winrate=0.000  n_markets_traded=17.000  herfindahl_index_markets=0.092
11:46:14 [super]   #1414  0xf9362aa5a7c7d745fa16ee22fc181de6c7abf310  prob=0.0355 (raw=0.0243)  vol=$3,930  trades=33  first_trade=2025-10-22 16:03  winrate=0.569  n_markets_traded=144.000  herfindahl_index_markets=0.028
11:46:14 [super]   #1415  0x9995d54ecf4eab96e1bdfcf519b12c447e28d0d3  prob=0.0354 (raw=0.0242)  vol=$216  trades=4  first_trade=2025-12-06 01:29  winrate=0.595  n_markets_traded=74.000  herfindahl_index_markets=0.051
11:46:14 [super]   #1416  0xfe00b1a0654af0de877701761cb3e03e6a536188  prob=0.0354 (raw=0.0241)  vol=$31  trades=4  first_trade=2025-12-14 04:19  winrate=0.714  n_markets_traded=49.000  herfindahl_index_markets=0.070
11:46:14 [super]   #1417  0xfa7e25c8df8d4f36e5a87731ba2b91540046f37e  prob=0.0354 (raw=0.0241)  vol=$114  trades=22  first_trade=2025-12-10 17:30  winrate=0.539  n_markets_traded=91.000  herfindahl_index_markets=0.167
11:46:14 [super]   #1418  0xa9528ffcf286374ab87c48f26c835828c70607f4  prob=0.0354 (raw=0.0241)  vol=$3  trades=4  first_trade=2025-12-05 03:14  winrate=0.025  n_markets_traded=40.000  herfindahl_index_markets=0.030
11:46:14 [super]   #1419  0xa41b29552f469070a2c78c1a5f0bcedb2d476daf  prob=0.0354 (raw=0.0241)  vol=$3  trades=4  first_trade=2025-12-05 03:15  winrate=0.050  n_markets_traded=40.000  herfindahl_index_markets=0.028
11:46:14 [super]   #1420  0xdbd7928f94bcfac750dc35301450f619826560b9  prob=0.0354 (raw=0.0241)  vol=$3  trades=4  first_trade=2025-12-05 03:14  winrate=0.026  n_markets_traded=38.000  herfindahl_index_markets=0.032
11:46:14 [super]   #1421  0xbd932c7849480e5d6155da2aa5e51438b85145b2  prob=0.0354 (raw=0.0240)  vol=$20  trades=2  first_trade=2025-12-06 22:57  winrate=0.500  n_markets_traded=14.000  herfindahl_index_markets=0.947
11:46:14 [super]   #1422  0xb0a000251c833a0071d0e7a4ffc049a1fd5c9803  prob=0.0354 (raw=0.0239)  vol=$86  trades=2  first_trade=2025-12-10 16:23  winrate=0.395  n_markets_traded=38.000  herfindahl_index_markets=0.060
11:46:14 [super]   #1423  0xba0516a10dc10513b35ba1985bb2c6b568c911dd  prob=0.0354 (raw=0.0238)  vol=$11  trades=4  first_trade=2025-12-08 21:58  winrate=0.059  n_markets_traded=17.000  herfindahl_index_markets=0.076
11:46:14 [super]   #1424  0x9ae0b8413157850f3cf160487ed17106454a910c  prob=0.0354 (raw=0.0238)  vol=$687  trades=5  first_trade=2025-12-07 14:55  winrate=0.667  n_markets_traded=45.000  herfindahl_index_markets=0.044
11:46:14 [super]   #1425  0x89bc6457d29830e4f34ea2ad206694be4d14dddc  prob=0.0354 (raw=0.0237)  vol=$112  trades=7  first_trade=2025-10-22 12:45  winrate=0.594  n_markets_traded=308.000  herfindahl_index_markets=0.017
11:46:14 [super]   #1426  0x037241268d1bf4259aaeeb63b9eafa9184728404  prob=0.0354 (raw=0.0237)  vol=$2,156  trades=39  first_trade=2025-10-23 11:03  winrate=0.471  n_markets_traded=17.000  herfindahl_index_markets=0.085
11:46:14 [super]   #1427  0x9615a81a49fa2f1f234ae138eac87e3828a260dd  prob=0.0354 (raw=0.0237)  vol=$42  trades=1  first_trade=2025-12-18 21:30  winrate=0.438  n_markets_traded=16.000  herfindahl_index_markets=0.174
11:46:14 [super]   #1428  0x68406188c127f3e6575c06d002fe309cd3946748  prob=0.0354 (raw=0.0237)  vol=$192  trades=4  first_trade=2025-10-22 13:38  winrate=0.375  n_markets_traded=16.000  herfindahl_index_markets=0.358
11:46:14 [super]   #1429  0x7b23e5d73677117daee7554b90ce20b6e9a3fe31  prob=0.0354 (raw=0.0236)  vol=$12  trades=2  first_trade=2025-12-17 14:27  winrate=0.608  n_markets_traded=71.000  herfindahl_index_markets=0.123
11:46:14 [super]   #1430  0x68d81b530f0696cda4f2757e4af75761815aaf58  prob=0.0354 (raw=0.0236)  vol=$1,148  trades=38  first_trade=2025-11-21 22:33  winrate=0.288  n_markets_traded=66.000  herfindahl_index_markets=0.059
11:46:14 [super]   #1431  0x5e3eac7a5f454497e12684b70a014e9abe18e6ba  prob=0.0353 (raw=0.0235)  vol=$3  trades=4  first_trade=2025-12-05 03:14  winrate=0.050  n_markets_traded=40.000  herfindahl_index_markets=0.032
11:46:14 [super]   #1432  0x9dbc422d94459f24ec9b0947c040798afa68406a  prob=0.0353 (raw=0.0235)  vol=$3  trades=4  first_trade=2025-12-05 03:14  winrate=0.048  n_markets_traded=42.000  herfindahl_index_markets=0.026
11:46:14 [super]   #1433  0x1e8c9a14a9fa16afe308103bbb4deb1266f96323  prob=0.0353 (raw=0.0235)  vol=$12,769  trades=28  first_trade=2025-12-19 09:47  winrate=NaN  n_markets_traded=0.000  herfindahl_index_markets=0.000
11:46:14 [super]   #1434  0x00be7c4fffec45583a9e08f351480e6457f65aca  prob=0.0353 (raw=0.0235)  vol=$77  trades=1  first_trade=2025-12-16 03:32  winrate=NaN  n_markets_traded=0.000  herfindahl_index_markets=0.000
11:46:14 [super]   #1435  0xb33136be2d584390583111d3f80dec29d3b3e001  prob=0.0353 (raw=0.0235)  vol=$124  trades=1  first_trade=2025-12-12 10:05  winrate=0.644  n_markets_traded=43.000  herfindahl_index_markets=0.042
11:46:14 [super]   #1436  0x825d0f6ec2c2a998a6f92bb1b2cb5ef47e8b5082  prob=0.0353 (raw=0.0234)  vol=$13  trades=3  first_trade=2025-12-13 08:27  winrate=0.353  n_markets_traded=17.000  herfindahl_index_markets=0.091
11:46:14 [super]   #1437  0xca8e951405feb10b6a4a2fe51b18ee29eee645aa  prob=0.0353 (raw=0.0234)  vol=$90  trades=3  first_trade=2025-12-12 10:19  winrate=0.588  n_markets_traded=79.000  herfindahl_index_markets=0.041
11:46:14 [super]   #1438  0x25c24f54e51b71c4d0ff1da5fd2fcbbf3c3ae0cf  prob=0.0353 (raw=0.0233)  vol=$10  trades=4  first_trade=2025-12-07 21:52  winrate=0.372  n_markets_traded=116.000  herfindahl_index_markets=0.019
11:46:14 [super]   #1439  0x87d502cd03e0f4c2d352bca260e34bd806a5fe30  prob=0.0353 (raw=0.0232)  vol=$124  trades=13  first_trade=2025-12-18 18:18  winrate=0.495  n_markets_traded=281.000  herfindahl_index_markets=0.010
11:46:14 [super]   #1440  0x6e53997bec00c5e8233fa2c9cae02361992ee748  prob=0.0353 (raw=0.0232)  vol=$45  trades=4  first_trade=2025-11-30 22:33  winrate=0.407  n_markets_traded=26.000  herfindahl_index_markets=0.253
11:46:14 [super]   #1441  0x2e12b594adb6b0969e66566270dd2cf783048805  prob=0.0353 (raw=0.0231)  vol=$1  trades=2  first_trade=2025-11-09 10:29  winrate=0.400  n_markets_traded=15.000  herfindahl_index_markets=0.273
11:46:14 [super]   #1442  0x90227ada0b9c4ab516e433980b68c101352c6cc8  prob=0.0353 (raw=0.0230)  vol=$147  trades=15  first_trade=2025-12-12 22:20  winrate=0.583  n_markets_traded=12.000  herfindahl_index_markets=0.202
11:46:14 [super]   #1443  0x32838f4ab20b63db2227325e449ddaf63e05bce7  prob=0.0353 (raw=0.0230)  vol=$36  trades=3  first_trade=2025-11-11 16:28  winrate=0.429  n_markets_traded=7.000  herfindahl_index_markets=0.238
11:46:14 [super]   #1444  0x72a2148620aee63a58dd7b76168dd5fb9764e265  prob=0.0353 (raw=0.0230)  vol=$72  trades=5  first_trade=2025-10-22 13:57  winrate=0.470  n_markets_traded=115.000  herfindahl_index_markets=0.020
11:46:14 [super]   #1445  0xf4cc78ba379790c8ebd276977905d984e04c65be  prob=0.0353 (raw=0.0230)  vol=$55  trades=3  first_trade=2025-12-08 10:46  winrate=0.429  n_markets_traded=14.000  herfindahl_index_markets=0.172
11:46:14 [super]   #1446  0xd8fa47ccc86a1357e055f9061f8d51c367f0a6ea  prob=0.0353 (raw=0.0230)  vol=$6  trades=5  first_trade=2025-11-14 13:29  winrate=0.416  n_markets_traded=113.000  herfindahl_index_markets=0.021
11:46:14 [super]   #1447  0x1a441b376f9e82eb9643a449b8b74d1b84e25e33  prob=0.0353 (raw=0.0230)  vol=$916  trades=18  first_trade=2025-10-22 15:35  winrate=NaN  n_markets_traded=0.000  herfindahl_index_markets=0.000
11:46:14 [super]   #1448  0xe82aed8ab03592cc2acd45681dea4561e99adb8d  prob=0.0353 (raw=0.0229)  vol=$406  trades=10  first_trade=2025-12-18 10:21  winrate=NaN  n_markets_traded=0.000  herfindahl_index_markets=0.000
11:46:14 [super]   #1449  0x658bb49e94900b896fde984b97cc7dc766fe0519  prob=0.0352 (raw=0.0228)  vol=$3  trades=2  first_trade=2025-12-10 21:46  winrate=0.183  n_markets_traded=93.000  herfindahl_index_markets=0.017
11:46:14 [super]   #1450  0xb9d4fa142cd05d21348a67629fb28be800aa2b0d  prob=0.0352 (raw=0.0227)  vol=$858  trades=8  first_trade=2025-11-25 00:29  winrate=0.125  n_markets_traded=64.000  herfindahl_index_markets=0.079
11:46:14 [super]   #1451  0x7af8cb18d8efd6fdde4b643e754c27cd716b47cc  prob=0.0352 (raw=0.0227)  vol=$29  trades=25  first_trade=2025-12-07 14:54  winrate=0.100  n_markets_traded=80.000  herfindahl_index_markets=0.015
11:46:14 [super]   #1452  0xf2a43c63b0a6479875088ecf38d8370917f5ec0e  prob=0.0352 (raw=0.0226)  vol=$3  trades=2  first_trade=2025-12-12 14:51  winrate=0.405  n_markets_traded=40.000  herfindahl_index_markets=0.278
11:46:14 [super]   #1453  0x7386e755dd974df02638ecb2bda68121738d6906  prob=0.0352 (raw=0.0226)  vol=$8  trades=1  first_trade=2025-12-19 09:43  winrate=0.176  n_markets_traded=17.000  herfindahl_index_markets=0.098
11:46:14 [super]   #1454  0x432400c09ada5137fbce9ff2cfc1ea18dc8ea086  prob=0.0352 (raw=0.0226)  vol=$9,501  trades=42  first_trade=2025-10-22 17:48  winrate=0.600  n_markets_traded=20.000  herfindahl_index_markets=0.081
11:46:14 [super]   #1455  0x726640fdb1aeca2fbed8cbc19ac01bb6ecb35965  prob=0.0352 (raw=0.0225)  vol=$20  trades=2  first_trade=2025-11-08 01:09  winrate=0.395  n_markets_traded=119.000  herfindahl_index_markets=0.016
11:46:14 [super]   #1456  0x94463d2756041345224daab9cf998801e3bf1262  prob=0.0352 (raw=0.0225)  vol=$19  trades=3  first_trade=2025-12-13 05:57  winrate=0.294  n_markets_traded=17.000  herfindahl_index_markets=0.098
11:46:14 [super]   #1457  0x5bc4d9addd8597eb34e255d97cc194f4d78bf44f  prob=0.0352 (raw=0.0224)  vol=$902  trades=7  first_trade=2025-10-22 12:55  winrate=NaN  n_markets_traded=0.000  herfindahl_index_markets=0.000
11:46:14 [super]   #1458  0xe594f4ce8cbf1729ed7f7ebfc075c56a9f923392  prob=0.0352 (raw=0.0224)  vol=$18  trades=5  first_trade=2025-12-10 04:26  winrate=0.645  n_markets_traded=59.000  herfindahl_index_markets=0.920
11:46:14 [super]   #1459  0x3cfff01a167dc5b05ff564c5e107ef3ef680ceef  prob=0.0352 (raw=0.0224)  vol=$2  trades=4  first_trade=2025-12-04 09:25  winrate=0.333  n_markets_traded=6.000  herfindahl_index_markets=0.247
11:46:14 [super]   #1460  0xe009f4b133989a180b7297a6b6cb6c48c338d207  prob=0.0352 (raw=0.0224)  vol=$618  trades=3  first_trade=2025-12-16 23:39  winrate=0.182  n_markets_traded=11.000  herfindahl_index_markets=0.182
11:46:14 [super]   #1461  0x865466cb2b7098a71dedc311a9755cd8d2b6f2df  prob=0.0352 (raw=0.0224)  vol=$3  trades=2  first_trade=2025-12-18 17:26  winrate=0.182  n_markets_traded=11.000  herfindahl_index_markets=0.136
11:46:14 [super]   #1462  0x9d012ba98170558f5590aafc5f7152ff67bc6e11  prob=0.0352 (raw=0.0224)  vol=$204  trades=5  first_trade=2025-12-16 16:02  winrate=0.174  n_markets_traded=23.000  herfindahl_index_markets=0.117
11:46:14 [super]   #1463  0x73b9baff7d04b3b7e1ea298cbf2683780dae3ba6  prob=0.0352 (raw=0.0223)  vol=$31  trades=5  first_trade=2025-11-03 23:20  winrate=0.394  n_markets_traded=284.000  herfindahl_index_markets=0.019
11:46:14 [super]   #1464  0x6581c59751aa4a338e2fb2c8a59e9a2f8a498455  prob=0.0352 (raw=0.0223)  vol=$25  trades=5  first_trade=2025-12-06 10:25  winrate=0.000  n_markets_traded=87.000  herfindahl_index_markets=0.013
11:46:14 [super]   #1465  0xc22cb5b8966cc5fd2d6ef1ec39446a397529d342  prob=0.0352 (raw=0.0222)  vol=$1,005  trades=28  first_trade=2025-12-01 06:35  winrate=0.389  n_markets_traded=18.000  herfindahl_index_markets=0.081
11:46:14 [super]   #1466  0x154794795d978c5890b3f69264311f0bd966d066  prob=0.0351 (raw=0.0221)  vol=$5,459  trades=33  first_trade=2025-10-22 12:55  winrate=NaN  n_markets_traded=0.000  herfindahl_index_markets=0.000
11:46:14 [super]   #1467  0x966e2a54ed345c77aaca0feb26621eb22c14b2fe  prob=0.0351 (raw=0.0221)  vol=$561  trades=9  first_trade=2025-12-18 05:06  winrate=0.593  n_markets_traded=59.000  herfindahl_index_markets=0.031
11:46:14 [super]   #1468  0xa1da4e3f895ef6e3ed652437f0225e3fd913b838  prob=0.0351 (raw=0.0220)  vol=$158  trades=5  first_trade=2025-12-19 12:29  winrate=0.029  n_markets_traded=35.000  herfindahl_index_markets=0.117
11:46:14 [super]   #1469  0x79184eb8e41b05d4f265a35087a8c1cc749cf39f  prob=0.0351 (raw=0.0220)  vol=$90  trades=6  first_trade=2025-11-09 11:09  winrate=0.657  n_markets_traded=35.000  herfindahl_index_markets=0.057
11:46:14 [super]   #1470  0x07325a9c4fdec0f3f1524349de1191066971c290  prob=0.0351 (raw=0.0220)  vol=$24  trades=4  first_trade=2025-10-24 16:57  winrate=0.000  n_markets_traded=2.000  herfindahl_index_markets=0.556
11:46:14 [super]   #1471  0x22c8b173b9de01a2311c49d9eb008611c1c0819b  prob=0.0351 (raw=0.0220)  vol=$399  trades=12  first_trade=2025-11-04 08:59  winrate=0.000  n_markets_traded=2.000  herfindahl_index_markets=0.522
11:46:14 [super]   #1472  0xc5c83b882c36d7ead411259c3f9e93f93882286b  prob=0.0351 (raw=0.0219)  vol=$3  trades=4  first_trade=2025-12-07 03:29  winrate=0.000  n_markets_traded=14.000  herfindahl_index_markets=0.112
11:46:14 [super]   #1473  0x8e4c598d4e7cca8912a867d9ebb4903cf96cd09e  prob=0.0351 (raw=0.0219)  vol=$3  trades=4  first_trade=2025-12-07 03:25  winrate=0.000  n_markets_traded=17.000  herfindahl_index_markets=0.107
11:46:14 [super]   #1474  0x2f0df1e2a01397cc0ed825d11dddb21104697ca3  prob=0.0351 (raw=0.0219)  vol=$3  trades=4  first_trade=2025-12-07 03:19  winrate=0.000  n_markets_traded=18.000  herfindahl_index_markets=0.100
11:46:14 [super]   #1475  0x945e57981c557d6394fe278bbf429f1b1ed86bd7  prob=0.0351 (raw=0.0219)  vol=$23  trades=8  first_trade=2025-12-17 15:06  winrate=0.438  n_markets_traded=16.000  herfindahl_index_markets=0.232
11:46:14 [super]   #1476  0x82b709b376041aa1928f35d5a334ae70b9e0cc32  prob=0.0351 (raw=0.0219)  vol=$200  trades=4  first_trade=2025-10-22 14:34  winrate=0.000  n_markets_traded=11.000  herfindahl_index_markets=0.390
11:46:14 [super]   #1477  0x2fd8881fb2398c9e88da4ece87bd2650b935f8b4  prob=0.0351 (raw=0.0219)  vol=$283  trades=8  first_trade=2025-11-07 19:08  winrate=0.000  n_markets_traded=2.000  herfindahl_index_markets=0.845
11:46:14 [super]   #1478  0x0684013902f5d899f4621e2c48c7af5407e9d593  prob=0.0351 (raw=0.0219)  vol=$80  trades=4  first_trade=2025-11-10 08:46  winrate=NaN  n_markets_traded=0.000  herfindahl_index_markets=0.000
11:46:14 [super]   #1479  0x165ddd0ede81d23fa112177ede4d83a3804ba76d  prob=0.0351 (raw=0.0219)  vol=$211  trades=5  first_trade=2025-12-11 13:24  winrate=0.444  n_markets_traded=54.000  herfindahl_index_markets=0.053
11:46:14 [super]   #1480  0x41097a5a77840c970ffe62ce45b5b543784dad6b  prob=0.0351 (raw=0.0218)  vol=$69  trades=4  first_trade=2025-11-12 12:01  winrate=0.062  n_markets_traded=128.000  herfindahl_index_markets=0.032
11:46:14 [super]   #1481  0x012cf8bb538490cda5be685fe61f0ad52ec3478e  prob=0.0351 (raw=0.0218)  vol=$321  trades=7  first_trade=2025-12-19 10:33  winrate=0.333  n_markets_traded=48.000  herfindahl_index_markets=0.042
11:46:14 [super]   #1482  0xa15f12c3f4bc9531452e84e9148a86b551502f24  prob=0.0351 (raw=0.0218)  vol=$25  trades=4  first_trade=2025-12-06 02:03  winrate=0.440  n_markets_traded=114.000  herfindahl_index_markets=0.041
11:46:14 [super]   #1483  0x584f0fcc3d383f6f9b9b1f03de33fd60d9261047  prob=0.0351 (raw=0.0217)  vol=$375  trades=3  first_trade=2025-10-25 18:17  winrate=0.000  n_markets_traded=3.000  herfindahl_index_markets=0.358
11:46:14 [super]   #1484  0xf196934c883f62f5ac998894c4cbf67ef4f57226  prob=0.0351 (raw=0.0216)  vol=$42  trades=4  first_trade=2025-12-15 05:58  winrate=0.625  n_markets_traded=31.000  herfindahl_index_markets=0.599
11:46:14 [super]   #1485  0x8ba22bd5177326c27fc651dcbb0ef39bcff2eb60  prob=0.0351 (raw=0.0216)  vol=$1  trades=6  first_trade=2025-12-19 07:43  winrate=0.548  n_markets_traded=161.000  herfindahl_index_markets=0.015
11:46:14 [super]   #1486  0x48b3a983d9a09e43bd404a4f2c684aad707c4118  prob=0.0351 (raw=0.0216)  vol=$4  trades=2  first_trade=2025-12-14 11:24  winrate=0.000  n_markets_traded=10.000  herfindahl_index_markets=0.126
11:46:14 [super]   #1487  0x371c90ad624763ddfe3c0b889b5fdc2ddd61806c  prob=0.0351 (raw=0.0216)  vol=$6  trades=4  first_trade=2025-11-15 11:15  winrate=0.744  n_markets_traded=86.000  herfindahl_index_markets=0.647
11:46:14 [super]   #1488  0x1587b77e62c79a7a64d5f65ff8b5c187fb9d42ed  prob=0.0351 (raw=0.0216)  vol=$3  trades=4  first_trade=2025-12-19 07:42  winrate=0.459  n_markets_traded=37.000  herfindahl_index_markets=0.132
11:46:14 [super]   #1489  0x958d5c59908cc6a1aceefba8fdd78fba50e6f461  prob=0.0351 (raw=0.0216)  vol=$77  trades=2  first_trade=2025-12-06 00:40  winrate=0.250  n_markets_traded=8.000  herfindahl_index_markets=0.289
11:46:14 [super]   #1490  0x3eefe0ec814571842cf62e3c1dfe37d5de4ac865  prob=0.0351 (raw=0.0215)  vol=$314  trades=9  first_trade=2025-11-04 11:49  winrate=0.798  n_markets_traded=80.000  herfindahl_index_markets=0.759
11:46:14 [super]   #1491  0x49bbe046f3cc29f971c89a14b0c8e1f8750caaf9  prob=0.0350 (raw=0.0215)  vol=$283  trades=17  first_trade=2025-11-12 01:13  winrate=0.500  n_markets_traded=62.000  herfindahl_index_markets=0.031
11:46:14 [super]   #1492  0x87a29e38e6a33b3b6539a4e3d3f782b229382250  prob=0.0350 (raw=0.0214)  vol=$26  trades=5  first_trade=2025-12-12 14:30  winrate=NaN  n_markets_traded=0.000  herfindahl_index_markets=0.000
11:46:14 [super]   #1493  0xcce58e5acdea9edb7747be73125d7929ba0bbdaf  prob=0.0350 (raw=0.0214)  vol=$232  trades=6  first_trade=2025-10-24 16:29  winrate=0.406  n_markets_traded=131.000  herfindahl_index_markets=0.026
11:46:14 [super]   #1494  0x7b51f66adda5b39a5fc2bd114ce7b72652855868  prob=0.0350 (raw=0.0214)  vol=$740  trades=17  first_trade=2025-12-05 01:26  winrate=0.444  n_markets_traded=108.000  herfindahl_index_markets=0.033
11:46:14 [super]   #1495  0x7a887783bc91150e24ca338288c3c53c292893d1  prob=0.0350 (raw=0.0214)  vol=$30  trades=2  first_trade=2025-12-15 18:27  winrate=0.462  n_markets_traded=26.000  herfindahl_index_markets=0.125
11:46:14 [super]   #1496  0x99546e378862e2a9d5066c87d24cf6fdd05d24bd  prob=0.0350 (raw=0.0214)  vol=$5  trades=2  first_trade=2025-12-18 11:30  winrate=0.409  n_markets_traded=22.000  herfindahl_index_markets=0.087
11:46:14 [super]   #1497  0x0e1d439451e03c29475698736cc766d5eddd8d50  prob=0.0350 (raw=0.0214)  vol=$3  trades=2  first_trade=2025-12-12 18:46  winrate=0.233  n_markets_traded=30.000  herfindahl_index_markets=0.526
11:46:14 [super]   #1498  0xc8f6b563a681914ff7df21c6bfd70a553adc0464  prob=0.0350 (raw=0.0213)  vol=$6  trades=8  first_trade=2025-12-05 06:11  winrate=0.160  n_markets_traded=25.000  herfindahl_index_markets=0.090
11:46:14 [super]   #1499  0x9a30a5c53289865688ad8ba5b53ce03033da011e  prob=0.0350 (raw=0.0213)  vol=$3  trades=4  first_trade=2025-12-07 03:16  winrate=0.071  n_markets_traded=14.000  herfindahl_index_markets=0.133
11:46:14 [super]   #1500  0x1242fd34686528f2c611630fc91093b3eed08dfe  prob=0.0350 (raw=0.0213)  vol=$192  trades=15  first_trade=2025-10-22 11:41  winrate=0.630  n_markets_traded=283.000  herfindahl_index_markets=0.007
11:46:14 [super]   #1501  0x779221976cb43871c3bfca8ee95dfacd3081ee70  prob=0.0350 (raw=0.0213)  vol=$7  trades=8  first_trade=2025-12-05 04:26  winrate=0.000  n_markets_traded=12.000  herfindahl_index_markets=0.129
11:46:14 [super]   #1502  0x285b2fab43afa9cc1bee8e5cbe155537d38a7669  prob=0.0350 (raw=0.0213)  vol=$6  trades=8  first_trade=2025-12-05 03:34  winrate=0.000  n_markets_traded=12.000  herfindahl_index_markets=0.132
11:46:14 [super]   #1503  0x59c25859b5ea3f9edd96a6c9fe9a5b856d5bde58  prob=0.0350 (raw=0.0213)  vol=$31  trades=2  first_trade=2025-12-13 05:56  winrate=0.286  n_markets_traded=56.000  herfindahl_index_markets=0.053
11:46:14 [super]   #1504  0x5dfb01d1446c8b1830fa017a94989d0989445240  prob=0.0350 (raw=0.0213)  vol=$49  trades=4  first_trade=2025-12-06 10:23  winrate=0.582  n_markets_traded=288.000  herfindahl_index_markets=0.018
11:46:14 [super]   #1505  0xc82f0a25aad828f59347670e63ead5ea144466a7  prob=0.0350 (raw=0.0212)  vol=$416  trades=9  first_trade=2025-12-19 10:05  winrate=NaN  n_markets_traded=0.000  herfindahl_index_markets=0.000
11:46:14 [super]   #1506  0xcd9ed44d29a4ebb7dad4224a18bab5af00457200  prob=0.0350 (raw=0.0212)  vol=$3  trades=4  first_trade=2025-12-07 03:22  winrate=0.053  n_markets_traded=19.000  herfindahl_index_markets=0.102
11:46:14 [super]   #1507  0x92708a5336972e664ea17c19e8781edc71ab7c9e  prob=0.0350 (raw=0.0212)  vol=$87  trades=6  first_trade=2025-12-02 18:52  winrate=NaN  n_markets_traded=0.000  herfindahl_index_markets=0.000
11:46:14 [super]   #1508  0x9bb955c6e50a8baf10ba7f8abf367a4cfea78aec  prob=0.0350 (raw=0.0212)  vol=$6  trades=8  first_trade=2025-12-05 06:07  winrate=0.160  n_markets_traded=25.000  herfindahl_index_markets=0.102
11:46:14 [super]   #1509  0x9246695a4c5498e103296425a37d6f7b349314c5  prob=0.0350 (raw=0.0211)  vol=$239  trades=6  first_trade=2025-12-13 21:30  winrate=0.255  n_markets_traded=47.000  herfindahl_index_markets=0.076
11:46:14 [super]   #1510  0x5eaef43b78980279b6811d98684b68dd322aea4a  prob=0.0350 (raw=0.0211)  vol=$276  trades=9  first_trade=2025-11-09 11:37  winrate=0.739  n_markets_traded=88.000  herfindahl_index_markets=0.613
11:46:14 [super]   #1511  0x8a2a221fb6b1271f0a92820cf4f37b1349dfd4db  prob=0.0350 (raw=0.0211)  vol=$31  trades=3  first_trade=2025-12-05 15:56  winrate=0.859  n_markets_traded=78.000  herfindahl_index_markets=0.949
11:46:14 [super]   #1512  0xa7746a12c0d5b835a8491dd92f799494cf4e005f  prob=0.0350 (raw=0.0211)  vol=$1,243  trades=9  first_trade=2025-11-11 01:14  winrate=NaN  n_markets_traded=0.000  herfindahl_index_markets=0.000
11:46:14 [super]   #1513  0x33b3b135660b97b4ba65dad30bf07c7d2281d03d  prob=0.0350 (raw=0.0211)  vol=$136  trades=6  first_trade=2025-12-09 07:38  winrate=0.357  n_markets_traded=42.000  herfindahl_index_markets=0.090
11:46:14 [super]   #1514  0xf164b5912f4cc2b958355b7db548406776e8e9f0  prob=0.0350 (raw=0.0210)  vol=$7  trades=9  first_trade=2025-12-05 03:36  winrate=0.000  n_markets_traded=13.000  herfindahl_index_markets=0.129
11:46:14 [super]   #1515  0x7ae2147d98c298958dd4bcf156782c1cd293ff40  prob=0.0350 (raw=0.0210)  vol=$7  trades=8  first_trade=2025-12-05 03:49  winrate=0.000  n_markets_traded=12.000  herfindahl_index_markets=0.132
11:46:14 [super]   #1516  0x914b68a514163602b4c19df24215543d7fe4dab0  prob=0.0350 (raw=0.0210)  vol=$7  trades=8  first_trade=2025-12-05 03:38  winrate=0.000  n_markets_traded=12.000  herfindahl_index_markets=0.132
11:46:14 [super]   #1517  0xa4ac2d27d4d1315914e07e04625ba3d9d0ac3ab4  prob=0.0350 (raw=0.0210)  vol=$6  trades=8  first_trade=2025-12-05 06:09  winrate=0.182  n_markets_traded=22.000  herfindahl_index_markets=0.111
11:46:14 [super]   #1518  0x4278f7e5cb5f2d68d204d7403270c79cb07e0e92  prob=0.0350 (raw=0.0210)  vol=$9,697  trades=95  first_trade=2025-12-10 17:23  winrate=0.547  n_markets_traded=121.000  herfindahl_index_markets=0.016
11:46:14 [super]   #1519  0x0b9168da5620dfab028b53c753a3be88d585ae77  prob=0.0350 (raw=0.0209)  vol=$657  trades=11  first_trade=2025-12-09 04:58  winrate=NaN  n_markets_traded=0.000  herfindahl_index_markets=0.000
11:46:14 [super]   #1520  0x0599c08ea443056fcd341ca0ef2b36accb5963d0  prob=0.0350 (raw=0.0209)  vol=$3  trades=2  first_trade=2025-12-13 13:25  winrate=0.714  n_markets_traded=31.000  herfindahl_index_markets=0.052
11:46:14 [super]   #1521  0xee88ab84718b0bc73ad2405ef7bced14378f57b0  prob=0.0350 (raw=0.0209)  vol=$6  trades=2  first_trade=2025-12-18 11:40  winrate=0.516  n_markets_traded=88.000  herfindahl_index_markets=0.019
11:46:14 [super]   #1522  0xa7fa144dbc59c7171a9aced9a779e1f26cda16cb  prob=0.0350 (raw=0.0209)  vol=$143  trades=4  first_trade=2025-10-22 16:39  winrate=0.675  n_markets_traded=105.000  herfindahl_index_markets=0.088
11:46:14 [super]   #1523  0x9014c758e288972fa5056f5f66192dcae67100cc  prob=0.0350 (raw=0.0208)  vol=$110  trades=11  first_trade=2025-12-09 18:03  winrate=0.353  n_markets_traded=17.000  herfindahl_index_markets=0.292
11:46:14 [super]   #1524  0xa45773533dcec1f8851db826ba59c921917ed7e1  prob=0.0350 (raw=0.0208)  vol=$3  trades=5  first_trade=2025-12-16 05:27  winrate=0.190  n_markets_traded=21.000  herfindahl_index_markets=0.172
11:46:14 [super]   #1525  0xb761a7dbc360d86d8e46c8b25e47a4d4c92a253a  prob=0.0350 (raw=0.0208)  vol=$172  trades=155  first_trade=2025-12-12 14:30  winrate=0.570  n_markets_traded=238.000  herfindahl_index_markets=0.016
11:46:14 [super]   #1526  0x86cb8989cc14032736b5b9e70736c615af18af72  prob=0.0349 (raw=0.0207)  vol=$7  trades=2  first_trade=2025-12-05 12:12  winrate=0.375  n_markets_traded=24.000  herfindahl_index_markets=0.196
11:46:14 [super]   #1527  0xba4dd6663019727131869ca254aefa65f2c45d0c  prob=0.0349 (raw=0.0207)  vol=$59  trades=7  first_trade=2025-12-14 23:28  winrate=0.182  n_markets_traded=11.000  herfindahl_index_markets=0.271
11:46:14 [super]   #1528  0x3194f7565b351645da7d2a0b9ec6ffbeec7b5f77  prob=0.0349 (raw=0.0206)  vol=$10  trades=3  first_trade=2025-12-11 19:08  winrate=0.364  n_markets_traded=11.000  herfindahl_index_markets=0.251
11:46:14 [super]   #1529  0xc6cba81c4ae72ee220f008e4b097aa1f1453bbf0  prob=0.0349 (raw=0.0206)  vol=$310  trades=11  first_trade=2025-12-19 08:28  winrate=NaN  n_markets_traded=0.000  herfindahl_index_markets=0.000
11:46:14 [super]   #1530  0x68cbbb86d90471d1245f7306c0f5e5a3a6316db8  prob=0.0349 (raw=0.0206)  vol=$744  trades=16  first_trade=2025-12-08 04:41  winrate=0.388  n_markets_traded=121.000  herfindahl_index_markets=0.027
11:46:14 [super]   #1531  0xc7085e17ce37d90d3b20d809858bd712e173ac93  prob=0.0349 (raw=0.0206)  vol=$856  trades=19  first_trade=2025-12-08 03:08  winrate=0.426  n_markets_traded=136.000  herfindahl_index_markets=0.021
11:46:14 [super]   #1532  0x048f0c9da90f6bdf63cd5dea0ac885a7848ea84c  prob=0.0349 (raw=0.0205)  vol=$30  trades=5  first_trade=2025-12-19 12:21  winrate=0.961  n_markets_traded=588.000  herfindahl_index_markets=0.008
11:46:14 [super]   #1533  0xef454622826c556b7d099cde57f846e39f83666f  prob=0.0349 (raw=0.0205)  vol=$4,373  trades=15  first_trade=2025-12-12 21:12  winrate=0.476  n_markets_traded=21.000  herfindahl_index_markets=0.358
11:46:14 [super]   #1534  0x69891b1481e34384a0d564e5976b50270304b412  prob=0.0349 (raw=0.0204)  vol=$4,432  trades=22  first_trade=2025-12-06 20:49  winrate=NaN  n_markets_traded=0.000  herfindahl_index_markets=0.000
11:46:14 [super]   #1535  0x632283131ec1d385670295fd199d47c73bdd0491  prob=0.0349 (raw=0.0204)  vol=$359  trades=16  first_trade=2025-11-10 18:00  winrate=0.367  n_markets_traded=49.000  herfindahl_index_markets=0.037
11:46:14 [super]   #1536  0x1c947baad5fd2ebf7ef85d440d8fb2533fce9b01  prob=0.0349 (raw=0.0203)  vol=$555  trades=12  first_trade=2025-11-12 15:50  winrate=0.000  n_markets_traded=2.000  herfindahl_index_markets=0.510
11:46:14 [super]   #1537  0x34818ce646acb00a352c9cefe33cb62ba5a96b3c  prob=0.0349 (raw=0.0203)  vol=$103  trades=6  first_trade=2025-12-15 14:26  winrate=0.488  n_markets_traded=463.000  herfindahl_index_markets=0.009
11:46:14 [super]   #1538  0x4706778cf0481c9708d4d8ee1965e81c08c5286e  prob=0.0349 (raw=0.0203)  vol=$30  trades=3  first_trade=2025-12-13 08:12  winrate=NaN  n_markets_traded=0.000  herfindahl_index_markets=0.000
11:46:14 [super]   #1539  0xa624963c8a45ffa8a27f536c725bc708410bd8af  prob=0.0349 (raw=0.0203)  vol=$3  trades=4  first_trade=2025-12-05 03:25  winrate=0.070  n_markets_traded=43.000  herfindahl_index_markets=0.025
11:46:14 [super]   #1540  0x588a05937fc4ff13a275500d58db4a53fc7baeeb  prob=0.0349 (raw=0.0203)  vol=$42  trades=36  first_trade=2025-12-18 21:30  winrate=0.276  n_markets_traded=224.000  herfindahl_index_markets=0.032
11:46:14 [super]   #1541  0xf243214fe503da5e059824b668d6f43cf0835fb4  prob=0.0349 (raw=0.0203)  vol=$499  trades=4  first_trade=2025-12-18 23:08  winrate=NaN  n_markets_traded=0.000  herfindahl_index_markets=0.000
11:46:14 [super]   #1542  0x1c0bdd5a616ba7ae5d9b707ca18cd70ac51d7600  prob=0.0349 (raw=0.0202)  vol=$10  trades=2  first_trade=2025-12-16 20:56  winrate=0.087  n_markets_traded=46.000  herfindahl_index_markets=0.040
11:46:14 [super]   #1543  0x55fda53c74c8e7604ee151e86760137ef0bb4e3c  prob=0.0349 (raw=0.0202)  vol=$53  trades=3  first_trade=2025-12-18 14:55  winrate=0.091  n_markets_traded=11.000  herfindahl_index_markets=0.111
11:46:14 [super]   #1544  0x3a72b4407a101da662116eaf6ddcb992adace3a6  prob=0.0349 (raw=0.0202)  vol=$3  trades=4  first_trade=2025-12-05 03:25  winrate=0.048  n_markets_traded=42.000  herfindahl_index_markets=0.027
11:46:14 [super]   #1545  0xf72571b9b38763bdc6aad1152ca1c74776f07a92  prob=0.0349 (raw=0.0202)  vol=$3  trades=4  first_trade=2025-12-05 03:25  winrate=0.047  n_markets_traded=43.000  herfindahl_index_markets=0.025
11:46:14 [super]   #1546  0x0438a6b68e6826aa2ba0d898f7eb4ad00f6f604e  prob=0.0349 (raw=0.0202)  vol=$3  trades=4  first_trade=2025-12-05 03:25  winrate=0.047  n_markets_traded=43.000  herfindahl_index_markets=0.025
11:46:14 [super]   #1547  0x355cf48e57aeec21e32544e8cee7beac55df81c5  prob=0.0349 (raw=0.0201)  vol=$32  trades=5  first_trade=2025-12-15 14:42  winrate=0.429  n_markets_traded=126.000  herfindahl_index_markets=0.016
11:46:14 [super]   #1548  0x50e67a42fbdf6c11b55bb5e0e3a2132299c34c22  prob=0.0349 (raw=0.0201)  vol=$76  trades=2  first_trade=2025-11-09 17:27  winrate=0.241  n_markets_traded=29.000  herfindahl_index_markets=0.061
11:46:14 [super]   #1549  0x79eb410113d6075c2aaef7855986c8a15990f471  prob=0.0348 (raw=0.0200)  vol=$145  trades=6  first_trade=2025-12-04 11:36  winrate=0.500  n_markets_traded=160.000  herfindahl_index_markets=0.031
11:46:14 [super]   #1550  0x2f42d37523fb1e496840184178f857d462dd4fc5  prob=0.0348 (raw=0.0200)  vol=$37  trades=3  first_trade=2025-11-14 21:02  winrate=NaN  n_markets_traded=0.000  herfindahl_index_markets=0.000
11:46:14 [super]   #1551  0x1d377290090bd530c198f71e596db38b80c2f1d2  prob=0.0348 (raw=0.0200)  vol=$35  trades=2  first_trade=2025-11-21 07:15  winrate=0.267  n_markets_traded=15.000  herfindahl_index_markets=0.132
11:46:14 [super]   #1552  0x8979f8b442b8e79bbb886b28d60abe611ed5f003  prob=0.0348 (raw=0.0199)  vol=$8  trades=2  first_trade=2025-12-05 03:31  winrate=0.447  n_markets_traded=193.000  herfindahl_index_markets=0.052
11:46:14 [super]   #1553  0xf24575c96cf60db5fa299c6c9d4e0518358f1df4  prob=0.0348 (raw=0.0199)  vol=$18  trades=5  first_trade=2025-11-15 17:33  winrate=NaN  n_markets_traded=0.000  herfindahl_index_markets=0.000
11:46:14 [super]   #1554  0xd4b9b5ad041949861483befc5512df78fce2d5ea  prob=0.0348 (raw=0.0198)  vol=$235  trades=7  first_trade=2025-11-02 13:45  winrate=0.028  n_markets_traded=36.000  herfindahl_index_markets=0.054
11:46:14 [super]   #1555  0x283b2fcdb2f0068498e32122141b8642217a3a9b  prob=0.0348 (raw=0.0198)  vol=$130  trades=7  first_trade=2025-12-05 01:59  winrate=0.324  n_markets_traded=14.000  herfindahl_index_markets=0.374
11:46:14 [super]   #1556  0x02385ebe196d73daa5ecba226958d7c1b8d4c59a  prob=0.0348 (raw=0.0197)  vol=$3  trades=4  first_trade=2025-12-05 03:25  winrate=0.047  n_markets_traded=43.000  herfindahl_index_markets=0.025
11:46:14 [super]   #1557  0xe2dba350683aff865987cb9baba14cf3e51f0ae0  prob=0.0348 (raw=0.0197)  vol=$3  trades=4  first_trade=2025-12-05 03:25  winrate=0.047  n_markets_traded=43.000  herfindahl_index_markets=0.027
11:46:14 [super]   #1558  0x9722c97388195722389cd54adcd35d5adc283ace  prob=0.0348 (raw=0.0197)  vol=$8  trades=2  first_trade=2025-11-24 19:19  winrate=0.217  n_markets_traded=23.000  herfindahl_index_markets=0.246
11:46:14 [super]   #1559  0x612efe2a7fa9947c171a89a89aeee645301118f7  prob=0.0348 (raw=0.0196)  vol=$4  trades=4  first_trade=2025-11-27 13:37  winrate=0.629  n_markets_traded=311.000  herfindahl_index_markets=0.013
11:46:14 [super]   #1560  0x7b2c2388a3cf1e572531d18c1ae837836afd8062  prob=0.0348 (raw=0.0195)  vol=$2  trades=2  first_trade=2025-12-19 01:56  winrate=0.429  n_markets_traded=14.000  herfindahl_index_markets=0.210
11:46:14 [super]   #1561  0xfe1ff6ae7dff678bc468855308d6d1d9d67d68f3  prob=0.0348 (raw=0.0195)  vol=$147  trades=4  first_trade=2025-12-12 14:42  winrate=0.643  n_markets_traded=304.000  herfindahl_index_markets=0.009
11:46:14 [super]   #1562  0x6f4b04a572fc198bcf6f7bb6bf2144c041762b27  prob=0.0348 (raw=0.0195)  vol=$2  trades=2  first_trade=2025-11-23 23:02  winrate=0.431  n_markets_traded=196.000  herfindahl_index_markets=0.017
11:46:14 [super]   #1563  0x20953dffe284479f577b0c5bf3a96d541583b939  prob=0.0348 (raw=0.0194)  vol=$2  trades=2  first_trade=2025-11-10 09:13  winrate=0.139  n_markets_traded=36.000  herfindahl_index_markets=0.048
11:46:14 [super]   #1564  0x7f27036c8f584e065fbab29f5ad06c3bc11e781d  prob=0.0348 (raw=0.0194)  vol=$36  trades=5  first_trade=2025-12-07 08:38  winrate=0.820  n_markets_traded=166.000  herfindahl_index_markets=0.008
11:46:14 [super]   #1565  0x4a19cc782df9c828cd4fc886ec7a96ff592781b9  prob=0.0347 (raw=0.0194)  vol=$31  trades=6  first_trade=2025-12-03 01:49  winrate=0.465  n_markets_traded=155.000  herfindahl_index_markets=0.026
11:46:14 [super]   #1566  0xefb9500d387356766d2f7837a88011fffe9363ff  prob=0.0347 (raw=0.0193)  vol=$3  trades=4  first_trade=2025-12-05 19:48  winrate=0.250  n_markets_traded=4.000  herfindahl_index_markets=0.250
11:46:14 [super]   #1567  0x114d9ff27a12e2a71aa3e6262713256e91df661f  prob=0.0347 (raw=0.0193)  vol=$225  trades=3  first_trade=2025-12-12 15:06  winrate=0.546  n_markets_traded=93.000  herfindahl_index_markets=0.042
11:46:14 [super]   #1568  0x1f38430b456226a27c1488e2386fd427696e4c9a  prob=0.0347 (raw=0.0192)  vol=$327  trades=5  first_trade=2025-12-18 01:29  winrate=0.515  n_markets_traded=33.000  herfindahl_index_markets=0.055
11:46:14 [super]   #1569  0x830aac2b31925ddc019a7a53f3112b71ff02b479  prob=0.0347 (raw=0.0192)  vol=$2,554  trades=6  first_trade=2025-12-08 11:52  winrate=0.375  n_markets_traded=8.000  herfindahl_index_markets=0.459
11:46:14 [super]   #1570  0x416551b6f80580fd4add3fe082e8db1ba37d0fe9  prob=0.0347 (raw=0.0191)  vol=$4  trades=4  first_trade=2025-12-02 23:42  winrate=0.353  n_markets_traded=17.000  herfindahl_index_markets=0.114
11:46:14 [super]   #1571  0xc81f5adecfc5a74a4447ae9222bed1d24dc6f627  prob=0.0347 (raw=0.0191)  vol=$16  trades=5  first_trade=2025-12-15 13:36  winrate=0.324  n_markets_traded=34.000  herfindahl_index_markets=0.071
11:46:14 [super]   #1572  0xdb6092d9c90a672eef511b0906be1a19222f137a  prob=0.0347 (raw=0.0190)  vol=$208  trades=10  first_trade=2025-11-08 16:03  winrate=0.261  n_markets_traded=23.000  herfindahl_index_markets=0.237
11:46:14 [super]   #1573  0x3b416ec2f4881ae5741b25d26a367150072237ae  prob=0.0347 (raw=0.0190)  vol=$31  trades=3  first_trade=2025-11-10 01:18  winrate=0.557  n_markets_traded=106.000  herfindahl_index_markets=0.020
11:46:14 [super]   #1574  0xf3a3cd7dbdc089480806fe52bfba762e07236482  prob=0.0347 (raw=0.0190)  vol=$28  trades=6  first_trade=2025-12-17 05:20  winrate=0.300  n_markets_traded=26.000  herfindahl_index_markets=0.225
11:46:14 [super]   #1575  0xd48df3575cb6822bb51b73aaa11d35f63971ff87  prob=0.0347 (raw=0.0190)  vol=$24  trades=4  first_trade=2025-11-10 21:02  winrate=0.182  n_markets_traded=44.000  herfindahl_index_markets=0.046
11:46:14 [super]   #1576  0xf5b217ae417cc57c64ba5f3b001c9e8223fb879b  prob=0.0347 (raw=0.0189)  vol=$25  trades=7  first_trade=2025-12-12 14:23  winrate=0.540  n_markets_traded=289.000  herfindahl_index_markets=0.013
11:46:14 [super]   #1577  0xc426347e9f407ffe6fc997b65189b05d129469d5  prob=0.0347 (raw=0.0189)  vol=$450  trades=8  first_trade=2025-12-17 06:06  winrate=0.392  n_markets_traded=148.000  herfindahl_index_markets=0.194
11:46:14 [super]   #1578  0x96410cd0047aa4eb41583d04b706c27e34a4a2b9  prob=0.0347 (raw=0.0189)  vol=$2  trades=2  first_trade=2025-11-06 02:41  winrate=0.333  n_markets_traded=48.000  herfindahl_index_markets=0.035
11:46:14 [super]   #1579  0xcc901db037cbe07fa2b6ed261454a35df2f700ae  prob=0.0347 (raw=0.0189)  vol=$949  trades=22  first_trade=2025-11-20 02:59  winrate=NaN  n_markets_traded=0.000  herfindahl_index_markets=0.000
11:46:14 [super]   #1580  0x1d643b356640046e0f0408f3f8efd2d9b796a04d  prob=0.0347 (raw=0.0189)  vol=$21  trades=8  first_trade=2025-11-08 10:43  winrate=0.241  n_markets_traded=29.000  herfindahl_index_markets=0.096
11:46:14 [super]   #1581  0x507ea802e13435660bf720ff000778d27a79fe9e  prob=0.0347 (raw=0.0189)  vol=$40  trades=4  first_trade=2025-12-12 03:18  winrate=0.360  n_markets_traded=25.000  herfindahl_index_markets=0.059
11:46:14 [super]   #1582  0xda0425d437215a55164ea70e4e7bd0a82103793e  prob=0.0347 (raw=0.0188)  vol=$38  trades=2  first_trade=2025-12-06 06:41  winrate=0.194  n_markets_traded=31.000  herfindahl_index_markets=0.091
11:46:14 [super]   #1583  0x2b26e6af7276ffa471b91141283ed97e505557e9  prob=0.0346 (raw=0.0186)  vol=$8  trades=2  first_trade=2025-12-18 11:48  winrate=NaN  n_markets_traded=0.000  herfindahl_index_markets=0.000
11:46:14 [super]   #1584  0x7918f4bebed06b5c5374544e5c60565915f43bed  prob=0.0346 (raw=0.0186)  vol=$78  trades=1  first_trade=2025-12-12 11:55  winrate=0.340  n_markets_traded=50.000  herfindahl_index_markets=0.090
11:46:14 [super]   #1585  0x3b78eecb008a979187dc19f8a768224033f82637  prob=0.0346 (raw=0.0186)  vol=$20  trades=6  first_trade=2025-11-10 05:56  winrate=0.292  n_markets_traded=178.000  herfindahl_index_markets=0.026
11:46:14 [super]   #1586  0xcc77f32616a96f696a3850ad48c0e378eddcc035  prob=0.0346 (raw=0.0185)  vol=$240  trades=21  first_trade=2025-10-25 18:24  winrate=NaN  n_markets_traded=0.000  herfindahl_index_markets=0.000
11:46:14 [super]   #1587  0x564f22744b7941ade18d5e0e4f347c30e3057026  prob=0.0346 (raw=0.0184)  vol=$147  trades=6  first_trade=2025-12-19 09:49  winrate=NaN  n_markets_traded=0.000  herfindahl_index_markets=0.000
11:46:14 [super]   #1588  0xd8345f47d3b78a65636ef56e444c7a4c9c4be011  prob=0.0346 (raw=0.0184)  vol=$518  trades=18  first_trade=2025-11-12 15:50  winrate=NaN  n_markets_traded=0.000  herfindahl_index_markets=0.000
11:46:14 [super]   #1589  0x56fbd5871e3914d78b7bf9f6175f421b6e5bd610  prob=0.0346 (raw=0.0184)  vol=$8  trades=4  first_trade=2025-12-05 01:00  winrate=NaN  n_markets_traded=0.000  herfindahl_index_markets=0.000
11:46:14 [super]   #1590  0x8b848fcd84a1dfb6d056ea135f39bb3f95b85061  prob=0.0346 (raw=0.0184)  vol=$1,301  trades=27  first_trade=2025-12-07 09:49  winrate=0.401  n_markets_traded=177.000  herfindahl_index_markets=0.024
11:46:14 [super]   #1591  0xdc4f1a90ae2b3e099e940d7925673e31ab2e5c00  prob=0.0346 (raw=0.0184)  vol=$129  trades=6  first_trade=2025-11-10 08:04  winrate=0.244  n_markets_traded=45.000  herfindahl_index_markets=0.050
11:46:14 [super]   #1592  0xe99b7789282759acd2e3b0227779f8ebab5ed599  prob=0.0346 (raw=0.0184)  vol=$11  trades=2  first_trade=2025-11-23 19:38  winrate=0.444  n_markets_traded=45.000  herfindahl_index_markets=0.061
11:46:14 [super]   #1593  0x2b057f4627d35e476ec53b85a2f75dc067b9c45a  prob=0.0346 (raw=0.0184)  vol=$12  trades=4  first_trade=2025-12-15 14:27  winrate=0.508  n_markets_traded=116.000  herfindahl_index_markets=0.033
11:46:14 [super]   #1594  0xc1b1fce9858d679b918f46a4b7ba18c091d57eb0  prob=0.0346 (raw=0.0183)  vol=$13  trades=4  first_trade=2025-12-14 11:21  winrate=0.685  n_markets_traded=108.000  herfindahl_index_markets=0.012
11:46:14 [super]   #1595  0x551845119ff3c07f8c4da018079329f4c3c346c8  prob=0.0346 (raw=0.0183)  vol=$347  trades=3  first_trade=2025-11-30 08:18  winrate=0.167  n_markets_traded=54.000  herfindahl_index_markets=0.046
11:46:14 [super]   #1596  0x84b1507985e1390c25b5ce21fbb744643b6709ce  prob=0.0346 (raw=0.0183)  vol=$11  trades=2  first_trade=2025-12-05 21:02  winrate=0.432  n_markets_traded=43.000  herfindahl_index_markets=0.097
11:46:14 [super]   #1597  0xea2986f56a8c0c2e2cd4991ad2ea6469ea5343e3  prob=0.0346 (raw=0.0183)  vol=$9,845  trades=1832  first_trade=2025-12-10 16:24  winrate=NaN  n_markets_traded=0.000  herfindahl_index_markets=0.000
11:46:14 [super]   #1598  0xa5173017f87a1c59f4613f4db506980b689933ef  prob=0.0346 (raw=0.0183)  vol=$319  trades=7  first_trade=2025-11-27 18:33  winrate=0.238  n_markets_traded=21.000  herfindahl_index_markets=0.154
11:46:14 [super]   #1599  0xcbf0afd19f53c627b67b85ce377e9a055ff2fdbe  prob=0.0346 (raw=0.0183)  vol=$59  trades=4  first_trade=2025-12-12 15:55  winrate=0.255  n_markets_traded=51.000  herfindahl_index_markets=0.038
11:46:14 [super]   #1600  0x7897fadaa1941032d26fe094fab8b8f1f7924239  prob=0.0346 (raw=0.0182)  vol=$1,576  trades=28  first_trade=2025-12-13 09:42  winrate=0.500  n_markets_traded=240.000  herfindahl_index_markets=0.026
11:46:14 [super]   #1601  0xe9010cf300384ce6b86ed9cd9436d515d3593139  prob=0.0346 (raw=0.0182)  vol=$28  trades=2  first_trade=2025-12-19 05:34  winrate=NaN  n_markets_traded=0.000  herfindahl_index_markets=0.000
11:46:14 [super]   #1602  0x5f39d698c8b1f2efadb1042a3c6085e82ae3d603  prob=0.0346 (raw=0.0182)  vol=$173  trades=30  first_trade=2025-12-09 19:59  winrate=NaN  n_markets_traded=0.000  herfindahl_index_markets=0.000
11:46:14 [super]   #1603  0xff6f73db2335924047acba3444750555437749af  prob=0.0346 (raw=0.0182)  vol=$56  trades=5  first_trade=2025-12-10 00:39  winrate=0.636  n_markets_traded=11.000  herfindahl_index_markets=0.132
11:46:14 [super]   #1604  0x25aae943c57aeff7e58a18d4a4f7b97167c44ab6  prob=0.0346 (raw=0.0181)  vol=$12  trades=2  first_trade=2025-11-22 21:51  winrate=0.390  n_markets_traded=41.000  herfindahl_index_markets=0.033
11:46:14 [super]   #1605  0xd777d71ffd9b104d380e2585578e46f27638c068  prob=0.0346 (raw=0.0181)  vol=$11  trades=4  first_trade=2025-12-09 18:12  winrate=0.143  n_markets_traded=14.000  herfindahl_index_markets=0.164
11:46:14 [super]   #1606  0x0f7a66e2a445431787deeb24ee4483b80fccd37e  prob=0.0346 (raw=0.0181)  vol=$85  trades=6  first_trade=2025-12-07 17:59  winrate=0.136  n_markets_traded=81.000  herfindahl_index_markets=0.036
11:46:14 [super]   #1607  0xaf734942ac9d649a35dc4b9d83c45473c4b2c960  prob=0.0346 (raw=0.0181)  vol=$69  trades=5  first_trade=2025-12-17 22:09  winrate=0.167  n_markets_traded=6.000  herfindahl_index_markets=0.200
11:46:14 [super]   #1608  0x4aece05d5c1713386691eddfa6c9e19bcaa8ebbf  prob=0.0346 (raw=0.0180)  vol=$162  trades=8  first_trade=2025-11-27 19:36  winrate=0.429  n_markets_traded=28.000  herfindahl_index_markets=0.061
11:46:14 [super]   #1609  0x5c230fabd1da69d7ef5270d9cb59b5feb8e9f7e5  prob=0.0346 (raw=0.0180)  vol=$92  trades=8  first_trade=2025-11-08 09:47  winrate=0.557  n_markets_traded=106.000  herfindahl_index_markets=0.033
11:46:14 [super]   #1610  0xf8c1af598b8645706594ffae7fa6b3b21e7593d2  prob=0.0346 (raw=0.0180)  vol=$27  trades=11  first_trade=2025-10-24 02:02  winrate=0.658  n_markets_traded=73.000  herfindahl_index_markets=0.033
11:46:14 [super]   #1611  0x7131cb618fb195c70e8e629c45199096833c29cc  prob=0.0345 (raw=0.0179)  vol=$132,840  trades=82  first_trade=2025-12-19 00:28  winrate=0.615  n_markets_traded=51.000  herfindahl_index_markets=0.079
11:46:14 [super]   #1612  0x367ead1b2f466dd9a732068bc3e1907649f58d39  prob=0.0345 (raw=0.0179)  vol=$50  trades=2  first_trade=2025-12-12 11:38  winrate=0.528  n_markets_traded=105.000  herfindahl_index_markets=0.020
11:46:14 [super]   #1613  0x43a9bb2f23054e75914a0aec637ad2bfd4fefaeb  prob=0.0345 (raw=0.0178)  vol=$235  trades=19  first_trade=2025-12-19 01:14  winrate=NaN  n_markets_traded=0.000  herfindahl_index_markets=0.000
11:46:14 [super]   #1614  0xda7481db6943768f843b1020c8054df7d47b0ecd  prob=0.0345 (raw=0.0178)  vol=$21  trades=2  first_trade=2025-11-11 13:54  winrate=0.523  n_markets_traded=86.000  herfindahl_index_markets=0.050
11:46:14 [super]   #1615  0x4040f08c1fe599834db67ffa27f232d4a8ec89b6  prob=0.0345 (raw=0.0178)  vol=$340  trades=6  first_trade=2025-11-16 03:29  winrate=0.242  n_markets_traded=31.000  herfindahl_index_markets=0.858
11:46:14 [super]   #1616  0x1e51dea7442d96909ca769ad63448498e04f1b25  prob=0.0345 (raw=0.0177)  vol=$87  trades=5  first_trade=2025-11-10 03:33  winrate=0.171  n_markets_traded=41.000  herfindahl_index_markets=0.057
11:46:14 [super]   #1617  0xb28d278eeea193240f70f2d24172bd49a0391fc3  prob=0.0345 (raw=0.0177)  vol=$4  trades=4  first_trade=2025-12-13 09:10  winrate=0.000  n_markets_traded=71.000  herfindahl_index_markets=0.038
11:46:14 [super]   #1618  0xaf37d65ddff4cbc6d87ec8df66a975a0ac27de49  prob=0.0345 (raw=0.0177)  vol=$40  trades=4  first_trade=2025-12-10 11:40  winrate=0.154  n_markets_traded=26.000  herfindahl_index_markets=0.213
11:46:14 [super]   #1619  0x9db84105f32d53a08484fcf5ae63da269171126f  prob=0.0345 (raw=0.0177)  vol=$160  trades=10  first_trade=2025-12-08 03:51  winrate=0.225  n_markets_traded=80.000  herfindahl_index_markets=0.031
11:46:14 [super]   #1620  0xb5329df0dca476082c91e896bcb95103cb07989f  prob=0.0345 (raw=0.0177)  vol=$14  trades=8  first_trade=2025-11-11 04:56  winrate=0.500  n_markets_traded=250.000  herfindahl_index_markets=0.011
11:46:14 [super]   #1621  0x5025673c61a43d21255b9c46869a677d735add30  prob=0.0345 (raw=0.0176)  vol=$506  trades=5  first_trade=2025-12-12 06:30  winrate=0.558  n_markets_traded=156.000  herfindahl_index_markets=0.040
11:46:14 [super]   #1622  0x9975dccfa0c81a5926c169c9dcea85dcdfae96f9  prob=0.0345 (raw=0.0176)  vol=$16  trades=4  first_trade=2025-11-14 19:29  winrate=0.378  n_markets_traded=45.000  herfindahl_index_markets=0.112
11:46:14 [super]   #1623  0xb3d0c3151e8ba68617238433d5de708f1456904e  prob=0.0345 (raw=0.0176)  vol=$943  trades=14  first_trade=2025-12-08 06:57  winrate=0.000  n_markets_traded=3.000  herfindahl_index_markets=0.611
11:46:14 [super]   #1624  0x2c6847728fef52fb63db7347f478614c2d99beb4  prob=0.0345 (raw=0.0175)  vol=$4  trades=4  first_trade=2025-11-03 13:01  winrate=0.383  n_markets_traded=47.000  herfindahl_index_markets=0.213
11:46:14 [super]   #1625  0xb73e5e25de97017402faec89802020e1fab37204  prob=0.0345 (raw=0.0175)  vol=$60  trades=4  first_trade=2025-12-15 12:24  winrate=0.545  n_markets_traded=110.000  herfindahl_index_markets=0.020
11:46:14 [super]   #1626  0xab2d4612f587501a2ab6c0569b87a3c8d9ca2ed0  prob=0.0345 (raw=0.0175)  vol=$530  trades=11  first_trade=2025-12-06 11:11  winrate=0.569  n_markets_traded=137.000  herfindahl_index_markets=0.018
11:46:14 [super]   #1627  0xbae1547a2a285253ddb818cac491427025022def  prob=0.0345 (raw=0.0174)  vol=$485  trades=15  first_trade=2025-12-06 00:33  winrate=0.000  n_markets_traded=5.000  herfindahl_index_markets=0.395
11:46:14 [super]   #1628  0x993f451b6d5c21996b1bf688493cea9c4c823ee3  prob=0.0345 (raw=0.0174)  vol=$1,792  trades=9  first_trade=2025-12-13 16:23  winrate=NaN  n_markets_traded=0.000  herfindahl_index_markets=0.000
11:46:14 [super]   #1629  0x3b23dc37606cf3ca107ff3925bafb7390ce55e5e  prob=0.0345 (raw=0.0174)  vol=$62  trades=6  first_trade=2025-12-04 17:20  winrate=0.396  n_markets_traded=207.000  herfindahl_index_markets=0.052
11:46:14 [super]   #1630  0x1a75b9198bc58badf74e558980546dc569ba3aa5  prob=0.0345 (raw=0.0173)  vol=$18  trades=4  first_trade=2025-11-25 00:29  winrate=0.405  n_markets_traded=125.000  herfindahl_index_markets=0.014
11:46:14 [super]   #1631  0x450277be899971942472659be4fb6e23bf6d2f4d  prob=0.0345 (raw=0.0173)  vol=$593  trades=23  first_trade=2025-12-12 11:56  winrate=0.316  n_markets_traded=18.000  herfindahl_index_markets=0.095
11:46:14 [super]   #1632  0x9ddfa4d5b954379a03d19f87df36b9820b862c83  prob=0.0344 (raw=0.0173)  vol=$2,804  trades=33  first_trade=2025-12-17 11:30  winrate=NaN  n_markets_traded=0.000  herfindahl_index_markets=0.000
11:46:14 [super]   #1633  0xc7ede2d6741c6c35f5aa69d69ab08067049e2c9a  prob=0.0344 (raw=0.0173)  vol=$3  trades=4  first_trade=2025-11-30 02:31  winrate=0.492  n_markets_traded=117.000  herfindahl_index_markets=0.020
11:46:14 [super]   #1634  0x4f9b6d7d1da2622b933842d82dec30d32220cc64  prob=0.0344 (raw=0.0172)  vol=$108  trades=37  first_trade=2025-12-17 09:51  winrate=0.219  n_markets_traded=64.000  herfindahl_index_markets=0.054
11:46:14 [super]   #1635  0x8791163897c156c794e1917ea2f4fd18d46769e2  prob=0.0344 (raw=0.0172)  vol=$1  trades=2  first_trade=2025-11-09 17:59  winrate=0.503  n_markets_traded=143.000  herfindahl_index_markets=0.022
11:46:14 [super]   #1636  0xfc7a02b0fb9b12e4986df60bcc615ac70c1d74e3  prob=0.0344 (raw=0.0172)  vol=$62  trades=8  first_trade=2025-11-10 05:56  winrate=0.000  n_markets_traded=11.000  herfindahl_index_markets=0.303
11:46:14 [super]   #1637  0xf1e2b8f6f1b58eca2813f0f91eb624e1f871c86f  prob=0.0344 (raw=0.0171)  vol=$158  trades=6  first_trade=2025-12-13 09:42  winrate=0.146  n_markets_traded=41.000  herfindahl_index_markets=0.043
11:46:14 [super]   #1638  0x03fe8c5740b6624ba50d3480176ed7239a22b465  prob=0.0344 (raw=0.0171)  vol=$14  trades=6  first_trade=2025-12-10 08:20  winrate=0.312  n_markets_traded=276.000  herfindahl_index_markets=0.070
11:46:14 [super]   #1639  0x6d2a1cdac5c03e3971e58573865c7cb46e9a8a7b  prob=0.0344 (raw=0.0171)  vol=$30  trades=5  first_trade=2025-12-15 08:22  winrate=0.412  n_markets_traded=68.000  herfindahl_index_markets=0.033
11:46:14 [super]   #1640  0x2517a3ee54d6fabfa0c2c79ec2ed736108044635  prob=0.0344 (raw=0.0171)  vol=$1  trades=2  first_trade=2025-10-25 15:30  winrate=0.231  n_markets_traded=26.000  herfindahl_index_markets=0.091
11:46:14 [super]   #1641  0x48f3fb21d33d38c29ff7a6724fb101c0e4bf104f  prob=0.0344 (raw=0.0171)  vol=$88  trades=6  first_trade=2025-11-20 02:16  winrate=0.559  n_markets_traded=34.000  herfindahl_index_markets=0.340
11:46:14 [super]   #1642  0x983d4c605334ad3ef06227f1cccc8fc2dd5c933f  prob=0.0344 (raw=0.0170)  vol=$670  trades=31  first_trade=2025-12-08 20:59  winrate=0.390  n_markets_traded=368.000  herfindahl_index_markets=0.029
11:46:14 [super]   #1643  0x132eff4609ac543f3e7b21c185897549898eea16  prob=0.0344 (raw=0.0170)  vol=$5  trades=4  first_trade=2025-12-04 09:11  winrate=0.370  n_markets_traded=27.000  herfindahl_index_markets=0.058
11:46:14 [super]   #1644  0xd39076714268c22e2af4aa496a3de44b40f8e693  prob=0.0344 (raw=0.0170)  vol=$25  trades=4  first_trade=2025-12-07 15:20  winrate=0.000  n_markets_traded=8.000  herfindahl_index_markets=0.235
11:46:14 [super]   #1645  0xe630d06949516b0f2a70831a3b88be17ef40bb29  prob=0.0344 (raw=0.0170)  vol=$32  trades=5  first_trade=2025-12-12 18:54  winrate=0.571  n_markets_traded=42.000  herfindahl_index_markets=0.583
11:46:14 [super]   #1646  0xbc9fa38bb3200bafe0aa68aa2b89cc18e23235e5  prob=0.0344 (raw=0.0170)  vol=$209  trades=7  first_trade=2025-12-02 02:55  winrate=0.625  n_markets_traded=126.000  herfindahl_index_markets=0.030
11:46:14 [super]   #1647  0xe4ca3841ade21e05cbd5786dd5feea5d65c01383  prob=0.0344 (raw=0.0169)  vol=$1,218  trades=120  first_trade=2025-10-21 22:15  winrate=NaN  n_markets_traded=0.000  herfindahl_index_markets=0.000
11:46:14 [super]   #1648  0xc9a0c9f9fd637d4a98855c0f93fc7cd62190a27c  prob=0.0344 (raw=0.0169)  vol=$4  trades=2  first_trade=2025-12-08 08:03  winrate=0.688  n_markets_traded=29.000  herfindahl_index_markets=0.075
11:46:14 [super]   #1649  0xce3ee032103f9e50e2e88a617e30bd977e1e509a  prob=0.0344 (raw=0.0169)  vol=$37  trades=30  first_trade=2025-11-22 18:59  winrate=0.084  n_markets_traded=167.000  herfindahl_index_markets=0.022
11:46:14 [super]   #1650  0xfd5294de1d526489fede36ee0e43ae4779050c2f  prob=0.0344 (raw=0.0169)  vol=$1,998  trades=4  first_trade=2025-12-19 13:07  winrate=NaN  n_markets_traded=0.000  herfindahl_index_markets=0.000
11:46:14 [super]   #1651  0x0a2df277884926ac7003e4d19c26704e3fc54f43  prob=0.0344 (raw=0.0169)  vol=$726  trades=4  first_trade=2025-12-10 17:26  winrate=0.333  n_markets_traded=15.000  herfindahl_index_markets=0.147
11:46:14 [super]   #1652  0xf5eddf999e38aebfc1d5c50acaab54baff4e0820  prob=0.0344 (raw=0.0169)  vol=$169  trades=33  first_trade=2025-11-25 00:29  winrate=0.460  n_markets_traded=113.000  herfindahl_index_markets=0.043
11:46:14 [super]   #1653  0x4f3caebbf77eb7f3ba1d66e0f7837fb76bb673e8  prob=0.0344 (raw=0.0169)  vol=$44  trades=2  first_trade=2025-12-03 22:50  winrate=0.670  n_markets_traded=94.000  herfindahl_index_markets=0.551
11:46:14 [super]   #1654  0x3342871d4f1fe12b4442f04655275b316c1edf4e  prob=0.0344 (raw=0.0168)  vol=$54  trades=3  first_trade=2025-12-07 14:59  winrate=0.464  n_markets_traded=429.000  herfindahl_index_markets=0.034
11:46:14 [super]   #1655  0x2f2135177c7cf14aea193c22e5f47671f0ec62ef  prob=0.0344 (raw=0.0168)  vol=$162  trades=2  first_trade=2025-12-04 20:57  winrate=0.565  n_markets_traded=107.000  herfindahl_index_markets=0.024
11:46:14 [super]   #1656  0xa4058b16dbe42b3eb69ad48d56e0d7d618e599ac  prob=0.0344 (raw=0.0168)  vol=$321  trades=5  first_trade=2025-11-10 17:52  winrate=0.154  n_markets_traded=13.000  herfindahl_index_markets=0.170
11:46:14 [super]   #1657  0x86d3867895ff457fa73ec1b9148a756b43398525  prob=0.0344 (raw=0.0167)  vol=$68  trades=2  first_trade=2025-12-19 07:19  winrate=0.500  n_markets_traded=14.000  herfindahl_index_markets=0.088
11:46:14 [super]   #1658  0x98fce428db4b92b4c9e5427b4c9822fbc7025382  prob=0.0344 (raw=0.0167)  vol=$140  trades=9  first_trade=2025-11-21 08:15  winrate=0.119  n_markets_traded=143.000  herfindahl_index_markets=0.012
11:46:14 [super]   #1659  0xab582d620329e8df23f70aca4002c976b0edb07d  prob=0.0344 (raw=0.0167)  vol=$384  trades=9  first_trade=2025-12-16 23:19  winrate=0.586  n_markets_traded=174.000  herfindahl_index_markets=0.016
11:46:14 [super]   #1660  0x04fb51b0f52b687d917b1fbbe2c861f733fe2f00  prob=0.0344 (raw=0.0166)  vol=$34  trades=2  first_trade=2025-12-18 16:12  winrate=0.671  n_markets_traded=75.000  herfindahl_index_markets=0.316
11:46:14 [super]   #1661  0x81a604f2bab77dd0d69a73ca8f93fc39a23f9c48  prob=0.0344 (raw=0.0166)  vol=$1,805  trades=43  first_trade=2025-12-10 09:56  winrate=0.473  n_markets_traded=283.000  herfindahl_index_markets=0.018
11:46:14 [super]   #1662  0x14c865ec1a2a938f8cff29a7e818453c2daa4f18  prob=0.0344 (raw=0.0166)  vol=$2  trades=2  first_trade=2025-12-15 21:46  winrate=0.000  n_markets_traded=28.000  herfindahl_index_markets=0.040
11:46:14 [super]   #1663  0xbb56421616d4ced2ceebaa7426aeb7b6b680bd17  prob=0.0344 (raw=0.0166)  vol=$37  trades=2  first_trade=2025-12-04 06:35  winrate=0.500  n_markets_traded=22.000  herfindahl_index_markets=0.073
11:46:14 [super]   #1664  0x82147e52ff6f18d3d55d98f59f260ee5be5aef72  prob=0.0343 (raw=0.0165)  vol=$21,808  trades=356  first_trade=2025-12-06 09:47  winrate=NaN  n_markets_traded=0.000  herfindahl_index_markets=0.000
11:46:14 [super]   #1665  0xdfbc02dc09c9a5dfdd8490d5478c37ff41aade30  prob=0.0343 (raw=0.0165)  vol=$1  trades=2  first_trade=2025-12-17 08:45  winrate=0.435  n_markets_traded=46.000  herfindahl_index_markets=0.084
11:46:14 [super]   #1666  0xad5353afe30c2da57709e2704ef3ccdcf67eef24  prob=0.0343 (raw=0.0165)  vol=$98  trades=16  first_trade=2025-11-06 22:38  winrate=NaN  n_markets_traded=0.000  herfindahl_index_markets=0.000
11:46:14 [super]   #1667  0xa19dc4dd4dbf288dfa578b70e1051b3e959c02d1  prob=0.0343 (raw=0.0164)  vol=$19  trades=5  first_trade=2025-12-01 11:37  winrate=0.636  n_markets_traded=43.000  herfindahl_index_markets=0.104
11:46:14 [super]   #1668  0x15740055904cab8a8b743f2f6f5428122f8764c9  prob=0.0343 (raw=0.0164)  vol=$4,715  trades=35  first_trade=2025-12-12 16:22  winrate=NaN  n_markets_traded=0.000  herfindahl_index_markets=0.000
11:46:14 [super]   #1669  0x2031d91151a66126f82ca00b0a3ca974515a1d23  prob=0.0343 (raw=0.0164)  vol=$47  trades=5  first_trade=2025-12-06 19:42  winrate=0.219  n_markets_traded=32.000  herfindahl_index_markets=0.179
11:46:14 [super]   #1670  0x7ef161646249d2a87d52d2dc68bc1f6e64f74e46  prob=0.0343 (raw=0.0164)  vol=$111  trades=12  first_trade=2025-12-19 12:29  winrate=NaN  n_markets_traded=0.000  herfindahl_index_markets=0.000
11:46:14 [super]   #1671  0xaa5b0ff6c5b9a933e8a9d21798c1209e5f8d4a6d  prob=0.0343 (raw=0.0164)  vol=$41  trades=4  first_trade=2025-12-10 16:17  winrate=0.524  n_markets_traded=231.000  herfindahl_index_markets=0.173
11:46:14 [super]   #1672  0xa125dea677e873599052fe695c3c0cd6c5eb2d33  prob=0.0343 (raw=0.0164)  vol=$9  trades=2  first_trade=2025-12-01 15:08  winrate=0.250  n_markets_traded=8.000  herfindahl_index_markets=0.218
11:46:14 [super]   #1673  0xbf509afe569500d621b2548a63f4f4e4788a4397  prob=0.0343 (raw=0.0163)  vol=$3  trades=4  first_trade=2025-12-12 14:31  winrate=0.531  n_markets_traded=77.000  herfindahl_index_markets=0.040
11:46:14 [super]   #1674  0x2c42b4cc004fe2de41276eb227399627ac9cbfae  prob=0.0343 (raw=0.0163)  vol=$10  trades=2  first_trade=2025-12-04 03:08  winrate=0.591  n_markets_traded=22.000  herfindahl_index_markets=0.143
11:46:14 [super]   #1675  0x5fc50816f1592dabeaf8a9a7d83ca94edce5610e  prob=0.0343 (raw=0.0163)  vol=$1,013  trades=38  first_trade=2025-12-07 19:10  winrate=NaN  n_markets_traded=0.000  herfindahl_index_markets=0.000
11:46:14 [super]   #1676  0x31c679859efdf2cdd86080d1f5c0be9346a3bf66  prob=0.0343 (raw=0.0163)  vol=$10  trades=5  first_trade=2025-11-17 17:04  winrate=0.308  n_markets_traded=13.000  herfindahl_index_markets=0.100
11:46:14 [super]   #1677  0xac7a15579dfb6f7da36e59ae6e8a75368976414f  prob=0.0343 (raw=0.0163)  vol=$121  trades=16  first_trade=2025-12-04 05:50  winrate=0.496  n_markets_traded=124.000  herfindahl_index_markets=0.027
11:46:14 [super]   #1678  0x4b88de2cf4151003c0920394c581a1a063fb96a2  prob=0.0343 (raw=0.0163)  vol=$5  trades=4  first_trade=2025-12-06 03:23  winrate=0.575  n_markets_traded=87.000  herfindahl_index_markets=0.564
11:46:14 [super]   #1679  0x1e288bdec2301b3d3968f511fb58dbe01f8acfaf  prob=0.0343 (raw=0.0163)  vol=$6  trades=2  first_trade=2025-12-07 11:02  winrate=0.635  n_markets_traded=74.000  herfindahl_index_markets=0.824
11:46:14 [super]   #1680  0x90847f6af5b590cde8cedeb61fabc7262f8cd70f  prob=0.0343 (raw=0.0163)  vol=$15  trades=4  first_trade=2025-12-19 07:52  winrate=0.200  n_markets_traded=20.000  herfindahl_index_markets=0.100
11:46:14 [super]   #1681  0xf8852b4eddb40f7dc3d97c8f605842646f0a37e8  prob=0.0343 (raw=0.0162)  vol=$24  trades=2  first_trade=2025-12-19 13:10  winrate=NaN  n_markets_traded=0.000  herfindahl_index_markets=0.000
11:46:14 [super]   #1682  0x6fd4b94babbd4d2c6dc267a1a232f70ca552ea85  prob=0.0343 (raw=0.0162)  vol=$37  trades=3  first_trade=2025-11-25 10:01  winrate=0.148  n_markets_traded=27.000  herfindahl_index_markets=0.091
11:46:14 [super]   #1683  0x5c869c4a5fd475215a3d43b63511efce78e3e223  prob=0.0343 (raw=0.0162)  vol=$2  trades=2  first_trade=2025-11-18 10:06  winrate=0.333  n_markets_traded=15.000  herfindahl_index_markets=0.120
11:46:14 [super]   #1684  0xc6897807b8331459233422f54b45ba09cd715f35  prob=0.0343 (raw=0.0162)  vol=$21  trades=1  first_trade=2025-12-08 10:46  winrate=0.760  n_markets_traded=25.000  herfindahl_index_markets=0.073
11:46:14 [super]   #1685  0xf249f14b858f874039a51ff22baab4bbeb77699b  prob=0.0343 (raw=0.0162)  vol=$6  trades=4  first_trade=2025-12-06 21:39  winrate=0.447  n_markets_traded=119.000  herfindahl_index_markets=0.015
11:46:14 [super]   #1686  0xb1c835158e86f39f0c1202eef84e8f1feb34dfa3  prob=0.0343 (raw=0.0162)  vol=$159  trades=15  first_trade=2025-12-19 11:50  winrate=0.698  n_markets_traded=52.000  herfindahl_index_markets=0.166
11:46:14 [super]   #1687  0xb17edd2dd1a681526b21ea6689170cc4a07222be  prob=0.0343 (raw=0.0161)  vol=$13  trades=2  first_trade=2025-12-08 23:35  winrate=NaN  n_markets_traded=0.000  herfindahl_index_markets=0.000
11:46:14 [super]   #1688  0x699e6f741ee4a17479f5ba235c14d106e42155bc  prob=0.0343 (raw=0.0161)  vol=$88  trades=10  first_trade=2025-10-23 10:50  winrate=0.556  n_markets_traded=27.000  herfindahl_index_markets=0.071
11:46:14 [super]   #1689  0xb4763416499108750f49f22278c75cb4ff0b2d87  prob=0.0343 (raw=0.0161)  vol=$31  trades=3  first_trade=2025-11-03 16:09  winrate=0.326  n_markets_traded=181.000  herfindahl_index_markets=0.062
11:46:14 [super]   #1690  0x641de459cdee22747846ddc9b62000c7ed580e96  prob=0.0343 (raw=0.0161)  vol=$0  trades=1  first_trade=2025-12-19 13:20  winrate=NaN  n_markets_traded=0.000  herfindahl_index_markets=0.000
11:46:14 [super]   #1691  0x26ae1787633733629e92e52a9853fbba1812417d  prob=0.0343 (raw=0.0161)  vol=$2  trades=2  first_trade=2025-12-19 14:27  winrate=0.333  n_markets_traded=9.000  herfindahl_index_markets=0.985
11:46:14 [super]   #1692  0xc1a5da684d99100f835d557afa1f22f6b0b73199  prob=0.0343 (raw=0.0161)  vol=$0  trades=1  first_trade=2025-12-19 13:20  winrate=NaN  n_markets_traded=0.000  herfindahl_index_markets=0.000
11:46:14 [super]   #1693  0x762d8af7dca441606177b949ca3bc94ac4ec9b6b  prob=0.0343 (raw=0.0160)  vol=$4  trades=2  first_trade=2025-12-18 10:46  winrate=0.039  n_markets_traded=51.000  herfindahl_index_markets=0.081
11:46:14 [super]   #1694  0x6ce70e206cb64f355a880eef0d7d45af773e4edb  prob=0.0343 (raw=0.0160)  vol=$45  trades=4  first_trade=2025-12-12 11:21  winrate=0.645  n_markets_traded=107.000  herfindahl_index_markets=0.013
11:46:14 [super]   #1695  0xaa05de09cee00b27ca514aadc0c601559008fed7  prob=0.0343 (raw=0.0160)  vol=$103  trades=6  first_trade=2025-11-08 01:05  winrate=NaN  n_markets_traded=0.000  herfindahl_index_markets=0.000
11:46:14 [super]   #1696  0x26ce1b59c2bbc8b4caf62fef1ec8840d959e86e8  prob=0.0343 (raw=0.0160)  vol=$12  trades=2  first_trade=2025-12-19 11:40  winrate=0.729  n_markets_traded=70.000  herfindahl_index_markets=0.109
11:46:14 [super]   #1697  0x96c6740f9b58c5a38c9172147cd6266da06c34a2  prob=0.0343 (raw=0.0160)  vol=$6,140  trades=23  first_trade=2025-12-19 11:57  winrate=0.451  n_markets_traded=64.000  herfindahl_index_markets=0.080
11:46:14 [super]   #1698  0xbef9893619721b52819a3832cab3d1dc0275d257  prob=0.0343 (raw=0.0159)  vol=$35  trades=7  first_trade=2025-12-12 14:34  winrate=0.451  n_markets_traded=49.000  herfindahl_index_markets=0.127
11:46:14 [super]   #1699  0xa3a2af996e68a65d138f4ad93ad0cfa5897131db  prob=0.0342 (raw=0.0159)  vol=$1  trades=1  first_trade=2025-12-13 12:02  winrate=0.600  n_markets_traded=30.000  herfindahl_index_markets=0.068
11:46:14 [super]   #1700  0xcceb22d524e186153cffe79f13c0aeb75889f030  prob=0.0342 (raw=0.0159)  vol=$164  trades=3  first_trade=2025-11-03 03:44  winrate=NaN  n_markets_traded=0.000  herfindahl_index_markets=0.000
11:46:14 [super]   #1701  0x5165eccfa9affff1605a750fe71e29b4a55d252b  prob=0.0342 (raw=0.0159)  vol=$14  trades=2  first_trade=2025-12-19 04:17  winrate=0.459  n_markets_traded=85.000  herfindahl_index_markets=0.061
11:46:14 [super]   #1702  0xfff14760a8ffa9cc9023fa9a2384e1b33b187c50  prob=0.0342 (raw=0.0158)  vol=$8  trades=2  first_trade=2025-11-09 22:51  winrate=0.103  n_markets_traded=29.000  herfindahl_index_markets=0.098
11:46:14 [super]   #1703  0x6e9a9d577583d7b7b65a45d2416bfce1c8112373  prob=0.0342 (raw=0.0158)  vol=$39  trades=4  first_trade=2025-12-04 10:01  winrate=0.225  n_markets_traded=40.000  herfindahl_index_markets=0.094
11:46:14 [super]   #1704  0xb242191050482d80fdf717ec9547c9267bc5c70d  prob=0.0342 (raw=0.0158)  vol=$400  trades=3  first_trade=2025-12-06 18:48  winrate=0.444  n_markets_traded=9.000  herfindahl_index_markets=0.248
11:46:14 [super]   #1705  0x2bc7e939bf48259488c991b095977d1f3beee411  prob=0.0342 (raw=0.0158)  vol=$398  trades=12  first_trade=2025-10-22 17:25  winrate=NaN  n_markets_traded=0.000  herfindahl_index_markets=0.000
11:46:14 [super]   #1706  0x0c65840880163c0fd8b4bb4696077be3b4dad60d  prob=0.0342 (raw=0.0158)  vol=$80  trades=2  first_trade=2025-12-19 09:27  winrate=0.414  n_markets_traded=169.000  herfindahl_index_markets=0.018
11:46:14 [super]   #1707  0xe24c5759b8b613954038598a25408336911afde7  prob=0.0342 (raw=0.0158)  vol=$2,538  trades=26  first_trade=2025-12-16 06:20  winrate=0.447  n_markets_traded=37.000  herfindahl_index_markets=0.104
11:46:14 [super]   #1708  0xa4bd8f49695cf5d55924aca4cc2694952874e8a2  prob=0.0342 (raw=0.0158)  vol=$879  trades=147  first_trade=2025-12-01 16:55  winrate=NaN  n_markets_traded=0.000  herfindahl_index_markets=0.000
11:46:14 [super]   #1709  0xf38fc0626996c11c1acbef70ec3063e56abf4f52  prob=0.0342 (raw=0.0158)  vol=$1,677  trades=30  first_trade=2025-12-07 09:49  winrate=NaN  n_markets_traded=0.000  herfindahl_index_markets=0.000
11:46:14 [super]   #1710  0xb9cf64042114c5492860d45d3791477d8c230e53  prob=0.0342 (raw=0.0157)  vol=$60  trades=4  first_trade=2025-11-13 07:56  winrate=0.180  n_markets_traded=50.000  herfindahl_index_markets=0.131
11:46:14 [super]   #1711  0x9d8d9d47e33668e41e8d6f94392738a3bb7f1425  prob=0.0342 (raw=0.0157)  vol=$33  trades=2  first_trade=2025-11-09 14:00  winrate=0.405  n_markets_traded=42.000  herfindahl_index_markets=0.079
11:46:14 [super]   #1712  0x199c6ef18a1e0f089146862c8692d325a1f5abb6  prob=0.0342 (raw=0.0157)  vol=$11  trades=4  first_trade=2025-12-05 13:23  winrate=0.129  n_markets_traded=31.000  herfindahl_index_markets=0.184
11:46:14 [super]   #1713  0x983f495ee6bd740eb4d69a75f5882ed92150705a  prob=0.0342 (raw=0.0157)  vol=$3  trades=2  first_trade=2025-11-14 21:23  winrate=0.000  n_markets_traded=4.000  herfindahl_index_markets=0.438
11:46:14 [super]   #1714  0xde9f94a22fa292e38fecc1f8e5dba6378512ce79  prob=0.0342 (raw=0.0157)  vol=$2  trades=4  first_trade=2025-10-09 09:18  winrate=0.404  n_markets_traded=94.000  herfindahl_index_markets=0.038
11:46:14 [super]   #1715  0xe49756e59b79705991b166ead9107a63e55984aa  prob=0.0342 (raw=0.0156)  vol=$200  trades=3  first_trade=2025-12-04 13:27  winrate=0.374  n_markets_traded=190.000  herfindahl_index_markets=0.027
11:46:14 [super]   #1716  0xe6a0e9f34934f9cb17d15442e335db0cb1b0aaed  prob=0.0342 (raw=0.0156)  vol=$254  trades=8  first_trade=2025-12-05 08:11  winrate=0.294  n_markets_traded=17.000  herfindahl_index_markets=0.256
11:46:14 [super]   #1717  0xda49ccd842d5bd2c8de310efa8a8ff6635e25307  prob=0.0342 (raw=0.0156)  vol=$70  trades=6  first_trade=2025-10-22 12:47  winrate=0.447  n_markets_traded=38.000  herfindahl_index_markets=0.205
11:46:14 [super]   #1718  0x4a4bdcbfaff5659c11adcf7a9509c62a3b6cde54  prob=0.0342 (raw=0.0156)  vol=$1  trades=2  first_trade=2025-12-10 07:35  winrate=0.645  n_markets_traded=118.000  herfindahl_index_markets=0.042
11:46:14 [super]   #1719  0x6a2f6728af50c9d3ed7ee0b9dce6807492cb3d3c  prob=0.0342 (raw=0.0156)  vol=$2  trades=2  first_trade=2025-12-19 06:58  winrate=0.688  n_markets_traded=15.000  herfindahl_index_markets=0.157
11:46:14 [super]   #1720  0xef9083511b4b68f1e47e74514c9f178ca97d14bc  prob=0.0342 (raw=0.0156)  vol=$192  trades=13  first_trade=2025-12-08 15:59  winrate=0.420  n_markets_traded=138.000  herfindahl_index_markets=0.047
11:46:14 [super]   #1721  0x0800477131d9fedd349bb32676b55f505c4ebf0f  prob=0.0342 (raw=0.0156)  vol=$8  trades=2  first_trade=2025-12-18 20:25  winrate=0.771  n_markets_traded=799.000  herfindahl_index_markets=0.006
11:46:14 [super]   #1722  0x19ef86225261eb5bdf05e070be2789a5d672e47c  prob=0.0342 (raw=0.0155)  vol=$83  trades=7  first_trade=2025-12-18 14:27  winrate=0.294  n_markets_traded=34.000  herfindahl_index_markets=0.067
11:46:14 [super]   #1723  0xa83e4e37039916d92c89194082a7813f5a9e848b  prob=0.0342 (raw=0.0155)  vol=$50  trades=2  first_trade=2025-12-13 07:38  winrate=0.077  n_markets_traded=13.000  herfindahl_index_markets=0.149
11:46:14 [super]   #1724  0x0ba2b315609e67aeee6c08cc35612e83cfcaf39a  prob=0.0342 (raw=0.0155)  vol=$19  trades=2  first_trade=2025-11-10 07:50  winrate=0.286  n_markets_traded=56.000  herfindahl_index_markets=0.055
11:46:14 [super]   #1725  0x9d3e989dd42030664e6157dae42f6d549542c49e  prob=0.0342 (raw=0.0155)  vol=$5  trades=4  first_trade=2025-11-14 09:27  winrate=NaN  n_markets_traded=0.000  herfindahl_index_markets=0.000
11:46:14 [super]   #1726  0x255f3a318200f82d04c44bd9d7e46b5f0b707d08  prob=0.0342 (raw=0.0155)  vol=$6  trades=3  first_trade=2025-12-05 10:21  winrate=0.432  n_markets_traded=422.000  herfindahl_index_markets=0.006
11:46:14 [super]   #1727  0x10bb4ebe59d2218703c21a4102350f9d04680cda  prob=0.0342 (raw=0.0155)  vol=$66  trades=12  first_trade=2025-12-13 06:07  winrate=0.000  n_markets_traded=10.000  herfindahl_index_markets=0.141
11:46:14 [super]   #1728  0xdf86954ca60e735c99e3224ad15ffd2c11527d31  prob=0.0342 (raw=0.0154)  vol=$716  trades=24  first_trade=2025-12-07 22:32  winrate=0.121  n_markets_traded=66.000  herfindahl_index_markets=0.099
11:46:14 [super]   #1729  0x11827a9f63cef8c67747a922182e9c72a0f4b6bb  prob=0.0342 (raw=0.0154)  vol=$59  trades=12  first_trade=2025-12-15 08:49  winrate=0.519  n_markets_traded=519.000  herfindahl_index_markets=0.013
11:46:14 [super]   #1730  0xc6a0f1efd5df9f3bef4f8132c14aa3ca594db511  prob=0.0342 (raw=0.0154)  vol=$2  trades=2  first_trade=2025-12-18 11:59  winrate=0.680  n_markets_traded=25.000  herfindahl_index_markets=0.123
11:46:14 [super]   #1731  0x1cc5309ef73fe8fa6bfa6c6c7de272a89f1a7c0a  prob=0.0342 (raw=0.0154)  vol=$1,918  trades=8  first_trade=2025-11-21 13:25  winrate=NaN  n_markets_traded=0.000  herfindahl_index_markets=0.000
11:46:14 [super]   #1732  0x740bbabc42c60e0f3231d7a6f112200d0242647a  prob=0.0342 (raw=0.0154)  vol=$13  trades=3  first_trade=2025-11-29 13:30  winrate=0.420  n_markets_traded=67.000  herfindahl_index_markets=0.050
11:46:14 [super]   #1733  0x3d85c79bc5bf1dfab707ac020becde0d37e46437  prob=0.0342 (raw=0.0154)  vol=$30  trades=24  first_trade=2025-11-26 18:44  winrate=NaN  n_markets_traded=0.000  herfindahl_index_markets=0.000
11:46:14 [super]   #1734  0xe7973fb0b6fd85e3b953da9076548d187efe1a4b  prob=0.0342 (raw=0.0153)  vol=$23  trades=3  first_trade=2025-12-11 03:34  winrate=0.732  n_markets_traded=156.000  herfindahl_index_markets=0.084
11:46:14 [super]   #1735  0x768c1e1c050b03cb93819bbcce2c9ee7809debf8  prob=0.0342 (raw=0.0153)  vol=$18  trades=2  first_trade=2025-12-16 14:09  winrate=0.286  n_markets_traded=14.000  herfindahl_index_markets=0.186
11:46:14 [super]   #1736  0xc24f644c56793372d7272a05e5a08582baf21acd  prob=0.0342 (raw=0.0153)  vol=$41  trades=5  first_trade=2025-10-22 14:45  winrate=0.568  n_markets_traded=249.000  herfindahl_index_markets=0.069
11:46:14 [super]   #1737  0x06858070d96e5abe1563ddb4c285a84fc8bd49eb  prob=0.0342 (raw=0.0153)  vol=$40  trades=2  first_trade=2025-11-11 00:28  winrate=0.705  n_markets_traded=129.000  herfindahl_index_markets=0.026
11:46:14 [super]   #1738  0x178c6d9a3bc16aba08ec578d1ecc9d5479747083  prob=0.0342 (raw=0.0153)  vol=$10  trades=1  first_trade=2025-12-03 07:15  winrate=0.103  n_markets_traded=58.000  herfindahl_index_markets=0.100
11:46:14 [super]   #1739  0xe2a51e2de6b9aeab5cae4eee7d4a911c476251b4  prob=0.0341 (raw=0.0152)  vol=$946  trades=9  first_trade=2025-12-12 20:21  winrate=0.235  n_markets_traded=17.000  herfindahl_index_markets=0.181
11:46:14 [super]   #1740  0x12afafc53456a43e721c0952c43fe38b86626124  prob=0.0341 (raw=0.0152)  vol=$40  trades=2  first_trade=2025-12-18 07:09  winrate=0.421  n_markets_traded=124.000  herfindahl_index_markets=0.040
11:46:14 [super]   #1741  0x432d32ffb8c03f723d5f60276a56061c22672733  prob=0.0341 (raw=0.0152)  vol=$3  trades=2  first_trade=2025-12-12 19:27  winrate=0.462  n_markets_traded=78.000  herfindahl_index_markets=0.026
11:46:14 [super]   #1742  0xa90b6f04eddbc8931529c6c34bb72b4e5bce26f3  prob=0.0341 (raw=0.0152)  vol=$2  trades=2  first_trade=2025-11-26 07:54  winrate=0.406  n_markets_traded=138.000  herfindahl_index_markets=0.029
11:46:14 [super]   #1743  0xe99a4e719ec35a1636140bc4810cd80f8e953f1c  prob=0.0341 (raw=0.0152)  vol=$2  trades=2  first_trade=2025-12-19 09:28  winrate=0.233  n_markets_traded=30.000  herfindahl_index_markets=0.180
11:46:14 [super]   #1744  0x408eeaa8a9fc553572ec6f230b26e88175986cdd  prob=0.0341 (raw=0.0151)  vol=$205  trades=9  first_trade=2025-11-09 01:42  winrate=0.222  n_markets_traded=27.000  herfindahl_index_markets=0.074
11:46:14 [super]   #1745  0xed3c7fc79f016f9be85aec1eaac5647198900cc2  prob=0.0341 (raw=0.0151)  vol=$8  trades=4  first_trade=2025-12-10 17:41  winrate=0.424  n_markets_traded=58.000  herfindahl_index_markets=0.028
11:46:14 [super]   #1746  0x934c30f941368b2d8345d4194dfe45bfb1646bfb  prob=0.0341 (raw=0.0151)  vol=$12  trades=9  first_trade=2025-12-16 19:32  winrate=0.382  n_markets_traded=68.000  herfindahl_index_markets=0.028
11:46:14 [super]   #1747  0x62282066855cbb97bc72837b8aa90f3ef14a7a9d  prob=0.0341 (raw=0.0151)  vol=$2,491  trades=17  first_trade=2025-12-10 16:49  winrate=0.765  n_markets_traded=98.000  herfindahl_index_markets=0.070
11:46:14 [super]   #1748  0x6a03fcc53b0bfb41d31db94429a006ac77d5b226  prob=0.0341 (raw=0.0151)  vol=$894  trades=13  first_trade=2025-11-07 23:15  winrate=0.436  n_markets_traded=39.000  herfindahl_index_markets=0.076
11:46:14 [super]   #1749  0x8a90d0f45bba68c3b9767fa8d9872ccebe6ae85b  prob=0.0341 (raw=0.0150)  vol=$11  trades=3  first_trade=2025-12-12 21:56  winrate=0.483  n_markets_traded=29.000  herfindahl_index_markets=0.100
11:46:14 [super]   #1750  0x33836982c80a9a0cd8c01f76e52209b0378cc5c0  prob=0.0341 (raw=0.0150)  vol=$48  trades=2  first_trade=2025-12-15 19:41  winrate=0.469  n_markets_traded=47.000  herfindahl_index_markets=0.035
11:46:14 [super]   #1751  0x158e21187aef2d60aeed7605e27bf132e208817e  prob=0.0341 (raw=0.0150)  vol=$77  trades=11  first_trade=2025-10-22 16:49  winrate=0.195  n_markets_traded=41.000  herfindahl_index_markets=0.072
11:46:14 [super]   #1752  0x9de1f69afa846fc33af5f6d4ed3cfb6fd4f3f272  prob=0.0341 (raw=0.0150)  vol=$107  trades=2  first_trade=2025-12-16 14:35  winrate=0.274  n_markets_traded=47.000  herfindahl_index_markets=0.025
11:46:14 [super]   #1753  0xffea5faaf8e262d1f67a8fc69d3868293a5a3110  prob=0.0341 (raw=0.0150)  vol=$16  trades=3  first_trade=2025-12-06 14:05  winrate=0.517  n_markets_traded=28.000  herfindahl_index_markets=0.053
11:46:14 [super]   #1754  0x37b278ab19e1cdc0e392da980dcc59ef802a8681  prob=0.0341 (raw=0.0150)  vol=$254  trades=18  first_trade=2025-11-09 00:13  winrate=NaN  n_markets_traded=0.000  herfindahl_index_markets=0.000
11:46:14 [super]   #1755  0x5eb0cd907aa0b7b4df11552e817570e265ea5012  prob=0.0341 (raw=0.0150)  vol=$6,815  trades=34  first_trade=2025-11-07 01:34  winrate=NaN  n_markets_traded=0.000  herfindahl_index_markets=0.000
11:46:14 [super]   #1756  0x6dd9803d348022908f5b86a5078c7803954d56a6  prob=0.0341 (raw=0.0150)  vol=$25  trades=7  first_trade=2025-12-06 20:10  winrate=0.495  n_markets_traded=103.000  herfindahl_index_markets=0.030
11:46:14 [super]   #1757  0x388e63e338e963fce22d5747cbdb21b94bc7a912  prob=0.0341 (raw=0.0150)  vol=$51  trades=4  first_trade=2025-12-15 09:45  winrate=0.370  n_markets_traded=73.000  herfindahl_index_markets=0.031
11:46:14 [super]   #1758  0x9b1a32fb042fc913ea5449d0fa9784d03457b2b6  prob=0.0341 (raw=0.0150)  vol=$74  trades=11  first_trade=2025-10-22 20:48  winrate=0.200  n_markets_traded=50.000  herfindahl_index_markets=0.237
11:46:14 [super]   #1759  0xff7784fa89310b3395d47f9863181143d3294b76  prob=0.0341 (raw=0.0150)  vol=$827  trades=27  first_trade=2025-10-22 13:32  winrate=0.575  n_markets_traded=80.000  herfindahl_index_markets=0.127
11:46:14 [super]   #1760  0x1c50608d65324925fccfcc41fb2fdfffe44ab6d5  prob=0.0341 (raw=0.0149)  vol=$3  trades=4  first_trade=2025-12-09 20:51  winrate=0.740  n_markets_traded=127.000  herfindahl_index_markets=0.011
11:46:14 [super]   #1761  0x68c9623b8224c66632aded8159b7111614404c60  prob=0.0341 (raw=0.0149)  vol=$2,573  trades=41  first_trade=2025-11-08 12:43  winrate=NaN  n_markets_traded=0.000  herfindahl_index_markets=0.000
11:46:14 [super]   #1762  0x82b98dc59beb2e9706dc0c5cb26a99853bbc52b0  prob=0.0341 (raw=0.0149)  vol=$25  trades=1  first_trade=2025-11-26 18:24  winrate=0.105  n_markets_traded=19.000  herfindahl_index_markets=0.099
11:46:14 [super]   #1763  0xe7e277087c51c8cdbcc3bcc2319d616ad7b81056  prob=0.0341 (raw=0.0149)  vol=$231  trades=5  first_trade=2025-12-13 17:30  winrate=0.286  n_markets_traded=28.000  herfindahl_index_markets=0.085
11:46:14 [super]   #1764  0xc22cb74f7201a328de6f94c57c34363a7891bfc7  prob=0.0341 (raw=0.0148)  vol=$878  trades=19  first_trade=2025-12-01 06:27  winrate=NaN  n_markets_traded=0.000  herfindahl_index_markets=0.000
11:46:14 [super]   #1765  0x99bc0ef8b5f3a9fca95c32bcfd0721baa80bd837  prob=0.0341 (raw=0.0148)  vol=$25  trades=7  first_trade=2025-11-10 15:31  winrate=0.371  n_markets_traded=62.000  herfindahl_index_markets=0.053
11:46:14 [super]   #1766  0xb1578926e95560bdb07533d00531982f0c31e58e  prob=0.0341 (raw=0.0148)  vol=$14  trades=4  first_trade=2025-11-10 19:11  winrate=0.356  n_markets_traded=73.000  herfindahl_index_markets=0.069
11:46:14 [super]   #1767  0xa359eeb8468b41478e6a8b97737d02846601a882  prob=0.0341 (raw=0.0148)  vol=$17  trades=4  first_trade=2025-11-07 23:18  winrate=0.279  n_markets_traded=68.000  herfindahl_index_markets=0.043
11:46:14 [super]   #1768  0xe598435df0cdf5d22bdd5082d557f75f9180a0a8  prob=0.0341 (raw=0.0148)  vol=$3,894  trades=2  first_trade=2025-12-19 12:46  winrate=NaN  n_markets_traded=0.000  herfindahl_index_markets=0.000
11:46:14 [super]   #1769  0x3abffa6d0b8a22423a66064ca458499225feb143  prob=0.0341 (raw=0.0148)  vol=$4,466  trades=77  first_trade=2025-12-05 14:13  winrate=NaN  n_markets_traded=0.000  herfindahl_index_markets=0.000
11:46:14 [super]   #1770  0x54b56146656e7eef9da02b3a030c18e06e924b31  prob=0.0341 (raw=0.0147)  vol=$927  trades=14  first_trade=2025-11-10 15:51  winrate=NaN  n_markets_traded=0.000  herfindahl_index_markets=0.000
11:46:14 [super]   #1771  0x48ba1d6f45f85ff997b5a4776158b7daa7034bd6  prob=0.0341 (raw=0.0147)  vol=$143  trades=8  first_trade=2025-10-22 13:05  winrate=0.231  n_markets_traded=13.000  herfindahl_index_markets=0.140
11:46:14 [super]   #1772  0xf8be921a7922a4d22280cc6fdf8eefeff6ddc8d1  prob=0.0341 (raw=0.0147)  vol=$7,463  trades=74  first_trade=2025-11-15 23:19  winrate=NaN  n_markets_traded=0.000  herfindahl_index_markets=0.000
11:46:14 [super]   #1773  0x3f356d1d1d30dbe5a802ee7cd9141447bb6e8b4a  prob=0.0341 (raw=0.0147)  vol=$57  trades=2  first_trade=2025-12-08 01:08  winrate=0.375  n_markets_traded=21.000  herfindahl_index_markets=0.141
11:46:14 [super]   #1774  0x71f881922550e5f75f5a11e4977b6dac895655ff  prob=0.0341 (raw=0.0146)  vol=$3  trades=2  first_trade=2025-10-16 08:19  winrate=0.745  n_markets_traded=55.000  herfindahl_index_markets=0.109
11:46:14 [super]   #1775  0x5b6c836ba0a9f00430629f6d987372e723b6f00b  prob=0.0341 (raw=0.0146)  vol=$15  trades=6  first_trade=2025-12-16 21:15  winrate=0.625  n_markets_traded=16.000  herfindahl_index_markets=0.089
11:46:14 [super]   #1776  0x74c9b8f3502374c8e98c82e9b8a29efea64dd064  prob=0.0341 (raw=0.0146)  vol=$12  trades=3  first_trade=2025-12-09 10:36  winrate=NaN  n_markets_traded=0.000  herfindahl_index_markets=0.000
11:46:14 [super]   #1777  0x500d7d0aff736f94de5f17c05e09d9a10e61b952  prob=0.0341 (raw=0.0146)  vol=$10  trades=3  first_trade=2025-12-15 21:47  winrate=0.614  n_markets_traded=57.000  herfindahl_index_markets=0.596
11:46:14 [super]   #1778  0x9bb034f677dd7cf4d5ddcacbdfa2e07ca60e3231  prob=0.0341 (raw=0.0146)  vol=$129  trades=10  first_trade=2025-12-15 17:52  winrate=0.333  n_markets_traded=39.000  herfindahl_index_markets=0.061
11:46:14 [super]   #1779  0x432670979978f0dbf184a85d4c1c8fa0bee53ba9  prob=0.0341 (raw=0.0146)  vol=$32  trades=3  first_trade=2025-12-07 14:22  winrate=0.579  n_markets_traded=36.000  herfindahl_index_markets=0.177
11:46:14 [super]   #1780  0xc4604b6f956bbe2179d6d102bedc8c06f02c0aa4  prob=0.0341 (raw=0.0145)  vol=$148  trades=2  first_trade=2025-12-18 07:31  winrate=0.437  n_markets_traded=231.000  herfindahl_index_markets=0.038
11:46:14 [super]   #1781  0x3989b47c4c222406994ab49e542bb7d7d29caa16  prob=0.0341 (raw=0.0145)  vol=$4  trades=4  first_trade=2025-11-07 22:38  winrate=NaN  n_markets_traded=0.000  herfindahl_index_markets=0.000
11:46:14 [super]   #1782  0x20745fd2603378f97c00f0f8614a93b1ba34767c  prob=0.0340 (raw=0.0144)  vol=$808  trades=8  first_trade=2025-12-18 18:50  winrate=NaN  n_markets_traded=0.000  herfindahl_index_markets=0.000
11:46:14 [super]   #1783  0x63daf3f6aed46148ed40726cce2e024765c09fb0  prob=0.0340 (raw=0.0143)  vol=$2  trades=2  first_trade=2025-12-18 06:26  winrate=0.932  n_markets_traded=39.000  herfindahl_index_markets=0.050
11:46:14 [super]   #1784  0xf5b0fd12a7d383b972a62ae49573fe24a55e5663  prob=0.0340 (raw=0.0143)  vol=$8  trades=6  first_trade=2025-11-03 13:03  winrate=0.348  n_markets_traded=23.000  herfindahl_index_markets=0.278
11:46:14 [super]   #1785  0xd47cdc9f66e94cd8ad409aa22433b1e10e4877f4  prob=0.0340 (raw=0.0143)  vol=$71  trades=3  first_trade=2025-12-05 19:13  winrate=0.314  n_markets_traded=35.000  herfindahl_index_markets=0.061
11:46:14 [super]   #1786  0x07e3b87b8058ef3d7e0796fb2e75398821b92899  prob=0.0340 (raw=0.0143)  vol=$8  trades=3  first_trade=2025-12-17 23:24  winrate=NaN  n_markets_traded=0.000  herfindahl_index_markets=0.000
11:46:14 [super]   #1787  0x109ef2977681e7d36caac78d45c58c3b74950a59  prob=0.0340 (raw=0.0143)  vol=$844  trades=9  first_trade=2025-10-30 23:51  winrate=0.410  n_markets_traded=99.000  herfindahl_index_markets=0.035
11:46:14 [super]   #1788  0x9f63440e0b76ba6834c35546858927aeead7310d  prob=0.0340 (raw=0.0143)  vol=$3  trades=2  first_trade=2025-12-16 06:55  winrate=0.400  n_markets_traded=176.000  herfindahl_index_markets=0.013
11:46:14 [super]   #1789  0x7b77268914ed389db29af2fb871d561ed4a247b3  prob=0.0340 (raw=0.0143)  vol=$5  trades=2  first_trade=2025-12-18 16:06  winrate=0.476  n_markets_traded=41.000  herfindahl_index_markets=0.038
11:46:14 [super]   #1790  0xca82e91a4739206c769a4d02fc64b589955d997b  prob=0.0340 (raw=0.0143)  vol=$18  trades=4  first_trade=2025-12-06 21:39  winrate=0.396  n_markets_traded=230.000  herfindahl_index_markets=0.015
11:46:14 [super]   #1791  0xffeeec3bb2a74c773058b39e515363185f030e38  prob=0.0340 (raw=0.0143)  vol=$83  trades=5  first_trade=2025-12-09 16:42  winrate=0.412  n_markets_traded=17.000  herfindahl_index_markets=0.132
11:46:14 [super]   #1792  0x0e297bb8806e4f47610dc52e9b77ab41ccc1b9b4  prob=0.0340 (raw=0.0143)  vol=$384  trades=16  first_trade=2025-12-12 18:15  winrate=0.400  n_markets_traded=25.000  herfindahl_index_markets=0.085
11:46:14 [super]   #1793  0x7c40df456a6295c376deef32ba9b9ae768dd3d64  prob=0.0340 (raw=0.0142)  vol=$6  trades=2  first_trade=2025-12-19 00:56  winrate=NaN  n_markets_traded=0.000  herfindahl_index_markets=0.000
11:46:14 [super]   #1794  0x3dd61dcb48f555e2bfb5bed0c51610dff982e41d  prob=0.0340 (raw=0.0142)  vol=$100  trades=2  first_trade=2025-12-19 07:03  winrate=0.242  n_markets_traded=211.000  herfindahl_index_markets=0.012
11:46:14 [super]   #1795  0x40524f77ddcf2ecc15ef4dcd15ce58b6fb6835e9  prob=0.0340 (raw=0.0142)  vol=$14  trades=3  first_trade=2025-12-01 10:24  winrate=NaN  n_markets_traded=0.000  herfindahl_index_markets=0.000
11:46:14 [super]   #1796  0x1d12b03e647b9d7f07bcabaeb68d010f5384ab54  prob=0.0340 (raw=0.0142)  vol=$180  trades=12  first_trade=2025-12-16 23:32  winrate=0.585  n_markets_traded=65.000  herfindahl_index_markets=0.064
11:46:14 [super]   #1797  0x34b16f87b09dfed7c6ee596b4816653fc387bc54  prob=0.0340 (raw=0.0142)  vol=$2,331  trades=20  first_trade=2025-11-10 12:40  winrate=0.541  n_markets_traded=60.000  herfindahl_index_markets=0.048
11:46:14 [super]   #1798  0x5f57ade551fb75a27537a2e0325ae052fda27ad0  prob=0.0340 (raw=0.0142)  vol=$38  trades=5  first_trade=2025-12-12 02:39  winrate=0.348  n_markets_traded=23.000  herfindahl_index_markets=0.059
11:46:14 [super]   #1799  0x1ab42f8816f635d5ee4c28eccd22831f7bd579da  prob=0.0340 (raw=0.0142)  vol=$18  trades=4  first_trade=2025-12-12 10:09  winrate=NaN  n_markets_traded=0.000  herfindahl_index_markets=0.000
11:46:14 [super]   #1800  0x9cca8f52cd41eef379565d6ca8a117974789a0f4  prob=0.0340 (raw=0.0142)  vol=$4  trades=2  first_trade=2025-10-09 05:43  winrate=0.643  n_markets_traded=14.000  herfindahl_index_markets=0.489
11:46:14 [super]   #1801  0xcc8c601dc030ce4fe7d122d227832cdbdeccc6b1  prob=0.0340 (raw=0.0142)  vol=$356  trades=11  first_trade=2025-12-08 05:41  winrate=0.360  n_markets_traded=50.000  herfindahl_index_markets=0.027
11:46:14 [super]   #1802  0x48aadd2831a9bce24f9e0d19bf90ef26999054e5  prob=0.0340 (raw=0.0141)  vol=$670  trades=18  first_trade=2025-12-06 20:40  winrate=0.220  n_markets_traded=91.000  herfindahl_index_markets=0.129
11:46:14 [super]   #1803  0xc5e77c27855adb2025411aa4dfafc16f8d82c727  prob=0.0340 (raw=0.0141)  vol=$38  trades=12  first_trade=2025-12-06 18:59  winrate=0.437  n_markets_traded=281.000  herfindahl_index_markets=0.038
11:46:14 [super]   #1804  0xa6f064e89a761a14d2972e9c8510c7143b33d8a0  prob=0.0340 (raw=0.0141)  vol=$40  trades=2  first_trade=2025-12-12 13:17  winrate=0.460  n_markets_traded=210.000  herfindahl_index_markets=0.085
11:46:14 [super]   #1805  0x59ead831adaf68ad6d3dd242b579f25de18945e3  prob=0.0340 (raw=0.0141)  vol=$43  trades=2  first_trade=2025-12-17 18:11  winrate=0.385  n_markets_traded=52.000  herfindahl_index_markets=0.117
11:46:14 [super]   #1806  0x9f5cea96af5544fa1662ee5a790ad9260afc54db  prob=0.0340 (raw=0.0141)  vol=$48  trades=6  first_trade=2025-12-12 22:16  winrate=0.455  n_markets_traded=55.000  herfindahl_index_markets=0.031
11:46:14 [super]   #1807  0xe9c19fdcaf8046e4ea4eabcec1d8b9e85e3b4625  prob=0.0340 (raw=0.0141)  vol=$22  trades=4  first_trade=2025-12-19 12:29  winrate=0.229  n_markets_traded=96.000  herfindahl_index_markets=0.026
11:46:14 [super]   #1808  0x117a38bd2b8b16f19fda6282e071c7d5da0701ba  prob=0.0340 (raw=0.0141)  vol=$378  trades=9  first_trade=2025-11-22 02:28  winrate=0.250  n_markets_traded=8.000  herfindahl_index_markets=0.423
11:46:14 [super]   #1809  0x741bef508fd9e9075e9b60f3cb9410a5a1ec3cbf  prob=0.0340 (raw=0.0141)  vol=$20  trades=2  first_trade=2025-11-11 13:23  winrate=0.250  n_markets_traded=84.000  herfindahl_index_markets=0.070
11:46:14 [super]   #1810  0xc6dbbe65ddea7ab414a2876361642b084284357b  prob=0.0340 (raw=0.0141)  vol=$2  trades=2  first_trade=2025-12-19 14:43  winrate=0.300  n_markets_traded=10.000  herfindahl_index_markets=0.968
11:46:14 [super]   #1811  0x5779c903835efccd137b2535845477eccd5d168d  prob=0.0340 (raw=0.0141)  vol=$24  trades=6  first_trade=2025-12-17 07:42  winrate=NaN  n_markets_traded=0.000  herfindahl_index_markets=0.000
11:46:14 [super]   #1812  0x9f3bffa303cae4be865820d6dfcd841991c83222  prob=0.0340 (raw=0.0140)  vol=$1,988  trades=15  first_trade=2025-12-15 07:29  winrate=0.458  n_markets_traded=24.000  herfindahl_index_markets=0.274
11:46:14 [super]   #1813  0x60eb3e1d6d4e64d2e999436ce64881dd13245bc2  prob=0.0340 (raw=0.0140)  vol=$15  trades=3  first_trade=2025-12-04 03:42  winrate=0.097  n_markets_traded=31.000  herfindahl_index_markets=0.131
11:46:14 [super]   #1814  0x2dc3d3b1efb221db512a79efcaa89d216a0a8dfb  prob=0.0340 (raw=0.0140)  vol=$125  trades=7  first_trade=2025-12-14 23:26  winrate=0.500  n_markets_traded=26.000  herfindahl_index_markets=0.227
11:46:14 [super]   #1815  0xe75fbb45ab7ed797337d8a14106af489403712f7  prob=0.0340 (raw=0.0140)  vol=$1  trades=2  first_trade=2025-12-07 14:38  winrate=0.653  n_markets_traded=91.000  herfindahl_index_markets=0.021
11:46:14 [super]   #1816  0x3973f0554a197d6b5aaa513e4c718536614474c3  prob=0.0340 (raw=0.0139)  vol=$14  trades=1  first_trade=2025-12-08 03:08  winrate=0.500  n_markets_traded=22.000  herfindahl_index_markets=0.111
11:46:14 [super]   #1817  0xb8e4a4551d2c6b080ae5a523ff1f0cae8e922dae  prob=0.0340 (raw=0.0139)  vol=$5,222  trades=80  first_trade=2025-12-04 21:02  winrate=NaN  n_markets_traded=0.000  herfindahl_index_markets=0.000
11:46:14 [super]   #1818  0x62e886d7d9b67a7c8f2f40112c5489d42000c0c3  prob=0.0340 (raw=0.0139)  vol=$15  trades=2  first_trade=2025-12-05 14:03  winrate=0.226  n_markets_traded=62.000  herfindahl_index_markets=0.068
11:46:14 [super]   #1819  0xb45c2e0f11bf9255e74955d7ba37d3847ac29cf5  prob=0.0340 (raw=0.0139)  vol=$120  trades=10  first_trade=2025-12-05 02:06  winrate=0.641  n_markets_traded=333.000  herfindahl_index_markets=0.017
11:46:14 [super]   #1820  0xde3f5126ad8c905eeadee9b38363f3b7faef4850  prob=0.0340 (raw=0.0139)  vol=$2  trades=2  first_trade=2025-12-18 03:54  winrate=0.906  n_markets_traded=53.000  herfindahl_index_markets=0.046
11:46:14 [super]   #1821  0xa9103392f222af1fb69c540a8170834d7d9d12c3  prob=0.0340 (raw=0.0138)  vol=$223  trades=10  first_trade=2025-10-09 01:51  winrate=0.281  n_markets_traded=64.000  herfindahl_index_markets=0.035
11:46:14 [super]   #1822  0xc56623885becaf8dd517b2130a7992e43f8ef8d7  prob=0.0340 (raw=0.0138)  vol=$227  trades=2  first_trade=2025-12-05 10:48  winrate=0.458  n_markets_traded=117.000  herfindahl_index_markets=0.022
11:46:14 [super]   #1823  0xba4df5fc3aada97723f4e63426e159701f7485e6  prob=0.0340 (raw=0.0138)  vol=$11  trades=2  first_trade=2025-12-07 17:38  winrate=0.310  n_markets_traded=28.000  herfindahl_index_markets=0.090
11:46:14 [super]   #1824  0xef2a2e5397a610a01040212974b53cff7799bd7e  prob=0.0340 (raw=0.0138)  vol=$0  trades=1  first_trade=2025-12-19 13:07  winrate=NaN  n_markets_traded=0.000  herfindahl_index_markets=0.000
11:46:14 [super]   #1825  0x4018f2f161d54790cdb00e4257494d68d37dd14a  prob=0.0340 (raw=0.0138)  vol=$0  trades=1  first_trade=2025-12-19 13:07  winrate=NaN  n_markets_traded=0.000  herfindahl_index_markets=0.000
11:46:14 [super]   #1826  0x161f2db0e40c59b2f29e898efb63cc415228b075  prob=0.0340 (raw=0.0138)  vol=$0  trades=1  first_trade=2025-12-19 13:07  winrate=NaN  n_markets_traded=0.000  herfindahl_index_markets=0.000
11:46:14 [super]   #1827  0x13a99fb0c4b6b35dedcb4272deddea2e46928c3e  prob=0.0340 (raw=0.0138)  vol=$1  trades=2  first_trade=2025-12-19 06:41  winrate=0.654  n_markets_traded=26.000  herfindahl_index_markets=0.106
11:46:14 [super]   #1828  0x3d94ef1a37a645fac49559c1f47ee5a4e4448b7c  prob=0.0339 (raw=0.0137)  vol=$50  trades=4  first_trade=2025-11-09 13:16  winrate=0.297  n_markets_traded=35.000  herfindahl_index_markets=0.058
11:46:14 [super]   #1829  0xf597971be77f6d2c9d78614b9d99c5077f9ef4ae  prob=0.0339 (raw=0.0137)  vol=$39  trades=5  first_trade=2025-12-05 22:28  winrate=NaN  n_markets_traded=0.000  herfindahl_index_markets=0.000
11:46:14 [super]   #1830  0xcebfb65b59b4348b5b0d74e27fdaf6b5cec99e38  prob=0.0339 (raw=0.0137)  vol=$1,560  trades=20  first_trade=2025-10-22 13:42  winrate=0.175  n_markets_traded=103.000  herfindahl_index_markets=0.045
11:46:14 [super]   #1831  0x70e94154e1d6a1c147963af16e1415a437aeadea  prob=0.0339 (raw=0.0136)  vol=$24  trades=5  first_trade=2025-12-19 08:26  winrate=0.194  n_markets_traded=93.000  herfindahl_index_markets=0.078
11:46:14 [super]   #1832  0x96e9edf0e27596d8eb42f771f24464ee92224b32  prob=0.0339 (raw=0.0136)  vol=$226  trades=10  first_trade=2025-12-10 19:21  winrate=NaN  n_markets_traded=0.000  herfindahl_index_markets=0.000
11:46:14 [super]   #1833  0x1ff712bba34fcb22a497b8f744048483bedf87a4  prob=0.0339 (raw=0.0136)  vol=$1,807  trades=57  first_trade=2025-10-22 07:22  winrate=0.480  n_markets_traded=176.000  herfindahl_index_markets=0.176
11:46:14 [super]   #1834  0x298bd3180261795702354b1f40658a77928ccf03  prob=0.0339 (raw=0.0136)  vol=$8,005  trades=22  first_trade=2025-12-19 07:58  winrate=0.190  n_markets_traded=21.000  herfindahl_index_markets=0.344
11:46:14 [super]   #1835  0xcf9f2dd0d5c62d7e3f926f8f715751b771317d9e  prob=0.0339 (raw=0.0136)  vol=$22  trades=1  first_trade=2025-12-02 15:23  winrate=0.364  n_markets_traded=11.000  herfindahl_index_markets=0.144
11:46:14 [super]   #1836  0x131daa5c374b8c49c89c39dae2b1c32316ee1bb7  prob=0.0339 (raw=0.0136)  vol=$100  trades=2  first_trade=2025-12-10 02:59  winrate=0.308  n_markets_traded=39.000  herfindahl_index_markets=0.050
11:46:14 [super]   #1837  0xc7837f99b7c0bd278168d4f0d767ad270229f3ff  prob=0.0339 (raw=0.0136)  vol=$40  trades=3  first_trade=2025-12-10 00:10  winrate=0.310  n_markets_traded=29.000  herfindahl_index_markets=0.145
11:46:14 [super]   #1838  0xdc4fc0701ae533f63cd105ba0161689706ec93d9  prob=0.0339 (raw=0.0136)  vol=$66  trades=2  first_trade=2025-12-03 21:50  winrate=0.357  n_markets_traded=112.000  herfindahl_index_markets=0.027
11:46:14 [super]   #1839  0xa872938eab4de0b187ee4d6f6b7b61774cb8a6df  prob=0.0339 (raw=0.0136)  vol=$3  trades=1  first_trade=2025-12-04 01:06  winrate=0.349  n_markets_traded=62.000  herfindahl_index_markets=0.054
11:46:14 [super]   #1840  0x23a2edd5ebafda1e49e21eee170eb109aeee5643  prob=0.0339 (raw=0.0136)  vol=$46  trades=4  first_trade=2025-12-10 22:19  winrate=0.250  n_markets_traded=64.000  herfindahl_index_markets=0.078
11:46:14 [super]   #1841  0xfa70b66ca3f1889138d5d43fce1ba288344c201b  prob=0.0339 (raw=0.0136)  vol=$2  trades=2  first_trade=2025-12-10 07:22  winrate=0.305  n_markets_traded=59.000  herfindahl_index_markets=0.080
11:46:14 [super]   #1842  0x47e0c97d311b9fa35aea3d6dd9850c77a7876510  prob=0.0339 (raw=0.0136)  vol=$341  trades=17  first_trade=2025-12-18 22:38  winrate=0.300  n_markets_traded=195.000  herfindahl_index_markets=0.026
11:46:14 [super]   #1843  0x107a1864bb03c746dd343e94c97a7afcdfd27f59  prob=0.0339 (raw=0.0136)  vol=$32  trades=4  first_trade=2025-12-11 17:55  winrate=0.250  n_markets_traded=56.000  herfindahl_index_markets=0.040
11:46:14 [super]   #1844  0x1816ae58f003bf2fb2e0eb38d827a137298ce316  prob=0.0339 (raw=0.0136)  vol=$10  trades=2  first_trade=2025-12-07 07:07  winrate=0.320  n_markets_traded=24.000  herfindahl_index_markets=0.049
11:46:14 [super]   #1845  0x0e23827a692a2f4fd6b292bbddde944e0e6e4e3a  prob=0.0339 (raw=0.0136)  vol=$27  trades=2  first_trade=2025-12-12 02:57  winrate=0.348  n_markets_traded=23.000  herfindahl_index_markets=0.056
11:46:14 [super]   #1846  0x23cc4d606d11eefaccb6609195322e1885284f5a  prob=0.0339 (raw=0.0136)  vol=$11  trades=5  first_trade=2025-10-22 16:26  winrate=NaN  n_markets_traded=0.000  herfindahl_index_markets=0.000
11:46:14 [super]   #1847  0x75d0cb443843a4c91de3314da9dae3f401f477cb  prob=0.0339 (raw=0.0136)  vol=$13  trades=6  first_trade=2025-10-12 15:42  winrate=0.377  n_markets_traded=214.000  herfindahl_index_markets=0.024
11:46:14 [super]   #1848  0xdae3fecd5e2133ac34e0cf877f3406855c29b43e  prob=0.0339 (raw=0.0136)  vol=$60  trades=2  first_trade=2025-11-07 04:22  winrate=0.385  n_markets_traded=13.000  herfindahl_index_markets=0.839
11:46:14 [super]   #1849  0xa9e3839355b911722f4c6f280965526a4a010a58  prob=0.0339 (raw=0.0135)  vol=$4  trades=4  first_trade=2025-10-09 05:50  winrate=0.100  n_markets_traded=10.000  herfindahl_index_markets=0.281
11:46:14 [super]   #1850  0xb12fe4b107d9ba61f5b2bd3571178a53e4d5a0c2  prob=0.0339 (raw=0.0135)  vol=$25  trades=4  first_trade=2025-12-13 13:05  winrate=0.000  n_markets_traded=2.000  herfindahl_index_markets=0.508
11:46:14 [super]   #1851  0x7ca71e91f711004592a278d6af54ce6c93331cb5  prob=0.0339 (raw=0.0135)  vol=$173  trades=2  first_trade=2025-12-07 09:49  winrate=NaN  n_markets_traded=0.000  herfindahl_index_markets=0.000
11:46:14 [super]   #1852  0x6294b9bc00f03ce96bbcdb83980cb6e44e5ca1c0  prob=0.0339 (raw=0.0135)  vol=$10  trades=2  first_trade=2025-12-15 22:30  winrate=0.194  n_markets_traded=35.000  herfindahl_index_markets=0.067
11:46:14 [super]   #1853  0x7ee5a1cbbb55f78f0a89ecd256d792fc6f754b64  prob=0.0339 (raw=0.0135)  vol=$38  trades=4  first_trade=2025-12-19 10:08  winrate=0.207  n_markets_traded=29.000  herfindahl_index_markets=0.065
11:46:14 [super]   #1854  0xd3e3f209d9701a981e196bc297d2b5a5211467dc  prob=0.0339 (raw=0.0135)  vol=$516  trades=9  first_trade=2025-12-19 05:16  winrate=0.550  n_markets_traded=40.000  herfindahl_index_markets=0.077
11:46:14 [super]   #1855  0xe18237fa7de9111636c18479ce81322c76edb624  prob=0.0339 (raw=0.0135)  vol=$1,070  trades=22  first_trade=2025-12-13 17:34  winrate=NaN  n_markets_traded=0.000  herfindahl_index_markets=0.000
11:46:14 [super]   #1856  0x23621fc48f1860ee6ce6ff246acdbcc528d37e9d  prob=0.0339 (raw=0.0135)  vol=$740  trades=12  first_trade=2025-12-08 14:26  winrate=0.357  n_markets_traded=28.000  herfindahl_index_markets=0.255
11:46:14 [super]   #1857  0xf25b97c7b6b9cc2a8f898ae3bdf157781a6882d0  prob=0.0339 (raw=0.0134)  vol=$796  trades=16  first_trade=2025-12-19 10:11  winrate=NaN  n_markets_traded=0.000  herfindahl_index_markets=0.000
11:46:14 [super]   #1858  0xcb3b6ed4b431a9401171ba0b2694e2e296d8a2b6  prob=0.0339 (raw=0.0134)  vol=$12  trades=8  first_trade=2025-10-08 23:54  winrate=NaN  n_markets_traded=0.000  herfindahl_index_markets=0.000
11:46:14 [super]   #1859  0x9bfb2f7b852e3a2c68e234585e67250f41a2d80d  prob=0.0339 (raw=0.0134)  vol=$4  trades=2  first_trade=2025-12-18 10:36  winrate=0.625  n_markets_traded=56.000  herfindahl_index_markets=0.613
11:46:14 [super]   #1860  0x39ac8a818ee570fb88c4314b5dafb0cb1c3f90fb  prob=0.0339 (raw=0.0134)  vol=$50  trades=6  first_trade=2025-10-23 14:21  winrate=0.028  n_markets_traded=36.000  herfindahl_index_markets=0.200
11:46:14 [super]   #1861  0xee324b84546110f1fa5d4b2558edb179c3a4463a  prob=0.0339 (raw=0.0134)  vol=$362  trades=6  first_trade=2025-11-28 09:10  winrate=NaN  n_markets_traded=0.000  herfindahl_index_markets=0.000
11:46:14 [super]   #1862  0x6581d5afc2096568c7a579288873abc369d60206  prob=0.0339 (raw=0.0134)  vol=$3,520  trades=7  first_trade=2025-12-15 08:49  winrate=0.674  n_markets_traded=43.000  herfindahl_index_markets=0.112
11:46:14 [super]   #1863  0x9bec84416644d1629747199417b7336f12d7f68b  prob=0.0339 (raw=0.0134)  vol=$2  trades=2  first_trade=2025-12-18 02:50  winrate=0.292  n_markets_traded=24.000  herfindahl_index_markets=0.061
11:46:14 [super]   #1864  0x1ec063700aed24727a95fabe820f6635b7b2cf69  prob=0.0339 (raw=0.0134)  vol=$15  trades=4  first_trade=2025-12-16 21:48  winrate=0.231  n_markets_traded=13.000  herfindahl_index_markets=0.110
11:46:14 [super]   #1865  0x0408c084014487e37e8287d642833e742fa23d68  prob=0.0339 (raw=0.0134)  vol=$20  trades=5  first_trade=2025-12-13 08:44  winrate=NaN  n_markets_traded=0.000  herfindahl_index_markets=0.000
11:46:14 [super]   #1866  0x5efc63b90cfc0b5d7807d5b66f73460f0e3109db  prob=0.0339 (raw=0.0134)  vol=$16  trades=5  first_trade=2025-12-12 18:27  winrate=0.167  n_markets_traded=12.000  herfindahl_index_markets=0.476
11:46:14 [super]   #1867  0x7ddadc5b11cb5bd4685fa98f41f10d065094d8dc  prob=0.0339 (raw=0.0134)  vol=$19  trades=4  first_trade=2025-10-09 08:21  winrate=0.172  n_markets_traded=29.000  herfindahl_index_markets=0.054
11:46:14 [super]   #1868  0x48a307ebadbf27f4d7926e3f5e7685421d82f653  prob=0.0339 (raw=0.0134)  vol=$3  trades=3  first_trade=2025-12-18 09:20  winrate=0.389  n_markets_traded=227.000  herfindahl_index_markets=0.009
11:46:14 [super]   #1869  0x7656ec56e18752aa24e263eea924c3c1d0fe9bbd  prob=0.0339 (raw=0.0133)  vol=$15  trades=5  first_trade=2025-11-30 12:16  winrate=0.611  n_markets_traded=18.000  herfindahl_index_markets=0.152
11:46:14 [super]   #1870  0x81b48888cc294bebb81ad71f889e7d171f12d86b  prob=0.0339 (raw=0.0133)  vol=$116  trades=2  first_trade=2025-12-16 22:48  winrate=0.459  n_markets_traded=37.000  herfindahl_index_markets=0.050
11:46:14 [super]   #1871  0xf702823c8c1e0172d5c3cb659e23578a49b67cc8  prob=0.0339 (raw=0.0133)  vol=$60  trades=2  first_trade=2025-12-16 15:05  winrate=0.178  n_markets_traded=45.000  herfindahl_index_markets=0.095
11:46:14 [super]   #1872  0x4d60f6e2f7e5314290f6ce72cd22d4fd1c9fa94e  prob=0.0339 (raw=0.0133)  vol=$29  trades=4  first_trade=2025-12-05 03:14  winrate=0.000  n_markets_traded=1.000  herfindahl_index_markets=1.000
11:46:14 [super]   #1873  0xce160a70a209d267c86b0f949daadd0130459543  prob=0.0339 (raw=0.0133)  vol=$46  trades=4  first_trade=2025-12-04 14:57  winrate=0.386  n_markets_traded=219.000  herfindahl_index_markets=0.076
11:46:14 [super]   #1874  0x54acc03d0a55f29ea71784e33709e8a9811de02c  prob=0.0339 (raw=0.0133)  vol=$3  trades=2  first_trade=2025-12-05 13:04  winrate=0.162  n_markets_traded=74.000  herfindahl_index_markets=0.044
11:46:14 [super]   #1875  0x019c1de0abb207f34aa63bd3ffe4dc0563ede2c2  prob=0.0339 (raw=0.0132)  vol=$357  trades=10  first_trade=2025-11-20 17:48  winrate=NaN  n_markets_traded=0.000  herfindahl_index_markets=0.000
11:46:14 [super]   #1876  0x88cb2478a533cfca0e2f0aa430f6dc4c80bd2c20  prob=0.0339 (raw=0.0132)  vol=$45  trades=3  first_trade=2025-11-10 12:02  winrate=NaN  n_markets_traded=0.000  herfindahl_index_markets=0.000
11:46:14 [super]   #1877  0xb1df30fd9ff030158d55b74f40ab872ef44808a0  prob=0.0339 (raw=0.0132)  vol=$109  trades=2  first_trade=2025-12-18 03:50  winrate=0.393  n_markets_traded=56.000  herfindahl_index_markets=0.077
11:46:14 [super]   #1878  0xd51dbb6d86a9cc478b460102da71861986a81578  prob=0.0339 (raw=0.0132)  vol=$24  trades=5  first_trade=2025-12-09 18:35  winrate=0.333  n_markets_traded=39.000  herfindahl_index_markets=0.047
11:46:14 [super]   #1879  0x0d1b2f6717174042266e5431c70c06cd9bb17156  prob=0.0339 (raw=0.0132)  vol=$2,723  trades=19  first_trade=2025-12-16 06:45  winrate=NaN  n_markets_traded=0.000  herfindahl_index_markets=0.000
11:46:14 [super]   #1880  0xd45709b025b649614cc21c10f25cdb5a00f641bb  prob=0.0339 (raw=0.0131)  vol=$10  trades=2  first_trade=2025-12-19 02:44  winrate=0.000  n_markets_traded=3.000  herfindahl_index_markets=0.763
11:46:14 [super]   #1881  0x538a7d0c62b1916c6378735cdf0e8e31f6fe7900  prob=0.0339 (raw=0.0131)  vol=$31  trades=4  first_trade=2025-11-10 23:19  winrate=0.000  n_markets_traded=2.000  herfindahl_index_markets=0.556
11:46:14 [super]   #1882  0x479574f971851dcf9f6b5cce6ce70d6fa37c0258  prob=0.0339 (raw=0.0131)  vol=$100  trades=13  first_trade=2025-12-18 10:05  winrate=0.000  n_markets_traded=7.000  herfindahl_index_markets=0.236
11:46:14 [super]   #1883  0x2110ba2a1e18840109482ff4ddc547baeff45850  prob=0.0339 (raw=0.0131)  vol=$100  trades=2  first_trade=2025-12-08 20:33  winrate=NaN  n_markets_traded=0.000  herfindahl_index_markets=0.000
11:46:14 [super]   #1884  0xf405d51c138ebb968236a34d28e82b74945d9df2  prob=0.0339 (raw=0.0131)  vol=$208  trades=2  first_trade=2025-12-19 05:48  winrate=NaN  n_markets_traded=0.000  herfindahl_index_markets=0.000
11:46:14 [super]   #1885  0x186fd80e9c7381dd7b1f4de42697ac2b567d8c40  prob=0.0339 (raw=0.0131)  vol=$77  trades=4  first_trade=2025-10-09 14:50  winrate=0.500  n_markets_traded=36.000  herfindahl_index_markets=0.039
11:46:14 [super]   #1886  0xcecaeade076dafc88fdb955864da9d9c15693f67  prob=0.0339 (raw=0.0131)  vol=$85  trades=6  first_trade=2025-12-17 11:22  winrate=NaN  n_markets_traded=0.000  herfindahl_index_markets=0.000
11:46:14 [super]   #1887  0x85ccef7e64c0926dcb818b6a2e6335e3d3984895  prob=0.0338 (raw=0.0130)  vol=$84  trades=5  first_trade=2025-12-10 19:31  winrate=0.490  n_markets_traded=570.000  herfindahl_index_markets=0.211
11:46:14 [super]   #1888  0xcd196bcb6132895d460f6ace27813b8713c17c85  prob=0.0338 (raw=0.0130)  vol=$8  trades=2  first_trade=2025-11-14 09:18  winrate=0.314  n_markets_traded=105.000  herfindahl_index_markets=0.030
11:46:14 [super]   #1889  0xb0e198c78bb0e0a997d794e6080c88913b306fd8  prob=0.0338 (raw=0.0130)  vol=$17  trades=4  first_trade=2025-10-22 14:43  winrate=0.540  n_markets_traded=215.000  herfindahl_index_markets=0.024
11:46:14 [super]   #1890  0xaabcd249234ce2ca59d4b6cf8844b805ea5e9844  prob=0.0338 (raw=0.0130)  vol=$13  trades=2  first_trade=2025-12-17 17:10  winrate=0.000  n_markets_traded=7.000  herfindahl_index_markets=0.638
11:46:14 [super]   #1891  0xf8b9ba31f5307c0969d058e3a3affdb54f577b8d  prob=0.0338 (raw=0.0130)  vol=$3  trades=2  first_trade=2025-12-16 23:44  winrate=NaN  n_markets_traded=0.000  herfindahl_index_markets=0.000
11:46:14 [super]   #1892  0xcb8c144d8d36f9a05c9eec039b165a45018d69b1  prob=0.0338 (raw=0.0130)  vol=$144  trades=11  first_trade=2025-11-14 21:23  winrate=NaN  n_markets_traded=0.000  herfindahl_index_markets=0.000
11:46:14 [super]   #1893  0xe8bbc29a85262636f804a6ddce1c5fafb3c96fee  prob=0.0338 (raw=0.0130)  vol=$76  trades=2  first_trade=2025-12-18 07:25  winrate=NaN  n_markets_traded=0.000  herfindahl_index_markets=0.000
11:46:14 [super]   #1894  0xb6ea2244ddd8af9182a2a472c336a5c5b8fb6ef3  prob=0.0338 (raw=0.0130)  vol=$17  trades=6  first_trade=2025-12-17 18:46  winrate=NaN  n_markets_traded=0.000  herfindahl_index_markets=0.000
11:46:14 [super]   #1895  0x23023fd0aebf8c2f5c5878b538abe85727c8d402  prob=0.0338 (raw=0.0130)  vol=$6  trades=6  first_trade=2025-12-12 12:51  winrate=NaN  n_markets_traded=0.000  herfindahl_index_markets=0.000
11:46:14 [super]   #1896  0x75bf9359d09044730729f48a2f9d2e8479170465  prob=0.0338 (raw=0.0129)  vol=$7  trades=2  first_trade=2025-12-10 21:40  winrate=0.500  n_markets_traded=6.000  herfindahl_index_markets=0.607
11:46:14 [super]   #1897  0x45f1a411ec8a3cabe6a5403646a0a30134465134  prob=0.0338 (raw=0.0129)  vol=$6  trades=2  first_trade=2025-12-18 18:55  winrate=0.583  n_markets_traded=12.000  herfindahl_index_markets=0.433
11:46:14 [super]   #1898  0x2fde11c8b348d73afb321493c565aaefaa4e7592  prob=0.0338 (raw=0.0129)  vol=$22  trades=2  first_trade=2025-12-07 22:32  winrate=0.739  n_markets_traded=23.000  herfindahl_index_markets=0.063
11:46:14 [super]   #1899  0x9a446e9bc991a4996cb32c364efdbe06ad4fd282  prob=0.0338 (raw=0.0128)  vol=$21  trades=3  first_trade=2025-12-19 00:10  winrate=0.236  n_markets_traded=110.000  herfindahl_index_markets=0.028
11:46:14 [super]   #1900  0x7dfaceb44c430d8a9f09d0c17b4f8176238523fb  prob=0.0338 (raw=0.0128)  vol=$2  trades=2  first_trade=2025-12-10 16:47  winrate=0.281  n_markets_traded=32.000  herfindahl_index_markets=0.046
11:46:14 [super]   #1901  0xacc8e9dcabf9d65a5c78e3bec6941ed53a2b7d08  prob=0.0338 (raw=0.0128)  vol=$1,126  trades=10  first_trade=2025-12-14 04:59  winrate=NaN  n_markets_traded=0.000  herfindahl_index_markets=0.000
11:46:14 [super]   #1902  0xb2a0b1c8ba0c87891b8c990150c4d7e7c7458ff0  prob=0.0338 (raw=0.0128)  vol=$4  trades=4  first_trade=2025-11-13 13:22  winrate=0.394  n_markets_traded=94.000  herfindahl_index_markets=0.028
11:46:14 [super]   #1903  0xc57be4d566479efc216a759327545e1c6c958faf  prob=0.0338 (raw=0.0128)  vol=$11  trades=4  first_trade=2025-12-04 01:06  winrate=0.140  n_markets_traded=222.000  herfindahl_index_markets=0.010
11:46:14 [super]   #1904  0x2e92ffe36306bdd4d69c462df15c2fb4648fa962  prob=0.0338 (raw=0.0128)  vol=$631  trades=9  first_trade=2025-12-13 17:34  winrate=0.250  n_markets_traded=8.000  herfindahl_index_markets=0.181
11:46:14 [super]   #1905  0x7f01d66e0292d24f195331b551ad0c4620363e02  prob=0.0338 (raw=0.0127)  vol=$4  trades=2  first_trade=2025-11-19 04:43  winrate=0.363  n_markets_traded=102.000  herfindahl_index_markets=0.020
11:46:14 [super]   #1906  0x39366db96706a0a55d394ee1196e9455baf2c6d4  prob=0.0338 (raw=0.0127)  vol=$5  trades=2  first_trade=2025-11-29 07:51  winrate=0.167  n_markets_traded=18.000  herfindahl_index_markets=0.071
11:46:14 [super]   #1907  0x436b9530e9ff4ce3cdff8119fc7e5afe50d7765c  prob=0.0338 (raw=0.0127)  vol=$108  trades=6  first_trade=2025-12-12 06:17  winrate=NaN  n_markets_traded=0.000  herfindahl_index_markets=0.000
11:46:14 [super]   #1908  0xc1719db77a4758bd5b3cb71bbec2e20920d1cb0b  prob=0.0338 (raw=0.0127)  vol=$17  trades=2  first_trade=2025-12-10 08:02  winrate=0.647  n_markets_traded=59.000  herfindahl_index_markets=0.375
11:46:14 [super]   #1909  0xec593b3c1a9a0ed15e597dc4ea09cafbffe3bb35  prob=0.0338 (raw=0.0127)  vol=$1,751  trades=44  first_trade=2025-12-15 19:50  winrate=NaN  n_markets_traded=0.000  herfindahl_index_markets=0.000
11:46:14 [super]   #1910  0x18a2e8fbf904aa88e51f714cda8ae0ec55f811c1  prob=0.0338 (raw=0.0127)  vol=$25  trades=4  first_trade=2025-12-11 18:34  winrate=0.325  n_markets_traded=40.000  herfindahl_index_markets=0.055
11:46:14 [super]   #1911  0x1933702c1568fcd4d628d458d39883a8d065cfa7  prob=0.0338 (raw=0.0127)  vol=$7  trades=2  first_trade=2025-12-15 18:17  winrate=0.273  n_markets_traded=22.000  herfindahl_index_markets=0.123
11:46:14 [super]   #1912  0xf92faaf4671ce83b518a63f8e4eda49b79bfd129  prob=0.0338 (raw=0.0126)  vol=$6  trades=4  first_trade=2025-11-13 16:22  winrate=0.410  n_markets_traded=82.000  herfindahl_index_markets=0.024
11:46:14 [super]   #1913  0x58aa47a2e3e0396f8c09259d87990db12e56a481  prob=0.0338 (raw=0.0126)  vol=$5,813  trades=19  first_trade=2025-12-17 17:06  winrate=0.490  n_markets_traded=148.000  herfindahl_index_markets=0.039
11:46:14 [super]   #1914  0x00ba1294dc93a685194ee5d7b0cf2edfa83a6a32  prob=0.0338 (raw=0.0126)  vol=$132  trades=12  first_trade=2025-12-15 11:11  winrate=0.182  n_markets_traded=22.000  herfindahl_index_markets=0.150
11:46:14 [super]   #1915  0x60a8143a09f045ba921f925b10e2d38d86a9c08b  prob=0.0338 (raw=0.0126)  vol=$10  trades=3  first_trade=2025-12-09 20:02  winrate=0.000  n_markets_traded=3.000  herfindahl_index_markets=0.660
11:46:14 [super]   #1916  0x7b3a90229e357936be78cc702e75bfd0a113e3b5  prob=0.0338 (raw=0.0125)  vol=$10  trades=3  first_trade=2025-12-18 09:52  winrate=0.571  n_markets_traded=77.000  herfindahl_index_markets=0.328
11:46:14 [super]   #1917  0x23a876d4bd29f9d59b1f9052d13cb4df4a8e8004  prob=0.0338 (raw=0.0125)  vol=$161  trades=7  first_trade=2025-12-18 14:54  winrate=0.525  n_markets_traded=96.000  herfindahl_index_markets=0.048
11:46:14 [super]   #1918  0x597eb42c1dd2f4cb3704f7c2998848db38e4cd70  prob=0.0338 (raw=0.0125)  vol=$3,354  trades=17  first_trade=2025-12-06 22:32  winrate=0.387  n_markets_traded=93.000  herfindahl_index_markets=0.051
11:46:14 [super]   #1919  0xbc2c89a30e9fde77274602f8c68127f5deb7e16f  prob=0.0338 (raw=0.0125)  vol=$18  trades=4  first_trade=2025-12-18 10:30  winrate=0.375  n_markets_traded=8.000  herfindahl_index_markets=0.254
11:46:14 [super]   #1920  0x2021aedd6da0c560bc5bd9159af8c0973ef6a8d5  prob=0.0338 (raw=0.0125)  vol=$109  trades=5  first_trade=2025-11-25 16:09  winrate=NaN  n_markets_traded=0.000  herfindahl_index_markets=0.000
11:46:14 [super]   #1921  0x5ee8fb8f6223f1f546448454db4c30c490604775  prob=0.0338 (raw=0.0125)  vol=$256  trades=3  first_trade=2025-12-11 08:24  winrate=0.333  n_markets_traded=24.000  herfindahl_index_markets=0.527
11:46:14 [super]   #1922  0xe8a68017820cc850b4d13cfd8a165eb438b4644b  prob=0.0338 (raw=0.0125)  vol=$189  trades=7  first_trade=2025-10-22 00:16  winrate=NaN  n_markets_traded=0.000  herfindahl_index_markets=0.000
11:46:14 [super]   #1923  0x894d55b6a8bf2afa172128408a815d53da2d5b6b  prob=0.0338 (raw=0.0124)  vol=$2  trades=2  first_trade=2025-11-23 06:20  winrate=0.154  n_markets_traded=13.000  herfindahl_index_markets=0.122
11:46:14 [super]   #1924  0xbcade71d511f5801a224f8cd2f0118d06c190047  prob=0.0338 (raw=0.0124)  vol=$505  trades=11  first_trade=2025-11-08 16:03  winrate=0.231  n_markets_traded=52.000  herfindahl_index_markets=0.069
11:46:14 [super]   #1925  0x4986014c79598c967093fc8be9ec06f504eeaacb  prob=0.0338 (raw=0.0124)  vol=$28  trades=5  first_trade=2025-11-10 18:51  winrate=0.348  n_markets_traded=23.000  herfindahl_index_markets=0.079
11:46:14 [super]   #1926  0x6c06bbcc2f6bcc3e54666ee22f00e6b815719d48  prob=0.0338 (raw=0.0124)  vol=$1  trades=2  first_trade=2025-12-07 21:47  winrate=0.265  n_markets_traded=49.000  herfindahl_index_markets=0.121
11:46:14 [super]   #1927  0x6556515372d1edcbf4210497960152428939329f  prob=0.0338 (raw=0.0123)  vol=$327  trades=19  first_trade=2025-11-10 15:38  winrate=0.429  n_markets_traded=18.000  herfindahl_index_markets=0.140
11:46:14 [super]   #1928  0x7b23f394bfd275577847e2041ea45847ab048519  prob=0.0338 (raw=0.0123)  vol=$22  trades=2  first_trade=2025-12-18 06:00  winrate=0.450  n_markets_traded=207.000  herfindahl_index_markets=0.015
11:46:14 [super]   #1929  0x66d9eb0699f501615d323ab38fc8e357da1ae7ac  prob=0.0338 (raw=0.0123)  vol=$15  trades=3  first_trade=2025-12-16 17:36  winrate=0.452  n_markets_traded=42.000  herfindahl_index_markets=0.067
11:46:14 [super]   #1930  0xb6ceb2b08d010100fc25bc9430ce757048e2454a  prob=0.0337 (raw=0.0123)  vol=$2,749  trades=97  first_trade=2025-12-19 01:42  winrate=0.129  n_markets_traded=31.000  herfindahl_index_markets=0.327
11:46:14 [super]   #1931  0x01e6c9944ae3ebd3db66311e46a44fb047e15920  prob=0.0337 (raw=0.0123)  vol=$50  trades=5  first_trade=2025-12-10 23:37  winrate=0.667  n_markets_traded=6.000  herfindahl_index_markets=0.276
11:46:14 [super]   #1932  0x99a67c0ef2bd80af07e34d33e555a190b436dde3  prob=0.0337 (raw=0.0123)  vol=$905  trades=13  first_trade=2025-12-17 22:06  winrate=0.000  n_markets_traded=2.000  herfindahl_index_markets=0.627
11:46:14 [super]   #1933  0x9822ddfa057a3d19c9e0c2487887ace0c597fd00  prob=0.0337 (raw=0.0123)  vol=$61  trades=8  first_trade=2025-10-22 09:23  winrate=0.516  n_markets_traded=31.000  herfindahl_index_markets=0.073
11:46:14 [super]   #1934  0x05d3e8e5b270710ec7c6d1ad4c702eb84536c06a  prob=0.0337 (raw=0.0123)  vol=$577  trades=62  first_trade=2025-12-08 02:32  winrate=NaN  n_markets_traded=0.000  herfindahl_index_markets=0.000
11:46:14 [super]   #1935  0x8d5d0c8d3db5e4711da59f2f0718e4a344c473ff  prob=0.0337 (raw=0.0123)  vol=$85  trades=5  first_trade=2025-11-14 21:32  winrate=0.294  n_markets_traded=17.000  herfindahl_index_markets=0.291
11:46:14 [super]   #1936  0x134daf9a48a840f97e2f7732d3d09db9c4358016  prob=0.0337 (raw=0.0123)  vol=$2  trades=2  first_trade=2025-12-18 21:51  winrate=0.438  n_markets_traded=80.000  herfindahl_index_markets=0.623
11:46:14 [super]   #1937  0x50f336b816968e29b8b0284018986bb6d893c2c2  prob=0.0337 (raw=0.0123)  vol=$725  trades=13  first_trade=2025-11-02 15:56  winrate=0.434  n_markets_traded=188.000  herfindahl_index_markets=0.026
11:46:14 [super]   #1938  0x47ae6d13566c3418c4795c98ced1f197575eee94  prob=0.0337 (raw=0.0122)  vol=$6,947  trades=124  first_trade=2025-12-15 06:06  winrate=NaN  n_markets_traded=0.000  herfindahl_index_markets=0.000
11:46:14 [super]   #1939  0xd748c701ad93cfec32a3420e10f3b08e68612125  prob=0.0337 (raw=0.0122)  vol=$16,775  trades=40  first_trade=2025-12-19 06:53  winrate=NaN  n_markets_traded=0.000  herfindahl_index_markets=0.000
11:46:14 [super]   #1940  0x848ff26abfcda84d423dfa95cb441422f404ffd8  prob=0.0337 (raw=0.0122)  vol=$2,904  trades=15  first_trade=2025-12-18 01:30  winrate=NaN  n_markets_traded=0.000  herfindahl_index_markets=0.000
11:46:14 [super]   #1941  0x4f1bad13ef34a4dfbbf167a29c7ce2723677bc10  prob=0.0337 (raw=0.0122)  vol=$5  trades=2  first_trade=2025-11-25 00:29  winrate=NaN  n_markets_traded=0.000  herfindahl_index_markets=0.000
11:46:14 [super]   #1942  0x6c16abad96d6989efe1b0333cb9af9158f548bfa  prob=0.0337 (raw=0.0122)  vol=$1,426  trades=9  first_trade=2025-10-21 21:54  winrate=NaN  n_markets_traded=0.000  herfindahl_index_markets=0.000
11:46:14 [super]   #1943  0xe9444730d474e6f4d12f1a801277d1e34263314c  prob=0.0337 (raw=0.0121)  vol=$82  trades=6  first_trade=2025-12-06 12:26  winrate=0.200  n_markets_traded=14.000  herfindahl_index_markets=0.119
11:46:14 [super]   #1944  0x30aa29eb9ac88f0e55f33800061b373879f52bdd  prob=0.0337 (raw=0.0121)  vol=$3,260  trades=35  first_trade=2025-12-12 17:25  winrate=0.359  n_markets_traded=63.000  herfindahl_index_markets=0.054
11:46:14 [super]   #1945  0xf0eccac3a4eb419de7343fe7e1dcc09865ef85d0  prob=0.0337 (raw=0.0121)  vol=$5  trades=2  first_trade=2025-11-15 07:35  winrate=0.000  n_markets_traded=6.000  herfindahl_index_markets=0.210
11:46:14 [super]   #1946  0x5ad818e112c96496d5a16d22f79a5c7cc7e043e2  prob=0.0337 (raw=0.0121)  vol=$20  trades=2  first_trade=2025-12-09 22:07  winrate=NaN  n_markets_traded=0.000  herfindahl_index_markets=0.000
11:46:14 [super]   #1947  0x2eebfaf2e8dcabfe4ad66b74611dd8baac25d322  prob=0.0337 (raw=0.0120)  vol=$5  trades=6  first_trade=2025-11-12 13:35  winrate=0.635  n_markets_traded=74.000  herfindahl_index_markets=0.031
11:46:14 [super]   #1948  0xdc0153733ee1192dd2aebfc6c9ff9e3b39d2058a  prob=0.0337 (raw=0.0120)  vol=$43  trades=6  first_trade=2025-12-10 06:16  winrate=0.308  n_markets_traded=13.000  herfindahl_index_markets=0.560
11:46:14 [super]   #1949  0x7c95e97e8d197ce195b0bd74c7b910a2f4605b35  prob=0.0337 (raw=0.0120)  vol=$44  trades=5  first_trade=2025-12-04 07:48  winrate=0.286  n_markets_traded=7.000  herfindahl_index_markets=0.473
11:46:14 [super]   #1950  0x22e645acff2bbb2cd7a74462f8779eb6f53d409f  prob=0.0337 (raw=0.0120)  vol=$2,625  trades=9  first_trade=2025-11-07 19:56  winrate=NaN  n_markets_traded=0.000  herfindahl_index_markets=0.000
11:46:14 [super]   #1951  0x3d31a5538536493bc4e936dd266f58e49f683e6c  prob=0.0337 (raw=0.0120)  vol=$1  trades=2  first_trade=2025-12-18 02:24  winrate=0.844  n_markets_traded=64.000  herfindahl_index_markets=0.036
11:46:14 [super]   #1952  0xe364144047659ba9a430959e142d79274b5eebf4  prob=0.0337 (raw=0.0120)  vol=$31  trades=6  first_trade=2025-11-15 03:06  winrate=0.375  n_markets_traded=8.000  herfindahl_index_markets=0.163
11:46:14 [super]   #1953  0x17a573d7c137026be0c86ac13b539154155fe00a  prob=0.0337 (raw=0.0120)  vol=$34  trades=2  first_trade=2025-12-08 05:41  winrate=NaN  n_markets_traded=0.000  herfindahl_index_markets=0.000
11:46:14 [super]   #1954  0x0d6ec6b50d943aa477d4cd88e0b28b91a03054cf  prob=0.0337 (raw=0.0119)  vol=$18  trades=3  first_trade=2025-12-05 19:27  winrate=NaN  n_markets_traded=0.000  herfindahl_index_markets=0.000
11:46:14 [super]   #1955  0x3dd8722827bee815ae8dccd1080576fb42f2d3dd  prob=0.0337 (raw=0.0119)  vol=$22  trades=4  first_trade=2025-10-09 13:32  winrate=0.371  n_markets_traded=35.000  herfindahl_index_markets=0.203
11:46:14 [super]   #1956  0xba9549d199be7ac091a7ed1f0753461a88e55516  prob=0.0337 (raw=0.0119)  vol=$16  trades=7  first_trade=2025-11-02 20:02  winrate=0.298  n_markets_traded=57.000  herfindahl_index_markets=0.295
11:46:14 [super]   #1957  0xdca21d2763902999930d3f9111fa4bbbea900951  prob=0.0337 (raw=0.0118)  vol=$6  trades=4  first_trade=2025-10-23 02:05  winrate=0.103  n_markets_traded=234.000  herfindahl_index_markets=0.168
11:46:14 [super]   #1958  0x4eea215c51858d726b3fabf90d2b5bbd835d0f9c  prob=0.0337 (raw=0.0118)  vol=$12  trades=4  first_trade=2025-11-10 20:48  winrate=0.513  n_markets_traded=39.000  herfindahl_index_markets=0.037
11:46:14 [super]   #1959  0x22d71985cb4ac9697a2a07905b858b602d6884e0  prob=0.0337 (raw=0.0118)  vol=$59  trades=2  first_trade=2025-12-12 14:42  winrate=0.234  n_markets_traded=111.000  herfindahl_index_markets=0.048
11:46:14 [super]   #1960  0x99984e22205053950eb25453779267bcc1aee858  prob=0.0337 (raw=0.0118)  vol=$3  trades=4  first_trade=2025-10-08 23:51  winrate=NaN  n_markets_traded=0.000  herfindahl_index_markets=0.000
11:46:14 [super]   #1961  0xbe529f3c699cc19b8e11d207a3c2fb8cb35432c5  prob=0.0337 (raw=0.0118)  vol=$329  trades=11  first_trade=2025-12-03 07:35  winrate=NaN  n_markets_traded=0.000  herfindahl_index_markets=0.000
11:46:14 [super]   #1962  0x0704f93dd4a682912ec4934e3d8b9d814077fbd8  prob=0.0337 (raw=0.0117)  vol=$47  trades=4  first_trade=2025-11-16 12:08  winrate=0.688  n_markets_traded=32.000  herfindahl_index_markets=0.116
11:46:14 [super]   #1963  0xe244d6f05864792687fb45ba0febd4aaac7ddef9  prob=0.0337 (raw=0.0117)  vol=$2  trades=2  first_trade=2025-10-20 11:28  winrate=0.579  n_markets_traded=76.000  herfindahl_index_markets=0.635
11:46:14 [super]   #1964  0x08f5165fc4daf68a49bf6d84e5e05c981b4828e0  prob=0.0337 (raw=0.0117)  vol=$168  trades=8  first_trade=2025-10-22 14:50  winrate=0.607  n_markets_traded=27.000  herfindahl_index_markets=0.072
11:46:14 [super]   #1965  0x9a8a4d15dc5249bd309f1458c186cddf2d135af6  prob=0.0337 (raw=0.0116)  vol=$36  trades=5  first_trade=2025-10-23 08:45  winrate=0.341  n_markets_traded=129.000  herfindahl_index_markets=0.193
11:46:14 [super]   #1966  0x2d40ca3ab44c1cf56677c85919a815bbf59cec52  prob=0.0337 (raw=0.0116)  vol=$314  trades=7  first_trade=2025-12-16 23:23  winrate=0.389  n_markets_traded=15.000  herfindahl_index_markets=0.282
11:46:14 [super]   #1967  0xec811341ce21bd8cd751862efda9c10e34289775  prob=0.0337 (raw=0.0116)  vol=$10  trades=2  first_trade=2025-12-05 21:34  winrate=0.308  n_markets_traded=13.000  herfindahl_index_markets=0.325
11:46:14 [super]   #1968  0xdb7118f26824cfbc472aa512c798f31b665410cd  prob=0.0336 (raw=0.0116)  vol=$465  trades=10  first_trade=2025-12-16 20:07  winrate=NaN  n_markets_traded=0.000  herfindahl_index_markets=0.000
11:46:14 [super]   #1969  0x8f7a4b414417911e7e9bd738399874792cdbdb40  prob=0.0336 (raw=0.0116)  vol=$7,336  trades=23  first_trade=2025-10-21 23:54  winrate=NaN  n_markets_traded=0.000  herfindahl_index_markets=0.000
11:46:14 [super]   #1970  0xd8a8d0616d0b0edcad83c03bee887062516b73f6  prob=0.0336 (raw=0.0116)  vol=$164  trades=4  first_trade=2025-12-03 06:08  winrate=0.571  n_markets_traded=7.000  herfindahl_index_markets=0.276
11:46:14 [super]   #1971  0x4e20952835fd9b3d3203022d02e8e952412e04e2  prob=0.0336 (raw=0.0116)  vol=$2,248  trades=14  first_trade=2025-11-26 08:52  winrate=0.273  n_markets_traded=44.000  herfindahl_index_markets=0.114
11:46:14 [super]   #1972  0xed6d74bfc948c58b0cb11295f8a868ecdd53fee8  prob=0.0336 (raw=0.0115)  vol=$2  trades=2  first_trade=2025-12-18 03:08  winrate=0.894  n_markets_traded=47.000  herfindahl_index_markets=0.052
11:46:14 [super]   #1973  0x5480fb8bbf7cbb54079013f3b5020d44418151f3  prob=0.0336 (raw=0.0115)  vol=$1  trades=2  first_trade=2025-12-19 06:36  winrate=0.543  n_markets_traded=46.000  herfindahl_index_markets=0.113
11:46:14 [super]   #1974  0xcc2982e3fbbcaf9af9fa373fa3ae392fd9457774  prob=0.0336 (raw=0.0115)  vol=$1,461  trades=8  first_trade=2025-10-17 03:39  winrate=NaN  n_markets_traded=0.000  herfindahl_index_markets=0.000
11:46:14 [super]   #1975  0x69f0887dd6004821f2679470b68adc03cbed2e21  prob=0.0336 (raw=0.0115)  vol=$193  trades=14  first_trade=2025-10-22 13:21  winrate=0.353  n_markets_traded=34.000  herfindahl_index_markets=0.122
11:46:14 [super]   #1976  0xb4f334eb2ec0fd1eda346cd854babafcf4c6999f  prob=0.0336 (raw=0.0115)  vol=$1  trades=2  first_trade=2025-12-08 09:11  winrate=NaN  n_markets_traded=0.000  herfindahl_index_markets=0.000
11:46:14 [super]   #1977  0x4156807f3ebdd2fbe64c48fb52d8f84bdae8dcd6  prob=0.0336 (raw=0.0115)  vol=$15  trades=4  first_trade=2025-11-11 13:15  winrate=NaN  n_markets_traded=0.000  herfindahl_index_markets=0.000
11:46:14 [super]   #1978  0x23e0136e8ca8140af12fdcd085a9ccf8fba4a1c8  prob=0.0336 (raw=0.0115)  vol=$3  trades=1  first_trade=2025-11-09 13:18  winrate=0.269  n_markets_traded=26.000  herfindahl_index_markets=0.055
11:46:14 [super]   #1979  0x14f6822d952ed41ec5003a3f006a6ffcaa5c431f  prob=0.0336 (raw=0.0114)  vol=$12  trades=6  first_trade=2025-12-19 12:52  winrate=0.765  n_markets_traded=85.000  herfindahl_index_markets=0.287
11:46:14 [super]   #1980  0x98bd2e4fa591241e9c7fae4ff66c98e4b477b657  prob=0.0336 (raw=0.0114)  vol=$19  trades=3  first_trade=2025-11-08 08:37  winrate=0.267  n_markets_traded=15.000  herfindahl_index_markets=0.778
11:46:14 [super]   #1981  0xcbff940cfb4d3a91a9dc1012d513c6046b16e8e7  prob=0.0336 (raw=0.0114)  vol=$433  trades=19  first_trade=2025-12-18 03:11  winrate=0.350  n_markets_traded=135.000  herfindahl_index_markets=0.085
11:46:14 [super]   #1982  0x23f820330edbc04c539738ac70367f1e1ed7382e  prob=0.0336 (raw=0.0114)  vol=$63  trades=14  first_trade=2025-10-22 11:37  winrate=0.357  n_markets_traded=14.000  herfindahl_index_markets=0.161
11:46:14 [super]   #1983  0x2516841e61d08bd94d951fc53301ac42f730f107  prob=0.0336 (raw=0.0114)  vol=$262  trades=7  first_trade=2025-11-09 05:15  winrate=0.776  n_markets_traded=294.000  herfindahl_index_markets=0.011
11:46:14 [super]   #1984  0xc8a07213d186a369b189fb775a98a26ab10cff01  prob=0.0336 (raw=0.0114)  vol=$275  trades=4  first_trade=2025-11-10 18:43  winrate=0.200  n_markets_traded=5.000  herfindahl_index_markets=0.261
11:46:14 [super]   #1985  0x662244931c392df70bd064fa91f838eea0bfd7a9  prob=0.0336 (raw=0.0113)  vol=$63,110  trades=262  first_trade=2025-12-10 17:32  winrate=0.297  n_markets_traded=101.000  herfindahl_index_markets=0.056
11:46:14 [super]   #1986  0x2ab4ea83d41dc9e75a6d4ebdc0f3e02d53b23959  prob=0.0336 (raw=0.0113)  vol=$6  trades=4  first_trade=2025-10-25 03:08  winrate=0.515  n_markets_traded=68.000  herfindahl_index_markets=0.062
11:46:14 [super]   #1987  0x5b0614869ed9bc318e005173ba2b95da8bed9076  prob=0.0336 (raw=0.0113)  vol=$63  trades=15  first_trade=2025-11-10 09:40  winrate=NaN  n_markets_traded=0.000  herfindahl_index_markets=0.000
11:46:14 [super]   #1988  0xf0f6b5ac824ea202d312f46e7f701eeae354f699  prob=0.0336 (raw=0.0113)  vol=$1,847  trades=46  first_trade=2025-10-09 03:51  winrate=NaN  n_markets_traded=0.000  herfindahl_index_markets=0.000
11:46:14 [super]   #1989  0x263b9f4d8445201f2eff580872a4bc68b0e7d2d0  prob=0.0336 (raw=0.0113)  vol=$67  trades=4  first_trade=2025-12-17 12:34  winrate=0.333  n_markets_traded=3.000  herfindahl_index_markets=0.682
11:46:14 [super]   #1990  0x465ac1c2138ed29d341f40ad7f9b40792b8028f9  prob=0.0336 (raw=0.0112)  vol=$186  trades=1  first_trade=2025-12-19 03:56  winrate=0.500  n_markets_traded=30.000  herfindahl_index_markets=0.075
11:46:14 [super]   #1991  0x4ffe49ba2a4cae123536a8af4fda48faeb609f71  prob=0.0336 (raw=0.0112)  vol=$613  trades=75  first_trade=2025-10-21 22:15  winrate=NaN  n_markets_traded=0.000  herfindahl_index_markets=0.000
11:46:14 [super]   #1992  0x12e463cffec60668bac40da6a338ebdbc8f12f15  prob=0.0336 (raw=0.0112)  vol=$20  trades=5  first_trade=2025-11-30 10:58  winrate=0.167  n_markets_traded=6.000  herfindahl_index_markets=0.550
11:46:14 [super]   #1993  0xaf575a22b7a0b5a863d155c65ca3c38cd7886887  prob=0.0336 (raw=0.0112)  vol=$1  trades=2  first_trade=2025-12-18 03:23  winrate=0.857  n_markets_traded=56.000  herfindahl_index_markets=0.047
11:46:14 [super]   #1994  0xef1e6741d78e4dd84a362922ce0c6b8b4a753823  prob=0.0336 (raw=0.0112)  vol=$2  trades=2  first_trade=2025-12-18 03:33  winrate=0.848  n_markets_traded=66.000  herfindahl_index_markets=0.045
11:46:14 [super]   #1995  0xf699837848dae15e38ebd90f3af6f27afa9bf1ee  prob=0.0336 (raw=0.0112)  vol=$19  trades=4  first_trade=2025-11-03 16:50  winrate=0.357  n_markets_traded=70.000  herfindahl_index_markets=0.224
11:46:14 [super]   #1996  0xa93de0c5faceb21c73772f9e14e657c119d0821f  prob=0.0336 (raw=0.0112)  vol=$20  trades=1  first_trade=2025-12-11 14:10  winrate=0.000  n_markets_traded=3.000  herfindahl_index_markets=0.343
11:46:14 [super]   #1997  0x612a7b083170a5e0568839cd179e0c2a0524fee9  prob=0.0336 (raw=0.0112)  vol=$517  trades=12  first_trade=2025-12-18 13:05  winrate=0.277  n_markets_traded=47.000  herfindahl_index_markets=0.148
11:46:14 [super]   #1998  0x542cb6ba753d1444fc3053d6c9c6484ff66e08f8  prob=0.0336 (raw=0.0112)  vol=$157  trades=14  first_trade=2025-11-10 09:44  winrate=0.312  n_markets_traded=16.000  herfindahl_index_markets=0.092
11:46:14 [super]   #1999  0xc13540ad3c67cfe8b3718d947fc52e57b0ee21b0  prob=0.0336 (raw=0.0111)  vol=$172  trades=7  first_trade=2025-12-04 21:31  winrate=0.317  n_markets_traded=82.000  herfindahl_index_markets=0.068
11:46:14 [super]   #2000  0x3b9349686bd4de8bc0456f3c99a3953df8531ff9  prob=0.0336 (raw=0.0111)  vol=$3  trades=2  first_trade=2025-12-02 23:50  winrate=0.564  n_markets_traded=488.000  herfindahl_index_markets=0.004
11:46:14 [super]   #2001  0x5c5aa8d9dd46b3a5ea55c0e22f2b6e88c895aabe  prob=0.0336 (raw=0.0111)  vol=$10  trades=1  first_trade=2025-12-01 18:44  winrate=0.500  n_markets_traded=6.000  herfindahl_index_markets=0.273
11:46:14 [super]   #2002  0x28fb1b7ca20c6525fd4200a2ca52297eb13e9490  prob=0.0336 (raw=0.0111)  vol=$80  trades=8  first_trade=2025-11-25 20:11  winrate=0.385  n_markets_traded=561.000  herfindahl_index_markets=0.017
11:46:14 [super]   #2003  0x3422853b659c715afe62feb3729ad2427bd97328  prob=0.0336 (raw=0.0111)  vol=$11  trades=3  first_trade=2025-12-19 11:13  winrate=0.803  n_markets_traded=59.000  herfindahl_index_markets=0.149
11:46:14 [super]   #2004  0x65d45d1454cadae706511ec883cfb2d8ab0fb7e3  prob=0.0336 (raw=0.0110)  vol=$1,157  trades=12  first_trade=2025-11-24 21:45  winrate=0.583  n_markets_traded=12.000  herfindahl_index_markets=0.164
11:46:14 [super]   #2005  0x79add3f87e377b0899b935472c07d2c3816ba9f1  prob=0.0336 (raw=0.0110)  vol=$12,705  trades=22  first_trade=2025-12-19 00:41  winrate=0.456  n_markets_traded=121.000  herfindahl_index_markets=0.069
11:46:14 [super]   #2006  0x0362bb926368b144e0ff98f6828a251e4cb6449e  prob=0.0336 (raw=0.0110)  vol=$169  trades=15  first_trade=2025-12-03 12:31  winrate=NaN  n_markets_traded=0.000  herfindahl_index_markets=0.000
11:46:14 [super]   #2007  0x3d70670e169d7630a0a324dc01d030c650a4e9b0  prob=0.0336 (raw=0.0109)  vol=$43  trades=5  first_trade=2025-10-22 14:17  winrate=0.136  n_markets_traded=22.000  herfindahl_index_markets=0.075
11:46:14 [super]   #2008  0x2a7026b82b3787606ea24440b48205f70b013fc8  prob=0.0336 (raw=0.0109)  vol=$247  trades=7  first_trade=2025-10-21 22:16  winrate=0.455  n_markets_traded=11.000  herfindahl_index_markets=0.146
11:46:14 [super]   #2009  0x45bf79563bf51674c00d7f0212d6100f99939563  prob=0.0336 (raw=0.0109)  vol=$18,374  trades=7  first_trade=2025-12-19 12:49  winrate=0.800  n_markets_traded=79.000  herfindahl_index_markets=0.057
11:46:14 [super]   #2010  0x84ed22516696d4997351738e8678b4618042011b  prob=0.0336 (raw=0.0109)  vol=$10  trades=2  first_trade=2025-11-04 00:17  winrate=0.300  n_markets_traded=10.000  herfindahl_index_markets=0.109
11:46:14 [super]   #2011  0x60f36ca6fbf537b7419a460fa1d197adedeb4717  prob=0.0335 (raw=0.0109)  vol=$138  trades=8  first_trade=2025-11-10 08:09  winrate=0.750  n_markets_traded=17.000  herfindahl_index_markets=0.190
11:46:14 [super]   #2012  0x266c7ec8cc9533fe261349e63552f2f7348760f0  prob=0.0335 (raw=0.0108)  vol=$183  trades=4  first_trade=2025-10-14 06:16  winrate=0.100  n_markets_traded=10.000  herfindahl_index_markets=0.228
11:46:14 [super]   #2013  0x34327b375355ba4141a6fb45b24a52d2098a09e4  prob=0.0335 (raw=0.0107)  vol=$4  trades=2  first_trade=2025-12-19 08:56  winrate=0.000  n_markets_traded=5.000  herfindahl_index_markets=0.288
11:46:14 [super]   #2014  0x0fefa2e17f4f8cf5604a905c19bce7eba28989e4  prob=0.0335 (raw=0.0107)  vol=$22  trades=2  first_trade=2025-12-16 05:26  winrate=0.000  n_markets_traded=5.000  herfindahl_index_markets=0.373
11:46:14 [super]   #2015  0xa7d164e5a746c91170129bff677b74a9be5c8749  prob=0.0335 (raw=0.0107)  vol=$134  trades=6  first_trade=2025-12-09 21:08  winrate=0.616  n_markets_traded=242.000  herfindahl_index_markets=0.024
11:46:14 [super]   #2016  0xa25361571af2c343a1118ba3d3c0d8ec2faf7630  prob=0.0335 (raw=0.0107)  vol=$2,322  trades=2  first_trade=2025-12-12 14:12  winrate=0.408  n_markets_traded=125.000  herfindahl_index_markets=0.018
11:46:14 [super]   #2017  0xa905529c60b5ef195dab5ee52e07b22b034ffcf1  prob=0.0335 (raw=0.0107)  vol=$287  trades=19  first_trade=2025-12-12 22:59  winrate=0.442  n_markets_traded=150.000  herfindahl_index_markets=0.040
11:46:14 [super]   #2018  0x06c66bea1147681eb6579ac9959e8c5df674577b  prob=0.0335 (raw=0.0107)  vol=$808  trades=49  first_trade=2025-12-07 17:24  winrate=0.143  n_markets_traded=14.000  herfindahl_index_markets=0.280
11:46:14 [super]   #2019  0xe1055b4b4c1342281bf5cba7d18074f8126f9cb3  prob=0.0335 (raw=0.0106)  vol=$350  trades=1  first_trade=2025-12-09 22:27  winrate=0.364  n_markets_traded=9.000  herfindahl_index_markets=0.474
11:46:14 [super]   #2020  0xef284c61a9a90842cbac8408cc067f89f7912d50  prob=0.0335 (raw=0.0106)  vol=$618  trades=18  first_trade=2025-12-12 12:31  winrate=0.247  n_markets_traded=210.000  herfindahl_index_markets=0.029
11:46:14 [super]   #2021  0xe5fb83048b736064f06dd05f5911e1f2985a4471  prob=0.0335 (raw=0.0106)  vol=$9  trades=4  first_trade=2025-12-13 08:10  winrate=0.120  n_markets_traded=25.000  herfindahl_index_markets=0.120
11:46:14 [super]   #2022  0x7ea2c3dd293df0b3b77d14d8b82eeccdad04bc00  prob=0.0335 (raw=0.0106)  vol=$3  trades=2  first_trade=2025-12-09 18:17  winrate=0.438  n_markets_traded=121.000  herfindahl_index_markets=0.105
11:46:14 [super]   #2023  0x17973e9b4cc9733dc755edf0a7faee174ed1d1f1  prob=0.0335 (raw=0.0106)  vol=$4  trades=2  first_trade=2025-12-06 14:18  winrate=0.385  n_markets_traded=26.000  herfindahl_index_markets=0.057
11:46:14 [super]   #2024  0x6adcccb0ea0b93a66e67f0d7b2b625b135a8beba  prob=0.0335 (raw=0.0105)  vol=$10,450  trades=17  first_trade=2025-12-19 00:21  winrate=NaN  n_markets_traded=0.000  herfindahl_index_markets=0.000
11:46:14 [super]   #2025  0x38b1216ce07b1b107607f9a42ba1c67989cfaf7f  prob=0.0335 (raw=0.0105)  vol=$42  trades=4  first_trade=2025-10-24 21:44  winrate=0.524  n_markets_traded=21.000  herfindahl_index_markets=0.172
11:46:14 [super]   #2026  0x19041d9bb36c71dcf45a76a923e1abe4e1430535  prob=0.0335 (raw=0.0105)  vol=$2  trades=2  first_trade=2025-12-04 03:12  winrate=0.371  n_markets_traded=166.000  herfindahl_index_markets=0.014
11:46:14 [super]   #2027  0x5063913afd116a66ccf20fee88f6fb6c5240518b  prob=0.0335 (raw=0.0105)  vol=$3  trades=2  first_trade=2025-12-19 01:23  winrate=0.769  n_markets_traded=23.000  herfindahl_index_markets=0.088
11:46:14 [super]   #2028  0x992f3efdf01638250afa58b8c6a6145cc028c9ed  prob=0.0335 (raw=0.0105)  vol=$71  trades=4  first_trade=2025-11-10 23:37  winrate=0.136  n_markets_traded=22.000  herfindahl_index_markets=0.546
11:46:14 [super]   #2029  0xe9257cfd566243f7e9259c465beb25848b93afd9  prob=0.0335 (raw=0.0105)  vol=$10  trades=2  first_trade=2025-12-18 02:35  winrate=0.000  n_markets_traded=4.000  herfindahl_index_markets=0.406
11:46:14 [super]   #2030  0xccb4637431b02baa418233b44613c5d57e8e9fe3  prob=0.0335 (raw=0.0104)  vol=$7  trades=4  first_trade=2025-12-09 08:13  winrate=0.267  n_markets_traded=15.000  herfindahl_index_markets=0.433
11:46:14 [super]   #2031  0xa09c9663ee39d05323eabcd22c0e6389e0e3f710  prob=0.0335 (raw=0.0104)  vol=$41  trades=2  first_trade=2025-12-19 13:18  winrate=0.812  n_markets_traded=554.000  herfindahl_index_markets=0.010
11:46:14 [super]   #2032  0xdde7aa01ee471da7642ed59a37a68a4473199fa0  prob=0.0335 (raw=0.0104)  vol=$16  trades=2  first_trade=2025-12-18 18:18  winrate=0.000  n_markets_traded=6.000  herfindahl_index_markets=0.252
11:46:14 [super]   #2033  0x2d195d282bc56f113b8c2b8259d895f6f1b591e3  prob=0.0335 (raw=0.0103)  vol=$1,244  trades=18  first_trade=2025-12-05 17:32  winrate=0.568  n_markets_traded=44.000  herfindahl_index_markets=0.121
11:46:14 [super]   #2034  0xb1033f87f5a68aaeaf76a164cdee19e28d5d8fae  prob=0.0335 (raw=0.0103)  vol=$10  trades=2  first_trade=2025-12-10 08:18  winrate=0.557  n_markets_traded=61.000  herfindahl_index_markets=0.225
11:46:14 [super]   #2035  0xbacd00c9080a82ded56f504ee8810af732b0ab35  prob=0.0335 (raw=0.0103)  vol=$37,197  trades=506  first_trade=2025-10-22 14:52  winrate=NaN  n_markets_traded=0.000  herfindahl_index_markets=0.000
11:46:14 [super]   #2036  0x8f13db915cca106e6330e8a39996c0a875d8daae  prob=0.0335 (raw=0.0103)  vol=$16,853  trades=311  first_trade=2025-10-23 04:39  winrate=NaN  n_markets_traded=0.000  herfindahl_index_markets=0.000
11:46:14 [super]   #2037  0x78ee197b4aae2e6b6e44c21702a601de24f245eb  prob=0.0335 (raw=0.0103)  vol=$9  trades=4  first_trade=2025-10-22 15:42  winrate=0.333  n_markets_traded=60.000  herfindahl_index_markets=0.026
11:46:14 [super]   #2038  0xad529df14c293d77984a0137990a1441b25211ac  prob=0.0335 (raw=0.0103)  vol=$245  trades=19  first_trade=2025-12-05 20:42  winrate=NaN  n_markets_traded=0.000  herfindahl_index_markets=0.000
11:46:14 [super]   #2039  0x8b4410e877fa826c7e986dfb30a5be73d72163fb  prob=0.0335 (raw=0.0102)  vol=$5,615  trades=446  first_trade=2025-10-21 22:58  winrate=NaN  n_markets_traded=0.000  herfindahl_index_markets=0.000
11:46:14 [super]   #2040  0x4d0c88c5801df474e7f0b07b113b96a2cbc6e082  prob=0.0335 (raw=0.0102)  vol=$96  trades=7  first_trade=2025-10-22 13:21  winrate=0.418  n_markets_traded=67.000  herfindahl_index_markets=0.065
11:46:14 [super]   #2041  0x57aa2b8ae0e09a52ad2d24c12c84d6fc964104c5  prob=0.0335 (raw=0.0102)  vol=$153  trades=17  first_trade=2025-10-11 20:56  winrate=NaN  n_markets_traded=0.000  herfindahl_index_markets=0.000
11:46:14 [super]   #2042  0xc351f295359d84ecc82fad515acbbace6f088885  prob=0.0334 (raw=0.0101)  vol=$200  trades=6  first_trade=2025-10-22 11:38  winrate=0.382  n_markets_traded=30.000  herfindahl_index_markets=0.070
11:46:14 [super]   #2043  0xb7a6bbc1d240380de2ba7a5cd8676e8451dff9f5  prob=0.0334 (raw=0.0101)  vol=$133  trades=5  first_trade=2025-10-22 11:38  winrate=0.450  n_markets_traded=127.000  herfindahl_index_markets=0.020
11:46:14 [super]   #2044  0xf7870ded3e8a7ef53a5de0d3560ae9f9f374c7c7  prob=0.0334 (raw=0.0101)  vol=$51  trades=5  first_trade=2025-11-10 20:02  winrate=0.000  n_markets_traded=5.000  herfindahl_index_markets=0.209
11:46:14 [super]   #2045  0x9ad8b091280a967bcd86b386be8573fd4e6869c9  prob=0.0334 (raw=0.0101)  vol=$202  trades=7  first_trade=2025-10-22 11:37  winrate=0.333  n_markets_traded=12.000  herfindahl_index_markets=0.135
11:46:14 [super]   #2046  0x4b786ddc5c56d0429094bedd15320def5b464d2f  prob=0.0334 (raw=0.0101)  vol=$5,657  trades=50  first_trade=2025-12-12 13:04  winrate=NaN  n_markets_traded=0.000  herfindahl_index_markets=0.000
11:46:14 [super]   #2047  0x43a890366af85f81a908641e513b8368879786c6  prob=0.0334 (raw=0.0101)  vol=$171  trades=26  first_trade=2025-11-22 06:15  winrate=0.500  n_markets_traded=6.000  herfindahl_index_markets=0.182
11:46:14 [super]   #2048  0x6147106e20cfd18feee516bde92276d3c3e9671a  prob=0.0334 (raw=0.0100)  vol=$11  trades=2  first_trade=2025-12-16 23:19  winrate=0.167  n_markets_traded=12.000  herfindahl_index_markets=0.774
11:46:14 [super]   #2049  0x29dc6acb8ddaa223ad5a24c7c198aa8d72a875da  prob=0.0334 (raw=0.0100)  vol=$66  trades=5  first_trade=2025-10-21 23:41  winrate=0.353  n_markets_traded=34.000  herfindahl_index_markets=0.113
11:46:14 [super]   #2050  0xa8d33888275723ed37447ab1cc06cabb711902e4  prob=0.0334 (raw=0.0100)  vol=$383  trades=15  first_trade=2025-12-10 23:41  winrate=0.389  n_markets_traded=101.000  herfindahl_index_markets=0.060
11:46:14 [super]   #2051  0x2a3b6140eb49693de6a6da110841a4e8b7803035  prob=0.0334 (raw=0.0100)  vol=$170  trades=7  first_trade=2025-11-15 20:24  winrate=0.512  n_markets_traded=296.000  herfindahl_index_markets=0.030
11:46:14 [super]   #2052  0xe103707480b4f1625bce4084795f91ac503459fd  prob=0.0334 (raw=0.0100)  vol=$25,088  trades=219  first_trade=2025-10-22 13:33  winrate=NaN  n_markets_traded=0.000  herfindahl_index_markets=0.000
11:46:14 [super]   #2053  0xc647a4a9b740622818d4807b6b6dadc6f35d2f83  prob=0.0334 (raw=0.0100)  vol=$217  trades=20  first_trade=2025-12-13 00:13  winrate=0.627  n_markets_traded=49.000  herfindahl_index_markets=0.221
11:46:14 [super]   #2054  0x9e1c1f91fd5ee35bc63ea015c7633cf30e7ce87a  prob=0.0334 (raw=0.0099)  vol=$4,965  trades=49  first_trade=2025-12-13 18:30  winrate=0.477  n_markets_traded=88.000  herfindahl_index_markets=0.095
11:46:14 [super]   #2055  0xcdaa10866d85d317f22bb8e8366e2b4af6026f38  prob=0.0334 (raw=0.0099)  vol=$317  trades=5  first_trade=2025-10-22 14:50  winrate=0.305  n_markets_traded=59.000  herfindahl_index_markets=0.067
11:46:14 [super]   #2056  0x705fd8119b0c6555759d36adc23eab90c6eb3fcf  prob=0.0334 (raw=0.0099)  vol=$807  trades=17  first_trade=2025-10-22 16:47  winrate=0.250  n_markets_traded=56.000  herfindahl_index_markets=0.079
11:46:14 [super]   #2057  0x68c24bf4a8ad4d79a6fe4b8eec6f93a02dfd1711  prob=0.0334 (raw=0.0099)  vol=$493  trades=8  first_trade=2025-10-22 14:26  winrate=NaN  n_markets_traded=0.000  herfindahl_index_markets=0.000
11:46:14 [super]   #2058  0xe99cfb753ca9cb166647c08e11dba5760c4faff1  prob=0.0334 (raw=0.0099)  vol=$522  trades=10  first_trade=2025-10-22 13:38  winrate=0.505  n_markets_traded=329.000  herfindahl_index_markets=0.025
11:46:14 [super]   #2059  0xbd6fb5d5d8c02e2b4c6d141305226630c1ea3836  prob=0.0334 (raw=0.0099)  vol=$4  trades=4  first_trade=2025-12-08 19:11  winrate=0.200  n_markets_traded=5.000  herfindahl_index_markets=0.284
11:46:14 [super]   #2060  0x61740ecd46891a7fad3ad3449b634913d5dc795e  prob=0.0334 (raw=0.0098)  vol=$137  trades=8  first_trade=2025-11-14 21:58  winrate=0.326  n_markets_traded=46.000  herfindahl_index_markets=0.042
11:46:14 [super]   #2061  0x6ae5cb42cba23f8e691a34c6b057c799821d40e1  prob=0.0334 (raw=0.0098)  vol=$16  trades=2  first_trade=2025-12-19 01:37  winrate=0.462  n_markets_traded=37.000  herfindahl_index_markets=0.108
11:46:14 [super]   #2062  0x5ad89823ff54b72a433d4e88501acfb6de7322b1  prob=0.0334 (raw=0.0098)  vol=$8  trades=2  first_trade=2025-11-11 06:45  winrate=0.571  n_markets_traded=14.000  herfindahl_index_markets=0.388
11:46:14 [super]   #2063  0xf470d9f16a27cbbbb70cea123b27551187b402fe  prob=0.0334 (raw=0.0098)  vol=$42  trades=8  first_trade=2025-12-17 07:22  winrate=0.607  n_markets_traded=337.000  herfindahl_index_markets=0.023
11:46:14 [super]   #2064  0x0f9c27012b594a325580bc4d17a17d88952f36e4  prob=0.0334 (raw=0.0097)  vol=$9  trades=3  first_trade=2025-11-15 22:19  winrate=0.286  n_markets_traded=21.000  herfindahl_index_markets=0.114
11:46:14 [super]   #2065  0x491aa989ede710080957ad0a25d72c78c74a2129  prob=0.0334 (raw=0.0097)  vol=$190  trades=21  first_trade=2025-12-10 20:20  winrate=0.040  n_markets_traded=24.000  herfindahl_index_markets=0.486
11:46:14 [super]   #2066  0x1e3a86ef98030e7e0519e127d8178e9b45389e14  prob=0.0334 (raw=0.0097)  vol=$1,241  trades=7  first_trade=2025-12-18 03:26  winrate=NaN  n_markets_traded=0.000  herfindahl_index_markets=0.000
11:46:14 [super]   #2067  0xc7a9792498f49da70bf78b8dc9273e1f03b87201  prob=0.0334 (raw=0.0096)  vol=$21  trades=4  first_trade=2025-10-22 16:39  winrate=0.162  n_markets_traded=37.000  herfindahl_index_markets=0.050
11:46:14 [super]   #2068  0xb2f65bc7e300fd0fcd4a3d8f6808b95e9acef2e7  prob=0.0334 (raw=0.0096)  vol=$13  trades=4  first_trade=2025-12-13 17:20  winrate=0.105  n_markets_traded=38.000  herfindahl_index_markets=0.626
11:46:14 [super]   #2069  0x758ae553acc82337cec98f89a8a5d0ad0034f23c  prob=0.0334 (raw=0.0096)  vol=$288  trades=11  first_trade=2025-11-19 19:36  winrate=0.543  n_markets_traded=161.000  herfindahl_index_markets=0.035
11:46:14 [super]   #2070  0x375191b48ef5761e0c621b8e4a5374e964937dfd  prob=0.0334 (raw=0.0096)  vol=$5,912  trades=37  first_trade=2025-10-21 22:19  winrate=0.419  n_markets_traded=186.000  herfindahl_index_markets=0.061
11:46:14 [super]   #2071  0xc81c1df1f183e1b137119e590e9d7b64e805e454  prob=0.0334 (raw=0.0096)  vol=$221  trades=3  first_trade=2025-12-13 11:58  winrate=0.668  n_markets_traded=226.000  herfindahl_index_markets=0.029
11:46:14 [super]   #2072  0xb5c3b967e75a393b30140f5d6f834e40bd6cb6c1  prob=0.0334 (raw=0.0095)  vol=$31  trades=6  first_trade=2025-12-18 21:40  winrate=0.312  n_markets_traded=32.000  herfindahl_index_markets=0.146
11:46:14 [super]   #2073  0x48b87f4f50fc0508fa0b7bf884bde40da981c188  prob=0.0334 (raw=0.0095)  vol=$4  trades=4  first_trade=2025-11-06 22:00  winrate=0.413  n_markets_traded=143.000  herfindahl_index_markets=0.038
11:46:14 [super]   #2074  0x620eae8badf05c67a3f0de35ed6be8de07f7e4d3  prob=0.0334 (raw=0.0095)  vol=$28  trades=3  first_trade=2025-11-07 08:13  winrate=0.467  n_markets_traded=195.000  herfindahl_index_markets=0.010
11:46:14 [super]   #2075  0xf5fc3926677d3e83d9cac0ac9193ac53f96b1e02  prob=0.0334 (raw=0.0094)  vol=$11  trades=2  first_trade=2025-12-18 00:12  winrate=0.211  n_markets_traded=19.000  herfindahl_index_markets=0.106
11:46:14 [super]   #2076  0xe106e7c03bcb605f9a01ec6de6007cb0554892c6  prob=0.0334 (raw=0.0094)  vol=$30  trades=5  first_trade=2025-11-08 04:04  winrate=0.364  n_markets_traded=121.000  herfindahl_index_markets=0.026
11:46:14 [super]   #2077  0x515a225285b367a54934a22f6052e537ef9dde7f  prob=0.0333 (raw=0.0094)  vol=$260  trades=8  first_trade=2025-11-14 04:24  winrate=0.500  n_markets_traded=52.000  herfindahl_index_markets=0.070
11:46:14 [super]   #2078  0x1e1b69743a21422f14bcdb96f5ebffa1e5ecc38f  prob=0.0333 (raw=0.0094)  vol=$169  trades=8  first_trade=2025-10-30 13:20  winrate=0.225  n_markets_traded=40.000  herfindahl_index_markets=0.068
11:46:14 [super]   #2079  0x6a45e9027e32366c60c5e8943906c161ab38dd1d  prob=0.0333 (raw=0.0094)  vol=$2,396  trades=13  first_trade=2025-10-22 23:32  winrate=0.385  n_markets_traded=26.000  herfindahl_index_markets=0.091
11:46:14 [super]   #2080  0x81d131a7b47d012ac448c165a41b152ecf9b4e30  prob=0.0333 (raw=0.0094)  vol=$40  trades=2  first_trade=2025-12-19 10:05  winrate=NaN  n_markets_traded=0.000  herfindahl_index_markets=0.000
11:46:14 [super]   #2081  0xa3e22cd32aa9238ef7dbcfb4761e33b9eaa1fdf8  prob=0.0333 (raw=0.0094)  vol=$441  trades=16  first_trade=2025-10-09 10:22  winrate=NaN  n_markets_traded=0.000  herfindahl_index_markets=0.000
11:46:14 [super]   #2082  0x3d275a1836fcc97d18644db7240f6047ed5b47eb  prob=0.0333 (raw=0.0094)  vol=$42  trades=5  first_trade=2025-12-18 15:09  winrate=0.000  n_markets_traded=5.000  herfindahl_index_markets=0.223
11:46:14 [super]   #2083  0x8c87606c20a045de85bcd7e2e59619bfa25e03c8  prob=0.0333 (raw=0.0094)  vol=$587  trades=20  first_trade=2025-10-22 15:38  winrate=0.000  n_markets_traded=12.000  herfindahl_index_markets=0.130
11:46:14 [super]   #2084  0x6b0ebbef2630b9a0da35594bf7ddd1911246e3ea  prob=0.0333 (raw=0.0094)  vol=$21,969  trades=1839  first_trade=2025-11-08 21:26  winrate=NaN  n_markets_traded=0.000  herfindahl_index_markets=0.000
11:46:14 [super]   #2085  0x1d4ef69268ac15e68761e753e85458da3a9f9d03  prob=0.0333 (raw=0.0093)  vol=$75  trades=5  first_trade=2025-12-05 02:22  winrate=0.417  n_markets_traded=12.000  herfindahl_index_markets=0.316
11:46:14 [super]   #2086  0xe5ca60443ced9413ce562cdf39d050eba42d4a6c  prob=0.0333 (raw=0.0093)  vol=$17  trades=5  first_trade=2025-10-22 17:31  winrate=0.243  n_markets_traded=37.000  herfindahl_index_markets=0.083
11:46:14 [super]   #2087  0xf0b0ef1d6320c6be896b4c9c54dd74407e7f8cab  prob=0.0333 (raw=0.0093)  vol=$6,143  trades=422  first_trade=2025-10-10 02:35  winrate=NaN  n_markets_traded=0.000  herfindahl_index_markets=0.000
11:46:14 [super]   #2088  0x21ffd2b7a212a6f277ed3eca1a9f8efcbca90d71  prob=0.0333 (raw=0.0093)  vol=$18,462  trades=586  first_trade=2025-10-09 23:43  winrate=NaN  n_markets_traded=0.000  herfindahl_index_markets=0.000
11:46:14 [super]   #2089  0xda542fc1b10e8c9f03ca79679f99227439467959  prob=0.0333 (raw=0.0093)  vol=$36  trades=5  first_trade=2025-10-23 09:04  winrate=0.263  n_markets_traded=38.000  herfindahl_index_markets=0.034
11:46:14 [super]   #2090  0xc869dc3fb7b07ce423abfdb90162832280fe8a6e  prob=0.0333 (raw=0.0093)  vol=$494  trades=8  first_trade=2025-12-09 18:08  winrate=0.472  n_markets_traded=379.000  herfindahl_index_markets=0.014
11:46:14 [super]   #2091  0x813b8b337343791e54fa5f7083b5d69dac81e05d  prob=0.0333 (raw=0.0093)  vol=$2  trades=2  first_trade=2025-12-04 18:32  winrate=0.393  n_markets_traded=26.000  herfindahl_index_markets=0.476
11:46:14 [super]   #2092  0x5754becbe873d6ba9eefa4eedf214dd254ece515  prob=0.0333 (raw=0.0092)  vol=$500  trades=13  first_trade=2025-11-08 03:03  winrate=0.432  n_markets_traded=196.000  herfindahl_index_markets=0.030
11:46:14 [super]   #2093  0x90b6d240c4f365583351f6b8975686c19a98a1b0  prob=0.0333 (raw=0.0092)  vol=$6,678  trades=110  first_trade=2025-11-24 07:24  winrate=0.333  n_markets_traded=36.000  herfindahl_index_markets=0.211
11:46:14 [super]   #2094  0x58c85b9a2f357cb32d92cbb6443d552148060300  prob=0.0333 (raw=0.0092)  vol=$9,410  trades=928  first_trade=2025-11-08 15:53  winrate=NaN  n_markets_traded=0.000  herfindahl_index_markets=0.000
11:46:14 [super]   #2095  0x4bfb41d5b3570defd03c39a9a4d8de6bd8b8982e  prob=0.0333 (raw=0.0092)  vol=$1,004,537  trades=7657  first_trade=2025-10-08 23:51  winrate=NaN  n_markets_traded=0.000  herfindahl_index_markets=0.000
11:46:14 [super]   #2096  0x85db3e34e67d37c2093f8ef0e9c29658b5b50d12  prob=0.0333 (raw=0.0091)  vol=$33  trades=4  first_trade=2025-10-23 17:02  winrate=0.532  n_markets_traded=185.000  herfindahl_index_markets=0.033
11:46:14 [super]   #2097  0xd051e5aceff374440e84181bb7d9ee87d48214ca  prob=0.0333 (raw=0.0091)  vol=$53  trades=3  first_trade=2025-10-23 07:56  winrate=0.595  n_markets_traded=37.000  herfindahl_index_markets=0.105
11:46:14 [super]   #2098  0x91a73fcf7547627637a81cda0f696af821fec755  prob=0.0333 (raw=0.0091)  vol=$278  trades=6  first_trade=2025-12-02 05:52  winrate=0.447  n_markets_traded=103.000  herfindahl_index_markets=0.040
11:46:14 [super]   #2099  0x919d214d20f8454eedb576aec5cd237330b660e1  prob=0.0333 (raw=0.0091)  vol=$546  trades=2  first_trade=2025-12-19 09:09  winrate=NaN  n_markets_traded=0.000  herfindahl_index_markets=0.000
11:46:14 [super]   #2100  0x91daec0167609cc1035174ddd79c49e656d46d5e  prob=0.0333 (raw=0.0091)  vol=$40  trades=2  first_trade=2025-12-18 16:10  winrate=0.203  n_markets_traded=69.000  herfindahl_index_markets=0.033
11:46:14 [super]   #2101  0xa314f78461e5ccab5f70580c91984b0e15d45ba7  prob=0.0333 (raw=0.0091)  vol=$378  trades=25  first_trade=2025-10-21 21:48  winrate=NaN  n_markets_traded=0.000  herfindahl_index_markets=0.000
11:46:14 [super]   #2102  0xd1f001fe90747a4b3f992d37fd01584d0ba7d34a  prob=0.0333 (raw=0.0091)  vol=$159  trades=14  first_trade=2025-12-08 03:11  winrate=0.100  n_markets_traded=10.000  herfindahl_index_markets=0.134
11:46:14 [super]   #2103  0x9d736920e486176e7df7a76fa218f1ebd853216b  prob=0.0333 (raw=0.0091)  vol=$273  trades=2  first_trade=2025-12-18 02:01  winrate=NaN  n_markets_traded=0.000  herfindahl_index_markets=0.000
11:46:14 [super]   #2104  0xad231899cc99ec3ddbb53926eb1fbef6c3f747c4  prob=0.0333 (raw=0.0090)  vol=$2,445  trades=34  first_trade=2025-12-06 17:40  winrate=NaN  n_markets_traded=0.000  herfindahl_index_markets=0.000
11:46:14 [super]   #2105  0x4272bad25dd9969c8d4c47796f3004bbda64df27  prob=0.0333 (raw=0.0090)  vol=$2  trades=2  first_trade=2025-10-22 15:44  winrate=0.618  n_markets_traded=34.000  herfindahl_index_markets=0.230
11:46:14 [super]   #2106  0x335a3acbdf7aab8be098e8868d1822e64e45789f  prob=0.0333 (raw=0.0090)  vol=$7  trades=4  first_trade=2025-12-07 10:41  winrate=0.267  n_markets_traded=15.000  herfindahl_index_markets=0.234
11:46:14 [super]   #2107  0x84fa50883a0251e06bce7251659cc70a00bc1327  prob=0.0333 (raw=0.0090)  vol=$134  trades=8  first_trade=2025-10-22 15:00  winrate=NaN  n_markets_traded=0.000  herfindahl_index_markets=0.000
11:46:14 [super]   #2108  0x182dfb3b0c6ad19fbf37343ba160aa08b3b773e9  prob=0.0333 (raw=0.0090)  vol=$160  trades=2  first_trade=2025-12-15 11:58  winrate=NaN  n_markets_traded=0.000  herfindahl_index_markets=0.000
11:46:14 [super]   #2109  0xd19015cc33b6f83d26ed83a37e2e73b82fafeffb  prob=0.0333 (raw=0.0090)  vol=$10  trades=4  first_trade=2025-11-14 05:27  winrate=0.356  n_markets_traded=59.000  herfindahl_index_markets=0.038
11:46:14 [super]   #2110  0x5fe50c22621779e031322c5becb110d1fa0d8b99  prob=0.0333 (raw=0.0090)  vol=$695  trades=187  first_trade=2025-10-10 11:12  winrate=NaN  n_markets_traded=0.000  herfindahl_index_markets=0.000
11:46:14 [super]   #2111  0x66fb7c2d52278715d1001f808c6a87d8ea0635a9  prob=0.0333 (raw=0.0090)  vol=$34  trades=5  first_trade=2025-10-27 01:39  winrate=0.263  n_markets_traded=19.000  herfindahl_index_markets=0.080
11:46:14 [super]   #2112  0xbad26fe5458e6219cec3e40272760e275e835296  prob=0.0333 (raw=0.0090)  vol=$1,562  trades=12  first_trade=2025-12-19 01:23  winrate=NaN  n_markets_traded=0.000  herfindahl_index_markets=0.000
11:46:14 [super]   #2113  0x8f38861d69e90afc70616c1728f06b510be336c1  prob=0.0333 (raw=0.0090)  vol=$775  trades=13  first_trade=2025-10-22 14:54  winrate=0.525  n_markets_traded=80.000  herfindahl_index_markets=0.087
11:46:14 [super]   #2114  0x649f5182b77be79144408e6b4aa8d513d9e6b384  prob=0.0333 (raw=0.0090)  vol=$4  trades=4  first_trade=2025-11-08 03:03  winrate=0.211  n_markets_traded=38.000  herfindahl_index_markets=0.098
11:46:14 [super]   #2115  0x71a61314f24b71f51290e0f2a6c43054610a6fa0  prob=0.0333 (raw=0.0090)  vol=$50  trades=3  first_trade=2025-10-22 13:31  winrate=NaN  n_markets_traded=0.000  herfindahl_index_markets=0.000
11:46:14 [super]   #2116  0xe41923ce5451c6b7b6ffe30ebda24c0e88ca5839  prob=0.0333 (raw=0.0090)  vol=$6,093  trades=95  first_trade=2025-11-10 08:46  winrate=NaN  n_markets_traded=0.000  herfindahl_index_markets=0.000
11:46:14 [super]   #2117  0x867c96dc23687f602d4f11aa94bf19cb5fce893a  prob=0.0333 (raw=0.0089)  vol=$938  trades=11  first_trade=2025-12-10 23:45  winrate=0.435  n_markets_traded=21.000  herfindahl_index_markets=0.314
11:46:14 [super]   #2118  0xcc9b565b322b9b486720040596ac52ed739243f0  prob=0.0333 (raw=0.0089)  vol=$7  trades=4  first_trade=2025-11-08 14:27  winrate=0.241  n_markets_traded=29.000  herfindahl_index_markets=0.094
11:46:14 [super]   #2119  0xbdc2cfbe7f843a84821c0653f55213be1d7eaf19  prob=0.0333 (raw=0.0089)  vol=$272  trades=12  first_trade=2025-10-22 13:09  winrate=0.255  n_markets_traded=47.000  herfindahl_index_markets=0.158
11:46:14 [super]   #2120  0x016c683d70b0bf712b56aef28c0c18280d2eae19  prob=0.0333 (raw=0.0089)  vol=$76  trades=6  first_trade=2025-12-18 07:34  winrate=0.521  n_markets_traded=73.000  herfindahl_index_markets=0.043
11:46:14 [super]   #2121  0x9a43ef13a80f1e6b16b27ad4275f9ffd53c92fce  prob=0.0333 (raw=0.0089)  vol=$1,149  trades=15  first_trade=2025-12-09 04:58  winrate=0.444  n_markets_traded=36.000  herfindahl_index_markets=0.091
11:46:14 [super]   #2122  0x90e9544f6206fe73fd80ce59c08f6e3cfe56de83  prob=0.0333 (raw=0.0089)  vol=$619  trades=18  first_trade=2025-11-10 13:39  winrate=0.491  n_markets_traded=602.000  herfindahl_index_markets=0.208
11:46:14 [super]   #2123  0xb9112128fc1f14ce26a5501656fc887408e8a649  prob=0.0333 (raw=0.0089)  vol=$234  trades=10  first_trade=2025-11-10 17:50  winrate=0.450  n_markets_traded=361.000  herfindahl_index_markets=0.028
11:46:14 [super]   #2124  0xfb2e1c0179e84b8b5bc2b420d53dcfc05322e2a2  prob=0.0333 (raw=0.0089)  vol=$20  trades=2  first_trade=2025-11-10 05:56  winrate=0.425  n_markets_traded=40.000  herfindahl_index_markets=0.095
11:46:14 [super]   #2125  0x29efb149c85a53729c266b7918bfa921a70dddda  prob=0.0333 (raw=0.0089)  vol=$29  trades=8  first_trade=2025-11-07 15:12  winrate=NaN  n_markets_traded=0.000  herfindahl_index_markets=0.000
11:46:14 [super]   #2126  0x4795da3aff3b06bbfd117f49e72bd3de88f8b7ec  prob=0.0333 (raw=0.0089)  vol=$36  trades=9  first_trade=2025-10-22 16:21  winrate=0.190  n_markets_traded=42.000  herfindahl_index_markets=0.080
11:46:14 [super]   #2127  0xc0a612d151395266c3469edcc4a2a6bfda172ab9  prob=0.0333 (raw=0.0089)  vol=$89  trades=7  first_trade=2025-10-09 13:10  winrate=0.510  n_markets_traded=472.000  herfindahl_index_markets=0.026
11:46:14 [super]   #2128  0x46667bda07fa0bb92ae22a64ede16b57c01536d5  prob=0.0333 (raw=0.0089)  vol=$179  trades=10  first_trade=2025-11-10 20:44  winrate=0.667  n_markets_traded=9.000  herfindahl_index_markets=0.124
11:46:14 [super]   #2129  0x38913fa5d6e0e98d82c8ed035a96581d8efdbcc2  prob=0.0333 (raw=0.0088)  vol=$6  trades=4  first_trade=2025-10-25 01:00  winrate=0.105  n_markets_traded=19.000  herfindahl_index_markets=0.084
11:46:14 [super]   #2130  0x5040b5e76b45aeff6ccbb21b1aad0ccc2fa296cf  prob=0.0333 (raw=0.0088)  vol=$130  trades=18  first_trade=2025-11-20 19:45  winrate=NaN  n_markets_traded=0.000  herfindahl_index_markets=0.000
11:46:14 [super]   #2131  0x63935079822ec685a44d641c88450afc83a70614  prob=0.0333 (raw=0.0088)  vol=$105  trades=3  first_trade=2025-12-18 10:04  winrate=0.261  n_markets_traded=23.000  herfindahl_index_markets=0.225
11:46:14 [super]   #2132  0x57cde0e21b7c04616fa0851b9780a120ba71e6f4  prob=0.0333 (raw=0.0088)  vol=$4  trades=4  first_trade=2025-10-09 00:27  winrate=0.360  n_markets_traded=25.000  herfindahl_index_markets=0.149
11:46:14 [super]   #2133  0xf02dda9994b68fb985030add32af87c0f3b116ca  prob=0.0333 (raw=0.0088)  vol=$144  trades=6  first_trade=2025-11-02 20:35  winrate=0.511  n_markets_traded=47.000  herfindahl_index_markets=0.038
11:46:14 [super]   #2134  0x17ed7dbfdcfe228016ac50571182f974d59ac087  prob=0.0333 (raw=0.0088)  vol=$548  trades=1  first_trade=2025-12-19 12:07  winrate=NaN  n_markets_traded=0.000  herfindahl_index_markets=0.000
11:46:14 [super]   #2135  0xecb14ac6e9ca447ce2f2912e6217b43d7b655da3  prob=0.0333 (raw=0.0088)  vol=$16,374  trades=7  first_trade=2025-12-19 02:59  winrate=NaN  n_markets_traded=0.000  herfindahl_index_markets=0.000
11:46:14 [super]   #2136  0xb72c46255f5cc37adf86e4096e82d3a49197653e  prob=0.0333 (raw=0.0087)  vol=$543  trades=17  first_trade=2025-10-22 12:51  winrate=NaN  n_markets_traded=0.000  herfindahl_index_markets=0.000
11:46:14 [super]   #2137  0x1ec60504a1890a6e6a44b8dbdd94372008280cfe  prob=0.0332 (raw=0.0087)  vol=$2  trades=3  first_trade=2025-12-19 02:31  winrate=NaN  n_markets_traded=0.000  herfindahl_index_markets=0.000
11:46:14 [super]   #2138  0x3e174c0d594c6120e66105d0bad77f84248500d1  prob=0.0332 (raw=0.0087)  vol=$65  trades=5  first_trade=2025-10-22 21:20  winrate=0.395  n_markets_traded=81.000  herfindahl_index_markets=0.026
11:46:14 [super]   #2139  0x608cf09af5a28a0d8692492f0fde49895d14be6c  prob=0.0332 (raw=0.0087)  vol=$34  trades=4  first_trade=2025-11-07 03:16  winrate=0.352  n_markets_traded=54.000  herfindahl_index_markets=0.110
11:46:14 [super]   #2140  0x1cfc260bfa2b5ae89377863180ca3b4f5c862111  prob=0.0332 (raw=0.0087)  vol=$3,427  trades=152  first_trade=2025-10-09 03:34  winrate=NaN  n_markets_traded=0.000  herfindahl_index_markets=0.000
11:46:14 [super]   #2141  0x60f373a67435a99a9023df06e716c11656a75745  prob=0.0332 (raw=0.0086)  vol=$32  trades=4  first_trade=2025-10-23 11:21  winrate=0.140  n_markets_traded=57.000  herfindahl_index_markets=0.111
11:46:14 [super]   #2142  0x75e765216a57942d738d880ffcda854d9f869080  prob=0.0332 (raw=0.0086)  vol=$22,548  trades=87  first_trade=2025-10-23 17:28  winrate=NaN  n_markets_traded=0.000  herfindahl_index_markets=0.000
11:46:14 [super]   #2143  0x0a793254e040027c5d1ca0c2f87cda8e22228e05  prob=0.0332 (raw=0.0086)  vol=$1,256  trades=16  first_trade=2025-12-13 09:42  winrate=0.731  n_markets_traded=26.000  herfindahl_index_markets=0.145
11:46:14 [super]   #2144  0xc0922d43e7d1e87a0a07130cde64cdb8981a5428  prob=0.0332 (raw=0.0086)  vol=$110  trades=29  first_trade=2025-12-03 12:26  winrate=NaN  n_markets_traded=0.000  herfindahl_index_markets=0.000
11:46:14 [super]   #2145  0x7e1d3cb44c3f2a6ec9abc667820ee2645bd44d41  prob=0.0332 (raw=0.0086)  vol=$36  trades=4  first_trade=2025-12-06 00:39  winrate=0.800  n_markets_traded=55.000  herfindahl_index_markets=0.047
11:46:14 [super]   #2146  0x3078db4a9737866b4d6529f655025b3a20f80389  prob=0.0332 (raw=0.0086)  vol=$1,037  trades=282  first_trade=2025-10-22 13:05  winrate=NaN  n_markets_traded=0.000  herfindahl_index_markets=0.000
11:46:14 [super]   #2147  0xa63fc0c63a2ebcc7cb29729ae81d320c70fa2f61  prob=0.0332 (raw=0.0086)  vol=$454  trades=37  first_trade=2025-12-14 06:22  winrate=0.200  n_markets_traded=9.000  herfindahl_index_markets=0.184
11:46:14 [super]   #2148  0xd4bf35c2bdecae79bc231f7530946b6c6c9b8154  prob=0.0332 (raw=0.0085)  vol=$15  trades=4  first_trade=2025-12-07 17:40  winrate=0.333  n_markets_traded=15.000  herfindahl_index_markets=0.210
11:46:14 [super]   #2149  0x1d26d2ff1219df3ff6543b5f3d1464c9ff64dc69  prob=0.0332 (raw=0.0085)  vol=$16  trades=2  first_trade=2025-12-09 22:28  winrate=0.400  n_markets_traded=5.000  herfindahl_index_markets=0.228
11:46:14 [super]   #2150  0x90a0774c37e43c03116917adf3563aee1eb67e0a  prob=0.0332 (raw=0.0085)  vol=$319  trades=8  first_trade=2025-11-19 00:08  winrate=0.682  n_markets_traded=147.000  herfindahl_index_markets=0.013
11:46:14 [super]   #2151  0x6e9f7b1f3663e4c8564252f07c562816db48de68  prob=0.0332 (raw=0.0085)  vol=$30  trades=3  first_trade=2025-11-03 15:17  winrate=0.406  n_markets_traded=104.000  herfindahl_index_markets=0.041
11:46:14 [super]   #2152  0x20322d5ab3ce70a98ef4c484c62a94147217d577  prob=0.0332 (raw=0.0085)  vol=$2,344  trades=11  first_trade=2025-12-02 15:44  winrate=0.562  n_markets_traded=145.000  herfindahl_index_markets=0.064
11:46:14 [super]   #2153  0xa1ece19bece5afe7e4d27f02249a1e6bdaaed65b  prob=0.0332 (raw=0.0085)  vol=$408  trades=13  first_trade=2025-10-09 23:04  winrate=0.377  n_markets_traded=53.000  herfindahl_index_markets=0.194
11:46:14 [super]   #2154  0x083f818ee988cc06300ed8d48cc5e0410ff5a55f  prob=0.0332 (raw=0.0085)  vol=$326  trades=13  first_trade=2025-10-22 12:47  winrate=0.211  n_markets_traded=71.000  herfindahl_index_markets=0.057
11:46:14 [super]   #2155  0x1e63e24a7451af8bfe0b4d882a08612bfcfa3f8a  prob=0.0332 (raw=0.0084)  vol=$125  trades=4  first_trade=2025-12-06 04:00  winrate=0.385  n_markets_traded=13.000  herfindahl_index_markets=0.228
11:46:14 [super]   #2156  0xff9152ac8cb6260419ea8940248177083aceab3a  prob=0.0332 (raw=0.0084)  vol=$6,131  trades=34  first_trade=2025-12-18 23:58  winrate=NaN  n_markets_traded=0.000  herfindahl_index_markets=0.000
11:46:14 [super]   #2157  0x75c4e0761a92d28bf9beb593bdf846df61164cd0  prob=0.0332 (raw=0.0084)  vol=$18  trades=3  first_trade=2025-10-23 11:19  winrate=0.292  n_markets_traded=24.000  herfindahl_index_markets=0.271
11:46:14 [super]   #2158  0x9220b957b93e60239d21fbe715de69ccd0594dd9  prob=0.0332 (raw=0.0084)  vol=$47  trades=3  first_trade=2025-11-09 01:42  winrate=0.560  n_markets_traded=198.000  herfindahl_index_markets=0.018
11:46:14 [super]   #2159  0x92c92e55d4621f7051edb5eedbc1b669291164d1  prob=0.0332 (raw=0.0084)  vol=$102  trades=25  first_trade=2025-12-19 01:19  winrate=0.476  n_markets_traded=391.000  herfindahl_index_markets=0.021
11:46:14 [super]   #2160  0x6d6a15f0f09ba71ca33813489616415320e074ed  prob=0.0332 (raw=0.0083)  vol=$2  trades=2  first_trade=2025-11-13 23:43  winrate=0.636  n_markets_traded=43.000  herfindahl_index_markets=0.046
11:46:14 [super]   #2161  0x1afe817857bb9fb5d740e0197cc639d3a0d6fe2f  prob=0.0332 (raw=0.0083)  vol=$375  trades=14  first_trade=2025-12-10 18:23  winrate=0.500  n_markets_traded=8.000  herfindahl_index_markets=0.147
11:46:14 [super]   #2162  0x02f0db747dd77cea5a692809f47630b2ab91ab20  prob=0.0332 (raw=0.0083)  vol=$15  trades=4  first_trade=2025-10-14 06:14  winrate=0.267  n_markets_traded=141.000  herfindahl_index_markets=0.039
11:46:14 [super]   #2163  0xdffff9171ebcee7c038a18a38110253cf6a1b019  prob=0.0332 (raw=0.0083)  vol=$41  trades=3  first_trade=2025-12-17 14:26  winrate=0.231  n_markets_traded=26.000  herfindahl_index_markets=0.334
11:46:14 [super]   #2164  0x8271deeb7d61d9017d77f98eae8462060995900b  prob=0.0332 (raw=0.0083)  vol=$29  trades=4  first_trade=2025-11-11 07:20  winrate=0.345  n_markets_traded=55.000  herfindahl_index_markets=0.037
11:46:14 [super]   #2165  0x6e6a209301d1a67bfe85ad44ce64118506ce2720  prob=0.0332 (raw=0.0083)  vol=$856  trades=22  first_trade=2025-10-22 18:19  winrate=0.537  n_markets_traded=82.000  herfindahl_index_markets=0.028
11:46:14 [super]   #2166  0x0cd1cdc4259a8f88fdf179ce45696d6b50840b70  prob=0.0332 (raw=0.0083)  vol=$4  trades=4  first_trade=2025-11-18 02:11  winrate=NaN  n_markets_traded=0.000  herfindahl_index_markets=0.000
11:46:14 [super]   #2167  0xebabbc2b3359797b078008f222eeea7dac2625ca  prob=0.0332 (raw=0.0083)  vol=$4  trades=2  first_trade=2025-11-14 13:25  winrate=0.000  n_markets_traded=14.000  herfindahl_index_markets=0.079
11:46:14 [super]   #2168  0x7518b24cc3d553d99949b1078968a313aadaa159  prob=0.0332 (raw=0.0083)  vol=$11  trades=2  first_trade=2025-12-19 03:21  winrate=NaN  n_markets_traded=0.000  herfindahl_index_markets=0.000
11:46:14 [super]   #2169  0x1513ef4b6b9709d6cb698b4cae7f2e777e24831a  prob=0.0332 (raw=0.0082)  vol=$4,045  trades=37  first_trade=2025-12-05 01:53  winrate=0.441  n_markets_traded=32.000  herfindahl_index_markets=0.092
11:46:14 [super]   #2170  0x1087a9d7d50174592f191f127431f850eb6a8f8d  prob=0.0332 (raw=0.0082)  vol=$160  trades=8  first_trade=2025-12-10 07:29  winrate=0.375  n_markets_traded=79.000  herfindahl_index_markets=0.018
11:46:14 [super]   #2171  0x53f0c8a1a9b9ffc10f12188d2c93fc1919561149  prob=0.0332 (raw=0.0082)  vol=$49  trades=8  first_trade=2025-10-27 17:00  winrate=0.264  n_markets_traded=106.000  herfindahl_index_markets=0.050
11:46:14 [super]   #2172  0x805640dd6a3a1e4bf7b729d749cabb545db6afff  prob=0.0332 (raw=0.0082)  vol=$4  trades=2  first_trade=2025-12-07 11:04  winrate=0.500  n_markets_traded=27.000  herfindahl_index_markets=0.221
11:46:14 [super]   #2173  0x1beee430ac0c53ed437fdf018de455ec0d5e7b1c  prob=0.0332 (raw=0.0082)  vol=$17  trades=4  first_trade=2025-10-23 01:50  winrate=0.167  n_markets_traded=12.000  herfindahl_index_markets=0.184
11:46:14 [super]   #2174  0x364f935ccafae7bb980616b81999239ed816562c  prob=0.0332 (raw=0.0082)  vol=$44  trades=8  first_trade=2025-10-23 05:09  winrate=NaN  n_markets_traded=0.000  herfindahl_index_markets=0.000
11:46:14 [super]   #2175  0x24ded84d901a743cfee095f8082b0f9f647183cb  prob=0.0332 (raw=0.0082)  vol=$1,304  trades=6  first_trade=2025-12-19 09:09  winrate=NaN  n_markets_traded=0.000  herfindahl_index_markets=0.000
11:46:14 [super]   #2176  0xecf4d3d0a960f0f4460761fe4672a14479799979  prob=0.0332 (raw=0.0082)  vol=$1,325  trades=17  first_trade=2025-10-22 11:48  winrate=NaN  n_markets_traded=0.000  herfindahl_index_markets=0.000
11:46:14 [super]   #2177  0xff8d0802cc8792475d82c788a1c6bde6a98e57dc  prob=0.0332 (raw=0.0082)  vol=$1,077  trades=33  first_trade=2025-11-10 20:55  winrate=0.250  n_markets_traded=44.000  herfindahl_index_markets=0.110
11:46:14 [super]   #2178  0xee7b38ec58f804777bfe8b9a150eb10fa242f843  prob=0.0332 (raw=0.0082)  vol=$12  trades=2  first_trade=2025-12-14 23:21  winrate=0.364  n_markets_traded=11.000  herfindahl_index_markets=0.324
11:46:14 [super]   #2179  0x1514989043233940203f7457cae4542b1bf42624  prob=0.0332 (raw=0.0081)  vol=$308  trades=9  first_trade=2025-10-12 15:42  winrate=0.716  n_markets_traded=508.000  herfindahl_index_markets=0.007
11:46:14 [super]   #2180  0xbdd11cc911ec8ed95887e56dc253d70cb36b0c4f  prob=0.0332 (raw=0.0081)  vol=$1,266  trades=57  first_trade=2025-10-22 14:35  winrate=NaN  n_markets_traded=0.000  herfindahl_index_markets=0.000
11:46:14 [super]   #2181  0xc5a972a409a190f5a7c1079051f62795e9fe0c9a  prob=0.0332 (raw=0.0081)  vol=$10  trades=2  first_trade=2025-12-19 08:02  winrate=NaN  n_markets_traded=0.000  herfindahl_index_markets=0.000
11:46:14 [super]   #2182  0xd495b29604b35f2742ff530c5ea823f2ecc70791  prob=0.0332 (raw=0.0081)  vol=$101  trades=9  first_trade=2025-12-05 02:39  winrate=0.550  n_markets_traded=20.000  herfindahl_index_markets=0.089
11:46:14 [super]   #2183  0xe0a2f29b1fadb2259111bbeca392d3805ec4a349  prob=0.0332 (raw=0.0081)  vol=$2,628  trades=104  first_trade=2025-12-05 02:40  winrate=NaN  n_markets_traded=0.000  herfindahl_index_markets=0.000
11:46:14 [super]   #2184  0xf1c505d67486300eea283126fecb36040299714e  prob=0.0332 (raw=0.0081)  vol=$128  trades=5  first_trade=2025-11-10 13:17  winrate=0.450  n_markets_traded=20.000  herfindahl_index_markets=0.107
11:46:14 [super]   #2185  0x3cb5ab667c879cc526670fe6774a3b69c459ed22  prob=0.0332 (raw=0.0081)  vol=$532  trades=21  first_trade=2025-11-28 21:34  winrate=0.280  n_markets_traded=75.000  herfindahl_index_markets=0.131
11:46:14 [super]   #2186  0x3db7323ed617bf42fb22058a71aa79a3b0971456  prob=0.0332 (raw=0.0081)  vol=$228  trades=5  first_trade=2025-10-22 08:00  winrate=0.389  n_markets_traded=71.000  herfindahl_index_markets=0.118
11:46:14 [super]   #2187  0x570682bc1bec706be358cf50db31855e620444ac  prob=0.0332 (raw=0.0081)  vol=$117  trades=4  first_trade=2025-12-18 14:22  winrate=0.273  n_markets_traded=128.000  herfindahl_index_markets=0.107
11:46:14 [super]   #2188  0x821d0fcf5643c18c663c8960bf79fdbc9f6d0a01  prob=0.0332 (raw=0.0081)  vol=$66  trades=4  first_trade=2025-10-26 20:13  winrate=NaN  n_markets_traded=0.000  herfindahl_index_markets=0.000
11:46:14 [super]   #2189  0xa84b88da091fcec90f705e9e47271cd85d1aa9aa  prob=0.0332 (raw=0.0081)  vol=$26  trades=3  first_trade=2025-12-16 08:35  winrate=0.500  n_markets_traded=18.000  herfindahl_index_markets=0.194
11:46:14 [super]   #2190  0xad42a8d716b3cf8027a0239a4ba4abec0b941a79  prob=0.0332 (raw=0.0081)  vol=$56  trades=3  first_trade=2025-12-19 12:16  winrate=0.530  n_markets_traded=380.000  herfindahl_index_markets=0.221
11:46:14 [super]   #2191  0x3efa55d81ca58f74399d0949b78ef825db40296b  prob=0.0332 (raw=0.0080)  vol=$18  trades=3  first_trade=2025-12-05 20:36  winrate=0.417  n_markets_traded=12.000  herfindahl_index_markets=0.209
11:46:14 [super]   #2192  0x4d4815122c826e1ca6bc5d63f36e3b3a0c5c66ab  prob=0.0332 (raw=0.0080)  vol=$4,382  trades=39  first_trade=2025-12-15 09:24  winrate=0.641  n_markets_traded=336.000  herfindahl_index_markets=0.024
11:46:14 [super]   #2193  0x90d670ef0bb329a45fdbbad86fb5b2ea716b51a0  prob=0.0332 (raw=0.0080)  vol=$60  trades=2  first_trade=2025-12-19 13:07  winrate=0.925  n_markets_traded=486.000  herfindahl_index_markets=0.033
11:46:14 [super]   #2194  0xbea6e7249c0f97f1b24fe56fbf3de1c087d419c8  prob=0.0331 (raw=0.0080)  vol=$42  trades=4  first_trade=2025-12-17 23:58  winrate=0.554  n_markets_traded=56.000  herfindahl_index_markets=0.073
11:46:14 [super]   #2195  0x3336ef2bce8b91d82dcdb4e97bb29772d2dbcb5f  prob=0.0331 (raw=0.0080)  vol=$341  trades=9  first_trade=2025-12-05 19:20  winrate=0.506  n_markets_traded=81.000  herfindahl_index_markets=0.029
11:46:14 [super]   #2196  0x548bcd24d5926761bbbfd98d4950d5b7066e8390  prob=0.0331 (raw=0.0080)  vol=$400  trades=5  first_trade=2025-12-06 03:34  winrate=0.594  n_markets_traded=101.000  herfindahl_index_markets=0.018
11:46:14 [super]   #2197  0x65280705cb7582848aec3950e7fc164af3568aef  prob=0.0331 (raw=0.0080)  vol=$143  trades=9  first_trade=2025-10-22 13:36  winrate=0.567  n_markets_traded=89.000  herfindahl_index_markets=0.029
11:46:14 [super]   #2198  0x1a090610aedb4f378e07c4526904b4dc91d1af0f  prob=0.0331 (raw=0.0080)  vol=$61,425  trades=44  first_trade=2025-12-19 00:54  winrate=0.310  n_markets_traded=29.000  herfindahl_index_markets=0.134
11:46:14 [super]   #2199  0xefde9ff487fae209ab6e3157a8acb4276f9c783d  prob=0.0331 (raw=0.0079)  vol=$5,289  trades=59  first_trade=2025-10-09 12:12  winrate=NaN  n_markets_traded=0.000  herfindahl_index_markets=0.000
11:46:14 [super]   #2200  0x65cc6f5334a96795391bff1279cfd77a1b9ac949  prob=0.0331 (raw=0.0079)  vol=$22  trades=3  first_trade=2025-12-12 04:40  winrate=0.000  n_markets_traded=6.000  herfindahl_index_markets=0.181
11:46:14 [super]   #2201  0xc9c2bc59a432ecb5348cb2ab3e54480a416ef0a4  prob=0.0331 (raw=0.0079)  vol=$11  trades=3  first_trade=2025-12-19 05:44  winrate=NaN  n_markets_traded=0.000  herfindahl_index_markets=0.000
11:46:14 [super]   #2202  0x4bf459194025b2ca11a2db2deb9ef2a08c467021  prob=0.0331 (raw=0.0079)  vol=$67  trades=2  first_trade=2025-12-19 03:33  winrate=NaN  n_markets_traded=0.000  herfindahl_index_markets=0.000
11:46:14 [super]   #2203  0x99bce72fb855cc8eebe6c85683ede46da1784f35  prob=0.0331 (raw=0.0079)  vol=$1,253  trades=71  first_trade=2025-10-21 21:48  winrate=NaN  n_markets_traded=0.000  herfindahl_index_markets=0.000
11:46:14 [super]   #2204  0x80fbad514b270d73f2db52b0a8b2096036d72f17  prob=0.0331 (raw=0.0079)  vol=$8  trades=2  first_trade=2025-11-11 06:51  winrate=0.538  n_markets_traded=13.000  herfindahl_index_markets=0.200
11:46:14 [super]   #2205  0x66ec7b196f8ee6797d15b43c47ebbc80f06f8c18  prob=0.0331 (raw=0.0079)  vol=$1,552  trades=17  first_trade=2025-12-18 02:41  winrate=0.259  n_markets_traded=27.000  herfindahl_index_markets=0.156
11:46:14 [super]   #2206  0xa13f940c27dc21cc7e79f4b2970b8514f932e27e  prob=0.0331 (raw=0.0079)  vol=$9  trades=3  first_trade=2025-12-19 10:16  winrate=0.725  n_markets_traded=167.000  herfindahl_index_markets=0.030
11:46:14 [super]   #2207  0xcd69852426e830424928e3f2a44ad7392a4ff53a  prob=0.0331 (raw=0.0079)  vol=$175  trades=8  first_trade=2025-10-22 18:31  winrate=0.000  n_markets_traded=21.000  herfindahl_index_markets=0.074
11:46:14 [super]   #2208  0x36e7ed947b0904bfde2ca16b78ea89c8aa0946e6  prob=0.0331 (raw=0.0079)  vol=$362  trades=5  first_trade=2025-12-07 15:20  winrate=0.419  n_markets_traded=43.000  herfindahl_index_markets=0.058
11:46:14 [super]   #2209  0x928521c1082abefc7948ce46620f428209174d48  prob=0.0331 (raw=0.0079)  vol=$107  trades=5  first_trade=2025-10-22 15:10  winrate=0.000  n_markets_traded=22.000  herfindahl_index_markets=0.081
11:46:14 [super]   #2210  0x506f3851ab75685ea3622bf4dd9d28cacadfe8bb  prob=0.0331 (raw=0.0079)  vol=$930  trades=9  first_trade=2025-12-11 10:45  winrate=NaN  n_markets_traded=0.000  herfindahl_index_markets=0.000
11:46:14 [super]   #2211  0x9e88f359b9803e41420fbb13385c5ae1765c301c  prob=0.0331 (raw=0.0079)  vol=$1,472  trades=29  first_trade=2025-10-22 00:23  winrate=NaN  n_markets_traded=0.000  herfindahl_index_markets=0.000
11:46:14 [super]   #2212  0x88819420dae2175b90150c3f6e24b9960d44e564  prob=0.0331 (raw=0.0079)  vol=$2  trades=2  first_trade=2025-12-05 06:47  winrate=0.632  n_markets_traded=57.000  herfindahl_index_markets=0.044
11:46:14 [super]   #2213  0x9d4aea6f0609c6a77070c573d78679ba4d136cb1  prob=0.0331 (raw=0.0079)  vol=$100  trades=2  first_trade=2025-12-05 11:42  winrate=0.600  n_markets_traded=65.000  herfindahl_index_markets=0.104
11:46:14 [super]   #2214  0x957f691adbd03039025f06d285a5c3e5384499c8  prob=0.0331 (raw=0.0079)  vol=$7  trades=2  first_trade=2025-12-04 20:06  winrate=NaN  n_markets_traded=0.000  herfindahl_index_markets=0.000
11:46:14 [super]   #2215  0x9d3bed25dda44da981a3350dd5b5a54496a6e652  prob=0.0331 (raw=0.0078)  vol=$32  trades=4  first_trade=2025-11-09 01:03  winrate=0.286  n_markets_traded=14.000  herfindahl_index_markets=0.190
11:46:14 [super]   #2216  0x3a8a7b8024265809e1b4ee7f288bc9e8b1b32f60  prob=0.0331 (raw=0.0078)  vol=$100  trades=3  first_trade=2025-12-14 22:46  winrate=0.125  n_markets_traded=8.000  herfindahl_index_markets=0.218
11:46:14 [super]   #2217  0x8a72ae1641ff177df4b53e5b64a725b6b9c6d4b8  prob=0.0331 (raw=0.0078)  vol=$33  trades=1  first_trade=2025-11-09 20:06  winrate=0.333  n_markets_traded=12.000  herfindahl_index_markets=0.310
11:46:14 [super]   #2218  0x3570ec6fd155a5ad0d475aaca661c661785df9d9  prob=0.0331 (raw=0.0078)  vol=$3  trades=4  first_trade=2025-12-05 03:14  winrate=0.000  n_markets_traded=39.000  herfindahl_index_markets=0.032
11:46:14 [super]   #2219  0x646f55ac7c218c82f3813f2c4c48451c2745cd8e  prob=0.0331 (raw=0.0078)  vol=$3  trades=4  first_trade=2025-12-05 03:14  winrate=0.000  n_markets_traded=35.000  herfindahl_index_markets=0.034
11:46:14 [super]   #2220  0xc3cd1d612bbf9fbf80da5a9bff0b0470cb46816c  prob=0.0331 (raw=0.0077)  vol=$758  trades=38  first_trade=2025-12-06 09:16  winrate=NaN  n_markets_traded=0.000  herfindahl_index_markets=0.000
11:46:14 [super]   #2221  0x61da5b8617aceac74b7f71dbb859dd76787cc465  prob=0.0331 (raw=0.0077)  vol=$8  trades=2  first_trade=2025-11-14 06:04  winrate=0.593  n_markets_traded=59.000  herfindahl_index_markets=0.022
11:46:14 [super]   #2222  0x58f505950ae2d9fc76c906d6372b01f60fe3be7b  prob=0.0331 (raw=0.0077)  vol=$10,793  trades=20  first_trade=2025-12-12 10:32  winrate=0.530  n_markets_traded=66.000  herfindahl_index_markets=0.134
11:46:14 [super]   #2223  0x6af352b9c902b257ba457426ce6c8ae9f0575cf0  prob=0.0331 (raw=0.0077)  vol=$2  trades=2  first_trade=2025-12-12 12:49  winrate=0.622  n_markets_traded=135.000  herfindahl_index_markets=0.052
11:46:14 [super]   #2224  0x65ebe4068579c9e69e9f01c31fce8e11b7913f87  prob=0.0331 (raw=0.0076)  vol=$2  trades=2  first_trade=2025-10-22 21:50  winrate=0.451  n_markets_traded=101.000  herfindahl_index_markets=0.014
11:46:14 [super]   #2225  0x01b11f4b4ca54c12ef2a9623889e7a7f595876b0  prob=0.0331 (raw=0.0076)  vol=$159  trades=29  first_trade=2025-11-10 13:59  winrate=0.412  n_markets_traded=168.000  herfindahl_index_markets=0.016
11:46:14 [super]   #2226  0x7df61ca342c9b53ba9b4c60745718ed48a77ac3b  prob=0.0331 (raw=0.0076)  vol=$325  trades=14  first_trade=2025-12-04 11:02  winrate=NaN  n_markets_traded=0.000  herfindahl_index_markets=0.000
11:46:14 [super]   #2227  0x9e83dcf11f1457887cfec68efaec6ad6aeaa9394  prob=0.0331 (raw=0.0076)  vol=$36  trades=7  first_trade=2025-12-07 07:22  winrate=NaN  n_markets_traded=0.000  herfindahl_index_markets=0.000
11:46:14 [super]   #2228  0xa136a7eca4520822e06e32498a5a60bd9c322965  prob=0.0331 (raw=0.0076)  vol=$23  trades=3  first_trade=2025-12-12 13:13  winrate=0.550  n_markets_traded=184.000  herfindahl_index_markets=0.125
11:46:14 [super]   #2229  0x41583f2efc720b8e2682750fffb67f2806fece9f  prob=0.0331 (raw=0.0076)  vol=$140  trades=5  first_trade=2025-12-12 06:38  winrate=NaN  n_markets_traded=0.000  herfindahl_index_markets=0.000
11:46:14 [super]   #2230  0xcb11a9e63608bed1bf258e6b7645c8d8877ee93f  prob=0.0331 (raw=0.0076)  vol=$538  trades=8  first_trade=2025-12-10 14:42  winrate=0.510  n_markets_traded=445.000  herfindahl_index_markets=0.019
11:46:14 [super]   #2231  0x5cfd881133ff44d1f7b81ea8a819a30dfc39ca1b  prob=0.0331 (raw=0.0076)  vol=$318  trades=4  first_trade=2025-10-23 06:10  winrate=0.529  n_markets_traded=191.000  herfindahl_index_markets=0.018
11:46:14 [super]   #2232  0x0624cbab36f51f39cd9a86133189326d7f38053f  prob=0.0331 (raw=0.0076)  vol=$36,890  trades=80  first_trade=2025-12-10 12:43  winrate=0.413  n_markets_traded=172.000  herfindahl_index_markets=0.051
11:46:14 [super]   #2233  0x82d64a043dfde34259ffff7078d1469d0331db3c  prob=0.0331 (raw=0.0076)  vol=$3  trades=2  first_trade=2025-11-12 13:39  winrate=0.580  n_markets_traded=50.000  herfindahl_index_markets=0.038
11:46:14 [super]   #2234  0x59d09df829280d8b309be7a11180ed0fcb39d9b8  prob=0.0331 (raw=0.0076)  vol=$486  trades=4  first_trade=2025-12-09 10:36  winrate=0.688  n_markets_traded=32.000  herfindahl_index_markets=0.096
11:46:14 [super]   #2235  0xbe50ea246b34b58ef36043aa34caa8b3c1f2d592  prob=0.0331 (raw=0.0075)  vol=$6  trades=4  first_trade=2025-12-05 14:56  winrate=0.448  n_markets_traded=58.000  herfindahl_index_markets=0.167
11:46:14 [super]   #2236  0xd427a22958dae8ba8bb05ea4e42778343c3605ad  prob=0.0331 (raw=0.0075)  vol=$107  trades=7  first_trade=2025-12-19 12:27  winrate=0.566  n_markets_traded=228.000  herfindahl_index_markets=0.022
11:46:14 [super]   #2237  0x2440c3d7d1d3af4f610fd4aad7bec87953bc8a88  prob=0.0331 (raw=0.0075)  vol=$9  trades=4  first_trade=2025-12-09 21:44  winrate=0.663  n_markets_traded=100.000  herfindahl_index_markets=0.021
11:46:14 [super]   #2238  0xed1fa3b46e2ff202535cd254bab77c3213ce9ccc  prob=0.0331 (raw=0.0075)  vol=$308  trades=13  first_trade=2025-12-05 18:57  winrate=0.618  n_markets_traded=54.000  herfindahl_index_markets=0.139
11:46:14 [super]   #2239  0xfcec3c5e24729688a82f63723b60a7f1596be023  prob=0.0331 (raw=0.0075)  vol=$6  trades=4  first_trade=2025-10-23 22:17  winrate=0.078  n_markets_traded=74.000  herfindahl_index_markets=0.039
11:46:14 [super]   #2240  0x0f932e41e050d97fbf0604974a5d5a75f0951a20  prob=0.0331 (raw=0.0075)  vol=$11  trades=4  first_trade=2025-10-22 13:24  winrate=0.273  n_markets_traded=66.000  herfindahl_index_markets=0.036
11:46:14 [super]   #2241  0xd04e8deac0c017dba9959ce0657dcd68639c08da  prob=0.0331 (raw=0.0075)  vol=$5  trades=2  first_trade=2025-11-15 09:35  winrate=0.410  n_markets_traded=102.000  herfindahl_index_markets=0.069
11:46:14 [super]   #2242  0x39d0f1dca6fb7e5514858c1a337724a426764fe8  prob=0.0331 (raw=0.0074)  vol=$9,838  trades=30  first_trade=2025-12-19 01:42  winrate=NaN  n_markets_traded=0.000  herfindahl_index_markets=0.000
11:46:14 [super]   #2243  0xa8750d6c4682e3a3aba4ff0186ae4544978a1cec  prob=0.0331 (raw=0.0074)  vol=$26  trades=1  first_trade=2025-11-10 08:46  winrate=0.700  n_markets_traded=40.000  herfindahl_index_markets=0.080
11:46:14 [super]   #2244  0xe0dbdb7f005f233f4510e4ef7e53a2f76a8df44e  prob=0.0331 (raw=0.0074)  vol=$2,849  trades=36  first_trade=2025-12-09 23:11  winrate=NaN  n_markets_traded=0.000  herfindahl_index_markets=0.000
11:46:14 [super]   #2245  0x50b242e0b9ac75359464c5b3be62ad6b42d8c94a  prob=0.0331 (raw=0.0074)  vol=$575  trades=18  first_trade=2025-11-10 07:25  winrate=NaN  n_markets_traded=0.000  herfindahl_index_markets=0.000
11:46:14 [super]   #2246  0xee6b6e0b6a0340b8e9f84cf4b30995f1f693167d  prob=0.0331 (raw=0.0074)  vol=$10  trades=2  first_trade=2025-12-19 01:19  winrate=0.250  n_markets_traded=136.000  herfindahl_index_markets=0.026
11:46:14 [super]   #2247  0xc36a4fc205df253286a58f8a84613670c677be63  prob=0.0331 (raw=0.0074)  vol=$430  trades=7  first_trade=2025-12-15 13:57  winrate=0.247  n_markets_traded=56.000  herfindahl_index_markets=0.089
11:46:14 [super]   #2248  0x1d0dbe5ed62c06fcf4907bda50f21e1935a59b6e  prob=0.0331 (raw=0.0074)  vol=$195  trades=35  first_trade=2025-11-05 04:34  winrate=NaN  n_markets_traded=0.000  herfindahl_index_markets=0.000
11:46:14 [super]   #2249  0x872ec2644addbbf526744d8e3cb6b0356c0b73d7  prob=0.0331 (raw=0.0074)  vol=$1,298  trades=19  first_trade=2025-12-12 14:32  winrate=0.312  n_markets_traded=48.000  herfindahl_index_markets=0.047
11:46:14 [super]   #2250  0x09d600cfc7437488da4892884c51843f244e0fda  prob=0.0331 (raw=0.0074)  vol=$143  trades=10  first_trade=2025-11-03 03:44  winrate=NaN  n_markets_traded=0.000  herfindahl_index_markets=0.000
11:46:14 [super]   #2251  0x6198f79f607c39879b0bd7ab21eb24de5e2ad0ff  prob=0.0331 (raw=0.0073)  vol=$6  trades=2  first_trade=2025-12-08 02:14  winrate=0.460  n_markets_traded=63.000  herfindahl_index_markets=0.125
11:46:14 [super]   #2252  0x50f7710e4ae4619f53651b21f8732482aa263da2  prob=0.0331 (raw=0.0073)  vol=$354  trades=10  first_trade=2025-11-20 08:32  winrate=NaN  n_markets_traded=0.000  herfindahl_index_markets=0.000
11:46:14 [super]   #2253  0x07d4245464dc4fa05d0b3f084d82482462dc8991  prob=0.0331 (raw=0.0073)  vol=$660  trades=59  first_trade=2025-10-22 11:37  winrate=NaN  n_markets_traded=0.000  herfindahl_index_markets=0.000
11:46:14 [super]   #2254  0xb2ed7f83c9ab634923c6147b449ecbb838212a85  prob=0.0331 (raw=0.0073)  vol=$1,230  trades=11  first_trade=2025-12-12 23:50  winrate=NaN  n_markets_traded=0.000  herfindahl_index_markets=0.000
11:46:14 [super]   #2255  0x30b27d56e661a08a8f84c3c80cdc08e902429e25  prob=0.0331 (raw=0.0073)  vol=$223  trades=19  first_trade=2025-10-30 13:20  winrate=NaN  n_markets_traded=0.000  herfindahl_index_markets=0.000
11:46:14 [super]   #2256  0xb2bec73d0596b11b2074232841da3a315c1c1d34  prob=0.0331 (raw=0.0073)  vol=$2  trades=2  first_trade=2025-12-18 09:06  winrate=0.652  n_markets_traded=23.000  herfindahl_index_markets=0.105
11:46:14 [super]   #2257  0x0cf24bfc520bfe2012ba8c7e51298ad272e1423a  prob=0.0331 (raw=0.0073)  vol=$1,173  trades=32  first_trade=2025-12-11 06:13  winrate=0.356  n_markets_traded=101.000  herfindahl_index_markets=0.027
11:46:14 [super]   #2258  0x28f05c0c57cdc738ebe9dcdf846892d594dea4e7  prob=0.0331 (raw=0.0073)  vol=$9  trades=2  first_trade=2025-11-10 06:17  winrate=0.500  n_markets_traded=20.000  herfindahl_index_markets=0.080
11:46:14 [super]   #2259  0xba38cdf39954cccfb517eee962ba88db20e41eae  prob=0.0330 (raw=0.0073)  vol=$2  trades=2  first_trade=2025-12-08 10:51  winrate=0.222  n_markets_traded=36.000  herfindahl_index_markets=0.186
11:46:14 [super]   #2260  0x1f85e6e3e41e5f1fe03f6cf22a52ae4e352ea51b  prob=0.0330 (raw=0.0072)  vol=$4,421  trades=42  first_trade=2025-11-23 06:18  winrate=NaN  n_markets_traded=0.000  herfindahl_index_markets=0.000
11:46:14 [super]   #2261  0xf797d4d1c038d1eb0593edae0e66bf8e4b2e0bf2  prob=0.0330 (raw=0.0072)  vol=$1,868  trades=29  first_trade=2025-10-22 13:42  winrate=NaN  n_markets_traded=0.000  herfindahl_index_markets=0.000
11:46:14 [super]   #2262  0x9df4717fdcaf51adb7fca8fdfcd738d5d10efb3d  prob=0.0330 (raw=0.0072)  vol=$54  trades=7  first_trade=2025-12-19 09:11  winrate=0.190  n_markets_traded=21.000  herfindahl_index_markets=0.172
11:46:14 [super]   #2263  0x4f751dbfab0351f146b75ebd196df7f771a4d408  prob=0.0330 (raw=0.0072)  vol=$3  trades=4  first_trade=2025-10-26 21:39  winrate=0.000  n_markets_traded=9.000  herfindahl_index_markets=0.124
11:46:14 [super]   #2264  0x1f1309dbb8a3f7273c1676e5958e702e033d3a2d  prob=0.0330 (raw=0.0072)  vol=$420  trades=5  first_trade=2025-12-12 06:13  winrate=0.548  n_markets_traded=197.000  herfindahl_index_markets=0.020
11:46:14 [super]   #2265  0x056e8bfac53355ec77e620a4f5375a1154a354cd  prob=0.0330 (raw=0.0072)  vol=$1  trades=2  first_trade=2025-10-09 13:10  winrate=0.469  n_markets_traded=291.000  herfindahl_index_markets=0.009
11:46:14 [super]   #2266  0x4dbceb5e549212c109099e3064fad3d56992a3c6  prob=0.0330 (raw=0.0072)  vol=$23  trades=5  first_trade=2025-12-18 17:27  winrate=0.111  n_markets_traded=9.000  herfindahl_index_markets=0.210
11:46:14 [super]   #2267  0xc6e4b067c54e824fc18c54406d318c7e67ad9a72  prob=0.0330 (raw=0.0072)  vol=$6  trades=4  first_trade=2025-10-24 06:54  winrate=0.320  n_markets_traded=25.000  herfindahl_index_markets=0.104
11:46:14 [super]   #2268  0x11b8c98efccfeda7d5fb86931bbd19de3324435f  prob=0.0330 (raw=0.0072)  vol=$57  trades=28  first_trade=2025-12-10 05:32  winrate=NaN  n_markets_traded=0.000  herfindahl_index_markets=0.000
11:46:14 [super]   #2269  0xe14fa480ad46c47d27546e94783fed9fb6a9c1a0  prob=0.0330 (raw=0.0071)  vol=$601  trades=11  first_trade=2025-10-22 14:52  winrate=0.357  n_markets_traded=113.000  herfindahl_index_markets=0.040
11:46:14 [super]   #2270  0xdc82bf99563134a0cf96d4323510e26a516c5f99  prob=0.0330 (raw=0.0071)  vol=$5  trades=4  first_trade=2025-11-09 04:19  winrate=0.272  n_markets_traded=80.000  herfindahl_index_markets=0.076
11:46:14 [super]   #2271  0x86fed9c73709df21982ddccd7f6ebf6b1878025c  prob=0.0330 (raw=0.0071)  vol=$1,291  trades=24  first_trade=2025-12-18 06:56  winrate=0.641  n_markets_traded=38.000  herfindahl_index_markets=0.056
11:46:14 [super]   #2272  0x1b177b260ca347097712c98ce91266c1c5e61713  prob=0.0330 (raw=0.0071)  vol=$51  trades=10  first_trade=2025-10-22 11:55  winrate=0.468  n_markets_traded=639.000  herfindahl_index_markets=0.009
11:46:14 [super]   #2273  0x48e16897cd887654cbf0b2908a364219189bb0ae  prob=0.0330 (raw=0.0071)  vol=$1  trades=2  first_trade=2025-10-09 14:19  winrate=0.417  n_markets_traded=12.000  herfindahl_index_markets=0.136
11:46:14 [super]   #2274  0xd942a6c2bd59dbe652af39ee0b847d08c70147f3  prob=0.0330 (raw=0.0071)  vol=$102  trades=5  first_trade=2025-10-23 19:58  winrate=0.485  n_markets_traded=99.000  herfindahl_index_markets=0.025
11:46:14 [super]   #2275  0x98d973b69565d3564b39f364cc1bf73a62db2c8c  prob=0.0330 (raw=0.0071)  vol=$76  trades=4  first_trade=2025-12-10 07:21  winrate=NaN  n_markets_traded=0.000  herfindahl_index_markets=0.000
11:46:14 [super]   #2276  0x0b1f76eddb8315d5c02802aa1a2caa339b0406b8  prob=0.0330 (raw=0.0070)  vol=$4  trades=1  first_trade=2025-10-26 01:10  winrate=0.068  n_markets_traded=74.000  herfindahl_index_markets=0.166
11:46:14 [super]   #2277  0xdd225a03cd7ed89e3931906c67c75ab31cf89ef1  prob=0.0330 (raw=0.0070)  vol=$206,885  trades=258  first_trade=2025-11-08 04:01  winrate=NaN  n_markets_traded=0.000  herfindahl_index_markets=0.000
11:46:14 [super]   #2278  0x5ab11c96e0478acb3f1cfe5e4726eadcedc6ed8b  prob=0.0330 (raw=0.0070)  vol=$637  trades=9  first_trade=2025-12-06 16:26  winrate=0.313  n_markets_traded=230.000  herfindahl_index_markets=0.019
11:46:14 [super]   #2279  0x8cd482e363d98d97d1791c64db05aa8b72518598  prob=0.0330 (raw=0.0070)  vol=$14  trades=2  first_trade=2025-10-09 11:08  winrate=0.465  n_markets_traded=113.000  herfindahl_index_markets=0.044
11:46:14 [super]   #2280  0x325971650242d5908775b7c532c9f5c36bd3e6c2  prob=0.0330 (raw=0.0070)  vol=$7  trades=8  first_trade=2025-12-05 03:43  winrate=0.000  n_markets_traded=13.000  herfindahl_index_markets=0.129
11:46:14 [super]   #2281  0x53c6657d4bef4d84a6af8eb0746bf228d2feb9a7  prob=0.0330 (raw=0.0070)  vol=$217  trades=8  first_trade=2025-10-23 11:03  winrate=0.123  n_markets_traded=57.000  herfindahl_index_markets=0.052
11:46:14 [super]   #2282  0x587ac67cb7278ce6e58420d4ab889f5036c5486d  prob=0.0330 (raw=0.0070)  vol=$253  trades=3  first_trade=2025-12-08 03:08  winrate=0.462  n_markets_traded=65.000  herfindahl_index_markets=0.080
11:46:14 [super]   #2283  0xdf933b45bf02e6f10002da22ea32a7cff08fbdc8  prob=0.0330 (raw=0.0070)  vol=$1,023  trades=16  first_trade=2025-12-10 12:21  winrate=0.579  n_markets_traded=301.000  herfindahl_index_markets=0.023
11:46:14 [super]   #2284  0xf9ff5d428a647787675057924e161ff03093f3f3  prob=0.0330 (raw=0.0070)  vol=$1,911  trades=29  first_trade=2025-12-11 19:57  winrate=0.000  n_markets_traded=8.000  herfindahl_index_markets=0.147
11:46:14 [super]   #2285  0x5d748cf9e4f90dcbf26c25c7ed1a9c741e41ee45  prob=0.0330 (raw=0.0070)  vol=$11  trades=2  first_trade=2025-12-10 14:50  winrate=0.436  n_markets_traded=200.000  herfindahl_index_markets=0.016
11:46:14 [super]   #2286  0x3240a0aa7b7a8cf24a65756a65ed0dfabe8c5d25  prob=0.0330 (raw=0.0070)  vol=$98  trades=3  first_trade=2025-12-06 06:52  winrate=0.453  n_markets_traded=53.000  herfindahl_index_markets=0.089
11:46:14 [super]   #2287  0x0c643de32ced19368a630bd2e6797a0c1f2f2146  prob=0.0330 (raw=0.0069)  vol=$651  trades=53  first_trade=2025-12-07 14:45  winrate=0.581  n_markets_traded=103.000  herfindahl_index_markets=0.023
11:46:14 [super]   #2288  0x3e5630959499c5b5e55aceeeeae7446933d335d5  prob=0.0330 (raw=0.0069)  vol=$295  trades=110  first_trade=2025-11-09 02:52  winrate=NaN  n_markets_traded=0.000  herfindahl_index_markets=0.000
11:46:14 [super]   #2289  0x24f547ffc36050d1eda9eadd8154b8faaa180161  prob=0.0330 (raw=0.0069)  vol=$61  trades=9  first_trade=2025-12-18 15:51  winrate=0.286  n_markets_traded=14.000  herfindahl_index_markets=0.176
11:46:14 [super]   #2290  0xfb81f27f1c8758d477332f8e751322c424da1cf3  prob=0.0330 (raw=0.0069)  vol=$140  trades=1  first_trade=2025-10-21 21:54  winrate=0.277  n_markets_traded=424.000  herfindahl_index_markets=0.022
11:46:14 [super]   #2291  0x3d234dceb6b019c1ed6e45b03c457a16d54dfcd1  prob=0.0330 (raw=0.0069)  vol=$1  trades=2  first_trade=2025-10-09 23:04  winrate=0.394  n_markets_traded=96.000  herfindahl_index_markets=0.044
11:46:14 [super]   #2292  0x8f2c83a1e70decb45847ff1cc001c1a2396de158  prob=0.0330 (raw=0.0069)  vol=$123  trades=4  first_trade=2025-10-23 00:53  winrate=0.247  n_markets_traded=72.000  herfindahl_index_markets=0.062
11:46:14 [super]   #2293  0xeb019f5d06134325058edd8a6d70c2898b52f0f7  prob=0.0330 (raw=0.0069)  vol=$74  trades=5  first_trade=2025-10-23 15:56  winrate=0.256  n_markets_traded=43.000  herfindahl_index_markets=0.089
11:46:14 [super]   #2294  0xd19e6aa46244290c36e28e087cece5909f899781  prob=0.0330 (raw=0.0069)  vol=$232  trades=19  first_trade=2025-12-05 22:51  winrate=0.545  n_markets_traded=22.000  herfindahl_index_markets=0.094
11:46:14 [super]   #2295  0x7a78905d92379627cee57a6f58260665cb33818e  prob=0.0330 (raw=0.0069)  vol=$2  trades=2  first_trade=2025-12-04 11:13  winrate=0.452  n_markets_traded=339.000  herfindahl_index_markets=0.006
11:46:14 [super]   #2296  0xfc14907f493db563ca4b71eef7dc980cb8801dd2  prob=0.0330 (raw=0.0068)  vol=$61  trades=6  first_trade=2025-12-06 17:40  winrate=0.526  n_markets_traded=270.000  herfindahl_index_markets=0.015
11:46:14 [super]   #2297  0xe154165732b79548f7533fc45168b102dd7a0b7f  prob=0.0330 (raw=0.0068)  vol=$1,186  trades=17  first_trade=2025-12-05 01:59  winrate=NaN  n_markets_traded=0.000  herfindahl_index_markets=0.000
11:46:14 [super]   #2298  0xeb8b9c3fb97a0af0eae16c5e51defcc5a6f22f55  prob=0.0330 (raw=0.0068)  vol=$42  trades=2  first_trade=2025-11-08 02:17  winrate=0.077  n_markets_traded=13.000  herfindahl_index_markets=0.171
11:46:14 [super]   #2299  0xb75263f6d772a2a5b969c1817e584833c89db45f  prob=0.0330 (raw=0.0068)  vol=$4  trades=2  first_trade=2025-11-14 22:41  winrate=0.219  n_markets_traded=96.000  herfindahl_index_markets=0.022
11:46:14 [super]   #2300  0x7740253843b20007a4c99c3766878351002acbcd  prob=0.0330 (raw=0.0068)  vol=$19  trades=2  first_trade=2025-12-19 11:57  winrate=NaN  n_markets_traded=0.000  herfindahl_index_markets=0.000
11:46:14 [super]   #2301  0x57f42a7dc8b11b2bff2f91619c981479df6a43be  prob=0.0330 (raw=0.0068)  vol=$162  trades=18  first_trade=2025-12-16 14:25  winrate=0.486  n_markets_traded=146.000  herfindahl_index_markets=0.038
11:46:14 [super]   #2302  0x17fa37adeb7ea050637c0cae13d539c1cc301f89  prob=0.0330 (raw=0.0068)  vol=$29  trades=8  first_trade=2025-12-06 03:11  winrate=0.392  n_markets_traded=444.000  herfindahl_index_markets=0.006
11:46:14 [super]   #2303  0xc6e1b01850d0a21011b705b199a8b93eb73d6566  prob=0.0330 (raw=0.0067)  vol=$4  trades=4  first_trade=2025-11-11 11:54  winrate=0.384  n_markets_traded=146.000  herfindahl_index_markets=0.060
11:46:14 [super]   #2304  0x300f731f044a7fe9e50daab6f9fc3f319b61d366  prob=0.0330 (raw=0.0067)  vol=$846  trades=35  first_trade=2025-11-02 22:59  winrate=NaN  n_markets_traded=0.000  herfindahl_index_markets=0.000
11:46:14 [super]   #2305  0xe54842246a512475cf61864d7b486954e0059b7d  prob=0.0330 (raw=0.0067)  vol=$4  trades=2  first_trade=2025-12-14 02:26  winrate=0.679  n_markets_traded=28.000  herfindahl_index_markets=0.104
11:46:14 [super]   #2306  0xbb9c165825e9f233d1f611b50b193fe94513072b  prob=0.0330 (raw=0.0067)  vol=$47,188  trades=104  first_trade=2025-12-18 18:18  winrate=NaN  n_markets_traded=0.000  herfindahl_index_markets=0.000
11:46:14 [super]   #2307  0x2d3be554bd216ed2ce8353fd84e189d88c538027  prob=0.0330 (raw=0.0067)  vol=$3  trades=5  first_trade=2025-11-12 13:33  winrate=0.579  n_markets_traded=73.000  herfindahl_index_markets=0.035
11:46:14 [super]   #2308  0x6e220876892d748b1b103c46e4bad347e5be16f6  prob=0.0330 (raw=0.0067)  vol=$33  trades=4  first_trade=2025-12-05 23:14  winrate=0.083  n_markets_traded=12.000  herfindahl_index_markets=0.151
11:46:14 [super]   #2309  0x7a6192ea6815d3177e978dd3f8c38be5f575af24  prob=0.0330 (raw=0.0067)  vol=$348  trades=1  first_trade=2025-12-04 20:06  winrate=0.240  n_markets_traded=426.000  herfindahl_index_markets=0.012
11:46:14 [super]   #2310  0xd61bbc15a4469b771d7f946173c2c304ebca7337  prob=0.0330 (raw=0.0067)  vol=$281  trades=19  first_trade=2025-12-12 06:38  winrate=0.595  n_markets_traded=42.000  herfindahl_index_markets=0.038
11:46:14 [super]   #2311  0xcce844363969546e9a8587209ed50e29d1cedf43  prob=0.0330 (raw=0.0067)  vol=$75  trades=10  first_trade=2025-11-13 16:25  winrate=0.389  n_markets_traded=149.000  herfindahl_index_markets=0.019
11:46:14 [super]   #2312  0x56d15d26dca7c994e20085b0b128bfdcbe9583ea  prob=0.0330 (raw=0.0067)  vol=$245  trades=4  first_trade=2025-12-07 14:28  winrate=0.283  n_markets_traded=46.000  herfindahl_index_markets=0.062
11:46:14 [super]   #2313  0x30007bb9ad78a369e34031b5eb91b4961d7e0d25  prob=0.0330 (raw=0.0067)  vol=$706  trades=10  first_trade=2025-11-17 07:47  winrate=0.474  n_markets_traded=116.000  herfindahl_index_markets=0.038
11:46:14 [super]   #2314  0x1c3cbb2b86adc310ecde3945e641595557d08f25  prob=0.0330 (raw=0.0067)  vol=$14,102  trades=33  first_trade=2025-12-19 11:25  winrate=0.475  n_markets_traded=40.000  herfindahl_index_markets=0.112
11:46:14 [super]   #2315  0xdaef2be2a19ad331737d06545f85615b094554e9  prob=0.0330 (raw=0.0067)  vol=$3,059  trades=19  first_trade=2025-11-10 04:32  winrate=NaN  n_markets_traded=0.000  herfindahl_index_markets=0.000
11:46:14 [super]   #2316  0x32b61f77818ee062a1cf0ad4312752879e1a2f9f  prob=0.0330 (raw=0.0067)  vol=$15  trades=2  first_trade=2025-10-23 07:41  winrate=0.375  n_markets_traded=200.000  herfindahl_index_markets=0.075
11:46:14 [super]   #2317  0x4f87a3dabd21b2c20e388603ba90fcea588b4d9d  prob=0.0330 (raw=0.0067)  vol=$73  trades=14  first_trade=2025-11-09 17:23  winrate=0.440  n_markets_traded=164.000  herfindahl_index_markets=0.030
11:46:14 [super]   #2318  0xcdb1f1ef8213c06911e4ba6a884176c5571e276c  prob=0.0330 (raw=0.0067)  vol=$83  trades=4  first_trade=2025-10-09 03:34  winrate=NaN  n_markets_traded=0.000  herfindahl_index_markets=0.000
11:46:14 [super]   #2319  0x06e0ec273b20d2be0eb2c76cb137cd70d1757934  prob=0.0330 (raw=0.0066)  vol=$216  trades=3  first_trade=2025-12-04 16:18  winrate=0.363  n_markets_traded=214.000  herfindahl_index_markets=0.097
11:46:14 [super]   #2320  0xd5b97d08ec6098407bfbf66c2786ccc9967fe44e  prob=0.0330 (raw=0.0066)  vol=$1,080  trades=16  first_trade=2025-10-09 07:54  winrate=NaN  n_markets_traded=0.000  herfindahl_index_markets=0.000
11:46:14 [super]   #2321  0xee8b8e90d8ddc5e981460c91b517761a021c6436  prob=0.0330 (raw=0.0066)  vol=$508  trades=20  first_trade=2025-11-01 07:37  winrate=0.730  n_markets_traded=161.000  herfindahl_index_markets=0.023
11:46:14 [super]   #2322  0x105a66bab71956241fa654901aa75c4d0c80b78f  prob=0.0330 (raw=0.0066)  vol=$55  trades=1  first_trade=2025-11-06 00:15  winrate=0.661  n_markets_traded=62.000  herfindahl_index_markets=0.077
11:46:14 [super]   #2323  0x1ca9021f033d7285f5c1914868e0997123b2fd39  prob=0.0330 (raw=0.0066)  vol=$71  trades=19  first_trade=2025-12-15 09:24  winrate=0.509  n_markets_traded=53.000  herfindahl_index_markets=0.053
11:46:14 [super]   #2324  0x7c8aac9d76c8a632ae3e92af8113052fc05ae505  prob=0.0330 (raw=0.0066)  vol=$5  trades=2  first_trade=2025-10-22 14:25  winrate=0.333  n_markets_traded=141.000  herfindahl_index_markets=0.065
11:46:14 [super]   #2325  0x67892484a7ad526a7ae110fdf531ee5fcdfae393  prob=0.0330 (raw=0.0066)  vol=$30  trades=4  first_trade=2025-12-06 17:31  winrate=0.531  n_markets_traded=64.000  herfindahl_index_markets=0.121
11:46:14 [super]   #2326  0x3632ef33e53d4a7ac24b25f24293f2632ca8e895  prob=0.0330 (raw=0.0066)  vol=$3  trades=2  first_trade=2025-11-12 13:49  winrate=0.562  n_markets_traded=32.000  herfindahl_index_markets=0.055
11:46:14 [super]   #2327  0x0b77c4723b271b293203492387aed02254aa2eb0  prob=0.0330 (raw=0.0066)  vol=$219  trades=2  first_trade=2025-10-17 15:38  winrate=0.781  n_markets_traded=32.000  herfindahl_index_markets=0.058
11:46:14 [super]   #2328  0x420e8deb590ad77ff5b2f6776cea2b1fc6dee3c9  prob=0.0330 (raw=0.0066)  vol=$162  trades=3  first_trade=2025-12-05 07:10  winrate=NaN  n_markets_traded=0.000  herfindahl_index_markets=0.000
11:46:14 [super]   #2329  0xaf9b4b16943ea35da606199e353b5d3d40292d24  prob=0.0330 (raw=0.0066)  vol=$190  trades=8  first_trade=2025-11-21 10:04  winrate=0.368  n_markets_traded=76.000  herfindahl_index_markets=0.052
11:46:14 [super]   #2330  0x2d6887847d14d646fb7ff88130e28a614be2402c  prob=0.0330 (raw=0.0066)  vol=$4  trades=4  first_trade=2025-11-19 12:05  winrate=NaN  n_markets_traded=0.000  herfindahl_index_markets=0.000
11:46:14 [super]   #2331  0xa76989ac1c2f9666ab30af863e47f532a41e8a2a  prob=0.0330 (raw=0.0066)  vol=$86  trades=5  first_trade=2025-11-10 09:58  winrate=0.308  n_markets_traded=39.000  herfindahl_index_markets=0.075
11:46:14 [super]   #2332  0xc3be70a37b9dfbd193017fd0c5d274a9a0c50e17  prob=0.0330 (raw=0.0066)  vol=$4  trades=2  first_trade=2025-10-23 23:25  winrate=0.352  n_markets_traded=108.000  herfindahl_index_markets=0.066
11:46:14 [super]   #2333  0xb51b3beffd13cde071ed799e70a7b0b598e8b4d9  prob=0.0330 (raw=0.0066)  vol=$11,274  trades=112  first_trade=2025-10-09 20:54  winrate=NaN  n_markets_traded=0.000  herfindahl_index_markets=0.000
11:46:14 [super]   #2334  0xa40ab669fc1f1adf1a6f6da9134fc2414e190615  prob=0.0330 (raw=0.0066)  vol=$40  trades=2  first_trade=2025-12-18 07:34  winrate=0.406  n_markets_traded=173.000  herfindahl_index_markets=0.040
11:46:14 [super]   #2335  0x9c761f02a05b252b02a4e288694288c448808d1c  prob=0.0330 (raw=0.0066)  vol=$316  trades=5  first_trade=2025-11-10 21:21  winrate=NaN  n_markets_traded=0.000  herfindahl_index_markets=0.000
11:46:14 [super]   #2336  0x7842b9934ea3ed4c829b6d4287f0d0da91c34d91  prob=0.0330 (raw=0.0066)  vol=$438  trades=10  first_trade=2025-11-07 19:56  winrate=NaN  n_markets_traded=0.000  herfindahl_index_markets=0.000
11:46:14 [super]   #2337  0x614dc8d3542c12103d2c6a3553fd761e391d1546  prob=0.0330 (raw=0.0065)  vol=$30,704  trades=31  first_trade=2025-12-19 11:50  winrate=NaN  n_markets_traded=0.000  herfindahl_index_markets=0.000
11:46:14 [super]   #2338  0xe6c9eee27de792a9fdcdd322822452625d0f975e  prob=0.0330 (raw=0.0065)  vol=$4,320  trades=822  first_trade=2025-12-09 20:27  winrate=NaN  n_markets_traded=0.000  herfindahl_index_markets=0.000
11:46:14 [super]   #2339  0x945b801b3448d43d2810c4aea3025a2f56fdc16d  prob=0.0330 (raw=0.0065)  vol=$4  trades=4  first_trade=2025-12-06 07:16  winrate=0.600  n_markets_traded=100.000  herfindahl_index_markets=0.111
11:46:14 [super]   #2340  0x370f898f4a6d7bdbe681389e19c1059aacac1fa6  prob=0.0329 (raw=0.0065)  vol=$3  trades=2  first_trade=2025-11-14 18:43  winrate=0.273  n_markets_traded=44.000  herfindahl_index_markets=0.046
11:46:14 [super]   #2341  0xf9619d9f6d091ab81773f20f0952ea2a45c7c405  prob=0.0329 (raw=0.0065)  vol=$20  trades=1  first_trade=2025-12-06 09:50  winrate=0.367  n_markets_traded=30.000  herfindahl_index_markets=0.063
11:46:14 [super]   #2342  0x269623d241dc4dd5cf269e93fa81a71b0a9995b3  prob=0.0329 (raw=0.0065)  vol=$40  trades=1  first_trade=2025-11-17 18:36  winrate=0.356  n_markets_traded=45.000  herfindahl_index_markets=0.131
11:46:14 [super]   #2343  0x108d30065a573f9d2fb06e05ca140810f453508a  prob=0.0329 (raw=0.0065)  vol=$380  trades=8  first_trade=2025-12-10 13:57  winrate=0.426  n_markets_traded=343.000  herfindahl_index_markets=0.012
11:46:14 [super]   #2344  0xf1f9a438f2697381b4ac8eb283d6f4dd772d1245  prob=0.0329 (raw=0.0065)  vol=$12,978  trades=93  first_trade=2025-12-02 19:53  winrate=NaN  n_markets_traded=0.000  herfindahl_index_markets=0.000
11:46:14 [super]   #2345  0xc1b399b26020a4f689108e9640fd3dc8ffc8501c  prob=0.0329 (raw=0.0065)  vol=$408  trades=7  first_trade=2025-11-14 18:11  winrate=NaN  n_markets_traded=0.000  herfindahl_index_markets=0.000
11:46:14 [super]   #2346  0x6d6514eab960a4afa0ce9b6d2a60039dabc23781  prob=0.0329 (raw=0.0065)  vol=$3  trades=2  first_trade=2025-12-08 00:31  winrate=NaN  n_markets_traded=0.000  herfindahl_index_markets=0.000
11:46:14 [super]   #2347  0xdf6da574f8b0c0ce5e01ddb1c5a49b87993e9c5c  prob=0.0329 (raw=0.0065)  vol=$649  trades=5  first_trade=2025-11-14 07:59  winrate=NaN  n_markets_traded=0.000  herfindahl_index_markets=0.000
11:46:14 [super]   #2348  0xc602e34792d9a5e129f3404daef2df43d1d37fc1  prob=0.0329 (raw=0.0065)  vol=$524  trades=15  first_trade=2025-11-17 07:00  winrate=NaN  n_markets_traded=0.000  herfindahl_index_markets=0.000
11:46:14 [super]   #2349  0x0d240589ce844470bc367494aba77efd55f043d9  prob=0.0329 (raw=0.0065)  vol=$40  trades=4  first_trade=2025-11-01 16:22  winrate=0.312  n_markets_traded=16.000  herfindahl_index_markets=0.128
11:46:14 [super]   #2350  0x0f086078018637d45f17aa5194373a17a3bbe130  prob=0.0329 (raw=0.0065)  vol=$330  trades=9  first_trade=2025-12-10 17:36  winrate=0.522  n_markets_traded=23.000  herfindahl_index_markets=0.084
11:46:14 [super]   #2351  0xfc03ceac47a04c011d1ec4fa16f4794a243268d5  prob=0.0329 (raw=0.0065)  vol=$12  trades=3  first_trade=2025-12-13 12:34  winrate=0.318  n_markets_traded=22.000  herfindahl_index_markets=0.205
11:46:14 [super]   #2352  0x094e3e7c5486ca7f5efd45de09857b873c70f10b  prob=0.0329 (raw=0.0065)  vol=$2,324  trades=27  first_trade=2025-10-10 02:35  winrate=NaN  n_markets_traded=0.000  herfindahl_index_markets=0.000
11:46:14 [super]   #2353  0x73d3df074636c48f584b0ebd92da3e571f3186f1  prob=0.0329 (raw=0.0065)  vol=$23  trades=1  first_trade=2025-12-18 23:00  winrate=0.507  n_markets_traded=74.000  herfindahl_index_markets=0.036
11:46:14 [super]   #2354  0x841a6fea73c7a247d390238ec98a47b8c954b4f9  prob=0.0329 (raw=0.0065)  vol=$4  trades=4  first_trade=2025-11-10 07:21  winrate=0.259  n_markets_traded=139.000  herfindahl_index_markets=0.040
11:46:14 [super]   #2355  0x7baaa533fb67534d7c4aacd1ddecbbe9c9f39077  prob=0.0329 (raw=0.0065)  vol=$23  trades=4  first_trade=2025-12-06 15:40  winrate=0.523  n_markets_traded=111.000  herfindahl_index_markets=0.088
11:46:14 [super]   #2356  0xe0265f8dea549638630807869dc8ba5700940404  prob=0.0329 (raw=0.0065)  vol=$24  trades=6  first_trade=2025-12-17 07:44  winrate=NaN  n_markets_traded=0.000  herfindahl_index_markets=0.000
11:46:14 [super]   #2357  0x4b5faccc9a9704b5c10ceb20cbdd6b4da27d1ae6  prob=0.0329 (raw=0.0065)  vol=$148  trades=3  first_trade=2025-12-04 13:25  winrate=0.250  n_markets_traded=32.000  herfindahl_index_markets=0.204
11:46:14 [super]   #2358  0xec751cdcdbc06b18064e8e88846077949c588786  prob=0.0329 (raw=0.0065)  vol=$2,074  trades=23  first_trade=2025-12-08 17:33  winrate=0.379  n_markets_traded=161.000  herfindahl_index_markets=0.038
11:46:14 [super]   #2359  0xe77c4b74e8fdfe981f0201849a5b6a1bee74a67a  prob=0.0329 (raw=0.0065)  vol=$323  trades=4  first_trade=2025-12-06 03:40  winrate=0.337  n_markets_traded=98.000  herfindahl_index_markets=0.071
11:46:14 [super]   #2360  0x28b7b6b19da4fff0e746ac2c0d43b1be0956ece8  prob=0.0329 (raw=0.0065)  vol=$13  trades=6  first_trade=2025-10-09 08:23  winrate=0.406  n_markets_traded=170.000  herfindahl_index_markets=0.015
11:46:14 [super]   #2361  0x1ee9a5fc09665909c0cce297c581703bfbb9197f  prob=0.0329 (raw=0.0065)  vol=$19,181  trades=137  first_trade=2025-11-08 16:48  winrate=NaN  n_markets_traded=0.000  herfindahl_index_markets=0.000
11:46:14 [super]   #2362  0x37a34b2c6201668a9bd317a9eef1c7457e379176  prob=0.0329 (raw=0.0065)  vol=$75  trades=3  first_trade=2025-12-16 23:48  winrate=0.635  n_markets_traded=126.000  herfindahl_index_markets=0.015
11:46:14 [super]   #2363  0x5c531ff6195afa30c5bdc594da89cad4cee87fce  prob=0.0329 (raw=0.0065)  vol=$58  trades=6  first_trade=2025-10-25 23:25  winrate=0.383  n_markets_traded=81.000  herfindahl_index_markets=0.034
11:46:14 [super]   #2364  0x75d3c1fad4ec173bcde6516b308392bd8482de26  prob=0.0329 (raw=0.0065)  vol=$163  trades=15  first_trade=2025-12-12 15:02  winrate=0.630  n_markets_traded=54.000  herfindahl_index_markets=0.041
11:46:14 [super]   #2365  0x63b448724fc9b9e0ce84006cd4a960dedb0d7e30  prob=0.0329 (raw=0.0065)  vol=$138  trades=16  first_trade=2025-12-11 09:06  winrate=0.510  n_markets_traded=202.000  herfindahl_index_markets=0.016
11:46:14 [super]   #2366  0x46a23adb4633e3227d7d5fcc9287e278a6423c03  prob=0.0329 (raw=0.0064)  vol=$62  trades=7  first_trade=2025-12-12 21:18  winrate=0.222  n_markets_traded=9.000  herfindahl_index_markets=0.197
11:46:14 [super]   #2367  0x44c1dfe43260c94ed4f1d00de2e1f80fb113ebc1  prob=0.0329 (raw=0.0064)  vol=$34,621  trades=17  first_trade=2025-12-19 01:19  winrate=NaN  n_markets_traded=0.000  herfindahl_index_markets=0.000
11:46:14 [super]   #2368  0x767b2954c80e355d39fd80ca33136a0f5757a3d6  prob=0.0329 (raw=0.0064)  vol=$4  trades=4  first_trade=2025-11-08 02:16  winrate=0.379  n_markets_traded=66.000  herfindahl_index_markets=0.031
11:46:14 [super]   #2369  0x4d1bcbaeed22c6da173b1a356c3c6d2270081419  prob=0.0329 (raw=0.0064)  vol=$260  trades=11  first_trade=2025-12-05 05:14  winrate=NaN  n_markets_traded=0.000  herfindahl_index_markets=0.000
11:46:14 [super]   #2370  0x05c611fd744bf70187565444f63c5dc02342d823  prob=0.0329 (raw=0.0064)  vol=$23  trades=3  first_trade=2025-11-18 10:02  winrate=NaN  n_markets_traded=0.000  herfindahl_index_markets=0.000
11:46:14 [super]   #2371  0xe8604ccc22742660cbd9a4961f352e693a59cdaa  prob=0.0329 (raw=0.0064)  vol=$40  trades=2  first_trade=2025-12-17 13:50  winrate=0.521  n_markets_traded=263.000  herfindahl_index_markets=0.040
11:46:14 [super]   #2372  0xfb5b71f6ec174e2f00aed730b185eb92971bb8c0  prob=0.0329 (raw=0.0064)  vol=$6  trades=1  first_trade=2025-11-06 09:47  winrate=0.589  n_markets_traded=112.000  herfindahl_index_markets=0.027
11:46:14 [super]   #2373  0xc2ab2e218cd915d248b93f828527a29ff9aaf5ce  prob=0.0329 (raw=0.0064)  vol=$9  trades=36  first_trade=2025-12-18 21:31  winrate=0.256  n_markets_traded=162.000  herfindahl_index_markets=0.023
11:46:14 [super]   #2374  0x854c14c2ceba6ac8231c6bd59b00850d5586a964  prob=0.0329 (raw=0.0064)  vol=$20  trades=2  first_trade=2025-11-23 22:50  winrate=0.346  n_markets_traded=81.000  herfindahl_index_markets=0.040
11:46:14 [super]   #2375  0x86cbb893703fa7d496620a185a17ce41e2d96c6d  prob=0.0329 (raw=0.0064)  vol=$900  trades=11  first_trade=2025-12-08 06:57  winrate=0.484  n_markets_traded=31.000  herfindahl_index_markets=0.118
11:46:14 [super]   #2376  0x814a369c659b8202469b5892c238e69d164cab7a  prob=0.0329 (raw=0.0064)  vol=$665  trades=7  first_trade=2025-12-06 11:12  winrate=0.383  n_markets_traded=59.000  herfindahl_index_markets=0.105
11:46:14 [super]   #2377  0x08f81cbb7fd6f5caf818c4f6a0a52300d2670e43  prob=0.0329 (raw=0.0064)  vol=$304  trades=10  first_trade=2025-12-05 07:10  winrate=0.582  n_markets_traded=122.000  herfindahl_index_markets=0.016
11:46:14 [super]   #2378  0x126f15c7bd21bf5bf136f3629e10990dc0677137  prob=0.0329 (raw=0.0064)  vol=$153  trades=2  first_trade=2025-12-12 11:59  winrate=0.428  n_markets_traded=299.000  herfindahl_index_markets=0.024
11:46:14 [super]   #2379  0x22999eeb51f655dd8663508addbe1f56105dd74a  prob=0.0329 (raw=0.0064)  vol=$12  trades=2  first_trade=2025-10-26 08:03  winrate=0.182  n_markets_traded=11.000  herfindahl_index_markets=0.201
11:46:14 [super]   #2380  0xa3295565a4e432ad157c176ae3e798e5970d6d41  prob=0.0329 (raw=0.0064)  vol=$3  trades=4  first_trade=2025-10-28 21:49  winrate=0.411  n_markets_traded=209.000  herfindahl_index_markets=0.016
11:46:14 [super]   #2381  0x0d98bc45bd20e669631521cca23cdf3e7c2a706b  prob=0.0329 (raw=0.0064)  vol=$2  trades=2  first_trade=2025-10-22 20:06  winrate=0.053  n_markets_traded=19.000  herfindahl_index_markets=0.140
11:46:14 [super]   #2382  0x41e33e016ed02ca69341df1dc9f9d4876835bac7  prob=0.0329 (raw=0.0064)  vol=$996  trades=8  first_trade=2025-12-15 22:17  winrate=0.597  n_markets_traded=67.000  herfindahl_index_markets=0.102
11:46:14 [super]   #2383  0xb78798a7871c3b9dfd90536168ee5f7831a2a4a0  prob=0.0329 (raw=0.0064)  vol=$16  trades=4  first_trade=2025-11-18 01:33  winrate=0.259  n_markets_traded=27.000  herfindahl_index_markets=0.144
11:46:14 [super]   #2384  0xd18ddef60c4555e247d398c49ec04f65dad8fc51  prob=0.0329 (raw=0.0064)  vol=$542  trades=12  first_trade=2025-10-09 17:28  winrate=NaN  n_markets_traded=0.000  herfindahl_index_markets=0.000
11:46:14 [super]   #2385  0x1d32ed69a0f2df3be5905369bdf9f81503928a6f  prob=0.0329 (raw=0.0063)  vol=$13  trades=2  first_trade=2025-10-09 14:48  winrate=0.267  n_markets_traded=30.000  herfindahl_index_markets=0.047
11:46:14 [super]   #2386  0x2bcd792138a4e184f791b05d9c5c70e3c8f7cbfb  prob=0.0329 (raw=0.0063)  vol=$23  trades=4  first_trade=2025-11-02 19:59  winrate=NaN  n_markets_traded=0.000  herfindahl_index_markets=0.000
11:46:14 [super]   #2387  0x9dfe2f73d3c988a9d69df8fa0beb85651340b3dd  prob=0.0329 (raw=0.0063)  vol=$1,321  trades=10  first_trade=2025-10-22 14:35  winrate=NaN  n_markets_traded=0.000  herfindahl_index_markets=0.000
11:46:14 [super]   #2388  0xa9cb3b1ecc14dc512201614f6d818520dc3bb97a  prob=0.0329 (raw=0.0063)  vol=$225  trades=12  first_trade=2025-10-25 06:28  winrate=0.529  n_markets_traded=17.000  herfindahl_index_markets=0.118
11:46:14 [super]   #2389  0x823ddce5bc6a545529d2669977b890a6cedc2db3  prob=0.0329 (raw=0.0063)  vol=$14  trades=4  first_trade=2025-11-12 01:13  winrate=NaN  n_markets_traded=0.000  herfindahl_index_markets=0.000
11:46:14 [super]   #2390  0xbc0d572d1abb04e9fe39781fbd9db5728922d3a5  prob=0.0329 (raw=0.0063)  vol=$12  trades=2  first_trade=2025-11-15 12:45  winrate=NaN  n_markets_traded=0.000  herfindahl_index_markets=0.000
11:46:14 [super]   #2391  0x9afc6817f091b9ee9769fd3f7db5cffab935fb6a  prob=0.0329 (raw=0.0063)  vol=$2  trades=3  first_trade=2025-12-19 11:25  winrate=0.528  n_markets_traded=345.000  herfindahl_index_markets=0.031
11:46:14 [super]   #2392  0x1102330de18bd0ced2ae7c17b29df2a1e627af36  prob=0.0329 (raw=0.0063)  vol=$59  trades=3  first_trade=2025-10-09 14:50  winrate=NaN  n_markets_traded=0.000  herfindahl_index_markets=0.000
11:46:14 [super]   #2393  0x1b4b6a8b8612833c6f418667eebf8a188cbbb93c  prob=0.0329 (raw=0.0063)  vol=$1,067  trades=33  first_trade=2025-12-10 00:12  winrate=NaN  n_markets_traded=0.000  herfindahl_index_markets=0.000
11:46:14 [super]   #2394  0x31d77c69b7e117aa9bc1cdc0a86827cdce319702  prob=0.0329 (raw=0.0063)  vol=$100  trades=6  first_trade=2025-10-23 15:07  winrate=0.480  n_markets_traded=49.000  herfindahl_index_markets=0.097
11:46:14 [super]   #2395  0x3620d1edc2c1706402128e9adb0f5b2958ec2e6c  prob=0.0329 (raw=0.0063)  vol=$19  trades=5  first_trade=2025-12-18 19:16  winrate=0.000  n_markets_traded=25.000  herfindahl_index_markets=0.090
11:46:14 [super]   #2396  0x24c8cf69a0e0a17eee21f69d29752bfa32e823e1  prob=0.0329 (raw=0.0063)  vol=$1,328  trades=10  first_trade=2025-12-05 02:14  winrate=NaN  n_markets_traded=0.000  herfindahl_index_markets=0.000
11:46:14 [super]   #2397  0xb78a54f0e9719f41036d1fcca9f068bed4a061c4  prob=0.0329 (raw=0.0063)  vol=$820  trades=12  first_trade=2025-12-16 18:34  winrate=0.640  n_markets_traded=89.000  herfindahl_index_markets=0.075
11:46:14 [super]   #2398  0x628227f9aaf1d5dd40151315d6350d4060bb3ea8  prob=0.0329 (raw=0.0063)  vol=$85  trades=5  first_trade=2025-12-16 09:34  winrate=0.719  n_markets_traded=160.000  herfindahl_index_markets=0.016
11:46:14 [super]   #2399  0x25a99e994a8cb81be5cdefa77eccfbbc80a2f991  prob=0.0329 (raw=0.0063)  vol=$274  trades=6  first_trade=2025-12-05 05:44  winrate=0.135  n_markets_traded=103.000  herfindahl_index_markets=0.122
11:46:14 [super]   #2400  0xdf69adaea0cbabbe8582283d934bc5553922a33f  prob=0.0329 (raw=0.0063)  vol=$2  trades=2  first_trade=2025-12-12 16:30  winrate=0.606  n_markets_traded=227.000  herfindahl_index_markets=0.018
11:46:14 [super]   #2401  0x9f128322dcbc1ae5498a13e1222996b406712640  prob=0.0329 (raw=0.0063)  vol=$17  trades=6  first_trade=2025-11-15 03:14  winrate=0.646  n_markets_traded=537.000  herfindahl_index_markets=0.006
11:46:14 [super]   #2402  0x5fa679aa693c3c18432dce101c0d87cbf3d003eb  prob=0.0329 (raw=0.0063)  vol=$158  trades=13  first_trade=2025-11-10 15:38  winrate=NaN  n_markets_traded=0.000  herfindahl_index_markets=0.000
11:46:14 [super]   #2403  0x97a863a24e823b3f04ee3f6659491182e81b5a6c  prob=0.0329 (raw=0.0063)  vol=$63  trades=3  first_trade=2025-12-04 18:16  winrate=0.500  n_markets_traded=14.000  herfindahl_index_markets=0.087
11:46:14 [super]   #2404  0x7662cd8c98d43715cd8f1fa311672377a4427930  prob=0.0329 (raw=0.0063)  vol=$1,031  trades=21  first_trade=2025-11-14 06:38  winrate=0.576  n_markets_traded=89.000  herfindahl_index_markets=0.051
11:46:14 [super]   #2405  0xe9e56e42d5748e6ef0e392ab9d7be5c994a0dbc9  prob=0.0329 (raw=0.0063)  vol=$19  trades=5  first_trade=2025-12-11 12:26  winrate=0.631  n_markets_traded=528.000  herfindahl_index_markets=0.019
11:46:14 [super]   #2406  0x7a146c5e70c092d06be27097a5c770b49d0bd748  prob=0.0329 (raw=0.0063)  vol=$21,598  trades=125  first_trade=2025-12-04 12:42  winrate=NaN  n_markets_traded=0.000  herfindahl_index_markets=0.000
11:46:14 [super]   #2407  0x53389be33e380f24e8d9a26c920f548a7d51630c  prob=0.0329 (raw=0.0063)  vol=$8  trades=6  first_trade=2025-12-15 05:53  winrate=0.615  n_markets_traded=148.000  herfindahl_index_markets=0.097
11:46:14 [super]   #2408  0xe8278d22bef444ede84505b7c0ec4e4001305209  prob=0.0329 (raw=0.0063)  vol=$190  trades=18  first_trade=2025-10-24 17:09  winrate=NaN  n_markets_traded=0.000  herfindahl_index_markets=0.000
11:46:14 [super]   #2409  0xd66c9f82e795442780d8386124539efd2cf097e3  prob=0.0329 (raw=0.0063)  vol=$499  trades=44  first_trade=2025-11-26 18:24  winrate=0.268  n_markets_traded=541.000  herfindahl_index_markets=0.019
11:46:14 [super]   #2410  0x855fe2bb0307c4eaa86192794b5379f0f4d83cc4  prob=0.0329 (raw=0.0063)  vol=$22  trades=4  first_trade=2025-11-12 23:09  winrate=0.000  n_markets_traded=15.000  herfindahl_index_markets=0.067
11:46:14 [super]   #2411  0xd597898dfe381d0f16af0c5ecab7516b59ec5e72  prob=0.0329 (raw=0.0063)  vol=$10  trades=2  first_trade=2025-12-04 19:44  winrate=0.000  n_markets_traded=10.000  herfindahl_index_markets=0.115
11:46:14 [super]   #2412  0xd349affb2dfac03a1a341b19b46049fe74df4f51  prob=0.0329 (raw=0.0063)  vol=$15  trades=2  first_trade=2025-10-10 00:32  winrate=0.354  n_markets_traded=64.000  herfindahl_index_markets=0.059
11:46:14 [super]   #2413  0x1c1e841584db14084e10e7dca2ad0ab7b60dbfe7  prob=0.0329 (raw=0.0062)  vol=$262  trades=9  first_trade=2025-12-12 16:40  winrate=NaN  n_markets_traded=0.000  herfindahl_index_markets=0.000
11:46:14 [super]   #2414  0x81e32718bbb3fdcc4563bde15e2a99ce7ac916e9  prob=0.0329 (raw=0.0062)  vol=$41  trades=6  first_trade=2025-10-22 19:24  winrate=0.740  n_markets_traded=104.000  herfindahl_index_markets=0.052
11:46:14 [super]   #2415  0xfa0a696c624a698db3736df70b98c2cce51cfe92  prob=0.0329 (raw=0.0062)  vol=$4  trades=2  first_trade=2025-12-18 07:01  winrate=0.559  n_markets_traded=102.000  herfindahl_index_markets=0.019
11:46:14 [super]   #2416  0x24d2f4ecb76a330890533842dbefdf82a3f192c5  prob=0.0329 (raw=0.0062)  vol=$152  trades=10  first_trade=2025-12-04 14:02  winrate=0.516  n_markets_traded=337.000  herfindahl_index_markets=0.019
11:46:14 [super]   #2417  0xd940c4b3d728dab4e10dd3786d2848c31a4f8d04  prob=0.0329 (raw=0.0062)  vol=$146  trades=3  first_trade=2025-11-28 08:20  winrate=0.620  n_markets_traded=60.000  herfindahl_index_markets=0.070
11:46:14 [super]   #2418  0xe27ca9aab30ef84887a17ef49352500cd5e5565f  prob=0.0329 (raw=0.0062)  vol=$4  trades=2  first_trade=2025-12-04 04:49  winrate=0.618  n_markets_traded=360.000  herfindahl_index_markets=0.006
11:46:14 [super]   #2419  0xc8ab97a9089a9ff7e6ef0688e6e591a066946418  prob=0.0329 (raw=0.0062)  vol=$1,620  trades=21  first_trade=2025-10-11 01:15  winrate=NaN  n_markets_traded=0.000  herfindahl_index_markets=0.000
11:46:14 [super]   #2420  0x099ce0b1f34570151fd30fc342d92e253db73685  prob=0.0329 (raw=0.0062)  vol=$66  trades=5  first_trade=2025-11-19 11:41  winrate=0.216  n_markets_traded=51.000  herfindahl_index_markets=0.058
11:46:14 [super]   #2421  0x6cef9d09a0114bf160a1f6b8eef64f9c5e74af02  prob=0.0329 (raw=0.0062)  vol=$254  trades=5  first_trade=2025-12-18 11:02  winrate=0.351  n_markets_traded=37.000  herfindahl_index_markets=0.079
11:46:14 [super]   #2422  0x014040fe22a26b3165c7925f5a61332144319510  prob=0.0329 (raw=0.0062)  vol=$81,245  trades=203  first_trade=2025-12-18 07:41  winrate=0.475  n_markets_traded=59.000  herfindahl_index_markets=0.107
11:46:14 [super]   #2423  0x78ab53de928e474882c294e53b446318dbf777fe  prob=0.0329 (raw=0.0062)  vol=$3  trades=4  first_trade=2025-12-12 14:21  winrate=0.125  n_markets_traded=8.000  herfindahl_index_markets=0.125
11:46:14 [super]   #2424  0x5188fa0e8a77e87bc6a58e6781fdfc4e165cc804  prob=0.0329 (raw=0.0062)  vol=$37,339  trades=228  first_trade=2025-12-05 12:55  winrate=NaN  n_markets_traded=0.000  herfindahl_index_markets=0.000
11:46:14 [super]   #2425  0xe72d1eadf8d89c312bf419eef17ec2526a2f742e  prob=0.0329 (raw=0.0062)  vol=$29  trades=11  first_trade=2025-10-26 13:28  winrate=0.625  n_markets_traded=88.000  herfindahl_index_markets=0.016
11:46:14 [super]   #2426  0x4da698d2d19cea802d1128efc8b9aee2df5559fa  prob=0.0329 (raw=0.0062)  vol=$1,589  trades=4  first_trade=2025-12-18 03:41  winrate=0.440  n_markets_traded=116.000  herfindahl_index_markets=0.025
11:46:14 [super]   #2427  0xff7ca9cd180d33119e653e3eb50555a3e2ccb233  prob=0.0329 (raw=0.0062)  vol=$863  trades=18  first_trade=2025-10-10 11:12  winrate=NaN  n_markets_traded=0.000  herfindahl_index_markets=0.000
11:46:14 [super]   #2428  0xc360b7771fe7c63139076a6f9e8c34b773badbb2  prob=0.0329 (raw=0.0062)  vol=$708  trades=12  first_trade=2025-11-08 02:00  winrate=NaN  n_markets_traded=0.000  herfindahl_index_markets=0.000
11:46:14 [super]   #2429  0xd1cb2695e36f49ed22636c4592cc778a52e13acc  prob=0.0329 (raw=0.0062)  vol=$134  trades=8  first_trade=2025-12-13 08:09  winrate=0.602  n_markets_traded=115.000  herfindahl_index_markets=0.026
11:46:14 [super]   #2430  0x9c09fd8faed8b42564969d7b657261a5565a1ba5  prob=0.0329 (raw=0.0062)  vol=$642  trades=12  first_trade=2025-12-18 04:40  winrate=0.645  n_markets_traded=58.000  herfindahl_index_markets=0.035
11:46:14 [super]   #2431  0x31366b4f898776096c438867783dda8c9f355b6b  prob=0.0329 (raw=0.0062)  vol=$78  trades=5  first_trade=2025-11-03 17:26  winrate=0.160  n_markets_traded=25.000  herfindahl_index_markets=0.058
11:46:14 [super]   #2432  0x0691d9078536bfcf5b6201a2f0deb26aae164c34  prob=0.0329 (raw=0.0062)  vol=$4  trades=2  first_trade=2025-12-19 10:34  winrate=0.625  n_markets_traded=176.000  herfindahl_index_markets=0.013
11:46:14 [super]   #2433  0x898ac9273970f50bd986023b2c156d96353616a0  prob=0.0329 (raw=0.0062)  vol=$9  trades=2  first_trade=2025-12-10 13:17  winrate=0.638  n_markets_traded=168.000  herfindahl_index_markets=0.027
11:46:14 [super]   #2434  0x62a1cb2c28b42f6b9c1080c14ee15790a82a6c30  prob=0.0329 (raw=0.0062)  vol=$2  trades=3  first_trade=2025-11-12 23:10  winrate=0.732  n_markets_traded=40.000  herfindahl_index_markets=0.044
11:46:14 [super]   #2435  0x6f3759217c4b28998c3eda05df65c6eb39790e94  prob=0.0329 (raw=0.0062)  vol=$6  trades=2  first_trade=2025-12-18 07:52  winrate=0.243  n_markets_traded=37.000  herfindahl_index_markets=0.058
11:46:14 [super]   #2436  0xe4a4386af9db597611af531577139957a65cd54a  prob=0.0329 (raw=0.0061)  vol=$2  trades=2  first_trade=2025-11-12 23:04  winrate=0.538  n_markets_traded=51.000  herfindahl_index_markets=0.045
11:46:14 [super]   #2437  0x3fcd8015d9e0ce0608fc28b44751473f2baadf2a  prob=0.0329 (raw=0.0061)  vol=$6  trades=3  first_trade=2025-12-05 18:54  winrate=0.512  n_markets_traded=910.000  herfindahl_index_markets=0.007
11:46:14 [super]   #2438  0xb12e89b6accb5850369e87d6d18840e44be43689  prob=0.0329 (raw=0.0061)  vol=$142  trades=4  first_trade=2025-12-05 15:29  winrate=0.504  n_markets_traded=129.000  herfindahl_index_markets=0.021
11:46:14 [super]   #2439  0xf5cef6b0e9afb5bdfd78c1442fe211c9416771f8  prob=0.0329 (raw=0.0061)  vol=$3  trades=4  first_trade=2025-11-09 18:34  winrate=0.067  n_markets_traded=15.000  herfindahl_index_markets=0.098
11:46:14 [super]   #2440  0x86e2225adee337ae3421a59cdc535681da4de700  prob=0.0329 (raw=0.0061)  vol=$18  trades=6  first_trade=2025-12-09 18:47  winrate=0.620  n_markets_traded=71.000  herfindahl_index_markets=0.037
11:46:14 [super]   #2441  0x5339c9da744ff14e978081f99c2309c4d5529da3  prob=0.0329 (raw=0.0061)  vol=$115  trades=7  first_trade=2025-10-22 20:08  winrate=NaN  n_markets_traded=0.000  herfindahl_index_markets=0.000
11:46:14 [super]   #2442  0x9213a0803fc6a2e9fcaa1c23bf5068fe2f152002  prob=0.0329 (raw=0.0061)  vol=$26  trades=4  first_trade=2025-12-06 01:31  winrate=0.333  n_markets_traded=75.000  herfindahl_index_markets=0.035
11:46:14 [super]   #2443  0x7db52dffd5771a326f3f4a136a8b436b2f205dcb  prob=0.0329 (raw=0.0061)  vol=$3  trades=4  first_trade=2025-12-18 23:53  winrate=0.584  n_markets_traded=137.000  herfindahl_index_markets=0.032
11:46:14 [super]   #2444  0x37ef96df20c50c42a1225f7f7da7301883cca37a  prob=0.0329 (raw=0.0061)  vol=$68  trades=3  first_trade=2025-10-09 06:29  winrate=NaN  n_markets_traded=0.000  herfindahl_index_markets=0.000
11:46:14 [super]   #2445  0x7b5887dcffa32af1ec155a8835c48b4e948aeb2b  prob=0.0329 (raw=0.0061)  vol=$1,613  trades=7  first_trade=2025-12-19 07:46  winrate=NaN  n_markets_traded=0.000  herfindahl_index_markets=0.000
11:46:14 [super]   #2446  0x16d0e4b46b72198194974b8950f1832d27eaa111  prob=0.0329 (raw=0.0061)  vol=$70  trades=5  first_trade=2025-12-05 18:53  winrate=0.091  n_markets_traded=11.000  herfindahl_index_markets=0.119
11:46:14 [super]   #2447  0xbf4e583d0117c65c41c728332faead79991e5282  prob=0.0329 (raw=0.0061)  vol=$78  trades=2  first_trade=2025-12-04 09:18  winrate=0.200  n_markets_traded=25.000  herfindahl_index_markets=0.088
11:46:14 [super]   #2448  0x14c32680ffc318892e0d019181e4161aa34cdf68  prob=0.0329 (raw=0.0061)  vol=$6,426  trades=2  first_trade=2025-12-19 12:24  winrate=NaN  n_markets_traded=0.000  herfindahl_index_markets=0.000
11:46:14 [super]   #2449  0xe0c9b729c72d60e7465aec3f7fb95b134ff7d719  prob=0.0329 (raw=0.0061)  vol=$13  trades=4  first_trade=2025-11-07 19:08  winrate=0.430  n_markets_traded=107.000  herfindahl_index_markets=0.022
11:46:14 [super]   #2450  0x09e3835d39e097ec0011824fbf647ff032a748ac  prob=0.0329 (raw=0.0061)  vol=$79  trades=5  first_trade=2025-11-08 18:30  winrate=NaN  n_markets_traded=0.000  herfindahl_index_markets=0.000
11:46:14 [super]   #2451  0x6515d4bc7ae31b2cf590bb66892d15625f0f6939  prob=0.0329 (raw=0.0061)  vol=$53  trades=4  first_trade=2025-11-24 12:23  winrate=0.444  n_markets_traded=9.000  herfindahl_index_markets=0.151
11:46:14 [super]   #2452  0xf44610413ee8b10e0c92bacdd3b4320c342e1ca2  prob=0.0329 (raw=0.0061)  vol=$26  trades=4  first_trade=2025-12-14 15:08  winrate=0.655  n_markets_traded=181.000  herfindahl_index_markets=0.020
11:46:14 [super]   #2453  0x3ec37341100c9e86ea6aaec23bc0815a43a1f303  prob=0.0329 (raw=0.0061)  vol=$4  trades=2  first_trade=2025-10-23 18:22  winrate=0.548  n_markets_traded=31.000  herfindahl_index_markets=0.057
11:46:14 [super]   #2454  0xcf6e295f9cc9767eb5579c83177fc87676d4b45b  prob=0.0329 (raw=0.0061)  vol=$453  trades=8  first_trade=2025-11-22 12:29  winrate=NaN  n_markets_traded=0.000  herfindahl_index_markets=0.000
11:46:14 [super]   #2455  0x7e6c1276e4def95c158c4393bd580ed7bda3c78d  prob=0.0329 (raw=0.0061)  vol=$28  trades=4  first_trade=2025-11-10 18:27  winrate=0.500  n_markets_traded=14.000  herfindahl_index_markets=0.103
11:46:14 [super]   #2456  0x5a4074a7e688892779cb0ca392f3508ac0764093  prob=0.0329 (raw=0.0061)  vol=$15,939  trades=128  first_trade=2025-12-07 17:47  winrate=NaN  n_markets_traded=0.000  herfindahl_index_markets=0.000
11:46:14 [super]   #2457  0x7910c2483c17ab3988e5c1a9b391509bdc8bb01b  prob=0.0329 (raw=0.0061)  vol=$8  trades=7  first_trade=2025-11-06 05:56  winrate=0.616  n_markets_traded=320.000  herfindahl_index_markets=0.006
11:46:14 [super]   #2458  0xbfb3b7bd96f923fc22ecc8fb416d4dc5d3b24b43  prob=0.0329 (raw=0.0061)  vol=$1,439  trades=20  first_trade=2025-11-13 11:08  winrate=NaN  n_markets_traded=0.000  herfindahl_index_markets=0.000
11:46:14 [super]   #2459  0x9fbb09e0a8b9241a39704a1fea552db62a1677ee  prob=0.0329 (raw=0.0061)  vol=$57  trades=14  first_trade=2025-11-03 10:06  winrate=0.459  n_markets_traded=363.000  herfindahl_index_markets=0.007
11:46:14 [super]   #2460  0xe4c45c8b9c8c0effd7b42d28a7ef8a99cd5083e3  prob=0.0329 (raw=0.0061)  vol=$7,853  trades=50  first_trade=2025-11-17 07:00  winrate=0.381  n_markets_traded=21.000  herfindahl_index_markets=0.101
11:46:14 [super]   #2461  0x0974d7a915229cb770fb43ac46f360dcf964003d  prob=0.0329 (raw=0.0061)  vol=$1,208  trades=34  first_trade=2025-12-14 06:57  winrate=NaN  n_markets_traded=0.000  herfindahl_index_markets=0.000
11:46:14 [super]   #2462  0xc16496f632a2d32c49cbc59a1cb8ace5952dd0e3  prob=0.0329 (raw=0.0061)  vol=$856  trades=13  first_trade=2025-11-19 02:54  winrate=0.514  n_markets_traded=144.000  herfindahl_index_markets=0.018
11:46:14 [super]   #2463  0x2765589a5f75648705ea78058c08ecb43f13973f  prob=0.0329 (raw=0.0060)  vol=$10  trades=4  first_trade=2025-11-29 13:30  winrate=0.667  n_markets_traded=9.000  herfindahl_index_markets=0.148
11:46:14 [super]   #2464  0x6eb7cd8d8ddd454fda43fd9cb98f3134a35ca88e  prob=0.0329 (raw=0.0060)  vol=$100  trades=2  first_trade=2025-11-20 20:31  winrate=0.385  n_markets_traded=13.000  herfindahl_index_markets=0.101
11:46:14 [super]   #2465  0x680a993a8b61130c07341eec2ccf34c9bd9777fd  prob=0.0329 (raw=0.0060)  vol=$499  trades=12  first_trade=2025-12-03 02:07  winrate=0.421  n_markets_traded=19.000  herfindahl_index_markets=0.076
11:46:14 [super]   #2466  0xec981ed70ae69c5cbcac08c1ba063e734f6bafcd  prob=0.0329 (raw=0.0060)  vol=$414  trades=19  first_trade=2025-11-16 08:42  winrate=NaN  n_markets_traded=0.000  herfindahl_index_markets=0.000
11:46:14 [super]   #2467  0xb839f4caa00ae4935214a30bd2e83f7b19c05885  prob=0.0329 (raw=0.0060)  vol=$61  trades=6  first_trade=2025-12-03 16:20  winrate=0.716  n_markets_traded=268.000  herfindahl_index_markets=0.010
11:46:14 [super]   #2468  0x41316dcf93a92c76805ceca6111a806a746b7a55  prob=0.0329 (raw=0.0060)  vol=$6  trades=3  first_trade=2025-12-18 12:00  winrate=0.306  n_markets_traded=62.000  herfindahl_index_markets=0.171
11:46:14 [super]   #2469  0xff9a0179629f98ac803fae69b81b00c7ae5f5d44  prob=0.0329 (raw=0.0060)  vol=$2  trades=2  first_trade=2025-12-11 10:24  winrate=0.286  n_markets_traded=14.000  herfindahl_index_markets=0.173
11:46:14 [super]   #2470  0x016422b186ea9956bcbfd13444108f2f0a803639  prob=0.0329 (raw=0.0060)  vol=$6  trades=5  first_trade=2025-12-01 14:59  winrate=0.589  n_markets_traded=206.000  herfindahl_index_markets=0.018
11:46:14 [super]   #2471  0x3f19cdedccf22df3e42a59d2a746d68d50443aed  prob=0.0329 (raw=0.0060)  vol=$382  trades=6  first_trade=2025-10-24 09:00  winrate=0.645  n_markets_traded=520.000  herfindahl_index_markets=0.005
11:46:14 [super]   #2472  0xb0ceeba399d3c727b944254c7d060a062b2dd575  prob=0.0329 (raw=0.0060)  vol=$22  trades=4  first_trade=2025-12-13 04:19  winrate=0.513  n_markets_traded=267.000  herfindahl_index_markets=0.039
11:46:14 [super]   #2473  0x5f4013b9d21452b73ea2fd4fbaae2c62f4a03428  prob=0.0329 (raw=0.0060)  vol=$23  trades=4  first_trade=2025-12-18 19:11  winrate=0.523  n_markets_traded=149.000  herfindahl_index_markets=0.014
11:46:14 [super]   #2474  0x750d863507afd7c7b77b5f4bae280ace423f566b  prob=0.0329 (raw=0.0060)  vol=$29  trades=7  first_trade=2025-12-10 12:28  winrate=0.567  n_markets_traded=114.000  herfindahl_index_markets=0.020
11:46:14 [super]   #2475  0xfb5a201b15ac235858e69adcc12aa80e50b48008  prob=0.0329 (raw=0.0060)  vol=$13  trades=3  first_trade=2025-12-19 11:12  winrate=0.289  n_markets_traded=43.000  herfindahl_index_markets=0.178
11:46:14 [super]   #2476  0x033dc6e3e3e0a3ae55402576990392ae910aaf05  prob=0.0329 (raw=0.0060)  vol=$885  trades=12  first_trade=2025-12-05 20:36  winrate=NaN  n_markets_traded=0.000  herfindahl_index_markets=0.000
11:46:14 [super]   #2477  0x91fc54f2ae283dd4454b0bf52c8b208dedc20109  prob=0.0329 (raw=0.0060)  vol=$1,829  trades=61  first_trade=2025-11-10 08:46  winrate=NaN  n_markets_traded=0.000  herfindahl_index_markets=0.000
11:46:14 [super]   #2478  0xa9b44dca52ed35e59ac2a6f49d1203b8155464ed  prob=0.0329 (raw=0.0060)  vol=$2,044  trades=2  first_trade=2025-12-19 12:29  winrate=NaN  n_markets_traded=0.000  herfindahl_index_markets=0.000
11:46:14 [super]   #2479  0x5babc1daccfb0e96cc0d187a45ef1feb554c50aa  prob=0.0329 (raw=0.0060)  vol=$2  trades=2  first_trade=2025-12-12 22:08  winrate=0.472  n_markets_traded=162.000  herfindahl_index_markets=0.028
11:46:14 [super]   #2480  0xe732156a2d84cdfb4de831d3f11a22899e49898f  prob=0.0329 (raw=0.0060)  vol=$917  trades=29  first_trade=2025-10-21 20:26  winrate=NaN  n_markets_traded=0.000  herfindahl_index_markets=0.000
11:46:14 [super]   #2481  0x010295719d5e38c9061ed98f7c6f494f446b32af  prob=0.0329 (raw=0.0060)  vol=$13  trades=4  first_trade=2025-10-26 11:46  winrate=0.102  n_markets_traded=361.000  herfindahl_index_markets=0.070
11:46:14 [super]   #2482  0x01d537577f8e48f60787d62c58aa2a7a55d91300  prob=0.0329 (raw=0.0060)  vol=$8  trades=4  first_trade=2025-12-05 23:33  winrate=0.330  n_markets_traded=90.000  herfindahl_index_markets=0.131
11:46:14 [super]   #2483  0x6087d1cf398c22eb2070a266cf371cb0e93153c2  prob=0.0329 (raw=0.0060)  vol=$3,635  trades=13  first_trade=2025-12-16 20:05  winrate=0.509  n_markets_traded=165.000  herfindahl_index_markets=0.097
11:46:14 [super]   #2484  0xf0ed9e68e6cd3ee712260abeaec32de56a7d47d8  prob=0.0329 (raw=0.0060)  vol=$1,149  trades=18  first_trade=2025-12-12 03:05  winrate=NaN  n_markets_traded=0.000  herfindahl_index_markets=0.000
11:46:14 [super]   #2485  0x7a01a7a0b372cdbf9411d83a023a1b82e1be56fd  prob=0.0329 (raw=0.0060)  vol=$67  trades=3  first_trade=2025-12-17 09:35  winrate=0.409  n_markets_traded=44.000  herfindahl_index_markets=0.057
11:46:14 [super]   #2486  0x168b9b7144d54da024f9fde34ef6df579eef0450  prob=0.0329 (raw=0.0060)  vol=$10  trades=2  first_trade=2025-11-10 16:39  winrate=0.351  n_markets_traded=366.000  herfindahl_index_markets=0.047
11:46:14 [super]   #2487  0x79e68071f3782a4ccdadfe49da091d765ee58336  prob=0.0329 (raw=0.0059)  vol=$3  trades=4  first_trade=2025-11-09 04:59  winrate=0.397  n_markets_traded=214.000  herfindahl_index_markets=0.057
11:46:14 [super]   #2488  0xac3adb71bc5628562b1389681f0567e591db6835  prob=0.0329 (raw=0.0059)  vol=$7  trades=2  first_trade=2025-11-09 11:39  winrate=0.510  n_markets_traded=245.000  herfindahl_index_markets=0.106
11:46:14 [super]   #2489  0xcb14f61711d913773f4b982af340fa7eae175358  prob=0.0329 (raw=0.0059)  vol=$141  trades=6  first_trade=2025-10-21 21:48  winrate=NaN  n_markets_traded=0.000  herfindahl_index_markets=0.000
11:46:14 [super]   #2490  0xb5f2389c16c086e3876c5a5f3fbbfcb1e1a06f8f  prob=0.0329 (raw=0.0059)  vol=$4  trades=2  first_trade=2025-11-20 06:53  winrate=0.123  n_markets_traded=57.000  herfindahl_index_markets=0.038
11:46:14 [super]   #2491  0x7253c6ad13c23d35c69f626c34404470103889ed  prob=0.0329 (raw=0.0059)  vol=$1,032  trades=18  first_trade=2025-10-22 16:08  winrate=0.498  n_markets_traded=218.000  herfindahl_index_markets=0.029
11:46:14 [super]   #2492  0x43f446a3490c462130ccd05402279d76c01b0ce1  prob=0.0329 (raw=0.0059)  vol=$59  trades=3  first_trade=2025-12-04 03:50  winrate=0.421  n_markets_traded=95.000  herfindahl_index_markets=0.072
11:46:14 [super]   #2493  0xedf481e2c64afc33c959e42a3cec2135a82b00fb  prob=0.0329 (raw=0.0059)  vol=$11  trades=4  first_trade=2025-12-18 04:20  winrate=0.260  n_markets_traded=204.000  herfindahl_index_markets=0.044
11:46:14 [super]   #2494  0x5cd5c8d7a17c78d7389d8b87b611aed83322ac33  prob=0.0329 (raw=0.0059)  vol=$2,869  trades=16  first_trade=2025-12-08 03:08  winrate=NaN  n_markets_traded=0.000  herfindahl_index_markets=0.000
11:46:14 [super]   #2495  0xbf736bb7a16257394cac27f01298b3996c8e0436  prob=0.0329 (raw=0.0059)  vol=$248  trades=6  first_trade=2025-11-14 01:30  winrate=NaN  n_markets_traded=0.000  herfindahl_index_markets=0.000
11:46:14 [super]   #2496  0x816ff6b6823770a6458535d196c16999875bacbc  prob=0.0329 (raw=0.0059)  vol=$2,170  trades=10  first_trade=2025-12-03 07:35  winrate=0.105  n_markets_traded=19.000  herfindahl_index_markets=0.150
11:46:14 [super]   #2497  0x6df6e2a9ba1e8d7609daada0a83138817f4a8458  prob=0.0329 (raw=0.0059)  vol=$22,458  trades=187  first_trade=2025-11-03 19:05  winrate=NaN  n_markets_traded=0.000  herfindahl_index_markets=0.000
11:46:14 [super]   #2498  0x9d3e7d418a62433481d7d708a96e3476d8a25d02  prob=0.0329 (raw=0.0059)  vol=$26  trades=5  first_trade=2025-12-06 00:08  winrate=0.223  n_markets_traded=112.000  herfindahl_index_markets=0.018
11:46:14 [super]   #2499  0x09dfd39ee5164e47e2a561634c8317fd7ec35ca9  prob=0.0329 (raw=0.0059)  vol=$1,240  trades=2  first_trade=2025-11-06 08:35  winrate=0.557  n_markets_traded=232.000  herfindahl_index_markets=0.010
11:46:14 [super]   #2500  0xe5f1f20aa3e6d25023e72d6ca694d9e950fc81cf  prob=0.0329 (raw=0.0059)  vol=$108  trades=5  first_trade=2025-12-15 04:08  winrate=0.467  n_markets_traded=60.000  herfindahl_index_markets=0.056
11:46:14 [super]   #2501  0x343c3d92ef6b775b5feea0d1d236e9665ed5608a  prob=0.0329 (raw=0.0059)  vol=$18  trades=2  first_trade=2025-12-13 08:43  winrate=0.552  n_markets_traded=29.000  herfindahl_index_markets=0.086
11:46:14 [super]   #2502  0x36edf4d48d3fdf4b59bb549be42843f3349c4a93  prob=0.0329 (raw=0.0059)  vol=$122  trades=4  first_trade=2025-12-18 20:32  winrate=0.443  n_markets_traded=87.000  herfindahl_index_markets=0.038
11:46:14 [super]   #2503  0xcf36c5d5d07366f2f3abf7d1dfecf437c6f694e8  prob=0.0329 (raw=0.0059)  vol=$130  trades=8  first_trade=2025-12-13 06:10  winrate=0.535  n_markets_traded=868.000  herfindahl_index_markets=0.011
11:46:14 [super]   #2504  0xfbe8f22d36fe192325af2a47293684a4f27fdada  prob=0.0329 (raw=0.0059)  vol=$6  trades=4  first_trade=2025-10-08 23:51  winrate=0.547  n_markets_traded=86.000  herfindahl_index_markets=0.025
11:46:14 [super]   #2505  0xa8ae2fb989de545c42c376d61ec887868ca57f3e  prob=0.0329 (raw=0.0059)  vol=$119  trades=7  first_trade=2025-11-01 16:22  winrate=NaN  n_markets_traded=0.000  herfindahl_index_markets=0.000
11:46:14 [super]   #2506  0x2b385a97846df6ecfa4e31f81066c118e49d5ea8  prob=0.0329 (raw=0.0059)  vol=$133  trades=5  first_trade=2025-10-25 21:29  winrate=0.452  n_markets_traded=42.000  herfindahl_index_markets=0.113
11:46:14 [super]   #2507  0xa6defe8935edff7c8592f664246c10453e4a9ee7  prob=0.0329 (raw=0.0058)  vol=$20  trades=4  first_trade=2025-12-18 13:15  winrate=0.029  n_markets_traded=35.000  herfindahl_index_markets=0.103
11:46:14 [super]   #2508  0xad6fc1ecfb3f1abed8936091d97a85dcf2cf0244  prob=0.0329 (raw=0.0058)  vol=$46  trades=10  first_trade=2025-11-17 22:10  winrate=0.447  n_markets_traded=38.000  herfindahl_index_markets=0.054
11:46:14 [super]   #2509  0x7e55909032f96f83814b84254e3b5ae6968097e7  prob=0.0329 (raw=0.0058)  vol=$97  trades=2  first_trade=2025-11-20 23:08  winrate=0.473  n_markets_traded=55.000  herfindahl_index_markets=0.074
11:46:14 [super]   #2510  0x0562e01b3c3e65bb93bf0de32f02cec238a79d66  prob=0.0329 (raw=0.0058)  vol=$967  trades=5  first_trade=2025-12-05 23:47  winrate=NaN  n_markets_traded=0.000  herfindahl_index_markets=0.000
11:46:14 [super]   #2511  0xd2aefe830ebe42d817a65c7b2bccab0ec362f36b  prob=0.0329 (raw=0.0058)  vol=$384  trades=44  first_trade=2025-11-10 08:46  winrate=NaN  n_markets_traded=0.000  herfindahl_index_markets=0.000
11:46:14 [super]   #2512  0x208728a6cb306d65a7e4d3c06957bf79d6ad364c  prob=0.0329 (raw=0.0058)  vol=$24  trades=3  first_trade=2025-11-11 15:12  winrate=0.420  n_markets_traded=81.000  herfindahl_index_markets=0.051
11:46:14 [super]   #2513  0x011bed81b48056b2761f3576e9a5f0b229a1e44d  prob=0.0329 (raw=0.0058)  vol=$15,916  trades=104  first_trade=2025-12-12 14:43  winrate=NaN  n_markets_traded=0.000  herfindahl_index_markets=0.000
11:46:14 [super]   #2514  0x23cb796cf58bfa12352f0164f479deedbd50658e  prob=0.0329 (raw=0.0058)  vol=$15  trades=2  first_trade=2025-10-09 11:08  winrate=NaN  n_markets_traded=0.000  herfindahl_index_markets=0.000
11:46:14 [super]   #2515  0xc436e72070fffd94efe821550ae0192c6d0b76c9  prob=0.0328 (raw=0.0058)  vol=$24  trades=3  first_trade=2025-12-04 13:37  winrate=0.494  n_markets_traded=233.000  herfindahl_index_markets=0.010
11:46:14 [super]   #2516  0x644b6e48414e55628e29449ef6f9d6df26dd2145  prob=0.0328 (raw=0.0058)  vol=$1,013  trades=5  first_trade=2025-11-21 08:08  winrate=0.423  n_markets_traded=314.000  herfindahl_index_markets=0.007
11:46:14 [super]   #2517  0x0e0263cb4cbacfa6033dd3f682652dc3bb74b1c5  prob=0.0328 (raw=0.0058)  vol=$5,229  trades=26  first_trade=2025-12-19 03:56  winrate=0.402  n_markets_traded=102.000  herfindahl_index_markets=0.026
11:46:14 [super]   #2518  0xf30f0f604839aec2a4c3b1c9ba87da897a54a161  prob=0.0328 (raw=0.0058)  vol=$124  trades=3  first_trade=2025-12-09 03:53  winrate=0.275  n_markets_traded=40.000  herfindahl_index_markets=0.070
11:46:14 [super]   #2519  0xb203804d48e27f3e9fbd295bb77a60621b5e8e45  prob=0.0328 (raw=0.0058)  vol=$392  trades=6  first_trade=2025-12-12 16:05  winrate=0.490  n_markets_traded=142.000  herfindahl_index_markets=0.032
11:46:14 [super]   #2520  0x3a5a19da3731d31c6cfa71449794f8f25b703427  prob=0.0328 (raw=0.0058)  vol=$66  trades=3  first_trade=2025-11-19 18:55  winrate=NaN  n_markets_traded=0.000  herfindahl_index_markets=0.000
11:46:14 [super]   #2521  0xba511770f46926c3df34377e9936b884bae37bb1  prob=0.0328 (raw=0.0058)  vol=$4  trades=4  first_trade=2025-11-07 18:42  winrate=0.100  n_markets_traded=20.000  herfindahl_index_markets=0.082
11:46:14 [super]   #2522  0x9b5dc8793a43f26295a0c8eec3e58b041989fbb6  prob=0.0328 (raw=0.0058)  vol=$12  trades=2  first_trade=2025-12-08 23:13  winrate=NaN  n_markets_traded=0.000  herfindahl_index_markets=0.000
11:46:14 [super]   #2523  0x542580850825626ae10fbeeaa95467fd7dc08b3a  prob=0.0328 (raw=0.0058)  vol=$33  trades=5  first_trade=2025-12-18 02:23  winrate=NaN  n_markets_traded=0.000  herfindahl_index_markets=0.000
11:46:14 [super]   #2524  0xdf3bb0a5e30d9d141acd9030b946909444bb38db  prob=0.0328 (raw=0.0057)  vol=$182  trades=3  first_trade=2025-11-11 13:14  winrate=0.485  n_markets_traded=287.000  herfindahl_index_markets=0.010
11:46:14 [super]   #2525  0xac2a1f87d8328140182d4594ae9e4597cda71b4b  prob=0.0328 (raw=0.0057)  vol=$25  trades=4  first_trade=2025-12-11 13:44  winrate=0.412  n_markets_traded=384.000  herfindahl_index_markets=0.003
11:46:14 [super]   #2526  0x669d24dbc327e954a19ccd81b5fee2d5ec9e19b0  prob=0.0328 (raw=0.0057)  vol=$75  trades=5  first_trade=2025-12-01 22:54  winrate=0.388  n_markets_traded=97.000  herfindahl_index_markets=0.053
11:46:14 [super]   #2527  0xd6e2765ee3972962ed636ebc405a5f50dc5ae42a  prob=0.0328 (raw=0.0057)  vol=$55  trades=1  first_trade=2025-11-24 05:00  winrate=0.478  n_markets_traded=110.000  herfindahl_index_markets=0.038
11:46:14 [super]   #2528  0xbb486426b997b3634983d9d6966e6542396b19b3  prob=0.0328 (raw=0.0057)  vol=$97  trades=4  first_trade=2025-11-20 06:53  winrate=0.414  n_markets_traded=227.000  herfindahl_index_markets=0.012
11:46:14 [super]   #2529  0x51237d8f302310ac8d0153ea7166cc4c9c9695de  prob=0.0328 (raw=0.0057)  vol=$10  trades=2  first_trade=2025-12-01 21:35  winrate=0.424  n_markets_traded=33.000  herfindahl_index_markets=0.050
11:46:14 [super]   #2530  0xcb8db1634109b105ce295d202e91c26fe8a470fe  prob=0.0328 (raw=0.0057)  vol=$52  trades=2  first_trade=2025-11-29 15:12  winrate=0.471  n_markets_traded=170.000  herfindahl_index_markets=0.060
11:46:14 [super]   #2531  0x3ce8025932288159930608b096821a952249b14b  prob=0.0328 (raw=0.0057)  vol=$172  trades=2  first_trade=2025-11-21 08:50  winrate=0.463  n_markets_traded=319.000  herfindahl_index_markets=0.018
11:46:14 [super]   #2532  0xb557dc93416e066a090e504fe9691bffad0def84  prob=0.0328 (raw=0.0057)  vol=$18  trades=4  first_trade=2025-10-22 19:09  winrate=0.419  n_markets_traded=246.000  herfindahl_index_markets=0.014
11:46:14 [super]   #2533  0x147ee44cf81c5f4fcff345d77b9b2e20d03359da  prob=0.0328 (raw=0.0057)  vol=$13  trades=4  first_trade=2025-12-08 15:04  winrate=0.459  n_markets_traded=206.000  herfindahl_index_markets=0.019
11:46:14 [super]   #2534  0x95888938131cfb0cac04b9f00a6d45fa8b2dd801  prob=0.0328 (raw=0.0057)  vol=$3,430  trades=35  first_trade=2025-12-19 02:59  winrate=0.111  n_markets_traded=45.000  herfindahl_index_markets=0.078
11:46:14 [super]   #2535  0xc2a37f1eb84fcc156c8aece9105dc1a73a36c3a6  prob=0.0328 (raw=0.0057)  vol=$293  trades=7  first_trade=2025-10-21 23:27  winrate=NaN  n_markets_traded=0.000  herfindahl_index_markets=0.000
11:46:14 [super]   #2536  0x8a4c2715e56ac2bb58f8a6851d29f2479fb648ae  prob=0.0328 (raw=0.0057)  vol=$3,735  trades=42  first_trade=2025-12-18 04:55  winrate=0.290  n_markets_traded=31.000  herfindahl_index_markets=0.099
11:46:14 [super]   #2537  0x62382a696ff02a618d8e143d4f0067ad02ce57c8  prob=0.0328 (raw=0.0057)  vol=$81  trades=2  first_trade=2025-11-09 00:36  winrate=0.428  n_markets_traded=689.000  herfindahl_index_markets=0.003
11:46:14 [super]   #2538  0x87c1d14f27e79c648ab0976af8d1b298db28d49b  prob=0.0328 (raw=0.0057)  vol=$23  trades=4  first_trade=2025-10-16 07:37  winrate=0.148  n_markets_traded=53.000  herfindahl_index_markets=0.037
11:46:14 [super]   #2539  0x58c70a499097f3f2dfaabbc9c84ac63ae7ae23d1  prob=0.0328 (raw=0.0057)  vol=$17  trades=5  first_trade=2025-11-10 04:15  winrate=0.161  n_markets_traded=149.000  herfindahl_index_markets=0.107
11:46:14 [super]   #2540  0xdc32164de03fa8842b90667ee2d982d03b403290  prob=0.0328 (raw=0.0057)  vol=$981  trades=20  first_trade=2025-12-13 18:55  winrate=0.390  n_markets_traded=77.000  herfindahl_index_markets=0.041
11:46:14 [super]   #2541  0x9285e18378e7c9c12bb6b21e281d5c9f35025aac  prob=0.0328 (raw=0.0057)  vol=$10  trades=2  first_trade=2025-12-19 13:10  winrate=0.353  n_markets_traded=34.000  herfindahl_index_markets=0.081
11:46:14 [super]   #2542  0x648c9f843818003c5e9f575b818c0503f63109c6  prob=0.0328 (raw=0.0057)  vol=$175  trades=7  first_trade=2025-12-12 20:55  winrate=0.365  n_markets_traded=195.000  herfindahl_index_markets=0.033
11:46:14 [super]   #2543  0x5f4080f9355764b32736f82d43e7f131aaf26e9e  prob=0.0328 (raw=0.0057)  vol=$42  trades=12  first_trade=2025-12-04 20:27  winrate=NaN  n_markets_traded=0.000  herfindahl_index_markets=0.000
11:46:14 [super]   #2544  0xad47f4a9f43390a559bcb56e3017e2a787cfc2fb  prob=0.0328 (raw=0.0057)  vol=$9  trades=2  first_trade=2025-12-17 03:58  winrate=0.377  n_markets_traded=114.000  herfindahl_index_markets=0.148
11:46:14 [super]   #2545  0x99f1762e483d9dec8de3e49982e1361c99651ebd  prob=0.0328 (raw=0.0057)  vol=$30  trades=7  first_trade=2025-11-03 17:28  winrate=0.441  n_markets_traded=210.000  herfindahl_index_markets=0.014
11:46:14 [super]   #2546  0x330278eb937dbe7c6db7ac01346fd9e920ee79c0  prob=0.0328 (raw=0.0057)  vol=$221  trades=4  first_trade=2025-12-19 00:56  winrate=NaN  n_markets_traded=0.000  herfindahl_index_markets=0.000
11:46:14 [super]   #2547  0x53a866dd0a198cc72eaffa0cd5b280e5fa3e4b54  prob=0.0328 (raw=0.0056)  vol=$3  trades=4  first_trade=2025-10-23 14:28  winrate=0.300  n_markets_traded=70.000  herfindahl_index_markets=0.037
11:46:14 [super]   #2548  0xb10047d6a254b2ebb306d7a7d13bf59171ab6461  prob=0.0328 (raw=0.0056)  vol=$12,584  trades=69  first_trade=2025-12-02 23:48  winrate=NaN  n_markets_traded=0.000  herfindahl_index_markets=0.000
11:46:14 [super]   #2549  0x0a7aaf83341b52df34e8ffef52aa295538d6df1b  prob=0.0328 (raw=0.0056)  vol=$37  trades=8  first_trade=2025-12-19 00:56  winrate=NaN  n_markets_traded=0.000  herfindahl_index_markets=0.000
11:46:14 [super]   #2550  0x329c82e9936e8870d1c5d8a7d67f870927b0578d  prob=0.0328 (raw=0.0056)  vol=$50  trades=5  first_trade=2025-12-03 20:23  winrate=0.453  n_markets_traded=137.000  herfindahl_index_markets=0.036
11:46:14 [super]   #2551  0x4d230bc7dc296bbdff2346cde3551dc00e94861c  prob=0.0328 (raw=0.0056)  vol=$10  trades=2  first_trade=2025-12-12 20:39  winrate=0.411  n_markets_traded=90.000  herfindahl_index_markets=0.049
11:46:14 [super]   #2552  0x19400a3a4530b9ecefe71c94ad4d012feab900a4  prob=0.0328 (raw=0.0056)  vol=$48  trades=3  first_trade=2025-12-10 20:18  winrate=0.408  n_markets_traded=76.000  herfindahl_index_markets=0.020
11:46:14 [super]   #2553  0xd7a66909fae563c99b3d7b9e6f5618a118cf8e49  prob=0.0328 (raw=0.0056)  vol=$45  trades=2  first_trade=2025-12-10 04:51  winrate=0.416  n_markets_traded=226.000  herfindahl_index_markets=0.012
11:46:14 [super]   #2554  0xc3eb831e2263d5e0b20521449e5e379ac4796f4f  prob=0.0328 (raw=0.0056)  vol=$6  trades=2  first_trade=2025-12-13 12:15  winrate=0.434  n_markets_traded=219.000  herfindahl_index_markets=0.023
11:46:14 [super]   #2555  0xb7602567778a1300d22a4134f1899118acb51df2  prob=0.0328 (raw=0.0056)  vol=$19  trades=5  first_trade=2025-12-09 17:28  winrate=0.407  n_markets_traded=167.000  herfindahl_index_markets=0.037
11:46:14 [super]   #2556  0x7141bb52bee4b988261cbbc553b783b1ccb8de63  prob=0.0328 (raw=0.0056)  vol=$87  trades=3  first_trade=2025-12-18 19:59  winrate=0.464  n_markets_traded=499.000  herfindahl_index_markets=0.014
11:46:14 [super]   #2557  0xe6d843435c9627d8243ec0582f0dc86f2a2f3484  prob=0.0328 (raw=0.0056)  vol=$500  trades=2  first_trade=2025-12-18 19:27  winrate=0.436  n_markets_traded=139.000  herfindahl_index_markets=0.026
11:46:14 [super]   #2558  0xdad794e62187ad21079ab53f7be35f0b8c956838  prob=0.0328 (raw=0.0056)  vol=$2  trades=2  first_trade=2025-12-03 18:05  winrate=0.378  n_markets_traded=45.000  herfindahl_index_markets=0.094
11:46:14 [super]   #2559  0xf33f0dfe73e3d1b3d0453e2a02c5d19100d3085c  prob=0.0328 (raw=0.0056)  vol=$147  trades=3  first_trade=2025-12-06 18:59  winrate=NaN  n_markets_traded=0.000  herfindahl_index_markets=0.000
11:46:14 [super]   #2560  0x4ee2e481b0ea1bfc746d894edfec87494d690b0f  prob=0.0328 (raw=0.0056)  vol=$52  trades=8  first_trade=2025-12-14 22:26  winrate=0.776  n_markets_traded=170.000  herfindahl_index_markets=0.039
11:46:14 [super]   #2561  0xf7f50fb554d1f4cdca763d4bab30612de4bc2587  prob=0.0328 (raw=0.0056)  vol=$2,859  trades=9  first_trade=2025-12-17 09:07  winrate=0.429  n_markets_traded=14.000  herfindahl_index_markets=0.119
11:46:14 [super]   #2562  0x4dc46c9844266a4331556a3e5357da37b036306f  prob=0.0328 (raw=0.0056)  vol=$184  trades=6  first_trade=2025-12-18 19:22  winrate=0.390  n_markets_traded=330.000  herfindahl_index_markets=0.008
11:46:14 [super]   #2563  0xe6b72c509b8707581f7cbd3fe17f951193986acf  prob=0.0328 (raw=0.0056)  vol=$2  trades=2  first_trade=2025-12-18 23:01  winrate=0.490  n_markets_traded=195.000  herfindahl_index_markets=0.019
11:46:14 [super]   #2564  0x433a7562c0985f994ca444140dc8891a0ef871e7  prob=0.0328 (raw=0.0056)  vol=$59  trades=1  first_trade=2025-12-02 15:23  winrate=0.402  n_markets_traded=122.000  herfindahl_index_markets=0.050
11:46:14 [super]   #2565  0x43c86ab1d42f32f9e16000adf2ce386de9564b19  prob=0.0328 (raw=0.0056)  vol=$9  trades=2  first_trade=2025-12-19 14:51  winrate=0.364  n_markets_traded=33.000  herfindahl_index_markets=0.051
11:46:14 [super]   #2566  0xaffb877e2fdd959c5a928f727e924ed457a29801  prob=0.0328 (raw=0.0056)  vol=$924  trades=11  first_trade=2025-12-19 09:09  winrate=NaN  n_markets_traded=0.000  herfindahl_index_markets=0.000
11:46:14 [super]   #2567  0xc483ee2ce773ae281131382ecc6285c968b88ac8  prob=0.0328 (raw=0.0056)  vol=$371  trades=14  first_trade=2025-12-16 02:01  winrate=0.410  n_markets_traded=136.000  herfindahl_index_markets=0.033
11:46:14 [super]   #2568  0xa8995e41496a71d91a2974fe6bdb4a115e68f68d  prob=0.0328 (raw=0.0056)  vol=$479  trades=22  first_trade=2025-12-10 02:26  winrate=0.473  n_markets_traded=224.000  herfindahl_index_markets=0.019
11:46:14 [super]   #2569  0x18627f369366c864078bf8383574128a6c259f15  prob=0.0328 (raw=0.0056)  vol=$153  trades=7  first_trade=2025-11-11 20:59  winrate=0.394  n_markets_traded=142.000  herfindahl_index_markets=0.033
11:46:14 [super]   #2570  0x0dd8b7968df326b8b712e6e2b136fabfa4b4673b  prob=0.0328 (raw=0.0055)  vol=$155  trades=4  first_trade=2025-11-09 17:32  winrate=0.429  n_markets_traded=35.000  herfindahl_index_markets=0.072
11:46:14 [super]   #2571  0x755d29a2e6b543d9463aca57d4d47f50c60b6acc  prob=0.0328 (raw=0.0055)  vol=$90  trades=7  first_trade=2025-12-15 18:21  winrate=NaN  n_markets_traded=0.000  herfindahl_index_markets=0.000
11:46:14 [super]   #2572  0x355e5ae20cc1a3a2164f818e4bac8d22dd72a038  prob=0.0328 (raw=0.0055)  vol=$273  trades=11  first_trade=2025-11-03 16:03  winrate=NaN  n_markets_traded=0.000  herfindahl_index_markets=0.000
11:46:14 [super]   #2573  0x0857b070886eaf579262ca996dd028624ef15bed  prob=0.0328 (raw=0.0055)  vol=$20  trades=2  first_trade=2025-12-15 22:17  winrate=0.429  n_markets_traded=35.000  herfindahl_index_markets=0.042
11:46:14 [super]   #2574  0x49ad32724b91fc3ec9da797747400f8ddb65dbf7  prob=0.0328 (raw=0.0055)  vol=$25  trades=3  first_trade=2025-12-18 14:11  winrate=0.473  n_markets_traded=169.000  herfindahl_index_markets=0.023
11:46:14 [super]   #2575  0xb155b66fa7d63d1e4098ba96af718c5d7279f0cf  prob=0.0328 (raw=0.0055)  vol=$8  trades=4  first_trade=2025-12-12 14:31  winrate=0.400  n_markets_traded=108.000  herfindahl_index_markets=0.055
11:46:14 [super]   #2576  0xf98de4a460021df602fb79741dd551fe6304fa32  prob=0.0328 (raw=0.0055)  vol=$172  trades=4  first_trade=2025-12-14 14:33  winrate=0.487  n_markets_traded=113.000  herfindahl_index_markets=0.018
11:46:14 [super]   #2577  0xdda324ae44f9605aaacf217494691804ab44d55f  prob=0.0328 (raw=0.0055)  vol=$357  trades=10  first_trade=2025-10-22 18:42  winrate=NaN  n_markets_traded=0.000  herfindahl_index_markets=0.000
11:46:14 [super]   #2578  0xadcb26ace417637439000620fc267bc0cef54b08  prob=0.0328 (raw=0.0055)  vol=$64  trades=3  first_trade=2025-12-09 20:24  winrate=0.419  n_markets_traded=74.000  herfindahl_index_markets=0.043
11:46:14 [super]   #2579  0x7c3db723f1d4d8cb9c550095203b686cb11e5c6b  prob=0.0328 (raw=0.0055)  vol=$10,339  trades=16  first_trade=2025-12-19 02:44  winrate=NaN  n_markets_traded=0.000  herfindahl_index_markets=0.000
11:46:14 [super]   #2580  0x3562ecdd1105812098ec5cd001fa2370cca0539e  prob=0.0328 (raw=0.0055)  vol=$11  trades=3  first_trade=2025-12-05 16:43  winrate=0.406  n_markets_traded=217.000  herfindahl_index_markets=0.037
11:46:14 [super]   #2581  0x18a1f8014d79a9eadc703b102663906c440a83e6  prob=0.0328 (raw=0.0055)  vol=$12  trades=10  first_trade=2025-12-05 13:19  winrate=0.103  n_markets_traded=39.000  herfindahl_index_markets=0.040
11:46:14 [super]   #2582  0xa8c63f775ddbbe66b56614191747def3021444e8  prob=0.0328 (raw=0.0055)  vol=$527  trades=17  first_trade=2025-12-17 11:27  winrate=NaN  n_markets_traded=0.000  herfindahl_index_markets=0.000
11:46:14 [super]   #2583  0x58cad5c4898bf27af69a697fa5e3c58e59249de3  prob=0.0328 (raw=0.0055)  vol=$23  trades=5  first_trade=2025-12-19 07:41  winrate=0.116  n_markets_traded=95.000  herfindahl_index_markets=0.063
11:46:14 [super]   #2584  0x0224bb9eb0a5c9fd261ac9123a72cbdd5748292a  prob=0.0328 (raw=0.0055)  vol=$27,609  trades=4  first_trade=2025-12-19 13:19  winrate=NaN  n_markets_traded=0.000  herfindahl_index_markets=0.000
11:46:14 [super]   #2585  0x05859e6daa126eee8b26884098bb1c97483ed4d4  prob=0.0328 (raw=0.0055)  vol=$8  trades=2  first_trade=2025-12-12 11:55  winrate=0.391  n_markets_traded=23.000  herfindahl_index_markets=0.106
11:46:14 [super]   #2586  0x4b7410aefbf0f38012b0dfb1131a4de147a9e8d7  prob=0.0328 (raw=0.0055)  vol=$375  trades=6  first_trade=2025-12-19 04:50  winrate=NaN  n_markets_traded=0.000  herfindahl_index_markets=0.000
11:46:14 [super]   #2587  0x2892ea81ccc646db98819a1c7ac03c56227d71dd  prob=0.0328 (raw=0.0054)  vol=$1,008  trades=39  first_trade=2025-11-03 02:48  winrate=NaN  n_markets_traded=0.000  herfindahl_index_markets=0.000
11:46:14 [super]   #2588  0xe1880096e270dead9411ab2cf49d3b33e6ffc1d0  prob=0.0328 (raw=0.0054)  vol=$189  trades=7  first_trade=2025-12-18 05:34  winrate=0.221  n_markets_traded=66.000  herfindahl_index_markets=0.082
11:46:14 [super]   #2589  0x1b0e979539ce6772baba309b69dbe3fdc36af132  prob=0.0328 (raw=0.0054)  vol=$5  trades=4  first_trade=2025-12-13 09:07  winrate=NaN  n_markets_traded=0.000  herfindahl_index_markets=0.000
11:46:14 [super]   #2590  0x050c662d5b5439a5c0a3bfae243ae33669ebd7ce  prob=0.0328 (raw=0.0054)  vol=$1  trades=1  first_trade=2025-12-19 12:27  winrate=0.425  n_markets_traded=86.000  herfindahl_index_markets=0.120
11:46:14 [super]   #2591  0x421bf8e567f99bb544f317f38fe71719dbb6ac12  prob=0.0328 (raw=0.0054)  vol=$93,231  trades=9  first_trade=2025-12-19 13:20  winrate=NaN  n_markets_traded=0.000  herfindahl_index_markets=0.000
11:46:14 [super]   #2592  0x90f7180856b033ea45200d892a7bc49fd1662501  prob=0.0328 (raw=0.0054)  vol=$47  trades=4  first_trade=2025-12-06 16:52  winrate=NaN  n_markets_traded=0.000  herfindahl_index_markets=0.000
11:46:14 [super]   #2593  0x75cbe506ceec7bb80331954e9a47212ea62f1556  prob=0.0328 (raw=0.0054)  vol=$0  trades=1  first_trade=2025-12-19 13:07  winrate=NaN  n_markets_traded=0.000  herfindahl_index_markets=0.000
11:46:14 [super]   #2594  0x264251aee3feaf494f0e8760c3c8c2ffcbd9c8ae  prob=0.0328 (raw=0.0054)  vol=$4  trades=4  first_trade=2025-11-28 16:54  winrate=0.242  n_markets_traded=33.000  herfindahl_index_markets=0.033
11:46:14 [super]   #2595  0x25e691c2d5ce3cd5d57eda8fda35ee570b738454  prob=0.0328 (raw=0.0054)  vol=$534  trades=10  first_trade=2025-12-06 21:30  winrate=NaN  n_markets_traded=0.000  herfindahl_index_markets=0.000
11:46:14 [super]   #2596  0xb1fea3922a1998248cf2ae51f740b9be2bb7423a  prob=0.0328 (raw=0.0054)  vol=$1,310  trades=29  first_trade=2025-11-25 16:09  winrate=NaN  n_markets_traded=0.000  herfindahl_index_markets=0.000
11:46:14 [super]   #2597  0x3fec6926255ec2eec1b4c8bdf4e4bad34025728e  prob=0.0328 (raw=0.0054)  vol=$417  trades=5  first_trade=2025-12-06 21:27  winrate=NaN  n_markets_traded=0.000  herfindahl_index_markets=0.000
11:46:14 [super]   #2598  0x0ad7f3411bc87f0b5362155e638f04ef05700971  prob=0.0328 (raw=0.0054)  vol=$11  trades=35  first_trade=2025-12-13 08:12  winrate=NaN  n_markets_traded=0.000  herfindahl_index_markets=0.000
11:46:14 [super]   #2599  0x0edd64428bee21915503a6275bb3da169ed12065  prob=0.0328 (raw=0.0054)  vol=$60  trades=2  first_trade=2025-11-21 01:50  winrate=0.360  n_markets_traded=25.000  herfindahl_index_markets=0.111
11:46:14 [super]   #2600  0xc974c6ab4032e89aef89bf2489709905ef41eb16  prob=0.0328 (raw=0.0054)  vol=$6,537  trades=8  first_trade=2025-12-19 12:46  winrate=NaN  n_markets_traded=0.000  herfindahl_index_markets=0.000
11:46:14 [super]   #2601  0x4ca251a41bb524ec1d75c385e8a05ebc4300caf9  prob=0.0328 (raw=0.0054)  vol=$7  trades=6  first_trade=2025-12-10 23:07  winrate=0.412  n_markets_traded=17.000  herfindahl_index_markets=0.121
11:46:14 [super]   #2602  0x99f92103d0a2b877bd0c7ec8ac9e03e9295d895c  prob=0.0328 (raw=0.0054)  vol=$12  trades=3  first_trade=2025-12-10 00:11  winrate=0.333  n_markets_traded=15.000  herfindahl_index_markets=0.080
11:46:14 [super]   #2603  0x56db4e9073b3f0357da687645235426deccd171c  prob=0.0328 (raw=0.0054)  vol=$9  trades=7  first_trade=2025-12-18 06:04  winrate=0.286  n_markets_traded=156.000  herfindahl_index_markets=0.031
11:46:14 [super]   #2604  0x635d4ea180ca206cb2ae9c02bfbe93583b195025  prob=0.0328 (raw=0.0054)  vol=$120  trades=8  first_trade=2025-11-10 01:18  winrate=NaN  n_markets_traded=0.000  herfindahl_index_markets=0.000
11:46:14 [super]   #2605  0x38648e346616b05593c0735c7a0591b5f9ad23e1  prob=0.0328 (raw=0.0054)  vol=$64  trades=5  first_trade=2025-12-06 19:06  winrate=0.183  n_markets_traded=60.000  herfindahl_index_markets=0.148
11:46:14 [super]   #2606  0x50ed8ac4d8421b085917f846dd88f2e06791cbbe  prob=0.0328 (raw=0.0053)  vol=$196  trades=3  first_trade=2025-12-03 04:25  winrate=0.308  n_markets_traded=13.000  herfindahl_index_markets=0.110
11:46:14 [super]   #2607  0x44b39050013913ac3b442fa3df29e580721ade01  prob=0.0328 (raw=0.0053)  vol=$435  trades=3  first_trade=2025-12-18 20:05  winrate=0.372  n_markets_traded=78.000  herfindahl_index_markets=0.060
11:46:14 [super]   #2608  0xc6dd722558dbfbd8fa780efcbe819ed8c6604b9f  prob=0.0328 (raw=0.0053)  vol=$3,050  trades=8  first_trade=2025-12-19 12:27  winrate=NaN  n_markets_traded=0.000  herfindahl_index_markets=0.000
11:46:14 [super]   #2609  0x35c0732e069faea97c11aa9cab045562eaab81d6  prob=0.0328 (raw=0.0053)  vol=$1  trades=1  first_trade=2025-12-19 13:07  winrate=NaN  n_markets_traded=0.000  herfindahl_index_markets=0.000
11:46:14 [super]   #2610  0xf8b720c031833a879ffe538c7e040fad542114de  prob=0.0328 (raw=0.0053)  vol=$0  trades=1  first_trade=2025-12-19 13:07  winrate=NaN  n_markets_traded=0.000  herfindahl_index_markets=0.000
11:46:14 [super]   #2611  0x388e27b4086e9a38e561165e613614dbab332078  prob=0.0328 (raw=0.0053)  vol=$212  trades=15  first_trade=2025-11-04 01:01  winrate=NaN  n_markets_traded=0.000  herfindahl_index_markets=0.000
11:46:14 [super]   #2612  0x2189ead2174bb4655458494822b2cbc56c3a04b7  prob=0.0328 (raw=0.0053)  vol=$6  trades=2  first_trade=2025-12-01 23:46  winrate=0.353  n_markets_traded=215.000  herfindahl_index_markets=0.014
11:46:14 [super]   #2613  0xa3b47a99eea7f4606e8baf0bc768bb1f401e2a97  prob=0.0328 (raw=0.0053)  vol=$260  trades=12  first_trade=2025-11-10 05:56  winrate=NaN  n_markets_traded=0.000  herfindahl_index_markets=0.000
11:46:14 [super]   #2614  0x1c3675adbd7ce6e809d417dcf7e602aa9791ff2d  prob=0.0328 (raw=0.0053)  vol=$41  trades=11  first_trade=2025-12-13 09:59  winrate=0.170  n_markets_traded=47.000  herfindahl_index_markets=0.083
11:46:14 [super]   #2615  0x465a35c281148a2f7af8b92d2a1f4da03742ca63  prob=0.0328 (raw=0.0053)  vol=$2,400  trades=3  first_trade=2025-12-19 13:19  winrate=NaN  n_markets_traded=0.000  herfindahl_index_markets=0.000
11:46:14 [super]   #2616  0xfa394a598dbf573202a8286b45f512c7a383977f  prob=0.0328 (raw=0.0053)  vol=$166  trades=7  first_trade=2025-12-13 08:12  winrate=NaN  n_markets_traded=0.000  herfindahl_index_markets=0.000
11:46:14 [super]   #2617  0xe9b42acb8cf9b3ce94d70c7400acabcbb942f03a  prob=0.0328 (raw=0.0053)  vol=$0  trades=1  first_trade=2025-12-19 13:07  winrate=NaN  n_markets_traded=0.000  herfindahl_index_markets=0.000
11:46:14 [super]   #2618  0x0d97edb73c53b19d61614d41f6c7779bc9e69498  prob=0.0328 (raw=0.0053)  vol=$318  trades=11  first_trade=2025-11-25 21:35  winrate=0.196  n_markets_traded=56.000  herfindahl_index_markets=0.041
11:46:14 [super]   #2619  0xda641d4ff3a5ea3c8b5265db8701622a68998903  prob=0.0328 (raw=0.0053)  vol=$4  trades=4  first_trade=2025-10-15 20:34  winrate=0.314  n_markets_traded=35.000  herfindahl_index_markets=0.045
11:46:14 [super]   #2620  0xd89b11dbc98391b77f73b0d3c98c79bb8c0421e6  prob=0.0328 (raw=0.0053)  vol=$442  trades=11  first_trade=2025-12-18 03:52  winrate=0.297  n_markets_traded=37.000  herfindahl_index_markets=0.073
11:46:14 [super]   #2621  0x3eecdf8460fe9631de23f7f867a61d69a21d8f96  prob=0.0328 (raw=0.0053)  vol=$1,886  trades=35  first_trade=2025-12-10 19:40  winrate=0.316  n_markets_traded=38.000  herfindahl_index_markets=0.044
11:46:14 [super]   #2622  0x2c222b44548bd53f01cbdff46c0a290efdb10df6  prob=0.0328 (raw=0.0052)  vol=$9  trades=6  first_trade=2025-12-09 16:35  winrate=0.185  n_markets_traded=205.000  herfindahl_index_markets=0.026
11:46:14 [super]   #2623  0xe7a579cb1d5acde6b8ff4b0a6087510e4c14d545  prob=0.0328 (raw=0.0052)  vol=$75  trades=9  first_trade=2025-11-06 09:47  winrate=0.261  n_markets_traded=46.000  herfindahl_index_markets=0.086
11:46:14 [super]   #2624  0x9b2b6d27fbc5dd978486011e9de0da06435d5752  prob=0.0328 (raw=0.0052)  vol=$334  trades=8  first_trade=2025-12-06 12:57  winrate=NaN  n_markets_traded=0.000  herfindahl_index_markets=0.000
11:46:14 [super]   #2625  0xef67dcb7995139c9e1c7a9ffec18368597ba2a33  prob=0.0328 (raw=0.0052)  vol=$260  trades=4  first_trade=2025-12-10 02:58  winrate=0.348  n_markets_traded=69.000  herfindahl_index_markets=0.056
11:46:14 [super]   #2626  0x7f2928f6f7626b13fbac2d566b834e4764fc0760  prob=0.0328 (raw=0.0052)  vol=$990  trades=30  first_trade=2025-12-12 16:47  winrate=NaN  n_markets_traded=0.000  herfindahl_index_markets=0.000
11:46:14 [super]   #2627  0x57b00c3ccef1b6bd6962fb9ca463c4e0b38e76f4  prob=0.0328 (raw=0.0052)  vol=$3,354  trades=47  first_trade=2025-12-13 08:11  winrate=NaN  n_markets_traded=0.000  herfindahl_index_markets=0.000
11:46:14 [super]   #2628  0xd898f49be0be7da86b757ed160f9e497f9adaaf1  prob=0.0328 (raw=0.0052)  vol=$442  trades=28  first_trade=2025-12-07 15:20  winrate=NaN  n_markets_traded=0.000  herfindahl_index_markets=0.000
11:46:14 [super]   #2629  0xe78f1bec0450f99ecbf6166457397564fbd7218e  prob=0.0328 (raw=0.0052)  vol=$104  trades=4  first_trade=2025-11-03 19:05  winrate=0.292  n_markets_traded=106.000  herfindahl_index_markets=0.029
11:46:14 [super]   #2630  0x631367b2741a62e6a2d024b8828f2af3fe379c62  prob=0.0328 (raw=0.0052)  vol=$61  trades=6  first_trade=2025-12-10 20:40  winrate=0.351  n_markets_traded=37.000  herfindahl_index_markets=0.065
11:46:14 [super]   #2631  0x605d80660ed7cc251961373123f152e5fcbc52de  prob=0.0328 (raw=0.0052)  vol=$2,025  trades=14  first_trade=2025-12-15 21:52  winrate=NaN  n_markets_traded=0.000  herfindahl_index_markets=0.000
11:46:14 [super]   #2632  0x004982f978610892b49cf1dc42106699be683a9a  prob=0.0328 (raw=0.0052)  vol=$287  trades=12  first_trade=2025-12-17 07:11  winrate=0.190  n_markets_traded=84.000  herfindahl_index_markets=0.074
11:46:14 [super]   #2633  0xc23dc0eca9e1c2e293de8911b9ac254f0bcd82c8  prob=0.0328 (raw=0.0051)  vol=$83  trades=3  first_trade=2025-11-02 03:00  winrate=NaN  n_markets_traded=0.000  herfindahl_index_markets=0.000
11:46:14 [super]   #2634  0x9be27116bd2211799582c416fb43fccd937ef72a  prob=0.0328 (raw=0.0051)  vol=$26  trades=2  first_trade=2025-12-16 02:45  winrate=0.270  n_markets_traded=37.000  herfindahl_index_markets=0.060
11:46:14 [super]   #2635  0xb5c7a47da430e5c4a8cfea66bf3f94f9b4f95510  prob=0.0328 (raw=0.0051)  vol=$501  trades=9  first_trade=2025-12-17 07:40  winrate=NaN  n_markets_traded=0.000  herfindahl_index_markets=0.000
11:46:14 [super]   #2636  0x91d5d33792568ca4f14329d39809f2ece33f255a  prob=0.0328 (raw=0.0051)  vol=$9  trades=2  first_trade=2025-12-18 00:22  winrate=0.159  n_markets_traded=69.000  herfindahl_index_markets=0.151
11:46:14 [super]   #2637  0xf9bc1213939cb81410d19d823391dff1c26dd5f1  prob=0.0328 (raw=0.0051)  vol=$5,728  trades=44  first_trade=2025-12-05 07:42  winrate=0.312  n_markets_traded=32.000  herfindahl_index_markets=0.100
11:46:14 [super]   #2638  0xbdadedcbe74b0692db4273e82ea75f55420f56c7  prob=0.0328 (raw=0.0051)  vol=$3  trades=1  first_trade=2025-12-05 17:32  winrate=0.356  n_markets_traded=73.000  herfindahl_index_markets=0.105
11:46:14 [super]   #2639  0x8573952ef6575e54b9162dab92049ca305f06b6b  prob=0.0328 (raw=0.0051)  vol=$23  trades=2  first_trade=2025-11-30 06:08  winrate=0.333  n_markets_traded=118.000  herfindahl_index_markets=0.029
11:46:14 [super]   #2640  0x1091e7cb0e60ea4cfb32286ff7a8fd48348da259  prob=0.0328 (raw=0.0051)  vol=$44  trades=3  first_trade=2025-12-14 11:21  winrate=0.312  n_markets_traded=297.000  herfindahl_index_markets=0.023
11:46:14 [super]   #2641  0xbfa1a89670ec5b2e713c79462b183756c5965660  prob=0.0328 (raw=0.0051)  vol=$9  trades=2  first_trade=2025-12-11 00:25  winrate=0.294  n_markets_traded=34.000  herfindahl_index_markets=0.054
11:46:14 [super]   #2642  0x97b05d98fc559ceac58a395de403050a7aca7e05  prob=0.0328 (raw=0.0051)  vol=$18  trades=5  first_trade=2025-12-04 17:25  winrate=0.327  n_markets_traded=225.000  herfindahl_index_markets=0.018
11:46:14 [super]   #2643  0x4b6c59c92a21b8a50f6b3c0a0dc9f467aea5f6aa  prob=0.0328 (raw=0.0051)  vol=$779  trades=4  first_trade=2025-11-30 08:05  winrate=0.337  n_markets_traded=113.000  herfindahl_index_markets=0.047
11:46:14 [super]   #2644  0xccf38a9b206907a00dbfddebeab19aab1e048f27  prob=0.0328 (raw=0.0051)  vol=$340  trades=16  first_trade=2025-12-05 20:36  winrate=0.331  n_markets_traded=259.000  herfindahl_index_markets=0.025
11:46:14 [super]   #2645  0x24a671a9dd238d6e13e98fe5ab92b60c038431f5  prob=0.0328 (raw=0.0051)  vol=$24  trades=5  first_trade=2025-12-11 08:19  winrate=0.294  n_markets_traded=17.000  herfindahl_index_markets=0.091
11:46:14 [super]   #2646  0xfd4fba3e0ef58667022afe548a592d637f052538  prob=0.0328 (raw=0.0051)  vol=$12  trades=2  first_trade=2025-11-02 12:41  winrate=0.144  n_markets_traded=107.000  herfindahl_index_markets=0.061
11:46:14 [super]   #2647  0x5c163aad7e0901ffe6c9c4d42a73d3f3b8730272  prob=0.0328 (raw=0.0051)  vol=$467  trades=9  first_trade=2025-12-05 08:13  winrate=NaN  n_markets_traded=0.000  herfindahl_index_markets=0.000
11:46:14 [super]   #2648  0x2e49f9574a82dbd7c790370b2206ad7e764bd68b  prob=0.0328 (raw=0.0051)  vol=$11  trades=6  first_trade=2025-12-05 22:42  winrate=NaN  n_markets_traded=0.000  herfindahl_index_markets=0.000
11:46:14 [super]   #2649  0x8056189d56833ce5b3945dea9149b62c5111b64d  prob=0.0328 (raw=0.0051)  vol=$5,130  trades=50  first_trade=2025-12-09 22:36  winrate=NaN  n_markets_traded=0.000  herfindahl_index_markets=0.000
11:46:14 [super]   #2650  0xa9aca75fb5d8f04c2ec9eeb0eb0c30d2e526c5d1  prob=0.0328 (raw=0.0051)  vol=$271  trades=6  first_trade=2025-12-05 19:20  winrate=NaN  n_markets_traded=0.000  herfindahl_index_markets=0.000
11:46:14 [super]   #2651  0x6828e04b468e17d92fa1e5d60d59290278a81056  prob=0.0328 (raw=0.0051)  vol=$2,749  trades=60  first_trade=2025-10-22 19:03  winrate=NaN  n_markets_traded=0.000  herfindahl_index_markets=0.000
11:46:14 [super]   #2652  0x083da2761c38daee1124543bcf2f4be80d444d61  prob=0.0328 (raw=0.0051)  vol=$9  trades=2  first_trade=2025-12-10 16:48  winrate=0.267  n_markets_traded=45.000  herfindahl_index_markets=0.082
11:46:14 [super]   #2653  0x286fbaab3bd2c3cfbf300144186035168913feeb  prob=0.0328 (raw=0.0051)  vol=$9  trades=4  first_trade=2025-12-02 10:27  winrate=0.342  n_markets_traded=38.000  herfindahl_index_markets=0.038
11:46:14 [super]   #2654  0x6e3f69a2338ac7288ba445e476e29277edd9333c  prob=0.0328 (raw=0.0051)  vol=$28  trades=7  first_trade=2025-12-15 11:03  winrate=0.167  n_markets_traded=12.000  herfindahl_index_markets=0.119
11:46:14 [super]   #2655  0x3f928c561a00ec7bbdd222664f411a23341e748b  prob=0.0328 (raw=0.0051)  vol=$14  trades=4  first_trade=2025-12-08 04:14  winrate=0.326  n_markets_traded=142.000  herfindahl_index_markets=0.031
11:46:14 [super]   #2656  0xe1f6cdebbcca033b9b436bdc0bf88f927df19e08  prob=0.0328 (raw=0.0051)  vol=$103  trades=8  first_trade=2025-12-04 18:17  winrate=0.360  n_markets_traded=25.000  herfindahl_index_markets=0.113
11:46:14 [super]   #2657  0x570ec9965d4cab9d4c840124fae1276d4fc61eed  prob=0.0328 (raw=0.0051)  vol=$3  trades=2  first_trade=2025-12-13 06:15  winrate=0.304  n_markets_traded=67.000  herfindahl_index_markets=0.029
11:46:14 [super]   #2658  0xd48a81db62f742c4e42d86dfc23a7ee345366e90  prob=0.0327 (raw=0.0051)  vol=$598  trades=6  first_trade=2025-12-02 12:36  winrate=NaN  n_markets_traded=0.000  herfindahl_index_markets=0.000
11:46:14 [super]   #2659  0xb42102ba713a5cb77b1a2e87c1c562dfb2208291  prob=0.0327 (raw=0.0051)  vol=$9  trades=2  first_trade=2025-11-13 16:25  winrate=0.363  n_markets_traded=233.000  herfindahl_index_markets=0.024
11:46:14 [super]   #2660  0xa0a5d73301b0bce7d54fea12032b864e4d1a9edf  prob=0.0327 (raw=0.0051)  vol=$10  trades=4  first_trade=2025-10-26 20:52  winrate=0.351  n_markets_traded=37.000  herfindahl_index_markets=0.042
11:46:14 [super]   #2661  0x83935deedd570251c7bc1cdf361dfc37a269f0ae  prob=0.0327 (raw=0.0050)  vol=$60  trades=2  first_trade=2025-10-11 07:21  winrate=NaN  n_markets_traded=0.000  herfindahl_index_markets=0.000
11:46:14 [super]   #2662  0xf32b3d89ee121c7363e4c05aaca3f00c4e4394ca  prob=0.0327 (raw=0.0050)  vol=$612  trades=8  first_trade=2025-12-10 02:19  winrate=0.197  n_markets_traded=71.000  herfindahl_index_markets=0.068
11:46:14 [super]   #2663  0x7373db481e0f158852df10a7f3d178cfdc357701  prob=0.0327 (raw=0.0050)  vol=$122  trades=12  first_trade=2025-12-07 14:53  winrate=0.318  n_markets_traded=84.000  herfindahl_index_markets=0.042
11:46:14 [super]   #2664  0x89585edbeeab0c6008b019b6f22559ea2d9b8522  prob=0.0327 (raw=0.0050)  vol=$2  trades=2  first_trade=2025-12-13 00:21  winrate=0.241  n_markets_traded=279.000  herfindahl_index_markets=0.136
11:46:14 [super]   #2665  0xc39212e63a5cb886bb4fb96953cacc04f52b511b  prob=0.0327 (raw=0.0050)  vol=$97  trades=2  first_trade=2025-12-10 22:51  winrate=0.238  n_markets_traded=192.000  herfindahl_index_markets=0.051
11:46:14 [super]   #2666  0x4aec19233163ec585bee7dac74334783a5937e7f  prob=0.0327 (raw=0.0050)  vol=$6  trades=2  first_trade=2025-12-17 02:47  winrate=0.357  n_markets_traded=27.000  herfindahl_index_markets=0.149
11:46:14 [super]   #2667  0xa0a4a6e94614e21cdd30f2fb7cccf91f948291ec  prob=0.0327 (raw=0.0050)  vol=$274  trades=7  first_trade=2025-12-09 18:10  winrate=0.196  n_markets_traded=46.000  herfindahl_index_markets=0.042
11:46:14 [super]   #2668  0x1774f5306ee616f9b4d9b622af4b6ea861182779  prob=0.0327 (raw=0.0050)  vol=$2  trades=2  first_trade=2025-12-16 15:17  winrate=0.323  n_markets_traded=65.000  herfindahl_index_markets=0.026
11:46:14 [super]   #2669  0x42a99e1b2f0b1c11534e0a01d6a5f9069e2e6d82  prob=0.0327 (raw=0.0050)  vol=$17  trades=6  first_trade=2025-12-11 02:38  winrate=0.250  n_markets_traded=68.000  herfindahl_index_markets=0.096
11:46:14 [super]   #2670  0x3ede32a1e395830cd0a9b687951530028ce1a81e  prob=0.0327 (raw=0.0050)  vol=$4  trades=4  first_trade=2025-10-23 19:15  winrate=0.342  n_markets_traded=75.000  herfindahl_index_markets=0.081
11:46:14 [super]   #2671  0x5cda4858d757692e779ca271b83bd548d85a08db  prob=0.0327 (raw=0.0050)  vol=$17  trades=3  first_trade=2025-12-13 00:38  winrate=0.353  n_markets_traded=220.000  herfindahl_index_markets=0.025
11:46:14 [super]   #2672  0x85b9e9226c56d4f2a3ff92c56b745f42498f906d  prob=0.0327 (raw=0.0050)  vol=$3,143  trades=33  first_trade=2025-12-12 10:13  winrate=NaN  n_markets_traded=0.000  herfindahl_index_markets=0.000
11:46:14 [super]   #2673  0xc7e6034339e75c09f268bfa44b02d9c7fc4e696b  prob=0.0327 (raw=0.0050)  vol=$30  trades=3  first_trade=2025-11-03 03:44  winrate=0.365  n_markets_traded=165.000  herfindahl_index_markets=0.022
11:46:14 [super]   #2674  0x3b9f26329bbd6f72231a0245a7337d404298d2b9  prob=0.0327 (raw=0.0050)  vol=$34  trades=3  first_trade=2025-10-30 03:51  winrate=0.345  n_markets_traded=484.000  herfindahl_index_markets=0.019
11:46:14 [super]   #2675  0xd418391f97bb9b4ea218bc39a5c91734348f923b  prob=0.0327 (raw=0.0050)  vol=$20  trades=3  first_trade=2025-10-24 08:35  winrate=0.277  n_markets_traded=46.000  herfindahl_index_markets=0.033
11:46:14 [super]   #2676  0x47f5552f4a63666606d7fbc15f9a66e4d7d2934d  prob=0.0327 (raw=0.0050)  vol=$7,359  trades=71  first_trade=2025-12-06 15:37  winrate=NaN  n_markets_traded=0.000  herfindahl_index_markets=0.000
11:46:14 [super]   #2677  0x82b57fd992f2e5c570cf01b35bea0ebc9b399af4  prob=0.0327 (raw=0.0050)  vol=$14  trades=4  first_trade=2025-12-17 21:03  winrate=0.357  n_markets_traded=285.000  herfindahl_index_markets=0.020
11:46:14 [super]   #2678  0x07c4f39862e865e6f9d307f1df5e6c24367d2c5b  prob=0.0327 (raw=0.0050)  vol=$17  trades=3  first_trade=2025-12-16 01:43  winrate=0.246  n_markets_traded=823.000  herfindahl_index_markets=0.037
11:46:14 [super]   #2679  0x0160b19e1bd88f709e39b183e0124dcbca30ef11  prob=0.0327 (raw=0.0050)  vol=$3  trades=2  first_trade=2025-12-17 23:12  winrate=0.356  n_markets_traded=59.000  herfindahl_index_markets=0.027
11:46:14 [super]   #2680  0xbabc1365844d6b2d6c5e3421f4823adafb0dc106  prob=0.0327 (raw=0.0050)  vol=$5  trades=2  first_trade=2025-12-09 23:40  winrate=0.244  n_markets_traded=205.000  herfindahl_index_markets=0.017
11:46:14 [super]   #2681  0x5bb3372a03f5d0f0c8af9add2e1228ffea4d6d7c  prob=0.0327 (raw=0.0050)  vol=$4  trades=2  first_trade=2025-12-06 20:30  winrate=0.188  n_markets_traded=16.000  herfindahl_index_markets=0.066
11:46:14 [super]   #2682  0x25757542c9c10bf8b0c9bf92394a8575b3d8e7e6  prob=0.0327 (raw=0.0050)  vol=$19  trades=1  first_trade=2025-12-18 22:21  winrate=0.300  n_markets_traded=194.000  herfindahl_index_markets=0.042
11:46:14 [super]   #2683  0xc829e4bb10868dc8fc3520505b433c372bd1cad3  prob=0.0327 (raw=0.0050)  vol=$8  trades=2  first_trade=2025-12-12 16:24  winrate=0.285  n_markets_traded=137.000  herfindahl_index_markets=0.092
11:46:14 [super]   #2684  0xc723d4dbd853be69c7eee54760f60e0e6f26c5ae  prob=0.0327 (raw=0.0050)  vol=$528  trades=13  first_trade=2025-10-23 11:29  winrate=0.324  n_markets_traded=102.000  herfindahl_index_markets=0.021
11:46:14 [super]   #2685  0xbc605ab11e44f0b09762313f2cdfb6b25514af79  prob=0.0327 (raw=0.0050)  vol=$9,821  trades=136  first_trade=2025-12-04 11:18  winrate=NaN  n_markets_traded=0.000  herfindahl_index_markets=0.000
11:46:14 [super]   #2686  0xf1ef8705e9f63c790c6fffd6329aea7011718cd6  prob=0.0327 (raw=0.0049)  vol=$475  trades=8  first_trade=2025-12-12 16:47  winrate=NaN  n_markets_traded=0.000  herfindahl_index_markets=0.000
11:46:14 [super]   #2687  0xf3a5d5d032f3f62e214f1123ea24f98fbaf35f3c  prob=0.0327 (raw=0.0049)  vol=$259  trades=29  first_trade=2025-12-18 18:18  winrate=NaN  n_markets_traded=0.000  herfindahl_index_markets=0.000
11:46:14 [super]   #2688  0x002dcd37b0b8fa8db98236e599fe1b90d6272561  prob=0.0327 (raw=0.0049)  vol=$10  trades=2  first_trade=2025-11-09 06:17  winrate=NaN  n_markets_traded=0.000  herfindahl_index_markets=0.000
11:46:14 [super]   #2689  0x19f259c996b035cb15b2966f8c67b635f20f94b7  prob=0.0327 (raw=0.0049)  vol=$543  trades=11  first_trade=2025-12-08 03:51  winrate=0.314  n_markets_traded=70.000  herfindahl_index_markets=0.038
11:46:14 [super]   #2690  0x9e8c55cf72f98f30ad526c1ba0a1d3c499a07b9c  prob=0.0327 (raw=0.0049)  vol=$6  trades=2  first_trade=2025-11-26 17:33  winrate=0.276  n_markets_traded=58.000  herfindahl_index_markets=0.040
11:46:14 [super]   #2691  0xb7b3ed1c02a77a200b600ac407747be2f3b79573  prob=0.0327 (raw=0.0049)  vol=$1,549  trades=11  first_trade=2025-12-02 10:09  winrate=NaN  n_markets_traded=0.000  herfindahl_index_markets=0.000
11:46:14 [super]   #2692  0xdfdbfad05bf69f17fe4fcbab8993f5f3e491703d  prob=0.0327 (raw=0.0049)  vol=$32  trades=1  first_trade=2025-11-03 03:44  winrate=NaN  n_markets_traded=0.000  herfindahl_index_markets=0.000
11:46:14 [super]   #2693  0x532bcaee0dd4d4ad0ef80361277d15627787dd2d  prob=0.0327 (raw=0.0049)  vol=$1,504  trades=10  first_trade=2025-12-08 18:50  winrate=NaN  n_markets_traded=0.000  herfindahl_index_markets=0.000
11:46:14 [super]   #2694  0xa11376e9f170aaf97664cac13e9ab210a70193f4  prob=0.0327 (raw=0.0049)  vol=$575  trades=14  first_trade=2025-12-04 02:53  winrate=NaN  n_markets_traded=0.000  herfindahl_index_markets=0.000
11:46:14 [super]   #2695  0x91c7f544a6efad9825185c2bca1f1a95cc92b576  prob=0.0327 (raw=0.0049)  vol=$14  trades=3  first_trade=2025-12-17 07:56  winrate=NaN  n_markets_traded=0.000  herfindahl_index_markets=0.000
11:46:14 [super]   #2696  0xf9ac4c4ef54ee6010a28299ec1d616b63bf7806e  prob=0.0327 (raw=0.0048)  vol=$57  trades=7  first_trade=2025-12-12 20:33  winrate=NaN  n_markets_traded=0.000  herfindahl_index_markets=0.000
11:46:14 [super]   #2697  0x07b3098fac961f67d019a939bd6bcf3e6a55cdfb  prob=0.0327 (raw=0.0048)  vol=$513  trades=10  first_trade=2025-12-18 15:18  winrate=NaN  n_markets_traded=0.000  herfindahl_index_markets=0.000
11:46:14 [super]   #2698  0x0f040e10cec79977759a37b62f99b13644b94502  prob=0.0327 (raw=0.0048)  vol=$6  trades=4  first_trade=2025-12-10 02:25  winrate=0.129  n_markets_traded=132.000  herfindahl_index_markets=0.034
11:46:14 [super]   #2699  0x770569d15dfdc4ad5c3a0ec204032812cc85a442  prob=0.0327 (raw=0.0048)  vol=$690  trades=33  first_trade=2025-11-24 10:11  winrate=NaN  n_markets_traded=0.000  herfindahl_index_markets=0.000
11:46:14 [super]   #2700  0xfa8fc6a3e706bc4aa7556d060564c154322ad61b  prob=0.0327 (raw=0.0048)  vol=$303  trades=2  first_trade=2025-12-12 18:57  winrate=NaN  n_markets_traded=0.000  herfindahl_index_markets=0.000
11:46:14 [super]   #2701  0x81525952f172646a4104030e9a9ef1e769c7bfda  prob=0.0327 (raw=0.0048)  vol=$99  trades=5  first_trade=2025-12-12 14:19  winrate=NaN  n_markets_traded=0.000  herfindahl_index_markets=0.000
11:46:14 [super]   #2702  0xf9efef8ec6235e547ae1ce1ff0de4347e68320eb  prob=0.0327 (raw=0.0048)  vol=$87  trades=2  first_trade=2025-12-16 20:03  winrate=NaN  n_markets_traded=0.000  herfindahl_index_markets=0.000
11:46:14 [super]   #2703  0xd923b58e7874de549b0b9bd07db49eeb2878f400  prob=0.0327 (raw=0.0048)  vol=$29  trades=3  first_trade=2025-12-12 20:06  winrate=NaN  n_markets_traded=0.000  herfindahl_index_markets=0.000
11:46:14 [super]   #2704  0x5dc2ae7a9502a298fb059df0135906ffecca4837  prob=0.0327 (raw=0.0048)  vol=$45  trades=3  first_trade=2025-12-10 19:46  winrate=NaN  n_markets_traded=0.000  herfindahl_index_markets=0.000
11:46:14 [super]   #2705  0x66c1cc4f994ee99a2f5977a2e071cbfd65852c72  prob=0.0327 (raw=0.0048)  vol=$46  trades=1  first_trade=2025-12-15 19:50  winrate=NaN  n_markets_traded=0.000  herfindahl_index_markets=0.000
11:46:14 [super]   #2706  0x35e4f89223ab2372477479016589226e0db45bbc  prob=0.0327 (raw=0.0048)  vol=$218  trades=6  first_trade=2025-12-16 09:55  winrate=NaN  n_markets_traded=0.000  herfindahl_index_markets=0.000
11:46:14 [super]   #2707  0x0e3226217752d7247c67b870b72b99ba3e20535b  prob=0.0327 (raw=0.0048)  vol=$324  trades=20  first_trade=2025-12-04 01:06  winrate=NaN  n_markets_traded=0.000  herfindahl_index_markets=0.000
11:46:14 [super]   #2708  0xf397068fa02ee20639d54ae4595efeeff595e1da  prob=0.0327 (raw=0.0048)  vol=$56  trades=1  first_trade=2025-12-12 16:25  winrate=NaN  n_markets_traded=0.000  herfindahl_index_markets=0.000
11:46:14 [super]   #2709  0x4cb909db1f7ffcb76bed7f5e7df131b02e4b3783  prob=0.0327 (raw=0.0048)  vol=$333  trades=13  first_trade=2025-11-17 08:36  winrate=NaN  n_markets_traded=0.000  herfindahl_index_markets=0.000
11:46:14 [super]   #2710  0x6d828157379b72256a23acde685f97a36dd07d33  prob=0.0327 (raw=0.0048)  vol=$1,822  trades=12  first_trade=2025-11-09 11:29  winrate=NaN  n_markets_traded=0.000  herfindahl_index_markets=0.000
11:46:14 [super]   #2711  0x7ab6ac0f0d6ca5a15ec57abeaf413d31c8cdfa77  prob=0.0327 (raw=0.0048)  vol=$24  trades=10  first_trade=2025-12-19 12:38  winrate=NaN  n_markets_traded=0.000  herfindahl_index_markets=0.000
11:46:14 [super]   #2712  0x9e455413b57a792dfd92032f9a7a9fb282803662  prob=0.0327 (raw=0.0048)  vol=$80  trades=2  first_trade=2025-12-11 20:32  winrate=NaN  n_markets_traded=0.000  herfindahl_index_markets=0.000
11:46:14 [super]   #2713  0xc5612ad7088e18c8ac9746df9f31dec91236fa80  prob=0.0327 (raw=0.0048)  vol=$144  trades=1  first_trade=2025-10-21 20:35  winrate=NaN  n_markets_traded=0.000  herfindahl_index_markets=0.000
11:46:14 [super]   #2714  0xd0ef382cc4f64c90d9ea69e1500a193eeebd3758  prob=0.0327 (raw=0.0048)  vol=$10  trades=4  first_trade=2025-11-26 19:34  winrate=NaN  n_markets_traded=0.000  herfindahl_index_markets=0.000
11:46:14 [super]   #2715  0x095dcfb123a4bc035ee6b0d624bab0cc964352cf  prob=0.0327 (raw=0.0048)  vol=$37  trades=5  first_trade=2025-12-05 14:08  winrate=NaN  n_markets_traded=0.000  herfindahl_index_markets=0.000
11:46:14 [super]   #2716  0xe3282069bf386acedfa36e283826d8a362159f4a  prob=0.0327 (raw=0.0048)  vol=$6  trades=2  first_trade=2025-12-10 13:02  winrate=NaN  n_markets_traded=0.000  herfindahl_index_markets=0.000
11:46:14 [super]   #2717  0xfcf2378f20cf408d077c21e731272f21cccea469  prob=0.0327 (raw=0.0048)  vol=$160  trades=1  first_trade=2025-12-10 13:20  winrate=NaN  n_markets_traded=0.000  herfindahl_index_markets=0.000
11:46:14 [super]   #2718  0xb779436770333f8d584dd8a61fba3910c324ab22  prob=0.0327 (raw=0.0048)  vol=$116  trades=9  first_trade=2025-10-27 01:32  winrate=NaN  n_markets_traded=0.000  herfindahl_index_markets=0.000
11:46:14 [super]   #2719  0x4fa84c759429e1e976b44d89542007df621ad618  prob=0.0327 (raw=0.0048)  vol=$24  trades=5  first_trade=2025-12-06 02:39  winrate=NaN  n_markets_traded=0.000  herfindahl_index_markets=0.000
11:46:14 [super]   #2720  0x098fa93a396611d1fe6f5968f9b3f34853e947cd  prob=0.0327 (raw=0.0048)  vol=$438  trades=6  first_trade=2025-12-09 08:03  winrate=NaN  n_markets_traded=0.000  herfindahl_index_markets=0.000
11:46:14 [super]   #2721  0xca8f0374e3fc79b485499cc0b038d4f7e783d963  prob=0.0327 (raw=0.0047)  vol=$383  trades=45  first_trade=2025-12-18 00:33  winrate=NaN  n_markets_traded=0.000  herfindahl_index_markets=0.000
11:46:14 [super]   #2722  0x60d18d444868e6eddd3bb7238efdcda591190c8f  prob=0.0327 (raw=0.0047)  vol=$2,006  trades=22  first_trade=2025-12-11 21:29  winrate=NaN  n_markets_traded=0.000  herfindahl_index_markets=0.000
11:46:14 [super]   #2723  0xb704a2daada6bef394f4f692c2949a6110d6dc1e  prob=0.0327 (raw=0.0047)  vol=$20  trades=1  first_trade=2025-12-19 00:56  winrate=NaN  n_markets_traded=0.000  herfindahl_index_markets=0.000
11:46:14 [super]   #2724  0x6c7d9ce7d08fbe1bf872fa825916802866a8d6eb  prob=0.0327 (raw=0.0047)  vol=$106  trades=3  first_trade=2025-11-30 15:13  winrate=NaN  n_markets_traded=0.000  herfindahl_index_markets=0.000
11:46:14 [super]   #2725  0xe362d2f078f2d163f22d4f4aef28979b32fc602b  prob=0.0327 (raw=0.0047)  vol=$75  trades=8  first_trade=2025-12-07 10:47  winrate=0.323  n_markets_traded=31.000  herfindahl_index_markets=0.083
11:46:14 [super]   #2726  0x3d4556d77c616e1f88793b68c8ee5187d086020f  prob=0.0327 (raw=0.0047)  vol=$10  trades=5  first_trade=2025-12-06 01:02  winrate=NaN  n_markets_traded=0.000  herfindahl_index_markets=0.000
11:46:14 [super]   #2727  0x80f9fdf81ed5089cc017d6ebe40bdc0a2ff43ab9  prob=0.0327 (raw=0.0047)  vol=$186  trades=22  first_trade=2025-12-03 03:35  winrate=NaN  n_markets_traded=0.000  herfindahl_index_markets=0.000
11:46:14 [super]   #2728  0xeba22a295f86d433fc34b3b726f2e6f7897b86e9  prob=0.0327 (raw=0.0046)  vol=$84  trades=5  first_trade=2025-12-12 12:38  winrate=0.342  n_markets_traded=313.000  herfindahl_index_markets=0.019
11:46:14 [super]   #2729  0x05a94228f2119d7acc37c29ed336c4d122d093c6  prob=0.0327 (raw=0.0046)  vol=$30  trades=4  first_trade=2025-12-10 12:51  winrate=0.277  n_markets_traded=83.000  herfindahl_index_markets=0.042
11:46:14 [super]   #2730  0x7c514b97ffa68e07ce96f52b973837eb8d95566a  prob=0.0327 (raw=0.0046)  vol=$23  trades=8  first_trade=2025-12-04 06:18  winrate=NaN  n_markets_traded=0.000  herfindahl_index_markets=0.000
11:46:14 [super]   #2731  0x0cb10c40b0776e9ee8cef970af85724654dda76c  prob=0.0327 (raw=0.0046)  vol=$120  trades=6  first_trade=2025-12-14 06:57  winrate=NaN  n_markets_traded=0.000  herfindahl_index_markets=0.000
11:46:14 [super]   #2732  0x2200b75c27835935a40308779b5656c09ab40f2d  prob=0.0327 (raw=0.0046)  vol=$636  trades=10  first_trade=2025-12-06 00:27  winrate=NaN  n_markets_traded=0.000  herfindahl_index_markets=0.000
11:46:14 [super]   #2733  0x25bf1690da4f8a0bebad38d6e6d13bdd1e1c2372  prob=0.0327 (raw=0.0046)  vol=$18  trades=9  first_trade=2025-12-12 14:22  winrate=0.171  n_markets_traded=104.000  herfindahl_index_markets=0.068
11:46:14 [super]   #2734  0x8304ada4e1747a1d188d7233b5c047dfce42f086  prob=0.0327 (raw=0.0046)  vol=$19  trades=4  first_trade=2025-10-23 04:36  winrate=NaN  n_markets_traded=0.000  herfindahl_index_markets=0.000
11:46:14 [super]   #2735  0xc7b6e781a144c3ec8f64189f74c2423cad6e3158  prob=0.0327 (raw=0.0045)  vol=$190  trades=5  first_trade=2025-11-25 08:38  winrate=NaN  n_markets_traded=0.000  herfindahl_index_markets=0.000
11:46:14 [super]   #2736  0xc94b30b36f6a5b41592f7c609efcb69fa319fd9b  prob=0.0327 (raw=0.0045)  vol=$158  trades=22  first_trade=2025-12-09 20:50  winrate=NaN  n_markets_traded=0.000  herfindahl_index_markets=0.000
11:46:14 [super]   #2737  0x0619dafd91786867631d0546917aa35c244ed801  prob=0.0327 (raw=0.0045)  vol=$189  trades=8  first_trade=2025-12-17 00:01  winrate=NaN  n_markets_traded=0.000  herfindahl_index_markets=0.000
11:46:14 [super]   #2738  0x0b9353aea88d01ed1912013b435dd39947d0a6cc  prob=0.0327 (raw=0.0045)  vol=$36  trades=9  first_trade=2025-12-14 19:27  winrate=NaN  n_markets_traded=0.000  herfindahl_index_markets=0.000
11:46:14 [super]   #2739  0xea2837f7e7c552a4e34045fa206f97ffc50f3a0b  prob=0.0327 (raw=0.0045)  vol=$238  trades=7  first_trade=2025-12-12 12:59  winrate=NaN  n_markets_traded=0.000  herfindahl_index_markets=0.000
11:46:14 [super]   #2740  0x804301325504005ab1408746f4eda9b8db295c93  prob=0.0327 (raw=0.0045)  vol=$8  trades=4  first_trade=2025-12-09 18:50  winrate=0.355  n_markets_traded=31.000  herfindahl_index_markets=0.053
11:46:14 [super]   #2741  0x45522a3b448c0ffe6f326aae36a42b69779a0333  prob=0.0327 (raw=0.0044)  vol=$128  trades=7  first_trade=2025-12-10 10:27  winrate=NaN  n_markets_traded=0.000  herfindahl_index_markets=0.000
11:46:14 [super]   #2742  0xd22956654da03aa5505a2355596d34f223befcd6  prob=0.0327 (raw=0.0044)  vol=$1,024  trades=8  first_trade=2025-12-09 10:36  winrate=NaN  n_markets_traded=0.000  herfindahl_index_markets=0.000
11:46:14 [super]   #2743  0xf86c606c8a360c38037cdab2f81fb5ed2e94ba99  prob=0.0327 (raw=0.0044)  vol=$201  trades=6  first_trade=2025-11-09 09:11  winrate=NaN  n_markets_traded=0.000  herfindahl_index_markets=0.000
11:46:14 [super]   #2744  0x9d84ce0306f8551e02efef1680475fc0f1dc1344  prob=0.0327 (raw=0.0044)  vol=$4,957  trades=54  first_trade=2025-10-09 06:22  winrate=NaN  n_markets_traded=0.000  herfindahl_index_markets=0.000
11:46:14 [super]   #2745  0xe76b2b581fbbe489b23faccaeca1387ade0ae02a  prob=0.0327 (raw=0.0043)  vol=$234  trades=9  first_trade=2025-12-09 18:09  winrate=NaN  n_markets_traded=0.000  herfindahl_index_markets=0.000
11:46:14 [super]   #2746  0x03030fa948db8dfaa8384ae910359bcbb4e3fcd1  prob=0.0326 (raw=0.0042)  vol=$111  trades=4  first_trade=2025-11-13 02:02  winrate=NaN  n_markets_traded=0.000  herfindahl_index_markets=0.000
11:46:14 [super]   #2747  0x84d1f3bdbae71701a7528120d341e28f1d4ba8ee  prob=0.0326 (raw=0.0042)  vol=$124  trades=5  first_trade=2025-12-12 10:51  winrate=NaN  n_markets_traded=0.000  herfindahl_index_markets=0.000
11:46:14 [super]   #2748  0x5f4366d56749400d823a76090689b51be73a65fd  prob=0.0326 (raw=0.0042)  vol=$122  trades=2  first_trade=2025-12-09 22:27  winrate=NaN  n_markets_traded=0.000  herfindahl_index_markets=0.000
11:46:14 [super]   #2749  0xaf353d5c352e0e338cad96345d8fab34dce19a45  prob=0.0326 (raw=0.0042)  vol=$30  trades=2  first_trade=2025-12-12 16:20  winrate=NaN  n_markets_traded=0.000  herfindahl_index_markets=0.000
11:46:14 [super] ============================================================
11:46:14 [super] FLAGGED 0xe0c1ddebe66d07f2a0503a20e8dbb4a961e50afe  prob=0.692 (raw=0.986)  vol=$6,720  trades=48  first_trade=2025-12-10 18:01  winrate=0.000  n_markets_traded=1.000  herfindahl_index_markets=1.000
11:46:14 [super] FLAGGED 0x8dc5fcff363eef19ad5f0bfce9f1fa216d456706  prob=0.691 (raw=0.985)  vol=$9,623  trades=51  first_trade=2025-12-04 20:06  winrate=0.000  n_markets_traded=1.000  herfindahl_index_markets=1.000
11:46:14 [super] FLAGGED 0xd2ad216b52a5556f69b961d7f026a4cf485d08af  prob=0.675 (raw=0.968)  vol=$6,028  trades=32  first_trade=2025-12-15 20:16  winrate=0.143  n_markets_traded=7.000  herfindahl_index_markets=0.338
11:46:14 [super] FLAGGED 0x7320e4af7f8b186a18a1700d2c71a330c8042dfa  prob=0.672 (raw=0.964)  vol=$1,536  trades=15  first_trade=2025-12-10 11:26  winrate=0.000  n_markets_traded=1.000  herfindahl_index_markets=1.000
11:46:14 [super] FLAGGED 0x5546f0cea3510e7ff3f098ffbd8e38db9d2c9b24  prob=0.667 (raw=0.959)  vol=$8  trades=2  first_trade=2025-12-16 08:47  winrate=0.000  n_markets_traded=2.000  herfindahl_index_markets=0.997
11:46:14 [super] FLAGGED 0x55ea982cebff271722419595e0659ef297b48d7c  prob=0.663 (raw=0.955)  vol=$26,232  trades=106  first_trade=2025-10-21 21:48  winrate=0.500  n_markets_traded=2.000  herfindahl_index_markets=0.860
11:46:14 [super] FLAGGED 0xbd810a483eb846da535405a442532f86dcfe1f7f  prob=0.655 (raw=0.946)  vol=$79,898  trades=158  first_trade=2025-11-10 03:25  winrate=0.000  n_markets_traded=1.000  herfindahl_index_markets=1.000
11:46:14 [super] FLAGGED 0xe744061988303929d6d9289fb168e0576498a38f  prob=0.654 (raw=0.945)  vol=$659  trades=8  first_trade=2025-12-17 17:40  winrate=0.000  n_markets_traded=1.000  herfindahl_index_markets=1.000
11:46:14 [super] FLAGGED 0xc37002d5a6307806d3b2fcfb3c2c205a11305c89  prob=0.651 (raw=0.942)  vol=$5,362  trades=75  first_trade=2025-11-10 04:49  winrate=0.000  n_markets_traded=1.000  herfindahl_index_markets=1.000
11:46:14 [super] FLAGGED 0x44c2f518cbd0ada57dd37433cfb4902974206ab4  prob=0.647 (raw=0.938)  vol=$2  trades=2  first_trade=2025-11-09 08:12  winrate=0.000  n_markets_traded=4.000  herfindahl_index_markets=0.436
11:46:14 [super] FLAGGED 0x12ce3890e874db41eef1ffaf74d0cae6059fb9d0  prob=0.630 (raw=0.921)  vol=$239  trades=5  first_trade=2025-11-09 10:30  winrate=0.000  n_markets_traded=2.000  herfindahl_index_markets=0.998
11:46:14 [super] FLAGGED 0x039a30e6685c0eb12477b385a1f25fb3cfeb5e22  prob=0.605 (raw=0.896)  vol=$3  trades=1  first_trade=2025-11-30 10:58  winrate=0.400  n_markets_traded=5.000  herfindahl_index_markets=0.874
11:46:14 [super] FLAGGED 0x44e45692525997813fef1a5a959fa0efc08a7626  prob=0.604 (raw=0.895)  vol=$750  trades=4  first_trade=2025-12-04 06:18  winrate=0.333  n_markets_traded=3.000  herfindahl_index_markets=0.942
11:46:14 [super] FLAGGED 0x514d963f30712c701fc874f87ee6847557384200  prob=0.597 (raw=0.889)  vol=$149  trades=3  first_trade=2025-12-10 08:46  winrate=0.000  n_markets_traded=1.000  herfindahl_index_markets=1.000
11:46:14 [super] FLAGGED 0x6dd0313d00ee02f77112f8e9c0d676fc614941a1  prob=0.591 (raw=0.882)  vol=$75  trades=3  first_trade=2025-12-11 10:09  winrate=0.000  n_markets_traded=2.000  herfindahl_index_markets=0.680
11:46:14 [super] FLAGGED 0x9045d26a02004f32b02514f138d8d31b3503aea5  prob=0.584 (raw=0.876)  vol=$4  trades=2  first_trade=2025-12-19 10:07  winrate=0.000  n_markets_traded=2.000  herfindahl_index_markets=0.997
11:46:14 [super] FLAGGED 0x13fcafbb6ad5fa8b6b77be10742929ae384e5cf5  prob=0.583 (raw=0.875)  vol=$2,817  trades=15  first_trade=2025-11-16 16:29  winrate=0.000  n_markets_traded=2.000  herfindahl_index_markets=0.996
11:46:14 [super] FLAGGED 0x6a2999256809ddeb954dd4aad8e79c2acaa93a3a  prob=0.580 (raw=0.872)  vol=$23  trades=2  first_trade=2025-11-11 07:36  winrate=0.000  n_markets_traded=4.000  herfindahl_index_markets=0.265
11:46:14 [super] FLAGGED 0x9d0ed2d3edb1a23914c6bf54e693340b0dac9485  prob=0.579 (raw=0.871)  vol=$7,271  trades=71  first_trade=2025-11-10 18:27  winrate=0.000  n_markets_traded=1.000  herfindahl_index_markets=1.000
11:46:14 [super] FLAGGED 0xb6be5c4fb88f771b7ff34f8566d6220cdf97a901  prob=0.574 (raw=0.866)  vol=$2  trades=2  first_trade=2025-11-09 08:14  winrate=0.000  n_markets_traded=1.000  herfindahl_index_markets=1.000
11:46:14 [super] FLAGGED 0x394935db91b8a03dd681bf67be9c94bbc16c753d  prob=0.550 (raw=0.844)  vol=$5,402  trades=65  first_trade=2025-11-20 13:22  winrate=0.000  n_markets_traded=4.000  herfindahl_index_markets=0.932
11:46:14 [super] FLAGGED 0xd12e437e37f9ecd7e37ce86ad3f5f932c95bb562  prob=0.549 (raw=0.843)  vol=$4  trades=2  first_trade=2025-11-12 13:27  winrate=0.000  n_markets_traded=2.000  herfindahl_index_markets=0.500
11:46:14 [super] FLAGGED 0x1d41cbe4b082948c1571b2c722959ae364309d2b  prob=0.537 (raw=0.831)  vol=$4  trades=2  first_trade=2025-12-16 12:55  winrate=0.000  n_markets_traded=2.000  herfindahl_index_markets=0.674
11:46:14 [super] FLAGGED 0x20a2d525dbd477bf3bfd75d3cd1af487c4e8d1ae  prob=0.531 (raw=0.825)  vol=$4  trades=3  first_trade=2025-12-10 07:35  winrate=0.250  n_markets_traded=8.000  herfindahl_index_markets=0.935
11:46:14 [super] FLAGGED 0x4b0f2e9693dbd622aa221752ea762eaf5176c34f  prob=0.529 (raw=0.824)  vol=$597  trades=11  first_trade=2025-11-13 23:04  winrate=0.000  n_markets_traded=1.000  herfindahl_index_markets=1.000
11:46:14 [super] FLAGGED 0xc313a0a24538ce004bfcd8194fc82421d20b8b1f  prob=0.528 (raw=0.823)  vol=$2  trades=2  first_trade=2025-11-11 11:13  winrate=0.333  n_markets_traded=3.000  herfindahl_index_markets=0.333
11:46:14 [super] FLAGGED 0xbfe3e070a23d6ec45610305085c3330985f09207  prob=0.496 (raw=0.793)  vol=$15,404  trades=131  first_trade=2025-10-26 20:36  winrate=0.000  n_markets_traded=1.000  herfindahl_index_markets=1.000
11:46:14 [super] FLAGGED 0x4a1cc3ddb155823013e69ea454428a8ca6ebaca7  prob=0.494 (raw=0.791)  vol=$10  trades=2  first_trade=2025-11-20 19:55  winrate=0.000  n_markets_traded=1.000  herfindahl_index_markets=1.000
11:46:14 [super] FLAGGED 0xd663837c786701ca144b92cf51325d91b178f957  prob=0.490 (raw=0.787)  vol=$25  trades=3  first_trade=2025-12-05 05:21  winrate=0.000  n_markets_traded=5.000  herfindahl_index_markets=0.350
11:46:14 [super] FLAGGED 0xa93e04f426247b49bc15241762b36021ddf88acc  prob=0.490 (raw=0.787)  vol=$63  trades=3  first_trade=2025-12-06 06:52  winrate=0.000  n_markets_traded=5.000  herfindahl_index_markets=0.289
11:46:14 [super] FLAGGED 0xfee8f275fdda7f391549fd3ed331eb5befb2a594  prob=0.488 (raw=0.785)  vol=$8  trades=2  first_trade=2025-12-11 07:43  winrate=0.167  n_markets_traded=6.000  herfindahl_index_markets=0.316
11:46:14 [super] FLAGGED 0x33d9a1a46977b4fe9053d6f43bd1ef37298eda92  prob=0.464 (raw=0.763)  vol=$1  trades=2  first_trade=2025-12-12 17:17  winrate=0.000  n_markets_traded=2.000  herfindahl_index_markets=0.500
11:46:14 [super] FLAGGED 0x611a6ebb3f7bf30e674794770a61f400b088aa2c  prob=0.452 (raw=0.751)  vol=$91  trades=4  first_trade=2025-11-10 13:39  winrate=0.000  n_markets_traded=1.000  herfindahl_index_markets=1.000
11:46:14 [super] FLAGGED 0x7543c1405b15d62c141e4160392e6c731c5fbfbd  prob=0.450 (raw=0.749)  vol=$20  trades=3  first_trade=2025-12-10 19:26  winrate=0.750  n_markets_traded=28.000  herfindahl_index_markets=0.063
11:46:14 [super] FLAGGED 0x51b44c2eacce36388eff0ca8207219541ced8cb8  prob=0.434 (raw=0.735)  vol=$6  trades=2  first_trade=2025-11-30 11:18  winrate=0.222  n_markets_traded=9.000  herfindahl_index_markets=0.392
11:46:14 [super] FLAGGED 0x70a23dfc0359a44a57b1b774f90285bee6e8212d  prob=0.434 (raw=0.735)  vol=$1  trades=2  first_trade=2025-12-16 16:57  winrate=0.250  n_markets_traded=4.000  herfindahl_index_markets=0.283
11:46:14 [super] FLAGGED 0x357711e318b54289b974344dc760f984d2e50e8c  prob=0.434 (raw=0.734)  vol=$6,159  trades=80  first_trade=2025-12-10 10:06  winrate=0.000  n_markets_traded=1.000  herfindahl_index_markets=1.000
11:46:14 [super] FLAGGED 0x1e9177b13e99d3bdf472f92f714006500f7eb142  prob=0.430 (raw=0.731)  vol=$5  trades=2  first_trade=2025-12-18 20:52  winrate=0.000  n_markets_traded=1.000  herfindahl_index_markets=1.000
11:46:14 [super] FLAGGED 0xe1071f24d8ac8cb8b9e3188ddf05293e2cf4a15b  prob=0.426 (raw=0.726)  vol=$3  trades=2  first_trade=2025-12-12 20:44  winrate=0.000  n_markets_traded=2.000  herfindahl_index_markets=0.500
11:46:14 [super] FLAGGED 0x83f0fdc7ec2d9fec049b73f06a8773475456d00e  prob=0.424 (raw=0.725)  vol=$3,697  trades=22  first_trade=2025-12-12 19:37  winrate=0.000  n_markets_traded=1.000  herfindahl_index_markets=1.000
11:46:14 [super] FLAGGED 0x918038302e9b281d3f4680e6c6eec7257b60fb11  prob=0.423 (raw=0.724)  vol=$51  trades=6  first_trade=2025-10-27 22:07  winrate=0.000  n_markets_traded=5.000  herfindahl_index_markets=0.207
11:46:14 [super] FLAGGED 0x7abdc57fab3b0ebd8176a5c49a8f791e2f8b5733  prob=0.414 (raw=0.715)  vol=$25  trades=4  first_trade=2025-12-04 10:10  winrate=0.625  n_markets_traded=5.000  herfindahl_index_markets=0.222
11:46:14 [super] FLAGGED 0x46679fb51fbe6772b5c7d6c65983a55f1cb1cab0  prob=0.400 (raw=0.702)  vol=$53  trades=4  first_trade=2025-10-28 03:00  winrate=0.125  n_markets_traded=24.000  herfindahl_index_markets=0.297
11:46:14 [super] FLAGGED 0x9672fd2231561ba0b2c95f088daa8931cdeaf7d3  prob=0.397 (raw=0.699)  vol=$2  trades=2  first_trade=2025-11-14 05:55  winrate=0.000  n_markets_traded=4.000  herfindahl_index_markets=0.333
11:46:14 [super] FLAGGED 0xdc911b66ebdbb638a8c86c2cb8a5dee5d749eeba  prob=0.396 (raw=0.698)  vol=$4  trades=2  first_trade=2025-12-13 08:08  winrate=0.000  n_markets_traded=3.000  herfindahl_index_markets=0.561
11:46:14 [super] FLAGGED 0x18d070e10ecddc9cad7a610a4696fe66e676b6e6  prob=0.382 (raw=0.684)  vol=$115  trades=3  first_trade=2025-11-30 06:08  winrate=0.500  n_markets_traded=2.000  herfindahl_index_markets=0.850
11:46:14 [super] FLAGGED 0xed23b2fe0616e6180dbbf6fce1089be1b22a2e9c  prob=0.376 (raw=0.679)  vol=$1  trades=2  first_trade=2025-12-10 08:12  winrate=0.062  n_markets_traded=16.000  herfindahl_index_markets=0.901
11:46:14 [super] FLAGGED 0x74024d3ae12d8ccc6c71b14b58e18e77dbb403e5  prob=0.376 (raw=0.678)  vol=$28  trades=4  first_trade=2025-12-16 09:53  winrate=0.000  n_markets_traded=6.000  herfindahl_index_markets=0.779
11:46:14 [super] FLAGGED 0x00f51a7102e0c76e6faeadae536026363682ede1  prob=0.376 (raw=0.678)  vol=$12  trades=2  first_trade=2025-12-06 10:12  winrate=0.000  n_markets_traded=3.000  herfindahl_index_markets=0.385
11:46:14 [super] FLAGGED 0xe95b2f13959034e54abaa63bdb50ee8e36fe1c10  prob=0.364 (raw=0.666)  vol=$2  trades=2  first_trade=2025-10-23 10:57  winrate=0.000  n_markets_traded=1.000  herfindahl_index_markets=1.000
11:46:14 [super] FLAGGED 0x5a2be34e044310be3a6f2c71cb19c33cbb8702ba  prob=0.361 (raw=0.663)  vol=$2  trades=2  first_trade=2025-11-03 20:24  winrate=0.000  n_markets_traded=1.000  herfindahl_index_markets=1.000
11:46:14 [super] FLAGGED 0x2f0193488229c11231ddf9fded63abba786c745d  prob=0.361 (raw=0.663)  vol=$1  trades=2  first_trade=2025-12-18 12:31  winrate=0.000  n_markets_traded=2.000  herfindahl_index_markets=0.556
11:46:14 [super] FLAGGED 0x637143c2c0ce301a64cbb96eb1ef95f60857daf4  prob=0.356 (raw=0.658)  vol=$13  trades=2  first_trade=2025-12-05 02:19  winrate=0.000  n_markets_traded=7.000  herfindahl_index_markets=0.173
11:46:14 [super] FLAGGED 0xdc422a9a607ca60ad8e6b198b05fa8f9b6731814  prob=0.350 (raw=0.652)  vol=$6  trades=2  first_trade=2025-11-14 11:03  winrate=0.000  n_markets_traded=3.000  herfindahl_index_markets=0.384
11:46:14 [super] FLAGGED 0x5f600fc6e4711cd44567ea894b9b86073e6d5522  prob=0.344 (raw=0.646)  vol=$82  trades=4  first_trade=2025-12-15 22:30  winrate=0.444  n_markets_traded=27.000  herfindahl_index_markets=0.232
11:46:14 [super] FLAGGED 0xcd9c09986313c7b83cb1f522c438ce432c911d62  prob=0.344 (raw=0.645)  vol=$7  trades=2  first_trade=2025-12-12 19:12  winrate=0.125  n_markets_traded=8.000  herfindahl_index_markets=0.237
11:46:14 [super] FLAGGED 0x0629344325a7c1d6f570d3e0e1b94bde0bc84b92  prob=0.343 (raw=0.644)  vol=$264  trades=13  first_trade=2025-12-08 19:14  winrate=0.000  n_markets_traded=1.000  herfindahl_index_markets=1.000
11:46:14 [super] FLAGGED 0x7418e4b18c9109f65773f0f5561c1ba7c9f69365  prob=0.339 (raw=0.641)  vol=$11  trades=3  first_trade=2025-11-10 22:44  winrate=0.250  n_markets_traded=12.000  herfindahl_index_markets=0.212
11:46:14 [super] FLAGGED 0xa806f9b6c14e0d66ce6a42816e241f449aaed270  prob=0.332 (raw=0.633)  vol=$7  trades=2  first_trade=2025-12-13 16:19  winrate=0.400  n_markets_traded=5.000  herfindahl_index_markets=0.293
11:46:14 [super] FLAGGED 0x029c16716249f1572174d33dd12ad6242eff5137  prob=0.324 (raw=0.624)  vol=$2  trades=1  first_trade=2025-12-05 16:10  winrate=0.389  n_markets_traded=18.000  herfindahl_index_markets=0.160
11:46:14 [super] FLAGGED 0x2709c861d2a4c317c3b5901cda2ea37b4b0d9e3b  prob=0.322 (raw=0.623)  vol=$64  trades=4  first_trade=2025-12-12 12:13  winrate=0.000  n_markets_traded=1.000  herfindahl_index_markets=1.000
11:46:14 [super] FLAGGED 0x3d97d0599dd5ef261e30840ddece3eee1b00b3a3  prob=0.319 (raw=0.619)  vol=$1,504  trades=17  first_trade=2025-11-21 17:03  winrate=0.000  n_markets_traded=1.000  herfindahl_index_markets=1.000
11:46:14 [super] FLAGGED 0xa4384e150dafd6084bceaa13004a5a16e8409254  prob=0.319 (raw=0.619)  vol=$117  trades=3  first_trade=2025-12-09 23:56  winrate=0.000  n_markets_traded=1.000  herfindahl_index_markets=1.000
11:46:14 [super] FLAGGED 0xdfa1ac4225bb36307f3f827ad78468d68c836890  prob=0.315 (raw=0.615)  vol=$5,912  trades=87  first_trade=2025-11-02 05:07  winrate=0.000  n_markets_traded=1.000  herfindahl_index_markets=1.000
11:46:14 [super] FLAGGED 0xc5e2f4966a4a47c87b094eec96607685326125f7  prob=0.295 (raw=0.593)  vol=$43  trades=3  first_trade=2025-10-22 14:18  winrate=NaN  n_markets_traded=NaN  herfindahl_index_markets=NaN
11:46:14 [super] FLAGGED 0x275cfee6b4d1da10cb6ea5b63107589e07d86090  prob=0.290 (raw=0.587)  vol=$1,040  trades=6  first_trade=2025-12-15 22:43  winrate=0.000  n_markets_traded=1.000  herfindahl_index_markets=1.000
11:46:14 [super] FLAGGED 0x9d6c46e813322e05d02102f1562a23f5c8283407  prob=0.288 (raw=0.584)  vol=$3,668  trades=16  first_trade=2025-12-08 17:31  winrate=0.000  n_markets_traded=1.000  herfindahl_index_markets=1.000
11:46:14 [super] FLAGGED 0x5656baa3760fb65e34299b00d57ffa2a60e00b58  prob=0.286 (raw=0.583)  vol=$8  trades=1  first_trade=2025-12-07 08:53  winrate=0.333  n_markets_traded=3.000  herfindahl_index_markets=0.987
11:46:14 [super] FLAGGED 0x50889678312658c141e32bfd46bec234aa937fed  prob=0.286 (raw=0.583)  vol=$40  trades=4  first_trade=2025-12-10 17:35  winrate=0.000  n_markets_traded=3.000  herfindahl_index_markets=0.379
11:46:14 [super] FLAGGED 0x8c709ac824c314ec154a93d343136b763d555c15  prob=0.279 (raw=0.574)  vol=$2  trades=2  first_trade=2025-12-07 04:14  winrate=0.000  n_markets_traded=2.000  herfindahl_index_markets=0.500
11:46:14 [super] FLAGGED 0x8514073c600ed7bba5696d533727131f0deb6478  prob=0.274 (raw=0.568)  vol=$82  trades=2  first_trade=2025-10-22 14:30  winrate=0.667  n_markets_traded=3.000  herfindahl_index_markets=0.440
11:46:14 [super] FLAGGED 0x68375d2c2cde1fb0e7557e0c7d6d29e574db6d1a  prob=0.264 (raw=0.557)  vol=$2,841  trades=37  first_trade=2025-12-01 06:07  winrate=0.000  n_markets_traded=1.000  herfindahl_index_markets=1.000
11:46:14 [super] FLAGGED 0x05da758297b21d92f6ef9e87f5a051f72a34899c  prob=0.262 (raw=0.554)  vol=$1  trades=2  first_trade=2025-12-16 17:10  winrate=0.000  n_markets_traded=5.000  herfindahl_index_markets=0.200
11:46:14 [super] FLAGGED 0x51af92762db5c5a7d0599dc819a0b1fa63e8e996  prob=0.260 (raw=0.552)  vol=$431  trades=9  first_trade=2025-12-06 15:37  winrate=0.167  n_markets_traded=6.000  herfindahl_index_markets=0.235
11:46:14 [super] FLAGGED 0x9dd175ece2d412ad78efbdb88ee4a35f3e2b4584  prob=0.259 (raw=0.550)  vol=$85  trades=6  first_trade=2025-12-02 18:20  winrate=0.000  n_markets_traded=7.000  herfindahl_index_markets=0.197
11:46:14 [super] FLAGGED 0xa8303b1d51c836ce7c82e44d12129096ce192502  prob=0.257 (raw=0.548)  vol=$21,104  trades=206  first_trade=2025-12-13 04:32  winrate=0.000  n_markets_traded=1.000  herfindahl_index_markets=1.000
11:46:14 [super] FLAGGED 0x965271886800e7847e7e98bc7b7edaca9d515256  prob=0.256 (raw=0.548)  vol=$7  trades=2  first_trade=2025-12-05 15:14  winrate=0.100  n_markets_traded=9.000  herfindahl_index_markets=0.524
11:46:14 [super] FLAGGED 0xa9405261547e297abc3b7c946cda25a60b46d6bc  prob=0.256 (raw=0.547)  vol=$10,070  trades=69  first_trade=2025-11-10 04:58  winrate=0.000  n_markets_traded=1.000  herfindahl_index_markets=1.000
11:46:14 [super] FLAGGED 0xc8bcb9594d94f3846452be5634a9bfbc374a1d6c  prob=0.250 (raw=0.539)  vol=$462  trades=11  first_trade=2025-12-13 23:33  winrate=0.000  n_markets_traded=2.000  herfindahl_index_markets=0.504
11:46:14 [super] FLAGGED 0xad06035a5529de3e750239bc334f7ab1f28d2dfa  prob=0.245 (raw=0.533)  vol=$723  trades=27  first_trade=2025-12-05 01:58  winrate=0.250  n_markets_traded=11.000  herfindahl_index_markets=0.291
11:46:14 [super] FLAGGED 0x3ae95f2f711e5365a0586afcc897c6f28bdfd3db  prob=0.242 (raw=0.529)  vol=$10  trades=2  first_trade=2025-12-14 04:11  winrate=0.000  n_markets_traded=2.000  herfindahl_index_markets=0.592
11:46:14 [super] FLAGGED 0xeb1e1dd76fdeda6dfcb07d8604a5b5f39e0888d5  prob=0.235 (raw=0.521)  vol=$351  trades=4  first_trade=2025-10-15 18:28  winrate=0.565  n_markets_traded=154.000  herfindahl_index_markets=0.011
11:46:14 [super] FLAGGED 0xebb5bb75a130c7b0107ba8978615149a120c66a9  prob=0.233 (raw=0.518)  vol=$6  trades=4  first_trade=2025-11-09 12:49  winrate=0.500  n_markets_traded=18.000  herfindahl_index_markets=0.107
11:46:14 [super] FLAGGED 0x4f1323934e1959b5b9a857f04f7f9449f2461b9b  prob=0.230 (raw=0.515)  vol=$21,312  trades=73  first_trade=2025-12-09 21:27  winrate=0.000  n_markets_traded=1.000  herfindahl_index_markets=1.000
11:46:14 [super] FLAGGED 0x84da6fde57295170c7ed3c90da2f266cc38efb28  prob=0.226 (raw=0.509)  vol=$48  trades=21  first_trade=2025-10-22 17:02  winrate=0.000  n_markets_traded=8.000  herfindahl_index_markets=0.333
11:46:14 [super] FLAGGED 0xcd23b8b82026e77d041b4bb72f8b79651ebd4f9e  prob=0.225 (raw=0.508)  vol=$2  trades=2  first_trade=2025-10-22 12:54  winrate=0.000  n_markets_traded=7.000  herfindahl_index_markets=0.185
11:46:14 [super] FLAGGED 0xc9e45ae764c5d3cd0b28cd389318a46c6ef8f148  prob=0.223 (raw=0.505)  vol=$3  trades=2  first_trade=2025-10-25 16:09  winrate=0.400  n_markets_traded=5.000  herfindahl_index_markets=0.288
11:46:14 [super] FLAGGED 0x0bb6b9d57c22d1311f6873df8226dd6f2cb132b9  prob=0.223 (raw=0.504)  vol=$1,731  trades=19  first_trade=2025-11-20 23:24  winrate=0.111  n_markets_traded=9.000  herfindahl_index_markets=0.709
11:46:14 [super] FLAGGED 0xd382ccebab8193db9fba5508e2d97bdfb5ae3297  prob=0.222 (raw=0.503)  vol=$7  trades=4  first_trade=2025-11-09 12:52  winrate=0.000  n_markets_traded=3.000  herfindahl_index_markets=0.388
11:46:14 [super] FLAGGED 0x2b1f37cc27813d3539e6e1e1d85fa2e22ab08153  prob=0.214 (raw=0.493)  vol=$14  trades=5  first_trade=2025-11-14 15:44  winrate=0.000  n_markets_traded=6.000  herfindahl_index_markets=0.477
11:46:14 [super] FLAGGED 0x3f9b9007ec16a3ef4a66caa21feb7b91481e0029  prob=0.213 (raw=0.492)  vol=$8,681  trades=35  first_trade=2025-10-22 14:34  winrate=0.286  n_markets_traded=13.000  herfindahl_index_markets=0.150
11:46:14 [super] FLAGGED 0x96563e8cbc3aee5e56a0a3ee984527a48db0d2e0  prob=0.208 (raw=0.484)  vol=$1  trades=2  first_trade=2025-12-19 04:48  winrate=0.312  n_markets_traded=16.000  herfindahl_index_markets=0.281
11:46:14 [super] FLAGGED 0x5c686fea11d5e3f4e511b5b4f85a49a77aeb9272  prob=0.206 (raw=0.480)  vol=$14  trades=4  first_trade=2025-12-16 21:12  winrate=0.000  n_markets_traded=1.000  herfindahl_index_markets=1.000
11:46:14 [super] FLAGGED 0xf8718c05f1317fb2fb31739205cf344dbd6c82dd  prob=0.204 (raw=0.478)  vol=$6  trades=4  first_trade=2025-10-26 23:09  winrate=0.000  n_markets_traded=2.000  herfindahl_index_markets=0.508
11:46:14 [super] FLAGGED 0x65872916964601b91ae8596d36cd6a59a1586e84  prob=0.198 (raw=0.470)  vol=$107  trades=4  first_trade=2025-11-10 10:16  winrate=0.500  n_markets_traded=12.000  herfindahl_index_markets=0.163
11:46:14 [super] FLAGGED 0xb9a74e3170401e578b1b9c8fabb49b05462ef50f  prob=0.197 (raw=0.468)  vol=$114  trades=4  first_trade=2025-12-11 00:27  winrate=0.000  n_markets_traded=3.000  herfindahl_index_markets=0.824
11:46:14 [super] FLAGGED 0x181a88f87638c4421bb6f03ac1e9b2ad9ee139d8  prob=0.196 (raw=0.467)  vol=$87  trades=13  first_trade=2025-12-04 11:15  winrate=0.000  n_markets_traded=1.000  herfindahl_index_markets=1.000
11:46:14 [super] FLAGGED 0x9c242308c30cf35aca4de63c3de035e787e2a3d4  prob=0.190 (raw=0.457)  vol=$62  trades=1  first_trade=2025-11-17 05:42  winrate=0.667  n_markets_traded=3.000  herfindahl_index_markets=0.399
11:46:14 [super] FLAGGED 0x15c3a7d95a5fa3bc5ab1f98de37b7d149971f30c  prob=0.184 (raw=0.449)  vol=$106  trades=6  first_trade=2025-12-13 18:13  winrate=0.000  n_markets_traded=2.000  herfindahl_index_markets=0.662
11:46:14 [super] FLAGGED 0xd1ff714171dd1212fc4c9a3bf27d889cc076f5ae  prob=0.183 (raw=0.447)  vol=$79  trades=2  first_trade=2025-12-12 10:32  winrate=0.333  n_markets_traded=3.000  herfindahl_index_markets=0.390
11:46:14 [super] FLAGGED 0xbc106b72a23d053cf24044a632f023ac0de885c8  prob=0.178 (raw=0.439)  vol=$61  trades=2  first_trade=2025-11-17 05:38  winrate=0.571  n_markets_traded=7.000  herfindahl_index_markets=0.291
11:46:14 [super] FLAGGED 0xb7cb77c0b43489800d45d3e9373d97c5ae85897c  prob=0.178 (raw=0.439)  vol=$7  trades=2  first_trade=2025-12-19 09:05  winrate=0.333  n_markets_traded=6.000  herfindahl_index_markets=0.667
11:46:14 [super] FLAGGED 0xcfefc712c2f448bbed4528aa57022c7bcbdd9c1e  prob=0.177 (raw=0.437)  vol=$9,686  trades=99  first_trade=2025-11-10 04:36  winrate=0.000  n_markets_traded=1.000  herfindahl_index_markets=1.000
11:46:14 [super] FLAGGED 0x4fba9920f775f911df98c7099e98c0eb3e2d32b6  prob=0.176 (raw=0.436)  vol=$27  trades=2  first_trade=2025-12-18 20:37  winrate=0.125  n_markets_traded=8.000  herfindahl_index_markets=0.184
11:46:14 [super] FLAGGED 0x5580d325826484f14ba4cb2db459613da6fdda57  prob=0.176 (raw=0.435)  vol=$50  trades=2  first_trade=2025-12-04 11:02  winrate=0.629  n_markets_traded=31.000  herfindahl_index_markets=0.214
11:46:14 [super] FLAGGED 0xc0f14071d72ce702695ce734acbcf57b298e4235  prob=0.174 (raw=0.432)  vol=$3,225  trades=17  first_trade=2025-12-07 10:05  winrate=0.000  n_markets_traded=1.000  herfindahl_index_markets=1.000
11:46:14 [super] FLAGGED 0x71bc6a7491622ebd390c768aab2e1f2e43638d08  prob=0.171 (raw=0.428)  vol=$4  trades=4  first_trade=2025-12-17 16:31  winrate=0.000  n_markets_traded=3.000  herfindahl_index_markets=0.333
11:46:14 [super] FLAGGED 0xb880d3875b742fb871a0fdab3d5ec55e00a7c0f9  prob=0.171 (raw=0.428)  vol=$190  trades=4  first_trade=2025-12-14 19:26  winrate=0.500  n_markets_traded=8.000  herfindahl_index_markets=0.212
11:46:14 [super] FLAGGED 0x169916c8c436699f2674ea29f0941518da6ef6f9  prob=0.170 (raw=0.427)  vol=$6  trades=4  first_trade=2025-10-27 22:52  winrate=0.000  n_markets_traded=8.000  herfindahl_index_markets=0.200
11:46:14 [super] FLAGGED 0x58b38ef58d1b9cc57feace8e4e879abfec7e5e3e  prob=0.170 (raw=0.426)  vol=$1,525  trades=15  first_trade=2025-12-12 16:20  winrate=0.000  n_markets_traded=3.000  herfindahl_index_markets=0.926
11:46:14 [super] FLAGGED 0xbe2f7e9db2e4435b2710a0fd0a0dc149f4d7cb31  prob=0.170 (raw=0.426)  vol=$553  trades=13  first_trade=2025-11-09 17:23  winrate=0.000  n_markets_traded=1.000  herfindahl_index_markets=1.000
11:46:14 [super] FLAGGED 0xe2eedd8c3b0668dc19757c314ea41dfaa5c760b8  prob=0.167 (raw=0.421)  vol=$90  trades=21  first_trade=2025-11-11 06:00  winrate=0.286  n_markets_traded=7.000  herfindahl_index_markets=0.228
11:46:14 [super] FLAGGED 0xd42a3303d73c0b2b87599b133aa14513b56466b1  prob=0.164 (raw=0.416)  vol=$1  trades=2  first_trade=2025-12-05 17:48  winrate=0.000  n_markets_traded=155.000  herfindahl_index_markets=0.011
11:46:14 [super] FLAGGED 0x3a52aa6dcc9326ccb1ff0fe8c69b5ca9268a612f  prob=0.163 (raw=0.415)  vol=$2,562  trades=12  first_trade=2025-12-12 09:37  winrate=0.667  n_markets_traded=3.000  herfindahl_index_markets=0.389
11:46:14 [super] FLAGGED 0xc01606af61e41bde6c4f0ef89780329386307eef  prob=0.161 (raw=0.411)  vol=$15  trades=2  first_trade=2025-12-11 13:56  winrate=0.000  n_markets_traded=6.000  herfindahl_index_markets=0.183
11:46:14 [super] FLAGGED 0xf8a779cfd3d6dbd9f8f1071eff543ccd544f6d1d  prob=0.161 (raw=0.411)  vol=$145  trades=4  first_trade=2025-12-17 15:35  winrate=0.000  n_markets_traded=1.000  herfindahl_index_markets=1.000
11:46:14 [super] FLAGGED 0xeb62a27b14c1813ddb6ac7c26377011a59658a6c  prob=0.158 (raw=0.405)  vol=$16  trades=6  first_trade=2025-11-12 16:07  winrate=0.000  n_markets_traded=1.000  herfindahl_index_markets=1.000
11:46:14 [super] FLAGGED 0x39b3a9c900afac3d147b4a291cef171390f9c82c  prob=0.158 (raw=0.405)  vol=$2  trades=2  first_trade=2025-10-29 22:22  winrate=0.161  n_markets_traded=87.000  herfindahl_index_markets=0.103
11:46:14 [super] FLAGGED 0x0f1325dab7436f14061e76ca3527419b04dd7e4d  prob=0.157 (raw=0.404)  vol=$10  trades=4  first_trade=2025-11-28 12:58  winrate=0.167  n_markets_traded=6.000  herfindahl_index_markets=0.198
11:46:14 [super] FLAGGED 0x21670b1639a5641ef6a9565f06c511c3c864af1d  prob=0.155 (raw=0.400)  vol=$135  trades=2  first_trade=2025-12-14 14:22  winrate=0.500  n_markets_traded=4.000  herfindahl_index_markets=0.294
11:46:14 [super] FLAGGED 0xef1e282bcaec20a22b6cef973a0e3d4de18f9e0e  prob=0.155 (raw=0.400)  vol=$16  trades=3  first_trade=2025-11-11 15:41  winrate=0.000  n_markets_traded=3.000  herfindahl_index_markets=0.350
11:46:14 [super] FLAGGED 0x87bed7844358e83f9804c87a6c7b0bee20f9bdb5  prob=0.153 (raw=0.397)  vol=$93  trades=3  first_trade=2025-10-22 19:15  winrate=0.417  n_markets_traded=12.000  herfindahl_index_markets=0.321
11:46:14 [super] FLAGGED 0x2bf0d78c2c8866491014e090a32a2403bb2181ab  prob=0.151 (raw=0.393)  vol=$53  trades=4  first_trade=2025-10-26 15:03  winrate=0.000  n_markets_traded=2.000  herfindahl_index_markets=0.592
11:46:14 [super] FLAGGED 0x35137cecaef86b04c9065a2123cd39f29efb3504  prob=0.150 (raw=0.391)  vol=$1,852  trades=19  first_trade=2025-10-22 18:31  winrate=0.000  n_markets_traded=2.000  herfindahl_index_markets=0.504
11:46:14 [super] FLAGGED 0xa3e2c139f042779ca8e4548da0b67fbcc19df3d5  prob=0.150 (raw=0.390)  vol=$2  trades=2  first_trade=2025-11-07 07:39  winrate=0.444  n_markets_traded=9.000  herfindahl_index_markets=0.490
11:46:14 [super] FLAGGED 0x51727751a22b3f61b89a9e0a143ab4e0e33731e6  prob=0.149 (raw=0.389)  vol=$1,144  trades=8  first_trade=2025-12-06 19:08  winrate=0.000  n_markets_traded=5.000  herfindahl_index_markets=0.324
11:46:14 [super] FLAGGED 0x14e8ab8ec25d94ce1ed324ef553803d901fa86d9  prob=0.149 (raw=0.389)  vol=$12,660  trades=94  first_trade=2025-11-13 16:04  winrate=0.333  n_markets_traded=3.000  herfindahl_index_markets=0.499
11:46:14 [super] FLAGGED 0x49528eebbe4bdabd56e4751cc61e6aefc1773d2f  prob=0.146 (raw=0.384)  vol=$1  trades=2  first_trade=2025-12-16 08:22  winrate=0.000  n_markets_traded=8.000  herfindahl_index_markets=0.205
11:46:14 [super] FLAGGED 0x11e74b8f0862d780695d762c2e17918d9f5bd3cc  prob=0.146 (raw=0.384)  vol=$2  trades=2  first_trade=2025-12-19 09:55  winrate=0.000  n_markets_traded=1.000  herfindahl_index_markets=1.000
11:46:14 [super] FLAGGED 0x3051dbd4b5bcb8e38b98e3ca347cbcd3be9555ec  prob=0.143 (raw=0.378)  vol=$16  trades=3  first_trade=2025-12-03 12:26  winrate=0.389  n_markets_traded=18.000  herfindahl_index_markets=0.680
11:46:14 [super] FLAGGED 0x1cdde5772d942700275ce7f37040d0ca85826603  prob=0.143 (raw=0.378)  vol=$28  trades=5  first_trade=2025-11-10 20:28  winrate=0.000  n_markets_traded=1.000  herfindahl_index_markets=1.000
11:46:14 [super] FLAGGED 0x72742f72d29c3e8b2d3df0c7e8bd27513ca85d7a  prob=0.142 (raw=0.376)  vol=$174  trades=6  first_trade=2025-10-27 07:21  winrate=0.300  n_markets_traded=10.000  herfindahl_index_markets=0.190
11:46:14 [super] FLAGGED 0x693329b891dd27106659da14b89f97af5a167169  prob=0.141 (raw=0.375)  vol=$1,192  trades=12  first_trade=2025-12-10 21:36  winrate=0.333  n_markets_traded=12.000  herfindahl_index_markets=0.174
11:46:14 [super] FLAGGED 0xfe8385d6df9d9fc267ca02eceb8683d2d30b104b  prob=0.138 (raw=0.369)  vol=$1  trades=2  first_trade=2025-12-19 07:50  winrate=0.222  n_markets_traded=9.000  herfindahl_index_markets=0.164
11:46:14 [super] FLAGGED 0x373eed9e34112c21425183507daf1e978b009c9e  prob=0.138 (raw=0.368)  vol=$307  trades=6  first_trade=2025-12-05 21:27  winrate=0.000  n_markets_traded=1.000  herfindahl_index_markets=1.000
11:46:14 [super] FLAGGED 0xe2c14add011e01eb670d3e77f48508132ac76a61  prob=0.137 (raw=0.366)  vol=$605  trades=10  first_trade=2025-11-05 04:45  winrate=0.000  n_markets_traded=1.000  herfindahl_index_markets=1.000
11:46:14 [super] FLAGGED 0xe0eed76b2fec7749b4e0fcbc6c4bf3fe02f09a23  prob=0.135 (raw=0.363)  vol=$13  trades=3  first_trade=2025-12-08 14:03  winrate=NaN  n_markets_traded=NaN  herfindahl_index_markets=NaN
11:46:14 [super] FLAGGED 0x49b0e1e55c8e5ccbe593fd18a8c1953c9f7ab620  prob=0.135 (raw=0.363)  vol=$26  trades=5  first_trade=2025-11-11 03:24  winrate=0.000  n_markets_traded=2.000  herfindahl_index_markets=0.531
11:46:14 [super] FLAGGED 0x5eddc5df032f4c8408a650f4bc638acbcfcc994c  prob=0.134 (raw=0.361)  vol=$426  trades=10  first_trade=2025-12-05 12:03  winrate=0.500  n_markets_traded=12.000  herfindahl_index_markets=0.321
11:46:14 [super] FLAGGED 0x13b52a5457f9afc36d71df286e6232948e1ced8e  prob=0.134 (raw=0.360)  vol=$8  trades=2  first_trade=2025-12-04 22:59  winrate=0.000  n_markets_traded=9.000  herfindahl_index_markets=0.111
11:46:14 [super] FLAGGED 0x6c7d00dbfa575d39b1d0b085e2ad496b629f4cc3  prob=0.134 (raw=0.359)  vol=$2,965  trades=35  first_trade=2025-11-07 16:17  winrate=0.667  n_markets_traded=3.000  herfindahl_index_markets=0.364
11:46:14 [super] FLAGGED 0xc68f372e8740b63d67da488392223545b1bf8fc2  prob=0.133 (raw=0.358)  vol=$2,856  trades=15  first_trade=2025-11-11 15:41  winrate=0.000  n_markets_traded=6.000  herfindahl_index_markets=0.221
11:46:14 [super] FLAGGED 0x13134813973db95b891ccffa7fd0fa25e32485d8  prob=0.132 (raw=0.356)  vol=$10,218  trades=50  first_trade=2025-12-15 19:41  winrate=0.273  n_markets_traded=22.000  herfindahl_index_markets=0.243
11:46:14 [super] FLAGGED 0x52b72250447d2ae686feab9e1cbff390a7c7b8e5  prob=0.132 (raw=0.355)  vol=$1  trades=2  first_trade=2025-12-08 06:13  winrate=0.217  n_markets_traded=23.000  herfindahl_index_markets=0.708
11:46:14 [super] FLAGGED 0x2c022eac5685fd9b5a93d27e7fc883f1942c9588  prob=0.131 (raw=0.353)  vol=$4  trades=2  first_trade=2025-11-10 11:54  winrate=0.000  n_markets_traded=7.000  herfindahl_index_markets=0.295
11:46:14 [super] FLAGGED 0xa326a0601ba1c59188695ef23e9c7d966a0c4556  prob=0.129 (raw=0.350)  vol=$1,835  trades=12  first_trade=2025-12-11 10:15  winrate=0.625  n_markets_traded=56.000  herfindahl_index_markets=0.052
11:46:14 [super] FLAGGED 0xabe65e7ded2a4fc9e5d0231fae10dc235cd749eb  prob=0.129 (raw=0.350)  vol=$33  trades=5  first_trade=2025-12-18 22:21  winrate=0.500  n_markets_traded=12.000  herfindahl_index_markets=0.190
11:46:14 [super] FLAGGED 0x37e62186f08b7c42f4ed8cf25d1f0e10dabece6f  prob=0.129 (raw=0.350)  vol=$48  trades=4  first_trade=2025-12-10 19:38  winrate=0.000  n_markets_traded=7.000  herfindahl_index_markets=0.476
11:46:14 [super] FLAGGED 0xaf2c389e18c5f22ec00b5082a529f939009a3df6  prob=0.128 (raw=0.349)  vol=$182  trades=8  first_trade=2025-10-22 18:45  winrate=0.000  n_markets_traded=1.000  herfindahl_index_markets=1.000
11:46:14 [super] FLAGGED 0x2e1b465504fd80ee76f00e37ccecaa82d06b70af  prob=0.128 (raw=0.347)  vol=$2  trades=2  first_trade=2025-12-04 08:18  winrate=0.368  n_markets_traded=19.000  herfindahl_index_markets=0.229
11:46:14 [super] FLAGGED 0x9a6d32cbcab5fa673e8ff0c8bae5d6e21fccb3fe  prob=0.122 (raw=0.335)  vol=$835  trades=7  first_trade=2025-12-05 23:47  winrate=0.077  n_markets_traded=13.000  herfindahl_index_markets=0.330
11:46:14 [super] FLAGGED 0x6ca8345ef17302461c731c0cb1fb37bafc63adff  prob=0.121 (raw=0.332)  vol=$1  trades=2  first_trade=2025-12-06 04:41  winrate=0.037  n_markets_traded=27.000  herfindahl_index_markets=0.042
11:46:14 [super] FLAGGED 0x10285464083ee126e6b959ce230775e5bc6eda76  prob=0.119 (raw=0.329)  vol=$5  trades=4  first_trade=2025-12-02 23:07  winrate=0.000  n_markets_traded=5.000  herfindahl_index_markets=0.200
11:46:14 [super] FLAGGED 0x75eeaa9438f28c6e2afadf3f17094149476429e3  prob=0.119 (raw=0.329)  vol=$4  trades=2  first_trade=2025-12-06 14:43  winrate=0.571  n_markets_traded=14.000  herfindahl_index_markets=0.404
11:46:14 [super] FLAGGED 0x3ecd3db679fb129c739374fcd472af30009824ea  prob=0.118 (raw=0.326)  vol=$71  trades=2  first_trade=2025-12-05 20:02  winrate=0.200  n_markets_traded=5.000  herfindahl_index_markets=0.256
11:46:14 [super] FLAGGED 0xb96da849fcb4e348af1cc55519012b2f99d367e4  prob=0.115 (raw=0.320)  vol=$20  trades=2  first_trade=2025-12-06 21:22  winrate=0.133  n_markets_traded=15.000  herfindahl_index_markets=0.341
11:46:14 [super] FLAGGED 0xbc644a8026254f009f06889aa42fbbf25d95af44  prob=0.114 (raw=0.317)  vol=$12  trades=4  first_trade=2025-12-11 01:19  winrate=0.000  n_markets_traded=5.000  herfindahl_index_markets=0.291
11:46:14 [super] FLAGGED 0xccb0f6cccf71c182ab5d25ca05a3c8ab5d2844db  prob=0.114 (raw=0.317)  vol=$1  trades=2  first_trade=2025-12-08 00:05  winrate=0.000  n_markets_traded=6.000  herfindahl_index_markets=0.167
11:46:14 [super] FLAGGED 0x581879a78e6dacf429b9fedfc857d1405182a8f4  prob=0.114 (raw=0.316)  vol=$10  trades=2  first_trade=2025-12-12 14:40  winrate=0.500  n_markets_traded=28.000  herfindahl_index_markets=0.051
11:46:14 [super] FLAGGED 0xb83d9147b95c5edbc9fc78adc9445cd5708e140f  prob=0.113 (raw=0.316)  vol=$3  trades=2  first_trade=2025-12-09 19:49  winrate=0.408  n_markets_traded=49.000  herfindahl_index_markets=0.065
11:46:14 [super] FLAGGED 0x5db663022fbb3212b1a87f79c776b2efecf97fce  prob=0.112 (raw=0.311)  vol=$21  trades=6  first_trade=2025-12-09 19:49  winrate=0.000  n_markets_traded=2.000  herfindahl_index_markets=0.500
11:46:14 [super] FLAGGED 0x19ce04e07f87e44dd47b7529811053f0504ec1db  prob=0.111 (raw=0.311)  vol=$6  trades=6  first_trade=2025-12-19 01:19  winrate=0.000  n_markets_traded=15.000  herfindahl_index_markets=0.251
11:46:14 [super] FLAGGED 0x7f9604e2f8b5574cd931295adf9a18fd37dd7eff  prob=0.110 (raw=0.308)  vol=$1  trades=2  first_trade=2025-12-07 09:08  winrate=0.250  n_markets_traded=8.000  herfindahl_index_markets=0.205
11:46:14 [super] FLAGGED 0x464b0a37c227c395d3f79fa13adfec6fc57b2c0e  prob=0.110 (raw=0.307)  vol=$59  trades=4  first_trade=2025-12-11 01:20  winrate=0.333  n_markets_traded=3.000  herfindahl_index_markets=0.578
11:46:14 [super] FLAGGED 0x7c5fee5484de4271c9de0664ebc0bcd9887a697e  prob=0.109 (raw=0.304)  vol=$125  trades=4  first_trade=2025-12-06 16:27  winrate=0.000  n_markets_traded=3.000  herfindahl_index_markets=0.375
11:46:14 [super] FLAGGED 0x72bf5aa6bff2685c5396ce26d17541a818715c5d  prob=0.108 (raw=0.303)  vol=$8  trades=4  first_trade=2025-10-23 16:41  winrate=0.000  n_markets_traded=2.000  herfindahl_index_markets=0.500
11:46:14 [super] FLAGGED 0x9db778f46b7c9b458045764a67ff4afcae917e1f  prob=0.108 (raw=0.302)  vol=$25,666  trades=13  first_trade=2025-10-21 21:56  winrate=0.000  n_markets_traded=8.000  herfindahl_index_markets=0.758
11:46:14 [super] FLAGGED 0x8aea58982bb8cd622fe8f2ed8664c53527972c5e  prob=0.107 (raw=0.301)  vol=$23  trades=9  first_trade=2025-11-12 00:29  winrate=0.000  n_markets_traded=3.000  herfindahl_index_markets=0.708
11:46:14 [super] FLAGGED 0xe644d71c469ba989e8aed8821d899bdbe0ea69f7  prob=0.104 (raw=0.294)  vol=$3  trades=4  first_trade=2025-12-11 19:42  winrate=0.000  n_markets_traded=3.000  herfindahl_index_markets=0.421
11:46:14 [super] FLAGGED 0xe50636bf1b73ff2d723cc9b8e5e729eb65b1aaad  prob=0.104 (raw=0.293)  vol=$50  trades=3  first_trade=2025-11-10 20:44  winrate=0.200  n_markets_traded=5.000  herfindahl_index_markets=0.231
11:46:14 [super] FLAGGED 0x9e23428650f0b6e14fb90ccf4f97601702f8cf5b  prob=0.103 (raw=0.291)  vol=$4  trades=3  first_trade=2025-11-10 19:50  winrate=0.267  n_markets_traded=15.000  herfindahl_index_markets=0.104
11:46:14 [super] FLAGGED 0x70f96cc2f4eceb59cd86003c7b8dec9028bda571  prob=0.103 (raw=0.290)  vol=$31  trades=9  first_trade=2025-11-03 17:14  winrate=0.000  n_markets_traded=15.000  herfindahl_index_markets=0.246
11:46:14 [super] FLAGGED 0x35e37a99c229291ab0af8311460421c31ffbfe95  prob=0.101 (raw=0.287)  vol=$41  trades=11  first_trade=2025-12-18 22:21  winrate=0.286  n_markets_traded=21.000  herfindahl_index_markets=0.117
11:46:14 [super] FLAGGED 0x04ca3a711b5ee65cbf358a857041a71e5774abc4  prob=0.100 (raw=0.283)  vol=$49  trades=4  first_trade=2025-11-14 19:09  winrate=0.000  n_markets_traded=4.000  herfindahl_index_markets=0.260
11:46:14 [super] FLAGGED 0xb14976137e8351492d73333d470ce38f42397c42  prob=0.100 (raw=0.283)  vol=$3  trades=4  first_trade=2025-12-11 08:43  winrate=0.143  n_markets_traded=14.000  herfindahl_index_markets=0.791
11:46:14 [super] wrote supercompute_willdraftkingslaunchapre_20260701_100758_results.csv
11:46:14 [super] wrote supercompute_willdraftkingslaunchapre_20260701_100758_flagged.csv
11:46:14 [super] plots: rendering top 25 wallets' trades to supercompute_willdraftkingslaunchapre_20260701_100758_plots
11:46:15 [super] plots: wrote rank01_0xe0c1ddebe66d07f2a0503a20e8dbb4a961e50afe.png (48 trades)
11:46:15 [super] plots: wrote rank02_0x8dc5fcff363eef19ad5f0bfce9f1fa216d456706.png (51 trades)
11:46:16 [super] plots: wrote rank03_0xd2ad216b52a5556f69b961d7f026a4cf485d08af.png (32 trades)
11:46:16 [super] plots: wrote rank04_0x7320e4af7f8b186a18a1700d2c71a330c8042dfa.png (15 trades)
11:46:16 [super] plots: wrote rank05_0x5546f0cea3510e7ff3f098ffbd8e38db9d2c9b24.png (2 trades)
11:46:16 [super] plots: wrote rank06_0x55ea982cebff271722419595e0659ef297b48d7c.png (106 trades)
11:46:17 [super] plots: wrote rank07_0xbd810a483eb846da535405a442532f86dcfe1f7f.png (158 trades)
11:46:17 [super] plots: wrote rank08_0xe744061988303929d6d9289fb168e0576498a38f.png (8 trades)
11:46:17 [super] plots: wrote rank09_0xc37002d5a6307806d3b2fcfb3c2c205a11305c89.png (75 trades)
11:46:17 [super] plots: wrote rank10_0x44c2f518cbd0ada57dd37433cfb4902974206ab4.png (2 trades)
11:46:18 [super] plots: wrote rank11_0x12ce3890e874db41eef1ffaf74d0cae6059fb9d0.png (5 trades)
11:46:18 [super] plots: wrote rank12_0x039a30e6685c0eb12477b385a1f25fb3cfeb5e22.png (1 trades)
11:46:18 [super] plots: wrote rank13_0x44e45692525997813fef1a5a959fa0efc08a7626.png (4 trades)
11:46:18 [super] plots: wrote rank14_0x514d963f30712c701fc874f87ee6847557384200.png (3 trades)
11:46:18 [super] plots: wrote rank15_0x6dd0313d00ee02f77112f8e9c0d676fc614941a1.png (3 trades)
11:46:19 [super] plots: wrote rank16_0x9045d26a02004f32b02514f138d8d31b3503aea5.png (2 trades)
11:46:19 [super] plots: wrote rank17_0x13fcafbb6ad5fa8b6b77be10742929ae384e5cf5.png (15 trades)
11:46:19 [super] plots: wrote rank18_0x6a2999256809ddeb954dd4aad8e79c2acaa93a3a.png (2 trades)
11:46:19 [super] plots: wrote rank19_0x9d0ed2d3edb1a23914c6bf54e693340b0dac9485.png (71 trades)
11:46:20 [super] plots: wrote rank20_0xb6be5c4fb88f771b7ff34f8566d6220cdf97a901.png (2 trades)
11:46:20 [super] plots: wrote rank21_0x394935db91b8a03dd681bf67be9c94bbc16c753d.png (65 trades)
11:46:20 [super] plots: wrote rank22_0xd12e437e37f9ecd7e37ce86ad3f5f932c95bb562.png (2 trades)
11:46:20 [super] plots: wrote rank23_0x1d41cbe4b082948c1571b2c722959ae364309d2b.png (2 trades)
11:46:21 [super] plots: wrote rank24_0x20a2d525dbd477bf3bfd75d3cd1af487c4e8d1ae.png (3 trades)
11:46:21 [super] plots: wrote rank25_0x4b0f2e9693dbd622aa221752ea762eaf5176c34f.png (11 trades)
11:46:21 [super] plots: 25/25 PNGs written to supercompute_willdraftkingslaunchapre_20260701_100758_plots
11:46:21 [super] log saved to supercompute_willdraftkingslaunchapre_20260701_100758.log
