09:41:14 [super] ============================================================
09:41:14 [super] supercompute starting, log=supercompute_willcardibperformduringt_20260701_094114.log
09:41:14 [super] market=will-cardi-b-perform-during-the-super-bowl-lx-halftime-show  jobs=16  meta_jobs=8  top_n=all
09:41:14 [super] model=xgb_insider_25ir_latest.json  features=30 (20 behavioral + 10 metadata)  calibrator=yes  threshold=0.1
09:41:14 [super] known-insider wallets for funder signal: 0
09:41:14 [super] events: cache miss -> resolving market + fetching (needs internet)...
09:45:14 [super] events: fetched 32556 in 240.4s
09:45:15 [super] events: cached to cache/events/will-cardi-b-perform-during-the-super-bowl-lx-halftime-show.pkl
09:45:15 [super] market resolved: tokens=2 closed=True duration=231.3d
09:45:15 [super] market: closed=True final_outcome_yes=1  wallets that traded: 2897
09:45:15 [super] scoring 2897 wallets
09:45:15 [super] behavioral: 2897 wallets across 16 processes
09:49:58 [super] behavioral: 200/2897 wallets (283s)
09:54:16 [super] behavioral: 400/2897 wallets (541s)
09:56:50 [super] behavioral: 600/2897 wallets (695s)
10:00:58 [super] behavioral: 800/2897 wallets (944s)
10:03:46 [super] behavioral: 1000/2897 wallets (1111s)
10:07:39 [super] behavioral: 1200/2897 wallets (1344s)
10:10:54 [super] behavioral: 1400/2897 wallets (1539s)
10:14:18 [super] behavioral: 1600/2897 wallets (1743s)
10:18:07 [super] behavioral: 1800/2897 wallets (1972s)
10:21:13 [super] behavioral: 2000/2897 wallets (2158s)
10:24:49 [super] behavioral: 2200/2897 wallets (2374s)
10:28:33 [super] behavioral: 2400/2897 wallets (2598s)
10:31:32 [super] behavioral: 2600/2897 wallets (2777s)
10:35:21 [super] behavioral: 2800/2897 wallets (3006s)
10:36:01 [super] behavioral: 2897/2897 wallets (3046s)
10:36:01 [super] behavioral: done in 3045.6s
10:36:01 [super] metadata: 2897 wallets across 8 threads (api_key=set)
10:41:46 [super] metadata: 200/2897 wallets (346s)
10:47:22 [super] metadata: 400/2897 wallets (681s)
10:53:32 [super] metadata: 600/2897 wallets (1051s)
10:59:42 [super] metadata: 800/2897 wallets (1422s)
11:06:43 [super] metadata: 1000/2897 wallets (1842s)
11:11:38 [super] metadata: 1200/2897 wallets (2137s)
11:14:34 [super] metadata failed for 0x218a13cb7a3c1cdc9673646aa3f90620b45aaef1: ReadTimeout: HTTPSConnectionPool(host='api.etherscan.io', port=443): Read timed out. (read timeout=30.0)
11:14:39 [super] metadata failed for 0x6ab6c578b0d9110c5bb97170434f03a624af51ce: ReadTimeout: HTTPSConnectionPool(host='api.etherscan.io', port=443): Read timed out. (read timeout=30.0)
11:17:16 [super] metadata: 1400/2897 wallets (2476s)
11:22:53 [super] metadata: 1600/2897 wallets (2813s)
11:27:33 [super] metadata failed for 0xcba18cf899692238b5827bbb632e0e66ef6102b3: ReadTimeout: HTTPSConnectionPool(host='api.etherscan.io', port=443): Read timed out. (read timeout=30.0)
11:27:38 [super] metadata failed for 0x93475f0fce1330eb1c0da6b47f2e22ec6a66f79d: ReadTimeout: HTTPSConnectionPool(host='api.etherscan.io', port=443): Read timed out. (read timeout=30.0)
11:28:39 [super] metadata: 1800/2897 wallets (3159s)
11:34:35 [super] metadata: 2000/2897 wallets (3515s)
11:40:38 [super] metadata: 2200/2897 wallets (3877s)
11:46:45 [super] metadata: 2400/2897 wallets (4244s)
11:52:19 [super] metadata: 2600/2897 wallets (4578s)
11:57:39 [super] metadata: 2800/2897 wallets (4898s)
11:57:45 [super] metadata failed for 0x9c05b112a5f8ee9c0279ac1279472764640da019: HTTPError: 503 Server Error: Service Unavailable for url: https://api.etherscan.io/v2/api?module=account&action=tokentx&contractaddress=0x2791bca1f2de4661ed88a30c99a7a9449aa84174&address=0x9c05b112a5f8ee9c0279ac1279472764640da019&startblock=0&endblock=99999999&page=1&offset=100&sort=asc&apikey=DMMKC6M33S9W3T77SRE1T3JG4A9ZPDECVD&chainid=137
11:57:48 [super] metadata failed for 0x017214fe738a19edbebc13dc13e6298670b04d2b: HTTPError: 503 Server Error: Service Unavailable for url: https://api.etherscan.io/v2/api?module=account&action=tokentx&contractaddress=0x2791bca1f2de4661ed88a30c99a7a9449aa84174&address=0x017214fe738a19edbebc13dc13e6298670b04d2b&startblock=0&endblock=99999999&page=1&offset=100&sort=asc&apikey=DMMKC6M33S9W3T77SRE1T3JG4A9ZPDECVD&chainid=137
11:58:28 [super] metadata failed for 0x8ced063775ff95d62d0c0f66cc699126e6c520e0: ReadTimeout: HTTPSConnectionPool(host='api.etherscan.io', port=443): Read timed out. (read timeout=30.0)
11:58:30 [super] metadata failed for 0x9854c5d3dffb0e2c5987869a04d3ce73f9136095: ReadTimeout: HTTPSConnectionPool(host='api.etherscan.io', port=443): Read timed out. (read timeout=30.0)
11:58:32 [super] metadata failed for 0xcfbc9fe204647dcec3b378515683ccee2b52ff78: ReadTimeout: HTTPSConnectionPool(host='api.etherscan.io', port=443): Read timed out. (read timeout=30.0)
11:58:32 [super] metadata failed for 0x6430438f6d1b49daabe7aff5cc6b6e22a7994cf1: ReadTimeout: HTTPSConnectionPool(host='api.etherscan.io', port=443): Read timed out. (read timeout=30.0)
11:58:40 [super] metadata failed for 0xb920d271a2e6acee95cb317a33bc325bc6f63578: ReadTimeout: HTTPSConnectionPool(host='api.etherscan.io', port=443): Read timed out. (read timeout=30.0)
11:59:11 [super] metadata failed for 0xb48a5a0cd99de633fdd88cb7c4a10a82916d6996: ReadTimeout: HTTPSConnectionPool(host='api.etherscan.io', port=443): Read timed out. (read timeout=30.0)
11:59:12 [super] metadata failed for 0x52b34340843c8210a17a44597861e6b629fd1993: ReadTimeout: HTTPSConnectionPool(host='api.etherscan.io', port=443): Read timed out. (read timeout=30.0)
11:59:15 [super] metadata failed for 0xb7a07990e26d0d82e9e2bb3780fb04be7ccae3b7: ReadTimeout: HTTPSConnectionPool(host='api.etherscan.io', port=443): Read timed out. (read timeout=30.0)
11:59:23 [super] metadata failed for 0x909bfb5ecc736f1ee271be09f4d606e5ff9edf75: ReadTimeout: HTTPSConnectionPool(host='api.etherscan.io', port=443): Read timed out. (read timeout=30.0)
12:00:52 [super] metadata: 2897/2897 wallets (5091s)
12:00:52 [super] metadata: done in 5091.1s
12:00:52 [super] ============================================================
12:00:52 [super] RESULT: 445/2897 wallets flagged at calibrated prob >= 0.1
12:00:52 [super] ============================================================
12:00:52 [super] wallets with volume > $1,000, ranked high->low (567 of 2897):
12:00:52 [super] * #1     0x6caa2c412b161d8858945a1d6dab4528618f5917  prob=0.6926 (raw=0.9865)  vol=$1,076  trades=24  first_trade=2026-02-07 02:11  winrate=0.000  n_markets_traded=1.000  herfindahl_index_markets=1.000
12:00:52 [super] * #3     0x71645196d4a4856ebfd8e57d5582c209a6f8827f  prob=0.6864 (raw=0.9797)  vol=$8,296  trades=45  first_trade=2026-02-08 19:07  winrate=0.000  n_markets_traded=1.000  herfindahl_index_markets=1.000
12:00:52 [super] * #5     0x40d9ac81a425f14d2c490c41ac8969c0cbcfd472  prob=0.6676 (raw=0.9596)  vol=$28,375  trades=34  first_trade=2026-02-06 20:49  winrate=0.000  n_markets_traded=2.000  herfindahl_index_markets=0.601
12:00:52 [super] * #6     0x8785662663372eab8d76ae9d850e5c09adca8cc1  prob=0.6542 (raw=0.9456)  vol=$10,459  trades=22  first_trade=2026-02-09 00:57  winrate=0.000  n_markets_traded=1.000  herfindahl_index_markets=1.000
12:00:52 [super] * #7     0x9cdfff709223541ed92059bd32357f0a6ab04983  prob=0.6527 (raw=0.9440)  vol=$2,780  trades=11  first_trade=2026-02-09 01:40  winrate=0.000  n_markets_traded=2.000  herfindahl_index_markets=0.893
12:00:52 [super] * #8     0x678632e6ff02947d67da69a348a77fc8494e0178  prob=0.6500 (raw=0.9413)  vol=$3,055  trades=12  first_trade=2026-02-08 17:31  winrate=0.000  n_markets_traded=1.000  herfindahl_index_markets=1.000
12:00:52 [super] * #9     0xc84ea31de4f974f4819c00d75f6d25b4ce5492fe  prob=0.6446 (raw=0.9358)  vol=$7,320  trades=7  first_trade=2026-02-08 23:15  winrate=0.000  n_markets_traded=2.000  herfindahl_index_markets=0.514
12:00:52 [super] * #19    0xd01959ee1f18e04e54c8c06dcf9abf51c3e692dd  prob=0.6144 (raw=0.9055)  vol=$13,340  trades=30  first_trade=2026-02-08 23:53  winrate=0.000  n_markets_traded=1.000  herfindahl_index_markets=1.000
12:00:52 [super] * #29    0x34bf4c10fb0abf775a3e3401bdc6dba490b5c4c6  prob=0.5863 (raw=0.8781)  vol=$19,826  trades=43  first_trade=2026-02-09 00:48  winrate=0.000  n_markets_traded=1.000  herfindahl_index_markets=1.000
12:00:52 [super] * #38    0x755d070b6ae49cbd25fce18d0e5b80cd98c437e7  prob=0.5759 (raw=0.8681)  vol=$18,726  trades=35  first_trade=2026-02-08 20:21  winrate=0.000  n_markets_traded=1.000  herfindahl_index_markets=1.000
12:00:52 [super] * #43    0x8e70020d9071005efbaf2c6ff3b271ca3e814d9b  prob=0.5720 (raw=0.8643)  vol=$2,481  trades=10  first_trade=2026-02-06 21:30  winrate=0.000  n_markets_traded=1.000  herfindahl_index_markets=1.000
12:00:52 [super] * #44    0xadb66dc04aefb599e15edb766440b567b45267fb  prob=0.5667 (raw=0.8593)  vol=$3,984  trades=24  first_trade=2026-02-08 19:05  winrate=0.000  n_markets_traded=2.000  herfindahl_index_markets=0.688
12:00:52 [super] * #53    0xf7ed3292e9bcbbd822c363e5f0a363ee0b8a5ed7  prob=0.5295 (raw=0.8241)  vol=$4,996  trades=11  first_trade=2026-02-09 02:08  winrate=0.857  n_markets_traded=7.000  herfindahl_index_markets=0.230
12:00:52 [super] * #55    0x12a132ec9b9f38a0c5cfb5293ef5a59ef1a37c29  prob=0.5260 (raw=0.8208)  vol=$16,163  trades=98  first_trade=2026-02-07 20:32  winrate=0.000  n_markets_traded=1.000  herfindahl_index_markets=1.000
12:00:52 [super] * #60    0x152ec06dda039794ded9a0c4875af3b73a2ee359  prob=0.5047 (raw=0.8009)  vol=$10,515  trades=29  first_trade=2026-02-08 23:48  winrate=0.000  n_markets_traded=1.000  herfindahl_index_markets=1.000
12:00:52 [super] * #61    0x01c7b9cf60e7432803e61e4b4b54e960d80c4da2  prob=0.5021 (raw=0.7985)  vol=$21,388  trades=194  first_trade=2026-02-06 00:54  winrate=0.444  n_markets_traded=9.000  herfindahl_index_markets=0.606
12:00:52 [super] * #63    0xfd9bf631ab106c4a4ec9a51073d9e3ef2802934e  prob=0.5000 (raw=0.7965)  vol=$1,708  trades=12  first_trade=2026-02-08 14:43  winrate=0.000  n_markets_traded=2.000  herfindahl_index_markets=0.728
12:00:52 [super] * #68    0x9a851f7a0a214f85d74202ade1b7cce33e492b58  prob=0.4867 (raw=0.7841)  vol=$13,544  trades=28  first_trade=2026-02-08 22:44  winrate=0.000  n_markets_traded=1.000  herfindahl_index_markets=1.000
12:00:52 [super] * #70    0xc2dd755d07acc12a9907d444d4f27550f81700ae  prob=0.4789 (raw=0.7768)  vol=$1,126  trades=11  first_trade=2026-02-09 00:54  winrate=0.000  n_markets_traded=1.000  herfindahl_index_markets=1.000
12:00:52 [super] * #72    0x08635ef530fe7092ef3532be6fab664348894ecc  prob=0.4658 (raw=0.7645)  vol=$4,499  trades=10  first_trade=2026-02-07 23:59  winrate=0.000  n_markets_traded=2.000  herfindahl_index_markets=0.992
12:00:52 [super] * #75    0xeec0504d2af464e630411c79464ee22e8b432a55  prob=0.4582 (raw=0.7574)  vol=$1,871  trades=14  first_trade=2026-02-08 18:56  winrate=0.000  n_markets_traded=1.000  herfindahl_index_markets=1.000
12:00:52 [super] * #78    0xfb818fa754071d9a53ef3eb7195ad96732afb019  prob=0.4523 (raw=0.7518)  vol=$1,336  trades=15  first_trade=2026-02-08 23:50  winrate=0.000  n_markets_traded=1.000  herfindahl_index_markets=1.000
12:00:52 [super] * #83    0xb1fab3d6d1b9b22b98c824fff976d5f46900d188  prob=0.4351 (raw=0.7355)  vol=$4,116  trades=33  first_trade=2026-02-08 22:29  winrate=0.000  n_markets_traded=5.000  herfindahl_index_markets=0.543
12:00:52 [super] * #84    0x62ae54e683c1b27cd08a6169b4b9b86d576d8349  prob=0.4309 (raw=0.7315)  vol=$2,921  trades=22  first_trade=2026-02-08 18:10  winrate=0.000  n_markets_traded=1.000  herfindahl_index_markets=1.000
12:00:52 [super] * #86    0x986dcd6c3c2f0d0bef49f422114237089d862329  prob=0.4283 (raw=0.7290)  vol=$88,538  trades=47  first_trade=2026-02-08 22:43  winrate=0.000  n_markets_traded=3.000  herfindahl_index_markets=0.500
12:00:52 [super] * #88    0x0c68805b7ae15d3771e88cfa186a5d713955e7c7  prob=0.4226 (raw=0.7236)  vol=$2,608  trades=27  first_trade=2026-02-06 10:02  winrate=0.000  n_markets_traded=2.000  herfindahl_index_markets=0.700
12:00:52 [super] * #97    0x41c13b7b26ab5c970aec896449ffa15a1e801742  prob=0.4182 (raw=0.7194)  vol=$4,627  trades=56  first_trade=2026-02-08 22:04  winrate=0.000  n_markets_traded=1.000  herfindahl_index_markets=1.000
12:00:52 [super] * #105   0xc3ca883f3b752c2eeb2de06a0fdaafc632c3ca7c  prob=0.4102 (raw=0.7117)  vol=$1,142  trades=74  first_trade=2025-09-29 02:25  winrate=0.412  n_markets_traded=17.000  herfindahl_index_markets=0.190
12:00:52 [super] * #118   0x23a0e7aa07ed27545e04314285bedb7dd83ff4f8  prob=0.3925 (raw=0.6944)  vol=$5,719  trades=18  first_trade=2026-02-08 18:04  winrate=0.000  n_markets_traded=1.000  herfindahl_index_markets=1.000
12:00:52 [super] * #123   0xaeb182c47e7afc8674eea31eb28f1ede1ab703fb  prob=0.3849 (raw=0.6870)  vol=$25,508  trades=44  first_trade=2026-02-08 22:21  winrate=0.000  n_markets_traded=2.000  herfindahl_index_markets=0.996
12:00:52 [super] * #130   0x016cf395ed4078366dd29f9625176c9c73c022db  prob=0.3765 (raw=0.6786)  vol=$6,135  trades=31  first_trade=2026-01-26 22:25  winrate=0.000  n_markets_traded=1.000  herfindahl_index_markets=1.000
12:00:52 [super] * #133   0xc48a25aad4f82df48736cc641b7254aec4dcbfc6  prob=0.3732 (raw=0.6753)  vol=$7,740  trades=38  first_trade=2026-02-08 20:11  winrate=0.000  n_markets_traded=1.000  herfindahl_index_markets=1.000
12:00:52 [super] * #134   0xd8eb2266a531f727ff37ed50a225ae5eea587245  prob=0.3706 (raw=0.6728)  vol=$10,132  trades=58  first_trade=2026-02-06 21:24  winrate=0.000  n_markets_traded=1.000  herfindahl_index_markets=1.000
12:00:52 [super] * #143   0xa106dc7279bfb2dd4be18213535e42657c646df5  prob=0.3412 (raw=0.6427)  vol=$3,474  trades=14  first_trade=2026-02-07 08:04  winrate=0.000  n_markets_traded=1.000  herfindahl_index_markets=1.000
12:00:52 [super] * #145   0x0ce61a3be27a29a4b6652becaea33e7508709469  prob=0.3366 (raw=0.6379)  vol=$38,641  trades=46  first_trade=2026-02-08 20:39  winrate=0.250  n_markets_traded=4.000  herfindahl_index_markets=0.489
12:00:52 [super] * #151   0xcc2744c30adba0afe98b3fba4b51608c40f52895  prob=0.3183 (raw=0.6185)  vol=$16,208  trades=37  first_trade=2026-02-06 21:20  winrate=0.000  n_markets_traded=1.000  herfindahl_index_markets=1.000
12:00:52 [super] * #153   0x64e1eae0a123140273a1599b33d9c2eaa029eb3d  prob=0.3155 (raw=0.6155)  vol=$1,100  trades=10  first_trade=2026-02-09 01:27  winrate=0.190  n_markets_traded=18.000  herfindahl_index_markets=0.243
12:00:52 [super] * #156   0x25308be8dd263ca942fa39d44e772b9d2527b9e4  prob=0.3120 (raw=0.6116)  vol=$3,155  trades=11  first_trade=2026-02-08 21:03  winrate=0.000  n_markets_traded=2.000  herfindahl_index_markets=0.875
12:00:52 [super] * #157   0x95a11bfd5e29a906611767f68c258a26093f7cc7  prob=0.3115 (raw=0.6111)  vol=$4,147  trades=37  first_trade=2025-10-06 14:20  winrate=0.000  n_markets_traded=9.000  herfindahl_index_markets=0.299
12:00:52 [super] * #162   0xae2b0aaea325a32870f56ff19df3b87acaa190ea  prob=0.2948 (raw=0.5926)  vol=$10,368  trades=46  first_trade=2026-02-08 10:53  winrate=0.473  n_markets_traded=55.000  herfindahl_index_markets=0.094
12:00:52 [super] * #164   0x38b27963895eb5439d17c9e63f8642acab880b43  prob=0.2934 (raw=0.5911)  vol=$4,927  trades=29  first_trade=2026-02-08 23:43  winrate=0.000  n_markets_traded=3.000  herfindahl_index_markets=0.401
12:00:52 [super] * #165   0x28a89b79927fc377d7d6ad6aee0b5fa76d5cd94f  prob=0.2920 (raw=0.5895)  vol=$2,018  trades=32  first_trade=2025-11-21 05:13  winrate=0.000  n_markets_traded=4.000  herfindahl_index_markets=0.509
12:00:52 [super] * #169   0xa1ddace8befb1d1a2593e649a5db0568d1cde4a3  prob=0.2875 (raw=0.5844)  vol=$3,992  trades=2  first_trade=2026-02-09 05:07  winrate=0.400  n_markets_traded=3.000  herfindahl_index_markets=0.790
12:00:52 [super] * #170   0x860c80233d3e75db392274360fdb13ddbeb2a697  prob=0.2871 (raw=0.5839)  vol=$83,396  trades=112  first_trade=2026-02-08 22:05  winrate=0.000  n_markets_traded=1.000  herfindahl_index_markets=1.000
12:00:52 [super] * #171   0x7d0a771ddd2c63255013a1efb5f0e42659b38c6c  prob=0.2864 (raw=0.5831)  vol=$2,766  trades=15  first_trade=2026-02-08 01:47  winrate=0.778  n_markets_traded=17.000  herfindahl_index_markets=0.262
12:00:52 [super] * #173   0x1735436599a9766af8da193ed4f51a8d7a084f16  prob=0.2847 (raw=0.5811)  vol=$8,741  trades=36  first_trade=2026-02-08 21:56  winrate=0.250  n_markets_traded=4.000  herfindahl_index_markets=0.643
12:00:52 [super] * #181   0x59d957cdc1dd8752673b59071fa32137c66a1312  prob=0.2727 (raw=0.5672)  vol=$1,502  trades=4  first_trade=2026-02-09 20:45  winrate=0.000  n_markets_traded=1.000  herfindahl_index_markets=1.000
12:00:52 [super] * #182   0x21e5c03d2af47bdaaa63cffd117894243deb3252  prob=0.2727 (raw=0.5672)  vol=$1,502  trades=4  first_trade=2026-02-09 19:51  winrate=0.000  n_markets_traded=1.000  herfindahl_index_markets=1.000
12:00:52 [super] * #183   0x4d8c68c74d069653b5240de546a0dad7589c3899  prob=0.2727 (raw=0.5672)  vol=$1,502  trades=4  first_trade=2026-02-09 21:35  winrate=0.000  n_markets_traded=1.000  herfindahl_index_markets=1.000
12:00:52 [super] * #184   0x33f06472d3a83c8737b7e599e095521e15008cee  prob=0.2727 (raw=0.5672)  vol=$1,502  trades=4  first_trade=2026-02-09 20:05  winrate=0.000  n_markets_traded=1.000  herfindahl_index_markets=1.000
12:00:52 [super] * #185   0xd0fbf4d42d5afa94158208d092a37ea0bfcb8d4e  prob=0.2727 (raw=0.5672)  vol=$1,502  trades=4  first_trade=2026-02-09 20:21  winrate=0.000  n_markets_traded=1.000  herfindahl_index_markets=1.000
12:00:52 [super] * #186   0xc4df770412d9839a40a7bf2b7479196d4743eca1  prob=0.2727 (raw=0.5672)  vol=$1,502  trades=4  first_trade=2026-02-09 21:45  winrate=0.000  n_markets_traded=1.000  herfindahl_index_markets=1.000
12:00:52 [super] * #187   0xcda5115ee8cb8e1ec3bea7031d522bf4c61c7b18  prob=0.2727 (raw=0.5672)  vol=$1,502  trades=4  first_trade=2026-02-09 20:55  winrate=0.000  n_markets_traded=1.000  herfindahl_index_markets=1.000
12:00:52 [super] * #188   0xca664fb635c1857defa4b8f3be1bf7db1597d027  prob=0.2727 (raw=0.5672)  vol=$1,502  trades=4  first_trade=2026-02-09 21:11  winrate=0.000  n_markets_traded=1.000  herfindahl_index_markets=1.000
12:00:52 [super] * #193   0x1dbc3196ab028ef6a87953cef6c42b910a581ce3  prob=0.2705 (raw=0.5646)  vol=$1,499  trades=4  first_trade=2026-02-09 22:00  winrate=0.000  n_markets_traded=1.000  herfindahl_index_markets=1.000
12:00:52 [super] * #194   0x21c2e0070107ab775db6a8c07c76f72c197934c0  prob=0.2705 (raw=0.5646)  vol=$1,499  trades=4  first_trade=2026-02-09 22:12  winrate=0.000  n_markets_traded=1.000  herfindahl_index_markets=1.000
12:00:52 [super] * #197   0x5460bb93290ba4b5f931b6f5e51b2261e0371556  prob=0.2675 (raw=0.5610)  vol=$2,081  trades=31  first_trade=2026-02-09 01:09  winrate=0.000  n_markets_traded=2.000  herfindahl_index_markets=0.500
12:00:52 [super] * #209   0x84f76017e30a7413cd76bd1aa49c19897bceb15c  prob=0.2534 (raw=0.5439)  vol=$13,208  trades=23  first_trade=2026-02-09 01:42  winrate=0.000  n_markets_traded=5.000  herfindahl_index_markets=0.304
12:00:52 [super] * #212   0x6331a337e43be2f007a4f4ecdbc52d979f76fc33  prob=0.2497 (raw=0.5394)  vol=$1,499  trades=4  first_trade=2026-02-09 23:05  winrate=0.000  n_markets_traded=1.000  herfindahl_index_markets=1.000
12:00:52 [super] * #215   0xcffa1d316caeb0c3390fe7ac3a5c047a3425e401  prob=0.2445 (raw=0.5328)  vol=$12,279  trades=30  first_trade=2026-02-08 19:43  winrate=0.000  n_markets_traded=1.000  herfindahl_index_markets=1.000
12:00:52 [super] * #222   0xeb0fbf475cf0b6b89a518d8fcb5de3dd558c3622  prob=0.2302 (raw=0.5143)  vol=$2,916  trades=17  first_trade=2026-02-08 22:13  winrate=0.625  n_markets_traded=8.000  herfindahl_index_markets=0.194
12:00:52 [super] * #229   0x5f19c18bfea98531ea748e4a025c179a6a66fae7  prob=0.2233 (raw=0.5051)  vol=$2,891  trades=14  first_trade=2026-02-08 09:51  winrate=0.182  n_markets_traded=11.000  herfindahl_index_markets=0.365
12:00:52 [super] * #236   0x9faf2ba54167684a96f8f17b74f3c1b4e1f3778c  prob=0.2147 (raw=0.4934)  vol=$6,696  trades=24  first_trade=2026-02-08 22:18  winrate=0.567  n_markets_traded=30.000  herfindahl_index_markets=0.082
12:00:52 [super] * #242   0xcc98c2b5ca39a1a1d344e625ffd8fbbb8e1cacab  prob=0.2095 (raw=0.4861)  vol=$49,902  trades=3  first_trade=2026-02-09 04:52  winrate=0.000  n_markets_traded=2.000  herfindahl_index_markets=0.891
12:00:52 [super] * #245   0x0217ab8c2a400a9c9a8ca5de34f63e0fac131193  prob=0.2083 (raw=0.4844)  vol=$1,979  trades=74  first_trade=2026-02-07 20:32  winrate=0.200  n_markets_traded=5.000  herfindahl_index_markets=0.286
12:00:52 [super] * #256   0x5a26a49f8c279127945b3cd8f79dc6d90b066efb  prob=0.2008 (raw=0.4737)  vol=$6,092  trades=13  first_trade=2026-02-08 21:41  winrate=0.000  n_markets_traded=1.000  herfindahl_index_markets=1.000
12:00:52 [super] * #262   0x9d7bae7beb53e1c64b2635eceb699bfcb7c8ecbe  prob=0.1950 (raw=0.4651)  vol=$1,220  trades=23  first_trade=2026-02-08 23:45  winrate=0.000  n_markets_traded=1.000  herfindahl_index_markets=1.000
12:00:52 [super] * #263   0xc0677ece68bcb67873195c7553be8ba4ea47c575  prob=0.1924 (raw=0.4612)  vol=$1,455  trades=8  first_trade=2026-02-08 21:16  winrate=0.267  n_markets_traded=15.000  herfindahl_index_markets=0.159
12:00:52 [super] * #265   0xebc59318b0a070c06fa171bd1d2f485b16364fe7  prob=0.1913 (raw=0.4595)  vol=$32,947  trades=77  first_trade=2026-02-08 16:57  winrate=0.538  n_markets_traded=13.000  herfindahl_index_markets=0.261
12:00:52 [super] * #270   0x960eb3442f920f6447c35ab56e4339b25b9a77d6  prob=0.1898 (raw=0.4572)  vol=$2,198  trades=12  first_trade=2026-02-09 01:22  winrate=0.478  n_markets_traded=23.000  herfindahl_index_markets=0.071
12:00:52 [super] * #274   0x827df3770a42707f1d127bd5e1b4b87f346fdf4e  prob=0.1879 (raw=0.4543)  vol=$10,978  trades=6  first_trade=2026-02-09 13:20  winrate=0.667  n_markets_traded=6.000  herfindahl_index_markets=0.285
12:00:52 [super] * #276   0x8c74273dc1830679afae090d1a53abc308851b55  prob=0.1831 (raw=0.4470)  vol=$109,711  trades=43  first_trade=2026-02-09 01:53  winrate=0.900  n_markets_traded=10.000  herfindahl_index_markets=0.109
12:00:52 [super] * #280   0xd165e81bec5e8551ea69ccbbf3cef6451bf5b34c  prob=0.1778 (raw=0.4385)  vol=$6,183  trades=11  first_trade=2026-02-09 00:56  winrate=0.000  n_markets_traded=4.000  herfindahl_index_markets=0.353
12:00:52 [super] * #290   0x9848520606536331184f996973063b92668f7cc4  prob=0.1685 (raw=0.4233)  vol=$1,110  trades=9  first_trade=2026-02-08 22:01  winrate=0.200  n_markets_traded=5.000  herfindahl_index_markets=0.329
12:00:52 [super] * #309   0xbaab7c3a1d294e4f2c275a328ab5396c4b3be9de  prob=0.1546 (raw=0.3994)  vol=$4,636  trades=5  first_trade=2026-02-09 16:15  winrate=0.333  n_markets_traded=6.000  herfindahl_index_markets=0.303
12:00:52 [super] * #312   0x674bd60fd7b781fdfd707bb3d559402f5ec2762c  prob=0.1530 (raw=0.3965)  vol=$13,982  trades=24  first_trade=2026-02-09 01:47  winrate=0.414  n_markets_traded=29.000  herfindahl_index_markets=0.126
12:00:52 [super] * #314   0x47dea8cc7920d6b7a8011fdbe6b7d2cbacb761f9  prob=0.1523 (raw=0.3953)  vol=$2,653  trades=184  first_trade=2026-02-07 09:00  winrate=0.000  n_markets_traded=9.000  herfindahl_index_markets=0.578
12:00:52 [super] * #327   0x655672ec39f5bdf554e9490c9c3931519fb326d6  prob=0.1443 (raw=0.3805)  vol=$2,273  trades=7  first_trade=2026-02-08 18:47  winrate=0.429  n_markets_traded=14.000  herfindahl_index_markets=0.110
12:00:52 [super] * #341   0xff36c717909a7bad60e74eed3418009ff481e757  prob=0.1362 (raw=0.3647)  vol=$1,362  trades=7  first_trade=2026-02-08 20:44  winrate=0.615  n_markets_traded=109.000  herfindahl_index_markets=0.030
12:00:52 [super] * #347   0x9ae539bfdea1aa755c9c57783f1c632c58ac910a  prob=0.1343 (raw=0.3610)  vol=$1,020  trades=3  first_trade=2026-02-09 01:47  winrate=0.185  n_markets_traded=146.000  herfindahl_index_markets=0.045
12:00:52 [super] * #372   0x5739c38d9f041ac96b331b83b1fcd3f91d1910da  prob=0.1240 (raw=0.3395)  vol=$29,473  trades=25  first_trade=2026-02-09 12:08  winrate=0.500  n_markets_traded=2.000  herfindahl_index_markets=0.995
12:00:52 [super] * #378   0xfa1f000ea254077fb8eb35897294b15cf2575e20  prob=0.1203 (raw=0.3315)  vol=$1,220  trades=9  first_trade=2026-02-08 18:19  winrate=0.000  n_markets_traded=6.000  herfindahl_index_markets=0.412
12:00:52 [super] * #381   0x4ac1ae22eed37cef01b1374f7002628cdbcfce01  prob=0.1180 (raw=0.3263)  vol=$2,205  trades=14  first_trade=2026-02-08 16:27  winrate=0.125  n_markets_traded=8.000  herfindahl_index_markets=0.525
12:00:52 [super] * #385   0x13d7a220d438cc293037c7a48db4eff88cb8f878  prob=0.1174 (raw=0.3249)  vol=$3,002  trades=15  first_trade=2026-02-09 08:51  winrate=0.000  n_markets_traded=1.000  herfindahl_index_markets=1.000
12:00:52 [super] * #392   0x1c266db0f8529b1f25b77123e9c0c918ac2f6e31  prob=0.1143 (raw=0.3179)  vol=$7,511  trades=521  first_trade=2026-01-25 14:14  winrate=NaN  n_markets_traded=0.000  herfindahl_index_markets=0.000
12:00:52 [super] * #394   0xf41619c4e75c7567e8dde6119afbda4b4c16a8a3  prob=0.1139 (raw=0.3169)  vol=$9,529  trades=42  first_trade=2026-02-07 23:54  winrate=0.000  n_markets_traded=1.000  herfindahl_index_markets=1.000
12:00:52 [super] * #396   0x0b8d2f811ba1c5bc3f1157f5f77a492c4cf4c3a9  prob=0.1136 (raw=0.3162)  vol=$21,143  trades=86  first_trade=2026-02-08 08:51  winrate=0.000  n_markets_traded=4.000  herfindahl_index_markets=0.481
12:00:52 [super] * #398   0xd2c3952ea7bd5e8e943567aa844d4b1671576ec8  prob=0.1124 (raw=0.3133)  vol=$1,980  trades=8  first_trade=2026-02-08 15:50  winrate=0.167  n_markets_traded=12.000  herfindahl_index_markets=0.250
12:00:52 [super] * #405   0xc6f8d56f58dac0cea6baee63aee9333ee38659b2  prob=0.1109 (raw=0.3099)  vol=$1,467  trades=20  first_trade=2026-02-08 21:43  winrate=0.000  n_markets_traded=2.000  herfindahl_index_markets=0.636
12:00:52 [super] * #419   0x97b663856a09eddc6a8bbd4ec85bbf78836359b4  prob=0.1074 (raw=0.3014)  vol=$2,097  trades=31  first_trade=2026-02-07 17:34  winrate=0.250  n_markets_traded=68.000  herfindahl_index_markets=0.043
12:00:52 [super] * #421   0x8ea7c2be8d5be03b4f66155ab13bf8d28eee60ba  prob=0.1066 (raw=0.2996)  vol=$1,848  trades=61  first_trade=2026-02-08 04:45  winrate=0.241  n_markets_traded=29.000  herfindahl_index_markets=0.178
12:00:52 [super] * #426   0xe6558c8654ca1b9cdf0d923a0f6ec5182ebcf1b9  prob=0.1043 (raw=0.2938)  vol=$28,241  trades=3  first_trade=2026-02-10 16:19  winrate=0.000  n_markets_traded=1.000  herfindahl_index_markets=1.000
12:00:52 [super] * #427   0x2d2fef7591dc53fffabf2b93d81b8be3bb5cc79b  prob=0.1038 (raw=0.2925)  vol=$2,000  trades=4  first_trade=2026-02-09 14:35  winrate=0.000  n_markets_traded=4.000  herfindahl_index_markets=0.281
12:00:52 [super] * #428   0x687d8cf19d873aed1957e61a3f2092d4721ce28b  prob=0.1028 (raw=0.2902)  vol=$7,416  trades=181  first_trade=2026-01-16 21:44  winrate=NaN  n_markets_traded=0.000  herfindahl_index_markets=0.000
12:00:52 [super] * #438   0x1b3ff94c86256c213571b6e2082595c4c5bf8cd6  prob=0.1020 (raw=0.2880)  vol=$1,022  trades=18  first_trade=2026-02-09 01:33  winrate=0.625  n_markets_traded=8.000  herfindahl_index_markets=0.184
12:00:52 [super] * #445   0xa38bbbf02108043afbde1539d95cec42e9e4d9f2  prob=0.1001 (raw=0.2831)  vol=$3,015  trades=26  first_trade=2026-02-09 01:28  winrate=0.211  n_markets_traded=19.000  herfindahl_index_markets=0.228
12:00:52 [super]   #447   0x7c176fbd1c41fc86d5467511803361794dff5e9b  prob=0.0996 (raw=0.2819)  vol=$6,788  trades=95  first_trade=2026-02-07 19:10  winrate=0.000  n_markets_traded=1.000  herfindahl_index_markets=1.000
12:00:52 [super]   #461   0x1e1128398409d89cc6e65bdf66635fab53fc27dc  prob=0.0960 (raw=0.2724)  vol=$51,084  trades=45  first_trade=2026-02-08 22:44  winrate=0.000  n_markets_traded=1.000  herfindahl_index_markets=1.000
12:00:52 [super]   #462   0x45d59c4d70128ce7969124b515549aafb90e47ef  prob=0.0956 (raw=0.2711)  vol=$21,439  trades=27  first_trade=2026-02-09 02:14  winrate=0.475  n_markets_traded=179.000  herfindahl_index_markets=0.033
12:00:52 [super]   #467   0xc8b2130fbbb7dbb2e2659fed956526060fc380e5  prob=0.0936 (raw=0.2657)  vol=$1,002  trades=7  first_trade=2026-02-09 08:59  winrate=0.000  n_markets_traded=1.000  herfindahl_index_markets=1.000
12:00:52 [super]   #477   0xf6a7e86498580baed1a3c4e267e28cfe54d00af9  prob=0.0915 (raw=0.2600)  vol=$6,953  trades=7  first_trade=2026-02-08 21:08  winrate=0.250  n_markets_traded=4.000  herfindahl_index_markets=0.471
12:00:52 [super]   #478   0x438ed5bed99bc6b517e9b5a22ad3ee9e21d9e08e  prob=0.0914 (raw=0.2595)  vol=$37,318  trades=129  first_trade=2026-02-07 18:54  winrate=0.897  n_markets_traded=330.000  herfindahl_index_markets=0.048
12:00:52 [super]   #482   0xcf6e295f9cc9767eb5579c83177fc87676d4b45b  prob=0.0905 (raw=0.2570)  vol=$121,903  trades=137  first_trade=2026-02-09 00:45  winrate=0.125  n_markets_traded=24.000  herfindahl_index_markets=0.439
12:00:52 [super]   #490   0x4b9fab56e4c9a96ffdd393e85db9d91b5e83e125  prob=0.0896 (raw=0.2546)  vol=$8,043  trades=9  first_trade=2026-02-09 01:31  winrate=NaN  n_markets_traded=0.000  herfindahl_index_markets=0.000
12:00:52 [super]   #495   0xe0715acb007d83e08af247508757afd6f989dec3  prob=0.0891 (raw=0.2530)  vol=$3,204  trades=15  first_trade=2026-02-08 21:07  winrate=0.000  n_markets_traded=9.000  herfindahl_index_markets=0.339
12:00:52 [super]   #497   0x5f3c65914e9019dc4c15bed08a0232da64090427  prob=0.0888 (raw=0.2523)  vol=$3,349  trades=11  first_trade=2026-02-07 19:05  winrate=0.250  n_markets_traded=4.000  herfindahl_index_markets=0.426
12:00:52 [super]   #509   0x88357f3f80e42979332f1c2b703c7accbb1e4513  prob=0.0868 (raw=0.2465)  vol=$2,000  trades=2  first_trade=2026-02-10 08:52  winrate=0.000  n_markets_traded=8.000  herfindahl_index_markets=0.429
12:00:52 [super]   #514   0x890ecdd8403bb422ef81d9961d61f0e26b82d9ec  prob=0.0865 (raw=0.2455)  vol=$5,000  trades=2  first_trade=2026-02-09 13:33  winrate=0.600  n_markets_traded=5.000  herfindahl_index_markets=0.229
12:00:52 [super]   #515   0x936f6427f105a01d933bcdb31c427af6e37bd171  prob=0.0865 (raw=0.2455)  vol=$5,223  trades=69  first_trade=2026-01-27 20:11  winrate=0.452  n_markets_traded=219.000  herfindahl_index_markets=0.008
12:00:52 [super]   #517   0x01dd0eddaa51d6bd06150b8c1afb8bb6dfb1302a  prob=0.0862 (raw=0.2444)  vol=$1,133  trades=3  first_trade=2026-02-09 01:22  winrate=0.442  n_markets_traded=38.000  herfindahl_index_markets=0.073
12:00:52 [super]   #524   0xfd96a65b42d1310389aee5dde001dd3cfdf5b70a  prob=0.0850 (raw=0.2409)  vol=$4,178  trades=32  first_trade=2026-02-07 23:18  winrate=0.000  n_markets_traded=1.000  herfindahl_index_markets=1.000
12:00:52 [super]   #529   0xa38a455bbdd4b68486548b7e19da99903f4f821d  prob=0.0847 (raw=0.2402)  vol=$72,119  trades=68  first_trade=2026-02-09 01:20  winrate=NaN  n_markets_traded=0.000  herfindahl_index_markets=0.000
12:00:52 [super]   #537   0xd222d0124fef666a1e8e4121e7ecd629d25ebd98  prob=0.0835 (raw=0.2363)  vol=$7,430  trades=4  first_trade=2026-02-11 00:45  winrate=0.000  n_markets_traded=2.000  herfindahl_index_markets=0.511
12:00:52 [super]   #539   0xf72d8a1cbdb4c7432fd548429514d76df87ec28f  prob=0.0833 (raw=0.2359)  vol=$1,778  trades=3  first_trade=2026-02-08 23:15  winrate=0.000  n_markets_traded=1.000  herfindahl_index_markets=1.000
12:00:52 [super]   #544   0x575b1a666cc69e051f24a8a0551f3280922414f0  prob=0.0829 (raw=0.2348)  vol=$1,057  trades=17  first_trade=2026-02-09 01:36  winrate=0.451  n_markets_traded=91.000  herfindahl_index_markets=0.081
12:00:52 [super]   #549   0x6c4898c7f7520db6d82ef1eed4f81098b2300d1a  prob=0.0825 (raw=0.2333)  vol=$16,528  trades=24  first_trade=2026-02-08 22:05  winrate=0.250  n_markets_traded=4.000  herfindahl_index_markets=0.871
12:00:52 [super]   #551   0xee324b84546110f1fa5d4b2558edb179c3a4463a  prob=0.0821 (raw=0.2323)  vol=$85,586  trades=95  first_trade=2026-02-09 01:34  winrate=0.815  n_markets_traded=113.000  herfindahl_index_markets=0.024
12:00:52 [super]   #555   0x3ceb3b58bc931cc3522b9f62d8a07487ec04be53  prob=0.0817 (raw=0.2309)  vol=$1,696  trades=21  first_trade=2026-02-08 19:36  winrate=0.462  n_markets_traded=26.000  herfindahl_index_markets=0.053
12:00:52 [super]   #559   0xea03dfa61a99930e5ec641bfacfccc246df4b26d  prob=0.0803 (raw=0.2266)  vol=$10,000  trades=2  first_trade=2026-02-10 11:29  winrate=0.000  n_markets_traded=1.000  herfindahl_index_markets=1.000
12:00:52 [super]   #563   0x5b524c7fa668cf50bf681c51ba961488120bd558  prob=0.0797 (raw=0.2247)  vol=$1,066  trades=3  first_trade=2026-02-09 03:29  winrate=0.038  n_markets_traded=26.000  herfindahl_index_markets=0.087
12:00:52 [super]   #566   0xe35dfe51d8288ea409ea18a139f188a83b33f5d5  prob=0.0794 (raw=0.2235)  vol=$1,943  trades=25  first_trade=2026-02-09 01:47  winrate=0.000  n_markets_traded=10.000  herfindahl_index_markets=0.397
12:00:52 [super]   #571   0x09e870a7557d8a7e8a316d041933915d6d5aecc5  prob=0.0784 (raw=0.2205)  vol=$1,007  trades=20  first_trade=2026-02-08 23:49  winrate=0.000  n_markets_traded=1.000  herfindahl_index_markets=1.000
12:00:52 [super]   #572   0xbebe48e5b29e518c0bcf6dd45ec0d0027cd1503b  prob=0.0783 (raw=0.2201)  vol=$10,000  trades=2  first_trade=2026-02-09 15:33  winrate=0.000  n_markets_traded=1.000  herfindahl_index_markets=1.000
12:00:52 [super]   #577   0x0986301b64e534c939ad2485eb0f924fef144e45  prob=0.0781 (raw=0.2194)  vol=$1,408  trades=12  first_trade=2026-02-09 01:22  winrate=0.471  n_markets_traded=17.000  herfindahl_index_markets=0.094
12:00:52 [super]   #586   0x9a8085c6bb47b3fc1dfa382d6089c38ae1000a76  prob=0.0774 (raw=0.2170)  vol=$1,584  trades=10  first_trade=2026-02-09 00:23  winrate=0.000  n_markets_traded=3.000  herfindahl_index_markets=0.375
12:00:52 [super]   #588   0x95ba9535637062153a8fe6f9858f10be0ac462e0  prob=0.0770 (raw=0.2157)  vol=$21,000  trades=4  first_trade=2026-02-09 05:44  winrate=0.000  n_markets_traded=1.000  herfindahl_index_markets=1.000
12:00:52 [super]   #589   0x4e0cc238742d662b1f26e2a3904ecb6b4773562c  prob=0.0770 (raw=0.2157)  vol=$6,667  trades=2  first_trade=2026-02-09 06:11  winrate=0.000  n_markets_traded=1.000  herfindahl_index_markets=1.000
12:00:52 [super]   #590   0x0b9168da5620dfab028b53c753a3be88d585ae77  prob=0.0769 (raw=0.2156)  vol=$6,013  trades=23  first_trade=2026-02-09 01:34  winrate=NaN  n_markets_traded=0.000  herfindahl_index_markets=0.000
12:00:52 [super]   #591   0x692be85ab3e1f2bbd97d2f641f618fbb312cf126  prob=0.0767 (raw=0.2147)  vol=$2,911  trades=20  first_trade=2026-02-08 22:10  winrate=0.000  n_markets_traded=2.000  herfindahl_index_markets=0.990
12:00:52 [super]   #597   0x0e0e81f395b2f6310c2a9c3c76c5c7ac40ea152e  prob=0.0758 (raw=0.2118)  vol=$1,371  trades=47  first_trade=2026-02-08 20:22  winrate=0.120  n_markets_traded=25.000  herfindahl_index_markets=0.052
12:00:52 [super]   #598   0x09318b769a1e504d980a42f30cadc9230cc5c3ae  prob=0.0758 (raw=0.2117)  vol=$9,973  trades=73  first_trade=2026-02-08 03:27  winrate=0.000  n_markets_traded=1.000  herfindahl_index_markets=1.000
12:00:52 [super]   #599   0x849b7c1721f2a7e19fd30037fdef8a12a0d9706a  prob=0.0756 (raw=0.2113)  vol=$4,377  trades=8  first_trade=2026-02-09 03:49  winrate=0.500  n_markets_traded=30.000  herfindahl_index_markets=0.062
12:00:52 [super]   #602   0x4d87b7da44877129c05fa8aad724643d2b60afd6  prob=0.0750 (raw=0.2093)  vol=$5,170  trades=4  first_trade=2026-02-09 12:23  winrate=0.000  n_markets_traded=1.000  herfindahl_index_markets=1.000
12:00:52 [super]   #607   0xc62bb79d407f889bca34d9c84def2683177a625d  prob=0.0745 (raw=0.2077)  vol=$2,349  trades=5  first_trade=2026-02-09 02:12  winrate=0.457  n_markets_traded=70.000  herfindahl_index_markets=0.056
12:00:52 [super]   #619   0x7476494f826847e09b7f167dc48f3e56842ad670  prob=0.0737 (raw=0.2048)  vol=$1,333  trades=20  first_trade=2026-02-08 21:56  winrate=0.261  n_markets_traded=23.000  herfindahl_index_markets=0.127
12:00:52 [super]   #634   0x140891ee5c1214859198b80f0a5a4880ba57b4f8  prob=0.0717 (raw=0.1978)  vol=$1,292  trades=578  first_trade=2026-01-31 00:09  winrate=NaN  n_markets_traded=0.000  herfindahl_index_markets=0.000
12:00:52 [super]   #636   0x7245003e8e868647c3dbcb3362df719a2515f1c3  prob=0.0710 (raw=0.1954)  vol=$1,015  trades=5  first_trade=2026-02-08 19:51  winrate=0.500  n_markets_traded=103.000  herfindahl_index_markets=0.031
12:00:52 [super]   #639   0xec48c76b149c9426eef806e44c68f0b1e5120bd6  prob=0.0709 (raw=0.1949)  vol=$48,029  trades=160  first_trade=2026-02-08 05:43  winrate=0.167  n_markets_traded=6.000  herfindahl_index_markets=0.738
12:00:52 [super]   #641   0xf1ff90e15f0a86c80b3fb213791cdbea562d38f5  prob=0.0708 (raw=0.1948)  vol=$4,076  trades=9  first_trade=2026-02-09 02:29  winrate=0.000  n_markets_traded=2.000  herfindahl_index_markets=0.501
12:00:52 [super]   #643   0x9b8deb5062fcb21ca81a8e8cdf44f0eac8afae09  prob=0.0707 (raw=0.1942)  vol=$19,611  trades=135  first_trade=2026-01-24 07:30  winrate=0.000  n_markets_traded=1.000  herfindahl_index_markets=1.000
12:00:52 [super]   #646   0xe338788440540aeab16a97eb0d7ac96a53c27c66  prob=0.0705 (raw=0.1935)  vol=$85,000  trades=4  first_trade=2026-02-12 01:16  winrate=0.000  n_markets_traded=1.000  herfindahl_index_markets=1.000
12:00:52 [super]   #651   0x31cebd98f8242bcbc0691868b88d3aaa98a466d7  prob=0.0702 (raw=0.1924)  vol=$16,050  trades=28  first_trade=2026-02-09 01:17  winrate=0.000  n_markets_traded=1.000  herfindahl_index_markets=1.000
12:00:52 [super]   #653   0x6799bfc4d81083c79e6611222de9f2e5966687cb  prob=0.0699 (raw=0.1914)  vol=$33,652  trades=146  first_trade=2026-02-08 21:53  winrate=0.200  n_markets_traded=15.000  herfindahl_index_markets=0.130
12:00:52 [super]   #658   0x7787e756717ddc2108257f2b3a55e6c04d548c41  prob=0.0696 (raw=0.1902)  vol=$10,000  trades=2  first_trade=2026-02-10 16:17  winrate=0.182  n_markets_traded=11.000  herfindahl_index_markets=0.251
12:00:52 [super]   #666   0x10e053554b8ee1ccc538f567ba4ab3756f25c736  prob=0.0684 (raw=0.1861)  vol=$1,399  trades=4  first_trade=2026-02-09 01:22  winrate=0.333  n_markets_traded=15.000  herfindahl_index_markets=0.154
12:00:52 [super]   #675   0x010721b373352aa499d910662d66b1f45b86677b  prob=0.0673 (raw=0.1819)  vol=$3,333  trades=2  first_trade=2026-02-09 13:47  winrate=0.571  n_markets_traded=7.000  herfindahl_index_markets=0.164
12:00:52 [super]   #682   0xaf35ed1deea59d6cca8c67e282819bdbc8498f06  prob=0.0666 (raw=0.1795)  vol=$3,529  trades=3  first_trade=2026-02-08 14:40  winrate=0.500  n_markets_traded=38.000  herfindahl_index_markets=0.046
12:00:52 [super]   #684   0x47251524bdc70a553ee07e6d3be4f080b0fd619b  prob=0.0665 (raw=0.1791)  vol=$1,402  trades=10  first_trade=2026-02-09 01:54  winrate=0.500  n_markets_traded=118.000  herfindahl_index_markets=0.046
12:00:52 [super]   #687   0x7bb7bdb1c890f76416d38e7e8dc9a8a58e616e92  prob=0.0660 (raw=0.1771)  vol=$49,419  trades=174  first_trade=2026-02-06 19:31  winrate=0.333  n_markets_traded=24.000  herfindahl_index_markets=0.111
12:00:52 [super]   #692   0x910eea0e0b27cc5f103622c5e2baf1fd14328fc3  prob=0.0654 (raw=0.1748)  vol=$16,036  trades=17  first_trade=2026-02-08 20:18  winrate=0.000  n_markets_traded=5.000  herfindahl_index_markets=0.532
12:00:52 [super]   #701   0xd7543443763a7f80e4eee3949de66549107fbd43  prob=0.0647 (raw=0.1719)  vol=$24,024  trades=109  first_trade=2026-02-09 01:04  winrate=0.000  n_markets_traded=1.000  herfindahl_index_markets=1.000
12:00:52 [super]   #707   0xb39909c5bfe271f2165db8b9084412f61634b61f  prob=0.0642 (raw=0.1702)  vol=$3,142  trades=45  first_trade=2026-01-31 14:19  winrate=0.538  n_markets_traded=39.000  herfindahl_index_markets=0.044
12:00:52 [super]   #708   0xbb015bb4009b6a48bfb9363d9c9b1d54e9ab02e5  prob=0.0639 (raw=0.1692)  vol=$3,422  trades=19  first_trade=2026-02-09 01:35  winrate=0.738  n_markets_traded=434.000  herfindahl_index_markets=0.011
12:00:52 [super]   #713   0xfbfc90a03240a2599ff32888baf60d3f445fa7c0  prob=0.0637 (raw=0.1680)  vol=$6,055  trades=15  first_trade=2026-02-09 02:02  winrate=0.190  n_markets_traded=42.000  herfindahl_index_markets=0.340
12:00:52 [super]   #720   0x48561b46783076ce559cb9ace59f50355bae5059  prob=0.0630 (raw=0.1655)  vol=$2,080  trades=14  first_trade=2026-02-08 21:38  winrate=0.000  n_markets_traded=2.000  herfindahl_index_markets=0.681
12:00:52 [super]   #725   0x0feed712996b2604aa70fbbae4838841d17e3f49  prob=0.0625 (raw=0.1634)  vol=$1,333  trades=14  first_trade=2026-02-11 22:08  winrate=0.000  n_markets_traded=2.000  herfindahl_index_markets=0.593
12:00:52 [super]   #729   0x55f5efddb3ce324cc2eabd22c1b30642512a27e9  prob=0.0618 (raw=0.1607)  vol=$21,558  trades=114  first_trade=2026-02-07 02:13  winrate=0.200  n_markets_traded=5.000  herfindahl_index_markets=0.387
12:00:52 [super]   #732   0xab78d6a37505752c4a19408005f8c296af92fac0  prob=0.0617 (raw=0.1603)  vol=$40,086  trades=782  first_trade=2026-02-05 17:06  winrate=NaN  n_markets_traded=0.000  herfindahl_index_markets=0.000
12:00:52 [super]   #734   0xf4165309a3b551ebb1a12edb0a0510bf62be6ec9  prob=0.0616 (raw=0.1599)  vol=$1,096  trades=31  first_trade=2025-11-26 20:52  winrate=NaN  n_markets_traded=0.000  herfindahl_index_markets=0.000
12:00:52 [super]   #735   0xd9ad841f52d4b277e2ff291067338cd89e606e72  prob=0.0614 (raw=0.1591)  vol=$2,990  trades=3  first_trade=2026-02-09 05:32  winrate=0.735  n_markets_traded=34.000  herfindahl_index_markets=0.118
12:00:52 [super]   #736   0xe72bb501df5306c75c89383d48a1e81073fbb0a0  prob=0.0614 (raw=0.1591)  vol=$1,856  trades=9  first_trade=2026-02-06 07:29  winrate=NaN  n_markets_traded=0.000  herfindahl_index_markets=0.000
12:00:52 [super]   #740   0x2522c84e336bc2904d74805e2fc91795fe4f3255  prob=0.0612 (raw=0.1581)  vol=$5,665  trades=7  first_trade=2026-02-09 04:04  winrate=0.000  n_markets_traded=1.000  herfindahl_index_markets=1.000
12:00:52 [super]   #746   0x1984c66273ee7f4004e02a2ca1d8fed2f611faba  prob=0.0607 (raw=0.1563)  vol=$8,835  trades=46  first_trade=2026-02-08 20:11  winrate=0.000  n_markets_traded=1.000  herfindahl_index_markets=1.000
12:00:52 [super]   #752   0x1a37856fb0abf370386466ac83b13e31e17b6984  prob=0.0605 (raw=0.1553)  vol=$5,541  trades=16  first_trade=2026-02-08 20:26  winrate=0.656  n_markets_traded=60.000  herfindahl_index_markets=0.089
12:00:52 [super]   #759   0xc86db555895002c6b8fcc26939a245ea91bbc53f  prob=0.0600 (raw=0.1532)  vol=$4,447  trades=21  first_trade=2026-02-09 00:58  winrate=0.286  n_markets_traded=49.000  herfindahl_index_markets=0.077
12:00:52 [super]   #760   0x5bd33a93d382206d2a283180354dd4af2a51d9c4  prob=0.0600 (raw=0.1531)  vol=$1,529  trades=5  first_trade=2026-02-09 01:38  winrate=0.000  n_markets_traded=6.000  herfindahl_index_markets=0.352
12:00:52 [super]   #761   0x4a2be7a7e6e3b41dc2de00706b4c09660ca9af20  prob=0.0599 (raw=0.1530)  vol=$25,580  trades=77  first_trade=2026-02-08 21:54  winrate=NaN  n_markets_traded=0.000  herfindahl_index_markets=0.000
12:00:52 [super]   #764   0xaca9277580359f3aaba3f8143d9a6cf0dd30beee  prob=0.0598 (raw=0.1524)  vol=$35,775  trades=100  first_trade=2026-02-09 00:40  winrate=0.000  n_markets_traded=1.000  herfindahl_index_markets=1.000
12:00:52 [super]   #765   0x03c7cbfe9bf8d4f2e7ac3be5bdef8c8aa7d7b091  prob=0.0598 (raw=0.1523)  vol=$1,667  trades=2  first_trade=2026-02-09 11:49  winrate=0.000  n_markets_traded=5.000  herfindahl_index_markets=0.200
12:00:52 [super]   #769   0xdf0850b029c97de282c491e91ce500384782cf97  prob=0.0594 (raw=0.1506)  vol=$1,419  trades=346  first_trade=2026-01-14 19:12  winrate=NaN  n_markets_traded=0.000  herfindahl_index_markets=0.000
12:00:52 [super]   #782   0x2c36fd7c91894c4e7cf2a01831768dc77ba29433  prob=0.0587 (raw=0.1476)  vol=$1,105  trades=11  first_trade=2026-02-09 01:05  winrate=0.422  n_markets_traded=339.000  herfindahl_index_markets=0.012
12:00:52 [super]   #786   0x24816c037cdc2c9bd979e69d777541cf560a9b79  prob=0.0582 (raw=0.1459)  vol=$48,753  trades=4  first_trade=2026-02-09 06:04  winrate=0.714  n_markets_traded=7.000  herfindahl_index_markets=0.173
12:00:52 [super]   #787   0x1966c4cc0e37521a1eaa24a3d41c5951c1f225c0  prob=0.0581 (raw=0.1451)  vol=$1,625  trades=16  first_trade=2026-02-08 22:58  winrate=NaN  n_markets_traded=0.000  herfindahl_index_markets=0.000
12:00:52 [super]   #788   0xca426bed03f57fa0fafabfc9761fb2ddff15f443  prob=0.0580 (raw=0.1448)  vol=$20,000  trades=2  first_trade=2026-02-10 15:58  winrate=0.250  n_markets_traded=4.000  herfindahl_index_markets=0.306
12:00:52 [super]   #790   0xd3c75e7388202299281ab0b46d5e2a5da3fc436e  prob=0.0577 (raw=0.1435)  vol=$3,341  trades=4  first_trade=2026-02-09 03:02  winrate=0.500  n_markets_traded=4.000  herfindahl_index_markets=0.407
12:00:52 [super]   #793   0x097873704461492d3e23f900e07a8fbb14633137  prob=0.0574 (raw=0.1422)  vol=$8,965  trades=38  first_trade=2026-02-09 01:31  winrate=0.776  n_markets_traded=125.000  herfindahl_index_markets=0.020
12:00:52 [super]   #802   0xad5353afe30c2da57709e2704ef3ccdcf67eef24  prob=0.0569 (raw=0.1399)  vol=$6,652  trades=618  first_trade=2025-10-19 21:06  winrate=NaN  n_markets_traded=0.000  herfindahl_index_markets=0.000
12:00:52 [super]   #815   0xb0f762245df7e33589f18c4c80ca3eafe8985d56  prob=0.0563 (raw=0.1373)  vol=$2,906  trades=34  first_trade=2026-02-09 01:35  winrate=0.000  n_markets_traded=20.000  herfindahl_index_markets=0.133
12:00:52 [super]   #816   0x20e41e08d5993f440203cb70e9e3e3b75fb8b96f  prob=0.0562 (raw=0.1371)  vol=$4,334  trades=30  first_trade=2026-02-08 19:49  winrate=0.491  n_markets_traded=55.000  herfindahl_index_markets=0.032
12:00:52 [super]   #818   0xda73c61276c43e5579e2226bc50e34218ea4e270  prob=0.0562 (raw=0.1369)  vol=$2,500  trades=2  first_trade=2026-02-09 23:26  winrate=0.000  n_markets_traded=2.000  herfindahl_index_markets=0.500
12:00:52 [super]   #822   0x3c593aeb73ebdadbc9ce76d4264a6a2af4011766  prob=0.0560 (raw=0.1362)  vol=$10,670  trades=20  first_trade=2026-02-09 02:03  winrate=NaN  n_markets_traded=0.000  herfindahl_index_markets=0.000
12:00:52 [super]   #825   0x83f8d48b5a156fd24790bc82cdfb222b0a0ad9f1  prob=0.0560 (raw=0.1362)  vol=$2,847  trades=7  first_trade=2026-02-08 23:24  winrate=0.000  n_markets_traded=3.000  herfindahl_index_markets=0.594
12:00:52 [super]   #826   0xb766be2ee36ae2d42b236e3fb16dbfb317351d83  prob=0.0560 (raw=0.1359)  vol=$8,275  trades=64  first_trade=2026-02-07 11:17  winrate=0.404  n_markets_traded=192.000  herfindahl_index_markets=0.023
12:00:52 [super]   #829   0x67d6436f723aa00270bd2fc112e7fb3b4408b04b  prob=0.0557 (raw=0.1350)  vol=$5,487  trades=45  first_trade=2026-02-07 09:10  winrate=0.429  n_markets_traded=14.000  herfindahl_index_markets=0.245
12:00:52 [super]   #845   0x63409ddce9e86b3c4d7231c40b9959bb5ef853e3  prob=0.0549 (raw=0.1315)  vol=$1,550  trades=2  first_trade=2026-02-09 09:08  winrate=0.895  n_markets_traded=57.000  herfindahl_index_markets=0.585
12:00:52 [super]   #849   0xe1053371c2926680a20099b517813bf8a0375b88  prob=0.0548 (raw=0.1306)  vol=$9,052  trades=59  first_trade=2026-02-08 20:33  winrate=0.000  n_markets_traded=1.000  herfindahl_index_markets=1.000
12:00:52 [super]   #853   0x3450a5a6c9f7b35caa976d2d064b51dab3bd6793  prob=0.0547 (raw=0.1301)  vol=$3,236  trades=5  first_trade=2026-02-09 01:54  winrate=0.479  n_markets_traded=288.000  herfindahl_index_markets=0.017
12:00:52 [super]   #856   0x06e8cb40376ff9f06d926e71a0740821f1914675  prob=0.0545 (raw=0.1294)  vol=$6,559  trades=16  first_trade=2026-02-09 01:22  winrate=0.504  n_markets_traded=183.000  herfindahl_index_markets=0.031
12:00:52 [super]   #861   0x58b3c43b9cb17ea1783fc1890a38a1eab40dfe06  prob=0.0541 (raw=0.1276)  vol=$3,843  trades=49  first_trade=2026-02-09 01:43  winrate=0.225  n_markets_traded=84.000  herfindahl_index_markets=0.072
12:00:52 [super]   #865   0xe62524fe42e7f94d9d14d7df4d05ff0e2322e7c6  prob=0.0540 (raw=0.1270)  vol=$1,326  trades=23  first_trade=2026-02-07 08:36  winrate=0.385  n_markets_traded=13.000  herfindahl_index_markets=0.133
12:00:52 [super]   #866   0x5db824a3bffa5b5d2fbaaa1fdd4cec4c02197348  prob=0.0539 (raw=0.1269)  vol=$15,000  trades=4  first_trade=2026-02-10 21:58  winrate=0.000  n_markets_traded=11.000  herfindahl_index_markets=0.151
12:00:52 [super]   #883   0xbf4b67a4c363a5954c2e015dafca3dbb7ebe1b8b  prob=0.0531 (raw=0.1232)  vol=$43,149  trades=25  first_trade=2026-02-09 12:23  winrate=0.595  n_markets_traded=42.000  herfindahl_index_markets=0.058
12:00:52 [super]   #888   0xcf645f4d582215bb349c6eb134ac664f8346ad49  prob=0.0530 (raw=0.1224)  vol=$3,459  trades=3  first_trade=2026-02-09 00:34  winrate=0.439  n_markets_traded=57.000  herfindahl_index_markets=0.050
12:00:52 [super]   #889   0xc7fec947e45e472355f044aba5e1486bb5b405e1  prob=0.0529 (raw=0.1222)  vol=$1,656  trades=5  first_trade=2026-02-09 01:37  winrate=0.400  n_markets_traded=5.000  herfindahl_index_markets=0.674
12:00:52 [super]   #896   0x01b0c2967a56de35210beffe512cd7d4ae805aaa  prob=0.0525 (raw=0.1200)  vol=$11,044  trades=6  first_trade=2026-02-09 05:18  winrate=0.167  n_markets_traded=12.000  herfindahl_index_markets=0.192
12:00:52 [super]   #900   0x7d607701278238ed55b82f6bc06536343b6203d8  prob=0.0522 (raw=0.1187)  vol=$5,106  trades=5  first_trade=2026-02-09 01:33  winrate=0.419  n_markets_traded=129.000  herfindahl_index_markets=0.026
12:00:52 [super]   #905   0xc6e7887abc4998bf5184aa3385a3938f9b2d6146  prob=0.0520 (raw=0.1180)  vol=$205,202  trades=115  first_trade=2026-02-09 00:11  winrate=0.000  n_markets_traded=1.000  herfindahl_index_markets=1.000
12:00:52 [super]   #910   0xe598435df0cdf5d22bdd5082d557f75f9180a0a8  prob=0.0518 (raw=0.1171)  vol=$39,670  trades=72  first_trade=2026-02-09 01:31  winrate=NaN  n_markets_traded=0.000  herfindahl_index_markets=0.000
12:00:52 [super]   #914   0xcc3e87226912d35893b678eaa8a39d57b6fe37ef  prob=0.0516 (raw=0.1159)  vol=$12,980  trades=94  first_trade=2026-02-06 20:47  winrate=0.485  n_markets_traded=87.000  herfindahl_index_markets=0.054
12:00:52 [super]   #916   0xe509c35df1535af08e6a73e568d2cf2d5a014245  prob=0.0516 (raw=0.1157)  vol=$3,394  trades=13  first_trade=2026-02-08 22:37  winrate=0.000  n_markets_traded=2.000  herfindahl_index_markets=0.978
12:00:52 [super]   #919   0xa1ffbb2952fcd18b3b4759ccddeb7fdf90f655bd  prob=0.0515 (raw=0.1156)  vol=$4,704  trades=15  first_trade=2026-02-08 02:34  winrate=0.532  n_markets_traded=93.000  herfindahl_index_markets=0.043
12:00:52 [super]   #928   0xcb4b83bcc8ccbf23bab0f39ba75c0fa3507c8137  prob=0.0510 (raw=0.1132)  vol=$45,513  trades=64  first_trade=2026-02-09 00:12  winrate=0.500  n_markets_traded=2.000  herfindahl_index_markets=0.536
12:00:52 [super]   #933   0xa7cc00c563726032007221e827bbf7fdb6d7644e  prob=0.0508 (raw=0.1121)  vol=$8,343  trades=10  first_trade=2026-02-09 02:30  winrate=0.678  n_markets_traded=87.000  herfindahl_index_markets=0.047
12:00:52 [super]   #935   0xdc480c7fb4e96ca8221593e063106ebdb3ce5d74  prob=0.0507 (raw=0.1114)  vol=$1,901  trades=21  first_trade=2026-02-09 00:45  winrate=0.474  n_markets_traded=19.000  herfindahl_index_markets=0.129
12:00:52 [super]   #951   0xe136a2d7545d8f4fad32e637f516ce6bf9a082e8  prob=0.0501 (raw=0.1085)  vol=$1,434  trades=18  first_trade=2026-02-08 20:21  winrate=0.305  n_markets_traded=59.000  herfindahl_index_markets=0.060
12:00:52 [super]   #973   0x5db56d12501f3c52300e194999da136530f05df8  prob=0.0493 (raw=0.1045)  vol=$1,249  trades=44  first_trade=2026-02-07 16:39  winrate=0.444  n_markets_traded=9.000  herfindahl_index_markets=0.174
12:00:52 [super]   #977   0x1ea06ea7143d3b8e2431f9cab7011619c269950a  prob=0.0491 (raw=0.1037)  vol=$59,141  trades=102  first_trade=2026-02-08 18:44  winrate=0.000  n_markets_traded=3.000  herfindahl_index_markets=0.664
12:00:52 [super]   #985   0xc98b99ed7f9748fb3eb8d13d0e4531d023286430  prob=0.0490 (raw=0.1030)  vol=$1,567  trades=19  first_trade=2026-02-09 01:31  winrate=NaN  n_markets_traded=0.000  herfindahl_index_markets=0.000
12:00:52 [super]   #1005  0xde8348bb28cda5e37ee3911a92bcf0d8f7c655ca  prob=0.0484 (raw=0.1003)  vol=$2,096  trades=18  first_trade=2026-02-08 18:48  winrate=0.000  n_markets_traded=1.000  herfindahl_index_markets=1.000
12:00:52 [super]   #1009  0xe8762320bfd46e1e12737cc654b8c08608d142b6  prob=0.0483 (raw=0.0999)  vol=$1,416  trades=11  first_trade=2026-02-08 19:29  winrate=0.039  n_markets_traded=51.000  herfindahl_index_markets=0.117
12:00:52 [super]   #1012  0xcdb1f1ef8213c06911e4ba6a884176c5571e276c  prob=0.0483 (raw=0.0995)  vol=$2,040  trades=20  first_trade=2026-02-09 01:32  winrate=NaN  n_markets_traded=0.000  herfindahl_index_markets=0.000
12:00:52 [super]   #1017  0x6a924500b46196928132932bea000cf05939e8fb  prob=0.0481 (raw=0.0988)  vol=$2,531  trades=2  first_trade=2026-02-09 09:46  winrate=0.898  n_markets_traded=49.000  herfindahl_index_markets=0.035
12:00:52 [super]   #1020  0x9e157de7e84f6038032d087cb55aaa7949877531  prob=0.0481 (raw=0.0988)  vol=$39,426  trades=109  first_trade=2026-02-09 01:21  winrate=NaN  n_markets_traded=0.000  herfindahl_index_markets=0.000
12:00:52 [super]   #1028  0xeffd76b6a4318d50c6f71a16b276c5b279445a86  prob=0.0479 (raw=0.0974)  vol=$6,008  trades=22  first_trade=2026-02-08 22:17  winrate=NaN  n_markets_traded=0.000  herfindahl_index_markets=0.000
12:00:52 [super]   #1029  0x7cd51ec6c266858d97de70e51d14b81c74101444  prob=0.0478 (raw=0.0973)  vol=$3,506  trades=6  first_trade=2026-02-08 22:09  winrate=0.273  n_markets_traded=11.000  herfindahl_index_markets=0.241
12:00:52 [super]   #1033  0xa5e3044fd953605f9407d58c76e48fd75a394d7e  prob=0.0477 (raw=0.0965)  vol=$6,527  trades=47  first_trade=2026-02-08 21:21  winrate=NaN  n_markets_traded=0.000  herfindahl_index_markets=0.000
12:00:52 [super]   #1037  0x53757615de1c42b83f893b79d4241a009dc2aeea  prob=0.0477 (raw=0.0964)  vol=$58,847  trades=388  first_trade=2026-02-08 22:37  winrate=NaN  n_markets_traded=0.000  herfindahl_index_markets=0.000
12:00:52 [super]   #1041  0x203205f531c4e53fb5d8142856130d6d50ac761c  prob=0.0475 (raw=0.0958)  vol=$4,796  trades=3  first_trade=2026-02-08 22:00  winrate=0.467  n_markets_traded=15.000  herfindahl_index_markets=0.147
12:00:52 [super]   #1043  0x69ea0d77ef34f1acb03aaed901df7620fc4215cd  prob=0.0475 (raw=0.0956)  vol=$75,780  trades=156  first_trade=2026-02-07 12:56  winrate=NaN  n_markets_traded=0.000  herfindahl_index_markets=0.000
12:00:52 [super]   #1052  0xffa41a6f0a16d888b1767703e3c60e9ef381162b  prob=0.0473 (raw=0.0945)  vol=$1,333  trades=2  first_trade=2026-02-09 18:28  winrate=NaN  n_markets_traded=0.000  herfindahl_index_markets=0.000
12:00:52 [super]   #1053  0x13134813973db95b891ccffa7fd0fa25e32485d8  prob=0.0473 (raw=0.0944)  vol=$29,106  trades=43  first_trade=2026-02-09 00:19  winrate=0.333  n_markets_traded=36.000  herfindahl_index_markets=0.114
12:00:52 [super]   #1058  0x504fb74e4855005efe7881e8f97feedd89383ddc  prob=0.0471 (raw=0.0935)  vol=$1,067  trades=4  first_trade=2026-02-06 20:07  winrate=0.550  n_markets_traded=772.000  herfindahl_index_markets=0.004
12:00:52 [super]   #1061  0xb89f5425341719d298dc2f5b9a92374f5fde1c44  prob=0.0470 (raw=0.0932)  vol=$11,615  trades=6  first_trade=2026-02-09 01:46  winrate=NaN  n_markets_traded=0.000  herfindahl_index_markets=0.000
12:00:52 [super]   #1071  0x0c27d8a54c1b8f9478615d682be205e1823202d1  prob=0.0468 (raw=0.0919)  vol=$10,000  trades=4  first_trade=2026-02-09 22:50  winrate=0.000  n_markets_traded=2.000  herfindahl_index_markets=0.835
12:00:52 [super]   #1073  0x685d793fd1f87a05716d14154eac45fca17122d6  prob=0.0467 (raw=0.0914)  vol=$1,468  trades=5  first_trade=2026-02-09 02:32  winrate=0.608  n_markets_traded=524.000  herfindahl_index_markets=0.006
12:00:52 [super]   #1077  0x22b57908ba8b730b1242cce3781407090194bdca  prob=0.0467 (raw=0.0913)  vol=$175,360  trades=40  first_trade=2026-02-09 04:23  winrate=0.758  n_markets_traded=127.000  herfindahl_index_markets=0.028
12:00:52 [super]   #1084  0x8a70cadd867a8fc71c6720c47a6920e594b8a609  prob=0.0465 (raw=0.0902)  vol=$6,880  trades=51  first_trade=2026-02-08 10:13  winrate=0.143  n_markets_traded=14.000  herfindahl_index_markets=0.134
12:00:52 [super]   #1091  0x929fe0fc66417552013ecd2592da337a57f7e1a1  prob=0.0463 (raw=0.0892)  vol=$1,298  trades=24  first_trade=2026-02-05 03:20  winrate=0.333  n_markets_traded=3.000  herfindahl_index_markets=0.458
12:00:52 [super]   #1096  0xd547c0ce7f25353c93e450d77ea3dad8a0498a9f  prob=0.0461 (raw=0.0885)  vol=$114,160  trades=648  first_trade=2026-02-06 20:34  winrate=0.481  n_markets_traded=129.000  herfindahl_index_markets=0.070
12:00:52 [super]   #1105  0xb3f3dc461c9d95b3d4a0f4d76ab78dbdfcfcbb19  prob=0.0460 (raw=0.0877)  vol=$3,280  trades=22  first_trade=2026-02-08 04:45  winrate=NaN  n_markets_traded=0.000  herfindahl_index_markets=0.000
12:00:52 [super]   #1112  0xc5bdf06de8ac9e1a904408d101c0cdc86571ceaa  prob=0.0458 (raw=0.0869)  vol=$2,353  trades=62  first_trade=2026-02-08 06:23  winrate=NaN  n_markets_traded=0.000  herfindahl_index_markets=0.000
12:00:52 [super]   #1113  0xc21094109bf351b5a57203d0da88c91763548b21  prob=0.0458 (raw=0.0868)  vol=$2,504  trades=48  first_trade=2026-02-07 20:18  winrate=NaN  n_markets_traded=0.000  herfindahl_index_markets=0.000
12:00:52 [super]   #1123  0xca972cdf160266af59af5ad84d0577cb3ac75409  prob=0.0456 (raw=0.0855)  vol=$1,034  trades=41  first_trade=2026-02-08 06:23  winrate=NaN  n_markets_traded=0.000  herfindahl_index_markets=0.000
12:00:52 [super]   #1125  0x95074f700f93bdf6e62fc965e0832064c0877b04  prob=0.0455 (raw=0.0849)  vol=$135,575  trades=244  first_trade=2026-02-09 01:29  winrate=NaN  n_markets_traded=0.000  herfindahl_index_markets=0.000
12:00:52 [super]   #1126  0xcdfc1a672764f85dd29600e6665feff2f176e7d6  prob=0.0454 (raw=0.0847)  vol=$3,502  trades=203  first_trade=2026-02-04 05:43  winrate=0.000  n_markets_traded=9.000  herfindahl_index_markets=0.153
12:00:52 [super]   #1132  0x789a4c347bdfb52d8772fa8225917cbfc13a1dda  prob=0.0453 (raw=0.0839)  vol=$1,205  trades=10  first_trade=2026-02-09 01:41  winrate=NaN  n_markets_traded=0.000  herfindahl_index_markets=0.000
12:00:52 [super]   #1133  0x987069e3ba77f73bc43fcad0dd43fa3eced7b9d3  prob=0.0452 (raw=0.0837)  vol=$2,841  trades=12  first_trade=2026-02-08 06:32  winrate=NaN  n_markets_traded=0.000  herfindahl_index_markets=0.000
12:00:52 [super]   #1134  0x201cbc10410f6900090edf68515f62190e8158bf  prob=0.0452 (raw=0.0837)  vol=$4,892  trades=7  first_trade=2026-02-08 22:56  winrate=NaN  n_markets_traded=0.000  herfindahl_index_markets=0.000
12:00:52 [super]   #1136  0x7558b9d517ccd4e6c378e47694112e51fa78321f  prob=0.0452 (raw=0.0836)  vol=$1,010  trades=4  first_trade=2026-02-08 19:02  winrate=0.000  n_markets_traded=7.000  herfindahl_index_markets=0.165
12:00:52 [super]   #1139  0x41eacf5aaa4c7fc883a098635b981050715d7a3d  prob=0.0452 (raw=0.0833)  vol=$2,835  trades=23  first_trade=2025-09-29 00:18  winrate=NaN  n_markets_traded=0.000  herfindahl_index_markets=0.000
12:00:52 [super]   #1146  0x03c8118da338a9dafb2bae9a4e89055203a30e01  prob=0.0451 (raw=0.0829)  vol=$1,106  trades=6  first_trade=2026-02-09 01:41  winrate=0.362  n_markets_traded=278.000  herfindahl_index_markets=0.014
12:00:52 [super]   #1154  0x6560abb717a8e5f3afaacd1a31e9c03eed71e164  prob=0.0450 (raw=0.0821)  vol=$1,210  trades=17  first_trade=2026-02-09 01:40  winrate=NaN  n_markets_traded=0.000  herfindahl_index_markets=0.000
12:00:52 [super]   #1159  0xdc0584a48d55d0c455792a7760d80c4708acfcd0  prob=0.0447 (raw=0.0806)  vol=$50,000  trades=2  first_trade=2026-02-09 23:08  winrate=0.393  n_markets_traded=28.000  herfindahl_index_markets=0.102
12:00:52 [super]   #1163  0x5c7b1844a1025ef97b752b19f4f32c0940aefedd  prob=0.0446 (raw=0.0802)  vol=$3,240  trades=9  first_trade=2026-02-09 01:08  winrate=0.245  n_markets_traded=52.000  herfindahl_index_markets=0.037
12:00:52 [super]   #1166  0x93c40233bc0cec7acf9c4e2742b611bfe919dca6  prob=0.0446 (raw=0.0800)  vol=$3,032  trades=20  first_trade=2026-02-09 01:37  winrate=0.409  n_markets_traded=503.000  herfindahl_index_markets=0.019
12:00:52 [super]   #1167  0x40cfb29411d29f4fa0908f2a121297042cccd21d  prob=0.0446 (raw=0.0799)  vol=$1,636  trades=22  first_trade=2026-02-09 02:05  winrate=NaN  n_markets_traded=0.000  herfindahl_index_markets=0.000
12:00:52 [super]   #1169  0x25cb6dec6b5e95ec7c729b4db8603b846c013212  prob=0.0445 (raw=0.0798)  vol=$1,667  trades=2  first_trade=2026-02-09 08:15  winrate=0.333  n_markets_traded=18.000  herfindahl_index_markets=0.081
12:00:52 [super]   #1178  0x6ae4160c7507f4e9634144178dcf4e4c36d7d4ce  prob=0.0444 (raw=0.0789)  vol=$2,464  trades=41  first_trade=2026-02-09 01:17  winrate=NaN  n_markets_traded=0.000  herfindahl_index_markets=0.000
12:00:52 [super]   #1198  0x3c7ebc96f744a2a52841733c0b3dfe66011ea65f  prob=0.0440 (raw=0.0769)  vol=$107,360  trades=544  first_trade=2026-02-08 19:46  winrate=NaN  n_markets_traded=0.000  herfindahl_index_markets=0.000
12:00:52 [super]   #1211  0x48ff36d57a8648a69fd122886ae539eabefbe54a  prob=0.0438 (raw=0.0758)  vol=$10,000  trades=2  first_trade=2026-02-10 15:55  winrate=0.000  n_markets_traded=8.000  herfindahl_index_markets=0.225
12:00:52 [super]   #1213  0xb741a5dade4a298897a3124ed798a9cca1fba996  prob=0.0438 (raw=0.0757)  vol=$22,654  trades=17  first_trade=2026-02-09 01:01  winrate=0.675  n_markets_traded=40.000  herfindahl_index_markets=0.126
12:00:52 [super]   #1214  0x9d78c3148a33cc9f1a2f95f26daaa7e61e4fd4ec  prob=0.0438 (raw=0.0756)  vol=$13,072  trades=94  first_trade=2026-02-08 05:54  winrate=0.000  n_markets_traded=3.000  herfindahl_index_markets=0.928
12:00:52 [super]   #1215  0xa8a82ee02a6456a5bbfed17fcda84bc3ec104366  prob=0.0437 (raw=0.0753)  vol=$27,029  trades=11  first_trade=2026-02-09 00:52  winrate=0.000  n_markets_traded=9.000  herfindahl_index_markets=0.174
12:00:52 [super]   #1217  0x162f6fff88a52864f2ecc9833e58089d5254798d  prob=0.0437 (raw=0.0751)  vol=$146,565  trades=90  first_trade=2026-02-09 00:29  winrate=NaN  n_markets_traded=0.000  herfindahl_index_markets=0.000
12:00:52 [super]   #1220  0x2b9dbf4b6e0e11309a9d6d2a09b72f65f652adc0  prob=0.0436 (raw=0.0748)  vol=$11,159  trades=61  first_trade=2026-02-07 02:05  winrate=NaN  n_markets_traded=0.000  herfindahl_index_markets=0.000
12:00:52 [super]   #1223  0x90f7cdada5c9278f25bf0cea67cee004961b87e1  prob=0.0436 (raw=0.0747)  vol=$2,000  trades=2  first_trade=2026-02-10 10:50  winrate=0.000  n_markets_traded=11.000  herfindahl_index_markets=0.458
12:00:52 [super]   #1228  0x708dba576d798c24215e267413503269fe39ea78  prob=0.0436 (raw=0.0744)  vol=$17,587  trades=50  first_trade=2026-02-09 01:40  winrate=0.588  n_markets_traded=114.000  herfindahl_index_markets=0.053
12:00:52 [super]   #1257  0xe005901e5c811e58d2d6e7338e109bd4ec1414fd  prob=0.0431 (raw=0.0716)  vol=$1,847  trades=3  first_trade=2026-02-09 03:29  winrate=0.617  n_markets_traded=115.000  herfindahl_index_markets=0.029
12:00:52 [super]   #1259  0x4b5bf87e0832340c08c50a1d7c3b8526fe799d17  prob=0.0430 (raw=0.0712)  vol=$5,303  trades=4  first_trade=2026-02-09 03:14  winrate=0.690  n_markets_traded=29.000  herfindahl_index_markets=0.090
12:00:52 [super]   #1266  0x6648a560418dd0d3e13c9ec9c0bd936f9e26fe09  prob=0.0429 (raw=0.0708)  vol=$4,463  trades=25  first_trade=2026-02-08 06:13  winrate=0.563  n_markets_traded=87.000  herfindahl_index_markets=0.079
12:00:52 [super]   #1278  0xfb548dec862fa6c13f5722fdcd3d38bb1bd72c07  prob=0.0428 (raw=0.0702)  vol=$1,737  trades=27  first_trade=2025-11-01 14:13  winrate=0.419  n_markets_traded=155.000  herfindahl_index_markets=0.030
12:00:52 [super]   #1279  0xa40a8bd6d3acc4de9c77d25b9b8ba9f8342cef15  prob=0.0428 (raw=0.0701)  vol=$1,104  trades=5  first_trade=2026-02-09 01:49  winrate=0.386  n_markets_traded=210.000  herfindahl_index_markets=0.015
12:00:52 [super]   #1290  0x8de5e02553b6afba268e0ccf91f50d881d1f2b04  prob=0.0426 (raw=0.0692)  vol=$2,915  trades=13  first_trade=2026-02-08 23:09  winrate=NaN  n_markets_traded=0.000  herfindahl_index_markets=0.000
12:00:52 [super]   #1295  0x9aeb534c42b58b21673d5e03e9da14fbd15b2729  prob=0.0425 (raw=0.0685)  vol=$19,602  trades=69  first_trade=2026-02-08 04:45  winrate=NaN  n_markets_traded=0.000  herfindahl_index_markets=0.000
12:00:52 [super]   #1303  0x2bb9c014f23b8729bfc12e82c0669d01ec2a3def  prob=0.0424 (raw=0.0677)  vol=$1,531  trades=6  first_trade=2026-02-09 01:27  winrate=NaN  n_markets_traded=0.000  herfindahl_index_markets=0.000
12:00:52 [super]   #1305  0xbb8e6477bcb4d0a79449507c607d36fd228fb243  prob=0.0423 (raw=0.0675)  vol=$24,389  trades=43  first_trade=2026-02-09 01:31  winrate=0.511  n_markets_traded=264.000  herfindahl_index_markets=0.023
12:00:52 [super]   #1319  0xf7d2cd2b529baae5384b37ae573bca3b90a44fac  prob=0.0421 (raw=0.0660)  vol=$1,633  trades=54  first_trade=2026-02-08 20:18  winrate=0.077  n_markets_traded=13.000  herfindahl_index_markets=0.135
12:00:52 [super]   #1323  0xd7d252108d9b6beabce3587a54ec2d595b879427  prob=0.0420 (raw=0.0652)  vol=$9,036  trades=7  first_trade=2026-02-09 08:32  winrate=0.500  n_markets_traded=12.000  herfindahl_index_markets=0.198
12:00:52 [super]   #1329  0x00eca75f93d2dba8cd7c7e58cc1f0c26f1b78240  prob=0.0418 (raw=0.0644)  vol=$31,212  trades=126  first_trade=2026-02-08 20:46  winrate=0.000  n_markets_traded=2.000  herfindahl_index_markets=0.998
12:00:52 [super]   #1335  0xc02147dee42356b7a4edbb1c35ac4ffa95f61fa8  prob=0.0417 (raw=0.0639)  vol=$14,840  trades=36  first_trade=2026-02-08 15:54  winrate=NaN  n_markets_traded=0.000  herfindahl_index_markets=0.000
12:00:52 [super]   #1350  0x09567b85d6da9d75e03c4c9730cdc061d7fa945b  prob=0.0416 (raw=0.0629)  vol=$11,028  trades=10  first_trade=2026-01-25 17:57  winrate=0.370  n_markets_traded=27.000  herfindahl_index_markets=0.118
12:00:52 [super]   #1351  0x11de4cc0fe3abf6d803c139324034170c6c321d7  prob=0.0415 (raw=0.0628)  vol=$1,800  trades=3  first_trade=2026-02-09 03:43  winrate=0.538  n_markets_traded=91.000  herfindahl_index_markets=0.034
12:00:52 [super]   #1357  0xa97e43db0a4a6007899abf75817c452d5a7224ff  prob=0.0415 (raw=0.0625)  vol=$6,280  trades=71  first_trade=2026-02-08 19:21  winrate=NaN  n_markets_traded=0.000  herfindahl_index_markets=0.000
12:00:52 [super]   #1361  0xfecb4ea0fe370705d0229aaf81c4300fa5ba19ba  prob=0.0415 (raw=0.0623)  vol=$14,657  trades=94  first_trade=2026-02-08 22:09  winrate=NaN  n_markets_traded=0.000  herfindahl_index_markets=0.000
12:00:52 [super]   #1365  0xd2969dc435b3ea886f80ccd228f74d5c5fd62bbb  prob=0.0414 (raw=0.0618)  vol=$1,169  trades=13  first_trade=2026-02-09 01:31  winrate=0.125  n_markets_traded=8.000  herfindahl_index_markets=0.269
12:00:52 [super]   #1372  0x9e9ca55b02c795b08adeef6ac65299cca2a66216  prob=0.0413 (raw=0.0614)  vol=$1,458  trades=47  first_trade=2026-02-03 05:27  winrate=0.488  n_markets_traded=82.000  herfindahl_index_markets=0.027
12:00:52 [super]   #1385  0x52f454c43b23504d2dc39e034bf19469fd592b15  prob=0.0412 (raw=0.0606)  vol=$11,927  trades=73  first_trade=2026-02-08 23:00  winrate=0.417  n_markets_traded=24.000  herfindahl_index_markets=0.083
12:00:52 [super]   #1390  0x4ce86801f3f295724fcc8013a52ccd9549fe63fe  prob=0.0411 (raw=0.0603)  vol=$1,385  trades=24  first_trade=2026-02-09 01:23  winrate=0.462  n_markets_traded=97.000  herfindahl_index_markets=0.072
12:00:52 [super]   #1397  0x3fe2e16f7d72578b4f94ec22a083cd7740c00d54  prob=0.0410 (raw=0.0597)  vol=$1,692  trades=27  first_trade=2026-01-29 04:21  winrate=0.333  n_markets_traded=6.000  herfindahl_index_markets=0.182
12:00:52 [super]   #1398  0x7253c03b80da18072deabf0e3d6fa5dfadb3505a  prob=0.0410 (raw=0.0597)  vol=$1,778  trades=9  first_trade=2026-02-08 23:39  winrate=0.344  n_markets_traded=127.000  herfindahl_index_markets=0.108
12:00:52 [super]   #1400  0xd6eef76188c7068719ac881460b7431e1ae137a2  prob=0.0410 (raw=0.0597)  vol=$3,746  trades=367  first_trade=2026-01-17 23:46  winrate=NaN  n_markets_traded=0.000  herfindahl_index_markets=0.000
12:00:52 [super]   #1413  0x8c147947b1304aaa065bc262acf9b72a8c231f3f  prob=0.0408 (raw=0.0583)  vol=$2,000  trades=4  first_trade=2026-02-09 05:47  winrate=0.000  n_markets_traded=39.000  herfindahl_index_markets=0.055
12:00:52 [super]   #1431  0xafbacaeeda63f31202759eff7f8126e49adfe61b  prob=0.0405 (raw=0.0568)  vol=$401,338  trades=306  first_trade=2026-02-07 02:05  winrate=NaN  n_markets_traded=0.000  herfindahl_index_markets=0.000
12:00:52 [super]   #1432  0xd904ab5a9a24d704eac4a82d99527b68cded4295  prob=0.0405 (raw=0.0568)  vol=$39,303  trades=2  first_trade=2026-02-10 01:15  winrate=0.759  n_markets_traded=79.000  herfindahl_index_markets=0.058
12:00:52 [super]   #1433  0x4d45927738376db79e72c78f4a2f9637c424652a  prob=0.0405 (raw=0.0568)  vol=$1,100  trades=32  first_trade=2026-02-06 19:52  winrate=NaN  n_markets_traded=0.000  herfindahl_index_markets=0.000
12:00:52 [super]   #1436  0x6f966d7629c8c3022c67039432dd3d1c426da8c5  prob=0.0405 (raw=0.0566)  vol=$4,535  trades=27  first_trade=2026-02-08 06:17  winrate=0.167  n_markets_traded=12.000  herfindahl_index_markets=0.251
12:00:52 [super]   #1439  0x991a4d823a31b341239ba2b1b16d60b1336e2411  prob=0.0404 (raw=0.0562)  vol=$1,385  trades=21  first_trade=2026-01-26 07:11  winrate=0.660  n_markets_traded=144.000  herfindahl_index_markets=0.040
12:00:52 [super]   #1449  0x6c735cbc233b4c799ec905ab0e1357a997cc04f6  prob=0.0403 (raw=0.0553)  vol=$1,001  trades=2  first_trade=2026-02-09 20:19  winrate=0.814  n_markets_traded=70.000  herfindahl_index_markets=0.043
12:00:52 [super]   #1452  0x163087b61d6aa1ec550741472d723c698242e3fd  prob=0.0403 (raw=0.0552)  vol=$1,976  trades=45  first_trade=2026-02-09 01:19  winrate=0.424  n_markets_traded=170.000  herfindahl_index_markets=0.021
12:00:52 [super]   #1459  0x03066161477d2b994472fdcfc1a5fc1566d0dcf6  prob=0.0402 (raw=0.0545)  vol=$1,107  trades=4  first_trade=2026-02-09 03:03  winrate=0.585  n_markets_traded=41.000  herfindahl_index_markets=0.100
12:00:52 [super]   #1460  0xc3af107e6b8e64abe5c921b2c1d07a3761d02c0a  prob=0.0401 (raw=0.0545)  vol=$1,506  trades=4  first_trade=2026-02-09 04:19  winrate=0.665  n_markets_traded=191.000  herfindahl_index_markets=0.040
12:00:52 [super]   #1461  0x5b69f556ea2e5ad37d14212d45e00ece08f6e094  prob=0.0401 (raw=0.0544)  vol=$8,099  trades=8  first_trade=2026-02-09 01:21  winrate=0.533  n_markets_traded=15.000  herfindahl_index_markets=0.139
12:00:52 [super]   #1464  0x270e9b6b04665e212762a018214dd023a52b2930  prob=0.0401 (raw=0.0541)  vol=$1,233  trades=28  first_trade=2026-01-27 16:02  winrate=0.188  n_markets_traded=48.000  herfindahl_index_markets=0.055
12:00:52 [super]   #1468  0x45670b57336cefce56a327a657848b8fb84f6731  prob=0.0400 (raw=0.0536)  vol=$12,392  trades=69  first_trade=2026-02-08 03:14  winrate=0.000  n_markets_traded=4.000  herfindahl_index_markets=0.494
12:00:52 [super]   #1472  0x6d83610c6e672e2489a83f100f71770ebdd4d1da  prob=0.0399 (raw=0.0529)  vol=$4,635  trades=7  first_trade=2026-02-09 02:06  winrate=0.357  n_markets_traded=14.000  herfindahl_index_markets=0.259
12:00:52 [super]   #1474  0x406dc0d23f7c1b0e9fc3b94c268d70e5e1ad5298  prob=0.0399 (raw=0.0527)  vol=$2,550  trades=4  first_trade=2026-02-09 05:04  winrate=0.786  n_markets_traded=42.000  herfindahl_index_markets=0.045
12:00:52 [super]   #1482  0x4044798f1d60d92369c86cf5b6f1e497e2818de5  prob=0.0397 (raw=0.0520)  vol=$34,529  trades=11  first_trade=2026-02-09 08:40  winrate=0.614  n_markets_traded=114.000  herfindahl_index_markets=0.050
12:00:52 [super]   #1485  0x30c08cce4d85e9421229ac83354bed59aa6875db  prob=0.0397 (raw=0.0518)  vol=$6,640  trades=2  first_trade=2026-02-09 08:03  winrate=0.000  n_markets_traded=6.000  herfindahl_index_markets=0.178
12:00:52 [super]   #1498  0x90bfc858ddb497e6208a92dce15cfe9a480d3348  prob=0.0395 (raw=0.0506)  vol=$18,586  trades=124  first_trade=2026-02-02 17:53  winrate=NaN  n_markets_traded=0.000  herfindahl_index_markets=0.000
12:00:52 [super]   #1502  0x00d42897cd1b6eb2c90d0f274601ff1ac76bfc37  prob=0.0395 (raw=0.0503)  vol=$2,004  trades=8  first_trade=2026-02-09 22:50  winrate=0.294  n_markets_traded=17.000  herfindahl_index_markets=0.087
12:00:52 [super]   #1505  0x495a85d0b1847975febab17b965404f4aee6bc89  prob=0.0394 (raw=0.0501)  vol=$1,668  trades=12  first_trade=2026-02-09 07:49  winrate=0.224  n_markets_traded=170.000  herfindahl_index_markets=0.018
12:00:52 [super]   #1510  0xe35ad4ebe7b611c470da91b29527ff4dad1ee615  prob=0.0393 (raw=0.0494)  vol=$6,229  trades=15  first_trade=2026-02-09 02:20  winrate=0.233  n_markets_traded=60.000  herfindahl_index_markets=0.070
12:00:52 [super]   #1521  0xecb14ac6e9ca447ce2f2912e6217b43d7b655da3  prob=0.0393 (raw=0.0491)  vol=$38,420  trades=53  first_trade=2026-01-25 06:17  winrate=NaN  n_markets_traded=0.000  herfindahl_index_markets=0.000
12:00:52 [super]   #1533  0xec3ab7f7b240e61434b66e18c004353976dfa709  prob=0.0392 (raw=0.0485)  vol=$28,684  trades=76  first_trade=2026-02-09 01:35  winrate=NaN  n_markets_traded=0.000  herfindahl_index_markets=0.000
12:00:52 [super]   #1543  0x10df1cf36653da12cff1f3725e12a7b4644e04a9  prob=0.0390 (raw=0.0475)  vol=$1,371  trades=19  first_trade=2026-02-06 06:24  winrate=0.288  n_markets_traded=52.000  herfindahl_index_markets=0.075
12:00:52 [super]   #1548  0x39063a8d47e2a90a7b682d6a5b8c112ee3577556  prob=0.0390 (raw=0.0473)  vol=$31,812  trades=114  first_trade=2026-02-07 21:41  winrate=0.261  n_markets_traded=23.000  herfindahl_index_markets=0.124
12:00:52 [super]   #1551  0x1ef9a73c5fcfb418537bf76e0b2a131af6d4c134  prob=0.0389 (raw=0.0470)  vol=$2,425  trades=40  first_trade=2026-01-19 00:11  winrate=0.000  n_markets_traded=1.000  herfindahl_index_markets=1.000
12:00:52 [super]   #1553  0x807d6a5a57c7c7bafdcf17623b241a3cf0f61e89  prob=0.0389 (raw=0.0469)  vol=$3,705  trades=21  first_trade=2026-02-08 17:10  winrate=0.365  n_markets_traded=96.000  herfindahl_index_markets=0.108
12:00:52 [super]   #1555  0xc8aeea557036fbb49ab54c2dfd966c661fc8f471  prob=0.0389 (raw=0.0468)  vol=$7,905  trades=82  first_trade=2025-12-16 04:10  winrate=NaN  n_markets_traded=0.000  herfindahl_index_markets=0.000
12:00:52 [super]   #1557  0xc443d3a18f113af8c77408318e9fbd979939bbdb  prob=0.0389 (raw=0.0465)  vol=$7,020  trades=9  first_trade=2026-02-06 20:40  winrate=0.618  n_markets_traded=123.000  herfindahl_index_markets=0.042
12:00:52 [super]   #1559  0xaddffa684a9dd85e1b7d265f2d28776d55a5ce76  prob=0.0388 (raw=0.0463)  vol=$1,116  trades=9  first_trade=2026-02-09 01:54  winrate=0.429  n_markets_traded=7.000  herfindahl_index_markets=0.170
12:00:52 [super]   #1565  0x4237825b09afd8e744bbbf023de6d5a47f42cbfd  prob=0.0387 (raw=0.0458)  vol=$2,292  trades=20  first_trade=2026-02-07 07:10  winrate=0.200  n_markets_traded=5.000  herfindahl_index_markets=0.445
12:00:52 [super]   #1566  0x8f5946702d5d42b85ea660e145dbbb8031c63b40  prob=0.0387 (raw=0.0457)  vol=$4,780  trades=14  first_trade=2026-02-09 01:30  winrate=0.529  n_markets_traded=51.000  herfindahl_index_markets=0.055
12:00:52 [super]   #1567  0x1835ea8b147157e90c298c550f3f0f4d8543b828  prob=0.0387 (raw=0.0456)  vol=$54,863  trades=57  first_trade=2026-02-08 11:48  winrate=0.770  n_markets_traded=74.000  herfindahl_index_markets=0.053
12:00:52 [super]   #1570  0xd2d1f8106602d8fdee8bf8518d26a9b44d54aa33  prob=0.0386 (raw=0.0451)  vol=$1,193  trades=5  first_trade=2026-02-09 05:32  winrate=0.391  n_markets_traded=23.000  herfindahl_index_markets=0.168
12:00:52 [super]   #1572  0x71a4829efbba0f90ab7099338fba6c33b556cd31  prob=0.0386 (raw=0.0450)  vol=$3,996  trades=2  first_trade=2026-02-09 09:36  winrate=0.650  n_markets_traded=159.000  herfindahl_index_markets=0.011
12:00:52 [super]   #1575  0x197e870b158270e9d93662c76e1bb055642bee3e  prob=0.0386 (raw=0.0448)  vol=$3,108  trades=3  first_trade=2026-02-09 22:50  winrate=0.667  n_markets_traded=42.000  herfindahl_index_markets=0.107
12:00:52 [super]   #1589  0x7325c7a761ed4118ed0fb97a66ebe4b78c7e0574  prob=0.0384 (raw=0.0434)  vol=$1,694  trades=8  first_trade=2026-02-08 05:12  winrate=0.300  n_markets_traded=10.000  herfindahl_index_markets=0.132
12:00:52 [super]   #1590  0x6df1bd42411b29f0d263f58da72c9efdfa54ea12  prob=0.0383 (raw=0.0433)  vol=$9,139  trades=10  first_trade=2026-02-08 20:33  winrate=NaN  n_markets_traded=0.000  herfindahl_index_markets=0.000
12:00:52 [super]   #1600  0x92a6294cd55b9c6ccd57efaffc365ad943118b84  prob=0.0382 (raw=0.0425)  vol=$179,139  trades=141  first_trade=2026-02-09 01:44  winrate=NaN  n_markets_traded=0.000  herfindahl_index_markets=0.000
12:00:52 [super]   #1601  0xae8c0a7928da80db160aafb1ddb33103539593cd  prob=0.0382 (raw=0.0425)  vol=$29,617  trades=82  first_trade=2026-02-08 03:22  winrate=0.471  n_markets_traded=240.000  herfindahl_index_markets=0.018
12:00:52 [super]   #1602  0x1d5c087a82ba920af944000c0b6751c949f94f26  prob=0.0382 (raw=0.0425)  vol=$1,351  trades=4  first_trade=2026-02-09 00:03  winrate=NaN  n_markets_traded=0.000  herfindahl_index_markets=0.000
12:00:52 [super]   #1610  0x9e8ecc4cb3c4e48f544cba2fbbb252a6a65e8db8  prob=0.0381 (raw=0.0417)  vol=$5,903  trades=37  first_trade=2026-02-08 03:21  winrate=NaN  n_markets_traded=0.000  herfindahl_index_markets=0.000
12:00:52 [super]   #1612  0x6bab41a0dc40d6dd4c1a915b8c01969479fd1292  prob=0.0381 (raw=0.0416)  vol=$3,554  trades=5  first_trade=2026-02-09 02:09  winrate=NaN  n_markets_traded=0.000  herfindahl_index_markets=0.000
12:00:52 [super]   #1631  0xb40e89677d59665d5188541ad860450a6e2a7cc9  prob=0.0379 (raw=0.0404)  vol=$79,815  trades=1371  first_trade=2026-01-19 04:12  winrate=NaN  n_markets_traded=0.000  herfindahl_index_markets=0.000
12:00:52 [super]   #1634  0x6179ad17cb1a48a8db80284f9b22a5bf899d6f80  prob=0.0378 (raw=0.0400)  vol=$14,809  trades=90  first_trade=2026-02-08 21:49  winrate=NaN  n_markets_traded=0.000  herfindahl_index_markets=0.000
12:00:52 [super]   #1635  0x5baa1ff5efdc726a9b8fe85fcfd400183f0d55b4  prob=0.0378 (raw=0.0399)  vol=$73,942  trades=78  first_trade=2026-02-09 01:37  winrate=0.000  n_markets_traded=3.000  herfindahl_index_markets=0.936
12:00:52 [super]   #1636  0x2785e7022dc20757108204b13c08cea8613b70ae  prob=0.0378 (raw=0.0398)  vol=$9,133  trades=6  first_trade=2026-02-09 03:34  winrate=NaN  n_markets_traded=0.000  herfindahl_index_markets=0.000
12:00:52 [super]   #1637  0x713d8204065122e767f13f0713774ac6805453a9  prob=0.0378 (raw=0.0396)  vol=$3,345  trades=20  first_trade=2026-02-08 08:16  winrate=0.495  n_markets_traded=215.000  herfindahl_index_markets=0.030
12:00:52 [super]   #1644  0x47ab026767cc320ac6e62f6ec747d59cf4d795df  prob=0.0377 (raw=0.0392)  vol=$3,922  trades=35  first_trade=2026-02-08 23:19  winrate=NaN  n_markets_traded=0.000  herfindahl_index_markets=0.000
12:00:52 [super]   #1646  0x58aa47a2e3e0396f8c09259d87990db12e56a481  prob=0.0377 (raw=0.0390)  vol=$12,201  trades=45  first_trade=2026-02-08 06:46  winrate=0.521  n_markets_traded=273.000  herfindahl_index_markets=0.017
12:00:52 [super]   #1647  0xb1236312535e9119eeac1d849e1d821fbb350a15  prob=0.0377 (raw=0.0389)  vol=$10,569  trades=63  first_trade=2026-02-06 22:47  winrate=0.495  n_markets_traded=324.000  herfindahl_index_markets=0.008
12:00:52 [super]   #1648  0x437b91c5863bec6586af33dcabb640c58f200ba4  prob=0.0376 (raw=0.0387)  vol=$3,276  trades=32  first_trade=2026-02-06 05:26  winrate=0.528  n_markets_traded=430.000  herfindahl_index_markets=0.045
12:00:52 [super]   #1651  0x44e641e5eabb5687fe2338540e18b7d610579d9e  prob=0.0376 (raw=0.0386)  vol=$2,236  trades=16  first_trade=2026-02-08 19:36  winrate=0.488  n_markets_traded=290.000  herfindahl_index_markets=0.028
12:00:52 [super]   #1652  0xf021d8b990a1fb3686820fc118dd172c94dbd8dc  prob=0.0376 (raw=0.0385)  vol=$6,000  trades=4  first_trade=2026-02-10 22:35  winrate=0.851  n_markets_traded=47.000  herfindahl_index_markets=0.037
12:00:52 [super]   #1653  0xde0463ea7f611b065e8ab06bbfbddad75e6dfa37  prob=0.0376 (raw=0.0385)  vol=$232,725  trades=4309  first_trade=2025-09-18 14:00  winrate=NaN  n_markets_traded=0.000  herfindahl_index_markets=0.000
12:00:52 [super]   #1661  0x0ad0c6a3dc7085ff26aa315e1fa014b6c78616a3  prob=0.0375 (raw=0.0380)  vol=$10,000  trades=2  first_trade=2026-02-10 22:19  winrate=0.603  n_markets_traded=73.000  herfindahl_index_markets=0.030
12:00:52 [super]   #1663  0xa6e574c51f3f6b0e590963bcd0e15d0d7732470d  prob=0.0375 (raw=0.0379)  vol=$2,433  trades=17  first_trade=2026-02-09 02:30  winrate=0.571  n_markets_traded=28.000  herfindahl_index_markets=0.067
12:00:52 [super]   #1666  0x22e4248bdb066f65c9f11cd66cdd3719a28eef1c  prob=0.0374 (raw=0.0374)  vol=$68,814  trades=163  first_trade=2026-02-08 17:34  winrate=NaN  n_markets_traded=0.000  herfindahl_index_markets=0.000
12:00:52 [super]   #1673  0xfe175c90c4152392978fa402ed871657881298e9  prob=0.0374 (raw=0.0372)  vol=$6,341  trades=82  first_trade=2025-09-30 00:37  winrate=0.728  n_markets_traded=151.000  herfindahl_index_markets=0.130
12:00:52 [super]   #1680  0x2e9f4169ce0c1f8044b7373247bec475fabdb918  prob=0.0373 (raw=0.0365)  vol=$1,065  trades=20  first_trade=2026-02-09 00:08  winrate=0.316  n_markets_traded=19.000  herfindahl_index_markets=0.088
12:00:52 [super]   #1685  0xf739fefef6fe7b18a263afd88a900a204737e4ac  prob=0.0372 (raw=0.0360)  vol=$3,559  trades=12  first_trade=2026-02-08 18:00  winrate=0.400  n_markets_traded=25.000  herfindahl_index_markets=0.103
12:00:52 [super]   #1686  0x019018a39be977f58f25261a00df042f25bf1b7d  prob=0.0372 (raw=0.0359)  vol=$5,669  trades=9  first_trade=2026-02-09 02:33  winrate=0.470  n_markets_traded=66.000  herfindahl_index_markets=0.046
12:00:52 [super]   #1690  0x510904c9a58f5c5ad799a1b44947077564175e9c  prob=0.0372 (raw=0.0358)  vol=$3,801  trades=19  first_trade=2026-02-08 17:41  winrate=NaN  n_markets_traded=0.000  herfindahl_index_markets=0.000
12:00:52 [super]   #1694  0x2d692c6ac89511974c43202f4d74763e4af580b9  prob=0.0371 (raw=0.0355)  vol=$2,087  trades=4  first_trade=2026-02-10 03:05  winrate=0.899  n_markets_traded=79.000  herfindahl_index_markets=0.037
12:00:52 [super]   #1700  0x406df679bdfc915a160d32ed9519d923ad99c36f  prob=0.0371 (raw=0.0352)  vol=$1,843  trades=19  first_trade=2026-02-09 02:07  winrate=0.667  n_markets_traded=276.000  herfindahl_index_markets=0.022
12:00:52 [super]   #1704  0x6ab49debd4475b4e29230824b9b4bab05a0b02d6  prob=0.0371 (raw=0.0350)  vol=$35,000  trades=4  first_trade=2026-02-10 02:10  winrate=0.000  n_markets_traded=25.000  herfindahl_index_markets=0.118
12:00:52 [super]   #1705  0xe0ac9addc56c19e771a0524f5d172af4d7a476ff  prob=0.0370 (raw=0.0349)  vol=$31,786  trades=34  first_trade=2026-02-08 20:21  winrate=0.739  n_markets_traded=287.000  herfindahl_index_markets=0.025
12:00:52 [super]   #1706  0x2bc7e939bf48259488c991b095977d1f3beee411  prob=0.0370 (raw=0.0349)  vol=$2,095  trades=27  first_trade=2026-02-09 01:32  winrate=NaN  n_markets_traded=0.000  herfindahl_index_markets=0.000
12:00:52 [super]   #1713  0xe0acaee5baa9c147770661b87f8667a2bad5990d  prob=0.0370 (raw=0.0347)  vol=$3,337  trades=320  first_trade=2026-01-31 00:26  winrate=NaN  n_markets_traded=0.000  herfindahl_index_markets=0.000
12:00:52 [super]   #1714  0x2375550d3b98ce364476c81f663a0b878cb0691f  prob=0.0370 (raw=0.0347)  vol=$19,883  trades=645  first_trade=2026-01-31 23:07  winrate=NaN  n_markets_traded=0.000  herfindahl_index_markets=0.000
12:00:52 [super]   #1730  0x44fc69758aee382015e0c860f1dd116d81e59728  prob=0.0369 (raw=0.0337)  vol=$3,333  trades=2  first_trade=2026-02-09 06:33  winrate=0.576  n_markets_traded=92.000  herfindahl_index_markets=0.095
12:00:52 [super]   #1736  0xcd43686d58f9435a27e63d3c7eb55c460de8a5a3  prob=0.0368 (raw=0.0335)  vol=$1,012  trades=6  first_trade=2026-02-09 03:52  winrate=0.601  n_markets_traded=148.000  herfindahl_index_markets=0.029
12:00:52 [super]   #1739  0x03030fa948db8dfaa8384ae910359bcbb4e3fcd1  prob=0.0368 (raw=0.0333)  vol=$15,125  trades=449  first_trade=2026-02-05 23:39  winrate=0.593  n_markets_traded=97.000  herfindahl_index_markets=0.100
12:00:52 [super]   #1744  0xbfa64469155a6e6388f32cf70bdf3640045a4eb6  prob=0.0368 (raw=0.0331)  vol=$4,240  trades=4  first_trade=2026-02-10 21:18  winrate=0.386  n_markets_traded=383.000  herfindahl_index_markets=0.015
12:00:52 [super]   #1766  0x78ebdd0382e30c33512e4d1d13f2e440e61e9a2b  prob=0.0366 (raw=0.0323)  vol=$1,365  trades=14  first_trade=2026-02-08 18:06  winrate=0.400  n_markets_traded=10.000  herfindahl_index_markets=0.190
12:00:52 [super]   #1777  0x69328b074d80bfc9da925e8773bd2f839e286878  prob=0.0366 (raw=0.0318)  vol=$16,148  trades=89  first_trade=2026-02-07 23:34  winrate=NaN  n_markets_traded=0.000  herfindahl_index_markets=0.000
12:00:52 [super]   #1782  0xd574b91c98dc2040bc2718f157160328431dbfdc  prob=0.0366 (raw=0.0317)  vol=$1,350  trades=2  first_trade=2026-02-09 13:01  winrate=0.536  n_markets_traded=125.000  herfindahl_index_markets=0.019
12:00:52 [super]   #1786  0x35973a11b53014a13a534640728fd60ac3e4ea17  prob=0.0365 (raw=0.0315)  vol=$5,449  trades=68  first_trade=2026-02-08 17:22  winrate=0.100  n_markets_traded=10.000  herfindahl_index_markets=0.166
12:00:52 [super]   #1798  0x57dedd62596dd4f85c7ebe5317e07d22795ecd90  prob=0.0365 (raw=0.0310)  vol=$17,970  trades=27  first_trade=2026-02-09 02:57  winrate=NaN  n_markets_traded=0.000  herfindahl_index_markets=0.000
12:00:52 [super]   #1803  0x1ee9a5fc09665909c0cce297c581703bfbb9197f  prob=0.0364 (raw=0.0308)  vol=$12,272  trades=51  first_trade=2026-02-09 01:38  winrate=NaN  n_markets_traded=0.000  herfindahl_index_markets=0.000
12:00:52 [super]   #1804  0xb3f15cc1478d529862282c40c1e91399724dbdc6  prob=0.0364 (raw=0.0307)  vol=$17,779  trades=28  first_trade=2026-02-09 03:27  winrate=0.667  n_markets_traded=3.000  herfindahl_index_markets=0.394
12:00:52 [super]   #1809  0xdae199000e53b3cccfb81b13eee12fedcc287a4d  prob=0.0364 (raw=0.0306)  vol=$1,278  trades=23  first_trade=2026-02-07 17:52  winrate=0.445  n_markets_traded=199.000  herfindahl_index_markets=0.018
12:00:52 [super]   #1810  0x08b6a26b7f7402c090a69105b59e9a836cdb7db6  prob=0.0364 (raw=0.0305)  vol=$2,837  trades=8  first_trade=2026-02-09 02:40  winrate=NaN  n_markets_traded=0.000  herfindahl_index_markets=0.000
12:00:52 [super]   #1823  0xff44245fdb717e94d70693d355ab071859433ce4  prob=0.0363 (raw=0.0303)  vol=$1,396  trades=4  first_trade=2026-02-09 03:48  winrate=0.408  n_markets_traded=142.000  herfindahl_index_markets=0.044
12:00:52 [super]   #1827  0x4aaefd543cc6519c12748669f5e4b5daedcdd563  prob=0.0363 (raw=0.0300)  vol=$4,553  trades=22  first_trade=2026-02-08 14:06  winrate=0.579  n_markets_traded=284.000  herfindahl_index_markets=0.012
12:00:52 [super]   #1837  0xaac2469db4c243a2931acc252967b171bd97e8ce  prob=0.0363 (raw=0.0298)  vol=$10,187  trades=35  first_trade=2026-02-09 02:36  winrate=NaN  n_markets_traded=0.000  herfindahl_index_markets=0.000
12:00:52 [super]   #1839  0x2cc789aa01ce725e495551dbe43421347f49af3c  prob=0.0363 (raw=0.0298)  vol=$1,580  trades=8  first_trade=2026-02-09 04:47  winrate=0.924  n_markets_traded=661.000  herfindahl_index_markets=0.005
12:00:52 [super]   #1841  0xae9e50c02902f14d491be282c17ed4234bbfbd66  prob=0.0363 (raw=0.0297)  vol=$1,528  trades=2  first_trade=2026-02-09 04:53  winrate=0.079  n_markets_traded=38.000  herfindahl_index_markets=0.086
12:00:52 [super]   #1850  0xee4fe0dd2e309be92c734de2c0004a96b67cc0f0  prob=0.0362 (raw=0.0296)  vol=$1,182  trades=9  first_trade=2026-02-08 23:47  winrate=0.387  n_markets_traded=124.000  herfindahl_index_markets=0.024
12:00:52 [super]   #1851  0x9aa5b732031e970ed856be2dcb38c8f8b349c11a  prob=0.0362 (raw=0.0295)  vol=$2,810  trades=2  first_trade=2026-02-11 05:17  winrate=0.457  n_markets_traded=42.000  herfindahl_index_markets=0.068
12:00:52 [super]   #1862  0x477f156a229f1a174fdf945c778b7362dd2b19aa  prob=0.0362 (raw=0.0292)  vol=$56,707  trades=64  first_trade=2026-02-09 01:21  winrate=NaN  n_markets_traded=0.000  herfindahl_index_markets=0.000
12:00:52 [super]   #1894  0xeaa368add2dcdfbb465f51773bc9a1bd2ee5841c  prob=0.0361 (raw=0.0288)  vol=$2,949  trades=25  first_trade=2026-02-07 23:39  winrate=0.350  n_markets_traded=20.000  herfindahl_index_markets=0.126
12:00:52 [super]   #1905  0xab7265c3932b786bc0cf102f04e1af9818dab70d  prob=0.0361 (raw=0.0286)  vol=$1,069  trades=9  first_trade=2026-02-09 01:18  winrate=0.311  n_markets_traded=159.000  herfindahl_index_markets=0.042
12:00:52 [super]   #1935  0x671b2a8b682a88f9d2c05076f51534486aa29a07  prob=0.0360 (raw=0.0278)  vol=$10,796  trades=13  first_trade=2026-02-09 02:24  winrate=NaN  n_markets_traded=0.000  herfindahl_index_markets=0.000
12:00:52 [super]   #1948  0x9d5e5f4ef1da8a652ea3696b19fdc089bd2c3921  prob=0.0359 (raw=0.0275)  vol=$1,424  trades=7  first_trade=2026-02-09 01:40  winrate=0.500  n_markets_traded=30.000  herfindahl_index_markets=0.115
12:00:52 [super]   #1951  0x5fe50c22621779e031322c5becb110d1fa0d8b99  prob=0.0359 (raw=0.0274)  vol=$1,374  trades=365  first_trade=2025-09-29 01:50  winrate=NaN  n_markets_traded=0.000  herfindahl_index_markets=0.000
12:00:52 [super]   #1957  0xc684828f6b03487759ced2ebdd975f91f3532228  prob=0.0359 (raw=0.0273)  vol=$95,129  trades=1126  first_trade=2025-12-09 05:08  winrate=NaN  n_markets_traded=0.000  herfindahl_index_markets=0.000
12:00:52 [super]   #1958  0xc602e34792d9a5e129f3404daef2df43d1d37fc1  prob=0.0359 (raw=0.0272)  vol=$1,504  trades=54  first_trade=2025-11-21 05:21  winrate=NaN  n_markets_traded=0.000  herfindahl_index_markets=0.000
12:00:52 [super]   #1965  0xc0e02455817ac5cb3a59cdc4d469d504e9dd1ace  prob=0.0359 (raw=0.0272)  vol=$5,617  trades=24  first_trade=2026-02-08 01:26  winrate=0.420  n_markets_traded=69.000  herfindahl_index_markets=0.035
12:00:52 [super]   #1966  0xb779436770333f8d584dd8a61fba3910c324ab22  prob=0.0359 (raw=0.0271)  vol=$1,603  trades=25  first_trade=2026-02-09 01:31  winrate=NaN  n_markets_traded=0.000  herfindahl_index_markets=0.000
12:00:52 [super]   #1970  0x6186b9300e8c8c6d81d5c50724a6b835f1b5c98a  prob=0.0359 (raw=0.0270)  vol=$2,000  trades=2  first_trade=2026-02-10 15:51  winrate=0.161  n_markets_traded=585.000  herfindahl_index_markets=0.014
12:00:52 [super]   #1982  0x11f3c56d0583665247e5a494e8f7709c759ed859  prob=0.0358 (raw=0.0267)  vol=$7,776  trades=10  first_trade=2026-02-09 01:39  winrate=0.664  n_markets_traded=141.000  herfindahl_index_markets=0.023
12:00:52 [super]   #1987  0x22dbd51e1a4e10fff072fa24300238c64033190f  prob=0.0358 (raw=0.0264)  vol=$9,282  trades=110  first_trade=2026-02-07 07:50  winrate=NaN  n_markets_traded=0.000  herfindahl_index_markets=0.000
12:00:52 [super]   #1992  0x77fd7aec1952ea7d042a6eec83bc4782f67db6c8  prob=0.0357 (raw=0.0263)  vol=$1,224  trades=11  first_trade=2026-02-08 21:55  winrate=0.462  n_markets_traded=59.000  herfindahl_index_markets=0.083
12:00:52 [super]   #2002  0xf910cc50ec0ceecb18a24dee5b9606b5ffa87467  prob=0.0357 (raw=0.0260)  vol=$9,970  trades=8  first_trade=2026-02-09 12:10  winrate=0.857  n_markets_traded=77.000  herfindahl_index_markets=0.024
12:00:52 [super]   #2010  0xe37be9f71637a32fc4b8b92430e04180dbb70e27  prob=0.0357 (raw=0.0259)  vol=$3,333  trades=2  first_trade=2026-02-09 06:22  winrate=0.180  n_markets_traded=89.000  herfindahl_index_markets=0.051
12:00:52 [super]   #2014  0x31436bde35c25c3714e0c3e7fbd14a22107581b1  prob=0.0357 (raw=0.0258)  vol=$2,511  trades=9  first_trade=2026-02-09 01:56  winrate=0.364  n_markets_traded=79.000  herfindahl_index_markets=0.038
12:00:52 [super]   #2020  0x631c2b93ff03c21d29b2b73af4ff965e88ea450f  prob=0.0357 (raw=0.0257)  vol=$107,168  trades=74  first_trade=2026-02-09 02:28  winrate=NaN  n_markets_traded=0.000  herfindahl_index_markets=0.000
12:00:52 [super]   #2028  0x7e5f969022125d19281f51fab897d53ddcd695e2  prob=0.0356 (raw=0.0255)  vol=$1,530  trades=54  first_trade=2026-02-07 23:58  winrate=NaN  n_markets_traded=0.000  herfindahl_index_markets=0.000
12:00:52 [super]   #2030  0x07cf80fbecbb58e23d5ed977af7be3c09e7aa9fa  prob=0.0356 (raw=0.0254)  vol=$2,526  trades=20  first_trade=2026-02-09 03:01  winrate=NaN  n_markets_traded=0.000  herfindahl_index_markets=0.000
12:00:52 [super]   #2043  0x650a4c4391b0846249d184bc76d1d778efa9e30f  prob=0.0356 (raw=0.0252)  vol=$1,893  trades=17  first_trade=2026-02-08 20:13  winrate=0.464  n_markets_traded=224.000  herfindahl_index_markets=0.020
12:00:52 [super]   #2045  0x07d4245464dc4fa05d0b3f084d82482462dc8991  prob=0.0356 (raw=0.0251)  vol=$2,948  trades=10  first_trade=2026-02-09 02:14  winrate=NaN  n_markets_traded=0.000  herfindahl_index_markets=0.000
12:00:52 [super]   #2048  0x02d501b6d3f29ee91dda2d30859bf09831bbffb4  prob=0.0356 (raw=0.0250)  vol=$2,000  trades=4  first_trade=2026-02-10 08:40  winrate=NaN  n_markets_traded=0.000  herfindahl_index_markets=0.000
12:00:52 [super]   #2049  0x2e69fe40fc27ee0ef07bd46849f1692d3d2f200e  prob=0.0356 (raw=0.0250)  vol=$10,340  trades=43  first_trade=2026-02-06 07:29  winrate=NaN  n_markets_traded=0.000  herfindahl_index_markets=0.000
12:00:52 [super]   #2059  0x9a3fa403a6666eef75f92f181fcf13f9c051914a  prob=0.0355 (raw=0.0246)  vol=$7,500  trades=12  first_trade=2026-02-07 19:45  winrate=NaN  n_markets_traded=0.000  herfindahl_index_markets=0.000
12:00:52 [super]   #2061  0xe732156a2d84cdfb4de831d3f11a22899e49898f  prob=0.0355 (raw=0.0246)  vol=$7,610  trades=51  first_trade=2026-02-08 16:27  winrate=NaN  n_markets_traded=0.000  herfindahl_index_markets=0.000
12:00:52 [super]   #2072  0xb500d448b493c3111167989b51497cd0ab52ce53  prob=0.0355 (raw=0.0244)  vol=$3,003  trades=17  first_trade=2026-02-08 03:32  winrate=0.148  n_markets_traded=27.000  herfindahl_index_markets=0.109
12:00:52 [super]   #2077  0xdcd669c506a938bae9269a84b8bd2bdb220484cd  prob=0.0354 (raw=0.0242)  vol=$870,199  trades=224  first_trade=2026-02-09 02:06  winrate=NaN  n_markets_traded=0.000  herfindahl_index_markets=0.000
12:00:52 [super]   #2082  0xe815c9cdbc071b9ad2a6c5b7f09243fe24f2d964  prob=0.0354 (raw=0.0241)  vol=$4,051  trades=7  first_trade=2026-02-09 00:59  winrate=0.440  n_markets_traded=25.000  herfindahl_index_markets=0.068
12:00:52 [super]   #2083  0xf603219b7f91da5f0d6926260d678ea9c31482f1  prob=0.0354 (raw=0.0240)  vol=$1,110  trades=3  first_trade=2026-02-09 03:13  winrate=0.312  n_markets_traded=77.000  herfindahl_index_markets=0.110
12:00:52 [super]   #2101  0xf1f9a438f2697381b4ac8eb283d6f4dd772d1245  prob=0.0354 (raw=0.0238)  vol=$22,109  trades=17  first_trade=2026-02-09 01:45  winrate=NaN  n_markets_traded=0.000  herfindahl_index_markets=0.000
12:00:52 [super]   #2102  0xd47cdc9f66e94cd8ad409aa22433b1e10e4877f4  prob=0.0354 (raw=0.0238)  vol=$1,205  trades=8  first_trade=2026-02-09 02:40  winrate=0.390  n_markets_traded=59.000  herfindahl_index_markets=0.041
12:00:52 [super]   #2103  0x154794795d978c5890b3f69264311f0bd966d066  prob=0.0354 (raw=0.0238)  vol=$1,100  trades=12  first_trade=2026-02-09 01:37  winrate=NaN  n_markets_traded=0.000  herfindahl_index_markets=0.000
12:00:52 [super]   #2106  0xb295b1b699304badefd8559a7573151e5c804ee4  prob=0.0354 (raw=0.0237)  vol=$28,107  trades=97  first_trade=2026-02-09 01:32  winrate=0.613  n_markets_traded=167.000  herfindahl_index_markets=0.032
12:00:52 [super]   #2107  0x6a70050e907b6be5457d9681a14e4d2f4a3a18f0  prob=0.0354 (raw=0.0237)  vol=$5,552  trades=23  first_trade=2026-02-08 20:33  winrate=0.466  n_markets_traded=146.000  herfindahl_index_markets=0.030
12:00:52 [super]   #2108  0x1fad35532407555a00dad95652c9ab57073bc930  prob=0.0354 (raw=0.0237)  vol=$1,508  trades=14  first_trade=2026-02-08 23:17  winrate=0.259  n_markets_traded=54.000  herfindahl_index_markets=0.075
12:00:52 [super]   #2133  0x8f7a4b414417911e7e9bd738399874792cdbdb40  prob=0.0353 (raw=0.0235)  vol=$29,585  trades=82  first_trade=2026-02-09 01:36  winrate=NaN  n_markets_traded=0.000  herfindahl_index_markets=0.000
12:00:52 [super]   #2146  0x2cbe313cb9e6ee3339355bb829c0ec3a6ae8b02f  prob=0.0353 (raw=0.0233)  vol=$2,000  trades=2  first_trade=2026-02-11 03:42  winrate=0.556  n_markets_traded=18.000  herfindahl_index_markets=0.266
12:00:52 [super]   #2148  0x7c3db723f1d4d8cb9c550095203b686cb11e5c6b  prob=0.0353 (raw=0.0233)  vol=$21,509  trades=75  first_trade=2026-02-08 06:22  winrate=NaN  n_markets_traded=0.000  herfindahl_index_markets=0.000
12:00:52 [super]   #2156  0x23757b01f585785283b31b0431648481df52dd3a  prob=0.0352 (raw=0.0227)  vol=$1,716  trades=27  first_trade=2026-02-07 20:27  winrate=0.211  n_markets_traded=19.000  herfindahl_index_markets=0.202
12:00:52 [super]   #2160  0xe542afd3881c4c330ba0ebbb603bb470b2ba0a37  prob=0.0352 (raw=0.0227)  vol=$2,016  trades=43  first_trade=2025-09-29 01:58  winrate=NaN  n_markets_traded=0.000  herfindahl_index_markets=0.000
12:00:52 [super]   #2165  0x68df8708aadb901618f11abf2471805a66a24815  prob=0.0352 (raw=0.0225)  vol=$1,709  trades=11  first_trade=2026-02-08 20:41  winrate=0.457  n_markets_traded=162.000  herfindahl_index_markets=0.020
12:00:52 [super]   #2166  0x4292665eeebef323c3cb0b21ef10e66b0bf777d1  prob=0.0352 (raw=0.0225)  vol=$1,177  trades=11  first_trade=2026-02-09 00:40  winrate=0.612  n_markets_traded=129.000  herfindahl_index_markets=0.115
12:00:52 [super]   #2172  0x6770bf688b8121331b1c5cfd7723ebd4152545fb  prob=0.0352 (raw=0.0224)  vol=$1,051  trades=5  first_trade=2026-02-09 01:46  winrate=NaN  n_markets_traded=0.000  herfindahl_index_markets=0.000
12:00:52 [super]   #2175  0x36a9b5278085eb543c9095a37c9a93bb7951c1d3  prob=0.0352 (raw=0.0222)  vol=$1,997  trades=4  first_trade=2026-02-09 08:01  winrate=NaN  n_markets_traded=0.000  herfindahl_index_markets=0.000
12:00:52 [super]   #2176  0xff72a6a01da59f9a8656e0ad39cdb048d0a4cdaa  prob=0.0352 (raw=0.0222)  vol=$3,163  trades=12  first_trade=2026-02-09 01:54  winrate=NaN  n_markets_traded=0.000  herfindahl_index_markets=0.000
12:00:52 [super]   #2183  0x93015c5a80ca8b96a8b9914c826fe759a2a93b67  prob=0.0351 (raw=0.0219)  vol=$7,984  trades=2  first_trade=2026-02-09 08:09  winrate=NaN  n_markets_traded=0.000  herfindahl_index_markets=0.000
12:00:52 [super]   #2185  0x39d0f1dca6fb7e5514858c1a337724a426764fe8  prob=0.0351 (raw=0.0219)  vol=$1,496  trades=19  first_trade=2026-02-08 05:10  winrate=NaN  n_markets_traded=0.000  herfindahl_index_markets=0.000
12:00:52 [super]   #2186  0x6a88c5ecd262e2c42e78bad8e6db7ab3c4e4b859  prob=0.0351 (raw=0.0218)  vol=$67,178  trades=83  first_trade=2026-02-09 01:52  winrate=NaN  n_markets_traded=0.000  herfindahl_index_markets=0.000
12:00:52 [super]   #2189  0x2b366034b69b64a444406b2db7ec1ff7869c473b  prob=0.0351 (raw=0.0217)  vol=$1,145  trades=127  first_trade=2026-02-08 06:23  winrate=NaN  n_markets_traded=0.000  herfindahl_index_markets=0.000
12:00:52 [super]   #2190  0xbc40bc17d76d2f379dfe15d5746f190111f57727  prob=0.0351 (raw=0.0217)  vol=$87,571  trades=27  first_trade=2026-02-09 01:35  winrate=NaN  n_markets_traded=0.000  herfindahl_index_markets=0.000
12:00:52 [super]   #2220  0x10648b6ad58a61dce687e1a439b0a83525faf153  prob=0.0350 (raw=0.0214)  vol=$3,481  trades=14  first_trade=2026-02-09 01:34  winrate=NaN  n_markets_traded=0.000  herfindahl_index_markets=0.000
12:00:52 [super]   #2221  0xf2ab1d55462e3417a4c6e91affbe787d9c3a97a4  prob=0.0350 (raw=0.0214)  vol=$5,988  trades=9  first_trade=2026-02-09 08:02  winrate=NaN  n_markets_traded=0.000  herfindahl_index_markets=0.000
12:00:52 [super]   #2229  0x60f7293958a1b49f25a00a6af0199cbc7a1c050b  prob=0.0350 (raw=0.0212)  vol=$2,469  trades=16  first_trade=2026-02-05 00:00  winrate=NaN  n_markets_traded=0.000  herfindahl_index_markets=0.000
12:00:52 [super]   #2230  0xeca0c0888e34df59589c67fbe53dc7f298b5e8f8  prob=0.0350 (raw=0.0212)  vol=$1,840  trades=7  first_trade=2026-02-09 01:37  winrate=NaN  n_markets_traded=0.000  herfindahl_index_markets=0.000
12:00:52 [super]   #2232  0x1e3a86ef98030e7e0519e127d8178e9b45389e14  prob=0.0350 (raw=0.0211)  vol=$2,387  trades=19  first_trade=2026-02-09 01:39  winrate=NaN  n_markets_traded=0.000  herfindahl_index_markets=0.000
12:00:52 [super]   #2252  0x47355cc3143ec00534a8d33ae484aac2ed38ed50  prob=0.0349 (raw=0.0204)  vol=$2,113  trades=2  first_trade=2026-02-09 05:04  winrate=0.286  n_markets_traded=7.000  herfindahl_index_markets=0.367
12:00:52 [super]   #2253  0x7e89ffe1168b599a34a2a1f22eed1eccd8ab8946  prob=0.0349 (raw=0.0204)  vol=$1,104  trades=3  first_trade=2026-02-09 12:10  winrate=0.850  n_markets_traded=80.000  herfindahl_index_markets=0.037
12:00:52 [super]   #2255  0x8ebfdc251c6c378d4a3a54a8f15cebfa4b9183ce  prob=0.0349 (raw=0.0203)  vol=$6,039  trades=18  first_trade=2026-02-09 01:42  winrate=NaN  n_markets_traded=0.000  herfindahl_index_markets=0.000
12:00:52 [super]   #2256  0x20081f9a16068587ac9e978f1c24739a51007c40  prob=0.0349 (raw=0.0203)  vol=$18,733  trades=12  first_trade=2026-02-09 02:58  winrate=0.590  n_markets_traded=39.000  herfindahl_index_markets=0.088
12:00:52 [super]   #2269  0xf769c6390f6d564fe4859effbddb682c62660114  prob=0.0348 (raw=0.0195)  vol=$80,295  trades=245  first_trade=2026-02-08 22:51  winrate=NaN  n_markets_traded=0.000  herfindahl_index_markets=0.000
12:00:52 [super]   #2298  0x9d84ce0306f8551e02efef1680475fc0f1dc1344  prob=0.0347 (raw=0.0194)  vol=$79,624  trades=87  first_trade=2025-09-29 02:04  winrate=NaN  n_markets_traded=0.000  herfindahl_index_markets=0.000
12:00:52 [super]   #2306  0x9e48a830def7d64defd22ac3a76c4f57843f16b2  prob=0.0347 (raw=0.0193)  vol=$1,828  trades=29  first_trade=2026-02-07 04:19  winrate=0.000  n_markets_traded=5.000  herfindahl_index_markets=0.355
12:00:52 [super]   #2308  0x8aefefd886e013132eae7560148f20e313049efe  prob=0.0347 (raw=0.0193)  vol=$3,272  trades=8  first_trade=2026-02-09 01:33  winrate=0.343  n_markets_traded=67.000  herfindahl_index_markets=0.096
12:00:52 [super]   #2313  0x399d9aa06edcc8da49e364f638c81da3261babcc  prob=0.0347 (raw=0.0192)  vol=$3,236  trades=87  first_trade=2026-02-06 06:02  winrate=0.463  n_markets_traded=67.000  herfindahl_index_markets=0.065
12:00:52 [super]   #2314  0xf6a7cd1f3c9b120425d76e1fefa298a093d573b2  prob=0.0347 (raw=0.0192)  vol=$1,099  trades=11  first_trade=2026-02-08 18:46  winrate=0.329  n_markets_traded=76.000  herfindahl_index_markets=0.047
12:00:52 [super]   #2315  0x1521b47bf0c41f6b7fd3ad41cdec566812c8f23e  prob=0.0347 (raw=0.0192)  vol=$199,800  trades=48  first_trade=2026-02-10 03:13  winrate=NaN  n_markets_traded=0.000  herfindahl_index_markets=0.000
12:00:52 [super]   #2340  0x57b00c3ccef1b6bd6962fb9ca463c4e0b38e76f4  prob=0.0347 (raw=0.0191)  vol=$17,346  trades=59  first_trade=2026-02-09 02:25  winrate=NaN  n_markets_traded=0.000  herfindahl_index_markets=0.000
12:00:52 [super]   #2356  0xd31cc5d6e12130f2a03d3def1acb4e52fe127424  prob=0.0346 (raw=0.0187)  vol=$1,753  trades=5  first_trade=2026-02-09 02:08  winrate=0.299  n_markets_traded=128.000  herfindahl_index_markets=0.069
12:00:52 [super]   #2361  0x96489abcb9f583d6835c8ef95ffc923d05a86825  prob=0.0346 (raw=0.0185)  vol=$14,942  trades=24  first_trade=2026-02-06 17:51  winrate=NaN  n_markets_traded=0.000  herfindahl_index_markets=0.000
12:00:52 [super]   #2370  0xd6966eb1ae7b52320ba7ab1016680198c9e08a49  prob=0.0346 (raw=0.0185)  vol=$4,148  trades=7  first_trade=2026-02-08 14:40  winrate=NaN  n_markets_traded=0.000  herfindahl_index_markets=0.000
12:00:52 [super]   #2379  0x849fae7ddd96bb8bdd323de895590f6be438b79a  prob=0.0346 (raw=0.0183)  vol=$1,003  trades=6  first_trade=2026-02-08 06:22  winrate=NaN  n_markets_traded=0.000  herfindahl_index_markets=0.000
12:00:52 [super]   #2381  0xf3efd4e6bfbe0259bbe039809678087bae6e7be6  prob=0.0346 (raw=0.0183)  vol=$13,190  trades=33  first_trade=2026-02-08 05:51  winrate=0.519  n_markets_traded=214.000  herfindahl_index_markets=0.022
12:00:52 [super]   #2386  0xb10047d6a254b2ebb306d7a7d13bf59171ab6461  prob=0.0345 (raw=0.0179)  vol=$48,617  trades=127  first_trade=2026-02-07 17:51  winrate=NaN  n_markets_traded=0.000  herfindahl_index_markets=0.000
12:00:52 [super]   #2387  0x24c8cf69a0e0a17eee21f69d29752bfa32e823e1  prob=0.0345 (raw=0.0179)  vol=$20,378  trades=92  first_trade=2026-02-09 01:28  winrate=NaN  n_markets_traded=0.000  herfindahl_index_markets=0.000
12:00:52 [super]   #2388  0xbb50fa724ac755197246d950008d6a0564ee7bfc  prob=0.0345 (raw=0.0176)  vol=$13,873  trades=442  first_trade=2026-01-24 07:33  winrate=NaN  n_markets_traded=0.000  herfindahl_index_markets=0.000
12:00:52 [super]   #2392  0x04d7c77a54dd1e75383e6cc0ca81814be8b6b035  prob=0.0345 (raw=0.0175)  vol=$18,780  trades=176  first_trade=2026-02-08 20:32  winrate=NaN  n_markets_traded=0.000  herfindahl_index_markets=0.000
12:00:52 [super]   #2393  0x91583ceb1ebec79951a068e1d7d02c1ea590fa7b  prob=0.0345 (raw=0.0174)  vol=$23,894  trades=175  first_trade=2026-02-08 01:10  winrate=NaN  n_markets_traded=0.000  herfindahl_index_markets=0.000
12:00:52 [super]   #2395  0x35420f83f93ebec748ec8d5b90c5438853b8c3c8  prob=0.0345 (raw=0.0174)  vol=$79,081  trades=40  first_trade=2026-02-09 01:45  winrate=NaN  n_markets_traded=0.000  herfindahl_index_markets=0.000
12:00:52 [super]   #2398  0x0224bb9eb0a5c9fd261ac9123a72cbdd5748292a  prob=0.0344 (raw=0.0170)  vol=$104,391  trades=88  first_trade=2025-10-22 23:24  winrate=NaN  n_markets_traded=0.000  herfindahl_index_markets=0.000
12:00:52 [super]   #2403  0xf5013afdddc15462cd384570ab0184016f48d88a  prob=0.0344 (raw=0.0168)  vol=$2,500  trades=2  first_trade=2026-02-09 04:28  winrate=0.000  n_markets_traded=7.000  herfindahl_index_markets=0.505
12:00:52 [super]   #2407  0x662244931c392df70bd064fa91f838eea0bfd7a9  prob=0.0344 (raw=0.0167)  vol=$1,373  trades=27  first_trade=2025-09-30 06:01  winrate=0.375  n_markets_traded=48.000  herfindahl_index_markets=0.118
12:00:52 [super]   #2412  0x5b615228561fdcb1fecb41931ce8c12b9ed4599c  prob=0.0343 (raw=0.0164)  vol=$4,077  trades=11  first_trade=2026-02-08 22:30  winrate=0.400  n_markets_traded=10.000  herfindahl_index_markets=0.164
12:00:52 [super]   #2413  0x2e19abeb2e824a8729eed4425a595c73c2967ff6  prob=0.0343 (raw=0.0164)  vol=$5,302  trades=10  first_trade=2026-02-09 00:03  winrate=0.500  n_markets_traded=10.000  herfindahl_index_markets=0.203
12:00:52 [super]   #2415  0x3078db4a9737866b4d6529f655025b3a20f80389  prob=0.0343 (raw=0.0162)  vol=$4,231  trades=719  first_trade=2026-01-26 07:15  winrate=NaN  n_markets_traded=0.000  herfindahl_index_markets=0.000
12:00:52 [super]   #2421  0xa6b7ebd5ce137c3b5d56f896a52eba71702bd5f3  prob=0.0343 (raw=0.0159)  vol=$2,234  trades=19  first_trade=2026-02-08 14:54  winrate=NaN  n_markets_traded=0.000  herfindahl_index_markets=0.000
12:00:52 [super]   #2422  0x1c144e30f405a25f991cbd8baa15d40599090869  prob=0.0343 (raw=0.0159)  vol=$1,624  trades=30  first_trade=2025-09-30 17:56  winrate=NaN  n_markets_traded=0.000  herfindahl_index_markets=0.000
12:00:52 [super]   #2425  0x2009a3d758cc74c1ab423e0f961d07c1439a903e  prob=0.0342 (raw=0.0158)  vol=$9,422  trades=51  first_trade=2026-02-07 00:51  winrate=0.566  n_markets_traded=166.000  herfindahl_index_markets=0.061
12:00:52 [super]   #2428  0xbfaf59de1a649e58333e26a5ea740d1f60637aff  prob=0.0342 (raw=0.0157)  vol=$12,477  trades=21  first_trade=2026-02-09 01:18  winrate=NaN  n_markets_traded=0.000  herfindahl_index_markets=0.000
12:00:52 [super]   #2430  0x0ee783f83f9fbb00d4134bccab4a390900e437f0  prob=0.0342 (raw=0.0156)  vol=$2,685  trades=35  first_trade=2026-02-08 19:07  winrate=0.658  n_markets_traded=79.000  herfindahl_index_markets=0.052
12:00:52 [super]   #2434  0x9def9524630e31ff90f884eed32c3eecfbf8d1a5  prob=0.0342 (raw=0.0155)  vol=$1,260  trades=16  first_trade=2026-02-08 15:54  winrate=NaN  n_markets_traded=0.000  herfindahl_index_markets=0.000
12:00:52 [super]   #2435  0x90bf2dbb1ab3b3c1bdd76d73848afcb19b5799eb  prob=0.0342 (raw=0.0154)  vol=$2,682  trades=39  first_trade=2026-02-08 17:29  winrate=NaN  n_markets_traded=0.000  herfindahl_index_markets=0.000
12:00:52 [super]   #2437  0x3c760e45728e0cb4b68c52980a070314b95fd4ee  prob=0.0342 (raw=0.0153)  vol=$1,197  trades=10  first_trade=2026-02-09 01:44  winrate=NaN  n_markets_traded=0.000  herfindahl_index_markets=0.000
12:00:52 [super]   #2440  0x8b4410e877fa826c7e986dfb30a5be73d72163fb  prob=0.0341 (raw=0.0151)  vol=$9,534  trades=734  first_trade=2025-09-29 06:30  winrate=NaN  n_markets_traded=0.000  herfindahl_index_markets=0.000
12:00:52 [super]   #2442  0x05081f9e61565d3b0c0156547b810b70805b6035  prob=0.0341 (raw=0.0151)  vol=$1,343  trades=20  first_trade=2026-02-08 20:27  winrate=0.000  n_markets_traded=5.000  herfindahl_index_markets=0.327
12:00:52 [super]   #2454  0x27db6ea9051c6e2d68a8ff1fc2984e764c73e863  prob=0.0340 (raw=0.0143)  vol=$8,604  trades=36  first_trade=2026-02-09 01:53  winrate=0.679  n_markets_traded=192.000  herfindahl_index_markets=0.054
12:00:52 [super]   #2459  0xa1a0207571fe521ebfb29e07f34f99f22b3ddffe  prob=0.0340 (raw=0.0139)  vol=$1,333  trades=2  first_trade=2026-02-09 08:22  winrate=0.500  n_markets_traded=22.000  herfindahl_index_markets=0.229
12:00:52 [super]   #2466  0x6f679c4a78330853ac7762a1cda0a469333f102c  prob=0.0339 (raw=0.0135)  vol=$1,257  trades=70  first_trade=2025-12-12 23:30  winrate=NaN  n_markets_traded=0.000  herfindahl_index_markets=0.000
12:00:52 [super]   #2468  0x59a513a782dd4c1a98ef22932c52191129f5afc8  prob=0.0339 (raw=0.0132)  vol=$29,940  trades=22  first_trade=2026-02-09 14:32  winrate=0.753  n_markets_traded=69.000  herfindahl_index_markets=0.089
12:00:52 [super]   #2470  0x7d248910254ff846d37dc50999ebd98c6fdda636  prob=0.0339 (raw=0.0132)  vol=$2,149  trades=4  first_trade=2026-02-09 12:10  winrate=0.821  n_markets_traded=67.000  herfindahl_index_markets=0.039
12:00:52 [super]   #2471  0x3dcb429e4b40ff7916d389a7dce53b489596324d  prob=0.0339 (raw=0.0132)  vol=$15,559  trades=54  first_trade=2026-02-08 22:21  winrate=0.667  n_markets_traded=126.000  herfindahl_index_markets=0.027
12:00:52 [super]   #2473  0xda34f5669586a882916997daa74f12ae7a1291da  prob=0.0339 (raw=0.0131)  vol=$2,004  trades=6  first_trade=2026-02-09 10:00  winrate=0.216  n_markets_traded=117.000  herfindahl_index_markets=0.046
12:00:52 [super]   #2475  0x8e7ab86833139359fb15de8c35ffaa3d765923ee  prob=0.0339 (raw=0.0131)  vol=$2,000  trades=4  first_trade=2026-02-11 21:59  winrate=0.000  n_markets_traded=5.000  herfindahl_index_markets=0.304
12:00:52 [super]   #2476  0xf0b0ef1d6320c6be896b4c9c54dd74407e7f8cab  prob=0.0338 (raw=0.0130)  vol=$12,823  trades=1222  first_trade=2025-09-30 22:19  winrate=NaN  n_markets_traded=0.000  herfindahl_index_markets=0.000
12:00:52 [super]   #2477  0xcbb5623096b78505a26524e642c5c9066e585ed9  prob=0.0338 (raw=0.0130)  vol=$1,121  trades=13  first_trade=2026-01-19 20:24  winrate=0.562  n_markets_traded=553.000  herfindahl_index_markets=0.009
12:00:52 [super]   #2478  0xfcb3e1df8158c63f69aa75208b2be10a7699f8d6  prob=0.0338 (raw=0.0129)  vol=$15,055  trades=38  first_trade=2026-02-09 01:41  winrate=0.526  n_markets_traded=56.000  herfindahl_index_markets=0.069
12:00:52 [super]   #2479  0x281c1ec35ae87c2e401530fbdf41546457669a91  prob=0.0338 (raw=0.0129)  vol=$3,495  trades=58  first_trade=2025-09-30 17:56  winrate=0.167  n_markets_traded=18.000  herfindahl_index_markets=0.213
12:00:52 [super]   #2481  0x35bbbad2415fe5e39b12da9a316cdc80b022009b  prob=0.0338 (raw=0.0128)  vol=$60,198  trades=39  first_trade=2026-02-09 01:59  winrate=NaN  n_markets_traded=0.000  herfindahl_index_markets=0.000
12:00:52 [super]   #2482  0xb8fd1423d25b54c6d8f952c62b04b735b2e5aae9  prob=0.0338 (raw=0.0127)  vol=$8,570  trades=8  first_trade=2026-02-09 03:59  winrate=0.418  n_markets_traded=89.000  herfindahl_index_markets=0.096
12:00:52 [super]   #2483  0xcb14f61711d913773f4b982af340fa7eae175358  prob=0.0338 (raw=0.0126)  vol=$1,092  trades=102  first_trade=2025-09-29 01:49  winrate=NaN  n_markets_traded=0.000  herfindahl_index_markets=0.000
12:00:52 [super]   #2484  0x1cfc260bfa2b5ae89377863180ca3b4f5c862111  prob=0.0338 (raw=0.0126)  vol=$1,075  trades=73  first_trade=2025-09-29 15:13  winrate=NaN  n_markets_traded=0.000  herfindahl_index_markets=0.000
12:00:52 [super]   #2486  0xefde9ff487fae209ab6e3157a8acb4276f9c783d  prob=0.0338 (raw=0.0124)  vol=$3,771  trades=26  first_trade=2026-02-08 19:00  winrate=NaN  n_markets_traded=0.000  herfindahl_index_markets=0.000
12:00:52 [super]   #2488  0x38f50488b14a87769e0c5cd6c514b6c2e8ec6824  prob=0.0338 (raw=0.0124)  vol=$1,761  trades=23  first_trade=2026-02-09 01:48  winrate=NaN  n_markets_traded=0.000  herfindahl_index_markets=0.000
12:00:52 [super]   #2489  0x2c73f583c014d97ced36121180baa29e5ca744f4  prob=0.0337 (raw=0.0123)  vol=$38,055  trades=67  first_trade=2026-02-09 01:43  winrate=0.546  n_markets_traded=107.000  herfindahl_index_markets=0.044
12:00:52 [super]   #2491  0xd6c2222ae00d99e97acd234f49ef164ab23ba53d  prob=0.0337 (raw=0.0123)  vol=$1,798  trades=4  first_trade=2026-02-09 13:02  winrate=NaN  n_markets_traded=0.000  herfindahl_index_markets=0.000
12:00:52 [super]   #2496  0x38e0857fc3a5ee95b3091b09d9fd06323641ccb5  prob=0.0337 (raw=0.0118)  vol=$1,969  trades=15  first_trade=2026-02-05 17:06  winrate=0.435  n_markets_traded=62.000  herfindahl_index_markets=0.064
12:00:52 [super]   #2498  0xbdf4b123270d5ef58a8d69ceb5ac2fdd883b59b4  prob=0.0337 (raw=0.0118)  vol=$4,502  trades=222  first_trade=2026-02-08 02:35  winrate=NaN  n_markets_traded=0.000  herfindahl_index_markets=0.000
12:00:52 [super]   #2500  0x391dd6c65880963a94da3fb2d31ef419fe5bdef1  prob=0.0337 (raw=0.0117)  vol=$6,892  trades=222  first_trade=2025-09-29 07:48  winrate=NaN  n_markets_traded=0.000  herfindahl_index_markets=0.000
12:00:52 [super]   #2501  0xb51b3beffd13cde071ed799e70a7b0b598e8b4d9  prob=0.0337 (raw=0.0117)  vol=$14,661  trades=76  first_trade=2026-02-09 01:25  winrate=NaN  n_markets_traded=0.000  herfindahl_index_markets=0.000
12:00:52 [super]   #2504  0xbaa2bcb5439e985ce4ccf815b4700027d1b92c73  prob=0.0336 (raw=0.0114)  vol=$64,414  trades=38  first_trade=2026-02-09 01:54  winrate=NaN  n_markets_traded=0.000  herfindahl_index_markets=0.000
12:00:52 [super]   #2505  0x8e17345f1c71ee88808c3d0724767947767b2301  prob=0.0336 (raw=0.0112)  vol=$12,698  trades=6  first_trade=2026-02-09 01:30  winrate=0.307  n_markets_traded=75.000  herfindahl_index_markets=0.200
12:00:52 [super]   #2506  0xc0e65a5689d25a1757c8b223bd3bd7095c767358  prob=0.0336 (raw=0.0111)  vol=$3,502  trades=10  first_trade=2026-02-08 22:24  winrate=0.405  n_markets_traded=241.000  herfindahl_index_markets=0.012
12:00:52 [super]   #2511  0x076ca0207aaa48365da2eb6a917edcbdee5e4e7b  prob=0.0335 (raw=0.0108)  vol=$15,786  trades=297  first_trade=2026-02-07 20:18  winrate=NaN  n_markets_traded=0.000  herfindahl_index_markets=0.000
12:00:52 [super]   #2512  0xd67ba35aef659c872377a5ac2becb7ada7f85780  prob=0.0335 (raw=0.0108)  vol=$2,798  trades=25  first_trade=2026-02-09 02:05  winrate=NaN  n_markets_traded=0.000  herfindahl_index_markets=0.000
12:00:52 [super]   #2519  0xc157d77242d52726f05556be7e8883ac1b6b60f5  prob=0.0335 (raw=0.0103)  vol=$1,120  trades=2  first_trade=2026-02-09 11:44  winrate=0.853  n_markets_traded=95.000  herfindahl_index_markets=0.025
12:00:52 [super]   #2521  0x1b45b1a3cedccf21862edd86a58d286305d4ea09  prob=0.0335 (raw=0.0102)  vol=$133,035  trades=266  first_trade=2026-02-09 00:34  winrate=0.373  n_markets_traded=67.000  herfindahl_index_markets=0.184
12:00:52 [super]   #2523  0x97005d72aa367a7aa0c3be2f6c5103b9d868c8a6  prob=0.0334 (raw=0.0102)  vol=$1,133  trades=2  first_trade=2026-02-09 12:17  winrate=0.897  n_markets_traded=84.000  herfindahl_index_markets=0.030
12:00:52 [super]   #2524  0x6b0ebbef2630b9a0da35594bf7ddd1911246e3ea  prob=0.0334 (raw=0.0101)  vol=$2,511  trades=409  first_trade=2025-11-11 23:27  winrate=NaN  n_markets_traded=0.000  herfindahl_index_markets=0.000
12:00:52 [super]   #2530  0x21ffd2b7a212a6f277ed3eca1a9f8efcbca90d71  prob=0.0334 (raw=0.0099)  vol=$6,960  trades=246  first_trade=2025-09-30 17:56  winrate=NaN  n_markets_traded=0.000  herfindahl_index_markets=0.000
12:00:52 [super]   #2533  0x8bf3a1411169bc136bbe82abc2ed9601758b6077  prob=0.0334 (raw=0.0098)  vol=$4,805  trades=15  first_trade=2026-02-09 03:25  winrate=NaN  n_markets_traded=0.000  herfindahl_index_markets=0.000
12:00:52 [super]   #2534  0xeface9902242b0399856f981600b907dcc9bc9a1  prob=0.0334 (raw=0.0097)  vol=$6,647  trades=363  first_trade=2025-10-02 05:14  winrate=NaN  n_markets_traded=0.000  herfindahl_index_markets=0.000
12:00:52 [super]   #2538  0xf02c06cfa2ec07ffe9354bf7756425843c7d7852  prob=0.0334 (raw=0.0097)  vol=$2,139  trades=4  first_trade=2026-02-09 03:54  winrate=0.724  n_markets_traded=29.000  herfindahl_index_markets=0.092
12:00:52 [super]   #2539  0x9dd9e18b9dcc393705e73966bc79eccbbd9108bd  prob=0.0334 (raw=0.0097)  vol=$1,688  trades=100  first_trade=2025-09-18 10:18  winrate=NaN  n_markets_traded=0.000  herfindahl_index_markets=0.000
12:00:52 [super]   #2542  0x8d4f25ad957fb4af8f48face0097dc9333959e0d  prob=0.0334 (raw=0.0096)  vol=$26,228  trades=17  first_trade=2026-02-08 21:52  winrate=0.242  n_markets_traded=33.000  herfindahl_index_markets=0.123
12:00:52 [super]   #2545  0xe04fafdd8fea8a2a23253d7821d2a9a40158891c  prob=0.0334 (raw=0.0095)  vol=$2,000  trades=2  first_trade=2026-02-09 22:58  winrate=0.080  n_markets_traded=50.000  herfindahl_index_markets=0.061
12:00:52 [super]   #2546  0xe09995752e54887f0af75d8b40c95b3507b99fc3  prob=0.0334 (raw=0.0095)  vol=$44,569  trades=140  first_trade=2026-02-08 22:24  winrate=0.100  n_markets_traded=10.000  herfindahl_index_markets=0.475
12:00:52 [super]   #2549  0xda475f640892d0014c086b7e4f25317f5778f40a  prob=0.0333 (raw=0.0094)  vol=$1,612  trades=23  first_trade=2026-02-07 16:04  winrate=0.753  n_markets_traded=153.000  herfindahl_index_markets=0.027
12:00:52 [super]   #2550  0xd5b97d08ec6098407bfbf66c2786ccc9967fe44e  prob=0.0333 (raw=0.0093)  vol=$19,163  trades=8  first_trade=2026-02-09 01:55  winrate=0.567  n_markets_traded=89.000  herfindahl_index_markets=0.108
12:00:52 [super]   #2551  0x1c1e841584db14084e10e7dca2ad0ab7b60dbfe7  prob=0.0333 (raw=0.0092)  vol=$10,030  trades=5  first_trade=2026-02-09 04:22  winrate=0.310  n_markets_traded=80.000  herfindahl_index_markets=0.145
12:00:52 [super]   #2553  0x44d4c6f385f1b0b738369e5a0b4ae4030e401970  prob=0.0333 (raw=0.0091)  vol=$1,210  trades=23  first_trade=2026-02-07 16:39  winrate=0.523  n_markets_traded=151.000  herfindahl_index_markets=0.016
12:00:52 [super]   #2554  0x4bfb41d5b3570defd03c39a9a4d8de6bd8b8982e  prob=0.0333 (raw=0.0091)  vol=$2,778,802  trades=11835  first_trade=2025-06-26 13:09  winrate=NaN  n_markets_traded=0.000  herfindahl_index_markets=0.000
12:00:52 [super]   #2568  0xe4ca3841ade21e05cbd5786dd5feea5d65c01383  prob=0.0333 (raw=0.0088)  vol=$1,195  trades=139  first_trade=2025-09-29 08:49  winrate=NaN  n_markets_traded=0.000  herfindahl_index_markets=0.000
12:00:52 [super]   #2601  0xc6dd722558dbfbd8fa780efcbe819ed8c6604b9f  prob=0.0332 (raw=0.0086)  vol=$26,108  trades=46  first_trade=2026-02-08 21:20  winrate=NaN  n_markets_traded=0.000  herfindahl_index_markets=0.000
12:00:52 [super]   #2610  0x0c4fae78833f92352664340f9ddf8992803907a0  prob=0.0332 (raw=0.0084)  vol=$3,777  trades=3  first_trade=2026-02-09 07:40  winrate=0.340  n_markets_traded=47.000  herfindahl_index_markets=0.067
12:00:52 [super]   #2611  0xb96373ad7031e750456820f49336c18a9d02bd22  prob=0.0332 (raw=0.0084)  vol=$1,128  trades=14  first_trade=2026-02-07 06:07  winrate=0.353  n_markets_traded=17.000  herfindahl_index_markets=0.258
12:00:52 [super]   #2623  0x656a5c882768ec8724cc9a14102115d27a407195  prob=0.0332 (raw=0.0082)  vol=$1,500  trades=2  first_trade=2026-02-09 15:07  winrate=0.000  n_markets_traded=20.000  herfindahl_index_markets=0.085
12:00:52 [super]   #2649  0xcba83e39c8abc81b76f517b574a6474ebffa11a2  prob=0.0331 (raw=0.0079)  vol=$1,018  trades=7  first_trade=2026-02-09 02:21  winrate=0.529  n_markets_traded=185.000  herfindahl_index_markets=0.017
12:00:52 [super]   #2650  0x742ff6df87485287bb4db5b0d7fa7af13047d673  prob=0.0331 (raw=0.0079)  vol=$4,366  trades=495  first_trade=2026-01-11 20:08  winrate=NaN  n_markets_traded=0.000  herfindahl_index_markets=0.000
12:00:52 [super]   #2656  0x9ad091ca2e8f1bd69f27662edcb49dceeaa5bf3d  prob=0.0331 (raw=0.0079)  vol=$4,727  trades=107  first_trade=2026-02-09 02:11  winrate=NaN  n_markets_traded=0.000  herfindahl_index_markets=0.000
12:00:52 [super]   #2657  0x681d7946e0280c6ec6562c7ce662e90812354cbf  prob=0.0331 (raw=0.0079)  vol=$31,549  trades=15  first_trade=2026-02-08 03:06  winrate=0.460  n_markets_traded=423.000  herfindahl_index_markets=0.037
12:00:52 [super]   #2667  0xe0dcc05376176f9f9e5160b9aae6f51e2ca93944  prob=0.0331 (raw=0.0077)  vol=$1,290  trades=4  first_trade=2026-02-09 03:10  winrate=0.739  n_markets_traded=160.000  herfindahl_index_markets=0.021
12:00:52 [super]   #2668  0x98e18fd05c609aa02f28dae06e3b79943df4cdcd  prob=0.0331 (raw=0.0077)  vol=$21,691  trades=39  first_trade=2026-02-09 01:23  winrate=NaN  n_markets_traded=0.000  herfindahl_index_markets=0.000
12:00:52 [super]   #2670  0xe5c2c7a709dd9ab1a43c8b6852a4e9eaa8d4cfb5  prob=0.0331 (raw=0.0076)  vol=$2,000  trades=2  first_trade=2026-02-09 05:10  winrate=0.086  n_markets_traded=277.000  herfindahl_index_markets=0.055
12:00:52 [super]   #2674  0xff1768108a73e93f661ac38f0d43ec1bbac35745  prob=0.0331 (raw=0.0076)  vol=$18,314  trades=147  first_trade=2026-02-08 23:09  winrate=0.600  n_markets_traded=99.000  herfindahl_index_markets=0.074
12:00:52 [super]   #2676  0x562bc8068347268d9a69b8dd464d00eed0f9dc09  prob=0.0331 (raw=0.0075)  vol=$2,340  trades=69  first_trade=2025-12-12 00:57  winrate=NaN  n_markets_traded=0.000  herfindahl_index_markets=0.000
12:00:52 [super]   #2691  0x88b9f63b319064a8ce5aa316e5fa51c575830fc9  prob=0.0330 (raw=0.0072)  vol=$7,498  trades=48  first_trade=2026-02-06 07:23  winrate=0.429  n_markets_traded=196.000  herfindahl_index_markets=0.014
12:00:52 [super]   #2692  0x85b9e9226c56d4f2a3ff92c56b745f42498f906d  prob=0.0330 (raw=0.0072)  vol=$4,316  trades=20  first_trade=2026-02-09 01:54  winrate=NaN  n_markets_traded=0.000  herfindahl_index_markets=0.000
12:00:52 [super]   #2704  0xaa6801e4ac3b4d6acb8d8700ca20af73be3f94a7  prob=0.0330 (raw=0.0070)  vol=$1,480  trades=4  first_trade=2026-02-08 21:56  winrate=0.549  n_markets_traded=240.000  herfindahl_index_markets=0.009
12:00:52 [super]   #2716  0xc85f77ffb48f05ee9568cdafa4d5a952073d15f8  prob=0.0330 (raw=0.0069)  vol=$1,051  trades=13  first_trade=2026-02-09 01:23  winrate=0.657  n_markets_traded=98.000  herfindahl_index_markets=0.018
12:00:52 [super]   #2719  0x7cbca6904291affd3c6bfa157d5edbc900dc5196  prob=0.0330 (raw=0.0068)  vol=$25,296  trades=8  first_trade=2026-02-08 17:32  winrate=0.271  n_markets_traded=769.000  herfindahl_index_markets=0.016
12:00:52 [super]   #2731  0x8d616002361bd8b2efde28c15dad194984dc3c32  prob=0.0330 (raw=0.0066)  vol=$1,802  trades=3  first_trade=2026-02-09 03:42  winrate=0.306  n_markets_traded=355.000  herfindahl_index_markets=0.039
12:00:52 [super]   #2733  0x5ecde7348ea5100af4360dd7a6e0a3fb1d420787  prob=0.0330 (raw=0.0066)  vol=$15,207  trades=6  first_trade=2026-02-09 04:02  winrate=NaN  n_markets_traded=0.000  herfindahl_index_markets=0.000
12:00:52 [super]   #2737  0xc8ab97a9089a9ff7e6ef0688e6e591a066946418  prob=0.0329 (raw=0.0065)  vol=$30,209  trades=85  first_trade=2025-08-19 00:53  winrate=NaN  n_markets_traded=0.000  herfindahl_index_markets=0.000
12:00:52 [super]   #2743  0x0f151e25120ef01916647663ba04ba7c1b9cfb01  prob=0.0329 (raw=0.0064)  vol=$7,170  trades=36  first_trade=2026-02-08 21:56  winrate=0.421  n_markets_traded=373.000  herfindahl_index_markets=0.039
12:00:52 [super]   #2744  0xbacd00c9080a82ded56f504ee8810af732b0ab35  prob=0.0329 (raw=0.0064)  vol=$6,969  trades=81  first_trade=2025-09-29 01:50  winrate=NaN  n_markets_traded=0.000  herfindahl_index_markets=0.000
12:00:52 [super]   #2746  0xe5c50566bf9f7bb7dd2c244d3d0dac264539227d  prob=0.0329 (raw=0.0064)  vol=$1,609  trades=21  first_trade=2026-02-08 21:48  winrate=0.456  n_markets_traded=307.000  herfindahl_index_markets=0.010
12:00:52 [super]   #2748  0x6aa756bf6a8740ddff8e1d9876daaa3bfcca5455  prob=0.0329 (raw=0.0064)  vol=$8,580  trades=100  first_trade=2026-02-06 05:45  winrate=0.428  n_markets_traded=135.000  herfindahl_index_markets=0.030
12:00:52 [super]   #2751  0xb38cf19123d2fd62d8bca1caca43e0301b96b2c9  prob=0.0329 (raw=0.0063)  vol=$3,065  trades=12  first_trade=2026-02-09 01:30  winrate=NaN  n_markets_traded=0.000  herfindahl_index_markets=0.000
12:00:52 [super]   #2754  0xd6a39cef30c927c4d57b5cc519f3a2d0332a9738  prob=0.0329 (raw=0.0062)  vol=$33,810  trades=60  first_trade=2026-02-08 22:05  winrate=NaN  n_markets_traded=0.000  herfindahl_index_markets=0.000
12:00:52 [super]   #2756  0x0e4e7db565ed1c78f87b94c364c8a703b8975bf4  prob=0.0329 (raw=0.0062)  vol=$1,294  trades=4  first_trade=2026-02-08 22:30  winrate=0.569  n_markets_traded=229.000  herfindahl_index_markets=0.019
12:00:52 [super]   #2757  0x7ab6ac0f0d6ca5a15ec57abeaf413d31c8cdfa77  prob=0.0329 (raw=0.0062)  vol=$3,900  trades=6  first_trade=2026-02-09 13:21  winrate=NaN  n_markets_traded=0.000  herfindahl_index_markets=0.000
12:00:52 [super]   #2758  0x4b7410aefbf0f38012b0dfb1131a4de147a9e8d7  prob=0.0329 (raw=0.0062)  vol=$4,340  trades=15  first_trade=2026-02-09 02:22  winrate=NaN  n_markets_traded=0.000  herfindahl_index_markets=0.000
12:00:52 [super]   #2766  0x6d9fc316c3b8377060a44b852ba664adbfd59790  prob=0.0329 (raw=0.0061)  vol=$19,181  trades=43  first_trade=2026-02-09 01:54  winrate=NaN  n_markets_traded=0.000  herfindahl_index_markets=0.000
12:00:52 [super]   #2776  0x6ccc3c63a4b88e40d84b71b98586ce0848bd585f  prob=0.0329 (raw=0.0060)  vol=$1,328  trades=22  first_trade=2026-02-08 23:18  winrate=0.333  n_markets_traded=87.000  herfindahl_index_markets=0.032
12:00:52 [super]   #2782  0x5874f18a2ca6558ac8671f491f3f99498fd36b11  prob=0.0329 (raw=0.0059)  vol=$2,323  trades=17  first_trade=2026-02-07 18:45  winrate=NaN  n_markets_traded=0.000  herfindahl_index_markets=0.000
12:00:52 [super]   #2785  0xe7f7e2d3d4d0e164239f3cc30a7928f4209de73b  prob=0.0329 (raw=0.0059)  vol=$1,159  trades=60  first_trade=2026-01-14 07:01  winrate=NaN  n_markets_traded=0.000  herfindahl_index_markets=0.000
12:00:52 [super]   #2792  0xdf17f4a8dd01a4cfa6fc3da323a2baee5f8697d1  prob=0.0329 (raw=0.0058)  vol=$83,405  trades=149  first_trade=2026-02-08 20:11  winrate=NaN  n_markets_traded=0.000  herfindahl_index_markets=0.000
12:00:52 [super]   #2794  0xd1c769317bd15de7768a70d0214cf0bbcc531d2b  prob=0.0328 (raw=0.0058)  vol=$305,424  trades=130  first_trade=2026-02-10 18:30  winrate=NaN  n_markets_traded=0.000  herfindahl_index_markets=0.000
12:00:52 [super]   #2798  0xd25b8718f61fb64a754356ad8cf16b5579f59f3d  prob=0.0328 (raw=0.0058)  vol=$2,996  trades=7  first_trade=2026-02-09 14:14  winrate=NaN  n_markets_traded=0.000  herfindahl_index_markets=0.000
12:00:52 [super]   #2802  0x3fec2e1470cbdaba72b36e2de6f02a56249d2b67  prob=0.0328 (raw=0.0057)  vol=$6,099  trades=10  first_trade=2026-02-08 19:34  winrate=0.273  n_markets_traded=43.000  herfindahl_index_markets=0.084
12:00:52 [super]   #2808  0xed107a85a4585a381e48c7f7ca4144909e7dd2e5  prob=0.0328 (raw=0.0057)  vol=$153,066  trades=64  first_trade=2026-02-09 22:50  winrate=NaN  n_markets_traded=0.000  herfindahl_index_markets=0.000
12:00:52 [super]   #2809  0x052f4191cd324a348835a846d34df5b0061e53fb  prob=0.0328 (raw=0.0057)  vol=$73,883  trades=4  first_trade=2026-02-09 06:05  winrate=NaN  n_markets_traded=0.000  herfindahl_index_markets=0.000
12:00:52 [super]   #2814  0x6976f0286d0d08df873c10b90d0c4715ba133185  prob=0.0328 (raw=0.0056)  vol=$2,627  trades=36  first_trade=2026-02-08 06:22  winrate=NaN  n_markets_traded=0.000  herfindahl_index_markets=0.000
12:00:52 [super]   #2815  0x2d99e29c4f066ba32098c65e4c7454b277d94ca3  prob=0.0328 (raw=0.0056)  vol=$111,741  trades=34  first_trade=2026-02-09 08:03  winrate=NaN  n_markets_traded=0.000  herfindahl_index_markets=0.000
12:00:52 [super]   #2829  0x9e8077593bf0a6fd63f988dcf589f7558897f694  prob=0.0328 (raw=0.0054)  vol=$31,952  trades=3  first_trade=2026-02-09 10:44  winrate=NaN  n_markets_traded=0.000  herfindahl_index_markets=0.000
12:00:52 [super]   #2830  0xfa323e40632edca701abc6c8cf1f82175909bd9a  prob=0.0328 (raw=0.0054)  vol=$3,744  trades=3  first_trade=2026-02-09 01:04  winrate=NaN  n_markets_traded=0.000  herfindahl_index_markets=0.000
12:00:52 [super]   #2855  0x63bf159cea68e4cdb63a66140a249d19cf8ee319  prob=0.0328 (raw=0.0053)  vol=$2,289  trades=5  first_trade=2026-02-08 04:33  winrate=0.343  n_markets_traded=168.000  herfindahl_index_markets=0.020
12:00:52 [super]   #2856  0x733d3dbeafe1b9017082223b41f8d72ac82d1ae7  prob=0.0328 (raw=0.0053)  vol=$11,262  trades=95  first_trade=2026-02-08 19:40  winrate=NaN  n_markets_traded=0.000  herfindahl_index_markets=0.000
12:00:52 [super]   #2857  0xce6d7b5b42bf5eed4fc41870fa5f0816e18628b5  prob=0.0328 (raw=0.0053)  vol=$1,215  trades=10  first_trade=2026-02-08 01:34  winrate=NaN  n_markets_traded=0.000  herfindahl_index_markets=0.000
12:00:52 [super]   #2858  0x9690d9f51b618222c29567c3b39aac2935a5f2d5  prob=0.0328 (raw=0.0053)  vol=$1,846  trades=22  first_trade=2026-02-08 20:37  winrate=NaN  n_markets_traded=0.000  herfindahl_index_markets=0.000
12:00:52 [super]   #2860  0xd18ddef60c4555e247d398c49ec04f65dad8fc51  prob=0.0328 (raw=0.0052)  vol=$1,105  trades=25  first_trade=2026-02-07 10:28  winrate=NaN  n_markets_traded=0.000  herfindahl_index_markets=0.000
12:00:52 [super]   #2863  0xd34bf815245d5bcea098cb0ea17df360b5c50004  prob=0.0328 (raw=0.0052)  vol=$1,156  trades=16  first_trade=2026-02-07 06:29  winrate=NaN  n_markets_traded=0.000  herfindahl_index_markets=0.000
12:00:52 [super]   #2877  0x15e513f95fea8775f80adf4fc847d9e2c6919749  prob=0.0328 (raw=0.0051)  vol=$3,560  trades=4  first_trade=2026-02-11 23:35  winrate=0.286  n_markets_traded=98.000  herfindahl_index_markets=0.034
12:00:52 [super]   #2878  0x4526964246242015bfa78c294033565be6797a45  prob=0.0328 (raw=0.0051)  vol=$10,552  trades=66  first_trade=2026-02-07 15:34  winrate=NaN  n_markets_traded=0.000  herfindahl_index_markets=0.000
12:00:52 [super]   #2880  0x3e04fbc51adb75418129f6ce2091ae633070564d  prob=0.0328 (raw=0.0051)  vol=$2,175  trades=15  first_trade=2026-02-08 22:51  winrate=NaN  n_markets_traded=0.000  herfindahl_index_markets=0.000
12:00:52 [super]   #2894  0x696a0f103aab2daa93f0c7124bdfbbf19851e23a  prob=0.0327 (raw=0.0048)  vol=$2,959  trades=7  first_trade=2026-02-09 04:16  winrate=NaN  n_markets_traded=0.000  herfindahl_index_markets=0.000
12:00:52 [super] ============================================================
12:00:52 [super] per-wallet scores, ranked high->low (showing 2897 of 2897):
12:00:52 [super] * #1     0x6caa2c412b161d8858945a1d6dab4528618f5917  prob=0.6926 (raw=0.9865)  vol=$1,076  trades=24  first_trade=2026-02-07 02:11  winrate=0.000  n_markets_traded=1.000  herfindahl_index_markets=1.000
12:00:52 [super] * #2     0xfd77eb035c313edd0bcf47fc5eeb2a2af10b218d  prob=0.6911 (raw=0.9849)  vol=$43  trades=3  first_trade=2026-02-05 14:49  winrate=0.000  n_markets_traded=4.000  herfindahl_index_markets=0.633
12:00:52 [super] * #3     0x71645196d4a4856ebfd8e57d5582c209a6f8827f  prob=0.6864 (raw=0.9797)  vol=$8,296  trades=45  first_trade=2026-02-08 19:07  winrate=0.000  n_markets_traded=1.000  herfindahl_index_markets=1.000
12:00:52 [super] * #4     0x50e0da9de3318a5f81fb543d00d887d259580cf1  prob=0.6861 (raw=0.9793)  vol=$771  trades=5  first_trade=2026-02-08 21:25  winrate=0.000  n_markets_traded=1.000  herfindahl_index_markets=1.000
12:00:52 [super] * #5     0x40d9ac81a425f14d2c490c41ac8969c0cbcfd472  prob=0.6676 (raw=0.9596)  vol=$28,375  trades=34  first_trade=2026-02-06 20:49  winrate=0.000  n_markets_traded=2.000  herfindahl_index_markets=0.601
12:00:52 [super] * #6     0x8785662663372eab8d76ae9d850e5c09adca8cc1  prob=0.6542 (raw=0.9456)  vol=$10,459  trades=22  first_trade=2026-02-09 00:57  winrate=0.000  n_markets_traded=1.000  herfindahl_index_markets=1.000
12:00:52 [super] * #7     0x9cdfff709223541ed92059bd32357f0a6ab04983  prob=0.6527 (raw=0.9440)  vol=$2,780  trades=11  first_trade=2026-02-09 01:40  winrate=0.000  n_markets_traded=2.000  herfindahl_index_markets=0.893
12:00:52 [super] * #8     0x678632e6ff02947d67da69a348a77fc8494e0178  prob=0.6500 (raw=0.9413)  vol=$3,055  trades=12  first_trade=2026-02-08 17:31  winrate=0.000  n_markets_traded=1.000  herfindahl_index_markets=1.000
12:00:52 [super] * #9     0xc84ea31de4f974f4819c00d75f6d25b4ce5492fe  prob=0.6446 (raw=0.9358)  vol=$7,320  trades=7  first_trade=2026-02-08 23:15  winrate=0.000  n_markets_traded=2.000  herfindahl_index_markets=0.514
12:00:52 [super] * #10    0x38eec01ca767f41c0146d542fb96eba44e2c2ecd  prob=0.6377 (raw=0.9287)  vol=$96  trades=3  first_trade=2026-02-08 18:17  winrate=0.000  n_markets_traded=2.000  herfindahl_index_markets=0.500
12:00:52 [super] * #11    0x0a9b9d7e6e5f08de2f81a81ffc9cea52098db6ec  prob=0.6336 (raw=0.9246)  vol=$106  trades=2  first_trade=2026-02-08 22:14  winrate=0.000  n_markets_traded=1.000  herfindahl_index_markets=1.000
12:00:52 [super] * #12    0xd869110ab4e2a151ff5f461e0af789828e107a08  prob=0.6328 (raw=0.9238)  vol=$60  trades=2  first_trade=2026-02-08 22:10  winrate=0.000  n_markets_traded=5.000  herfindahl_index_markets=0.249
12:00:52 [super] * #13    0xb40af32786a4cac89d88e1d1e0016045d271769a  prob=0.6307 (raw=0.9217)  vol=$103  trades=4  first_trade=2026-02-08 22:19  winrate=0.000  n_markets_traded=3.000  herfindahl_index_markets=0.333
12:00:52 [super] * #14    0xee9f913de1cb412c3eaa7f3b77569cd48479a97a  prob=0.6267 (raw=0.9176)  vol=$90  trades=5  first_trade=2026-02-08 18:12  winrate=0.000  n_markets_traded=1.000  herfindahl_index_markets=1.000
12:00:52 [super] * #15    0x8630613266618044c1d384d21c4a4460e7587583  prob=0.6264 (raw=0.9174)  vol=$30  trades=2  first_trade=2026-02-09 00:03  winrate=0.000  n_markets_traded=2.000  herfindahl_index_markets=0.645
12:00:52 [super] * #16    0x50e1a88674d33bcf5a5ac3ff777753b0e0655a6f  prob=0.6244 (raw=0.9154)  vol=$21  trades=4  first_trade=2026-02-09 01:07  winrate=0.000  n_markets_traded=4.000  herfindahl_index_markets=0.567
12:00:52 [super] * #17    0xf1ab528999edf0867bf3a5ab34328f26d1cc0e00  prob=0.6225 (raw=0.9135)  vol=$172  trades=8  first_trade=2026-02-09 00:44  winrate=0.000  n_markets_traded=2.000  herfindahl_index_markets=0.592
12:00:52 [super] * #18    0xcaf14edb835d846038ff0c7779f325b1186b3a54  prob=0.6203 (raw=0.9113)  vol=$51  trades=3  first_trade=2026-02-08 13:21  winrate=0.000  n_markets_traded=1.000  herfindahl_index_markets=1.000
12:00:52 [super] * #19    0xd01959ee1f18e04e54c8c06dcf9abf51c3e692dd  prob=0.6144 (raw=0.9055)  vol=$13,340  trades=30  first_trade=2026-02-08 23:53  winrate=0.000  n_markets_traded=1.000  herfindahl_index_markets=1.000
12:00:52 [super] * #20    0x76a8cccf2b1cb09ab805f245f1c0efdae3ea0c2c  prob=0.6059 (raw=0.8971)  vol=$44  trades=2  first_trade=2026-02-09 00:10  winrate=0.000  n_markets_traded=1.000  herfindahl_index_markets=1.000
12:00:52 [super] * #21    0xe8b841513bb04ee5b259f6122a0f5b430ef76762  prob=0.6045 (raw=0.8958)  vol=$4  trades=4  first_trade=2026-02-07 20:10  winrate=0.000  n_markets_traded=1.000  herfindahl_index_markets=1.000
12:00:52 [super] * #22    0xd742d75ed32a9fb0d4df59d2eb6a592356561406  prob=0.6005 (raw=0.8918)  vol=$72  trades=5  first_trade=2026-02-08 22:10  winrate=0.000  n_markets_traded=5.000  herfindahl_index_markets=0.314
12:00:52 [super] * #23    0x9a0dfb8acf3537b2d329055085b191419ba5a52c  prob=0.6001 (raw=0.8914)  vol=$2  trades=2  first_trade=2026-02-09 01:04  winrate=0.000  n_markets_traded=5.000  herfindahl_index_markets=0.310
12:00:52 [super] * #24    0xa45e19943a6c47fd9c13dea7686a1bd96a226636  prob=0.5961 (raw=0.8876)  vol=$40  trades=3  first_trade=2026-02-08 22:28  winrate=0.000  n_markets_traded=2.000  herfindahl_index_markets=0.500
12:00:52 [super] * #25    0xa2386f56c03343ca9d32dd574155d8b711ba88d1  prob=0.5924 (raw=0.8840)  vol=$7  trades=4  first_trade=2026-02-07 04:36  winrate=0.000  n_markets_traded=2.000  herfindahl_index_markets=0.611
12:00:52 [super] * #26    0xa40ad1792324adb79df97363060fd38eff59fa7d  prob=0.5902 (raw=0.8818)  vol=$29  trades=4  first_trade=2026-02-09 00:08  winrate=0.000  n_markets_traded=2.000  herfindahl_index_markets=0.500
12:00:52 [super] * #27    0x83ffe5c6a7e67ac5cea1cfa70450273a35ea6df1  prob=0.5901 (raw=0.8818)  vol=$4  trades=2  first_trade=2026-02-09 00:39  winrate=0.000  n_markets_traded=2.000  herfindahl_index_markets=0.500
12:00:52 [super] * #28    0x7f2c5f3918f6218086fc91f4209ae3ae5e216d33  prob=0.5864 (raw=0.8782)  vol=$31  trades=3  first_trade=2026-02-07 19:46  winrate=0.000  n_markets_traded=2.000  herfindahl_index_markets=0.537
12:00:52 [super] * #29    0x34bf4c10fb0abf775a3e3401bdc6dba490b5c4c6  prob=0.5863 (raw=0.8781)  vol=$19,826  trades=43  first_trade=2026-02-09 00:48  winrate=0.000  n_markets_traded=1.000  herfindahl_index_markets=1.000
12:00:52 [super] * #30    0x4f1384f278a48e9889d5d7ab55a74e39bf873dce  prob=0.5846 (raw=0.8764)  vol=$15  trades=3  first_trade=2026-02-09 01:46  winrate=0.000  n_markets_traded=2.000  herfindahl_index_markets=0.898
12:00:52 [super] * #31    0x05f19cc7f74f0b4337abca4f39ebd74a35bd273b  prob=0.5828 (raw=0.8747)  vol=$5  trades=2  first_trade=2026-02-08 13:09  winrate=0.000  n_markets_traded=1.000  herfindahl_index_markets=1.000
12:00:52 [super] * #32    0x51885924df66f24b3e37026277ee1eea9ac623be  prob=0.5817 (raw=0.8736)  vol=$6  trades=2  first_trade=2026-02-08 09:54  winrate=0.000  n_markets_traded=2.000  herfindahl_index_markets=0.592
12:00:52 [super] * #33    0xc6bbe927b342f73e60cdb1a0309d6979fc076ad8  prob=0.5814 (raw=0.8734)  vol=$10  trades=2  first_trade=2026-02-08 22:46  winrate=0.000  n_markets_traded=2.000  herfindahl_index_markets=0.556
12:00:52 [super] * #34    0xc0d00ad2d37100c5ba4f8e4deeb3ef104bfccfff  prob=0.5808 (raw=0.8728)  vol=$5  trades=2  first_trade=2026-02-08 22:35  winrate=0.000  n_markets_traded=1.000  herfindahl_index_markets=1.000
12:00:52 [super] * #35    0x785f6be623ab5df08a27412fdd6712fd4961d279  prob=0.5799 (raw=0.8719)  vol=$11  trades=2  first_trade=2026-02-08 21:08  winrate=0.000  n_markets_traded=1.000  herfindahl_index_markets=1.000
12:00:52 [super] * #36    0x306bf260df251152f8af78e0f1990d78f21bb166  prob=0.5768 (raw=0.8690)  vol=$4  trades=2  first_trade=2026-02-08 19:23  winrate=0.000  n_markets_traded=1.000  herfindahl_index_markets=1.000
12:00:52 [super] * #37    0x0a2414ee1e23638b8e13beb1683a19af5548bdc5  prob=0.5759 (raw=0.8681)  vol=$30  trades=2  first_trade=2026-02-08 20:30  winrate=0.000  n_markets_traded=2.000  herfindahl_index_markets=0.708
12:00:52 [super] * #38    0x755d070b6ae49cbd25fce18d0e5b80cd98c437e7  prob=0.5759 (raw=0.8681)  vol=$18,726  trades=35  first_trade=2026-02-08 20:21  winrate=0.000  n_markets_traded=1.000  herfindahl_index_markets=1.000
12:00:52 [super] * #39    0x0e5e2e88a701397f7382450f8814e06f9c7d5826  prob=0.5757 (raw=0.8679)  vol=$20  trades=2  first_trade=2026-02-08 00:38  winrate=0.143  n_markets_traded=7.000  herfindahl_index_markets=0.559
12:00:52 [super] * #40    0x06f59488ed56044f4fb88f2cadeeabde7ff3f05c  prob=0.5745 (raw=0.8667)  vol=$3  trades=2  first_trade=2026-02-05 02:16  winrate=0.000  n_markets_traded=3.000  herfindahl_index_markets=0.521
12:00:52 [super] * #41    0xd7cdc7f05d0ff3f5dcc15b71c87045ca0bed65d0  prob=0.5739 (raw=0.8662)  vol=$10  trades=2  first_trade=2026-02-08 23:42  winrate=0.000  n_markets_traded=2.000  herfindahl_index_markets=0.680
12:00:52 [super] * #42    0x01121c4870d0d4cbb73302724c8ba2c75a3ff4b1  prob=0.5728 (raw=0.8651)  vol=$2  trades=1  first_trade=2026-02-06 21:34  winrate=0.000  n_markets_traded=2.000  herfindahl_index_markets=0.522
12:00:52 [super] * #43    0x8e70020d9071005efbaf2c6ff3b271ca3e814d9b  prob=0.5720 (raw=0.8643)  vol=$2,481  trades=10  first_trade=2026-02-06 21:30  winrate=0.000  n_markets_traded=1.000  herfindahl_index_markets=1.000
12:00:52 [super] * #44    0xadb66dc04aefb599e15edb766440b567b45267fb  prob=0.5667 (raw=0.8593)  vol=$3,984  trades=24  first_trade=2026-02-08 19:05  winrate=0.000  n_markets_traded=2.000  herfindahl_index_markets=0.688
12:00:52 [super] * #45    0xa2becb058b3b49135bd11e0b16d1f86d2a39e9ec  prob=0.5663 (raw=0.8589)  vol=$23  trades=4  first_trade=2026-02-02 10:06  winrate=0.500  n_markets_traded=2.000  herfindahl_index_markets=0.722
12:00:52 [super] * #46    0xb1c4e5a8c329ee1a34c134722913cc6ddad5c24e  prob=0.5608 (raw=0.8536)  vol=$20  trades=4  first_trade=2026-02-09 00:55  winrate=0.000  n_markets_traded=5.000  herfindahl_index_markets=0.218
12:00:52 [super] * #47    0x836033b3e4ac02233c47b42d408e044d88e559d7  prob=0.5580 (raw=0.8510)  vol=$12  trades=2  first_trade=2026-02-06 12:38  winrate=0.000  n_markets_traded=6.000  herfindahl_index_markets=0.240
12:00:52 [super] * #48    0xf82b937d4e4c5de454049d325897f2ac77778e81  prob=0.5572 (raw=0.8502)  vol=$10  trades=2  first_trade=2026-02-08 15:23  winrate=0.000  n_markets_traded=4.000  herfindahl_index_markets=0.273
12:00:52 [super] * #49    0x5e946e112722282d05cd743a87912ffb0011fc50  prob=0.5378 (raw=0.8320)  vol=$4  trades=2  first_trade=2026-02-08 23:19  winrate=0.000  n_markets_traded=6.000  herfindahl_index_markets=0.214
12:00:52 [super] * #50    0x53a09a021e788cad9b0c38d0110f4bf10168c754  prob=0.5328 (raw=0.8272)  vol=$37  trades=4  first_trade=2026-02-02 08:34  winrate=0.000  n_markets_traded=7.000  herfindahl_index_markets=0.194
12:00:52 [super] * #51    0xf8639274caa7a4d431f55d76b813981ddd23159d  prob=0.5323 (raw=0.8268)  vol=$15  trades=2  first_trade=2026-02-09 00:22  winrate=0.000  n_markets_traded=7.000  herfindahl_index_markets=0.186
12:00:52 [super] * #52    0xd7e9738ee27ec7ca060e36c935fe165fbf639c52  prob=0.5310 (raw=0.8256)  vol=$8  trades=2  first_trade=2026-02-08 21:03  winrate=0.000  n_markets_traded=5.000  herfindahl_index_markets=0.211
12:00:52 [super] * #53    0xf7ed3292e9bcbbd822c363e5f0a363ee0b8a5ed7  prob=0.5295 (raw=0.8241)  vol=$4,996  trades=11  first_trade=2026-02-09 02:08  winrate=0.857  n_markets_traded=7.000  herfindahl_index_markets=0.230
12:00:52 [super] * #54    0xcaca53c4d3fda8e30cc181ffdbc745d3c56b7ee5  prob=0.5283 (raw=0.8231)  vol=$2  trades=1  first_trade=2026-02-09 00:49  winrate=0.167  n_markets_traded=6.000  herfindahl_index_markets=0.227
12:00:52 [super] * #55    0x12a132ec9b9f38a0c5cfb5293ef5a59ef1a37c29  prob=0.5260 (raw=0.8208)  vol=$16,163  trades=98  first_trade=2026-02-07 20:32  winrate=0.000  n_markets_traded=1.000  herfindahl_index_markets=1.000
12:00:52 [super] * #56    0x4e14627f81399ce91dc7b8e4ac705f0da33bb6d1  prob=0.5208 (raw=0.8160)  vol=$3  trades=2  first_trade=2026-02-07 17:09  winrate=0.500  n_markets_traded=2.000  herfindahl_index_markets=0.853
12:00:52 [super] * #57    0x49994aa10298b00baeb1e46256f73d65743bcc96  prob=0.5198 (raw=0.8151)  vol=$317  trades=5  first_trade=2026-02-08 11:31  winrate=0.130  n_markets_traded=23.000  herfindahl_index_markets=0.251
12:00:52 [super] * #58    0x4408b5e2dda0beb0e2d01628db2e3265e38b05df  prob=0.5148 (raw=0.8104)  vol=$11  trades=3  first_trade=2026-02-08 13:05  winrate=0.000  n_markets_traded=5.000  herfindahl_index_markets=0.230
12:00:52 [super] * #59    0x58106a064077eedd0678f34d17785a82ffc4760e  prob=0.5049 (raw=0.8011)  vol=$21  trades=2  first_trade=2026-01-07 23:39  winrate=0.000  n_markets_traded=5.000  herfindahl_index_markets=0.215
12:00:52 [super] * #60    0x152ec06dda039794ded9a0c4875af3b73a2ee359  prob=0.5047 (raw=0.8009)  vol=$10,515  trades=29  first_trade=2026-02-08 23:48  winrate=0.000  n_markets_traded=1.000  herfindahl_index_markets=1.000
12:00:52 [super] * #61    0x01c7b9cf60e7432803e61e4b4b54e960d80c4da2  prob=0.5021 (raw=0.7985)  vol=$21,388  trades=194  first_trade=2026-02-06 00:54  winrate=0.444  n_markets_traded=9.000  herfindahl_index_markets=0.606
12:00:52 [super] * #62    0xb7a07990e26d0d82e9e2bb3780fb04be7ccae3b7  prob=0.5014 (raw=0.7979)  vol=$2  trades=2  first_trade=2026-02-09 01:24  winrate=NaN  n_markets_traded=NaN  herfindahl_index_markets=NaN
12:00:52 [super] * #63    0xfd9bf631ab106c4a4ec9a51073d9e3ef2802934e  prob=0.5000 (raw=0.7965)  vol=$1,708  trades=12  first_trade=2026-02-08 14:43  winrate=0.000  n_markets_traded=2.000  herfindahl_index_markets=0.728
12:00:52 [super] * #64    0x7ad4ba3dbed7b5f5f9419f4a781c3f1dfd4c9aab  prob=0.4989 (raw=0.7956)  vol=$40  trades=2  first_trade=2026-02-09 01:13  winrate=0.143  n_markets_traded=7.000  herfindahl_index_markets=0.197
12:00:52 [super] * #65    0xe8a3e236bce9e41099f2c9a85963ac5fa25a8ea4  prob=0.4931 (raw=0.7901)  vol=$6  trades=2  first_trade=2026-02-09 01:52  winrate=0.000  n_markets_traded=2.000  herfindahl_index_markets=0.825
12:00:52 [super] * #66    0x14e8ab8ec25d94ce1ed324ef553803d901fa86d9  prob=0.4903 (raw=0.7875)  vol=$20  trades=2  first_trade=2026-02-08 22:28  winrate=0.489  n_markets_traded=45.000  herfindahl_index_markets=0.258
12:00:52 [super] * #67    0x51ca9dcd80f34ef958c420eee4d903a8972fdd9c  prob=0.4886 (raw=0.7858)  vol=$80  trades=2  first_trade=2026-02-03 04:35  winrate=0.000  n_markets_traded=10.000  herfindahl_index_markets=0.162
12:00:52 [super] * #68    0x9a851f7a0a214f85d74202ade1b7cce33e492b58  prob=0.4867 (raw=0.7841)  vol=$13,544  trades=28  first_trade=2026-02-08 22:44  winrate=0.000  n_markets_traded=1.000  herfindahl_index_markets=1.000
12:00:52 [super] * #69    0xcc99d292b90b46583529e30008912aaf49456a41  prob=0.4790 (raw=0.7769)  vol=$170  trades=6  first_trade=2026-02-08 22:42  winrate=0.000  n_markets_traded=1.000  herfindahl_index_markets=1.000
12:00:52 [super] * #70    0xc2dd755d07acc12a9907d444d4f27550f81700ae  prob=0.4789 (raw=0.7768)  vol=$1,126  trades=11  first_trade=2026-02-09 00:54  winrate=0.000  n_markets_traded=1.000  herfindahl_index_markets=1.000
12:00:52 [super] * #71    0x2b7a4eb36f218814fc992613140126b52e41f9b4  prob=0.4680 (raw=0.7666)  vol=$2  trades=2  first_trade=2026-02-09 02:00  winrate=0.000  n_markets_traded=1.000  herfindahl_index_markets=1.000
12:00:52 [super] * #72    0x08635ef530fe7092ef3532be6fab664348894ecc  prob=0.4658 (raw=0.7645)  vol=$4,499  trades=10  first_trade=2026-02-07 23:59  winrate=0.000  n_markets_traded=2.000  herfindahl_index_markets=0.992
12:00:52 [super] * #73    0x656cee19378e1e78b7e69c5461cc0daf45b9c7db  prob=0.4626 (raw=0.7615)  vol=$2  trades=2  first_trade=2026-01-22 01:32  winrate=0.000  n_markets_traded=1.000  herfindahl_index_markets=1.000
12:00:52 [super] * #74    0xff0638225e3d6aad85a406b4645f544d98aa79c5  prob=0.4592 (raw=0.7583)  vol=$966  trades=13  first_trade=2026-02-09 00:27  winrate=0.000  n_markets_traded=3.000  herfindahl_index_markets=0.479
12:00:52 [super] * #75    0xeec0504d2af464e630411c79464ee22e8b432a55  prob=0.4582 (raw=0.7574)  vol=$1,871  trades=14  first_trade=2026-02-08 18:56  winrate=0.000  n_markets_traded=1.000  herfindahl_index_markets=1.000
12:00:52 [super] * #76    0xcd37d76d1fdf813684a4e45a9386a1796ee27b3d  prob=0.4582 (raw=0.7574)  vol=$192  trades=2  first_trade=2026-02-08 20:43  winrate=0.000  n_markets_traded=2.000  herfindahl_index_markets=0.673
12:00:52 [super] * #77    0x200b8ae183110458cec5fa22bf2f0982590a4764  prob=0.4576 (raw=0.7568)  vol=$257  trades=4  first_trade=2026-02-08 19:45  winrate=0.000  n_markets_traded=1.000  herfindahl_index_markets=1.000
12:00:52 [super] * #78    0xfb818fa754071d9a53ef3eb7195ad96732afb019  prob=0.4523 (raw=0.7518)  vol=$1,336  trades=15  first_trade=2026-02-08 23:50  winrate=0.000  n_markets_traded=1.000  herfindahl_index_markets=1.000
12:00:52 [super] * #79    0x79c18af86fa723c110c18152d956ca00083eda66  prob=0.4468 (raw=0.7466)  vol=$25  trades=5  first_trade=2026-02-02 13:53  winrate=0.333  n_markets_traded=3.000  herfindahl_index_markets=0.351
12:00:52 [super] * #80    0xc5c9498f5fdafc35cb47e1300627c5679cef62ef  prob=0.4418 (raw=0.7419)  vol=$161  trades=5  first_trade=2026-02-09 00:14  winrate=0.000  n_markets_traded=2.000  herfindahl_index_markets=0.865
12:00:52 [super] * #81    0x9dc13c04f45ca5b2b03316ca149db7978dde4883  prob=0.4391 (raw=0.7393)  vol=$129  trades=7  first_trade=2026-02-08 23:01  winrate=0.000  n_markets_traded=4.000  herfindahl_index_markets=0.346
12:00:52 [super] * #82    0x366474456d944fe66e019b66bb1007436e90f267  prob=0.4366 (raw=0.7370)  vol=$35  trades=7  first_trade=2026-02-02 16:13  winrate=0.000  n_markets_traded=4.000  herfindahl_index_markets=0.299
12:00:52 [super] * #83    0xb1fab3d6d1b9b22b98c824fff976d5f46900d188  prob=0.4351 (raw=0.7355)  vol=$4,116  trades=33  first_trade=2026-02-08 22:29  winrate=0.000  n_markets_traded=5.000  herfindahl_index_markets=0.543
12:00:52 [super] * #84    0x62ae54e683c1b27cd08a6169b4b9b86d576d8349  prob=0.4309 (raw=0.7315)  vol=$2,921  trades=22  first_trade=2026-02-08 18:10  winrate=0.000  n_markets_traded=1.000  herfindahl_index_markets=1.000
12:00:52 [super] * #85    0x8ced063775ff95d62d0c0f66cc699126e6c520e0  prob=0.4304 (raw=0.7311)  vol=$2  trades=2  first_trade=2026-01-10 13:34  winrate=NaN  n_markets_traded=NaN  herfindahl_index_markets=NaN
12:00:52 [super] * #86    0x986dcd6c3c2f0d0bef49f422114237089d862329  prob=0.4283 (raw=0.7290)  vol=$88,538  trades=47  first_trade=2026-02-08 22:43  winrate=0.000  n_markets_traded=3.000  herfindahl_index_markets=0.500
12:00:52 [super] * #87    0x72dd2ed397e911db76521bacecc93c5e5608aad5  prob=0.4277 (raw=0.7285)  vol=$7  trades=4  first_trade=2026-02-09 02:06  winrate=0.056  n_markets_traded=36.000  herfindahl_index_markets=0.238
12:00:52 [super] * #88    0x0c68805b7ae15d3771e88cfa186a5d713955e7c7  prob=0.4226 (raw=0.7236)  vol=$2,608  trades=27  first_trade=2026-02-06 10:02  winrate=0.000  n_markets_traded=2.000  herfindahl_index_markets=0.700
12:00:52 [super] * #89    0x84dc5c7a0b2fc2c30798fe7aafe9b6954c4c9607  prob=0.4222 (raw=0.7232)  vol=$123  trades=4  first_trade=2026-02-08 19:57  winrate=0.000  n_markets_traded=1.000  herfindahl_index_markets=1.000
12:00:52 [super] * #90    0x257c7f2daffdfd51061d4e4cd4b19bf7f9b36886  prob=0.4211 (raw=0.7221)  vol=$48  trades=5  first_trade=2026-02-09 01:15  winrate=0.000  n_markets_traded=1.000  herfindahl_index_markets=1.000
12:00:52 [super] * #91    0x3348cf4a277962829ef479527d9857d0502ab09d  prob=0.4201 (raw=0.7211)  vol=$7  trades=2  first_trade=2026-02-07 12:29  winrate=0.231  n_markets_traded=13.000  herfindahl_index_markets=0.917
12:00:52 [super] * #92    0x6b0ce391ee773f0fd3e19ca03c701f72eca3e8e7  prob=0.4198 (raw=0.7209)  vol=$13  trades=2  first_trade=2026-02-06 15:38  winrate=0.333  n_markets_traded=9.000  herfindahl_index_markets=0.476
12:00:52 [super] * #93    0x4a0734305538e71356fc5f6f7250ae3e26cba3c7  prob=0.4195 (raw=0.7206)  vol=$27  trades=4  first_trade=2026-02-09 01:29  winrate=0.000  n_markets_traded=2.000  herfindahl_index_markets=0.902
12:00:52 [super] * #94    0xb5b713093b42478ce7275124e49cb5da569070ab  prob=0.4194 (raw=0.7205)  vol=$17  trades=4  first_trade=2026-02-09 01:30  winrate=0.000  n_markets_traded=7.000  herfindahl_index_markets=0.403
12:00:52 [super] * #95    0xc80602489e0b72ff165e6086c2ee32399231970a  prob=0.4187 (raw=0.7198)  vol=$6  trades=4  first_trade=2026-02-08 01:46  winrate=0.000  n_markets_traded=4.000  herfindahl_index_markets=0.250
12:00:52 [super] * #96    0xf53651dc6e75e752d6d971724f0757f262b3c292  prob=0.4183 (raw=0.7195)  vol=$29  trades=2  first_trade=2026-02-05 14:50  winrate=0.250  n_markets_traded=12.000  herfindahl_index_markets=0.891
12:00:52 [super] * #97    0x41c13b7b26ab5c970aec896449ffa15a1e801742  prob=0.4182 (raw=0.7194)  vol=$4,627  trades=56  first_trade=2026-02-08 22:04  winrate=0.000  n_markets_traded=1.000  herfindahl_index_markets=1.000
12:00:52 [super] * #98    0xd01e597e2704bec6e6b602b1e5579a515eb7ea26  prob=0.4177 (raw=0.7189)  vol=$350  trades=5  first_trade=2026-02-09 01:51  winrate=0.000  n_markets_traded=2.000  herfindahl_index_markets=0.579
12:00:52 [super] * #99    0x6ae6b8775598acba0300bbc8483931d4bb0e5933  prob=0.4173 (raw=0.7185)  vol=$28  trades=4  first_trade=2026-02-07 12:31  winrate=0.154  n_markets_traded=13.000  herfindahl_index_markets=0.891
12:00:52 [super] * #100   0xd09f3627472374e011197b3232b7248f3669b410  prob=0.4171 (raw=0.7183)  vol=$70  trades=6  first_trade=2026-02-08 20:33  winrate=0.000  n_markets_traded=1.000  herfindahl_index_markets=1.000
12:00:52 [super] * #101   0x124d5c0f7640da6bcf498c193545979180f20e0f  prob=0.4147 (raw=0.7160)  vol=$7  trades=4  first_trade=2026-02-09 00:50  winrate=0.000  n_markets_traded=4.000  herfindahl_index_markets=0.250
12:00:52 [super] * #102   0x5e6520a912ca4b7bfc8538d876e2974baa98808f  prob=0.4138 (raw=0.7151)  vol=$84  trades=4  first_trade=2026-02-09 01:11  winrate=0.000  n_markets_traded=6.000  herfindahl_index_markets=0.304
12:00:52 [super] * #103   0xbf2cb7ee24961624780b202275426174feebb082  prob=0.4138 (raw=0.7151)  vol=$12  trades=4  first_trade=2026-02-08 11:54  winrate=0.000  n_markets_traded=4.000  herfindahl_index_markets=0.550
12:00:52 [super] * #104   0x5c81cd51bea546e16763b126b436760686602e99  prob=0.4117 (raw=0.7131)  vol=$32  trades=4  first_trade=2026-02-09 01:19  winrate=0.000  n_markets_traded=1.000  herfindahl_index_markets=1.000
12:00:52 [super] * #105   0xc3ca883f3b752c2eeb2de06a0fdaafc632c3ca7c  prob=0.4102 (raw=0.7117)  vol=$1,142  trades=74  first_trade=2025-09-29 02:25  winrate=0.412  n_markets_traded=17.000  herfindahl_index_markets=0.190
12:00:52 [super] * #106   0x6617aedc9c024d57e5b2f3f4a4a6c4f0dfd9d8b8  prob=0.4093 (raw=0.7108)  vol=$77  trades=5  first_trade=2026-02-08 15:37  winrate=0.000  n_markets_traded=1.000  herfindahl_index_markets=1.000
12:00:52 [super] * #107   0xc68dd9934f3eb13e5a3292ac798af7fd9097f714  prob=0.4087 (raw=0.7102)  vol=$16  trades=4  first_trade=2026-02-08 20:15  winrate=0.000  n_markets_traded=3.000  herfindahl_index_markets=0.399
12:00:52 [super] * #108   0x1c2d99b312cf8679c7aff3c1b896fd4281f564bf  prob=0.4061 (raw=0.7077)  vol=$334  trades=5  first_trade=2026-02-08 21:45  winrate=0.000  n_markets_traded=5.000  herfindahl_index_markets=0.219
12:00:52 [super] * #109   0x0a943e5846a2d61a8d48ab7cfd6bc2e52e4ceef3  prob=0.4043 (raw=0.7060)  vol=$117  trades=4  first_trade=2026-02-09 01:35  winrate=0.200  n_markets_traded=5.000  herfindahl_index_markets=0.240
12:00:52 [super] * #110   0x829f820ad4067409d16bfc662179458b86082387  prob=0.4035 (raw=0.7052)  vol=$154  trades=4  first_trade=2026-02-08 20:45  winrate=0.000  n_markets_traded=2.000  herfindahl_index_markets=0.556
12:00:52 [super] * #111   0x4cb27313b0c68a017c9a3e72bd861c29c03b005c  prob=0.4017 (raw=0.7034)  vol=$29  trades=4  first_trade=2026-02-08 23:17  winrate=0.000  n_markets_traded=5.000  herfindahl_index_markets=0.468
12:00:52 [super] * #112   0x24b70aebc44764e938478d14267dda23ae5c537e  prob=0.4011 (raw=0.7028)  vol=$2  trades=2  first_trade=2026-02-09 02:00  winrate=0.333  n_markets_traded=3.000  herfindahl_index_markets=0.375
12:00:52 [super] * #113   0x13e8d26596f604d17e2d1f783af0e9283bd12357  prob=0.4000 (raw=0.7018)  vol=$332  trades=9  first_trade=2026-02-06 21:38  winrate=0.000  n_markets_traded=3.000  herfindahl_index_markets=0.359
12:00:52 [super] * #114   0x2a0c912f276d2c88d69dc46d331f19e6baf9a691  prob=0.3996 (raw=0.7014)  vol=$24  trades=2  first_trade=2026-02-09 01:38  winrate=0.000  n_markets_traded=5.000  herfindahl_index_markets=0.425
12:00:52 [super] * #115   0x52dd2ef0c42c8b76c60d3f2f689dbc8dc2b5d79f  prob=0.3967 (raw=0.6985)  vol=$93  trades=2  first_trade=2026-01-31 22:43  winrate=0.000  n_markets_traded=1.000  herfindahl_index_markets=1.000
12:00:52 [super] * #116   0x5145a98f86730d05e8f11b30ed0f334ad389ec79  prob=0.3959 (raw=0.6978)  vol=$58  trades=5  first_trade=2025-09-29 15:01  winrate=0.000  n_markets_traded=3.000  herfindahl_index_markets=0.486
12:00:52 [super] * #117   0x829455a9ad230f5d4a8d3320f7262bfc281b0541  prob=0.3934 (raw=0.6953)  vol=$748  trades=37  first_trade=2026-02-09 00:54  winrate=0.000  n_markets_traded=1.000  herfindahl_index_markets=1.000
12:00:52 [super] * #118   0x23a0e7aa07ed27545e04314285bedb7dd83ff4f8  prob=0.3925 (raw=0.6944)  vol=$5,719  trades=18  first_trade=2026-02-08 18:04  winrate=0.000  n_markets_traded=1.000  herfindahl_index_markets=1.000
12:00:52 [super] * #119   0x933a75e25a0d1ade590dd32d63fabf98fc550e2b  prob=0.3912 (raw=0.6931)  vol=$60  trades=10  first_trade=2026-02-08 06:26  winrate=0.500  n_markets_traded=6.000  herfindahl_index_markets=0.239
12:00:52 [super] * #120   0x46e4a57d859158facd52c5264ef960e7e030acca  prob=0.3896 (raw=0.6916)  vol=$168  trades=7  first_trade=2026-02-08 20:51  winrate=0.000  n_markets_traded=2.000  herfindahl_index_markets=0.500
12:00:52 [super] * #121   0x462b5cd2b5a79e30c8b77a749231f81680e9bd22  prob=0.3875 (raw=0.6895)  vol=$10  trades=3  first_trade=2026-02-09 02:19  winrate=0.000  n_markets_traded=2.000  herfindahl_index_markets=0.592
12:00:52 [super] * #122   0x54e7fb63d4544a1b0206e0953d01a93477681842  prob=0.3860 (raw=0.6880)  vol=$831  trades=53  first_trade=2026-02-03 20:19  winrate=0.000  n_markets_traded=7.000  herfindahl_index_markets=0.234
12:00:52 [super] * #123   0xaeb182c47e7afc8674eea31eb28f1ede1ab703fb  prob=0.3849 (raw=0.6870)  vol=$25,508  trades=44  first_trade=2026-02-08 22:21  winrate=0.000  n_markets_traded=2.000  herfindahl_index_markets=0.996
12:00:52 [super] * #124   0xa25ad6a93e5649cfb80a8933e558879418d404b7  prob=0.3817 (raw=0.6838)  vol=$10  trades=4  first_trade=2026-02-08 23:48  winrate=0.000  n_markets_traded=6.000  herfindahl_index_markets=0.250
12:00:52 [super] * #125   0x4ef468707670e166367f4f701c3acb60fa36e2e9  prob=0.3815 (raw=0.6836)  vol=$22  trades=3  first_trade=2026-02-08 19:45  winrate=0.029  n_markets_traded=34.000  herfindahl_index_markets=0.369
12:00:52 [super] * #126   0x52ea3dbdef56f9723fa02fb1605d7445b73a1051  prob=0.3815 (raw=0.6836)  vol=$30  trades=4  first_trade=2026-02-08 18:52  winrate=0.000  n_markets_traded=1.000  herfindahl_index_markets=1.000
12:00:52 [super] * #127   0x84fd07ca94cc3cc0a4a119e2862925ec46115207  prob=0.3810 (raw=0.6831)  vol=$216  trades=5  first_trade=2026-02-08 22:10  winrate=0.000  n_markets_traded=1.000  herfindahl_index_markets=1.000
12:00:52 [super] * #128   0x924a1bfc351263f300c896058685a84f63cdea57  prob=0.3801 (raw=0.6822)  vol=$68  trades=22  first_trade=2026-01-23 15:19  winrate=0.000  n_markets_traded=11.000  herfindahl_index_markets=0.182
12:00:52 [super] * #129   0x6db3463f7aa2e117c31b46dbb3b2170c09b51ae1  prob=0.3791 (raw=0.6812)  vol=$94  trades=4  first_trade=2026-02-09 01:29  winrate=0.333  n_markets_traded=6.000  herfindahl_index_markets=0.217
12:00:52 [super] * #130   0x016cf395ed4078366dd29f9625176c9c73c022db  prob=0.3765 (raw=0.6786)  vol=$6,135  trades=31  first_trade=2026-01-26 22:25  winrate=0.000  n_markets_traded=1.000  herfindahl_index_markets=1.000
12:00:52 [super] * #131   0x005ccd72d2cdd64f618cfc111a0e0165a87ba144  prob=0.3738 (raw=0.6759)  vol=$56  trades=3  first_trade=2026-02-09 01:04  winrate=0.000  n_markets_traded=3.000  herfindahl_index_markets=0.429
12:00:52 [super] * #132   0x083f73d556310b3ea552ca9680296923e39d56a1  prob=0.3737 (raw=0.6758)  vol=$77  trades=10  first_trade=2026-02-02 02:13  winrate=0.000  n_markets_traded=4.000  herfindahl_index_markets=0.356
12:00:52 [super] * #133   0xc48a25aad4f82df48736cc641b7254aec4dcbfc6  prob=0.3732 (raw=0.6753)  vol=$7,740  trades=38  first_trade=2026-02-08 20:11  winrate=0.000  n_markets_traded=1.000  herfindahl_index_markets=1.000
12:00:52 [super] * #134   0xd8eb2266a531f727ff37ed50a225ae5eea587245  prob=0.3706 (raw=0.6728)  vol=$10,132  trades=58  first_trade=2026-02-06 21:24  winrate=0.000  n_markets_traded=1.000  herfindahl_index_markets=1.000
12:00:52 [super] * #135   0xc57f404b806a9998ffa3fa8c0d78b3d35689151e  prob=0.3698 (raw=0.6719)  vol=$3  trades=2  first_trade=2026-02-08 18:51  winrate=0.250  n_markets_traded=16.000  herfindahl_index_markets=0.163
12:00:52 [super] * #136   0xb8d06ff0d09844e301e995df62471f6c528ca09f  prob=0.3696 (raw=0.6718)  vol=$104  trades=6  first_trade=2026-02-08 20:40  winrate=0.000  n_markets_traded=1.000  herfindahl_index_markets=1.000
12:00:52 [super] * #137   0xd23a0313c2839155bf6b413c7423c4ed3406c371  prob=0.3691 (raw=0.6712)  vol=$42  trades=4  first_trade=2026-02-09 01:22  winrate=0.000  n_markets_traded=1.000  herfindahl_index_markets=1.000
12:00:52 [super] * #138   0x198ba96b422dd8fa1d608ee5db7c1a9959ed0f3a  prob=0.3598 (raw=0.6619)  vol=$310  trades=6  first_trade=2026-02-08 22:52  winrate=0.000  n_markets_traded=3.000  herfindahl_index_markets=0.355
12:00:52 [super] * #139   0x760bef92be7b053dffcdaa3af95c5336bddd25bb  prob=0.3583 (raw=0.6603)  vol=$42  trades=5  first_trade=2026-02-04 17:01  winrate=0.000  n_markets_traded=17.000  herfindahl_index_markets=0.062
12:00:52 [super] * #140   0x027e368b8d91c536790c10378b4b8e5ce1a6bf29  prob=0.3578 (raw=0.6598)  vol=$92  trades=5  first_trade=2026-02-08 23:59  winrate=0.000  n_markets_traded=3.000  herfindahl_index_markets=0.419
12:00:52 [super] * #141   0x38b519d6ab7d0c411ce91b7c234a7dbed93b0641  prob=0.3434 (raw=0.6450)  vol=$326  trades=6  first_trade=2026-02-08 21:32  winrate=0.000  n_markets_traded=1.000  herfindahl_index_markets=1.000
12:00:52 [super] * #142   0x45d58744ad23c209b22b4dca97e4b5f37d96a958  prob=0.3430 (raw=0.6446)  vol=$106  trades=5  first_trade=2026-02-09 01:05  winrate=0.000  n_markets_traded=1.000  herfindahl_index_markets=1.000
12:00:52 [super] * #143   0xa106dc7279bfb2dd4be18213535e42657c646df5  prob=0.3412 (raw=0.6427)  vol=$3,474  trades=14  first_trade=2026-02-07 08:04  winrate=0.000  n_markets_traded=1.000  herfindahl_index_markets=1.000
12:00:52 [super] * #144   0xbd05737c77253930e82b4d2bb7f2c970c2574d8a  prob=0.3391 (raw=0.6405)  vol=$196  trades=4  first_trade=2026-02-09 03:23  winrate=0.000  n_markets_traded=1.000  herfindahl_index_markets=1.000
12:00:52 [super] * #145   0x0ce61a3be27a29a4b6652becaea33e7508709469  prob=0.3366 (raw=0.6379)  vol=$38,641  trades=46  first_trade=2026-02-08 20:39  winrate=0.250  n_markets_traded=4.000  herfindahl_index_markets=0.489
12:00:52 [super] * #146   0xff42142e0669432f2c5cef9943662c601ee36fb7  prob=0.3305 (raw=0.6315)  vol=$30  trades=2  first_trade=2026-02-09 01:24  winrate=0.000  n_markets_traded=26.000  herfindahl_index_markets=0.040
12:00:52 [super] * #147   0x134e56e60d69ebbb8706110aee652c844632b62c  prob=0.3300 (raw=0.6309)  vol=$25  trades=3  first_trade=2026-01-27 04:28  winrate=0.000  n_markets_traded=3.000  herfindahl_index_markets=0.344
12:00:52 [super] * #148   0x9f242cbe9a81411c695b517ab02b0d2e648e2b45  prob=0.3280 (raw=0.6289)  vol=$219  trades=9  first_trade=2026-02-09 01:15  winrate=0.000  n_markets_traded=2.000  herfindahl_index_markets=0.874
12:00:52 [super] * #149   0xc90ee7cb58d79756f5064770fa90c06788cc4ef5  prob=0.3224 (raw=0.6229)  vol=$643  trades=13  first_trade=2026-02-08 21:32  winrate=0.000  n_markets_traded=1.000  herfindahl_index_markets=1.000
12:00:52 [super] * #150   0x12f526ef1892e6cf52069d547d05fad868bada55  prob=0.3191 (raw=0.6193)  vol=$16  trades=3  first_trade=2026-02-06 16:30  winrate=0.111  n_markets_traded=9.000  herfindahl_index_markets=0.166
12:00:52 [super] * #151   0xcc2744c30adba0afe98b3fba4b51608c40f52895  prob=0.3183 (raw=0.6185)  vol=$16,208  trades=37  first_trade=2026-02-06 21:20  winrate=0.000  n_markets_traded=1.000  herfindahl_index_markets=1.000
12:00:52 [super] * #152   0xfff0dcaed2b8a885e3f1e8518741f6efa6b0c557  prob=0.3162 (raw=0.6163)  vol=$177  trades=6  first_trade=2026-02-09 01:11  winrate=0.000  n_markets_traded=3.000  herfindahl_index_markets=0.661
12:00:52 [super] * #153   0x64e1eae0a123140273a1599b33d9c2eaa029eb3d  prob=0.3155 (raw=0.6155)  vol=$1,100  trades=10  first_trade=2026-02-09 01:27  winrate=0.190  n_markets_traded=18.000  herfindahl_index_markets=0.243
12:00:52 [super] * #154   0xf99ee4b39e93b8abcd65546ce904e18ee01b3e57  prob=0.3128 (raw=0.6126)  vol=$74  trades=4  first_trade=2026-02-07 10:47  winrate=0.000  n_markets_traded=8.000  herfindahl_index_markets=0.139
12:00:52 [super] * #155   0xc2eae3876c9ee5878a210f8342e579dcf2c45423  prob=0.3120 (raw=0.6117)  vol=$87  trades=4  first_trade=2026-02-09 01:22  winrate=0.100  n_markets_traded=10.000  herfindahl_index_markets=0.897
12:00:52 [super] * #156   0x25308be8dd263ca942fa39d44e772b9d2527b9e4  prob=0.3120 (raw=0.6116)  vol=$3,155  trades=11  first_trade=2026-02-08 21:03  winrate=0.000  n_markets_traded=2.000  herfindahl_index_markets=0.875
12:00:52 [super] * #157   0x95a11bfd5e29a906611767f68c258a26093f7cc7  prob=0.3115 (raw=0.6111)  vol=$4,147  trades=37  first_trade=2025-10-06 14:20  winrate=0.000  n_markets_traded=9.000  herfindahl_index_markets=0.299
12:00:52 [super] * #158   0xc070591e2cb4eac28bfa8fbbe6ccc3712420203a  prob=0.3097 (raw=0.6091)  vol=$866  trades=14  first_trade=2026-02-08 20:17  winrate=0.388  n_markets_traded=134.000  herfindahl_index_markets=0.009
12:00:52 [super] * #159   0xc0d173567251ffc59a1f8cc96203881f7e528202  prob=0.3095 (raw=0.6089)  vol=$72  trades=6  first_trade=2026-01-14 19:12  winrate=0.000  n_markets_traded=4.000  herfindahl_index_markets=0.315
12:00:52 [super] * #160   0x293e6308f4a6843b0ee5306b8edc180472b440e1  prob=0.3073 (raw=0.6066)  vol=$5  trades=2  first_trade=2026-02-01 17:18  winrate=0.000  n_markets_traded=3.000  herfindahl_index_markets=0.452
12:00:52 [super] * #161   0x16903c9330231e180ee77ffef555dac488db69ed  prob=0.2968 (raw=0.5949)  vol=$5  trades=9  first_trade=2026-02-07 16:40  winrate=NaN  n_markets_traded=0.000  herfindahl_index_markets=0.000
12:00:52 [super] * #162   0xae2b0aaea325a32870f56ff19df3b87acaa190ea  prob=0.2948 (raw=0.5926)  vol=$10,368  trades=46  first_trade=2026-02-08 10:53  winrate=0.473  n_markets_traded=55.000  herfindahl_index_markets=0.094
12:00:52 [super] * #163   0xc619908b0fdb0989f41a574cd95cd83b707de49a  prob=0.2938 (raw=0.5915)  vol=$176  trades=8  first_trade=2026-02-09 01:28  winrate=0.000  n_markets_traded=4.000  herfindahl_index_markets=0.485
12:00:52 [super] * #164   0x38b27963895eb5439d17c9e63f8642acab880b43  prob=0.2934 (raw=0.5911)  vol=$4,927  trades=29  first_trade=2026-02-08 23:43  winrate=0.000  n_markets_traded=3.000  herfindahl_index_markets=0.401
12:00:52 [super] * #165   0x28a89b79927fc377d7d6ad6aee0b5fa76d5cd94f  prob=0.2920 (raw=0.5895)  vol=$2,018  trades=32  first_trade=2025-11-21 05:13  winrate=0.000  n_markets_traded=4.000  herfindahl_index_markets=0.509
12:00:52 [super] * #166   0x03642b95e1fec6aa3880d2c63a079a72fdb6be59  prob=0.2915 (raw=0.5889)  vol=$102  trades=6  first_trade=2026-02-09 00:52  winrate=0.000  n_markets_traded=6.000  herfindahl_index_markets=0.216
12:00:52 [super] * #167   0x93a0a371ceba0c1184e84a43168257021d945507  prob=0.2904 (raw=0.5877)  vol=$27  trades=2  first_trade=2026-02-06 23:41  winrate=0.143  n_markets_traded=7.000  herfindahl_index_markets=0.266
12:00:52 [super] * #168   0xdfc4d219840e3d9097a063e9da739abedfe9c720  prob=0.2885 (raw=0.5855)  vol=$8  trades=3  first_trade=2026-01-18 23:55  winrate=0.000  n_markets_traded=1.000  herfindahl_index_markets=1.000
12:00:52 [super] * #169   0xa1ddace8befb1d1a2593e649a5db0568d1cde4a3  prob=0.2875 (raw=0.5844)  vol=$3,992  trades=2  first_trade=2026-02-09 05:07  winrate=0.400  n_markets_traded=3.000  herfindahl_index_markets=0.790
12:00:52 [super] * #170   0x860c80233d3e75db392274360fdb13ddbeb2a697  prob=0.2871 (raw=0.5839)  vol=$83,396  trades=112  first_trade=2026-02-08 22:05  winrate=0.000  n_markets_traded=1.000  herfindahl_index_markets=1.000
12:00:52 [super] * #171   0x7d0a771ddd2c63255013a1efb5f0e42659b38c6c  prob=0.2864 (raw=0.5831)  vol=$2,766  trades=15  first_trade=2026-02-08 01:47  winrate=0.778  n_markets_traded=17.000  herfindahl_index_markets=0.262
12:00:52 [super] * #172   0x6d31709e4e0b9c35c01a841d7da9c3d5d3f1fa6e  prob=0.2854 (raw=0.5820)  vol=$43  trades=4  first_trade=2026-02-09 00:17  winrate=0.500  n_markets_traded=10.000  herfindahl_index_markets=0.213
12:00:52 [super] * #173   0x1735436599a9766af8da193ed4f51a8d7a084f16  prob=0.2847 (raw=0.5811)  vol=$8,741  trades=36  first_trade=2026-02-08 21:56  winrate=0.250  n_markets_traded=4.000  herfindahl_index_markets=0.643
12:00:52 [super] * #174   0xaf691e6322c891b69766c448776f90a11230c890  prob=0.2842 (raw=0.5806)  vol=$51  trades=7  first_trade=2026-02-06 15:36  winrate=0.167  n_markets_traded=6.000  herfindahl_index_markets=0.246
12:00:52 [super] * #175   0x95a875a730f1f551439a040eafca9083c7bc8fe1  prob=0.2805 (raw=0.5763)  vol=$6  trades=4  first_trade=2026-01-14 10:53  winrate=0.000  n_markets_traded=5.000  herfindahl_index_markets=0.261
12:00:52 [super] * #176   0x7f34cc7e46373a6e74022181a3de47065674d254  prob=0.2803 (raw=0.5761)  vol=$257  trades=5  first_trade=2026-02-09 01:17  winrate=0.333  n_markets_traded=3.000  herfindahl_index_markets=0.674
12:00:52 [super] * #177   0x93ccf5c4356eae90be1a15b0170e04739caa3877  prob=0.2793 (raw=0.5749)  vol=$2  trades=2  first_trade=2026-02-08 21:27  winrate=0.000  n_markets_traded=7.000  herfindahl_index_markets=0.143
12:00:52 [super] * #178   0xed37164ee48f05c72a80331039e856b08d416bfc  prob=0.2788 (raw=0.5744)  vol=$2  trades=2  first_trade=2026-01-17 04:17  winrate=0.000  n_markets_traded=17.000  herfindahl_index_markets=0.059
12:00:52 [super] * #179   0xeb6f945764cb22cdafef8d6e2f554763171a4da4  prob=0.2757 (raw=0.5707)  vol=$213  trades=8  first_trade=2026-02-08 21:04  winrate=0.717  n_markets_traded=92.000  herfindahl_index_markets=0.034
12:00:52 [super] * #180   0xf02cdbe39ed07bef1560f9504bc9a9dc00bcb042  prob=0.2731 (raw=0.5677)  vol=$102  trades=6  first_trade=2026-02-09 00:45  winrate=0.000  n_markets_traded=1.000  herfindahl_index_markets=1.000
12:00:52 [super] * #181   0x59d957cdc1dd8752673b59071fa32137c66a1312  prob=0.2727 (raw=0.5672)  vol=$1,502  trades=4  first_trade=2026-02-09 20:45  winrate=0.000  n_markets_traded=1.000  herfindahl_index_markets=1.000
12:00:52 [super] * #182   0x21e5c03d2af47bdaaa63cffd117894243deb3252  prob=0.2727 (raw=0.5672)  vol=$1,502  trades=4  first_trade=2026-02-09 19:51  winrate=0.000  n_markets_traded=1.000  herfindahl_index_markets=1.000
12:00:52 [super] * #183   0x4d8c68c74d069653b5240de546a0dad7589c3899  prob=0.2727 (raw=0.5672)  vol=$1,502  trades=4  first_trade=2026-02-09 21:35  winrate=0.000  n_markets_traded=1.000  herfindahl_index_markets=1.000
12:00:52 [super] * #184   0x33f06472d3a83c8737b7e599e095521e15008cee  prob=0.2727 (raw=0.5672)  vol=$1,502  trades=4  first_trade=2026-02-09 20:05  winrate=0.000  n_markets_traded=1.000  herfindahl_index_markets=1.000
12:00:52 [super] * #185   0xd0fbf4d42d5afa94158208d092a37ea0bfcb8d4e  prob=0.2727 (raw=0.5672)  vol=$1,502  trades=4  first_trade=2026-02-09 20:21  winrate=0.000  n_markets_traded=1.000  herfindahl_index_markets=1.000
12:00:52 [super] * #186   0xc4df770412d9839a40a7bf2b7479196d4743eca1  prob=0.2727 (raw=0.5672)  vol=$1,502  trades=4  first_trade=2026-02-09 21:45  winrate=0.000  n_markets_traded=1.000  herfindahl_index_markets=1.000
12:00:52 [super] * #187   0xcda5115ee8cb8e1ec3bea7031d522bf4c61c7b18  prob=0.2727 (raw=0.5672)  vol=$1,502  trades=4  first_trade=2026-02-09 20:55  winrate=0.000  n_markets_traded=1.000  herfindahl_index_markets=1.000
12:00:52 [super] * #188   0xca664fb635c1857defa4b8f3be1bf7db1597d027  prob=0.2727 (raw=0.5672)  vol=$1,502  trades=4  first_trade=2026-02-09 21:11  winrate=0.000  n_markets_traded=1.000  herfindahl_index_markets=1.000
12:00:52 [super] * #189   0x77e577baa2c7e30e0423502fce89a08c8da96c07  prob=0.2723 (raw=0.5667)  vol=$25  trades=10  first_trade=2026-02-08 18:28  winrate=0.000  n_markets_traded=9.000  herfindahl_index_markets=0.420
12:00:52 [super] * #190   0x520fd59342aa933ed72d0aeb2553629701c4e4d2  prob=0.2714 (raw=0.5656)  vol=$396  trades=27  first_trade=2026-02-07 03:16  winrate=NaN  n_markets_traded=0.000  herfindahl_index_markets=0.000
12:00:52 [super] * #191   0x58612c771c181f38f82d8e0a70b867bda4b528d6  prob=0.2712 (raw=0.5654)  vol=$250  trades=12  first_trade=2026-02-09 00:29  winrate=0.000  n_markets_traded=1.000  herfindahl_index_markets=1.000
12:00:52 [super] * #192   0xd86893cf754fd223b38a7e1d48fa4d08f35158db  prob=0.2710 (raw=0.5652)  vol=$65  trades=5  first_trade=2026-02-09 01:33  winrate=0.000  n_markets_traded=8.000  herfindahl_index_markets=0.202
12:00:52 [super] * #193   0x1dbc3196ab028ef6a87953cef6c42b910a581ce3  prob=0.2705 (raw=0.5646)  vol=$1,499  trades=4  first_trade=2026-02-09 22:00  winrate=0.000  n_markets_traded=1.000  herfindahl_index_markets=1.000
12:00:52 [super] * #194   0x21c2e0070107ab775db6a8c07c76f72c197934c0  prob=0.2705 (raw=0.5646)  vol=$1,499  trades=4  first_trade=2026-02-09 22:12  winrate=0.000  n_markets_traded=1.000  herfindahl_index_markets=1.000
12:00:52 [super] * #195   0x129e6528b8c08a19e5abce7131f1701038d355c6  prob=0.2682 (raw=0.5619)  vol=$20  trades=2  first_trade=2026-02-08 05:13  winrate=0.045  n_markets_traded=22.000  herfindahl_index_markets=0.252
12:00:52 [super] * #196   0x8bfcb73a4898e1fdc64a2ce8fe7e1824810d03d9  prob=0.2676 (raw=0.5612)  vol=$182  trades=14  first_trade=2026-02-09 00:01  winrate=0.000  n_markets_traded=1.000  herfindahl_index_markets=1.000
12:00:52 [super] * #197   0x5460bb93290ba4b5f931b6f5e51b2261e0371556  prob=0.2675 (raw=0.5610)  vol=$2,081  trades=31  first_trade=2026-02-09 01:09  winrate=0.000  n_markets_traded=2.000  herfindahl_index_markets=0.500
12:00:52 [super] * #198   0x2e346a8c56f07ce0b566042e00f220b3e2599434  prob=0.2672 (raw=0.5607)  vol=$10  trades=2  first_trade=2026-02-04 04:55  winrate=0.117  n_markets_traded=94.000  herfindahl_index_markets=0.368
12:00:52 [super] * #199   0xedd6854da7f69c3b78e96fa0afaac8a8aa1bcad6  prob=0.2671 (raw=0.5606)  vol=$91  trades=6  first_trade=2026-02-08 21:36  winrate=0.000  n_markets_traded=3.000  herfindahl_index_markets=0.339
12:00:52 [super] * #200   0xbe4600119a804b824afc9e2bb61dada32bac8b21  prob=0.2657 (raw=0.5589)  vol=$16  trades=4  first_trade=2026-02-09 02:35  winrate=0.000  n_markets_traded=1.000  herfindahl_index_markets=1.000
12:00:52 [super] * #201   0x80f83e27ef994baa44518518536949810287a925  prob=0.2650 (raw=0.5580)  vol=$40  trades=3  first_trade=2026-01-29 02:30  winrate=0.167  n_markets_traded=6.000  herfindahl_index_markets=0.191
12:00:52 [super] * #202   0xb412a8cd5bbf27414b8b352d1bff96b303582e9a  prob=0.2626 (raw=0.5552)  vol=$2  trades=2  first_trade=2026-02-02 13:38  winrate=0.000  n_markets_traded=18.000  herfindahl_index_markets=0.058
12:00:52 [super] * #203   0x91d19d13878fe229c73bb666916595c839965122  prob=0.2602 (raw=0.5523)  vol=$5  trades=2  first_trade=2026-02-06 17:28  winrate=0.000  n_markets_traded=2.000  herfindahl_index_markets=0.591
12:00:52 [super] * #204   0xca80cf8c7f95902fddddff5d61dffc48d9d38f37  prob=0.2601 (raw=0.5521)  vol=$7  trades=2  first_trade=2026-02-08 22:38  winrate=0.000  n_markets_traded=5.000  herfindahl_index_markets=0.217
12:00:52 [super] * #205   0x5fbd39bc1e73a788902e3389bf39fe5fe4b24b2c  prob=0.2593 (raw=0.5512)  vol=$241  trades=5  first_trade=2026-02-09 02:16  winrate=0.000  n_markets_traded=2.000  herfindahl_index_markets=0.617
12:00:52 [super] * #206   0x1fd06adbea5290548df0637cf82cce686b78c6a7  prob=0.2563 (raw=0.5475)  vol=$98  trades=14  first_trade=2026-02-05 22:05  winrate=NaN  n_markets_traded=0.000  herfindahl_index_markets=0.000
12:00:52 [super] * #207   0xf3799efbc067d8d637580075ed02ed33291036c0  prob=0.2547 (raw=0.5455)  vol=$14  trades=1  first_trade=2026-02-08 02:30  winrate=NaN  n_markets_traded=0.000  herfindahl_index_markets=0.000
12:00:52 [super] * #208   0x92e33c1caffbc71992512e664e150f8a8d9efb18  prob=0.2535 (raw=0.5440)  vol=$176  trades=8  first_trade=2026-02-08 19:08  winrate=0.333  n_markets_traded=3.000  herfindahl_index_markets=0.419
12:00:52 [super] * #209   0x84f76017e30a7413cd76bd1aa49c19897bceb15c  prob=0.2534 (raw=0.5439)  vol=$13,208  trades=23  first_trade=2026-02-09 01:42  winrate=0.000  n_markets_traded=5.000  herfindahl_index_markets=0.304
12:00:52 [super] * #210   0x21e773c5364a95e958a75ccec16ef652558a6757  prob=0.2532 (raw=0.5436)  vol=$101  trades=6  first_trade=2026-02-09 01:49  winrate=0.000  n_markets_traded=12.000  herfindahl_index_markets=0.206
12:00:52 [super] * #211   0xd9e8bfd6ab531766da111ae6a0354917cb6a7abc  prob=0.2499 (raw=0.5396)  vol=$42  trades=4  first_trade=2026-02-08 22:28  winrate=0.000  n_markets_traded=11.000  herfindahl_index_markets=0.128
12:00:52 [super] * #212   0x6331a337e43be2f007a4f4ecdbc52d979f76fc33  prob=0.2497 (raw=0.5394)  vol=$1,499  trades=4  first_trade=2026-02-09 23:05  winrate=0.000  n_markets_traded=1.000  herfindahl_index_markets=1.000
12:00:52 [super] * #213   0xaa6df3f8d7efa9269fc7920345edd87d1d040b78  prob=0.2491 (raw=0.5386)  vol=$110  trades=4  first_trade=2026-02-09 00:09  winrate=0.000  n_markets_traded=2.000  herfindahl_index_markets=0.510
12:00:52 [super] * #214   0xc8758b72d6311af30a6917c6eb580d62a80323c5  prob=0.2476 (raw=0.5367)  vol=$289  trades=8  first_trade=2026-02-07 08:33  winrate=0.000  n_markets_traded=2.000  herfindahl_index_markets=0.998
12:00:52 [super] * #215   0xcffa1d316caeb0c3390fe7ac3a5c047a3425e401  prob=0.2445 (raw=0.5328)  vol=$12,279  trades=30  first_trade=2026-02-08 19:43  winrate=0.000  n_markets_traded=1.000  herfindahl_index_markets=1.000
12:00:52 [super] * #216   0xc7f9560635f5a1d0397d562337c0929e51950b96  prob=0.2418 (raw=0.5294)  vol=$500  trades=3  first_trade=2026-02-09 09:09  winrate=0.000  n_markets_traded=1.000  herfindahl_index_markets=1.000
12:00:52 [super] * #217   0xcb46a07dd6fe272eb3f21c827ec881d862f38dee  prob=0.2392 (raw=0.5260)  vol=$85  trades=6  first_trade=2026-02-07 21:09  winrate=0.429  n_markets_traded=7.000  herfindahl_index_markets=0.406
12:00:52 [super] * #218   0x7a36bec5f0b85f8e50bc34e9206ca951e470428f  prob=0.2383 (raw=0.5249)  vol=$172  trades=7  first_trade=2026-02-08 23:25  winrate=0.000  n_markets_traded=1.000  herfindahl_index_markets=1.000
12:00:52 [super] * #219   0x7fe230c32109035431889e152734003bef7c0719  prob=0.2346 (raw=0.5200)  vol=$41  trades=6  first_trade=2026-02-05 18:41  winrate=0.267  n_markets_traded=15.000  herfindahl_index_markets=0.094
12:00:52 [super] * #220   0x320559a329c084774e47332f725da9aab93f83fc  prob=0.2322 (raw=0.5169)  vol=$63  trades=4  first_trade=2026-02-09 01:26  winrate=0.000  n_markets_traded=5.000  herfindahl_index_markets=0.222
12:00:52 [super] * #221   0xf3a3cd7dbdc089480806fe52bfba762e07236482  prob=0.2320 (raw=0.5167)  vol=$15  trades=2  first_trade=2026-02-07 17:40  winrate=0.320  n_markets_traded=46.000  herfindahl_index_markets=0.232
12:00:52 [super] * #222   0xeb0fbf475cf0b6b89a518d8fcb5de3dd558c3622  prob=0.2302 (raw=0.5143)  vol=$2,916  trades=17  first_trade=2026-02-08 22:13  winrate=0.625  n_markets_traded=8.000  herfindahl_index_markets=0.194
12:00:52 [super] * #223   0x3055a1d533bc25c265469ce34164b0febd10cfdd  prob=0.2297 (raw=0.5137)  vol=$160  trades=12  first_trade=2026-01-18 18:21  winrate=0.000  n_markets_traded=3.000  herfindahl_index_markets=0.435
12:00:52 [super] * #224   0x565835e83738585a5361fe80f27676e7978a893a  prob=0.2294 (raw=0.5133)  vol=$111  trades=5  first_trade=2026-02-08 22:23  winrate=0.000  n_markets_traded=1.000  herfindahl_index_markets=1.000
12:00:52 [super] * #225   0xb9470ad9b6d9e01628faddd4641baa5e0be3cd27  prob=0.2292 (raw=0.5130)  vol=$20  trades=4  first_trade=2026-02-09 02:09  winrate=0.500  n_markets_traded=6.000  herfindahl_index_markets=0.231
12:00:52 [super] * #226   0x5e5064b78a709e4e20608e46c6d61b212a0d83e9  prob=0.2279 (raw=0.5113)  vol=$24  trades=10  first_trade=2026-02-08 20:11  winrate=0.273  n_markets_traded=11.000  herfindahl_index_markets=0.165
12:00:52 [super] * #227   0x858926ef3c4a40ff426b3cdb19235f0f863f0d2b  prob=0.2268 (raw=0.5098)  vol=$69  trades=8  first_trade=2026-02-02 00:47  winrate=0.000  n_markets_traded=1.000  herfindahl_index_markets=1.000
12:00:52 [super] * #228   0x4550de6fd1b04b16d7baaebe025bbb3553849392  prob=0.2236 (raw=0.5056)  vol=$150  trades=3  first_trade=2026-02-09 01:22  winrate=0.273  n_markets_traded=11.000  herfindahl_index_markets=0.287
12:00:52 [super] * #229   0x5f19c18bfea98531ea748e4a025c179a6a66fae7  prob=0.2233 (raw=0.5051)  vol=$2,891  trades=14  first_trade=2026-02-08 09:51  winrate=0.182  n_markets_traded=11.000  herfindahl_index_markets=0.365
12:00:52 [super] * #230   0xcbb40c36b058414ade61c0c5f7fc225cf5a636c3  prob=0.2229 (raw=0.5046)  vol=$60  trades=2  first_trade=2026-02-08 15:21  winrate=0.206  n_markets_traded=65.000  herfindahl_index_markets=0.181
12:00:52 [super] * #231   0x79da1eadcca3ded669a834068dd5a309c11446a4  prob=0.2225 (raw=0.5041)  vol=$8  trades=3  first_trade=2026-02-08 16:20  winrate=0.158  n_markets_traded=19.000  herfindahl_index_markets=0.539
12:00:52 [super] * #232   0x0ce47de99c786ee26505fd341b012b829e3f3ba8  prob=0.2216 (raw=0.5029)  vol=$481  trades=8  first_trade=2026-02-08 20:48  winrate=0.000  n_markets_traded=1.000  herfindahl_index_markets=1.000
12:00:52 [super] * #233   0x791192bd88d854397664d3cdfbcc7cea2d53c5b6  prob=0.2185 (raw=0.4986)  vol=$263  trades=6  first_trade=2026-02-08 22:49  winrate=0.000  n_markets_traded=2.000  herfindahl_index_markets=0.709
12:00:52 [super] * #234   0x07ca854da24fcd4bff3e93914e9b9e224948a46b  prob=0.2163 (raw=0.4956)  vol=$20  trades=4  first_trade=2026-02-08 22:58  winrate=0.000  n_markets_traded=1.000  herfindahl_index_markets=1.000
12:00:52 [super] * #235   0xf512696fd336ea7f7be25275ff0e84a9b605838e  prob=0.2149 (raw=0.4937)  vol=$18  trades=6  first_trade=2026-02-07 08:55  winrate=0.154  n_markets_traded=13.000  herfindahl_index_markets=0.236
12:00:52 [super] * #236   0x9faf2ba54167684a96f8f17b74f3c1b4e1f3778c  prob=0.2147 (raw=0.4934)  vol=$6,696  trades=24  first_trade=2026-02-08 22:18  winrate=0.567  n_markets_traded=30.000  herfindahl_index_markets=0.082
12:00:52 [super] * #237   0xb1c9be760313aa0d496c44f00b84025499f887ed  prob=0.2131 (raw=0.4912)  vol=$70  trades=4  first_trade=2025-11-20 06:43  winrate=0.000  n_markets_traded=1.000  herfindahl_index_markets=1.000
12:00:52 [super] * #238   0x9be1a590ce959db951394ec4ee8b7e6eccfaa190  prob=0.2129 (raw=0.4909)  vol=$166  trades=6  first_trade=2026-02-08 04:49  winrate=0.000  n_markets_traded=3.000  herfindahl_index_markets=0.630
12:00:52 [super] * #239   0xa0b07e60164b6d06a350fa9f5da13454af7e9c44  prob=0.2118 (raw=0.4894)  vol=$50  trades=8  first_trade=2026-02-08 04:40  winrate=0.000  n_markets_traded=1.000  herfindahl_index_markets=1.000
12:00:52 [super] * #240   0x78b0ff58d8c725f553e3220452994f1259431587  prob=0.2109 (raw=0.4881)  vol=$49  trades=4  first_trade=2026-02-08 18:59  winrate=0.000  n_markets_traded=2.000  herfindahl_index_markets=0.556
12:00:52 [super] * #241   0x913dac530259addb1b4bcc067163a599cbd83110  prob=0.2101 (raw=0.4869)  vol=$60  trades=4  first_trade=2026-02-08 21:59  winrate=0.444  n_markets_traded=9.000  herfindahl_index_markets=0.405
12:00:52 [super] * #242   0xcc98c2b5ca39a1a1d344e625ffd8fbbb8e1cacab  prob=0.2095 (raw=0.4861)  vol=$49,902  trades=3  first_trade=2026-02-09 04:52  winrate=0.000  n_markets_traded=2.000  herfindahl_index_markets=0.891
12:00:52 [super] * #243   0x85bec773f3f35fe6ca70f8d43450ddcb26438a1f  prob=0.2091 (raw=0.4855)  vol=$53  trades=6  first_trade=2026-02-09 00:35  winrate=0.000  n_markets_traded=1.000  herfindahl_index_markets=1.000
12:00:52 [super] * #244   0xef37d8e6d76a8e33cff2de452b5bd5769ed61698  prob=0.2086 (raw=0.4849)  vol=$18  trades=2  first_trade=2026-02-03 09:49  winrate=NaN  n_markets_traded=0.000  herfindahl_index_markets=0.000
12:00:52 [super] * #245   0x0217ab8c2a400a9c9a8ca5de34f63e0fac131193  prob=0.2083 (raw=0.4844)  vol=$1,979  trades=74  first_trade=2026-02-07 20:32  winrate=0.200  n_markets_traded=5.000  herfindahl_index_markets=0.286
12:00:52 [super] * #246   0xb55d3d60cc91a0e583edf1d8fbd8102b83021625  prob=0.2081 (raw=0.4841)  vol=$14  trades=2  first_trade=2026-02-06 15:37  winrate=0.333  n_markets_traded=6.000  herfindahl_index_markets=0.199
12:00:52 [super] * #247   0x21586865528a0a4df38b002d9be3fe50ec25eb47  prob=0.2076 (raw=0.4834)  vol=$22  trades=4  first_trade=2026-02-09 00:39  winrate=0.000  n_markets_traded=1.000  herfindahl_index_markets=1.000
12:00:52 [super] * #248   0x1dd05f721a52237b233249216015f4b72dfe3550  prob=0.2069 (raw=0.4824)  vol=$93  trades=14  first_trade=2026-02-09 02:03  winrate=0.385  n_markets_traded=13.000  herfindahl_index_markets=0.221
12:00:52 [super] * #249   0xf0b1426e809701868bf3b5961bde42d453181ab5  prob=0.2068 (raw=0.4823)  vol=$4  trades=2  first_trade=2026-02-06 00:48  winrate=0.289  n_markets_traded=45.000  herfindahl_index_markets=0.024
12:00:52 [super] * #250   0xd4336b109077097a7192ff7349fc136a3e2d4aba  prob=0.2057 (raw=0.4807)  vol=$5  trades=4  first_trade=2026-02-08 23:31  winrate=0.333  n_markets_traded=9.000  herfindahl_index_markets=0.206
12:00:52 [super] * #251   0xba9cd88830d316eb649edff06b236fd86d8799aa  prob=0.2040 (raw=0.4783)  vol=$2  trades=2  first_trade=2026-02-08 22:33  winrate=0.000  n_markets_traded=18.000  herfindahl_index_markets=0.094
12:00:52 [super] * #252   0x08e318fb02d741b1f3b6ca4e560fe850a7ff9c70  prob=0.2039 (raw=0.4780)  vol=$4  trades=2  first_trade=2026-02-07 21:30  winrate=0.523  n_markets_traded=86.000  herfindahl_index_markets=0.046
12:00:52 [super] * #253   0xeacefa9eb30578380da64aa4e94661cc558688fd  prob=0.2036 (raw=0.4777)  vol=$15  trades=4  first_trade=2026-02-09 00:25  winrate=0.000  n_markets_traded=7.000  herfindahl_index_markets=0.198
12:00:52 [super] * #254   0x426d17367a26207af08e82c51eea409536b04449  prob=0.2036 (raw=0.4777)  vol=$13  trades=4  first_trade=2026-02-08 21:42  winrate=0.000  n_markets_traded=4.000  herfindahl_index_markets=0.502
12:00:52 [super] * #255   0x2ce7839bcf0223d1305f4dd22b9d44912a41fb6c  prob=0.2032 (raw=0.4771)  vol=$20  trades=3  first_trade=2026-01-13 15:24  winrate=0.000  n_markets_traded=9.000  herfindahl_index_markets=0.111
12:00:52 [super] * #256   0x5a26a49f8c279127945b3cd8f79dc6d90b066efb  prob=0.2008 (raw=0.4737)  vol=$6,092  trades=13  first_trade=2026-02-08 21:41  winrate=0.000  n_markets_traded=1.000  herfindahl_index_markets=1.000
12:00:52 [super] * #257   0xfa0cc2bd2cfca729b89bf6def7769cafec6f7652  prob=0.1999 (raw=0.4724)  vol=$10  trades=4  first_trade=2026-02-09 01:04  winrate=0.067  n_markets_traded=15.000  herfindahl_index_markets=0.196
12:00:52 [super] * #258   0x85fe8bb1f52e4431d4c2c2ae7057ef9c3c397446  prob=0.1993 (raw=0.4714)  vol=$51  trades=24  first_trade=2026-02-08 17:35  winrate=0.505  n_markets_traded=83.000  herfindahl_index_markets=0.224
12:00:52 [super] * #259   0x3087e533b7d8e69389c7ed120f1dbf97b20adff2  prob=0.1991 (raw=0.4711)  vol=$14  trades=4  first_trade=2026-02-08 17:27  winrate=0.000  n_markets_traded=4.000  herfindahl_index_markets=0.830
12:00:52 [super] * #260   0x292993b48151c57a796b1e2d043db97e4884105f  prob=0.1990 (raw=0.4711)  vol=$14  trades=5  first_trade=2026-02-08 11:28  winrate=0.000  n_markets_traded=13.000  herfindahl_index_markets=0.171
12:00:52 [super] * #261   0xb9cf82bb58af853d017138bf9e39cb027b153014  prob=0.1957 (raw=0.4661)  vol=$45  trades=4  first_trade=2026-02-08 20:55  winrate=0.120  n_markets_traded=25.000  herfindahl_index_markets=0.174
12:00:52 [super] * #262   0x9d7bae7beb53e1c64b2635eceb699bfcb7c8ecbe  prob=0.1950 (raw=0.4651)  vol=$1,220  trades=23  first_trade=2026-02-08 23:45  winrate=0.000  n_markets_traded=1.000  herfindahl_index_markets=1.000
12:00:52 [super] * #263   0xc0677ece68bcb67873195c7553be8ba4ea47c575  prob=0.1924 (raw=0.4612)  vol=$1,455  trades=8  first_trade=2026-02-08 21:16  winrate=0.267  n_markets_traded=15.000  herfindahl_index_markets=0.159
12:00:52 [super] * #264   0x6d653a4d199991b3d716e62c91342b5339dbb1f1  prob=0.1918 (raw=0.4603)  vol=$4  trades=4  first_trade=2026-02-09 00:11  winrate=0.000  n_markets_traded=8.000  herfindahl_index_markets=0.260
12:00:52 [super] * #265   0xebc59318b0a070c06fa171bd1d2f485b16364fe7  prob=0.1913 (raw=0.4595)  vol=$32,947  trades=77  first_trade=2026-02-08 16:57  winrate=0.538  n_markets_traded=13.000  herfindahl_index_markets=0.261
12:00:52 [super] * #266   0xb8932ed390bf1a487cf464faccbfbbcab50f8b91  prob=0.1908 (raw=0.4587)  vol=$19  trades=4  first_trade=2026-02-08 23:41  winrate=0.000  n_markets_traded=4.000  herfindahl_index_markets=0.309
12:00:52 [super] * #267   0x4e757b65385f3ef148ab3c55b102dc225cea0f8d  prob=0.1907 (raw=0.4586)  vol=$72  trades=3  first_trade=2026-02-09 04:06  winrate=0.667  n_markets_traded=3.000  herfindahl_index_markets=0.543
12:00:52 [super] * #268   0xf9af74c89dc25cd9275a03a0858d137a156a3dbc  prob=0.1906 (raw=0.4585)  vol=$1  trades=1  first_trade=2026-01-10 12:17  winrate=0.091  n_markets_traded=11.000  herfindahl_index_markets=0.316
12:00:52 [super] * #269   0x0c3d7dc109d061e9077708d4356e67582716b122  prob=0.1903 (raw=0.4580)  vol=$3  trades=1  first_trade=2026-02-02 09:53  winrate=NaN  n_markets_traded=0.000  herfindahl_index_markets=0.000
12:00:52 [super] * #270   0x960eb3442f920f6447c35ab56e4339b25b9a77d6  prob=0.1898 (raw=0.4572)  vol=$2,198  trades=12  first_trade=2026-02-09 01:22  winrate=0.478  n_markets_traded=23.000  herfindahl_index_markets=0.071
12:00:52 [super] * #271   0x0fa95081f5ec5399142ddd8a0d69e006fb6ec8e9  prob=0.1892 (raw=0.4563)  vol=$7  trades=4  first_trade=2026-02-08 21:52  winrate=0.000  n_markets_traded=14.000  herfindahl_index_markets=0.107
12:00:52 [super] * #272   0x9b2d0e689f948617ab46e673390cebca8c5f4fa5  prob=0.1887 (raw=0.4556)  vol=$14  trades=2  first_trade=2026-02-08 20:28  winrate=0.259  n_markets_traded=27.000  herfindahl_index_markets=0.093
12:00:52 [super] * #273   0x07d84a4f0e8d1fcb1edb5d7f66e35665a7067a55  prob=0.1887 (raw=0.4556)  vol=$372  trades=6  first_trade=2026-02-08 23:54  winrate=0.091  n_markets_traded=11.000  herfindahl_index_markets=0.139
12:00:52 [super] * #274   0x827df3770a42707f1d127bd5e1b4b87f346fdf4e  prob=0.1879 (raw=0.4543)  vol=$10,978  trades=6  first_trade=2026-02-09 13:20  winrate=0.667  n_markets_traded=6.000  herfindahl_index_markets=0.285
12:00:52 [super] * #275   0xd6b2f3bf9f8e7c1357f8ec511cbc32124a26229c  prob=0.1879 (raw=0.4543)  vol=$6  trades=4  first_trade=2026-02-08 23:09  winrate=0.000  n_markets_traded=8.000  herfindahl_index_markets=0.125
12:00:52 [super] * #276   0x8c74273dc1830679afae090d1a53abc308851b55  prob=0.1831 (raw=0.4470)  vol=$109,711  trades=43  first_trade=2026-02-09 01:53  winrate=0.900  n_markets_traded=10.000  herfindahl_index_markets=0.109
12:00:52 [super] * #277   0x359a168be98faa1068328412ec026e9e951601f0  prob=0.1810 (raw=0.4436)  vol=$293  trades=5  first_trade=2026-02-09 02:27  winrate=0.500  n_markets_traded=2.000  herfindahl_index_markets=0.532
12:00:52 [super] * #278   0x6db6ac7fdd8c7e887fdb81ceee15aafea3543297  prob=0.1791 (raw=0.4407)  vol=$13  trades=4  first_trade=2026-02-08 22:14  winrate=0.000  n_markets_traded=24.000  herfindahl_index_markets=0.072
12:00:52 [super] * #279   0xa11428efff87f09770e4f7540b1772fdc96f9478  prob=0.1781 (raw=0.4390)  vol=$106  trades=17  first_trade=2026-01-10 11:13  winrate=0.200  n_markets_traded=10.000  herfindahl_index_markets=0.314
12:00:52 [super] * #280   0xd165e81bec5e8551ea69ccbbf3cef6451bf5b34c  prob=0.1778 (raw=0.4385)  vol=$6,183  trades=11  first_trade=2026-02-09 00:56  winrate=0.000  n_markets_traded=4.000  herfindahl_index_markets=0.353
12:00:52 [super] * #281   0x3d4c74f16ec58b355f23b9598b2ea373fbb4a8b7  prob=0.1773 (raw=0.4377)  vol=$168  trades=10  first_trade=2026-02-08 16:59  winrate=0.000  n_markets_traded=2.000  herfindahl_index_markets=0.509
12:00:52 [super] * #282   0xffda6d6fbdbfd5fe0543dc5399d5056a433c207f  prob=0.1769 (raw=0.4371)  vol=$7  trades=2  first_trade=2026-01-19 18:38  winrate=0.250  n_markets_traded=4.000  herfindahl_index_markets=0.336
12:00:52 [super] * #283   0x103ec58667548645ecc9edb123abc9ff66c96ac6  prob=0.1764 (raw=0.4362)  vol=$2  trades=2  first_trade=2026-02-08 14:15  winrate=0.200  n_markets_traded=30.000  herfindahl_index_markets=0.110
12:00:52 [super] * #284   0xebd5202c97a454c46b8d55726d4429b853edfab5  prob=0.1762 (raw=0.4359)  vol=$26  trades=4  first_trade=2026-02-09 01:00  winrate=0.278  n_markets_traded=18.000  herfindahl_index_markets=0.074
12:00:52 [super] * #285   0x8158ff6200ebe2506c880e40f4737bd985df0fe3  prob=0.1742 (raw=0.4327)  vol=$34  trades=2  first_trade=2026-02-08 23:47  winrate=0.217  n_markets_traded=23.000  herfindahl_index_markets=0.188
12:00:52 [super] * #286   0x68dd3e808f70e448d9ad4c1c4b7087c3386dd53e  prob=0.1706 (raw=0.4269)  vol=$9  trades=3  first_trade=2026-01-10 11:07  winrate=0.167  n_markets_traded=12.000  herfindahl_index_markets=0.244
12:00:52 [super] * #287   0xf3efbf17e94138658d7f8b4ef2a1673a3db40042  prob=0.1702 (raw=0.4262)  vol=$19  trades=4  first_trade=2026-01-10 12:03  winrate=0.000  n_markets_traded=9.000  herfindahl_index_markets=0.337
12:00:52 [super] * #288   0x8bc82fb9c60031e3afced8210a5fe77f55af4642  prob=0.1699 (raw=0.4257)  vol=$17  trades=5  first_trade=2026-02-08 21:15  winrate=0.000  n_markets_traded=13.000  herfindahl_index_markets=0.106
12:00:52 [super] * #289   0x5a31b2cc002384c77743746305322d8cd1e3dfb4  prob=0.1685 (raw=0.4234)  vol=$6  trades=4  first_trade=2026-02-08 23:14  winrate=0.000  n_markets_traded=8.000  herfindahl_index_markets=0.125
12:00:52 [super] * #290   0x9848520606536331184f996973063b92668f7cc4  prob=0.1685 (raw=0.4233)  vol=$1,110  trades=9  first_trade=2026-02-08 22:01  winrate=0.200  n_markets_traded=5.000  herfindahl_index_markets=0.329
12:00:52 [super] * #291   0x4f9e486baf1e2d27652039b44b9419c879de54f8  prob=0.1684 (raw=0.4232)  vol=$13  trades=4  first_trade=2026-02-08 22:52  winrate=0.000  n_markets_traded=5.000  herfindahl_index_markets=0.641
12:00:52 [super] * #292   0x0db6bb077734e9ed330588733709ab9e2736e1ba  prob=0.1662 (raw=0.4196)  vol=$244  trades=5  first_trade=2026-02-06 21:20  winrate=0.760  n_markets_traded=25.000  herfindahl_index_markets=0.094
12:00:52 [super] * #293   0x3138d116de60747f3ec7813bccf04c33b6cbbad5  prob=0.1661 (raw=0.4193)  vol=$39  trades=6  first_trade=2026-02-08 22:33  winrate=0.000  n_markets_traded=3.000  herfindahl_index_markets=0.338
12:00:52 [super] * #294   0x4ce6a4880c84c569b8d2be55a6c5dbd4627926d5  prob=0.1645 (raw=0.4165)  vol=$30  trades=4  first_trade=2026-02-08 21:57  winrate=0.286  n_markets_traded=7.000  herfindahl_index_markets=0.338
12:00:52 [super] * #295   0xc81fc62afaa1913196ec9f7731ebdc80cf9716f1  prob=0.1643 (raw=0.4162)  vol=$159  trades=12  first_trade=2026-02-09 01:33  winrate=0.605  n_markets_traded=29.000  herfindahl_index_markets=0.257
12:00:52 [super] * #296   0xcd13eedd55629bdd9fdc8fc2c2c002f3df846abb  prob=0.1632 (raw=0.4143)  vol=$2  trades=2  first_trade=2026-02-09 01:44  winrate=0.091  n_markets_traded=11.000  herfindahl_index_markets=0.101
12:00:52 [super] * #297   0x5d26824ebca2a2fe429e0853e1fe19fef162e786  prob=0.1624 (raw=0.4131)  vol=$52  trades=4  first_trade=2025-12-24 17:25  winrate=0.000  n_markets_traded=1.000  herfindahl_index_markets=1.000
12:00:52 [super] * #298   0xedb688316258d23aeb9c2d639b4cc88fab34e62f  prob=0.1623 (raw=0.4129)  vol=$40  trades=6  first_trade=2026-02-07 22:07  winrate=0.000  n_markets_traded=1.000  herfindahl_index_markets=1.000
12:00:52 [super] * #299   0x3f009247161e063981536d6f728ea48a51f54137  prob=0.1615 (raw=0.4114)  vol=$12  trades=4  first_trade=2026-02-09 01:44  winrate=0.182  n_markets_traded=11.000  herfindahl_index_markets=0.251
12:00:52 [super] * #300   0xdbdac9cff7dc46a479351c53554ab55782d11971  prob=0.1607 (raw=0.4101)  vol=$22  trades=7  first_trade=2026-02-07 22:43  winrate=0.091  n_markets_traded=11.000  herfindahl_index_markets=0.163
12:00:52 [super] * #301   0xf5cfe6f998d597085e366f915b140e82e0869fc6  prob=0.1585 (raw=0.4063)  vol=$90  trades=13  first_trade=2026-02-09 00:03  winrate=0.034  n_markets_traded=29.000  herfindahl_index_markets=0.480
12:00:52 [super] * #302   0xa70d3b6bd7036a7169e30a2c13062c70febf6c5e  prob=0.1572 (raw=0.4039)  vol=$43  trades=3  first_trade=2026-02-09 01:47  winrate=0.405  n_markets_traded=37.000  herfindahl_index_markets=0.034
12:00:52 [super] * #303   0x7248a1c4eeccf34d91e7f93a08dd7632e05a430a  prob=0.1570 (raw=0.4035)  vol=$24  trades=10  first_trade=2026-02-05 14:45  winrate=NaN  n_markets_traded=0.000  herfindahl_index_markets=0.000
12:00:52 [super] * #304   0x7b27f9e049f42e2372d56ffaf9a9b7fa0029e9fa  prob=0.1564 (raw=0.4025)  vol=$61  trades=4  first_trade=2026-02-09 01:27  winrate=0.100  n_markets_traded=10.000  herfindahl_index_markets=0.149
12:00:52 [super] * #305   0x5f351c5ce0c82d05d6e581e76b6f8d1773705016  prob=0.1557 (raw=0.4013)  vol=$200  trades=2  first_trade=2026-02-09 04:25  winrate=0.364  n_markets_traded=11.000  herfindahl_index_markets=0.496
12:00:52 [super] * #306   0x640a64e22c8541007dac4fab9ca323cacf561ec3  prob=0.1554 (raw=0.4008)  vol=$28  trades=1  first_trade=2026-02-09 02:34  winrate=0.333  n_markets_traded=21.000  herfindahl_index_markets=0.513
12:00:52 [super] * #307   0x2d716f8a5b0afd9e1903b65dfde774a2fe4069d0  prob=0.1552 (raw=0.4005)  vol=$67  trades=10  first_trade=2026-02-08 05:10  winrate=0.000  n_markets_traded=1.000  herfindahl_index_markets=1.000
12:00:52 [super] * #308   0x9a30ad13c1e9f392d3627777f2624c6aa1cb8363  prob=0.1550 (raw=0.4001)  vol=$69  trades=8  first_trade=2026-02-09 00:49  winrate=0.000  n_markets_traded=3.000  herfindahl_index_markets=0.399
12:00:52 [super] * #309   0xbaab7c3a1d294e4f2c275a328ab5396c4b3be9de  prob=0.1546 (raw=0.3994)  vol=$4,636  trades=5  first_trade=2026-02-09 16:15  winrate=0.333  n_markets_traded=6.000  herfindahl_index_markets=0.303
12:00:52 [super] * #310   0xa1ce72bca1070b74600c71161f5731028adc6641  prob=0.1545 (raw=0.3992)  vol=$345  trades=6  first_trade=2026-02-08 17:05  winrate=0.000  n_markets_traded=2.000  herfindahl_index_markets=0.557
12:00:52 [super] * #311   0x3464d4417f7f1cd0de737cac4cd8fa45ba84470b  prob=0.1537 (raw=0.3978)  vol=$5  trades=4  first_trade=2026-01-21 07:46  winrate=0.000  n_markets_traded=4.000  herfindahl_index_markets=0.250
12:00:52 [super] * #312   0x674bd60fd7b781fdfd707bb3d559402f5ec2762c  prob=0.1530 (raw=0.3965)  vol=$13,982  trades=24  first_trade=2026-02-09 01:47  winrate=0.414  n_markets_traded=29.000  herfindahl_index_markets=0.126
12:00:52 [super] * #313   0x1cc3d632e2534648b6b26677b232ce6dac9e75f6  prob=0.1530 (raw=0.3965)  vol=$32  trades=4  first_trade=2026-02-06 14:05  winrate=0.000  n_markets_traded=11.000  herfindahl_index_markets=0.098
12:00:52 [super] * #314   0x47dea8cc7920d6b7a8011fdbe6b7d2cbacb761f9  prob=0.1523 (raw=0.3953)  vol=$2,653  trades=184  first_trade=2026-02-07 09:00  winrate=0.000  n_markets_traded=9.000  herfindahl_index_markets=0.578
12:00:52 [super] * #315   0x01e847faf0ac7a49fc05a70c8a09636070a2bbf5  prob=0.1521 (raw=0.3948)  vol=$111  trades=7  first_trade=2026-02-08 21:16  winrate=0.200  n_markets_traded=5.000  herfindahl_index_markets=0.406
12:00:52 [super] * #316   0x2e2d5fbd6a786017acab20ca89ee81a27fc7dd6e  prob=0.1520 (raw=0.3946)  vol=$29  trades=6  first_trade=2026-02-03 10:15  winrate=0.000  n_markets_traded=7.000  herfindahl_index_markets=0.268
12:00:52 [super] * #317   0x98a02670badc583166514e71df2f39251709b4c2  prob=0.1500 (raw=0.3911)  vol=$9  trades=3  first_trade=2026-01-10 14:44  winrate=0.385  n_markets_traded=13.000  herfindahl_index_markets=0.190
12:00:52 [super] * #318   0xf63e5099ff8f1ac8aaa5caa0621c5de242c1d3af  prob=0.1498 (raw=0.3907)  vol=$32  trades=4  first_trade=2026-02-09 01:29  winrate=0.250  n_markets_traded=4.000  herfindahl_index_markets=0.280
12:00:52 [super] * #319   0x1e7ff0dd354df40c61010065e8bebcc3ba6790c1  prob=0.1490 (raw=0.3892)  vol=$949  trades=7  first_trade=2026-02-09 01:39  winrate=0.500  n_markets_traded=2.000  herfindahl_index_markets=0.504
12:00:52 [super] * #320   0xef6cd9a59406e81bc2bd5893e02edf7e58cc7de7  prob=0.1486 (raw=0.3885)  vol=$73  trades=3  first_trade=2026-02-09 02:11  winrate=0.000  n_markets_traded=4.000  herfindahl_index_markets=0.265
12:00:52 [super] * #321   0x5a38bad15be54ad15767e75b50209e3e09a33d33  prob=0.1468 (raw=0.3851)  vol=$76  trades=4  first_trade=2026-02-08 00:35  winrate=0.000  n_markets_traded=9.000  herfindahl_index_markets=0.165
12:00:52 [super] * #322   0x0bd467429a836dcbe21317f1ad35b1fefa848270  prob=0.1460 (raw=0.3836)  vol=$11  trades=6  first_trade=2026-02-02 16:43  winrate=0.000  n_markets_traded=10.000  herfindahl_index_markets=0.123
12:00:52 [super] * #323   0xb665b3b012728be525345a3d0560a84a199a986a  prob=0.1460 (raw=0.3836)  vol=$8  trades=3  first_trade=2026-02-04 01:33  winrate=0.150  n_markets_traded=40.000  herfindahl_index_markets=0.039
12:00:52 [super] * #324   0x9e6f2fd5cfedf2e3123e8e11ee97e31389755e4f  prob=0.1459 (raw=0.3834)  vol=$62  trades=3  first_trade=2026-01-19 04:06  winrate=0.400  n_markets_traded=10.000  herfindahl_index_markets=0.126
12:00:52 [super] * #325   0x4482ac40a6d4d7cbf37f247db0674dcad42d5d4b  prob=0.1458 (raw=0.3833)  vol=$126  trades=19  first_trade=2026-02-09 01:22  winrate=0.196  n_markets_traded=102.000  herfindahl_index_markets=0.049
12:00:52 [super] * #326   0xa66d0269e85bf585c9c4aa68b90ecb1bca150859  prob=0.1448 (raw=0.3813)  vol=$162  trades=30  first_trade=2026-01-29 23:00  winrate=NaN  n_markets_traded=0.000  herfindahl_index_markets=0.000
12:00:52 [super] * #327   0x655672ec39f5bdf554e9490c9c3931519fb326d6  prob=0.1443 (raw=0.3805)  vol=$2,273  trades=7  first_trade=2026-02-08 18:47  winrate=0.429  n_markets_traded=14.000  herfindahl_index_markets=0.110
12:00:52 [super] * #328   0x8d58f8122e47a3051fffded15c782730fda469cc  prob=0.1440 (raw=0.3798)  vol=$5  trades=2  first_trade=2026-01-10 14:52  winrate=0.308  n_markets_traded=13.000  herfindahl_index_markets=0.164
12:00:52 [super] * #329   0x99acfc821431552aebd208234b50ebeea1ef1397  prob=0.1439 (raw=0.3796)  vol=$124  trades=14  first_trade=2026-02-08 23:12  winrate=0.286  n_markets_traded=7.000  herfindahl_index_markets=0.212
12:00:52 [super] * #330   0xed4ea688c9cdad44019300cd6b75942b80f1ab6b  prob=0.1437 (raw=0.3793)  vol=$3  trades=4  first_trade=2026-02-09 00:24  winrate=0.167  n_markets_traded=6.000  herfindahl_index_markets=0.510
12:00:52 [super] * #331   0x3be5f6e1f9ce2ee57da33a8722f13a11c719cddd  prob=0.1419 (raw=0.3758)  vol=$12  trades=4  first_trade=2026-02-08 20:04  winrate=0.083  n_markets_traded=12.000  herfindahl_index_markets=0.142
12:00:52 [super] * #332   0x3ee00b5372f904be5296cda02f529eccbebb974a  prob=0.1400 (raw=0.3721)  vol=$8  trades=2  first_trade=2026-02-09 02:07  winrate=0.319  n_markets_traded=47.000  herfindahl_index_markets=0.045
12:00:52 [super] * #333   0x7560142c3b0bfef88af9c048ea98e186d801893e  prob=0.1395 (raw=0.3713)  vol=$723  trades=12  first_trade=2026-02-09 00:20  winrate=0.000  n_markets_traded=4.000  herfindahl_index_markets=0.500
12:00:52 [super] * #334   0xa1eb095b95632112b5482bb85b9cf9321773bf6b  prob=0.1392 (raw=0.3706)  vol=$6  trades=3  first_trade=2026-01-10 21:59  winrate=0.417  n_markets_traded=12.000  herfindahl_index_markets=0.193
12:00:52 [super] * #335   0x4438672e0e7230ca28583fd975abee4843ffbeb2  prob=0.1391 (raw=0.3704)  vol=$66  trades=5  first_trade=2026-02-08 23:50  winrate=0.000  n_markets_traded=1.000  herfindahl_index_markets=1.000
12:00:52 [super] * #336   0x9ff7d7ca32fd546a9bf3335b42f9d4d899b8c712  prob=0.1378 (raw=0.3678)  vol=$10  trades=4  first_trade=2026-02-08 21:39  winrate=0.067  n_markets_traded=15.000  herfindahl_index_markets=0.084
12:00:52 [super] * #337   0x8e9f3342d587141ed5e8568e623bc9b9e1077eb2  prob=0.1377 (raw=0.3676)  vol=$32  trades=6  first_trade=2026-01-10 10:42  winrate=0.200  n_markets_traded=10.000  herfindahl_index_markets=0.245
12:00:52 [super] * #338   0xdb0c0d9b8998e37ea8cf06ced12c4d8ce7deb9d9  prob=0.1376 (raw=0.3675)  vol=$28  trades=8  first_trade=2026-01-14 11:44  winrate=0.000  n_markets_traded=5.000  herfindahl_index_markets=0.301
12:00:52 [super] * #339   0xd81790fdfc8a79fad32d54baa6bcbda2dc268ed2  prob=0.1373 (raw=0.3669)  vol=$55  trades=4  first_trade=2026-02-09 01:13  winrate=0.000  n_markets_traded=5.000  herfindahl_index_markets=0.469
12:00:52 [super] * #340   0x3eca058b15a932c9ebae4b38f6a9b3d9587f6458  prob=0.1364 (raw=0.3651)  vol=$32  trades=2  first_trade=2026-02-08 10:57  winrate=0.222  n_markets_traded=27.000  herfindahl_index_markets=0.297
12:00:52 [super] * #341   0xff36c717909a7bad60e74eed3418009ff481e757  prob=0.1362 (raw=0.3647)  vol=$1,362  trades=7  first_trade=2026-02-08 20:44  winrate=0.615  n_markets_traded=109.000  herfindahl_index_markets=0.030
12:00:52 [super] * #342   0xe8216cacd015f916d1c74e93f3162b41c7592550  prob=0.1360 (raw=0.3643)  vol=$7  trades=2  first_trade=2026-02-09 01:08  winrate=0.000  n_markets_traded=1.000  herfindahl_index_markets=1.000
12:00:52 [super] * #343   0xfed71ffe9e9d96cf0fd344af74d5c0e9ac115b54  prob=0.1359 (raw=0.3640)  vol=$21  trades=4  first_trade=2026-02-09 01:09  winrate=0.000  n_markets_traded=14.000  herfindahl_index_markets=0.080
12:00:52 [super] * #344   0xaecc26ac9875f84bfe6db3633ff5a3eabb2f1cb1  prob=0.1353 (raw=0.3628)  vol=$297  trades=3  first_trade=2026-02-09 01:42  winrate=0.500  n_markets_traded=2.000  herfindahl_index_markets=0.565
12:00:52 [super] * #345   0x3153be4420ec3cc896af83078274fc330feb2a9a  prob=0.1350 (raw=0.3622)  vol=$16  trades=2  first_trade=2026-02-05 02:51  winrate=0.419  n_markets_traded=31.000  herfindahl_index_markets=0.290
12:00:52 [super] * #346   0x7e9d0a5124317edb081ccf7d18d53d8be1e4bf8f  prob=0.1350 (raw=0.3622)  vol=$16  trades=2  first_trade=2026-02-05 02:52  winrate=0.448  n_markets_traded=29.000  herfindahl_index_markets=0.300
12:00:52 [super] * #347   0x9ae539bfdea1aa755c9c57783f1c632c58ac910a  prob=0.1343 (raw=0.3610)  vol=$1,020  trades=3  first_trade=2026-02-09 01:47  winrate=0.185  n_markets_traded=146.000  herfindahl_index_markets=0.045
12:00:52 [super] * #348   0xe407fc878f0025aada872461e858d8ecd37334d3  prob=0.1339 (raw=0.3600)  vol=$75  trades=3  first_trade=2026-02-08 23:24  winrate=0.000  n_markets_traded=5.000  herfindahl_index_markets=0.240
12:00:52 [super] * #349   0xe4ba2d4b557443cb74bc589cdbd383720a297856  prob=0.1332 (raw=0.3586)  vol=$31  trades=14  first_trade=2026-02-05 15:36  winrate=0.109  n_markets_traded=64.000  herfindahl_index_markets=0.083
12:00:52 [super] * #350   0x997721496a279e4ff83d74b78fa8e46deab8e023  prob=0.1328 (raw=0.3578)  vol=$64  trades=4  first_trade=2026-02-09 01:22  winrate=0.217  n_markets_traded=83.000  herfindahl_index_markets=0.034
12:00:52 [super] * #351   0xe04afb98d76593be302f9760adfaa9afb346667f  prob=0.1325 (raw=0.3573)  vol=$85  trades=9  first_trade=2026-02-09 03:49  winrate=0.000  n_markets_traded=4.000  herfindahl_index_markets=0.393
12:00:52 [super] * #352   0x4c74da4a4e4828c1ac954819341c5769fa1778a4  prob=0.1314 (raw=0.3549)  vol=$83  trades=2  first_trade=2026-02-09 01:12  winrate=0.250  n_markets_traded=12.000  herfindahl_index_markets=0.769
12:00:52 [super] * #353   0x3c10225165f57879514200106f70ec4cae547a35  prob=0.1293 (raw=0.3507)  vol=$646  trades=3  first_trade=2026-02-08 22:48  winrate=0.234  n_markets_traded=64.000  herfindahl_index_markets=0.053
12:00:52 [super] * #354   0xb41a7a4b024ce893e9da39add1411e7ff77fc850  prob=0.1288 (raw=0.3497)  vol=$20  trades=6  first_trade=2026-02-07 09:38  winrate=0.053  n_markets_traded=19.000  herfindahl_index_markets=0.061
12:00:52 [super] * #355   0x1f5b0a8222a4eba1047adb7abef676fc5e59a891  prob=0.1288 (raw=0.3496)  vol=$80  trades=3  first_trade=2026-02-09 00:18  winrate=0.120  n_markets_traded=25.000  herfindahl_index_markets=0.241
12:00:52 [super] * #356   0x80f7e80c39c4dcddefb235382a5871eda60a10c0  prob=0.1286 (raw=0.3492)  vol=$14  trades=4  first_trade=2026-02-08 22:51  winrate=0.000  n_markets_traded=2.000  herfindahl_index_markets=0.667
12:00:52 [super] * #357   0xe4e4982afcfa6d07639a10518fc5f584e069157f  prob=0.1282 (raw=0.3483)  vol=$64  trades=4  first_trade=2026-02-09 00:59  winrate=0.513  n_markets_traded=78.000  herfindahl_index_markets=0.033
12:00:52 [super] * #358   0x243fa2da2c1f625e54bb4fef048841b48d6af2ef  prob=0.1279 (raw=0.3478)  vol=$29  trades=4  first_trade=2026-02-08 22:58  winrate=0.000  n_markets_traded=4.000  herfindahl_index_markets=0.797
12:00:52 [super] * #359   0xeedbc7bcc22f14e16f2cdf7ac01243bc806359e5  prob=0.1273 (raw=0.3466)  vol=$291  trades=10  first_trade=2026-02-09 00:40  winrate=0.667  n_markets_traded=7.000  herfindahl_index_markets=0.691
12:00:52 [super] * #360   0x637e03c64a7067ab115977f1556588e22f398a05  prob=0.1272 (raw=0.3462)  vol=$68  trades=15  first_trade=2026-02-03 06:36  winrate=0.000  n_markets_traded=4.000  herfindahl_index_markets=0.348
12:00:52 [super] * #361   0x6c8e3833eae179d4c7e97b8b21573710a3740259  prob=0.1269 (raw=0.3456)  vol=$155  trades=6  first_trade=2026-02-09 01:31  winrate=0.000  n_markets_traded=7.000  herfindahl_index_markets=0.164
12:00:52 [super] * #362   0x2d8f8289a29bdcfd4749c4b1f32051022da9f22d  prob=0.1267 (raw=0.3453)  vol=$1  trades=1  first_trade=2026-01-10 15:31  winrate=0.312  n_markets_traded=16.000  herfindahl_index_markets=0.206
12:00:52 [super] * #363   0x20ca16e026ea08ee938a0155bcabf7e1831004b5  prob=0.1263 (raw=0.3445)  vol=$43  trades=8  first_trade=2026-02-08 22:19  winrate=0.000  n_markets_traded=5.000  herfindahl_index_markets=0.210
12:00:52 [super] * #364   0x9df2ecfd6fb9f0c7300adf3bc50b860070d8d4a9  prob=0.1259 (raw=0.3435)  vol=$90  trades=2  first_trade=2026-01-31 22:43  winrate=0.235  n_markets_traded=51.000  herfindahl_index_markets=0.051
12:00:52 [super] * #365   0xbeb52ae1575327b1d02f4d606c964531d1fc619a  prob=0.1256 (raw=0.3430)  vol=$32  trades=6  first_trade=2026-01-10 12:32  winrate=0.438  n_markets_traded=16.000  herfindahl_index_markets=0.217
12:00:52 [super] * #366   0x23f3361fe37c9f80989b13fd0de9fc2ff918fa85  prob=0.1253 (raw=0.3422)  vol=$16  trades=4  first_trade=2026-02-09 00:59  winrate=0.000  n_markets_traded=12.000  herfindahl_index_markets=0.101
12:00:52 [super] * #367   0x0a2cd88b2bcc30f120d2f389f3ba3de77eafb76f  prob=0.1247 (raw=0.3410)  vol=$16  trades=4  first_trade=2026-02-04 16:18  winrate=0.200  n_markets_traded=5.000  herfindahl_index_markets=0.319
12:00:52 [super] * #368   0x96ba484ba16d1e75934087baefc52e8ee82b7bbe  prob=0.1243 (raw=0.3401)  vol=$73  trades=12  first_trade=2026-02-03 14:32  winrate=0.222  n_markets_traded=9.000  herfindahl_index_markets=0.284
12:00:52 [super] * #369   0x7aa0823603d92ec994ff029dc70b76aacdc937dd  prob=0.1242 (raw=0.3399)  vol=$15  trades=4  first_trade=2026-02-04 15:47  winrate=NaN  n_markets_traded=0.000  herfindahl_index_markets=0.000
12:00:52 [super] * #370   0x949d8e58b9f95ee2029d561466a362f83a05374c  prob=0.1241 (raw=0.3396)  vol=$22  trades=7  first_trade=2026-02-08 22:28  winrate=0.489  n_markets_traded=178.000  herfindahl_index_markets=0.009
12:00:52 [super] * #371   0xde393c9b6e7a2eb77b3660f395b7cbe1325ff3b5  prob=0.1240 (raw=0.3396)  vol=$166  trades=12  first_trade=2026-02-09 01:23  winrate=0.362  n_markets_traded=57.000  herfindahl_index_markets=0.136
12:00:52 [super] * #372   0x5739c38d9f041ac96b331b83b1fcd3f91d1910da  prob=0.1240 (raw=0.3395)  vol=$29,473  trades=25  first_trade=2026-02-09 12:08  winrate=0.500  n_markets_traded=2.000  herfindahl_index_markets=0.995
12:00:52 [super] * #373   0x370c671980712b4014fc6900766c0c6c66923eb1  prob=0.1235 (raw=0.3383)  vol=$166  trades=21  first_trade=2026-02-08 15:30  winrate=NaN  n_markets_traded=0.000  herfindahl_index_markets=0.000
12:00:52 [super] * #374   0x286df6e88bd0755d14c31660759e8fd3ac1d37c7  prob=0.1233 (raw=0.3379)  vol=$66  trades=2  first_trade=2026-02-09 01:58  winrate=0.571  n_markets_traded=7.000  herfindahl_index_markets=0.179
12:00:52 [super] * #375   0x3bad46e3d0a3d2ee700ecfea22912e9b0133e1ae  prob=0.1219 (raw=0.3349)  vol=$51  trades=6  first_trade=2026-02-09 00:24  winrate=0.000  n_markets_traded=5.000  herfindahl_index_markets=0.403
12:00:52 [super] * #376   0xd11f3cfedbf91af200a4d5f62d1de692e0730fe8  prob=0.1217 (raw=0.3345)  vol=$10  trades=5  first_trade=2026-02-07 13:55  winrate=0.166  n_markets_traded=169.000  herfindahl_index_markets=0.036
12:00:52 [super] * #377   0x95231bd549027cc077d0a3486064a67fbdf2a6b9  prob=0.1207 (raw=0.3322)  vol=$40  trades=4  first_trade=2026-02-08 08:02  winrate=0.174  n_markets_traded=23.000  herfindahl_index_markets=0.075
12:00:52 [super] * #378   0xfa1f000ea254077fb8eb35897294b15cf2575e20  prob=0.1203 (raw=0.3315)  vol=$1,220  trades=9  first_trade=2026-02-08 18:19  winrate=0.000  n_markets_traded=6.000  herfindahl_index_markets=0.412
12:00:52 [super] * #379   0xb6e36cc4f072dac67bcf660bf930ff9ede9b848f  prob=0.1191 (raw=0.3287)  vol=$56  trades=13  first_trade=2026-02-06 11:31  winrate=0.143  n_markets_traded=7.000  herfindahl_index_markets=0.339
12:00:52 [super] * #380   0xa8fd12cd9ef27bb5048339aa833d195926dfd532  prob=0.1187 (raw=0.3278)  vol=$4  trades=10  first_trade=2026-02-05 16:11  winrate=0.000  n_markets_traded=1.000  herfindahl_index_markets=1.000
12:00:52 [super] * #381   0x4ac1ae22eed37cef01b1374f7002628cdbcfce01  prob=0.1180 (raw=0.3263)  vol=$2,205  trades=14  first_trade=2026-02-08 16:27  winrate=0.125  n_markets_traded=8.000  herfindahl_index_markets=0.525
12:00:52 [super] * #382   0x80d8c1037addb01d0b7c64b81f3bb8e60ab438c7  prob=0.1179 (raw=0.3260)  vol=$23  trades=2  first_trade=2026-02-07 04:36  winrate=0.375  n_markets_traded=31.000  herfindahl_index_markets=0.309
12:00:52 [super] * #383   0xd1b47049bd84cd2ac94b46d801c9273f220be735  prob=0.1176 (raw=0.3254)  vol=$93  trades=28  first_trade=2026-02-09 02:42  winrate=0.000  n_markets_traded=1.000  herfindahl_index_markets=1.000
12:00:52 [super] * #384   0x7ebef9227563afc57a49eec33d29b02a1d4b5be5  prob=0.1176 (raw=0.3254)  vol=$14  trades=3  first_trade=2026-01-10 20:24  winrate=0.167  n_markets_traded=12.000  herfindahl_index_markets=0.166
12:00:52 [super] * #385   0x13d7a220d438cc293037c7a48db4eff88cb8f878  prob=0.1174 (raw=0.3249)  vol=$3,002  trades=15  first_trade=2026-02-09 08:51  winrate=0.000  n_markets_traded=1.000  herfindahl_index_markets=1.000
12:00:52 [super] * #386   0x3bcd84d6859fd8fe445b494fd4c246f15ce3a976  prob=0.1171 (raw=0.3243)  vol=$279  trades=4  first_trade=2026-02-09 16:18  winrate=0.000  n_markets_traded=1.000  herfindahl_index_markets=1.000
12:00:52 [super] * #387   0x22a9186b4d9237da95e43e00322ef01bd09bde6d  prob=0.1171 (raw=0.3242)  vol=$81  trades=6  first_trade=2026-02-07 07:07  winrate=0.405  n_markets_traded=42.000  herfindahl_index_markets=0.039
12:00:52 [super] * #388   0xd02da934e129d86eed4fb3a177ca57767183188a  prob=0.1170 (raw=0.3241)  vol=$38  trades=4  first_trade=2026-02-08 11:45  winrate=0.000  n_markets_traded=6.000  herfindahl_index_markets=0.180
12:00:52 [super] * #389   0x6b6c4ffc615238eb023e133279f6cccbdf91b8ea  prob=0.1169 (raw=0.3238)  vol=$166  trades=12  first_trade=2026-02-09 00:47  winrate=0.370  n_markets_traded=27.000  herfindahl_index_markets=0.091
12:00:52 [super] * #390   0x842451971e0a67073b9ff07919e62ba8c6e178a5  prob=0.1160 (raw=0.3218)  vol=$513  trades=10  first_trade=2026-02-09 08:59  winrate=0.000  n_markets_traded=1.000  herfindahl_index_markets=1.000
12:00:52 [super] * #391   0xbe41294afaa5f80309ba0b9220c125983570efa3  prob=0.1154 (raw=0.3203)  vol=$32  trades=10  first_trade=2026-02-09 00:41  winrate=0.250  n_markets_traded=8.000  herfindahl_index_markets=0.173
12:00:52 [super] * #392   0x1c266db0f8529b1f25b77123e9c0c918ac2f6e31  prob=0.1143 (raw=0.3179)  vol=$7,511  trades=521  first_trade=2026-01-25 14:14  winrate=NaN  n_markets_traded=0.000  herfindahl_index_markets=0.000
12:00:52 [super] * #393   0xa44249937cef98e2ba306107e09e18a9604cd722  prob=0.1143 (raw=0.3179)  vol=$20  trades=4  first_trade=2026-02-09 01:33  winrate=NaN  n_markets_traded=0.000  herfindahl_index_markets=0.000
12:00:52 [super] * #394   0xf41619c4e75c7567e8dde6119afbda4b4c16a8a3  prob=0.1139 (raw=0.3169)  vol=$9,529  trades=42  first_trade=2026-02-07 23:54  winrate=0.000  n_markets_traded=1.000  herfindahl_index_markets=1.000
12:00:52 [super] * #395   0xe049b8eaac20ce92eac26b098df1d6e578db77dc  prob=0.1136 (raw=0.3163)  vol=$252  trades=8  first_trade=2026-02-07 16:44  winrate=0.154  n_markets_traded=13.000  herfindahl_index_markets=0.112
12:00:52 [super] * #396   0x0b8d2f811ba1c5bc3f1157f5f77a492c4cf4c3a9  prob=0.1136 (raw=0.3162)  vol=$21,143  trades=86  first_trade=2026-02-08 08:51  winrate=0.000  n_markets_traded=4.000  herfindahl_index_markets=0.481
12:00:52 [super] * #397   0x67eb15335bdbd03f02ba0974f7d2874add111c6d  prob=0.1135 (raw=0.3159)  vol=$29  trades=4  first_trade=2026-02-05 23:05  winrate=0.000  n_markets_traded=7.000  herfindahl_index_markets=0.328
12:00:52 [super] * #398   0xd2c3952ea7bd5e8e943567aa844d4b1671576ec8  prob=0.1124 (raw=0.3133)  vol=$1,980  trades=8  first_trade=2026-02-08 15:50  winrate=0.167  n_markets_traded=12.000  herfindahl_index_markets=0.250
12:00:52 [super] * #399   0x2842d5201b2119d0ec14581fee3c3324bc0c9bab  prob=0.1122 (raw=0.3129)  vol=$33  trades=4  first_trade=2026-02-08 00:08  winrate=NaN  n_markets_traded=0.000  herfindahl_index_markets=0.000
12:00:52 [super] * #400   0x3a59532f8f571e460d3db3afac86839b930266bd  prob=0.1121 (raw=0.3127)  vol=$8  trades=4  first_trade=2026-02-08 22:24  winrate=0.000  n_markets_traded=10.000  herfindahl_index_markets=0.124
12:00:52 [super] * #401   0x08d4e6802482d7abb7d05fff200aa50ddc892293  prob=0.1120 (raw=0.3126)  vol=$10  trades=4  first_trade=2026-02-09 01:37  winrate=0.196  n_markets_traded=51.000  herfindahl_index_markets=0.098
12:00:52 [super] * #402   0x43556df4fd8a90860b1314323acb4fdde310c5d4  prob=0.1120 (raw=0.3125)  vol=$251  trades=16  first_trade=2026-02-08 23:20  winrate=NaN  n_markets_traded=0.000  herfindahl_index_markets=0.000
12:00:52 [super] * #403   0x1fe43749ecfd8c7c05e73ea0025b2e1e16669abb  prob=0.1116 (raw=0.3116)  vol=$219  trades=28  first_trade=2026-01-18 19:00  winrate=0.100  n_markets_traded=10.000  herfindahl_index_markets=0.351
12:00:52 [super] * #404   0xec05c999787c8d42d3c5c8646ce0e89522d6054c  prob=0.1116 (raw=0.3115)  vol=$12  trades=2  first_trade=2026-02-09 02:09  winrate=0.500  n_markets_traded=20.000  herfindahl_index_markets=0.188
12:00:52 [super] * #405   0xc6f8d56f58dac0cea6baee63aee9333ee38659b2  prob=0.1109 (raw=0.3099)  vol=$1,467  trades=20  first_trade=2026-02-08 21:43  winrate=0.000  n_markets_traded=2.000  herfindahl_index_markets=0.636
12:00:52 [super] * #406   0x9b6618bea83cb0ddb3126de9773fccb5ff54336a  prob=0.1108 (raw=0.3096)  vol=$660  trades=6  first_trade=2026-02-03 19:33  winrate=0.000  n_markets_traded=9.000  herfindahl_index_markets=0.189
12:00:52 [super] * #407   0x610b7e517ee3d11fe920f5c6ee1d704ca734227d  prob=0.1106 (raw=0.3093)  vol=$9  trades=4  first_trade=2026-02-08 23:06  winrate=0.000  n_markets_traded=9.000  herfindahl_index_markets=0.130
12:00:52 [super] * #408   0xdd46558a1ab73be2e6f7015b082b99ea6de68a23  prob=0.1106 (raw=0.3092)  vol=$301  trades=83  first_trade=2026-02-08 23:56  winrate=0.461  n_markets_traded=191.000  herfindahl_index_markets=0.012
12:00:52 [super] * #409   0x8844925cce7158e4a3fc27cb164414185f873b21  prob=0.1102 (raw=0.3083)  vol=$31  trades=3  first_trade=2026-02-08 23:01  winrate=0.429  n_markets_traded=7.000  herfindahl_index_markets=0.157
12:00:52 [super] * #410   0xb72be60739a40b061c27df399e391c58270381dd  prob=0.1102 (raw=0.3082)  vol=$13  trades=4  first_trade=2026-02-09 01:38  winrate=0.235  n_markets_traded=34.000  herfindahl_index_markets=0.111
12:00:52 [super] * #411   0xbdded7909f0c7810aecf89ed8a17009866d0e54a  prob=0.1097 (raw=0.3069)  vol=$24  trades=16  first_trade=2026-02-08 22:23  winrate=0.000  n_markets_traded=12.000  herfindahl_index_markets=0.106
12:00:52 [super] * #412   0xd11ac4161d3c60f00fc75ff9669700c4179cc635  prob=0.1088 (raw=0.3049)  vol=$594  trades=35  first_trade=2026-02-07 22:40  winrate=0.111  n_markets_traded=9.000  herfindahl_index_markets=0.398
12:00:52 [super] * #413   0x2a228c71560119f76c9f812cb413778bc7a39f35  prob=0.1086 (raw=0.3045)  vol=$133  trades=3  first_trade=2026-02-07 14:42  winrate=NaN  n_markets_traded=0.000  herfindahl_index_markets=0.000
12:00:52 [super] * #414   0x05d173d4b5d845c4595be7b2baea129a8f861f00  prob=0.1086 (raw=0.3043)  vol=$10  trades=2  first_trade=2026-02-09 04:16  winrate=0.000  n_markets_traded=3.000  herfindahl_index_markets=0.333
12:00:52 [super] * #415   0xa1a58ee8c8d59f74b4f97c6a449121a12737d228  prob=0.1083 (raw=0.3037)  vol=$150  trades=5  first_trade=2026-02-07 21:12  winrate=0.261  n_markets_traded=23.000  herfindahl_index_markets=0.074
12:00:52 [super] * #416   0x9ebe169f336b677916a48c2ea713758f167af6af  prob=0.1083 (raw=0.3036)  vol=$17  trades=2  first_trade=2026-02-08 23:36  winrate=0.200  n_markets_traded=10.000  herfindahl_index_markets=0.157
12:00:52 [super] * #417   0x950ac0695b7dde06c39c97656f31b588e47d71e4  prob=0.1081 (raw=0.3032)  vol=$45  trades=5  first_trade=2026-02-08 21:42  winrate=0.392  n_markets_traded=51.000  herfindahl_index_markets=0.050
12:00:52 [super] * #418   0x45730f93e26359aefad7fb6ee4851958d828c16b  prob=0.1079 (raw=0.3027)  vol=$23  trades=4  first_trade=2026-02-07 01:02  winrate=0.110  n_markets_traded=127.000  herfindahl_index_markets=0.126
12:00:52 [super] * #419   0x97b663856a09eddc6a8bbd4ec85bbf78836359b4  prob=0.1074 (raw=0.3014)  vol=$2,097  trades=31  first_trade=2026-02-07 17:34  winrate=0.250  n_markets_traded=68.000  herfindahl_index_markets=0.043
12:00:52 [super] * #420   0xda41ec23f9d9309887f05722522b93f829ff901e  prob=0.1068 (raw=0.3001)  vol=$28  trades=6  first_trade=2026-01-10 11:57  winrate=0.333  n_markets_traded=12.000  herfindahl_index_markets=0.193
12:00:52 [super] * #421   0x8ea7c2be8d5be03b4f66155ab13bf8d28eee60ba  prob=0.1066 (raw=0.2996)  vol=$1,848  trades=61  first_trade=2026-02-08 04:45  winrate=0.241  n_markets_traded=29.000  herfindahl_index_markets=0.178
12:00:52 [super] * #422   0xb38831166433aa1d5b15fadef8329a080063dc58  prob=0.1065 (raw=0.2994)  vol=$734  trades=39  first_trade=2026-02-08 06:59  winrate=0.667  n_markets_traded=12.000  herfindahl_index_markets=0.101
12:00:52 [super] * #423   0x34bdd1ed964495e8567fadbfbb5c298002cb9847  prob=0.1060 (raw=0.2981)  vol=$667  trades=4  first_trade=2026-02-09 10:59  winrate=0.500  n_markets_traded=2.000  herfindahl_index_markets=0.680
12:00:52 [super] * #424   0xe9852e7852b6e08ab7dc1836dd878452d613e8f9  prob=0.1059 (raw=0.2979)  vol=$50  trades=8  first_trade=2026-01-10 11:36  winrate=0.286  n_markets_traded=7.000  herfindahl_index_markets=0.373
12:00:52 [super] * #425   0x09c904c6e84771090f3b2a3b650ac4af25106162  prob=0.1051 (raw=0.2959)  vol=$30  trades=5  first_trade=2026-02-08 21:36  winrate=0.077  n_markets_traded=52.000  herfindahl_index_markets=0.102
12:00:52 [super] * #426   0xe6558c8654ca1b9cdf0d923a0f6ec5182ebcf1b9  prob=0.1043 (raw=0.2938)  vol=$28,241  trades=3  first_trade=2026-02-10 16:19  winrate=0.000  n_markets_traded=1.000  herfindahl_index_markets=1.000
12:00:52 [super] * #427   0x2d2fef7591dc53fffabf2b93d81b8be3bb5cc79b  prob=0.1038 (raw=0.2925)  vol=$2,000  trades=4  first_trade=2026-02-09 14:35  winrate=0.000  n_markets_traded=4.000  herfindahl_index_markets=0.281
12:00:52 [super] * #428   0x687d8cf19d873aed1957e61a3f2092d4721ce28b  prob=0.1028 (raw=0.2902)  vol=$7,416  trades=181  first_trade=2026-01-16 21:44  winrate=NaN  n_markets_traded=0.000  herfindahl_index_markets=0.000
12:00:52 [super] * #429   0xd1908980487b6c3f2fb1fc1b494da81e9356d232  prob=0.1028 (raw=0.2899)  vol=$40  trades=2  first_trade=2026-02-09 14:37  winrate=0.000  n_markets_traded=2.000  herfindahl_index_markets=0.520
12:00:52 [super] * #430   0x33d4cf2a8fbd885ea319b73acdb9370b73b9f3be  prob=0.1027 (raw=0.2899)  vol=$5  trades=6  first_trade=2026-01-30 12:44  winrate=0.000  n_markets_traded=1.000  herfindahl_index_markets=1.000
12:00:52 [super] * #431   0xe49b65065fc33a342cd15b44f69d30a346049e40  prob=0.1027 (raw=0.2898)  vol=$32  trades=4  first_trade=2026-02-08 21:26  winrate=0.387  n_markets_traded=75.000  herfindahl_index_markets=0.025
12:00:52 [super] * #432   0x739af221cbdffdf520fc20e23fe266f50b4baab2  prob=0.1027 (raw=0.2898)  vol=$79  trades=6  first_trade=2026-02-08 15:54  winrate=0.416  n_markets_traded=89.000  herfindahl_index_markets=0.021
12:00:52 [super] * #433   0x1f8634f7071b7073466594fa3f181339630c1623  prob=0.1026 (raw=0.2897)  vol=$142  trades=18  first_trade=2026-02-06 05:03  winrate=0.000  n_markets_traded=4.000  herfindahl_index_markets=0.844
12:00:52 [super] * #434   0xa99a18e1515341bfcef52e3f51940c2b413a202c  prob=0.1023 (raw=0.2888)  vol=$9  trades=4  first_trade=2026-02-08 10:34  winrate=0.167  n_markets_traded=24.000  herfindahl_index_markets=0.161
12:00:52 [super] * #435   0xa1ca1445a3d85dffa16a3b2606ada90dcd54f58b  prob=0.1020 (raw=0.2881)  vol=$19  trades=2  first_trade=2026-02-09 00:39  winrate=0.120  n_markets_traded=25.000  herfindahl_index_markets=0.062
12:00:52 [super] * #436   0xff0931866aa744cc4f4e71d89055244adfff25ab  prob=0.1020 (raw=0.2881)  vol=$5  trades=6  first_trade=2026-02-09 02:09  winrate=NaN  n_markets_traded=0.000  herfindahl_index_markets=0.000
12:00:52 [super] * #437   0x62083754090fe06530b5ed1045ea5fc5515f801b  prob=0.1020 (raw=0.2881)  vol=$111  trades=4  first_trade=2026-02-09 01:33  winrate=0.250  n_markets_traded=4.000  herfindahl_index_markets=0.327
12:00:52 [super] * #438   0x1b3ff94c86256c213571b6e2082595c4c5bf8cd6  prob=0.1020 (raw=0.2880)  vol=$1,022  trades=18  first_trade=2026-02-09 01:33  winrate=0.625  n_markets_traded=8.000  herfindahl_index_markets=0.184
12:00:52 [super] * #439   0xa99b9634c6ec403169ce2e5c534fe859ebb8ef8a  prob=0.1020 (raw=0.2879)  vol=$42  trades=2  first_trade=2026-02-06 03:11  winrate=0.000  n_markets_traded=4.000  herfindahl_index_markets=0.250
12:00:52 [super] * #440   0x7d0c051037645662eb532c4aa491d4666f732361  prob=0.1018 (raw=0.2876)  vol=$77  trades=18  first_trade=2026-01-23 15:18  winrate=0.000  n_markets_traded=11.000  herfindahl_index_markets=0.296
12:00:52 [super] * #441   0xd387435d35080c4d5fd921ed83678fc256ab33ac  prob=0.1018 (raw=0.2875)  vol=$231  trades=6  first_trade=2026-02-09 01:36  winrate=0.362  n_markets_traded=58.000  herfindahl_index_markets=0.059
12:00:52 [super] * #442   0xb5ffa447f6d061896970219eaaa75e58a65cd0cb  prob=0.1011 (raw=0.2857)  vol=$140  trades=4  first_trade=2026-02-09 13:41  winrate=0.000  n_markets_traded=2.000  herfindahl_index_markets=0.501
12:00:52 [super] * #443   0xed651b670e30a98a2d8f38bea40cdc3ec518b869  prob=0.1010 (raw=0.2853)  vol=$154  trades=2  first_trade=2026-02-09 13:56  winrate=0.000  n_markets_traded=2.000  herfindahl_index_markets=0.580
12:00:52 [super] * #444   0x7fcdda4d20afbfaed9e37fd1c2b56fa1a74d500a  prob=0.1006 (raw=0.2845)  vol=$4  trades=2  first_trade=2026-02-06 03:41  winrate=0.400  n_markets_traded=25.000  herfindahl_index_markets=0.053
12:00:52 [super] * #445   0xa38bbbf02108043afbde1539d95cec42e9e4d9f2  prob=0.1001 (raw=0.2831)  vol=$3,015  trades=26  first_trade=2026-02-09 01:28  winrate=0.211  n_markets_traded=19.000  herfindahl_index_markets=0.228
12:00:52 [super]   #446   0x7d21d011664803a856b23c615076a866222c8648  prob=0.0999 (raw=0.2826)  vol=$816  trades=14  first_trade=2026-02-09 01:34  winrate=0.435  n_markets_traded=46.000  herfindahl_index_markets=0.047
12:00:52 [super]   #447   0x7c176fbd1c41fc86d5467511803361794dff5e9b  prob=0.0996 (raw=0.2819)  vol=$6,788  trades=95  first_trade=2026-02-07 19:10  winrate=0.000  n_markets_traded=1.000  herfindahl_index_markets=1.000
12:00:52 [super]   #448   0xab4399224f7f1743435f665f9d75913a3776c6ca  prob=0.0995 (raw=0.2816)  vol=$77  trades=5  first_trade=2026-02-09 01:08  winrate=0.519  n_markets_traded=27.000  herfindahl_index_markets=0.096
12:00:52 [super]   #449   0xe858e28e5f9e21ad9ee30a222c322caf17ff880a  prob=0.0994 (raw=0.2812)  vol=$1  trades=1  first_trade=2026-01-10 20:55  winrate=0.182  n_markets_traded=11.000  herfindahl_index_markets=0.166
12:00:52 [super]   #450   0xaf1b49e686258f6cd3d14338f52952704815de27  prob=0.0986 (raw=0.2792)  vol=$9  trades=2  first_trade=2026-02-08 23:57  winrate=0.294  n_markets_traded=17.000  herfindahl_index_markets=0.156
12:00:52 [super]   #451   0xfd290a429be7748d06efe6eed33b12372fb3daae  prob=0.0985 (raw=0.2788)  vol=$716  trades=32  first_trade=2026-02-08 22:46  winrate=0.083  n_markets_traded=12.000  herfindahl_index_markets=0.175
12:00:52 [super]   #452   0x94cf12f33cc258208d641836c5d4741c0ac7d339  prob=0.0983 (raw=0.2785)  vol=$179  trades=1  first_trade=2026-02-09 02:34  winrate=0.419  n_markets_traded=31.000  herfindahl_index_markets=0.160
12:00:52 [super]   #453   0x203c4ed33cede55f33df7405e076ce08e23b1176  prob=0.0979 (raw=0.2774)  vol=$20  trades=2  first_trade=2026-02-09 16:25  winrate=0.000  n_markets_traded=2.000  herfindahl_index_markets=0.625
12:00:52 [super]   #454   0x8953a6d71c87f3d738a5be507c2bf4b30cdc21d5  prob=0.0978 (raw=0.2771)  vol=$138  trades=24  first_trade=2026-02-09 01:41  winrate=0.308  n_markets_traded=13.000  herfindahl_index_markets=0.114
12:00:52 [super]   #455   0x5489eab7ce59ed634582b921a71203c270081633  prob=0.0975 (raw=0.2764)  vol=$892  trades=3  first_trade=2026-02-08 22:49  winrate=0.000  n_markets_traded=2.000  herfindahl_index_markets=0.551
12:00:52 [super]   #456   0xebe0e2a9dbd473c9fe71710a57f245feee7dce52  prob=0.0971 (raw=0.2753)  vol=$55  trades=6  first_trade=2026-02-07 15:10  winrate=NaN  n_markets_traded=0.000  herfindahl_index_markets=0.000
12:00:52 [super]   #457   0x15fec13761efdfafbe6afc962d24b7b4a130666d  prob=0.0971 (raw=0.2751)  vol=$5  trades=2  first_trade=2026-02-08 13:22  winrate=0.000  n_markets_traded=6.000  herfindahl_index_markets=0.221
12:00:52 [super]   #458   0xc986745cc49ce886b0dcd6589c211901ea28b743  prob=0.0967 (raw=0.2743)  vol=$712  trades=12  first_trade=2026-02-08 22:58  winrate=0.200  n_markets_traded=5.000  herfindahl_index_markets=0.740
12:00:52 [super]   #459   0x63d06e6c33e45c36268a0fc9bab2e2f6a0bf1a1a  prob=0.0965 (raw=0.2737)  vol=$403  trades=4  first_trade=2026-02-09 08:53  winrate=0.400  n_markets_traded=5.000  herfindahl_index_markets=0.347
12:00:52 [super]   #460   0xc0a76290c510dd035374f55827f48eec77d411ec  prob=0.0962 (raw=0.2729)  vol=$297  trades=64  first_trade=2026-02-08 23:57  winrate=0.277  n_markets_traded=47.000  herfindahl_index_markets=0.043
12:00:52 [super]   #461   0x1e1128398409d89cc6e65bdf66635fab53fc27dc  prob=0.0960 (raw=0.2724)  vol=$51,084  trades=45  first_trade=2026-02-08 22:44  winrate=0.000  n_markets_traded=1.000  herfindahl_index_markets=1.000
12:00:52 [super]   #462   0x45d59c4d70128ce7969124b515549aafb90e47ef  prob=0.0956 (raw=0.2711)  vol=$21,439  trades=27  first_trade=2026-02-09 02:14  winrate=0.475  n_markets_traded=179.000  herfindahl_index_markets=0.033
12:00:52 [super]   #463   0xe08946c07400b962d9036a445150214de2af0636  prob=0.0950 (raw=0.2696)  vol=$263  trades=79  first_trade=2026-02-07 08:48  winrate=0.667  n_markets_traded=3.000  herfindahl_index_markets=0.473
12:00:52 [super]   #464   0x2e581aba206afe80717eb1226c085d4e530ac6c8  prob=0.0944 (raw=0.2680)  vol=$50  trades=2  first_trade=2026-02-09 17:10  winrate=0.000  n_markets_traded=2.000  herfindahl_index_markets=0.545
12:00:52 [super]   #465   0x4b957359f85b96844b245e68e390e4f016a9b23e  prob=0.0942 (raw=0.2673)  vol=$6  trades=2  first_trade=2026-02-09 00:41  winrate=0.453  n_markets_traded=680.000  herfindahl_index_markets=0.005
12:00:52 [super]   #466   0x7113dd4fd3b8939f91c86a98061d536bdf156e47  prob=0.0937 (raw=0.2660)  vol=$56  trades=5  first_trade=2026-02-09 01:23  winrate=0.600  n_markets_traded=10.000  herfindahl_index_markets=0.144
12:00:52 [super]   #467   0xc8b2130fbbb7dbb2e2659fed956526060fc380e5  prob=0.0936 (raw=0.2657)  vol=$1,002  trades=7  first_trade=2026-02-09 08:59  winrate=0.000  n_markets_traded=1.000  herfindahl_index_markets=1.000
12:00:52 [super]   #468   0x18286e0ca82a35780cabf75cf739aeedb7302f30  prob=0.0936 (raw=0.2657)  vol=$9  trades=2  first_trade=2026-02-09 00:43  winrate=0.364  n_markets_traded=22.000  herfindahl_index_markets=0.060
12:00:52 [super]   #469   0xba1e795753e98b99119e67183d59144dd7424250  prob=0.0934 (raw=0.2652)  vol=$87  trades=5  first_trade=2026-02-07 23:37  winrate=0.000  n_markets_traded=1.000  herfindahl_index_markets=1.000
12:00:52 [super]   #470   0xdf1160b702dfd7f922c633b2327153e8e977d56f  prob=0.0932 (raw=0.2645)  vol=$17  trades=4  first_trade=2026-02-08 16:23  winrate=0.273  n_markets_traded=37.000  herfindahl_index_markets=0.063
12:00:52 [super]   #471   0x7cf99f6391784d1eab2b03325abe679ad71b3e22  prob=0.0928 (raw=0.2636)  vol=$12  trades=2  first_trade=2026-02-08 23:03  winrate=0.556  n_markets_traded=9.000  herfindahl_index_markets=0.149
12:00:52 [super]   #472   0xf3cafc46f63597cb27e44d4d312ab42c43bd9ec5  prob=0.0928 (raw=0.2635)  vol=$5  trades=4  first_trade=2026-02-06 14:14  winrate=0.387  n_markets_traded=315.000  herfindahl_index_markets=0.004
12:00:52 [super]   #473   0xdbd88aff6799905eafa662bb3ba45873c4ec8575  prob=0.0923 (raw=0.2621)  vol=$9  trades=4  first_trade=2026-02-09 08:43  winrate=0.200  n_markets_traded=5.000  herfindahl_index_markets=0.362
12:00:52 [super]   #474   0x0a5fe2abf7c0894f3501c24e49db0374319c8352  prob=0.0921 (raw=0.2616)  vol=$30  trades=4  first_trade=2026-02-09 03:20  winrate=0.000  n_markets_traded=5.000  herfindahl_index_markets=0.242
12:00:52 [super]   #475   0xe21023362faa341984a828cdcd81f2f67f42e943  prob=0.0920 (raw=0.2613)  vol=$453  trades=19  first_trade=2026-02-06 21:12  winrate=NaN  n_markets_traded=0.000  herfindahl_index_markets=0.000
12:00:52 [super]   #476   0x16a6a427cc54236d2ad6005639e8cef693c9b440  prob=0.0920 (raw=0.2612)  vol=$32  trades=10  first_trade=2026-02-02 16:13  winrate=0.214  n_markets_traded=14.000  herfindahl_index_markets=0.448
12:00:52 [super]   #477   0xf6a7e86498580baed1a3c4e267e28cfe54d00af9  prob=0.0915 (raw=0.2600)  vol=$6,953  trades=7  first_trade=2026-02-08 21:08  winrate=0.250  n_markets_traded=4.000  herfindahl_index_markets=0.471
12:00:52 [super]   #478   0x438ed5bed99bc6b517e9b5a22ad3ee9e21d9e08e  prob=0.0914 (raw=0.2595)  vol=$37,318  trades=129  first_trade=2026-02-07 18:54  winrate=0.897  n_markets_traded=330.000  herfindahl_index_markets=0.048
12:00:52 [super]   #479   0x8f759e60181055d8ce33e67da6b4b547c479550a  prob=0.0909 (raw=0.2582)  vol=$445  trades=26  first_trade=2026-02-08 23:09  winrate=0.059  n_markets_traded=34.000  herfindahl_index_markets=0.174
12:00:52 [super]   #480   0x99e68a3545309fe91ed023ecd4c8d4283fc4ee2e  prob=0.0909 (raw=0.2582)  vol=$8  trades=4  first_trade=2026-02-09 00:48  winrate=0.737  n_markets_traded=272.000  herfindahl_index_markets=0.010
12:00:52 [super]   #481   0x9d37a17078938d5936fce7e78853977b1689ca4c  prob=0.0905 (raw=0.2572)  vol=$16  trades=2  first_trade=2026-02-05 02:50  winrate=0.444  n_markets_traded=27.000  herfindahl_index_markets=0.439
12:00:52 [super]   #482   0xcf6e295f9cc9767eb5579c83177fc87676d4b45b  prob=0.0905 (raw=0.2570)  vol=$121,903  trades=137  first_trade=2026-02-09 00:45  winrate=0.125  n_markets_traded=24.000  herfindahl_index_markets=0.439
12:00:52 [super]   #483   0x1425c11fc45fbb736d8da069c865898ffe66c7c4  prob=0.0904 (raw=0.2568)  vol=$30  trades=3  first_trade=2025-11-16 17:12  winrate=0.278  n_markets_traded=36.000  herfindahl_index_markets=0.051
12:00:52 [super]   #484   0x37335b5fd0a47d88d7dd43ba265dd6c0cc2f0420  prob=0.0904 (raw=0.2567)  vol=$13  trades=4  first_trade=2026-02-04 06:26  winrate=0.000  n_markets_traded=3.000  herfindahl_index_markets=0.348
12:00:52 [super]   #485   0x663643065a950e2c2d00c34bb2f0e082d61d056d  prob=0.0902 (raw=0.2562)  vol=$3  trades=4  first_trade=2026-02-09 20:05  winrate=0.000  n_markets_traded=1.000  herfindahl_index_markets=1.000
12:00:52 [super]   #486   0x23eb447b90de5ce161e69edc318bbedabf91c516  prob=0.0901 (raw=0.2560)  vol=$447  trades=198  first_trade=2026-02-04 20:55  winrate=NaN  n_markets_traded=0.000  herfindahl_index_markets=0.000
12:00:52 [super]   #487   0x0cfec0873a60e5e21b28ca5e8fa976810ec762c5  prob=0.0901 (raw=0.2558)  vol=$6  trades=2  first_trade=2026-02-08 21:37  winrate=0.600  n_markets_traded=10.000  herfindahl_index_markets=0.144
12:00:52 [super]   #488   0x84c663890f34f57f30ece5d0cdce7020c5a866a2  prob=0.0899 (raw=0.2554)  vol=$43  trades=10  first_trade=2026-02-08 09:07  winrate=0.456  n_markets_traded=217.000  herfindahl_index_markets=0.012
12:00:52 [super]   #489   0xb7105fd1ff2d4bc35450c5bafd1fd71ba1c66b77  prob=0.0898 (raw=0.2550)  vol=$14  trades=3  first_trade=2026-02-06 23:33  winrate=0.227  n_markets_traded=22.000  herfindahl_index_markets=0.062
12:00:52 [super]   #490   0x4b9fab56e4c9a96ffdd393e85db9d91b5e83e125  prob=0.0896 (raw=0.2546)  vol=$8,043  trades=9  first_trade=2026-02-09 01:31  winrate=NaN  n_markets_traded=0.000  herfindahl_index_markets=0.000
12:00:52 [super]   #491   0x853c31e28783852d7cbf800693f7f4444d78c598  prob=0.0896 (raw=0.2544)  vol=$24  trades=2  first_trade=2026-02-08 23:05  winrate=0.667  n_markets_traded=9.000  herfindahl_index_markets=0.133
12:00:52 [super]   #492   0x9658baa691df68293d1f5bbdeead49a3b97e8e98  prob=0.0894 (raw=0.2538)  vol=$64  trades=4  first_trade=2026-02-08 22:27  winrate=0.000  n_markets_traded=2.000  herfindahl_index_markets=0.501
12:00:52 [super]   #493   0xfd206f5f42453e73bd6721f5e41af64385d6f08f  prob=0.0892 (raw=0.2533)  vol=$200  trades=5  first_trade=2026-02-08 18:50  winrate=0.000  n_markets_traded=8.000  herfindahl_index_markets=0.153
12:00:52 [super]   #494   0xddeca7940ba9b3a9e2aac300777cfb9004004b75  prob=0.0891 (raw=0.2531)  vol=$65  trades=20  first_trade=2026-02-06 06:30  winrate=0.214  n_markets_traded=28.000  herfindahl_index_markets=0.062
12:00:52 [super]   #495   0xe0715acb007d83e08af247508757afd6f989dec3  prob=0.0891 (raw=0.2530)  vol=$3,204  trades=15  first_trade=2026-02-08 21:07  winrate=0.000  n_markets_traded=9.000  herfindahl_index_markets=0.339
12:00:52 [super]   #496   0x7af3e845b4cc117fc59296e8a1878f5e8c0a9d09  prob=0.0890 (raw=0.2529)  vol=$357  trades=18  first_trade=2026-02-07 22:36  winrate=0.375  n_markets_traded=8.000  herfindahl_index_markets=0.239
12:00:52 [super]   #497   0x5f3c65914e9019dc4c15bed08a0232da64090427  prob=0.0888 (raw=0.2523)  vol=$3,349  trades=11  first_trade=2026-02-07 19:05  winrate=0.250  n_markets_traded=4.000  herfindahl_index_markets=0.426
12:00:52 [super]   #498   0xd131613882a443c3f4f41e6a4efc1dcda68360f6  prob=0.0884 (raw=0.2512)  vol=$193  trades=11  first_trade=2026-02-09 03:03  winrate=0.000  n_markets_traded=4.000  herfindahl_index_markets=0.578
12:00:52 [super]   #499   0xf8f2c114d378811f99044470c289a4cf52e996cf  prob=0.0884 (raw=0.2511)  vol=$16  trades=2  first_trade=2026-02-08 08:19  winrate=0.389  n_markets_traded=193.000  herfindahl_index_markets=0.018
12:00:52 [super]   #500   0xb0b94b81e8773b1276e5f93392a327ba6396caf3  prob=0.0882 (raw=0.2504)  vol=$13  trades=2  first_trade=2026-02-09 00:27  winrate=0.167  n_markets_traded=18.000  herfindahl_index_markets=0.121
12:00:52 [super]   #501   0x6981895ce18a669fc7ad575384b48e970df838cb  prob=0.0881 (raw=0.2502)  vol=$19  trades=4  first_trade=2026-02-09 00:11  winrate=0.385  n_markets_traded=13.000  herfindahl_index_markets=0.152
12:00:52 [super]   #502   0x83b61614ee440b1e880e08d9af7851f28e821eae  prob=0.0879 (raw=0.2496)  vol=$10  trades=4  first_trade=2026-02-08 22:52  winrate=0.263  n_markets_traded=19.000  herfindahl_index_markets=0.156
12:00:52 [super]   #503   0x8aebced6ea7b32271c54bd52e78c75288a1fea5c  prob=0.0879 (raw=0.2495)  vol=$15  trades=2  first_trade=2026-02-09 01:20  winrate=0.417  n_markets_traded=57.000  herfindahl_index_markets=0.024
12:00:52 [super]   #504   0x1e83370d8f264172acced67f435500d387277723  prob=0.0876 (raw=0.2488)  vol=$126  trades=3  first_trade=2026-02-09 01:28  winrate=0.390  n_markets_traded=77.000  herfindahl_index_markets=0.029
12:00:52 [super]   #505   0x2235633869446858895320c33ac83adb4fc1a03a  prob=0.0873 (raw=0.2479)  vol=$17  trades=2  first_trade=2026-02-09 18:24  winrate=0.000  n_markets_traded=1.000  herfindahl_index_markets=1.000
12:00:52 [super]   #506   0xce45ac8a6b2541ed20d0b9740273d7e5d739aa7b  prob=0.0872 (raw=0.2474)  vol=$50  trades=12  first_trade=2026-02-07 01:13  winrate=0.000  n_markets_traded=21.000  herfindahl_index_markets=0.096
12:00:52 [super]   #507   0xd561e15c9139fcb49dce433b0a912307c4944f02  prob=0.0870 (raw=0.2469)  vol=$9  trades=4  first_trade=2026-02-08 22:28  winrate=0.000  n_markets_traded=11.000  herfindahl_index_markets=0.215
12:00:52 [super]   #508   0x18eacbaf1843689a3f7bee006691197df56df93b  prob=0.0870 (raw=0.2469)  vol=$713  trades=4  first_trade=2026-02-09 00:14  winrate=0.419  n_markets_traded=31.000  herfindahl_index_markets=0.102
12:00:52 [super]   #509   0x88357f3f80e42979332f1c2b703c7accbb1e4513  prob=0.0868 (raw=0.2465)  vol=$2,000  trades=2  first_trade=2026-02-10 08:52  winrate=0.000  n_markets_traded=8.000  herfindahl_index_markets=0.429
12:00:52 [super]   #510   0x74bd9e4283702a16822209a839f01aa0fee87d6a  prob=0.0868 (raw=0.2464)  vol=$10  trades=4  first_trade=2026-02-01 21:01  winrate=0.000  n_markets_traded=1.000  herfindahl_index_markets=1.000
12:00:52 [super]   #511   0xaa46527c8328866b8992e807260eb2ba15d04a23  prob=0.0868 (raw=0.2463)  vol=$6  trades=4  first_trade=2026-02-09 02:11  winrate=0.069  n_markets_traded=87.000  herfindahl_index_markets=0.048
12:00:52 [super]   #512   0x7996e6e4518a20d279ce2d9c900e5c0cd7c9531d  prob=0.0868 (raw=0.2463)  vol=$8  trades=4  first_trade=2026-02-09 01:44  winrate=0.222  n_markets_traded=18.000  herfindahl_index_markets=0.083
12:00:52 [super]   #513   0xf2b7aa0f2b4b347dca97304f31e65ae2b0e0f910  prob=0.0866 (raw=0.2458)  vol=$8  trades=4  first_trade=2026-02-09 01:42  winrate=0.455  n_markets_traded=11.000  herfindahl_index_markets=0.108
12:00:52 [super]   #514   0x890ecdd8403bb422ef81d9961d61f0e26b82d9ec  prob=0.0865 (raw=0.2455)  vol=$5,000  trades=2  first_trade=2026-02-09 13:33  winrate=0.600  n_markets_traded=5.000  herfindahl_index_markets=0.229
12:00:52 [super]   #515   0x936f6427f105a01d933bcdb31c427af6e37bd171  prob=0.0865 (raw=0.2455)  vol=$5,223  trades=69  first_trade=2026-01-27 20:11  winrate=0.452  n_markets_traded=219.000  herfindahl_index_markets=0.008
12:00:52 [super]   #516   0x652e2f8772924958d16063a4ba6623853330701b  prob=0.0863 (raw=0.2450)  vol=$7  trades=2  first_trade=2026-02-07 18:34  winrate=0.400  n_markets_traded=25.000  herfindahl_index_markets=0.104
12:00:52 [super]   #517   0x01dd0eddaa51d6bd06150b8c1afb8bb6dfb1302a  prob=0.0862 (raw=0.2444)  vol=$1,133  trades=3  first_trade=2026-02-09 01:22  winrate=0.442  n_markets_traded=38.000  herfindahl_index_markets=0.073
12:00:52 [super]   #518   0x0ec2bb71842ad3f1d3009fb517215b11943a6ab4  prob=0.0862 (raw=0.2444)  vol=$0  trades=6  first_trade=2026-02-09 01:33  winrate=0.180  n_markets_traded=50.000  herfindahl_index_markets=0.053
12:00:52 [super]   #519   0x53382f2d97aea6e0ee2017811da8c845db757f07  prob=0.0861 (raw=0.2443)  vol=$30  trades=4  first_trade=2026-02-09 00:49  winrate=0.190  n_markets_traded=63.000  herfindahl_index_markets=0.091
12:00:52 [super]   #520   0x623a381ce65abd7949d19db520d63f8e2fe68bd3  prob=0.0861 (raw=0.2442)  vol=$21  trades=2  first_trade=2026-02-08 22:56  winrate=0.250  n_markets_traded=16.000  herfindahl_index_markets=0.075
12:00:52 [super]   #521   0x7800c7a530f2222ea805c532febb5b7faf8cb111  prob=0.0856 (raw=0.2429)  vol=$81  trades=17  first_trade=2026-02-06 06:32  winrate=0.190  n_markets_traded=21.000  herfindahl_index_markets=0.082
12:00:52 [super]   #522   0x9f444616d2450a5151922ac7c889911950b97470  prob=0.0854 (raw=0.2423)  vol=$27  trades=4  first_trade=2026-02-09 02:06  winrate=0.208  n_markets_traded=24.000  herfindahl_index_markets=0.118
12:00:52 [super]   #523   0xa3be33b5d06dd34443f9dad8ded8f20bbb401cc6  prob=0.0854 (raw=0.2422)  vol=$5  trades=2  first_trade=2026-02-07 21:03  winrate=0.288  n_markets_traded=153.000  herfindahl_index_markets=0.020
12:00:52 [super]   #524   0xfd96a65b42d1310389aee5dde001dd3cfdf5b70a  prob=0.0850 (raw=0.2409)  vol=$4,178  trades=32  first_trade=2026-02-07 23:18  winrate=0.000  n_markets_traded=1.000  herfindahl_index_markets=1.000
12:00:52 [super]   #525   0xd21ec1ea3ce2a0471f266dd29070f70ebbe51803  prob=0.0849 (raw=0.2408)  vol=$214  trades=7  first_trade=2026-02-08 22:14  winrate=0.200  n_markets_traded=5.000  herfindahl_index_markets=0.771
12:00:52 [super]   #526   0xfb61350eacc79fdf2deaf6182d6e6b535293d89a  prob=0.0849 (raw=0.2406)  vol=$47  trades=4  first_trade=2026-02-09 01:56  winrate=0.000  n_markets_traded=14.000  herfindahl_index_markets=0.333
12:00:52 [super]   #527   0x23aa20aab94ce4d5effdc616eebbc7cf5f06931d  prob=0.0848 (raw=0.2406)  vol=$283  trades=4  first_trade=2026-02-08 20:47  winrate=0.500  n_markets_traded=22.000  herfindahl_index_markets=0.079
12:00:52 [super]   #528   0xb396ae31629ddfafe5f648b034595dc65f259ee9  prob=0.0848 (raw=0.2404)  vol=$11  trades=2  first_trade=2026-02-08 14:07  winrate=0.176  n_markets_traded=17.000  herfindahl_index_markets=0.095
12:00:52 [super]   #529   0xa38a455bbdd4b68486548b7e19da99903f4f821d  prob=0.0847 (raw=0.2402)  vol=$72,119  trades=68  first_trade=2026-02-09 01:20  winrate=NaN  n_markets_traded=0.000  herfindahl_index_markets=0.000
12:00:52 [super]   #530   0x7bbe5021ea366a678a67b7c2a954a555b4678fc6  prob=0.0846 (raw=0.2398)  vol=$9  trades=4  first_trade=2026-01-28 17:17  winrate=0.000  n_markets_traded=4.000  herfindahl_index_markets=0.275
12:00:52 [super]   #531   0xdef15360786f97dce3cfca93f060bbe3ba507d9e  prob=0.0845 (raw=0.2395)  vol=$577  trades=11  first_trade=2026-02-09 01:35  winrate=0.500  n_markets_traded=12.000  herfindahl_index_markets=0.221
12:00:52 [super]   #532   0x60fc0f759e68323879f97797f090c55e7e581031  prob=0.0844 (raw=0.2392)  vol=$82  trades=4  first_trade=2026-02-08 21:52  winrate=0.416  n_markets_traded=201.000  herfindahl_index_markets=0.009
12:00:52 [super]   #533   0xa2c474a61c2360065725b0eb199e8d7a295f8bad  prob=0.0844 (raw=0.2392)  vol=$3  trades=3  first_trade=2026-02-08 22:15  winrate=NaN  n_markets_traded=0.000  herfindahl_index_markets=0.000
12:00:52 [super]   #534   0x38a3279c96465528bfee407b4032cb819e9cb461  prob=0.0841 (raw=0.2384)  vol=$49  trades=6  first_trade=2026-02-08 17:44  winrate=0.265  n_markets_traded=461.000  herfindahl_index_markets=0.345
12:00:52 [super]   #535   0x975e41a8c57a4f602c78915b852ce175e7ded9c4  prob=0.0838 (raw=0.2373)  vol=$414  trades=4  first_trade=2026-02-09 03:56  winrate=0.571  n_markets_traded=7.000  herfindahl_index_markets=0.177
12:00:52 [super]   #536   0x74be214e7f0fa56c26425c438e366ed70fe0d9db  prob=0.0835 (raw=0.2366)  vol=$3  trades=2  first_trade=2026-02-07 00:55  winrate=NaN  n_markets_traded=0.000  herfindahl_index_markets=0.000
12:00:52 [super]   #537   0xd222d0124fef666a1e8e4121e7ecd629d25ebd98  prob=0.0835 (raw=0.2363)  vol=$7,430  trades=4  first_trade=2026-02-11 00:45  winrate=0.000  n_markets_traded=2.000  herfindahl_index_markets=0.511
12:00:52 [super]   #538   0xbfae5e2a5dac065b9644c72318aa47767dda6272  prob=0.0833 (raw=0.2360)  vol=$7  trades=4  first_trade=2026-02-09 01:16  winrate=0.222  n_markets_traded=27.000  herfindahl_index_markets=0.255
12:00:52 [super]   #539   0xf72d8a1cbdb4c7432fd548429514d76df87ec28f  prob=0.0833 (raw=0.2359)  vol=$1,778  trades=3  first_trade=2026-02-08 23:15  winrate=0.000  n_markets_traded=1.000  herfindahl_index_markets=1.000
12:00:52 [super]   #540   0x83d802037c928b4038c5ff7cf031ec9d2387aa80  prob=0.0832 (raw=0.2357)  vol=$199  trades=4  first_trade=2026-02-09 01:38  winrate=0.000  n_markets_traded=5.000  herfindahl_index_markets=0.203
12:00:52 [super]   #541   0x052df1e126aa8ed14e80fcbe9bfcc491c33bf67d  prob=0.0832 (raw=0.2354)  vol=$16  trades=2  first_trade=2026-02-05 02:50  winrate=0.188  n_markets_traded=32.000  herfindahl_index_markets=0.288
12:00:52 [super]   #542   0x0484bf76425db5021ce2d369f78fc125906d4830  prob=0.0831 (raw=0.2351)  vol=$11  trades=2  first_trade=2026-02-06 13:33  winrate=NaN  n_markets_traded=0.000  herfindahl_index_markets=0.000
12:00:52 [super]   #543   0xeea25bf8a9f6c450961c94b6478421ec63222731  prob=0.0830 (raw=0.2350)  vol=$16  trades=6  first_trade=2026-02-07 00:00  winrate=NaN  n_markets_traded=0.000  herfindahl_index_markets=0.000
12:00:52 [super]   #544   0x575b1a666cc69e051f24a8a0551f3280922414f0  prob=0.0829 (raw=0.2348)  vol=$1,057  trades=17  first_trade=2026-02-09 01:36  winrate=0.451  n_markets_traded=91.000  herfindahl_index_markets=0.081
12:00:52 [super]   #545   0x3637365dd92e91240788181367f537dfc23adc4c  prob=0.0829 (raw=0.2346)  vol=$20  trades=4  first_trade=2026-02-10 18:19  winrate=0.000  n_markets_traded=2.000  herfindahl_index_markets=0.511
12:00:52 [super]   #546   0x4a7ba6b2317a00c2f02b4aee4347fd18833dd1b4  prob=0.0829 (raw=0.2345)  vol=$75  trades=7  first_trade=2026-02-07 11:41  winrate=0.000  n_markets_traded=6.000  herfindahl_index_markets=0.256
12:00:52 [super]   #547   0x1aa1b3241af571db16c5bef34a50005343ffd4c8  prob=0.0827 (raw=0.2340)  vol=$164  trades=8  first_trade=2026-02-06 10:44  winrate=0.447  n_markets_traded=103.000  herfindahl_index_markets=0.074
12:00:52 [super]   #548   0x42f0665618344b2d1e34393bdc1630317a4648e8  prob=0.0826 (raw=0.2338)  vol=$33  trades=8  first_trade=2026-02-09 01:13  winrate=NaN  n_markets_traded=0.000  herfindahl_index_markets=0.000
12:00:52 [super]   #549   0x6c4898c7f7520db6d82ef1eed4f81098b2300d1a  prob=0.0825 (raw=0.2333)  vol=$16,528  trades=24  first_trade=2026-02-08 22:05  winrate=0.250  n_markets_traded=4.000  herfindahl_index_markets=0.871
12:00:52 [super]   #550   0xba2199ce1b1aebbf68fee37fae668d73e8e1c64f  prob=0.0824 (raw=0.2332)  vol=$501  trades=4  first_trade=2026-02-09 19:00  winrate=0.000  n_markets_traded=4.000  herfindahl_index_markets=0.963
12:00:52 [super]   #551   0xee324b84546110f1fa5d4b2558edb179c3a4463a  prob=0.0821 (raw=0.2323)  vol=$85,586  trades=95  first_trade=2026-02-09 01:34  winrate=0.815  n_markets_traded=113.000  herfindahl_index_markets=0.024
12:00:52 [super]   #552   0x25d4c6c7449754d59ae662e98dc8b71d9ce4b5ed  prob=0.0820 (raw=0.2318)  vol=$5  trades=6  first_trade=2026-02-09 02:04  winrate=0.000  n_markets_traded=9.000  herfindahl_index_markets=0.142
12:00:52 [super]   #553   0xfff25e3aeab805cab9fed060d97b33d5b9578a78  prob=0.0819 (raw=0.2317)  vol=$29  trades=4  first_trade=2026-02-08 20:06  winrate=0.412  n_markets_traded=17.000  herfindahl_index_markets=0.136
12:00:52 [super]   #554   0x3ad06de6f42b6dc19a4d6aca48b0be832d2f5b8e  prob=0.0817 (raw=0.2309)  vol=$10  trades=4  first_trade=2025-09-29 09:46  winrate=0.000  n_markets_traded=1.000  herfindahl_index_markets=1.000
12:00:52 [super]   #555   0x3ceb3b58bc931cc3522b9f62d8a07487ec04be53  prob=0.0817 (raw=0.2309)  vol=$1,696  trades=21  first_trade=2026-02-08 19:36  winrate=0.462  n_markets_traded=26.000  herfindahl_index_markets=0.053
12:00:52 [super]   #556   0x56ee9a178a4799b8d57272362530d5f565e8fd53  prob=0.0814 (raw=0.2299)  vol=$7  trades=1  first_trade=2026-02-06 21:49  winrate=0.143  n_markets_traded=14.000  herfindahl_index_markets=0.082
12:00:52 [super]   #557   0xbb20097dde2ac454c1e767832be18a57f2e563fa  prob=0.0812 (raw=0.2292)  vol=$27  trades=4  first_trade=2025-12-01 01:20  winrate=0.000  n_markets_traded=5.000  herfindahl_index_markets=0.219
12:00:52 [super]   #558   0xd57586d0e5cbe7bcdb71698843c25368434d619f  prob=0.0804 (raw=0.2267)  vol=$10  trades=2  first_trade=2026-02-06 23:24  winrate=NaN  n_markets_traded=0.000  herfindahl_index_markets=0.000
12:00:52 [super]   #559   0xea03dfa61a99930e5ec641bfacfccc246df4b26d  prob=0.0803 (raw=0.2266)  vol=$10,000  trades=2  first_trade=2026-02-10 11:29  winrate=0.000  n_markets_traded=1.000  herfindahl_index_markets=1.000
12:00:52 [super]   #560   0x2c16de61eab0b919f25e506ce778a30254424890  prob=0.0803 (raw=0.2265)  vol=$487  trades=19  first_trade=2026-02-04 23:51  winrate=0.700  n_markets_traded=20.000  herfindahl_index_markets=0.086
12:00:52 [super]   #561   0x4a2f6bb62c4ec341835d6935e92cb1d24a0cc15c  prob=0.0800 (raw=0.2256)  vol=$20  trades=4  first_trade=2025-10-30 16:26  winrate=0.000  n_markets_traded=7.000  herfindahl_index_markets=0.192
12:00:52 [super]   #562   0x68ff6e69c8de29f14bc1af983bab79c826a31b1b  prob=0.0798 (raw=0.2249)  vol=$1,000  trades=2  first_trade=2026-02-10 10:13  winrate=0.000  n_markets_traded=1.000  herfindahl_index_markets=1.000
12:00:52 [super]   #563   0x5b524c7fa668cf50bf681c51ba961488120bd558  prob=0.0797 (raw=0.2247)  vol=$1,066  trades=3  first_trade=2026-02-09 03:29  winrate=0.038  n_markets_traded=26.000  herfindahl_index_markets=0.087
12:00:52 [super]   #564   0x8a9449fd92ef4248fd7d93dd3c92df1a9308625b  prob=0.0795 (raw=0.2240)  vol=$562  trades=7  first_trade=2026-02-09 01:49  winrate=0.934  n_markets_traded=106.000  herfindahl_index_markets=0.012
12:00:52 [super]   #565   0x0fcf169b5bc35d78326117312238dc553ad2ab1b  prob=0.0795 (raw=0.2239)  vol=$423  trades=27  first_trade=2026-01-17 00:04  winrate=0.000  n_markets_traded=1.000  herfindahl_index_markets=1.000
12:00:52 [super]   #566   0xe35dfe51d8288ea409ea18a139f188a83b33f5d5  prob=0.0794 (raw=0.2235)  vol=$1,943  trades=25  first_trade=2026-02-09 01:47  winrate=0.000  n_markets_traded=10.000  herfindahl_index_markets=0.397
12:00:52 [super]   #567   0x0998046091caa32b33b1aa0c2161fdb03f3fd84f  prob=0.0793 (raw=0.2232)  vol=$14  trades=4  first_trade=2026-02-09 01:06  winrate=0.500  n_markets_traded=6.000  herfindahl_index_markets=0.265
12:00:52 [super]   #568   0x6ef340007262794b1405024e847eb16f2c4650a5  prob=0.0792 (raw=0.2229)  vol=$424  trades=9  first_trade=2026-02-09 01:42  winrate=0.185  n_markets_traded=27.000  herfindahl_index_markets=0.333
12:00:52 [super]   #569   0x01e1e29473b8c88b833e1ae68c82aae80d287b0a  prob=0.0792 (raw=0.2229)  vol=$247  trades=5  first_trade=2026-02-09 00:33  winrate=0.247  n_markets_traded=85.000  herfindahl_index_markets=0.113
12:00:52 [super]   #570   0x8217b6c8878a4aa4ecc023608dbf91d4fac64936  prob=0.0790 (raw=0.2223)  vol=$1  trades=2  first_trade=2026-02-08 20:48  winrate=NaN  n_markets_traded=0.000  herfindahl_index_markets=0.000
12:00:52 [super]   #571   0x09e870a7557d8a7e8a316d041933915d6d5aecc5  prob=0.0784 (raw=0.2205)  vol=$1,007  trades=20  first_trade=2026-02-08 23:49  winrate=0.000  n_markets_traded=1.000  herfindahl_index_markets=1.000
12:00:52 [super]   #572   0xbebe48e5b29e518c0bcf6dd45ec0d0027cd1503b  prob=0.0783 (raw=0.2201)  vol=$10,000  trades=2  first_trade=2026-02-09 15:33  winrate=0.000  n_markets_traded=1.000  herfindahl_index_markets=1.000
12:00:52 [super]   #573   0x83f4cfd2d2a231936f806e2f345b07e144502b42  prob=0.0783 (raw=0.2200)  vol=$778  trades=76  first_trade=2026-02-07 00:55  winrate=NaN  n_markets_traded=0.000  herfindahl_index_markets=0.000
12:00:52 [super]   #574   0xd41f1b2fcd9b50e509b44a28bedec26c0361e5e1  prob=0.0782 (raw=0.2198)  vol=$500  trades=2  first_trade=2026-02-09 22:19  winrate=0.000  n_markets_traded=2.000  herfindahl_index_markets=0.909
12:00:52 [super]   #575   0x370b65e4e9a6663512a1255c3f02fc62c50c5f2c  prob=0.0782 (raw=0.2198)  vol=$23  trades=4  first_trade=2026-02-03 23:22  winrate=0.243  n_markets_traded=298.000  herfindahl_index_markets=0.016
12:00:52 [super]   #576   0x215adbb63b47d0ca92f849fe2c2dc1adb0f6254c  prob=0.0781 (raw=0.2195)  vol=$93  trades=12  first_trade=2026-01-23 14:30  winrate=NaN  n_markets_traded=0.000  herfindahl_index_markets=0.000
12:00:52 [super]   #577   0x0986301b64e534c939ad2485eb0f924fef144e45  prob=0.0781 (raw=0.2194)  vol=$1,408  trades=12  first_trade=2026-02-09 01:22  winrate=0.471  n_markets_traded=17.000  herfindahl_index_markets=0.094
12:00:52 [super]   #578   0x167b21f0afcad0da9f20e93f3cc9e32baebba9a0  prob=0.0780 (raw=0.2192)  vol=$10  trades=4  first_trade=2026-02-09 01:03  winrate=0.143  n_markets_traded=14.000  herfindahl_index_markets=0.209
12:00:52 [super]   #579   0x9b6daaff245ff26213a365541769dcb9df0f07a8  prob=0.0780 (raw=0.2190)  vol=$36  trades=16  first_trade=2026-02-07 01:15  winrate=0.071  n_markets_traded=14.000  herfindahl_index_markets=0.149
12:00:52 [super]   #580   0xd3470baf2043753f58733316f5ed64148c3b393d  prob=0.0778 (raw=0.2184)  vol=$5  trades=4  first_trade=2026-01-19 16:25  winrate=0.000  n_markets_traded=6.000  herfindahl_index_markets=0.250
12:00:52 [super]   #581   0xd7a9d0799e4986da842ee18e2b1a1c5ba2260cad  prob=0.0777 (raw=0.2183)  vol=$500  trades=2  first_trade=2026-02-09 14:38  winrate=0.000  n_markets_traded=1.000  herfindahl_index_markets=1.000
12:00:52 [super]   #582   0xd4d451bb48fa4aa82480fc13b0f6a7445d5e2020  prob=0.0777 (raw=0.2183)  vol=$500  trades=2  first_trade=2026-02-09 21:09  winrate=0.000  n_markets_traded=1.000  herfindahl_index_markets=1.000
12:00:52 [super]   #583   0xcf181837087772b67f9021f8a512c2bbe02f8a0d  prob=0.0775 (raw=0.2175)  vol=$90  trades=1  first_trade=2026-02-09 02:34  winrate=0.532  n_markets_traded=47.000  herfindahl_index_markets=0.053
12:00:52 [super]   #584   0x443d0781441e9f523acec94ccbbe080d31ffeca7  prob=0.0774 (raw=0.2173)  vol=$4  trades=1  first_trade=2026-02-08 20:43  winrate=0.300  n_markets_traded=20.000  herfindahl_index_markets=0.074
12:00:52 [super]   #585   0x4aab7c3756b4f5581abb5f846dee034e5276cf43  prob=0.0774 (raw=0.2173)  vol=$5  trades=2  first_trade=2026-02-05 21:53  winrate=NaN  n_markets_traded=0.000  herfindahl_index_markets=0.000
12:00:52 [super]   #586   0x9a8085c6bb47b3fc1dfa382d6089c38ae1000a76  prob=0.0774 (raw=0.2170)  vol=$1,584  trades=10  first_trade=2026-02-09 00:23  winrate=0.000  n_markets_traded=3.000  herfindahl_index_markets=0.375
12:00:52 [super]   #587   0x4daede110b48cacab318f93645615ecdc608c996  prob=0.0770 (raw=0.2160)  vol=$372  trades=6  first_trade=2026-02-08 23:40  winrate=0.214  n_markets_traded=14.000  herfindahl_index_markets=0.097
12:00:52 [super]   #588   0x95ba9535637062153a8fe6f9858f10be0ac462e0  prob=0.0770 (raw=0.2157)  vol=$21,000  trades=4  first_trade=2026-02-09 05:44  winrate=0.000  n_markets_traded=1.000  herfindahl_index_markets=1.000
12:00:52 [super]   #589   0x4e0cc238742d662b1f26e2a3904ecb6b4773562c  prob=0.0770 (raw=0.2157)  vol=$6,667  trades=2  first_trade=2026-02-09 06:11  winrate=0.000  n_markets_traded=1.000  herfindahl_index_markets=1.000
12:00:52 [super]   #590   0x0b9168da5620dfab028b53c753a3be88d585ae77  prob=0.0769 (raw=0.2156)  vol=$6,013  trades=23  first_trade=2026-02-09 01:34  winrate=NaN  n_markets_traded=0.000  herfindahl_index_markets=0.000
12:00:52 [super]   #591   0x692be85ab3e1f2bbd97d2f641f618fbb312cf126  prob=0.0767 (raw=0.2147)  vol=$2,911  trades=20  first_trade=2026-02-08 22:10  winrate=0.000  n_markets_traded=2.000  herfindahl_index_markets=0.990
12:00:52 [super]   #592   0xcde2aa49f6f15c98a24abbdb535d5a7b40fd201d  prob=0.0766 (raw=0.2145)  vol=$99  trades=8  first_trade=2026-02-06 22:59  winrate=0.000  n_markets_traded=2.000  herfindahl_index_markets=0.556
12:00:52 [super]   #593   0x3940f02bca8077d7820578cbe20114c304a70505  prob=0.0763 (raw=0.2136)  vol=$29  trades=4  first_trade=2026-02-02 18:35  winrate=0.353  n_markets_traded=17.000  herfindahl_index_markets=0.103
12:00:52 [super]   #594   0xeccdb09b55fd40f3bcdea93a80692100b709d68a  prob=0.0761 (raw=0.2128)  vol=$13  trades=2  first_trade=2026-01-31 14:43  winrate=NaN  n_markets_traded=0.000  herfindahl_index_markets=0.000
12:00:52 [super]   #595   0xbb82e41405681d877d56c436408d35d389201251  prob=0.0760 (raw=0.2126)  vol=$870  trades=5  first_trade=2026-02-09 00:21  winrate=0.000  n_markets_traded=1.000  herfindahl_index_markets=1.000
12:00:52 [super]   #596   0x623aa9177ba23da601ae3c6ee7ee519e36b3edda  prob=0.0758 (raw=0.2120)  vol=$162  trades=5  first_trade=2026-02-08 20:37  winrate=0.000  n_markets_traded=2.000  herfindahl_index_markets=0.501
12:00:52 [super]   #597   0x0e0e81f395b2f6310c2a9c3c76c5c7ac40ea152e  prob=0.0758 (raw=0.2118)  vol=$1,371  trades=47  first_trade=2026-02-08 20:22  winrate=0.120  n_markets_traded=25.000  herfindahl_index_markets=0.052
12:00:52 [super]   #598   0x09318b769a1e504d980a42f30cadc9230cc5c3ae  prob=0.0758 (raw=0.2117)  vol=$9,973  trades=73  first_trade=2026-02-08 03:27  winrate=0.000  n_markets_traded=1.000  herfindahl_index_markets=1.000
12:00:52 [super]   #599   0x849b7c1721f2a7e19fd30037fdef8a12a0d9706a  prob=0.0756 (raw=0.2113)  vol=$4,377  trades=8  first_trade=2026-02-09 03:49  winrate=0.500  n_markets_traded=30.000  herfindahl_index_markets=0.062
12:00:52 [super]   #600   0x2200ca52b384b17adadd7e54f5279bd8af2628cf  prob=0.0755 (raw=0.2108)  vol=$72  trades=13  first_trade=2026-02-07 21:42  winrate=0.000  n_markets_traded=5.000  herfindahl_index_markets=0.295
12:00:52 [super]   #601   0x33dec7ab77ed87eac4f8ea55b172cf2dbd57c7f4  prob=0.0750 (raw=0.2094)  vol=$384  trades=4  first_trade=2026-02-08 11:50  winrate=0.224  n_markets_traded=67.000  herfindahl_index_markets=0.216
12:00:52 [super]   #602   0x4d87b7da44877129c05fa8aad724643d2b60afd6  prob=0.0750 (raw=0.2093)  vol=$5,170  trades=4  first_trade=2026-02-09 12:23  winrate=0.000  n_markets_traded=1.000  herfindahl_index_markets=1.000
12:00:52 [super]   #603   0xfd068ab4f87f9929eb028df73a2cb4cf6e6ca977  prob=0.0749 (raw=0.2088)  vol=$474  trades=12  first_trade=2026-02-09 00:45  winrate=0.400  n_markets_traded=5.000  herfindahl_index_markets=0.310
12:00:52 [super]   #604   0xa4e445b26295096b40389592914f011d3aebc62a  prob=0.0748 (raw=0.2084)  vol=$32  trades=23  first_trade=2026-02-08 17:35  winrate=NaN  n_markets_traded=0.000  herfindahl_index_markets=0.000
12:00:52 [super]   #605   0x46603630a5742c4ecf25465304317ba94c67cda2  prob=0.0748 (raw=0.2084)  vol=$175  trades=8  first_trade=2026-01-14 15:25  winrate=0.000  n_markets_traded=2.000  herfindahl_index_markets=0.500
12:00:52 [super]   #606   0xaa6b0ebf18ababc314b02514338ad68864ab22bf  prob=0.0746 (raw=0.2079)  vol=$500  trades=2  first_trade=2026-02-09 11:37  winrate=0.000  n_markets_traded=2.000  herfindahl_index_markets=0.680
12:00:52 [super]   #607   0xc62bb79d407f889bca34d9c84def2683177a625d  prob=0.0745 (raw=0.2077)  vol=$2,349  trades=5  first_trade=2026-02-09 02:12  winrate=0.457  n_markets_traded=70.000  herfindahl_index_markets=0.056
12:00:52 [super]   #608   0x6828cf41cfee298955db7a0d1f5761364077d32a  prob=0.0743 (raw=0.2070)  vol=$827  trades=7  first_trade=2026-02-08 22:56  winrate=0.500  n_markets_traded=2.000  herfindahl_index_markets=0.634
12:00:52 [super]   #609   0x2411a3701fd813e75d02e2430389c50bf03c7691  prob=0.0743 (raw=0.2070)  vol=$333  trades=2  first_trade=2026-02-09 07:08  winrate=0.000  n_markets_traded=1.000  herfindahl_index_markets=1.000
12:00:52 [super]   #610   0xe89116311d977a0763b776550d50677fe6dab130  prob=0.0742 (raw=0.2066)  vol=$528  trades=10  first_trade=2026-02-08 23:38  winrate=0.000  n_markets_traded=4.000  herfindahl_index_markets=0.346
12:00:52 [super]   #611   0xa9cdbac28147e2e81557cfc9e236aded62fcb120  prob=0.0742 (raw=0.2066)  vol=$579  trades=17  first_trade=2026-02-08 17:23  winrate=0.000  n_markets_traded=6.000  herfindahl_index_markets=0.218
12:00:52 [super]   #612   0xe91fe71a799e774d64363b1be8c741919a952766  prob=0.0742 (raw=0.2066)  vol=$8  trades=4  first_trade=2026-01-18 23:10  winrate=0.167  n_markets_traded=18.000  herfindahl_index_markets=0.665
12:00:52 [super]   #613   0xd80897519e3bd005a952e34c83fcb4d9d722bb1c  prob=0.0741 (raw=0.2061)  vol=$386  trades=2  first_trade=2026-02-09 08:02  winrate=0.600  n_markets_traded=5.000  herfindahl_index_markets=0.373
12:00:52 [super]   #614   0xe9b5e79b773fb71d9fd876f0d18c2f29c9f668a1  prob=0.0740 (raw=0.2059)  vol=$500  trades=2  first_trade=2026-02-09 14:49  winrate=0.000  n_markets_traded=3.000  herfindahl_index_markets=0.375
12:00:52 [super]   #615   0xe642100cf328374d07ce3828a83b4556ceab43b4  prob=0.0740 (raw=0.2057)  vol=$16  trades=4  first_trade=2026-02-09 00:17  winrate=0.364  n_markets_traded=11.000  herfindahl_index_markets=0.215
12:00:52 [super]   #616   0x0b75f78a2a49f33173fe109e9ae8a06aed43e051  prob=0.0740 (raw=0.2057)  vol=$150  trades=4  first_trade=2026-01-18 07:48  winrate=0.083  n_markets_traded=12.000  herfindahl_index_markets=0.136
12:00:52 [super]   #617   0x93475f0fce1330eb1c0da6b47f2e22ec6a66f79d  prob=0.0739 (raw=0.2054)  vol=$42  trades=7  first_trade=2026-02-07 22:43  winrate=NaN  n_markets_traded=NaN  herfindahl_index_markets=NaN
12:00:52 [super]   #618   0x561db65ed0b2b7a5de47ee8f9940a4e89db7efed  prob=0.0737 (raw=0.2049)  vol=$10  trades=3  first_trade=2026-02-08 20:42  winrate=NaN  n_markets_traded=0.000  herfindahl_index_markets=0.000
12:00:52 [super]   #619   0x7476494f826847e09b7f167dc48f3e56842ad670  prob=0.0737 (raw=0.2048)  vol=$1,333  trades=20  first_trade=2026-02-08 21:56  winrate=0.261  n_markets_traded=23.000  herfindahl_index_markets=0.127
12:00:52 [super]   #620   0x52f4c5f8dd0ab07f37f702d0ceaba3c6d4c02dd3  prob=0.0737 (raw=0.2046)  vol=$91  trades=4  first_trade=2026-02-09 01:32  winrate=0.000  n_markets_traded=5.000  herfindahl_index_markets=0.282
12:00:52 [super]   #621   0x35ebd3c0868ad1a0109f87552653c626ccb63770  prob=0.0736 (raw=0.2046)  vol=$157  trades=6  first_trade=2026-02-07 06:37  winrate=0.393  n_markets_traded=28.000  herfindahl_index_markets=0.073
12:00:52 [super]   #622   0x8addaf77ee54779cc0433a38aedff2a468d5a9cb  prob=0.0735 (raw=0.2042)  vol=$140  trades=5  first_trade=2026-02-08 23:22  winrate=0.000  n_markets_traded=3.000  herfindahl_index_markets=0.561
12:00:52 [super]   #623   0x4247c89f4a9236a6b5fb24502023bcc98ab1455f  prob=0.0731 (raw=0.2027)  vol=$52  trades=16  first_trade=2026-01-24 07:35  winrate=NaN  n_markets_traded=0.000  herfindahl_index_markets=0.000
12:00:52 [super]   #624   0x8c38894d4e3d55907b53552a74e0b5d353c2fd63  prob=0.0731 (raw=0.2027)  vol=$293  trades=15  first_trade=2026-02-08 06:59  winrate=0.267  n_markets_traded=30.000  herfindahl_index_markets=0.050
12:00:52 [super]   #625   0xaf03d47dee5105986e13e3d2c73fb7451d83e3cf  prob=0.0731 (raw=0.2026)  vol=$260  trades=6  first_trade=2026-02-09 01:41  winrate=0.531  n_markets_traded=32.000  herfindahl_index_markets=0.058
12:00:52 [super]   #626   0x926c7cdbed5245030595fa495944b8c1d755a86b  prob=0.0728 (raw=0.2017)  vol=$67  trades=3  first_trade=2026-02-09 02:05  winrate=0.438  n_markets_traded=312.000  herfindahl_index_markets=0.018
12:00:52 [super]   #627   0x1f1c76054ffb24252c98320ed1376fbec4244bf2  prob=0.0727 (raw=0.2012)  vol=$181  trades=6  first_trade=2026-02-08 23:43  winrate=0.000  n_markets_traded=4.000  herfindahl_index_markets=0.313
12:00:52 [super]   #628   0x52bc569aef24bda8186b1f13c2705f2c44879be0  prob=0.0722 (raw=0.1997)  vol=$338  trades=4  first_trade=2026-02-09 09:22  winrate=0.000  n_markets_traded=2.000  herfindahl_index_markets=0.539
12:00:52 [super]   #629   0x0f35e2e1a8844cf412ddc23a3088f2eb0e83b680  prob=0.0722 (raw=0.1996)  vol=$15  trades=3  first_trade=2026-01-10 16:59  winrate=0.417  n_markets_traded=12.000  herfindahl_index_markets=0.201
12:00:52 [super]   #630   0x39d8a8839b3c1766aa06be8444073645c74bd5ac  prob=0.0721 (raw=0.1994)  vol=$146  trades=13  first_trade=2026-02-05 07:47  winrate=0.182  n_markets_traded=22.000  herfindahl_index_markets=0.182
12:00:52 [super]   #631   0x88d44436c0844b726597946c470cfafd6fa87793  prob=0.0721 (raw=0.1992)  vol=$8  trades=5  first_trade=2026-02-07 10:44  winrate=0.171  n_markets_traded=35.000  herfindahl_index_markets=0.105
12:00:52 [super]   #632   0xa55c2e6c8551fdfd3489aae1768c419457aee002  prob=0.0718 (raw=0.1982)  vol=$43  trades=7  first_trade=2026-02-08 23:21  winrate=0.000  n_markets_traded=5.000  herfindahl_index_markets=0.284
12:00:52 [super]   #633   0x2e34a9bd069656a55edfd8feb54369119e583354  prob=0.0717 (raw=0.1979)  vol=$333  trades=2  first_trade=2026-02-09 08:17  winrate=0.000  n_markets_traded=1.000  herfindahl_index_markets=1.000
12:00:52 [super]   #634   0x140891ee5c1214859198b80f0a5a4880ba57b4f8  prob=0.0717 (raw=0.1978)  vol=$1,292  trades=578  first_trade=2026-01-31 00:09  winrate=NaN  n_markets_traded=0.000  herfindahl_index_markets=0.000
12:00:52 [super]   #635   0x94e70513e01e6b8007a87184d0fffd8814c62709  prob=0.0713 (raw=0.1966)  vol=$40  trades=4  first_trade=2026-02-09 01:33  winrate=0.250  n_markets_traded=4.000  herfindahl_index_markets=0.539
12:00:52 [super]   #636   0x7245003e8e868647c3dbcb3362df719a2515f1c3  prob=0.0710 (raw=0.1954)  vol=$1,015  trades=5  first_trade=2026-02-08 19:51  winrate=0.500  n_markets_traded=103.000  herfindahl_index_markets=0.031
12:00:52 [super]   #637   0x2d063e3807cc14f98d354dee15404b3309e479bb  prob=0.0710 (raw=0.1954)  vol=$4  trades=4  first_trade=2026-02-08 20:38  winrate=0.200  n_markets_traded=5.000  herfindahl_index_markets=0.233
12:00:52 [super]   #638   0x93b56c1c468b42c86c607c8098904d3ca3f46650  prob=0.0709 (raw=0.1950)  vol=$2  trades=4  first_trade=2026-02-09 22:50  winrate=0.000  n_markets_traded=3.000  herfindahl_index_markets=0.389
12:00:52 [super]   #639   0xec48c76b149c9426eef806e44c68f0b1e5120bd6  prob=0.0709 (raw=0.1949)  vol=$48,029  trades=160  first_trade=2026-02-08 05:43  winrate=0.167  n_markets_traded=6.000  herfindahl_index_markets=0.738
12:00:52 [super]   #640   0x745f8e1692825033b2bd03bc2de8a20324bfab33  prob=0.0708 (raw=0.1948)  vol=$62  trades=8  first_trade=2026-01-27 00:51  winrate=0.067  n_markets_traded=15.000  herfindahl_index_markets=0.171
12:00:52 [super]   #641   0xf1ff90e15f0a86c80b3fb213791cdbea562d38f5  prob=0.0708 (raw=0.1948)  vol=$4,076  trades=9  first_trade=2026-02-09 02:29  winrate=0.000  n_markets_traded=2.000  herfindahl_index_markets=0.501
12:00:52 [super]   #642   0xf837a94a0473e7ca644aceaf23d845599c456283  prob=0.0707 (raw=0.1943)  vol=$49  trades=6  first_trade=2026-02-09 01:05  winrate=0.267  n_markets_traded=15.000  herfindahl_index_markets=0.135
12:00:52 [super]   #643   0x9b8deb5062fcb21ca81a8e8cdf44f0eac8afae09  prob=0.0707 (raw=0.1942)  vol=$19,611  trades=135  first_trade=2026-01-24 07:30  winrate=0.000  n_markets_traded=1.000  herfindahl_index_markets=1.000
12:00:52 [super]   #644   0x636550c62b0c5696927a2e5a8c41b141f3d1ebb1  prob=0.0706 (raw=0.1939)  vol=$2  trades=2  first_trade=2025-06-26 13:09  winrate=0.300  n_markets_traded=10.000  herfindahl_index_markets=0.220
12:00:52 [super]   #645   0xb38a622010472cdaeb2f45a68f89266d0f617a68  prob=0.0705 (raw=0.1935)  vol=$4  trades=4  first_trade=2026-02-05 12:40  winrate=0.000  n_markets_traded=2.000  herfindahl_index_markets=0.500
12:00:52 [super]   #646   0xe338788440540aeab16a97eb0d7ac96a53c27c66  prob=0.0705 (raw=0.1935)  vol=$85,000  trades=4  first_trade=2026-02-12 01:16  winrate=0.000  n_markets_traded=1.000  herfindahl_index_markets=1.000
12:00:52 [super]   #647   0x170f4cae9930647c622fc47c909d3bc738bb790b  prob=0.0704 (raw=0.1933)  vol=$409  trades=9  first_trade=2026-02-09 01:23  winrate=0.397  n_markets_traded=131.000  herfindahl_index_markets=0.015
12:00:52 [super]   #648   0x042746fb7c5cbacdfc956c1dc1f9dced5eee1cba  prob=0.0704 (raw=0.1932)  vol=$5  trades=4  first_trade=2025-09-30 17:14  winrate=0.000  n_markets_traded=7.000  herfindahl_index_markets=0.183
12:00:52 [super]   #649   0x87e847242bf71a56cd5a8c331fcae113c3fd3917  prob=0.0702 (raw=0.1927)  vol=$4  trades=4  first_trade=2026-02-08 19:06  winrate=0.178  n_markets_traded=45.000  herfindahl_index_markets=0.061
12:00:52 [super]   #650   0x1775de4e5311e4f9f650fc5aa5dbf708a431e3c0  prob=0.0702 (raw=0.1924)  vol=$152  trades=18  first_trade=2026-02-08 22:40  winrate=0.200  n_markets_traded=10.000  herfindahl_index_markets=0.162
12:00:52 [super]   #651   0x31cebd98f8242bcbc0691868b88d3aaa98a466d7  prob=0.0702 (raw=0.1924)  vol=$16,050  trades=28  first_trade=2026-02-09 01:17  winrate=0.000  n_markets_traded=1.000  herfindahl_index_markets=1.000
12:00:52 [super]   #652   0x8582229d649a7b0e748153290ecdf8bb3dd99254  prob=0.0700 (raw=0.1919)  vol=$40  trades=4  first_trade=2026-02-09 07:47  winrate=0.000  n_markets_traded=7.000  herfindahl_index_markets=0.316
12:00:52 [super]   #653   0x6799bfc4d81083c79e6611222de9f2e5966687cb  prob=0.0699 (raw=0.1914)  vol=$33,652  trades=146  first_trade=2026-02-08 21:53  winrate=0.200  n_markets_traded=15.000  herfindahl_index_markets=0.130
12:00:52 [super]   #654   0x31c4b4093e3e473ec29e35b3d96334c285cf6e7a  prob=0.0699 (raw=0.1914)  vol=$40  trades=8  first_trade=2026-01-10 13:57  winrate=0.190  n_markets_traded=21.000  herfindahl_index_markets=0.117
12:00:52 [super]   #655   0x37d9fdf1586846b63f67436841d85caf8989fe4f  prob=0.0698 (raw=0.1912)  vol=$1,000  trades=2  first_trade=2026-02-11 03:16  winrate=0.375  n_markets_traded=8.000  herfindahl_index_markets=0.190
12:00:52 [super]   #656   0x643d91fe9e3d8a9f15cd31cad5bd83512465f7dd  prob=0.0697 (raw=0.1907)  vol=$135  trades=13  first_trade=2026-02-07 23:04  winrate=NaN  n_markets_traded=0.000  herfindahl_index_markets=0.000
12:00:52 [super]   #657   0x35838f8a784872f9303884c7d9a0a7548aca0c79  prob=0.0696 (raw=0.1903)  vol=$333  trades=2  first_trade=2026-02-09 06:20  winrate=0.762  n_markets_traded=21.000  herfindahl_index_markets=0.065
12:00:52 [super]   #658   0x7787e756717ddc2108257f2b3a55e6c04d548c41  prob=0.0696 (raw=0.1902)  vol=$10,000  trades=2  first_trade=2026-02-10 16:17  winrate=0.182  n_markets_traded=11.000  herfindahl_index_markets=0.251
12:00:52 [super]   #659   0x8bbbbe695ce0bc320b90f69c4333d34ce8370c8c  prob=0.0695 (raw=0.1899)  vol=$21  trades=22  first_trade=2026-02-08 19:25  winrate=NaN  n_markets_traded=0.000  herfindahl_index_markets=0.000
12:00:52 [super]   #660   0xb1228005acffac2317581f1135e13d86c4f99958  prob=0.0693 (raw=0.1894)  vol=$6  trades=3  first_trade=2026-01-10 13:11  winrate=0.238  n_markets_traded=21.000  herfindahl_index_markets=0.101
12:00:52 [super]   #661   0x218a13cb7a3c1cdc9673646aa3f90620b45aaef1  prob=0.0693 (raw=0.1893)  vol=$120  trades=11  first_trade=2026-01-10 05:14  winrate=NaN  n_markets_traded=NaN  herfindahl_index_markets=NaN
12:00:52 [super]   #662   0x1e55408f217f58facdf1d663c74cfa7f55e9e3e2  prob=0.0690 (raw=0.1882)  vol=$544  trades=7  first_trade=2026-02-09 01:36  winrate=0.250  n_markets_traded=12.000  herfindahl_index_markets=0.216
12:00:52 [super]   #663   0x923b8f5a0a9cfa6b7c915a8ccb0dd6dbe102ba0c  prob=0.0690 (raw=0.1882)  vol=$584  trades=5  first_trade=2026-02-08 23:00  winrate=0.000  n_markets_traded=1.000  herfindahl_index_markets=1.000
12:00:52 [super]   #664   0x327a1d7ba0487e1171fb369a4ff43f7cd8ecf953  prob=0.0690 (raw=0.1881)  vol=$25  trades=4  first_trade=2026-02-04 20:35  winrate=0.000  n_markets_traded=9.000  herfindahl_index_markets=0.150
12:00:52 [super]   #665   0x2d5ae62a02aebbcf97f1bb40cc4f9606390132e5  prob=0.0689 (raw=0.1877)  vol=$868  trades=5  first_trade=2026-02-09 13:11  winrate=0.143  n_markets_traded=7.000  herfindahl_index_markets=0.188
12:00:52 [super]   #666   0x10e053554b8ee1ccc538f567ba4ab3756f25c736  prob=0.0684 (raw=0.1861)  vol=$1,399  trades=4  first_trade=2026-02-09 01:22  winrate=0.333  n_markets_traded=15.000  herfindahl_index_markets=0.154
12:00:52 [super]   #667   0xe0491554215aae980cec74dc544f120174e9b683  prob=0.0684 (raw=0.1861)  vol=$19  trades=4  first_trade=2026-02-08 23:20  winrate=0.111  n_markets_traded=9.000  herfindahl_index_markets=0.304
12:00:52 [super]   #668   0x9c05b112a5f8ee9c0279ac1279472764640da019  prob=0.0683 (raw=0.1856)  vol=$2  trades=4  first_trade=2026-02-08 22:51  winrate=NaN  n_markets_traded=NaN  herfindahl_index_markets=NaN
12:00:52 [super]   #669   0x0bbe5a1a85ee86bec1b3c9232bb923fe8695f9da  prob=0.0681 (raw=0.1851)  vol=$107  trades=4  first_trade=2026-02-08 22:02  winrate=0.130  n_markets_traded=23.000  herfindahl_index_markets=0.131
12:00:52 [super]   #670   0xad9fdc63815f6325c12db88d2d172b1cdc2c8e69  prob=0.0680 (raw=0.1847)  vol=$10  trades=3  first_trade=2026-01-10 21:53  winrate=0.125  n_markets_traded=16.000  herfindahl_index_markets=0.100
12:00:52 [super]   #671   0xa2473c6f59e96e7e765aa2b0280d452a9819ac4d  prob=0.0680 (raw=0.1844)  vol=$10  trades=6  first_trade=2026-02-09 01:44  winrate=0.846  n_markets_traded=39.000  herfindahl_index_markets=0.049
12:00:52 [super]   #672   0xf327bd1f59a9cd3220574f054e94e46960844084  prob=0.0679 (raw=0.1842)  vol=$87  trades=8  first_trade=2026-02-09 01:58  winrate=0.419  n_markets_traded=43.000  herfindahl_index_markets=0.067
12:00:52 [super]   #673   0xa936b25645cbe534720130f95b131777fc53668a  prob=0.0678 (raw=0.1839)  vol=$500  trades=2  first_trade=2026-02-09 14:54  winrate=0.000  n_markets_traded=4.000  herfindahl_index_markets=0.250
12:00:52 [super]   #674   0xc7b0e8c9268712b3bc6c40291f5027ead8d6203b  prob=0.0677 (raw=0.1836)  vol=$700  trades=43  first_trade=2026-02-06 20:25  winrate=0.480  n_markets_traded=152.000  herfindahl_index_markets=0.023
12:00:52 [super]   #675   0x010721b373352aa499d910662d66b1f45b86677b  prob=0.0673 (raw=0.1819)  vol=$3,333  trades=2  first_trade=2026-02-09 13:47  winrate=0.571  n_markets_traded=7.000  herfindahl_index_markets=0.164
12:00:52 [super]   #676   0x33da7714af57d637b96925cf4f99dfa1eb9c72dc  prob=0.0673 (raw=0.1818)  vol=$351  trades=7  first_trade=2026-02-07 14:26  winrate=0.000  n_markets_traded=1.000  herfindahl_index_markets=1.000
12:00:52 [super]   #677   0x1d9053e7a40b27d5721bb46b69a13690bb2e1e8b  prob=0.0672 (raw=0.1816)  vol=$40  trades=5  first_trade=2026-01-30 11:43  winrate=0.000  n_markets_traded=5.000  herfindahl_index_markets=0.657
12:00:52 [super]   #678   0x104535bedf89c13356d1991c9e11d57c5431970a  prob=0.0671 (raw=0.1812)  vol=$5  trades=4  first_trade=2026-02-09 03:49  winrate=0.357  n_markets_traded=14.000  herfindahl_index_markets=0.207
12:00:52 [super]   #679   0xd29d3522706c6189cdc6abd19c7c083cc4082ac1  prob=0.0671 (raw=0.1811)  vol=$24  trades=11  first_trade=2026-02-05 15:05  winrate=0.000  n_markets_traded=250.000  herfindahl_index_markets=0.006
12:00:52 [super]   #680   0x2489748674a285e0f32cec1a43787a9f496a60f1  prob=0.0668 (raw=0.1802)  vol=$134  trades=11  first_trade=2026-01-18 11:50  winrate=0.000  n_markets_traded=3.000  herfindahl_index_markets=0.368
12:00:52 [super]   #681   0xec1414be71739ade0a6fbf817cbecbf5d80c2a1c  prob=0.0667 (raw=0.1796)  vol=$12  trades=4  first_trade=2026-01-18 21:18  winrate=0.000  n_markets_traded=6.000  herfindahl_index_markets=0.205
12:00:52 [super]   #682   0xaf35ed1deea59d6cca8c67e282819bdbc8498f06  prob=0.0666 (raw=0.1795)  vol=$3,529  trades=3  first_trade=2026-02-08 14:40  winrate=0.500  n_markets_traded=38.000  herfindahl_index_markets=0.046
12:00:52 [super]   #683   0x6c9812fdea41407fc4688c1c689a860b276bd6c6  prob=0.0666 (raw=0.1793)  vol=$12  trades=4  first_trade=2026-02-08 16:07  winrate=NaN  n_markets_traded=0.000  herfindahl_index_markets=0.000
12:00:52 [super]   #684   0x47251524bdc70a553ee07e6d3be4f080b0fd619b  prob=0.0665 (raw=0.1791)  vol=$1,402  trades=10  first_trade=2026-02-09 01:54  winrate=0.500  n_markets_traded=118.000  herfindahl_index_markets=0.046
12:00:52 [super]   #685   0x3f11241fbf0e6eee28e78b63cea0a6d8044b157a  prob=0.0665 (raw=0.1789)  vol=$100  trades=2  first_trade=2026-02-08 21:53  winrate=0.378  n_markets_traded=73.000  herfindahl_index_markets=0.063
12:00:52 [super]   #686   0x1df64392559c883ccebea8942996f20e66b4f632  prob=0.0664 (raw=0.1788)  vol=$4  trades=2  first_trade=2026-02-09 09:40  winrate=0.000  n_markets_traded=4.000  herfindahl_index_markets=0.336
12:00:52 [super]   #687   0x7bb7bdb1c890f76416d38e7e8dc9a8a58e616e92  prob=0.0660 (raw=0.1771)  vol=$49,419  trades=174  first_trade=2026-02-06 19:31  winrate=0.333  n_markets_traded=24.000  herfindahl_index_markets=0.111
12:00:52 [super]   #688   0xf9c222856129e0ef54c7ab8029e23c3f2af8276f  prob=0.0659 (raw=0.1768)  vol=$14  trades=5  first_trade=2026-02-08 21:10  winrate=0.333  n_markets_traded=24.000  herfindahl_index_markets=0.055
12:00:52 [super]   #689   0x2de4d69681819f3797024a22aaa53be7b407c8e6  prob=0.0659 (raw=0.1765)  vol=$13  trades=4  first_trade=2026-02-07 09:54  winrate=NaN  n_markets_traded=0.000  herfindahl_index_markets=0.000
12:00:52 [super]   #690   0xee671e85926697a8e216c976b8f727818c417d5a  prob=0.0658 (raw=0.1762)  vol=$459  trades=16  first_trade=2026-02-09 00:32  winrate=0.410  n_markets_traded=61.000  herfindahl_index_markets=0.087
12:00:52 [super]   #691   0x6e5d0d89c8134a1548f5fb9b7497a2eb04541e1a  prob=0.0656 (raw=0.1756)  vol=$45  trades=9  first_trade=2026-02-09 01:29  winrate=0.000  n_markets_traded=3.000  herfindahl_index_markets=0.372
12:00:52 [super]   #692   0x910eea0e0b27cc5f103622c5e2baf1fd14328fc3  prob=0.0654 (raw=0.1748)  vol=$16,036  trades=17  first_trade=2026-02-08 20:18  winrate=0.000  n_markets_traded=5.000  herfindahl_index_markets=0.532
12:00:52 [super]   #693   0xc05932db8a5dae5b6813c2d09535c429604cd565  prob=0.0654 (raw=0.1747)  vol=$31  trades=2  first_trade=2026-02-08 21:55  winrate=0.500  n_markets_traded=2.000  herfindahl_index_markets=0.770
12:00:52 [super]   #694   0xd3ba95052406df0a67e60861be0d831373ec33b9  prob=0.0653 (raw=0.1745)  vol=$40  trades=2  first_trade=2026-02-09 01:45  winrate=NaN  n_markets_traded=0.000  herfindahl_index_markets=0.000
12:00:52 [super]   #695   0x8bf285f4b6b081495c00d2429dccab737c360f0d  prob=0.0653 (raw=0.1743)  vol=$38  trades=4  first_trade=2026-02-08 22:52  winrate=0.000  n_markets_traded=3.000  herfindahl_index_markets=0.391
12:00:52 [super]   #696   0x0c3d82d49c45086689932cec2543eab0cbb98ab8  prob=0.0653 (raw=0.1743)  vol=$13  trades=5  first_trade=2026-01-19 06:55  winrate=0.000  n_markets_traded=1.000  herfindahl_index_markets=1.000
12:00:52 [super]   #697   0xb713f42e8764ecdd3a500cca7dcb1284a413f288  prob=0.0650 (raw=0.1732)  vol=$5  trades=6  first_trade=2026-02-09 02:09  winrate=NaN  n_markets_traded=0.000  herfindahl_index_markets=0.000
12:00:52 [super]   #698   0xe5705b8d7894cfd9be0f19f7536886937acde821  prob=0.0649 (raw=0.1729)  vol=$59  trades=5  first_trade=2026-02-09 01:16  winrate=0.413  n_markets_traded=46.000  herfindahl_index_markets=0.052
12:00:52 [super]   #699   0x18ee22e23d5246973ead7fef830054e0df141bf2  prob=0.0648 (raw=0.1726)  vol=$21  trades=15  first_trade=2026-02-09 01:31  winrate=0.167  n_markets_traded=24.000  herfindahl_index_markets=0.073
12:00:52 [super]   #700   0xb51a5caead34bfac706d55db1efe042d4768df95  prob=0.0648 (raw=0.1723)  vol=$1,000  trades=2  first_trade=2026-02-10 05:25  winrate=0.000  n_markets_traded=6.000  herfindahl_index_markets=0.194
12:00:52 [super]   #701   0xd7543443763a7f80e4eee3949de66549107fbd43  prob=0.0647 (raw=0.1719)  vol=$24,024  trades=109  first_trade=2026-02-09 01:04  winrate=0.000  n_markets_traded=1.000  herfindahl_index_markets=1.000
12:00:52 [super]   #702   0x7c33a9135c1cf344a3524852138553f41233e721  prob=0.0646 (raw=0.1717)  vol=$8  trades=6  first_trade=2026-02-09 02:09  winrate=0.446  n_markets_traded=59.000  herfindahl_index_markets=0.088
12:00:52 [super]   #703   0x3f90ca9f242e30e23b508839b3a24a4741ff3a11  prob=0.0646 (raw=0.1717)  vol=$10  trades=4  first_trade=2026-02-07 15:06  winrate=0.000  n_markets_traded=3.000  herfindahl_index_markets=0.487
12:00:52 [super]   #704   0x8dd896785a255dd021be8f515731a87ad5f8cca3  prob=0.0646 (raw=0.1716)  vol=$268  trades=7  first_trade=2026-02-06 21:20  winrate=0.778  n_markets_traded=18.000  herfindahl_index_markets=0.085
12:00:52 [super]   #705   0x4754530aa7165c28f3a0d8d1d97210372f438676  prob=0.0644 (raw=0.1711)  vol=$12  trades=3  first_trade=2026-01-10 20:30  winrate=0.214  n_markets_traded=28.000  herfindahl_index_markets=0.215
12:00:52 [super]   #706   0x0e288f0d29b7a6ef7afcc14371fc8bed3cf4090b  prob=0.0643 (raw=0.1707)  vol=$4  trades=4  first_trade=2026-02-09 01:23  winrate=0.714  n_markets_traded=7.000  herfindahl_index_markets=0.277
12:00:52 [super]   #707   0xb39909c5bfe271f2165db8b9084412f61634b61f  prob=0.0642 (raw=0.1702)  vol=$3,142  trades=45  first_trade=2026-01-31 14:19  winrate=0.538  n_markets_traded=39.000  herfindahl_index_markets=0.044
12:00:52 [super]   #708   0xbb015bb4009b6a48bfb9363d9c9b1d54e9ab02e5  prob=0.0639 (raw=0.1692)  vol=$3,422  trades=19  first_trade=2026-02-09 01:35  winrate=0.738  n_markets_traded=434.000  herfindahl_index_markets=0.011
12:00:52 [super]   #709   0x1006df2804f175896ede1587a31aa48538b3e0e0  prob=0.0639 (raw=0.1692)  vol=$35  trades=4  first_trade=2026-02-09 04:02  winrate=0.294  n_markets_traded=17.000  herfindahl_index_markets=0.238
12:00:52 [super]   #710   0xb475b5604dd7f1f978161788baf7fcdcf5522ed2  prob=0.0639 (raw=0.1688)  vol=$161  trades=8  first_trade=2026-02-08 21:56  winrate=0.571  n_markets_traded=21.000  herfindahl_index_markets=0.108
12:00:52 [super]   #711   0xdd1e4030f18358b369368cea179fc5fb741cbb0f  prob=0.0639 (raw=0.1688)  vol=$9  trades=5  first_trade=2026-02-08 14:33  winrate=0.349  n_markets_traded=43.000  herfindahl_index_markets=0.050
12:00:52 [super]   #712   0x11a3763adf9508803f7c3a51327016ada6337068  prob=0.0637 (raw=0.1683)  vol=$31  trades=6  first_trade=2025-10-19 15:12  winrate=0.300  n_markets_traded=10.000  herfindahl_index_markets=0.232
12:00:52 [super]   #713   0xfbfc90a03240a2599ff32888baf60d3f445fa7c0  prob=0.0637 (raw=0.1680)  vol=$6,055  trades=15  first_trade=2026-02-09 02:02  winrate=0.190  n_markets_traded=42.000  herfindahl_index_markets=0.340
12:00:52 [super]   #714   0x680c763f70e26de128a71d48bfacc5664078ed9e  prob=0.0636 (raw=0.1679)  vol=$143  trades=4  first_trade=2026-02-09 03:39  winrate=0.000  n_markets_traded=5.000  herfindahl_index_markets=0.270
12:00:52 [super]   #715   0x6ab6c578b0d9110c5bb97170434f03a624af51ce  prob=0.0636 (raw=0.1677)  vol=$116  trades=4  first_trade=2026-02-09 01:22  winrate=NaN  n_markets_traded=NaN  herfindahl_index_markets=NaN
12:00:52 [super]   #716   0xe558affff90b05b726c08d36b4019ada408536d0  prob=0.0635 (raw=0.1674)  vol=$3  trades=2  first_trade=2026-02-09 01:37  winrate=0.311  n_markets_traded=61.000  herfindahl_index_markets=0.041
12:00:52 [super]   #717   0xe97e1c9492ca797906c4279befbd3849522809ec  prob=0.0634 (raw=0.1671)  vol=$43  trades=12  first_trade=2026-02-07 19:41  winrate=0.000  n_markets_traded=2.000  herfindahl_index_markets=0.555
12:00:52 [super]   #718   0x0f222adce9a69ff8e28ea3025231945887528678  prob=0.0632 (raw=0.1662)  vol=$14  trades=3  first_trade=2026-01-10 14:26  winrate=0.167  n_markets_traded=18.000  herfindahl_index_markets=0.124
12:00:52 [super]   #719   0xd7389b86ad1a1305c30f9654441f8574c990eeee  prob=0.0632 (raw=0.1661)  vol=$237  trades=5  first_trade=2026-02-08 23:38  winrate=0.500  n_markets_traded=78.000  herfindahl_index_markets=0.033
12:00:52 [super]   #720   0x48561b46783076ce559cb9ace59f50355bae5059  prob=0.0630 (raw=0.1655)  vol=$2,080  trades=14  first_trade=2026-02-08 21:38  winrate=0.000  n_markets_traded=2.000  herfindahl_index_markets=0.681
12:00:52 [super]   #721   0xb7f85fc0cffeab7ecc2d4fc2bf9387e9d6652f56  prob=0.0630 (raw=0.1655)  vol=$60  trades=4  first_trade=2026-02-08 22:54  winrate=0.483  n_markets_traded=58.000  herfindahl_index_markets=0.128
12:00:52 [super]   #722   0x2a2b7434de8616dca3dd5644dd1573572bc32030  prob=0.0629 (raw=0.1650)  vol=$34  trades=3  first_trade=2026-02-08 21:35  winrate=0.485  n_markets_traded=198.000  herfindahl_index_markets=0.021
12:00:52 [super]   #723   0xe8f75b61e38adf264bbe610de6fbe094384586d5  prob=0.0627 (raw=0.1642)  vol=$118  trades=4  first_trade=2026-02-08 09:27  winrate=0.333  n_markets_traded=24.000  herfindahl_index_markets=0.102
12:00:52 [super]   #724   0x5c908bbc99e7487b3948103c48ff7e0e17da8fac  prob=0.0626 (raw=0.1638)  vol=$8  trades=4  first_trade=2026-01-24 10:57  winrate=0.422  n_markets_traded=116.000  herfindahl_index_markets=0.015
12:00:52 [super]   #725   0x0feed712996b2604aa70fbbae4838841d17e3f49  prob=0.0625 (raw=0.1634)  vol=$1,333  trades=14  first_trade=2026-02-11 22:08  winrate=0.000  n_markets_traded=2.000  herfindahl_index_markets=0.593
12:00:52 [super]   #726   0xdde983fbce06b0c9f2b6bc25ab0a44012b3d4bd5  prob=0.0625 (raw=0.1633)  vol=$12  trades=4  first_trade=2026-02-09 01:13  winrate=0.429  n_markets_traded=7.000  herfindahl_index_markets=0.569
12:00:52 [super]   #727   0x7e307bba0f9794857bbe234cc3ea5dc156552839  prob=0.0621 (raw=0.1618)  vol=$14  trades=1  first_trade=2026-02-09 01:46  winrate=0.426  n_markets_traded=53.000  herfindahl_index_markets=0.055
12:00:52 [super]   #728   0xcb65e0d3d7bb9dee86be6203544d0629f75d1782  prob=0.0619 (raw=0.1609)  vol=$5  trades=4  first_trade=2026-01-24 11:50  winrate=0.091  n_markets_traded=22.000  herfindahl_index_markets=0.101
12:00:52 [super]   #729   0x55f5efddb3ce324cc2eabd22c1b30642512a27e9  prob=0.0618 (raw=0.1607)  vol=$21,558  trades=114  first_trade=2026-02-07 02:13  winrate=0.200  n_markets_traded=5.000  herfindahl_index_markets=0.387
12:00:52 [super]   #730   0xeb6166a002f41e1993a6d12a64afd00db7c15d64  prob=0.0618 (raw=0.1607)  vol=$535  trades=69  first_trade=2026-02-08 15:19  winrate=NaN  n_markets_traded=0.000  herfindahl_index_markets=0.000
12:00:52 [super]   #731   0x4fac9b37084ca17e0d418699061c5944c198ecac  prob=0.0618 (raw=0.1605)  vol=$30  trades=8  first_trade=2026-01-31 19:36  winrate=0.000  n_markets_traded=10.000  herfindahl_index_markets=0.372
12:00:52 [super]   #732   0xab78d6a37505752c4a19408005f8c296af92fac0  prob=0.0617 (raw=0.1603)  vol=$40,086  trades=782  first_trade=2026-02-05 17:06  winrate=NaN  n_markets_traded=0.000  herfindahl_index_markets=0.000
12:00:52 [super]   #733   0xff4ff30a552f51b64e61f906c041ac27dccaa563  prob=0.0617 (raw=0.1602)  vol=$23  trades=3  first_trade=2026-02-07 04:33  winrate=0.471  n_markets_traded=34.000  herfindahl_index_markets=0.144
12:00:52 [super]   #734   0xf4165309a3b551ebb1a12edb0a0510bf62be6ec9  prob=0.0616 (raw=0.1599)  vol=$1,096  trades=31  first_trade=2025-11-26 20:52  winrate=NaN  n_markets_traded=0.000  herfindahl_index_markets=0.000
12:00:52 [super]   #735   0xd9ad841f52d4b277e2ff291067338cd89e606e72  prob=0.0614 (raw=0.1591)  vol=$2,990  trades=3  first_trade=2026-02-09 05:32  winrate=0.735  n_markets_traded=34.000  herfindahl_index_markets=0.118
12:00:52 [super]   #736   0xe72bb501df5306c75c89383d48a1e81073fbb0a0  prob=0.0614 (raw=0.1591)  vol=$1,856  trades=9  first_trade=2026-02-06 07:29  winrate=NaN  n_markets_traded=0.000  herfindahl_index_markets=0.000
12:00:52 [super]   #737   0x4f82049ab66fb05d657f8f72c3f1736c48f288fd  prob=0.0613 (raw=0.1586)  vol=$25  trades=5  first_trade=2026-02-07 04:30  winrate=0.515  n_markets_traded=33.000  herfindahl_index_markets=0.150
12:00:52 [super]   #738   0x5f87685691cdfdc6a458ff79b5d1414145469e68  prob=0.0613 (raw=0.1585)  vol=$86  trades=4  first_trade=2026-02-09 02:15  winrate=0.167  n_markets_traded=6.000  herfindahl_index_markets=0.209
12:00:52 [super]   #739   0x28b7b6b19da4fff0e746ac2c0d43b1be0956ece8  prob=0.0613 (raw=0.1585)  vol=$18  trades=7  first_trade=2025-09-29 02:29  winrate=0.438  n_markets_traded=32.000  herfindahl_index_markets=0.044
12:00:52 [super]   #740   0x2522c84e336bc2904d74805e2fc91795fe4f3255  prob=0.0612 (raw=0.1581)  vol=$5,665  trades=7  first_trade=2026-02-09 04:04  winrate=0.000  n_markets_traded=1.000  herfindahl_index_markets=1.000
12:00:52 [super]   #741   0xd16818b92a2e33f480284fe65b4252dfd35b8ce9  prob=0.0611 (raw=0.1580)  vol=$53  trades=4  first_trade=2026-02-08 18:51  winrate=0.426  n_markets_traded=47.000  herfindahl_index_markets=0.042
12:00:52 [super]   #742   0xe86bd513ee0e7079ca0bd51b2cbe07d16e8f9371  prob=0.0611 (raw=0.1580)  vol=$308  trades=4  first_trade=2026-02-09 03:48  winrate=0.618  n_markets_traded=55.000  herfindahl_index_markets=0.053
12:00:52 [super]   #743   0xea453250d25100590326192e93720a397a29e748  prob=0.0611 (raw=0.1578)  vol=$20  trades=3  first_trade=2026-01-02 05:25  winrate=0.000  n_markets_traded=69.000  herfindahl_index_markets=0.034
12:00:52 [super]   #744   0x8dbeaf49375cac027c756a872ec647ce42e10734  prob=0.0611 (raw=0.1578)  vol=$4  trades=4  first_trade=2026-01-18 01:59  winrate=0.286  n_markets_traded=14.000  herfindahl_index_markets=0.135
12:00:52 [super]   #745   0xbc9928c2041a21ed5700109d15e6c44f4df9a6f9  prob=0.0611 (raw=0.1576)  vol=$149  trades=7  first_trade=2026-02-04 04:21  winrate=0.000  n_markets_traded=10.000  herfindahl_index_markets=0.157
12:00:52 [super]   #746   0x1984c66273ee7f4004e02a2ca1d8fed2f611faba  prob=0.0607 (raw=0.1563)  vol=$8,835  trades=46  first_trade=2026-02-08 20:11  winrate=0.000  n_markets_traded=1.000  herfindahl_index_markets=1.000
12:00:52 [super]   #747   0xebc0df15e665da95bf819105b723ae90042ffa41  prob=0.0607 (raw=0.1563)  vol=$400  trades=3  first_trade=2026-02-09 01:40  winrate=NaN  n_markets_traded=0.000  herfindahl_index_markets=0.000
12:00:52 [super]   #748   0xc15128cc737b57d30f47e8c6f080a0ae3e0b9e94  prob=0.0607 (raw=0.1562)  vol=$9  trades=3  first_trade=2026-02-08 23:24  winrate=0.214  n_markets_traded=42.000  herfindahl_index_markets=0.186
12:00:52 [super]   #749   0xdadb3971ea28417e9726cf137c59de8d8e8ca00c  prob=0.0607 (raw=0.1560)  vol=$200  trades=6  first_trade=2026-02-07 21:27  winrate=0.053  n_markets_traded=19.000  herfindahl_index_markets=0.076
12:00:52 [super]   #750   0x269af8d4c4a275572ae030d5da54c7831efa190e  prob=0.0607 (raw=0.1560)  vol=$47  trades=5  first_trade=2026-02-09 00:43  winrate=0.533  n_markets_traded=45.000  herfindahl_index_markets=0.125
12:00:52 [super]   #751   0x5a3eb45847541c4402cd009323904c0f7cc21790  prob=0.0606 (raw=0.1558)  vol=$213  trades=1  first_trade=2026-02-09 00:34  winrate=0.250  n_markets_traded=4.000  herfindahl_index_markets=0.416
12:00:52 [super]   #752   0x1a37856fb0abf370386466ac83b13e31e17b6984  prob=0.0605 (raw=0.1553)  vol=$5,541  trades=16  first_trade=2026-02-08 20:26  winrate=0.656  n_markets_traded=60.000  herfindahl_index_markets=0.089
12:00:52 [super]   #753   0x4cc029f72288db3efe4da9201786f58ecda18100  prob=0.0603 (raw=0.1545)  vol=$89  trades=33  first_trade=2026-01-11 20:08  winrate=NaN  n_markets_traded=0.000  herfindahl_index_markets=0.000
12:00:52 [super]   #754   0xb85697d04f7b270a5d9b0a1ee2c28cb180ad8fb6  prob=0.0602 (raw=0.1543)  vol=$4  trades=3  first_trade=2026-01-19 00:11  winrate=NaN  n_markets_traded=0.000  herfindahl_index_markets=0.000
12:00:52 [super]   #755   0xfcbab35671472409af41a127980f18043a762398  prob=0.0601 (raw=0.1539)  vol=$247  trades=72  first_trade=2026-02-06 23:51  winrate=NaN  n_markets_traded=0.000  herfindahl_index_markets=0.000
12:00:52 [super]   #756   0x91b7b69079e3161e06708365a17457407cb21d13  prob=0.0600 (raw=0.1534)  vol=$122  trades=19  first_trade=2026-02-08 22:40  winrate=0.484  n_markets_traded=31.000  herfindahl_index_markets=0.125
12:00:52 [super]   #757   0x8a08fc0f92692bbc58c5eea0b7408a50d36e8f5a  prob=0.0600 (raw=0.1533)  vol=$215  trades=72  first_trade=2026-02-06 16:18  winrate=0.000  n_markets_traded=14.000  herfindahl_index_markets=0.178
12:00:52 [super]   #758   0xa5497c92c4b9e87e04f2a9f1e197275c7435c7ec  prob=0.0600 (raw=0.1533)  vol=$78  trades=6  first_trade=2026-01-27 04:22  winrate=0.000  n_markets_traded=5.000  herfindahl_index_markets=0.276
12:00:52 [super]   #759   0xc86db555895002c6b8fcc26939a245ea91bbc53f  prob=0.0600 (raw=0.1532)  vol=$4,447  trades=21  first_trade=2026-02-09 00:58  winrate=0.286  n_markets_traded=49.000  herfindahl_index_markets=0.077
12:00:52 [super]   #760   0x5bd33a93d382206d2a283180354dd4af2a51d9c4  prob=0.0600 (raw=0.1531)  vol=$1,529  trades=5  first_trade=2026-02-09 01:38  winrate=0.000  n_markets_traded=6.000  herfindahl_index_markets=0.352
12:00:52 [super]   #761   0x4a2be7a7e6e3b41dc2de00706b4c09660ca9af20  prob=0.0599 (raw=0.1530)  vol=$25,580  trades=77  first_trade=2026-02-08 21:54  winrate=NaN  n_markets_traded=0.000  herfindahl_index_markets=0.000
12:00:52 [super]   #762   0xe5627d6115c1c87881c08a9e0d7bc48262879079  prob=0.0598 (raw=0.1526)  vol=$92  trades=14  first_trade=2026-02-01 13:46  winrate=0.000  n_markets_traded=21.000  herfindahl_index_markets=0.111
12:00:52 [super]   #763   0xff225018352cb3730553c6816cc395ae951b791a  prob=0.0598 (raw=0.1524)  vol=$2  trades=2  first_trade=2026-02-09 02:13  winrate=0.423  n_markets_traded=26.000  herfindahl_index_markets=0.054
12:00:52 [super]   #764   0xaca9277580359f3aaba3f8143d9a6cf0dd30beee  prob=0.0598 (raw=0.1524)  vol=$35,775  trades=100  first_trade=2026-02-09 00:40  winrate=0.000  n_markets_traded=1.000  herfindahl_index_markets=1.000
12:00:52 [super]   #765   0x03c7cbfe9bf8d4f2e7ac3be5bdef8c8aa7d7b091  prob=0.0598 (raw=0.1523)  vol=$1,667  trades=2  first_trade=2026-02-09 11:49  winrate=0.000  n_markets_traded=5.000  herfindahl_index_markets=0.200
12:00:52 [super]   #766   0x0d9d9044be8c3d66562a705fd98b3861b354c051  prob=0.0597 (raw=0.1519)  vol=$1,000  trades=2  first_trade=2026-02-11 14:51  winrate=0.000  n_markets_traded=3.000  herfindahl_index_markets=0.959
12:00:52 [super]   #767   0x41c71e6daf8fb1a4ae199ecb4f54cbdf3a5c0df5  prob=0.0594 (raw=0.1509)  vol=$18  trades=1  first_trade=2026-02-09 02:13  winrate=NaN  n_markets_traded=0.000  herfindahl_index_markets=0.000
12:00:52 [super]   #768   0x13f3ca8a1877ae72017ce90925b8a4379d8712ff  prob=0.0594 (raw=0.1509)  vol=$20  trades=2  first_trade=2026-02-09 02:04  winrate=NaN  n_markets_traded=0.000  herfindahl_index_markets=0.000
12:00:52 [super]   #769   0xdf0850b029c97de282c491e91ce500384782cf97  prob=0.0594 (raw=0.1506)  vol=$1,419  trades=346  first_trade=2026-01-14 19:12  winrate=NaN  n_markets_traded=0.000  herfindahl_index_markets=0.000
12:00:52 [super]   #770   0x38245f510d9796198c350acdee4ffc68c12f09a3  prob=0.0592 (raw=0.1501)  vol=$2  trades=2  first_trade=2026-02-10 17:18  winrate=0.050  n_markets_traded=20.000  herfindahl_index_markets=0.562
12:00:52 [super]   #771   0x2ae756170b6a58bfa92883c457fe0d5f79b82419  prob=0.0592 (raw=0.1499)  vol=$18  trades=4  first_trade=2026-02-06 21:20  winrate=NaN  n_markets_traded=0.000  herfindahl_index_markets=0.000
12:00:52 [super]   #772   0x200c9525cc2788a49a54177ed244028f47188c3c  prob=0.0592 (raw=0.1499)  vol=$521  trades=30  first_trade=2026-01-19 23:54  winrate=0.000  n_markets_traded=5.000  herfindahl_index_markets=0.296
12:00:52 [super]   #773   0x90fb1597852dcb3b90558e4d558b4600820fc365  prob=0.0591 (raw=0.1494)  vol=$5  trades=4  first_trade=2026-02-07 16:40  winrate=0.385  n_markets_traded=13.000  herfindahl_index_markets=0.212
12:00:52 [super]   #774   0x5660fa1f20e8779f7e3dd8db5f754e4b7f0727e6  prob=0.0590 (raw=0.1492)  vol=$2  trades=2  first_trade=2026-02-09 02:06  winrate=NaN  n_markets_traded=0.000  herfindahl_index_markets=0.000
12:00:52 [super]   #775   0x31c4578b25af36f34c8aa4cc85f0794bfbea622f  prob=0.0590 (raw=0.1492)  vol=$2  trades=2  first_trade=2026-02-09 02:06  winrate=NaN  n_markets_traded=0.000  herfindahl_index_markets=0.000
12:00:52 [super]   #776   0xfb3f0cf0ace27acb60963e76e8910ff2c9ced1ea  prob=0.0589 (raw=0.1489)  vol=$4  trades=1  first_trade=2026-01-10 21:35  winrate=0.188  n_markets_traded=16.000  herfindahl_index_markets=0.132
12:00:52 [super]   #777   0x98f7c40cb533f330539a5435d88b2f227944f7b2  prob=0.0588 (raw=0.1484)  vol=$73  trades=5  first_trade=2026-02-08 21:58  winrate=0.500  n_markets_traded=14.000  herfindahl_index_markets=0.396
12:00:52 [super]   #778   0xe94b64f2e3bc116352c0ae9d74605bc82c77c5ed  prob=0.0588 (raw=0.1484)  vol=$1  trades=2  first_trade=2026-02-09 02:13  winrate=0.471  n_markets_traded=119.000  herfindahl_index_markets=0.021
12:00:52 [super]   #779   0xb4a0f0da1fa782bd5b8b4af9015cc899e119993d  prob=0.0588 (raw=0.1484)  vol=$2  trades=2  first_trade=2026-02-09 02:13  winrate=0.382  n_markets_traded=216.000  herfindahl_index_markets=0.008
12:00:52 [super]   #780   0x781434194090d53522622522c3312bc50a228713  prob=0.0587 (raw=0.1478)  vol=$9  trades=4  first_trade=2026-02-03 04:52  winrate=0.158  n_markets_traded=57.000  herfindahl_index_markets=0.036
12:00:52 [super]   #781   0x3f659064e91da83d1f4d38bcca73e75eb5e20075  prob=0.0587 (raw=0.1476)  vol=$144  trades=5  first_trade=2026-02-09 01:08  winrate=0.412  n_markets_traded=34.000  herfindahl_index_markets=0.142
12:00:52 [super]   #782   0x2c36fd7c91894c4e7cf2a01831768dc77ba29433  prob=0.0587 (raw=0.1476)  vol=$1,105  trades=11  first_trade=2026-02-09 01:05  winrate=0.422  n_markets_traded=339.000  herfindahl_index_markets=0.012
12:00:52 [super]   #783   0xcea7f936e1ce2f5cd22c8024d6e352a1671eec88  prob=0.0585 (raw=0.1470)  vol=$50  trades=5  first_trade=2026-02-06 06:02  winrate=0.083  n_markets_traded=24.000  herfindahl_index_markets=0.100
12:00:52 [super]   #784   0xb5e04bf9dceff093b04930e193b63081dc3507d3  prob=0.0584 (raw=0.1465)  vol=$988  trades=12  first_trade=2026-02-06 18:15  winrate=0.478  n_markets_traded=23.000  herfindahl_index_markets=0.103
12:00:52 [super]   #785   0xb5afb967a9353e4949f5b49227fcdb44d69e2672  prob=0.0584 (raw=0.1465)  vol=$8  trades=4  first_trade=2026-02-09 01:53  winrate=0.103  n_markets_traded=29.000  herfindahl_index_markets=0.080
12:00:52 [super]   #786   0x24816c037cdc2c9bd979e69d777541cf560a9b79  prob=0.0582 (raw=0.1459)  vol=$48,753  trades=4  first_trade=2026-02-09 06:04  winrate=0.714  n_markets_traded=7.000  herfindahl_index_markets=0.173
12:00:52 [super]   #787   0x1966c4cc0e37521a1eaa24a3d41c5951c1f225c0  prob=0.0581 (raw=0.1451)  vol=$1,625  trades=16  first_trade=2026-02-08 22:58  winrate=NaN  n_markets_traded=0.000  herfindahl_index_markets=0.000
12:00:52 [super]   #788   0xca426bed03f57fa0fafabfc9761fb2ddff15f443  prob=0.0580 (raw=0.1448)  vol=$20,000  trades=2  first_trade=2026-02-10 15:58  winrate=0.250  n_markets_traded=4.000  herfindahl_index_markets=0.306
12:00:52 [super]   #789   0x39d1060535121bb9120d9d0b95b7f5bf704ae40f  prob=0.0579 (raw=0.1444)  vol=$21  trades=2  first_trade=2026-02-08 23:48  winrate=0.000  n_markets_traded=12.000  herfindahl_index_markets=0.156
12:00:52 [super]   #790   0xd3c75e7388202299281ab0b46d5e2a5da3fc436e  prob=0.0577 (raw=0.1435)  vol=$3,341  trades=4  first_trade=2026-02-09 03:02  winrate=0.500  n_markets_traded=4.000  herfindahl_index_markets=0.407
12:00:52 [super]   #791   0x31eafd012e3a2d9b5898c034bf9406016babb40e  prob=0.0576 (raw=0.1433)  vol=$8  trades=4  first_trade=2026-02-09 01:12  winrate=0.500  n_markets_traded=42.000  herfindahl_index_markets=0.042
12:00:52 [super]   #792   0x19858a0a93f82f6cc183743c395f1814f0ce8cbd  prob=0.0576 (raw=0.1431)  vol=$951  trades=75  first_trade=2026-02-06 09:35  winrate=0.392  n_markets_traded=209.000  herfindahl_index_markets=0.029
12:00:52 [super]   #793   0x097873704461492d3e23f900e07a8fbb14633137  prob=0.0574 (raw=0.1422)  vol=$8,965  trades=38  first_trade=2026-02-09 01:31  winrate=0.776  n_markets_traded=125.000  herfindahl_index_markets=0.020
12:00:52 [super]   #794   0xdc1fd35818d013b208d0181ba102b6ca98f96f1b  prob=0.0573 (raw=0.1416)  vol=$75  trades=4  first_trade=2026-02-09 00:54  winrate=0.364  n_markets_traded=11.000  herfindahl_index_markets=0.237
12:00:52 [super]   #795   0x58fe41b372237f6e1ac311362fcb24c2e9afb28f  prob=0.0572 (raw=0.1412)  vol=$30  trades=4  first_trade=2026-02-06 12:19  winrate=0.000  n_markets_traded=5.000  herfindahl_index_markets=0.228
12:00:52 [super]   #796   0x721992f916d2d471dbb1f38cc4045a120075f3b9  prob=0.0571 (raw=0.1409)  vol=$12  trades=6  first_trade=2026-02-08 10:58  winrate=0.442  n_markets_traded=938.000  herfindahl_index_markets=0.002
12:00:52 [super]   #797   0x9b8d5cd227428f1ea04f11eda2e7218f70f29794  prob=0.0571 (raw=0.1408)  vol=$338  trades=4  first_trade=2026-02-08 19:05  winrate=0.188  n_markets_traded=16.000  herfindahl_index_markets=0.342
12:00:52 [super]   #798   0x25d4e8f2ef41c6f828e17bbcd6bb40ab1c22556c  prob=0.0569 (raw=0.1403)  vol=$25  trades=4  first_trade=2026-02-09 01:23  winrate=0.667  n_markets_traded=3.000  herfindahl_index_markets=0.394
12:00:52 [super]   #799   0x24a255320b556d9970f04d1362e9bc2f92400a6a  prob=0.0569 (raw=0.1402)  vol=$479  trades=7  first_trade=2026-02-09 00:08  winrate=0.472  n_markets_traded=36.000  herfindahl_index_markets=0.064
12:00:52 [super]   #800   0x04e8b7895b394493221d8d8ed2a2093c2709e1a6  prob=0.0569 (raw=0.1402)  vol=$85  trades=4  first_trade=2026-02-08 16:09  winrate=0.000  n_markets_traded=1.000  herfindahl_index_markets=1.000
12:00:52 [super]   #801   0x663459bb56f3a3c9ad02fba03321b3d1f7584b4b  prob=0.0569 (raw=0.1401)  vol=$269  trades=5  first_trade=2026-02-08 03:06  winrate=0.309  n_markets_traded=68.000  herfindahl_index_markets=0.166
12:00:52 [super]   #802   0xad5353afe30c2da57709e2704ef3ccdcf67eef24  prob=0.0569 (raw=0.1399)  vol=$6,652  trades=618  first_trade=2025-10-19 21:06  winrate=NaN  n_markets_traded=0.000  herfindahl_index_markets=0.000
12:00:52 [super]   #803   0xd6d747fc8f59615e392250ffb5175733518437b8  prob=0.0566 (raw=0.1390)  vol=$76  trades=6  first_trade=2026-01-31 18:58  winrate=0.000  n_markets_traded=6.000  herfindahl_index_markets=0.191
12:00:52 [super]   #804   0xcaa275d4d4a979afc5ca19631ea85cb4b8c76b1a  prob=0.0566 (raw=0.1387)  vol=$87  trades=15  first_trade=2026-01-16 12:44  winrate=0.517  n_markets_traded=60.000  herfindahl_index_markets=0.060
12:00:52 [super]   #805   0x3f77d5b2dc3df73016fadf61349f340286a18463  prob=0.0566 (raw=0.1386)  vol=$85  trades=9  first_trade=2026-02-07 08:06  winrate=0.737  n_markets_traded=19.000  herfindahl_index_markets=0.128
12:00:52 [super]   #806   0x9a81289ebcf307889c3f9df212d24323e72dd74f  prob=0.0565 (raw=0.1386)  vol=$48  trades=5  first_trade=2026-02-09 00:43  winrate=0.200  n_markets_traded=50.000  herfindahl_index_markets=0.063
12:00:52 [super]   #807   0x255977cf366514af058456c46e9ee33bab2716b4  prob=0.0565 (raw=0.1384)  vol=$180  trades=5  first_trade=2026-02-09 00:30  winrate=0.000  n_markets_traded=3.000  herfindahl_index_markets=0.476
12:00:52 [super]   #808   0x8490616f44596567ab86a244781d4a0e9084ecfa  prob=0.0565 (raw=0.1384)  vol=$3  trades=2  first_trade=2026-02-09 02:13  winrate=NaN  n_markets_traded=0.000  herfindahl_index_markets=0.000
12:00:52 [super]   #809   0x8e59fa26c066d17bc2cb0a7b36fb2a8b498f1eb0  prob=0.0565 (raw=0.1383)  vol=$2  trades=2  first_trade=2026-01-10 10:55  winrate=0.077  n_markets_traded=13.000  herfindahl_index_markets=0.124
12:00:52 [super]   #810   0x1a511bfc18e53a70338d559c24ca6d7521db67cc  prob=0.0565 (raw=0.1382)  vol=$38  trades=3  first_trade=2026-01-23 21:07  winrate=0.000  n_markets_traded=9.000  herfindahl_index_markets=0.206
12:00:52 [super]   #811   0xd917b04bfc25952fafd86f9210ce4affb98bb0c6  prob=0.0565 (raw=0.1381)  vol=$48  trades=5  first_trade=2026-02-09 01:42  winrate=0.611  n_markets_traded=90.000  herfindahl_index_markets=0.057
12:00:52 [super]   #812   0x267598937a88a02fbbf29df71c7ca19ddcb1e4da  prob=0.0564 (raw=0.1378)  vol=$30  trades=4  first_trade=2026-02-08 19:00  winrate=NaN  n_markets_traded=0.000  herfindahl_index_markets=0.000
12:00:52 [super]   #813   0xa7c96c923991107105b04ebb7d260f2b480f7ef9  prob=0.0563 (raw=0.1376)  vol=$33  trades=2  first_trade=2025-10-06 02:28  winrate=0.250  n_markets_traded=4.000  herfindahl_index_markets=0.263
12:00:52 [super]   #814   0x4a0dd3a2ff0386ce4ae21a0c7f1c00637d34f88d  prob=0.0563 (raw=0.1374)  vol=$1  trades=1  first_trade=2026-01-10 13:41  winrate=0.167  n_markets_traded=24.000  herfindahl_index_markets=0.094
12:00:52 [super]   #815   0xb0f762245df7e33589f18c4c80ca3eafe8985d56  prob=0.0563 (raw=0.1373)  vol=$2,906  trades=34  first_trade=2026-02-09 01:35  winrate=0.000  n_markets_traded=20.000  herfindahl_index_markets=0.133
12:00:52 [super]   #816   0x20e41e08d5993f440203cb70e9e3e3b75fb8b96f  prob=0.0562 (raw=0.1371)  vol=$4,334  trades=30  first_trade=2026-02-08 19:49  winrate=0.491  n_markets_traded=55.000  herfindahl_index_markets=0.032
12:00:52 [super]   #817   0xc1c016dfb99daa3571ddf5963bd1b35a76a76a9e  prob=0.0562 (raw=0.1369)  vol=$11  trades=3  first_trade=2026-01-10 12:54  winrate=0.286  n_markets_traded=21.000  herfindahl_index_markets=0.108
12:00:52 [super]   #818   0xda73c61276c43e5579e2226bc50e34218ea4e270  prob=0.0562 (raw=0.1369)  vol=$2,500  trades=2  first_trade=2026-02-09 23:26  winrate=0.000  n_markets_traded=2.000  herfindahl_index_markets=0.500
12:00:52 [super]   #819   0x88131e2f8af6a830825bff3d1408f9674e4766a9  prob=0.0562 (raw=0.1369)  vol=$18  trades=52  first_trade=2026-01-27 10:39  winrate=0.000  n_markets_traded=2.000  herfindahl_index_markets=0.534
12:00:52 [super]   #820   0x5040b5e76b45aeff6ccbb21b1aad0ccc2fa296cf  prob=0.0561 (raw=0.1367)  vol=$226  trades=13  first_trade=2026-02-09 01:35  winrate=NaN  n_markets_traded=0.000  herfindahl_index_markets=0.000
12:00:52 [super]   #821   0x98d250d2b192065b60b3086b39eff99273e9e2ea  prob=0.0560 (raw=0.1363)  vol=$16  trades=4  first_trade=2026-02-09 03:49  winrate=0.231  n_markets_traded=13.000  herfindahl_index_markets=0.147
12:00:52 [super]   #822   0x3c593aeb73ebdadbc9ce76d4264a6a2af4011766  prob=0.0560 (raw=0.1362)  vol=$10,670  trades=20  first_trade=2026-02-09 02:03  winrate=NaN  n_markets_traded=0.000  herfindahl_index_markets=0.000
12:00:52 [super]   #823   0xb83407a4c7daac66ebeae6a5a0c1e122f4ab57c2  prob=0.0560 (raw=0.1362)  vol=$9  trades=6  first_trade=2026-02-09 01:55  winrate=0.294  n_markets_traded=17.000  herfindahl_index_markets=0.111
12:00:52 [super]   #824   0x0f4f949dd6a06b646adaae8f5a63df5fd40d278c  prob=0.0560 (raw=0.1362)  vol=$6  trades=4  first_trade=2026-02-09 02:35  winrate=0.375  n_markets_traded=56.000  herfindahl_index_markets=0.053
12:00:52 [super]   #825   0x83f8d48b5a156fd24790bc82cdfb222b0a0ad9f1  prob=0.0560 (raw=0.1362)  vol=$2,847  trades=7  first_trade=2026-02-08 23:24  winrate=0.000  n_markets_traded=3.000  herfindahl_index_markets=0.594
12:00:52 [super]   #826   0xb766be2ee36ae2d42b236e3fb16dbfb317351d83  prob=0.0560 (raw=0.1359)  vol=$8,275  trades=64  first_trade=2026-02-07 11:17  winrate=0.404  n_markets_traded=192.000  herfindahl_index_markets=0.023
12:00:52 [super]   #827   0xcb511a62cd64f8ba9071d4b5bafa985f6729d2f5  prob=0.0559 (raw=0.1357)  vol=$670  trades=2  first_trade=2026-02-07 17:40  winrate=0.652  n_markets_traded=23.000  herfindahl_index_markets=0.096
12:00:52 [super]   #828   0x480454d31ecfaf9698309df2f6871a51863b3251  prob=0.0559 (raw=0.1355)  vol=$67  trades=2  first_trade=2026-02-09 00:28  winrate=0.000  n_markets_traded=2.000  herfindahl_index_markets=0.500
12:00:52 [super]   #829   0x67d6436f723aa00270bd2fc112e7fb3b4408b04b  prob=0.0557 (raw=0.1350)  vol=$5,487  trades=45  first_trade=2026-02-07 09:10  winrate=0.429  n_markets_traded=14.000  herfindahl_index_markets=0.245
12:00:52 [super]   #830   0x95bdb954b3aa1cd424b925448d6c48c43155b9be  prob=0.0555 (raw=0.1341)  vol=$267  trades=137  first_trade=2026-01-23 14:33  winrate=NaN  n_markets_traded=0.000  herfindahl_index_markets=0.000
12:00:52 [super]   #831   0xbae59e92a8ee88f67281470f59ea4fabcee7654c  prob=0.0555 (raw=0.1341)  vol=$272  trades=9  first_trade=2026-02-08 15:13  winrate=0.333  n_markets_traded=9.000  herfindahl_index_markets=0.376
12:00:52 [super]   #832   0x21d5fa48bd651142faf37cc6cfd69a60b74d6f93  prob=0.0555 (raw=0.1340)  vol=$169  trades=7  first_trade=2026-02-08 10:08  winrate=NaN  n_markets_traded=0.000  herfindahl_index_markets=0.000
12:00:52 [super]   #833   0x2cd2270dff2a7b73b66d6531029ad0344d341e0f  prob=0.0554 (raw=0.1337)  vol=$631  trades=16  first_trade=2026-02-09 01:15  winrate=0.568  n_markets_traded=81.000  herfindahl_index_markets=0.047
12:00:52 [super]   #834   0xd39756c2ba84e685e897278b97f21896f26d5f62  prob=0.0554 (raw=0.1335)  vol=$74  trades=4  first_trade=2026-02-09 01:46  winrate=0.505  n_markets_traded=95.000  herfindahl_index_markets=0.046
12:00:52 [super]   #835   0x5ac9e4ba5391152aa65d849e50928d5fdd5e907f  prob=0.0554 (raw=0.1335)  vol=$5  trades=4  first_trade=2026-02-06 07:41  winrate=0.000  n_markets_traded=4.000  herfindahl_index_markets=0.271
12:00:52 [super]   #836   0x39b4057b107eca66eb7a4823e9184c0f6848aa14  prob=0.0554 (raw=0.1334)  vol=$43  trades=4  first_trade=2026-02-09 02:11  winrate=0.414  n_markets_traded=29.000  herfindahl_index_markets=0.177
12:00:52 [super]   #837   0x4575f2fdb25d6974a84004eec1f432f6e3b49628  prob=0.0554 (raw=0.1334)  vol=$429  trades=81  first_trade=2026-01-11 20:08  winrate=NaN  n_markets_traded=0.000  herfindahl_index_markets=0.000
12:00:52 [super]   #838   0x4d59652f8c3b4cb2aee44a54adbeb59fb3631e2f  prob=0.0553 (raw=0.1330)  vol=$23  trades=8  first_trade=2026-02-09 02:09  winrate=NaN  n_markets_traded=0.000  herfindahl_index_markets=0.000
12:00:52 [super]   #839   0x203d5867208e728697da797da9570616d41ee00f  prob=0.0553 (raw=0.1329)  vol=$411  trades=74  first_trade=2026-02-04 06:11  winrate=0.060  n_markets_traded=67.000  herfindahl_index_markets=0.091
12:00:52 [super]   #840   0x1a6b444e92a1f9227240ae4cd1564df47a2edf28  prob=0.0553 (raw=0.1329)  vol=$59  trades=5  first_trade=2026-02-09 00:43  winrate=0.000  n_markets_traded=9.000  herfindahl_index_markets=0.128
12:00:52 [super]   #841   0xafa7b18ebc1c674d0c888ce9826730c66c28a084  prob=0.0553 (raw=0.1329)  vol=$20  trades=6  first_trade=2026-01-10 14:13  winrate=0.238  n_markets_traded=21.000  herfindahl_index_markets=0.124
12:00:52 [super]   #842   0x5244547893e140a680cdb27a6a2c00e5fd8683bc  prob=0.0553 (raw=0.1329)  vol=$76  trades=22  first_trade=2026-02-08 12:42  winrate=0.263  n_markets_traded=76.000  herfindahl_index_markets=0.037
12:00:52 [super]   #843   0x357b9b1e11326400805257f4652fd8b045dd2721  prob=0.0550 (raw=0.1319)  vol=$379  trades=101  first_trade=2026-02-05 09:51  winrate=0.074  n_markets_traded=27.000  herfindahl_index_markets=0.111
12:00:52 [super]   #844   0xd126e2611e350e3731644f2ffacf604a17905733  prob=0.0550 (raw=0.1318)  vol=$22  trades=3  first_trade=2026-01-18 19:57  winrate=0.000  n_markets_traded=8.000  herfindahl_index_markets=0.523
12:00:52 [super]   #845   0x63409ddce9e86b3c4d7231c40b9959bb5ef853e3  prob=0.0549 (raw=0.1315)  vol=$1,550  trades=2  first_trade=2026-02-09 09:08  winrate=0.895  n_markets_traded=57.000  herfindahl_index_markets=0.585
12:00:52 [super]   #846   0xd607c01ff6799507290d4b66c8bdbbf83ee06ddc  prob=0.0549 (raw=0.1313)  vol=$835  trades=6  first_trade=2026-02-09 01:47  winrate=0.408  n_markets_traded=76.000  herfindahl_index_markets=0.050
12:00:52 [super]   #847   0xd624e8fb5fc7d262ad3267fa063186adbe62ac8d  prob=0.0549 (raw=0.1311)  vol=$12  trades=3  first_trade=2026-02-09 02:34  winrate=0.176  n_markets_traded=17.000  herfindahl_index_markets=0.080
12:00:52 [super]   #848   0x78102b84a1f00dc4117d898993b61982c77e0161  prob=0.0548 (raw=0.1307)  vol=$34  trades=7  first_trade=2026-01-13 04:02  winrate=0.051  n_markets_traded=59.000  herfindahl_index_markets=0.057
12:00:52 [super]   #849   0xe1053371c2926680a20099b517813bf8a0375b88  prob=0.0548 (raw=0.1306)  vol=$9,052  trades=59  first_trade=2026-02-08 20:33  winrate=0.000  n_markets_traded=1.000  herfindahl_index_markets=1.000
12:00:52 [super]   #850   0xb2794278a7c3da9acb09594d872de87198085d91  prob=0.0547 (raw=0.1305)  vol=$1,000  trades=2  first_trade=2026-02-11 21:31  winrate=0.000  n_markets_traded=8.000  herfindahl_index_markets=0.160
12:00:52 [super]   #851   0x59452279b9a913ee9b2cf9c1a3c621d168a1727a  prob=0.0547 (raw=0.1303)  vol=$393  trades=6  first_trade=2026-02-09 01:03  winrate=0.250  n_markets_traded=16.000  herfindahl_index_markets=0.273
12:00:52 [super]   #852   0x42e0182204f6eb8f675bed7afcb30712b2735211  prob=0.0547 (raw=0.1302)  vol=$81  trades=15  first_trade=2026-02-09 01:28  winrate=NaN  n_markets_traded=0.000  herfindahl_index_markets=0.000
12:00:52 [super]   #853   0x3450a5a6c9f7b35caa976d2d064b51dab3bd6793  prob=0.0547 (raw=0.1301)  vol=$3,236  trades=5  first_trade=2026-02-09 01:54  winrate=0.479  n_markets_traded=288.000  herfindahl_index_markets=0.017
12:00:52 [super]   #854   0x09f36ccce37ae5db615be73f09c91773d373f30f  prob=0.0546 (raw=0.1297)  vol=$10  trades=2  first_trade=2025-10-22 10:57  winrate=0.080  n_markets_traded=25.000  herfindahl_index_markets=0.054
12:00:52 [super]   #855   0x39f498eef786bba414fdce50f46aa94c4c966a91  prob=0.0545 (raw=0.1295)  vol=$14  trades=3  first_trade=2026-02-09 01:13  winrate=0.591  n_markets_traded=44.000  herfindahl_index_markets=0.222
12:00:52 [super]   #856   0x06e8cb40376ff9f06d926e71a0740821f1914675  prob=0.0545 (raw=0.1294)  vol=$6,559  trades=16  first_trade=2026-02-09 01:22  winrate=0.504  n_markets_traded=183.000  herfindahl_index_markets=0.031
12:00:52 [super]   #857   0x693e714815f6a113ec3718dcc924904409d88092  prob=0.0544 (raw=0.1291)  vol=$17  trades=3  first_trade=2026-02-01 13:02  winrate=0.320  n_markets_traded=25.000  herfindahl_index_markets=0.277
12:00:52 [super]   #858   0x5903843b1b114ab5bcf1fc120a24ca91cfd0f218  prob=0.0544 (raw=0.1290)  vol=$559  trades=19  first_trade=2025-09-30 12:29  winrate=NaN  n_markets_traded=0.000  herfindahl_index_markets=0.000
12:00:52 [super]   #859   0x3d212d0ad1e2974695e7b0baaf188a023bb65cf2  prob=0.0543 (raw=0.1287)  vol=$38  trades=6  first_trade=2026-01-10 19:39  winrate=0.200  n_markets_traded=10.000  herfindahl_index_markets=0.148
12:00:52 [super]   #860   0xa2562e2a8a40592593dc4b6f866fbd03f5b2b03e  prob=0.0541 (raw=0.1277)  vol=$500  trades=2  first_trade=2026-02-10 02:08  winrate=0.000  n_markets_traded=5.000  herfindahl_index_markets=0.265
12:00:52 [super]   #861   0x58b3c43b9cb17ea1783fc1890a38a1eab40dfe06  prob=0.0541 (raw=0.1276)  vol=$3,843  trades=49  first_trade=2026-02-09 01:43  winrate=0.225  n_markets_traded=84.000  herfindahl_index_markets=0.072
12:00:52 [super]   #862   0x4a669ae5fc1ced9677b8905d9a06bf2c25e25c56  prob=0.0541 (raw=0.1275)  vol=$19  trades=3  first_trade=2026-02-01 13:02  winrate=0.400  n_markets_traded=25.000  herfindahl_index_markets=0.300
12:00:52 [super]   #863   0x1daffb2cf9d581c0f303a03fbca4ff1b58f06b7f  prob=0.0540 (raw=0.1272)  vol=$173  trades=6  first_trade=2025-09-30 03:25  winrate=0.111  n_markets_traded=9.000  herfindahl_index_markets=0.205
12:00:52 [super]   #864   0x8013187016b790055b112a975acd0251131f5b52  prob=0.0540 (raw=0.1270)  vol=$569  trades=14  first_trade=2026-02-09 01:47  winrate=0.554  n_markets_traded=312.000  herfindahl_index_markets=0.037
12:00:52 [super]   #865   0xe62524fe42e7f94d9d14d7df4d05ff0e2322e7c6  prob=0.0540 (raw=0.1270)  vol=$1,326  trades=23  first_trade=2026-02-07 08:36  winrate=0.385  n_markets_traded=13.000  herfindahl_index_markets=0.133
12:00:52 [super]   #866   0x5db824a3bffa5b5d2fbaaa1fdd4cec4c02197348  prob=0.0539 (raw=0.1269)  vol=$15,000  trades=4  first_trade=2026-02-10 21:58  winrate=0.000  n_markets_traded=11.000  herfindahl_index_markets=0.151
12:00:52 [super]   #867   0xc405ee0b9db6a2dbd3d8439acb1fe5285a7b1eb7  prob=0.0538 (raw=0.1265)  vol=$232  trades=12  first_trade=2026-02-08 22:02  winrate=0.561  n_markets_traded=41.000  herfindahl_index_markets=0.178
12:00:52 [super]   #868   0x0060a1843fe53a54e9fdc403005da0b1ead44cc4  prob=0.0538 (raw=0.1264)  vol=$164  trades=2  first_trade=2026-02-09 01:18  winrate=0.452  n_markets_traded=126.000  herfindahl_index_markets=0.071
12:00:52 [super]   #869   0x4351fb2490d6b388cd9f041d621528dc9225452b  prob=0.0538 (raw=0.1262)  vol=$3  trades=2  first_trade=2025-09-29 07:33  winrate=0.000  n_markets_traded=7.000  herfindahl_index_markets=0.150
12:00:52 [super]   #870   0x6e55c4035252ff0f377eedb2e1ab7a4fb4bbb5a3  prob=0.0537 (raw=0.1260)  vol=$207  trades=6  first_trade=2026-02-08 22:48  winrate=0.300  n_markets_traded=10.000  herfindahl_index_markets=0.171
12:00:52 [super]   #871   0xd01fc95b36762fd515e3a1ef7a93d78999775499  prob=0.0537 (raw=0.1260)  vol=$401  trades=3  first_trade=2026-02-09 01:33  winrate=0.251  n_markets_traded=283.000  herfindahl_index_markets=0.018
12:00:52 [super]   #872   0x92f7174ffd6ac6c087b7c0b3c3ef05a6038447dc  prob=0.0537 (raw=0.1256)  vol=$26  trades=3  first_trade=2026-02-09 02:25  winrate=0.000  n_markets_traded=4.000  herfindahl_index_markets=0.856
12:00:52 [super]   #873   0x104d03e4d461ae71fcc9ccc19f7872afa5054a52  prob=0.0536 (raw=0.1254)  vol=$11  trades=6  first_trade=2026-02-07 02:29  winrate=0.774  n_markets_traded=53.000  herfindahl_index_markets=0.054
12:00:52 [super]   #874   0x7134d7ff3fe19798dc3e2e523d7f9cc85a958feb  prob=0.0536 (raw=0.1254)  vol=$268  trades=64  first_trade=2026-02-06 18:55  winrate=NaN  n_markets_traded=0.000  herfindahl_index_markets=0.000
12:00:52 [super]   #875   0x83decfd10e6fff23ed93b96d439ed22be40e0756  prob=0.0536 (raw=0.1252)  vol=$307  trades=6  first_trade=2026-02-08 22:52  winrate=0.125  n_markets_traded=8.000  herfindahl_index_markets=0.141
12:00:52 [super]   #876   0xa62cc9758b1b8c2e2f588b5b8b00a54ea9075058  prob=0.0536 (raw=0.1251)  vol=$44  trades=7  first_trade=2026-01-10 19:31  winrate=0.231  n_markets_traded=13.000  herfindahl_index_markets=0.120
12:00:52 [super]   #877   0x92da325d605fcfec542d90877d78da2226c45b8d  prob=0.0536 (raw=0.1251)  vol=$169  trades=11  first_trade=2026-02-09 01:12  winrate=0.078  n_markets_traded=64.000  herfindahl_index_markets=0.082
12:00:52 [super]   #878   0x5b86f5587570c092e33790742ffcf3d52d816746  prob=0.0534 (raw=0.1246)  vol=$2  trades=2  first_trade=2026-02-08 18:38  winrate=0.000  n_markets_traded=1.000  herfindahl_index_markets=1.000
12:00:52 [super]   #879   0x5cab7bf56457a645778ba542e43fd9d13fdd1f08  prob=0.0533 (raw=0.1240)  vol=$1,000  trades=2  first_trade=2026-02-11 03:51  winrate=0.174  n_markets_traded=23.000  herfindahl_index_markets=0.110
12:00:52 [super]   #880   0xf50d0462b96670fbb6827b3e39e0a17bf2957ba8  prob=0.0533 (raw=0.1239)  vol=$344  trades=4  first_trade=2026-02-09 01:47  winrate=0.385  n_markets_traded=39.000  herfindahl_index_markets=0.052
12:00:52 [super]   #881   0xd4bd1b9952c0ff00b588cd4349ffc347562ffb6c  prob=0.0532 (raw=0.1236)  vol=$88  trades=8  first_trade=2026-02-09 02:59  winrate=0.000  n_markets_traded=3.000  herfindahl_index_markets=0.615
12:00:52 [super]   #882   0x74e0779414a3e09ab49a76b1492fd0eae6efe01c  prob=0.0532 (raw=0.1233)  vol=$54  trades=11  first_trade=2026-02-08 17:31  winrate=0.205  n_markets_traded=146.000  herfindahl_index_markets=0.030
12:00:52 [super]   #883   0xbf4b67a4c363a5954c2e015dafca3dbb7ebe1b8b  prob=0.0531 (raw=0.1232)  vol=$43,149  trades=25  first_trade=2026-02-09 12:23  winrate=0.595  n_markets_traded=42.000  herfindahl_index_markets=0.058
12:00:52 [super]   #884   0x6f41a6d4f105b47d153275e8efbf035fde531beb  prob=0.0531 (raw=0.1230)  vol=$25  trades=12  first_trade=2026-01-31 00:25  winrate=NaN  n_markets_traded=0.000  herfindahl_index_markets=0.000
12:00:52 [super]   #885   0xdf6ad83f0c2d4404f1eb8b161cf1b197dcd88a73  prob=0.0530 (raw=0.1228)  vol=$14  trades=3  first_trade=2026-01-10 21:48  winrate=0.231  n_markets_traded=13.000  herfindahl_index_markets=0.139
12:00:52 [super]   #886   0xe9f5c75ee1ae1aae57bf8582e359913c795a3e7a  prob=0.0530 (raw=0.1227)  vol=$152  trades=8  first_trade=2026-02-09 01:40  winrate=NaN  n_markets_traded=0.000  herfindahl_index_markets=0.000
12:00:52 [super]   #887   0xd009022263a3cf9600e6882f7229b61625895bd3  prob=0.0530 (raw=0.1225)  vol=$7  trades=4  first_trade=2026-02-08 23:07  winrate=0.143  n_markets_traded=7.000  herfindahl_index_markets=0.156
12:00:52 [super]   #888   0xcf645f4d582215bb349c6eb134ac664f8346ad49  prob=0.0530 (raw=0.1224)  vol=$3,459  trades=3  first_trade=2026-02-09 00:34  winrate=0.439  n_markets_traded=57.000  herfindahl_index_markets=0.050
12:00:52 [super]   #889   0xc7fec947e45e472355f044aba5e1486bb5b405e1  prob=0.0529 (raw=0.1222)  vol=$1,656  trades=5  first_trade=2026-02-09 01:37  winrate=0.400  n_markets_traded=5.000  herfindahl_index_markets=0.674
12:00:52 [super]   #890   0x2ccca80deafaefea9f52a3604bf74ace5bac7fda  prob=0.0529 (raw=0.1220)  vol=$681  trades=44  first_trade=2026-02-06 14:31  winrate=0.368  n_markets_traded=38.000  herfindahl_index_markets=0.102
12:00:52 [super]   #891   0xb6c48f659748c9494b1aceaec42b9c0eb2b1ff18  prob=0.0528 (raw=0.1217)  vol=$37  trades=6  first_trade=2026-02-08 15:23  winrate=0.000  n_markets_traded=4.000  herfindahl_index_markets=0.280
12:00:52 [super]   #892   0x69788e136500902559a2fb21883ab9baacbd08d8  prob=0.0526 (raw=0.1208)  vol=$477  trades=4  first_trade=2026-02-09 02:15  winrate=0.600  n_markets_traded=101.000  herfindahl_index_markets=0.046
12:00:52 [super]   #893   0x95e7567805aa06aeb5e2b09099a80dedcb4a20e6  prob=0.0526 (raw=0.1206)  vol=$7  trades=4  first_trade=2026-02-08 06:24  winrate=0.043  n_markets_traded=23.000  herfindahl_index_markets=0.049
12:00:52 [super]   #894   0x3b7814033ac6de26e77d35eac94e117e5d5549ec  prob=0.0525 (raw=0.1203)  vol=$24  trades=5  first_trade=2026-02-07 19:59  winrate=0.000  n_markets_traded=3.000  herfindahl_index_markets=0.344
12:00:52 [super]   #895   0x13337ad24df8614481895cd33d4e9d70ac50e463  prob=0.0525 (raw=0.1201)  vol=$269  trades=6  first_trade=2026-02-08 22:02  winrate=0.000  n_markets_traded=2.000  herfindahl_index_markets=0.973
12:00:52 [super]   #896   0x01b0c2967a56de35210beffe512cd7d4ae805aaa  prob=0.0525 (raw=0.1200)  vol=$11,044  trades=6  first_trade=2026-02-09 05:18  winrate=0.167  n_markets_traded=12.000  herfindahl_index_markets=0.192
12:00:52 [super]   #897   0xe48c30d29be48ef78bb02b332c407b2bdda1163a  prob=0.0524 (raw=0.1199)  vol=$161  trades=5  first_trade=2026-02-08 22:36  winrate=0.494  n_markets_traded=928.000  herfindahl_index_markets=0.002
12:00:52 [super]   #898   0x83db580e9b632517eba790ca8fd484e44f21d479  prob=0.0523 (raw=0.1193)  vol=$126  trades=5  first_trade=2026-02-08 08:19  winrate=0.000  n_markets_traded=3.000  herfindahl_index_markets=0.349
12:00:52 [super]   #899   0xec20b61c9dc063d61df87aa67f266ef205b7c74b  prob=0.0522 (raw=0.1189)  vol=$101  trades=6  first_trade=2026-02-07 22:10  winrate=0.500  n_markets_traded=66.000  herfindahl_index_markets=0.040
12:00:52 [super]   #900   0x7d607701278238ed55b82f6bc06536343b6203d8  prob=0.0522 (raw=0.1187)  vol=$5,106  trades=5  first_trade=2026-02-09 01:33  winrate=0.419  n_markets_traded=129.000  herfindahl_index_markets=0.026
12:00:52 [super]   #901   0x4f0c836e52a771e9d9b9e5a30f46baa9d164b524  prob=0.0521 (raw=0.1184)  vol=$518  trades=5  first_trade=2026-02-08 22:59  winrate=0.000  n_markets_traded=1.000  herfindahl_index_markets=1.000
12:00:52 [super]   #902   0xff4ae9667162ad897757b280b964749cd7b0e8d1  prob=0.0521 (raw=0.1184)  vol=$112  trades=12  first_trade=2026-02-07 12:51  winrate=NaN  n_markets_traded=0.000  herfindahl_index_markets=0.000
12:00:52 [super]   #903   0x3c80cb508d5efd2e1b3a0a079785d63da142249a  prob=0.0521 (raw=0.1183)  vol=$134  trades=20  first_trade=2026-02-08 19:45  winrate=NaN  n_markets_traded=0.000  herfindahl_index_markets=0.000
12:00:52 [super]   #904   0xecacd71f34712eaaa710332a59e717e1c0fbc518  prob=0.0520 (raw=0.1180)  vol=$16  trades=2  first_trade=2026-02-01 06:27  winrate=0.545  n_markets_traded=33.000  herfindahl_index_markets=0.043
12:00:52 [super]   #905   0xc6e7887abc4998bf5184aa3385a3938f9b2d6146  prob=0.0520 (raw=0.1180)  vol=$205,202  trades=115  first_trade=2026-02-09 00:11  winrate=0.000  n_markets_traded=1.000  herfindahl_index_markets=1.000
12:00:52 [super]   #906   0xeb2ced5b5cacdd61003d565b11b6b15114cdf64f  prob=0.0519 (raw=0.1173)  vol=$125  trades=4  first_trade=2026-02-08 23:48  winrate=0.000  n_markets_traded=3.000  herfindahl_index_markets=0.935
12:00:52 [super]   #907   0x9e1ec78bf2206181962512418bd2bbfdf340887c  prob=0.0519 (raw=0.1173)  vol=$5  trades=4  first_trade=2026-02-01 19:31  winrate=0.000  n_markets_traded=7.000  herfindahl_index_markets=0.219
12:00:52 [super]   #908   0x9fc9bc3912d5e7e7b14e93d870c53668519a0641  prob=0.0518 (raw=0.1171)  vol=$4  trades=1  first_trade=2026-02-02 06:00  winrate=0.000  n_markets_traded=3.000  herfindahl_index_markets=0.341
12:00:52 [super]   #909   0x15e85119caaeb7e82ada8feeffdc7affe1906d07  prob=0.0518 (raw=0.1171)  vol=$6  trades=2  first_trade=2025-06-26 13:57  winrate=0.333  n_markets_traded=9.000  herfindahl_index_markets=0.347
12:00:52 [super]   #910   0xe598435df0cdf5d22bdd5082d557f75f9180a0a8  prob=0.0518 (raw=0.1171)  vol=$39,670  trades=72  first_trade=2026-02-09 01:31  winrate=NaN  n_markets_traded=0.000  herfindahl_index_markets=0.000
12:00:52 [super]   #911   0xfba0b2e136ff234937f5b6c7ed5c1d9dd0155ada  prob=0.0518 (raw=0.1170)  vol=$40  trades=2  first_trade=2026-02-08 22:49  winrate=0.000  n_markets_traded=1.000  herfindahl_index_markets=1.000
12:00:52 [super]   #912   0x0edcafca72a6b135892ee2210d1d84ced78559b1  prob=0.0517 (raw=0.1165)  vol=$34  trades=5  first_trade=2026-02-09 00:28  winrate=0.545  n_markets_traded=22.000  herfindahl_index_markets=0.168
12:00:52 [super]   #913   0x482c5e5450f3fb1c65ee883b51d6ebb4b339828d  prob=0.0516 (raw=0.1160)  vol=$79  trades=8  first_trade=2026-02-04 16:18  winrate=0.000  n_markets_traded=3.000  herfindahl_index_markets=0.594
12:00:52 [super]   #914   0xcc3e87226912d35893b678eaa8a39d57b6fe37ef  prob=0.0516 (raw=0.1159)  vol=$12,980  trades=94  first_trade=2026-02-06 20:47  winrate=0.485  n_markets_traded=87.000  herfindahl_index_markets=0.054
12:00:52 [super]   #915   0xbb088df4e69f3b7b891b1f6c36815c76174c9545  prob=0.0516 (raw=0.1158)  vol=$2  trades=2  first_trade=2026-01-19 08:23  winrate=0.000  n_markets_traded=2.000  herfindahl_index_markets=0.500
12:00:52 [super]   #916   0xe509c35df1535af08e6a73e568d2cf2d5a014245  prob=0.0516 (raw=0.1157)  vol=$3,394  trades=13  first_trade=2026-02-08 22:37  winrate=0.000  n_markets_traded=2.000  herfindahl_index_markets=0.978
12:00:52 [super]   #917   0x34ba1f7f4c8a8d152d1298224754337a1ef80dd2  prob=0.0516 (raw=0.1157)  vol=$41  trades=4  first_trade=2026-02-09 01:22  winrate=0.815  n_markets_traded=119.000  herfindahl_index_markets=0.017
12:00:52 [super]   #918   0x1ed81784d31d9a46206a3ad305e17d826d125bcc  prob=0.0516 (raw=0.1157)  vol=$263  trades=5  first_trade=2026-01-29 01:38  winrate=0.100  n_markets_traded=10.000  herfindahl_index_markets=0.242
12:00:52 [super]   #919   0xa1ffbb2952fcd18b3b4759ccddeb7fdf90f655bd  prob=0.0515 (raw=0.1156)  vol=$4,704  trades=15  first_trade=2026-02-08 02:34  winrate=0.532  n_markets_traded=93.000  herfindahl_index_markets=0.043
12:00:52 [super]   #920   0x50bde4d8225913886715dd07f5944d89b416962a  prob=0.0515 (raw=0.1155)  vol=$796  trades=7  first_trade=2026-02-09 02:00  winrate=0.446  n_markets_traded=279.000  herfindahl_index_markets=0.021
12:00:52 [super]   #921   0x82cf10b9f043fa8ddf0e5b6958fe31c9c3f83d55  prob=0.0514 (raw=0.1148)  vol=$57  trades=6  first_trade=2026-02-09 01:30  winrate=NaN  n_markets_traded=0.000  herfindahl_index_markets=0.000
12:00:52 [super]   #922   0x79942b2e43ce3064bb648f2a094001dd076a0b69  prob=0.0513 (raw=0.1147)  vol=$180  trades=15  first_trade=2026-02-09 01:30  winrate=0.640  n_markets_traded=397.000  herfindahl_index_markets=0.013
12:00:52 [super]   #923   0x735f217fe55731869134fefa259e4f3029b6295c  prob=0.0513 (raw=0.1146)  vol=$183  trades=5  first_trade=2026-02-08 20:01  winrate=0.500  n_markets_traded=30.000  herfindahl_index_markets=0.064
12:00:52 [super]   #924   0xe455b0a3454aadcd10ca119e08e84d5a246bfdb3  prob=0.0513 (raw=0.1144)  vol=$151  trades=8  first_trade=2026-02-08 23:14  winrate=0.167  n_markets_traded=6.000  herfindahl_index_markets=0.201
12:00:52 [super]   #925   0x2edad2b85f826362a8530c4a1a3b46c9afc629de  prob=0.0511 (raw=0.1134)  vol=$5  trades=4  first_trade=2026-02-11 19:22  winrate=0.000  n_markets_traded=3.000  herfindahl_index_markets=0.514
12:00:52 [super]   #926   0xb32fe9da61426cb8038fbf23c3908bb022cf4f72  prob=0.0511 (raw=0.1133)  vol=$33  trades=9  first_trade=2026-02-05 18:36  winrate=0.000  n_markets_traded=19.000  herfindahl_index_markets=0.072
12:00:52 [super]   #927   0x81869b34351c0f9a43537ee6942f01dde42f8fea  prob=0.0510 (raw=0.1132)  vol=$87  trades=14  first_trade=2026-02-05 19:42  winrate=NaN  n_markets_traded=0.000  herfindahl_index_markets=0.000
12:00:52 [super]   #928   0xcb4b83bcc8ccbf23bab0f39ba75c0fa3507c8137  prob=0.0510 (raw=0.1132)  vol=$45,513  trades=64  first_trade=2026-02-09 00:12  winrate=0.500  n_markets_traded=2.000  herfindahl_index_markets=0.536
12:00:52 [super]   #929   0xcdea780fc062c40ae96edd656a26eb1b0367a365  prob=0.0510 (raw=0.1132)  vol=$308  trades=103  first_trade=2026-02-08 20:21  winrate=0.406  n_markets_traded=32.000  herfindahl_index_markets=0.083
12:00:52 [super]   #930   0x52627c8ae8ce6f2f1be38df0f6dd54607315ea0a  prob=0.0510 (raw=0.1130)  vol=$9  trades=2  first_trade=2026-02-08 22:59  winrate=0.000  n_markets_traded=4.000  herfindahl_index_markets=0.250
12:00:52 [super]   #931   0x74919413601bfb577685d47bec38dbb1174fada0  prob=0.0509 (raw=0.1127)  vol=$404  trades=63  first_trade=2026-01-21 18:58  winrate=NaN  n_markets_traded=0.000  herfindahl_index_markets=0.000
12:00:52 [super]   #932   0x94ed4f38109738097823a96fdd29617bc1043013  prob=0.0509 (raw=0.1123)  vol=$108  trades=30  first_trade=2026-01-31 11:55  winrate=0.054  n_markets_traded=37.000  herfindahl_index_markets=0.070
12:00:52 [super]   #933   0xa7cc00c563726032007221e827bbf7fdb6d7644e  prob=0.0508 (raw=0.1121)  vol=$8,343  trades=10  first_trade=2026-02-09 02:30  winrate=0.678  n_markets_traded=87.000  herfindahl_index_markets=0.047
12:00:52 [super]   #934   0xe39a2a0348929ce7e6bda4b8cf62c2c018075bbf  prob=0.0508 (raw=0.1119)  vol=$47  trades=19  first_trade=2026-01-23 15:28  winrate=0.000  n_markets_traded=11.000  herfindahl_index_markets=0.124
12:00:52 [super]   #935   0xdc480c7fb4e96ca8221593e063106ebdb3ce5d74  prob=0.0507 (raw=0.1114)  vol=$1,901  trades=21  first_trade=2026-02-09 00:45  winrate=0.474  n_markets_traded=19.000  herfindahl_index_markets=0.129
12:00:52 [super]   #936   0x84f0efd89a76c55ced2225ce9ba418160afbcd02  prob=0.0507 (raw=0.1114)  vol=$599  trades=4  first_trade=2026-02-08 01:40  winrate=0.000  n_markets_traded=4.000  herfindahl_index_markets=0.349
12:00:52 [super]   #937   0xbcb47077336d9bceb85fd411a911032ceb6fe1b8  prob=0.0506 (raw=0.1110)  vol=$11  trades=2  first_trade=2026-01-16 06:12  winrate=0.000  n_markets_traded=7.000  herfindahl_index_markets=0.228
12:00:52 [super]   #938   0xe4c7c33777e8e6118eba81d6b59ace7177ff045d  prob=0.0506 (raw=0.1110)  vol=$16  trades=3  first_trade=2025-12-21 08:20  winrate=0.000  n_markets_traded=11.000  herfindahl_index_markets=0.398
12:00:52 [super]   #939   0x5673299360970084c6b5191a6173eda36be798fd  prob=0.0506 (raw=0.1109)  vol=$2  trades=2  first_trade=2025-11-23 15:15  winrate=0.359  n_markets_traded=195.000  herfindahl_index_markets=0.135
12:00:52 [super]   #940   0x27b713fc1c89d498f19977c8bc7788a161fb7710  prob=0.0505 (raw=0.1109)  vol=$37  trades=4  first_trade=2026-02-07 10:12  winrate=NaN  n_markets_traded=0.000  herfindahl_index_markets=0.000
12:00:52 [super]   #941   0x72e67fa9d585bc2cce8ff4646d2d6b6423997498  prob=0.0505 (raw=0.1107)  vol=$11  trades=4  first_trade=2026-02-09 02:24  winrate=0.000  n_markets_traded=7.000  herfindahl_index_markets=0.143
12:00:52 [super]   #942   0xa2cca3be3a88b1cd76eafc2a4a62de361b138cbe  prob=0.0504 (raw=0.1104)  vol=$9  trades=3  first_trade=2026-01-10 17:17  winrate=0.105  n_markets_traded=19.000  herfindahl_index_markets=0.077
12:00:52 [super]   #943   0x1eca275bbec07d05e561e6e329c618f2f379aec6  prob=0.0504 (raw=0.1102)  vol=$5  trades=2  first_trade=2026-02-05 20:18  winrate=0.000  n_markets_traded=5.000  herfindahl_index_markets=0.310
12:00:52 [super]   #944   0x9bd58dfd68f6fa9c2e44df7b93004addd6b057ac  prob=0.0504 (raw=0.1101)  vol=$547  trades=6  first_trade=2026-02-08 23:51  winrate=0.093  n_markets_traded=46.000  herfindahl_index_markets=0.048
12:00:52 [super]   #945   0x49bcfd6df512572eaf33a14675955633cb87c5a1  prob=0.0504 (raw=0.1101)  vol=$27  trades=4  first_trade=2026-02-08 22:56  winrate=0.500  n_markets_traded=12.000  herfindahl_index_markets=0.128
12:00:52 [super]   #946   0x0fa91a25f40d647ea1b3027a5d03c9069cde1e5b  prob=0.0503 (raw=0.1096)  vol=$105  trades=4  first_trade=2026-02-09 01:44  winrate=0.588  n_markets_traded=33.000  herfindahl_index_markets=0.057
12:00:52 [super]   #947   0xaa1e4cc6d033918525e0d0b89be790a6c932bac9  prob=0.0503 (raw=0.1095)  vol=$8  trades=2  first_trade=2026-01-28 00:55  winrate=0.000  n_markets_traded=5.000  herfindahl_index_markets=0.208
12:00:52 [super]   #948   0x0ec6a9dd8a22c4e7bbb8a75e6a2e46a48032cd1f  prob=0.0502 (raw=0.1091)  vol=$660  trades=5  first_trade=2025-11-15 06:22  winrate=0.231  n_markets_traded=13.000  herfindahl_index_markets=0.162
12:00:52 [super]   #949   0x486316c269e5e7ff706f066e16e4e021e020805b  prob=0.0501 (raw=0.1086)  vol=$31  trades=4  first_trade=2026-02-08 22:52  winrate=0.428  n_markets_traded=278.000  herfindahl_index_markets=0.023
12:00:52 [super]   #950   0x7abcb25134471d831070adae1228d50bcebf7d1b  prob=0.0501 (raw=0.1085)  vol=$6  trades=2  first_trade=2026-02-09 01:42  winrate=0.378  n_markets_traded=82.000  herfindahl_index_markets=0.054
12:00:52 [super]   #951   0xe136a2d7545d8f4fad32e637f516ce6bf9a082e8  prob=0.0501 (raw=0.1085)  vol=$1,434  trades=18  first_trade=2026-02-08 20:21  winrate=0.305  n_markets_traded=59.000  herfindahl_index_markets=0.060
12:00:52 [super]   #952   0xf8f1d306dba15e5c20b3f5d0e5f975a680049369  prob=0.0500 (raw=0.1081)  vol=$76  trades=4  first_trade=2026-02-08 20:11  winrate=0.000  n_markets_traded=1.000  herfindahl_index_markets=1.000
12:00:52 [super]   #953   0x1a28a93b64b6aa499078d70f0245cf1b6fd00d27  prob=0.0500 (raw=0.1080)  vol=$10  trades=4  first_trade=2025-12-23 22:06  winrate=0.000  n_markets_traded=10.000  herfindahl_index_markets=0.122
12:00:52 [super]   #954   0xd6cafcd0bad1129571a689084a2a84268d2fc1d1  prob=0.0500 (raw=0.1080)  vol=$18  trades=5  first_trade=2026-02-09 01:38  winrate=0.341  n_markets_traded=226.000  herfindahl_index_markets=0.029
12:00:52 [super]   #955   0x615eba43d08f8c4cb773ff30251f2693bd48c0a9  prob=0.0499 (raw=0.1078)  vol=$51  trades=6  first_trade=2026-02-09 01:40  winrate=0.500  n_markets_traded=7.000  herfindahl_index_markets=0.152
12:00:52 [super]   #956   0xb3c02984233943c07a906dc8d57ef932f78a26e2  prob=0.0499 (raw=0.1078)  vol=$347  trades=10  first_trade=2026-02-08 23:58  winrate=0.417  n_markets_traded=12.000  herfindahl_index_markets=0.149
12:00:52 [super]   #957   0xe73997795829e24535705db66d79189a83ef0484  prob=0.0499 (raw=0.1075)  vol=$106  trades=3  first_trade=2026-02-08 22:52  winrate=0.370  n_markets_traded=72.000  herfindahl_index_markets=0.053
12:00:52 [super]   #958   0x4258342c4397d690c63ac5dbc247673f7e9cb969  prob=0.0499 (raw=0.1075)  vol=$724  trades=11  first_trade=2026-02-09 02:07  winrate=0.742  n_markets_traded=307.000  herfindahl_index_markets=0.025
12:00:52 [super]   #959   0x24bcdf79ca87e7552dadb44a9291edfaeaa8dc63  prob=0.0499 (raw=0.1075)  vol=$6  trades=2  first_trade=2026-02-09 01:42  winrate=0.429  n_markets_traded=84.000  herfindahl_index_markets=0.049
12:00:52 [super]   #960   0xf42729d7246dc766e0b06e0b14e9cd44afad15e1  prob=0.0498 (raw=0.1074)  vol=$365  trades=7  first_trade=2026-02-05 05:57  winrate=0.182  n_markets_traded=11.000  herfindahl_index_markets=0.192
12:00:52 [super]   #961   0x6c260584b77e420c729874845dc4123e2b961694  prob=0.0498 (raw=0.1073)  vol=$10  trades=3  first_trade=2026-02-09 00:06  winrate=0.000  n_markets_traded=5.000  herfindahl_index_markets=0.219
12:00:52 [super]   #962   0x30560e41160a919c8facf3906779b33d6700c3c9  prob=0.0498 (raw=0.1072)  vol=$327  trades=12  first_trade=2026-02-08 22:46  winrate=0.463  n_markets_traded=41.000  herfindahl_index_markets=0.297
12:00:52 [super]   #963   0x7680f496c7935d6f5b44b2b1ea16ae8f4b7dd558  prob=0.0498 (raw=0.1071)  vol=$49  trades=12  first_trade=2026-02-08 22:30  winrate=0.455  n_markets_traded=213.000  herfindahl_index_markets=0.022
12:00:52 [super]   #964   0xd4a8f58a5cba06250e2597644f9b7d2a19e512ea  prob=0.0498 (raw=0.1071)  vol=$18  trades=2  first_trade=2026-02-09 02:40  winrate=0.620  n_markets_traded=48.000  herfindahl_index_markets=0.064
12:00:52 [super]   #965   0x947abcc4b2880190b4a22932e00a3099b99ed3b0  prob=0.0496 (raw=0.1062)  vol=$2  trades=2  first_trade=2026-02-05 10:00  winrate=0.000  n_markets_traded=3.000  herfindahl_index_markets=0.333
12:00:52 [super]   #966   0x98e00437c2decbf8794cc6f65a07f2b59b540cde  prob=0.0496 (raw=0.1061)  vol=$19  trades=4  first_trade=2026-02-08 18:09  winrate=0.442  n_markets_traded=77.000  herfindahl_index_markets=0.024
12:00:52 [super]   #967   0x362b0a4638bcc0eb283c35a4e58e6b24a2a766c8  prob=0.0495 (raw=0.1058)  vol=$990  trades=2  first_trade=2026-02-09 08:55  winrate=0.964  n_markets_traded=52.000  herfindahl_index_markets=0.159
12:00:52 [super]   #968   0x1107c78fb0b023a600b36c6ec9467f08c8f18692  prob=0.0494 (raw=0.1053)  vol=$10  trades=2  first_trade=2026-02-08 18:59  winrate=0.000  n_markets_traded=3.000  herfindahl_index_markets=0.628
12:00:52 [super]   #969   0x8730a75317fd790500a4869df5edee0c024f5f6a  prob=0.0494 (raw=0.1052)  vol=$4  trades=2  first_trade=2026-02-08 21:54  winrate=0.000  n_markets_traded=2.000  herfindahl_index_markets=0.551
12:00:52 [super]   #970   0x4a885ad4db4c83fb743fb85c01acb4df7d5539ec  prob=0.0494 (raw=0.1050)  vol=$10  trades=4  first_trade=2026-02-07 16:43  winrate=0.212  n_markets_traded=146.000  herfindahl_index_markets=0.026
12:00:52 [super]   #971   0x770bb847626699b58c8862718125d2d786a8c461  prob=0.0493 (raw=0.1047)  vol=$7  trades=2  first_trade=2026-02-09 00:36  winrate=0.185  n_markets_traded=112.000  herfindahl_index_markets=0.024
12:00:52 [super]   #972   0x49eca97460be2c443630ec164cf881229614aab7  prob=0.0493 (raw=0.1045)  vol=$2  trades=2  first_trade=2026-02-08 21:18  winrate=0.000  n_markets_traded=4.000  herfindahl_index_markets=0.250
12:00:52 [super]   #973   0x5db56d12501f3c52300e194999da136530f05df8  prob=0.0493 (raw=0.1045)  vol=$1,249  trades=44  first_trade=2026-02-07 16:39  winrate=0.444  n_markets_traded=9.000  herfindahl_index_markets=0.174
12:00:52 [super]   #974   0x553c891186b2f55eafb41b6841edb786a440108c  prob=0.0492 (raw=0.1044)  vol=$6  trades=3  first_trade=2026-01-10 17:23  winrate=0.188  n_markets_traded=16.000  herfindahl_index_markets=0.101
12:00:52 [super]   #975   0xbe6eea32b6ebddefa2cf37b903a7510d487aacf1  prob=0.0491 (raw=0.1039)  vol=$19  trades=4  first_trade=2026-02-08 22:55  winrate=0.000  n_markets_traded=2.000  herfindahl_index_markets=0.506
12:00:52 [super]   #976   0x7530bcdccd70007c842c2e2ed332b0c8ae18d864  prob=0.0491 (raw=0.1037)  vol=$15  trades=5  first_trade=2026-02-02 21:07  winrate=0.233  n_markets_traded=60.000  herfindahl_index_markets=0.041
12:00:52 [super]   #977   0x1ea06ea7143d3b8e2431f9cab7011619c269950a  prob=0.0491 (raw=0.1037)  vol=$59,141  trades=102  first_trade=2026-02-08 18:44  winrate=0.000  n_markets_traded=3.000  herfindahl_index_markets=0.664
12:00:52 [super]   #978   0x3ccf7216576447154c3faf02492c7d82c6adaf69  prob=0.0491 (raw=0.1037)  vol=$62  trades=5  first_trade=2026-02-08 22:05  winrate=0.616  n_markets_traded=99.000  herfindahl_index_markets=0.025
12:00:52 [super]   #979   0x70b2a75885df27b1ee475cef755fe1947ae51950  prob=0.0491 (raw=0.1035)  vol=$294  trades=4  first_trade=2026-02-08 21:46  winrate=0.536  n_markets_traded=211.000  herfindahl_index_markets=0.009
12:00:52 [super]   #980   0xe3f2ae4491b3c8febcaffa26538306986b80d8b1  prob=0.0491 (raw=0.1035)  vol=$447  trades=6  first_trade=2026-02-08 16:40  winrate=0.306  n_markets_traded=193.000  herfindahl_index_markets=0.041
12:00:52 [super]   #981   0xb8580501a9faaf7504d9a02f65fbbd363a5e7dc3  prob=0.0490 (raw=0.1034)  vol=$225  trades=5  first_trade=2026-02-09 02:06  winrate=0.520  n_markets_traded=173.000  herfindahl_index_markets=0.027
12:00:52 [super]   #982   0x6fdc983ce0ca6b58adc4fa5909dc8121787297a5  prob=0.0490 (raw=0.1032)  vol=$3  trades=4  first_trade=2026-02-09 01:06  winrate=0.083  n_markets_traded=12.000  herfindahl_index_markets=0.121
12:00:52 [super]   #983   0x0e8a913a8fda2679b8677697ffe995bebd1a870c  prob=0.0490 (raw=0.1032)  vol=$29  trades=4  first_trade=2026-02-09 01:22  winrate=0.323  n_markets_traded=124.000  herfindahl_index_markets=0.028
12:00:52 [super]   #984   0xb7e4bb61fbc0c449369d32e118555bb1f128a17c  prob=0.0490 (raw=0.1031)  vol=$82  trades=10  first_trade=2026-02-08 10:53  winrate=0.508  n_markets_traded=126.000  herfindahl_index_markets=0.020
12:00:52 [super]   #985   0xc98b99ed7f9748fb3eb8d13d0e4531d023286430  prob=0.0490 (raw=0.1030)  vol=$1,567  trades=19  first_trade=2026-02-09 01:31  winrate=NaN  n_markets_traded=0.000  herfindahl_index_markets=0.000
12:00:52 [super]   #986   0x6fe92865b911ad0ef0b211354a6149d301379c50  prob=0.0490 (raw=0.1030)  vol=$190  trades=3  first_trade=2026-02-08 22:08  winrate=0.642  n_markets_traded=115.000  herfindahl_index_markets=0.016
12:00:52 [super]   #987   0x3b5c3e720e6da523095e601cfd918d3a1605a4e8  prob=0.0490 (raw=0.1030)  vol=$136  trades=7  first_trade=2026-02-08 21:20  winrate=0.278  n_markets_traded=18.000  herfindahl_index_markets=0.183
12:00:52 [super]   #988   0xc449b6014aef3785bc926ba36908d727849fbe1f  prob=0.0489 (raw=0.1029)  vol=$94  trades=6  first_trade=2026-01-23 20:31  winrate=0.000  n_markets_traded=11.000  herfindahl_index_markets=0.126
12:00:52 [super]   #989   0xfcf02e149deb3bdb0a7a3e745440257697543b6d  prob=0.0489 (raw=0.1029)  vol=$13  trades=4  first_trade=2026-02-08 13:22  winrate=0.594  n_markets_traded=32.000  herfindahl_index_markets=0.059
12:00:52 [super]   #990   0xc9fb77295ad18c290734f374689d36c21242ed5b  prob=0.0489 (raw=0.1028)  vol=$252  trades=2  first_trade=2026-02-09 07:53  winrate=0.600  n_markets_traded=5.000  herfindahl_index_markets=0.265
12:00:52 [super]   #991   0x94ce4ee0db0fa749225288d0d5cc2ebd04fe93eb  prob=0.0489 (raw=0.1028)  vol=$124  trades=35  first_trade=2026-01-23 03:22  winrate=0.278  n_markets_traded=18.000  herfindahl_index_markets=0.163
12:00:52 [super]   #992   0x63ada53f264c15763190f640ec7dd5807d124292  prob=0.0489 (raw=0.1027)  vol=$45  trades=5  first_trade=2026-02-08 20:49  winrate=0.444  n_markets_traded=52.000  herfindahl_index_markets=0.030
12:00:52 [super]   #993   0x104407ee8e3e591a3c7496db49b1e3fd54ef119f  prob=0.0488 (raw=0.1024)  vol=$5  trades=2  first_trade=2026-02-08 02:58  winrate=0.000  n_markets_traded=5.000  herfindahl_index_markets=0.251
12:00:52 [super]   #994   0x4b8008a81d95ad3211bee8dd19b2059bfecc731f  prob=0.0488 (raw=0.1023)  vol=$15  trades=4  first_trade=2026-02-08 22:24  winrate=0.381  n_markets_traded=176.000  herfindahl_index_markets=0.018
12:00:52 [super]   #995   0xb1c782ef5061a7d32d2e78688f4512333e4c0144  prob=0.0488 (raw=0.1021)  vol=$14  trades=4  first_trade=2026-01-27 20:35  winrate=0.550  n_markets_traded=40.000  herfindahl_index_markets=0.052
12:00:52 [super]   #996   0x2873fbda385c2edae6298ce1f2545fd6ef9f7af4  prob=0.0487 (raw=0.1019)  vol=$114  trades=11  first_trade=2026-01-10 04:35  winrate=0.051  n_markets_traded=39.000  herfindahl_index_markets=0.109
12:00:52 [super]   #997   0xc0f7a6b7a45538a3b529fc580701b3d403b1274d  prob=0.0487 (raw=0.1018)  vol=$33  trades=15  first_trade=2026-02-03 04:41  winrate=NaN  n_markets_traded=0.000  herfindahl_index_markets=0.000
12:00:52 [super]   #998   0x0baecb440b4365881ee7b16f6334a452504c0f6c  prob=0.0487 (raw=0.1016)  vol=$51  trades=2  first_trade=2026-02-09 02:02  winrate=0.000  n_markets_traded=9.000  herfindahl_index_markets=0.219
12:00:52 [super]   #999   0x604bf6bf20046bb3e901e7cd178135e09d46a009  prob=0.0487 (raw=0.1015)  vol=$7  trades=8  first_trade=2026-02-08 22:01  winrate=0.000  n_markets_traded=5.000  herfindahl_index_markets=0.301
12:00:52 [super]   #1000  0x383d49468784965cfd51dd79b39d46ef966387ea  prob=0.0486 (raw=0.1014)  vol=$201  trades=20  first_trade=2026-02-09 01:31  winrate=NaN  n_markets_traded=0.000  herfindahl_index_markets=0.000
12:00:52 [super]   #1001  0x5467416b499154604292bb02f21be932f7f762a4  prob=0.0486 (raw=0.1014)  vol=$3  trades=4  first_trade=2026-02-09 09:31  winrate=0.091  n_markets_traded=11.000  herfindahl_index_markets=0.170
12:00:52 [super]   #1002  0x543defe133dd03e4c0e9c21ca8b9ad99f465a8f3  prob=0.0486 (raw=0.1013)  vol=$4  trades=2  first_trade=2026-02-08 19:32  winrate=0.000  n_markets_traded=5.000  herfindahl_index_markets=0.289
12:00:52 [super]   #1003  0xdd0444b7590bc9c1508f71f85e223cbf3a666b40  prob=0.0486 (raw=0.1013)  vol=$0  trades=1  first_trade=2026-02-10 03:08  winrate=0.000  n_markets_traded=1098.000  herfindahl_index_markets=0.001
12:00:52 [super]   #1004  0xe6d6be36663d7b065aff822d1ca205744af3ee1d  prob=0.0485 (raw=0.1009)  vol=$7  trades=4  first_trade=2026-02-08 22:39  winrate=0.419  n_markets_traded=129.000  herfindahl_index_markets=0.020
12:00:52 [super]   #1005  0xde8348bb28cda5e37ee3911a92bcf0d8f7c655ca  prob=0.0484 (raw=0.1003)  vol=$2,096  trades=18  first_trade=2026-02-08 18:48  winrate=0.000  n_markets_traded=1.000  herfindahl_index_markets=1.000
12:00:52 [super]   #1006  0xb47c92bda613cbc2fb355e282a1cbf57e333ff4c  prob=0.0484 (raw=0.1002)  vol=$4  trades=2  first_trade=2026-02-08 21:43  winrate=0.176  n_markets_traded=17.000  herfindahl_index_markets=0.078
12:00:52 [super]   #1007  0xa96b66c04063705015b9feb9a285d4b25817a379  prob=0.0484 (raw=0.1001)  vol=$71  trades=6  first_trade=2026-02-09 01:41  winrate=NaN  n_markets_traded=0.000  herfindahl_index_markets=0.000
12:00:52 [super]   #1008  0x0778083ab98c5ab4bbe0b11fac034bd0c31c1276  prob=0.0484 (raw=0.1000)  vol=$679  trades=13  first_trade=2026-02-09 01:51  winrate=NaN  n_markets_traded=0.000  herfindahl_index_markets=0.000
12:00:52 [super]   #1009  0xe8762320bfd46e1e12737cc654b8c08608d142b6  prob=0.0483 (raw=0.0999)  vol=$1,416  trades=11  first_trade=2026-02-08 19:29  winrate=0.039  n_markets_traded=51.000  herfindahl_index_markets=0.117
12:00:52 [super]   #1010  0x50b977391c4b3dd88b0a0bef03c3434fe4284298  prob=0.0483 (raw=0.0998)  vol=$0  trades=2  first_trade=2026-02-09 01:33  winrate=NaN  n_markets_traded=0.000  herfindahl_index_markets=0.000
12:00:52 [super]   #1011  0x756ac78a029626d26ca9454e85ffd894f362c2db  prob=0.0483 (raw=0.0997)  vol=$464  trades=16  first_trade=2026-02-09 01:35  winrate=0.296  n_markets_traded=175.000  herfindahl_index_markets=0.321
12:00:52 [super]   #1012  0xcdb1f1ef8213c06911e4ba6a884176c5571e276c  prob=0.0483 (raw=0.0995)  vol=$2,040  trades=20  first_trade=2026-02-09 01:32  winrate=NaN  n_markets_traded=0.000  herfindahl_index_markets=0.000
12:00:52 [super]   #1013  0xad96fea6f44fb1c1017068971e4b191195c5c778  prob=0.0482 (raw=0.0993)  vol=$246  trades=7  first_trade=2026-02-03 20:09  winrate=0.529  n_markets_traded=17.000  herfindahl_index_markets=0.092
12:00:52 [super]   #1014  0x95d0a62deebb2de23cdac0163d4d07b7e04e071e  prob=0.0482 (raw=0.0991)  vol=$44  trades=4  first_trade=2026-02-08 20:47  winrate=0.368  n_markets_traded=19.000  herfindahl_index_markets=0.073
12:00:52 [super]   #1015  0x6c3c9c7b384aa25c9ca24b5710217825fc464169  prob=0.0482 (raw=0.0991)  vol=$28  trades=4  first_trade=2026-02-09 01:46  winrate=0.615  n_markets_traded=275.000  herfindahl_index_markets=0.037
12:00:52 [super]   #1016  0x909bfb5ecc736f1ee271be09f4d606e5ff9edf75  prob=0.0482 (raw=0.0991)  vol=$2  trades=2  first_trade=2026-02-09 05:35  winrate=NaN  n_markets_traded=NaN  herfindahl_index_markets=NaN
12:00:52 [super]   #1017  0x6a924500b46196928132932bea000cf05939e8fb  prob=0.0481 (raw=0.0988)  vol=$2,531  trades=2  first_trade=2026-02-09 09:46  winrate=0.898  n_markets_traded=49.000  herfindahl_index_markets=0.035
12:00:52 [super]   #1018  0x03110f725de9a54749df99e98719785649eef2d8  prob=0.0481 (raw=0.0988)  vol=$31  trades=4  first_trade=2026-02-08 02:24  winrate=0.500  n_markets_traded=36.000  herfindahl_index_markets=0.039
12:00:52 [super]   #1019  0xd814fa7dd6cc2ca7ec519f236127e71d68f48329  prob=0.0481 (raw=0.0988)  vol=$90  trades=8  first_trade=2026-02-08 16:38  winrate=0.143  n_markets_traded=14.000  herfindahl_index_markets=0.147
12:00:52 [super]   #1020  0x9e157de7e84f6038032d087cb55aaa7949877531  prob=0.0481 (raw=0.0988)  vol=$39,426  trades=109  first_trade=2026-02-09 01:21  winrate=NaN  n_markets_traded=0.000  herfindahl_index_markets=0.000
12:00:52 [super]   #1021  0x0218c0a9bce8ce3e67d5b49550d3840c202d52c0  prob=0.0481 (raw=0.0986)  vol=$603  trades=14  first_trade=2026-01-19 04:12  winrate=NaN  n_markets_traded=0.000  herfindahl_index_markets=0.000
12:00:52 [super]   #1022  0xf47f039c3d9f3d5dfe837e9b402b7de43367c0b2  prob=0.0481 (raw=0.0986)  vol=$47  trades=5  first_trade=2026-02-09 00:31  winrate=0.333  n_markets_traded=14.000  herfindahl_index_markets=0.261
12:00:52 [super]   #1023  0xa5d1524f3f34090c7f85f8afd5f1722472fb8e8d  prob=0.0480 (raw=0.0983)  vol=$112  trades=24  first_trade=2026-01-16 05:18  winrate=0.015  n_markets_traded=67.000  herfindahl_index_markets=0.038
12:00:52 [super]   #1024  0x4f3456c5b05b14d8afc40e0299d6d68de0ff7d7e  prob=0.0480 (raw=0.0979)  vol=$16  trades=4  first_trade=2026-01-27 22:10  winrate=NaN  n_markets_traded=0.000  herfindahl_index_markets=0.000
12:00:52 [super]   #1025  0x1cb0b5199bd00afe73606472bbe2a5789a89cb84  prob=0.0479 (raw=0.0979)  vol=$408  trades=9  first_trade=2026-02-09 01:29  winrate=0.250  n_markets_traded=20.000  herfindahl_index_markets=0.118
12:00:52 [super]   #1026  0x65d9b04765e68b999c42ad6499b34c5ef42c8608  prob=0.0479 (raw=0.0977)  vol=$78  trades=6  first_trade=2026-02-09 00:53  winrate=NaN  n_markets_traded=0.000  herfindahl_index_markets=0.000
12:00:52 [super]   #1027  0x1226e479e5844c194a10120dc0977c80ec67e322  prob=0.0479 (raw=0.0974)  vol=$52  trades=4  first_trade=2026-02-08 23:34  winrate=0.300  n_markets_traded=10.000  herfindahl_index_markets=0.172
12:00:52 [super]   #1028  0xeffd76b6a4318d50c6f71a16b276c5b279445a86  prob=0.0479 (raw=0.0974)  vol=$6,008  trades=22  first_trade=2026-02-08 22:17  winrate=NaN  n_markets_traded=0.000  herfindahl_index_markets=0.000
12:00:52 [super]   #1029  0x7cd51ec6c266858d97de70e51d14b81c74101444  prob=0.0478 (raw=0.0973)  vol=$3,506  trades=6  first_trade=2026-02-08 22:09  winrate=0.273  n_markets_traded=11.000  herfindahl_index_markets=0.241
12:00:52 [super]   #1030  0x7791155248641875185133fc880e2ea9c7ba5f8a  prob=0.0478 (raw=0.0971)  vol=$322  trades=4  first_trade=2026-02-09 03:05  winrate=0.312  n_markets_traded=16.000  herfindahl_index_markets=0.114
12:00:52 [super]   #1031  0x32cedef1dbb5cc25cdf0c8bffd2b7595aa979040  prob=0.0478 (raw=0.0970)  vol=$7  trades=4  first_trade=2026-02-06 14:35  winrate=0.471  n_markets_traded=104.000  herfindahl_index_markets=0.028
12:00:52 [super]   #1032  0xbef558a83a1c7850f2a9da21edce77ba04d55c67  prob=0.0477 (raw=0.0966)  vol=$11  trades=6  first_trade=2026-01-28 19:43  winrate=0.000  n_markets_traded=11.000  herfindahl_index_markets=0.105
12:00:52 [super]   #1033  0xa5e3044fd953605f9407d58c76e48fd75a394d7e  prob=0.0477 (raw=0.0965)  vol=$6,527  trades=47  first_trade=2026-02-08 21:21  winrate=NaN  n_markets_traded=0.000  herfindahl_index_markets=0.000
12:00:52 [super]   #1034  0x05bca4cb95ae418634b7880c0774198f26a1eec5  prob=0.0477 (raw=0.0964)  vol=$124  trades=4  first_trade=2026-02-09 04:01  winrate=0.296  n_markets_traded=27.000  herfindahl_index_markets=0.112
12:00:52 [super]   #1035  0x9466fbb26de636b94a344ce264e8e26040580f0c  prob=0.0477 (raw=0.0964)  vol=$62  trades=5  first_trade=2026-02-08 19:40  winrate=0.385  n_markets_traded=13.000  herfindahl_index_markets=0.150
12:00:52 [super]   #1036  0x92bcd808fa07f505e6160b9667f4d2d0c5375688  prob=0.0477 (raw=0.0964)  vol=$39  trades=6  first_trade=2026-02-06 17:36  winrate=0.200  n_markets_traded=10.000  herfindahl_index_markets=0.158
12:00:52 [super]   #1037  0x53757615de1c42b83f893b79d4241a009dc2aeea  prob=0.0477 (raw=0.0964)  vol=$58,847  trades=388  first_trade=2026-02-08 22:37  winrate=NaN  n_markets_traded=0.000  herfindahl_index_markets=0.000
12:00:52 [super]   #1038  0x9baebe30d1cefe0ac5be4be85189c9fa33e95d34  prob=0.0476 (raw=0.0963)  vol=$38  trades=4  first_trade=2026-02-08 22:01  winrate=0.536  n_markets_traded=73.000  herfindahl_index_markets=0.049
12:00:52 [super]   #1039  0x30f13b2887b0c6aed9df6ce6c83b31e20c98c0aa  prob=0.0476 (raw=0.0961)  vol=$4  trades=3  first_trade=2026-01-30 21:20  winrate=0.160  n_markets_traded=25.000  herfindahl_index_markets=0.120
12:00:52 [super]   #1040  0xcf875f3b5204012b457926b7b24ee83ac14dcb73  prob=0.0476 (raw=0.0959)  vol=$323  trades=2  first_trade=2026-02-09 07:51  winrate=0.667  n_markets_traded=6.000  herfindahl_index_markets=0.252
12:00:52 [super]   #1041  0x203205f531c4e53fb5d8142856130d6d50ac761c  prob=0.0475 (raw=0.0958)  vol=$4,796  trades=3  first_trade=2026-02-08 22:00  winrate=0.467  n_markets_traded=15.000  herfindahl_index_markets=0.147
12:00:52 [super]   #1042  0x4f55d4f93a070eef28ef25db5266e4e4064be40f  prob=0.0475 (raw=0.0957)  vol=$139  trades=6  first_trade=2026-02-06 23:43  winrate=0.200  n_markets_traded=20.000  herfindahl_index_markets=0.096
12:00:52 [super]   #1043  0x69ea0d77ef34f1acb03aaed901df7620fc4215cd  prob=0.0475 (raw=0.0956)  vol=$75,780  trades=156  first_trade=2026-02-07 12:56  winrate=NaN  n_markets_traded=0.000  herfindahl_index_markets=0.000
12:00:52 [super]   #1044  0x4806817370b5202af496eaa9b3110cd4d88bd870  prob=0.0475 (raw=0.0956)  vol=$248  trades=55  first_trade=2026-02-08 03:21  winrate=NaN  n_markets_traded=0.000  herfindahl_index_markets=0.000
12:00:52 [super]   #1045  0x6b5ef12e449948fcc6b89f2458c9d13d9a849d53  prob=0.0475 (raw=0.0955)  vol=$50  trades=2  first_trade=2025-09-29 02:23  winrate=0.302  n_markets_traded=43.000  herfindahl_index_markets=0.057
12:00:52 [super]   #1046  0xb2a3bf58e527714ffa8e4de52218186cd658e321  prob=0.0474 (raw=0.0952)  vol=$514  trades=7  first_trade=2026-02-09 01:33  winrate=NaN  n_markets_traded=0.000  herfindahl_index_markets=0.000
12:00:52 [super]   #1047  0x4d166fd6878aa4d2f2fe4748e327d21b2801528a  prob=0.0474 (raw=0.0951)  vol=$133  trades=5  first_trade=2026-02-09 01:55  winrate=0.414  n_markets_traded=133.000  herfindahl_index_markets=0.016
12:00:52 [super]   #1048  0x7270a865cbd19469b5194670aacfad6c32b80d06  prob=0.0474 (raw=0.0950)  vol=$75  trades=2  first_trade=2026-02-09 10:40  winrate=0.833  n_markets_traded=12.000  herfindahl_index_markets=0.193
12:00:52 [super]   #1049  0xbd3674089bb0c2e7d42b91f386dd971a5b09b914  prob=0.0474 (raw=0.0950)  vol=$56  trades=4  first_trade=2026-02-09 01:45  winrate=0.535  n_markets_traded=71.000  herfindahl_index_markets=0.075
12:00:52 [super]   #1050  0x2cc01d9aeb83abd566957eee048fc70d85a67414  prob=0.0474 (raw=0.0949)  vol=$33  trades=5  first_trade=2026-02-07 19:09  winrate=0.469  n_markets_traded=49.000  herfindahl_index_markets=0.051
12:00:52 [super]   #1051  0x2aeed4506e84b3de7a86bfad144b04c0a83910a3  prob=0.0473 (raw=0.0947)  vol=$8  trades=2  first_trade=2026-01-10 17:04  winrate=0.188  n_markets_traded=16.000  herfindahl_index_markets=0.123
12:00:52 [super]   #1052  0xffa41a6f0a16d888b1767703e3c60e9ef381162b  prob=0.0473 (raw=0.0945)  vol=$1,333  trades=2  first_trade=2026-02-09 18:28  winrate=NaN  n_markets_traded=0.000  herfindahl_index_markets=0.000
12:00:52 [super]   #1053  0x13134813973db95b891ccffa7fd0fa25e32485d8  prob=0.0473 (raw=0.0944)  vol=$29,106  trades=43  first_trade=2026-02-09 00:19  winrate=0.333  n_markets_traded=36.000  herfindahl_index_markets=0.114
12:00:52 [super]   #1054  0xe42f020e52f76faee41677ec8d0fa529b1a8be79  prob=0.0473 (raw=0.0943)  vol=$922  trades=7  first_trade=2026-02-09 02:12  winrate=0.773  n_markets_traded=119.000  herfindahl_index_markets=0.028
12:00:52 [super]   #1055  0xe3be11b3785de4b6d2071c0d4976a50ce5456bd7  prob=0.0472 (raw=0.0941)  vol=$324  trades=5  first_trade=2026-02-08 15:04  winrate=0.000  n_markets_traded=2.000  herfindahl_index_markets=0.611
12:00:52 [super]   #1056  0x4b4f81be9d81a6a9137f604df4827ea8708975f2  prob=0.0471 (raw=0.0936)  vol=$99  trades=5  first_trade=2026-02-09 01:22  winrate=0.564  n_markets_traded=181.000  herfindahl_index_markets=0.025
12:00:52 [super]   #1057  0x8a127d72f04458cbddf238df63558c85bc8057e3  prob=0.0471 (raw=0.0935)  vol=$87  trades=78  first_trade=2026-02-08 06:22  winrate=0.459  n_markets_traded=67.000  herfindahl_index_markets=0.052
12:00:52 [super]   #1058  0x504fb74e4855005efe7881e8f97feedd89383ddc  prob=0.0471 (raw=0.0935)  vol=$1,067  trades=4  first_trade=2026-02-06 20:07  winrate=0.550  n_markets_traded=772.000  herfindahl_index_markets=0.004
12:00:52 [super]   #1059  0x714e1a0b7045adda39440599b768e6c5c717beee  prob=0.0471 (raw=0.0933)  vol=$835  trades=16  first_trade=2026-02-09 01:32  winrate=0.440  n_markets_traded=160.000  herfindahl_index_markets=0.034
12:00:52 [super]   #1060  0x20adffa8924a65a45c6ff3338259978cb8fbc2b6  prob=0.0471 (raw=0.0933)  vol=$1,000  trades=2  first_trade=2026-02-10 07:35  winrate=0.000  n_markets_traded=3.000  herfindahl_index_markets=0.803
12:00:52 [super]   #1061  0xb89f5425341719d298dc2f5b9a92374f5fde1c44  prob=0.0470 (raw=0.0932)  vol=$11,615  trades=6  first_trade=2026-02-09 01:46  winrate=NaN  n_markets_traded=0.000  herfindahl_index_markets=0.000
12:00:52 [super]   #1062  0x66cb667cd19a58c169b7ff2f47fdaf243176e69d  prob=0.0470 (raw=0.0931)  vol=$17  trades=12  first_trade=2026-02-09 02:48  winrate=0.571  n_markets_traded=42.000  herfindahl_index_markets=0.059
12:00:52 [super]   #1063  0xb9a2c26b9a817c740e52dd2a531de964f40bb3cd  prob=0.0470 (raw=0.0930)  vol=$120  trades=6  first_trade=2026-02-08 22:56  winrate=0.000  n_markets_traded=20.000  herfindahl_index_markets=0.066
12:00:52 [super]   #1064  0x149f91a2622dccde7380d76695ce8a964e8ad306  prob=0.0470 (raw=0.0928)  vol=$88  trades=2  first_trade=2026-02-08 23:27  winrate=0.750  n_markets_traded=2.000  herfindahl_index_markets=0.516
12:00:52 [super]   #1065  0x26f49742dcdfe0d4a49dad70e8e2822c047204e9  prob=0.0470 (raw=0.0928)  vol=$471  trades=53  first_trade=2026-02-08 03:25  winrate=0.586  n_markets_traded=58.000  herfindahl_index_markets=0.087
12:00:52 [super]   #1066  0xc4c4706fa9b9d145e4314753ad9f8530cce1d457  prob=0.0469 (raw=0.0925)  vol=$8  trades=4  first_trade=2026-02-09 01:47  winrate=0.446  n_markets_traded=92.000  herfindahl_index_markets=0.025
12:00:52 [super]   #1067  0x381d8eccda82790f2a7db4d3f478e04c342d5f91  prob=0.0469 (raw=0.0922)  vol=$252  trades=2  first_trade=2026-02-09 07:51  winrate=0.400  n_markets_traded=5.000  herfindahl_index_markets=0.263
12:00:52 [super]   #1068  0x93c4835a2e784cc7316f55c14ba5bf979652c315  prob=0.0468 (raw=0.0922)  vol=$4  trades=4  first_trade=2026-02-08 23:41  winrate=0.500  n_markets_traded=14.000  herfindahl_index_markets=0.084
12:00:52 [super]   #1069  0xf69b4f52ddface7f7479deab63dd17765215d240  prob=0.0468 (raw=0.0921)  vol=$120  trades=4  first_trade=2026-02-02 11:03  winrate=0.623  n_markets_traded=324.000  herfindahl_index_markets=0.007
12:00:52 [super]   #1070  0x99e7d462c9d45b9509e6a4bd074339d75b6cc22d  prob=0.0468 (raw=0.0919)  vol=$28  trades=2  first_trade=2026-02-08 16:28  winrate=0.000  n_markets_traded=3.000  herfindahl_index_markets=0.520
12:00:52 [super]   #1071  0x0c27d8a54c1b8f9478615d682be205e1823202d1  prob=0.0468 (raw=0.0919)  vol=$10,000  trades=4  first_trade=2026-02-09 22:50  winrate=0.000  n_markets_traded=2.000  herfindahl_index_markets=0.835
12:00:52 [super]   #1072  0xde1c0df718bcce0463514d3f704c0e1f347efb66  prob=0.0468 (raw=0.0918)  vol=$410  trades=4  first_trade=2026-02-08 09:14  winrate=0.356  n_markets_traded=101.000  herfindahl_index_markets=0.012
12:00:52 [super]   #1073  0x685d793fd1f87a05716d14154eac45fca17122d6  prob=0.0467 (raw=0.0914)  vol=$1,468  trades=5  first_trade=2026-02-09 02:32  winrate=0.608  n_markets_traded=524.000  herfindahl_index_markets=0.006
12:00:52 [super]   #1074  0xf44ca99b85291a793e86da58ea753b5a410f6d6c  prob=0.0467 (raw=0.0914)  vol=$69  trades=10  first_trade=2026-02-08 21:33  winrate=0.677  n_markets_traded=437.000  herfindahl_index_markets=0.008
12:00:52 [super]   #1075  0x13fcc13a4a70baca3f8946b377c83b474a0f1428  prob=0.0467 (raw=0.0913)  vol=$355  trades=3  first_trade=2026-02-09 11:47  winrate=0.000  n_markets_traded=9.000  herfindahl_index_markets=0.111
12:00:52 [super]   #1076  0x2b49ae743a9ea15eb894b1ea91bc67ff3b07244f  prob=0.0467 (raw=0.0913)  vol=$63  trades=11  first_trade=2026-02-06 19:31  winrate=NaN  n_markets_traded=0.000  herfindahl_index_markets=0.000
12:00:52 [super]   #1077  0x22b57908ba8b730b1242cce3781407090194bdca  prob=0.0467 (raw=0.0913)  vol=$175,360  trades=40  first_trade=2026-02-09 04:23  winrate=0.758  n_markets_traded=127.000  herfindahl_index_markets=0.028
12:00:52 [super]   #1078  0xc24f644c56793372d7272a05e5a08582baf21acd  prob=0.0467 (raw=0.0913)  vol=$387  trades=15  first_trade=2026-02-07 09:02  winrate=0.608  n_markets_traded=371.000  herfindahl_index_markets=0.040
12:00:52 [super]   #1079  0x5f7c85c5862a42cb65bd75c545b2149a776c7d97  prob=0.0467 (raw=0.0913)  vol=$6  trades=4  first_trade=2026-02-09 01:41  winrate=0.318  n_markets_traded=42.000  herfindahl_index_markets=0.066
12:00:52 [super]   #1080  0xa1412bbd687b6c2284745192fe3a33826e79a6fe  prob=0.0466 (raw=0.0910)  vol=$38  trades=7  first_trade=2026-01-09 00:18  winrate=0.062  n_markets_traded=32.000  herfindahl_index_markets=0.075
12:00:52 [super]   #1081  0x6a6f0f7dc5d79b39e27ea492e2686bfd7a1ed5fa  prob=0.0465 (raw=0.0906)  vol=$72  trades=6  first_trade=2026-02-08 21:00  winrate=0.389  n_markets_traded=18.000  herfindahl_index_markets=0.066
12:00:52 [super]   #1082  0xec3f093b289078aafb8d1e1d0d3e88f67e913526  prob=0.0465 (raw=0.0906)  vol=$27  trades=3  first_trade=2026-02-08 10:59  winrate=0.571  n_markets_traded=34.000  herfindahl_index_markets=0.048
12:00:52 [super]   #1083  0x0f63e887712e4d46f8d4e64b7dd9a94b1686c6ba  prob=0.0465 (raw=0.0905)  vol=$196  trades=7  first_trade=2026-02-09 00:56  winrate=0.556  n_markets_traded=9.000  herfindahl_index_markets=0.451
12:00:52 [super]   #1084  0x8a70cadd867a8fc71c6720c47a6920e594b8a609  prob=0.0465 (raw=0.0902)  vol=$6,880  trades=51  first_trade=2026-02-08 10:13  winrate=0.143  n_markets_traded=14.000  herfindahl_index_markets=0.134
12:00:52 [super]   #1085  0x0c407b50256e5b4029d1cd15a771e8ced836ed44  prob=0.0464 (raw=0.0901)  vol=$500  trades=2  first_trade=2026-02-09 14:11  winrate=0.000  n_markets_traded=4.000  herfindahl_index_markets=0.259
12:00:52 [super]   #1086  0x7e1973599c5508777dc5549cd7815a4fd005ee3e  prob=0.0464 (raw=0.0899)  vol=$404  trades=15  first_trade=2025-09-29 13:56  winrate=0.562  n_markets_traded=16.000  herfindahl_index_markets=0.105
12:00:52 [super]   #1087  0x347fbc3142a8a5ba5baa737dcee36f2ea542da56  prob=0.0464 (raw=0.0897)  vol=$158  trades=2  first_trade=2026-02-09 06:54  winrate=0.972  n_markets_traded=36.000  herfindahl_index_markets=0.049
12:00:52 [super]   #1088  0xcc2ea32ce17d22e2910fbe14c1e5e5c6bee72358  prob=0.0464 (raw=0.0896)  vol=$582  trades=16  first_trade=2026-02-08 23:07  winrate=0.625  n_markets_traded=52.000  herfindahl_index_markets=0.086
12:00:52 [super]   #1089  0x4396378a91ba74be2b448f83c586574871fc332a  prob=0.0463 (raw=0.0892)  vol=$24  trades=4  first_trade=2026-02-09 04:38  winrate=NaN  n_markets_traded=0.000  herfindahl_index_markets=0.000
12:00:52 [super]   #1090  0xfba96ad41b47817e9d7c3934b0e009eb4d319a60  prob=0.0463 (raw=0.0892)  vol=$500  trades=3  first_trade=2026-02-09 14:14  winrate=0.000  n_markets_traded=3.000  herfindahl_index_markets=0.348
12:00:52 [super]   #1091  0x929fe0fc66417552013ecd2592da337a57f7e1a1  prob=0.0463 (raw=0.0892)  vol=$1,298  trades=24  first_trade=2026-02-05 03:20  winrate=0.333  n_markets_traded=3.000  herfindahl_index_markets=0.458
12:00:52 [super]   #1092  0xe911fdd9ee44fd8c70a16172230735e91d1f65a5  prob=0.0462 (raw=0.0888)  vol=$30  trades=4  first_trade=2026-02-08 10:02  winrate=NaN  n_markets_traded=0.000  herfindahl_index_markets=0.000
12:00:52 [super]   #1093  0x1120302502570d77242690376e8348fd095d5efa  prob=0.0462 (raw=0.0887)  vol=$20  trades=2  first_trade=2026-02-09 02:57  winrate=0.642  n_markets_traded=53.000  herfindahl_index_markets=0.118
12:00:52 [super]   #1094  0xb210c00830ea3751b95d8f2129c4f7c5fd42728e  prob=0.0462 (raw=0.0887)  vol=$326  trades=9  first_trade=2026-02-08 23:13  winrate=NaN  n_markets_traded=0.000  herfindahl_index_markets=0.000
12:00:52 [super]   #1095  0x403367d22db4c6f33e25d6e6fe3bd7413846d3be  prob=0.0462 (raw=0.0886)  vol=$155  trades=37  first_trade=2026-01-18 03:06  winrate=NaN  n_markets_traded=0.000  herfindahl_index_markets=0.000
12:00:52 [super]   #1096  0xd547c0ce7f25353c93e450d77ea3dad8a0498a9f  prob=0.0461 (raw=0.0885)  vol=$114,160  trades=648  first_trade=2026-02-06 20:34  winrate=0.481  n_markets_traded=129.000  herfindahl_index_markets=0.070
12:00:52 [super]   #1097  0xe28ec1a6c0d755460dfac739db11bbb361348474  prob=0.0461 (raw=0.0885)  vol=$24  trades=5  first_trade=2026-02-04 19:48  winrate=0.000  n_markets_traded=4.000  herfindahl_index_markets=0.289
12:00:52 [super]   #1098  0xe1a49dc01ede5492fbd27a6dcae20dddf719a4ba  prob=0.0461 (raw=0.0884)  vol=$17  trades=10  first_trade=2026-02-07 09:14  winrate=NaN  n_markets_traded=0.000  herfindahl_index_markets=0.000
12:00:52 [super]   #1099  0xf40577b8aa991a9af8b09f219c20bc57f1089d96  prob=0.0461 (raw=0.0882)  vol=$30  trades=12  first_trade=2026-02-06 17:12  winrate=NaN  n_markets_traded=0.000  herfindahl_index_markets=0.000
12:00:52 [super]   #1100  0x6de983b37b054b8e8442f4c1f30dc30c7567a8e5  prob=0.0461 (raw=0.0881)  vol=$183  trades=10  first_trade=2026-02-09 02:09  winrate=NaN  n_markets_traded=0.000  herfindahl_index_markets=0.000
12:00:52 [super]   #1101  0x74f4d15f26b8abf4708d8b466e878d665a07413f  prob=0.0461 (raw=0.0881)  vol=$8  trades=4  first_trade=2026-02-05 12:03  winrate=0.306  n_markets_traded=62.000  herfindahl_index_markets=0.028
12:00:52 [super]   #1102  0x5dc475af30e397289c0daa3eec5efe79dc9399ad  prob=0.0460 (raw=0.0879)  vol=$810  trades=6  first_trade=2026-02-09 02:26  winrate=0.602  n_markets_traded=171.000  herfindahl_index_markets=0.023
12:00:52 [super]   #1103  0x3306242d7f1024631c94921239362f04b65b90cb  prob=0.0460 (raw=0.0878)  vol=$254  trades=9  first_trade=2026-02-09 01:17  winrate=0.333  n_markets_traded=6.000  herfindahl_index_markets=0.250
12:00:52 [super]   #1104  0x4a1f13f733dae181838b216d238e7ea3de891a9f  prob=0.0460 (raw=0.0878)  vol=$125  trades=27  first_trade=2025-10-18 01:39  winrate=NaN  n_markets_traded=0.000  herfindahl_index_markets=0.000
12:00:52 [super]   #1105  0xb3f3dc461c9d95b3d4a0f4d76ab78dbdfcfcbb19  prob=0.0460 (raw=0.0877)  vol=$3,280  trades=22  first_trade=2026-02-08 04:45  winrate=NaN  n_markets_traded=0.000  herfindahl_index_markets=0.000
12:00:52 [super]   #1106  0x6b6ac9d7d7350776690d022b1250a1cff7bd734a  prob=0.0460 (raw=0.0877)  vol=$84  trades=9  first_trade=2026-02-08 19:38  winrate=0.256  n_markets_traded=39.000  herfindahl_index_markets=0.057
12:00:52 [super]   #1107  0x4b83a00506fdafcd0f5745ffb6d8cbb28b5697b2  prob=0.0460 (raw=0.0875)  vol=$542  trades=6  first_trade=2026-02-09 01:35  winrate=0.921  n_markets_traded=63.000  herfindahl_index_markets=0.060
12:00:52 [super]   #1108  0x9a115205f65c56edeaaac84501580fe198a5effa  prob=0.0459 (raw=0.0874)  vol=$177  trades=23  first_trade=2026-02-04 19:15  winrate=0.414  n_markets_traded=128.000  herfindahl_index_markets=0.117
12:00:52 [super]   #1109  0x675c680b5478e71df340706e4e5ad9b0591d2224  prob=0.0459 (raw=0.0873)  vol=$44  trades=2  first_trade=2026-02-08 21:45  winrate=0.208  n_markets_traded=221.000  herfindahl_index_markets=0.018
12:00:52 [super]   #1110  0x39b6b391f45ea67826ed4dca6a16fb2c3b5ea43d  prob=0.0459 (raw=0.0872)  vol=$525  trades=16  first_trade=2026-02-08 19:36  winrate=0.250  n_markets_traded=12.000  herfindahl_index_markets=0.640
12:00:52 [super]   #1111  0xcf6ecbcdf7a0f824e0f741750f1c4091a7bc4692  prob=0.0459 (raw=0.0870)  vol=$43  trades=4  first_trade=2026-02-07 20:51  winrate=0.250  n_markets_traded=32.000  herfindahl_index_markets=0.062
12:00:52 [super]   #1112  0xc5bdf06de8ac9e1a904408d101c0cdc86571ceaa  prob=0.0458 (raw=0.0869)  vol=$2,353  trades=62  first_trade=2026-02-08 06:23  winrate=NaN  n_markets_traded=0.000  herfindahl_index_markets=0.000
12:00:52 [super]   #1113  0xc21094109bf351b5a57203d0da88c91763548b21  prob=0.0458 (raw=0.0868)  vol=$2,504  trades=48  first_trade=2026-02-07 20:18  winrate=NaN  n_markets_traded=0.000  herfindahl_index_markets=0.000
12:00:52 [super]   #1114  0x24b0cc140da5a6d1a142d5499e3219e148012bc6  prob=0.0458 (raw=0.0867)  vol=$35  trades=3  first_trade=2026-02-05 19:45  winrate=0.000  n_markets_traded=3.000  herfindahl_index_markets=0.580
12:00:52 [super]   #1115  0x6dbf86916d2408546f7fd9f2f9af6c3082562418  prob=0.0458 (raw=0.0866)  vol=$10  trades=2  first_trade=2026-02-09 02:23  winrate=0.570  n_markets_traded=336.000  herfindahl_index_markets=0.005
12:00:52 [super]   #1116  0x02fbedc61aa888dd1ea00b81e75b54d8e98b5938  prob=0.0458 (raw=0.0865)  vol=$76  trades=4  first_trade=2026-02-08 23:52  winrate=0.000  n_markets_traded=1.000  herfindahl_index_markets=1.000
12:00:52 [super]   #1117  0xfc0a7153e1907abcf7a0779a5603f65861f295ca  prob=0.0457 (raw=0.0863)  vol=$43  trades=4  first_trade=2026-02-09 02:13  winrate=0.095  n_markets_traded=42.000  herfindahl_index_markets=0.112
12:00:52 [super]   #1118  0xb03b826a4fc9893b35d3ddf4f11be824525b6ca1  prob=0.0457 (raw=0.0863)  vol=$138  trades=7  first_trade=2026-02-08 19:18  winrate=NaN  n_markets_traded=0.000  herfindahl_index_markets=0.000
12:00:52 [super]   #1119  0xd7377c1218a9e298695fcede135c816cbe6871bb  prob=0.0457 (raw=0.0862)  vol=$19  trades=4  first_trade=2026-02-08 22:50  winrate=0.505  n_markets_traded=592.000  herfindahl_index_markets=0.009
12:00:52 [super]   #1120  0x12a1aac676d766fc56bef4988e5d64b4389b4e4d  prob=0.0456 (raw=0.0857)  vol=$4  trades=2  first_trade=2026-01-20 09:53  winrate=0.400  n_markets_traded=10.000  herfindahl_index_markets=0.282
12:00:52 [super]   #1121  0x806ef497fd142a3758182367b9e72d9cc47f84c4  prob=0.0456 (raw=0.0857)  vol=$21  trades=4  first_trade=2026-01-21 20:07  winrate=0.406  n_markets_traded=106.000  herfindahl_index_markets=0.017
12:00:52 [super]   #1122  0xb9ff64cc1241ae25b165927ffc871ca7faae5e00  prob=0.0456 (raw=0.0856)  vol=$531  trades=4  first_trade=2026-02-09 01:43  winrate=0.518  n_markets_traded=492.000  herfindahl_index_markets=0.021
12:00:52 [super]   #1123  0xca972cdf160266af59af5ad84d0577cb3ac75409  prob=0.0456 (raw=0.0855)  vol=$1,034  trades=41  first_trade=2026-02-08 06:23  winrate=NaN  n_markets_traded=0.000  herfindahl_index_markets=0.000
12:00:52 [super]   #1124  0xcb7872fe492b4d5ca4c487c166a8becece023962  prob=0.0456 (raw=0.0853)  vol=$19  trades=2  first_trade=2026-02-08 19:18  winrate=0.000  n_markets_traded=6.000  herfindahl_index_markets=0.175
12:00:52 [super]   #1125  0x95074f700f93bdf6e62fc965e0832064c0877b04  prob=0.0455 (raw=0.0849)  vol=$135,575  trades=244  first_trade=2026-02-09 01:29  winrate=NaN  n_markets_traded=0.000  herfindahl_index_markets=0.000
12:00:52 [super]   #1126  0xcdfc1a672764f85dd29600e6665feff2f176e7d6  prob=0.0454 (raw=0.0847)  vol=$3,502  trades=203  first_trade=2026-02-04 05:43  winrate=0.000  n_markets_traded=9.000  herfindahl_index_markets=0.153
12:00:52 [super]   #1127  0x903d2896504faa76c6f92bf56fa555dd15c9ee74  prob=0.0454 (raw=0.0847)  vol=$74  trades=22  first_trade=2026-02-09 01:17  winrate=0.441  n_markets_traded=100.000  herfindahl_index_markets=0.021
12:00:52 [super]   #1128  0x809205fb1c91f746b9703ca412c4fdd0435db8a2  prob=0.0454 (raw=0.0845)  vol=$683  trades=50  first_trade=2026-02-09 01:37  winrate=NaN  n_markets_traded=0.000  herfindahl_index_markets=0.000
12:00:52 [super]   #1129  0x707a2f7bb884e45bf5aa26f0dc44aa3ae309d4ff  prob=0.0453 (raw=0.0842)  vol=$2  trades=4  first_trade=2025-10-31 08:19  winrate=NaN  n_markets_traded=0.000  herfindahl_index_markets=0.000
12:00:52 [super]   #1130  0x24d1782344f34c248b8668035dd4d25badd458a1  prob=0.0453 (raw=0.0841)  vol=$236  trades=4  first_trade=2026-02-08 19:46  winrate=NaN  n_markets_traded=0.000  herfindahl_index_markets=0.000
12:00:52 [super]   #1131  0xbb6f83e2b48ed8d431903df2bce0a1db406691af  prob=0.0453 (raw=0.0841)  vol=$2  trades=2  first_trade=2026-02-08 23:15  winrate=0.344  n_markets_traded=32.000  herfindahl_index_markets=0.067
12:00:52 [super]   #1132  0x789a4c347bdfb52d8772fa8225917cbfc13a1dda  prob=0.0453 (raw=0.0839)  vol=$1,205  trades=10  first_trade=2026-02-09 01:41  winrate=NaN  n_markets_traded=0.000  herfindahl_index_markets=0.000
12:00:52 [super]   #1133  0x987069e3ba77f73bc43fcad0dd43fa3eced7b9d3  prob=0.0452 (raw=0.0837)  vol=$2,841  trades=12  first_trade=2026-02-08 06:32  winrate=NaN  n_markets_traded=0.000  herfindahl_index_markets=0.000
12:00:52 [super]   #1134  0x201cbc10410f6900090edf68515f62190e8158bf  prob=0.0452 (raw=0.0837)  vol=$4,892  trades=7  first_trade=2026-02-08 22:56  winrate=NaN  n_markets_traded=0.000  herfindahl_index_markets=0.000
12:00:52 [super]   #1135  0x839162e73cd2cabe556decfb00f50fb39f8638ff  prob=0.0452 (raw=0.0836)  vol=$7  trades=6  first_trade=2026-02-10 00:27  winrate=0.468  n_markets_traded=293.000  herfindahl_index_markets=0.006
12:00:52 [super]   #1136  0x7558b9d517ccd4e6c378e47694112e51fa78321f  prob=0.0452 (raw=0.0836)  vol=$1,010  trades=4  first_trade=2026-02-08 19:02  winrate=0.000  n_markets_traded=7.000  herfindahl_index_markets=0.165
12:00:52 [super]   #1137  0x9f89705c95f1bd24f9e9bd2b07eb6cd82ffb3111  prob=0.0452 (raw=0.0836)  vol=$275  trades=13  first_trade=2026-02-08 03:31  winrate=0.077  n_markets_traded=26.000  herfindahl_index_markets=0.074
12:00:52 [super]   #1138  0x1646da6aff91aea93192c910afb561b8c78abb1a  prob=0.0452 (raw=0.0834)  vol=$22  trades=8  first_trade=2026-02-08 00:50  winrate=0.000  n_markets_traded=5.000  herfindahl_index_markets=0.443
12:00:52 [super]   #1139  0x41eacf5aaa4c7fc883a098635b981050715d7a3d  prob=0.0452 (raw=0.0833)  vol=$2,835  trades=23  first_trade=2025-09-29 00:18  winrate=NaN  n_markets_traded=0.000  herfindahl_index_markets=0.000
12:00:52 [super]   #1140  0x06e0d6e8ff528dac111f7c684e2ede568d8aad29  prob=0.0452 (raw=0.0832)  vol=$260  trades=16  first_trade=2026-02-09 01:55  winrate=0.427  n_markets_traded=492.000  herfindahl_index_markets=0.004
12:00:52 [super]   #1141  0xd44f6947cee1f2da164717c82518ade7f6c7d381  prob=0.0451 (raw=0.0831)  vol=$1  trades=1  first_trade=2026-01-10 20:49  winrate=0.182  n_markets_traded=11.000  herfindahl_index_markets=0.168
12:00:52 [super]   #1142  0x342c993db074cb2ebb39346ca885636b3cf37f7b  prob=0.0451 (raw=0.0831)  vol=$252  trades=8  first_trade=2026-02-09 01:44  winrate=0.222  n_markets_traded=54.000  herfindahl_index_markets=0.086
12:00:52 [super]   #1143  0xefd571274fb3adf3d5bd5390d861c7cb7ec5af20  prob=0.0451 (raw=0.0829)  vol=$44  trades=2  first_trade=2026-02-08 18:25  winrate=0.200  n_markets_traded=15.000  herfindahl_index_markets=0.095
12:00:52 [super]   #1144  0xa5e1e6419415f315a60b769b51358b6675964044  prob=0.0451 (raw=0.0829)  vol=$41  trades=3  first_trade=2026-02-07 21:58  winrate=0.000  n_markets_traded=5.000  herfindahl_index_markets=0.280
12:00:52 [super]   #1145  0x40b56ff99bced09c748eb8f50799ae7360664c7b  prob=0.0451 (raw=0.0829)  vol=$5  trades=4  first_trade=2026-01-18 19:44  winrate=0.390  n_markets_traded=82.000  herfindahl_index_markets=0.054
12:00:52 [super]   #1146  0x03c8118da338a9dafb2bae9a4e89055203a30e01  prob=0.0451 (raw=0.0829)  vol=$1,106  trades=6  first_trade=2026-02-09 01:41  winrate=0.362  n_markets_traded=278.000  herfindahl_index_markets=0.014
12:00:52 [super]   #1147  0xff054f162ba1c11ed554f4506c4ce6dfb436d35e  prob=0.0451 (raw=0.0827)  vol=$9  trades=3  first_trade=2026-02-08 23:47  winrate=0.314  n_markets_traded=169.000  herfindahl_index_markets=0.023
12:00:52 [super]   #1148  0x71b4b6f80175254de296396d72b7ea4ee627ddfd  prob=0.0450 (raw=0.0825)  vol=$50  trades=2  first_trade=2026-02-09 21:52  winrate=0.842  n_markets_traded=19.000  herfindahl_index_markets=0.104
12:00:52 [super]   #1149  0x3d01064683ca6636a6568d9abcf468cf4a30b284  prob=0.0450 (raw=0.0824)  vol=$10  trades=2  first_trade=2026-02-08 23:27  winrate=0.326  n_markets_traded=43.000  herfindahl_index_markets=0.050
12:00:52 [super]   #1150  0x2c4fa7dcafbbb6a34ceb2827ea69abebfea20307  prob=0.0450 (raw=0.0824)  vol=$5  trades=4  first_trade=2026-02-09 02:04  winrate=0.148  n_markets_traded=27.000  herfindahl_index_markets=0.127
12:00:52 [super]   #1151  0xc6f252b5640554f7fdda0223fd91f1c079f0a284  prob=0.0450 (raw=0.0824)  vol=$353  trades=21  first_trade=2026-02-08 05:39  winrate=NaN  n_markets_traded=0.000  herfindahl_index_markets=0.000
12:00:52 [super]   #1152  0xf99de38149c4513987c619b13e81f293c56ad4de  prob=0.0450 (raw=0.0823)  vol=$10  trades=3  first_trade=2026-01-31 14:19  winrate=0.111  n_markets_traded=27.000  herfindahl_index_markets=0.071
12:00:52 [super]   #1153  0x44b05a85a4d386ace0978facfca08335a52f2a3f  prob=0.0450 (raw=0.0822)  vol=$66  trades=4  first_trade=2026-02-09 02:07  winrate=0.435  n_markets_traded=379.000  herfindahl_index_markets=0.008
12:00:52 [super]   #1154  0x6560abb717a8e5f3afaacd1a31e9c03eed71e164  prob=0.0450 (raw=0.0821)  vol=$1,210  trades=17  first_trade=2026-02-09 01:40  winrate=NaN  n_markets_traded=0.000  herfindahl_index_markets=0.000
12:00:52 [super]   #1155  0x7e42df59c1b4b6c22c13f6a7e8d2d3277cfeff3c  prob=0.0449 (raw=0.0819)  vol=$380  trades=11  first_trade=2026-02-08 18:28  winrate=0.000  n_markets_traded=3.000  herfindahl_index_markets=0.539
12:00:52 [super]   #1156  0xe44ed851aa579c66569a5a8b904659dbaa9f1806  prob=0.0448 (raw=0.0815)  vol=$3  trades=4  first_trade=2026-02-09 02:07  winrate=0.501  n_markets_traded=447.000  herfindahl_index_markets=0.009
12:00:52 [super]   #1157  0xdec2a6879cf654e6bc2c0e125f65b2fa3e27b015  prob=0.0448 (raw=0.0814)  vol=$461  trades=10  first_trade=2026-02-08 18:42  winrate=0.468  n_markets_traded=57.000  herfindahl_index_markets=0.054
12:00:52 [super]   #1158  0x0148d521171ab14558902944a84615b80e7b2a91  prob=0.0448 (raw=0.0811)  vol=$9  trades=4  first_trade=2026-02-09 02:11  winrate=0.690  n_markets_traded=29.000  herfindahl_index_markets=0.121
12:00:52 [super]   #1159  0xdc0584a48d55d0c455792a7760d80c4708acfcd0  prob=0.0447 (raw=0.0806)  vol=$50,000  trades=2  first_trade=2026-02-09 23:08  winrate=0.393  n_markets_traded=28.000  herfindahl_index_markets=0.102
12:00:52 [super]   #1160  0xaaa5000f7aa1485f847d4862bcb2323e7b4172d0  prob=0.0447 (raw=0.0806)  vol=$4  trades=4  first_trade=2026-02-08 22:45  winrate=0.388  n_markets_traded=98.000  herfindahl_index_markets=0.045
12:00:52 [super]   #1161  0x01beff0e13e84246ec8b59a59829cac48b687586  prob=0.0447 (raw=0.0804)  vol=$88  trades=1  first_trade=2026-02-09 01:24  winrate=0.240  n_markets_traded=25.000  herfindahl_index_markets=0.074
12:00:52 [super]   #1162  0x480aac54df3d2e3c8759bec1332492934c84429f  prob=0.0446 (raw=0.0803)  vol=$2  trades=1  first_trade=2025-12-30 13:17  winrate=0.377  n_markets_traded=152.000  herfindahl_index_markets=0.013
12:00:52 [super]   #1163  0x5c7b1844a1025ef97b752b19f4f32c0940aefedd  prob=0.0446 (raw=0.0802)  vol=$3,240  trades=9  first_trade=2026-02-09 01:08  winrate=0.245  n_markets_traded=52.000  herfindahl_index_markets=0.037
12:00:52 [super]   #1164  0x8e22e95527b62aae7a566776e171b28a82df2a9e  prob=0.0446 (raw=0.0801)  vol=$44  trades=8  first_trade=2026-02-08 21:37  winrate=0.000  n_markets_traded=3.000  herfindahl_index_markets=0.453
12:00:52 [super]   #1165  0x211b192ca551a3cd603094df6eb8eaf4c3a22ce5  prob=0.0446 (raw=0.0801)  vol=$12  trades=4  first_trade=2026-02-07 10:43  winrate=0.316  n_markets_traded=972.000  herfindahl_index_markets=0.001
12:00:52 [super]   #1166  0x93c40233bc0cec7acf9c4e2742b611bfe919dca6  prob=0.0446 (raw=0.0800)  vol=$3,032  trades=20  first_trade=2026-02-09 01:37  winrate=0.409  n_markets_traded=503.000  herfindahl_index_markets=0.019
12:00:52 [super]   #1167  0x40cfb29411d29f4fa0908f2a121297042cccd21d  prob=0.0446 (raw=0.0799)  vol=$1,636  trades=22  first_trade=2026-02-09 02:05  winrate=NaN  n_markets_traded=0.000  herfindahl_index_markets=0.000
12:00:52 [super]   #1168  0x45cd7271b5b09f2f8cd307431ea462d57fa733d4  prob=0.0445 (raw=0.0798)  vol=$35  trades=6  first_trade=2026-02-06 20:23  winrate=NaN  n_markets_traded=0.000  herfindahl_index_markets=0.000
12:00:52 [super]   #1169  0x25cb6dec6b5e95ec7c729b4db8603b846c013212  prob=0.0445 (raw=0.0798)  vol=$1,667  trades=2  first_trade=2026-02-09 08:15  winrate=0.333  n_markets_traded=18.000  herfindahl_index_markets=0.081
12:00:52 [super]   #1170  0x69415d5336dcb5791ec3ba3afa5a3152620237f3  prob=0.0445 (raw=0.0797)  vol=$56  trades=5  first_trade=2026-01-02 17:55  winrate=0.167  n_markets_traded=18.000  herfindahl_index_markets=0.089
12:00:52 [super]   #1171  0xfbe92b0b63aa7db3881c0a66bad97db2973055e0  prob=0.0445 (raw=0.0797)  vol=$31  trades=4  first_trade=2026-02-09 01:38  winrate=0.278  n_markets_traded=97.000  herfindahl_index_markets=0.022
12:00:52 [super]   #1172  0xe49555b766971dc8a6c057073cef0c5b43074a5b  prob=0.0445 (raw=0.0797)  vol=$5  trades=4  first_trade=2026-02-09 01:22  winrate=0.071  n_markets_traded=14.000  herfindahl_index_markets=0.097
12:00:52 [super]   #1173  0xf31306545a0351740e6d2ee857eabb9253bb4fa9  prob=0.0445 (raw=0.0794)  vol=$9  trades=4  first_trade=2026-02-08 14:26  winrate=0.125  n_markets_traded=8.000  herfindahl_index_markets=0.213
12:00:52 [super]   #1174  0xbc01b399d8cfdb39e7d2c2b51193b5d66ebbd914  prob=0.0445 (raw=0.0794)  vol=$49  trades=6  first_trade=2026-02-09 02:04  winrate=NaN  n_markets_traded=0.000  herfindahl_index_markets=0.000
12:00:52 [super]   #1175  0x18ea8ab2b0d02606068e078f00a628c4bd60618c  prob=0.0444 (raw=0.0792)  vol=$4  trades=3  first_trade=2026-02-09 01:15  winrate=0.750  n_markets_traded=4.000  herfindahl_index_markets=0.408
12:00:52 [super]   #1176  0xe8589a9f2f3ab4cee82e9e9428bd7d594b3ce8f8  prob=0.0444 (raw=0.0790)  vol=$13  trades=2  first_trade=2026-02-04 11:23  winrate=0.000  n_markets_traded=11.000  herfindahl_index_markets=0.121
12:00:52 [super]   #1177  0xee81a6945f7ee632bf85aa60b4605ef9a596328c  prob=0.0444 (raw=0.0790)  vol=$5  trades=12  first_trade=2026-02-08 18:46  winrate=0.446  n_markets_traded=110.000  herfindahl_index_markets=0.035
12:00:52 [super]   #1178  0x6ae4160c7507f4e9634144178dcf4e4c36d7d4ce  prob=0.0444 (raw=0.0789)  vol=$2,464  trades=41  first_trade=2026-02-09 01:17  winrate=NaN  n_markets_traded=0.000  herfindahl_index_markets=0.000
12:00:52 [super]   #1179  0xe562cfbf7b3292e0deb29a5b8fd3c38af4794fa9  prob=0.0444 (raw=0.0789)  vol=$207  trades=14  first_trade=2026-02-08 19:53  winrate=NaN  n_markets_traded=0.000  herfindahl_index_markets=0.000
12:00:52 [super]   #1180  0xb92449f0f035e2e9de00f1f9a8f19e0158af0803  prob=0.0444 (raw=0.0789)  vol=$240  trades=6  first_trade=2026-02-09 01:33  winrate=NaN  n_markets_traded=0.000  herfindahl_index_markets=0.000
12:00:52 [super]   #1181  0x8594c920aebb0fdbd76ec860a558017a69037eed  prob=0.0444 (raw=0.0789)  vol=$107  trades=7  first_trade=2026-02-07 02:28  winrate=0.399  n_markets_traded=136.000  herfindahl_index_markets=0.024
12:00:52 [super]   #1182  0x040263f3d9eb8370ce805e816f429b1ae3ffcb13  prob=0.0443 (raw=0.0787)  vol=$5  trades=4  first_trade=2026-01-19 23:36  winrate=0.222  n_markets_traded=9.000  herfindahl_index_markets=0.130
12:00:52 [super]   #1183  0x2863c85a3bbbf1b43539b37cf1b251f024a577c0  prob=0.0443 (raw=0.0786)  vol=$13  trades=10  first_trade=2026-02-07 16:40  winrate=0.429  n_markets_traded=7.000  herfindahl_index_markets=0.186
12:00:52 [super]   #1184  0x47e57a548b40e4e9025797309e296b3d8cc6aa2b  prob=0.0443 (raw=0.0784)  vol=$7  trades=4  first_trade=2025-12-05 16:41  winrate=0.167  n_markets_traded=12.000  herfindahl_index_markets=0.141
12:00:52 [super]   #1185  0x4eb601e831ba73bbc8e9f9f60aa636af632a5e8a  prob=0.0443 (raw=0.0783)  vol=$20  trades=5  first_trade=2026-02-09 01:57  winrate=NaN  n_markets_traded=0.000  herfindahl_index_markets=0.000
12:00:52 [super]   #1186  0x85a1ec6092166d9e59f4877236e3472758a1a640  prob=0.0443 (raw=0.0783)  vol=$155  trades=7  first_trade=2026-02-09 01:15  winrate=0.578  n_markets_traded=161.000  herfindahl_index_markets=0.012
12:00:52 [super]   #1187  0x0ccf4b1beacfdd9ac92cee15e01ae9e536681bac  prob=0.0443 (raw=0.0783)  vol=$500  trades=2  first_trade=2026-02-09 23:23  winrate=0.400  n_markets_traded=15.000  herfindahl_index_markets=0.123
12:00:52 [super]   #1188  0x3560aa01a01d547cb81436da51a48fa15cc27f3f  prob=0.0442 (raw=0.0782)  vol=$17  trades=4  first_trade=2025-09-30 06:35  winrate=0.400  n_markets_traded=35.000  herfindahl_index_markets=0.084
12:00:52 [super]   #1189  0xf3b8f8993ed3a7e8a951c0eb98048549ffeef90c  prob=0.0442 (raw=0.0782)  vol=$32  trades=7  first_trade=2026-02-08 22:46  winrate=0.000  n_markets_traded=10.000  herfindahl_index_markets=0.145
12:00:52 [super]   #1190  0xb737f7ed2aaef7cc4202bbad8ffe2004e9e17b5f  prob=0.0442 (raw=0.0780)  vol=$6  trades=2  first_trade=2026-02-01 22:38  winrate=0.000  n_markets_traded=10.000  herfindahl_index_markets=0.482
12:00:52 [super]   #1191  0x1fff78fb9ed48854e977d5c26fbc313905cdf292  prob=0.0442 (raw=0.0779)  vol=$170  trades=14  first_trade=2026-02-09 00:07  winrate=0.000  n_markets_traded=4.000  herfindahl_index_markets=0.282
12:00:52 [super]   #1192  0xc5ee8871940d9aa94377649d3f890e35404c456f  prob=0.0442 (raw=0.0777)  vol=$87  trades=5  first_trade=2026-02-09 00:25  winrate=0.739  n_markets_traded=46.000  herfindahl_index_markets=0.064
12:00:52 [super]   #1193  0x0b13ffcfaa14fdf81196a961e1c5750b697a5957  prob=0.0441 (raw=0.0775)  vol=$522  trades=3  first_trade=2026-02-09 01:51  winrate=0.636  n_markets_traded=44.000  herfindahl_index_markets=0.088
12:00:52 [super]   #1194  0xdb3a20c5d7823f969b1a21259c74d32152d75fd0  prob=0.0441 (raw=0.0775)  vol=$420  trades=68  first_trade=2026-02-07 22:14  winrate=0.469  n_markets_traded=113.000  herfindahl_index_markets=0.039
12:00:52 [super]   #1195  0x61497380e18b34c36491fba52b1e28277a938a58  prob=0.0441 (raw=0.0775)  vol=$56  trades=5  first_trade=2025-11-05 13:19  winrate=NaN  n_markets_traded=0.000  herfindahl_index_markets=0.000
12:00:52 [super]   #1196  0xa3e0833315ac12c2fd3e9439c3f7f8f0a4a2ae75  prob=0.0441 (raw=0.0774)  vol=$3  trades=3  first_trade=2026-01-10 15:25  winrate=0.237  n_markets_traded=38.000  herfindahl_index_markets=0.047
12:00:52 [super]   #1197  0x58771ad8c58ec56bbff59ae69d2d87398b5b34fa  prob=0.0441 (raw=0.0773)  vol=$73  trades=9  first_trade=2026-02-09 01:23  winrate=0.333  n_markets_traded=45.000  herfindahl_index_markets=0.054
12:00:52 [super]   #1198  0x3c7ebc96f744a2a52841733c0b3dfe66011ea65f  prob=0.0440 (raw=0.0769)  vol=$107,360  trades=544  first_trade=2026-02-08 19:46  winrate=NaN  n_markets_traded=0.000  herfindahl_index_markets=0.000
12:00:52 [super]   #1199  0x89aca73a14b1a1085703b72f544290d0177a5468  prob=0.0440 (raw=0.0768)  vol=$344  trades=5  first_trade=2026-02-08 22:27  winrate=0.500  n_markets_traded=6.000  herfindahl_index_markets=0.415
12:00:52 [super]   #1200  0x417b75f912bb43f7da0fd43a83a5cf486e5218d3  prob=0.0440 (raw=0.0768)  vol=$119  trades=9  first_trade=2026-02-08 03:01  winrate=NaN  n_markets_traded=0.000  herfindahl_index_markets=0.000
12:00:52 [super]   #1201  0xf9ae87767e934272c2343ce4425910a19a603e6b  prob=0.0440 (raw=0.0767)  vol=$4  trades=4  first_trade=2026-02-09 02:09  winrate=0.533  n_markets_traded=92.000  herfindahl_index_markets=0.039
12:00:52 [super]   #1202  0x0d93f3790d78e6ee966cb0ee1ccf90d454320fc3  prob=0.0440 (raw=0.0767)  vol=$5  trades=3  first_trade=2026-01-10 15:09  winrate=0.222  n_markets_traded=36.000  herfindahl_index_markets=0.039
12:00:52 [super]   #1203  0x88842295850c6f87fca2165632d634ad3423f29b  prob=0.0440 (raw=0.0767)  vol=$52  trades=9  first_trade=2026-02-02 23:00  winrate=0.214  n_markets_traded=42.000  herfindahl_index_markets=0.060
12:00:52 [super]   #1204  0x5ba56a1ca86e7f8d57b225b47ad57c09d08bddd2  prob=0.0440 (raw=0.0766)  vol=$9  trades=14  first_trade=2026-02-09 01:53  winrate=0.596  n_markets_traded=136.000  herfindahl_index_markets=0.028
12:00:52 [super]   #1205  0x21b35b2cf14d8cf111b8d918007e8b58f1f6f8c7  prob=0.0439 (raw=0.0763)  vol=$31  trades=4  first_trade=2026-02-09 01:28  winrate=0.606  n_markets_traded=33.000  herfindahl_index_markets=0.096
12:00:52 [super]   #1206  0x3a466c68f56d28c20a7fa5ffbfd8cf5f5541ba91  prob=0.0439 (raw=0.0763)  vol=$93  trades=4  first_trade=2026-02-08 19:14  winrate=NaN  n_markets_traded=0.000  herfindahl_index_markets=0.000
12:00:52 [super]   #1207  0xdd841d5195c0ee8b7fa85c3513071e29bd549f62  prob=0.0439 (raw=0.0763)  vol=$236  trades=14  first_trade=2026-02-09 01:16  winrate=NaN  n_markets_traded=0.000  herfindahl_index_markets=0.000
12:00:52 [super]   #1208  0x5d14a05632ac0ea514b1ca434e084dabd419f8bd  prob=0.0439 (raw=0.0762)  vol=$697  trades=35  first_trade=2026-02-07 12:57  winrate=0.518  n_markets_traded=56.000  herfindahl_index_markets=0.060
12:00:52 [super]   #1209  0x5018f152806b740a704b7c1e07f7f148c1c1a008  prob=0.0439 (raw=0.0760)  vol=$63  trades=8  first_trade=2026-02-09 07:47  winrate=0.431  n_markets_traded=102.000  herfindahl_index_markets=0.015
12:00:52 [super]   #1210  0x34a6026540724988ab83f00a9bbc0e5dcfcd558b  prob=0.0438 (raw=0.0759)  vol=$915  trades=8  first_trade=2026-02-09 01:44  winrate=0.331  n_markets_traded=122.000  herfindahl_index_markets=0.051
12:00:52 [super]   #1211  0x48ff36d57a8648a69fd122886ae539eabefbe54a  prob=0.0438 (raw=0.0758)  vol=$10,000  trades=2  first_trade=2026-02-10 15:55  winrate=0.000  n_markets_traded=8.000  herfindahl_index_markets=0.225
12:00:52 [super]   #1212  0xb4e648f84acbd86cf276d08de09c785e6ae21934  prob=0.0438 (raw=0.0757)  vol=$12  trades=3  first_trade=2026-02-06 18:25  winrate=0.411  n_markets_traded=107.000  herfindahl_index_markets=0.010
12:00:52 [super]   #1213  0xb741a5dade4a298897a3124ed798a9cca1fba996  prob=0.0438 (raw=0.0757)  vol=$22,654  trades=17  first_trade=2026-02-09 01:01  winrate=0.675  n_markets_traded=40.000  herfindahl_index_markets=0.126
12:00:52 [super]   #1214  0x9d78c3148a33cc9f1a2f95f26daaa7e61e4fd4ec  prob=0.0438 (raw=0.0756)  vol=$13,072  trades=94  first_trade=2026-02-08 05:54  winrate=0.000  n_markets_traded=3.000  herfindahl_index_markets=0.928
12:00:52 [super]   #1215  0xa8a82ee02a6456a5bbfed17fcda84bc3ec104366  prob=0.0437 (raw=0.0753)  vol=$27,029  trades=11  first_trade=2026-02-09 00:52  winrate=0.000  n_markets_traded=9.000  herfindahl_index_markets=0.174
12:00:52 [super]   #1216  0x8f73711ac46f9e9c7d97196889603a52bc42bb9e  prob=0.0437 (raw=0.0751)  vol=$372  trades=3  first_trade=2026-02-08 18:00  winrate=0.200  n_markets_traded=15.000  herfindahl_index_markets=0.401
12:00:52 [super]   #1217  0x162f6fff88a52864f2ecc9833e58089d5254798d  prob=0.0437 (raw=0.0751)  vol=$146,565  trades=90  first_trade=2026-02-09 00:29  winrate=NaN  n_markets_traded=0.000  herfindahl_index_markets=0.000
12:00:52 [super]   #1218  0xf4cf8ab1522664b7f7e0688b95425843bf0a1f03  prob=0.0437 (raw=0.0750)  vol=$65  trades=7  first_trade=2026-02-08 20:39  winrate=0.350  n_markets_traded=493.000  herfindahl_index_markets=0.016
12:00:52 [super]   #1219  0x7d4c11f897748f67e0f6b3394798b8ee6251e915  prob=0.0437 (raw=0.0749)  vol=$198  trades=35  first_trade=2026-01-15 22:07  winrate=0.145  n_markets_traded=55.000  herfindahl_index_markets=0.088
12:00:52 [super]   #1220  0x2b9dbf4b6e0e11309a9d6d2a09b72f65f652adc0  prob=0.0436 (raw=0.0748)  vol=$11,159  trades=61  first_trade=2026-02-07 02:05  winrate=NaN  n_markets_traded=0.000  herfindahl_index_markets=0.000
12:00:52 [super]   #1221  0xca4a4074375a4e73ac01892089fd6eaa59356107  prob=0.0436 (raw=0.0748)  vol=$4  trades=4  first_trade=2026-02-09 02:14  winrate=0.427  n_markets_traded=182.000  herfindahl_index_markets=0.018
12:00:52 [super]   #1222  0xfacf8accaa6508e97e987b1bd9763cd2fb3a0545  prob=0.0436 (raw=0.0748)  vol=$15  trades=4  first_trade=2026-02-09 05:33  winrate=0.000  n_markets_traded=3.000  herfindahl_index_markets=0.359
12:00:52 [super]   #1223  0x90f7cdada5c9278f25bf0cea67cee004961b87e1  prob=0.0436 (raw=0.0747)  vol=$2,000  trades=2  first_trade=2026-02-10 10:50  winrate=0.000  n_markets_traded=11.000  herfindahl_index_markets=0.458
12:00:52 [super]   #1224  0x2ca0de0d61c4138fbdf5f47181f7d744e5512983  prob=0.0436 (raw=0.0747)  vol=$62  trades=4  first_trade=2026-02-09 00:37  winrate=0.421  n_markets_traded=19.000  herfindahl_index_markets=0.071
12:00:52 [super]   #1225  0xd0847848bebf06d32e2e89c9c3e3f727a35f27ea  prob=0.0436 (raw=0.0746)  vol=$17  trades=4  first_trade=2026-02-09 02:06  winrate=NaN  n_markets_traded=0.000  herfindahl_index_markets=0.000
12:00:52 [super]   #1226  0x3e09ee0cac8e3138275f1aa1cff2998f7a15200a  prob=0.0436 (raw=0.0746)  vol=$8  trades=3  first_trade=2026-01-10 13:00  winrate=0.171  n_markets_traded=35.000  herfindahl_index_markets=0.059
12:00:52 [super]   #1227  0x973ce6ffa75d3196d41ee14fd09dfb25b879a59f  prob=0.0436 (raw=0.0745)  vol=$60  trades=6  first_trade=2026-02-09 01:56  winrate=0.500  n_markets_traded=26.000  herfindahl_index_markets=0.071
12:00:52 [super]   #1228  0x708dba576d798c24215e267413503269fe39ea78  prob=0.0436 (raw=0.0744)  vol=$17,587  trades=50  first_trade=2026-02-09 01:40  winrate=0.588  n_markets_traded=114.000  herfindahl_index_markets=0.053
12:00:52 [super]   #1229  0x1a1d2bb53b24cdf5fa35605f9e5a59e97aac8d17  prob=0.0436 (raw=0.0743)  vol=$66  trades=10  first_trade=2026-01-08 23:15  winrate=0.323  n_markets_traded=31.000  herfindahl_index_markets=0.066
12:00:52 [super]   #1230  0x60a217a2569cdb30bef6df065c6f1dac5bd9d206  prob=0.0435 (raw=0.0741)  vol=$6  trades=3  first_trade=2026-01-10 15:00  winrate=0.264  n_markets_traded=51.000  herfindahl_index_markets=0.033
12:00:52 [super]   #1231  0x1c742e14269c381f96264122b3c507101e51e9b7  prob=0.0435 (raw=0.0739)  vol=$56  trades=9  first_trade=2026-02-08 22:44  winrate=0.091  n_markets_traded=22.000  herfindahl_index_markets=0.111
12:00:52 [super]   #1232  0xafc847e28fb482c745d0d80dabf6e18972a11a91  prob=0.0434 (raw=0.0736)  vol=$40  trades=6  first_trade=2026-02-09 02:10  winrate=0.290  n_markets_traded=62.000  herfindahl_index_markets=0.078
12:00:52 [super]   #1233  0x737cc645726f969ad4669c51e712d65d25b2a65d  prob=0.0434 (raw=0.0736)  vol=$152  trades=4  first_trade=2026-02-09 00:06  winrate=0.606  n_markets_traded=109.000  herfindahl_index_markets=0.020
12:00:52 [super]   #1234  0x70925e9df36424cd5cdc517bea0b27821ff64edb  prob=0.0434 (raw=0.0735)  vol=$182  trades=4  first_trade=2026-02-09 03:27  winrate=0.583  n_markets_traded=36.000  herfindahl_index_markets=0.043
12:00:52 [super]   #1235  0xf2e582a4a5951c5552a5bd092122ecc7ad68f172  prob=0.0434 (raw=0.0733)  vol=$447  trades=9  first_trade=2026-02-09 02:17  winrate=0.848  n_markets_traded=46.000  herfindahl_index_markets=0.074
12:00:52 [super]   #1236  0x019619566c865f418520f311ef80028eb108b9c3  prob=0.0433 (raw=0.0732)  vol=$198  trades=4  first_trade=2026-02-02 20:42  winrate=0.300  n_markets_traded=20.000  herfindahl_index_markets=0.118
12:00:52 [super]   #1237  0xd50cce48c3baebfca7ec6cf69357b6ca7aa9f5fa  prob=0.0433 (raw=0.0731)  vol=$43  trades=2  first_trade=2026-02-08 22:50  winrate=0.388  n_markets_traded=49.000  herfindahl_index_markets=0.075
12:00:52 [super]   #1238  0xdd5b6674807edf2d0efe615532aaa81b5a2fefbe  prob=0.0433 (raw=0.0729)  vol=$185  trades=5  first_trade=2026-02-08 19:38  winrate=0.306  n_markets_traded=85.000  herfindahl_index_markets=0.049
12:00:52 [super]   #1239  0x5b03cda4dacba8f4fcdc30bd05bf268832dccd03  prob=0.0433 (raw=0.0729)  vol=$38  trades=8  first_trade=2026-01-18 16:30  winrate=0.043  n_markets_traded=23.000  herfindahl_index_markets=0.086
12:00:52 [super]   #1240  0x99e7cfe9f5470f2c464858129cdf9bd48a8a5896  prob=0.0433 (raw=0.0727)  vol=$219  trades=2  first_trade=2026-02-09 07:53  winrate=0.429  n_markets_traded=7.000  herfindahl_index_markets=0.227
12:00:52 [super]   #1241  0xa6f064e89a761a14d2972e9c8510c7143b33d8a0  prob=0.0433 (raw=0.0727)  vol=$14  trades=4  first_trade=2026-02-09 01:55  winrate=0.507  n_markets_traded=303.000  herfindahl_index_markets=0.052
12:00:52 [super]   #1242  0x9aa865955bca9f62cdeaed2b95e1649ee997a5ab  prob=0.0433 (raw=0.0727)  vol=$22  trades=4  first_trade=2026-02-07 18:38  winrate=0.715  n_markets_traded=186.000  herfindahl_index_markets=0.015
12:00:52 [super]   #1243  0x87036de843f04b2199566c8969c87d3f6ef5dbf1  prob=0.0433 (raw=0.0727)  vol=$105  trades=9  first_trade=2026-02-08 03:58  winrate=0.200  n_markets_traded=30.000  herfindahl_index_markets=0.105
12:00:52 [super]   #1244  0x72aba86b25242d0f641deb0083ddf0e95bff1a3e  prob=0.0433 (raw=0.0727)  vol=$503  trades=74  first_trade=2025-12-03 02:59  winrate=NaN  n_markets_traded=0.000  herfindahl_index_markets=0.000
12:00:52 [super]   #1245  0x77efef01132ec8b6817bfb621b3c16997e24487b  prob=0.0432 (raw=0.0726)  vol=$39  trades=12  first_trade=2026-02-08 18:52  winrate=0.577  n_markets_traded=26.000  herfindahl_index_markets=0.061
12:00:52 [super]   #1246  0xe05c8809983615d7a411f88f34b7c33f69c6951e  prob=0.0432 (raw=0.0725)  vol=$446  trades=71  first_trade=2026-02-07 06:20  winrate=0.418  n_markets_traded=61.000  herfindahl_index_markets=0.067
12:00:52 [super]   #1247  0x4ebb04b6cb81590cd06284144b2f482f38ea525f  prob=0.0432 (raw=0.0725)  vol=$10  trades=2  first_trade=2026-02-06 20:23  winrate=0.000  n_markets_traded=8.000  herfindahl_index_markets=0.125
12:00:52 [super]   #1248  0x7602be03cdf46ea179bca984445c455266c52775  prob=0.0432 (raw=0.0725)  vol=$431  trades=33  first_trade=2026-02-08 03:21  winrate=NaN  n_markets_traded=0.000  herfindahl_index_markets=0.000
12:00:52 [super]   #1249  0x4faba1c2f7319891585bd9d893dfa9640f423c98  prob=0.0432 (raw=0.0724)  vol=$225  trades=6  first_trade=2026-02-08 20:03  winrate=0.426  n_markets_traded=115.000  herfindahl_index_markets=0.019
12:00:52 [super]   #1250  0xad8c799be1634e899c1f9b725bbc7db2c78155a3  prob=0.0432 (raw=0.0723)  vol=$20  trades=4  first_trade=2026-02-09 14:11  winrate=0.176  n_markets_traded=51.000  herfindahl_index_markets=0.075
12:00:52 [super]   #1251  0x29de3c62b7b49a2d2a062f93b6e659980a4bd9e6  prob=0.0432 (raw=0.0721)  vol=$54  trades=21  first_trade=2026-02-06 21:29  winrate=NaN  n_markets_traded=0.000  herfindahl_index_markets=0.000
12:00:52 [super]   #1252  0x4350f477575537b2a32973817abc7b0a437e914c  prob=0.0431 (raw=0.0720)  vol=$136  trades=12  first_trade=2026-02-09 00:44  winrate=0.390  n_markets_traded=82.000  herfindahl_index_markets=0.026
12:00:52 [super]   #1253  0x33dbf8f8917c315dc3b1043e9a0e465288075b9b  prob=0.0431 (raw=0.0720)  vol=$405  trades=2  first_trade=2026-02-09 12:10  winrate=0.882  n_markets_traded=75.000  herfindahl_index_markets=0.030
12:00:52 [super]   #1254  0x75c78a40935a15fc84ae0a78f21b624e257c09d4  prob=0.0431 (raw=0.0718)  vol=$599  trades=2  first_trade=2026-02-09 11:24  winrate=0.643  n_markets_traded=28.000  herfindahl_index_markets=0.302
12:00:52 [super]   #1255  0xa775f9139a498b353bf318f66932d0973faa20d7  prob=0.0431 (raw=0.0718)  vol=$10  trades=4  first_trade=2026-01-15 15:12  winrate=0.118  n_markets_traded=93.000  herfindahl_index_markets=0.024
12:00:52 [super]   #1256  0xd2dc339e422a876bc1fdefc7381bd6b30c6e223e  prob=0.0431 (raw=0.0717)  vol=$548  trades=86  first_trade=2026-01-18 07:50  winrate=NaN  n_markets_traded=0.000  herfindahl_index_markets=0.000
12:00:52 [super]   #1257  0xe005901e5c811e58d2d6e7338e109bd4ec1414fd  prob=0.0431 (raw=0.0716)  vol=$1,847  trades=3  first_trade=2026-02-09 03:29  winrate=0.617  n_markets_traded=115.000  herfindahl_index_markets=0.029
12:00:52 [super]   #1258  0x7addce8a2853d5b9b067b7465a8dbfc4a87ff9f4  prob=0.0430 (raw=0.0713)  vol=$306  trades=4  first_trade=2026-02-08 22:47  winrate=NaN  n_markets_traded=0.000  herfindahl_index_markets=0.000
12:00:52 [super]   #1259  0x4b5bf87e0832340c08c50a1d7c3b8526fe799d17  prob=0.0430 (raw=0.0712)  vol=$5,303  trades=4  first_trade=2026-02-09 03:14  winrate=0.690  n_markets_traded=29.000  herfindahl_index_markets=0.090
12:00:52 [super]   #1260  0xf24428cef3580a192acaca38dc7a5a4bb887cfeb  prob=0.0430 (raw=0.0712)  vol=$9  trades=3  first_trade=2026-01-10 20:35  winrate=0.226  n_markets_traded=31.000  herfindahl_index_markets=0.054
12:00:52 [super]   #1261  0x515f7e5f6f4d1f608732831b083e93b2db218d8e  prob=0.0430 (raw=0.0712)  vol=$7  trades=3  first_trade=2026-01-10 20:41  winrate=0.286  n_markets_traded=28.000  herfindahl_index_markets=0.069
12:00:52 [super]   #1262  0xd01feb55e0a930c9c0d000723d018385c3c906f5  prob=0.0430 (raw=0.0711)  vol=$104  trades=6  first_trade=2026-02-07 20:43  winrate=0.521  n_markets_traded=219.000  herfindahl_index_markets=0.017
12:00:52 [super]   #1263  0x0952ffd58769f5e9ad3853edd2dc318ddfcfa44b  prob=0.0430 (raw=0.0711)  vol=$120  trades=6  first_trade=2025-12-01 01:28  winrate=0.500  n_markets_traded=20.000  herfindahl_index_markets=0.501
12:00:52 [super]   #1264  0x4e584787ddb7882bef4da33889cd2421ebed4668  prob=0.0430 (raw=0.0711)  vol=$75  trades=3  first_trade=2026-02-04 23:51  winrate=0.294  n_markets_traded=34.000  herfindahl_index_markets=0.116
12:00:52 [super]   #1265  0x94746ed6c69bdd5d5711b18d781d3978ef705091  prob=0.0430 (raw=0.0709)  vol=$27  trades=5  first_trade=2026-01-01 01:50  winrate=NaN  n_markets_traded=0.000  herfindahl_index_markets=0.000
12:00:52 [super]   #1266  0x6648a560418dd0d3e13c9ec9c0bd936f9e26fe09  prob=0.0429 (raw=0.0708)  vol=$4,463  trades=25  first_trade=2026-02-08 06:13  winrate=0.563  n_markets_traded=87.000  herfindahl_index_markets=0.079
12:00:52 [super]   #1267  0xaa34012bebbd01dd524fb7bf416662ff0e6c72ba  prob=0.0429 (raw=0.0708)  vol=$6  trades=3  first_trade=2026-01-23 14:14  winrate=0.087  n_markets_traded=23.000  herfindahl_index_markets=0.063
12:00:52 [super]   #1268  0x5570b543c1c029dd8e1095ca06409a7a121f3941  prob=0.0429 (raw=0.0706)  vol=$56  trades=5  first_trade=2025-09-29 08:49  winrate=0.000  n_markets_traded=11.000  herfindahl_index_markets=0.153
12:00:52 [super]   #1269  0xda33256a072893ea1a284e00e4f264dbe61544fb  prob=0.0429 (raw=0.0706)  vol=$717  trades=3  first_trade=2026-02-09 04:06  winrate=0.543  n_markets_traded=35.000  herfindahl_index_markets=0.062
12:00:52 [super]   #1270  0x48effc35106ba8c7ff82598e166079a2ddae9972  prob=0.0429 (raw=0.0706)  vol=$9  trades=4  first_trade=2026-02-08 06:50  winrate=0.441  n_markets_traded=749.000  herfindahl_index_markets=0.018
12:00:52 [super]   #1271  0xd6b80a997d6bbc28f0d5d5599bf3ba402a636f30  prob=0.0429 (raw=0.0706)  vol=$45  trades=3  first_trade=2026-01-22 02:29  winrate=NaN  n_markets_traded=0.000  herfindahl_index_markets=0.000
12:00:52 [super]   #1272  0x06d8229fe5046607fa902b4c112ea09015e27520  prob=0.0429 (raw=0.0705)  vol=$19  trades=20  first_trade=2026-01-13 15:56  winrate=NaN  n_markets_traded=0.000  herfindahl_index_markets=0.000
12:00:52 [super]   #1273  0x146961c174fa6bae44322fae10fa9a50a7508233  prob=0.0429 (raw=0.0705)  vol=$36  trades=4  first_trade=2026-02-07 10:12  winrate=0.115  n_markets_traded=131.000  herfindahl_index_markets=0.047
12:00:52 [super]   #1274  0xc16417d67e35f42cff2ce091ae2dfcb9731d55e7  prob=0.0429 (raw=0.0705)  vol=$49  trades=4  first_trade=2026-02-09 00:44  winrate=NaN  n_markets_traded=0.000  herfindahl_index_markets=0.000
12:00:52 [super]   #1275  0x4dcd0d1396928473e26a0070b4313aa0841abaeb  prob=0.0428 (raw=0.0703)  vol=$831  trades=24  first_trade=2026-02-08 15:35  winrate=0.000  n_markets_traded=3.000  herfindahl_index_markets=0.333
12:00:52 [super]   #1276  0xc0922d43e7d1e87a0a07130cde64cdb8981a5428  prob=0.0428 (raw=0.0702)  vol=$24  trades=11  first_trade=2025-11-21 14:53  winrate=NaN  n_markets_traded=0.000  herfindahl_index_markets=0.000
12:00:52 [super]   #1277  0x64cd2fb7f86c2ec47b9ec5496954820391ef3b2d  prob=0.0428 (raw=0.0702)  vol=$161  trades=8  first_trade=2026-02-09 01:46  winrate=0.342  n_markets_traded=79.000  herfindahl_index_markets=0.102
12:00:52 [super]   #1278  0xfb548dec862fa6c13f5722fdcd3d38bb1bd72c07  prob=0.0428 (raw=0.0702)  vol=$1,737  trades=27  first_trade=2025-11-01 14:13  winrate=0.419  n_markets_traded=155.000  herfindahl_index_markets=0.030
12:00:52 [super]   #1279  0xa40a8bd6d3acc4de9c77d25b9b8ba9f8342cef15  prob=0.0428 (raw=0.0701)  vol=$1,104  trades=5  first_trade=2026-02-09 01:49  winrate=0.386  n_markets_traded=210.000  herfindahl_index_markets=0.015
12:00:52 [super]   #1280  0x564322cd54d7e1bbf4d0d1d011636c17b07a1e21  prob=0.0428 (raw=0.0699)  vol=$73  trades=12  first_trade=2026-01-15 10:43  winrate=0.008  n_markets_traded=121.000  herfindahl_index_markets=0.022
12:00:52 [super]   #1281  0x14b78f42538b538719e43610bdf2f74137e1a035  prob=0.0427 (raw=0.0698)  vol=$31  trades=6  first_trade=2026-02-08 21:18  winrate=0.494  n_markets_traded=84.000  herfindahl_index_markets=0.038
12:00:52 [super]   #1282  0xfdbf22b0fcea46a8a89276fbf4d8cd2095922ba4  prob=0.0427 (raw=0.0697)  vol=$8  trades=5  first_trade=2026-02-04 20:39  winrate=0.000  n_markets_traded=7.000  herfindahl_index_markets=0.190
12:00:52 [super]   #1283  0x1d2a759ce67736bd5098af38930fd76375ce5b30  prob=0.0427 (raw=0.0694)  vol=$10  trades=2  first_trade=2026-01-19 14:45  winrate=0.000  n_markets_traded=10.000  herfindahl_index_markets=0.149
12:00:52 [super]   #1284  0xbd23fe325b5fb5ffb964dcec0a43c47b0399fceb  prob=0.0427 (raw=0.0694)  vol=$5  trades=4  first_trade=2026-02-07 16:40  winrate=0.456  n_markets_traded=147.000  herfindahl_index_markets=0.017
12:00:52 [super]   #1285  0x056f6a317c8b7d78d5b93acc3e6068c3c212e487  prob=0.0427 (raw=0.0694)  vol=$90  trades=10  first_trade=2026-02-03 17:41  winrate=0.336  n_markets_traded=107.000  herfindahl_index_markets=0.023
12:00:52 [super]   #1286  0x46b62b3643449c3498f7853c065c34d864b57ef6  prob=0.0427 (raw=0.0693)  vol=$25  trades=4  first_trade=2026-02-09 02:27  winrate=0.353  n_markets_traded=17.000  herfindahl_index_markets=0.077
12:00:52 [super]   #1287  0x8cc49d307e66d26200621051be6b0616abf93d13  prob=0.0427 (raw=0.0693)  vol=$125  trades=2  first_trade=2026-02-09 02:51  winrate=0.250  n_markets_traded=4.000  herfindahl_index_markets=0.754
12:00:52 [super]   #1288  0xbc2b11426abc01e11d9bbd75b398f9d1664cb91f  prob=0.0427 (raw=0.0692)  vol=$33  trades=6  first_trade=2026-02-08 21:14  winrate=0.664  n_markets_traded=422.000  herfindahl_index_markets=0.008
12:00:52 [super]   #1289  0x53d65ae2e766a42ce5f8788c87a4c2da4b9ef933  prob=0.0426 (raw=0.0692)  vol=$10  trades=2  first_trade=2026-02-09 01:19  winrate=0.000  n_markets_traded=11.000  herfindahl_index_markets=0.136
12:00:52 [super]   #1290  0x8de5e02553b6afba268e0ccf91f50d881d1f2b04  prob=0.0426 (raw=0.0692)  vol=$2,915  trades=13  first_trade=2026-02-08 23:09  winrate=NaN  n_markets_traded=0.000  herfindahl_index_markets=0.000
12:00:52 [super]   #1291  0x151148c8acc4106f7d5dd9960699b5f8b8e01f11  prob=0.0426 (raw=0.0690)  vol=$62  trades=9  first_trade=2026-01-11 23:23  winrate=0.000  n_markets_traded=123.000  herfindahl_index_markets=0.019
12:00:52 [super]   #1292  0x9e063e48933cb874f6fe5f3e8feca2fc9fee9b17  prob=0.0426 (raw=0.0689)  vol=$220  trades=2  first_trade=2026-02-09 07:52  winrate=0.571  n_markets_traded=7.000  herfindahl_index_markets=0.193
12:00:52 [super]   #1293  0xf1ff40f082633619cd012bb96affb4ac7a645b03  prob=0.0426 (raw=0.0688)  vol=$44  trades=4  first_trade=2026-02-09 02:10  winrate=NaN  n_markets_traded=0.000  herfindahl_index_markets=0.000
12:00:52 [super]   #1294  0xd1cee21603ba6a9e3efe676f92af1ec391378945  prob=0.0425 (raw=0.0685)  vol=$35  trades=4  first_trade=2026-02-09 01:23  winrate=0.526  n_markets_traded=114.000  herfindahl_index_markets=0.054
12:00:52 [super]   #1295  0x9aeb534c42b58b21673d5e03e9da14fbd15b2729  prob=0.0425 (raw=0.0685)  vol=$19,602  trades=69  first_trade=2026-02-08 04:45  winrate=NaN  n_markets_traded=0.000  herfindahl_index_markets=0.000
12:00:52 [super]   #1296  0x3c7cc0a2a01299ad0c826c1a1a6dacfe19b4f0de  prob=0.0425 (raw=0.0685)  vol=$122  trades=10  first_trade=2026-02-09 01:29  winrate=0.375  n_markets_traded=8.000  herfindahl_index_markets=0.154
12:00:52 [super]   #1297  0xcba18cf899692238b5827bbb632e0e66ef6102b3  prob=0.0425 (raw=0.0684)  vol=$42  trades=5  first_trade=2026-02-08 22:23  winrate=NaN  n_markets_traded=NaN  herfindahl_index_markets=NaN
12:00:52 [super]   #1298  0xee2b2e222cb27f5a2402f1af061863f4c7b6312f  prob=0.0425 (raw=0.0684)  vol=$405  trades=14  first_trade=2026-02-09 02:34  winrate=0.359  n_markets_traded=183.000  herfindahl_index_markets=0.084
12:00:52 [super]   #1299  0xf772576132e4f7296f8ee42d39021e996bf0dbf9  prob=0.0425 (raw=0.0683)  vol=$39  trades=5  first_trade=2026-02-08 05:39  winrate=NaN  n_markets_traded=0.000  herfindahl_index_markets=0.000
12:00:52 [super]   #1300  0x390ea2abb055d1687fb176af967f3da33d954ea8  prob=0.0425 (raw=0.0682)  vol=$667  trades=2  first_trade=2026-02-09 08:06  winrate=0.591  n_markets_traded=22.000  herfindahl_index_markets=0.096
12:00:52 [super]   #1301  0x4f47b4614f0241782c57e6c8a1f847e0d3b46bd0  prob=0.0424 (raw=0.0679)  vol=$90  trades=3  first_trade=2026-01-05 19:09  winrate=0.333  n_markets_traded=21.000  herfindahl_index_markets=0.085
12:00:52 [super]   #1302  0xafb187922aa51f07fd3c51e1232912050c92e2e4  prob=0.0424 (raw=0.0677)  vol=$229  trades=2  first_trade=2026-02-09 07:52  winrate=0.500  n_markets_traded=6.000  herfindahl_index_markets=0.207
12:00:52 [super]   #1303  0x2bb9c014f23b8729bfc12e82c0669d01ec2a3def  prob=0.0424 (raw=0.0677)  vol=$1,531  trades=6  first_trade=2026-02-09 01:27  winrate=NaN  n_markets_traded=0.000  herfindahl_index_markets=0.000
12:00:52 [super]   #1304  0x8dcddf07f534f511c66a2a60745fbffa334542d6  prob=0.0424 (raw=0.0675)  vol=$4  trades=4  first_trade=2026-02-04 19:36  winrate=0.264  n_markets_traded=140.000  herfindahl_index_markets=0.016
12:00:52 [super]   #1305  0xbb8e6477bcb4d0a79449507c607d36fd228fb243  prob=0.0423 (raw=0.0675)  vol=$24,389  trades=43  first_trade=2026-02-09 01:31  winrate=0.511  n_markets_traded=264.000  herfindahl_index_markets=0.023
12:00:52 [super]   #1306  0x34a9b229e3f97e4f1a847ee898fe9ce0561de83b  prob=0.0423 (raw=0.0674)  vol=$26  trades=5  first_trade=2026-02-09 02:09  winrate=0.258  n_markets_traded=31.000  herfindahl_index_markets=0.101
12:00:52 [super]   #1307  0x4004824efa09521eeb70ad3550f0ea8f8e7f68f2  prob=0.0423 (raw=0.0673)  vol=$244  trades=4  first_trade=2026-02-08 21:21  winrate=0.545  n_markets_traded=11.000  herfindahl_index_markets=0.234
12:00:52 [super]   #1308  0xb6d84265fc9135d50ecf34e203ef509a28f0ebe1  prob=0.0423 (raw=0.0671)  vol=$78  trades=5  first_trade=2026-02-09 00:19  winrate=0.252  n_markets_traded=102.000  herfindahl_index_markets=0.029
12:00:52 [super]   #1309  0x7149604235568b7e92f90bcc6cc1617977aadaf4  prob=0.0423 (raw=0.0670)  vol=$2  trades=4  first_trade=2026-02-08 21:46  winrate=0.333  n_markets_traded=30.000  herfindahl_index_markets=0.051
12:00:52 [super]   #1310  0x170f66647acc8c0b6c703fc9fc072c4dc6aaa5a7  prob=0.0423 (raw=0.0670)  vol=$292  trades=94  first_trade=2026-02-07 12:46  winrate=0.127  n_markets_traded=307.000  herfindahl_index_markets=0.014
12:00:52 [super]   #1311  0xa5939fcc6c94cc665a154d1fed1f98ffe33a5d70  prob=0.0422 (raw=0.0666)  vol=$333  trades=2  first_trade=2026-02-09 06:43  winrate=0.118  n_markets_traded=34.000  herfindahl_index_markets=0.097
12:00:52 [super]   #1312  0x38fc5d68e95907cb21ab31020b120000c7e733e2  prob=0.0422 (raw=0.0665)  vol=$352  trades=16  first_trade=2026-01-17 00:39  winrate=NaN  n_markets_traded=0.000  herfindahl_index_markets=0.000
12:00:52 [super]   #1313  0x430c9de59b41a67da4cc0ec4fb5ae27dca7135a3  prob=0.0422 (raw=0.0664)  vol=$131  trades=4  first_trade=2026-02-09 01:25  winrate=0.226  n_markets_traded=31.000  herfindahl_index_markets=0.062
12:00:52 [super]   #1314  0x19594a6d97d4e9c884dc53b1adf3dce5a5b70b3f  prob=0.0422 (raw=0.0664)  vol=$50  trades=2  first_trade=2026-02-08 22:10  winrate=0.457  n_markets_traded=81.000  herfindahl_index_markets=0.119
12:00:52 [super]   #1315  0x670957f3c102c343cc065d3d7783a56fb5e59fd1  prob=0.0422 (raw=0.0663)  vol=$42  trades=5  first_trade=2026-02-02 08:17  winrate=0.563  n_markets_traded=87.000  herfindahl_index_markets=0.030
12:00:52 [super]   #1316  0x2ab3e572c80cb5936a9e39fc96e27463152107bc  prob=0.0421 (raw=0.0662)  vol=$32  trades=11  first_trade=2026-02-06 23:59  winrate=NaN  n_markets_traded=0.000  herfindahl_index_markets=0.000
12:00:52 [super]   #1317  0xae9a4e352cc5882fce745ad1c7a19f4334117cea  prob=0.0421 (raw=0.0661)  vol=$409  trades=40  first_trade=2026-01-10 17:25  winrate=NaN  n_markets_traded=0.000  herfindahl_index_markets=0.000
12:00:52 [super]   #1318  0x7bfed0861640ca123abf9f6e7160a6ef686eb139  prob=0.0421 (raw=0.0660)  vol=$511  trades=15  first_trade=2026-02-09 01:35  winrate=0.376  n_markets_traded=101.000  herfindahl_index_markets=0.030
12:00:52 [super]   #1319  0xf7d2cd2b529baae5384b37ae573bca3b90a44fac  prob=0.0421 (raw=0.0660)  vol=$1,633  trades=54  first_trade=2026-02-08 20:18  winrate=0.077  n_markets_traded=13.000  herfindahl_index_markets=0.135
12:00:52 [super]   #1320  0xb12e44c474f62a76eacc8557613b87034fbe8c6c  prob=0.0420 (raw=0.0657)  vol=$598  trades=9  first_trade=2026-01-24 07:30  winrate=NaN  n_markets_traded=0.000  herfindahl_index_markets=0.000
12:00:52 [super]   #1321  0x9c70360b8ea70655c4f5587342b1fe13ea4f4a28  prob=0.0420 (raw=0.0655)  vol=$36  trades=4  first_trade=2026-02-08 20:35  winrate=0.364  n_markets_traded=11.000  herfindahl_index_markets=0.267
12:00:52 [super]   #1322  0x2105d6b3a159a46bd52d2b7f0dbe432312e858a9  prob=0.0420 (raw=0.0655)  vol=$22  trades=10  first_trade=2026-02-09 19:32  winrate=0.000  n_markets_traded=34.000  herfindahl_index_markets=0.143
12:00:52 [super]   #1323  0xd7d252108d9b6beabce3587a54ec2d595b879427  prob=0.0420 (raw=0.0652)  vol=$9,036  trades=7  first_trade=2026-02-09 08:32  winrate=0.500  n_markets_traded=12.000  herfindahl_index_markets=0.198
12:00:52 [super]   #1324  0x18907d766b015a4220026846b7d1f8d43bd1d328  prob=0.0420 (raw=0.0652)  vol=$5  trades=4  first_trade=2026-02-08 06:59  winrate=NaN  n_markets_traded=0.000  herfindahl_index_markets=0.000
12:00:52 [super]   #1325  0xa18bb22647dac1303321efb619dc879b264a4fc5  prob=0.0420 (raw=0.0652)  vol=$4  trades=4  first_trade=2026-02-09 02:36  winrate=0.091  n_markets_traded=33.000  herfindahl_index_markets=0.047
12:00:52 [super]   #1326  0x5c59fb7685f2446b580929cb77d60dbf29e7c2c0  prob=0.0419 (raw=0.0651)  vol=$19  trades=11  first_trade=2026-01-18 09:00  winrate=0.495  n_markets_traded=107.000  herfindahl_index_markets=0.031
12:00:52 [super]   #1327  0x6884705f262c7a067fa677ea66eccd9285e16ccf  prob=0.0419 (raw=0.0646)  vol=$469  trades=7  first_trade=2025-09-29 02:04  winrate=NaN  n_markets_traded=0.000  herfindahl_index_markets=0.000
12:00:52 [super]   #1328  0x765fa4c18dd7c3607cdcee7a87681747c2d51508  prob=0.0418 (raw=0.0645)  vol=$885  trades=4  first_trade=2026-02-09 01:45  winrate=NaN  n_markets_traded=0.000  herfindahl_index_markets=0.000
12:00:52 [super]   #1329  0x00eca75f93d2dba8cd7c7e58cc1f0c26f1b78240  prob=0.0418 (raw=0.0644)  vol=$31,212  trades=126  first_trade=2026-02-08 20:46  winrate=0.000  n_markets_traded=2.000  herfindahl_index_markets=0.998
12:00:52 [super]   #1330  0x283ca2dcef5ae2fa7526d4b1975ab9f754945b35  prob=0.0418 (raw=0.0641)  vol=$57  trades=7  first_trade=2026-02-08 21:53  winrate=0.348  n_markets_traded=66.000  herfindahl_index_markets=0.032
12:00:52 [super]   #1331  0x4522595a310a45e663ae58b2eeecfaf4e938ea34  prob=0.0418 (raw=0.0641)  vol=$84  trades=13  first_trade=2026-01-26 02:57  winrate=0.522  n_markets_traded=23.000  herfindahl_index_markets=0.373
12:00:52 [super]   #1332  0x41f0cd7d7aa05fa88e7f6313c25cc844c6d2e31d  prob=0.0418 (raw=0.0640)  vol=$4  trades=3  first_trade=2026-01-10 15:16  winrate=0.100  n_markets_traded=20.000  herfindahl_index_markets=0.131
12:00:52 [super]   #1333  0xdb2db92351d569415b0cf55000a71113094e1dc7  prob=0.0417 (raw=0.0640)  vol=$10  trades=2  first_trade=2026-02-07 01:12  winrate=NaN  n_markets_traded=0.000  herfindahl_index_markets=0.000
12:00:52 [super]   #1334  0x6662dd5fdbfbd64f6d86b91b4d608bc96c683503  prob=0.0417 (raw=0.0639)  vol=$96  trades=16  first_trade=2026-02-09 01:37  winrate=NaN  n_markets_traded=0.000  herfindahl_index_markets=0.000
12:00:52 [super]   #1335  0xc02147dee42356b7a4edbb1c35ac4ffa95f61fa8  prob=0.0417 (raw=0.0639)  vol=$14,840  trades=36  first_trade=2026-02-08 15:54  winrate=NaN  n_markets_traded=0.000  herfindahl_index_markets=0.000
12:00:52 [super]   #1336  0x8b72cb885a6bd4ea9d1da393ca231f0fa3476dbe  prob=0.0417 (raw=0.0638)  vol=$63  trades=1  first_trade=2026-02-09 01:41  winrate=NaN  n_markets_traded=0.000  herfindahl_index_markets=0.000
12:00:52 [super]   #1337  0xfaa2dd71e8c6b4865857802de9b298a7d4b31d38  prob=0.0417 (raw=0.0638)  vol=$10  trades=4  first_trade=2026-02-07 18:14  winrate=0.480  n_markets_traded=122.000  herfindahl_index_markets=0.018
12:00:52 [super]   #1338  0xc033ec7362914ddec5a631d866e6afce150849e9  prob=0.0417 (raw=0.0637)  vol=$253  trades=2  first_trade=2026-02-09 07:51  winrate=0.571  n_markets_traded=7.000  herfindahl_index_markets=0.192
12:00:52 [super]   #1339  0x76148766dc5b7aac985b0fdee04615f6c9eaa6c1  prob=0.0417 (raw=0.0637)  vol=$500  trades=2  first_trade=2026-02-09 16:20  winrate=0.000  n_markets_traded=7.000  herfindahl_index_markets=0.417
12:00:52 [super]   #1340  0x17118a3b7de1327ba54fbb9eee730cb996ec0528  prob=0.0417 (raw=0.0637)  vol=$4  trades=4  first_trade=2026-02-07 18:57  winrate=0.738  n_markets_traded=620.000  herfindahl_index_markets=0.007
12:00:52 [super]   #1341  0x46ab80c511777ba1884204f77e2c5f42b79817c0  prob=0.0417 (raw=0.0636)  vol=$4  trades=2  first_trade=2026-02-09 15:49  winrate=0.789  n_markets_traded=19.000  herfindahl_index_markets=0.396
12:00:52 [super]   #1342  0xbfe093b5ccb1b1e18c49b22062be30b56f94192a  prob=0.0417 (raw=0.0635)  vol=$186  trades=2  first_trade=2026-02-09 03:58  winrate=0.000  n_markets_traded=7.000  herfindahl_index_markets=0.143
12:00:52 [super]   #1343  0xf1a373992677f6817c762994c44802b60de5f17b  prob=0.0416 (raw=0.0634)  vol=$231  trades=18  first_trade=2026-02-09 01:52  winrate=NaN  n_markets_traded=0.000  herfindahl_index_markets=0.000
12:00:52 [super]   #1344  0xf0e70aacf71562ad52e80d4925e0382db6d59281  prob=0.0416 (raw=0.0633)  vol=$185  trades=6  first_trade=2026-02-09 01:43  winrate=0.524  n_markets_traded=147.000  herfindahl_index_markets=0.032
12:00:52 [super]   #1345  0xe6b03361a6a95ee47433b272f36add9e7f37ce9e  prob=0.0416 (raw=0.0633)  vol=$14  trades=10  first_trade=2026-01-18 18:22  winrate=0.118  n_markets_traded=17.000  herfindahl_index_markets=0.233
12:00:52 [super]   #1346  0x71462f99969624abfcdc7d2e67a4b226995d0978  prob=0.0416 (raw=0.0633)  vol=$2  trades=2  first_trade=2026-02-08 14:10  winrate=0.167  n_markets_traded=42.000  herfindahl_index_markets=0.276
12:00:52 [super]   #1347  0x30cc79b0acff35d82194aa81a2b067e026c352fc  prob=0.0416 (raw=0.0633)  vol=$10  trades=2  first_trade=2026-02-09 10:44  winrate=0.111  n_markets_traded=9.000  herfindahl_index_markets=0.334
12:00:52 [super]   #1348  0xeff4c99bb242c36e349041a94a3348de3185406b  prob=0.0416 (raw=0.0632)  vol=$15  trades=4  first_trade=2026-02-08 09:15  winrate=0.250  n_markets_traded=12.000  herfindahl_index_markets=0.097
12:00:52 [super]   #1349  0x0b295fffcb56fc0bb2f7402818cdafd269b07dec  prob=0.0416 (raw=0.0631)  vol=$327  trades=2  first_trade=2026-02-09 07:51  winrate=0.714  n_markets_traded=7.000  herfindahl_index_markets=0.200
12:00:52 [super]   #1350  0x09567b85d6da9d75e03c4c9730cdc061d7fa945b  prob=0.0416 (raw=0.0629)  vol=$11,028  trades=10  first_trade=2026-01-25 17:57  winrate=0.370  n_markets_traded=27.000  herfindahl_index_markets=0.118
12:00:52 [super]   #1351  0x11de4cc0fe3abf6d803c139324034170c6c321d7  prob=0.0415 (raw=0.0628)  vol=$1,800  trades=3  first_trade=2026-02-09 03:43  winrate=0.538  n_markets_traded=91.000  herfindahl_index_markets=0.034
12:00:52 [super]   #1352  0xce1041674adcc9e71d82a5aa527bb1eb2484ef76  prob=0.0415 (raw=0.0628)  vol=$361  trades=16  first_trade=2026-02-08 20:44  winrate=0.143  n_markets_traded=7.000  herfindahl_index_markets=0.262
12:00:52 [super]   #1353  0xe838250a37711a660f5e4a173450a611a11050f2  prob=0.0415 (raw=0.0627)  vol=$35  trades=10  first_trade=2026-02-08 17:24  winrate=NaN  n_markets_traded=0.000  herfindahl_index_markets=0.000
12:00:52 [super]   #1354  0x1f589affd3423155f6f083858ffeda065e5cb0fc  prob=0.0415 (raw=0.0627)  vol=$626  trades=10  first_trade=2026-02-09 02:23  winrate=0.647  n_markets_traded=16.000  herfindahl_index_markets=0.186
12:00:52 [super]   #1355  0xc86f815048b09f3723bcef242ee3c24025622403  prob=0.0415 (raw=0.0627)  vol=$61  trades=4  first_trade=2025-11-13 17:17  winrate=0.000  n_markets_traded=3.000  herfindahl_index_markets=0.437
12:00:52 [super]   #1356  0x2c23f59c1cd7cd212354aeb4bd5b5e892b742b66  prob=0.0415 (raw=0.0626)  vol=$18  trades=4  first_trade=2026-01-15 22:28  winrate=0.045  n_markets_traded=308.000  herfindahl_index_markets=0.029
12:00:52 [super]   #1357  0xa97e43db0a4a6007899abf75817c452d5a7224ff  prob=0.0415 (raw=0.0625)  vol=$6,280  trades=71  first_trade=2026-02-08 19:21  winrate=NaN  n_markets_traded=0.000  herfindahl_index_markets=0.000
12:00:52 [super]   #1358  0x8212c290d9cde3a180262242766e847bcc002b8b  prob=0.0415 (raw=0.0625)  vol=$11  trades=6  first_trade=2026-01-18 23:55  winrate=0.405  n_markets_traded=221.000  herfindahl_index_markets=0.023
12:00:52 [super]   #1359  0xf630442805399eca89d6bf1a3181c331121383fd  prob=0.0415 (raw=0.0624)  vol=$221  trades=2  first_trade=2026-02-09 07:53  winrate=0.556  n_markets_traded=9.000  herfindahl_index_markets=0.200
12:00:52 [super]   #1360  0xf627ee5b5361e26bc1a8c6ae15c66d61e458d2c8  prob=0.0415 (raw=0.0623)  vol=$3  trades=2  first_trade=2026-02-09 23:19  winrate=0.524  n_markets_traded=21.000  herfindahl_index_markets=0.388
12:00:52 [super]   #1361  0xfecb4ea0fe370705d0229aaf81c4300fa5ba19ba  prob=0.0415 (raw=0.0623)  vol=$14,657  trades=94  first_trade=2026-02-08 22:09  winrate=NaN  n_markets_traded=0.000  herfindahl_index_markets=0.000
12:00:52 [super]   #1362  0xbc40718d5576173c015590c7512210bfaf14775b  prob=0.0414 (raw=0.0621)  vol=$2  trades=1  first_trade=2026-01-15 17:33  winrate=0.200  n_markets_traded=5.000  herfindahl_index_markets=0.224
12:00:52 [super]   #1363  0x201d64d5fbe721bda742eba45cfbeb34889e2e13  prob=0.0414 (raw=0.0621)  vol=$17  trades=4  first_trade=2026-02-09 22:59  winrate=NaN  n_markets_traded=0.000  herfindahl_index_markets=0.000
12:00:52 [super]   #1364  0xb21a452935c233d4274091a8f763035cc29cad2b  prob=0.0414 (raw=0.0619)  vol=$74  trades=8  first_trade=2026-02-09 01:22  winrate=0.591  n_markets_traded=22.000  herfindahl_index_markets=0.113
12:00:52 [super]   #1365  0xd2969dc435b3ea886f80ccd228f74d5c5fd62bbb  prob=0.0414 (raw=0.0618)  vol=$1,169  trades=13  first_trade=2026-02-09 01:31  winrate=0.125  n_markets_traded=8.000  herfindahl_index_markets=0.269
12:00:52 [super]   #1366  0xef61424f570d23d19944e7a104ed30ad7ec7bae5  prob=0.0414 (raw=0.0618)  vol=$5  trades=2  first_trade=2026-02-04 14:31  winrate=0.500  n_markets_traded=6.000  herfindahl_index_markets=0.273
12:00:52 [super]   #1367  0xa4bd8f49695cf5d55924aca4cc2694952874e8a2  prob=0.0413 (raw=0.0616)  vol=$37  trades=5  first_trade=2025-12-02 22:04  winrate=NaN  n_markets_traded=0.000  herfindahl_index_markets=0.000
12:00:52 [super]   #1368  0x750ca59fafbf837d939eca4cd241601a489c2fe3  prob=0.0413 (raw=0.0616)  vol=$274  trades=20  first_trade=2026-02-08 05:39  winrate=NaN  n_markets_traded=0.000  herfindahl_index_markets=0.000
12:00:52 [super]   #1369  0xb6658f67e961328846c11a35253516b1ee2eed24  prob=0.0413 (raw=0.0615)  vol=$290  trades=20  first_trade=2026-02-08 05:39  winrate=NaN  n_markets_traded=0.000  herfindahl_index_markets=0.000
12:00:52 [super]   #1370  0x8098b0c7747e6b359f8a3dfd15017b064194a1a1  prob=0.0413 (raw=0.0615)  vol=$5  trades=4  first_trade=2025-12-11 07:28  winrate=0.250  n_markets_traded=52.000  herfindahl_index_markets=0.087
12:00:52 [super]   #1371  0xb8718e7f0a9827a0e4225d5522e14573d9e19f15  prob=0.0413 (raw=0.0615)  vol=$437  trades=9  first_trade=2026-02-08 07:40  winrate=0.460  n_markets_traded=276.000  herfindahl_index_markets=0.007
12:00:52 [super]   #1372  0x9e9ca55b02c795b08adeef6ac65299cca2a66216  prob=0.0413 (raw=0.0614)  vol=$1,458  trades=47  first_trade=2026-02-03 05:27  winrate=0.488  n_markets_traded=82.000  herfindahl_index_markets=0.027
12:00:52 [super]   #1373  0x35c527bd92ee7094ccec02b440826cfd782291c3  prob=0.0413 (raw=0.0614)  vol=$12  trades=5  first_trade=2026-01-23 16:01  winrate=0.083  n_markets_traded=12.000  herfindahl_index_markets=0.135
12:00:52 [super]   #1374  0x5e91a81715ccffbd13ba6c29884be828461d8538  prob=0.0413 (raw=0.0611)  vol=$23  trades=4  first_trade=2025-08-19 00:53  winrate=0.091  n_markets_traded=11.000  herfindahl_index_markets=0.134
12:00:52 [super]   #1375  0x5567486d87d8fd69c875eb36208386128516aeed  prob=0.0412 (raw=0.0608)  vol=$328  trades=8  first_trade=2025-11-22 02:03  winrate=NaN  n_markets_traded=0.000  herfindahl_index_markets=0.000
12:00:52 [super]   #1376  0xb48a5a0cd99de633fdd88cb7c4a10a82916d6996  prob=0.0412 (raw=0.0608)  vol=$2  trades=2  first_trade=2026-02-08 21:43  winrate=NaN  n_markets_traded=NaN  herfindahl_index_markets=NaN
12:00:52 [super]   #1377  0x6430438f6d1b49daabe7aff5cc6b6e22a7994cf1  prob=0.0412 (raw=0.0608)  vol=$2  trades=2  first_trade=2026-01-10 10:55  winrate=NaN  n_markets_traded=NaN  herfindahl_index_markets=NaN
12:00:52 [super]   #1378  0xcfbc9fe204647dcec3b378515683ccee2b52ff78  prob=0.0412 (raw=0.0608)  vol=$2  trades=2  first_trade=2026-01-10 15:25  winrate=NaN  n_markets_traded=NaN  herfindahl_index_markets=NaN
12:00:52 [super]   #1379  0x52b34340843c8210a17a44597861e6b629fd1993  prob=0.0412 (raw=0.0608)  vol=$2  trades=2  first_trade=2026-02-05 16:16  winrate=NaN  n_markets_traded=NaN  herfindahl_index_markets=NaN
12:00:52 [super]   #1380  0xb920d271a2e6acee95cb317a33bc325bc6f63578  prob=0.0412 (raw=0.0608)  vol=$2  trades=2  first_trade=2026-01-10 15:26  winrate=NaN  n_markets_traded=NaN  herfindahl_index_markets=NaN
12:00:52 [super]   #1381  0x9854c5d3dffb0e2c5987869a04d3ce73f9136095  prob=0.0412 (raw=0.0608)  vol=$2  trades=2  first_trade=2026-01-10 13:34  winrate=NaN  n_markets_traded=NaN  herfindahl_index_markets=NaN
12:00:52 [super]   #1382  0x017214fe738a19edbebc13dc13e6298670b04d2b  prob=0.0412 (raw=0.0608)  vol=$2  trades=2  first_trade=2026-02-08 15:32  winrate=NaN  n_markets_traded=NaN  herfindahl_index_markets=NaN
12:00:52 [super]   #1383  0xf4861880fff192a1da08aa22ecfb9bebfaeee109  prob=0.0412 (raw=0.0607)  vol=$59  trades=9  first_trade=2026-02-09 01:31  winrate=0.000  n_markets_traded=10.000  herfindahl_index_markets=0.111
12:00:52 [super]   #1384  0xbdf73aca780c7c965eda7213b6bfad74494765d9  prob=0.0412 (raw=0.0607)  vol=$99  trades=7  first_trade=2025-09-30 03:26  winrate=0.408  n_markets_traded=245.000  herfindahl_index_markets=0.017
12:00:52 [super]   #1385  0x52f454c43b23504d2dc39e034bf19469fd592b15  prob=0.0412 (raw=0.0606)  vol=$11,927  trades=73  first_trade=2026-02-08 23:00  winrate=0.417  n_markets_traded=24.000  herfindahl_index_markets=0.083
12:00:52 [super]   #1386  0xa0988df9ed1bf97f1b3d328ad3901f56f5785800  prob=0.0412 (raw=0.0605)  vol=$249  trades=2  first_trade=2026-02-09 07:52  winrate=0.571  n_markets_traded=7.000  herfindahl_index_markets=0.180
12:00:52 [super]   #1387  0xb4115ad8a505908fb979b05725a6c749d405c36e  prob=0.0411 (raw=0.0605)  vol=$312  trades=7  first_trade=2026-02-09 00:54  winrate=0.000  n_markets_traded=8.000  herfindahl_index_markets=0.253
12:00:52 [super]   #1388  0x5b71bc6e13980545c8eac6bbc73b6128c5bc41e1  prob=0.0411 (raw=0.0604)  vol=$19  trades=6  first_trade=2026-02-09 01:22  winrate=0.516  n_markets_traded=93.000  herfindahl_index_markets=0.027
12:00:52 [super]   #1389  0x1cb5a68d8c9b1e999acb9f034dacd54bcd056be6  prob=0.0411 (raw=0.0604)  vol=$78  trades=5  first_trade=2026-02-08 10:41  winrate=NaN  n_markets_traded=0.000  herfindahl_index_markets=0.000
12:00:52 [super]   #1390  0x4ce86801f3f295724fcc8013a52ccd9549fe63fe  prob=0.0411 (raw=0.0603)  vol=$1,385  trades=24  first_trade=2026-02-09 01:23  winrate=0.462  n_markets_traded=97.000  herfindahl_index_markets=0.072
12:00:52 [super]   #1391  0x9106d2f3ad0c21067fa98017f10b115cae46766a  prob=0.0411 (raw=0.0601)  vol=$9  trades=7  first_trade=2026-01-18 15:10  winrate=0.182  n_markets_traded=77.000  herfindahl_index_markets=0.028
12:00:52 [super]   #1392  0x2e00d79f8c1320d432d1bc519d2a172891a700b4  prob=0.0411 (raw=0.0601)  vol=$112  trades=5  first_trade=2026-02-09 02:01  winrate=0.657  n_markets_traded=194.000  herfindahl_index_markets=0.082
12:00:52 [super]   #1393  0xac990f444a5d016a6296227c8e4deefc9b841380  prob=0.0411 (raw=0.0600)  vol=$0  trades=1  first_trade=2025-06-26 13:54  winrate=0.376  n_markets_traded=277.000  herfindahl_index_markets=0.011
12:00:52 [super]   #1394  0x161412892d0256b5e9c3aca387b270f4a0263851  prob=0.0411 (raw=0.0599)  vol=$58  trades=3  first_trade=2026-02-09 02:34  winrate=0.909  n_markets_traded=331.000  herfindahl_index_markets=0.010
12:00:52 [super]   #1395  0x7723996303fe63444bb1e92bfdd15e4c117b802e  prob=0.0411 (raw=0.0599)  vol=$3  trades=4  first_trade=2026-02-09 09:07  winrate=0.000  n_markets_traded=26.000  herfindahl_index_markets=0.233
12:00:52 [super]   #1396  0xf0285d224ba2362e560ed69855d240740e3fc88c  prob=0.0410 (raw=0.0598)  vol=$11  trades=3  first_trade=2026-01-18 19:57  winrate=0.519  n_markets_traded=27.000  herfindahl_index_markets=0.059
12:00:52 [super]   #1397  0x3fe2e16f7d72578b4f94ec22a083cd7740c00d54  prob=0.0410 (raw=0.0597)  vol=$1,692  trades=27  first_trade=2026-01-29 04:21  winrate=0.333  n_markets_traded=6.000  herfindahl_index_markets=0.182
12:00:52 [super]   #1398  0x7253c03b80da18072deabf0e3d6fa5dfadb3505a  prob=0.0410 (raw=0.0597)  vol=$1,778  trades=9  first_trade=2026-02-08 23:39  winrate=0.344  n_markets_traded=127.000  herfindahl_index_markets=0.108
12:00:52 [super]   #1399  0xa86f687d7eed8760decdbf3dd6d7ed59c1e8022c  prob=0.0410 (raw=0.0597)  vol=$691  trades=17  first_trade=2026-02-06 20:34  winrate=NaN  n_markets_traded=0.000  herfindahl_index_markets=0.000
12:00:52 [super]   #1400  0xd6eef76188c7068719ac881460b7431e1ae137a2  prob=0.0410 (raw=0.0597)  vol=$3,746  trades=367  first_trade=2026-01-17 23:46  winrate=NaN  n_markets_traded=0.000  herfindahl_index_markets=0.000
12:00:52 [super]   #1401  0x3d45d65a710dd1fba7e59b37dc9b27d69cca23d1  prob=0.0410 (raw=0.0596)  vol=$26  trades=1  first_trade=2026-02-08 19:43  winrate=0.625  n_markets_traded=8.000  herfindahl_index_markets=0.151
12:00:52 [super]   #1402  0xfef61046b25e0397c340df5854402b85a8b0b6a9  prob=0.0410 (raw=0.0594)  vol=$60  trades=2  first_trade=2026-01-19 05:59  winrate=0.154  n_markets_traded=13.000  herfindahl_index_markets=0.126
12:00:52 [super]   #1403  0xa98ac5f8eda1fdd49de5adbb79d1ff8d9fdeff82  prob=0.0410 (raw=0.0594)  vol=$8  trades=5  first_trade=2026-01-21 20:07  winrate=0.374  n_markets_traded=99.000  herfindahl_index_markets=0.019
12:00:52 [super]   #1404  0xab047eb1384c7bbe82baac89b28185a9a337154c  prob=0.0409 (raw=0.0592)  vol=$7  trades=4  first_trade=2026-02-07 19:16  winrate=0.511  n_markets_traded=134.000  herfindahl_index_markets=0.023
12:00:52 [super]   #1405  0xcc41d1af91a3026e1143a061dad9ed88a2176e7e  prob=0.0409 (raw=0.0588)  vol=$89  trades=4  first_trade=2026-02-09 22:02  winrate=0.816  n_markets_traded=49.000  herfindahl_index_markets=0.081
12:00:52 [super]   #1406  0x65e86f4edfb09e7a16fc524552623954ba2c630f  prob=0.0409 (raw=0.0588)  vol=$384  trades=20  first_trade=2026-02-09 01:35  winrate=NaN  n_markets_traded=0.000  herfindahl_index_markets=0.000
12:00:52 [super]   #1407  0x530abcac22d174f47d5ff9271c47273d14dbc612  prob=0.0409 (raw=0.0587)  vol=$54  trades=7  first_trade=2026-02-07 18:32  winrate=0.105  n_markets_traded=19.000  herfindahl_index_markets=0.112
12:00:52 [super]   #1408  0xa535a98acd4d857f87bad8d67424ea414240a220  prob=0.0409 (raw=0.0587)  vol=$2  trades=2  first_trade=2025-10-02 15:08  winrate=0.620  n_markets_traded=224.000  herfindahl_index_markets=0.021
12:00:52 [super]   #1409  0x2d40f30bf07b8c42459c7c0023099464659895ae  prob=0.0408 (raw=0.0587)  vol=$20  trades=2  first_trade=2026-02-09 04:47  winrate=0.286  n_markets_traded=7.000  herfindahl_index_markets=0.240
12:00:52 [super]   #1410  0x79d45aa6cd67d1bc578c296ffd326cab2bb0aba0  prob=0.0408 (raw=0.0586)  vol=$185  trades=3  first_trade=2026-02-08 22:48  winrate=0.188  n_markets_traded=16.000  herfindahl_index_markets=0.140
12:00:52 [super]   #1411  0x5af297ac611b62eb23cc97f27618180601e05a5b  prob=0.0408 (raw=0.0585)  vol=$22  trades=11  first_trade=2026-02-09 00:22  winrate=0.853  n_markets_traded=268.000  herfindahl_index_markets=0.013
12:00:52 [super]   #1412  0x03dffc2ae38a806925d665cb8dbbc66b6fe11299  prob=0.0408 (raw=0.0583)  vol=$15  trades=5  first_trade=2026-01-19 13:20  winrate=NaN  n_markets_traded=0.000  herfindahl_index_markets=0.000
12:00:52 [super]   #1413  0x8c147947b1304aaa065bc262acf9b72a8c231f3f  prob=0.0408 (raw=0.0583)  vol=$2,000  trades=4  first_trade=2026-02-09 05:47  winrate=0.000  n_markets_traded=39.000  herfindahl_index_markets=0.055
12:00:52 [super]   #1414  0x6303082cf364680b2a97b0b6682eff08b1af652f  prob=0.0407 (raw=0.0581)  vol=$11  trades=3  first_trade=2026-01-10 17:10  winrate=0.214  n_markets_traded=14.000  herfindahl_index_markets=0.173
12:00:52 [super]   #1415  0x575f8dd7f0659570d061c69ae1e50d4fb06b7bc5  prob=0.0407 (raw=0.0580)  vol=$29  trades=4  first_trade=2026-02-09 00:32  winrate=0.200  n_markets_traded=5.000  herfindahl_index_markets=0.479
12:00:52 [super]   #1416  0x84bf6c602c49a0b740603e0b278eed663d10a973  prob=0.0407 (raw=0.0580)  vol=$239  trades=2  first_trade=2026-02-09 07:53  winrate=0.714  n_markets_traded=7.000  herfindahl_index_markets=0.185
12:00:52 [super]   #1417  0xd28934cea55333368afb126cc51dd95a4455a7a9  prob=0.0407 (raw=0.0579)  vol=$86  trades=8  first_trade=2026-02-09 01:03  winrate=0.000  n_markets_traded=5.000  herfindahl_index_markets=0.381
12:00:52 [super]   #1418  0x670d76669e567a24a9876f92310436d029020825  prob=0.0407 (raw=0.0578)  vol=$380  trades=6  first_trade=2026-02-09 00:53  winrate=0.497  n_markets_traded=161.000  herfindahl_index_markets=0.023
12:00:52 [super]   #1419  0xc84a27bc9ac5e6b1ba0beecf44e1379f5a71bc33  prob=0.0407 (raw=0.0578)  vol=$8  trades=3  first_trade=2026-02-08 10:34  winrate=0.187  n_markets_traded=105.000  herfindahl_index_markets=0.058
12:00:52 [super]   #1420  0x62a2d043d8c0afa75383c51b22ed6791d3c4e6ef  prob=0.0407 (raw=0.0578)  vol=$4  trades=4  first_trade=2026-02-07 22:29  winrate=0.160  n_markets_traded=25.000  herfindahl_index_markets=0.310
12:00:52 [super]   #1421  0x4fbad27b850ead2afdce10e4b0d491c2055012fc  prob=0.0407 (raw=0.0577)  vol=$64  trades=26  first_trade=2026-01-15 21:20  winrate=0.402  n_markets_traded=174.000  herfindahl_index_markets=0.025
12:00:52 [super]   #1422  0x8c76c4787bf236398d2d1a42dd3e8af1393206ac  prob=0.0407 (raw=0.0577)  vol=$60  trades=4  first_trade=2026-02-08 17:44  winrate=NaN  n_markets_traded=0.000  herfindahl_index_markets=0.000
12:00:52 [super]   #1423  0xea019d4c5a8270eafe72d9265b865274c1ea06f0  prob=0.0407 (raw=0.0576)  vol=$217  trades=2  first_trade=2026-02-09 07:53  winrate=0.500  n_markets_traded=8.000  herfindahl_index_markets=0.178
12:00:52 [super]   #1424  0xefc3df5f5b1da175aa0478a171172af87db7a12d  prob=0.0406 (raw=0.0575)  vol=$4  trades=5  first_trade=2025-12-09 09:26  winrate=NaN  n_markets_traded=0.000  herfindahl_index_markets=0.000
12:00:52 [super]   #1425  0x28e2bcb69ff34fb0950d502073de717a1edfd68f  prob=0.0406 (raw=0.0574)  vol=$20  trades=3  first_trade=2026-01-31 11:31  winrate=0.000  n_markets_traded=10.000  herfindahl_index_markets=0.110
12:00:52 [super]   #1426  0xb265f1be15e1b59c68ae03d0d6895e2d09b447f4  prob=0.0406 (raw=0.0571)  vol=$11  trades=12  first_trade=2026-02-06 06:28  winrate=0.231  n_markets_traded=311.000  herfindahl_index_markets=0.009
12:00:52 [super]   #1427  0x05ddbe2edc2fcb293eb149028f45e93cec14305c  prob=0.0406 (raw=0.0571)  vol=$56  trades=18  first_trade=2026-02-09 01:44  winrate=NaN  n_markets_traded=0.000  herfindahl_index_markets=0.000
12:00:52 [super]   #1428  0xac8521fcf2b280fd9fad6aef09e1193b6f4af23b  prob=0.0406 (raw=0.0569)  vol=$3  trades=4  first_trade=2026-01-19 05:01  winrate=NaN  n_markets_traded=0.000  herfindahl_index_markets=0.000
12:00:52 [super]   #1429  0xa0db37b49434e52f2d39dd9dfe775067ec2975de  prob=0.0406 (raw=0.0569)  vol=$46  trades=2  first_trade=2026-02-09 00:12  winrate=0.167  n_markets_traded=12.000  herfindahl_index_markets=0.420
12:00:52 [super]   #1430  0xd0f884f3fecca09f4a0945620b4befa64f3d73a1  prob=0.0405 (raw=0.0568)  vol=$3  trades=4  first_trade=2026-02-07 08:48  winrate=NaN  n_markets_traded=0.000  herfindahl_index_markets=0.000
12:00:52 [super]   #1431  0xafbacaeeda63f31202759eff7f8126e49adfe61b  prob=0.0405 (raw=0.0568)  vol=$401,338  trades=306  first_trade=2026-02-07 02:05  winrate=NaN  n_markets_traded=0.000  herfindahl_index_markets=0.000
12:00:52 [super]   #1432  0xd904ab5a9a24d704eac4a82d99527b68cded4295  prob=0.0405 (raw=0.0568)  vol=$39,303  trades=2  first_trade=2026-02-10 01:15  winrate=0.759  n_markets_traded=79.000  herfindahl_index_markets=0.058
12:00:52 [super]   #1433  0x4d45927738376db79e72c78f4a2f9637c424652a  prob=0.0405 (raw=0.0568)  vol=$1,100  trades=32  first_trade=2026-02-06 19:52  winrate=NaN  n_markets_traded=0.000  herfindahl_index_markets=0.000
12:00:52 [super]   #1434  0xf38674c7fb3e13afb6afc890808a4714c33dd19d  prob=0.0405 (raw=0.0566)  vol=$666  trades=21  first_trade=2026-02-08 05:37  winrate=0.000  n_markets_traded=6.000  herfindahl_index_markets=0.420
12:00:52 [super]   #1435  0xcb516a0c8b8ba2e42ff5c123e2f624d6cce6359d  prob=0.0405 (raw=0.0566)  vol=$422  trades=23  first_trade=2026-02-08 05:39  winrate=NaN  n_markets_traded=0.000  herfindahl_index_markets=0.000
12:00:52 [super]   #1436  0x6f966d7629c8c3022c67039432dd3d1c426da8c5  prob=0.0405 (raw=0.0566)  vol=$4,535  trades=27  first_trade=2026-02-08 06:17  winrate=0.167  n_markets_traded=12.000  herfindahl_index_markets=0.251
12:00:52 [super]   #1437  0xe3b8ba43fad5678cb1dcaa88a24944bba9f2dc7d  prob=0.0405 (raw=0.0565)  vol=$8  trades=8  first_trade=2026-02-08 15:45  winrate=0.382  n_markets_traded=173.000  herfindahl_index_markets=0.014
12:00:52 [super]   #1438  0x463344a3df11f2f5b055af3130c4163cfacc1f46  prob=0.0405 (raw=0.0563)  vol=$245  trades=2  first_trade=2026-02-09 07:52  winrate=0.500  n_markets_traded=8.000  herfindahl_index_markets=0.169
12:00:52 [super]   #1439  0x991a4d823a31b341239ba2b1b16d60b1336e2411  prob=0.0404 (raw=0.0562)  vol=$1,385  trades=21  first_trade=2026-01-26 07:11  winrate=0.660  n_markets_traded=144.000  herfindahl_index_markets=0.040
12:00:52 [super]   #1440  0x8e8d8163c34d90ce063c7438637a0e5c3ffa5a27  prob=0.0404 (raw=0.0561)  vol=$0  trades=1  first_trade=2025-06-29 14:52  winrate=NaN  n_markets_traded=0.000  herfindahl_index_markets=0.000
12:00:52 [super]   #1441  0xce27850cfc34c6f4fc2335cffe2212ba9e908066  prob=0.0404 (raw=0.0560)  vol=$69  trades=2  first_trade=2026-02-08 18:04  winrate=0.000  n_markets_traded=2.000  herfindahl_index_markets=0.500
12:00:52 [super]   #1442  0x2bcb92412cef7dd3d1d81bcf395b5454071d0d27  prob=0.0404 (raw=0.0560)  vol=$563  trades=14  first_trade=2026-02-08 19:26  winrate=0.667  n_markets_traded=15.000  herfindahl_index_markets=0.162
12:00:52 [super]   #1443  0xa9091567c4b75298834e6d8b07b799a8da669e7d  prob=0.0404 (raw=0.0559)  vol=$2  trades=2  first_trade=2026-02-05 10:38  winrate=NaN  n_markets_traded=0.000  herfindahl_index_markets=0.000
12:00:52 [super]   #1444  0xcdd69ce81b6561c3164a55b4f7a472a8f69a24c5  prob=0.0404 (raw=0.0558)  vol=$6  trades=6  first_trade=2026-02-09 22:50  winrate=0.629  n_markets_traded=35.000  herfindahl_index_markets=0.226
12:00:52 [super]   #1445  0xff3857921decd6c871c1fce6c414a1a130865638  prob=0.0404 (raw=0.0557)  vol=$96  trades=8  first_trade=2026-02-08 05:38  winrate=0.000  n_markets_traded=4.000  herfindahl_index_markets=0.306
12:00:52 [super]   #1446  0x1e366580647fd01e877bfb105fc87a3da6efc141  prob=0.0403 (raw=0.0555)  vol=$167  trades=10  first_trade=2026-02-07 19:52  winrate=0.241  n_markets_traded=29.000  herfindahl_index_markets=0.101
12:00:52 [super]   #1447  0x07405d21b26f03d5d157ec25e8cb30af6ace8a92  prob=0.0403 (raw=0.0555)  vol=$69  trades=14  first_trade=2026-02-06 22:47  winrate=NaN  n_markets_traded=0.000  herfindahl_index_markets=0.000
12:00:52 [super]   #1448  0xfa153554f9b2a6e4176f3b5f52f2d67ee5f80f15  prob=0.0403 (raw=0.0555)  vol=$3  trades=4  first_trade=2026-02-09 08:46  winrate=0.033  n_markets_traded=30.000  herfindahl_index_markets=0.228
12:00:52 [super]   #1449  0x6c735cbc233b4c799ec905ab0e1357a997cc04f6  prob=0.0403 (raw=0.0553)  vol=$1,001  trades=2  first_trade=2026-02-09 20:19  winrate=0.814  n_markets_traded=70.000  herfindahl_index_markets=0.043
12:00:52 [super]   #1450  0x137d4b19ab3c264f45dac7cea2b1f8b157d01cdb  prob=0.0403 (raw=0.0552)  vol=$15  trades=5  first_trade=2026-02-08 09:22  winrate=0.374  n_markets_traded=171.000  herfindahl_index_markets=0.022
12:00:52 [super]   #1451  0x04eaf2f6ecf3badfb83468838b96e6ac1bafb6e6  prob=0.0403 (raw=0.0552)  vol=$255  trades=2  first_trade=2026-02-09 07:52  winrate=0.750  n_markets_traded=8.000  herfindahl_index_markets=0.171
12:00:52 [super]   #1452  0x163087b61d6aa1ec550741472d723c698242e3fd  prob=0.0403 (raw=0.0552)  vol=$1,976  trades=45  first_trade=2026-02-09 01:19  winrate=0.424  n_markets_traded=170.000  herfindahl_index_markets=0.021
12:00:52 [super]   #1453  0xc911cb4e9e26b247de0a361c24e7e40c4f7701f7  prob=0.0403 (raw=0.0551)  vol=$20  trades=2  first_trade=2026-02-08 20:08  winrate=0.000  n_markets_traded=11.000  herfindahl_index_markets=0.149
12:00:52 [super]   #1454  0xa4e3529aab6ff85b5d65c98c2dbacc0d94574c6f  prob=0.0402 (raw=0.0550)  vol=$136  trades=26  first_trade=2026-02-06 20:53  winrate=NaN  n_markets_traded=0.000  herfindahl_index_markets=0.000
12:00:52 [super]   #1455  0x9d299c28a326b552b72a02c51c6f83e0d37cfd7b  prob=0.0402 (raw=0.0548)  vol=$7  trades=4  first_trade=2026-02-08 20:49  winrate=0.333  n_markets_traded=18.000  herfindahl_index_markets=0.213
12:00:52 [super]   #1456  0xc1ba69c7bed3fd1df60f665529bf535bac6eddbf  prob=0.0402 (raw=0.0547)  vol=$945  trades=1  first_trade=2026-02-10 18:30  winrate=0.921  n_markets_traded=63.000  herfindahl_index_markets=0.038
12:00:52 [super]   #1457  0x4cf63b43c78f5dc33a03df2f10a7ca2cc41e5e4d  prob=0.0402 (raw=0.0546)  vol=$216  trades=18  first_trade=2026-02-09 01:57  winrate=0.574  n_markets_traded=68.000  herfindahl_index_markets=0.036
12:00:52 [super]   #1458  0x9b015330827a95ddb68225e82f8e94b91b9f8521  prob=0.0402 (raw=0.0546)  vol=$329  trades=27  first_trade=2026-02-09 01:52  winrate=0.762  n_markets_traded=101.000  herfindahl_index_markets=0.079
12:00:52 [super]   #1459  0x03066161477d2b994472fdcfc1a5fc1566d0dcf6  prob=0.0402 (raw=0.0545)  vol=$1,107  trades=4  first_trade=2026-02-09 03:03  winrate=0.585  n_markets_traded=41.000  herfindahl_index_markets=0.100
12:00:52 [super]   #1460  0xc3af107e6b8e64abe5c921b2c1d07a3761d02c0a  prob=0.0401 (raw=0.0545)  vol=$1,506  trades=4  first_trade=2026-02-09 04:19  winrate=0.665  n_markets_traded=191.000  herfindahl_index_markets=0.040
12:00:52 [super]   #1461  0x5b69f556ea2e5ad37d14212d45e00ece08f6e094  prob=0.0401 (raw=0.0544)  vol=$8,099  trades=8  first_trade=2026-02-09 01:21  winrate=0.533  n_markets_traded=15.000  herfindahl_index_markets=0.139
12:00:52 [super]   #1462  0x3a309ba14ebf713f0d4507d186cd276f4ccf05ba  prob=0.0401 (raw=0.0544)  vol=$20  trades=4  first_trade=2026-02-07 23:50  winrate=0.368  n_markets_traded=117.000  herfindahl_index_markets=0.032
12:00:52 [super]   #1463  0x127af74b07b24de97c11e5bdc9cb86cac84c3344  prob=0.0401 (raw=0.0543)  vol=$29  trades=7  first_trade=2026-02-08 20:10  winrate=NaN  n_markets_traded=0.000  herfindahl_index_markets=0.000
12:00:52 [super]   #1464  0x270e9b6b04665e212762a018214dd023a52b2930  prob=0.0401 (raw=0.0541)  vol=$1,233  trades=28  first_trade=2026-01-27 16:02  winrate=0.188  n_markets_traded=48.000  herfindahl_index_markets=0.055
12:00:52 [super]   #1465  0x73636ff631ab03b9e2d5aba82c57db8aa36cd406  prob=0.0401 (raw=0.0540)  vol=$428  trades=7  first_trade=2026-02-08 21:20  winrate=0.250  n_markets_traded=24.000  herfindahl_index_markets=0.046
12:00:52 [super]   #1466  0x245184ba6ecfa5514a8818c24f663d67b6625b54  prob=0.0401 (raw=0.0539)  vol=$5  trades=10  first_trade=2026-02-09 22:50  winrate=0.280  n_markets_traded=25.000  herfindahl_index_markets=0.064
12:00:52 [super]   #1467  0xb94f0ea2ddde1779122834ec827b56afe82804d8  prob=0.0400 (raw=0.0537)  vol=$5  trades=3  first_trade=2025-12-01 23:24  winrate=NaN  n_markets_traded=0.000  herfindahl_index_markets=0.000
12:00:52 [super]   #1468  0x45670b57336cefce56a327a657848b8fb84f6731  prob=0.0400 (raw=0.0536)  vol=$12,392  trades=69  first_trade=2026-02-08 03:14  winrate=0.000  n_markets_traded=4.000  herfindahl_index_markets=0.494
12:00:52 [super]   #1469  0xd60fa08b1bae2a8f8615f0efa617f811a159b6c4  prob=0.0400 (raw=0.0535)  vol=$990  trades=38  first_trade=2026-02-09 01:31  winrate=NaN  n_markets_traded=0.000  herfindahl_index_markets=0.000
12:00:52 [super]   #1470  0xe411ff4876726e6c63c3d30a90059775d302c595  prob=0.0399 (raw=0.0531)  vol=$20  trades=2  first_trade=2026-02-09 05:10  winrate=0.267  n_markets_traded=15.000  herfindahl_index_markets=0.613
12:00:52 [super]   #1471  0x687b76e252004949ecabbe484147d1e00da1400e  prob=0.0399 (raw=0.0529)  vol=$29  trades=4  first_trade=2026-02-09 01:23  winrate=0.311  n_markets_traded=61.000  herfindahl_index_markets=0.049
12:00:52 [super]   #1472  0x6d83610c6e672e2489a83f100f71770ebdd4d1da  prob=0.0399 (raw=0.0529)  vol=$4,635  trades=7  first_trade=2026-02-09 02:06  winrate=0.357  n_markets_traded=14.000  herfindahl_index_markets=0.259
12:00:52 [super]   #1473  0x34228aaab0de1e3860c1755a06c3d3eaa416cd99  prob=0.0399 (raw=0.0527)  vol=$7  trades=3  first_trade=2026-02-09 01:49  winrate=NaN  n_markets_traded=0.000  herfindahl_index_markets=0.000
12:00:52 [super]   #1474  0x406dc0d23f7c1b0e9fc3b94c268d70e5e1ad5298  prob=0.0399 (raw=0.0527)  vol=$2,550  trades=4  first_trade=2026-02-09 05:04  winrate=0.786  n_markets_traded=42.000  herfindahl_index_markets=0.045
12:00:52 [super]   #1475  0x57c75fa8c3af0399b956ae5b63a3e16ba8f04138  prob=0.0398 (raw=0.0526)  vol=$329  trades=2  first_trade=2026-02-11 05:10  winrate=0.526  n_markets_traded=38.000  herfindahl_index_markets=0.042
12:00:52 [super]   #1476  0x5753b1fcea04a6ca167b0798ec91879caf57fa31  prob=0.0398 (raw=0.0526)  vol=$33  trades=6  first_trade=2026-02-09 03:49  winrate=0.459  n_markets_traded=229.000  herfindahl_index_markets=0.010
12:00:52 [super]   #1477  0xa09266c7b5d77b955bd62c2d6f47ed75a84399a7  prob=0.0398 (raw=0.0525)  vol=$2  trades=2  first_trade=2026-01-15 12:21  winrate=0.182  n_markets_traded=11.000  herfindahl_index_markets=0.203
12:00:52 [super]   #1478  0xb560337fe29cb9e97641102e5b1b3dbc21741b97  prob=0.0398 (raw=0.0524)  vol=$75  trades=2  first_trade=2026-02-08 23:19  winrate=0.167  n_markets_traded=12.000  herfindahl_index_markets=0.233
12:00:52 [super]   #1479  0xf54d13d73a6841491391e4b28dfa5b4d62c3a1eb  prob=0.0398 (raw=0.0522)  vol=$5  trades=4  first_trade=2026-02-09 02:35  winrate=0.545  n_markets_traded=101.000  herfindahl_index_markets=0.061
12:00:52 [super]   #1480  0x4aab29aa7863332101d450a41756d999d5ae38cc  prob=0.0398 (raw=0.0521)  vol=$22  trades=6  first_trade=2026-02-07 05:44  winrate=NaN  n_markets_traded=0.000  herfindahl_index_markets=0.000
12:00:52 [super]   #1481  0xdc13b5c1b72c0140e50df4f768737fc8b249541b  prob=0.0397 (raw=0.0520)  vol=$4  trades=2  first_trade=2026-02-09 10:21  winrate=0.000  n_markets_traded=6.000  herfindahl_index_markets=0.199
12:00:52 [super]   #1482  0x4044798f1d60d92369c86cf5b6f1e497e2818de5  prob=0.0397 (raw=0.0520)  vol=$34,529  trades=11  first_trade=2026-02-09 08:40  winrate=0.614  n_markets_traded=114.000  herfindahl_index_markets=0.050
12:00:52 [super]   #1483  0xafd3f7a6d6b4de5425c2fde7cf14c3c1e1ebea5c  prob=0.0397 (raw=0.0519)  vol=$500  trades=2  first_trade=2026-02-09 21:52  winrate=0.175  n_markets_traded=40.000  herfindahl_index_markets=0.078
12:00:52 [super]   #1484  0x5f08e6ef2c72c441315f741950657ff3b3fc4cfb  prob=0.0397 (raw=0.0518)  vol=$81  trades=15  first_trade=2026-02-07 00:56  winrate=NaN  n_markets_traded=0.000  herfindahl_index_markets=0.000
12:00:52 [super]   #1485  0x30c08cce4d85e9421229ac83354bed59aa6875db  prob=0.0397 (raw=0.0518)  vol=$6,640  trades=2  first_trade=2026-02-09 08:03  winrate=0.000  n_markets_traded=6.000  herfindahl_index_markets=0.178
12:00:52 [super]   #1486  0x98f873f3ffbe3cd3ad2860a702a31137d55afcae  prob=0.0396 (raw=0.0514)  vol=$370  trades=8  first_trade=2026-02-09 03:34  winrate=0.379  n_markets_traded=233.000  herfindahl_index_markets=0.040
12:00:52 [super]   #1487  0xe25a2ff02e5ac3bbfcb3076b32db323633c67dd5  prob=0.0396 (raw=0.0514)  vol=$283  trades=7  first_trade=2026-02-08 23:01  winrate=0.577  n_markets_traded=174.000  herfindahl_index_markets=0.020
12:00:52 [super]   #1488  0x64962116e6c1082385ade0e55e4e3cc7114009d0  prob=0.0396 (raw=0.0514)  vol=$639  trades=22  first_trade=2026-02-09 01:29  winrate=NaN  n_markets_traded=0.000  herfindahl_index_markets=0.000
12:00:52 [super]   #1489  0x1f683bf950a36ba43f8164d43d1f603d2867756c  prob=0.0396 (raw=0.0511)  vol=$1  trades=4  first_trade=2026-02-08 20:48  winrate=NaN  n_markets_traded=0.000  herfindahl_index_markets=0.000
12:00:52 [super]   #1490  0xe2c584af387f536b7c1b2e8c6e2d3facb4aec0bb  prob=0.0396 (raw=0.0510)  vol=$20  trades=2  first_trade=2026-02-09 08:33  winrate=0.255  n_markets_traded=94.000  herfindahl_index_markets=0.019
12:00:52 [super]   #1491  0x0f3642354c15c64b42f5757e35d6beb50078b511  prob=0.0396 (raw=0.0509)  vol=$34  trades=4  first_trade=2026-02-06 23:49  winrate=0.286  n_markets_traded=7.000  herfindahl_index_markets=0.192
12:00:52 [super]   #1492  0x5a59e1cd66a905571f63f41c90fcbe4a5184f59c  prob=0.0396 (raw=0.0509)  vol=$9  trades=2  first_trade=2026-02-09 03:14  winrate=0.588  n_markets_traded=17.000  herfindahl_index_markets=0.129
12:00:52 [super]   #1493  0x415c3009ba582ee5d126ec7460fb2b64a0ba3c94  prob=0.0396 (raw=0.0509)  vol=$0  trades=1  first_trade=2025-08-27 18:56  winrate=0.167  n_markets_traded=598.000  herfindahl_index_markets=0.010
12:00:52 [super]   #1494  0x450c8cada5edfad9425818b16295e0978b0829ea  prob=0.0396 (raw=0.0509)  vol=$200  trades=2  first_trade=2026-02-09 10:31  winrate=0.576  n_markets_traded=33.000  herfindahl_index_markets=0.064
12:00:52 [super]   #1495  0xbf1af4eaa64ecc3aafff7a64d32fce6136ba83ea  prob=0.0395 (raw=0.0508)  vol=$2  trades=2  first_trade=2026-02-09 00:11  winrate=0.455  n_markets_traded=11.000  herfindahl_index_markets=0.143
12:00:52 [super]   #1496  0x29826077d805c6999bd758f429032d4fdac3aa17  prob=0.0395 (raw=0.0507)  vol=$4  trades=2  first_trade=2026-02-09 10:08  winrate=0.694  n_markets_traded=418.000  herfindahl_index_markets=0.013
12:00:52 [super]   #1497  0xb9caf1e21174ed4472190c9e8fb2b6a800370d8f  prob=0.0395 (raw=0.0506)  vol=$4  trades=2  first_trade=2026-02-08 20:23  winrate=0.579  n_markets_traded=145.000  herfindahl_index_markets=0.026
12:00:52 [super]   #1498  0x90bfc858ddb497e6208a92dce15cfe9a480d3348  prob=0.0395 (raw=0.0506)  vol=$18,586  trades=124  first_trade=2026-02-02 17:53  winrate=NaN  n_markets_traded=0.000  herfindahl_index_markets=0.000
12:00:52 [super]   #1499  0xfbf14439b3958d18211f655eb692b8da19897102  prob=0.0395 (raw=0.0505)  vol=$212  trades=2  first_trade=2026-02-09 00:12  winrate=0.000  n_markets_traded=2.000  herfindahl_index_markets=0.632
12:00:52 [super]   #1500  0x1c3dc2273d64ebe2a99fa39dd8883130c8792ff5  prob=0.0395 (raw=0.0504)  vol=$124  trades=5  first_trade=2026-02-08 11:04  winrate=0.688  n_markets_traded=276.000  herfindahl_index_markets=0.009
12:00:52 [super]   #1501  0x6e3f3c0913b42882878adc36c1c0ab8391ff4403  prob=0.0395 (raw=0.0504)  vol=$2  trades=2  first_trade=2025-10-04 08:27  winrate=0.478  n_markets_traded=23.000  herfindahl_index_markets=0.057
12:00:52 [super]   #1502  0x00d42897cd1b6eb2c90d0f274601ff1ac76bfc37  prob=0.0395 (raw=0.0503)  vol=$2,004  trades=8  first_trade=2026-02-09 22:50  winrate=0.294  n_markets_traded=17.000  herfindahl_index_markets=0.087
12:00:52 [super]   #1503  0xf6ce756199089cee8edeff41a51a1c8f11e14aa3  prob=0.0395 (raw=0.0503)  vol=$105  trades=2  first_trade=2026-02-06 16:09  winrate=0.375  n_markets_traded=24.000  herfindahl_index_markets=0.758
12:00:52 [super]   #1504  0xb5f3ce5ad055e68fded88d435be6c0a0680f01ea  prob=0.0394 (raw=0.0502)  vol=$2  trades=2  first_trade=2026-01-19 17:13  winrate=0.000  n_markets_traded=19.000  herfindahl_index_markets=0.092
12:00:52 [super]   #1505  0x495a85d0b1847975febab17b965404f4aee6bc89  prob=0.0394 (raw=0.0501)  vol=$1,668  trades=12  first_trade=2026-02-09 07:49  winrate=0.224  n_markets_traded=170.000  herfindahl_index_markets=0.018
12:00:52 [super]   #1506  0x020f5290d1d93b2112b4522d5b6d93ed05a0e568  prob=0.0394 (raw=0.0501)  vol=$8  trades=2  first_trade=2026-02-08 20:42  winrate=0.286  n_markets_traded=7.000  herfindahl_index_markets=0.143
12:00:52 [super]   #1507  0x26f5bb02a9a54fd3f8695c59da6fd8dbeae2423e  prob=0.0394 (raw=0.0501)  vol=$501  trades=4  first_trade=2026-02-09 16:21  winrate=0.207  n_markets_traded=140.000  herfindahl_index_markets=0.028
12:00:52 [super]   #1508  0x03d0d65c51235e63805335b85ead75794830d647  prob=0.0394 (raw=0.0499)  vol=$98  trades=15  first_trade=2026-01-11 10:02  winrate=NaN  n_markets_traded=0.000  herfindahl_index_markets=0.000
12:00:52 [super]   #1509  0xe581eed144dfed7d549218e2c07bba40b9929f7d  prob=0.0394 (raw=0.0497)  vol=$3  trades=4  first_trade=2026-02-09 09:07  winrate=0.000  n_markets_traded=27.000  herfindahl_index_markets=0.211
12:00:52 [super]   #1510  0xe35ad4ebe7b611c470da91b29527ff4dad1ee615  prob=0.0393 (raw=0.0494)  vol=$6,229  trades=15  first_trade=2026-02-09 02:20  winrate=0.233  n_markets_traded=60.000  herfindahl_index_markets=0.070
12:00:52 [super]   #1511  0xc2be26bca8c3cba9f23c556768c5905da88766b0  prob=0.0393 (raw=0.0493)  vol=$81  trades=6  first_trade=2026-02-08 12:29  winrate=0.124  n_markets_traded=112.000  herfindahl_index_markets=0.036
12:00:52 [super]   #1512  0xbd75e8eeaa022577651f02e09625c55d4097ae75  prob=0.0393 (raw=0.0493)  vol=$40  trades=3  first_trade=2026-02-08 07:21  winrate=0.589  n_markets_traded=56.000  herfindahl_index_markets=0.036
12:00:52 [super]   #1513  0x83a859e3a21f9655b44a4bc8045108a85e4cf6e9  prob=0.0393 (raw=0.0493)  vol=$16  trades=2  first_trade=2026-02-09 01:15  winrate=0.562  n_markets_traded=16.000  herfindahl_index_markets=0.142
12:00:52 [super]   #1514  0x5264c0d33652a3b93d94356877dd3b77c28954ce  prob=0.0393 (raw=0.0492)  vol=$152  trades=6  first_trade=2026-02-08 23:48  winrate=NaN  n_markets_traded=0.000  herfindahl_index_markets=0.000
12:00:52 [super]   #1515  0xba68ad779eb4ce3420d72b06e69fa0f8417bdc3a  prob=0.0393 (raw=0.0491)  vol=$3  trades=4  first_trade=2026-02-09 09:07  winrate=0.000  n_markets_traded=27.000  herfindahl_index_markets=0.205
12:00:52 [super]   #1516  0xca4b8c2be96f0ea1f86225c5e8dc0c8a587986e7  prob=0.0393 (raw=0.0491)  vol=$3  trades=4  first_trade=2026-02-09 09:07  winrate=0.000  n_markets_traded=27.000  herfindahl_index_markets=0.204
12:00:52 [super]   #1517  0x176ef6648e322d7be993c2cbd55d4916046719a5  prob=0.0393 (raw=0.0491)  vol=$3  trades=4  first_trade=2026-02-09 09:07  winrate=0.000  n_markets_traded=27.000  herfindahl_index_markets=0.195
12:00:52 [super]   #1518  0x5cbbe09c9efa2462fba40757b36486e93d0474a2  prob=0.0393 (raw=0.0491)  vol=$3  trades=4  first_trade=2026-02-09 09:07  winrate=0.000  n_markets_traded=27.000  herfindahl_index_markets=0.186
12:00:52 [super]   #1519  0x1cf3500aba0bcf01c78423139ba83c781241308c  prob=0.0393 (raw=0.0491)  vol=$3  trades=4  first_trade=2026-02-09 09:07  winrate=0.000  n_markets_traded=27.000  herfindahl_index_markets=0.189
12:00:52 [super]   #1520  0x3f42c0e48a442eb6341be4e7709fc8c8083d8cbb  prob=0.0393 (raw=0.0491)  vol=$3  trades=4  first_trade=2026-02-09 08:47  winrate=0.000  n_markets_traded=30.000  herfindahl_index_markets=0.186
12:00:52 [super]   #1521  0xecb14ac6e9ca447ce2f2912e6217b43d7b655da3  prob=0.0393 (raw=0.0491)  vol=$38,420  trades=53  first_trade=2026-01-25 06:17  winrate=NaN  n_markets_traded=0.000  herfindahl_index_markets=0.000
12:00:52 [super]   #1522  0x887cc02bd9766e721513bac28f003301342d6cae  prob=0.0393 (raw=0.0491)  vol=$536  trades=2  first_trade=2026-02-09 12:28  winrate=0.769  n_markets_traded=13.000  herfindahl_index_markets=0.143
12:00:52 [super]   #1523  0x79c1d4e4ab909ed1022022cec60b9e959b7f497d  prob=0.0393 (raw=0.0490)  vol=$758  trades=40  first_trade=2026-01-10 15:48  winrate=NaN  n_markets_traded=0.000  herfindahl_index_markets=0.000
12:00:52 [super]   #1524  0x98f8ddb86408cd01071aa96befaca4d23eb5a84c  prob=0.0393 (raw=0.0490)  vol=$74  trades=6  first_trade=2026-02-09 00:41  winrate=0.600  n_markets_traded=5.000  herfindahl_index_markets=0.393
12:00:52 [super]   #1525  0x33ec2d2541db5681d6a436d587663ccf312b4526  prob=0.0393 (raw=0.0490)  vol=$2  trades=2  first_trade=2026-02-05 10:26  winrate=NaN  n_markets_traded=0.000  herfindahl_index_markets=0.000
12:00:52 [super]   #1526  0x55a6e4f2882e59c32c2b2d6794cddb3b839ee7a2  prob=0.0393 (raw=0.0490)  vol=$3  trades=4  first_trade=2026-02-09 09:07  winrate=0.038  n_markets_traded=26.000  herfindahl_index_markets=0.222
12:00:52 [super]   #1527  0xc678008fec7e7c1c2b58be2d8e4463d877de5d37  prob=0.0393 (raw=0.0490)  vol=$3  trades=4  first_trade=2026-02-09 08:47  winrate=0.033  n_markets_traded=30.000  herfindahl_index_markets=0.222
12:00:52 [super]   #1528  0x2c894aad3e252245281bb97b84707cb377a161fd  prob=0.0392 (raw=0.0488)  vol=$333  trades=2  first_trade=2026-02-09 07:47  winrate=0.135  n_markets_traded=148.000  herfindahl_index_markets=0.022
12:00:52 [super]   #1529  0xd6519329b48b2a87691bf7a2dcad63ebc185c8a1  prob=0.0392 (raw=0.0487)  vol=$20  trades=4  first_trade=2026-02-09 12:11  winrate=0.467  n_markets_traded=15.000  herfindahl_index_markets=0.158
12:00:52 [super]   #1530  0x412f673accd30df98d37a34319b574e576b6019d  prob=0.0392 (raw=0.0486)  vol=$231  trades=16  first_trade=2026-02-09 01:55  winrate=NaN  n_markets_traded=0.000  herfindahl_index_markets=0.000
12:00:52 [super]   #1531  0x9c87e45bb60c39a2f90361c200bed15b831aa0f8  prob=0.0392 (raw=0.0486)  vol=$4  trades=2  first_trade=2026-01-15 16:44  winrate=0.050  n_markets_traded=20.000  herfindahl_index_markets=0.061
12:00:52 [super]   #1532  0x7a7e4acdc71eff1e431881afe29cfefba76eb694  prob=0.0392 (raw=0.0485)  vol=$36  trades=3  first_trade=2026-02-05 14:49  winrate=0.167  n_markets_traded=12.000  herfindahl_index_markets=0.891
12:00:52 [super]   #1533  0xec3ab7f7b240e61434b66e18c004353976dfa709  prob=0.0392 (raw=0.0485)  vol=$28,684  trades=76  first_trade=2026-02-09 01:35  winrate=NaN  n_markets_traded=0.000  herfindahl_index_markets=0.000
12:00:52 [super]   #1534  0x6366654c142278500fc75184b683051b7f67a001  prob=0.0392 (raw=0.0485)  vol=$2  trades=3  first_trade=2026-02-09 02:13  winrate=0.188  n_markets_traded=16.000  herfindahl_index_markets=0.232
12:00:52 [super]   #1535  0x5d8c492c9a059c9f85532336591c548eb9bb07e6  prob=0.0391 (raw=0.0482)  vol=$21  trades=2  first_trade=2026-02-08 11:19  winrate=0.045  n_markets_traded=87.000  herfindahl_index_markets=0.035
12:00:52 [super]   #1536  0x23d0096466a3d8382a9ea29423be77d6aad458e4  prob=0.0391 (raw=0.0481)  vol=$229  trades=8  first_trade=2026-02-08 23:56  winrate=0.250  n_markets_traded=12.000  herfindahl_index_markets=0.153
12:00:52 [super]   #1537  0xb8e69b66c2a4d26db7b602d8f170dfb46b8f9767  prob=0.0391 (raw=0.0481)  vol=$77  trades=4  first_trade=2026-02-09 01:44  winrate=0.190  n_markets_traded=20.000  herfindahl_index_markets=0.238
12:00:52 [super]   #1538  0x4a202dd831670e4b2945389e2f32bda544f33eb9  prob=0.0391 (raw=0.0479)  vol=$6  trades=2  first_trade=2026-02-08 17:48  winrate=0.000  n_markets_traded=52.000  herfindahl_index_markets=0.022
12:00:52 [super]   #1539  0x69972e7514927be0a1f629e0fb3bf9f2b4caf005  prob=0.0390 (raw=0.0476)  vol=$667  trades=4  first_trade=2026-02-09 14:01  winrate=0.000  n_markets_traded=10.000  herfindahl_index_markets=0.214
12:00:52 [super]   #1540  0x5101dfc7bd9e65588b94678b1d02a15c54ea4a4f  prob=0.0390 (raw=0.0476)  vol=$6  trades=4  first_trade=2026-01-31 22:39  winrate=NaN  n_markets_traded=0.000  herfindahl_index_markets=0.000
12:00:52 [super]   #1541  0x31bbd457c16908732a2a7d2e672b4f4b2582ed19  prob=0.0390 (raw=0.0475)  vol=$3  trades=4  first_trade=2026-02-09 09:07  winrate=0.038  n_markets_traded=26.000  herfindahl_index_markets=0.207
12:00:52 [super]   #1542  0x75d3d1e45bc336a66b8f79be87eaf41db860a63c  prob=0.0390 (raw=0.0475)  vol=$3  trades=4  first_trade=2026-02-09 08:47  winrate=0.032  n_markets_traded=31.000  herfindahl_index_markets=0.189
12:00:52 [super]   #1543  0x10df1cf36653da12cff1f3725e12a7b4644e04a9  prob=0.0390 (raw=0.0475)  vol=$1,371  trades=19  first_trade=2026-02-06 06:24  winrate=0.288  n_markets_traded=52.000  herfindahl_index_markets=0.075
12:00:52 [super]   #1544  0x7a82317cda83e6244df4fb1879cee6b080657379  prob=0.0390 (raw=0.0474)  vol=$150  trades=4  first_trade=2026-02-09 03:58  winrate=0.800  n_markets_traded=30.000  herfindahl_index_markets=0.068
12:00:52 [super]   #1545  0x97c24d5d93c8fef969e991ec35082ad191f755d6  prob=0.0390 (raw=0.0474)  vol=$683  trades=163  first_trade=2026-01-19 17:39  winrate=NaN  n_markets_traded=0.000  herfindahl_index_markets=0.000
12:00:52 [super]   #1546  0xba11232d8f8446bb171607bfb30e1f5967a24d7e  prob=0.0390 (raw=0.0474)  vol=$2  trades=2  first_trade=2025-12-06 05:27  winrate=0.143  n_markets_traded=42.000  herfindahl_index_markets=0.032
12:00:52 [super]   #1547  0x32b4fc051a9150694ea0c8f451b6e960e6001b76  prob=0.0390 (raw=0.0473)  vol=$899  trades=12  first_trade=2026-01-29 08:56  winrate=0.227  n_markets_traded=22.000  herfindahl_index_markets=0.059
12:00:52 [super]   #1548  0x39063a8d47e2a90a7b682d6a5b8c112ee3577556  prob=0.0390 (raw=0.0473)  vol=$31,812  trades=114  first_trade=2026-02-07 21:41  winrate=0.261  n_markets_traded=23.000  herfindahl_index_markets=0.124
12:00:52 [super]   #1549  0x38403f3637ecc4dda7f4fcfaff7867575f982917  prob=0.0389 (raw=0.0471)  vol=$1,000  trades=2  first_trade=2026-02-11 02:25  winrate=0.000  n_markets_traded=8.000  herfindahl_index_markets=0.172
12:00:52 [super]   #1550  0x27b5ecf4258f916076496ff97b675581fef22418  prob=0.0389 (raw=0.0471)  vol=$47  trades=3  first_trade=2026-02-09 00:05  winrate=0.500  n_markets_traded=2.000  herfindahl_index_markets=0.502
12:00:52 [super]   #1551  0x1ef9a73c5fcfb418537bf76e0b2a131af6d4c134  prob=0.0389 (raw=0.0470)  vol=$2,425  trades=40  first_trade=2026-01-19 00:11  winrate=0.000  n_markets_traded=1.000  herfindahl_index_markets=1.000
12:00:52 [super]   #1552  0x8d987f1ef2a7b66903fa31962628215a5a91f3de  prob=0.0389 (raw=0.0469)  vol=$50  trades=6  first_trade=2026-02-09 10:51  winrate=0.197  n_markets_traded=71.000  herfindahl_index_markets=0.095
12:00:52 [super]   #1553  0x807d6a5a57c7c7bafdcf17623b241a3cf0f61e89  prob=0.0389 (raw=0.0469)  vol=$3,705  trades=21  first_trade=2026-02-08 17:10  winrate=0.365  n_markets_traded=96.000  herfindahl_index_markets=0.108
12:00:52 [super]   #1554  0x2db1cc9db5389ec6d262783282348a17949ec9ae  prob=0.0389 (raw=0.0468)  vol=$46  trades=4  first_trade=2026-02-07 22:19  winrate=0.000  n_markets_traded=6.000  herfindahl_index_markets=0.187
12:00:52 [super]   #1555  0xc8aeea557036fbb49ab54c2dfd966c661fc8f471  prob=0.0389 (raw=0.0468)  vol=$7,905  trades=82  first_trade=2025-12-16 04:10  winrate=NaN  n_markets_traded=0.000  herfindahl_index_markets=0.000
12:00:52 [super]   #1556  0xdd5383ae2b22388d1ce39e051afe3a534dc5933c  prob=0.0389 (raw=0.0467)  vol=$280  trades=6  first_trade=2026-02-09 03:35  winrate=0.329  n_markets_traded=224.000  herfindahl_index_markets=0.028
12:00:52 [super]   #1557  0xc443d3a18f113af8c77408318e9fbd979939bbdb  prob=0.0389 (raw=0.0465)  vol=$7,020  trades=9  first_trade=2026-02-06 20:40  winrate=0.618  n_markets_traded=123.000  herfindahl_index_markets=0.042
12:00:52 [super]   #1558  0x55291dc2069439a6de5c93a9bec8da2215a9e5b9  prob=0.0388 (raw=0.0464)  vol=$96  trades=4  first_trade=2026-02-04 23:34  winrate=NaN  n_markets_traded=0.000  herfindahl_index_markets=0.000
12:00:52 [super]   #1559  0xaddffa684a9dd85e1b7d265f2d28776d55a5ce76  prob=0.0388 (raw=0.0463)  vol=$1,116  trades=9  first_trade=2026-02-09 01:54  winrate=0.429  n_markets_traded=7.000  herfindahl_index_markets=0.170
12:00:52 [super]   #1560  0x92ef286db7d228287a61bcb3aac9bee5a78821a5  prob=0.0388 (raw=0.0462)  vol=$15  trades=4  first_trade=2026-02-09 03:43  winrate=0.167  n_markets_traded=12.000  herfindahl_index_markets=0.194
12:00:52 [super]   #1561  0x9f300e1b1b086290fa04c4c8f40cb6a10e95bb5a  prob=0.0388 (raw=0.0461)  vol=$37  trades=2  first_trade=2026-02-09 02:56  winrate=0.882  n_markets_traded=68.000  herfindahl_index_markets=0.033
12:00:52 [super]   #1562  0x7a2ca1f32ee4a9c005959ce7d3f3d6264f62e273  prob=0.0388 (raw=0.0461)  vol=$7  trades=2  first_trade=2026-02-09 03:14  winrate=0.462  n_markets_traded=198.000  herfindahl_index_markets=0.020
12:00:52 [super]   #1563  0x7cab71c8d872b60302db68dcdf53c0e276b61d6c  prob=0.0388 (raw=0.0459)  vol=$9  trades=2  first_trade=2026-02-01 22:45  winrate=0.406  n_markets_traded=202.000  herfindahl_index_markets=0.013
12:00:52 [super]   #1564  0x0e2cc652e8f987820efc26dc988de884e3069294  prob=0.0388 (raw=0.0459)  vol=$112  trades=11  first_trade=2026-02-09 02:07  winrate=NaN  n_markets_traded=0.000  herfindahl_index_markets=0.000
12:00:52 [super]   #1565  0x4237825b09afd8e744bbbf023de6d5a47f42cbfd  prob=0.0387 (raw=0.0458)  vol=$2,292  trades=20  first_trade=2026-02-07 07:10  winrate=0.200  n_markets_traded=5.000  herfindahl_index_markets=0.445
12:00:52 [super]   #1566  0x8f5946702d5d42b85ea660e145dbbb8031c63b40  prob=0.0387 (raw=0.0457)  vol=$4,780  trades=14  first_trade=2026-02-09 01:30  winrate=0.529  n_markets_traded=51.000  herfindahl_index_markets=0.055
12:00:52 [super]   #1567  0x1835ea8b147157e90c298c550f3f0f4d8543b828  prob=0.0387 (raw=0.0456)  vol=$54,863  trades=57  first_trade=2026-02-08 11:48  winrate=0.770  n_markets_traded=74.000  herfindahl_index_markets=0.053
12:00:52 [super]   #1568  0x56cafbef9bd6fbe466676d87f7e711f96197859d  prob=0.0387 (raw=0.0455)  vol=$12  trades=4  first_trade=2026-02-08 22:23  winrate=0.353  n_markets_traded=17.000  herfindahl_index_markets=0.067
12:00:52 [super]   #1569  0xbf1e1e3e1b38e716d50094eb08a849dcf9b00a48  prob=0.0387 (raw=0.0455)  vol=$13  trades=3  first_trade=2026-02-03 09:50  winrate=0.295  n_markets_traded=209.000  herfindahl_index_markets=0.027
12:00:52 [super]   #1570  0xd2d1f8106602d8fdee8bf8518d26a9b44d54aa33  prob=0.0386 (raw=0.0451)  vol=$1,193  trades=5  first_trade=2026-02-09 05:32  winrate=0.391  n_markets_traded=23.000  herfindahl_index_markets=0.168
12:00:52 [super]   #1571  0x0fd42689071977a4be7c189810d5fea66cb1bb85  prob=0.0386 (raw=0.0450)  vol=$2  trades=2  first_trade=2026-02-09 02:32  winrate=0.500  n_markets_traded=106.000  herfindahl_index_markets=0.055
12:00:52 [super]   #1572  0x71a4829efbba0f90ab7099338fba6c33b556cd31  prob=0.0386 (raw=0.0450)  vol=$3,996  trades=2  first_trade=2026-02-09 09:36  winrate=0.650  n_markets_traded=159.000  herfindahl_index_markets=0.011
12:00:52 [super]   #1573  0x643f0fad9d90bf0a9ebf6a9bbebd134b58b192c6  prob=0.0386 (raw=0.0450)  vol=$13  trades=6  first_trade=2026-02-08 23:19  winrate=0.210  n_markets_traded=81.000  herfindahl_index_markets=0.063
12:00:52 [super]   #1574  0x89007d1feac2068c09afd7b71c2a105a11b091a1  prob=0.0386 (raw=0.0449)  vol=$31  trades=4  first_trade=2026-01-19 14:09  winrate=0.333  n_markets_traded=18.000  herfindahl_index_markets=0.216
12:00:52 [super]   #1575  0x197e870b158270e9d93662c76e1bb055642bee3e  prob=0.0386 (raw=0.0448)  vol=$3,108  trades=3  first_trade=2026-02-09 22:50  winrate=0.667  n_markets_traded=42.000  herfindahl_index_markets=0.107
12:00:52 [super]   #1576  0x85b751ee03b0f576e4c81523ac1a8d041c93b725  prob=0.0386 (raw=0.0448)  vol=$24  trades=4  first_trade=2026-02-08 21:46  winrate=0.000  n_markets_traded=3.000  herfindahl_index_markets=0.594
12:00:52 [super]   #1577  0xb37fd5d73b4e48cde5db5a37d55a337d45cfdcba  prob=0.0386 (raw=0.0448)  vol=$58  trades=4  first_trade=2026-02-08 19:51  winrate=0.000  n_markets_traded=3.000  herfindahl_index_markets=0.462
12:00:52 [super]   #1578  0xc372cc54c56638c1ca07b6b87665247e7ac73b5c  prob=0.0386 (raw=0.0448)  vol=$889  trades=11  first_trade=2026-02-09 01:41  winrate=0.294  n_markets_traded=17.000  herfindahl_index_markets=0.267
12:00:52 [super]   #1579  0x894bee76a5b9b0cda64aa5acd11fd8528c4793cc  prob=0.0385 (raw=0.0445)  vol=$21  trades=6  first_trade=2026-01-21 20:07  winrate=NaN  n_markets_traded=0.000  herfindahl_index_markets=0.000
12:00:52 [super]   #1580  0x53f408364f77b796ffcfa905ea85fb095fd70e38  prob=0.0385 (raw=0.0442)  vol=$98  trades=5  first_trade=2026-02-08 20:15  winrate=0.496  n_markets_traded=119.000  herfindahl_index_markets=0.024
12:00:52 [super]   #1581  0xb9e595c617cebeec6533d6c59b5aaa3580d1eb6a  prob=0.0385 (raw=0.0441)  vol=$126  trades=3  first_trade=2026-02-09 00:43  winrate=0.350  n_markets_traded=103.000  herfindahl_index_markets=0.028
12:00:52 [super]   #1582  0x39b6136fb244c65205699bf98326d77c324be6e7  prob=0.0385 (raw=0.0440)  vol=$310  trades=17  first_trade=2026-02-08 00:55  winrate=0.393  n_markets_traded=56.000  herfindahl_index_markets=0.032
12:00:52 [super]   #1583  0x45a5efd1887016d49f33140cdc12f7c8bff74f2f  prob=0.0384 (raw=0.0438)  vol=$10  trades=3  first_trade=2026-01-25 19:38  winrate=0.347  n_markets_traded=242.000  herfindahl_index_markets=0.010
12:00:52 [super]   #1584  0x6fee007c6c850d5f706b3d413a066da0072a5a90  prob=0.0384 (raw=0.0435)  vol=$765  trades=19  first_trade=2026-02-09 01:31  winrate=0.603  n_markets_traded=151.000  herfindahl_index_markets=0.019
12:00:52 [super]   #1585  0xc21c42a11374cba3f213b4268e3963e7aac8c2ce  prob=0.0384 (raw=0.0435)  vol=$3  trades=4  first_trade=2026-02-09 08:47  winrate=0.032  n_markets_traded=31.000  herfindahl_index_markets=0.182
12:00:52 [super]   #1586  0x8f6bb57fae54642efc91169cccbbcca266feacc8  prob=0.0384 (raw=0.0434)  vol=$3  trades=4  first_trade=2026-02-09 08:47  winrate=0.000  n_markets_traded=31.000  herfindahl_index_markets=0.180
12:00:52 [super]   #1587  0x46953130aa965e5f5c61fd261c81177328ab9d51  prob=0.0384 (raw=0.0434)  vol=$314  trades=36  first_trade=2026-02-02 22:47  winrate=0.000  n_markets_traded=2.000  herfindahl_index_markets=0.501
12:00:52 [super]   #1588  0x185d25d7ed97cabaea529a7b77c6e7bfff484cb4  prob=0.0384 (raw=0.0434)  vol=$165  trades=64  first_trade=2026-01-27 15:06  winrate=0.000  n_markets_traded=9.000  herfindahl_index_markets=0.167
12:00:52 [super]   #1589  0x7325c7a761ed4118ed0fb97a66ebe4b78c7e0574  prob=0.0384 (raw=0.0434)  vol=$1,694  trades=8  first_trade=2026-02-08 05:12  winrate=0.300  n_markets_traded=10.000  herfindahl_index_markets=0.132
12:00:52 [super]   #1590  0x6df1bd42411b29f0d263f58da72c9efdfa54ea12  prob=0.0383 (raw=0.0433)  vol=$9,139  trades=10  first_trade=2026-02-08 20:33  winrate=NaN  n_markets_traded=0.000  herfindahl_index_markets=0.000
12:00:52 [super]   #1591  0xdf55f855dd4d4f1c9a0a119d559abb556aa1adef  prob=0.0383 (raw=0.0432)  vol=$51  trades=8  first_trade=2026-02-08 21:24  winrate=0.444  n_markets_traded=18.000  herfindahl_index_markets=0.133
12:00:52 [super]   #1592  0x38901806928c4603113d08d470d123d728ae41a3  prob=0.0383 (raw=0.0432)  vol=$215  trades=4  first_trade=2026-01-27 17:19  winrate=NaN  n_markets_traded=0.000  herfindahl_index_markets=0.000
12:00:52 [super]   #1593  0xf0fc49ea3e0b72f8bfa2b790ac5682f77317d015  prob=0.0383 (raw=0.0431)  vol=$10  trades=4  first_trade=2026-02-09 00:09  winrate=0.167  n_markets_traded=12.000  herfindahl_index_markets=0.176
12:00:52 [super]   #1594  0xc63a2c66b5d008d428872598533ffa47780b6fc0  prob=0.0383 (raw=0.0431)  vol=$740  trades=8  first_trade=2026-02-08 03:23  winrate=0.546  n_markets_traded=260.000  herfindahl_index_markets=0.021
12:00:52 [super]   #1595  0x4c2fc154b1eb62a9c00c7ad1010feacc356a2d72  prob=0.0383 (raw=0.0431)  vol=$360  trades=6  first_trade=2026-02-09 01:00  winrate=0.067  n_markets_traded=15.000  herfindahl_index_markets=0.103
12:00:52 [super]   #1596  0x0df3c4a07d5a249c5a6cca02120a4e190e6b53d7  prob=0.0383 (raw=0.0430)  vol=$122  trades=2  first_trade=2026-02-08 23:37  winrate=0.517  n_markets_traded=89.000  herfindahl_index_markets=0.062
12:00:52 [super]   #1597  0x1025715463f1a03eee132741640d29081f2a6264  prob=0.0383 (raw=0.0428)  vol=$3  trades=2  first_trade=2026-02-09 03:21  winrate=0.255  n_markets_traded=47.000  herfindahl_index_markets=0.101
12:00:52 [super]   #1598  0x23ba33f91348658d714bd43edaafc4f131be49cc  prob=0.0382 (raw=0.0426)  vol=$52  trades=4  first_trade=2026-01-29 01:59  winrate=0.056  n_markets_traded=71.000  herfindahl_index_markets=0.105
12:00:52 [super]   #1599  0xe2b2e2e26aaddf26a30f576800a798377af7efa9  prob=0.0382 (raw=0.0426)  vol=$25  trades=2  first_trade=2026-01-27 17:41  winrate=0.045  n_markets_traded=22.000  herfindahl_index_markets=0.068
12:00:52 [super]   #1600  0x92a6294cd55b9c6ccd57efaffc365ad943118b84  prob=0.0382 (raw=0.0425)  vol=$179,139  trades=141  first_trade=2026-02-09 01:44  winrate=NaN  n_markets_traded=0.000  herfindahl_index_markets=0.000
12:00:52 [super]   #1601  0xae8c0a7928da80db160aafb1ddb33103539593cd  prob=0.0382 (raw=0.0425)  vol=$29,617  trades=82  first_trade=2026-02-08 03:22  winrate=0.471  n_markets_traded=240.000  herfindahl_index_markets=0.018
12:00:52 [super]   #1602  0x1d5c087a82ba920af944000c0b6751c949f94f26  prob=0.0382 (raw=0.0425)  vol=$1,351  trades=4  first_trade=2026-02-09 00:03  winrate=NaN  n_markets_traded=0.000  herfindahl_index_markets=0.000
12:00:52 [super]   #1603  0xef14cb4d77c0ac350c6e6ef38b73d7bfa657a90f  prob=0.0382 (raw=0.0424)  vol=$27  trades=4  first_trade=2026-02-09 03:19  winrate=0.760  n_markets_traded=256.000  herfindahl_index_markets=0.026
12:00:52 [super]   #1604  0xb5055c797230e70df0956f7e1e393d5c1f88b066  prob=0.0382 (raw=0.0422)  vol=$3  trades=4  first_trade=2026-02-09 08:47  winrate=0.000  n_markets_traded=30.000  herfindahl_index_markets=0.173
12:00:52 [super]   #1605  0x01d817962f115ceb2f1ad885fd5946e606efb071  prob=0.0382 (raw=0.0421)  vol=$19  trades=10  first_trade=2026-02-08 06:22  winrate=NaN  n_markets_traded=0.000  herfindahl_index_markets=0.000
12:00:52 [super]   #1606  0x264485e630b7c73e41c9b9a7a157802229c94147  prob=0.0382 (raw=0.0421)  vol=$85  trades=3  first_trade=2026-02-09 02:40  winrate=0.377  n_markets_traded=77.000  herfindahl_index_markets=0.032
12:00:52 [super]   #1607  0xf66e557aa64921b45b96ba8c8a71bc9179be2196  prob=0.0381 (raw=0.0420)  vol=$3  trades=4  first_trade=2026-02-09 08:47  winrate=0.065  n_markets_traded=31.000  herfindahl_index_markets=0.178
12:00:52 [super]   #1608  0xf7514884847d9ecdea7103178b3348fb38263041  prob=0.0381 (raw=0.0419)  vol=$30  trades=4  first_trade=2026-01-20 23:02  winrate=0.000  n_markets_traded=15.000  herfindahl_index_markets=0.088
12:00:52 [super]   #1609  0x9e83dbba95375e3e5b540c6e67b8cbcfee912bea  prob=0.0381 (raw=0.0419)  vol=$909  trades=4  first_trade=2026-02-09 03:29  winrate=0.316  n_markets_traded=19.000  herfindahl_index_markets=0.150
12:00:52 [super]   #1610  0x9e8ecc4cb3c4e48f544cba2fbbb252a6a65e8db8  prob=0.0381 (raw=0.0417)  vol=$5,903  trades=37  first_trade=2026-02-08 03:21  winrate=NaN  n_markets_traded=0.000  herfindahl_index_markets=0.000
12:00:52 [super]   #1611  0xb9203c657b696bfdc6e765c95804d40531a37922  prob=0.0381 (raw=0.0417)  vol=$169  trades=25  first_trade=2026-02-07 18:47  winrate=NaN  n_markets_traded=0.000  herfindahl_index_markets=0.000
12:00:52 [super]   #1612  0x6bab41a0dc40d6dd4c1a915b8c01969479fd1292  prob=0.0381 (raw=0.0416)  vol=$3,554  trades=5  first_trade=2026-02-09 02:09  winrate=NaN  n_markets_traded=0.000  herfindahl_index_markets=0.000
12:00:52 [super]   #1613  0x0e98ea943f5141ac4e2ef237ce89a42c18c2ac6b  prob=0.0381 (raw=0.0415)  vol=$63  trades=3  first_trade=2026-02-09 02:43  winrate=0.442  n_markets_traded=43.000  herfindahl_index_markets=0.067
12:00:52 [super]   #1614  0xd0ed72b761074340df4d3ee4bda0c87f45453928  prob=0.0381 (raw=0.0415)  vol=$2  trades=2  first_trade=2026-02-08 21:01  winrate=0.556  n_markets_traded=27.000  herfindahl_index_markets=0.056
12:00:52 [super]   #1615  0xd34e64c27f0766f4cf5f10ea62d7ba43bfc4c973  prob=0.0381 (raw=0.0414)  vol=$9  trades=2  first_trade=2026-02-07 02:23  winrate=0.000  n_markets_traded=3.000  herfindahl_index_markets=0.519
12:00:52 [super]   #1616  0xc6ffd3b7be81c151bb804b5e4122f7cff55f1f90  prob=0.0380 (raw=0.0414)  vol=$448  trades=4  first_trade=2026-02-09 02:27  winrate=0.727  n_markets_traded=22.000  herfindahl_index_markets=0.062
12:00:52 [super]   #1617  0xb4089400e90f92b62f2e20111df6e04a60f5fcb1  prob=0.0380 (raw=0.0412)  vol=$2  trades=2  first_trade=2026-02-08 11:59  winrate=0.083  n_markets_traded=12.000  herfindahl_index_markets=0.126
12:00:52 [super]   #1618  0x636a46245bff61c2f146eaa62e8b2d72b7101955  prob=0.0380 (raw=0.0411)  vol=$2  trades=2  first_trade=2026-02-08 19:46  winrate=0.250  n_markets_traded=16.000  herfindahl_index_markets=0.063
12:00:52 [super]   #1619  0xd6768651717e4b264012c3d4d9b56bc8a4194c79  prob=0.0380 (raw=0.0411)  vol=$57  trades=2  first_trade=2026-02-08 23:48  winrate=0.367  n_markets_traded=60.000  herfindahl_index_markets=0.037
12:00:52 [super]   #1620  0x3302e26e4c7295f66101d18c264f19f88b6a253d  prob=0.0380 (raw=0.0411)  vol=$12  trades=2  first_trade=2026-02-04 11:23  winrate=0.250  n_markets_traded=12.000  herfindahl_index_markets=0.110
12:00:52 [super]   #1621  0x561eb797e33a5acc2a06a454dcbff55103f06584  prob=0.0380 (raw=0.0411)  vol=$10  trades=2  first_trade=2026-02-09 01:23  winrate=0.333  n_markets_traded=12.000  herfindahl_index_markets=0.122
12:00:52 [super]   #1622  0x997786f6c9c1f960d4f0be70d69d59316e75ddb5  prob=0.0380 (raw=0.0411)  vol=$113  trades=4  first_trade=2026-02-09 09:03  winrate=0.471  n_markets_traded=34.000  herfindahl_index_markets=0.145
12:00:52 [super]   #1623  0x3969b3ec94f4490816ccde65fae1cf8e1f246e2c  prob=0.0380 (raw=0.0409)  vol=$79  trades=19  first_trade=2025-10-18 06:02  winrate=NaN  n_markets_traded=0.000  herfindahl_index_markets=0.000
12:00:52 [super]   #1624  0x60b0226a7ac15e822cbfb7014bb0a6724ce34568  prob=0.0380 (raw=0.0408)  vol=$3  trades=4  first_trade=2026-02-09 08:47  winrate=0.033  n_markets_traded=30.000  herfindahl_index_markets=0.166
12:00:52 [super]   #1625  0xb562ec0c8f9e59ae1b10af9647d4fffa3a6deae9  prob=0.0379 (raw=0.0407)  vol=$7  trades=2  first_trade=2026-01-10 11:07  winrate=0.000  n_markets_traded=8.000  herfindahl_index_markets=0.475
12:00:52 [super]   #1626  0xb4fc3b8dfa7e5966df6d7ed8932e87eb46aaa926  prob=0.0379 (raw=0.0407)  vol=$211  trades=6  first_trade=2026-02-08 20:40  winrate=NaN  n_markets_traded=0.000  herfindahl_index_markets=0.000
12:00:52 [super]   #1627  0xea984df02919ca87721731fedd8e86ddf27bd11c  prob=0.0379 (raw=0.0405)  vol=$36  trades=3  first_trade=2026-02-08 19:42  winrate=0.077  n_markets_traded=13.000  herfindahl_index_markets=0.105
12:00:52 [super]   #1628  0xbd0cda9dc6e306b86dee9c6b40c18250d3bc2c5a  prob=0.0379 (raw=0.0404)  vol=$267  trades=3  first_trade=2026-02-09 12:10  winrate=0.781  n_markets_traded=32.000  herfindahl_index_markets=0.060
12:00:52 [super]   #1629  0x17190ded4184bc434ae7ca70f9caf87fda815cea  prob=0.0379 (raw=0.0404)  vol=$613  trades=36  first_trade=2026-01-21 19:32  winrate=NaN  n_markets_traded=0.000  herfindahl_index_markets=0.000
12:00:52 [super]   #1630  0x03b3dd36e198348de5309d3de951b6ba35e89f46  prob=0.0379 (raw=0.0404)  vol=$10  trades=2  first_trade=2026-02-09 03:50  winrate=0.500  n_markets_traded=18.000  herfindahl_index_markets=0.148
12:00:52 [super]   #1631  0xb40e89677d59665d5188541ad860450a6e2a7cc9  prob=0.0379 (raw=0.0404)  vol=$79,815  trades=1371  first_trade=2026-01-19 04:12  winrate=NaN  n_markets_traded=0.000  herfindahl_index_markets=0.000
12:00:52 [super]   #1632  0xb52e8ca5d53921c4b4480a37262b094a983d9010  prob=0.0379 (raw=0.0403)  vol=$45  trades=5  first_trade=2026-02-07 09:26  winrate=0.434  n_markets_traded=166.000  herfindahl_index_markets=0.020
12:00:52 [super]   #1633  0x05dd69176ad3f4beaab3ed52b0f24b16f4a241a5  prob=0.0379 (raw=0.0403)  vol=$3  trades=4  first_trade=2026-02-09 09:15  winrate=0.167  n_markets_traded=6.000  herfindahl_index_markets=0.185
12:00:52 [super]   #1634  0x6179ad17cb1a48a8db80284f9b22a5bf899d6f80  prob=0.0378 (raw=0.0400)  vol=$14,809  trades=90  first_trade=2026-02-08 21:49  winrate=NaN  n_markets_traded=0.000  herfindahl_index_markets=0.000
12:00:52 [super]   #1635  0x5baa1ff5efdc726a9b8fe85fcfd400183f0d55b4  prob=0.0378 (raw=0.0399)  vol=$73,942  trades=78  first_trade=2026-02-09 01:37  winrate=0.000  n_markets_traded=3.000  herfindahl_index_markets=0.936
12:00:52 [super]   #1636  0x2785e7022dc20757108204b13c08cea8613b70ae  prob=0.0378 (raw=0.0398)  vol=$9,133  trades=6  first_trade=2026-02-09 03:34  winrate=NaN  n_markets_traded=0.000  herfindahl_index_markets=0.000
12:00:52 [super]   #1637  0x713d8204065122e767f13f0713774ac6805453a9  prob=0.0378 (raw=0.0396)  vol=$3,345  trades=20  first_trade=2026-02-08 08:16  winrate=0.495  n_markets_traded=215.000  herfindahl_index_markets=0.030
12:00:52 [super]   #1638  0xac5510ff9205db223fd8dcf4eb8e5276f4cc2822  prob=0.0378 (raw=0.0395)  vol=$10  trades=2  first_trade=2026-02-08 17:40  winrate=0.316  n_markets_traded=19.000  herfindahl_index_markets=0.102
12:00:52 [super]   #1639  0x172d149ec2de59bd50c621890f635c361756a2c2  prob=0.0377 (raw=0.0395)  vol=$70  trades=12  first_trade=2026-02-09 01:38  winrate=NaN  n_markets_traded=0.000  herfindahl_index_markets=0.000
12:00:52 [super]   #1640  0xda6a946997af223f9b24679b2f964d9a8b744694  prob=0.0377 (raw=0.0394)  vol=$549  trades=9  first_trade=2026-02-08 15:54  winrate=0.222  n_markets_traded=27.000  herfindahl_index_markets=0.172
12:00:52 [super]   #1641  0x6637194a508b31850671c5d7312e54c5181f1010  prob=0.0377 (raw=0.0394)  vol=$4  trades=5  first_trade=2026-01-19 16:24  winrate=0.149  n_markets_traded=47.000  herfindahl_index_markets=0.122
12:00:52 [super]   #1642  0x7cf7e8f368f5de49e0b97122674c778be9213c63  prob=0.0377 (raw=0.0393)  vol=$18  trades=10  first_trade=2026-02-09 22:50  winrate=NaN  n_markets_traded=0.000  herfindahl_index_markets=0.000
12:00:52 [super]   #1643  0xd93afa934528306aeabb68de38849e3de50d0c67  prob=0.0377 (raw=0.0392)  vol=$30  trades=10  first_trade=2026-01-28 04:47  winrate=0.458  n_markets_traded=249.000  herfindahl_index_markets=0.009
12:00:52 [super]   #1644  0x47ab026767cc320ac6e62f6ec747d59cf4d795df  prob=0.0377 (raw=0.0392)  vol=$3,922  trades=35  first_trade=2026-02-08 23:19  winrate=NaN  n_markets_traded=0.000  herfindahl_index_markets=0.000
12:00:52 [super]   #1645  0xf71061cce6d1ab8aaef8f6928a4fdb5dfe15edc9  prob=0.0377 (raw=0.0390)  vol=$391  trades=13  first_trade=2026-02-07 23:04  winrate=0.471  n_markets_traded=50.000  herfindahl_index_markets=0.070
12:00:52 [super]   #1646  0x58aa47a2e3e0396f8c09259d87990db12e56a481  prob=0.0377 (raw=0.0390)  vol=$12,201  trades=45  first_trade=2026-02-08 06:46  winrate=0.521  n_markets_traded=273.000  herfindahl_index_markets=0.017
12:00:52 [super]   #1647  0xb1236312535e9119eeac1d849e1d821fbb350a15  prob=0.0377 (raw=0.0389)  vol=$10,569  trades=63  first_trade=2026-02-06 22:47  winrate=0.495  n_markets_traded=324.000  herfindahl_index_markets=0.008
12:00:52 [super]   #1648  0x437b91c5863bec6586af33dcabb640c58f200ba4  prob=0.0376 (raw=0.0387)  vol=$3,276  trades=32  first_trade=2026-02-06 05:26  winrate=0.528  n_markets_traded=430.000  herfindahl_index_markets=0.045
12:00:52 [super]   #1649  0xd27d115952ce62ab206292999dfca28eb38f4d8d  prob=0.0376 (raw=0.0386)  vol=$45  trades=6  first_trade=2026-01-17 11:47  winrate=0.200  n_markets_traded=10.000  herfindahl_index_markets=0.464
12:00:52 [super]   #1650  0xc84bfde89d8e7e65d326130de2b12e0b8fc33040  prob=0.0376 (raw=0.0386)  vol=$5  trades=4  first_trade=2026-02-09 02:41  winrate=0.541  n_markets_traded=122.000  herfindahl_index_markets=0.037
12:00:52 [super]   #1651  0x44e641e5eabb5687fe2338540e18b7d610579d9e  prob=0.0376 (raw=0.0386)  vol=$2,236  trades=16  first_trade=2026-02-08 19:36  winrate=0.488  n_markets_traded=290.000  herfindahl_index_markets=0.028
12:00:52 [super]   #1652  0xf021d8b990a1fb3686820fc118dd172c94dbd8dc  prob=0.0376 (raw=0.0385)  vol=$6,000  trades=4  first_trade=2026-02-10 22:35  winrate=0.851  n_markets_traded=47.000  herfindahl_index_markets=0.037
12:00:52 [super]   #1653  0xde0463ea7f611b065e8ab06bbfbddad75e6dfa37  prob=0.0376 (raw=0.0385)  vol=$232,725  trades=4309  first_trade=2025-09-18 14:00  winrate=NaN  n_markets_traded=0.000  herfindahl_index_markets=0.000
12:00:52 [super]   #1654  0xddb1d85e21379d4fef2e8f8edccf7b308d1738ae  prob=0.0376 (raw=0.0385)  vol=$87  trades=2  first_trade=2026-02-09 00:58  winrate=0.231  n_markets_traded=13.000  herfindahl_index_markets=0.183
12:00:52 [super]   #1655  0x1871c3f6f51fd6c924506668e8859fae689dc67d  prob=0.0376 (raw=0.0385)  vol=$333  trades=2  first_trade=2026-02-09 11:00  winrate=0.250  n_markets_traded=32.000  herfindahl_index_markets=0.039
12:00:52 [super]   #1656  0xede1be4a7e792c6938ebbe474f6b3327bd038ad7  prob=0.0376 (raw=0.0384)  vol=$32  trades=6  first_trade=2026-02-06 17:51  winrate=NaN  n_markets_traded=0.000  herfindahl_index_markets=0.000
12:00:52 [super]   #1657  0x65d85d84f606a974449ab3e4926ac548f1ccbac6  prob=0.0376 (raw=0.0384)  vol=$108  trades=10  first_trade=2026-02-09 01:55  winrate=NaN  n_markets_traded=0.000  herfindahl_index_markets=0.000
12:00:52 [super]   #1658  0x2d377597122ecf8639a7b09454ebe340e1cd58f9  prob=0.0376 (raw=0.0384)  vol=$48  trades=6  first_trade=2026-01-10 11:16  winrate=0.333  n_markets_traded=3.000  herfindahl_index_markets=0.809
12:00:52 [super]   #1659  0x2d51948fbce388197fef94609acb628f2c238b8e  prob=0.0376 (raw=0.0383)  vol=$6  trades=8  first_trade=2026-02-07 16:40  winrate=0.398  n_markets_traded=84.000  herfindahl_index_markets=0.177
12:00:52 [super]   #1660  0x100567dc5df81984c36db1464039927952e5a1a2  prob=0.0375 (raw=0.0381)  vol=$4  trades=2  first_trade=2026-01-10 12:17  winrate=0.000  n_markets_traded=10.000  herfindahl_index_markets=0.440
12:00:52 [super]   #1661  0x0ad0c6a3dc7085ff26aa315e1fa014b6c78616a3  prob=0.0375 (raw=0.0380)  vol=$10,000  trades=2  first_trade=2026-02-10 22:19  winrate=0.603  n_markets_traded=73.000  herfindahl_index_markets=0.030
12:00:52 [super]   #1662  0xec763e57b016d0cf5231ad5a5929827ba9eaf9f1  prob=0.0375 (raw=0.0380)  vol=$245  trades=22  first_trade=2025-09-30 03:25  winrate=0.618  n_markets_traded=55.000  herfindahl_index_markets=0.039
12:00:52 [super]   #1663  0xa6e574c51f3f6b0e590963bcd0e15d0d7732470d  prob=0.0375 (raw=0.0379)  vol=$2,433  trades=17  first_trade=2026-02-09 02:30  winrate=0.571  n_markets_traded=28.000  herfindahl_index_markets=0.067
12:00:52 [super]   #1664  0x25063d0ba1111a7bbfeb1e1f2606eb03849ff8c6  prob=0.0374 (raw=0.0375)  vol=$63  trades=32  first_trade=2026-02-03 04:55  winrate=0.000  n_markets_traded=12.000  herfindahl_index_markets=0.225
12:00:52 [super]   #1665  0xc3262aeb0bd81deab067726635f5b5bd39201db1  prob=0.0374 (raw=0.0375)  vol=$677  trades=30  first_trade=2026-02-08 18:15  winrate=NaN  n_markets_traded=0.000  herfindahl_index_markets=0.000
12:00:52 [super]   #1666  0x22e4248bdb066f65c9f11cd66cdd3719a28eef1c  prob=0.0374 (raw=0.0374)  vol=$68,814  trades=163  first_trade=2026-02-08 17:34  winrate=NaN  n_markets_traded=0.000  herfindahl_index_markets=0.000
12:00:52 [super]   #1667  0x8d3c9e3993bbf93ae58304eebb0f59d33dff3ebc  prob=0.0374 (raw=0.0374)  vol=$20  trades=2  first_trade=2026-02-09 03:31  winrate=0.400  n_markets_traded=5.000  herfindahl_index_markets=0.347
12:00:52 [super]   #1668  0x725566b307962488266f61637d7489b25a36b3e8  prob=0.0374 (raw=0.0374)  vol=$51  trades=3  first_trade=2026-02-08 09:16  winrate=0.333  n_markets_traded=3.000  herfindahl_index_markets=0.499
12:00:52 [super]   #1669  0xd69cd848e06e535542183949e28bade5a39da42f  prob=0.0374 (raw=0.0374)  vol=$13  trades=4  first_trade=2025-12-08 18:56  winrate=0.540  n_markets_traded=210.000  herfindahl_index_markets=0.009
12:00:52 [super]   #1670  0xb253c858963f8147dcea73b8afba5adbf74e4fae  prob=0.0374 (raw=0.0374)  vol=$5  trades=2  first_trade=2026-02-08 10:47  winrate=0.039  n_markets_traded=606.000  herfindahl_index_markets=0.002
12:00:52 [super]   #1671  0x94e595f151e6b7973dad4fdf927e1ff9b9ac52be  prob=0.0374 (raw=0.0373)  vol=$207  trades=38  first_trade=2026-02-02 02:13  winrate=NaN  n_markets_traded=0.000  herfindahl_index_markets=0.000
12:00:52 [super]   #1672  0xe738c4ce41824c1b1e7ee10dc19390057be6a0b3  prob=0.0374 (raw=0.0372)  vol=$667  trades=5  first_trade=2026-02-09 06:25  winrate=0.056  n_markets_traded=18.000  herfindahl_index_markets=0.130
12:00:52 [super]   #1673  0xfe175c90c4152392978fa402ed871657881298e9  prob=0.0374 (raw=0.0372)  vol=$6,341  trades=82  first_trade=2025-09-30 00:37  winrate=0.728  n_markets_traded=151.000  herfindahl_index_markets=0.130
12:00:52 [super]   #1674  0x07f313ffbdc5459e6d8ca09849e1ffa3bf071918  prob=0.0374 (raw=0.0371)  vol=$5  trades=4  first_trade=2026-01-21 01:13  winrate=0.395  n_markets_traded=43.000  herfindahl_index_markets=0.066
12:00:52 [super]   #1675  0xee91b9f3aed0be83e33070b57b02a77af94b72f0  prob=0.0374 (raw=0.0371)  vol=$1  trades=1  first_trade=2026-01-10 13:47  winrate=0.184  n_markets_traded=49.000  herfindahl_index_markets=0.037
12:00:52 [super]   #1676  0xc9bb35ed33ef33065708ab6b8b26b1ab343d5048  prob=0.0374 (raw=0.0371)  vol=$101  trades=7  first_trade=2026-02-08 21:56  winrate=0.490  n_markets_traded=96.000  herfindahl_index_markets=0.031
12:00:52 [super]   #1677  0xf8d4e3df8f04875134d6c2e294737e1e9294ae49  prob=0.0374 (raw=0.0370)  vol=$2  trades=2  first_trade=2026-02-02 00:53  winrate=0.612  n_markets_traded=944.000  herfindahl_index_markets=0.004
12:00:52 [super]   #1678  0xe977b6270e1d6740117b4a56cc7595e4c9e4700f  prob=0.0373 (raw=0.0367)  vol=$12  trades=2  first_trade=2026-02-09 02:34  winrate=0.900  n_markets_traded=60.000  herfindahl_index_markets=0.052
12:00:52 [super]   #1679  0x9aae6675cf96787bcca6b60bf8a16e270bf9e69d  prob=0.0373 (raw=0.0367)  vol=$694  trades=5  first_trade=2026-02-09 12:10  winrate=0.876  n_markets_traded=89.000  herfindahl_index_markets=0.082
12:00:52 [super]   #1680  0x2e9f4169ce0c1f8044b7373247bec475fabdb918  prob=0.0373 (raw=0.0365)  vol=$1,065  trades=20  first_trade=2026-02-09 00:08  winrate=0.316  n_markets_traded=19.000  herfindahl_index_markets=0.088
12:00:52 [super]   #1681  0xb7ce06f5d1700a0605ad51a176551667a2b3dbbb  prob=0.0373 (raw=0.0363)  vol=$4  trades=4  first_trade=2026-02-08 23:46  winrate=0.202  n_markets_traded=94.000  herfindahl_index_markets=0.097
12:00:52 [super]   #1682  0x36e8eac879cb86b7e881f67944b988997320db37  prob=0.0372 (raw=0.0361)  vol=$56  trades=4  first_trade=2025-10-11 11:30  winrate=0.427  n_markets_traded=196.000  herfindahl_index_markets=0.017
12:00:52 [super]   #1683  0xf87bfd6edd5826aa45299f33e355e1a8f8d9180a  prob=0.0372 (raw=0.0360)  vol=$640  trades=8  first_trade=2026-02-08 20:48  winrate=0.340  n_markets_traded=232.000  herfindahl_index_markets=0.013
12:00:52 [super]   #1684  0x14169e965308609eacfe991261506efa711af47a  prob=0.0372 (raw=0.0360)  vol=$435  trades=8  first_trade=2025-11-28 22:43  winrate=0.327  n_markets_traded=52.000  herfindahl_index_markets=0.026
12:00:52 [super]   #1685  0xf739fefef6fe7b18a263afd88a900a204737e4ac  prob=0.0372 (raw=0.0360)  vol=$3,559  trades=12  first_trade=2026-02-08 18:00  winrate=0.400  n_markets_traded=25.000  herfindahl_index_markets=0.103
12:00:52 [super]   #1686  0x019018a39be977f58f25261a00df042f25bf1b7d  prob=0.0372 (raw=0.0359)  vol=$5,669  trades=9  first_trade=2026-02-09 02:33  winrate=0.470  n_markets_traded=66.000  herfindahl_index_markets=0.046
12:00:52 [super]   #1687  0x17a19452178840f4910b6633bbfdafa859e55dda  prob=0.0372 (raw=0.0359)  vol=$225  trades=22  first_trade=2026-02-09 01:51  winrate=0.519  n_markets_traded=217.000  herfindahl_index_markets=0.005
12:00:52 [super]   #1688  0x11fe0a4249e17cf5d777c343dc0572c4a02dae1f  prob=0.0372 (raw=0.0359)  vol=$7  trades=2  first_trade=2026-01-10 11:08  winrate=0.077  n_markets_traded=13.000  herfindahl_index_markets=0.312
12:00:52 [super]   #1689  0x628e5c534610bfe44c7850d2f8c068a05b021d80  prob=0.0372 (raw=0.0358)  vol=$438  trades=6  first_trade=2026-02-09 07:39  winrate=0.484  n_markets_traded=331.000  herfindahl_index_markets=0.012
12:00:52 [super]   #1690  0x510904c9a58f5c5ad799a1b44947077564175e9c  prob=0.0372 (raw=0.0358)  vol=$3,801  trades=19  first_trade=2026-02-08 17:41  winrate=NaN  n_markets_traded=0.000  herfindahl_index_markets=0.000
12:00:52 [super]   #1691  0x97b0d9cc5eb6ed7df43a988fe159643aa00e60b7  prob=0.0372 (raw=0.0358)  vol=$17  trades=3  first_trade=2026-01-10 14:19  winrate=0.211  n_markets_traded=38.000  herfindahl_index_markets=0.043
12:00:52 [super]   #1692  0x92f5a750ad2ab2a2f3682db215fe3b16ef6285aa  prob=0.0371 (raw=0.0356)  vol=$1  trades=1  first_trade=2026-02-10 03:08  winrate=0.370  n_markets_traded=27.000  herfindahl_index_markets=0.176
12:00:52 [super]   #1693  0x45b2cb2ae97f7dd81aa20058337a7a8b29b4cbc1  prob=0.0371 (raw=0.0355)  vol=$276  trades=3  first_trade=2026-02-08 21:56  winrate=NaN  n_markets_traded=0.000  herfindahl_index_markets=0.000
12:00:52 [super]   #1694  0x2d692c6ac89511974c43202f4d74763e4af580b9  prob=0.0371 (raw=0.0355)  vol=$2,087  trades=4  first_trade=2026-02-10 03:05  winrate=0.899  n_markets_traded=79.000  herfindahl_index_markets=0.037
12:00:52 [super]   #1695  0xddb87f3e6de232cbbc8fc564ae9c06016bd66c31  prob=0.0371 (raw=0.0354)  vol=$5  trades=3  first_trade=2026-02-07 10:29  winrate=0.235  n_markets_traded=170.000  herfindahl_index_markets=0.015
12:00:52 [super]   #1696  0x5d6d5c108a671d35fcc2d0ec1691ff705e638601  prob=0.0371 (raw=0.0354)  vol=$21  trades=6  first_trade=2026-02-08 17:10  winrate=0.286  n_markets_traded=182.000  herfindahl_index_markets=0.024
12:00:52 [super]   #1697  0x229d444b71279c632e2b8c51d7fa240798710ac3  prob=0.0371 (raw=0.0353)  vol=$369  trades=2  first_trade=2026-02-09 17:08  winrate=0.068  n_markets_traded=44.000  herfindahl_index_markets=0.034
12:00:52 [super]   #1698  0x11c1e9705f41d8aef1c4b32ba4d376c4456b8de9  prob=0.0371 (raw=0.0353)  vol=$3  trades=4  first_trade=2026-02-09 02:41  winrate=0.596  n_markets_traded=357.000  herfindahl_index_markets=0.008
12:00:52 [super]   #1699  0x564aecb743dde85edfe3b4b98f0b5b71a9baaf9b  prob=0.0371 (raw=0.0352)  vol=$78  trades=15  first_trade=2026-02-06 18:14  winrate=NaN  n_markets_traded=0.000  herfindahl_index_markets=0.000
12:00:52 [super]   #1700  0x406df679bdfc915a160d32ed9519d923ad99c36f  prob=0.0371 (raw=0.0352)  vol=$1,843  trades=19  first_trade=2026-02-09 02:07  winrate=0.667  n_markets_traded=276.000  herfindahl_index_markets=0.022
12:00:52 [super]   #1701  0x444dbbf67c71b3abcc440eec7e20e43b807f73b1  prob=0.0371 (raw=0.0351)  vol=$432  trades=2  first_trade=2026-02-09 16:18  winrate=0.065  n_markets_traded=31.000  herfindahl_index_markets=0.043
12:00:52 [super]   #1702  0x3f2ef63087e34979f2a1a4e480e1c2d9716f2794  prob=0.0371 (raw=0.0351)  vol=$3  trades=2  first_trade=2026-02-04 19:37  winrate=0.173  n_markets_traded=277.000  herfindahl_index_markets=0.045
12:00:52 [super]   #1703  0x786ed6d56d172c71ae6e2aa93c51b48070e540e7  prob=0.0371 (raw=0.0351)  vol=$323  trades=6  first_trade=2026-02-09 10:46  winrate=0.825  n_markets_traded=63.000  herfindahl_index_markets=0.092
12:00:52 [super]   #1704  0x6ab49debd4475b4e29230824b9b4bab05a0b02d6  prob=0.0371 (raw=0.0350)  vol=$35,000  trades=4  first_trade=2026-02-10 02:10  winrate=0.000  n_markets_traded=25.000  herfindahl_index_markets=0.118
12:00:52 [super]   #1705  0xe0ac9addc56c19e771a0524f5d172af4d7a476ff  prob=0.0370 (raw=0.0349)  vol=$31,786  trades=34  first_trade=2026-02-08 20:21  winrate=0.739  n_markets_traded=287.000  herfindahl_index_markets=0.025
12:00:52 [super]   #1706  0x2bc7e939bf48259488c991b095977d1f3beee411  prob=0.0370 (raw=0.0349)  vol=$2,095  trades=27  first_trade=2026-02-09 01:32  winrate=NaN  n_markets_traded=0.000  herfindahl_index_markets=0.000
12:00:52 [super]   #1707  0x908040ae1633e30e43920baa29746a639cb7cd4b  prob=0.0370 (raw=0.0349)  vol=$30  trades=4  first_trade=2026-01-10 11:36  winrate=0.250  n_markets_traded=8.000  herfindahl_index_markets=0.584
12:00:52 [super]   #1708  0x867470a1b827e7441f82a0d9d7f36cc8fd170d1e  prob=0.0370 (raw=0.0349)  vol=$74  trades=4  first_trade=2025-11-17 06:25  winrate=NaN  n_markets_traded=0.000  herfindahl_index_markets=0.000
12:00:52 [super]   #1709  0x205e5ee4cf5e353c91daab3e5b2be8a5fd1a5adf  prob=0.0370 (raw=0.0347)  vol=$8  trades=2  first_trade=2026-02-08 22:41  winrate=0.125  n_markets_traded=8.000  herfindahl_index_markets=0.280
12:00:52 [super]   #1710  0xe2ee809a13aad9e367ee526547a87d1387cf0af2  prob=0.0370 (raw=0.0347)  vol=$67  trades=6  first_trade=2026-01-26 23:35  winrate=0.212  n_markets_traded=193.000  herfindahl_index_markets=0.072
12:00:52 [super]   #1711  0x28b291aa82da13e1d58993873806c92908d5eb4f  prob=0.0370 (raw=0.0347)  vol=$232  trades=8  first_trade=2026-02-09 01:39  winrate=NaN  n_markets_traded=0.000  herfindahl_index_markets=0.000
12:00:52 [super]   #1712  0xbff3d94cc80d3ea08ea52a88606d3f6eff5b4a17  prob=0.0370 (raw=0.0347)  vol=$467  trades=2  first_trade=2026-02-09 13:14  winrate=0.804  n_markets_traded=46.000  herfindahl_index_markets=0.038
12:00:52 [super]   #1713  0xe0acaee5baa9c147770661b87f8667a2bad5990d  prob=0.0370 (raw=0.0347)  vol=$3,337  trades=320  first_trade=2026-01-31 00:26  winrate=NaN  n_markets_traded=0.000  herfindahl_index_markets=0.000
12:00:52 [super]   #1714  0x2375550d3b98ce364476c81f663a0b878cb0691f  prob=0.0370 (raw=0.0347)  vol=$19,883  trades=645  first_trade=2026-01-31 23:07  winrate=NaN  n_markets_traded=0.000  herfindahl_index_markets=0.000
12:00:52 [super]   #1715  0x6e8f80ca0cddb8d3f207dc5147ac0e6062ae162c  prob=0.0370 (raw=0.0346)  vol=$5  trades=4  first_trade=2026-02-09 03:54  winrate=0.977  n_markets_traded=574.000  herfindahl_index_markets=0.018
12:00:52 [super]   #1716  0xafdd4a14b9bae3250a453af4e85e6218ce8f3441  prob=0.0370 (raw=0.0345)  vol=$34  trades=6  first_trade=2026-02-01 19:45  winrate=0.417  n_markets_traded=24.000  herfindahl_index_markets=0.115
12:00:52 [super]   #1717  0xf440d9ead6f107d94aaa8543a336c7b33aee832f  prob=0.0370 (raw=0.0344)  vol=$39  trades=3  first_trade=2026-02-09 04:21  winrate=0.235  n_markets_traded=34.000  herfindahl_index_markets=0.060
12:00:52 [super]   #1718  0xe221399b62a45e6e124e40bb9826d241f1ea4230  prob=0.0369 (raw=0.0343)  vol=$303  trades=4  first_trade=2026-02-09 01:02  winrate=0.500  n_markets_traded=84.000  herfindahl_index_markets=0.035
12:00:52 [super]   #1719  0x9eee0f667622bb4262e60150d1a8120a4bfe670f  prob=0.0369 (raw=0.0341)  vol=$88  trades=2  first_trade=2026-02-09 20:03  winrate=0.071  n_markets_traded=42.000  herfindahl_index_markets=0.032
12:00:52 [super]   #1720  0x4e65086d5dd52822c229ac969d2f3c07fd7935c5  prob=0.0369 (raw=0.0341)  vol=$75  trades=2  first_trade=2026-02-09 08:44  winrate=0.056  n_markets_traded=54.000  herfindahl_index_markets=0.030
12:00:52 [super]   #1721  0xa745dbd09a91e72734bc7ffdcaa3d87da63dce29  prob=0.0369 (raw=0.0341)  vol=$310  trades=2  first_trade=2026-02-09 08:19  winrate=0.098  n_markets_traded=51.000  herfindahl_index_markets=0.024
12:00:52 [super]   #1722  0xb64fd0500a78b538dbc6b791e96003258e1ac974  prob=0.0369 (raw=0.0340)  vol=$599  trades=2  first_trade=2026-02-09 15:48  winrate=0.650  n_markets_traded=300.000  herfindahl_index_markets=0.013
12:00:52 [super]   #1723  0x1ff5dae34a84ad4a76c9d2ceb97d425a1a2dada1  prob=0.0369 (raw=0.0339)  vol=$94  trades=2  first_trade=2026-02-09 19:43  winrate=0.059  n_markets_traded=51.000  herfindahl_index_markets=0.026
12:00:52 [super]   #1724  0x7fbd0e73af6a8deff23af1a743016a0d405b2a3f  prob=0.0369 (raw=0.0339)  vol=$190  trades=10  first_trade=2026-02-09 01:33  winrate=0.636  n_markets_traded=11.000  herfindahl_index_markets=0.112
12:00:52 [super]   #1725  0xe4623121bc4cd2895625af49263163f55b792a19  prob=0.0369 (raw=0.0339)  vol=$65  trades=2  first_trade=2026-02-10 01:43  winrate=0.075  n_markets_traded=53.000  herfindahl_index_markets=0.026
12:00:52 [super]   #1726  0x55816be159af0285ea9d07205a96d20e66a64076  prob=0.0369 (raw=0.0338)  vol=$30  trades=7  first_trade=2026-02-06 18:14  winrate=0.610  n_markets_traded=77.000  herfindahl_index_markets=0.051
12:00:52 [super]   #1727  0xdc4d35646cb13fea02e1366b9ed9cdcc0669a2cd  prob=0.0369 (raw=0.0338)  vol=$99  trades=2  first_trade=2026-02-09 01:36  winrate=0.417  n_markets_traded=12.000  herfindahl_index_markets=0.241
12:00:52 [super]   #1728  0x3a9297a965cb0e246c64c6a4adc282b05234783c  prob=0.0369 (raw=0.0338)  vol=$4  trades=4  first_trade=2026-02-09 02:37  winrate=0.477  n_markets_traded=85.000  herfindahl_index_markets=0.076
12:00:52 [super]   #1729  0xbb1e96c0eaa2955b52fff19232df5c6dc64c1be5  prob=0.0369 (raw=0.0337)  vol=$4  trades=4  first_trade=2026-02-09 02:37  winrate=0.490  n_markets_traded=96.000  herfindahl_index_markets=0.050
12:00:52 [super]   #1730  0x44fc69758aee382015e0c860f1dd116d81e59728  prob=0.0369 (raw=0.0337)  vol=$3,333  trades=2  first_trade=2026-02-09 06:33  winrate=0.576  n_markets_traded=92.000  herfindahl_index_markets=0.095
12:00:52 [super]   #1731  0x0979b188ee35f2bc4fa25fc93982f1439c07b95c  prob=0.0368 (raw=0.0336)  vol=$90  trades=2  first_trade=2026-02-09 20:59  winrate=0.071  n_markets_traded=42.000  herfindahl_index_markets=0.038
12:00:52 [super]   #1732  0xb57254106bfe32f912567a5514f995bcb598b432  prob=0.0368 (raw=0.0336)  vol=$45  trades=4  first_trade=2026-02-09 02:39  winrate=0.481  n_markets_traded=27.000  herfindahl_index_markets=0.064
12:00:52 [super]   #1733  0xb29501b374eeab2a080680285bd8da4a9fc7d1e7  prob=0.0368 (raw=0.0336)  vol=$30  trades=3  first_trade=2026-02-08 21:54  winrate=NaN  n_markets_traded=0.000  herfindahl_index_markets=0.000
12:00:52 [super]   #1734  0xaa877961ff842834ff5632c297a5e1243b30dd7a  prob=0.0368 (raw=0.0336)  vol=$92  trades=6  first_trade=2026-02-08 23:56  winrate=0.333  n_markets_traded=27.000  herfindahl_index_markets=0.074
12:00:52 [super]   #1735  0xfd4263b3ad08226034fe1b1ea678a46d80b58895  prob=0.0368 (raw=0.0335)  vol=$445  trades=6  first_trade=2026-02-06 21:20  winrate=0.378  n_markets_traded=343.000  herfindahl_index_markets=0.009
12:00:52 [super]   #1736  0xcd43686d58f9435a27e63d3c7eb55c460de8a5a3  prob=0.0368 (raw=0.0335)  vol=$1,012  trades=6  first_trade=2026-02-09 03:52  winrate=0.601  n_markets_traded=148.000  herfindahl_index_markets=0.029
12:00:52 [super]   #1737  0x96c6ab19f1968c1557163c5df35e0322049c9c9d  prob=0.0368 (raw=0.0335)  vol=$394  trades=1  first_trade=2026-02-10 18:30  winrate=0.782  n_markets_traded=87.000  herfindahl_index_markets=0.029
12:00:52 [super]   #1738  0x357e1aadfec0a630ec3ea66b7dbae2b2741d77d5  prob=0.0368 (raw=0.0334)  vol=$399  trades=4  first_trade=2026-02-09 04:37  winrate=0.773  n_markets_traded=22.000  herfindahl_index_markets=0.053
12:00:52 [super]   #1739  0x03030fa948db8dfaa8384ae910359bcbb4e3fcd1  prob=0.0368 (raw=0.0333)  vol=$15,125  trades=449  first_trade=2026-02-05 23:39  winrate=0.593  n_markets_traded=97.000  herfindahl_index_markets=0.100
12:00:52 [super]   #1740  0x4d56d52a734d921d26104503a93c40f704a2dbeb  prob=0.0368 (raw=0.0333)  vol=$86  trades=2  first_trade=2026-02-09 19:06  winrate=0.061  n_markets_traded=49.000  herfindahl_index_markets=0.028
12:00:52 [super]   #1741  0x56f25bc374fdb69774786df8e2855d45d13f03dc  prob=0.0368 (raw=0.0332)  vol=$70  trades=2  first_trade=2026-02-09 17:12  winrate=0.070  n_markets_traded=43.000  herfindahl_index_markets=0.039
12:00:52 [super]   #1742  0xbc3f1cc5d5b38a2b871dc3b2f1d620544e802b78  prob=0.0368 (raw=0.0332)  vol=$89  trades=2  first_trade=2026-02-09 16:45  winrate=0.065  n_markets_traded=46.000  herfindahl_index_markets=0.034
12:00:52 [super]   #1743  0x24df5ec3aee72b24155d1d60a218cd8bda436965  prob=0.0368 (raw=0.0332)  vol=$42  trades=6  first_trade=2026-02-02 00:01  winrate=0.168  n_markets_traded=137.000  herfindahl_index_markets=0.033
12:00:52 [super]   #1744  0xbfa64469155a6e6388f32cf70bdf3640045a4eb6  prob=0.0368 (raw=0.0331)  vol=$4,240  trades=4  first_trade=2026-02-10 21:18  winrate=0.386  n_markets_traded=383.000  herfindahl_index_markets=0.015
12:00:52 [super]   #1745  0x2f4fda022241ae1f7d435b80b9324649f5f2728a  prob=0.0368 (raw=0.0331)  vol=$693  trades=29  first_trade=2026-02-05 23:58  winrate=0.331  n_markets_traded=142.000  herfindahl_index_markets=0.031
12:00:52 [super]   #1746  0x40c2348351024cce5ba6fccd6015b77bbb77b2fc  prob=0.0368 (raw=0.0330)  vol=$766  trades=23  first_trade=2026-02-09 02:23  winrate=NaN  n_markets_traded=0.000  herfindahl_index_markets=0.000
12:00:52 [super]   #1747  0x374ee32c6e50c513b76344389e51aadb63c3d457  prob=0.0367 (raw=0.0329)  vol=$3  trades=4  first_trade=2026-01-25 00:04  winrate=0.077  n_markets_traded=52.000  herfindahl_index_markets=0.092
12:00:52 [super]   #1748  0xc168e567cc5993b6127be7fde6926a6602b95024  prob=0.0367 (raw=0.0329)  vol=$413  trades=13  first_trade=2026-02-09 01:35  winrate=0.594  n_markets_traded=284.000  herfindahl_index_markets=0.013
12:00:52 [super]   #1749  0xf1f06f49be8ce5681752ae80e660aeaace6858df  prob=0.0367 (raw=0.0328)  vol=$751  trades=3  first_trade=2025-09-30 17:56  winrate=0.360  n_markets_traded=280.000  herfindahl_index_markets=0.015
12:00:52 [super]   #1750  0xcb59ea1babf3b26ea50088057e427ab0ed8f0a22  prob=0.0367 (raw=0.0328)  vol=$101  trades=2  first_trade=2026-02-09 01:52  winrate=NaN  n_markets_traded=0.000  herfindahl_index_markets=0.000
12:00:52 [super]   #1751  0x088326658ee4f3a9a3859a6095f5a9e0d451926c  prob=0.0367 (raw=0.0327)  vol=$10  trades=2  first_trade=2026-02-03 08:31  winrate=0.231  n_markets_traded=26.000  herfindahl_index_markets=0.138
12:00:52 [super]   #1752  0x9145aa2e8d931a9260c30815a599728efcf3f5b6  prob=0.0367 (raw=0.0327)  vol=$405  trades=2  first_trade=2026-02-09 18:26  winrate=0.117  n_markets_traded=60.000  herfindahl_index_markets=0.029
12:00:52 [super]   #1753  0xdcbd13209141d3b3087f403280bc7b6f35f29d9e  prob=0.0367 (raw=0.0327)  vol=$238  trades=3  first_trade=2026-02-09 03:57  winrate=0.643  n_markets_traded=207.000  herfindahl_index_markets=0.019
12:00:52 [super]   #1754  0x69920080c6872a96e94b7ef9bce09ec9431f4862  prob=0.0367 (raw=0.0327)  vol=$402  trades=2  first_trade=2026-02-09 19:39  winrate=0.111  n_markets_traded=36.000  herfindahl_index_markets=0.040
12:00:52 [super]   #1755  0x5912794596cd3cc2f36605710fc1fcd6e5886f45  prob=0.0367 (raw=0.0327)  vol=$271  trades=8  first_trade=2026-02-09 02:18  winrate=NaN  n_markets_traded=0.000  herfindahl_index_markets=0.000
12:00:52 [super]   #1756  0xce789d966012ae7621ed1e13995da654bf326c38  prob=0.0367 (raw=0.0327)  vol=$5  trades=4  first_trade=2026-02-09 02:30  winrate=0.563  n_markets_traded=102.000  herfindahl_index_markets=0.034
12:00:52 [super]   #1757  0x878bf985d6f47416755d75b30d77554b335439e9  prob=0.0367 (raw=0.0325)  vol=$19  trades=4  first_trade=2026-01-10 11:57  winrate=0.111  n_markets_traded=9.000  herfindahl_index_markets=0.244
12:00:52 [super]   #1758  0xf8454f89d39e0965cba410bf54d6a97be16af5e1  prob=0.0367 (raw=0.0325)  vol=$408  trades=2  first_trade=2026-02-09 22:08  winrate=0.075  n_markets_traded=53.000  herfindahl_index_markets=0.045
12:00:52 [super]   #1759  0x3b4e01951d28cf72c336d47e7fc55106006ac895  prob=0.0367 (raw=0.0324)  vol=$50  trades=2  first_trade=2026-02-09 22:50  winrate=NaN  n_markets_traded=0.000  herfindahl_index_markets=0.000
12:00:52 [super]   #1760  0x2a6402d4643f91d7497c718fef2456c94e30fe86  prob=0.0367 (raw=0.0324)  vol=$3  trades=4  first_trade=2026-02-09 02:34  winrate=0.522  n_markets_traded=89.000  herfindahl_index_markets=0.047
12:00:52 [super]   #1761  0xa5623a1ba29aa6405f316c7dfb58f8eb64ced636  prob=0.0367 (raw=0.0324)  vol=$3  trades=4  first_trade=2026-02-09 02:34  winrate=0.519  n_markets_traded=106.000  herfindahl_index_markets=0.032
12:00:52 [super]   #1762  0xa5ca742631d2bb31ded0e0ed4a1af8d17e59af6f  prob=0.0367 (raw=0.0324)  vol=$4  trades=4  first_trade=2026-02-09 02:31  winrate=0.532  n_markets_traded=111.000  herfindahl_index_markets=0.048
12:00:52 [super]   #1763  0x6c90469a01ec3baabe7b09804c6ee393c398864e  prob=0.0367 (raw=0.0324)  vol=$4  trades=4  first_trade=2026-02-09 02:32  winrate=0.543  n_markets_traded=93.000  herfindahl_index_markets=0.040
12:00:52 [super]   #1764  0x9e09294a1db101808230ee74965d1f0838bfbee2  prob=0.0367 (raw=0.0323)  vol=$48  trades=2  first_trade=2026-02-09 13:16  winrate=0.796  n_markets_traded=49.000  herfindahl_index_markets=0.035
12:00:52 [super]   #1765  0x3d82d0dd5faab99aa998d67db445fe0401d4ea1f  prob=0.0366 (raw=0.0323)  vol=$443  trades=14  first_trade=2026-02-09 00:28  winrate=0.257  n_markets_traded=35.000  herfindahl_index_markets=0.154
12:00:52 [super]   #1766  0x78ebdd0382e30c33512e4d1d13f2e440e61e9a2b  prob=0.0366 (raw=0.0323)  vol=$1,365  trades=14  first_trade=2026-02-08 18:06  winrate=0.400  n_markets_traded=10.000  herfindahl_index_markets=0.190
12:00:52 [super]   #1767  0x6368d2c624959bcc99b0efc07e26c30649f7eea5  prob=0.0366 (raw=0.0322)  vol=$87  trades=21  first_trade=2026-01-23 08:41  winrate=NaN  n_markets_traded=0.000  herfindahl_index_markets=0.000
12:00:52 [super]   #1768  0x074540d486c7f0af752be3da63caeb85b01797fe  prob=0.0366 (raw=0.0322)  vol=$25  trades=4  first_trade=2026-01-10 10:43  winrate=0.091  n_markets_traded=11.000  herfindahl_index_markets=0.224
12:00:52 [super]   #1769  0x17ed722f43423694f93e67e6d3d35cb02a97c018  prob=0.0366 (raw=0.0321)  vol=$12  trades=2  first_trade=2026-02-09 13:15  winrate=0.809  n_markets_traded=47.000  herfindahl_index_markets=0.042
12:00:52 [super]   #1770  0xfcf300b5aa302cdec0fdd1deb7f52312f623f535  prob=0.0366 (raw=0.0321)  vol=$302  trades=13  first_trade=2026-02-09 01:56  winrate=NaN  n_markets_traded=0.000  herfindahl_index_markets=0.000
12:00:52 [super]   #1771  0xbfa1403df7af9ceeca0252549d8f52532dddede3  prob=0.0366 (raw=0.0320)  vol=$2  trades=2  first_trade=2026-02-09 09:57  winrate=0.000  n_markets_traded=16.000  herfindahl_index_markets=0.063
12:00:52 [super]   #1772  0x1d2d35d539c52eac357911b87edcab6610e42ca1  prob=0.0366 (raw=0.0320)  vol=$25  trades=5  first_trade=2026-02-06 15:44  winrate=0.429  n_markets_traded=7.000  herfindahl_index_markets=0.222
12:00:52 [super]   #1773  0x7154218c095dce2308f7e51fa00ab12efe86b291  prob=0.0366 (raw=0.0320)  vol=$15  trades=4  first_trade=2026-02-10 02:22  winrate=0.000  n_markets_traded=7.000  herfindahl_index_markets=0.148
12:00:52 [super]   #1774  0xf3b04dd038fcf191692927c0aa5a38018ea323a1  prob=0.0366 (raw=0.0319)  vol=$759  trades=16  first_trade=2026-02-06 19:36  winrate=0.391  n_markets_traded=23.000  herfindahl_index_markets=0.156
12:00:52 [super]   #1775  0x8889240e56ac557aa2bbbb14c9ce66388bf47791  prob=0.0366 (raw=0.0319)  vol=$191  trades=5  first_trade=2026-02-09 03:50  winrate=0.741  n_markets_traded=197.000  herfindahl_index_markets=0.022
12:00:52 [super]   #1776  0x410a27254adf8c2a912aa73cd33fd166b387af40  prob=0.0366 (raw=0.0319)  vol=$87  trades=2  first_trade=2026-02-09 20:37  winrate=0.098  n_markets_traded=41.000  herfindahl_index_markets=0.039
12:00:52 [super]   #1777  0x69328b074d80bfc9da925e8773bd2f839e286878  prob=0.0366 (raw=0.0318)  vol=$16,148  trades=89  first_trade=2026-02-07 23:34  winrate=NaN  n_markets_traded=0.000  herfindahl_index_markets=0.000
12:00:52 [super]   #1778  0xd7241bab90506f1556d8c1506c727a76284fc4fc  prob=0.0366 (raw=0.0318)  vol=$90  trades=2  first_trade=2026-02-10 02:23  winrate=0.083  n_markets_traded=48.000  herfindahl_index_markets=0.029
12:00:52 [super]   #1779  0x19211cec47eef4cfc8a6e85d232c426023924449  prob=0.0366 (raw=0.0318)  vol=$48  trades=4  first_trade=2026-02-06 15:44  winrate=0.429  n_markets_traded=7.000  herfindahl_index_markets=0.214
12:00:52 [super]   #1780  0x6b33a2a4bea13e003aaf51094329ed56761029d0  prob=0.0366 (raw=0.0317)  vol=$21  trades=4  first_trade=2026-02-09 06:24  winrate=0.000  n_markets_traded=8.000  herfindahl_index_markets=0.129
12:00:52 [super]   #1781  0x2e5feb407d5f7905fe5fb947aa81be7fff082e70  prob=0.0366 (raw=0.0317)  vol=$16  trades=3  first_trade=2026-02-08 17:17  winrate=0.154  n_markets_traded=13.000  herfindahl_index_markets=0.449
12:00:52 [super]   #1782  0xd574b91c98dc2040bc2718f157160328431dbfdc  prob=0.0366 (raw=0.0317)  vol=$1,350  trades=2  first_trade=2026-02-09 13:01  winrate=0.536  n_markets_traded=125.000  herfindahl_index_markets=0.019
12:00:52 [super]   #1783  0xa54844bc006399c321af1bf13a8003dd99f81fd5  prob=0.0365 (raw=0.0316)  vol=$137  trades=4  first_trade=2026-02-08 09:14  winrate=0.622  n_markets_traded=568.000  herfindahl_index_markets=0.002
12:00:52 [super]   #1784  0x030b4d180c048c0cbebdc0a3abbf81cff8d638dc  prob=0.0365 (raw=0.0316)  vol=$2  trades=2  first_trade=2026-02-09 02:54  winrate=0.342  n_markets_traded=38.000  herfindahl_index_markets=0.309
12:00:52 [super]   #1785  0x8e8f5b68f8f65847580f44bc3a8a7fb9340464ba  prob=0.0365 (raw=0.0315)  vol=$73  trades=2  first_trade=2026-02-09 18:50  winrate=0.082  n_markets_traded=49.000  herfindahl_index_markets=0.031
12:00:52 [super]   #1786  0x35973a11b53014a13a534640728fd60ac3e4ea17  prob=0.0365 (raw=0.0315)  vol=$5,449  trades=68  first_trade=2026-02-08 17:22  winrate=0.100  n_markets_traded=10.000  herfindahl_index_markets=0.166
12:00:52 [super]   #1787  0x2f6405e90f1a8b7ee9ba2951041c979fdd119138  prob=0.0365 (raw=0.0314)  vol=$100  trades=2  first_trade=2026-02-09 18:23  winrate=0.578  n_markets_traded=391.000  herfindahl_index_markets=0.014
12:00:52 [super]   #1788  0x1e2f9e5beb68ac16795260ee13055acaa56b3eab  prob=0.0365 (raw=0.0314)  vol=$17  trades=4  first_trade=2026-01-10 14:13  winrate=0.143  n_markets_traded=14.000  herfindahl_index_markets=0.318
12:00:52 [super]   #1789  0x1ae0de40649540bbf53e696219279f2d8feb0577  prob=0.0365 (raw=0.0313)  vol=$132  trades=2  first_trade=2026-02-09 13:15  winrate=0.795  n_markets_traded=44.000  herfindahl_index_markets=0.036
12:00:52 [super]   #1790  0x53c20be8fb75ed1982837490870d646167169970  prob=0.0365 (raw=0.0312)  vol=$536  trades=9  first_trade=2026-02-09 04:17  winrate=0.564  n_markets_traded=181.000  herfindahl_index_markets=0.023
12:00:52 [super]   #1791  0x49b436856088abfbf56ef0b4de60f0b76feaa5ed  prob=0.0365 (raw=0.0312)  vol=$75  trades=2  first_trade=2026-02-09 09:25  winrate=0.111  n_markets_traded=45.000  herfindahl_index_markets=0.032
12:00:52 [super]   #1792  0x8e8c283c535dea6eaeb448113f2dab07c7cae682  prob=0.0365 (raw=0.0312)  vol=$30  trades=4  first_trade=2026-02-09 02:01  winrate=0.742  n_markets_traded=62.000  herfindahl_index_markets=0.036
12:00:52 [super]   #1793  0xe3893ebfb1a82007fe49c358a95580d261f9ec33  prob=0.0365 (raw=0.0311)  vol=$43  trades=18  first_trade=2026-02-09 01:56  winrate=0.434  n_markets_traded=129.000  herfindahl_index_markets=0.025
12:00:52 [super]   #1794  0xa4c9a0c3ac211bae2ff8e3dd689baf93205cdd7d  prob=0.0365 (raw=0.0311)  vol=$26  trades=4  first_trade=2026-01-10 11:57  winrate=0.200  n_markets_traded=10.000  herfindahl_index_markets=0.269
12:00:52 [super]   #1795  0xd5817f224f4f03b4184141b42f3b5a35344abd3b  prob=0.0365 (raw=0.0311)  vol=$429  trades=14  first_trade=2026-02-09 01:32  winrate=0.347  n_markets_traded=170.000  herfindahl_index_markets=0.024
12:00:52 [super]   #1796  0x9ecbc0ca7445f3d394191e36999fe48b7caa2861  prob=0.0365 (raw=0.0311)  vol=$646  trades=32  first_trade=2026-02-09 00:44  winrate=0.348  n_markets_traded=132.000  herfindahl_index_markets=0.035
12:00:52 [super]   #1797  0x553568542d6fa1d6eb67bd91d3a15bec5d6b2e22  prob=0.0365 (raw=0.0311)  vol=$262  trades=8  first_trade=2026-02-09 00:52  winrate=0.263  n_markets_traded=19.000  herfindahl_index_markets=0.082
12:00:52 [super]   #1798  0x57dedd62596dd4f85c7ebe5317e07d22795ecd90  prob=0.0365 (raw=0.0310)  vol=$17,970  trades=27  first_trade=2026-02-09 02:57  winrate=NaN  n_markets_traded=0.000  herfindahl_index_markets=0.000
12:00:52 [super]   #1799  0x94b86d323081da41d7968d215b71b9a5d2abc62d  prob=0.0365 (raw=0.0310)  vol=$15  trades=2  first_trade=2026-01-10 12:03  winrate=0.333  n_markets_traded=9.000  herfindahl_index_markets=0.253
12:00:52 [super]   #1800  0x170db1650380c837c413950cd623fb2b2cb7c42c  prob=0.0365 (raw=0.0310)  vol=$145  trades=4  first_trade=2026-02-08 13:18  winrate=0.877  n_markets_traded=72.000  herfindahl_index_markets=0.085
12:00:52 [super]   #1801  0x542f6741807d65cfe01548eaffc7e714d6cb0b5e  prob=0.0364 (raw=0.0310)  vol=$4  trades=4  first_trade=2025-11-06 11:28  winrate=0.350  n_markets_traded=40.000  herfindahl_index_markets=0.049
12:00:52 [super]   #1802  0xbdd11cc911ec8ed95887e56dc253d70cb36b0c4f  prob=0.0364 (raw=0.0308)  vol=$217  trades=4  first_trade=2026-02-09 01:28  winrate=NaN  n_markets_traded=0.000  herfindahl_index_markets=0.000
12:00:52 [super]   #1803  0x1ee9a5fc09665909c0cce297c581703bfbb9197f  prob=0.0364 (raw=0.0308)  vol=$12,272  trades=51  first_trade=2026-02-09 01:38  winrate=NaN  n_markets_traded=0.000  herfindahl_index_markets=0.000
12:00:52 [super]   #1804  0xb3f15cc1478d529862282c40c1e91399724dbdc6  prob=0.0364 (raw=0.0307)  vol=$17,779  trades=28  first_trade=2026-02-09 03:27  winrate=0.667  n_markets_traded=3.000  herfindahl_index_markets=0.394
12:00:52 [super]   #1805  0xe7246c5cb01a09abec07af1803a8b63c533733c6  prob=0.0364 (raw=0.0307)  vol=$20  trades=6  first_trade=2026-02-04 18:57  winrate=0.205  n_markets_traded=88.000  herfindahl_index_markets=0.054
12:00:52 [super]   #1806  0x6470814e64f3085fe4586cd4939cbf985b53aac7  prob=0.0364 (raw=0.0307)  vol=$95  trades=5  first_trade=2026-02-07 09:17  winrate=0.533  n_markets_traded=162.000  herfindahl_index_markets=0.020
12:00:52 [super]   #1807  0xe66a637aacb76d235c3703e8805ad4b6c483a0a0  prob=0.0364 (raw=0.0307)  vol=$261  trades=157  first_trade=2026-02-08 17:36  winrate=0.421  n_markets_traded=52.000  herfindahl_index_markets=0.101
12:00:52 [super]   #1808  0xb5cfef56881531ce6ae760d63620e4c989d80ef8  prob=0.0364 (raw=0.0306)  vol=$5  trades=4  first_trade=2026-01-20 01:02  winrate=NaN  n_markets_traded=0.000  herfindahl_index_markets=0.000
12:00:52 [super]   #1809  0xdae199000e53b3cccfb81b13eee12fedcc287a4d  prob=0.0364 (raw=0.0306)  vol=$1,278  trades=23  first_trade=2026-02-07 17:52  winrate=0.445  n_markets_traded=199.000  herfindahl_index_markets=0.018
12:00:52 [super]   #1810  0x08b6a26b7f7402c090a69105b59e9a836cdb7db6  prob=0.0364 (raw=0.0305)  vol=$2,837  trades=8  first_trade=2026-02-09 02:40  winrate=NaN  n_markets_traded=0.000  herfindahl_index_markets=0.000
12:00:52 [super]   #1811  0x8ddd35311430603d2ec6ad88dab5ad5a78064b3a  prob=0.0364 (raw=0.0305)  vol=$599  trades=4  first_trade=2026-02-08 20:54  winrate=0.494  n_markets_traded=79.000  herfindahl_index_markets=0.087
12:00:52 [super]   #1812  0x38f1f32140b4b18754a76c609d210c044526b9e1  prob=0.0364 (raw=0.0305)  vol=$6  trades=2  first_trade=2026-01-10 15:10  winrate=0.067  n_markets_traded=15.000  herfindahl_index_markets=0.197
12:00:52 [super]   #1813  0x4df6ab401e47e52b28579b06a70c07d2473591f1  prob=0.0364 (raw=0.0305)  vol=$6  trades=2  first_trade=2026-02-08 17:49  winrate=0.444  n_markets_traded=239.000  herfindahl_index_markets=0.009
12:00:52 [super]   #1814  0xdb9d11ac5e7e363b61c74ce43127fc6db4b8c3ee  prob=0.0364 (raw=0.0305)  vol=$7  trades=6  first_trade=2026-02-08 17:35  winrate=0.452  n_markets_traded=137.000  herfindahl_index_markets=0.045
12:00:52 [super]   #1815  0xb5c404a773e0c74da131fe61f19fab4e7cdb910f  prob=0.0364 (raw=0.0305)  vol=$3  trades=2  first_trade=2026-01-18 20:22  winrate=0.207  n_markets_traded=29.000  herfindahl_index_markets=0.078
12:00:52 [super]   #1816  0x31317312a0351285e50842f7ca684912ea52997e  prob=0.0364 (raw=0.0304)  vol=$17  trades=8  first_trade=2026-02-07 23:50  winrate=NaN  n_markets_traded=0.000  herfindahl_index_markets=0.000
12:00:52 [super]   #1817  0xd14acceb9694f9f9ae65d3acdb35ace74a77d5d7  prob=0.0364 (raw=0.0304)  vol=$4  trades=4  first_trade=2026-02-09 02:33  winrate=0.473  n_markets_traded=93.000  herfindahl_index_markets=0.089
12:00:52 [super]   #1818  0x10c8192af93e3e08ff53141112a702f56aa122ba  prob=0.0364 (raw=0.0304)  vol=$95  trades=6  first_trade=2026-02-09 00:22  winrate=0.444  n_markets_traded=9.000  herfindahl_index_markets=0.206
12:00:52 [super]   #1819  0xf7a98346fa268b80999eb85f9d6829b3950cc840  prob=0.0364 (raw=0.0304)  vol=$802  trades=36  first_trade=2026-02-09 01:54  winrate=0.451  n_markets_traded=122.000  herfindahl_index_markets=0.045
12:00:52 [super]   #1820  0xf0a9d082daf11bf065bfad79e5b1493d2a9ef2a0  prob=0.0364 (raw=0.0304)  vol=$501  trades=4  first_trade=2026-02-10 02:37  winrate=0.152  n_markets_traded=250.000  herfindahl_index_markets=0.011
12:00:52 [super]   #1821  0x777cb0f61567172bfba0f5219aefe96b4aab005c  prob=0.0364 (raw=0.0303)  vol=$59  trades=4  first_trade=2026-02-09 01:22  winrate=0.100  n_markets_traded=10.000  herfindahl_index_markets=0.432
12:00:52 [super]   #1822  0x7a10e1473f86cba1eb4e885b11974752afeb9977  prob=0.0363 (raw=0.0303)  vol=$587  trades=23  first_trade=2026-02-07 00:52  winrate=NaN  n_markets_traded=0.000  herfindahl_index_markets=0.000
12:00:52 [super]   #1823  0xff44245fdb717e94d70693d355ab071859433ce4  prob=0.0363 (raw=0.0303)  vol=$1,396  trades=4  first_trade=2026-02-09 03:48  winrate=0.408  n_markets_traded=142.000  herfindahl_index_markets=0.044
12:00:52 [super]   #1824  0x2f4100207b052fdc1fc0af5d747466e4f1d170da  prob=0.0363 (raw=0.0303)  vol=$93  trades=9  first_trade=2026-02-05 06:03  winrate=0.000  n_markets_traded=2.000  herfindahl_index_markets=0.962
12:00:52 [super]   #1825  0x55e0faf7f8d40f8e9da9b51eaa3412d8421cb88a  prob=0.0363 (raw=0.0302)  vol=$106  trades=2  first_trade=2026-02-09 13:17  winrate=0.727  n_markets_traded=54.000  herfindahl_index_markets=0.044
12:00:52 [super]   #1826  0x5ed479c2310add207db39d8a9653b43c85fa49ca  prob=0.0363 (raw=0.0301)  vol=$60  trades=2  first_trade=2026-02-09 23:54  winrate=0.062  n_markets_traded=65.000  herfindahl_index_markets=0.035
12:00:52 [super]   #1827  0x4aaefd543cc6519c12748669f5e4b5daedcdd563  prob=0.0363 (raw=0.0300)  vol=$4,553  trades=22  first_trade=2026-02-08 14:06  winrate=0.579  n_markets_traded=284.000  herfindahl_index_markets=0.012
12:00:52 [super]   #1828  0xf263f733c206d7a51522e430437cab311dc7e9c1  prob=0.0363 (raw=0.0299)  vol=$309  trades=5  first_trade=2026-02-08 23:04  winrate=NaN  n_markets_traded=0.000  herfindahl_index_markets=0.000
12:00:52 [super]   #1829  0x3b62eb9f73d4bcbfd265872541b83aa784c5967f  prob=0.0363 (raw=0.0299)  vol=$3  trades=4  first_trade=2026-02-09 08:47  winrate=0.000  n_markets_traded=30.000  herfindahl_index_markets=0.153
12:00:52 [super]   #1830  0x570234e075d4d974f3e07576cf708fcb258a754d  prob=0.0363 (raw=0.0299)  vol=$4  trades=4  first_trade=2026-02-09 08:22  winrate=0.000  n_markets_traded=24.000  herfindahl_index_markets=0.121
12:00:52 [super]   #1831  0x4887c5e363d648eff2400c1f1e28fb8c89e682d2  prob=0.0363 (raw=0.0299)  vol=$4  trades=4  first_trade=2026-02-09 08:09  winrate=0.000  n_markets_traded=26.000  herfindahl_index_markets=0.105
12:00:52 [super]   #1832  0x68022c7ede2a74b6ba75c0a5ad47c47168be2199  prob=0.0363 (raw=0.0299)  vol=$4  trades=4  first_trade=2026-02-09 08:09  winrate=0.000  n_markets_traded=25.000  herfindahl_index_markets=0.120
12:00:52 [super]   #1833  0x59fde48f7b44a31419bb952629edd22e0f01037b  prob=0.0363 (raw=0.0299)  vol=$4  trades=4  first_trade=2026-02-09 08:09  winrate=0.000  n_markets_traded=27.000  herfindahl_index_markets=0.097
12:00:52 [super]   #1834  0xf5be52e404bbd1dc11ff4f9c0d382d19d28ab6a0  prob=0.0363 (raw=0.0298)  vol=$8  trades=2  first_trade=2026-01-10 11:07  winrate=0.091  n_markets_traded=11.000  herfindahl_index_markets=0.198
12:00:52 [super]   #1835  0xd62b7f9ecbe7b32ba56334dad37ad8a0eab36ba9  prob=0.0363 (raw=0.0298)  vol=$24  trades=4  first_trade=2026-01-10 11:57  winrate=0.091  n_markets_traded=11.000  herfindahl_index_markets=0.195
12:00:52 [super]   #1836  0x47d40b3adf8328accc3069bae0135e30fc15f594  prob=0.0363 (raw=0.0298)  vol=$272  trades=6  first_trade=2026-02-09 07:28  winrate=0.625  n_markets_traded=32.000  herfindahl_index_markets=0.087
12:00:52 [super]   #1837  0xaac2469db4c243a2931acc252967b171bd97e8ce  prob=0.0363 (raw=0.0298)  vol=$10,187  trades=35  first_trade=2026-02-09 02:36  winrate=NaN  n_markets_traded=0.000  herfindahl_index_markets=0.000
12:00:52 [super]   #1838  0xe362d2f078f2d163f22d4f4aef28979b32fc602b  prob=0.0363 (raw=0.0298)  vol=$132  trades=6  first_trade=2026-02-08 12:18  winrate=0.277  n_markets_traded=119.000  herfindahl_index_markets=0.040
12:00:52 [super]   #1839  0x2cc789aa01ce725e495551dbe43421347f49af3c  prob=0.0363 (raw=0.0298)  vol=$1,580  trades=8  first_trade=2026-02-09 04:47  winrate=0.924  n_markets_traded=661.000  herfindahl_index_markets=0.005
12:00:52 [super]   #1840  0x86f013f97008f296c7301bd233d2e915e721be32  prob=0.0363 (raw=0.0297)  vol=$110  trades=4  first_trade=2026-02-09 01:36  winrate=0.662  n_markets_traded=357.000  herfindahl_index_markets=0.009
12:00:52 [super]   #1841  0xae9e50c02902f14d491be282c17ed4234bbfbd66  prob=0.0363 (raw=0.0297)  vol=$1,528  trades=2  first_trade=2026-02-09 04:53  winrate=0.079  n_markets_traded=38.000  herfindahl_index_markets=0.086
12:00:52 [super]   #1842  0x15c77a9ef09e541632c6152c60a6c94fd96000b1  prob=0.0363 (raw=0.0297)  vol=$9  trades=2  first_trade=2026-02-09 02:24  winrate=0.545  n_markets_traded=44.000  herfindahl_index_markets=0.166
12:00:52 [super]   #1843  0x0418f8303054fb4321d5619cb53ad4e3febd966e  prob=0.0363 (raw=0.0297)  vol=$134  trades=6  first_trade=2026-02-08 11:47  winrate=0.727  n_markets_traded=66.000  herfindahl_index_markets=0.053
12:00:52 [super]   #1844  0xc0eb7be9e80362dd69b6167df461f9f882d36d57  prob=0.0362 (raw=0.0296)  vol=$71  trades=4  first_trade=2026-02-09 01:29  winrate=0.627  n_markets_traded=197.000  herfindahl_index_markets=0.048
12:00:52 [super]   #1845  0xbdd5a28e10de9518bc8264e96bce2a60b602a9ba  prob=0.0362 (raw=0.0296)  vol=$4  trades=4  first_trade=2026-02-09 08:09  winrate=0.000  n_markets_traded=24.000  herfindahl_index_markets=0.121
12:00:52 [super]   #1846  0x7811abe7464886ab30aa451f90b14782c0bd0068  prob=0.0362 (raw=0.0296)  vol=$4  trades=4  first_trade=2026-02-09 08:09  winrate=0.000  n_markets_traded=24.000  herfindahl_index_markets=0.117
12:00:52 [super]   #1847  0x21fa86c3bd45462a27ebb70d63437c316fc86b35  prob=0.0362 (raw=0.0296)  vol=$4  trades=4  first_trade=2026-02-09 08:09  winrate=0.000  n_markets_traded=25.000  herfindahl_index_markets=0.112
12:00:52 [super]   #1848  0xb294b0b4831553bb6fb499f7c2f1779a3e7c0e2b  prob=0.0362 (raw=0.0296)  vol=$52  trades=4  first_trade=2026-02-08 19:47  winrate=0.250  n_markets_traded=16.000  herfindahl_index_markets=0.137
12:00:52 [super]   #1849  0xa2ce6f59ec8773c8611d3c133798064adeb8ccff  prob=0.0362 (raw=0.0296)  vol=$98  trades=2  first_trade=2026-02-09 13:16  winrate=0.680  n_markets_traded=50.000  herfindahl_index_markets=0.037
12:00:52 [super]   #1850  0xee4fe0dd2e309be92c734de2c0004a96b67cc0f0  prob=0.0362 (raw=0.0296)  vol=$1,182  trades=9  first_trade=2026-02-08 23:47  winrate=0.387  n_markets_traded=124.000  herfindahl_index_markets=0.024
12:00:52 [super]   #1851  0x9aa5b732031e970ed856be2dcb38c8f8b349c11a  prob=0.0362 (raw=0.0295)  vol=$2,810  trades=2  first_trade=2026-02-11 05:17  winrate=0.457  n_markets_traded=42.000  herfindahl_index_markets=0.068
12:00:52 [super]   #1852  0x31f28813363d3093de54cc01b136c8da36994921  prob=0.0362 (raw=0.0295)  vol=$16  trades=2  first_trade=2026-01-10 12:04  winrate=0.250  n_markets_traded=12.000  herfindahl_index_markets=0.246
12:00:52 [super]   #1853  0x0b59dcbda6a5a2ec5c5d428778d02003449c7155  prob=0.0362 (raw=0.0295)  vol=$403  trades=16  first_trade=2026-02-09 02:41  winrate=0.605  n_markets_traded=402.000  herfindahl_index_markets=0.009
12:00:52 [super]   #1854  0x0539e938ded9dcde44a382de5ef5b2f9208470f9  prob=0.0362 (raw=0.0295)  vol=$402  trades=5  first_trade=2026-02-08 21:00  winrate=0.222  n_markets_traded=212.000  herfindahl_index_markets=0.050
12:00:52 [super]   #1855  0xecf4d3d0a960f0f4460761fe4672a14479799979  prob=0.0362 (raw=0.0295)  vol=$745  trades=8  first_trade=2026-02-09 02:22  winrate=0.496  n_markets_traded=209.000  herfindahl_index_markets=0.030
12:00:52 [super]   #1856  0x7c8bd6052908db57be186b8425c8bc13d61b69e3  prob=0.0362 (raw=0.0295)  vol=$1,000  trades=2  first_trade=2026-02-09 07:06  winrate=0.300  n_markets_traded=20.000  herfindahl_index_markets=0.099
12:00:52 [super]   #1857  0x6a3638b9fe45ab43e61a7f0c15d3806044218417  prob=0.0362 (raw=0.0294)  vol=$7  trades=2  first_trade=2026-01-10 14:44  winrate=0.182  n_markets_traded=11.000  herfindahl_index_markets=0.250
12:00:52 [super]   #1858  0x05b33c9d7fff33c8364fc5c425da02a23ce844c0  prob=0.0362 (raw=0.0293)  vol=$64  trades=26  first_trade=2026-02-08 17:35  winrate=0.407  n_markets_traded=27.000  herfindahl_index_markets=0.086
12:00:52 [super]   #1859  0xe3b0072b6e009e8b5d37abffbc9bafdb9add6935  prob=0.0362 (raw=0.0293)  vol=$20  trades=4  first_trade=2026-02-09 09:57  winrate=0.803  n_markets_traded=76.000  herfindahl_index_markets=0.019
12:00:52 [super]   #1860  0xae501177e3863df181c3fcfc26b6b78fe2cf0119  prob=0.0362 (raw=0.0293)  vol=$167  trades=7  first_trade=2026-02-07 20:32  winrate=NaN  n_markets_traded=0.000  herfindahl_index_markets=0.000
12:00:52 [super]   #1861  0x1cafd0f62a9cb0220955a8bfae5312ca540fead4  prob=0.0362 (raw=0.0292)  vol=$2  trades=4  first_trade=2026-02-09 23:52  winrate=0.636  n_markets_traded=33.000  herfindahl_index_markets=0.080
12:00:52 [super]   #1862  0x477f156a229f1a174fdf945c778b7362dd2b19aa  prob=0.0362 (raw=0.0292)  vol=$56,707  trades=64  first_trade=2026-02-09 01:21  winrate=NaN  n_markets_traded=0.000  herfindahl_index_markets=0.000
12:00:52 [super]   #1863  0xd76c92c0c7b048358f6e3a9b50bd5d629180053d  prob=0.0362 (raw=0.0291)  vol=$90  trades=2  first_trade=2026-02-10 02:48  winrate=0.127  n_markets_traded=55.000  herfindahl_index_markets=0.027
12:00:52 [super]   #1864  0x29f1572fad85d60c1804e8a65642d4b1432fce5f  prob=0.0362 (raw=0.0291)  vol=$4  trades=2  first_trade=2026-02-09 09:56  winrate=0.385  n_markets_traded=65.000  herfindahl_index_markets=0.057
12:00:52 [super]   #1865  0x18b2f4a8050b4c431e07d8905fc771dc047d0ef9  prob=0.0362 (raw=0.0291)  vol=$500  trades=2  first_trade=2026-02-09 15:08  winrate=0.392  n_markets_traded=217.000  herfindahl_index_markets=0.033
12:00:52 [super]   #1866  0x982e4bea49d0c76e60b94bf48722b26a414ef467  prob=0.0362 (raw=0.0291)  vol=$47  trades=18  first_trade=2026-02-09 08:33  winrate=0.446  n_markets_traded=332.000  herfindahl_index_markets=0.004
12:00:52 [super]   #1867  0x08c2bc0abfc687b994ade1d443e8576248a8bcc1  prob=0.0362 (raw=0.0291)  vol=$333  trades=2  first_trade=2026-02-09 06:01  winrate=0.400  n_markets_traded=10.000  herfindahl_index_markets=0.128
12:00:52 [super]   #1868  0x4075a7da83c5c1dbb2b4c4e735aa7e3197448974  prob=0.0362 (raw=0.0290)  vol=$170  trades=2  first_trade=2026-02-09 13:14  winrate=0.794  n_markets_traded=63.000  herfindahl_index_markets=0.030
12:00:52 [super]   #1869  0x29493f91b9d939faba368e35f914d9e66c8fbcca  prob=0.0362 (raw=0.0290)  vol=$8  trades=6  first_trade=2026-02-09 04:21  winrate=0.070  n_markets_traded=71.000  herfindahl_index_markets=0.029
12:00:52 [super]   #1870  0x4edd3fa47221204993286b26123ad19e4a83480c  prob=0.0362 (raw=0.0290)  vol=$8  trades=2  first_trade=2026-01-10 21:53  winrate=0.000  n_markets_traded=13.000  herfindahl_index_markets=0.183
12:00:52 [super]   #1871  0x56446e840ab331ce4547cdef898f4d96380805a9  prob=0.0362 (raw=0.0290)  vol=$215  trades=7  first_trade=2026-02-09 01:38  winrate=0.530  n_markets_traded=538.000  herfindahl_index_markets=0.009
12:00:52 [super]   #1872  0xee3bd8e17be4ea1630df00fb99f0e61eb612657c  prob=0.0362 (raw=0.0290)  vol=$299  trades=3  first_trade=2026-02-09 10:44  winrate=0.313  n_markets_traded=243.000  herfindahl_index_markets=0.022
12:00:52 [super]   #1873  0xaea78f00ce8fafd4eb64e0327184a4fa870581c3  prob=0.0361 (raw=0.0289)  vol=$17  trades=4  first_trade=2026-01-10 12:04  winrate=0.200  n_markets_traded=10.000  herfindahl_index_markets=0.235
12:00:52 [super]   #1874  0x997e4b6287e194b107ce2c2f002da05c665586f4  prob=0.0361 (raw=0.0289)  vol=$1  trades=2  first_trade=2026-02-09 23:08  winrate=0.864  n_markets_traded=22.000  herfindahl_index_markets=0.082
12:00:52 [super]   #1875  0x47f2d77c62f8634cc981137a3b9552a5f7dd4564  prob=0.0361 (raw=0.0289)  vol=$4  trades=4  first_trade=2026-02-09 08:09  winrate=0.037  n_markets_traded=27.000  herfindahl_index_markets=0.096
12:00:52 [super]   #1876  0x29b92a6e8e6eba9250e52f28febdb25201318654  prob=0.0361 (raw=0.0289)  vol=$4  trades=4  first_trade=2026-02-09 08:22  winrate=0.043  n_markets_traded=23.000  herfindahl_index_markets=0.133
12:00:52 [super]   #1877  0xe78d818d544f4f7a30acb8ab97b7dae954a67aff  prob=0.0361 (raw=0.0289)  vol=$4  trades=4  first_trade=2026-02-09 08:22  winrate=0.043  n_markets_traded=23.000  herfindahl_index_markets=0.150
12:00:52 [super]   #1878  0x9d2586811f6c90eb7af98a3306803203be794de6  prob=0.0361 (raw=0.0289)  vol=$4  trades=4  first_trade=2026-02-09 08:22  winrate=0.045  n_markets_traded=22.000  herfindahl_index_markets=0.140
12:00:52 [super]   #1879  0x819a1e4ab20a7c255557c2e10a8006fea4f48caa  prob=0.0361 (raw=0.0289)  vol=$4  trades=4  first_trade=2026-02-09 08:21  winrate=0.042  n_markets_traded=24.000  herfindahl_index_markets=0.117
12:00:52 [super]   #1880  0x55929a5fe3a24c42de536796f02ae46f0d5deba3  prob=0.0361 (raw=0.0289)  vol=$8  trades=6  first_trade=2026-02-09 04:21  winrate=0.061  n_markets_traded=66.000  herfindahl_index_markets=0.024
12:00:52 [super]   #1881  0x60f1be4480baadfb712b36f6e2a1be9142138eaf  prob=0.0361 (raw=0.0289)  vol=$8  trades=6  first_trade=2026-02-09 04:25  winrate=0.058  n_markets_traded=69.000  herfindahl_index_markets=0.024
12:00:52 [super]   #1882  0x3d91a4964af93480d77d21a4bab40f8fc745b320  prob=0.0361 (raw=0.0289)  vol=$4  trades=4  first_trade=2026-02-09 08:09  winrate=0.038  n_markets_traded=26.000  herfindahl_index_markets=0.107
12:00:52 [super]   #1883  0xfa12c82c37440800611b8707f7293aead2516924  prob=0.0361 (raw=0.0289)  vol=$4  trades=4  first_trade=2026-02-09 08:21  winrate=0.045  n_markets_traded=22.000  herfindahl_index_markets=0.135
12:00:52 [super]   #1884  0x4d03025cbc55a00002cc44a522ba2e1f9f6445d3  prob=0.0361 (raw=0.0289)  vol=$4  trades=4  first_trade=2026-02-09 04:28  winrate=0.056  n_markets_traded=72.000  herfindahl_index_markets=0.023
12:00:52 [super]   #1885  0xa89ebb7ac1a4a5b87c19e703d0f3b6d2aa6848b9  prob=0.0361 (raw=0.0289)  vol=$4  trades=4  first_trade=2026-02-09 04:25  winrate=0.055  n_markets_traded=73.000  herfindahl_index_markets=0.023
12:00:52 [super]   #1886  0x1a55b70bab92746e98ef47bc453e8d57caeadf56  prob=0.0361 (raw=0.0289)  vol=$4  trades=4  first_trade=2026-02-09 04:25  winrate=0.043  n_markets_traded=70.000  herfindahl_index_markets=0.022
12:00:52 [super]   #1887  0x525560901ffd4aed3f9cdaad466f53f9ba1008eb  prob=0.0361 (raw=0.0289)  vol=$4  trades=4  first_trade=2026-02-09 08:22  winrate=0.045  n_markets_traded=22.000  herfindahl_index_markets=0.129
12:00:52 [super]   #1888  0x9a8b95a555ec59f732cebd963e573dc0f3a3ec4e  prob=0.0361 (raw=0.0289)  vol=$4  trades=4  first_trade=2026-02-09 08:22  winrate=0.042  n_markets_traded=24.000  herfindahl_index_markets=0.118
12:00:52 [super]   #1889  0x94faf9cd85ed981b784c72b02565b88a139fb8d9  prob=0.0361 (raw=0.0289)  vol=$4  trades=4  first_trade=2026-02-09 04:25  winrate=0.057  n_markets_traded=70.000  herfindahl_index_markets=0.023
12:00:52 [super]   #1890  0xca6472205c73a8b601f4754712de4abe6c149032  prob=0.0361 (raw=0.0289)  vol=$4  trades=4  first_trade=2026-02-09 08:22  winrate=0.048  n_markets_traded=21.000  herfindahl_index_markets=0.136
12:00:52 [super]   #1891  0x824ff22fdd477bdca5d3ae1dfb6ac5378a0a8984  prob=0.0361 (raw=0.0289)  vol=$4  trades=4  first_trade=2026-02-09 04:25  winrate=0.043  n_markets_traded=69.000  herfindahl_index_markets=0.028
12:00:52 [super]   #1892  0xc8a11b4f074e1feca59a7a56b5d7cffb1fb732fd  prob=0.0361 (raw=0.0289)  vol=$4  trades=4  first_trade=2026-02-09 08:22  winrate=0.043  n_markets_traded=23.000  herfindahl_index_markets=0.118
12:00:52 [super]   #1893  0x5ea8f774d20b3d9e15d9e509022900a3c370f7a2  prob=0.0361 (raw=0.0288)  vol=$170  trades=2  first_trade=2026-02-09 13:16  winrate=0.780  n_markets_traded=50.000  herfindahl_index_markets=0.033
12:00:52 [super]   #1894  0xeaa368add2dcdfbb465f51773bc9a1bd2ee5841c  prob=0.0361 (raw=0.0288)  vol=$2,949  trades=25  first_trade=2026-02-07 23:39  winrate=0.350  n_markets_traded=20.000  herfindahl_index_markets=0.126
12:00:52 [super]   #1895  0x6bab48832fb79c3b976295e167894ee4cfa82022  prob=0.0361 (raw=0.0287)  vol=$162  trades=9  first_trade=2026-02-08 23:02  winrate=0.451  n_markets_traded=366.000  herfindahl_index_markets=0.010
12:00:52 [super]   #1896  0xf7af8716263c215ecba3f5f2b073c14cffdcbbf1  prob=0.0361 (raw=0.0287)  vol=$391  trades=21  first_trade=2026-02-07 14:15  winrate=0.420  n_markets_traded=200.000  herfindahl_index_markets=0.024
12:00:52 [super]   #1897  0x9099360204e729deece0669e26caa94c522f8491  prob=0.0361 (raw=0.0287)  vol=$92  trades=5  first_trade=2025-11-21 14:47  winrate=NaN  n_markets_traded=0.000  herfindahl_index_markets=0.000
12:00:52 [super]   #1898  0x7fb39780456de1888a3909460a6db00fc004921f  prob=0.0361 (raw=0.0286)  vol=$112  trades=2  first_trade=2026-02-09 07:29  winrate=0.652  n_markets_traded=69.000  herfindahl_index_markets=0.046
12:00:52 [super]   #1899  0xc6798d30c581194d3ec617aefa2983260c784c07  prob=0.0361 (raw=0.0286)  vol=$88  trades=2  first_trade=2026-02-09 19:17  winrate=0.082  n_markets_traded=61.000  herfindahl_index_markets=0.023
12:00:52 [super]   #1900  0x3da3b06c0f9fc8edafd72fbacbf12dca21926bab  prob=0.0361 (raw=0.0286)  vol=$4  trades=4  first_trade=2026-02-09 08:09  winrate=0.037  n_markets_traded=27.000  herfindahl_index_markets=0.100
12:00:52 [super]   #1901  0x751ceb3a7063a6cb526f5864db735b8130edfe44  prob=0.0361 (raw=0.0286)  vol=$4  trades=4  first_trade=2026-02-09 04:25  winrate=0.032  n_markets_traded=63.000  herfindahl_index_markets=0.030
12:00:52 [super]   #1902  0x59b5617eac25e5a284a858d6496157dcdd221cdc  prob=0.0361 (raw=0.0286)  vol=$4  trades=4  first_trade=2026-02-09 08:09  winrate=0.036  n_markets_traded=28.000  herfindahl_index_markets=0.095
12:00:52 [super]   #1903  0x72cb5dd7dda45b4edbe7e76fbd34b38286ef542e  prob=0.0361 (raw=0.0286)  vol=$826  trades=10  first_trade=2026-02-09 02:00  winrate=0.462  n_markets_traded=104.000  herfindahl_index_markets=0.030
12:00:52 [super]   #1904  0xe8a68017820cc850b4d13cfd8a165eb438b4644b  prob=0.0361 (raw=0.0286)  vol=$939  trades=52  first_trade=2026-02-08 19:39  winrate=NaN  n_markets_traded=0.000  herfindahl_index_markets=0.000
12:00:52 [super]   #1905  0xab7265c3932b786bc0cf102f04e1af9818dab70d  prob=0.0361 (raw=0.0286)  vol=$1,069  trades=9  first_trade=2026-02-09 01:18  winrate=0.311  n_markets_traded=159.000  herfindahl_index_markets=0.042
12:00:52 [super]   #1906  0xd0a6674468db9291444cbbc986db881d2a42b933  prob=0.0361 (raw=0.0286)  vol=$1,000  trades=2  first_trade=2026-02-10 20:24  winrate=0.107  n_markets_traded=112.000  herfindahl_index_markets=0.019
12:00:52 [super]   #1907  0x5198e373b0f6d97c30d5dc9ad040bfbedb848993  prob=0.0361 (raw=0.0286)  vol=$189  trades=4  first_trade=2026-02-09 08:32  winrate=0.579  n_markets_traded=145.000  herfindahl_index_markets=0.021
12:00:52 [super]   #1908  0xe44c56cc38983e7bd9d9a89705da819bb60747bd  prob=0.0361 (raw=0.0285)  vol=$1  trades=2  first_trade=2026-02-09 08:43  winrate=0.556  n_markets_traded=18.000  herfindahl_index_markets=0.063
12:00:52 [super]   #1909  0x5bfa0627d533e29faeac9255cd8150a444d4f779  prob=0.0361 (raw=0.0285)  vol=$85  trades=11  first_trade=2026-02-09 02:38  winrate=0.525  n_markets_traded=118.000  herfindahl_index_markets=0.052
12:00:52 [super]   #1910  0xb17631b22b51784e5e00880326fb7b79093a9e86  prob=0.0361 (raw=0.0285)  vol=$61  trades=6  first_trade=2026-02-08 06:32  winrate=0.200  n_markets_traded=30.000  herfindahl_index_markets=0.106
12:00:52 [super]   #1911  0x8dcd3e57838325a83bfe04dd7d996c4249fec655  prob=0.0361 (raw=0.0285)  vol=$963  trades=5  first_trade=2026-02-09 03:35  winrate=0.200  n_markets_traded=10.000  herfindahl_index_markets=0.202
12:00:52 [super]   #1912  0x11609c964cd9248b5041f4723ea6d1fc1a73b32a  prob=0.0361 (raw=0.0285)  vol=$78  trades=2  first_trade=2026-02-09 17:50  winrate=0.132  n_markets_traded=53.000  herfindahl_index_markets=0.028
12:00:52 [super]   #1913  0x6422a5580ff9629d4c97a444f41bb932d978a346  prob=0.0361 (raw=0.0285)  vol=$340  trades=68  first_trade=2026-02-09 07:00  winrate=0.562  n_markets_traded=178.000  herfindahl_index_markets=0.107
12:00:52 [super]   #1914  0xa86bc0d62fb6ba457f666a1ac1c362482df731ae  prob=0.0361 (raw=0.0285)  vol=$108  trades=2  first_trade=2026-02-09 13:17  winrate=0.774  n_markets_traded=51.000  herfindahl_index_markets=0.035
12:00:52 [super]   #1915  0x255d947fd24147843160344ad6a66938d547930e  prob=0.0361 (raw=0.0285)  vol=$4  trades=2  first_trade=2026-01-10 21:59  winrate=0.111  n_markets_traded=9.000  herfindahl_index_markets=0.188
12:00:52 [super]   #1916  0xcfe74ec2f70b87bddb673a8e1778495b4d2b5bad  prob=0.0361 (raw=0.0284)  vol=$112  trades=2  first_trade=2026-02-09 23:16  winrate=0.113  n_markets_traded=62.000  herfindahl_index_markets=0.037
12:00:52 [super]   #1917  0x23012f0e89f2a4e5fe18de6c294e1fe6ba4bd847  prob=0.0361 (raw=0.0284)  vol=$0  trades=1  first_trade=2026-02-09 04:16  winrate=0.317  n_markets_traded=445.000  herfindahl_index_markets=0.038
12:00:52 [super]   #1918  0xf11026071347d50dde33de49ab247e629268408b  prob=0.0361 (raw=0.0284)  vol=$277  trades=4  first_trade=2026-02-09 07:54  winrate=0.542  n_markets_traded=107.000  herfindahl_index_markets=0.037
12:00:52 [super]   #1919  0x49ccf5916d33d95b5f664077cf58ed502b9f0573  prob=0.0361 (raw=0.0284)  vol=$172  trades=4  first_trade=2026-02-09 07:35  winrate=0.512  n_markets_traded=166.000  herfindahl_index_markets=0.018
12:00:52 [super]   #1920  0x295347a4c2c1c42d72a614eaf7055c646a462ed5  prob=0.0361 (raw=0.0283)  vol=$82  trades=3  first_trade=2025-09-29 02:47  winrate=NaN  n_markets_traded=0.000  herfindahl_index_markets=0.000
12:00:52 [super]   #1921  0x1b227ddc93637cfae5bc3c8a440c4f12c66d4b73  prob=0.0360 (raw=0.0283)  vol=$10  trades=3  first_trade=2026-02-08 06:23  winrate=0.554  n_markets_traded=1114.000  herfindahl_index_markets=0.003
12:00:52 [super]   #1922  0xc7fb8091180ed36a73aec417233fc381d7d1b665  prob=0.0360 (raw=0.0283)  vol=$26  trades=4  first_trade=2026-02-09 01:38  winrate=0.637  n_markets_traded=160.000  herfindahl_index_markets=0.011
12:00:52 [super]   #1923  0xb15ffaf21d7584fdaa73e193b33d18796717c9d6  prob=0.0360 (raw=0.0283)  vol=$92  trades=2  first_trade=2026-02-09 20:19  winrate=0.158  n_markets_traded=38.000  herfindahl_index_markets=0.035
12:00:52 [super]   #1924  0x3e404c6a250584b14f3c0595d411fb734987224e  prob=0.0360 (raw=0.0282)  vol=$74  trades=8  first_trade=2026-02-08 12:01  winrate=NaN  n_markets_traded=0.000  herfindahl_index_markets=0.000
12:00:52 [super]   #1925  0xe1688212693d4762a756421a1da029df7f1b87bf  prob=0.0360 (raw=0.0282)  vol=$79  trades=2  first_trade=2026-02-10 03:07  winrate=0.866  n_markets_traded=67.000  herfindahl_index_markets=0.039
12:00:52 [super]   #1926  0x45dff082820d7ac2c34f2aa33e58a84c750cde2c  prob=0.0360 (raw=0.0282)  vol=$85  trades=2  first_trade=2026-02-10 03:07  winrate=0.919  n_markets_traded=62.000  herfindahl_index_markets=0.042
12:00:52 [super]   #1927  0xa8cbfead9533908faafcf2e99bac326991349cb3  prob=0.0360 (raw=0.0282)  vol=$76  trades=2  first_trade=2026-02-09 13:17  winrate=0.796  n_markets_traded=49.000  herfindahl_index_markets=0.035
12:00:52 [super]   #1928  0x2fd086950b24f99d58fdc1c509bc43d4cca411db  prob=0.0360 (raw=0.0281)  vol=$22  trades=5  first_trade=2026-02-02 03:22  winrate=0.518  n_markets_traded=114.000  herfindahl_index_markets=0.049
12:00:52 [super]   #1929  0x9bdeb1273ee3d02bac847345cb5276c66cf5688f  prob=0.0360 (raw=0.0281)  vol=$4  trades=4  first_trade=2026-02-08 22:11  winrate=0.081  n_markets_traded=37.000  herfindahl_index_markets=0.108
12:00:52 [super]   #1930  0x346d4e2b830ea9d05c4b58021c4d50de2809828f  prob=0.0360 (raw=0.0280)  vol=$780  trades=15  first_trade=2026-02-09 00:54  winrate=0.412  n_markets_traded=110.000  herfindahl_index_markets=0.024
12:00:52 [super]   #1931  0xda74dab20abd7c1256b4e0277845331ae0e2227d  prob=0.0360 (raw=0.0280)  vol=$3  trades=6  first_trade=2026-02-09 22:50  winrate=0.599  n_markets_traded=524.000  herfindahl_index_markets=0.004
12:00:52 [super]   #1932  0xb8b663931e49b606a6f34c934b9fa9cca962ff7a  prob=0.0360 (raw=0.0279)  vol=$4  trades=2  first_trade=2025-11-05 13:19  winrate=0.125  n_markets_traded=15.000  herfindahl_index_markets=0.101
12:00:52 [super]   #1933  0x86013704e8ad15c894cac802d12362c9ddd56a7c  prob=0.0360 (raw=0.0279)  vol=$31  trades=2  first_trade=2026-02-09 20:49  winrate=0.150  n_markets_traded=60.000  herfindahl_index_markets=0.027
12:00:52 [super]   #1934  0x4e7350fa2b9bd6f56a2cd450d54bad08a3b22151  prob=0.0360 (raw=0.0279)  vol=$438  trades=2  first_trade=2026-02-09 18:53  winrate=0.153  n_markets_traded=59.000  herfindahl_index_markets=0.028
12:00:52 [super]   #1935  0x671b2a8b682a88f9d2c05076f51534486aa29a07  prob=0.0360 (raw=0.0278)  vol=$10,796  trades=13  first_trade=2026-02-09 02:24  winrate=NaN  n_markets_traded=0.000  herfindahl_index_markets=0.000
12:00:52 [super]   #1936  0xac7722612783500aaf7343a3b9fe93342c40a91e  prob=0.0360 (raw=0.0278)  vol=$348  trades=4  first_trade=2026-02-09 03:07  winrate=0.472  n_markets_traded=36.000  herfindahl_index_markets=0.075
12:00:52 [super]   #1937  0xf8613adb69f5f485a22db502617998c27c691d14  prob=0.0360 (raw=0.0278)  vol=$25  trades=28  first_trade=2026-02-09 01:38  winrate=0.536  n_markets_traded=323.000  herfindahl_index_markets=0.011
12:00:52 [super]   #1938  0xd4539f9bbfe1492e060a7e6decb27e430abe75eb  prob=0.0360 (raw=0.0278)  vol=$203  trades=10  first_trade=2025-08-27 11:47  winrate=0.129  n_markets_traded=70.000  herfindahl_index_markets=0.029
12:00:52 [super]   #1939  0xb5549bfeecf5823096790f75de752e9bc4822e6e  prob=0.0360 (raw=0.0278)  vol=$60  trades=2  first_trade=2026-02-09 22:32  winrate=0.113  n_markets_traded=62.000  herfindahl_index_markets=0.042
12:00:52 [super]   #1940  0xf4b3e8bf8bfd25e101251cff25fd15537040af09  prob=0.0360 (raw=0.0277)  vol=$87  trades=6  first_trade=2026-02-08 23:24  winrate=0.389  n_markets_traded=36.000  herfindahl_index_markets=0.130
12:00:52 [super]   #1941  0x6bb6370a7256b13c402870923034f778fd7048c8  prob=0.0360 (raw=0.0277)  vol=$102  trades=2  first_trade=2026-02-09 20:52  winrate=0.123  n_markets_traded=57.000  herfindahl_index_markets=0.023
12:00:52 [super]   #1942  0x6613bf8c5fb679275a4059f40ee48b95237020a6  prob=0.0360 (raw=0.0277)  vol=$2  trades=2  first_trade=2026-02-09 23:08  winrate=0.500  n_markets_traded=22.000  herfindahl_index_markets=0.081
12:00:52 [super]   #1943  0x7193f731609b821d13771719fb29d5c87669748b  prob=0.0360 (raw=0.0277)  vol=$20  trades=2  first_trade=2026-02-09 22:50  winrate=0.536  n_markets_traded=97.000  herfindahl_index_markets=0.025
12:00:52 [super]   #1944  0x09e38abdd75dc021bd44b5f7219a6011ee2079b2  prob=0.0360 (raw=0.0276)  vol=$27  trades=6  first_trade=2026-02-08 06:22  winrate=0.425  n_markets_traded=95.000  herfindahl_index_markets=0.026
12:00:52 [super]   #1945  0x545d774afda84fc2e9530cc0ac052694767fc895  prob=0.0359 (raw=0.0275)  vol=$34  trades=4  first_trade=2026-02-08 21:17  winrate=0.500  n_markets_traded=82.000  herfindahl_index_markets=0.061
12:00:52 [super]   #1946  0x544996fa70147b771934cc6ce9d735e3c84baf5c  prob=0.0359 (raw=0.0275)  vol=$88  trades=2  first_trade=2026-02-09 18:33  winrate=0.178  n_markets_traded=45.000  herfindahl_index_markets=0.030
12:00:52 [super]   #1947  0xa0732063cabac7726aac5a519138143a1637b8bf  prob=0.0359 (raw=0.0275)  vol=$81  trades=2  first_trade=2026-02-09 19:48  winrate=0.113  n_markets_traded=62.000  herfindahl_index_markets=0.025
12:00:52 [super]   #1948  0x9d5e5f4ef1da8a652ea3696b19fdc089bd2c3921  prob=0.0359 (raw=0.0275)  vol=$1,424  trades=7  first_trade=2026-02-09 01:40  winrate=0.500  n_markets_traded=30.000  herfindahl_index_markets=0.115
12:00:52 [super]   #1949  0xf3e6ba1b43c0a1cdea04d4f25b232af6443f54c8  prob=0.0359 (raw=0.0274)  vol=$2  trades=1  first_trade=2026-02-05 16:32  winrate=0.149  n_markets_traded=67.000  herfindahl_index_markets=0.096
12:00:52 [super]   #1950  0x57cc1b0b9de5db61b9276aff6c7896380424da0f  prob=0.0359 (raw=0.0274)  vol=$46  trades=9  first_trade=2026-01-29 09:34  winrate=0.436  n_markets_traded=94.000  herfindahl_index_markets=0.021
12:00:52 [super]   #1951  0x5fe50c22621779e031322c5becb110d1fa0d8b99  prob=0.0359 (raw=0.0274)  vol=$1,374  trades=365  first_trade=2025-09-29 01:50  winrate=NaN  n_markets_traded=0.000  herfindahl_index_markets=0.000
12:00:52 [super]   #1952  0x536d4bc9d916e2e4ae228de122c53dd1840e07fd  prob=0.0359 (raw=0.0273)  vol=$5  trades=2  first_trade=2026-02-09 09:20  winrate=0.716  n_markets_traded=345.000  herfindahl_index_markets=0.136
12:00:52 [super]   #1953  0xa6d6b74cceecb9ff170426b3990238b51e04e38c  prob=0.0359 (raw=0.0273)  vol=$15  trades=2  first_trade=2026-01-10 11:46  winrate=0.100  n_markets_traded=10.000  herfindahl_index_markets=0.175
12:00:52 [super]   #1954  0xbb0a8ef84b56d7ef86825789cca78d919d6c83c1  prob=0.0359 (raw=0.0273)  vol=$175  trades=13  first_trade=2026-02-08 21:12  winrate=0.077  n_markets_traded=13.000  herfindahl_index_markets=0.160
12:00:52 [super]   #1955  0x640f2955bd9a63ae7c880c76629ef6235c6f4cc0  prob=0.0359 (raw=0.0273)  vol=$15  trades=4  first_trade=2026-02-08 06:23  winrate=0.529  n_markets_traded=846.000  herfindahl_index_markets=0.003
12:00:52 [super]   #1956  0xfdb8bcac3118090dfe984304a8740749609cb50a  prob=0.0359 (raw=0.0273)  vol=$20  trades=4  first_trade=2026-02-09 22:50  winrate=0.786  n_markets_traded=168.000  herfindahl_index_markets=0.020
12:00:52 [super]   #1957  0xc684828f6b03487759ced2ebdd975f91f3532228  prob=0.0359 (raw=0.0273)  vol=$95,129  trades=1126  first_trade=2025-12-09 05:08  winrate=NaN  n_markets_traded=0.000  herfindahl_index_markets=0.000
12:00:52 [super]   #1958  0xc602e34792d9a5e129f3404daef2df43d1d37fc1  prob=0.0359 (raw=0.0272)  vol=$1,504  trades=54  first_trade=2025-11-21 05:21  winrate=NaN  n_markets_traded=0.000  herfindahl_index_markets=0.000
12:00:52 [super]   #1959  0x5fe3e0aac855cb9eae5632158732d1843e477eb8  prob=0.0359 (raw=0.0272)  vol=$12  trades=4  first_trade=2026-02-08 23:07  winrate=0.368  n_markets_traded=19.000  herfindahl_index_markets=0.114
12:00:52 [super]   #1960  0x609083960908f90abafa22900f155986989dc78a  prob=0.0359 (raw=0.0272)  vol=$49  trades=2  first_trade=2026-01-28 23:31  winrate=0.374  n_markets_traded=99.000  herfindahl_index_markets=0.046
12:00:52 [super]   #1961  0x426ad8df074058e04606afbe4234747e83471376  prob=0.0359 (raw=0.0272)  vol=$168  trades=15  first_trade=2026-02-08 23:05  winrate=0.514  n_markets_traded=35.000  herfindahl_index_markets=0.063
12:00:52 [super]   #1962  0x0eeae0138e587cf509afd3a5d1154638c4f3f37c  prob=0.0359 (raw=0.0272)  vol=$120  trades=2  first_trade=2026-02-07 21:49  winrate=0.573  n_markets_traded=256.000  herfindahl_index_markets=0.105
12:00:52 [super]   #1963  0xbcfc5970f2fe350ad29bffe0540d9eaed5dcbfb3  prob=0.0359 (raw=0.0272)  vol=$6  trades=4  first_trade=2025-11-05 22:20  winrate=NaN  n_markets_traded=0.000  herfindahl_index_markets=0.000
12:00:52 [super]   #1964  0x8fb90af96e3e68cbe1847473996279b394aab97a  prob=0.0359 (raw=0.0272)  vol=$14  trades=2  first_trade=2025-09-30 07:01  winrate=0.233  n_markets_traded=43.000  herfindahl_index_markets=0.053
12:00:52 [super]   #1965  0xc0e02455817ac5cb3a59cdc4d469d504e9dd1ace  prob=0.0359 (raw=0.0272)  vol=$5,617  trades=24  first_trade=2026-02-08 01:26  winrate=0.420  n_markets_traded=69.000  herfindahl_index_markets=0.035
12:00:52 [super]   #1966  0xb779436770333f8d584dd8a61fba3910c324ab22  prob=0.0359 (raw=0.0271)  vol=$1,603  trades=25  first_trade=2026-02-09 01:31  winrate=NaN  n_markets_traded=0.000  herfindahl_index_markets=0.000
12:00:52 [super]   #1967  0xaef6e52093c8157ff0b387dd23016cba634f0e8d  prob=0.0359 (raw=0.0271)  vol=$68  trades=7  first_trade=2026-02-07 22:00  winrate=0.542  n_markets_traded=216.000  herfindahl_index_markets=0.009
12:00:52 [super]   #1968  0x5fc7b49885e8b110d7243593b5f99832bf8f4880  prob=0.0359 (raw=0.0270)  vol=$69  trades=2  first_trade=2026-02-08 18:05  winrate=0.636  n_markets_traded=22.000  herfindahl_index_markets=0.136
12:00:52 [super]   #1969  0xf82ab3edf9cd9ddfe927aefecec742989123d221  prob=0.0359 (raw=0.0270)  vol=$247  trades=8  first_trade=2026-02-09 04:14  winrate=NaN  n_markets_traded=0.000  herfindahl_index_markets=0.000
12:00:52 [super]   #1970  0x6186b9300e8c8c6d81d5c50724a6b835f1b5c98a  prob=0.0359 (raw=0.0270)  vol=$2,000  trades=2  first_trade=2026-02-10 15:51  winrate=0.161  n_markets_traded=585.000  herfindahl_index_markets=0.014
12:00:52 [super]   #1971  0xcfd9d334098756213c7caf81f508337558a52c47  prob=0.0358 (raw=0.0269)  vol=$1  trades=2  first_trade=2026-02-09 04:16  winrate=NaN  n_markets_traded=0.000  herfindahl_index_markets=0.000
12:00:52 [super]   #1972  0xa24da197d5a99bcfb21ecf45727d27bd8558e967  prob=0.0358 (raw=0.0269)  vol=$8  trades=3  first_trade=2026-01-23 03:19  winrate=0.374  n_markets_traded=91.000  herfindahl_index_markets=0.027
12:00:52 [super]   #1973  0xf72c90c48c3ccdf9f2239c7ac1b309d0d282f818  prob=0.0358 (raw=0.0269)  vol=$757  trades=7  first_trade=2026-02-09 01:46  winrate=0.333  n_markets_traded=42.000  herfindahl_index_markets=0.112
12:00:52 [super]   #1974  0x919ae288ec9ecb242dbf779b7fa811afa17abc17  prob=0.0358 (raw=0.0269)  vol=$13  trades=4  first_trade=2026-02-09 01:37  winrate=0.513  n_markets_traded=117.000  herfindahl_index_markets=0.038
12:00:52 [super]   #1975  0x7c6716fc88e1463ce7649397754b80a162e368f5  prob=0.0358 (raw=0.0268)  vol=$34  trades=4  first_trade=2026-02-09 03:38  winrate=0.240  n_markets_traded=25.000  herfindahl_index_markets=0.141
12:00:52 [super]   #1976  0xb0461a2a046136ec0bcd69a3d8320958cf2439d9  prob=0.0358 (raw=0.0268)  vol=$40  trades=10  first_trade=2026-02-09 22:50  winrate=0.699  n_markets_traded=83.000  herfindahl_index_markets=0.050
12:00:52 [super]   #1977  0x8eee25c36ddae877effaf5f63feb9485457e2521  prob=0.0358 (raw=0.0268)  vol=$6  trades=2  first_trade=2026-01-10 13:00  winrate=0.421  n_markets_traded=19.000  herfindahl_index_markets=0.166
12:00:52 [super]   #1978  0xaa640133d5e5433188f6ac9781d892423c69cfcf  prob=0.0358 (raw=0.0267)  vol=$110  trades=2  first_trade=2026-02-09 08:46  winrate=0.493  n_markets_traded=152.000  herfindahl_index_markets=0.043
12:00:52 [super]   #1979  0x896554276e8b99eec3c0c92edd7450c552649830  prob=0.0358 (raw=0.0267)  vol=$960  trades=7  first_trade=2026-02-08 20:44  winrate=0.333  n_markets_traded=15.000  herfindahl_index_markets=0.101
12:00:52 [super]   #1980  0xd9fa5d994026ce74d4d85a22725637667be66ee7  prob=0.0358 (raw=0.0267)  vol=$15  trades=4  first_trade=2026-02-09 18:32  winrate=0.427  n_markets_traded=131.000  herfindahl_index_markets=0.057
12:00:52 [super]   #1981  0x9c37825dd844c0536c52eb51a49746ce5a4aadf5  prob=0.0358 (raw=0.0267)  vol=$71  trades=8  first_trade=2026-02-03 17:35  winrate=0.399  n_markets_traded=348.000  herfindahl_index_markets=0.017
12:00:52 [super]   #1982  0x11f3c56d0583665247e5a494e8f7709c759ed859  prob=0.0358 (raw=0.0267)  vol=$7,776  trades=10  first_trade=2026-02-09 01:39  winrate=0.664  n_markets_traded=141.000  herfindahl_index_markets=0.023
12:00:52 [super]   #1983  0x5ef5d39d090872805d2e3941e0b0c9aa801bc313  prob=0.0358 (raw=0.0266)  vol=$1,000  trades=2  first_trade=2026-02-10 21:42  winrate=0.270  n_markets_traded=111.000  herfindahl_index_markets=0.016
12:00:52 [super]   #1984  0x33836982c80a9a0cd8c01f76e52209b0378cc5c0  prob=0.0358 (raw=0.0265)  vol=$40  trades=4  first_trade=2026-02-09 08:29  winrate=0.464  n_markets_traded=108.000  herfindahl_index_markets=0.043
12:00:52 [super]   #1985  0xdb0b48e061bd8dcfd8667f1fa022f3d296952e35  prob=0.0358 (raw=0.0265)  vol=$357  trades=6  first_trade=2026-02-09 01:26  winrate=0.229  n_markets_traded=35.000  herfindahl_index_markets=0.047
12:00:52 [super]   #1986  0x47584cda244cd2642bea82b7dbab4c4b0d4f1c31  prob=0.0358 (raw=0.0265)  vol=$228  trades=4  first_trade=2026-02-09 08:17  winrate=0.487  n_markets_traded=80.000  herfindahl_index_markets=0.042
12:00:52 [super]   #1987  0x22dbd51e1a4e10fff072fa24300238c64033190f  prob=0.0358 (raw=0.0264)  vol=$9,282  trades=110  first_trade=2026-02-07 07:50  winrate=NaN  n_markets_traded=0.000  herfindahl_index_markets=0.000
12:00:52 [super]   #1988  0x853ea9e6e45622e4c1872df0b3861406cd175e10  prob=0.0358 (raw=0.0264)  vol=$15  trades=4  first_trade=2026-02-09 01:32  winrate=0.137  n_markets_traded=416.000  herfindahl_index_markets=0.019
12:00:52 [super]   #1989  0x43928e9bcdaff3068b3027a7150dc09222c15723  prob=0.0358 (raw=0.0264)  vol=$3  trades=2  first_trade=2026-02-09 08:43  winrate=0.387  n_markets_traded=155.000  herfindahl_index_markets=0.125
12:00:52 [super]   #1990  0x73ca95bbad55a1ad571644996ae72e0e04de055a  prob=0.0358 (raw=0.0263)  vol=$695  trades=20  first_trade=2026-02-06 21:20  winrate=0.625  n_markets_traded=24.000  herfindahl_index_markets=0.066
12:00:52 [super]   #1991  0x4c94103777a2c465d9b6fe90c412287fc7441b47  prob=0.0358 (raw=0.0263)  vol=$45  trades=2  first_trade=2026-02-08 22:15  winrate=0.535  n_markets_traded=127.000  herfindahl_index_markets=0.016
12:00:52 [super]   #1992  0x77fd7aec1952ea7d042a6eec83bc4782f67db6c8  prob=0.0357 (raw=0.0263)  vol=$1,224  trades=11  first_trade=2026-02-08 21:55  winrate=0.462  n_markets_traded=59.000  herfindahl_index_markets=0.083
12:00:52 [super]   #1993  0x9630b8b1d3b062f014916c688ae9c88df3726603  prob=0.0357 (raw=0.0262)  vol=$131  trades=8  first_trade=2026-02-08 23:24  winrate=0.439  n_markets_traded=98.000  herfindahl_index_markets=0.018
12:00:52 [super]   #1994  0xf54041e823ef08a15d957b8b1c2780bdef2292e4  prob=0.0357 (raw=0.0262)  vol=$250  trades=4  first_trade=2026-02-09 04:08  winrate=0.450  n_markets_traded=138.000  herfindahl_index_markets=0.015
12:00:52 [super]   #1995  0x03fe8c5740b6624ba50d3480176ed7239a22b465  prob=0.0357 (raw=0.0262)  vol=$3  trades=2  first_trade=2025-12-08 00:33  winrate=0.351  n_markets_traded=242.000  herfindahl_index_markets=0.072
12:00:52 [super]   #1996  0x51d997070de3d335b7861123921372021abab0ae  prob=0.0357 (raw=0.0262)  vol=$393  trades=15  first_trade=2026-02-05 07:47  winrate=NaN  n_markets_traded=0.000  herfindahl_index_markets=0.000
12:00:52 [super]   #1997  0x695c1dbc0cf3d4758c8879ea5139c1615d9310a1  prob=0.0357 (raw=0.0262)  vol=$15  trades=6  first_trade=2026-02-09 02:26  winrate=NaN  n_markets_traded=0.000  herfindahl_index_markets=0.000
12:00:52 [super]   #1998  0x03958b38009e652af490b57b067c9722429dc9ed  prob=0.0357 (raw=0.0261)  vol=$344  trades=15  first_trade=2026-01-27 21:33  winrate=0.462  n_markets_traded=103.000  herfindahl_index_markets=0.034
12:00:52 [super]   #1999  0x0f398453aa66ffc69560885621ccb06e0f30d0e7  prob=0.0357 (raw=0.0261)  vol=$1,000  trades=2  first_trade=2026-02-09 20:20  winrate=0.265  n_markets_traded=102.000  herfindahl_index_markets=0.030
12:00:52 [super]   #2000  0x061e4a951906287be0867c27de824cf4a3f48f24  prob=0.0357 (raw=0.0261)  vol=$8  trades=4  first_trade=2026-01-22 05:41  winrate=0.323  n_markets_traded=93.000  herfindahl_index_markets=0.068
12:00:52 [super]   #2001  0xbfcd8845f7de766efa4edf54c9c40323a124c0f2  prob=0.0357 (raw=0.0261)  vol=$90  trades=7  first_trade=2026-01-15 19:35  winrate=0.475  n_markets_traded=80.000  herfindahl_index_markets=0.055
12:00:52 [super]   #2002  0xf910cc50ec0ceecb18a24dee5b9606b5ffa87467  prob=0.0357 (raw=0.0260)  vol=$9,970  trades=8  first_trade=2026-02-09 12:10  winrate=0.857  n_markets_traded=77.000  herfindahl_index_markets=0.024
12:00:52 [super]   #2003  0x9ae19b8abb3b69b6f827750f52a5f2c48f9e67b9  prob=0.0357 (raw=0.0260)  vol=$32  trades=4  first_trade=2026-01-10 19:40  winrate=0.222  n_markets_traded=9.000  herfindahl_index_markets=0.190
12:00:52 [super]   #2004  0xcceb22d524e186153cffe79f13c0aeb75889f030  prob=0.0357 (raw=0.0260)  vol=$834  trades=49  first_trade=2025-08-27 11:47  winrate=NaN  n_markets_traded=0.000  herfindahl_index_markets=0.000
12:00:52 [super]   #2005  0xdf4ab06e130194e725c37ce21fabaf387bfef3ca  prob=0.0357 (raw=0.0260)  vol=$124  trades=2  first_trade=2026-02-10 03:04  winrate=0.904  n_markets_traded=51.000  herfindahl_index_markets=0.058
12:00:52 [super]   #2006  0x6074557e6760ac09fe8395629e6b02d96277c273  prob=0.0357 (raw=0.0260)  vol=$174  trades=2  first_trade=2026-02-10 03:04  winrate=0.870  n_markets_traded=54.000  herfindahl_index_markets=0.055
12:00:52 [super]   #2007  0x32c405eea72bdd8549559c51705feba4a433ed7d  prob=0.0357 (raw=0.0260)  vol=$157  trades=2  first_trade=2026-02-10 03:04  winrate=0.920  n_markets_traded=48.000  herfindahl_index_markets=0.058
12:00:52 [super]   #2008  0x1217e8c1a9422095b619fb57e8f3085cdb54d5d3  prob=0.0357 (raw=0.0259)  vol=$19  trades=4  first_trade=2026-02-08 23:36  winrate=0.621  n_markets_traded=567.000  herfindahl_index_markets=0.006
12:00:52 [super]   #2009  0x13a2e4bf2b54311c3159df3a240a28ef92c25e27  prob=0.0357 (raw=0.0259)  vol=$500  trades=2  first_trade=2026-02-10 00:26  winrate=0.211  n_markets_traded=166.000  herfindahl_index_markets=0.071
12:00:52 [super]   #2010  0xe37be9f71637a32fc4b8b92430e04180dbb70e27  prob=0.0357 (raw=0.0259)  vol=$3,333  trades=2  first_trade=2026-02-09 06:22  winrate=0.180  n_markets_traded=89.000  herfindahl_index_markets=0.051
12:00:52 [super]   #2011  0xae8c7706771353860e57875fc91baf877fb6b99b  prob=0.0357 (raw=0.0259)  vol=$863  trades=17  first_trade=2026-02-09 01:30  winrate=0.411  n_markets_traded=56.000  herfindahl_index_markets=0.044
12:00:52 [super]   #2012  0x945a49252f772a10c6ddd1d1e1e24ee20438a48c  prob=0.0357 (raw=0.0259)  vol=$327  trades=121  first_trade=2026-02-05 07:48  winrate=NaN  n_markets_traded=0.000  herfindahl_index_markets=0.000
12:00:52 [super]   #2013  0x0982f12dcd1b2b04b55c31110d9907d3849d7ab7  prob=0.0357 (raw=0.0259)  vol=$25  trades=10  first_trade=2026-02-09 22:50  winrate=0.497  n_markets_traded=375.000  herfindahl_index_markets=0.005
12:00:52 [super]   #2014  0x31436bde35c25c3714e0c3e7fbd14a22107581b1  prob=0.0357 (raw=0.0258)  vol=$2,511  trades=9  first_trade=2026-02-09 01:56  winrate=0.364  n_markets_traded=79.000  herfindahl_index_markets=0.038
12:00:52 [super]   #2015  0xabddae2204448ecd763329942a6ac0500d522d96  prob=0.0357 (raw=0.0258)  vol=$13  trades=4  first_trade=2026-02-09 00:48  winrate=NaN  n_markets_traded=0.000  herfindahl_index_markets=0.000
12:00:52 [super]   #2016  0x5afa3d23b51333ae892704b5818c7ce9343c3dd1  prob=0.0357 (raw=0.0258)  vol=$57  trades=2  first_trade=2026-02-08 23:48  winrate=NaN  n_markets_traded=0.000  herfindahl_index_markets=0.000
12:00:52 [super]   #2017  0x5cf19e49d10126089f53f456d056c94e3e758277  prob=0.0357 (raw=0.0258)  vol=$367  trades=4  first_trade=2026-02-09 02:05  winrate=0.479  n_markets_traded=169.000  herfindahl_index_markets=0.013
12:00:52 [super]   #2018  0x9dfe8951a997ae15f034790435b122cc19a1c228  prob=0.0357 (raw=0.0257)  vol=$91  trades=7  first_trade=2026-02-08 21:42  winrate=0.667  n_markets_traded=15.000  herfindahl_index_markets=0.096
12:00:52 [super]   #2019  0xe67109f5e31040d2cc108c838e7cf22e0a32a682  prob=0.0357 (raw=0.0257)  vol=$399  trades=6  first_trade=2026-02-08 23:59  winrate=NaN  n_markets_traded=0.000  herfindahl_index_markets=0.000
12:00:52 [super]   #2020  0x631c2b93ff03c21d29b2b73af4ff965e88ea450f  prob=0.0357 (raw=0.0257)  vol=$107,168  trades=74  first_trade=2026-02-09 02:28  winrate=NaN  n_markets_traded=0.000  herfindahl_index_markets=0.000
12:00:52 [super]   #2021  0xb8ca57d07560d8ac7675d17ee93b0e7bcbe23d64  prob=0.0357 (raw=0.0257)  vol=$9  trades=2  first_trade=2026-02-08 16:20  winrate=0.400  n_markets_traded=20.000  herfindahl_index_markets=0.134
12:00:52 [super]   #2022  0x9934b76667c9f3ff803ff028e1e897887c076078  prob=0.0357 (raw=0.0257)  vol=$274  trades=15  first_trade=2026-02-07 20:38  winrate=NaN  n_markets_traded=0.000  herfindahl_index_markets=0.000
12:00:52 [super]   #2023  0x27621dadc65fa6e1ad2105b4500a6a7b584ed65a  prob=0.0357 (raw=0.0256)  vol=$894  trades=13  first_trade=2026-02-08 00:51  winrate=0.548  n_markets_traded=155.000  herfindahl_index_markets=0.020
12:00:52 [super]   #2024  0xc8ac4e1cd272d33b099b2dbd2e42c97c62b05982  prob=0.0357 (raw=0.0256)  vol=$87  trades=2  first_trade=2026-02-09 22:48  winrate=0.141  n_markets_traded=71.000  herfindahl_index_markets=0.035
12:00:52 [super]   #2025  0xbda75867a62ed9cc3b9d86aae35fb0d71efeaad3  prob=0.0357 (raw=0.0256)  vol=$29  trades=7  first_trade=2026-02-08 09:14  winrate=0.448  n_markets_traded=29.000  herfindahl_index_markets=0.061
12:00:52 [super]   #2026  0xa375107f5378ff3c964740008ef2aba762c10374  prob=0.0356 (raw=0.0256)  vol=$20  trades=4  first_trade=2026-02-02 00:52  winrate=0.058  n_markets_traded=52.000  herfindahl_index_markets=0.029
12:00:52 [super]   #2027  0x8f386207445b27e057710b0fc3810e8f3287c7e6  prob=0.0356 (raw=0.0255)  vol=$22  trades=4  first_trade=2026-02-08 17:36  winrate=0.485  n_markets_traded=163.000  herfindahl_index_markets=0.013
12:00:52 [super]   #2028  0x7e5f969022125d19281f51fab897d53ddcd695e2  prob=0.0356 (raw=0.0255)  vol=$1,530  trades=54  first_trade=2026-02-07 23:58  winrate=NaN  n_markets_traded=0.000  herfindahl_index_markets=0.000
12:00:52 [super]   #2029  0xbe746e1bb98b7d327da97daa8f3be61a048fdf6e  prob=0.0356 (raw=0.0255)  vol=$191  trades=2  first_trade=2026-02-10 03:04  winrate=0.830  n_markets_traded=45.000  herfindahl_index_markets=0.061
12:00:52 [super]   #2030  0x07cf80fbecbb58e23d5ed977af7be3c09e7aa9fa  prob=0.0356 (raw=0.0254)  vol=$2,526  trades=20  first_trade=2026-02-09 03:01  winrate=NaN  n_markets_traded=0.000  herfindahl_index_markets=0.000
12:00:52 [super]   #2031  0xecc15a2ffdfb915c6743527e905af435736ce857  prob=0.0356 (raw=0.0254)  vol=$23  trades=4  first_trade=2026-02-09 00:35  winrate=0.211  n_markets_traded=19.000  herfindahl_index_markets=0.148
12:00:52 [super]   #2032  0x64e353e73e82f48a4a3a530c73ed3cea186f00ce  prob=0.0356 (raw=0.0254)  vol=$23  trades=8  first_trade=2026-02-08 17:33  winrate=0.000  n_markets_traded=11.000  herfindahl_index_markets=0.117
12:00:52 [super]   #2033  0x0ff48d95cd61cf1b3a7e7fc4e34a18c12f0c5a79  prob=0.0356 (raw=0.0254)  vol=$110  trades=7  first_trade=2026-02-08 13:53  winrate=0.436  n_markets_traded=39.000  herfindahl_index_markets=0.111
12:00:52 [super]   #2034  0xccc64b3d2647166fbbe487a49ca145e2769aa5f1  prob=0.0356 (raw=0.0254)  vol=$329  trades=5  first_trade=2026-02-09 03:34  winrate=NaN  n_markets_traded=0.000  herfindahl_index_markets=0.000
12:00:52 [super]   #2035  0x755a0e86f6c5b9bc128cc4091b227a6915539748  prob=0.0356 (raw=0.0254)  vol=$90  trades=5  first_trade=2026-01-15 07:58  winrate=0.460  n_markets_traded=214.000  herfindahl_index_markets=0.016
12:00:52 [super]   #2036  0xd33459882d3c1d7d4a3e100e1572d1ef4ac1fcc2  prob=0.0356 (raw=0.0253)  vol=$53  trades=4  first_trade=2026-02-09 01:22  winrate=0.322  n_markets_traded=323.000  herfindahl_index_markets=0.014
12:00:52 [super]   #2037  0x74470745edfafc1fe34ca32cc823cd77c6fa6564  prob=0.0356 (raw=0.0253)  vol=$916  trades=23  first_trade=2026-02-09 01:48  winrate=0.387  n_markets_traded=109.000  herfindahl_index_markets=0.329
12:00:52 [super]   #2038  0x8dc4fb5217fee588242737d4928afa93fd0646af  prob=0.0356 (raw=0.0253)  vol=$3  trades=4  first_trade=2026-01-19 03:45  winrate=0.442  n_markets_traded=190.000  herfindahl_index_markets=0.013
12:00:52 [super]   #2039  0x78851c6379bd6ba6da9b03b74f8f8648a708d22e  prob=0.0356 (raw=0.0252)  vol=$8  trades=4  first_trade=2026-01-18 17:48  winrate=0.556  n_markets_traded=54.000  herfindahl_index_markets=0.047
12:00:52 [super]   #2040  0x2616d30081a1a1718b4568e92459370637798d3c  prob=0.0356 (raw=0.0252)  vol=$983  trades=26  first_trade=2026-02-09 01:48  winrate=0.716  n_markets_traded=219.000  herfindahl_index_markets=0.026
12:00:52 [super]   #2041  0xee36bdc17900896dfd4b0d838b959235578c0cea  prob=0.0356 (raw=0.0252)  vol=$17  trades=4  first_trade=2026-02-08 20:44  winrate=0.385  n_markets_traded=13.000  herfindahl_index_markets=0.099
12:00:52 [super]   #2042  0xb022aceb6bfda49b14f69a7cfd4da95701e7229a  prob=0.0356 (raw=0.0252)  vol=$1,000  trades=2  first_trade=2026-02-10 06:18  winrate=0.200  n_markets_traded=65.000  herfindahl_index_markets=0.110
12:00:52 [super]   #2043  0x650a4c4391b0846249d184bc76d1d778efa9e30f  prob=0.0356 (raw=0.0252)  vol=$1,893  trades=17  first_trade=2026-02-08 20:13  winrate=0.464  n_markets_traded=224.000  herfindahl_index_markets=0.020
12:00:52 [super]   #2044  0xff940f97206b2cd6147560eddd25157b48e2c347  prob=0.0356 (raw=0.0251)  vol=$88  trades=10  first_trade=2026-02-09 01:21  winrate=0.574  n_markets_traded=514.000  herfindahl_index_markets=0.014
12:00:52 [super]   #2045  0x07d4245464dc4fa05d0b3f084d82482462dc8991  prob=0.0356 (raw=0.0251)  vol=$2,948  trades=10  first_trade=2026-02-09 02:14  winrate=NaN  n_markets_traded=0.000  herfindahl_index_markets=0.000
12:00:52 [super]   #2046  0x690af9ec6b61d475d2fa29124ce701743bdb2ea7  prob=0.0356 (raw=0.0250)  vol=$120  trades=47  first_trade=2026-01-29 11:08  winrate=NaN  n_markets_traded=0.000  herfindahl_index_markets=0.000
12:00:52 [super]   #2047  0x84993aab79a1a651f91b87c7abe487630e12b326  prob=0.0356 (raw=0.0250)  vol=$7  trades=4  first_trade=2026-01-19 14:59  winrate=0.467  n_markets_traded=92.000  herfindahl_index_markets=0.024
12:00:52 [super]   #2048  0x02d501b6d3f29ee91dda2d30859bf09831bbffb4  prob=0.0356 (raw=0.0250)  vol=$2,000  trades=4  first_trade=2026-02-10 08:40  winrate=NaN  n_markets_traded=0.000  herfindahl_index_markets=0.000
12:00:52 [super]   #2049  0x2e69fe40fc27ee0ef07bd46849f1692d3d2f200e  prob=0.0356 (raw=0.0250)  vol=$10,340  trades=43  first_trade=2026-02-06 07:29  winrate=NaN  n_markets_traded=0.000  herfindahl_index_markets=0.000
12:00:52 [super]   #2050  0xe6140f0b84f9385d16e697344850ca95ad3607c9  prob=0.0356 (raw=0.0249)  vol=$21  trades=4  first_trade=2026-02-08 09:15  winrate=0.390  n_markets_traded=78.000  herfindahl_index_markets=0.015
12:00:52 [super]   #2051  0x1a68258dfbcdada47b069099ded59b6e7b0833bf  prob=0.0356 (raw=0.0249)  vol=$50  trades=6  first_trade=2026-02-05 08:20  winrate=0.445  n_markets_traded=495.000  herfindahl_index_markets=0.010
12:00:52 [super]   #2052  0xb8656961af404ec023c53740808012d5f5dce922  prob=0.0355 (raw=0.0249)  vol=$21  trades=2  first_trade=2026-02-08 23:02  winrate=0.400  n_markets_traded=70.000  herfindahl_index_markets=0.051
12:00:52 [super]   #2053  0x7d58986f00b3c00e9b24d02f8e35381ca154cfcc  prob=0.0355 (raw=0.0249)  vol=$683  trades=5  first_trade=2026-02-08 19:37  winrate=NaN  n_markets_traded=0.000  herfindahl_index_markets=0.000
12:00:52 [super]   #2054  0x5086704ee01116ece11ba01244f823433f5e5080  prob=0.0355 (raw=0.0249)  vol=$545  trades=11  first_trade=2026-02-08 21:22  winrate=0.250  n_markets_traded=101.000  herfindahl_index_markets=0.049
12:00:52 [super]   #2055  0x7e6c94054ee458e7053a190cebf2a866d63ba53d  prob=0.0355 (raw=0.0248)  vol=$131  trades=8  first_trade=2026-02-09 01:12  winrate=0.366  n_markets_traded=41.000  herfindahl_index_markets=0.046
12:00:52 [super]   #2056  0x2b9edb595ea75c118077c7d2c17d4852b0770db0  prob=0.0355 (raw=0.0248)  vol=$99  trades=55  first_trade=2026-02-08 17:35  winrate=NaN  n_markets_traded=0.000  herfindahl_index_markets=0.000
12:00:52 [super]   #2057  0x898ed53af50172ab4debf838d38586e1d0876025  prob=0.0355 (raw=0.0247)  vol=$323  trades=5  first_trade=2026-02-08 23:59  winrate=0.421  n_markets_traded=19.000  herfindahl_index_markets=0.099
12:00:52 [super]   #2058  0x73a2250ea616e13aa6c172a0c9ad4c154b871973  prob=0.0355 (raw=0.0246)  vol=$5  trades=1  first_trade=2026-02-09 05:32  winrate=0.796  n_markets_traded=683.000  herfindahl_index_markets=0.017
12:00:52 [super]   #2059  0x9a3fa403a6666eef75f92f181fcf13f9c051914a  prob=0.0355 (raw=0.0246)  vol=$7,500  trades=12  first_trade=2026-02-07 19:45  winrate=NaN  n_markets_traded=0.000  herfindahl_index_markets=0.000
12:00:52 [super]   #2060  0xacd820295f89ea135159f98c52ad6db4ffde1325  prob=0.0355 (raw=0.0246)  vol=$217  trades=1  first_trade=2026-02-09 01:33  winrate=0.563  n_markets_traded=135.000  herfindahl_index_markets=0.061
12:00:52 [super]   #2061  0xe732156a2d84cdfb4de831d3f11a22899e49898f  prob=0.0355 (raw=0.0246)  vol=$7,610  trades=51  first_trade=2026-02-08 16:27  winrate=NaN  n_markets_traded=0.000  herfindahl_index_markets=0.000
12:00:52 [super]   #2062  0xedfae413080998754c4de9581f53ceab851e0c33  prob=0.0355 (raw=0.0246)  vol=$81  trades=9  first_trade=2025-09-29 11:46  winrate=0.576  n_markets_traded=33.000  herfindahl_index_markets=0.062
12:00:52 [super]   #2063  0xa8f8c872a996966a62e1da4d50738ab8a157af3f  prob=0.0355 (raw=0.0245)  vol=$9  trades=2  first_trade=2026-02-08 00:01  winrate=0.233  n_markets_traded=214.000  herfindahl_index_markets=0.025
12:00:52 [super]   #2064  0x7d8639f2d6ac205ea43cd8a2d1c690e0f5b5fcbc  prob=0.0355 (raw=0.0245)  vol=$6  trades=2  first_trade=2026-02-09 01:00  winrate=0.250  n_markets_traded=24.000  herfindahl_index_markets=0.126
12:00:52 [super]   #2065  0x9a16da053076a7835c2993b4f1eab3aed2131129  prob=0.0355 (raw=0.0245)  vol=$78  trades=2  first_trade=2026-02-09 03:38  winrate=0.511  n_markets_traded=47.000  herfindahl_index_markets=0.084
12:00:52 [super]   #2066  0x1bad9237655b9824d90d4041b4b1539e4ea0e9e0  prob=0.0355 (raw=0.0245)  vol=$32  trades=4  first_trade=2026-02-09 02:28  winrate=0.565  n_markets_traded=62.000  herfindahl_index_markets=0.049
12:00:52 [super]   #2067  0x75978edaeed0b4aba863a73f7bcb4ab6205e5f01  prob=0.0355 (raw=0.0245)  vol=$17  trades=8  first_trade=2026-02-09 02:36  winrate=0.518  n_markets_traded=170.000  herfindahl_index_markets=0.027
12:00:52 [super]   #2068  0x1b4b6a8b8612833c6f418667eebf8a188cbbb93c  prob=0.0355 (raw=0.0245)  vol=$173  trades=13  first_trade=2026-01-24 07:35  winrate=NaN  n_markets_traded=0.000  herfindahl_index_markets=0.000
12:00:52 [super]   #2069  0x50c81bdf7bbfd17d06e6a8d812430cf353cb31b3  prob=0.0355 (raw=0.0244)  vol=$162  trades=4  first_trade=2026-02-08 10:01  winrate=0.426  n_markets_traded=203.000  herfindahl_index_markets=0.011
12:00:52 [super]   #2070  0x8bfbcde438ad020f2ea06633c0e20a2de055a2a2  prob=0.0355 (raw=0.0244)  vol=$240  trades=5  first_trade=2025-11-20 06:42  winrate=0.333  n_markets_traded=63.000  herfindahl_index_markets=0.031
12:00:52 [super]   #2071  0x29930ab580f040b8a8b112f3e359d655383fa050  prob=0.0355 (raw=0.0244)  vol=$10  trades=2  first_trade=2026-01-10 17:10  winrate=0.000  n_markets_traded=12.000  herfindahl_index_markets=0.156
12:00:52 [super]   #2072  0xb500d448b493c3111167989b51497cd0ab52ce53  prob=0.0355 (raw=0.0244)  vol=$3,003  trades=17  first_trade=2026-02-08 03:32  winrate=0.148  n_markets_traded=27.000  herfindahl_index_markets=0.109
12:00:52 [super]   #2073  0xb60d29fc7a1d7a4109e2bdfd59ed46d6d2acbfb5  prob=0.0355 (raw=0.0243)  vol=$94  trades=3  first_trade=2026-01-27 04:50  winrate=0.295  n_markets_traded=78.000  herfindahl_index_markets=0.075
12:00:52 [super]   #2074  0x8015689d2fc67166cf8244da995494829cadd168  prob=0.0355 (raw=0.0242)  vol=$1  trades=2  first_trade=2026-02-09 04:16  winrate=0.178  n_markets_traded=370.000  herfindahl_index_markets=0.015
12:00:52 [super]   #2075  0xa337441b74ffb5339432249a7b83648a980bbc07  prob=0.0354 (raw=0.0242)  vol=$200  trades=4  first_trade=2026-02-09 08:17  winrate=0.188  n_markets_traded=32.000  herfindahl_index_markets=0.079
12:00:52 [super]   #2076  0xa82612c037c0791b3722c26a487224fa416f6da9  prob=0.0354 (raw=0.0242)  vol=$299  trades=4  first_trade=2026-02-09 06:15  winrate=0.288  n_markets_traded=59.000  herfindahl_index_markets=0.026
12:00:52 [super]   #2077  0xdcd669c506a938bae9269a84b8bd2bdb220484cd  prob=0.0354 (raw=0.0242)  vol=$870,199  trades=224  first_trade=2026-02-09 02:06  winrate=NaN  n_markets_traded=0.000  herfindahl_index_markets=0.000
12:00:52 [super]   #2078  0xb4f6e20bcda5bcd2f2cab41787a070e15a73180d  prob=0.0354 (raw=0.0242)  vol=$42  trades=6  first_trade=2026-01-10 11:37  winrate=0.300  n_markets_traded=10.000  herfindahl_index_markets=0.183
12:00:52 [super]   #2079  0xbaf6aedf3bf95228e5308676856131cb2ea9cecb  prob=0.0354 (raw=0.0242)  vol=$205  trades=5  first_trade=2026-02-09 04:02  winrate=0.580  n_markets_traded=559.000  herfindahl_index_markets=0.004
12:00:52 [super]   #2080  0xcd8f05e07d280a35a22258954dabfa8394094dc1  prob=0.0354 (raw=0.0241)  vol=$387  trades=9  first_trade=2026-02-09 01:34  winrate=NaN  n_markets_traded=0.000  herfindahl_index_markets=0.000
12:00:52 [super]   #2081  0x6ad6ee6cb904a6cea67c19a9b2dcbdb4b789f99c  prob=0.0354 (raw=0.0241)  vol=$41  trades=3  first_trade=2026-02-07 23:32  winrate=0.620  n_markets_traded=645.000  herfindahl_index_markets=0.003
12:00:52 [super]   #2082  0xe815c9cdbc071b9ad2a6c5b7f09243fe24f2d964  prob=0.0354 (raw=0.0241)  vol=$4,051  trades=7  first_trade=2026-02-09 00:59  winrate=0.440  n_markets_traded=25.000  herfindahl_index_markets=0.068
12:00:52 [super]   #2083  0xf603219b7f91da5f0d6926260d678ea9c31482f1  prob=0.0354 (raw=0.0240)  vol=$1,110  trades=3  first_trade=2026-02-09 03:13  winrate=0.312  n_markets_traded=77.000  herfindahl_index_markets=0.110
12:00:52 [super]   #2084  0x7ae49bc0309ea8321d01d84fa77d4e99a6887da2  prob=0.0354 (raw=0.0240)  vol=$25  trades=2  first_trade=2026-02-09 02:21  winrate=0.353  n_markets_traded=17.000  herfindahl_index_markets=0.171
12:00:52 [super]   #2085  0x442af939b260138fab903f91868344d79c1d7c94  prob=0.0354 (raw=0.0240)  vol=$4  trades=3  first_trade=2025-10-22 22:31  winrate=0.350  n_markets_traded=136.000  herfindahl_index_markets=0.023
12:00:52 [super]   #2086  0xf1717ab4d7079f64e105195d0ddcfee6f7500ceb  prob=0.0354 (raw=0.0239)  vol=$32  trades=2  first_trade=2026-02-09 09:11  winrate=0.286  n_markets_traded=56.000  herfindahl_index_markets=0.063
12:00:52 [super]   #2087  0x18345c3a64ca2c014082df6b5bd0c62b459f051e  prob=0.0354 (raw=0.0239)  vol=$810  trades=3  first_trade=2026-02-08 15:12  winrate=0.561  n_markets_traded=41.000  herfindahl_index_markets=0.041
12:00:52 [super]   #2088  0x7e418bf276b3462235a09c51fa8dda146b5aca06  prob=0.0354 (raw=0.0239)  vol=$13  trades=4  first_trade=2026-01-18 08:57  winrate=NaN  n_markets_traded=0.000  herfindahl_index_markets=0.000
12:00:52 [super]   #2089  0x8c53480fb951ee48f53936cf3deb68a160fea97b  prob=0.0354 (raw=0.0239)  vol=$27  trades=5  first_trade=2026-02-08 13:05  winrate=0.355  n_markets_traded=110.000  herfindahl_index_markets=0.029
12:00:52 [super]   #2090  0x2ec8e820f7bcfcfefdcfc2282159454945b0e8ea  prob=0.0354 (raw=0.0239)  vol=$79  trades=4  first_trade=2026-02-08 17:36  winrate=0.235  n_markets_traded=17.000  herfindahl_index_markets=0.144
12:00:52 [super]   #2091  0x2b9981fd79daee8c48c2d2fe430d58b2819a28f5  prob=0.0354 (raw=0.0239)  vol=$25  trades=10  first_trade=2026-02-08 22:40  winrate=0.368  n_markets_traded=68.000  herfindahl_index_markets=0.069
12:00:52 [super]   #2092  0x63c8b7262aa15f239efeede087460a8cb88b5e81  prob=0.0354 (raw=0.0239)  vol=$5  trades=2  first_trade=2026-01-10 21:59  winrate=0.154  n_markets_traded=13.000  herfindahl_index_markets=0.165
12:00:52 [super]   #2093  0x1722eed72007940ed7702c22a99b303ac39dbaa0  prob=0.0354 (raw=0.0239)  vol=$5  trades=2  first_trade=2026-01-10 15:00  winrate=0.154  n_markets_traded=13.000  herfindahl_index_markets=0.167
12:00:52 [super]   #2094  0x1f74e3fc5cfa8cc9312bea1d07eec4741777ffff  prob=0.0354 (raw=0.0239)  vol=$6  trades=2  first_trade=2026-01-10 17:17  winrate=0.154  n_markets_traded=13.000  herfindahl_index_markets=0.161
12:00:52 [super]   #2095  0xbbb2671dbe308ecaa68b2e9a3f0706f386800e92  prob=0.0354 (raw=0.0238)  vol=$13  trades=7  first_trade=2026-01-19 01:28  winrate=0.496  n_markets_traded=113.000  herfindahl_index_markets=0.025
12:00:52 [super]   #2096  0xf99f0c83034dac11171fe5f4e63a8eeae2612998  prob=0.0354 (raw=0.0238)  vol=$11  trades=5  first_trade=2026-01-18 19:12  winrate=0.480  n_markets_traded=50.000  herfindahl_index_markets=0.055
12:00:52 [super]   #2097  0xac6a9f231c02c8b4b08e083e3f44cfc686302a78  prob=0.0354 (raw=0.0238)  vol=$4  trades=2  first_trade=2026-02-07 08:37  winrate=0.775  n_markets_traded=293.000  herfindahl_index_markets=0.010
12:00:52 [super]   #2098  0xfc97e84e1c5801fd250ed69a6d4236973d7ecc45  prob=0.0354 (raw=0.0238)  vol=$225  trades=28  first_trade=2026-01-10 11:13  winrate=0.167  n_markets_traded=12.000  herfindahl_index_markets=0.162
12:00:52 [super]   #2099  0xa221f82c9752fae9d305c8c3d1c5cf153f407588  prob=0.0354 (raw=0.0238)  vol=$86  trades=2  first_trade=2026-01-17 14:15  winrate=0.405  n_markets_traded=37.000  herfindahl_index_markets=0.101
12:00:52 [super]   #2100  0xac03433841db7cbb1b9ea63f8fb2ed63d8683840  prob=0.0354 (raw=0.0238)  vol=$71  trades=2  first_trade=2026-02-06 13:14  winrate=0.458  n_markets_traded=83.000  herfindahl_index_markets=0.023
12:00:52 [super]   #2101  0xf1f9a438f2697381b4ac8eb283d6f4dd772d1245  prob=0.0354 (raw=0.0238)  vol=$22,109  trades=17  first_trade=2026-02-09 01:45  winrate=NaN  n_markets_traded=0.000  herfindahl_index_markets=0.000
12:00:52 [super]   #2102  0xd47cdc9f66e94cd8ad409aa22433b1e10e4877f4  prob=0.0354 (raw=0.0238)  vol=$1,205  trades=8  first_trade=2026-02-09 02:40  winrate=0.390  n_markets_traded=59.000  herfindahl_index_markets=0.041
12:00:52 [super]   #2103  0x154794795d978c5890b3f69264311f0bd966d066  prob=0.0354 (raw=0.0238)  vol=$1,100  trades=12  first_trade=2026-02-09 01:37  winrate=NaN  n_markets_traded=0.000  herfindahl_index_markets=0.000
12:00:52 [super]   #2104  0x452fa9fb18883b0e6e405dc3726b5e096a21ec5f  prob=0.0354 (raw=0.0237)  vol=$8  trades=2  first_trade=2026-01-10 12:54  winrate=0.333  n_markets_traded=18.000  herfindahl_index_markets=0.178
12:00:52 [super]   #2105  0x4c520d6694a4cc5b7730652980103b81a5d3ff83  prob=0.0354 (raw=0.0237)  vol=$60  trades=2  first_trade=2026-02-08 15:52  winrate=0.793  n_markets_traded=58.000  herfindahl_index_markets=0.050
12:00:52 [super]   #2106  0xb295b1b699304badefd8559a7573151e5c804ee4  prob=0.0354 (raw=0.0237)  vol=$28,107  trades=97  first_trade=2026-02-09 01:32  winrate=0.613  n_markets_traded=167.000  herfindahl_index_markets=0.032
12:00:52 [super]   #2107  0x6a70050e907b6be5457d9681a14e4d2f4a3a18f0  prob=0.0354 (raw=0.0237)  vol=$5,552  trades=23  first_trade=2026-02-08 20:33  winrate=0.466  n_markets_traded=146.000  herfindahl_index_markets=0.030
12:00:52 [super]   #2108  0x1fad35532407555a00dad95652c9ab57073bc930  prob=0.0354 (raw=0.0237)  vol=$1,508  trades=14  first_trade=2026-02-08 23:17  winrate=0.259  n_markets_traded=54.000  herfindahl_index_markets=0.075
12:00:52 [super]   #2109  0x3caf4d8336f39d5553732d97568694a983f7ab03  prob=0.0354 (raw=0.0237)  vol=$20  trades=5  first_trade=2026-01-19 21:37  winrate=0.389  n_markets_traded=54.000  herfindahl_index_markets=0.034
12:00:52 [super]   #2110  0xb7b1c01ee3982f246084f4fea7cc4c2c9a073b54  prob=0.0354 (raw=0.0237)  vol=$12  trades=4  first_trade=2026-02-07 16:41  winrate=0.541  n_markets_traded=494.000  herfindahl_index_markets=0.006
12:00:52 [super]   #2111  0x2b918e8ee6aa5e776c49cce6eef5e3ae8fe98709  prob=0.0354 (raw=0.0237)  vol=$1  trades=2  first_trade=2026-02-09 01:37  winrate=0.512  n_markets_traded=695.000  herfindahl_index_markets=0.006
12:00:52 [super]   #2112  0x8755c37908b15ecd0c20ace0b89059346f28e152  prob=0.0354 (raw=0.0237)  vol=$57  trades=2  first_trade=2026-02-08 23:48  winrate=0.506  n_markets_traded=236.000  herfindahl_index_markets=0.015
12:00:52 [super]   #2113  0xb6753f9803ff87f8601daa0edfa2b5671ebb5b83  prob=0.0354 (raw=0.0237)  vol=$55  trades=2  first_trade=2026-02-09 01:49  winrate=0.545  n_markets_traded=77.000  herfindahl_index_markets=0.044
12:00:52 [super]   #2114  0x24e064f73bd5dbba2d535c2d4740966f03246bac  prob=0.0354 (raw=0.0237)  vol=$561  trades=6  first_trade=2026-02-08 21:32  winrate=0.500  n_markets_traded=37.000  herfindahl_index_markets=0.112
12:00:52 [super]   #2115  0xf7774e038ecaea758a46b86429ac970602a91d0b  prob=0.0354 (raw=0.0237)  vol=$7  trades=2  first_trade=2026-02-08 09:39  winrate=0.529  n_markets_traded=17.000  herfindahl_index_markets=0.096
12:00:52 [super]   #2116  0x8ed9ab381a8db1579d2aace1c88ba4fa9904c127  prob=0.0354 (raw=0.0237)  vol=$3  trades=2  first_trade=2026-02-02 01:28  winrate=0.538  n_markets_traded=243.000  herfindahl_index_markets=0.027
12:00:52 [super]   #2117  0x6437fde57ac9a06663a0429855b6ef29eebc60b5  prob=0.0354 (raw=0.0237)  vol=$33  trades=3  first_trade=2026-02-08 22:50  winrate=0.574  n_markets_traded=276.000  herfindahl_index_markets=0.017
12:00:52 [super]   #2118  0x69382e0033d71b649e3986d5bcd8d08abf7be067  prob=0.0354 (raw=0.0237)  vol=$4  trades=2  first_trade=2026-02-07 11:50  winrate=0.523  n_markets_traded=243.000  herfindahl_index_markets=0.013
12:00:52 [super]   #2119  0x8878ee2502419bf02d0b678bbe0a5e54303f7c79  prob=0.0354 (raw=0.0237)  vol=$4  trades=2  first_trade=2026-01-24 10:45  winrate=0.576  n_markets_traded=66.000  herfindahl_index_markets=0.024
12:00:52 [super]   #2120  0xecb2e9808e9176f9462cf1c1574c582b0abda30c  prob=0.0354 (raw=0.0237)  vol=$1  trades=1  first_trade=2026-02-07 18:44  winrate=0.503  n_markets_traded=610.000  herfindahl_index_markets=0.003
12:00:52 [super]   #2121  0x6f66998b8b687b1a0b25282fd2ad72b550a0ca4e  prob=0.0354 (raw=0.0237)  vol=$9  trades=2  first_trade=2026-02-09 02:24  winrate=0.561  n_markets_traded=57.000  herfindahl_index_markets=0.071
12:00:52 [super]   #2122  0xe0d2caed915c95fbc50e2f7677e682ec1ed75ac2  prob=0.0354 (raw=0.0237)  vol=$10  trades=2  first_trade=2026-02-09 02:24  winrate=0.574  n_markets_traded=54.000  herfindahl_index_markets=0.098
12:00:52 [super]   #2123  0x6b2eff565da3f3129e4eaee140eb75748a266ccd  prob=0.0354 (raw=0.0237)  vol=$9  trades=2  first_trade=2026-01-10 13:01  winrate=0.263  n_markets_traded=19.000  herfindahl_index_markets=0.159
12:00:52 [super]   #2124  0xa657948809d77f98ad7c284f1d97d5bad3bbd7e8  prob=0.0354 (raw=0.0237)  vol=$14  trades=2  first_trade=2026-01-10 21:41  winrate=0.273  n_markets_traded=11.000  herfindahl_index_markets=0.169
12:00:52 [super]   #2125  0x68ca4fa80814ad6502e68360ed9abf51e81913d2  prob=0.0354 (raw=0.0237)  vol=$6  trades=2  first_trade=2026-02-08 23:59  winrate=0.660  n_markets_traded=47.000  herfindahl_index_markets=0.053
12:00:52 [super]   #2126  0x4866030b461e886778d8fb43995bb50f35636a7c  prob=0.0354 (raw=0.0237)  vol=$22  trades=6  first_trade=2026-02-08 21:24  winrate=0.649  n_markets_traded=501.000  herfindahl_index_markets=0.003
12:00:52 [super]   #2127  0x52de5957ed6e83aec078bed37afb0441acb88527  prob=0.0354 (raw=0.0237)  vol=$16  trades=6  first_trade=2026-02-07 19:10  winrate=0.179  n_markets_traded=390.000  herfindahl_index_markets=0.034
12:00:52 [super]   #2128  0xa800a7737d611c165a745b50358fbf0fe87bfa10  prob=0.0354 (raw=0.0236)  vol=$10  trades=3  first_trade=2026-02-09 00:06  winrate=0.568  n_markets_traded=34.000  herfindahl_index_markets=0.064
12:00:52 [super]   #2129  0x5779c903835efccd137b2535845477eccd5d168d  prob=0.0354 (raw=0.0236)  vol=$25  trades=2  first_trade=2026-02-07 21:21  winrate=0.503  n_markets_traded=137.000  herfindahl_index_markets=0.015
12:00:52 [super]   #2130  0xad37a3bc72c926b9c319fc3811ff81d8aaf3c275  prob=0.0354 (raw=0.0236)  vol=$3  trades=2  first_trade=2026-02-08 17:26  winrate=0.590  n_markets_traded=39.000  herfindahl_index_markets=0.057
12:00:52 [super]   #2131  0xbdd01f080c53fedff3511672f8d4c9b5accafb81  prob=0.0354 (raw=0.0236)  vol=$37  trades=5  first_trade=2026-02-09 01:22  winrate=0.232  n_markets_traded=69.000  herfindahl_index_markets=0.040
12:00:52 [super]   #2132  0x0e4f2e1c15c1bb18370b4457566b0407b0536055  prob=0.0354 (raw=0.0236)  vol=$87  trades=5  first_trade=2026-02-08 21:30  winrate=0.500  n_markets_traded=8.000  herfindahl_index_markets=0.251
12:00:52 [super]   #2133  0x8f7a4b414417911e7e9bd738399874792cdbdb40  prob=0.0353 (raw=0.0235)  vol=$29,585  trades=82  first_trade=2026-02-09 01:36  winrate=NaN  n_markets_traded=0.000  herfindahl_index_markets=0.000
12:00:52 [super]   #2134  0x09743517c2111ecd6175447181cf35f43022ada6  prob=0.0353 (raw=0.0235)  vol=$77  trades=4  first_trade=2026-02-08 04:52  winrate=0.308  n_markets_traded=22.000  herfindahl_index_markets=0.094
12:00:52 [super]   #2135  0x0a522690f0a1a186570aa3b943672c6ec4095ab1  prob=0.0353 (raw=0.0235)  vol=$6  trades=2  first_trade=2026-01-10 20:41  winrate=0.182  n_markets_traded=11.000  herfindahl_index_markets=0.169
12:00:52 [super]   #2136  0x67af2ee41c78190289a328e3581bbfddaacc7ed3  prob=0.0353 (raw=0.0235)  vol=$5  trades=2  first_trade=2026-01-10 17:23  winrate=0.167  n_markets_traded=12.000  herfindahl_index_markets=0.167
12:00:52 [super]   #2137  0xdf08211feb6cd9ce7c1a3d085e08a88e4c10a74a  prob=0.0353 (raw=0.0234)  vol=$34  trades=4  first_trade=2026-01-27 23:27  winrate=0.381  n_markets_traded=231.000  herfindahl_index_markets=0.014
12:00:52 [super]   #2138  0xd55ba728134da36d758456134a240f6c03ea27a4  prob=0.0353 (raw=0.0234)  vol=$307  trades=12  first_trade=2026-02-09 03:49  winrate=NaN  n_markets_traded=0.000  herfindahl_index_markets=0.000
12:00:52 [super]   #2139  0xd54f5e1d4adf5a37d4b0380eb56d17848f4b790f  prob=0.0353 (raw=0.0234)  vol=$39  trades=3  first_trade=2026-02-08 22:57  winrate=0.692  n_markets_traded=13.000  herfindahl_index_markets=0.122
12:00:52 [super]   #2140  0xf65d012d72b913ece973ecb48811f1115405e573  prob=0.0353 (raw=0.0234)  vol=$30  trades=4  first_trade=2026-02-01 07:57  winrate=0.695  n_markets_traded=383.000  herfindahl_index_markets=0.015
12:00:52 [super]   #2141  0x87121d0aa460f1d93fafcb5bbc8b8652d0727a61  prob=0.0353 (raw=0.0234)  vol=$220  trades=7  first_trade=2026-02-08 20:40  winrate=0.720  n_markets_traded=25.000  herfindahl_index_markets=0.069
12:00:52 [super]   #2142  0x983262963768740897a7de55909d85451cee1407  prob=0.0353 (raw=0.0233)  vol=$9  trades=2  first_trade=2026-01-10 20:30  winrate=0.000  n_markets_traded=15.000  herfindahl_index_markets=0.114
12:00:52 [super]   #2143  0xfb7eea42fdcb08dc3142af05796ffacc2bdd1404  prob=0.0353 (raw=0.0233)  vol=$8  trades=2  first_trade=2026-01-10 14:44  winrate=0.000  n_markets_traded=16.000  herfindahl_index_markets=0.148
12:00:52 [super]   #2144  0x4c9b09a194e361ad9b808966bb4594d79590c668  prob=0.0353 (raw=0.0233)  vol=$967  trades=8  first_trade=2026-02-08 21:38  winrate=0.267  n_markets_traded=45.000  herfindahl_index_markets=0.086
12:00:52 [super]   #2145  0x735022325ea892073c26e0a14c556ad605704b0b  prob=0.0353 (raw=0.0233)  vol=$9  trades=2  first_trade=2026-02-09 02:33  winrate=0.580  n_markets_traded=533.000  herfindahl_index_markets=0.004
12:00:52 [super]   #2146  0x2cbe313cb9e6ee3339355bb829c0ec3a6ae8b02f  prob=0.0353 (raw=0.0233)  vol=$2,000  trades=2  first_trade=2026-02-11 03:42  winrate=0.556  n_markets_traded=18.000  herfindahl_index_markets=0.266
12:00:52 [super]   #2147  0xc42f45f0e8606fd585486ff22738352b4ead9390  prob=0.0353 (raw=0.0233)  vol=$169  trades=2  first_trade=2026-02-09 01:33  winrate=0.772  n_markets_traded=127.000  herfindahl_index_markets=0.022
12:00:52 [super]   #2148  0x7c3db723f1d4d8cb9c550095203b686cb11e5c6b  prob=0.0353 (raw=0.0233)  vol=$21,509  trades=75  first_trade=2026-02-08 06:22  winrate=NaN  n_markets_traded=0.000  herfindahl_index_markets=0.000
12:00:52 [super]   #2149  0x8f0df7376233994b1825cee193848827924aa8ab  prob=0.0353 (raw=0.0233)  vol=$72  trades=4  first_trade=2026-02-08 13:52  winrate=0.545  n_markets_traded=44.000  herfindahl_index_markets=0.080
12:00:52 [super]   #2150  0x58985dc9c0aa78887aa04ee34323b4a78ac30e57  prob=0.0353 (raw=0.0232)  vol=$500  trades=2  first_trade=2026-02-09 15:47  winrate=0.000  n_markets_traded=3.000  herfindahl_index_markets=0.760
12:00:52 [super]   #2151  0xd12b76d7b8720d525d346fe90596b07472e7266f  prob=0.0353 (raw=0.0231)  vol=$31  trades=4  first_trade=2026-02-09 01:15  winrate=0.200  n_markets_traded=60.000  herfindahl_index_markets=0.117
12:00:52 [super]   #2152  0x1f5e83270a7e0b0e967dbbfbc6cce80a88bb3871  prob=0.0353 (raw=0.0231)  vol=$443  trades=8  first_trade=2026-02-08 19:12  winrate=0.361  n_markets_traded=72.000  herfindahl_index_markets=0.145
12:00:52 [super]   #2153  0xe85f3ddb68f1427318763ec000e3c1751a3a7f69  prob=0.0353 (raw=0.0231)  vol=$48  trades=7  first_trade=2026-01-19 07:15  winrate=0.360  n_markets_traded=163.000  herfindahl_index_markets=0.016
12:00:52 [super]   #2154  0x7ac83882979ccb5665cea83cb269e558b55077cd  prob=0.0353 (raw=0.0229)  vol=$120  trades=4  first_trade=2026-02-09 02:06  winrate=NaN  n_markets_traded=0.000  herfindahl_index_markets=0.000
12:00:52 [super]   #2155  0xd7a838bfff2d8948a71a857867202acef9d7f86d  prob=0.0352 (raw=0.0228)  vol=$16  trades=4  first_trade=2026-02-06 18:47  winrate=0.333  n_markets_traded=33.000  herfindahl_index_markets=0.077
12:00:52 [super]   #2156  0x23757b01f585785283b31b0431648481df52dd3a  prob=0.0352 (raw=0.0227)  vol=$1,716  trades=27  first_trade=2026-02-07 20:27  winrate=0.211  n_markets_traded=19.000  herfindahl_index_markets=0.202
12:00:52 [super]   #2157  0x5fb51dee52a5b5a4c7dfad373071e39ee27efa0b  prob=0.0352 (raw=0.0227)  vol=$3  trades=2  first_trade=2026-01-10 20:49  winrate=0.067  n_markets_traded=15.000  herfindahl_index_markets=0.100
12:00:52 [super]   #2158  0x1b1ed2fd56674e75692140cdc74fc57684fbefd2  prob=0.0352 (raw=0.0227)  vol=$7  trades=2  first_trade=2026-01-10 17:10  winrate=0.071  n_markets_traded=14.000  herfindahl_index_markets=0.125
12:00:52 [super]   #2159  0x2ea84eaa0f6bd604a3ef033f8aa3e46ee8279583  prob=0.0352 (raw=0.0227)  vol=$9  trades=2  first_trade=2026-01-10 21:35  winrate=0.067  n_markets_traded=15.000  herfindahl_index_markets=0.120
12:00:52 [super]   #2160  0xe542afd3881c4c330ba0ebbb603bb470b2ba0a37  prob=0.0352 (raw=0.0227)  vol=$2,016  trades=43  first_trade=2025-09-29 01:58  winrate=NaN  n_markets_traded=0.000  herfindahl_index_markets=0.000
12:00:52 [super]   #2161  0xd1a7e23445b943f14baeca0fb0d1692c160507cd  prob=0.0352 (raw=0.0226)  vol=$6  trades=6  first_trade=2026-02-07 00:55  winrate=0.368  n_markets_traded=793.000  herfindahl_index_markets=0.006
12:00:52 [super]   #2162  0x94d854eac206d57e7e349262b79cbd573eab37e6  prob=0.0352 (raw=0.0226)  vol=$36  trades=3  first_trade=2025-09-29 13:56  winrate=NaN  n_markets_traded=0.000  herfindahl_index_markets=0.000
12:00:52 [super]   #2163  0x3ec702741b6d2280c398dda8108293467a19108c  prob=0.0352 (raw=0.0226)  vol=$14  trades=4  first_trade=2026-02-08 12:41  winrate=0.333  n_markets_traded=33.000  herfindahl_index_markets=0.043
12:00:52 [super]   #2164  0x04be653a0ed8cb2eb774ddfd85f3aea2345c30af  prob=0.0352 (raw=0.0226)  vol=$13  trades=4  first_trade=2026-02-08 09:15  winrate=0.471  n_markets_traded=87.000  herfindahl_index_markets=0.021
12:00:52 [super]   #2165  0x68df8708aadb901618f11abf2471805a66a24815  prob=0.0352 (raw=0.0225)  vol=$1,709  trades=11  first_trade=2026-02-08 20:41  winrate=0.457  n_markets_traded=162.000  herfindahl_index_markets=0.020
12:00:52 [super]   #2166  0x4292665eeebef323c3cb0b21ef10e66b0bf777d1  prob=0.0352 (raw=0.0225)  vol=$1,177  trades=11  first_trade=2026-02-09 00:40  winrate=0.612  n_markets_traded=129.000  herfindahl_index_markets=0.115
12:00:52 [super]   #2167  0x7fb8356c08e29652586b63d86087cf31a465f70e  prob=0.0352 (raw=0.0225)  vol=$4  trades=2  first_trade=2026-01-10 15:09  winrate=0.059  n_markets_traded=17.000  herfindahl_index_markets=0.109
12:00:52 [super]   #2168  0x7f1843fdea01b19ce617f457a6a91f1ad35e1cd5  prob=0.0352 (raw=0.0225)  vol=$3  trades=2  first_trade=2026-01-10 13:35  winrate=0.048  n_markets_traded=21.000  herfindahl_index_markets=0.088
12:00:52 [super]   #2169  0xe96c73f8876687ad7ba729966d6cc19fd829b953  prob=0.0352 (raw=0.0225)  vol=$19  trades=4  first_trade=2026-02-09 02:15  winrate=0.250  n_markets_traded=60.000  herfindahl_index_markets=0.059
12:00:52 [super]   #2170  0x6f7c0cd5546c4c08c843a996736001f0d5a04c7c  prob=0.0352 (raw=0.0224)  vol=$19  trades=8  first_trade=2026-02-09 15:57  winrate=NaN  n_markets_traded=0.000  herfindahl_index_markets=0.000
12:00:52 [super]   #2171  0xa6ed8cd965190b40d1e06782b38cc725983b5ede  prob=0.0352 (raw=0.0224)  vol=$346  trades=4  first_trade=2026-02-09 01:10  winrate=0.478  n_markets_traded=67.000  herfindahl_index_markets=0.075
12:00:52 [super]   #2172  0x6770bf688b8121331b1c5cfd7723ebd4152545fb  prob=0.0352 (raw=0.0224)  vol=$1,051  trades=5  first_trade=2026-02-09 01:46  winrate=NaN  n_markets_traded=0.000  herfindahl_index_markets=0.000
12:00:52 [super]   #2173  0xd5f846515243f91280963a71a66b1fbb0740ac7b  prob=0.0352 (raw=0.0224)  vol=$47  trades=10  first_trade=2026-01-18 18:55  winrate=NaN  n_markets_traded=0.000  herfindahl_index_markets=0.000
12:00:52 [super]   #2174  0xd73bfe62436784c9f5b8fa4681d8960e9da4bf60  prob=0.0352 (raw=0.0223)  vol=$70  trades=5  first_trade=2026-02-07 04:01  winrate=0.217  n_markets_traded=69.000  herfindahl_index_markets=0.073
12:00:52 [super]   #2175  0x36a9b5278085eb543c9095a37c9a93bb7951c1d3  prob=0.0352 (raw=0.0222)  vol=$1,997  trades=4  first_trade=2026-02-09 08:01  winrate=NaN  n_markets_traded=0.000  herfindahl_index_markets=0.000
12:00:52 [super]   #2176  0xff72a6a01da59f9a8656e0ad39cdb048d0a4cdaa  prob=0.0352 (raw=0.0222)  vol=$3,163  trades=12  first_trade=2026-02-09 01:54  winrate=NaN  n_markets_traded=0.000  herfindahl_index_markets=0.000
12:00:52 [super]   #2177  0xc1b8c9f795d92129997fa67d36019a8cb8dbae7d  prob=0.0352 (raw=0.0222)  vol=$40  trades=2  first_trade=2026-02-09 09:49  winrate=0.591  n_markets_traded=22.000  herfindahl_index_markets=0.261
12:00:52 [super]   #2178  0x608ea01ea8f27a48de794af6c41a8d742fa48a07  prob=0.0351 (raw=0.0222)  vol=$17  trades=6  first_trade=2026-02-03 06:50  winrate=0.273  n_markets_traded=33.000  herfindahl_index_markets=0.033
12:00:52 [super]   #2179  0x81e930b91d3423d231cce7b32623cd4ceac51812  prob=0.0351 (raw=0.0221)  vol=$12  trades=2  first_trade=2026-02-09 15:18  winrate=NaN  n_markets_traded=0.000  herfindahl_index_markets=0.000
12:00:52 [super]   #2180  0x7c25cecc3d97daa0374a5dd71a277c1c5861f046  prob=0.0351 (raw=0.0221)  vol=$11  trades=20  first_trade=2026-02-09 08:42  winrate=NaN  n_markets_traded=0.000  herfindahl_index_markets=0.000
12:00:52 [super]   #2181  0xcfee75533932a5aa0dfc9a2ce5f5d0e0a5821290  prob=0.0351 (raw=0.0221)  vol=$4  trades=2  first_trade=2026-02-07 22:45  winrate=0.508  n_markets_traded=774.000  herfindahl_index_markets=0.001
12:00:52 [super]   #2182  0x89f0a333cda79fccc920dc0f003823e9bece1e62  prob=0.0351 (raw=0.0219)  vol=$8  trades=2  first_trade=2026-02-09 09:10  winrate=NaN  n_markets_traded=0.000  herfindahl_index_markets=0.000
12:00:52 [super]   #2183  0x93015c5a80ca8b96a8b9914c826fe759a2a93b67  prob=0.0351 (raw=0.0219)  vol=$7,984  trades=2  first_trade=2026-02-09 08:09  winrate=NaN  n_markets_traded=0.000  herfindahl_index_markets=0.000
12:00:52 [super]   #2184  0x272df07434614e735c7896b0eb9d3d26c78d9e36  prob=0.0351 (raw=0.0219)  vol=$8  trades=2  first_trade=2026-02-09 09:09  winrate=NaN  n_markets_traded=0.000  herfindahl_index_markets=0.000
12:00:52 [super]   #2185  0x39d0f1dca6fb7e5514858c1a337724a426764fe8  prob=0.0351 (raw=0.0219)  vol=$1,496  trades=19  first_trade=2026-02-08 05:10  winrate=NaN  n_markets_traded=0.000  herfindahl_index_markets=0.000
12:00:52 [super]   #2186  0x6a88c5ecd262e2c42e78bad8e6db7ab3c4e4b859  prob=0.0351 (raw=0.0218)  vol=$67,178  trades=83  first_trade=2026-02-09 01:52  winrate=NaN  n_markets_traded=0.000  herfindahl_index_markets=0.000
12:00:52 [super]   #2187  0x01d51bd97a4be629519924d8ec8e7ff82bb13463  prob=0.0351 (raw=0.0218)  vol=$12  trades=2  first_trade=2026-01-10 20:31  winrate=0.077  n_markets_traded=13.000  herfindahl_index_markets=0.127
12:00:52 [super]   #2188  0x860df814be22136b98c08084590c0bd946623c72  prob=0.0351 (raw=0.0217)  vol=$30  trades=4  first_trade=2026-02-09 02:12  winrate=0.507  n_markets_traded=343.000  herfindahl_index_markets=0.006
12:00:52 [super]   #2189  0x2b366034b69b64a444406b2db7ec1ff7869c473b  prob=0.0351 (raw=0.0217)  vol=$1,145  trades=127  first_trade=2026-02-08 06:23  winrate=NaN  n_markets_traded=0.000  herfindahl_index_markets=0.000
12:00:52 [super]   #2190  0xbc40bc17d76d2f379dfe15d5746f190111f57727  prob=0.0351 (raw=0.0217)  vol=$87,571  trades=27  first_trade=2026-02-09 01:35  winrate=NaN  n_markets_traded=0.000  herfindahl_index_markets=0.000
12:00:52 [super]   #2191  0xe43ad65c1b9f0aa6a045ec13a96a5328aa0690b8  prob=0.0351 (raw=0.0217)  vol=$54  trades=11  first_trade=2026-02-07 09:00  winrate=NaN  n_markets_traded=0.000  herfindahl_index_markets=0.000
12:00:52 [super]   #2192  0x4dc949beef2e2ae01f5f32cda6e7dc28723a3a13  prob=0.0351 (raw=0.0217)  vol=$8  trades=4  first_trade=2026-01-19 17:34  winrate=0.387  n_markets_traded=31.000  herfindahl_index_markets=0.068
12:00:52 [super]   #2193  0x7bd32287aef4615b7a33355eb84898200f4c6781  prob=0.0351 (raw=0.0217)  vol=$13  trades=2  first_trade=2026-01-24 08:58  winrate=0.488  n_markets_traded=43.000  herfindahl_index_markets=0.123
12:00:52 [super]   #2194  0xa8e1c81ea8abd5df77b87e9affbeecc546bb4012  prob=0.0351 (raw=0.0217)  vol=$3  trades=2  first_trade=2026-02-08 20:34  winrate=0.445  n_markets_traded=191.000  herfindahl_index_markets=0.024
12:00:52 [super]   #2195  0xa1cb96f43edd91a1bedca496038499beacdda1c7  prob=0.0351 (raw=0.0217)  vol=$3  trades=1  first_trade=2026-02-08 22:30  winrate=0.407  n_markets_traded=329.000  herfindahl_index_markets=0.005
12:00:52 [super]   #2196  0xd5f02cae54de042a04419584a31ccfa11b02932c  prob=0.0351 (raw=0.0217)  vol=$2  trades=2  first_trade=2026-02-08 22:16  winrate=0.428  n_markets_traded=276.000  herfindahl_index_markets=0.039
12:00:52 [super]   #2197  0x471b464539f1843596c0ed46c4b3b3b5400f3eda  prob=0.0351 (raw=0.0217)  vol=$33  trades=2  first_trade=2026-02-07 18:18  winrate=0.455  n_markets_traded=22.000  herfindahl_index_markets=0.094
12:00:52 [super]   #2198  0x67b6eb651375908ec7ade9050ac182820d0db4e6  prob=0.0351 (raw=0.0217)  vol=$17  trades=4  first_trade=2026-02-08 17:24  winrate=0.446  n_markets_traded=547.000  herfindahl_index_markets=0.008
12:00:52 [super]   #2199  0x668415c8db034a4027262bebcc7a509f63e42985  prob=0.0351 (raw=0.0217)  vol=$40  trades=3  first_trade=2026-02-08 20:23  winrate=0.400  n_markets_traded=25.000  herfindahl_index_markets=0.111
12:00:52 [super]   #2200  0x5960b09b39d982c6e9956fb8337a82a553b5d692  prob=0.0351 (raw=0.0217)  vol=$37  trades=3  first_trade=2026-02-08 23:13  winrate=0.465  n_markets_traded=240.000  herfindahl_index_markets=0.014
12:00:52 [super]   #2201  0x26b3dad05b0e5844e6ec7b46b2aff29dc06bc9a4  prob=0.0351 (raw=0.0217)  vol=$13  trades=2  first_trade=2026-02-07 11:53  winrate=0.460  n_markets_traded=50.000  herfindahl_index_markets=0.034
12:00:52 [super]   #2202  0xa33aa1647b7aa9d1237a20ee82eef5501056223f  prob=0.0351 (raw=0.0217)  vol=$51  trades=4  first_trade=2026-02-07 20:51  winrate=0.382  n_markets_traded=102.000  herfindahl_index_markets=0.022
12:00:52 [super]   #2203  0x53f07819968d02afc6578e9f23f5748fd8bafff4  prob=0.0351 (raw=0.0217)  vol=$8  trades=2  first_trade=2026-02-08 23:23  winrate=0.383  n_markets_traded=141.000  herfindahl_index_markets=0.020
12:00:52 [super]   #2204  0x2d87a33c69c5d9187fa424acc6ef5a42afde190c  prob=0.0351 (raw=0.0217)  vol=$3  trades=1  first_trade=2026-02-08 19:55  winrate=0.461  n_markets_traded=159.000  herfindahl_index_markets=0.024
12:00:52 [super]   #2205  0x2b7fcb1be706d3fb4b254ac70d52b0368c961cb6  prob=0.0351 (raw=0.0216)  vol=$5  trades=10  first_trade=2026-02-09 22:50  winrate=NaN  n_markets_traded=0.000  herfindahl_index_markets=0.000
12:00:52 [super]   #2206  0x27f97722fba243c314bc6d2a1b8ce995fc652048  prob=0.0351 (raw=0.0216)  vol=$6  trades=3  first_trade=2026-02-08 22:54  winrate=0.458  n_markets_traded=59.000  herfindahl_index_markets=0.030
12:00:52 [super]   #2207  0x4a9177546b9c1c4e802a0aa8a82dfd4c3ea3e426  prob=0.0351 (raw=0.0216)  vol=$36  trades=2  first_trade=2026-02-07 12:23  winrate=0.385  n_markets_traded=13.000  herfindahl_index_markets=0.108
12:00:52 [super]   #2208  0x539bac121935feb3c82989717944f12eade3b0e2  prob=0.0351 (raw=0.0216)  vol=$11  trades=2  first_trade=2026-02-02 07:58  winrate=0.405  n_markets_traded=37.000  herfindahl_index_markets=0.066
12:00:52 [super]   #2209  0xaa642408603db11aa367e61fd2dbb581f443eb55  prob=0.0351 (raw=0.0216)  vol=$10  trades=2  first_trade=2026-02-09 02:24  winrate=0.410  n_markets_traded=156.000  herfindahl_index_markets=0.029
12:00:52 [super]   #2210  0x717b3217b5b86b9628ae5d2acbd72d40e8c12ae6  prob=0.0351 (raw=0.0216)  vol=$2  trades=2  first_trade=2026-02-08 21:41  winrate=0.467  n_markets_traded=107.000  herfindahl_index_markets=0.051
12:00:52 [super]   #2211  0xf8f6ea4fc1778287cc81d344cd6286cfeaf48a51  prob=0.0351 (raw=0.0216)  vol=$8  trades=2  first_trade=2026-02-03 18:07  winrate=0.463  n_markets_traded=350.000  herfindahl_index_markets=0.006
12:00:52 [super]   #2212  0x307d0305313f4207b66e355066837aface5e6865  prob=0.0351 (raw=0.0216)  vol=$127  trades=6  first_trade=2026-02-07 21:27  winrate=0.474  n_markets_traded=116.000  herfindahl_index_markets=0.038
12:00:52 [super]   #2213  0x32cd72dbb46f80a025d7d1b74acaf83368f8316a  prob=0.0351 (raw=0.0216)  vol=$169  trades=2  first_trade=2026-02-08 17:29  winrate=0.368  n_markets_traded=19.000  herfindahl_index_markets=0.108
12:00:52 [super]   #2214  0x3494226892fe4556cfde3ecd0715211c1d0c04f4  prob=0.0351 (raw=0.0216)  vol=$125  trades=8  first_trade=2026-02-08 06:23  winrate=NaN  n_markets_traded=0.000  herfindahl_index_markets=0.000
12:00:52 [super]   #2215  0x59e486033d615b82ea043c5cf790b5a09b4c3130  prob=0.0351 (raw=0.0216)  vol=$51  trades=3  first_trade=2025-09-29 16:06  winrate=0.565  n_markets_traded=92.000  herfindahl_index_markets=0.030
12:00:52 [super]   #2216  0x1e5b7d52695b34438b8021048d9a5c634f3b73d0  prob=0.0350 (raw=0.0214)  vol=$5  trades=4  first_trade=2026-02-07 19:52  winrate=0.311  n_markets_traded=122.000  herfindahl_index_markets=0.191
12:00:52 [super]   #2217  0xfe1d25870a99b111b156df0e1cc3f14c811a219e  prob=0.0350 (raw=0.0214)  vol=$74  trades=6  first_trade=2026-01-18 19:08  winrate=NaN  n_markets_traded=0.000  herfindahl_index_markets=0.000
12:00:52 [super]   #2218  0xaba546ccb3b81445c17632dd19cefe0b36c2a69e  prob=0.0350 (raw=0.0214)  vol=$56  trades=4  first_trade=2026-02-08 00:58  winrate=0.190  n_markets_traded=126.000  herfindahl_index_markets=0.104
12:00:52 [super]   #2219  0xa9335a2b5e88645ee5bb552d8675626ed0d94e84  prob=0.0350 (raw=0.0214)  vol=$7  trades=4  first_trade=2026-02-07 23:27  winrate=0.297  n_markets_traded=575.000  herfindahl_index_markets=0.011
12:00:52 [super]   #2220  0x10648b6ad58a61dce687e1a439b0a83525faf153  prob=0.0350 (raw=0.0214)  vol=$3,481  trades=14  first_trade=2026-02-09 01:34  winrate=NaN  n_markets_traded=0.000  herfindahl_index_markets=0.000
12:00:52 [super]   #2221  0xf2ab1d55462e3417a4c6e91affbe787d9c3a97a4  prob=0.0350 (raw=0.0214)  vol=$5,988  trades=9  first_trade=2026-02-09 08:02  winrate=NaN  n_markets_traded=0.000  herfindahl_index_markets=0.000
12:00:52 [super]   #2222  0xe0a0af18543c30af616f2f425e73815f33fd0403  prob=0.0350 (raw=0.0213)  vol=$174  trades=14  first_trade=2026-01-26 18:07  winrate=0.231  n_markets_traded=39.000  herfindahl_index_markets=0.053
12:00:52 [super]   #2223  0xa79eed6bca1cf4757a53cb5d31824c9acaa55e9e  prob=0.0350 (raw=0.0213)  vol=$240  trades=17  first_trade=2026-02-09 01:33  winrate=NaN  n_markets_traded=0.000  herfindahl_index_markets=0.000
12:00:52 [super]   #2224  0x2df8e9c7bf0860d0758f16c3f1e6272337ea8bcc  prob=0.0350 (raw=0.0213)  vol=$24  trades=4  first_trade=2026-01-10 12:32  winrate=0.400  n_markets_traded=20.000  herfindahl_index_markets=0.117
12:00:52 [super]   #2225  0x2d811b8d15236dabe92b2f3610a01cc9dbcafe57  prob=0.0350 (raw=0.0213)  vol=$220  trades=13  first_trade=2026-02-09 02:38  winrate=NaN  n_markets_traded=0.000  herfindahl_index_markets=0.000
12:00:52 [super]   #2226  0xd391d4c98709f61f72472cbd8e8126fc1e3c093f  prob=0.0350 (raw=0.0213)  vol=$724  trades=4  first_trade=2026-02-09 01:34  winrate=NaN  n_markets_traded=0.000  herfindahl_index_markets=0.000
12:00:52 [super]   #2227  0xf9e1a97ed5cb0e55a48803d754e27d04cadce46f  prob=0.0350 (raw=0.0212)  vol=$298  trades=8  first_trade=2026-02-09 03:57  winrate=NaN  n_markets_traded=0.000  herfindahl_index_markets=0.000
12:00:52 [super]   #2228  0x0bfb8009df6c46c1fdd79b65896cf224dc4526a7  prob=0.0350 (raw=0.0212)  vol=$230  trades=3  first_trade=2026-02-09 01:38  winrate=NaN  n_markets_traded=0.000  herfindahl_index_markets=0.000
12:00:52 [super]   #2229  0x60f7293958a1b49f25a00a6af0199cbc7a1c050b  prob=0.0350 (raw=0.0212)  vol=$2,469  trades=16  first_trade=2026-02-05 00:00  winrate=NaN  n_markets_traded=0.000  herfindahl_index_markets=0.000
12:00:52 [super]   #2230  0xeca0c0888e34df59589c67fbe53dc7f298b5e8f8  prob=0.0350 (raw=0.0212)  vol=$1,840  trades=7  first_trade=2026-02-09 01:37  winrate=NaN  n_markets_traded=0.000  herfindahl_index_markets=0.000
12:00:52 [super]   #2231  0xcb8c144d8d36f9a05c9eec039b165a45018d69b1  prob=0.0350 (raw=0.0211)  vol=$171  trades=9  first_trade=2026-01-18 18:35  winrate=NaN  n_markets_traded=0.000  herfindahl_index_markets=0.000
12:00:52 [super]   #2232  0x1e3a86ef98030e7e0519e127d8178e9b45389e14  prob=0.0350 (raw=0.0211)  vol=$2,387  trades=19  first_trade=2026-02-09 01:39  winrate=NaN  n_markets_traded=0.000  herfindahl_index_markets=0.000
12:00:52 [super]   #2233  0x38ca97b45c5bb5014528257e1375745705b34b1f  prob=0.0350 (raw=0.0211)  vol=$27  trades=4  first_trade=2026-01-13 23:13  winrate=0.200  n_markets_traded=5.000  herfindahl_index_markets=0.287
12:00:52 [super]   #2234  0xc775af82c237cbcc926cdf170d31128a91d66b22  prob=0.0350 (raw=0.0211)  vol=$160  trades=1  first_trade=2026-02-09 01:47  winrate=0.184  n_markets_traded=87.000  herfindahl_index_markets=0.038
12:00:52 [super]   #2235  0xca165e655b0506ee83678157ea12bf62a450f878  prob=0.0350 (raw=0.0211)  vol=$151  trades=10  first_trade=2026-02-08 23:05  winrate=NaN  n_markets_traded=0.000  herfindahl_index_markets=0.000
12:00:52 [super]   #2236  0xf679e84e22c0cc6c5e46509c54b98208b824c98b  prob=0.0350 (raw=0.0210)  vol=$1,000  trades=2  first_trade=2026-02-11 19:27  winrate=0.151  n_markets_traded=53.000  herfindahl_index_markets=0.087
12:00:52 [super]   #2237  0x04b8a18e050a5b2f635d12853b5998ba0ef2ec46  prob=0.0350 (raw=0.0210)  vol=$104  trades=7  first_trade=2026-02-09 01:38  winrate=0.476  n_markets_traded=82.000  herfindahl_index_markets=0.059
12:00:52 [super]   #2238  0xc3799b116786982c713ae3589f311b8a2d54b246  prob=0.0350 (raw=0.0210)  vol=$20  trades=2  first_trade=2026-02-08 23:17  winrate=0.269  n_markets_traded=26.000  herfindahl_index_markets=0.075
12:00:52 [super]   #2239  0x7d318a916ce55b651894adb0896054dc2c436dd6  prob=0.0350 (raw=0.0209)  vol=$3  trades=2  first_trade=2026-01-10 15:16  winrate=0.118  n_markets_traded=17.000  herfindahl_index_markets=0.120
12:00:52 [super]   #2240  0x09eedecba9e8259f70f600a6f26aafcd0b593b26  prob=0.0350 (raw=0.0209)  vol=$11  trades=2  first_trade=2026-01-10 12:55  winrate=0.105  n_markets_traded=19.000  herfindahl_index_markets=0.103
12:00:52 [super]   #2241  0x44ef64c7f7ab4f2aa55c4427a393de94127091a8  prob=0.0350 (raw=0.0209)  vol=$11  trades=2  first_trade=2026-01-10 16:59  winrate=0.118  n_markets_traded=17.000  herfindahl_index_markets=0.111
12:00:52 [super]   #2242  0x796c86f00c2fd587a1cd9640f06304c2ecef7879  prob=0.0350 (raw=0.0209)  vol=$12  trades=2  first_trade=2026-01-10 21:48  winrate=0.111  n_markets_traded=18.000  herfindahl_index_markets=0.101
12:00:52 [super]   #2243  0xc51941999d707536ff5fb56a046e2a412565348a  prob=0.0350 (raw=0.0208)  vol=$14  trades=6  first_trade=2026-02-07 19:10  winrate=NaN  n_markets_traded=0.000  herfindahl_index_markets=0.000
12:00:52 [super]   #2244  0xf8db4a4f4861185014033f2e2cc183037bbb7061  prob=0.0349 (raw=0.0207)  vol=$24  trades=4  first_trade=2026-02-08 20:04  winrate=0.400  n_markets_traded=10.000  herfindahl_index_markets=0.134
12:00:52 [super]   #2245  0x2a7026b82b3787606ea24440b48205f70b013fc8  prob=0.0349 (raw=0.0207)  vol=$250  trades=3  first_trade=2026-02-09 01:48  winrate=0.359  n_markets_traded=78.000  herfindahl_index_markets=0.039
12:00:52 [super]   #2246  0x816ebf04ff12a1e7278b607863892ae32eb8b6fa  prob=0.0349 (raw=0.0207)  vol=$240  trades=16  first_trade=2026-02-08 19:36  winrate=0.649  n_markets_traded=97.000  herfindahl_index_markets=0.030
12:00:52 [super]   #2247  0x051b59049fbda656f161bdda9939607b4a5a09d4  prob=0.0349 (raw=0.0207)  vol=$225  trades=27  first_trade=2026-02-08 17:35  winrate=NaN  n_markets_traded=0.000  herfindahl_index_markets=0.000
12:00:52 [super]   #2248  0x4745bed9080a47cdf2e8280fd57dd49237305916  prob=0.0349 (raw=0.0206)  vol=$18  trades=3  first_trade=2025-11-10 14:18  winrate=NaN  n_markets_traded=0.000  herfindahl_index_markets=0.000
12:00:52 [super]   #2249  0x10b289276b2b69cac7b1bbc58601009b6ee74ceb  prob=0.0349 (raw=0.0205)  vol=$32  trades=6  first_trade=2026-02-08 08:38  winrate=NaN  n_markets_traded=0.000  herfindahl_index_markets=0.000
12:00:52 [super]   #2250  0x0850f3bea7e4149838023937c5fd74e08289cb8c  prob=0.0349 (raw=0.0205)  vol=$265  trades=21  first_trade=2026-02-08 17:34  winrate=0.231  n_markets_traded=39.000  herfindahl_index_markets=0.152
12:00:52 [super]   #2251  0xecdd4111fc00b67359ca1880cb1245d321e75950  prob=0.0349 (raw=0.0205)  vol=$27  trades=4  first_trade=2026-01-10 19:40  winrate=0.214  n_markets_traded=14.000  herfindahl_index_markets=0.106
12:00:52 [super]   #2252  0x47355cc3143ec00534a8d33ae484aac2ed38ed50  prob=0.0349 (raw=0.0204)  vol=$2,113  trades=2  first_trade=2026-02-09 05:04  winrate=0.286  n_markets_traded=7.000  herfindahl_index_markets=0.367
12:00:52 [super]   #2253  0x7e89ffe1168b599a34a2a1f22eed1eccd8ab8946  prob=0.0349 (raw=0.0204)  vol=$1,104  trades=3  first_trade=2026-02-09 12:10  winrate=0.850  n_markets_traded=80.000  herfindahl_index_markets=0.037
12:00:52 [super]   #2254  0x151b01f35ab80aef3b2fbace12aa5218a7a3c6ca  prob=0.0349 (raw=0.0203)  vol=$22  trades=2  first_trade=2026-02-09 04:08  winrate=0.159  n_markets_traded=417.000  herfindahl_index_markets=0.007
12:00:52 [super]   #2255  0x8ebfdc251c6c378d4a3a54a8f15cebfa4b9183ce  prob=0.0349 (raw=0.0203)  vol=$6,039  trades=18  first_trade=2026-02-09 01:42  winrate=NaN  n_markets_traded=0.000  herfindahl_index_markets=0.000
12:00:52 [super]   #2256  0x20081f9a16068587ac9e978f1c24739a51007c40  prob=0.0349 (raw=0.0203)  vol=$18,733  trades=12  first_trade=2026-02-09 02:58  winrate=0.590  n_markets_traded=39.000  herfindahl_index_markets=0.088
12:00:52 [super]   #2257  0x1de946e42309f9a5fa0f6ab294aa3bd47624be76  prob=0.0349 (raw=0.0201)  vol=$260  trades=8  first_trade=2026-02-09 01:10  winrate=0.235  n_markets_traded=17.000  herfindahl_index_markets=0.120
12:00:52 [super]   #2258  0x96b54a30f3e1ec9c56622cac54b06576441d5124  prob=0.0349 (raw=0.0201)  vol=$17  trades=5  first_trade=2026-02-02 08:34  winrate=NaN  n_markets_traded=0.000  herfindahl_index_markets=0.000
12:00:52 [super]   #2259  0x875e974594985283c999765461bf2e15b4dee6b5  prob=0.0348 (raw=0.0201)  vol=$5  trades=2  first_trade=2026-01-11 06:46  winrate=NaN  n_markets_traded=0.000  herfindahl_index_markets=0.000
12:00:52 [super]   #2260  0xbb87c161ab20b17513de17d78ea78a8d1f8e2144  prob=0.0348 (raw=0.0200)  vol=$88  trades=10  first_trade=2026-02-08 20:02  winrate=0.138  n_markets_traded=29.000  herfindahl_index_markets=0.079
12:00:52 [super]   #2261  0x3e50140ba3a9b150b4af96da16280a6ece0d7a6b  prob=0.0348 (raw=0.0199)  vol=$100  trades=5  first_trade=2026-02-08 18:46  winrate=0.423  n_markets_traded=469.000  herfindahl_index_markets=0.025
12:00:52 [super]   #2262  0x1dc89e8270c7894a61300b40714d86aae9ac755e  prob=0.0348 (raw=0.0199)  vol=$6  trades=7  first_trade=2026-02-02 08:46  winrate=0.368  n_markets_traded=19.000  herfindahl_index_markets=0.169
12:00:52 [super]   #2263  0xf03d818586aeecebbbb3173edf49aee6aa362bcf  prob=0.0348 (raw=0.0198)  vol=$100  trades=2  first_trade=2026-02-11 21:16  winrate=NaN  n_markets_traded=0.000  herfindahl_index_markets=0.000
12:00:52 [super]   #2264  0xfd72fc8955137d99debead2728bc3811aab06cc4  prob=0.0348 (raw=0.0198)  vol=$60  trades=2  first_trade=2026-01-24 07:30  winrate=NaN  n_markets_traded=0.000  herfindahl_index_markets=0.000
12:00:52 [super]   #2265  0x7d9bc62cc3e4529dfcfcf9fdefba343ee0a4e4db  prob=0.0348 (raw=0.0197)  vol=$15  trades=2  first_trade=2026-01-10 20:24  winrate=0.133  n_markets_traded=15.000  herfindahl_index_markets=0.100
12:00:52 [super]   #2266  0x24c5aac5af4f373bc0a23566197932a9e296f748  prob=0.0348 (raw=0.0197)  vol=$6  trades=2  first_trade=2026-01-10 21:59  winrate=0.125  n_markets_traded=16.000  herfindahl_index_markets=0.100
12:00:52 [super]   #2267  0x1f005ad3ea49b756f1a2518f9f1884518c2ea93d  prob=0.0348 (raw=0.0197)  vol=$3  trades=2  first_trade=2026-01-10 13:47  winrate=0.130  n_markets_traded=23.000  herfindahl_index_markets=0.093
12:00:52 [super]   #2268  0xa639cba9de2767193ac9652e56f79c6a9302a48f  prob=0.0348 (raw=0.0197)  vol=$965  trades=4  first_trade=2026-02-09 04:37  winrate=NaN  n_markets_traded=0.000  herfindahl_index_markets=0.000
12:00:52 [super]   #2269  0xf769c6390f6d564fe4859effbddb682c62660114  prob=0.0348 (raw=0.0195)  vol=$80,295  trades=245  first_trade=2026-02-08 22:51  winrate=NaN  n_markets_traded=0.000  herfindahl_index_markets=0.000
12:00:52 [super]   #2270  0x5ea9a21db9de280fdee5fcf76af648625b021a13  prob=0.0348 (raw=0.0195)  vol=$1  trades=1  first_trade=2026-02-09 01:53  winrate=0.261  n_markets_traded=567.000  herfindahl_index_markets=0.013
12:00:52 [super]   #2271  0xdf4dca8e09bf747b3fe74f7706394c425f02082a  prob=0.0348 (raw=0.0195)  vol=$8  trades=3  first_trade=2026-02-08 18:19  winrate=0.300  n_markets_traded=20.000  herfindahl_index_markets=0.062
12:00:52 [super]   #2272  0x075ce9d2416de6a900273e57d2909023e296f9fe  prob=0.0348 (raw=0.0195)  vol=$77  trades=6  first_trade=2026-02-03 19:35  winrate=0.237  n_markets_traded=156.000  herfindahl_index_markets=0.020
12:00:52 [super]   #2273  0xcf934dc7328bb6522ec7b31a2f74545f1ee8a876  prob=0.0348 (raw=0.0195)  vol=$31  trades=4  first_trade=2026-02-08 08:05  winrate=0.269  n_markets_traded=26.000  herfindahl_index_markets=0.129
12:00:52 [super]   #2274  0xe68e9770b5a16b0b99337d024b8e467084c58a7d  prob=0.0348 (raw=0.0195)  vol=$5  trades=2  first_trade=2026-02-07 20:10  winrate=0.306  n_markets_traded=36.000  herfindahl_index_markets=0.059
12:00:52 [super]   #2275  0xc851e5f4ec6a31b01c130c06b40439189f4bc512  prob=0.0348 (raw=0.0195)  vol=$10  trades=2  first_trade=2026-02-03 00:24  winrate=0.227  n_markets_traded=22.000  herfindahl_index_markets=0.091
12:00:52 [super]   #2276  0x85e24208f0ce34aaf0e43732e4e060d7dfcb4324  prob=0.0348 (raw=0.0195)  vol=$2  trades=2  first_trade=2026-02-09 00:19  winrate=0.250  n_markets_traded=12.000  herfindahl_index_markets=0.111
12:00:52 [super]   #2277  0xc81f92203eb7fe54efc94a1bc206954eae22656e  prob=0.0348 (raw=0.0195)  vol=$12  trades=2  first_trade=2026-02-08 16:19  winrate=0.306  n_markets_traded=49.000  herfindahl_index_markets=0.056
12:00:52 [super]   #2278  0x54278849b5020b5b6d7eb0beda3ed4f2ec87bb86  prob=0.0348 (raw=0.0195)  vol=$42  trades=4  first_trade=2026-02-08 19:03  winrate=0.336  n_markets_traded=110.000  herfindahl_index_markets=0.044
12:00:52 [super]   #2279  0xd4fb5be552f4900b64f841a88035bcd44fa0a772  prob=0.0348 (raw=0.0195)  vol=$4  trades=4  first_trade=2026-02-08 06:18  winrate=0.350  n_markets_traded=137.000  herfindahl_index_markets=0.019
12:00:52 [super]   #2280  0x0abf05ce3d5010128a39590e4839301b36f43d36  prob=0.0348 (raw=0.0195)  vol=$2  trades=2  first_trade=2026-02-09 01:43  winrate=0.227  n_markets_traded=22.000  herfindahl_index_markets=0.112
12:00:52 [super]   #2281  0x09c1c9c8bf2693afa2385755c4143503a1947861  prob=0.0348 (raw=0.0195)  vol=$1  trades=2  first_trade=2026-02-07 16:56  winrate=0.338  n_markets_traded=154.000  herfindahl_index_markets=0.016
12:00:52 [super]   #2282  0x23023fd0aebf8c2f5c5878b538abe85727c8d402  prob=0.0348 (raw=0.0195)  vol=$7  trades=7  first_trade=2026-01-26 22:39  winrate=0.234  n_markets_traded=643.000  herfindahl_index_markets=0.005
12:00:52 [super]   #2283  0xde7d8882f54e05e843dea56325de71dea0d87cc3  prob=0.0348 (raw=0.0195)  vol=$2  trades=2  first_trade=2026-02-08 05:38  winrate=0.286  n_markets_traded=28.000  herfindahl_index_markets=0.084
12:00:52 [super]   #2284  0xa6624f80a8274ee61bd3724ba9bc5ecc3f8e72c1  prob=0.0348 (raw=0.0195)  vol=$2  trades=2  first_trade=2026-02-09 01:19  winrate=0.372  n_markets_traded=43.000  herfindahl_index_markets=0.037
12:00:52 [super]   #2285  0x4e78781bbf4381a74fa800c0101978473793be02  prob=0.0348 (raw=0.0195)  vol=$2  trades=2  first_trade=2026-01-31 22:12  winrate=0.370  n_markets_traded=54.000  herfindahl_index_markets=0.080
12:00:52 [super]   #2286  0xc3cff162bf358d805157d23ea13c8e485c4a1e59  prob=0.0348 (raw=0.0195)  vol=$2  trades=2  first_trade=2026-02-09 02:57  winrate=0.361  n_markets_traded=208.000  herfindahl_index_markets=0.019
12:00:52 [super]   #2287  0x6dfc03537f81a1f335a8333cc86652a9e18b3b82  prob=0.0348 (raw=0.0195)  vol=$2  trades=2  first_trade=2026-02-08 21:23  winrate=0.239  n_markets_traded=71.000  herfindahl_index_markets=0.058
12:00:52 [super]   #2288  0x42e1f6e80b19d8493e70138d90eb3190b909ec2d  prob=0.0348 (raw=0.0195)  vol=$25  trades=2  first_trade=2026-02-08 23:50  winrate=0.274  n_markets_traded=112.000  herfindahl_index_markets=0.041
12:00:52 [super]   #2289  0x6210bd0fe8181c942cc2cfb7ee71782d2f369f18  prob=0.0348 (raw=0.0194)  vol=$42  trades=3  first_trade=2026-02-08 21:10  winrate=0.360  n_markets_traded=25.000  herfindahl_index_markets=0.090
12:00:52 [super]   #2290  0x87c55f760e1a777a1df5055dbe5321722cea3a87  prob=0.0348 (raw=0.0194)  vol=$33  trades=2  first_trade=2026-02-05 14:59  winrate=0.273  n_markets_traded=11.000  herfindahl_index_markets=0.109
12:00:52 [super]   #2291  0xa376aa0b156bf746bf28ccf16f70065678c01699  prob=0.0348 (raw=0.0194)  vol=$6  trades=2  first_trade=2026-02-08 14:40  winrate=0.365  n_markets_traded=646.000  herfindahl_index_markets=0.003
12:00:52 [super]   #2292  0xfef49e0e5a8b28febd914e630d4c650b1d70d202  prob=0.0348 (raw=0.0194)  vol=$65  trades=4  first_trade=2026-02-09 00:26  winrate=0.242  n_markets_traded=33.000  herfindahl_index_markets=0.124
12:00:52 [super]   #2293  0xd3a2c84d664aacd57913b2c328e1157bc2b12bb9  prob=0.0348 (raw=0.0194)  vol=$3  trades=2  first_trade=2026-01-10 10:55  winrate=0.222  n_markets_traded=18.000  herfindahl_index_markets=0.118
12:00:52 [super]   #2294  0x0813223425372fa71aa4b55521c5a8fe2ab5dbd9  prob=0.0348 (raw=0.0194)  vol=$27  trades=4  first_trade=2026-01-10 10:42  winrate=0.364  n_markets_traded=11.000  herfindahl_index_markets=0.140
12:00:52 [super]   #2295  0x68e954d22f1fbebc1be9a66258f04396511ee8f6  prob=0.0348 (raw=0.0194)  vol=$106  trades=8  first_trade=2026-02-08 20:42  winrate=0.250  n_markets_traded=12.000  herfindahl_index_markets=0.138
12:00:52 [super]   #2296  0xfa7e25c8df8d4f36e5a87731ba2b91540046f37e  prob=0.0347 (raw=0.0194)  vol=$326  trades=55  first_trade=2026-01-01 21:08  winrate=0.391  n_markets_traded=167.000  herfindahl_index_markets=0.137
12:00:52 [super]   #2297  0x415175767d6ef3adf67057b02f9e146655127283  prob=0.0347 (raw=0.0194)  vol=$27  trades=6  first_trade=2026-02-09 01:18  winrate=0.463  n_markets_traded=108.000  herfindahl_index_markets=0.022
12:00:52 [super]   #2298  0x9d84ce0306f8551e02efef1680475fc0f1dc1344  prob=0.0347 (raw=0.0194)  vol=$79,624  trades=87  first_trade=2025-09-29 02:04  winrate=NaN  n_markets_traded=0.000  herfindahl_index_markets=0.000
12:00:52 [super]   #2299  0x9bdea1ccfdca0c80ae1583419927fdda373cc82f  prob=0.0347 (raw=0.0194)  vol=$30  trades=10  first_trade=2026-02-09 01:29  winrate=0.176  n_markets_traded=51.000  herfindahl_index_markets=0.062
12:00:52 [super]   #2300  0x11211c748debdb0e35e0771b9a8a14769d5a4e63  prob=0.0347 (raw=0.0193)  vol=$8  trades=2  first_trade=2026-02-09 02:24  winrate=0.200  n_markets_traded=15.000  herfindahl_index_markets=0.075
12:00:52 [super]   #2301  0xbb7a9c339a9bfebd4ceb65bbd730db08c7d78989  prob=0.0347 (raw=0.0193)  vol=$12  trades=2  first_trade=2026-01-10 14:27  winrate=0.158  n_markets_traded=19.000  herfindahl_index_markets=0.098
12:00:52 [super]   #2302  0x5a07d3aabca0fde13247f6214ebe09de516535f2  prob=0.0347 (raw=0.0193)  vol=$3  trades=2  first_trade=2026-01-10 20:55  winrate=0.154  n_markets_traded=13.000  herfindahl_index_markets=0.112
12:00:52 [super]   #2303  0x63109c0dc9608e3126812c896294fa118da0cc10  prob=0.0347 (raw=0.0193)  vol=$14  trades=2  first_trade=2026-01-10 14:26  winrate=0.143  n_markets_traded=14.000  herfindahl_index_markets=0.105
12:00:52 [super]   #2304  0x38e7faec647a62f3c25f0506894e3ab2cc696704  prob=0.0347 (raw=0.0193)  vol=$9  trades=2  first_trade=2026-01-10 21:48  winrate=0.154  n_markets_traded=13.000  herfindahl_index_markets=0.144
12:00:52 [super]   #2305  0xcdd3274d456ef9c8337b6d4347bf4bc21d65c7f1  prob=0.0347 (raw=0.0193)  vol=$17  trades=4  first_trade=2026-01-10 14:14  winrate=0.143  n_markets_traded=21.000  herfindahl_index_markets=0.120
12:00:52 [super]   #2306  0x9e48a830def7d64defd22ac3a76c4f57843f16b2  prob=0.0347 (raw=0.0193)  vol=$1,828  trades=29  first_trade=2026-02-07 04:19  winrate=0.000  n_markets_traded=5.000  herfindahl_index_markets=0.355
12:00:52 [super]   #2307  0x755d29a2e6b543d9463aca57d4d47f50c60b6acc  prob=0.0347 (raw=0.0193)  vol=$604  trades=11  first_trade=2026-02-09 01:18  winrate=NaN  n_markets_traded=0.000  herfindahl_index_markets=0.000
12:00:52 [super]   #2308  0x8aefefd886e013132eae7560148f20e313049efe  prob=0.0347 (raw=0.0193)  vol=$3,272  trades=8  first_trade=2026-02-09 01:33  winrate=0.343  n_markets_traded=67.000  herfindahl_index_markets=0.096
12:00:52 [super]   #2309  0xb2fc868d09c6bb1b79bbfb93edd2f3b65e13a6e0  prob=0.0347 (raw=0.0193)  vol=$28  trades=4  first_trade=2026-01-10 10:43  winrate=0.214  n_markets_traded=14.000  herfindahl_index_markets=0.149
12:00:52 [super]   #2310  0x533dd48fefa88e3e9ff2e432237d5077c0b6ceee  prob=0.0347 (raw=0.0193)  vol=$135  trades=2  first_trade=2026-02-08 23:21  winrate=0.186  n_markets_traded=194.000  herfindahl_index_markets=0.017
12:00:52 [super]   #2311  0xf4a4eab0af4fa0c94ffcc05b9df184edb4193117  prob=0.0347 (raw=0.0192)  vol=$17  trades=3  first_trade=2026-02-09 04:03  winrate=NaN  n_markets_traded=0.000  herfindahl_index_markets=0.000
12:00:52 [super]   #2312  0x361361da1313e396077d39ec8031d25568bf79e1  prob=0.0347 (raw=0.0192)  vol=$142  trades=7  first_trade=2026-02-06 04:07  winrate=NaN  n_markets_traded=0.000  herfindahl_index_markets=0.000
12:00:52 [super]   #2313  0x399d9aa06edcc8da49e364f638c81da3261babcc  prob=0.0347 (raw=0.0192)  vol=$3,236  trades=87  first_trade=2026-02-06 06:02  winrate=0.463  n_markets_traded=67.000  herfindahl_index_markets=0.065
12:00:52 [super]   #2314  0xf6a7cd1f3c9b120425d76e1fefa298a093d573b2  prob=0.0347 (raw=0.0192)  vol=$1,099  trades=11  first_trade=2026-02-08 18:46  winrate=0.329  n_markets_traded=76.000  herfindahl_index_markets=0.047
12:00:52 [super]   #2315  0x1521b47bf0c41f6b7fd3ad41cdec566812c8f23e  prob=0.0347 (raw=0.0192)  vol=$199,800  trades=48  first_trade=2026-02-10 03:13  winrate=NaN  n_markets_traded=0.000  herfindahl_index_markets=0.000
12:00:52 [super]   #2316  0x0980fd197b6c3409c5b9cf6cfc1b8aeba2878d3e  prob=0.0347 (raw=0.0191)  vol=$3  trades=2  first_trade=2026-01-10 13:41  winrate=0.304  n_markets_traded=23.000  herfindahl_index_markets=0.085
12:00:52 [super]   #2317  0x447c8236a77d62a5c549e2bf6868950bf20a6843  prob=0.0347 (raw=0.0191)  vol=$3  trades=2  first_trade=2026-01-10 15:09  winrate=0.235  n_markets_traded=17.000  herfindahl_index_markets=0.098
12:00:52 [super]   #2318  0xdfccaf76e0c2ca67ac2a6765ecbb59a0d409e9c0  prob=0.0347 (raw=0.0191)  vol=$29  trades=4  first_trade=2026-01-10 19:31  winrate=0.273  n_markets_traded=11.000  herfindahl_index_markets=0.142
12:00:52 [super]   #2319  0x6dcc26a11abfcf4f3bf49d74e8cc4a1dbe4d7a65  prob=0.0347 (raw=0.0191)  vol=$3  trades=2  first_trade=2026-01-10 15:16  winrate=0.278  n_markets_traded=18.000  herfindahl_index_markets=0.137
12:00:52 [super]   #2320  0x2038b9fdd1628e8c999b262680ac534d9f8e3e20  prob=0.0347 (raw=0.0191)  vol=$6  trades=2  first_trade=2026-01-10 17:23  winrate=0.278  n_markets_traded=18.000  herfindahl_index_markets=0.094
12:00:52 [super]   #2321  0xce12a1acf54e662e3e03e5f048e127908aa263a3  prob=0.0347 (raw=0.0191)  vol=$3  trades=2  first_trade=2026-01-10 15:26  winrate=0.278  n_markets_traded=18.000  herfindahl_index_markets=0.107
12:00:52 [super]   #2322  0x4ab0870ecb96c1cc8e94ce3ad5ed5334d9c45b12  prob=0.0347 (raw=0.0191)  vol=$7  trades=2  first_trade=2026-01-10 14:52  winrate=0.227  n_markets_traded=22.000  herfindahl_index_markets=0.088
12:00:52 [super]   #2323  0x29038ac16f49352bd0d1cb23ab2732b216ce4f56  prob=0.0347 (raw=0.0191)  vol=$3  trades=2  first_trade=2026-01-10 20:49  winrate=0.278  n_markets_traded=18.000  herfindahl_index_markets=0.102
12:00:52 [super]   #2324  0x83459a76443a697c5b79fe1ca3d4cb1173021ffe  prob=0.0347 (raw=0.0191)  vol=$8  trades=2  first_trade=2026-01-10 17:10  winrate=0.278  n_markets_traded=18.000  herfindahl_index_markets=0.116
12:00:52 [super]   #2325  0x7749b97a49fef01d5d1cb19812ba23ecfd75ed43  prob=0.0347 (raw=0.0191)  vol=$7  trades=2  first_trade=2026-01-10 17:17  winrate=0.250  n_markets_traded=12.000  herfindahl_index_markets=0.144
12:00:52 [super]   #2326  0x94238e9472fee9ce2ee908f3d67ccb9ff9e5b963  prob=0.0347 (raw=0.0191)  vol=$13  trades=2  first_trade=2026-01-10 16:59  winrate=0.222  n_markets_traded=18.000  herfindahl_index_markets=0.111
12:00:52 [super]   #2327  0x50241349c4e54815bfa5977835bacf54fa17d2be  prob=0.0347 (raw=0.0191)  vol=$13  trades=2  first_trade=2026-01-10 14:19  winrate=0.278  n_markets_traded=18.000  herfindahl_index_markets=0.105
12:00:52 [super]   #2328  0xba8407029f2820e9a4e5a45b968b33dffd507975  prob=0.0347 (raw=0.0191)  vol=$16  trades=2  first_trade=2026-01-10 14:19  winrate=0.333  n_markets_traded=21.000  herfindahl_index_markets=0.095
12:00:52 [super]   #2329  0x24e226fb638679f8fc89017b0e7ac3914573ebf4  prob=0.0347 (raw=0.0191)  vol=$17  trades=2  first_trade=2026-01-10 16:38  winrate=0.235  n_markets_traded=17.000  herfindahl_index_markets=0.119
12:00:52 [super]   #2330  0x6c099c7f59998eef426565db461d01384b3f92dd  prob=0.0347 (raw=0.0191)  vol=$31  trades=4  first_trade=2026-01-10 12:32  winrate=0.364  n_markets_traded=22.000  herfindahl_index_markets=0.119
12:00:52 [super]   #2331  0xa15c518240fed6ec877740cfb7d228ca7156a40f  prob=0.0347 (raw=0.0191)  vol=$31  trades=4  first_trade=2026-01-10 13:58  winrate=0.263  n_markets_traded=19.000  herfindahl_index_markets=0.096
12:00:52 [super]   #2332  0xe2a88515a92e3c960987b3f07008e80dde0a0758  prob=0.0347 (raw=0.0191)  vol=$10  trades=2  first_trade=2026-01-10 16:59  winrate=0.333  n_markets_traded=18.000  herfindahl_index_markets=0.118
12:00:52 [super]   #2333  0x0d8ed7093af32f36e94f9fa86d5de3fe1140d484  prob=0.0347 (raw=0.0191)  vol=$10  trades=2  first_trade=2026-01-10 21:53  winrate=0.368  n_markets_traded=19.000  herfindahl_index_markets=0.097
12:00:52 [super]   #2334  0xc8ecb11c9925a2a1d47739745df94fe9f65e8624  prob=0.0347 (raw=0.0191)  vol=$4  trades=2  first_trade=2026-01-10 13:11  winrate=0.227  n_markets_traded=22.000  herfindahl_index_markets=0.095
12:00:52 [super]   #2335  0xbd498a683e5623935ca5b2b0e0b77b59b10712e0  prob=0.0347 (raw=0.0191)  vol=$8  trades=2  first_trade=2026-01-10 12:54  winrate=0.292  n_markets_traded=24.000  herfindahl_index_markets=0.080
12:00:52 [super]   #2336  0x704f2bd1b540d3ddf76e74fa30d07acee758f117  prob=0.0347 (raw=0.0191)  vol=$9  trades=2  first_trade=2026-01-10 20:36  winrate=0.278  n_markets_traded=18.000  herfindahl_index_markets=0.109
12:00:52 [super]   #2337  0x84f0adead0c93d1f2ead3b6a5efa846174dc2352  prob=0.0347 (raw=0.0191)  vol=$4  trades=2  first_trade=2026-01-10 13:11  winrate=0.304  n_markets_traded=23.000  herfindahl_index_markets=0.138
12:00:52 [super]   #2338  0xc8dd5c28a6a76e950458654609c402c3b8db6a52  prob=0.0347 (raw=0.0191)  vol=$9  trades=2  first_trade=2026-01-10 17:05  winrate=0.235  n_markets_traded=17.000  herfindahl_index_markets=0.085
12:00:52 [super]   #2339  0xeb276de2b8c3ac04f0779cf7ac71e27c7d9c4d56  prob=0.0347 (raw=0.0191)  vol=$26  trades=4  first_trade=2026-02-08 23:25  winrate=0.295  n_markets_traded=77.000  herfindahl_index_markets=0.030
12:00:52 [super]   #2340  0x57b00c3ccef1b6bd6962fb9ca463c4e0b38e76f4  prob=0.0347 (raw=0.0191)  vol=$17,346  trades=59  first_trade=2026-02-09 02:25  winrate=NaN  n_markets_traded=0.000  herfindahl_index_markets=0.000
12:00:52 [super]   #2341  0xb835651e4d514f55197dc490c2092b7b1f562e51  prob=0.0347 (raw=0.0191)  vol=$229  trades=11  first_trade=2026-02-08 05:30  winrate=0.673  n_markets_traded=55.000  herfindahl_index_markets=0.100
12:00:52 [super]   #2342  0xbae2bd68c5362f4807a5c5db5984a288cd41b551  prob=0.0347 (raw=0.0190)  vol=$12  trades=2  first_trade=2026-01-10 14:19  winrate=0.200  n_markets_traded=15.000  herfindahl_index_markets=0.142
12:00:52 [super]   #2343  0x20f0a1e09ad0727c0135a6ff6868f3a55218e3b5  prob=0.0347 (raw=0.0190)  vol=$8  trades=2  first_trade=2026-01-10 17:17  winrate=0.176  n_markets_traded=17.000  herfindahl_index_markets=0.112
12:00:52 [super]   #2344  0x877f337206533116b106b2eef3f7a05a5d85d148  prob=0.0347 (raw=0.0190)  vol=$7  trades=2  first_trade=2026-01-10 13:01  winrate=0.200  n_markets_traded=15.000  herfindahl_index_markets=0.139
12:00:52 [super]   #2345  0xaceddbee6d39e20f14a470642418e8b66dfab874  prob=0.0347 (raw=0.0190)  vol=$7  trades=2  first_trade=2026-01-10 20:35  winrate=0.188  n_markets_traded=16.000  herfindahl_index_markets=0.111
12:00:52 [super]   #2346  0xa4de6b27ff52f4452aa3c49e204307323d2c1ed8  prob=0.0347 (raw=0.0190)  vol=$7  trades=2  first_trade=2026-01-10 21:53  winrate=0.176  n_markets_traded=17.000  herfindahl_index_markets=0.114
12:00:52 [super]   #2347  0xa9f368e4cbc8bb7848d141a22281598e21b37c49  prob=0.0347 (raw=0.0190)  vol=$26  trades=4  first_trade=2026-01-10 12:32  winrate=0.208  n_markets_traded=24.000  herfindahl_index_markets=0.130
12:00:52 [super]   #2348  0x91f8d059cb303c9ee644851ee414c2492213618d  prob=0.0347 (raw=0.0190)  vol=$10  trades=2  first_trade=2026-01-10 20:24  winrate=0.200  n_markets_traded=15.000  herfindahl_index_markets=0.123
12:00:52 [super]   #2349  0xf9b341564848d669fc42cdaf46539190d9b8ba87  prob=0.0347 (raw=0.0190)  vol=$37  trades=6  first_trade=2026-01-10 13:58  winrate=0.211  n_markets_traded=19.000  herfindahl_index_markets=0.134
12:00:52 [super]   #2350  0xa05f634bf5f73b44ed28a69237b4a803df0dd1c7  prob=0.0347 (raw=0.0190)  vol=$11  trades=2  first_trade=2026-01-10 21:27  winrate=0.200  n_markets_traded=15.000  herfindahl_index_markets=0.103
12:00:52 [super]   #2351  0xaf196349345d97a2eeca7030acfe434ff99215bf  prob=0.0347 (raw=0.0190)  vol=$38  trades=6  first_trade=2026-01-10 13:57  winrate=0.174  n_markets_traded=23.000  herfindahl_index_markets=0.099
12:00:52 [super]   #2352  0x321819287044806dc720d64b1a223c3da9401341  prob=0.0347 (raw=0.0190)  vol=$5  trades=2  first_trade=2026-01-10 15:00  winrate=0.190  n_markets_traded=21.000  herfindahl_index_markets=0.083
12:00:52 [super]   #2353  0x59c05510d3e11d24cd529f5a0ad48ccc98fbf894  prob=0.0347 (raw=0.0190)  vol=$28  trades=4  first_trade=2026-01-10 19:39  winrate=0.176  n_markets_traded=17.000  herfindahl_index_markets=0.104
12:00:52 [super]   #2354  0x6203ebdca64e2ab1b2880c03a9080088503ed789  prob=0.0347 (raw=0.0190)  vol=$9  trades=2  first_trade=2026-01-10 17:04  winrate=0.176  n_markets_traded=17.000  herfindahl_index_markets=0.097
12:00:52 [super]   #2355  0x4c58b938c1f4827cd5b9a61b4a0139a4e68013b9  prob=0.0347 (raw=0.0189)  vol=$156  trades=4  first_trade=2026-02-09 02:50  winrate=0.333  n_markets_traded=96.000  herfindahl_index_markets=0.045
12:00:52 [super]   #2356  0xd31cc5d6e12130f2a03d3def1acb4e52fe127424  prob=0.0346 (raw=0.0187)  vol=$1,753  trades=5  first_trade=2026-02-09 02:08  winrate=0.299  n_markets_traded=128.000  herfindahl_index_markets=0.069
12:00:52 [super]   #2357  0x4ffe49ba2a4cae123536a8af4fda48faeb609f71  prob=0.0346 (raw=0.0186)  vol=$827  trades=125  first_trade=2025-09-29 15:01  winrate=NaN  n_markets_traded=0.000  herfindahl_index_markets=0.000
12:00:52 [super]   #2358  0xe50b3e7c8038e72f42b80bd28eaba6c7c2bec2a8  prob=0.0346 (raw=0.0185)  vol=$46  trades=3  first_trade=2026-02-08 16:30  winrate=NaN  n_markets_traded=0.000  herfindahl_index_markets=0.000
12:00:52 [super]   #2359  0x362c50d6d933e43f9840b3497a1f19895ba67e3e  prob=0.0346 (raw=0.0185)  vol=$12  trades=6  first_trade=2026-02-08 03:21  winrate=NaN  n_markets_traded=0.000  herfindahl_index_markets=0.000
12:00:52 [super]   #2360  0x92b983db6fcb43925af1575b3a8524ad60a2eb9d  prob=0.0346 (raw=0.0185)  vol=$2  trades=2  first_trade=2026-02-08 19:52  winrate=NaN  n_markets_traded=0.000  herfindahl_index_markets=0.000
12:00:52 [super]   #2361  0x96489abcb9f583d6835c8ef95ffc923d05a86825  prob=0.0346 (raw=0.0185)  vol=$14,942  trades=24  first_trade=2026-02-06 17:51  winrate=NaN  n_markets_traded=0.000  herfindahl_index_markets=0.000
12:00:52 [super]   #2362  0x86e579ec56efb17b4cae27d8054563da2a7eb098  prob=0.0346 (raw=0.0185)  vol=$198  trades=7  first_trade=2026-02-08 11:45  winrate=NaN  n_markets_traded=0.000  herfindahl_index_markets=0.000
12:00:52 [super]   #2363  0x8cc9dc502e889c6851be753d1d23339ff497d07e  prob=0.0346 (raw=0.0185)  vol=$20  trades=2  first_trade=2026-02-08 23:16  winrate=NaN  n_markets_traded=0.000  herfindahl_index_markets=0.000
12:00:52 [super]   #2364  0xf0c71e6782031342440839e5e3d4bffd288b9def  prob=0.0346 (raw=0.0185)  vol=$619  trades=3  first_trade=2026-02-08 21:56  winrate=NaN  n_markets_traded=0.000  herfindahl_index_markets=0.000
12:00:52 [super]   #2365  0x67b6ccabe5f6c01a7a9ecad5d420ea0cdc7f00bc  prob=0.0346 (raw=0.0185)  vol=$80  trades=2  first_trade=2026-02-09 01:31  winrate=NaN  n_markets_traded=0.000  herfindahl_index_markets=0.000
12:00:52 [super]   #2366  0x9b1fb3472172ccf9ca9ceb9d0b1ce63cb8519ff2  prob=0.0346 (raw=0.0185)  vol=$58  trades=2  first_trade=2026-02-08 16:14  winrate=NaN  n_markets_traded=0.000  herfindahl_index_markets=0.000
12:00:52 [super]   #2367  0x9b9883152bffefb1cbe2a96fc0391537012ee5d1  prob=0.0346 (raw=0.0185)  vol=$16  trades=8  first_trade=2026-02-08 03:50  winrate=NaN  n_markets_traded=0.000  herfindahl_index_markets=0.000
12:00:52 [super]   #2368  0x7be8719297778ba3baf1c9d0dc36219fc11bc595  prob=0.0346 (raw=0.0185)  vol=$52  trades=5  first_trade=2026-02-08 18:29  winrate=NaN  n_markets_traded=0.000  herfindahl_index_markets=0.000
12:00:52 [super]   #2369  0x9c1e72180e9940345ea9fac113b839f4c84e302f  prob=0.0346 (raw=0.0185)  vol=$2  trades=2  first_trade=2026-02-08 17:32  winrate=NaN  n_markets_traded=0.000  herfindahl_index_markets=0.000
12:00:52 [super]   #2370  0xd6966eb1ae7b52320ba7ab1016680198c9e08a49  prob=0.0346 (raw=0.0185)  vol=$4,148  trades=7  first_trade=2026-02-08 14:40  winrate=NaN  n_markets_traded=0.000  herfindahl_index_markets=0.000
12:00:52 [super]   #2371  0x7f8571744b734b7925655ff66674f380a583cf2d  prob=0.0346 (raw=0.0185)  vol=$6  trades=2  first_trade=2026-02-05 05:15  winrate=NaN  n_markets_traded=0.000  herfindahl_index_markets=0.000
12:00:52 [super]   #2372  0x75fd2822c730854652d741dea6651721f2369a86  prob=0.0346 (raw=0.0185)  vol=$14  trades=4  first_trade=2026-01-30 17:19  winrate=NaN  n_markets_traded=0.000  herfindahl_index_markets=0.000
12:00:52 [super]   #2373  0xb48b1a8f796ba414672f8974dbfedca5c6c504eb  prob=0.0346 (raw=0.0185)  vol=$108  trades=4  first_trade=2026-02-08 21:36  winrate=NaN  n_markets_traded=0.000  herfindahl_index_markets=0.000
12:00:52 [super]   #2374  0xc766c56580de7f3ec621138cb46ed7fa7401c4d9  prob=0.0346 (raw=0.0185)  vol=$10  trades=2  first_trade=2026-02-08 12:54  winrate=NaN  n_markets_traded=0.000  herfindahl_index_markets=0.000
12:00:52 [super]   #2375  0xfd5c9bbfd0ac1823e629add0dcd4981b86336d2a  prob=0.0346 (raw=0.0185)  vol=$42  trades=1  first_trade=2026-02-08 19:09  winrate=NaN  n_markets_traded=0.000  herfindahl_index_markets=0.000
12:00:52 [super]   #2376  0x98d03e3ca086f02524839a1f248133d9389601a4  prob=0.0346 (raw=0.0185)  vol=$40  trades=2  first_trade=2026-02-09 02:01  winrate=NaN  n_markets_traded=0.000  herfindahl_index_markets=0.000
12:00:52 [super]   #2377  0x92e53057ef2872722a53fe807245bd387e1defee  prob=0.0346 (raw=0.0185)  vol=$462  trades=11  first_trade=2026-02-08 21:29  winrate=NaN  n_markets_traded=0.000  herfindahl_index_markets=0.000
12:00:52 [super]   #2378  0xb83f717cd03598dde412bc63e8ec1f18914fb5b2  prob=0.0346 (raw=0.0185)  vol=$18  trades=8  first_trade=2026-02-08 06:23  winrate=NaN  n_markets_traded=0.000  herfindahl_index_markets=0.000
12:00:52 [super]   #2379  0x849fae7ddd96bb8bdd323de895590f6be438b79a  prob=0.0346 (raw=0.0183)  vol=$1,003  trades=6  first_trade=2026-02-08 06:22  winrate=NaN  n_markets_traded=0.000  herfindahl_index_markets=0.000
12:00:52 [super]   #2380  0x7842b9934ea3ed4c829b6d4287f0d0da91c34d91  prob=0.0346 (raw=0.0183)  vol=$84  trades=7  first_trade=2026-02-09 01:28  winrate=NaN  n_markets_traded=0.000  herfindahl_index_markets=0.000
12:00:52 [super]   #2381  0xf3efd4e6bfbe0259bbe039809678087bae6e7be6  prob=0.0346 (raw=0.0183)  vol=$13,190  trades=33  first_trade=2026-02-08 05:51  winrate=0.519  n_markets_traded=214.000  herfindahl_index_markets=0.022
12:00:52 [super]   #2382  0x7fe2f418987c0377b790fa954477830b4317b65d  prob=0.0346 (raw=0.0183)  vol=$180  trades=5  first_trade=2026-02-07 18:34  winrate=0.286  n_markets_traded=21.000  herfindahl_index_markets=0.218
12:00:52 [super]   #2383  0x8e07d33e9f27add08072a4f6ebbe6800655cd9f7  prob=0.0346 (raw=0.0183)  vol=$10  trades=4  first_trade=2026-02-08 23:22  winrate=0.612  n_markets_traded=85.000  herfindahl_index_markets=0.078
12:00:52 [super]   #2384  0xcc3f62b0cd8e33725712bcabb52c2c1e181c77b7  prob=0.0346 (raw=0.0182)  vol=$4  trades=2  first_trade=2026-02-08 22:51  winrate=0.183  n_markets_traded=115.000  herfindahl_index_markets=0.020
12:00:52 [super]   #2385  0x0cee32e6966c6e029e40b25bcbfcf3ee81db1832  prob=0.0346 (raw=0.0181)  vol=$492  trades=15  first_trade=2026-02-08 12:29  winrate=0.619  n_markets_traded=62.000  herfindahl_index_markets=0.106
12:00:52 [super]   #2386  0xb10047d6a254b2ebb306d7a7d13bf59171ab6461  prob=0.0345 (raw=0.0179)  vol=$48,617  trades=127  first_trade=2026-02-07 17:51  winrate=NaN  n_markets_traded=0.000  herfindahl_index_markets=0.000
12:00:52 [super]   #2387  0x24c8cf69a0e0a17eee21f69d29752bfa32e823e1  prob=0.0345 (raw=0.0179)  vol=$20,378  trades=92  first_trade=2026-02-09 01:28  winrate=NaN  n_markets_traded=0.000  herfindahl_index_markets=0.000
12:00:52 [super]   #2388  0xbb50fa724ac755197246d950008d6a0564ee7bfc  prob=0.0345 (raw=0.0176)  vol=$13,873  trades=442  first_trade=2026-01-24 07:33  winrate=NaN  n_markets_traded=0.000  herfindahl_index_markets=0.000
12:00:52 [super]   #2389  0xa9368b2266eaea56d9ae213754222f86e2023b90  prob=0.0345 (raw=0.0176)  vol=$28  trades=8  first_trade=2026-02-08 04:15  winrate=0.585  n_markets_traded=270.000  herfindahl_index_markets=0.010
12:00:52 [super]   #2390  0x9ca1fde42dcf4287b72f02004e938a70244c48f5  prob=0.0345 (raw=0.0176)  vol=$32  trades=6  first_trade=2026-02-08 23:04  winrate=0.525  n_markets_traded=98.000  herfindahl_index_markets=0.050
12:00:52 [super]   #2391  0x67e9563d8df4ae79950d629ff23f056140bb7827  prob=0.0345 (raw=0.0175)  vol=$12  trades=4  first_trade=2026-02-03 04:06  winrate=NaN  n_markets_traded=0.000  herfindahl_index_markets=0.000
12:00:52 [super]   #2392  0x04d7c77a54dd1e75383e6cc0ca81814be8b6b035  prob=0.0345 (raw=0.0175)  vol=$18,780  trades=176  first_trade=2026-02-08 20:32  winrate=NaN  n_markets_traded=0.000  herfindahl_index_markets=0.000
12:00:52 [super]   #2393  0x91583ceb1ebec79951a068e1d7d02c1ea590fa7b  prob=0.0345 (raw=0.0174)  vol=$23,894  trades=175  first_trade=2026-02-08 01:10  winrate=NaN  n_markets_traded=0.000  herfindahl_index_markets=0.000
12:00:52 [super]   #2394  0x96fc841c1001894125f9d8e0d46c7ae71b7138a4  prob=0.0345 (raw=0.0174)  vol=$20  trades=4  first_trade=2026-02-09 01:22  winrate=0.457  n_markets_traded=92.000  herfindahl_index_markets=0.113
12:00:52 [super]   #2395  0x35420f83f93ebec748ec8d5b90c5438853b8c3c8  prob=0.0345 (raw=0.0174)  vol=$79,081  trades=40  first_trade=2026-02-09 01:45  winrate=NaN  n_markets_traded=0.000  herfindahl_index_markets=0.000
12:00:52 [super]   #2396  0xb2ed7f83c9ab634923c6147b449ecbb838212a85  prob=0.0344 (raw=0.0173)  vol=$192  trades=9  first_trade=2026-02-05 22:47  winrate=NaN  n_markets_traded=0.000  herfindahl_index_markets=0.000
12:00:52 [super]   #2397  0xa815f590e64fa64d417df72c581a32f5ff449cbe  prob=0.0344 (raw=0.0172)  vol=$8  trades=5  first_trade=2025-08-27 22:52  winrate=NaN  n_markets_traded=0.000  herfindahl_index_markets=0.000
12:00:52 [super]   #2398  0x0224bb9eb0a5c9fd261ac9123a72cbdd5748292a  prob=0.0344 (raw=0.0170)  vol=$104,391  trades=88  first_trade=2025-10-22 23:24  winrate=NaN  n_markets_traded=0.000  herfindahl_index_markets=0.000
12:00:52 [super]   #2399  0xf87e7ece9520936a6a277290968dcfa646c37a9d  prob=0.0344 (raw=0.0170)  vol=$428  trades=9  first_trade=2026-02-07 01:14  winrate=0.355  n_markets_traded=31.000  herfindahl_index_markets=0.137
12:00:52 [super]   #2400  0x70a5d3f0384d01e7ffb59d3672f34fbec9ce4a3c  prob=0.0344 (raw=0.0170)  vol=$100  trades=4  first_trade=2026-02-09 19:44  winrate=0.719  n_markets_traded=199.000  herfindahl_index_markets=0.027
12:00:52 [super]   #2401  0x11f9305523d39a5a83c9c038a68141b8e59a06f1  prob=0.0344 (raw=0.0169)  vol=$4  trades=4  first_trade=2026-02-06 05:14  winrate=0.037  n_markets_traded=27.000  herfindahl_index_markets=0.077
12:00:52 [super]   #2402  0x2c222b44548bd53f01cbdff46c0a290efdb10df6  prob=0.0344 (raw=0.0169)  vol=$5  trades=4  first_trade=2025-12-11 00:46  winrate=0.208  n_markets_traded=245.000  herfindahl_index_markets=0.022
12:00:52 [super]   #2403  0xf5013afdddc15462cd384570ab0184016f48d88a  prob=0.0344 (raw=0.0168)  vol=$2,500  trades=2  first_trade=2026-02-09 04:28  winrate=0.000  n_markets_traded=7.000  herfindahl_index_markets=0.505
12:00:52 [super]   #2404  0x772078a8ebc3f559fbcc8286cd0e36a604e29321  prob=0.0344 (raw=0.0168)  vol=$7  trades=16  first_trade=2026-02-02 05:34  winrate=0.491  n_markets_traded=53.000  herfindahl_index_markets=0.034
12:00:52 [super]   #2405  0x79fd0affe1c9394f44f6e942414d39bb75af78ce  prob=0.0344 (raw=0.0167)  vol=$28  trades=2  first_trade=2026-02-09 10:17  winrate=NaN  n_markets_traded=0.000  herfindahl_index_markets=0.000
12:00:52 [super]   #2406  0x59d8682fcde1f31d096898340884fc8de517d750  prob=0.0344 (raw=0.0167)  vol=$66  trades=4  first_trade=2026-02-09 01:55  winrate=0.552  n_markets_traded=58.000  herfindahl_index_markets=0.079
12:00:52 [super]   #2407  0x662244931c392df70bd064fa91f838eea0bfd7a9  prob=0.0344 (raw=0.0167)  vol=$1,373  trades=27  first_trade=2025-09-30 06:01  winrate=0.375  n_markets_traded=48.000  herfindahl_index_markets=0.118
12:00:52 [super]   #2408  0x8593cbc30949df205a90cb65099d720a48e9c931  prob=0.0344 (raw=0.0166)  vol=$169  trades=5  first_trade=2026-02-09 01:24  winrate=0.473  n_markets_traded=638.000  herfindahl_index_markets=0.015
12:00:52 [super]   #2409  0x76942e021af02180e7c3619001fe7ceac3f88ef7  prob=0.0343 (raw=0.0166)  vol=$184  trades=12  first_trade=2026-02-09 02:09  winrate=0.000  n_markets_traded=5.000  herfindahl_index_markets=0.409
12:00:52 [super]   #2410  0x685e9cf8b55c0a1a9c2d1910b713eb911725bb41  prob=0.0343 (raw=0.0165)  vol=$5  trades=4  first_trade=2026-02-08 23:00  winrate=0.385  n_markets_traded=400.000  herfindahl_index_markets=0.027
12:00:52 [super]   #2411  0xe6dcfe386a919eac4deec049a8f7b278e7ec6b7e  prob=0.0343 (raw=0.0164)  vol=$77  trades=6  first_trade=2026-02-08 21:19  winrate=0.311  n_markets_traded=45.000  herfindahl_index_markets=0.090
12:00:52 [super]   #2412  0x5b615228561fdcb1fecb41931ce8c12b9ed4599c  prob=0.0343 (raw=0.0164)  vol=$4,077  trades=11  first_trade=2026-02-08 22:30  winrate=0.400  n_markets_traded=10.000  herfindahl_index_markets=0.164
12:00:52 [super]   #2413  0x2e19abeb2e824a8729eed4425a595c73c2967ff6  prob=0.0343 (raw=0.0164)  vol=$5,302  trades=10  first_trade=2026-02-09 00:03  winrate=0.500  n_markets_traded=10.000  herfindahl_index_markets=0.203
12:00:52 [super]   #2414  0x40ce68f1564f3c751b12d88a393d8cc0651dbf90  prob=0.0343 (raw=0.0163)  vol=$506  trades=11  first_trade=2026-02-08 20:52  winrate=NaN  n_markets_traded=0.000  herfindahl_index_markets=0.000
12:00:52 [super]   #2415  0x3078db4a9737866b4d6529f655025b3a20f80389  prob=0.0343 (raw=0.0162)  vol=$4,231  trades=719  first_trade=2026-01-26 07:15  winrate=NaN  n_markets_traded=0.000  herfindahl_index_markets=0.000
12:00:52 [super]   #2416  0xd5299bcfab11c0ef08a2f49f1a1221e9eeba3edc  prob=0.0343 (raw=0.0161)  vol=$46  trades=2  first_trade=2026-02-08 23:16  winrate=0.410  n_markets_traded=144.000  herfindahl_index_markets=0.016
12:00:52 [super]   #2417  0x2fb31975f72301d53a4276589701856e522dc25a  prob=0.0343 (raw=0.0161)  vol=$19  trades=6  first_trade=2025-09-29 01:59  winrate=NaN  n_markets_traded=0.000  herfindahl_index_markets=0.000
12:00:52 [super]   #2418  0xf1f34ac646786b91c2e36f7f08120db916cb589d  prob=0.0343 (raw=0.0160)  vol=$1,000  trades=2  first_trade=2026-02-11 17:10  winrate=0.500  n_markets_traded=2.000  herfindahl_index_markets=0.835
12:00:52 [super]   #2419  0x36baf47ef9ef20f8c179b44db40f88f65b71ad90  prob=0.0343 (raw=0.0160)  vol=$7  trades=2  first_trade=2025-09-29 12:05  winrate=0.353  n_markets_traded=34.000  herfindahl_index_markets=0.131
12:00:52 [super]   #2420  0xa0a0d36c3f1a16a1c70617c9f49cc2d4a2332633  prob=0.0343 (raw=0.0160)  vol=$23  trades=2  first_trade=2026-02-09 01:38  winrate=0.566  n_markets_traded=182.000  herfindahl_index_markets=0.015
12:00:52 [super]   #2421  0xa6b7ebd5ce137c3b5d56f896a52eba71702bd5f3  prob=0.0343 (raw=0.0159)  vol=$2,234  trades=19  first_trade=2026-02-08 14:54  winrate=NaN  n_markets_traded=0.000  herfindahl_index_markets=0.000
12:00:52 [super]   #2422  0x1c144e30f405a25f991cbd8baa15d40599090869  prob=0.0343 (raw=0.0159)  vol=$1,624  trades=30  first_trade=2025-09-30 17:56  winrate=NaN  n_markets_traded=0.000  herfindahl_index_markets=0.000
12:00:52 [super]   #2423  0xe2dc12d8545f4b0117bf1c53aa5474cb0e5eb090  prob=0.0343 (raw=0.0159)  vol=$36  trades=4  first_trade=2026-02-08 18:53  winrate=0.147  n_markets_traded=33.000  herfindahl_index_markets=0.092
12:00:52 [super]   #2424  0xf392745ac21719f61dac36c7b2c7f6c7c0e82e64  prob=0.0342 (raw=0.0158)  vol=$255  trades=2  first_trade=2026-02-10 01:52  winrate=0.203  n_markets_traded=69.000  herfindahl_index_markets=0.022
12:00:52 [super]   #2425  0x2009a3d758cc74c1ab423e0f961d07c1439a903e  prob=0.0342 (raw=0.0158)  vol=$9,422  trades=51  first_trade=2026-02-07 00:51  winrate=0.566  n_markets_traded=166.000  herfindahl_index_markets=0.061
12:00:52 [super]   #2426  0x1018fa33923d8b0f4b0f8a0822ee045d46027264  prob=0.0342 (raw=0.0158)  vol=$184  trades=9  first_trade=2025-09-30 12:16  winrate=NaN  n_markets_traded=0.000  herfindahl_index_markets=0.000
12:00:52 [super]   #2427  0x50c822be99b3c468a6d0b724fddd6ff570755276  prob=0.0342 (raw=0.0158)  vol=$640  trades=6  first_trade=2026-02-09 06:30  winrate=0.636  n_markets_traded=11.000  herfindahl_index_markets=0.452
12:00:52 [super]   #2428  0xbfaf59de1a649e58333e26a5ea740d1f60637aff  prob=0.0342 (raw=0.0157)  vol=$12,477  trades=21  first_trade=2026-02-09 01:18  winrate=NaN  n_markets_traded=0.000  herfindahl_index_markets=0.000
12:00:52 [super]   #2429  0x63e137d816b2500e381369d5cd8a5ca8d14e2eba  prob=0.0342 (raw=0.0156)  vol=$176  trades=9  first_trade=2026-02-08 22:30  winrate=0.369  n_markets_traded=149.000  herfindahl_index_markets=0.060
12:00:52 [super]   #2430  0x0ee783f83f9fbb00d4134bccab4a390900e437f0  prob=0.0342 (raw=0.0156)  vol=$2,685  trades=35  first_trade=2026-02-08 19:07  winrate=0.658  n_markets_traded=79.000  herfindahl_index_markets=0.052
12:00:52 [super]   #2431  0x3f4f9145904c7b3261c3bbe05fcea64d9d91b4b3  prob=0.0342 (raw=0.0156)  vol=$118  trades=20  first_trade=2025-09-29 13:56  winrate=NaN  n_markets_traded=0.000  herfindahl_index_markets=0.000
12:00:52 [super]   #2432  0x9cdda449d7cedf1072d74982a5dc2349df3d3e97  prob=0.0342 (raw=0.0156)  vol=$596  trades=16  first_trade=2026-02-09 01:35  winrate=NaN  n_markets_traded=0.000  herfindahl_index_markets=0.000
12:00:52 [super]   #2433  0xc981e9d3b977dfc69188889f979f5cd36555a75d  prob=0.0342 (raw=0.0155)  vol=$705  trades=21  first_trade=2025-09-29 01:50  winrate=NaN  n_markets_traded=0.000  herfindahl_index_markets=0.000
12:00:52 [super]   #2434  0x9def9524630e31ff90f884eed32c3eecfbf8d1a5  prob=0.0342 (raw=0.0155)  vol=$1,260  trades=16  first_trade=2026-02-08 15:54  winrate=NaN  n_markets_traded=0.000  herfindahl_index_markets=0.000
12:00:52 [super]   #2435  0x90bf2dbb1ab3b3c1bdd76d73848afcb19b5799eb  prob=0.0342 (raw=0.0154)  vol=$2,682  trades=39  first_trade=2026-02-08 17:29  winrate=NaN  n_markets_traded=0.000  herfindahl_index_markets=0.000
12:00:52 [super]   #2436  0x6c104646cf1d2aa64b143df27197e7abe48bdcb9  prob=0.0342 (raw=0.0154)  vol=$14  trades=4  first_trade=2026-02-08 19:55  winrate=0.370  n_markets_traded=27.000  herfindahl_index_markets=0.130
12:00:52 [super]   #2437  0x3c760e45728e0cb4b68c52980a070314b95fd4ee  prob=0.0342 (raw=0.0153)  vol=$1,197  trades=10  first_trade=2026-02-09 01:44  winrate=NaN  n_markets_traded=0.000  herfindahl_index_markets=0.000
12:00:52 [super]   #2438  0x0c0894bb87da2a191353a294f7907ed1c26ac134  prob=0.0342 (raw=0.0153)  vol=$6  trades=6  first_trade=2026-02-09 05:23  winrate=0.556  n_markets_traded=18.000  herfindahl_index_markets=0.514
12:00:52 [super]   #2439  0xb401123e33dbbe1d575c4ee4f30c714a2819df2a  prob=0.0342 (raw=0.0152)  vol=$229  trades=2  first_trade=2026-02-08 06:52  winrate=NaN  n_markets_traded=0.000  herfindahl_index_markets=0.000
12:00:52 [super]   #2440  0x8b4410e877fa826c7e986dfb30a5be73d72163fb  prob=0.0341 (raw=0.0151)  vol=$9,534  trades=734  first_trade=2025-09-29 06:30  winrate=NaN  n_markets_traded=0.000  herfindahl_index_markets=0.000
12:00:52 [super]   #2441  0x9d057897202371936f44c16c7c3082b7e348de5a  prob=0.0341 (raw=0.0151)  vol=$64  trades=35  first_trade=2026-02-07 02:13  winrate=NaN  n_markets_traded=0.000  herfindahl_index_markets=0.000
12:00:52 [super]   #2442  0x05081f9e61565d3b0c0156547b810b70805b6035  prob=0.0341 (raw=0.0151)  vol=$1,343  trades=20  first_trade=2026-02-08 20:27  winrate=0.000  n_markets_traded=5.000  herfindahl_index_markets=0.327
12:00:52 [super]   #2443  0x6a7085311f799b149f894149be1457f5d23ccba6  prob=0.0341 (raw=0.0150)  vol=$596  trades=17  first_trade=2026-02-08 18:11  winrate=0.209  n_markets_traded=43.000  herfindahl_index_markets=0.060
12:00:52 [super]   #2444  0xaad513850a025978b833024bf89277bc1a5aac2e  prob=0.0341 (raw=0.0150)  vol=$80  trades=4  first_trade=2026-02-09 00:11  winrate=NaN  n_markets_traded=0.000  herfindahl_index_markets=0.000
12:00:52 [super]   #2445  0x5b62cc96c7aa490cb664848f74f5d8512c2f5bab  prob=0.0341 (raw=0.0150)  vol=$31  trades=7  first_trade=2026-02-08 20:00  winrate=0.263  n_markets_traded=76.000  herfindahl_index_markets=0.128
12:00:52 [super]   #2446  0x486b8ccd6f4947bab1e43d9d5f2eb581cdcfc9fa  prob=0.0341 (raw=0.0148)  vol=$187  trades=4  first_trade=2026-02-05 09:51  winrate=0.000  n_markets_traded=1.000  herfindahl_index_markets=1.000
12:00:52 [super]   #2447  0xa60e25dcbd3477287fcd65168854b991877ed332  prob=0.0341 (raw=0.0148)  vol=$374  trades=2  first_trade=2026-02-09 01:24  winrate=NaN  n_markets_traded=0.000  herfindahl_index_markets=0.000
12:00:52 [super]   #2448  0x4dd83e7768353f3a2271ce4ee16b596236189b58  prob=0.0341 (raw=0.0148)  vol=$691  trades=8  first_trade=2026-01-19 15:36  winrate=0.723  n_markets_traded=65.000  herfindahl_index_markets=0.114
12:00:52 [super]   #2449  0xeb2a3333cfa17333bbfe202f06a501a2842e5cce  prob=0.0341 (raw=0.0147)  vol=$200  trades=2  first_trade=2026-02-09 02:21  winrate=0.491  n_markets_traded=370.000  herfindahl_index_markets=0.013
12:00:52 [super]   #2450  0xfcbbda2d3f8ec2f4bc455e375afc404261a72c3c  prob=0.0341 (raw=0.0147)  vol=$4  trades=4  first_trade=2026-01-24 16:16  winrate=NaN  n_markets_traded=0.000  herfindahl_index_markets=0.000
12:00:52 [super]   #2451  0x9c7e398d08d7e9a6568add5117eb478a761b62ac  prob=0.0341 (raw=0.0147)  vol=$3  trades=4  first_trade=2026-02-08 19:07  winrate=0.497  n_markets_traded=360.000  herfindahl_index_markets=0.013
12:00:52 [super]   #2452  0x82b9587a631848a939fe31e7fc9b865e5d43f0b0  prob=0.0340 (raw=0.0144)  vol=$193  trades=8  first_trade=2026-01-15 19:08  winrate=0.159  n_markets_traded=69.000  herfindahl_index_markets=0.053
12:00:52 [super]   #2453  0x18561d2e2dc8c2909257de13b774f49759737a8e  prob=0.0340 (raw=0.0144)  vol=$17  trades=3  first_trade=2026-02-08 19:39  winrate=0.231  n_markets_traded=26.000  herfindahl_index_markets=0.122
12:00:52 [super]   #2454  0x27db6ea9051c6e2d68a8ff1fc2984e764c73e863  prob=0.0340 (raw=0.0143)  vol=$8,604  trades=36  first_trade=2026-02-09 01:53  winrate=0.679  n_markets_traded=192.000  herfindahl_index_markets=0.054
12:00:52 [super]   #2455  0xcad23c7d7bce076588cf444c1c175d6cbd9a7320  prob=0.0340 (raw=0.0143)  vol=$1,000  trades=2  first_trade=2026-02-10 19:26  winrate=0.333  n_markets_traded=3.000  herfindahl_index_markets=0.494
12:00:52 [super]   #2456  0xad529df14c293d77984a0137990a1441b25211ac  prob=0.0340 (raw=0.0142)  vol=$155  trades=5  first_trade=2026-01-18 21:04  winrate=NaN  n_markets_traded=0.000  herfindahl_index_markets=0.000
12:00:52 [super]   #2457  0x4aec7657999ede3ba3a2f9c53f550cb7f1274508  prob=0.0340 (raw=0.0139)  vol=$10  trades=2  first_trade=2026-02-09 07:13  winrate=NaN  n_markets_traded=0.000  herfindahl_index_markets=0.000
12:00:52 [super]   #2458  0x4d0a7253794c788695b9d2805bf285dc49d6c96f  prob=0.0340 (raw=0.0139)  vol=$625  trades=18  first_trade=2026-02-08 20:57  winrate=NaN  n_markets_traded=0.000  herfindahl_index_markets=0.000
12:00:52 [super]   #2459  0xa1a0207571fe521ebfb29e07f34f99f22b3ddffe  prob=0.0340 (raw=0.0139)  vol=$1,333  trades=2  first_trade=2026-02-09 08:22  winrate=0.500  n_markets_traded=22.000  herfindahl_index_markets=0.229
12:00:52 [super]   #2460  0xb917fb59b32caebb4948c388bb3c47f48ed305d0  prob=0.0340 (raw=0.0138)  vol=$72  trades=4  first_trade=2025-11-13 06:47  winrate=0.000  n_markets_traded=47.000  herfindahl_index_markets=0.105
12:00:52 [super]   #2461  0x306ac07a38c1ffdb76d3eb10862783d2f486a371  prob=0.0340 (raw=0.0138)  vol=$19  trades=4  first_trade=2026-02-09 01:22  winrate=0.271  n_markets_traded=48.000  herfindahl_index_markets=0.071
12:00:52 [super]   #2462  0x36316cb8c9d71d1d3aba67c54a5c0891ac77e526  prob=0.0339 (raw=0.0137)  vol=$219  trades=10  first_trade=2026-02-09 03:09  winrate=0.562  n_markets_traded=248.000  herfindahl_index_markets=0.019
12:00:52 [super]   #2463  0xdfaacceff09ac2c037393eee387e81ea024679a7  prob=0.0339 (raw=0.0137)  vol=$186  trades=25  first_trade=2025-09-29 13:56  winrate=NaN  n_markets_traded=0.000  herfindahl_index_markets=0.000
12:00:52 [super]   #2464  0xc3dd1b0ac0acc325820aa3c825ce73ad110657b2  prob=0.0339 (raw=0.0137)  vol=$9  trades=4  first_trade=2026-02-08 08:21  winrate=NaN  n_markets_traded=0.000  herfindahl_index_markets=0.000
12:00:52 [super]   #2465  0x6cc8bc44c7f998c48e54cc9b8258a89626fe05b5  prob=0.0339 (raw=0.0137)  vol=$153  trades=4  first_trade=2025-11-14 22:18  winrate=0.512  n_markets_traded=284.000  herfindahl_index_markets=0.092
12:00:52 [super]   #2466  0x6f679c4a78330853ac7762a1cda0a469333f102c  prob=0.0339 (raw=0.0135)  vol=$1,257  trades=70  first_trade=2025-12-12 23:30  winrate=NaN  n_markets_traded=0.000  herfindahl_index_markets=0.000
12:00:52 [super]   #2467  0x178a8448ff3dffb0ad25d37d41cd42448dc86db8  prob=0.0339 (raw=0.0133)  vol=$72  trades=12  first_trade=2026-02-05 18:09  winrate=0.486  n_markets_traded=35.000  herfindahl_index_markets=0.259
12:00:52 [super]   #2468  0x59a513a782dd4c1a98ef22932c52191129f5afc8  prob=0.0339 (raw=0.0132)  vol=$29,940  trades=22  first_trade=2026-02-09 14:32  winrate=0.753  n_markets_traded=69.000  herfindahl_index_markets=0.089
12:00:52 [super]   #2469  0xde9a5d5229cce0d5b448b148cea1c6d90f1da41f  prob=0.0339 (raw=0.0132)  vol=$324  trades=17  first_trade=2026-01-26 07:11  winrate=0.566  n_markets_traded=175.000  herfindahl_index_markets=0.012
12:00:52 [super]   #2470  0x7d248910254ff846d37dc50999ebd98c6fdda636  prob=0.0339 (raw=0.0132)  vol=$2,149  trades=4  first_trade=2026-02-09 12:10  winrate=0.821  n_markets_traded=67.000  herfindahl_index_markets=0.039
12:00:52 [super]   #2471  0x3dcb429e4b40ff7916d389a7dce53b489596324d  prob=0.0339 (raw=0.0132)  vol=$15,559  trades=54  first_trade=2026-02-08 22:21  winrate=0.667  n_markets_traded=126.000  herfindahl_index_markets=0.027
12:00:52 [super]   #2472  0x7882914445f0fb5197cf702524e922d65a4eb86a  prob=0.0339 (raw=0.0131)  vol=$47  trades=10  first_trade=2026-02-09 01:23  winrate=0.373  n_markets_traded=335.000  herfindahl_index_markets=0.015
12:00:52 [super]   #2473  0xda34f5669586a882916997daa74f12ae7a1291da  prob=0.0339 (raw=0.0131)  vol=$2,004  trades=6  first_trade=2026-02-09 10:00  winrate=0.216  n_markets_traded=117.000  herfindahl_index_markets=0.046
12:00:52 [super]   #2474  0x7a30bc441288932d27ba501e2fb188b5e28a37a6  prob=0.0339 (raw=0.0131)  vol=$17  trades=2  first_trade=2026-02-09 04:05  winrate=NaN  n_markets_traded=0.000  herfindahl_index_markets=0.000
12:00:52 [super]   #2475  0x8e7ab86833139359fb15de8c35ffaa3d765923ee  prob=0.0339 (raw=0.0131)  vol=$2,000  trades=4  first_trade=2026-02-11 21:59  winrate=0.000  n_markets_traded=5.000  herfindahl_index_markets=0.304
12:00:52 [super]   #2476  0xf0b0ef1d6320c6be896b4c9c54dd74407e7f8cab  prob=0.0338 (raw=0.0130)  vol=$12,823  trades=1222  first_trade=2025-09-30 22:19  winrate=NaN  n_markets_traded=0.000  herfindahl_index_markets=0.000
12:00:52 [super]   #2477  0xcbb5623096b78505a26524e642c5c9066e585ed9  prob=0.0338 (raw=0.0130)  vol=$1,121  trades=13  first_trade=2026-01-19 20:24  winrate=0.562  n_markets_traded=553.000  herfindahl_index_markets=0.009
12:00:52 [super]   #2478  0xfcb3e1df8158c63f69aa75208b2be10a7699f8d6  prob=0.0338 (raw=0.0129)  vol=$15,055  trades=38  first_trade=2026-02-09 01:41  winrate=0.526  n_markets_traded=56.000  herfindahl_index_markets=0.069
12:00:52 [super]   #2479  0x281c1ec35ae87c2e401530fbdf41546457669a91  prob=0.0338 (raw=0.0129)  vol=$3,495  trades=58  first_trade=2025-09-30 17:56  winrate=0.167  n_markets_traded=18.000  herfindahl_index_markets=0.213
12:00:52 [super]   #2480  0x154f06e52c631a0546a24e4a50855c40a92b9a12  prob=0.0338 (raw=0.0128)  vol=$287  trades=12  first_trade=2026-02-08 23:35  winrate=0.510  n_markets_traded=247.000  herfindahl_index_markets=0.011
12:00:52 [super]   #2481  0x35bbbad2415fe5e39b12da9a316cdc80b022009b  prob=0.0338 (raw=0.0128)  vol=$60,198  trades=39  first_trade=2026-02-09 01:59  winrate=NaN  n_markets_traded=0.000  herfindahl_index_markets=0.000
12:00:52 [super]   #2482  0xb8fd1423d25b54c6d8f952c62b04b735b2e5aae9  prob=0.0338 (raw=0.0127)  vol=$8,570  trades=8  first_trade=2026-02-09 03:59  winrate=0.418  n_markets_traded=89.000  herfindahl_index_markets=0.096
12:00:52 [super]   #2483  0xcb14f61711d913773f4b982af340fa7eae175358  prob=0.0338 (raw=0.0126)  vol=$1,092  trades=102  first_trade=2025-09-29 01:49  winrate=NaN  n_markets_traded=0.000  herfindahl_index_markets=0.000
12:00:52 [super]   #2484  0x1cfc260bfa2b5ae89377863180ca3b4f5c862111  prob=0.0338 (raw=0.0126)  vol=$1,075  trades=73  first_trade=2025-09-29 15:13  winrate=NaN  n_markets_traded=0.000  herfindahl_index_markets=0.000
12:00:52 [super]   #2485  0xb1f79b098d06f0d6affc348342a1af8b29f0b888  prob=0.0338 (raw=0.0126)  vol=$173  trades=6  first_trade=2026-02-09 02:16  winrate=0.533  n_markets_traded=45.000  herfindahl_index_markets=0.064
12:00:52 [super]   #2486  0xefde9ff487fae209ab6e3157a8acb4276f9c783d  prob=0.0338 (raw=0.0124)  vol=$3,771  trades=26  first_trade=2026-02-08 19:00  winrate=NaN  n_markets_traded=0.000  herfindahl_index_markets=0.000
12:00:52 [super]   #2487  0x4f10fb4546500be2419543ea6f0f9a4a1f98d459  prob=0.0338 (raw=0.0124)  vol=$3  trades=4  first_trade=2025-09-29 07:48  winrate=0.682  n_markets_traded=22.000  herfindahl_index_markets=0.419
12:00:52 [super]   #2488  0x38f50488b14a87769e0c5cd6c514b6c2e8ec6824  prob=0.0338 (raw=0.0124)  vol=$1,761  trades=23  first_trade=2026-02-09 01:48  winrate=NaN  n_markets_traded=0.000  herfindahl_index_markets=0.000
12:00:52 [super]   #2489  0x2c73f583c014d97ced36121180baa29e5ca744f4  prob=0.0337 (raw=0.0123)  vol=$38,055  trades=67  first_trade=2026-02-09 01:43  winrate=0.546  n_markets_traded=107.000  herfindahl_index_markets=0.044
12:00:52 [super]   #2490  0x169ec69b2d0bc6fb5bd7ab414218092f849cde26  prob=0.0337 (raw=0.0123)  vol=$524  trades=6  first_trade=2026-01-31 00:25  winrate=0.654  n_markets_traded=524.000  herfindahl_index_markets=0.004
12:00:52 [super]   #2491  0xd6c2222ae00d99e97acd234f49ef164ab23ba53d  prob=0.0337 (raw=0.0123)  vol=$1,798  trades=4  first_trade=2026-02-09 13:02  winrate=NaN  n_markets_traded=0.000  herfindahl_index_markets=0.000
12:00:52 [super]   #2492  0xf719a0cb1eb71e6f9a117ce8f57ae9d300a3f090  prob=0.0337 (raw=0.0122)  vol=$30  trades=2  first_trade=2025-11-10 14:04  winrate=0.182  n_markets_traded=11.000  herfindahl_index_markets=0.327
12:00:52 [super]   #2493  0x7c9e0b03d7505dad7e87777cd282628f75b2db3d  prob=0.0337 (raw=0.0118)  vol=$200  trades=4  first_trade=2025-07-23 07:25  winrate=NaN  n_markets_traded=0.000  herfindahl_index_markets=0.000
12:00:52 [super]   #2494  0x548e6df2d61129ffe853944c9b3c65d23b2f64bc  prob=0.0337 (raw=0.0118)  vol=$1  trades=2  first_trade=2025-06-26 13:54  winrate=0.296  n_markets_traded=27.000  herfindahl_index_markets=0.140
12:00:52 [super]   #2495  0x65937988ce14e0eb338109777a2ac7eb6021445e  prob=0.0337 (raw=0.0118)  vol=$80  trades=2  first_trade=2026-02-08 22:29  winrate=0.000  n_markets_traded=2.000  herfindahl_index_markets=0.556
12:00:52 [super]   #2496  0x38e0857fc3a5ee95b3091b09d9fd06323641ccb5  prob=0.0337 (raw=0.0118)  vol=$1,969  trades=15  first_trade=2026-02-05 17:06  winrate=0.435  n_markets_traded=62.000  herfindahl_index_markets=0.064
12:00:52 [super]   #2497  0xad8e0a79c34730774cfb1870d9fbdc0bfa45776e  prob=0.0337 (raw=0.0118)  vol=$955  trades=8  first_trade=2026-02-09 01:52  winrate=NaN  n_markets_traded=0.000  herfindahl_index_markets=0.000
12:00:52 [super]   #2498  0xbdf4b123270d5ef58a8d69ceb5ac2fdd883b59b4  prob=0.0337 (raw=0.0118)  vol=$4,502  trades=222  first_trade=2026-02-08 02:35  winrate=NaN  n_markets_traded=0.000  herfindahl_index_markets=0.000
12:00:52 [super]   #2499  0x5c4422324723aaf6fbfc41e8a727ae850136a66e  prob=0.0337 (raw=0.0118)  vol=$503  trades=13  first_trade=2026-02-06 22:51  winrate=0.444  n_markets_traded=9.000  herfindahl_index_markets=0.258
12:00:52 [super]   #2500  0x391dd6c65880963a94da3fb2d31ef419fe5bdef1  prob=0.0337 (raw=0.0117)  vol=$6,892  trades=222  first_trade=2025-09-29 07:48  winrate=NaN  n_markets_traded=0.000  herfindahl_index_markets=0.000
12:00:52 [super]   #2501  0xb51b3beffd13cde071ed799e70a7b0b598e8b4d9  prob=0.0337 (raw=0.0117)  vol=$14,661  trades=76  first_trade=2026-02-09 01:25  winrate=NaN  n_markets_traded=0.000  herfindahl_index_markets=0.000
12:00:52 [super]   #2502  0xcadd6779d034912116f1b6d3f0c124625aee3616  prob=0.0337 (raw=0.0117)  vol=$50  trades=3  first_trade=2026-02-08 00:06  winrate=0.000  n_markets_traded=2.000  herfindahl_index_markets=0.501
12:00:52 [super]   #2503  0xcf79c342a243e5867b53875b200c9c0c1d9901ba  prob=0.0336 (raw=0.0115)  vol=$698  trades=6  first_trade=2026-02-09 12:10  winrate=0.843  n_markets_traded=108.000  herfindahl_index_markets=0.035
12:00:52 [super]   #2504  0xbaa2bcb5439e985ce4ccf815b4700027d1b92c73  prob=0.0336 (raw=0.0114)  vol=$64,414  trades=38  first_trade=2026-02-09 01:54  winrate=NaN  n_markets_traded=0.000  herfindahl_index_markets=0.000
12:00:52 [super]   #2505  0x8e17345f1c71ee88808c3d0724767947767b2301  prob=0.0336 (raw=0.0112)  vol=$12,698  trades=6  first_trade=2026-02-09 01:30  winrate=0.307  n_markets_traded=75.000  herfindahl_index_markets=0.200
12:00:52 [super]   #2506  0xc0e65a5689d25a1757c8b223bd3bd7095c767358  prob=0.0336 (raw=0.0111)  vol=$3,502  trades=10  first_trade=2026-02-08 22:24  winrate=0.405  n_markets_traded=241.000  herfindahl_index_markets=0.012
12:00:52 [super]   #2507  0x29170d3d0bfdb77b46ebac4f7a3033fba68ebe8f  prob=0.0336 (raw=0.0111)  vol=$162  trades=3  first_trade=2026-02-09 01:31  winrate=0.705  n_markets_traded=203.000  herfindahl_index_markets=0.017
12:00:52 [super]   #2508  0x503d99b4a948c76e04caa8b9bc06851c310b4055  prob=0.0336 (raw=0.0110)  vol=$20  trades=2  first_trade=2026-02-07 04:34  winrate=0.379  n_markets_traded=29.000  herfindahl_index_markets=0.296
12:00:52 [super]   #2509  0xaa3c511da59a28aeede63fe18314b715230761e2  prob=0.0336 (raw=0.0109)  vol=$16  trades=8  first_trade=2026-02-09 01:55  winrate=NaN  n_markets_traded=0.000  herfindahl_index_markets=0.000
12:00:52 [super]   #2510  0xc5a972a409a190f5a7c1079051f62795e9fe0c9a  prob=0.0336 (raw=0.0109)  vol=$129  trades=8  first_trade=2026-02-08 16:04  winrate=0.381  n_markets_traded=107.000  herfindahl_index_markets=0.051
12:00:52 [super]   #2511  0x076ca0207aaa48365da2eb6a917edcbdee5e4e7b  prob=0.0335 (raw=0.0108)  vol=$15,786  trades=297  first_trade=2026-02-07 20:18  winrate=NaN  n_markets_traded=0.000  herfindahl_index_markets=0.000
12:00:52 [super]   #2512  0xd67ba35aef659c872377a5ac2becb7ada7f85780  prob=0.0335 (raw=0.0108)  vol=$2,798  trades=25  first_trade=2026-02-09 02:05  winrate=NaN  n_markets_traded=0.000  herfindahl_index_markets=0.000
12:00:52 [super]   #2513  0x1659b35fc83b3c538503410e1c153d1d870eede3  prob=0.0335 (raw=0.0105)  vol=$20  trades=2  first_trade=2026-02-08 10:57  winrate=0.538  n_markets_traded=38.000  herfindahl_index_markets=0.287
12:00:52 [super]   #2514  0xfd11bb3041c1386a2a22e0917b69ee179db4f7bd  prob=0.0335 (raw=0.0104)  vol=$20  trades=2  first_trade=2026-02-07 04:30  winrate=0.424  n_markets_traded=33.000  herfindahl_index_markets=0.297
12:00:52 [super]   #2515  0x7de0ac177760283886fd2f773c70e898903d0f41  prob=0.0335 (raw=0.0104)  vol=$940  trades=2  first_trade=2026-02-09 12:04  winrate=0.882  n_markets_traded=73.000  herfindahl_index_markets=0.031
12:00:52 [super]   #2516  0x65373cea9b5ad39ca7f919a1512e8ed13724efa9  prob=0.0335 (raw=0.0104)  vol=$30  trades=2  first_trade=2026-02-09 11:35  winrate=0.669  n_markets_traded=151.000  herfindahl_index_markets=0.172
12:00:52 [super]   #2517  0x28498d30d73225840dea0a564231b5998e129752  prob=0.0335 (raw=0.0104)  vol=$30  trades=3  first_trade=2026-02-01 13:02  winrate=0.571  n_markets_traded=28.000  herfindahl_index_markets=0.375
12:00:52 [super]   #2518  0xf7767b2beb0e6c3805fd2d0971d95b7ab0582383  prob=0.0335 (raw=0.0103)  vol=$37  trades=4  first_trade=2026-02-08 20:14  winrate=0.200  n_markets_traded=15.000  herfindahl_index_markets=0.326
12:00:52 [super]   #2519  0xc157d77242d52726f05556be7e8883ac1b6b60f5  prob=0.0335 (raw=0.0103)  vol=$1,120  trades=2  first_trade=2026-02-09 11:44  winrate=0.853  n_markets_traded=95.000  herfindahl_index_markets=0.025
12:00:52 [super]   #2520  0x42786177e23a22939939ff837cefdd14a91e4837  prob=0.0335 (raw=0.0103)  vol=$3  trades=4  first_trade=2026-02-09 09:07  winrate=0.000  n_markets_traded=28.000  herfindahl_index_markets=0.184
12:00:52 [super]   #2521  0x1b45b1a3cedccf21862edd86a58d286305d4ea09  prob=0.0335 (raw=0.0102)  vol=$133,035  trades=266  first_trade=2026-02-09 00:34  winrate=0.373  n_markets_traded=67.000  herfindahl_index_markets=0.184
12:00:52 [super]   #2522  0x5607d52779fb08c8a62cc1daa32623258bc5f921  prob=0.0334 (raw=0.0102)  vol=$800  trades=2  first_trade=2026-02-09 12:34  winrate=0.844  n_markets_traded=85.000  herfindahl_index_markets=0.030
12:00:52 [super]   #2523  0x97005d72aa367a7aa0c3be2f6c5103b9d868c8a6  prob=0.0334 (raw=0.0102)  vol=$1,133  trades=2  first_trade=2026-02-09 12:17  winrate=0.897  n_markets_traded=84.000  herfindahl_index_markets=0.030
12:00:52 [super]   #2524  0x6b0ebbef2630b9a0da35594bf7ddd1911246e3ea  prob=0.0334 (raw=0.0101)  vol=$2,511  trades=409  first_trade=2025-11-11 23:27  winrate=NaN  n_markets_traded=0.000  herfindahl_index_markets=0.000
12:00:52 [super]   #2525  0x1813e8b0737e2bad79cba5ac6365ba2de19ae403  prob=0.0334 (raw=0.0101)  vol=$19  trades=3  first_trade=2026-02-07 04:37  winrate=0.429  n_markets_traded=35.000  herfindahl_index_markets=0.293
12:00:52 [super]   #2526  0xbb91f9ee6ee310385a50d5c4e4720b48756f3e18  prob=0.0334 (raw=0.0101)  vol=$19  trades=3  first_trade=2026-02-07 04:30  winrate=0.419  n_markets_traded=30.000  herfindahl_index_markets=0.287
12:00:52 [super]   #2527  0x9f7dc6b0f3a8a6417930e0455d9452dab2d5175d  prob=0.0334 (raw=0.0101)  vol=$19  trades=3  first_trade=2026-02-07 04:34  winrate=0.394  n_markets_traded=33.000  herfindahl_index_markets=0.297
12:00:52 [super]   #2528  0xc36505d5f153624b3baff8d909a94a3fdb8cf983  prob=0.0334 (raw=0.0101)  vol=$29  trades=3  first_trade=2026-02-09 03:34  winrate=0.640  n_markets_traded=125.000  herfindahl_index_markets=0.013
12:00:52 [super]   #2529  0x87650b9f63563f7c456d9bbcceee5f9faf06ed81  prob=0.0334 (raw=0.0100)  vol=$906  trades=50  first_trade=2026-01-24 07:35  winrate=NaN  n_markets_traded=0.000  herfindahl_index_markets=0.000
12:00:52 [super]   #2530  0x21ffd2b7a212a6f277ed3eca1a9f8efcbca90d71  prob=0.0334 (raw=0.0099)  vol=$6,960  trades=246  first_trade=2025-09-30 17:56  winrate=NaN  n_markets_traded=0.000  herfindahl_index_markets=0.000
12:00:52 [super]   #2531  0x82ce1d64d61bb34284940b7a995cea802ae1dbd6  prob=0.0334 (raw=0.0098)  vol=$354  trades=8  first_trade=2026-02-08 16:25  winrate=0.167  n_markets_traded=6.000  herfindahl_index_markets=0.270
12:00:52 [super]   #2532  0x3dd7080dd3038af0b6e5967064b9db6ace154c73  prob=0.0334 (raw=0.0098)  vol=$214  trades=6  first_trade=2026-02-08 07:40  winrate=0.364  n_markets_traded=22.000  herfindahl_index_markets=0.163
12:00:52 [super]   #2533  0x8bf3a1411169bc136bbe82abc2ed9601758b6077  prob=0.0334 (raw=0.0098)  vol=$4,805  trades=15  first_trade=2026-02-09 03:25  winrate=NaN  n_markets_traded=0.000  herfindahl_index_markets=0.000
12:00:52 [super]   #2534  0xeface9902242b0399856f981600b907dcc9bc9a1  prob=0.0334 (raw=0.0097)  vol=$6,647  trades=363  first_trade=2025-10-02 05:14  winrate=NaN  n_markets_traded=0.000  herfindahl_index_markets=0.000
12:00:52 [super]   #2535  0x0067514cbb17c9245e9853c68276040d6693ed88  prob=0.0334 (raw=0.0097)  vol=$102  trades=3  first_trade=2025-09-29 01:58  winrate=0.241  n_markets_traded=29.000  herfindahl_index_markets=0.085
12:00:52 [super]   #2536  0x7a836a038520aa6529ed4885c9481c8b4780e456  prob=0.0334 (raw=0.0097)  vol=$650  trades=2  first_trade=2026-02-10 03:06  winrate=0.884  n_markets_traded=86.000  herfindahl_index_markets=0.026
12:00:52 [super]   #2537  0x7be0f5d90f3d832b6aafc61fc7757e6a7113e2ed  prob=0.0334 (raw=0.0097)  vol=$810  trades=2  first_trade=2026-02-10 02:42  winrate=0.877  n_markets_traded=65.000  herfindahl_index_markets=0.029
12:00:52 [super]   #2538  0xf02c06cfa2ec07ffe9354bf7756425843c7d7852  prob=0.0334 (raw=0.0097)  vol=$2,139  trades=4  first_trade=2026-02-09 03:54  winrate=0.724  n_markets_traded=29.000  herfindahl_index_markets=0.092
12:00:52 [super]   #2539  0x9dd9e18b9dcc393705e73966bc79eccbbd9108bd  prob=0.0334 (raw=0.0097)  vol=$1,688  trades=100  first_trade=2025-09-18 10:18  winrate=NaN  n_markets_traded=0.000  herfindahl_index_markets=0.000
12:00:52 [super]   #2540  0x490f66ea703fc8fae19fd231c9921e3f4c0c17e5  prob=0.0334 (raw=0.0096)  vol=$101  trades=12  first_trade=2025-09-29 18:56  winrate=NaN  n_markets_traded=0.000  herfindahl_index_markets=0.000
12:00:52 [super]   #2541  0x860ca408f8861fc61a4d83ca83e8cf116cadb8f0  prob=0.0334 (raw=0.0096)  vol=$20  trades=2  first_trade=2026-02-08 10:57  winrate=0.400  n_markets_traded=35.000  herfindahl_index_markets=0.291
12:00:52 [super]   #2542  0x8d4f25ad957fb4af8f48face0097dc9333959e0d  prob=0.0334 (raw=0.0096)  vol=$26,228  trades=17  first_trade=2026-02-08 21:52  winrate=0.242  n_markets_traded=33.000  herfindahl_index_markets=0.123
12:00:52 [super]   #2543  0x506b33c859396baf13601e764809da4f9efdcc27  prob=0.0334 (raw=0.0096)  vol=$851  trades=12  first_trade=2026-02-08 22:19  winrate=0.083  n_markets_traded=12.000  herfindahl_index_markets=0.265
12:00:52 [super]   #2544  0xc77bc7c12cff77cd80de2d3377ce22aec3a6a526  prob=0.0334 (raw=0.0095)  vol=$357  trades=7  first_trade=2026-02-08 08:16  winrate=NaN  n_markets_traded=0.000  herfindahl_index_markets=0.000
12:00:52 [super]   #2545  0xe04fafdd8fea8a2a23253d7821d2a9a40158891c  prob=0.0334 (raw=0.0095)  vol=$2,000  trades=2  first_trade=2026-02-09 22:58  winrate=0.080  n_markets_traded=50.000  herfindahl_index_markets=0.061
12:00:52 [super]   #2546  0xe09995752e54887f0af75d8b40c95b3507b99fc3  prob=0.0334 (raw=0.0095)  vol=$44,569  trades=140  first_trade=2026-02-08 22:24  winrate=0.100  n_markets_traded=10.000  herfindahl_index_markets=0.475
12:00:52 [super]   #2547  0x9ec5b98027a195e5e36d0b901045eea8e5bc35ea  prob=0.0333 (raw=0.0094)  vol=$311  trades=2  first_trade=2026-02-09 08:59  winrate=0.069  n_markets_traded=72.000  herfindahl_index_markets=0.018
12:00:52 [super]   #2548  0xa5f14cce7e8db5d3ed3b95ce2a355405ebe9790b  prob=0.0333 (raw=0.0094)  vol=$87  trades=12  first_trade=2026-01-18 18:09  winrate=0.125  n_markets_traded=16.000  herfindahl_index_markets=0.095
12:00:52 [super]   #2549  0xda475f640892d0014c086b7e4f25317f5778f40a  prob=0.0333 (raw=0.0094)  vol=$1,612  trades=23  first_trade=2026-02-07 16:04  winrate=0.753  n_markets_traded=153.000  herfindahl_index_markets=0.027
12:00:52 [super]   #2550  0xd5b97d08ec6098407bfbf66c2786ccc9967fe44e  prob=0.0333 (raw=0.0093)  vol=$19,163  trades=8  first_trade=2026-02-09 01:55  winrate=0.567  n_markets_traded=89.000  herfindahl_index_markets=0.108
12:00:52 [super]   #2551  0x1c1e841584db14084e10e7dca2ad0ab7b60dbfe7  prob=0.0333 (raw=0.0092)  vol=$10,030  trades=5  first_trade=2026-02-09 04:22  winrate=0.310  n_markets_traded=80.000  herfindahl_index_markets=0.145
12:00:52 [super]   #2552  0x3e463c1368425323d57314b1e8f07ecb63d6a77a  prob=0.0333 (raw=0.0092)  vol=$20  trades=3  first_trade=2026-02-07 04:36  winrate=0.364  n_markets_traded=33.000  herfindahl_index_markets=0.298
12:00:52 [super]   #2553  0x44d4c6f385f1b0b738369e5a0b4ae4030e401970  prob=0.0333 (raw=0.0091)  vol=$1,210  trades=23  first_trade=2026-02-07 16:39  winrate=0.523  n_markets_traded=151.000  herfindahl_index_markets=0.016
12:00:52 [super]   #2554  0x4bfb41d5b3570defd03c39a9a4d8de6bd8b8982e  prob=0.0333 (raw=0.0091)  vol=$2,778,802  trades=11835  first_trade=2025-06-26 13:09  winrate=NaN  n_markets_traded=0.000  herfindahl_index_markets=0.000
12:00:52 [super]   #2555  0x82e6ac4978d90f3e69ed54e7b281a8784bba6beb  prob=0.0333 (raw=0.0091)  vol=$129  trades=8  first_trade=2025-09-30 06:01  winrate=0.488  n_markets_traded=200.000  herfindahl_index_markets=0.058
12:00:52 [super]   #2556  0xba68b89cb1ba9741cc1efcc8e2aae9fa6ce439d7  prob=0.0333 (raw=0.0091)  vol=$980  trades=147  first_trade=2026-02-08 17:35  winrate=NaN  n_markets_traded=0.000  herfindahl_index_markets=0.000
12:00:52 [super]   #2557  0xa3e22cd32aa9238ef7dbcfb4761e33b9eaa1fdf8  prob=0.0333 (raw=0.0090)  vol=$430  trades=25  first_trade=2025-09-30 03:25  winrate=NaN  n_markets_traded=0.000  herfindahl_index_markets=0.000
12:00:52 [super]   #2558  0x77d12dd9bfa9f8dd805cc0a1c8a7907092a678e6  prob=0.0333 (raw=0.0089)  vol=$29  trades=8  first_trade=2026-02-08 23:13  winrate=0.592  n_markets_traded=92.000  herfindahl_index_markets=0.091
12:00:52 [super]   #2559  0x9f54cf9673ebff1422b2682e3861c1a99765debb  prob=0.0333 (raw=0.0088)  vol=$41  trades=6  first_trade=2026-01-10 11:38  winrate=0.200  n_markets_traded=5.000  herfindahl_index_markets=0.451
12:00:52 [super]   #2560  0x525cc515d73132c21c4cfd85936c6df295fb3b42  prob=0.0333 (raw=0.0088)  vol=$93  trades=2  first_trade=2026-02-10 01:32  winrate=0.904  n_markets_traded=83.000  herfindahl_index_markets=0.026
12:00:52 [super]   #2561  0x6f223bbbb134ba5124ba913680113b2e63b60689  prob=0.0333 (raw=0.0088)  vol=$186  trades=2  first_trade=2026-02-09 12:34  winrate=0.905  n_markets_traded=80.000  herfindahl_index_markets=0.028
12:00:52 [super]   #2562  0x0602dd5b846098bd9dd88a193385e8b88e70c683  prob=0.0333 (raw=0.0088)  vol=$180  trades=2  first_trade=2026-02-09 12:33  winrate=0.871  n_markets_traded=82.000  herfindahl_index_markets=0.026
12:00:52 [super]   #2563  0x25eb6e6ae823dfd1c2e8287d0c9bef3c711256ee  prob=0.0333 (raw=0.0088)  vol=$196  trades=2  first_trade=2026-02-09 12:34  winrate=0.889  n_markets_traded=90.000  herfindahl_index_markets=0.024
12:00:52 [super]   #2564  0xd339b7104199ae9d9e1a15511c6dbb2fde2aead6  prob=0.0333 (raw=0.0088)  vol=$172  trades=2  first_trade=2026-02-09 12:33  winrate=0.856  n_markets_traded=85.000  herfindahl_index_markets=0.025
12:00:52 [super]   #2565  0x0e601a4520c39026329ae7dda12894eb48499bb3  prob=0.0333 (raw=0.0088)  vol=$222  trades=2  first_trade=2026-02-09 12:34  winrate=0.966  n_markets_traded=86.000  herfindahl_index_markets=0.024
12:00:52 [super]   #2566  0xc7c8893885bb7bec341aa2836025917324ba27a9  prob=0.0333 (raw=0.0088)  vol=$170  trades=3  first_trade=2026-02-09 12:33  winrate=0.938  n_markets_traded=77.000  herfindahl_index_markets=0.024
12:00:52 [super]   #2567  0xae53e94c07bbe39f40aa706f9479c8f397ccd176  prob=0.0333 (raw=0.0088)  vol=$222  trades=2  first_trade=2026-02-09 12:32  winrate=0.904  n_markets_traded=73.000  herfindahl_index_markets=0.029
12:00:52 [super]   #2568  0xe4ca3841ade21e05cbd5786dd5feea5d65c01383  prob=0.0333 (raw=0.0088)  vol=$1,195  trades=139  first_trade=2025-09-29 08:49  winrate=NaN  n_markets_traded=0.000  herfindahl_index_markets=0.000
12:00:52 [super]   #2569  0xde287db029e682643630644b46e120431af760e5  prob=0.0333 (raw=0.0087)  vol=$220  trades=3  first_trade=2026-02-09 12:34  winrate=0.867  n_markets_traded=88.000  herfindahl_index_markets=0.027
12:00:52 [super]   #2570  0x40db1689b184dfb1fb517126ac48bf21bd89005c  prob=0.0333 (raw=0.0087)  vol=$97  trades=2  first_trade=2026-02-10 02:50  winrate=0.940  n_markets_traded=67.000  herfindahl_index_markets=0.027
12:00:52 [super]   #2571  0x7a9d6e4764b60ec775dca63090891ad7e5a19712  prob=0.0333 (raw=0.0087)  vol=$113  trades=2  first_trade=2026-02-10 02:42  winrate=0.907  n_markets_traded=86.000  herfindahl_index_markets=0.024
12:00:52 [super]   #2572  0x5ad1e73b6e211d6ef0db3dd84b71e530bff1ffd1  prob=0.0333 (raw=0.0087)  vol=$113  trades=2  first_trade=2026-02-10 02:50  winrate=0.889  n_markets_traded=71.000  herfindahl_index_markets=0.029
12:00:52 [super]   #2573  0x8b2bbb6ee210e244e4b49f1c4f748495419db62c  prob=0.0333 (raw=0.0087)  vol=$123  trades=2  first_trade=2026-02-10 02:50  winrate=0.838  n_markets_traded=74.000  herfindahl_index_markets=0.028
12:00:52 [super]   #2574  0xebc597b56e7c56df2fb42696808d0e8f5bf58deb  prob=0.0333 (raw=0.0087)  vol=$121  trades=2  first_trade=2026-02-10 03:04  winrate=0.875  n_markets_traded=79.000  herfindahl_index_markets=0.026
12:00:52 [super]   #2575  0xb5cc8a6e95998919f5672f96dcc35bcff4a157a6  prob=0.0333 (raw=0.0087)  vol=$99  trades=2  first_trade=2026-02-10 02:51  winrate=0.840  n_markets_traded=75.000  herfindahl_index_markets=0.031
12:00:52 [super]   #2576  0xd2ffbc2a89c1135a897d1cb489eb2b1127ece2e2  prob=0.0333 (raw=0.0087)  vol=$88  trades=2  first_trade=2026-02-10 02:42  winrate=0.855  n_markets_traded=69.000  herfindahl_index_markets=0.030
12:00:52 [super]   #2577  0x7a09c1b5b6f7e02d573b3797b010a84e3d8bc8e4  prob=0.0333 (raw=0.0087)  vol=$95  trades=2  first_trade=2026-02-10 02:42  winrate=0.908  n_markets_traded=75.000  herfindahl_index_markets=0.033
12:00:52 [super]   #2578  0x99e50a9892fee3cd199bb4a5479866de19260ac5  prob=0.0332 (raw=0.0087)  vol=$210  trades=2  first_trade=2026-02-09 12:07  winrate=0.924  n_markets_traded=78.000  herfindahl_index_markets=0.027
12:00:52 [super]   #2579  0xdf8ab8f3d5fb2246d2402ee794258f27a32b901c  prob=0.0332 (raw=0.0087)  vol=$168  trades=2  first_trade=2026-02-09 11:56  winrate=0.892  n_markets_traded=71.000  herfindahl_index_markets=0.031
12:00:52 [super]   #2580  0x42d7675e44c7f24c718aabdc5849ce5d06c51d78  prob=0.0332 (raw=0.0087)  vol=$180  trades=2  first_trade=2026-02-09 11:42  winrate=0.925  n_markets_traded=80.000  herfindahl_index_markets=0.024
12:00:52 [super]   #2581  0xe6ae5e10cfe454a7777723a817fc8ec1ed29eab5  prob=0.0332 (raw=0.0087)  vol=$176  trades=2  first_trade=2026-02-09 11:41  winrate=0.888  n_markets_traded=97.000  herfindahl_index_markets=0.025
12:00:52 [super]   #2582  0x078b622fb29dbc2d4bc2211e535c24af67840488  prob=0.0332 (raw=0.0087)  vol=$178  trades=2  first_trade=2026-02-09 11:55  winrate=0.887  n_markets_traded=80.000  herfindahl_index_markets=0.026
12:00:52 [super]   #2583  0x13e43d5b91d6dad46ff97b3dc11a38bc24548c3d  prob=0.0332 (raw=0.0087)  vol=$180  trades=2  first_trade=2026-02-09 12:07  winrate=0.943  n_markets_traded=84.000  herfindahl_index_markets=0.027
12:00:52 [super]   #2584  0x1a8ee88ffa7c0b92a722dc42f7ee208c0362ea5b  prob=0.0332 (raw=0.0087)  vol=$200  trades=2  first_trade=2026-02-09 11:42  winrate=0.843  n_markets_traded=83.000  herfindahl_index_markets=0.029
12:00:52 [super]   #2585  0xc8d6d11cb257fc20206bbe51525dc494702c26d2  prob=0.0332 (raw=0.0087)  vol=$182  trades=2  first_trade=2026-02-09 11:31  winrate=0.851  n_markets_traded=94.000  herfindahl_index_markets=0.024
12:00:52 [super]   #2586  0x62e2a5cf89ac83e827783f0fb4dda03c3c1b1abc  prob=0.0332 (raw=0.0087)  vol=$188  trades=2  first_trade=2026-02-09 12:06  winrate=0.918  n_markets_traded=73.000  herfindahl_index_markets=0.027
12:00:52 [super]   #2587  0x4bd745a5a967e9186271cf3de61ef966843f2735  prob=0.0332 (raw=0.0087)  vol=$204  trades=2  first_trade=2026-02-09 11:58  winrate=0.909  n_markets_traded=85.000  herfindahl_index_markets=0.027
12:00:52 [super]   #2588  0x2a8d3cd23f0149441edddbc35aa404aa9ddd8fbc  prob=0.0332 (raw=0.0087)  vol=$250  trades=2  first_trade=2026-02-09 12:06  winrate=0.935  n_markets_traded=89.000  herfindahl_index_markets=0.027
12:00:52 [super]   #2589  0x417d5c39426d258acd4f3ba7f044845a31f5e457  prob=0.0332 (raw=0.0087)  vol=$212  trades=2  first_trade=2026-02-09 11:44  winrate=0.878  n_markets_traded=80.000  herfindahl_index_markets=0.028
12:00:52 [super]   #2590  0xa828faba284237a99caaef49ab0823e727b7bdd6  prob=0.0332 (raw=0.0087)  vol=$186  trades=2  first_trade=2026-02-09 11:55  winrate=0.857  n_markets_traded=84.000  herfindahl_index_markets=0.026
12:00:52 [super]   #2591  0x4901aa858c255bc47e04cbe0ea59268eb25fb8bc  prob=0.0332 (raw=0.0087)  vol=$198  trades=2  first_trade=2026-02-09 11:43  winrate=0.899  n_markets_traded=77.000  herfindahl_index_markets=0.029
12:00:52 [super]   #2592  0x6126a50ef1e26905ad6fed0c747ae23c5dffd639  prob=0.0332 (raw=0.0087)  vol=$170  trades=2  first_trade=2026-02-09 11:42  winrate=0.850  n_markets_traded=79.000  herfindahl_index_markets=0.026
12:00:52 [super]   #2593  0x2da6af4fcc6cf321047092c23406e20ddbc0c78b  prob=0.0332 (raw=0.0086)  vol=$20  trades=2  first_trade=2026-02-08 10:59  winrate=0.321  n_markets_traded=28.000  herfindahl_index_markets=0.562
12:00:52 [super]   #2594  0x1ecc9ebe3d4a6ba37db439244a99429d994f45a2  prob=0.0332 (raw=0.0086)  vol=$20  trades=2  first_trade=2026-02-08 10:59  winrate=0.353  n_markets_traded=33.000  herfindahl_index_markets=0.293
12:00:52 [super]   #2595  0x664396744ac0c6ac84fdc48db070423b032e0109  prob=0.0332 (raw=0.0086)  vol=$18  trades=2  first_trade=2026-02-09 03:47  winrate=NaN  n_markets_traded=0.000  herfindahl_index_markets=0.000
12:00:52 [super]   #2596  0xb3c3f864ea1e8592d41e7b474fb3e204a52d5034  prob=0.0332 (raw=0.0086)  vol=$767  trades=4  first_trade=2026-02-09 03:55  winrate=0.474  n_markets_traded=394.000  herfindahl_index_markets=0.006
12:00:52 [super]   #2597  0xb914b6702487fa458aeda520da881b193a37ba8c  prob=0.0332 (raw=0.0086)  vol=$214  trades=2  first_trade=2026-02-09 12:15  winrate=0.916  n_markets_traded=83.000  herfindahl_index_markets=0.027
12:00:52 [super]   #2598  0xd2960a677f765e59981721d1d88a2a05ef5436d7  prob=0.0332 (raw=0.0086)  vol=$186  trades=2  first_trade=2026-02-09 12:16  winrate=0.938  n_markets_traded=96.000  herfindahl_index_markets=0.025
12:00:52 [super]   #2599  0x7d92fd902dab19017f38505eaf5526b4d4e12f81  prob=0.0332 (raw=0.0086)  vol=$200  trades=2  first_trade=2026-02-09 12:15  winrate=0.896  n_markets_traded=75.000  herfindahl_index_markets=0.030
12:00:52 [super]   #2600  0x5318f921459dc5b6545f32a988757d13de80c61c  prob=0.0332 (raw=0.0086)  vol=$214  trades=2  first_trade=2026-02-09 12:16  winrate=0.901  n_markets_traded=77.000  herfindahl_index_markets=0.028
12:00:52 [super]   #2601  0xc6dd722558dbfbd8fa780efcbe819ed8c6604b9f  prob=0.0332 (raw=0.0086)  vol=$26,108  trades=46  first_trade=2026-02-08 21:20  winrate=NaN  n_markets_traded=0.000  herfindahl_index_markets=0.000
12:00:52 [super]   #2602  0x2d21dfee3dcc41f79ebd17eeb7d2821774daf852  prob=0.0332 (raw=0.0086)  vol=$81  trades=2  first_trade=2026-02-10 02:51  winrate=0.831  n_markets_traded=65.000  herfindahl_index_markets=0.031
12:00:52 [super]   #2603  0xcdcf9c116071e1967fc902341cb9d012d6664a62  prob=0.0332 (raw=0.0086)  vol=$116  trades=2  first_trade=2026-02-10 03:05  winrate=0.815  n_markets_traded=65.000  herfindahl_index_markets=0.028
12:00:52 [super]   #2604  0xd7427ec4c3a1e327c9decb1dcf199c156b70a113  prob=0.0332 (raw=0.0085)  vol=$172  trades=2  first_trade=2026-02-09 11:55  winrate=0.830  n_markets_traded=88.000  herfindahl_index_markets=0.025
12:00:52 [super]   #2605  0xb0a66136aa431429a5808c172ed15d544d70c706  prob=0.0332 (raw=0.0085)  vol=$206  trades=2  first_trade=2026-02-09 11:56  winrate=0.833  n_markets_traded=84.000  herfindahl_index_markets=0.026
12:00:52 [super]   #2606  0x80ae948fae8a6938aa6a5fff9027725840c9a3ec  prob=0.0332 (raw=0.0085)  vol=$170  trades=2  first_trade=2026-02-09 11:55  winrate=0.835  n_markets_traded=84.000  herfindahl_index_markets=0.028
12:00:52 [super]   #2607  0x7fa1507e1803272c26d91fb263c507b995d3deeb  prob=0.0332 (raw=0.0085)  vol=$395  trades=12  first_trade=2026-01-31 11:55  winrate=NaN  n_markets_traded=0.000  herfindahl_index_markets=0.000
12:00:52 [super]   #2608  0x935454f13a389276165f8921044aa66799abebe5  prob=0.0332 (raw=0.0084)  vol=$224  trades=2  first_trade=2026-02-09 12:16  winrate=0.816  n_markets_traded=86.000  herfindahl_index_markets=0.026
12:00:52 [super]   #2609  0x07c105fec83371e4650789858c3b43228482cbb9  prob=0.0332 (raw=0.0084)  vol=$10  trades=4  first_trade=2026-01-19 10:39  winrate=0.267  n_markets_traded=84.000  herfindahl_index_markets=0.067
12:00:52 [super]   #2610  0x0c4fae78833f92352664340f9ddf8992803907a0  prob=0.0332 (raw=0.0084)  vol=$3,777  trades=3  first_trade=2026-02-09 07:40  winrate=0.340  n_markets_traded=47.000  herfindahl_index_markets=0.067
12:00:52 [super]   #2611  0xb96373ad7031e750456820f49336c18a9d02bd22  prob=0.0332 (raw=0.0084)  vol=$1,128  trades=14  first_trade=2026-02-07 06:07  winrate=0.353  n_markets_traded=17.000  herfindahl_index_markets=0.258
12:00:52 [super]   #2612  0xee371d03b0e1536d29151ec73d648438d46189fe  prob=0.0332 (raw=0.0084)  vol=$118  trades=2  first_trade=2026-02-09 01:31  winrate=0.222  n_markets_traded=17.000  herfindahl_index_markets=0.468
12:00:52 [super]   #2613  0xa0632476c0d8613c19a83da5d1d199a861a444a2  prob=0.0332 (raw=0.0084)  vol=$71  trades=2  first_trade=2026-02-10 01:41  winrate=0.060  n_markets_traded=67.000  herfindahl_index_markets=0.023
12:00:52 [super]   #2614  0x77654d8b19e4ec492851cf71a1500f83e1dac1b5  prob=0.0332 (raw=0.0083)  vol=$116  trades=2  first_trade=2026-02-09 09:50  winrate=0.072  n_markets_traded=97.000  herfindahl_index_markets=0.015
12:00:52 [super]   #2615  0x423f6ba3ab8dc0942d281b01b33815301dcba32a  prob=0.0332 (raw=0.0083)  vol=$550  trades=2  first_trade=2026-02-10 02:52  winrate=0.811  n_markets_traded=89.000  herfindahl_index_markets=0.027
12:00:52 [super]   #2616  0x08db58b03c470ed1fe3490125cd43e4c921f400a  prob=0.0332 (raw=0.0083)  vol=$14  trades=4  first_trade=2025-09-29 18:31  winrate=0.337  n_markets_traded=208.000  herfindahl_index_markets=0.020
12:00:52 [super]   #2617  0xaef5d0546ab2522265e1939fd8cc03d1c0eba454  prob=0.0332 (raw=0.0083)  vol=$578  trades=13  first_trade=2026-02-08 03:03  winrate=0.503  n_markets_traded=303.000  herfindahl_index_markets=0.015
12:00:52 [super]   #2618  0xf9236bff853b4ae1239a29067200ffec76aea435  prob=0.0332 (raw=0.0083)  vol=$700  trades=2  first_trade=2026-02-10 02:57  winrate=0.791  n_markets_traded=65.000  herfindahl_index_markets=0.063
12:00:52 [super]   #2619  0x099f3100ae8df21b70f7eb60ea121fd80a879200  prob=0.0332 (raw=0.0083)  vol=$102  trades=2  first_trade=2026-02-10 03:05  winrate=0.880  n_markets_traded=75.000  herfindahl_index_markets=0.029
12:00:52 [super]   #2620  0x0a53282124062874b45d6489a95a26f62c6d7a6f  prob=0.0332 (raw=0.0082)  vol=$130  trades=8  first_trade=2026-02-05 02:22  winrate=NaN  n_markets_traded=0.000  herfindahl_index_markets=0.000
12:00:52 [super]   #2621  0x91b906c731d8096986fddb089739bfb339dcdcd8  prob=0.0332 (raw=0.0082)  vol=$16  trades=5  first_trade=2025-06-26 13:09  winrate=0.592  n_markets_traded=199.000  herfindahl_index_markets=0.128
12:00:52 [super]   #2622  0xc9a9d81e7e2c4881ae2da9df368b5a12040de32e  prob=0.0332 (raw=0.0082)  vol=$11  trades=2  first_trade=2026-01-10 21:48  winrate=0.111  n_markets_traded=9.000  herfindahl_index_markets=0.237
12:00:52 [super]   #2623  0x656a5c882768ec8724cc9a14102115d27a407195  prob=0.0332 (raw=0.0082)  vol=$1,500  trades=2  first_trade=2026-02-09 15:07  winrate=0.000  n_markets_traded=20.000  herfindahl_index_markets=0.085
12:00:52 [super]   #2624  0xbdcb0efe0af58ec3b2e6475ee0eba70d3a511ad3  prob=0.0332 (raw=0.0082)  vol=$204  trades=2  first_trade=2026-02-09 11:56  winrate=0.848  n_markets_traded=92.000  herfindahl_index_markets=0.025
12:00:52 [super]   #2625  0xd9ad04ba909c544f767c958380983d5c95d521ac  prob=0.0332 (raw=0.0082)  vol=$2  trades=2  first_trade=2026-02-07 23:57  winrate=0.000  n_markets_traded=6.000  herfindahl_index_markets=0.180
12:00:52 [super]   #2626  0xc7b054971196679b11fff31f93a528c65a877007  prob=0.0332 (raw=0.0082)  vol=$82  trades=2  first_trade=2026-02-09 18:38  winrate=0.056  n_markets_traded=72.000  herfindahl_index_markets=0.019
12:00:52 [super]   #2627  0x6ac7b8cc1026a9e2707e7e4c5b3cfb3cddef3604  prob=0.0332 (raw=0.0082)  vol=$306  trades=2  first_trade=2026-02-09 09:01  winrate=0.133  n_markets_traded=98.000  herfindahl_index_markets=0.016
12:00:52 [super]   #2628  0x612d7ec0085d49ae8c81e77402c2905485c88ec1  prob=0.0332 (raw=0.0082)  vol=$162  trades=2  first_trade=2026-02-09 11:42  winrate=0.802  n_markets_traded=79.000  herfindahl_index_markets=0.026
12:00:52 [super]   #2629  0x060240edd44510548cdaca70eb55fddfe9d16324  prob=0.0332 (raw=0.0080)  vol=$216  trades=2  first_trade=2026-02-09 11:43  winrate=0.839  n_markets_traded=84.000  herfindahl_index_markets=0.028
12:00:52 [super]   #2630  0x01142f852cf9ac375beec4e3e6b48982754da0f8  prob=0.0332 (raw=0.0080)  vol=$397  trades=2  first_trade=2026-02-09 20:42  winrate=0.141  n_markets_traded=85.000  herfindahl_index_markets=0.020
12:00:52 [super]   #2631  0xf4899f5be71428e2be5b826673500c642c224789  prob=0.0332 (raw=0.0080)  vol=$87  trades=2  first_trade=2026-02-09 22:52  winrate=0.092  n_markets_traded=76.000  herfindahl_index_markets=0.019
12:00:52 [super]   #2632  0x56846a231419ca08ae1dadf64a7643c41e5a7874  prob=0.0332 (raw=0.0080)  vol=$742  trades=9  first_trade=2026-02-08 11:23  winrate=0.561  n_markets_traded=106.000  herfindahl_index_markets=0.039
12:00:52 [super]   #2633  0xe44d1272fa4fd85ed752a324c8a286cc666cb30d  prob=0.0332 (raw=0.0080)  vol=$96  trades=2  first_trade=2026-02-10 02:58  winrate=0.868  n_markets_traded=53.000  herfindahl_index_markets=0.061
12:00:52 [super]   #2634  0xec89bef9363e775ecf50389324f0b72b0e4b2d2d  prob=0.0332 (raw=0.0080)  vol=$131  trades=2  first_trade=2026-02-10 02:42  winrate=0.850  n_markets_traded=80.000  herfindahl_index_markets=0.028
12:00:52 [super]   #2635  0xf6eac4c044cc7045dc04a8668e4fcf61a8d60e2d  prob=0.0332 (raw=0.0080)  vol=$70  trades=2  first_trade=2026-02-10 02:59  winrate=0.843  n_markets_traded=51.000  herfindahl_index_markets=0.061
12:00:52 [super]   #2636  0x3d31a5538536493bc4e936dd266f58e49f683e6c  prob=0.0332 (raw=0.0080)  vol=$145  trades=2  first_trade=2026-02-10 03:04  winrate=0.901  n_markets_traded=81.000  herfindahl_index_markets=0.026
12:00:52 [super]   #2637  0x6718413aa986e280c73f29cbdf42306f5379ff34  prob=0.0332 (raw=0.0080)  vol=$90  trades=2  first_trade=2026-02-10 03:01  winrate=0.853  n_markets_traded=68.000  herfindahl_index_markets=0.054
12:00:52 [super]   #2638  0x5cd324b20e1cf11a0903a44815294067836f8769  prob=0.0331 (raw=0.0080)  vol=$99  trades=2  first_trade=2026-02-09 21:59  winrate=0.090  n_markets_traded=78.000  herfindahl_index_markets=0.020
12:00:52 [super]   #2639  0xd36bd2781ca2b737bbf133457291acccd0ab57ce  prob=0.0331 (raw=0.0080)  vol=$154  trades=2  first_trade=2026-02-09 11:40  winrate=0.850  n_markets_traded=100.000  herfindahl_index_markets=0.025
12:00:52 [super]   #2640  0x56e9a8dcc3420f139142b16f7828564abe8443b7  prob=0.0331 (raw=0.0080)  vol=$204  trades=2  first_trade=2026-02-09 12:05  winrate=0.892  n_markets_traded=98.000  herfindahl_index_markets=0.028
12:00:52 [super]   #2641  0x0c8ce0215a37bf0c0bcd15560037d348e015c521  prob=0.0331 (raw=0.0080)  vol=$176  trades=2  first_trade=2026-02-09 11:42  winrate=0.846  n_markets_traded=89.000  herfindahl_index_markets=0.026
12:00:52 [super]   #2642  0x72e75328a9f0c96a8a2fc46e600164f5b9955ba3  prob=0.0331 (raw=0.0080)  vol=$174  trades=2  first_trade=2026-02-09 11:58  winrate=0.887  n_markets_traded=97.000  herfindahl_index_markets=0.027
12:00:52 [super]   #2643  0xc51a701d7dfbadc7067a72882a16894d37298fe9  prob=0.0331 (raw=0.0080)  vol=$190  trades=2  first_trade=2026-02-09 11:58  winrate=0.857  n_markets_traded=105.000  herfindahl_index_markets=0.025
12:00:52 [super]   #2644  0x79f7399be38e6f5cd433dc1cbb243e0ab033ce39  prob=0.0331 (raw=0.0080)  vol=$192  trades=2  first_trade=2026-02-09 11:40  winrate=0.885  n_markets_traded=103.000  herfindahl_index_markets=0.026
12:00:52 [super]   #2645  0xd0ef382cc4f64c90d9ea69e1500a193eeebd3758  prob=0.0331 (raw=0.0080)  vol=$10  trades=4  first_trade=2025-11-26 20:33  winrate=NaN  n_markets_traded=0.000  herfindahl_index_markets=0.000
12:00:52 [super]   #2646  0x38a7a5c70d3465035b52a13d002a3db010fc36a0  prob=0.0331 (raw=0.0080)  vol=$51  trades=2  first_trade=2026-02-09 18:04  winrate=0.057  n_markets_traded=88.000  herfindahl_index_markets=0.018
12:00:52 [super]   #2647  0x15298ba2aef6c501069f9cdeb5a324355f3b1171  prob=0.0331 (raw=0.0079)  vol=$114  trades=2  first_trade=2026-02-10 01:23  winrate=0.811  n_markets_traded=95.000  herfindahl_index_markets=0.023
12:00:52 [super]   #2648  0x961a3ebcc591e90255b590a1299c1fc4aba973ac  prob=0.0331 (raw=0.0079)  vol=$430  trades=6  first_trade=2026-02-09 02:51  winrate=0.450  n_markets_traded=291.000  herfindahl_index_markets=0.022
12:00:52 [super]   #2649  0xcba83e39c8abc81b76f517b574a6474ebffa11a2  prob=0.0331 (raw=0.0079)  vol=$1,018  trades=7  first_trade=2026-02-09 02:21  winrate=0.529  n_markets_traded=185.000  herfindahl_index_markets=0.017
12:00:52 [super]   #2650  0x742ff6df87485287bb4db5b0d7fa7af13047d673  prob=0.0331 (raw=0.0079)  vol=$4,366  trades=495  first_trade=2026-01-11 20:08  winrate=NaN  n_markets_traded=0.000  herfindahl_index_markets=0.000
12:00:52 [super]   #2651  0x2598d34a681af2dd7730d4e02346472c95d62168  prob=0.0331 (raw=0.0079)  vol=$24  trades=3  first_trade=2026-02-09 03:35  winrate=0.982  n_markets_traded=644.000  herfindahl_index_markets=0.002
12:00:52 [super]   #2652  0x08f49cd7db803ead541d50abab4ff86748b1e0d1  prob=0.0331 (raw=0.0079)  vol=$324  trades=2  first_trade=2026-02-09 05:55  winrate=0.200  n_markets_traded=75.000  herfindahl_index_markets=0.022
12:00:52 [super]   #2653  0x7f340bf3dbe686ed06d8aced24861d561a37d196  prob=0.0331 (raw=0.0079)  vol=$391  trades=2  first_trade=2026-02-09 16:32  winrate=0.125  n_markets_traded=72.000  herfindahl_index_markets=0.018
12:00:52 [super]   #2654  0xd687e900ef14cd7e1efefa0b84c6b8cb3bf6af84  prob=0.0331 (raw=0.0079)  vol=$0  trades=1  first_trade=2026-02-10 03:08  winrate=0.663  n_markets_traded=196.000  herfindahl_index_markets=0.035
12:00:52 [super]   #2655  0x6f460c9452f31b3afb3849d0d6ae58b6c1bc2cd1  prob=0.0331 (raw=0.0079)  vol=$315  trades=17  first_trade=2026-02-05 00:58  winrate=0.627  n_markets_traded=400.000  herfindahl_index_markets=0.021
12:00:52 [super]   #2656  0x9ad091ca2e8f1bd69f27662edcb49dceeaa5bf3d  prob=0.0331 (raw=0.0079)  vol=$4,727  trades=107  first_trade=2026-02-09 02:11  winrate=NaN  n_markets_traded=0.000  herfindahl_index_markets=0.000
12:00:52 [super]   #2657  0x681d7946e0280c6ec6562c7ce662e90812354cbf  prob=0.0331 (raw=0.0079)  vol=$31,549  trades=15  first_trade=2026-02-08 03:06  winrate=0.460  n_markets_traded=423.000  herfindahl_index_markets=0.037
12:00:52 [super]   #2658  0x7cf9b6a54834620b7be396638bf9391b2ff0393f  prob=0.0331 (raw=0.0079)  vol=$5  trades=4  first_trade=2026-02-09 02:41  winrate=0.512  n_markets_traded=43.000  herfindahl_index_markets=0.098
12:00:52 [super]   #2659  0x8f1507b830233d12b7fcb94ac448ecd5df2a33a2  prob=0.0331 (raw=0.0079)  vol=$108  trades=2  first_trade=2026-02-10 03:04  winrate=0.768  n_markets_traded=56.000  herfindahl_index_markets=0.032
12:00:52 [super]   #2660  0xa9dfada92db222fa263895c000422cfeea7f3929  prob=0.0331 (raw=0.0078)  vol=$124  trades=2  first_trade=2026-02-09 06:26  winrate=0.083  n_markets_traded=72.000  herfindahl_index_markets=0.020
12:00:52 [super]   #2661  0x48b87f4f50fc0508fa0b7bf884bde40da981c188  prob=0.0331 (raw=0.0078)  vol=$17  trades=8  first_trade=2026-02-09 02:45  winrate=0.512  n_markets_traded=289.000  herfindahl_index_markets=0.020
12:00:52 [super]   #2662  0xb065e33b94bcf5312ace9af3ee2da18ae75f91ef  prob=0.0331 (raw=0.0078)  vol=$4  trades=4  first_trade=2025-09-29 12:21  winrate=0.250  n_markets_traded=20.000  herfindahl_index_markets=0.067
12:00:52 [super]   #2663  0xaf10770f1f7b4344eaaa88b561d18eb5fb189bcd  prob=0.0331 (raw=0.0078)  vol=$52  trades=2  first_trade=2026-02-09 22:17  winrate=0.104  n_markets_traded=77.000  herfindahl_index_markets=0.018
12:00:52 [super]   #2664  0xd70ccd1e507c9ab5e42b2b8a46cc41acca16ff73  prob=0.0331 (raw=0.0078)  vol=$5  trades=4  first_trade=2026-02-09 02:41  winrate=0.471  n_markets_traded=102.000  herfindahl_index_markets=0.051
12:00:52 [super]   #2665  0x80367f4d681763efafc6436cf047930bd4de060e  prob=0.0331 (raw=0.0077)  vol=$170  trades=2  first_trade=2026-02-09 06:52  winrate=0.111  n_markets_traded=81.000  herfindahl_index_markets=0.018
12:00:52 [super]   #2666  0x9ee0e164e58a11bf2af02e488614ef5b0f9420b1  prob=0.0331 (raw=0.0077)  vol=$206  trades=2  first_trade=2026-02-09 12:15  winrate=0.813  n_markets_traded=89.000  herfindahl_index_markets=0.027
12:00:52 [super]   #2667  0xe0dcc05376176f9f9e5160b9aae6f51e2ca93944  prob=0.0331 (raw=0.0077)  vol=$1,290  trades=4  first_trade=2026-02-09 03:10  winrate=0.739  n_markets_traded=160.000  herfindahl_index_markets=0.021
12:00:52 [super]   #2668  0x98e18fd05c609aa02f28dae06e3b79943df4cdcd  prob=0.0331 (raw=0.0077)  vol=$21,691  trades=39  first_trade=2026-02-09 01:23  winrate=NaN  n_markets_traded=0.000  herfindahl_index_markets=0.000
12:00:52 [super]   #2669  0xf4fdf1c7f4de1235085ce0b91c1c9a4b1b25532a  prob=0.0331 (raw=0.0076)  vol=$55  trades=2  first_trade=2026-02-10 02:25  winrate=0.091  n_markets_traded=88.000  herfindahl_index_markets=0.019
12:00:52 [super]   #2670  0xe5c2c7a709dd9ab1a43c8b6852a4e9eaa8d4cfb5  prob=0.0331 (raw=0.0076)  vol=$2,000  trades=2  first_trade=2026-02-09 05:10  winrate=0.086  n_markets_traded=277.000  herfindahl_index_markets=0.055
12:00:52 [super]   #2671  0xea828692593d50975ccb34f30fd7f87f0be34968  prob=0.0331 (raw=0.0076)  vol=$423  trades=2  first_trade=2026-02-10 01:07  winrate=0.148  n_markets_traded=81.000  herfindahl_index_markets=0.019
12:00:52 [super]   #2672  0xb15b9bcac6d94fc78001dd00d8f1a713ffdf549b  prob=0.0331 (raw=0.0076)  vol=$421  trades=2  first_trade=2026-02-09 20:57  winrate=0.160  n_markets_traded=81.000  herfindahl_index_markets=0.018
12:00:52 [super]   #2673  0x1b77f53285cb04325cde800106b221b2097ef758  prob=0.0331 (raw=0.0076)  vol=$65  trades=6  first_trade=2026-02-09 01:33  winrate=0.495  n_markets_traded=111.000  herfindahl_index_markets=0.055
12:00:52 [super]   #2674  0xff1768108a73e93f661ac38f0d43ec1bbac35745  prob=0.0331 (raw=0.0076)  vol=$18,314  trades=147  first_trade=2026-02-08 23:09  winrate=0.600  n_markets_traded=99.000  herfindahl_index_markets=0.074
12:00:52 [super]   #2675  0x8d15bbbec3e5bb66f6075e43708f67cd8053533a  prob=0.0331 (raw=0.0076)  vol=$106  trades=2  first_trade=2026-02-10 02:58  winrate=0.848  n_markets_traded=46.000  herfindahl_index_markets=0.055
12:00:52 [super]   #2676  0x562bc8068347268d9a69b8dd464d00eed0f9dc09  prob=0.0331 (raw=0.0075)  vol=$2,340  trades=69  first_trade=2025-12-12 00:57  winrate=NaN  n_markets_traded=0.000  herfindahl_index_markets=0.000
12:00:52 [super]   #2677  0x44dbc50017fe6c76b33134a2fbc2582fa8bce66f  prob=0.0331 (raw=0.0075)  vol=$27  trades=3  first_trade=2026-01-26 15:51  winrate=0.608  n_markets_traded=181.000  herfindahl_index_markets=0.052
12:00:52 [super]   #2678  0xc720fbc84ecbd92e8ba7c1bdaad31b9865138f88  prob=0.0331 (raw=0.0075)  vol=$294  trades=6  first_trade=2026-02-09 00:01  winrate=0.469  n_markets_traded=175.000  herfindahl_index_markets=0.020
12:00:52 [super]   #2679  0x1f251ad2aad0eed4b2fbaebf763bc7449f6daa45  prob=0.0331 (raw=0.0075)  vol=$84  trades=2  first_trade=2026-02-09 09:47  winrate=0.105  n_markets_traded=86.000  herfindahl_index_markets=0.017
12:00:52 [super]   #2680  0x66a20520b4c16f2ec13401220c6fd5b0edf4e49c  prob=0.0331 (raw=0.0075)  vol=$52  trades=11  first_trade=2026-01-26 09:15  winrate=NaN  n_markets_traded=0.000  herfindahl_index_markets=0.000
12:00:52 [super]   #2681  0x54b56146656e7eef9da02b3a030c18e06e924b31  prob=0.0331 (raw=0.0074)  vol=$862  trades=10  first_trade=2026-02-09 02:29  winrate=NaN  n_markets_traded=0.000  herfindahl_index_markets=0.000
12:00:52 [super]   #2682  0x6927e01a0f4fdeb7d6e306ddd9c2c42fb8332115  prob=0.0331 (raw=0.0074)  vol=$4  trades=4  first_trade=2026-02-09 04:20  winrate=0.375  n_markets_traded=16.000  herfindahl_index_markets=0.138
12:00:52 [super]   #2683  0x00d1c494b4d34919c6a25127a65d745df2ce642f  prob=0.0331 (raw=0.0074)  vol=$32  trades=4  first_trade=2026-02-09 02:18  winrate=0.704  n_markets_traded=493.000  herfindahl_index_markets=0.016
12:00:52 [super]   #2684  0x0686a04f5fa4ed5b5cc7130db545071c0761b85e  prob=0.0331 (raw=0.0074)  vol=$158  trades=2  first_trade=2026-02-09 10:20  winrate=0.113  n_markets_traded=71.000  herfindahl_index_markets=0.023
12:00:52 [super]   #2685  0xae9421be8b0baf7705280089392493e7ed8f7efb  prob=0.0331 (raw=0.0074)  vol=$594  trades=22  first_trade=2026-02-08 23:02  winrate=NaN  n_markets_traded=0.000  herfindahl_index_markets=0.000
12:00:52 [super]   #2686  0x95ee51d868f082e46ff55d8d98cb1fef18cb5b9f  prob=0.0331 (raw=0.0074)  vol=$158  trades=8  first_trade=2026-02-09 02:55  winrate=0.560  n_markets_traded=465.000  herfindahl_index_markets=0.013
12:00:52 [super]   #2687  0x68051ce3ce2913f36009c3b8612087d0f5c02e7a  prob=0.0331 (raw=0.0074)  vol=$110  trades=2  first_trade=2026-02-09 09:32  winrate=0.120  n_markets_traded=75.000  herfindahl_index_markets=0.020
12:00:52 [super]   #2688  0xd708a809ed8d5ef718dd72c795c50c18f0a1b9d2  prob=0.0331 (raw=0.0073)  vol=$3  trades=4  first_trade=2026-02-09 18:15  winrate=0.500  n_markets_traded=372.000  herfindahl_index_markets=0.013
12:00:52 [super]   #2689  0xed904ce856501a2289f47ac53546804a791c97d7  prob=0.0331 (raw=0.0073)  vol=$54  trades=2  first_trade=2026-02-09 21:43  winrate=0.111  n_markets_traded=81.000  herfindahl_index_markets=0.018
12:00:52 [super]   #2690  0xc54a1109707a5f717a5223ab3c7ee71ee4780fb2  prob=0.0331 (raw=0.0073)  vol=$3  trades=2  first_trade=2026-02-08 17:12  winrate=0.818  n_markets_traded=351.000  herfindahl_index_markets=0.009
12:00:52 [super]   #2691  0x88b9f63b319064a8ce5aa316e5fa51c575830fc9  prob=0.0330 (raw=0.0072)  vol=$7,498  trades=48  first_trade=2026-02-06 07:23  winrate=0.429  n_markets_traded=196.000  herfindahl_index_markets=0.014
12:00:52 [super]   #2692  0x85b9e9226c56d4f2a3ff92c56b745f42498f906d  prob=0.0330 (raw=0.0072)  vol=$4,316  trades=20  first_trade=2026-02-09 01:54  winrate=NaN  n_markets_traded=0.000  herfindahl_index_markets=0.000
12:00:52 [super]   #2693  0x0f2cd5b82392380cd68925ec4e22967846bb2a6a  prob=0.0330 (raw=0.0072)  vol=$10  trades=2  first_trade=2026-02-08 23:09  winrate=0.400  n_markets_traded=24.000  herfindahl_index_markets=0.176
12:00:52 [super]   #2694  0x9481f64d158f213fe965371474b768178f9cf124  prob=0.0330 (raw=0.0072)  vol=$98  trades=2  first_trade=2026-02-10 02:07  winrate=0.137  n_markets_traded=73.000  herfindahl_index_markets=0.021
12:00:52 [super]   #2695  0x9c903f6adcd529199af0b2777a211d1ec04ab431  prob=0.0330 (raw=0.0072)  vol=$333  trades=2  first_trade=2026-02-09 08:41  winrate=0.407  n_markets_traded=27.000  herfindahl_index_markets=0.059
12:00:52 [super]   #2696  0x67f1885c8f23c704b8c60ddbb9f4d90487473e4f  prob=0.0330 (raw=0.0071)  vol=$14  trades=5  first_trade=2025-10-18 22:22  winrate=0.241  n_markets_traded=79.000  herfindahl_index_markets=0.046
12:00:52 [super]   #2697  0x71223619985e320f3b36eabca70a6254ef684e23  prob=0.0330 (raw=0.0071)  vol=$239  trades=9  first_trade=2026-02-09 01:37  winrate=0.500  n_markets_traded=57.000  herfindahl_index_markets=0.036
12:00:52 [super]   #2698  0xe3e06c293369c9092e09f4d372a6aaceb6d06605  prob=0.0330 (raw=0.0071)  vol=$96  trades=2  first_trade=2026-02-09 06:41  winrate=0.127  n_markets_traded=79.000  herfindahl_index_markets=0.018
12:00:52 [super]   #2699  0xe003795e406f5996a43034bf85b5eb3f3fa10760  prob=0.0330 (raw=0.0070)  vol=$58  trades=2  first_trade=2026-02-09 17:33  winrate=0.125  n_markets_traded=72.000  herfindahl_index_markets=0.022
12:00:52 [super]   #2700  0x2c83b23b8a10de4e659b0339e59c35eea9b014aa  prob=0.0330 (raw=0.0070)  vol=$93  trades=2  first_trade=2026-02-09 22:24  winrate=0.153  n_markets_traded=98.000  herfindahl_index_markets=0.014
12:00:52 [super]   #2701  0x029212ed3856adf9e088bea79cf7f1b6d1a7d074  prob=0.0330 (raw=0.0070)  vol=$92  trades=2  first_trade=2026-02-09 21:17  winrate=0.109  n_markets_traded=46.000  herfindahl_index_markets=0.029
12:00:52 [super]   #2702  0xa40a3125c9d060952b7678b765d2b33bf4a3a7e7  prob=0.0330 (raw=0.0070)  vol=$130  trades=2  first_trade=2026-02-09 07:11  winrate=0.179  n_markets_traded=78.000  herfindahl_index_markets=0.020
12:00:52 [super]   #2703  0xc71e420bafe11de10a76d6025d7d7c7985e6f450  prob=0.0330 (raw=0.0070)  vol=$16  trades=2  first_trade=2025-11-01 16:20  winrate=0.236  n_markets_traded=206.000  herfindahl_index_markets=0.014
12:00:52 [super]   #2704  0xaa6801e4ac3b4d6acb8d8700ca20af73be3f94a7  prob=0.0330 (raw=0.0070)  vol=$1,480  trades=4  first_trade=2026-02-08 21:56  winrate=0.549  n_markets_traded=240.000  herfindahl_index_markets=0.009
12:00:52 [super]   #2705  0xf6950936ef440ba3b37bd40ce8b323b450800a19  prob=0.0330 (raw=0.0070)  vol=$8  trades=2  first_trade=2026-02-09 10:57  winrate=0.615  n_markets_traded=172.000  herfindahl_index_markets=0.075
12:00:52 [super]   #2706  0x3864bd36594170a751938b7a53cc4e89d21c9d3b  prob=0.0330 (raw=0.0070)  vol=$55  trades=2  first_trade=2026-02-09 21:40  winrate=0.153  n_markets_traded=97.000  herfindahl_index_markets=0.015
12:00:52 [super]   #2707  0xb06e9b36773292e715892419f06ce1fbdce62c47  prob=0.0330 (raw=0.0070)  vol=$67  trades=2  first_trade=2026-02-09 22:50  winrate=0.140  n_markets_traded=100.000  herfindahl_index_markets=0.017
12:00:52 [super]   #2708  0xba3009a2a9a25d936c706e0e21889be92d819b95  prob=0.0330 (raw=0.0070)  vol=$126  trades=2  first_trade=2026-02-09 10:18  winrate=0.146  n_markets_traded=96.000  herfindahl_index_markets=0.017
12:00:52 [super]   #2709  0x5719a79a522eded66a13a3971c5d7b34fd4a8513  prob=0.0330 (raw=0.0070)  vol=$34  trades=4  first_trade=2026-02-09 04:00  winrate=0.436  n_markets_traded=94.000  herfindahl_index_markets=0.056
12:00:52 [super]   #2710  0x57d494d8aecd90fb4f48423974f7e48ec1f9ac0d  prob=0.0330 (raw=0.0070)  vol=$488  trades=17  first_trade=2026-02-06 00:10  winrate=0.566  n_markets_traded=156.000  herfindahl_index_markets=0.027
12:00:52 [super]   #2711  0xc8773301f25228a280e12c6387c588fd3c0c05b4  prob=0.0330 (raw=0.0069)  vol=$26  trades=3  first_trade=2025-11-21 05:33  winrate=NaN  n_markets_traded=0.000  herfindahl_index_markets=0.000
12:00:52 [super]   #2712  0x45efc3f3e1ce47ab55fda1f0c57b7610ca2f143b  prob=0.0330 (raw=0.0069)  vol=$992  trades=31  first_trade=2026-02-03 18:24  winrate=0.505  n_markets_traded=95.000  herfindahl_index_markets=0.039
12:00:52 [super]   #2713  0xd3c73de4000aeebd0c383be8549e539c7a657070  prob=0.0330 (raw=0.0069)  vol=$54  trades=2  first_trade=2026-02-07 21:41  winrate=0.580  n_markets_traded=312.000  herfindahl_index_markets=0.019
12:00:52 [super]   #2714  0x49ecb10e4ce26f3c04458a23d8dbefa115406402  prob=0.0330 (raw=0.0069)  vol=$62  trades=2  first_trade=2026-02-09 19:09  winrate=0.131  n_markets_traded=84.000  herfindahl_index_markets=0.018
12:00:52 [super]   #2715  0x7e9d7078a4cdefc20be8db13e1effc4292d18445  prob=0.0330 (raw=0.0069)  vol=$346  trades=3  first_trade=2026-02-08 17:05  winrate=0.484  n_markets_traded=190.000  herfindahl_index_markets=0.184
12:00:52 [super]   #2716  0xc85f77ffb48f05ee9568cdafa4d5a952073d15f8  prob=0.0330 (raw=0.0069)  vol=$1,051  trades=13  first_trade=2026-02-09 01:23  winrate=0.657  n_markets_traded=98.000  herfindahl_index_markets=0.018
12:00:52 [super]   #2717  0xb166c8a6358d0c5f7b002e4a11252a08e16c7ba1  prob=0.0330 (raw=0.0069)  vol=$43  trades=3  first_trade=2025-09-29 12:59  winrate=0.384  n_markets_traded=99.000  herfindahl_index_markets=0.048
12:00:52 [super]   #2718  0x457059c8e0552491b33a0791d8a429cf831526b9  prob=0.0330 (raw=0.0068)  vol=$4  trades=4  first_trade=2026-02-09 09:37  winrate=0.300  n_markets_traded=10.000  herfindahl_index_markets=0.136
12:00:52 [super]   #2719  0x7cbca6904291affd3c6bfa157d5edbc900dc5196  prob=0.0330 (raw=0.0068)  vol=$25,296  trades=8  first_trade=2026-02-08 17:32  winrate=0.271  n_markets_traded=769.000  herfindahl_index_markets=0.016
12:00:52 [super]   #2720  0xf32417a339933e6533687be421b9983cb5fccac4  prob=0.0330 (raw=0.0068)  vol=$60  trades=6  first_trade=2026-02-09 22:50  winrate=0.759  n_markets_traded=137.000  herfindahl_index_markets=0.012
12:00:52 [super]   #2721  0x0142ad931eb1cbe36f761a215bc0c37425c7faf2  prob=0.0330 (raw=0.0068)  vol=$29  trades=2  first_trade=2026-02-10 02:58  winrate=0.786  n_markets_traded=42.000  herfindahl_index_markets=0.059
12:00:52 [super]   #2722  0x78e14494307419bc996f26a1ccd36835932d29c6  prob=0.0330 (raw=0.0068)  vol=$146  trades=2  first_trade=2026-02-09 10:09  winrate=0.151  n_markets_traded=72.000  herfindahl_index_markets=0.020
12:00:52 [super]   #2723  0xc6465538fa92eec11e1979f38623f6e86939c3b1  prob=0.0330 (raw=0.0068)  vol=$69  trades=2  first_trade=2026-02-09 17:07  winrate=0.133  n_markets_traded=75.000  herfindahl_index_markets=0.018
12:00:52 [super]   #2724  0x33e5945c1f0843c3068d8418ba90c2accd081c91  prob=0.0330 (raw=0.0067)  vol=$302  trades=5  first_trade=2026-02-09 03:27  winrate=NaN  n_markets_traded=0.000  herfindahl_index_markets=0.000
12:00:52 [super]   #2725  0x20b9ea4a87111238cb5f55ca9f715ed3ab74e557  prob=0.0330 (raw=0.0067)  vol=$185  trades=7  first_trade=2026-02-08 20:16  winrate=0.694  n_markets_traded=36.000  herfindahl_index_markets=0.109
12:00:52 [super]   #2726  0xc14cd657c196fc1b3dd6f4737e80f222b296edbd  prob=0.0330 (raw=0.0067)  vol=$87  trades=4  first_trade=2026-02-09 20:37  winrate=0.680  n_markets_traded=25.000  herfindahl_index_markets=0.086
12:00:52 [super]   #2727  0xabe73f9a272e4cddd5df90ab980a880b0311129e  prob=0.0330 (raw=0.0067)  vol=$13  trades=2  first_trade=2026-02-08 19:08  winrate=0.143  n_markets_traded=7.000  herfindahl_index_markets=0.185
12:00:52 [super]   #2728  0x6ee014b46cbea7563b9e84672c6633441f8b3bd5  prob=0.0330 (raw=0.0067)  vol=$40  trades=2  first_trade=2026-02-08 16:43  winrate=0.751  n_markets_traded=701.000  herfindahl_index_markets=0.002
12:00:52 [super]   #2729  0xbd5b68766b9b4ae0d4c2c555e7d985726b5f567d  prob=0.0330 (raw=0.0067)  vol=$250  trades=6  first_trade=2026-02-09 00:58  winrate=0.410  n_markets_traded=61.000  herfindahl_index_markets=0.057
12:00:52 [super]   #2730  0x0ebb6aed9171d78d899924de4b9d38ed09f6c067  prob=0.0330 (raw=0.0066)  vol=$1,000  trades=2  first_trade=2026-02-09 18:16  winrate=0.331  n_markets_traded=124.000  herfindahl_index_markets=0.052
12:00:52 [super]   #2731  0x8d616002361bd8b2efde28c15dad194984dc3c32  prob=0.0330 (raw=0.0066)  vol=$1,802  trades=3  first_trade=2026-02-09 03:42  winrate=0.306  n_markets_traded=355.000  herfindahl_index_markets=0.039
12:00:52 [super]   #2732  0x410c6321bda428be6c778117b6103bf22cf4f7f0  prob=0.0330 (raw=0.0066)  vol=$11  trades=4  first_trade=2026-02-09 02:23  winrate=0.634  n_markets_traded=430.000  herfindahl_index_markets=0.020
12:00:52 [super]   #2733  0x5ecde7348ea5100af4360dd7a6e0a3fb1d420787  prob=0.0330 (raw=0.0066)  vol=$15,207  trades=6  first_trade=2026-02-09 04:02  winrate=NaN  n_markets_traded=0.000  herfindahl_index_markets=0.000
12:00:52 [super]   #2734  0x92c26bce88c3009087c8da82854df4e7b696f3ae  prob=0.0329 (raw=0.0065)  vol=$16  trades=6  first_trade=2026-02-08 23:09  winrate=0.467  n_markets_traded=15.000  herfindahl_index_markets=0.146
12:00:52 [super]   #2735  0xdd00c0306a859fe0200a3d0aeb4ae7067181e02f  prob=0.0329 (raw=0.0065)  vol=$10  trades=2  first_trade=2026-02-08 10:56  winrate=0.000  n_markets_traded=28.000  herfindahl_index_markets=0.037
12:00:52 [super]   #2736  0x0f5fc174062b5c455df375594671aeaac83746d8  prob=0.0329 (raw=0.0065)  vol=$623  trades=12  first_trade=2026-02-09 01:34  winrate=0.693  n_markets_traded=75.000  herfindahl_index_markets=0.029
12:00:52 [super]   #2737  0xc8ab97a9089a9ff7e6ef0688e6e591a066946418  prob=0.0329 (raw=0.0065)  vol=$30,209  trades=85  first_trade=2025-08-19 00:53  winrate=NaN  n_markets_traded=0.000  herfindahl_index_markets=0.000
12:00:52 [super]   #2738  0x17b70c3724ca1be7721b07dd1a2ff8e1dc8e1ecc  prob=0.0329 (raw=0.0064)  vol=$12  trades=10  first_trade=2025-12-18 18:45  winrate=0.662  n_markets_traded=582.000  herfindahl_index_markets=0.048
12:00:52 [super]   #2739  0xde4762aa23a3c9d5d9dbc139a099d26b62245410  prob=0.0329 (raw=0.0064)  vol=$2  trades=2  first_trade=2025-10-24 17:55  winrate=0.545  n_markets_traded=428.000  herfindahl_index_markets=0.015
12:00:52 [super]   #2740  0x29b99f295f8d45ce5266d68a1b59a2ac2f9a9507  prob=0.0329 (raw=0.0064)  vol=$4  trades=4  first_trade=2026-02-08 17:31  winrate=0.710  n_markets_traded=205.000  herfindahl_index_markets=0.019
12:00:52 [super]   #2741  0x87bab5083ed4497685a98964d135e91026099fd1  prob=0.0329 (raw=0.0064)  vol=$9  trades=2  first_trade=2026-02-04 13:24  winrate=0.555  n_markets_traded=463.000  herfindahl_index_markets=0.011
12:00:52 [super]   #2742  0x99cfa4974e333effc9d9348955cf5323cc68b5da  prob=0.0329 (raw=0.0064)  vol=$38  trades=11  first_trade=2026-02-09 01:39  winrate=0.261  n_markets_traded=114.000  herfindahl_index_markets=0.035
12:00:52 [super]   #2743  0x0f151e25120ef01916647663ba04ba7c1b9cfb01  prob=0.0329 (raw=0.0064)  vol=$7,170  trades=36  first_trade=2026-02-08 21:56  winrate=0.421  n_markets_traded=373.000  herfindahl_index_markets=0.039
12:00:52 [super]   #2744  0xbacd00c9080a82ded56f504ee8810af732b0ab35  prob=0.0329 (raw=0.0064)  vol=$6,969  trades=81  first_trade=2025-09-29 01:50  winrate=NaN  n_markets_traded=0.000  herfindahl_index_markets=0.000
12:00:52 [super]   #2745  0xcc0c2be82c3e32d751db2e8af1c65142761c04cb  prob=0.0329 (raw=0.0064)  vol=$69  trades=4  first_trade=2026-01-18 11:56  winrate=0.500  n_markets_traded=394.000  herfindahl_index_markets=0.011
12:00:52 [super]   #2746  0xe5c50566bf9f7bb7dd2c244d3d0dac264539227d  prob=0.0329 (raw=0.0064)  vol=$1,609  trades=21  first_trade=2026-02-08 21:48  winrate=0.456  n_markets_traded=307.000  herfindahl_index_markets=0.010
12:00:52 [super]   #2747  0x54ab55ddb36c236bd231e89053dc458d06c33699  prob=0.0329 (raw=0.0064)  vol=$303  trades=12  first_trade=2026-02-08 19:03  winrate=0.483  n_markets_traded=29.000  herfindahl_index_markets=0.113
12:00:52 [super]   #2748  0x6aa756bf6a8740ddff8e1d9876daaa3bfcca5455  prob=0.0329 (raw=0.0064)  vol=$8,580  trades=100  first_trade=2026-02-06 05:45  winrate=0.428  n_markets_traded=135.000  herfindahl_index_markets=0.030
12:00:52 [super]   #2749  0x051f6c793a63f747432237a83ad9c878348a66b0  prob=0.0329 (raw=0.0063)  vol=$836  trades=11  first_trade=2026-02-08 20:58  winrate=0.447  n_markets_traded=713.000  herfindahl_index_markets=0.003
12:00:52 [super]   #2750  0xc0e5e53c87cc9e544b5da564a9de5f9885cb293b  prob=0.0329 (raw=0.0063)  vol=$416  trades=13  first_trade=2026-01-19 17:39  winrate=0.519  n_markets_traded=129.000  herfindahl_index_markets=0.024
12:00:52 [super]   #2751  0xb38cf19123d2fd62d8bca1caca43e0301b96b2c9  prob=0.0329 (raw=0.0063)  vol=$3,065  trades=12  first_trade=2026-02-09 01:30  winrate=NaN  n_markets_traded=0.000  herfindahl_index_markets=0.000
12:00:52 [super]   #2752  0xcf5c9ba675b71b6c2abafd04d45c92eb096a3912  prob=0.0329 (raw=0.0062)  vol=$221  trades=12  first_trade=2026-02-08 18:30  winrate=0.473  n_markets_traded=216.000  herfindahl_index_markets=0.023
12:00:52 [super]   #2753  0x17a5f469af58adb18022b47ff51c827e01a1895c  prob=0.0329 (raw=0.0062)  vol=$11  trades=2  first_trade=2026-02-08 22:13  winrate=0.468  n_markets_traded=267.000  herfindahl_index_markets=0.069
12:00:52 [super]   #2754  0xd6a39cef30c927c4d57b5cc519f3a2d0332a9738  prob=0.0329 (raw=0.0062)  vol=$33,810  trades=60  first_trade=2026-02-08 22:05  winrate=NaN  n_markets_traded=0.000  herfindahl_index_markets=0.000
12:00:52 [super]   #2755  0xf03ea2a5ab177d04771cd31041ed1dfb4ce940cf  prob=0.0329 (raw=0.0062)  vol=$28  trades=4  first_trade=2026-02-05 02:51  winrate=0.500  n_markets_traded=25.000  herfindahl_index_markets=0.069
12:00:52 [super]   #2756  0x0e4e7db565ed1c78f87b94c364c8a703b8975bf4  prob=0.0329 (raw=0.0062)  vol=$1,294  trades=4  first_trade=2026-02-08 22:30  winrate=0.569  n_markets_traded=229.000  herfindahl_index_markets=0.019
12:00:52 [super]   #2757  0x7ab6ac0f0d6ca5a15ec57abeaf413d31c8cdfa77  prob=0.0329 (raw=0.0062)  vol=$3,900  trades=6  first_trade=2026-02-09 13:21  winrate=NaN  n_markets_traded=0.000  herfindahl_index_markets=0.000
12:00:52 [super]   #2758  0x4b7410aefbf0f38012b0dfb1131a4de147a9e8d7  prob=0.0329 (raw=0.0062)  vol=$4,340  trades=15  first_trade=2026-02-09 02:22  winrate=NaN  n_markets_traded=0.000  herfindahl_index_markets=0.000
12:00:52 [super]   #2759  0x0a6d26d31b28fd5a84c301f8b27296612f3b1d0a  prob=0.0329 (raw=0.0062)  vol=$86  trades=3  first_trade=2026-01-17 00:36  winrate=NaN  n_markets_traded=0.000  herfindahl_index_markets=0.000
12:00:52 [super]   #2760  0x3a8b87c4b20c9fd784fd6f1cea3a4869c0c50c13  prob=0.0329 (raw=0.0062)  vol=$237  trades=9  first_trade=2026-02-08 23:31  winrate=NaN  n_markets_traded=0.000  herfindahl_index_markets=0.000
12:00:52 [super]   #2761  0x623f75fcdd091362468921a39b391ab7582f1852  prob=0.0329 (raw=0.0062)  vol=$70  trades=8  first_trade=2026-02-09 01:03  winrate=0.547  n_markets_traded=377.000  herfindahl_index_markets=0.034
12:00:52 [super]   #2762  0x53d395d95538d7b0a6346770378c79001e2360ee  prob=0.0329 (raw=0.0061)  vol=$21  trades=4  first_trade=2026-02-09 03:11  winrate=NaN  n_markets_traded=0.000  herfindahl_index_markets=0.000
12:00:52 [super]   #2763  0xe1ebb408b3a884c1b9eb4b3a36ea6c4ddbf55e88  prob=0.0329 (raw=0.0061)  vol=$20  trades=2  first_trade=2026-02-09 03:03  winrate=0.573  n_markets_traded=82.000  herfindahl_index_markets=0.031
12:00:52 [super]   #2764  0x6eaaddf186883f44a62497ab26a6df9960779bae  prob=0.0329 (raw=0.0061)  vol=$0  trades=2  first_trade=2026-02-09 13:45  winrate=NaN  n_markets_traded=0.000  herfindahl_index_markets=0.000
12:00:52 [super]   #2765  0x8e31ab6e8bfa20288af8b492b3facf63702b283f  prob=0.0329 (raw=0.0061)  vol=$61  trades=9  first_trade=2026-02-08 20:40  winrate=0.466  n_markets_traded=58.000  herfindahl_index_markets=0.067
12:00:52 [super]   #2766  0x6d9fc316c3b8377060a44b852ba664adbfd59790  prob=0.0329 (raw=0.0061)  vol=$19,181  trades=43  first_trade=2026-02-09 01:54  winrate=NaN  n_markets_traded=0.000  herfindahl_index_markets=0.000
12:00:52 [super]   #2767  0x5d5f7a6b008b4317aeef0cf07da302cb840e8b27  prob=0.0329 (raw=0.0061)  vol=$493  trades=5  first_trade=2026-02-08 23:41  winrate=0.471  n_markets_traded=377.000  herfindahl_index_markets=0.021
12:00:52 [super]   #2768  0xfcd01806d647fead5ebf83de786fcc0e15d4157d  prob=0.0329 (raw=0.0061)  vol=$3  trades=4  first_trade=2026-02-09 01:46  winrate=0.454  n_markets_traded=96.000  herfindahl_index_markets=0.032
12:00:52 [super]   #2769  0x6f5bcc2b9d6d3cade9d48d9d2deee01ae13e88a2  prob=0.0329 (raw=0.0061)  vol=$199  trades=8  first_trade=2026-02-08 21:33  winrate=0.231  n_markets_traded=13.000  herfindahl_index_markets=0.119
12:00:52 [super]   #2770  0x77387406912d1fd241d3baa0d8092eeb02c976a4  prob=0.0329 (raw=0.0060)  vol=$6  trades=4  first_trade=2026-02-09 03:54  winrate=NaN  n_markets_traded=0.000  herfindahl_index_markets=0.000
12:00:52 [super]   #2771  0xc2052656d5ccb272eadb93fc8b79f963528ceec2  prob=0.0329 (raw=0.0060)  vol=$96  trades=4  first_trade=2026-02-09 01:41  winrate=0.497  n_markets_traded=163.000  herfindahl_index_markets=0.027
12:00:52 [super]   #2772  0x4bf459194025b2ca11a2db2deb9ef2a08c467021  prob=0.0329 (raw=0.0060)  vol=$144  trades=4  first_trade=2026-02-09 00:14  winrate=NaN  n_markets_traded=0.000  herfindahl_index_markets=0.000
12:00:52 [super]   #2773  0xd742186645c05e06d32e881eeda54d6fcb1cf678  prob=0.0329 (raw=0.0060)  vol=$40  trades=7  first_trade=2026-01-26 22:04  winrate=0.750  n_markets_traded=8.000  herfindahl_index_markets=0.151
12:00:52 [super]   #2774  0xa009b76765b7acf0375393b141a869dd2d81ab48  prob=0.0329 (raw=0.0060)  vol=$20  trades=4  first_trade=2026-02-08 09:29  winrate=0.438  n_markets_traded=336.000  herfindahl_index_markets=0.009
12:00:52 [super]   #2775  0x35fa2bb1d86efdaf39abe1c8787f5cf25f252bd4  prob=0.0329 (raw=0.0060)  vol=$910  trades=43  first_trade=2026-02-08 17:35  winrate=0.467  n_markets_traded=91.000  herfindahl_index_markets=0.038
12:00:52 [super]   #2776  0x6ccc3c63a4b88e40d84b71b98586ce0848bd585f  prob=0.0329 (raw=0.0060)  vol=$1,328  trades=22  first_trade=2026-02-08 23:18  winrate=0.333  n_markets_traded=87.000  herfindahl_index_markets=0.032
12:00:52 [super]   #2777  0xce60927ff2d1b2080b29a3e1a910b9d789ca6705  prob=0.0329 (raw=0.0060)  vol=$127  trades=17  first_trade=2026-01-31 19:15  winrate=0.449  n_markets_traded=212.000  herfindahl_index_markets=0.026
12:00:52 [super]   #2778  0x6009cc042d3a01705ea32aae1fa0b71fbc2cf133  prob=0.0329 (raw=0.0060)  vol=$3  trades=2  first_trade=2025-09-29 01:49  winrate=0.450  n_markets_traded=184.000  herfindahl_index_markets=0.008
12:00:52 [super]   #2779  0x7b2c4ec0bfb3cf615b1d6659158560ae101ae00d  prob=0.0329 (raw=0.0059)  vol=$5  trades=2  first_trade=2026-02-08 21:30  winrate=0.407  n_markets_traded=27.000  herfindahl_index_markets=0.081
12:00:52 [super]   #2780  0xa52cacfd2296f38352d452d0e56cd4f1066ed61b  prob=0.0329 (raw=0.0059)  vol=$11  trades=3  first_trade=2026-02-08 23:42  winrate=0.091  n_markets_traded=11.000  herfindahl_index_markets=0.147
12:00:52 [super]   #2781  0xeae660578264ad1a78cec6a6269b3dc5796a919f  prob=0.0329 (raw=0.0059)  vol=$9  trades=2  first_trade=2026-02-08 21:37  winrate=0.077  n_markets_traded=13.000  herfindahl_index_markets=0.146
12:00:52 [super]   #2782  0x5874f18a2ca6558ac8671f491f3f99498fd36b11  prob=0.0329 (raw=0.0059)  vol=$2,323  trades=17  first_trade=2026-02-07 18:45  winrate=NaN  n_markets_traded=0.000  herfindahl_index_markets=0.000
12:00:52 [super]   #2783  0x265d18adc54f781aadde5e8850e1235a049da566  prob=0.0329 (raw=0.0059)  vol=$4  trades=4  first_trade=2026-01-19 00:36  winrate=0.333  n_markets_traded=105.000  herfindahl_index_markets=0.027
12:00:52 [super]   #2784  0x3f78b524afac24afa2e26b86082056f817f34ff4  prob=0.0329 (raw=0.0059)  vol=$5  trades=3  first_trade=2026-01-19 03:51  winrate=0.476  n_markets_traded=572.000  herfindahl_index_markets=0.005
12:00:52 [super]   #2785  0xe7f7e2d3d4d0e164239f3cc30a7928f4209de73b  prob=0.0329 (raw=0.0059)  vol=$1,159  trades=60  first_trade=2026-01-14 07:01  winrate=NaN  n_markets_traded=0.000  herfindahl_index_markets=0.000
12:00:52 [super]   #2786  0x9d3b3cb1791e86ab481f9ec8b3428bd13d35af39  prob=0.0329 (raw=0.0059)  vol=$4  trades=2  first_trade=2026-01-10 17:23  winrate=0.105  n_markets_traded=38.000  herfindahl_index_markets=0.066
12:00:52 [super]   #2787  0x72c4766991f4643b4ff4cd174c9bb106c69592cf  prob=0.0329 (raw=0.0058)  vol=$23  trades=2  first_trade=2026-02-08 23:32  winrate=0.385  n_markets_traded=148.000  herfindahl_index_markets=0.022
12:00:52 [super]   #2788  0xadaf57e52c32ec974bf0467de76116547b851dde  prob=0.0329 (raw=0.0058)  vol=$19  trades=2  first_trade=2026-02-08 19:54  winrate=0.433  n_markets_traded=178.000  herfindahl_index_markets=0.025
12:00:52 [super]   #2789  0x4a615e4be6b64d0fac3edd379f4b9eedeb2aa2e4  prob=0.0329 (raw=0.0058)  vol=$20  trades=2  first_trade=2026-02-08 17:56  winrate=0.456  n_markets_traded=113.000  herfindahl_index_markets=0.104
12:00:52 [super]   #2790  0xcd3b5979bffe80c6293f6f18ca04c37f80e8c3e2  prob=0.0329 (raw=0.0058)  vol=$813  trades=13  first_trade=2026-02-09 01:33  winrate=0.457  n_markets_traded=553.000  herfindahl_index_markets=0.012
12:00:52 [super]   #2791  0xb9a5ca2d68e14d763a2d41ebffca0af2af9eba13  prob=0.0329 (raw=0.0058)  vol=$24  trades=3  first_trade=2026-02-05 02:50  winrate=0.414  n_markets_traded=29.000  herfindahl_index_markets=0.112
12:00:52 [super]   #2792  0xdf17f4a8dd01a4cfa6fc3da323a2baee5f8697d1  prob=0.0329 (raw=0.0058)  vol=$83,405  trades=149  first_trade=2026-02-08 20:11  winrate=NaN  n_markets_traded=0.000  herfindahl_index_markets=0.000
12:00:52 [super]   #2793  0x83c56c56bc67c0b99b38abd1c0a3c1aca7a7e193  prob=0.0329 (raw=0.0058)  vol=$467  trades=28  first_trade=2026-02-08 09:08  winrate=NaN  n_markets_traded=0.000  herfindahl_index_markets=0.000
12:00:52 [super]   #2794  0xd1c769317bd15de7768a70d0214cf0bbcc531d2b  prob=0.0328 (raw=0.0058)  vol=$305,424  trades=130  first_trade=2026-02-10 18:30  winrate=NaN  n_markets_traded=0.000  herfindahl_index_markets=0.000
12:00:52 [super]   #2795  0xf2cc8a66c489f635c0a7cac5078019be14b68072  prob=0.0328 (raw=0.0058)  vol=$33  trades=6  first_trade=2026-02-08 17:27  winrate=0.443  n_markets_traded=70.000  herfindahl_index_markets=0.046
12:00:52 [super]   #2796  0x4c56ba3d0ac2c4caacb1dbd3bb1f650762b7269f  prob=0.0328 (raw=0.0058)  vol=$869  trades=11  first_trade=2026-02-08 18:58  winrate=0.317  n_markets_traded=101.000  herfindahl_index_markets=0.036
12:00:52 [super]   #2797  0xb8415ce9e03af2618cf6f6c549c26e8953613cfb  prob=0.0328 (raw=0.0058)  vol=$153  trades=3  first_trade=2026-02-09 03:38  winrate=NaN  n_markets_traded=0.000  herfindahl_index_markets=0.000
12:00:52 [super]   #2798  0xd25b8718f61fb64a754356ad8cf16b5579f59f3d  prob=0.0328 (raw=0.0058)  vol=$2,996  trades=7  first_trade=2026-02-09 14:14  winrate=NaN  n_markets_traded=0.000  herfindahl_index_markets=0.000
12:00:52 [super]   #2799  0xed0a57ebac789a7faeab3a328a16634ad836a6a3  prob=0.0328 (raw=0.0058)  vol=$432  trades=10  first_trade=2026-02-09 00:45  winrate=0.170  n_markets_traded=46.000  herfindahl_index_markets=0.144
12:00:52 [super]   #2800  0x1f7816ed567670e01e9b84d7f81a437ded2437b3  prob=0.0328 (raw=0.0058)  vol=$121  trades=3  first_trade=2025-09-29 02:04  winrate=0.441  n_markets_traded=53.000  herfindahl_index_markets=0.079
12:00:52 [super]   #2801  0x02cd89e8913df8996a119e8dbe1b1a5646977cc7  prob=0.0328 (raw=0.0058)  vol=$795  trades=108  first_trade=2026-02-09 22:50  winrate=0.217  n_markets_traded=60.000  herfindahl_index_markets=0.047
12:00:52 [super]   #2802  0x3fec2e1470cbdaba72b36e2de6f02a56249d2b67  prob=0.0328 (raw=0.0057)  vol=$6,099  trades=10  first_trade=2026-02-08 19:34  winrate=0.273  n_markets_traded=43.000  herfindahl_index_markets=0.084
12:00:52 [super]   #2803  0x1ca9021f033d7285f5c1914868e0997123b2fd39  prob=0.0328 (raw=0.0057)  vol=$46  trades=3  first_trade=2026-01-18 19:00  winrate=0.639  n_markets_traded=133.000  herfindahl_index_markets=0.022
12:00:52 [super]   #2804  0x314b172e72866b8eff9779f613ce5aaa7af8209b  prob=0.0328 (raw=0.0057)  vol=$22  trades=2  first_trade=2026-02-08 23:49  winrate=0.495  n_markets_traded=96.000  herfindahl_index_markets=0.021
12:00:52 [super]   #2805  0x096c980cb9d595d31ffcf965bbdb435471896dd1  prob=0.0328 (raw=0.0057)  vol=$16  trades=3  first_trade=2026-02-08 02:59  winrate=0.462  n_markets_traded=13.000  herfindahl_index_markets=0.146
12:00:52 [super]   #2806  0xc7269de0a3ad707119494e1bdf68e720efeac39a  prob=0.0328 (raw=0.0057)  vol=$250  trades=4  first_trade=2026-02-09 03:20  winrate=0.368  n_markets_traded=185.000  herfindahl_index_markets=0.020
12:00:52 [super]   #2807  0x4d022f236e5671ae89acee68507067ecea3abfec  prob=0.0328 (raw=0.0057)  vol=$340  trades=5  first_trade=2025-07-23 07:25  winrate=NaN  n_markets_traded=0.000  herfindahl_index_markets=0.000
12:00:52 [super]   #2808  0xed107a85a4585a381e48c7f7ca4144909e7dd2e5  prob=0.0328 (raw=0.0057)  vol=$153,066  trades=64  first_trade=2026-02-09 22:50  winrate=NaN  n_markets_traded=0.000  herfindahl_index_markets=0.000
12:00:52 [super]   #2809  0x052f4191cd324a348835a846d34df5b0061e53fb  prob=0.0328 (raw=0.0057)  vol=$73,883  trades=4  first_trade=2026-02-09 06:05  winrate=NaN  n_markets_traded=0.000  herfindahl_index_markets=0.000
12:00:52 [super]   #2810  0x9fa5ba5ef628d5a37fdea09a3a1128324d068f79  prob=0.0328 (raw=0.0056)  vol=$102  trades=2  first_trade=2026-02-08 21:21  winrate=0.282  n_markets_traded=178.000  herfindahl_index_markets=0.021
12:00:52 [super]   #2811  0x184137634ef81d84bfeed6b7c134d1defcb8c63d  prob=0.0328 (raw=0.0056)  vol=$130  trades=2  first_trade=2026-02-09 01:30  winrate=0.341  n_markets_traded=88.000  herfindahl_index_markets=0.021
12:00:52 [super]   #2812  0xcbb832475f5a80be87e8dc4391e6345c58ea7624  prob=0.0328 (raw=0.0056)  vol=$38  trades=4  first_trade=2026-02-08 22:57  winrate=0.162  n_markets_traded=37.000  herfindahl_index_markets=0.052
12:00:52 [super]   #2813  0x44a1159b925c145e70f746bb3f0f58380553bd21  prob=0.0328 (raw=0.0056)  vol=$997  trades=1  first_trade=2026-02-09 12:10  winrate=NaN  n_markets_traded=0.000  herfindahl_index_markets=0.000
12:00:52 [super]   #2814  0x6976f0286d0d08df873c10b90d0c4715ba133185  prob=0.0328 (raw=0.0056)  vol=$2,627  trades=36  first_trade=2026-02-08 06:22  winrate=NaN  n_markets_traded=0.000  herfindahl_index_markets=0.000
12:00:52 [super]   #2815  0x2d99e29c4f066ba32098c65e4c7454b277d94ca3  prob=0.0328 (raw=0.0056)  vol=$111,741  trades=34  first_trade=2026-02-09 08:03  winrate=NaN  n_markets_traded=0.000  herfindahl_index_markets=0.000
12:00:52 [super]   #2816  0x5636469c9b402d4ea4ab40757ecae51ce95ae44c  prob=0.0328 (raw=0.0056)  vol=$3  trades=4  first_trade=2025-12-05 18:27  winrate=0.196  n_markets_traded=56.000  herfindahl_index_markets=0.034
12:00:52 [super]   #2817  0x7e73b5983fd1bf5016a2e404ecdac5c86294b782  prob=0.0328 (raw=0.0055)  vol=$131  trades=9  first_trade=2026-02-09 01:22  winrate=0.270  n_markets_traded=37.000  herfindahl_index_markets=0.078
12:00:52 [super]   #2818  0x7a6192ea6815d3177e978dd3f8c38be5f575af24  prob=0.0328 (raw=0.0055)  vol=$52  trades=1  first_trade=2026-01-18 23:09  winrate=0.266  n_markets_traded=541.000  herfindahl_index_markets=0.010
12:00:52 [super]   #2819  0x6bcc22657cb3ffbcc3fe5bd018f037057f35f8b2  prob=0.0328 (raw=0.0055)  vol=$109  trades=2  first_trade=2026-02-08 19:00  winrate=0.357  n_markets_traded=408.000  herfindahl_index_markets=0.011
12:00:52 [super]   #2820  0x001a420c03d63270599856921e973b8b8cb43d3e  prob=0.0328 (raw=0.0055)  vol=$102  trades=13  first_trade=2026-02-04 22:37  winrate=0.333  n_markets_traded=24.000  herfindahl_index_markets=0.053
12:00:52 [super]   #2821  0x7b43c58837a668307c53bf66b4be154e271131ce  prob=0.0328 (raw=0.0055)  vol=$600  trades=4  first_trade=2026-02-09 17:17  winrate=NaN  n_markets_traded=0.000  herfindahl_index_markets=0.000
12:00:52 [super]   #2822  0x95923e6dfa4e685361ffb0ead28657d3fa1aa85b  prob=0.0328 (raw=0.0054)  vol=$931  trades=8  first_trade=2026-02-09 00:11  winrate=NaN  n_markets_traded=0.000  herfindahl_index_markets=0.000
12:00:52 [super]   #2823  0x7e54e4141d9ceb28a6ce00d14bd1a41fd6a08347  prob=0.0328 (raw=0.0054)  vol=$53  trades=18  first_trade=2026-02-06 21:29  winrate=NaN  n_markets_traded=0.000  herfindahl_index_markets=0.000
12:00:52 [super]   #2824  0x5b909b5e66d3953e3c03f45cde716db4e7a93991  prob=0.0328 (raw=0.0054)  vol=$30  trades=2  first_trade=2026-02-09 05:25  winrate=NaN  n_markets_traded=0.000  herfindahl_index_markets=0.000
12:00:52 [super]   #2825  0x73972affc16667672530a63ea6451def29281968  prob=0.0328 (raw=0.0054)  vol=$61  trades=14  first_trade=2026-02-09 02:21  winrate=NaN  n_markets_traded=0.000  herfindahl_index_markets=0.000
12:00:52 [super]   #2826  0x5e57caa7a66307bdefcccbb1e8580e5acdd24842  prob=0.0328 (raw=0.0054)  vol=$16  trades=2  first_trade=2026-01-10 15:48  winrate=0.163  n_markets_traded=48.000  herfindahl_index_markets=0.037
12:00:52 [super]   #2827  0xa45cdb0a5ba4629b5c7860dc3f310978a4dd1d10  prob=0.0328 (raw=0.0054)  vol=$34  trades=3  first_trade=2026-02-07 18:44  winrate=NaN  n_markets_traded=0.000  herfindahl_index_markets=0.000
12:00:52 [super]   #2828  0xd0c25fcb46bc6eddd06d91ec97f7e805bbdf8915  prob=0.0328 (raw=0.0054)  vol=$409  trades=5  first_trade=2026-02-07 22:27  winrate=0.216  n_markets_traded=37.000  herfindahl_index_markets=0.136
12:00:52 [super]   #2829  0x9e8077593bf0a6fd63f988dcf589f7558897f694  prob=0.0328 (raw=0.0054)  vol=$31,952  trades=3  first_trade=2026-02-09 10:44  winrate=NaN  n_markets_traded=0.000  herfindahl_index_markets=0.000
12:00:52 [super]   #2830  0xfa323e40632edca701abc6c8cf1f82175909bd9a  prob=0.0328 (raw=0.0054)  vol=$3,744  trades=3  first_trade=2026-02-09 01:04  winrate=NaN  n_markets_traded=0.000  herfindahl_index_markets=0.000
12:00:52 [super]   #2831  0x1d8c16d27e31bb6be74f93d65d444b7f16cc6250  prob=0.0328 (raw=0.0053)  vol=$8  trades=2  first_trade=2026-02-06 09:08  winrate=0.270  n_markets_traded=36.000  herfindahl_index_markets=0.045
12:00:52 [super]   #2832  0x974bef5e92a21efb058c99825dc42efeff16d4ec  prob=0.0328 (raw=0.0053)  vol=$17  trades=2  first_trade=2026-02-07 00:10  winrate=0.221  n_markets_traded=68.000  herfindahl_index_markets=0.035
12:00:52 [super]   #2833  0x2a448f83930efc3f839e8281b4dfc681666ae4e8  prob=0.0328 (raw=0.0053)  vol=$3  trades=2  first_trade=2026-02-08 07:06  winrate=0.194  n_markets_traded=129.000  herfindahl_index_markets=0.037
12:00:52 [super]   #2834  0x8fc18d63e7297f48a94fda77d593b09be870db0c  prob=0.0328 (raw=0.0053)  vol=$37  trades=6  first_trade=2026-01-10 19:31  winrate=0.300  n_markets_traded=30.000  herfindahl_index_markets=0.073
12:00:52 [super]   #2835  0x6991bad380b31374348f1f042ac9396db7b27053  prob=0.0328 (raw=0.0053)  vol=$6  trades=2  first_trade=2026-01-10 20:41  winrate=0.265  n_markets_traded=34.000  herfindahl_index_markets=0.041
12:00:52 [super]   #2836  0x9c76c89f1702134866e96df760f1ca17e01483ab  prob=0.0328 (raw=0.0053)  vol=$16  trades=3  first_trade=2025-09-29 15:08  winrate=0.345  n_markets_traded=29.000  herfindahl_index_markets=0.065
12:00:52 [super]   #2837  0xb3761c3a22937c7009df993bf5e56d88f631382a  prob=0.0328 (raw=0.0053)  vol=$15  trades=3  first_trade=2025-09-29 06:30  winrate=0.265  n_markets_traded=49.000  herfindahl_index_markets=0.131
12:00:52 [super]   #2838  0xd17a16b1c6273f72f0487db3213e28814f668eaa  prob=0.0328 (raw=0.0053)  vol=$9  trades=2  first_trade=2026-02-09 02:08  winrate=0.150  n_markets_traded=976.000  herfindahl_index_markets=0.008
12:00:52 [super]   #2839  0x02fc81db41ced07d14c270f9174f3823c208ddc6  prob=0.0328 (raw=0.0053)  vol=$12  trades=6  first_trade=2025-09-29 02:16  winrate=NaN  n_markets_traded=0.000  herfindahl_index_markets=0.000
12:00:52 [super]   #2840  0x55de84fac5103f841eac7b2b9b101be5b9052850  prob=0.0328 (raw=0.0053)  vol=$30  trades=4  first_trade=2026-02-08 23:13  winrate=0.210  n_markets_traded=62.000  herfindahl_index_markets=0.033
12:00:52 [super]   #2841  0x77446aafb04a685d9e7d33a773712a56fe7023f2  prob=0.0328 (raw=0.0053)  vol=$21  trades=6  first_trade=2026-02-08 06:22  winrate=NaN  n_markets_traded=0.000  herfindahl_index_markets=0.000
12:00:52 [super]   #2842  0x1b77287407fadb7be5ad66b7adf946c690cb9e55  prob=0.0328 (raw=0.0053)  vol=$7  trades=2  first_trade=2026-01-10 15:01  winrate=0.226  n_markets_traded=53.000  herfindahl_index_markets=0.035
12:00:52 [super]   #2843  0x00a1c15a04a460aea5c1e50d5e14b2f7c3799ebc  prob=0.0328 (raw=0.0053)  vol=$4  trades=2  first_trade=2026-01-10 15:16  winrate=0.262  n_markets_traded=42.000  herfindahl_index_markets=0.044
12:00:52 [super]   #2844  0xd5fd2ac40ba76e399b5becc3816c51a7d902b5a8  prob=0.0328 (raw=0.0053)  vol=$5  trades=2  first_trade=2026-01-10 20:41  winrate=0.222  n_markets_traded=54.000  herfindahl_index_markets=0.061
12:00:52 [super]   #2845  0xd00ce3696c2ea19b4bfa37537a5888237f707291  prob=0.0328 (raw=0.0053)  vol=$5  trades=2  first_trade=2026-01-10 14:52  winrate=0.267  n_markets_traded=45.000  herfindahl_index_markets=0.043
12:00:52 [super]   #2846  0xabafef0ebba4f4a00fa93e21b7214cfda234a82c  prob=0.0328 (raw=0.0053)  vol=$6  trades=2  first_trade=2026-01-10 20:36  winrate=0.250  n_markets_traded=40.000  herfindahl_index_markets=0.090
12:00:52 [super]   #2847  0x765f7caf39538ff1600cf750f8f4ae23331aa3d8  prob=0.0328 (raw=0.0053)  vol=$3  trades=2  first_trade=2026-01-10 15:31  winrate=0.192  n_markets_traded=52.000  herfindahl_index_markets=0.037
12:00:52 [super]   #2848  0x6ff1f483142d0fe592ddc447fe80db3728414101  prob=0.0328 (raw=0.0053)  vol=$7  trades=2  first_trade=2026-01-10 13:11  winrate=0.250  n_markets_traded=51.000  herfindahl_index_markets=0.035
12:00:52 [super]   #2849  0x7788f4d83fdadff7e397688ce4bffa9859e5ba41  prob=0.0328 (raw=0.0053)  vol=$10  trades=2  first_trade=2026-01-10 20:24  winrate=0.191  n_markets_traded=47.000  herfindahl_index_markets=0.051
12:00:52 [super]   #2850  0x03db797dadcc3e34ac035a71f8bd930b5edfd862  prob=0.0328 (raw=0.0053)  vol=$10  trades=2  first_trade=2026-01-10 14:45  winrate=0.220  n_markets_traded=50.000  herfindahl_index_markets=0.035
12:00:52 [super]   #2851  0xb1f354434d5c05fcfbc97d4848950c10184efe07  prob=0.0328 (raw=0.0053)  vol=$2  trades=2  first_trade=2026-01-10 18:00  winrate=0.325  n_markets_traded=40.000  herfindahl_index_markets=0.043
12:00:52 [super]   #2852  0x1941d69c864768f01d59464582e8df8ce91a45b9  prob=0.0328 (raw=0.0053)  vol=$10  trades=2  first_trade=2026-01-10 14:26  winrate=0.283  n_markets_traded=53.000  herfindahl_index_markets=0.033
12:00:52 [super]   #2853  0xffc1455436e13a6a5c8c9eb2aa2c8be8a5b39a12  prob=0.0328 (raw=0.0053)  vol=$494  trades=4  first_trade=2026-02-09 01:50  winrate=0.350  n_markets_traded=215.000  herfindahl_index_markets=0.049
12:00:52 [super]   #2854  0xac8c9660e12ec9a710b4c5a558b638c8c2ce415c  prob=0.0328 (raw=0.0053)  vol=$44  trades=12  first_trade=2026-01-11 20:07  winrate=0.384  n_markets_traded=262.000  herfindahl_index_markets=0.018
12:00:52 [super]   #2855  0x63bf159cea68e4cdb63a66140a249d19cf8ee319  prob=0.0328 (raw=0.0053)  vol=$2,289  trades=5  first_trade=2026-02-08 04:33  winrate=0.343  n_markets_traded=168.000  herfindahl_index_markets=0.020
12:00:52 [super]   #2856  0x733d3dbeafe1b9017082223b41f8d72ac82d1ae7  prob=0.0328 (raw=0.0053)  vol=$11,262  trades=95  first_trade=2026-02-08 19:40  winrate=NaN  n_markets_traded=0.000  herfindahl_index_markets=0.000
12:00:52 [super]   #2857  0xce6d7b5b42bf5eed4fc41870fa5f0816e18628b5  prob=0.0328 (raw=0.0053)  vol=$1,215  trades=10  first_trade=2026-02-08 01:34  winrate=NaN  n_markets_traded=0.000  herfindahl_index_markets=0.000
12:00:52 [super]   #2858  0x9690d9f51b618222c29567c3b39aac2935a5f2d5  prob=0.0328 (raw=0.0053)  vol=$1,846  trades=22  first_trade=2026-02-08 20:37  winrate=NaN  n_markets_traded=0.000  herfindahl_index_markets=0.000
12:00:52 [super]   #2859  0x2cf495e20ffee1289281b33f76262f081c83f56a  prob=0.0328 (raw=0.0052)  vol=$100  trades=6  first_trade=2026-02-09 01:24  winrate=0.235  n_markets_traded=51.000  herfindahl_index_markets=0.094
12:00:52 [super]   #2860  0xd18ddef60c4555e247d398c49ec04f65dad8fc51  prob=0.0328 (raw=0.0052)  vol=$1,105  trades=25  first_trade=2026-02-07 10:28  winrate=NaN  n_markets_traded=0.000  herfindahl_index_markets=0.000
12:00:52 [super]   #2861  0xefc9eee85df4347def52da9fdfbfe04b7232b337  prob=0.0328 (raw=0.0052)  vol=$119  trades=5  first_trade=2026-01-28 14:32  winrate=NaN  n_markets_traded=0.000  herfindahl_index_markets=0.000
12:00:52 [super]   #2862  0x00be7c4fffec45583a9e08f351480e6457f65aca  prob=0.0328 (raw=0.0052)  vol=$342  trades=6  first_trade=2026-02-08 16:51  winrate=NaN  n_markets_traded=0.000  herfindahl_index_markets=0.000
12:00:52 [super]   #2863  0xd34bf815245d5bcea098cb0ea17df360b5c50004  prob=0.0328 (raw=0.0052)  vol=$1,156  trades=16  first_trade=2026-02-07 06:29  winrate=NaN  n_markets_traded=0.000  herfindahl_index_markets=0.000
12:00:52 [super]   #2864  0x23cc4d606d11eefaccb6609195322e1885284f5a  prob=0.0328 (raw=0.0052)  vol=$202  trades=6  first_trade=2026-02-09 00:12  winrate=NaN  n_markets_traded=0.000  herfindahl_index_markets=0.000
12:00:52 [super]   #2865  0x64e42559ac96c79641a0fa1941f5863ba2edd6e6  prob=0.0328 (raw=0.0052)  vol=$34  trades=4  first_trade=2026-01-10 19:31  winrate=0.233  n_markets_traded=30.000  herfindahl_index_markets=0.072
12:00:52 [super]   #2866  0x0453c049ac2da7b057184baa216841a4ac5a30d0  prob=0.0328 (raw=0.0052)  vol=$17  trades=4  first_trade=2026-01-10 14:13  winrate=0.312  n_markets_traded=16.000  herfindahl_index_markets=0.131
12:00:52 [super]   #2867  0xacf2a237baeb1eca1a593269781edcfda3b8f1cf  prob=0.0328 (raw=0.0052)  vol=$9  trades=2  first_trade=2026-01-10 20:30  winrate=0.200  n_markets_traded=15.000  herfindahl_index_markets=0.129
12:00:52 [super]   #2868  0x80338845e0d15df976543f2d4a8c83ba8b4bc774  prob=0.0328 (raw=0.0052)  vol=$9  trades=2  first_trade=2026-02-08 22:00  winrate=0.275  n_markets_traded=91.000  herfindahl_index_markets=0.063
12:00:52 [super]   #2869  0xabbdf03dca8da04ce2555d6807e02b746609322e  prob=0.0328 (raw=0.0052)  vol=$4  trades=2  first_trade=2026-01-18 10:45  winrate=0.289  n_markets_traded=497.000  herfindahl_index_markets=0.010
12:00:52 [super]   #2870  0xb513e6536c84f8ca9e33658f78850cd9cfccb9a6  prob=0.0328 (raw=0.0052)  vol=$10  trades=2  first_trade=2026-02-08 15:51  winrate=0.194  n_markets_traded=36.000  herfindahl_index_markets=0.117
12:00:52 [super]   #2871  0x715a751bd4519c6042097198cc9916e63485027f  prob=0.0328 (raw=0.0052)  vol=$12  trades=2  first_trade=2026-01-10 19:55  winrate=0.231  n_markets_traded=13.000  herfindahl_index_markets=0.149
12:00:52 [super]   #2872  0x7740253843b20007a4c99c3766878351002acbcd  prob=0.0328 (raw=0.0051)  vol=$239  trades=6  first_trade=2026-02-09 01:37  winrate=NaN  n_markets_traded=0.000  herfindahl_index_markets=0.000
12:00:52 [super]   #2873  0x6291edb6079eb78d52814340fdf748a2d279cc47  prob=0.0328 (raw=0.0051)  vol=$278  trades=5  first_trade=2026-02-04 23:51  winrate=NaN  n_markets_traded=0.000  herfindahl_index_markets=0.000
12:00:52 [super]   #2874  0x89e0552b897baa5486a45ff257a39858a79a9412  prob=0.0328 (raw=0.0051)  vol=$64  trades=2  first_trade=2026-02-09 00:23  winrate=NaN  n_markets_traded=0.000  herfindahl_index_markets=0.000
12:00:52 [super]   #2875  0x309d5e163f366bdd2cebc1566297f998abdb4287  prob=0.0328 (raw=0.0051)  vol=$754  trades=4  first_trade=2026-02-09 00:58  winrate=NaN  n_markets_traded=0.000  herfindahl_index_markets=0.000
12:00:52 [super]   #2876  0x9d2a99467610d8773f07db758ef8ad36ad649ee3  prob=0.0328 (raw=0.0051)  vol=$35  trades=4  first_trade=2026-02-08 13:36  winrate=NaN  n_markets_traded=0.000  herfindahl_index_markets=0.000
12:00:52 [super]   #2877  0x15e513f95fea8775f80adf4fc847d9e2c6919749  prob=0.0328 (raw=0.0051)  vol=$3,560  trades=4  first_trade=2026-02-11 23:35  winrate=0.286  n_markets_traded=98.000  herfindahl_index_markets=0.034
12:00:52 [super]   #2878  0x4526964246242015bfa78c294033565be6797a45  prob=0.0328 (raw=0.0051)  vol=$10,552  trades=66  first_trade=2026-02-07 15:34  winrate=NaN  n_markets_traded=0.000  herfindahl_index_markets=0.000
12:00:52 [super]   #2879  0xb6dd8a264ee0b57e11ea6839cb8f53bfeb597af9  prob=0.0328 (raw=0.0051)  vol=$7  trades=2  first_trade=2026-02-06 18:25  winrate=NaN  n_markets_traded=0.000  herfindahl_index_markets=0.000
12:00:52 [super]   #2880  0x3e04fbc51adb75418129f6ce2091ae633070564d  prob=0.0328 (raw=0.0051)  vol=$2,175  trades=15  first_trade=2026-02-08 22:51  winrate=NaN  n_markets_traded=0.000  herfindahl_index_markets=0.000
12:00:52 [super]   #2881  0x6df6e2a9ba1e8d7609daada0a83138817f4a8458  prob=0.0328 (raw=0.0051)  vol=$216  trades=4  first_trade=2026-01-19 14:09  winrate=NaN  n_markets_traded=0.000  herfindahl_index_markets=0.000
12:00:52 [super]   #2882  0x6b3a549080f043f5ac2433a30e5ce154c7782841  prob=0.0328 (raw=0.0051)  vol=$44  trades=1  first_trade=2026-02-08 00:33  winrate=NaN  n_markets_traded=0.000  herfindahl_index_markets=0.000
12:00:52 [super]   #2883  0xb45d9c6dc1ed17b1da83a7eb4d638710b371a406  prob=0.0328 (raw=0.0051)  vol=$50  trades=2  first_trade=2025-09-29 01:56  winrate=NaN  n_markets_traded=0.000  herfindahl_index_markets=0.000
12:00:52 [super]   #2884  0x98b49770e473c52ce1abddd4542ac6916f1b5d76  prob=0.0327 (raw=0.0050)  vol=$15  trades=4  first_trade=2026-02-08 23:11  winrate=NaN  n_markets_traded=0.000  herfindahl_index_markets=0.000
12:00:52 [super]   #2885  0x04dcbd9b805b220a9b2d27e4d9e649ed07902387  prob=0.0327 (raw=0.0050)  vol=$772  trades=25  first_trade=2026-01-26 23:54  winrate=NaN  n_markets_traded=0.000  herfindahl_index_markets=0.000
12:00:52 [super]   #2886  0x6d38455a087bea0df07ef7f24e76c38af66e2104  prob=0.0327 (raw=0.0050)  vol=$335  trades=4  first_trade=2026-02-08 20:03  winrate=0.271  n_markets_traded=139.000  herfindahl_index_markets=0.022
12:00:52 [super]   #2887  0xd6c48e3071013f32381f1bc9bbe759e4ad990799  prob=0.0327 (raw=0.0050)  vol=$36  trades=6  first_trade=2025-09-30 01:11  winrate=NaN  n_markets_traded=0.000  herfindahl_index_markets=0.000
12:00:52 [super]   #2888  0xf8412c6c4c3967104af6f6a999c07f37ad1bb2eb  prob=0.0327 (raw=0.0050)  vol=$289  trades=4  first_trade=2026-02-08 15:48  winrate=NaN  n_markets_traded=0.000  herfindahl_index_markets=0.000
12:00:52 [super]   #2889  0x53d5ba04d1ddaa7c9eb14d6e4b3896b15acbd88c  prob=0.0327 (raw=0.0050)  vol=$19  trades=6  first_trade=2026-01-20 16:54  winrate=NaN  n_markets_traded=0.000  herfindahl_index_markets=0.000
12:00:52 [super]   #2890  0xd3100381178e672b2c7d7e76ab8ed770561b80e3  prob=0.0327 (raw=0.0049)  vol=$3  trades=2  first_trade=2026-01-24 09:05  winrate=NaN  n_markets_traded=0.000  herfindahl_index_markets=0.000
12:00:52 [super]   #2891  0xc8e0096c0a319b82dc2b71291ca6cdbb72f3bfc7  prob=0.0327 (raw=0.0049)  vol=$2  trades=2  first_trade=2026-02-08 18:08  winrate=NaN  n_markets_traded=0.000  herfindahl_index_markets=0.000
12:00:52 [super]   #2892  0xb2d19f5799f3ea50db518943e6fe514ccc338d9d  prob=0.0327 (raw=0.0049)  vol=$42  trades=8  first_trade=2026-01-18 19:57  winrate=0.286  n_markets_traded=14.000  herfindahl_index_markets=0.142
12:00:52 [super]   #2893  0x6828e04b468e17d92fa1e5d60d59290278a81056  prob=0.0327 (raw=0.0049)  vol=$36  trades=7  first_trade=2026-01-25 12:09  winrate=NaN  n_markets_traded=0.000  herfindahl_index_markets=0.000
12:00:52 [super]   #2894  0x696a0f103aab2daa93f0c7124bdfbbf19851e23a  prob=0.0327 (raw=0.0048)  vol=$2,959  trades=7  first_trade=2026-02-09 04:16  winrate=NaN  n_markets_traded=0.000  herfindahl_index_markets=0.000
12:00:52 [super]   #2895  0x83741e1105434080431b598ed6b4e90d8bd99149  prob=0.0327 (raw=0.0048)  vol=$347  trades=8  first_trade=2026-01-29 19:56  winrate=NaN  n_markets_traded=0.000  herfindahl_index_markets=0.000
12:00:52 [super]   #2896  0x8c6dd9c86a9b58f45c8179a3485c6f8f54a0e40a  prob=0.0327 (raw=0.0047)  vol=$27  trades=5  first_trade=2026-02-08 23:32  winrate=NaN  n_markets_traded=0.000  herfindahl_index_markets=0.000
12:00:52 [super]   #2897  0x3f3bfc6d754e416699793901ffb12ddeee9f1d77  prob=0.0327 (raw=0.0044)  vol=$950  trades=9  first_trade=2026-01-09 18:11  winrate=NaN  n_markets_traded=0.000  herfindahl_index_markets=0.000
12:00:52 [super] ============================================================
12:00:52 [super] FLAGGED 0x6caa2c412b161d8858945a1d6dab4528618f5917  prob=0.693 (raw=0.986)  vol=$1,076  trades=24  first_trade=2026-02-07 02:11  winrate=0.000  n_markets_traded=1.000  herfindahl_index_markets=1.000
12:00:52 [super] FLAGGED 0xfd77eb035c313edd0bcf47fc5eeb2a2af10b218d  prob=0.691 (raw=0.985)  vol=$43  trades=3  first_trade=2026-02-05 14:49  winrate=0.000  n_markets_traded=4.000  herfindahl_index_markets=0.633
12:00:52 [super] FLAGGED 0x71645196d4a4856ebfd8e57d5582c209a6f8827f  prob=0.686 (raw=0.980)  vol=$8,296  trades=45  first_trade=2026-02-08 19:07  winrate=0.000  n_markets_traded=1.000  herfindahl_index_markets=1.000
12:00:52 [super] FLAGGED 0x50e0da9de3318a5f81fb543d00d887d259580cf1  prob=0.686 (raw=0.979)  vol=$771  trades=5  first_trade=2026-02-08 21:25  winrate=0.000  n_markets_traded=1.000  herfindahl_index_markets=1.000
12:00:52 [super] FLAGGED 0x40d9ac81a425f14d2c490c41ac8969c0cbcfd472  prob=0.668 (raw=0.960)  vol=$28,375  trades=34  first_trade=2026-02-06 20:49  winrate=0.000  n_markets_traded=2.000  herfindahl_index_markets=0.601
12:00:52 [super] FLAGGED 0x8785662663372eab8d76ae9d850e5c09adca8cc1  prob=0.654 (raw=0.946)  vol=$10,459  trades=22  first_trade=2026-02-09 00:57  winrate=0.000  n_markets_traded=1.000  herfindahl_index_markets=1.000
12:00:52 [super] FLAGGED 0x9cdfff709223541ed92059bd32357f0a6ab04983  prob=0.653 (raw=0.944)  vol=$2,780  trades=11  first_trade=2026-02-09 01:40  winrate=0.000  n_markets_traded=2.000  herfindahl_index_markets=0.893
12:00:52 [super] FLAGGED 0x678632e6ff02947d67da69a348a77fc8494e0178  prob=0.650 (raw=0.941)  vol=$3,055  trades=12  first_trade=2026-02-08 17:31  winrate=0.000  n_markets_traded=1.000  herfindahl_index_markets=1.000
12:00:52 [super] FLAGGED 0xc84ea31de4f974f4819c00d75f6d25b4ce5492fe  prob=0.645 (raw=0.936)  vol=$7,320  trades=7  first_trade=2026-02-08 23:15  winrate=0.000  n_markets_traded=2.000  herfindahl_index_markets=0.514
12:00:52 [super] FLAGGED 0x38eec01ca767f41c0146d542fb96eba44e2c2ecd  prob=0.638 (raw=0.929)  vol=$96  trades=3  first_trade=2026-02-08 18:17  winrate=0.000  n_markets_traded=2.000  herfindahl_index_markets=0.500
12:00:52 [super] FLAGGED 0x0a9b9d7e6e5f08de2f81a81ffc9cea52098db6ec  prob=0.634 (raw=0.925)  vol=$106  trades=2  first_trade=2026-02-08 22:14  winrate=0.000  n_markets_traded=1.000  herfindahl_index_markets=1.000
12:00:52 [super] FLAGGED 0xd869110ab4e2a151ff5f461e0af789828e107a08  prob=0.633 (raw=0.924)  vol=$60  trades=2  first_trade=2026-02-08 22:10  winrate=0.000  n_markets_traded=5.000  herfindahl_index_markets=0.249
12:00:52 [super] FLAGGED 0xb40af32786a4cac89d88e1d1e0016045d271769a  prob=0.631 (raw=0.922)  vol=$103  trades=4  first_trade=2026-02-08 22:19  winrate=0.000  n_markets_traded=3.000  herfindahl_index_markets=0.333
12:00:52 [super] FLAGGED 0xee9f913de1cb412c3eaa7f3b77569cd48479a97a  prob=0.627 (raw=0.918)  vol=$90  trades=5  first_trade=2026-02-08 18:12  winrate=0.000  n_markets_traded=1.000  herfindahl_index_markets=1.000
12:00:52 [super] FLAGGED 0x8630613266618044c1d384d21c4a4460e7587583  prob=0.626 (raw=0.917)  vol=$30  trades=2  first_trade=2026-02-09 00:03  winrate=0.000  n_markets_traded=2.000  herfindahl_index_markets=0.645
12:00:52 [super] FLAGGED 0x50e1a88674d33bcf5a5ac3ff777753b0e0655a6f  prob=0.624 (raw=0.915)  vol=$21  trades=4  first_trade=2026-02-09 01:07  winrate=0.000  n_markets_traded=4.000  herfindahl_index_markets=0.567
12:00:52 [super] FLAGGED 0xf1ab528999edf0867bf3a5ab34328f26d1cc0e00  prob=0.623 (raw=0.914)  vol=$172  trades=8  first_trade=2026-02-09 00:44  winrate=0.000  n_markets_traded=2.000  herfindahl_index_markets=0.592
12:00:52 [super] FLAGGED 0xcaf14edb835d846038ff0c7779f325b1186b3a54  prob=0.620 (raw=0.911)  vol=$51  trades=3  first_trade=2026-02-08 13:21  winrate=0.000  n_markets_traded=1.000  herfindahl_index_markets=1.000
12:00:52 [super] FLAGGED 0xd01959ee1f18e04e54c8c06dcf9abf51c3e692dd  prob=0.614 (raw=0.906)  vol=$13,340  trades=30  first_trade=2026-02-08 23:53  winrate=0.000  n_markets_traded=1.000  herfindahl_index_markets=1.000
12:00:52 [super] FLAGGED 0x76a8cccf2b1cb09ab805f245f1c0efdae3ea0c2c  prob=0.606 (raw=0.897)  vol=$44  trades=2  first_trade=2026-02-09 00:10  winrate=0.000  n_markets_traded=1.000  herfindahl_index_markets=1.000
12:00:52 [super] FLAGGED 0xe8b841513bb04ee5b259f6122a0f5b430ef76762  prob=0.605 (raw=0.896)  vol=$4  trades=4  first_trade=2026-02-07 20:10  winrate=0.000  n_markets_traded=1.000  herfindahl_index_markets=1.000
12:00:52 [super] FLAGGED 0xd742d75ed32a9fb0d4df59d2eb6a592356561406  prob=0.600 (raw=0.892)  vol=$72  trades=5  first_trade=2026-02-08 22:10  winrate=0.000  n_markets_traded=5.000  herfindahl_index_markets=0.314
12:00:52 [super] FLAGGED 0x9a0dfb8acf3537b2d329055085b191419ba5a52c  prob=0.600 (raw=0.891)  vol=$2  trades=2  first_trade=2026-02-09 01:04  winrate=0.000  n_markets_traded=5.000  herfindahl_index_markets=0.310
12:00:52 [super] FLAGGED 0xa45e19943a6c47fd9c13dea7686a1bd96a226636  prob=0.596 (raw=0.888)  vol=$40  trades=3  first_trade=2026-02-08 22:28  winrate=0.000  n_markets_traded=2.000  herfindahl_index_markets=0.500
12:00:52 [super] FLAGGED 0xa2386f56c03343ca9d32dd574155d8b711ba88d1  prob=0.592 (raw=0.884)  vol=$7  trades=4  first_trade=2026-02-07 04:36  winrate=0.000  n_markets_traded=2.000  herfindahl_index_markets=0.611
12:00:52 [super] FLAGGED 0xa40ad1792324adb79df97363060fd38eff59fa7d  prob=0.590 (raw=0.882)  vol=$29  trades=4  first_trade=2026-02-09 00:08  winrate=0.000  n_markets_traded=2.000  herfindahl_index_markets=0.500
12:00:52 [super] FLAGGED 0x83ffe5c6a7e67ac5cea1cfa70450273a35ea6df1  prob=0.590 (raw=0.882)  vol=$4  trades=2  first_trade=2026-02-09 00:39  winrate=0.000  n_markets_traded=2.000  herfindahl_index_markets=0.500
12:00:52 [super] FLAGGED 0x7f2c5f3918f6218086fc91f4209ae3ae5e216d33  prob=0.586 (raw=0.878)  vol=$31  trades=3  first_trade=2026-02-07 19:46  winrate=0.000  n_markets_traded=2.000  herfindahl_index_markets=0.537
12:00:52 [super] FLAGGED 0x34bf4c10fb0abf775a3e3401bdc6dba490b5c4c6  prob=0.586 (raw=0.878)  vol=$19,826  trades=43  first_trade=2026-02-09 00:48  winrate=0.000  n_markets_traded=1.000  herfindahl_index_markets=1.000
12:00:52 [super] FLAGGED 0x4f1384f278a48e9889d5d7ab55a74e39bf873dce  prob=0.585 (raw=0.876)  vol=$15  trades=3  first_trade=2026-02-09 01:46  winrate=0.000  n_markets_traded=2.000  herfindahl_index_markets=0.898
12:00:52 [super] FLAGGED 0x05f19cc7f74f0b4337abca4f39ebd74a35bd273b  prob=0.583 (raw=0.875)  vol=$5  trades=2  first_trade=2026-02-08 13:09  winrate=0.000  n_markets_traded=1.000  herfindahl_index_markets=1.000
12:00:52 [super] FLAGGED 0x51885924df66f24b3e37026277ee1eea9ac623be  prob=0.582 (raw=0.874)  vol=$6  trades=2  first_trade=2026-02-08 09:54  winrate=0.000  n_markets_traded=2.000  herfindahl_index_markets=0.592
12:00:52 [super] FLAGGED 0xc6bbe927b342f73e60cdb1a0309d6979fc076ad8  prob=0.581 (raw=0.873)  vol=$10  trades=2  first_trade=2026-02-08 22:46  winrate=0.000  n_markets_traded=2.000  herfindahl_index_markets=0.556
12:00:52 [super] FLAGGED 0xc0d00ad2d37100c5ba4f8e4deeb3ef104bfccfff  prob=0.581 (raw=0.873)  vol=$5  trades=2  first_trade=2026-02-08 22:35  winrate=0.000  n_markets_traded=1.000  herfindahl_index_markets=1.000
12:00:52 [super] FLAGGED 0x785f6be623ab5df08a27412fdd6712fd4961d279  prob=0.580 (raw=0.872)  vol=$11  trades=2  first_trade=2026-02-08 21:08  winrate=0.000  n_markets_traded=1.000  herfindahl_index_markets=1.000
12:00:52 [super] FLAGGED 0x306bf260df251152f8af78e0f1990d78f21bb166  prob=0.577 (raw=0.869)  vol=$4  trades=2  first_trade=2026-02-08 19:23  winrate=0.000  n_markets_traded=1.000  herfindahl_index_markets=1.000
12:00:52 [super] FLAGGED 0x0a2414ee1e23638b8e13beb1683a19af5548bdc5  prob=0.576 (raw=0.868)  vol=$30  trades=2  first_trade=2026-02-08 20:30  winrate=0.000  n_markets_traded=2.000  herfindahl_index_markets=0.708
12:00:52 [super] FLAGGED 0x755d070b6ae49cbd25fce18d0e5b80cd98c437e7  prob=0.576 (raw=0.868)  vol=$18,726  trades=35  first_trade=2026-02-08 20:21  winrate=0.000  n_markets_traded=1.000  herfindahl_index_markets=1.000
12:00:52 [super] FLAGGED 0x0e5e2e88a701397f7382450f8814e06f9c7d5826  prob=0.576 (raw=0.868)  vol=$20  trades=2  first_trade=2026-02-08 00:38  winrate=0.143  n_markets_traded=7.000  herfindahl_index_markets=0.559
12:00:52 [super] FLAGGED 0x06f59488ed56044f4fb88f2cadeeabde7ff3f05c  prob=0.574 (raw=0.867)  vol=$3  trades=2  first_trade=2026-02-05 02:16  winrate=0.000  n_markets_traded=3.000  herfindahl_index_markets=0.521
12:00:52 [super] FLAGGED 0xd7cdc7f05d0ff3f5dcc15b71c87045ca0bed65d0  prob=0.574 (raw=0.866)  vol=$10  trades=2  first_trade=2026-02-08 23:42  winrate=0.000  n_markets_traded=2.000  herfindahl_index_markets=0.680
12:00:52 [super] FLAGGED 0x01121c4870d0d4cbb73302724c8ba2c75a3ff4b1  prob=0.573 (raw=0.865)  vol=$2  trades=1  first_trade=2026-02-06 21:34  winrate=0.000  n_markets_traded=2.000  herfindahl_index_markets=0.522
12:00:52 [super] FLAGGED 0x8e70020d9071005efbaf2c6ff3b271ca3e814d9b  prob=0.572 (raw=0.864)  vol=$2,481  trades=10  first_trade=2026-02-06 21:30  winrate=0.000  n_markets_traded=1.000  herfindahl_index_markets=1.000
12:00:52 [super] FLAGGED 0xadb66dc04aefb599e15edb766440b567b45267fb  prob=0.567 (raw=0.859)  vol=$3,984  trades=24  first_trade=2026-02-08 19:05  winrate=0.000  n_markets_traded=2.000  herfindahl_index_markets=0.688
12:00:52 [super] FLAGGED 0xa2becb058b3b49135bd11e0b16d1f86d2a39e9ec  prob=0.566 (raw=0.859)  vol=$23  trades=4  first_trade=2026-02-02 10:06  winrate=0.500  n_markets_traded=2.000  herfindahl_index_markets=0.722
12:00:52 [super] FLAGGED 0xb1c4e5a8c329ee1a34c134722913cc6ddad5c24e  prob=0.561 (raw=0.854)  vol=$20  trades=4  first_trade=2026-02-09 00:55  winrate=0.000  n_markets_traded=5.000  herfindahl_index_markets=0.218
12:00:52 [super] FLAGGED 0x836033b3e4ac02233c47b42d408e044d88e559d7  prob=0.558 (raw=0.851)  vol=$12  trades=2  first_trade=2026-02-06 12:38  winrate=0.000  n_markets_traded=6.000  herfindahl_index_markets=0.240
12:00:52 [super] FLAGGED 0xf82b937d4e4c5de454049d325897f2ac77778e81  prob=0.557 (raw=0.850)  vol=$10  trades=2  first_trade=2026-02-08 15:23  winrate=0.000  n_markets_traded=4.000  herfindahl_index_markets=0.273
12:00:52 [super] FLAGGED 0x5e946e112722282d05cd743a87912ffb0011fc50  prob=0.538 (raw=0.832)  vol=$4  trades=2  first_trade=2026-02-08 23:19  winrate=0.000  n_markets_traded=6.000  herfindahl_index_markets=0.214
12:00:52 [super] FLAGGED 0x53a09a021e788cad9b0c38d0110f4bf10168c754  prob=0.533 (raw=0.827)  vol=$37  trades=4  first_trade=2026-02-02 08:34  winrate=0.000  n_markets_traded=7.000  herfindahl_index_markets=0.194
12:00:52 [super] FLAGGED 0xf8639274caa7a4d431f55d76b813981ddd23159d  prob=0.532 (raw=0.827)  vol=$15  trades=2  first_trade=2026-02-09 00:22  winrate=0.000  n_markets_traded=7.000  herfindahl_index_markets=0.186
12:00:52 [super] FLAGGED 0xd7e9738ee27ec7ca060e36c935fe165fbf639c52  prob=0.531 (raw=0.826)  vol=$8  trades=2  first_trade=2026-02-08 21:03  winrate=0.000  n_markets_traded=5.000  herfindahl_index_markets=0.211
12:00:52 [super] FLAGGED 0xf7ed3292e9bcbbd822c363e5f0a363ee0b8a5ed7  prob=0.529 (raw=0.824)  vol=$4,996  trades=11  first_trade=2026-02-09 02:08  winrate=0.857  n_markets_traded=7.000  herfindahl_index_markets=0.230
12:00:52 [super] FLAGGED 0xcaca53c4d3fda8e30cc181ffdbc745d3c56b7ee5  prob=0.528 (raw=0.823)  vol=$2  trades=1  first_trade=2026-02-09 00:49  winrate=0.167  n_markets_traded=6.000  herfindahl_index_markets=0.227
12:00:52 [super] FLAGGED 0x12a132ec9b9f38a0c5cfb5293ef5a59ef1a37c29  prob=0.526 (raw=0.821)  vol=$16,163  trades=98  first_trade=2026-02-07 20:32  winrate=0.000  n_markets_traded=1.000  herfindahl_index_markets=1.000
12:00:52 [super] FLAGGED 0x4e14627f81399ce91dc7b8e4ac705f0da33bb6d1  prob=0.521 (raw=0.816)  vol=$3  trades=2  first_trade=2026-02-07 17:09  winrate=0.500  n_markets_traded=2.000  herfindahl_index_markets=0.853
12:00:52 [super] FLAGGED 0x49994aa10298b00baeb1e46256f73d65743bcc96  prob=0.520 (raw=0.815)  vol=$317  trades=5  first_trade=2026-02-08 11:31  winrate=0.130  n_markets_traded=23.000  herfindahl_index_markets=0.251
12:00:52 [super] FLAGGED 0x4408b5e2dda0beb0e2d01628db2e3265e38b05df  prob=0.515 (raw=0.810)  vol=$11  trades=3  first_trade=2026-02-08 13:05  winrate=0.000  n_markets_traded=5.000  herfindahl_index_markets=0.230
12:00:52 [super] FLAGGED 0x58106a064077eedd0678f34d17785a82ffc4760e  prob=0.505 (raw=0.801)  vol=$21  trades=2  first_trade=2026-01-07 23:39  winrate=0.000  n_markets_traded=5.000  herfindahl_index_markets=0.215
12:00:52 [super] FLAGGED 0x152ec06dda039794ded9a0c4875af3b73a2ee359  prob=0.505 (raw=0.801)  vol=$10,515  trades=29  first_trade=2026-02-08 23:48  winrate=0.000  n_markets_traded=1.000  herfindahl_index_markets=1.000
12:00:52 [super] FLAGGED 0x01c7b9cf60e7432803e61e4b4b54e960d80c4da2  prob=0.502 (raw=0.798)  vol=$21,388  trades=194  first_trade=2026-02-06 00:54  winrate=0.444  n_markets_traded=9.000  herfindahl_index_markets=0.606
12:00:52 [super] FLAGGED 0xb7a07990e26d0d82e9e2bb3780fb04be7ccae3b7  prob=0.501 (raw=0.798)  vol=$2  trades=2  first_trade=2026-02-09 01:24  winrate=NaN  n_markets_traded=NaN  herfindahl_index_markets=NaN
12:00:52 [super] FLAGGED 0xfd9bf631ab106c4a4ec9a51073d9e3ef2802934e  prob=0.500 (raw=0.797)  vol=$1,708  trades=12  first_trade=2026-02-08 14:43  winrate=0.000  n_markets_traded=2.000  herfindahl_index_markets=0.728
12:00:52 [super] FLAGGED 0x7ad4ba3dbed7b5f5f9419f4a781c3f1dfd4c9aab  prob=0.499 (raw=0.796)  vol=$40  trades=2  first_trade=2026-02-09 01:13  winrate=0.143  n_markets_traded=7.000  herfindahl_index_markets=0.197
12:00:52 [super] FLAGGED 0xe8a3e236bce9e41099f2c9a85963ac5fa25a8ea4  prob=0.493 (raw=0.790)  vol=$6  trades=2  first_trade=2026-02-09 01:52  winrate=0.000  n_markets_traded=2.000  herfindahl_index_markets=0.825
12:00:52 [super] FLAGGED 0x14e8ab8ec25d94ce1ed324ef553803d901fa86d9  prob=0.490 (raw=0.787)  vol=$20  trades=2  first_trade=2026-02-08 22:28  winrate=0.489  n_markets_traded=45.000  herfindahl_index_markets=0.258
12:00:52 [super] FLAGGED 0x51ca9dcd80f34ef958c420eee4d903a8972fdd9c  prob=0.489 (raw=0.786)  vol=$80  trades=2  first_trade=2026-02-03 04:35  winrate=0.000  n_markets_traded=10.000  herfindahl_index_markets=0.162
12:00:52 [super] FLAGGED 0x9a851f7a0a214f85d74202ade1b7cce33e492b58  prob=0.487 (raw=0.784)  vol=$13,544  trades=28  first_trade=2026-02-08 22:44  winrate=0.000  n_markets_traded=1.000  herfindahl_index_markets=1.000
12:00:52 [super] FLAGGED 0xcc99d292b90b46583529e30008912aaf49456a41  prob=0.479 (raw=0.777)  vol=$170  trades=6  first_trade=2026-02-08 22:42  winrate=0.000  n_markets_traded=1.000  herfindahl_index_markets=1.000
12:00:52 [super] FLAGGED 0xc2dd755d07acc12a9907d444d4f27550f81700ae  prob=0.479 (raw=0.777)  vol=$1,126  trades=11  first_trade=2026-02-09 00:54  winrate=0.000  n_markets_traded=1.000  herfindahl_index_markets=1.000
12:00:52 [super] FLAGGED 0x2b7a4eb36f218814fc992613140126b52e41f9b4  prob=0.468 (raw=0.767)  vol=$2  trades=2  first_trade=2026-02-09 02:00  winrate=0.000  n_markets_traded=1.000  herfindahl_index_markets=1.000
12:00:52 [super] FLAGGED 0x08635ef530fe7092ef3532be6fab664348894ecc  prob=0.466 (raw=0.765)  vol=$4,499  trades=10  first_trade=2026-02-07 23:59  winrate=0.000  n_markets_traded=2.000  herfindahl_index_markets=0.992
12:00:52 [super] FLAGGED 0x656cee19378e1e78b7e69c5461cc0daf45b9c7db  prob=0.463 (raw=0.762)  vol=$2  trades=2  first_trade=2026-01-22 01:32  winrate=0.000  n_markets_traded=1.000  herfindahl_index_markets=1.000
12:00:52 [super] FLAGGED 0xff0638225e3d6aad85a406b4645f544d98aa79c5  prob=0.459 (raw=0.758)  vol=$966  trades=13  first_trade=2026-02-09 00:27  winrate=0.000  n_markets_traded=3.000  herfindahl_index_markets=0.479
12:00:52 [super] FLAGGED 0xeec0504d2af464e630411c79464ee22e8b432a55  prob=0.458 (raw=0.757)  vol=$1,871  trades=14  first_trade=2026-02-08 18:56  winrate=0.000  n_markets_traded=1.000  herfindahl_index_markets=1.000
12:00:52 [super] FLAGGED 0xcd37d76d1fdf813684a4e45a9386a1796ee27b3d  prob=0.458 (raw=0.757)  vol=$192  trades=2  first_trade=2026-02-08 20:43  winrate=0.000  n_markets_traded=2.000  herfindahl_index_markets=0.673
12:00:52 [super] FLAGGED 0x200b8ae183110458cec5fa22bf2f0982590a4764  prob=0.458 (raw=0.757)  vol=$257  trades=4  first_trade=2026-02-08 19:45  winrate=0.000  n_markets_traded=1.000  herfindahl_index_markets=1.000
12:00:52 [super] FLAGGED 0xfb818fa754071d9a53ef3eb7195ad96732afb019  prob=0.452 (raw=0.752)  vol=$1,336  trades=15  first_trade=2026-02-08 23:50  winrate=0.000  n_markets_traded=1.000  herfindahl_index_markets=1.000
12:00:52 [super] FLAGGED 0x79c18af86fa723c110c18152d956ca00083eda66  prob=0.447 (raw=0.747)  vol=$25  trades=5  first_trade=2026-02-02 13:53  winrate=0.333  n_markets_traded=3.000  herfindahl_index_markets=0.351
12:00:52 [super] FLAGGED 0xc5c9498f5fdafc35cb47e1300627c5679cef62ef  prob=0.442 (raw=0.742)  vol=$161  trades=5  first_trade=2026-02-09 00:14  winrate=0.000  n_markets_traded=2.000  herfindahl_index_markets=0.865
12:00:52 [super] FLAGGED 0x9dc13c04f45ca5b2b03316ca149db7978dde4883  prob=0.439 (raw=0.739)  vol=$129  trades=7  first_trade=2026-02-08 23:01  winrate=0.000  n_markets_traded=4.000  herfindahl_index_markets=0.346
12:00:52 [super] FLAGGED 0x366474456d944fe66e019b66bb1007436e90f267  prob=0.437 (raw=0.737)  vol=$35  trades=7  first_trade=2026-02-02 16:13  winrate=0.000  n_markets_traded=4.000  herfindahl_index_markets=0.299
12:00:52 [super] FLAGGED 0xb1fab3d6d1b9b22b98c824fff976d5f46900d188  prob=0.435 (raw=0.736)  vol=$4,116  trades=33  first_trade=2026-02-08 22:29  winrate=0.000  n_markets_traded=5.000  herfindahl_index_markets=0.543
12:00:52 [super] FLAGGED 0x62ae54e683c1b27cd08a6169b4b9b86d576d8349  prob=0.431 (raw=0.732)  vol=$2,921  trades=22  first_trade=2026-02-08 18:10  winrate=0.000  n_markets_traded=1.000  herfindahl_index_markets=1.000
12:00:52 [super] FLAGGED 0x8ced063775ff95d62d0c0f66cc699126e6c520e0  prob=0.430 (raw=0.731)  vol=$2  trades=2  first_trade=2026-01-10 13:34  winrate=NaN  n_markets_traded=NaN  herfindahl_index_markets=NaN
12:00:52 [super] FLAGGED 0x986dcd6c3c2f0d0bef49f422114237089d862329  prob=0.428 (raw=0.729)  vol=$88,538  trades=47  first_trade=2026-02-08 22:43  winrate=0.000  n_markets_traded=3.000  herfindahl_index_markets=0.500
12:00:52 [super] FLAGGED 0x72dd2ed397e911db76521bacecc93c5e5608aad5  prob=0.428 (raw=0.729)  vol=$7  trades=4  first_trade=2026-02-09 02:06  winrate=0.056  n_markets_traded=36.000  herfindahl_index_markets=0.238
12:00:52 [super] FLAGGED 0x0c68805b7ae15d3771e88cfa186a5d713955e7c7  prob=0.423 (raw=0.724)  vol=$2,608  trades=27  first_trade=2026-02-06 10:02  winrate=0.000  n_markets_traded=2.000  herfindahl_index_markets=0.700
12:00:52 [super] FLAGGED 0x84dc5c7a0b2fc2c30798fe7aafe9b6954c4c9607  prob=0.422 (raw=0.723)  vol=$123  trades=4  first_trade=2026-02-08 19:57  winrate=0.000  n_markets_traded=1.000  herfindahl_index_markets=1.000
12:00:52 [super] FLAGGED 0x257c7f2daffdfd51061d4e4cd4b19bf7f9b36886  prob=0.421 (raw=0.722)  vol=$48  trades=5  first_trade=2026-02-09 01:15  winrate=0.000  n_markets_traded=1.000  herfindahl_index_markets=1.000
12:00:52 [super] FLAGGED 0x3348cf4a277962829ef479527d9857d0502ab09d  prob=0.420 (raw=0.721)  vol=$7  trades=2  first_trade=2026-02-07 12:29  winrate=0.231  n_markets_traded=13.000  herfindahl_index_markets=0.917
12:00:52 [super] FLAGGED 0x6b0ce391ee773f0fd3e19ca03c701f72eca3e8e7  prob=0.420 (raw=0.721)  vol=$13  trades=2  first_trade=2026-02-06 15:38  winrate=0.333  n_markets_traded=9.000  herfindahl_index_markets=0.476
12:00:52 [super] FLAGGED 0x4a0734305538e71356fc5f6f7250ae3e26cba3c7  prob=0.419 (raw=0.721)  vol=$27  trades=4  first_trade=2026-02-09 01:29  winrate=0.000  n_markets_traded=2.000  herfindahl_index_markets=0.902
12:00:52 [super] FLAGGED 0xb5b713093b42478ce7275124e49cb5da569070ab  prob=0.419 (raw=0.720)  vol=$17  trades=4  first_trade=2026-02-09 01:30  winrate=0.000  n_markets_traded=7.000  herfindahl_index_markets=0.403
12:00:52 [super] FLAGGED 0xc80602489e0b72ff165e6086c2ee32399231970a  prob=0.419 (raw=0.720)  vol=$6  trades=4  first_trade=2026-02-08 01:46  winrate=0.000  n_markets_traded=4.000  herfindahl_index_markets=0.250
12:00:52 [super] FLAGGED 0xf53651dc6e75e752d6d971724f0757f262b3c292  prob=0.418 (raw=0.719)  vol=$29  trades=2  first_trade=2026-02-05 14:50  winrate=0.250  n_markets_traded=12.000  herfindahl_index_markets=0.891
12:00:52 [super] FLAGGED 0x41c13b7b26ab5c970aec896449ffa15a1e801742  prob=0.418 (raw=0.719)  vol=$4,627  trades=56  first_trade=2026-02-08 22:04  winrate=0.000  n_markets_traded=1.000  herfindahl_index_markets=1.000
12:00:52 [super] FLAGGED 0xd01e597e2704bec6e6b602b1e5579a515eb7ea26  prob=0.418 (raw=0.719)  vol=$350  trades=5  first_trade=2026-02-09 01:51  winrate=0.000  n_markets_traded=2.000  herfindahl_index_markets=0.579
12:00:52 [super] FLAGGED 0x6ae6b8775598acba0300bbc8483931d4bb0e5933  prob=0.417 (raw=0.719)  vol=$28  trades=4  first_trade=2026-02-07 12:31  winrate=0.154  n_markets_traded=13.000  herfindahl_index_markets=0.891
12:00:52 [super] FLAGGED 0xd09f3627472374e011197b3232b7248f3669b410  prob=0.417 (raw=0.718)  vol=$70  trades=6  first_trade=2026-02-08 20:33  winrate=0.000  n_markets_traded=1.000  herfindahl_index_markets=1.000
12:00:52 [super] FLAGGED 0x124d5c0f7640da6bcf498c193545979180f20e0f  prob=0.415 (raw=0.716)  vol=$7  trades=4  first_trade=2026-02-09 00:50  winrate=0.000  n_markets_traded=4.000  herfindahl_index_markets=0.250
12:00:52 [super] FLAGGED 0x5e6520a912ca4b7bfc8538d876e2974baa98808f  prob=0.414 (raw=0.715)  vol=$84  trades=4  first_trade=2026-02-09 01:11  winrate=0.000  n_markets_traded=6.000  herfindahl_index_markets=0.304
12:00:52 [super] FLAGGED 0xbf2cb7ee24961624780b202275426174feebb082  prob=0.414 (raw=0.715)  vol=$12  trades=4  first_trade=2026-02-08 11:54  winrate=0.000  n_markets_traded=4.000  herfindahl_index_markets=0.550
12:00:52 [super] FLAGGED 0x5c81cd51bea546e16763b126b436760686602e99  prob=0.412 (raw=0.713)  vol=$32  trades=4  first_trade=2026-02-09 01:19  winrate=0.000  n_markets_traded=1.000  herfindahl_index_markets=1.000
12:00:52 [super] FLAGGED 0xc3ca883f3b752c2eeb2de06a0fdaafc632c3ca7c  prob=0.410 (raw=0.712)  vol=$1,142  trades=74  first_trade=2025-09-29 02:25  winrate=0.412  n_markets_traded=17.000  herfindahl_index_markets=0.190
12:00:52 [super] FLAGGED 0x6617aedc9c024d57e5b2f3f4a4a6c4f0dfd9d8b8  prob=0.409 (raw=0.711)  vol=$77  trades=5  first_trade=2026-02-08 15:37  winrate=0.000  n_markets_traded=1.000  herfindahl_index_markets=1.000
12:00:52 [super] FLAGGED 0xc68dd9934f3eb13e5a3292ac798af7fd9097f714  prob=0.409 (raw=0.710)  vol=$16  trades=4  first_trade=2026-02-08 20:15  winrate=0.000  n_markets_traded=3.000  herfindahl_index_markets=0.399
12:00:52 [super] FLAGGED 0x1c2d99b312cf8679c7aff3c1b896fd4281f564bf  prob=0.406 (raw=0.708)  vol=$334  trades=5  first_trade=2026-02-08 21:45  winrate=0.000  n_markets_traded=5.000  herfindahl_index_markets=0.219
12:00:52 [super] FLAGGED 0x0a943e5846a2d61a8d48ab7cfd6bc2e52e4ceef3  prob=0.404 (raw=0.706)  vol=$117  trades=4  first_trade=2026-02-09 01:35  winrate=0.200  n_markets_traded=5.000  herfindahl_index_markets=0.240
12:00:52 [super] FLAGGED 0x829f820ad4067409d16bfc662179458b86082387  prob=0.404 (raw=0.705)  vol=$154  trades=4  first_trade=2026-02-08 20:45  winrate=0.000  n_markets_traded=2.000  herfindahl_index_markets=0.556
12:00:52 [super] FLAGGED 0x4cb27313b0c68a017c9a3e72bd861c29c03b005c  prob=0.402 (raw=0.703)  vol=$29  trades=4  first_trade=2026-02-08 23:17  winrate=0.000  n_markets_traded=5.000  herfindahl_index_markets=0.468
12:00:52 [super] FLAGGED 0x24b70aebc44764e938478d14267dda23ae5c537e  prob=0.401 (raw=0.703)  vol=$2  trades=2  first_trade=2026-02-09 02:00  winrate=0.333  n_markets_traded=3.000  herfindahl_index_markets=0.375
12:00:52 [super] FLAGGED 0x13e8d26596f604d17e2d1f783af0e9283bd12357  prob=0.400 (raw=0.702)  vol=$332  trades=9  first_trade=2026-02-06 21:38  winrate=0.000  n_markets_traded=3.000  herfindahl_index_markets=0.359
12:00:52 [super] FLAGGED 0x2a0c912f276d2c88d69dc46d331f19e6baf9a691  prob=0.400 (raw=0.701)  vol=$24  trades=2  first_trade=2026-02-09 01:38  winrate=0.000  n_markets_traded=5.000  herfindahl_index_markets=0.425
12:00:52 [super] FLAGGED 0x52dd2ef0c42c8b76c60d3f2f689dbc8dc2b5d79f  prob=0.397 (raw=0.698)  vol=$93  trades=2  first_trade=2026-01-31 22:43  winrate=0.000  n_markets_traded=1.000  herfindahl_index_markets=1.000
12:00:52 [super] FLAGGED 0x5145a98f86730d05e8f11b30ed0f334ad389ec79  prob=0.396 (raw=0.698)  vol=$58  trades=5  first_trade=2025-09-29 15:01  winrate=0.000  n_markets_traded=3.000  herfindahl_index_markets=0.486
12:00:52 [super] FLAGGED 0x829455a9ad230f5d4a8d3320f7262bfc281b0541  prob=0.393 (raw=0.695)  vol=$748  trades=37  first_trade=2026-02-09 00:54  winrate=0.000  n_markets_traded=1.000  herfindahl_index_markets=1.000
12:00:52 [super] FLAGGED 0x23a0e7aa07ed27545e04314285bedb7dd83ff4f8  prob=0.392 (raw=0.694)  vol=$5,719  trades=18  first_trade=2026-02-08 18:04  winrate=0.000  n_markets_traded=1.000  herfindahl_index_markets=1.000
12:00:52 [super] FLAGGED 0x933a75e25a0d1ade590dd32d63fabf98fc550e2b  prob=0.391 (raw=0.693)  vol=$60  trades=10  first_trade=2026-02-08 06:26  winrate=0.500  n_markets_traded=6.000  herfindahl_index_markets=0.239
12:00:52 [super] FLAGGED 0x46e4a57d859158facd52c5264ef960e7e030acca  prob=0.390 (raw=0.692)  vol=$168  trades=7  first_trade=2026-02-08 20:51  winrate=0.000  n_markets_traded=2.000  herfindahl_index_markets=0.500
12:00:52 [super] FLAGGED 0x462b5cd2b5a79e30c8b77a749231f81680e9bd22  prob=0.387 (raw=0.689)  vol=$10  trades=3  first_trade=2026-02-09 02:19  winrate=0.000  n_markets_traded=2.000  herfindahl_index_markets=0.592
12:00:52 [super] FLAGGED 0x54e7fb63d4544a1b0206e0953d01a93477681842  prob=0.386 (raw=0.688)  vol=$831  trades=53  first_trade=2026-02-03 20:19  winrate=0.000  n_markets_traded=7.000  herfindahl_index_markets=0.234
12:00:52 [super] FLAGGED 0xaeb182c47e7afc8674eea31eb28f1ede1ab703fb  prob=0.385 (raw=0.687)  vol=$25,508  trades=44  first_trade=2026-02-08 22:21  winrate=0.000  n_markets_traded=2.000  herfindahl_index_markets=0.996
12:00:52 [super] FLAGGED 0xa25ad6a93e5649cfb80a8933e558879418d404b7  prob=0.382 (raw=0.684)  vol=$10  trades=4  first_trade=2026-02-08 23:48  winrate=0.000  n_markets_traded=6.000  herfindahl_index_markets=0.250
12:00:52 [super] FLAGGED 0x4ef468707670e166367f4f701c3acb60fa36e2e9  prob=0.381 (raw=0.684)  vol=$22  trades=3  first_trade=2026-02-08 19:45  winrate=0.029  n_markets_traded=34.000  herfindahl_index_markets=0.369
12:00:52 [super] FLAGGED 0x52ea3dbdef56f9723fa02fb1605d7445b73a1051  prob=0.381 (raw=0.684)  vol=$30  trades=4  first_trade=2026-02-08 18:52  winrate=0.000  n_markets_traded=1.000  herfindahl_index_markets=1.000
12:00:52 [super] FLAGGED 0x84fd07ca94cc3cc0a4a119e2862925ec46115207  prob=0.381 (raw=0.683)  vol=$216  trades=5  first_trade=2026-02-08 22:10  winrate=0.000  n_markets_traded=1.000  herfindahl_index_markets=1.000
12:00:52 [super] FLAGGED 0x924a1bfc351263f300c896058685a84f63cdea57  prob=0.380 (raw=0.682)  vol=$68  trades=22  first_trade=2026-01-23 15:19  winrate=0.000  n_markets_traded=11.000  herfindahl_index_markets=0.182
12:00:52 [super] FLAGGED 0x6db3463f7aa2e117c31b46dbb3b2170c09b51ae1  prob=0.379 (raw=0.681)  vol=$94  trades=4  first_trade=2026-02-09 01:29  winrate=0.333  n_markets_traded=6.000  herfindahl_index_markets=0.217
12:00:52 [super] FLAGGED 0x016cf395ed4078366dd29f9625176c9c73c022db  prob=0.377 (raw=0.679)  vol=$6,135  trades=31  first_trade=2026-01-26 22:25  winrate=0.000  n_markets_traded=1.000  herfindahl_index_markets=1.000
12:00:52 [super] FLAGGED 0x005ccd72d2cdd64f618cfc111a0e0165a87ba144  prob=0.374 (raw=0.676)  vol=$56  trades=3  first_trade=2026-02-09 01:04  winrate=0.000  n_markets_traded=3.000  herfindahl_index_markets=0.429
12:00:52 [super] FLAGGED 0x083f73d556310b3ea552ca9680296923e39d56a1  prob=0.374 (raw=0.676)  vol=$77  trades=10  first_trade=2026-02-02 02:13  winrate=0.000  n_markets_traded=4.000  herfindahl_index_markets=0.356
12:00:52 [super] FLAGGED 0xc48a25aad4f82df48736cc641b7254aec4dcbfc6  prob=0.373 (raw=0.675)  vol=$7,740  trades=38  first_trade=2026-02-08 20:11  winrate=0.000  n_markets_traded=1.000  herfindahl_index_markets=1.000
12:00:52 [super] FLAGGED 0xd8eb2266a531f727ff37ed50a225ae5eea587245  prob=0.371 (raw=0.673)  vol=$10,132  trades=58  first_trade=2026-02-06 21:24  winrate=0.000  n_markets_traded=1.000  herfindahl_index_markets=1.000
12:00:52 [super] FLAGGED 0xc57f404b806a9998ffa3fa8c0d78b3d35689151e  prob=0.370 (raw=0.672)  vol=$3  trades=2  first_trade=2026-02-08 18:51  winrate=0.250  n_markets_traded=16.000  herfindahl_index_markets=0.163
12:00:52 [super] FLAGGED 0xb8d06ff0d09844e301e995df62471f6c528ca09f  prob=0.370 (raw=0.672)  vol=$104  trades=6  first_trade=2026-02-08 20:40  winrate=0.000  n_markets_traded=1.000  herfindahl_index_markets=1.000
12:00:52 [super] FLAGGED 0xd23a0313c2839155bf6b413c7423c4ed3406c371  prob=0.369 (raw=0.671)  vol=$42  trades=4  first_trade=2026-02-09 01:22  winrate=0.000  n_markets_traded=1.000  herfindahl_index_markets=1.000
12:00:52 [super] FLAGGED 0x198ba96b422dd8fa1d608ee5db7c1a9959ed0f3a  prob=0.360 (raw=0.662)  vol=$310  trades=6  first_trade=2026-02-08 22:52  winrate=0.000  n_markets_traded=3.000  herfindahl_index_markets=0.355
12:00:52 [super] FLAGGED 0x760bef92be7b053dffcdaa3af95c5336bddd25bb  prob=0.358 (raw=0.660)  vol=$42  trades=5  first_trade=2026-02-04 17:01  winrate=0.000  n_markets_traded=17.000  herfindahl_index_markets=0.062
12:00:52 [super] FLAGGED 0x027e368b8d91c536790c10378b4b8e5ce1a6bf29  prob=0.358 (raw=0.660)  vol=$92  trades=5  first_trade=2026-02-08 23:59  winrate=0.000  n_markets_traded=3.000  herfindahl_index_markets=0.419
12:00:52 [super] FLAGGED 0x38b519d6ab7d0c411ce91b7c234a7dbed93b0641  prob=0.343 (raw=0.645)  vol=$326  trades=6  first_trade=2026-02-08 21:32  winrate=0.000  n_markets_traded=1.000  herfindahl_index_markets=1.000
12:00:52 [super] FLAGGED 0x45d58744ad23c209b22b4dca97e4b5f37d96a958  prob=0.343 (raw=0.645)  vol=$106  trades=5  first_trade=2026-02-09 01:05  winrate=0.000  n_markets_traded=1.000  herfindahl_index_markets=1.000
12:00:52 [super] FLAGGED 0xa106dc7279bfb2dd4be18213535e42657c646df5  prob=0.341 (raw=0.643)  vol=$3,474  trades=14  first_trade=2026-02-07 08:04  winrate=0.000  n_markets_traded=1.000  herfindahl_index_markets=1.000
12:00:52 [super] FLAGGED 0xbd05737c77253930e82b4d2bb7f2c970c2574d8a  prob=0.339 (raw=0.641)  vol=$196  trades=4  first_trade=2026-02-09 03:23  winrate=0.000  n_markets_traded=1.000  herfindahl_index_markets=1.000
12:00:52 [super] FLAGGED 0x0ce61a3be27a29a4b6652becaea33e7508709469  prob=0.337 (raw=0.638)  vol=$38,641  trades=46  first_trade=2026-02-08 20:39  winrate=0.250  n_markets_traded=4.000  herfindahl_index_markets=0.489
12:00:52 [super] FLAGGED 0xff42142e0669432f2c5cef9943662c601ee36fb7  prob=0.330 (raw=0.631)  vol=$30  trades=2  first_trade=2026-02-09 01:24  winrate=0.000  n_markets_traded=26.000  herfindahl_index_markets=0.040
12:00:52 [super] FLAGGED 0x134e56e60d69ebbb8706110aee652c844632b62c  prob=0.330 (raw=0.631)  vol=$25  trades=3  first_trade=2026-01-27 04:28  winrate=0.000  n_markets_traded=3.000  herfindahl_index_markets=0.344
12:00:52 [super] FLAGGED 0x9f242cbe9a81411c695b517ab02b0d2e648e2b45  prob=0.328 (raw=0.629)  vol=$219  trades=9  first_trade=2026-02-09 01:15  winrate=0.000  n_markets_traded=2.000  herfindahl_index_markets=0.874
12:00:52 [super] FLAGGED 0xc90ee7cb58d79756f5064770fa90c06788cc4ef5  prob=0.322 (raw=0.623)  vol=$643  trades=13  first_trade=2026-02-08 21:32  winrate=0.000  n_markets_traded=1.000  herfindahl_index_markets=1.000
12:00:52 [super] FLAGGED 0x12f526ef1892e6cf52069d547d05fad868bada55  prob=0.319 (raw=0.619)  vol=$16  trades=3  first_trade=2026-02-06 16:30  winrate=0.111  n_markets_traded=9.000  herfindahl_index_markets=0.166
12:00:52 [super] FLAGGED 0xcc2744c30adba0afe98b3fba4b51608c40f52895  prob=0.318 (raw=0.619)  vol=$16,208  trades=37  first_trade=2026-02-06 21:20  winrate=0.000  n_markets_traded=1.000  herfindahl_index_markets=1.000
12:00:52 [super] FLAGGED 0xfff0dcaed2b8a885e3f1e8518741f6efa6b0c557  prob=0.316 (raw=0.616)  vol=$177  trades=6  first_trade=2026-02-09 01:11  winrate=0.000  n_markets_traded=3.000  herfindahl_index_markets=0.661
12:00:52 [super] FLAGGED 0x64e1eae0a123140273a1599b33d9c2eaa029eb3d  prob=0.315 (raw=0.615)  vol=$1,100  trades=10  first_trade=2026-02-09 01:27  winrate=0.190  n_markets_traded=18.000  herfindahl_index_markets=0.243
12:00:52 [super] FLAGGED 0xf99ee4b39e93b8abcd65546ce904e18ee01b3e57  prob=0.313 (raw=0.613)  vol=$74  trades=4  first_trade=2026-02-07 10:47  winrate=0.000  n_markets_traded=8.000  herfindahl_index_markets=0.139
12:00:52 [super] FLAGGED 0xc2eae3876c9ee5878a210f8342e579dcf2c45423  prob=0.312 (raw=0.612)  vol=$87  trades=4  first_trade=2026-02-09 01:22  winrate=0.100  n_markets_traded=10.000  herfindahl_index_markets=0.897
12:00:52 [super] FLAGGED 0x25308be8dd263ca942fa39d44e772b9d2527b9e4  prob=0.312 (raw=0.612)  vol=$3,155  trades=11  first_trade=2026-02-08 21:03  winrate=0.000  n_markets_traded=2.000  herfindahl_index_markets=0.875
12:00:52 [super] FLAGGED 0x95a11bfd5e29a906611767f68c258a26093f7cc7  prob=0.311 (raw=0.611)  vol=$4,147  trades=37  first_trade=2025-10-06 14:20  winrate=0.000  n_markets_traded=9.000  herfindahl_index_markets=0.299
12:00:52 [super] FLAGGED 0xc070591e2cb4eac28bfa8fbbe6ccc3712420203a  prob=0.310 (raw=0.609)  vol=$866  trades=14  first_trade=2026-02-08 20:17  winrate=0.388  n_markets_traded=134.000  herfindahl_index_markets=0.009
12:00:52 [super] FLAGGED 0xc0d173567251ffc59a1f8cc96203881f7e528202  prob=0.310 (raw=0.609)  vol=$72  trades=6  first_trade=2026-01-14 19:12  winrate=0.000  n_markets_traded=4.000  herfindahl_index_markets=0.315
12:00:52 [super] FLAGGED 0x293e6308f4a6843b0ee5306b8edc180472b440e1  prob=0.307 (raw=0.607)  vol=$5  trades=2  first_trade=2026-02-01 17:18  winrate=0.000  n_markets_traded=3.000  herfindahl_index_markets=0.452
12:00:52 [super] FLAGGED 0x16903c9330231e180ee77ffef555dac488db69ed  prob=0.297 (raw=0.595)  vol=$5  trades=9  first_trade=2026-02-07 16:40  winrate=NaN  n_markets_traded=0.000  herfindahl_index_markets=0.000
12:00:52 [super] FLAGGED 0xae2b0aaea325a32870f56ff19df3b87acaa190ea  prob=0.295 (raw=0.593)  vol=$10,368  trades=46  first_trade=2026-02-08 10:53  winrate=0.473  n_markets_traded=55.000  herfindahl_index_markets=0.094
12:00:52 [super] FLAGGED 0xc619908b0fdb0989f41a574cd95cd83b707de49a  prob=0.294 (raw=0.591)  vol=$176  trades=8  first_trade=2026-02-09 01:28  winrate=0.000  n_markets_traded=4.000  herfindahl_index_markets=0.485
12:00:52 [super] FLAGGED 0x38b27963895eb5439d17c9e63f8642acab880b43  prob=0.293 (raw=0.591)  vol=$4,927  trades=29  first_trade=2026-02-08 23:43  winrate=0.000  n_markets_traded=3.000  herfindahl_index_markets=0.401
12:00:52 [super] FLAGGED 0x28a89b79927fc377d7d6ad6aee0b5fa76d5cd94f  prob=0.292 (raw=0.589)  vol=$2,018  trades=32  first_trade=2025-11-21 05:13  winrate=0.000  n_markets_traded=4.000  herfindahl_index_markets=0.509
12:00:52 [super] FLAGGED 0x03642b95e1fec6aa3880d2c63a079a72fdb6be59  prob=0.291 (raw=0.589)  vol=$102  trades=6  first_trade=2026-02-09 00:52  winrate=0.000  n_markets_traded=6.000  herfindahl_index_markets=0.216
12:00:52 [super] FLAGGED 0x93a0a371ceba0c1184e84a43168257021d945507  prob=0.290 (raw=0.588)  vol=$27  trades=2  first_trade=2026-02-06 23:41  winrate=0.143  n_markets_traded=7.000  herfindahl_index_markets=0.266
12:00:52 [super] FLAGGED 0xdfc4d219840e3d9097a063e9da739abedfe9c720  prob=0.288 (raw=0.585)  vol=$8  trades=3  first_trade=2026-01-18 23:55  winrate=0.000  n_markets_traded=1.000  herfindahl_index_markets=1.000
12:00:52 [super] FLAGGED 0xa1ddace8befb1d1a2593e649a5db0568d1cde4a3  prob=0.288 (raw=0.584)  vol=$3,992  trades=2  first_trade=2026-02-09 05:07  winrate=0.400  n_markets_traded=3.000  herfindahl_index_markets=0.790
12:00:52 [super] FLAGGED 0x860c80233d3e75db392274360fdb13ddbeb2a697  prob=0.287 (raw=0.584)  vol=$83,396  trades=112  first_trade=2026-02-08 22:05  winrate=0.000  n_markets_traded=1.000  herfindahl_index_markets=1.000
12:00:52 [super] FLAGGED 0x7d0a771ddd2c63255013a1efb5f0e42659b38c6c  prob=0.286 (raw=0.583)  vol=$2,766  trades=15  first_trade=2026-02-08 01:47  winrate=0.778  n_markets_traded=17.000  herfindahl_index_markets=0.262
12:00:52 [super] FLAGGED 0x6d31709e4e0b9c35c01a841d7da9c3d5d3f1fa6e  prob=0.285 (raw=0.582)  vol=$43  trades=4  first_trade=2026-02-09 00:17  winrate=0.500  n_markets_traded=10.000  herfindahl_index_markets=0.213
12:00:52 [super] FLAGGED 0x1735436599a9766af8da193ed4f51a8d7a084f16  prob=0.285 (raw=0.581)  vol=$8,741  trades=36  first_trade=2026-02-08 21:56  winrate=0.250  n_markets_traded=4.000  herfindahl_index_markets=0.643
12:00:52 [super] FLAGGED 0xaf691e6322c891b69766c448776f90a11230c890  prob=0.284 (raw=0.581)  vol=$51  trades=7  first_trade=2026-02-06 15:36  winrate=0.167  n_markets_traded=6.000  herfindahl_index_markets=0.246
12:00:52 [super] FLAGGED 0x95a875a730f1f551439a040eafca9083c7bc8fe1  prob=0.281 (raw=0.576)  vol=$6  trades=4  first_trade=2026-01-14 10:53  winrate=0.000  n_markets_traded=5.000  herfindahl_index_markets=0.261
12:00:52 [super] FLAGGED 0x7f34cc7e46373a6e74022181a3de47065674d254  prob=0.280 (raw=0.576)  vol=$257  trades=5  first_trade=2026-02-09 01:17  winrate=0.333  n_markets_traded=3.000  herfindahl_index_markets=0.674
12:00:52 [super] FLAGGED 0x93ccf5c4356eae90be1a15b0170e04739caa3877  prob=0.279 (raw=0.575)  vol=$2  trades=2  first_trade=2026-02-08 21:27  winrate=0.000  n_markets_traded=7.000  herfindahl_index_markets=0.143
12:00:52 [super] FLAGGED 0xed37164ee48f05c72a80331039e856b08d416bfc  prob=0.279 (raw=0.574)  vol=$2  trades=2  first_trade=2026-01-17 04:17  winrate=0.000  n_markets_traded=17.000  herfindahl_index_markets=0.059
12:00:52 [super] FLAGGED 0xeb6f945764cb22cdafef8d6e2f554763171a4da4  prob=0.276 (raw=0.571)  vol=$213  trades=8  first_trade=2026-02-08 21:04  winrate=0.717  n_markets_traded=92.000  herfindahl_index_markets=0.034
12:00:52 [super] FLAGGED 0xf02cdbe39ed07bef1560f9504bc9a9dc00bcb042  prob=0.273 (raw=0.568)  vol=$102  trades=6  first_trade=2026-02-09 00:45  winrate=0.000  n_markets_traded=1.000  herfindahl_index_markets=1.000
12:00:52 [super] FLAGGED 0x59d957cdc1dd8752673b59071fa32137c66a1312  prob=0.273 (raw=0.567)  vol=$1,502  trades=4  first_trade=2026-02-09 20:45  winrate=0.000  n_markets_traded=1.000  herfindahl_index_markets=1.000
12:00:52 [super] FLAGGED 0x21e5c03d2af47bdaaa63cffd117894243deb3252  prob=0.273 (raw=0.567)  vol=$1,502  trades=4  first_trade=2026-02-09 19:51  winrate=0.000  n_markets_traded=1.000  herfindahl_index_markets=1.000
12:00:52 [super] FLAGGED 0x4d8c68c74d069653b5240de546a0dad7589c3899  prob=0.273 (raw=0.567)  vol=$1,502  trades=4  first_trade=2026-02-09 21:35  winrate=0.000  n_markets_traded=1.000  herfindahl_index_markets=1.000
12:00:52 [super] FLAGGED 0x33f06472d3a83c8737b7e599e095521e15008cee  prob=0.273 (raw=0.567)  vol=$1,502  trades=4  first_trade=2026-02-09 20:05  winrate=0.000  n_markets_traded=1.000  herfindahl_index_markets=1.000
12:00:52 [super] FLAGGED 0xd0fbf4d42d5afa94158208d092a37ea0bfcb8d4e  prob=0.273 (raw=0.567)  vol=$1,502  trades=4  first_trade=2026-02-09 20:21  winrate=0.000  n_markets_traded=1.000  herfindahl_index_markets=1.000
12:00:52 [super] FLAGGED 0xc4df770412d9839a40a7bf2b7479196d4743eca1  prob=0.273 (raw=0.567)  vol=$1,502  trades=4  first_trade=2026-02-09 21:45  winrate=0.000  n_markets_traded=1.000  herfindahl_index_markets=1.000
12:00:52 [super] FLAGGED 0xcda5115ee8cb8e1ec3bea7031d522bf4c61c7b18  prob=0.273 (raw=0.567)  vol=$1,502  trades=4  first_trade=2026-02-09 20:55  winrate=0.000  n_markets_traded=1.000  herfindahl_index_markets=1.000
12:00:52 [super] FLAGGED 0xca664fb635c1857defa4b8f3be1bf7db1597d027  prob=0.273 (raw=0.567)  vol=$1,502  trades=4  first_trade=2026-02-09 21:11  winrate=0.000  n_markets_traded=1.000  herfindahl_index_markets=1.000
12:00:52 [super] FLAGGED 0x77e577baa2c7e30e0423502fce89a08c8da96c07  prob=0.272 (raw=0.567)  vol=$25  trades=10  first_trade=2026-02-08 18:28  winrate=0.000  n_markets_traded=9.000  herfindahl_index_markets=0.420
12:00:52 [super] FLAGGED 0x520fd59342aa933ed72d0aeb2553629701c4e4d2  prob=0.271 (raw=0.566)  vol=$396  trades=27  first_trade=2026-02-07 03:16  winrate=NaN  n_markets_traded=0.000  herfindahl_index_markets=0.000
12:00:52 [super] FLAGGED 0x58612c771c181f38f82d8e0a70b867bda4b528d6  prob=0.271 (raw=0.565)  vol=$250  trades=12  first_trade=2026-02-09 00:29  winrate=0.000  n_markets_traded=1.000  herfindahl_index_markets=1.000
12:00:52 [super] FLAGGED 0xd86893cf754fd223b38a7e1d48fa4d08f35158db  prob=0.271 (raw=0.565)  vol=$65  trades=5  first_trade=2026-02-09 01:33  winrate=0.000  n_markets_traded=8.000  herfindahl_index_markets=0.202
12:00:52 [super] FLAGGED 0x1dbc3196ab028ef6a87953cef6c42b910a581ce3  prob=0.270 (raw=0.565)  vol=$1,499  trades=4  first_trade=2026-02-09 22:00  winrate=0.000  n_markets_traded=1.000  herfindahl_index_markets=1.000
12:00:52 [super] FLAGGED 0x21c2e0070107ab775db6a8c07c76f72c197934c0  prob=0.270 (raw=0.565)  vol=$1,499  trades=4  first_trade=2026-02-09 22:12  winrate=0.000  n_markets_traded=1.000  herfindahl_index_markets=1.000
12:00:52 [super] FLAGGED 0x129e6528b8c08a19e5abce7131f1701038d355c6  prob=0.268 (raw=0.562)  vol=$20  trades=2  first_trade=2026-02-08 05:13  winrate=0.045  n_markets_traded=22.000  herfindahl_index_markets=0.252
12:00:52 [super] FLAGGED 0x8bfcb73a4898e1fdc64a2ce8fe7e1824810d03d9  prob=0.268 (raw=0.561)  vol=$182  trades=14  first_trade=2026-02-09 00:01  winrate=0.000  n_markets_traded=1.000  herfindahl_index_markets=1.000
12:00:52 [super] FLAGGED 0x5460bb93290ba4b5f931b6f5e51b2261e0371556  prob=0.267 (raw=0.561)  vol=$2,081  trades=31  first_trade=2026-02-09 01:09  winrate=0.000  n_markets_traded=2.000  herfindahl_index_markets=0.500
12:00:52 [super] FLAGGED 0x2e346a8c56f07ce0b566042e00f220b3e2599434  prob=0.267 (raw=0.561)  vol=$10  trades=2  first_trade=2026-02-04 04:55  winrate=0.117  n_markets_traded=94.000  herfindahl_index_markets=0.368
12:00:52 [super] FLAGGED 0xedd6854da7f69c3b78e96fa0afaac8a8aa1bcad6  prob=0.267 (raw=0.561)  vol=$91  trades=6  first_trade=2026-02-08 21:36  winrate=0.000  n_markets_traded=3.000  herfindahl_index_markets=0.339
12:00:52 [super] FLAGGED 0xbe4600119a804b824afc9e2bb61dada32bac8b21  prob=0.266 (raw=0.559)  vol=$16  trades=4  first_trade=2026-02-09 02:35  winrate=0.000  n_markets_traded=1.000  herfindahl_index_markets=1.000
12:00:52 [super] FLAGGED 0x80f83e27ef994baa44518518536949810287a925  prob=0.265 (raw=0.558)  vol=$40  trades=3  first_trade=2026-01-29 02:30  winrate=0.167  n_markets_traded=6.000  herfindahl_index_markets=0.191
12:00:52 [super] FLAGGED 0xb412a8cd5bbf27414b8b352d1bff96b303582e9a  prob=0.263 (raw=0.555)  vol=$2  trades=2  first_trade=2026-02-02 13:38  winrate=0.000  n_markets_traded=18.000  herfindahl_index_markets=0.058
12:00:52 [super] FLAGGED 0x91d19d13878fe229c73bb666916595c839965122  prob=0.260 (raw=0.552)  vol=$5  trades=2  first_trade=2026-02-06 17:28  winrate=0.000  n_markets_traded=2.000  herfindahl_index_markets=0.591
12:00:52 [super] FLAGGED 0xca80cf8c7f95902fddddff5d61dffc48d9d38f37  prob=0.260 (raw=0.552)  vol=$7  trades=2  first_trade=2026-02-08 22:38  winrate=0.000  n_markets_traded=5.000  herfindahl_index_markets=0.217
12:00:52 [super] FLAGGED 0x5fbd39bc1e73a788902e3389bf39fe5fe4b24b2c  prob=0.259 (raw=0.551)  vol=$241  trades=5  first_trade=2026-02-09 02:16  winrate=0.000  n_markets_traded=2.000  herfindahl_index_markets=0.617
12:00:52 [super] FLAGGED 0x1fd06adbea5290548df0637cf82cce686b78c6a7  prob=0.256 (raw=0.547)  vol=$98  trades=14  first_trade=2026-02-05 22:05  winrate=NaN  n_markets_traded=0.000  herfindahl_index_markets=0.000
12:00:52 [super] FLAGGED 0xf3799efbc067d8d637580075ed02ed33291036c0  prob=0.255 (raw=0.545)  vol=$14  trades=1  first_trade=2026-02-08 02:30  winrate=NaN  n_markets_traded=0.000  herfindahl_index_markets=0.000
12:00:52 [super] FLAGGED 0x92e33c1caffbc71992512e664e150f8a8d9efb18  prob=0.253 (raw=0.544)  vol=$176  trades=8  first_trade=2026-02-08 19:08  winrate=0.333  n_markets_traded=3.000  herfindahl_index_markets=0.419
12:00:52 [super] FLAGGED 0x84f76017e30a7413cd76bd1aa49c19897bceb15c  prob=0.253 (raw=0.544)  vol=$13,208  trades=23  first_trade=2026-02-09 01:42  winrate=0.000  n_markets_traded=5.000  herfindahl_index_markets=0.304
12:00:52 [super] FLAGGED 0x21e773c5364a95e958a75ccec16ef652558a6757  prob=0.253 (raw=0.544)  vol=$101  trades=6  first_trade=2026-02-09 01:49  winrate=0.000  n_markets_traded=12.000  herfindahl_index_markets=0.206
12:00:52 [super] FLAGGED 0xd9e8bfd6ab531766da111ae6a0354917cb6a7abc  prob=0.250 (raw=0.540)  vol=$42  trades=4  first_trade=2026-02-08 22:28  winrate=0.000  n_markets_traded=11.000  herfindahl_index_markets=0.128
12:00:52 [super] FLAGGED 0x6331a337e43be2f007a4f4ecdbc52d979f76fc33  prob=0.250 (raw=0.539)  vol=$1,499  trades=4  first_trade=2026-02-09 23:05  winrate=0.000  n_markets_traded=1.000  herfindahl_index_markets=1.000
12:00:52 [super] FLAGGED 0xaa6df3f8d7efa9269fc7920345edd87d1d040b78  prob=0.249 (raw=0.539)  vol=$110  trades=4  first_trade=2026-02-09 00:09  winrate=0.000  n_markets_traded=2.000  herfindahl_index_markets=0.510
12:00:52 [super] FLAGGED 0xc8758b72d6311af30a6917c6eb580d62a80323c5  prob=0.248 (raw=0.537)  vol=$289  trades=8  first_trade=2026-02-07 08:33  winrate=0.000  n_markets_traded=2.000  herfindahl_index_markets=0.998
12:00:52 [super] FLAGGED 0xcffa1d316caeb0c3390fe7ac3a5c047a3425e401  prob=0.245 (raw=0.533)  vol=$12,279  trades=30  first_trade=2026-02-08 19:43  winrate=0.000  n_markets_traded=1.000  herfindahl_index_markets=1.000
12:00:52 [super] FLAGGED 0xc7f9560635f5a1d0397d562337c0929e51950b96  prob=0.242 (raw=0.529)  vol=$500  trades=3  first_trade=2026-02-09 09:09  winrate=0.000  n_markets_traded=1.000  herfindahl_index_markets=1.000
12:00:52 [super] FLAGGED 0xcb46a07dd6fe272eb3f21c827ec881d862f38dee  prob=0.239 (raw=0.526)  vol=$85  trades=6  first_trade=2026-02-07 21:09  winrate=0.429  n_markets_traded=7.000  herfindahl_index_markets=0.406
12:00:52 [super] FLAGGED 0x7a36bec5f0b85f8e50bc34e9206ca951e470428f  prob=0.238 (raw=0.525)  vol=$172  trades=7  first_trade=2026-02-08 23:25  winrate=0.000  n_markets_traded=1.000  herfindahl_index_markets=1.000
12:00:52 [super] FLAGGED 0x7fe230c32109035431889e152734003bef7c0719  prob=0.235 (raw=0.520)  vol=$41  trades=6  first_trade=2026-02-05 18:41  winrate=0.267  n_markets_traded=15.000  herfindahl_index_markets=0.094
12:00:52 [super] FLAGGED 0x320559a329c084774e47332f725da9aab93f83fc  prob=0.232 (raw=0.517)  vol=$63  trades=4  first_trade=2026-02-09 01:26  winrate=0.000  n_markets_traded=5.000  herfindahl_index_markets=0.222
12:00:52 [super] FLAGGED 0xf3a3cd7dbdc089480806fe52bfba762e07236482  prob=0.232 (raw=0.517)  vol=$15  trades=2  first_trade=2026-02-07 17:40  winrate=0.320  n_markets_traded=46.000  herfindahl_index_markets=0.232
12:00:52 [super] FLAGGED 0xeb0fbf475cf0b6b89a518d8fcb5de3dd558c3622  prob=0.230 (raw=0.514)  vol=$2,916  trades=17  first_trade=2026-02-08 22:13  winrate=0.625  n_markets_traded=8.000  herfindahl_index_markets=0.194
12:00:52 [super] FLAGGED 0x3055a1d533bc25c265469ce34164b0febd10cfdd  prob=0.230 (raw=0.514)  vol=$160  trades=12  first_trade=2026-01-18 18:21  winrate=0.000  n_markets_traded=3.000  herfindahl_index_markets=0.435
12:00:52 [super] FLAGGED 0x565835e83738585a5361fe80f27676e7978a893a  prob=0.229 (raw=0.513)  vol=$111  trades=5  first_trade=2026-02-08 22:23  winrate=0.000  n_markets_traded=1.000  herfindahl_index_markets=1.000
12:00:52 [super] FLAGGED 0xb9470ad9b6d9e01628faddd4641baa5e0be3cd27  prob=0.229 (raw=0.513)  vol=$20  trades=4  first_trade=2026-02-09 02:09  winrate=0.500  n_markets_traded=6.000  herfindahl_index_markets=0.231
12:00:52 [super] FLAGGED 0x5e5064b78a709e4e20608e46c6d61b212a0d83e9  prob=0.228 (raw=0.511)  vol=$24  trades=10  first_trade=2026-02-08 20:11  winrate=0.273  n_markets_traded=11.000  herfindahl_index_markets=0.165
12:00:52 [super] FLAGGED 0x858926ef3c4a40ff426b3cdb19235f0f863f0d2b  prob=0.227 (raw=0.510)  vol=$69  trades=8  first_trade=2026-02-02 00:47  winrate=0.000  n_markets_traded=1.000  herfindahl_index_markets=1.000
12:00:52 [super] FLAGGED 0x4550de6fd1b04b16d7baaebe025bbb3553849392  prob=0.224 (raw=0.506)  vol=$150  trades=3  first_trade=2026-02-09 01:22  winrate=0.273  n_markets_traded=11.000  herfindahl_index_markets=0.287
12:00:52 [super] FLAGGED 0x5f19c18bfea98531ea748e4a025c179a6a66fae7  prob=0.223 (raw=0.505)  vol=$2,891  trades=14  first_trade=2026-02-08 09:51  winrate=0.182  n_markets_traded=11.000  herfindahl_index_markets=0.365
12:00:52 [super] FLAGGED 0xcbb40c36b058414ade61c0c5f7fc225cf5a636c3  prob=0.223 (raw=0.505)  vol=$60  trades=2  first_trade=2026-02-08 15:21  winrate=0.206  n_markets_traded=65.000  herfindahl_index_markets=0.181
12:00:52 [super] FLAGGED 0x79da1eadcca3ded669a834068dd5a309c11446a4  prob=0.223 (raw=0.504)  vol=$8  trades=3  first_trade=2026-02-08 16:20  winrate=0.158  n_markets_traded=19.000  herfindahl_index_markets=0.539
12:00:52 [super] FLAGGED 0x0ce47de99c786ee26505fd341b012b829e3f3ba8  prob=0.222 (raw=0.503)  vol=$481  trades=8  first_trade=2026-02-08 20:48  winrate=0.000  n_markets_traded=1.000  herfindahl_index_markets=1.000
12:00:52 [super] FLAGGED 0x791192bd88d854397664d3cdfbcc7cea2d53c5b6  prob=0.219 (raw=0.499)  vol=$263  trades=6  first_trade=2026-02-08 22:49  winrate=0.000  n_markets_traded=2.000  herfindahl_index_markets=0.709
12:00:52 [super] FLAGGED 0x07ca854da24fcd4bff3e93914e9b9e224948a46b  prob=0.216 (raw=0.496)  vol=$20  trades=4  first_trade=2026-02-08 22:58  winrate=0.000  n_markets_traded=1.000  herfindahl_index_markets=1.000
12:00:52 [super] FLAGGED 0xf512696fd336ea7f7be25275ff0e84a9b605838e  prob=0.215 (raw=0.494)  vol=$18  trades=6  first_trade=2026-02-07 08:55  winrate=0.154  n_markets_traded=13.000  herfindahl_index_markets=0.236
12:00:52 [super] FLAGGED 0x9faf2ba54167684a96f8f17b74f3c1b4e1f3778c  prob=0.215 (raw=0.493)  vol=$6,696  trades=24  first_trade=2026-02-08 22:18  winrate=0.567  n_markets_traded=30.000  herfindahl_index_markets=0.082
12:00:52 [super] FLAGGED 0xb1c9be760313aa0d496c44f00b84025499f887ed  prob=0.213 (raw=0.491)  vol=$70  trades=4  first_trade=2025-11-20 06:43  winrate=0.000  n_markets_traded=1.000  herfindahl_index_markets=1.000
12:00:52 [super] FLAGGED 0x9be1a590ce959db951394ec4ee8b7e6eccfaa190  prob=0.213 (raw=0.491)  vol=$166  trades=6  first_trade=2026-02-08 04:49  winrate=0.000  n_markets_traded=3.000  herfindahl_index_markets=0.630
12:00:52 [super] FLAGGED 0xa0b07e60164b6d06a350fa9f5da13454af7e9c44  prob=0.212 (raw=0.489)  vol=$50  trades=8  first_trade=2026-02-08 04:40  winrate=0.000  n_markets_traded=1.000  herfindahl_index_markets=1.000
12:00:52 [super] FLAGGED 0x78b0ff58d8c725f553e3220452994f1259431587  prob=0.211 (raw=0.488)  vol=$49  trades=4  first_trade=2026-02-08 18:59  winrate=0.000  n_markets_traded=2.000  herfindahl_index_markets=0.556
12:00:52 [super] FLAGGED 0x913dac530259addb1b4bcc067163a599cbd83110  prob=0.210 (raw=0.487)  vol=$60  trades=4  first_trade=2026-02-08 21:59  winrate=0.444  n_markets_traded=9.000  herfindahl_index_markets=0.405
12:00:52 [super] FLAGGED 0xcc98c2b5ca39a1a1d344e625ffd8fbbb8e1cacab  prob=0.209 (raw=0.486)  vol=$49,902  trades=3  first_trade=2026-02-09 04:52  winrate=0.000  n_markets_traded=2.000  herfindahl_index_markets=0.891
12:00:52 [super] FLAGGED 0x85bec773f3f35fe6ca70f8d43450ddcb26438a1f  prob=0.209 (raw=0.485)  vol=$53  trades=6  first_trade=2026-02-09 00:35  winrate=0.000  n_markets_traded=1.000  herfindahl_index_markets=1.000
12:00:52 [super] FLAGGED 0xef37d8e6d76a8e33cff2de452b5bd5769ed61698  prob=0.209 (raw=0.485)  vol=$18  trades=2  first_trade=2026-02-03 09:49  winrate=NaN  n_markets_traded=0.000  herfindahl_index_markets=0.000
12:00:52 [super] FLAGGED 0x0217ab8c2a400a9c9a8ca5de34f63e0fac131193  prob=0.208 (raw=0.484)  vol=$1,979  trades=74  first_trade=2026-02-07 20:32  winrate=0.200  n_markets_traded=5.000  herfindahl_index_markets=0.286
12:00:52 [super] FLAGGED 0xb55d3d60cc91a0e583edf1d8fbd8102b83021625  prob=0.208 (raw=0.484)  vol=$14  trades=2  first_trade=2026-02-06 15:37  winrate=0.333  n_markets_traded=6.000  herfindahl_index_markets=0.199
12:00:52 [super] FLAGGED 0x21586865528a0a4df38b002d9be3fe50ec25eb47  prob=0.208 (raw=0.483)  vol=$22  trades=4  first_trade=2026-02-09 00:39  winrate=0.000  n_markets_traded=1.000  herfindahl_index_markets=1.000
12:00:52 [super] FLAGGED 0x1dd05f721a52237b233249216015f4b72dfe3550  prob=0.207 (raw=0.482)  vol=$93  trades=14  first_trade=2026-02-09 02:03  winrate=0.385  n_markets_traded=13.000  herfindahl_index_markets=0.221
12:00:52 [super] FLAGGED 0xf0b1426e809701868bf3b5961bde42d453181ab5  prob=0.207 (raw=0.482)  vol=$4  trades=2  first_trade=2026-02-06 00:48  winrate=0.289  n_markets_traded=45.000  herfindahl_index_markets=0.024
12:00:52 [super] FLAGGED 0xd4336b109077097a7192ff7349fc136a3e2d4aba  prob=0.206 (raw=0.481)  vol=$5  trades=4  first_trade=2026-02-08 23:31  winrate=0.333  n_markets_traded=9.000  herfindahl_index_markets=0.206
12:00:52 [super] FLAGGED 0xba9cd88830d316eb649edff06b236fd86d8799aa  prob=0.204 (raw=0.478)  vol=$2  trades=2  first_trade=2026-02-08 22:33  winrate=0.000  n_markets_traded=18.000  herfindahl_index_markets=0.094
12:00:52 [super] FLAGGED 0x08e318fb02d741b1f3b6ca4e560fe850a7ff9c70  prob=0.204 (raw=0.478)  vol=$4  trades=2  first_trade=2026-02-07 21:30  winrate=0.523  n_markets_traded=86.000  herfindahl_index_markets=0.046
12:00:52 [super] FLAGGED 0xeacefa9eb30578380da64aa4e94661cc558688fd  prob=0.204 (raw=0.478)  vol=$15  trades=4  first_trade=2026-02-09 00:25  winrate=0.000  n_markets_traded=7.000  herfindahl_index_markets=0.198
12:00:52 [super] FLAGGED 0x426d17367a26207af08e82c51eea409536b04449  prob=0.204 (raw=0.478)  vol=$13  trades=4  first_trade=2026-02-08 21:42  winrate=0.000  n_markets_traded=4.000  herfindahl_index_markets=0.502
12:00:52 [super] FLAGGED 0x2ce7839bcf0223d1305f4dd22b9d44912a41fb6c  prob=0.203 (raw=0.477)  vol=$20  trades=3  first_trade=2026-01-13 15:24  winrate=0.000  n_markets_traded=9.000  herfindahl_index_markets=0.111
12:00:52 [super] FLAGGED 0x5a26a49f8c279127945b3cd8f79dc6d90b066efb  prob=0.201 (raw=0.474)  vol=$6,092  trades=13  first_trade=2026-02-08 21:41  winrate=0.000  n_markets_traded=1.000  herfindahl_index_markets=1.000
12:00:52 [super] FLAGGED 0xfa0cc2bd2cfca729b89bf6def7769cafec6f7652  prob=0.200 (raw=0.472)  vol=$10  trades=4  first_trade=2026-02-09 01:04  winrate=0.067  n_markets_traded=15.000  herfindahl_index_markets=0.196
12:00:52 [super] FLAGGED 0x85fe8bb1f52e4431d4c2c2ae7057ef9c3c397446  prob=0.199 (raw=0.471)  vol=$51  trades=24  first_trade=2026-02-08 17:35  winrate=0.505  n_markets_traded=83.000  herfindahl_index_markets=0.224
12:00:52 [super] FLAGGED 0x3087e533b7d8e69389c7ed120f1dbf97b20adff2  prob=0.199 (raw=0.471)  vol=$14  trades=4  first_trade=2026-02-08 17:27  winrate=0.000  n_markets_traded=4.000  herfindahl_index_markets=0.830
12:00:52 [super] FLAGGED 0x292993b48151c57a796b1e2d043db97e4884105f  prob=0.199 (raw=0.471)  vol=$14  trades=5  first_trade=2026-02-08 11:28  winrate=0.000  n_markets_traded=13.000  herfindahl_index_markets=0.171
12:00:52 [super] FLAGGED 0xb9cf82bb58af853d017138bf9e39cb027b153014  prob=0.196 (raw=0.466)  vol=$45  trades=4  first_trade=2026-02-08 20:55  winrate=0.120  n_markets_traded=25.000  herfindahl_index_markets=0.174
12:00:52 [super] FLAGGED 0x9d7bae7beb53e1c64b2635eceb699bfcb7c8ecbe  prob=0.195 (raw=0.465)  vol=$1,220  trades=23  first_trade=2026-02-08 23:45  winrate=0.000  n_markets_traded=1.000  herfindahl_index_markets=1.000
12:00:52 [super] FLAGGED 0xc0677ece68bcb67873195c7553be8ba4ea47c575  prob=0.192 (raw=0.461)  vol=$1,455  trades=8  first_trade=2026-02-08 21:16  winrate=0.267  n_markets_traded=15.000  herfindahl_index_markets=0.159
12:00:52 [super] FLAGGED 0x6d653a4d199991b3d716e62c91342b5339dbb1f1  prob=0.192 (raw=0.460)  vol=$4  trades=4  first_trade=2026-02-09 00:11  winrate=0.000  n_markets_traded=8.000  herfindahl_index_markets=0.260
12:00:52 [super] FLAGGED 0xebc59318b0a070c06fa171bd1d2f485b16364fe7  prob=0.191 (raw=0.460)  vol=$32,947  trades=77  first_trade=2026-02-08 16:57  winrate=0.538  n_markets_traded=13.000  herfindahl_index_markets=0.261
12:00:52 [super] FLAGGED 0xb8932ed390bf1a487cf464faccbfbbcab50f8b91  prob=0.191 (raw=0.459)  vol=$19  trades=4  first_trade=2026-02-08 23:41  winrate=0.000  n_markets_traded=4.000  herfindahl_index_markets=0.309
12:00:52 [super] FLAGGED 0x4e757b65385f3ef148ab3c55b102dc225cea0f8d  prob=0.191 (raw=0.459)  vol=$72  trades=3  first_trade=2026-02-09 04:06  winrate=0.667  n_markets_traded=3.000  herfindahl_index_markets=0.543
12:00:52 [super] FLAGGED 0xf9af74c89dc25cd9275a03a0858d137a156a3dbc  prob=0.191 (raw=0.458)  vol=$1  trades=1  first_trade=2026-01-10 12:17  winrate=0.091  n_markets_traded=11.000  herfindahl_index_markets=0.316
12:00:52 [super] FLAGGED 0x0c3d7dc109d061e9077708d4356e67582716b122  prob=0.190 (raw=0.458)  vol=$3  trades=1  first_trade=2026-02-02 09:53  winrate=NaN  n_markets_traded=0.000  herfindahl_index_markets=0.000
12:00:52 [super] FLAGGED 0x960eb3442f920f6447c35ab56e4339b25b9a77d6  prob=0.190 (raw=0.457)  vol=$2,198  trades=12  first_trade=2026-02-09 01:22  winrate=0.478  n_markets_traded=23.000  herfindahl_index_markets=0.071
12:00:52 [super] FLAGGED 0x0fa95081f5ec5399142ddd8a0d69e006fb6ec8e9  prob=0.189 (raw=0.456)  vol=$7  trades=4  first_trade=2026-02-08 21:52  winrate=0.000  n_markets_traded=14.000  herfindahl_index_markets=0.107
12:00:52 [super] FLAGGED 0x9b2d0e689f948617ab46e673390cebca8c5f4fa5  prob=0.189 (raw=0.456)  vol=$14  trades=2  first_trade=2026-02-08 20:28  winrate=0.259  n_markets_traded=27.000  herfindahl_index_markets=0.093
12:00:52 [super] FLAGGED 0x07d84a4f0e8d1fcb1edb5d7f66e35665a7067a55  prob=0.189 (raw=0.456)  vol=$372  trades=6  first_trade=2026-02-08 23:54  winrate=0.091  n_markets_traded=11.000  herfindahl_index_markets=0.139
12:00:52 [super] FLAGGED 0x827df3770a42707f1d127bd5e1b4b87f346fdf4e  prob=0.188 (raw=0.454)  vol=$10,978  trades=6  first_trade=2026-02-09 13:20  winrate=0.667  n_markets_traded=6.000  herfindahl_index_markets=0.285
12:00:52 [super] FLAGGED 0xd6b2f3bf9f8e7c1357f8ec511cbc32124a26229c  prob=0.188 (raw=0.454)  vol=$6  trades=4  first_trade=2026-02-08 23:09  winrate=0.000  n_markets_traded=8.000  herfindahl_index_markets=0.125
12:00:52 [super] FLAGGED 0x8c74273dc1830679afae090d1a53abc308851b55  prob=0.183 (raw=0.447)  vol=$109,711  trades=43  first_trade=2026-02-09 01:53  winrate=0.900  n_markets_traded=10.000  herfindahl_index_markets=0.109
12:00:52 [super] FLAGGED 0x359a168be98faa1068328412ec026e9e951601f0  prob=0.181 (raw=0.444)  vol=$293  trades=5  first_trade=2026-02-09 02:27  winrate=0.500  n_markets_traded=2.000  herfindahl_index_markets=0.532
12:00:52 [super] FLAGGED 0x6db6ac7fdd8c7e887fdb81ceee15aafea3543297  prob=0.179 (raw=0.441)  vol=$13  trades=4  first_trade=2026-02-08 22:14  winrate=0.000  n_markets_traded=24.000  herfindahl_index_markets=0.072
12:00:52 [super] FLAGGED 0xa11428efff87f09770e4f7540b1772fdc96f9478  prob=0.178 (raw=0.439)  vol=$106  trades=17  first_trade=2026-01-10 11:13  winrate=0.200  n_markets_traded=10.000  herfindahl_index_markets=0.314
12:00:52 [super] FLAGGED 0xd165e81bec5e8551ea69ccbbf3cef6451bf5b34c  prob=0.178 (raw=0.438)  vol=$6,183  trades=11  first_trade=2026-02-09 00:56  winrate=0.000  n_markets_traded=4.000  herfindahl_index_markets=0.353
12:00:52 [super] FLAGGED 0x3d4c74f16ec58b355f23b9598b2ea373fbb4a8b7  prob=0.177 (raw=0.438)  vol=$168  trades=10  first_trade=2026-02-08 16:59  winrate=0.000  n_markets_traded=2.000  herfindahl_index_markets=0.509
12:00:52 [super] FLAGGED 0xffda6d6fbdbfd5fe0543dc5399d5056a433c207f  prob=0.177 (raw=0.437)  vol=$7  trades=2  first_trade=2026-01-19 18:38  winrate=0.250  n_markets_traded=4.000  herfindahl_index_markets=0.336
12:00:52 [super] FLAGGED 0x103ec58667548645ecc9edb123abc9ff66c96ac6  prob=0.176 (raw=0.436)  vol=$2  trades=2  first_trade=2026-02-08 14:15  winrate=0.200  n_markets_traded=30.000  herfindahl_index_markets=0.110
12:00:52 [super] FLAGGED 0xebd5202c97a454c46b8d55726d4429b853edfab5  prob=0.176 (raw=0.436)  vol=$26  trades=4  first_trade=2026-02-09 01:00  winrate=0.278  n_markets_traded=18.000  herfindahl_index_markets=0.074
12:00:52 [super] FLAGGED 0x8158ff6200ebe2506c880e40f4737bd985df0fe3  prob=0.174 (raw=0.433)  vol=$34  trades=2  first_trade=2026-02-08 23:47  winrate=0.217  n_markets_traded=23.000  herfindahl_index_markets=0.188
12:00:52 [super] FLAGGED 0x68dd3e808f70e448d9ad4c1c4b7087c3386dd53e  prob=0.171 (raw=0.427)  vol=$9  trades=3  first_trade=2026-01-10 11:07  winrate=0.167  n_markets_traded=12.000  herfindahl_index_markets=0.244
12:00:52 [super] FLAGGED 0xf3efbf17e94138658d7f8b4ef2a1673a3db40042  prob=0.170 (raw=0.426)  vol=$19  trades=4  first_trade=2026-01-10 12:03  winrate=0.000  n_markets_traded=9.000  herfindahl_index_markets=0.337
12:00:52 [super] FLAGGED 0x8bc82fb9c60031e3afced8210a5fe77f55af4642  prob=0.170 (raw=0.426)  vol=$17  trades=5  first_trade=2026-02-08 21:15  winrate=0.000  n_markets_traded=13.000  herfindahl_index_markets=0.106
12:00:52 [super] FLAGGED 0x5a31b2cc002384c77743746305322d8cd1e3dfb4  prob=0.169 (raw=0.423)  vol=$6  trades=4  first_trade=2026-02-08 23:14  winrate=0.000  n_markets_traded=8.000  herfindahl_index_markets=0.125
12:00:52 [super] FLAGGED 0x9848520606536331184f996973063b92668f7cc4  prob=0.168 (raw=0.423)  vol=$1,110  trades=9  first_trade=2026-02-08 22:01  winrate=0.200  n_markets_traded=5.000  herfindahl_index_markets=0.329
12:00:52 [super] FLAGGED 0x4f9e486baf1e2d27652039b44b9419c879de54f8  prob=0.168 (raw=0.423)  vol=$13  trades=4  first_trade=2026-02-08 22:52  winrate=0.000  n_markets_traded=5.000  herfindahl_index_markets=0.641
12:00:52 [super] FLAGGED 0x0db6bb077734e9ed330588733709ab9e2736e1ba  prob=0.166 (raw=0.420)  vol=$244  trades=5  first_trade=2026-02-06 21:20  winrate=0.760  n_markets_traded=25.000  herfindahl_index_markets=0.094
12:00:52 [super] FLAGGED 0x3138d116de60747f3ec7813bccf04c33b6cbbad5  prob=0.166 (raw=0.419)  vol=$39  trades=6  first_trade=2026-02-08 22:33  winrate=0.000  n_markets_traded=3.000  herfindahl_index_markets=0.338
12:00:52 [super] FLAGGED 0x4ce6a4880c84c569b8d2be55a6c5dbd4627926d5  prob=0.164 (raw=0.417)  vol=$30  trades=4  first_trade=2026-02-08 21:57  winrate=0.286  n_markets_traded=7.000  herfindahl_index_markets=0.338
12:00:52 [super] FLAGGED 0xc81fc62afaa1913196ec9f7731ebdc80cf9716f1  prob=0.164 (raw=0.416)  vol=$159  trades=12  first_trade=2026-02-09 01:33  winrate=0.605  n_markets_traded=29.000  herfindahl_index_markets=0.257
12:00:52 [super] FLAGGED 0xcd13eedd55629bdd9fdc8fc2c2c002f3df846abb  prob=0.163 (raw=0.414)  vol=$2  trades=2  first_trade=2026-02-09 01:44  winrate=0.091  n_markets_traded=11.000  herfindahl_index_markets=0.101
12:00:52 [super] FLAGGED 0x5d26824ebca2a2fe429e0853e1fe19fef162e786  prob=0.162 (raw=0.413)  vol=$52  trades=4  first_trade=2025-12-24 17:25  winrate=0.000  n_markets_traded=1.000  herfindahl_index_markets=1.000
12:00:52 [super] FLAGGED 0xedb688316258d23aeb9c2d639b4cc88fab34e62f  prob=0.162 (raw=0.413)  vol=$40  trades=6  first_trade=2026-02-07 22:07  winrate=0.000  n_markets_traded=1.000  herfindahl_index_markets=1.000
12:00:52 [super] FLAGGED 0x3f009247161e063981536d6f728ea48a51f54137  prob=0.161 (raw=0.411)  vol=$12  trades=4  first_trade=2026-02-09 01:44  winrate=0.182  n_markets_traded=11.000  herfindahl_index_markets=0.251
12:00:52 [super] FLAGGED 0xdbdac9cff7dc46a479351c53554ab55782d11971  prob=0.161 (raw=0.410)  vol=$22  trades=7  first_trade=2026-02-07 22:43  winrate=0.091  n_markets_traded=11.000  herfindahl_index_markets=0.163
12:00:52 [super] FLAGGED 0xf5cfe6f998d597085e366f915b140e82e0869fc6  prob=0.159 (raw=0.406)  vol=$90  trades=13  first_trade=2026-02-09 00:03  winrate=0.034  n_markets_traded=29.000  herfindahl_index_markets=0.480
12:00:52 [super] FLAGGED 0xa70d3b6bd7036a7169e30a2c13062c70febf6c5e  prob=0.157 (raw=0.404)  vol=$43  trades=3  first_trade=2026-02-09 01:47  winrate=0.405  n_markets_traded=37.000  herfindahl_index_markets=0.034
12:00:52 [super] FLAGGED 0x7248a1c4eeccf34d91e7f93a08dd7632e05a430a  prob=0.157 (raw=0.404)  vol=$24  trades=10  first_trade=2026-02-05 14:45  winrate=NaN  n_markets_traded=0.000  herfindahl_index_markets=0.000
12:00:52 [super] FLAGGED 0x7b27f9e049f42e2372d56ffaf9a9b7fa0029e9fa  prob=0.156 (raw=0.402)  vol=$61  trades=4  first_trade=2026-02-09 01:27  winrate=0.100  n_markets_traded=10.000  herfindahl_index_markets=0.149
12:00:52 [super] FLAGGED 0x5f351c5ce0c82d05d6e581e76b6f8d1773705016  prob=0.156 (raw=0.401)  vol=$200  trades=2  first_trade=2026-02-09 04:25  winrate=0.364  n_markets_traded=11.000  herfindahl_index_markets=0.496
12:00:52 [super] FLAGGED 0x640a64e22c8541007dac4fab9ca323cacf561ec3  prob=0.155 (raw=0.401)  vol=$28  trades=1  first_trade=2026-02-09 02:34  winrate=0.333  n_markets_traded=21.000  herfindahl_index_markets=0.513
12:00:52 [super] FLAGGED 0x2d716f8a5b0afd9e1903b65dfde774a2fe4069d0  prob=0.155 (raw=0.400)  vol=$67  trades=10  first_trade=2026-02-08 05:10  winrate=0.000  n_markets_traded=1.000  herfindahl_index_markets=1.000
12:00:52 [super] FLAGGED 0x9a30ad13c1e9f392d3627777f2624c6aa1cb8363  prob=0.155 (raw=0.400)  vol=$69  trades=8  first_trade=2026-02-09 00:49  winrate=0.000  n_markets_traded=3.000  herfindahl_index_markets=0.399
12:00:52 [super] FLAGGED 0xbaab7c3a1d294e4f2c275a328ab5396c4b3be9de  prob=0.155 (raw=0.399)  vol=$4,636  trades=5  first_trade=2026-02-09 16:15  winrate=0.333  n_markets_traded=6.000  herfindahl_index_markets=0.303
12:00:52 [super] FLAGGED 0xa1ce72bca1070b74600c71161f5731028adc6641  prob=0.155 (raw=0.399)  vol=$345  trades=6  first_trade=2026-02-08 17:05  winrate=0.000  n_markets_traded=2.000  herfindahl_index_markets=0.557
12:00:52 [super] FLAGGED 0x3464d4417f7f1cd0de737cac4cd8fa45ba84470b  prob=0.154 (raw=0.398)  vol=$5  trades=4  first_trade=2026-01-21 07:46  winrate=0.000  n_markets_traded=4.000  herfindahl_index_markets=0.250
12:00:52 [super] FLAGGED 0x674bd60fd7b781fdfd707bb3d559402f5ec2762c  prob=0.153 (raw=0.396)  vol=$13,982  trades=24  first_trade=2026-02-09 01:47  winrate=0.414  n_markets_traded=29.000  herfindahl_index_markets=0.126
12:00:52 [super] FLAGGED 0x1cc3d632e2534648b6b26677b232ce6dac9e75f6  prob=0.153 (raw=0.396)  vol=$32  trades=4  first_trade=2026-02-06 14:05  winrate=0.000  n_markets_traded=11.000  herfindahl_index_markets=0.098
12:00:52 [super] FLAGGED 0x47dea8cc7920d6b7a8011fdbe6b7d2cbacb761f9  prob=0.152 (raw=0.395)  vol=$2,653  trades=184  first_trade=2026-02-07 09:00  winrate=0.000  n_markets_traded=9.000  herfindahl_index_markets=0.578
12:00:52 [super] FLAGGED 0x01e847faf0ac7a49fc05a70c8a09636070a2bbf5  prob=0.152 (raw=0.395)  vol=$111  trades=7  first_trade=2026-02-08 21:16  winrate=0.200  n_markets_traded=5.000  herfindahl_index_markets=0.406
12:00:52 [super] FLAGGED 0x2e2d5fbd6a786017acab20ca89ee81a27fc7dd6e  prob=0.152 (raw=0.395)  vol=$29  trades=6  first_trade=2026-02-03 10:15  winrate=0.000  n_markets_traded=7.000  herfindahl_index_markets=0.268
12:00:52 [super] FLAGGED 0x98a02670badc583166514e71df2f39251709b4c2  prob=0.150 (raw=0.391)  vol=$9  trades=3  first_trade=2026-01-10 14:44  winrate=0.385  n_markets_traded=13.000  herfindahl_index_markets=0.190
12:00:52 [super] FLAGGED 0xf63e5099ff8f1ac8aaa5caa0621c5de242c1d3af  prob=0.150 (raw=0.391)  vol=$32  trades=4  first_trade=2026-02-09 01:29  winrate=0.250  n_markets_traded=4.000  herfindahl_index_markets=0.280
12:00:52 [super] FLAGGED 0x1e7ff0dd354df40c61010065e8bebcc3ba6790c1  prob=0.149 (raw=0.389)  vol=$949  trades=7  first_trade=2026-02-09 01:39  winrate=0.500  n_markets_traded=2.000  herfindahl_index_markets=0.504
12:00:52 [super] FLAGGED 0xef6cd9a59406e81bc2bd5893e02edf7e58cc7de7  prob=0.149 (raw=0.389)  vol=$73  trades=3  first_trade=2026-02-09 02:11  winrate=0.000  n_markets_traded=4.000  herfindahl_index_markets=0.265
12:00:52 [super] FLAGGED 0x5a38bad15be54ad15767e75b50209e3e09a33d33  prob=0.147 (raw=0.385)  vol=$76  trades=4  first_trade=2026-02-08 00:35  winrate=0.000  n_markets_traded=9.000  herfindahl_index_markets=0.165
12:00:52 [super] FLAGGED 0x0bd467429a836dcbe21317f1ad35b1fefa848270  prob=0.146 (raw=0.384)  vol=$11  trades=6  first_trade=2026-02-02 16:43  winrate=0.000  n_markets_traded=10.000  herfindahl_index_markets=0.123
12:00:52 [super] FLAGGED 0xb665b3b012728be525345a3d0560a84a199a986a  prob=0.146 (raw=0.384)  vol=$8  trades=3  first_trade=2026-02-04 01:33  winrate=0.150  n_markets_traded=40.000  herfindahl_index_markets=0.039
12:00:52 [super] FLAGGED 0x9e6f2fd5cfedf2e3123e8e11ee97e31389755e4f  prob=0.146 (raw=0.383)  vol=$62  trades=3  first_trade=2026-01-19 04:06  winrate=0.400  n_markets_traded=10.000  herfindahl_index_markets=0.126
12:00:52 [super] FLAGGED 0x4482ac40a6d4d7cbf37f247db0674dcad42d5d4b  prob=0.146 (raw=0.383)  vol=$126  trades=19  first_trade=2026-02-09 01:22  winrate=0.196  n_markets_traded=102.000  herfindahl_index_markets=0.049
12:00:52 [super] FLAGGED 0xa66d0269e85bf585c9c4aa68b90ecb1bca150859  prob=0.145 (raw=0.381)  vol=$162  trades=30  first_trade=2026-01-29 23:00  winrate=NaN  n_markets_traded=0.000  herfindahl_index_markets=0.000
12:00:52 [super] FLAGGED 0x655672ec39f5bdf554e9490c9c3931519fb326d6  prob=0.144 (raw=0.380)  vol=$2,273  trades=7  first_trade=2026-02-08 18:47  winrate=0.429  n_markets_traded=14.000  herfindahl_index_markets=0.110
12:00:52 [super] FLAGGED 0x8d58f8122e47a3051fffded15c782730fda469cc  prob=0.144 (raw=0.380)  vol=$5  trades=2  first_trade=2026-01-10 14:52  winrate=0.308  n_markets_traded=13.000  herfindahl_index_markets=0.164
12:00:52 [super] FLAGGED 0x99acfc821431552aebd208234b50ebeea1ef1397  prob=0.144 (raw=0.380)  vol=$124  trades=14  first_trade=2026-02-08 23:12  winrate=0.286  n_markets_traded=7.000  herfindahl_index_markets=0.212
12:00:52 [super] FLAGGED 0xed4ea688c9cdad44019300cd6b75942b80f1ab6b  prob=0.144 (raw=0.379)  vol=$3  trades=4  first_trade=2026-02-09 00:24  winrate=0.167  n_markets_traded=6.000  herfindahl_index_markets=0.510
12:00:52 [super] FLAGGED 0x3be5f6e1f9ce2ee57da33a8722f13a11c719cddd  prob=0.142 (raw=0.376)  vol=$12  trades=4  first_trade=2026-02-08 20:04  winrate=0.083  n_markets_traded=12.000  herfindahl_index_markets=0.142
12:00:52 [super] FLAGGED 0x3ee00b5372f904be5296cda02f529eccbebb974a  prob=0.140 (raw=0.372)  vol=$8  trades=2  first_trade=2026-02-09 02:07  winrate=0.319  n_markets_traded=47.000  herfindahl_index_markets=0.045
12:00:52 [super] FLAGGED 0x7560142c3b0bfef88af9c048ea98e186d801893e  prob=0.140 (raw=0.371)  vol=$723  trades=12  first_trade=2026-02-09 00:20  winrate=0.000  n_markets_traded=4.000  herfindahl_index_markets=0.500
12:00:52 [super] FLAGGED 0xa1eb095b95632112b5482bb85b9cf9321773bf6b  prob=0.139 (raw=0.371)  vol=$6  trades=3  first_trade=2026-01-10 21:59  winrate=0.417  n_markets_traded=12.000  herfindahl_index_markets=0.193
12:00:52 [super] FLAGGED 0x4438672e0e7230ca28583fd975abee4843ffbeb2  prob=0.139 (raw=0.370)  vol=$66  trades=5  first_trade=2026-02-08 23:50  winrate=0.000  n_markets_traded=1.000  herfindahl_index_markets=1.000
12:00:52 [super] FLAGGED 0x9ff7d7ca32fd546a9bf3335b42f9d4d899b8c712  prob=0.138 (raw=0.368)  vol=$10  trades=4  first_trade=2026-02-08 21:39  winrate=0.067  n_markets_traded=15.000  herfindahl_index_markets=0.084
12:00:52 [super] FLAGGED 0x8e9f3342d587141ed5e8568e623bc9b9e1077eb2  prob=0.138 (raw=0.368)  vol=$32  trades=6  first_trade=2026-01-10 10:42  winrate=0.200  n_markets_traded=10.000  herfindahl_index_markets=0.245
12:00:52 [super] FLAGGED 0xdb0c0d9b8998e37ea8cf06ced12c4d8ce7deb9d9  prob=0.138 (raw=0.367)  vol=$28  trades=8  first_trade=2026-01-14 11:44  winrate=0.000  n_markets_traded=5.000  herfindahl_index_markets=0.301
12:00:52 [super] FLAGGED 0xd81790fdfc8a79fad32d54baa6bcbda2dc268ed2  prob=0.137 (raw=0.367)  vol=$55  trades=4  first_trade=2026-02-09 01:13  winrate=0.000  n_markets_traded=5.000  herfindahl_index_markets=0.469
12:00:52 [super] FLAGGED 0x3eca058b15a932c9ebae4b38f6a9b3d9587f6458  prob=0.136 (raw=0.365)  vol=$32  trades=2  first_trade=2026-02-08 10:57  winrate=0.222  n_markets_traded=27.000  herfindahl_index_markets=0.297
12:00:52 [super] FLAGGED 0xff36c717909a7bad60e74eed3418009ff481e757  prob=0.136 (raw=0.365)  vol=$1,362  trades=7  first_trade=2026-02-08 20:44  winrate=0.615  n_markets_traded=109.000  herfindahl_index_markets=0.030
12:00:52 [super] FLAGGED 0xe8216cacd015f916d1c74e93f3162b41c7592550  prob=0.136 (raw=0.364)  vol=$7  trades=2  first_trade=2026-02-09 01:08  winrate=0.000  n_markets_traded=1.000  herfindahl_index_markets=1.000
12:00:52 [super] FLAGGED 0xfed71ffe9e9d96cf0fd344af74d5c0e9ac115b54  prob=0.136 (raw=0.364)  vol=$21  trades=4  first_trade=2026-02-09 01:09  winrate=0.000  n_markets_traded=14.000  herfindahl_index_markets=0.080
12:00:52 [super] FLAGGED 0xaecc26ac9875f84bfe6db3633ff5a3eabb2f1cb1  prob=0.135 (raw=0.363)  vol=$297  trades=3  first_trade=2026-02-09 01:42  winrate=0.500  n_markets_traded=2.000  herfindahl_index_markets=0.565
12:00:52 [super] FLAGGED 0x3153be4420ec3cc896af83078274fc330feb2a9a  prob=0.135 (raw=0.362)  vol=$16  trades=2  first_trade=2026-02-05 02:51  winrate=0.419  n_markets_traded=31.000  herfindahl_index_markets=0.290
12:00:52 [super] FLAGGED 0x7e9d0a5124317edb081ccf7d18d53d8be1e4bf8f  prob=0.135 (raw=0.362)  vol=$16  trades=2  first_trade=2026-02-05 02:52  winrate=0.448  n_markets_traded=29.000  herfindahl_index_markets=0.300
12:00:52 [super] FLAGGED 0x9ae539bfdea1aa755c9c57783f1c632c58ac910a  prob=0.134 (raw=0.361)  vol=$1,020  trades=3  first_trade=2026-02-09 01:47  winrate=0.185  n_markets_traded=146.000  herfindahl_index_markets=0.045
12:00:52 [super] FLAGGED 0xe407fc878f0025aada872461e858d8ecd37334d3  prob=0.134 (raw=0.360)  vol=$75  trades=3  first_trade=2026-02-08 23:24  winrate=0.000  n_markets_traded=5.000  herfindahl_index_markets=0.240
12:00:52 [super] FLAGGED 0xe4ba2d4b557443cb74bc589cdbd383720a297856  prob=0.133 (raw=0.359)  vol=$31  trades=14  first_trade=2026-02-05 15:36  winrate=0.109  n_markets_traded=64.000  herfindahl_index_markets=0.083
12:00:52 [super] FLAGGED 0x997721496a279e4ff83d74b78fa8e46deab8e023  prob=0.133 (raw=0.358)  vol=$64  trades=4  first_trade=2026-02-09 01:22  winrate=0.217  n_markets_traded=83.000  herfindahl_index_markets=0.034
12:00:52 [super] FLAGGED 0xe04afb98d76593be302f9760adfaa9afb346667f  prob=0.133 (raw=0.357)  vol=$85  trades=9  first_trade=2026-02-09 03:49  winrate=0.000  n_markets_traded=4.000  herfindahl_index_markets=0.393
12:00:52 [super] FLAGGED 0x4c74da4a4e4828c1ac954819341c5769fa1778a4  prob=0.131 (raw=0.355)  vol=$83  trades=2  first_trade=2026-02-09 01:12  winrate=0.250  n_markets_traded=12.000  herfindahl_index_markets=0.769
12:00:52 [super] FLAGGED 0x3c10225165f57879514200106f70ec4cae547a35  prob=0.129 (raw=0.351)  vol=$646  trades=3  first_trade=2026-02-08 22:48  winrate=0.234  n_markets_traded=64.000  herfindahl_index_markets=0.053
12:00:52 [super] FLAGGED 0xb41a7a4b024ce893e9da39add1411e7ff77fc850  prob=0.129 (raw=0.350)  vol=$20  trades=6  first_trade=2026-02-07 09:38  winrate=0.053  n_markets_traded=19.000  herfindahl_index_markets=0.061
12:00:52 [super] FLAGGED 0x1f5b0a8222a4eba1047adb7abef676fc5e59a891  prob=0.129 (raw=0.350)  vol=$80  trades=3  first_trade=2026-02-09 00:18  winrate=0.120  n_markets_traded=25.000  herfindahl_index_markets=0.241
12:00:52 [super] FLAGGED 0x80f7e80c39c4dcddefb235382a5871eda60a10c0  prob=0.129 (raw=0.349)  vol=$14  trades=4  first_trade=2026-02-08 22:51  winrate=0.000  n_markets_traded=2.000  herfindahl_index_markets=0.667
12:00:52 [super] FLAGGED 0xe4e4982afcfa6d07639a10518fc5f584e069157f  prob=0.128 (raw=0.348)  vol=$64  trades=4  first_trade=2026-02-09 00:59  winrate=0.513  n_markets_traded=78.000  herfindahl_index_markets=0.033
12:00:52 [super] FLAGGED 0x243fa2da2c1f625e54bb4fef048841b48d6af2ef  prob=0.128 (raw=0.348)  vol=$29  trades=4  first_trade=2026-02-08 22:58  winrate=0.000  n_markets_traded=4.000  herfindahl_index_markets=0.797
12:00:52 [super] FLAGGED 0xeedbc7bcc22f14e16f2cdf7ac01243bc806359e5  prob=0.127 (raw=0.347)  vol=$291  trades=10  first_trade=2026-02-09 00:40  winrate=0.667  n_markets_traded=7.000  herfindahl_index_markets=0.691
12:00:52 [super] FLAGGED 0x637e03c64a7067ab115977f1556588e22f398a05  prob=0.127 (raw=0.346)  vol=$68  trades=15  first_trade=2026-02-03 06:36  winrate=0.000  n_markets_traded=4.000  herfindahl_index_markets=0.348
12:00:52 [super] FLAGGED 0x6c8e3833eae179d4c7e97b8b21573710a3740259  prob=0.127 (raw=0.346)  vol=$155  trades=6  first_trade=2026-02-09 01:31  winrate=0.000  n_markets_traded=7.000  herfindahl_index_markets=0.164
12:00:52 [super] FLAGGED 0x2d8f8289a29bdcfd4749c4b1f32051022da9f22d  prob=0.127 (raw=0.345)  vol=$1  trades=1  first_trade=2026-01-10 15:31  winrate=0.312  n_markets_traded=16.000  herfindahl_index_markets=0.206
12:00:52 [super] FLAGGED 0x20ca16e026ea08ee938a0155bcabf7e1831004b5  prob=0.126 (raw=0.344)  vol=$43  trades=8  first_trade=2026-02-08 22:19  winrate=0.000  n_markets_traded=5.000  herfindahl_index_markets=0.210
12:00:52 [super] FLAGGED 0x9df2ecfd6fb9f0c7300adf3bc50b860070d8d4a9  prob=0.126 (raw=0.344)  vol=$90  trades=2  first_trade=2026-01-31 22:43  winrate=0.235  n_markets_traded=51.000  herfindahl_index_markets=0.051
12:00:52 [super] FLAGGED 0xbeb52ae1575327b1d02f4d606c964531d1fc619a  prob=0.126 (raw=0.343)  vol=$32  trades=6  first_trade=2026-01-10 12:32  winrate=0.438  n_markets_traded=16.000  herfindahl_index_markets=0.217
12:00:52 [super] FLAGGED 0x23f3361fe37c9f80989b13fd0de9fc2ff918fa85  prob=0.125 (raw=0.342)  vol=$16  trades=4  first_trade=2026-02-09 00:59  winrate=0.000  n_markets_traded=12.000  herfindahl_index_markets=0.101
12:00:52 [super] FLAGGED 0x0a2cd88b2bcc30f120d2f389f3ba3de77eafb76f  prob=0.125 (raw=0.341)  vol=$16  trades=4  first_trade=2026-02-04 16:18  winrate=0.200  n_markets_traded=5.000  herfindahl_index_markets=0.319
12:00:52 [super] FLAGGED 0x96ba484ba16d1e75934087baefc52e8ee82b7bbe  prob=0.124 (raw=0.340)  vol=$73  trades=12  first_trade=2026-02-03 14:32  winrate=0.222  n_markets_traded=9.000  herfindahl_index_markets=0.284
12:00:52 [super] FLAGGED 0x7aa0823603d92ec994ff029dc70b76aacdc937dd  prob=0.124 (raw=0.340)  vol=$15  trades=4  first_trade=2026-02-04 15:47  winrate=NaN  n_markets_traded=0.000  herfindahl_index_markets=0.000
12:00:52 [super] FLAGGED 0x949d8e58b9f95ee2029d561466a362f83a05374c  prob=0.124 (raw=0.340)  vol=$22  trades=7  first_trade=2026-02-08 22:28  winrate=0.489  n_markets_traded=178.000  herfindahl_index_markets=0.009
12:00:52 [super] FLAGGED 0xde393c9b6e7a2eb77b3660f395b7cbe1325ff3b5  prob=0.124 (raw=0.340)  vol=$166  trades=12  first_trade=2026-02-09 01:23  winrate=0.362  n_markets_traded=57.000  herfindahl_index_markets=0.136
12:00:52 [super] FLAGGED 0x5739c38d9f041ac96b331b83b1fcd3f91d1910da  prob=0.124 (raw=0.339)  vol=$29,473  trades=25  first_trade=2026-02-09 12:08  winrate=0.500  n_markets_traded=2.000  herfindahl_index_markets=0.995
12:00:52 [super] FLAGGED 0x370c671980712b4014fc6900766c0c6c66923eb1  prob=0.123 (raw=0.338)  vol=$166  trades=21  first_trade=2026-02-08 15:30  winrate=NaN  n_markets_traded=0.000  herfindahl_index_markets=0.000
12:00:52 [super] FLAGGED 0x286df6e88bd0755d14c31660759e8fd3ac1d37c7  prob=0.123 (raw=0.338)  vol=$66  trades=2  first_trade=2026-02-09 01:58  winrate=0.571  n_markets_traded=7.000  herfindahl_index_markets=0.179
12:00:52 [super] FLAGGED 0x3bad46e3d0a3d2ee700ecfea22912e9b0133e1ae  prob=0.122 (raw=0.335)  vol=$51  trades=6  first_trade=2026-02-09 00:24  winrate=0.000  n_markets_traded=5.000  herfindahl_index_markets=0.403
12:00:52 [super] FLAGGED 0xd11f3cfedbf91af200a4d5f62d1de692e0730fe8  prob=0.122 (raw=0.335)  vol=$10  trades=5  first_trade=2026-02-07 13:55  winrate=0.166  n_markets_traded=169.000  herfindahl_index_markets=0.036
12:00:52 [super] FLAGGED 0x95231bd549027cc077d0a3486064a67fbdf2a6b9  prob=0.121 (raw=0.332)  vol=$40  trades=4  first_trade=2026-02-08 08:02  winrate=0.174  n_markets_traded=23.000  herfindahl_index_markets=0.075
12:00:52 [super] FLAGGED 0xfa1f000ea254077fb8eb35897294b15cf2575e20  prob=0.120 (raw=0.331)  vol=$1,220  trades=9  first_trade=2026-02-08 18:19  winrate=0.000  n_markets_traded=6.000  herfindahl_index_markets=0.412
12:00:52 [super] FLAGGED 0xb6e36cc4f072dac67bcf660bf930ff9ede9b848f  prob=0.119 (raw=0.329)  vol=$56  trades=13  first_trade=2026-02-06 11:31  winrate=0.143  n_markets_traded=7.000  herfindahl_index_markets=0.339
12:00:52 [super] FLAGGED 0xa8fd12cd9ef27bb5048339aa833d195926dfd532  prob=0.119 (raw=0.328)  vol=$4  trades=10  first_trade=2026-02-05 16:11  winrate=0.000  n_markets_traded=1.000  herfindahl_index_markets=1.000
12:00:52 [super] FLAGGED 0x4ac1ae22eed37cef01b1374f7002628cdbcfce01  prob=0.118 (raw=0.326)  vol=$2,205  trades=14  first_trade=2026-02-08 16:27  winrate=0.125  n_markets_traded=8.000  herfindahl_index_markets=0.525
12:00:52 [super] FLAGGED 0x80d8c1037addb01d0b7c64b81f3bb8e60ab438c7  prob=0.118 (raw=0.326)  vol=$23  trades=2  first_trade=2026-02-07 04:36  winrate=0.375  n_markets_traded=31.000  herfindahl_index_markets=0.309
12:00:52 [super] FLAGGED 0xd1b47049bd84cd2ac94b46d801c9273f220be735  prob=0.118 (raw=0.325)  vol=$93  trades=28  first_trade=2026-02-09 02:42  winrate=0.000  n_markets_traded=1.000  herfindahl_index_markets=1.000
12:00:52 [super] FLAGGED 0x7ebef9227563afc57a49eec33d29b02a1d4b5be5  prob=0.118 (raw=0.325)  vol=$14  trades=3  first_trade=2026-01-10 20:24  winrate=0.167  n_markets_traded=12.000  herfindahl_index_markets=0.166
12:00:52 [super] FLAGGED 0x13d7a220d438cc293037c7a48db4eff88cb8f878  prob=0.117 (raw=0.325)  vol=$3,002  trades=15  first_trade=2026-02-09 08:51  winrate=0.000  n_markets_traded=1.000  herfindahl_index_markets=1.000
12:00:52 [super] FLAGGED 0x3bcd84d6859fd8fe445b494fd4c246f15ce3a976  prob=0.117 (raw=0.324)  vol=$279  trades=4  first_trade=2026-02-09 16:18  winrate=0.000  n_markets_traded=1.000  herfindahl_index_markets=1.000
12:00:52 [super] FLAGGED 0x22a9186b4d9237da95e43e00322ef01bd09bde6d  prob=0.117 (raw=0.324)  vol=$81  trades=6  first_trade=2026-02-07 07:07  winrate=0.405  n_markets_traded=42.000  herfindahl_index_markets=0.039
12:00:52 [super] FLAGGED 0xd02da934e129d86eed4fb3a177ca57767183188a  prob=0.117 (raw=0.324)  vol=$38  trades=4  first_trade=2026-02-08 11:45  winrate=0.000  n_markets_traded=6.000  herfindahl_index_markets=0.180
12:00:52 [super] FLAGGED 0x6b6c4ffc615238eb023e133279f6cccbdf91b8ea  prob=0.117 (raw=0.324)  vol=$166  trades=12  first_trade=2026-02-09 00:47  winrate=0.370  n_markets_traded=27.000  herfindahl_index_markets=0.091
12:00:52 [super] FLAGGED 0x842451971e0a67073b9ff07919e62ba8c6e178a5  prob=0.116 (raw=0.322)  vol=$513  trades=10  first_trade=2026-02-09 08:59  winrate=0.000  n_markets_traded=1.000  herfindahl_index_markets=1.000
12:00:52 [super] FLAGGED 0xbe41294afaa5f80309ba0b9220c125983570efa3  prob=0.115 (raw=0.320)  vol=$32  trades=10  first_trade=2026-02-09 00:41  winrate=0.250  n_markets_traded=8.000  herfindahl_index_markets=0.173
12:00:52 [super] FLAGGED 0x1c266db0f8529b1f25b77123e9c0c918ac2f6e31  prob=0.114 (raw=0.318)  vol=$7,511  trades=521  first_trade=2026-01-25 14:14  winrate=NaN  n_markets_traded=0.000  herfindahl_index_markets=0.000
12:00:52 [super] FLAGGED 0xa44249937cef98e2ba306107e09e18a9604cd722  prob=0.114 (raw=0.318)  vol=$20  trades=4  first_trade=2026-02-09 01:33  winrate=NaN  n_markets_traded=0.000  herfindahl_index_markets=0.000
12:00:52 [super] FLAGGED 0xf41619c4e75c7567e8dde6119afbda4b4c16a8a3  prob=0.114 (raw=0.317)  vol=$9,529  trades=42  first_trade=2026-02-07 23:54  winrate=0.000  n_markets_traded=1.000  herfindahl_index_markets=1.000
12:00:52 [super] FLAGGED 0xe049b8eaac20ce92eac26b098df1d6e578db77dc  prob=0.114 (raw=0.316)  vol=$252  trades=8  first_trade=2026-02-07 16:44  winrate=0.154  n_markets_traded=13.000  herfindahl_index_markets=0.112
12:00:52 [super] FLAGGED 0x0b8d2f811ba1c5bc3f1157f5f77a492c4cf4c3a9  prob=0.114 (raw=0.316)  vol=$21,143  trades=86  first_trade=2026-02-08 08:51  winrate=0.000  n_markets_traded=4.000  herfindahl_index_markets=0.481
12:00:52 [super] FLAGGED 0x67eb15335bdbd03f02ba0974f7d2874add111c6d  prob=0.113 (raw=0.316)  vol=$29  trades=4  first_trade=2026-02-05 23:05  winrate=0.000  n_markets_traded=7.000  herfindahl_index_markets=0.328
12:00:52 [super] FLAGGED 0xd2c3952ea7bd5e8e943567aa844d4b1671576ec8  prob=0.112 (raw=0.313)  vol=$1,980  trades=8  first_trade=2026-02-08 15:50  winrate=0.167  n_markets_traded=12.000  herfindahl_index_markets=0.250
12:00:52 [super] FLAGGED 0x2842d5201b2119d0ec14581fee3c3324bc0c9bab  prob=0.112 (raw=0.313)  vol=$33  trades=4  first_trade=2026-02-08 00:08  winrate=NaN  n_markets_traded=0.000  herfindahl_index_markets=0.000
12:00:52 [super] FLAGGED 0x3a59532f8f571e460d3db3afac86839b930266bd  prob=0.112 (raw=0.313)  vol=$8  trades=4  first_trade=2026-02-08 22:24  winrate=0.000  n_markets_traded=10.000  herfindahl_index_markets=0.124
12:00:52 [super] FLAGGED 0x08d4e6802482d7abb7d05fff200aa50ddc892293  prob=0.112 (raw=0.313)  vol=$10  trades=4  first_trade=2026-02-09 01:37  winrate=0.196  n_markets_traded=51.000  herfindahl_index_markets=0.098
12:00:52 [super] FLAGGED 0x43556df4fd8a90860b1314323acb4fdde310c5d4  prob=0.112 (raw=0.313)  vol=$251  trades=16  first_trade=2026-02-08 23:20  winrate=NaN  n_markets_traded=0.000  herfindahl_index_markets=0.000
12:00:52 [super] FLAGGED 0x1fe43749ecfd8c7c05e73ea0025b2e1e16669abb  prob=0.112 (raw=0.312)  vol=$219  trades=28  first_trade=2026-01-18 19:00  winrate=0.100  n_markets_traded=10.000  herfindahl_index_markets=0.351
12:00:52 [super] FLAGGED 0xec05c999787c8d42d3c5c8646ce0e89522d6054c  prob=0.112 (raw=0.312)  vol=$12  trades=2  first_trade=2026-02-09 02:09  winrate=0.500  n_markets_traded=20.000  herfindahl_index_markets=0.188
12:00:52 [super] FLAGGED 0xc6f8d56f58dac0cea6baee63aee9333ee38659b2  prob=0.111 (raw=0.310)  vol=$1,467  trades=20  first_trade=2026-02-08 21:43  winrate=0.000  n_markets_traded=2.000  herfindahl_index_markets=0.636
12:00:52 [super] FLAGGED 0x9b6618bea83cb0ddb3126de9773fccb5ff54336a  prob=0.111 (raw=0.310)  vol=$660  trades=6  first_trade=2026-02-03 19:33  winrate=0.000  n_markets_traded=9.000  herfindahl_index_markets=0.189
12:00:52 [super] FLAGGED 0x610b7e517ee3d11fe920f5c6ee1d704ca734227d  prob=0.111 (raw=0.309)  vol=$9  trades=4  first_trade=2026-02-08 23:06  winrate=0.000  n_markets_traded=9.000  herfindahl_index_markets=0.130
12:00:52 [super] FLAGGED 0xdd46558a1ab73be2e6f7015b082b99ea6de68a23  prob=0.111 (raw=0.309)  vol=$301  trades=83  first_trade=2026-02-08 23:56  winrate=0.461  n_markets_traded=191.000  herfindahl_index_markets=0.012
12:00:52 [super] FLAGGED 0x8844925cce7158e4a3fc27cb164414185f873b21  prob=0.110 (raw=0.308)  vol=$31  trades=3  first_trade=2026-02-08 23:01  winrate=0.429  n_markets_traded=7.000  herfindahl_index_markets=0.157
12:00:52 [super] FLAGGED 0xb72be60739a40b061c27df399e391c58270381dd  prob=0.110 (raw=0.308)  vol=$13  trades=4  first_trade=2026-02-09 01:38  winrate=0.235  n_markets_traded=34.000  herfindahl_index_markets=0.111
12:00:52 [super] FLAGGED 0xbdded7909f0c7810aecf89ed8a17009866d0e54a  prob=0.110 (raw=0.307)  vol=$24  trades=16  first_trade=2026-02-08 22:23  winrate=0.000  n_markets_traded=12.000  herfindahl_index_markets=0.106
12:00:52 [super] FLAGGED 0xd11ac4161d3c60f00fc75ff9669700c4179cc635  prob=0.109 (raw=0.305)  vol=$594  trades=35  first_trade=2026-02-07 22:40  winrate=0.111  n_markets_traded=9.000  herfindahl_index_markets=0.398
12:00:52 [super] FLAGGED 0x2a228c71560119f76c9f812cb413778bc7a39f35  prob=0.109 (raw=0.305)  vol=$133  trades=3  first_trade=2026-02-07 14:42  winrate=NaN  n_markets_traded=0.000  herfindahl_index_markets=0.000
12:00:52 [super] FLAGGED 0x05d173d4b5d845c4595be7b2baea129a8f861f00  prob=0.109 (raw=0.304)  vol=$10  trades=2  first_trade=2026-02-09 04:16  winrate=0.000  n_markets_traded=3.000  herfindahl_index_markets=0.333
12:00:52 [super] FLAGGED 0xa1a58ee8c8d59f74b4f97c6a449121a12737d228  prob=0.108 (raw=0.304)  vol=$150  trades=5  first_trade=2026-02-07 21:12  winrate=0.261  n_markets_traded=23.000  herfindahl_index_markets=0.074
12:00:52 [super] FLAGGED 0x9ebe169f336b677916a48c2ea713758f167af6af  prob=0.108 (raw=0.304)  vol=$17  trades=2  first_trade=2026-02-08 23:36  winrate=0.200  n_markets_traded=10.000  herfindahl_index_markets=0.157
12:00:52 [super] FLAGGED 0x950ac0695b7dde06c39c97656f31b588e47d71e4  prob=0.108 (raw=0.303)  vol=$45  trades=5  first_trade=2026-02-08 21:42  winrate=0.392  n_markets_traded=51.000  herfindahl_index_markets=0.050
12:00:52 [super] FLAGGED 0x45730f93e26359aefad7fb6ee4851958d828c16b  prob=0.108 (raw=0.303)  vol=$23  trades=4  first_trade=2026-02-07 01:02  winrate=0.110  n_markets_traded=127.000  herfindahl_index_markets=0.126
12:00:52 [super] FLAGGED 0x97b663856a09eddc6a8bbd4ec85bbf78836359b4  prob=0.107 (raw=0.301)  vol=$2,097  trades=31  first_trade=2026-02-07 17:34  winrate=0.250  n_markets_traded=68.000  herfindahl_index_markets=0.043
12:00:52 [super] FLAGGED 0xda41ec23f9d9309887f05722522b93f829ff901e  prob=0.107 (raw=0.300)  vol=$28  trades=6  first_trade=2026-01-10 11:57  winrate=0.333  n_markets_traded=12.000  herfindahl_index_markets=0.193
12:00:52 [super] FLAGGED 0x8ea7c2be8d5be03b4f66155ab13bf8d28eee60ba  prob=0.107 (raw=0.300)  vol=$1,848  trades=61  first_trade=2026-02-08 04:45  winrate=0.241  n_markets_traded=29.000  herfindahl_index_markets=0.178
12:00:52 [super] FLAGGED 0xb38831166433aa1d5b15fadef8329a080063dc58  prob=0.107 (raw=0.299)  vol=$734  trades=39  first_trade=2026-02-08 06:59  winrate=0.667  n_markets_traded=12.000  herfindahl_index_markets=0.101
12:00:52 [super] FLAGGED 0x34bdd1ed964495e8567fadbfbb5c298002cb9847  prob=0.106 (raw=0.298)  vol=$667  trades=4  first_trade=2026-02-09 10:59  winrate=0.500  n_markets_traded=2.000  herfindahl_index_markets=0.680
12:00:52 [super] FLAGGED 0xe9852e7852b6e08ab7dc1836dd878452d613e8f9  prob=0.106 (raw=0.298)  vol=$50  trades=8  first_trade=2026-01-10 11:36  winrate=0.286  n_markets_traded=7.000  herfindahl_index_markets=0.373
12:00:52 [super] FLAGGED 0x09c904c6e84771090f3b2a3b650ac4af25106162  prob=0.105 (raw=0.296)  vol=$30  trades=5  first_trade=2026-02-08 21:36  winrate=0.077  n_markets_traded=52.000  herfindahl_index_markets=0.102
12:00:52 [super] FLAGGED 0xe6558c8654ca1b9cdf0d923a0f6ec5182ebcf1b9  prob=0.104 (raw=0.294)  vol=$28,241  trades=3  first_trade=2026-02-10 16:19  winrate=0.000  n_markets_traded=1.000  herfindahl_index_markets=1.000
12:00:52 [super] FLAGGED 0x2d2fef7591dc53fffabf2b93d81b8be3bb5cc79b  prob=0.104 (raw=0.292)  vol=$2,000  trades=4  first_trade=2026-02-09 14:35  winrate=0.000  n_markets_traded=4.000  herfindahl_index_markets=0.281
12:00:52 [super] FLAGGED 0x687d8cf19d873aed1957e61a3f2092d4721ce28b  prob=0.103 (raw=0.290)  vol=$7,416  trades=181  first_trade=2026-01-16 21:44  winrate=NaN  n_markets_traded=0.000  herfindahl_index_markets=0.000
12:00:52 [super] FLAGGED 0xd1908980487b6c3f2fb1fc1b494da81e9356d232  prob=0.103 (raw=0.290)  vol=$40  trades=2  first_trade=2026-02-09 14:37  winrate=0.000  n_markets_traded=2.000  herfindahl_index_markets=0.520
12:00:52 [super] FLAGGED 0x33d4cf2a8fbd885ea319b73acdb9370b73b9f3be  prob=0.103 (raw=0.290)  vol=$5  trades=6  first_trade=2026-01-30 12:44  winrate=0.000  n_markets_traded=1.000  herfindahl_index_markets=1.000
12:00:52 [super] FLAGGED 0xe49b65065fc33a342cd15b44f69d30a346049e40  prob=0.103 (raw=0.290)  vol=$32  trades=4  first_trade=2026-02-08 21:26  winrate=0.387  n_markets_traded=75.000  herfindahl_index_markets=0.025
12:00:52 [super] FLAGGED 0x739af221cbdffdf520fc20e23fe266f50b4baab2  prob=0.103 (raw=0.290)  vol=$79  trades=6  first_trade=2026-02-08 15:54  winrate=0.416  n_markets_traded=89.000  herfindahl_index_markets=0.021
12:00:52 [super] FLAGGED 0x1f8634f7071b7073466594fa3f181339630c1623  prob=0.103 (raw=0.290)  vol=$142  trades=18  first_trade=2026-02-06 05:03  winrate=0.000  n_markets_traded=4.000  herfindahl_index_markets=0.844
12:00:52 [super] FLAGGED 0xa99a18e1515341bfcef52e3f51940c2b413a202c  prob=0.102 (raw=0.289)  vol=$9  trades=4  first_trade=2026-02-08 10:34  winrate=0.167  n_markets_traded=24.000  herfindahl_index_markets=0.161
12:00:52 [super] FLAGGED 0xa1ca1445a3d85dffa16a3b2606ada90dcd54f58b  prob=0.102 (raw=0.288)  vol=$19  trades=2  first_trade=2026-02-09 00:39  winrate=0.120  n_markets_traded=25.000  herfindahl_index_markets=0.062
12:00:52 [super] FLAGGED 0xff0931866aa744cc4f4e71d89055244adfff25ab  prob=0.102 (raw=0.288)  vol=$5  trades=6  first_trade=2026-02-09 02:09  winrate=NaN  n_markets_traded=0.000  herfindahl_index_markets=0.000
12:00:52 [super] FLAGGED 0x62083754090fe06530b5ed1045ea5fc5515f801b  prob=0.102 (raw=0.288)  vol=$111  trades=4  first_trade=2026-02-09 01:33  winrate=0.250  n_markets_traded=4.000  herfindahl_index_markets=0.327
12:00:52 [super] FLAGGED 0x1b3ff94c86256c213571b6e2082595c4c5bf8cd6  prob=0.102 (raw=0.288)  vol=$1,022  trades=18  first_trade=2026-02-09 01:33  winrate=0.625  n_markets_traded=8.000  herfindahl_index_markets=0.184
12:00:52 [super] FLAGGED 0xa99b9634c6ec403169ce2e5c534fe859ebb8ef8a  prob=0.102 (raw=0.288)  vol=$42  trades=2  first_trade=2026-02-06 03:11  winrate=0.000  n_markets_traded=4.000  herfindahl_index_markets=0.250
12:00:52 [super] FLAGGED 0x7d0c051037645662eb532c4aa491d4666f732361  prob=0.102 (raw=0.288)  vol=$77  trades=18  first_trade=2026-01-23 15:18  winrate=0.000  n_markets_traded=11.000  herfindahl_index_markets=0.296
12:00:52 [super] FLAGGED 0xd387435d35080c4d5fd921ed83678fc256ab33ac  prob=0.102 (raw=0.288)  vol=$231  trades=6  first_trade=2026-02-09 01:36  winrate=0.362  n_markets_traded=58.000  herfindahl_index_markets=0.059
12:00:52 [super] FLAGGED 0xb5ffa447f6d061896970219eaaa75e58a65cd0cb  prob=0.101 (raw=0.286)  vol=$140  trades=4  first_trade=2026-02-09 13:41  winrate=0.000  n_markets_traded=2.000  herfindahl_index_markets=0.501
12:00:52 [super] FLAGGED 0xed651b670e30a98a2d8f38bea40cdc3ec518b869  prob=0.101 (raw=0.285)  vol=$154  trades=2  first_trade=2026-02-09 13:56  winrate=0.000  n_markets_traded=2.000  herfindahl_index_markets=0.580
12:00:52 [super] FLAGGED 0x7fcdda4d20afbfaed9e37fd1c2b56fa1a74d500a  prob=0.101 (raw=0.285)  vol=$4  trades=2  first_trade=2026-02-06 03:41  winrate=0.400  n_markets_traded=25.000  herfindahl_index_markets=0.053
12:00:52 [super] FLAGGED 0xa38bbbf02108043afbde1539d95cec42e9e4d9f2  prob=0.100 (raw=0.283)  vol=$3,015  trades=26  first_trade=2026-02-09 01:28  winrate=0.211  n_markets_traded=19.000  herfindahl_index_markets=0.228
12:00:52 [super] wrote supercompute_willcardibperformduringt_20260701_094114_results.csv
12:00:52 [super] wrote supercompute_willcardibperformduringt_20260701_094114_flagged.csv
12:00:52 [super] plots: rendering top 25 wallets' trades to supercompute_willcardibperformduringt_20260701_094114_plots
12:00:52 [super] plots: wrote rank01_0x6caa2c412b161d8858945a1d6dab4528618f5917.png (24 trades)
12:00:53 [super] plots: wrote rank02_0xfd77eb035c313edd0bcf47fc5eeb2a2af10b218d.png (3 trades)
12:00:53 [super] plots: wrote rank03_0x71645196d4a4856ebfd8e57d5582c209a6f8827f.png (45 trades)
12:00:53 [super] plots: wrote rank04_0x50e0da9de3318a5f81fb543d00d887d259580cf1.png (5 trades)
12:00:53 [super] plots: wrote rank05_0x40d9ac81a425f14d2c490c41ac8969c0cbcfd472.png (34 trades)
12:00:54 [super] plots: wrote rank06_0x8785662663372eab8d76ae9d850e5c09adca8cc1.png (22 trades)
12:00:54 [super] plots: wrote rank07_0x9cdfff709223541ed92059bd32357f0a6ab04983.png (11 trades)
12:00:54 [super] plots: wrote rank08_0x678632e6ff02947d67da69a348a77fc8494e0178.png (12 trades)
12:00:54 [super] plots: wrote rank09_0xc84ea31de4f974f4819c00d75f6d25b4ce5492fe.png (7 trades)
12:00:54 [super] plots: wrote rank10_0x38eec01ca767f41c0146d542fb96eba44e2c2ecd.png (3 trades)
12:00:55 [super] plots: wrote rank11_0x0a9b9d7e6e5f08de2f81a81ffc9cea52098db6ec.png (2 trades)
12:00:55 [super] plots: wrote rank12_0xd869110ab4e2a151ff5f461e0af789828e107a08.png (2 trades)
12:00:55 [super] plots: wrote rank13_0xb40af32786a4cac89d88e1d1e0016045d271769a.png (4 trades)
12:00:55 [super] plots: wrote rank14_0xee9f913de1cb412c3eaa7f3b77569cd48479a97a.png (5 trades)
12:00:56 [super] plots: wrote rank15_0x8630613266618044c1d384d21c4a4460e7587583.png (2 trades)
12:00:56 [super] plots: wrote rank16_0x50e1a88674d33bcf5a5ac3ff777753b0e0655a6f.png (4 trades)
12:00:56 [super] plots: wrote rank17_0xf1ab528999edf0867bf3a5ab34328f26d1cc0e00.png (8 trades)
12:00:56 [super] plots: wrote rank18_0xcaf14edb835d846038ff0c7779f325b1186b3a54.png (3 trades)
12:00:56 [super] plots: wrote rank19_0xd01959ee1f18e04e54c8c06dcf9abf51c3e692dd.png (30 trades)
12:00:57 [super] plots: wrote rank20_0x76a8cccf2b1cb09ab805f245f1c0efdae3ea0c2c.png (2 trades)
12:00:57 [super] plots: wrote rank21_0xe8b841513bb04ee5b259f6122a0f5b430ef76762.png (4 trades)
12:00:57 [super] plots: wrote rank22_0xd742d75ed32a9fb0d4df59d2eb6a592356561406.png (5 trades)
12:00:57 [super] plots: wrote rank23_0x9a0dfb8acf3537b2d329055085b191419ba5a52c.png (2 trades)
12:00:57 [super] plots: wrote rank24_0xa45e19943a6c47fd9c13dea7686a1bd96a226636.png (3 trades)
12:00:58 [super] plots: wrote rank25_0xa2386f56c03343ca9d32dd574155d8b711ba88d1.png (4 trades)
12:00:58 [super] plots: 25/25 PNGs written to supercompute_willcardibperformduringt_20260701_094114_plots
12:00:58 [super] log saved to supercompute_willcardibperformduringt_20260701_094114.log
