wallet,pred_prob,pred_prob_raw,flagged,volume,n_trades,first_trade_ts,adaptive_markout_raw_grosswt_h0p070,unrealized_edge_per_open_token,adaptive_markout_raw_grosswt_h0p010,adaptive_markout_raw_grosswt_h0p150,unrealized_edge_per_open_token_sqrt,buy_markout_adj_grosswt_h0p070_lb0p150,adaptive_markout_raw_grosswt_h0p200,buy_markout_adj_grosswt_h0p030_lb0p200,high_sell_nonflattening_cash_frac_pctl90,realized_pnl_per_closing_trade,adaptive_plus_realized_alpha0p25_h0p030,buy_markout_adj_grosswt_h0p030_lb0p010,adaptive_plus_realized_alpha0p5_h0p070,buy_markout_adj_mean_h0p200_lb0p030,buy_markout_adj_mean_h0p200_lb0p200,sell_markout_adj_median_h0p150_lb0p010,n_distinct_buy_days,major_move_time_remaining_pct,time_to_major_move_pct_of_market,adaptive_markout_raw_grosswt_h0p030,herfindahl_index_markets,median_bet_size_usdc,time_since_first_deposit_to_first_trade_seconds,wallet_age_seconds,wallet_to_market_age_ratio,avg_bet_size_usdc,wallet_minus_market_age_seconds,funder_flagged_wallet_count,winrate,n_markets_traded
0x6caa2c412b161d8858945a1d6dab4528618f5917,0.6926029902853691,0.98645455,1,1076.3955749999998,24,1770430273,0.4171908264972043,0.4182019488419872,0.4171908264972043,0.4171908264972043,1.5171279748931754,1.0909756994205513,0.4171908264972043,1.0919757085405686,0.0,,0.4171908264972043,1.129422825904093,0.4171908264972043,1.318629236068062,1.2645992307895582,,1,0.9973649602145014,-0.9749145413122158,0.4171908264972043,1.0,600.0,670.0,670.0,3.428939853170748e-05,600.0,-19538897.0,,0.0,1.0
0xfd77eb035c313edd0bcf47fc5eeb2a2af10b218d,0.6911459668622661,0.9848567,1,42.85185,3,1770302967,0.4641051562551656,0.46511627859994825,0.4641051562551656,0.4641051562551656,0.7876047821258061,1.1337034896476115,0.4641051562551656,1.1297034896476115,0.0,,0.4641051562551656,1.1547034913756116,0.4641051562551656,1.1657034896476115,1.1297034896476115,,1,0.9973649602145014,-0.9685455195743633,0.4641051562551656,0.6327673358568183,343.309575,298383.0,298383.0,0.015370852473083892,516.427213,-19113878.0,0.0,0.0,4.0
0x71645196d4a4856ebfd8e57d5582c209a6f8827f,0.6864452622639666,0.9797299,1,8296.216996,45,1770577663,0.15803701572711515,0.1606718005143288,0.15803701572711515,0.15803701572711515,0.8263758273477719,0.6439553702697944,0.15803701572711515,0.6381539343490965,0.0,-43.42883951111111,0.151663084469149,0.6472896924120196,0.14528915321118288,0.9621360820028819,0.9192024688255197,,1,0.9973649602145014,-0.9822883501974379,0.15803701572711515,1.0,499.999998,146.0,146.0,7.416077558355006e-06,499.999998,-19686811.0,,0.0,1.0
0x50e0da9de3318a5f81fb543d00d887d259580cf1,0.6860854374044791,0.9793392,1,770.6426650000001,5,1770585919,0.5600777906016058,0.5610889129463885,0.5600777906016058,0.5600777906016058,1.0468143814000073,1.8537820118683768,0.5600777906016058,1.848384362627024,0.0,,0.5600777906016058,1.8703677519024546,0.5600777906016058,1.9512204045720984,1.8894237249467598,,1,0.9973649602145014,-0.9827013915581571,0.5600777906016058,1.0,342.999999,48.0,48.0,2.437140436104956e-06,342.999999,-19695165.0,,0.0,1.0
0x40d9ac81a425f14d2c490c41ac8969c0cbcfd472,0.6675950788371473,0.9595719,1,28374.617995,34,1770410959,0.02489377829830734,0.02499862444961255,0.024893778298307342,0.02489377829830734,0.23169581776807766,1.1679015931911703,0.02489377829830734,1.164472160481622,0.0,993.0497116425,0.05376902105731853,1.167849194912589,0.10753804211463706,2.248337786587666,2.2043377778008333,-1.1929054731456712,1,0.9973649602145014,-0.9834267154011447,0.02489377829830734,0.6011530833250378,471.1575315,298.0,298.0,1.526619557646102e-05,471.1575315,-19519955.0,,0.0,2.0
0x8785662663372eab8d76ae9d850e5c09adca8cc1,0.6542059133701813,0.94560343,1,10459.067398,22,1770598635,3.5804861682561907e-07,3.972868214092486e-07,3.5804861682561907e-07,3.5804861682561907e-07,0.0005704222311198508,3.1280071800871148,3.5804861682561907e-07,3.1199107022976293,0.0,474.3008194984614,0.08698381397465563,3.137910714302907,0.17396726990069444,6.373313154080813,6.292313147533225,,1,0.9973649602145014,-0.9833375633051173,3.5804861682561907e-07,1.0,989.399999,26.0,26.0,1.3192659665051563e-06,989.399999,-19707903.0,,0.0,1.0
0x9cdfff709223541ed92059bd32357f0a6ab04983,0.6526625572209199,0.94401014,1,2780.151344,11,1770601239,0.6910876406305119,0.6920987629752945,0.6910876406305119,0.6910876406305119,2.0381733970614864,4.09926695597945,0.6910876406305119,4.08896518690333,0.0,,0.0,4.1226680808106035,0.0,4.924894429150248,4.8478513702636645,,1,0.9973649602145014,-0.983467839431972,0.6910876406305119,0.893200427829685,79.9999995,18828.0,18828.0,0.0009552253102440203,662.49999975,-19691705.0,0.0,0.0,2.0
0x678632e6ff02947d67da69a348a77fc8494e0178,0.6500117500009138,0.94128126,1,3054.9980920000003,12,1770571913,4.2581831104460015e-07,5.254779157571662e-07,4.2581831104460015e-07,4.2581831104460015e-07,0.0005551279385338545,1.0522300928416763,4.2581831104460015e-07,1.0480312655499908,0.0,218.91607185599997,0.05925507878513971,1.0500312673420518,0.11850973175196838,2.1481981093832556,2.0768031596310292,,1,0.9973649602145014,-0.9820006820985843,4.2581831104460015e-07,1.0,491.669999,82.0,82.0,4.16641113525202e-06,491.669999,-19681125.0,,0.0,1.0
0xc84ea31de4f974f4819c00d75f6d25b4ce5492fe,0.6446340121235964,0.93577415,1,7320.276445,7,1770592555,-0.0013300050564555392,-0.001667045157522762,-0.0013300050564555392,-0.0013300050564555392,-0.0028874098263611506,0.6020226966804034,-0.0013300050564555392,0.600223478450199,0.0,408.7882938824295,0.04459638662909357,0.6057750475226346,0.09052277831464267,1.844668615972273,1.8006686139081438,,1,0.9973649602145014,-0.9830333855588513,-0.0013300050564555392,0.5138430232377171,413.558288,942.0,942.0,4.781277127847239e-05,471.22989199999995,-19700907.0,,0.0,2.0
0x38eec01ca767f41c0146d542fb96eba44e2c2ecd,0.6376705213609135,0.92869824,1,96.226414,3,1770574657,0.48472412625014843,0.485735248594931,0.48472412625014843,0.48472412625014843,0.7929398112313141,1.2698397075463626,0.48472412625014843,1.2614420604875392,0.0,,0.48472412625014843,1.274334121147664,0.48472412625014843,1.5424930805160901,1.479133607728322,,1,0.9973649602145014,-0.9821379623182807,0.48472412625014843,0.5,49.999999,206.0,206.0,1.046537862241173e-05,49.999999,-19683745.0,,0.0,2.0
0x0a9b9d7e6e5f08de2f81a81ffc9cea52098db6ec,0.633569449942338,0.9245586,1,106.38297700000001,2,1770588897,0.5348837221958049,0.5358948445405876,0.5348837221958049,0.5348837221958049,0.7578697571551203,1.6271546941039725,0.5348837221958049,1.6217570448626195,0.0,,0.5348837221958049,1.641757047402349,0.5348837221958049,1.677757047402349,1.6217570448626195,,1,0.9973649602145014,-0.9828503786187459,0.5348837221958049,1.0,49.999999,13806.0,13806.0,0.0007008765424195551,49.999999,-19684385.0,,0.0,1.0
0xd869110ab4e2a151ff5f461e0af789828e107a08,0.6327855373493013,0.92376953,1,59.999998,2,1770588635,0.4843276052539501,0.48533872759873264,0.4843276052539501,0.4843276052539501,0.6863726109150288,1.2578082085161961,0.4843276052539501,1.2524105592748433,0.0,,0.4843276052539501,1.2724105614573726,0.4843276052539501,1.2984105618733728,1.2524105592748433,,1,0.9973649602145014,-0.9828372709592851,0.4843276052539501,0.24852071192535277,49.999999,1430.0,1430.0,7.259646432881346e-05,51.999999,-19696499.0,,0.0,5.0
0xb40af32786a4cac89d88e1d1e0016045d271769a,0.6307374210519023,0.9217113,1,103.391631,4,1770589159,0.5211343513019592,0.5221454736467418,0.5211343513019592,0.5211343513019592,1.0081642268916768,1.5168495158900412,0.5211343513019592,1.5114518666486882,0.0,,0.5211343513019592,1.5467322436228679,0.5211343513019592,1.5664377827674825,1.5131176866316753,,1,0.9973649602145014,-0.9828634862782066,0.5211343513019592,0.3333333333333333,49.999999,3194.0,3194.0,0.00016214471258225202,49.999999,-19695259.0,,0.0,3.0
0xee9f913de1cb412c3eaa7f3b77569cd48479a97a,0.6266659829974546,0.9176338,1,90.173413,5,1770574329,0.6018427280156564,0.602853850360439,0.6018427280156564,0.6018427280156564,1.2397782913850195,2.3130356910529577,0.6018427280156564,2.304638043994134,0.0,,0.6018427280156564,2.3175301046542587,0.6018427280156564,2.4256585296149935,2.3438096359549183,,1,0.9973649602145014,-0.9821215527293374,0.6018427280156564,1.0,36.409999,156.0,156.0,7.92537024306958e-06,36.409999,-19683467.0,,0.0,1.0
0x8630613266618044c1d384d21c4a4460e7587583,0.6264217508366531,0.91738975,1,29.979998,2,1770595395,0.49443882831869534,0.4954499506634779,0.49443882831869534,0.49443882831869534,0.7006720397053713,1.3240191509499764,0.49443882831869534,1.3186215017086234,0.0,,0.49443882831869534,1.3346215038911529,0.49443882831869534,1.3546215042313796,1.3186215017086234,,1,0.9973649602145014,-0.9831754685850677,0.49443882831869534,0.6449449191504201,32.4749995,2972.0,2972.0,0.0001508270442634238,32.4749995,-19701717.0,,0.0,2.0
0x50e1a88674d33bcf5a5ac3ff777753b0e0655a6f,0.6244216358346436,0.91539377,1,20.643338,4,1770599241,0.0001534576969001376,0.00015365988093228773,0.0001534576969001376,0.0001534576969001376,0.010866480865469761,3.0492064066706464,0.0001534576969001376,3.0411083138376385,0.0,6.3224706797281085,0.09606451825947651,3.047109516872135,0.19197557882205288,6.1620006772801075,6.08100067073252,,1,0.9973649602145014,-0.9833678810212748,0.0001534576969001376,0.5670623099810956,149.999999,308990.0,308990.0,0.015677979109050978,209.18748914285715,-19399545.0,,0.0,4.0
0xf1ab528999edf0867bf3a5ab34328f26d1cc0e00,0.6225462619039964,0.9135261,1,171.79999800000002,8,1770597855,0.754699825844916,0.7557109481896984,0.754699825844916,0.754699825844916,1.9370700099906852,5.710860725530329,0.754699825844916,5.695663253782607,0.0,,0.754699825844916,5.730667784353859,0.754699825844916,5.7676389494701645,5.6846389435498414,,1,0.9973649602145014,-0.9832985405021424,0.754699825844916,0.5918367521865902,34.999999,296.0,296.0,1.501993007715119e-05,34.999999,-19706853.0,0.0,0.0,2.0
0xcaf14edb835d846038ff0c7779f325b1186b3a54,0.620274560114903,0.91126865,1,50.7,3,1770556873,0.5462936330879447,0.5473047554327273,0.5462936330879447,0.5462936330879447,0.8883708629456671,1.7257050195302805,0.5462936330879447,1.7173073724714571,0.0,,0.5462936330879447,1.742564253205402,0.5462936330879447,1.8109064311688263,1.7401541822308788,,1,0.9973649602145014,-0.9812482424104525,0.5462936330879447,1.0,25.0,4716.0,4716.0,0.00023980270278392327,25.0,-19661451.0,0.0,0.0,1.0
0xd01959ee1f18e04e54c8c06dcf9abf51c3e692dd,0.6144496624967777,0.90550387,1,13340.057895999998,30,1770594799,2.881838775607326e-07,2.8926863494176423e-07,2.881838775607326e-07,2.881838775607326e-07,0.0004837238720049681,2.1070788061489294,2.881838775607326e-07,2.101875108190523,0.0,295.91209809999964,0.008599711530006953,2.1184440528143367,0.017199423060013905,2.259832783390485,2.2127520702300982,,2,0.9973649602145014,-0.9831456511612561,2.881838775607326e-07,1.0,999.489999,40.0,40.0,2.0300350795136826e-06,999.489999,-19704053.0,,0.0,1.0
0x76a8cccf2b1cb09ab805f245f1c0efdae3ea0c2c,0.6059489117636004,0.8971484,1,43.836732999999995,2,1770595807,0.5146612774154493,0.5156723997602319,0.5146612774154493,0.5146612774154493,0.7292709014824004,1.4673626909469881,0.5146612774154493,1.4619650417056351,0.0,,0.5146612774154493,1.4779650438881646,0.5146612774154493,1.49896504466377,1.4619650417056351,,1,0.9973649602145014,-0.983196080629716,0.5146612774154493,1.0,21.479999,28.0,28.0,1.4209518641898867e-06,21.479999,-19705073.0,,0.0,1.0
0xe8b841513bb04ee5b259f6122a0f5b430ef76762,0.6045470234468666,0.8957766,1,3.666663,4,1770495047,0.40853599028630416,0.40954711263108673,0.40853599028630416,0.40853599028630416,0.8190445103689439,0.8535906764166943,0.40853599028630416,0.8441930293578707,0.0,,0.40853599028630416,0.8721930293578708,0.40853599028630416,0.8820040274571619,0.8440040121171505,,1,0.9973649602145014,-0.9781551349531098,0.40853599028630416,1.0,0.999999,172.0,172.0,8.773567038035096e-06,0.999999,-19604169.0,,0.0,1.0
0xd742d75ed32a9fb0d4df59d2eb6a592356561406,0.6004878301276246,0.8918141,1,72.5,5,1770588625,0.5184965651469137,0.5195076874916963,0.5184965651469137,0.5184965651469137,1.0536463171284223,1.498103341724316,0.5184965651469137,1.492705692482963,0.0,,0.5184965651469137,1.5127056946654922,0.5184965651469137,1.500491059710292,1.4488910575277623,,1,0.9973649602145014,-0.9828367706669392,0.5184965651469137,0.3140943361490409,19.8,16460.0,16460.0,0.000835621265373261,37.64349555555556,-19681459.0,,0.0,5.0
0x9a0dfb8acf3537b2d329055085b191419ba5a52c,0.6000644368874192,0.8914016,1,1.999998,2,1770599065,0.7674420052915905,0.768453127636373,0.7674420052915905,0.7674420052915905,1.0867568351513817,6.097194136376948,0.7674420052915905,6.081001188652889,0.0,,0.7674420052915905,6.108001195200478,0.7674420052915905,6.162001195200478,6.081001188652889,,1,0.9973649602145014,-0.9833590758759881,0.7674420052915905,0.3099292537727363,4.99999,1598.0,1598.0,8.108234683567515e-05,6.650049333333334,-19706761.0,,0.0,5.0
0xa45e19943a6c47fd9c13dea7686a1bd96a226636,0.5961236801266454,0.8875689,1,39.999998000000005,3,1770589689,0.6663296341499866,0.6673407564947692,0.6663296341499866,0.6663296341499866,1.139073153617931,3.322443928314776,0.6663296341499866,3.3170462790734234,0.0,,0.6663296341499866,3.384046283023953,0.6663296341499866,3.3960462782470686,3.3170462743442872,,1,0.9973649602145014,-0.9828900017725358,0.6663296341499866,0.5000000000000002,19.9999995,21006.0,21006.0,0.001066349465858212,19.9999995,-19677977.0,,0.0,2.0
0xa2386f56c03343ca9d32dd574155d8b711ba88d1,0.5924145359251324,0.88397247,1,6.8688,4,1770438971,0.646107178316015,0.6471183006607976,0.646107178316015,0.646107178316015,1.1488811508980756,2.954730980392156,0.646107178316015,2.9463333424533498,0.0,,0.646107178316015,3.0273333333333325,0.646107178316015,3.0573333333333323,2.9463333424533498,,1,0.9973649602145014,-0.9753496955946207,0.646107178316015,0.6107265703236218,3.3999989999999998,5524.0,5524.0,0.0002825826230614328,3.3999989999999998,-19542741.0,,0.0,2.0
0xa40ad1792324adb79df97363060fd38eff59fa7d,0.5901696360556985,0.8818008,1,28.882926,4,1770595689,0.46779410742700056,0.4688052297717832,0.46779410742700056,0.46779410742700056,0.8885307063515666,1.1570104753044816,0.46779410742700056,1.1516128260631284,0.0,,0.46779410742700056,1.167612828245658,0.46779410742700056,1.1634770072978662,1.1357945864797054,,1,0.9973649602145014,-0.9831901771800352,0.46779410742700056,0.5002243652449454,15.3246245,598.0,598.0,3.0347653687394707e-05,15.3246245,-19704385.0,,0.0,2.0
0x83ffe5c6a7e67ac5cea1cfa70450273a35ea6df1,0.5901209191252367,0.8817537,1,4.166665,2,1770597579,0.7674420052915905,0.768453127636373,0.7674420052915905,0.7674420052915905,1.0867568351513817,6.097194136376948,0.7674420052915905,6.081001188652889,0.0,,0.7674420052915905,6.120001195200477,0.7674420052915905,6.165001195200478,6.081001188652889,,1,0.9973649602145014,-0.9832847324333974,0.7674420052915905,0.500000000000125,0.9999994999999999,56.0,56.0,2.8416481904561926e-06,0.9999994999999999,-19706817.0,,0.0,2.0
0x7f2c5f3918f6218086fc91f4209ae3ae5e216d33,0.5864088707318469,0.8781707,1,30.6,3,1770493601,0.49443882659864047,0.49544994894342315,0.49443882659864047,0.49443882659864047,0.8343038132846643,1.3321466960746413,0.49443882659864047,1.3227490490158176,0.0,,0.49443882659864047,1.3622490490158174,0.49443882659864047,1.2887796294499534,1.2611129627832869,,1,0.9973649602145014,-0.9780827926799025,0.49443882659864047,0.537190082644628,4.4,52722.0,52722.0,0.0026895007089514076,4.4,-19550173.0,0.0,0.0,2.0
0x34bf4c10fb0abf775a3e3401bdc6dba490b5c4c6,0.5863415305958515,0.8781058,1,19826.182415000003,43,1770598113,1.8515436803191287e-08,2.2821352342970436e-08,1.8515436803191287e-08,1.8515436803191287e-08,0.00011058862973266846,2.0707923697938977,1.8515436803191287e-08,2.0645362819737376,0.0,74.58937752480004,0.009140925530702849,2.0775407123480303,0.018281851061405698,3.947714505690376,3.8783834927690037,,1,0.9973649602145014,-0.9833114480446649,1.8515436803191287e-08,1.0,1999.999999,66.0,66.0,3.3489946191297516e-06,1999.999999,-19707341.0,,0.0,1.0
0x4f1384f278a48e9889d5d7ab55a74e39bf873dce,0.5845943281217562,0.87642276,1,15.0,3,1770601599,0.6258847314203648,0.6268958537651476,0.6258847314203648,0.6258847314203648,1.0611499598187397,2.636899217583613,0.6258847314203648,2.63150156834226,0.0,,0.0,2.648501570524789,0.0,2.6935015840247907,2.63150156834226,,1,0.9973649602145014,-0.9834858499564221,0.6258847314203648,0.8979636571309559,52.849999000000004,30520.0,30520.0,0.0015483824096655591,52.849999000000004,-19680373.0,,0.0,2.0
0x05f19cc7f74f0b4337abca4f39ebd74a35bd273b,0.582758643049716,0.8746567,1,5.0,2,1770556179,0.5551061672855903,0.5561172896303729,0.5551061672855903,0.5551061672855903,0.7864686132654399,1.8060662687586524,0.5551061672855903,1.797668621699829,0.0,,0.5551061672855903,1.8216686216998288,0.5551061672855903,1.869668577059795,1.797668621699829,,1,0.9973649602145014,-0.9812135221216518,0.5551061672855903,1.0,2.25,102.0,102.0,5.1867554876508695e-06,2.25,-19665371.0,,0.0,1.0
0x51885924df66f24b3e37026277ee1eea9ac623be,0.5817019725003372,0.8736411,1,5.882351,2,1770544455,0.6663296836545557,0.6673408059993383,0.6663296836545557,0.6663296836545557,0.9437624185692568,3.3224448981633175,0.6663296836545557,3.314047251104494,0.0,,0.6663296836545557,3.441047262443954,0.6663296836545557,3.4020472626644978,3.314047251104494,,1,0.9973649602145014,-0.980626979375398,0.6663296836545557,0.5918368221574677,3.4999995,164.0,164.0,8.344463949346255e-06,3.4999995,-19653585.0,,0.0,2.0
0xc6bbe927b342f73e60cdb1a0309d6979fc076ad8,0.5814341970626588,0.8733838,1,9.999998,2,1770590761,0.42366026715547433,0.42467138950025696,0.42366026715547433,0.42366026715547433,0.6005760385830905,0.9229734516210061,0.42366026715547433,0.9175758023796531,0.0,,0.42366026715547433,0.9335758045621824,0.42366026715547433,0.9485758054901827,0.9175758023796531,,1,0.9973649602145014,-0.982943633112009,0.42366026715547433,0.5555555851851911,7.4999994999999995,152.0,152.0,7.715714499274241e-06,7.4999994999999995,-19699903.0,,0.0,2.0
0xc0d00ad2d37100c5ba4f8e4deeb3ef104bfccfff,0.5808131533551122,0.87278736,1,5.434780999999999,2,1770590157,0.5449949922098727,0.5460061145546552,0.5449949922098727,0.5449949922098727,0.7721692523418312,1.7140331696391429,0.5449949922098727,1.70863552039779,0.0,,0.5449949922098727,1.7396355321483221,0.5449949922098727,1.7636355321483221,1.7086355203977899,,1,0.9973649602145014,-0.9829134154543208,0.5449949922098727,1.0,2.499999,62.0,62.0,3.1472958307315263e-06,2.499999,-19699389.0,,0.0,1.0
0x785f6be623ab5df08a27412fdd6712fd4961d279,0.5798989030664122,0.87190974,1,10.638296,2,1770584917,0.5348837317954025,0.5358948541401851,0.5348837317954025,0.5348837317954025,0.7578697707310013,1.6271547742633583,0.5348837317954025,1.6217571250220055,0.0,,0.5348837317954025,1.638757127204535,0.5348837317954025,1.6777571294605353,1.6217571250220055,,1,0.9973649602145014,-0.9826512622651046,0.5348837317954025,1.0,4.999999,90.0,90.0,4.569870811275455e-06,4.999999,-19694121.0,,0.0,1.0
0x306bf260df251152f8af78e0f1990d78f21bb166,0.576828678962753,0.86896634,1,3.773582,2,1770578605,0.4742165029588993,0.4752276253036819,0.4742165029588993,0.4742165029588993,0.6720733529188263,1.1949098000385705,0.4742165029588993,1.1865121529797469,0.0,,0.4742165029588993,1.1985121529797471,0.4742165029588993,1.2335121773597657,1.1865121529797469,,1,0.9973649602145014,-0.9823354777364153,0.4742165029588993,1.0,1.999998,808.0,808.0,4.104043808839125e-05,1.999998,-19687091.0,,0.0,1.0
0x0a2414ee1e23638b8e13beb1683a19af5548bdc5,0.5759086589067415,0.86808544,1,30.0,2,1770582635,0.6157735079725402,0.6167846303173228,0.6157735079725402,0.6157735079725402,0.8722651892580334,2.4938603564767226,0.6157735079725402,2.4854627094178987,0.0,,0.6157735079725402,2.5184627094178986,0.6157735079725402,2.560462709417899,2.4854627094178987,,1,0.9973649602145014,-0.9825370955517857,0.6157735079725402,0.7078981962204423,17.4643,552.0,552.0,2.803178906444361e-05,13.176520000000002,-19691377.0,,0.0,2.0
0x755d070b6ae49cbd25fce18d0e5b80cd98c437e7,0.5759065417346403,0.8680834,1,18725.823088,35,1770582103,9.452587549571159e-08,2.3382716570182028e-07,9.452587549571159e-08,9.452587549571159e-08,0.000333348316149878,0.6149926527020241,9.452587549571159e-08,0.6107938271066565,0.0,181.51844294857133,0.018618841750253506,0.619293831288929,0.037237588974631516,1.4401694448230575,1.3875571216029932,,1,0.9973649602145014,-0.9825104799989874,9.452587549571159e-08,1.0,2526.519999,98.0,98.0,4.9767926572198e-06,2526.519999,-19691299.0,,0.0,1.0
0x0e5e2e88a701397f7382450f8814e06f9c7d5826,0.5757357888652069,0.86792,1,19.999996,2,1770511091,0.4438827637174586,0.44489388606224123,0.4438827637174586,0.4438827637174586,0.629174967486092,1.02396654942333,0.4438827637174586,1.0145689023645066,0.0,,0.4438827637174586,1.0425689023645066,0.4438827637174586,1.0565689131165077,1.0145689023645066,,1,0.9973649602145014,-0.9789578039927632,0.4438827637174586,0.5585360378477215,9.999999,41708.0,41708.0,0.002125748296988056,27.2194592,-19578677.0,,0.14285714285714285,7.0
0x06f59488ed56044f4fb88f2cadeeabde7ff3f05c,0.5744859803935808,0.86672425,1,3.25,2,1770257785,0.38321536867256595,0.3842264910173485,0.38321536867256595,0.38321536867256595,0.5433783146197585,0.7433394860172933,0.38321536867256595,0.7353394860172938,0.0,,0.38321536867256595,0.7653394860172938,0.38321536867256595,0.7743394860172933,0.7353394860172933,,1,0.9973649602145014,-0.9662850986974238,0.38321536867256595,0.5212737312770266,2.015,1118.0,1118.0,5.772682602265422e-05,3.158973,-19365961.0,0.0,0.0,3.0
0xd7cdc7f05d0ff3f5dcc15b71c87045ca0bed65d0,0.5739498419236362,0.8662116,1,9.999998,2,1770594167,0.45399397729672925,0.4550050996415118,0.45399397729672925,0.45399397729672925,0.6434743828619476,1.0781823941377093,0.45399397729672925,1.0727847448963563,0.0,,0.45399397729672925,1.0897847470788857,0.45399397729672925,1.1007847558788868,1.0727847448963563,,1,0.9973649602145014,-0.9831140326849995,0.45399397729672925,0.6800000288000034,12.499998999999999,260.0,260.0,1.3195651261471272e-05,12.499998999999999,-19703201.0,0.0,0.0,2.0
0x01121c4870d0d4cbb73302724c8ba2c75a3ff4b1,0.5728367434385255,0.86514777,1,1.6,1,1770413679,0.6865520721073147,0.6875631944520973,0.6865520721073147,0.6865520721073147,0.6875631944520973,3.741980503325513,0.6865520721073147,3.7429805124455298,0.0,,0.6865520721073147,3.816980503325513,0.6865520721073147,3.846980503325513,3.74298051244553,,1,0.9973649602145014,-0.9740843561935417,0.6865520721073147,0.5215379138483446,1.3250000000000002,2460.0,2460.0,0.00012600539887034623,1.3250000000000002,-19520513.0,,0.0,2.0
0x8e70020d9071005efbaf2c6ff3b271ca3e814d9b,0.5719953177269895,0.86434406,1,2481.0560870000004,10,1770413445,7.453241785380919e-16,2.070345148928067e-06,7.453241785380919e-16,7.453241785380919e-16,0.0011574792590098406,1.4726713801785256,7.453241785380919e-16,1.473171386338214,0.0,4.8542000799994645,0.0017669541155511223,1.5121715065751102,0.0035339082311014996,3.0423333373091186,2.9463333463830557,,1,0.9973649602145014,-0.9740726493526493,7.453241785380919e-16,1.0,499.999999,62.0,62.0,3.175783889750306e-06,499.999999,-19522677.0,,0.0,1.0
0xadb66dc04aefb599e15edb766440b567b45267fb,0.5667211435408157,0.85931516,1,3984.4046959999996,24,1770577503,-1.7035353174924337e-08,-1.7120957964748085e-08,-1.7035353174924337e-08,-1.7035353174924337e-08,-5.884111345350058e-05,0.22810851667464555,-1.7035353174924337e-08,0.22735182785194813,0.0,76.73757231111108,0.026206513866242127,0.23309956025898773,0.052413044767837424,1.67475703677825,1.621757034484359,-1.3313075837038402,1,0.9973649602145014,-0.9828935038189566,-1.7035353174924337e-08,0.6884577213971881,149.999999,1206.0,1206.0,6.125933030141978e-05,259.0233326666667,-19685591.0,,0.0,2.0
0xa2becb058b3b49135bd11e0b16d1f86d2a39e9ec,0.5663282626946978,0.85894114,1,22.999997999999998,4,1770026792,0.46180342189094037,0.462814544235723,0.46180342189094037,0.46180342189094037,0.9275529071034737,1.1415834835780536,0.46180342189094037,1.128719652461858,0.0,,0.46180342189094037,1.1987765639050463,0.46180342189094037,1.2114804811136162,1.1459804802213083,,1,0.9973649602145014,-0.9547286957133401,0.46180342189094037,0.722222407407477,2.9999995,149134.0,149134.0,0.007793338721408338,2.9999995,-18986952.0,,0.5,2.0
0xb1c4e5a8c329ee1a34c134722913cc6ddad5c24e,0.5607512577677517,0.8536402,1,20.0,4,1770598515,0.7924165816060422,0.7934277039508247,0.7924165816060422,0.7924165816060422,1.5220970759760453,6.3022029411764695,0.7924165816060422,6.28600999345241,0.0,,0.7924165816060422,6.322009999999999,0.7924165816060422,6.358502499999999,6.27750249345241,,1,0.9973649602145014,-0.9833315597969674,0.7924165816060422,0.2175625862326898,4.6,3070.0,3070.0,0.00015577581455148058,5.02522,-19704739.0,,0.0,5.0
0x836033b3e4ac02233c47b42d408e044d88e559d7,0.5580178636122385,0.8510475,1,12.0,2,1770381525,0.605662284524715,0.6066734068694977,0.605662284524715,0.605662284524715,0.8579657599259344,2.3617553980510735,0.605662284524715,2.3547553980510734,0.0,,0.605662284524715,2.4157553980510733,0.605662284524715,2.4397553980510733,2.3547553980510734,,1,0.9973649602145014,-0.9724757161847526,0.605662284524715,0.239897323013137,5.6,136234.0,136234.0,0.006989649844883378,5.248999875,-19354585.0,,0.0,6.0
0xf82b937d4e4c5de454049d325897f2ac77778e81,0.5571558480475607,0.8502306,1,9.999998,2,1770564203,0.4641051911995586,0.46511631354434124,0.4641051911995586,0.4641051911995586,0.6577737986953843,1.1351013382989836,0.4641051911995586,1.1267036912401602,0.0,,0.4641051911995586,1.1387036912401602,0.4641051911995586,1.180703698152161,1.1267036912401602,,1,0.9973649602145014,-0.9816149566999476,0.4641051911995586,0.27335641481783696,4.999999,151896.0,151896.0,0.007720843935371531,4.24999925,-19521601.0,0.0,0.0,4.0
0x5e946e112722282d05cd743a87912ffb0011fc50,0.5377902724614073,0.83195394,1,4.081631,2,1770592765,0.5146613205620545,0.5156724429068372,0.5146613205620545,0.5146613205620545,0.7292709625009145,1.4673630134705697,0.5146613205620545,1.4619653642292167,0.0,,0.5146613205620545,1.478965366411746,0.5146613205620545,1.4959653757217497,1.4619653642292167,,1,0.9973649602145014,-0.9830438916981138,0.5146613205620545,0.21398197011767098,1.999999,2140.0,2140.0,0.00010861808910429108,1.9957134285714286,-19699919.0,,0.0,6.0
0x53a09a021e788cad9b0c38d0110f4bf10168c754,0.5327762184758955,0.8272416,1,36.55,4,1770021246,0.5045500500464656,0.5055611723912482,0.5045500500464656,0.5045500500464656,1.0110015006373243,1.3903851352483487,0.5045500500464656,1.3771862171693139,0.0,,0.5045500500464656,1.4729743037356613,0.5045500500464656,1.4473851352483484,1.3813851352483484,,1,0.9973649602145014,-0.9544512335783415,0.5045500500464656,0.1938343647156612,4.9649,3736.0,3736.0,0.0001952898349968166,4.9942625,-19126804.0,,0.0,7.0
0xf8639274caa7a4d431f55d76b813981ddd23159d,0.5323065491852401,0.8268005,1,14.705881000000002,2,1770596545,0.6663296623400807,0.6673407846848634,0.6663296623400807,0.6663296623400807,0.9437623884260373,3.3224444805894437,0.6663296623400807,3.3170468313480908,0.0,,0.6663296623400807,3.3480468408746207,0.6663296623400807,3.3840468408746207,3.3170468313480908,,1,0.9973649602145014,-0.9832330022048384,0.6663296623400807,0.18606182747518582,4.999999,894.0,894.0,4.536726398708525e-05,4.874999125,-19704945.0,,0.0,7.0
0xd7e9738ee27ec7ca060e36c935fe165fbf639c52,0.5310420950111516,0.8256133,1,8.108107,2,1770584593,0.6359960284442026,0.6370071507889852,0.6359960284442026,0.6359960284442026,0.900864151974426,2.790181586305949,0.6359960284442026,2.784783937064596,0.0,,0.6359960284442026,2.815783953800461,0.6359960284442026,2.860783953800461,2.784783937064596,,1,0.9973649602145014,-0.9826350527930996,0.6359960284442026,0.21107267372278285,3.999999,626.0,626.0,3.178651324647085e-05,3.3999992,-19693261.0,0.0,0.0,5.0
0xf7ed3292e9bcbbd822c363e5f0a363ee0b8a5ed7,0.529477705325798,0.824145,1,4996.484597999999,11,1770602907,0.004078136871251813,0.004092220438401418,0.004078136871251813,0.004078136871251813,0.04809857537368947,0.23936980635831429,0.004078136871251813,0.23663379326016296,0.0,147.13581129999994,0.026813285311342243,0.24271647027237891,0.053626570622684486,0.5109948075766165,0.4829948008940866,,1,0.9973649602145014,-0.983551288195257,0.004078136871251813,0.23047733817032484,260.37936,1295143.0,1295143.0,0.06570260723295182,602.2173404666668,-18417058.0,,0.8571428571428571,7.0
0xcaca53c4d3fda8e30cc181ffdbc745d3c56b7ee5,0.528338689154739,0.8230763,1,2.4,1,1770598179,0.7674418596899145,0.768452982034697,0.7674418596899145,0.7674418596899145,0.768452982034697,6.09719294117647,0.7674418596899145,6.080999993452411,0.0,,0.7674418596899145,6.116999999999999,0.7674418596899145,6.164999999999999,6.080999993452411,,1,0.9973649602145014,-0.9833147499741474,0.7674418596899145,0.22736821118295264,3.0,280532.0,280532.0,0.014234803213988926,3.942857,-19426941.0,0.0,0.16666666666666666,6.0
0x12a132ec9b9f38a0c5cfb5293ef5a59ef1a37c29,0.5259523559812154,0.82083815,1,16163.246039,98,1770496327,8.239326520281592e-08,3.678476944440273e-07,8.239326520281592e-08,8.239326520281592e-08,0.0004991985032334168,1.0107347549312593,8.239326520281592e-08,1.0063526482401126,0.0,-32.669056064571436,-0.008313377805863727,1.0300319816984562,-0.016626838004992657,1.213809438908981,1.1755518010445423,,2,0.9973649602145014,-0.9782191723733764,8.239326520281592e-08,1.0,1012.379999,150.0,150.0,7.650867065113623e-06,1012.379999,-19605471.0,,0.0,1.0
0x4e14627f81399ce91dc7b8e4ac705f0da33bb6d1,0.5208259768634123,0.8160337,1,3.030302,2,1770484143,0.6764410688820115,0.6774521912267938,0.6764410688820115,0.6764410688820115,0.9580620766923035,3.5284311549610248,0.6764410688820115,3.520033507902201,0.0,,0.6764410688820115,3.5560335514622157,0.6764410688820115,3.610033551462216,3.520033507902201,,1,0.9973649602145014,-0.9776096161792143,0.6764410688820115,0.8528001021440317,0.999999,490891.0,490891.0,0.025053848388110773,4.166665666666668,-19102546.0,,0.5,2.0
0x49994aa10298b00baeb1e46256f73d65743bcc96,0.5198465323414431,0.8151163,1,317.391303,5,1770550319,0.20100107941633377,0.20194744831554196,0.20100107941633377,0.20100107941633377,0.4442701368656453,1.1739950371788557,0.20100107941633377,1.1682432241361025,0.0,51.00000017891505,0.24161911091042004,1.1956404845960087,0.2822371424045063,1.7756351057205908,1.7056351054847807,,1,0.9973649602145014,-0.980920350806994,0.20100107941633377,0.2513496436541804,74.9999995,238796.0,238796.0,0.012146525976884693,89.00522215625,-19420817.0,,0.13043478260869565,23.0
0x4408b5e2dda0beb0e2d01628db2e3265e38b05df,0.5147810237427668,0.8103736,1,10.51111,3,1770555937,0.5551062127861003,0.5561173351308829,0.5551062127861003,0.5551062127861003,0.9489058880470075,1.806066695130276,0.5551062127861003,1.7976690480714523,0.0,,0.5551062127861003,1.8396690570714531,0.5551062127861003,1.869669037670404,1.797669072788697,,1,0.9973649602145014,-0.9812014150468826,0.5551062127861003,0.23000145502462588,4.999999,431041.0,431041.0,0.021918939065602636,3.9999829999999994,-19234190.0,,0.0,5.0
0x58106a064077eedd0678f34d17785a82ffc4760e,0.5048558834640642,0.80108833,1,21.42857,2,1767829193,0.5854398565033501,0.5864509788481327,0.5854398565033501,0.5854398565033501,0.8293669279540065,0.5708223952039737,0.5854398565033501,0.2969112365582915,0.0,,0.5854398565033501,0.2843088798837814,0.5854398565033501,2.1161821081640664,2.1301821118974003,,1,0.9973649602145014,-0.8447844998224713,0.5854398565033501,0.2146494371236114,19.999999,2750.0,2750.0,0.00016235216285846545,17.273999,-16935737.0,,0.0,5.0
0x152ec06dda039794ded9a0c4875af3b73a2ee359,0.5046897315274138,0.80093294,1,10514.625769,29,1770594499,3.555570745742315e-07,-3.476558062503596e-07,3.555570745742315e-07,3.555570745742315e-07,-0.00039328097304213637,0.0,3.555570745742315e-07,0.0,0.0,133.88254685090914,0.0471565445345277,0.0,0.09431273351198083,,,-1.44121430163256,1,0.9973649602145014,-0.9834390225928521,3.555570745742315e-07,1.0,1839.659999,56.0,56.0,2.84209238292343e-06,1839.659999,-19703737.0,,0.0,1.0
0x01c7b9cf60e7432803e61e4b4b54e960d80c4da2,0.5020515806999305,0.7984658,1,21387.827280999998,194,1770339285,0.07329268463777153,0.07344825250669046,0.07329268463777153,0.07329268463777153,0.6853581903385333,2.159516328442344,0.07329268463777153,2.152785837661088,0.0,226.65678505027927,0.13122894545263958,2.1827887024852193,0.1891652062675076,2.1780092499652004,2.104678672491281,,2,0.9973649602145014,-0.9703624813159569,0.07329268463777153,0.6061176086451721,59.999999,1146425.0,1146425.0,0.05894646596031515,158.1082530188679,-18302154.0,,0.4444444444444444,9.0
0xb7a07990e26d0d82e9e2bb3780fb04be7ccae3b7,0.5013994767880922,0.797856,1,1.999998,2,1770600277,0.5551063720379777,0.5561174943827604,0.5551063720379777,0.5551063720379777,0.7864689028290431,1.806068187432563,0.5551063720379777,1.8006705381912105,0.0,,0.5551063720379777,1.8006705403737397,0.5551063720379777,1.845670580873762,1.8006705381912103,,1,0.9973649602145014,-0.983419711308303,0.5551063720379777,,,,,,,,,,
0xfd9bf631ab106c4a4ec9a51073d9e3ef2802934e,0.4999917450727405,0.79653955,1,1707.8430899999998,12,1770561823,1.2662320232570278e-06,1.8691996407724909e-06,1.2662320232570278e-06,1.2662320232570278e-06,0.0007654389333109364,0.8258703726569359,1.2662320232570278e-06,0.8220301125927789,0.0,125.05601654998397,0.05171918691486559,0.8315419477739994,0.10343710759770794,1.5012561893464333,1.4417561884396417,,2,0.9973649602145014,-0.9814958871216395,1.2662320232570278e-06,0.728362156763563,119.3449995,866.0,866.0,4.402393621063816e-05,119.3449995,-19670251.0,,0.0,2.0
0x7ad4ba3dbed7b5f5f9419f4a781c3f1dfd4c9aab,0.4989431794740644,0.795559,1,39.999998,2,1770599619,0.6562184123806247,0.6572295347254073,0.6562184123806247,0.6562184123806247,0.92946292160083,3.1317127616840166,0.6562184123806247,3.1263151124426636,0.0,,0.6562184123806247,3.1293151146251934,0.6562184123806247,3.1913151167251934,3.1263151124426636,,1,0.9973649602145014,-0.9833867920719472,0.6562184123806247,0.196643432634946,19.999999,201368.0,201368.0,0.010217103297376167,28.061172125,-19507545.0,,0.14285714285714285,7.0
0xe8a3e236bce9e41099f2c9a85963ac5fa25a8ea4,0.4930590018722575,0.79005605,1,5.999996,2,1770601971,0.3427706928793178,0.34378181522410034,0.3427706928793178,0.3427706928793178,0.4861809055871641,0.5986410387291965,0.3427706928793178,0.5932433894878436,0.0,,0.0,0.605243391670373,0.0,0.6212433961703735,0.5932433894878436,,1,0.9973649602145014,-0.983504460831687,0.3427706928793178,0.8251821909301613,3.9999995,8084.0,8084.0,0.00041012081162725985,7.74999925,-19703181.0,,0.0,2.0
0x14e8ab8ec25d94ce1ed324ef553803d901fa86d9,0.4903164485380066,0.78749067,1,19.999998,2,1770589699,0.6663296396504929,0.6673407619952755,0.6663296396504929,0.6663296396504929,0.9437623563381142,3.322444036075675,0.6663296396504929,3.3170463868343214,0.0,,0.6663296396504929,3.3840463918728516,0.6663296396504929,3.3960463918728516,3.317046386834322,,1,0.9973649602145014,-0.9828905020648816,0.6663296396504929,0.25802005244559933,99.9999995,8040242.0,8040242.0,0.40815497523147504,197.54091806944447,-11658751.0,,0.4888888888888889,45.0
0x51ca9dcd80f34ef958c420eee4d903a8972fdd9c,0.48855415825660614,0.78584194,1,80.0,2,1770093326,0.41354903901604073,0.41456016136082335,0.41354903901604073,0.41354903901604073,0.5862766026160551,0.8754960100196089,0.41354903901604073,0.8624960124496187,0.0,,0.41354903901604073,0.9054960100196091,0.41354903901604073,0.9144960100196089,0.8624960124496185,,1,0.9973649602145014,-0.9580573408071006,0.41354903901604073,0.16183864869413483,24.57,106474.0,106474.0,0.0055447642040513225,32.936875,-19096146.0,0.0,0.0,10.0
0x9a851f7a0a214f85d74202ade1b7cce33e492b58,0.48672470039506915,0.7841301,1,13543.770378000001,28,1770590693,1.8029677144700338e-07,-4.197448481204254e-07,1.8029677144700338e-07,1.8029677144700338e-07,-0.00046065898180861365,0.0,1.8029677144700338e-07,0.0,0.0,186.00681285714285,0.027386821401928323,0.0,0.0547734625070852,,,-1.3903851352483483,1,0.9973649602145014,-0.9833662800857681,1.8029677144700338e-07,1.0,500.0,94.0,94.0,4.771576752817147e-06,500.0,-19699893.0,,0.0,1.0
0xcc99d292b90b46583529e30008912aaf49456a41,0.4790052819504525,0.77690274,1,169.94523800000002,6,1770590523,3.182082992091726e-05,3.187688084250614e-05,3.182082992091726e-05,3.182082992091726e-05,0.004281404825148601,0.9972528466261519,3.182082992091726e-05,0.9945538723978558,0.0,32.575364848680245,0.07178124007164714,1.0026414505093535,0.1435306593133734,2.061099886980817,2.000164240172319,,1,0.9973649602145014,-0.9829317261541782,3.182082992091726e-05,1.0,24.749999,6.0,6.0,3.045713571857038e-07,24.749999,-19699811.0,,0.0,1.0
0xc2dd755d07acc12a9907d444d4f27550f81700ae,0.4789297578562821,0.776832,1,1126.4899979999998,11,1770598475,1.442513238437907e-07,1.4536955116040922e-07,1.442513238437907e-07,1.442513238437907e-07,0.00023942576418886893,2.3935448525732514,1.442513238437907e-07,2.3868269912107483,0.0,86.572632565,0.03726246443997943,2.4017620760686427,0.07452492887995886,3.122921025490166,3.0722067331511824,,1,0.9973649602145014,-0.983329558627584,1.442513238437907e-07,1.0,99.999999,234.0,234.0,1.18734900941857e-05,99.999999,-19707535.0,,0.0,1.0
0x2b7a4eb36f218814fc992613140126b52e41f9b4,0.46804884935375635,0.7666277,1,2.018865,2,1770602423,0.4742166050796528,0.47522772742443536,0.4742166050796528,0.4742166050796528,0.672073497339381,1.1949104193386937,0.4742166050796528,1.1895127700973407,0.0,,0.0,1.20151277001787,0.0,1.2215128303593752,1.1895127700973407,,1,0.9973649602145014,-0.9835270740457186,0.4742166050796528,1.0,1.069998,154584.0,154584.0,0.007842239212342587,1.069998,-19557133.0,0.0,0.0,1.0
0x08635ef530fe7092ef3532be6fab664348894ecc,0.4657915240276298,0.76450753,1,4499.006057,10,1770508741,-0.0002136190963515402,-0.00042723819270312785,-0.0002136190963515402,-0.0002136190963515402,-0.0009295053342360364,1.6236540988370114,-0.0002136190963515402,1.6185123634306269,0.0,277.50167738550005,0.03930589517962159,1.6314700595046032,0.07882540945559473,3.141440363762205,3.080607028294342,,2,0.9973649602145014,-0.9788402352914926,-0.0002136190963515402,0.9916555947018821,108.78913299999999,24398.0,24398.0,0.001243651568569431,108.78913299999999,-19593637.0,,0.0,2.0
0x656cee19378e1e78b7e69c5461cc0daf45b9c7db,0.46259608087738807,0.76150393,1,1.7857129999999999,2,1769045522,0.44388286790361353,0.4448939902483961,0.44388286790361353,0.44388286790361353,0.6291751148275652,-0.2984884401346205,0.44388286790361353,0.040588252568212,0.0,,0.44388286790361353,0.08658828392823456,0.44388286790361353,1.04156944767863,1.01656944767863,,1,0.9973649602145014,-0.9056365086938553,0.44388286790361353,1.0,0.999999,144.0,144.0,7.931779644585768e-06,0.999999,-18154672.0,,0.0,1.0
0xff0638225e3d6aad85a406b4645f544d98aa79c5,0.45918235347522834,0.75829196,1,966.3658,13,1770596839,3.881547557715596e-06,4.6439943994097315e-06,3.881547557715596e-06,3.881547557715596e-06,0.0017737201468137312,1.5222354905387836,3.881547557715596e-06,1.5193195973802847,0.0,78.33382,0.06787362433957599,1.5313110571019113,0.13574336713159424,3.560930867770372,3.493888129333805,,1,0.9973649602145014,-0.9832477107998059,3.881547557715596e-06,0.4787556559052326,73.629999,22942.0,22942.0,0.0011642060875160032,54.209999333333336,-19683191.0,,0.0,3.0
0xeec0504d2af464e630411c79464ee22e8b432a55,0.45822589329677793,0.7573914,1,1870.5603299999993,14,1770576973,-1.564447276456503e-06,1.1059023850813212e-06,-1.564447276456503e-06,-1.564447276456503e-06,0.0006770990113776803,0.4154391180712116,-1.564447276456503e-06,0.41124028334079843,0.0,-701.8565175333333,-0.07449528102198603,0.4177403006805386,-0.1489889975966956,0.8228060961706544,0.7820815580166733,,1,0.9973649602145014,-0.9822538300255754,-1.564447276456503e-06,1.0,1071.999999,442.0,442.0,2.2452199799992555e-05,1071.999999,-19685825.0,0.0,0.0,1.0
0xcd37d76d1fdf813684a4e45a9386a1796ee27b3d,0.45819108185889684,0.7573586,1,192.5,2,1770583403,0.605662284524715,0.6066734068694977,0.605662284524715,0.605662284524715,0.8579657599259345,2.3601530451098967,0.605662284524715,2.3517553980510733,0.0,,0.605662284524715,2.3797553980510733,0.605662284524715,2.424755398051073,2.3517553980510733,,1,0.9973649602145014,-0.9825755180039456,0.605662284524715,0.6726538420661068,48.5,3983342.0,3983342.0,0.2022750870538454,48.5,-15709355.0,0.0,0.0,2.0
0x200b8ae183110458cec5fa22bf2f0982590a4764,0.4576103609575432,0.7568117,1,256.84781399999997,4,1770579933,1.4254886535893027e-05,2.328298129898488e-05,1.4254886535893027e-05,1.4254886535893027e-05,0.0033964027925807955,0.6620406847662474,1.4254886535893027e-05,0.6578416639189641,0.0,29.409000139986844,0.03792956113554785,0.6638419458806188,0.07584486738455981,1.3666215023209332,1.315621502035333,,1,0.9973649602145014,-0.9824019165599418,1.4254886535893027e-05,1.0,49.999999,40.0,40.0,2.0315678213268605e-06,49.999999,-19689187.0,,0.0,1.0
0xfb818fa754071d9a53ef3eb7195ad96732afb019,0.4522631755612103,0.7517703,1,1336.324,15,1770594635,0.014824914321810061,0.022409754207387302,0.014824914321810061,0.014824914321810061,0.12136042226818575,0.9061783801962389,0.014824914321810061,0.9033875329347959,0.0,329.856,0.05392108870951391,0.9129800919236546,0.09301726309721776,1.4495188571009454,1.413233140632702,,2,0.9973649602145014,-0.9831374463667845,0.014824914321810061,1.0,10.4,836.0,836.0,4.242808629690048e-05,10.4,-19703093.0,,0.0,1.0
0x79c18af86fa723c110c18152d956ca00083eda66,0.44677857829219275,0.7465886,1,25.019998,5,1770040416,0.0413041058989635,0.12565001258042194,0.0413041058989635,0.0413041058989635,0.3455787779128015,0.753273401797331,0.0413041058989635,0.7443066472731223,0.0,-1.599999901097688,0.02642846858727023,0.79551483716746,0.011552831275576957,1.2515115470818545,1.1825115426100508,,1,0.9973649602145014,-0.955410294005302,0.0413041058989635,0.35055729350747955,10.0,34314.0,34314.0,0.0017918809214343193,11.363331666666667,-19115396.0,,0.3333333333333333,3.0
0xc5c9498f5fdafc35cb47e1300627c5679cef62ef,0.44182097801058096,0.74189425,1,161.45470300000002,5,1770596071,-1.6303442903008045e-06,5.062648059355132e-06,-1.6303442903008045e-06,-1.6303442903008045e-06,0.0017378677683254247,1.063504097380794,-1.6303442903008045e-06,1.0608052498568903,0.0,-22.33281877,-0.025176688817109435,1.0683866555574535,-0.05035174728992857,2.2061229272092935,2.154402031344334,,1,0.9973649602145014,-0.983209288347646,-1.6303442903008045e-06,0.8652680678722657,323.499997,1378.0,1378.0,6.99301941374849e-05,323.499997,-19703987.0,,0.0,2.0
0x9dc13c04f45ca5b2b03316ca149db7978dde4883,0.4391083924344049,0.7393211,1,128.973897,7,1770591673,2.7264301871554604e-05,2.7409569437199015e-05,2.7264301871554604e-05,2.7264301871554604e-05,0.003960776763055432,0.9840799912858837,2.7264301871554604e-05,0.9813810374188356,0.0,11.195832181033715,0.0628174459983957,0.996486763799524,0.12560762769491984,2.0817686500032426,2.02936531232295,,1,0.9973649602145014,-0.9829892597739489,2.7264301871554604e-05,0.3456451617977719,4.999999,6500.0,6500.0,0.0003299330433881748,7.8219994,-19694467.0,,0.0,4.0
0x366474456d944fe66e019b66bb1007436e90f267,0.43661472717567384,0.7369526,1,35.10000000000001,7,1770048822,0.1105327431814569,0.11078224090289676,0.1105327431814569,0.1105327431814569,0.3142070663876196,0.15145220128327194,0.1105327431814569,0.149239214270285,0.0,-0.13879999999999923,0.10916575829714706,0.16074674673781747,0.10779877341283722,1.0775686178531636,1.0115686178531635,-1.4862143016325602,1,0.9973649602145014,-0.9567134555077259,0.1105327431814569,0.2986291277416314,11.003,9902.0,9902.0,0.0005168566679521097,9.177,-19148214.0,,0.0,4.0
0xb1fab3d6d1b9b22b98c824fff976d5f46900d188,0.4351050293785286,0.7355172,1,4116.141431,33,1770589797,5.892758622619107e-08,5.983416444293136e-08,5.892758622619107e-08,5.892758622619107e-08,0.00014129716461342256,2.074306531399559,5.892758622619107e-08,2.069060143075076,0.0,210.85234266333057,0.04113790692389544,2.080538129429926,0.08227581384779088,4.297426543316704,4.228277271819866,,2,0.9973649602145014,-0.9828954049298708,5.892758622619107e-08,0.5432098901920442,10.0,5768.0,5768.0,0.00029280538883748493,35.999999200000005,-19693323.0,,0.0,5.0
0x62ae54e683c1b27cd08a6169b4b9b86d576d8349,0.43093841565785057,0.7315496,1,2921.4004559999994,22,1770574241,-1.33190888094629e-07,3.474544906868275e-07,-1.33190888094629e-07,-1.33190888094629e-07,0.0004591202452485447,1.5066408295557576,-1.33190888094629e-07,1.5022932137536325,0.0,-177.29351415,-0.03594869177202263,1.511995920322494,-0.07189725035315717,3.076337903565098,2.987346613674448,,1,0.9973649602145014,-0.9821171501566941,-1.33190888094629e-07,1.0,899.129999,210.0,210.0,1.0668815332205319e-05,899.129999,-19683325.0,,0.0,1.0
0x8ced063775ff95d62d0c0f66cc699126e6c520e0,0.43042124005350085,0.7310565,1,2.0,2,1768052086,0.605662284524715,0.6066734068694977,0.605662284524715,0.605662284524715,0.853621152590827,1.0522687103068278,0.605662284524715,0.0982573312552545,0.0,,0.605662284524715,0.08505732565525415,0.605662284524715,2.360153045109897,2.386955398051074,,1,0.9973649602145014,-0.8559356660064309,0.605662284524715,,,,,,,,,,
0x986dcd6c3c2f0d0bef49f422114237089d862329,0.4282976303648397,0.7290302,1,88537.50528000001,47,1770590621,-0.0005421428665312814,-0.0008132142997969525,-0.0005421428665312814,-0.0005421428665312814,-0.0016775604934702176,0.47225043961002305,-0.0005421428665312814,0.47027514193129805,0.0021074106823344733,9393.167738499998,0.04358093934896238,0.4761345743332161,0.08770402156445603,1.3639168616488013,1.3200686162555522,0.16010000000000085,1,0.9973649602145014,-0.9829366290191673,-0.0005421428665312814,0.5004463021379224,215.9205,4569551.0,4569551.0,0.2319579043868971,2439.545758,-15130364.0,,0.0,3.0
0x72dd2ed397e911db76521bacecc93c5e5608aad5,0.42774791546546137,0.72850525,1,7.284,4,1770602803,0.3737400712277488,0.3747511935725315,0.3737400712277488,0.3737400712277488,0.7487740219489525,0.7130616037332345,0.3737400712277488,0.7076639544918814,0.0,,0.0,0.7196639544124106,0.0,0.7332343013187814,0.7052342946362515,,1,0.9973649602145014,-0.9835460851548602,0.3737400712277488,0.2384322647262492,1.9936,208648.0,208648.0,0.010584769342399238,1.7759733160621762,-19503449.0,,0.05555555555555555,36.0
0x0c68805b7ae15d3771e88cfa186a5d713955e7c7,0.4226390601832217,0.7236183,1,2607.5062629999998,27,1770372139,-4.6517444537969486e-08,1.069901224364617e-06,-4.6517444537969486e-08,-4.6517444537969486e-08,0.0008639691625972528,1.955093810084451,-4.6517444537969486e-08,1.9531539888814708,0.0,-301.24915029999994,-0.02500600768973234,1.995274500256389,-0.05001196886202014,3.6697397364340554,3.581165464650713,,2,0.9973649602145014,-0.9720061417889544,-4.6517444537969486e-08,0.7001249479383591,245.0,708.0,708.0,3.6342295764382426e-05,245.0,-19480725.0,,0.0,2.0
0x84dc5c7a0b2fc2c30798fe7aafe9b6954c4c9607,0.42223242648115317,0.7232287,1,123.07003800000001,4,1770580639,4.181291143253869e-05,4.2055539543047396e-05,4.181291143253869e-05,4.181291143253869e-05,0.00470235196429601,0.7725856072921123,4.181291143253869e-05,0.7683864479139201,0.0,21.53822019996801,0.06538036843574574,0.7758870478119239,0.13071892396005894,1.593649985686715,1.536649984726715,,1,0.9973649602145014,-0.9824372371995576,4.181291143253869e-05,1.0,19.999999,24.0,24.0,1.2188969865971612e-06,19.999999,-19689909.0,,0.0,1.0
0x257c7f2daffdfd51061d4e4cd4b19bf7f9b36886,0.4210972485925756,0.72214043,1,47.548961,5,1770599705,9.00449530624301e-05,9.044995281018625e-05,9.00449530624301e-05,9.00449530624301e-05,0.00782786720656187,1.9445817619071337,9.00449530624301e-05,1.9408141689590597,0.0,10.83376052971272,0.08630536920412184,1.9418143035653868,0.17252069345518123,3.9532890155446103,3.8812741643010114,,1,0.9973649602145014,-0.9833910945861214,9.00449530624301e-05,1.0,4.999999,56.0,56.0,2.841341663267627e-06,4.999999,-19708943.0,,0.0,1.0
0x3348cf4a277962829ef479527d9857d0502ab09d,0.4200567487045835,0.72114223,1,7.3,2,1770467363,0.605662284524715,0.6066734068694977,0.605662284524715,0.605662284524715,0.8579657599259344,2.360153045109896,0.605662284524715,2.3517553980510733,0.0,,0.605662284524715,2.4157553980510733,0.605662284524715,2.4547553980510735,2.3517553980510733,,1,0.9973649602145014,-0.9767701256229078,0.605662284524715,0.9166707398960816,12.554999500000001,8779530.0,8779530.0,0.44846931730989614,199.5344692857143,-10797127.0,0.0,0.23076923076923078,13.0
0x6b0ce391ee773f0fd3e19ca03c701f72eca3e8e7,0.4197940485698488,0.7208901,1,13.4375,2,1770392281,0.5247724969421154,0.525783619286898,0.5247724969421154,0.5247724969421154,0.7435703252691432,1.5466499464032069,0.5247724969421154,1.5396499464032067,0.0,,0.5247724969421154,1.5786499684832105,0.5247724969421154,1.6086499464032067,1.5396499464032067,,1,0.9973649602145014,-0.9730138306319298,0.5247724969421154,0.47635804290298833,19.789999,6988774.0,6988774.0,0.3583697214199366,249.17127227272724,-12512801.0,0.0,0.3333333333333333,9.0
0x4a0734305538e71356fc5f6f7250ae3e26cba3c7,0.4194942036676396,0.7206023,1,27.466672,4,1770600553,5.764101991973914e-05,0.00024573279530258683,5.764101991973914e-05,5.764101991973914e-05,0.014186521985441328,3.2570735977878726,5.764101991973914e-05,3.248974694686595,0.0,2.8404006795920718,0.022801073308484236,3.248974697961371,0.04554450559704873,6.58000035745337,6.496000350905781,,1,0.9973649602145014,-0.9834335193770479,5.764101991973914e-05,0.9019009832063571,3.3,2688.0,2688.0,0.00013637853200991362,4.1427881428571425,-19707159.0,,0.0,2.0
0xb5b713093b42478ce7275124e49cb5da569070ab,0.419356936872667,0.7204705,1,16.677598,4,1770600615,0.0003026425636509695,0.00034107336096183313,0.0003026425636509695,0.0003026425636509695,0.01564785996558778,2.2761438759397534,0.0003026425636509695,2.2700445005686474,0.0,4.340700499525124,0.0798907060581147,2.270044501660431,0.15947876955257845,4.617933056016421,4.537933025833886,,1,0.9973649602145014,-0.9834366211895922,0.0003026425636509695,0.4025217290023256,2.499986,9314.0,9314.0,0.0004725541858158757,4.0499074,-19700595.0,,0.0,7.0
0xc80602489e0b72ff165e6086c2ee32399231970a,0.4186647714184349,0.7198058,1,6.112654999999999,4,1770515217,0.0001025836786313347,0.0001029875512455049,0.0001025836786313347,0.0001025836786313347,0.007287513646724263,0.7338285062368062,0.0001025836786313347,0.7296288441393199,0.0,1.0363203498602274,0.06429605128844029,0.7466322564478907,0.12848951889824925,1.5139663451103598,1.4589663108103375,,1,0.9973649602145014,-0.9791642246146536,0.0001025836786313347,0.25000000000004685,0.999999,1986.0,1986.0,0.00010119997384902992,0.9999987499999999,-19622525.0,,0.0,4.0
0xf53651dc6e75e752d6d971724f0757f262b3c292,0.41830913068909187,0.7194641,1,28.537036,2,1770303053,0.4641051718452161,0.4651162941899987,0.4641051718452161,0.4641051718452161,0.6577737713242107,1.1337035795858703,0.4641051718452161,1.1297035795858703,0.0,,0.4641051718452161,1.1547035813138704,0.4641051718452161,1.1657035826695823,1.1297035795858703,,1,0.9973649602145014,-0.9685498220885375,0.4641051718452161,0.8912703175776513,15.689999,7951160.0,7951160.0,0.40959292557463556,204.67543207692307,-11461187.0,0.0,0.25,12.0
0x41c13b7b26ab5c970aec896449ffa15a1e801742,0.41819380764330344,0.7193533,1,4627.12567,56,1770588253,-0.01174713299785252,-0.011813419629716687,-0.01174713299785252,-0.01174713299785252,-0.10132357228486114,1.814811593657209,-0.01174713299785252,1.8093684043455895,0.0,76.11686071624999,0.025744233051425484,1.8193900011723423,0.06323559910070349,3.739024935032931,3.6726990105232296,-1.2819999999999987,2,0.9973649602145014,-0.9828181597916743,-0.01174713299785252,1.0,99.999999,654.0,654.0,3.320210379495477e-05,99.999999,-19696893.0,,0.0,1.0
0xd01e597e2704bec6e6b602b1e5579a515eb7ea26,0.4177462479915602,0.7189232,1,349.85648000000003,5,1770601891,6.434897829032117e-06,6.455069922540054e-06,6.434897829032117e-06,6.434897829032117e-06,0.0014451978893772208,0.2651687402627589,6.434897829032117e-06,0.2624698617999901,0.0,33.477598,0.04019721650461777,0.2684699825924796,0.08039443300923554,0.5446369471169712,0.5166369404344414,,1,0.9973649602145014,-0.9835004584929203,6.434897829032117e-06,0.5786867698560197,71.679998,8146.0,8146.0,0.00041326789840387575,79.20923233333333,-19703039.0,,0.0,2.0
0x6ae6b8775598acba0300bbc8483931d4bb0e5933,0.41732926365865225,0.71852237,1,27.54514,4,1770467473,0.596796917510012,0.5978080398547947,0.596796917510012,0.596796917510012,1.1250698415707696,2.250174319012779,0.596796917510012,2.241776671953956,0.0,,0.596796917510012,2.3040231023566764,0.596796917510012,2.3481750161201633,2.2616134073223333,,1,0.9973649602145014,-0.9767756288387119,0.596796917510012,0.8908000909750754,14.634999,8509515.0,8509515.0,0.43467417270686215,196.32026685714283,-11067252.0,0.0,0.15384615384615385,13.0
0xd09f3627472374e011197b3232b7248f3669b410,0.4170872499146428,0.7182897,1,70.260194,6,1770582787,5.665365697819141e-05,5.682585649898541e-05,5.665365697819141e-05,5.665365697819141e-05,0.006158101925464946,1.298994072475911,5.665365697819141e-05,1.2947948914054936,0.0,14.404459959321018,0.07768688344825272,1.3117352442675547,0.15531711323952724,2.9797562556516928,2.8997562296906683,,1,0.9973649602145014,-0.9825446999954424,5.665365697819141e-05,1.0,7.999999,98.0,98.0,4.976619789447341e-06,7.999999,-19691983.0,,0.0,1.0
0x124d5c0f7640da6bcf498c193545979180f20e0f,0.4147145641504384,0.7160063,1,7.403702,4,1770598237,0.000217400127871228,0.0003690745842601175,0.000217400127871228,0.000217400127871228,0.01650518501884807,2.6074784679849725,0.000217400127871228,2.59937794572307,0.0,1.5910005394602482,0.05453806957165971,2.6173869493607524,0.1088587390154482,5.280157714566696,5.196157708019107,,1,0.9973649602145014,-0.9833176516697533,0.000217400127871228,0.25,0.999999,558.0,558.0,2.8314049081034047e-05,0.999999,-19706973.0,,0.0,4.0
0x5e6520a912ca4b7bfc8538d876e2974baa98808f,0.41381492718654295,0.7151395,1,84.0,4,1770599515,0.0,0.0,0.0,0.0,0.0,3.007096470588235,0.0,2.9989999967262055,0.0,12.000000000000002,0.03791708792934361,3.0049999999999994,0.07583417585868722,6.078999999999999,5.997999993452411,,1,0.9973649602145014,-0.9833815890315506,0.0,0.30428854702381297,9.0494,5380.0,5380.0,0.0002729743841954123,9.967099625,-19703429.0,,0.0,6.0
0xbf2cb7ee24961624780b202275426174feebb082,0.41379025123315116,0.7151157,1,11.989004000000001,4,1770551687,0.00022664168926458196,0.0004937550045807661,0.00022664168926458196,0.00022664168926458196,0.017451090295033986,1.2479291392341765,0.00022664168926458196,1.243726954418413,0.0,1.4336005591041232,0.03558760734731692,1.2707485796709939,0.07094857300536925,2.56346424073196,2.485464218891955,,1,0.9973649602145014,-0.980988790799904,0.00022664168926458196,0.5495846433936538,1.499999,4086.0,4086.0,0.00020782279378633243,3.5899987500000003,-19656895.0,,0.0,4.0
0x5c81cd51bea546e16763b126b436760686602e99,0.4116902516928659,0.71309024,1,32.44137,4,1770599959,0.00021617247473851143,0.00024651246886431147,0.00021617247473851143,0.00021617247473851143,0.012728522439914562,1.5664440047866703,0.00021617247473851143,1.563744167895773,0.0,6.509400499625062,0.07223162351072504,1.5637441689874472,0.14424707454671157,3.191315733919599,3.126315722987069,,1,0.9973649602145014,-0.9834038020117055,0.00021617247473851143,1.0,3.999999,206.0,206.0,1.045194356173722e-05,3.999999,-19709047.0,,0.0,1.0
0xc3ca883f3b752c2eeb2de06a0fdaafc632c3ca7c,0.41022619242765246,0.7116763,1,1141.7474839999998,74,1759112725,0.11115814491067277,0.11130993468817531,0.11115814491067277,0.11115814491067277,0.5991018209291128,1.0727200851123717,0.11115814491067277,1.1070590429311689,0.0,6.852113851581885,0.13170072823960438,1.1073988773434893,0.152243311568536,2.2742130539744387,2.2783837849062225,,5,0.9973649602145014,-0.4087062775132649,0.11115814491067277,0.18964922989803937,6.1,182786.0,182786.0,0.02223127920283327,9.952575605263156,-8039233.0,,0.4117647058823529,17.0
0x6617aedc9c024d57e5b2f3f4a4a6c4f0dfd9d8b8,0.4093448933867293,0.71082443,1,77.134495,5,1770565047,8.406350606717959e-05,8.459654783353864e-05,8.406350606717959e-05,8.406350606717959e-05,0.006381672348137929,0.6169550465620045,8.406350606717959e-05,0.612755485189699,0.0,12.187464770811346,0.05987080884816997,0.6187565395463139,0.11965755419027277,1.3029850045604403,1.2422439461059647,,1,0.9973649602145014,-0.9816571813739359,8.406350606717959e-05,1.0,13.499999,128.0,128.0,6.505935827787065e-06,13.499999,-19674213.0,,0.0,1.0
0xc68dd9934f3eb13e5a3292ac798af7fd9097f714,0.40867727694024486,0.71017873,1,15.587532000000001,4,1770581729,0.0004192775898634414,0.00042089642204072553,0.0004192775898634414,0.0004192775898634414,0.014876171333425203,0.7731424878467346,0.0004192775898634414,0.76894030310655,0.0,2.6936003594240923,0.06583704845189643,0.7769467072066498,0.1312548193139294,1.5936505120859428,1.5366504982619396,,1,0.9973649602145014,-0.9824917690652533,0.0004192775898634414,0.3991182113645343,1.109999,14530.0,14530.0,0.0007378997018082808,1.536666,-19676493.0,,0.0,3.0
0x1c2d99b312cf8679c7aff3c1b896fd4281f564bf,0.40608656950496325,0.70767,1,333.608886,5,1770587157,0.555481996239195,0.5564931185839778,0.555481996239195,0.555481996239195,1.1312294202279434,1.8098924545044,0.555481996239195,1.804494805263047,0.0,,0.555481996239195,1.8225691464126748,0.555481996239195,1.9756470254498866,1.9136024933564166,,1,0.9973649602145014,-0.9827633277505711,0.555481996239195,0.21886355785709746,99.999999,2624605.0,2624605.0,0.13325268597880907,94.978999,-17071846.0,,0.0,5.0
0x0a943e5846a2d61a8d48ab7cfd6bc2e52e4ceef3,0.40433131096923725,0.70596737,1,116.66333200000001,4,1770600933,1.9926151337399096e-05,2.5413062460724176e-05,1.9926151337399096e-05,1.9926151337399096e-05,0.004755231838407334,3.5466978240404057,1.9926151337399096e-05,3.538601118936474,0.0,40.24770083995202,0.08722673943993078,3.5386011222103617,0.17443355272852415,7.1610001330200035,7.077000112972414,,1,0.9973649602145014,-0.9834525304861896,1.9926151337399096e-05,0.2395360808604286,4.5,10662.0,10662.0,0.0005409374534347068,3.8837916666666663,-19699565.0,,0.2,5.0
0x829f820ad4067409d16bfc662179458b86082387,0.4035110196609935,0.70517087,1,154.43455400000002,4,1770583555,2.6788579813278412e-05,3.2348473653705324e-05,2.6788579813278412e-05,2.6788579813278412e-05,0.004575291199345221,1.4774394090262828,2.6788579813278412e-05,1.4732403756039805,0.0,29.44150043995602,0.06701029635018815,1.4912412761890221,0.13399380412056303,3.0273334839255384,2.9463334684170075,,1,0.9973649602145014,-0.9825831224476023,2.6788579813278412e-05,0.5555555629629637,14.999998999999999,1430.0,1430.0,7.261519143319487e-05,14.999998999999999,-19691419.0,,0.0,2.0
0x4cb27313b0c68a017c9a3e72bd861c29c03b005c,0.4017084418110902,0.70341873,1,28.738265,4,1770592641,0.0001294327392590906,0.00016826255917298615,0.0001294327392590906,0.0001294327392590906,0.009405833329324015,0.7727710983473828,0.0001294327392590906,0.7700714100422854,0.0,4.1640001998720315,0.050669373312670525,0.7785741313245782,0.10120931388608197,1.5786501035372638,1.5396500975147336,,1,0.9973649602145014,-0.9830376880730255,0.0001294327392590906,0.46842251108243077,4.999999,950.0,950.0,4.821861405998954e-05,12.199999000000002,-19700985.0,0.0,0.0,5.0
0x24b70aebc44764e938478d14267dda23ae5c537e,0.40109406326984953,0.70282096,1,1.754383,2,1770602413,0.4337716645773109,0.43478278692209354,0.4337716645773109,0.4337716645773109,0.6148757139515961,0.9722834181519437,0.4337716645773109,0.9668857689105907,0.0,,0.0,0.9788857688311199,0.0,0.9948857755931206,0.9668857689105907,,1,0.9973649602145014,-0.9835265737533728,0.4337716645773109,0.37500018750044534,0.999998,537527.0,537527.0,0.027269429278752977,1.3333316666666668,-19174180.0,,0.3333333333333333,3.0
0x13e8d26596f604d17e2d1f783af0e9283bd12357,0.4000346258480305,0.70178944,1,332.37935600000003,9,1770413935,2.288305993338027e-05,2.2996155779556092e-05,2.288305993338027e-05,2.288305993338027e-05,0.003766122101319885,1.604051821010899,2.288305993338027e-05,1.6027511117159177,0.0,79.95327194990466,0.0818840359270871,1.6333739636044324,0.16374518879424083,3.434956556304556,3.338785188784017,,2,0.9973649602145014,-0.974097163677595,2.288305993338027e-05,0.35922557930707844,24.669999,169710.0,169710.0,0.00869272188529879,26.369999333333336,-19353519.0,,0.0,3.0
0x2a0c912f276d2c88d69dc46d331f19e6baf9a691,0.3996286309791502,0.7013939,1,24.0,2,1770601105,0.7674418596899145,0.7684529820346971,0.7674418596899145,0.7674418596899145,0.9278595455613747,6.09719294117647,0.7674418596899145,6.080999993452411,0.0,,0.0,6.1259999999999994,0.0,6.1650000135,6.080999993452411,,1,0.9973649602145014,-0.983461135514538,0.7674418596899145,0.42457732860705144,11.385,1123060.0,1123060.0,0.05697804493962806,144.76925833333334,-18587339.0,,0.0,5.0
0x52dd2ef0c42c8b76c60d3f2f689dbc8dc2b5d79f,0.39665265194285426,0.69849044,1,93.0,2,1769899420,0.0,0.0,0.0,0.0,0.0,3.2894999967262057,0.0,1.5629998883505065,0.0,39.0,0.032861476205431124,1.6199998883505067,0.06572295241086225,6.678,6.558,,1,0.9973649602145014,-0.9483563720460051,0.0,1.0,27.0,24588.0,24588.0,0.0012935120176988302,27.0,-18984126.0,,0.0,1.0
0x5145a98f86730d05e8f11b30ed0f334ad389ec79,0.3959020975128082,0.697757,1,58.239999999999995,5,1759158065,0.06052289463769509,0.060667340686949754,0.06052289463769509,0.06052289463769509,0.16051069616129948,0.0,0.06052289463769509,0.0,0.0,-5.28,0.03668929651067911,0.0,0.012855698383663135,,,-0.2645626145067818,1,0.9973649602145014,-0.41621966796297416,0.06052289463769509,0.48600453107280983,182.5,273652.0,273652.0,0.03310029236664332,144.24666666666667,-7993707.0,0.0,0.0,3.0
0x829455a9ad230f5d4a8d3320f7262bfc281b0541,0.3933724534262106,0.6952815,1,748.4500270000001,37,1770598465,1.7401977046243349e-06,3.0224485846546257e-06,1.7401977046243349e-06,1.7401977046243349e-06,0.001004241791719875,2.155933612564622,1.7401977046243349e-06,2.1498730587106993,0.0,10.537363387051647,0.029996479123084376,2.164233984686983,0.05999295824616875,5.253992262122155,5.179001961772164,,1,0.9973649602145014,-0.9833290583352382,1.7401977046243349e-06,1.0,19.999999,58.0,58.0,2.9430033115383643e-06,19.999999,-19707701.0,,0.0,1.0
0x23a0e7aa07ed27545e04314285bedb7dd83ff4f8,0.392471349499284,0.69439834,1,5719.102551,18,1770573857,-1.7346037981807735e-08,3.301871303897919e-08,-1.7346037981807735e-08,-1.7346037981807735e-08,0.00012604680847918162,0.8677539236943084,-1.7346037981807735e-08,0.8631572050199493,0.0,-555.599804105666,-0.034981706347830446,0.8705249293832176,-0.06996339534962291,1.7718146664156205,1.7067306336994383,,1,0.9973649602145014,-0.9820979389306141,-1.7346037981807735e-08,1.0,199.879999,72.0,72.0,3.6579509043038893e-06,199.879999,-19683079.0,,0.0,1.0
0x933a75e25a0d1ade590dd32d63fabf98fc550e2b,0.3911508492166874,0.69310284,1,59.9566,10,1770531967,0.0734420639837435,0.0735256158199025,0.0734420639837435,0.0734420639837435,0.25577761024192325,2.5906176880431575,0.0734420639837435,2.5838343954676746,0.0,6.148066666666666,0.12124128161660519,2.5860654826131078,0.16904049924946685,5.7280420821075495,5.652042072151225,-1.2749528808567403,2,0.9973649602145014,-0.9800560457503342,0.0734420639837435,0.23935140366317292,5.468,251174.0,251174.0,0.012788079136059543,7.680840750000001,-19390087.0,0.0,0.5,6.0
0x46e4a57d859158facd52c5264ef960e7e030acca,0.3895799322129632,0.6915596,1,168.36624,7,1770583873,0.0,1.994339335687031e-17,0.0,0.0,3.64815556570524e-09,1.697083086706484,0.0,1.6928842631770722,0.0,39.32111999999999,0.08361049599149122,1.7132368876723616,0.16722099198298243,3.496542321122182,3.4106012573995352,,1,0.9973649602145014,-0.9825990317441997,0.0,0.5000000000000011,19.999999000000003,102.0,102.0,5.17946148529589e-06,19.999999000000003,-19693065.0,,0.0,2.0
0x462b5cd2b5a79e30c8b77a749231f81680e9bd22,0.3874741964205389,0.68948746,1,9.999996,3,1770603579,0.1607685139731162,0.16177963631789885,0.1607685139731162,0.1607685139731162,0.26441255156360954,0.15492540008650318,0.1607685139731162,0.14952775084515024,0.0,,0.0,0.15452775302767968,0.0,0.1775277283219736,0.14952772163944372,,1,0.9973649602145014,-0.9835849078408968,0.1607685139731162,0.5918368396502358,3.4999979999999997,8696.0,8696.0,0.00044113306061475667,3.4999979999999997,-19704177.0,0.0,0.0,2.0
0x54e7fb63d4544a1b0206e0953d01a93477681842,0.38596348870088953,0.6879983,1,831.2549999999997,53,1770149950,0.07093374114855051,0.07718834768286564,0.07208006839227385,0.07093374114855051,0.4951409484619063,0.25655683929177797,0.07093374114855051,0.25449631916789855,0.0,-0.7912826242540247,0.03996023475080007,0.2628708149061837,0.036840556107312544,0.7044480593055815,0.6733822047367777,-1.4843992916998596,3,0.9973649602145014,-0.9654047842856973,0.07093374114855051,0.23381827455885998,32.54841,406804.0,406804.0,0.021122532120160065,27.358430666666663,-18852440.0,,0.0,7.0
0xaeb182c47e7afc8674eea31eb28f1ede1ab703fb,0.3849337233137985,0.686982,1,25508.18421,44,1770589313,-0.024554806055813165,-0.02457963396891306,-0.024554806055813165,-0.024554806055813165,-0.15685817467131716,1.1324456283687105,-0.024554806055813165,1.1297580199210635,0.0,-5098.587256275001,-0.07324253823539476,1.1540360644394216,-0.12193027041497637,2.3799225910033757,2.314385074373118,,1,0.9973649602145014,-0.9828711907803325,-0.024554806055813165,0.9960159526236987,2003.9999995,402.0,402.0,2.0407534400782757e-05,2003.9999995,-19698205.0,,0.0,2.0
0xa25ad6a93e5649cfb80a8933e558879418d404b7,0.3817282397345316,0.6838118,1,10.129549,4,1770594511,0.0005974888263697264,0.0006018929205618545,0.0005974888263697264,0.0005974888263697264,0.015796228854341437,0.43858275087873044,0.0005974888263697264,0.4358800078803229,0.0,1.375660109681049,0.05196365611524986,0.4443923499791266,0.10332982340413,0.8984961593245087,0.8704961571419791,,1,0.9973649602145014,-0.9831312427416962,0.0005974888263697264,0.250000111111195,1.499999,906.0,906.0,4.5980966620406564e-05,1.9999991666666668,-19702899.0,,0.0,6.0
0x4ef468707670e166367f4f701c3acb60fa36e2e9,0.38149209086367225,0.68357784,1,21.999998,3,1770579917,0.4944388387872616,0.49544996113204415,0.4944388387872616,0.4944388387872616,0.8260695207264024,1.3240192212965887,0.4944388387872616,1.3156215742377655,0.0,,0.4944388387872616,1.3276215742377655,0.4944388387872616,1.3666215570248479,1.3156215551750579,,1,0.9973649602145014,-0.9824011160921885,0.4944388387872616,0.36915400281232946,11.499999500000001,1270919.0,1270919.0,0.06454900605209625,22.855648892857143,-18418292.0,0.0,0.029411764705882353,34.0
0x52ea3dbdef56f9723fa02fb1605d7445b73a1051,0.3814733818432068,0.6835593,1,29.939999999999998,4,1770576771,0.0,0.0,0.0,0.0,0.0,0.696891391153586,0.0,0.6926925676241742,0.0,4.970000000000001,0.06281597566961258,0.6991385979542366,0.12563195133922517,1.4473851302883478,1.3853851352483484,,1,0.9973649602145014,-0.9822437241201897,0.0,1.0,5.0,38.0,38.0,1.9302994275392264e-06,5.0,-19686027.0,,0.0,1.0
0x84fd07ca94cc3cc0a4a119e2862925ec46115207,0.3810488839905601,0.6831386,1,215.683136,5,1770588645,2.205234838803875e-06,7.203766985981737e-06,2.205234838803875e-06,2.205234838803875e-06,0.0018892077755214398,0.6620192065551171,2.205234838803875e-06,0.659320342693941,0.0,16.1760003599855,0.01896047396706718,0.669320489183701,0.03791874269929556,1.3666215108982536,1.3186215081848662,,1,0.9973649602145014,-0.9828377712516309,2.205234838803875e-06,1.0,54.999999,1666.0,1666.0,8.457737634378906e-05,54.999999,-19696273.0,,0.0,1.0
0x924a1bfc351263f300c896058685a84f63cdea57,0.38014858649736893,0.6822458,1,67.51849999999999,22,1769181598,0.2770813729411513,0.27826370704815767,0.2770813729411513,0.2770813729411513,1.1823632780488118,1.1345779404404301,0.2770813729411513,1.1476146639021787,0.0,0.11015999999999981,0.27801175414313295,1.1837366821180848,0.2789421353451146,1.7177966850296078,1.6601966821496064,-1.6630370370370366,5,0.9973649602145014,-0.9124442868190027,0.2770813729411513,0.18234833916504561,1.65,190706.0,190706.0,0.01042628210805684,2.027484848484849,-18100186.0,,0.0,11.0
0x6db3463f7aa2e117c31b46dbb3b2170c09b51ae1,0.37908898893182186,0.68119395,1,93.69999999999999,4,1770600571,0.21402089631229496,0.21435793709388917,0.21402089631229496,0.21402089631229496,0.5220021989389915,0.9629702535784173,0.21402089631229496,0.9611710371646328,0.0,-6.7,0.2027300301288904,0.9611710378921429,0.19143916394548588,2.932058072262204,2.8670580565796726,-1.1421257571098906,1,0.9973649602145014,-0.9834429248731497,0.21402089631229496,0.21718870926285339,11.796199999999999,114826.0,114826.0,0.005825813621757429,12.621611175000002,-19595039.0,,0.3333333333333333,6.0
0x016cf395ed4078366dd29f9625176c9c73c022db,0.3765063701792017,0.6786254,1,6134.588339999999,31,1769466357,1.0781822996170976e-06,1.0852990144832999e-06,1.0781822996170976e-06,1.0781822996170976e-06,0.000818166090370309,0.9056970413945866,1.0781822996170976e-06,0.7512551065789349,0.0,1026.32131345,0.06380293118081806,0.7901786449451245,0.1276047841793365,1.9552422489677441,1.882687562465887,,3,0.9973649602145014,-0.9266905616296883,1.0781822996170976e-06,1.0,6.669,290.0,290.0,1.5611835084541587e-05,6.669,-18575361.0,,0.0,1.0
0x005ccd72d2cdd64f618cfc111a0e0165a87ba144,0.3737531394512922,0.6758795,1,55.5684,3,1770599091,0.7674418596899145,0.768452982034697,0.7674418596899145,0.7674418596899145,1.2762841897467858,6.09719294117647,0.7674418596899145,6.080999993452412,0.0,,0.7674418596899145,6.107999999999999,0.7674418596899145,6.161999999999999,6.080999993452411,,1,0.9973649602145014,-0.9833603766360873,0.7674418596899145,0.428854879825343,19.999999,2508623.0,2508623.0,0.12728709125582843,27.999999666666668,-17199762.0,,0.0,3.0
0x083f73d556310b3ea552ca9680296923e39d56a1,0.3737142319950409,0.6758406,1,77.31700000000001,10,1769998418,0.008852810557906796,0.00888909256839002,0.008852810557906796,0.008852810557906796,0.06636339698329341,0.8254442141153009,0.008852810557906796,0.7347827963670106,0.0,13.502000000000002,0.07331066655060398,0.7682953801724874,0.13776852254330116,1.6240634599279242,1.561813459927924,,2,0.9973649602145014,-0.9533091662112756,0.008852810557906796,0.3564869508866165,13.6245,41854.0,41854.0,0.0021904244736366133,13.412249999999998,-19065858.0,0.0,0.0,4.0
0xc48a25aad4f82df48736cc641b7254aec4dcbfc6,0.3731526431214145,0.6752795,1,7740.469704,38,1770581469,-0.005758649675724147,-0.0057927688090427636,-0.005758649675724147,-0.005758649675724147,-0.06338044420054678,0.8317280950645641,-0.005758649675724147,0.827772188948787,0.0,228.8839399708198,0.03787389499451452,0.8371961435259061,0.08150643966475318,1.635404264149906,1.579811595358321,-1.2049999999999994,1,0.9973649602145014,-0.9824787614642616,-0.005758649675724147,1.0,49.999999,486.0,486.0,2.4681623561260677e-05,49.999999,-19690277.0,,0.0,1.0
0xd8eb2266a531f727ff37ed50a225ae5eea587245,0.37064276676394126,0.6727675,1,10132.414168999998,58,1770413077,0.003340434391096119,0.0033628534136350696,0.003340434391096119,0.003340434391096119,0.03170070231913732,1.1061868561874801,0.003340434391096119,1.105185852959436,0.0,-131.50259304498132,-0.022313713882486843,1.1215523710721165,-0.044627427764973686,2.92157577278389,2.8446958855884574,-1.5516043656050296,3,0.9973649602145014,-0.9740542385943226,0.003340434391096119,1.0,310.0,686.0,686.0,3.5139174437367264e-05,310.0,-19521685.0,,0.0,1.0
0xc57f404b806a9998ffa3fa8c0d78b3d35689151e,0.36980744622992007,0.67192996,1,3.3,2,1770576703,0.5045500500464655,0.5055611723912481,0.5045500500464655,0.5045500500464655,0.7149714666049454,1.393782782307172,0.5045500500464655,1.3853851352483484,0.0,,0.5045500500464655,1.3982771959084732,0.5045500500464655,1.4473851302883478,1.3853851352483484,,1,0.9973649602145014,-0.982240322132238,0.5045500500464655,0.16291577694275783,1.955,595803.0,595803.0,0.030265320064815616,1.9948045999999997,-19090194.0,,0.25,16.0
0xb8d06ff0d09844e301e995df62471f6c528ca09f,0.36964542994264876,0.6717674,1,103.769019,6,1770583255,5.759259652829526e-06,7.149329140855311e-06,5.759259652829526e-06,5.759259652829526e-06,0.0019281858444423088,0.7503199445274236,5.759259652829526e-06,0.7461210632734792,0.0,15.354495913509554,0.05237037229546739,0.7561212007513516,0.10473498533128196,1.5622722143688432,1.5060564878999525,,1,0.9973649602145014,-0.9825681136772273,5.759259652829526e-06,1.0,17.999999,1106.0,1106.0,5.61633742792769e-05,17.999999,-19691443.0,0.0,0.0,1.0
0xd23a0313c2839155bf6b413c7423c4ed3406c371,0.369055243082934,0.67117506,1,41.8,4,1770600177,0.0,0.0,0.0,0.0,0.0,0.696891391153586,0.0,0.6941925665329095,0.0,4.598000000000001,0.027805864481518644,0.6941925676241743,0.05561172896303729,1.4233851352483484,1.388385133065819,,1,0.9973649602145014,-0.9834147083848447,0.0,1.0,10.45,1696.0,1696.0,8.605000103757224e-05,10.45,-19707775.0,,0.0,1.0
0x198ba96b422dd8fa1d608ee5db7c1a9959ed0f3a,0.3598214781490613,0.66185474,1,309.67726,6,1770591143,7.483808719270022e-17,-0.00033704078159412827,7.483808719270022e-17,7.483808719270022e-17,-0.0007403554433376825,0.6332043122563694,7.483808719270022e-17,0.6314050958425851,0.48383973006184644,18.470753333333338,0.03458553966722058,0.6378125039775022,0.06917107933444117,1.9249694639358226,1.866969461753293,0.00030000000000180994,1,0.9973649602145014,-0.9829627442796198,7.483808719270022e-17,0.3547834072473688,28.2,506.0,506.0,2.5684709430557302e-05,26.580000000000002,-19699931.0,,0.0,3.0
0x760bef92be7b053dffcdaa3af95c5336bddd25bb,0.35830767291084287,0.66031694,1,41.883332,5,1770224489,0.40657620262505734,0.4075873249698399,0.40657620262505734,0.40657620262505734,0.8547319950312108,0.841365677995974,0.40657620262505734,0.833365677995974,0.0,,0.40657620262505734,0.8623656779959741,0.40657620262505734,0.8692574884427273,0.8312574806937244,,1,0.9973649602145014,-0.9646193253027406,0.40657620262505734,0.061728398600850644,24.999998,278017.0,278017.0,0.014379855199574755,24.99999083333333,-19055766.0,0.0,0.0,17.0
0x027e368b8d91c536790c10378b4b8e5ce1a6bf29,0.3578396675987454,0.65984094,1,91.7388,5,1770595187,0.0,-1.192273447922921e-20,0.0,0.0,-3.4720805351917398e-12,0.7329503421144741,0.0,0.7302515174937977,0.0,15.569400000000002,0.06430787677637499,0.7382515185850624,0.12861575355274998,1.4762649122114209,1.4369446485909831,,1,0.9973649602145014,-0.9831650625042744,0.0,0.41854355958303663,9.999999,770.0,770.0,3.907740579414398e-05,9.446666333333333,-19703711.0,,0.0,3.0
0x38b519d6ab7d0c411ce91b7c234a7dbed93b0641,0.34343077727776417,0.6450448,1,325.5,6,1770586379,0.0,0.0,0.0,0.0,0.0,1.1800765225549488,0.0,1.177377697934272,0.0,12.075000000000001,0.019820295963065976,1.189877699025537,0.03964059192613195,2.424755398051074,2.354755395868544,,1,0.9973649602145014,-0.9827244050060653,0.0,1.0,61.6,376.0,376.0,1.9090487540080503e-05,61.6,-19695297.0,,0.0,1.0
0x45d58744ad23c209b22b4dca97e4b5f37d96a958,0.343012437556722,0.64461094,1,106.28647099999999,5,1770599113,4.421705391936182e-05,6.270782146616798e-05,4.421705391936182e-05,4.421705391936182e-05,0.007032504450891415,3.1318455210376204,4.421705391936182e-05,3.123748403422521,0.0,16.76400041326761,0.06955335283965763,3.137249480085633,0.13906248862539589,6.328000112536783,6.247000105989194,,1,0.9973649602145014,-0.9833614772792482,4.421705391936182e-05,1.0,10.059999,349120.0,349120.0,0.017714267824893205,10.059999,-19359287.0,0.0,0.0,1.0
0xa106dc7279bfb2dd4be18213535e42657c646df5,0.3411537047718773,0.64268017,1,3473.7770889999997,14,1770451473,-0.05467895574308823,-0.05474650871842399,-0.05467895574308823,-0.05467895574308823,-0.2967127852417801,1.0704160350435983,-0.05467895574308823,1.0664977344635458,0.0,-488.1761026899345,-0.0782351019086371,1.1004791386012196,-0.10179124807418596,2.3019861364905294,2.2018080663591864,-1.111968534820723,1,0.9973649602145014,-0.9759751610853803,-0.05467895574308823,1.0,869.569999,178.0,178.0,9.099847669572466e-06,869.569999,-19560589.0,,0.0,1.0
0xbd05737c77253930e82b4d2bb7f2c970c2574d8a,0.33909845831440943,0.64053935,1,195.999996,4,1770607439,0.09466056353497666,0.09567168587975929,0.09466056353497666,0.09466056353497666,0.19158855846931,0.05058583074191962,0.09466056353497666,0.04518818150056665,0.0,,0.0,0.0428836151975716,0.0,0.0737373815264283,0.045737379343898835,,1,0.9973649602145014,-0.9837780206863881,0.09466056353497666,1.0,45.0,166.0,166.0,8.419244709557106e-06,45.0,-19716567.0,,0.0,1.0
0x0ce61a3be27a29a4b6652becaea33e7508709469,0.3365900153691394,0.6379179,1,38640.61747299999,46,1770583179,0.04266373204677757,0.051701369216254484,0.04266373204677757,0.04266373204677757,0.18194848127231134,0.0005593911006062236,0.04266373204677757,0.0005579652288084731,0.0,104.90314815472202,0.05149678960408073,0.0005619277093480391,0.060329847161383884,2.1631818959059816,2.112181893723452,-1.3459480872013065,1,0.9973649602145014,-0.9831926786417643,0.04266373204677757,0.48860925117777,199.499999,4310264.0,4310264.0,0.21887875636543974,761.6233018,-15382209.0,,0.25,4.0
0xff42142e0669432f2c5cef9943662c601ee36fb7,0.33048769446591086,0.6314999,1,30.434781,2,1770600265,0.5449949524756394,0.5460060748204221,0.5449949524756394,0.5449949524756394,0.7721691961491398,1.7140328183675948,0.5449949524756394,1.7086351691262418,0.0,,0.5449949524756394,1.7086351713087713,0.5449949524756394,1.7516351730173427,1.7086351691262418,,1,0.9973649602145014,-0.983419110957488,0.5449949524756394,0.03962305830520389,19.999999,7932.0,7932.0,0.00040244431648622884,18.427406814814816,-19701627.0,,0.0,26.0
0x134e56e60d69ebbb8706110aee652c844632b62c,0.32995734772414387,0.6309393,1,25.108057000000002,3,1769488133,0.3326592600145004,0.333670382359283,0.3326592600145004,0.3326592600145004,0.5661249559201009,0.556906702247431,0.3326592600145004,-0.26181093294971375,0.0,,0.3326592600145004,-0.22281093294971374,0.3326592600145004,0.5879066981447746,0.5569066981447747,,1,0.9973649602145014,-0.9277799982419727,0.3326592600145004,0.3437500000000003,14.999998,9474.0,9474.0,0.0005094253092107849,13.333332,-18587953.0,,0.0,3.0
0x9f242cbe9a81411c695b517ab02b0d2e648e2b45,0.32801425747460417,0.6288815,1,219.41579700000003,9,1770599713,6.243986894335851e-06,6.526476137678945e-06,6.243986894335851e-06,6.243986894335851e-06,0.0021027064637002763,1.8614958314623449,6.243986894335851e-06,1.8582231158324074,0.0,48.427656209923946,0.08207552121452476,1.8587915471808945,0.16414479844215518,3.7556606747764563,3.685251514541522,,1,0.9973649602145014,-0.9833914948199981,6.243986894335851e-06,0.8740587599201184,10.0,154938.0,154938.0,0.00786127885590583,29.615999799999997,-19554069.0,0.0,0.0,2.0
0xc90ee7cb58d79756f5064770fa90c06788cc4ef5,0.3223560763581445,0.62285334,1,642.9698159999999,13,1770586373,-0.06451897812964752,-0.06460871245202007,-0.06451897812964752,-0.06451897812964752,-0.3306373416597757,1.1770783850909827,-0.06451897812964752,1.1746190737199032,0.0,-3.7610874160000014,-0.06740521560838565,1.1874685595874577,-0.07029145308712378,2.433546771383537,2.363546769540101,-1.1888744246687724,1,0.9973649602145014,-0.9827241048306578,-0.06451897812964752,1.0,231.344,524.0,524.0,2.6604836485101012e-05,231.344,-19695143.0,0.0,0.0,1.0
0x12f526ef1892e6cf52069d547d05fad868bada55,0.3190899704884277,0.61934847,1,16.5,3,1770395439,0.18840579691113837,0.1887428376927326,0.18840579691113837,0.18840579691113837,0.32691218444853903,1.2701881940831043,0.18840579691113837,1.2655215274164378,0.0,2.0999999999999996,0.20610043794483204,1.296854860749771,0.22379507897852574,1.9692822911246566,1.8982822911246566,,1,0.9973649602145014,-0.9731718229547436,0.18840579691113837,0.1663822167154929,10.9512,315309.0,315309.0,0.016165768585501786,19.185904052631578,-19189424.0,,0.1111111111111111,9.0
0xcc2744c30adba0afe98b3fba4b51608c40f52895,0.31831898702482175,0.61851835,1,16208.227121,37,1770412819,-0.004096946693932801,-0.004148806778666131,-0.004096946693932801,-0.004096946693932801,-0.018319282165181947,1.4101187118386556,-0.004096946693932801,1.4100926387314674,0.0,1403.2841256599995,0.05757692110573005,1.442946470943004,0.11925078890539291,2.7635946688613617,2.6882168663899737,,3,0.9973649602145014,-0.9740413310518001,-0.004096946693932801,1.0,1999.999996,,,,1999.999996,,,0.0,1.0
0xfff0dcaed2b8a885e3f1e8518741f6efa6b0c557,0.31623011635067644,0.61626387,1,176.72799799999999,6,1770599507,3.559260674953842e-05,4.152470787446148e-05,3.559260674953842e-05,3.559260674953842e-05,0.005421309066517382,2.08796359283998,3.559260674953842e-05,2.0831846885902654,0.0,39.366323,0.07546356707448679,2.0858669992550016,0.15089154154222403,4.238023383978306,4.163682304734124,,1,0.9973649602145014,-0.9833811887976739,3.559260674953842e-05,0.6607999888639997,3.0,599403.0,599403.0,0.030412961194341552,8.333333,-19109398.0,,0.0,3.0
0x64e1eae0a123140273a1599b33d9c2eaa029eb3d,0.3154962617878897,0.61546993,1,1099.8805,10,1770600449,-0.008859226609270575,-0.009296428420112881,-0.008859226609270575,-0.008859226609270575,-0.02836843344952718,2.0310818740900385,-0.008859226609270575,2.026486255542088,0.5287866888070016,93.90449999999998,0.0475787166523547,2.026486257400318,0.10401665991397997,7.327000003375,7.242999993452411,0.16310000000000177,1,0.9973649602145014,-0.9834283163366513,-0.008859226609270575,0.24273331957190902,19.979855,240404.0,240404.0,0.012197216371618849,78.21316524999999,-19469339.0,0.0,0.19047619047619047,18.0
0xf99ee4b39e93b8abcd65546ce904e18ee01b3e57,0.3128425008974824,0.61259055,1,74.44444299999999,4,1770461261,0.7418619818821498,0.7428731042269323,0.7418619818821498,0.7418619818821498,1.3279516267772962,5.371848972466317,0.7418619818821498,5.351715731125333,0.0,,0.7418619818821498,5.472656031289847,0.7418619818821498,5.682270412015843,5.551035336461632,,1,0.9973649602145014,-0.9764648472334809,0.7418619818821498,0.13871543449548135,14.874998999999999,100062.0,100062.0,0.005112885148121757,14.95249925,-19470493.0,,0.0,8.0
0xc2eae3876c9ee5878a210f8342e579dcf2c45423,0.31202764312935527,0.61170375,1,87.454796,4,1770600129,1.7692433034286678e-05,3.1593627625718196e-05,1.7692433034286678e-05,1.7692433034286678e-05,0.0028259965693059725,0.17040044147077352,1.7692433034286678e-05,0.1677012795391833,0.0,3.7324007498125447,0.017710125467325886,0.1677012806305844,0.03540255850161749,0.36236064641972154,0.3353606442371921,,1,0.9973649602145014,-0.9834123069815847,1.7692433034286678e-05,0.8971110721253535,19.999999,101408.0,101408.0,0.0051451531584663845,238.73526384615383,-19608015.0,,0.1,10.0
0x25308be8dd263ca942fa39d44e772b9d2527b9e4,0.3119705622568016,0.6116416,1,3155.029898,11,1770584609,0.18727509753134208,0.1900587651582225,0.18727509753134208,0.18727509753134208,0.44044853244847715,1.3314946862499002,0.18727509753134208,1.3278962502193505,0.0,922.9665549199997,0.2329767928178599,1.3403156635408293,0.27867848810437773,2.4320027892628224,2.36233604953181,,1,0.9973649602145014,-0.982635853260853,0.18727509753134208,0.8748697902320726,202.9379,,,,204.56967500000002,,,0.0,2.0
0x95a11bfd5e29a906611767f68c258a26093f7cc7,0.31149563896725924,0.6111241,1,4146.996262,37,1759760423,0.03715678605716113,0.03725700959476803,0.03715678605716113,0.03715678605716113,0.17640228282629042,0.8125201909079793,0.03715678605716113,0.810169346860198,0.0,24.14726537749749,0.014032713299709156,0.8160529518304372,0.02806542659941831,2.1745715390411835,2.1255968166859196,0.1099734554354243,2,0.9973649602145014,-0.4985215610742137,0.03715678605716113,0.2993058091923202,10.0,61788.0,61788.0,0.006966174907271562,23.55555477777778,-8807929.0,,0.0,9.0
0xc070591e2cb4eac28bfa8fbbe6ccc3712420203a,0.3096867876523531,0.60914916,1,865.9988,14,1770581865,0.5559462381656893,0.556957360510472,0.5559462381656893,0.5559462381656893,1.6528623785876193,2.010702658773667,0.5559462381656893,2.002735165042,0.0,,0.5559462381656893,2.0221091722871387,0.5559462381656893,2.5180605343247096,2.4543597881741173,,2,0.9973649602145014,-0.9824985730411566,0.5559462381656893,0.00886229429190696,106.0,999962.0,999962.0,0.05078228254619243,166.9679234775087,-18691197.0,,0.3880597014925373,134.0
0xc0d173567251ffc59a1f8cc96203881f7e528202,0.3095029193918284,0.60894805,1,72.443365,6,1768417924,0.4480109620783881,0.4490220844231707,0.4480109620783881,0.4480109620783881,0.9976541805643745,0.15129838393486045,0.4480109620783881,0.1672983152050589,0.0,,0.4480109620783881,0.1672983152050589,0.4480109620783881,1.0444280938864088,1.0444280938864088,,1,0.9973649602145014,-0.87423826112789,0.4480109620783881,0.3153747403864144,12.697999500000002,8467924.0,8467924.0,0.4831299525115737,19.686898000000003,-9059294.0,,0.0,4.0
0x293e6308f4a6843b0ee5306b8edc180472b440e1,0.3073291070592404,0.6065654,1,5.0,2,1769966298,0.37310414522474095,0.37411526756952357,0.37310414522474095,0.37310414522474095,0.5290788852876596,0.7079306377799195,0.37310414522474095,-0.16298872159023076,0.0,,0.37310414522474095,-0.11698872159023077,0.37310414522474095,0.7412978791592298,0.6949306377799195,,1,0.9973649602145014,-0.9517022271964622,0.37310414522474095,0.45227047803902437,1.9142395,39926.0,39926.0,0.0020930412015522245,1.84961975,-19035666.0,,0.0,3.0
0x16903c9330231e180ee77ffef555dac488db69ed,0.2968248029208064,0.59491634,1,4.994162,9,1770482423,0.7573306362420895,0.7583417585868721,0.7573306362420895,0.7573306362420895,2.2540981092578614,6.01419294117647,0.7573306362420895,5.990999999999999,0.0,,0.7573306362420895,6.039999999999998,0.7573306362420895,6.100000007682927,5.990999999999999,,1,0.9973649602145014,-0.9775235658957312,0.7573306362420895,0.0,0.0,54872.0,54872.0,0.002800775450155798,0.0,-19536845.0,,,0.0
0xae2b0aaea325a32870f56ff19df3b87acaa190ea,0.29475004581706055,0.5925877,1,10368.110402000002,46,1770548031,2.749193195170564e-07,3.2801716429195424e-07,2.749193195170564e-07,2.749193195170564e-07,0.00040722566488851484,0.9284652986286852,2.749193195170564e-07,0.924759504373036,0.0,1165.2990384999998,0.058464344379243,0.9324006254916622,0.11692841383916648,1.886692062600818,1.8168808143923214,,2,0.9973649602145014,-0.9808058839182676,2.749193195170564e-07,0.09403206085908374,242.3836,1204303.0,1204303.0,0.06126484656483016,720.5234215913979,-18453022.0,,0.4727272727272727,55.0
0xc619908b0fdb0989f41a574cd95cd83b707de49a,0.2937625954596983,0.5914761,1,175.734327,8,1770600513,6.386177932311196e-06,1.362384611964102e-05,6.386177932311196e-06,6.386177932311196e-06,0.002099552360270575,1.7299110898723207,6.386177932311196e-06,1.724443426073289,0.0,33.61190883997925,0.04858790041755151,1.7273659794064897,0.09717580083510302,4.388021491936151,4.322688152010248,,1,0.9973649602145014,-0.9834315182076646,6.386177932311196e-06,0.48525477282937984,10.0,549159.0,549159.0,0.027862221076035903,13.839999571428573,-19160648.0,,0.0,4.0
0x38b27963895eb5439d17c9e63f8642acab880b43,0.29341398244098726,0.5910831,1,4926.903596,29,1770594221,1.0119569233237734e-06,1.0173111927734122e-06,1.0119569233237734e-06,1.0119569233237734e-06,0.0006252022951589362,0.40831999873087055,1.0119569233237734e-06,0.4056211669645532,0.0,612.1911008799999,0.049822207544534244,0.4141211905611538,0.09964340313214518,0.9149915788752495,0.88699157669272,,1,0.9973649602145014,-0.983116734263667,1.0119569233237734e-06,0.40102289526983037,502.999999,33980136.0,33980136.0,1.7245722907816194,722.585966,14276621.0,,0.0,3.0
0x28a89b79927fc377d7d6ad6aee0b5fa76d5cd94f,0.29199053844874817,0.5894757,1,2017.9559610000003,32,1763701997,-8.337879972005965e-09,-5.08610678287733e-07,-8.337879972005965e-09,-8.337879972005965e-09,-0.0005600921791840538,0.0,-8.337879972005965e-09,0.0,0.0,3.7531816512500003,0.004009418711511183,0.0,0.00801884576090234,,,0.30344917325420456,1,0.9973649602145014,-0.7081819761377561,-8.337879972005965e-09,0.5091153801427558,254.3167,87112.0,87112.0,0.006799626985289773,171.35284,-12724179.0,,0.0,4.0
0x03642b95e1fec6aa3880d2c63a079a72fdb6be59,0.2914750114197271,0.5888924,1,102.42559800000001,6,1770598353,1.3215761739490181e-05,1.5618627510306577e-05,1.3215761739490181e-05,1.3215761739490181e-05,0.0035097047954200304,3.0989342254839487,1.3215761739490181e-05,3.0908375912824377,0.0,19.07652224,0.08243252372487017,3.1088379510214343,0.16485183168800085,6.278517649834587,6.197517643286999,,1,0.9973649602145014,-0.9833234550609649,1.3215761739490181e-05,0.2164461545985201,7.4999965,97920.0,97920.0,0.004968629689784884,7.666664999999999,-19609727.0,0.0,0.0,6.0
0x93a0a371ceba0c1184e84a43168257021d945507,0.2903826241427091,0.5876544,1,27.487178,2,1770421279,0.6157735234223394,0.616784645767122,0.6157735234223394,0.6157735234223394,0.872265211107349,2.4844629206315165,0.6157735234223394,2.4854629297515336,0.0,,0.6157735234223394,2.554462923687487,0.6157735234223394,2.6024629236874866,2.4854629297515336,,1,0.9973649602145014,-0.9744645783763742,0.6157735234223394,0.2656163128260779,3.4999985,7886914.0,7886914.0,0.4038239943088203,4.714998875,-11643659.0,,0.14285714285714285,7.0
0xdfc4d219840e3d9097a063e9da739abedfe9c720,0.2884567109608473,0.5854651,1,8.1528,3,1768780532,0.35482678264894296,0.35583790499372553,0.35482678264894296,0.35482678264894296,0.5993866747125696,-0.19664948674866076,0.35482678264894296,-0.06792452512774531,0.0,,0.35482678264894296,-0.044781440867013994,0.35482678264894296,0.6850346445906221,0.6647013112572887,,2,0.9973649602145014,-0.8923792618216455,0.35482678264894296,1.0,5.0028,76764.0,76764.0,0.004290930498709155,5.0028,-17813062.0,,0.0,1.0
0xa1ddace8befb1d1a2593e649a5db0568d1cde4a3,0.2875263511697925,0.58440435,1,3992.0,2,1770613647,0.0010111223447823849,0.002022244689564994,0.0010111223447823849,0.0010111223447823849,0.002859885866419784,-0.06639934542363712,0.0010111223447823849,-0.07179699466499011,0.0,,0.0,-0.06479699248246065,0.0,-0.043796992482460655,-0.07179699466499011,,1,0.9973649602145014,-0.9840886021746807,0.0010111223447823849,0.7904928921265006,257.742,74708.0,74708.0,0.0037878732182994412,754.5473333333333,-19648233.0,,0.4,3.0
0x860c80233d3e75db392274360fdb13ddbeb2a697,0.2870589732172378,0.5838707,1,83395.91934299997,112,1770588339,-0.011388513736732754,-0.011464946714719601,-0.011388513736732754,-0.011388513736732754,-0.08963020280613969,0.9429466724664195,-0.011388513736732754,0.9406918866167815,0.0,-138.91306639356097,-0.021111054317005152,0.9580298935389416,-0.03083359489727755,3.071777891554787,3.0037175260360454,-1.0330000013106553,2,0.9973649602145014,-0.9828224623058485,-0.011388513736732754,1.0,3499.999999,1892.0,1892.0,9.605215002228948e-05,3499.999999,-19695741.0,,0.0,1.0
0x7d0a771ddd2c63255013a1efb5f0e42659b38c6c,0.28642766780476486,0.5831491,1,2766.152597,15,1770515249,0.0918454416135049,0.09196039210363445,0.0918454416135049,0.0918454416135049,0.27273900680459273,1.7263181580276603,0.0918454416135049,1.7202135418744164,0.0,47.18219312000001,0.021855085051667483,1.7411618938303726,0.043710170103334965,4.503786013930904,4.431386001902351,,2,0.9973649602145014,-0.9791658255501602,0.0918454416135049,0.2624278756053289,52.93,6996114.0,6996114.0,0.35649818698962826,1463.6278994950276,-12628429.0,,0.7777777777777778,17.0
0x6d31709e4e0b9c35c01a841d7da9c3d5d3f1fa6e,0.285417448314834,0.5819923,1,43.168,4,1770596229,0.0,0.0,0.0,0.0,0.0,1.5658562844402897,0.0,1.5631574598196132,0.0,10.384,0.08202730022048,1.5776574609108778,0.16405460044096,3.1913149218217556,3.1263149196392264,,1,0.9973649602145014,-0.9832171929667101,0.0,0.2127254025444299,2.908,37398.0,37398.0,0.0018978435639592007,4.102881272727273,-19668125.0,,0.5,10.0
0x1735436599a9766af8da193ed4f51a8d7a084f16,0.2846618256457553,0.5811255,1,8740.701417999999,36,1770587799,0.4296410104367704,0.43065213278155284,0.4296410104367704,0.4296410104367704,1.5149895838234606,1.0558915677594138,0.4296410104367704,1.0504939185180608,0.0,,0.4296410104367704,1.06749392070059,0.4296410104367704,1.1450439429404795,1.0995110798704433,,1,0.9973649602145014,-0.9827954465191735,0.4296410104367704,0.6425485679380641,6.1183,46737239.0,46737239.0,2.372798818587088,697.0806816060605,27040146.0,,0.25,4.0
0xaf691e6322c891b69766c448776f90a11230c890,0.2841990100901708,0.5805939,1,51.08,7,1770392167,0.5109272043653926,0.5119383267101753,0.5109272043653926,0.5109272043653926,1.2321331363263532,1.4417600966614466,0.5109272043653926,1.4347600966614464,0.0,,0.5109272043653926,1.4710215198670082,0.5109272043653926,1.5039038074919973,1.4375807501883462,,1,0.9973649602145014,-0.9730081272991873,0.5109272043653926,0.2460861238131965,9.817,6797676.0,6797676.0,0.34857265309506813,11.2432965,-12703785.0,0.0,0.16666666666666666,6.0
0x95a875a730f1f551439a040eafca9083c7bc8fe1,0.28051621816823924,0.57634485,1,5.992,4,1768387990,0.0,0.0,0.0,0.0,0.0,0.1854898987322333,0.0,0.1934898987322333,0.0,0.996,0.06294236596271038,0.1969898987322333,0.12588473192542077,1.4043851352483485,1.4023851352483485,,1,0.9973649602145014,-0.8727406860198758,0.0,0.2607897026741235,2.999998,40092.0,40092.0,0.002291327042528429,2.6399985999999998,-17457192.0,0.0,0.0,5.0
0x7f34cc7e46373a6e74022181a3de47065674d254,0.28028806382538857,0.5760805,1,257.2016,5,1770599843,-0.010849918772297892,-0.010863166536366632,-0.010849918772297892,-0.010849918772297892,-0.09490454227491589,0.9905217742414636,-0.010849918772297892,0.9878583097253502,0.0,-47.0775,-0.042033499419602785,0.987858310802317,-0.07321708006690766,2.05094619812214,2.001946195939611,,1,0.9973649602145014,-0.9833979986204939,-0.010849918772297892,0.6736476384782816,86.2366,25960.0,25960.0,0.0013171555913381696,164.75650835483873,-19683177.0,,0.3333333333333333,3.0
0x93ccf5c4356eae90be1a15b0170e04739caa3877,0.27928702019798163,0.5749191,1,1.999998,2,1770586073,0.5753287880943878,0.5763399104391704,0.5753287880943878,0.5753287880943878,0.8150677178799698,2.0073456831450387,0.5753287880943878,2.0019480339036857,0.0,,0.5753287880943878,2.0239480569862343,0.5753287880943878,2.0659480704862356,2.0019480339036857,,1,0.9973649602145014,-0.9827090960602828,0.5753287880943878,0.14285714285714285,0.999999,82892.0,82892.0,0.0042087055295796216,0.999999,-19612475.0,0.0,0.0,7.0
0xed37164ee48f05c72a80331039e856b08d416bfc,0.2788150798890227,0.5743707,1,2.32558,2,1768623466,0.5753287880943878,0.5763399104391704,0.5753287880943878,0.5753287880943878,0.8150677178799698,0.15732466639403814,0.5753287880943878,0.5131319033526313,0.0,,0.5753287880943878,0.6009727377526519,0.5753287880943878,2.008948036086214,1.9991072360862143,,1,0.9973649602145014,-0.8845213700625961,0.5753287880943878,0.0588235294117753,0.999999,3548.0,3548.0,0.00020008165677536943,0.9999992352941175,-17729212.0,,0.0,17.0
0xeb6f945764cb22cdafef8d6e2f554763171a4da4,0.2756593026029525,0.5706887,1,213.199998,8,1770584659,0.5786429589089187,0.5796540812537013,0.5786429589089187,0.5786429589089187,1.3483270023459215,2.0464564169340225,0.5786429589089187,2.0410587676926695,0.0,,0.5786429589089187,2.060714347262996,0.5786429589089187,2.237712798418117,2.170880848967995,,1,0.9973649602145014,-0.9826383547225821,0.5786429589089187,0.03407176959877559,160.017857,13204151.0,13204151.0,0.6704672749041292,917.8292488534798,-6489802.0,,0.717391304347826,92.0
0xf02cdbe39ed07bef1560f9504bc9a9dc00bcb042,0.27311338854095213,0.56769925,1,102.2668,6,1770597943,0.0,0.0,0.0,0.0,0.0,2.2750618976146106,0.0,2.2689654259351104,0.0,-4.57773333333333,-0.008678715865854354,2.2849654270263753,-0.017357431731708707,4.617930854052751,4.537930851870221,,1,0.9973649602145014,-0.9833029430747857,0.0,1.0,29.0,108.0,108.0,5.48022028658812e-06,29.0,-19707129.0,,0.0,1.0
0x59d957cdc1dd8752673b59071fa32137c66a1312,0.27270274487478063,0.56721544,1,1502.4950000000001,4,1770669923,-1.0080970455249667e-09,1.0080970455249667e-09,-1.0080970455249667e-09,-1.0080970455249667e-09,1.0096085619880172e-06,-0.032450032352909004,-1.0080970455249667e-09,-0.03645003743220673,0.0,-0.5015000000000283,-0.000126391175182734,-0.03345003334991698,-0.0002527813422684224,-0.046899988837495854,-0.07290000218252962,,1,0.9973649602145014,-0.9869040473800865,-1.0080970455249667e-09,1.0,500.999499,82.0,82.0,4.145765729755632e-06,500.999499,-19779135.0,,0.0,1.0
0x21e5c03d2af47bdaaa63cffd117894243deb3252,0.27270274487478063,0.56721544,1,1502.4950000000001,4,1770666671,-1.0080970455249667e-09,1.0080970455249667e-09,-1.0080970455249667e-09,-1.0080970455249667e-09,1.0096085619880172e-06,-0.032450032352909004,-1.0080970455249667e-09,-0.03645003743220673,0.0,-0.5015000000000283,-0.000126391175182734,-0.03045002998878029,-0.0002527813422684224,-0.046899988837495854,-0.07290000218252962,,1,0.9973649602145014,-0.9867413523092219,-1.0080970455249667e-09,1.0,500.999499,106.0,106.0,5.3600418487795665e-06,500.999499,-19775859.0,,0.0,1.0
0x4d8c68c74d069653b5240de546a0dad7589c3899,0.27270274487478063,0.56721544,1,1502.4950000000001,4,1770672945,-1.0080970455249667e-09,1.0080970455249667e-09,-1.0080970455249667e-09,-1.0080970455249667e-09,1.0096085619880172e-06,-0.032450032352909004,-1.0080970455249667e-09,-0.03645003743220673,0.0,-0.5015000000000283,-0.000126391175182734,-0.03145003135590103,-0.0002527813422684224,-0.04489999212499762,-0.07290000218252962,,1,0.9973649602145014,-0.987055235726997,-1.0080970455249667e-09,1.0,500.999499,70.0,70.0,3.538527666155484e-06,500.999499,-19782169.0,,0.0,1.0
0x33f06472d3a83c8737b7e599e095521e15008cee,0.27270274487478063,0.56721544,1,1502.4950000000001,4,1770667515,-1.0080970455250786e-09,1.0080970455248548e-09,-1.0080970455250786e-09,-1.0080970455250786e-09,1.0096085619879052e-06,-0.032450032352909004,-1.0080970455250786e-09,-0.03645003743220673,0.0,-0.5015000000000283,-0.000126391175182734,-0.03045003035889305,-0.0002527813422684224,-0.046899988837495854,-0.07290000218252962,,1,0.9973649602145014,-0.9867835769832102,-1.0080970455250786e-09,1.0,500.999499,88.0,88.0,4.449656160404846e-06,500.999499,-19776721.0,,0.0,1.0
0xd0fbf4d42d5afa94158208d092a37ea0bfcb8d4e,0.27270274487478063,0.56721544,1,1502.4950000000001,4,1770668497,-1.0080970455249667e-09,1.0080970455249667e-09,-1.0080970455249667e-09,-1.0080970455249667e-09,1.0096085619880172e-06,-0.032450032352909004,-1.0080970455249667e-09,-0.03645003743220673,0.0,-0.5015000000000283,-0.000126391175182734,-0.029950029860389058,-0.0002527813422684224,-0.046899988837495854,-0.07290000218252962,,1,0.9973649602145014,-0.9868327056915709,-1.0080970455249667e-09,1.0,500.999499,82.0,82.0,4.146064643923075e-06,500.999499,-19777709.0,,0.0,1.0
0xc4df770412d9839a40a7bf2b7479196d4743eca1,0.27270274487478063,0.56721544,1,1502.4950000000001,4,1770673539,-1.0080970455249667e-09,1.0080970455249667e-09,-1.0080970455249667e-09,-1.0080970455249667e-09,1.0096085619880172e-06,-0.032450032352909004,-1.0080970455249667e-09,-0.03645003743220673,0.0,-0.5015000000000283,-0.000126391175182734,-0.03145003120910811,-0.0002527813422684224,-0.04489999212499762,-0.07290000218252962,,1,0.9973649602145014,-0.9870849530923395,-1.0080970455249667e-09,1.0,500.999499,74.0,74.0,3.7406169278181744e-06,500.999499,-19782759.0,,0.0,1.0
0xcda5115ee8cb8e1ec3bea7031d522bf4c61c7b18,0.27270274487478063,0.56721544,1,1502.4950000000001,4,1770670545,-1.0080970455249667e-09,1.0080970455249667e-09,-1.0080970455249667e-09,-1.0080970455249667e-09,1.0096085619880172e-06,-0.032450032352909004,-1.0080970455249667e-09,-0.03645003743220673,0.0,-0.5015000000000283,-0.000126391175182734,-0.03345003334991698,-0.0002527813422684224,-0.04290000000000017,-0.07290000218252962,,1,0.9973649602145014,-0.9869351655639973,-1.0080970455249667e-09,1.0,500.999499,84.0,84.0,4.246748418933036e-06,500.999499,-19779755.0,,0.0,1.0
0xca664fb635c1857defa4b8f3be1bf7db1597d027,0.27270274487478063,0.56721544,1,1502.4950000000001,4,1770671471,-1.0080970455250786e-09,1.0080970455248548e-09,-1.0080970455250786e-09,-1.0080970455250786e-09,1.0096085619879052e-06,-0.032450032352909004,-1.0080970455250786e-09,-0.03645003743220673,0.0,-0.5015000000000283,-0.000126391175182734,-0.032450032352909,-0.0002527813422684224,-0.04489999212499762,-0.07290000218252962,,1,0.9973649602145014,-0.9869814926352214,-1.0080970455250786e-09,1.0,500.999499,74.0,74.0,3.7410079943824217e-06,500.999499,-19780691.0,,0.0,1.0
0x77e577baa2c7e30e0423502fce89a08c8da96c07,0.27227657409132816,0.56671286,1,24.626022999999996,10,1770575307,2.257197166586546e-05,0.0006094398604871652,2.257197166586546e-05,2.257197166586546e-05,0.018241653753554132,0.8611784791750088,2.257197166586546e-05,0.8569749690129026,0.0,0.0762177783333043,0.0015063707372873492,0.8634281942575124,0.0029901695029088326,1.7659893342363098,1.6966559948996405,,1,0.9973649602145014,-0.9821704813207598,2.257197166586546e-05,0.41951202627343254,1.999999,2992.0,2992.0,0.00015199698485125505,2.6865182307692312,-19681609.0,0.0,0.0,9.0
0x520fd59342aa933ed72d0aeb2553629701c4e4d2,0.27137602652433984,0.5656492,1,395.69520000000006,27,1770434173,0.47470748889699804,0.4757186112417806,0.47470748889699804,0.47470748889699804,2.0963726444872908,1.2596908226677033,0.47470748889699804,1.2505892709044393,0.0,,0.47470748889699804,1.29066071698415,0.47470748889699804,1.5144170574571052,1.4546025921950858,,1,0.9973649602145014,-0.9751096553270904,0.47470748889699804,0.0,0.0,79032.0,79032.0,0.004043908892930819,0.0,-19464435.0,0.0,,0.0
0x58612c771c181f38f82d8e0a70b867bda4b528d6,0.27115240378761285,0.56538475,1,250.36409100000003,12,1770596959,-1.0400435709293666e-22,1.2740316360683486e-06,-1.0400435709293666e-22,-1.0400435709293666e-22,0.00093593656917987,1.8379297468301148,-1.0400435709293666e-22,1.8349873444490865,0.0,-4.113620940000001,-0.007848453361042297,1.8506454316143204,-0.015696906722084594,3.8386899867403406,3.764608190577622,,1,0.9973649602145014,-0.9832537143079558,-1.0400435709293666e-22,1.0,21.999999,38.0,38.0,1.9283219392342117e-06,21.999999,-19706215.0,,0.0,1.0
0xd86893cf754fd223b38a7e1d48fa4d08f35158db,0.2709905927060219,0.5651933,1,65.0,5,1770600835,0.3299629251806878,0.33029996596228206,0.3299629251806878,0.3299629251806878,0.7358883729836552,5.282128627450979,0.3299629251806878,5.271333328968273,0.0,7.0,0.3535557798922794,5.271333333333333,0.377148634603871,7.9910000135,7.906999993452412,,1,0.9973649602145014,-0.9834476276212004,0.3299629251806878,0.20222224533334116,2.999999,2490565.0,2490565.0,0.12635964990386414,3.3333326666666667,-17219564.0,,0.0,8.0
0x1dbc3196ab028ef6a87953cef6c42b910a581ce3,0.2704843432574894,0.56459385,1,1499.498,4,1770674425,0.0,0.0,0.0,0.0,0.0,-0.032450000000000055,0.0,-0.036450001091264776,0.0,-0.5005000000000004,-0.00012639029309781212,-0.03144999940149995,-0.00025278058619562424,-0.04489999212499756,-0.07290000218252955,,1,0.9973649602145014,-0.9871292789941802,0.0,1.0,499.9995,86.0,86.0,4.3470087701912875e-06,499.9995,-19783633.0,,0.0,1.0
0x21c2e0070107ab775db6a8c07c76f72c197934c0,0.2704843432574894,0.56459385,1,1499.498,4,1770675175,0.0,0.0,0.0,0.0,0.0,-0.031950000000000055,0.0,-0.036450001091264776,0.0,-0.5005000000000004,-0.00012639029309781212,-0.031450000000000054,-0.00025278058619562424,-0.04490000000000012,-0.07290000218252955,,1,0.9973649602145014,-0.9871668009201177,0.0,1.0,499.9995,86.0,86.0,4.34684398150893e-06,499.9995,-19784383.0,,0.0,1.0
0x129e6528b8c08a19e5abce7131f1701038d355c6,0.26823494200454234,0.5619218,1,19.999998,2,1770527585,0.5955510701972143,0.5965621925419968,0.5955510701972143,0.5955510701972143,0.8436663434919217,2.2349671649517053,0.5955510701972143,2.2265695178928815,0.0,,0.5955510701972143,2.291569519696882,0.5955510701972143,2.3065695156048815,2.2265695178928815,,1,0.9973649602145014,-0.979782986187979,0.5955510701972143,0.2516549959918439,5.0,7684464.0,7684464.0,0.3913281738915843,13.343318399999998,-11952415.0,,0.045454545454545456,22.0
0x8bfcb73a4898e1fdc64a2ce8fe7e1824810d03d9,0.2675948150746498,0.5611588,1,182.18742100000003,14,1770595283,5.3246939651164374e-06,9.761936844091612e-06,5.3246939651164374e-06,5.3246939651164374e-06,0.0010419964736338022,0.2633160532544491,5.3246939651164374e-06,0.26061699176154063,0.0,3.027175809908662,0.02079949567346126,0.2650432542542879,0.04159899134692252,0.7908677658735568,0.7586177588178119,,1,0.9973649602145014,-0.9831698653107943,5.3246939651164374e-06,1.0,6.999999,222.0,222.0,1.1266417949494678e-05,6.999999,-19704355.0,,0.0,1.0
0x5460bb93290ba4b5f931b6f5e51b2261e0371556,0.267452429970279,0.5609889,1,2080.6444749999996,31,1770599387,-9.079968186020574e-09,6.355982722030754e-08,-9.079968186020574e-09,-9.079968186020574e-09,6.707215330480976e-05,0.8534439363013723,-9.079968186020574e-09,0.8493226176523787,0.0,19.106216107271027,0.017501123439221247,0.8535322525826924,0.03500225595841068,0.7744883535389431,0.7411883473199072,,1,0.9973649602145014,-0.983375185289524,-9.079968186020574e-09,0.5004241678845678,51.4999995,84782.0,84782.0,0.004301759209558468,51.4999995,-19623899.0,0.0,0.0,2.0
0x2e346a8c56f07ce0b566042e00f220b3e2599434,0.26717514203968507,0.5606579,1,10.0,2,1770180922,0.44388270935951574,0.4448938317042984,0.44388270935951574,0.44388270935951574,0.629174890612352,1.0205686178531637,0.44388270935951574,1.0155686178531638,0.0,,0.44388270935951574,1.056568617853164,0.44388270935951574,1.0625685995531533,1.0155686178531635,,1,0.9973649602145014,-0.9624397016396531,0.44388270935951574,0.36759227177788295,11.2,3075345.0,3075345.0,0.15942511996755246,41.86149537942122,-16214871.0,,0.11702127659574468,94.0
0xedd6854da7f69c3b78e96fa0afaac8a8aa1bcad6,0.2671068093775817,0.5605763,1,91.29525900000002,6,1770586605,8.643960888285316e-06,5.1863765329711844e-05,8.643960888285316e-06,8.643960888285316e-06,0.005321459431874942,0.8570977912597455,8.643960888285316e-06,0.8543987102843954,0.0,3.9123001400000024,0.011382690251595759,0.8628995187697336,0.022756736542303233,1.7666351118564574,1.7086351093038368,,1,0.9973649602145014,-0.9827357116130812,8.643960888285316e-06,0.3388429758076634,19.999999,538.0,538.0,2.731533097321427e-05,18.33333233333333,-19695361.0,,0.0,3.0
0xbe4600119a804b824afc9e2bb61dada32bac8b21,0.2656777242781403,0.55886674,1,16.25,4,1770604539,0.0,0.0,0.0,0.0,0.0,0.1152543008801798,0.0,0.11255547625950331,0.0,1.2374999999999998,0.025025278033366773,0.11655547897576861,0.050050556066733545,0.25311095920153653,0.22511095251900662,,1,0.9973649602145014,-0.9836329359060967,0.0,1.0,5.0,106.0,106.0,5.376935068892995e-06,5.0,-19713727.0,0.0,0.0,1.0
0x80f83e27ef994baa44518518536949810287a925,0.26497405158982784,0.5580228,1,40.5,3,1769653826,0.13447927185607195,0.13481631263766616,0.13447927185607195,0.13447927185607195,0.2335087031775279,0.5503408708178541,0.13447927185607195,0.004022098928690964,0.0,0.5000000000000004,0.13616447576404278,0.036688765527462384,0.13784967967201361,0.8545113084093106,0.8215113085111534,,1,0.9973649602145014,-0.9360694922077716,0.13447927185607195,0.19098119520935955,15.0006,46159.0,46159.0,0.0024600919250103393,19.999566666666666,-18716961.0,0.0,0.16666666666666666,6.0
0xb412a8cd5bbf27414b8b352d1bff96b303582e9a,0.26259457517953627,0.5551583,1,1.886791,2,1770039502,0.4742165029588993,0.4752276253036819,0.4742165029588993,0.4742165029588993,0.6720733529188263,1.191512152979747,0.4742165029588993,1.1799204433318577,0.0,,0.4742165029588993,1.2609204677118766,0.4742165029588993,1.2515121773597657,1.1825121529797469,,1,0.9973649602145014,-0.9553645672848929,0.4742165029588993,0.058171745735549854,0.999999,164056.0,164056.0,0.00856743160248822,0.9999989473684209,-18984740.0,,0.0,18.0
0x91d19d13878fe229c73bb666916595c839965122,0.26019974820735325,0.55225843,1,5.0440000000000005,2,1770398897,0.0,0.0,0.0,0.0,0.0,1.2477313547089492,0.0,1.2442313547089492,0.0,0.15600000000000014,0.003791708792934364,1.2757313547089493,0.007583417585868728,2.5694627094178983,2.4884627094178984,,1,0.9973649602145014,-0.9733448240479324,0.0,0.5907690706221688,2.028,11176.0,11176.0,0.0005728875629729071,2.3557,-19497015.0,,0.0,2.0
0xca80cf8c7f95902fddddff5d61dffc48d9d38f37,0.2600913499381856,0.55212677,1,6.521738,2,1770590333,0.5449950182563829,0.5460061406011654,0.5449950182563829,0.5449950182563829,0.7721692891771591,1.714033399904055,0.5449950182563829,1.708635750662702,0.0,,0.5449950182563829,1.739635767565234,0.5449950182563829,1.7636357675652339,1.708635750662702,,1,0.9973649602145014,-0.9829222205996074,0.5449950182563829,0.21694667672201223,2.999999,1804501.0,1804501.0,0.09160076990290222,3.6999991999999997,-17895126.0,0.0,0.0,5.0
0x5fbd39bc1e73a788902e3389bf39fe5fe4b24b2c,0.25933122768373984,0.5512025,1,241.09178000000003,5,1770603369,-0.0002859129392211156,-0.0004288694088316893,-0.0002859129392211156,-0.0002859129392211156,-0.0011405780669424567,0.12707235996746225,-0.0002859129392211156,0.12475510582820257,0.0,12.872649999999997,0.02403000406041346,0.1255982542767627,0.048345921060048036,0.3177537102743144,0.2897537035917845,,1,0.9973649602145014,-0.9835744017016343,-0.0002859129392211156,0.6166826538825186,28.512529999999998,62936.0,62936.0,0.0031926685907429147,27.578875000000004,-19649727.0,,0.0,2.0
0x1fd06adbea5290548df0637cf82cce686b78c6a7,0.2562788688258695,0.547473,1,98.5,14,1770329109,0.5951297600998974,0.5961408824446799,0.5951297600998974,0.5951297600998974,2.094022026214413,2.4120176541257763,0.5951297600998974,2.40172598745911,0.0,,0.5951297600998974,2.4757676541257765,0.5951297600998974,2.3425032069270375,2.259931778355609,,2,0.9973649602145014,-0.969853383824838,0.5951297600998974,0.0,0.0,164561.0,164561.0,0.008465767481001397,0.0,-19273842.0,0.0,,0.0
0xf3799efbc067d8d637580075ed02ed33291036c0,0.25466102368216315,0.5454845,1,14.4,1,1770517849,0.5247724969421154,0.525783619286898,0.5247724969421154,0.5247724969421154,0.525783619286898,1.5450475934620302,0.5247724969421154,1.5366499464032066,0.0,,0.5247724969421154,1.5876499464032066,0.5247724969421154,1.5936499464032066,1.5366499464032066,,1,0.9973649602145014,-0.9792959015600766,0.5247724969421154,0.0,0.0,12384.0,12384.0,0.0006309629475874303,0.0,-19614759.0,0.0,,0.0
0x92e33c1caffbc71992512e664e150f8a8d9efb18,0.25348329826686733,0.5440317,1,176.177916,8,1770577685,4.012100080115998e-21,-3.6137784851567114e-08,4.012100080115998e-21,4.012100080115998e-21,-6.044809488673894e-06,0.5955605349894314,4.012100080115998e-21,0.5917776302458959,0.0,9.625911207500003,0.03939514249344013,0.5992475259529155,0.07879028498688026,1.37166284457416,1.318662845156496,,1,0.9973649602145014,-0.9822894508405987,4.012100080115998e-21,0.41860500650765886,13.0,85940.0,85940.0,0.004365321870867033,15.3265996,-19601039.0,,0.3333333333333333,3.0
0x84f76017e30a7413cd76bd1aa49c19897bceb15c,0.2533923671090628,0.5439193,1,13208.428198,23,1770601377,1.5188893040288183e-08,2.721343335330857e-08,1.5188893040288183e-08,1.5188893040288183e-08,0.00010877466402138506,0.33972053025443716,1.5188893040288183e-08,0.3370217054648389,0.0,169.17756711799998,0.02279972356446524,0.3435217069629444,0.04559944712893048,0.7974080778542356,0.7684849935563212,,1,0.9973649602145014,-0.9834747434663446,1.5188893040288183e-08,0.30414688569617054,359.084999,19790610.0,19790610.0,1.004055620430172,855.63874925,79939.0,,0.0,5.0
0x21e773c5364a95e958a75ccec16ef652558a6757,0.2531588910061216,0.5436307,1,101.10753600000001,6,1770601741,0.10943096904629768,0.10985022748057395,0.10943096904629768,0.10943096904629768,0.3218920288512014,0.2817037144658642,0.10943096904629768,0.2781051427621347,0.0,4.494070578869238,0.01836730713569096,0.28693459177509484,0.03673461427138192,0.4935402483157432,0.4655402416332134,,1,0.9973649602145014,-0.9834929541077329,0.10943096904629768,0.20612309178672367,1.0,176830.0,176830.0,0.008971116940333168,8.535971909090907,-19534205.0,,0.0,12.0
0xd9e8bfd6ab531766da111ae6a0354917cb6a7abc,0.24989983025837081,0.53958356,1,42.441998,4,1770589717,0.6390166759460518,0.6400277982908344,0.6390166759460518,0.6390166759460518,1.1203253054230589,2.8396530523908403,0.6390166759460518,2.8342554031494873,0.0,,0.6390166759460518,2.895852903961822,0.6390166759460518,3.0426805329645084,2.9675311554665487,,1,0.9973649602145014,-0.9828914025911041,0.6390166759460518,0.12834319087683743,19.999998,681737.0,681737.0,0.03460767649705866,18.673075153846153,-19017274.0,,0.0,11.0
0x6331a337e43be2f007a4f4ecdbc52d979f76fc33,0.24972141990218372,0.539361,1,1499.498,4,1770678319,0.0,0.0,0.0,0.0,0.0,-0.031950000000000055,0.0,-0.036450001091264776,0.0,-0.5005000000000004,-0.00012639029309781212,-0.030450000000000057,-0.00025278058619562424,-0.044900000000000106,-0.07290000218252955,,1,0.9973649602145014,-0.9873240928336473,0.0,1.0,499.9995,184.0,184.0,9.298746645186562e-06,499.9995,-19787429.0,,0.0,1.0
0xaa6df3f8d7efa9269fc7920345edd87d1d040b78,0.24914048021202484,0.53863555,1,110.20048799999999,4,1770595745,7.263959252739505e-14,1.8901118043150562e-05,7.263959252739505e-14,7.263959252739505e-14,0.0031219841227666124,0.733708230099918,7.263959252739505e-14,0.731009306558293,0.0,-5.509799880008795,-0.011374709194588719,0.7390096008763537,-0.022749418389250077,1.4989650297833355,1.461965027208806,,1,0.9973649602145014,-0.9831929788171718,7.263959252739505e-14,0.5102040839650146,34.9999995,612.0,612.0,3.1058045609551956e-05,34.9999995,-19704427.0,,0.0,2.0
0xc8758b72d6311af30a6917c6eb580d62a80323c5,0.24757107815370427,0.5366701,1,288.74591499999997,8,1770453189,-0.2987126968883099,-0.29904496907617234,-0.2987126968883099,-0.2987126968883099,-0.5216645908003893,0.7502592242017343,-0.2987126968883099,0.7474402062791959,0.0,-73.62421179999998,-0.3250181405154113,0.7702460198527925,-0.3513235841425126,2.3275690936825484,2.2265690987958857,,1,0.9973649602145014,-0.976061011251925,-0.2987126968883099,0.9977336737237101,28.98,3208.0,3208.0,0.00016398736295387452,78.56708160869566,-19559275.0,,0.0,2.0
0xcffa1d316caeb0c3390fe7ac3a5c047a3425e401,0.24450341733458728,0.53280395,1,12278.977701,30,1770579815,4.37491623254555e-07,4.392516859844576e-07,4.37491623254555e-07,4.37491623254555e-07,0.00047083226420618804,0.7530913838549967,4.37491623254555e-07,0.7488925566711345,0.0,2111.4946572315584,0.0647183786038669,0.7548925618932406,0.12943631971611055,1.542561362490601,1.4870141092397569,,1,0.9973649602145014,-0.982396013110261,4.37491623254555e-07,1.0,502.0,,,,502.0,,,0.0,1.0
0xc7f9560635f5a1d0397d562337c0929e51950b96,0.24184946087874915,0.52943265,1,499.5,3,1770628193,0.00033704078159412827,0.0006740815631883314,0.00033704078159412827,0.00033704078159412827,0.0011675435158876402,-0.044266230282424754,0.00033704078159412827,-0.047864663109993405,0.0,0.0,0.0,-0.039864661654973765,0.0,-0.04979699248246065,-0.07179699466499011,,1,0.9973649602145014,-0.9848163274209284,0.00033704078159412827,1.0,249.5,93298.0,93298.0,0.0047269442153400785,249.5,-19644189.0,,0.0,1.0
0xcb46a07dd6fe272eb3f21c827ec881d862f38dee,0.23917092794311437,0.5260045,1,84.73919799999999,6,1770498591,1.3029416904106984e-06,1.1081689049095052e-05,1.3029416904106984e-06,1.3029416904106984e-06,0.0023431650225937753,0.6707886030132075,1.3029416904106984e-06,0.6660896743855897,0.0,1.5803334199948074,0.007603472566293124,0.6863438590832855,0.01520564219089584,1.3626610082175166,1.3436610082175164,,1,0.9973649602145014,-0.9783324385604728,1.3029416904106984e-06,0.4062186491992022,39.999999,194626.0,194626.0,0.009925904808193234,41.717331466666664,-19413259.0,,0.42857142857142855,7.0
0x7a36bec5f0b85f8e50bc34e9206ca951e470428f,0.23832832449064606,0.52492064,1,171.949996,7,1770593125,2.2603610004616636e-07,2.7689421477526027e-06,2.2603610004616636e-07,2.2603610004616636e-07,0.001171269503213586,0.5565874816653928,2.2603610004616636e-07,0.5538886419616806,0.0,-3.2050308400011147,-0.004942818788070034,0.5620896098248516,-0.009885863612240114,1.0378140410275554,1.0078140387471062,,2,0.9973649602145014,-0.9830619022225637,2.2603610004616636e-07,1.0,19.999999,2554.0,2554.0,0.0001296287526927531,19.999999,-19699865.0,,0.0,1.0
0x7fe230c32109035431889e152734003bef7c0719,0.23455480490350217,0.5200341,1,40.87719,6,1770316905,0.44119217717670794,0.44220329952149057,0.44119217717670794,0.44119217717670794,0.9924567013536657,1.0091706839050474,0.44119217717670794,1.0051706839050474,0.0,,0.44119217717670794,1.0301706839050473,0.44119217717670794,1.0584422952122718,1.0175309924601537,,1,0.9973649602145014,-0.9692428270459843,0.44119217717670794,0.09366912827231587,4.999999,426519.0,426519.0,0.02195586486064515,6.2619033095238095,-18999680.0,,0.26666666666666666,15.0
0x320559a329c084774e47332f725da9aab93f83fc,0.2321617850197274,0.5169069,1,62.605059000000004,4,1770600401,-9.604388395613456e-07,7.395388885891131e-05,-9.604388395613456e-07,-9.604388395613456e-07,0.007588007096866742,3.0903900456183067,-9.604388395613456e-07,3.082292802692257,0.0,-0.43469943010827616,-0.0012647416579859246,3.0822928059663623,-0.002528522877132288,6.248000108813003,6.164000102265415,,1,0.9973649602145014,-0.9834259149333914,-9.604388395613456e-07,0.2222222314814855,9.999999,6154.0,6154.0,0.00031223212738705497,11.9999984,-19703541.0,0.0,0.0,5.0
0xf3a3cd7dbdc089480806fe52bfba762e07236482,0.23198212816784275,0.51667124,1,15.151513999999999,2,1770486047,0.6764408900346193,0.6774520123794019,0.6764408900346193,0.6764408900346193,0.958061823763896,3.528427366872201,0.6764408900346193,3.5190297198133766,0.0,,0.6764408900346193,3.5650297279973775,0.6764408900346193,3.610029727997378,3.5190297198133766,,1,0.9973649602145014,-0.9777048718418608,0.6764408900346193,0.2315846591183282,5.88,7078678.0,7078678.0,0.36124290973043033,18.20109004819277,-12516663.0,,0.32,46.0
0xeb0fbf475cf0b6b89a518d8fcb5de3dd558c3622,0.23016361285166362,0.5142785,1,2915.601463,17,1770588809,-0.0015486419476739444,-0.002322963401398294,-0.0015486419476739444,-0.0015486419476739444,-0.008297714180185399,0.18251454217719604,-0.0015486419476739444,0.1818824880263964,0.7640475719499633,105.73258468333329,0.013802220780286652,0.18422444909689784,0.029153083508247246,1.6139997232603107,1.5595353899131958,0.17810002480040052,1,0.9973649602145014,-0.9828459760461026,-0.0015486419476739444,0.19395821607999092,74.89503,82300.0,82300.0,0.00417806729917089,74.27012673333334,-19615803.0,,0.625,8.0
0x3055a1d533bc25c265469ce34164b0febd10cfdd,0.22974032442470674,0.5137196,1,160.004458,12,1768760496,0.07484417571648874,0.07505862894203746,0.07484417571648874,0.07484417571648874,0.23048952213202792,0.06659651050890669,0.07484417571648874,-0.030549847100361387,0.0,-2.2043885666666676,0.07040529356473604,-0.026732037116020946,0.06596641141298334,0.6569711134097497,0.6259711134097496,-1.5457480377758681,1,0.9973649602145014,-0.9411511616813285,0.07484417571648874,0.4351889780705707,19.999999,11514.0,11514.0,0.0006443276613771063,18.089999333333335,-17858276.0,,0.0,3.0
0x565835e83738585a5361fe80f27676e7978a893a,0.22941064163802247,0.51328385,1,111.28395599999999,5,1770589431,-4.3958091026167735e-06,9.397936841949464e-06,-4.3958091026167735e-06,-4.3958091026167735e-06,0.0024272469318334174,1.3184693936507252,-4.3958091026167735e-06,1.3157705285713617,0.0,-35.78839972000929,-0.042976450912757126,1.3437709496829466,-0.08594850601641164,2.702501598520758,2.631501595964947,,1,0.9973649602145014,-0.9828770942300133,-4.3958091026167735e-06,1.0,39.999999,322.0,322.0,1.634623560661921e-05,39.999999,-19698403.0,,0.0,1.0
0xb9470ad9b6d9e01628faddd4641baa5e0be3cd27,0.22921684730730474,0.5130275,1,19.78974,4,1770602999,7.182425219834428e-05,7.204940657257163e-05,7.182425219834428e-05,7.182425219834428e-05,0.004828275777029179,0.2667026009138231,7.182425219834428e-05,0.2640031753251512,0.0,2.1054001999109486,0.040309529294980787,0.27000451135146497,0.08061905858996157,0.5558888082811287,0.5278888015985989,,1,0.9973649602145014,-0.9835558908848385,7.182425219834428e-05,0.2306474851396876,1.069999,374414.0,374414.0,0.018993934394136696,1.7367178367346936,-19337879.0,,0.5,6.0
0x5e5064b78a709e4e20608e46c6d61b212a0d83e9,0.22791119602950227,0.51129633,1,23.915177999999997,10,1770581469,1.946016359390326e-07,3.892032718781083e-07,1.946016359390326e-07,1.946016359390326e-07,2.805466538237135e-05,1.2618924295606475,1.946016359390326e-07,1.2582868378039607,0.0,0.9980280176,0.024384527538413574,1.2661042710598092,0.04876905507682715,3.8562058230641565,3.7897058197903624,-1.1219999999999994,2,0.9973649602145014,-0.9824787614642616,1.946016359390326e-07,0.1650449817366727,1.4999985,15426.0,15426.0,0.0007834130145185334,1.9432158333333334,-19675337.0,,0.2727272727272727,11.0
0x858926ef3c4a40ff426b3cdb19235f0f863f0d2b,0.22678698430308172,0.50980014,1,68.68826600000001,8,1769993278,-4.4389146856467865e-06,1.6120273213920158e-05,-4.4389146856467865e-06,-4.4389146856467865e-06,0.0033536104197355995,0.9576790248902171,-4.4389146856467865e-06,0.47734310524689716,0.0,-20.736371540100823,-0.04543372509079933,0.5106475164216482,-0.090863011266913,2.6238160198730878,2.539322290273409,,2,0.9973649602145014,-0.9530520159455178,-4.4389146856467865e-06,1.0,22.659999,52.0,52.0,2.7221465256092215e-06,22.659999,-19102520.0,,0.0,1.0
0x4550de6fd1b04b16d7baaebe025bbb3553849392,0.2236307104154722,0.50557125,1,149.5324,3,1770600151,0.30352183691964835,0.3045329592644309,0.30352183691964835,0.30352183691964835,0.492977360829653,0.4764014552108749,0.30352183691964835,0.47100380596952196,0.0,,0.30352183691964835,0.4710038081520514,0.30352183691964835,0.5055421911239393,0.4785421889414098,,1,0.9973649602145014,-0.9834134076247455,0.30352183691964835,0.2871118419856634,5.999999,1558109.0,1558109.0,0.07905392566863248,21.09818109090909,-18151336.0,,0.2727272727272727,11.0
0x5f19c18bfea98531ea748e4a025c179a6a66fae7,0.22327196793291232,0.5050879,1,2891.4466409999995,14,1770544271,1.228824642327266e-06,1.6657400690063241e-06,1.228824642327266e-06,1.228824642327266e-06,0.0010136088375811972,1.5676365557397638,1.228824642327266e-06,1.563437720870659,0.0,264.18494049499486,0.06175567797667084,1.6158394547106827,0.12351012712869937,3.3211404437558203,3.2348986188670112,,1,0.9973649602145014,-0.9806177739962347,1.228824642327266e-06,0.36531221738247943,81.7958,1158531.0,1158531.0,0.05894762604138232,135.42589568000002,-18495034.0,,0.18181818181818182,11.0
0xcbb40c36b058414ade61c0c5f7fc225cf5a636c3,0.22292140868734045,0.50461507,1,59.999998,2,1770564105,0.4438827116244299,0.4448938339692125,0.4438827116244299,0.4438827116244299,0.6291748938154242,1.023966276766624,0.4438827116244299,1.0155686297078006,0.0,,0.4438827116244299,1.0275686297078004,0.4438827116244299,1.0655686301558005,1.0155686297078006,,1,0.9973649602145014,-0.9816100538349585,0.4438827116244299,0.1813513680138017,29.179999,10626955.0,10626955.0,0.5401687324086702,106.91255063235292,-9046444.0,,0.20588235294117646,65.0
0x79da1eadcca3ded669a834068dd5a309c11446a4,0.2225045462644597,0.5040521,1,8.35,3,1770567613,0.19177620472708007,0.19211324550867429,0.19177620472708007,0.19177620472708007,0.33274990202797733,0.6691146150603217,0.19177620472708007,0.6663153993740472,0.0,0.20000000000000018,0.19514661254302174,0.6719820660407138,0.19851702035896338,2.077946198122141,1.9989461981221412,-1.3380139307331411,1,0.9973649602145014,-0.9818619010018504,0.19177620472708007,0.53882468389439,0.65,1032248.0,1032248.0,0.052459870852670086,4.158479649122808,-18644659.0,,0.15789473684210525,19.0
0x0ce47de99c786ee26505fd341b012b829e3f3ba8,0.22162283281490314,0.5028589,1,481.246937,8,1770583697,-0.03428547555486883,-0.03448383582801388,-0.03428547555486883,-0.03428547555486883,-0.16373078847798767,1.4181128904765163,-0.03428547555486883,1.4147377850525145,0.0,-56.565521039999986,-0.0627320800035159,1.4328237732449685,-0.09117868445216298,3.607028904469953,3.5200288901098213,-0.7099999333671276,1,0.9973649602145014,-0.982590226598913,-0.03428547555486883,1.0,99.999999,138.0,138.0,7.007569342818468e-06,99.999999,-19692853.0,,0.0,1.0
0x791192bd88d854397664d3cdfbcc7cea2d53c5b6,0.21852993949393673,0.49864617,1,263.183398,6,1770590957,-6.3887087310456796e-06,1.0354114150315408e-05,-6.3887087310456796e-06,-6.3887087310456796e-06,0.0022182334871631284,0.5858780900641146,-6.3887087310456796e-06,0.5831792066422574,0.0,-51.18797577,-0.03714486345943761,0.5916793929289943,-0.07428333821014417,1.2090282390806717,1.1687205291519196,,1,0.9973649602145014,-0.9829534388419873,-6.3887087310456796e-06,0.7086694599919483,56.499998000000005,19854.0,19854.0,0.0010078044183294923,56.499998000000005,-19680397.0,,0.0,2.0
0x07ca854da24fcd4bff3e93914e9b9e224948a46b,0.21630569152763912,0.49559,1,20.40408,4,1770591521,-5.661152503921287e-05,0.00010311386035934509,-5.661152503921287e-05,-5.661152503921287e-05,0.0072919800780878235,0.7338281118280261,-5.661152503921287e-05,0.7311287475503567,0.0,-2.855999800079968,-0.03543881467454653,0.7436312501023319,-0.07082101782405385,1.5005215952324207,1.4619651605355197,,1,0.9973649602145014,-0.9829816553302922,-5.661152503921287e-05,1.0,4.999999,64.0,64.0,3.248596568213041e-06,4.999999,-19700751.0,,0.0,1.0
0xf512696fd336ea7f7be25275ff0e84a9b605838e,0.21492032305956285,0.49367496,1,17.964,6,1770454515,0.0,0.0,0.0,0.0,0.0,1.0659582458233445,0.0,1.0617594222939326,0.0,3.4619999999999997,0.07292719911743753,1.0977594238410757,0.14585439823487506,2.2225188445878654,2.123518844587865,,1,0.9973649602145014,-0.9761273500169825,0.0,0.23557985947241644,1.8918,352755.0,352755.0,0.01803099795137031,5.239003799999999,-19211054.0,,0.15384615384615385,13.0
0x9faf2ba54167684a96f8f17b74f3c1b4e1f3778c,0.21472703961595485,0.49340707,1,6696.495888000001,24,1770589103,1.2289708348819655e-07,4.821347121314085e-07,1.2289708348819655e-07,1.2289708348819655e-07,0.0004986216623071899,0.7102659898673159,1.2289708348819655e-07,0.7075671627233376,0.0,116.17407533142861,0.017056966177305673,0.7171564372652138,0.03411380945752786,1.4870447793205432,1.4386557418643264,,1,0.9973649602145014,-0.98286068464107,1.2289708348819655e-07,0.08246246758396267,999.999999,10393935.0,10393935.0,0.5276538491939217,1536.3565952,-9304462.0,,0.5666666666666667,30.0
0xb1c9be760313aa0d496c44f00b84025499f887ed,0.21311562050184696,0.49116677,1,70.274998,4,1763620983,1.146211178842087e-05,-2.7613266914628374e-05,1.146211178842087e-05,1.146211178842087e-05,-0.00384679177423279,0.0,1.146211178842087e-05,0.0,0.0,6.039000369961872,0.027815895532779397,0.0,0.05562032895377037,,,0.5380754776203801,1,0.9973649602145014,-0.7381962149582109,1.146211178842087e-05,1.0,14.549999,2814.0,2814.0,0.00022104782166169676,14.549999,-12727463.0,0.0,0.0,1.0
0x9be1a590ce959db951394ec4ee8b7e6eccfaa190,0.21292304989290348,0.49089822,1,165.578,6,1770526183,0.0,-8.723982735606197e-18,0.0,0.0,-2.7382223791262697e-09,1.1800765225549483,0.0,1.1758776990255366,0.0,-10.907200000000001,-0.031510038968604694,1.2093776990255367,-0.06302007793720939,2.433755393959073,2.3517553980510733,,1,0.9973649602145014,-0.9797128452010933,0.0,0.6296296757201685,4.999999,1994.0,1994.0,0.00010155088160068635,14.999999333333333,-19633483.0,,0.0,3.0
0xa0b07e60164b6d06a350fa9f5da13454af7e9c44,0.21182234571242833,0.48935983,1,49.622,8,1770525655,0.0,0.0,0.0,0.0,0.0,1.238368120609865,0.0,1.2341692970804532,0.0,-12.746666666666664,-0.04692393017534302,1.26554308348822,-0.09384786035068604,2.5387962475279284,2.4552467370568216,,1,0.9973649602145014,-0.9796864297652333,0.0,1.0,20.15,106.0,106.0,5.398537067756071e-06,20.15,-19634843.0,,0.0,1.0
0x78b0ff58d8c725f553e3220452994f1259431587,0.21094493089216904,0.48812932,1,49.115858,4,1770577191,3.669209684344987e-05,4.781091395350632e-05,3.669209684344987e-05,3.669209684344987e-05,0.0045593150842164094,0.4861947303665765,3.669209684344987e-05,0.4819954451131098,0.0,5.788200059986806,0.041740902739270835,0.4884961598862685,0.08344511338169823,1.0118848922499024,0.9638848965259031,,1,0.9973649602145014,-0.9822647363987146,3.669209684344987e-05,0.5555555703703732,7.499999000000001,885811.0,885811.0,0.044995894391507675,7.499999000000001,-18800674.0,0.0,0.0,2.0
0x913dac530259addb1b4bcc067163a599cbd83110,0.21006937800113581,0.48689768,1,59.92,4,1770587971,0.0,0.0,0.0,0.0,0.0,0.7725237967310152,0.0,0.7698249721103387,0.0,10.36,0.06547017182466662,0.7803249732016034,0.13094034364933324,1.593649946403207,1.5396499442206775,,1,0.9973649602145014,-0.9828040515475218,0.0,0.40532568074852704,23.154999,3970602.0,3970602.0,0.20158138706058937,383.3246089,-15726663.0,,0.4444444444444444,9.0
0xcc98c2b5ca39a1a1d344e625ffd8fbbb8e1cacab,0.20948984784715738,0.48608038,1,49902.03,3,1770612763,-0.003033367034347379,-0.004044489379129989,-0.003033367034347379,-0.003033367034347379,-0.006623656470656608,0.0,-0.003033367034347379,0.0,0.0,,-0.003033367034347379,0.0,-0.003033367034347379,,,0.16680000000000086,0,0.9973649602145014,,-0.003033367034347379,0.8907747245742583,1721.54406,200628.0,200628.0,0.01017277254598747,1721.54406,-19521429.0,,0.0,2.0
0x85bec773f3f35fe6ca70f8d43450ddcb26438a1f,0.2090667433365138,0.48548263,1,53.339997999999994,6,1770597305,-1.4672384931072393e-05,9.070201593753841e-05,-1.4672384931072393e-05,-1.4672384931072393e-05,0.007897048044760713,1.8479141236868006,-1.4672384931072393e-05,1.844991659297618,0.0,-3.4873814,-0.01423122114639635,1.8592439887108707,-0.02844776990786163,3.7492856320122376,3.675910403030091,,1,0.9973649602145014,-0.9832710244231216,-1.4672384931072393e-05,1.0,9.999999,622.0,622.0,3.156303124653828e-05,9.999999,-19705977.0,,0.0,1.0
0xef37d8e6d76a8e33cff2de452b5bd5769ed61698,0.2086290083860437,0.48486328,1,18.181817000000002,2,1770112196,0.45399395227144707,0.4550050746162297,0.45399395227144707,0.45399395227144707,0.6434743474708542,1.0767846096229001,0.45399395227144707,1.0647846120529103,0.0,,0.45399395227144707,1.112784613472901,0.45399395227144707,1.1277846134729004,1.0647846120529099,,1,0.9973649602145014,-0.9590013924636862,0.45399395227144707,0.0,0.0,312242.0,312242.0,0.016244422258628235,0.0,-18909248.0,,,0.0
0x0217ab8c2a400a9c9a8ca5de34f63e0fac131193,0.20830942281568787,0.4844105,1,1978.592795,74,1770496327,0.10209561705938545,0.10235454857531727,0.10209561705938545,0.10209561705938545,0.9328596931267877,0.42492990656423896,0.10209561705938545,0.4194508772083172,0.0,-8.370716747999996,0.09080455212996746,0.43755289775656236,0.07951348720054949,0.8205193292781773,0.7830189605981358,-1.559185983008979,2,0.9973649602145014,-0.9782298786295772,0.10209561705938545,0.2864479770485692,34.8,2015811.0,2015811.0,0.10281801326262505,34.38356733333333,-17589810.0,,0.2,5.0
0xb55d3d60cc91a0e583edf1d8fbd8102b83021625,0.20807280095763417,0.48407492,1,13.775509,2,1770392259,0.51466130358829,0.5156724259330725,0.51466130358829,0.51466130358829,0.7292709384963865,1.4689652395317814,0.51466130358829,1.4619652395317813,0.0,,0.51466130358829,1.4989652675643783,0.51466130358829,1.5289652454843745,1.4619652395317813,,1,0.9973649602145014,-0.973012729988769,0.51466130358829,0.19875317960273423,10.57815,7015654.0,7015654.0,0.3597484774674099,12.203316166666667,-12485899.0,0.0,0.3333333333333333,6.0
0x21586865528a0a4df38b002d9be3fe50ec25eb47,0.20757599507514035,0.48336944,1,22.22111,4,1770597557,-8.081291066273357e-06,3.687090818980239e-05,-8.081291066273357e-06,-8.081291066273357e-06,0.005216812410197473,2.6063040101421118,-8.081291066273357e-06,2.5982071318409705,0.0,-1.7775993000699306,-0.020229510062743657,2.6177081091886816,-0.040450938834421045,5.280154709311104,5.196154702763515,,1,0.9973649602145014,-0.9832836317902366,-8.081291066273357e-06,1.0,2.999999,346.0,346.0,1.7557345919954436e-05,2.999999,-19706505.0,,0.0,1.0
0x1dd05f721a52237b233249216015f4b72dfe3550,0.20688044927438498,0.48237965,1,93.453597,14,1770602617,5.12574873898255e-05,5.138281127125948e-05,5.12574873898255e-05,5.12574873898255e-05,0.004615330407958418,0.7277631734436588,5.12574873898255e-05,0.7250640143163043,0.0,15.513514868779462,0.06318126537238307,0.731064757948477,0.12636253074476614,1.2718577607935728,1.2361910808397667,,1,0.9973649602145014,-0.9835367797172277,5.12574873898255e-05,0.22065795269554528,0.999999,507511.0,507511.0,0.025746412917550206,1.7019529615384619,-19204400.0,0.0,0.38461538461538464,13.0
0xf0b1426e809701868bf3b5961bde42d453181ab5,0.20682333174205556,0.48229825,1,3.999998,2,1770338897,0.5348838296922953,0.5358949520370779,0.5348838296922953,0.5348838296922953,0.7578699091781149,1.6297579446718453,0.5348838296922953,1.6217579446718453,0.0,,0.5348838296922953,1.6777579662918511,0.5348838296922953,1.6927579662918513,1.6217579446718453,,1,0.9973649602145014,-0.9703430699729387,0.5348838296922953,0.02400001120257952,0.999999,645641.0,645641.0,0.033197997695518316,1.0869533695652176,-18802550.0,,0.28888888888888886,45.0
0xd4336b109077097a7192ff7349fc136a3e2d4aba,0.2056773061397772,0.4806617,1,4.687865,4,1770593497,0.0006279954346687747,0.000810316689895193,0.0006279954346687747,0.0006279954346687747,0.018103362245762176,0.41628684411123373,0.0006279954346687747,0.4135826123737911,0.0,0.5146,0.039730486865656896,0.42159864169796757,0.07883297829664503,0.8515113084093103,0.8255113062267809,,1,0.9973649602145014,-0.9830805130978287,0.0006279954346687747,0.2058417334585501,0.999999,82802.0,82802.0,0.004202551811060677,1.1137347058823528,-19619989.0,,0.3333333333333333,9.0
0xba9cd88830d316eb649edff06b236fd86d8799aa,0.20402653361630735,0.4782924,1,2.5,2,1770590015,0.605662284524715,0.6066734068694977,0.605662284524715,0.605662284524715,0.8579657599259344,2.3601530451098967,0.605662284524715,2.3547553958685437,0.0,,0.605662284524715,2.397755398051073,0.605662284524715,2.421755398051073,2.3547553958685437,,1,0.9973649602145014,-0.9829063113030099,0.605662284524715,0.09398720567077759,0.999999,764847.0,764847.0,0.0388260826813773,1.4944427777777778,-18934462.0,,0.0,18.0
0x08e318fb02d741b1f3b6ca4e560fe850a7ff9c70,0.203856102911984,0.47804698,1,3.999998,2,1770499817,0.41354907182697553,0.41456019417175816,0.41354907182697553,0.41354907182697553,0.5862766490177241,0.8758938063833324,0.41354907182697553,0.866496159324509,0.0,,0.41354907182697553,0.8964961593245089,0.41354907182697553,0.8894961593245089,0.8664961593245089,,1,0.9973649602145014,-0.9783937744020719,0.41354907182697553,0.04619405280897955,3.934999,620879.0,620879.0,0.031662781652875546,18.55344440625,-18988232.0,,0.5232558139534884,86.0
0xeacefa9eb30578380da64aa4e94661cc558688fd,0.2036356006355023,0.47772923,1,14.807406,4,1770596757,-5.5628940181933226e-05,0.00036917419898946136,-5.5628940181933226e-05,-5.5628940181933226e-05,0.016507411574678357,2.6074776922839478,-5.5628940181933226e-05,2.5993771689290215,0.0,-0.8139993806198823,-0.01395159698454897,2.6203876754620796,-0.02784756502891601,5.277155460624577,5.1961554540769885,,1,0.9973649602145014,-0.9832436084025701,-5.5628940181933226e-05,0.19753087242799178,1.999999,1930.0,1930.0,9.79394603210963e-05,2.5714277142857145,-19704121.0,,0.0,7.0
0x426d17367a26207af08e82c51eea409536b04449,0.2035863210975413,0.47765818,1,12.726907999999998,4,1770586949,-1.2119511790055856e-05,2.8278870471745912e-05,-1.2119511790055856e-05,-1.2119511790055856e-05,0.004001537756199508,0.9518877939651695,-1.2119511790055856e-05,0.949188834558444,0.0,-2.181599480051938,-0.03034426768676555,0.9591893407950508,-0.06067641586174104,1.9602828777472467,1.8982828641247158,,1,0.9973649602145014,-0.9827529216697777,-1.2119511790055856e-05,0.5015407408974766,3.584999,802.0,802.0,4.071842533624306e-05,8.04249925,-19695441.0,,0.0,4.0
0x2ce7839bcf0223d1305f4dd22b9d44912a41fb6c,0.20319696569982523,0.47709638,1,20.277398,3,1768317891,0.5146612923213896,0.5156724146661722,0.5146612923213896,0.5146612923213896,0.8716279316022663,0.2393907416579309,0.5146612923213896,0.19608170043344014,0.0,,0.5146612923213896,0.2160817054654895,0.5146612923213896,1.4709652079168736,1.4759652079168735,,1,0.9973649602145014,-0.8692336867048259,0.5146612923213896,0.11111111158421234,9.999997,87005.0,87005.0,0.00499248731220791,9.999765555555557,-17340180.0,0.0,0.0,9.0
0x5a26a49f8c279127945b3cd8f79dc6d90b066efb,0.20082139479427,0.47365114,1,6091.658361999999,13,1770586917,3.4069657423812557e-07,3.4310432387938453e-07,3.4069657423812557e-07,3.4069657423812557e-07,0.00044468489475760664,0.9387482495025535,3.4069657423812557e-07,0.9360494232752233,0.0,1134.90701206,0.06993717401291691,0.945783487185641,0.13987400732925956,1.966079917788891,1.903994618963931,,1,0.9973649602145014,-0.9827513207342711,3.4069657423812557e-07,1.0,449.999999,,,,449.999999,,,0.0,1.0
0xfa0cc2bd2cfca729b89bf6def7769cafec6f7652,0.19993171500235712,0.472353,1,10.0,4,1770599069,0.0,0.0,0.0,0.0,0.0,3.048596470588235,0.0,3.0404999967262056,0.0,-0.9999999999999999,-0.01011122344782496,3.0539999999999994,-0.02022244689564992,6.161999999999999,6.080999993452411,,1,0.9973649602145014,-0.9833592759929265,0.0,0.1960674774134214,2.9999995,7358.0,7358.0,0.00037334404689014504,8.247250833333334,-19701005.0,,0.06666666666666667,15.0
0x85fe8bb1f52e4431d4c2c2ae7057ef9c3c397446,0.19929852693932337,0.4714265,1,51.191596999999994,24,1770572109,0.3650890874142489,0.3658158846645713,0.3650890874142489,0.3650890874142489,1.6546316781314168,1.2210201000920347,0.3650890874142489,1.2168554994004557,0.0,-0.27803243330555094,0.28995678482202075,1.2166192236890414,0.28782434850564986,1.5041306335207216,1.4636012109184173,-1.2542698844753741,2,0.9973649602145014,-0.9825526046145064,0.3650890874142489,0.22440445569950787,1.069998,2135865.0,2135865.0,0.1085219890065764,2.8576901394779775,-17545538.0,0.0,0.5052631578947369,83.0
0x3087e533b7d8e69389c7ed120f1dbf97b20adff2,0.19905586817127932,0.47107083,1,14.272383000000001,4,1770571671,0.00011700309445158778,0.00011720517231586779,0.00011700309445158778,0.00011700309445158778,0.008290662958359968,1.0590016864102463,0.00011700309445158778,1.0548020237249245,0.0,2.7560402598960962,0.07328236431219085,1.0573025233624445,0.1464477255299301,2.1811825276811456,2.109182516761141,,1,0.9973649602145014,-0.9819885750238152,0.00011700309445158778,0.8295415550529491,6.724999,1105460.0,1105460.0,0.05616899374598756,42.022499249999996,-18575505.0,,0.0,4.0
0x292993b48151c57a796b1e2d043db97e4884105f,0.19904367399656991,0.47105294,1,13.55,5,1770550119,0.10697674407798807,0.10717896854694459,0.10697674407798807,0.10697674407798807,0.23965945942927996,0.3254309358048975,0.10697674407798807,0.3237514063931328,0.0,-0.050000000000000044,0.10596562173320558,0.3313514063931329,0.10495449938842308,1.686757031965664,1.6187570319656641,-1.3509480890629812,1,0.9973649602145014,-0.9809111454278308,0.10697674407798807,0.1714521248843192,3.15,383091.0,383091.0,0.019486390565170996,4.022993030769231,-19276322.0,0.0,0.0,13.0
0xb9cf82bb58af853d017138bf9e39cb027b153014,0.19568536411589804,0.46609664,1,45.360614,4,1770584113,3.369699048874496e-05,3.3848551156307746e-05,3.369699048874496e-05,3.369699048874496e-05,0.004788608263051783,1.7643018314909047,3.369699048874496e-05,1.7616028720248047,0.0,10.105050619938048,0.08433181553480945,1.7811038515160815,0.16862993407913016,3.6070297279973778,3.5230297176308474,,1,0.9973649602145014,-0.9826110387604997,3.369699048874496e-05,0.17369517667912612,0.999999,273738.0,273738.0,0.0138999818568722,4.428757342105264,-19419669.0,0.0,0.12,25.0
0x9d7bae7beb53e1c64b2635eceb699bfcb7c8ecbe,0.19502860138084702,0.46511987,1,1219.627739,23,1770594301,-2.249573928479389e-07,9.083881905251747e-07,-2.249573928479389e-07,-2.249573928479389e-07,0.0008518264898288716,1.9288057755621508,-2.249573928479389e-07,1.9232002180943173,0.0,-236.03586645001184,-0.043634925503303036,1.936862080186073,-0.08726962604921323,3.5617087048811156,3.502960660273875,,2,0.9973649602145014,-0.9831207366024336,-2.249573928479389e-07,1.0,18.369999,404.0,404.0,2.0503872516665106e-05,18.369999,-19703191.0,,0.0,1.0
0xc0677ece68bcb67873195c7553be8ba4ea47c575,0.1924263413641849,0.46122494,1,1454.700018,8,1770585415,2.121016701450548e-06,2.1247443230699693e-06,2.121016701450548e-06,2.121016701450548e-06,0.0011066049807150285,1.0132702985622175,2.121016701450548e-06,1.0105714639920063,0.0,287.88721016999995,0.07214077311264731,1.0202478114706615,0.14427942520859316,2.106574006352575,2.0418485672494824,,1,0.9973649602145014,-0.982676176823927,2.121016701450548e-06,0.15858125796104147,100.0,1213009.0,1213009.0,0.06159060283652833,158.73133129411767,-18481700.0,,0.26666666666666666,15.0
0x6d653a4d199991b3d716e62c91342b5339dbb1f1,0.19181640193043337,0.46030623,1,3.99598,4,1770595901,-8.501487810708e-05,0.0006922659173344667,-8.501487810708e-05,-8.501487810708e-05,0.01997449565812956,1.00487839490622,-8.501487810708e-05,1.0021763286146688,0.0,-0.16239960095976053,-0.008921686796047079,1.0101859560617572,-0.01775835871398708,2.0509480704862346,2.001948033903685,,1,0.9973649602145014,-0.9832007833777668,-8.501487810708e-05,0.26045154077781185,2.999999,46374.0,46374.0,0.002353389550319091,2.9408720909090906,-19658821.0,,0.0,8.0
0xebc59318b0a070c06fa171bd1d2f485b16364fe7,0.19129873792926397,0.45952475,1,32947.01287600001,77,1770569859,-0.005173418996812472,-0.004944336014697124,-0.005173418996812472,-0.005173418996812472,-0.05763507869614614,0.9662375603859504,-0.005173418996812472,0.9620995754331194,0.0,294.8205126091718,0.024093746584339003,0.9691663330555506,0.05336091216549048,1.7740695420017403,1.7110074710579186,-1.6074790497868687,1,0.9973649602145014,-0.9818979220507503,-0.005173418996812472,0.2609845127872158,59.94999,2530819.0,2530819.0,0.12860406136381988,450.26100577777765,-17148334.0,,0.5384615384615384,13.0
0xb8932ed390bf1a487cf464faccbfbbcab50f8b91,0.1907569907122749,0.4587052,1,19.089998,4,1770594103,-2.6763926026532376e-05,2.272409224417479e-05,-2.6763926026532376e-05,-2.6763926026532376e-05,0.0032155213971957423,0.5391181206310298,-2.6763926026532376e-05,0.5364191612243043,0.0,-4.908599600039952,-0.06827410802444583,0.5449195868268746,-0.13652145212286515,1.1007847558788868,1.0727847448963563,,1,0.9973649602145014,-0.9831108308139862,-2.6763926026532376e-05,0.3086421009607092,9.999984000000001,778.0,778.0,3.9485577030194337e-05,11.2499915,-19702619.0,,0.0,4.0
0x4e757b65385f3ef148ab3c55b102dc225cea0f8d,0.19067346919357164,0.45857868,1,72.0,3,1770610007,-0.009774182666230768,-0.01011122344782497,-0.009774182666230768,-0.009774182666230768,-0.017513152738314604,0.0010452630370790343,-0.009774182666230768,-0.000753953376705289,0.0,0.7500000000000007,-0.007246376804274525,-8.728599960658907e-05,-0.0047185709423182825,0.02573814763092988,-0.002261860130115867,-0.01599999999999932,1,0.9973649602145014,-0.9839064957607978,-0.009774182666230768,0.5428003744569213,38.64,44204.0,44204.0,0.0022416616085935296,321.839025862069,-19675097.0,0.0,0.6666666666666666,3.0
0xf9af74c89dc25cd9275a03a0858d137a156a3dbc,0.19060911079117124,0.45848116,1,1.44,1,1768047426,0.6461071783160149,0.6471183006607976,0.6461071783160149,0.6461071783160149,0.6471183006607976,1.424185185185185,0.6461071783160149,0.30897823425963805,0.0,,0.6461071783160149,0.29577822865963765,0.6461071783160149,2.9547309803921564,2.989533333333333,,1,0.9973649602145014,-0.855702529773273,0.6461071783160149,0.31630023260287726,3.556,6426939.0,6426939.0,0.3746018469730811,16.05378617647059,-10729781.0,0.0,0.09090909090909091,11.0
0x0c3d7dc109d061e9077708d4356e67582716b122,0.19029049449623656,0.45799804,1,2.625,1,1770025982,0.5045500500464655,0.5055611723912481,0.5045500500464655,0.5045500500464655,0.5055611723912481,1.3903851352483485,0.5045500500464655,1.3757282809988562,0.0,,0.5045500500464655,1.4507282809988562,0.5045500500464655,1.4563851352483483,1.3813851352483484,,1,0.9973649602145014,-0.9546881720333277,0.5045500500464655,0.0,0.0,129710.0,129710.0,0.006778580042430535,0.0,-19005566.0,,,0.0
0x960eb3442f920f6447c35ab56e4339b25b9a77d6,0.1897556168446503,0.4571856,1,2198.4311559999996,12,1770600127,1.41489363130229e-06,1.423265782966801e-06,1.41489363130229e-06,1.41489363130229e-06,0.0006994945204542419,0.21542285727138202,1.41489363130229e-06,0.2127240214774933,0.0,-47.28163644,-0.016571041159854413,0.21500175394367674,-0.033142082319708825,0.5021617413195065,0.4745903079941197,,1,0.9973649602145014,-0.9834122069231155,1.41489363130229e-06,0.07108852125213534,499.9999975,758053.0,758053.0,0.03846145455008546,489.09067746875,-18951368.0,,0.4782608695652174,23.0
0x0fa95081f5ec5399142ddd8a0d69e006fb6ec8e9,0.18919056261365214,0.4563254,1,6.626078,4,1770587569,0.0006886224136058348,0.0006922659173344667,0.0006886224136058348,0.0006886224136058348,0.01997449565812956,1.0048783949062206,0.0006886224136058348,1.002176328614669,0.0,1.3154403990402397,0.072265862537508,1.0131895594869489,0.14384310266141018,2.0659480704862356,2.0019480339036857,,1,0.9973649602145014,-0.9827839397952194,0.0006886224136058348,0.10657601058206205,0.999999,1530.0,1530.0,7.767734384911953e-05,1.499999,-19695333.0,0.0,0.0,14.0
0x9b2d0e689f948617ab46e673390cebca8c5f4fa5,0.1887293849295753,0.4556219,1,14.4,2,1770582485,0.6461071783160149,0.6471183006607976,0.6461071783160149,0.6461071783160149,0.9151634772543301,2.9547309803921564,0.6461071783160149,2.946333333333333,0.0,,0.6461071783160149,2.985333333333333,0.6461071783160149,3.027333333333333,2.946333333333333,,1,0.9973649602145014,-0.9825295911665982,0.6461071783160149,0.09304203362767696,16.795769,780973.0,780973.0,0.03965984993026785,43.319709774509796,-18910806.0,,0.25925925925925924,27.0
0x07d84a4f0e8d1fcb1edb5d7f66e35665a7067a55,0.18872766733612104,0.45561928,1,371.549998,6,1770594853,-4.489248146406528e-06,5.937392801156404e-06,-4.489248146406528e-06,-4.489248146406528e-06,0.0015688870367310777,0.4547510185637329,-4.489248146406528e-06,0.4520521552900857,0.0,-51.963099740013355,-0.03828800626248522,0.46055227811964,-0.07657152327682402,0.9426595613458166,0.9146595591632872,,1,0.9973649602145014,-0.9831483527399236,-4.489248146406528e-06,0.13868608765553767,174.999999,4482.0,4482.0,0.00022746480728143167,173.60969508333335,-19699665.0,,0.09090909090909091,11.0
0x827df3770a42707f1d127bd5e1b4b87f346fdf4e,0.18787828887468686,0.4543201,1,10978.0,6,1770643249,0.0010111223447823263,0.0020222446895649354,0.0010111223447823263,0.0010111223447823263,0.0045889087177735976,-0.06379699248246073,0.0010111223447823263,-0.07179699466499016,0.0,,0.0,-0.05690370611882435,0.0,-0.045630326278244725,-0.07179699466499019,,1,0.9973649602145014,-0.9855695675768135,0.0010111223447823263,0.28505151245797355,99.999999,510217.0,510217.0,0.02583044623672,1014.4338709047618,-19242326.0,,0.6666666666666666,6.0
0xd6b2f3bf9f8e7c1357f8ec511cbc32124a26229c,0.18785428808654234,0.45428333,1,5.938223,4,1770592189,0.0005808644265410546,0.0011055158682681302,0.0005808644265410546,0.0005808644265410546,0.025680910366489625,1.1195554556678453,0.0005808644265410546,1.1168516297369364,0.0,0.7533004284092442,0.039689269516166525,1.1283729596471133,0.078797674605792,2.282571580136746,2.229571542694196,,1,0.9973649602145014,-0.9830150748589939,0.0005808644265410546,0.12500000000003125,0.999999,3474.0,3474.0,0.00017633190354248966,0.999999,-19698009.0,,0.0,8.0
0x8c74273dc1830679afae090d1a53abc308851b55,0.1831268713176575,0.44696787,1,109710.981156,43,1770601997,3.4946124300067528e-09,1.8559900099897926e-09,3.4946124300067528e-09,3.4946124300067528e-09,1.620890545074304e-05,0.19784585132669977,3.4946124300067528e-09,0.19514702667063832,0.0,2636.6480889942864,0.033316942085874754,0.2011470278405705,0.06663388417174951,0.38735228840330876,0.3593522817207788,,1,0.9973649602145014,-0.9835057615917862,3.4946124300067528e-09,0.10900434606179664,21939.999916,2251035.0,2251035.0,0.11420028246754614,16221.525368615383,-17460256.0,,0.9,10.0
0x359a168be98faa1068328412ec026e9e951601f0,0.1809846737806731,0.44360468,1,292.98422,5,1770604065,9.342249204089588e-07,9.73150958759332e-07,9.342249204089588e-07,9.342249204089588e-07,0.0003136837068207512,0.03431290328168064,9.342249204089588e-07,0.03161405268626648,0.0,11.870679999999998,0.013008968044011152,0.035614092275393666,0.026017936088022303,0.08932448962618911,0.06132448294365921,,1,0.9973649602145014,-0.9836092220489043,9.342249204089588e-07,0.5317832765923743,102.999998,23172.0,23172.0,0.001175446558853821,91.81558566666666,-19690187.0,,0.5,2.0
0x6db6ac7fdd8c7e887fdb81ceee15aafea3543297,0.17911925554077837,0.44065067,1,12.738318000000001,4,1770588853,0.0003338070437429899,0.0003350714641043574,0.0003338070437429899,0.0003338070437429899,0.013400115901931523,0.8140864901573541,0.0003338070437429899,0.8113859780807432,0.0,2.2440004594251244,0.06702616958171424,0.8213922425481456,0.1337185321196855,1.6777579662918511,1.6217579424893158,,1,0.9973649602145014,-0.9828481773324242,0.0003338070437429899,0.07151728393313689,2.999999,2504.0,2504.0,0.00012711855587228585,4.178570857142858,-19695643.0,,0.0,24.0
0xa11428efff87f09770e4f7540b1772fdc96f9478,0.17807904350397127,0.43899298,1,106.46999999999998,17,1768043608,0.6157735079725402,0.6167846303173228,0.6157735079725402,0.6157735079725402,2.5234883992370705,1.1356380273185742,0.6157735079725402,0.14537590776414552,0.0,,0.6157735079725402,0.13217590216414515,0.6157735079725402,2.493860356476722,2.522662709417898,,1,0.9973649602145014,-0.8555115181556342,0.6157735079725402,0.3143919736438186,2.52,6391351.0,6391351.0,0.3726104772242038,12.036962291666669,-10761551.0,0.0,0.2,10.0
0xd165e81bec5e8551ea69ccbbf3cef6451bf5b34c,0.17775389068553685,0.43847325,1,6183.2896,11,1770598619,-0.000627924897086382,-0.0016326047324248833,-0.000627924897086382,-0.000627924897086382,-0.0031265873321833556,0.020616273016926017,-0.000627924897086382,0.020564685185256334,0.9833626757467728,41.0948,1.7186304433326294e-05,0.020679374759355634,0.0006622975059530765,6.5190132553606235,6.438013248813034,0.16655000000000086,1,0.9973649602145014,-0.983336762837364,-0.000627924897086382,0.35281065386037797,19.999999,6900.0,6900.0,0.00035011317535245867,25.999999250000002,-19701013.0,,0.0,4.0
0x3d4c74f16ec58b355f23b9598b2ea373fbb4a8b7,0.1772848923729033,0.4377223,1,168.078439,10,1770569961,-1.3831386461713136e-06,1.970965787678381e-05,-1.3831386461713136e-06,-1.3831386461713136e-06,0.003370379696208414,1.003706283972901,-1.3831386461713136e-06,0.9999775057720821,0.0,-6.360766410033459,-0.022176216840177856,1.0058133909792306,-0.04435105054170954,2.0599462941560907,2.000446291300441,,2,0.9973649602145014,-0.9819030250326779,-1.3831386461713136e-06,0.5093633266844431,32.109999,286254.0,286254.0,0.014545977477297795,24.800499333333335,-19393001.0,,0.0,2.0
0xffda6d6fbdbfd5fe0543dc5399d5056a433c207f,0.17690793175257183,0.43711758,1,7.35294,2,1768847926,0.32254805548814836,0.323559177832931,0.32254805548814836,0.32254805548814836,0.4575817775216191,-0.3461694982584558,0.32254805548814836,-0.06083345168378116,0.0,,0.32254805548814836,-0.04283345168378116,0.32254805548814836,0.5498887940853937,0.5258887940853937,,1,0.9973649602145014,-0.8957509320571476,0.32254805548814836,0.33630308148778276,9.999999,1145849.0,1145849.0,0.06380993271787058,11.514065666666667,-16811371.0,,0.25,4.0
0x103ec58667548645ecc9edb123abc9ff66c96ac6,0.17635075348135956,0.4362219,1,1.999998,2,1770560143,0.5551063720379777,0.5561174943827604,0.5551063720379777,0.5551063720379777,0.7864689028290431,1.806068187432563,0.5551063720379777,1.7976705403737396,0.0,,0.5551063720379777,1.8216705808737617,0.5551063720379777,1.872670580873762,1.7976705403737396,,1,0.9973649602145014,-0.9814118380075397,0.5551063720379777,0.10952307709057386,4.4999975,881289.0,881289.0,0.04480499365589366,16.978293705882354,-18788148.0,,0.2,30.0
0xebd5202c97a454c46b8d55726d4429b853edfab5,0.17616661069212902,0.4359254,1,26.356797999999998,4,1770598827,0.00011645626358511453,0.00012616095138691732,0.00011645626358511453,0.00011645626358511453,0.009974971193306308,3.1320976739903568,0.00011645626358511453,3.1239999049709954,0.0,8.179200699776086,0.09110291804670463,3.140502547677781,0.18208937982982415,6.32800051128006,6.247000504732472,,1,0.9973649602145014,-0.9833471689181573,0.00011645626358511453,0.07360052234599007,1.2738,16256.0,16256.0,0.0008248376392655596,1.7252953448275865,-19691865.0,,0.2777777777777778,18.0
0x8158ff6200ebe2506c880e40f4737bd985df0fe3,0.17419347640332658,0.43273288,1,34.482757,2,1770594421,0.42366026422321873,0.42467138656800135,0.42366026422321873,0.42366026422321873,0.600576034436255,0.922973437651362,0.42366026422321873,0.917575788410009,0.0,,0.42366026422321873,0.9345757905925385,0.42366026422321873,0.9455757905925385,0.917575788410009,,1,0.9973649602145014,-0.9831267401105837,0.42366026422321873,0.1876598968053066,19.999999,11473714.0,11473714.0,0.5823122187871678,52.20384262068964,-8230001.0,,0.21739130434782608,23.0
0x68dd3e808f70e448d9ad4c1c4b7087c3386dd53e,0.17064475379424002,0.42691848,1,8.58,3,1768043264,0.61577350797254,0.6167846303173227,0.61577350797254,0.61577350797254,1.0677620329583943,1.1356380273185744,0.61577350797254,0.14537590776414555,0.0,,0.61577350797254,0.13217590216414515,0.61577350797254,2.493860356476722,2.522662709417898,,1,0.9973649602145014,-0.8554943080989376,0.61577350797254,0.24351265541085548,4.735,7357688.0,7357688.0,0.42895572776958396,17.138956558139533,-9794870.0,0.0,0.16666666666666666,12.0
0xf3efbf17e94138658d7f8b4ef2a1673a3db40042,0.17020580747659972,0.42619264,1,19.200000000000003,4,1768046638,0.605662284524715,0.6066734068694977,0.605662284524715,0.605662284524715,1.199774471540767,1.052268710306828,0.605662284524715,0.09825733125525435,0.0,,0.605662284524715,0.08505732565525399,0.605662284524715,2.3601530451098967,2.3869553980510734,,1,0.9973649602145014,-0.8556631067364214,0.605662284524715,0.3367664237370679,3.38,6422031.0,6422031.0,0.3743329712428331,13.00652264102564,-10733901.0,0.0,0.0,9.0
0x8bc82fb9c60031e3afced8210a5fe77f55af4642,0.1698826565648342,0.42565733,1,17.293979,5,1770585313,8.57602845098258e-05,0.00010813253128605957,8.57602845098258e-05,8.57602845098258e-05,0.007963317765052588,1.0589851546470705,8.57602845098258e-05,1.056285832404694,0.0,2.967000179933634,0.05821457859981012,1.0667877723246502,0.11634339691511042,2.178182216310542,2.1121822085899358,,1,0.9973649602145014,-0.9826710738419996,8.57602845098258e-05,0.106386552176275,4.999999,1296.0,1296.0,6.58048165165215e-05,5.323845384615385,-19693311.0,,0.0,13.0
0x5a31b2cc002384c77743746305322d8cd1e3dfb4,0.16851305586257811,0.4233795,1,6.2101120000000005,4,1770592443,0.00042797619614981774,0.0004917172993064305,0.00042797619614981774,0.00042797619614981774,0.01638538211929286,0.8577892449116153,0.00042797619614981774,0.8550879898084807,0.0,1.0199005190642492,0.05977794716017537,0.8635956457519314,0.11912791812420093,1.751637280961494,1.7086372309389417,,1,0.9973649602145014,-0.983027782284578,0.00042797619614981774,0.12500000000001368,0.999999,806.0,806.0,4.091009843446799e-05,0.999998875,-19700931.0,,0.0,8.0
0x9848520606536331184f996973063b92668f7cc4,0.1684887831979691,0.423339,1,1110.45,9,1770588073,0.0,0.0,0.0,0.0,0.0,0.7729748999380388,0.0,0.7702760753173623,0.0,194.625,0.06559656211776443,0.7808560764086269,0.13119312423552887,1.6371739107293297,1.5823167656896577,,1,0.9973649602145014,-0.9828091545294493,0.0,0.3293132228847854,35.36,1286883.0,1286883.0,0.06533274218833411,59.071250000000006,-18410484.0,,0.2,5.0
0x4f9e486baf1e2d27652039b44b9419c879de54f8,0.16841151860293635,0.42321005,1,13.0,4,1770591171,0.0,0.0,0.0,0.0,0.0,0.7725237967310153,0.0,0.7698249721103387,0.0,0.5000000000000004,0.01011122344782497,0.7783249732016034,0.02022244689564994,1.590649946403207,1.5396499442206775,,1,0.9973649602145014,-0.9829641450981881,0.0,0.641203777488438,2.0,415965.0,415965.0,0.021114476231906203,4.7999995,-19284500.0,,0.0,5.0
0x0db6bb077734e9ed330588733709ab9e2736e1ba,0.16623529109349153,0.41955838,1,244.5,5,1770412819,0.22885069070243827,0.2291877314840325,0.22885069070243827,0.22885069070243827,0.39696479540179747,1.2473268344418382,0.22885069070243827,1.2476601708151773,0.0,61.5,0.26339737081584025,1.2763268344418381,0.2979440509292422,3.8469805033255144,3.7429805124455315,-1.6859417753914845,1,0.9973649602145014,-0.9740574404653359,0.22885069070243827,0.0936891228460878,17.0,194539.0,194539.0,0.009965058597908945,36.91170963291139,-19327574.0,,0.76,25.0
0x3138d116de60747f3ec7813bccf04c33b6cbbad5,0.16608006035194067,0.41929644,1,39.095398,6,1770589987,-2.8093807708828983e-05,7.084525422226439e-05,-2.8093807708828983e-05,-2.8093807708828983e-05,0.006445716977050592,1.0312917807892938,-2.8093807708828983e-05,1.0285926301414994,0.0,-7.009271639999999,-0.02972292708972804,1.047597656304624,-0.05941776037174725,2.1329560997262376,2.0707047313219964,,1,0.9973649602145014,-0.9829049104844416,-2.8093807708828983e-05,0.33770044509472114,9.999999,50196.0,50196.0,0.00254811330423684,9.0360996,-19649085.0,,0.0,3.0
0x4ce6a4880c84c569b8d2be55a6c5dbd4627926d5,0.16445348899953208,0.41653994,1,29.560798,4,1770587829,9.86658118137644e-05,9.907017987806444e-05,9.86658118137644e-05,9.86658118137644e-05,0.00700602009745286,0.6621420144527516,9.86658118137644e-05,0.6594426501750823,0.0,4.782400199920032,0.061764798195431694,0.6679443509266332,0.12343093057904962,1.3666216350212614,1.3186216287587313,,1,0.9973649602145014,-0.9827969473962109,9.86658118137644e-05,0.33772918299555943,6.9999994999999995,1035024.0,1035024.0,0.05254696333063463,10.888060125,-18662099.0,,0.2857142857142857,7.0
0xc81fc62afaa1913196ec9f7731ebdc80cf9716f1,0.16428105903084625,0.41624644,1,159.254287,12,1770600825,6.79682443076018e-07,1.495299271331236e-05,6.79682443076018e-07,6.79682443076018e-07,0.002579243041920203,3.659133361040244,6.79682443076018e-07,3.651337112745979,0.0,18.749077979927556,0.06480573813604834,3.6528612576891533,0.12961147627209668,5.473431691549538,5.403431674843214,,1,0.9973649602145014,-0.9834471273288546,6.79682443076018e-07,0.25746637679111806,1.04,1040334.0,1040334.0,0.052781720901837276,3.308253462184874,-18669785.0,,0.6052631578947368,29.0
0xcd13eedd55629bdd9fdc8fc2c2c002f3df846abb,0.16315245500494918,0.4143193,1,1.999998,2,1770601485,0.6359960932909262,0.6370072156357088,0.6359960932909262,0.6359960932909262,0.9008642436815419,2.790182604323019,0.6359960932909262,2.784784955081666,0.0,,0.0,2.8037849846442127,0.0,2.8487849981442137,2.784784955081666,,1,0.9973649602145014,-0.9834801466236796,0.6359960932909262,0.10065720199705733,0.999999,554995.0,554995.0,0.02815692875456622,1.0839915,-19155784.0,,0.09090909090909091,11.0
0x5d26824ebca2a2fe429e0853e1fe19fef162e786,0.16244445928330006,0.4131049,1,52.263406,4,1766597109,1.9773055229018484e-05,9.622885765675393e-05,1.9773055229018484e-05,1.9773055229018484e-05,0.008427833666015148,0.7443753093941017,1.9773055229018484e-05,-0.02328077332320602,0.0,4.2600006198383635,0.01897584814650256,-0.07128703109882069,0.0379319232377761,0.49194489532378805,0.5949448996888469,,1,0.9973649602145014,-0.7831442803602285,1.9773055229018484e-05,1.0,7.669999,28.0,28.0,1.782712438997013e-06,7.669999,-15706375.0,,0.0,1.0
0xedb688316258d23aeb9c2d639b4cc88fab34e62f,0.16233119928072381,0.41291022,1,39.900335999999996,6,1770502053,-0.00329714414604697,-0.0036394217970130436,-0.00329714414604697,-0.00329714414604697,-0.037838411434304935,0.2605913563927265,-0.00329714414604697,0.257483143819793,0.7039463106145882,-0.19672095682609872,-0.004969253133641415,0.2680669422654355,-0.006641362121235859,0.8124974973352483,0.7784974973352484,-1.1102230246251566e-17,1,0.9973649602145014,-0.9785056397705999,-0.00329714414604697,1.0,5.999999,206.0,206.0,1.0504122944742143e-05,5.999999,-19611141.0,,0.0,1.0
0x3f009247161e063981536d6f728ea48a51f54137,0.16147547530864104,0.41143587,1,11.876000000000001,4,1770601497,1.4998163531677484e-05,0.00020433594034000835,1.4998163531677484e-05,1.4998163531677484e-05,0.011133965199871754,1.1804739885443574,1.4998163531677484e-05,1.1777742549224612,0.0,0.0,0.0,1.1842764453034165,0.0,2.4127554115510748,2.3547553958685437,,1,0.9973649602145014,-0.9834807469744945,1.4998163531677484e-05,0.25116069146830194,2.959999,204972.0,204972.0,0.010398973841283183,4.539481035714285,-19505819.0,,0.18181818181818182,11.0
0xdbdac9cff7dc46a479351c53554ab55782d11971,0.16070584315650166,0.41010445,1,22.2504,7,1770504213,0.05315676927518747,0.053251861885697645,0.05315676927518747,0.05315676927518747,0.17364539318445546,0.22908933955296212,0.05315676927518747,0.22807857875511406,0.0,0.4672499999999997,0.06334760006896704,0.2315682250018785,0.07353843086274661,1.9224754340922259,1.846475456412243,-1.6709417753914846,1,0.9973649602145014,-0.981228630950496,0.05315676927518747,0.16264291922360935,4.866125,191762.0,191762.0,0.009777037834182331,10.210979964285713,-19421745.0,0.0,0.09090909090909091,11.0
0xf5cfe6f998d597085e366f915b140e82e0869fc6,0.1585422280169698,0.40633368,1,90.41,13,1770595435,0.5530333664787862,0.5540444888235687,0.5530333664787862,0.5530333664787862,1.8501037324058114,1.8904301771923364,0.5530333664787862,1.8850325279509834,0.0,,0.5530333664787862,1.9035525301335126,0.5530333664787862,1.7733578179293206,1.7298193542083298,,1,0.9973649602145014,-0.983177469754451,0.5530333664787862,0.48015553545157874,14.976,41503778.0,41503778.0,2.106285146068236,189.56256385709023,21799049.0,0.0,0.034482758620689655,29.0
0xa70d3b6bd7036a7169e30a2c13062c70febf6c5e,0.1571611558442631,0.40390486,1,42.954544,3,1770601629,0.5652173992075837,0.5662285215523664,0.5652173992075837,0.5652173992075837,0.9464634000328472,1.9036800224593011,0.5652173992075837,1.8982823732179481,0.0,,0.0,1.9112823754004775,0.0,1.9482824502092804,1.8982824316876357,,1,0.9973649602145014,-0.9834873508334595,0.5652173992075837,0.03416251527748907,9.999999,484423.0,484423.0,0.024576373211949536,9.917697042553192,-19226500.0,,0.40540540540540543,37.0
0x7248a1c4eeccf34d91e7f93a08dd7632e05a430a,0.15695628687203197,0.40354308,1,24.195151999999997,10,1770302713,0.059147479797638645,0.05927921136557062,-0.028680591173956112,0.059147479797638645,0.1642325895614561,0.6221399585144711,0.059147479797638645,0.6184762840514985,0.0,-0.6077146828547816,0.04136513661687738,0.6389188114149942,0.02358279343611612,1.146744209640156,1.1012442023601547,,2,0.9973649602145014,-0.9685328121487792,0.059147479797638645,0.0,0.0,22.0,22.0,1.1333191874492936e-06,0.0,-19411985.0,0.0,,0.0
0x7b27f9e049f42e2372d56ffaf9a9b7fa0029e9fa,0.15636359931160734,0.4024943,1,60.84137,4,1770600479,0.00015774035748304825,0.00017391885491208235,0.00015774035748304825,0.00015774035748304825,0.012297714962239803,3.4642893679650424,0.00015774035748304825,3.456191274754199,0.0,16.70760079968005,0.09872245614766227,3.4561912780286477,0.1972871719378415,6.995000309866687,6.911000303319098,,1,0.9973649602145014,-0.9834298172136888,0.00015774035748304825,0.1486414363235688,3.999999,33652.0,33652.0,0.0017073763355874266,4.201282583333334,-19676121.0,,0.1,10.0
0x5f351c5ce0c82d05d6e581e76b6f8d1773705016,0.15570619370295183,0.40132722,1,199.999996,2,1770611151,0.002022247683589074,0.003033370028371683,0.002022247683589074,0.002022247683589074,0.004289833033819294,-0.06529331579312736,0.002022247683589074,-0.07069096503448033,0.0,,0.0,-0.06969096285195088,0.0,-0.0416909628519509,-0.07069096503448033,,1,0.9973649602145014,-0.9839637292051611,0.002022247683589074,0.4957328079113638,1116.999882,759465.0,759465.0,0.03851155488631215,2364.2507979523807,-18960980.0,,0.36363636363636365,11.0
0x640a64e22c8541007dac4fab9ca323cacf561ec3,0.15538219332556416,0.40075055,1,27.5405,1,1770604487,0.352881698329091,0.3538928206738736,0.352881698329091,0.352881698329091,0.3538928206738736,0.6333687604685732,0.352881698329091,0.6279711112272203,0.0,,0.0,0.6359711166597508,0.0,0.6559711179097502,0.6279711112272203,,1,0.9973649602145014,-0.9836303343858984,0.352881698329091,0.513441610214981,5.5157834999999995,2538497.0,2538497.0,0.12876763721784268,19.98926726,-17175284.0,,0.3333333333333333,21.0
0x2d716f8a5b0afd9e1903b65dfde774a2fe4069d0,0.15522716955768356,0.40047428,1,66.773898,10,1770527405,-0.025898855565854258,-0.025988470987803203,-0.025898855565854268,-0.025898855565854258,-0.08729536915346246,0.3060798989343921,-0.025898855565854258,0.3049298368086219,0.0,-2.226359846945532,-0.03890477662579293,0.31383162056440816,-0.05191069768573161,2.3065694045028526,2.2265694085948535,-1.7545501315503773,2,0.9973649602145014,-0.979773980925754,-0.025898855565854258,1.0,2.1443,164.0,164.0,8.351709215484741e-06,2.1443,-19636535.0,,0.0,1.0
0x9a30ad13c1e9f392d3627777f2624c6aa1cb8363,0.1550232391516694,0.4001105,1,69.39999999999999,8,1770598179,-4.157671510705567e-18,3.7448975732685077e-05,-4.157671510705567e-18,-4.157671510705567e-18,0.00019459058598127342,0.9678433986928104,-4.157671510705567e-18,0.9654444434744311,0.0,-47.54,-0.06676216148744427,0.9707777777777775,-0.13352432297488853,6.579,6.49599999345241,-1.2023281067270157,2,0.9973649602145014,-0.9833147499741474,-4.157671510705567e-18,0.39895679260020755,5.175,19520.0,19520.0,0.0009904872126426357,4.8675,-19687953.0,,0.0,3.0
0xbaab7c3a1d294e4f2c275a328ab5396c4b3be9de,0.15462441614518666,0.39939797,1,4635.68916,5,1770653737,-3.741155033172008e-10,3.7411550331724226e-10,-3.741155033172008e-10,-3.741155033172008e-10,6.150419050224254e-07,-0.03245001200650762,-3.741155033172008e-10,-0.03645001457777368,0.0,-1.351349999999851,-0.0001263906204488635,-0.029450010896506923,-0.0002527808667822237,-0.042900000000000105,-0.07290000218252955,,1,0.9973649602145014,-0.9860942741891224,-3.741155033172008e-10,0.3029612812601443,1349.999649,2103667.0,2103667.0,0.1064445529635611,890.6141462222223,-17659364.0,,0.3333333333333333,6.0
0xa1ce72bca1070b74600c71161f5731028adc6641,0.15453637095088607,0.39924046,1,344.782278,6,1770570317,1.2884583354201427e-05,1.4976069993781359e-05,1.2884583354201427e-05,1.2884583354201427e-05,0.0029452160690639742,1.019174473015861,1.2884583354201427e-05,1.014975540921653,0.0,59.830682715304064,0.06230136894148496,1.021975721913678,0.12458985329961572,2.132857608307626,2.0617156464174395,,1,0.9973649602145014,-0.9819208354401895,1.2884583354201427e-05,0.5569862736201157,51.859999,2126821.0,2126821.0,0.10807230894960271,52.19389933333334,-17552790.0,0.0,0.0,2.0
0x3464d4417f7f1cd0de737cac4cd8fa45ba84470b,0.15372177564723655,0.39777973,1,5.150518,4,1768981580,0.0008552703797893266,0.000862261690795779,0.0008552703797893266,0.0008552703797893266,0.017960658762055826,-0.2821243089426594,0.0008552703797893266,-0.04911010920660715,0.0,0.57986,0.04713359914921266,-0.021045584094911706,0.093411927918636,0.7179306377799195,0.6999306377799195,,1,0.9973649602145014,-0.9024375393761345,0.0008552703797893266,0.2500000000299226,0.999992,3104.0,3104.0,0.00017157822225725522,0.99998875,-18087770.0,,0.0,4.0
0x674bd60fd7b781fdfd707bb3d559402f5ec2762c,0.15300523657580684,0.3964896,1,13981.949952,24,1770601627,1.2998958564367883e-07,1.8054109117019024e-07,1.2998958564367883e-07,1.2998958564367883e-07,0.00021362884369484917,0.20186075492511946,1.2998958564367883e-07,0.19922150359014051,0.0,255.14490349999997,0.02491492620774752,0.20317384438321864,0.04982985241549504,0.4364163011033417,0.4084162944208118,-1.2888427913212457,1,0.9973649602145014,-0.9834997580836362,1.2998958564367883e-07,0.1262507674689433,710.0835,8115206.0,8115206.0,0.4117111524113967,3509.61158092,-11595715.0,,0.41379310344827586,29.0
0x1cc3d632e2534648b6b26677b232ce6dac9e75f6,0.15298908030823644,0.39646044,1,32.153338,4,1770386709,2.76279269841827e-05,2.777945125133801e-05,2.76279269841827e-05,2.76279269841827e-05,0.003930475085952379,0.9038796728298824,2.76279269841827e-05,0.9003794979961318,0.0,6.07717049995005,0.0691596704481781,0.9228806374681632,0.138291712969372,1.87566905707142,1.8006690480714191,,1,0.9973649602145014,-0.972735067736832,2.76279269841827e-05,0.09823450013966407,4.999999,46514.0,46514.0,0.0023858223657433784,4.272726181818182,-19449489.0,,0.0,11.0
0x47dea8cc7920d6b7a8011fdbe6b7d2cbacb761f9,0.1523433661778503,0.39529347,1,2652.5996739999987,184,1770454845,-0.03757668666376975,-0.03765947973535097,-0.03757668666376975,-0.03757668666376975,-0.5291312113549511,0.8366848502662498,-0.03757668666376975,0.8341087105694036,0.0,-1.33037265,-0.042696552378560834,0.8496494468643688,-0.047816418093351916,3.8184066981162434,3.711814498787618,-1.4712143016325603,1,0.9973649602145014,-0.9761438596643949,-0.03757668666376975,0.5778995823764529,2.069895,20006.0,20006.0,0.0010225852515155407,3.7595300000000003,-19544133.0,,0.0,9.0
0x01e847faf0ac7a49fc05a70c8a09636070a2bbf5,0.1520762845806058,0.3948096,1,111.128941,7,1770585395,-1.387395775127182e-06,9.0908749657012e-06,-1.387395775127182e-06,-1.387395775127182e-06,0.002311533181875788,1.0662586932243685,-1.387395775127182e-06,1.063559826860489,0.0,-3.609401268107714,-0.013184055454167556,1.0741887273053794,-0.026366723512559986,2.2229628524104204,2.156210360013295,,1,0.9973649602145014,-0.9826751762392354,-1.387395775127182e-06,0.4064816073196383,1.999999,146868.0,146868.0,0.007457238852565786,7.027169428571428,-19547821.0,,0.2,5.0
0x2e2d5fbd6a786017acab20ca89ee81a27fc7dd6e,0.151965787601308,0.3946092,1,29.460200000000004,6,1770113732,0.05535464805755901,0.055500702537921984,0.05535464805755901,0.05535464805755901,0.1460302714684302,0.0,0.05535464805755901,0.0,0.0,-0.8297999999999998,0.04562263458283915,0.0,0.03589062110811929,,,-1.4615464045215432,1,0.9973649602145014,-0.9606312448679386,0.05535464805755901,0.2679763435876014,1.6,47502.0,47502.0,0.0024710989830633327,3.992405346153846,-19175524.0,0.0,0.0,7.0
0x98a02670badc583166514e71df2f39251709b4c2,0.15001574151609687,0.39105287,1,9.25,3,1768056248,0.6359959548681899,0.6370070772129726,0.6359959548681899,0.6359959548681899,1.100296731035569,1.1432361270106188,0.6359959548681899,0.25036079881001877,0.0,,0.6359959548681899,0.23716079881001872,0.6359959548681899,2.790180431249896,2.822982784191073,,1,0.9973649602145014,-0.8561438876807662,0.6359959548681899,0.1900233726294953,2.59,9073353.0,9073353.0,0.5285794646041471,13.380600571428571,-8092189.0,0.0,0.38461538461538464,13.0
0xf63e5099ff8f1ac8aaa5caa0621c5de242c1d3af,0.1498296703875062,0.39071155,1,32.4,4,1770600551,0.0,2.4846244947976473e-17,0.0,0.0,4.566371925741017e-09,3.339096470588235,0.0,3.330999996726206,0.0,-2.7999999999999994,-0.008847320516846838,3.331,-0.017694641033693677,6.7459999999999996,6.661999993452412,,1,0.9973649602145014,-0.9834334193185789,0.0,0.2800909027545004,15.51,252270.0,252270.0,0.01279918741116432,18.132472625,-19457575.0,,0.25,4.0
0x1e7ff0dd354df40c61010065e8bebcc3ba6790c1,0.14901202227377658,0.3892075,1,949.0,7,1770601159,0.0,0.0,0.0,0.0,0.0,3.131596470588235,0.0,3.1234999967262054,0.0,170.5,0.07836198172064344,3.1459999999999995,0.1567239634412869,6.3310000135,6.24699999345241,,1,0.9973649602145014,-0.9834638370932054,0.0,0.5040847059006268,110.969999,10447857.0,10447857.0,0.5300668127718831,110.969999,-9262596.0,,0.5,2.0
0xef6cd9a59406e81bc2bd5893e02edf7e58cc7de7,0.1486347837072015,0.3885113,1,73.013737,3,1770603097,0.12437561938430138,0.1247157223111501,0.12437561938430138,0.12437561938430138,0.21772492663438583,0.47156225934833396,0.12437561938430138,0.4679637498336435,0.0,8.332800309980183,0.01769388750187066,0.47529724090456865,0.03538777500374132,0.729930672409164,0.7019306657266341,,1,0.9973649602145014,-0.9835607937498277,0.12437561938430138,0.26530612478134125,49.999999,5108513.0,5108513.0,0.25915237781149936,43.749999,-14603878.0,,0.0,4.0
0x5a38bad15be54ad15767e75b50209e3e09a33d33,0.14678912392821317,0.38508385,1,75.709998,4,1770510905,-2.789748837622213e-05,2.668455423189049e-05,-2.789748837622213e-05,-2.789748837622213e-05,0.0034455469246211148,0.5120138439634321,-2.789748837622213e-05,0.5073147386004636,0.0,-16.069499960004798,-0.05690011786317998,0.5213155783148666,-0.11377233823798374,1.0565686240044816,1.0145686237804816,,1,0.9973649602145014,-0.9789484985551307,-2.789748837622213e-05,0.16478328122611285,9.999999,5176.0,5176.0,0.00026380976054320344,8.555554555555556,-19615023.0,,0.0,9.0
0x0bd467429a836dcbe21317f1ad35b1fefa848270,0.14598970134211167,0.38358822,1,11.4708,6,1770050636,0.3390936663547843,0.3396693771635361,0.3390936663547843,0.3390936663547843,0.636606480146344,1.4922807053884197,0.3390936663547843,1.4850476826660146,0.0,-0.0540000000000002,0.3380051375147074,1.504042897977019,0.3369166086746306,1.6860690132240075,1.6190690132240078,,2,0.9973649602145014,-0.9559215927827426,0.3390936663547843,0.12262982270958195,8.181,965510.0,965510.0,0.05039214652663136,7.467133636363636,-18194420.0,,0.0,10.0
0xb665b3b012728be525345a3d0560a84a199a986a,0.14598221566734104,0.3835742,1,7.500000000000001,3,1770168780,0.1513313109357802,0.1516683517173744,0.1513313109357802,0.1513313109357802,0.26269729107471884,0.35692816757090373,0.1513313109357802,0.35559483423757043,0.0,0.5999999999999992,0.1597573304756343,0.3669281720709043,0.16818335001548845,1.1127845027127112,1.0667845027127112,-1.6794790565728697,1,0.9973649602145014,-0.9635601563773791,0.1513313109357802,0.039227210385026065,1.35,31908.0,31908.0,0.0016551445958761233,1.4542872197802197,-19246166.0,,0.15,40.0
0x9e6f2fd5cfedf2e3123e8e11ee97e31389755e4f,0.145898210403499,0.38341662,1,61.53846,3,1768795610,0.352881698329091,0.3538928206738736,0.352881698329091,0.352881698329091,0.5847908758464276,-0.24990493545866044,0.352881698329091,-0.057082266859878245,0.0,,0.352881698329091,-0.03608226685987824,0.352881698329091,0.6439711134097497,0.6279711134097496,,1,0.9973649602145014,-0.8931336026206914,0.352881698329091,0.12559567318197923,34.999999,21628.0,21628.0,0.0012079372221152373,38.67503046153846,-17883276.0,,0.4,10.0
0x4482ac40a6d4d7cbf37f247db0674dcad42d5d4b,0.14582734477604864,0.38328364,1,126.43670000000002,19,1770600133,0.17122536936416563,0.20160373576581977,0.17122536936416563,0.17122536936416563,1.0525464138012535,4.2970196844678386,0.17122536936416563,4.287450827041911,0.0,5.5337,0.1862975556619403,4.287450830911061,0.20136974195971502,7.219873155992081,7.135873135944494,-1.6642593008475297,1,0.9973649602145014,-0.9834193110744264,0.17122536936416563,0.04873659219761977,0.042,763041.0,763041.0,0.03871451970673729,0.39640937931034476,-18946386.0,,0.19607843137254902,102.0
0xa66d0269e85bf585c9c4aa68b90ecb1bca150859,0.144780472726624,0.38131294,1,162.39945600000001,30,1769727646,0.17086239078361187,0.17122798677564063,0.17086239078361187,0.17086239078361187,0.8849920230370384,0.7027267016801296,0.17086239078361187,0.6423286708739294,0.0,-0.47009977599999997,0.14058000722717431,0.6642066390209826,0.1367305324728654,1.7466064917670319,1.6946007218058143,-1.4095344368044251,4,0.9973649602145014,-0.9397626503047055,0.17086239078361187,0.0,0.0,228045.0,228045.0,0.012106265667353615,0.0,-18608895.0,,,0.0
0x655672ec39f5bdf554e9490c9c3931519fb326d6,0.14432915775143845,0.3804597,1,2273.473297,7,1770576471,2.6405947654035165e-06,2.659244101584214e-06,2.6405947654035165e-06,2.6405947654035165e-06,0.001072479493778219,0.43383795534099623,2.6405947654035165e-06,0.4296391059969465,0.0,307.06732585855656,0.05111293467596275,0.43611001726719195,0.1022232287571601,0.9223455236264391,0.878034501550076,,1,0.9973649602145014,-0.9822287153498147,2.6405947654035165e-06,0.10958829996322236,249.999999,2618107.0,2618107.0,0.13299493314077457,264.635816137931,-17067658.0,,0.42857142857142855,14.0
0x8d58f8122e47a3051fffded15c782730fda469cc,0.14398365409970718,0.379805,1,4.5600000000000005,2,1768056734,0.6258847314203649,0.6268958537651476,0.6258847314203649,0.6258847314203649,0.8834591506952755,1.0542461916497536,0.6258847314203649,0.195959395615983,0.0,,0.6258847314203649,0.18275939561598298,0.6258847314203649,2.636899217583613,2.6677015705247893,,1,0.9973649602145014,-0.8561682018887737,0.6258847314203649,0.16424681133237867,20.47067,9080623.0,9080623.0,0.5289880105054006,24.462411764705877,-8085405.0,0.0,0.3076923076923077,13.0
0x99acfc821431552aebd208234b50ebeea1ef1397,0.1438670795213252,0.3795838,1,123.80499999999998,14,1770592327,-0.00032138363037096485,-0.004820754455564469,-0.00032138363037096485,-0.00032138363037096485,-0.027039894273270592,0.1898795966900395,-0.00032138363037096485,0.18908776550548895,0.0,0.90125,0.00859083165799309,0.1914349540897231,0.017503046946357147,1.323948270378279,1.2889482681957496,-1.302682518096699,2,0.9973649602145014,-0.9830220789518355,-0.00032138363037096485,0.21230043491839232,3.4924999999999997,10692.0,10692.0,0.0005426964613723916,4.936007099999999,-19690929.0,,0.2857142857142857,7.0
0xed4ea688c9cdad44019300cd6b75942b80f1ab6b,0.14373567790173195,0.3793343,1,2.7,4,1770596689,0.0,0.0,0.0,0.0,0.0,3.007096470588235,0.0,2.9989999967262055,0.0,-1.1500000000000001,-0.029069767412496766,3.0199999999999996,-0.05813953482499353,6.078999999999999,5.997999993452411,,1,0.9973649602145014,-0.9832402064146184,0.0,0.5103188147087497,22.322699999999998,663163.0,663163.0,0.03365287588038617,66.34945420833334,-19042820.0,,0.16666666666666666,6.0
0x3be5f6e1f9ce2ee57da33a8722f13a11c719cddd,0.14187729830451976,0.3757851,1,12.233471,4,1770581057,0.00010284863574897776,0.00010305069591861052,0.00010284863574897776,0.00010284863574897776,0.007289746505030166,0.7338281238192335,0.00010284863574897776,0.7296284612073911,0.0,2.0767201899240773,0.0644226576265372,0.7376300599074549,0.1287424666173254,1.51396537572175,1.458965366411746,,1,0.9973649602145014,-0.9824581494196134,0.00010284863574897776,0.14193350458525636,44.585,257542.0,257542.0,0.013079604319902677,85.86550682352942,-19432809.0,,0.08333333333333333,12.0
0x3ee00b5372f904be5296cda02f529eccbebb974a,0.13996049458002907,0.37208346,1,7.936505,2,1770602829,0.3731041643349604,0.37411528667974303,0.3731041643349604,0.3731041643349604,0.529078912313591,0.7073283577320992,0.3731041643349604,0.7019307084907462,0.0,,0.0,0.7139307084112754,0.0,0.7299307151732761,0.7019307084907462,,1,0.9973649602145014,-0.9835473859149594,0.3731041643349604,0.04535711605059647,2.629999,474383.0,474383.0,0.024065545857237195,3.0209269587628866,-19237740.0,,0.3191489361702128,47.0
0x7560142c3b0bfef88af9c048ea98e186d801893e,0.1395463034512113,0.37127802,1,722.851532,12,1770596417,-7.621144869627316e-08,1.544640659106569e-07,-7.621144869627316e-08,-7.621144869627316e-08,0.0003210609996674878,1.6446624156969558,-7.621144869627316e-08,1.6417922480355993,0.0,-159.8853900800004,-0.04226552554821115,1.6557449205536425,-0.0845309748849736,3.345179778993654,3.2772508809964265,,1,0.9973649602145014,-0.9832265984628118,-7.621144869627316e-08,0.4998405873553684,9.999999,174976.0,174976.0,0.008879456315988802,18.66666566666667,-19530735.0,,0.0,4.0
0xa1eb095b95632112b5482bb85b9cf9321773bf6b,0.13921231130112952,0.37062708,1,6.1499999999999995,3,1768082358,0.5955510610768902,0.5965621834216728,0.5955510610768902,0.5955510610768902,1.0297877771432153,1.0505525202148707,0.5955510610768902,0.15236464574498168,0.0,,0.5955510610768902,0.15536464574498166,0.5955510610768902,2.2349670556536765,2.243569408594853,,1,0.9973649602145014,-0.8574501509957344,0.5955510610768902,0.1928390342279867,3.37,9082535.0,9082535.0,0.5283107754856834,14.703954500000002,-8109117.0,0.0,0.4166666666666667,12.0
0x4438672e0e7230ca28583fd975abee4843ffbeb2,0.13910813160502672,0.37042376,1,65.5,5,1770594635,0.0,0.0,0.0,0.0,0.0,0.0,0.0,0.0,0.0,8.250000000000002,0.04170879672227797,0.0,0.08341759344455595,,,-1.4163686403220348,1,0.9973649602145014,-0.9833424661701065,0.0,1.0,12.0,184.0,184.0,9.338239089269963e-06,12.0,-19703745.0,,0.0,1.0
0x9ff7d7ca32fd546a9bf3335b42f9d4d899b8c712,0.13775475476165477,0.3677709,1,9.861243,4,1770586761,8.090400335021442e-05,0.0002781074144552767,8.090400335021442e-05,8.090400335021442e-05,0.012436251995578709,0.9034851033366964,8.090400335021442e-05,0.9007849290672246,0.0,0.7104003496501134,0.020293247851820167,0.9097894388266017,0.04050559170029012,1.8606693836003592,1.8006693656678245,,1,0.9973649602145014,-0.9827435161736761,8.090400335021442e-05,0.08413651716218376,1.9999985,1796.0,1796.0,9.118577298855025e-05,1.7534990000000001,-19694259.0,,0.06666666666666667,15.0
0x8e9f3342d587141ed5e8568e623bc9b9e1077eb2,0.13768125884325388,0.36762622,1,32.0,6,1768041764,0.605662284524715,0.6066734068694977,0.605662284524715,0.605662284524715,1.4854484206947045,1.0522687103068284,0.605662284524715,0.09825733125525452,0.0,,0.605662284524715,0.08505732565525416,0.605662284524715,2.360153045109897,2.386955398051074,,1,0.9973649602145014,-0.8554192642470627,0.605662284524715,0.2449635461000597,3.42,8465548.0,8465548.0,0.49358750929534495,11.146690000000001,-8685510.0,0.0,0.2,10.0
0xdb0c0d9b8998e37ea8cf06ced12c4d8ce7deb9d9,0.13760445262284132,0.36747494,1,27.999200000000002,8,1768391092,0.012936735149693955,0.012968365308984164,0.012936735149693955,0.012936735149693955,0.0733223541294098,0.18671634960465683,0.012936735149693955,0.21499199965621896,0.0,-0.08539999999999996,0.011081504652864607,0.21946088930902063,0.00922627415603526,1.816668621699829,1.814668621699829,-1.4592143016325603,2,0.9973649602145014,-0.8728958767055529,0.012936735149693955,0.3012986079814161,0.12,326166.0,326166.0,0.018637646049635706,0.6776196615044249,-17174220.0,,0.0,5.0
0xd81790fdfc8a79fad32d54baa6bcbda2dc268ed2,0.13729837294896838,0.3668714,1,54.998400000000004,4,1770599625,0.0,0.0,0.0,0.0,0.0,1.5658562844402888,0.0,1.5631574598196123,0.0,13.219200000000003,0.0819009099273822,1.564157460910877,0.1638018198547644,3.191314921821754,3.1263149196392246,,1,0.9973649602145014,-0.9833870922473548,0.0,0.4687326922581643,49.98,8840226.0,8840226.0,0.4485393643355072,89.78857114285714,-10868693.0,,0.0,5.0
0x3eca058b15a932c9ebae4b38f6a9b3d9587f6458,0.13641086666092453,0.3651149,1,31.794869999999996,2,1770548241,0.6157735175129693,0.6167846398577519,0.6157735175129693,0.6157735175129693,0.8722652027502377,2.4938604869035634,0.6157735175129693,2.4854628398447396,0.0,,0.6157735175129693,2.5334628417318363,0.6157735175129693,2.572462841731836,2.4854628398447396,,1,0.9973649602145014,-0.9808163900575301,0.6157735175129693,0.29700812322444403,10.099999,52608616.0,52608616.0,2.6762570179831804,178.20839057142857,32951081.0,0.0,0.2222222222222222,27.0
0xff36c717909a7bad60e74eed3418009ff481e757,0.13619252814997826,0.3646813,1,1361.5,7,1770583451,0.15274257062033364,0.15299337943908628,0.15274257062033364,0.15274257062033364,0.3071871823145209,1.5562311116859422,0.15274257062033364,1.5509907703075807,0.0,-21.690000000000005,0.1441890434524973,1.5697115191375342,0.13563551628466097,2.5604627094178984,2.4854627094178983,,1,0.9973649602145014,-0.9825779194072056,0.15274257062033364,0.02971517203237942,44.2588885,10800663.0,10800663.0,0.548458988322857,1271.2028872358915,-8892082.0,,0.6146788990825688,109.0
0xe8216cacd015f916d1c74e93f3162b41c7592550,0.1360236003618878,0.36434543,1,7.142856,2,1770599331,0.7269970621574773,0.7280081845022599,0.7269970621574773,0.7269970621574773,1.0295590480417103,4.865989946017725,0.7269970621574773,4.851796983618723,0.0,,0.7269970621574773,4.861797004841254,0.7269970621574773,4.930797004841255,4.851796983618723,,1,0.9973649602145014,-0.9833723836523873,0.7269970621574773,1.0,1.999999,,,,1.999999,,,0.0,1.0
0xfed71ffe9e9d96cf0fd344af74d5c0e9ac115b54,0.13585761782152977,0.36401507,1,20.63521,4,1770599365,0.0003396322060626757,0.0003410733609618331,0.0003396322060626757,0.0003396322060626757,0.015647859965587776,2.2761438759397525,0.0003396322060626757,2.2700445005686465,0.0,4.871230499525124,0.08965512456375647,2.2740464093168056,0.17897061692145028,4.614933042516418,4.537933025833885,,1,0.9973649602145014,-0.9833740846463631,0.0003396322060626757,0.08033244904519643,0.999999,161108.0,161108.0,0.008174478030189674,1.3571413571428572,-19547551.0,0.0,0.0,14.0
0xaecc26ac9875f84bfe6db3633ff5a3eabb2f1cb1,0.13526276101650989,0.3628283,1,297.45144,3,1770601325,-0.0003370407815940908,-0.000674081563188294,-0.0003370407815940908,-0.0003370407815940908,-0.0011675435158875756,0.8789664058612043,-0.0003370407815940908,0.87716718944742,0.5,77.36742000000001,0.051735759974704476,0.8848338568415965,0.10380856073100304,2.6935015840247907,2.63150156834226,0.19240000000000176,1,0.9973649602145014,-0.9834721419461462,-0.0003370407815940908,0.5645660652200598,74.256099,10447289.0,10447289.0,0.5300335316714305,74.256099,-9263330.0,,0.5,2.0
0x3153be4420ec3cc896af83078274fc330feb2a9a,0.13495756267853065,0.36221772,1,15.873013,2,1770259907,0.37310415732787766,0.3741152796726603,0.37310415732787766,0.37310415732787766,0.5290789024040796,0.7039306839457025,0.37310415732787766,0.6959306839457027,0.0,,0.37310415732787766,0.7269306839457026,0.37310415732787766,0.7339306839457025,0.6959306839457025,,1,0.9973649602145014,-0.9663912607332095,0.37310415732787766,0.2898739569012306,10.2,51997450.0,51997450.0,2.684542847172684,179.14751513513508,32628249.0,0.0,0.41935483870967744,31.0
0x7e9d0a5124317edb081ccf7d18d53d8be1e4bf8f,0.13495756267853065,0.36221772,1,15.873013,2,1770259931,0.37310415732787766,0.3741152796726603,0.37310415732787766,0.37310415732787766,0.5290789024040796,0.7039306839457025,0.37310415732787766,0.6959306839457027,0.0,,0.37310415732787766,0.7269306839457026,0.37310415732787766,0.7339306839457025,0.6959306839457025,,1,0.9973649602145014,-0.9663924614348395,0.37310415732787766,0.2999351307879405,10.9999985,52082840.0,52082840.0,2.6889480606477543,196.02389858823528,32713615.0,0.0,0.4482758620689655,29.0
0x9ae539bfdea1aa755c9c57783f1c632c58ac910a,0.13432919281185063,0.3609569,1,1020.0,3,1770601649,0.20188742817490501,0.2022244689564992,0.20188742817490501,0.20188742817490501,0.3502630547662918,0.7867176817032988,0.20188742817490501,0.7849184652895145,0.0,580.0,0.04887091333115399,0.7889184652630244,0.09774182666230798,2.4127554115510748,2.3547553958685437,0.01900000000000074,1,0.9973649602145014,-0.9835369798341661,0.20188742817490501,0.044545731468748975,2.3482,790405.0,790405.0,0.04009980648820303,11.318923596491228,-18920538.0,0.0,0.18493150684931506,146.0
0xe407fc878f0025aada872461e858d8ecd37334d3,0.1338753764178884,0.36004323,1,75.24,3,1770593063,3.741904359635011e-17,-0.0003370407815941656,3.741904359635011e-17,3.741904359635011e-17,-0.0005837717579438202,0.4413397131305206,3.741904359635011e-17,0.4395404967167363,0.5,14.67,0.04120323554988671,0.44520716411091277,0.08240647109977342,1.3486214923327384,1.318621490150209,0.1527000000000009,1,0.9973649602145014,-0.9830588004100196,3.741904359635011e-17,0.23993757761158752,2.65472,1290847.0,1290847.0,0.06551738961993228,4.405288411764706,-18411510.0,0.0,0.0,5.0
0xe4ba2d4b557443cb74bc589cdbd383720a297856,0.13316892976254813,0.3586157,1,30.642000000000003,14,1770305785,0.07687713138416707,0.08797685886417378,0.07687713138416707,0.07687713138416707,0.3331329367545436,0.596186982454802,0.07687713138416707,0.5938075292650753,0.0,-0.08628571428571426,0.07434723123400706,0.6105846629657414,0.07181733108384705,1.0297365239630245,0.9963079525344529,,1,0.9973649602145014,-0.9686865019574188,0.07687713138416707,0.08307978894460387,2.89425,303919.0,303919.0,0.01565376066715979,3.2892776855828227,-19111160.0,,0.109375,64.0
0x997721496a279e4ff83d74b78fa8e46deab8e023,0.13278603163965774,0.3578393,1,64.147394,4,1770600161,6.673435398974748e-05,0.00010313491351647845,6.673435398974748e-05,6.673435398974748e-05,0.007292724333415393,0.7338280769621268,6.673435398974748e-05,0.7311287125742554,0.0,7.833600059976005,0.04050353944209795,0.7311287136657383,0.08094034453020615,1.4989650335848554,1.4619650309123262,,1,0.9973649602145014,-0.9834139079170914,6.673435398974748e-05,0.034467695710847075,2.9999995,36958.0,36958.0,0.001875140636816188,4.740183860824742,-19672497.0,,0.21686746987951808,83.0
0xe04afb98d76593be302f9760adfaa9afb346667f,0.13250817420327132,0.35727468,1,85.46942,9,1770608997,2.9107126401323396e-06,3.2341251557026e-06,2.9107126401323396e-06,2.9107126401323396e-06,0.00025573799916141015,0.004193506824215571,2.9107126401323396e-06,0.0014942505872939495,0.0,0.5768431999999994,0.005701659853349991,0.007330270819250837,0.011403319706699982,0.018930828670231572,-0.009669175743704383,,1,0.9973649602145014,-0.9838559662338687,2.9107126401323396e-06,0.39277473102761434,1.099998,6900.0,6900.0,0.0003499289061105752,2.2247755833333334,-19711391.0,,0.0,4.0
0x4c74da4a4e4828c1ac954819341c5769fa1778a4,0.13135376238120566,0.35491812,1,83.333332,2,1770599523,0.7674418679406729,0.7684529902854556,0.7674418679406729,0.7674418679406729,1.0867566409078515,6.097193008904471,0.7674418679406729,6.081000061180412,0.0,,0.7674418679406729,6.093000067728,0.7674418679406729,6.162000067728,6.081000061180412,,1,0.9973649602145014,-0.9833819892654273,0.7674418679406729,0.7686791097907951,19.9999985,38866641.0,38866641.0,1.9720433245688973,95.14333233333328,19157824.0,0.0,0.25,12.0
0x3c10225165f57879514200106f70ec4cae547a35,0.1292884014890459,0.35065776,1,646.378,3,1770590897,0.1580721265676635,0.1584091673492577,0.1580721265676635,0.1580721265676635,0.2743727262335952,0.7966060350446889,0.1580721265676635,0.7930076022171202,0.0,-4.091000000000004,0.1572295246136781,0.8043409370054733,0.15638692265969267,1.23051140550821,1.1895114033256804,,1,0.9973649602145014,-0.9829504370879123,0.1580721265676635,0.052505187676736384,2.6,604343.0,604343.0,0.030677012217800326,27.869111422303476,-19095848.0,,0.234375,64.0
0xb41a7a4b024ce893e9da39add1411e7ff77fc850,0.1288071748983826,0.3496568,1,19.712516,6,1770457099,0.00022474489578185505,0.00022596633516100664,0.00022474489578185505,0.00022474489578185505,0.009194426281881413,1.5675010051311362,0.00022474489578185505,1.560160548317742,0.0,3.861493519319903,0.07122336373664309,1.5936423058187235,0.14222198257750435,3.0285443341089326,2.9455443195289264,,1,0.9973649602145014,-0.9762566255591455,0.00022474489578185505,0.06121922685449073,1.0,106212.0,106212.0,0.00542828716565184,1.203474238095238,-19460181.0,,0.05263157894736842,19.0
0x1f5b0a8222a4eba1047adb7abef676fc5e59a891,0.12875784495571516,0.349554,1,80.0,3,1770596297,0.6080745048303592,0.6090856271751418,0.6080745048303592,0.6080745048303592,1.0180415505921778,2.3916500028263448,0.6080745048303592,2.3862523535849918,0.0,,0.6080745048303592,2.4057294929444595,0.6080745048303592,2.465515397863029,2.4096896832881867,,1,0.9973649602145014,-0.9832205949546617,0.6080745048303592,0.2405362974092149,24.999999,30522162.0,30522162.0,1.5489087335670368,99.11215724137931,10816571.0,,0.12,25.0
0x80f7e80c39c4dcddefb235382a5871eda60a10c0,0.12857943917529263,0.34918198,1,14.5,4,1770591085,0.0,0.0,0.0,0.0,0.0,0.0,0.0,0.0,0.0,1.6500000000000004,0.04170879672227797,0.0,0.08341759344455595,,,-1.3339199484736182,1,0.9973649602145014,-0.9834536311293505,0.0,0.6667327911128744,1.775,454.0,454.0,2.3045241921487905e-05,1.775,-19699925.0,,0.0,2.0
0xe4e4982afcfa6d07639a10518fc5f584e069157f,0.12818023179843613,0.34834793,1,64.373389,4,1770598749,0.00015947254739124512,0.00016350713897058942,0.00015947254739124512,0.00015947254739124512,0.011282766098732012,3.0907455531056227,0.00015947254739124512,3.0826473788941366,0.0,16.319230669718642,0.09505865249077323,3.099150847351921,0.1899578324341552,6.245000255806016,6.164000249258428,,1,0.9973649602145014,-0.9833432666378599,0.00015947254739124512,0.03318063413702204,9.2,213910.0,213910.0,0.010853944250070897,17.969094772727278,-19494133.0,,0.5128205128205128,78.0
0x243fa2da2c1f625e54bb4fef048841b48d6af2ef,0.12790490264767235,0.3477714,1,28.56408,4,1770591527,8.289545714433774e-05,0.00010311386035934509,8.289545714433774e-05,8.289545714433774e-05,0.0072919800780878235,0.7338281118280261,8.289545714433774e-05,0.7311287475503567,0.0,4.182000199920031,0.05189255617235436,0.7436312501023319,0.10370221688756438,1.5005215952324207,1.4619651605355197,,1,0.9973649602145014,-0.9829819555056998,8.289545714433774e-05,0.7966043944841186,4.999999,1500945.0,1500945.0,0.07618692642301557,24.919999,-18199876.0,,0.0,4.0
0xeedbc7bcc22f14e16f2cdf7ac01243bc806359e5,0.12734781057292954,0.34660164,1,291.183699,10,1770597653,-0.22861933689954556,-0.22892103774062797,-0.22861933689954556,-0.22861933689954556,-1.0145415766964816,2.3136526047837567,-0.22861933689954556,2.307971974055429,0.0,2.1483362000000006,-0.22709526100208804,2.3216535247758108,-0.22557118510463053,6.662999999999999,6.5789999934524115,-1.1951101347316084,1,0.9973649602145014,-0.9832884345967566,-0.22861933689954556,0.6912800306741171,10.9281,303130.0,303130.0,0.015381885382855091,39.55038235087719,-19403817.0,,0.6666666666666666,7.0
0x637e03c64a7067ab115977f1556588e22f398a05,0.12715033113242705,0.34618592,1,68.006,15,1770100574,0.010886417245491532,0.01091013493012224,0.010886417245491532,0.010886417245491532,0.07123539399569402,0.12889382595187973,0.010886417245491532,0.12725678922084396,0.0,-0.8620000000000003,-0.00424530951149652,0.13002715928521316,-0.01937703626848457,1.0685686178531628,1.0105686202831723,-1.2925482183560317,2,0.9973649602145014,-0.9584199526993599,0.010886417245491532,0.3483906399773826,9.716999999999999,744.0,744.0,3.873009434526047e-05,8.796866666666666,-19209124.0,0.0,0.0,4.0
0x6c8e3833eae179d4c7e97b8b21573710a3740259,0.12689060520825204,0.34563833,1,154.56052599999998,6,1770600719,-0.6555679107297907,-0.6564268760401357,-0.6555679107297907,-0.6555679107297907,-1.1050682544643833,0.4962332677053876,-0.6555679107297907,0.4950148835418831,0.0,1.6212565994318168e-06,-0.6555679093421841,0.4950148840345344,-0.6555679079545774,6.66300061110006,6.57900059105247,-1.374000009750002,1,0.9973649602145014,-0.9834418242299888,-0.6555679107297907,0.1640471016324873,19.999999,11554.0,11554.0,0.0005861995118927624,19.571427285714286,-19698459.0,,0.0,7.0
0x2d8f8289a29bdcfd4749c4b1f32051022da9f22d,0.12671943233376465,0.34527692,1,1.11,1,1768059090,0.6359959548681898,0.6370070772129725,0.6359959548681898,0.6359959548681898,0.6370070772129725,1.1432361270106182,0.6359959548681898,0.25036079881001844,0.0,,0.6359959548681898,0.23716079881001842,0.6359959548681898,2.7901804312498957,2.822982784191072,,1,0.9973649602145014,-0.8562860707654518,0.6359959548681898,0.20551731969433978,1.88,9079549.0,9079549.0,0.5288528611661995,9.062532972972974,-8088835.0,0.0,0.3125,16.0
0x20ca16e026ea08ee938a0155bcabf7e1831004b5,0.12633664369328926,0.3444672,1,43.209641000000005,8,1770589145,-0.24494833193659432,-0.24547212193161327,-0.24494833193659432,-0.24494833193659432,-0.7286241780942562,0.3536136934776626,-0.24494833193659432,0.3523129364023385,0.0,-3.352991319989257,-0.2687023993252154,0.36050645730260716,-0.2924564667138365,1.5139652672098927,1.461965258514704,-1.7840730743462638,1,0.9973649602145014,-0.9828627858689225,-0.24494833193659432,0.21017418279649744,7.0,286.0,286.0,1.4518916955805482e-05,7.8639992,-19698153.0,,0.0,5.0
0x9df2ecfd6fb9f0c7300adf3bc50b860070d8d4a9,0.12589414585436884,0.34352854,1,90.0,2,1769899420,0.0,0.0,0.0,0.0,0.0,3.2894999967262057,0.0,1.5629998883505065,0.0,36.0,0.030333670343474884,1.6199998883505067,0.06066734068694977,6.678,6.558,,1,0.9973649602145014,-0.9483563720460051,0.0,0.05138839924585659,24.0,316351.0,316351.0,0.016642419892266253,28.395545893939392,-18692363.0,,0.23529411764705882,51.0
0xbeb52ae1575327b1d02f4d606c964531d1fc619a,0.12563220546558018,0.34297156,1,31.59,6,1768048320,0.6157735079725402,0.6167846303173227,0.6157735079725402,0.6157735079725402,1.5085379568764619,1.1356380273185742,0.6157735079725402,0.14537590776414566,0.0,,0.6157735079725402,0.1321759021641453,0.6157735079725402,2.4938603564767226,2.5226627094178986,,1,0.9973649602145014,-0.8557472559089904,0.6157735079725402,0.21740534228995165,2.272,9081225.0,9081225.0,0.529282509794194,10.548154074074077,-8076389.0,0.0,0.4375,16.0
0x23f3361fe37c9f80989b13fd0de9fc2ff918fa85,0.12527322388898168,0.34220663,1,16.353817,4,1770598767,-1.572825847791872e-06,6.134040732994086e-05,-1.572825847791872e-06,-1.572825847791872e-06,0.0069554062419537885,3.1318402980605184,-1.572825847791872e-06,3.1237431944832146,0.0,-0.23359926011510115,-0.0025291740782143915,3.1402444810692587,-0.005056775330580992,6.328000525774371,6.247000519226782,,1,0.9973649602145014,-0.9833441671640824,-1.572825847791872e-06,0.10123316899608864,1.999999,2810.0,2810.0,0.00014258125139758802,2.5474989999999997,-19705251.0,0.0,0.0,12.0
0x0a2cd88b2bcc30f120d2f389f3ba3de77eafb76f,0.12471166310881458,0.34100625,1,15.7,4,1770221929,-0.1445904953038969,-0.1449275360854911,-0.1445904953038969,-0.1445904953038969,-0.2510218559158425,0.3236282930882476,-0.1445904953038969,0.3202949597549144,0.0,0.0,-0.1445904953038969,0.3289616264215811,-0.1445904953038969,1.002884895869749,0.9608848792647429,-1.5004392249462182,1,0.9973649602145014,-0.9644912504622076,-0.1445904953038969,0.31860271376237337,2.85,24283.0,24283.0,0.0012561543571247406,2.573378307692308,-19306940.0,,0.2,5.0
0x96ba484ba16d1e75934087baefc52e8ee82b7bbe,0.12431030292713827,0.34014547,1,72.5409,12,1770129162,-0.012068283338550905,-0.012098529662707675,-0.012068283338550905,-0.012068283338550905,-0.06995167955375359,0.44925436746336045,-0.012068283338550905,0.44343385032974764,0.0,-0.15381666666666685,-0.01373381630778016,0.4673396093814063,-0.015399349277009415,0.944033049040487,0.8925330514704969,,1,0.9973649602145014,-0.9598501884576253,-0.012068283338550905,0.28443042969581056,1.9998,157600.0,157600.0,0.008191925589038954,2.7351744827586213,-19080856.0,,0.2222222222222222,9.0
0x7aa0823603d92ec994ff029dc70b76aacdc937dd,0.12418102827708302,0.3398677,1,14.9328,4,1770220063,0.15133131093578023,0.15166835171737442,0.15133131093578023,0.15133131093578023,0.2626972910747189,0.3589281675709038,0.15133131093578023,0.35759483423757044,0.0,-0.10980000000000009,0.1504887089817948,0.3659281681469038,0.1496461070278094,1.1067845027127112,1.0727845027127112,-1.4622143016325602,1,0.9973649602145014,-0.9687001099092255,0.15133131093578023,0.0,0.0,59209.0,59209.0,0.0030631644911933696,0.0,-19270148.0,,,0.0
0x949d8e58b9f95ee2029d561466a362f83a05374c,0.1240776916427621,0.3396455,1,21.767342,7,1770589707,0.21856579936525378,0.2189025725537981,0.21856579936525378,0.21856579936525378,0.5364124532275091,0.5222837304743997,0.21856579936525378,0.5213835506783421,0.0,-0.25445008750000014,0.21141458718018571,0.5272205907337254,0.20426337499511768,3.1913149218217556,3.1263149196392264,-1.2574390671613491,1,0.9973649602145014,-0.9829168174422724,0.21856579936525378,0.009005283855313153,8.97,571723.0,571723.0,0.0290229438538533,11.316171306889354,-19127278.0,0.0,0.4887640449438202,178.0
0xde393c9b6e7a2eb77b3660f395b7cbe1325ff3b5,0.12404455529533076,0.33957422,1,166.341626,12,1770600223,0.1524578630101409,0.152618514077591,0.1524578630101409,0.1524578630101409,0.38288404291741707,2.910665269719159,0.1524578630101409,2.903300218548089,0.0,29.999423299999997,0.20206828506269275,2.903300221526134,0.2516787071152446,5.711506680738053,5.638906671013475,,1,0.9973649602145014,-0.9834170097296355,0.1524578630101409,0.13635560221889115,4.999999,870901.0,870901.0,0.04418682609015736,17.203287802816902,-18838616.0,,0.3620689655172414,57.0
0x5739c38d9f041ac96b331b83b1fcd3f91d1910da,0.12399252495470522,0.33946225,1,29473.316666000006,25,1770638905,-0.0005902045714718184,-0.0009171855370956656,-0.0005902045714718184,-0.0005902045714718184,-0.0035116425613542627,0.0,-0.0005902045714718184,0.0,0.9810738143851033,-6.693333333333182,-0.0007612399162614859,0.0,-0.0009322752610511534,,,0.14210000000000086,1,0.9973649602145014,-0.985358844440749,-0.0005902045714718184,0.9953995929212363,26.024509499999997,57938.0,57938.0,0.0029338371564920935,26.024509499999997,-19690261.0,,0.5,2.0
0x370c671980712b4014fc6900766c0c6c66923eb1,0.12346126260623524,0.33831668,1,166.339865,21,1770564651,0.05089180384187421,0.05099109911701088,0.05089180384187421,0.05089180384187421,0.3908874667466458,1.3101460610180171,0.05089180384187421,1.3061655148117612,0.0,17.966688233199292,0.10235922477209711,1.3108048809926913,0.15382664570232,2.6402916769401625,2.5749582992548543,,2,0.9973649602145014,-0.9816373697970409,0.05089180384187421,0.0,0.0,355215.0,355215.0,0.01805509774475836,0.0,-19318730.0,,,0.0
0x286df6e88bd0755d14c31660759e8fd3ac1d37c7,0.12328782065138245,0.33794177,1,66.5,2,1770602319,0.0,0.0,0.0,0.0,0.0,0.3536641424193715,0.0,0.3509653177986951,0.0,3.4999999999999973,0.008847320516846835,0.3569653177589596,0.01769464103369367,0.72993064227992,0.7019306355973901,,1,0.9973649602145014,-0.983521871005322,0.0,0.17939527977164663,17.4802,133690.0,133690.0,0.0067822963042141705,25.81440371875,-19577923.0,,0.5714285714285714,7.0
0x3bad46e3d0a3d2ee700ecfea22912e9b0133e1ae,0.12186828446525443,0.33485612,1,51.302027,6,1770596657,2.5283996287659466e-05,2.8877059802843495e-05,2.5283996287659466e-05,2.5283996287659466e-05,0.00459561495220158,2.4896967024881196,2.5283996287659466e-05,2.4822679185657996,0.0,7.743797214726505,0.081267853609765,2.5026007413799465,0.16251042322324233,5.083388045028003,5.003500027127463,,1,0.9973649602145014,-0.9832386054791117,2.5283996287659466e-05,0.4031142246081891,4.999999,5449900.0,5449900.0,0.27656112612885314,6.7999992,-14256051.0,,0.0,5.0
0xd11f3cfedbf91af200a4d5f62d1de692e0730fe8,0.1217084473436717,0.33450675,1,10.365479999999998,5,1770472517,0.18208635324209063,0.18238534561194633,0.18208635324209063,0.18208635324209063,0.33539898325510986,1.6156517389474305,0.18208635324209063,1.610211308797274,0.0,0.3689600000000001,0.19387227469315266,1.6374210813330787,0.20565819614421468,2.5634627094178994,2.485462709417899,,1,0.9973649602145014,-0.9770279762979497,0.18208635324209063,0.03565489470040774,2.0,800221.0,800221.0,0.04086552566562919,3.0597475596816976,-18781590.0,,0.16568047337278108,169.0
0x95231bd549027cc077d0a3486064a67fbdf2a6b9,0.12066893186005107,0.33222488,1,39.881198,4,1770537727,9.496087180753895e-05,0.0001220925475888438,9.496087180753895e-05,9.496087180753895e-05,0.008818946710128428,1.3953578760987393,9.496087180753895e-05,1.3911582477979956,0.0,7.942900549789208,0.06201433866749725,1.411162084508509,0.12393371646318695,2.8637833293478834,2.7817833225645496,,1,0.9973649602145014,-0.980290382685122,9.496087180753895e-05,0.07464192256860475,4.8499995,183770.0,183770.0,0.00935358088129493,5.262526107142857,-19463251.0,0.0,0.17391304347826086,23.0
0xfa1f000ea254077fb8eb35897294b15cf2575e20,0.12031865915926807,0.33145216,1,1219.883,9,1770574755,0.0,0.0,0.0,0.0,0.0,1.1177351762634307,0.0,1.1135363527340187,0.0,90.82151999999999,0.06445956049185082,1.1199823830640812,0.12891912098370165,2.2804725486379045,2.2009723514415707,,1,0.9973649602145014,-0.9821428651832699,0.0,0.4115148321787957,15.0,1833273.0,1833273.0,0.09313495409404844,28.460849833333338,-17850776.0,,0.0,6.0
0xb6e36cc4f072dac67bcf660bf930ff9ede9b848f,0.11909646716521285,0.32874066,1,55.95959999999999,13,1770377503,-0.19080057930716954,-0.1911376200887638,-0.19080057930716954,-0.19080057930716954,-0.8521894313378634,0.49451941420075807,-0.19080057930716954,0.4932074438240579,0.0,-0.32873333333333316,-0.19257578556015056,0.5059522989120021,-0.19435099181313156,2.7205015705247892,2.6315015705247893,-1.3429199484736178,2,0.9973649602145014,-0.9722744986032588,-0.19080057930716954,0.3391314314810336,4.99016,50404.0,50404.0,0.002586571820910332,5.480140584615385,-19436393.0,,0.14285714285714285,7.0
0xa8fd12cd9ef27bb5048339aa833d195926dfd532,0.11866789726396793,0.32778415,1,4.241998000000001,10,1770307881,0.0001213510205104005,-0.0002669718692261133,0.0001213510205104005,0.0001213510205104005,-0.010898352425785032,0.0,0.0001213510205104005,0.0,0.0,0.09600010986806154,0.02148910601809811,0.0,0.04285686101568582,,,-1.4921307289309291,2,0.9973649602145014,-0.9688536996593959,0.0001213510205104005,1.0,0.999999,174.0,174.0,8.961138785636942e-06,0.999999,-19417001.0,0.0,0.0,1.0
0x4ac1ae22eed37cef01b1374f7002628cdbcfce01,0.11802139456506128,0.32633558,1,2204.7891600000003,14,1770568067,0.0,2.2273749047806996e-17,0.0,0.0,3.582910361376605e-09,1.0036719225904818,0.0,0.99947309906107,0.0,418.4539799999999,0.07191607677265502,1.0072006309312953,0.14383215354531004,2.077946198122141,1.9989461981221408,,1,0.9973649602145014,-0.9818082696623772,0.0,0.5249383423775023,27.572499999999998,3055332.0,3055332.0,0.15527143096068624,65.62996735,-16622029.0,0.0,0.125,8.0
0x80d8c1037addb01d0b7c64b81f3bb8e60ab438c7,0.11788051941105905,0.32601902,1,22.799998,2,1770439013,0.6359959656978431,0.6370070880426257,0.6359959656978431,0.6359959656978431,0.9008640632376735,2.7901806012625574,0.6359959656978431,2.781782963323751,0.0,,0.6359959656978431,2.8607829563458393,0.6359959656978431,2.8907829563458396,2.781782963323751,,1,0.9973649602145014,-0.9753517968224732,0.6359959656978431,0.3089084395852824,10.8999985,52275925.0,52275925.0,2.6741919389745616,166.87803567647057,32727618.0,0.0,0.375,31.0
0xd1b47049bd84cd2ac94b46d801c9273f220be735,0.11760232804172838,0.32539293,1,92.96960000000001,28,1770604927,0.0,2.8128210448281394e-18,0.0,0.0,5.593314608825608e-10,0.06618683834543851,0.0,0.06348801372476202,0.0,1.2916000000000019,0.004648226155043681,0.06580934199373899,0.009296452310087362,0.1526788984299575,0.1246788955551203,,1,0.9973649602145014,-0.983652347249115,0.0,1.0,2.7795,29842.0,29842.0,0.0015137296066631291,2.7795,-19684379.0,,0.0,1.0
0x7ebef9227563afc57a49eec33d29b02a1d4b5be5,0.1175900259918671,0.32536522,1,14.35,3,1768076660,0.5955510610768902,0.5965621834216728,0.5955510610768902,0.5955510610768902,1.0282934232596188,0.9743701973423797,0.5955510610768902,0.16856464574498156,0.0,,0.5955510610768902,0.15536464574498154,0.5955510610768902,2.234967055653676,2.2597694085948525,,1,0.9973649602145014,-0.8571650844170792,0.5955510610768902,0.16552990626343952,4.29,9081457.0,9081457.0,0.5284232111874616,14.699867575757576,-8104497.0,0.0,0.16666666666666666,12.0
0x13d7a220d438cc293037c7a48db4eff88cb8f878,0.1173884050573024,0.3249106,1,3002.5,15,1770627087,-0.00013481631263765877,-0.00020222446895649937,-0.00013481631263765877,-0.00013481631263765877,-0.000783212000464161,-0.00885324605648495,-0.00013481631263765877,-0.009572932621998681,0.7997597116539847,-0.6000000000000005,-0.00023592854711590845,-0.008399598997661422,-0.00033704078159415814,-0.04979699248246065,-0.07179699466499011,0.17210000000000086,1,0.9973649602145014,-0.9847609950874794,-0.00013481631263765877,1.0,99.8,92312.0,92312.0,0.0046772506063801665,99.8,-19644069.0,,0.0,1.0
0x3bcd84d6859fd8fe445b494fd4c246f15ce3a976,0.11711359341299951,0.3242899,1,278.90063999999995,4,1770653915,-1.6292395301117412e-08,1.6292395301115602e-08,-1.6292395301117412e-08,-1.6292395301117412e-08,4.0587688945032765e-06,-0.03245052287265758,-1.6292395301117412e-08,-0.03645058841665576,0.0,-0.09309000000000525,-0.00012640454894370765,-0.029950482589710153,-0.00025279280549211415,-0.04347474226804129,-0.0729000021825295,,1,0.9973649602145014,-0.9861031793928783,-1.6292395301117412e-08,1.0,92.999907,70.0,70.0,3.5419349155291534e-06,92.999907,-19763139.0,,0.0,1.0
0x22a9186b4d9237da95e43e00322ef01bd09bde6d,0.11708770854597399,0.32423136,1,81.39817099999999,6,1770448071,0.00010832493222146021,0.00010847352608580329,0.00010832493222146021,0.00010832493222146021,0.008947983470419894,2.028746376739525,0.00010832493222146021,2.0217237217757535,0.0,19.293929749713413,0.08620320721073096,2.06837368923728,0.17229808948924047,4.1079684898570665,3.9874684831585663,,1,0.9973649602145014,-0.9758049616293281,0.00010832493222146021,0.038882787029908286,2.0,324439.0,324439.0,0.01658909571918303,3.291470316455696,-19232926.0,,0.40476190476190477,42.0
0xd02da934e129d86eed4fb3a177ca57767183188a,0.11701096616618901,0.32405776,1,38.5,4,1770551115,0.0,0.0,0.0,0.0,0.0,1.1800765225549483,0.0,1.1758776990255366,0.0,-3.25,-0.016430738102715562,1.2018776990255366,-0.032861476205431124,2.433755398051073,2.3517553980510733,,1,0.9973649602145014,-0.9809601740777223,0.0,0.18002415032152172,14.999999500000001,88316.0,88316.0,0.004492073384638132,16.6599995,-19572093.0,,0.0,6.0
0x6b6c4ffc615238eb023e133279f6cccbdf91b8ea,0.11690156029096473,0.3238101,1,166.412588,12,1770598047,2.6458563268690594e-05,2.6574102843519928e-05,2.6458563268690594e-05,2.6458563268690594e-05,0.004305818409319432,1.8125450326809396,2.6458563268690594e-05,1.808228139684973,0.0,40.576183549922696,0.08303498043837221,1.822042085096163,0.16606996087674442,3.562214146904116,3.494214123644383,,1,0.9973649602145014,-0.9833081461151824,2.6458563268690594e-05,0.09070700188115623,1.10344,127126.0,127126.0,0.006450692663206061,2.6466397857142865,-19580215.0,0.0,0.37037037037037035,27.0
0x842451971e0a67073b9ff07919e62ba8c6e178a5,0.11600947555992219,0.32178319,1,513.432813,10,1770627571,-0.0013744719649738985,-0.002117550881805014,-0.0013744719649738985,-0.0013744719649738985,-0.004327001650774433,-0.008801065594546603,-0.0013744719649738985,-0.009516510373804792,0.9537187580003392,-0.040080000400797844,-0.001407977393802884,-0.008323582807213046,-0.0014414828226318693,-0.04979699248246065,-0.07179699466499011,0.21340000000000087,1,0.9973649602145014,-0.9847852092370176,-0.0013744719649738985,1.0,9.99996,680.0,680.0,3.4453293367513025e-05,9.99996,-19736185.0,,0.0,1.0
0xbe41294afaa5f80309ba0b9220c125983570efa3,0.1153584257321491,0.32029536,1,32.29372299999999,10,1770597707,2.1702009989150196e-05,3.839586382695804e-05,2.1702009989150196e-05,2.1702009989150196e-05,0.005175694344263157,2.9893050549161404,2.1702009989150196e-05,2.981664731596176,0.0,-2.068601165,-0.014922187147709374,3.000272141573519,-0.02984437429541875,5.60195785820254,5.5216245152766374,,1,0.9973649602145014,-0.9832911361754241,2.1702009989150196e-05,0.1733585932977404,1.289999,95256.0,95256.0,0.004833612176708166,2.231466275862069,-19611745.0,,0.25,8.0
0x1c266db0f8529b1f25b77123e9c0c918ac2f6e31,0.11433468606219334,0.317941,1,7510.9511180000045,521,1769350474,0.01813683154258212,0.01819771820565555,0.01813683154258212,0.01813683154258212,0.3327710003886189,1.6131092037097026,0.01813683154258212,1.5932441986916166,0.0,1.8526347641454535,0.011146585852925524,1.6091719174265582,0.022293171705851048,2.650681516362282,2.5873946307183933,-1.6644790565728698,10,0.9973649602145014,-0.92089302383848,0.01813683154258212,0.0,0.0,9308.0,9308.0,0.000504231689152323,0.0,-18450460.0,0.0,,0.0
0xa44249937cef98e2ba306107e09e18a9604cd722,0.11429915329580827,0.31785896,1,20.395200000000003,4,1770600815,3.07814128335687e-05,4.1847202073033193e-05,3.07814128335687e-05,3.07814128335687e-05,0.006439440058034457,3.9617637748016974,3.07814128335687e-05,3.9536669590133258,0.0,6.40375,0.08206517537458333,3.953666962287258,0.1640995693363331,7.9910000135,7.906999993452411,,1,0.9973649602145014,-0.9834466270365088,3.07814128335687e-05,0.0,0.0,193408.0,193408.0,0.009812629651109489,0.0,-19516701.0,0.0,,0.0
0xf41619c4e75c7567e8dde6119afbda4b4c16a8a3,0.11388403242493646,0.3168988,1,9529.363830000002,42,1770508477,-3.622160531220842e-08,-5.7253505462089105e-08,-3.622160531220842e-08,-3.622160531220842e-08,-0.00016842281944430296,0.0,-3.622160531220842e-08,0.0,0.0,-707.2362240300022,-0.03735818783326689,0.0,-0.07471633944492846,,,-1.447368640991212,1,0.9973649602145014,-0.9836015175467785,-3.622160531220842e-08,1.0,209.799999,32.0,32.0,1.6311741022973507e-06,209.799999,-19617739.0,,0.0,1.0
0xe049b8eaac20ce92eac26b098df1d6e578db77dc,0.11361747268145474,0.31628063,1,252.0,8,1770482685,0.0,0.0,0.0,0.0,0.0,2.2750618976146106,0.0,2.267465427026375,0.0,67.99999999999999,0.08594539930651217,2.287965427026375,0.17189079861302434,4.635930861735678,4.5349308540527495,,1,0.9973649602145014,-0.977536673555192,0.0,0.11161533325612374,9.999999500000001,264797.0,264797.0,0.013515582065497314,11.8360113125,-19327182.0,,0.15384615384615385,13.0
0x0b8d2f811ba1c5bc3f1157f5f77a492c4cf4c3a9,0.11356713143628223,0.31616375,1,21143.027975999998,86,1770540687,0.0367045484423389,0.03665226502142481,0.0367045484423389,0.0367045484423389,0.10473944310604136,5.203989429097291e-05,0.0367045484423389,5.1366404054504227e-05,0.0,-109.17699576217382,-0.029660147436854724,5.124162959502351e-05,-0.05932029487370945,0.4396731340163123,0.41167312733378236,-1.250049887202731,2,0.9973649602145014,-0.9822854485018321,0.0367045484423389,0.4809733070778916,20.2957,1262.0,1262.0,6.422398067458692e-05,62.2441342,-19648719.0,,0.0,4.0
0x67eb15335bdbd03f02ba0974f7d2874add111c6d,0.11346537884872612,0.31592736,1,28.8072,4,1770332749,-0.21236245121749264,-0.21269949199908686,-0.21236245121749264,-0.21236245121749264,-0.36840632688650826,0.6354274303748857,-0.21236245121749264,0.632760763708219,0.0,-0.7968000000000001,-0.2183516147940812,0.6534274303748857,-0.22434077837066976,1.969282291124657,1.898282291124657,-1.2769169254656492,1,0.9973649602145014,-0.970035490238721,-0.21236245121749264,0.3278442754860666,2.4,217111.0,217111.0,0.011167087738670263,4.33717375862069,-19224932.0,,0.0,7.0
0xd2c3952ea7bd5e8e943567aa844d4b1671576ec8,0.11235226689600764,0.31332922,1,1979.584598,8,1770565837,-2.8893156142569973e-07,5.445248659273044e-07,-2.8893156142569973e-07,-2.8893156142569973e-07,0.0005194081411088845,0.6620102974514606,-2.8893156142569973e-07,0.6578114693073267,0.0,-254.9013999500001,-0.03286172901410147,0.663811475901634,-0.06572316909664151,1.3786214924541926,1.3156214924507195,,1,0.9973649602145014,-0.9816967044692566,-2.8893156142569973e-07,0.25048523424169117,250.0,7316186.0,7316186.0,0.3718494174193808,386.4217926551724,-12358945.0,,0.16666666666666666,12.0
0x2842d5201b2119d0ec14581fee3c3324bc0c9bab,0.11217260178329357,0.31290776,1,32.659318,4,1770509283,9.884465377599007e-05,9.908055986656678e-05,9.884465377599007e-05,9.884465377599007e-05,0.006486653940275865,0.46159440324934176,9.884465377599007e-05,0.45689448343213174,0.0,4.332460079962679,0.053044022857455644,0.4738984497212366,0.1059892010611353,0.9515758210098004,0.9135758194631335,,1,0.9973649602145014,-0.9788673511366367,9.884465377599007e-05,0.0,0.0,41998.0,41998.0,0.002140726108728477,0.0,-19576579.0,0.0,,0.0
0x3a59532f8f571e460d3db3afac86839b930266bd,0.11207218170696255,0.31267193,1,8.219554,4,1770589453,-5.0567212182554694e-05,0.0003236304543329845,-5.0567212182554694e-05,-5.0567212182554694e-05,0.014471600311184137,1.478105011392667,-5.0567212182554694e-05,1.475404837062472,0.0,-0.6659995604398767,-0.015209807290977359,1.505419849381998,-0.030369047369772164,3.024334700010772,2.9493346819882382,,1,0.9973649602145014,-0.9828781948731742,-5.0567212182554694e-05,0.1235907170687274,1.999999,5636.0,5636.0,0.00028610956828878506,2.1162883999999997,-19693111.0,,0.0,10.0
0x08d4e6802482d7abb7d05fff200aa50ddc892293,0.11202885517417849,0.31257012,1,9.99,4,1770601059,0.0006882514458979807,0.0007894648938241544,0.0006882514458979807,0.0006882514458979807,0.024952586314092088,3.134731201790025,0.0006882514458979807,3.126626623349555,0.0,1.8962000000000003,0.04798023498940364,3.1491491491491486,0.09596046997880728,6.331000013500001,6.246999993452411,,1,0.9973649602145014,-0.9834588341697471,0.0006882514458979807,0.09829321536155403,0.59124,560021.0,560021.0,0.028412530206841046,1.0663448125915083,-19150332.0,,0.19607843137254902,51.0
0x43556df4fd8a90860b1314323acb4fdde310c5d4,0.11200406569106355,0.31251186,1,251.09451300000003,16,1770592845,0.1167099829472567,0.11690585897956758,0.1167099829472567,0.1167099829472567,0.2992089216345685,0.9837015460852182,0.1167099829472567,0.9815255428973603,0.0,-0.26016485714285936,0.11413184303986351,0.9843685854784294,0.1132400408311529,0.9215092535239758,0.8838425846747798,-1.3399480890629811,1,0.9973649602145014,-0.9832150917388576,0.1167099829472567,0.0,0.0,603495.0,603495.0,0.03063093809255939,0.0,-19098644.0,,,0.0
0x1fe43749ecfd8c7c05e73ea0025b2e1e16669abb,0.11160674567760295,0.3115765,1,218.737541,28,1768762842,0.018928806030627042,0.02098522691816,0.018928806030627042,0.018928806030627042,0.13967397501216222,-0.011226281560121691,0.018928806030627042,-0.004275250611064969,0.0,-0.09836273999999973,0.018179256814001916,-0.00200467536936117,0.01742970759737679,0.677361408128143,0.655218550985286,-1.6453745756024611,2,0.9973649602145014,-0.8914970462990048,0.018928806030627042,0.35137919871961726,6.3616,9190.0,9190.0,0.0005142082625154598,15.342357473684212,-17862946.0,,0.1,10.0
0xec05c999787c8d42d3c5c8646ce0e89522d6054c,0.1115768946867485,0.3115061,1,11.9239,2,1770602985,0.3465712264579663,0.3475823488027489,0.3465712264579663,0.3465712264579663,0.4856306247930384,0.6152307969537286,0.3465712264579663,0.6098331477123756,0.0,,0.0,0.6124104745338702,0.0,0.6786230847715158,0.6506230780889859,,1,0.9973649602145014,-0.9835551904755544,0.3465712264579663,0.18821483059608832,0.5,1584283.0,1584283.0,0.08037036204692517,3.4936981986970683,-18127996.0,0.0,0.5,20.0
0xc6f8d56f58dac0cea6baee63aee9333ee38659b2,0.11087770548265244,0.30985257,1,1466.936085,20,1770586997,-0.012743990202280134,-0.012928685712458126,-0.012743990202280134,-0.012743990202280134,-0.04042287481164913,1.0703650396554398,-0.012743990202280134,1.0673909279003482,0.0,144.10025606333332,0.041106175770770345,1.0813142370997983,0.09495634174382082,2.5225562787632416,2.4556187763276203,-0.3359999999999987,1,0.9973649602145014,-0.9827553230730377,-0.012743990202280134,0.6359631334321665,4.64381,4730922.0,4730922.0,0.24019354709980675,4.182875,-14965369.0,,0.0,2.0
0x9b6618bea83cb0ddb3126de9773fccb5ff54336a,0.11078081149081542,0.3096227,1,659.678429,6,1770147200,7.268640320982758e-06,-7.086924267130461e-06,7.268640320982758e-06,7.268640320982758e-06,-0.0016717181308276295,0.0,7.268640320982758e-06,0.0,0.0,68.7588002066588,0.0507762088704408,0.0,0.10154514910056062,,,-1.6002330463723293,1,0.9973649602145014,-0.9834440255163105,7.268640320982758e-06,0.18864172758219122,39.999999,272258.0,272258.0,0.014138503094073095,53.555554666666666,-18984236.0,,0.0,9.0
0x610b7e517ee3d11fe920f5c6ee1d704ca734227d,0.11062984601808806,0.3092642,1,8.64,4,1770591967,0.0,0.0,0.0,0.0,0.0,1.0587897714824022,0.0,1.0560909468617257,0.0,-3.04,-0.048028311377168564,1.0681914479529904,-0.09605662275433713,2.166181895905981,2.1121818937234513,,1,0.9973649602145014,-0.9830039683689163,0.0,0.12992029336307365,1.999999,7470.0,7470.0,0.0003791635469425028,1.937055,-19693791.0,,0.0,9.0
0xdd46558a1ab73be2e6f7015b082b99ea6de68a23,0.11059639923658086,0.30918473,1,300.689,83,1770595001,0.13029542411395512,0.1304858805433705,0.13029542411395512,0.13029542411395512,1.2682307021901271,1.7005176834947673,0.13029542411395512,1.6960506828285242,0.0,0.14868235294117627,0.13127387466474846,1.7109388923948665,0.13225232521554184,2.661841794630158,2.6070993682052044,,2,0.9973649602145014,-0.9831557570666419,0.13029542411395512,0.012136724226543653,4.13525,1047012.0,1047012.0,0.05313623248129405,4.404193498922414,-18657283.0,,0.4607329842931937,191.0
0x8844925cce7158e4a3fc27cb164414185f873b21,0.1102427975704625,0.30834314,1,30.572726000000003,3,1770591665,0.5739408123118265,0.574951934656609,0.5739408123118265,0.5739408123118265,0.9334203448082415,1.9929271903465913,0.5739408123118265,1.987529541105238,0.0,,0.5739408123118265,2.0182550360777203,0.5739408123118265,2.0137653549470165,1.9625235156884695,,1,0.9973649602145014,-0.9829888595400722,0.5739408123118265,0.15685595759221535,10.0,3725760.0,3725760.0,0.18911566690738252,10.857142,-15975199.0,,0.42857142857142855,7.0
0xb72be60739a40b061c27df399e391c58270381dd,0.11017290604237077,0.30817652,1,13.030398000000002,4,1770601131,0.0002283401311470775,0.00038222149319475644,0.0002283401311470775,0.0002283401311470775,0.01725062342681992,3.0916138761247773,0.0002283401311470775,3.0835134274512437,0.0,3.256800649362103,0.05811100390084119,3.1060244766782983,0.11622200780168238,6.248000774757833,6.164000754710243,,1,0.9973649602145014,-0.983462436274637,0.0002283401311470775,0.11102841570222707,4.999999,608265.0,608265.0,0.030860065168559277,9.545210089285714,-19102160.0,,0.23529411764705882,34.0
0xbdded7909f0c7810aecf89ed8a17009866d0e54a,0.1096567701228991,0.30694315,1,24.462477000000007,16,1770589393,1.6069238991292022e-05,0.00018594375608854062,1.6069238991292022e-05,1.6069238991292022e-05,0.012340569316361402,2.0780083694920446,1.6069238991292022e-05,2.073114015588225,0.0,-0.19254509267866107,-0.007504890765014398,2.0799572399158666,-0.015025850769020088,3.5610054183788113,3.4947554003800083,,2,0.9973649602145014,-0.9828751931190991,1.6069238991292022e-05,0.10587325950679992,0.999999,14548.0,14548.0,0.0007385263799561869,0.9782048787878788,-19684139.0,0.0,0.0,12.0
0xd11ac4161d3c60f00fc75ff9669700c4179cc635,0.10879509941862166,0.3048727,1,593.567673,35,1770504011,0.027413829550321282,0.027632331473021368,0.027413829550321282,0.027413829550321282,0.12190165189609578,0.14789053192182702,0.027413829550321282,0.1451791427137383,0.0,0.10790963173470736,0.00042883844454807626,0.14978830215198158,0.0008576768890961525,0.3933791697368819,0.3643791646518563,-1.1845211398924873,2,0.9973649602145014,-0.9786035970119139,0.027413829550321282,0.39751074623387583,9.9934495,336289.0,336289.0,0.017145962906302634,30.28025240625,-19277016.0,0.0,0.1111111111111111,9.0
0x2a228c71560119f76c9f812cb413778bc7a39f35,0.1086427440879212,0.3045051,1,132.84972,3,1770475349,0.0,-0.0003370407815942031,0.0,0.0,-0.0005837717579438851,0.9849103267973854,0.0,0.982111111111111,0.5,36.001259999999995,0.05384226485966791,0.997111111111111,0.10768452971933581,3.030333333333333,2.946333333333333,0.17069999999999994,1,0.9973649602145014,-0.9771696590902894,0.0,0.0,0.0,318749.0,318749.0,0.01627545623374396,0.0,-19265894.0,0.0,,0.0
0x05d173d4b5d845c4595be7b2baea129a8f861f00,0.10855242497833863,0.304287,1,10.20405,2,1770610593,0.019211324550867333,0.02022244689564994,0.019211324550867333,0.019211324550867333,0.02859885866419784,-0.046017762791694936,0.019211324550867333,-0.051415412033047905,0.0,,0.0,-0.01941542067281176,0.0,-0.022415409850518472,-0.051415412033047905,,1,0.9973649602145014,-0.9839358128922636,0.019211324550867333,0.3333333333339785,9.999998,22986.0,22986.0,0.0011656253405508865,9.999988666666667,-19696901.0,0.0,0.0,3.0
0xa1a58ee8c8d59f74b4f97c6a449121a12737d228,0.10831087857396113,0.30370286,1,150.3874,5,1770498727,0.13907134015836528,0.1394083809399595,0.13907134015836528,0.13907134015836528,0.24146239878892647,0.29756987226149395,0.13907134015836528,0.2944373232418861,0.0,12.18123333333333,0.1595992021756031,0.30510398990855275,0.18012706419284094,0.9003119697256583,0.8833119697256583,-1.2679999999999993,1,0.9973649602145014,-0.9783522501373678,0.13907134015836528,0.07415999945722722,23.84555,822035.0,822035.0,0.04192340471279585,24.043889966666665,-18785986.0,0.0,0.2608695652173913,23.0
0x9ebe169f336b677916a48c2ea713758f167af6af,0.10828420191620904,0.30363828,1,17.241378,2,1770593785,0.42366027653868993,0.4246713988834725,0.42366027653868993,0.42366027653868993,0.6005760518529613,0.9229734963238571,0.42366027653868993,0.9175758470825041,0.0,,0.42366027653868993,0.9335758495975335,0.42366027653868993,0.9435758645495937,0.9175758470825041,,1,0.9973649602145014,-0.9830949215173886,0.42366027653868993,0.15718635678313617,7.4999995,7864350.0,7864350.0,0.39914319990291874,7.899999199999999,-11838729.0,,0.2,10.0
0x950ac0695b7dde06c39c97656f31b588e47d71e4,0.10811499451699064,0.30322832,1,45.454544,5,1770586949,0.5652173987415045,0.5662285210862871,0.5652173987415045,0.5652173987415045,1.164286749004737,1.9036800178241298,0.5652173987415045,1.898282368582777,0.0,,0.5652173987415045,1.918282372349306,0.5652173987415045,1.9602823573816894,1.8982823539070506,,1,0.9973649602145014,-0.9827529216697777,0.5652173987415045,0.04992864872420547,99.999999,15548744.0,15548744.0,0.7894268973021911,133.65761795833336,-4147499.0,,0.39215686274509803,51.0
0x45730f93e26359aefad7fb6ee4851958d828c16b,0.10788025386162327,0.30265865,1,22.819998000000002,4,1770426171,1.0277041902982476e-05,1.2292148069093336e-05,1.0277041902982476e-05,1.0277041902982476e-05,0.0027534720415763264,1.2422562679759557,1.0277041902982476e-05,1.2427562825007552,0.0,6.538200289988441,0.06446804475049808,1.277256967767001,0.12892581245909318,2.572463026618552,2.4854630312145685,,1,0.9973649602145014,-0.9747093213919554,1.0277041902982476e-05,0.12631679979334728,2.0,261135.0,261135.0,0.01336722724542262,10.751812190789474,-19274330.0,,0.11023622047244094,127.0
0x97b663856a09eddc6a8bbd4ec85bbf78836359b4,0.10735116888504648,0.30137065,1,2096.7344940000003,31,1770485693,0.11998365216120513,0.12467014107263542,0.11998365216120513,0.11998365216120513,0.8916653505425999,2.318127134339777,0.11998365216120513,2.312432048027498,0.0,-52.44458462,0.10416748569390881,2.3265432935031987,0.08835131922661249,3.734105289204106,3.663819573653155,,3,0.9973649602145014,-0.9776871614928183,0.11998365216120513,0.04335514014542137,84.0231,13559357.0,13559357.0,0.6919809132815449,177.36636823076924,-6035630.0,,0.25,68.0
0xda41ec23f9d9309887f05722522b93f829ff901e,0.10683780890085784,0.3001156,1,27.599999999999998,6,1768046230,0.605662284524715,0.6066734068694977,0.605662284524715,0.605662284524715,1.4827240277731502,1.0522687103068282,0.605662284524715,0.09825733125525443,0.0,,0.605662284524715,0.08505732565525408,0.605662284524715,2.360153045109897,2.386955398051074,,1,0.9973649602145014,-0.8556426948087115,0.605662284524715,0.19271837968778263,4.92,6391893.0,6391893.0,0.3725851218534625,19.76005306122449,-10763631.0,0.0,0.3333333333333333,12.0
0x8ea7c2be8d5be03b4f66155ab13bf8d28eee60ba,0.10663663138588955,0.2996223,1,1848.0236139999995,61,1770525903,0.008213167077409005,0.008297956023660598,0.008213167077409005,0.008213167077409005,0.05521695038525198,1.0395415338528418,0.008213167077409005,1.0353598231161523,0.0,6.1357276370370375,0.015812689831158692,1.037204698218471,0.031625379662317384,3.4435016612896505,3.3855849805404556,-1.5392121924063091,2,0.9973649602145014,-0.9829827559734531,0.008213167077409005,0.1778416850419795,8.6547495,427809.0,427809.0,0.021787863905821776,33.75387742708333,-19207388.0,0.0,0.2413793103448276,29.0
0xb38831166433aa1d5b15fadef8329a080063dc58,0.10654633659477361,0.29940063,1,733.961713,39,1770533965,0.01855899468821754,0.01858281881490332,0.01855899468821754,0.01855899468821754,0.12106119361537288,0.8422233843132702,0.01855899468821754,0.8395777071392907,0.0,1.213686370666666,0.021676109234313262,0.8476294958950508,0.02479322378040898,2.5277973205257562,2.466058260969324,-1.3026825201286296,2,0.9973649602145014,-0.98010217270462,0.01855899468821754,0.10054892506901715,23.17,213850.0,213850.0,0.010886686369099955,24.509948679999997,-19429409.0,,0.6666666666666666,12.0
0x34bdd1ed964495e8567fadbfbb5c298002cb9847,0.10600827629508347,0.29807627,1,666.6633330000001,4,1770634785,-1.0107229575452047e-08,-1.516084433285649e-08,-1.0107229575452047e-08,-1.0107229575452047e-08,-6.781475178463298e-06,0.0,-1.0107229575452047e-08,0.0,0.996999999997,-0.6666595039999622,-0.00025278924195179904,0.0,-0.0005055683766740226,,,0.16310001235040086,1,0.9973649602145014,-0.9851494220647835,-1.0107229575452047e-08,0.6799999519999935,2.4999995,56612.0,56612.0,0.002867289986025684,2.4999995,-19687467.0,,0.5,2.0
0xe9852e7852b6e08ab7dc1836dd878452d613e8f9,0.10591860742039685,0.297855,1,49.72,8,1768045016,0.5652173907334153,0.5662285130781979,0.5652173907334153,0.5652173907334153,1.6011745212890116,0.7690410142373367,0.5652173907334153,-0.061324967755818555,0.0,,0.5652173907334153,-0.07052496962248533,0.5652173907334153,1.9036799381834806,1.922482291124657,,1,0.9973649602145014,-0.8555819593179275,0.5652173907334153,0.3732513734152152,4.76,6420251.0,6420251.0,0.3742646017239982,18.83308577777778,-10734059.0,0.0,0.2857142857142857,7.0
0x09c904c6e84771090f3b2a3b650ac4af25106162,0.10511193047114654,0.29585683,1,29.980000000000004,5,1770586575,0.0,0.0,0.0,0.0,0.0,0.9518399690917401,0.0,0.9491411444710636,0.0,5.59,0.07065217384167691,0.9576411455623284,0.14130434768335381,1.9602822911246565,1.8982822889421271,,1,0.9973649602145014,-0.9827342107360436,0.0,0.10235260334817206,2.0,201142.0,201142.0,0.010212395299745342,13.007004885245903,-19494727.0,,0.07692307692307693,52.0
0xe6558c8654ca1b9cdf0d923a0f6ec5182ebcf1b9,0.1043004856955412,0.29383317,1,28241.2445,3,1770740363,1.1225713078905033e-16,-0.001011122344782497,1.1225713078905033e-16,1.1225713078905033e-16,-0.0016950470363812657,0.0,1.1225713078905033e-16,0.0,1.0,,0.0,0.0,0.0,,,0.2067000000000009,0,0.9973649602145014,,1.1225713078905033e-16,1.0,107.33,100.0,100.0,5.037870427685476e-06,107.33,-19849557.0,,0.0,1.0
0x2d2fef7591dc53fffabf2b93d81b8be3bb5cc79b,0.10375305503434194,0.29246005,1,2000.0,4,1770647739,0.0,0.0,0.0,0.0,0.0,0.0,0.0,0.0,1.0,-1.0000000000000009,-0.00012639029309781212,0.0,-0.00025278058619562424,,,0.1877444167672712,1,0.9973649602145014,-0.9858262175502255,0.0,0.28125041406502493,1.9999995,1002.0,1002.0,5.0716117141678106e-05,1.99999675,-19756031.0,,0.0,4.0
0x687d8cf19d873aed1957e61a3f2092d4721ce28b,0.10284432794491771,0.2901665,1,7416.1344819999995,181,1768599870,0.37031303234017743,0.3710021123787022,0.37031303234017743,0.37031303234017743,3.7190933516161984,1.5179180792052858,0.37031303234017743,1.1160781198804353,0.0,450.50521479765365,0.38844824963450186,1.1634503316190132,0.4065834669288263,1.4942637959968408,1.442315549990044,,16,0.9973649602145014,-0.8833408802433702,0.37031303234017743,0.0,0.0,4610757.0,4610757.0,0.26035994697434617,0.0,-13098407.0,,,0.0
0xd1908980487b6c3f2fb1fc1b494da81e9356d232,0.10275083396970348,0.2899295,1,39.96,2,1770647841,-1.1225713078905033e-16,0.001011122344782497,-1.1225713078905033e-16,-1.1225713078905033e-16,0.001429942933209892,-0.06490000000000011,-1.1225713078905033e-16,-0.07290000218252955,0.0,,-1.1225713078905033e-16,-0.06790000000000011,-1.1225713078905033e-16,-0.046899999040816265,-0.07290000218252955,,1,0.9973649602145014,-0.9857993018220197,-1.1225713078905033e-16,0.52,24.975,72.0,72.0,3.644253076167167e-06,24.975,-19757063.0,,0.0,2.0
0x33d4cf2a8fbd885ea319b73acdb9370b73b9f3be,0.10274399418307177,0.28991216,1,4.607198,6,1769777068,0.0023548543587289914,-0.006521126298573907,0.0023548543587289914,0.0023548543587289914,-0.04872079115091251,0.0,0.0023548543587289914,0.0,0.0,0.16940017366411106,0.01804662155491092,0.0,0.033738388751092856,,,-1.6530372773572715,2,0.9973649602145014,-0.9551711542639941,0.0023548543587289914,1.0,0.999999,136.0,136.0,7.200963319457713e-06,0.999999,-18886226.0,0.0,0.0,1.0
0xe49b65065fc33a342cd15b44f69d30a346049e40,0.10271856593542918,0.28984767,1,32.038398,4,1770586003,8.572474794267578e-05,9.057709184357719e-05,8.572474794267578e-05,8.572474794267578e-05,0.007161517664385923,0.9519924077549544,8.572474794267578e-05,0.9492931514151672,0.0,6.020800399872048,0.06706186894522906,0.9607949956316171,0.13403801314251546,1.960282652123151,1.8982826429006205,,1,0.9973649602145014,-0.982705594013862,8.572474794267578e-05,0.025361152131293578,3.3968,354420.0,354420.0,0.017995158945813307,5.727839057793345,-19340877.0,,0.38666666666666666,75.0
0x739af221cbdffdf520fc20e23fe266f50b4baab2,0.10271856593542918,0.28984767,1,79.42666299999999,6,1770566043,4.409813933469331e-05,5.3285251351571015e-05,4.409813933469331e-05,4.409813933469331e-05,0.005590097295877688,0.8830077604094843,4.409813933469331e-05,0.878808555372708,0.0,12.38215449990775,0.055534947115406734,0.885400063325221,0.11102579609147877,1.7457963837584496,1.6792963802251157,,1,0.9973649602145014,-0.9817070104915807,4.409813933469331e-05,0.020568818935730395,2.999999,578887.0,578887.0,0.029421961107959676,3.5901893732394363,-19096450.0,,0.4157303370786517,89.0
0x1f8634f7071b7073466594fa3f181339630c1623,0.10264308957284343,0.28965616,1,141.5644,18,1770354209,-0.019944475117015553,-0.027762431391107015,-0.019944475117015553,-0.019944475117015553,-0.19829244908554416,0.20562518332838914,-0.019944475117015553,0.2035754238782173,0.0,-1.63576,-0.03415369751135762,0.2131908190672207,-0.04836291990569968,0.8514683528113062,0.8044683528113061,-1.464546404521543,1,0.9973649602145014,-0.9711266278449812,-0.019944475117015553,0.843567462025664,4.25,177815.0,177815.0,0.009135816918465293,4.874666176470588,-19285688.0,,0.0,4.0
0xa99a18e1515341bfcef52e3f51940c2b413a202c,0.10229473484957975,0.28877065,1,8.540041,4,1770546845,0.000818556198658819,0.0008223516671766417,0.000818556198658819,0.000818556198658819,0.023248094475182814,1.5678166717009199,0.000818556198658819,1.5636125944378398,0.0,1.843950349125227,0.08249077179093182,1.5886438869686739,0.1641629873832048,3.218317195697576,3.12331717119756,,1,0.9973649602145014,-0.980746549246052,0.000818556198658819,0.16080684727316405,2.0999980000000003,1089596.0,1089596.0,0.05543285993246181,4.94105905882353,-18566543.0,0.0,0.16666666666666666,24.0
0xa1ca1445a3d85dffa16a3b2606ada90dcd54f58b,0.10203612764579569,0.28811154,1,18.518517,2,1770597569,0.7371082215608001,0.7381193439055828,0.7371082215608001,0.7371082215608001,1.0438583868012057,5.212346520251458,0.7371082215608001,5.196153572527399,0.0,,0.7371082215608001,5.2351535790749875,0.7371082215608001,5.280153579074987,5.196153572527399,,1,0.9973649602145014,-0.9832842321410517,0.7371082215608001,0.062483310370124154,4.999999,3263890.0,3263890.0,0.1656219967632596,4.570243633333334,-16442973.0,,0.12,25.0
0xff0931866aa744cc4f4e71d89055244adfff25ab,0.10202281309504778,0.28807756,1,4.595587,6,1770602987,0.35005059835962654,0.35106172070440916,0.35005059835962654,0.35005059835962654,0.8591782638564159,0.6259590430226152,0.35005059835962654,0.6205613937812622,0.0,,0.0,0.6284013968018237,0.0,0.64674427122236,0.61874426453983,,1,0.9973649602145014,-0.9835552905340236,0.35005059835962654,0.0,0.0,1191347.0,1191347.0,0.060436790648428766,0.0,-18520934.0,0.0,,0.0
0x62083754090fe06530b5ed1045ea5fc5515f801b,0.10201554913865606,0.28805903,1,111.0,4,1770600837,0.0,0.0,0.0,0.0,0.0,3.9615964705882347,0.0,3.9534999967262054,0.0,29.5,0.07457027292770908,3.9534999999999996,0.14914054585541817,7.9910000135,7.906999993452411,,1,0.9973649602145014,-0.9834477276796696,0.0,0.3270368265227456,13.3112,2339740.0,2339740.0,0.1187074809396244,12.337328000000001,-17370391.0,0.0,0.25,4.0
0x1b3ff94c86256c213571b6e2082595c4c5bf8cd6,0.1020066041245317,0.2880362,1,1021.5459000000001,18,1770600785,0.029720770896216584,0.02993458939187284,0.029720770896216584,0.029720770896216584,0.06509573342579096,0.2607245947037409,0.029720770896216584,0.26016228899776195,0.0,-9.357387499999996,-0.008029144502277189,0.2601622892251292,-0.016058289004554378,7.576000013500001,7.491999993452411,-1.2055211398924872,1,0.9973649602145014,-0.9834451261594713,0.029720770896216584,0.18356553533295916,7.544715,335984.0,335984.0,0.017046304076203854,23.23252025,-19374095.0,,0.625,8.0
0xa99b9634c6ec403169ce2e5c534fe859ebb8ef8a,0.10197085436698074,0.28794494,1,41.666664999999995,2,1770347461,0.5247725017955028,0.5257836241402855,0.5247725017955028,0.5247725017955028,0.7435703321328695,1.5476499847267147,0.5247725017955028,1.5396499847267149,0.0,,0.5247725017955028,1.599649989898715,0.5247725017955028,1.6116499856867148,1.5396499847267149,,1,0.9973649602145014,-0.9707715203379095,0.5247725017955028,0.2500000000000001,19.9999995,,,,19.9999995,,,0.0,4.0
0x7d0c051037645662eb532c4aa491d4666f732361,0.10184086193596568,0.2876129,1,77.09209999999999,18,1769181486,-0.1412172960899712,-0.14146784458402883,-0.1412172960899712,-0.1412172960899712,-0.5516940221088374,0.5137621601659863,-0.1412172960899712,0.49888646364933076,0.0,-0.09879999999999989,-0.1424340172112733,0.5220382814436185,-0.14365073833257544,1.5317776741126718,1.4670276716476698,-1.4115344368044251,4,0.9973649602145014,-0.9125746630043265,-0.1412172960899712,0.29611885580594965,1.5428,190710.0,190710.0,0.010426564640764363,1.9698214285714286,-18100070.0,,0.0,11.0
0xd387435d35080c4d5fd921ed83678fc256ab33ac,0.1018087306748449,0.28753075,1,231.325,6,1770600977,0.0,0.0,0.0,0.0,0.0,3.422096470588235,0.0,3.4139999967262056,0.0,41.59875,0.10515356410005214,3.4229999999999996,0.21030712820010428,6.9120000135,6.82799999345241,,1,0.9973649602145014,-0.9834547317725113,0.0,0.05944514707912314,10.0,678521.0,678521.0,0.03442474230821078,20.085038130434782,-19031750.0,,0.3620689655172414,58.0
0xb5ffa447f6d061896970219eaaa75e58a65cd0cb,0.10108398022839024,0.28567198,1,139.86,4,1770644477,-8.820203133425382e-17,0.0004333381477638792,-8.820203133425382e-17,-8.820203133425382e-17,0.0008744949906025333,-0.04635714285714302,-8.820203133425382e-17,-0.05207143013037834,0.0,-2.220446049250313e-15,-9.622039781918598e-17,-0.042785714285714455,-1.0423876430411816e-16,-0.04690000000000023,-0.07290000218252968,,1,0.9973649602145014,-0.9856310034768817,-8.820203133425382e-17,0.5013850415512464,47.4525,398.0,398.0,2.0148051731489647e-05,47.4525,-19753373.0,,0.0,2.0
0xed651b670e30a98a2d8f38bea40cdc3ec518b869,0.10095258469666983,0.28533372,1,153.846,2,1770645419,-1.1225713078905033e-16,0.001011122344782497,-1.1225713078905033e-16,-1.1225713078905033e-16,0.001429942933209892,-0.06490000000000011,-1.1225713078905033e-16,-0.07290000218252955,0.0,,-1.1225713078905033e-16,-0.06090000000000012,-1.1225713078905033e-16,-0.045900002774704074,-0.07290000218252955,,1,0.9973649602145014,-0.9856781310158591,-1.1225713078905033e-16,0.5800000000000001,54.945,144.0,144.0,7.289399749821726e-06,54.945,-19754569.0,,0.0,2.0
0x7fcdda4d20afbfaed9e37fd1c2b56fa1a74d500a,0.10064768466238513,0.2845473,1,4.0,2,1770349313,0.5045500500464655,0.5055611723912481,0.5045500500464655,0.5045500500464655,0.7149714666049454,1.3963851352483485,0.5045500500464655,1.3883851352483485,0.0,,0.5045500500464655,1.4473851352483484,0.5045500500464655,1.4533851352483484,1.3883851352483485,,1,0.9973649602145014,-0.9708641744803576,0.5045500500464655,0.05308428957556694,34.99332,8091076.0,8091076.0,0.415809620904518,32.98242004651163,-11367531.0,0.0,0.4,25.0
0xa38bbbf02108043afbde1539d95cec42e9e4d9f2,0.10010261777512826,0.28313613,1,3014.506824,26,1770600539,-0.0023295616350635243,-0.0023416106653143783,-0.0023295616350635243,-0.0023295616350635243,-0.0195085315768413,0.6399292002788501,-0.0023295616350635243,0.6373970043679672,0.0,41.5005881971745,0.017295255042469027,0.6426394849248883,0.03692007172000158,2.446939355493131,2.3984970986807435,-1.106320138933172,1,0.9973649602145014,-0.9834564327664871,-0.0023295616350635243,0.22796501536608849,88.83359999999999,9198456.0,9198456.0,0.46669375636008686,201.2643003979592,-10511377.0,,0.21052631578947367,19.0
