08:40:48 [super] ============================================================
08:40:48 [super] supercompute starting, log=supercompute_willtrumppardonchangpeng_20260701_084048.log
08:40:48 [super] market=will-trump-pardon-changpeng-zhao-in-2025-162-949-658  jobs=16  meta_jobs=8  top_n=all
08:40:48 [super] model=xgb_insider_meta_v7_latest.json  features=30 (20 behavioral + 10 metadata)  calibrator=yes  threshold=0.15
08:40:48 [super] known-insider wallets for funder signal: 0
08:40:48 [super] events: cache miss -> resolving market + fetching (needs internet)...
08:44:19 [super] events: fetched 22261 in 210.7s
08:44:19 [super] events: cached to cache/events/will-trump-pardon-changpeng-zhao-in-2025-162-949-658.pkl
08:44:19 [super] market resolved: tokens=2 closed=True duration=188.8d
08:44:19 [super] market: closed=True final_outcome_yes=1  wallets that traded: 3164
08:44:19 [super] scoring 3164 wallets
08:44:19 [super] behavioral: 3164 wallets across 16 processes
08:47:37 [super] behavioral: 200/3164 wallets (198s)
08:50:25 [super] behavioral: 400/3164 wallets (365s)
08:52:35 [super] behavioral: 600/3164 wallets (495s)
08:55:27 [super] behavioral: 800/3164 wallets (667s)
08:57:30 [super] behavioral: 1000/3164 wallets (790s)
09:00:19 [super] behavioral: 1200/3164 wallets (960s)
09:02:14 [super] behavioral: 1400/3164 wallets (1075s)
09:04:58 [super] behavioral: 1600/3164 wallets (1239s)
09:07:03 [super] behavioral: 1800/3164 wallets (1363s)
09:09:48 [super] behavioral: 2000/3164 wallets (1529s)
09:12:05 [super] behavioral: 2200/3164 wallets (1665s)
09:14:42 [super] behavioral: 2400/3164 wallets (1823s)
09:16:54 [super] behavioral: 2600/3164 wallets (1955s)
09:19:26 [super] behavioral: 2800/3164 wallets (2106s)
09:21:43 [super] behavioral: 3000/3164 wallets (2244s)
09:23:16 [super] behavioral: 3164/3164 wallets (2337s)
09:23:17 [super] behavioral: done in 2337.3s
09:23:17 [super] metadata: 3164 wallets across 8 threads (api_key=set)
09:30:26 [super] metadata: 200/3164 wallets (429s)
09:32:59 [super] metadata failed for 0x17e5540bc696fd3e8b7da9101a93e4835c783d19: ReadTimeout: HTTPSConnectionPool(host='api.etherscan.io', port=443): Read timed out. (read timeout=30.0)
09:33:06 [super] metadata failed for 0x9c950fcaaa29159d4a6490bb30ad98eb28f43b35: ReadTimeout: HTTPSConnectionPool(host='api.etherscan.io', port=443): Read timed out. (read timeout=30.0)
09:33:07 [super] metadata failed for 0xbad26fe5458e6219cec3e40272760e275e835296: ReadTimeout: HTTPSConnectionPool(host='api.etherscan.io', port=443): Read timed out. (read timeout=30.0)
09:38:28 [super] metadata: 400/3164 wallets (912s)
09:45:02 [super] metadata: 600/3164 wallets (1306s)
09:51:34 [super] metadata: 800/3164 wallets (1697s)
09:56:20 [super] metadata failed for 0xc739b3ca74ab8c38ed5c29b0a572c00607b3f0a0: ReadTimeout: HTTPSConnectionPool(host='api.etherscan.io', port=443): Read timed out. (read timeout=30.0)
09:58:02 [super] metadata: 1000/3164 wallets (2085s)
10:02:05 [super] metadata failed for 0xc9f8cf7817ea6bb1ba00382c318bf3e32c0a44e5: ReadTimeout: HTTPSConnectionPool(host='api.etherscan.io', port=443): Read timed out. (read timeout=30.0)
10:04:33 [super] metadata: 1200/3164 wallets (2476s)
10:10:29 [super] metadata: 1400/3164 wallets (2833s)
10:16:27 [super] metadata failed for 0x55e967c63981c1a0587930bf4692d2309351a328: ReadTimeout: HTTPSConnectionPool(host='api.etherscan.io', port=443): Read timed out. (read timeout=30.0)
10:16:31 [super] metadata failed for 0x20562683c1f1842921c06438d698abec6250843d: ReadTimeout: HTTPSConnectionPool(host='api.etherscan.io', port=443): Read timed out. (read timeout=30.0)
10:16:38 [super] metadata failed for 0x5a0dce88f7b53cf1b522eb93cd3bec9f8345d3f2: ReadTimeout: HTTPSConnectionPool(host='api.etherscan.io', port=443): Read timed out. (read timeout=30.0)
10:16:40 [super] metadata failed for 0xeb7bc926c6862f756c20751704874727feec4f37: ReadTimeout: HTTPSConnectionPool(host='api.etherscan.io', port=443): Read timed out. (read timeout=30.0)
10:16:52 [super] metadata failed for 0x28ecdf6cd7ff47d591894eea0ff42b79cbf7663e: ReadTimeout: HTTPSConnectionPool(host='api.etherscan.io', port=443): Read timed out. (read timeout=30.0)
10:16:53 [super] metadata failed for 0xaa2ecacb0393f15cf5129a18aca735fecafa3939: ReadTimeout: HTTPSConnectionPool(host='api.etherscan.io', port=443): Read timed out. (read timeout=30.0)
10:16:54 [super] metadata failed for 0xc3a04434d764f74b11ddace550d2f3cd96fa2698: ReadTimeout: HTTPSConnectionPool(host='api.etherscan.io', port=443): Read timed out. (read timeout=30.0)
10:17:09 [super] metadata: 1600/3164 wallets (3232s)
10:22:59 [super] metadata: 1800/3164 wallets (3582s)
10:23:40 [super] metadata failed for 0x234939f5689a18209369be5e962aad63daef4f4d: ReadTimeout: HTTPSConnectionPool(host='api.etherscan.io', port=443): Read timed out. (read timeout=30.0)
10:23:42 [super] metadata failed for 0xdd90cdb78343fc53fd73b658a4bb7f6c33819ef9: ReadTimeout: HTTPSConnectionPool(host='api.etherscan.io', port=443): Read timed out. (read timeout=30.0)
10:23:43 [super] metadata failed for 0x764ebaaa9ce963b1097c939c6b57bbb20327941e: ReadTimeout: HTTPSConnectionPool(host='api.etherscan.io', port=443): Read timed out. (read timeout=30.0)
10:23:44 [super] metadata failed for 0x9e96bf1a125edc30e4d5d0c4037cf40ed4d9633f: ReadTimeout: HTTPSConnectionPool(host='api.etherscan.io', port=443): Read timed out. (read timeout=30.0)
10:29:10 [super] metadata: 2000/3164 wallets (3953s)
10:34:08 [super] metadata: 2200/3164 wallets (4252s)
10:38:46 [super] metadata: 2400/3164 wallets (4529s)
10:43:20 [super] metadata: 2600/3164 wallets (4803s)
10:48:32 [super] metadata: 2800/3164 wallets (5116s)
10:53:49 [super] metadata: 3000/3164 wallets (5433s)
10:57:18 [super] metadata: 3164/3164 wallets (5641s)
10:57:18 [super] metadata: done in 5641.0s
10:57:18 [super] ============================================================
10:57:18 [super] RESULT: 124/3164 wallets flagged at calibrated prob >= 0.15
10:57:18 [super] ============================================================
10:57:18 [super] FLAGGED 0x37aa9ba3ac08c188b43bde8df7c911b1e8e1c860  prob=0.701 (raw=0.981)  vol=$826  trades=12  first_trade=2025-10-13 13:03  winrate=0.400  n_markets_traded=5.000  herfindahl_index_markets=0.512
10:57:18 [super] FLAGGED 0xbfe7f475e6bf0a947224a824ce2de9fcebfad95a  prob=0.701 (raw=0.981)  vol=$16,489  trades=31  first_trade=2025-10-06 09:16  winrate=0.000  n_markets_traded=1.000  herfindahl_index_markets=1.000
10:57:18 [super] FLAGGED 0xf4604a0828e571a615b53bdaa0cb2c8ee045c31f  prob=0.699 (raw=0.979)  vol=$12,880  trades=32  first_trade=2025-08-26 04:16  winrate=0.000  n_markets_traded=1.000  herfindahl_index_markets=1.000
10:57:18 [super] FLAGGED 0x6e7e17cd09e2f9403dc967fdac7475b0ff762a50  prob=0.675 (raw=0.955)  vol=$423  trades=2  first_trade=2025-08-30 19:39  winrate=0.000  n_markets_traded=13.000  herfindahl_index_markets=0.255
10:57:18 [super] FLAGGED 0x176500db77481722c5b898acaaafaa755508a60b  prob=0.669 (raw=0.949)  vol=$11,611  trades=42  first_trade=2025-10-11 13:07  winrate=0.000  n_markets_traded=1.000  herfindahl_index_markets=1.000
10:57:18 [super] FLAGGED 0x98cd52d48600d6149806b50877d954f62cd146a5  prob=0.666 (raw=0.946)  vol=$61,217  trades=202  first_trade=2025-09-10 16:04  winrate=0.000  n_markets_traded=1.000  herfindahl_index_markets=1.000
10:57:18 [super] FLAGGED 0xaba9685661f38e50ff226e8e761eaab8d9b13739  prob=0.665 (raw=0.946)  vol=$44,745  trades=300  first_trade=2025-08-31 21:29  winrate=0.000  n_markets_traded=1.000  herfindahl_index_markets=1.000
10:57:18 [super] FLAGGED 0xcd5546a006e0a15fa64f6665ab03365a88807131  prob=0.665 (raw=0.946)  vol=$2  trades=2  first_trade=2025-10-18 08:30  winrate=0.357  n_markets_traded=14.000  herfindahl_index_markets=0.185
10:57:18 [super] FLAGGED 0xde28593ff757ef2920ae0e0c837eafd0d1888dbd  prob=0.643 (raw=0.925)  vol=$1,871  trades=10  first_trade=2025-10-10 20:54  winrate=0.000  n_markets_traded=1.000  herfindahl_index_markets=1.000
10:57:18 [super] FLAGGED 0x78cae507c94ae5bc946d390fac6c4eab569cdc46  prob=0.642 (raw=0.924)  vol=$4,033  trades=12  first_trade=2025-10-10 20:10  winrate=0.000  n_markets_traded=1.000  herfindahl_index_markets=1.000
10:57:18 [super] FLAGGED 0x7a0fb229f1cc2ac8f2e42b62d0adc8d2266d5c1d  prob=0.642 (raw=0.923)  vol=$5,932  trades=73  first_trade=2025-10-15 07:33  winrate=0.000  n_markets_traded=1.000  herfindahl_index_markets=1.000
10:57:18 [super] FLAGGED 0x86be72f88e5e4cff39ff47880e8770d9185d7efb  prob=0.635 (raw=0.917)  vol=$914  trades=5  first_trade=2025-10-14 01:28  winrate=0.000  n_markets_traded=1.000  herfindahl_index_markets=1.000
10:57:18 [super] FLAGGED 0xa268d4480a3785a3297ee2dbec955bb32e66d60b  prob=0.631 (raw=0.914)  vol=$4,879  trades=8  first_trade=2025-10-11 19:29  winrate=0.000  n_markets_traded=6.000  herfindahl_index_markets=0.339
10:57:18 [super] FLAGGED 0x609a193fa082b8237b3e77944a47ad1a09696c1e  prob=0.630 (raw=0.913)  vol=$10  trades=2  first_trade=2025-10-15 09:20  winrate=0.000  n_markets_traded=3.000  herfindahl_index_markets=0.977
10:57:18 [super] FLAGGED 0x3cc9d14a3be050d8976bc4917e56c32db33eeeb2  prob=0.624 (raw=0.907)  vol=$1,008  trades=7  first_trade=2025-10-13 00:21  winrate=0.000  n_markets_traded=2.000  herfindahl_index_markets=0.984
10:57:18 [super] FLAGGED 0x0d809e43222339946787728c10cfbed76a37d3a6  prob=0.621 (raw=0.904)  vol=$3,415  trades=16  first_trade=2025-09-17 09:14  winrate=0.000  n_markets_traded=2.000  herfindahl_index_markets=0.990
10:57:18 [super] FLAGGED 0x7f1329ade2ec162c6f8791dad99125e0dc49801c  prob=0.611 (raw=0.895)  vol=$53,155  trades=147  first_trade=2025-09-28 04:48  winrate=0.000  n_markets_traded=1.000  herfindahl_index_markets=1.000
10:57:18 [super] FLAGGED 0xbaf9b8bde26abd337a2f81efe7f63407288a26b0  prob=0.607 (raw=0.892)  vol=$1,084  trades=7  first_trade=2025-10-07 11:57  winrate=0.000  n_markets_traded=1.000  herfindahl_index_markets=1.000
10:57:18 [super] FLAGGED 0x9b22bbbb31af5b9f544bb366f8392b5ed63b20de  prob=0.605 (raw=0.890)  vol=$753  trades=8  first_trade=2025-10-11 21:50  winrate=0.000  n_markets_traded=1.000  herfindahl_index_markets=1.000
10:57:18 [super] FLAGGED 0x52f4da2ff6caf3ae55496226e6a25f7aa7ef96c7  prob=0.603 (raw=0.888)  vol=$16,923  trades=22  first_trade=2025-10-09 00:32  winrate=0.000  n_markets_traded=2.000  herfindahl_index_markets=0.503
10:57:18 [super] FLAGGED 0xc458b72dd70b189a07d73e2118ff63d6d6141cff  prob=0.602 (raw=0.887)  vol=$1,092  trades=9  first_trade=2025-10-07 08:36  winrate=0.000  n_markets_traded=1.000  herfindahl_index_markets=1.000
10:57:18 [super] FLAGGED 0x60673a3d6fa61da294026fd456f37898c6372e4d  prob=0.591 (raw=0.878)  vol=$330  trades=2  first_trade=2025-07-08 20:10  winrate=0.000  n_markets_traded=1.000  herfindahl_index_markets=1.000
10:57:18 [super] FLAGGED 0x4872bea5de0d63c9762ad43dd134952a3ab6a3ee  prob=0.589 (raw=0.876)  vol=$15,772  trades=40  first_trade=2025-08-23 19:52  winrate=0.000  n_markets_traded=1.000  herfindahl_index_markets=1.000
10:57:18 [super] FLAGGED 0xf4db8e7d8a60423ea2559f45c5c7f066fbc040b9  prob=0.567 (raw=0.856)  vol=$213  trades=2  first_trade=2025-10-21 16:57  winrate=0.000  n_markets_traded=1.000  herfindahl_index_markets=1.000
10:57:18 [super] FLAGGED 0xff03161464ff3b3229bc331430a1bf7ca3ba7c3b  prob=0.563 (raw=0.853)  vol=$200  trades=3  first_trade=2025-10-23 15:09  winrate=0.333  n_markets_traded=3.000  herfindahl_index_markets=0.565
10:57:18 [super] FLAGGED 0xed49defb36f77e74912c0ff38d2667317bad8783  prob=0.560 (raw=0.850)  vol=$1,208  trades=7  first_trade=2025-09-16 20:59  winrate=0.400  n_markets_traded=5.000  herfindahl_index_markets=0.685
10:57:18 [super] FLAGGED 0x06c1d2910ea748c47db6b745acf40301fe8a2727  prob=0.558 (raw=0.849)  vol=$8,840  trades=47  first_trade=2025-09-30 06:34  winrate=0.429  n_markets_traded=7.000  herfindahl_index_markets=0.258
10:57:18 [super] FLAGGED 0xb4800380e14685277d619324096bdfd69da342dc  prob=0.554 (raw=0.845)  vol=$100  trades=5  first_trade=2025-10-12 14:21  winrate=0.000  n_markets_traded=1.000  herfindahl_index_markets=1.000
10:57:18 [super] FLAGGED 0x5daf611bf660152f44c1f7dd8cb3384b824796b5  prob=0.540 (raw=0.833)  vol=$40  trades=3  first_trade=2025-10-16 17:43  winrate=0.000  n_markets_traded=2.000  herfindahl_index_markets=0.592
10:57:18 [super] FLAGGED 0x73234e1ff1d5478eafdb8da0d9ce5f40c5a1d0fc  prob=0.516 (raw=0.812)  vol=$1,718  trades=15  first_trade=2025-10-10 23:32  winrate=0.000  n_markets_traded=1.000  herfindahl_index_markets=1.000
10:57:18 [super] FLAGGED 0xfa7416b32686d204965312dabbf2d8f65e4ef79f  prob=0.508 (raw=0.805)  vol=$3  trades=2  first_trade=2025-09-10 03:33  winrate=0.000  n_markets_traded=3.000  herfindahl_index_markets=0.333
10:57:18 [super] FLAGGED 0xffc725fa08dc54712dddc6df7344e6a1451936b8  prob=0.507 (raw=0.804)  vol=$629  trades=8  first_trade=2025-10-15 17:33  winrate=0.000  n_markets_traded=1.000  herfindahl_index_markets=1.000
10:57:18 [super] FLAGGED 0x71c2f6b0d989453028b7cb0afd61858f3ee34115  prob=0.503 (raw=0.801)  vol=$8,986  trades=28  first_trade=2025-10-10 20:02  winrate=0.300  n_markets_traded=10.000  herfindahl_index_markets=0.403
10:57:18 [super] FLAGGED 0x5de27d424af56637bf162fc0814730008d3cee12  prob=0.499 (raw=0.797)  vol=$2  trades=3  first_trade=2025-10-20 07:33  winrate=0.000  n_markets_traded=1.000  herfindahl_index_markets=1.000
10:57:18 [super] FLAGGED 0xdbb6684746fb5c6c84e659a1a30606ae58337e22  prob=0.495 (raw=0.794)  vol=$602  trades=4  first_trade=2025-10-11 11:33  winrate=0.500  n_markets_traded=2.000  herfindahl_index_markets=0.726
10:57:18 [super] FLAGGED 0xaf28c510bb8e1c212913cf272a2e003ed847d4c6  prob=0.494 (raw=0.793)  vol=$24  trades=2  first_trade=2025-10-18 12:11  winrate=0.231  n_markets_traded=12.000  herfindahl_index_markets=0.427
10:57:18 [super] FLAGGED 0xdcb19a9f2ce21b6073ee96addb107e3ccc4f1ebf  prob=0.491 (raw=0.791)  vol=$2,602  trades=11  first_trade=2025-10-06 11:45  winrate=0.000  n_markets_traded=1.000  herfindahl_index_markets=1.000
10:57:18 [super] FLAGGED 0xdb8bfca9dcf710a7b07a42fa0eb2c5a72e6f8d25  prob=0.488 (raw=0.788)  vol=$2  trades=2  first_trade=2025-09-27 10:39  winrate=0.000  n_markets_traded=7.000  herfindahl_index_markets=0.945
10:57:18 [super] FLAGGED 0xdf52f29300bb186a6e8931d3d58f53ebf95329b7  prob=0.475 (raw=0.777)  vol=$1,785  trades=12  first_trade=2025-10-09 01:14  winrate=0.000  n_markets_traded=7.000  herfindahl_index_markets=0.269
10:57:18 [super] FLAGGED 0x06335c305d038a05fc0e2da1314719883ee7d7d9  prob=0.472 (raw=0.774)  vol=$524  trades=5  first_trade=2025-09-03 13:49  winrate=0.000  n_markets_traded=6.000  herfindahl_index_markets=0.721
10:57:18 [super] FLAGGED 0xa26cfe6701c6e930fd09453ad80e09915ffd2876  prob=0.469 (raw=0.772)  vol=$2  trades=2  first_trade=2025-10-22 11:08  winrate=0.000  n_markets_traded=4.000  herfindahl_index_markets=0.300
10:57:18 [super] FLAGGED 0x8c62dc0a981453ed117d850bd05007782000527b  prob=0.458 (raw=0.762)  vol=$7,463  trades=47  first_trade=2025-10-09 03:41  winrate=0.000  n_markets_traded=1.000  herfindahl_index_markets=1.000
10:57:18 [super] FLAGGED 0x6b1d02532a9ee174fa13719fa049bef831aa4a8c  prob=0.455 (raw=0.760)  vol=$1,164  trades=6  first_trade=2025-10-13 02:17  winrate=0.000  n_markets_traded=2.000  herfindahl_index_markets=0.615
10:57:18 [super] FLAGGED 0x729474de1c15326d1c7a2a92e09c0dc012971760  prob=0.444 (raw=0.750)  vol=$10  trades=2  first_trade=2025-10-18 09:49  winrate=0.000  n_markets_traded=3.000  herfindahl_index_markets=0.378
10:57:18 [super] FLAGGED 0xb92f92d21443681ec740d5b04b3a5a9679cd129c  prob=0.430 (raw=0.738)  vol=$24  trades=2  first_trade=2025-10-18 09:08  winrate=0.000  n_markets_traded=1.000  herfindahl_index_markets=1.000
10:57:18 [super] FLAGGED 0x3f1796822c53e6061abab0393b7923bb3ad06bc6  prob=0.429 (raw=0.737)  vol=$6  trades=2  first_trade=2025-10-13 20:32  winrate=0.261  n_markets_traded=23.000  herfindahl_index_markets=1.000
10:57:18 [super] FLAGGED 0x4feb194d3d16d404f0d85534a3be11b4ec85149b  prob=0.428 (raw=0.736)  vol=$20  trades=3  first_trade=2025-10-16 13:37  winrate=0.000  n_markets_traded=6.000  herfindahl_index_markets=0.502
10:57:18 [super] FLAGGED 0x84ed22516696d4997351738e8678b4618042011b  prob=0.416 (raw=0.726)  vol=$12  trades=2  first_trade=2025-10-18 05:09  winrate=0.000  n_markets_traded=3.000  herfindahl_index_markets=0.333
10:57:18 [super] FLAGGED 0xa9627cd7b190d4d3547840ccd76e39d819ee8978  prob=0.416 (raw=0.725)  vol=$270  trades=5  first_trade=2025-09-04 03:08  winrate=0.000  n_markets_traded=1.000  herfindahl_index_markets=1.000
10:57:18 [super] FLAGGED 0x0861a063fb88396fcbe31a53cc24459ea8ade48c  prob=0.414 (raw=0.724)  vol=$2  trades=2  first_trade=2025-10-21 14:25  winrate=0.000  n_markets_traded=1.000  herfindahl_index_markets=1.000
10:57:18 [super] FLAGGED 0x4e3acf84c074083faef3db54f1a62d0ef326ca2a  prob=0.400 (raw=0.712)  vol=$195  trades=3  first_trade=2025-08-11 01:21  winrate=0.000  n_markets_traded=1.000  herfindahl_index_markets=1.000
10:57:18 [super] FLAGGED 0x75e99c56615ff79deac853cb498012a7dba830af  prob=0.397 (raw=0.709)  vol=$6  trades=2  first_trade=2025-09-23 18:01  winrate=0.143  n_markets_traded=7.000  herfindahl_index_markets=0.578
10:57:18 [super] FLAGGED 0xc7a90a19f01967ca4a8c28cc5807192b763b7c93  prob=0.386 (raw=0.699)  vol=$23  trades=3  first_trade=2025-09-25 17:56  winrate=0.000  n_markets_traded=2.000  herfindahl_index_markets=0.847
10:57:18 [super] FLAGGED 0x56e07375e0266e831395a8b3fc9fe799a6fe6442  prob=0.377 (raw=0.691)  vol=$297  trades=4  first_trade=2025-07-29 13:13  winrate=0.000  n_markets_traded=1.000  herfindahl_index_markets=1.000
10:57:18 [super] FLAGGED 0x4c8a7ed44397d12b7522479814b4ac77a1020e17  prob=0.371 (raw=0.686)  vol=$27  trades=2  first_trade=2025-09-11 16:50  winrate=0.000  n_markets_traded=5.000  herfindahl_index_markets=0.200
10:57:18 [super] FLAGGED 0x39d97489e6368d098156a401c8ab232a6232c24e  prob=0.371 (raw=0.686)  vol=$27  trades=2  first_trade=2025-09-11 16:50  winrate=0.000  n_markets_traded=5.000  herfindahl_index_markets=0.200
10:57:18 [super] FLAGGED 0x687898e3c9957945be1aeb80f9ea3e46b8f3bec2  prob=0.351 (raw=0.667)  vol=$465  trades=6  first_trade=2025-09-19 15:18  winrate=0.000  n_markets_traded=1.000  herfindahl_index_markets=1.000
10:57:18 [super] FLAGGED 0xcd23b8b82026e77d041b4bb72f8b79651ebd4f9e  prob=0.339 (raw=0.655)  vol=$2  trades=2  first_trade=2025-10-22 12:53  winrate=0.000  n_markets_traded=6.000  herfindahl_index_markets=0.219
10:57:18 [super] FLAGGED 0x64e9b129c53030913b6134967375e8bc1b1f9657  prob=0.327 (raw=0.643)  vol=$5,646  trades=26  first_trade=2025-10-11 19:33  winrate=0.000  n_markets_traded=2.000  herfindahl_index_markets=0.530
10:57:18 [super] FLAGGED 0xa0b849dd1b630d33524e4167cb0e08e0e7489546  prob=0.314 (raw=0.631)  vol=$16  trades=2  first_trade=2025-09-29 19:50  winrate=0.000  n_markets_traded=10.000  herfindahl_index_markets=0.182
10:57:18 [super] FLAGGED 0x0d76d59951762d5e41a298b2b99e50175a43d516  prob=0.314 (raw=0.631)  vol=$514  trades=8  first_trade=2025-10-14 14:53  winrate=0.000  n_markets_traded=7.000  herfindahl_index_markets=0.992
10:57:18 [super] FLAGGED 0xec052d86d48ebc7af822a523307c1581ecbb2b59  prob=0.312 (raw=0.628)  vol=$168  trades=4  first_trade=2025-09-12 23:57  winrate=0.000  n_markets_traded=1.000  herfindahl_index_markets=1.000
10:57:18 [super] FLAGGED 0xc9542b03298861d385a7c8fed0503cc8f62d520a  prob=0.308 (raw=0.625)  vol=$116  trades=3  first_trade=2025-09-28 04:58  winrate=0.000  n_markets_traded=1.000  herfindahl_index_markets=1.000
10:57:18 [super] FLAGGED 0x05d372eec6051ca6ae5621a831edf7ee57672f03  prob=0.300 (raw=0.617)  vol=$1,709  trades=9  first_trade=2025-10-14 02:41  winrate=0.000  n_markets_traded=1.000  herfindahl_index_markets=1.000
10:57:18 [super] FLAGGED 0x957015a2400c13cfb8fd2a5d97c2b0b8f9adc030  prob=0.292 (raw=0.609)  vol=$13,915  trades=38  first_trade=2025-08-23 04:27  winrate=0.571  n_markets_traded=13.000  herfindahl_index_markets=0.207
10:57:18 [super] FLAGGED 0xfef2369a9d9b88bc0545320853e2ce616a381470  prob=0.289 (raw=0.606)  vol=$3,574  trades=10  first_trade=2025-10-13 12:01  winrate=0.300  n_markets_traded=10.000  herfindahl_index_markets=0.207
10:57:18 [super] FLAGGED 0xc4439174a5d5f821e173ce86def1d86c3145f19f  prob=0.280 (raw=0.596)  vol=$49,500  trades=19  first_trade=2025-09-12 15:01  winrate=0.667  n_markets_traded=7.000  herfindahl_index_markets=0.500
10:57:18 [super] FLAGGED 0x991e046705420389e108e8d818b88907b35b4cd8  prob=0.273 (raw=0.588)  vol=$1,988  trades=5  first_trade=2025-07-27 17:53  winrate=0.455  n_markets_traded=11.000  herfindahl_index_markets=0.293
10:57:18 [super] FLAGGED 0xa59cf205950f619238ff7d467c235007bfdc6338  prob=0.272 (raw=0.588)  vol=$20,651  trades=79  first_trade=2025-09-12 21:37  winrate=0.000  n_markets_traded=1.000  herfindahl_index_markets=1.000
10:57:18 [super] FLAGGED 0x1295f064976a9879e62a545adfad4604a1c1640d  prob=0.262 (raw=0.576)  vol=$403  trades=8  first_trade=2025-07-29 16:39  winrate=0.000  n_markets_traded=3.000  herfindahl_index_markets=0.976
10:57:18 [super] FLAGGED 0x02ab4be202f33565bbb11da864c547f78e30cda4  prob=0.255 (raw=0.569)  vol=$1,972  trades=8  first_trade=2025-09-16 18:25  winrate=0.000  n_markets_traded=2.000  herfindahl_index_markets=0.500
10:57:18 [super] FLAGGED 0x7a066c7cc5e4a5d5f968d7ed62fdb6d32579fd6e  prob=0.255 (raw=0.569)  vol=$7  trades=2  first_trade=2025-07-30 11:16  winrate=0.000  n_markets_traded=4.000  herfindahl_index_markets=0.481
10:57:18 [super] FLAGGED 0x7445a961421b62ebae524bb1b8feefa50819a86c  prob=0.254 (raw=0.568)  vol=$382  trades=5  first_trade=2025-10-13 08:33  winrate=0.250  n_markets_traded=4.000  herfindahl_index_markets=0.625
10:57:18 [super] FLAGGED 0x78162a0f2925b450a85f5a3e46418f9cbfd6ce35  prob=0.253 (raw=0.566)  vol=$100  trades=3  first_trade=2025-09-02 20:48  winrate=0.000  n_markets_traded=3.000  herfindahl_index_markets=0.621
10:57:18 [super] FLAGGED 0x06f56ecfaece46dfbeea924bd9dcb9fe93178f9c  prob=0.248 (raw=0.561)  vol=$433  trades=7  first_trade=2025-09-19 09:29  winrate=0.000  n_markets_traded=1.000  herfindahl_index_markets=1.000
10:57:18 [super] FLAGGED 0x8e6685180e9f7f1834b218c6755d017d3145d1c2  prob=0.245 (raw=0.557)  vol=$62  trades=5  first_trade=2025-10-13 13:41  winrate=0.000  n_markets_traded=1.000  herfindahl_index_markets=1.000
10:57:18 [super] FLAGGED 0xfe2c78b402dbf18ba921ff0770b461fc2eb16dd6  prob=0.240 (raw=0.552)  vol=$139  trades=2  first_trade=2025-09-03 12:14  winrate=0.625  n_markets_traded=8.000  herfindahl_index_markets=0.537
10:57:18 [super] FLAGGED 0xae87e98c94924ec9791d55886038bc2b561be602  prob=0.240 (raw=0.551)  vol=$4,692  trades=30  first_trade=2025-10-11 09:22  winrate=0.000  n_markets_traded=1.000  herfindahl_index_markets=1.000
10:57:18 [super] FLAGGED 0xcda42a6cb8a68cc33e43148819024704992e5124  prob=0.237 (raw=0.548)  vol=$6  trades=4  first_trade=2025-08-24 09:51  winrate=0.000  n_markets_traded=3.000  herfindahl_index_markets=0.867
10:57:18 [super] FLAGGED 0x573a6177a9cced9bf2cd64e8c9aeb746c068c47c  prob=0.229 (raw=0.538)  vol=$1,733  trades=20  first_trade=2025-09-16 09:43  winrate=0.500  n_markets_traded=2.000  herfindahl_index_markets=0.726
10:57:18 [super] FLAGGED 0x7014771e6ffa7993680ffe90ff41d83de0a3f10d  prob=0.229 (raw=0.538)  vol=$2  trades=2  first_trade=2025-10-16 20:35  winrate=0.000  n_markets_traded=1.000  herfindahl_index_markets=1.000
10:57:18 [super] FLAGGED 0x3c8d501e7f9cf551e50c47c33b3437e8e07262bf  prob=0.225 (raw=0.533)  vol=$99  trades=2  first_trade=2025-07-28 17:19  winrate=0.000  n_markets_traded=3.000  herfindahl_index_markets=0.336
10:57:18 [super] FLAGGED 0x5e353d9ac25ba271540fc8fccd6ecc20769465da  prob=0.219 (raw=0.526)  vol=$23  trades=2  first_trade=2025-10-13 06:51  winrate=0.150  n_markets_traded=20.000  herfindahl_index_markets=0.402
10:57:18 [super] FLAGGED 0x0c07e306ebabe41a927e92707a82e7b334440e6b  prob=0.219 (raw=0.526)  vol=$10  trades=1  first_trade=2025-09-29 13:48  winrate=0.000  n_markets_traded=3.000  herfindahl_index_markets=0.383
10:57:18 [super] FLAGGED 0x2e1b465504fd80ee76f00e37ccecaa82d06b70af  prob=0.217 (raw=0.524)  vol=$2  trades=2  first_trade=2025-10-11 02:12  winrate=0.000  n_markets_traded=5.000  herfindahl_index_markets=0.685
10:57:18 [super] FLAGGED 0x628d20c8541cb8be452eca226521cb7bf99a1f4c  prob=0.215 (raw=0.521)  vol=$6,325  trades=22  first_trade=2025-10-12 11:11  winrate=0.375  n_markets_traded=16.000  herfindahl_index_markets=0.301
10:57:18 [super] FLAGGED 0x12d0e815ac008b418cc54319e7120202149a46e0  prob=0.215 (raw=0.521)  vol=$5  trades=4  first_trade=2025-09-24 17:14  winrate=0.000  n_markets_traded=1.000  herfindahl_index_markets=1.000
10:57:18 [super] FLAGGED 0x005b4400fd20970ae26ad80d287d7b02e7ec8f5f  prob=0.215 (raw=0.521)  vol=$32  trades=2  first_trade=2025-07-24 14:25  winrate=0.000  n_markets_traded=1.000  herfindahl_index_markets=1.000
10:57:18 [super] FLAGGED 0x388f3efeb35c8d3f8510a60807aa06c70dd18b45  prob=0.212 (raw=0.517)  vol=$43  trades=3  first_trade=2025-10-12 16:32  winrate=0.000  n_markets_traded=1.000  herfindahl_index_markets=1.000
10:57:18 [super] FLAGGED 0xf713d93be5c321acb09984705b49f97686115613  prob=0.207 (raw=0.510)  vol=$2  trades=3  first_trade=2025-09-29 07:29  winrate=0.000  n_markets_traded=4.000  herfindahl_index_markets=0.457
10:57:18 [super] FLAGGED 0xdf2e70ec951f9a1c8c2b4847aa3c15e08bd940d3  prob=0.205 (raw=0.508)  vol=$2  trades=2  first_trade=2025-10-13 03:54  winrate=0.000  n_markets_traded=4.000  herfindahl_index_markets=0.984
10:57:18 [super] FLAGGED 0x525635a7aef7221eebf83126e11761ce15b0c969  prob=0.203 (raw=0.505)  vol=$47,000  trades=163  first_trade=2025-10-10 12:00  winrate=0.000  n_markets_traded=1.000  herfindahl_index_markets=1.000
10:57:18 [super] FLAGGED 0x4cc945733087f5cd7cc68186a0bbe264293fd5be  prob=0.202 (raw=0.505)  vol=$4  trades=2  first_trade=2025-09-29 03:49  winrate=0.000  n_markets_traded=1.000  herfindahl_index_markets=1.000
10:57:18 [super] FLAGGED 0xbb571256117c3cc6aaf17ad5fc57db805dae0a7b  prob=0.195 (raw=0.495)  vol=$189  trades=2  first_trade=2025-10-15 03:43  winrate=0.000  n_markets_traded=9.000  herfindahl_index_markets=0.476
10:57:18 [super] FLAGGED 0xaac256038e675aead28d04ba28408e17715624a9  prob=0.195 (raw=0.494)  vol=$818  trades=11  first_trade=2025-10-14 03:02  winrate=0.000  n_markets_traded=1.000  herfindahl_index_markets=1.000
10:57:18 [super] FLAGGED 0xd1c732173672606af1b0b6a2e10aec0cc712848f  prob=0.192 (raw=0.491)  vol=$50  trades=2  first_trade=2025-10-10 21:42  winrate=0.000  n_markets_traded=3.000  herfindahl_index_markets=0.349
10:57:18 [super] FLAGGED 0xb70b10b7c86b1f60a1e362d2aaae20a586d66759  prob=0.188 (raw=0.484)  vol=$2  trades=2  first_trade=2025-09-26 14:21  winrate=0.333  n_markets_traded=6.000  herfindahl_index_markets=0.167
10:57:18 [super] FLAGGED 0xa1acb7c248fa109cb34302723e3e6583698c0115  prob=0.186 (raw=0.482)  vol=$3  trades=2  first_trade=2025-07-22 22:46  winrate=0.000  n_markets_traded=1.000  herfindahl_index_markets=1.000
10:57:18 [super] FLAGGED 0x5f4c2bd53763da6013aee7f52627ce4623811913  prob=0.185 (raw=0.480)  vol=$3  trades=2  first_trade=2025-09-28 17:35  winrate=0.000  n_markets_traded=1.000  herfindahl_index_markets=1.000
10:57:18 [super] FLAGGED 0xc34cde0b144a8efd995288bfd37dd36cfa32fda7  prob=0.183 (raw=0.478)  vol=$183  trades=5  first_trade=2025-09-24 07:22  winrate=0.000  n_markets_traded=5.000  herfindahl_index_markets=0.704
10:57:18 [super] FLAGGED 0x21012889d366af35bb4c5481e8adea5addada657  prob=0.183 (raw=0.478)  vol=$29  trades=2  first_trade=2025-09-26 07:12  winrate=0.000  n_markets_traded=2.000  herfindahl_index_markets=0.500
10:57:18 [super] FLAGGED 0x59836ac10d17a37c87253f629b68f8473307dd68  prob=0.180 (raw=0.473)  vol=$2  trades=2  first_trade=2025-10-13 03:44  winrate=0.200  n_markets_traded=5.000  herfindahl_index_markets=0.596
10:57:18 [super] FLAGGED 0x93785ab88d7dbd6d737680da18debe5a9458f90b  prob=0.177 (raw=0.468)  vol=$5  trades=2  first_trade=2025-09-19 11:50  winrate=0.000  n_markets_traded=2.000  herfindahl_index_markets=0.500
10:57:18 [super] FLAGGED 0x24453c672dad9851260e4efc4c86f6c470f28bda  prob=0.175 (raw=0.466)  vol=$179  trades=2  first_trade=2025-10-14 11:16  winrate=0.167  n_markets_traded=6.000  herfindahl_index_markets=0.330
10:57:18 [super] FLAGGED 0xb8d616b7ef69c42f4efddbab824fbda9417338fb  prob=0.174 (raw=0.465)  vol=$2  trades=2  first_trade=2025-10-20 14:22  winrate=0.000  n_markets_traded=3.000  herfindahl_index_markets=0.333
10:57:18 [super] FLAGGED 0xe94ef542eded9d9aefed183d3ee009eded7d2bf8  prob=0.172 (raw=0.462)  vol=$12  trades=3  first_trade=2025-08-18 19:34  winrate=0.000  n_markets_traded=3.000  herfindahl_index_markets=0.469
10:57:18 [super] FLAGGED 0xabf29842911193a56c5c62ad02d501c09787d9db  prob=0.171 (raw=0.460)  vol=$29  trades=3  first_trade=2025-09-17 09:11  winrate=0.000  n_markets_traded=1.000  herfindahl_index_markets=1.000
10:57:18 [super] FLAGGED 0x0f6352bb0b367f90e5cddace20c818804471835a  prob=0.168 (raw=0.456)  vol=$473  trades=4  first_trade=2025-10-10 23:26  winrate=0.429  n_markets_traded=7.000  herfindahl_index_markets=0.232
10:57:18 [super] FLAGGED 0x509245f30315521ab91f3b6e61bb9cdce7a376ba  prob=0.167 (raw=0.453)  vol=$43,537  trades=40  first_trade=2025-09-10 16:44  winrate=0.000  n_markets_traded=1.000  herfindahl_index_markets=1.000
10:57:18 [super] FLAGGED 0x855ea750bdf706eaf617a8ed208125f828ff40fb  prob=0.166 (raw=0.453)  vol=$7,589  trades=22  first_trade=2025-09-17 00:18  winrate=0.000  n_markets_traded=1.000  herfindahl_index_markets=1.000
10:57:18 [super] FLAGGED 0x92ad15c85299b1dbef6f1dab7ca91e621162c78f  prob=0.166 (raw=0.452)  vol=$4  trades=2  first_trade=2025-10-11 20:56  winrate=0.000  n_markets_traded=1.000  herfindahl_index_markets=1.000
10:57:18 [super] FLAGGED 0xc3e6601179ffde8c75dae60b5bfabf2cd95c5d2b  prob=0.166 (raw=0.452)  vol=$297  trades=7  first_trade=2025-10-12 13:37  winrate=0.655  n_markets_traded=112.000  herfindahl_index_markets=0.511
10:57:18 [super] FLAGGED 0x96b655865919b73776a2ce9993475572f963bcfb  prob=0.164 (raw=0.450)  vol=$360  trades=7  first_trade=2025-10-11 06:06  winrate=0.500  n_markets_traded=2.000  herfindahl_index_markets=0.799
10:57:18 [super] FLAGGED 0xcdaded84698baf60ae9ddb9db6d71cf61f21e9eb  prob=0.164 (raw=0.449)  vol=$10  trades=2  first_trade=2025-09-28 16:48  winrate=0.000  n_markets_traded=3.000  herfindahl_index_markets=0.333
10:57:18 [super] FLAGGED 0xd3d0edd7aa93b7fb3419083f93eee1ca6b293df9  prob=0.161 (raw=0.444)  vol=$14,158  trades=41  first_trade=2025-10-08 14:33  winrate=0.400  n_markets_traded=10.000  herfindahl_index_markets=0.781
10:57:18 [super] FLAGGED 0xe6c481c2338eaf452efd0f1c5f0ec6cbd73eab7f  prob=0.161 (raw=0.444)  vol=$1,841  trades=10  first_trade=2025-10-11 04:02  winrate=0.333  n_markets_traded=3.000  herfindahl_index_markets=0.847
10:57:18 [super] FLAGGED 0x51178946b2270fe6fbae4083835134c600cad36f  prob=0.160 (raw=0.444)  vol=$1,844  trades=4  first_trade=2025-10-14 17:51  winrate=0.000  n_markets_traded=21.000  herfindahl_index_markets=0.075
10:57:18 [super] FLAGGED 0xb3c2146a5ac45cef98aef132e7debe394fa9191d  prob=0.159 (raw=0.441)  vol=$20  trades=3  first_trade=2025-09-20 03:11  winrate=0.111  n_markets_traded=9.000  herfindahl_index_markets=0.326
10:57:18 [super] FLAGGED 0x53e7060d2d89e22fa00fbed5745d0b662b79e252  prob=0.158 (raw=0.439)  vol=$20  trades=3  first_trade=2025-10-10 23:12  winrate=0.000  n_markets_traded=1.000  herfindahl_index_markets=1.000
10:57:18 [super] FLAGGED 0x97c3342befe79adcfcbb63e4037c2737afdaf76a  prob=0.157 (raw=0.438)  vol=$7,246  trades=10  first_trade=2025-10-10 20:13  winrate=0.500  n_markets_traded=2.000  herfindahl_index_markets=0.510
10:57:18 [super] FLAGGED 0x4bee2b016cac154712a7dd51090c8c5bac762d3f  prob=0.157 (raw=0.438)  vol=$2  trades=3  first_trade=2025-10-11 04:58  winrate=0.000  n_markets_traded=1.000  herfindahl_index_markets=1.000
10:57:18 [super] FLAGGED 0xa55a2fc5a4c046933ed32c997a059b6b59d994b0  prob=0.157 (raw=0.437)  vol=$3  trades=2  first_trade=2025-10-11 16:07  winrate=0.000  n_markets_traded=3.000  herfindahl_index_markets=0.335
10:57:18 [super] FLAGGED 0xd88e93578f353faa318f5ef54903cdb1832487c6  prob=0.153 (raw=0.432)  vol=$6  trades=2  first_trade=2025-10-13 08:25  winrate=0.000  n_markets_traded=1.000  herfindahl_index_markets=1.000
10:57:18 [super] FLAGGED 0x7587040a8ee7b511c9efcfded159a00a26ab1554  prob=0.152 (raw=0.429)  vol=$1,944  trades=7  first_trade=2025-10-11 16:23  winrate=0.000  n_markets_traded=2.000  herfindahl_index_markets=0.962
10:57:18 [super] wrote supercompute_willtrumppardonchangpeng_20260701_084048_results.csv
10:57:18 [super] wrote supercompute_willtrumppardonchangpeng_20260701_084048_flagged.csv
10:57:18 [super] log saved to supercompute_willtrumppardonchangpeng_20260701_084048.log
10:57:18 [super] wallets with volume > $1,000, ranked high->low (412 of 3164):
10:57:18 [super] * #2     0xbfe7f475e6bf0a947224a824ce2de9fcebfad95a  prob=0.7013 (raw=0.9814)  vol=$16,489  trades=31  first_trade=2025-10-06 09:16  winrate=0.000  n_markets_traded=1.000  herfindahl_index_markets=1.000
10:57:18 [super] * #3     0xf4604a0828e571a615b53bdaa0cb2c8ee045c31f  prob=0.6987 (raw=0.9788)  vol=$12,880  trades=32  first_trade=2025-08-26 04:16  winrate=0.000  n_markets_traded=1.000  herfindahl_index_markets=1.000
10:57:18 [super] * #5     0x176500db77481722c5b898acaaafaa755508a60b  prob=0.6685 (raw=0.9488)  vol=$11,611  trades=42  first_trade=2025-10-11 13:07  winrate=0.000  n_markets_traded=1.000  herfindahl_index_markets=1.000
10:57:18 [super] * #6     0x98cd52d48600d6149806b50877d954f62cd146a5  prob=0.6659 (raw=0.9463)  vol=$61,217  trades=202  first_trade=2025-09-10 16:04  winrate=0.000  n_markets_traded=1.000  herfindahl_index_markets=1.000
10:57:18 [super] * #7     0xaba9685661f38e50ff226e8e761eaab8d9b13739  prob=0.6653 (raw=0.9457)  vol=$44,745  trades=300  first_trade=2025-08-31 21:29  winrate=0.000  n_markets_traded=1.000  herfindahl_index_markets=1.000
10:57:18 [super] * #9     0xde28593ff757ef2920ae0e0c837eafd0d1888dbd  prob=0.6431 (raw=0.9247)  vol=$1,871  trades=10  first_trade=2025-10-10 20:54  winrate=0.000  n_markets_traded=1.000  herfindahl_index_markets=1.000
10:57:18 [super] * #10    0x78cae507c94ae5bc946d390fac6c4eab569cdc46  prob=0.6421 (raw=0.9237)  vol=$4,033  trades=12  first_trade=2025-10-10 20:10  winrate=0.000  n_markets_traded=1.000  herfindahl_index_markets=1.000
10:57:18 [super] * #11    0x7a0fb229f1cc2ac8f2e42b62d0adc8d2266d5c1d  prob=0.6417 (raw=0.9234)  vol=$5,932  trades=73  first_trade=2025-10-15 07:33  winrate=0.000  n_markets_traded=1.000  herfindahl_index_markets=1.000
10:57:18 [super] * #13    0xa268d4480a3785a3297ee2dbec955bb32e66d60b  prob=0.6315 (raw=0.9139)  vol=$4,879  trades=8  first_trade=2025-10-11 19:29  winrate=0.000  n_markets_traded=6.000  herfindahl_index_markets=0.339
10:57:18 [super] * #15    0x3cc9d14a3be050d8976bc4917e56c32db33eeeb2  prob=0.6244 (raw=0.9074)  vol=$1,008  trades=7  first_trade=2025-10-13 00:21  winrate=0.000  n_markets_traded=2.000  herfindahl_index_markets=0.984
10:57:18 [super] * #16    0x0d809e43222339946787728c10cfbed76a37d3a6  prob=0.6206 (raw=0.9040)  vol=$3,415  trades=16  first_trade=2025-09-17 09:14  winrate=0.000  n_markets_traded=2.000  herfindahl_index_markets=0.990
10:57:18 [super] * #17    0x7f1329ade2ec162c6f8791dad99125e0dc49801c  prob=0.6112 (raw=0.8954)  vol=$53,155  trades=147  first_trade=2025-09-28 04:48  winrate=0.000  n_markets_traded=1.000  herfindahl_index_markets=1.000
10:57:18 [super] * #18    0xbaf9b8bde26abd337a2f81efe7f63407288a26b0  prob=0.6070 (raw=0.8917)  vol=$1,084  trades=7  first_trade=2025-10-07 11:57  winrate=0.000  n_markets_traded=1.000  herfindahl_index_markets=1.000
10:57:18 [super] * #20    0x52f4da2ff6caf3ae55496226e6a25f7aa7ef96c7  prob=0.6033 (raw=0.8883)  vol=$16,923  trades=22  first_trade=2025-10-09 00:32  winrate=0.000  n_markets_traded=2.000  herfindahl_index_markets=0.503
10:57:18 [super] * #21    0xc458b72dd70b189a07d73e2118ff63d6d6141cff  prob=0.6021 (raw=0.8872)  vol=$1,092  trades=9  first_trade=2025-10-07 08:36  winrate=0.000  n_markets_traded=1.000  herfindahl_index_markets=1.000
10:57:18 [super] * #23    0x4872bea5de0d63c9762ad43dd134952a3ab6a3ee  prob=0.5892 (raw=0.8758)  vol=$15,772  trades=40  first_trade=2025-08-23 19:52  winrate=0.000  n_markets_traded=1.000  herfindahl_index_markets=1.000
10:57:18 [super] * #26    0xed49defb36f77e74912c0ff38d2667317bad8783  prob=0.5597 (raw=0.8499)  vol=$1,208  trades=7  first_trade=2025-09-16 20:59  winrate=0.400  n_markets_traded=5.000  herfindahl_index_markets=0.685
10:57:18 [super] * #27    0x06c1d2910ea748c47db6b745acf40301fe8a2727  prob=0.5585 (raw=0.8488)  vol=$8,840  trades=47  first_trade=2025-09-30 06:34  winrate=0.429  n_markets_traded=7.000  herfindahl_index_markets=0.258
10:57:18 [super] * #30    0x73234e1ff1d5478eafdb8da0d9ce5f40c5a1d0fc  prob=0.5160 (raw=0.8122)  vol=$1,718  trades=15  first_trade=2025-10-10 23:32  winrate=0.000  n_markets_traded=1.000  herfindahl_index_markets=1.000
10:57:18 [super] * #33    0x71c2f6b0d989453028b7cb0afd61858f3ee34115  prob=0.5030 (raw=0.8011)  vol=$8,986  trades=28  first_trade=2025-10-10 20:02  winrate=0.300  n_markets_traded=10.000  herfindahl_index_markets=0.403
10:57:18 [super] * #37    0xdcb19a9f2ce21b6073ee96addb107e3ccc4f1ebf  prob=0.4914 (raw=0.7911)  vol=$2,602  trades=11  first_trade=2025-10-06 11:45  winrate=0.000  n_markets_traded=1.000  herfindahl_index_markets=1.000
10:57:18 [super] * #39    0xdf52f29300bb186a6e8931d3d58f53ebf95329b7  prob=0.4746 (raw=0.7766)  vol=$1,785  trades=12  first_trade=2025-10-09 01:14  winrate=0.000  n_markets_traded=7.000  herfindahl_index_markets=0.269
10:57:18 [super] * #42    0x8c62dc0a981453ed117d850bd05007782000527b  prob=0.4578 (raw=0.7622)  vol=$7,463  trades=47  first_trade=2025-10-09 03:41  winrate=0.000  n_markets_traded=1.000  herfindahl_index_markets=1.000
10:57:18 [super] * #43    0x6b1d02532a9ee174fa13719fa049bef831aa4a8c  prob=0.4552 (raw=0.7600)  vol=$1,164  trades=6  first_trade=2025-10-13 02:17  winrate=0.000  n_markets_traded=2.000  herfindahl_index_markets=0.615
10:57:18 [super] * #59    0x64e9b129c53030913b6134967375e8bc1b1f9657  prob=0.3267 (raw=0.6435)  vol=$5,646  trades=26  first_trade=2025-10-11 19:33  winrate=0.000  n_markets_traded=2.000  herfindahl_index_markets=0.530
10:57:18 [super] * #64    0x05d372eec6051ca6ae5621a831edf7ee57672f03  prob=0.2998 (raw=0.6166)  vol=$1,709  trades=9  first_trade=2025-10-14 02:41  winrate=0.000  n_markets_traded=1.000  herfindahl_index_markets=1.000
10:57:18 [super] * #65    0x957015a2400c13cfb8fd2a5d97c2b0b8f9adc030  prob=0.2922 (raw=0.6088)  vol=$13,915  trades=38  first_trade=2025-08-23 04:27  winrate=0.571  n_markets_traded=13.000  herfindahl_index_markets=0.207
10:57:18 [super] * #66    0xfef2369a9d9b88bc0545320853e2ce616a381470  prob=0.2893 (raw=0.6058)  vol=$3,574  trades=10  first_trade=2025-10-13 12:01  winrate=0.300  n_markets_traded=10.000  herfindahl_index_markets=0.207
10:57:18 [super] * #67    0xc4439174a5d5f821e173ce86def1d86c3145f19f  prob=0.2796 (raw=0.5956)  vol=$49,500  trades=19  first_trade=2025-09-12 15:01  winrate=0.667  n_markets_traded=7.000  herfindahl_index_markets=0.500
10:57:18 [super] * #68    0x991e046705420389e108e8d818b88907b35b4cd8  prob=0.2729 (raw=0.5884)  vol=$1,988  trades=5  first_trade=2025-07-27 17:53  winrate=0.455  n_markets_traded=11.000  herfindahl_index_markets=0.293
10:57:18 [super] * #69    0xa59cf205950f619238ff7d467c235007bfdc6338  prob=0.2722 (raw=0.5877)  vol=$20,651  trades=79  first_trade=2025-09-12 21:37  winrate=0.000  n_markets_traded=1.000  herfindahl_index_markets=1.000
10:57:18 [super] * #71    0x02ab4be202f33565bbb11da864c547f78e30cda4  prob=0.2550 (raw=0.5687)  vol=$1,972  trades=8  first_trade=2025-09-16 18:25  winrate=0.000  n_markets_traded=2.000  herfindahl_index_markets=0.500
10:57:18 [super] * #78    0xae87e98c94924ec9791d55886038bc2b561be602  prob=0.2398 (raw=0.5511)  vol=$4,692  trades=30  first_trade=2025-10-11 09:22  winrate=0.000  n_markets_traded=1.000  herfindahl_index_markets=1.000
10:57:18 [super] * #80    0x573a6177a9cced9bf2cd64e8c9aeb746c068c47c  prob=0.2292 (raw=0.5385)  vol=$1,733  trades=20  first_trade=2025-09-16 09:43  winrate=0.500  n_markets_traded=2.000  herfindahl_index_markets=0.726
10:57:18 [super] * #86    0x628d20c8541cb8be452eca226521cb7bf99a1f4c  prob=0.2152 (raw=0.5210)  vol=$6,325  trades=22  first_trade=2025-10-12 11:11  winrate=0.375  n_markets_traded=16.000  herfindahl_index_markets=0.301
10:57:18 [super] * #92    0x525635a7aef7221eebf83126e11761ce15b0c969  prob=0.2026 (raw=0.5048)  vol=$47,000  trades=163  first_trade=2025-10-10 12:00  winrate=0.000  n_markets_traded=1.000  herfindahl_index_markets=1.000
10:57:18 [super] * #109   0x509245f30315521ab91f3b6e61bb9cdce7a376ba  prob=0.1665 (raw=0.4532)  vol=$43,537  trades=40  first_trade=2025-09-10 16:44  winrate=0.000  n_markets_traded=1.000  herfindahl_index_markets=1.000
10:57:18 [super] * #110   0x855ea750bdf706eaf617a8ed208125f828ff40fb  prob=0.1662 (raw=0.4528)  vol=$7,589  trades=22  first_trade=2025-09-17 00:18  winrate=0.000  n_markets_traded=1.000  herfindahl_index_markets=1.000
10:57:18 [super] * #115   0xd3d0edd7aa93b7fb3419083f93eee1ca6b293df9  prob=0.1608 (raw=0.4443)  vol=$14,158  trades=41  first_trade=2025-10-08 14:33  winrate=0.400  n_markets_traded=10.000  herfindahl_index_markets=0.781
10:57:18 [super] * #116   0xe6c481c2338eaf452efd0f1c5f0ec6cbd73eab7f  prob=0.1607 (raw=0.4441)  vol=$1,841  trades=10  first_trade=2025-10-11 04:02  winrate=0.333  n_markets_traded=3.000  herfindahl_index_markets=0.847
10:57:18 [super] * #117   0x51178946b2270fe6fbae4083835134c600cad36f  prob=0.1604 (raw=0.4436)  vol=$1,844  trades=4  first_trade=2025-10-14 17:51  winrate=0.000  n_markets_traded=21.000  herfindahl_index_markets=0.075
10:57:18 [super] * #120   0x97c3342befe79adcfcbb63e4037c2737afdaf76a  prob=0.1569 (raw=0.4380)  vol=$7,246  trades=10  first_trade=2025-10-10 20:13  winrate=0.500  n_markets_traded=2.000  herfindahl_index_markets=0.510
10:57:18 [super] * #124   0x7587040a8ee7b511c9efcfded159a00a26ab1554  prob=0.1517 (raw=0.4294)  vol=$1,944  trades=7  first_trade=2025-10-11 16:23  winrate=0.000  n_markets_traded=2.000  herfindahl_index_markets=0.962
10:57:18 [super]   #134   0x69756a15a0413f14a1c5b4426290fd295c69943a  prob=0.1388 (raw=0.4072)  vol=$3,361  trades=20  first_trade=2025-10-06 16:27  winrate=0.333  n_markets_traded=3.000  herfindahl_index_markets=0.433
10:57:18 [super]   #137   0x0ab7920e0338759ed18f0faeb5aca055a1e7387e  prob=0.1369 (raw=0.4037)  vol=$37,322  trades=50  first_trade=2025-09-11 23:02  winrate=0.429  n_markets_traded=7.000  herfindahl_index_markets=0.663
10:57:18 [super]   #145   0x5a7f1425fb17ea58cc6b97c1b789f23f1f3ab8fe  prob=0.1284 (raw=0.3879)  vol=$15,195  trades=48  first_trade=2025-09-17 00:25  winrate=0.000  n_markets_traded=1.000  herfindahl_index_markets=1.000
10:57:18 [super]   #147   0x287ea75ceddf8cc502102ce85de4af98252704aa  prob=0.1241 (raw=0.3795)  vol=$5,607  trades=17  first_trade=2025-10-13 16:07  winrate=0.000  n_markets_traded=1.000  herfindahl_index_markets=1.000
10:57:18 [super]   #148   0xe8fe291c37a4f078559895446740a26e5bd27f8b  prob=0.1232 (raw=0.3778)  vol=$1,011  trades=4  first_trade=2025-10-12 04:13  winrate=0.000  n_markets_traded=1.000  herfindahl_index_markets=1.000
10:57:18 [super]   #149   0x7605279ba55798eb464689faf25b7aab8acd3e2e  prob=0.1206 (raw=0.3725)  vol=$1,237  trades=9  first_trade=2025-07-27 23:10  winrate=0.000  n_markets_traded=1.000  herfindahl_index_markets=1.000
10:57:18 [super]   #162   0x1218bdbc511e35ba58a1bd5b0402cdf7d148f3e3  prob=0.1098 (raw=0.3497)  vol=$23,271  trades=75  first_trade=2025-10-02 15:26  winrate=0.000  n_markets_traded=1.000  herfindahl_index_markets=1.000
10:57:18 [super]   #168   0xf50e99d4dc0d73ec9363e7a816ca650eed18856e  prob=0.1050 (raw=0.3392)  vol=$1,426  trades=6  first_trade=2025-10-14 12:40  winrate=0.154  n_markets_traded=13.000  herfindahl_index_markets=0.330
10:57:18 [super]   #182   0xd621034a6b61500c52b20ff0eadbd88aa042fd05  prob=0.0983 (raw=0.3233)  vol=$1,528  trades=12  first_trade=2025-10-11 13:15  winrate=0.000  n_markets_traded=4.000  herfindahl_index_markets=0.336
10:57:18 [super]   #183   0x8d0bf020c9bc1fe02d21c724f3da8ac6538c1d34  prob=0.0979 (raw=0.3225)  vol=$22,680  trades=2  first_trade=2025-05-15 07:34  winrate=0.000  n_markets_traded=1.000  herfindahl_index_markets=1.000
10:57:18 [super]   #187   0x6582ef176487b803c60d6b3d90ea6e15100fb3d2  prob=0.0956 (raw=0.3168)  vol=$29,466  trades=104  first_trade=2025-10-13 11:18  winrate=0.000  n_markets_traded=2.000  herfindahl_index_markets=0.944
10:57:18 [super]   #192   0xee798b9b9102f5220a7dba008a03900952637038  prob=0.0890 (raw=0.2998)  vol=$3,820  trades=20  first_trade=2025-10-14 14:41  winrate=0.000  n_markets_traded=4.000  herfindahl_index_markets=0.403
10:57:18 [super]   #193   0xbad26fe5458e6219cec3e40272760e275e835296  prob=0.0875 (raw=0.2958)  vol=$3,481  trades=22  first_trade=2025-09-15 02:42  winrate=NaN  n_markets_traded=NaN  herfindahl_index_markets=NaN
10:57:18 [super]   #199   0xc3103fa1fd05dd1fb5a38b5c87a793c290fa1972  prob=0.0758 (raw=0.2625)  vol=$1,054  trades=11  first_trade=2025-09-12 12:36  winrate=0.500  n_markets_traded=10.000  herfindahl_index_markets=0.178
10:57:18 [super]   #201   0xc7c28ffe1895f9c44d66d76ef23f0c1b39e82f69  prob=0.0750 (raw=0.2599)  vol=$1,085  trades=10  first_trade=2025-10-10 20:00  winrate=0.000  n_markets_traded=1.000  herfindahl_index_markets=1.000
10:57:18 [super]   #202   0xf5fced18abc9f96ddfd3a65f45f148224ba4174a  prob=0.0744 (raw=0.2580)  vol=$1,076  trades=2  first_trade=2025-05-22 09:31  winrate=0.250  n_markets_traded=4.000  herfindahl_index_markets=0.267
10:57:18 [super]   #203   0xa1311e8dcf35bd3f0f3ad0949582862b3ce4dde2  prob=0.0742 (raw=0.2573)  vol=$8,594  trades=27  first_trade=2025-09-24 21:19  winrate=0.125  n_markets_traded=8.000  herfindahl_index_markets=0.358
10:57:18 [super]   #212   0xcd4b91ffb66511c20d92f9f8a257247b15408aa4  prob=0.0692 (raw=0.2412)  vol=$8,248  trades=21  first_trade=2025-07-27 21:44  winrate=0.000  n_markets_traded=4.000  herfindahl_index_markets=0.477
10:57:18 [super]   #216   0x9b7976158d0957c9b12f5c1f34cd5c0af461fbda  prob=0.0665 (raw=0.2320)  vol=$1,382  trades=19  first_trade=2025-10-13 04:30  winrate=0.500  n_markets_traded=2.000  herfindahl_index_markets=0.505
10:57:18 [super]   #234   0x631b6b317be92a13ee918c3542e9033acdb362e1  prob=0.0589 (raw=0.2044)  vol=$19,066  trades=66  first_trade=2025-09-13 09:04  winrate=0.000  n_markets_traded=3.000  herfindahl_index_markets=0.524
10:57:18 [super]   #239   0x584c93c9f767a32b64de4e396e46acab968eca54  prob=0.0574 (raw=0.1986)  vol=$2,263  trades=7  first_trade=2025-09-21 05:11  winrate=0.667  n_markets_traded=3.000  herfindahl_index_markets=0.361
10:57:18 [super]   #241   0xd27652b19293d3bb6157adde1005a1de0356b562  prob=0.0566 (raw=0.1955)  vol=$60,578  trades=176  first_trade=2025-09-12 23:10  winrate=0.562  n_markets_traded=31.000  herfindahl_index_markets=0.504
10:57:18 [super]   #251   0xe25a84f2a1f1896686e6ec6dd92703e512907f82  prob=0.0549 (raw=0.1882)  vol=$2,057  trades=12  first_trade=2025-07-28 08:52  winrate=0.200  n_markets_traded=5.000  herfindahl_index_markets=0.340
10:57:18 [super]   #277   0x2bc53bbd26250735b3860304706e51e7f97406d5  prob=0.0483 (raw=0.1593)  vol=$15,312  trades=46  first_trade=2025-10-10 22:14  winrate=0.556  n_markets_traded=9.000  herfindahl_index_markets=0.165
10:57:18 [super]   #282   0x7c9f00da8ecc6632b8c846997c35bec61f632acc  prob=0.0477 (raw=0.1566)  vol=$1,318  trades=5  first_trade=2025-10-07 05:49  winrate=0.500  n_markets_traded=2.000  herfindahl_index_markets=0.763
10:57:18 [super]   #293   0x17e5540bc696fd3e8b7da9101a93e4835c783d19  prob=0.0468 (raw=0.1523)  vol=$3,642  trades=56  first_trade=2025-09-01 05:02  winrate=NaN  n_markets_traded=NaN  herfindahl_index_markets=NaN
10:57:18 [super]   #294   0x9c5455a809170f3e0f76db3c3c56f6aae921f00e  prob=0.0466 (raw=0.1514)  vol=$1,927  trades=7  first_trade=2025-07-21 14:43  winrate=0.000  n_markets_traded=1.000  herfindahl_index_markets=1.000
10:57:18 [super]   #297   0x6155109ac32c1a25255cddbb7d45c743dca47ebb  prob=0.0465 (raw=0.1509)  vol=$155,861  trades=99  first_trade=2025-10-12 19:59  winrate=0.333  n_markets_traded=12.000  herfindahl_index_markets=0.265
10:57:18 [super]   #300   0xe36dd6dff026bbd7115df6a662ef031c07c5290e  prob=0.0463 (raw=0.1501)  vol=$3,293  trades=19  first_trade=2025-10-10 16:14  winrate=0.030  n_markets_traded=33.000  herfindahl_index_markets=0.599
10:57:18 [super]   #311   0xf3c6c7a2505640750ff5f0cae2b0fd19d695ecd4  prob=0.0451 (raw=0.1438)  vol=$3,328  trades=29  first_trade=2025-09-16 20:53  winrate=0.000  n_markets_traded=5.000  herfindahl_index_markets=0.309
10:57:18 [super]   #312   0xd0edd18fffd9d00254c2d5f1281583a8e7067d22  prob=0.0450 (raw=0.1434)  vol=$2,197  trades=10  first_trade=2025-10-23 15:37  winrate=0.000  n_markets_traded=1.000  herfindahl_index_markets=1.000
10:57:18 [super]   #319   0xa9685b1613e5b85368cd7b0608dfeff6be5aaa45  prob=0.0447 (raw=0.1420)  vol=$3,739  trades=25  first_trade=2025-10-04 00:28  winrate=0.304  n_markets_traded=23.000  herfindahl_index_markets=0.096
10:57:18 [super]   #323   0xd7ea64e9acf4427678febb7cc9baedf7995cdd4e  prob=0.0444 (raw=0.1408)  vol=$9,972  trades=6  first_trade=2025-10-23 15:20  winrate=0.333  n_markets_traded=3.000  herfindahl_index_markets=0.768
10:57:18 [super]   #329   0x52f7397fad9e448c6e8e6d9ec860b91870980db0  prob=0.0441 (raw=0.1388)  vol=$2,697  trades=26  first_trade=2025-09-17 00:46  winrate=0.000  n_markets_traded=1.000  herfindahl_index_markets=1.000
10:57:18 [super]   #331   0x15e78954dd00b16a780ff218d2f58d41d059fa57  prob=0.0440 (raw=0.1384)  vol=$1,429  trades=8  first_trade=2025-10-02 13:41  winrate=0.000  n_markets_traded=1.000  herfindahl_index_markets=1.000
10:57:18 [super]   #334   0x30c800670b83cc43fad1356c9a88c1ceb0b2f51a  prob=0.0437 (raw=0.1370)  vol=$12,877  trades=25  first_trade=2025-10-10 20:05  winrate=0.387  n_markets_traded=31.000  herfindahl_index_markets=0.270
10:57:18 [super]   #365   0x5449f001349cdef1ff088cd0b1352f61cdcbb041  prob=0.0404 (raw=0.1196)  vol=$1,313  trades=8  first_trade=2025-09-20 10:34  winrate=0.000  n_markets_traded=6.000  herfindahl_index_markets=0.407
10:57:18 [super]   #382   0xfb735a2dd082b16c13e3b484807104270254769c  prob=0.0396 (raw=0.1152)  vol=$1,331  trades=9  first_trade=2025-10-14 02:08  winrate=0.000  n_markets_traded=1.000  herfindahl_index_markets=1.000
10:57:18 [super]   #387   0x339435bdae5b70e9407964700331e41b373a2373  prob=0.0394 (raw=0.1137)  vol=$58,910  trades=4  first_trade=2025-05-15 07:34  winrate=0.000  n_markets_traded=4.000  herfindahl_index_markets=0.979
10:57:18 [super]   #401   0xb1eb395f2d8aaa0fb39451e91c827082efa0b842  prob=0.0387 (raw=0.1100)  vol=$1,011  trades=6  first_trade=2025-10-23 15:29  winrate=0.000  n_markets_traded=1.000  herfindahl_index_markets=1.000
10:57:18 [super]   #415   0xde05b0169e91d3cf4f938c0ea1181324ac871aba  prob=0.0382 (raw=0.1068)  vol=$47,541  trades=67  first_trade=2025-09-16 18:45  winrate=0.429  n_markets_traded=7.000  herfindahl_index_markets=0.371
10:57:18 [super]   #441   0xf7514e7a4be5262d56eb0f8b6e09cf555944dc0f  prob=0.0374 (raw=0.1022)  vol=$1,062  trades=10  first_trade=2025-10-12 07:08  winrate=0.000  n_markets_traded=2.000  herfindahl_index_markets=0.563
10:57:18 [super]   #442   0x87bf8c78178916cbc97d2970ce0eeccc2100755f  prob=0.0374 (raw=0.1022)  vol=$71,925  trades=34  first_trade=2025-10-23 15:39  winrate=0.000  n_markets_traded=1.000  herfindahl_index_markets=1.000
10:57:18 [super]   #459   0xe162ccb8d66c78741a4bc65247e0d44a44898a81  prob=0.0370 (raw=0.1000)  vol=$13,220  trades=43  first_trade=2025-07-27 18:28  winrate=0.255  n_markets_traded=46.000  herfindahl_index_markets=0.145
10:57:18 [super]   #472   0xde4dd930f13ec624079387e5acca656cab460b85  prob=0.0367 (raw=0.0978)  vol=$35,329  trades=2  first_trade=2025-05-18 11:03  winrate=0.133  n_markets_traded=15.000  herfindahl_index_markets=0.264
10:57:18 [super]   #482   0x048a6b6ae44b99e7e50523519aec4f995c2d635c  prob=0.0362 (raw=0.0947)  vol=$1,331  trades=30  first_trade=2025-09-30 22:30  winrate=0.182  n_markets_traded=11.000  herfindahl_index_markets=0.161
10:57:18 [super]   #492   0xa25361571af2c343a1118ba3d3c0d8ec2faf7630  prob=0.0359 (raw=0.0931)  vol=$3,100  trades=9  first_trade=2025-09-17 04:51  winrate=0.000  n_markets_traded=3.000  herfindahl_index_markets=0.959
10:57:18 [super]   #493   0xe16dd6cd948aa9c58303db3251fea6dbbd248734  prob=0.0359 (raw=0.0930)  vol=$115,095  trades=336  first_trade=2025-10-13 13:49  winrate=0.111  n_markets_traded=18.000  herfindahl_index_markets=0.160
10:57:18 [super]   #495   0x6500cebe0b874bdb87b0e84bfc4a692f28661225  prob=0.0358 (raw=0.0927)  vol=$3,435  trades=4  first_trade=2025-10-23 16:36  winrate=0.000  n_markets_traded=1.000  herfindahl_index_markets=1.000
10:57:18 [super]   #503   0x1ace22353de9ab89fa7bacc0c38d870857112f19  prob=0.0354 (raw=0.0902)  vol=$14,644  trades=27  first_trade=2025-09-01 16:01  winrate=0.000  n_markets_traded=1.000  herfindahl_index_markets=1.000
10:57:18 [super]   #521   0x514b6067dae5f3554479a68915dd6d470b212b7e  prob=0.0347 (raw=0.0858)  vol=$6,743  trades=12  first_trade=2025-10-23 15:10  winrate=0.941  n_markets_traded=34.000  herfindahl_index_markets=0.057
10:57:18 [super]   #544   0x4621ac1eaf54209b5af75c482702fa490232f0a1  prob=0.0341 (raw=0.0817)  vol=$15,296  trades=81  first_trade=2025-10-11 13:40  winrate=0.400  n_markets_traded=5.000  herfindahl_index_markets=0.445
10:57:18 [super]   #548   0xda684bd56c5dd2f1b455aa6bd243d22c59d97ee2  prob=0.0340 (raw=0.0809)  vol=$7,499  trades=5  first_trade=2025-09-15 02:31  winrate=0.375  n_markets_traded=8.000  herfindahl_index_markets=0.310
10:57:18 [super]   #554   0x8a7902b5f48f0a6eb0bc8fcf1042ab125a36b1a8  prob=0.0339 (raw=0.0805)  vol=$1,043  trades=5  first_trade=2025-09-17 03:25  winrate=0.000  n_markets_traded=1.000  herfindahl_index_markets=1.000
10:57:18 [super]   #555   0x5e46d5eeb9c18de146be8485ddd7b9fc11b3e925  prob=0.0339 (raw=0.0803)  vol=$29,405  trades=13  first_trade=2025-10-23 15:27  winrate=0.000  n_markets_traded=4.000  herfindahl_index_markets=0.384
10:57:18 [super]   #564   0x2f70b46893ddbded13dd6dd103b80ad6374c63b2  prob=0.0337 (raw=0.0789)  vol=$15,118  trades=56  first_trade=2025-10-02 16:49  winrate=0.568  n_markets_traded=44.000  herfindahl_index_markets=0.181
10:57:18 [super]   #567   0x29acbcd37f53c63fbad6ca4e8d5852dfbdaac710  prob=0.0336 (raw=0.0785)  vol=$7,398  trades=26  first_trade=2025-09-16 13:54  winrate=0.300  n_markets_traded=10.000  herfindahl_index_markets=0.482
10:57:18 [super]   #570   0x597eb42c1dd2f4cb3704f7c2998848db38e4cd70  prob=0.0336 (raw=0.0782)  vol=$6,896  trades=37  first_trade=2025-10-10 19:59  winrate=0.160  n_markets_traded=25.000  herfindahl_index_markets=0.091
10:57:18 [super]   #584   0x365af25ad306b9e70f0a757747d430b92ba300e7  prob=0.0332 (raw=0.0760)  vol=$5,149  trades=4  first_trade=2025-10-23 16:26  winrate=0.000  n_markets_traded=1.000  herfindahl_index_markets=1.000
10:57:18 [super]   #585   0x75b91ab1ff5c79db7258311c4707edf37313d289  prob=0.0332 (raw=0.0760)  vol=$1,129  trades=4  first_trade=2025-10-23 16:27  winrate=0.000  n_markets_traded=1.000  herfindahl_index_markets=1.000
10:57:18 [super]   #599   0x502199ac94e65d69a47574d0cb7d13667fd39906  prob=0.0328 (raw=0.0732)  vol=$1,125  trades=5  first_trade=2025-10-11 16:42  winrate=0.467  n_markets_traded=15.000  herfindahl_index_markets=0.328
10:57:18 [super]   #607   0x757d1d89fce4d77dec04f4bcedd74f7bf181a7cc  prob=0.0327 (raw=0.0724)  vol=$4,521  trades=5  first_trade=2025-10-23 15:27  winrate=0.941  n_markets_traded=68.000  herfindahl_index_markets=0.051
10:57:18 [super]   #614   0x3f1ae53a246042d9f5c6bdc538eb5dc4bfda1f35  prob=0.0326 (raw=0.0715)  vol=$1,468  trades=7  first_trade=2025-10-23 17:12  winrate=0.000  n_markets_traded=2.000  herfindahl_index_markets=0.500
10:57:18 [super]   #625   0x991a070841d0e2d6621cb014f68030667cb9d81a  prob=0.0323 (raw=0.0699)  vol=$20,600  trades=87  first_trade=2025-05-05 12:23  winrate=0.409  n_markets_traded=43.000  herfindahl_index_markets=0.123
10:57:18 [super]   #633   0xb1fe66e13edbb425c60628f818115c6a31a79974  prob=0.0322 (raw=0.0687)  vol=$2,492  trades=14  first_trade=2025-10-16 20:24  winrate=NaN  n_markets_traded=0.000  herfindahl_index_markets=0.000
10:57:18 [super]   #635   0xc8e3d8da296180a9745ba947843768fe85225061  prob=0.0321 (raw=0.0685)  vol=$1,932  trades=14  first_trade=2025-10-11 02:47  winrate=0.273  n_markets_traded=11.000  herfindahl_index_markets=0.409
10:57:18 [super]   #640   0x6095156546880e6f542dc65f119a44c7106eb9fb  prob=0.0320 (raw=0.0676)  vol=$8,105  trades=7  first_trade=2025-10-15 21:20  winrate=0.143  n_markets_traded=7.000  herfindahl_index_markets=0.813
10:57:18 [super]   #642   0xbb28f8e0ed7d75eccf2e70d23493fb6adef3abd4  prob=0.0319 (raw=0.0670)  vol=$10,000  trades=3  first_trade=2025-10-23 16:06  winrate=0.250  n_markets_traded=4.000  herfindahl_index_markets=0.643
10:57:18 [super]   #648   0x8e7c3ac61524d237185d663e5943c66598a6ab2a  prob=0.0317 (raw=0.0657)  vol=$5,055  trades=4  first_trade=2025-10-23 16:03  winrate=0.000  n_markets_traded=3.000  herfindahl_index_markets=0.420
10:57:18 [super]   #651   0xc067876a212f648ccd80c409344b738f1041a108  prob=0.0317 (raw=0.0655)  vol=$61,441  trades=4  first_trade=2025-05-18 11:03  winrate=0.154  n_markets_traded=13.000  herfindahl_index_markets=0.266
10:57:18 [super]   #652   0x9c950fcaaa29159d4a6490bb30ad98eb28f43b35  prob=0.0316 (raw=0.0650)  vol=$3,036  trades=11  first_trade=2025-06-15 11:57  winrate=NaN  n_markets_traded=NaN  herfindahl_index_markets=NaN
10:57:18 [super]   #654   0xfbdae62258d92a290e556364c1479aff5bda4fae  prob=0.0315 (raw=0.0643)  vol=$7,328  trades=40  first_trade=2025-09-29 05:16  winrate=0.412  n_markets_traded=17.000  herfindahl_index_markets=0.108
10:57:18 [super]   #660   0x939f21fdbadb23b45e78ef5f9852d692643c6d5e  prob=0.0314 (raw=0.0632)  vol=$101,690  trades=16  first_trade=2025-10-23 16:20  winrate=0.250  n_markets_traded=28.000  herfindahl_index_markets=0.102
10:57:18 [super]   #676   0x25f44292bb6dfa9aadbc3ebb0ef7255aac346cf5  prob=0.0312 (raw=0.0618)  vol=$1,108  trades=6  first_trade=2025-10-18 20:01  winrate=0.000  n_markets_traded=3.000  herfindahl_index_markets=0.518
10:57:18 [super]   #694   0x830e68e26b3b454183b704901273a5ccda2a7099  prob=0.0308 (raw=0.0594)  vol=$6,756  trades=18  first_trade=2025-10-10 19:57  winrate=0.605  n_markets_traded=43.000  herfindahl_index_markets=0.096
10:57:18 [super]   #713   0x3dbcf1bdc71dc0af80e6d63e544a47e52592ac39  prob=0.0305 (raw=0.0569)  vol=$1,111  trades=4  first_trade=2025-10-23 15:31  winrate=0.308  n_markets_traded=13.000  herfindahl_index_markets=0.270
10:57:18 [super]   #718   0xf5d1d070865cfac18c29aa9fc12eda659b9767cc  prob=0.0304 (raw=0.0561)  vol=$1,116  trades=41  first_trade=2025-09-07 14:27  winrate=NaN  n_markets_traded=0.000  herfindahl_index_markets=0.000
10:57:18 [super]   #721   0x39056d00cbd08321eb45bc59064d0b58946c6022  prob=0.0303 (raw=0.0558)  vol=$3,199  trades=21  first_trade=2025-10-12 03:57  winrate=0.000  n_markets_traded=29.000  herfindahl_index_markets=0.293
10:57:18 [super]   #722   0x5c7d0f8133ed2ec8419525251579978c53ac182a  prob=0.0303 (raw=0.0558)  vol=$3,719  trades=11  first_trade=2025-07-21 10:32  winrate=0.100  n_markets_traded=10.000  herfindahl_index_markets=0.209
10:57:18 [super]   #744   0x66b7cbb7f1b40a1815db16d23a2baf9c0cbb5400  prob=0.0300 (raw=0.0531)  vol=$43,530  trades=5  first_trade=2025-05-16 09:56  winrate=0.071  n_markets_traded=14.000  herfindahl_index_markets=0.265
10:57:18 [super]   #745   0x39b10dc99997ebcf88c3775e10ad96fc05fd9124  prob=0.0300 (raw=0.0531)  vol=$12,015  trades=53  first_trade=2025-10-01 08:14  winrate=0.367  n_markets_traded=30.000  herfindahl_index_markets=0.184
10:57:18 [super]   #767   0x3bf593f710e1f06c4a30173fd77ebe50f2c37a6a  prob=0.0297 (raw=0.0508)  vol=$2,038  trades=27  first_trade=2025-10-13 12:41  winrate=0.528  n_markets_traded=107.000  herfindahl_index_markets=0.082
10:57:18 [super]   #768   0xed0ccadc6b0920b9014c84fdb6d171490c205e23  prob=0.0297 (raw=0.0508)  vol=$4,356  trades=7  first_trade=2025-08-06 20:17  winrate=0.480  n_markets_traded=25.000  herfindahl_index_markets=0.091
10:57:18 [super]   #814   0x02dfecb4f59e6440b7a64774a465d1197c43b85a  prob=0.0292 (raw=0.0470)  vol=$2,621  trades=16  first_trade=2025-09-13 16:50  winrate=0.667  n_markets_traded=3.000  herfindahl_index_markets=0.362
10:57:18 [super]   #817   0xfe4a2942a8385548201d8665233daec4d6a5bc74  prob=0.0291 (raw=0.0466)  vol=$1,524  trades=9  first_trade=2025-08-01 13:32  winrate=0.500  n_markets_traded=36.000  herfindahl_index_markets=0.063
10:57:18 [super]   #846   0x0902c9395cc5a4345d22eb80f1c7bd09fc70c8ac  prob=0.0287 (raw=0.0432)  vol=$9,346  trades=17  first_trade=2025-10-01 19:54  winrate=0.346  n_markets_traded=26.000  herfindahl_index_markets=0.213
10:57:18 [super]   #850   0xa53f87333882dc94736faf2ac7eab21df3f0f455  prob=0.0286 (raw=0.0430)  vol=$20,250  trades=35  first_trade=2025-10-10 19:58  winrate=0.325  n_markets_traded=40.000  herfindahl_index_markets=0.070
10:57:18 [super]   #879   0x5bc4d9addd8597eb34e255d97cc194f4d78bf44f  prob=0.0283 (raw=0.0401)  vol=$2,190  trades=10  first_trade=2025-10-10 19:59  winrate=NaN  n_markets_traded=0.000  herfindahl_index_markets=0.000
10:57:18 [super]   #887   0x5903843b1b114ab5bcf1fc120a24ca91cfd0f218  prob=0.0282 (raw=0.0395)  vol=$1,091  trades=26  first_trade=2025-09-30 11:51  winrate=NaN  n_markets_traded=0.000  herfindahl_index_markets=0.000
10:57:18 [super]   #888   0x941ed83f40655dbbd0b0dd92f06e98a3a3fd9775  prob=0.0282 (raw=0.0394)  vol=$3,566  trades=28  first_trade=2025-09-29 02:57  winrate=NaN  n_markets_traded=0.000  herfindahl_index_markets=0.000
10:57:18 [super]   #902   0x07ca1c3044cdcbfe0672d4807b797675a692740a  prob=0.0280 (raw=0.0380)  vol=$4,864  trades=26  first_trade=2025-10-13 18:07  winrate=0.333  n_markets_traded=18.000  herfindahl_index_markets=0.340
10:57:18 [super]   #917   0xf9c7bb73850c142b491ae88f1ed12a71ace6efa3  prob=0.0279 (raw=0.0372)  vol=$2,500  trades=2  first_trade=2025-10-23 16:09  winrate=0.167  n_markets_traded=6.000  herfindahl_index_markets=0.184
10:57:18 [super]   #927   0xac83ab4adf1f652b21ca6c09e16bae596f15eaaa  prob=0.0278 (raw=0.0364)  vol=$10,085  trades=25  first_trade=2025-10-13 09:07  winrate=NaN  n_markets_traded=0.000  herfindahl_index_markets=0.000
10:57:18 [super]   #931   0xbacd00c9080a82ded56f504ee8810af732b0ab35  prob=0.0277 (raw=0.0359)  vol=$11,843  trades=141  first_trade=2025-09-17 00:25  winrate=NaN  n_markets_traded=0.000  herfindahl_index_markets=0.000
10:57:18 [super]   #934   0x1955273c5691a1330e264e9daf07411ba913aef1  prob=0.0277 (raw=0.0356)  vol=$60,169  trades=99  first_trade=2025-10-02 12:48  winrate=0.616  n_markets_traded=103.000  herfindahl_index_markets=0.057
10:57:18 [super]   #950   0xbc6ab2ffa75631dcd28638b9de0b2f45a269e784  prob=0.0276 (raw=0.0346)  vol=$39,924  trades=4  first_trade=2025-05-16 09:56  winrate=0.125  n_markets_traded=16.000  herfindahl_index_markets=0.265
10:57:18 [super]   #959   0x040132ad73b02bf2aa81539abc2db3d29c522f0e  prob=0.0275 (raw=0.0342)  vol=$1,270  trades=10  first_trade=2025-09-25 19:03  winrate=0.478  n_markets_traded=23.000  herfindahl_index_markets=0.130
10:57:18 [super]   #963   0xc4383c04e3a5d5e53c0f124fed08cf4d13e03ae6  prob=0.0275 (raw=0.0339)  vol=$3,046  trades=11  first_trade=2025-10-15 20:02  winrate=0.300  n_markets_traded=10.000  herfindahl_index_markets=0.114
10:57:18 [super]   #964   0xf7142dbb370851b09f03d42e6013a16a866c74d6  prob=0.0275 (raw=0.0339)  vol=$17,640  trades=72  first_trade=2025-07-28 23:24  winrate=0.364  n_markets_traded=22.000  herfindahl_index_markets=0.110
10:57:18 [super]   #970   0x0bef22cdcd1ba381eb3fef414dbc77b97ced2126  prob=0.0274 (raw=0.0336)  vol=$23,999  trades=16  first_trade=2025-10-23 16:12  winrate=0.407  n_markets_traded=27.000  herfindahl_index_markets=0.984
10:57:18 [super]   #995   0x1675c7aada10c5c437f8af3b79cd2f34c958a52a  prob=0.0273 (raw=0.0322)  vol=$15,881  trades=55  first_trade=2025-08-31 16:58  winrate=0.333  n_markets_traded=6.000  herfindahl_index_markets=0.284
10:57:18 [super]   #1006  0xb12e62d51d71466d58b293c84f4cb9c77e532408  prob=0.0272 (raw=0.0316)  vol=$40,315  trades=60  first_trade=2025-09-29 02:27  winrate=0.565  n_markets_traded=23.000  herfindahl_index_markets=0.088
10:57:18 [super]   #1007  0xfebbea0ea18c12a36687ca1b27d01169724679bc  prob=0.0272 (raw=0.0315)  vol=$1,831  trades=31  first_trade=2025-10-15 07:04  winrate=0.200  n_markets_traded=15.000  herfindahl_index_markets=0.335
10:57:18 [super]   #1015  0x1cda836ae58a68fbe3994dcb49c9b5c5a7b3608c  prob=0.0271 (raw=0.0311)  vol=$9,012  trades=5  first_trade=2025-10-23 16:06  winrate=0.125  n_markets_traded=24.000  herfindahl_index_markets=0.073
10:57:18 [super]   #1043  0xd2b8e73e3bd41432ef7ad3de1bde60b50efd9d3b  prob=0.0270 (raw=0.0296)  vol=$10,967  trades=2  first_trade=2025-10-23 16:34  winrate=0.684  n_markets_traded=57.000  herfindahl_index_markets=0.060
10:57:18 [super]   #1055  0x83a296505eb520c9d35823571204ced41fd69452  prob=0.0269 (raw=0.0291)  vol=$13,367  trades=4  first_trade=2025-10-23 15:09  winrate=NaN  n_markets_traded=0.000  herfindahl_index_markets=0.000
10:57:18 [super]   #1056  0xeee46aec8c46d40151467635d79718e0d56afe63  prob=0.0269 (raw=0.0290)  vol=$102,264  trades=4  first_trade=2025-04-24 09:19  winrate=0.050  n_markets_traded=20.000  herfindahl_index_markets=0.268
10:57:18 [super]   #1057  0x1cd0b92c6143530408bbe8c2202f9f80b5b24516  prob=0.0269 (raw=0.0290)  vol=$1,063  trades=12  first_trade=2025-08-02 07:34  winrate=0.286  n_markets_traded=7.000  herfindahl_index_markets=0.238
10:57:18 [super]   #1062  0x76d779224fa87f3684c728ce7608312e9768d604  prob=0.0268 (raw=0.0287)  vol=$2,275  trades=5  first_trade=2025-09-03 10:36  winrate=0.389  n_markets_traded=36.000  herfindahl_index_markets=0.354
10:57:18 [super]   #1068  0x7308b04e30e855f344924f599b7eb3c26cdec177  prob=0.0268 (raw=0.0283)  vol=$1,380  trades=33  first_trade=2025-09-13 13:16  winrate=0.337  n_markets_traded=169.000  herfindahl_index_markets=0.035
10:57:18 [super]   #1076  0x05dfd81903aae6f5caa20e1c1dd1d472728a882d  prob=0.0267 (raw=0.0278)  vol=$3,990  trades=25  first_trade=2025-09-16 11:49  winrate=0.345  n_markets_traded=27.000  herfindahl_index_markets=0.314
10:57:18 [super]   #1079  0xc91879e958915f0d909ec52c92dd80f5dd7a3415  prob=0.0267 (raw=0.0275)  vol=$6,860  trades=12  first_trade=2025-09-12 21:42  winrate=0.690  n_markets_traded=29.000  herfindahl_index_markets=0.409
10:57:18 [super]   #1080  0x245c0d55014784c4263e465461951c6a2d2d2486  prob=0.0267 (raw=0.0274)  vol=$2,898  trades=92  first_trade=2025-10-09 02:30  winrate=NaN  n_markets_traded=0.000  herfindahl_index_markets=0.000
10:57:18 [super]   #1088  0xbf0d1b08aa25a9d9ec1e1d1c27bca4a797b34056  prob=0.0266 (raw=0.0270)  vol=$1,938  trades=3  first_trade=2025-10-23 15:39  winrate=0.583  n_markets_traded=12.000  herfindahl_index_markets=0.144
10:57:18 [super]   #1098  0x9db778f46b7c9b458045764a67ff4afcae917e1f  prob=0.0266 (raw=0.0265)  vol=$93,295  trades=72  first_trade=2025-09-16 21:06  winrate=NaN  n_markets_traded=0.000  herfindahl_index_markets=0.000
10:57:18 [super]   #1108  0x584eee598b341109592b985c1a253ab044fa090f  prob=0.0265 (raw=0.0259)  vol=$1,347  trades=32  first_trade=2025-10-11 17:49  winrate=NaN  n_markets_traded=0.000  herfindahl_index_markets=0.000
10:57:18 [super]   #1114  0x77e595582f4509ff3672c58c143e44bddcc2ec41  prob=0.0265 (raw=0.0258)  vol=$1,073  trades=12  first_trade=2025-10-10 19:58  winrate=0.555  n_markets_traded=189.000  herfindahl_index_markets=0.168
10:57:18 [super]   #1122  0xb20bdfccff289b23cb0e6df825b1cfa724228da0  prob=0.0264 (raw=0.0254)  vol=$1,071  trades=34  first_trade=2025-10-10 19:57  winrate=NaN  n_markets_traded=0.000  herfindahl_index_markets=0.000
10:57:18 [super]   #1132  0x9c17e9189705130c93366b279f873c9f3fec83c8  prob=0.0264 (raw=0.0251)  vol=$41,408  trades=153  first_trade=2025-09-02 19:41  winrate=0.200  n_markets_traded=30.000  herfindahl_index_markets=0.055
10:57:18 [super]   #1147  0x843a6da3886cf889435cf0920659a00a68db8070  prob=0.0263 (raw=0.0245)  vol=$1,370  trades=4  first_trade=2025-09-16 21:06  winrate=0.460  n_markets_traded=49.000  herfindahl_index_markets=0.108
10:57:18 [super]   #1161  0x51c8a1d58cbcc318a59e48ec58aad58f20e65c6b  prob=0.0262 (raw=0.0237)  vol=$5,055  trades=20  first_trade=2025-10-07 15:30  winrate=0.391  n_markets_traded=23.000  herfindahl_index_markets=0.086
10:57:18 [super]   #1172  0x7250144558b5cabc99063205fe6e428c770b5468  prob=0.0262 (raw=0.0234)  vol=$2,455  trades=92  first_trade=2025-08-31 20:39  winrate=NaN  n_markets_traded=0.000  herfindahl_index_markets=0.000
10:57:18 [super]   #1182  0xcebfb65b59b4348b5b0d74e27fdaf6b5cec99e38  prob=0.0262 (raw=0.0231)  vol=$1,770  trades=22  first_trade=2025-10-12 01:34  winrate=0.089  n_markets_traded=56.000  herfindahl_index_markets=0.111
10:57:18 [super]   #1184  0xdb5cd875e245b6621db8b73c6e7a594cf7d7a435  prob=0.0261 (raw=0.0229)  vol=$7,783  trades=27  first_trade=2025-09-24 10:27  winrate=0.273  n_markets_traded=22.000  herfindahl_index_markets=0.149
10:57:18 [super]   #1205  0xd9ca1475024b29a22bf36e725790a50686894c32  prob=0.0261 (raw=0.0221)  vol=$1,066  trades=9  first_trade=2025-10-12 11:15  winrate=0.238  n_markets_traded=21.000  herfindahl_index_markets=0.072
10:57:18 [super]   #1232  0x727c691b23074ed0edbcf42596168dd971c98cb9  prob=0.0259 (raw=0.0211)  vol=$2,063  trades=45  first_trade=2025-09-14 09:35  winrate=0.000  n_markets_traded=4.000  herfindahl_index_markets=0.666
10:57:18 [super]   #1233  0x5fc93b3435dd2e33b5ad6d096e3ef51b1f83f722  prob=0.0259 (raw=0.0211)  vol=$3,946  trades=8  first_trade=2025-10-23 15:10  winrate=0.500  n_markets_traded=8.000  herfindahl_index_markets=0.228
10:57:18 [super]   #1236  0x43440ab002eaac9fede6f9d21bea96d84228f90d  prob=0.0259 (raw=0.0210)  vol=$21,329  trades=233  first_trade=2025-04-21 03:48  winrate=NaN  n_markets_traded=0.000  herfindahl_index_markets=0.000
10:57:18 [super]   #1243  0xc602e34792d9a5e129f3404daef2df43d1d37fc1  prob=0.0259 (raw=0.0207)  vol=$1,093  trades=21  first_trade=2025-09-26 19:05  winrate=NaN  n_markets_traded=0.000  herfindahl_index_markets=0.000
10:57:18 [super]   #1244  0xbd3d538183d71a8f283e743f60b04c3c571b742f  prob=0.0259 (raw=0.0207)  vol=$1,015  trades=2  first_trade=2025-07-30 11:10  winrate=0.354  n_markets_traded=48.000  herfindahl_index_markets=0.105
10:57:18 [super]   #1248  0x7fec55e0c6fcf2f448492481598fe72d58f0c965  prob=0.0259 (raw=0.0206)  vol=$1,362  trades=50  first_trade=2025-10-11 09:22  winrate=NaN  n_markets_traded=0.000  herfindahl_index_markets=0.000
10:57:18 [super]   #1251  0x653a0d59592692a966bc1023b941fa14cb91bb03  prob=0.0259 (raw=0.0205)  vol=$3,237  trades=5  first_trade=2025-09-18 06:06  winrate=0.562  n_markets_traded=48.000  herfindahl_index_markets=0.042
10:57:18 [super]   #1252  0x188b535930a7ccb0eb4da8625f4db6c92c896003  prob=0.0259 (raw=0.0204)  vol=$4,842  trades=26  first_trade=2025-07-29 09:53  winrate=0.444  n_markets_traded=108.000  herfindahl_index_markets=0.035
10:57:18 [super]   #1256  0x0a7aaf83341b52df34e8ffef52aa295538d6df1b  prob=0.0258 (raw=0.0204)  vol=$3,555  trades=50  first_trade=2025-08-23 19:52  winrate=NaN  n_markets_traded=0.000  herfindahl_index_markets=0.000
10:57:18 [super]   #1263  0x398dafc40ced1757f33a263d809f18666ba5c7c3  prob=0.0258 (raw=0.0202)  vol=$26,445  trades=7  first_trade=2025-09-12 15:08  winrate=0.457  n_markets_traded=43.000  herfindahl_index_markets=0.100
10:57:18 [super]   #1271  0x5a97206795de10e0e8e54ae5f7d21e3d8c479319  prob=0.0258 (raw=0.0201)  vol=$15,213  trades=72  first_trade=2025-09-10 09:26  winrate=0.100  n_markets_traded=10.000  herfindahl_index_markets=0.145
10:57:18 [super]   #1275  0x63bf159cea68e4cdb63a66140a249d19cf8ee319  prob=0.0258 (raw=0.0200)  vol=$19,463  trades=109  first_trade=2025-07-13 21:42  winrate=0.358  n_markets_traded=47.000  herfindahl_index_markets=0.060
10:57:18 [super]   #1287  0x52c5cb3f57f9ebe2e73f94e261d0f01ee484a3b6  prob=0.0257 (raw=0.0195)  vol=$1,217  trades=55  first_trade=2025-10-12 03:17  winrate=0.500  n_markets_traded=4.000  herfindahl_index_markets=0.373
10:57:18 [super]   #1298  0x80965cc1738a429ecad016f189b32952f2daf6a4  prob=0.0257 (raw=0.0193)  vol=$74,141  trades=2  first_trade=2025-04-24 09:19  winrate=0.000  n_markets_traded=14.000  herfindahl_index_markets=0.265
10:57:18 [super]   #1299  0xbb9f224569285cb57f433bbe2e71f9b8a11b557b  prob=0.0257 (raw=0.0192)  vol=$7,575  trades=116  first_trade=2025-06-26 09:29  winrate=NaN  n_markets_traded=0.000  herfindahl_index_markets=0.000
10:57:18 [super]   #1301  0xf03140f6e9719d0e53b727b76fe0d1c9edf489b5  prob=0.0257 (raw=0.0192)  vol=$1,075  trades=15  first_trade=2025-05-19 10:57  winrate=NaN  n_markets_traded=0.000  herfindahl_index_markets=0.000
10:57:18 [super]   #1305  0xfa9c6f43908d35409dca045fc087f033f3ba3421  prob=0.0257 (raw=0.0191)  vol=$2,039  trades=11  first_trade=2025-09-01 09:12  winrate=0.239  n_markets_traded=46.000  herfindahl_index_markets=0.062
10:57:18 [super]   #1313  0xa61d107a5e66448c6f4871294e232ffaae11df1a  prob=0.0257 (raw=0.0189)  vol=$1,285  trades=6  first_trade=2025-10-10 22:44  winrate=0.747  n_markets_traded=323.000  herfindahl_index_markets=0.030
10:57:18 [super]   #1316  0xb9a47a26e0cf07f3444c502ebdfa8a9e3d7b996d  prob=0.0257 (raw=0.0188)  vol=$2,432  trades=19  first_trade=2025-09-26 14:02  winrate=0.259  n_markets_traded=54.000  herfindahl_index_markets=0.246
10:57:18 [super]   #1322  0x357ecb1969b0a288d37e6a28223e620ef2082a0c  prob=0.0257 (raw=0.0188)  vol=$25,159  trades=10  first_trade=2025-10-21 21:42  winrate=NaN  n_markets_traded=0.000  herfindahl_index_markets=0.000
10:57:18 [super]   #1327  0xd48a81db62f742c4e42d86dfc23a7ee345366e90  prob=0.0256 (raw=0.0187)  vol=$1,694  trades=3  first_trade=2025-09-23 13:22  winrate=NaN  n_markets_traded=0.000  herfindahl_index_markets=0.000
10:57:18 [super]   #1330  0x21d0c129deb8a7f7e1569045200d20e23862ce91  prob=0.0256 (raw=0.0186)  vol=$15,833  trades=240  first_trade=2025-05-09 16:31  winrate=NaN  n_markets_traded=0.000  herfindahl_index_markets=0.000
10:57:18 [super]   #1336  0xd4421becafa064df0087e5cc81428223929608c1  prob=0.0256 (raw=0.0185)  vol=$2,493  trades=20  first_trade=2025-09-13 13:14  winrate=0.526  n_markets_traded=19.000  herfindahl_index_markets=0.216
10:57:18 [super]   #1339  0xc9f9a7610efa67b8614c3152f50af2bd9db6c5e8  prob=0.0256 (raw=0.0184)  vol=$1,034  trades=12  first_trade=2025-10-13 01:56  winrate=0.111  n_markets_traded=9.000  herfindahl_index_markets=0.222
10:57:18 [super]   #1351  0xe8e3e18d8b92d6d29b3449fad94003641a29f4a0  prob=0.0256 (raw=0.0180)  vol=$1,733  trades=10  first_trade=2025-10-18 05:10  winrate=0.500  n_markets_traded=64.000  herfindahl_index_markets=0.118
10:57:18 [super]   #1356  0x0fc0d96996b1c77bf01c31c1130d1bdd99584cad  prob=0.0255 (raw=0.0178)  vol=$1,019  trades=2  first_trade=2025-10-23 16:29  winrate=0.754  n_markets_traded=57.000  herfindahl_index_markets=0.047
10:57:18 [super]   #1357  0x11026bfaed5a021de832c0f4eb24add193b6fc9a  prob=0.0255 (raw=0.0178)  vol=$2,760  trades=4  first_trade=2025-05-22 09:31  winrate=0.222  n_markets_traded=9.000  herfindahl_index_markets=0.179
10:57:18 [super]   #1360  0xe44503bf19dc453e3afb4dd27dbceaec7b00e8df  prob=0.0255 (raw=0.0177)  vol=$1,994  trades=9  first_trade=2025-10-11 20:46  winrate=0.333  n_markets_traded=12.000  herfindahl_index_markets=0.184
10:57:18 [super]   #1361  0xde0463ea7f611b065e8ab06bbfbddad75e6dfa37  prob=0.0255 (raw=0.0177)  vol=$29,903  trades=280  first_trade=2025-07-10 04:05  winrate=NaN  n_markets_traded=0.000  herfindahl_index_markets=0.000
10:57:18 [super]   #1389  0xed322eac0406328b804d160915364b72e3f820d6  prob=0.0254 (raw=0.0167)  vol=$4,510  trades=39  first_trade=2025-10-15 22:32  winrate=0.508  n_markets_traded=169.000  herfindahl_index_markets=0.023
10:57:18 [super]   #1405  0x34b16f87b09dfed7c6ee596b4816653fc387bc54  prob=0.0254 (raw=0.0162)  vol=$12,857  trades=35  first_trade=2025-05-31 15:50  winrate=0.379  n_markets_traded=29.000  herfindahl_index_markets=0.127
10:57:18 [super]   #1423  0xce69c031d67298404f8ad5bf03eaab5c61813e08  prob=0.0253 (raw=0.0154)  vol=$1,282  trades=16  first_trade=2025-09-17 08:56  winrate=0.581  n_markets_traded=254.000  herfindahl_index_markets=0.040
10:57:18 [super]   #1425  0xb412326d42c1fa00846c44eaae8fd2f6f0a53026  prob=0.0253 (raw=0.0153)  vol=$4,850  trades=7  first_trade=2025-09-12 07:17  winrate=NaN  n_markets_traded=0.000  herfindahl_index_markets=0.000
10:57:18 [super]   #1431  0x79f8d5d229d8ac35263cdffd2adde616f8429f03  prob=0.0252 (raw=0.0152)  vol=$21,571  trades=111  first_trade=2025-09-17 07:41  winrate=0.692  n_markets_traded=26.000  herfindahl_index_markets=0.123
10:57:18 [super]   #1446  0x4aaefd543cc6519c12748669f5e4b5daedcdd563  prob=0.0252 (raw=0.0148)  vol=$2,946  trades=7  first_trade=2025-10-13 03:37  winrate=NaN  n_markets_traded=0.000  herfindahl_index_markets=0.000
10:57:18 [super]   #1450  0xff91fc43922d2df759238ac2bb8d3eb549ce6786  prob=0.0252 (raw=0.0147)  vol=$2,300  trades=4  first_trade=2025-05-19 14:50  winrate=0.176  n_markets_traded=17.000  herfindahl_index_markets=0.081
10:57:18 [super]   #1474  0x2eba0bd81e35707040c4dc84071b3bb90d32ffa3  prob=0.0251 (raw=0.0139)  vol=$6,063  trades=109  first_trade=2025-07-30 08:13  winrate=0.056  n_markets_traded=18.000  herfindahl_index_markets=0.119
10:57:18 [super]   #1482  0x7f2928f6f7626b13fbac2d566b834e4764fc0760  prob=0.0251 (raw=0.0137)  vol=$1,434  trades=34  first_trade=2025-10-04 14:15  winrate=NaN  n_markets_traded=0.000  herfindahl_index_markets=0.000
10:57:18 [super]   #1486  0xe103707480b4f1625bce4084795f91ac503459fd  prob=0.0251 (raw=0.0136)  vol=$22,830  trades=75  first_trade=2025-09-12 16:10  winrate=NaN  n_markets_traded=0.000  herfindahl_index_markets=0.000
10:57:18 [super]   #1489  0x89cd944aa9cf528142e3557099c6992eb7ce4d7d  prob=0.0250 (raw=0.0135)  vol=$14,160  trades=11  first_trade=2025-10-23 15:11  winrate=NaN  n_markets_traded=0.000  herfindahl_index_markets=0.000
10:57:18 [super]   #1500  0x4d2dd9a9729332a79719f91ea4b03004f254c755  prob=0.0250 (raw=0.0133)  vol=$5,790  trades=4  first_trade=2025-10-23 16:03  winrate=0.379  n_markets_traded=29.000  herfindahl_index_markets=0.205
10:57:18 [super]   #1544  0xc92d584ce67f3a7d460e24d9e47fb3c8aa352497  prob=0.0249 (raw=0.0121)  vol=$1,139  trades=13  first_trade=2025-09-12 11:13  winrate=0.302  n_markets_traded=43.000  herfindahl_index_markets=0.071
10:57:18 [super]   #1561  0x75e765216a57942d738d880ffcda854d9f869080  prob=0.0248 (raw=0.0117)  vol=$3,677  trades=31  first_trade=2025-09-11 02:38  winrate=NaN  n_markets_traded=0.000  herfindahl_index_markets=0.000
10:57:18 [super]   #1605  0x34134e7c29b654c4f53ec213e6f35808b3f05204  prob=0.0248 (raw=0.0110)  vol=$45,123  trades=634  first_trade=2025-06-05 02:04  winrate=NaN  n_markets_traded=0.000  herfindahl_index_markets=0.000
10:57:18 [super]   #1622  0x25da6fe473176ce361ae7da73eadcc3f6f526772  prob=0.0247 (raw=0.0107)  vol=$4,300  trades=4  first_trade=2025-10-23 16:03  winrate=0.286  n_markets_traded=14.000  herfindahl_index_markets=0.228
10:57:18 [super]   #1631  0x495c7239205ea7500374e87e024c50258bfd512b  prob=0.0247 (raw=0.0105)  vol=$1,170  trades=7  first_trade=2025-10-12 09:27  winrate=0.432  n_markets_traded=208.000  herfindahl_index_markets=0.286
10:57:18 [super]   #1639  0xefe28e8e83b6bfadd3871340f577aa83b1d1b68c  prob=0.0247 (raw=0.0104)  vol=$2,048  trades=7  first_trade=2025-10-23 15:33  winrate=0.646  n_markets_traded=48.000  herfindahl_index_markets=0.057
10:57:18 [super]   #1646  0xdc8d49e3317dab913726f10c75a6dff742c784bc  prob=0.0247 (raw=0.0103)  vol=$23,780  trades=7  first_trade=2025-10-23 15:09  winrate=NaN  n_markets_traded=0.000  herfindahl_index_markets=0.000
10:57:18 [super]   #1649  0xf0f6b5ac824ea202d312f46e7f701eeae354f699  prob=0.0247 (raw=0.0103)  vol=$3,878  trades=15  first_trade=2025-10-10 19:59  winrate=NaN  n_markets_traded=0.000  herfindahl_index_markets=0.000
10:57:18 [super]   #1670  0x34f9a6c6ceed499b4f95dcceb2856d22b2a30540  prob=0.0246 (raw=0.0099)  vol=$3,071  trades=39  first_trade=2025-09-16 13:57  winrate=0.258  n_markets_traded=31.000  herfindahl_index_markets=0.123
10:57:18 [super]   #1671  0xb288f3c7caba69fc224e07031510f1e4dc04abbb  prob=0.0246 (raw=0.0099)  vol=$1,310  trades=10  first_trade=2025-09-14 16:49  winrate=0.188  n_markets_traded=16.000  herfindahl_index_markets=0.101
10:57:18 [super]   #1698  0xa58d4f278d7953cd38eeb929f7e242bfc7c0b9b8  prob=0.0246 (raw=0.0096)  vol=$1,466  trades=39  first_trade=2025-04-18 13:23  winrate=NaN  n_markets_traded=0.000  herfindahl_index_markets=0.000
10:57:18 [super]   #1701  0x5f5be567196fe36552f79dca5dac8d7a2132b598  prob=0.0246 (raw=0.0095)  vol=$4,361  trades=47  first_trade=2025-09-13 13:27  winrate=0.286  n_markets_traded=7.000  herfindahl_index_markets=0.463
10:57:18 [super]   #1704  0x4ff3dca8fb04a3967dbd4e8142cbc5ee0155d376  prob=0.0246 (raw=0.0094)  vol=$1,902  trades=24  first_trade=2025-10-10 20:00  winrate=0.317  n_markets_traded=63.000  herfindahl_index_markets=0.049
10:57:18 [super]   #1705  0x21401388f7dbedade66302976ccddf70ba383f88  prob=0.0246 (raw=0.0094)  vol=$12,765  trades=8  first_trade=2025-10-23 15:10  winrate=0.380  n_markets_traded=50.000  herfindahl_index_markets=0.136
10:57:18 [super]   #1714  0xc684828f6b03487759ced2ebdd975f91f3532228  prob=0.0246 (raw=0.0093)  vol=$20,772  trades=386  first_trade=2025-07-10 04:05  winrate=NaN  n_markets_traded=0.000  herfindahl_index_markets=0.000
10:57:18 [super]   #1716  0xa757acbbdb747a8e70005145060cd029dc43cb9f  prob=0.0246 (raw=0.0093)  vol=$4,964  trades=26  first_trade=2025-10-10 19:57  winrate=0.857  n_markets_traded=21.000  herfindahl_index_markets=0.107
10:57:18 [super]   #1728  0x1018fa33923d8b0f4b0f8a0822ee045d46027264  prob=0.0245 (raw=0.0091)  vol=$5,220  trades=69  first_trade=2025-09-03 11:42  winrate=NaN  n_markets_traded=0.000  herfindahl_index_markets=0.000
10:57:18 [super]   #1736  0xa82b0e89cf734e2fa70cbd52ca65c77d64595220  prob=0.0245 (raw=0.0090)  vol=$4,730  trades=31  first_trade=2025-09-19 07:35  winrate=NaN  n_markets_traded=0.000  herfindahl_index_markets=0.000
10:57:18 [super]   #1741  0x712f47fcc0d828bffe121dbf485f9e29e76db93b  prob=0.0245 (raw=0.0090)  vol=$15,895  trades=36  first_trade=2025-08-05 23:52  winrate=NaN  n_markets_traded=0.000  herfindahl_index_markets=0.000
10:57:18 [super]   #1763  0xf27ada57ebf7bc791f2909cac5c52a2035731d05  prob=0.0245 (raw=0.0088)  vol=$1,097  trades=23  first_trade=2025-04-18 02:36  winrate=NaN  n_markets_traded=0.000  herfindahl_index_markets=0.000
10:57:18 [super]   #1766  0x1eb47ac742855ca5a65d34dbe0332058740bd00f  prob=0.0245 (raw=0.0087)  vol=$43,951  trades=30  first_trade=2025-10-13 09:05  winrate=0.621  n_markets_traded=28.000  herfindahl_index_markets=0.179
10:57:18 [super]   #1768  0x4a86353a4c7d93f7a68fb802656a253824602220  prob=0.0245 (raw=0.0087)  vol=$8,630  trades=51  first_trade=2025-08-02 00:17  winrate=0.468  n_markets_traded=47.000  herfindahl_index_markets=0.128
10:57:18 [super]   #1776  0x551b3b17d7004e8d8798a43a2196705e9968dfd1  prob=0.0245 (raw=0.0087)  vol=$1,969  trades=8  first_trade=2025-10-13 07:38  winrate=0.382  n_markets_traded=33.000  herfindahl_index_markets=0.111
10:57:18 [super]   #1786  0x28d551a09b42bb4737fad4297d50e27656168433  prob=0.0245 (raw=0.0086)  vol=$1,236  trades=8  first_trade=2025-09-04 21:19  winrate=0.280  n_markets_traded=25.000  herfindahl_index_markets=0.082
10:57:18 [super]   #1790  0x57b00c3ccef1b6bd6962fb9ca463c4e0b38e76f4  prob=0.0245 (raw=0.0085)  vol=$6,740  trades=100  first_trade=2025-08-24 03:30  winrate=NaN  n_markets_traded=0.000  herfindahl_index_markets=0.000
10:57:18 [super]   #1793  0xf87bfd6edd5826aa45299f33e355e1a8f8d9180a  prob=0.0245 (raw=0.0085)  vol=$2,989  trades=95  first_trade=2025-09-10 16:44  winrate=NaN  n_markets_traded=0.000  herfindahl_index_markets=0.000
10:57:18 [super]   #1808  0xce255643c0ca29a20860c975e66e06a4558cdad8  prob=0.0245 (raw=0.0084)  vol=$6,382  trades=2  first_trade=2025-10-23 15:10  winrate=0.745  n_markets_traded=53.000  herfindahl_index_markets=0.169
10:57:18 [super]   #1817  0xf04f22dc1abe59cbab20ac3f0105669deb60bb1e  prob=0.0245 (raw=0.0083)  vol=$8,921  trades=25  first_trade=2025-09-15 08:35  winrate=0.750  n_markets_traded=40.000  herfindahl_index_markets=0.146
10:57:18 [super]   #1820  0x15683d9f4c2d7bd1f95181836102d5467091c958  prob=0.0245 (raw=0.0083)  vol=$2,739  trades=28  first_trade=2025-09-18 03:48  winrate=0.259  n_markets_traded=27.000  herfindahl_index_markets=0.076
10:57:18 [super]   #1825  0x05fe7ca7bca1e41283140f3cc34ed49c81ea4687  prob=0.0245 (raw=0.0083)  vol=$2,515  trades=81  first_trade=2025-10-12 01:14  winrate=0.333  n_markets_traded=6.000  herfindahl_index_markets=0.238
10:57:18 [super]   #1827  0x510904c9a58f5c5ad799a1b44947077564175e9c  prob=0.0245 (raw=0.0082)  vol=$1,086  trades=29  first_trade=2025-10-15 01:28  winrate=NaN  n_markets_traded=0.000  herfindahl_index_markets=0.000
10:57:18 [super]   #1844  0x7bb7bccc02fec3d93b311695a42b251e465e44f2  prob=0.0244 (raw=0.0081)  vol=$7,488  trades=14  first_trade=2025-08-03 20:34  winrate=NaN  n_markets_traded=0.000  herfindahl_index_markets=0.000
10:57:18 [super]   #1865  0x0509d64aac136cbc253b7e208e4bacfe6c786e98  prob=0.0244 (raw=0.0079)  vol=$5,756  trades=138  first_trade=2025-09-25 13:55  winrate=NaN  n_markets_traded=0.000  herfindahl_index_markets=0.000
10:57:18 [super]   #1871  0xcdb1f1ef8213c06911e4ba6a884176c5571e276c  prob=0.0244 (raw=0.0078)  vol=$6,909  trades=22  first_trade=2025-10-10 19:57  winrate=NaN  n_markets_traded=0.000  herfindahl_index_markets=0.000
10:57:18 [super]   #1873  0x0f779044b20ce15133bbde2777ab4fe56003a9a9  prob=0.0244 (raw=0.0078)  vol=$3,413  trades=44  first_trade=2025-07-02 04:04  winrate=0.331  n_markets_traded=156.000  herfindahl_index_markets=0.042
10:57:18 [super]   #1906  0xb2a3bf58e527714ffa8e4de52218186cd658e321  prob=0.0244 (raw=0.0076)  vol=$64,573  trades=32  first_trade=2025-10-23 15:30  winrate=NaN  n_markets_traded=0.000  herfindahl_index_markets=0.000
10:57:18 [super]   #1914  0x6523020e1e90a8ed56e9afa0a848e06c650f795c  prob=0.0244 (raw=0.0075)  vol=$1,173  trades=38  first_trade=2025-08-11 06:28  winrate=0.167  n_markets_traded=12.000  herfindahl_index_markets=0.117
10:57:18 [super]   #1916  0x04957a2ad7b6e97da8df8c8174dbbb0d91e2c68f  prob=0.0244 (raw=0.0075)  vol=$1,136  trades=14  first_trade=2025-09-16 17:59  winrate=0.156  n_markets_traded=45.000  herfindahl_index_markets=0.114
10:57:18 [super]   #1926  0xdd225a03cd7ed89e3931906c67c75ab31cf89ef1  prob=0.0244 (raw=0.0074)  vol=$12,255  trades=78  first_trade=2025-10-10 20:03  winrate=NaN  n_markets_traded=0.000  herfindahl_index_markets=0.000
10:57:18 [super]   #1936  0xe74995389bfc1c24ca656e6c2502c1fca757f771  prob=0.0244 (raw=0.0073)  vol=$8,172  trades=32  first_trade=2025-05-20 00:52  winrate=0.435  n_markets_traded=44.000  herfindahl_index_markets=0.112
10:57:18 [super]   #1953  0xcce2b7c71f21e358b8e5e797e586cbc03160d58b  prob=0.0243 (raw=0.0072)  vol=$8,009  trades=10  first_trade=2025-07-06 02:37  winrate=0.595  n_markets_traded=163.000  herfindahl_index_markets=0.022
10:57:18 [super]   #1971  0x7df61ca342c9b53ba9b4c60745718ed48a77ac3b  prob=0.0243 (raw=0.0070)  vol=$1,263  trades=53  first_trade=2025-09-12 16:52  winrate=NaN  n_markets_traded=0.000  herfindahl_index_markets=0.000
10:57:18 [super]   #1979  0xe3ba0ecd4e557c15f853cb434ac4937569649e00  prob=0.0243 (raw=0.0069)  vol=$86,553  trades=196  first_trade=2025-07-21 10:32  winrate=0.695  n_markets_traded=81.000  herfindahl_index_markets=0.059
10:57:18 [super]   #1997  0x6af68466ed24c0d3e515fa4dab6fd1898dff296e  prob=0.0243 (raw=0.0067)  vol=$1,272  trades=12  first_trade=2025-08-03 18:23  winrate=0.651  n_markets_traded=107.000  herfindahl_index_markets=0.039
10:57:18 [super]   #2002  0x1521b47bf0c41f6b7fd3ad41cdec566812c8f23e  prob=0.0243 (raw=0.0067)  vol=$155,473  trades=47  first_trade=2025-10-23 15:40  winrate=NaN  n_markets_traded=0.000  herfindahl_index_markets=0.000
10:57:18 [super]   #2005  0x01e780afbdef38366938ab8e7ddd66410db089b4  prob=0.0243 (raw=0.0067)  vol=$1,283  trades=24  first_trade=2025-08-15 08:38  winrate=0.625  n_markets_traded=16.000  herfindahl_index_markets=0.116
10:57:18 [super]   #2008  0x5ce3c43f2b2be1b51ec5f4920acbf7340733f779  prob=0.0243 (raw=0.0066)  vol=$1,305  trades=3  first_trade=2025-10-16 19:03  winrate=0.544  n_markets_traded=106.000  herfindahl_index_markets=0.125
10:57:18 [super]   #2020  0x7842b9934ea3ed4c829b6d4287f0d0da91c34d91  prob=0.0243 (raw=0.0065)  vol=$2,792  trades=33  first_trade=2025-08-23 21:04  winrate=NaN  n_markets_traded=0.000  herfindahl_index_markets=0.000
10:57:18 [super]   #2021  0xa0c37cb0587b0dd1542f794bcfa345762bba5b9a  prob=0.0243 (raw=0.0065)  vol=$28,226  trades=703  first_trade=2025-09-13 15:56  winrate=NaN  n_markets_traded=0.000  herfindahl_index_markets=0.000
10:57:18 [super]   #2026  0x3077107aec4fdb39386b1513dfbed2b088ea02b3  prob=0.0243 (raw=0.0065)  vol=$34,045  trades=13  first_trade=2025-07-01 22:28  winrate=0.741  n_markets_traded=26.000  herfindahl_index_markets=0.249
10:57:18 [super]   #2027  0xd347d7126544117049413eec897683fab68e5205  prob=0.0243 (raw=0.0065)  vol=$2,553  trades=27  first_trade=2025-08-30 10:15  winrate=NaN  n_markets_traded=0.000  herfindahl_index_markets=0.000
10:57:18 [super]   #2055  0x8861f0bb5e0c19474ba73beeadc13ed8915beed6  prob=0.0242 (raw=0.0063)  vol=$5,750  trades=6  first_trade=2025-07-17 03:39  winrate=0.500  n_markets_traded=31.000  herfindahl_index_markets=0.123
10:57:18 [super]   #2057  0x1dc78302de1aa507954b76bb3a4df8b593d9302d  prob=0.0242 (raw=0.0063)  vol=$5,920  trades=31  first_trade=2025-07-21 22:47  winrate=0.340  n_markets_traded=52.000  herfindahl_index_markets=0.131
10:57:18 [super]   #2059  0x79fd0affe1c9394f44f6e942414d39bb75af78ce  prob=0.0242 (raw=0.0063)  vol=$1,267  trades=3  first_trade=2025-10-02 01:54  winrate=NaN  n_markets_traded=0.000  herfindahl_index_markets=0.000
10:57:18 [super]   #2072  0x4cb5ec560735efca23f76f2dd152b74bc6a9b536  prob=0.0242 (raw=0.0062)  vol=$8,351  trades=27  first_trade=2025-10-11 14:10  winrate=0.605  n_markets_traded=26.000  herfindahl_index_markets=0.128
10:57:18 [super]   #2079  0x4b0b9085394ed5fd1bc6ba1fb08cf5f96bf73f0b  prob=0.0242 (raw=0.0062)  vol=$1,115  trades=45  first_trade=2025-08-24 15:13  winrate=NaN  n_markets_traded=0.000  herfindahl_index_markets=0.000
10:57:18 [super]   #2098  0xe154165732b79548f7533fc45168b102dd7a0b7f  prob=0.0242 (raw=0.0060)  vol=$4,312  trades=46  first_trade=2025-08-23 19:52  winrate=NaN  n_markets_traded=0.000  herfindahl_index_markets=0.000
10:57:18 [super]   #2105  0x033dc6e3e3e0a3ae55402576990392ae910aaf05  prob=0.0242 (raw=0.0060)  vol=$3,479  trades=33  first_trade=2025-07-18 22:21  winrate=NaN  n_markets_traded=0.000  herfindahl_index_markets=0.000
10:57:18 [super]   #2111  0xa8af4c7923857533b687df9bf02115156e3a325e  prob=0.0242 (raw=0.0060)  vol=$1,425  trades=12  first_trade=2025-10-10 16:14  winrate=NaN  n_markets_traded=0.000  herfindahl_index_markets=0.000
10:57:18 [super]   #2118  0x6630c34aa5836d4610fb6303d0ee9d966cd42f4e  prob=0.0242 (raw=0.0059)  vol=$1,307  trades=27  first_trade=2025-09-11 16:19  winrate=NaN  n_markets_traded=0.000  herfindahl_index_markets=0.000
10:57:18 [super]   #2121  0x6b0ebbef2630b9a0da35594bf7ddd1911246e3ea  prob=0.0242 (raw=0.0059)  vol=$11,703  trades=1209  first_trade=2025-08-10 22:03  winrate=NaN  n_markets_traded=0.000  herfindahl_index_markets=0.000
10:57:18 [super]   #2129  0xa09b031d6588b5f4923f7e02bed30c0a6742db3d  prob=0.0242 (raw=0.0057)  vol=$10,202  trades=14  first_trade=2025-10-23 15:09  winrate=0.436  n_markets_traded=95.000  herfindahl_index_markets=0.034
10:57:18 [super]   #2134  0xa02febf8d14fe860272f8462c56b61a8f204e4b1  prob=0.0242 (raw=0.0057)  vol=$1,555  trades=16  first_trade=2025-05-10 14:56  winrate=0.192  n_markets_traded=23.000  herfindahl_index_markets=0.301
10:57:18 [super]   #2137  0x3832289e6aca6b9444f6d9a4a2a8392f434535e1  prob=0.0242 (raw=0.0057)  vol=$1,181  trades=11  first_trade=2025-07-27 18:03  winrate=0.389  n_markets_traded=166.000  herfindahl_index_markets=0.056
10:57:18 [super]   #2139  0xab1cab72897cb41d07b925107b065a88465b35a7  prob=0.0242 (raw=0.0057)  vol=$12,870  trades=19  first_trade=2025-10-23 15:32  winrate=0.357  n_markets_traded=14.000  herfindahl_index_markets=0.240
10:57:18 [super]   #2157  0xdaef2be2a19ad331737d06545f85615b094554e9  prob=0.0241 (raw=0.0055)  vol=$10,906  trades=66  first_trade=2025-09-18 10:03  winrate=NaN  n_markets_traded=0.000  herfindahl_index_markets=0.000
10:57:18 [super]   #2160  0x38e59b36aae31b164200d0cad7c3fe5e0ee795e7  prob=0.0241 (raw=0.0055)  vol=$17,616  trades=704  first_trade=2025-05-10 05:14  winrate=NaN  n_markets_traded=0.000  herfindahl_index_markets=0.000
10:57:18 [super]   #2165  0x5235578efe24555b0c98e7dc10a902b09089c04a  prob=0.0241 (raw=0.0054)  vol=$7,199  trades=122  first_trade=2025-06-16 13:12  winrate=NaN  n_markets_traded=0.000  herfindahl_index_markets=0.000
10:57:18 [super]   #2167  0xc3e45193d37ec34b82129adfc46abff7bb415bf6  prob=0.0241 (raw=0.0054)  vol=$2,934  trades=4  first_trade=2025-10-10 20:05  winrate=NaN  n_markets_traded=0.000  herfindahl_index_markets=0.000
10:57:18 [super]   #2170  0x0e3f2d643887f9427980a905a01260bf3c48896d  prob=0.0241 (raw=0.0054)  vol=$2,089  trades=23  first_trade=2025-08-13 04:31  winrate=0.636  n_markets_traded=55.000  herfindahl_index_markets=0.199
10:57:18 [super]   #2173  0x238766f0ae9b8f37fd8789e646a53bac30c02a96  prob=0.0241 (raw=0.0053)  vol=$1,238  trades=8  first_trade=2025-10-15 13:21  winrate=0.335  n_markets_traded=311.000  herfindahl_index_markets=0.036
10:57:18 [super]   #2175  0x7d26d98cd61a2de8ce4a37a05cf9537ec85fa7d1  prob=0.0241 (raw=0.0053)  vol=$6,956  trades=42  first_trade=2025-07-01 09:22  winrate=NaN  n_markets_traded=0.000  herfindahl_index_markets=0.000
10:57:18 [super]   #2179  0x6c70700453e5d316bbd2c35af8732b780244ad5a  prob=0.0241 (raw=0.0053)  vol=$2,612  trades=17  first_trade=2025-10-14 22:04  winrate=0.462  n_markets_traded=13.000  herfindahl_index_markets=0.151
10:57:18 [super]   #2180  0x2ff1797eebc8aa658ca38c0ae55246c1cea072eb  prob=0.0241 (raw=0.0053)  vol=$8,087  trades=24  first_trade=2025-10-11 15:56  winrate=0.524  n_markets_traded=82.000  herfindahl_index_markets=0.055
10:57:18 [super]   #2186  0xe0718185ae103323d86b4eb687cb439b8d10f836  prob=0.0241 (raw=0.0053)  vol=$1,031  trades=13  first_trade=2025-09-21 21:31  winrate=NaN  n_markets_traded=0.000  herfindahl_index_markets=0.000
10:57:18 [super]   #2191  0x490f66ea703fc8fae19fd231c9921e3f4c0c17e5  prob=0.0241 (raw=0.0052)  vol=$7,347  trades=363  first_trade=2025-06-23 20:44  winrate=NaN  n_markets_traded=0.000  herfindahl_index_markets=0.000
10:57:18 [super]   #2196  0xbb9655f5883280f926934474b21437d3f7339545  prob=0.0241 (raw=0.0052)  vol=$3,116  trades=16  first_trade=2025-09-14 12:39  winrate=0.466  n_markets_traded=73.000  herfindahl_index_markets=0.108
10:57:18 [super]   #2200  0x68bd8124879e7642756d97b8915ad77ae387290f  prob=0.0241 (raw=0.0052)  vol=$1,600  trades=5  first_trade=2025-07-21 11:46  winrate=0.184  n_markets_traded=37.000  herfindahl_index_markets=0.054
10:57:18 [super]   #2208  0xe797f4b772cc9e342ef48d867787f4edcf9c2b36  prob=0.0241 (raw=0.0051)  vol=$5,448  trades=75  first_trade=2025-09-24 07:22  winrate=0.500  n_markets_traded=58.000  herfindahl_index_markets=0.078
10:57:18 [super]   #2218  0x8e8cf968a888c72a45627be3660d1c815d4c6657  prob=0.0241 (raw=0.0051)  vol=$1,474  trades=5  first_trade=2025-10-13 07:10  winrate=NaN  n_markets_traded=0.000  herfindahl_index_markets=0.000
10:57:18 [super]   #2223  0x644b6e48414e55628e29449ef6f9d6df26dd2145  prob=0.0241 (raw=0.0051)  vol=$1,269  trades=12  first_trade=2025-10-13 16:55  winrate=0.339  n_markets_traded=110.000  herfindahl_index_markets=0.017
10:57:18 [super]   #2224  0x12d6cccfc7470a3f4bafc53599a4779cbf2cf2a8  prob=0.0241 (raw=0.0050)  vol=$9,204  trades=68  first_trade=2025-09-13 13:48  winrate=NaN  n_markets_traded=0.000  herfindahl_index_markets=0.000
10:57:18 [super]   #2229  0x8485a7710421d51e63a834910b906b146edcc13e  prob=0.0241 (raw=0.0050)  vol=$2,890  trades=42  first_trade=2025-09-12 22:08  winrate=NaN  n_markets_traded=0.000  herfindahl_index_markets=0.000
10:57:18 [super]   #2238  0x84207208bc185f902f452ea384d81560c9876183  prob=0.0241 (raw=0.0050)  vol=$14,180  trades=422  first_trade=2025-09-04 17:17  winrate=NaN  n_markets_traded=0.000  herfindahl_index_markets=0.000
10:57:18 [super]   #2242  0xddf262060b3e8a403dac6a678651fc9f504f19a3  prob=0.0241 (raw=0.0050)  vol=$4,378  trades=6  first_trade=2025-10-23 15:09  winrate=0.429  n_markets_traded=7.000  herfindahl_index_markets=0.182
10:57:18 [super]   #2249  0x15740055904cab8a8b743f2f6f5428122f8764c9  prob=0.0241 (raw=0.0049)  vol=$1,455  trades=4  first_trade=2025-09-13 07:39  winrate=NaN  n_markets_traded=0.000  herfindahl_index_markets=0.000
10:57:18 [super]   #2250  0x23cb796cf58bfa12352f0164f479deedbd50658e  prob=0.0241 (raw=0.0049)  vol=$16,267  trades=437  first_trade=2025-09-18 16:41  winrate=NaN  n_markets_traded=0.000  herfindahl_index_markets=0.000
10:57:18 [super]   #2254  0x73208f3ef621fb4238743a2edf48ecd5c4c35ef3  prob=0.0241 (raw=0.0049)  vol=$3,788  trades=32  first_trade=2025-10-08 13:22  winrate=0.610  n_markets_traded=105.000  herfindahl_index_markets=0.064
10:57:18 [super]   #2268  0x5fe50c22621779e031322c5becb110d1fa0d8b99  prob=0.0241 (raw=0.0048)  vol=$1,370  trades=242  first_trade=2025-04-21 08:58  winrate=NaN  n_markets_traded=0.000  herfindahl_index_markets=0.000
10:57:18 [super]   #2271  0xc851cd9bee7d262afd78674f861f9f576a12cd2a  prob=0.0241 (raw=0.0048)  vol=$61,247  trades=148  first_trade=2025-09-12 17:08  winrate=NaN  n_markets_traded=0.000  herfindahl_index_markets=0.000
10:57:18 [super]   #2287  0xe7f7e2d3d4d0e164239f3cc30a7928f4209de73b  prob=0.0241 (raw=0.0048)  vol=$1,198  trades=2  first_trade=2025-10-23 16:30  winrate=NaN  n_markets_traded=0.000  herfindahl_index_markets=0.000
10:57:18 [super]   #2289  0xdd287fd025c76163eeb23345c3a8595f728a374a  prob=0.0241 (raw=0.0048)  vol=$2,941  trades=25  first_trade=2025-06-01 08:31  winrate=0.639  n_markets_traded=56.000  herfindahl_index_markets=0.076
10:57:18 [super]   #2294  0x88a4c018a847995d2813d9499c2e7b8c7a33510c  prob=0.0241 (raw=0.0048)  vol=$2,371  trades=18  first_trade=2025-10-14 12:24  winrate=0.464  n_markets_traded=28.000  herfindahl_index_markets=0.062
10:57:18 [super]   #2295  0xb7e90681f15a36e24591baf24645f84726b6bdac  prob=0.0241 (raw=0.0048)  vol=$8,991  trades=13  first_trade=2025-10-23 16:26  winrate=NaN  n_markets_traded=0.000  herfindahl_index_markets=0.000
10:57:18 [super]   #2311  0x32b61f77818ee062a1cf0ad4312752879e1a2f9f  prob=0.0241 (raw=0.0047)  vol=$1,547  trades=17  first_trade=2025-10-10 21:30  winrate=0.464  n_markets_traded=153.000  herfindahl_index_markets=0.100
10:57:18 [super]   #2312  0x9d84ce0306f8551e02efef1680475fc0f1dc1344  prob=0.0241 (raw=0.0047)  vol=$16,141  trades=197  first_trade=2025-08-09 08:20  winrate=NaN  n_markets_traded=0.000  herfindahl_index_markets=0.000
10:57:18 [super]   #2316  0x3b7b03427034fe97f88e22053595500c7105f74e  prob=0.0241 (raw=0.0047)  vol=$1,956  trades=16  first_trade=2025-04-30 07:59  winrate=0.732  n_markets_traded=718.000  herfindahl_index_markets=0.024
10:57:18 [super]   #2317  0x3f3bfc6d754e416699793901ffb12ddeee9f1d77  prob=0.0241 (raw=0.0047)  vol=$1,211  trades=12  first_trade=2025-08-16 22:56  winrate=NaN  n_markets_traded=0.000  herfindahl_index_markets=0.000
10:57:18 [super]   #2321  0x4bfb41d5b3570defd03c39a9a4d8de6bd8b8982e  prob=0.0241 (raw=0.0047)  vol=$1,646,108  trades=8027  first_trade=2025-04-18 02:23  winrate=NaN  n_markets_traded=0.000  herfindahl_index_markets=0.000
10:57:18 [super]   #2333  0xa4da7cb218c5dcb36666815c6aa043890fa82db1  prob=0.0241 (raw=0.0046)  vol=$4,357  trades=2  first_trade=2025-10-23 15:10  winrate=0.503  n_markets_traded=141.000  herfindahl_index_markets=0.029
10:57:18 [super]   #2341  0x68c24bf4a8ad4d79a6fe4b8eec6f93a02dfd1711  prob=0.0241 (raw=0.0046)  vol=$13,832  trades=23  first_trade=2025-09-12 15:09  winrate=NaN  n_markets_traded=0.000  herfindahl_index_markets=0.000
10:57:18 [super]   #2342  0xf0b0ef1d6320c6be896b4c9c54dd74407e7f8cab  prob=0.0241 (raw=0.0046)  vol=$9,698  trades=400  first_trade=2025-05-05 12:23  winrate=NaN  n_markets_traded=0.000  herfindahl_index_markets=0.000
10:57:18 [super]   #2346  0x09d600cfc7437488da4892884c51843f244e0fda  prob=0.0241 (raw=0.0046)  vol=$5,444  trades=73  first_trade=2025-07-21 03:41  winrate=NaN  n_markets_traded=0.000  herfindahl_index_markets=0.000
10:57:18 [super]   #2347  0x90f7180856b033ea45200d892a7bc49fd1662501  prob=0.0241 (raw=0.0046)  vol=$1,544  trades=30  first_trade=2025-09-28 11:02  winrate=NaN  n_markets_traded=0.000  herfindahl_index_markets=0.000
10:57:18 [super]   #2355  0x4e25605fd905e9972efc0f4d8814530c655cd7a7  prob=0.0240 (raw=0.0046)  vol=$31,478  trades=258  first_trade=2025-09-02 14:22  winrate=NaN  n_markets_traded=0.000  herfindahl_index_markets=0.000
10:57:18 [super]   #2360  0xfa323e40632edca701abc6c8cf1f82175909bd9a  prob=0.0240 (raw=0.0045)  vol=$4,695  trades=15  first_trade=2025-09-12 17:43  winrate=NaN  n_markets_traded=0.000  herfindahl_index_markets=0.000
10:57:18 [super]   #2361  0xc6dd722558dbfbd8fa780efcbe819ed8c6604b9f  prob=0.0240 (raw=0.0045)  vol=$60,360  trades=121  first_trade=2025-09-12 15:10  winrate=NaN  n_markets_traded=0.000  herfindahl_index_markets=0.000
10:57:18 [super]   #2364  0xcf9555cef256c96a91dd4cd6c3a159c033867865  prob=0.0240 (raw=0.0045)  vol=$2,025  trades=100  first_trade=2025-04-25 10:28  winrate=NaN  n_markets_traded=0.000  herfindahl_index_markets=0.000
10:57:18 [super]   #2370  0x1cfc260bfa2b5ae89377863180ca3b4f5c862111  prob=0.0240 (raw=0.0045)  vol=$92,357  trades=1133  first_trade=2025-04-21 03:48  winrate=NaN  n_markets_traded=0.000  herfindahl_index_markets=0.000
10:57:18 [super]   #2373  0xeface9902242b0399856f981600b907dcc9bc9a1  prob=0.0240 (raw=0.0045)  vol=$8,455  trades=96  first_trade=2025-05-09 16:05  winrate=NaN  n_markets_traded=0.000  herfindahl_index_markets=0.000
10:57:18 [super]   #2379  0x7c3db723f1d4d8cb9c550095203b686cb11e5c6b  prob=0.0240 (raw=0.0045)  vol=$66,519  trades=237  first_trade=2025-08-02 00:17  winrate=NaN  n_markets_traded=0.000  herfindahl_index_markets=0.000
10:57:18 [super]   #2381  0xbd70eebd1374580d4fbbf0291f4b6fba44fdd270  prob=0.0240 (raw=0.0045)  vol=$7,447  trades=28  first_trade=2025-09-04 06:59  winrate=NaN  n_markets_traded=0.000  herfindahl_index_markets=0.000
10:57:18 [super]   #2382  0x48fa7e7fdcc9e4a799fb54d7e601a5514a274864  prob=0.0240 (raw=0.0045)  vol=$1,002  trades=2  first_trade=2025-10-23 16:25  winrate=0.804  n_markets_traded=91.000  herfindahl_index_markets=0.089
10:57:18 [super]   #2390  0xb26156d7f857a341c2b9a34636c02f54958c09a7  prob=0.0240 (raw=0.0044)  vol=$1,590  trades=16  first_trade=2025-09-29 13:48  winrate=0.000  n_markets_traded=7.000  herfindahl_index_markets=0.207
10:57:18 [super]   #2400  0x6245ca7bf56ada6f327785c7771e893efbe9d3c0  prob=0.0240 (raw=0.0044)  vol=$4,918  trades=33  first_trade=2025-04-26 09:35  winrate=0.724  n_markets_traded=544.000  herfindahl_index_markets=0.033
10:57:18 [super]   #2402  0x24c8cf69a0e0a17eee21f69d29752bfa32e823e1  prob=0.0240 (raw=0.0044)  vol=$10,434  trades=81  first_trade=2025-08-05 23:08  winrate=NaN  n_markets_traded=0.000  herfindahl_index_markets=0.000
10:57:18 [super]   #2403  0xa8fa67aed008fd99268d60923032a914462277b5  prob=0.0240 (raw=0.0044)  vol=$1,182  trades=8  first_trade=2025-09-03 23:59  winrate=0.455  n_markets_traded=132.000  herfindahl_index_markets=0.034
10:57:18 [super]   #2413  0x21ffd2b7a212a6f277ed3eca1a9f8efcbca90d71  prob=0.0240 (raw=0.0044)  vol=$36,412  trades=877  first_trade=2025-04-24 22:54  winrate=NaN  n_markets_traded=0.000  herfindahl_index_markets=0.000
10:57:18 [super]   #2414  0x92eb1cd8de460e6f89115218acd8c35d58ba986a  prob=0.0240 (raw=0.0044)  vol=$1,319  trades=13  first_trade=2025-10-10 20:01  winrate=NaN  n_markets_traded=0.000  herfindahl_index_markets=0.000
10:57:18 [super]   #2417  0x39d0f1dca6fb7e5514858c1a337724a426764fe8  prob=0.0240 (raw=0.0044)  vol=$7,760  trades=105  first_trade=2025-05-19 10:57  winrate=NaN  n_markets_traded=0.000  herfindahl_index_markets=0.000
10:57:18 [super]   #2432  0xa676582530fb1a63502d5f5f5db9fb8d1449e38b  prob=0.0240 (raw=0.0043)  vol=$25,928  trades=12  first_trade=2025-10-23 15:34  winrate=NaN  n_markets_traded=0.000  herfindahl_index_markets=0.000
10:57:18 [super]   #2437  0x67b85cd6fa3f3aa364f3f505ecd9c25c0db12449  prob=0.0240 (raw=0.0043)  vol=$2,402  trades=12  first_trade=2025-09-12 15:41  winrate=0.551  n_markets_traded=863.000  herfindahl_index_markets=0.045
10:57:18 [super]   #2447  0xefde9ff487fae209ab6e3157a8acb4276f9c783d  prob=0.0240 (raw=0.0042)  vol=$1,295  trades=23  first_trade=2025-09-14 22:01  winrate=NaN  n_markets_traded=0.000  herfindahl_index_markets=0.000
10:57:18 [super]   #2450  0xef6d2ec75b883df2fc0308390393f90791b09bd2  prob=0.0240 (raw=0.0042)  vol=$8,766  trades=33  first_trade=2025-09-19 17:36  winrate=0.518  n_markets_traded=321.000  herfindahl_index_markets=0.014
10:57:18 [super]   #2454  0x11f3c56d0583665247e5a494e8f7709c759ed859  prob=0.0240 (raw=0.0042)  vol=$7,316  trades=76  first_trade=2025-05-03 15:36  winrate=NaN  n_markets_traded=0.000  herfindahl_index_markets=0.000
10:57:18 [super]   #2456  0x076ca0207aaa48365da2eb6a917edcbdee5e4e7b  prob=0.0240 (raw=0.0042)  vol=$12,596  trades=190  first_trade=2025-09-22 05:03  winrate=NaN  n_markets_traded=0.000  herfindahl_index_markets=0.000
10:57:18 [super]   #2459  0x08458f7e9d2858027de579e4c3ca305475496b6f  prob=0.0240 (raw=0.0042)  vol=$4,556  trades=78  first_trade=2025-04-21 08:58  winrate=NaN  n_markets_traded=0.000  herfindahl_index_markets=0.000
10:57:18 [super]   #2463  0xd218e474776403a330142299f7796e8ba32eb5c9  prob=0.0240 (raw=0.0042)  vol=$1,576  trades=36  first_trade=2025-10-15 15:09  winrate=NaN  n_markets_traded=0.000  herfindahl_index_markets=0.000
10:57:18 [super]   #2477  0xc8ab97a9089a9ff7e6ef0688e6e591a066946418  prob=0.0240 (raw=0.0041)  vol=$22,540  trades=223  first_trade=2025-04-21 03:48  winrate=NaN  n_markets_traded=0.000  herfindahl_index_markets=0.000
10:57:18 [super]   #2482  0xd77485b37fbe81fdcf26e528f2169fa5b47ce11f  prob=0.0240 (raw=0.0041)  vol=$4,252  trades=25  first_trade=2025-10-12 14:15  winrate=0.434  n_markets_traded=53.000  herfindahl_index_markets=0.135
10:57:18 [super]   #2488  0xf5cfe6f998d597085e366f915b140e82e0869fc6  prob=0.0240 (raw=0.0041)  vol=$29,568  trades=252  first_trade=2025-08-23 21:08  winrate=NaN  n_markets_traded=0.000  herfindahl_index_markets=0.000
10:57:18 [super]   #2490  0x73b77e06ba20c3f6009ecaee3f6aeca4af1906e1  prob=0.0240 (raw=0.0041)  vol=$3,988  trades=31  first_trade=2025-10-10 23:25  winrate=0.568  n_markets_traded=37.000  herfindahl_index_markets=0.078
10:57:18 [super]   #2507  0xe52c0a1327a12edc7bd54ea6f37ce00a4ca96924  prob=0.0240 (raw=0.0040)  vol=$4,318  trades=7  first_trade=2025-09-15 13:47  winrate=NaN  n_markets_traded=0.000  herfindahl_index_markets=0.000
10:57:18 [super]   #2514  0x778c63fc87f9f38606254fb3612ec90ab5cff3af  prob=0.0240 (raw=0.0040)  vol=$2,149  trades=5  first_trade=2025-10-13 15:59  winrate=NaN  n_markets_traded=0.000  herfindahl_index_markets=0.000
10:57:18 [super]   #2538  0xa486f1e84d08b356967943a47b70bb8504dd25d4  prob=0.0240 (raw=0.0040)  vol=$5,295  trades=2  first_trade=2025-10-23 17:08  winrate=NaN  n_markets_traded=0.000  herfindahl_index_markets=0.000
10:57:18 [super]   #2540  0x15691449477aa15e72cdff51c7b6687b58bc4e0c  prob=0.0240 (raw=0.0040)  vol=$110,668  trades=486  first_trade=2025-07-26 07:03  winrate=NaN  n_markets_traded=0.000  herfindahl_index_markets=0.000
10:57:18 [super]   #2550  0x76c94d974b850eb11e3d5220f3fe77c785a6ab2e  prob=0.0240 (raw=0.0039)  vol=$1,435  trades=7  first_trade=2025-09-29 21:19  winrate=0.535  n_markets_traded=43.000  herfindahl_index_markets=0.099
10:57:18 [super]   #2558  0x8c678b630c9907191bd520a51b7161985759bb39  prob=0.0240 (raw=0.0039)  vol=$2,912  trades=21  first_trade=2025-09-01 18:41  winrate=0.455  n_markets_traded=359.000  herfindahl_index_markets=0.020
10:57:18 [super]   #2568  0x785386856456de26ac04ba1f5e3c49b92e7936d8  prob=0.0240 (raw=0.0039)  vol=$5,011  trades=46  first_trade=2025-05-09 16:31  winrate=NaN  n_markets_traded=0.000  herfindahl_index_markets=0.000
10:57:18 [super]   #2579  0xadf42fba9749bbe341f69366453464cd1a06ce9d  prob=0.0240 (raw=0.0039)  vol=$1,183  trades=47  first_trade=2025-05-01 10:27  winrate=0.416  n_markets_traded=65.000  herfindahl_index_markets=0.145
10:57:18 [super]   #2584  0xcc2982e3fbbcaf9af9fa373fa3ae392fd9457774  prob=0.0240 (raw=0.0039)  vol=$17,013  trades=85  first_trade=2025-09-14 17:39  winrate=NaN  n_markets_traded=0.000  herfindahl_index_markets=0.000
10:57:18 [super]   #2623  0x0781872fe78deb6ad8147e482952b4a5461ec4ff  prob=0.0240 (raw=0.0038)  vol=$2,739  trades=79  first_trade=2025-05-30 05:46  winrate=NaN  n_markets_traded=0.000  herfindahl_index_markets=0.000
10:57:18 [super]   #2626  0x17ce7c9a7f768bfa98946caf7d64c9e051f5beec  prob=0.0240 (raw=0.0037)  vol=$33,102  trades=59  first_trade=2025-10-11 13:35  winrate=NaN  n_markets_traded=0.000  herfindahl_index_markets=0.000
10:57:18 [super]   #2639  0x66fe8149ec5811c265b882fdade058b81e6ee123  prob=0.0240 (raw=0.0037)  vol=$5,221  trades=5  first_trade=2025-10-23 15:10  winrate=NaN  n_markets_traded=0.000  herfindahl_index_markets=0.000
10:57:18 [super]   #2640  0x6828e04b468e17d92fa1e5d60d59290278a81056  prob=0.0240 (raw=0.0037)  vol=$29,646  trades=193  first_trade=2025-04-24 20:06  winrate=NaN  n_markets_traded=0.000  herfindahl_index_markets=0.000
10:57:18 [super]   #2643  0xe1b361d6a6f237b9ed7534d19b232df8369e1426  prob=0.0240 (raw=0.0037)  vol=$3,651  trades=38  first_trade=2025-09-17 03:53  winrate=NaN  n_markets_traded=0.000  herfindahl_index_markets=0.000
10:57:18 [super]   #2644  0xb0719da9d806d672e7fa665141d6f8952d0a15cb  prob=0.0240 (raw=0.0037)  vol=$2,204  trades=25  first_trade=2025-06-25 11:31  winrate=0.677  n_markets_traded=31.000  herfindahl_index_markets=0.120
10:57:18 [super]   #2653  0x06a9c50ef909e3b2960a003f7a93551018983b80  prob=0.0240 (raw=0.0037)  vol=$1,667  trades=14  first_trade=2025-09-13 07:22  winrate=0.338  n_markets_traded=71.000  herfindahl_index_markets=0.044
10:57:18 [super]   #2672  0x6bab41a0dc40d6dd4c1a915b8c01969479fd1292  prob=0.0239 (raw=0.0036)  vol=$20,269  trades=5  first_trade=2025-10-14 07:25  winrate=NaN  n_markets_traded=0.000  herfindahl_index_markets=0.000
10:57:18 [super]   #2682  0x26dfddc5080284073383ea987cd97bedd8faf747  prob=0.0239 (raw=0.0036)  vol=$1,569  trades=26  first_trade=2025-07-14 06:58  winrate=0.456  n_markets_traded=125.000  herfindahl_index_markets=0.030
10:57:18 [super]   #2686  0x094e3e7c5486ca7f5efd45de09857b873c70f10b  prob=0.0239 (raw=0.0036)  vol=$9,146  trades=10  first_trade=2025-09-10 17:53  winrate=NaN  n_markets_traded=0.000  herfindahl_index_markets=0.000
10:57:18 [super]   #2704  0xdfe3fedc5c7679be42c3d393e99d4b55247b73c4  prob=0.0239 (raw=0.0036)  vol=$1,020  trades=5  first_trade=2025-09-14 00:40  winrate=NaN  n_markets_traded=0.000  herfindahl_index_markets=0.000
10:57:18 [super]   #2714  0x477a7d28ed844984088129207c0afcb2459e2d8e  prob=0.0239 (raw=0.0035)  vol=$7,231  trades=26  first_trade=2025-09-01 20:47  winrate=NaN  n_markets_traded=0.000  herfindahl_index_markets=0.000
10:57:18 [super]   #2718  0x59506f839022561f48eec644d3460439bc508c48  prob=0.0239 (raw=0.0035)  vol=$11,404  trades=7  first_trade=2025-10-23 15:10  winrate=NaN  n_markets_traded=0.000  herfindahl_index_markets=0.000
10:57:18 [super]   #2747  0x76e53bd0cd8a36d06475276ae99d7427ff842829  prob=0.0239 (raw=0.0035)  vol=$3,110  trades=36  first_trade=2025-08-05 18:09  winrate=0.547  n_markets_traded=75.000  herfindahl_index_markets=0.046
10:57:18 [super]   #2749  0x8795bcb2fe129d1ea3e3d73bc13a3d8078047544  prob=0.0239 (raw=0.0035)  vol=$26,059  trades=68  first_trade=2025-09-13 17:26  winrate=NaN  n_markets_traded=0.000  herfindahl_index_markets=0.000
10:57:18 [super]   #2756  0x105a66bab71956241fa654901aa75c4d0c80b78f  prob=0.0239 (raw=0.0034)  vol=$2,265  trades=3  first_trade=2025-10-06 02:37  winrate=0.636  n_markets_traded=55.000  herfindahl_index_markets=0.074
10:57:18 [super]   #2771  0xf68a281980f8c13828e84e147e3822381d6e5b1b  prob=0.0239 (raw=0.0034)  vol=$5,636  trades=3  first_trade=2025-09-15 01:46  winrate=NaN  n_markets_traded=0.000  herfindahl_index_markets=0.000
10:57:18 [super]   #2778  0xfb5148fc7223630e0967dbfa8cd920d83ab4742d  prob=0.0239 (raw=0.0034)  vol=$2,202  trades=27  first_trade=2025-10-18 07:46  winrate=NaN  n_markets_traded=0.000  herfindahl_index_markets=0.000
10:57:18 [super]   #2785  0x0f502bf431d8afa0124e172d80a4d461be4f4db9  prob=0.0239 (raw=0.0034)  vol=$3,527  trades=19  first_trade=2025-08-24 06:21  winrate=0.644  n_markets_traded=217.000  herfindahl_index_markets=0.031
10:57:18 [super]   #2793  0xeec50edede5d961efb02e20bfd3275dd1e7fb6fe  prob=0.0239 (raw=0.0034)  vol=$19,487  trades=83  first_trade=2025-09-12 15:15  winrate=NaN  n_markets_traded=0.000  herfindahl_index_markets=0.000
10:57:18 [super]   #2817  0xc40681969b90c1e54527775fa48273a06bef07d9  prob=0.0239 (raw=0.0033)  vol=$1,095  trades=10  first_trade=2025-09-05 17:58  winrate=NaN  n_markets_traded=0.000  herfindahl_index_markets=0.000
10:57:18 [super]   #2852  0xbac1f5943f137eea6ed4233c1e4965832095ce0e  prob=0.0239 (raw=0.0033)  vol=$2,700  trades=26  first_trade=2025-09-28 05:10  winrate=0.276  n_markets_traded=277.000  herfindahl_index_markets=0.017
10:57:18 [super]   #2856  0x6c08208c8f6c69b7198eea0f9fcd1dc2f5f15c69  prob=0.0239 (raw=0.0032)  vol=$1,788  trades=16  first_trade=2025-10-13 13:41  winrate=NaN  n_markets_traded=0.000  herfindahl_index_markets=0.000
10:57:18 [super]   #2857  0x448861155279dbf833d041b963e3ac854599e319  prob=0.0239 (raw=0.0032)  vol=$17,811  trades=9  first_trade=2025-10-23 15:12  winrate=NaN  n_markets_traded=0.000  herfindahl_index_markets=0.000
10:57:18 [super]   #2874  0xc30c0116e9a5c17f1c03240a0b02a819fe646509  prob=0.0239 (raw=0.0032)  vol=$13,151  trades=11  first_trade=2025-10-23 15:21  winrate=NaN  n_markets_traded=0.000  herfindahl_index_markets=0.000
10:57:18 [super]   #2897  0x477f156a229f1a174fdf945c778b7362dd2b19aa  prob=0.0239 (raw=0.0032)  vol=$2,959  trades=21  first_trade=2025-09-12 23:04  winrate=NaN  n_markets_traded=0.000  herfindahl_index_markets=0.000
10:57:18 [super]   #2901  0xa60e25dcbd3477287fcd65168854b991877ed332  prob=0.0239 (raw=0.0032)  vol=$3,793  trades=7  first_trade=2025-10-11 23:48  winrate=NaN  n_markets_traded=0.000  herfindahl_index_markets=0.000
10:57:18 [super]   #2906  0x43372356634781eea88d61bbdd7824cdce958882  prob=0.0239 (raw=0.0032)  vol=$48,926  trades=120  first_trade=2025-04-24 19:03  winrate=NaN  n_markets_traded=0.000  herfindahl_index_markets=0.000
10:57:18 [super]   #2911  0xa8c63f775ddbbe66b56614191747def3021444e8  prob=0.0239 (raw=0.0032)  vol=$2,674  trades=24  first_trade=2025-06-16 13:12  winrate=NaN  n_markets_traded=0.000  herfindahl_index_markets=0.000
10:57:18 [super]   #2928  0x71ca04d689bc38c5e4dcda8a4d743f279c5a3501  prob=0.0239 (raw=0.0031)  vol=$28,699  trades=76  first_trade=2025-10-04 15:27  winrate=NaN  n_markets_traded=0.000  herfindahl_index_markets=0.000
10:57:18 [super]   #2930  0x011f2d377e56119fb09196dffb0948ae55711122  prob=0.0239 (raw=0.0031)  vol=$4,601  trades=9  first_trade=2025-09-15 01:44  winrate=NaN  n_markets_traded=0.000  herfindahl_index_markets=0.000
10:57:18 [super]   #2936  0x8f7a4b414417911e7e9bd738399874792cdbdb40  prob=0.0239 (raw=0.0031)  vol=$11,090  trades=5  first_trade=2025-10-23 16:03  winrate=NaN  n_markets_traded=0.000  herfindahl_index_markets=0.000
10:57:18 [super]   #2937  0x4931d850f71925dbbc68c78adcba3ba0b292e11c  prob=0.0239 (raw=0.0031)  vol=$1,315  trades=17  first_trade=2025-09-28 20:04  winrate=0.464  n_markets_traded=27.000  herfindahl_index_markets=0.120
10:57:18 [super]   #2941  0x8ebfdc251c6c378d4a3a54a8f15cebfa4b9183ce  prob=0.0239 (raw=0.0031)  vol=$6,993  trades=19  first_trade=2025-10-23 15:29  winrate=NaN  n_markets_traded=0.000  herfindahl_index_markets=0.000
10:57:18 [super]   #2943  0x28b255ed9747765be4f44ce484532d4b6bdfa74f  prob=0.0239 (raw=0.0031)  vol=$28,817  trades=2  first_trade=2025-10-23 16:46  winrate=NaN  n_markets_traded=0.000  herfindahl_index_markets=0.000
10:57:18 [super]   #2945  0x3c760e45728e0cb4b68c52980a070314b95fd4ee  prob=0.0239 (raw=0.0031)  vol=$7,163  trades=20  first_trade=2025-10-23 15:11  winrate=NaN  n_markets_traded=0.000  herfindahl_index_markets=0.000
10:57:18 [super]   #2946  0xb1fea3922a1998248cf2ae51f740b9be2bb7423a  prob=0.0239 (raw=0.0031)  vol=$2,818  trades=38  first_trade=2025-09-18 13:54  winrate=NaN  n_markets_traded=0.000  herfindahl_index_markets=0.000
10:57:18 [super]   #2977  0x63d43bbb87f85af03b8f2f9e2fad7b54334fa2f1  prob=0.0239 (raw=0.0030)  vol=$2,987  trades=59  first_trade=2025-10-13 19:50  winrate=NaN  n_markets_traded=0.000  herfindahl_index_markets=0.000
10:57:18 [super]   #2985  0xd1acd3925d895de9aec98ff95f3a30c5279d08d5  prob=0.0239 (raw=0.0030)  vol=$9,667  trades=21  first_trade=2025-09-16 17:09  winrate=NaN  n_markets_traded=0.000  herfindahl_index_markets=0.000
10:57:18 [super]   #2994  0x62cf46cd4c3af254dccfc37a7f93de265b4b5826  prob=0.0239 (raw=0.0030)  vol=$246,068  trades=624  first_trade=2025-09-14 16:29  winrate=NaN  n_markets_traded=0.000  herfindahl_index_markets=0.000
10:57:18 [super]   #2998  0x5754becbe873d6ba9eefa4eedf214dd254ece515  prob=0.0239 (raw=0.0030)  vol=$3,483  trades=25  first_trade=2025-09-14 22:01  winrate=NaN  n_markets_traded=0.000  herfindahl_index_markets=0.000
10:57:18 [super]   #3001  0xb48ef6deecd526c0974c35e1f7b5c3bbd12fa144  prob=0.0239 (raw=0.0030)  vol=$17,700  trades=9  first_trade=2025-10-10 20:50  winrate=NaN  n_markets_traded=0.000  herfindahl_index_markets=0.000
10:57:18 [super]   #3012  0x0f863d92dd2b960e3eb6a23a35fd92a91981404e  prob=0.0239 (raw=0.0030)  vol=$7,306  trades=44  first_trade=2025-09-15 08:57  winrate=NaN  n_markets_traded=0.000  herfindahl_index_markets=0.000
10:57:18 [super]   #3023  0xc67c310db8677fdbb360ba40eeecb6690c809ad5  prob=0.0239 (raw=0.0030)  vol=$4,769  trades=30  first_trade=2025-07-21 13:14  winrate=0.236  n_markets_traded=142.000  herfindahl_index_markets=0.048
10:57:18 [super]   #3024  0x088ffbbc6f2c0b3839d2832e75f37e1bcecbc9e7  prob=0.0239 (raw=0.0030)  vol=$43,603  trades=9  first_trade=2025-10-23 15:10  winrate=NaN  n_markets_traded=0.000  herfindahl_index_markets=0.000
10:57:18 [super]   #3025  0xbdd2bbcbf179cf9b0062b747fbc17755b9b00bd8  prob=0.0239 (raw=0.0030)  vol=$1,061  trades=19  first_trade=2025-09-06 10:02  winrate=NaN  n_markets_traded=0.000  herfindahl_index_markets=0.000
10:57:18 [super]   #3033  0xf98b622967de1bfc84585ea7abdf1f9199a3bfc5  prob=0.0239 (raw=0.0029)  vol=$9,950  trades=3  first_trade=2025-10-23 15:32  winrate=NaN  n_markets_traded=0.000  herfindahl_index_markets=0.000
10:57:18 [super]   #3035  0xa9b44dca52ed35e59ac2a6f49d1203b8155464ed  prob=0.0239 (raw=0.0029)  vol=$1,998  trades=2  first_trade=2025-10-23 17:12  winrate=NaN  n_markets_traded=0.000  herfindahl_index_markets=0.000
10:57:18 [super]   #3036  0x2c3b844c6b01cbc62001ba13a6a2572c7de73ad8  prob=0.0239 (raw=0.0029)  vol=$1,444  trades=20  first_trade=2025-05-10 03:37  winrate=0.167  n_markets_traded=24.000  herfindahl_index_markets=0.088
10:57:18 [super]   #3039  0x660622caad009a8cc1f38038c0913be658621338  prob=0.0239 (raw=0.0029)  vol=$15,413  trades=4  first_trade=2025-10-23 15:10  winrate=NaN  n_markets_traded=0.000  herfindahl_index_markets=0.000
10:57:18 [super]   #3072  0x7a6192ea6815d3177e978dd3f8c38be5f575af24  prob=0.0239 (raw=0.0028)  vol=$2,818  trades=4  first_trade=2025-05-12 12:25  winrate=NaN  n_markets_traded=0.000  herfindahl_index_markets=0.000
10:57:18 [super]   #3089  0xe53312c6c15af508e0c31e2cfadbefddd399ab29  prob=0.0239 (raw=0.0028)  vol=$5,460  trades=23  first_trade=2025-09-15 23:43  winrate=NaN  n_markets_traded=0.000  herfindahl_index_markets=0.000
10:57:18 [super]   #3095  0x334932d9cb8effcb325fcb898e045feffc92c0b8  prob=0.0238 (raw=0.0027)  vol=$4,660  trades=17  first_trade=2025-09-29 19:58  winrate=NaN  n_markets_traded=0.000  herfindahl_index_markets=0.000
10:57:18 [super]   #3108  0xcc792a28d90f3c5d8fe91e48a184913a65031c2a  prob=0.0238 (raw=0.0027)  vol=$3,783  trades=29  first_trade=2025-05-05 12:23  winrate=NaN  n_markets_traded=0.000  herfindahl_index_markets=0.000
10:57:18 [super]   #3111  0xf85fa31a58fcce6c00b5af806a598b1600329800  prob=0.0238 (raw=0.0027)  vol=$2,370  trades=20  first_trade=2025-08-18 03:13  winrate=NaN  n_markets_traded=0.000  herfindahl_index_markets=0.000
10:57:18 [super]   #3118  0x9dfe2f73d3c988a9d69df8fa0beb85651340b3dd  prob=0.0238 (raw=0.0027)  vol=$1,040  trades=1  first_trade=2025-10-15 23:10  winrate=NaN  n_markets_traded=0.000  herfindahl_index_markets=0.000
10:57:18 [super]   #3120  0xf1f9a438f2697381b4ac8eb283d6f4dd772d1245  prob=0.0238 (raw=0.0027)  vol=$1,416  trades=4  first_trade=2025-10-14 17:45  winrate=NaN  n_markets_traded=0.000  herfindahl_index_markets=0.000
10:57:18 [super]   #3123  0x95dcb3d91f4c83b09fbc5a8b6f52a4a45d134b45  prob=0.0238 (raw=0.0027)  vol=$7,611  trades=32  first_trade=2025-06-24 21:56  winrate=NaN  n_markets_traded=0.000  herfindahl_index_markets=0.000
10:57:18 [super]   #3128  0x66d416c913dba412d49580142c0e8f983db4ae10  prob=0.0238 (raw=0.0027)  vol=$3,086  trades=13  first_trade=2025-10-21 18:01  winrate=0.226  n_markets_traded=52.000  herfindahl_index_markets=0.133
10:57:18 [super]   #3142  0x60d18d444868e6eddd3bb7238efdcda591190c8f  prob=0.0238 (raw=0.0026)  vol=$1,180  trades=2  first_trade=2025-10-18 23:39  winrate=NaN  n_markets_traded=0.000  herfindahl_index_markets=0.000
10:57:18 [super]   #3156  0x30e443872ddf63b2908a49f92cd690c304a55102  prob=0.0238 (raw=0.0026)  vol=$4,034  trades=10  first_trade=2025-09-10 16:44  winrate=NaN  n_markets_traded=0.000  herfindahl_index_markets=0.000
10:57:18 [super]   #3161  0x368ba69507fd67972059fa178af5e459b72f2458  prob=0.0238 (raw=0.0025)  vol=$3,314  trades=11  first_trade=2025-09-12 01:27  winrate=NaN  n_markets_traded=0.000  herfindahl_index_markets=0.000
10:57:18 [super] ============================================================
