13:03:10 [super] ============================================================
13:03:10 [super] supercompute starting, log=supercompute_willd4vdbethe1searchedpe_20260630_130310.log
13:03:10 [super] market=will-d4vd-be-the-1-searched-person-on-google-this-year  jobs=16  meta_jobs=8  top_n=all
13:03:10 [super] model=xgb_insider_meta_v7_latest.json  features=30 (20 behavioral + 10 metadata)  calibrator=yes  threshold=0.15
13:03:10 [super] known-insider wallets for funder signal: 0
13:03:10 [super] events: cache miss -> resolving market + fetching (needs internet)...
13:05:11 [super] events: fetched 14760 in 120.1s
13:05:11 [super] events: cached to cache/events/will-d4vd-be-the-1-searched-person-on-google-this-year.pkl
13:05:11 [super] market resolved: tokens=2 closed=True duration=54.5d
13:05:11 [super] market: closed=True final_outcome_yes=1  wallets that traded: 1829
13:05:11 [super] scoring 1829 wallets
13:05:11 [super] behavioral: 1829 wallets across 16 processes
13:06:34 [super] behavioral: 200/1829 wallets (83s)
13:07:46 [super] behavioral: 400/1829 wallets (154s)
13:08:33 [super] behavioral: 600/1829 wallets (202s)
13:09:43 [super] behavioral: 800/1829 wallets (271s)
13:10:27 [super] behavioral: 1000/1829 wallets (316s)
13:11:39 [super] behavioral: 1200/1829 wallets (388s)
13:12:31 [super] behavioral: 1400/1829 wallets (440s)
13:13:34 [super] behavioral: 1600/1829 wallets (503s)
13:14:26 [super] behavioral: 1800/1829 wallets (555s)
13:14:33 [super] behavioral: 1829/1829 wallets (561s)
13:14:33 [super] behavioral: done in 561.2s
13:14:33 [super] metadata: 1829 wallets across 8 threads (api_key=set)
13:25:03 [super] metadata: 200/1829 wallets (630s)
13:32:30 [super] metadata: 400/1829 wallets (1077s)
13:39:13 [super] metadata: 600/1829 wallets (1480s)
13:45:20 [super] metadata: 800/1829 wallets (1847s)
13:51:35 [super] metadata: 1000/1829 wallets (2222s)
13:57:44 [super] metadata: 1200/1829 wallets (2591s)
14:04:18 [super] metadata: 1400/1829 wallets (2985s)
14:10:07 [super] metadata: 1600/1829 wallets (3334s)
14:15:01 [super] metadata: 1800/1829 wallets (3628s)
14:16:27 [super] metadata: 1829/1829 wallets (3715s)
14:16:27 [super] metadata: done in 3714.6s
14:16:27 [super] ============================================================
14:16:27 [super] RESULT: 0/1829 wallets flagged at calibrated prob >= 0.15
14:16:27 [super] ============================================================
14:16:27 [super] wrote supercompute_willd4vdbethe1searchedpe_20260630_130310_results.csv
14:16:27 [super] wrote supercompute_willd4vdbethe1searchedpe_20260630_130310_flagged.csv
14:16:27 [super] log saved to supercompute_willd4vdbethe1searchedpe_20260630_130310.log
14:16:27 [super] wallets with volume > $1,000, ranked high->low (705 of 1829):
14:16:27 [super]   #1     0xc1259ddd92f58aded52d029e37e3fbbebafaa4c1  prob=0.0721 (raw=0.2509)  vol=$65,187  trades=97  first_trade=2025-12-02 06:51  winrate=0.000  n_markets_traded=1.000  herfindahl_index_markets=1.000
14:16:27 [super]   #3     0x0c4acd96e5befc4f43bc8f17ff638668557725b2  prob=0.0652 (raw=0.2275)  vol=$2,704  trades=24  first_trade=2025-12-01 15:46  winrate=0.300  n_markets_traded=10.000  herfindahl_index_markets=0.195
14:16:27 [super]   #4     0x902b3084831c411a7c5a8812768617fc57deca29  prob=0.0408 (raw=0.1217)  vol=$14,032  trades=49  first_trade=2025-12-04 05:36  winrate=0.667  n_markets_traded=3.000  herfindahl_index_markets=0.510
14:16:27 [super]   #5     0xee0153c0a89f103ab465276735fa1e58b5842e8e  prob=0.0404 (raw=0.1196)  vol=$3,123  trades=4  first_trade=2025-12-04 08:58  winrate=0.000  n_markets_traded=2.000  herfindahl_index_markets=0.556
14:16:27 [super]   #6     0x2a6fb502dc5fdbe4118a6d4367c0b0b361b4d4ae  prob=0.0382 (raw=0.1068)  vol=$110,538  trades=38  first_trade=2025-12-04 06:28  winrate=0.250  n_markets_traded=4.000  herfindahl_index_markets=0.635
14:16:27 [super]   #7     0x94353164e0b0e4d87441b8c53f6002f9eaffc1e2  prob=0.0377 (raw=0.1040)  vol=$4,288  trades=5  first_trade=2025-12-04 09:33  winrate=0.000  n_markets_traded=1.000  herfindahl_index_markets=1.000
14:16:27 [super]   #8     0xc8dd4022ee037db9e38749d03761e0773fcd2813  prob=0.0370 (raw=0.0998)  vol=$9,361  trades=8  first_trade=2025-12-04 08:42  winrate=0.000  n_markets_traded=1.000  herfindahl_index_markets=1.000
14:16:27 [super]   #13    0x423549e0ef0a9e9611fe176393107e5a82363574  prob=0.0330 (raw=0.0742)  vol=$1,967  trades=5  first_trade=2025-12-04 05:24  winrate=0.571  n_markets_traded=7.000  herfindahl_index_markets=0.243
14:16:27 [super]   #16    0xfd68ec4b38e10198048f7291d76a5394d3e9b9c2  prob=0.0319 (raw=0.0672)  vol=$2,043  trades=12  first_trade=2025-12-03 21:14  winrate=0.000  n_markets_traded=3.000  herfindahl_index_markets=0.389
14:16:27 [super]   #17    0x8b245f1d581dfec27babc595711a601a885a8435  prob=0.0311 (raw=0.0616)  vol=$26,600  trades=27  first_trade=2025-12-04 05:28  winrate=0.000  n_markets_traded=1.000  herfindahl_index_markets=1.000
14:16:27 [super]   #18    0xee50a31c3f5a7c77824b12a941a54388a2827ed6  prob=0.0309 (raw=0.0596)  vol=$28,181  trades=175  first_trade=2025-11-28 14:29  winrate=0.400  n_markets_traded=34.000  herfindahl_index_markets=0.227
14:16:27 [super]   #19    0xf04c5f26b5542050c680e33b6aad8a4969f0d375  prob=0.0304 (raw=0.0562)  vol=$1,662  trades=4  first_trade=2025-12-04 09:01  winrate=0.000  n_markets_traded=1.000  herfindahl_index_markets=1.000
14:16:27 [super]   #20    0x7bb7bccc02fec3d93b311695a42b251e465e44f2  prob=0.0299 (raw=0.0523)  vol=$5,311  trades=22  first_trade=2025-12-04 03:06  winrate=0.871  n_markets_traded=277.000  herfindahl_index_markets=0.010
14:16:27 [super]   #21    0xa3ea0e0b10f43c8679103e1af35f3c36f0830637  prob=0.0299 (raw=0.0523)  vol=$10,116  trades=11  first_trade=2025-12-04 23:53  winrate=0.500  n_markets_traded=2.000  herfindahl_index_markets=0.723
14:16:27 [super]   #23    0x24beeb31bc61eeb0f17b4dd7a610666a99bc6e89  prob=0.0296 (raw=0.0501)  vol=$334,226  trades=33  first_trade=2025-12-04 22:15  winrate=0.000  n_markets_traded=1.000  herfindahl_index_markets=1.000
14:16:27 [super]   #27    0x2dfa38917d695362dd03c9a1df081f1dfdc27fc6  prob=0.0283 (raw=0.0407)  vol=$1,573  trades=10  first_trade=2025-12-02 16:18  winrate=0.000  n_markets_traded=3.000  herfindahl_index_markets=0.477
14:16:27 [super]   #28    0x069acf9916370eef6c6a541f12cd96632ed44634  prob=0.0283 (raw=0.0403)  vol=$100,548  trades=222  first_trade=2025-11-30 06:34  winrate=0.000  n_markets_traded=1.000  herfindahl_index_markets=1.000
14:16:27 [super]   #29    0x01e0a397d55906d2386f1a7758593215ccbf732c  prob=0.0282 (raw=0.0395)  vol=$52,482  trades=8  first_trade=2025-12-04 06:05  winrate=0.333  n_markets_traded=3.000  herfindahl_index_markets=0.786
14:16:27 [super]   #30    0x92ac1a952594018e32b33f6c85f367693db883df  prob=0.0281 (raw=0.0388)  vol=$154,630  trades=32  first_trade=2025-12-04 04:14  winrate=0.000  n_markets_traded=2.000  herfindahl_index_markets=0.933
14:16:27 [super]   #42    0xdab1e73d3e4643a0045f9fcc0661a507135ceaa6  prob=0.0271 (raw=0.0309)  vol=$6,764  trades=9  first_trade=2025-12-04 06:01  winrate=0.200  n_markets_traded=5.000  herfindahl_index_markets=0.279
14:16:27 [super]   #43    0xece847ea152616dcaf5d65aad4e73ea1ddc2cac6  prob=0.0271 (raw=0.0308)  vol=$2,748  trades=4  first_trade=2025-12-04 07:57  winrate=0.857  n_markets_traded=7.000  herfindahl_index_markets=0.729
14:16:27 [super]   #44    0xc30219db959f8888feedabfeb8d3e2a18bfce9fc  prob=0.0271 (raw=0.0305)  vol=$133,652  trades=9  first_trade=2025-12-04 13:20  winrate=0.333  n_markets_traded=3.000  herfindahl_index_markets=0.361
14:16:27 [super]   #45    0x873331f6f8d127624d2eab32154ebf43a039ee86  prob=0.0270 (raw=0.0301)  vol=$51,292  trades=75  first_trade=2025-12-03 05:24  winrate=0.000  n_markets_traded=1.000  herfindahl_index_markets=1.000
14:16:27 [super]   #47    0x41b4035c1c4b3721a55b480cce4d618852f9a66b  prob=0.0270 (raw=0.0300)  vol=$1,087  trades=4  first_trade=2025-12-05 12:16  winrate=0.000  n_markets_traded=2.000  herfindahl_index_markets=0.555
14:16:27 [super]   #48    0x03960c49785fa21473189907db0a38d5ee301476  prob=0.0269 (raw=0.0296)  vol=$24,352  trades=52  first_trade=2025-12-04 06:51  winrate=0.000  n_markets_traded=1.000  herfindahl_index_markets=1.000
14:16:27 [super]   #53    0x378aca7d1c8a79f0c2fbed98f8d3426097a3258d  prob=0.0267 (raw=0.0275)  vol=$18,904  trades=15  first_trade=2025-12-04 07:02  winrate=0.556  n_markets_traded=9.000  herfindahl_index_markets=0.135
14:16:27 [super]   #57    0xcbd4313e818d409103f057245f5130708d46f852  prob=0.0265 (raw=0.0261)  vol=$2,000  trades=2  first_trade=2025-12-07 20:27  winrate=0.000  n_markets_traded=1.000  herfindahl_index_markets=1.000
14:16:27 [super]   #58    0x0e7ecd539aa56971a440f0cb71eec5386b65931f  prob=0.0265 (raw=0.0261)  vol=$10,000  trades=2  first_trade=2025-12-06 15:11  winrate=0.000  n_markets_traded=1.000  herfindahl_index_markets=1.000
14:16:27 [super]   #60    0xa2ecd38049ca63d7c2d4554e12c985aa11b39c8a  prob=0.0265 (raw=0.0261)  vol=$2,400  trades=2  first_trade=2025-12-06 18:30  winrate=0.000  n_markets_traded=1.000  herfindahl_index_markets=1.000
14:16:27 [super]   #62    0x19a562ca696274974f551582dca3d5dc3dceead0  prob=0.0265 (raw=0.0260)  vol=$20,000  trades=2  first_trade=2025-12-06 14:20  winrate=0.000  n_markets_traded=2.000  herfindahl_index_markets=0.500
14:16:27 [super]   #66    0x7d701ff3bfcea5c3ffc0a0e14bfa4d8c3d285b51  prob=0.0265 (raw=0.0256)  vol=$20,000  trades=2  first_trade=2025-12-07 23:43  winrate=0.000  n_markets_traded=1.000  herfindahl_index_markets=1.000
14:16:27 [super]   #68    0xac462eeba8da3ed01940ae2cbdec3011d9d5e256  prob=0.0265 (raw=0.0256)  vol=$3,000  trades=4  first_trade=2025-12-06 13:31  winrate=0.000  n_markets_traded=1.000  herfindahl_index_markets=1.000
14:16:27 [super]   #70    0x389db50ede69898847961de534ad6a6d959a87ef  prob=0.0264 (raw=0.0255)  vol=$49,653  trades=14  first_trade=2025-12-04 13:24  winrate=0.000  n_markets_traded=1.000  herfindahl_index_markets=1.000
14:16:27 [super]   #72    0xbfb748532e5a549cb32bba2133d4a3b317048bf4  prob=0.0264 (raw=0.0248)  vol=$25,000  trades=2  first_trade=2025-12-04 15:17  winrate=0.000  n_markets_traded=1.000  herfindahl_index_markets=1.000
14:16:27 [super]   #74    0xfcf453560519a9e19b89aa34cbbdf92e2ab3d26e  prob=0.0263 (raw=0.0245)  vol=$10,000  trades=3  first_trade=2025-12-06 13:25  winrate=0.000  n_markets_traded=2.000  herfindahl_index_markets=0.555
14:16:27 [super]   #75    0x95a5c4969d1cde277cc0dcca2badc9d45dbda523  prob=0.0263 (raw=0.0245)  vol=$23,054  trades=4  first_trade=2025-12-07 08:22  winrate=0.000  n_markets_traded=1.000  herfindahl_index_markets=1.000
14:16:27 [super]   #76    0xb6595cc9e73117fba36a2b688bc3186d210fc375  prob=0.0263 (raw=0.0245)  vol=$4,545  trades=4  first_trade=2025-12-04 07:37  winrate=0.000  n_markets_traded=12.000  herfindahl_index_markets=0.462
14:16:27 [super]   #77    0x4884394be9d0bf9f245d1b915503009f5d661310  prob=0.0263 (raw=0.0245)  vol=$97,989  trades=62  first_trade=2025-12-04 06:48  winrate=0.400  n_markets_traded=5.000  herfindahl_index_markets=0.354
14:16:27 [super]   #81    0x240751647de7758ceddb4eb3d0aa6754fa199508  prob=0.0262 (raw=0.0237)  vol=$40,000  trades=3  first_trade=2025-12-06 10:34  winrate=0.000  n_markets_traded=8.000  herfindahl_index_markets=0.332
14:16:27 [super]   #83    0xd6ac95e2a69d1db9b88b9f09a5f1eb5e76d30469  prob=0.0262 (raw=0.0235)  vol=$22,264  trades=38  first_trade=2025-12-04 05:01  winrate=0.412  n_markets_traded=34.000  herfindahl_index_markets=0.156
14:16:27 [super]   #84    0xb1ee7f3c123042a53d72d7fd21a727544e6a91c4  prob=0.0262 (raw=0.0235)  vol=$5,000  trades=4  first_trade=2025-12-07 16:35  winrate=0.000  n_markets_traded=2.000  herfindahl_index_markets=0.500
14:16:27 [super]   #85    0x5b6e876e1a6f9fb99982ead74292986dff8d7f3b  prob=0.0262 (raw=0.0235)  vol=$27,203  trades=7  first_trade=2025-12-04 18:47  winrate=0.000  n_markets_traded=1.000  herfindahl_index_markets=1.000
14:16:27 [super]   #86    0xddd236b21c5736a756a87b35fcd79b7781121b9c  prob=0.0262 (raw=0.0234)  vol=$3,000  trades=4  first_trade=2025-12-06 15:46  winrate=0.000  n_markets_traded=1.000  herfindahl_index_markets=1.000
14:16:27 [super]   #87    0x8e6d18db00decb3d7b47750e222223ccfb784e22  prob=0.0262 (raw=0.0234)  vol=$2,500  trades=4  first_trade=2025-12-04 07:55  winrate=0.333  n_markets_traded=15.000  herfindahl_index_markets=0.118
14:16:27 [super]   #89    0xc5282f00347d23fc2410a26e2485057ea34073e9  prob=0.0262 (raw=0.0233)  vol=$19,000  trades=4  first_trade=2025-12-06 08:16  winrate=0.000  n_markets_traded=1.000  herfindahl_index_markets=1.000
14:16:27 [super]   #95    0x043252388a82aad1445bfb6ed9aaf35b1a8ee771  prob=0.0261 (raw=0.0226)  vol=$10,000  trades=3  first_trade=2025-12-07 15:40  winrate=0.000  n_markets_traded=5.000  herfindahl_index_markets=0.531
14:16:27 [super]   #96    0x23332ca1da94384d1c5f1a321d8b3053cecc7c71  prob=0.0261 (raw=0.0226)  vol=$8,000  trades=14  first_trade=2025-12-06 16:29  winrate=0.000  n_markets_traded=3.000  herfindahl_index_markets=0.427
14:16:27 [super]   #97    0x74cc3d6d394a3e0f2e53c72ce26a84adc10565ed  prob=0.0261 (raw=0.0225)  vol=$3,750  trades=6  first_trade=2025-12-04 22:47  winrate=0.000  n_markets_traded=2.000  herfindahl_index_markets=0.883
14:16:27 [super]   #98    0xbc19f72c0ad753c4ac3c3aac8f92880b92618cd0  prob=0.0261 (raw=0.0225)  vol=$2,000  trades=6  first_trade=2025-12-04 15:13  winrate=0.000  n_markets_traded=1.000  herfindahl_index_markets=1.000
14:16:27 [super]   #100   0xc1f015bc9fa5d88e280dd2c035b5b8aca698615b  prob=0.0261 (raw=0.0222)  vol=$4,000  trades=8  first_trade=2025-12-07 18:22  winrate=0.000  n_markets_traded=1.000  herfindahl_index_markets=1.000
14:16:27 [super]   #103   0x30df30cc05aa926b5891b50956fa28107218ebe3  prob=0.0260 (raw=0.0221)  vol=$2,215  trades=2  first_trade=2025-12-04 18:31  winrate=0.000  n_markets_traded=1.000  herfindahl_index_markets=1.000
14:16:27 [super]   #104   0xd4ba0d2e9f175b4c4d9f2f6277839b83191d00cc  prob=0.0260 (raw=0.0221)  vol=$5,896  trades=6  first_trade=2025-12-04 11:53  winrate=0.000  n_markets_traded=1.000  herfindahl_index_markets=1.000
14:16:27 [super]   #105   0x587c1255d284a0a82d8f7658a88b6fd84a11a7ea  prob=0.0260 (raw=0.0221)  vol=$7,500  trades=2  first_trade=2025-12-04 18:19  winrate=0.000  n_markets_traded=1.000  herfindahl_index_markets=1.000
14:16:27 [super]   #106   0xe930cea4fffdc860f82dedeee3987ef95e231dd8  prob=0.0260 (raw=0.0221)  vol=$9,700  trades=2  first_trade=2025-12-04 17:24  winrate=0.000  n_markets_traded=1.000  herfindahl_index_markets=1.000
14:16:27 [super]   #107   0x74199a6babbfb3a8e1b03d1bd225df36680cd2fb  prob=0.0260 (raw=0.0221)  vol=$2,339  trades=12  first_trade=2025-12-04 19:43  winrate=0.000  n_markets_traded=1.000  herfindahl_index_markets=1.000
14:16:27 [super]   #110   0xc5576a43c6916876b8c1b27c1cf53833442ddf6f  prob=0.0260 (raw=0.0219)  vol=$10,500  trades=2  first_trade=2025-12-06 09:01  winrate=0.000  n_markets_traded=1.000  herfindahl_index_markets=1.000
14:16:27 [super]   #111   0xddd23b4292736caa5dea9faa17f726bb05f6063f  prob=0.0260 (raw=0.0219)  vol=$3,000  trades=6  first_trade=2025-12-06 15:29  winrate=0.000  n_markets_traded=1.000  herfindahl_index_markets=1.000
14:16:27 [super]   #119   0xe96ec7795b640079b64e17b7e9053e32b3cccddc  prob=0.0260 (raw=0.0217)  vol=$2,500  trades=2  first_trade=2025-12-04 15:30  winrate=0.000  n_markets_traded=1.000  herfindahl_index_markets=1.000
14:16:27 [super]   #120   0x7208bf513aa7a0bb59484cfe0d0e8fb78d8fe4d7  prob=0.0260 (raw=0.0217)  vol=$4,028  trades=14  first_trade=2025-12-05 16:33  winrate=0.000  n_markets_traded=1.000  herfindahl_index_markets=1.000
14:16:27 [super]   #121   0x2994231537e0115b883c5092fc290ce76886fde2  prob=0.0260 (raw=0.0216)  vol=$3,057  trades=4  first_trade=2025-12-04 17:04  winrate=0.000  n_markets_traded=1.000  herfindahl_index_markets=1.000
14:16:27 [super]   #122   0x3ab7647d224f3d6cbea789bf58880dc0639cd252  prob=0.0260 (raw=0.0216)  vol=$33,333  trades=2  first_trade=2025-12-05 14:34  winrate=0.000  n_markets_traded=1.000  herfindahl_index_markets=1.000
14:16:27 [super]   #123   0x6bab41a0dc40d6dd4c1a915b8c01969479fd1292  prob=0.0260 (raw=0.0216)  vol=$38,203  trades=59  first_trade=2025-11-26 21:32  winrate=NaN  n_markets_traded=0.000  herfindahl_index_markets=0.000
14:16:27 [super]   #124   0x3c1b184b6244f47e3da9329c88e2808bb4abc826  prob=0.0259 (raw=0.0212)  vol=$10,000  trades=2  first_trade=2025-12-04 18:21  winrate=0.000  n_markets_traded=1.000  herfindahl_index_markets=1.000
14:16:27 [super]   #125   0xa7bec67a20dca08c87ae5c2630e6014da931f3ec  prob=0.0259 (raw=0.0211)  vol=$8,350  trades=8  first_trade=2025-12-05 11:46  winrate=0.000  n_markets_traded=1.000  herfindahl_index_markets=1.000
14:16:27 [super]   #126   0xc92421af7b3d0675402f3a0e8c3c554a3eb2daa1  prob=0.0259 (raw=0.0210)  vol=$3,000  trades=4  first_trade=2025-12-07 05:03  winrate=0.000  n_markets_traded=1.000  herfindahl_index_markets=1.000
14:16:27 [super]   #127   0xfe4a624eda9af93374f26b7ee1cc2b9c9656e38b  prob=0.0259 (raw=0.0210)  vol=$2,500  trades=2  first_trade=2025-12-04 14:07  winrate=0.000  n_markets_traded=4.000  herfindahl_index_markets=0.344
14:16:27 [super]   #128   0x38cea554ef8974b29a273eb150bff1fa6a3a999f  prob=0.0259 (raw=0.0209)  vol=$5,000  trades=2  first_trade=2025-12-07 18:28  winrate=0.000  n_markets_traded=1.000  herfindahl_index_markets=1.000
14:16:27 [super]   #130   0x16a13d1215ffa55f08666c29dc03ca86b91e863a  prob=0.0259 (raw=0.0209)  vol=$1,423  trades=14  first_trade=2025-12-04 00:34  winrate=0.000  n_markets_traded=2.000  herfindahl_index_markets=0.935
14:16:27 [super]   #133   0x34ab62d4717796662f221a5c3d6e541b981df515  prob=0.0259 (raw=0.0206)  vol=$6,480  trades=2  first_trade=2025-12-05 22:35  winrate=0.000  n_markets_traded=1.000  herfindahl_index_markets=1.000
14:16:27 [super]   #134   0xcf766c1dd49a06ebc681916b589690a9bdb9fd54  prob=0.0259 (raw=0.0205)  vol=$3,333  trades=2  first_trade=2025-12-05 19:23  winrate=0.000  n_markets_traded=1.000  herfindahl_index_markets=1.000
14:16:27 [super]   #137   0xa1f23cf958fba7e8154803dfb7a4f0a83f1a80b6  prob=0.0259 (raw=0.0205)  vol=$1,077  trades=2  first_trade=2025-12-05 16:18  winrate=0.000  n_markets_traded=1.000  herfindahl_index_markets=1.000
14:16:27 [super]   #142   0x2ea2266f29a8087772b1f77853e12a1784f45b04  prob=0.0259 (raw=0.0205)  vol=$20,000  trades=6  first_trade=2025-12-05 05:41  winrate=0.000  n_markets_traded=1.000  herfindahl_index_markets=1.000
14:16:27 [super]   #143   0x4083134a205c4eab76b6c0223ff085e968f222b2  prob=0.0258 (raw=0.0204)  vol=$3,333  trades=4  first_trade=2025-12-05 10:21  winrate=0.000  n_markets_traded=1.000  herfindahl_index_markets=1.000
14:16:27 [super]   #146   0x5e9efba67923da212093f7b6eb8dfcae0ab5250e  prob=0.0258 (raw=0.0204)  vol=$1,667  trades=2  first_trade=2025-12-04 12:16  winrate=0.000  n_markets_traded=1.000  herfindahl_index_markets=1.000
14:16:27 [super]   #147   0xf6ecfa6b488352c80130f99c43e5fc631e2fa7f6  prob=0.0258 (raw=0.0204)  vol=$6,667  trades=8  first_trade=2025-12-05 19:52  winrate=0.000  n_markets_traded=1.000  herfindahl_index_markets=1.000
14:16:27 [super]   #151   0xd6bc99af19d7a5a96390a3403d35e3f010fa0ed7  prob=0.0258 (raw=0.0203)  vol=$5,000  trades=2  first_trade=2025-12-07 16:09  winrate=0.000  n_markets_traded=3.000  herfindahl_index_markets=0.407
14:16:27 [super]   #152   0x9577f69af10120dc14043cd215fddbda27353de1  prob=0.0258 (raw=0.0203)  vol=$2,987  trades=3  first_trade=2025-12-05 00:47  winrate=0.000  n_markets_traded=1.000  herfindahl_index_markets=1.000
14:16:27 [super]   #158   0xb5cea9754d83c1644df3c24c1248872b2fdeb26e  prob=0.0258 (raw=0.0201)  vol=$11,000  trades=10  first_trade=2025-12-04 17:39  winrate=0.000  n_markets_traded=1.000  herfindahl_index_markets=1.000
14:16:27 [super]   #160   0xbbef6f4f7bf58b143412f385eafc2938c6ff7de2  prob=0.0258 (raw=0.0200)  vol=$13,080  trades=5  first_trade=2025-12-02 15:41  winrate=0.353  n_markets_traded=17.000  herfindahl_index_markets=0.297
14:16:27 [super]   #161   0x1b2cfc256ea4775fe7e6f5242a0018f525b93cfb  prob=0.0258 (raw=0.0199)  vol=$2,505  trades=4  first_trade=2025-12-04 04:15  winrate=0.000  n_markets_traded=4.000  herfindahl_index_markets=0.321
14:16:27 [super]   #163   0x25875ae66b2b9c93aafbf293c9c28241e4fcd5b1  prob=0.0258 (raw=0.0199)  vol=$5,397  trades=15  first_trade=2025-12-03 20:29  winrate=0.545  n_markets_traded=11.000  herfindahl_index_markets=0.179
14:16:27 [super]   #169   0x3c01365bc78aceb7101e36858b37a491a2fec382  prob=0.0258 (raw=0.0197)  vol=$3,000  trades=4  first_trade=2025-12-07 02:25  winrate=0.000  n_markets_traded=2.000  herfindahl_index_markets=0.592
14:16:27 [super]   #170   0x51acf5e654ea65efe6b8674bd9eace2011e116f0  prob=0.0257 (raw=0.0196)  vol=$97,334  trades=17  first_trade=2025-12-05 02:05  winrate=0.000  n_markets_traded=1.000  herfindahl_index_markets=1.000
14:16:27 [super]   #172   0x10e5d83b753200594bfb6a1122ae2360a2a8c66a  prob=0.0257 (raw=0.0195)  vol=$5,000  trades=3  first_trade=2025-12-06 23:23  winrate=0.000  n_markets_traded=8.000  herfindahl_index_markets=0.163
14:16:27 [super]   #175   0x1a4c96c278bf21a07d40fbcd629b2ec37455fca5  prob=0.0257 (raw=0.0194)  vol=$1,500  trades=2  first_trade=2025-12-07 18:26  winrate=0.000  n_markets_traded=7.000  herfindahl_index_markets=0.281
14:16:27 [super]   #176   0x0142ca968d33c4b00cca882c3e48fb2e7b40c010  prob=0.0257 (raw=0.0194)  vol=$1,050  trades=3  first_trade=2025-12-05 12:37  winrate=0.000  n_markets_traded=1.000  herfindahl_index_markets=1.000
14:16:27 [super]   #178   0x0b27955a94ec4c812217d6f80f388b606a8491fc  prob=0.0257 (raw=0.0193)  vol=$2,534  trades=4  first_trade=2025-12-04 09:23  winrate=0.800  n_markets_traded=5.000  herfindahl_index_markets=0.298
14:16:27 [super]   #179   0xcff8acb10e7b75a52b98a4e153de1dbb5c72b64a  prob=0.0257 (raw=0.0193)  vol=$2,327  trades=4  first_trade=2025-12-04 07:53  winrate=0.077  n_markets_traded=13.000  herfindahl_index_markets=0.127
14:16:27 [super]   #181   0x9968045d126838af4558fb3b33d31ba1cd3b2187  prob=0.0257 (raw=0.0193)  vol=$6,751  trades=3  first_trade=2025-12-04 11:28  winrate=0.000  n_markets_traded=2.000  herfindahl_index_markets=0.501
14:16:27 [super]   #189   0x9a7cf088e6c856735c9473ae6166bd2552f0b695  prob=0.0257 (raw=0.0189)  vol=$2,500  trades=2  first_trade=2025-12-04 17:03  winrate=0.000  n_markets_traded=2.000  herfindahl_index_markets=0.625
14:16:27 [super]   #190   0x1b18c7b908878f4839b5a28e75f3fb03243ee89f  prob=0.0257 (raw=0.0189)  vol=$1,005  trades=2  first_trade=2025-12-04 16:01  winrate=0.000  n_markets_traded=2.000  herfindahl_index_markets=0.862
14:16:27 [super]   #191   0x83968cc5e0f73a7883393fcf443ef25165f3505b  prob=0.0257 (raw=0.0189)  vol=$2,000  trades=2  first_trade=2025-12-07 15:02  winrate=0.000  n_markets_traded=7.000  herfindahl_index_markets=0.613
14:16:27 [super]   #193   0x1c76a37dbdb4eaf15d4f1d8ffe5b9e18e54299ff  prob=0.0257 (raw=0.0188)  vol=$3,500  trades=2  first_trade=2025-12-04 16:43  winrate=0.000  n_markets_traded=1.000  herfindahl_index_markets=1.000
14:16:27 [super]   #194   0x5589f1201ea67104c26e1b0126c737bb54cdd13b  prob=0.0257 (raw=0.0188)  vol=$186,667  trades=8  first_trade=2025-12-04 07:59  winrate=0.333  n_markets_traded=9.000  herfindahl_index_markets=0.181
14:16:27 [super]   #196   0x7833bf2866e5aa80aa0d7abb4ce1e768ee093f14  prob=0.0256 (raw=0.0187)  vol=$3,000  trades=2  first_trade=2025-12-05 14:47  winrate=0.000  n_markets_traded=4.000  herfindahl_index_markets=0.265
14:16:27 [super]   #197   0xb6527026f8836831d6b60fa9d307f72e098f6eb7  prob=0.0256 (raw=0.0187)  vol=$1,024  trades=8  first_trade=2025-12-06 01:25  winrate=0.000  n_markets_traded=1.000  herfindahl_index_markets=1.000
14:16:27 [super]   #202   0xeefd3f182a63da2e4bb5f2856cb8bf0b85a89190  prob=0.0256 (raw=0.0185)  vol=$2,997  trades=4  first_trade=2025-12-05 08:35  winrate=0.000  n_markets_traded=1.000  herfindahl_index_markets=1.000
14:16:27 [super]   #206   0x11af22fcacbc9eaabec4eec0b94f477a34c01c1d  prob=0.0256 (raw=0.0185)  vol=$32,000  trades=6  first_trade=2025-12-04 18:22  winrate=0.000  n_markets_traded=1.000  herfindahl_index_markets=1.000
14:16:27 [super]   #209   0xf129f01744945008ac1cbb806205205b3824065b  prob=0.0256 (raw=0.0182)  vol=$6,281  trades=10  first_trade=2025-12-04 07:04  winrate=0.000  n_markets_traded=1.000  herfindahl_index_markets=1.000
14:16:27 [super]   #211   0x7afbfe56273ac942aa3de693ae3613f11b8921ff  prob=0.0256 (raw=0.0182)  vol=$4,000  trades=2  first_trade=2025-12-06 12:16  winrate=0.000  n_markets_traded=6.000  herfindahl_index_markets=0.176
14:16:27 [super]   #212   0x6fa35fc9087c7ee3776c46b4f5789c2597b716cd  prob=0.0256 (raw=0.0181)  vol=$29,833  trades=8  first_trade=2025-12-05 20:03  winrate=0.167  n_markets_traded=6.000  herfindahl_index_markets=0.323
14:16:27 [super]   #215   0x274f2f19445720a9a1a308fba3e7f252d9996f2a  prob=0.0256 (raw=0.0180)  vol=$5,000  trades=2  first_trade=2025-12-05 14:20  winrate=0.000  n_markets_traded=1.000  herfindahl_index_markets=1.000
14:16:27 [super]   #217   0xfb993fa1047c9249b8c7d3b88320d3220e874370  prob=0.0256 (raw=0.0179)  vol=$6,667  trades=2  first_trade=2025-12-05 14:57  winrate=0.000  n_markets_traded=2.000  herfindahl_index_markets=0.909
14:16:27 [super]   #220   0x323bf118b83e9a457abc27a569819382d6554598  prob=0.0255 (raw=0.0178)  vol=$6,823  trades=12  first_trade=2025-12-05 16:58  winrate=0.000  n_markets_traded=2.000  herfindahl_index_markets=0.752
14:16:27 [super]   #222   0x61b699d89fef31d1b977ba51e17ee58078cca62f  prob=0.0255 (raw=0.0178)  vol=$8,809  trades=8  first_trade=2025-12-04 15:19  winrate=0.000  n_markets_traded=1.000  herfindahl_index_markets=1.000
14:16:27 [super]   #225   0x0ec665014050c80a767cd4dc7e84df60df6b1f04  prob=0.0255 (raw=0.0175)  vol=$1,068  trades=3  first_trade=2025-12-04 22:52  winrate=0.500  n_markets_traded=2.000  herfindahl_index_markets=0.500
14:16:27 [super]   #228   0x748e8a9086c2168470e14e3d57a8ebfe5e7aa579  prob=0.0255 (raw=0.0175)  vol=$1,600  trades=2  first_trade=2025-12-07 11:56  winrate=0.000  n_markets_traded=7.000  herfindahl_index_markets=0.239
14:16:27 [super]   #229   0x059b67e63e6045f8f2c7ded0c8d348b1191f702b  prob=0.0255 (raw=0.0174)  vol=$13,756  trades=8  first_trade=2025-12-04 21:17  winrate=0.000  n_markets_traded=1.000  herfindahl_index_markets=1.000
14:16:27 [super]   #230   0xcdc47c6c362e05c06df6e43f5c7bc3bc27b9ee13  prob=0.0255 (raw=0.0174)  vol=$20,000  trades=8  first_trade=2025-12-07 01:20  winrate=0.000  n_markets_traded=4.000  herfindahl_index_markets=0.779
14:16:27 [super]   #231   0x162cdbc362e65dd3bc060f6d69128ada16b16a54  prob=0.0255 (raw=0.0174)  vol=$6,000  trades=2  first_trade=2025-12-06 01:26  winrate=0.000  n_markets_traded=4.000  herfindahl_index_markets=0.291
14:16:27 [super]   #232   0xebaac70e29fb820196f13defcbe3718fa7367d82  prob=0.0255 (raw=0.0174)  vol=$5,000  trades=2  first_trade=2025-12-05 23:52  winrate=0.000  n_markets_traded=1.000  herfindahl_index_markets=1.000
14:16:27 [super]   #237   0x7e3e9ef3dd9831436ff1e3ac234b87adacd30a2d  prob=0.0255 (raw=0.0173)  vol=$16,112  trades=2  first_trade=2025-12-05 11:54  winrate=0.000  n_markets_traded=1.000  herfindahl_index_markets=1.000
14:16:27 [super]   #243   0xbd2182a67f7b46f91b2a6a7b81c464a580dc007a  prob=0.0255 (raw=0.0171)  vol=$5,064  trades=6  first_trade=2025-12-04 05:16  winrate=0.389  n_markets_traded=17.000  herfindahl_index_markets=0.418
14:16:27 [super]   #245   0x649e7b151907ec289916fb26a315eccacbeb717a  prob=0.0255 (raw=0.0171)  vol=$3,250  trades=4  first_trade=2025-12-05 11:41  winrate=0.000  n_markets_traded=1.000  herfindahl_index_markets=1.000
14:16:27 [super]   #249   0x850a345b06503bf23a3867042b72c230cb6096a9  prob=0.0255 (raw=0.0171)  vol=$1,250  trades=10  first_trade=2025-12-04 10:13  winrate=0.000  n_markets_traded=2.000  herfindahl_index_markets=0.500
14:16:27 [super]   #251   0xc649f96b4562e91204e08f2f99759b9ba94b3c73  prob=0.0255 (raw=0.0170)  vol=$2,600  trades=2  first_trade=2025-12-05 01:16  winrate=0.000  n_markets_traded=1.000  herfindahl_index_markets=1.000
14:16:27 [super]   #256   0x1c0bdd5a616ba7ae5d9b707ca18cd70ac51d7600  prob=0.0254 (raw=0.0169)  vol=$8,877  trades=12  first_trade=2025-12-05 15:44  winrate=0.000  n_markets_traded=3.000  herfindahl_index_markets=0.551
14:16:27 [super]   #259   0xb23992303c204663e90986a28a2eff585addfe75  prob=0.0254 (raw=0.0168)  vol=$2,333  trades=4  first_trade=2025-12-04 16:06  winrate=0.000  n_markets_traded=5.000  herfindahl_index_markets=0.250
14:16:27 [super]   #263   0x3f45ecc8d59273daa74d509c5c62f7aacab5d06c  prob=0.0254 (raw=0.0166)  vol=$1,080  trades=5  first_trade=2025-12-04 07:06  winrate=0.000  n_markets_traded=3.000  herfindahl_index_markets=0.333
14:16:27 [super]   #265   0x1026f57a8c836a402e184a867173dd5e0703460c  prob=0.0254 (raw=0.0166)  vol=$58,123  trades=14  first_trade=2025-12-04 03:23  winrate=0.583  n_markets_traded=12.000  herfindahl_index_markets=0.731
14:16:27 [super]   #266   0x21228ac51112103a214003e2f4111ab4e123c810  prob=0.0254 (raw=0.0166)  vol=$55,025  trades=21  first_trade=2025-12-04 10:03  winrate=0.000  n_markets_traded=2.000  herfindahl_index_markets=0.897
14:16:27 [super]   #268   0x7a0c05b070f7c82ecf6691db8beba3e53c46ecee  prob=0.0254 (raw=0.0166)  vol=$26,196  trades=9  first_trade=2025-12-04 17:51  winrate=0.000  n_markets_traded=1.000  herfindahl_index_markets=1.000
14:16:27 [super]   #269   0xd9907411d0d279569f859f9ff8f398a6dad70252  prob=0.0254 (raw=0.0165)  vol=$3,406  trades=14  first_trade=2025-12-04 21:01  winrate=0.000  n_markets_traded=1.000  herfindahl_index_markets=1.000
14:16:27 [super]   #270   0xd97c5c25774ee6e7ebbc4456e1eaa32f2b29aedb  prob=0.0254 (raw=0.0165)  vol=$6,194  trades=39  first_trade=2025-12-02 08:21  winrate=0.450  n_markets_traded=254.000  herfindahl_index_markets=0.014
14:16:27 [super]   #275   0x59d59ae47618f3b340482d175dfc8cf13b2ba273  prob=0.0254 (raw=0.0163)  vol=$40,423  trades=160  first_trade=2025-11-30 22:09  winrate=0.200  n_markets_traded=10.000  herfindahl_index_markets=0.283
14:16:27 [super]   #277   0xfc43e7af3f9faea255b69e4ee2b9b1cc4752c853  prob=0.0254 (raw=0.0162)  vol=$1,666  trades=6  first_trade=2025-12-05 10:50  winrate=0.000  n_markets_traded=1.000  herfindahl_index_markets=1.000
14:16:27 [super]   #278   0x25365f43c3d66d50518e9bffc002d15580de72cd  prob=0.0254 (raw=0.0162)  vol=$1,333  trades=5  first_trade=2025-12-05 11:16  winrate=0.000  n_markets_traded=1.000  herfindahl_index_markets=1.000
14:16:27 [super]   #279   0x57c5de7efafb020e589f80e0da6e16e9b5c907aa  prob=0.0253 (raw=0.0161)  vol=$59,830  trades=21  first_trade=2025-12-04 07:57  winrate=0.717  n_markets_traded=83.000  herfindahl_index_markets=0.789
14:16:27 [super]   #280   0xeae78417e0976984ebdfc6b42247665379fba48c  prob=0.0253 (raw=0.0161)  vol=$1,500  trades=2  first_trade=2025-12-04 14:49  winrate=0.000  n_markets_traded=4.000  herfindahl_index_markets=0.352
14:16:27 [super]   #284   0x378b8266535cfe6482418d6ccc286e3452abcaff  prob=0.0253 (raw=0.0159)  vol=$1,083  trades=7  first_trade=2025-12-04 05:07  winrate=0.000  n_markets_traded=2.000  herfindahl_index_markets=0.522
14:16:27 [super]   #287   0xed1e5a760177c3c266417545be8dd27c27171b0b  prob=0.0253 (raw=0.0158)  vol=$2,540  trades=6  first_trade=2025-12-05 07:35  winrate=0.000  n_markets_traded=5.000  herfindahl_index_markets=0.257
14:16:27 [super]   #290   0xefde9ff487fae209ab6e3157a8acb4276f9c783d  prob=0.0253 (raw=0.0157)  vol=$8,879  trades=50  first_trade=2025-12-01 10:25  winrate=NaN  n_markets_traded=0.000  herfindahl_index_markets=0.000
14:16:27 [super]   #291   0x6f04f8ae08fbc7c086404872264343be04f5c263  prob=0.0253 (raw=0.0156)  vol=$1,066  trades=5  first_trade=2025-12-04 02:55  winrate=0.500  n_markets_traded=19.000  herfindahl_index_markets=0.192
14:16:27 [super]   #293   0xb4bf2188b41a2f38daeb8dd6b49cf98398dceab4  prob=0.0253 (raw=0.0155)  vol=$4,213  trades=8  first_trade=2025-12-04 05:49  winrate=0.000  n_markets_traded=3.000  herfindahl_index_markets=0.457
14:16:27 [super]   #294   0x368ba69507fd67972059fa178af5e459b72f2458  prob=0.0253 (raw=0.0154)  vol=$6,695  trades=9  first_trade=2025-12-02 17:35  winrate=NaN  n_markets_traded=0.000  herfindahl_index_markets=0.000
14:16:27 [super]   #306   0xf1e18796b23683d463686cc95d24374562348215  prob=0.0252 (raw=0.0149)  vol=$2,500  trades=10  first_trade=2025-12-04 16:49  winrate=0.000  n_markets_traded=6.000  herfindahl_index_markets=0.300
14:16:27 [super]   #307   0x61a34ecbc91a0ec3133d9ed6e0cf08fdd729e457  prob=0.0252 (raw=0.0149)  vol=$1,443  trades=4  first_trade=2025-12-04 17:56  winrate=0.000  n_markets_traded=1.000  herfindahl_index_markets=1.000
14:16:27 [super]   #308   0x3714e94ecc3b974c95f614f6012a759c4dfa8748  prob=0.0252 (raw=0.0149)  vol=$1,988  trades=10  first_trade=2025-12-04 17:35  winrate=0.200  n_markets_traded=5.000  herfindahl_index_markets=0.543
14:16:27 [super]   #311   0x33ec3edc5082a54c1e2dba669953db36a768d084  prob=0.0252 (raw=0.0148)  vol=$1,593  trades=8  first_trade=2025-12-04 22:53  winrate=0.000  n_markets_traded=2.000  herfindahl_index_markets=0.592
14:16:27 [super]   #315   0xeab274585913d9697e7e6e9d65db9fcdd4aca113  prob=0.0252 (raw=0.0146)  vol=$4,000  trades=4  first_trade=2025-12-04 12:47  winrate=0.000  n_markets_traded=1.000  herfindahl_index_markets=1.000
14:16:27 [super]   #318   0xa9cddbe8b37bdb182ebafd69122761c85b45ddf7  prob=0.0252 (raw=0.0145)  vol=$2,264  trades=4  first_trade=2025-12-04 08:19  winrate=0.333  n_markets_traded=3.000  herfindahl_index_markets=0.968
14:16:27 [super]   #319   0xae9b5f1057e3226ed243d564e3e846b16ee2e4ed  prob=0.0252 (raw=0.0145)  vol=$4,000  trades=4  first_trade=2025-12-06 17:05  winrate=0.000  n_markets_traded=7.000  herfindahl_index_markets=0.311
14:16:27 [super]   #321   0xd5d431466d4ede059f902af78160407f14daff08  prob=0.0252 (raw=0.0145)  vol=$2,667  trades=4  first_trade=2025-12-05 17:34  winrate=0.000  n_markets_traded=3.000  herfindahl_index_markets=0.360
14:16:27 [super]   #322   0x4e587b7a00f8d3175e7a03c78538c590727bea52  prob=0.0252 (raw=0.0145)  vol=$2,000  trades=4  first_trade=2025-12-06 02:49  winrate=0.000  n_markets_traded=7.000  herfindahl_index_markets=0.167
14:16:27 [super]   #324   0x622240c66a27a2f10805069d52181dab9a4e8983  prob=0.0252 (raw=0.0144)  vol=$4,820  trades=2  first_trade=2025-12-04 07:07  winrate=0.500  n_markets_traded=6.000  herfindahl_index_markets=0.218
14:16:27 [super]   #326   0x11ab9573a053352b7a122a046bbbd2254b4d71d8  prob=0.0251 (raw=0.0143)  vol=$10,438  trades=13  first_trade=2025-12-04 21:21  winrate=0.000  n_markets_traded=5.000  herfindahl_index_markets=0.599
14:16:27 [super]   #327   0x8973cf6d5daa37e784bb8ecdc544af26bb1c93c4  prob=0.0251 (raw=0.0143)  vol=$1,144  trades=10  first_trade=2025-12-04 17:35  winrate=0.000  n_markets_traded=2.000  herfindahl_index_markets=0.500
14:16:27 [super]   #330   0x48e2cebb7d5d5c234038bcef91bbcc64063fe836  prob=0.0251 (raw=0.0142)  vol=$6,000  trades=2  first_trade=2025-12-04 15:30  winrate=0.000  n_markets_traded=3.000  herfindahl_index_markets=0.388
14:16:27 [super]   #339   0x8e5e52ea8f1d3a8515ea2949832d59be828ac024  prob=0.0251 (raw=0.0140)  vol=$1,004  trades=5  first_trade=2025-12-04 13:27  winrate=0.000  n_markets_traded=1.000  herfindahl_index_markets=1.000
14:16:27 [super]   #340   0x729730166cce311d8898d637a5b0a796f3e22108  prob=0.0251 (raw=0.0140)  vol=$11,980  trades=3  first_trade=2025-12-06 00:33  winrate=0.769  n_markets_traded=13.000  herfindahl_index_markets=0.297
14:16:27 [super]   #341   0xb8df0aa47873f196d61c67ca0f4f39378c2034cd  prob=0.0251 (raw=0.0140)  vol=$13,289  trades=22  first_trade=2025-12-04 13:16  winrate=0.000  n_markets_traded=1.000  herfindahl_index_markets=1.000
14:16:27 [super]   #349   0x7015237eac73b76e8a116c9aa321bb39ff34e6a2  prob=0.0251 (raw=0.0137)  vol=$8,531  trades=8  first_trade=2025-12-04 07:39  winrate=0.000  n_markets_traded=5.000  herfindahl_index_markets=0.293
14:16:27 [super]   #350   0x11f2b782774ead68a4c1e6a8bae4d1c3358ecf95  prob=0.0251 (raw=0.0137)  vol=$30,397  trades=11  first_trade=2025-12-05 11:30  winrate=0.000  n_markets_traded=3.000  herfindahl_index_markets=0.363
14:16:27 [super]   #351   0xecf3891a3e8c8a1ade362982c089080e95fc4c15  prob=0.0251 (raw=0.0136)  vol=$4,349  trades=59  first_trade=2025-12-02 16:39  winrate=0.263  n_markets_traded=19.000  herfindahl_index_markets=0.134
14:16:27 [super]   #352   0xecf56389f1d8c0d6f0896a0c73431430aeae45f1  prob=0.0251 (raw=0.0136)  vol=$1,427  trades=2  first_trade=2025-12-05 07:40  winrate=0.000  n_markets_traded=3.000  herfindahl_index_markets=0.375
14:16:27 [super]   #358   0x94a2c905e1c085f4ebe408ff13c5ed36e00b4cef  prob=0.0250 (raw=0.0135)  vol=$2,000  trades=4  first_trade=2025-12-05 12:53  winrate=0.000  n_markets_traded=3.000  herfindahl_index_markets=0.450
14:16:27 [super]   #359   0x1193864fb516aa6eaa10522b6d152c7de876261b  prob=0.0250 (raw=0.0135)  vol=$1,186  trades=8  first_trade=2025-12-05 00:01  winrate=0.000  n_markets_traded=4.000  herfindahl_index_markets=0.455
14:16:27 [super]   #364   0xc548faa3e20eef1a9d3306551a3974c85cfee66c  prob=0.0250 (raw=0.0133)  vol=$2,141  trades=6  first_trade=2025-12-04 10:21  winrate=0.000  n_markets_traded=1.000  herfindahl_index_markets=1.000
14:16:27 [super]   #367   0x83d337c50ec414c45c3d030023dc59fd69d4a973  prob=0.0250 (raw=0.0132)  vol=$1,583  trades=11  first_trade=2025-12-03 21:26  winrate=0.469  n_markets_traded=98.000  herfindahl_index_markets=0.033
14:16:27 [super]   #368   0xb51e00d7f0a9b0267303256cab9b83b1e4ed3361  prob=0.0250 (raw=0.0131)  vol=$322,570  trades=15  first_trade=2025-12-06 19:23  winrate=0.237  n_markets_traded=38.000  herfindahl_index_markets=0.048
14:16:27 [super]   #370   0xa645a7ff60f1823cb8f24d8336e6c2f003defdbe  prob=0.0250 (raw=0.0131)  vol=$2,485  trades=2  first_trade=2025-12-05 11:59  winrate=0.000  n_markets_traded=2.000  herfindahl_index_markets=0.836
14:16:27 [super]   #378   0x9297dc5c6ef009e13c33598c0dd5b43bec28949f  prob=0.0250 (raw=0.0127)  vol=$1,539  trades=7  first_trade=2025-12-04 07:53  winrate=0.200  n_markets_traded=15.000  herfindahl_index_markets=0.161
14:16:27 [super]   #379   0x6ba760564dc8ddefafbfbf04a9bcddcea3b9ab1f  prob=0.0250 (raw=0.0127)  vol=$1,060  trades=3  first_trade=2025-12-05 08:43  winrate=0.059  n_markets_traded=17.000  herfindahl_index_markets=0.198
14:16:27 [super]   #380   0x8e36870341ae2b372109744fa369a39c83aa3410  prob=0.0249 (raw=0.0124)  vol=$2,520  trades=12  first_trade=2025-12-04 13:15  winrate=0.000  n_markets_traded=3.000  herfindahl_index_markets=0.363
14:16:27 [super]   #384   0xcf095ef7b9ddae97e9fbd6b8e89ed29f4b4e6d10  prob=0.0249 (raw=0.0122)  vol=$5,500  trades=2  first_trade=2025-12-04 18:13  winrate=0.000  n_markets_traded=5.000  herfindahl_index_markets=0.216
14:16:27 [super]   #386   0x5ad847c5e1d198f3f8a0d16dd084418d3c15e58a  prob=0.0249 (raw=0.0122)  vol=$1,333  trades=2  first_trade=2025-12-05 05:36  winrate=0.333  n_markets_traded=3.000  herfindahl_index_markets=0.427
14:16:27 [super]   #387   0xa6e7ffa50b030c3a448511f5c268504eaa3e5fbc  prob=0.0249 (raw=0.0121)  vol=$2,250  trades=4  first_trade=2025-12-04 12:46  winrate=0.000  n_markets_traded=15.000  herfindahl_index_markets=0.100
14:16:27 [super]   #389   0xc5d5b7a32f92acaedad697640fb4904d47965cd6  prob=0.0249 (raw=0.0120)  vol=$1,333  trades=4  first_trade=2025-12-05 15:46  winrate=0.000  n_markets_traded=12.000  herfindahl_index_markets=0.083
14:16:27 [super]   #390   0x051f331e209fc72041d92d85c415e4785a339faa  prob=0.0249 (raw=0.0120)  vol=$3,914  trades=4  first_trade=2025-12-05 00:46  winrate=0.000  n_markets_traded=10.000  herfindahl_index_markets=0.356
14:16:27 [super]   #398   0x861b0822b4b1828fb87b7aebbdadb59d3d991c5a  prob=0.0248 (raw=0.0116)  vol=$1,051  trades=2  first_trade=2025-12-05 00:50  winrate=0.917  n_markets_traded=12.000  herfindahl_index_markets=0.113
14:16:27 [super]   #400   0x6bf5c38552e200264703946bb8e86a5d02d79055  prob=0.0248 (raw=0.0116)  vol=$21,608  trades=59  first_trade=2025-12-04 00:44  winrate=0.000  n_markets_traded=2.000  herfindahl_index_markets=0.990
14:16:27 [super]   #401   0xc97fd2420d1a0364d05a291dfc5c47bd95b2a8b6  prob=0.0248 (raw=0.0115)  vol=$16,667  trades=2  first_trade=2025-12-05 16:01  winrate=0.280  n_markets_traded=19.000  herfindahl_index_markets=0.354
14:16:27 [super]   #402   0x62e38b89bab7aa6fff8b0d2a176413f9ffa7fd3a  prob=0.0248 (raw=0.0115)  vol=$10,000  trades=2  first_trade=2025-12-04 12:57  winrate=0.000  n_markets_traded=4.000  herfindahl_index_markets=0.286
14:16:27 [super]   #409   0xc6478b6fe573092df52a3d80d196a804798fd99c  prob=0.0248 (raw=0.0113)  vol=$7,415  trades=9  first_trade=2025-12-04 04:56  winrate=0.000  n_markets_traded=3.000  herfindahl_index_markets=0.408
14:16:27 [super]   #412   0xd5f0e9aacf13875360ba1325e8beac586c2b49a5  prob=0.0248 (raw=0.0113)  vol=$4,582  trades=7  first_trade=2025-12-04 06:15  winrate=0.600  n_markets_traded=5.000  herfindahl_index_markets=0.480
14:16:27 [super]   #417   0xc7c28ffe1895f9c44d66d76ef23f0c1b39e82f69  prob=0.0248 (raw=0.0109)  vol=$40,732  trades=6  first_trade=2025-12-04 14:28  winrate=0.000  n_markets_traded=2.000  herfindahl_index_markets=0.750
14:16:27 [super]   #418   0xb20d26cc96515f773073dd270aab7e12bcb4db55  prob=0.0248 (raw=0.0109)  vol=$33,597  trades=9  first_trade=2025-12-04 05:14  winrate=0.667  n_markets_traded=8.000  herfindahl_index_markets=0.333
14:16:27 [super]   #420   0xe20deb609c6736753e7f1b2c64b737018275c49b  prob=0.0247 (raw=0.0108)  vol=$5,000  trades=2  first_trade=2025-12-06 14:54  winrate=0.074  n_markets_traded=27.000  herfindahl_index_markets=0.058
14:16:27 [super]   #422   0x75802c56002ebe765938f4f75d72a43e5ccd7308  prob=0.0247 (raw=0.0107)  vol=$20,088  trades=7  first_trade=2025-12-05 03:36  winrate=0.773  n_markets_traded=22.000  herfindahl_index_markets=0.084
14:16:27 [super]   #425   0x2fb55556a668279b8aecee4cf64970c1c454d9a0  prob=0.0247 (raw=0.0107)  vol=$3,704  trades=4  first_trade=2025-12-04 07:30  winrate=0.125  n_markets_traded=8.000  herfindahl_index_markets=0.303
14:16:27 [super]   #428   0xa0993148b8d481bfafbbc784ba19a4fe25ccd81f  prob=0.0247 (raw=0.0106)  vol=$5,208  trades=8  first_trade=2025-12-04 00:22  winrate=0.283  n_markets_traded=191.000  herfindahl_index_markets=0.066
14:16:27 [super]   #429   0xe54464d0c3e1bb1416ff145d11207f7f44f8ba65  prob=0.0247 (raw=0.0105)  vol=$7,351  trades=11  first_trade=2025-12-04 19:33  winrate=NaN  n_markets_traded=0.000  herfindahl_index_markets=0.000
14:16:27 [super]   #432   0x6b592c31f9a267ffeea69b889ab4b212320ad12a  prob=0.0247 (raw=0.0105)  vol=$28,039  trades=863  first_trade=2025-12-04 03:04  winrate=0.545  n_markets_traded=22.000  herfindahl_index_markets=0.101
14:16:27 [super]   #433   0xdd45e705ee2c41bd1d81da5bcb8ed0e8b30259b2  prob=0.0247 (raw=0.0104)  vol=$7,121  trades=134  first_trade=2025-11-29 19:58  winrate=NaN  n_markets_traded=0.000  herfindahl_index_markets=0.000
14:16:27 [super]   #434   0xcb0eba5c3e43f87ca1fba60ce2eb5e7adafa380e  prob=0.0247 (raw=0.0103)  vol=$1,506  trades=4  first_trade=2025-12-04 14:44  winrate=0.167  n_markets_traded=6.000  herfindahl_index_markets=0.274
14:16:27 [super]   #436   0x22b4139906384ae2a6bed90fd01b81df019d5868  prob=0.0247 (raw=0.0102)  vol=$26,667  trades=2  first_trade=2025-12-05 18:08  winrate=0.000  n_markets_traded=7.000  herfindahl_index_markets=0.181
14:16:27 [super]   #437   0xc4a57f1d2b0e8c9c1d76dbdf2bb87545f34e7ec2  prob=0.0247 (raw=0.0102)  vol=$1,840  trades=6  first_trade=2025-12-04 22:05  winrate=0.375  n_markets_traded=8.000  herfindahl_index_markets=0.512
14:16:27 [super]   #438   0xcf73add1c409656c18b3d44b2e2aed28d6cbc54f  prob=0.0247 (raw=0.0102)  vol=$68,614  trades=207  first_trade=2025-11-30 00:06  winrate=0.059  n_markets_traded=17.000  herfindahl_index_markets=0.170
14:16:27 [super]   #439   0xad1b9b4c17fbcff5cf5d308c444927ac8e1189bf  prob=0.0247 (raw=0.0101)  vol=$1,500  trades=3  first_trade=2025-12-06 00:45  winrate=0.222  n_markets_traded=9.000  herfindahl_index_markets=0.137
14:16:27 [super]   #440   0xaee13402c75563321a6a5ea1c21553857f4177fc  prob=0.0247 (raw=0.0101)  vol=$3,345  trades=16  first_trade=2025-12-03 21:50  winrate=0.354  n_markets_traded=253.000  herfindahl_index_markets=0.033
14:16:27 [super]   #446   0x7be8348ba437e878a75b80ee3e7aafb36460876b  prob=0.0246 (raw=0.0100)  vol=$8,883  trades=8  first_trade=2025-12-04 07:50  winrate=0.000  n_markets_traded=3.000  herfindahl_index_markets=0.489
14:16:27 [super]   #447   0x64ae44024502016d3971efd56fef6f0bfc8a532b  prob=0.0246 (raw=0.0099)  vol=$3,435  trades=20  first_trade=2025-12-04 17:35  winrate=NaN  n_markets_traded=0.000  herfindahl_index_markets=0.000
14:16:27 [super]   #449   0x024d123b7b67330e06dc0d51899685414a9dd0ae  prob=0.0246 (raw=0.0099)  vol=$1,563  trades=8  first_trade=2025-12-04 07:30  winrate=0.333  n_markets_traded=3.000  herfindahl_index_markets=0.707
14:16:27 [super]   #451   0x49151cc8f6376a16caa2e7db597e5ab74ab8b02b  prob=0.0246 (raw=0.0097)  vol=$5,718  trades=24  first_trade=2025-12-04 03:21  winrate=0.125  n_markets_traded=8.000  herfindahl_index_markets=0.209
14:16:27 [super]   #452   0x0770c47140672f53055f6e866adbf815a0e1df24  prob=0.0246 (raw=0.0097)  vol=$6,236  trades=7  first_trade=2025-12-05 01:11  winrate=0.000  n_markets_traded=3.000  herfindahl_index_markets=0.478
14:16:27 [super]   #453   0x51fd8f8573c51dd216668a903194b638deda525b  prob=0.0246 (raw=0.0097)  vol=$2,722  trades=10  first_trade=2025-12-04 04:57  winrate=0.062  n_markets_traded=32.000  herfindahl_index_markets=0.214
14:16:27 [super]   #455   0x7208087925feba06e4d12cc36150bc879b50fd10  prob=0.0246 (raw=0.0097)  vol=$2,434  trades=4  first_trade=2025-12-05 06:36  winrate=0.000  n_markets_traded=2.000  herfindahl_index_markets=0.661
14:16:27 [super]   #457   0x22b57908ba8b730b1242cce3781407090194bdca  prob=0.0246 (raw=0.0096)  vol=$42,070  trades=12  first_trade=2025-12-05 03:08  winrate=0.550  n_markets_traded=20.000  herfindahl_index_markets=0.204
14:16:27 [super]   #458   0x2a1172ba06cfbbeeaf64bcd596952da8639e4b16  prob=0.0246 (raw=0.0096)  vol=$2,000  trades=2  first_trade=2025-12-07 01:29  winrate=0.000  n_markets_traded=2.000  herfindahl_index_markets=0.835
14:16:27 [super]   #461   0xecf250beb09b50ea542d8038c0d2e4903aa2c3b7  prob=0.0246 (raw=0.0095)  vol=$1,743  trades=8  first_trade=2025-12-04 10:13  winrate=0.200  n_markets_traded=5.000  herfindahl_index_markets=0.325
14:16:27 [super]   #462   0x6e7efcc05c4334cb2cc08fb1a1249de31f742ad4  prob=0.0246 (raw=0.0095)  vol=$2,505  trades=4  first_trade=2025-12-04 15:34  winrate=0.000  n_markets_traded=3.000  herfindahl_index_markets=0.447
14:16:27 [super]   #466   0xa2283534e8bd9c4e083ea9c1f99319f2ecb7b6e3  prob=0.0246 (raw=0.0094)  vol=$1,607  trades=8  first_trade=2025-12-02 22:11  winrate=0.000  n_markets_traded=9.000  herfindahl_index_markets=0.147
14:16:27 [super]   #471   0xdadf44c8ae805f2cdcc7b3f2c28933443725b1ed  prob=0.0246 (raw=0.0093)  vol=$114,932  trades=12  first_trade=2025-12-04 17:39  winrate=NaN  n_markets_traded=0.000  herfindahl_index_markets=0.000
14:16:27 [super]   #473   0xbfbf62fdc0dc373b4e6b76683936f81c60ea110f  prob=0.0246 (raw=0.0092)  vol=$1,500  trades=4  first_trade=2025-12-06 00:53  winrate=0.196  n_markets_traded=56.000  herfindahl_index_markets=0.043
14:16:27 [super]   #475   0xdec5181ca9851abb10388591c497452629e7e955  prob=0.0246 (raw=0.0092)  vol=$2,383  trades=8  first_trade=2025-12-05 00:30  winrate=0.000  n_markets_traded=13.000  herfindahl_index_markets=0.086
14:16:27 [super]   #479   0xf310f928d137c1887d4db5b74b9a5be71d6a9f74  prob=0.0246 (raw=0.0092)  vol=$76,258  trades=3  first_trade=2025-12-04 13:19  winrate=0.500  n_markets_traded=2.000  herfindahl_index_markets=0.503
14:16:27 [super]   #488   0x03ec06829ae630ad9e6cb4ab7a8fed1ed3dc5d2e  prob=0.0245 (raw=0.0090)  vol=$3,413  trades=17  first_trade=2025-12-04 03:26  winrate=0.000  n_markets_traded=11.000  herfindahl_index_markets=0.399
14:16:27 [super]   #490   0xb4dcab418380acab502f997bb54c7ed7f8f10fc3  prob=0.0245 (raw=0.0090)  vol=$1,549  trades=10  first_trade=2025-12-04 03:07  winrate=0.326  n_markets_traded=46.000  herfindahl_index_markets=0.105
14:16:27 [super]   #491   0x3d62a2b83fd28c9cceacf37362054abeb1da49c5  prob=0.0245 (raw=0.0090)  vol=$1,004  trades=4  first_trade=2025-12-04 07:27  winrate=0.000  n_markets_traded=13.000  herfindahl_index_markets=0.087
14:16:27 [super]   #493   0x7f66b22db8a7aedd8ed91c3820f3bfc333644bac  prob=0.0245 (raw=0.0089)  vol=$53,556  trades=9  first_trade=2025-12-04 01:49  winrate=NaN  n_markets_traded=0.000  herfindahl_index_markets=0.000
14:16:27 [super]   #496   0x51a15d76e6b5cd7e0b21fa1f3d1995439a5da78f  prob=0.0245 (raw=0.0088)  vol=$46,345  trades=19  first_trade=2025-12-05 00:29  winrate=0.881  n_markets_traded=82.000  herfindahl_index_markets=0.033
14:16:27 [super]   #505   0x14c32680ffc318892e0d019181e4161aa34cdf68  prob=0.0245 (raw=0.0087)  vol=$19,731  trades=175  first_trade=2025-12-02 02:29  winrate=NaN  n_markets_traded=0.000  herfindahl_index_markets=0.000
14:16:27 [super]   #506   0x7f0fc16d69ee986d9e67c464b126ba66f6816724  prob=0.0245 (raw=0.0087)  vol=$4,536  trades=8  first_trade=2025-12-04 07:19  winrate=0.500  n_markets_traded=4.000  herfindahl_index_markets=0.304
14:16:27 [super]   #508   0x5c14eb6a6d5083c003daa8241ed559d2dc82cc49  prob=0.0245 (raw=0.0086)  vol=$42,704  trades=5  first_trade=2025-12-04 08:00  winrate=0.443  n_markets_traded=87.000  herfindahl_index_markets=0.039
14:16:27 [super]   #510   0x9b7fa57f4f1389b848c6b215146225278434f1b3  prob=0.0245 (raw=0.0086)  vol=$4,079  trades=8  first_trade=2025-12-04 23:47  winrate=0.600  n_markets_traded=16.000  herfindahl_index_markets=0.085
14:16:27 [super]   #511   0xff761940eaa49cf4c3c65f5a28c945f51c19579e  prob=0.0245 (raw=0.0085)  vol=$20,040  trades=4  first_trade=2025-12-04 14:20  winrate=0.455  n_markets_traded=11.000  herfindahl_index_markets=0.259
14:16:27 [super]   #513   0xf1858151e6287124aa84b31afaa262741853aceb  prob=0.0245 (raw=0.0085)  vol=$10,040  trades=4  first_trade=2025-12-04 16:08  winrate=0.067  n_markets_traded=15.000  herfindahl_index_markets=0.213
14:16:27 [super]   #514   0x0619dafd91786867631d0546917aa35c244ed801  prob=0.0245 (raw=0.0085)  vol=$2,606  trades=8  first_trade=2025-12-04 00:45  winrate=NaN  n_markets_traded=0.000  herfindahl_index_markets=0.000
14:16:27 [super]   #517   0x69af844d4fbacebfc1c4124b0978801db3600a19  prob=0.0245 (raw=0.0085)  vol=$1,075  trades=43  first_trade=2025-12-02 09:40  winrate=NaN  n_markets_traded=0.000  herfindahl_index_markets=0.000
14:16:27 [super]   #518   0xd38a3388e02a8f48d03b6beb632b2f941800d89b  prob=0.0245 (raw=0.0085)  vol=$1,682  trades=5  first_trade=2025-12-05 17:10  winrate=0.250  n_markets_traded=4.000  herfindahl_index_markets=0.283
14:16:27 [super]   #519   0x9fe2966cdb0b5da02854784eb179fb934469acfa  prob=0.0245 (raw=0.0084)  vol=$5,723  trades=20  first_trade=2025-12-04 16:51  winrate=0.333  n_markets_traded=12.000  herfindahl_index_markets=0.177
14:16:27 [super]   #523   0x6d24f1def2a30c113d232cdfde8dc4900c02fd7e  prob=0.0245 (raw=0.0084)  vol=$2,990  trades=3  first_trade=2025-12-05 00:15  winrate=0.778  n_markets_traded=62.000  herfindahl_index_markets=0.046
14:16:27 [super]   #531   0xa61ec8072c28fba041a70462ceeb2e08ec486906  prob=0.0245 (raw=0.0083)  vol=$10,000  trades=2  first_trade=2025-12-06 13:48  winrate=0.000  n_markets_traded=3.000  herfindahl_index_markets=0.475
14:16:27 [super]   #532   0x44e641e5eabb5687fe2338540e18b7d610579d9e  prob=0.0245 (raw=0.0083)  vol=$2,288  trades=13  first_trade=2025-12-04 00:12  winrate=0.509  n_markets_traded=164.000  herfindahl_index_markets=0.020
14:16:27 [super]   #535   0x10863e1c3980e7092df9c66792ac3015450528a9  prob=0.0244 (raw=0.0082)  vol=$1,500  trades=4  first_trade=2025-12-04 13:11  winrate=0.467  n_markets_traded=30.000  herfindahl_index_markets=0.063
14:16:27 [super]   #536   0x0218c0a9bce8ce3e67d5b49550d3840c202d52c0  prob=0.0244 (raw=0.0081)  vol=$7,158  trades=23  first_trade=2025-12-04 05:14  winrate=NaN  n_markets_traded=0.000  herfindahl_index_markets=0.000
14:16:27 [super]   #537   0x4d9c9f146f441c95e894664ff3b9570f800156fa  prob=0.0244 (raw=0.0081)  vol=$1,806  trades=10  first_trade=2025-12-04 00:12  winrate=0.315  n_markets_traded=54.000  herfindahl_index_markets=0.319
14:16:27 [super]   #540   0x32c593aea6fed10192040e9f4b4a0ba7a0878182  prob=0.0244 (raw=0.0081)  vol=$2,801  trades=14  first_trade=2025-12-04 05:47  winrate=0.000  n_markets_traded=2.000  herfindahl_index_markets=0.680
14:16:27 [super]   #542   0x6245afcacf4c99f7fc6e20741c799963926c97e2  prob=0.0244 (raw=0.0080)  vol=$1,250  trades=2  first_trade=2025-12-04 12:23  winrate=0.423  n_markets_traded=26.000  herfindahl_index_markets=0.226
14:16:27 [super]   #546   0xedf378c48e04dcf8fc474596fab27f73dfac51f4  prob=0.0244 (raw=0.0080)  vol=$2,433  trades=2  first_trade=2025-12-06 00:49  winrate=0.600  n_markets_traded=5.000  herfindahl_index_markets=0.400
14:16:27 [super]   #547   0x74fbe9c81a1ecc62a53ac01ba09ede21a43096cf  prob=0.0244 (raw=0.0080)  vol=$2,676  trades=11  first_trade=2025-12-02 10:05  winrate=0.200  n_markets_traded=30.000  herfindahl_index_markets=0.065
14:16:27 [super]   #552   0x7e1570ca6c2bf1ee33dc4a3f567831635684cfdb  prob=0.0244 (raw=0.0079)  vol=$109,764  trades=75  first_trade=2025-12-03 12:01  winrate=0.769  n_markets_traded=13.000  herfindahl_index_markets=0.235
14:16:27 [super]   #555   0xf03b828ecb3d6aca0de71f5b09d2e639790f1196  prob=0.0244 (raw=0.0078)  vol=$24,663  trades=21  first_trade=2025-12-04 04:42  winrate=0.964  n_markets_traded=221.000  herfindahl_index_markets=0.012
14:16:27 [super]   #558   0xf8a2163296ecb76d6441cd2d89e6971c1709a8f4  prob=0.0244 (raw=0.0078)  vol=$20,000  trades=6  first_trade=2025-12-06 22:55  winrate=0.400  n_markets_traded=5.000  herfindahl_index_markets=0.533
14:16:27 [super]   #561   0x5a71eb43d8a41fd5f9e49e7af9114f88b301f491  prob=0.0244 (raw=0.0078)  vol=$2,500  trades=2  first_trade=2025-12-04 15:39  winrate=0.083  n_markets_traded=12.000  herfindahl_index_markets=0.094
14:16:27 [super]   #562   0xdda3f6be137d7563f6c05a6f4474cc37ec9a9df5  prob=0.0244 (raw=0.0078)  vol=$2,000  trades=4  first_trade=2025-12-04 14:21  winrate=0.381  n_markets_traded=21.000  herfindahl_index_markets=0.093
14:16:27 [super]   #565   0xc32ced7058a6c02a203228d1334399c6da0bd102  prob=0.0244 (raw=0.0077)  vol=$1,327  trades=13  first_trade=2025-12-04 03:30  winrate=0.211  n_markets_traded=19.000  herfindahl_index_markets=0.100
14:16:27 [super]   #566   0x800b79f9bf596f0dd10bdfaca3a7342302e1a0c4  prob=0.0244 (raw=0.0077)  vol=$3,000  trades=6  first_trade=2025-12-05 01:57  winrate=0.077  n_markets_traded=13.000  herfindahl_index_markets=0.153
14:16:27 [super]   #567   0x6324dd00d9352a1b8dc486b6c0680d95c39fe1f3  prob=0.0244 (raw=0.0077)  vol=$8,471  trades=27  first_trade=2025-12-04 06:19  winrate=0.000  n_markets_traded=2.000  herfindahl_index_markets=0.502
14:16:27 [super]   #575   0x5448227a1c2a106ba44fa037f836962280ef18e9  prob=0.0244 (raw=0.0075)  vol=$1,906  trades=4  first_trade=2025-12-04 22:25  winrate=0.043  n_markets_traded=23.000  herfindahl_index_markets=0.789
14:16:27 [super]   #576   0x948cc2f1138a516c0f4fd03eb30015c331fd42ee  prob=0.0244 (raw=0.0075)  vol=$8,909  trades=17  first_trade=2025-12-02 13:08  winrate=0.356  n_markets_traded=83.000  herfindahl_index_markets=0.119
14:16:27 [super]   #577   0x9df2c97a4c8232ca81c62f83e3ac6198ab81a79a  prob=0.0244 (raw=0.0075)  vol=$1,127  trades=17  first_trade=2025-12-04 05:09  winrate=0.143  n_markets_traded=7.000  herfindahl_index_markets=0.377
14:16:27 [super]   #579   0x45798c7f8831a6aea25a5a78ed8ea8b8bfb49f19  prob=0.0244 (raw=0.0075)  vol=$10,636  trades=9  first_trade=2025-12-04 13:10  winrate=0.503  n_markets_traded=140.000  herfindahl_index_markets=0.054
14:16:27 [super]   #581   0xe542afd3881c4c330ba0ebbb603bb470b2ba0a37  prob=0.0244 (raw=0.0075)  vol=$1,126  trades=9  first_trade=2025-12-03 23:56  winrate=NaN  n_markets_traded=0.000  herfindahl_index_markets=0.000
14:16:27 [super]   #584   0x4f11e8f0a369167e6131a49daa91135e15f7be8d  prob=0.0244 (raw=0.0074)  vol=$10,658  trades=11  first_trade=2025-12-04 06:17  winrate=0.000  n_markets_traded=3.000  herfindahl_index_markets=0.575
14:16:27 [super]   #585   0x6125ecdb041e6c054a32351c056dff7680f3fb3a  prob=0.0244 (raw=0.0074)  vol=$5,072  trades=4  first_trade=2025-12-04 08:59  winrate=0.588  n_markets_traded=47.000  herfindahl_index_markets=0.047
14:16:27 [super]   #587   0x28b255ed9747765be4f44ce484532d4b6bdfa74f  prob=0.0244 (raw=0.0073)  vol=$123,651  trades=91  first_trade=2025-12-04 05:14  winrate=0.951  n_markets_traded=665.000  herfindahl_index_markets=0.010
14:16:27 [super]   #594   0x027c2250d43d9c92b403e38f5cf478ae477e60f2  prob=0.0243 (raw=0.0072)  vol=$1,492  trades=7  first_trade=2025-12-03 15:59  winrate=0.392  n_markets_traded=146.000  herfindahl_index_markets=0.116
14:16:27 [super]   #598   0x78bcfed7902a23cb432c7d83cbb05875951e483c  prob=0.0243 (raw=0.0072)  vol=$33,211  trades=12  first_trade=2025-12-04 21:16  winrate=0.721  n_markets_traded=61.000  herfindahl_index_markets=0.052
14:16:27 [super]   #602   0x8a8ca723c227e97370d3281e54b117cf4cb25ae2  prob=0.0243 (raw=0.0071)  vol=$1,400  trades=6  first_trade=2025-12-05 00:45  winrate=0.000  n_markets_traded=11.000  herfindahl_index_markets=0.133
14:16:27 [super]   #603   0xc71dcf573ee6c738dadd1950026aa1534312b270  prob=0.0243 (raw=0.0070)  vol=$1,046  trades=14  first_trade=2025-12-04 13:15  winrate=0.776  n_markets_traded=61.000  herfindahl_index_markets=0.021
14:16:27 [super]   #604   0x1584cb3b5a84944bd0db072c43d67189397071b6  prob=0.0243 (raw=0.0070)  vol=$9,771  trades=16  first_trade=2025-11-29 08:06  winrate=NaN  n_markets_traded=0.000  herfindahl_index_markets=0.000
14:16:27 [super]   #607   0x5a91013258e676848b9291ae1c10d48c7ce2943c  prob=0.0243 (raw=0.0070)  vol=$1,002  trades=6  first_trade=2025-12-04 12:42  winrate=0.237  n_markets_traded=93.000  herfindahl_index_markets=0.042
14:16:27 [super]   #609   0xd34d8dcbefbafce433f01b9ffdcb02c730cee48f  prob=0.0243 (raw=0.0069)  vol=$1,470  trades=7  first_trade=2025-12-04 09:31  winrate=0.100  n_markets_traded=20.000  herfindahl_index_markets=0.123
14:16:27 [super]   #610   0x575b1a666cc69e051f24a8a0551f3280922414f0  prob=0.0243 (raw=0.0069)  vol=$1,098  trades=4  first_trade=2025-12-04 05:20  winrate=0.667  n_markets_traded=6.000  herfindahl_index_markets=0.311
14:16:27 [super]   #619   0xe6ea25a808f03362ebcf84b5e470e84670e8b011  prob=0.0243 (raw=0.0067)  vol=$4,119  trades=16  first_trade=2025-12-04 05:07  winrate=0.500  n_markets_traded=56.000  herfindahl_index_markets=0.083
14:16:27 [super]   #623   0x91c702f141502ecf64a18dd8b4fb07037b6a28cc  prob=0.0243 (raw=0.0067)  vol=$25,814  trades=7  first_trade=2025-12-04 03:51  winrate=0.901  n_markets_traded=250.000  herfindahl_index_markets=0.020
14:16:27 [super]   #628   0xf42f4a4211d058cd109d503cf13f7bcdfc82a6a7  prob=0.0243 (raw=0.0066)  vol=$1,768  trades=17  first_trade=2025-12-01 21:28  winrate=NaN  n_markets_traded=0.000  herfindahl_index_markets=0.000
14:16:27 [super]   #629   0x4613fb4e44e63b0181508e40d7769b0117c58c44  prob=0.0243 (raw=0.0066)  vol=$3,549  trades=9  first_trade=2025-12-04 23:42  winrate=0.875  n_markets_traded=8.000  herfindahl_index_markets=0.209
14:16:27 [super]   #635   0x2cd2098935241533fb21ad5c71daa621658f1f27  prob=0.0243 (raw=0.0065)  vol=$3,514  trades=4  first_trade=2025-12-04 23:19  winrate=NaN  n_markets_traded=0.000  herfindahl_index_markets=0.000
14:16:27 [super]   #639   0x3b4484b6c8cbfdaa383ba337ab3f0d71055e264e  prob=0.0243 (raw=0.0065)  vol=$107,649  trades=15  first_trade=2025-12-04 07:54  winrate=0.803  n_markets_traded=57.000  herfindahl_index_markets=0.170
14:16:27 [super]   #644   0x4706778cf0481c9708d4d8ee1965e81c08c5286e  prob=0.0242 (raw=0.0064)  vol=$1,168  trades=151  first_trade=2025-11-29 20:08  winrate=NaN  n_markets_traded=0.000  herfindahl_index_markets=0.000
14:16:27 [super]   #646   0x5a79e83ccb6b3c58b4730eeabb9115101f0f6296  prob=0.0242 (raw=0.0064)  vol=$8,019  trades=4  first_trade=2025-12-04 07:59  winrate=0.706  n_markets_traded=186.000  herfindahl_index_markets=0.050
14:16:27 [super]   #650   0x2025eb2d2249333760c6e0e10fc1cc36c069129e  prob=0.0242 (raw=0.0063)  vol=$7,934  trades=8  first_trade=2025-12-04 05:11  winrate=0.409  n_markets_traded=86.000  herfindahl_index_markets=0.101
14:16:27 [super]   #651   0x71fc4d526ee958ac66bbda4fb83a2c2b09e18887  prob=0.0242 (raw=0.0063)  vol=$3,202  trades=8  first_trade=2025-12-04 08:05  winrate=0.378  n_markets_traded=62.000  herfindahl_index_markets=0.085
14:16:27 [super]   #653   0xf63a60005674befd6fff552bbc656570e7cf58d5  prob=0.0242 (raw=0.0063)  vol=$1,300  trades=2  first_trade=2025-12-05 15:04  winrate=0.235  n_markets_traded=51.000  herfindahl_index_markets=0.043
14:16:27 [super]   #657   0x88998723c61157f96a5abdcd855216d0f4d7b385  prob=0.0242 (raw=0.0063)  vol=$5,010  trades=4  first_trade=2025-12-04 15:49  winrate=0.208  n_markets_traded=24.000  herfindahl_index_markets=0.045
14:16:27 [super]   #660   0x9369a9bdfc13acb929d89fb1da433e4e9979471b  prob=0.0242 (raw=0.0063)  vol=$50,000  trades=2  first_trade=2025-12-04 14:34  winrate=0.000  n_markets_traded=2.000  herfindahl_index_markets=0.500
14:16:27 [super]   #661   0xcfd2f5dfb2eb4065b2909c43659de2731d242dd6  prob=0.0242 (raw=0.0063)  vol=$5,333  trades=14  first_trade=2025-12-05 14:24  winrate=0.517  n_markets_traded=118.000  herfindahl_index_markets=0.027
14:16:27 [super]   #663   0x6d7776a0f954be1a7c975a1e8244de6268f7b72c  prob=0.0242 (raw=0.0062)  vol=$68,696  trades=26  first_trade=2025-12-05 03:48  winrate=NaN  n_markets_traded=0.000  herfindahl_index_markets=0.000
14:16:27 [super]   #667   0x82de5cc001c502de2168c1fae51e472c07d6092e  prob=0.0242 (raw=0.0062)  vol=$12,800  trades=4  first_trade=2025-12-05 22:00  winrate=0.000  n_markets_traded=6.000  herfindahl_index_markets=0.316
14:16:27 [super]   #674   0xfbfb0883a151234e76a5a5ea72ffc5f47e9df563  prob=0.0242 (raw=0.0061)  vol=$258,782  trades=106  first_trade=2025-12-04 04:00  winrate=NaN  n_markets_traded=0.000  herfindahl_index_markets=0.000
14:16:27 [super]   #676   0x127c21f03f0f9e5519414bc24be679c6ac73d223  prob=0.0242 (raw=0.0061)  vol=$10,907  trades=4  first_trade=2025-12-04 12:56  winrate=0.571  n_markets_traded=7.000  herfindahl_index_markets=0.212
14:16:27 [super]   #678   0xccd9c0644d7e0d7cf45fc823a4d7a0a4af4df927  prob=0.0242 (raw=0.0060)  vol=$47,501  trades=10  first_trade=2025-12-04 08:45  winrate=0.333  n_markets_traded=6.000  herfindahl_index_markets=0.229
14:16:27 [super]   #679   0xee2fc9aadd5234284679056a5690bbf7b889c157  prob=0.0242 (raw=0.0060)  vol=$5,000  trades=2  first_trade=2025-12-07 09:46  winrate=0.111  n_markets_traded=18.000  herfindahl_index_markets=0.611
14:16:27 [super]   #680   0xc2ff87b109dcb2586f0a51d6fd6b448aa740ce1c  prob=0.0242 (raw=0.0059)  vol=$3,401  trades=74  first_trade=2025-11-30 00:06  winrate=NaN  n_markets_traded=0.000  herfindahl_index_markets=0.000
14:16:27 [super]   #682   0xb873ceab657f080fa4f94cc3c97a7dbe5c07c521  prob=0.0242 (raw=0.0059)  vol=$59,880  trades=14  first_trade=2025-12-04 13:32  winrate=0.143  n_markets_traded=7.000  herfindahl_index_markets=0.148
14:16:27 [super]   #684   0xc3d0add6765c775162354168b510be9c3381407a  prob=0.0242 (raw=0.0059)  vol=$1,500  trades=2  first_trade=2025-12-04 16:42  winrate=0.000  n_markets_traded=2.000  herfindahl_index_markets=0.583
14:16:27 [super]   #685   0xb8437b0aad956249a45029e19a4169025b958236  prob=0.0242 (raw=0.0059)  vol=$3,714  trades=7  first_trade=2025-12-04 13:15  winrate=0.083  n_markets_traded=12.000  herfindahl_index_markets=0.209
14:16:27 [super]   #687   0x84f831a945c64c5fe0a5fc9e543ff08f1026d348  prob=0.0242 (raw=0.0058)  vol=$39,918  trades=7  first_trade=2025-12-04 08:08  winrate=0.684  n_markets_traded=114.000  herfindahl_index_markets=0.070
14:16:27 [super]   #688   0xc21ea96be762bb55041529af6e386e7c53b80215  prob=0.0242 (raw=0.0058)  vol=$11,123  trades=20  first_trade=2025-12-03 17:45  winrate=NaN  n_markets_traded=0.000  herfindahl_index_markets=0.000
14:16:27 [super]   #689   0x26393f918ba72491733c8077cb28406ea34379ca  prob=0.0242 (raw=0.0058)  vol=$8,043  trades=5  first_trade=2025-12-04 07:43  winrate=0.000  n_markets_traded=2.000  herfindahl_index_markets=0.503
14:16:27 [super]   #690   0xd6b4b7cd962309346450b5a35af352e70d57a5e6  prob=0.0242 (raw=0.0058)  vol=$14,306  trades=25  first_trade=2025-12-04 03:19  winrate=0.240  n_markets_traded=25.000  herfindahl_index_markets=0.069
14:16:27 [super]   #697   0xa6711a0de9cf71a92272e0cce90b11809efccd7c  prob=0.0242 (raw=0.0057)  vol=$5,000  trades=4  first_trade=2025-12-04 11:31  winrate=0.222  n_markets_traded=27.000  herfindahl_index_markets=0.120
14:16:27 [super]   #702   0xb22d27e133d7b1188f2cf2abfb8d26c71c883a13  prob=0.0242 (raw=0.0056)  vol=$2,422  trades=10  first_trade=2025-12-02 16:12  winrate=0.533  n_markets_traded=14.000  herfindahl_index_markets=0.250
14:16:27 [super]   #703   0x094e3e7c5486ca7f5efd45de09857b873c70f10b  prob=0.0242 (raw=0.0056)  vol=$10,213  trades=24  first_trade=2025-12-01 04:40  winrate=0.147  n_markets_traded=76.000  herfindahl_index_markets=0.060
14:16:27 [super]   #704   0x98cec0880366df00f9421c96b5ddd06ebeea5e1d  prob=0.0242 (raw=0.0056)  vol=$1,545  trades=24  first_trade=2025-11-30 12:17  winrate=NaN  n_markets_traded=0.000  herfindahl_index_markets=0.000
14:16:27 [super]   #707   0x32fe2fd22a4713c7635049b0193b586cebe8eb6f  prob=0.0242 (raw=0.0055)  vol=$33,333  trades=2  first_trade=2025-12-05 16:09  winrate=0.000  n_markets_traded=5.000  herfindahl_index_markets=0.262
14:16:27 [super]   #708   0x85c2ff8d5938f310c3987c9f3179f1e63aa100f8  prob=0.0242 (raw=0.0055)  vol=$2,752  trades=3  first_trade=2025-12-04 04:47  winrate=NaN  n_markets_traded=0.000  herfindahl_index_markets=0.000
14:16:27 [super]   #709   0x9014c758e288972fa5056f5f66192dcae67100cc  prob=0.0242 (raw=0.0055)  vol=$1,328  trades=8  first_trade=2025-12-04 07:22  winrate=0.333  n_markets_traded=6.000  herfindahl_index_markets=0.906
14:16:27 [super]   #714   0x5858196bbcb5059a7f67904deb06755dc2adfbbf  prob=0.0241 (raw=0.0055)  vol=$90,482  trades=35  first_trade=2025-12-04 03:53  winrate=0.636  n_markets_traded=30.000  herfindahl_index_markets=0.211
14:16:27 [super]   #720   0x687d8cf19d873aed1957e61a3f2092d4721ce28b  prob=0.0241 (raw=0.0054)  vol=$4,403  trades=8  first_trade=2025-12-04 03:27  winrate=NaN  n_markets_traded=0.000  herfindahl_index_markets=0.000
14:16:27 [super]   #727   0x6a5590195e201a81e3b7e9f70c7857295b959068  prob=0.0241 (raw=0.0053)  vol=$12,000  trades=7  first_trade=2025-12-07 14:42  winrate=0.000  n_markets_traded=7.000  herfindahl_index_markets=0.194
14:16:27 [super]   #728   0xcc380f63b84de8d3c4af89c65a52c51b2e9d5bb2  prob=0.0241 (raw=0.0053)  vol=$2,962  trades=11  first_trade=2025-12-04 17:13  winrate=0.127  n_markets_traded=466.000  herfindahl_index_markets=0.007
14:16:27 [super]   #729   0xe9100162c21d75008282af544354477e2d97a9b8  prob=0.0241 (raw=0.0053)  vol=$5,000  trades=2  first_trade=2025-12-06 07:51  winrate=0.000  n_markets_traded=10.000  herfindahl_index_markets=0.180
14:16:27 [super]   #730   0x2162a3dbecb3fe52b8338462c3439a808714f0b1  prob=0.0241 (raw=0.0053)  vol=$2,355  trades=7  first_trade=2025-12-04 07:11  winrate=0.128  n_markets_traded=46.000  herfindahl_index_markets=0.296
14:16:27 [super]   #740   0xcea052d8173778b732765197df9940e07fac29c5  prob=0.0241 (raw=0.0052)  vol=$4,236  trades=13  first_trade=2025-12-04 07:15  winrate=0.429  n_markets_traded=35.000  herfindahl_index_markets=0.174
14:16:27 [super]   #750   0x832bce13fa76d504c2b747587c274c996b423ae1  prob=0.0241 (raw=0.0051)  vol=$4,407  trades=7  first_trade=2025-12-04 07:41  winrate=0.444  n_markets_traded=6.000  herfindahl_index_markets=0.240
14:16:27 [super]   #752   0xf54bd47b5a948c78c2fc7b2b52c5a8a59013a190  prob=0.0241 (raw=0.0051)  vol=$1,677  trades=5  first_trade=2025-12-04 12:13  winrate=0.000  n_markets_traded=4.000  herfindahl_index_markets=0.340
14:16:27 [super]   #753   0x0952ffd58769f5e9ad3853edd2dc318ddfcfa44b  prob=0.0241 (raw=0.0051)  vol=$22,052  trades=70  first_trade=2025-12-04 03:28  winrate=0.652  n_markets_traded=23.000  herfindahl_index_markets=0.290
14:16:27 [super]   #755   0x5113b2664ff778bed9e64c15e20d4caae11fe446  prob=0.0241 (raw=0.0051)  vol=$66,818  trades=13  first_trade=2025-12-04 07:46  winrate=0.534  n_markets_traded=171.000  herfindahl_index_markets=0.031
14:16:27 [super]   #756   0xb3bd99454bfc2696c54dba999e7de40fb020f543  prob=0.0241 (raw=0.0051)  vol=$68,405  trades=47  first_trade=2025-12-04 06:46  winrate=NaN  n_markets_traded=0.000  herfindahl_index_markets=0.000
14:16:27 [super]   #761   0x4a1e3e68c188d68f5bd7ac9692d836af0c8086d3  prob=0.0241 (raw=0.0050)  vol=$12,915  trades=28  first_trade=2025-12-04 05:41  winrate=0.497  n_markets_traded=745.000  herfindahl_index_markets=0.009
14:16:27 [super]   #762   0xf9815aa0b54cee549988bf002c55a14d00b337a8  prob=0.0241 (raw=0.0050)  vol=$1,333  trades=2  first_trade=2025-12-04 16:33  winrate=0.000  n_markets_traded=8.000  herfindahl_index_markets=0.316
14:16:27 [super]   #765   0xc2a37f1eb84fcc156c8aece9105dc1a73a36c3a6  prob=0.0241 (raw=0.0050)  vol=$6,101  trades=14  first_trade=2025-12-02 02:27  winrate=0.510  n_markets_traded=128.000  herfindahl_index_markets=0.153
14:16:27 [super]   #766   0x6ce22b6a995836c09871cdc9242b094d9e15e868  prob=0.0241 (raw=0.0050)  vol=$577,123  trades=164  first_trade=2025-12-04 03:22  winrate=0.414  n_markets_traded=49.000  herfindahl_index_markets=0.073
14:16:27 [super]   #775   0xd5ece8e58bce60807cdb5f72464b423c0de57b2e  prob=0.0241 (raw=0.0049)  vol=$26,147  trades=16  first_trade=2025-12-04 07:28  winrate=0.637  n_markets_traded=131.000  herfindahl_index_markets=0.024
14:16:27 [super]   #777   0x9d4dbdead56a197594a7eb296689ea99bd130494  prob=0.0241 (raw=0.0049)  vol=$2,849  trades=2  first_trade=2025-12-04 07:55  winrate=0.250  n_markets_traded=12.000  herfindahl_index_markets=0.126
14:16:27 [super]   #778   0x2d9ad4d1cc6a2f9f786fdb3fd1525328ad747991  prob=0.0241 (raw=0.0049)  vol=$2,391  trades=8  first_trade=2025-12-03 01:08  winrate=0.623  n_markets_traded=302.000  herfindahl_index_markets=0.025
14:16:27 [super]   #782   0x0b9168da5620dfab028b53c753a3be88d585ae77  prob=0.0241 (raw=0.0048)  vol=$4,448  trades=12  first_trade=2025-12-04 02:32  winrate=NaN  n_markets_traded=0.000  herfindahl_index_markets=0.000
14:16:27 [super]   #783   0xf8be921a7922a4d22280cc6fdf8eefeff6ddc8d1  prob=0.0241 (raw=0.0048)  vol=$9,191  trades=36  first_trade=2025-12-02 16:12  winrate=NaN  n_markets_traded=0.000  herfindahl_index_markets=0.000
14:16:27 [super]   #784   0xe88bf2f3a827a110eada37c59419b109bc07f99f  prob=0.0241 (raw=0.0048)  vol=$9,030  trades=6  first_trade=2025-12-04 04:17  winrate=0.536  n_markets_traded=28.000  herfindahl_index_markets=0.115
14:16:27 [super]   #789   0xfeeebcf1bc01c2c3b676f876cbad907ddc1fa4a9  prob=0.0241 (raw=0.0048)  vol=$31,615  trades=5  first_trade=2025-12-04 03:23  winrate=0.571  n_markets_traded=211.000  herfindahl_index_markets=0.027
14:16:27 [super]   #799   0x54b7db855206df0c7cc2820484bba4ec25fceb22  prob=0.0241 (raw=0.0046)  vol=$16,513  trades=156  first_trade=2025-12-02 08:21  winrate=0.656  n_markets_traded=32.000  herfindahl_index_markets=0.052
14:16:27 [super]   #800   0x05dd60fc2e11f69a3fa30b19273891cd501ce2af  prob=0.0241 (raw=0.0046)  vol=$25,371  trades=22  first_trade=2025-12-04 08:03  winrate=NaN  n_markets_traded=0.000  herfindahl_index_markets=0.000
14:16:27 [super]   #810   0xc4fc25edb11fae85dbe4d489870bec3e78c62e39  prob=0.0241 (raw=0.0046)  vol=$1,010  trades=4  first_trade=2025-12-07 19:10  winrate=0.131  n_markets_traded=222.000  herfindahl_index_markets=0.046
14:16:27 [super]   #816   0x1d9356117360e67e3bb1a27fdb6402192a6e1caf  prob=0.0240 (raw=0.0045)  vol=$1,899  trades=15  first_trade=2025-12-04 05:18  winrate=0.174  n_markets_traded=112.000  herfindahl_index_markets=0.053
14:16:27 [super]   #818   0xcc2570c71acae072e1ae0ff682b4b56c33c00343  prob=0.0240 (raw=0.0045)  vol=$35,008  trades=73  first_trade=2025-12-04 03:13  winrate=0.857  n_markets_traded=51.000  herfindahl_index_markets=0.171
14:16:27 [super]   #819   0x275761b22149e8627603487848edb6537c4fbe80  prob=0.0240 (raw=0.0045)  vol=$2,500  trades=2  first_trade=2025-12-05 17:55  winrate=0.556  n_markets_traded=9.000  herfindahl_index_markets=0.331
14:16:27 [super]   #820   0xaa77bf5349521fe2a9f5ea28302ed9b04c7edad6  prob=0.0240 (raw=0.0045)  vol=$1,609  trades=4  first_trade=2025-12-04 07:02  winrate=0.222  n_markets_traded=9.000  herfindahl_index_markets=0.200
14:16:27 [super]   #823   0x4f3c4ab85351c88acc8dbcffcc816cdda592f736  prob=0.0240 (raw=0.0045)  vol=$2,460  trades=2  first_trade=2025-12-04 18:47  winrate=0.298  n_markets_traded=57.000  herfindahl_index_markets=0.054
14:16:27 [super]   #827   0x6a96c6f0cdc1fe74eecc5aa093634cb2c47c7508  prob=0.0240 (raw=0.0045)  vol=$2,000  trades=2  first_trade=2025-12-07 18:17  winrate=0.051  n_markets_traded=118.000  herfindahl_index_markets=0.242
14:16:27 [super]   #828   0xe46bededb9a06d23d1562bd98d1ed6e8d19b5635  prob=0.0240 (raw=0.0045)  vol=$92,119  trades=25  first_trade=2025-12-04 05:33  winrate=0.333  n_markets_traded=14.000  herfindahl_index_markets=0.209
14:16:27 [super]   #832   0x446542b2f8c391702bddc654d07224251671baaf  prob=0.0240 (raw=0.0044)  vol=$2,043  trades=9  first_trade=2025-12-02 02:27  winrate=0.500  n_markets_traded=16.000  herfindahl_index_markets=0.139
14:16:27 [super]   #833   0x79a5b3c577c544da9551eb70754b2d4de3db6a63  prob=0.0240 (raw=0.0044)  vol=$1,345  trades=3  first_trade=2025-12-04 05:59  winrate=0.444  n_markets_traded=125.000  herfindahl_index_markets=0.034
14:16:27 [super]   #836   0x16788be2feae42e2ae647da7bd8ee5a0577522b8  prob=0.0240 (raw=0.0044)  vol=$16,750  trades=4  first_trade=2025-12-06 14:06  winrate=0.444  n_markets_traded=9.000  herfindahl_index_markets=0.304
14:16:27 [super]   #837   0xf9a07bf8d2cc8fb02cc6f66302abbfd3d70598f1  prob=0.0240 (raw=0.0043)  vol=$2,000  trades=4  first_trade=2025-12-06 14:33  winrate=0.444  n_markets_traded=6.000  herfindahl_index_markets=0.326
14:16:27 [super]   #840   0x604d083b6eb4188e20802495ed925cb5c7e46fac  prob=0.0240 (raw=0.0043)  vol=$12,234  trades=14  first_trade=2025-12-04 07:32  winrate=0.000  n_markets_traded=15.000  herfindahl_index_markets=0.219
14:16:27 [super]   #845   0x4825c873a8c890bdaff00d253a23e8e09eb95ec5  prob=0.0240 (raw=0.0042)  vol=$23,637  trades=8  first_trade=2025-12-04 08:01  winrate=0.500  n_markets_traded=13.000  herfindahl_index_markets=0.257
14:16:27 [super]   #847   0x551e72eda42a5ab39d6d78239a1d9bbb5db6b0e0  prob=0.0240 (raw=0.0042)  vol=$153,997  trades=55  first_trade=2025-12-04 03:35  winrate=0.804  n_markets_traded=91.000  herfindahl_index_markets=0.074
14:16:27 [super]   #849   0x0c839d5032e2b0bfd2e9d779c9eba458dfa50f55  prob=0.0240 (raw=0.0042)  vol=$24,416  trades=2  first_trade=2025-12-04 04:01  winrate=0.242  n_markets_traded=61.000  herfindahl_index_markets=0.091
14:16:27 [super]   #850   0x8ef9d14f28a7aa5b281ecba349c9ee3c3582b12b  prob=0.0240 (raw=0.0042)  vol=$1,167  trades=6  first_trade=2025-12-04 14:27  winrate=0.551  n_markets_traded=97.000  herfindahl_index_markets=0.021
14:16:27 [super]   #852   0x6581c59751aa4a338e2fb2c8a59e9a2f8a498455  prob=0.0240 (raw=0.0042)  vol=$15,000  trades=4  first_trade=2025-12-06 10:06  winrate=0.000  n_markets_traded=35.000  herfindahl_index_markets=0.033
14:16:27 [super]   #854   0x1e524ff2123d380a690dbdf2245de2a9428e91d6  prob=0.0240 (raw=0.0042)  vol=$1,717  trades=67  first_trade=2025-12-01 09:43  winrate=NaN  n_markets_traded=0.000  herfindahl_index_markets=0.000
14:16:27 [super]   #856   0x5607e051300abf498a988eab909dde03c899fd15  prob=0.0240 (raw=0.0042)  vol=$16,052  trades=5  first_trade=2025-12-04 12:29  winrate=0.657  n_markets_traded=101.000  herfindahl_index_markets=0.029
14:16:27 [super]   #857   0x39fd7f7e5d025a0c442cb89a773f314f81807d31  prob=0.0240 (raw=0.0042)  vol=$1,996  trades=2  first_trade=2025-12-04 03:55  winrate=0.734  n_markets_traded=109.000  herfindahl_index_markets=0.045
14:16:27 [super]   #859   0xaa39a64f274a9185c5641042ff32a21e303cfd1a  prob=0.0240 (raw=0.0041)  vol=$1,920  trades=2  first_trade=2025-12-05 12:31  winrate=NaN  n_markets_traded=0.000  herfindahl_index_markets=0.000
14:16:27 [super]   #863   0x002dcd37b0b8fa8db98236e599fe1b90d6272561  prob=0.0240 (raw=0.0041)  vol=$7,037  trades=22  first_trade=2025-12-02 19:44  winrate=NaN  n_markets_traded=0.000  herfindahl_index_markets=0.000
14:16:27 [super]   #866   0xa90d480163efb1f095d6dce479590a0f5e22441a  prob=0.0240 (raw=0.0041)  vol=$10,000  trades=2  first_trade=2025-12-06 13:15  winrate=0.048  n_markets_traded=21.000  herfindahl_index_markets=0.243
14:16:27 [super]   #869   0xff1768108a73e93f661ac38f0d43ec1bbac35745  prob=0.0240 (raw=0.0041)  vol=$5,455  trades=44  first_trade=2025-12-03 18:12  winrate=0.567  n_markets_traded=54.000  herfindahl_index_markets=0.110
14:16:27 [super]   #870   0x768195cffc7d603847eee695102523f20fe2ac03  prob=0.0240 (raw=0.0041)  vol=$5,000  trades=3  first_trade=2025-12-05 06:32  winrate=NaN  n_markets_traded=0.000  herfindahl_index_markets=0.000
14:16:27 [super]   #873   0x9314161964d74917bca5199ca9440cad29f4d74c  prob=0.0240 (raw=0.0041)  vol=$5,000  trades=2  first_trade=2025-12-07 13:33  winrate=0.465  n_markets_traded=153.000  herfindahl_index_markets=0.130
14:16:27 [super]   #874   0x839f0f0d67b9b61d5efc4569b4b2f5d386e6da18  prob=0.0240 (raw=0.0041)  vol=$4,920  trades=13  first_trade=2025-12-04 06:19  winrate=0.667  n_markets_traded=6.000  herfindahl_index_markets=0.250
14:16:27 [super]   #880   0xc3cd1d612bbf9fbf80da5a9bff0b0470cb46816c  prob=0.0240 (raw=0.0040)  vol=$3,732  trades=41  first_trade=2025-11-29 19:56  winrate=NaN  n_markets_traded=0.000  herfindahl_index_markets=0.000
14:16:27 [super]   #883   0xb72b95c3efd3cfec3858e4baa7e1b978ab30f4e0  prob=0.0240 (raw=0.0040)  vol=$4,448  trades=6  first_trade=2025-12-04 04:57  winrate=0.417  n_markets_traded=608.000  herfindahl_index_markets=0.021
14:16:27 [super]   #885   0x73e581b6550e9ccdd0f443dbfdd8f69268935bb5  prob=0.0240 (raw=0.0040)  vol=$18,237  trades=13  first_trade=2025-12-02 07:36  winrate=0.755  n_markets_traded=248.000  herfindahl_index_markets=0.021
14:16:27 [super]   #894   0x0a6d26d31b28fd5a84c301f8b27296612f3b1d0a  prob=0.0240 (raw=0.0040)  vol=$1,387  trades=49  first_trade=2025-11-30 11:10  winrate=NaN  n_markets_traded=0.000  herfindahl_index_markets=0.000
14:16:27 [super]   #896   0x18fc46821544fdca89f5c5bd742fa7c51d992f91  prob=0.0240 (raw=0.0039)  vol=$11,013  trades=6  first_trade=2025-12-04 13:20  winrate=0.875  n_markets_traded=46.000  herfindahl_index_markets=0.067
14:16:27 [super]   #897   0x6a0fda946715c9d9337d2bb1dc12ae254f61601a  prob=0.0240 (raw=0.0039)  vol=$2,000  trades=2  first_trade=2025-12-04 15:47  winrate=0.030  n_markets_traded=33.000  herfindahl_index_markets=0.086
14:16:27 [super]   #898   0x2382587a8f637e3557dd48cc6e2a35c3f3be53f3  prob=0.0240 (raw=0.0039)  vol=$1,458  trades=3  first_trade=2025-12-05 02:35  winrate=0.000  n_markets_traded=7.000  herfindahl_index_markets=0.439
14:16:27 [super]   #899   0x7d3320778860940e24bdb9fd1a93fd3365bec15f  prob=0.0240 (raw=0.0039)  vol=$1,600  trades=2  first_trade=2025-12-04 05:08  winrate=0.631  n_markets_traded=206.000  herfindahl_index_markets=0.028
14:16:27 [super]   #902   0xfeb0ed2df6c7fe51f07d5707fe72935c74fed4a4  prob=0.0240 (raw=0.0039)  vol=$58,652  trades=36  first_trade=2025-12-04 03:30  winrate=0.592  n_markets_traded=49.000  herfindahl_index_markets=0.075
14:16:27 [super]   #903   0xde37959a8f94536e818c61a069bd991e126cb9bf  prob=0.0240 (raw=0.0039)  vol=$25,000  trades=4  first_trade=2025-12-04 08:29  winrate=0.250  n_markets_traded=20.000  herfindahl_index_markets=0.167
14:16:27 [super]   #904   0xe90bec87d9ef430f27f9dcfe72c34b76967d5da2  prob=0.0240 (raw=0.0039)  vol=$48,250  trades=3  first_trade=2025-12-04 06:41  winrate=NaN  n_markets_traded=0.000  herfindahl_index_markets=0.000
14:16:27 [super]   #905   0x01fe9bdd1faa7794b0f0eb933509e2d8fe7d79f4  prob=0.0240 (raw=0.0039)  vol=$1,006  trades=8  first_trade=2025-12-04 05:42  winrate=NaN  n_markets_traded=0.000  herfindahl_index_markets=0.000
14:16:27 [super]   #906   0xecd33c0e0c00fc96ff3a1252bf17d403e83f4285  prob=0.0240 (raw=0.0039)  vol=$2,072  trades=4  first_trade=2025-12-04 08:06  winrate=0.618  n_markets_traded=88.000  herfindahl_index_markets=0.029
14:16:27 [super]   #908   0xda475f640892d0014c086b7e4f25317f5778f40a  prob=0.0240 (raw=0.0039)  vol=$14,616  trades=8  first_trade=2025-12-04 13:33  winrate=0.638  n_markets_traded=69.000  herfindahl_index_markets=0.048
14:16:27 [super]   #912   0x8f7bb1d97c28278e28943b8481f1a1651605154b  prob=0.0240 (raw=0.0039)  vol=$203,549  trades=109  first_trade=2025-12-03 16:28  winrate=0.536  n_markets_traded=107.000  herfindahl_index_markets=0.041
14:16:27 [super]   #913   0x67f9ac55ba4f65542be8613b76d1f136a369d241  prob=0.0240 (raw=0.0038)  vol=$57,322  trades=65  first_trade=2025-12-04 07:32  winrate=0.000  n_markets_traded=6.000  herfindahl_index_markets=0.471
14:16:27 [super]   #915   0xc6ed53b711ee2a3af989036cebe0af4f005c6609  prob=0.0240 (raw=0.0038)  vol=$32,917  trades=11  first_trade=2025-12-04 06:14  winrate=0.091  n_markets_traded=33.000  herfindahl_index_markets=0.463
14:16:27 [super]   #918   0x3000605b5cb780be2791c856d9eaf0cffd039d73  prob=0.0240 (raw=0.0038)  vol=$7,194  trades=15  first_trade=2025-12-04 05:40  winrate=0.513  n_markets_traded=118.000  herfindahl_index_markets=0.189
14:16:27 [super]   #920   0x63e22897e8351b055a662bcdde953286264b5579  prob=0.0240 (raw=0.0038)  vol=$4,057  trades=17  first_trade=2025-12-04 03:32  winrate=0.593  n_markets_traded=136.000  herfindahl_index_markets=0.041
14:16:27 [super]   #922   0x2ed22d06f2d192baaea3881736959e89eef7c572  prob=0.0240 (raw=0.0038)  vol=$1,653  trades=12  first_trade=2025-12-04 03:25  winrate=0.200  n_markets_traded=5.000  herfindahl_index_markets=0.579
14:16:27 [super]   #924   0x582d1d4fcf6db1034095de81af146ddb510494b7  prob=0.0240 (raw=0.0038)  vol=$8,333  trades=4  first_trade=2025-12-04 06:36  winrate=0.533  n_markets_traded=27.000  herfindahl_index_markets=0.222
14:16:27 [super]   #925   0x3a1fdfcacb609b5b43ee90119b5f634ea8878eca  prob=0.0240 (raw=0.0038)  vol=$15,061  trades=4  first_trade=2025-12-04 12:46  winrate=0.100  n_markets_traded=10.000  herfindahl_index_markets=0.491
14:16:27 [super]   #927   0x7399eae307df6c227694e83f60629415eca146d6  prob=0.0240 (raw=0.0038)  vol=$1,520  trades=39  first_trade=2025-12-01 10:25  winrate=NaN  n_markets_traded=0.000  herfindahl_index_markets=0.000
14:16:27 [super]   #929   0x72f4908189b7a402a189cae5b87b3e8659284f20  prob=0.0240 (raw=0.0038)  vol=$1,194  trades=4  first_trade=2025-12-04 07:44  winrate=0.273  n_markets_traded=11.000  herfindahl_index_markets=0.221
14:16:27 [super]   #934   0xd76f4b3b344adad86dbbd3d325052443c9dd804f  prob=0.0240 (raw=0.0038)  vol=$1,517  trades=9  first_trade=2025-12-05 00:48  winrate=0.000  n_markets_traded=7.000  herfindahl_index_markets=0.222
14:16:27 [super]   #937   0xca46bb5c6255fc1aea9d5c0b2771ebd531c5c596  prob=0.0240 (raw=0.0038)  vol=$1,243  trades=9  first_trade=2025-12-04 03:31  winrate=0.455  n_markets_traded=11.000  herfindahl_index_markets=0.185
14:16:27 [super]   #939   0x822e62e3b5d5077c0a8a6bd122d276ece1c65feb  prob=0.0240 (raw=0.0038)  vol=$2,456  trades=5  first_trade=2025-12-04 05:39  winrate=0.784  n_markets_traded=266.000  herfindahl_index_markets=0.011
14:16:27 [super]   #942   0x72a03dbdd6a2b7258a0e542090e20c71c6be3ddf  prob=0.0240 (raw=0.0037)  vol=$2,000  trades=8  first_trade=2025-12-04 17:16  winrate=0.188  n_markets_traded=16.000  herfindahl_index_markets=0.162
14:16:27 [super]   #946   0xfaab37ef60570779bf3ac6dbf017a286b14ce6f2  prob=0.0240 (raw=0.0037)  vol=$53,677  trades=15  first_trade=2025-12-04 07:45  winrate=0.380  n_markets_traded=76.000  herfindahl_index_markets=0.065
14:16:27 [super]   #947   0xdd225a03cd7ed89e3931906c67c75ab31cf89ef1  prob=0.0240 (raw=0.0037)  vol=$496,991  trades=145  first_trade=2025-11-26 21:36  winrate=NaN  n_markets_traded=0.000  herfindahl_index_markets=0.000
14:16:27 [super]   #949   0xa9736e281441255fc815a65ae4f9ba4c0b77f0f6  prob=0.0240 (raw=0.0037)  vol=$4,660  trades=5  first_trade=2025-12-01 15:46  winrate=0.412  n_markets_traded=136.000  herfindahl_index_markets=0.057
14:16:27 [super]   #952   0x5ecde7348ea5100af4360dd7a6e0a3fb1d420787  prob=0.0240 (raw=0.0037)  vol=$184,597  trades=78  first_trade=2025-11-30 03:51  winrate=NaN  n_markets_traded=0.000  herfindahl_index_markets=0.000
14:16:27 [super]   #953   0xf5b4adda2310d05d7d7e9e685943b88dad289c70  prob=0.0240 (raw=0.0037)  vol=$13,356  trades=10  first_trade=2025-12-04 06:58  winrate=0.474  n_markets_traded=19.000  herfindahl_index_markets=0.204
14:16:27 [super]   #954   0x42b6ffa7ff305f61f80a363290ee5d9d3ecd876f  prob=0.0240 (raw=0.0037)  vol=$7,193  trades=4  first_trade=2025-12-04 03:36  winrate=0.922  n_markets_traded=116.000  herfindahl_index_markets=0.016
14:16:27 [super]   #955   0x53a4f5be7d64abd9c49835374b5686cb86454447  prob=0.0240 (raw=0.0037)  vol=$44,738  trades=15  first_trade=2025-12-04 07:58  winrate=0.362  n_markets_traded=36.000  herfindahl_index_markets=0.073
14:16:27 [super]   #957   0xb7a813a4b8d0312d1b896c55c338bdd51675285e  prob=0.0240 (raw=0.0037)  vol=$12,403  trades=26  first_trade=2025-12-04 03:49  winrate=0.597  n_markets_traded=72.000  herfindahl_index_markets=0.029
14:16:27 [super]   #958   0x2328c8615d22d2d46ffa60e9ba0570d4ac59e304  prob=0.0240 (raw=0.0037)  vol=$5,000  trades=5  first_trade=2025-12-04 08:28  winrate=0.727  n_markets_traded=7.000  herfindahl_index_markets=0.236
14:16:27 [super]   #959   0x9b8a536de834b1a5de6655645bc0a0b718200724  prob=0.0239 (raw=0.0037)  vol=$2,500  trades=2  first_trade=2025-12-04 15:22  winrate=0.526  n_markets_traded=57.000  herfindahl_index_markets=0.035
14:16:27 [super]   #961   0x37ac36f084d24c2779034c2d4a777cfbdd219751  prob=0.0239 (raw=0.0036)  vol=$1,020  trades=7  first_trade=2025-12-01 23:15  winrate=0.095  n_markets_traded=21.000  herfindahl_index_markets=0.074
14:16:27 [super]   #964   0x9dfe3b0c6314ec5f36205df22a41f6a0a82874c8  prob=0.0239 (raw=0.0036)  vol=$3,133  trades=10  first_trade=2025-12-01 23:54  winrate=0.434  n_markets_traded=51.000  herfindahl_index_markets=0.092
14:16:27 [super]   #970   0x439252e3d8e1a7bd1495f77dcf53af5d08ef68c3  prob=0.0239 (raw=0.0036)  vol=$3,066  trades=7  first_trade=2025-12-04 02:51  winrate=0.714  n_markets_traded=207.000  herfindahl_index_markets=0.022
14:16:27 [super]   #971   0x057a14fd2f531be123b034b801c5e062513672be  prob=0.0239 (raw=0.0036)  vol=$9,094  trades=18  first_trade=2025-12-04 05:59  winrate=0.361  n_markets_traded=155.000  herfindahl_index_markets=0.054
14:16:27 [super]   #974   0xbb2182138b986790638ff3850e0b9a78b070e043  prob=0.0239 (raw=0.0036)  vol=$348,381  trades=25  first_trade=2025-12-04 19:30  winrate=0.118  n_markets_traded=17.000  herfindahl_index_markets=0.108
14:16:27 [super]   #975   0x1bfec39c98796ae25aec24c6e5821b6a1cc1ab8d  prob=0.0239 (raw=0.0036)  vol=$29,355  trades=5  first_trade=2025-12-04 09:44  winrate=0.461  n_markets_traded=112.000  herfindahl_index_markets=0.034
14:16:27 [super]   #979   0xe95e726d0ca927874f3998d815bfec51d19261f2  prob=0.0239 (raw=0.0035)  vol=$10,000  trades=2  first_trade=2025-12-04 22:03  winrate=0.770  n_markets_traded=127.000  herfindahl_index_markets=0.035
14:16:27 [super]   #981   0x0fc0d96996b1c77bf01c31c1130d1bdd99584cad  prob=0.0239 (raw=0.0035)  vol=$147,782  trades=99  first_trade=2025-12-02 09:06  winrate=0.789  n_markets_traded=76.000  herfindahl_index_markets=0.035
14:16:27 [super]   #990   0xe7cfca5e480c9ca8c6dae212cd822144f57d47bf  prob=0.0239 (raw=0.0035)  vol=$2,000  trades=8  first_trade=2025-12-05 11:42  winrate=0.846  n_markets_traded=13.000  herfindahl_index_markets=0.225
14:16:27 [super]   #1002  0x4020166b330125d224dbd46449bb5fef8de611d1  prob=0.0239 (raw=0.0035)  vol=$2,001  trades=4  first_trade=2025-12-04 12:34  winrate=0.650  n_markets_traded=220.000  herfindahl_index_markets=0.015
14:16:27 [super]   #1003  0xa5f2948c47aac1e8cfdf6cfb878e7a64c9e29d80  prob=0.0239 (raw=0.0035)  vol=$2,000  trades=4  first_trade=2025-12-06 21:22  winrate=0.111  n_markets_traded=9.000  herfindahl_index_markets=0.163
14:16:27 [super]   #1006  0x14ac98627779a0a74c6cdf3ccb2e31e1b1c4dd9f  prob=0.0239 (raw=0.0034)  vol=$10,078  trades=11  first_trade=2025-12-04 06:42  winrate=0.492  n_markets_traded=117.000  herfindahl_index_markets=0.025
14:16:27 [super]   #1011  0x80c65de4e3eb99d4d7f540b26cc45cd90b0be3c1  prob=0.0239 (raw=0.0034)  vol=$1,833  trades=2  first_trade=2025-12-05 03:17  winrate=0.362  n_markets_traded=94.000  herfindahl_index_markets=0.041
14:16:27 [super]   #1013  0xa09c9663ee39d05323eabcd22c0e6389e0e3f710  prob=0.0239 (raw=0.0034)  vol=$1,321  trades=4  first_trade=2025-12-04 03:36  winrate=0.801  n_markets_traded=494.000  herfindahl_index_markets=0.011
14:16:27 [super]   #1014  0x18e02f97cf02a5c3fcb2023d987d975cca2ed024  prob=0.0239 (raw=0.0034)  vol=$2,155  trades=34  first_trade=2025-12-04 03:19  winrate=0.297  n_markets_traded=64.000  herfindahl_index_markets=0.344
14:16:27 [super]   #1016  0xaa05de09cee00b27ca514aadc0c601559008fed7  prob=0.0239 (raw=0.0034)  vol=$2,242  trades=8  first_trade=2025-12-04 04:25  winrate=NaN  n_markets_traded=0.000  herfindahl_index_markets=0.000
14:16:27 [super]   #1019  0x7d55db7ab659d63a88380ecfd15c4f852eb56014  prob=0.0239 (raw=0.0034)  vol=$1,667  trades=7  first_trade=2025-12-04 14:29  winrate=0.312  n_markets_traded=16.000  herfindahl_index_markets=0.114
14:16:27 [super]   #1020  0x4d7b8dee7249a16d14b48bb4ea27361bc7911605  prob=0.0239 (raw=0.0034)  vol=$2,267  trades=4  first_trade=2025-12-05 04:44  winrate=0.375  n_markets_traded=16.000  herfindahl_index_markets=0.104
14:16:27 [super]   #1026  0x81562c477b91da11e44fb897fc6edded91fd98a9  prob=0.0239 (raw=0.0034)  vol=$1,482  trades=4  first_trade=2025-12-04 05:17  winrate=0.214  n_markets_traded=11.000  herfindahl_index_markets=0.181
14:16:27 [super]   #1029  0xb10047d6a254b2ebb306d7a7d13bf59171ab6461  prob=0.0239 (raw=0.0034)  vol=$30,445  trades=30  first_trade=2025-12-02 04:23  winrate=NaN  n_markets_traded=0.000  herfindahl_index_markets=0.000
14:16:27 [super]   #1036  0x64ad1f7bef50cbf11093553aafb94379af713050  prob=0.0239 (raw=0.0033)  vol=$1,188  trades=5  first_trade=2025-12-04 11:09  winrate=0.792  n_markets_traded=361.000  herfindahl_index_markets=0.011
14:16:27 [super]   #1038  0x464919a361929b52121569758c3af8be55843c1b  prob=0.0239 (raw=0.0033)  vol=$26,968  trades=5  first_trade=2025-12-04 03:53  winrate=0.364  n_markets_traded=11.000  herfindahl_index_markets=0.132
14:16:27 [super]   #1039  0xa553287f99189797e991cd2b2eac08130ae13eae  prob=0.0239 (raw=0.0033)  vol=$3,483  trades=4  first_trade=2025-12-04 06:21  winrate=0.265  n_markets_traded=102.000  herfindahl_index_markets=0.031
14:16:27 [super]   #1040  0x23f61f1942030c570b5272ccf94d0dbe46e556b7  prob=0.0239 (raw=0.0033)  vol=$2,000  trades=2  first_trade=2025-12-05 15:52  winrate=0.154  n_markets_traded=13.000  herfindahl_index_markets=0.136
14:16:27 [super]   #1042  0x66a17f32b6f1d2562c1c47e9d6807b17843bdacb  prob=0.0239 (raw=0.0033)  vol=$18,014  trades=29  first_trade=2025-12-04 10:25  winrate=0.024  n_markets_traded=41.000  herfindahl_index_markets=0.303
14:16:27 [super]   #1043  0x41ab5a4cee5f6405e2e901693f09a1a39abe6473  prob=0.0239 (raw=0.0033)  vol=$14,134  trades=9  first_trade=2025-12-02 00:15  winrate=0.652  n_markets_traded=23.000  herfindahl_index_markets=0.128
14:16:27 [super]   #1044  0x4eab7978e1238f59a2ad4be4185fbe9a30b108bf  prob=0.0239 (raw=0.0033)  vol=$10,830  trades=2  first_trade=2025-12-05 17:57  winrate=0.357  n_markets_traded=14.000  herfindahl_index_markets=0.126
14:16:27 [super]   #1051  0xfacd5eb6566d469f71fb42415177c74eb27d9109  prob=0.0239 (raw=0.0033)  vol=$15,294  trades=19  first_trade=2025-12-03 11:26  winrate=NaN  n_markets_traded=0.000  herfindahl_index_markets=0.000
14:16:27 [super]   #1052  0xa2041e3592be38a9c35bb694781b3643c8113f9d  prob=0.0239 (raw=0.0033)  vol=$4,000  trades=6  first_trade=2025-12-04 07:49  winrate=0.000  n_markets_traded=9.000  herfindahl_index_markets=0.195
14:16:27 [super]   #1053  0x30cecdf29f069563ea21b8ae94492e41e53a6b2b  prob=0.0239 (raw=0.0033)  vol=$2,787  trades=297  first_trade=2025-11-26 20:02  winrate=NaN  n_markets_traded=0.000  herfindahl_index_markets=0.000
14:16:27 [super]   #1054  0x46d34c6052bbb4443b1749e45879f39d48b814bb  prob=0.0239 (raw=0.0033)  vol=$1,591  trades=6  first_trade=2025-12-04 05:30  winrate=0.310  n_markets_traded=29.000  herfindahl_index_markets=0.095
14:16:27 [super]   #1055  0x21d8dd7917fd13a6ef152e3368512f01c50aad91  prob=0.0239 (raw=0.0033)  vol=$7,700  trades=6  first_trade=2025-12-04 05:07  winrate=0.435  n_markets_traded=216.000  herfindahl_index_markets=0.020
14:16:27 [super]   #1061  0xc5d563a36ae78145c45a50134d48a1215220f80a  prob=0.0239 (raw=0.0032)  vol=$4,568,710  trades=5982  first_trade=2025-11-26 19:08  winrate=NaN  n_markets_traded=0.000  herfindahl_index_markets=0.000
14:16:27 [super]   #1062  0xfe175c90c4152392978fa402ed871657881298e9  prob=0.0239 (raw=0.0032)  vol=$6,066  trades=10  first_trade=2025-12-04 04:45  winrate=0.692  n_markets_traded=259.000  herfindahl_index_markets=0.083
14:16:27 [super]   #1070  0x9532b0b10c6d916fb6d50c3f59462d4720cc9350  prob=0.0239 (raw=0.0032)  vol=$1,993  trades=4  first_trade=2025-12-04 08:01  winrate=0.111  n_markets_traded=9.000  herfindahl_index_markets=0.360
14:16:27 [super]   #1072  0x17663fc676efb2016ca78c53617ddc281dcd5705  prob=0.0239 (raw=0.0032)  vol=$3,514  trades=3  first_trade=2025-12-04 06:29  winrate=0.208  n_markets_traded=46.000  herfindahl_index_markets=0.125
14:16:27 [super]   #1075  0xfd5294de1d526489fede36ee0e43ae4779050c2f  prob=0.0239 (raw=0.0032)  vol=$1,316  trades=7  first_trade=2025-12-04 03:34  winrate=NaN  n_markets_traded=0.000  herfindahl_index_markets=0.000
14:16:27 [super]   #1076  0xa710f0eae9129df28a52e886902c443364004173  prob=0.0239 (raw=0.0032)  vol=$2,921  trades=12  first_trade=2025-12-04 05:14  winrate=0.382  n_markets_traded=33.000  herfindahl_index_markets=0.091
14:16:27 [super]   #1078  0xad1c4da65363b43cdee3b43f3b1a5e1142d99d90  prob=0.0239 (raw=0.0032)  vol=$29,333  trades=6  first_trade=2025-12-04 03:53  winrate=0.571  n_markets_traded=14.000  herfindahl_index_markets=0.168
14:16:27 [super]   #1081  0x7840001597060d5fbeb81aabe9bb6010bdedccc3  prob=0.0239 (raw=0.0031)  vol=$2,000  trades=2  first_trade=2025-12-06 12:08  winrate=0.418  n_markets_traded=55.000  herfindahl_index_markets=0.024
14:16:27 [super]   #1082  0x076ca0207aaa48365da2eb6a917edcbdee5e4e7b  prob=0.0239 (raw=0.0031)  vol=$11,030  trades=71  first_trade=2025-12-03 20:29  winrate=NaN  n_markets_traded=0.000  herfindahl_index_markets=0.000
14:16:27 [super]   #1087  0x5b4c7be725be104cba6370ff27af942f95ab80ed  prob=0.0239 (raw=0.0031)  vol=$10,000  trades=4  first_trade=2025-12-04 03:54  winrate=0.466  n_markets_traded=73.000  herfindahl_index_markets=0.032
14:16:27 [super]   #1088  0x6ae8017e0ae8dccc22312ed6e378c875047e0e50  prob=0.0239 (raw=0.0031)  vol=$6,667  trades=2  first_trade=2025-12-04 10:07  winrate=0.256  n_markets_traded=133.000  herfindahl_index_markets=0.032
14:16:27 [super]   #1090  0x5625ef06ed29dbc903a10e2a176a89cc3ddb06f7  prob=0.0239 (raw=0.0031)  vol=$3,207  trades=8  first_trade=2025-12-05 07:46  winrate=0.500  n_markets_traded=6.000  herfindahl_index_markets=0.174
14:16:27 [super]   #1091  0x303c5f6f2641f1293cb8e548d080b1c02d9f4487  prob=0.0239 (raw=0.0031)  vol=$1,449  trades=6  first_trade=2025-12-03 00:45  winrate=0.601  n_markets_traded=161.000  herfindahl_index_markets=0.044
14:16:27 [super]   #1097  0xdbe6dd3c986ad9d2f7febc369744fa7d34d3555d  prob=0.0239 (raw=0.0031)  vol=$1,318  trades=14  first_trade=2025-12-04 05:13  winrate=0.412  n_markets_traded=17.000  herfindahl_index_markets=0.091
14:16:27 [super]   #1101  0x74e4acfd9ea43aee54a2fd7b0391c1f0140ec23f  prob=0.0239 (raw=0.0031)  vol=$36,326  trades=5  first_trade=2025-12-04 09:35  winrate=0.519  n_markets_traded=52.000  herfindahl_index_markets=0.075
14:16:27 [super]   #1105  0x72b193ca5e0ba37efa2127ce3768d48306fcbe60  prob=0.0239 (raw=0.0031)  vol=$3,000  trades=7  first_trade=2025-12-07 02:02  winrate=0.381  n_markets_traded=63.000  herfindahl_index_markets=0.017
14:16:27 [super]   #1108  0xde358407c61ea4ed169f19ca5a27f9e88e18e2ff  prob=0.0239 (raw=0.0031)  vol=$10,000  trades=2  first_trade=2025-12-04 18:33  winrate=0.160  n_markets_traded=25.000  herfindahl_index_markets=0.095
14:16:27 [super]   #1109  0x05098cd8259793c606134d7e33ae988709d7afe1  prob=0.0239 (raw=0.0031)  vol=$1,305  trades=4  first_trade=2025-12-05 09:32  winrate=0.143  n_markets_traded=21.000  herfindahl_index_markets=0.106
14:16:27 [super]   #1112  0xe1daef33344a7ff64426f12ce4e7fc650ba218a7  prob=0.0239 (raw=0.0031)  vol=$13,935  trades=4  first_trade=2025-12-04 08:19  winrate=0.174  n_markets_traded=22.000  herfindahl_index_markets=0.197
14:16:27 [super]   #1113  0xd65aa536b589fb704616dfb7b86922b458493384  prob=0.0239 (raw=0.0031)  vol=$4,000  trades=4  first_trade=2025-12-04 13:27  winrate=0.429  n_markets_traded=14.000  herfindahl_index_markets=0.117
14:16:27 [super]   #1114  0x69ea0d77ef34f1acb03aaed901df7620fc4215cd  prob=0.0239 (raw=0.0031)  vol=$63,470  trades=104  first_trade=2025-12-02 18:30  winrate=NaN  n_markets_traded=0.000  herfindahl_index_markets=0.000
14:16:27 [super]   #1116  0xecf4d3d0a960f0f4460761fe4672a14479799979  prob=0.0239 (raw=0.0031)  vol=$20,881  trades=33  first_trade=2025-12-04 03:39  winrate=0.442  n_markets_traded=115.000  herfindahl_index_markets=0.052
14:16:27 [super]   #1121  0xe948662e83ab4e074763b7a0c4b86fd2fe1bff23  prob=0.0239 (raw=0.0031)  vol=$12,225  trades=19  first_trade=2025-12-04 04:57  winrate=NaN  n_markets_traded=0.000  herfindahl_index_markets=0.000
14:16:27 [super]   #1124  0xe922e3614c56b3c0aebb8c1039d217da18ab4685  prob=0.0239 (raw=0.0030)  vol=$1,333  trades=6  first_trade=2025-12-04 03:35  winrate=0.552  n_markets_traded=121.000  herfindahl_index_markets=0.015
14:16:27 [super]   #1125  0xcda8d1ec269686f657bfcb65831bb90307134902  prob=0.0239 (raw=0.0030)  vol=$2,580  trades=2  first_trade=2025-12-06 06:25  winrate=0.290  n_markets_traded=31.000  herfindahl_index_markets=0.168
14:16:27 [super]   #1127  0x7fe68cbaca0b778dab7c1adbb9992bb1f4f6b39e  prob=0.0239 (raw=0.0030)  vol=$210,001  trades=52  first_trade=2025-12-04 07:46  winrate=0.500  n_markets_traded=17.000  herfindahl_index_markets=0.132
14:16:27 [super]   #1128  0xcb122e3dfea0af9fbbae991621a2a1e738d46a49  prob=0.0239 (raw=0.0030)  vol=$6,000  trades=2  first_trade=2025-12-04 14:24  winrate=0.434  n_markets_traded=120.000  herfindahl_index_markets=0.022
14:16:27 [super]   #1135  0x825135c386d92dcc2fcfaa41be2373c21ae9e150  prob=0.0239 (raw=0.0030)  vol=$1,389  trades=3  first_trade=2025-12-04 07:26  winrate=0.467  n_markets_traded=30.000  herfindahl_index_markets=0.083
14:16:27 [super]   #1139  0x2ad3139e375f14b6ac43627b2fc00435e557c091  prob=0.0239 (raw=0.0030)  vol=$2,667  trades=6  first_trade=2025-12-05 15:01  winrate=0.250  n_markets_traded=12.000  herfindahl_index_markets=0.140
14:16:27 [super]   #1142  0xfb62d55912bf2dc07979c98f04e3136683274f95  prob=0.0239 (raw=0.0030)  vol=$4,070  trades=11  first_trade=2025-12-04 07:05  winrate=0.222  n_markets_traded=8.000  herfindahl_index_markets=0.170
14:16:27 [super]   #1143  0xac9b386454ed02ef205e0ebd189d8864fd02d4c5  prob=0.0239 (raw=0.0030)  vol=$78,553  trades=47  first_trade=2025-12-04 03:24  winrate=NaN  n_markets_traded=0.000  herfindahl_index_markets=0.000
14:16:27 [super]   #1145  0xc89d0db0720a91b0fe74b8d607a2a9a7b71d5909  prob=0.0239 (raw=0.0030)  vol=$14,549  trades=4  first_trade=2025-12-04 03:40  winrate=0.467  n_markets_traded=229.000  herfindahl_index_markets=0.019
14:16:27 [super]   #1146  0x263d1abc75c8e085680700c4969313312959d077  prob=0.0239 (raw=0.0029)  vol=$9,790  trades=8  first_trade=2025-12-05 11:14  winrate=0.400  n_markets_traded=35.000  herfindahl_index_markets=0.087
14:16:27 [super]   #1147  0xedf305d61499143b0a63a68662301d292175eac3  prob=0.0239 (raw=0.0029)  vol=$4,951  trades=7  first_trade=2025-12-04 06:34  winrate=0.574  n_markets_traded=68.000  herfindahl_index_markets=0.051
14:16:27 [super]   #1152  0x260b8cd6b62a86dfbf53c1d9d2eb0328f865d12c  prob=0.0239 (raw=0.0029)  vol=$1,133  trades=4  first_trade=2025-12-04 03:17  winrate=NaN  n_markets_traded=0.000  herfindahl_index_markets=0.000
14:16:27 [super]   #1154  0xf5ccb0827bc55ae619c26ff25e704d0cc6640540  prob=0.0239 (raw=0.0029)  vol=$14,000  trades=10  first_trade=2025-12-04 04:12  winrate=NaN  n_markets_traded=0.000  herfindahl_index_markets=0.000
14:16:27 [super]   #1155  0x93b9114efd9d72720f0a67205208b332ae6ba48b  prob=0.0239 (raw=0.0029)  vol=$19,920  trades=3  first_trade=2025-12-04 08:05  winrate=0.291  n_markets_traded=102.000  herfindahl_index_markets=0.143
14:16:27 [super]   #1158  0x72e0877e54aafe7d9589e00a960918aadc0c3bc0  prob=0.0239 (raw=0.0029)  vol=$24,375  trades=2  first_trade=2025-12-04 14:32  winrate=0.303  n_markets_traded=76.000  herfindahl_index_markets=0.028
14:16:27 [super]   #1160  0xf5bd0f1e561a14bb1b527e3b06d59989ae17169a  prob=0.0239 (raw=0.0029)  vol=$4,004  trades=10  first_trade=2025-12-05 15:27  winrate=0.299  n_markets_traded=194.000  herfindahl_index_markets=0.042
14:16:27 [super]   #1165  0x2783e38aa7b7d1ba8a7f3cef36bed993f3138321  prob=0.0239 (raw=0.0029)  vol=$4,984  trades=7  first_trade=2025-12-04 08:17  winrate=0.471  n_markets_traded=119.000  herfindahl_index_markets=0.120
14:16:27 [super]   #1167  0x7744bfd749a70020d16a1fcbac1d064761c9999e  prob=0.0239 (raw=0.0029)  vol=$670,869  trades=110  first_trade=2025-12-04 03:27  winrate=NaN  n_markets_traded=0.000  herfindahl_index_markets=0.000
14:16:27 [super]   #1169  0x8979f8b442b8e79bbb886b28d60abe611ed5f003  prob=0.0239 (raw=0.0029)  vol=$9,723  trades=22  first_trade=2025-12-01 21:38  winrate=0.414  n_markets_traded=133.000  herfindahl_index_markets=0.059
14:16:27 [super]   #1171  0x58b6ce6903cad14a4c7d17bb93386ac3e704fff0  prob=0.0239 (raw=0.0029)  vol=$2,500  trades=2  first_trade=2025-12-04 13:37  winrate=0.083  n_markets_traded=60.000  herfindahl_index_markets=0.103
14:16:27 [super]   #1174  0x42810c7be81fdf798f1ade7278f5712a7b17b581  prob=0.0239 (raw=0.0029)  vol=$3,114  trades=33  first_trade=2025-12-04 05:57  winrate=0.333  n_markets_traded=9.000  herfindahl_index_markets=0.381
14:16:27 [super]   #1177  0xe50426e53bc1485ee7d1ae741c606e2b679770ef  prob=0.0239 (raw=0.0029)  vol=$3,732  trades=1  first_trade=2025-11-30 21:53  winrate=0.387  n_markets_traded=107.000  herfindahl_index_markets=0.043
14:16:27 [super]   #1180  0x47f0af7a0ae498a4f0f1f9092dd572240eaeda2b  prob=0.0239 (raw=0.0029)  vol=$2,000  trades=4  first_trade=2025-12-04 04:21  winrate=0.286  n_markets_traded=63.000  herfindahl_index_markets=0.092
14:16:27 [super]   #1181  0x09896d27365d7ddea148eb31ba579ab290c31b82  prob=0.0239 (raw=0.0029)  vol=$15,500  trades=5  first_trade=2025-12-07 07:55  winrate=0.055  n_markets_traded=54.000  herfindahl_index_markets=0.112
14:16:27 [super]   #1182  0x881c96562048cf2e0af6558d1f253ad50b000d72  prob=0.0239 (raw=0.0029)  vol=$30,705  trades=12  first_trade=2025-12-04 17:14  winrate=0.200  n_markets_traded=20.000  herfindahl_index_markets=0.230
14:16:27 [super]   #1186  0x838c9cd4c623fd90bec460595ab23774d464faeb  prob=0.0239 (raw=0.0029)  vol=$2,270  trades=6  first_trade=2025-12-04 17:23  winrate=0.583  n_markets_traded=12.000  herfindahl_index_markets=0.142
14:16:27 [super]   #1187  0x92be01de38bd5487cbb74df5cf4a30e71481368c  prob=0.0239 (raw=0.0029)  vol=$5,000  trades=2  first_trade=2025-12-05 08:35  winrate=0.148  n_markets_traded=112.000  herfindahl_index_markets=0.071
14:16:27 [super]   #1188  0x17ce7c9a7f768bfa98946caf7d64c9e051f5beec  prob=0.0239 (raw=0.0029)  vol=$162,823  trades=443  first_trade=2025-11-28 14:52  winrate=NaN  n_markets_traded=0.000  herfindahl_index_markets=0.000
14:16:27 [super]   #1190  0x54b56146656e7eef9da02b3a030c18e06e924b31  prob=0.0239 (raw=0.0029)  vol=$24,166  trades=24  first_trade=2025-12-01 17:06  winrate=NaN  n_markets_traded=0.000  herfindahl_index_markets=0.000
14:16:27 [super]   #1191  0xc9dbb251d58900109c77386e927301554db718b5  prob=0.0239 (raw=0.0029)  vol=$1,734  trades=6  first_trade=2025-12-04 03:23  winrate=0.500  n_markets_traded=14.000  herfindahl_index_markets=0.233
14:16:27 [super]   #1196  0xe7387473b067235436884d16799777cf279edf65  prob=0.0239 (raw=0.0029)  vol=$2,455  trades=15  first_trade=2025-12-03 01:16  winrate=NaN  n_markets_traded=0.000  herfindahl_index_markets=0.000
14:16:27 [super]   #1198  0x18cda925145a03cd1650ad1036f6b152ece1d8d2  prob=0.0239 (raw=0.0029)  vol=$10,000  trades=2  first_trade=2025-12-05 01:21  winrate=NaN  n_markets_traded=0.000  herfindahl_index_markets=0.000
14:16:27 [super]   #1201  0xb3c02303fa5d363159e5e1ea87ac517569ef4bf8  prob=0.0239 (raw=0.0028)  vol=$2,487  trades=5  first_trade=2025-12-05 00:15  winrate=0.274  n_markets_traded=62.000  herfindahl_index_markets=0.055
14:16:27 [super]   #1206  0xb27f49a1cbe1e7b16ca646c930b21c02ad8b8908  prob=0.0239 (raw=0.0028)  vol=$762,849  trades=43  first_trade=2025-12-04 13:14  winrate=0.532  n_markets_traded=200.000  herfindahl_index_markets=0.035
14:16:27 [super]   #1210  0xd8cae792b3d84d6888080401423e973337287229  prob=0.0239 (raw=0.0028)  vol=$86,253  trades=25  first_trade=2025-12-04 05:01  winrate=0.561  n_markets_traded=38.000  herfindahl_index_markets=0.104
14:16:27 [super]   #1213  0xe1e24a2ae12c8af2f41ac91fea3928423e039629  prob=0.0239 (raw=0.0028)  vol=$1,667  trades=2  first_trade=2025-12-04 13:18  winrate=0.533  n_markets_traded=240.000  herfindahl_index_markets=0.035
14:16:27 [super]   #1226  0xeff2990f09e847bcedd0f88cfd8cc7ac0222ac29  prob=0.0239 (raw=0.0028)  vol=$3,012  trades=14  first_trade=2025-12-04 19:53  winrate=0.250  n_markets_traded=12.000  herfindahl_index_markets=0.171
14:16:27 [super]   #1227  0x36ed12955adcf43e9a08ce2d6f1039caf488f21a  prob=0.0239 (raw=0.0028)  vol=$3,556  trades=18  first_trade=2025-12-04 03:28  winrate=0.515  n_markets_traded=68.000  herfindahl_index_markets=0.036
14:16:27 [super]   #1233  0x8138223a986ab263fe388bcfe2bacfc17991f52c  prob=0.0239 (raw=0.0028)  vol=$1,005  trades=3  first_trade=2025-12-04 05:28  winrate=0.512  n_markets_traded=124.000  herfindahl_index_markets=0.010
14:16:27 [super]   #1239  0xd189664c5308903476f9f079820431e4fd7d06f4  prob=0.0239 (raw=0.0028)  vol=$49,870  trades=16  first_trade=2025-12-04 03:36  winrate=NaN  n_markets_traded=0.000  herfindahl_index_markets=0.000
14:16:27 [super]   #1254  0x8f7b410126c510de779f74c42b60ff0d34dc55ce  prob=0.0239 (raw=0.0028)  vol=$1,135  trades=4  first_trade=2025-12-04 05:07  winrate=NaN  n_markets_traded=0.000  herfindahl_index_markets=0.000
14:16:27 [super]   #1256  0x5fdf9e1f2d849628f6d0f0729430626a23712c5b  prob=0.0239 (raw=0.0028)  vol=$47,127  trades=17  first_trade=2025-12-04 06:44  winrate=0.545  n_markets_traded=11.000  herfindahl_index_markets=0.116
14:16:27 [super]   #1260  0x8bc85293b9f595cf39a8dc4ab5b266f1e43ea8ed  prob=0.0239 (raw=0.0028)  vol=$6,228  trades=9  first_trade=2025-12-03 10:47  winrate=0.692  n_markets_traded=26.000  herfindahl_index_markets=0.140
14:16:27 [super]   #1264  0x474764029162d0b5292348d2c3caadf460da0658  prob=0.0239 (raw=0.0027)  vol=$74,967  trades=14  first_trade=2025-12-04 05:49  winrate=0.362  n_markets_traded=47.000  herfindahl_index_markets=0.244
14:16:27 [super]   #1265  0xd4f904ecac0ff22ac6601de6b972d4f8b6b4f619  prob=0.0239 (raw=0.0027)  vol=$95,883  trades=31  first_trade=2025-12-04 03:26  winrate=NaN  n_markets_traded=0.000  herfindahl_index_markets=0.000
14:16:27 [super]   #1267  0xd362566464efa05a15a3d7ce3224067564879bc4  prob=0.0238 (raw=0.0027)  vol=$2,073  trades=162  first_trade=2025-11-29 20:08  winrate=NaN  n_markets_traded=0.000  herfindahl_index_markets=0.000
14:16:27 [super]   #1274  0x21ffd2b7a212a6f277ed3eca1a9f8efcbca90d71  prob=0.0238 (raw=0.0027)  vol=$4,011  trades=53  first_trade=2025-11-30 00:06  winrate=NaN  n_markets_traded=0.000  herfindahl_index_markets=0.000
14:16:27 [super]   #1276  0xf1f7df94417dbfdbf8fe4924580817da1e3ffa11  prob=0.0238 (raw=0.0027)  vol=$18,541  trades=10  first_trade=2025-12-04 03:18  winrate=0.734  n_markets_traded=289.000  herfindahl_index_markets=0.011
14:16:27 [super]   #1280  0x9b979a065641e8cfde3022a30ed2d9415cf55e12  prob=0.0238 (raw=0.0027)  vol=$369,812  trades=55  first_trade=2025-12-04 03:23  winrate=NaN  n_markets_traded=0.000  herfindahl_index_markets=0.000
14:16:27 [super]   #1281  0x8795bcb2fe129d1ea3e3d73bc13a3d8078047544  prob=0.0238 (raw=0.0027)  vol=$105,102  trades=71  first_trade=2025-11-30 04:09  winrate=NaN  n_markets_traded=0.000  herfindahl_index_markets=0.000
14:16:27 [super]   #1283  0x3a736813a49adedf7d9e8b4830ff65f840909daa  prob=0.0238 (raw=0.0027)  vol=$5,657  trades=7  first_trade=2025-12-05 03:08  winrate=0.577  n_markets_traded=474.000  herfindahl_index_markets=0.013
14:16:27 [super]   #1284  0x47ab026767cc320ac6e62f6ec747d59cf4d795df  prob=0.0238 (raw=0.0027)  vol=$229,765  trades=74  first_trade=2025-12-04 05:01  winrate=NaN  n_markets_traded=0.000  herfindahl_index_markets=0.000
14:16:27 [super]   #1288  0x510904c9a58f5c5ad799a1b44947077564175e9c  prob=0.0238 (raw=0.0027)  vol=$6,721  trades=10  first_trade=2025-12-04 05:14  winrate=NaN  n_markets_traded=0.000  herfindahl_index_markets=0.000
14:16:27 [super]   #1292  0x805a922574d7d6b158b7bbb49a6fa8925eb60635  prob=0.0238 (raw=0.0027)  vol=$104,796  trades=23  first_trade=2025-12-04 04:38  winrate=NaN  n_markets_traded=0.000  herfindahl_index_markets=0.000
14:16:27 [super]   #1294  0xd251888534639d48da16168aa7b50ba019c8d611  prob=0.0238 (raw=0.0027)  vol=$1,036  trades=8  first_trade=2025-12-04 05:17  winrate=0.250  n_markets_traded=44.000  herfindahl_index_markets=0.090
14:16:27 [super]   #1295  0x9dab4638ac1d4f5666134d4cec8074c0c82f1bdf  prob=0.0238 (raw=0.0027)  vol=$13,229  trades=16  first_trade=2025-12-04 06:56  winrate=NaN  n_markets_traded=0.000  herfindahl_index_markets=0.000
14:16:27 [super]   #1297  0x24c8cf69a0e0a17eee21f69d29752bfa32e823e1  prob=0.0238 (raw=0.0027)  vol=$66,526  trades=37  first_trade=2025-12-04 03:28  winrate=NaN  n_markets_traded=0.000  herfindahl_index_markets=0.000
14:16:27 [super]   #1298  0x3376af22d333213cc84be18e9687d421ef5d3c7f  prob=0.0238 (raw=0.0027)  vol=$9,268  trades=79  first_trade=2025-12-04 03:15  winrate=NaN  n_markets_traded=0.000  herfindahl_index_markets=0.000
14:16:27 [super]   #1299  0xa38e3ee734ca54ee2c926c6dfccd0392c28b5062  prob=0.0238 (raw=0.0027)  vol=$1,995  trades=2  first_trade=2025-12-04 12:13  winrate=0.689  n_markets_traded=45.000  herfindahl_index_markets=0.045
14:16:27 [super]   #1304  0x0974d7a915229cb770fb43ac46f360dcf964003d  prob=0.0238 (raw=0.0027)  vol=$3,162  trades=73  first_trade=2025-12-02 19:44  winrate=NaN  n_markets_traded=0.000  herfindahl_index_markets=0.000
14:16:27 [super]   #1305  0xad529df14c293d77984a0137990a1441b25211ac  prob=0.0238 (raw=0.0027)  vol=$37,103  trades=46  first_trade=2025-11-27 07:51  winrate=NaN  n_markets_traded=0.000  herfindahl_index_markets=0.000
14:16:27 [super]   #1307  0x1e55408f217f58facdf1d663c74cfa7f55e9e3e2  prob=0.0238 (raw=0.0027)  vol=$2,561  trades=5  first_trade=2025-12-04 06:39  winrate=NaN  n_markets_traded=0.000  herfindahl_index_markets=0.000
14:16:27 [super]   #1316  0x80ab6ab7646efb38367ea5a180f29042fab16c7a  prob=0.0238 (raw=0.0026)  vol=$129,442  trades=221  first_trade=2025-12-03 16:04  winrate=NaN  n_markets_traded=0.000  herfindahl_index_markets=0.000
14:16:27 [super]   #1319  0xee324b84546110f1fa5d4b2558edb179c3a4463a  prob=0.0238 (raw=0.0026)  vol=$64,808  trades=12  first_trade=2025-12-04 07:20  winrate=NaN  n_markets_traded=0.000  herfindahl_index_markets=0.000
14:16:27 [super]   #1328  0x2785e7022dc20757108204b13c08cea8613b70ae  prob=0.0238 (raw=0.0026)  vol=$2,025,184  trades=338  first_trade=2025-12-04 08:05  winrate=NaN  n_markets_traded=0.000  herfindahl_index_markets=0.000
14:16:27 [super]   #1332  0xb182730b94cb7c5fdae545ee4eb15c65c9c8c5f2  prob=0.0238 (raw=0.0026)  vol=$30,840  trades=5  first_trade=2025-12-04 18:52  winrate=0.458  n_markets_traded=48.000  herfindahl_index_markets=0.065
14:16:27 [super]   #1334  0x0c93a4291ee2c43a4eae6ca6bcb11f40c3f5a00b  prob=0.0238 (raw=0.0026)  vol=$4,593  trades=3  first_trade=2025-12-04 08:22  winrate=0.524  n_markets_traded=42.000  herfindahl_index_markets=0.111
14:16:27 [super]   #1335  0x05208f3124596026203c69d741dd07d894ef9708  prob=0.0238 (raw=0.0026)  vol=$4,985  trades=3  first_trade=2025-12-04 03:54  winrate=NaN  n_markets_traded=0.000  herfindahl_index_markets=0.000
14:16:27 [super]   #1345  0xa4bd8f49695cf5d55924aca4cc2694952874e8a2  prob=0.0238 (raw=0.0026)  vol=$3,329  trades=409  first_trade=2025-12-01 17:59  winrate=NaN  n_markets_traded=0.000  herfindahl_index_markets=0.000
14:16:27 [super]   #1346  0x50bb959916732df512b8a70664e308edd4899aa6  prob=0.0238 (raw=0.0026)  vol=$2,659  trades=7  first_trade=2025-12-04 03:35  winrate=0.458  n_markets_traded=379.000  herfindahl_index_markets=0.004
14:16:27 [super]   #1350  0x259b561d0a3b688a053e2e1353f894fd48a2dafc  prob=0.0238 (raw=0.0026)  vol=$2,500  trades=2  first_trade=2025-12-04 13:40  winrate=0.500  n_markets_traded=23.000  herfindahl_index_markets=0.146
14:16:27 [super]   #1351  0x86fdf8a4f477d68455c79eabe5b9ea7b05dd8002  prob=0.0238 (raw=0.0026)  vol=$5,020  trades=11  first_trade=2025-12-04 17:46  winrate=0.167  n_markets_traded=42.000  herfindahl_index_markets=0.113
14:16:27 [super]   #1354  0x8f7a4b414417911e7e9bd738399874792cdbdb40  prob=0.0238 (raw=0.0026)  vol=$256,798  trades=108  first_trade=2025-12-04 03:43  winrate=NaN  n_markets_traded=0.000  herfindahl_index_markets=0.000
14:16:27 [super]   #1362  0x2d99e29c4f066ba32098c65e4c7454b277d94ca3  prob=0.0238 (raw=0.0026)  vol=$144,342  trades=49  first_trade=2025-12-04 06:47  winrate=NaN  n_markets_traded=0.000  herfindahl_index_markets=0.000
14:16:27 [super]   #1365  0xeb58e26e51169b71d00f3beface74ffe1ddd6fa5  prob=0.0238 (raw=0.0026)  vol=$2,607  trades=2  first_trade=2025-12-06 01:40  winrate=0.703  n_markets_traded=89.000  herfindahl_index_markets=0.034
14:16:27 [super]   #1371  0xe8278d22bef444ede84505b7c0ec4e4001305209  prob=0.0238 (raw=0.0026)  vol=$2,400  trades=6  first_trade=2025-12-04 03:32  winrate=NaN  n_markets_traded=0.000  herfindahl_index_markets=0.000
14:16:27 [super]   #1378  0x44c1dfe43260c94ed4f1d00de2e1f80fb113ebc1  prob=0.0238 (raw=0.0025)  vol=$608,603  trades=62  first_trade=2025-12-04 03:17  winrate=NaN  n_markets_traded=0.000  herfindahl_index_markets=0.000
14:16:27 [super]   #1379  0xdc814e7371182f4752a14363ddf85b038f824f06  prob=0.0238 (raw=0.0025)  vol=$3,002  trades=4  first_trade=2025-12-04 16:34  winrate=0.388  n_markets_traded=169.000  herfindahl_index_markets=0.193
14:16:27 [super]   #1382  0x037b0a310066a10cd62f45de8696503ad4d147f4  prob=0.0238 (raw=0.0025)  vol=$2,500  trades=12  first_trade=2025-12-04 05:17  winrate=NaN  n_markets_traded=0.000  herfindahl_index_markets=0.000
14:16:27 [super]   #1383  0x5d18de8624ba5b526628259768def39c291f0af4  prob=0.0238 (raw=0.0025)  vol=$2,000  trades=2  first_trade=2025-12-06 19:41  winrate=0.222  n_markets_traded=9.000  herfindahl_index_markets=0.124
14:16:27 [super]   #1384  0xbe231eaf5bd1738b5a59ebef369529ce2a73910a  prob=0.0238 (raw=0.0025)  vol=$1,014  trades=8  first_trade=2025-12-04 06:00  winrate=0.467  n_markets_traded=15.000  herfindahl_index_markets=0.132
14:16:27 [super]   #1386  0x668d85d791049bf0100e557a72c7ed4dc97297d2  prob=0.0238 (raw=0.0025)  vol=$7,280  trades=12  first_trade=2025-12-04 07:56  winrate=0.400  n_markets_traded=10.000  herfindahl_index_markets=0.192
14:16:27 [super]   #1388  0x34a9b8ab09d930e9b14d01875e2364e3896a9e88  prob=0.0238 (raw=0.0025)  vol=$18,589  trades=17  first_trade=2025-12-04 03:37  winrate=0.425  n_markets_traded=177.000  herfindahl_index_markets=0.017
14:16:27 [super]   #1398  0x448861155279dbf833d041b963e3ac854599e319  prob=0.0238 (raw=0.0025)  vol=$32,012  trades=7  first_trade=2025-12-04 04:01  winrate=NaN  n_markets_traded=0.000  herfindahl_index_markets=0.000
14:16:27 [super]   #1402  0xad06035a5529de3e750239bc334f7ab1f28d2dfa  prob=0.0238 (raw=0.0025)  vol=$12,495  trades=37  first_trade=2025-12-02 21:04  winrate=NaN  n_markets_traded=0.000  herfindahl_index_markets=0.000
14:16:27 [super]   #1403  0xe1055b4b4c1342281bf5cba7d18074f8126f9cb3  prob=0.0238 (raw=0.0025)  vol=$2,673  trades=1  first_trade=2025-12-04 04:47  winrate=NaN  n_markets_traded=0.000  herfindahl_index_markets=0.000
14:16:27 [super]   #1404  0x3f7aee8f1fafcd873343105b24f83f3f98a9248e  prob=0.0238 (raw=0.0025)  vol=$69,618  trades=144  first_trade=2025-11-30 07:25  winrate=NaN  n_markets_traded=0.000  herfindahl_index_markets=0.000
14:16:27 [super]   #1405  0xee292e8cbca9cf11b394a98f0ee6904c00e389d8  prob=0.0238 (raw=0.0025)  vol=$1,352  trades=42  first_trade=2025-11-30 17:08  winrate=NaN  n_markets_traded=0.000  herfindahl_index_markets=0.000
14:16:27 [super]   #1408  0xd7c0f5c990284b78fb1df4d8ccf558a63d3b55ff  prob=0.0238 (raw=0.0025)  vol=$3,071  trades=10  first_trade=2025-12-04 05:57  winrate=0.122  n_markets_traded=41.000  herfindahl_index_markets=0.197
14:16:27 [super]   #1410  0xc6dd722558dbfbd8fa780efcbe819ed8c6604b9f  prob=0.0238 (raw=0.0025)  vol=$311,021  trades=136  first_trade=2025-12-04 03:27  winrate=NaN  n_markets_traded=0.000  herfindahl_index_markets=0.000
14:16:27 [super]   #1412  0xdfe3fedc5c7679be42c3d393e99d4b55247b73c4  prob=0.0238 (raw=0.0025)  vol=$37,708  trades=37  first_trade=2025-12-04 05:34  winrate=NaN  n_markets_traded=0.000  herfindahl_index_markets=0.000
14:16:27 [super]   #1413  0xc02147dee42356b7a4edbb1c35ac4ffa95f61fa8  prob=0.0238 (raw=0.0025)  vol=$11,587  trades=22  first_trade=2025-11-29 19:56  winrate=NaN  n_markets_traded=0.000  herfindahl_index_markets=0.000
14:16:27 [super]   #1421  0xa9b44dca52ed35e59ac2a6f49d1203b8155464ed  prob=0.0238 (raw=0.0025)  vol=$247,129  trades=84  first_trade=2025-12-04 04:38  winrate=NaN  n_markets_traded=0.000  herfindahl_index_markets=0.000
14:16:27 [super]   #1422  0x77a4ba69bfd3a388bce7031900a3fabc105fc84f  prob=0.0238 (raw=0.0025)  vol=$1,048  trades=15  first_trade=2025-12-04 08:29  winrate=NaN  n_markets_traded=0.000  herfindahl_index_markets=0.000
14:16:27 [super]   #1425  0x07622674393cefbea76e60060f65073f98b99529  prob=0.0238 (raw=0.0025)  vol=$6,000  trades=10  first_trade=2025-12-04 13:19  winrate=0.138  n_markets_traded=29.000  herfindahl_index_markets=0.074
14:16:27 [super]   #1426  0xa81eefec9c08fa157d855f1ac5caf8feab1903dc  prob=0.0238 (raw=0.0025)  vol=$50,576  trades=18  first_trade=2025-12-04 07:51  winrate=NaN  n_markets_traded=0.000  herfindahl_index_markets=0.000
14:16:27 [super]   #1429  0xc1b399b26020a4f689108e9640fd3dc8ffc8501c  prob=0.0238 (raw=0.0025)  vol=$6,494  trades=5  first_trade=2025-12-04 03:21  winrate=NaN  n_markets_traded=0.000  herfindahl_index_markets=0.000
14:16:27 [super]   #1437  0x957eca7980eee1145348d0c66b0ae93ab5125758  prob=0.0238 (raw=0.0025)  vol=$6,607  trades=6  first_trade=2025-12-04 07:51  winrate=0.222  n_markets_traded=27.000  herfindahl_index_markets=0.099
14:16:27 [super]   #1438  0xe1b361d6a6f237b9ed7534d19b232df8369e1426  prob=0.0238 (raw=0.0025)  vol=$2,161  trades=8  first_trade=2025-12-04 07:37  winrate=NaN  n_markets_traded=0.000  herfindahl_index_markets=0.000
14:16:27 [super]   #1440  0xf434e8aee8c7f83ed0d7e36f281383ee1d99c6aa  prob=0.0238 (raw=0.0025)  vol=$4,860  trades=50  first_trade=2025-12-04 06:12  winrate=NaN  n_markets_traded=0.000  herfindahl_index_markets=0.000
14:16:27 [super]   #1447  0x122cdd9db64fd8dc3ebab813218e3effe21f821f  prob=0.0238 (raw=0.0025)  vol=$147,814  trades=11  first_trade=2025-12-04 07:56  winrate=NaN  n_markets_traded=0.000  herfindahl_index_markets=0.000
14:16:27 [super]   #1448  0x3f3bfc6d754e416699793901ffb12ddeee9f1d77  prob=0.0238 (raw=0.0025)  vol=$11,398  trades=16  first_trade=2025-12-04 05:08  winrate=NaN  n_markets_traded=0.000  herfindahl_index_markets=0.000
14:16:27 [super]   #1462  0xe732156a2d84cdfb4de831d3f11a22899e49898f  prob=0.0238 (raw=0.0025)  vol=$4,016  trades=16  first_trade=2025-12-04 05:23  winrate=NaN  n_markets_traded=0.000  herfindahl_index_markets=0.000
14:16:27 [super]   #1465  0x7a146c5e70c092d06be27097a5c770b49d0bd748  prob=0.0238 (raw=0.0025)  vol=$46,091  trades=37  first_trade=2025-12-04 06:49  winrate=NaN  n_markets_traded=0.000  herfindahl_index_markets=0.000
14:16:27 [super]   #1471  0x6179ad17cb1a48a8db80284f9b22a5bf899d6f80  prob=0.0238 (raw=0.0025)  vol=$5,685  trades=8  first_trade=2025-12-04 05:37  winrate=NaN  n_markets_traded=0.000  herfindahl_index_markets=0.000
14:16:27 [super]   #1472  0x7b75e76b13a8d792bd4ce25d76a50be61ced3fd1  prob=0.0238 (raw=0.0025)  vol=$1,645  trades=36  first_trade=2025-12-04 05:22  winrate=NaN  n_markets_traded=0.000  herfindahl_index_markets=0.000
14:16:27 [super]   #1473  0xe75ac274f6474acd10ba8846f469bcde5445d528  prob=0.0238 (raw=0.0024)  vol=$6,340  trades=2  first_trade=2025-12-04 18:27  winrate=0.364  n_markets_traded=22.000  herfindahl_index_markets=0.074
14:16:27 [super]   #1476  0x8e77537e059837d3c2ca5b4efe75e74e9498c4f3  prob=0.0238 (raw=0.0024)  vol=$4,574  trades=2  first_trade=2025-12-01 21:16  winrate=NaN  n_markets_traded=0.000  herfindahl_index_markets=0.000
14:16:27 [super]   #1478  0xf02105d60083d7d74d7e0f9785d79e06137cdf56  prob=0.0238 (raw=0.0024)  vol=$1,177  trades=7  first_trade=2025-12-04 06:37  winrate=NaN  n_markets_traded=0.000  herfindahl_index_markets=0.000
14:16:27 [super]   #1483  0x9bdb831c23e1fc7d5145d837c1462b61970ea90d  prob=0.0238 (raw=0.0024)  vol=$1,382  trades=6  first_trade=2025-12-04 08:08  winrate=0.429  n_markets_traded=156.000  herfindahl_index_markets=0.021
14:16:27 [super]   #1487  0x92e5a7768bf529531da12fbfc6c83b2cd09fd129  prob=0.0238 (raw=0.0024)  vol=$34,738  trades=15  first_trade=2025-12-04 14:23  winrate=0.374  n_markets_traded=91.000  herfindahl_index_markets=0.066
14:16:27 [super]   #1488  0x74471a007ddcc488f6d57b5e86dfb35a8d48a16d  prob=0.0238 (raw=0.0024)  vol=$44,537  trades=56  first_trade=2025-12-04 05:24  winrate=NaN  n_markets_traded=0.000  herfindahl_index_markets=0.000
14:16:27 [super]   #1489  0xc2cb0630acff784ffabb2af7a69f66bb7bcbfbf5  prob=0.0238 (raw=0.0024)  vol=$9,421  trades=2  first_trade=2025-12-05 10:41  winrate=0.610  n_markets_traded=273.000  herfindahl_index_markets=0.032
14:16:27 [super]   #1495  0x1f496a1cc840c95a1eca13f1b5bbdf983ff27458  prob=0.0238 (raw=0.0024)  vol=$1,161  trades=6  first_trade=2025-12-01 10:45  winrate=NaN  n_markets_traded=0.000  herfindahl_index_markets=0.000
14:16:27 [super]   #1497  0xa95c277f15519e5b4c6833bd9144f3a0f395517a  prob=0.0238 (raw=0.0024)  vol=$2,373  trades=8  first_trade=2025-11-28 20:51  winrate=0.283  n_markets_traded=275.000  herfindahl_index_markets=0.014
14:16:27 [super]   #1505  0x1f0134411be4df9d5003ca286f3dd9fea262548c  prob=0.0238 (raw=0.0024)  vol=$4,830  trades=5  first_trade=2025-12-05 08:26  winrate=0.242  n_markets_traded=165.000  herfindahl_index_markets=0.057
14:16:27 [super]   #1507  0x95c8499569dac8faea4f9a21c553184b4202f511  prob=0.0238 (raw=0.0024)  vol=$18,235  trades=15  first_trade=2025-12-04 07:33  winrate=NaN  n_markets_traded=0.000  herfindahl_index_markets=0.000
14:16:27 [super]   #1519  0x418ff815cfadd29aab712a09b9223e8fe9867b8f  prob=0.0238 (raw=0.0024)  vol=$2,000  trades=2  first_trade=2025-12-05 03:32  winrate=0.388  n_markets_traded=234.000  herfindahl_index_markets=0.042
14:16:27 [super]   #1522  0x651aafb35eb5afa078cf47ba63440f2bef09b898  prob=0.0238 (raw=0.0024)  vol=$9,500  trades=4  first_trade=2025-12-04 14:08  winrate=0.190  n_markets_traded=58.000  herfindahl_index_markets=0.078
14:16:27 [super]   #1524  0x225b7c9aaf6108ded29b9fda9939aa671ef6422a  prob=0.0238 (raw=0.0024)  vol=$3,923  trades=12  first_trade=2025-12-04 06:20  winrate=0.349  n_markets_traded=86.000  herfindahl_index_markets=0.049
14:16:27 [super]   #1529  0xfc013900fd8ef7232d449aa2b19b77374e0b603b  prob=0.0238 (raw=0.0024)  vol=$1,222  trades=2  first_trade=2025-12-04 06:37  winrate=NaN  n_markets_traded=0.000  herfindahl_index_markets=0.000
14:16:27 [super]   #1530  0xb17edd2dd1a681526b21ea6689170cc4a07222be  prob=0.0238 (raw=0.0024)  vol=$1,221  trades=13  first_trade=2025-12-04 05:27  winrate=NaN  n_markets_traded=0.000  herfindahl_index_markets=0.000
14:16:27 [super]   #1531  0xcb59ea1babf3b26ea50088057e427ab0ed8f0a22  prob=0.0238 (raw=0.0024)  vol=$26,664  trades=12  first_trade=2025-12-04 03:16  winrate=NaN  n_markets_traded=0.000  herfindahl_index_markets=0.000
14:16:27 [super]   #1535  0x5f390e4b7d6f06d6756a6c92afdbf7b3176aa78c  prob=0.0238 (raw=0.0024)  vol=$5,266  trades=84  first_trade=2025-11-26 20:04  winrate=NaN  n_markets_traded=0.000  herfindahl_index_markets=0.000
14:16:27 [super]   #1536  0x1ef78c6dfb563678d0fae9530940bfb2971dd00e  prob=0.0238 (raw=0.0024)  vol=$1,036  trades=8  first_trade=2025-12-04 07:50  winrate=0.438  n_markets_traded=144.000  herfindahl_index_markets=0.115
14:16:27 [super]   #1537  0x63d43bbb87f85af03b8f2f9e2fad7b54334fa2f1  prob=0.0238 (raw=0.0024)  vol=$7,977  trades=164  first_trade=2025-11-27 00:35  winrate=NaN  n_markets_traded=0.000  herfindahl_index_markets=0.000
14:16:27 [super]   #1542  0x87f4b922a7a994599213f925a78884f657e149e7  prob=0.0238 (raw=0.0024)  vol=$1,007  trades=7  first_trade=2025-12-03 03:08  winrate=0.284  n_markets_traded=358.000  herfindahl_index_markets=0.013
14:16:27 [super]   #1552  0xd218e474776403a330142299f7796e8ba32eb5c9  prob=0.0238 (raw=0.0024)  vol=$16,825  trades=341  first_trade=2025-11-27 00:35  winrate=NaN  n_markets_traded=0.000  herfindahl_index_markets=0.000
14:16:27 [super]   #1553  0x4d0121458bb2f96c6440c0f3835d675ad3ce1645  prob=0.0238 (raw=0.0024)  vol=$7,474  trades=2  first_trade=2025-12-04 07:59  winrate=NaN  n_markets_traded=0.000  herfindahl_index_markets=0.000
14:16:27 [super]   #1554  0xe41923ce5451c6b7b6ffe30ebda24c0e88ca5839  prob=0.0238 (raw=0.0024)  vol=$3,593  trades=19  first_trade=2025-12-03 23:06  winrate=0.354  n_markets_traded=79.000  herfindahl_index_markets=0.119
14:16:27 [super]   #1558  0x1d8c256b15d3cd1f5db221e70c77f552eb8d757a  prob=0.0238 (raw=0.0024)  vol=$3,407  trades=94  first_trade=2025-11-29 15:11  winrate=NaN  n_markets_traded=0.000  herfindahl_index_markets=0.000
14:16:27 [super]   #1559  0x5c163aad7e0901ffe6c9c4d42a73d3f3b8730272  prob=0.0238 (raw=0.0024)  vol=$1,335  trades=6  first_trade=2025-12-01 23:53  winrate=NaN  n_markets_traded=0.000  herfindahl_index_markets=0.000
14:16:27 [super]   #1565  0x4cc3522b689a6bf1fb4a2444c523e7776db47552  prob=0.0238 (raw=0.0024)  vol=$58,142  trades=27  first_trade=2025-12-04 08:18  winrate=NaN  n_markets_traded=0.000  herfindahl_index_markets=0.000
14:16:27 [super]   #1566  0x22e645acff2bbb2cd7a74462f8779eb6f53d409f  prob=0.0238 (raw=0.0024)  vol=$37,348  trades=64  first_trade=2025-12-03 22:16  winrate=NaN  n_markets_traded=0.000  herfindahl_index_markets=0.000
14:16:27 [super]   #1568  0x58c028e7c41ba7ef2bde2142cd371cf491661c8e  prob=0.0238 (raw=0.0024)  vol=$16,180  trades=13  first_trade=2025-12-04 03:14  winrate=NaN  n_markets_traded=0.000  herfindahl_index_markets=0.000
14:16:27 [super]   #1570  0x8e9eedf20dfa70956d49f608a205e402d9df38e4  prob=0.0238 (raw=0.0024)  vol=$73,165  trades=385  first_trade=2025-11-30 01:41  winrate=NaN  n_markets_traded=0.000  herfindahl_index_markets=0.000
14:16:27 [super]   #1576  0x7c3941fb6c074f3796af11d49a00aa92947df4f2  prob=0.0238 (raw=0.0024)  vol=$5,000  trades=2  first_trade=2025-12-06 17:02  winrate=0.330  n_markets_traded=88.000  herfindahl_index_markets=0.024
14:16:27 [super]   #1578  0x89d2d2bc1dcefb6f2940d34a6d092e60c52c6031  prob=0.0238 (raw=0.0024)  vol=$6,005  trades=17  first_trade=2025-12-04 03:49  winrate=0.393  n_markets_traded=315.000  herfindahl_index_markets=0.023
14:16:27 [super]   #1581  0xe685c62e7c103acc17e765c72e764c319593b715  prob=0.0238 (raw=0.0024)  vol=$8,256  trades=2  first_trade=2025-12-04 08:47  winrate=0.426  n_markets_traded=60.000  herfindahl_index_markets=0.046
14:16:27 [super]   #1582  0xb1a190be02cafacb6c30b98beb621503d5e2d308  prob=0.0238 (raw=0.0024)  vol=$4,198  trades=29  first_trade=2025-11-30 07:54  winrate=NaN  n_markets_traded=0.000  herfindahl_index_markets=0.000
14:16:27 [super]   #1584  0xa1ffbb2952fcd18b3b4759ccddeb7fdf90f655bd  prob=0.0238 (raw=0.0024)  vol=$47,613  trades=13  first_trade=2025-12-04 06:34  winrate=NaN  n_markets_traded=0.000  herfindahl_index_markets=0.000
14:16:27 [super]   #1585  0xd1c769317bd15de7768a70d0214cf0bbcc531d2b  prob=0.0238 (raw=0.0024)  vol=$33,925  trades=15  first_trade=2025-12-07 19:41  winrate=NaN  n_markets_traded=0.000  herfindahl_index_markets=0.000
14:16:27 [super]   #1586  0x241f846866c2de4fb67cdb0ca6b963d85e56ef50  prob=0.0238 (raw=0.0024)  vol=$342,725  trades=135  first_trade=2025-11-26 21:32  winrate=NaN  n_markets_traded=0.000  herfindahl_index_markets=0.000
14:16:27 [super]   #1587  0xecb14ac6e9ca447ce2f2912e6217b43d7b655da3  prob=0.0238 (raw=0.0024)  vol=$514,799  trades=52  first_trade=2025-12-04 03:39  winrate=NaN  n_markets_traded=0.000  herfindahl_index_markets=0.000
14:16:27 [super]   #1597  0x5185a06eeeb0184c60c89180fdc9604d488d79e6  prob=0.0238 (raw=0.0023)  vol=$1,767  trades=29  first_trade=2025-12-04 05:22  winrate=0.361  n_markets_traded=702.000  herfindahl_index_markets=0.021
14:16:27 [super]   #1598  0xca972b9bf601b72506d4c3e98bee9518a6afecce  prob=0.0238 (raw=0.0023)  vol=$4,008  trades=3  first_trade=2025-12-04 15:29  winrate=0.415  n_markets_traded=41.000  herfindahl_index_markets=0.075
14:16:27 [super]   #1599  0xec0e79eac264b1492f131f195578f727e99a1e4e  prob=0.0238 (raw=0.0023)  vol=$1,198  trades=2  first_trade=2025-12-04 09:44  winrate=0.405  n_markets_traded=37.000  herfindahl_index_markets=0.091
14:16:27 [super]   #1602  0xe8dd7741ccb12350957ec71e9ee332e0d1e6ec86  prob=0.0238 (raw=0.0023)  vol=$29,556  trades=675  first_trade=2025-11-26 21:36  winrate=NaN  n_markets_traded=0.000  herfindahl_index_markets=0.000
14:16:27 [super]   #1610  0x6ef589efb6ebf53d5efecb333b7f74615f129e19  prob=0.0238 (raw=0.0023)  vol=$12,675  trades=8  first_trade=2025-12-04 07:30  winrate=0.275  n_markets_traded=69.000  herfindahl_index_markets=0.065
14:16:27 [super]   #1614  0x72a22d4d155079da8f50c89d4c6c03b6428e7b65  prob=0.0238 (raw=0.0023)  vol=$1,389  trades=12  first_trade=2025-11-26 23:14  winrate=NaN  n_markets_traded=0.000  herfindahl_index_markets=0.000
14:16:27 [super]   #1615  0xd1acd3925d895de9aec98ff95f3a30c5279d08d5  prob=0.0238 (raw=0.0023)  vol=$15,699  trades=8  first_trade=2025-12-04 07:50  winrate=NaN  n_markets_traded=0.000  herfindahl_index_markets=0.000
14:16:27 [super]   #1616  0xa952437457ad260b8f47305ac35e4bde4d0f5ca1  prob=0.0238 (raw=0.0023)  vol=$2,250  trades=2  first_trade=2025-12-02 15:43  winrate=0.200  n_markets_traded=15.000  herfindahl_index_markets=0.098
14:16:27 [super]   #1620  0x3e2d07f78534a171852cebf009e49e8f923c4323  prob=0.0238 (raw=0.0023)  vol=$1,296  trades=3  first_trade=2025-12-04 13:26  winrate=NaN  n_markets_traded=0.000  herfindahl_index_markets=0.000
14:16:27 [super]   #1621  0x9e9ad7b5ca1c0c008b25a0fcfd7ffea62bb15d99  prob=0.0238 (raw=0.0023)  vol=$2,611  trades=2  first_trade=2025-12-03 17:38  winrate=NaN  n_markets_traded=0.000  herfindahl_index_markets=0.000
14:16:27 [super]   #1622  0xf83ec0e37ac9eece71c064507270e9001a734663  prob=0.0238 (raw=0.0023)  vol=$4,666  trades=14  first_trade=2025-12-04 06:52  winrate=NaN  n_markets_traded=0.000  herfindahl_index_markets=0.000
14:16:27 [super]   #1627  0x1e1f17412069c0736adfaadf8ee7f46e5612c855  prob=0.0238 (raw=0.0023)  vol=$121,779  trades=31  first_trade=2025-12-04 03:41  winrate=NaN  n_markets_traded=0.000  herfindahl_index_markets=0.000
14:16:27 [super]   #1629  0x2bee8765fbe3333050cd18867489817d02c39bea  prob=0.0238 (raw=0.0023)  vol=$4,059  trades=7  first_trade=2025-12-04 13:26  winrate=0.385  n_markets_traded=26.000  herfindahl_index_markets=0.210
14:16:27 [super]   #1630  0x4df7da721042bf8b75bd1cb7acbeb7f83aaf522d  prob=0.0238 (raw=0.0023)  vol=$1,574  trades=18  first_trade=2025-11-29 06:30  winrate=NaN  n_markets_traded=0.000  herfindahl_index_markets=0.000
14:16:27 [super]   #1632  0xc851cd9bee7d262afd78674f861f9f576a12cd2a  prob=0.0238 (raw=0.0023)  vol=$63,447  trades=8  first_trade=2025-11-30 11:54  winrate=NaN  n_markets_traded=0.000  herfindahl_index_markets=0.000
14:16:27 [super]   #1633  0x8f88b822c115fc168672b142a953d37d1ea4ca51  prob=0.0238 (raw=0.0023)  vol=$7,840  trades=8  first_trade=2025-12-04 23:10  winrate=NaN  n_markets_traded=0.000  herfindahl_index_markets=0.000
14:16:27 [super]   #1638  0x7024512c86291a05777d9d2cf08198a1b9954c4c  prob=0.0238 (raw=0.0023)  vol=$2,000  trades=2  first_trade=2025-12-05 01:40  winrate=NaN  n_markets_traded=0.000  herfindahl_index_markets=0.000
14:16:27 [super]   #1640  0xbb9c165825e9f233d1f611b50b193fe94513072b  prob=0.0238 (raw=0.0023)  vol=$45,429  trades=44  first_trade=2025-12-04 03:08  winrate=NaN  n_markets_traded=0.000  herfindahl_index_markets=0.000
14:16:27 [super]   #1642  0x334932d9cb8effcb325fcb898e045feffc92c0b8  prob=0.0238 (raw=0.0023)  vol=$2,733  trades=8  first_trade=2025-12-02 16:39  winrate=NaN  n_markets_traded=0.000  herfindahl_index_markets=0.000
14:16:27 [super]   #1644  0x7c3db723f1d4d8cb9c550095203b686cb11e5c6b  prob=0.0238 (raw=0.0023)  vol=$306,776  trades=71  first_trade=2025-12-04 05:17  winrate=NaN  n_markets_traded=0.000  herfindahl_index_markets=0.000
14:16:27 [super]   #1647  0x2a019dc0089ea8c6edbbafc8a7cc9ba77b4b6397  prob=0.0238 (raw=0.0023)  vol=$73,689  trades=46  first_trade=2025-12-04 06:12  winrate=NaN  n_markets_traded=0.000  herfindahl_index_markets=0.000
14:16:27 [super]   #1650  0x06dcaa14f57d8a0573f5dc5940565e6de667af59  prob=0.0238 (raw=0.0023)  vol=$29,103  trades=17  first_trade=2025-12-04 06:01  winrate=NaN  n_markets_traded=0.000  herfindahl_index_markets=0.000
14:16:27 [super]   #1655  0x40fd3f0ccba437f6b9d4b50fd85bc179943c9f9f  prob=0.0238 (raw=0.0023)  vol=$1,049  trades=4  first_trade=2025-12-05 13:33  winrate=NaN  n_markets_traded=0.000  herfindahl_index_markets=0.000
14:16:27 [super]   #1656  0x8c65645130b3e7e1d6b897b010673de3c353d11b  prob=0.0238 (raw=0.0023)  vol=$3,345  trades=6  first_trade=2025-12-04 12:13  winrate=0.154  n_markets_traded=39.000  herfindahl_index_markets=0.088
14:16:27 [super]   #1658  0xe598435df0cdf5d22bdd5082d557f75f9180a0a8  prob=0.0238 (raw=0.0023)  vol=$5,614  trades=16  first_trade=2025-12-04 05:57  winrate=NaN  n_markets_traded=0.000  herfindahl_index_markets=0.000
14:16:27 [super]   #1660  0x50b242e0b9ac75359464c5b3be62ad6b42d8c94a  prob=0.0238 (raw=0.0023)  vol=$2,348  trades=8  first_trade=2025-12-04 06:03  winrate=NaN  n_markets_traded=0.000  herfindahl_index_markets=0.000
14:16:27 [super]   #1661  0x3e4c74c94e8a9646b2e74303a2721622d0800314  prob=0.0238 (raw=0.0023)  vol=$2,580  trades=5  first_trade=2025-12-04 05:04  winrate=0.551  n_markets_traded=97.000  herfindahl_index_markets=0.048
14:16:27 [super]   #1663  0x47ae6d13566c3418c4795c98ced1f197575eee94  prob=0.0238 (raw=0.0023)  vol=$2,675  trades=4  first_trade=2025-12-04 09:39  winrate=NaN  n_markets_traded=0.000  herfindahl_index_markets=0.000
14:16:27 [super]   #1664  0x36da5ca5d1d4b79f1c2ebbb09be8c13834568218  prob=0.0238 (raw=0.0023)  vol=$25,152  trades=19  first_trade=2025-12-04 14:25  winrate=NaN  n_markets_traded=0.000  herfindahl_index_markets=0.000
14:16:27 [super]   #1666  0xe25b9180f5687aa85bd94ee309bb72a464320f1b  prob=0.0238 (raw=0.0023)  vol=$199,200  trades=28  first_trade=2025-12-04 07:58  winrate=NaN  n_markets_traded=0.000  herfindahl_index_markets=0.000
14:16:27 [super]   #1669  0xe6266639b0f2fe7019b5a04f02f60d8a13276771  prob=0.0238 (raw=0.0023)  vol=$25,948  trades=6  first_trade=2025-12-04 03:53  winrate=NaN  n_markets_traded=0.000  herfindahl_index_markets=0.000
14:16:27 [super]   #1673  0xd0394bd0de8d901c3fde039a86bf08e6aa4a2532  prob=0.0238 (raw=0.0023)  vol=$61,359  trades=21  first_trade=2025-12-04 04:57  winrate=NaN  n_markets_traded=0.000  herfindahl_index_markets=0.000
14:16:27 [super]   #1674  0x8ebfdc251c6c378d4a3a54a8f15cebfa4b9183ce  prob=0.0238 (raw=0.0023)  vol=$88,008  trades=57  first_trade=2025-12-04 22:05  winrate=NaN  n_markets_traded=0.000  herfindahl_index_markets=0.000
14:16:27 [super]   #1682  0xa5f2cb15fc98fbb231fdb2a41b501c8132979b31  prob=0.0238 (raw=0.0023)  vol=$2,287  trades=8  first_trade=2025-12-04 07:03  winrate=0.655  n_markets_traded=29.000  herfindahl_index_markets=0.130
14:16:27 [super]   #1683  0x6e8f80ca0cddb8d3f207dc5147ac0e6062ae162c  prob=0.0238 (raw=0.0023)  vol=$20,779  trades=20  first_trade=2025-12-04 04:56  winrate=NaN  n_markets_traded=0.000  herfindahl_index_markets=0.000
14:16:27 [super]   #1684  0xc4086b708cd3a50880b7069add1a1a80000f4675  prob=0.0238 (raw=0.0023)  vol=$179,859  trades=50  first_trade=2025-12-04 08:08  winrate=NaN  n_markets_traded=0.000  herfindahl_index_markets=0.000
14:16:27 [super]   #1685  0xb6fa57039ea79185895500dbd0067c288594abcf  prob=0.0238 (raw=0.0023)  vol=$8,198  trades=103  first_trade=2025-11-29 08:06  winrate=NaN  n_markets_traded=0.000  herfindahl_index_markets=0.000
14:16:27 [super]   #1689  0xcd91a549956854fdc38efad7e80ff5da8f5432b8  prob=0.0238 (raw=0.0023)  vol=$2,959  trades=96  first_trade=2025-11-27 17:02  winrate=NaN  n_markets_traded=0.000  herfindahl_index_markets=0.000
14:16:27 [super]   #1692  0x660622caad009a8cc1f38038c0913be658621338  prob=0.0238 (raw=0.0023)  vol=$49,950  trades=12  first_trade=2025-12-07 08:26  winrate=NaN  n_markets_traded=0.000  herfindahl_index_markets=0.000
14:16:27 [super]   #1693  0x39d0f1dca6fb7e5514858c1a337724a426764fe8  prob=0.0238 (raw=0.0023)  vol=$1,908  trades=9  first_trade=2025-12-04 03:22  winrate=NaN  n_markets_traded=0.000  herfindahl_index_markets=0.000
14:16:27 [super]   #1698  0xaf51a9e749c14a2b9d0589b7b1f0cc8ca8aa4b53  prob=0.0238 (raw=0.0023)  vol=$8,977  trades=7  first_trade=2025-12-04 06:18  winrate=NaN  n_markets_traded=0.000  herfindahl_index_markets=0.000
14:16:27 [super]   #1700  0x4e25605fd905e9972efc0f4d8814530c655cd7a7  prob=0.0238 (raw=0.0023)  vol=$3,254  trades=8  first_trade=2025-12-02 18:19  winrate=NaN  n_markets_traded=0.000  herfindahl_index_markets=0.000
14:16:27 [super]   #1701  0xbacd00c9080a82ded56f504ee8810af732b0ab35  prob=0.0238 (raw=0.0023)  vol=$26,690  trades=59  first_trade=2025-12-02 05:19  winrate=NaN  n_markets_traded=0.000  herfindahl_index_markets=0.000
14:16:27 [super]   #1702  0x088ffbbc6f2c0b3839d2832e75f37e1bcecbc9e7  prob=0.0238 (raw=0.0023)  vol=$20,206  trades=23  first_trade=2025-12-04 06:09  winrate=NaN  n_markets_traded=0.000  herfindahl_index_markets=0.000
14:16:27 [super]   #1704  0xd0d37f1a893871186dd1e1e41585e3056da5dfcd  prob=0.0238 (raw=0.0023)  vol=$1,192  trades=19  first_trade=2025-12-04 06:37  winrate=0.442  n_markets_traded=43.000  herfindahl_index_markets=0.050
14:16:27 [super]   #1705  0x48185887c8dc95de60ee89722f1d0ee7894cbf0b  prob=0.0238 (raw=0.0023)  vol=$39,960  trades=1  first_trade=2025-12-06 19:57  winrate=NaN  n_markets_traded=0.000  herfindahl_index_markets=0.000
14:16:27 [super]   #1706  0x69645cea639e7a19cbde6c126a197bc1abafef53  prob=0.0238 (raw=0.0023)  vol=$116,445  trades=23  first_trade=2025-12-04 03:36  winrate=NaN  n_markets_traded=0.000  herfindahl_index_markets=0.000
14:16:27 [super]   #1708  0xce66940dfe6dc18bc151d66d52a66eb2121bcc64  prob=0.0238 (raw=0.0023)  vol=$14,066  trades=6  first_trade=2025-12-04 06:50  winrate=NaN  n_markets_traded=0.000  herfindahl_index_markets=0.000
14:16:27 [super]   #1711  0x61ab8fff2d2d3b219cf0ae4246ce69c66b17790b  prob=0.0238 (raw=0.0022)  vol=$1,156  trades=15  first_trade=2025-12-04 06:40  winrate=0.537  n_markets_traded=308.000  herfindahl_index_markets=0.020
14:16:27 [super]   #1713  0xdc8d49e3317dab913726f10c75a6dff742c784bc  prob=0.0238 (raw=0.0022)  vol=$37,692  trades=56  first_trade=2025-12-02 19:44  winrate=NaN  n_markets_traded=0.000  herfindahl_index_markets=0.000
14:16:27 [super]   #1714  0xb8e69b66c2a4d26db7b602d8f170dfb46b8f9767  prob=0.0238 (raw=0.0022)  vol=$2,383  trades=2  first_trade=2025-12-06 01:42  winrate=NaN  n_markets_traded=0.000  herfindahl_index_markets=0.000
14:16:27 [super]   #1715  0xb401123e33dbbe1d575c4ee4f30c714a2819df2a  prob=0.0238 (raw=0.0022)  vol=$30,031  trades=38  first_trade=2025-12-01 08:22  winrate=NaN  n_markets_traded=0.000  herfindahl_index_markets=0.000
14:16:27 [super]   #1718  0x4b7410aefbf0f38012b0dfb1131a4de147a9e8d7  prob=0.0238 (raw=0.0022)  vol=$7,555  trades=66  first_trade=2025-12-02 13:08  winrate=NaN  n_markets_traded=0.000  herfindahl_index_markets=0.000
14:16:27 [super]   #1719  0x7e30c3a56d89edac738d788dd218a9e64fb91e50  prob=0.0238 (raw=0.0022)  vol=$272,380  trades=15  first_trade=2025-12-04 03:51  winrate=NaN  n_markets_traded=0.000  herfindahl_index_markets=0.000
14:16:27 [super]   #1720  0x7ba5354929bf388707f397c8b21b8322dc954252  prob=0.0238 (raw=0.0022)  vol=$26,901  trades=7  first_trade=2025-11-26 21:32  winrate=NaN  n_markets_traded=0.000  herfindahl_index_markets=0.000
14:16:27 [super]   #1721  0x7df61ca342c9b53ba9b4c60745718ed48a77ac3b  prob=0.0238 (raw=0.0022)  vol=$1,854  trades=12  first_trade=2025-12-03 00:58  winrate=NaN  n_markets_traded=0.000  herfindahl_index_markets=0.000
14:16:27 [super]   #1722  0x426dd307ce9357c064a642f6343c4ab674d0a4f5  prob=0.0238 (raw=0.0022)  vol=$2,505  trades=6  first_trade=2025-12-04 14:07  winrate=0.333  n_markets_traded=15.000  herfindahl_index_markets=0.102
14:16:27 [super]   #1723  0xc25427ea224b8f9fa2df801233f944006ed33f73  prob=0.0238 (raw=0.0022)  vol=$214,028  trades=96  first_trade=2025-11-26 19:19  winrate=NaN  n_markets_traded=0.000  herfindahl_index_markets=0.000
14:16:27 [super]   #1724  0x0dde1b35552efae5aa3759aedb6fa7b2d6f594c3  prob=0.0238 (raw=0.0022)  vol=$15,834  trades=94  first_trade=2025-11-30 07:12  winrate=NaN  n_markets_traded=0.000  herfindahl_index_markets=0.000
14:16:27 [super]   #1725  0xff76de0257c2443434b1efcbc74176d1fe7a96c3  prob=0.0238 (raw=0.0022)  vol=$1,006  trades=4  first_trade=2025-12-05 07:07  winrate=0.235  n_markets_traded=268.000  herfindahl_index_markets=0.008
14:16:27 [super]   #1726  0x6828e04b468e17d92fa1e5d60d59290278a81056  prob=0.0238 (raw=0.0022)  vol=$23,739  trades=39  first_trade=2025-12-04 07:32  winrate=NaN  n_markets_traded=0.000  herfindahl_index_markets=0.000
14:16:27 [super]   #1727  0x2c3928af89565c352afe8e2a1b25deed77a056dc  prob=0.0238 (raw=0.0022)  vol=$17,771  trades=7  first_trade=2025-12-04 03:24  winrate=NaN  n_markets_traded=0.000  herfindahl_index_markets=0.000
14:16:27 [super]   #1728  0x0523ff55bd7525d5fbda5c77f80f61662db4e38b  prob=0.0238 (raw=0.0022)  vol=$34,697  trades=46  first_trade=2025-12-04 03:39  winrate=NaN  n_markets_traded=0.000  herfindahl_index_markets=0.000
14:16:27 [super]   #1729  0x6a13a9864a8e53c815cf1adb6026a0f35e3d4593  prob=0.0238 (raw=0.0022)  vol=$1,996  trades=2  first_trade=2025-12-04 09:52  winrate=NaN  n_markets_traded=0.000  herfindahl_index_markets=0.000
14:16:27 [super]   #1730  0x1c1e841584db14084e10e7dca2ad0ab7b60dbfe7  prob=0.0238 (raw=0.0022)  vol=$15,965  trades=11  first_trade=2025-12-04 12:13  winrate=NaN  n_markets_traded=0.000  herfindahl_index_markets=0.000
14:16:27 [super]   #1731  0xcd71fd5370880f3d92bb941e628c05840fe0d127  prob=0.0238 (raw=0.0022)  vol=$47,674  trades=12  first_trade=2025-12-04 12:58  winrate=NaN  n_markets_traded=0.000  herfindahl_index_markets=0.000
14:16:27 [super]   #1732  0xfcfbf76b6f8a3787152e05f2bb70cd36f4ab1f69  prob=0.0238 (raw=0.0022)  vol=$10,757  trades=8  first_trade=2025-12-04 06:48  winrate=0.397  n_markets_traded=63.000  herfindahl_index_markets=0.057
14:16:27 [super]   #1733  0xd6321c049c527e8a622d6aa35f514ae74f798afb  prob=0.0238 (raw=0.0022)  vol=$2,192  trades=8  first_trade=2025-12-04 08:01  winrate=NaN  n_markets_traded=0.000  herfindahl_index_markets=0.000
14:16:27 [super]   #1735  0x5188fa0e8a77e87bc6a58e6781fdfc4e165cc804  prob=0.0238 (raw=0.0022)  vol=$1,893  trades=16  first_trade=2025-12-01 01:03  winrate=NaN  n_markets_traded=0.000  herfindahl_index_markets=0.000
14:16:27 [super]   #1739  0x6ffb4354cbe6e0f9989e3b55564ec5fb8646a834  prob=0.0238 (raw=0.0022)  vol=$15,895  trades=32  first_trade=2025-12-04 03:22  winrate=NaN  n_markets_traded=0.000  herfindahl_index_markets=0.000
14:16:27 [super]   #1740  0xb3fe2aeb7f5c6a2dc0cb3d9dbb009fa7c7b54a24  prob=0.0238 (raw=0.0022)  vol=$5,095  trades=7  first_trade=2025-12-04 07:16  winrate=NaN  n_markets_traded=0.000  herfindahl_index_markets=0.000
14:16:27 [super]   #1743  0x7b676d5a6379855773d405fcf19b9aa577651b07  prob=0.0238 (raw=0.0022)  vol=$44,415  trades=7  first_trade=2025-11-26 21:32  winrate=NaN  n_markets_traded=0.000  herfindahl_index_markets=0.000
14:16:27 [super]   #1744  0xea8ee311382139d952087a669252252625663de0  prob=0.0238 (raw=0.0022)  vol=$449,226  trades=381  first_trade=2025-12-04 03:53  winrate=NaN  n_markets_traded=0.000  herfindahl_index_markets=0.000
14:16:27 [super]   #1745  0x79add3f87e377b0899b935472c07d2c3816ba9f1  prob=0.0238 (raw=0.0022)  vol=$52,917  trades=13  first_trade=2025-12-04 06:39  winrate=NaN  n_markets_traded=0.000  herfindahl_index_markets=0.000
14:16:27 [super]   #1746  0xa18d9584e5dbe2f7e38e585fc54e688e5d8ab16a  prob=0.0238 (raw=0.0022)  vol=$1,055  trades=43  first_trade=2025-12-04 06:12  winrate=NaN  n_markets_traded=0.000  herfindahl_index_markets=0.000
14:16:27 [super]   #1747  0x108d30065a573f9d2fb06e05ca140810f453508a  prob=0.0238 (raw=0.0022)  vol=$12,136  trades=16  first_trade=2025-12-04 06:14  winrate=0.418  n_markets_traded=289.000  herfindahl_index_markets=0.015
14:16:27 [super]   #1748  0x713f81c54bcea95b8bb0f35a03cfa758aef822cc  prob=0.0238 (raw=0.0022)  vol=$2,297  trades=15  first_trade=2025-12-04 03:24  winrate=0.390  n_markets_traded=135.000  herfindahl_index_markets=0.021
14:16:27 [super]   #1749  0xd25b8718f61fb64a754356ad8cf16b5579f59f3d  prob=0.0238 (raw=0.0022)  vol=$3,952  trades=11  first_trade=2025-12-04 07:32  winrate=NaN  n_markets_traded=0.000  herfindahl_index_markets=0.000
14:16:27 [super]   #1751  0x69aa9fa621403e3a121b29ad77d32ba9eb5e8847  prob=0.0238 (raw=0.0022)  vol=$274,757  trades=35  first_trade=2025-12-04 11:29  winrate=NaN  n_markets_traded=0.000  herfindahl_index_markets=0.000
14:16:27 [super]   #1752  0x6c16abad96d6989efe1b0333cb9af9158f548bfa  prob=0.0238 (raw=0.0022)  vol=$19,001  trades=122  first_trade=2025-12-04 04:51  winrate=NaN  n_markets_traded=0.000  herfindahl_index_markets=0.000
14:16:27 [super]   #1753  0xbc7c974eea213c5d59ccc93c8b1aa7c76d95c08e  prob=0.0238 (raw=0.0022)  vol=$2,053  trades=8  first_trade=2025-12-04 06:06  winrate=0.302  n_markets_traded=152.000  herfindahl_index_markets=0.021
14:16:27 [super]   #1754  0x4bf459194025b2ca11a2db2deb9ef2a08c467021  prob=0.0238 (raw=0.0022)  vol=$11,485  trades=10  first_trade=2025-12-04 11:22  winrate=NaN  n_markets_traded=0.000  herfindahl_index_markets=0.000
14:16:27 [super]   #1757  0x847667d84fc4d81db36689c4f4c5845c8d125418  prob=0.0238 (raw=0.0022)  vol=$30,183  trades=23  first_trade=2025-12-05 01:16  winrate=NaN  n_markets_traded=0.000  herfindahl_index_markets=0.000
14:16:27 [super]   #1759  0xdd572169e741c72227589c5cb56b9ddd638d694d  prob=0.0238 (raw=0.0022)  vol=$40,439  trades=5  first_trade=2025-12-04 04:47  winrate=NaN  n_markets_traded=0.000  herfindahl_index_markets=0.000
14:16:27 [super]   #1760  0xa61ef8773ec2e821962306ca87d4b57e39ff0abd  prob=0.0238 (raw=0.0022)  vol=$11,951  trades=5  first_trade=2025-12-04 03:51  winrate=NaN  n_markets_traded=0.000  herfindahl_index_markets=0.000
14:16:27 [super]   #1761  0x01ed5c64d1d8905afd7917d75a5652665f5cca5f  prob=0.0238 (raw=0.0022)  vol=$6,790  trades=32  first_trade=2025-12-04 03:34  winrate=NaN  n_markets_traded=0.000  herfindahl_index_markets=0.000
14:16:27 [super]   #1763  0x357ecb1969b0a288d37e6a28223e620ef2082a0c  prob=0.0238 (raw=0.0022)  vol=$134,997  trades=35  first_trade=2025-12-04 03:24  winrate=NaN  n_markets_traded=0.000  herfindahl_index_markets=0.000
14:16:27 [super]   #1765  0x9e8077593bf0a6fd63f988dcf589f7558897f694  prob=0.0238 (raw=0.0022)  vol=$35,919  trades=34  first_trade=2025-12-04 22:31  winrate=NaN  n_markets_traded=0.000  herfindahl_index_markets=0.000
14:16:27 [super]   #1766  0x24ded84d901a743cfee095f8082b0f9f647183cb  prob=0.0238 (raw=0.0022)  vol=$165,534  trades=21  first_trade=2025-12-04 03:43  winrate=NaN  n_markets_traded=0.000  herfindahl_index_markets=0.000
14:16:27 [super]   #1767  0x819e6a947c9fa591a8cf41b2dac86793f114e967  prob=0.0238 (raw=0.0022)  vol=$1,371  trades=8  first_trade=2025-12-04 08:00  winrate=0.353  n_markets_traded=122.000  herfindahl_index_markets=0.069
14:16:27 [super]   #1768  0x26519b477f1cd031919e18f33fd8d3fcb48c3471  prob=0.0238 (raw=0.0022)  vol=$1,599  trades=10  first_trade=2025-12-04 08:00  winrate=NaN  n_markets_traded=0.000  herfindahl_index_markets=0.000
14:16:27 [super]   #1771  0xd5b97d08ec6098407bfbf66c2786ccc9967fe44e  prob=0.0238 (raw=0.0022)  vol=$30,874  trades=17  first_trade=2025-12-04 10:23  winrate=NaN  n_markets_traded=0.000  herfindahl_index_markets=0.000
14:16:27 [super]   #1772  0x34026514e0bda25f0f9fbb053fe3070cdc8c9446  prob=0.0238 (raw=0.0021)  vol=$133,135  trades=14  first_trade=2025-12-04 20:46  winrate=NaN  n_markets_traded=0.000  herfindahl_index_markets=0.000
14:16:27 [super]   #1774  0xf1f9a438f2697381b4ac8eb283d6f4dd772d1245  prob=0.0238 (raw=0.0021)  vol=$7,778  trades=12  first_trade=2025-12-04 05:11  winrate=NaN  n_markets_traded=0.000  herfindahl_index_markets=0.000
14:16:27 [super]   #1775  0xeec50edede5d961efb02e20bfd3275dd1e7fb6fe  prob=0.0238 (raw=0.0021)  vol=$11,728  trades=42  first_trade=2025-12-04 03:44  winrate=NaN  n_markets_traded=0.000  herfindahl_index_markets=0.000
14:16:27 [super]   #1776  0x57b00c3ccef1b6bd6962fb9ca463c4e0b38e76f4  prob=0.0238 (raw=0.0021)  vol=$14,111  trades=42  first_trade=2025-12-04 05:29  winrate=NaN  n_markets_traded=0.000  herfindahl_index_markets=0.000
14:16:27 [super]   #1779  0xeae3266903f9ddfe0fdff73febe6b5a70762d912  prob=0.0238 (raw=0.0021)  vol=$1,677  trades=4  first_trade=2025-12-04 09:45  winrate=0.325  n_markets_traded=40.000  herfindahl_index_markets=0.130
14:16:27 [super]   #1780  0x8b203cda6a48baee7d7b0f2c07cf6add26e038ff  prob=0.0238 (raw=0.0021)  vol=$19,613  trades=17  first_trade=2025-12-04 06:19  winrate=0.113  n_markets_traded=194.000  herfindahl_index_markets=0.136
14:16:27 [super]   #1781  0x4d1bcbaeed22c6da173b1a356c3c6d2270081419  prob=0.0238 (raw=0.0021)  vol=$3,741  trades=12  first_trade=2025-12-04 06:23  winrate=NaN  n_markets_traded=0.000  herfindahl_index_markets=0.000
14:16:27 [super]   #1782  0x5117df52aeb1ff172837862f4984e430cc7649b3  prob=0.0238 (raw=0.0021)  vol=$2,394  trades=13  first_trade=2025-12-04 06:40  winrate=0.442  n_markets_traded=112.000  herfindahl_index_markets=0.052
14:16:27 [super]   #1785  0xc781e8dd03946230f2f32ab36077998bcb4a59d7  prob=0.0238 (raw=0.0021)  vol=$9,810  trades=6  first_trade=2025-12-04 03:37  winrate=NaN  n_markets_traded=0.000  herfindahl_index_markets=0.000
14:16:27 [super]   #1786  0x562bc8068347268d9a69b8dd464d00eed0f9dc09  prob=0.0238 (raw=0.0021)  vol=$6,250  trades=37  first_trade=2025-12-04 05:03  winrate=NaN  n_markets_traded=0.000  herfindahl_index_markets=0.000
14:16:27 [super]   #1787  0x61d0aceed741417e9b7ea45bcb7bf0295c8d1d86  prob=0.0238 (raw=0.0021)  vol=$110,836  trades=43  first_trade=2025-12-04 06:09  winrate=NaN  n_markets_traded=0.000  herfindahl_index_markets=0.000
14:16:27 [super]   #1788  0xef284c61a9a90842cbac8408cc067f89f7912d50  prob=0.0238 (raw=0.0021)  vol=$2,000  trades=4  first_trade=2025-12-04 10:47  winrate=0.256  n_markets_traded=164.000  herfindahl_index_markets=0.035
14:16:27 [super]   #1790  0x17a573d7c137026be0c86ac13b539154155fe00a  prob=0.0238 (raw=0.0021)  vol=$22,455  trades=62  first_trade=2025-12-04 03:22  winrate=NaN  n_markets_traded=0.000  herfindahl_index_markets=0.000
14:16:27 [super]   #1792  0xdacf9f8d0341fa3770fae5c7ccd9dcfed23e3c74  prob=0.0238 (raw=0.0021)  vol=$1,272  trades=22  first_trade=2025-12-04 05:44  winrate=NaN  n_markets_traded=0.000  herfindahl_index_markets=0.000
14:16:27 [super]   #1793  0x44afef32248bf8198f2d456a990464e69a1ec7dd  prob=0.0238 (raw=0.0021)  vol=$1,597  trades=10  first_trade=2025-12-04 08:15  winrate=0.441  n_markets_traded=563.000  herfindahl_index_markets=0.020
14:16:27 [super]   #1794  0xc4d1a863e9cc45d02ba22d3a1ae9ba7822018ce8  prob=0.0238 (raw=0.0021)  vol=$283,495  trades=41  first_trade=2025-12-04 05:44  winrate=NaN  n_markets_traded=0.000  herfindahl_index_markets=0.000
14:16:27 [super]   #1796  0xc02356284def0c089d0ae810420ef5425865ccf8  prob=0.0238 (raw=0.0021)  vol=$5,689  trades=17  first_trade=2025-12-03 11:26  winrate=0.371  n_markets_traded=87.000  herfindahl_index_markets=0.147
14:16:27 [super]   #1799  0x22fb05fc74d637aa9d6601cd8a373c04cb69d7d6  prob=0.0238 (raw=0.0021)  vol=$5,843  trades=12  first_trade=2025-12-04 07:13  winrate=NaN  n_markets_traded=0.000  herfindahl_index_markets=0.000
14:16:27 [super]   #1800  0xf4d0b62bafd9c9bf1b4b1d9ff849568ea3be4637  prob=0.0238 (raw=0.0021)  vol=$9,468  trades=13  first_trade=2025-12-05 10:17  winrate=NaN  n_markets_traded=0.000  herfindahl_index_markets=0.000
14:16:27 [super]   #1801  0x43440ab002eaac9fede6f9d21bea96d84228f90d  prob=0.0238 (raw=0.0021)  vol=$4,435  trades=2  first_trade=2025-12-04 19:30  winrate=NaN  n_markets_traded=0.000  herfindahl_index_markets=0.000
14:16:27 [super]   #1802  0xf164b5ed2724c4b1af8b5e08199ca679647cb99c  prob=0.0238 (raw=0.0021)  vol=$7,294  trades=13  first_trade=2025-12-04 07:56  winrate=0.352  n_markets_traded=54.000  herfindahl_index_markets=0.067
14:16:27 [super]   #1803  0x49b5ea600756e252050dd18aaba8317724f9d249  prob=0.0238 (raw=0.0021)  vol=$3,389  trades=3  first_trade=2025-12-04 13:20  winrate=NaN  n_markets_traded=0.000  herfindahl_index_markets=0.000
14:16:27 [super]   #1806  0x98ec089d1d8ad2bf49ba18bf5ad3773085698fd6  prob=0.0238 (raw=0.0021)  vol=$2,004  trades=4  first_trade=2025-12-04 08:53  winrate=0.218  n_markets_traded=110.000  herfindahl_index_markets=0.027
14:16:27 [super]   #1807  0x73d225c851df25d73b14846a370bdeef9434f9b7  prob=0.0238 (raw=0.0021)  vol=$2,230  trades=18  first_trade=2025-12-03 16:11  winrate=NaN  n_markets_traded=0.000  herfindahl_index_markets=0.000
14:16:27 [super]   #1811  0xa45cdb0a5ba4629b5c7860dc3f310978a4dd1d10  prob=0.0238 (raw=0.0020)  vol=$55,124  trades=32  first_trade=2025-12-04 06:34  winrate=NaN  n_markets_traded=0.000  herfindahl_index_markets=0.000
14:16:27 [super]   #1815  0x12d6cccfc7470a3f4bafc53599a4779cbf2cf2a8  prob=0.0238 (raw=0.0020)  vol=$27,190  trades=9  first_trade=2025-12-05 09:25  winrate=NaN  n_markets_traded=0.000  herfindahl_index_markets=0.000
14:16:27 [super]   #1818  0xcdb1f1ef8213c06911e4ba6a884176c5571e276c  prob=0.0238 (raw=0.0020)  vol=$24,332  trades=58  first_trade=2025-12-04 05:21  winrate=NaN  n_markets_traded=0.000  herfindahl_index_markets=0.000
14:16:27 [super]   #1819  0x438ed5bed99bc6b517e9b5a22ad3ee9e21d9e08e  prob=0.0238 (raw=0.0020)  vol=$78,643  trades=24  first_trade=2025-12-04 06:25  winrate=NaN  n_markets_traded=0.000  herfindahl_index_markets=0.000
14:16:27 [super]   #1820  0xfd2b05928e63a513efda1e60d6d925b271e29ff9  prob=0.0238 (raw=0.0020)  vol=$16,829  trades=6  first_trade=2025-12-04 08:53  winrate=NaN  n_markets_traded=0.000  herfindahl_index_markets=0.000
14:16:27 [super]   #1823  0xb7e90681f15a36e24591baf24645f84726b6bdac  prob=0.0238 (raw=0.0020)  vol=$10,679  trades=10  first_trade=2025-12-04 09:05  winrate=NaN  n_markets_traded=0.000  herfindahl_index_markets=0.000
14:16:27 [super]   #1824  0x9c761f02a05b252b02a4e288694288c448808d1c  prob=0.0238 (raw=0.0020)  vol=$1,499  trades=4  first_trade=2025-12-04 20:37  winrate=NaN  n_markets_traded=0.000  herfindahl_index_markets=0.000
14:16:27 [super]   #1825  0x2200b75c27835935a40308779b5656c09ab40f2d  prob=0.0238 (raw=0.0020)  vol=$1,274  trades=7  first_trade=2025-12-04 06:05  winrate=NaN  n_markets_traded=0.000  herfindahl_index_markets=0.000
14:16:27 [super]   #1826  0x3764e839f3d535e3c283f7c3f0fabd6f13db9d7e  prob=0.0238 (raw=0.0020)  vol=$2,548  trades=6  first_trade=2025-12-05 03:00  winrate=0.286  n_markets_traded=54.000  herfindahl_index_markets=0.066
14:16:27 [super] ============================================================
