wallet,pred_prob,pred_prob_raw,flagged,volume,n_trades,first_trade_ts,adaptive_markout_raw_grosswt_h0p070,unrealized_edge_per_open_token,adaptive_markout_raw_grosswt_h0p010,adaptive_markout_raw_grosswt_h0p150,unrealized_edge_per_open_token_sqrt,buy_markout_adj_grosswt_h0p070_lb0p150,adaptive_markout_raw_grosswt_h0p200,buy_markout_adj_grosswt_h0p030_lb0p200,high_sell_nonflattening_cash_frac_pctl90,realized_pnl_per_closing_trade,adaptive_plus_realized_alpha0p25_h0p030,buy_markout_adj_grosswt_h0p030_lb0p010,adaptive_plus_realized_alpha0p5_h0p070,buy_markout_adj_mean_h0p200_lb0p030,buy_markout_adj_mean_h0p200_lb0p200,sell_markout_adj_median_h0p150_lb0p010,n_distinct_buy_days,major_move_time_remaining_pct,time_to_major_move_pct_of_market,adaptive_markout_raw_grosswt_h0p030,herfindahl_index_markets,median_bet_size_usdc,time_since_first_deposit_to_first_trade_seconds,wallet_age_seconds,wallet_to_market_age_ratio,avg_bet_size_usdc,wallet_minus_market_age_seconds,funder_flagged_wallet_count,winrate,n_markets_traded
0x1225b11216449593359c7e50bdeb2325f4e72ebf,0.3235366184655471,0.6241156,1,260.929,2,1779684311,0.4625779585375902,0.46593366437547823,0.4625779585375902,0.4625779585375902,0.6682289337515522,0.0,0.4625779585375902,0.0,0.0,,0.4625779585375902,0.0,0.4625779585375902,,,0.09635594728389224,0,0.4295547181782733,,0.4625779585375902,0.6014716180075956,65.241,277009.0,277009.0,0.5132381495864584,141.65817536363636,-262719.0,0.0,0.7142857142857143,6.0
0x9085a056450ed2d21d00cb6560c548fa2bdd9322,0.2525192255944915,0.5428391,1,3.108,1,1779675056,0.4932887581694791,0.49664446400736706,0.4932887581694791,0.4932887581694791,0.4966444640073671,0.0,0.4932887581694791,0.0,0.0,,0.4932887581694791,0.0,0.4932887581694791,,,-0.03891769251008603,0,0.4295547181782733,,0.4932887581694791,,,,,,,,,,
0x64d7f8a283c5f086dbc1fee0e096872ff1adb1e6,0.2402906688233353,0.5274408,1,233.32946,1,1779662009,0.8296868525700074,0.8330425584078954,0.8296868525700074,0.8296868525700074,0.8330425584078954,0.0,0.8296868525700074,0.0,1.0,,0.8296868525700074,0.0,0.8296868525700074,,,0.24781464839385556,0,0.4295547181782733,,0.8296868525700074,0.8781730705047702,302.5,,,,752.4844961818181,,,0.6666666666666666,3.0
0x9392e82967120c7614d3012405dfd48d95695dfd,0.1591813660888836,0.4074519,1,10.782599000000001,2,1779758720,1.8081038816287056e-05,1.8482839624481053e-05,1.8081038816287056e-05,1.8081038816287056e-05,0.002925606156641939,0.0,1.8081038816287056e-05,0.0,0.0,0.7830001059915394,0.05664336458875801,0.0,0.11326864813869973,,,0.10312225836884621,1,0.4295547181782733,-0.27424189922455006,1.8081038816287056e-05,0.2814090984875784,15.5843205,-1921466.0,-1921466.0,-3.1287253495555554,78.25309066666665,-2535603.0,0.0,0.4,10.0
0x942a9306a554ab0b94d079dd60a6df7ad702aedc,0.12441063962206488,0.34036088,1,50.05,2,1779813229,0.0,0.0,0.0,0.0,0.0,0.0,0.0,0.0,0.0,1.8979999999999988,0.030620815770724473,0.0,0.061241631541448946,,,0.059778415382553254,1,0.4295547181782733,-0.3174425729869978,0.0,0.4475812150638258,0.165,-996254.0,-996254.0,-1.4899573167266387,85.91030743724697,-1664900.0,0.0,0.35,20.0
0x8ef84590d9547d286f3f5268ab3ab905bd042c75,0.12123921355069513,0.3334788,1,390.42478700000004,2,1779750638,2.6825419130848744e-06,7.554599890474401e-06,2.6825419130848744e-06,2.6825419130848744e-06,0.0018425033241019721,0.0,2.6825419130848744e-06,0.0,0.0,10.431181261193657,0.01994808721497229,0.0,0.0398934918880315,,,0.11850715916173933,1,0.4295547181782733,-0.06111070721452668,2.6825419130848744e-06,0.8272770910911975,994.999998,,,,994.999998,,,0.0,2.0
0x131700aafaa836829c2eb8247c8c7671de457681,0.11322030408596263,0.31535724,1,40.11291,7,1779659638,0.8738539755102226,0.8772096813481105,0.8738539755102226,0.8738539755102226,2.260973774368754,0.0,0.8738539755102226,0.0,1.0,,0.8738539755102226,0.0,0.8738539755102226,,,0.2977538125502965,0,0.4295547181782733,,0.8738539755102226,0.10611736984931676,5.3535,-131737.0,-131737.0,-0.25577268447059054,28.228835303643724,-646792.0,0.0,0.6521739130434783,23.0
0xa57ad093ce791502886541ecd672906302f5bbed,0.1076541169946033,0.30210882,1,2.981,4,1779816743,0.10032753527677807,0.10368324111466606,0.10032753527677807,0.10032753527677807,0.23430292413475343,0.0,0.10032753527677807,0.0,0.0,,0.10032753527677807,0.0,0.10032753527677807,,,0.04860669391999409,0,0.4295547181782733,,0.10032753527677807,0.5209201702372963,1.061239,326620.0,326620.0,0.48592597000714116,8.65439274025974,-345540.0,0.0,0.4583333333333333,48.0
0xe617861a96631d7cefdb1ad43e95c33b5946f251,0.1058285711437698,0.29763263,1,999.999999,1,1779796815,0.2601319690833815,0.26348767492126945,0.2601319690833815,0.2601319690833815,0.26348767492126945,0.0,0.2601319690833815,0.0,0.0,,0.2601319690833815,0.0,0.2601319690833815,,,0.0672690099716962,0,0.4295547181782733,,0.2601319690833815,0.002767023856492846,999.999976,10010371.0,10010371.0,15.347868549841161,1426.8844176686548,9358139.0,0.0,0.8520710059171598,952.0
0x4fc87f3a06fbd8484cc081b9175d109484fd43e4,0.10543179882936428,0.29665077,1,0.4797,1,1779661565,0.8221479302824655,0.8255036361203535,0.8221479302824655,0.8221479302824655,0.8255036361203535,0.0,0.8221479302824655,0.0,1.0,,0.8221479302824655,0.0,0.8221479302824655,,,0.2506700452245374,0,0.4295547181782733,,0.8221479302824655,0.09220203381350314,1.930785,-332816.0,-332816.0,-0.643767094405608,1.9356113152173917,-849798.0,0.0,0.2692307692307692,26.0
0xa2c81bfb1fa955e333db3e855af2c3d87b879ca4,0.0838852486793336,0.23764,0,647.83991,10,1779936186,-0.01424721050222203,-0.01760291634011002,-0.01424721050222203,-0.01424721050222203,-0.044062293787015434,-0.0042518427368172145,-0.01424721050222203,0.03868385473138495,0.0,,-0.01424721050222203,0.026854360345702252,-0.01424721050222203,-0.022234380704701552,-0.0131906423310129,,2,0.4295547181782733,-0.17696555748271925,-0.01424721050222203,0.737598569039763,3.8642845,-18030.0,-18030.0,-0.02277656855772401,39.4740805,-809633.0,0.0,0.14285714285714285,7.0
0x4572a4504e75121d9a9c18ad5b2be1c73105fdfb,0.07350349324207314,0.20411865,0,5.592,2,1779934882,0.0018228526632854147,-0.009114262769571302,-0.005468557661742781,-0.0018517557040091245,-0.012366241301198226,0.010802469506172849,-0.007291392436141242,0.012397901346449205,0.0,-0.888,-0.0006680302447968759,0.00014731922398588895,0.0006732127003053982,-0.028332462884753967,-0.015523167539868165,,1,0.4295547181782733,-0.17573435480353158,-9.321026330686768e-05,0.23652712603350576,1.1268,-1533.0,-1533.0,-0.0019397721621816552,4.404012346938775,-791832.0,0.0,0.19230769230769232,24.0
0xa0bcd471677aad4e911c441252fbfd63d7f77c8c,0.0709529574992588,0.19521965,0,108.14622,1,1779669841,0.7307683824403788,0.7341240882782668,0.7307683824403788,0.7307683824403788,0.7341240882782668,0.0,0.7307683824403788,0.0,1.0,,0.7307683824403788,0.0,0.7307683824403788,,,0.08533106506096225,0,0.4295547181782733,,0.7307683824403788,0.0970487601581601,5.5201845,198940.0,198940.0,0.3787472061348899,30.994078861111106,-326318.0,0.0,0.6444444444444445,45.0
0x515e2144bf38402568979db4ea7f6b64636c8309,0.06701340894880833,0.1808756,0,27614.733340000002,6,1779755773,-0.0037920613832268806,-0.00392322048990805,-0.0037920613832268806,-0.0037920613832268806,-0.019844283983042093,0.0,-0.0037920613832268806,0.0,0.0,1025.6795497361948,0.052590311262196925,0.0,0.10897268390762073,,,0.18098572017235146,1,0.4295547181782733,-0.16325804176458536,-0.0037920613832268806,0.0,0.0,-830057.0,-830057.0,-1.3580997725748132,0.0,-1441247.0,0.0,,0.0
0xac3439f50068dbb21c7482f34e477a6daf5c3949,0.066194192060088,0.17779486,0,0.4878,1,1779890805,0.06375841091986433,0.0671141167577523,0.06375841091986433,0.06375841091986433,0.0671141167577523,0.0,0.06375841091986433,0.0,0.0,,0.06375841091986433,0.0,0.06375841091986433,,,0.013999982733855852,0,0.4295547181782733,,0.06375841091986433,0.2095672512931513,5.241489,16345.0,16345.0,0.021903669417411977,8.46975597142857,-729877.0,0.0,0.2857142857142857,14.0
0x9fbee8cf888926ae78b6061985938d8ecf85a4df,0.06106691946371728,0.15766643,0,82.2107,4,1779921630,-5.211519429435641e-17,0.00046487217190504875,-5.211519429435641e-17,-5.211519429435641e-17,0.0012489892958441504,0.004216240918255679,-5.211519429435641e-17,0.003968788405207297,0.0,-53.945,-0.0016010885227046676,-0.0014727097946713957,-0.003202177045409283,-0.14661334892531933,-0.1330653042688468,,2,0.4295547181782733,-0.1632221631589035,-5.211519429435641e-17,,,,,,,,,,
0xaa4c00ca99d79cf3b2f37c2a8d2e34931e687bfd,0.0609203248592159,0.15706804,0,627.97455,2,1779824252,-2.6398314746039492e-08,-6.435620683237253e-08,-2.6398314746039492e-08,-2.6398314746039492e-08,-0.00011716225532571118,-0.16471016345612663,-2.6398314746039492e-08,-0.06587912225696864,0.0,-162.02521164054068,-0.010936584214875842,-0.06782912284532444,-0.021873142031436938,-0.47614451683377884,-0.4786689297370046,,1,0.4295547181782733,-0.07128040357766349,-2.6398314746039492e-08,0.020523312823769024,54.033489,-441282.0,-441282.0,-0.6492601545752418,191.7626518730692,-1120951.0,0.0,0.25196850393700787,127.0
0x6ee9bd34274d7d4a1921c0d90744f931260ad2e0,0.06028087395170646,0.15444201,0,10.552098,2,1779690501,1.0567432554847467e-05,1.1101141192453402e-05,1.0567432554847467e-05,1.0567432554847467e-05,0.001968305266453152,0.0,1.0567432554847467e-05,0.0,0.0,0.5524200799949112,0.04153611226077194,0.0,0.08306165708898902,,,-0.008774377844488269,1,0.4295547181782733,-0.17596473321896242,1.0567432554847467e-05,0.009485858107751207,4.999999,-2422549.0,-2422549.0,-4.437569378551357,4.423600848888889,-2968467.0,0.0,0.4378698224852071,169.0
0x360c59857b8f2a83348b55a908909d11937c4343,0.05684059069590303,0.13984953,0,1.0,1,1780108530,3.7546879935691643e-16,-0.0033557058378876157,3.7546879935691643e-16,3.7546879935691643e-16,-0.0033557058378876157,-1.1015494072452726e-17,3.7546879935691643e-16,0.00039071303180769715,0.0,,3.7546879935691643e-16,2.6020852139652105e-19,3.7546879935691643e-16,8.841018195315797e-16,0.00039071303180859227,,1,0.4295547181782733,-0.33968825268357805,3.7546879935691643e-16,0.2500402723754161,1.02997,32732.0,32732.0,0.03395622373429245,1.0224775,-931215.0,0.0,0.0,4.0
0x8ae64217e765a0e85f748bc5d42c1ef77fcf0f9a,0.05480169161014226,0.13080461,0,161.6096,2,1779829267,-0.02151999703317825,-0.02324721353511817,-0.02151999703317825,-0.02151999703317825,-0.03240331608352075,0.0,-0.02151999703317825,0.0,0.0,1.021625951141374,-0.01632091276204905,0.0,-0.011121828490919845,,,0.022447032017256216,1,0.4295547181782733,-0.19973619783085503,-0.02151999703317825,0.0050307250859508885,49.0392,-1897221.0,-1897221.0,-2.7709439683123893,47.46245674327122,-2581905.0,0.0,0.9281045751633987,306.0
0xbe26c8868e635e662d08a2c0fe2178581d96cc0f,0.05470262653338248,0.13035712,0,2.999998,1,1779748757,0.3221478321520462,0.3255035379899342,0.3221478321520462,0.3221478321520462,0.3255035379899342,0.0,0.3221478321520462,0.0,0.0,,0.3221478321520462,0.0,0.3221478321520462,,,0.06836528927327357,0,0.4295547181782733,,0.3221478321520462,1.0,3.119988,,,,3.119988,,,0.0,1.0
0x743ca4e87ee4a4fe0b425b4b24526653e61403de,0.05349920580441737,0.12485916,0,65.124885,8,1779757395,-1.1687716519011556e-22,1.0445751716679925e-09,-1.1687716519011556e-22,-1.1687716519011556e-22,1.8722411708107318e-06,-0.011124302861301462,-1.1687716519011556e-22,-0.005975418761230634,0.0,-2.9742976795999994,-0.0027779663000980555,-0.00931379298795071,-0.005555932600196111,-0.060699973614695764,-0.05110000007469999,0.1076141860791176,2,0.4295547181782733,-0.1622713801083345,-1.1687716519011556e-22,0.0759357590408763,9.9999945,-583045.0,-583045.0,-0.9514255595517059,8.42568746,-1195857.0,0.0,0.36363636363636365,44.0
0x23cb220de129746606454a7b27e4ba1e4b6b0357,0.05347370909361868,0.12474142,0,23.863,1,1779887153,-0.06375841091986476,-0.06711411675775274,-0.06375841091986476,-0.06375841091986476,-0.06711411675775274,0.03805963963963924,-0.06375841091986476,-0.00019761261954173023,0.0,,-0.06375841091986476,-0.03219929151988814,-0.06375841091986476,-0.12680000000000105,-0.09619832109965465,,1,0.4295547181782733,-0.13066988189329515,-0.06375841091986476,0.008658344687943242,25.499798,-1922114.0,-1922114.0,-2.588461693847045,31.18066856067961,-2664684.0,0.0,0.2549800796812749,251.0
0x3040fe1e89941ad4ac7d86b59e3d8f9a2d526b90,0.05264422177242067,0.12088173,0,5.00266,1,1779713283,0.25503364367945863,0.25838934951734666,0.25503364367945863,0.25503364367945863,0.25838934951734666,0.0,0.25503364367945863,0.0,0.0,,0.25503364367945863,0.0,0.25503364367945863,,,-0.004493122287513688,0,0.4295547181782733,,0.25503364367945863,0.0,0.0,5410.0,5410.0,0.009512924213117637,0.0,-563290.0,0.0,,0.0
0xceb996e1ac33e01f72f25d81fd82c45c1e3926c6,0.05185162955039488,0.117139675,0,27.61236,1,1780090109,0.0,-0.0033557058378879913,0.0,0.0,-0.003355705837887991,0.0002999999999990713,0.0,0.000899999999998191,0.0,,0.0,-1.787545805820301e-15,0.0,-2.2204460492503132e-17,0.0008999999999999674,,1,0.4295547181782733,-0.32229562649238475,0.0,0.3839990105731952,1.9090495,132030.0,132030.0,0.13963656208290412,4.9115284,-813496.0,0.0,0.2222222222222222,9.0
0xb483d5718da4ac6f2aa39dc933f2043c5a3a0880,0.051047728583741916,0.11328858,0,79.73006,4,1779941105,-0.004200616380476491,-0.007556322218364483,-0.004200616380476491,-0.004200616380476491,-0.01510643763953799,0.009752811534865432,-0.004200616380476491,0.041906057351605304,0.0,,-0.004200616380476491,0.03577143035915384,-0.004200616380476491,-0.00652667464114857,-0.0023806711082551414,,2,0.4295547181782733,-0.18160994857085128,-0.004200616380476491,0.0,0.0,-1300177.0,-1300177.0,-1.6323177514243172,0.0,-2096699.0,0.0,,0.0
0x1987733c8beae675c544752eafe437968efe6487,0.05094612568988217,0.112797774,0,39.254540000000006,2,1779941105,-0.01157688727181919,-0.014932593109707178,-0.01157688727181919,-0.01157688727181919,-0.02123565076701169,0.0015236554703833682,-0.01157688727181919,0.09016945841173657,0.0,,-0.01157688727181919,0.07682401724575295,-0.01157688727181919,-0.02364999999999957,-0.014411343978748086,,1,0.4295547181782733,-0.18160994857085128,-0.01157688727181919,0.0,0.0,-1300006.0,-1300006.0,-1.632103068088515,0.0,-2096528.0,0.0,,0.0
0x615346ac3277f46c5282bd7eb20fc496d55144ab,0.05094612568988217,0.112797774,0,59.45644,2,1779941105,-0.012013235883400086,-0.015368941721288077,-0.012013235883400086,-0.012013235883400086,-0.02154256726058452,0.00046869529539761423,-0.012013235883400086,0.08866167907498396,0.0,,-0.012013235883400086,0.07533385233551033,-0.012013235883400086,-0.023650000000000032,-0.014411343978748548,,1,0.4295547181782733,-0.18160994857085128,-0.012013235883400086,0.0,0.0,-2441480.0,-2441480.0,-3.0651758520166426,0.0,-3238002.0,0.0,,0.0
0xec962557a80814876407b0d0b0b6caacec4ba9ed,0.05090920747372403,0.11261921,0,16.898514,2,1779745479,-8.70833946148899e-06,-8.790493607352104e-06,-8.70833946148899e-06,-8.70833946148899e-06,-0.001776603289038737,0.0,-8.70833946148899e-06,0.0,0.0,0.31810450400000073,0.013833242837081148,0.0,0.027675194013623786,,,0.14062862525668676,1,0.4295547181782733,0.00019355563591523961,-8.70833946148899e-06,0.6261647693423922,12.909999000000001,204925.0,204925.0,0.34103239162850146,171.7337272,-395971.0,0.0,0.3333333333333333,3.0
0x5aeb1871adc76ca402e45541d8b56de5c3a66494,0.05040294435195206,0.11015804,0,102.83685,1,1779697613,-0.2818792903825592,-0.2852349962204471,-0.2818792903825592,-0.2818792903825592,-0.2852349962204472,-0.13050001202591904,-0.2818792903825592,0.045499987974082015,0.0,,-0.2818792903825592,-0.01059999999999912,-0.2818792903825592,-0.13598136770663374,-0.08678146783181111,,1,0.4295547181782733,0.04828882655243422,-0.2818792903825592,0.2935364728285877,2.032989,-355.0,-355.0,-0.0006419181599551561,13.562597515151516,-553385.0,0.0,0.38461538461538464,13.0
0x71bd821b2c823cf67ed329abbb6a05d3ab9eac00,0.05038256958972628,0.1100585,0,102.07081000000001,5,1779941105,-0.0067786044572522445,-0.010134310295140236,-0.0067786044572522445,-0.0067786044572522445,-0.022584563431818923,0.0020168194730137102,-0.0067786044572522445,0.031780281776356514,0.0,,-0.0067786044572522445,0.0264734922085726,-0.0067786044572522445,-0.012741339712918309,-0.009244536149324708,,2,0.4295547181782733,-0.18160994857085128,-0.0067786044572522445,0.0,0.0,-1300232.0,-1300232.0,-1.6323868016200431,0.0,-2096754.0,0.0,,0.0
0x9c711944ef4872c6d98eed9ef5482982ea89f0cc,0.05037131953743302,0.11000352,0,6.00974,1,1779819165,-0.24496652616579578,-0.24832223200368378,-0.24496652616579578,-0.24496652616579578,-0.24832223200368378,-0.3928678962175686,-0.24496652616579578,-0.15359618944516978,0.0,,-0.24496652616579578,-0.1561000798465619,-0.24496652616579578,-0.5282000000000004,-0.5215961104755684,,1,0.4295547181782733,-0.06647739128546434,-0.24496652616579578,0.054573272547381264,2.017268,-620249.0,-620249.0,-0.9194567895378175,2.7598954418604653,-1294831.0,0.0,0.7142857142857143,28.0
0xfa0f3ad22cd58cd95ecfcf0e1f76b84bd895835e,0.050272899694271414,0.10952206,0,19.925863,2,1779863983,-3.3278472474776505e-06,8.081915705233729e-06,-3.3278472474776505e-06,-3.3278472474776505e-06,0.0006790059315816345,0.0,-3.3278472474776505e-06,0.0,0.0,-0.07118999400170033,-0.0029391542270924046,0.0,-0.005874980606937332,,,0.015491509985215476,1,0.4295547181782733,-0.10883114111905372,-3.3278472474776505e-06,0.013379983477421623,10.019974,-431809.0,-431809.0,-0.6002349179872115,12.524046322033898,-1151209.0,0.0,0.6174863387978142,183.0
0xf2973d35e97e792f61aca62ca4923a8c99e55951,0.050257431619423455,0.10944631,0,5.37383,1,1780039903,-0.0067114116757748645,-0.010067117513662856,-0.0067114116757748645,-0.0067114116757748645,-0.010067117513662856,-0.013804959538804104,-0.0067114116757748645,-0.015099999999999123,0.0,,-0.0067114116757748645,-0.016099999999999125,-0.0067114116757748645,-0.016199957909409136,-0.015100000000000013,,1,0.4295547181782733,-0.274892434995992,-0.0067114116757748645,0.0073129883194811675,4.9956,-739499.0,-739499.0,-0.8259605504177278,4.628707866666667,-1634819.0,0.0,0.9347826086956522,138.0
0xe8b5343ec8241dcf3584fd15693b81f1cb2caa05,0.04980989189850308,0.107245006,0,199.2,1,1779982230,-0.010067117513662483,-0.013422823351550475,-0.010067117513662483,-0.010067117513662483,-0.013422823351550475,-0.018899999999999136,-0.010067117513662483,0.019258823529411773,0.0,,-0.010067117513662483,0.014858823529411725,-0.010067117513662483,-0.022028383850129698,-0.019799999999999096,,1,0.4295547181782733,-0.2204390974831158,-0.010067117513662483,0.0926898344394929,99.999981,213842.0,213842.0,0.2552889224219749,190.0806202703583,-623805.0,0.0,0.5166666666666667,60.0
0x1cc0962e9c387526dd4f2be093ffea3e85b8971c,0.04946523794144065,0.10553695,0,4.01794,2,1779912181,9.005314145603632e-05,9.698030565801441e-05,9.005314145603632e-05,9.005314145603632e-05,0.002134507814668724,0.0,9.005314145603632e-05,0.0,0.0,0.02626000199176006,0.005531818898940471,0.0,0.010973584656424904,,,0.008832411467775414,1,0.4295547181782733,-0.3197114227094579,9.005314145603632e-05,0.15280012007987465,4.375,-173040.0,-173040.0,-0.22543049877670343,7.686922203539823,-940638.0,0.0,0.41935483870967744,31.0
0x8630ead338a9ac4cc07e135afe07d27a382a343e,0.04922458480342351,0.10433761,0,4.99996,1,1779899289,0.06375841091986476,0.06711411675775274,0.06375841091986476,0.06375841091986476,0.06711411675775274,0.0,0.06375841091986476,0.0,0.0,,0.06375841091986476,0.0,0.06375841091986476,,,0.016792286441668913,0,0.4295547181782733,,0.06375841091986476,0.06756100346857835,4.999995,10076.0,10076.0,0.013350894255511418,5.236615823529412,-744630.0,0.0,0.0,17.0
0xe158801a29c5358d51a927263ddf0d69a107362a,0.04905121535865477,0.10347014,0,14.999998,1,1779812502,0.2475695865273874,0.2509252923652754,0.2475695865273874,0.2475695865273874,0.2509252923652754,0.0,0.2475695865273874,0.0,0.0,,0.2475695865273874,0.0,0.2475695865273874,,,0.06432850789683583,0,0.4295547181782733,,0.2475695865273874,0.8245053746926105,7.5997675000000005,,,,374.49995232926824,,,0.7894736842105263,76.0
0xd52b8dcb4b812c4056faf41164a6f6c73f4c5c72,0.04842409407079017,0.1003078,0,15006.92799,14,1779752719,0.2868814329358041,0.2904174477706763,0.2868814329358041,0.2868814329358041,0.7449361403364329,0.0,0.2868814329358041,0.0,0.0,2.727975550000002,0.2871593523956585,0.0,0.28743727185551293,,,0.096985300285779,2,0.4295547181782733,-0.008286069564839722,0.2868814329358041,0.0,0.0,603015.0,603015.0,0.991579186234658,0.0,-5121.0,,,0.0
0xe2dc9a908e42c18da7b94057410948b71495f717,0.04841872105098833,0.10028054,0,5.0,2,1780002142,-0.00223713722525841,-0.004474274450516821,-0.00223713722525841,-0.00223713722525841,-0.007749670675302455,0.005345060328877061,-0.00223713722525841,-0.0076666666666666645,0.0,-1.0,-0.002796421531573013,-0.010666666666666673,-0.0033557058378876157,-0.023999999999999105,-0.0194999999999991,,1,0.4295547181782733,-0.23923948686040483,-0.00223713722525841,0.015650193337099973,1.46239,-293183.0,-293183.0,-0.3418808501805707,2.1638494319727894,-1150742.0,0.0,0.26717557251908397,131.0
0x403ea351aa1ebecff179590f7975858fded3d317,0.04824536486846026,0.09939942,0,4.595,1,1779813174,-0.2684564670310091,-0.2718121728688971,-0.2684564670310091,-0.2684564670310091,-0.2718121728688971,-0.41791081800000035,-0.2684564670310091,-0.2612647623515084,0.0,,-0.2684564670310091,-0.26175418631836406,-0.2684564670310091,-0.5495147366212395,-0.5495772426998116,,1,0.4295547181782733,-0.060820845847570686,-0.2684564670310091,0.01569764087268424,2.6374400000000002,-661925.0,-661925.0,-0.990029779042793,2.7708402666666663,-1330516.0,0.0,0.24731182795698925,93.0
0x58336e3083460fa8dc858dc7d951d747555f95f5,0.048084040413996554,0.09857675,0,3.999999,1,1779887111,-0.05557374826234269,-0.05892945410023068,-0.05557374826234269,-0.05557374826234269,-0.05892945410023068,0.058303577380080795,-0.05557374826234269,0.02004632512089983,0.0,,-0.05557374826234269,-0.012355353779446632,-0.05557374826234269,-0.1065560622595595,-0.07595438335921309,,1,0.4295547181782733,-0.13063022659227835,-0.05557374826234269,0.006720065392701345,1.60073,-15489.0,-15489.0,-0.020859819427684882,2.7226661082024433,-758017.0,0.0,0.28537735849056606,422.0
0x03b6557ae168279af9375e3b2bff0a6b542d2c93,0.04785032768183851,0.09738027,0,148.999489,2,1779847755,-1.1054110600377952e-07,-2.167458092214913e-07,-1.1054110600377952e-07,-1.1054110600377952e-07,-0.00016624901947677665,-0.06586257535285377,-1.1054110600377952e-07,-0.05010665821875022,0.0,-51.00016905200324,-0.00812934870142495,-0.04927674455441349,-0.016258586861743897,-0.1791999970100079,-0.1799598370100079,,1,0.4295547181782733,-0.09347132119188728,-1.1054110600377952e-07,0.096984174873748,12.71677,-656473.0,-656473.0,-0.9335880837120932,71.69640500884957,-1359645.0,0.0,0.5116279069767442,43.0
0xfe41e6fc51a57520aaa18e15eaf665c1801c556c,0.04782577758365096,0.09725427,0,401.56169,1,1779975288,-0.0067114116757748645,-0.010067117513662856,-0.0067114116757748645,-0.0067114116757748645,-0.010067117513662856,0.010013817116409402,-0.0067114116757748645,0.021400003524477493,0.0,,-0.0067114116757748645,0.018399996769299945,-0.0067114116757748645,-0.014101150851069274,-0.01059999647552254,,1,0.4295547181782733,-0.21388464272934218,-0.0067114116757748645,0.06808386737115749,100.4309065,316469.0,316469.0,0.3809643615964753,190.8924772234042,-514236.0,0.0,0.6785714285714286,28.0
0xee2faf22a81f0dc12be8080a0e9507fb2190f4da,0.04778953320506551,0.09706813,0,15.665438,2,1779825874,-1.356975726785642e-06,6.378105008369117e-05,-1.356975726785642e-06,-1.356975726785642e-06,0.0031716622241375956,0.0,-1.356975726785642e-06,0.0,0.0,-0.008219597325813153,-0.0004206300351982341,0.0,-0.0008399030946696825,,,0.02994650728565038,1,0.4295547181782733,-0.07282129527431555,-1.356975726785642e-06,0.0,0.0,-1089537.0,-1089537.0,-1.5992241200896533,0.0,-1770828.0,0.0,,0.0
0xa3c7c8c3c49427d840f7e62e46d202fae2a53e1f,0.04746428251051109,0.095391735,0,20.02986,1,1780038288,-0.003355705837887246,-0.0067114116757752374,-0.003355705837887246,-0.003355705837887246,-0.0067114116757752374,-0.004400000000000015,-0.003355705837887246,-0.00649999999999998,0.0,,-0.003355705837887246,-0.008100000000000013,-0.003355705837887246,-0.008100000000000013,-0.00649999999999998,,1,0.4295547181782733,-0.2733675942545134,-0.003355705837887246,0.0,0.0,-1203127.0,-1203127.0,-1.3462238658170202,0.0,-2096832.0,0.0,,0.0
0xd52af0b94c65c4383f3b11588ef1f35ca731864e,0.04741977685591645,0.0951615,0,30.0,1,1779936128,-0.013422823351550086,-0.016778529189438077,-0.013422823351550086,-0.013422823351550086,-0.016778529189438077,0.012799999999999999,-0.013422823351550086,0.010706756108190833,0.0,,-0.013422823351550086,4.824713048771348e-05,-0.013422823351550086,-0.029599921035565004,-0.021293276922726753,,1,0.4295547181782733,-0.17691079540036275,-0.013422823351550086,0.3641715861935579,5.157989,97413.0,97413.0,0.12306691344143415,34.43417294871796,-694132.0,0.0,0.11538461538461539,26.0
0xc6fd8b51924453648903723887c808aef39453df,0.04717887692801086,0.09391169,0,15.213128000000001,3,1779800651,0.00011418824621648317,0.00011715417443728109,0.00011418824621648317,0.00011418824621648317,0.0055729402828248184,0.0,0.00011418824621648317,0.0,0.0,0.2998050259770302,0.031816990131636635,0.0,0.06351979201705678,,,0.07121055714668766,2,0.4295547181782733,-0.12036139197659959,0.00011418824621648317,0.0,0.0,10687.0,10687.0,0.01628946999396404,0.0,-645381.0,0.0,,0.0
0x0e233cbefe65bfb0a9e7b40590672ad861d2cee1,0.046507441295457856,0.09039595,0,1.719996,1,1779686173,0.4093962473931592,0.4127519532310472,0.4093962473931592,0.4093962473931592,0.41275195323104724,0.0,0.4093962473931592,0.0,0.0,,0.4093962473931592,0.0,0.4093962473931592,,,-0.009423068433859445,0,0.4295547181782733,,0.4093962473931592,0.23748883145814498,2.5610595,4756576.0,4756576.0,8.782614154618807,3.468685333333333,4214986.0,,0.3333333333333333,6.0
0x93b428b698cc7dbc86d02a1e5f9b7da2b597909d,0.04622468016415583,0.0889009,0,2.689999,2,1779787073,-0.07747625843006313,-0.08083196426795111,-0.07747625843006313,-0.07747625843006313,-0.15552692571261154,-0.0868237180557278,-0.07747625843006313,-0.10864708673895151,0.0,,-0.07747625843006313,-0.12064301701059901,-0.07747625843006313,-0.4014288477834096,-0.39566981484921493,,2,0.4295547181782733,-0.03617696461330889,-0.07747625843006313,,,,,,,,,,
0x380c40858b622ac910991f8221aa33c9f40af262,0.04619660540492524,0.08875199,0,1.359978,1,1779829036,0.13422832580137242,0.1375840316392604,0.13422832580137242,0.13422832580137242,0.1375840316392604,0.0,0.13422832580137242,0.0,0.0,,0.13422832580137242,0.0,0.13422832580137242,,,0.024856421206003204,0,0.4295547181782733,,0.13422832580137242,0.09631439516238634,1.329998,224386.0,224386.0,0.32783259040430823,1.569797076923077,-460067.0,0.0,0.3333333333333333,12.0
0xebfdebbe778cd11dface82206d3f7da098f5db2a,0.046185369936739606,0.08869237,0,9.895095000000001,2,1779748561,-3.0186259411284847e-05,0.00016770144117380555,-3.0186259411284847e-05,-3.0186259411284847e-05,0.007501711172586596,0.0,-3.0186259411284847e-05,0.0,0.0,-0.09989999999999948,-0.007576751112231969,0.0,-0.015123315965052654,,,0.07188798109978867,1,0.4295547181782733,-0.028988025043266766,-3.0186259411284847e-05,0.0643065595230957,3.999997,-1183797.0,-1183797.0,-1.9600001986827336,3.0245605799999997,-1787775.0,0.0,0.5217391304347826,23.0
0x50014173025e00ab5ceb33f5e326fe7679fdbc10,0.045953387907605864,0.08745829,0,192.60000000000002,2,1779847780,0.0,0.0,0.0,0.0,0.0,0.0,0.0,0.0,0.0,-0.20000000000000018,-0.0008389264594719047,0.0,-0.0016778529189438094,,,0.028539559713052318,1,0.4295547181782733,-0.09464492926721725,0.0,0.07350251671065733,12.75,-1449.0,-1449.0,-0.0020605889956868415,41.31479070030581,-704646.0,0.0,0.2222222222222222,45.0
0x5d385f3bdd44acb22b1e7be355e968a8fa3b50ac,0.04585317531969875,0.08692335,0,1.999998,1,1779697562,0.2617457831932857,0.2651014890311737,0.2617457831932857,0.2617457831932857,0.2651014890311737,0.0,0.2617457831932857,0.0,0.0,,0.2617457831932857,0.0,0.2617457831932857,,,-0.03215913941707923,0,0.4295547181782733,,0.2617457831932857,0.5577563646429992,1.999998,4484303.0,4484303.0,8.109354966463464,5.7303754736842105,3931324.0,,0.0,6.0
0xa7d6bd7f1bf30f7402b4961372fc19158b7aa3ff,0.04481779927567062,0.081330374,0,405.93556600000005,8,1779706498,-2.2680051126168153e-07,-8.020410045062237e-07,-2.2680051126168153e-07,-2.2680051126168153e-07,-0.0005549383683173436,-0.22067223396159097,-2.2680051126168153e-07,-0.1866748946403856,0.0,-27.51590700546558,-0.02765622970584846,-0.20885939343151572,-0.05531223261118566,-0.9162475927651623,-0.8777018930122312,,2,0.4295547181782733,0.039899842039717616,-2.2680051126168153e-07,0.16312340641347295,5.328989,-44824.0,-44824.0,-0.07977007198597652,35.5224534137931,-606739.0,0.0,0.28125,32.0
0x1b737d7612e8ebd03a263ded5bc45479d8c6cbb4,0.044725070502410404,0.08082347,0,12.421358000000001,2,1779783788,-2.546557852902465e-06,0.00013624694262911723,-2.546557852902465e-06,-2.546557852902465e-06,0.006994350497000503,0.0,-2.546557852902465e-06,0.0,0.0,-0.013919388464276112,-0.0008411178417383314,0.0,-0.0016796891256237604,,,0.10001061326376928,1,0.4295547181782733,-0.03308573948166745,-2.546557852902465e-06,0.0,0.0,-1131670.0,-1131670.0,-1.7704335854694504,0.0,-1770875.0,0.0,,0.0
0xe645f56c0c355567c59ad3ba045568017b8101d3,0.04468686697635099,0.08061434,0,14.919986,1,1779720323,0.20134235682026277,0.20469806265815077,0.20134235682026277,0.20134235682026277,0.20469806265815077,0.0,0.20134235682026277,0.0,0.0,,0.20134235682026277,0.0,0.20134235682026277,,,-0.013193096871812682,0,0.4295547181782733,,0.20134235682026277,0.15750673401516546,20.561008,1098760.0,1098760.0,1.9084308889429256,23.743574875,523020.0,0.0,0.625,8.0
0x408c18173600b57e3131bc7ab710cf8aea215eff,0.044588759129943624,0.08007651,0,16.201964,2,1779784912,-1.6400357392667643e-06,4.059088688983842e-05,-1.6400357392667643e-06,-1.6400357392667643e-06,0.0036721787217200564,0.0,-1.6400357392667643e-06,0.0,0.0,-0.03603999800048849,-0.0016792878571278132,0.0,-0.0033569356785163595,,,0.08813336330185823,1,0.4295547181782733,-0.03414321417544827,-1.6400357392667643e-06,0.0,0.0,-1130888.0,-1130888.0,-1.766104611847972,0.0,-1771217.0,0.0,,0.0
0xb280db93929aef23f6af16f03ab0646997c468e8,0.04450717145143988,0.07962838,0,2.239998,1,1779686079,0.40939653264460696,0.412752238482495,0.40939653264460696,0.40939653264460696,0.4127522384824949,0.0,0.40939653264460696,0.0,0.0,,0.40939653264460696,0.0,0.40939653264460696,,,-0.009422957671510818,0,0.4295547181782733,,0.40939653264460696,0.22146834010933103,6.516227,4756140.0,4756140.0,8.783333579564761,5.8270748333333335,4214644.0,,0.6666666666666666,6.0
0x10cd5c3f090557817c46e17afbb7c3314f02f37b,0.04435863568870287,0.07881051,0,20.392195,2,1779677693,1.5610169965622805e-05,5.6239010208997366e-05,1.5610169965622805e-05,1.5610169965622805e-05,0.004848793092462548,0.0,1.5610169965622805e-05,0.0,0.0,0.39489516792898033,0.014518387668125453,0.0,0.029021165166285286,,,-0.014230820861996564,1,0.4295547181782733,0.03570015682727378,1.5610169965622805e-05,0.038346588307563635,2.091769,-1730866.0,-1730866.0,-3.246733319577573,4.351907840490798,-2263976.0,0.0,0.3402061855670103,96.0
0x9120119c067f560aa82ae197e2b95fc600505493,0.04419357406859911,0.077898584,0,2.139998,1,1779684945,0.4026853304521558,0.4060410362900438,0.4026853304521558,0.4026853304521558,0.4060410362900438,0.0,0.4026853304521558,0.0,0.0,,0.4026853304521558,0.0,0.4026853304521558,,,0.014135901654489434,0,0.4295547181782733,,0.4026853304521558,0.21591405154077226,3.2299984999999998,7588447.0,7588447.0,14.043265440575022,6.476456125,7048085.0,,0.625,8.0
0x4533c8093b00b2ea14e23254327b2f2a6f93d1de,0.04398074475738839,0.07671794,0,6.911498000000001,4,1779662664,-4.194240876228429e-06,-4.314092054103064e-05,-4.194240876228429e-06,-4.194240876228429e-06,-0.0045658097004201235,-0.3149578525410436,-4.194240876228429e-06,-0.19817643177791763,0.0,-0.17398980010174203,-0.007243857712569171,-0.21107848280215513,-0.014483521184262112,-1.0597302142515241,-1.0347425753131838,,2,0.4295547181782733,0.08128675786756451,-4.194240876228429e-06,0.07374898165747461,1.0665,-1263877.0,-1263877.0,-2.4395355166470107,2.2923567313432835,-1781958.0,0.0,0.21739130434782608,46.0
0x833de394b5d3f9158ea680b51b49879c918f79b6,0.043725233798750505,0.07529331,0,2.019999,1,1779686481,0.3959734176634513,0.39932912350133926,0.3959734176634513,0.3959734176634513,0.39932912350133926,0.0,0.3959734176634513,0.0,0.0,,0.3959734176634513,0.0,0.3959734176634513,,,-0.02367679089934011,0,0.4295547181782733,,0.3959734176634513,0.22913099402513457,3.323279,7591961.0,7591961.0,14.009944675935323,4.979038857142858,7050063.0,,0.14285714285714285,7.0
0xb0c4eda45e6df436d9b9c328a49fcdd370373f6c,0.043586878891459534,0.074518576,0,4.819998,1,1779664169,0.844335021278582,0.8476907271164701,0.844335021278582,0.844335021278582,0.84769072711647,0.0,0.844335021278582,0.0,1.0,,0.844335021278582,0.0,0.844335021278582,,,0.21665873286227988,0,0.4295547181782733,,0.844335021278582,0.16146260750501795,4.6199965,7714179.0,7714179.0,14.846779936333927,5.213408374999999,7194593.0,,0.5,8.0
0x0f406c6a3d600f39fd3675053087c26050e00a61,0.0435492023798343,0.074307196,0,58.941,1,1780044740,-3.725581885091884e-16,0.0033557058378876187,-3.725581885091884e-16,-3.725581885091884e-16,0.0033557058378876187,0.0,-3.725581885091884e-16,0.0,0.0,,-3.725581885091884e-16,0.0,-3.725581885091884e-16,,,-0.00019999999999998822,0,0.4295547181782733,,-3.725581885091884e-16,,,,,,,,,,
0x75053619588c6091cb900db6e8a74c8a748ee55c,0.043300844109899234,0.07290942,0,1.2733,1,1779741612,0.23154370281424513,0.2348994086521331,0.23154370281424513,0.23154370281424513,0.23489940865213307,0.0,0.23154370281424513,0.0,0.0,,0.23154370281424513,0.0,0.23154370281424513,,,0.0047573260182212605,0,0.4295547181782733,,0.23154370281424513,0.2908321345381846,4.7539795,,,,5.884060166666667,,,0.5,4.0
0x16b64a59ffa0069499d570d666a27db94b6d7533,0.043168150740032836,0.07215948,0,9.888711,5,1779757762,0.12488715429633838,0.12621605964909013,0.12488715429633838,0.12488715429633838,0.2896047246478606,0.0,0.12488715429633838,0.0,0.0,0.531390906578211,0.1658147716405149,0.0,0.2067423889846914,,,0.09959888240902964,1,0.4295547181782733,-0.17830439597895248,0.12488715429633838,0.6794920069816711,0.8085899999999999,12367795.0,12367795.0,20.16995852760776,5.0646208385214,11754616.0,,0.6859504132231405,121.0
0x01d50c0520ec756e8c43e7e427e5adb139c12a83,0.042757379239916925,0.069823876,0,4.809996,1,1779685029,0.40268477229519,0.4060404781330779,0.40268477229519,0.40268477229519,0.406040478133078,0.0,0.40268477229519,0.0,0.0,,0.40268477229519,0.0,0.40268477229519,,,0.014135679056678693,0,0.4295547181782733,,0.40268477229519,0.18980407332361818,4.86,4756398.0,4756398.0,8.800875573137741,5.119409,4215952.0,,0.16666666666666666,6.0
0x9f6a15ccea7431e449c477c8e1cbee02825b2a63,0.042405292853407696,0.06780483,0,11.829991,1,1779809722,0.21741516823062654,0.22077087406851453,0.21741516823062654,0.21741516823062654,0.22077087406851453,0.0,0.21741516823062654,0.0,0.0,,0.21741516823062654,0.0,0.21741516823062654,,,0.04182904063420393,0,0.4295547181782733,,0.21741516823062654,0.3388305393238949,9.319996,4938010.0,4938010.0,7.424027158233091,10.069701,4272871.0,0.0,0.6666666666666666,3.0
0xa2f75d5ba0cf3e9289d4c290374936a8bc1c10d3,0.042345702279055035,0.06746152,0,299.999986,1,1779717525,0.20547922713623293,0.20883493297412087,0.20547922713623293,0.20547922713623293,0.2088349329741209,0.0,0.20547922713623293,0.0,0.0,,0.20547922713623293,0.0,0.20547922713623293,,,-0.03014270186215652,0,0.4295547181782733,,0.20547922713623293,0.05106251679476755,251.2191985,2646999.0,2646999.0,4.620012147826482,334.0973958125,2074057.0,,0.5333333333333333,45.0
0x97dac987de9bd796e3c4751230f4daac91596000,0.04233784139580097,0.0674162,0,1.060799,2,1779664582,-0.00024858305822025395,-0.0002646856154749401,-0.00024858305822025395,-0.00024858305822025395,-0.01528392320728451,-0.6337642382819227,-0.00024858305822025395,-0.5113925453817114,0.0,-0.9385993603837697,-0.1038248573166466,-0.5113925453817114,-0.20740113157507295,-1.0224784392271156,-1.0224784392271156,,1,0.4295547181782733,0.07947583245446485,-0.00024858305822025395,0.008910735992753667,1.039269,-216346.0,-216346.0,-0.4160508000976925,2.0805698974358977,-736345.0,0.0,0.35172413793103446,145.0
0x19fa61ac24a74dc7c35a25bacfc860b91d85de0f,0.04215412868804051,0.06635471,0,18.7906,1,1779724070,0.19798664443536837,0.2013423502732564,0.19798664443536837,0.19798664443536837,0.20134235027325637,0.0,0.19798664443536837,0.0,0.0,,0.19798664443536837,0.0,0.19798664443536837,,,-0.014717595811646432,0,0.4295547181782733,,0.19798664443536837,0.24448418300748664,50.470554,33862178.0,33862178.0,58.43475004616152,229.95033371478877,33282691.0,,0.8421052631578947,114.0
0x4aa87d513621c74a091f514e9c14b52377f46531,0.04214051134211642,0.06627585,0,10853.10535,5,1779926922,0.0046709236577998844,0.007471814022522316,0.0046709236577998844,0.0046709236577998844,0.016995716475416447,0.0,0.0046709236577998844,0.0,0.0,7.8436799999999405,0.0052753396342663395,0.0,0.005879755610732795,,,0.004995408471399586,1,0.4295547181782733,-0.32255999516582995,0.0046709236577998844,0.7495767030626846,249.0,,,,1532.401017449438,,,0.2857142857142857,7.0
0x92de214b3d5f271784d959a2379e25b8890b30b4,0.042115388707042505,0.0661303,0,8.0,1,1779829722,-0.15899578122479077,-0.16235148706267877,-0.15899578122479077,-0.15899578122479077,-0.1623514870626788,-0.18707638412162347,-0.15899578122479077,0.05577077128973437,0.0,,-0.15899578122479077,0.052170771289734394,-0.15899578122479077,-0.33631251756618197,-0.3414600316946979,,1,0.4295547181782733,-0.07644503444818232,-0.15899578122479077,0.1079379307926733,35.685989,328322.0,328322.0,0.4792049496525523,54.70847169333334,-356817.0,0.0,0.5,28.0
0xc11c8b0eec574494e8670458a221ab881747a30f,0.04209155506266028,0.06599215,0,6.169998,1,1779686271,0.3993292627300562,0.40268496856794417,0.3993292627300562,0.3993292627300562,0.40268496856794417,0.0,0.3993292627300562,0.0,0.0,,0.3993292627300562,0.0,0.3993292627300562,,,-0.012713603341844754,0,0.4295547181782733,,0.3993292627300562,0.1735592927893608,5.4799985,7738361.0,7738361.0,14.285642288549866,5.572906625,7196673.0,,0.75,8.0
0x485e00ecabc0eee7961c8a0bc9fdec103c135d87,0.0419864519784822,0.065382004,0,4.869997,1,1779686663,0.39597334107783505,0.3993290469157231,0.39597334107783505,0.39597334107783505,0.3993290469157231,0.0,0.39597334107783505,0.0,0.0,,0.39597334107783505,0.0,0.39597334107783505,,,-0.014123303780620568,0,0.4295547181782733,,0.39597334107783505,0.1608481905989324,7.3549995,7732301.0,7732301.0,14.264132600354191,6.41335475,7190221.0,,0.75,8.0
0x61d1c2ac8ad9150b467fe7f64d53191bd75d1877,0.04194813215120074,0.06515919,0,2.9893,1,1779749383,0.3489934071403116,0.3523491129781996,0.3489934071403116,0.3489934071403116,0.3523491129781996,0.0,0.3489934071403116,0.0,0.0,,0.3489934071403116,0.0,0.3489934071403116,,,0.07423839395642073,0,0.4295547181782733,,0.3489934071403116,0.19160798381713484,2.38383,,,,2.5683464285714286,,,0.0,8.0
0x4bee5b3ce32306e40fcbb9cd99a0ef56f1739291,0.04182335036180011,0.06443227,0,2.27964,1,1779715782,0.25163766937151616,0.2549933752094041,0.25163766937151616,0.25163766937151616,0.2549933752094041,0.0,0.25163766937151616,0.0,0.0,,0.25163766937151616,0.0,0.25163766937151616,,,-0.005326926305752996,0,0.4295547181782733,,0.25163766937151616,0.009166297788872905,3.403259,542119.0,542119.0,0.9490895467253969,6.044041556187767,-29080.0,0.0,0.38920454545454547,351.0
0x626b791e797f56fe9eba13ea771d061252e92edb,0.041718413862143165,0.063819356,0,4.641838,4,1779791392,-1.4220471140662055e-05,-2.113854779725751e-05,-1.4220471140662055e-05,-1.4220471140662055e-05,-0.001975198092801105,-0.18084815113231237,-1.4220471140662055e-05,-0.06222469530438684,0.0,-0.6788280077346781,-0.014306930118197525,-0.06421429108121417,-0.02859963976525439,-0.4664982083490814,-0.4623651934302394,,2,0.4295547181782733,-0.04025485140120118,-1.4220471140662055e-05,0.06926442727709811,1.03994,-65302.0,-65302.0,-0.10096025256296681,1.3526029200000003,-712111.0,0.0,0.23809523809523808,21.0
0x16e58803382539073fa60389129eb994a8d40684,0.04153646165429376,0.0627531,0,3.249994,1,1779686753,0.3959733097928282,0.3993290156307162,0.3959733097928282,0.3959733097928282,0.3993290156307162,0.0,0.3959733097928282,0.0,0.0,,0.3959733097928282,0.0,0.3959733097928282,,,-0.014123315774113642,0,0.4295547181782733,,0.3959733097928282,0.19113821537841277,6.899998,7466984.0,7466984.0,13.772403489680359,6.991749571428571,6924814.0,,0.14285714285714285,7.0
0xd41b6b5c415b9da2b2b4fe78b58826313622b133,0.04153646165429376,0.0627531,0,4.269994,1,1779685118,0.399329050034626,0.40268475587251396,0.399329050034626,0.399329050034626,0.40268475587251396,0.0,0.399329050034626,0.0,0.0,,0.399329050034626,0.0,0.399329050034626,,,-0.02175422507944055,0,0.4295547181782733,,0.399329050034626,0.19157352622383028,4.2849965,7465381.0,7465381.0,13.811096413738241,5.7468372500000005,6924846.0,,0.25,8.0
0xc781e8dd03946230f2f32ab36077998bcb4a59d7,0.0413899141688454,0.06189107,0,39.9232,2,1779763089,0.11321775034869139,0.11657345618657938,0.11321775034869139,0.11321775034869139,0.2258147529047219,0.0,0.11321775034869139,0.0,0.0,,0.11321775034869139,0.0,0.11321775034869139,,,0.05442672530889918,0,0.4295547181782733,,0.11321775034869139,0.3423223371663621,99.89601,42111611.0,42111611.0,68.0860185673219,1137.960052738095,41493105.0,,0.3333333333333333,27.0
0x88ae6c980204d0031ff0fb000b2f0656e7fb809a,0.04135372168962173,0.061677728,0,500.0,2,1779831200,-0.02728696258551723,-0.030642668423405222,-0.02728696258551723,-0.02728696258551723,-0.07017249167959397,-0.019592969621795894,-0.02728696258551723,0.06395281580828602,0.0,,-0.02728696258551723,0.05143072351505165,-0.02728696258551723,-0.21074687192828706,-0.20855736361273217,,2,0.4295547181782733,-0.07784052337443952,-0.02728696258551723,0.07748363205490692,999.999998,13606188.0,13606188.0,19.81627020595179,1755.8276612928175,12919571.0,,0.45454545454545453,77.0
0x04885856c615a0918e83635099fd387051edf8cf,0.04122272923070539,0.06090407,0,2.549998,1,1779684793,0.4026850915220296,0.40604079735991755,0.4026850915220296,0.4026850915220296,0.4060407973599176,0.0,0.4026850915220296,0.0,0.0,,0.4026850915220296,0.0,0.4026850915220296,,,-0.014076857986075728,0,0.4295547181782733,,0.4026850915220296,0.16659315069519948,5.3810435000000005,7736855.0,7736855.0,14.32193961607523,5.452759875,7196645.0,,0.375,8.0
0x07e156cddecececf9404595aedddf7e1eece27af,0.04105216761345387,0.05989318,0,199.999998,1,1779816342,0.24832224558380528,0.25167795142169325,0.24832224558380528,0.24832224558380528,0.25167795142169325,0.0,0.24832224558380528,0.0,0.0,,0.24832224558380528,0.0,0.24832224558380528,,,0.0605508444931966,0,0.4295547181782733,,0.24832224558380528,0.1004756265781712,299.999958,,,,263.63633422727276,,,0.15384615384615385,13.0
0x3dcae1c83c7cdc5206616163a885047997db5b4a,0.040968557414369035,0.059396166,0,11.942553,5,1779757764,0.127921899345882,0.1293777300346207,0.127921899345882,0.127921899345882,0.2985108945554529,0.0,0.127921899345882,0.0,0.0,0.6371168141556203,0.16853076958788493,0.0,0.20913963982988784,,,0.0996627670115442,1,0.4295547181782733,-0.17830439597895248,0.127921899345882,0.5409645148742014,0.464,12367713.0,12367713.0,20.16975901079779,3.1358593007518807,11754532.0,,0.6785714285714286,168.0
0xd586ba6d46aaa472268d10ca17beb781bd00ed7a,0.040909414046239254,0.059044007,0,6.259998,1,1779684707,0.40268513027420344,0.40604083611209146,0.40268513027420344,0.40268513027420344,0.4060408361120915,0.0,0.40268513027420344,0.0,0.0,,0.40268513027420344,0.0,0.40268513027420344,,,-0.014751267832732336,0,0.4295547181782733,,0.40268513027420344,0.1984087531379684,7.7839195,,,,7.377972166666667,,,0.0,6.0
0x750dc51ab58e225fd225647932a97337b38add50,0.04058672253434627,0.057113968,0,0.5848,1,1779755185,0.5671142866030067,0.5704699924408947,0.5671142866030067,0.5671142866030067,0.5704699924408947,0.0,0.5671142866030067,0.0,0.0,,0.5671142866030067,0.0,0.5671142866030067,,,0.1755426703382474,0,0.4295547181782733,,0.5671142866030067,0.2103732183545354,1.9547094999999999,,,,2.127987,,,0.0,6.0
0xf7a91fad3ac4e4428b6036753af2a2313ccbc54b,0.04057663149203193,0.057053376,0,14.930154000000002,2,1779812040,1.0098075952064408e-05,0.00011540658230930738,1.0098075952064408e-05,1.0098075952064408e-05,0.005566115643685462,0.0,1.0098075952064408e-05,0.0,0.0,0.05656000000000005,0.0029450784246097227,0.0,0.00588005877326738,,,0.07476029159496966,1,0.4295547181782733,-0.06848753737748164,1.0098075952064408e-05,0.0302886273222803,4.15166,22979.0,22979.0,0.03442768597827276,4.08329015942029,-644478.0,0.0,0.2682926829268293,41.0
0xd8a4a3c0c5ac0a84b9f8cd673cf59c977f8bbd10,0.040211082404914354,0.05484864,0,9.999998,1,1779803401,0.2281881678680514,0.23154387370593943,0.2281881678680514,0.2281881678680514,0.23154387370593937,0.0,0.2281881678680514,0.0,0.0,,0.2281881678680514,0.0,0.2281881678680514,,,0.05648677052477843,0,0.4295547181782733,,0.2281881678680514,0.07310038668133526,6.763637,1075102.0,1075102.0,1.6318649460093684,10.960840586666666,416284.0,0.0,0.5714285714285714,56.0
0x5c7280c8cee0c5542792c8b59bf0e48bfd8f681d,0.04014311816453449,0.054436613,0,0.44161,1,1779694454,0.2617450553552336,0.26510076119312165,0.2617450553552336,0.2617450553552336,0.26510076119312165,0.0,0.2617450553552336,0.0,0.0,,0.2617450553552336,0.0,0.2617450553552336,,,-0.03704156079890523,0,0.4295547181782733,,0.2617450553552336,0.23006762735260877,1.586669,,,,1.7598505882352942,,,0.0,8.0
0xc8146aa71e618210fe3efaf053c12b44e6a0bc1e,0.03993868401961119,0.053193204,0,30.0,1,1780098474,3.7546879935691643e-16,-0.003355705837887616,3.7546879935691643e-16,3.7546879935691643e-16,-0.0033557058378876157,0.0006000000000000411,3.7546879935691643e-16,0.001199999999999968,0.0,,3.7546879935691643e-16,-1.1015494072452726e-17,3.7546879935691643e-16,8.951173136040325e-16,0.0012000000000008631,,1,0.4295547181782733,-0.33019364061156026,3.7546879935691643e-16,0.14643583088318676,5.481626,181898.0,181898.0,0.19069055059750015,24.235783236842103,-771993.0,0.0,0.0,10.0
0xe48ba7a95f9836687be9b53518698c4d8c2a91bb,0.03965612348537443,0.051464535,0,11.416119,2,1779716280,-1.544011439888691e-06,-1.7987375032961877e-06,-1.544011439888691e-06,-1.544011439888691e-06,-0.0007151772030545513,0.3998418943134275,-1.544011439888691e-06,-0.0681609758712889,0.0,-8.583752486911084,-0.030512058080713514,-0.09735920979407008,-0.06102257214998714,-0.27782125787104484,-0.21632126989696368,,1,0.4295547181782733,0.03066393359814262,-1.544011439888691e-06,0.3201462621961419,9.999999,62765.0,62765.0,0.10978717747338188,18.570103714285715,-508932.0,0.0,0.0,5.0
0x471b25c0f1325611a6c7ff47c9185ba02a2d49c3,0.03938265979381833,0.04978024,0,5.0,1,1779742324,-0.26777863578623234,-0.27113434162412037,-0.26777863578623234,-0.26777863578623234,-0.27113434162412037,0.2955876073483209,-0.26777863578623234,0.4967710525387368,0.0,,-0.26777863578623234,0.43154126942509713,-0.26777863578623234,-0.42427533213973745,-0.35962346479459656,,1,0.4295547181782733,0.006073870272403593,-0.26777863578623234,1.0,5.0,,,,5.0,,,0.0,1.0
0x68e5993d04aa3e6ab7a0f35b3a096caf342d78ce,0.03928500327981559,0.04917604,0,3.9939999999999998,2,1780033728,0.0,0.0,0.0,0.0,0.0,0.0,0.0,0.0,0.0,-0.0020000000000000018,-0.00041946322973595234,0.0,-0.0008389264594719047,,,1.1288729301946567e-18,1,0.4295547181782733,-0.2695474669232302,0.0,0.15831553943371776,731.83299,8630078.0,8630078.0,9.706041196880149,421.217994,7740933.0,0.0,0.5555555555555556,18.0
0x19f1e045e95870c97bf4c47b8cbaf55a98ec9680,0.03924924926961521,0.048954472,0,110.79728600000001,5,1779765802,0.10898056802432611,0.13949455451755657,0.10898056802432611,0.10898056802432611,0.22185214862359937,0.0,0.10898056802432611,0.0,0.0,1.051811234580499,0.13092466241103756,0.0,0.15286875679774903,,,0.09498435767773522,1,0.4295547181782733,-0.14730339232216721,0.10898056802432611,0.5561694044309269,10.54233,,,,37.49432877777778,,,0.4444444444444444,9.0
0x462af4111ce3b16493ad6a66d9a57228eb4a2027,0.03907391497595889,0.047865108,0,9.999999,1,1779749000,-0.342281966742043,-0.34563767257993105,-0.342281966742043,-0.342281966742043,-0.345637672579931,0.043999378818074836,-0.342281966742043,0.5458178504273152,0.0,,-0.342281966742043,0.4878178607413741,-0.342281966742043,-0.6275789478174696,-0.5671678372012958,,1,0.4295547181782733,-0.00022943424159708892,-0.342281966742043,1.0,9.999999,,,,9.999999,,,0.0,1.0
0xe2bfd02d9977bb53e5b9abf6e70b49264d0f75b5,0.038885207363698576,0.0466874,0,8287.375219,3,1779893185,-3.926037524411709e-06,-7.85207504882429e-06,-3.926037524411709e-06,-3.926037524411709e-06,-0.0002295615563672253,0.0,-3.926037524411709e-06,0.0,0.0,73.6276322639999,0.007368949395415834,0.0,0.01474182482835608,,,0.01743350083093484,1,0.4295547181782733,-0.21638292669339937,-3.926037524411709e-06,0.06871172017623614,69.0038155,667435.0,667435.0,0.8915752295612355,448.24830498571436,-81167.0,0.0,0.55,40.0
0xff9987b272e9730e9b23d03d9cee2e49d8d75602,0.0385502296105213,0.044583265,0,584.571029,2,1779745815,-4.740047998236215e-07,-1.0178523502955903e-06,-4.740047998236215e-07,-4.740047998236215e-07,-0.0008035986565030999,-0.3176170267446511,-4.740047998236215e-07,-0.16911749391487435,0.0,-177.42774650965725,-0.03693230947115445,-0.19071420880917356,-0.07386414493750909,-1.357221555259691,-1.3142344451932564,,1,0.4295547181782733,0.002777759418842122,-4.740047998236215e-07,0.04569006682010595,1703.09055,11216807.0,11216807.0,18.656370585730635,3925.7400243409093,10615575.0,,0.5784313725490197,102.0
0x9aeb534c42b58b21673d5e03e9da14fbd15b2729,0.038506157428356245,0.044305123,0,208.66097,1,1779758746,0.45042781795344244,0.4537835237913304,0.45042781795344244,0.45042781795344244,0.4537835237913304,0.0,0.45042781795344244,0.0,0.0,,0.45042781795344244,0.0,0.45042781795344244,,,0.09889599033568075,0,0.4295547181782733,,0.45042781795344244,0.023504228723181603,64.34826000000001,19282551.0,19282551.0,31.396471295079646,400.2552366078611,18668388.0,,0.547945205479452,213.0
0xe0215cdb3dcb66e9fb5a3af447392b8c44493f00,0.03843785728110154,0.043873474,0,7.992,2,1780044481,0.0,0.0,0.0,0.0,0.0,0.0,0.0,0.0,0.0,0.0,0.0,0.0,0.0,,,-0.0003870179283474863,1,0.4295547181782733,-0.27987484031660037,0.0,0.05800138687378737,776.2387000000001,8756470.0,8756470.0,9.730513902686749,537.6124004285715,7856572.0,0.0,0.5185185185185185,27.0
0x131b03259fb3d09749926a263709f6e78de288fb,0.03835917463096468,0.043375295,0,1.0,1,1779802410,-0.25247535507183244,-0.2558310609097204,-0.25247535507183244,-0.25247535507183244,-0.2558310609097204,-0.1747498822950527,-0.25247535507183244,0.07045887550917544,0.0,,-0.25247535507183244,0.0676146656454586,-0.25247535507183244,-0.4820086434309594,-0.48637233110734696,,1,0.4295547181782733,-0.05065775870127001,-0.25247535507183244,0.2500823900749487,1.0077820000000002,885943.0,885943.0,1.3467720236475547,1.0165317500000002,228116.0,0.0,0.5,4.0
0x8c57f67ac7cc69a4cf96be5747cb2ed63dc9f939,0.038332035938767425,0.04320324,0,1550.999981,3,1779744765,0.27723725647000613,0.2805929623078941,0.27723725647000613,0.27723725647000613,0.4361752830041874,0.0,0.27723725647000613,0.0,0.0,,0.27723725647000613,0.0,0.27723725647000613,,,0.050073371467778086,0,0.4295547181782733,,0.27723725647000613,0.017177250093219146,119.999998,11606233.0,11606233.0,19.33785585039205,541.0269592401847,11006051.0,,0.5633187772925764,229.0
0x05297974e034b053268edfb9e63a2ea1c12e092e,0.038304892789215124,0.043031037,0,26.81244,1,1779847461,0.11744970432606616,0.12080541016395416,0.11744970432606616,0.11744970432606616,0.12080541016395416,0.0,0.11744970432606616,0.0,0.0,,0.11744970432606616,0.0,0.11744970432606616,,,0.027629824194764768,0,0.4295547181782733,,0.11744970432606616,0.23772364194133055,2.7797539999999996,8089849.0,8089849.0,11.509606219002444,250.1916438108108,7386971.0,,0.4523809523809524,84.0
0x992d7f262b9cad1ec33bbd6c937f64ba2fff05c0,0.03824942146720813,0.04267875,0,14.999958,1,1779902534,0.06711411807185004,0.07046982390973804,0.06711411807185004,0.06711411807185004,0.07046982390973804,0.0,0.06711411807185004,0.0,0.0,,0.06711411807185004,0.0,0.06711411807185004,,,0.015890926709067978,0,0.4295547181782733,,0.06711411807185004,0.1495517132883848,25.514148,1150959.0,1150959.0,1.5185137297793656,29.127353375000002,393008.0,0.0,0.625,8.0
0x6671f281efc63413f595434d4953bba12f0dc67d,0.038143131936780136,0.042002358,0,57.57304,1,1779724435,-0.2281879969763577,-0.2315437028142457,-0.2281879969763577,-0.2281879969763577,-0.2315437028142457,0.5382999879740806,-0.2281879969763577,-0.01546350681039281,0.0,,-0.2281879969763577,-0.08221023535725777,-0.2281879969763577,-0.1146003636654795,-0.05370037569139839,,1,0.4295547181782733,0.022964195984051014,-0.2281879969763577,0.30399334843788656,57.28518,432799.0,432799.0,0.7463956319888523,67.31617357142856,-147053.0,0.0,0.75,4.0
0xc27a81e5c7513b511bb959b1df654a369198b59a,0.03802073046085163,0.041221187,0,2.0022320000000002,2,1779801430,2.6485511640544135e-05,0.00040787371104740526,2.6485511640544135e-05,2.6485511640544135e-05,0.010265976803614263,0.0,2.6485511640544135e-05,0.0,0.0,0.005400044858156834,0.0021205083939090743,0.0,0.004214531276177604,,,0.06732385596948615,1,0.4295547181782733,-0.05105808840677275,2.6485511640544135e-05,0.11499692770611847,3.9096,139884.0,139884.0,0.21296283609425026,3.859030706666667,-516963.0,0.0,0.3157894736842105,19.0
0xc79640c0800e1d17026c5c59fd4b913e49d93e82,0.03794226014198479,0.040719114,0,1.39464,1,1780014630,-0.008812468649908959,-0.012168174487796947,-0.008812468649908959,-0.008812468649908959,-0.012168174487796949,-0.021071529514709184,-0.008812468649908959,-0.008816896439427839,0.0,,-0.008812468649908959,-0.013171529601414406,-0.008812468649908959,-0.020382466840250045,-0.016816896439427846,,1,0.4295547181782733,-0.251030329696061,-0.008812468649908959,0.0710988331718818,4.44632,275124.0,275124.0,0.31621739974966867,3.1562694736842105,-594923.0,0.0,0.05263157894736842,19.0
0xaca0ea0dfb892084f732b6a5b00b477cd1549966,0.037931890527054944,0.040652692,0,9.999999,1,1779661976,0.9018736694834327,0.9052293753213208,0.9018736694834327,0.9018736694834327,0.9052293753213208,0.0,0.9018736694834327,0.0,1.0,,0.9018736694834327,0.0,0.9018736694834327,,,0.2956548052744439,0,0.4295547181782733,,0.9018736694834327,0.0037275615101434747,1.022578,3118826.0,3118826.0,6.027963269700209,1.0493278160299002,2601433.0,,0.5926966292134831,697.0
0x676d25a3d5628550207d01ad16b349a837a9812c,0.03786523878948122,0.040225342,0,4.419988,1,1779736596,0.19463096574536676,0.19798667158325475,0.19463096574536676,0.19463096574536676,0.19798667158325475,0.0,0.19463096574536676,0.0,0.0,,0.19463096574536676,0.0,0.19463096574536676,,,-0.00955956109834683,0,0.4295547181782733,,0.19463096574536676,0.3799588771845053,4.419988,4807247.0,4807247.0,8.12017134758865,4.346661999999999,4215234.0,,0.3333333333333333,3.0
0x97cc83fc25d1f86c1bf49def833f118ea993afdf,0.037814102816509064,0.039896984,0,3.91791,2,1779675147,0.0,0.0,0.0,0.0,0.0,0.0,0.0,0.0,0.0,0.18177000000000015,0.034815448068084044,0.0,0.06963089613616809,,,-0.04287205282210488,1,0.4295547181782733,0.01937350289436489,0.0,0.10577960273339415,1.7520600000000002,216430.0,216430.0,0.40792439743367437,2.6936525000000002,-314134.0,0.0,0.42857142857142855,21.0
0x3325c2f2543e997281cecddec13418747d4e9bb6,0.037798103220380797,0.03979416,0,2.8,2,1779955021,-0.030201352540988165,-0.03355705837887615,-0.030201352540988165,-0.030201352540988165,-0.04745684707275236,-0.037599999999999925,-0.030201352540988165,0.0084,0.0,,-0.030201352540988165,-0.0009000000000000111,-0.030201352540988165,-0.0727,-0.06359999999999999,,1,0.4295547181782733,-0.194749071641078,-0.030201352540988165,0.16963912594930322,1.432868,537786.0,537786.0,0.6635745115604155,5.834605893617018,-272652.0,0.0,0.3333333333333333,39.0
0x8e77537e059837d3c2ca5b4efe75e74e9498c4f3,0.03777764050252914,0.03966259,0,1209.3678,1,1779761796,0.40251354561783925,0.4058692514557273,0.40251354561783925,0.40251354561783925,0.4058692514557273,0.0,0.40251354561783925,0.0,0.0,,0.40251354561783925,0.0,0.40251354561783925,,,0.09130162949771731,0,0.4295547181782733,,0.40251354561783925,0.012972431723407004,51.428571,101047352.0,101047352.0,163.71552770275414,582.3589213558907,100430139.0,,0.7377622377622378,238.0
0xeb490d0534bb68b4c2ce139b219a728cd2c3693e,0.03767549454788744,0.03900479,0,4033.154718,2,1779901918,1.0148162368857258e-07,1.2646870743139773e-07,1.0148162368857258e-07,1.0148162368857258e-07,9.269306250059876e-05,0.0,1.0148162368857258e-07,0.0,0.0,33.16216813455721,0.0068144589837348364,0.0,0.013628816485845983,,,0.01604949417223675,1,0.4295547181782733,-0.23858139769829304,1.0148162368857258e-07,0.08559501073793851,433.999998,10067152.0,10067152.0,13.292865112532763,1183.966810273292,9309817.0,,0.375,40.0
0x67d05678b89f84f7432a4c8408143135c9b1db7a,0.037483556039180056,0.037764102,0,80.78904,6,1779751364,0.49543781264411096,0.49879351848199904,0.49543781264411096,0.49543781264411096,1.05894463201585,0.0,0.49543781264411096,0.0,0.0,,0.49543781264411096,0.0,0.49543781264411096,,,0.13354407161538023,0,0.4295547181782733,,0.49543781264411096,0.08322389094897052,12.5687,10769714.0,10769714.0,17.74893083336492,66.83942771698113,10162933.0,,0.3333333333333333,29.0
0x52f2175584b1d3c195d869848131a53aaba0bd1e,0.03745779577195071,0.037597124,0,5.789999,1,1779671123,0.7550338610748984,0.7583895669127865,0.7550338610748984,0.7550338610748984,0.7583895669127865,0.0,0.7550338610748984,0.0,1.0,,0.7550338610748984,0.0,0.7550338610748984,,,-0.006605443803384807,0,0.4295547181782733,,0.7550338610748984,0.15181026106732098,5.117679,7569299.0,7569299.0,14.375544118205644,5.677519444444445,7042759.0,,0.5555555555555556,9.0
0x0dd60a6ddeea6f93659789cac7af6a9d12835f62,0.037391046539454464,0.03716394,0,370.28084,3,1779695209,0.2886617642452576,0.29188563789956656,0.2886617642452576,0.2886617642452576,0.427334551488291,0.0,0.2886617642452576,0.0,0.0,-0.3079545631370113,0.28802741545617233,0.0,0.2873930666670871,,,0.024664693749283387,1,0.4295547181782733,-0.0236789355761868,0.2886617642452576,0.03811788058208532,96.82743,16910633.0,16910633.0,30.711650012894413,500.51885497817193,16360007.0,,0.4675324675324675,74.0
0xadc2efbf97ce7b25f7a638aabdba196c657cd1c9,0.03730555970604961,0.036608066,0,95630.55748999999,2,1780037984,1.9479020334350764e-05,0.003375184858222342,1.9479020334350764e-05,1.9479020334350764e-05,0.003857287120228692,0.0,1.9479020334350764e-05,0.0,0.0,,1.9479020334350764e-05,0.0,1.9479020334350764e-05,,,0.0005015037587696706,0,0.4295547181782733,,1.9479020334350764e-05,0.0516397653998773,557.987511,7905278.0,7905278.0,8.848521548554345,12211.816995793059,7011877.0,0.0,0.9459459459459459,37.0
0x2e50054634998f774288a0d8d022d4c0f18a561e,0.037292624405165224,0.03652385,0,1.999999,1,1779854851,-0.08389260450422188,-0.08724831034210988,-0.08389260450422188,-0.08389260450422188,-0.08724831034210988,-0.017859737532653613,-0.08389260450422188,-0.03431741202278214,0.0,,-0.08389260450422188,-0.05604094143454685,-0.08389260450422188,-0.11159999851860046,-0.09527645423523454,,1,0.4295547181782733,-0.10017117871605577,-0.08389260450422188,0.0776330803893188,7.729914000000001,204985.0,204985.0,0.28860233038796623,9.650757541666666,-505283.0,0.0,0.045454545454545456,22.0
0x412c3ca9d9d0ad58016ee768d36c396e5e352d87,0.037281537821549436,0.036451645,0,107.05284,1,1779745682,0.3558821343125609,0.3592378401504489,0.3558821343125609,0.3558821343125609,0.3592378401504489,0.0,0.3558821343125609,0.0,0.0,,0.3558821343125609,0.0,0.3558821343125609,,,0.08530426641756331,0,0.4295547181782733,,0.3558821343125609,0.025158253336831415,34.999999,7625628.0,7625628.0,12.686143214345723,116.11144992732855,7024529.0,,0.26993865030674846,163.0
0xd243c702432f5408080e1b37d9c8e0e285308d02,0.037237636191279275,0.036165524,0,5.991,2,1780033547,0.0,0.0,0.0,0.0,0.0,0.0,0.0,0.0,0.0,-0.0029999999999996696,-0.0004194632297359058,0.0,-0.0008389264594718115,,,-9.999999999999906e-05,1,0.4295547181782733,-0.2703405729435658,0.0,0.11605118203560731,745.8186599999999,8694710.0,8694710.0,9.780722278967428,459.63108555555544,7805746.0,0.0,0.631578947368421,19.0
0x7d34bae750bc84fd97c5c13315e3d21449b1e004,0.03711228922011391,0.03534681,0,21.48372,1,1780003888,-0.01006711751366211,-0.013422823351550102,-0.01006711751366211,-0.01006711751366211,-0.013422823351550102,-0.010799916038067459,-0.01006711751366211,-0.017020092846087964,0.0,,-0.01006711751366211,-0.023485714285712497,-0.01006711751366211,-0.023699999999999107,-0.01702009284608886,,1,0.4295547181782733,-0.24088801437410245,-0.01006711751366211,0.02453905398354699,20.197989,387650.0,387650.0,0.4511203821693112,18.86765544705882,-471655.0,0.0,0.4918032786885246,61.0
0x7fa358ab4136b33fdda6426062d1b214d1fa86e8,0.037074943267719235,0.035102367,0,28.540637999999998,2,1779758317,0.4460092030446604,0.44925930070164505,0.4460092030446604,0.4460092030446604,0.45650003292817865,0.0,0.4460092030446604,0.0,0.0,0.0625193282604366,0.44759635509487133,0.0,0.4491835071450823,,,0.10940266972911387,1,0.4295547181782733,-0.1253674016430513,0.4460092030446604,0.064208349450679,12.8389,7455248.0,7455248.0,12.14736025704947,112.00872012142855,6841514.0,,0.7123287671232876,73.0
0x6b133170edaaae9d61c296ae8c7b9f43bb3bf125,0.03705081799744513,0.034944333,0,0.01344,1,1779671753,0.748322401848938,0.7516781076868259,0.748322401848938,0.748322401848938,0.7516781076868259,0.0,0.748322401848938,0.0,1.0,,0.748322401848938,0.0,0.748322401848938,,,0.10505908955734282,0,0.4295547181782733,,0.748322401848938,0.06570396021681742,4.602,9712645.0,9712645.0,18.424123148130583,53.55522310153641,9185475.0,,0.45217391304347826,111.0
0x3d03c46d2e4594ea6fa03f7b571342d8ee249d52,0.0370248965596941,0.034774423,0,1.13,1,1779671743,0.7550338135247131,0.758389519362601,0.7550338135247131,0.7550338135247131,0.758389519362601,0.0,0.7550338135247131,0.0,1.0,,0.7550338135247131,0.0,0.7550338135247131,,,0.1086052084510394,0,0.4295547181782733,,0.7550338135247131,0.0,0.0,4096158.0,4096158.0,7.770236740268609,0.0,3568998.0,0.0,,0.0
0x420e8deb590ad77ff5b2f6776cea2b1fc6dee3c9,0.03697709595912311,0.034460798,0,894.75106,6,1779759570,0.4748283238977185,0.4781840297356065,0.4748283238977185,0.4748283238977185,1.053322865676515,0.0,0.4748283238977185,0.0,0.0,,0.4748283238977185,0.0,0.4748283238977185,,,0.10975734813943233,0,0.4295547181782733,,0.4748283238977185,0.02636454408932885,10.2,34891963.0,34891963.0,56.736098486634674,81.14620804154448,34276976.0,,0.4742857142857143,169.0
0xc983c8d34c8653c6acc257b5b47d1f10ab7e3218,0.03697431564568277,0.034442544,0,5.669999,1,1779670906,0.7516781994213014,0.7550339052591893,0.7516781994213014,0.7516781994213014,0.7550339052591892,0.0,0.7516781994213014,0.0,1.0,,0.7516781994213014,0.0,0.7516781994213014,,,0.006494291022936316,0,0.4295547181782733,,0.7516781994213014,0.11817596488143453,7.747719,7566962.0,7566962.0,14.377030834677566,6.845414444444444,7040639.0,,0.4444444444444444,9.0
0x9e08b77c249ca28b03df98b788a883e453d5e8c6,0.03694030372850074,0.034219135,0,106.91104,1,1779868351,-0.07718123427141485,-0.08053694010930285,-0.07718123427141485,-0.07718123427141485,-0.08053694010930285,-0.03289995753439126,-0.07718123427141485,-0.011196341580888254,0.0,,-0.07718123427141485,-0.05609999954961982,-0.07718123427141485,-0.17640000000000017,-0.13119634173816788,,1,0.4295547181782733,-0.1129175254714496,-0.07718123427141485,0.770538374748017,89.999999,3611379.0,3611379.0,4.989691448088338,75.63701300000001,2887611.0,0.0,1.0,2.0
0xbcc276705fb6d5a22e4aef994ede92f109918c9a,0.036911096271977493,0.034027126,0,7.92508,2,1779659489,0.8692280758661248,0.8725837817040127,0.8692280758661248,0.8692280758661248,1.234756277128292,0.0,0.8692280758661248,0.0,1.0,,0.8692280758661248,0.0,0.8692280758661248,,,0.30180325065635344,0,0.4295547181782733,,0.8692280758661248,0.0,0.0,6647546.0,6647546.0,12.910212737858949,0.0,6132640.0,,,0.0
0xf41f1b496e2b908babc215d6401d67a596d519d2,0.03687161241956917,0.033767328,0,7.04303,6,1779675185,0.27810596961069617,0.2814616754485842,0.27810596961069617,0.27810596961069617,0.7185367131522824,0.0,0.27810596961069617,0.0,0.0,,0.27810596961069617,0.0,0.27810596961069617,,,0.0034954796994947843,0,0.4295547181782733,,0.27810596961069617,0.0055144898026463635,0.34,6234392.0,6234392.0,11.74965793570322,0.5272996931114551,5703790.0,,0.5789473684210527,494.0
0xe650048e26e7309785261ffb541e8a25fa8b267d,0.036866731495128605,0.033735193,0,9.985,2,1780037207,0.0,0.0,0.0,0.0,0.0,0.0,0.0,0.0,0.0,-0.0050000000000000044,-0.00041946322973595234,0.0,-0.0008389264594719047,,,-9.999999999998812e-05,1,0.4295547181782733,-0.2727198910045726,0.0,0.061043183573570144,755.57556,9235158.0,9235158.0,10.346078528025238,489.69626794520553,8342534.0,0.0,0.4838709677419355,31.0
0xb6d501cb7ce66a8b8a0fe8628a9e97748cf16564,0.03686217988298053,0.033705223,0,3.60051,2,1779676212,0.07965127893382379,0.23386971261420592,0.07965127893382379,-0.0271153289987484,0.3290928721038992,0.0,0.06609361405835758,0.0,0.0,0.12737000000000004,0.08940964086468556,0.0,0.09916800279554734,,,-0.028792130771794062,1,0.4295547181782733,0.031060486608310428,0.07965127893382379,0.04914837459310621,1.479639,1137571.0,1137571.0,2.139783570873673,2.9957215795454544,605942.0,0.0,0.3411764705882353,85.0
0x1d0acfa6db1cc256954de825a95991eab6cded66,0.03683592630612177,0.033532288,0,14.82789,2,1779662281,0.32812999434776885,0.32958834987820357,0.32812999434776885,0.32812999434776885,0.49995634834617675,-0.34948351929013405,0.32812999434776885,-0.2772847102008938,0.0,-0.5582499999999991,0.32071265674877947,-0.2772847102008938,0.3132953191497901,-1.1187626172669831,-1.1187626172669831,,1,0.4295547181782733,0.0816483764458842,0.32812999434776885,0.021431383949748396,4.11894,2357093.0,2357093.0,4.553027054383057,6.560226337209303,1839395.0,0.0,0.26136363636363635,88.0
0x2a83863ca7833ec5c05579b832f6fbb3d810aff7,0.036794382210332724,0.03325839,0,9.99,2,1780044478,0.0,0.0,0.0,0.0,0.0,0.0,0.0,0.0,0.0,0.0,0.0,0.0,0.0,,,-0.0003870179283474863,1,0.4295547181782733,-0.2804300145308353,0.0,0.10846686579071424,755.13557,8707295.0,8707295.0,9.675901077347913,430.236438,7807400.0,0.0,0.47368421052631576,19.0
0x3f17b43bda4520a17869cac63b6f7b5bf2074bc8,0.036794382210332724,0.03325839,0,18.90108,2,1780044478,0.0,0.0,0.0,0.0,0.0,0.0,0.0,0.0,0.0,0.0,0.0,0.0,0.0,,,-0.000387017928347364,1,0.4295547181782733,-0.2802147428967442,0.0,0.0481041138263894,754.7688,9243689.0,9243689.0,10.27196395134988,443.6398320408164,8343794.0,0.0,0.38095238095238093,42.0
0x4e47fcf13cbb72890c722b52089005d0dcd76d7b,0.03678735699086762,0.033212043,0,52.788379,2,1779745273,-1.5314622399590484e-06,-2.1045770666297937e-06,-1.5314622399590484e-06,-1.5314622399590484e-06,-0.0009737573481253594,-0.09213695114428723,-1.5314622399590484e-06,0.04631333985275761,0.0,-30.19123138590359,-0.04098286687832593,0.01898940792274604,-0.0819642022944119,-0.9129495160936745,-0.8593737564534635,,1,0.4295547181782733,0.0032895016367253407,-1.5314622399590484e-06,0.1142693286174851,49.04538,280994.0,280994.0,0.4677853801461652,54.48947012903225,-319696.0,0.0,0.36363636363636365,11.0
0x6b1fe46602b39d66ef1dea587e386a930dbc3fd0,0.03674215677701793,0.032913648,0,16.54434,1,1779894419,0.05704699924408908,0.06040270508197708,0.05704699924408908,0.05704699924408908,0.06040270508197708,0.0,0.05704699924408908,0.0,0.0,,0.05704699924408908,0.0,0.05704699924408908,,,0.016014307815843006,0,0.4295547181782733,,0.05704699924408908,0.34095052701551365,18.272169499999997,3459855.0,3459855.0,4.614148960572712,120.33022816,2710019.0,0.0,0.46875,31.0
0x86eec28560da22cab276ba9db1cfaf555c05511f,0.03671334064631617,0.03272323,0,31.68234,5,1779671764,0.7442998025723815,0.7476555084102695,0.7442998025723815,0.7442998025723815,1.269743673572908,0.0,0.7442998025723815,0.0,1.0,,0.7442998025723815,0.0,0.7442998025723815,,,0.10329551360178149,0,0.4295547181782733,,0.7442998025723815,0.007016600805689119,8.046541,11007896.0,11007896.0,20.880676655645782,34.880259471707824,10480715.0,,0.4213197969543147,556.0
0x68090d2a55fe26e370b1f793dcc3bd4eb1c96398,0.03668364077969197,0.03252682,0,0.999999,1,1779754509,0.6140942340516405,0.6174499398895286,0.6140942340516405,0.6140942340516405,0.6174499398895286,0.0,0.6140942340516405,0.0,1.0,,0.6140942340516405,0.0,0.6140942340516405,,,0.21587541079058725,0,0.4295547181782733,,0.6140942340516405,0.0018658763773411239,0.999998,9353062.0,9353062.0,15.33474880559281,1.3943969244897958,8743136.0,0.0,0.8766666666666667,900.0
0xa5c2aff25b57bb576d765d0004ab9fd225c238d2,0.03664368558534562,0.03226235,0,94.99572,1,1779662258,0.8264271824103805,0.8297828882482684,0.8264271824103805,0.8264271824103805,0.8297828882482685,0.0,0.8264271824103805,0.0,1.0,,0.8264271824103805,0.0,0.8264271824103805,,,0.26659385043862616,0,0.4295547181782733,,0.8264271824103805,0.08428471214323048,13.6665995,15216581.0,15216581.0,29.394081228570048,22.230182204545454,14698906.0,,0.15384615384615385,26.0
0x2b221c40a708c0d1f3ac11617402f1d9ef5bdd46,0.03658583717753502,0.031878952,0,2.549993,1,1779684262,0.41275190567197145,0.4161076115098594,0.41275190567197145,0.41275190567197145,0.4161076115098594,0.0,0.41275190567197145,0.0,0.0,,0.41275190567197145,0.0,0.41275190567197145,,,-0.019214748555699532,0,0.4295547181782733,,0.41275190567197145,0.15367477556897274,8.457589,7730442.0,7730442.0,14.324148243678186,8.953498111111111,7190763.0,,0.5555555555555556,9.0
0xe4dcff11f04c4a8005b43e09fdd126ebcc4ebdcb,0.03655819636740888,0.031695552,0,5.94832,1,1779787827,0.3187920545993234,0.3221477604372114,0.3187920545993234,0.3187920545993234,0.3221477604372114,0.0,0.3187920545993234,0.0,0.0,,0.3187920545993234,0.0,0.3187920545993234,,,0.08508202306386599,0,0.4295547181782733,,0.3187920545993234,0.018675725003680456,2.95309,7147826.0,7147826.0,11.11215339746659,3.4280679022222222,6504582.0,0.0,0.6238532110091743,109.0
0x087b959eb9e374bbab7b69d39a4b58efd5dccdcf,0.03654654385563189,0.031618197,0,26.42889,2,1779755902,0.3520335518393511,0.35480546957036996,0.3520335518393511,0.3520335518393511,0.3903840628799076,-0.06610814276554823,0.3520335518393511,-0.04511880848355401,0.0,-0.6227100000000007,0.34831190265806056,-0.048450309895276815,0.3445902534767701,-1.2859628829347591,-1.240262894960678,,1,0.4295547181782733,-0.0067461220420214005,0.3520335518393511,0.010833884433703603,4.9995,,,,5.640592386454183,,,0.4470588235294118,168.0
0x61aa62a4f6a2f3363dec8b104669bb67f6b431eb,0.03650353095883581,0.031332448,0,10.91024,8,1779666073,0.571303783422118,0.574659489260006,0.571303783422118,0.571303783422118,1.665007546521964,0.0,0.571303783422118,0.0,0.6435632946662952,,0.571303783422118,0.0,0.571303783422118,,,0.052579816552038625,0,0.4295547181782733,,0.571303783422118,0.02870095360539962,1.69776,9538699.0,9538699.0,18.291240483997775,2.020249774859287,9017209.0,,0.32,75.0
0x0a044d7a3cd74535665c3567523038739fa234d1,0.03647794766533265,0.031162336,0,1.729995,1,1779686397,0.3959733435553228,0.3993290493932108,0.3959733435553228,0.3959733435553228,0.39932904939321084,0.0,0.3959733435553228,0.0,0.0,,0.3959733435553228,0.0,0.3959733435553228,,,-0.023676818950386244,0,0.4295547181782733,,0.3959733435553228,0.12651138915038967,5.423569,7466690.0,7466690.0,13.780910054003773,5.254136181818182,6924876.0,,0.7272727272727273,11.0
0x122cdd9db64fd8dc3ebab813218e3effe21f821f,0.036463831693783685,0.031068426,0,31.07294,2,1779921232,-0.2604695254409411,-0.26382523127882906,-0.2604695254409411,-0.2604695254409411,-0.34087899028990326,-0.5622180452434455,-0.2604695254409411,-0.5576211269387445,0.0,,-0.2604695254409411,-0.5633211269387445,-0.2604695254409411,-0.6355500000000001,-0.6306499999999999,,1,0.4295547181782733,-0.16284638197307783,-0.2604695254409411,0.2900194816604467,9.999998,123091657.0,123091657.0,158.49071717081978,1399.1857624476074,122315008.0,0.0,0.5666666666666667,30.0
0x0c455e571e9fdf245dee3316db2490d044cd06d0,0.03645739476665271,0.03102559,0,7.649997,1,1779750552,0.43288605308750244,0.4362417589253904,0.43288605308750244,0.43288605308750244,0.4362417589253904,0.0,0.43288605308750244,0.0,0.0,,0.43288605308750244,0.0,0.43288605308750244,,,0.10794500182056015,0,0.4295547181782733,,0.43288605308750244,0.004828685275891991,1.0499995,7697322.0,7697322.0,12.702501283068935,2.434672437014668,7091353.0,0.0,0.4707692307692308,325.0
0xdf77cadcd9f57e5858b3e51463bdbe6b2e8797f8,0.03645687699379255,0.031022144,0,33.478,1,1779745183,0.39597328887073824,0.39932899470862626,0.39597328887073824,0.39597328887073824,0.39932899470862626,0.0,0.39597328887073824,0.0,0.0,,0.39597328887073824,0.0,0.39597328887073824,,,0.09296765406617397,0,0.4295547181782733,,0.39597328887073824,0.10685751239449276,2.2,3001987.0,3001987.0,4.998313353313353,12.033375939849625,2401387.0,0.0,0.3793103448275862,29.0
0x671fbe25b0840bb72aac151a07b7a700cf5e3dad,0.03645348253822115,0.030999552,0,1.999998,1,1779680839,0.419464215186605,0.42281992102449295,0.419464215186605,0.419464215186605,0.42281992102449295,0.0,0.419464215186605,0.0,0.0,,0.419464215186605,0.0,0.419464215186605,,,0.006043571245354517,0,0.4295547181782733,,0.419464215186605,0.04209806754931555,0.999999,8429366.0,8429366.0,15.718921559852012,6.060071947126437,7893110.0,,0.639344262295082,121.0
0x2d811b8d15236dabe92b2f3610a01cc9dbcafe57,0.03644843969274877,0.030965986,0,25.05638,2,1779758770,0.4469651755075544,0.4503208813454424,0.4469651755075544,0.4469651755075544,0.6368498978185299,0.0,0.4469651755075544,0.0,0.0,,0.4469651755075544,0.0,0.4469651755075544,,,0.09733413370391686,0,0.4295547181782733,,0.4469651755075544,0.027554045447198576,5.8309999999999995,12001797.0,12001797.0,19.540949254868632,20.746021207070704,11387610.0,0.0,0.57847533632287,207.0
0xafd6e9be7e69ce39c183b61806dc47a232b1743e,0.03644357042030443,0.03093357,0,1.2801,1,1779664311,0.852349282823454,0.855704988661342,0.852349282823454,0.852349282823454,0.855704988661342,0.0,0.852349282823454,0.0,1.0,,0.852349282823454,0.0,0.852349282823454,,,0.21577291471923662,0,0.4295547181782733,,0.852349282823454,0.1306615335389061,12.43742,,,,27.80081891549296,,,0.4,15.0
0x4ad4aa15ca7c8746e38f34d16bb04cc733621704,0.03642290613316068,0.030795958,0,13.425,1,1779688714,0.3489934071403116,0.3523491129781996,0.3489934071403116,0.3489934071403116,0.3523491129781996,0.0,0.3489934071403116,0.0,0.0,,0.3489934071403116,0.0,0.3489934071403116,,,-0.056627945114542486,0,0.4295547181782733,,0.3489934071403116,0.014142022840061972,41.0601,49045657.0,49045657.0,90.13575223613431,137.6245815490519,48501526.0,0.0,0.6063829787234043,282.0
0x842a27a44cb5bc53e694b8c88e0258168f43e47f,0.03639225354348708,0.03059169,0,0.27548,1,1779787841,0.3221477604372107,0.32550346627509874,0.3221477604372107,0.3221477604372107,0.32550346627509874,0.0,0.3221477604372107,0.0,0.0,,0.3221477604372107,0.0,0.3221477604372107,,,0.08610365013937005,0,0.4295547181782733,,0.3221477604372107,0.007056828045532489,2.499998,6355026.0,6355026.0,9.879435623031505,3.616007354885058,5711768.0,,0.3902439024390244,451.0
0x5806c5f521ea8bc758562ddd158373d09ff63f09,0.03631723036031452,0.030091042,0,2.488705,2,1779813230,0.0005580663734297529,0.0005657111129377196,0.0005580663734297529,0.0005580663734297529,0.011852372881320395,0.0,0.0005580663734297529,0.0,0.0,0.09417006569997019,0.031109145210825667,0.0,0.061660224048221586,,,0.05977849272423619,1,0.4295547181782733,-0.31744446133466525,0.0005580663734297529,0.4571683495295728,1.209987,,,,2.3645418333333335,,,0.0,9.0
0xeb2d19bc7158876347bb833120f1e04bd6f86f71,0.03629683845748882,0.02995479,0,0.00036,1,1779982692,0.0067114116757748575,0.010067117513662849,0.0067114116757748575,0.0067114116757748575,0.010067117513662849,0.0,0.0067114116757748575,0.0,0.0,,0.0067114116757748575,0.0,0.0067114116757748575,,,0.0023090338685250243,0,0.4295547181782733,,0.0067114116757748575,0.04338177435932457,1.049689,413034.0,413034.0,0.49281656681887437,1.7220243586206896,-425075.0,0.0,0.43636363636363634,55.0
0xca1f9b9d67d947c8007d9814e8f9d6045cccd282,0.036285404581326036,0.02987836,0,17.12,1,1779753771,0.47986593481792833,0.4832216406558164,0.47986593481792833,0.47986593481792833,0.48322164065581635,0.0,0.47986593481792833,0.0,0.0,,0.47986593481792833,0.0,0.47986593481792833,,,0.13105350937755858,0,0.4295547181782733,,0.47986593481792833,0.0,0.0,4235044.0,4235044.0,6.9519491519859224,0.0,3625856.0,,,0.0
0x17cf29b47a2426d432214472eee58c647fdc60f7,0.03627507742126927,0.029809307,0,17.16,1,1779760167,0.47315452314215345,0.4765102289800415,0.47315452314215345,0.47315452314215345,0.4765102289800414,0.0,0.47315452314215345,0.0,0.0,,0.47315452314215345,0.0,0.47315452314215345,,,0.1072848129714321,0,0.4295547181782733,,0.47315452314215345,0.01620100402944871,3.0397499999999997,14746966.0,14746966.0,23.956057987212144,17.847308452486676,14131382.0,0.0,0.5,310.0
0xbb9f12f1bd43d876d60e01e563f9cb6998ef1893,0.03625769934813434,0.029693067,0,4.30637,1,1779751560,0.4563759939527154,0.4597316997906033,0.4563759939527154,0.4563759939527154,0.45973169979060335,0.0,0.4563759939527154,0.0,0.0,,0.4563759939527154,0.0,0.4563759939527154,,,0.11042902730809923,0,0.4295547181782733,,0.4563759939527154,0.023031931404211847,7.65,18402360.0,18402360.0,30.318051590093198,18.373034690995638,17795383.0,0.0,0.6578947368421053,256.0
0x5188fa0e8a77e87bc6a58e6781fdfc4e165cc804,0.03622010882551135,0.029441444,0,84161.92151999999,10,1779751926,0.17628821771743913,0.17960299119850182,0.17628821771743913,0.17628821771743913,0.660909245918497,0.0,0.17628821771743913,0.0,0.02949794711233017,4.3339643534021075,0.17632901493921257,0.0,0.17636981216098602,,,0.14170653010218556,1,0.4295547181782733,-0.00811139740559914,0.17628821771743913,0.10443105595565612,16.999998,28711395.0,28711395.0,47.27377281042179,1153.8517963619443,28104052.0,,0.58,47.0
0xdc9aefe5cac0a97f7ec5991c811cc062ca1f6d83,0.0362194902783855,0.029437302,0,0.87,1,1779730798,-0.1912752327595937,-0.1946309385974817,-0.1912752327595937,-0.1912752327595937,-0.1946309385974817,0.7575999879740813,-0.1912752327595937,0.5495991855739607,0.0,,-0.1912752327595937,0.4835991957728796,-0.1912752327595937,-0.07249072796141694,-0.010399739987335774,,1,0.4295547181782733,0.016956417880008724,-0.1912752327595937,0.3599532791610925,20.767,,,,24.1038119,,,0.25,4.0
0xa0d3dd54417e307f5a4001f6a493325363934e14,0.03617809077466974,0.029159887,0,4.999998,1,1779783871,0.35570540555935937,0.35906111139724733,0.35570540555935937,0.35570540555935937,0.35906111139724733,0.0,0.35570540555935937,0.0,0.0,,0.35570540555935937,0.0,0.35570540555935937,,,0.10001073993112863,0,0.4295547181782733,,0.35570540555935937,0.05813703881652597,1.017589,2981769.0,2981769.0,4.664202988324511,3.646384759036145,2342481.0,0.0,0.3181818181818182,66.0
0xfe495635aad93a476355c5ce38ae0af530197a4c,0.03617456601741406,0.029136254,0,206.30274,2,1779664169,0.7740629454706027,0.7774186513084906,0.7740629454706027,0.7740629454706027,1.0821614272462678,0.0,0.7740629454706027,0.0,1.0,,0.7740629454706027,0.0,0.7740629454706027,,,0.16389286975239378,0,0.4295547181782733,,0.7740629454706027,0.0,0.0,18565695.0,18565695.0,35.73170755178161,0.0,18046109.0,0.0,,0.0
0x12d6cccfc7470a3f4bafc53599a4779cbf2cf2a8,0.03613949397815887,0.028900977,0,41.97952,1,1779660487,0.879194929526555,0.8825506353644429,0.879194929526555,0.879194929526555,0.8825506353644429,0.0,0.879194929526555,0.0,1.0,,0.879194929526555,0.0,0.879194929526555,,,0.2829825897851472,0,0.4295547181782733,,0.879194929526555,0.0,0.0,37866114.0,37866114.0,73.39759722739115,0.0,37350210.0,0.0,,0.0
0x7c8d8ab261880ea40ee833f6914bf27ae60d31e4,0.03612688096272939,0.02881631,0,9.999994,1,1779758770,0.42849910437340766,0.43185481021129557,0.42849910437340766,0.42849910437340766,0.4318548102112956,0.0,0.42849910437340766,0.0,0.0,,0.42849910437340766,0.0,0.42849910437340766,,,0.08908069692159469,0,0.4295547181782733,,0.42849910437340766,0.02832826667089306,10.091165499999999,12457373.0,12457373.0,20.282703801936545,84.10698620376431,11843186.0,,0.4888888888888889,225.0
0x3a2fdd49d3ef7f99893549673a773f32a5cd312b,0.03611460111555035,0.028733853,0,1.169999,1,1779736491,-0.20805359914565863,-0.21140930498354663,-0.20805359914565863,-0.20805359914565863,-0.21140930498354663,0.5001003906518074,-0.20805359914565863,0.925836405256971,0.0,,-0.20805359914565863,0.857236407579812,-0.20805359914565863,-0.06769663871045431,0.0006574632897099475,,1,0.4295547181782733,0.01158123624456746,-0.20805359914565863,0.28560846563736725,7.0149985,7518972.0,7518972.0,12.702940321806768,8.671425166666666,6927064.0,,0.3333333333333333,6.0
0xbd0477e08d82d35a855ff19644a88a9213d8fbb0,0.036107288209486124,0.028684735,0,991.0415399999999,4,1779921922,-0.07380540509870441,-0.0771611109365924,-0.07380540509870441,-0.07380540509870441,-0.14512979503922518,-0.11725115901893998,-0.07380540509870441,-0.12629778167292463,0.0,,-0.07380540509870441,-0.1395669768759693,-0.07380540509870441,-0.15331819008061598,-0.14086862068608816,,2,0.4295547181782733,-0.1634978619183535,-0.07380540509870441,0.17480268250250083,267.75835,3111722.0,3111722.0,4.0030437170912565,418.5932455833333,2334383.0,,0.0,15.0
0x53763c82105dee3d492440634d14eb5da5e6ce3e,0.03609864406899779,0.028626664,0,3.709994,1,1779682092,0.41275184024586,0.416107546083748,0.41275184024586,0.41275184024586,0.416107546083748,0.0,0.41275184024586,0.0,0.0,,0.41275184024586,0.0,0.41275184024586,,,0.002722514096105187,0,0.4295547181782733,,0.41275184024586,0.023061520721881612,1.46484,2736250.0,2736250.0,5.090612436256881,4.447776111111111,2198741.0,0.0,0.4069767441860465,86.0
0xa276cb94ae379c866011aeda73ad29cdace23584,0.036075528421114764,0.028471306,0,13.610726,8,1779745364,-2.4275639820525985e-06,-4.469850010651464e-06,-2.4275639820525985e-06,-2.4275639820525985e-06,-0.0008711144565529627,-0.17798971802389418,-2.4275639820525985e-06,-0.09193496924930421,0.0,-1.0972525149819807,-0.019165328183570196,-0.09803284268470787,-0.038328228803158344,-0.9501143547152987,-0.9304752769755495,,2,0.4295547181782733,0.003203581817855649,-2.4275639820525985e-06,0.01646897359589293,1.1753550000000001,207188.0,207188.0,0.3448644347940431,3.063554923295454,-393593.0,0.0,0.42433234421364985,337.0
0xd64dae50dd98a0a4182eafd900b845b0e0119138,0.03605725706545145,0.028348438,0,17.803339,2,1779682091,-1.2743831286915844e-06,-3.340410521387188e-06,-1.2743831286915844e-06,-1.2743831286915844e-06,-0.0012025044805998861,-0.25001607101110096,-1.2743831286915844e-06,-0.13185098626461797,0.0,-4.19648923601179,-0.020644634828285137,-0.1558511654501361,-0.04128799527344158,-0.25786068236947046,-0.24526069439538933,,1,0.4295547181782733,0.06294429279963593,-1.2743831286915844e-06,0.02776762376268139,11.0,37900.0,37900.0,0.0705105784472045,10.057225918367346,-499608.0,0.0,0.0,43.0
0x963f6cdea2c81c70e318f77408459a0e1ed54487,0.03604909096395256,0.028293505,0,0.50326,1,1779757493,0.4723604969720618,0.47571620280994975,0.4723604969720618,0.4723604969720618,0.47571620280994975,0.0,0.4723604969720618,0.0,0.0,,0.4723604969720618,0.0,0.4723604969720618,,,0.10436272221998964,0,0.4295547181782733,,0.4723604969720618,0.0,0.0,6799110.0,6799110.0,11.093162128208057,0.0,6186200.0,,,0.0
0x1d603dad31fac599c1de6b6002d066993460453d,0.03595714578253069,0.027674165,0,297.02268,1,1780104337,3.725581885091884e-16,-0.0033557058378876187,3.725581885091884e-16,3.725581885091884e-16,-0.0033557058378876187,1.2627177263802024e-07,3.725581885091884e-16,0.0008999999999999676,0.0,,3.725581885091884e-16,-8.673617379884036e-20,3.725581885091884e-16,9.2148511043888e-16,0.0009000000000008556,,1,0.4295547181782733,-0.33572933179873615,3.725581885091884e-16,0.03306638171537758,302.429989,4632740.0,4632740.0,4.827007754070314,838.1750039111747,3672986.0,0.0,0.5595238095238095,203.0
0x5de72afd53f4860470ee0f4a11bf0eabddb1540c,0.03595572209096923,0.027664563,0,21.22638,1,1779782387,0.35279173057821667,0.3561474364161047,0.35279173057821667,0.35279173057821667,0.35614743641610463,0.0,0.35279173057821667,0.0,0.0,,0.35279173057821667,0.0,0.35279173057821667,,,0.1051817417405258,0,0.4295547181782733,,0.35279173057821667,0.019600181970444584,12.7728,33556989.0,33556989.0,52.61332478316223,37.20479910043668,32919185.0,,0.5766871165644172,317.0
0x44143c9497f5c34b72bac7741b0aaea6b488c9ff,0.03594831203832811,0.02761458,0,3.0622,1,1779685916,0.40604040638440103,0.40939611222228905,0.40604040638440103,0.40604040638440103,0.40939611222228905,0.0,0.40604040638440103,0.0,0.0,,0.40604040638440103,0.0,0.40604040638440103,,,-0.011265157446089658,0,0.4295547181782733,,0.40604040638440103,0.024099049144721694,6.3438,7830278.0,7830278.0,14.464808167985325,14.347868344512197,7288945.0,,0.22813688212927757,263.0
0xa9a5c5043161d6388f03744cf460cb93ad882756,0.03594462053954932,0.027589677,0,4.33326,2,1779674636,0.477502292809099,0.4808579986469871,0.477502292809099,0.477502292809099,0.4824943659053485,0.0,0.477502292809099,0.0,0.0,,0.477502292809099,0.0,0.477502292809099,,,-0.023569853071567684,0,0.4295547181782733,,0.477502292809099,0.008325276794010834,5.9587900000000005,3097612.0,3097612.0,5.8439665467415525,6.523607158866994,2567559.0,,0.3552123552123552,259.0
0xbeccf1ec86abb15649df4d4023821f2f557ff560,0.03593767891503709,0.02754284,0,4.425,1,1779685902,0.38255046551918775,0.3859061713570758,0.38255046551918775,0.38255046551918775,0.3859061713570758,0.0,0.38255046551918775,0.0,0.0,,0.38255046551918775,0.0,0.38255046551918775,,,-0.020243437526358182,0,0.4295547181782733,,0.38255046551918775,0.016041354412249496,3.5,8459605.0,8459605.0,15.627762927220363,8.647349665467626,7918286.0,,0.3614457831325301,439.0
0xc99e5fc8747b4caab5e670e39ea5cff1a89c5a7d,0.035931056795292064,0.027498152,0,6.064,2,1779693198,0.2371694449542332,0.23983427017843842,0.2371694449542332,0.2371694449542332,0.2691341551172893,-0.009397030719301163,0.2371694449542332,0.017129410526743726,0.0,0.05600000000000005,0.23786032556791595,0.01144705882352949,0.2385512061815987,-0.07637788215200714,-0.025600012025919168,,1,0.4295547181782733,0.05245735402836487,0.2371694449542332,0.09824730351634328,12.597,2673244.0,2673244.0,4.8727140162044424,13.722563218390809,2124629.0,0.0,0.47058823529411764,17.0
0x75978edaeed0b4aba863a73f7bcb4ab6205e5f01,0.03588753220664868,0.027204234,0,4.999993,1,1779763285,0.4261746788668252,0.42953038470471316,0.4261746788668252,0.4261746788668252,0.42953038470471316,0.0,0.4261746788668252,0.0,0.0,,0.4261746788668252,0.0,0.4261746788668252,,,0.10574259979371083,0,0.4295547181782733,,0.4261746788668252,0.03842677203794922,5.7,23754986.0,23754986.0,38.3948750771777,14.422292761170215,23136284.0,,0.5960365853658537,655.0
0xeac36b9a23ef0fc5a48dae1c4ec1bfc4f4c09270,0.03586645816303366,0.0270618,0,1.55555,2,1779953877,-6.704733972130973e-08,-1.5085651248724047e-07,-6.704733972130973e-08,-6.704733972130973e-08,-6.749867230021564e-05,-0.014650073550618103,-6.704733972130973e-08,0.013700068058341118,0.0,-0.4444400099999002,-0.0016779116231177553,0.007700038751226463,-0.0033557561988957893,-0.064000000729,-0.052600000747,,1,0.4295547181782733,-0.19366893677528757,-6.704733972130973e-08,0.8325900730968427,4.67515,,,,3.61505,,,0.0,2.0
0x81de0770551ca28dc0dc7fa148406d40bdfc20d4,0.03578937773542517,0.026540143,0,1.13539,2,1779671746,0.36334639726887036,0.3667021031067583,0.36334639726887036,0.36334639726887036,0.5285184789854077,0.0,0.36334639726887036,0.0,0.9952527325412414,,0.36334639726887036,0.0,0.36334639726887036,,,0.0543026042255197,0,0.4295547181782733,,0.36334639726887036,0.1114908848702505,2.039999,,,,5.131569723404255,,,0.04938271604938271,81.0
0x4c70947f862f83590c7084ac900736cea7e3f74d,0.035747765581598166,0.026258076,0,53.28156799999999,10,1779749607,-8.392152809696898e-07,-1.0402177215645695e-06,-8.392152809696898e-07,-8.392152809696898e-07,-0.0009408352155122588,-0.30396782491231433,-8.392152809696898e-07,-0.1603480979324668,0.0,-2.0663355089599866,-0.031494506214432214,-0.1811791200519081,-0.06298817321358346,-1.1230834620461705,-1.0752241112992653,,1,0.4295547181782733,-0.0008025477586729448,-8.392152809696898e-07,0.25565872231960296,2.5399599999999998,461067.0,461067.0,0.7620639842386417,6.31433456,-143957.0,0.0,0.125,16.0
0xb0b048c8d090c3437b25066bd8605895853527a4,0.03574768181847299,0.026257508,0,7.9879999999999995,2,1780033729,0.0,0.0,0.0,0.0,0.0,0.0,0.0,0.0,0.0,-0.0040000000000000036,-0.00041946322973595234,0.0,-0.0008389264594719047,,,1.1288729301946567e-18,1,0.4295547181782733,-0.26991758306605346,0.0,0.09755789511940961,582.4826,9410036.0,9410036.0,10.583229300924707,350.7493348717949,8520890.0,0.0,0.2857142857142857,21.0
0x633b7fa8a2670cd8d67bfef03b6fc21cb8aeff9e,0.03573797975730036,0.026191697,0,1.0241,1,1779717896,0.2281879969763577,0.2315437028142457,0.2281879969763577,0.2281879969763577,0.2315437028142457,0.0,0.2281879969763577,0.0,0.0,,0.2281879969763577,0.0,0.2281879969763577,,,-0.017637268158168254,0,0.4295547181782733,,0.2281879969763577,0.0013247898100339044,5.00016,3927259.0,3927259.0,6.850113288901525,5.660119255660378,3353946.0,,0.8727272727272727,934.0
0x2f7fec181985500b21e49aa79bf46959ffc20174,0.03570597973524566,0.025974512,0,5.1168,1,1779872253,0.05033558756831428,0.05369129340620227,0.05033558756831428,0.05033558756831428,0.05369129340620227,0.0,0.05033558756831428,0.0,0.0,,0.05033558756831428,0.0,0.05033558756831428,,,0.010669379192207664,0,0.4295547181782733,,0.05033558756831428,0.3664473885692574,5.199998,50357835.0,50357835.0,69.20422031965039,62.82110500653596,49630165.0,0.0,0.5079365079365079,60.0
0xd80e6ece9a57ceb0a4ae29c570644d384d7aae2f,0.0357047798598517,0.025966365,0,162.97372,1,1779738010,-0.1978720584137952,-0.2012277642516832,-0.1978720584137952,-0.1978720584137952,-0.20122776425168318,0.5973281756194724,-0.1978720584137952,1.109283404943568,0.0,,-0.1978720584137952,1.0402654667146884,-0.1978720584137952,-0.1890165830305136,-0.12271659505643245,,1,0.4295547181782733,0.010147036191127222,-0.1978720584137952,0.18866574892022578,89.7435,4327651.0,4327651.0,7.292642565976944,143.1528615463918,3734224.0,0.0,0.3125,32.0
0x559a9c989649c61594d91859614c78db78313400,0.03568286386810183,0.025817508,0,12.748229,2,1779800730,-4.103416715106181e-06,-1.0096278013628042e-05,-4.103416715106181e-06,-4.103416715106181e-06,-0.001687000110850504,-0.15298328651351095,-4.103416715106181e-06,-0.05914749736455544,0.0,-3.2511959444104503,-0.014324257835491893,-0.06224749688295786,-0.028644412254268677,-0.5051091813854163,-0.5063092338402471,,1,0.4295547181782733,-0.04907154666059878,-4.103416715106181e-06,0.8247599017806705,22.699359,,,,38.028277555555555,,,0.0,4.0
0x41443e7f033f300c0029c764589aa0a48d9c06ee,0.0356491079474045,0.02558806,0,5.1116,1,1779871805,0.053691293406201525,0.05704699924408951,0.053691293406201525,0.053691293406201525,0.05704699924408952,0.0,0.053691293406201525,0.0,0.0,,0.053691293406201525,0.0,0.053691293406201525,,,0.011912618440748497,0,0.4295547181782733,,0.053691293406201525,0.43160532787484696,4.995,50376398.0,50376398.0,69.27237899843514,79.01680820535715,49649176.0,0.0,0.5263157894736842,55.0
0x575cb18e6612841a70c0f68a10f10d7f72278331,0.03561458946580943,0.025353212,0,3.9999969999999996,4,1779818491,-0.19413405571279307,-0.19748976155068107,-0.19413405571279307,-0.19413405571279307,-0.4007525550497706,-0.30453358620607424,-0.19413405571279307,-0.21577616858081006,0.0,,-0.19413405571279307,-0.21928691704341605,-0.19413405571279307,-0.435511574927316,-0.4350172779797924,,2,0.4295547181782733,-0.06584101812152839,-0.19413405571279307,0.08053831373486173,1.3057545,505957.0,505957.0,0.7507805219703579,1.6704019843750002,-167951.0,0.0,0.30952380952380953,42.0
0xd990ad35098482db6b99fdd9aa5c446eac6f4349,0.03558230952184388,0.025133396,0,0.999995,1,1779685456,0.39932911283005745,0.4026848186679455,0.39932911283005745,0.39932911283005745,0.4026848186679455,0.0,0.39932911283005745,0.0,0.0,,0.39932911283005745,0.0,0.39932911283005745,,,-0.013850574665978376,0,0.4295547181782733,,0.39932911283005745,0.003353018438587341,1.99995,19481862.0,19481862.0,36.019291035048894,3.7699909230225987,18940989.0,,0.741988496302383,1168.0
0x84aa5cf081bd1cb49895e7d3f1599f90b908db19,0.03557760690793899,0.025101356,0,48.526578,2,1779692990,0.26765492654502987,0.27101063238291784,0.26765492654502987,0.26765492654502987,0.3818297121579947,0.0,0.26765492654502987,0.0,0.0,,0.26765492654502987,0.0,0.26765492654502987,,,-0.0441722282917284,0,0.4295547181782733,,0.26765492654502987,0.07099527537508575,1.36,6210921.0,6210921.0,11.325386072752536,9.127162273127755,5662514.0,0.0,0.5066666666666667,75.0
0x8bd3a659144673c9c1955b76ac3803a67e8b5cf0,0.035538568350653846,0.024835225,0,61.4331,1,1779692997,0.2818792903825592,0.2852349962204472,0.2818792903825592,0.2818792903825592,0.2852349962204472,0.0,0.2818792903825592,0.0,0.0,,0.2818792903825592,0.0,0.2818792903825592,,,-0.03916102284515443,0,0.4295547181782733,,0.2818792903825592,0.016992490094694564,20.8098,10320471.0,10320471.0,18.818759185578777,94.32953707375886,9772057.0,,0.5703703703703704,135.0
0x124f1f38b694344eeefcc1e4a36fe87601510dea,0.03552673936077595,0.02475453,0,0.05842,5,1779744440,0.30295731767679085,0.3063130235146788,0.30295731767679085,0.30295731767679085,0.572242461657471,0.0,0.30295731767679085,0.0,0.0,,0.30295731767679085,0.0,0.30295731767679085,,,0.04897576032661584,0,0.4295547181782733,,0.30295731767679085,0.058459718849879584,7.093415,7534951.0,7534951.0,12.561245430160856,17.529560826851853,6935094.0,0.0,0.4098360655737705,58.0
0xdfa15e602d2371099e32c7f07525b5bc376274ff,0.03549628454176842,0.024546653,0,13.18464,1,1779758688,0.45302028811482775,0.4563759939527158,0.45302028811482775,0.45302028811482775,0.4563759939527158,0.0,0.45302028811482775,0.0,0.0,,0.45302028811482775,0.0,0.45302028811482775,,,0.10006986589826217,0,0.4295547181782733,,0.45302028811482775,0.11727884691615958,10.0863,,,,12.189718640625,,,0.26666666666666666,15.0
0x6d9fc316c3b8377060a44b852ba664adbfd59790,0.03547175272218948,0.02437908,0,16309.43884,4,1779757395,0.25789649817687244,0.2601490552383357,0.25789649817687244,0.25789649817687244,0.34419287964600426,0.0,0.25789649817687244,0.0,0.0,377.35575643034633,0.2733994216804641,0.0,0.2889023451840558,,,0.09862573612448067,1,0.4295547181782733,-0.16227043593450077,0.25789649817687244,0.0,0.0,50359503.0,50359503.0,82.17773640202869,0.0,49746691.0,,,0.0
0x19693ceeee2e6ce380bdac5fdaf1dbb95376c1af,0.03546927495305041,0.024362149,0,22.95,1,1779693112,0.27181217286889675,0.2751678787067847,0.27181217286889675,0.27181217286889675,0.2751678787067847,0.0,0.27181217286889675,0.0,0.0,,0.27181217286889675,0.0,0.27181217286889675,,,-0.04229275633257114,0,0.4295547181782733,,0.27181217286889675,0.09046992134177434,21.973,2668516.0,2668516.0,4.864858558070767,15.922283783783785,2119987.0,0.0,0.5,16.0
0xc4661373fedb353eb99de161d7712fad45570755,0.035464336267064425,0.024328398,0,9.63767,1,1779701299,0.27188842592921275,0.2752441317671007,0.27188842592921275,0.27188842592921275,0.2752441317671007,0.0,0.27188842592921275,0.0,0.0,,0.27188842592921275,0.0,0.27188842592921275,,,-0.0309026464098255,0,0.4295547181782733,,0.27188842592921275,0.05480210877528778,25.9668095,2951165.0,2951165.0,5.301024220607994,27.169418596153847,2394449.0,,0.48,25.0
0x7ed3aed17a79c2a3375da27a9470b310585027aa,0.03544598771223835,0.024202963,0,9.709984,2,1779717630,0.19294947123362804,0.196305177071516,0.19294947123362804,0.19294947123362804,0.27762001579782986,0.0,0.19294947123362804,0.0,0.0,,0.19294947123362804,0.0,0.19294947123362804,,,-0.025348661736317515,0,0.4295547181782733,,0.19294947123362804,0.16105175719002462,7.619998,,,,10.982219153846156,,,0.0,13.0
0x74f748554e841583df64312d2a819b95e60fef2c,0.0354360415420305,0.024134943,0,1.0,1,1780040171,-0.007138253470649623,-0.010493959308537614,-0.007138253470649623,-0.007138253470649623,-0.010493959308537614,-0.01336244870140913,-0.007138253470649623,-0.016155750136814053,0.0,,-0.007138253470649623,-0.017230260524381116,-0.007138253470649623,-0.01723026828389117,-0.01615575013681494,,1,0.4295547181782733,-0.2751454735834324,-0.007138253470649623,1.0,1.0,,,,1.0,,,0.0,1.0
0x347d77eb5fd052e4edc77692cdcfef78c322098a,0.03543396102498819,0.024120713,0,56.03238,1,1779822486,0.21279119605478225,0.21614690189267022,0.21279119605478225,0.21279119605478225,0.21614690189267022,0.0,0.21279119605478225,0.0,0.0,,0.21279119605478225,0.0,0.21279119605478225,,,0.04866713002899401,0,0.4295547181782733,,0.21279119605478225,0.0013818523915822224,77.08,5879893.0,5879893.0,8.67364947492488,68.7343023065165,5201990.0,,0.8865598027127004,788.0
0x34a9e26af9bcec22a27cbc96f55cdbb39ad74cfd,0.03541645612043051,0.024000948,0,10.4146,1,1779758749,0.4496645822769398,0.45302028811482775,0.4496645822769398,0.4496645822769398,0.45302028811482775,0.0,0.4496645822769398,0.0,0.0,,0.4496645822769398,0.0,0.4496645822769398,,,0.09855094397724173,0,0.4295547181782733,,0.4496645822769398,0.0,0.0,,,,0.0,,,,0.0
0x3f759cb433d1345d821194545bd7e8414c08ce35,0.035411206382498714,0.02396502,0,4.16143,1,1779749238,0.3959732888707383,0.39932899470862626,0.3959732888707383,0.3959732888707383,0.39932899470862626,0.0,0.3959732888707383,0.0,0.0,,0.3959732888707383,0.0,0.3959732888707383,,,0.09515143371133941,0,0.4295547181782733,,0.3959732888707383,0.0,0.0,,,,0.0,,,,0.0
0xdab3b65854765b45ea17e25d0a077094cd1279b1,0.03540910876538669,0.023950662,0,0.37088,1,1779683765,0.4060404063844011,0.4093961122222891,0.4060404063844011,0.4060404063844011,0.4093961122222891,0.0,0.4060404063844011,0.0,0.0,,0.4060404063844011,0.0,0.4060404063844011,,,-0.04601151637181481,0,0.4295547181782733,,0.4060404063844011,0.014377115193598161,4.9932,,,,4.711577004329004,,,0.37719298245614036,109.0
0xb45f672284d2e0050cb5bb083d833ff410ee453b,0.035371328895052935,0.023691935,0,6.339,2,1779734465,0.05280821292254719,-0.07347229624006568,0.06773227309631055,0.012628055562092535,-0.12561564575565812,0.2924447287720807,-0.02583851578930442,0.4341384870406075,0.0,1.4750000000000003,0.09939036930846443,0.38898708576012275,0.08537180575731189,-0.17885860674412907,-0.11225862950668966,,1,0.4295547181782733,0.013494132431710267,0.08310857289108207,0.05631812956589984,3.668,2996775.0,2996775.0,5.080295720160981,11.226988051948053,2406893.0,0.0,0.5,28.0
0x6c2a50ee968898c5d50de31b04544f8d3329b7b5,0.03535294300944909,0.023565928,0,36.939985,3,1779690533,0.297879095343017,0.301234801180905,0.297879095343017,0.297879095343017,0.4288970967681665,0.0,0.297879095343017,0.0,0.0,,0.297879095343017,0.0,0.297879095343017,,,-0.020425217802922408,0,0.4295547181782733,,0.297879095343017,0.05245476944535939,3.39422,4889821.0,4889821.0,8.956536312849162,7.624051658040666,4343871.0,,0.3617021276595745,85.0
0x20033a5e4cf7d82d9b9c2489ca44030988749c15,0.03533562033001387,0.023447149,0,31.97107,1,1779744623,-0.33107425926702927,-0.33442996510491724,-0.33107425926702927,-0.33107425926702927,-0.33442996510491724,0.13322120529428383,-0.33107425926702927,0.4918211932683642,0.0,,-0.33107425926702927,0.42989994444381846,-0.33107425926702927,-0.6008467755561807,-0.5401788067316349,,1,0.4295547181782733,0.0039032146286517105,-0.33107425926702927,0.22003966422058635,1.0482445,,,,6.294982539215686,,,0.375,56.0
0x2fb138c87bd59d26c439f4b784bd44925210d10b,0.03529014260683043,0.023135047,0,23.868,1,1779693198,0.27181217286889675,0.2751678787067847,0.27181217286889675,0.27181217286889675,0.2751678787067847,0.0,0.27181217286889675,0.0,0.0,,0.27181217286889675,0.0,0.27181217286889675,,,-0.042192756332571135,0,0.4295547181782733,,0.27181217286889675,0.08296086125490663,22.856499999999997,2667408.0,2667408.0,4.8620763194590015,15.072521739130435,2118793.0,0.0,0.45,20.0
0x22dbd51e1a4e10fff072fa24300238c64033190f,0.035289309889628466,0.02312933,0,353.7387,2,1779690501,0.3225560569667089,0.3259117628045969,0.3225560569667089,0.3225560569667089,0.38706434794270866,0.0,0.3225560569667089,0.0,0.0,,0.3225560569667089,0.0,0.3225560569667089,,,-0.014922593960655903,0,0.4295547181782733,,0.3225560569667089,0.0641400388686141,19.999999,101662026.0,101662026.0,186.22215424294492,46.95668898941799,101116108.0,,0.47244094488188976,65.0
0x44be7bb86c9fdf51f76bc1e1885966d884ec76b1,0.035268017749320875,0.02298307,0,100.7,2,1779723895,-0.039309696958112046,0.05752638579235912,-0.039309696958112046,-0.039309696958112046,0.10762201316719402,0.0,-0.039309696958112046,0.0,0.0,-4.099999999999997,-0.05159397725752206,0.0,-0.06387825755693208,,,-0.009212252328524562,1,0.4295547181782733,-0.03605327784108988,-0.039309696958112046,0.0,0.0,310779.0,310779.0,0.5364622172508079,0.0,-268533.0,0.0,,0.0
0x8b3830f0046b7da2c4b5cb72ed199c63e22f52c8,0.03525447046245231,0.022889968,0,14.76711,1,1779718034,0.2416108203279078,0.24496652616579578,0.2416108203279078,0.2416108203279078,0.24496652616579578,0.0,0.2416108203279078,0.0,0.0,,0.2416108203279078,0.0,0.2416108203279078,,,-0.01306533734648504,0,0.4295547181782733,,0.2416108203279078,0.030745218033823296,5.363089,3209920.0,3209920.0,5.597548875143648,10.690419752345214,2636469.0,,0.7644927536231884,276.0
0x61a808365ad93d79857eb626e140521bbf1cc588,0.035251461327651674,0.022869283,0,11.62535,1,1779743631,0.2684564670310091,0.2718121728688971,0.2684564670310091,0.2684564670310091,0.2718121728688971,0.0,0.2684564670310091,0.0,0.0,,0.2684564670310091,0.0,0.2684564670310091,,,0.04149774516650687,0,0.4295547181782733,,0.2684564670310091,0.06577281795053239,31.737,4513916.0,4513916.0,7.535149103243813,141.11350137914692,3914868.0,0.0,0.35555555555555557,45.0
0x5bfbcff64e48cd55e3206e8718596b6fc01a5eff,0.035232250159064706,0.022737186,0,2.789992,1,1779726367,0.19127528940984312,0.19463099524773111,0.19127528940984312,0.19127528940984312,0.19463099524773111,0.0,0.19127528940984312,0.0,0.0,,0.19127528940984312,0.0,0.19127528940984312,,,-0.03777176274375869,0,0.4295547181782733,,0.19127528940984312,0.17643641239055458,4.509999,7503406.0,7503406.0,12.897236775160541,5.0382035714285704,6921622.0,,0.2857142857142857,7.0
0xb20ac3fbbe4f24a70186f498ebe70e232ffed09d,0.03523184826773165,0.022734422,0,1224.98162,3,1779868066,0.06732929555522676,0.07068500139311476,0.06732929555522676,0.06732929555522676,0.10578913866409437,0.0,0.06732929555522676,0.0,0.0,,0.06732929555522676,0.0,0.06732929555522676,,,0.011912618440748497,0,0.4295547181782733,,0.06732929555522676,0.02319717249129489,107.92416,33791915.0,33791915.0,46.70726886464506,765.0724332011662,33068432.0,,0.8888888888888888,72.0
0x27601795d4ec5406422772188e292299aca5458a,0.03523012186430213,0.022722548,0,5.0,1,1779987344,-0.013422823351550086,-0.016778529189438077,-0.013422823351550086,-0.013422823351550086,-0.016778529189438077,-0.028220143884892968,-0.013422823351550086,-0.004100000000000862,0.0,,-0.013422823351550086,-0.00810000000000086,-0.013422823351550086,-0.0306153846153855,-0.02810000000000088,,1,0.4295547181782733,-0.22526760246882574,-0.013422823351550086,0.298156096677902,20.8,9772968.0,9772968.0,11.59636955198449,237.89109079041913,8930207.0,,0.5384615384615384,52.0
0x358e7cf87ad2de523cd7e61c1a3efbbe0f6fcfb3,0.03516117604184554,0.022247873,0,1.83583,2,1779676814,0.41121397440230184,0.4145696802401898,0.41121397440230184,0.41121397440230184,0.585679904299588,0.0,0.41121397440230184,0.0,0.0,,0.41121397440230184,0.0,0.41121397440230184,,,-0.03359416056724116,0,0.4295547181782733,,0.41121397440230184,0.052632200651857246,1.83924,,,,2.3202481353383457,,,0.22857142857142856,35.0
0xd5d07832c41e509bc5645ec64bd82cf725396730,0.03516117604184554,0.022247873,0,0.53382,1,1779678297,0.4093961122222887,0.4127518180601767,0.4093961122222887,0.4093961122222887,0.4127518180601767,0.0,0.4093961122222887,0.0,0.0,,0.4093961122222887,0.0,0.4093961122222887,,,-0.07037943514517417,0,0.4295547181782733,,0.4093961122222887,0.07381084681678994,9.999999,,,,7.653758266666666,,,0.16666666666666666,24.0
0x9868325cf3760b5256450e561d4ab6095943907e,0.035160648436964544,0.022244237,0,0.316,4,1779718209,0.2617450553552336,0.26510076119312165,0.2617450553552336,0.2617450553552336,0.5302015223862433,0.0,0.2617450553552336,0.0,0.0,,0.2617450553552336,0.0,0.2617450553552336,,,0.0209705736121925,0,0.4295547181782733,,0.2617450553552336,0.0,0.0,8716304.0,8716304.0,15.195099245850084,0.0,8142678.0,,,0.0
0x687f0263e0eae8bc22aea7d676ffc96b9e7893b1,0.0351038641936901,0.021852612,0,12.732717999999998,3,1779831045,-3.8715279713682044e-07,-4.598474236476905e-07,-3.8715279713682044e-07,-3.8715279713682044e-07,-0.0002794470556298786,-0.10392997084594593,-3.8715279713682044e-07,-0.057465862576165094,0.0,-9.267218639240744,-0.017947877502684232,-0.05922823012476572,-0.035895367852571324,-0.37854238893394326,-0.3864633723028335,,1,0.4295547181782733,-0.07769417643021091,-3.8715279713682044e-07,0.535540301928071,7.52261,,,,19.204180299999997,,,0.0,7.0
0x62c1118b496365e494534c986a22462367d5702a,0.035099782417153905,0.021824438,0,35.49,1,1779702851,0.29865781957199733,0.3020135254098853,0.29865781957199733,0.29865781957199733,0.3020135254098853,0.0,0.29865781957199733,0.0,0.0,,0.29865781957199733,0.0,0.29865781957199733,,,-0.016696882267436004,0,0.4295547181782733,,0.29865781957199733,0.14915347528322095,2.395,2689809.0,2689809.0,4.818132151583111,10.780833333333332,2131541.0,0.0,0.4666666666666667,15.0
0x6b8eb12421b7d86551b04171a2106f1ffec3e2db,0.03509258496819705,0.02177475,0,4435.34022,3,1780062912,3.725581885091884e-16,-0.0033557058378876187,3.725581885091884e-16,3.725581885091884e-16,-0.0055275597752742645,0.000900000000000889,3.725581885091884e-16,-1.1102230246251566e-17,0.0,,3.725581885091884e-16,-8.673617379884036e-20,3.725581885091884e-16,8.881784197001252e-16,8.770761894538738e-16,,1,0.4295547181782733,-0.29661693073635176,3.725581885091884e-16,0.055963948866511876,172.35503,27601707.0,27601707.0,30.05644709031295,1001.279286235294,26683378.0,,0.9074074074074074,54.0
0xeec50edede5d961efb02e20bfd3275dd1e7fb6fe,0.03508944671495364,0.021753082,0,134.066835,2,1779676559,0.33714126799405186,0.3404969738319399,0.33714126799405186,0.33714126799405186,0.48636893278954596,0.0,0.33714126799405186,0.0,0.0,,0.33714126799405186,0.0,0.33714126799405186,,,0.02324909606812999,0,0.4295547181782733,,0.33714126799405186,0.0,0.0,35140633.0,35140633.0,66.05680143465119,0.0,34608657.0,,,0.0
0x5011224f4848cb2cf2d87cf2b823551dfd0e220e,0.03507945887238384,0.021684108,0,15184.62163,4,1779725785,0.2682244013515347,0.2715801071894227,0.2682244013515347,0.2682244013515347,0.5108500405050065,0.0,0.2682244013515347,0.0,0.0,,0.2682244013515347,0.0,0.2682244013515347,,,0.045478131677965036,0,0.4295547181782733,,0.2682244013515347,0.0,0.0,17060256.0,17060256.0,29.353402087398184,0.0,16479054.0,0.0,,0.0
0x985aa5d876df4f127804e608fa8c1d0705149d00,0.03506110408740597,0.021557305,0,2.999999,1,1779741641,-0.2684563766987633,-0.27181208253665134,-0.2684563766987633,-0.2684563766987633,-0.27181208253665134,0.38827966027262495,-0.2684563766987633,0.6227002114017813,0.0,,-0.2684563766987633,0.5580002180439002,-0.2684563766987633,-0.3930997825651005,-0.3292997885982193,,1,0.4295547181782733,0.006718741000843147,-0.2684563766987633,0.143434106399713,3.4556545,,,,9.44436334375,,,0.07142857142857142,28.0
0x3078db4a9737866b4d6529f655025b3a20f80389,0.03504807152226874,0.021467231,0,1.08819,1,1779687533,0.37583905384341254,0.3791947596813005,0.37583905384341254,0.37583905384341254,0.3791947596813005,0.0,0.37583905384341254,0.0,0.0,,0.37583905384341254,0.0,0.37583905384341254,,,-0.05286029286346527,0,0.4295547181782733,,0.37583905384341254,0.0,0.0,37048154.0,37048154.0,68.23492770973387,0.0,36505204.0,0.0,,0.0
0x38fc87b4655927fbec7caddd6017d4e0a1078834,0.03503122111283605,0.021350723,0,22.435257999999997,4,1779817523,-3.6447839155553554e-07,-1.4702824169767212e-06,-3.6447839155553554e-07,-3.6447839155553554e-07,-0.0006057223213356329,-0.2101343224460559,-3.6447839155553554e-07,-0.07460154909400299,0.0,-0.7822962720470393,-0.003954127807423161,-0.07656172230591987,-0.007907891136454766,-0.4775614217903702,-0.47469924907296446,,1,0.4295547181782733,-0.06492705785047496,-3.6447839155553554e-07,0.3576107070638933,9.999999,,,,11.990124250000001,,,0.0,3.0
0x2e423a228df8949284083adcd97b7068684a0dfe,0.035009284454664044,0.021198966,0,1.875,1,1779743241,0.24832223200368317,0.25167793784157116,0.24832223200368317,0.24832223200368317,0.25167793784157116,0.0,0.24832223200368317,0.0,0.0,,0.24832223200368317,0.0,0.24832223200368317,,,0.03453324820582915,0,0.4295547181782733,,0.24832223200368317,0.11395752692203175,1.8719700000000001,7985527.0,7985527.0,13.339046667713452,3.8322901986607145,7386869.0,,0.09868421052631579,35.0
0x4ace64f473bc77aa2cd3d9d1bc42e0f56cdbf230,0.03498501001955328,0.021030929,0,19.278,1,1779693114,0.27181217286889675,0.2751678787067847,0.27181217286889675,0.27181217286889675,0.2751678787067847,0.0,0.27181217286889675,0.0,0.0,,0.27181217286889675,0.0,0.27181217286889675,,,-0.04229275633257114,0,0.4295547181782733,,0.27181217286889675,0.11031201233328167,13.622,2668676.0,2668676.0,4.865132508463514,11.626252133333335,2120145.0,0.0,0.5,16.0
0xa3002b5caef754740de4a8114ba2977b049339c7,0.03498501001955328,0.021030929,0,26.622,1,1779693112,0.27181217286889636,0.27516787870678433,0.27181217286889636,0.27181217286889636,0.27516787870678433,0.0,0.27181217286889636,0.0,0.0,,0.27181217286889636,0.0,0.27181217286889636,,,-0.04229275633257126,0,0.4295547181782733,,0.27181217286889636,0.08959457299498526,14.34,2668852.0,2668852.0,4.865471105447479,14.333815432098767,2120323.0,0.0,0.5,18.0
0xe6aef7ce387422891231c2c0225b96ab309a78cc,0.03498501001955328,0.021030929,0,40.17168,1,1779693112,0.27181217286889636,0.27516787870678433,0.27181217286889636,0.27181217286889636,0.27516787870678433,0.0,0.27181217286889636,0.0,0.0,,0.27181217286889636,0.0,0.27181217286889636,,,-0.04229275633257126,0,0.4295547181782733,,0.27181217286889636,0.08433829387665251,11.001000000000001,2666286.0,2666286.0,4.860793139469381,15.566045454545453,2117757.0,0.0,0.5,16.0
0x1295269296e51cd28a3db85fa6728c0e352b5cfd,0.03498096818867478,0.021002939,0,9703.87256,2,1779972213,0.019674347891061074,0.023030053728949066,0.019674347891061074,0.019674347891061074,0.03281538102991855,0.0,0.019674347891061074,0.0,0.0,,0.019674347891061074,0.0,0.019674347891061074,,,0.005765093378187111,0,0.4295547181782733,,0.019674347891061074,0.0739069327263933,168.752854,52144101.0,52144101.0,63.00412140690889,2650.4875828669524,51316471.0,0.0,0.8148148148148148,54.0
0x94eb0ee9ff35f5b14f8d3c3be3967e9deba837e6,0.03495110266858253,0.020796021,0,9840.0,1,1779879407,0.050335587568313904,0.0536912934062019,0.050335587568313904,0.050335587568313904,0.0536912934062019,0.0,0.050335587568313904,0.0,0.0,,0.050335587568313904,0.0,0.050335587568313904,,,0.002873467372505639,0,0.4295547181782733,,0.050335587568313904,0.010931507697243721,124.510642,40882439.0,40882439.0,55.635688273654644,1279.504988167334,40147615.0,,0.905829596412556,216.0
0x0d01995d0a4e5fc31e08d6ecbafda2d4f34aee95,0.03492969162172341,0.020647574,0,0.53592,1,1779704811,0.28859070205833454,0.29194640789622256,0.28859070205833454,0.28859070205833454,0.29194640789622256,0.0,0.28859070205833454,0.0,0.0,,0.28859070205833454,0.0,0.28859070205833454,,,-0.013155424236292325,0,0.4295547181782733,,0.28859070205833454,0.022308930385865386,1.211149,1512309.0,1512309.0,2.699452722819995,2.0824125400696865,952081.0,0.0,0.2803738317757009,107.0
0x59c49a09e5335430833b96d96af9e581b0a9b517,0.03489349917602922,0.020396445,0,24056.759176,2,1779926167,2.7622955699534994e-09,5.118600442297728e-09,2.7622955699534994e-09,2.7622955699534994e-09,1.2216798944308273e-05,0.0,2.7622955699534994e-09,0.0,0.0,56.76359707090536,0.0019669489439328156,0.0,0.003933895125570062,,,0.00224626115182696,1,0.4295547181782733,-0.21948925860638055,2.7622955699534994e-09,0.36991381766761333,99.999999,59772904.0,59772904.0,76.47662183463326,3264.54742914359,58991320.0,0.0,0.5964912280701754,57.0
0x10b289276b2b69cac7b1bbc58601009b6ee74ceb,0.0348878884842251,0.020357491,0,17.556639,6,1779662599,0.21744133729201012,0.2271072360810841,0.21744133729201012,0.21744133729201012,0.5439415433906597,0.0,0.21744133729201012,0.0,0.9690851927390011,0.2984636826666668,0.2272911696007625,0.0,0.2371410019095149,,,0.1436002617634167,2,0.4295547181782733,0.07977135886442324,0.21744133729201012,0.0,0.0,13393636.0,13393636.0,25.85564152458611,0.0,12875620.0,,,0.0
0xfaf98181c44636998a194aa7660bcae1b977f4c4,0.034870463138205104,0.020236474,0,14943.67276,1,1779978485,-0.0033557058378876187,-0.0067114116757756095,-0.0033557058378876187,-0.0033557058378876187,-0.0067114116757756095,0.023453059153909314,-0.0033557058378876187,0.02199999999999909,0.0,,-0.0033557058378876187,0.017199999999999094,-0.0033557058378876187,-0.005000000000000929,-0.0020000000000009307,,1,0.4295547181782733,-0.2169031664757862,-0.0033557058378876187,0.16098724643482484,30.67929,2537745.0,2537745.0,3.0432173085086736,2260.6167536144735,1703843.0,0.0,0.7916666666666666,20.0
0x285e6a6d7f4f8b5f64fb23ac351a0b41844af38c,0.03485850324086359,0.020153379,0,158.389359,2,1779741473,0.08009016083747922,0.08229768649986655,0.08009016083747922,0.08009016083747922,0.10146743641803972,0.06363631684172974,0.08009016083747922,0.09638444118878739,0.0,-27.629814624058557,0.07348154768383193,0.08539524308985838,0.06687293453018464,-0.379943340962888,-0.31660862045410865,,1,0.4295547181782733,0.006877362204910271,0.08009016083747922,0.017334554656203933,49.189999,5190332.0,5190332.0,8.695625659669286,71.2823924471831,4593442.0,,0.12280701754385964,227.0
0x8954adfbf382804f96ae5306aa139ece9ee49bfa,0.03485157055798128,0.0201052,0,25.704,1,1779693112,0.27181217286889636,0.27516787870678433,0.27181217286889636,0.27181217286889636,0.27516787870678433,0.0,0.27181217286889636,0.0,0.0,,0.27181217286889636,0.0,0.27181217286889636,,,-0.04229275633257126,0,0.4295547181782733,,0.27181217286889636,0.10644218327794366,10.311,2676806.0,2676806.0,4.87997170614498,13.068526888888888,2128277.0,0.0,0.47619047619047616,21.0
0xb9b4da7b522f13804e94c52afedbc4dbbeb793f9,0.03485157055798128,0.0201052,0,20.196,1,1779693023,0.27181217286889636,0.27516787870678433,0.27181217286889636,0.27181217286889636,0.27516787870678433,0.0,0.27181217286889636,0.0,0.0,,0.27181217286889636,0.0,0.27181217286889636,,,-0.04231138633257126,0,0.4295547181782733,,0.27181217286889636,0.08279497077607567,14.588000000000001,2663823.0,2663823.0,4.857091021807308,11.3188695,2115383.0,0.0,0.4444444444444444,18.0
0xec98f3984942f9743789eeeccf63d4050bc79833,0.03485157055798128,0.0201052,0,26.622,1,1779693023,0.27181217286889636,0.27516787870678433,0.27181217286889636,0.27181217286889636,0.27516787870678433,0.0,0.27181217286889636,0.0,0.0,,0.27181217286889636,0.0,0.27181217286889636,,,-0.04231138633257126,0,0.4295547181782733,,0.27181217286889636,0.10793741789223829,4.835,2676893.0,2676893.0,4.880922252206258,11.267717647058822,2128453.0,0.0,0.4375,16.0
0xe1ca6d253c30c2797f4c76ea5180b20cc8b03902,0.03485157055798128,0.0201052,0,33.048,1,1779693023,0.27181217286889636,0.27516787870678433,0.27181217286889636,0.27181217286889636,0.27516787870678433,0.0,0.27181217286889636,0.0,0.0,,0.27181217286889636,0.0,0.27181217286889636,,,-0.04231138633257126,0,0.4295547181782733,,0.27181217286889636,0.0953740895109184,3.0365,2673457.0,2673457.0,4.8746572095397855,12.981324475000003,2125017.0,0.0,0.4117647058823529,17.0
0xde7be6d489bce070a959e0cb813128ae659b5f4b,0.03484825075975611,0.020082125,0,220.64463,1,1779920681,-0.10850840365892538,-0.11186410949681336,-0.10850840365892538,-0.10850840365892538,-0.11186410949681336,-0.18527693151578598,-0.10850840365892538,-0.17268459444228818,0.0,,-0.10850840365892538,-0.18881749578102824,-0.10850840365892538,-0.2519174957810274,-0.23668459444228734,,1,0.4295547181782733,-0.16232614219069103,-0.10850840365892538,0.15861917949464863,9.205881999999999,8209283.0,8209283.0,10.577637102530867,851.1424514314024,7433185.0,,0.4423076923076923,37.0
0xe253eb0206e7e3cb8ca1c7610f4c135b319f1047,0.03484527129407588,0.020061415,0,453.94320999999997,4,1779795807,-0.3057503723168401,-0.309106078154728,-0.3057503723168401,-0.3057503723168401,-0.5333971846748707,-0.2960652104768773,-0.3057503723168401,-0.13153702020598068,0.0,,-0.3057503723168401,-0.13885523220598067,-0.3057503723168401,-0.5925774430678461,-0.593177443067846,,1,0.4295547181782733,-0.044423378877131825,-0.3057503723168401,0.495264892710318,103.80084,2498881.0,2498881.0,3.8372065525840573,262.41104984090913,1847657.0,0.0,0.3333333333333333,6.0
0x9e7b205a2ea035bf7effd324c1bc8dfb5576accf,0.03484153679129151,0.020035453,0,27.3,1,1779702851,0.29865781957199733,0.3020135254098853,0.29865781957199733,0.29865781957199733,0.3020135254098853,0.0,0.29865781957199733,0.0,0.0,,0.29865781957199733,0.0,0.29865781957199733,,,-0.016696882267436004,0,0.4295547181782733,,0.29865781957199733,0.08454872758335254,17.604,2674113.0,2674113.0,4.790016622840643,15.453337078651685,2115845.0,0.0,0.3333333333333333,18.0
0xe14fe02cf9891053aae243318351ba651c7dd959,0.03483728215756342,0.020005872,0,1.0,1,1780186665,3.7546879935691643e-16,-0.0033557058378876157,3.7546879935691643e-16,3.7546879935691643e-16,-0.0033557058378876157,8.95377522125429e-16,3.7546879935691643e-16,8.951173136040325e-16,0.0,,3.7546879935691643e-16,8.951173136040325e-16,3.7546879935691643e-16,8.951173136040325e-16,8.951173136040325e-16,,1,0.4295547181782733,-0.41346127518229636,3.7546879935691643e-16,0.2789278882596925,43.9349445,10738344.0,10738344.0,10.304701549398224,315.536451,9696262.0,,0.1875,32.0
0x6c9b0f3944a3358975066e0c73d6bbb8e87df261,0.034827453755051384,0.019937526,0,34.225,1,1779741909,0.24832223200368303,0.251677937841571,0.24832223200368303,0.24832223200368303,0.251677937841571,0.0,0.24832223200368303,0.0,0.0,,0.24832223200368303,0.0,0.24832223200368303,,,0.03329795615988726,0,0.4295547181782733,,0.24832223200368303,0.10638253950072991,2.856,2998041.0,2998041.0,5.019103471136364,10.910188034188034,2400715.0,0.0,0.42857142857142855,21.0
0x04911921fdc893fd6c0dd29af84a535b52a79a11,0.034821723160430175,0.019897668,0,14.75588,1,1779967956,-0.03355705837887581,-0.0369127642167638,-0.03355705837887581,-0.03355705837887581,-0.036912764216763795,-0.07019999995281603,-0.03355705837887581,-0.04529999159999951,0.0,,-0.03355705837887581,-0.04770000000000005,-0.03355705837887581,-0.0806051134285715,-0.07729999159999953,,1,0.4295547181782733,-0.20696196018041274,-0.03355705837887581,0.44578444399061423,9.999999,,,,10.5683734,,,0.6666666666666666,3.0
0x59b1f4c46f4fbd1d16fb0c9cfcbb6d721cd007ed,0.03481434989555039,0.019846374,0,0.999994,1,1779793849,0.2651007611931215,0.2684564670310095,0.2651007611931215,0.2651007611931215,0.2684564670310095,0.0,0.2651007611931215,0.0,0.0,,0.2651007611931215,0.0,0.2651007611931215,,,0.06478948094815418,0,0.4295547181782733,,0.2651007611931215,0.033958546660309834,2.2247955,21434867.0,21434867.0,33.01399888489463,72.8304655,20785601.0,,0.5633802816901409,71.0
0xcb59ea1babf3b26ea50088057e427ab0ed8f0a22,0.03480622626747222,0.019789848,0,209.17968,2,1779675442,0.19384818216013391,0.19720388799802188,0.19384818216013391,0.19384818216013391,0.26801022940502534,0.0,0.19384818216013391,0.0,0.0,,0.19384818216013391,0.0,0.19384818216013391,,,-0.035007498316993665,0,0.4295547181782733,,0.19384818216013391,0.04467886686876582,78.0,43899889.0,43899889.0,82.69594939522547,540.3366239695612,43369030.0,0.0,0.6581196581196581,101.0
0xe6331a87e63418e5f98c3effe473d228d25e6ac6,0.03480612910658783,0.019789172,0,8.865,2,1779737312,0.07430491498179721,-0.05746246758592316,0.07430491498179721,0.07430491498179721,-0.10575430960663301,0.35075046840226154,0.07430491498179721,0.49063618268797593,0.0,2.7750000000000004,0.09647654283926896,0.44631802979047575,0.11864817069674072,-0.02406919701556768,0.04283079095851346,,1,0.4295547181782733,0.010806069527072769,0.07430491498179721,0.05329240296048612,2.862,2999810.0,2999810.0,5.061014392749469,9.9167869375,2407081.0,0.0,0.3870967741935484,31.0
0x6eb50d7b2858bb6992ef0826310832e3d7b08588,0.03480289939204466,0.019766696,0,1563.2,1,1779851439,0.07382552843352723,0.07718123427141522,0.07382552843352723,0.07382552843352723,0.07718123427141522,0.0,0.07382552843352723,0.0,0.0,,0.07382552843352723,0.0,0.07382552843352723,,,0.01928233275729562,0,0.4295547181782733,,0.07382552843352723,0.1261242386763755,99.9,,,,1526.4683527215186,,,0.625,16.0
0x8f087ebb20a5015b0278ca33785cab4c09551c2d,0.034797259392584844,0.01972744,0,28.303,1,1779704643,0.2885907020583344,0.29194640789622245,0.2885907020583344,0.2885907020583344,0.29194640789622245,0.0,0.2885907020583344,0.0,0.0,,0.2885907020583344,0.0,0.2885907020583344,,,-0.01861976766285829,0,0.4295547181782733,,0.2885907020583344,0.0824690560186911,13.608,2683949.0,2683949.0,4.792252615791165,14.787644202898553,2123889.0,0.0,0.29411764705882354,17.0
0xfa5b22113ad938f8dff69991a2e1b44c22f19c4a,0.034797259392584844,0.01972744,0,18.2,1,1779702851,0.29865781957199766,0.3020135254098857,0.29865781957199766,0.29865781957199766,0.3020135254098857,0.0,0.29865781957199766,0.0,0.0,,0.29865781957199766,0.0,0.29865781957199766,,,-0.016696882267435847,0,0.4295547181782733,,0.29865781957199766,0.0728770499417769,10.3565,2673737.0,2673737.0,4.789343111193907,9.981868382352943,2115469.0,0.0,0.16666666666666666,18.0
0xe67475d579bf3a60a2826a14613d59b89d1215af,0.034797259392584844,0.01972744,0,31.85,1,1779702851,0.29865781957199733,0.3020135254098853,0.29865781957199733,0.29865781957199733,0.3020135254098853,0.0,0.29865781957199733,0.0,0.0,,0.29865781957199733,0.0,0.29865781957199733,,,-0.016696882267436004,0,0.4295547181782733,,0.29865781957199733,0.12055372378673439,3.6925,2684945.0,2684945.0,4.8094194902806535,10.8135,2126677.0,0.0,0.29411764705882354,17.0
0x94cc0666c42aa15cbf078aa1663b8c76aade36d1,0.034779715597573965,0.019605294,0,0.56784,1,1779698817,0.27852358454467174,0.2818792903825597,0.27852358454467174,0.27852358454467174,0.2818792903825597,0.0,0.27852358454467174,0.0,0.0,,0.27852358454467174,0.0,0.27852358454467174,,,-0.031114080421724907,0,0.4295547181782733,,0.27852358454467174,0.09243337562817326,3.01914,2936693.0,2936693.0,5.298651832980293,2.94243330171278,2382459.0,0.0,0.31272727272727274,275.0
0xa6b7ebd5ce137c3b5d56f896a52eba71702bd5f3,0.03475800988187837,0.019454088,0,45.593019000000005,2,1779921294,-0.08026190032012359,-0.0897044770626604,-0.07664372722301908,-0.0873438328770262,-0.1512536251855362,-0.36956457373140517,-0.0873438328770262,-0.36794249299266824,0.0,-13.590139574133849,-0.09490264787509875,-0.37179494020557596,-0.10954339543007395,-0.5972999863336801,-0.5923999863336801,,1,0.4295547181782733,-0.16290492075076926,-0.08026190032012358,0.3520182155587603,18.9057,28969924.0,28969924.0,37.29820229145718,94.2307355217391,28193213.0,,0.391304347826087,21.0
0x33e27ac64a453337cfcea8345c705a407c573a1b,0.03475292131189817,0.019418627,0,379.46409000000006,7,1779920830,-0.0021611181561600047,-0.008214505542622073,-0.0021611181561600047,-0.0021611181561600047,-0.019644757541550848,-0.10778339429496282,-0.0021611181561600047,-0.09595248643732765,0.0,-29.228762500000002,-0.010262160649387793,-0.10186669939215252,-0.01836320314261558,-0.3005292675028911,-0.2890293732769164,,2,0.4295547181782733,-0.1624668240919172,-0.0021611181561600047,0.3178962001957651,40.963170000000005,,,,52.021310500000006,,,0.16666666666666666,6.0
0x5135688045ca947e91f5a89ead59b5b91f2ba110,0.03475269199836422,0.019417029,0,0.999999,1,1779956050,-0.04697983265322714,-0.050335538491115134,-0.04697983265322714,-0.04697983265322714,-0.050335538491115134,-0.0790998786124969,-0.04697983265322714,-0.04969987861249698,0.0,,-0.04697983265322714,-0.05709988153749705,-0.04697983265322714,-0.11329988153749704,-0.10569987861249697,,1,0.4295547181782733,-0.19572062651598912,-0.04697983265322714,0.6174697521858324,3.52065,,,,22.67968330841122,,,0.48717948717948717,39.0
0xbacd00c9080a82ded56f504ee8810af732b0ab35,0.03473691990454433,0.019307084,0,6426.16949,3,1779813052,0.2499029899645885,0.2532586958024765,0.2499029899645885,0.2499029899645885,0.3492678951112832,0.0,0.2499029899645885,0.0,0.0,,0.2499029899645885,0.0,0.2499029899645885,,,0.06203325330600636,0,0.4295547181782733,,0.2499029899645885,0.0,0.0,33305565.0,33305565.0,49.8236492642142,0.0,32637096.0,0.0,,0.0
0x137a757ba61b4671cd0bfb2301d7cfcd0f2e6b3f,0.03471153008092784,0.019129995,0,70.78157,1,1779740952,-0.2105230465490536,-0.2138787523869416,-0.2105230465490536,-0.2105230465490536,-0.2138787523869416,0.3944204818250576,-0.2105230465490536,0.7339932492278494,0.0,,-0.2105230465490536,0.6659404305659375,-0.2105230465490536,-0.2206075264550252,-0.1540075384809441,,1,0.4295547181782733,0.007369276772285099,-0.2105230465490536,0.060452195933861474,19.999999,31202295.0,31202295.0,52.32045092887122,39.07039669444444,30605926.0,,0.6964285714285714,56.0
0x09a5d3b75f908d780f2070ac270eabd6cf83caaa,0.0346817324220142,0.018922003,0,4046.632015,2,1779761500,-2.772298703796794e-07,-2.822790780335967e-07,-2.772298703796794e-07,-2.772298703796794e-07,-0.00023012246429763864,0.0,-2.772298703796794e-07,0.0,0.0,188.62565236292653,0.035274170460292034,0.0,0.07054861815045445,,,0.11998399091168717,1,0.4295547181782733,-0.08542318343314824,-2.772298703796794e-07,0.022058416563537096,85.0,4047883.0,4047883.0,6.5614709920459315,482.5647036208615,3430966.0,,0.7021276595744681,141.0
0xaff980bc201ea6fd940a95b098d4f3b7eb0c68b8,0.034667669264134685,0.01882378,0,21.114,1,1779693023,0.27181217286889636,0.27516787870678433,0.27181217286889636,0.27181217286889636,0.27516787870678433,0.0,0.27181217286889636,0.0,0.0,,0.27181217286889636,0.0,0.27181217286889636,,,-0.04231138633257126,0,0.4295547181782733,,0.27181217286889636,0.08179544162195833,18.354,2664887.0,2664887.0,4.859031069943841,13.154121376344088,2116447.0,0.0,0.3157894736842105,19.0
0x79cdc78f13f5b3302e5acbb9f9e6941fc929b7b9,0.034667669264134685,0.01882378,0,16.524,1,1779693112,0.27181217286889636,0.27516787870678433,0.27181217286889636,0.27181217286889636,0.27516787870678433,0.0,0.27181217286889636,0.0,0.0,,0.27181217286889636,0.0,0.27181217286889636,,,-0.04229275633257126,0,0.4295547181782733,,0.27181217286889636,0.09358437162207059,17.874499999999998,2671896.0,2671896.0,4.871020492991255,14.108768499999998,2123367.0,0.0,0.2777777777777778,18.0
0x0abd4b566232953a21dccccc5b0591e8c54b1ae9,0.034667669264134685,0.01882378,0,25.704,1,1779693198,0.27181217286889636,0.27516787870678433,0.27181217286889636,0.27181217286889636,0.27516787870678433,0.0,0.27181217286889636,0.0,0.0,,0.27181217286889636,0.0,0.27181217286889636,,,-0.04219275633257127,0,0.4295547181782733,,0.27181217286889636,0.10092195300561818,16.745,2678092.0,2678092.0,4.881550814323342,15.635852459016393,2129477.0,0.0,0.35714285714285715,14.0
0x7958bb6f3627f21906c6769f2d602e43dbe4dc8b,0.034647359893548293,0.018681863,0,12.70512,1,1779713209,0.27181217286889636,0.27516787870678433,0.27181217286889636,0.27181217286889636,0.27516787870678433,0.0,0.27181217286889636,0.0,0.0,,0.27181217286889636,0.0,0.27181217286889636,,,0.0017481109234876234,0,0.4295547181782733,,0.27181217286889636,0.00329887034073985,5.99675,,,,8.084341165891475,,,0.5924050632911393,394.0
0xa6a46be8b627a33bfe4f5dd1967097d9131a3d77,0.03464673979210808,0.018677529,0,1.999999,1,1779830856,-0.1610738041699188,-0.16442951000780678,-0.1610738041699188,-0.1610738041699188,-0.16442951000780678,-0.19919981190124306,-0.1610738041699188,-0.09722523563005657,0.0,,-0.1610738041699188,-0.10369981190124301,-0.1610738041699188,-0.3641788285323527,-0.36922523563005655,,1,0.4295547181782733,-0.07751572757563541,-0.1610738041699188,0.6081150041107316,1.0,21707682.0,21707682.0,31.631263360207964,10.129638739130435,21021409.0,,0.15384615384615385,13.0
0x386cc4344f27de9eb038715221cec66e62d18323,0.03463225026626822,0.018576229,0,5.0,1,1779920436,-0.05890836760574426,-0.062264073443632266,-0.05890836760574426,-0.05890836760574426,-0.06226407344363226,-0.0177158635126974,-0.05890836760574426,-0.05815002702333184,0.0,,-0.05890836760574426,-0.07709296942514413,-0.05890836760574426,-0.13170390694181439,-0.11415002702333192,,1,0.4295547181782733,-0.16209481960142647,-0.05890836760574426,0.32069715777166125,49.999998500000004,2883796.0,2883796.0,3.716936069074941,72.18644653571428,2107943.0,,0.46153846153846156,26.0
0xfde5f6e288a2a94fd65df1e87c348114a800b267,0.03462782025164445,0.01854525,0,0.17568,1,1779812518,0.23825511449002035,0.24161082032790837,0.23825511449002035,0.23825511449002035,0.24161082032790832,0.0,0.23825511449002035,0.0,0.0,,0.23825511449002035,0.0,0.23825511449002035,,,0.06030484795395958,0,0.4295547181782733,,0.23825511449002035,0.015299883108525687,1.551,,,,1.7012522242424246,,,0.4819277108433735,83.0
0xc24307db60e64be7a809f4f461ffd27a4f0b5e94,0.03462725322151692,0.018541284,0,2.25,1,1779815180,0.24832223200368317,0.25167793784157116,0.24832223200368317,0.24832223200368317,0.25167793784157116,0.0,0.24832223200368317,0.0,0.0,,0.24832223200368317,0.0,0.24832223200368317,,,0.06683420182730387,0,0.4295547181782733,,0.24832223200368317,0.0,0.0,3285168.0,3285168.0,4.898870707742504,0.0,2614571.0,0.0,,0.0
0x2b23a42b923d05271db94a3501429e90af78a57c,0.03462621746249327,0.01853404,0,30.294,1,1779693198,0.27181217286889636,0.27516787870678433,0.27181217286889636,0.27181217286889636,0.27516787870678433,0.0,0.27181217286889636,0.0,0.0,,0.27181217286889636,0.0,0.27181217286889636,,,-0.04219275633257127,0,0.4295547181782733,,0.27181217286889636,0.09479161546693296,4.5855,2674606.0,2674606.0,4.875196631517548,14.018736842105262,2125991.0,0.0,0.35294117647058826,17.0
0xcc30151f7bc42efc2c447f179c82bc976179096a,0.034622550865252594,0.018508395,0,4.999998,1,1779860457,0.06375855561795195,0.06711426145583994,0.06375855561795195,0.06375855561795195,0.06711426145583994,0.0,0.06375855561795195,0.0,0.0,,0.06375855561795195,0.0,0.06375855561795195,,,0.01683310425952761,0,0.4295547181782733,,0.06375855561795195,0.07371224071297336,21.117150000000002,32046736.0,32046736.0,44.76588896928789,876.3455099712644,31330862.0,,0.6666666666666666,93.0
0xb04f1446c583c8ec5d121f716f1b017f68a82f22,0.03462241531911649,0.018507447,0,5.23404,1,1779735238,0.204698056111144,0.20805376194903197,0.204698056111144,0.204698056111144,0.20805376194903197,0.0,0.204698056111144,0.0,0.0,,0.204698056111144,0.0,0.204698056111144,,,-0.008806142916464909,0,0.4295547181782733,,0.204698056111144,0.0016081625779837967,7.54958,5486773.0,5486773.0,9.28930255394435,8.722815445391584,4896118.0,,0.7805343511450382,1045.0
0x454e2af63c3fa61bd1f00f5bc13f2e9b6ec599a9,0.03461557023889245,0.018459564,0,35.964,1,1780190302,3.725581885091884e-16,-0.0033557058378876187,3.725581885091884e-16,3.725581885091884e-16,-0.0033557058378876187,8.881784197001252e-16,3.725581885091884e-16,8.880916835263265e-16,0.0,,3.725581885091884e-16,8.880916835263265e-16,3.725581885091884e-16,9.2148511043888e-16,8.880916835263264e-16,,1,0.4295547181782733,-0.4168952354155828,3.725581885091884e-16,0.4255783623190696,18.9999995,5058977.0,5058977.0,4.83779772577528,18.122394375,4013258.0,,0.4,5.0
0xe9ad20476d57068a2ddd5efc0c168b544c3fc021,0.03461456223952145,0.018452512,0,0.2704,1,1779821553,0.214765173624807,0.21812087946269498,0.214765173624807,0.214765173624807,0.21812087946269498,0.0,0.214765173624807,0.0,0.0,,0.214765173624807,0.0,0.214765173624807,,,0.05019632775064799,0,0.4295547181782733,,0.214765173624807,0.005020956473081699,2.554739,4812084.0,4812084.0,7.108267722351064,3.0577932100271004,4135114.0,,0.5210237659963437,546.0
0x6c1cda5055bd5e6d6268eef3b223e86f57da5650,0.034614065438832574,0.018449036,0,5.169998,1,1779819382,0.23489961246232308,0.23825531830021104,0.23489961246232308,0.23489961246232308,0.23825531830021104,0.0,0.23489961246232308,0.0,0.0,,0.23489961246232308,0.0,0.23489961246232308,,,0.05298308047500597,0,0.4295547181782733,,0.23489961246232308,0.0,0.0,11485110.0,11485110.0,17.020045969244176,0.0,10810311.0,,,0.0
0x5cd5c8d7a17c78d7389d8b87b611aed83322ac33,0.03461378349551878,0.018447064,0,604.6706899999999,4,1779667482,0.24814157648179852,0.25149728231968654,0.24814157648179852,0.24814157648179852,0.47426339411853224,0.0,0.24814157648179852,0.0,0.2369182141108907,,0.24814157648179852,0.0,0.24814157648179852,,,0.01123927599237383,0,0.4295547181782733,,0.24814157648179852,0.0,0.0,57183949.0,57183949.0,109.3594537377199,0.0,56661050.0,0.0,,0.0
0x7c3941fb6c074f3796af11d49a00aa92947df4f2,0.034612544728328545,0.018438397,0,18.139998,1,1779695048,0.27435577203343,0.27771147787131795,0.27435577203343,0.27435577203343,0.27771147787131795,0.0,0.27435577203343,0.0,0.0,,0.27435577203343,0.0,0.27435577203343,,,-0.051354916276504736,0,0.4295547181782733,,0.27435577203343,0.00682339011129395,5.3485,31071329.0,31071329.0,56.44560326269608,7.399865823404255,30520864.0,0.0,0.5940959409594095,271.0
0x7ac769a2608b84c0fbd84b8993d38784772b524a,0.03461043069632668,0.018423606,0,32.43026,2,1779766309,0.1956804274020193,0.1975670163857009,0.1956804274020193,0.1956804274020193,0.26349218322296736,-0.09782341466572612,0.1956804274020193,-0.02860496797070454,0.0,-1.7645718672670851,0.19062511876188645,-0.03825838168121903,0.1855698101217536,-0.9317261869957063,-0.8826762458234972,,1,0.4295547181782733,-0.016572139129679444,0.1956804274020193,0.0817226721851887,6.20594,4409706.0,4409706.0,7.092683915422549,7.87137225,3787980.0,0.0,0.14545454545454545,55.0
0x91784d82fbe4543459ee85fc9809be185d70a2b2,0.03456627534903298,0.018114464,0,38.22412,1,1779744058,0.23433335676216163,0.23768906260004963,0.23433335676216163,0.23433335676216163,0.23768906260004966,0.0,0.23433335676216163,0.0,0.0,,0.23433335676216163,0.0,0.23433335676216163,,,0.02986719706953878,0,0.4295547181782733,,0.23433335676216163,0.024550764263468798,19.548000000000002,62016877.0,62016877.0,103.45198215104884,98.31492760225989,61417402.0,0.0,0.415929203539823,112.0
0x2d99e29c4f066ba32098c65e4c7454b277d94ca3,0.034563908279291795,0.018097881,0,14652.327870000001,2,1779914360,0.03959299201254927,0.04294869785043726,0.03959299201254927,0.03959299201254927,0.057328532251851694,0.0,0.03959299201254927,0.0,0.0,,0.03959299201254927,0.0,0.03959299201254927,,,0.007854721167708908,0,0.4295547181782733,,0.03959299201254927,0.09691297323721834,50.334998999999996,63413880.0,63413880.0,82.3795462841836,3023.8805143053796,62644103.0,0.0,0.9,69.0
0x4ffe49ba2a4cae123536a8af4fda48faeb609f71,0.03456113302726892,0.018078437,0,5.09915,1,1779797542,0.2818792903825593,0.2852349962204473,0.2818792903825593,0.2818792903825593,0.2852349962204473,0.0,0.2818792903825593,0.0,0.0,,0.2818792903825593,0.0,0.2818792903825593,,,0.079714981363402,0,0.4295547181782733,,0.2818792903825593,0.0,0.0,40408679.0,40408679.0,61.885476729779356,0.0,39755720.0,,,0.0
0x69e6251067ab42e5db357b9d231cebc59a8bc76c,0.03456107507334308,0.018078031,0,0.41262,1,1779716980,0.25838934951734605,0.261745055355234,0.25838934951734605,0.25838934951734605,0.261745055355234,0.0,0.25838934951734605,0.0,0.0,,0.25838934951734605,0.0,0.25838934951734605,,,-0.011641683625662662,0,0.4295547181782733,,0.25838934951734605,0.01403887715267722,1.0,12005635.0,12005635.0,20.97431502960358,1.3347846262626264,11433238.0,,0.22413793103448276,116.0
0xdfdbfad05bf69f17fe4fcbab8993f5f3e491703d,0.03455757169331899,0.018053483,0,4.04919,1,1779743643,-0.2684564670310089,-0.27181217286889686,-0.2684564670310089,-0.2684564670310089,-0.27181217286889686,0.289873804289858,-0.2684564670310089,0.7986999879740816,0.0,,-0.2684564670310089,0.7338965853377175,-0.2684564670310089,-0.43446175401870807,-0.3693002278099191,,1,0.4295547181782733,0.0048285049857099294,-0.2684564670310089,0.010413885037421966,1.95,48510861.0,48510861.0,80.97830100490769,11.706327578521318,47911801.0,0.0,0.21121251629726207,678.0
0xda1d3ed0db6f1c6b4465b95503ec68046b0226a7,0.03451211598016291,0.017734762,0,12.999998,1,1779711736,0.2684565787628618,0.27181228460074974,0.2684565787628618,0.2684565787628618,0.27181228460074974,0.0,0.2684565787628618,0.0,0.0,,0.2684565787628618,0.0,0.2684565787628618,,,0.00447544484785864,0,0.4295547181782733,,0.2684565787628618,0.027776440309196557,19.71426,18862861.0,18862861.0,33.25885783906635,25.402064384615382,18295708.0,0.0,0.4423076923076923,52.0
0xb7902d0695d75581a7a12dfb6f8fdc422905107b,0.0345073872910709,0.017701583,0,27.866799999999998,2,1779739120,0.0,0.0,0.0,0.0,0.0,0.298522379324993,0.0,0.42249999398704025,0.0,-2.1332,-0.0035791958466909308,0.3884499999999997,-0.0071583916933818615,-0.17540000288192,-0.10700001490783884,,1,0.4295547181782733,0.009099003235683727,0.0,0.12178487835396301,20.78,,,,27.670527000000003,,,0.05263157894736842,19.0
0x34ab676b682e8132484a1c041f2c67706f063eb5,0.03449014387449736,0.017580556,0,366.41584,1,1779743362,-0.2783138476863822,-0.28166955352427014,-0.2783138476863822,-0.2783138476863822,-0.28166955352427014,0.301193741700522,-0.2783138476863822,0.7770829712586832,0.0,,-0.2783138476863822,0.7126704829720942,-0.2783138476863822,-0.45825549136214133,-0.39368146484084454,,1,0.4295547181782733,0.005093817832988868,-0.2783138476863822,0.0,0.0,8413723.0,8413723.0,14.051466400792279,0.0,7814944.0,,,0.0
0x38f50488b14a87769e0c5cd6c514b6c2e8ec6824,0.03446914486491402,0.01743309,0,9.506969999999999,2,1779741363,0.0,0.0,0.0,0.0,0.0,0.20629675438596448,0.0,0.3552467483730052,0.0,2.8207299999999997,0.025947204298532714,0.32212815789473653,0.05189440859706543,-0.2988436844181929,-0.23350650325398897,,1,0.4295547181782733,0.006981221326620887,0.0,0.0,0.0,48802792.0,48802792.0,81.77685579275445,0.0,48206012.0,0.0,,0.0
0x6b44cdccdc280e6d0be71782f0772a6bf4b2be1e,0.03446548131481423,0.017407354,0,1654.3388800000002,10,1779731169,0.07777110391584552,0.0781647069608128,0.07777110391584552,0.07777110391584552,0.39392826675754655,-0.05887149622931845,0.07777110391584552,-0.07650782492797864,0.16692073364857268,3.539398333333325,0.08664597413595895,-0.09648976483719114,0.09552084435607237,-0.9280114097640305,-0.8854303314896825,0.21348881632388386,1,0.4295547181782733,0.016606129387693826,0.07777110391584552,0.018343843576648745,19.5,46338183.0,46338183.0,78.99640120971179,114.57075628136293,45751597.0,0.0,0.34285714285714286,301.0
0x5e1fcdf23bf60583de27e777d56c172ea3b27828,0.03446298330555908,0.017389804,0,89.04373000000001,3,1779745556,0.05669966698158128,0.05990784943022936,0.05669966698158128,0.05669966698158128,0.14094816226961546,-0.01358642676055043,0.05669966698158128,-0.005651309587307786,0.0,-6.930177487499999,0.0551201909109628,-0.006609817333751992,0.05354071484034432,-1.34049999982178,-1.2971000120259188,0.0041011610136074865,1,0.4295547181782733,0.0030223004417789367,0.05669966698158128,0.047531539917210756,23.3331,29882869.0,29882869.0,49.724145677093645,163.79407294683025,29281896.0,,0.30337078651685395,89.0
0xcc53a64f9a8244e4eaef9b16584d202f1bf678c3,0.03446077840468325,0.017374313,0,0.999999,1,1779785813,-0.37248303230066915,-0.37583873813855717,-0.37248303230066915,-0.37248303230066915,-0.37583873813855717,-0.5065026479787121,-0.37248303230066915,-0.28219817710469713,0.0,,-0.37248303230066915,-0.2869880376073405,-0.37248303230066915,-0.7411992191358749,-0.748099219135875,,1,0.4295547181782733,-0.03498730558280546,-0.37248303230066915,0.03473079492497502,1.059579,480930.0,480930.0,0.7500116962712288,1.9048021408450708,-160300.0,0.0,0.21568627450980393,51.0
0xec75e9b737bbf53b9db691fadff0189b756684b1,0.03445485498137695,0.01733269,0,12.95089,2,1779904823,-0.07041804211037177,-0.07377374794825975,-0.07041804211037177,-0.07041804211037177,-0.08200748184785275,-0.15368591622706007,-0.07041804211037177,0.23816127586616648,0.0,,-0.07041804211037177,0.21731431020726885,-0.07041804211037177,-0.14333618288359057,-0.1219361828835906,,1,0.4295547181782733,-0.14735343353535507,-0.07041804211037177,0.11402130530145983,49.896719,174800700.0,174800700.0,229.92831211196463,79.13572459090909,174040460.0,,0.1935483870967742,15.0
0x4169cec37c508cfec50a6fac37bec5d7ab6e6420,0.034435427448956904,0.017196128,0,249.999997,3,1779749214,-0.5933960315277436,-0.5967517373656315,-0.5933960315277436,-0.5933960315277436,-1.0563339345867881,-0.5516458553461406,-0.5933960315277436,-0.16686504391950774,0.0,,-0.5933960315277436,-0.20891596490752598,-0.5933960315277436,-1.216024476936891,-1.173273928504772,,1,0.4295547181782733,-0.00043148744201592444,-0.5933960315277436,0.6898948430942176,5.338389,,,,99.42634959677419,,,0.34146341463414637,41.0
0x4235ed2bbd7e82b8aa0e6b699d9e7da7cd66b58e,0.03443301365719338,0.017179156,0,205.667019,2,1779774998,1.3927704164113726e-06,1.6787740246724352e-06,1.3927704164113726e-06,1.3927704164113726e-06,0.0007714977769205662,0.0,1.3927704164113726e-06,0.0,0.0,9.607949329307141,0.03676959251601334,0.0,0.07353779226161027,,,0.09703995416367765,1,0.4295547181782733,-0.11640247109175765,1.3927704164113726e-06,0.18309527860427302,19.23563,,,,140.52830574603172,,,0.5833333333333334,24.0
0x506f3851ab75685ea3622bf4dd9d28cacadfe8bb,0.03443219752944152,0.017173417,0,10.7936,2,1779728821,-0.21620800036419457,-0.2195637062020826,-0.21620800036419457,-0.21620800036419457,-0.2697576688764344,0.5919313015291288,-0.21620800036419457,0.4959313015291286,0.0,,-0.21620800036419457,0.42811730844677304,-0.21620800036419457,-0.12042579043173669,-0.056525802457655545,,1,0.4295547181782733,0.018823049549298622,-0.21620800036419457,0.07024892166343154,24.8,58657240.0,58657240.0,100.39956319171297,38.829242975308645,58073002.0,0.0,0.16129032258064516,31.0
0x31e69eba592ddb5b7b6f40064ca429f1d3f50f21,0.034430873646200066,0.017164107,0,7.9,1,1779797067,0.2617450553552336,0.26510076119312165,0.2617450553552336,0.2617450553552336,0.26510076119312165,0.0,0.2617450553552336,0.0,0.0,,0.2617450553552336,0.0,0.2617450553552336,,,0.06870793224228662,0,0.4295547181782733,,0.2617450553552336,0.01614953943046112,4.999999,22191418.0,22191418.0,34.01066999344045,11.196737307692308,21538934.0,0.0,0.2620967741935484,246.0
0xd063422a28763b6ce0b2640f27867ed1e3555ccd,0.034421258556554604,0.017096484,0,862.1641,4,1779660559,-0.0028434810145419095,-0.003791308019389353,-0.0028434810145419095,-0.0028434810145419095,-0.0071337267830762895,0.0,-0.0028434810145419095,0.0,1.0,87.88046000000003,0.0744479906527492,0.0,0.1517394623200403,,,0.2874544459036563,1,0.4295547181782733,-0.22149373965539543,-0.0028434810145419095,0.02100061795123715,77.3638,30844678.0,30844678.0,59.77928818394654,176.1775483153477,30328702.0,,0.568,125.0
0x4a2be7a7e6e3b41dc2de00706b4c09660ca9af20,0.03440453704021224,0.016978838,0,171.83328,1,1779741015,-0.22682166723780392,-0.23017737307569192,-0.22682166723780392,-0.22682166723780392,-0.23017737307569194,0.35410748710744433,-0.22682166723780392,0.7336794668014419,0.0,,-0.22682166723780392,0.6665980456026052,-0.22682166723780392,-0.2608019543973942,-0.19432053319855735,,1,0.4295547181782733,0.007309793820759928,-0.22682166723780392,0.0,0.0,10369605.0,10369605.0,17.386064128014592,0.0,9773173.0,,,0.0
0x7b0f8510a409ba99322f83e6ccef0eede71a179a,0.03440334413702335,0.016970443,0,200.0,1,1779749156,-0.45719467717916135,-0.4605503830170493,-0.45719467717916135,-0.45719467717916135,-0.46055038301704937,-0.2753816871611986,-0.45719467717916135,0.2615928489806822,0.0,,-0.45719467717916135,0.21044165451032254,-0.45719467717916135,-0.9456869442309029,-0.8921246288303107,,1,0.4295547181782733,-0.0003767253596594176,-0.45719467717916135,0.035790717989917877,14.679,4681179.0,4681179.0,7.742950809910465,90.0036819359573,4076606.0,,0.6274509803921569,152.0
0xc16a85e6b6c22931b597cb2d7377d34795a325f8,0.03439835036322477,0.016935296,0,0.6732,1,1779734041,-0.21476517362480685,-0.21812087946269484,-0.21476517362480685,-0.21476517362480685,-0.21812087946269484,0.42749998797408145,-0.21476517362480685,0.5874999879740816,0.0,,-0.21476517362480685,0.5187159477843473,-0.21476517362480685,-0.07679648100698697,-0.012500423425945137,,1,0.4295547181782733,0.013894462137213006,-0.21476517362480685,0.009827086863075553,0.999999,47185731.0,47185731.0,80.04935211669024,1.1855889046052632,46596273.0,0.0,0.5048231511254019,311.0
0x5297f1e1d0f0584537af763652a0a5f874037b99,0.03438391710387036,0.016833687,0,186.00304699999995,13,1779685970,-0.001305709791922664,-0.001896779107738377,-0.001305709791922664,-0.001305709791922664,-0.006648567808402507,-0.0042896197499995735,-0.001305709791922664,-0.0018694886790711109,0.0,0.8255613128000008,-0.0006868219009670996,-0.0024919092387562683,-6.79340100115354e-05,-0.3730786027074919,-0.3545984449778541,0.025628664743741064,4,0.4295547181782733,0.0592818424985861,-0.001305709791922664,0.0,0.0,449865.0,449865.0,0.8309490253737161,0.0,-91522.0,,,0.0
0x977c2681b22379a78e2b01c3de32a70338144160,0.03438042310734679,0.016809084,0,4.62,1,1779793216,0.25167793784157066,0.25503364367945863,0.25167793784157066,0.25167793784157066,0.25503364367945863,0.0,0.25167793784157066,0.0,0.0,,0.25167793784157066,0.0,0.25167793784157066,,,0.06525184753286778,0,0.4295547181782733,,0.25167793784157066,0.0,0.0,,,,0.0,,,,0.0
0x9cdda449d7cedf1072d74982a5dc2349df3d3e97,0.03438042310734679,0.016809084,0,12.97738,1,1779816419,0.25503364367945863,0.25838934951734666,0.25503364367945863,0.25503364367945863,0.25838934951734666,0.0,0.25503364367945863,0.0,0.0,,0.25503364367945863,0.0,0.25503364367945863,,,0.06359634236859422,0,0.4295547181782733,,0.25503364367945863,0.0,0.0,38873789.0,38873789.0,57.86202138617163,0.0,38201953.0,,,0.0
0xb986084a183a218b59e97b2ddf1d3e2da9e04b60,0.03437188067140956,0.01674892,0,31.999998,1,1779723130,0.20134243239639982,0.20469813823428779,0.20134243239639982,0.20134243239639982,0.20469813823428779,0.0,0.20134243239639982,0.0,0.0,,0.20134243239639982,0.0,0.20134243239639982,,,-0.0082938328776097,0,0.4295547181782733,,0.20134243239639982,0.033250389989467964,9.999999,7162017.0,7162017.0,12.379317497109136,37.41148591803279,6583470.0,,0.4469026548672566,226.0
0x4bafd01e0cd8be98679384d8b513d15f94240f82,0.03436673028104509,0.01671264,0,20.999998,1,1779859144,0.06375850487963375,0.06711421071752174,0.06375850487963375,0.06375850487963375,0.06711421071752174,0.0,0.06375850487963375,0.0,0.0,,0.06375850487963375,0.0,0.06375850487963375,,,0.019084622650325702,0,0.4295547181782733,,0.06375850487963375,0.12803323276591183,23.48568,19538151.0,19538151.0,27.342873456569837,191.0747181827957,18823590.0,0.0,0.6290322580645161,62.0
0xecdad75a0a6fc9deca88748f4bc66eb4f7022a7a,0.03435950834906988,0.016661758,0,14.73,1,1779877458,0.057046999244089146,0.060402705081977134,0.057046999244089146,0.057046999244089146,0.060402705081977134,0.0,0.057046999244089146,0.0,0.0,,0.057046999244089146,0.0,0.057046999244089146,,,0.009209986643071929,0,0.4295547181782733,,0.057046999244089146,0.1715102987909684,16.192394999999998,,,,23.455857000000005,,,0.4444444444444444,9.0
0x7a446aead99eb44ceabdf561f50cacc526c3e02d,0.03435586026618507,0.016636051,0,19.107,2,1779733336,0.0,0.0,0.0,0.0,0.0,0.22204999398704053,0.0,0.18480402738641788,0.0,6.633,0.02810403639230878,0.1504232642820234,0.05620807278461756,-0.1315,-0.06790001202591887,,1,0.4295547181782733,0.014560104689994684,0.0,0.05838332432239785,5.913,2989608.0,2989608.0,5.077864571390719,13.668331515151515,2400855.0,0.0,0.4482758620689655,29.0
0xddb2f3499158df3d74cf873f784e73a6d11d745a,0.03434959455593274,0.016591894,0,1.28,1,1779927266,-0.05033558756831386,-0.053691293406201844,-0.05033558756831386,-0.05033558756831386,-0.05369129340620185,-0.037039415797570384,-0.05033558756831386,-0.1038,0.0,,-0.05033558756831386,-0.11879999999999999,-0.05033558756831386,-0.12010000000000001,-0.1038,,1,0.4295547181782733,-0.168543526885822,-0.05033558756831386,0.38162124477780324,1.304518,5721151.0,5721151.0,7.309665598971742,5.719711667785234,4938468.0,,0.25925925925925924,54.0
0x7166fded5b92f5258c5320a80da7335a94c7b123,0.034344903725507164,0.01655883,0,3.11376,1,1780031878,-0.003355705837887246,-0.0067114116757752374,-0.003355705837887246,-0.003355705837887246,-0.0067114116757752374,-0.008100000000000019,-0.003355705837887246,-0.002600000000000009,0.0,,-0.003355705837887246,-0.008100000000000026,-0.003355705837887246,-0.007700000000000007,-0.0026000000000000025,,1,0.4295547181782733,-0.2673154399802857,-0.003355705837887246,0.07602933912850612,1.0132575,832026.0,832026.0,0.9377106824674996,1.338709725,-55269.0,0.0,0.5789473684210527,19.0
0xaa7f87ab9165347be7a0f107f3cfe03257ebae4b,0.034335013544741395,0.016489103,0,4.999998,1,1779833503,0.16107421338794412,0.1644299192258321,0.16107421338794412,0.16107421338794412,0.1644299192258321,0.0,0.16107421338794412,0.0,0.0,,0.16107421338794412,0.0,0.16107421338794412,,,0.039713478069867504,0,0.4295547181782733,,0.16107421338794412,0.0018275597273080802,4.999998,3879562.0,3879562.0,5.631367938222144,4.975951132246377,3190642.0,,0.912568306010929,549.0
0xd4ab611c8e2a1d39f70566550d093fbd2e528253,0.034333094955445745,0.016475575,0,958.68782,1,1779824266,-0.21009296100651478,-0.21344866684440278,-0.21009296100651478,-0.21009296100651478,-0.21344866684440278,-0.3297950440813175,-0.21009296100651478,-0.13213302132176996,0.0,,-0.21009296100651478,-0.13603302132176998,-0.21009296100651478,-0.476519333395819,-0.4790437462990448,,1,0.4295547181782733,-0.07129362201133575,-0.21009296100651478,0.09481249106639159,109.999999,4244885.0,4244885.0,6.24538939476197,227.91193309333335,3565202.0,0.0,0.9666666666666667,30.0
0x9e8077593bf0a6fd63f988dcf589f7558897f694,0.03432932438216229,0.016448986,0,45454.5,3,1780164218,3.725581885091884e-16,-0.0033557058378876187,3.725581885091884e-16,3.725581885091884e-16,-0.00581220901732773,8.880916835263265e-16,3.725581885091884e-16,-7.025630077706068e-18,0.0,,3.725581885091884e-16,-1.8041124150158794e-17,3.725581885091884e-16,8.880916835263264e-16,8.880916835263264e-16,,1,0.4295547181782733,-0.3922674051364945,3.725581885091884e-16,0.22707209536459633,4.803921,60489195.0,60489195.0,59.32436116845734,328.8780492486188,59469560.0,,0.5121951219512195,38.0
0xdfdd12efa8d173c3946d00d1e6ce7b40255a295b,0.03431786904441946,0.016368188,0,18.36,1,1779693023,0.27181217286889675,0.2751678787067847,0.27181217286889675,0.27181217286889675,0.2751678787067847,0.0,0.27181217286889675,0.0,0.0,,0.27181217286889675,0.0,0.27181217286889675,,,-0.04231138633257113,0,0.4295547181782733,,0.27181217286889675,0.07668024174190766,4.375500000000001,,,,10.788094543478262,,,0.3,20.0
0x8c6db2189c6697246c11b1f202ececc559e8f921,0.03431095716849613,0.016319424,0,18.0,1,1780051180,3.7546879935691643e-16,-0.0033557058378876157,3.7546879935691643e-16,3.7546879935691643e-16,-0.0033557058378876157,0.0030000000000008644,3.7546879935691643e-16,0.0007444421999991187,0.0,,3.7546879935691643e-16,-8.476726265360667e-16,3.7546879935691643e-16,1.4955029926265114e-07,0.0007444421999991187,,1,0.4295547181782733,-0.2855398833189976,3.7546879935691643e-16,0.281652525969838,1.0,2740930.0,2740930.0,3.023316865156183,3.534092533916849,1834333.0,,0.43283582089552236,67.0
0x701f8668eb8f5c098d627fe917ff0351d64784fa,0.034299356789819054,0.01623756,0,1.258,2,1779901296,0.05503357574135662,0.05753510191141858,0.05503357574135662,0.05503357574135662,0.06663805353891232,-0.018530909090909084,0.05503357574135662,-0.008349090909090908,0.0,0.0070000000000000305,0.05514034819983486,-0.00998073908950233,0.05524712065831311,-0.15249999999999908,-0.13759999999999908,,1,0.4295547181782733,-0.1440233324237792,0.05503357574135662,0.07754142260601374,8.775,3162444.0,3162444.0,4.179185503618942,12.26338125,2405731.0,0.0,0.52,25.0
0xf284ad6d607f777f34bc643cea587c33a886b9f9,0.034293099963104944,0.016193395,0,46619.44945,5,1779661967,2.245644412044329e-17,-0.00020226966674578967,2.245644412044329e-17,2.245644412044329e-17,-0.0008238674053064787,0.0,2.245644412044329e-17,0.0,0.003309725115461329,60.284090000000006,0.0010823400314551256,0.0,0.0021646800629102287,,,0.0016543060412728319,1,0.4295547181782733,-0.28823644378813873,2.245644412044329e-17,0.0,0.0,512263.0,512263.0,0.9901021291729161,0.0,-5121.0,,,0.0
0x1fa1be3eab546e06e4290839bf4c1d7abfbf1fa9,0.03429222212690272,0.016187198,0,95.749998,7,1779818398,-0.00550032765801315,-0.00885603349590114,-0.00550032765801315,-0.00550032765801315,-0.05793362874049911,-0.006453434625354627,-0.00550032765801315,-0.0039029804646650104,0.0,,-0.00550032765801315,-0.004090267041104742,-0.00550032765801315,-0.23282593728403647,-0.23221931094063938,,3,0.4295547181782733,-0.06575320995499123,-0.00550032765801315,0.19439196341766618,3.9154999999999998,8557377.0,8557377.0,12.699890919614434,227.55877360812133,7883562.0,,0.3492063492063492,125.0
0xafe59f64753221474770684b7586b539a4807ff5,0.034288671161587986,0.01616213,0,16.999955,1,1779852834,0.06040270701842134,0.06375841285630933,0.06040270701842134,0.06040270701842134,0.06375841285630933,0.0,0.06040270701842134,0.0,0.0,,0.06040270701842134,0.0,0.06040270701842134,,,0.012508691556978244,0,0.4295547181782733,,0.06040270701842134,0.13097439871628927,21.8022,18906489.0,18906489.0,26.694616738980955,189.59329032478632,18198238.0,0.0,0.6756756756756757,74.0
0x285cca3d5fd4d87c19bd073e9dbd98b019ec3ac1,0.034277530625042116,0.016083462,0,7.439998,1,1779730749,0.18456389602071738,0.18791960185860532,0.18456389602071738,0.18456389602071738,0.18791960185860535,0.0,0.18456389602071738,0.0,0.0,,0.18456389602071738,0.0,0.18456389602071738,,,-0.021870943317754098,0,0.4295547181782733,,0.18456389602071738,0.01982820101335305,1.033589,5280880.0,5280880.0,9.009188523387573,1.7506277039106146,4694714.0,0.0,0.9061032863849765,330.0
0x4948f834f1954f03e793a2dbb7d9ba1a28370804,0.034266333465868444,0.01600437,0,1.587,2,1779901356,0.05670656531850637,0.05928413646934787,0.05670656531850637,0.05670656531850637,0.06764335019363903,-0.01784347826086956,0.05670656531850637,-0.004857971014492843,0.0,0.0,0.05670656531850637,-0.006344358590851075,0.05670656531850637,-0.16059999999999908,-0.14589999999999909,,1,0.4295547181782733,-0.1440799828538032,0.05670656531850637,0.056138930679024715,18.553,3157748.0,3157748.0,4.172648865643991,16.83109398550725,2400975.0,0.0,0.3448275862068966,29.0
0x4e239f8a8306c75868460a57bf394483e23fd084,0.03425801290446888,0.015945582,0,4.999999,1,1779747612,-0.35400443823077954,-0.35736014406866756,-0.35400443823077954,-0.35400443823077954,-0.3573601440686675,0.08050496727093542,-0.35400443823077954,0.24310570788513713,0.0,,-0.35400443823077954,0.1856290986646711,-0.35400443823077954,-0.696406440737404,-0.6368942921148636,,1,0.4295547181782733,0.0010810790396241434,-0.35400443823077954,0.13085016417467824,5.0,,,,10.140436034482757,,,0.10526315789473684,19.0
0xfbb7892cf860c1e269bb4e2ad85392352aebea8c,0.03425798839013773,0.015945408,0,1486.492698,5,1779811092,0.059092910837720704,0.06032111163119221,0.059092910837720704,0.059092910837720704,0.09970721625464622,-0.1649330980884739,0.059092910837720704,-0.07852658282338806,0.0,-280.14082254666346,0.04952479883123706,-0.0796734914848284,0.039956686824753423,-0.521409444564199,-0.5189548849950639,,1,0.4295547181782733,-0.05885507592573884,0.059092910837720704,0.08940766670897395,4.160196,5177087.0,5177087.0,7.767467506065184,26.207392621230397,4510578.0,,0.5444444444444444,90.0
0xbc4506cbd363da09c976704fd223e155dccde7a2,0.03424959019631115,0.015886057,0,24.57,1,1779739615,0.18120811524593067,0.18456382108381864,0.18120811524593067,0.18120811524593067,0.18456382108381864,0.0,0.18120811524593067,0.0,0.0,,0.18120811524593067,0.0,0.18120811524593067,,,-0.02059407618566248,0,0.4295547181782733,,0.18120811524593067,0.06541000796617101,20.8145,3239615.0,3239615.0,5.444438282310867,14.757128046875,2644583.0,0.0,0.5357142857142857,28.0
0xe4893d5422c1f3c2a46df9989399239c59bcf816,0.03424808888316804,0.015875446,0,14.109998,1,1779839845,0.15771828849090025,0.16107399432878824,0.15771828849090025,0.15771828849090025,0.16107399432878824,0.0,0.15771828849090025,0.0,0.0,,0.15771828849090025,0.0,0.15771828849090025,,,-0.030744074747345525,0,0.4295547181782733,,0.15771828849090025,0.0015121055765765865,13.469517,18248494.0,18248494.0,26.246931372633625,12.875870640834577,17553232.0,,0.96274217585693,671.0
0x6bfe72a61d0b967d3c621716a6ed1c38deccbfb7,0.034225629999319405,0.01571665,0,38.32108,1,1779744422,-0.32660255863423704,-0.32995826447212506,-0.32660255863423704,-0.32660255863423704,-0.32995826447212506,0.14518150588235298,-0.32660255863423704,0.4148815322500452,0.0,,-0.32660255863423704,0.353543635496034,-0.32660255863423704,-0.5837264671938547,-0.5220304468674186,,1,0.4295547181782733,0.004092993569232019,-0.32660255863423704,0.0036533627643881485,9.70539,2443768.0,2443768.0,4.07403986736441,17.166755407747864,1843929.0,,0.27209098862642167,1142.0
0xf961e6585aa865c8fefa439b656f8c7db6d834dd,0.034225046936775784,0.015712526,0,49.999968,5,1779801210,0.19028010060463155,0.19363580644251954,0.19028010060463155,0.19028010060463155,0.43258805428299496,0.0,0.19028010060463155,0.0,0.0,,0.19028010060463155,0.0,0.19028010060463155,,,0.037364182279187974,0,0.4295547181782733,,0.19028010060463155,0.0,0.0,7262951.0,7262951.0,11.060999623835146,0.0,6606324.0,,,0.0
0xc0f2655b52811fbc68bab51f003841bf1ad19a8a,0.03422120828586557,0.015685374,0,4.999999,1,1779770705,-0.45492318048405594,-0.45827888632194397,-0.45492318048405594,-0.45492318048405594,-0.4582788863219439,-0.36084369204280986,-0.45492318048405594,-0.21910779499236213,0.0,,-0.45492318048405594,-0.25350730461137383,-0.45492318048405594,-0.9464066123872574,-0.9231071027682457,,1,0.4295547181782733,-0.020722727302769167,-0.45492318048405594,0.382239950406465,5.169989,,,,11.070027034482758,,,0.07142857142857142,28.0
0xa8b9c26f3519a397b5ae73c47509dc926e6af3ce,0.03420943053628165,0.0156020485,0,1.635,2,1779824700,0.0,0.0,0.0,0.0,0.0,-0.14574998827597152,0.0,-0.025613178092436826,0.0,-0.16500000000000004,-0.004614095527095473,-0.026199999887741736,-0.009228191054190945,-0.44657558709677425,-0.451226356184874,,1,0.4295547181782733,-0.07170339345517582,0.0,0.25871169821942197,1.5514695,,,,4.38092396875,,,0.21428571428571427,14.0
0x5a449cc0b0830555908ae15f9b8574d7d1a25616,0.03420023010543748,0.015536938,0,19.17,2,1779758795,0.13590608643444818,0.13926179227233618,0.13590608643444818,0.13590608643444818,0.2529943975015563,0.0,0.13590608643444818,0.0,0.0,,0.13590608643444818,0.0,0.13590608643444818,,,0.04915415965129588,0,0.4295547181782733,,0.13590608643444818,0.0070090470122874966,10.00149,13523485.0,13523485.0,22.017617695518812,45.30942906394763,12909273.0,,0.7989601386481803,573.0
0xd9e100a2043691f670219e5ca5dafb516c803fc9,0.034186956382784656,0.015442971,0,18.479969999999998,2,1779797540,0.16644764052500316,0.1686847311412942,0.16644764052500316,0.16644764052500316,0.2065979115098301,-0.04148653933323209,0.16644764052500316,0.0010497958473901685,0.0,-0.38385519275963786,0.16510580845778475,8.479271413890767e-07,0.16376397639056633,-0.5364999575343911,-0.537999957534391,,1,0.4295547181782733,-0.0460596321309909,0.16644764052500316,0.0058121537239220825,1.9404,37927917.0,37927917.0,58.08639313155384,3.6524971905925474,37274960.0,,0.2402135231316726,555.0
0xf0f56bd611878de830938fab50515e103dd5ad92,0.0341857800952358,0.015434642,0,6.329998,1,1779859846,0.06375859794882588,0.06711430378671386,0.06375859794882588,0.06375859794882588,0.06711430378671386,0.0,0.06375859794882588,0.0,0.0,,0.06375859794882588,0.0,0.06375859794882588,,,0.01845388685258316,0,0.4295547181782733,,0.06375859794882588,0.1041068752871741,34.119846,6055679.0,6055679.0,8.466366916784455,168.8169561702128,5340416.0,0.0,0.6153846153846154,26.0
0xd320fabcbfa2e64ce314f65d9d99230fd76ba1df,0.03415900607935205,0.0152449915,0,9.999999,1,1779800016,-0.2792445826196732,-0.2826002884575612,-0.2792445826196732,-0.2792445826196732,-0.2826002884575612,-0.33884034456225975,-0.2792445826196732,-0.06787099132771515,0.0,,-0.2792445826196732,-0.07404031218725994,-0.2792445826196732,-0.506283316032933,-0.5078710237027151,,1,0.4295547181782733,-0.0483974065433135,-0.2792445826196732,0.3132153994159315,9.999999,,,,7.749999500000001,,,0.25,4.0
0xa7bfe5736257a3a42a6e229552a62882fe19e441,0.034157058338865495,0.015231189,0,2736.771284,2,1779761378,0.0,-0.001179527089081215,0.0,0.0,-0.001989508969262733,0.0,0.0,0.0,0.0,129.33717356499992,0.03781987818143592,0.0,0.07563975636287185,,,0.11966593963387305,1,0.4295547181782733,-0.33514394402182174,0.0,0.0890031341730378,62.0870835,18185791.0,18185791.0,29.48433596251591,394.2680535182927,17568996.0,,0.7101449275362319,69.0
0xce0ceeb1d84a95e60a4a28ea19ed3efb58092945,0.03413507969397696,0.01507539,0,786.355086,6,1779752019,-0.17040255320290756,-0.17551509925237382,-0.17040255320290756,-0.17040255320290756,-0.6768718056362741,-0.40490860474431645,-0.17040255320290756,-0.2063064960662372,0.0,-280.6290787034694,-0.20737875415527504,-0.23252642101086674,-0.2443549551076425,-1.1885806937617853,-1.1465157860988984,,2,0.4295547181782733,-0.003079895045636642,-0.17040255320290756,0.03053816524402026,299.999999,10811565.0,10811565.0,17.798689903133827,515.823840919708,10204129.0,,0.32894736842105265,76.0
0x5d0c226121cc9be4496e1d52d1350ec7d49bfbd7,0.03412874803411763,0.015030489,0,597.1150500000001,10,1779923845,-0.012368736917791175,-0.01354237923488195,-0.012368736917791175,-0.012368736917791175,-0.041327963648180255,-0.017972986228205545,-0.012368736917791175,-0.008324690711217705,0.0,-10.927543333333325,-0.014004473741093931,-0.010530239694614831,-0.015640210564396687,-0.10246317096049216,-0.09407192194524717,0.0038831152931555393,1,0.4295547181782733,-0.18641673755838534,-0.012368736917791175,0.2021625398309541,23.07575,2688019.0,2688019.0,3.4494419078564076,126.2865015238095,1908757.0,0.0,0.375,16.0
0x1c865202529e466ed310ab3730c43689d3bfc427,0.03412473282656279,0.015002011,0,94.878,1,1779921022,0.16852354717871582,0.1718792530166038,0.16852354717871582,0.16852354717871582,0.1718792530166038,0.0,0.16852354717871582,0.0,0.0,,0.16852354717871582,0.0,0.16852354717871582,,,0.0649502484155027,0,0.4295547181782733,,0.16852354717871582,0.00860734006579278,48.456,77086935.0,77086935.0,99.28266740851502,59.6548590942691,76310496.0,0.0,0.758893280632411,241.0
0xa0a46112f6004903fc0692206b7ad489d482621a,0.034124646298065664,0.015001398,0,1033.4099999999999,4,1779714508,0.07528372419834309,0.09652046222088147,0.07528372419834309,0.07528372419834309,0.22929612283976086,0.0,0.07528372419834309,0.0,0.0,5.948959999999994,0.08424376001582957,0.0,0.09320379583331606,,,-0.0032184770660099848,1,0.4295547181782733,-0.0793247646410676,0.07528372419834309,0.005491167504776313,33.93045,50702806.0,50702806.0,88.96399701715139,88.01083661866453,50132881.0,0.0,0.6713426853707415,494.0
0xe5bd6db81668c0e5f0209b371b7a2b5459a6f03e,0.03412398860962423,0.014996733,0,46.5188,4,1779744009,-0.09782382972839831,-0.1050810819119269,-0.09782382972839831,-0.09782382972839831,-0.26430697638877637,0.09884605449750945,-0.09782382972839831,0.25073278125474024,0.0,-14.200000000000001,-0.11178545378289705,0.21536769826458957,-0.12574707783739578,-0.4186680472182056,-0.37448087582391554,,2,0.4295547181782733,0.004482937362563696,-0.09782382972839831,0.05400601569800381,10.7385,7218662.0,7218662.0,12.042624110398949,43.56070656183206,6619236.0,,0.41245136186770426,256.0
0x2b92fe7781a6dc3d5192407ace53a0af343b6910,0.03411741344791491,0.01495009,0,353.399247,1,1779943081,-3.725581885091884e-16,0.0033557058378876187,-3.725581885091884e-16,-3.725581885091884e-16,0.0033557058378876183,0.0,-3.725581885091884e-16,0.0,0.0,,-3.725581885091884e-16,0.0,-3.725581885091884e-16,,,-0.000700103364019821,0,0.4295547181782733,,-3.725581885091884e-16,0.10065103975121992,73.972602,952919.0,952919.0,1.1933893384830019,156.25120518181816,154421.0,0.0,0.5714285714285714,28.0
0xc682d7943aad07c246986a7aa2989cfcb17817bb,0.0341073386840577,0.0148786055,0,30.26088,2,1779679063,-0.4351823160308653,-0.43853802186875335,-0.4351823160308653,-0.4351823160308653,-0.6092080842526917,-0.3736795868607356,-0.4351823160308653,-0.38064611539262166,0.0,,-0.4351823160308653,-0.4076461033667028,-0.4351823160308653,-0.20270047089237306,-0.20000044388002877,,1,0.4295547181782733,0.06580325116817907,-0.4351823160308653,0.29018878010055843,31.06575,,,,226.45326131439393,,,0.19047619047619047,21.0
0xc7b641e08233739befef5e91869d318eba3802f7,0.03409807066750114,0.014812827,0,10.378439,2,1779753384,5.25046067556604e-06,-6.911643431914325e-05,5.25046067556604e-06,5.25046067556604e-06,-0.0060890237178382635,-0.2613682545276888,5.25046067556604e-06,-0.01590625971538773,0.0,0.3797292830082586,0.0050983732217179676,-0.03900767023027218,0.010191495982760368,-1.1130884129319785,-1.0641597119229869,,1,0.4295547181782733,-0.004368692328682019,5.25046067556604e-06,0.2801043889508573,15.432305,8348712.0,8348712.0,13.713367750710002,47.60643922727272,7739911.0,,0.2222222222222222,9.0
0xe72b5161380c12a3da4ea6d53be7b9e85e693c9c,0.03407955228205259,0.014681344,0,289.21497999999997,4,1779752528,0.04102056711630457,0.04290484143846951,0.04102056711630457,0.04102056711630457,0.05725668211527304,0.0,0.04102056711630457,0.0,0.22958575132721473,7.205045000000001,0.07159777721437086,0.0,0.10217498731243715,,,0.3502480557506858,1,0.4295547181782733,-0.0469471555346998,0.04102056711630457,0.022795287590303824,43.79616,10412076.0,10412076.0,17.12667428797013,272.41789910329675,9804131.0,0.0,0.2923497267759563,298.0
0xfe0554c27a206539c74e72b973151edbebf8cbb2,0.03407030806829492,0.014615683,0,102.558158,3,1779744751,-0.42747632661789875,-0.4306836196759499,-0.42747632661789875,-0.42747632661789875,-0.6229722997180028,-0.15398240707165478,-0.42747632661789875,0.09064430756069822,0.0,0.29519196895807703,-0.4271511316899106,0.03686416122597182,-0.4268259367619224,-0.9144915240702118,-0.8595644584941702,,1,0.4295547181782733,0.0037823603779339023,-0.42747632661789875,0.21442824339406508,70.0,14851030.0,14851030.0,24.744788125991388,108.05060774418602,14250862.0,,0.0,13.0
0x9b22f05eab284c3379ef2576019739e32a273a92,0.03406794597195261,0.014598902,0,3.438039,2,1779742854,6.0756052623957505e-06,-4.473833821007713e-05,6.0756052623957505e-06,6.0756052623957505e-06,-0.003487179104457508,0.14167350294775322,6.0756052623957505e-06,0.2210654062999817,0.0,0.2185709017031232,0.004619430716994699,0.18856005850478688,0.009232785828727,-0.49029963073279453,-0.42529963537086485,,1,0.4295547181782733,0.005573458140525169,6.0756052623957505e-06,0.040020789289561584,4.861235,5505203.0,5505203.0,9.201855012193471,13.183505371621623,4906932.0,,0.4024390243902439,144.0
0x9daec81fdbd25395ad3384552f8cbd8dc3350907,0.034064584930625454,0.014575023,0,50.082,1,1779863876,0.057046999244089146,0.060402705081977134,0.057046999244089146,0.057046999244089146,0.06040270508197714,0.0,0.057046999244089146,0.0,0.0,,0.057046999244089146,0.0,0.057046999244089146,,,0.016644212857955427,0,0.4295547181782733,,0.057046999244089146,0.09735982813053502,34.92,32738116.0,32738116.0,45.51429806768591,195.7137989534884,32018823.0,,0.5263157894736842,18.0
0x8cbba332670502c34e73e52ffd745cb734f89402,0.03402680166803792,0.014306429,0,2.092,2,1779901277,0.03530786142473038,0.036912764216763774,0.03530786142473038,0.03530786142473038,0.05337576887146035,-0.037982608695652176,0.03530786142473038,-0.017113043478260873,0.0,0.023999999999999938,0.03552671180546218,-0.020457415525066896,0.03574556218619398,-0.1524999999999991,-0.1375999999999991,,1,0.4295547181782733,-0.14400539312093827,0.03530786142473038,0.06582990046745306,14.5875,3161533.0,3161533.0,4.1780865184605664,13.611254716981135,2404839.0,0.0,0.41935483870967744,31.0
0x163dbd3f292e5998197d32dda3840bfd999edb86,0.03402071652490858,0.014263144,0,7.999998,1,1779903879,0.050335884749670226,0.053691590587558215,0.050335884749670226,0.050335884749670226,0.053691590587558215,0.0,0.050335884749670226,0.0,0.0,,0.050335884749670226,0.0,0.050335884749670226,,,0.010989216448766562,0,0.4295547181782733,,0.050335884749670226,0.08757187283714304,5.999988,19039780.0,19039780.0,25.075570001685772,255.79328876744185,18280484.0,,0.7636363636363637,109.0
0x63f1557aa24e04afe36b2f36a3e4c2eeb8526272,0.034017639198971196,0.014241251,0,98.10501000000001,2,1779744713,-0.3587013661770085,-0.36205707201489645,-0.3587013661770085,-0.3587013661770085,-0.3803682406716714,-0.02143064176796499,-0.3587013661770085,0.20304748491526314,0.0,,-0.3587013661770085,0.1501755853298479,-0.3587013661770085,-0.37752033610782626,-0.3484833360129591,,2,0.4295547181782733,0.0038182389836157516,-0.3587013661770085,0.02072374649804501,17.5,56399176.0,56399176.0,93.97826470931298,50.265716156537756,55799046.0,0.0,0.519774011299435,155.0
0x4ed916fbfb4ce0e739b2eeaa11fe5dc25877c3f1,0.03401758461148972,0.014240863,0,16.938,1,1779726338,0.1946309385974815,0.1979866444353695,0.1946309385974815,0.1946309385974815,0.1979866444353695,0.0,0.1946309385974815,0.0,0.0,,0.1946309385974815,0.0,0.1946309385974815,,,-0.036634548353340374,0,0.4295547181782733,,0.1946309385974815,0.062319702544055194,16.0905,3251908.0,3251908.0,5.589823894938591,12.027233333333331,2670153.0,0.0,0.6296296296296297,27.0
0xd80636b9da42283c97526f9d272f46d1607b9756,0.03401633920207801,0.014232002,0,87.03,1,1779850217,0.10738258681240342,0.1107382926502914,0.10738258681240342,0.10738258681240342,0.1107382926502914,0.0,0.10738258681240342,0.0,0.0,,0.10738258681240342,0.0,0.10738258681240342,,,0.02759383213820151,0,0.4295547181782733,,0.10738258681240342,0.04739116317705062,79.757905,,,,96.71295952631579,,,0.9285714285714286,28.0
0x50677ce405977e5c3eee8f53c391f1ad5382ba4f,0.034016008287151095,0.014229648,0,52.754008,4,1779740724,5.8851703226928045e-08,-2.2599267920772104e-06,5.8851703226928045e-08,5.8851703226928045e-08,-0.0006966732159914117,0.28059853364177617,5.8851703226928045e-08,0.39484939093517335,0.0,2.7545812800000045,0.0027338418915208644,0.3606564308159753,0.005467624931338502,-0.1944234507816579,-0.1279234628075768,,1,0.4295547181782733,0.007584548406376195,5.8851703226928045e-08,0.07487918233241413,5.0,8526913.0,8526913.0,14.303517120949573,17.788645677419353,7930772.0,,0.2011605415860735,516.0
0xab4d4872b410fc473ec09b46aef5580fc7b39f9a,0.03399638867386429,0.014090019,0,67.33044,1,1779851330,0.09060405762296533,0.09395976346085332,0.09060405762296533,0.09060405762296533,0.09395976346085332,0.0,0.09060405762296533,0.0,0.0,,0.09060405762296533,0.0,0.09060405762296533,,,0.02515993743236321,0,0.4295547181782733,,0.09060405762296533,0.06312873163882067,76.71191999999999,28585952.0,28585952.0,40.44722085838355,103.54345576666668,27879205.0,,0.9130434782608695,21.0
0xb1bca5440f4d75218b4cf947eff5604a46e04786,0.03399638867386429,0.014090019,0,151.36956,1,1779850972,0.09060405762296496,0.09395976346085294,0.09060405762296496,0.09060405762296496,0.09395976346085294,0.0,0.09060405762296496,0.0,0.0,,0.09060405762296496,0.0,0.09060405762296496,,,0.025159938337149274,0,0.4295547181782733,,0.09060405762296496,0.06729238940416243,78.754005,28586012.0,28586012.0,40.46780456660565,102.622361,27879623.0,,0.95,19.0
0x8132d3fb35d6e9cfcaa5ed16dea767c3a98c6818,0.033994074953496684,0.014073548,0,18.339998,1,1779839861,0.1577182106120973,0.16107391644998528,0.1577182106120973,0.1577182106120973,0.16107391644998528,0.0,0.1577182106120973,0.0,0.0,,0.1577182106120973,0.0,0.1577182106120973,,,-0.02428463733703283,0,0.4295547181782733,,0.1577182106120973,0.0021621623835653145,18.369998,,,,18.499729774193543,,,0.9745222929936306,465.0
0x3d12daee93b5b1b0e01560e38adad98e36bbea9f,0.033993885398949465,0.014072198,0,38.1695,1,1779850529,0.09731546929874056,0.10067117513662856,0.09731546929874056,0.09731546929874056,0.10067117513662857,0.0,0.09731546929874056,0.0,0.0,,0.09731546929874056,0.0,0.09731546929874056,,,0.023421966972378108,0,0.4295547181782733,,0.09731546929874056,0.059866091245519906,65.6775,28601449.0,28601449.0,40.515066308187876,103.96515166666667,27895503.0,,0.9655172413793104,29.0
0x10b4e71e0f03b120e40d85b6c3d223f4d93ce409,0.033993885398949465,0.014072198,0,147.98784,1,1779850261,0.10402688097451543,0.10738258681240342,0.10402688097451543,0.10402688097451543,0.10738258681240341,0.0,0.10402688097451543,0.0,0.0,,0.10402688097451543,0.0,0.10402688097451543,,,0.02579985321891156,0,0.4295547181782733,,0.10402688097451543,0.06510403942450761,74.48074,28521201.0,28521201.0,40.416735394896826,107.8137784,27815523.0,,0.9583333333333334,24.0
0xc151c1c8a7675049381bee8745fd45940e68164c,0.03399001159310603,0.014044618,0,12.570495,4,1779676601,0.00011763843618525981,0.00015105844038849862,0.00011763843618525981,0.00011763843618525981,0.007568393297911551,0.0,0.00011763843618525981,0.0,0.0,0.32764917395676585,0.040643311163137366,0.0,0.08116898389008947,,,-0.03353775234973535,1,0.4295547181782733,-0.09861329189039653,0.00011763843618525981,0.21482897524449474,2.84063,69626265.0,69626265.0,130.8720099695875,48.36328801016949,69094247.0,0.0,0.23931623931623933,117.0
0x3bf6b20deef617b2635a0685f94aaded03718b50,0.03398929846368636,0.014039541,0,45.61216,1,1779850356,0.10402688097451543,0.10738258681240342,0.10402688097451543,0.10402688097451543,0.10738258681240342,0.0,0.10402688097451543,0.0,0.0,,0.10402688097451543,0.0,0.10402688097451543,,,0.02579985321891156,0,0.4295547181782733,,0.10402688097451543,0.050802401651638296,83.928305,28521062.0,28521062.0,40.41109818596064,91.738265,27815289.0,,0.9230769230769231,26.0
0x05f61f9281e79adb26cd8e783e01f5b98f475e71,0.03398030658065232,0.0139755085,0,74.36205,1,1779692995,-0.2818792903825592,-0.2852349962204472,-0.2818792903825592,-0.2818792903825592,-0.2852349962204472,-0.12336545202591825,-0.2818792903825592,0.1414999879740821,0.0,,-0.2818792903825592,0.08780000000000097,-0.2818792903825592,-0.06327103855192734,-0.01527105057784621,,1,0.4295547181782733,0.05264902131661264,-0.2818792903825592,0.1868589783467266,77.454999,51219550.0,51219550.0,93.39611459997228,90.02328503448275,50671138.0,0.0,0.6,30.0
0x498be2b2751b65b69894c690048d5481f4bb3b02,0.03397732692535556,0.013954286,0,27.405,1,1779739615,0.18120811524593067,0.18456382108381864,0.18120811524593067,0.18120811524593067,0.18456382108381864,0.0,0.18120811524593067,0.0,0.0,,0.18120811524593067,0.0,0.18120811524593067,,,-0.02059407618566248,0,0.4295547181782733,,0.18120811524593067,0.05833619057208062,16.843,3239081.0,3239081.0,5.443540851584452,15.537995604395606,2644049.0,0.0,0.5757575757575758,33.0
0x13f40c3950d9a9542a69801b226e33e2e68d725b,0.033977300251210804,0.0139540965,0,10.0,1,1779793452,-0.2823920311211732,-0.28574773695906125,-0.2823920311211732,-0.2823920311211732,-0.28574773695906125,-0.3440682100022873,-0.2823920311211732,-0.11046817755888899,0.0,,-0.2823920311211732,-0.11796821251208824,-0.2823920311211732,-0.47406821251208786,-0.4704681775588886,,1,0.4295547181782733,-0.042199849498690906,-0.2823920311211732,0.22766408326889984,9.999999,7589139.0,7589139.0,11.695949413517983,39.08112223076923,6940270.0,,0.6,10.0
0x9e457598a8f53df3dd66e7ae82a2cb257bb10767,0.03395507633686179,0.013795754,0,19.761,1,1779726366,0.1946309385974815,0.1979866444353695,0.1946309385974815,0.1946309385974815,0.1979866444353695,0.0,0.1946309385974815,0.0,0.0,,0.1946309385974815,0.0,0.1946309385974815,,,-0.036634548353340374,0,0.4295547181782733,,0.1946309385974815,0.06402838933598874,18.79,2985522.0,2985522.0,5.131676243547852,13.553037735849054,2403739.0,0.0,0.5416666666666666,24.0
0x6992d56559dd30b5b5d0f5ca3d5427f9e94e6c1d,0.033954646555846436,0.013792691,0,26.098580000000002,2,1779741634,0.03642838348798287,0.03974005471416353,0.03642838348798287,0.03642838348798287,0.040003389896701276,0.00276539187889149,0.03642838348798287,0.00430346143025694,0.0,-0.8956999999999999,0.03607060226786089,0.0038737058621871774,0.035712821047738916,-0.35270000060899975,-0.2881000120259186,,1,0.4295547181782733,0.006725350217679277,0.03642838348798287,0.029447766591745125,5.97838,12272611.0,12272611.0,20.555381366080955,90.62640507342296,11675560.0,,0.5089285714285714,111.0
0x9c0954be22c0e58331517efa3d0952e9b73ebc73,0.033951760272609315,0.013772119,0,7.999998,1,1779874926,0.050335884749670226,0.053691590587558215,0.050335884749670226,0.050335884749670226,0.053691590587558215,0.0,0.050335884749670226,0.0,0.0,,0.050335884749670226,0.0,0.050335884749670226,,,0.0004245888472595992,0,0.4295547181782733,,0.050335884749670226,0.04798496792694576,6.0053655,19011005.0,19011005.0,26.030241954807536,398.32254822388063,18280662.0,,0.6699029126213593,102.0
0xe8a2057abd53d285f7bea590b8f1dff1f04454c2,0.03395156506601966,0.013770727,0,41.82694,2,1779922454,-0.1580190729014568,-0.1613747787393448,-0.1580190729014568,-0.1580190729014568,-0.20292047122605433,-0.2787795421483836,-0.1580190729014568,-0.34197378599000455,0.0,,-0.1580190729014568,-0.35767683581315063,-0.1580190729014568,-0.37509004796163103,-0.3600290166311101,,1,0.4295547181782733,-0.1640001623978994,-0.1580190729014568,0.018316723050007016,32.29268,10193166.0,10193166.0,13.103928543421723,257.19222423714587,9415295.0,,0.5555555555555556,277.0
0x39f1419b03353ee37fc9e6cf297d208ff9c0ebd1,0.03394876892234241,0.013750796,0,48.339598,5,1779690081,-1.2844297485361015e-07,-4.805951648716273e-07,-1.2844297485361015e-07,-1.2844297485361015e-07,-0.00038744961879608235,0.036887731773504955,-1.2844297485361015e-07,0.20463026952157223,0.0,1.3698377209749055,0.004481897068528558,0.18148145560725948,0.00896392258003197,-0.42293741352695796,-0.392260400118081,,2,0.4295547181782733,0.05540034386811025,-1.2844297485361015e-07,0.02457685783071914,2.999999,10358103.0,10358103.0,18.988342762026626,5.0922146200607905,9812605.0,,0.4010416666666667,192.0
0x4c9a40fd543c1026b494f10b3855e57dec97fe88,0.03394703707356428,0.013738451,0,27.405,1,1779739615,0.18120811524593067,0.18456382108381864,0.18120811524593067,0.18120811524593067,0.18456382108381864,0.0,0.18120811524593067,0.0,0.0,,0.18120811524593067,0.0,0.18120811524593067,,,-0.02059407618566248,0,0.4295547181782733,,0.18120811524593067,0.1408724011854126,12.149999999999999,3001179.0,3001179.0,5.043727060057274,13.097656349206348,2406147.0,0.0,0.5,24.0
0x58820cfc9b65f8b3b87bf8a79d8c6d79b1ba55a2,0.033937126570646445,0.013667791,0,330.20337,1,1779752978,-0.5789279199526024,-0.5822836257904904,-0.5789279199526024,-0.5789279199526024,-0.5822836257904904,-0.6303805875356447,-0.5789279199526024,-0.13999765253611898,0.0,,-0.5789279199526024,-0.18179354820173768,-0.5789279199526024,-1.2239670285295758,-1.177571133672964,,1,0.4295547181782733,-0.00398535775218647,-0.5789279199526024,0.3568622399092222,18.07715,5607159.0,5607159.0,9.216313414804526,164.73540583219176,4998764.0,0.0,0.2413793103448276,29.0
0x3b80c66a6ef3ea1ac20814d9e5aa940e5337047b,0.03392530201932242,0.013583459,0,1241.77073,8,1779918943,0.029514890102931735,0.032774336649852416,0.029514890102931735,0.029514890102931735,0.11999175392713397,0.0,0.029514890102931735,0.0,0.0,-0.5039999999999984,0.029177982584546205,0.0,0.02884107506616068,,,0.009078395671592165,1,0.4295547181782733,-0.16250270269759906,0.029514890102931735,0.009470280622109695,46.461765,7886615.0,7886615.0,10.184688000413244,113.6388458259912,7112255.0,,0.8655737704918033,305.0
0x16c4ccaae396a571962364a5b78a2e467b47e3d3,0.033925144561319856,0.013582336,0,31.994,1,1779726366,0.1946309385974815,0.1979866444353695,0.1946309385974815,0.1946309385974815,0.1979866444353695,0.0,0.1946309385974815,0.0,0.0,,0.1946309385974815,0.0,0.1946309385974815,,,-0.036634548353340374,0,0.4295547181782733,,0.1946309385974815,0.07525294507193356,8.793,2988780.0,2988780.0,5.137276269674432,13.531406779661019,2406997.0,0.0,0.5217391304347826,23.0
0x56926df37bfdc1145dc25aacce2925f0b7f7ffbd,0.033925144561319856,0.013582336,0,15.997,1,1779726299,0.1946309385974815,0.1979866444353695,0.1946309385974815,0.1946309385974815,0.1979866444353695,0.0,0.1946309385974815,0.0,0.0,,0.1946309385974815,0.0,0.1946309385974815,,,-0.036634548353340374,0,0.4295547181782733,,0.1946309385974815,0.0513231493838604,3.9215,3228109.0,3228109.0,5.5492869372683575,12.766821976744186,2646393.0,0.0,0.5172413793103449,29.0
0x2ee8c42240512e6666a81282116dd8358e6d67d5,0.03390222706147483,0.013418808,0,7.856,1,1779871581,0.057046999244089146,0.060402705081977134,0.057046999244089146,0.057046999244089146,0.06040270508197714,0.0,0.057046999244089146,0.0,0.0,,0.057046999244089146,0.0,0.057046999244089146,,,0.013059051212814476,0,0.4295547181782733,,0.057046999244089146,0.0537673541533215,54.5582,28604509.0,28604509.0,39.34606285024168,58.26807440625,27877511.0,,0.9666666666666667,30.0
0x275968642cf9d73f13f876220f0ba4883aed62a9,0.03390192553089474,0.013416655,0,7.0,1,1779769045,-0.46644311146637824,-0.4697988173042662,-0.46644311146637824,-0.46644311146637824,-0.4697988173042662,-0.391982322580646,-0.46644311146637824,-0.2644002709249184,0.0,,-0.46644311146637824,-0.30520026980875686,-0.46644311146637824,-0.9733,-0.9364,,1,0.4295547181782733,-0.019155398738772592,-0.46644311146637824,0.2381576029072725,17.9897445,,,,36.486481181818185,,,0.3333333333333333,6.0
0xaa7575ba25247c8eb4c23dfeb39b0237fb59a864,0.03390158159869733,0.0134142,0,378.32483,1,1779855574,0.06336867959159331,0.06672438542948131,0.06336867959159331,0.06336867959159331,0.06672438542948131,0.0,0.06336867959159331,0.0,0.0,,0.06336867959159331,0.0,0.06336867959159331,,,0.008774540962028211,0,0.4295547181782733,,0.06336867959159331,0.012941138117152645,88.199,28928424.0,28928424.0,40.68746861774622,160.3637999084668,28217433.0,,0.7647058823529411,322.0
0x5e2ff2f8e313d2fa09882018d4cc53ccffddf9ba,0.033900402521344235,0.013405784,0,14.25615,1,1779737233,-0.1946309385974815,-0.1979866444353695,-0.1946309385974815,-0.1946309385974815,-0.1979866444353695,0.5409411794633157,-0.1946309385974815,0.7492999879740799,0.0,,-0.1946309385974815,0.6808675459999989,-0.1946309385974815,-0.03139727608297814,0.03453079095851298,,1,0.4295547181782733,0.010880659259937666,-0.1946309385974815,0.0,0.0,,,,0.0,,,,0.0
0xce3fe81233d6273b436e82ef768420e7635dfbea,0.03389954495237077,0.013399662,0,16.999998,1,1779886838,0.05033563884666227,0.053691344684550266,0.05033563884666227,0.05033563884666227,0.053691344684550266,0.0,0.05033563884666227,0.0,0.0,,0.05033563884666227,0.0,0.05033563884666227,,,0.005217280474715139,0,0.4295547181782733,,0.05033563884666227,0.1330502837230572,24.7,19458473.0,19458473.0,26.21534782520832,173.83218586238536,18716218.0,0.0,0.6231884057971014,69.0
0xca23111ccc44df5c9196627c875a72746a92f403,0.0338991228946944,0.01339665,0,17.256069999999998,3,1779668154,0.0,0.0,0.0,0.0,0.0,0.0,0.0,0.0,1.0,0.8180350000000002,0.0686271206274099,0.0,0.1372542412548198,,,0.12916107700797785,2,0.4295547181782733,0.054589298544933704,0.0,0.1980438835745948,6.7583,16791299.0,16791299.0,32.07072011245848,9.269636487261147,16267728.0,,0.1875,16.0
0xade3686ec532a061e2a8ad2d0cb45ec26e623b44,0.03389318905270298,0.0133542875,0,19.28916,4,1779742201,0.0,0.0,0.0,0.0,0.0,0.1502055300584989,0.0,0.2874999939870406,0.0,-0.23694666666666686,-0.002385369937804036,0.25495000040450344,-0.004770739875608072,-0.409811480642594,-0.3450000120259187,,1,0.4295547181782733,0.006190003653952737,0.0,0.015370584463233573,3.103189,12338850.0,12338850.0,20.646717468349348,6.657528806334843,11741232.0,,0.16847826086956522,368.0
0x484f330a6a2f129d431509585dfe57514db45ad2,0.03389298138769188,0.013352805,0,4.999991,1,1779720038,0.21476519872553218,0.21812090456342018,0.21476519872553218,0.21476519872553218,0.21812090456342018,0.0,0.21476519872553218,0.0,0.0,,0.21476519872553218,0.0,0.21476519872553218,,,-0.013310122511283513,0,0.4295547181782733,,0.21476519872553218,0.1429976383550436,5.0752369999999996,,,,7.323502318181818,,,0.1875,16.0
0x77fa7e303f7a8017016a8388ef7eba40a4a31a63,0.033890067032704904,0.013331996,0,1.25,2,1779937467,0.0,0.0,0.0,0.0,0.0,-0.022332089552238782,0.0,-0.0069,0.0,-0.75,-0.0025167793784157118,-0.0121,-0.0050335587568314235,-0.0437,-0.0458,,1,0.4295547181782733,-0.17817504416373106,0.0,0.2527392179883156,3.101585,15574470.0,15574470.0,19.642810297597126,9.14149506,14781586.0,,0.4642857142857143,28.0
0x417b75f912bb43f7da0fd43a83a5cf486e5218d3,0.033884839852116044,0.01329467,0,31.65177,2,1779760890,0.07008967650589655,0.0789198719712063,0.07008967650589655,0.07008967650589655,0.19460462003553303,0.0,0.07008967650589655,0.0,0.0,1.8453100000000016,0.11460029711912542,0.0,0.1591109177323543,,,0.1082204679371981,1,0.4295547181782733,-0.15763170988937114,0.07008967650589655,0.022807001124241295,10.3156,12177057.0,12177057.0,19.75810269881731,13.310990888026154,11560750.0,0.0,0.4332344213649852,278.0
0xfba638c083dcd88a6711a1ffba4352c5431a1fca,0.0338847707337045,0.013294176,0,8983.43957,3,1779901498,-0.030435139867005398,-0.033790845704893394,-0.030435139867005398,-0.030435139867005398,-0.06340107858018251,-0.04427639473336029,-0.030435139867005398,0.01433541853059293,0.0,,-0.030435139867005398,0.0007877226070404988,-0.030435139867005398,-0.1272681902285455,-0.11369769631405253,,2,0.4295547181782733,-0.14421405553819325,-0.030435139867005398,0.03478723630518462,10.73,5045136.0,5045136.0,6.665393075840749,220.3006005193731,4288221.0,,0.6355140186915887,106.0
0x9238743eeba8bbfe9e85ac7ba2e1e3d77877b73e,0.03388401409161262,0.013288773,0,17.54873,2,1779742854,0.0,0.0,0.0,0.0,0.0,0.14164999999999994,0.0,0.22102883815628713,0.0,1.3503500000000008,0.005664788201559587,0.1885288441692466,0.011329576403119174,-0.49029999831182314,-0.4253000120259189,,1,0.4295547181782733,0.005573458140525169,0.0,0.0,0.0,45494539.0,45494539.0,76.04336329188612,0.0,44896268.0,0.0,,0.0
0x3dcd0af7e19035e0d71fd9ad9ff46b9d1f99ada0,0.03388358426565534,0.013285703,0,11.0,1,1779866835,-0.09062498702074047,-0.09398069285862845,-0.09062498702074047,-0.09062498702074047,-0.09398069285862845,-0.02420410471037079,-0.09062498702074047,-0.0619799267548721,0.0,,-0.09062498702074047,-0.09633748715471069,-0.09062498702074047,-0.20745176675487254,-0.17445176675487253,,1,0.4295547181782733,-0.11148615793951056,-0.09062498702074047,0.1965190572582623,11.0,7660224.0,7660224.0,10.606026705360456,29.643414421052633,6937972.0,,0.5,12.0
0x795fc43512d4a54b441da10dc615bfb7ef7b7545,0.0338830741149758,0.01328206,0,0.999979,1,1779844780,0.13422832684299704,0.13758403268088504,0.13422832684299704,0.13422832684299704,0.13758403268088504,0.0,0.13422832684299704,0.0,0.0,,0.13422832684299704,0.0,0.13422832684299704,,,0.021787541070700626,0,0.4295547181782733,,0.13422832684299704,0.15368243818345792,1.999978,,,,172.87146236842108,,,0.5686274509803921,51.0
0xcabd3d52addd08bfc21f08fa94fec79b1c7a300c,0.033880965649031855,0.013267001,0,24.64004,1,1779829274,-0.12751682183972912,-0.13087252767761712,-0.12751682183972912,-0.12751682183972912,-0.13087252767761712,-0.11309297227393478,-0.12751682183972912,0.134602723917022,0.0,,-0.12751682183972912,0.13431681294861603,-0.12751682183972912,-0.26210000000000033,-0.2626280790674103,,1,0.4295547181782733,-0.07602204457067,-0.12751682183972912,0.06030184293221206,19.999997,3897251.0,3897251.0,5.691985143663346,19.865678087719296,3212560.0,0.0,0.7352941176470589,34.0
0x3d1cf3dd8be78a06cad8803afa905e08479392b2,0.03388084581362333,0.013266145,0,24.726,1,1779832849,0.16107388021860533,0.1644295860564933,0.16107388021860533,0.16107388021860533,0.1644295860564933,0.0,0.16107388021860533,0.0,0.0,,0.16107388021860533,0.0,0.16107388021860533,,,0.04185710004296149,0,0.4295547181782733,,0.16107388021860533,0.033254296564381954,4.75,5708752.0,5708752.0,8.294397805499617,18.794868530538924,5020486.0,,0.482837528604119,437.0
0xd00b282dde0fcd09ded60264af3131e564206189,0.03387986380459035,0.013259131,0,9.93,2,1779958212,0.0,0.0,0.0,0.0,0.0,0.0,0.0,0.0,0.0,0.04999999999999949,0.004194632297359477,0.0,0.008389264594718953,,,0.012464464485412064,1,0.4295547181782733,-0.2768969160450069,0.0,0.37253238496780766,3.08639,,,,2.903195,,,0.25,3.0
0xd5196bdf50199e195c58a6aff2114cc0e455932c,0.03387318736689386,0.013211441,0,3.01396,1,1780041566,-0.003355705837887246,-0.0067114116757752374,-0.003355705837887246,-0.003355705837887246,-0.0067114116757752374,-0.006199999999999972,-0.003355705837887246,-0.007699999739883423,0.0,,-0.003355705837887246,-0.007999999999999119,-0.003355705837887246,-0.00809998967909964,-0.007699999739885199,,1,0.4295547181782733,-0.27646259608148976,-0.003355705837887246,0.27474045105364253,1.5336064999999999,,,,64.0179770141844,,,0.22727272727272727,22.0
0x4497d23f7a3198ba53fd6f55f22d5b5d100d957b,0.033869606444830246,0.013185859,0,23.868,1,1779697758,-0.27181217286889675,-0.2751678787067847,-0.27181217286889675,-0.27181217286889675,-0.2751678787067847,-0.10560001202591993,-0.27181217286889675,0.16580008192402632,0.0,,-0.27181217286889675,0.10970009394994519,-0.27181217286889675,-0.12339999738200011,-0.07360000940791897,,1,0.4295547181782733,0.048151921346542954,-0.27181217286889675,0.07122467963782352,23.04,2681150.0,2681150.0,4.84683870384598,16.036133333333336,2127975.0,0.0,0.5,18.0
0x7720ed01bd973d60dd75759f0f9cd2402cb52492,0.03386638055139505,0.01316281,0,15.799998,1,1779868052,0.07382554524115498,0.07718125107904297,0.07382554524115498,0.07382554524115498,0.07718125107904297,0.0,0.07382554524115498,0.0,0.0,,0.07382554524115498,0.0,0.07382554524115498,,,0.022769910486800417,0,0.4295547181782733,,0.07382554524115498,0.08494318401698693,22.999998,19181328.0,19181328.0,26.51299226366299,108.78739319083971,18457859.0,0.0,0.627906976744186,86.0
0xf22eae319d8327d5450e0f503504d260c1010c2c,0.03386637625005415,0.01316278,0,114.15573,1,1780107551,7.451163770183768e-16,-0.003355705837887246,7.451163770183768e-16,7.451163770183768e-16,-0.003355705837887246,8.881784197001252e-16,7.451163770183768e-16,0.0014647058823538622,0.0,,7.451163770183768e-16,9.2148511043888e-16,7.451163770183768e-16,1.84297022087776e-15,0.0014647058823547504,,1,0.4295547181782733,-0.3387639065003536,7.451163770183768e-16,0.12135192440058995,112.3848,3848651.0,3848651.0,3.9966551328808433,1820.796369444744,2885683.0,,0.65,20.0
0xfa323e40632edca701abc6c8cf1f82175909bd9a,0.0338581765066217,0.0131041845,0,4820.0,1,1779850114,0.11744970432606627,0.12080541016395427,0.11744970432606627,0.11744970432606627,0.12080541016395425,0.0,0.11744970432606627,0.0,0.0,,0.11744970432606627,0.0,0.11744970432606627,,,0.031196090759165296,0,0.4295547181782733,,0.11744970432606627,0.04451110484601093,10.666666,50647525.0,50647525.0,71.78639209333112,204.02574520361992,49941994.0,,0.44881889763779526,123.0
0xfd8f5bba5b09d286b6d1db35cda8249bdd356f11,0.03385572865849264,0.01308669,0,687.07,3,1779887440,-0.0012158354485098718,-0.0024316708970200137,-0.0012158354485098718,-0.0012158354485098718,-0.004039795099989969,0.0,-0.0012158354485098718,0.0,0.0,1.5499999999999958,0.0006687094966806319,0.0,0.0025532544418711356,,,0.004335111635038072,1,0.4295547181782733,-0.18556886945569323,-0.0012158354485098718,0.18959251625642295,66.644999,9519481.0,9519481.0,12.81468842590162,262.4205661415094,8776624.0,,0.38095238095238093,21.0
0x5bc746f2001d423afb9b0b474f65908245607b51,0.03385221049357199,0.013061543,0,17.01,1,1779739615,0.18120811524593067,0.18456382108381864,0.18120811524593067,0.18120811524593067,0.18456382108381864,0.0,0.18120811524593067,0.0,0.0,,0.18120811524593067,0.0,0.18120811524593067,,,-0.02059407618566248,0,0.4295547181782733,,0.18120811524593067,0.05939820016006332,12.259,2998895.0,2998895.0,5.039888611032684,12.672670956521737,2403863.0,0.0,0.4782608695652174,23.0
0xf5d85fe65c5f0bc815cec5aa01521961b930dce4,0.03384540774570428,0.013012912,0,0.999948,1,1779852471,0.060402754463755454,0.06375846030164345,0.060402754463755454,0.060402754463755454,0.06375846030164345,0.0,0.060402754463755454,0.0,0.0,,0.060402754463755454,0.0,0.060402754463755454,,,0.01456705909583451,0,0.4295547181782733,,0.060402754463755454,0.03365407917677275,1.539998,21346143.0,21346143.0,30.154689724928236,36.80071615584416,20638255.0,,0.8571428571428571,77.0
0xe14db09c7b73ecc76cd448b9e644c250620fbc1d,0.033840822299210725,0.012980127,0,8.469,1,1779726338,0.1946309385974815,0.1979866444353695,0.1946309385974815,0.1946309385974815,0.1979866444353695,0.0,0.1946309385974815,0.0,0.0,,0.1946309385974815,0.0,0.1946309385974815,,,-0.036634548353340374,0,0.4295547181782733,,0.1946309385974815,0.12270345579218706,8.555499999999999,2991070.0,2991070.0,5.1414598929102455,13.980766307692308,2409315.0,0.0,0.44,25.0
0x97e7fc88caac0e3626bc2ab108da5ba0ecdd7ffd,0.033840822299210725,0.012980127,0,23.525,1,1779726338,0.1946309385974815,0.1979866444353695,0.1946309385974815,0.1946309385974815,0.1979866444353695,0.0,0.1946309385974815,0.0,0.0,,0.1946309385974815,0.0,0.1946309385974815,,,-0.036634548353340374,0,0.4295547181782733,,0.1946309385974815,0.08086440112187249,14.88,3223988.0,3223988.0,5.5418311832300535,14.332796853146853,2642233.0,0.0,0.39285714285714285,28.0
0xd14120945f18e63003b659b3180bddc3699b77d8,0.03383091749931096,0.012909294,0,0.999978,1,1779865600,0.06711415618145081,0.0704698620193388,0.06711415618145081,0.06711415618145081,0.0704698620193388,0.0,0.06711415618145081,0.0,0.0,,0.06711415618145081,0.0,0.06711415618145081,,,0.018882256487279998,0,0.4295547181782733,,0.06711415618145081,0.03585934745367762,3.449998,21421750.0,21421750.0,29.71046452441482,91.01637970175439,20700733.0,,0.8421052631578947,57.0
0x1e1f17412069c0736adfaadf8ee7f46e5612c855,0.033829478035619004,0.012898998,0,124.97,1,1779922702,0.12648429696653282,0.12984000280442082,0.12648429696653282,0.12648429696653282,0.12984000280442082,0.0,0.12648429696653282,0.0,0.0,,0.12648429696653282,0.0,0.12648429696653282,,,0.045876445109615936,0,0.4295547181782733,,0.12648429696653282,0.06209074488083587,10.2984,68411189.0,68411189.0,87.91867182269036,495.317523633646,67633070.0,0.0,0.35964912280701755,108.0
0x49ccc2fdb6d9eeda09ac027779687847f745858f,0.0338284301484348,0.012891503,0,8.207676,3,1779674027,-0.30193760489436516,-0.303589639175383,-0.30193760489436516,-0.30193760489436516,-0.6122282279446615,-0.19787512471603655,-0.30193760489436516,-0.1331943304697561,1.0,0.030904576000000284,-0.2993820882977179,-0.1374500689166387,-0.29682657170107063,-0.5177993091112932,-0.5177993091112932,0.06338029859701363,1,0.4295547181782733,0.07019649201653815,-0.30193760489436516,0.2273511930433787,3.6,69623623.0,69623623.0,131.50328080023573,81.97243562251656,69094179.0,0.0,0.2876712328767123,73.0
0xa7f45fb924d3e2d068d015dfd5205b97d154144d,0.03382363445915557,0.012857198,0,69.479998,1,1779824255,0.17248836652831714,0.1758440723662051,0.17248836652831714,0.17248836652831714,0.1758440723662051,0.0,0.17248836652831714,0.0,0.0,,0.17248836652831714,0.0,0.17248836652831714,,,0.03661840940731428,0,0.4295547181782733,,0.17248836652831714,0.0746303302647902,4.0491,7530604.0,7530604.0,11.079762002848433,29.30513363499246,6850932.0,0.0,0.41304347826086957,92.0
0x0b527b404454d6d362d5cc3e4585ec27661ad701,0.03382114580254666,0.012839394,0,9.999999,1,1779860254,-0.08791166126259416,-0.09126736710048215,-0.08791166126259416,-0.08791166126259416,-0.09126736710048215,-0.027938950204035782,-0.08791166126259416,-0.003747445102201409,0.0,,-0.08791166126259416,-0.0497326473869593,-0.08791166126259416,-0.12618101321749595,-0.08448783185963432,,1,0.4295547181782733,-0.10527254993971451,-0.08791166126259416,0.21244540131010148,15.533989,,,,28.3877406,,,0.14285714285714285,14.0
0x8c66e28fbe7ede7f57ba6cbc70408dff442944f3,0.03381211277540619,0.01277476,0,882.10701,1,1780063418,0.0,-0.0033557058378879913,0.0,0.0,-0.0033557058378879913,0.0008999999999999674,0.0,-9.103828801926283e-16,0.0,,0.0,-8.993673861201757e-16,0.0,-1.1102230246251566e-17,-2.2204460492503132e-17,,1,0.4295547181782733,-0.2970946826962206,0.0,0.13036752611331717,46.35,2842894.0,2842894.0,3.0940201450750133,720.0509949461664,1924059.0,,0.55,20.0
0x720338f4f0166be8abdf9ccce4b0778923d92401,0.03381132815736355,0.012769145,0,0.52206,1,1779832184,0.13758393935339186,0.14093964519127983,0.13758393935339186,0.13758393935339186,0.14093964519127983,0.0,0.13758393935339186,0.0,0.0,,0.13758393935339186,0.0,0.13758393935339186,,,0.026128417491581363,0,0.4295547181782733,,0.13758393935339186,0.026978802937907678,10.533895000000001,12305965.0,12305965.0,17.896956228975817,30.09731612429378,11618364.0,,0.5303030303030303,198.0
0x527bac501538d9211e28ba6ccc83df53212e8b6f,0.03380482063033994,0.01272257,0,37.83546,1,1779707100,-0.3422819954645367,-0.3456377013024247,-0.3422819954645367,-0.3422819954645367,-0.3456377013024247,0.18409998797408034,-0.3422819954645367,-0.22153381484282142,0.0,,-0.3422819954645367,-0.2765769451698437,-0.3422819954645367,-0.16810055092013346,-0.11190056306600782,,1,0.4295547181782733,0.03933144939181042,-0.3422819954645367,0.16017215179699396,33.822829,50101686.0,50101686.0,89.06697219817357,62.388334448717956,49539169.0,0.0,0.8,30.0
0x20d919b88e1cede2093f6a9cfc94734c2ad95490,0.03378081170862771,0.012550663,0,3578.83398,3,1779701159,-0.3325169765316909,-0.3358726823695789,-0.3325169765316909,-0.3325169765316909,-0.5473042457684444,-0.30374722240189267,-0.3325169765316909,-0.19310246653927354,0.0,,-0.3325169765316909,-0.25226442136458044,-0.3325169765316909,-0.24690117756374028,-0.19620121502990182,,1,0.4295547181782733,0.04494078613801744,-0.3325169765316909,0.03270220512114563,77.7048,3463573.0,3463573.0,6.223000991778302,577.8133959654048,2906997.0,0.0,0.5935483870967742,155.0
0xcb174f67b1b2e70398f380a77c8296644bb22955,0.03377865802665771,0.012535237,0,1.009998,1,1779847760,0.11745042177059145,0.12080612760847945,0.11745042177059145,0.11745042177059145,0.12080612760847945,0.0,0.11745042177059145,0.0,0.0,,0.11745042177059145,0.0,0.11745042177059145,,,0.028539817171728418,0,0.4295547181782733,,0.11745042177059145,0.02223696254114432,1.009998,7406783.0,7406783.0,10.533312380808814,1.1812772267573695,6703606.0,,0.5446808510638298,183.0
0x6d686f4592bf8cd9b4d714208def9ab4b396549c,0.03377084729565134,0.012479282,0,9.999999,1,1779822092,-0.25755805564717626,-0.26091376148506423,-0.25755805564717626,-0.25755805564717626,-0.26091376148506423,-0.4071120942805624,-0.25755805564717626,-0.18959122662966915,0.0,,-0.25755805564717626,-0.19078309176032604,-0.25755805564717626,-0.5850635592844056,-0.584160965800243,,1,0.4295547181782733,-0.06924098809680047,-0.25755805564717626,0.1732773527227279,86.625,8024622.0,8024622.0,11.844303175308372,93.87926421052632,7347113.0,0.0,0.3,10.0
0x5505d8af9a0755d63378fdaf8c63094d862796c4,0.03376387876795708,0.01242935,0,2.0,1,1779973337,-0.016778529269974644,-0.020134235107862632,-0.016778529269974644,-0.016778529269974644,-0.020134235107862632,-0.02548100019919999,-0.016778529269974644,-0.0038586083092534192,0.0,,-0.016778529269974644,-0.0070999938684046405,-0.016778529269974644,-0.03760000019920003,-0.035858608309253456,,1,0.4295547181782733,-0.21204255957972934,-0.016778529269974644,0.214205459592844,21.163514499999998,18074531.0,18074531.0,21.8092835751019,144.07593930000002,17245777.0,0.0,0.6774193548387096,62.0
0x1e846bd9344c339a8f9c7bc2830e09e822665432,0.0337637089067889,0.012428133,0,158.501359,2,1779752077,-1.2529527097598461e-06,-3.0193046952799137e-06,-1.2529527097598461e-06,-1.2529527097598461e-06,-0.001350459809651984,-0.3472670766255801,-1.2529527097598461e-06,-0.1831009158827997,0.0,-41.49763928000719,-0.03133353049581944,-0.20337273121535554,-0.06266580803892913,-1.2885046128241808,-1.2437046245908998,,1,0.4295547181782733,-0.003134657127993149,-1.2529527097598461e-06,0.31612044922211774,7.58377,3377857.0,3377857.0,5.560313352889082,50.402649162790695,2770363.0,,0.25,20.0
0x1987d11b54e0714a107875c233aa2901cacde630,0.033761108197453094,0.012409495,0,42.061768,3,1779750869,-5.24660825382833e-07,-1.265740457463897e-06,-5.24660825382833e-07,-5.24660825382833e-07,-0.0005950881344990016,-0.23344058456149763,-5.24660825382833e-07,-0.09793547690179058,0.0,-21.938072506273194,-0.044645261301839975,-0.11512849419944443,-0.08928999794285457,-0.8501011385275639,-0.8242180781182435,,2,0.4295547181782733,-0.0019940951368438344,-5.24660825382833e-07,0.3208185777380916,10.45,8310749.0,8310749.0,13.707637979435448,95.38897533333333,7704463.0,,0.3,40.0
0xb9d08ebcc26d30d6ce101fa5b46b6d4f4c2c7aef,0.03375172856229464,0.012342266,0,4.389999,1,1779664265,-0.8590605516799213,-0.8624162575178093,-0.8590605516799213,-0.8590605516799213,-0.8624162575178093,-1.3025912746833457,-0.8590605516799213,-1.0109264742186526,0.0,,-0.8590605516799213,-1.0109264742186526,-0.8590605516799213,-1.1588940776730896,-1.1588940776730896,,1,0.4295547181782733,0.07977513555975818,-0.8590605516799213,0.17837039871843305,6.144997999999999,7407378.0,7407378.0,14.253674362398543,6.670891500000001,6887696.0,,0.5,8.0
0x763338d6702d9a1027a64500a3f30023bd17f097,0.03374820186108555,0.012316983,0,5.0,1,1779745269,-0.4199169780530827,-0.42327268389097067,-0.4199169780530827,-0.4199169780530827,-0.42327268389097067,-0.11682159779173212,-0.4199169780530827,0.1600776907512673,0.0,,-0.4199169780530827,0.10380474616770079,-0.4199169780530827,-0.8471234083657687,-0.7919223127322761,,1,0.4295547181782733,0.0032932783320602723,-0.4199169780530827,0.11029479632524167,5.24957,4654004.0,4654004.0,7.747814998185408,6.248888700000001,4053318.0,0.0,0.16666666666666666,12.0
0x5158956d5cf12e237626cf029e71c4794ff050eb,0.03374610837931263,0.012301974,0,115.04125999999998,6,1779720193,0.10286244312979786,0.1047360504594751,0.10286244312979786,0.10286244312979786,0.26500310633640584,0.0,0.10286244312979786,0.0,0.0,11.74509063570691,0.1079441187031355,0.0,0.11302579427647313,,,0.033309163486672407,1,0.4295547181782733,-0.07468792694360545,0.10286244312979786,0.05488421765042703,10.511345,,,,11.997071769230768,,,0.2962962962962963,27.0
0xf91d1fa10cc42f737d2ad20cd000bcf6ae64f939,0.03374456393878798,0.012290901,0,1.299998,1,1779878819,0.050337639899235544,0.05369334573712354,0.050337639899235544,0.050337639899235544,0.05369334573712354,0.0,0.050337639899235544,0.0,0.0,,0.050337639899235544,0.0,0.050337639899235544,,,0.0024035572004608035,0,0.4295547181782733,,0.050337639899235544,0.03377025192530599,20.0,21434863.0,21434863.0,29.19342418513938,66.56806437704918,20700627.0,,0.8666666666666667,60.0
0xe9d8fbb944192d7f1c10a20327b47967456f1146,0.0337369530127917,0.012236324,0,24.417129,3,1779741822,0.008855333783635427,0.009073420770387971,0.008855333783635427,0.008855333783635427,0.03559164959086377,0.0,0.008855333783635427,0.0,0.0,-3.3188354404343374,-0.005419001029807037,0.0,-0.0196933358432495,,,0.006547340302681599,1,0.4295547181782733,0.00645059563206301,0.008855333783635427,0.5000368779779308,7.999999,,,,6.609899333333334,,,0.0,2.0
0x1932464bd6ba2f8bd15657d8964efa2f210daab5,0.03373655433586807,0.012233465,0,20.526089,2,1779732288,0.0036642057154163475,0.042630947570801714,0.0036642057154163475,0.0036642057154163475,0.09256082280347025,0.0,0.0036642057154163475,0.0,0.0,0.7193614021608357,0.005365387112824842,0.0,0.007066568510233336,,,-0.03012737494587919,1,0.4295547181782733,-0.08222432248446127,0.0036642057154163475,0.563884225443418,8.8,33088730.0,33088730.0,56.30159688959597,35.09537515021459,32501025.0,,0.1724137931034483,87.0
0x1643f42db2cf509cefe6067dc966eaecfa541b0c,0.033729339329103214,0.012181716,0,0.16608,1,1779879092,0.05033558756831386,0.05369129340620185,0.05033558756831386,0.05033558756831386,0.053691293406201844,0.0,0.05033558756831386,0.0,0.0,,0.05033558756831386,0.0,0.05033558756831386,,,0.0028734673725056238,0,0.4295547181782733,,0.05033558756831386,0.01919451723840823,30.2451675,8400350.0,8400350.0,11.436687637591914,44.580070869109946,7665841.0,,0.6212121212121212,198.0
0xea559832dfcd6620f642cb5152a375c5c8d7bf68,0.03372870093797712,0.012177137,0,3.859999,1,1779671025,-0.768456514905907,-0.771812220743795,-0.768456514905907,-0.768456514905907,-0.771812220743795,-1.0619997103445407,-0.768456514905907,-0.9179997103445414,0.0,,-0.768456514905907,-0.9305996983186225,-0.768456514905907,-0.8361202734996166,-0.8361202734996166,,1,0.4295547181782733,0.07339252044372394,-0.768456514905907,0.17088285102661419,4.254999,7453506.0,7453506.0,14.158266247753788,5.3469014999999995,6927064.0,,0.5,8.0
0x0c89f56aedffd39efb8e4f4fd200c1593d3da7fa,0.0337180943421357,0.012101041,0,16.999944,1,1779876905,0.05369129398831997,0.05704699982620796,0.05369129398831997,0.05369129398831997,0.05704699982620796,0.0,0.05369129398831997,0.0,0.0,,0.05369129398831997,0.0,0.05369129398831997,,,0.006695327953460618,0,0.4295547181782733,,0.05369129398831997,0.12422590101431631,21.999998,18844009.0,18844009.0,25.731862486720324,147.33839413483145,18111687.0,0.0,0.6296296296296297,54.0
0x24ad46a849af7319f111aaecdea20b4344e29834,0.03371545263790821,0.012082085,0,0.999998,1,1779853147,0.06376123911196871,0.0671169449498567,0.06376123911196871,0.06376123911196871,0.0671169449498567,0.0,0.06376123911196871,0.0,0.0,,0.06376123911196871,0.0,0.06376123911196871,,,0.013862491497862986,0,0.4295547181782733,,0.06376123911196871,0.034353704731574446,1.669794,,,,69.68138528985509,,,0.8840579710144928,69.0
0xfe126b4e31fcebae22a94345883398e0371020ec,0.0337131193462432,0.012065341,0,4.99,1,1779945036,0.003355705837887246,0.0067114116757752374,0.003355705837887246,0.003355705837887246,0.0067114116757752374,0.0,0.003355705837887246,0.0,0.0,,0.003355705837887246,0.0,0.003355705837887246,,,0.0010030075175395743,0,0.4295547181782733,,0.003355705837887246,0.2619769472690546,37.61462,55028037.0,55028037.0,68.746118760252,310.68827706422024,54227584.0,0.0,0.4230769230769231,26.0
0x1ea77a5e8191db9f2c0a18f2692feccd0c47bcd9,0.03370945574781975,0.012039048,0,983.94102,1,1779883534,0.050533507098632656,0.05388921293652065,0.050533507098632656,0.050533507098632656,0.05388921293652065,0.0,0.050533507098632656,0.0,0.0,,0.050533507098632656,0.0,0.050533507098632656,,,0.007250192491334712,0,0.4295547181782733,,0.050533507098632656,0.020596533711808508,7.14,48793109.0,48793109.0,66.03023610496501,257.55278895665793,48054158.0,,0.5373134328358209,134.0
0xe472ce6be1fb4673d6155de37e414ead8bace7eb,0.03370899198587613,0.012035719,0,2884.229168,10,1779744622,-0.0393404368476798,-0.04417838309098094,-0.0393404368476798,-0.0393404368476798,-0.16032644320756226,-0.019207945989413906,-0.0393404368476798,-0.01154795818591401,0.0,-19.23413041008299,-0.04065423718745811,-0.022877304159061664,-0.041968037527236414,-0.133534290645531,-0.1180346575145695,,4,0.4295547181782733,0.003904158802485443,-0.0393404368476798,0.08588190464180673,72.7454,19222721.0,19222721.0,32.03578600724286,379.13044501244815,18622682.0,,0.6052631578947368,36.0
0x9842dc1ac57c5e3537d8a0993dc000339629132b,0.03370884341207346,0.012034653,0,49.0,2,1779968899,-0.0019908451941393116,-0.007468755730845078,-0.0019908451941393116,-0.0019908451941393116,-0.0165339920119315,-0.04125795949732501,-0.0019908451941393116,-0.03032558795612745,0.0,-5.814903856641778,-0.0029615587210273992,-0.03325101304018592,-0.003932272247915487,-0.08025036061940008,-0.07437255115791788,,1,0.4295547181782733,-0.20785231610562283,-0.0019908451941393116,0.19265785438556335,30.515525,,,,47.91006475,,,0.125,16.0
0x46cdcec28b3bbbe199f69623aefa6ba047a7e930,0.033696109677232675,0.011943242,0,0.999942,1,1779871777,0.05369130990045195,0.05704701573833994,0.05369130990045195,0.05369130990045195,0.05704701573833994,0.0,0.05369130990045195,0.0,0.0,,0.05369130990045195,0.0,0.05369130990045195,,,0.011912624067969084,0,0.4295547181782733,,0.05369130990045195,0.033559519656464705,18.499983,21427775.0,21427775.0,29.466380360674044,58.917210999999995,20700581.0,,0.8870967741935484,62.0
0x1cab60eca4dc7b0941411dc1a072e3c49eef2d42,0.03369325562873986,0.011922749,0,9.926877,2,1779769048,-1.4824177218204855e-05,0.0001596449854268229,-1.4824177218204855e-05,-1.4824177218204855e-05,0.00866031323579455,0.0,-1.4824177218204855e-05,0.0,0.0,-0.06971999999999941,-0.005046672452062869,0.0,-0.010078520726907535,,,0.1415256367954484,1,0.4295547181782733,-0.019162952129442457,-1.4824177218204855e-05,0.06878956081914468,4.9357500000000005,1128613.0,1128613.0,1.807327872658996,4.089581666666668,504148.0,0.0,0.0,22.0
0xbc5de2fa3638806b2940cb1fd864e483006aa982,0.033686837077143636,0.011876656,0,25.402,1,1779901356,0.07382552843352687,0.07718123427141485,0.07382552843352687,0.07382552843352687,0.07718123427141485,0.0,0.07382552843352687,0.0,0.0,,0.07382552843352687,0.0,0.07382552843352687,,,0.020283748219073753,0,0.4295547181782733,,0.07382552843352687,0.053124282410412296,23.003999999999998,3165600.0,3165600.0,4.183024500081266,16.344521126760565,2408827.0,0.0,0.46875,32.0
0xb74a2d5ff13ab6cea4830e8c18887cc86910dce7,0.03368280384468596,0.011847688,0,28.23,1,1779726366,0.19463093859748112,0.19798664443536912,0.19463093859748112,0.19463093859748112,0.19798664443536912,0.0,0.19463093859748112,0.0,0.0,,0.19463093859748112,0.0,0.19463093859748112,,,-0.036634548353340506,0,0.4295547181782733,,0.19463093859748112,0.046154860627234125,12.149000000000001,3229104.0,3229104.0,5.550358123217763,15.99996925675676,2647321.0,0.0,0.34375,32.0
0x88b7a0cd90ffb80d9658bab0f99887c0f113849c,0.03368138278071614,0.011837481,0,9.7,1,1779850370,0.09731546929874056,0.10067117513662856,0.09731546929874056,0.09731546929874056,0.10067117513662856,0.0,0.09731546929874056,0.0,0.0,,0.09731546929874056,0.0,0.09731546929874056,,,0.023421966972378108,0,0.4295547181782733,,0.09731546929874056,0.007169077990123271,5.003485,3843813.0,3843813.0,5.44613743239816,7.0892909986206885,3138026.0,0.0,0.7099697885196374,329.0
0x8cb79f77466555da1487f700c7ed1220c6f6ec00,0.03367641314235457,0.011801781,0,13.692,1,1779901295,0.07046982259563962,0.0738255284335276,0.07046982259563962,0.07046982259563962,0.0738255284335276,0.0,0.07046982259563962,0.0,0.0,,0.07046982259563962,0.0,0.07046982259563962,,,0.019118060564367968,0,0.4295547181782733,,0.07046982259563962,0.06403596563766206,20.485500000000002,3156969.0,3156969.0,4.171955777098817,14.460829682539682,2400257.0,0.0,0.391304347826087,23.0
0x33440844f91a41b12a8de22f5764b96fb282cabc,0.03367639071498473,0.01180162,0,68.02341,3,1779750447,-0.2938636607173944,-0.2972193665552824,-0.2938636607173944,-0.2938636607173944,-0.4453967471540221,-0.2913551031058903,-0.2938636607173944,-0.1375469706107929,0.0,,-0.2938636607173944,-0.14503005501803135,-0.2938636607173944,-0.6533790558061717,-0.6352564444282867,,2,0.4295547181782733,-0.0015956537790085608,-0.2938636607173944,0.16115845082320276,29.121,,,,114.29277053246754,,,0.5454545454545454,11.0
0x72a22d4d155079da8f50c89d4c6c03b6428e7b65,0.03366786248876597,0.0117403455,0,4285.310030000001,3,1779914962,-0.0003106986870428091,-0.0004660480305642567,-0.0003106986870428091,-0.0003106986870428091,-0.0021660471580049133,0.0,-0.0003106986870428091,0.0,0.0,21.720000000000596,0.0039072468868428375,0.0,0.008125192460728483,,,0.009266216279605211,1,0.4295547181782733,-0.21692488247396205,-0.0003106986870428091,0.15898432237616275,59.1376,122955477.0,122955477.0,159.6038793892357,323.680901895288,122185098.0,,0.41935483870967744,30.0
0x0e62804c6840cd281477c2656dcfbcb771a0f6ff,0.033665419107739944,0.011722787,0,512.527979,3,1779759553,-0.5751110957853212,-0.5784668016232092,-0.5751110957853212,-0.5751110957853212,-0.6873517098057491,-0.7538093224529648,-0.5751110957853212,-0.3397968609689242,0.0,,-0.5751110957853212,-0.37355946235936566,-0.5751110957853212,-1.0283650171492462,-0.9794879564999649,,1,0.4295547181782733,-0.010193300708980132,-0.5751110957853212,0.009864992596024864,36.927499999999995,6429092.0,6429092.0,10.454318096817731,269.7071108151408,5814122.0,,0.5,170.0
0x6074557e6760ac09fe8395629e6b02d96277c273,0.0336640881701943,0.011713223,0,1.199953,1,1779864296,0.05369133464105099,0.05704704047893898,0.05369133464105099,0.05369133464105099,0.05704704047893898,0.0,0.05369133464105099,0.0,0.0,,0.05369133464105099,0.0,0.05369133464105099,,,0.0064688887167917075,0,0.4295547181782733,,0.05369133464105099,0.03361659138093569,1.4247985,21356218.0,21356218.0,29.673241972841954,61.956842076923074,20636505.0,,0.8205128205128205,78.0
0x718fb8dcbe5f80643f9bda7e5f355bc90f72549a,0.03366228584809356,0.01170027,0,3.399999,1,1779685977,-0.4328859440270575,-0.43624164986494546,-0.4328859440270575,-0.4328859440270575,-0.43624164986494546,-0.5119997422759069,-0.4328859440270575,-0.3039997422759072,0.0,,-0.4328859440270575,-0.35247416149536775,-0.4328859440270575,-0.3770997120583556,-0.35999970067152776,,1,0.4295547181782733,0.05927523328174997,-0.4328859440270575,0.1704771120190025,4.5597674999999995,7595275.0,7595275.0,14.029108191077109,5.9869520000000005,7053881.0,,0.5,8.0
0xb16228eb2a3cc4704d85286acc5acd3ed298b240,0.03366145353017389,0.011694288,0,25.061438000000003,3,1779819497,0.0788128035219534,0.08191023281426718,0.0788128035219534,0.0788128035219534,0.177628979493232,0.0,0.0788128035219534,0.0,0.0,0.48444000000000126,0.09429788888554451,0.0,0.10978297424913562,,,0.04081314284214628,1,0.4295547181782733,-0.17218709371019716,0.0788128035219534,0.0,0.0,5003813.0,5003813.0,7.414000894928836,0.0,4328899.0,,,0.0
0x2b3e047d7831870c348296e0ab7c40a9f365028b,0.03366141983875673,0.011694046,0,62.49476,1,1780037058,-0.003355705837887246,-0.0067114116757752374,-0.003355705837887246,-0.003355705837887246,-0.0067114116757752374,-0.0044000000000000115,-0.003355705837887246,-0.005600000000000005,0.0,,-0.003355705837887246,-0.008000000000000018,-0.003355705837887246,-0.007999999999999974,-0.005600000000000005,,1,0.4295547181782733,-0.27220626043902196,-0.003355705837887246,0.21467459219526006,51.87,51578775.0,51578775.0,57.79296338833021,70.64223158208955,50686300.0,0.0,0.7419354838709677,31.0
0xfbe8fd43e24f01007fb21ac1017b659ba939fac5,0.033657913388116745,0.011668843,0,98.8,1,1779919192,0.036912764216763434,0.04026847005465142,0.036912764216763434,0.036912764216763434,0.04026847005465142,0.0,0.036912764216763434,0.0,0.0,,0.036912764216763434,0.0,0.036912764216763434,,,0.00794619065369974,0,0.4295547181782733,,0.036912764216763434,0.039248313426736875,96.0,48068322.0,48068322.0,62.05494901298591,100.17061918248174,47293713.0,,0.8297872340425532,46.0
0xecef29d3d91b251c9e24dcd84ac242cb1702b593,0.033654502643551416,0.011644326,0,306.06583,1,1779970470,-0.03355705837887619,-0.03691276421676418,-0.03355705837887619,-0.03355705837887619,-0.03691276421676418,-0.06250000000000099,-0.03355705837887619,-0.043199999919001,0.0,,-0.03355705837887619,-0.048100000000000975,-0.03355705837887619,-0.08060000000000098,-0.07519999991900099,,1,0.4295547181782733,-0.20933561319841718,-0.03355705837887619,0.03128687706002253,51.819998,30392892.0,30392892.0,36.800303189177214,324.04138542279543,29567005.0,0.0,0.628099173553719,110.0
0xecb14ac6e9ca447ce2f2912e6217b43d7b655da3,0.03365327472762121,0.011635499,0,538.85193,2,1779921222,-0.2457318325788716,-0.2490875384167596,-0.2457318325788716,-0.2457318325788716,-0.3460730258618978,-0.4876323294737249,-0.2457318325788716,-0.522047295992374,0.0,,-0.2457318325788716,-0.5277472959923739,-0.2457318325788716,-0.5843519969208949,-0.5794519969208949,,1,0.4295547181782733,-0.1628369402347405,-0.2457318325788716,0.048461741460985204,6.64867,45585590.0,45585590.0,58.69598359083178,287.1777126680328,44808951.0,0.0,0.4567901234567901,80.0
0xc43374565479ed6f60ec9d299ec52361f8652937,0.033649399911638796,0.011607642,0,19.999991,1,1779843735,0.13422823866450145,0.13758394450238942,0.13422823866450145,0.13422823866450145,0.13758394450238942,0.0,0.13422823866450145,0.0,0.0,,0.13422823866450145,0.0,0.13422823866450145,,,0.01931153467461363,0,0.4295547181782733,,0.13422823866450145,0.01795029298359102,10.999999,55117113.0,55117113.0,78.8342349017095,38.51863978957529,54417961.0,0.0,0.5487364620938628,271.0
0x963b97460d77d05f049c21745dedd317430eff0d,0.033649368693078954,0.011607418,0,4.9455,1,1779826724,-0.19127523275959388,-0.1946309385974819,-0.19127523275959388,-0.19127523275959388,-0.19463093859748187,-0.27312133693823987,-0.19127523275959388,-0.12905860674412947,0.0,,-0.19127523275959388,-0.1275586174807712,-0.19127523275959388,-0.41919999999999946,-0.4209999892633578,,1,0.4295547181782733,-0.07361440129465116,-0.19127523275959388,0.1622193399220718,4.66627,,,,19.072352586061246,,,0.15789473684210525,57.0
0xcedab2007bc74d516627865be22aa249ac57a4c6,0.03364319094777329,0.011562998,0,25.386598,2,1779688342,0.00010179043137431809,0.00010276918551863853,0.00010179043137431809,0.00010179043137431809,0.006017527024250875,0.0,0.00010179043137431809,0.0,0.0,1.393600004997085,0.0437132426764164,0.0,0.08732469492145849,,,-0.05662794467077526,1,0.4295547181782733,-0.3399044684915029,0.00010179043137431809,0.140295713587748,27.7890065,17619115.0,17619115.0,32.40243379879689,188.04042040624998,17075356.0,0.0,0.4074074074074074,54.0
0xc6628e0ca87e439bba57294dc8fd7a503a7bb919,0.03363525351446485,0.011505915,0,24.999999,1,1779813577,-0.2885906922489352,-0.29194639808682316,-0.2885906922489352,-0.2885906922489352,-0.29194639808682316,-0.4824212599716711,-0.2885906922489352,-0.3441320491789404,0.0,,-0.2885906922489352,-0.34267556283421463,-0.2885906922489352,-0.4407999763220796,-0.4401320491789396,,1,0.4295547181782733,-0.06120134790256504,-0.2885906922489352,0.033273648287785805,36.6345,6842674.0,6842674.0,10.228303990768229,100.62042808831168,6173680.0,,0.6018518518518519,106.0
0xfd2b05928e63a513efda1e60d6d925b271e29ff9,0.03363015411742008,0.011469235,0,490.31612,1,1779895289,-0.08814216812796298,-0.09149787396585098,-0.08814216812796298,-0.08814216812796298,-0.09149787396585098,-0.17578978122262662,-0.08814216812796298,-0.07721076459151677,0.0,,-0.08814216812796298,-0.09925749315557661,-0.08814216812796298,-0.18725743199613687,-0.16521076459151773,,1,0.4295547181782733,-0.13835168020454583,-0.08814216812796298,0.019403792136079605,21.008065,22951777.0,22951777.0,30.573589394516627,182.38039443282878,22201071.0,,0.5754716981132075,210.0
0x3c4c03892f47d3166ee049a48a73d4743a17dd95,0.033629501873112005,0.011464543,0,2660.92251,3,1779686975,-0.0436486071427511,0.08337701786440391,-0.0436486071427511,-0.0436486071427511,0.18180317458173298,0.0,-0.0436486071427511,0.0,0.0,-41.13674170874813,-0.06583720386045518,0.0,-0.08802580057815926,,,-0.015036619872000827,1,0.4295547181782733,-0.002707890555145889,-0.0436486071427511,0.07136238306053376,36.80924,52544708.0,52544708.0,96.87589049985988,1172.5388316232795,52002316.0,0.0,0.7551020408163265,145.0
0x3f4bab51c0894611045d5faa7cc9605b3b45f574,0.03362316649489095,0.011418964,0,4.9,1,1779856516,0.063758410919864,0.067114116757752,0.063758410919864,0.063758410919864,0.067114116757752,0.0,0.063758410919864,0.0,0.0,,0.063758410919864,0.0,0.063758410919864,,,0.014561520257314399,0,0.4295547181782733,,0.063758410919864,0.07860784202822234,7.77,20886001.0,20886001.0,29.337031715063073,30.994547662776412,20174068.0,,0.5956678700361011,268.0
0xd8a406a748ac57fa32b44ba91d994b14eb938d52,0.033621241125489025,0.01140511,0,4.89842,1,1779827172,0.1543624685428297,0.1577181743807177,0.1543624685428297,0.1543624685428297,0.1577181743807177,0.0,0.1543624685428297,0.0,0.0,,0.1543624685428297,0.0,0.1543624685428297,,,0.027221804564400907,0,0.4295547181782733,,0.1543624685428297,0.010193159875681642,2.5,,,,2.733915918205805,,,0.3931034482758621,290.0
0x3e222638e3109a8b3a3704c4e5af55d7bab0924d,0.03361688597660442,0.011373771,0,14.205,1,1779841588,-0.1744967035701558,-0.17785240940804378,-0.1744967035701558,-0.1744967035701558,-0.17785240940804378,-0.2681000000000004,-0.1744967035701558,-0.2619266203830115,0.0,,-0.1744967035701558,-0.26339325759231386,-0.1744967035701558,-0.3926071809790916,-0.389933362790698,,1,0.4295547181782733,-0.08764860115925663,-0.1744967035701558,0.01156345881670236,2.34328,,,,3.4508060751879697,,,0.8301886792452831,159.0
0x36f874a94cf7e24fef215308975d87ee422b8f35,0.03361515092827112,0.011361285,0,4.89,1,1779868704,0.07046982259563962,0.0738255284335276,0.07046982259563962,0.07046982259563962,0.0738255284335276,0.0,0.07046982259563962,0.0,0.0,,0.07046982259563962,0.0,0.07046982259563962,,,0.019526217899056997,0,0.4295547181782733,,0.07046982259563962,0.06792293371614037,16.593455,18475311.0,18475311.0,25.514121258739905,137.20952633050845,17751190.0,,0.43037974683544306,79.0
0x692ccfd5b0b5dd9f688d7fd12c8921c0c839aade,0.03360819348541029,0.01131121,0,1.999999,1,1779921056,-0.12416105696155072,-0.12751676279943872,-0.12416105696155072,-0.12416105696155072,-0.12751676279943872,-0.19060376370335783,-0.12416105696155072,-0.22739985396979465,0.0,,-0.12416105696155072,-0.24257492722935278,-0.12416105696155072,-0.28959985748859474,-0.27539985396979466,,1,0.4295547181782733,-0.16268020737834085,-0.12416105696155072,0.0029701317129289333,7.195989,1449792.0,1449792.0,1.8671505641535506,7.72929073882353,673319.0,0.0,0.5224806201550387,629.0
0xd02f7e88a516cca4246587b588dff9bb7fba8059,0.03360738315947687,0.011305377,0,24.425,1,1779925985,0.07382552843352723,0.07718123427141522,0.07382552843352723,0.07382552843352723,0.07718123427141522,0.0,0.07382552843352723,0.0,0.0,,0.07382552843352723,0.0,0.07382552843352723,,,0.023079496858890707,0,0.4295547181782733,,0.07382552843352723,0.05625649349918571,15.376,3424839.0,3424839.0,4.382941174964999,14.07730177514793,2643437.0,0.0,0.5,32.0
0x42c2f35838d0a56451a0dd2253d47758ef942bc3,0.03360738315947687,0.011305377,0,32.241,1,1779925984,0.07382552843352723,0.07718123427141522,0.07382552843352723,0.07382552843352723,0.07718123427141522,0.0,0.07382552843352723,0.0,0.0,,0.07382552843352723,0.0,0.07382552843352723,,,0.023079496858890707,0,0.4295547181782733,,0.07382552843352723,0.08229821229124865,4.08,3189648.0,3189648.0,4.081960478678681,11.584037372413793,2408247.0,0.0,0.5416666666666666,24.0
0xcec40b4c1302bd13d6440d411ab3aa788b6ce574,0.03360654011965258,0.011299308,0,15.766,2,1779726299,0.05480986201883082,0.057419855448299244,0.05480986201883082,0.05480986201883082,0.06510799621434729,0.06814444310823115,0.05480986201883082,0.021922220886009015,0.0,-0.07399999999999995,0.05136094212989077,0.014596880103621111,0.04791202224095072,-0.029096507051600377,0.029299591398048636,,1,0.4295547181782733,0.021204255957972935,0.05480986201883082,0.06615435530569704,18.9,2986463.0,2986463.0,5.133884919789038,13.175415841584158,2404747.0,0.0,0.375,24.0
0x7819d4e7b5e482926bc5cbcbec324773fc866c19,0.03360514738909267,0.011289283,0,203.600238,2,1779691744,2.4236861882448697e-06,2.5236320066045187e-06,2.4236861882448697e-06,2.4236861882448697e-06,0.0009248379662998259,0.0,2.4236861882448697e-06,0.0,0.0,10.421680399994038,0.04069005557144382,0.0,0.08137768745669939,,,-0.0288828831954567,1,0.4295547181782733,-0.22026725784537643,2.4236861882448697e-06,0.07047109697896518,92.54791,7440753.0,7440753.0,13.598836539884969,167.31152682978723,6893592.0,,0.4791666666666667,47.0
0x21c0eea8a60f1e185a4c1393cc9d4df5e9f438d9,0.03360435188225655,0.011283556,0,275.999996,4,1779715782,-0.29645935245296307,-0.2998150582908511,-0.29645935245296307,-0.29645935245296307,-0.4606634046218904,0.5671928738676771,-0.29645935245296307,-0.14974545418230514,0.0,,-0.29645935245296307,-0.20846539504007228,-0.29645935245296307,-0.38207381736294443,-0.3552241586656055,,2,0.4295547181782733,0.031134132167341594,-0.29645935245296307,0.14783806051765827,49.999999,,,,58.73145073333334,,,0.0,10.0
0x3fe379db9d8473dd4be87626cfe7eaea5c48d5ff,0.033597722416917664,0.011235827,0,74.844,1,1779890347,0.09060405762296533,0.09395976346085332,0.09060405762296533,0.09060405762296533,0.09395976346085332,0.0,0.09060405762296533,0.0,0.0,,0.09060405762296533,0.0,0.09060405762296533,,,0.023126874371369503,0,0.4295547181782733,,0.09060405762296533,0.029090680932816082,4.999999,45781678.0,45781678.0,61.38896219179258,14.898611155737708,45035914.0,,0.753731343283582,245.0
0xdceaad4abd80bda2544b20d3bb9589c72a50cad3,0.033597576127319534,0.011234773,0,2.137449,2,1779956147,-1.0999943258517033e-07,-1.1811707166832161e-07,-1.0999943258517033e-07,-1.0999943258517033e-07,-7.594334882997257e-05,-0.03768536358033179,-1.0999943258517033e-07,-0.026985337696436643,0.0,-1.862539323805745,-0.005684103235853267,-0.030730279950395904,-0.011368096472273949,-0.10966041122463832,-0.10197054483512322,,1,0.4295547181782733,-0.1958122113778612,-1.0999943258517033e-07,0.2107720264051605,10.5,,,,12.377251750000001,,,0.23076923076923078,13.0
0xe0feb89574f4c95b6cf3e5a8959d56c11199f21c,0.0335974775665046,0.011234064,0,57.891000000000005,2,1779918886,0.05972018864037233,0.06307589447826031,0.05972018864037233,0.05972018864037233,0.08965607694170113,0.0,0.05972018864037233,0.0,0.0,,0.05972018864037233,0.0,0.05972018864037233,,,0.017315859896221156,0,0.4295547181782733,,0.05972018864037233,0.048530375126753206,17.67,3417502.0,3417502.0,4.413649436977514,15.677086493506492,2643199.0,0.0,0.5263157894736842,38.0
0xa9f33badda17778553f3546b07520d34be244ab8,0.0335974775665046,0.011234064,0,24.45,1,1779901296,0.07046982259563962,0.0738255284335276,0.07046982259563962,0.07046982259563962,0.0738255284335276,0.0,0.07046982259563962,0.0,0.0,,0.07046982259563962,0.0,0.07046982259563962,,,0.019118060564367968,0,0.4295547181782733,,0.07046982259563962,0.04953370730593788,11.544,3162950.0,3162950.0,4.179854185140205,13.309345864661655,2406237.0,0.0,0.5,30.0
0x35a2e6cdab2eb30dcc8bce730cc75fbaa374e0cd,0.0335974775665046,0.011234064,0,15.648,1,1779901295,0.07046982259563962,0.0738255284335276,0.07046982259563962,0.07046982259563962,0.0738255284335276,0.0,0.07046982259563962,0.0,0.0,,0.07046982259563962,0.0,0.07046982259563962,,,0.019118060564367968,0,0.4295547181782733,,0.07046982259563962,0.044711574956210705,15.725,3157491.0,3157491.0,4.1726456036114135,13.02585776,2400779.0,0.0,0.5666666666666667,30.0
0x9fb7f6d7cbd8b2a6473012c13a3cd88f2c5e3347,0.0335974775665046,0.011234064,0,20.538,1,1779901391,0.07046982259563962,0.0738255284335276,0.07046982259563962,0.07046982259563962,0.0738255284335276,0.0,0.07046982259563962,0.0,0.0,,0.07046982259563962,0.0,0.07046982259563962,,,0.019118060564367968,0,0.4295547181782733,,0.07046982259563962,0.044587167711395106,15.648,3165173.0,3165173.0,4.1822668365027855,11.954442748091605,2408365.0,0.0,0.5333333333333333,30.0
0x1264bf675af19c3cc1218b108a00e6da12e031e5,0.03359542221027085,0.011219264,0,293.66181,1,1779828316,-0.18035846828546417,-0.18371417412335217,-0.18035846828546417,-0.18035846828546417,-0.18371417412335217,-0.2443720695476721,-0.18035846828546417,-0.10703848314753105,0.0,,-0.18035846828546417,-0.10539826142917956,-0.18035846828546417,-0.34680873952041785,-0.3550387056401991,,1,0.4295547181782733,-0.0751175260379539,-0.18035846828546417,0.012634339663406952,28.1906,17470945.0,17470945.0,25.552291610906597,102.50780916376307,16787212.0,,0.5974683544303797,395.0
0x110c36902f05e1446cd25b07755ca9756a7f4adb,0.03359438015701145,0.01121176,0,0.15504,1,1779693807,-0.29194640789622206,-0.2953021137341101,-0.29194640789622206,-0.29194640789622206,-0.2953021137341101,-0.14108544127321113,-0.29194640789622206,0.07659998797408116,0.0,,-0.29194640789622206,0.021100000111875062,-0.29194640789622206,-0.08299895796882194,-0.03349896999474081,,1,0.4295547181782733,0.051882352163621547,-0.29194640789622206,0.22490308324264002,1.032189,,,,3.107265064171123,,,0.32727272727272727,110.0
0x3beeab2f2ccf204471309e13b08a3fd96ef49ae1,0.033592778402084605,0.011200226,0,0.99996,1,1779866734,0.07046986197977834,0.07382556781766633,0.07046986197977834,0.07046986197977834,0.07382556781766633,0.0,0.07046986197977834,0.0,0.0,,0.07046986197977834,0.0,0.07046986197977834,,,0.01921076795370454,0,0.4295547181782733,,0.07046986197977834,0.03233428639354651,1.5,21419794.0,21419794.0,29.661101348609918,54.39937142666666,20697643.0,,0.7297297297297297,74.0
0x6a4cc02b6c7b43bb504fa15655f7e371a44e8a80,0.033592778402084605,0.011200226,0,0.99996,1,1779870344,0.07046986197977834,0.07382556781766633,0.07046986197977834,0.07046986197977834,0.07382556781766633,0.0,0.07046986197977834,0.0,0.0,,0.07046986197977834,0.0,0.07046986197977834,,,0.019269388999762636,0,0.4295547181782733,,0.07046986197977834,0.037008506984141154,1.479998,21431964.0,21431964.0,29.53033298840803,69.21154111267606,20706203.0,,0.7285714285714285,70.0
0xdac37b1e06a0eee176e614a89ed9ac892d90adda,0.033587032737102784,0.011158846,0,16.524,1,1779697758,-0.27181217286889636,-0.27516787870678433,-0.27181217286889636,-0.27181217286889636,-0.27516787870678433,-0.10560001202591901,-0.27181217286889636,0.16580008192402723,0.0,,-0.27181217286889636,0.10970009394994609,-0.27181217286889636,-0.12339999738199918,-0.07360000940791805,,1,0.4295547181782733,0.048151921346542954,-0.27181217286889636,0.14100217241760668,15.024,2667964.0,2667964.0,4.823001762552537,10.91052380952381,2114789.0,0.0,0.2857142857142857,14.0
0xb48969615d444dbc238bd11bc378d2203c7e3ba2,0.03358679830628668,0.011157158,0,120.40463799999999,5,1779946340,7.616672184696249e-07,1.7137511787809666e-06,7.616672184696249e-07,7.616672184696249e-07,0.0002275029780785898,0.0,7.616672184696249e-07,0.0,0.0,0.035844003999092364,0.0004962102920856846,0.0,0.0009916589169528995,,,0.00786355578760234,1,0.4295547181782733,-0.20369983958486565,7.616672184696249e-07,0.2217158023496516,10.00055,,,,11.970878,,,0.6,5.0
0x3aba15253fc5dac5afdacac7f5db43be8008f6b7,0.03358574461551989,0.0111495685,0,1.003,1,1779726299,-0.19463093859748132,-0.1979866444353693,-0.19463093859748132,-0.19463093859748132,-0.1979866444353693,0.6132999879740803,-0.19463093859748132,0.19729998797408113,0.0,,-0.19463093859748132,0.13137192093259,-0.19463093859748132,-0.029096507051600377,0.029299591398048636,,1,0.4295547181782733,0.021204255957972935,-0.19463093859748132,0.06946438951651805,18.164,3227407.0,3227407.0,5.5480801628285965,14.238297751937985,2645691.0,0.0,0.56,25.0
0x055693d7dcbe91e31b00e3b1fd3852cb94e44fd8,0.033579461148594475,0.011104306,0,0.53844,1,1779855287,0.06711411675775195,0.07046982259563993,0.06711411675775195,0.06711411675775195,0.07046982259563993,0.0,0.06711411675775195,0.0,0.0,,0.06711411675775195,0.0,0.06711411675775195,,,0.010888171480274184,0,0.4295547181782733,,0.06711411675775195,0.005099759885572171,1.044089,2783723.0,2783723.0,3.9168528670163667,2.567850487152596,2073019.0,0.0,0.5088282504012841,613.0
0x31cccf88bc1305d72a95580fcfdaa242d270211c,0.033576544247327096,0.011083292,0,24.583,1,1779671970,-0.7516781076868254,-0.7550338135247134,-0.7516781076868254,-0.7516781076868254,-0.7550338135247133,-1.017729624707729,-0.7516781076868254,-0.9405000090425844,0.0,,-0.7516781076868254,-0.9546000321144995,-0.7516781076868254,-0.8937889519089208,-0.8937889519089208,,1,0.4295547181782733,0.07250027617084637,-0.7516781076868254,0.13391933937928827,22.99999,16651540.0,16651540.0,31.573664121413685,167.5978395614035,16124153.0,0.0,0.6029411764705882,68.0
0xac4591515d18702ed9a18f0883b38dbf0ded9fd3,0.033575950270861646,0.011079012,0,0.999938,1,1779919414,0.03691277747933534,0.04026848331722333,0.03691277747933534,0.03691277747933534,0.04026848331722333,0.0,0.03691277747933534,0.0,0.0,,0.03691277747933534,0.0,0.03691277747933534,,,0.007946195122272199,0,0.4295547181782733,,0.03691277747933534,0.0364709736677528,25.5234905,9264359.0,9264359.0,11.956618927224131,120.55706714035088,8489528.0,,0.5321100917431193,108.0
0x357984138140b60deeb0f16941f605ff706e6292,0.033575021645499935,0.011072322,0,197.2,1,1779913534,0.04362417589253867,0.04697988173042666,0.04362417589253867,0.04362417589253867,0.04697988173042666,0.0,0.04362417589253867,0.0,0.0,,0.04362417589253867,0.0,0.04362417589253867,,,0.009547754661329972,0,0.4295547181782733,,0.04362417589253867,0.04826997177257898,20.561525000000003,3897809.0,3897809.0,5.068995293588278,46.47973724590163,3128858.0,,0.6744186046511628,43.0
0x984d50cc547f3d1a98d6136482adc3c249a05735,0.03356704558860979,0.011014848,0,0.999998,1,1779874807,0.05033841409599739,0.053694119933885384,0.05033841409599739,0.05033841409599739,0.053694119933885384,0.0,0.05033841409599739,0.0,0.0,,0.05033841409599739,0.0,0.05033841409599739,,,0.0004254376034942965,0,0.4295547181782733,,0.05033841409599739,0.03413568249748142,1.519973,21422059.0,21422059.0,29.33628448256973,37.12323573239438,20691835.0,,0.7638888888888888,71.0
0xbe53f59bc7854f669bb3581a026a2de8455d2dba,0.033560892768947415,0.010970503,0,9.57,1,1779830133,0.14093964519127924,0.1442953510291672,0.14093964519127924,0.14093964519127924,0.1442953510291672,0.0,0.14093964519127924,0.0,0.0,,0.14093964519127924,0.0,0.14093964519127924,,,0.028208189567413455,0,0.4295547181782733,,0.14093964519127924,0.0,0.0,13200092.0,13200092.0,19.25474728320327,0.0,12514542.0,,,0.0
0x7bdbec33ef1ae65eeca6b2d60f53dbb092eb9080,0.033557661924712705,0.010947214,0,471.607139,5,1779743971,-0.1673400975368625,-0.1693368583705627,-0.1673400975368625,-0.1673400975368625,-0.3297621049589429,0.00556324378798842,-0.1673400975368625,0.04753141719651621,0.0,6.291722899385076,-0.16426572915829232,0.029845397584654175,-0.16119136077972215,-0.369145078555817,-0.3287986194451683,,2,0.4295547181782733,0.004518815968245546,-0.1673400975368625,0.07992496881707753,100.262,13563670.0,13563670.0,22.629198449084733,168.2545330222222,12964282.0,,0.07142857142857142,28.0
0x1b0bc31a5f67a9add80ae8fc879ba1bcba717ff2,0.03355669838864869,0.010940269,0,0.999998,1,1779879981,0.05033841409599739,0.053694119933885384,0.05033841409599739,0.05033841409599739,0.053694119933885384,0.0,0.05033841409599739,0.0,0.0,,0.05033841409599739,0.0,0.05033841409599739,,,0.002874418482725355,0,0.4295547181782733,,0.05033841409599739,0.03341725094714005,1.999992,,,,57.34630693333334,,,0.8133333333333334,75.0
0xff34c84dd30c930689ccb574334a415e3b6fe2c0,0.03354667147302055,0.010867977,0,653.354589,3,1779921091,-0.01340821079697007,-0.02039651363668982,-0.01340821079697007,-0.01340821079697007,-0.07448622361061913,-0.265362998376677,-0.01340821079697007,-0.287856878860755,0.0,-114.21124514047031,-0.03136943894970674,-0.2916422332961089,-0.049330667102443417,-0.46359294992736083,-0.4547666129192167,,1,0.4295547181782733,-0.1627132534625215,-0.01340821079697007,0.012475461064927036,26.4,14879374.0,14879374.0,19.16190689600107,89.48239630209933,14102866.0,,0.7609682299546142,639.0
0xa7f0c900c3e9db1b6bfa9a7f7b7c091ee85af032,0.033544844223201704,0.0108548,0,127.65018,1,1779886315,-0.057046999244089146,-0.060402705081977134,-0.057046999244089146,-0.057046999244089146,-0.060402705081977134,0.07368760091528323,-0.057046999244089146,0.07529999999999987,0.0,,-0.057046999244089146,0.04779999999999988,-0.057046999244089146,-0.110800000000001,-0.084700000000001,,1,0.4295547181782733,-0.129878664220627,-0.057046999244089146,0.10669794243325212,27.7393,16402860.0,16402860.0,22.114267686981282,49.773535528089894,15661128.0,,0.6666666666666666,21.0
0x521bf1c6a5435219b599127d85b7afe28758db60,0.03354266192985925,0.010839063,0,296.37665,1,1779957408,-0.04697988173042629,-0.05033558756831428,-0.04697988173042629,-0.04697988173042629,-0.05033558756831428,-0.08560000000000006,-0.04697988173042629,-0.06570000000000009,0.0,,-0.04697988173042629,-0.07265293400000007,-0.04697988173042629,-0.1133000000000001,-0.10570000000000013,,1,0.4295547181782733,-0.19700281458219837,-0.04697988173042629,0.047804962255971556,10.254999999999999,53790223.0,53790223.0,66.17688063236244,207.2348634377778,52977398.0,0.0,0.6436170212765957,185.0
0x314e8896c8c82ea0d514c3d42851ae0e8fb1af4e,0.03353926168424754,0.01081454,0,2.00287,2,1779955063,-0.012621845549063737,-0.02051049901722858,1.9158485311099965e-16,-0.01735503762996264,-0.029912432478341317,-0.04594261209351608,-0.01893276832359561,-0.012128849592688262,0.0,0.040000000000000036,-0.004510945187867073,-0.018524061196105713,-0.012177351763000074,-0.097,-0.08850000000000001,,1,0.4295547181782733,-0.19478872694209476,-0.0047331920808989045,0.00680477928263376,42.899660000000004,10446050.0,10446050.0,12.888720264534596,95.27439528115653,9635570.0,0.0,0.9683098591549296,563.0
0x34cb92ab8a2de9342be566760d5bd3b029ef0284,0.03353074451682706,0.0107531035,0,24.225,1,1779921481,0.10067117513662781,0.1040268809745158,0.10067117513662781,0.10067117513662781,0.1040268809745158,0.0,0.10067117513662781,0.0,0.0,,0.10067117513662781,0.0,0.10067117513662781,,,0.03310597368476576,0,0.4295547181782733,,0.10067117513662781,0.056823198256916105,18.92,,,,14.22183504950495,,,0.5,24.0
0x31b2fb490b2050db62ebb6fd16239491b2401f93,0.03353020528400851,0.010749213,0,12.279273,17,1779765811,0.00016701564992766744,0.00016866926969072882,0.00016701564992766744,0.00016701564992766744,0.007598188773521727,0.0,0.00016701564992766744,0.0,0.0,0.050362874413614825,0.04550589503899178,0.0,0.0908447744280559,,,0.07711172493326761,4,0.4295547181782733,-0.1472967831053311,0.00016701564992766744,0.010115468187477605,1.89,11307459.0,11307459.0,18.20178581776739,2.0708321164581327,10686231.0,,0.5359712230215827,270.0
0xccb982d8cb61f7f3293277c1ca9f6cb1fcdce114,0.033529903203684215,0.010747034,0,11.724,1,1779925984,0.07382552843352723,0.07718123427141522,0.07382552843352723,0.07382552843352723,0.07718123427141521,0.0,0.07382552843352723,0.0,0.0,,0.07382552843352723,0.0,0.07382552843352723,,,0.023079496858890707,0,0.4295547181782733,,0.07382552843352723,0.06043637123864743,3.612,3429798.0,3429798.0,4.389293077433994,11.276697085427136,2648397.0,0.0,0.43333333333333335,30.0
0x9bf6423ffc16e2463a77a3bcc4c498bea48650e2,0.03352851947700877,0.010737051,0,7.15932,1,1779841728,-0.17449670357015543,-0.17785240940804342,-0.17449670357015543,-0.17449670357015543,-0.17785240940804342,-0.26926857160185347,-0.17449670357015543,-0.26189325082431175,0.0,,-0.17449670357015543,-0.2633932575923129,-0.17449670357015543,-0.3922999999999994,-0.38989999323199825,,1,0.4295547181782733,-0.08778078549597923,-0.17449670357015543,0.11088742177369211,37.5175,,,,136.65942912941176,,,0.375,16.0
0x79c4a7b84a8a500d40910c07b49c1a3f2ce8449d,0.03352561885153524,0.0107161235,0,0.999998,1,1779873302,0.05033841409599739,0.053694119933885384,0.05033841409599739,0.05033841409599739,0.053694119933885384,0.0,0.05033841409599739,0.0,0.0,,0.05033841409599739,0.0,0.05033841409599739,,,0.01251932287888073,0,0.4295547181782733,,0.05033841409599739,0.033767770589844565,1.3597934999999999,21429480.0,21429480.0,29.40705539446618,38.98661830769231,20700761.0,,0.7894736842105263,76.0
0xe7387473b067235436884d16799777cf279edf65,0.033525377218975055,0.01071438,0,57.6238,1,1779846299,0.12416111600184114,0.12751682183972912,0.12416111600184114,0.12416111600184114,0.12751682183972912,0.0,0.12416111600184114,0.0,0.0,,0.12416111600184114,0.0,0.12416111600184114,,,0.030140086627579908,0,0.4295547181782733,,0.12416111600184114,0.0,0.0,18301588.0,18301588.0,26.081189541067896,0.0,17599872.0,,,0.0
0xa0f4897fb9890754f48e8650c76b306c6de2bea9,0.03352430654364454,0.010706655,0,1.434,2,1779879544,0.02059183127794658,0.021964620029809846,0.02059183127794658,0.02059183127794658,0.034341066648784495,-0.005436369755587212,0.02059183127794658,0.01296162592636994,0.0,-0.026000000000000023,0.02034396664219352,0.0024522727272727326,0.020096102006440453,-0.09541545299999997,-0.06012988147997862,,1,0.4295547181782733,-0.12348566319242169,0.02059183127794658,0.06438030446096885,10.835,2849926.0,2849926.0,3.8776560933165163,13.803417475728155,2114965.0,0.0,0.4090909090909091,22.0
0xe71d94b0c62faafdc88e744c96ad82c1646b7359,0.03352303390921343,0.010697472,0,9.50606,2,1779855495,-0.0738772607948513,-0.07723296663273929,-0.0738772607948513,-0.0738772607948513,-0.08856775647841175,-0.0391002249138071,-0.0738772607948513,-0.034126309342097906,0.0,,-0.0738772607948513,-0.055652620760534316,-0.0738772607948513,-0.0703345041809543,-0.05553684657751794,,2,0.4295547181782733,-0.10077922666497974,-0.0738772607948513,0.014778130997082861,6.999953,4930856.0,4930856.0,6.935958318329132,1842.4224544270544,4219944.0,,0.3551236749116608,566.0
0xa95b023595407a5a531253bc4bd50b007405fe3a,0.03352301209671744,0.0106973145,0,2235.60216,1,1780063254,0.0,-0.0033557058378879913,0.0,0.0,-0.0033557058378879913,0.0008999999999999674,0.0,-9.103828801926283e-16,0.0,,0.0,-8.993673861201757e-16,0.0,-1.1102230246251566e-17,-2.2204460492503132e-17,,1,0.4295547181782733,-0.29693983818748837,0.0,0.04133163340085702,77.8,,,,359.4102731089494,,,0.9066666666666666,74.0
0xc71e9b6dacb3d8775af4a8915cc3f7f30f3869aa,0.033522673682114555,0.010694873,0,1.5,1,1779963826,-0.03355705874800343,-0.03691276458589142,-0.03355705874800343,-0.03355705874800343,-0.03691276458589142,-0.05390000091300004,-0.03355705874800343,-0.05123000091300001,0.0,,-0.03355705874800343,-0.055700000913000015,-0.03355705874800343,-0.0803000008910009,-0.07523000091300092,,1,0.4295547181782733,-0.20306252224709595,-0.03355705874800343,0.13829409120871747,31.49175,19693205.0,19693205.0,24.038295109021377,179.2185941359223,18873962.0,0.0,0.423728813559322,59.0
0x9d238c6947afc0ac4566551509338dc4f0961888,0.03352075567447698,0.010681032,0,15.313398,2,1779756278,0.00012113767652367978,0.00013278552205074872,0.00012113767652367978,0.00012113767652367978,0.008729020137669545,0.0,0.00012113767652367978,0.0,0.0,1.3166409025821812,0.06554230416359098,0.0,0.1309634706506583,,,0.18128826419048769,1,0.4295547181782733,-0.19679037546960845,0.00012113767652367978,0.05077727533428584,2.024989,2798110.0,2798110.0,4.574354866395835,2.9471737777777776,2186415.0,,0.5581395348837209,43.0
0x441159377bfde3cff95a7ad1352018b889de06eb,0.033520502331412357,0.010679204,0,26.406,1,1779901401,0.07046982259563962,0.0738255284335276,0.07046982259563962,0.07046982259563962,0.0738255284335276,0.0,0.07046982259563962,0.0,0.0,,0.07046982259563962,0.0,0.07046982259563962,,,0.019118060564367968,0,0.4295547181782733,,0.07046982259563962,0.06466751373969651,14.45073,3404067.0,3404067.0,4.497867386875048,14.644777597402598,2647249.0,0.0,0.45714285714285713,35.0
0x04f56c238e3d521c922df46e3e629a4b34a05dd8,0.033520502331412357,0.010679204,0,1.956,1,1779901279,0.07046982259563962,0.0738255284335276,0.07046982259563962,0.07046982259563962,0.0738255284335276,0.0,0.07046982259563962,0.0,0.0,,0.07046982259563962,0.0,0.07046982259563962,,,0.019118060564367968,0,0.4295547181782733,,0.07046982259563962,0.055918831247852,14.475000000000001,3405725.0,3405725.0,4.500783670060367,17.21683505263158,2649029.0,0.0,0.4375,32.0
0xb941def1e81c4dd876419fd5d60ecaff45251d15,0.033520502331412357,0.010679204,0,9.78,1,1779901391,0.07046982259563962,0.0738255284335276,0.07046982259563962,0.07046982259563962,0.0738255284335276,0.0,0.07046982259563962,0.0,0.0,,0.07046982259563962,0.0,0.07046982259563962,,,0.019118060564367968,0,0.4295547181782733,,0.07046982259563962,0.09283228767789899,3.192,3166483.0,3166483.0,4.183997790721028,12.4143425433526,2409675.0,0.0,0.42857142857142855,28.0
0x76f8b876442e226001bf5901bfd25ef57ece9696,0.033520502331412357,0.010679204,0,22.494,1,1779901401,0.07046982259563962,0.0738255284335276,0.07046982259563962,0.07046982259563962,0.0738255284335276,0.0,0.07046982259563962,0.0,0.0,,0.07046982259563962,0.0,0.07046982259563962,,,0.019118060564367968,0,0.4295547181782733,,0.07046982259563962,0.06515135020407838,17.9,3401979.0,3401979.0,4.495108467293326,13.762042530864198,2645161.0,0.0,0.42857142857142855,28.0
0x600171ccba7c7f4d34df940bc067813f46c29ed1,0.033520502331412357,0.010679204,0,31.296,1,1779901296,0.07046982259563962,0.0738255284335276,0.07046982259563962,0.07046982259563962,0.0738255284335276,0.0,0.07046982259563962,0.0,0.0,,0.07046982259563962,0.0,0.07046982259563962,,,0.019118060564367968,0,0.4295547181782733,,0.07046982259563962,0.05723840979304413,4.446,3426568.0,3426568.0,4.528226685678718,11.101382857142859,2669855.0,0.0,0.41935483870967744,31.0
0x7f3945172dedca580d5f73e517e2c09b56a21a31,0.033520502331412357,0.010679204,0,25.428,1,1779901401,0.07046982259563962,0.0738255284335276,0.07046982259563962,0.07046982259563962,0.0738255284335276,0.0,0.07046982259563962,0.0,0.0,,0.07046982259563962,0.0,0.07046982259563962,,,0.019118060564367968,0,0.4295547181782733,,0.07046982259563962,0.07240005475901262,17.748,3426387.0,3426387.0,4.52735928585208,15.786888859060403,2669569.0,0.0,0.40625,32.0
0xea58b6928ae44db7c9f6ba55d43b3542808b520c,0.033518956759352875,0.0106680505,0,19.999998,1,1779836590,0.1308726436508175,0.1342283494887055,0.1308726436508175,0.1308726436508175,0.1342283494887055,0.0,0.1308726436508175,0.0,0.0,,0.1308726436508175,0.0,0.1308726436508175,,,0.02445496644323155,0,0.4295547181782733,,0.1308726436508175,0.0,0.0,11273272.0,11273272.0,16.290690701105625,0.0,10581265.0,,,0.0
0x90c486a0dc1f1deea7e3bfb56c879b4c55ba331c,0.033517506234930446,0.010657582,0,11.982,2,1780029956,0.0,0.0,0.0,0.0,0.0,0.0,0.0,0.0,0.0,-0.005999999999999339,-0.0004194632297359058,0.0,-0.0008389264594718115,,,-1.1092883580476484e-16,1,0.4295547181782733,-0.26615032946945927,0.0,0.17167760363882587,90.10035,8693433.0,8693433.0,9.818949753380778,388.2926993333333,7808060.0,0.0,0.3888888888888889,18.0
0xc6dafb39d99e278009268df7bbb026e5f1bf07a4,0.03351417864599417,0.010633566,0,84.22272000000001,2,1779745791,-5.703964654854285e-07,-1.8076867101365482e-06,-5.703964654854285e-07,-5.703964654854285e-07,-0.0008526681477916507,-0.023744777407393634,-5.703964654854285e-07,0.11810585413158825,0.0,-15.776830546984321,-0.01586405663037056,0.08958802050866624,-0.031727542864275635,-0.7966185138686219,-0.7397893533974698,,1,0.4295547181782733,0.002800419590851711,-5.703964654854285e-07,0.12796554213285194,99.999999,11418966.0,11418966.0,18.993370015036394,105.92514146551724,10817758.0,,0.15,20.0
0xc9d79dc463974a82bdfe02c3c8f3c7b6aca4b03a,0.03351344495986928,0.010628271,0,3.992,2,1780037215,0.0,0.0,0.0,0.0,0.0,0.0,0.0,0.0,0.0,-0.0040000000000000036,-0.0008389264594719047,0.0,-0.0016778529189438094,,,-9.999999999998812e-05,1,0.4295547181782733,-0.27420885314036936,0.0,0.17582699680736233,105.1914,9411964.0,9411964.0,10.54405846978374,384.63664741935486,8519332.0,0.0,0.4117647058823529,17.0
0x45ac09cb94a3df08c12d35a41285e05ee4a855c2,0.033510662616140476,0.010608188,0,10.38046,1,1779805494,-0.24496652616579614,-0.24832223200368414,-0.24496652616579614,-0.24496652616579614,-0.24832223200368414,-0.21740000000000198,-0.24496652616579614,0.00591168066909602,0.0,,-0.24496652616579614,0.005976137875105663,-0.24496652616579614,-0.48544996790598977,-0.4890499679059898,,1,0.4295547181782733,-0.0535695908045022,-0.24496652616579614,0.0439456953042411,6.8755395,7247519.0,7247519.0,10.965953055706441,8.774675022727275,6586608.0,,0.8214285714285714,28.0
0xe7c6cc118dc6bcc5357fda172064dffef1bc5529,0.033507413863055384,0.010584736,0,39.999999,2,1779924610,-0.09667728145631217,-0.10003298729420015,-0.09667728145631217,-0.09667728145631217,-0.13645457657224216,-0.14292152196566657,-0.09667728145631217,-0.2148215273907403,0.0,,-0.09667728145631217,-0.23223406726130724,-0.09667728145631217,-0.22191060315911507,-0.20530195291197695,,1,0.4295547181782733,-0.16603580118342748,-0.09667728145631217,0.039344814895352236,15.0,,,,31.554446898734177,,,0.075,80.0
0x77365579e1b64544b7ec8de4c2a84319e2d4c991,0.033506785977015764,0.0105802035,0,19.78908,2,1779802804,-9.060214501964877e-08,-4.302720037287189e-06,-9.060214501964877e-08,-9.060214501964877e-08,-0.001016872122993583,-0.07459323044420157,-9.060214501964877e-08,0.01139678083540746,0.0,-0.2105619235864943,-0.0006326294776002727,0.01064676906513783,-0.001265168353055526,-0.4453068464210263,-0.4492068464210263,,1,0.4295547181782733,-0.05102976319176076,-9.060214501964877e-08,0.018417782308221595,49.899139500000004,1451375.0,1451375.0,2.204996498136644,71.55071411538461,793154.0,,0.44594594594594594,148.0
0x2f22d17a6e92b86d14f9eda38de209381d425f72,0.03349955107759552,0.010527968,0,61.787933,2,1779819193,3.32812103090524e-05,3.374995974508404e-05,3.32812103090524e-05,3.32812103090524e-05,0.0028555832232316737,0.0,3.32812103090524e-05,0.0,0.0,2.2762600239932973,0.02981101068419396,0.0,0.05958874015807887,,,0.05429008796220345,1,0.4295547181782733,-0.30039079354978204,3.32812103090524e-05,0.00307754480558306,10.95903,5345766.0,5345766.0,7.924231778360831,14.795588822335025,4671156.0,,0.9030732860520094,423.0
0x1aab2b1ad326e9f5db9a6f2a4a6d4773c6cff6ca,0.03349809207761517,0.010517433,0,3.983201,4,1779769048,-8.826547023276857e-05,-8.934187840633905e-05,-8.826547023276857e-05,-8.826547023276857e-05,-0.0049883684931736755,0.0,-8.826547023276857e-05,0.0,0.0,-0.009052115500000048,-0.0034644855368655956,0.0,-0.006840705603498422,,,0.1062479085117034,1,0.4295547181782733,-0.019162952129442457,-8.826547023276857e-05,0.032149555655933255,1.9448349999999999,1271753.0,1271753.0,2.0365480851608977,2.0670494335106384,647288.0,0.0,0.016129032258064516,62.0
0x9ccaa8ecabf9df9399994f791aa34b2956f90996,0.03349273640206745,0.010478757,0,28.02703,1,1779759978,-0.5771814041166696,-0.5805371099545577,-0.5771814041166696,-0.5771814041166696,-0.5805371099545577,-0.6770005522991536,-0.5771814041166696,-0.34085524135001444,0.0,,-0.5771814041166696,-0.3726552234488898,-0.5771814041166696,-1.2169,-1.172900012025919,,1,0.4295547181782733,-0.010594574588316604,-0.5771814041166696,0.176079851073018,5.167989,,,,7.369477555555556,,,0.42857142857142855,14.0
0x2285c477d4d58a29c83eebf574d1433234ba281a,0.03349186183717915,0.010472441,0,1.5196800000000001,2,1779693112,-0.2762275752871697,-0.27958328112505765,-0.2762275752871697,-0.2762275752871697,-0.38957934149038553,-0.10938650465749752,-0.2762275752871697,0.1554789353425028,0.0,,-0.2762275752871697,0.10038157894736904,-0.2762275752871697,-0.01199999999999947,0.03809998797408166,,1,0.4295547181782733,0.052538552978065894,-0.2762275752871697,0.07340826927648628,25.428,,,,17.467115733333333,,,0.55,20.0
0x0c99811d4308ee1e60db0e39fc4500446b9c70b1,0.033486171256184916,0.010431339,0,1.999999,1,1779697821,-0.28187916915767686,-0.2852348749955648,-0.28187916915767686,-0.28187916915767686,-0.2852348749955648,-0.13049971218839687,-0.28187916915767686,0.14090038176154937,0.0,,-0.28187916915767686,0.08480039378746823,-0.28187916915767686,-0.08722659831127945,-0.037426610337198324,,1,0.4295547181782733,0.048092438395017784,-0.28187916915767686,0.07754605340758042,2.024589,1436335.0,1436335.0,2.59623344744938,3.6704374966887414,883097.0,0.0,0.281767955801105,180.0
0x6418c5ac5e70c42faa142a2e7506f202c563730c,0.03348489563577652,0.0104221245,0,100.0,1,1780135445,3.7546879935691643e-16,-0.0033557058378876157,3.7546879935691643e-16,3.7546879935691643e-16,-0.0033557058378876157,2.6020852139652105e-19,3.7546879935691643e-16,-8.922550198686708e-16,0.0,,3.7546879935691643e-16,-8.809793172748215e-16,3.7546879935691643e-16,9.286842128641837e-16,8.841018195315797e-16,,1,0.4295547181782733,-0.36510069141849844,3.7546879935691643e-16,0.12439539242912262,50.0,12360656.0,12360656.0,12.4746493457212,560.5709792271605,11369794.0,0.0,0.5185185185185185,27.0
0xa64300c5cd1274dc299f6ec667001df3e09e6b77,0.033482745211516424,0.01040659,0,238.76354999999998,10,1779690881,-0.22258330021721323,-0.22443615984869975,-0.22258330021721323,-0.22258330021721323,-0.5845362921203652,-0.2107028416725792,-0.22258330021721323,-0.12703719796307117,0.0,0.31438930786157404,-0.21869906165544992,-0.1446069376078648,-0.21481482309368663,-0.6167416209412514,-0.5852288656974226,,2,0.4295547181782733,0.05464500480112394,-0.22258330021721323,0.21872652892196223,6.96,,,,12.989686354166668,,,0.3728813559322034,59.0
0x0bd0615e1b600723d3d9408130e4a9b870fd67b0,0.03348146933035775,0.010397373,0,3.0,1,1779971457,-0.030201352540988165,-0.03355705837887615,-0.030201352540988165,-0.030201352540988165,-0.03355705837887615,-0.05419999999999999,-0.030201352540988165,-0.03606544688026978,0.0,,-0.030201352540988165,-0.03982838385013053,-0.030201352540988165,-0.0711,-0.0680654468802698,,1,0.4295547181782733,-0.21026751277231154,-0.030201352540988165,0.032844424172878056,79.6392,19610504.0,19610504.0,23.716435635900996,589.0000447814208,18783630.0,0.0,0.5742574257425742,100.0
0xb2dcc7021ceaa78c55f42a1ea4cd75cfb16bb433,0.03348125327187231,0.010395812,0,111.72729,1,1779813549,-0.2874934386436735,-0.29084914448156146,-0.2874934386436735,-0.2874934386436735,-0.29084914448156146,-0.5357724943349775,-0.2874934386436735,-0.34148349932624694,0.0,,-0.2874934386436735,-0.33996161668886204,-0.2874934386436735,-0.43815142646938615,-0.43748349932624614,,1,0.4295547181782733,-0.06117491103522052,-0.2874934386436735,0.060911039955674824,30.851878499999998,5638770.0,5638770.0,8.429083092414263,63.90180757339451,4969804.0,,0.44545454545454544,110.0
0xd640bffba986c2de1a512c0e25a3e37805cd480c,0.03347940484083663,0.010382458,0,100.25003000000001,7,1779720419,-0.232092808265936,-0.23544851410382403,-0.232092808265936,-0.232092808265936,-0.6107521047757486,0.46912872994529325,-0.232092808265936,-0.018719903528875724,0.0,,-0.232092808265936,-0.07547988943063191,-0.232092808265936,-0.2090978417397754,-0.1579379022092129,,2,0.4295547181782733,0.026755998100322247,-0.232092808265936,0.17162329652986708,3.14712,7046630.0,7046630.0,12.237216846463228,23.09560078438819,6470794.0,0.0,0.5105386416861827,391.0
0x0e8c3bf1aedda0e6b4ffa7770491a71c371e03ab,0.03347797478820644,0.010372126,0,49.999948,1,1779885084,0.0536912934721745,0.05704699931006249,0.0536912934721745,0.0536912934721745,0.0570469993100625,0.0,0.0536912934721745,0.0,0.0,,0.0536912934721745,0.0,0.0536912934721745,,,0.008108422404918332,0,0.4295547181782733,,0.0536912934721745,0.007966903192893886,9.999999,21875918.0,21875918.0,29.542050584671728,17.06776456926407,21135417.0,0.0,0.7855072463768116,344.0
0xd3c3f7d77411d476613e855acb9d8ca1dcf6fe9a,0.03347692117078932,0.010364513,0,0.999999,1,1779835028,-0.17785224305897981,-0.1812079488968678,-0.17785224305897981,-0.17785224305897981,-0.1812079488968678,-0.2562310394257034,-0.17785224305897981,-0.19879958348783547,0.0,,-0.17785224305897981,-0.20149960003185388,-0.17785224305897981,-0.4191995885523663,-0.4227995834878357,,1,0.4295547181782733,-0.08145482080996896,-0.17785224305897981,0.007356804365569635,10.0,32601457.0,32601457.0,47.218036194048764,25.04832811197663,31911012.0,,0.6743215031315241,470.0
0xaf0932c39a834bbf91c206785d4236afd42bdf84,0.03347314225512304,0.0103372075,0,0.999942,1,1779863824,0.05369130990045195,0.05704701573833994,0.05369130990045195,0.05369130990045195,0.05704701573833994,0.0,0.05369130990045195,0.0,0.0,,0.05369130990045195,0.0,0.05369130990045195,,,0.015090713844859516,0,0.4295547181782733,,0.05369130990045195,0.03698016391255412,2.199999,21411174.0,21411174.0,29.769123284128685,81.49960981538463,20691933.0,,0.65625,64.0
0xa20aa87bc8e6938739e57e80638cfeaa23abd92d,0.03347232759760376,0.010331321,0,251.29826,3,1779716058,-0.05531358306822093,-0.058669288906108924,-0.05531358306822093,-0.05531358306822093,-0.16040704399238676,0.015644265544380753,-0.05531358306822093,-0.0389423386148231,0.0,,-0.05531358306822093,-0.057185220863228685,-0.05531358306822093,-0.22003999805491814,-0.17796360052715757,,2,0.4295547181782733,0.03087354018923132,-0.05531358306822093,0.026469312850422377,65.683548,6334723.0,6334723.0,11.084864604750864,308.32432646311224,5763248.0,,0.5164835164835165,272.0
0x87fb622f21efa52cf21226e7cfeabffd379e6675,0.03347232630880779,0.010331311,0,82.90168,1,1779671071,-0.7802934424538419,-0.7836491482917299,-0.7802934424538419,-0.7802934424538419,-0.7836491482917299,-1.0912771569963322,-0.7802934424538419,-0.9472771569963329,0.0,,-0.7802934424538419,-0.959877144970414,-0.7802934424538419,-0.865397720151408,-0.865397720151408,,1,0.4295547181782733,0.07334908844737223,-0.7802934424538419,0.12462980809480091,22.999995,18707046.0,18707046.0,35.53176140766741,146.73317233644863,18180558.0,0.0,0.647887323943662,71.0
0x0142ad931eb1cbe36f761a215bc0c37425c7faf2,0.033469673939320724,0.010312144,0,0.999978,1,1779864982,0.06711415618145081,0.0704698620193388,0.06711415618145081,0.06711415618145081,0.0704698620193388,0.0,0.06711415618145081,0.0,0.0,,0.06711415618145081,0.0,0.06711415618145081,,,0.012688178956029847,0,0.4295547181782733,,0.06711415618145081,0.03513965614222604,1.6196645,,,,32.06262791891893,,,0.6575342465753424,73.0
0x709d4c607fa103fbc7cdf81f10b9a4878811cdfc,0.033469253182186014,0.010309103,0,20.643,1,1779879544,0.053691293406201525,0.05704699924408951,0.053691293406201525,0.053691293406201525,0.057046999244089514,0.0,0.053691293406201525,0.0,0.0,,0.053691293406201525,0.0,0.053691293406201525,,,0.0040042113265725075,0,0.4295547181782733,,0.053691293406201525,0.07505839408733431,18.939999999999998,2858954.0,2858954.0,3.889939738299039,13.055716156862744,2123993.0,0.0,0.5714285714285714,21.0
0xef8ca49fb4d2e919745c962f6b28bde4f091843b,0.033469253182186014,0.010309103,0,21.626,1,1779879544,0.05369129340620115,0.05704699924408915,0.05369129340620115,0.05369129340620115,0.057046999244089146,0.0,0.05369129340620115,0.0,0.0,,0.05369129340620115,0.0,0.05369129340620115,,,0.004004211326572383,0,0.4295547181782733,,0.05369129340620115,0.1029406910998483,3.616075,2857278.0,2857278.0,3.8876593451897445,13.038084047169809,2122317.0,0.0,0.5,20.0
0xbfccc586c262d94f42c5f4fa34465d20105312a6,0.033465664389353486,0.010283166,0,620.1840300000001,6,1779706351,0.0349513430366445,0.035479221704391516,0.0349513430366445,0.0349513430366445,0.08945383623135258,0.0,0.0349513430366445,0.0,0.0,7.874088292302996,0.055237193418428046,0.0,0.07552304380021158,,,-0.011983030889230716,1,0.4295547181782733,-0.19736160063901684,0.0349513430366445,0.007092914442104498,59.999994,23740828.0,23740828.0,42.26091197789835,98.00140183959766,23179060.0,0.0,0.7447833065810594,604.0
0xa8dc59656782581d3076679b36b8981223547d5f,0.03346480120157853,0.010276927,0,1.0,1,1780033241,-0.00335570583788724,-0.006711411675775231,-0.00335570583788724,-0.00335570583788724,-0.006711411675775231,-0.007115340285714279,-0.00335570583788724,0.0003999999999999993,0.0,,-0.00335570583788724,-0.0081,-0.00335570583788724,-0.0076999999999999595,0.00040000000000000625,,1,0.4295547181782733,-0.26860234891566354,-0.00335570583788724,0.2089948892559026,1.999999,8985646.0,8985646.0,10.11147820646413,4.504797842105264,8096988.0,,0.2857142857142857,14.0
0xc84f7e76ec28ef20e7773b7b4926bfb7378be0c5,0.03346467905045433,0.010276044,0,10207.858810000002,5,1779921421,0.06012600994233865,0.06348171578022663,0.06012600994233865,0.06012600994233865,0.14774432730776246,0.0,0.06012600994233865,0.0,0.0,,0.06012600994233865,0.0,0.06012600994233865,,,0.022236301466560186,0,0.4295547181782733,,0.06012600994233865,0.0,0.0,7611020.0,7611020.0,9.797435243898985,0.0,6834182.0,,,0.0
0x60892d8b2f2defef590e31d71b2cfb4e88c57c1e,0.033461514352489896,0.010253169,0,4.01,1,1779674303,-0.6610740500638601,-0.6644297559017481,-0.6610740500638601,-0.6610740500638601,-0.6644297559017481,-0.948400012025919,-0.6610740500638601,-0.7084000120259195,0.0,,-0.6610740500638601,-0.7252000313560075,-0.6610740500638601,-0.6844000120259193,-0.6844000120259193,,1,0.4295547181782733,0.07029751861674757,-0.6610740500638601,0.1944032442896246,3.7,69602471.0,69602471.0,131.39483311938383,90.07950956204381,69072751.0,0.0,0.3275862068965517,58.0
0x22e4248bdb066f65c9f11cd66cdd3719a28eef1c,0.03345841770685246,0.010230783,0,55.74612,1,1780000616,0.010067117513662483,0.013422823351550475,0.010067117513662483,0.010067117513662483,0.013422823351550475,0.0,0.010067117513662483,0.0,0.0,,0.010067117513662483,0.0,0.010067117513662483,,,0.0030180904218983892,0,0.4295547181782733,,0.010067117513662483,0.17299903176029272,39.55,33161941.0,33161941.0,38.73909183407649,697.6105473121019,32305908.0,,0.4642857142857143,28.0
0x11e1cc67c02ec2970d24ae472dbbda4866c59305,0.033454706502712206,0.010203953,0,9.397086,12,1779752680,0.008267037721368555,0.009246028928002395,0.008267037721368555,0.008267037721368555,0.07262632130517008,0.0,0.008267037721368555,0.0,0.2821098918439375,0.08173897273106226,0.07401905916433921,0.0,0.13977108060730986,,,0.20012708445607533,1,0.4295547181782733,-0.1195777276946013,0.008267037721368555,0.1110177260710713,1.0156040000000002,,,,1.755469906779661,,,0.5487804878048781,55.0
0x94bde001e4a00152490c60bebe2aab120e8c6184,0.03345164717405045,0.010181833,0,85.19789,1,1779754934,-0.6454853635522185,-0.6488410693901066,-0.6454853635522185,-0.6454853635522185,-0.6488410693901066,-0.9368429558795686,-0.6454853635522185,-0.637842967905487,0.0,,-0.6454853635522185,-0.6748173301351592,-0.6454853635522185,-1.4241754166200637,-1.3818429285832072,,1,0.4295547181782733,-0.005832161770967977,-0.6454853635522185,0.03365877126670874,16.772779999999997,14216210.0,14216210.0,23.291859929778113,312.73587613869466,13605859.0,,0.4954954954954955,110.0
0x37d1a233ddf1befa56cb1482d3c08c5a13d33859,0.03345054824659305,0.010173887,0,29.07,1,1779921481,0.10067117513662818,0.10402688097451618,0.10067117513662818,0.10067117513662818,0.10402688097451618,0.0,0.10067117513662818,0.0,0.0,,0.10067117513662818,0.0,0.10067117513662818,,,0.033105973684765914,0,0.4295547181782733,,0.10067117513662818,0.05407807438257116,19.6575,3423949.0,3423949.0,4.407205321676719,17.43368896103896,2647051.0,0.0,0.3333333333333333,30.0
0x77a8ccff2c8088600754872b07ececcd538e1076,0.03345054824659305,0.010173887,0,29.07,1,1779921481,0.10067117513662818,0.10402688097451618,0.10067117513662818,0.10067117513662818,0.10402688097451618,0.0,0.10067117513662818,0.0,0.0,,0.10067117513662818,0.0,0.10067117513662818,,,0.033105973684765914,0,0.4295547181782733,,0.10067117513662818,0.07359266791244805,18.7635,3180115.0,3180115.0,4.093349448704978,16.617709657534245,2403217.0,0.0,0.3333333333333333,27.0
0x810f6c51c0ed5723ef5babc274c805d697752168,0.03345054824659305,0.010173887,0,8.721,1,1779921481,0.10067117513662818,0.10402688097451618,0.10067117513662818,0.10067117513662818,0.10402688097451618,0.0,0.10067117513662818,0.0,0.0,,0.10067117513662818,0.0,0.10067117513662818,,,0.033105973684765914,0,0.4295547181782733,,0.10067117513662818,0.06985191037584837,16.6005,3420549.0,3420549.0,4.402828942795579,13.179028877551021,2643651.0,0.0,0.2608695652173913,23.0
0xee7ee3f488e208e7be6d8c54496638e85936bd88,0.03345019637048411,0.010171343,0,17.31083,1,1779845305,-0.17976393381487915,-0.18311963965276715,-0.17976393381487915,-0.17976393381487915,-0.18311963965276715,-0.2884454475600237,-0.17976393381487915,-0.2595792512806578,0.0,,-0.17976393381487915,-0.2615653258120356,-0.17976393381487915,-0.3966140371911786,-0.3952279604348037,,1,0.4295547181782733,-0.09115809529924174,-0.17976393381487915,0.02206293382318962,6.659996,50017004.0,50017004.0,71.37924026932221,7.819312533333332,49316282.0,0.0,0.5393258426966292,88.0
0xb3d7736055eefc5948890303e6410f755b6f7504,0.03344728013513121,0.010150255,0,104.008594,2,1779799313,2.0150528217057193e-05,2.1512050390496294e-05,2.0150528217057193e-05,2.0150528217057193e-05,0.002388066361440235,0.0,2.0150528217057193e-05,0.0,0.0,4.016720009998373,0.031057910789915474,0.0,0.06209567105161389,,,0.07117727792590531,1,0.4295547181782733,-0.22953337984963088,2.0150528217057193e-05,0.006154261473118483,99.999981,49998219.0,49998219.0,76.36463733141906,129.9934361528701,49343489.0,,0.7469879518072289,563.0
0x72f13795baf0bfc6714c3566fdf03ff95611595e,0.033444074787530614,0.010127074,0,2.999999,1,1779757419,-0.49664432684064536,-0.5000000326785333,-0.49664432684064536,-0.49664432684064536,-0.5000000326785333,-0.5251024573976355,-0.49664432684064536,-0.30969967275786553,0.0,,-0.49664432684064536,-0.3530996689070805,-0.49664432684064536,-1.0231995750153255,-0.9736995788661106,,1,0.4295547181782733,-0.008178433747794174,-0.49664432684064536,0.09605906500997607,2.95,18053026.0,18053026.0,29.45816825382321,278.4160673986964,17440190.0,,0.4236111111111111,136.0
0x648bad7080caa1a9931b2774b20e87eca75900ba,0.033443076541361326,0.0101198545,0,6.969996,5,1779669848,-0.2652825596420267,-0.26863826547991465,-0.2652825596420267,-0.2652825596420267,-0.6614982843944965,-0.22366261091137823,-0.2652825596420267,-0.20208333288867458,0.0,,-0.2652825596420267,-0.2131532397976651,-0.2652825596420267,-0.49780933910507275,-0.48700767231026554,,2,0.4295547181782733,0.07450381304602753,-0.2652825596420267,0.05313017887196499,2.1499995,,,,4.067928781249999,,,0.0,59.0
0x21a51469883e3c59bc8eb4a04b120f9d6d239a18,0.0334426136131757,0.010116506,0,9.469638,2,1779750577,0.00011271126674824162,0.00011612675650952776,0.00011271126674824162,0.00011271126674824162,0.007279938988431617,0.0,0.00011271126674824162,0.0,0.0,0.6718806236825217,0.05546782008077726,0.0,0.11082292889480627,,,0.11735069826667952,1,0.4295547181782733,-0.19184762545001685,0.00011271126674824162,0.026555795799978212,4.199998,8164887.0,8164887.0,13.473544292517747,4.425376543859649,7558893.0,,0.5352941176470588,148.0
0xa9b2e06e800c6a542885e28f908b4a34957a4897,0.03344005763985805,0.01009802,0,7.999999,1,1779922426,-0.17794179348284575,-0.18129749932073375,-0.17794179348284575,-0.17794179348284575,-0.18129749932073375,-0.3280563824955159,-0.17794179348284575,-0.3899000991266266,0.0,,-0.17794179348284575,-0.4044157552064683,-0.17794179348284575,-0.41985580316809895,-0.4059000991266266,,1,0.4295547181782733,-0.1639737255305549,-0.17794179348284575,0.038633839019836747,100.45999950000001,11733184.0,11733184.0,15.084257362989703,157.8714414318182,10955341.0,,0.28846153846153844,52.0
0xfb0a4c9b1ce2fe8925691cacbda075a4fae093c2,0.03343801042194961,0.010083212,0,1.56,1,1779921978,0.08389264594719002,0.08724835178507802,0.08389264594719002,0.08389264594719002,0.08724835178507802,0.0,0.08389264594719002,0.0,0.0,,0.08389264594719002,0.0,0.08389264594719002,,,0.026186756314059437,0,0.4295547181782733,,0.08389264594719002,0.04516048267578612,12.05,7703971.0,7703971.0,9.909982698628111,21.764190455078126,6926576.0,,0.3333333333333333,78.0
0xa1ff95f5a95ee4ff5f325c3ffcae62a9584c9a1d,0.03343552212069046,0.010065212,0,9.999999,1,1779766649,-0.4581362208813563,-0.46149192671924427,-0.4581362208813563,-0.4581362208813563,-0.46149192671924427,-0.5642613090437153,-0.4581362208813563,-0.18245375583229378,0.0,,-0.4581362208813563,-0.22565374380637496,-0.4581362208813563,-0.929322985203024,-0.8831279067182531,,1,0.4295547181782733,-0.01689315823314862,-0.4581362208813563,0.09728271949467039,39.999999,8490022.0,8490022.0,13.648104863471078,112.91058993043477,7867956.0,,0.5,40.0
0xf86e88f6ff872703af4699afeaf4fe9538acefbe,0.033434517684019165,0.010057946,0,3.0,1,1779846285,-0.1644295860564928,-0.1677852918943808,-0.1644295860564928,-0.1644295860564928,-0.1677852918943808,-0.24089999984272042,-0.1644295860564928,-0.21359997655194304,0.0,,-0.1644295860564928,-0.21463527655194303,-0.1644295860564928,-0.3761619273289795,-0.3736,,1,0.4295547181782733,-0.09208338565629995,-0.1644295860564928,0.030821118627621685,1.0,6561714.0,6561714.0,9.351140512639269,2.54529728125,5860012.0,0.0,0.5277777777777778,108.0
0xeb96bdba6045099c61f1c1bd01397ae0e534c5db,0.033432412606973834,0.010042717,0,4.995,1,1780042546,-3.725581885091884e-16,0.0033557058378876187,-3.725581885091884e-16,-3.725581885091884e-16,0.0033557058378876187,0.0,-3.725581885091884e-16,0.0,0.0,,-3.725581885091884e-16,0.0,-3.725581885091884e-16,,,-0.0001000000000000001,0,0.4295547181782733,,-3.725581885091884e-16,0.5937790572955023,68.69896,55136944.0,55136944.0,61.40224485864117,210.62893042857138,54238981.0,0.0,0.4,20.0
0x84ff25f4fd2c79e1908e2be22e8180cb375d78e3,0.03342471752295484,0.0099870395,0,84.52111,3,1779793419,-0.09566703916029984,-0.09789185402449309,-0.09566703916029984,-0.09566703916029984,-0.1698694791700973,-0.05181833177723006,-0.09566703916029984,-0.020317389838129626,0.0,0.5246500000000005,-0.090719391150386,-0.02128830935251811,-0.08577174314047217,-0.3066790166311101,-0.31250000000000033,0.06947717748219752,1,0.4295547181782733,-0.07680287633116709,-0.09566703916029984,0.055950260378553676,20.0,,,,39.231893295546556,,,0.5833333333333334,47.0
0xb7f2607cbc2f9bb7ec7caa94820dd70d18902fc1,0.03342446668244854,0.009985224,0,2.7,1,1779972338,-0.023489940865212933,-0.02684564670310093,-0.023489940865212933,-0.023489940865212933,-0.026845646703100925,-0.03639999999999909,-0.023489940865212933,-0.020715453000000855,0.0,,-0.023489940865212933,-0.02310000323070092,-0.023489940865212933,-0.0539000043875001,-0.052715452999999995,,1,0.4295547181782733,-0.2110993299198302,-0.023489940865212933,0.1178283116353013,24.032954,19545229.0,19545229.0,23.612335775682418,223.82609004629626,18717474.0,0.0,0.6029411764705882,68.0
0x03681e9d38034b949d876767b40abd0b7e00c7c4,0.03342305588324662,0.009975015,0,11.999975,1,1779865563,0.06711412223315662,0.0704698280710446,0.06711412223315662,0.06711412223315662,0.0704698280710446,0.0,0.06711412223315662,0.0,0.0,,0.06711412223315662,0.0,0.06711412223315662,,,0.018882242720435243,0,0.4295547181782733,,0.06711412223315662,0.140686584673924,6.196229499999999,7767207.0,7767207.0,10.77312408111182,6.068431299999999,7046227.0,,0.3,10.0
0x342d21c7a2226c09de3ea62c45d0f1c8912dfd8f,0.033422821527808996,0.009973319,0,0.574,1,1779693023,-0.2718121728688965,-0.27516787870678444,-0.2718121728688965,-0.2718121728688965,-0.27516787870678444,-0.09846545202591843,-0.2718121728688965,0.1663999879740819,0.0,,-0.2718121728688965,0.11155589000000075,-0.2718121728688965,-0.03837103855192755,0.00962894942215358,,1,0.4295547181782733,0.05262258444926812,-0.2718121728688965,0.06410085151379269,13.104,2674633.0,2674633.0,4.876801473269637,12.049432278481012,2126193.0,0.0,0.55,20.0
0x35f6436c09118df60d8611ce4babeef8e83e4f56,0.033416006995643684,0.009924,0,9.999998,1,1779906916,0.05369131121896295,0.05704701705685094,0.05369131121896295,0.05369131121896295,0.05704701705685094,0.0,0.05369131121896295,0.0,0.0,,0.05369131121896295,0.0,0.05369131121896295,,,0.012012640056765299,0,0.4295547181782733,,0.05369131121896295,0.059268228359028785,1.84815,39174568.0,39174568.0,51.38773737985893,9.657641482972135,38412235.0,,0.6045589692765114,1008.0
0xb4f2592e67c333e73c923547cfe05e768180e5fa,0.03341462510481103,0.009913998,0,4144.374,1,1779987963,-0.013422823351550102,-0.016778529189438094,-0.013422823351550102,-0.013422823351550102,-0.016778529189438094,-0.028220143884893006,-0.013422823351550102,-0.012099999999999157,0.0,,-0.013422823351550102,-0.016099999999999125,-0.013422823351550102,-0.031100000000000037,-0.028100000000000066,,1,0.4295547181782733,-0.2258520460719064,-0.013422823351550102,0.009891716354765226,45.0,19887873.0,19887873.0,23.58115321681804,344.7055679251497,19044493.0,,0.625,281.0
0x52e0ecdd5290680419c51aee186731e7d013844b,0.03341448923472499,0.009913014,0,27.58,1,1779918886,0.04697988173042629,0.05033558756831428,0.04697988173042629,0.04697988173042629,0.05033558756831428,0.0,0.04697988173042629,0.0,0.0,,0.04697988173042629,0.0,0.04697988173042629,,,0.011552222933551756,0,0.4295547181782733,,0.04697988173042629,0.06876948564971443,24.05,3177036.0,3177036.0,4.103091425449727,17.232432432432436,2402733.0,0.0,0.35714285714285715,28.0
0xcb5f207fb1653b7ff4d381adb4e9dfdc5c504f34,0.033413910763510093,0.009908827,0,3.995,1,1779745337,-0.6711411675775226,-0.6744968734154105,-0.6711411675775226,-0.6711411675775226,-0.6744968734154105,-0.7381992970853746,-0.6711411675775226,-0.4613000085423752,0.0,,-0.6711411675775226,-0.5025999965164563,-0.6711411675775226,-1.4535281510499258,-1.4133000120259185,,1,0.4295547181782733,0.003229074511366437,-0.6711411675775226,0.003095477534813976,4.64853,49097296.0,49097296.0,81.72612417062558,3.7758868460309003,48496542.0,0.0,0.6419437340153452,763.0
0x8a98109fb0f1d87d9bfcb4486ba3587b95c51b92,0.03341161781726195,0.009892229,0,38338.70209000003,579,1779659342,0.0003706556392280705,0.0004942075189707792,0.0003706556392280705,0.0003706556392280705,0.0025755892968702897,-0.008156393986668868,0.0003706556392280705,-0.0058153121830376376,0.2745175425678241,1.995640751633984,0.005558845574588576,-0.0059975239839447385,0.010747035509949081,-0.7308564033059299,-0.7259365663220962,0.11549701039622311,5,0.4295547181782733,0.08442330334322513,0.0003706556392280705,0.0,0.0,3688489.0,3688489.0,7.165467723730911,0.0,3173730.0,,,0.0
0xfd47e2f30ac97571e6e68f51bf4531b108af805a,0.03340551694257444,0.009848061,0,10.379218,2,1779805436,8.267562225047295e-05,8.50045079462499e-05,8.267562225047295e-05,8.267562225047295e-05,0.0045632557594810445,0.0,8.267562225047295e-05,0.0,0.0,0.382690833421399,0.029854295339651577,0.0,0.05962591505705268,,,0.05990282060651136,1,0.4295547181782733,-0.27274632787191716,8.267562225047295e-05,0.013643585837026823,41.699998,11587822.0,11587822.0,17.5346438617968,76.31312260802733,10926969.0,,0.6551724137931034,289.0
0x39a6626db3a258a609f234da483fa8c43aa6ebdd,0.033405294153971365,0.009846448,0,20.11763,2,1779924076,-8.179730126776499e-17,0.0007310532376000865,-8.179730126776499e-17,-8.179730126776499e-17,0.0015662693309968282,-0.05627542573679348,-8.179730126776499e-17,-0.08232088851809397,0.0,-18.487499999999997,-0.009514365676042373,-0.0880696638399211,-0.019028731352084667,-0.22493401867615284,-0.21049999999999996,,1,0.4295547181782733,-0.16553161235621414,-8.179730126776499e-17,0.09990460545654134,21.4516,23346721.0,23346721.0,29.951161844942803,289.82463707696445,22567228.0,0.0,0.3076923076923077,63.0
0xbf53834087e608405292655e981bce138684fc4b,0.03340393751553764,0.009836625,0,48.467,3,1779745183,0.039126735819866774,0.056808724273351714,0.039126735819866774,0.039126735819866774,0.134393540721412,0.0,0.039126735819866774,0.0,0.0,-0.05330769230769217,0.038266712097360815,0.0,0.037406688374854856,,,0.0559348111716177,1,0.4295547181782733,0.0033310452854095874,0.039126735819866774,0.08280760396288334,9.268999999999998,3242933.0,3242933.0,5.399488844488845,13.911242777777778,2642333.0,0.0,0.5483870967741935,31.0
0xa057b57632baf8d876d11f415f5e8c96c7caf288,0.03340098954752012,0.009815279,0,20.675345999999998,5,1779757556,-0.003715919520924726,-0.0041804094610403755,-0.003715919520924726,-0.003715919520924726,-0.011236281408836483,0.0,-0.003715919520924726,0.0,0.0,0.38148449066666673,0.039451895663272736,0.0,0.08261971084747019,,,0.10144369538172265,2,0.4295547181782733,-0.1622713801083345,-0.003715919520924726,0.01318385932172704,1.039999,7940330.0,7940330.0,12.953800575229252,1.8568395070422534,7327357.0,,0.58,183.0
0x1bbf4cd1f9e5862d050af01e3f1b318612a6c27c,0.03339991293299147,0.009807483,0,27.356,1,1779925984,0.07382552843352687,0.07718123427141485,0.07382552843352687,0.07382552843352687,0.07718123427141485,0.0,0.07382552843352687,0.0,0.0,,0.07382552843352687,0.0,0.07382552843352687,,,0.023079496858890554,0,0.4295547181782733,,0.07382552843352687,0.05833374678939718,14.976,3424682.0,3424682.0,4.382745862879623,14.681856163522015,2643281.0,0.0,0.23529411764705882,34.0
0x1ec6d95503c81c1f5dc83d006ba81dc1e22b7edb,0.033399460227295716,0.009804205,0,1540.4862099999998,14,1779751959,-0.03228571925456233,-0.034017993898254335,-0.03228571925456233,-0.03228571925456233,-0.06530781733252039,-0.03938838399791962,-0.03228571925456233,-0.03810550136305791,0.0,5.347276515258612,-0.004894151985656979,-0.043748277939633276,0.02249741528324837,-0.15046537873381507,-0.13546537873381506,0.13786609425733934,3,0.4295547181782733,-0.003121438694320889,-0.03228571925456233,0.05186292760908808,2.7185,7566456.0,7566456.0,12.45761439371987,40.25318433828462,6959080.0,0.0,0.5238095238095238,84.0
0x74d8112018e6765553c44bb3ad27a0f6e746eb49,0.03339623911437401,0.009780878,0,92.308,1,1779873188,-0.05704699924408877,-0.06040270508197676,-0.05704699924408877,-0.05704699924408877,-0.06040270508197676,-0.004780275853537071,-0.05704699924408877,0.017600000000000934,0.0,,-0.05704699924408877,-0.014199999999999097,-0.05704699924408877,-0.11139999999999921,-0.07839999999999915,,1,0.4295547181782733,-0.11748449430521553,-0.05704699924408877,0.022487978862799563,37.29535,4414423.0,4414423.0,6.058732783881527,36.16438920394737,3685818.0,,0.5217391304347826,76.0
0x6eb5828e4431904c2ba6c6204e3924a6e50e8353,0.033393781203300284,0.009763077,0,1.099999,1,1779833038,-0.17785225686374687,-0.18120796270163486,-0.17785225686374687,-0.17785225686374687,-0.18120796270163486,-0.22874462269706536,-0.17785225686374687,-0.13949962269706553,0.0,,-0.17785225686374687,-0.14533075041775645,-0.17785225686374687,-0.4031996226970655,-0.40349962269706546,,1,0.4295547181782733,-0.07957591488084054,-0.17785225686374687,0.001821690957538732,2.992909,5447255.0,5447255.0,7.912289111125636,2.990101957115009,4758800.0,,0.40096618357487923,799.0
0x2f779b5c6a2d41d87f2b00498c4b4e11a8c632cd,0.033391040209640094,0.009743224,0,87.79012500000002,24,1779875300,-0.014364624631654648,-0.03717535857652119,-0.014364624631654648,-0.014364624631654648,-0.1990704665628846,-0.03476106380201972,-0.014364624631654648,-0.016227780983529796,0.0,14.415258787397793,-0.011362433214084219,-0.03183624946550962,-0.00836024179651379,-0.12855456254489298,-0.11330347934249824,,2,0.4295547181782733,-0.11947858944205936,-0.014364624631654648,0.018543663106133274,30.638989,,,,63.17578246851385,,,0.5136612021857924,183.0
0xaaee04930c8cd53fa9dc9799899277fd0bfb0de0,0.03338750013990006,0.009717581,0,2.0,1,1779974061,-0.016778529269974644,-0.020134235107862632,-0.016778529269974644,-0.016778529269974644,-0.020134235107862632,-0.02548100019919999,-0.016778529269974644,-0.0034999966747224828,0.0,,-0.016778529269974644,-0.0072494736939349115,-0.016778529269974644,-0.03730000019920003,-0.03549999667472252,,1,0.4295547181782733,-0.21272614143535196,-0.016778529269974644,0.15406057690910954,24.999992499999998,19265899.0,19265899.0,23.226534037069097,190.05485531521737,18436421.0,0.0,0.5901639344262295,60.0
0xc4bb96ba9f577b4fe89e548c02620e7fa5ed5c00,0.03338705042501426,0.009714323,0,2.749999,1,1779684616,-0.42281880632668556,-0.4261745121645735,-0.42281880632668556,-0.42281880632668556,-0.4261745121645735,-0.47109969234611904,-0.42281880632668556,-0.2097128123461173,0.0,,-0.42281880632668556,-0.25711280032019845,-0.42281880632668556,-0.3770997153429351,-0.359099692346118,,1,0.4295547181782733,0.060560253869460415,-0.42281880632668556,0.15057396852839147,5.5999985,7421947.0,7421947.0,13.743506415348692,5.5167252499999995,6881914.0,,0.5,8.0
0x33c83ecee90b39515f9bf384dcf7a2abe3f6f5af,0.033386305284234453,0.009708925,0,0.483,1,1779925984,-0.07382552843352716,-0.07718123427141516,-0.07382552843352716,-0.07382552843352716,-0.07718123427141516,-0.09059999953967973,-0.07382552843352716,-0.14249751515141892,0.0,,-0.07382552843352716,-0.1565927392416649,-0.07382552843352716,-0.16823401867615284,-0.1543493071514189,,1,0.4295547181782733,-0.16733309603097646,-0.07382552843352716,0.050891969317740086,10.785499999999999,3427870.0,3427870.0,4.386825714325935,15.031003846153844,2646469.0,0.0,0.5294117647058824,34.0
0x250b3ac7bfc4a3b6319f64cd66bb8708735cda88,0.0333852140856477,0.00970102,0,9.287659,2,1779819035,-7.875120156953833e-06,-1.7423244008949848e-05,-7.875120156953833e-06,-7.875120156953833e-06,-0.0022240863510981476,-0.2393944371469151,-7.875120156953833e-06,-0.12081169689028447,0.0,-2.7116026076472006,-0.016047189525287865,-0.12206371892261418,-0.03208650393041877,-0.5983737343292882,-0.5936084873402098,,1,0.4295547181782733,-0.06635464868707908,-7.875120156953833e-06,0.006048746235403357,5.449999,8576452.0,8576452.0,12.71617846785242,12.07526329704142,7902000.0,,0.5236051502145923,466.0
0x1137007b7133aeecf66e4c456c5663b4f12b4ed5,0.03338376117886655,0.009690494,0,9.999999,1,1779789847,-0.32983028225493316,-0.33318598809282113,-0.32983028225493316,-0.32983028225493316,-0.33318598809282113,-0.45600225347319856,-0.32983028225493316,-0.254583310715809,0.0,,-0.32983028225493316,-0.2602833463602367,-0.32983028225493316,-0.6269019430091739,-0.6263018549099154,,1,0.4295547181782733,-0.038796102828083885,-0.32983028225493316,0.0038537157472317545,54.9427,24043818.0,24043818.0,37.26198579186194,89.40180191514501,23398554.0,,0.5662020905923345,565.0
0x279c5de35108afc30b99f09e595555b428e92b82,0.03338335136272236,0.009687525,0,363.23090700000006,43,1779659559,-0.0054790569108669335,-0.008953207023539685,-0.0054790569108669335,-0.0054790569108669335,-0.029125211404901232,-0.07045996817272275,-0.006706615350662892,-0.04284335576931135,0.2904216692620264,-1.5892385888010212,-0.019254289765728877,-0.05289515510722444,-0.03302952262059082,-0.5243180054210471,-0.5130869994045971,0.15543399427407745,5,0.4295547181782733,0.0842184176213051,-0.0054790569108669335,0.0,0.0,1759097.0,1759097.0,3.4158815168085503,0.0,1244121.0,0.0,,0.0
0xfb75badb439e5134b6a8b81f915c92929d52d717,0.0333827282920878,0.009683011,0,14.999998000000001,2,1779821833,-0.2542531516453017,-0.25760885748318973,-0.2542531516453017,-0.2542531516453017,-0.35889527290325396,-0.436772604582481,-0.2542531516453017,-0.24459425915098967,0.0,,-0.2542531516453017,-0.24611508289122935,-0.2542531516453017,-0.5758485431573455,-0.5742949426039515,,1,0.4295547181782733,-0.06899644707386367,-0.2542531516453017,0.009710943962426572,5.293309,2714763.0,2714763.0,4.008509413067553,14.74422659343237,2037513.0,0.0,0.3978685612788632,562.0
0x64df62093f067abd9e151e13309a53e2eb13fa8f,0.03337582140580029,0.009632966,0,2.893629,2,1779725230,4.201722493170973e-05,-4.697866636227327e-05,4.201722493170973e-05,4.201722493170973e-05,-0.0033219348135801047,0.265053301726243,4.201722493170973e-05,0.03300685822899556,0.0,0.894030909636082,0.026298186139022666,-0.0002731669224655598,0.05255435505311362,-0.11230175108269842,-0.053999483315871205,,1,0.4295547181782733,0.02221357778623338,4.201722493170973e-05,0.036856688669961675,1.045139,4121605.0,4121605.0,7.098297244280949,2.1192098010471203,3540958.0,0.0,0.31868131868131866,91.0
0x2f4d77a7045ba6a4bebd2986744af529e702e79b,0.03337571961743697,0.009632228,0,2.060569,2,1779790144,0.0008595843863600735,0.0012279776948001056,0.0008595843863600735,0.0008595843863600735,0.01925787819909774,0.0,0.0008595843863600735,0.0,0.0,0.06866999999999994,0.02717831981143001,0.0,0.053497055236499946,,,0.08124121631456474,1,0.4295547181782733,-0.1008557047455121,0.0008595843863600735,0.024485611151332107,1.84,6344293.0,6344293.0,9.827565481805747,4.094373563118812,5698732.0,0.0,0.6226415094339622,158.0
0x75c70b1607086cffb1ae6efd62721b13ca2d8f7d,0.033375183048632524,0.00962834,0,0.736,1,1779943921,-0.00335570583788724,-0.0067114116757752305,-0.00335570583788724,-0.00335570583788724,-0.006711411675775231,0.021400002058000037,-0.00335570583788724,0.1057748097717255,0.0,,-0.00335570583788724,0.0925748097717255,-0.00335570583788724,-0.005599999999999994,0.0061000000000000065,,1,0.4295547181782733,-0.18426874208664307,-0.00335570583788724,0.02639057272316469,55.944,18383008.0,18383008.0,22.997790671780898,42.15623642857142,17583670.0,,0.1016949152542373,59.0
0x8d4badbcf38959da35a99e8cc6a5d5abad6c07cb,0.0333751780364123,0.009628303,0,2514.8173600000005,7,1779754135,-0.5343371554438429,-0.537692861281731,-0.5343371554438429,-0.5343371554438429,-1.1615748793560234,-0.5719858707929595,-0.5343371554438429,-0.23963963795144616,0.0,,-0.5343371554438429,-0.27715076942882977,-0.5343371554438429,-1.168632454908348,-1.1207398067114827,,1,0.4295547181782733,-0.005077766877815408,-0.5343371554438429,0.17265154082096637,3.69863,17322764.0,17322764.0,28.41884531590414,61.34193912694878,16713212.0,,0.21428571428571427,70.0
0x83663086125ebb9c9a15a2796b66e4d26c2824fe,0.033374811118161776,0.009625644,0,9.464748,2,1779682423,0.0002698267549847145,0.00028135780143038054,0.0002698267549847145,0.0002698267549847145,0.010732516006565735,0.0,0.0002698267549847145,0.0,0.0,0.5908505871923486,0.04931334506310395,0.0,0.09835686337122318,,,-0.01002392202896834,1,0.4295547181782733,-0.1752320543239857,0.0002698267549847145,0.0010966287532702783,8.676314999999999,29447801.0,29447801.0,54.751972705637364,11.051274243032788,28909961.0,,0.8939828080229226,1379.0
0x6a01f617d06598ea426a651f7a61a3210e6a7900,0.03337477461932636,0.00962538,0,3.3,1,1779972247,-0.023489940865212933,-0.026845646703100922,-0.023489940865212933,-0.023489940865212933,-0.026845646703100922,-0.03639999999999909,-0.023489940865212933,-0.020715453000000855,0.0,,-0.023489940865212933,-0.023100003230700925,-0.023489940865212933,-0.05432046678635547,-0.052715452999999995,,1,0.4295547181782733,-0.2110134101009605,-0.023489940865212933,0.11457259561459313,24.10704,19651940.0,19651940.0,23.743862243615766,258.2881712564103,18824276.0,0.0,0.5342465753424658,73.0
0x872f6b1f4ac7a1ceb622736280b6f0616635825f,0.03337296501940373,0.009612266,0,1.7776290000000001,3,1779852398,-1.9129153896632066e-06,-8.608149351908737e-06,-1.9129153896632066e-06,-1.9129153896632066e-06,-0.0008831378605597804,-0.01156592755937549,-1.9129153896632066e-06,-0.013493757462263145,0.0,-0.11108950059490455,-0.002518441865199961,-0.018351631457864243,-0.005034970815010259,-0.10359977612409882,-0.09898495112409883,,1,0.4295547181782733,-0.09785512030190903,-1.9129153896632066e-06,0.030808381250683827,1.353539,,,,1.8613110232558139,,,0.0,41.0
0xff9152ac8cb6260419ea8940248177083aceab3a,0.03337294625691516,0.00961213,0,1925.65537,2,1779705780,-0.2948798024675501,-0.2982355083054381,-0.2948798024675501,-0.2948798024675501,-0.3856188068775881,-0.20576525613583518,-0.2948798024675501,-0.174286613169453,0.0,,-0.2948798024675501,-0.21795735191993798,-0.2948798024675501,-0.26535783989334316,-0.23885190919647697,,2,0.4295547181782733,0.040577758852337824,-0.2948798024675501,0.03777802302461608,80.4712,,,,148.6756092136326,,,0.5656565656565656,95.0
0x38e7182e523ef5d116d219c0903c26f51b7c30b8,0.03337156595683754,0.009602127,0,1.039999,1,1779822245,-0.24832202025539268,-0.25167772609328065,-0.24832202025539268,-0.24832202025539268,-0.25167772609328065,-0.3840402033097191,-0.24832202025539268,-0.23074629049949097,0.0,,-0.24832202025539268,-0.23249935150601522,-0.24832202025539268,-0.5627696246287563,-0.561316563622232,,1,0.4295547181782733,-0.06938544669336161,-0.24832202025539268,0.03183472240731956,1.499999,7422680.0,7422680.0,10.953366132378678,1.94062020802005,6745018.0,,0.3894736842105263,95.0
0x1b6d2c77ae810360b35921ab2c9179ddda273ec5,0.03337031010000286,0.009593025,0,3.999999,1,1779971837,-0.026845639182963756,-0.03020134502085175,-0.026845639182963756,-0.026845639182963756,-0.03020134502085175,-0.04229998139969907,-0.026845639182963756,-0.029015434399699943,0.0,,-0.026845639182963756,-0.031528365249830506,-0.026845639182963756,-0.06249998139969997,-0.061015434399699975,,1,0.4295547181782733,-0.21062629882913003,-0.026845639182963756,0.03132775337020263,29.28,,,,355.2040682068966,,,0.5149253731343284,134.0
0x374023fb5533e939730c0438e139a2c5397e9dcf,0.03336971257849315,0.009588694,0,12.415676,3,1779798555,0.0001476518336641558,0.00018399647802101095,0.0001476518336641558,0.0001476518336641558,0.007071983379186181,0.0,0.0001476518336641558,0.0,0.0,0.4238015203273856,0.02739440324561523,0.0,0.054641154657566304,,,0.07594585121607336,1,0.4295547181782733,-0.16001008377654427,0.0001476518336641558,0.030151829314909163,4.1915,18182274.0,18182274.0,27.802832537172847,3.5940248016983016,17528302.0,,0.6433566433566433,855.0
0x1e897b282d65b1be3f29533408b3c7e9b3450cc1,0.03336752766520652,0.009572858,0,10.578818,2,1779784709,0.0002866255125269128,0.0002920850453002226,0.0002866255125269128,0.0002866255125269128,0.010240909367034682,0.0,0.0002866255125269128,0.0,0.0,0.5869500858601983,0.044294442888526,0.0,0.08830226026452508,,,0.10123499589963766,1,0.4295547181782733,-0.27911950124961404,0.0002866255125269128,0.004042649076097376,5.4998854999999995,5930470.0,5930470.0,9.264535419589269,5.884656710526315,5290344.0,0.0,0.5670731707317073,328.0
0x3e59f2c319b3a0d9574fb94fb0045aea801db2be,0.03336683177028844,0.009567814,0,4.999999,1,1779823223,-0.22535198115804259,-0.22870768699593058,-0.22535198115804259,-0.22535198115804259,-0.22870768699593058,-0.3789900241795537,-0.22535198115804259,-0.15677612881918962,0.0,,-0.22535198115804259,-0.1612235356081302,-0.22535198115804259,-0.49098540085777176,-0.4927764008577718,,1,0.4295547181782733,-0.07030884870275236,-0.22535198115804259,0.0031673097238059857,68.68485,11041697.0,11041697.0,16.270330366615585,93.77539413649157,10363057.0,,0.28085642317380355,794.0
0xdafa6039d1ec95c5b541394748fb1cbce48b9f46,0.033364783098967586,0.009552964,0,25.2948,1,1779836987,-0.17444268060084528,-0.17779838643873325,-0.17444268060084528,-0.17444268060084528,-0.17779838643873325,-0.21744053051905643,-0.17444268060084528,-0.23219625965301888,0.0,,-0.17444268060084528,-0.23180898766948846,-0.17444268060084528,-0.3417180803651451,-0.3456053476166277,,1,0.4295547181782733,-0.08330445735025167,-0.17444268060084528,0.005794740837524067,3.999998,15740704.0,15740704.0,22.733409974523543,7.947670463041184,15048300.0,,0.4675324675324675,457.0
0xdf59c7f09a1f0fe407a9fb48f7282012398adeb0,0.033363757074423,0.0095455265,0,431.619796,2,1779760309,7.98227002100352e-06,8.217042667937798e-06,7.98227002100352e-06,7.98227002100352e-06,0.0019647791069208466,0.0,7.98227002100352e-06,0.0,0.0,31.626800099996487,0.05705398391072701,0.0,0.11409998555143303,,,0.11336372952083144,1,0.4295547181782733,-0.19054466555946548,7.98227002100352e-06,0.029050711249974354,6.799998,8748998.0,8748998.0,14.209239174567909,22.210204099481377,8133272.0,,0.4864864864864865,106.0
0x09d28b5751be5c31ead3a7b68a5726c414c326ae,0.03336246231758062,0.009536141,0,244.999999,1,1779811991,-0.30525451534112846,-0.30861022117901643,-0.30525451534112846,-0.30525451534112846,-0.30861022117901643,-0.4519230988386027,-0.30525451534112846,-0.29915923253743715,0.0,,-0.30525451534112846,-0.30044865647156777,-0.30525451534112846,-0.5525856335943862,-0.5531336748717471,,1,0.4295547181782733,-0.059703888202264695,-0.30525451534112846,0.10126556661054492,3.0,15056560.0,15056560.0,22.559753554047898,27.267892388096406,14389152.0,0.0,0.49204545454545456,874.0
0x69aa9fa621403e3a121b29ad77d32ba9eb5e8847,0.03336190334398283,0.009532088,0,78438.24260999999,5,1779937562,0.006055314582013793,0.009411020419901784,0.006055314582013793,0.006055314582013793,0.019268818295767858,0.0,0.006055314582013793,0.0,0.0,,0.006055314582013793,0.0,0.006055314582013793,,,0.0010030075175394967,0,0.4295547181782733,,0.006055314582013793,0.04661402154813762,118.91009,169953328.0,169953328.0,214.322608795441,3118.094359288303,169160349.0,,0.8272727272727273,109.0
0xf2ee7931a16b9d3042ca1d88bca60323ef05bdff,0.03336158538441034,0.009529783,0,1.0,1,1779787631,-0.33221487795087357,-0.3355705837887616,-0.33221487795087357,-0.33221487795087357,-0.3355705837887616,-0.4246996081029809,-0.33221487795087357,-0.18086282782212063,0.0,,-0.33221487795087357,-0.18446282782212062,-0.33221487795087357,-0.6450298814799786,-0.6491,,1,0.4295547181782733,-0.03670381361253183,-0.33221487795087357,0.00889864987474354,9.4,28511865.0,28511865.0,44.338626354486756,18.793105632063074,27868817.0,,0.6025236593059937,317.0
0xa1ed2ae1eaaa057b6d09204cbb0808ef78a4e774,0.033360096858648165,0.009518992,0,30242.696193999996,8,1779927277,-0.00514627953476111,-0.005718088371956867,-0.00514627953476111,-0.00514627953476111,-0.013852155980688619,0.0,-0.00514627953476111,0.0,0.0,-11.772241082500024,-0.006442760525398802,0.0,-0.007739241516036495,,,0.002609772558716977,1,0.4295547181782733,-0.1771213461652852,-0.00514627953476111,0.029788026220793296,90.0,26860262.0,26860262.0,34.31770525901565,720.8350986745435,26077568.0,,0.6329113924050633,79.0
0x63e30d708e4f5ad12581730e5fbaf0e53646f341,0.03335993499641726,0.009517819,0,136.385299,2,1779756789,2.7919597710341216e-07,2.836028729748568e-07,2.7919597710341216e-07,2.7919597710341216e-07,0.00024747775823963575,-0.3932710455113855,2.7919597710341216e-07,-0.18250830177323973,0.0,-63.61479456619413,-0.04719564261144223,-0.20035147507584994,-0.09439156441886157,-1.2594540037718465,-1.2130170698534553,,1,0.4295547181782733,-0.007583604232542462,2.7919597710341216e-07,0.02520248543770051,99.999999,,,,254.47337276897136,,,0.3472222222222222,144.0
0x852945c373cb383a3ebd714b174fcc87da9306fd,0.03335981899561821,0.009516978,0,3.0,1,1779973256,-0.016778529189437702,-0.020134235027325694,-0.016778529189437702,-0.016778529189437702,-0.020134235027325694,-0.027800000000000002,-0.016778529189437702,-0.00385860811005342,0.0,,-0.016778529189437702,-0.007099993669204642,-0.016778529189437702,-0.0376,-0.03585860811005345,,1,0.4295547181782733,-0.211966081499197,-0.016778529189437702,0.1517024911505473,23.999979000000003,18949762.0,18949762.0,22.86759916155106,181.7745508673469,18121089.0,0.0,0.5166666666666667,60.0
0xdaa59ce7b7aad0da727e527653866e46f4051a17,0.03335873826713342,0.0095091425,0,14.76,1,1779878189,0.050335587568313904,0.0536912934062019,0.050335587568313904,0.050335587568313904,0.0536912934062019,0.0,0.050335587568313904,0.0,0.0,,0.050335587568313904,0.0,0.050335587568313904,,,0.007995912975348712,0,0.4295547181782733,,0.050335587568313904,0.11402034664018575,9.96159,,,,13.272084959999999,,,0.5294117647058824,17.0
0x7d58986f00b3c00e9b24d02f8e35381ca154cfcc,0.03335701351350901,0.009496638,0,1068.288748,3,1779763698,2.4173929124831337e-06,2.4374916418310812e-06,2.4173929124831337e-06,2.4173929124831337e-06,0.0009959803631565997,0.0,2.4173929124831337e-06,0.0,0.0,34.14737069170709,0.05034857067055416,0.0,0.10069472394819584,,,0.07910947521211624,1,0.4295547181782733,-0.25826553378395606,2.4173929124831337e-06,0.04938506165755739,20.579914000000002,11006892.0,11006892.0,17.778428886394288,103.54884044283537,10387777.0,,0.32460732984293195,189.0
0x21a270a2eaa2eddee64e6864a11f4c2ebfc8866d,0.03335642842449832,0.009492395,0,108.24,1,1779889794,0.050335587568313904,0.0536912934062019,0.050335587568313904,0.050335587568313904,0.0536912934062019,0.0,0.050335587568313904,0.0,0.0,,0.050335587568313904,0.0,0.050335587568313904,,,0.006046934745011537,0,0.4295547181782733,,0.050335587568313904,0.03827725133878989,7.293,55148070.0,55148070.0,74.0032957108792,20.188332902896775,54402859.0,0.0,0.5714285714285714,101.0
0xc798197ae9aff808af4406320f31d822ae788aab,0.03335560443559311,0.009486421,0,13.412438,3,1779921306,-5.179295746532237e-06,-5.8702821770380025e-06,-5.179295746532237e-06,-5.179295746532237e-06,-0.0011742766325550922,-0.2491061830437905,-5.179295746532237e-06,-0.247706147570084,0.0,-10.586958240087963,-0.02591072542284569,-0.25075622481818266,-0.05181627154994485,-0.5566999168399982,-0.5513999147866648,,1,0.4295547181782733,-0.16291625083677405,-5.179295746532237e-06,0.04389118134911897,4.999999,1619999.0,1619999.0,2.085684343066962,12.368575204022989,843276.0,0.0,0.3902439024390244,76.0
0x610d7c7bc507793cf55fb497d2620cc09d236c37,0.033354051305264136,0.009475159,0,4.70495,1,1779662408,-0.898324944188916,-0.901680650026804,-0.898324944188916,-0.898324944188916,-0.901680650026804,-1.243047020809069,-0.898324944188916,-1.0037770312853762,0.0,,-0.898324944188916,-1.0037770312853762,-0.898324944188916,-1.1330087753623808,-1.1330087753623808,,1,0.4295547181782733,0.08152846636900013,-0.898324944188916,0.0029729765313750243,9.264,7957978.0,7957978.0,15.368083812098682,14.106733801548208,7440153.0,,0.5721040189125296,845.0
0x8f2f4cc2d2e0000deaa5e61b0d69d46c80275521,0.03334933107568162,0.009440931,0,2.0,1,1779876805,-0.06711411767385964,-0.07046982351174763,-0.06711411767385964,-0.06711411767385964,-0.07046982351174763,-0.054600000705735716,-0.06711411767385964,0.02694015769644381,0.0,,-0.06711411767385964,-0.00839785529820059,-0.06711411767385964,-0.13609999789929847,-0.10090000226589999,,1,0.4295547181782733,-0.12089957106182733,-0.06711411767385964,0.055218758747175065,1.999999,,,,2.3461706666666666,,,0.038461538461538464,26.0
0xfe5bdb4e99c637c53a7eea83ea1e6b72da6ababf,0.03334650076277733,0.009420404,0,11.34383,1,1779753954,-0.49664446400736645,-0.5000001698452544,-0.49664446400736645,-0.49664446400736645,-0.5000001698452544,-0.4678999999999993,-0.49664446400736645,-0.2527208476318962,0.0,,-0.49664446400736645,-0.29922083560597734,-0.49664446400736645,-1.0170999765519422,-0.9656999885778611,,1,0.4295547181782733,-0.004906871413909758,-0.49664446400736645,0.021352851880386135,3.858124,14988475.0,14988475.0,24.596633249695177,13.00027005076142,14379104.0,,0.7242921013412816,671.0
0x09705c0b0a5a7359f5c94688687fc73447e65ae4,0.033345269443598266,0.009411474,0,2.8,1,1779923915,-0.09060405762296524,-0.09395976346085323,-0.09060405762296524,-0.09060405762296524,-0.09395976346085323,-0.12730001530403004,-0.09060405762296524,-0.19390000000000085,0.0,,-0.09060405762296524,-0.20920000000000086,-0.09060405762296524,-0.20873401867615282,-0.19389999999999996,,1,0.4295547181782733,-0.16537960036898314,-0.09060405762296524,0.0735233947616161,4.56456,49749889.0,49749889.0,63.83657927558473,9.618993787341772,48970557.0,0.0,0.42857142857142855,28.0
0x63b10df4bfa6d03b909ae728ee79964a594c1676,0.03334027347844319,0.009375236,0,2123.99575,2,1779662380,0.0,0.0,0.0,0.0,0.0,0.0,0.0,0.0,1.0,138.01175000000003,0.043724210269267955,0.0,0.08744842053853591,,,0.2608244307367273,1,0.4295547181782733,-0.0010725814751205475,0.0,0.0736809583682964,3.104,48849849.0,48849849.0,94.34169954634731,60.641424462816445,48332052.0,,0.5714285714285714,37.0
0x0562e01b3c3e65bb93bf0de32f02cec238a79d66,0.033334482863934374,0.009333228,0,320.00152,2,1779890166,-0.07388165076118491,-0.07723735659907291,-0.07388165076118491,-0.07388165076118491,-0.10650948722886452,-0.0904200146469217,-0.07388165076118491,-0.022566316222694897,0.0,,-0.07388165076118491,-0.04873542556287414,-0.07388165076118491,-0.18849760942554594,-0.16215111947746239,,1,0.4295547181782733,-0.13351467765433228,-0.07388165076118491,0.07649571949333894,15.057,35532471.0,35532471.0,47.65729771199182,191.39024787395957,34786888.0,0.0,0.3157894736842105,57.0
0xbdc34b2871c48b5a2d37a4089dafb26b2d6fb159,0.033334407512495785,0.009332681,0,6.3549999999999995,3,1779752617,0.013569431859030617,0.016892558028589598,0.013569431859030617,0.013569431859030617,0.02255948416977774,-0.005180392022982786,0.013569431859030617,-0.0026159360611127743,0.0,-1.0899999999999999,0.012681635897065205,-0.0027615671193850205,0.011793839935099791,-1.6612046233217808,-1.6255046353476996,-8.673617379884036e-20,1,0.4295547181782733,-0.0036445109982089024,0.013569431859030617,0.1016962287709017,4.035,4123300.0,4123300.0,6.781364200028288,6.190897223404256,3515266.0,,0.6462264150943396,208.0
0xc8cd29b308ef309488958f6e92614ec2fedeed53,0.03333364386639441,0.009327141,0,5.399864,5,1779920856,-0.09564093994310349,-0.09803196557932481,-0.09564093994310349,-0.09564093994310349,-0.11613617973204406,-0.21311697009415784,-0.09564093994310349,-0.20233462156768386,0.0,-0.019831748717582504,-0.0978042165019738,-0.21481471624296258,-0.09996749306084408,-0.3139997103349844,-0.30029970318276183,,1,0.4295547181782733,-0.16249137261159427,-0.09564093994310349,0.06661685066220549,2.0,10248798.0,10248798.0,13.202569199237898,4.845527125,9472525.0,,0.3829787234042553,47.0
0x6e3949d5c1cd57228e552b1f70d282604245d8a9,0.033332514923148045,0.00931895,0,85.017,3,1779702851,0.030653807260703613,0.03510294533790305,0.030653807260703613,0.030653807260703613,0.10437700601770361,0.0,0.030653807260703613,0.0,0.0,2.0439999999999987,0.04992083740857519,0.0,0.06918786755644676,,,-0.005634669716957441,1,0.4295547181782733,-0.1240493349711602,0.030653807260703613,0.09408840373589504,1.431,2690123.0,2690123.0,4.81869460545831,9.340245283018866,2131855.0,0.0,0.3333333333333333,18.0
0x27db695d6f88372e73a0b15a197eedbee2feaf68,0.03332743353110499,0.009282079,0,107.96302,2,1779768520,-0.3411726293381946,-0.3435156119208623,-0.3411726293381946,-0.3411726293381946,-0.41110607178572983,-0.5053917126993688,-0.3411726293381946,-0.2953199457082807,0.0,-9.808143827229276,-0.35141614817366545,-0.3250191228218291,-0.36165966700913627,-1.0193716247629556,-0.9958017388499545,,1,0.4295547181782733,-0.018659707476062833,-0.3411726293381946,0.03241570478917754,16.083025,9962188.0,9962188.0,15.966656890038578,60.31343994464944,9338251.0,,0.5164835164835165,90.0
0xd3de5841d93c211eeda91628127e84fed4b4fe0e,0.03332562499787175,0.009268954,0,11.9575,1,1779757902,-0.5316556615826608,-0.5350113674205488,-0.5316556615826608,-0.5316556615826608,-0.5350113674205488,-0.5500100000000001,-0.5316556615826608,-0.3002263764866093,0.0,,-0.5316556615826608,-0.3212263644606904,-0.5316556615826608,-1.1084099061082449,-1.0602965848008303,,1,0.4295547181782733,-0.008634469709487154,-0.5316556615826608,0.00840505606268457,5.5815,9589820.0,9589820.0,15.635941492110957,11.558990075288685,8976501.0,,0.51985559566787,772.0
0x9fc36772491ded047002ae4db2f442b9bae31f1f,0.03332468778577447,0.009262153,0,9.299997999999999,2,1779753515,-0.2780512043945386,-0.2814069102324266,-0.2780512043945386,-0.2780512043945386,-0.43846808838732326,-0.33756531673974555,-0.2780512043945386,-0.0042796057897880905,0.0,,-0.2780512043945386,-0.01530191401902723,-0.2780512043945386,-0.7341510111028385,-0.7111905331987014,,2,0.4295547181782733,-0.004492379100901025,-0.2780512043945386,0.16935418670954558,14.999999,2500085.0,2500085.0,4.105688319878082,38.84799788135593,1891153.0,0.0,0.35,40.0
0xb27ff7ea57b0fb35166cb27137b218ceda5a0977,0.0333220352913685,0.0092429025,0,2.5,2,1779964879,-0.029672894928722396,-0.03302860076661039,-0.029672894928722396,-0.029672894928722396,-0.046434388818161663,-0.047814173228346975,-0.029672894928722396,-0.03971349156396706,0.0,,-0.029672894928722396,-0.04360787401574802,-0.029672894928722396,-0.0711923076923077,-0.06648593566558494,,1,0.4295547181782733,-0.2040567372940167,-0.029672894928722396,0.08245183913004894,34.99999,19794647.0,19794647.0,24.131102675131903,323.69721522123893,18974351.0,0.0,0.42857142857142855,70.0
0xbe3d1ad2720c94e25c60996426b9c92a9deb1653,0.03331924968592706,0.009222684,0,10.363049,2,1779815584,0.00020530748402990717,0.00022018483626798675,0.00020530748402990717,0.00020530748402990717,0.007394375953567869,0.0,0.00020530748402990717,0.0,0.0,0.37191004192558486,0.029122610163060333,0.0,0.05803991284209076,,,0.06404512999461423,1,0.4295547181782733,-0.22649974932184713,0.00020530748402990717,0.05257304035596656,3.03107,9591055.0,9591055.0,14.293652319445128,3.7190891237113406,8920054.0,,0.5192307692307693,52.0
0x5b5e047ddd5e553cbaee58730e39f9801de130d3,0.03331896163001818,0.009220594,0,270.859696,3,1779761733,1.5132523532193083e-06,2.3700471906779237e-06,1.5132523532193083e-06,1.5132523532193083e-06,0.0005744551724139235,0.0,1.5132523532193083e-06,0.0,0.0,12.864403561425174,0.03746889566600479,0.0,0.07493627807965636,,,0.06615726377429702,1,0.4295547181782733,-0.19601804127361497,1.5132523532193083e-06,0.06871946089043836,19.564999999999998,8288863.0,8288863.0,13.430872559345378,33.973608340000006,7671713.0,,0.53125,32.0
0x24ea7cc6e15df2ee0d0105c819050af93e6b8665,0.033318126473939357,0.009214532,0,79.34815900000001,5,1779822861,-0.11965651175712574,-0.12262650254360236,-0.11965651175712574,-0.11965651175712574,-0.2691850713734324,-0.2648076162538167,-0.11965651175712574,-0.09324102411977171,0.0,-1.4619999999999989,-0.12937919115649016,-0.09739632294099286,-0.13910187055585457,-0.3312188124123195,-0.3280211545794608,,3,0.4295547181782733,-0.06996705777494105,-0.11965651175712574,0.0033492877182370634,1.51125,,,,2.244984790504451,,,0.43291995490417134,817.0
0xffeafb3a833da1d324af43edd7f106fe138a06c0,0.03331727453035286,0.009208348,0,1922.1261100000002,19,1779674111,-0.031014559793196228,-0.03265337183214014,-0.031014559793196228,-0.031014559793196228,-0.06567472912694461,-0.09139621400336204,-0.031014559793196228,-0.04405102951284106,0.0,4.610439451282157,-0.010526648503704075,-0.055876653637307164,0.009961262785788079,-0.25535823180653944,-0.2248082398238187,0.1404292169880246,3,0.4295547181782733,0.07047879999282428,-0.031014559793196228,0.06260410580353469,0.63201,10247606.0,10247606.0,19.35234019730779,27.402253819597988,9718078.0,0.0,0.4444444444444444,61.0
0x3f02f38c48f4f209732e3b0af6998804aa604821,0.033316997653216024,0.009206338,0,4.9,1,1779877670,-0.063758410919864,-0.067114116757752,-0.063758410919864,-0.063758410919864,-0.067114116757752,-0.01869999999999924,-0.063758410919864,0.023900000000000768,0.0,,-0.063758410919864,-0.016199999999999264,-0.063758410919864,-0.1279999870639946,-0.08809999999999922,,1,0.4295547181782733,-0.12171628142800628,-0.063758410919864,0.009593957578320971,1.0008,4929749.0,4929749.0,6.724643869008726,1.8210896338028169,4196662.0,0.0,0.515,194.0
0x5c7f42f12db31f48da4f05a7a712674e1bb809ef,0.03331386068010189,0.009183566,0,67.999999,1,1779923504,-0.1135524370929742,-0.1169081429308622,-0.1135524370929742,-0.1135524370929742,-0.1169081429308622,-0.1772605025001161,-0.1135524370929742,-0.2466395191312259,0.0,,-0.1135524370929742,-0.26499277954830613,-0.1135524370929742,-0.27249277901748603,-0.2546395191312259,,1,0.4295547181782733,-0.1649915449233189,-0.1135524370929742,0.03731990312446346,22.541,8419826.0,8419826.0,10.809602000716376,41.386485575581396,7640905.0,,0.22077922077922077,77.0
0xf438f0e1f53daf7c7dd4fc73aa14b71ba9969901,0.03331361269549594,0.009181766,0,4.0258199999999995,2,1779826444,-0.19595777418991844,-0.19931348002780644,-0.19595777418991844,-0.19595777418991844,-0.28187182661910287,-0.30907139051426047,-0.19595777418991844,-0.03027827504652708,0.0,,-0.19595777418991844,-0.032882001112306915,-0.19595777418991844,-0.4319817940395396,-0.43027786364650034,,1,0.4295547181782733,-0.07335003262120596,-0.19595777418991844,0.008624836583184844,4.0788,4419295.0,4419295.0,6.481225645696117,11.5232059706422,3737434.0,,0.376865671641791,268.0
0x85736a842de4e71017774083d5a7cda91cc59005,0.033313353936428626,0.009179887,0,4.399,1,1779693114,-0.2751678787067841,-0.27852358454467213,-0.2751678787067841,-0.2751678787067841,-0.27852358454467213,-0.10676545202591858,-0.2751678787067841,0.15809998797408178,0.0,,-0.2751678787067841,0.10320000000000064,-0.2751678787067841,-0.011999999999999468,0.03809998797408166,,1,0.4295547181782733,0.05253666463039843,-0.2751678787067841,0.07846598819021583,5.76,2675772.0,2675772.0,4.8780688785137025,14.843537647058822,2127241.0,0.0,0.3,20.0
0x0fe5cea97db9525404ca8ecb3d90a1dd6f303ecd,0.03331230044656679,0.009172239,0,34.90756,1,1779708778,-0.31764798494060326,-0.3210036907784912,-0.31764798494060326,-0.31764798494060326,-0.3210036907784912,0.2003982751045825,-0.31764798494060326,-0.14697078069332317,0.0,,-0.31764798494060326,-0.20704953122904604,-0.31764798494060326,-0.21907025906735883,-0.1629702710932777,,1,0.4295547181782733,0.03774712569880666,-0.31764798494060326,0.03712236276604201,9.2748,4966016.0,4966016.0,8.80194968051826,14.670940030075188,4401821.0,,0.6447368421052632,76.0
0xfe6eee00d36717359578ddb4d6e091d56bc9074e,0.033311205041088705,0.009164287,0,19.019999,2,1779724617,-0.12725117792355684,-0.13060688376144483,-0.12725117792355684,-0.12725117792355684,-0.16552281466811963,-0.11931274667172206,-0.12725117792355684,-0.11066652124261385,0.0,,-0.12725117792355684,-0.11372495071967655,-0.12725117792355684,-0.21159248560278549,-0.17969960062227563,,2,0.4295547181782733,0.022792356346311632,-0.12725117792355684,0.0738102812153653,70.353,29992172.0,29992172.0,51.707610243537445,378.9120511501706,29412138.0,,0.23255813953488372,43.0
0x6e7bcbbcc24296e5138d51cd570cf43a3b2fbcbc,0.03331093064996519,0.009162295,0,26.82022,1,1779753053,-0.5805371099545573,-0.5838928157924452,-0.5805371099545573,-0.5805371099545573,-0.5838928157924452,-0.6343607567344542,-0.5805371099545573,-0.14397782173492846,0.0,,-0.5805371099545573,-0.18552848103323918,-0.5805371099545573,-1.2278512900368477,-1.1815513028717735,,1,0.4295547181782733,-0.004056170789716436,-0.5805371099545573,0.015949460053166567,32.0,12687986.0,12687986.0,20.852278666162672,70.29162642413486,12079516.0,,0.4804270462633452,281.0
0x6204bad10670eede693eaaf96c039d751298421a,0.03330904627432556,0.009148614,0,596.4,1,1779931248,-0.01677852918943772,-0.02013423502732571,-0.01677852918943772,-0.01677852918943772,-0.02013423502732571,0.04899999999999914,-0.01677852918943772,-0.007799895354873666,0.0,,-0.01677852918943772,-0.021978923708456836,-0.01677852918943772,-0.02220000000000002,-0.007800000000000008,,1,0.4295547181782733,-0.1723032270917463,-0.01677852918943772,0.01728292527415859,53.955,46434267.0,46434267.0,59.02673564986367,239.43045450632908,45647602.0,,0.7250996015936255,242.0
0xd59abae6f99c56b355eac2c5d0c96ce87f4a739d,0.033307774090351246,0.009139377,0,3.77088,1,1779886003,-0.057046999244089146,-0.060402705081977134,-0.057046999244089146,-0.057046999244089146,-0.060402705081977134,0.10568760091528254,-0.057046999244089146,0.06729999999999986,0.0,,-0.057046999244089146,0.03999999999999987,-0.057046999244089146,-0.1028000000000001,-0.0767000000000001,,1,0.4295547181782733,-0.12958408198450233,-0.057046999244089146,0.030639485640068544,5.87412,11466767.0,11466767.0,15.465953170942246,12.82238587586207,10725347.0,,0.49,100.0
0x0770995e6d1f47e20a696e1c177287556873184b,0.03330757296695186,0.009137916,0,280.004798,2,1779760172,1.4163462959857079e-05,1.5235784003230293e-05,1.4163462959857079e-05,1.4163462959857079e-05,0.002695220705878077,0.0,1.4163462959857079e-05,0.0,0.0,20.01311007500812,0.05541606112092953,0.0,0.11081795877889922,,,0.10741272657037895,1,0.4295547181782733,-0.19202796265225983,1.4163462959857079e-05,0.02196772470143958,6.9,48516704.0,48516704.0,78.81346807691496,26.750146281731173,47901115.0,0.0,0.38427947598253276,135.0
0x2d8e876450e3a0f77b3894b32c93c8224a431445,0.0333074606051551,0.009137101,0,95.56878,2,1779707551,-0.44903026091268994,-0.45238596675057785,-0.44903026091268994,-0.44903026091268994,-0.6414651766461472,0.08459990549107327,-0.44903026091268994,-0.20694176469656908,0.0,,-0.44903026091268994,-0.25685445852552113,-0.44903026091268994,-0.6810573342822797,-0.6299712306719606,,1,0.4295547181782733,0.0389056269927969,-0.44903026091268994,0.022802829069466124,17.05,7546919.0,7546919.0,13.40559143681346,40.579888961456106,6983951.0,,0.5493827160493827,162.0
0xa8797104912944767b5e2cc80ed6ff59092b569c,0.033299702369562666,0.009080763,0,6.874,1,1779880141,-0.057046999244089146,-0.060402705081977134,-0.057046999244089146,-0.057046999244089146,-0.06040270508197714,0.0029002266256660456,-0.057046999244089146,0.03557011852002121,0.0,,-0.057046999244089146,-1.0547118733938987e-16,-0.057046999244089146,-0.1040999995084716,-0.06842988147997875,,1,0.4295547181782733,-0.1240493349711602,-0.057046999244089146,0.08147281308685586,20.622,,,,16.231603294117644,,,0.4,20.0
0xa19df895ec6624b12d86ca3036648b85825f3909,0.03329620383418283,0.009055354,0,424.02602,6,1779809776,0.018487862721996328,0.03223524782296786,0.018487862721996328,0.018487862721996328,0.08576535799936674,0.0,0.018487862721996328,0.0,0.0,2.6801400000000073,0.033572329665814346,0.0,0.04865679660963237,,,0.05162991189146048,1,0.4295547181782733,-0.16535977271847474,0.018487862721996328,0.0,0.0,9360041.0,9360041.0,14.071165812027488,0.0,8694848.0,,,0.0
0xbfe093b5ccb1b1e18c49b22062be30b56f94192a,0.03329310208692824,0.009032824,0,13.731670000000001,2,1779717607,-0.24307582820720153,-0.24643153404508952,-0.24307582820720153,-0.24307582820720153,-0.28118501939813617,0.767365777447765,-0.24307582820720153,-0.0030903629031119747,0.0,,-0.24307582820720153,-0.06726047390835607,-0.24307582820720153,-0.15846885594455587,-0.09742227648111304,,1,0.4295547181782733,0.029411014920779095,-0.24307582820720153,0.0034950404674074986,9.829995,9166470.0,9166470.0,15.99665982576646,8.5576432925,8593446.0,,0.6726804123711341,388.0
0xf0d5eb1cbe7350f1f896ade6c172e6700414c665,0.033290702915062274,0.009015396,0,31622.136586999997,25,1779765800,3.715259954291523e-18,-3.346408669146369e-05,3.715259954291523e-18,3.715259954291523e-18,-0.0003351054029258885,0.0,3.715259954291523e-18,0.0,0.0,85.76211502500003,0.0305604337439199,0.0,0.0611208674878398,,,0.015765650723698666,4,0.4295547181782733,-0.14729017388849497,3.715259954291523e-18,0.0,0.0,5327415.0,5327415.0,8.575771429307311,0.0,4706198.0,0.0,,0.0
0xaeb8f56030d1900de42b80286365aad87a41192a,0.03328781638628114,0.008994427,0,1.45,1,1779963941,-0.033557058888017355,-0.03691276472590534,-0.033557058888017355,-0.033557058888017355,-0.03691276472590534,-0.053900001259310375,-0.033557058888017355,-0.05300000125931031,0.0,,-0.033557058888017355,-0.05606832107523322,-0.033557058888017355,-0.0803000012289664,-0.07700000125931122,,1,0.4295547181782733,-0.20317110223797524,-0.033557058888017355,0.14533726660421445,28.8498285,18660954.0,18660954.0,22.775092206337156,166.9907442358491,17841596.0,0.0,0.3389830508474576,59.0
0x506bce138df20695c03cd5a59a937499fb00b0fe,0.03328460233703393,0.0089710755,0,47.434129999999996,2,1779662380,-0.9165713990347936,-0.9199271048726815,-0.9165713990347936,-0.9165713990347936,-1.2900303497016226,-1.2455496026763817,-0.9165713990347936,-1.0133437668632492,0.0,,-0.9165713990347936,-1.0133437668632492,-0.9165713990347936,-1.1382940690506222,-1.1382940690506222,,1,0.4295547181782733,0.08155490323634465,-0.9165713990347936,0.05502725416619834,8.0,17667816.0,17667816.0,34.1211246878603,131.07633291115434,17150019.0,,0.452991452991453,116.0
0xd3ded8f7cf86e09857aa7857dfdbf2dc7b9ff83b,0.03328439109426212,0.008969541,0,0.999999,1,1779815680,-0.2718119417278414,-0.27516764756572937,-0.2718119417278414,-0.2718119417278414,-0.27516764756572937,-0.48979944207191073,-0.2718119417278414,-0.3136994282959082,0.0,,-0.2718119417278414,-0.3212994420719104,-0.2718119417278414,-0.4562994420534907,-0.4496994282959085,,1,0.4295547181782733,-0.06318694547490528,-0.2718119417278414,0.10746794382775185,10.4176,10100928.0,10100928.0,15.051368133071673,45.788496984615385,9429831.0,,0.29411764705882354,34.0
0xc95f5d53b8cb2e9ec5a861ab6dac6dc2d77d899d,0.0332837740369285,0.008965057,0,1.0,1,1779973141,-0.016778529390780055,-0.020134235228668047,-0.016778529390780055,-0.016778529390780055,-0.020134235228668047,-0.027800000498000004,-0.016778529390780055,-0.0046999968116056764,0.0,,-0.016778529390780055,-0.007099994167204647,-0.016778529390780055,-0.037600000498000004,-0.03669999681160571,,1,0.4295547181782733,-0.2118575015083177,-0.016778529390780055,0.15440624516532545,23.834394500000002,19014000.0,19014000.0,22.948302955254793,171.57345869387754,18185442.0,0.0,0.6666666666666666,63.0
0x9dfb2df4d4e8433b6e8fd592d4a9a9366fcae887,0.033283346692104095,0.008961952,0,27.45488,1,1779870433,-0.07718123427141485,-0.08053694010930285,-0.07718123427141485,-0.07718123427141485,-0.08053694010930285,-0.01040000000000001,-0.07718123427141485,-0.02581724163852419,0.0,,-0.07718123427141485,-0.06429987657763325,-0.07718123427141485,-0.15970000000000015,-0.12181736388606526,,1,0.4295547181782733,-0.11488329539328145,-0.07718123427141485,0.017669563509979582,18.2,18049400.0,18049400.0,24.86657022800854,54.908407348791116,17323550.0,,0.7362110311750599,409.0
0xb323fd58f771c6234e3a62515ca17dd0ca43e19f,0.03328222298251073,0.008953787,0,1.33144,1,1779904135,-0.06711411675775238,-0.07046982259564036,-0.06711411675775238,-0.06711411675775238,-0.07046982259564036,-0.13230000000000192,-0.06711411675775238,-0.0008501036005422908,0.0,,-0.06711411675775238,-0.017148236476049177,-0.06711411675775238,-0.13888618288359164,-0.12007378715094195,,1,0.4295547181782733,-0.14670384193774685,-0.06711411675775238,0.008473922701867533,1.0028329999999999,6307358.0,6307358.0,8.304050282271655,2.673457777675277,5547806.0,,0.7431972789115646,588.0
0xd08e8f5efb47d9ff61c30e9c8546f82f7f2a2f7c,0.0332818473099677,0.008951058,0,781.799978,4,1779708146,-7.881704407517067e-17,0.0007044175584791468,-7.881704407517067e-17,-7.881704407517067e-17,0.0015374713373910466,-0.02384795745737515,-7.881704407517067e-17,-0.10413194292195943,0.0,-140.06842705366665,-0.036902884366043026,-0.11705566303560357,-0.07380576873208598,-0.46836068699526323,-0.4171017040198368,,1,0.4295547181782733,0.038343843561725835,-7.881704407517067e-17,0.04973104957714715,94.69756000000001,35264276.0,35264276.0,62.57379565372461,188.73719584101826,34700713.0,,0.27906976744186046,258.0
0x75abf711c091a637a21cd79301ee486a5c4bb20e,0.033281306687066095,0.008947129,0,10.6019,2,1779662022,0.0,0.0,0.0,0.0,0.0,-0.6228974400056795,0.0,-0.5071379843368725,0.0,-3.9608399999999997,-0.06267169893879093,-0.5071379843368725,-0.12534339787758186,-0.9547609138743419,-0.9547609138743419,,1,0.4295547181782733,0.08189291746882102,0.0,0.011281857306188692,29.711999499999997,5111083.0,5111083.0,9.877653211296405,117.49270571136364,4593644.0,0.0,0.4082125603864734,414.0
0x978a1bbc9b5bb38b0c4dc4432ffbc38e3ee507aa,0.03328060163423481,0.008942006,0,1.054,1,1779880102,0.053691293406201476,0.05704699924408947,0.053691293406201476,0.053691293406201476,0.05704699924408947,0.0,0.053691293406201476,0.0,0.0,,0.053691293406201476,0.0,0.053691293406201476,,,0.005030264158215765,0,0.4295547181782733,,0.053691293406201476,0.11147596984633477,2.562,2850580.0,2850580.0,3.875603485430016,9.565742903225805,2115061.0,0.0,0.23809523809523808,21.0
0x35e15df6f28c1a10057d9db0b8f409cb3488fcc4,0.03328047731265361,0.008941103,0,56.127479,2,1779775278,-4.065246911428129e-06,-4.633037051893123e-06,-4.065246911428129e-06,-4.065246911428129e-06,-0.001354201467470077,-0.13668643135013891,-4.065246911428129e-06,-0.10300086059980393,0.0,-43.87134853105711,-0.043417772311649616,-0.11651523185967054,-0.08683147937638781,-0.8031276519225113,-0.7739993100133911,,1,0.4295547181782733,-0.02504043424442961,-4.065246911428129e-06,0.05819918112389364,43.27162,,,,84.98986568085105,,,0.38235294117647056,34.0
0x378be5e7327396f150794cdc101bfd77ad6bc568,0.03327914056357261,0.008931389,0,0.999999,1,1779963525,-0.03355702224127886,-0.036912728079166846,-0.03355702224127886,-0.03355702224127886,-0.036912728079166846,-0.053899910617298166,-0.03355702224127886,-0.051499914322298196,0.0,,-0.03355702224127886,-0.05599991061729806,-0.03355702224127886,-0.08029991277109906,-0.0754999143222991,,1,0.4295547181782733,-0.20277832592314235,-0.03355702224127886,0.029948759634830506,24.44799,19212503.0,19212503.0,23.46015102412625,27.95932757142857,18393561.0,0.0,0.4117647058823529,51.0
0xff5ac914a5daf7d2391241eec5ba2ac9e6a88a9f,0.03327769057625863,0.008920852,0,1.144,1,1779901436,-0.07046982259563955,-0.07382552843352753,-0.07046982259563955,-0.07046982259563955,-0.07382552843352753,-0.14559999999999995,-0.07046982259563955,-0.03360000000000076,0.0,,-0.07046982259563955,-0.04642009284609051,-0.07046982259563955,-0.1524999999980331,-0.13759999999999908,,1,0.4295547181782733,-0.1441555167605018,-0.07046982259563955,0.053497956944965654,8.6445,3402444.0,3402444.0,4.4955149811125805,12.548575000000001,2645591.0,0.0,0.5,36.0
0x12214e1787407925391a62f97e5e64e0b924a6e8,0.0332732266797974,0.00888841,0,0.616,1,1779901401,-0.07046982259563955,-0.07382552843352753,-0.07046982259563955,-0.07046982259563955,-0.07382552843352753,-0.14559999999999995,-0.07046982259563955,-0.03360000000000076,0.0,,-0.07046982259563955,-0.04642009284609051,-0.07046982259563955,-0.1524999999980331,-0.13759999999999908,,1,0.4295547181782733,-0.14412247067632117,-0.07046982259563955,0.06757176650551985,15.943,,,,15.568248933333331,,,0.5,32.0
0x938e4cb1ee24d52a064e976563b15cd2fb42d242,0.03327321630050873,0.008888335,0,3837.6195199999997,5,1779687584,-0.14083285608706073,-0.142655569076796,-0.14083285608706073,-0.14083285608706073,-0.2688111753348616,-0.08073437986671618,-0.14083285608706073,-0.03438682458204752,0.0,15.937091993982317,-0.1344806649847691,-0.03526240256883754,-0.12812847388247744,-0.5051796090090904,-0.5021706090090905,-0.03468052985918998,2,0.4295547181782733,0.0052779317305667785,-0.14083285608706073,0.027511751127193104,33.82363,9604272.0,9604272.0,17.68739284089716,113.31504556739459,9061271.0,,0.5962962962962963,270.0
0xaf82946717a5996cb839940ad6f6408b3bb492f2,0.03327274654486458,0.008884921,0,10.908,1,1779711366,-0.3020135254098853,-0.30536923124777327,-0.3020135254098853,-0.3020135254098853,-0.30536923124777327,0.1716999879740803,-0.3020135254098853,-0.15630001202591998,0.0,,-0.3020135254098853,-0.21540000000000112,-0.3020135254098853,-0.2034909936252536,-0.14296680488052732,,1,0.4295547181782733,0.035303603817105976,-0.3020135254098853,0.03496201858542285,9.76,3306070.0,3306070.0,5.833043686913687,10.091768107981219,2739287.0,,0.6782608695652174,114.0
0x0e2cc652e8f987820efc26dc988de884e3069294,0.03327257663482565,0.008883686,0,17.22607,3,1779668152,0.0,0.0,0.0,0.0,0.0,0.0,0.0,0.0,1.0,0.8330349999999996,0.06988551031661772,0.0,0.13977102063323543,,,0.13461648320408512,2,0.4295547181782733,0.054589298544933704,0.0,0.11959590581303531,6.8406,16534558.0,16534558.0,31.58047554381562,10.45242853125,16010989.0,,0.5,24.0
0xf0aa44523ab7f641312f6c3be963575febc4d9ac,0.033272148147467595,0.008880571,0,0.999999,1,1779842269,-0.18791935362632892,-0.1912750594642169,-0.18791935362632892,-0.18791935362632892,-0.1912750594642169,-0.30219956993159924,-0.18791935362632892,-0.29419934737134545,0.0,,-0.18791935362632892,-0.2976993542437462,-0.18791935362632892,-0.41684486546067606,-0.414608645657074,,1,0.4295547181782733,-0.08829158354002872,-0.18791935362632892,0.03758112964899912,0.999999,11743215.0,11743215.0,16.831662094409232,1.0193931126760565,11045529.0,,0.23684210526315788,38.0
0xe877778f48c71027a0957d62a9882b9554a7d0d1,0.03326953172244905,0.008861554,0,110.999999,4,1779864266,-0.041179508972444524,-0.044535214810332506,-0.041179508972444524,-0.041179508972444524,-0.08542998297233169,-0.005556631699981128,-0.041179508972444524,-0.01688290833700134,0.0,,-0.041179508972444524,-0.035441092133657696,-0.041179508972444524,-0.09406208073621197,-0.07615400596428475,,2,0.4295547181782733,-0.1090605753606508,-0.041179508972444524,0.1151078999273883,25.052461,,,,52.737408333333335,,,0.125,32.0
0xc6afd988219e2bac8ebdd0f711b90aafbf1d05c6,0.033269311090793806,0.00885995,0,834.997668,5,1779745297,-6.933055671673082e-07,-8.200453199964436e-07,-6.933055671673082e-07,-6.933055671673082e-07,-0.0008591888419016007,-0.3288508318692901,-6.933055671673082e-07,-0.17778773054774855,0.0,-182.50040053274589,-0.04900692066744061,-0.19860489757616023,-0.09801314802931406,-1.4474856176347304,-1.4085459176394552,,1,0.4295547181782733,0.003266841464715752,-6.933055671673082e-07,0.017857372239413367,64.128645,8321051.0,8321051.0,13.851934531241156,143.1337389267327,7720337.0,,0.44854881266490765,378.0
0x064ac923a30c7cb3726a2fa1ebdac8a663e965a7,0.03326903293292128,0.008857928,0,4.194,1,1779722003,-0.22483229113847006,-0.22818799697635805,-0.22483229113847006,-0.22483229113847006,-0.22818799697635805,0.6505999879740805,-0.22483229113847006,0.002599987974080606,0.0,,-0.22483229113847006,-0.05920000000000054,-0.22483229113847006,-0.14270018130000728,-0.08540019332592615,,1,0.4295547181782733,0.02526042674768937,-0.22483229113847006,0.002175416206842677,1.021689,6289172.0,6289172.0,10.891849953240275,1.4042586405005688,5711752.0,,0.6131025957972805,807.0
0x0dda5d37a54a7b140141c577e2229142003adf45,0.03326803575988798,0.00885068,0,104.989999,2,1779826089,-0.16844712651994967,-0.17180283235783764,-0.16844712651994967,-0.16844712651994967,-0.20758537666710078,-0.22126910365990812,-0.16844712651994967,-0.07292578543026589,0.0,,-0.16844712651994967,-0.07299711211744082,-0.16844712651994967,-0.3774142853293524,-0.37898439618852814,,1,0.4295547181782733,-0.07301485091023079,-0.16844712651994967,0.136432077665284,53.005994,8740650.0,8740650.0,12.825492365437722,128.76938215217393,8059144.0,,0.36585365853658536,41.0
0x53905d22246bc244c5717df362e0351b8fca12e5,0.03326692164566294,0.008842581,0,13.02132,1,1779918714,-0.057046999244089146,-0.060402705081977134,-0.057046999244089146,-0.057046999244089146,-0.060402705081977134,-0.02150482965181668,-0.057046999244089146,-0.08840000000000012,0.0,,-0.057046999244089146,-0.10439999990139812,-0.057046999244089146,-0.1265000000000001,-0.11240000000000014,,1,0.4295547181782733,-0.16046895225973845,-0.057046999244089146,0.09196574909418584,1.62226,12584481.0,12584481.0,16.256267995985176,3.9817000789473687,11810350.0,,0.5416666666666666,24.0
0x90d2a9148aecee066cbd4d3b64fa0e326fe3a6b3,0.03326579360328161,0.008834381,0,1.78,1,1779781071,-0.3657719363297497,-0.36912764216763766,-0.3657719363297497,-0.3657719363297497,-0.3691276421676376,-0.29049999999999937,-0.3657719363297497,-0.1841999999999993,0.0,,-0.3657719363297497,-0.21389999999999934,-0.3657719363297497,-0.7468999999999998,-0.7201999999999997,,1,0.4295547181782733,-0.03051003326324416,-0.3657719363297497,0.056716428722572085,10.8596,30229098.0,30229098.0,47.49358668191702,74.54779314583334,29592610.0,,0.4942857142857143,349.0
0xed954766de03c484a11b95251fb70733c5a3e809,0.03326519532662774,0.008830031,0,1.3,1,1779963687,-0.03355705874800343,-0.03691276458589142,-0.03355705874800343,-0.03355705874800343,-0.03691276458589142,-0.05390000091300004,-0.03355705874800343,-0.05123000091300001,0.0,,-0.03355705874800343,-0.055700000913000015,-0.03355705874800343,-0.0803000008910009,-0.07523000091300092,,1,0.4295547181782733,-0.20293128208420708,-0.03355705874800343,0.034498223472806684,26.304819000000002,18842205.0,18842205.0,23.003434240340663,30.561154666666674,18023101.0,0.0,0.44,50.0
0x1025275d306ac5bdf1e5e34fff2ffd33705c7939,0.03326227980543492,0.008808835,0,2.76036,1,1779667662,-0.7685573080514002,-0.7719130138892881,-0.7685573080514002,-0.7685573080514002,-0.7719130138892881,-1.0014887870270592,-0.7685573080514002,-0.8302488031594701,0.0,,-0.7685573080514002,-0.8416487911335513,-0.7685573080514002,-0.8142042413500139,-0.8142042413500139,,1,0.4295547181782733,0.0765677770465676,-0.7685573080514002,0.032630727360445116,6.999999,13393533.0,13393533.0,25.60518200883614,8.111921055319149,12870454.0,,0.48333333333333334,60.0
0xfce686833a8f7dede97bbaa6293906eb52fabd7f,0.033262053071520456,0.008807187,0,0.999999,1,1779781328,-0.37919445670126845,-0.3825501625391564,-0.37919445670126845,-0.37919445670126845,-0.3825501625391564,-0.34689878278371905,-0.37919445670126845,-0.25139899483094835,0.0,,-0.37919445670126845,-0.2816989948309484,-0.37919445670126845,-0.7791992506094441,-0.752799250609444,,1,0.4295547181782733,-0.030752685938513512,-0.37919445670126845,0.007275353025051262,1.9999915000000001,8622583.0,8622583.0,13.541657963548987,2.4696508433823534,7985838.0,,0.47484909456740443,730.0
0x28b291aa82da13e1d58993873806c92908d5eb4f,0.03326185669809886,0.008805759,0,1365.9133700000002,12,1779729376,-4.788084562314597e-17,0.0004279291207572529,-4.788084562314597e-17,-4.788084562314597e-17,0.0011983339470812084,0.042452656497956875,-4.788084562314597e-17,0.11969043074167039,0.0,-2.5475449999999706,-0.0022082496595761357,0.10794490743743797,-0.004416499319152224,-0.40313095081763883,-0.34953337542107576,-0.004903858493775831,2,0.4295547181782733,0.004985237842109586,-4.788084562314597e-17,0.0,0.0,100807543.0,100807543.0,172.38158288488404,0.0,100222750.0,0.0,,0.0
0x42e1f8e1f6b5ced03cc115cac42ef9471d6249fe,0.03326003892004676,0.008792543,0,3.3607500000000003,2,1779756592,-0.45065751455989,-0.454013220397778,-0.45065751455989,-0.45065751455989,-0.6470014889856736,-0.6093152416782645,-0.45065751455989,-0.38653568473038363,0.0,,-0.45065751455989,-0.4065931386897663,-0.45065751455989,-0.9020629472578316,-0.8786597840080792,,1,0.4295547181782733,-0.007397601987297085,-0.45065751455989,0.034688304135637414,1.3792545,3739101.0,3739101.0,6.109552310505237,3.2637688775510205,3127092.0,,0.4507042253521127,70.0
0x035fa6cf792ae231501a99b554315ac2b62a33eb,0.03325933724828258,0.008787441,0,4.077450000000001,2,1779840734,-0.0650579080055863,-0.06841361384347429,-0.0650579080055863,-0.0650579080055863,-0.11768033740461156,-0.10527960781137097,-0.0650579080055863,-0.07487186595707096,0.0,,-0.0650579080055863,-0.0832786150578776,-0.0650579080055863,-0.23953894479553947,-0.24000995179838716,,2,0.4295547181782733,-0.08684227670524876,-0.0650579080055863,0.03341411800993718,0.6,7570449.0,7570449.0,10.874722581738732,2.692229720475192,6874298.0,,0.11550151975683891,321.0
0x2762873b815644d5b13790aeed3fcaed7d222cf6,0.03325927153933674,0.008786963,0,53.95801,4,1779712394,3.9092787634408594e-17,-0.00017605826382317708,3.9092787634408594e-17,3.9092787634408594e-17,-0.0007686349873117463,0.0,3.9092787634408594e-17,0.0,0.0,2.975000000000004,0.04379375709648921,0.0,0.08758751419297837,,,-0.006403519364591333,1,0.4295547181782733,-0.31170482859940307,3.9092787634408594e-17,0.07092703363258224,9.01,5324485.0,5324485.0,9.377213544647779,18.808466961883408,4756674.0,,0.5164835164835165,88.0
0xc1db6a1f893830b7f856b1023a8655959056838d,0.033258054345411577,0.008778113,0,124.04832,2,1779936417,-5.0550541113902815e-09,-2.2232359911714906e-08,-5.0550541113902815e-09,-5.0550541113902815e-09,-2.8054255255089556e-05,-0.02774505571843661,-5.0550541113902815e-09,-0.017676671341195976,0.0,-15.911592102342391,-0.0010061531482105028,-0.02249111908781721,-0.002012301241366894,-0.07566007658798196,-0.0673534324751437,,1,0.4295547181782733,-0.17718366163831156,-5.0550541113902815e-09,0.01818784835282454,40.056200000000004,17108655.0,17108655.0,21.6063657281703,104.66122791957103,16316821.0,,0.38636363636363635,220.0
0x1d7c6efd92ea170f30c02409621315d226735dad,0.03325610446554477,0.0087639345,0,2.23232,1,1779682686,-0.4261746414117268,-0.4295303472496148,-0.4261746414117268,-0.4261746414117268,-0.4295303472496148,-0.43940001202591883,-0.4261746414117268,-0.2634000120259191,0.0,,-0.4261746414117268,-0.3123000000000003,-0.4261746414117268,-0.2555607567344539,-0.23696076876037278,,1,0.4295547181782733,0.06238250936856486,-0.4261746414117268,0.005549826223734777,2.039188,4186587.0,4186587.0,7.7802706916705535,4.416264376860623,3648484.0,0.0,0.5698254364089775,802.0
0xb1fea3922a1998248cf2ae51f740b9be2bb7423a,0.03325572011247123,0.00876114,0,259.68394,4,1779785341,0.0,0.0,0.0,0.0,0.0,-0.24153696771582442,0.0,-0.113583277915689,0.0,-109.69803,-0.04191786645969742,-0.11673018354572713,-0.08383573291939483,-0.7206814082822746,-0.7284814082822746,,1,0.4295547181782733,-0.03454165553328355,0.0,0.007462700502698453,32.3,47424869.0,47424869.0,74.01369783912179,61.863158108472746,46784111.0,0.0,0.42394822006472493,303.0
0x92f6adc8a78f64317cb205fa1745814a9d9a3784,0.03325415738550255,0.008749776,0,333.623304,5,1779744468,6.479036747753336e-06,1.0774911662955667e-05,6.479036747753336e-06,6.479036747753336e-06,0.002212976113722916,0.0,6.479036747753336e-06,0.0,0.0,9.630772921228957,0.02227336992250758,0.0,0.0445402608082674,,,0.08429089857618823,1,0.4295547181782733,-0.08216483953293609,6.479036747753336e-06,0.14132481212542172,21.154,33362363.0,33362363.0,55.614597797911266,167.99842321674876,32762478.0,0.0,0.3888888888888889,54.0
0xf0e4afad881c7a72133845da69f8037a392993ec,0.033253584796117515,0.008745612,0,71.798079,3,1779825084,-3.398958670136049e-07,-4.883304959970983e-07,-3.398958670136049e-07,-3.398958670136049e-07,-0.0002936960894962133,-0.13562641002644696,-3.398958670136049e-07,0.020721481290369142,0.0,-38.201613436960045,-0.015263158363750006,0.01957146723415873,-0.030525976831633002,-0.3684007808009153,-0.36979730677915545,,1,0.4295547181782733,-0.07206595620732924,-3.398958670136049e-07,0.08150289612275868,30.0,27928353.0,27928353.0,41.04086988850862,47.70758683783783,27247852.0,,0.16666666666666666,24.0
0x14324b780d0dcb490808a71bb3df83614bf7c284,0.03325158893997995,0.008731097,0,69.02577,1,1779690967,-0.36241623049186245,-0.3657719363297504,-0.36241623049186245,-0.36241623049186245,-0.3657719363297504,-0.3216999977683135,-0.36241623049186245,-0.0937000120259197,0.0,,-0.36241623049186245,-0.14410000000000084,-0.36241623049186245,-0.1823811411730773,-0.14398115319899618,,1,0.4295547181782733,0.05456380585142292,-0.36241623049186245,0.0841447022432989,58.29408,50297135.0,50297135.0,92.05455320800023,70.53995711864407,49750751.0,0.0,0.6875,32.0
0xd064251efc30a38c3323e42113656144d4b8c4d1,0.03325057600880372,0.00872373,0,0.15,1,1779911415,0.04697988173042624,0.05033558756831423,0.04697988173042624,0.04697988173042624,0.05033558756831422,0.0,0.04697988173042624,0.0,0.0,,0.04697988173042624,0.0,0.04697988173042624,,,0.009969341806501317,0,0.4295547181782733,,0.04697988173042624,0.0,0.0,10817925.0,10817925.0,14.107294687754292,0.0,10051093.0,,,0.0
0x672887d894ddeb2b797f08226a8e8a14018701f5,0.03325047676620137,0.008723008,0,0.999999,1,1779923614,-0.10741506173234834,-0.11077076757023634,-0.10741506173234834,-0.10741506173234834,-0.11077076757023634,-0.16418032343970682,-0.10741506173234834,-0.23246912921588014,0.0,,-0.10741506173234834,-0.25017838793513564,-0.10741506173234834,-0.25767838772387686,-0.24046912921588018,,1,0.4295547181782733,-0.16509540404502954,-0.10741506173234834,0.1099342779465772,2.01188,,,,2.86799271875,,,0.21739130434782608,23.0
0x58ed0c8b2e2d66199ad870a39dd8ceab57050686,0.03324908061317111,0.008712854,0,15.654968,2,1779690907,0.00010043013800016228,0.0001903997721619466,0.00010043013800016228,0.00010043013800016228,0.008139700565541318,0.0,0.00010043013800016228,0.0,0.0,0.46328431323011887,0.02303129246443468,0.0,0.0459621547908692,,,-0.009058078035318317,1,0.4295547181782733,-0.0770332547465979,0.00010043013800016228,0.04568956965241896,1.123605,4550286.0,4550286.0,8.328914709952336,2.8515851681818183,4003962.0,,0.5597014925373134,134.0
0xfba35fc77365f3a30d495428126e10c998794e15,0.03324667605380214,0.008695365,0,8.4999,1,1779681678,-0.43288605308750167,-0.4362417589253897,-0.43288605308750167,-0.43288605308750167,-0.4362417589253897,-0.49598857528538914,-0.43288605308750167,-0.34400001202591796,0.0,,-0.43288605308750167,-0.3895999999999991,-0.43288605308750167,-0.28459999999999935,-0.2720000120259182,,1,0.4295547181782733,0.06333423659296761,-0.43288605308750167,0.00386854763992644,5.5,2821186.0,2821186.0,5.252675969800501,11.05610713555195,2284091.0,,0.5174537987679672,486.0
0xa8480e34ca03aebe71e300065ae575fa583d95d0,0.033245604498258245,0.008687571,0,2.999997,3,1779757353,-0.12236708724823561,-0.1257227930861236,-0.12236708724823561,-0.12236708724823561,-0.28880288236488794,-0.16206475072794907,-0.12236708724823561,-0.16951107258145204,0.0,,-0.12236708724823561,-0.1773584976237788,-0.12236708724823561,-0.561275561397497,-0.5401324498511747,,3,0.4295547181782733,-0.008116118274767804,-0.12236708724823561,0.03482011463562771,1.2852,6240752.0,6240752.0,10.184493366189598,15.40415405835544,5627982.0,,0.4056603773584906,211.0
0x6097ad6e03ce78b81c06b864c05c3519a9c798de,0.033240374341617925,0.008649524,0,3.0,1,1779972427,-0.023489940865212933,-0.026845646703100925,-0.023489940865212933,-0.023489940865212933,-0.026845646703100925,-0.03639999999999909,-0.023489940865212933,-0.021299998525414473,0.0,,-0.023489940865212933,-0.023099999999999964,-0.023489940865212933,-0.05419999999999999,-0.053299998525414505,,1,0.4295547181782733,-0.21118336139103241,-0.023489940865212933,0.15508633260197463,22.0,19373107.0,19373107.0,23.401881272317006,161.98307496969696,18545263.0,0.0,0.5522388059701493,67.0
0xc24f0686aae913fd32032ee03eb2db371891adf8,0.03324026693534011,0.008648743,0,12.2,2,1779969104,-0.028136302794595783,-0.031492008632483776,-0.028136302794595783,-0.028136302794595783,-0.03882275163750898,-0.055476923076922854,-0.028136302794595783,-0.040169214687380064,0.0,,-0.028136302794595783,-0.04312307775146154,-0.028136302794595783,-0.051749996834602775,-0.048849980247996,,1,0.4295547181782733,-0.20804587174153807,-0.028136302794595783,0.07936964278034736,23.428395000000002,30884511.0,30884511.0,37.4575189716211,202.31490620454545,30059990.0,,0.3937007874015748,127.0
0xda9126becc96be3598ddd05c4fc06f4093759ffd,0.0332380857258865,0.008632874,0,162.55519,6,1779689449,-0.4559055928794916,-0.45926129871737964,-0.4559055928794916,-0.4559055928794916,-0.9829286885398226,-0.2962758157951133,-0.4559055928794916,0.018888864860209558,0.0,,-0.4559055928794916,-0.028919661932203876,-0.4559055928794916,-0.7634896856519879,-0.7148388391693327,,2,0.4295547181782733,0.055997061731029425,-0.4559055928794916,0.08936838173379767,22.75,4799310.0,4799310.0,8.808239089978086,53.28636036940837,4254444.0,0.0,0.40625,32.0
0x4d774ef602fd62869a20ae91ed6bf93f7fd6af31,0.03323674140470403,0.008623093,0,1699.612924,6,1779666068,-6.592370400765781e-08,-1.916813044062941e-07,-6.592370400765781e-08,-6.592370400765781e-08,-0.00029466300913125393,0.0,-6.592370400765781e-08,0.0,0.9143074361780261,24.905303326245154,0.025351791534040564,0.0,0.05070364899178513,,,0.18310589818369138,1,0.4295547181782733,0.06716663818408936,-6.592370400765781e-08,0.0341065384252112,29.81765,4163121.0,4163121.0,7.98320373548616,73.40639182583172,3641636.0,0.0,0.35514018691588783,107.0
0x04045703a1b01f44ab8dfe125c51830082bf4719,0.03323443101533649,0.008606283,0,20.619368,2,1779733150,7.722752355347362e-05,7.853646413014782e-05,7.722752355347362e-05,7.722752355347362e-05,0.003976521371210983,0.0,7.722752355347362e-05,0.0,0.0,0.6271702398128417,0.02481591410062256,0.0,0.04955460067769164,,,-0.02638771400826593,1,0.4295547181782733,-0.3999954679655981,7.722752355347362e-05,0.0025830639494076064,20.020981,12776907.0,12776907.0,21.708500476581257,22.19582163669502,12188340.0,,0.8673946957878315,603.0
0xea4779cfbdbe5588872510131eec5ff5357ad64b,0.0332338971518525,0.008602398,0,1.65,1,1779782411,-0.36577193632974975,-0.3691276421676377,-0.36577193632974975,-0.36577193632974975,-0.3691276421676377,-0.3571667928546078,-0.36577193632974975,-0.15559875361892164,0.0,,-0.36577193632974975,-0.18269875361892163,-0.36577193632974975,-0.6590599999999998,-0.6311599999999997,,1,0.4295547181782733,-0.03177522620044622,-0.36577193632974975,0.0028397068035349274,9.8637,,,,17.41608759280303,,,0.4351851851851852,748.0
0x36c6d85296b8bf690279d693b13d47eccd49831a,0.03323339196667771,0.0085987225,0,15.616,1,1779901877,-0.07718123427141485,-0.08053694010930285,-0.07718123427141485,-0.07718123427141485,-0.08053694010930285,-0.16220000000000015,-0.07718123427141485,-0.04624952673895088,0.0,,-0.07718123427141485,-0.0630200928460907,-0.07718123427141485,-0.16859999999999925,-0.1502495267389492,,1,0.4295547181782733,-0.14457189742117801,-0.07718123427141485,0.05615220230060196,15.616,3406833.0,3406833.0,4.498692713794115,11.90391111111111,2649539.0,0.0,0.48484848484848486,33.0
0x8b51a792fac56ee7aa20ea866ea424d8c9438f31,0.03323339196667771,0.0085987225,0,26.352,1,1779901877,-0.07718123427141485,-0.08053694010930285,-0.07718123427141485,-0.07718123427141485,-0.08053694010930285,-0.16220000000000015,-0.07718123427141485,-0.04624952673895088,0.0,,-0.07718123427141485,-0.0630200928460907,-0.07718123427141485,-0.16859999999999925,-0.1502495267389492,,1,0.4295547181782733,-0.14457189742117801,-0.07718123427141485,0.061426530541488604,19.54,3166031.0,3166031.0,4.180715811824734,16.50997905063291,2408737.0,0.0,0.4666666666666667,30.0
0xa330c5e7a5b5bf62770cc9ee797b166a5e5819cd,0.03323333501061821,0.008598308,0,1.03944,1,1779769253,-0.4932887581694792,-0.49664446400736717,-0.4932887581694792,-0.4932887581694792,-0.49664446400736717,-0.456782322580646,-0.4932887581694792,-0.2547007526401207,0.0,,-0.4932887581694792,-0.2907971942061875,-0.4932887581694792,-1.0487767781267319,-1.0227,,1,0.4295547181782733,-0.019351786896189032,-0.4932887581694792,0.022940546539441165,1.052489,10922647.0,10922647.0,17.48546752685418,2.4235578421052635,10297977.0,,0.47333333333333333,150.0
0x396f35c4d4f84c0a6c5f3b13e40e1de550367f78,0.033233046264045406,0.008596207,0,0.21978,1,1780079676,3.725581885091884e-16,-0.0033557058378876187,3.725581885091884e-16,3.725581885091884e-16,-0.0033557058378876187,0.0014142857142857071,3.725581885091884e-16,0.002399999999999111,0.0,,3.725581885091884e-16,-8.992806499463768e-16,3.725581885091884e-16,3.3306690738754695e-17,0.0023999999999999994,,1,0.4295547181782733,-0.31244506088504964,3.725581885091884e-16,0.05410303220475218,26.5734,14168627.0,14168627.0,15.152104656969948,166.33607807183213,13233534.0,0.0,0.6415094339622641,106.0
0x892698d4f0256d1361aacc902f25e621cd7d9ca4,0.03323112173274981,0.008582203,0,12.80064,2,1779674884,0.0,0.0,0.0,0.0,0.0,0.0,0.0,0.0,0.0,0.9487200000000001,0.05620807278461756,0.0,0.11241614556923513,,,-0.021464952100015797,1,0.4295547181782733,-0.09639637172879173,0.0,0.024944624053728333,9.9999965,5427871.0,5427871.0,10.23545307287748,8.249947666666667,4897570.0,,0.7058823529411765,51.0
0x8920441216c9c06c0706518a87172410df07bdb2,0.033229095696556334,0.008567459,0,17.149999,2,1779919831,-0.05626570559415342,-0.05962141143204141,-0.05626570559415342,-0.05626570559415342,-0.07469528158477039,-0.03520036559303688,-0.05626570559415342,-0.05074966455013015,0.0,,-0.05626570559415342,-0.06859172437998677,-0.05626570559415342,-0.11384326928760276,-0.09742378463108176,,1,0.4295547181782733,-0.16152359443201808,-0.05626570559415342,0.016639274301105948,15.6,25598596.0,25598596.0,33.019880089984106,40.88340888816029,24823348.0,,0.47023809523809523,168.0
0x5a08aafa6d636b4c5655a63f2ac6c0c1e4937ff5,0.03322727721597133,0.008554225,0,9.10078,1,1779956145,-0.04362417589253867,-0.04697988173042666,-0.04362417589253867,-0.04362417589253867,-0.04697988173042666,-0.07080000000000003,-0.04362417589253867,-0.049400000000000104,0.0,,-0.04362417589253867,-0.0570000000000001,-0.04362417589253867,-0.1052000000000001,-0.0974000000000001,,1,0.4295547181782733,-0.19581032303019374,-0.04362417589253867,0.017416462135534258,11.999999,18543352.0,18543352.0,22.848965328588573,20.5858359442947,17731790.0,0.0,0.48295454545454547,528.0
0x234e59c4ef8d24f6d21faa7a6cabdf12ad6c86bd,0.033226813845114396,0.008550853,0,21.24177,8,1779850651,-0.10195653441789843,-0.10531224025578645,-0.10195653441789843,-0.10195653441789843,-0.2885818806309468,-0.06337747371423681,-0.10195653441789843,-0.060157316394899005,0.0,,-0.10195653441789843,-0.07085823303615293,-0.10195653441789843,-0.20238445685520629,-0.19488863265261192,,1,0.4295547181782733,-0.09620564861437769,-0.10195653441789843,0.09821166777250553,29.8775,3760472.0,3760472.0,5.325934612530238,20.858614296296295,3054404.0,0.0,0.21782178217821782,101.0
0x4702ca46d2bd7779071a95e94f01dbb449a6e837,0.03322422171954296,0.008531987,0,26.987972,2,1779864578,1.2470290491770696e-06,1.7890333675724725e-06,1.2470290491770696e-06,1.2470290491770696e-06,0.0003448137965174321,0.0,1.2470290491770696e-06,0.0,0.0,0.18870942378523087,0.005791629876282216,0.0,0.011582012723515254,,,0.010296498531257178,1,0.4295547181782733,-0.2123881272028756,1.2470290491770696e-06,0.13014829543319426,26.2266935,19366663.0,19366663.0,26.898329849512844,255.12101644545453,18646668.0,0.0,0.6,70.0
0x006c34a8630a786ba354db7435da6945ee68154e,0.033223512588340165,0.008526825,0,1.0,1,1779902187,-0.0805369401093024,-0.0838926459471904,-0.0805369401093024,-0.0805369401093024,-0.0838926459471904,-0.17180000473204868,-0.0805369401093024,-0.04494439904800038,0.0,,-0.0805369401093024,-0.06231033090055114,-0.0805369401093024,-0.1847,-0.165954160993539,,1,0.4295547181782733,-0.1448645913096352,-0.0805369401093024,0.01530913591131556,1.045829,8400395.0,8400395.0,11.088108035332443,4.208065768171385,7642791.0,,0.4491525423728814,522.0
0x028a9f7a6172caa4dece0f7028d3675882937413,0.03322327728080073,0.008525113,0,23.352,1,1779901916,-0.08724835178507771,-0.0906040576229657,-0.08724835178507771,-0.08724835178507771,-0.0906040576229657,-0.18710000000000016,-0.08724835178507771,-0.07060000000000098,0.0,,-0.08724835178507771,-0.08792009284609074,-0.08724835178507771,-0.2009000000000002,-0.18260000000000018,,1,0.4295547181782733,-0.1446087202006936,-0.08724835178507771,0.05963000107746112,17.955,,,,13.986013700787403,,,0.43333333333333335,30.0
0x986de110cb250db850a5e9db698ab5580a084a2d,0.03322327728080073,0.008525113,0,20.433,1,1779901916,-0.08724835178507771,-0.0906040576229657,-0.08724835178507771,-0.08724835178507771,-0.0906040576229657,-0.18710000000000016,-0.08724835178507771,-0.07060000000000098,0.0,,-0.08724835178507771,-0.08792009284609073,-0.08724835178507771,-0.2009000000000002,-0.18260000000000018,,1,0.4295547181782733,-0.1446087202006936,-0.08724835178507771,0.05794443397674931,17.8525,,,,16.877446283464565,,,0.4482758620689655,29.0
0x71441b2dfe834713f7196e462c8a74e6fd5f8952,0.03321998058539377,0.008501116,0,1.144,1,1779901436,-0.07046982259563955,-0.07382552843352753,-0.07046982259563955,-0.07046982259563955,-0.07382552843352753,-0.14559999999999995,-0.07046982259563955,-0.03360000000000076,0.0,,-0.07046982259563955,-0.04642009284609051,-0.07046982259563955,-0.1524999999980331,-0.13759999999999908,,1,0.4295547181782733,-0.1441555167605018,-0.07046982259563955,0.07389432624460598,7.712,3166248.0,3166248.0,4.18343852769296,11.531336068376065,2409395.0,0.0,0.4444444444444444,27.0
0x6226a0c5f4230517357814f4d68d96c09b3c4b6d,0.03321996574419752,0.008501008,0,7.792,1,1779902460,-0.08389264594719009,-0.08724835178507809,-0.08389264594719009,-0.08389264594719009,-0.08724835178507809,-0.1796997956727416,-0.08389264594719009,-0.07180000000000006,0.0,,-0.08389264594719009,-0.08762009284608983,-0.08389264594719009,-0.19280000000000017,-0.17580000000000015,,1,0.4295547181782733,-0.14512235076624427,-0.08389264594719009,0.04473593016437194,3.9865,3166344.0,3166344.0,4.177912774764243,11.711109675324675,2408467.0,0.0,0.3888888888888889,36.0
0xaf2625542308ae0dabf12e3bb2165f4452557c63,0.03321996574419752,0.008501008,0,15.595,2,1779901877,-0.08158559818364214,-0.08494130402153013,-0.08158559818364214,-0.08158559818364214,-0.12033165614291016,-0.17309374999999966,-0.08158559818364214,-0.056902858790659774,0.0,,-0.08158559818364214,-0.0739138428460902,-0.08158559818364214,-0.18474999999999928,-0.1664247633694742,,1,0.4295547181782733,-0.14457189742117801,-0.08158559818364214,0.07230905695290468,12.688,3158365.0,3158365.0,4.170592926921381,10.81351923076923,2401071.0,0.0,0.47619047619047616,21.0
0x8343c8d284779053a22cba7109759d79f0a4e702,0.03321996574419752,0.008501008,0,0.682,1,1779901277,-0.07046982259563955,-0.07382552843352755,-0.07046982259563955,-0.07046982259563955,-0.07382552843352755,-0.1456,-0.07046982259563955,-0.06560000000000002,0.0,,-0.07046982259563955,-0.07842009284608976,-0.07046982259563955,-0.1524999999999991,-0.1375999999999991,,1,0.4295547181782733,-0.14400539312093827,-0.07046982259563955,0.06757419627254191,2.8815,3164483.0,3164483.0,4.181985056046433,11.867846862499999,2407789.0,0.0,0.4838709677419355,31.0
0xc04419870a0ff821fc8ec6386c221eecf333f2cf,0.03321869262368556,0.008491741,0,50.58765,1,1779797911,-0.27982031431189186,-0.28317602014977983,-0.27982031431189186,-0.27982031431189186,-0.28317602014977983,-0.3433051464932489,-0.27982031431189186,0.012952029602544967,0.0,,-0.27982031431189186,0.004975042101997209,-0.27982031431189186,-0.5323072878511337,-0.5313464405672252,,1,0.4295547181782733,-0.046409920623305796,-0.27982031431189186,0.028985236697053485,9.999999,11381371.0,11381371.0,17.420608025371635,20.434044097058823,10728043.0,,0.5588235294117647,68.0
0xa2840a92adbbd98d119870524743027bd61a4259,0.033218331972343806,0.008489115,0,29.353,2,1779693114,0.03098936874826727,0.12185406823829398,-0.010276849128530996,-0.049916124338578324,0.18422603474286878,0.0,0.004404363912227336,0.0,0.0,0.009000000000000008,-0.017381507582183688,0.0,0.03146126488172022,,,-0.041119069658489556,1,0.4295547181782733,0.048151921346542954,-0.017617455648910162,0.07583790020296764,20.23931,2678770.0,2678770.0,4.883534385476846,14.757402298850577,2130239.0,0.0,0.29411764705882354,17.0
0x58c0743e9e46bdf2d166a588f1520ce64f117c95,0.03321761771729486,0.008483916,0,41.79375,2,1779681419,0.0,0.0,0.0,0.0,0.0,0.0,0.0,0.0,0.0,2.7416700000000023,0.051593977257522135,0.0,0.10318795451504427,,,-0.007278688811967526,1,0.4295547181782733,-0.3019722847212846,0.0,0.07185677435712227,19.5315,7212834.0,7212834.0,13.435823976037375,15.156976320000002,6675998.0,,0.7368421052631579,19.0
0xc6dd722558dbfbd8fa780efcbe819ed8c6604b9f,0.033216834394982755,0.008478213,0,28340.556910000003,6,1779921435,0.05275987137619899,0.056115577214086984,0.05275987137619899,0.05275987137619899,0.14978585922186877,0.0,0.05275987137619899,0.0,0.0,,0.05275987137619899,0.0,0.05275987137619899,,,0.027362740022587616,0,0.4295547181782733,,0.05275987137619899,0.0,0.0,32838820.0,32838820.0,42.27165534747932,0.0,32061968.0,0.0,,0.0
0xae216840e046bfb6987235769903eb18d1d73f5a,0.03321568151208147,0.00846982,0,1.45,2,1779835873,0.0,0.0,0.0,0.0,0.0,-0.1346966307801457,0.0,-0.11179241524406186,0.0,-1.3,-0.0218120879462695,-0.1122501078920001,-0.043624175892539,-0.4275,-0.4315846147041235,,1,0.4295547181782733,-0.08225264769947324,0.0,0.047968304894491054,1.97658,4659496.0,4659496.0,6.74029133938,2.3209854045454548,3968206.0,,0.3125,80.0
0x1af341dc5bcd5aade7d80c60ac4644fe42ecb80f,0.033214189550658184,0.008458958,0,12.036978999999999,3,1779835712,-0.012827801842556406,-0.015605720219086818,-0.012827801842556406,-0.012827801842556406,-0.017433418937778278,-0.029205955729791976,-0.012827801842556406,0.025638656126322972,0.0,-2.962879086025577,-0.015139630254111098,0.016618905902494187,-0.01745145866566579,-0.20352860986844004,-0.20095686794415377,,2,0.4295547181782733,-0.08210063571224226,-0.012827801842556406,0.07561636868742663,5.796,,,,11.325241827586208,,,0.2647058823529412,34.0
0x70b420fb891145d9561eb051f7f3ba8fb4a9604b,0.03321398692623219,0.008457483,0,12.95329,1,1779750145,-0.40939611222228833,-0.41275181806017636,-0.40939611222228833,-0.40939611222228833,-0.41275181806017636,-0.14651919107871317,-0.40939611222228833,-0.06190001202591793,0.0,,-0.40939611222228833,-0.1124449799999991,-0.40939611222228833,-0.8306997751577528,-0.7738997880259036,,1,0.4295547181782733,-0.0013105132812212322,-0.40939611222228833,0.017928880884549116,12.289885,7349174.0,7349174.0,12.136121487147475,15.451758957854407,6743612.0,,0.5588235294117647,102.0
0x61400d688a31d195a314c3cfecc56cefd0898be8,0.03321257191443124,0.0084471805,0,47.229,3,1779726366,0.02527051947307194,0.028146838762690023,0.02527051947307194,0.02527051947307194,0.07046982259563998,0.0,0.02527051947307194,0.0,0.0,0.5280000000000005,0.034310380097585524,0.0,0.04335024072209911,,,-0.008758243894486203,1,0.4295547181782733,-0.1449023582629845,0.02527051947307194,0.05734329223927053,16.362499999999997,,,,11.813973214285713,,,0.25925925925925924,27.0
0x9d77b70cd7f7b8aa1edc140e364dc4519d67cf31,0.03321117832157905,0.008437034,0,534.8124320000001,27,1779746573,-4.799741087807237e-09,-0.00028710619824747467,-4.799741087807237e-09,-4.799741087807237e-09,-0.0009915747810567345,-0.02570954282622696,-4.799741087807237e-09,-0.007942853033274366,0.0,-6.983492517083334,-0.003007447932302447,-0.01643703846697082,-0.006014891064863807,-0.24596480492761588,-0.22380326993089036,,4,0.4295547181782733,0.0020620756528726015,-4.799741087807237e-09,0.03358507077586468,10.8,5140216.0,5140216.0,8.538706623033605,18.11247819940476,4538226.0,,0.11920529801324503,145.0
0x168205abe04b2bbc665fada09297e284edec26ca,0.03321068203964154,0.00843342,0,598.3379600000001,6,1779706848,-0.0004891307850323815,-0.0019351890960519634,-0.0004891307850323815,-0.0004891307850323815,-0.025861637832216403,-0.0338462983519054,-0.0004891307850323815,-0.10996309748148894,0.0,-20.828536565996533,-0.01101524360700347,-0.1376387645098484,-0.021541356428974555,-0.21198431021163605,-0.15568355261761313,,1,0.4295547181782733,0.03956938119791111,-0.0004891307850323815,0.03813433569976304,39.0,8278178.0,8278178.0,14.722911794260714,136.2245452303371,7715913.0,,0.4263565891472868,129.0
0xe6c4e8508d6ebc4646ecea02ce781c44257d4c8b,0.03320945121459744,0.008424458,0,17.082,2,1779826318,0.0,0.0,0.0,0.0,0.0,-0.14716249480071272,0.0,-0.012806573836827017,0.0,-11.157999999999998,-0.019501544655807296,-0.013958539033346673,-0.03900308931161459,-0.4273166666666666,-0.4256127362736273,,1,0.4295547181782733,-0.07323106671815562,0.0,0.02738764041419796,33.1,,,,100.67849616258353,,,0.32967032967032966,182.0
0x934c48284b955942cc8809a6faa7e606887dcd38,0.03320635970120761,0.008401946,0,44.016,1,1779713944,-0.27516787870678433,-0.27852358454467235,-0.27516787870678433,-0.27516787870678433,-0.27852358454467235,0.6321970645590989,-0.27516787870678433,-0.15389983337641322,0.0,,-0.27516787870678433,-0.20879982135049435,-0.27516787870678433,-0.19220029764899496,-0.12990030967491384,,1,0.4295547181782733,0.03286952367374262,-0.27516787870678433,0.045102713851284115,4.55,12778291.0,12778291.0,22.44321441054094,149.7474206442786,12208930.0,,0.44808743169398907,179.0
0x9453a389c73df7991249d9f2c6e2c854157b1a48,0.033206327600652424,0.008401712,0,3372.59351,2,1779949521,0.0,0.0,0.0,0.0,0.0,0.0,0.0,0.0,0.0,-1.6888300000000014,-0.00041946322973595234,0.0,-0.0008389264594719047,,,-0.0011015018771900868,1,0.4295547181782733,-0.2168691762177718,0.0,0.017607645466999992,100.02039400000001,11838441.0,11838441.0,14.70727062208518,260.22108606751056,11033503.0,,0.5707964601769911,222.0
0xa3de21c8e8248a3bccfec6b68e33d4504802111a,0.033202999281020294,0.008377474,0,51.941596000000004,5,1779671125,-0.7338979197656267,-0.7372536256035147,-0.7338979197656267,-0.7338979197656267,-1.5503003437149856,-1.0391627238085468,-0.7338979197656267,-0.9201368699294934,0.0,,-0.7338979197656267,-0.9350797013577834,-0.7338979197656267,-0.8025056211155395,-0.8000481086975102,,2,0.4295547181782733,0.07329810306035064,-0.7338979197656267,0.08644980761260532,9.999998,,,,13.709030179880648,,,0.28846153846153844,52.0
0x371ca7c768d4129cacf0985443589d92e026c236,0.03320231360484148,0.00837248,0,11.09363,5,1779793315,-0.2704524653474988,-0.27380817118538675,-0.2704524653474988,-0.2704524653474988,-0.6033930167977356,-0.3243760147176132,-0.2704524653474988,-0.1498394058787576,0.0,,-0.2704524653474988,-0.15692445478559897,-0.2704524653474988,-0.4559199999999999,-0.4524999692658859,,1,0.4295547181782733,-0.0420704976834695,-0.2704524653474988,0.051605789313384845,19.485,11848799.0,11848799.0,18.264551463470276,34.966289925840094,11200067.0,,0.43478260869565216,46.0
0x1a0523bf9014f9c6b00f9eb68721c7f8720a302f,0.03320209839076261,0.008370913,0,4.62,2,1779911527,0.0027598328386365507,-0.006209623886932223,0.0027598328386365507,0.0027598328386365507,-0.019366932651103203,-0.06996505735728392,0.0027598328386365507,-0.03517943925233644,0.0,0.7679999999999997,0.005770559571694598,-0.04413423205360945,0.008781286304752644,-0.13449999999999915,-0.1197999999999991,,1,0.4295547181782733,-0.15368317491670028,0.0027598328386365507,0.061202182765960456,3.4450000000000003,3169187.0,3169187.0,4.132227385571828,9.544825312499999,2402243.0,0.0,0.40625,32.0
0x5bb3c0edb3b5ad08cf21c5d2ceb80d3d65794268,0.033200246173169884,0.008357422,0,96.0,2,1779878583,-0.006711411675775229,-0.020134235027325694,-0.006711411675775229,-0.006711411675775229,-0.034873518038861046,-0.01979999999999999,-0.006711411675775229,0.05106666666666617,0.0,-11.999999999999996,-0.008389264594719037,0.02666666670266619,-0.010067117513662844,-0.10129999991899998,-0.06740000000000002,,1,0.4295547181782733,-0.12257831213820439,-0.006711411675775229,0.124764266768429,5.456,13120022.0,13120022.0,17.874689373297002,77.7804787971727,12386022.0,0.0,0.47863247863247865,116.0
0x0448f9df3a55876f234245e59e288b740cd486d9,0.0331996299828923,0.008352934,0,2.02,2,1779834588,0.0,0.0,0.0,0.0,0.0,-0.13120001914639007,0.0,-0.10696722096389162,0.0,-0.18000000000000016,-0.003775169067623571,-0.10815000000000037,-0.007550338135247142,-0.41203840678893977,-0.4139344419277816,,1,0.4295547181782733,-0.0810393843231265,0.0,0.08841091683681701,3.63507,3651489.0,3651489.0,5.291974695835537,5.890000510869564,2961484.0,,0.23404255319148937,47.0
0xd7ee835cecd49a3f4c0f0c2b2e2382092ecb0e97,0.033198166207645395,0.008342273,0,580.849078,4,1779799243,2.463399236822544e-07,2.6118010689166097e-07,2.463399236822544e-07,2.463399236822544e-07,0.00012419737182981956,0.0,2.463399236822544e-07,0.0,0.0,-2.1207985297801533,-0.004256702090907326,0.0,-0.008513650521738334,,,0.07077184604528278,2,0.4295547181782733,-0.05581294783345151,2.463399236822544e-07,0.018227753120123032,63.374699500000006,17163688.0,17163688.0,26.217713011334126,370.18592734756095,16509028.0,,0.5028248587570622,175.0
0x953997781225ba9e786a611c0dfd2a7b55c624cc,0.03319612907071939,0.008327434,0,3.0,1,1779974131,-0.016778529189437702,-0.020134235027325694,-0.016778529189437702,-0.016778529189437702,-0.020134235027325694,-0.02548099999999999,-0.016778529189437702,-0.0034999964755224834,0.0,,-0.016778529189437702,-0.007249473494734913,-0.016778529189437702,-0.036699999999999997,-0.035499996475522516,,1,0.4295547181782733,-0.21279223360371324,-0.016778529189437702,0.1476992487171543,22.440269999999998,19372616.0,19372616.0,23.353218861355824,162.82857439423077,18543068.0,0.0,0.5172413793103449,58.0
0xfb45b5f23b209c8db273da484289ad669a9f5b7b,0.03319612907071939,0.008327434,0,2.0,1,1779973655,-0.016778529269974644,-0.020134235107862632,-0.016778529269974644,-0.016778529269974644,-0.020134235107862632,-0.02548100019919999,-0.016778529269974644,-0.0034999966747224828,0.0,,-0.016778529269974644,-0.0072494736939349115,-0.016778529269974644,-0.0373000001992,-0.03549999667472252,,1,0.4295547181782733,-0.2123428068588564,-0.016778529269974644,0.12717917615367774,21.199998,19547150.0,19547150.0,23.577144083987882,162.5430734132231,18718078.0,0.0,0.5625,80.0
0x8103d60b41fb5ce5e4e77410f3644e953ac04d0a,0.033195442764445394,0.0083224345,0,41.249938,3,1779761817,-0.0391199941185503,-0.04035150202848134,-0.0391199941185503,-0.0391199941185503,-0.0692181078240121,-0.2425763605442103,-0.0391199941185503,-0.14087945388620637,0.0,-3.748674980873978,-0.046681135982530486,-0.15717305749692734,-0.05424227784651068,-0.6328631314967478,-0.6061431052623604,,2,0.4295547181782733,-0.012330910268551364,-0.0391199941185503,0.019222953986404376,29.999999,6511732.0,6511732.0,10.549859534633542,47.907180476190476,5894498.0,,0.2624113475177305,141.0
0x7d858550e3f39cb2f605b36e5b068a15bcb63a04,0.03319387497422456,0.008311014,0,28.75638,5,1779743666,0.0006792312163712363,0.0013584624327426249,0.0006792312163712363,0.0006792312163712363,0.0030194702568846206,0.023895785200520114,0.0006792312163712363,0.08245289498057215,0.0,2.1659300000000004,0.006141350725078138,0.06926289353395651,0.011603470233785038,-0.26110600888837715,-0.23023098658660526,,2,0.4295547181782733,0.004806788987534073,0.0006792312163712363,0.012086697979720321,9.275457,12690203.0,12690203.0,21.18271257905833,20.809715691469194,12091120.0,,0.40327868852459015,303.0
0x9d8019321990b0e9d3947c74e7832f855b2afcaf,0.03319351688424708,0.008308405,0,19361.2,2,1779975619,0.0,0.0,0.0,0.0,0.0,0.0,0.0,0.0,0.0,0.0,0.0,0.0,0.0,,,0.00040300751753935137,1,0.4295547181782733,-0.21473251083203432,0.0,0.07587443091328848,27.968,,,,512.8944652886115,,,0.5555555555555556,45.0
0xffa14f82521b614393bc00bf98e20e213b133c38,0.03319273513347714,0.00830271,0,7.242179,3,1779813421,-3.243679915902485e-06,-4.0729912808114266e-06,-3.243679915902485e-06,-3.243679915902485e-06,-0.001099215556746565,-0.25072972468782634,-3.243679915902485e-06,-0.1649555261982545,0.0,-4.757651475788387,-0.02892126214346786,-0.16506323556637678,-0.057839280607019816,-0.2506681704340117,-0.2477556879864688,,1,0.4295547181782733,-0.06105405678450271,-3.243679915902485e-06,0.028281845037724917,1.049865,,,,3.2845793634361238,,,0.17391304347826086,299.0
0xb9c4cdeaab8ce3b994149b83ce9484a4ca4f4798,0.033191533969394414,0.008293959,0,31.125,2,1779726338,-0.12251896208117283,-0.12587466791906082,-0.12251896208117283,-0.12251896208117283,-0.1875181947961229,0.08855531505500644,-0.12251896208117283,0.020810634203942392,0.0,,-0.12251896208117283,-0.010088769006539315,-0.12251896208117283,-0.10864664062257365,-0.0724905268816201,,2,0.4295547181782733,0.021167433178457352,-0.12251896208117283,0.06621535393191039,1.82,,,,11.027209316770186,,,0.6129032258064516,31.0
0x9e27cf1af4ac4e0e17a77e2bf3ff0f0f3578a266,0.03319027711296736,0.008284803,0,310.72502,1,1779943510,-0.0067114116757752374,-0.010067117513663229,-0.0067114116757752374,-0.0067114116757752374,-0.010067117513663229,0.015200000080999972,-0.0067114116757752374,0.055600000000000004,0.0,,-0.0067114116757752374,0.041800000027,-0.0067114116757752374,-0.011932276582617186,-0.00040000000000093433,,1,0.4295547181782733,-0.18388068664097884,-0.0067114116757752374,0.04809427311279666,32.529,27849655.0,27849655.0,34.858823146545305,72.92795920560748,27050728.0,,0.7962962962962963,54.0
0x47ae6d13566c3418c4795c98ced1f197575eee94,0.033187999880858014,0.008268211,0,2639.2884300000005,10,1779899438,4.9676681990650084e-17,-0.0004474477730041891,4.9676681990650084e-17,4.9676681990650084e-17,-0.0012253583573877363,0.0,4.9676681990650084e-17,0.0,0.0,1.879118809800005,0.0029616489932971345,0.0,0.005923297986594219,,,0.007809251648023179,2,0.4295547181782733,-0.21207182896857507,4.9676681990650084e-17,0.07498994326476416,68.1125,18831473.0,18831473.0,24.947139516860855,204.73417678749996,18076618.0,0.0,0.6024096385542169,81.0
0x86e218a4991215e6cbf272fc7e504ff8295a2f3e,0.03318707560926421,0.008261477,0,340.55674,2,1779752253,-0.927961654494518,-0.9313173603324061,-0.927961654494518,-0.927961654494518,-1.312814706261018,-1.2865359928054438,-0.927961654494518,-0.9062428610816808,0.0,,-0.927961654494518,-0.92649874395451,-0.927961654494518,-1.784811570826699,-1.7590664808047625,,1,0.4295547181782733,-0.0033008317227301355,-0.927961654494518,0.007373490090586998,6.1828,43530050.0,43530050.0,71.634357463755,28.047131596553072,42922380.0,0.0,0.22873345935727787,529.0
0x53d89d557fe2b68a4cf2e75a76c43af2a08175f6,0.03318699789540208,0.00826091,0,7.43374,1,1779885156,-0.057046999244089146,-0.060402705081977134,-0.057046999244089146,-0.057046999244089146,-0.060402705081977134,0.0793000152777123,-0.057046999244089146,0.05079999999999987,0.0,,-0.057046999244089146,0.023499999999999882,-0.057046999244089146,-0.10280000000000009,-0.0767000000000001,,1,0.4295547181782733,-0.1287843667473306,-0.057046999244089146,0.03451339199999028,1.0584445,,,,1.8705200897435896,,,0.17307692307692307,52.0
0x847c9edf63828dfe09601ba63854e5a2dd269d31,0.033185737626052904,0.008251728,0,1.9999989999999999,2,1779827854,-0.02115552471043966,-0.024511230548327653,-0.02115552471043966,-0.02115552471043966,-0.054386745990424736,-0.005820712713497809,-0.02115552471043966,0.00482263681230227,0.0,,-0.02115552471043966,0.0007130891807439876,-0.02115552471043966,-0.1333998389467877,-0.13391994980596345,,2,0.4295547181782733,-0.07468131772676931,-0.02115552471043966,0.006737635821779188,5.2479,12979163.0,12979163.0,18.995629845259057,16.628754576672588,12295892.0,,0.36155606407322655,866.0
0x25ef822d7b54e2d3cd65099caf32a64d05f483cd,0.03318221295176529,0.008226044,0,0.82896,1,1779745707,-0.43959746476327727,-0.4429531706011653,-0.43959746476327727,-0.43959746476327727,-0.4429531706011653,-0.15889932089187792,-0.43959746476327727,-0.025245095233180685,0.0,,-0.43959746476327727,-0.07985133363342724,-0.43959746476327727,-0.895,-0.8406000120259188,,1,0.4295547181782733,0.0028797301928852725,-0.43959746476327727,0.00635964201553995,0.96261,8585460.0,8585460.0,14.28234440814208,1.474905725848564,7984336.0,0.0,0.10887397464578673,802.0
0x561d369fcfb4248edbe76eb64e700f60a7154134,0.03318117343487853,0.008218468,0,20.829148,2,1779743939,7.118047940895014e-05,7.21049011884626e-05,7.118047940895014e-05,7.118047940895014e-05,0.004344318355923037,0.0,7.118047940895014e-05,0.0,0.0,0.8346800279845777,0.0323609526920387,0.0,0.06465072490466846,,,0.037037513704529436,1,0.4295547181782733,-0.28695142320042827,7.118047940895014e-05,0.030592988751676327,10.032989,,,,10.944704765957447,,,0.7441860465116279,43.0
0x99728e5a77ad13fd4a210cf8eb9c84e37739a4e8,0.03318075592446965,0.008215426,0,10.0,1,1779809545,-0.2613942616483144,-0.2647499674862024,-0.2613942616483144,-0.2613942616483144,-0.2647499674862024,-0.32941479555449765,-0.2613942616483144,-0.25333195524302027,0.0,,-0.2613942616483144,-0.2561528574482799,-0.2613942616483144,-0.5018818738789902,-0.5013323471400403,,1,0.4295547181782733,-0.05739443900495408,-0.2613942616483144,0.0,0.0,,,,0.0,,,,0.0
0x435de433def7e8a8a2d676037501f30a06936074,0.03318014468406835,0.008210971,0,1.999999,1,1779972136,-0.02684563163262562,-0.030201337470513612,-0.02684563163262562,-0.02684563163262562,-0.030201337470513612,-0.04229996272469907,-0.02684563163262562,-0.029015415724700826,0.0,,-0.02684563163262562,-0.03139996595540089,-0.02684563163262562,-0.062499962724699966,-0.06101541572469997,,1,0.4295547181782733,-0.21090860680541615,-0.02684563163262562,0.13997387183576562,20.23944,19199714.0,19199714.0,23.20058534015344,118.71536912396692,18372161.0,0.0,0.6081081081081081,74.0
0x13d9ae2468492ae41d137d11f264c40f01508786,0.03317923928104404,0.008204373,0,12.503,2,1779697643,-0.039187437301506506,-0.15870912107110086,0.02743120611105463,0.07249675900778658,-0.2076994729228959,-0.07705638536280862,-0.02847982661700813,0.06232616497276268,0.0,0.43399999999999994,0.006362328182572296,0.017897986577181654,-0.03430026839666347,-0.10278136770663407,-0.05358146783181143,,1,0.4295547181782733,0.04826050133742223,0.003918743730150778,0.08839705995836443,4.782500000000001,2682655.0,2682655.0,4.850567750334503,13.611164482758621,2129595.0,0.0,0.65,20.0
0xc435b580c0be45455af4c556b31ded0b836a2494,0.033177290285516144,0.008190168,0,344.32612600000004,7,1779743663,-2.10955354388761e-08,-5.9368922991675055e-08,-2.10955354388761e-08,-2.10955354388761e-08,-0.00016727603063404565,-0.07424752401109651,-2.10955354388761e-08,0.08884216977757972,0.0,-17.224603366853774,-0.013720277170489707,0.061768443239197945,-0.027440533245443977,-0.8557727381248874,-0.8003572399531225,,1,0.4295547181782733,0.0048096215090352714,-2.10955354388761e-08,0.01327471477786311,23.999999,9774781.0,9774781.0,16.316320024036855,50.01265420660277,9175701.0,,0.296875,319.0
0x5666ffa1ca295ef3161f950547480a63115ac630,0.0331769793918518,0.008187902,0,1996.0,1,1780027265,-0.003355705837887246,-0.0067114116757752374,-0.003355705837887246,-0.003355705837887246,-0.0067114116757752374,-0.006914606741573041,-0.003355705837887246,-0.0031999272193807844,0.0,,-0.003355705837887246,-0.008099921970580636,-0.003355705837887246,-0.00769999999999998,-0.0032000052488001616,,1,0.4295547181782733,-0.2629599660852759,-0.003355705837887246,0.031118874701015282,7.78722,17339842.0,17339842.0,19.64449484638862,179.2352357089202,16457160.0,,0.375,77.0
0x97a67e774ef32956d8c3fa8fef543639be872190,0.03317587167235622,0.0081798285,0,44.672889,2,1779714320,-8.06242099970179e-07,-3.4906499345346757e-06,-8.06242099970179e-07,-8.06242099970179e-07,-0.0010544728932037548,0.5255669544887668,-8.06242099970179e-07,-0.1264401009735485,0.0,-5.326561092832219,-0.008484524480915382,-0.15559155430277946,-0.016968242719730794,-0.2748524325318342,-0.2153374432940015,,1,0.4295547181782733,0.03251451431225906,-8.06242099970179e-07,0.02697482915299594,89.999999,5099531.0,5099531.0,8.95067548711072,136.90063742077228,4529794.0,0.0,0.3699421965317919,172.0
0x2467ac6a4199a16fefbff6db1c15b9b0a0cde1c8,0.0331737120478778,0.008164087,0,6.909988,4,1779751949,0.002741710958240956,-0.020394617942904782,0.002741710958240956,0.002741710958240956,-0.10274942424408133,-0.2482115537688848,0.002741710958240956,-0.0792934411683162,0.0,0.06274080267992653,0.013561551877117776,-0.10387076679998547,0.0243813927959946,-1.080027913364112,-1.0300803523046564,,1,0.4295547181782733,-0.003013802877275341,0.002741710958240956,0.002030101460380597,1.687384,44691634.0,44691634.0,73.5827063088813,2.033188162142857,44084268.0,0.0,0.44908350305498984,855.0
0x7b7e55e6df09f1127dcd57dc6829a03e0a0150aa,0.03317105135538735,0.0081446925,0,1.1,1,1779825426,-0.1644295860564928,-0.1677852918943808,-0.1644295860564928,-0.1644295860564928,-0.1677852918943808,-0.2535470485365469,-0.1644295860564928,0.03419999999999945,0.0,,-0.1644295860564928,0.029999999999999485,-0.1644295860564928,-0.3634623959940209,-0.36579974195288834,,1,0.4295547181782733,-0.07238886365846589,-0.1644295860564928,0.0,0.0,,,,0.0,,,,0.0
0x0000000000000000000000000000000000000000,0.03316906462645737,0.0081302095,0,1166328.518308992,3000,1779659335,0.00011107191518527515,0.0008958403803970153,0.00011107191518527515,0.00011107191518527515,0.012505157519044569,-0.02447130034261487,0.00011107191518527515,-0.011026650089360827,0.010167588465351008,-3.8929426934317566,-0.0014688780473862796,-0.014023127486223766,-0.0030488280099578344,-0.3512232536756906,-0.3297708608751551,0.00988990378369081,6,0.4295547181782733,0.08434871361036023,0.00011107191518527515,0.0,0.0,178453000.0,178453000.0,346.67762339922916,0.0,177938248.0,0.0,,0.0
0xb6987e4a9b5f238bf627ff2aa511f0c0da50976a,0.033168039176398274,0.008122734,0,20.38697,2,1779915697,0.008925511764544551,0.012231392627436105,0.008925511764544551,0.008925511764544551,0.012323221360874725,-0.0005070537612104046,0.008925511764544551,-0.0004053459638937643,0.0,-0.4520044353112104,0.008855133296770627,-0.0005219167520983345,0.008784754828996702,-0.11049917432789948,-0.09459917432789952,,1,0.4295547181782733,-0.15762037980336635,0.008925511764544551,0.07420131483814063,5.60208,5542346.0,5542346.0,7.18745347639908,45.39486376065276,4771232.0,,0.15942028985507245,69.0
0x1b043ff5e7a1db51ed6c43e4dad69899ab33e8e0,0.03316756127373024,0.00811925,0,24.999998,2,1779686912,-0.3296947581592994,-0.33305046399718735,-0.3296947581592994,-0.3296947581592994,-0.4778020683988626,-0.3709849304571781,-0.3296947581592994,-0.15117306628268762,0.0,,-0.3296947581592994,-0.17241970262018405,-0.3296947581592994,-0.39097108903710664,-0.38197193450023925,,2,0.4295547181782733,0.058392430747209734,-0.3296947581592994,0.07052730023186118,1.0,10665644.0,10665644.0,19.666372257430453,26.130311154929576,10123315.0,,0.12850467289719625,427.0
0x1f501ca5f193532e90396cbd5dbb1f735d5ae621,0.0331670689425707,0.00811566,0,15.13072,8,1779674998,0.017529279131040486,0.05642509234396158,0.017529279131040486,0.017529279131040486,0.1501796977437809,0.0,0.017529279131040486,0.0,0.0,0.20431922802001426,0.023705727911844145,0.0,0.029882176692647807,,,0.009374835962174404,3,0.4295547181782733,0.038685634489537137,0.017529279131040486,0.07245797325899188,9.989999,,,,14.189430576779028,,,0.18461538461538463,65.0
0xeafeed562a12ebae13f974b294d10986fa083b59,0.03316692778509428,0.008114631,0,0.872,1,1780024757,-0.00335570583788724,-0.006711411675775232,-0.00335570583788724,-0.00335570583788724,-0.006711411675775231,-0.007126384609905087,-0.00335570583788724,0.0038999999999991633,0.0,,-0.00335570583788724,-9.990019990076798e-05,-0.00335570583788724,-0.008,-0.004099999999999963,,1,0.4295547181782733,-0.26059197811027385,-0.00335570583788724,0.019183871666467348,57.739000000000004,32453554.0,32453554.0,36.871748086173874,42.97954168103448,31573380.0,,0.06097560975609756,82.0
0xf0a49e02312cb12c16a0828d9daf8dc7eab716bd,0.033166530375622734,0.008111734,0,5.6,1,1779973508,-0.016778529218200892,-0.020134235056088884,-0.016778529218200892,-0.016778529218200892,-0.020134235056088884,-0.02548100007114284,-0.016778529218200892,-0.0038586081811962675,0.0,,-0.016778529218200892,-0.007249473565877761,-0.016778529218200892,-0.03730000007114284,-0.0358586081811963,,1,0.4295547181782733,-0.21220401330529767,-0.016778529218200892,0.07385254809220651,25.9999985,19703891.0,19703891.0,23.77041469372983,112.23098681506848,18874966.0,0.0,0.6266666666666667,75.0
0x48845b18510e90ed6bb0aab663527b7fb33a6af1,0.03316622481672608,0.008109506,0,4.803,4,1779911963,-0.00212528036399549,-0.0025727078090471717,-0.00212528036399549,-0.00212528036399549,-0.014091301008848294,-0.05542666657306821,-0.00212528036399549,-0.04088116141412183,0.0,-0.4845,-0.004835012828089739,-0.04933083539640469,-0.007544745292183989,-0.14657705576112084,-0.132174653575709,,1,0.4295547181782733,-0.15409483470820778,-0.00212528036399549,0.06300214144507994,16.49,3416731.0,3416731.0,4.452462925799473,15.22294282208589,2649351.0,0.0,0.4117647058823529,34.0
0x72ef81e57956bf98debede0750d3be6f7da8f569,0.03316470127830036,0.008098398,0,113.999999,5,1779842197,-0.060251410744824783,-0.06360711658271279,-0.060251410744824783,-0.060251410744824783,-0.13824731949498179,-0.09246960472323089,-0.060251410744824783,-0.09084165903084022,0.0,,-0.060251410744824783,-0.09322143724419087,-0.060251410744824783,-0.16259022677359253,-0.16023827861151768,,3,0.4295547181782733,-0.08822360302399995,-0.060251410744824783,0.13410493242780147,16.0,11412243.0,11412243.0,16.35896498636782,148.1852542562963,10714629.0,,0.25892857142857145,112.0
0x3cd42bdcaeb82700e79ece54412496e4636630db,0.03316298838422601,0.008085909,0,1.6,1,1779964298,-0.03355705874800343,-0.03691276458589142,-0.03355705874800343,-0.03355705874800343,-0.03691276458589142,-0.06990000091300004,-0.03355705874800343,-0.05120000091299998,0.0,,-0.03355705874800343,-0.05470669947759329,-0.03355705874800343,-0.08079999958293592,-0.075200000913,,1,0.4295547181782733,-0.20350817229661788,-0.03355705874800343,0.03261626639155083,21.199998,19450691.0,19450691.0,23.72860201411466,29.499233621052625,18630976.0,0.0,0.29411764705882354,51.0
0x92bd780a05239d619d0535ebddaadc73960ea5c3,0.03316045841331771,0.008067462,0,3.5311179999999998,4,1779778932,-3.3582666062137143e-06,-1.007481831602607e-05,-3.3582666062137143e-06,-3.3582666062137143e-06,-0.0013511614124728695,-0.14205230841628724,-3.3582666062137143e-06,-0.13815142249764875,0.0,-0.2343585940738127,-0.007344608992925308,-0.14440134075784136,-0.014685859719244401,-0.6204865703704233,-0.6053994212881719,,1,0.4295547181782733,-0.02849044543288954,-3.3582666062137143e-06,0.0053031582232125575,2.08487,6972619.0,6972619.0,10.99177109130778,4.545246248435244,6338270.0,,0.4786184210526316,606.0
0x21589728573b61b4d5d235f844267835a97fcf43,0.03316044168200211,0.00806734,0,17.097059,3,1779745421,0.011957847530049035,0.012705213000677189,0.011957847530049035,0.011957847530049035,0.02692200357413295,-0.19694648144657753,0.011957847530049035,-0.10004367260449426,0.0,-13.261364963000002,-0.037350117972561235,-0.11823120681826502,-0.0866580834751715,-1.2600771217026172,-1.2143826189837315,,2,0.4295547181782733,0.003149763909332875,0.011957847530049035,0.020318493110085642,9.7812,8140809.0,8140809.0,13.54909143562824,14.553699071599047,7539971.0,,0.401673640167364,239.0
0xad64ceaa17b3167748bc0a5713f8d5e0e0e2de75,0.03316030617141814,0.0080663515,0,89.2292,1,1779751415,-0.5954981888621953,-0.5988538947000833,-0.5954981888621953,-0.5954981888621953,-0.5988538947000833,-0.6053239494611637,-0.5954981888621953,-0.35420473202591896,0.0,,-0.5954981888621953,-0.3965414734552464,-0.5954981888621953,-1.2215317107427632,-1.1766234027686822,,1,0.4295547181782733,-0.0025096140500619852,-0.5954981888621953,0.0752646555596373,9.999999,7520208.0,7520208.0,12.392569936984206,120.33950127713177,6913376.0,,0.2653061224489796,49.0
0x606ed7945996ae85a8002b05f83319c518b96b3a,0.03315959375982074,0.008061157,0,13.8504,1,1779988152,-0.013422823351550102,-0.016778529189438094,-0.013422823351550102,-0.013422823351550102,-0.016778529189438094,-0.028220143884893006,-0.013422823351550102,-0.012399999999999124,0.0,,-0.013422823351550102,-0.016199999999999125,-0.013422823351550102,-0.030800000672300036,-0.028400000000000033,,1,0.4295547181782733,-0.22603049492648192,-0.013422823351550102,0.015920367214455847,35.8307,11661437.0,11661437.0,13.823927858894768,100.95402782838285,10817868.0,0.0,0.6804979253112033,239.0
0xdc82b9c63f21e075704d39b3cc960fe23f18d2fa,0.03315776988490507,0.008047856,0,13.979,2,1780029953,0.0,0.0,0.0,0.0,0.0,0.0,0.0,0.0,0.0,-0.007000000000000006,-0.00041946322973595234,0.0,-0.0008389264594719047,,,-1.1092883580476484e-16,1,0.4295547181782733,-0.2661484411217918,0.0,0.13279275108475683,21.2731,8625607.0,8625607.0,9.742375504026565,353.4332248837209,7740237.0,0.0,0.55,20.0
0x45eaf6ef3cbfa6cd55976f72a909df077658e966,0.03315507824679379,0.008028227,0,4.725,1,1779824149,-0.18120811524593103,-0.18456382108381902,-0.18120811524593103,-0.18120811524593103,-0.18456382108381902,-0.2583512908458545,-0.18120811524593103,0.00447492276151441,0.0,,-0.18120811524593103,0.0005749227615144065,-0.18120811524593103,-0.41059999306358186,-0.40759999306358186,,1,0.4295547181782733,-0.071183153672789,-0.18120811524593103,0.0,0.0,,,,0.0,,,,0.0
0x8529548c9db71136d5e82886d99cb303150ab120,0.03315496267850094,0.008027384,0,0.597,2,1779925985,0.0036530468614977066,0.005479570292246866,0.0036530468614977066,0.0036530468614977066,0.007427211997541545,-0.020643037869800446,0.0036530468614977066,-0.03246778826234862,0.0,-0.36,-0.00016990915634894355,-0.035679358308227445,-0.003992865174195594,-0.16823401867615284,-0.1543493071514189,,1,0.4295547181782733,-0.16733404020481019,0.0036530468614977066,0.07144003452922544,14.55,3183345.0,3183345.0,4.073888984159242,13.912089285714286,2401943.0,0.0,0.4827586206896552,29.0
0xc91b7d9f4463c9985f562149c31841cde87793bd,0.03315479398780166,0.008026154,0,5.68,2,1779924088,-0.10942778031123424,-0.11278348614912223,-0.10942778031123424,-0.10942778031123424,-0.15569587027944778,-0.17410356557330858,-0.10942778031123424,-0.24286746405808435,0.0,,-0.10942778031123424,-0.25782544482224873,-0.10942778031123424,-0.24336151867615285,-0.22833251033200164,,1,0.4295547181782733,-0.16554294244221893,-0.10942778031123424,0.0,0.0,2805668.0,2805668.0,3.599294424025503,0.0,2026163.0,0.0,,0.0
0x14c8b146e169d321a456131b10ed2b9257b7b7d3,0.03315423505414043,0.008022077,0,33.72855,2,1779693198,0.0228624196555655,0.0975873078372206,-0.015471158559559365,-0.04165311919881354,0.1638685219505991,0.0,0.013090980319627287,0.0,0.0,-0.15483000000000013,-0.018990285726181826,0.0,0.01582416532232058,,,-0.042192756332571135,1,0.4295547181782733,0.04715204125661984,-0.015471158559559365,0.10695189943651287,12.792,2670246.0,2670246.0,4.867249346080585,14.491841269841272,2121631.0,0.0,0.5294117647058824,17.0
0xb462b1412dd35d06cec84042815ecdb069cffc89,0.03315401337312495,0.008020461,0,92.2,1,1779712976,-0.2583893495173459,-0.2617450553552339,-0.2583893495173459,-0.2583893495173459,-0.2617450553552339,0.6075999879740817,-0.2583893495173459,-0.06440001202591808,0.0,,-0.2583893495173459,-0.12424999999999921,-0.2583893495173459,-0.10641809769947272,-0.04556529616606955,,1,0.4295547181782733,0.03378348394479604,-0.2583893495173459,0.03146996979775534,13.6148145,,,,82.00990124643197,,,0.5761047463175123,479.0
0xc2634869e6f4661c498d8bb07a6d23526f37362a,0.033152643094425394,0.008010467,0,2.064648,2,1779820911,0.0001758239274054146,0.00019000312062651296,0.0001758239274054146,0.0001758239274054146,0.006535998102337755,0.0,0.0001758239274054146,0.0,0.0,0.06634072876722542,0.026160851872682685,0.0,0.052145879817959956,,,0.04802452364392032,1,0.4295547181782733,-0.22883280286500107,0.0001758239274054146,0.0,0.0,5048011.0,5048011.0,7.463850380288854,0.0,4371683.0,,,0.0
0xac3874733d8a0f67cf159bda2dbd687f919aefff,0.033150317666000524,0.007993505,0,3.1795199999999997,2,1779843459,-0.12216822152305826,-0.12552392736094622,-0.12216822152305826,-0.12216822152305826,-0.17528085658027534,-0.1675129944035228,-0.12216822152305826,-0.1944234815945865,0.0,,-0.12216822152305826,-0.20294072050428422,-0.12216822152305826,-0.24464442168375544,-0.23522634567901235,,1,0.4295547181782733,-0.08941515040217085,-0.12216822152305826,0.0,0.0,11421805.0,11421805.0,16.34310664552796,0.0,10722929.0,,,0.0
0xc80ffc66a00a1a688f68e588b32487cb573e93c8,0.0331494662911229,0.007987295,0,372.016,2,1779921250,0.004113349644841755,0.004486205849051531,0.004113349644841755,0.004113349644841755,0.013458617547154597,-0.27507086138938036,0.004113349644841755,-0.2707999999999998,0.0,-29.187199999999986,-0.023093221863934178,-0.27333333333333315,-0.05029979337271011,-0.6701999999999997,-0.6652999999999997,,1,0.4295547181782733,-0.162863377102085,0.004113349644841755,0.0,0.0,37653291.0,37653291.0,48.48061138171185,0.0,36876624.0,,,0.0
0xf3b550c43f97a626049036e6f6dbb1f9413e4c72,0.03314823216701048,0.007978293,0,200.922899,2,1779752196,-6.969110923234297e-22,6.228556473943642e-09,-6.969110923234297e-22,-6.969110923234297e-22,4.571783385203785e-06,-0.5014415693926476,-6.969110923234297e-22,-0.26938321071717464,0.0,-199.077102426,-0.09048182830800386,-0.28576227372367075,-0.18096365661600772,-1.5859475702336199,-1.548389383417856,,1,0.4295547181782733,-0.0032470138142073612,-6.969110923234297e-22,0.053954548768910635,36.899275,10979714.0,10979714.0,18.07024207842821,100.51374670135745,10372101.0,,0.308411214953271,107.0
0xcfaa17111d4a6ead80ea5999237cdfa4bf7dc4cf,0.033148168074460416,0.007977826,0,14.752,1,1779712553,-0.2583893495173459,-0.2617450553552339,-0.2583893495173459,-0.2583893495173459,-0.2617450553552339,0.5276009682216598,-0.2583893495173459,-0.03465209602001021,0.0,,-0.2583893495173459,-0.09075208399409132,-0.2583893495173459,-0.0400870816066486,0.02359998797408111,,1,0.4295547181782733,0.03418286947646505,-0.2583893495173459,0.19273161676528475,4.14,,,,5.942631764705882,,,0.4444444444444444,9.0
0xaeed4dfbe9193b1e30630ec8e019cc15e23d462d,0.03314673087514175,0.007967342,0,1.18762,1,1779941312,-0.003355705837887246,-0.0067114116757752374,-0.003355705837887246,-0.003355705837887246,-0.0067114116757752374,0.021400016720383497,-0.003355705837887246,0.10239999999999998,0.0,,-0.003355705837887246,0.08914546053460533,-0.003355705837887246,9.99999999999595e-05,0.0063999999999999856,,1,0.4295547181782733,-0.18180539255443398,-0.003355705837887246,0.13646375158261836,1.011989,,,,2.5395811186440684,,,0.4897959183673469,49.0
0x24c8cf69a0e0a17eee21f69d29752bfa32e823e1,0.03314669512785785,0.007967081,0,387.68848,5,1779660366,-0.43287129046625644,-0.43622699630414435,-0.43287129046625644,-0.43287129046625644,-1.0682861583945589,-0.5131956303617312,-0.43287129046625644,-0.3493865089070292,0.0,,-0.43287129046625644,-0.3498687001725218,-0.43287129046625644,-0.8251598229378814,-0.8259621390908596,,2,0.4295547181782733,0.08345646933748266,-0.43287129046625644,0.0,0.0,99057594.0,99057594.0,192.05284780615105,0.0,98541811.0,,,0.0
0x03ba990052a23d7e6db4ad5f4619e1efd831257d,0.03314661099421874,0.007966467,0,202.31464799999998,2,1779797748,1.129536608150865e-05,1.1440784316875905e-05,1.129536608150865e-05,1.129536608150865e-05,0.001737954110108621,0.0,1.129536608150865e-05,0.0,0.0,8.183064618283064,0.03259170322627062,0.0,0.06517211108645973,,,0.07053302873848641,1,0.4295547181782733,-0.30303825697956904,1.129536608150865e-05,0.146390619867025,20.1328185,2438038.0,2438038.0,3.732652545681413,36.52071727777778,1784873.0,0.0,0.29411764705882354,16.0
0xcc2620f9e3cb4498e8aea556764ec341357932ca,0.033141693045610356,0.007930589,0,90.25310999999999,4,1779920888,0.009962031080940004,0.010810833520835754,0.009962031080940004,0.009962031080940004,0.021495512873715525,-0.16321226667065797,0.009962031080940004,-0.17071235689019312,0.0,-54.89587623560326,-0.006627644532503054,-0.17434873923512798,-0.023217320145946112,-0.41348398069099773,-0.40254678755845136,,1,0.4295547181782733,-0.16252158617427373,0.009962031080940004,0.0,0.0,,,,0.0,,,,0.0
0x2fd4103779359fb063e5ede36dd7aebd5f635127,0.033141429193663675,0.007928664,0,38.812499,2,1779804459,-2.871487170085926e-07,-4.839065731449291e-06,-2.871487170085926e-07,-2.871487170085926e-07,-0.001117896196259029,-0.08858448038919596,-2.871487170085926e-07,-0.03552914505590568,0.0,-1.1867494995156231,-0.0019158158757236338,-0.03522902611958973,-0.003831344602730259,-0.49795695865617284,-0.5030569586561728,,1,0.4295547181782733,-0.05259237088658867,-2.871487170085926e-07,0.09757224450432547,10.39,20663954.0,20663954.0,31.314904618443464,57.77398908843537,20004078.0,,0.4142857142857143,70.0
0x05474155c749a558ae6adb76050a748a8820fb35,0.03313948681049403,0.007914492,0,9.84,1,1779878051,0.050335587568313904,0.0536912934062019,0.050335587568313904,0.050335587568313904,0.0536912934062019,0.0,0.050335587568313904,0.0,0.0,,0.050335587568313904,0.0,0.050335587568313904,,,0.007995912993348711,0,0.4295547181782733,,0.050335587568313904,0.0,0.0,53725076.0,53725076.0,73.24801627337526,0.0,52991608.0,0.0,,0.0
0x21ffd2b7a212a6f277ed3eca1a9f8efcbca90d71,0.03313948681049403,0.007914492,0,1.12575,1,1779926621,0.04697988173042625,0.05033558756831424,0.04697988173042625,0.04697988173042625,0.05033558756831424,0.0,0.04697988173042625,0.0,0.0,,0.04697988173042625,0.0,0.04697988173042625,,,0.009898081998331814,0,0.4295547181782733,,0.04697988173042625,0.0,0.0,49079247.0,49079247.0,62.75813579391283,0.0,48297209.0,0.0,,0.0
0x7a3c613f4db5ec4f6f9cb8583ba45fd2fe41977c,0.033139399503482256,0.007913855,0,1000.51482,2,1779884043,-0.0029462417714847563,-0.005892483542970167,-0.0029462417714847563,-0.0029462417714847563,-0.0062886312381633105,0.0,-0.0029462417714847563,0.0,0.0,0.9183000000000008,-0.002178496646980003,0.0,-0.001410751522475249,,,0.006495412366404685,1,0.4295547181782733,-0.1819526836724963,-0.0029462417714847563,0.10683915163049486,27.4125,12336842.0,12336842.0,16.683582614340196,199.09510220286398,11597382.0,,0.5675675675675675,37.0
0x6080a724d6692f002277eb6e6c693f0a54bf0f44,0.03313816114636731,0.007904819,0,0.91084,3,1779955525,0.0,0.0,0.0,0.0,0.0,-0.025506127666248414,0.0,-0.010701823462552901,0.0,-0.40076,-0.002636513236339086,-0.0136599510588004,-0.005273026472678172,-0.07499413667813641,-0.07029999975524949,,1,0.4295547181782733,-0.19522493525327936,0.0,0.14922937915609236,2.7056,4881160.0,4881160.0,6.019123439160877,5.969155403041825,4070218.0,,0.39215686274509803,153.0
0x89a0115c606c00640ce13da5f66e5891fe7c23b6,0.03313496909193926,0.007881527,0,6.203578,2,1779810856,0.00018439739689156542,0.00019007116142954675,0.00018439739689156542,0.00018439739689156542,0.006537135902815993,0.0,0.00018439739689156542,0.0,0.0,0.20865005590539573,0.027426464960493273,0.0,0.05466853252409498,,,0.05117885722545027,1,0.4295547181782733,-0.2695654062260711,0.00018439739689156542,0.028171326658607183,2.905215,,,,2.9779808333333335,,,0.3492063492063492,63.0
0x5cc8eeaf98afcc858319c3df0680d484f707a7ea,0.03313446638000628,0.007877858,0,44.912459,2,1779769587,-0.0001478102150909418,-0.000238300096747015,-0.0001478102150909418,-0.0001478102150909418,-0.011012330328592208,-0.2432487462356382,-0.0001478102150909418,-0.17951052768284279,0.0,-20.17705997717719,-0.03958637237458107,-0.1976037187132854,-0.0790249345340712,-1.085387467669628,-1.0512180224269028,,1,0.4295547181782733,-0.019667140956655813,-0.0001478102150909418,0.12536540766082777,5.092439000000001,,,,15.639846202380951,,,0.19642857142857142,56.0
0x42477970683d4d0a52ec7082fee5d760cc5591c4,0.03313396954602601,0.007874233,0,5.87,1,1779746071,-0.37919476763209364,-0.38255047346998167,-0.37919476763209364,-0.37919476763209364,-0.38255047346998167,-0.018845190161503822,-0.37919476763209364,0.10079996830859522,0.0,,-0.37919476763209364,0.0416999808083812,-0.37919476763209364,-0.7492000191916187,-0.6912000316914048,,1,0.4295547181782733,0.0025360509174065056,-0.37919476763209364,0.0,0.0,5446090.0,5446090.0,9.05436184928045,0.0,4844602.0,,,0.0
0x0d05b729b369f742a3b47b1312de4424ad396a81,0.03313344898199873,0.007870434,0,334.73622,3,1779749481,-0.046424428557859054,-0.04978013439574704,-0.046424428557859054,-0.046424428557859054,-0.14163732122389672,-0.01223437928376202,-0.046424428557859054,0.027080991367629172,0.0,,-0.046424428557859054,0.012319265033519133,-0.046424428557859054,-0.3251054611688024,-0.29637906507973305,,3,0.4295547181782733,-0.0006835818556226023,-0.046424428557859054,0.04477855226377919,10.0,55182362.0,55182362.0,91.22589593617437,52.626707997405966,54577464.0,0.0,0.3246753246753247,76.0
0x74bfa2b20ef9bea8f053ef830fea4a8372e7a955,0.03313293684863216,0.007866696,0,82.83708,1,1780065616,3.725581885091884e-16,-0.0033557058378876187,3.725581885091884e-16,3.725581885091884e-16,-0.0033557058378876187,0.0009000000000008888,3.725581885091884e-16,0.0038999999999999634,0.0,,3.725581885091884e-16,-7.025630077706068e-18,3.725581885091884e-16,-6.938893903907228e-18,0.003899999999999963,,1,0.4295547181782733,-0.2991699767827654,3.725581885091884e-16,0.09079021642377269,51.1919995,12263883.0,12263883.0,13.315356778747342,104.94083061904765,11342850.0,,0.6363636363636364,22.0
0x33039159ffe95333ef0661ac84b17b27fae69895,0.0331319739871346,0.00785967,0,1.88717,2,1779712007,-8.893407897987725e-06,-7.91512715143565e-05,-8.893407897987725e-06,-8.893407897987725e-06,-0.004862010735170053,0.03633761415768129,-8.893407897987725e-06,-0.11724319329670438,0.0,-0.11230009395018888,-0.004202417538499969,-0.1468868204484444,-0.008395941669101951,-0.18766686061921417,-0.1263668743183332,,1,0.4295547181782733,0.0346983883896832,-8.893407897987725e-06,0.010263310478454732,7.254,57231977.0,57231977.0,100.86280629652606,14.628864687431692,56664553.0,0.0,0.4148606811145511,323.0
0x0bd6da64c041e7cd802b9c95c1b4da164e028c92,0.033131940297042674,0.007859424,0,13.46443,1,1779696579,-0.28911851477317513,-0.29247422061106315,-0.28911851477317513,-0.28911851477317513,-0.29247422061106315,-0.1404055035513429,-0.28911851477317513,-0.044405503551342485,0.0,,-0.28911851477317513,-0.10029319919520573,-0.28911851477317513,-0.14814124213692567,-0.09871797992670722,,1,0.4295547181782733,0.04926510229651401,-0.28911851477317513,0.0016375778549917487,4.03211,5703272.0,5703272.0,10.332089362966398,4.877886029159519,5151276.0,,0.536923076923077,1300.0
0x1ac6b3153f79f907f00d4042b66ee59de78eb2ed,0.03313038140079115,0.007848047,0,3.9999979999999997,3,1779900019,-0.06435196919567167,-0.06770767503355966,-0.06435196919567167,-0.06435196919567167,-0.11556920989923267,-0.1201765232033937,-0.06435196919567167,-0.0908774075591494,0.0,,-0.06435196919567167,-0.10357581213648433,-0.06435196919567167,-0.14524068715903218,-0.13326942858674615,,2,0.4295547181782733,-0.14281762243810234,-0.06435196919567167,0.02601135011352679,3.999999,8933232.0,8933232.0,11.82526646863533,7.2228107899729,8177796.0,,0.2247191011235955,356.0
0xa84f6eac41dcefff5c8f59b28fcaa31af9dcbc44,0.03312941937663899,0.0078410255,0,71.8191,1,1779984574,-0.013422823351550102,-0.016778529189438094,-0.013422823351550102,-0.013422823351550102,-0.016778529189438094,-0.028075869802772442,-0.013422823351550102,-0.0025999999999999695,0.0,,-0.013422823351550102,-0.008100000000000008,-0.013422823351550102,-0.030949473494734977,-0.02659999999999999,,1,0.4295547181782733,-0.22265224094938568,-0.013422823351550102,0.013960031370891739,49.3,38766801.0,38766801.0,46.15144805122912,155.85643803815032,37926810.0,,0.5056603773584906,265.0
0x40caba763f208beac9733ae7defb0440265298f4,0.03312686840143201,0.0078224065,0,0.999999,1,1779793639,-0.2856998894240895,-0.2890555952619775,-0.2856998894240895,-0.2856998894240895,-0.2890555952619775,-0.3541167965513843,-0.2856998894240895,-0.13464986004496127,0.0,,-0.2856998894240895,-0.14214986645929073,-0.2856998894240895,-0.4742498664592906,-0.4706498600449611,,1,0.4295547181782733,-0.04237641000559895,-0.2856998894240895,0.05904804009721471,1.9771239999999999,4196344.0,4196344.0,6.465303456096239,3.682927417431193,3547288.0,0.0,0.33121019108280253,156.0
0xd6ddc6559313bcc819f1df1b3647f3930da998ee,0.03312650144001425,0.007819728,0,661.3,3,1779765111,-0.48895881515285,-0.492314520990738,-0.48895881515285,-0.48895881515285,-0.8514714827430045,-0.5596838709677424,-0.48895881515285,-0.21531535587511672,0.0,,-0.48895881515285,-0.255501614564268,-0.48895881515285,-1.0653361165660475,-1.0177408926338296,,1,0.4295547181782733,-0.015441018876867458,-0.48895881515285,0.0,0.0,24965408.0,24965408.0,40.232524559729775,0.0,24344880.0,,,0.0
0x8a4fb160391f401990bf910909aa42cd6876a6e1,0.033126337737699525,0.007818533,0,1.034,1,1779901393,-0.07046982259563955,-0.07382552843352755,-0.07046982259563955,-0.07046982259563955,-0.07382552843352755,-0.1456,-0.07046982259563955,-0.033600000000000796,0.0,,-0.07046982259563955,-0.04642009284609054,-0.07046982259563955,-0.15249999999803313,-0.1375999999999991,,1,0.4295547181782733,-0.1441149172856513,-0.07046982259563955,0.0744149147183488,20.097,3400583.0,3400583.0,4.493311399162273,13.40414651376147,2643773.0,0.0,0.34615384615384615,26.0
0x9a8d4e51e8e079f26a98f2a660489103640edbba,0.033125212193794155,0.0078103174,0,3.4705589999999997,4,1779957883,-0.0024803990351363737,-0.005511968679329017,-0.0024803990351363737,-0.0024803990351363737,-0.012754819117961357,-0.009402919005369348,-0.0024803990351363737,-0.0075860055207496654,0.0,-0.5293790070595731,-0.002845128157850941,-0.008394703684331824,-0.0032098572805655083,-0.06744072035463272,-0.06286661993556604,,2,0.4295547181782733,-0.19745129715322146,-0.0024803990351363737,0.02666155583691867,1.0,7224830.0,7224830.0,8.88335177671216,1.839038938628159,6411530.0,,0.06857142857142857,175.0
0x80e7e666409fff559879d4567bb6eafe4d8fd3a5,0.03312152590215079,0.0077834083,0,25.48,1,1779851495,-0.06375841091986438,-0.06711411675775238,-0.06375841091986438,-0.06375841091986438,-0.06711411675775238,0.003999999999999934,-0.06375841091986438,0.04229999999999985,0.0,,-0.06375841091986438,0.029184153539244535,-0.06375841091986438,-0.04212520509987587,-0.034025190228274646,,1,0.4295547181782733,-0.09700253133004824,-0.06375841091986438,0.006051786329021064,5.975,14926282.0,14926282.0,21.114766760219094,11.130306360199004,14219370.0,,0.6291012838801712,701.0
0x19b8c7b0bee1aec7067bb303a3bcf7520335cc2a,0.033118378384099575,0.0077604298,0,55.35576,1,1779710001,-0.31659842437354285,-0.3199541302114309,-0.31659842437354285,-0.31659842437354285,-0.3199541302114309,0.06362571113145912,-0.31659842437354285,-0.23237428886854114,0.0,,-0.31659842437354285,-0.2925155931928119,-0.31659842437354285,-0.08677381054314466,-0.027543082252018264,,1,0.4295547181782733,0.03659240110015135,-0.31659842437354285,0.10767899857723405,2.084,3535204.0,3535204.0,6.2523725809931765,53.2841169223301,2969786.0,,0.40625,32.0
0x01ffc2167af026d3f5f7cb00fef1de352b4f3c75,0.03311736101669699,0.007753002,0,3.4,1,1779957480,-0.053691293406201476,-0.05704699924408947,-0.053691293406201476,-0.053691293406201476,-0.05704699924408947,-0.10219999999999997,-0.053691293406201476,-0.08229999999999998,0.0,,-0.053691293406201476,-0.08885293399999997,-0.053691293406201476,-0.1295,-0.12230000000000002,,1,0.4295547181782733,-0.19707079509822711,-0.053691293406201476,0.02766564530968313,4.50515,8429244.0,8429244.0,10.369387511578958,9.023558131078223,7616347.0,,0.3037037037037037,135.0
0x7d79987a83917c569113843dc561794ece71233e,0.03311637811958856,0.0077458257,0,33.39534,2,1779804409,-0.22112931726724977,-0.22448502310513774,-0.22112931726724977,-0.22112931726724977,-0.30605412350172967,-0.18004145027317064,-0.22112931726724977,-0.07675675381263686,0.0,,-0.22112931726724977,-0.07757273148096662,-0.22112931726724977,-0.43544803246024366,-0.4402480330672749,,1,0.4295547181782733,-0.052545162194902024,-0.22112931726724977,0.13164778014435827,9.999999,,,,12.892362599999998,,,0.2727272727272727,11.0
0x8aaaac8e8523492db360b722af35177f4d4d51df,0.0331157610090477,0.00774132,0,65.555,1,1779997991,-0.0164429888073035,-0.01979869464519149,-0.0164429888073035,-0.0164429888073035,-0.01979869464519149,-0.028470074700746972,-0.0164429888073035,-0.020170074700746988,0.0,,-0.0164429888073035,-0.023290072900728986,-0.0164429888073035,-0.03939007290072988,-0.036170074700747894,,1,0.4295547181782733,-0.23532022127657967,-0.0164429888073035,0.04354428502769209,21.85,9535770.0,9535770.0,11.173752765383028,138.38982926431095,8682362.0,,0.5454545454545454,99.0
0x0c3c6cedfc55e5977fd9ad1221b75d25c62a5eea,0.03311448358214926,0.0077319928,0,7258.79819,3,1779877624,-0.003042728800419795,-0.003803411000524849,-0.003042728800419795,-0.003042728800419795,-0.00798846934598463,0.0,-0.003042728800419795,0.0,0.0,34.99956000000024,0.0009627629434533192,0.0,0.004968254687326434,,,0.005586216853200783,1,0.4295547181782733,-0.17899647539907867,-0.003042728800419795,0.029463874588348975,60.5128,25155295.0,25155295.0,34.31635474686955,361.78908143999996,24422254.0,,0.7191780821917808,145.0
0x78ef5ac6cc138014ba5631fcebd9726d09c51dbc,0.03311230084203877,0.0077160546,0,2.74942,1,1779969354,-0.03355705837887544,-0.036912764216763434,-0.03355705837887544,-0.03355705837887544,-0.036912764216763434,-0.06929999999999915,-0.03355705837887544,-0.05329998706399452,0.0,,-0.03355705837887544,-0.055999999966999156,-0.03355705837887544,-0.08100000000000006,-0.0772999870639954,,1,0.4295547181782733,-0.2082819151999713,-0.03355705837887544,0.12544532365020342,1.17465,5416345.0,5416345.0,6.567089531518445,1.7895086410256413,4591574.0,0.0,0.37037037037037035,27.0
0xe8795bd3d265b046b9c4822c9fd06ea391dc6d22,0.03310885473345457,0.0076908893,0,5794.656278,10,1779726280,-0.019451714436002795,-0.02084112261000317,-0.019451714436002795,-0.019451714436002795,-0.03238904370551531,0.0,-0.019451714436002795,0.0,0.0,62.61164062000017,-0.01061847267958884,0.0,-0.001785230923174886,,,0.04265343321112034,1,0.4295547181782733,-0.19609924022331598,-0.019451714436002795,0.04551573282438901,29.968935,7305351.0,7305351.0,12.558687770437187,129.20446657941378,6723654.0,,0.784037558685446,212.0
0xf53a1cbbd916f4ea9b18ee6eda8d2e0edc457970,0.03310869685409424,0.0076897363,0,1.764999,2,1779851024,-0.00013653738366727874,-0.00015229170757883706,-0.00013653738366727874,-0.00013653738366727874,-0.0038497181990750956,-0.017629558524275626,-0.00013653738366727874,-0.01625543079543506,0.0,-1.4299990549624693,-0.01102550697641644,-0.022793270247699775,-0.0219144765691656,-0.16019985738524534,-0.15246045547794376,,1,0.4295547181782733,-0.09655782545436005,-0.00013653738366727874,0.05339792295864634,9.028044999999999,4196517.0,4196517.0,5.94036444657091,12.719602171875,3490076.0,,0.24390243902439024,40.0
0xc96e5287ab294ac0388c2ddb00180fc464cff1f9,0.033108242476761626,0.007686418,0,7387.5191,1,1779958985,0.027951342256891002,0.031307048094778994,0.027951342256891002,0.027951342256891002,0.031307048094778994,0.0,0.027951342256891002,0.0,0.0,,0.027951342256891002,0.0,0.027951342256891002,,,0.010946285661470554,0,0.4295547181782733,,0.027951342256891002,0.0,0.0,3907748.0,3907748.0,4.798303540511934,0.0,3093346.0,,,0.0
0x40724ff9c89e6e01ce644ed16b6e001562b5541d,0.03310519072961648,0.00766413,0,78.13309,1,1779689129,-0.3664525549491871,-0.36980826078707507,-0.3664525549491871,-0.3664525549491871,-0.36980826078707507,-0.3156834535473866,-0.3664525549491871,-0.04368345354738614,0.0,,-0.3664525549491871,-0.09228344152146725,-0.3664525549491871,-0.2198831857429716,-0.1982831977688905,,1,0.4295547181782733,0.056299197357823946,-0.3664525549491871,0.04875892055941659,10.139989,,,,16.714827969465652,,,0.4186046511627907,43.0
0x04d4635d23dab727d0dc223622202a6b02568c51,0.03310444968758268,0.0076587177,0,3.0,1,1779997483,-0.01006711751366247,-0.013422823351550463,-0.01006711751366247,-0.01006711751366247,-0.013422823351550463,-0.02069999999999996,-0.01006711751366247,-0.004400000000000001,0.0,,-0.01006711751366247,-0.0076999999999999985,-0.01006711751366247,-0.024000000000000882,-0.020400000000000883,,1,0.4295547181782733,-0.23484058096904337,-0.01006711751366247,0.06664621574240628,1.04995,13799333.0,13799333.0,16.179309414937272,4.845518050473187,12946433.0,,0.06451612903225806,123.0
0x2946afc37ce5a8b1051b051f2fdb23f2be7d8eb4,0.03310386537037183,0.00765445,0,38.096489,4,1779837418,5.4053540674762177e-08,-1.3056410791005357e-07,5.4053540674762177e-08,5.4053540674762177e-08,-6.586325010339024e-05,-0.013839797148776973,5.4053540674762177e-08,-0.018892644560285114,0.0,1.0482904950495051,0.0007605216762144143,-0.022180795487076632,0.0015209892988881537,-0.20786476853095176,-0.2005148705823234,,2,0.4295547181782733,-0.08371139627259054,5.4053540674762177e-08,0.014031733719233382,9.999999,10954776.0,10954776.0,15.811522223906126,19.88205220402299,10261941.0,,0.2982456140350877,341.0
0xf54dc6901f6cc839eec6af4f1cd58f22912aab3d,0.033102446601657225,0.007644087,0,1.6,1,1779972374,-0.023489940865212933,-0.026845646703100925,-0.023489940865212933,-0.023489940865212933,-0.026845646703100925,-0.03639999999999909,-0.023489940865212933,-0.020715452999999967,0.0,,-0.023489940865212933,-0.023100003230700033,-0.023489940865212933,-0.0539000043875001,-0.052715452999999995,,1,0.4295547181782733,-0.21113332017784459,-0.023489940865212933,0.10622224116006702,22.84511,19457413.0,19457413.0,23.50522414474185,140.18716520689654,18629622.0,0.0,0.7012987012987013,77.0
0x7a6010f37b96a121ca8ae55d1f297384a244b0b3,0.03310214409925228,0.0076418775,0,3.77776,2,1779872658,-3.352367212350256e-08,-3.0171302497448094e-07,-3.352367212350256e-08,-3.352367212350256e-08,-0.0001349973446004313,-0.0012000067410341403,-3.352367212350256e-08,0.02480012312961633,0.0,-0.22222001999980032,-0.0008389558681883945,0.009500982254169649,-0.0016778782127046653,-0.11166418059847669,-0.07840000149399912,,1,0.4295547181782733,-0.1169840821733371,-3.352367212350256e-08,0.029198708876073887,3.9602,6216131.0,6216131.0,8.537761906397005,8.781699205,5488056.0,,0.30994152046783624,171.0
0xf53396b2144942d23ba6c8bf40405a924ed3046c,0.03310062289369835,0.007630766,0,1.0,1,1779964373,-0.030201352540988165,-0.03355705837887615,-0.030201352540988165,-0.030201352540988165,-0.03355705837887615,-0.06160000000000003,-0.030201352540988165,-0.045264179104477546,0.0,,-0.030201352540988165,-0.04640669856459327,-0.030201352540988165,-0.07269999869193591,-0.06926417910447757,,1,0.4295547181782733,-0.20357898533414784,-0.030201352540988165,0.03881722808409298,24.499939,19353760.0,19353760.0,23.60819234194123,30.86081329885057,18533970.0,0.0,0.42857142857142855,49.0
0x22f232ef5e170cfe8ba01f82d83aebab5cf68ec3,0.03310062289369835,0.007630766,0,1.0,1,1779964778,-0.030201352540988165,-0.03355705837887615,-0.030201352540988165,-0.030201352540988165,-0.03355705837887615,-0.06160000000000003,-0.030201352540988165,-0.045264179104477546,0.0,,-0.030201352540988165,-0.04694908482582165,-0.030201352540988165,-0.0726,-0.06926417910447757,,1,0.4295547181782733,-0.20396137573680967,-0.030201352540988165,0.0297574528076745,23.19997,18840932.0,18840932.0,22.971283658154462,27.834627483146065,18020737.0,0.0,0.47058823529411764,51.0
0x9724e074e9ea7cc35a44922a863ef7490d29fbc7,0.033100229885134176,0.007627895,0,24.124669,5,1779921414,-1.0830366859454987e-07,-2.4999904201889165e-07,-1.0830366859454987e-07,-1.0830366859454987e-07,-0.00011217775502242852,-0.0766480461603979,-1.0830366859454987e-07,-0.07304748773873017,0.0,-7.937607612499772,-0.00872080393587106,-0.0786482939745087,-0.01744149956807353,-0.22197012224087811,-0.21075213431444348,,2,0.4295547181782733,-0.16301822161081722,-1.0830366859454987e-07,0.0395635517404677,0.315,,,,11.489279751310862,,,0.2066115702479339,120.0
0x1bd827a6943ae682c360ea1841fb0b787eaede8b,0.033100157849989875,0.007627369,0,3.8,1,1780041580,-0.00335570583788724,-0.006711411675775231,-0.00335570583788724,-0.00335570583788724,-0.0067114116757752305,-0.006199999999999958,-0.00335570583788724,-0.007699999739883409,0.0,,-0.00335570583788724,-0.007999999999999105,-0.00335570583788724,-0.008099989679099626,-0.007699999739885185,,1,0.4295547181782733,-0.276475814515162,-0.00335570583788724,0.022247797328976637,1.324983,19082841.0,19082841.0,21.274141385088246,37.930047219298245,18185844.0,,0.9210526315789473,113.0
0x5f95f768511ba2e50c576066fd611c77335746c4,0.033099952710027906,0.0076258704,0,4.34,1,1779680633,-0.43959746476327727,-0.44295317060116524,-0.43959746476327727,-0.43959746476327727,-0.4429531706011653,-0.51258857528539,-0.43959746476327727,-0.3765982768605923,0.0,,-0.43959746476327727,-0.4185982648346734,-0.43959746476327727,-0.21551919107871415,-0.20381920310463303,,1,0.4295547181782733,0.06432089824921847,-0.43959746476327727,0.005514558869384451,0.05643,6379210.0,6379210.0,11.90040108198862,0.11313576102236422,5843160.0,,0.1729490022172949,863.0
0x77da588a1a816953a95c5c2bb9e8c57c53f02fd2,0.03309974782628212,0.007624374,0,277.175588,3,1779690977,6.5212489576496505e-06,8.506435855707984e-06,6.5212489576496505e-06,6.5212489576496505e-06,0.0014837991762063846,0.0,6.5212489576496505e-06,0.0,0.0,9.184456793901184,0.02642912271009547,0.0,0.052851724171233294,,,-0.033930888702270616,1,0.4295547181782733,-0.1293480385260691,6.5212489576496505e-06,0.06192334114474466,11.3775145,,,,32.64575159782608,,,0.4,40.0
0x47dcfc796b166957e56c4b934c7c46d130ff6663,0.03309914497539482,0.00761997,0,14.41726,1,1779803299,-0.25503364367945824,-0.25838934951734627,-0.25503364367945824,-0.25503364367945824,-0.25838934951734627,-0.19279999999999928,-0.25503364367945824,-0.09006679285460742,0.0,,-0.25503364367945824,-0.09016428326291384,-0.25503364367945824,-0.48879999999999957,-0.49539999999999956,,1,0.4295547181782733,-0.05149712923945853,-0.25503364367945824,0.006417168161544966,4.116009,14499691.0,14499691.0,22.012052234954062,6.293140257936509,13840975.0,,0.24015748031496062,508.0
0x9561fa181e0fed5fe1c58728985079974a54ff72,0.0330989242875766,0.007618358,0,0.08,1,1779971547,0.023489940865212933,0.026845646703100922,0.023489940865212933,0.023489940865212933,0.026845646703100925,0.0,0.023489940865212933,0.0,0.0,,0.023489940865212933,0.0,0.023489940865212933,,,0.006827642527896544,0,0.4295547181782733,,0.023489940865212933,0.08294165033500656,1.999,45154126.0,45154126.0,54.60228740307922,11.66608803738318,44327162.0,0.0,0.4727272727272727,55.0
0xc7215a96f277e13e98f73ca52589cd19dd901b8f,0.03309488012579061,0.0075888135,0,1.2927,1,1779724206,-0.20469805611114414,-0.20805376194903213,-0.20469805611114414,-0.20469805611114414,-0.20805376194903213,0.5323999879740812,-0.20469805611114414,-0.019600012025919336,0.0,,-0.20469805611114414,-0.08724022171835198,-0.20469805611114414,-0.07678691099476398,-0.019600012025918448,,1,0.4295547181782733,0.023180411791975844,-0.20469805611114414,0.013323755994582158,3.1872035,8815143.0,8815143.0,15.208407878914398,4.393321511976048,8235520.0,,0.4267515923566879,157.0
0xc7d02944a76b9f83b199e9090ecc92c82d241f8a,0.03309381507983017,0.0075810323,0,529.6780950000001,108,1779659335,-0.0031479245764206433,-0.003196518921551459,-0.0031479245764206433,-0.0031479245764206433,-0.03527714478084325,-0.17804663248232985,-0.0031479245764206433,-0.13262817064777566,0.0,-0.20608659916666683,-0.009090324457948225,-0.13317639258524996,-0.015032724339475808,-0.8759271914159688,-0.8758029462151838,-0.02894058960842356,3,0.4295547181782733,0.08442991256006126,-0.0031479245764206433,0.0,0.0,2713657.0,2713657.0,5.271775534626383,0.0,2198905.0,0.0,,0.0
0x53fb927aaa49725744a6ac7eeedf51fd1c93e92a,0.03309356415191679,0.007579199,0,64.093279,2,1779764878,-1.0436849064085853e-06,-1.4533319846409654e-06,-1.0436849064085853e-06,-1.0436849064085853e-06,-0.0007892291052325547,-0.2228371723132715,-1.0436849064085853e-06,-0.030536714209549527,0.0,-35.90637990452374,-0.03847390311618441,-0.054773833727220854,-0.07694676254746242,-0.8965218332028844,-0.8450657605780031,,1,0.4295547181782733,-0.015221026373607697,-1.0436849064085853e-06,0.03853777468979427,7.3514,3459066.0,3459066.0,5.57648538195536,27.4307106367713,2838771.0,0.0,0.4339622641509434,106.0
0x3d1eb7f95941401a058b3bdab4b86ada72b81e21,0.03309290506858009,0.0075743836,0,119.14793,1,1779946443,-0.026845646703100575,-0.030201352540988567,-0.026845646703100575,-0.026845646703100575,-0.030201352540988567,-0.02839999647552255,-0.026845646703100575,0.029687945763295955,0.0,,-0.026845646703100575,0.015200000188571353,-0.026845646703100575,-0.06438395495495501,-0.050312054425275456,,1,0.4295547181782733,-0.18664994849531738,-0.026845646703100575,0.037742116030179754,20.379324,3254855.0,3254855.0,4.05913126979772,47.527731242574255,2452995.0,0.0,0.3448275862068966,87.0
0x103404b7b6226dd1bf3ed0112895f9a3f546be24,0.0330892118615667,0.0075473986,0,44.82,1,1779981740,-0.010067117513662483,-0.013422823351550475,-0.010067117513662483,-0.010067117513662483,-0.013422823351550475,-0.018899999999999136,-0.010067117513662483,0.017914285768285687,0.0,,-0.010067117513662483,0.013514285714285673,-0.010067117513662483,-0.02250000000000002,-0.01979999994600002,,1,0.4295547181782733,-0.2199764523045867,-0.010067117513662483,0.008313417162235824,8.79985,3978491.0,3978491.0,4.752383364171834,10.691892938692098,3141334.0,,0.7808219178082192,291.0
0x10ab29fe57806468e2400c8b3feff4bc812dd433,0.033088536994107076,0.007542467,0,29.999999,1,1779725002,-0.2315436958455626,-0.23489940168345058,-0.2315436958455626,-0.2315436958455626,-0.23489940168345058,0.5300000052104137,-0.2315436958455626,0.06600000521041462,0.0,,-0.2315436958455626,-0.0005467237517836829,-0.2315436958455626,-0.11690037933969909,-0.062000391365617954,,1,0.4295547181782733,0.022428849420324474,-0.2315436958455626,0.11591014717902169,43.595,9890844.0,9890844.0,17.040868751712125,62.56374433333333,9310425.0,,0.23809523809523808,21.0
0x44fca0c6c9a7ffb86c509bdcaa92743eb3d4fbbc,0.033085246138287436,0.007518419,0,19.170899,2,1779789485,-8.355545258416566e-07,-1.0084525747691002e-05,-8.355545258416566e-07,-8.355545258416566e-07,-0.0018450727447970677,-0.23492745760964312,-8.355545258416566e-07,-0.13272469329441025,0.0,-0.8285015508469776,-0.0034969678945110994,-0.13557479625621266,-0.006993100234496357,-0.5644797463986923,-0.5647796582994338,,1,0.4295547181782733,-0.038454311900272584,-8.355545258416566e-07,0.051970843034105006,1.2726000000000002,4888860.0,4888860.0,7.580779715367607,65.12299585156251,4243958.0,,0.3333333333333333,157.0
0x448d7dfa1b1a8f356a9632fdd6693bfd1da5102b,0.03308365623093753,0.0075068,0,30.124799,5,1779924165,-4.568083718109404e-08,-5.075648575677115e-08,-4.568083718109404e-08,-4.568083718109404e-08,-4.127030840261029e-05,-0.054771788891023035,-4.568083718109404e-08,-0.07593617540631002,0.0,-13.737581915,-0.009912917173316766,-0.08153681885021999,-0.019825788665796353,-0.18125087466357762,-0.16589391834392084,,2,0.4295547181782733,-0.16561564382741636,-4.568083718109404e-08,0.12475225097035608,10.052579999999999,,,,16.491262175,,,0.16666666666666666,18.0
0xf88220c41e4441b563b0743ab473bc7dc121167f,0.033082678632575975,0.0074996552,0,19.98,1,1780124631,3.725581885091884e-16,-0.0033557058378876187,3.725581885091884e-16,3.725581885091884e-16,-0.0033557058378876187,3.3147542710665333e-09,3.725581885091884e-16,0.0006000000000000005,0.0,,3.725581885091884e-16,3.3306690738754695e-17,3.725581885091884e-16,8.770761894538737e-16,0.0006000000000008887,,1,0.4295547181782733,-0.3548903955805111,3.725581885091884e-16,0.015542587543488752,19.86,8532023.0,8532023.0,8.705719515778819,39.6031165648855,7551975.0,0.0,0.8725490196078431,102.0
0x94c56fb3f8e7b8a934ddbfd1a4fa1a4282b9e6ee,0.03307460207305758,0.007440621,0,79.11805,2,1779787992,-0.05927804498174938,-0.06166002791723157,-0.05927804498174938,-0.05927804498174938,-0.07318571764724142,0.0,-0.05927804498174938,0.0,0.0,0.8469676517526354,-0.05062237957339183,0.0,-0.04196671416503429,,,0.08610365013936999,1,0.4295547181782733,-0.098434843035821,-0.05927804498174938,0.15681301603924627,1.6034700000000002,6319107.0,6319107.0,9.821290967331821,93.4592874764543,5675698.0,,0.7037037037037037,27.0
0x558fe96332a8a307578a22ce495d066e652a0cd0,0.03307361313996422,0.0074333916,0,44.942,2,1779901279,0.032098055840664004,0.03530786142473041,0.0080245054410191,0.03049315304863097,0.05105508326835316,0.0,0.030493153048630612,0.0,0.0,-0.046000000000001595,0.015210101460859996,0.0,0.030420202921720138,,,0.019118060564367836,1,0.4295547181782733,-0.14441233204327716,0.01604902792033193,0.08815435933348045,4.7435,3161877.0,3161877.0,4.178530083415269,11.47260119047619,2405181.0,0.0,0.45454545454545453,33.0
0x1f2c729463c7dd971193fc4b6f4505ee81e715a9,0.03307018429536465,0.007408324,0,1.069999,1,1779798109,-0.2953018820649232,-0.2986575879028112,-0.2953018820649232,-0.2953018820649232,-0.2986575879028112,-0.3808185072581093,-0.2953018820649232,-0.02510091435424943,0.0,,-0.2953018820649232,-0.03360092816172826,-0.2953018820649232,-0.5697078484738629,-0.5693993845240196,,1,0.4295547181782733,-0.04659686704238491,-0.2953018820649232,0.07324447446048873,1.76,28437676.0,28437676.0,43.514222846527915,7.346588112941176,27784150.0,,0.16071428571428573,56.0
0x96f91943667762bbce634653e01e1a4745611d08,0.03306945611136956,0.0074030003,0,20.80076,1,1779944738,-3.7546879935691643e-16,0.0033557058378876157,-3.7546879935691643e-16,-3.7546879935691643e-16,0.0033557058378876157,0.0,-3.7546879935691643e-16,0.0,0.0,,-3.7546879935691643e-16,0.0,-3.7546879935691643e-16,,,-0.00011173170802710326,0,0.4295547181782733,,-3.7546879935691643e-16,0.08198848334347607,64.0988,15798463.0,15798463.0,19.744253300922946,652.351352454427,14998308.0,0.0,0.6,55.0
0x54945d0167c18805a7947231d34e732bdcce7ead,0.0330681002897,0.0073930873,0,13.56376,1,1779696572,-0.28523499622044685,-0.2885907020583348,-0.28523499622044685,-0.28523499622044685,-0.2885907020583348,-0.13080001202591904,-0.28523499622044685,-0.03480001202591861,0.0,,-0.28523499622044685,-0.09068770766978186,-0.28523499622044685,-0.13853575061150178,-0.08911248840128336,,1,0.4295547181782733,0.04927171151335014,-0.28523499622044685,0.022997283785990155,9.82068,3142656.0,3142656.0,5.693330845361049,9.156993391111113,2590667.0,0.0,0.4927536231884058,69.0
0xad529df14c293d77984a0137990a1441b25211ac,0.03306790069140052,0.007391628,0,202.87958,4,1779921201,0.00021357632736476305,-0.006835216440857802,-0.005660417646154042,-0.0021360212620427626,-0.011552140622940844,-0.039046346563722065,-0.005660417646154042,-0.01967679144864049,0.0,-73.34768667250472,-0.0014235497938666526,-0.027514010903100787,-0.012459066272728414,-0.2723378500525372,-0.26388395714537394,,2,0.4295547181782733,-0.16281711258423212,0.004912771506179936,0.0,0.0,23663796.0,23663796.0,30.47031616573399,0.0,22887178.0,,,0.0
0xe7d0aefa1e6aaa65e1ada1a71c2f11b885305018,0.033067727078765236,0.0073903585,0,10.651850000000001,11,1779745756,-0.40503133138358927,-0.4195956278095801,-0.40503133138358927,-0.40503133138358927,-1.4414412430673011,-0.2950246497783889,-0.40503133138358927,-0.04298117294036621,0.0,-0.18689951786197964,-0.40706907023311056,-0.08833974331879683,-0.40910680908263186,-1.0394173055150302,-0.9883569537315819,,2,0.4295547181782733,0.0028334656750323615,-0.40503133138358927,0.017571285016222814,1.056689,2612674.0,2612674.0,4.345960314252303,1.533660835587929,2011501.0,,0.2972972972972973,111.0
0x6b025355d035a679205ae23de33c7e9abe71e5fc,0.03306656511957567,0.0073818625,0,134.126358,12,1779742191,-0.0010642339242106459,-0.0035901556250173966,-0.0010642339242106459,-0.0010642339242106459,-0.009567957241657179,-0.013548414416068619,-0.0010642339242106459,0.0007006331955525808,0.0,-17.93679028633032,-0.003364076938264065,-0.0025745053399660986,-0.005663919952317484,-0.49131327055635265,-0.463738045840429,,3,0.4295547181782733,0.0061994453922900655,-0.0010642339242106459,0.08067654292634438,10.0,4664492.0,4664492.0,7.805270344439833,36.42522863665595,4066884.0,0.0,0.15555555555555556,45.0
0x18c708553e0d2024155d46b99b616a5cb1f277b2,0.03306642189149083,0.007380815,0,6.63336,1,1779981602,-0.010067117513662856,-0.013422823351550846,-0.010067117513662856,-0.010067117513662856,-0.013422823351550846,-0.01740000370500015,-0.010067117513662856,0.011142855746587466,0.0,,-0.010067117513662856,0.0068428556925874875,-0.010067117513662856,-0.022500000000000943,-0.019799999946000943,,1,0.4295547181782733,-0.21984615631553156,-0.010067117513662856,0.038599664398776524,7.4753,12474211.0,12474211.0,14.90313959420276,26.337352377798513,11637192.0,,0.5534591194968553,318.0
0xa2301658bef5d1c550bc4d5a6b4b8bde87a61cdb,0.033066370752395394,0.0073804413,0,598.78819,1,1779750236,-0.4839708925688295,-0.4873265984067175,-0.4839708925688295,-0.4839708925688295,-0.4873265984067175,-0.33037242148685386,-0.4839708925688295,-0.018156831505642054,0.0,,-0.4839708925688295,-0.06269324190805034,-0.4839708925688295,-1.01070831881104,-0.9583529870780375,,1,0.4295547181782733,-0.001396433100090924,-0.4839708925688295,0.015605743789524808,12.0,11495147.0,11495147.0,18.97975738582984,45.921210790389395,10889494.0,0.0,0.3219178082191781,291.0
0x3a237fba30a72dbb7722461d1b8a83ac64d70f72,0.03306268320722285,0.0073534767,0,16.89186,5,1779705486,-0.27930168527999516,-0.2826573911178832,-0.27930168527999516,-0.27930168527999516,-0.6165306526793087,0.21746008183006107,-0.27930168527999516,-0.134829661971067,0.0,,-0.27930168527999516,-0.19514513812705694,-0.27930168527999516,-0.10954158914941417,-0.054952039181288284,,1,0.4295547181782733,0.04085534595945529,-0.27930168527999516,0.0,0.0,17763364.0,17763364.0,31.66922622984723,0.0,17202461.0,,,0.0
0x883782e93a816054833a68a65b2f27f4103417aa,0.033062614116506836,0.0073529715,0,38.8908,1,1779891841,-0.0896980170467357,-0.09305372288462369,-0.0896980170467357,-0.0896980170467357,-0.09305372288462369,-0.1599590000000011,-0.0896980170467357,-0.037459000000000124,0.0,,-0.0896980170467357,-0.06281300000000012,-0.0896980170467357,-0.19031300000000026,-0.16545900000000027,,1,0.4295547181782733,-0.13509616882583486,-0.0896980170467357,0.0,0.0,2778085.0,2778085.0,3.7177052637777046,0.0,2030827.0,,,0.0
0x95b1c21ea3a9c09d9138de3472b16e663da2bc01,0.03306232578366913,0.007350863,0,25.38459,1,1780143386,3.725581885091884e-16,-0.003355705837887619,3.725581885091884e-16,3.725581885091884e-16,-0.0033557058378876187,2.6367796834847467e-17,3.725581885091884e-16,1.4955029925545205e-07,0.0,,3.725581885091884e-16,-8.88265155873924e-16,3.725581885091884e-16,8.881784197001252e-16,1.4955030103180889e-07,,1,0.4295547181782733,-0.3725983758321712,3.725581885091884e-16,0.013821353616595537,22.2753735,4282481.0,4282481.0,4.287613273087886,25.430728366336634,3283678.0,,0.5955882352941176,136.0
0x18510d997eba5b8a0102bad7307e70e32bc4ae47,0.03306192149774431,0.0073479065,0,1.04351,1,1779955489,-0.04026847005465101,-0.043624175892539,-0.04026847005465101,-0.04026847005465101,-0.043624175892539,-0.062499999999999924,-0.04026847005465101,-0.024500017928000016,0.0,,-0.04026847005465101,-0.033200017928000015,-0.04026847005465101,-0.09708826829197277,-0.0885,,1,0.4295547181782733,-0.19519094499526496,-0.04026847005465101,0.0,0.0,13615254.0,13615254.0,16.79017543340412,0.0,12804348.0,,,0.0
0x333a9b68562997253a13062602a22517297bbd76,0.033060775399527356,0.007339525,0,167.874358,3,1779750211,3.7122253139919014e-08,-2.4554222178903262e-08,3.7122253139919014e-08,3.7122253139919014e-08,-4.208770352243515e-05,-0.022647742947248767,3.7122253139919014e-08,-0.03615651932047744,0.0,-52.12556884056204,-0.004626601108355231,-0.04559822396049475,-0.009253239338963602,-0.5405044225507132,-0.5045411812470741,,2,0.4295547181782733,-0.001372828754247602,3.7122253139919014e-08,0.09686338770286362,20.595789,29820255.0,29820255.0,49.238567239295406,59.149712,29214627.0,,0.15384615384615385,52.0
0x86aac2dc1708b2b778d4507f9c5ba1058ad32682,0.03305986238168939,0.007332848,0,1.32202,1,1779932137,-0.016778529189438094,-0.020134235027326083,-0.016778529189438094,-0.016778529189438094,-0.020134235027326083,0.04690000000000001,-0.016778529189438094,0.0029860099641830892,0.0,,-0.016778529189438094,-0.013900003802501032,-0.016778529189438094,-0.029300000000001804,-0.013013990035817814,,1,0.4295547181782733,-0.17314259762993484,-0.016778529189438094,0.007045018704149265,1.010189,10533977.0,10533977.0,13.375561548795384,1.448702588669951,9746423.0,,0.6228070175438597,228.0
0x2cece679f2adfb239abe2bbad380bf1f4cf3809e,0.03305820361558436,0.0073207165,0,119.4,1,1779990952,-0.013422823351550102,-0.016778529189438094,-0.013422823351550102,-0.013422823351550102,-0.016778529189438094,-0.01930205602845862,-0.013422823351550102,-0.020100000000000066,0.0,,-0.013422823351550102,-0.024100000000000035,-0.013422823351550102,-0.03219999999999914,-0.02809999999999917,,1,0.4295547181782733,-0.22867418166093395,-0.013422823351550102,0.03675197260299125,30.278988,7438577.0,7438577.0,8.788810790565345,75.61383344888888,6592208.0,,0.4608695652173913,115.0
0xae78113fb84b159eba90be1cfae9ffba03e5dc54,0.03305614523249327,0.0073056617,0,1.008259,2,1779774044,-0.00010871005320395271,-0.00010961597102740364,-0.00010871005320395271,-0.00010871005320395271,-0.006671467504307517,-0.18584692870535274,-0.00010871005320395271,-0.09575582978242865,0.0,-0.991199219421569,-0.05043066922516433,-0.11096773523239764,-0.1007526283971247,-0.8296273756415277,-0.8014273756415277,,1,0.4295547181782733,-0.02387532373360324,-0.00010871005320395271,0.09322834658932311,4.999996,,,,6.793958436363638,,,0.2564102564102564,39.0
0xf5bd0f1e561a14bb1b527e3b06d59989ae17169a,0.03305460646030057,0.0072944066,0,119.428066,8,1779724259,-8.580487514948429e-07,-1.3547876980470563e-06,-8.580487514948429e-07,-8.580487514948429e-07,-0.0007098615176061955,0.04568636937461525,-8.580487514948429e-07,-0.033509548340469014,0.0,7.214253135820907,0.011304280264405508,-0.060578118339065186,0.02260941857756251,-0.6316194008448429,-0.5850784435412162,,2,0.4295547181782733,0.023130370578788,-8.580487514948429e-07,0.026260332342312037,8.895,18512320.0,18512320.0,31.93563300878422,22.23939956077348,17932644.0,,0.2598870056497175,354.0
0x0b5bce8e6b9983c0bfde1442d3578386546edca3,0.03305287365771521,0.007281732,0,4.999999,1,1779798166,-0.29228651382769155,-0.2956422196655795,-0.29228651382769155,-0.29228651382769155,-0.2956422196655795,-0.3735400138795146,-0.29228651382769155,-0.019742705089763554,0.0,,-0.29228651382769155,-0.02632243478313357,-0.29228651382769155,-0.562249639209377,-0.5640411752595337,,1,0.4295547181782733,-0.046650684950907684,-0.29228651382769155,0.03714659669734277,2.1,8790635.0,8790635.0,13.449913782947231,4.079249199192462,8137052.0,0.0,0.3305785123966942,286.0
0x0711e162e05349de3d87626dea4285d08537f03c,0.033049922703135955,0.007260145,0,1.155,1,1779955842,-0.04697988173042625,-0.05033558756831424,-0.04697988173042625,-0.04697988173042625,-0.05033558756831424,-0.07909999999999993,-0.04697988173042625,-0.04110003592800003,0.0,,-0.04697988173042625,-0.04940003592800005,-0.04697988173042625,-0.11328826829197279,-0.1051,,1,0.4295547181782733,-0.19552423835857266,-0.04697988173042625,0.0,0.0,42889560.0,42889560.0,52.86790038692945,0.0,42078301.0,0.0,,0.0
0x4f5265be24179b0a24d1c63d6e44def5ba4d0380,0.03304512572500729,0.0072250506,0,49.9,1,1780042399,-0.003355705837887246,-0.0067114116757752374,-0.003355705837887246,-0.003355705837887246,-0.0067114116757752374,-0.004562194633560302,-0.003355705837887246,-0.007699999999999119,0.0,,-0.003355705837887246,-0.007999999999999119,-0.003355705837887246,-0.00809998967909964,-0.007700000000000895,,1,0.4295547181782733,-0.2772490928849892,-0.003355705837887246,0.04988738140667824,23.0,50016548.0,50016548.0,55.70912971031926,75.91680216271186,49118732.0,0.0,0.5632183908045977,85.0
0xe94a640cdf4bda5b07cb269f96413115102e0ff1,0.03304366922911336,0.007214394,0,29.84005,1,1779984831,-0.013422823351549729,-0.01677852918943772,-0.013422823351549729,-0.013422823351549729,-0.01677852918943772,-0.02807586980277152,-0.013422823351549729,-0.0028999999999990813,0.0,,-0.013422823351549729,-0.008099999999999108,-0.013422823351549729,-0.030949473494734057,-0.0268999999999991,,1,0.4295547181782733,-0.22289489362465503,-0.013422823351549729,0.032559287437294145,8.0372,12005049.0,12005049.0,14.287506783711475,13.938910530506723,11164801.0,0.0,0.5972850678733032,208.0
0x6574aad7f817be149ff8d6617adee82074630b33,0.03304163902120654,0.007199539,0,33.49,2,1779957527,0.0,0.0,0.0,0.0,0.0,0.0,0.0,0.0,0.0,0.0,0.0,0.0,0.0,,,0.013806698539770545,1,0.4295547181782733,-0.19852293445450828,0.0,0.13574316913148463,30.907,19673798.0,19673798.0,24.200680489677026,121.47838912280702,18860854.0,,0.034482758620689655,29.0
0x3998765628d36b235dca070dcc766363672fe329,0.03303832963520468,0.007175322,0,1.539,1,1779697643,-0.2684564670310089,-0.27181217286889686,-0.2684564670310089,-0.2684564670310089,-0.27181217286889686,-0.09730001202591936,-0.2684564670310089,0.07869998797408169,0.0,,-0.2684564670310089,0.022600000000000564,-0.2684564670310089,-0.10278136770663407,-0.05358146783181143,,1,0.4295547181782733,0.04826050133742223,-0.2684564670310089,0.09286383516422543,10.251000000000001,2683955.0,2683955.0,4.8529183090442265,14.447523255813952,2130895.0,0.0,0.35294117647058826,17.0
0x66209e44c0fc4a5ebd18c080d969401331ef40aa,0.03303611948348714,0.007159148,0,1.149873,1,1779932868,0.006711414585347393,0.010067120423235383,0.006711414585347393,0.006711414585347393,0.010067120423235383,0.0,0.006711414585347393,0.0,0.0,,0.006711414585347393,0.0,0.006711414585347393,,,-0.0005999990423260304,0,0.4295547181782733,,0.006711414585347393,0.030731619840899286,56.999772,21145842.0,21145842.0,26.825122893369784,74.23811632307692,20357557.0,,0.9242424242424242,65.0
0xeed9d4af310f297d9540b8d4af660c8c5a027405,0.03302965350687001,0.0071118227,0,2.0,1,1779998059,-0.015819756092898384,-0.019175461930786376,-0.015819756092898384,-0.015819756092898384,-0.019175461930786376,-0.02692857142857139,-0.015819756092898384,-0.01361965330371768,0.0,,-0.015819756092898384,-0.016776796160860537,-0.015819756092898384,-0.03788571428571517,-0.034628571428572306,,1,0.4295547181782733,-0.2353844250972735,-0.015819756092898384,0.018065611021897843,8.38415,49608887.0,49608887.0,58.12569656323083,62.139761666666665,48755411.0,0.0,0.5594713656387665,227.0
0xb6c54de95da12379271f05e01e649a81cb6ec55f,0.03302840498826952,0.0071026837,0,9.929537,2,1779769048,-0.00026525015910516255,-0.00026699522594138096,-0.00026525015910516255,-0.00026525015910516255,-0.011708180391165874,0.0,-0.00026525015910516255,0.0,0.0,-0.07558134999999942,-0.005715436412063643,0.0,-0.011165622665022122,,,0.1415256367954484,1,0.4295547181782733,-0.019162952129442457,-0.00026525015910516255,0.06729462191321788,4.887555,,,,4.358175311688313,,,0.0,27.0
0xc28908d7b87d8bdd7e53afe4a64016a06dda04f1,0.033027640479204395,0.0070970873,0,1.11776,1,1779977539,-0.003355705837887246,-0.0067114116757752374,-0.003355705837887246,-0.003355705837887246,-0.0067114116757752374,0.023453059153910237,-0.003355705837887246,0.030000000000000027,0.0,,-0.003355705837887246,0.02609999932770002,-0.003355705837887246,-0.0046999999999999716,-0.0020000000000000018,,1,0.4295547181782733,-0.2160099780290749,-0.003355705837887246,0.033232398310653555,0.999999,3736147.0,3736147.0,4.485407392467309,1.2090071588145896,2903191.0,,0.5652173913043478,159.0
0xc5a3b3c986058c3f2ba7f4332bbfcced9b10883a,0.03302745498432441,0.0070957295,0,465.898,1,1779928245,-0.027346647447080895,-0.030702353284968887,-0.027346647447080895,-0.027346647447080895,-0.03070235328496889,0.0074608272906961275,-0.027346647447080895,-0.046939174819225035,0.0,,-0.027346647447080895,-0.06013918232282534,-0.027346647447080895,-0.05543917481922504,-0.03893917481922503,,1,0.4295547181782733,-0.16946787306904648,-0.027346647447080895,0.02254376814171942,20.151515,10542783.0,10542783.0,13.453227284211815,104.22213575593666,9759121.0,,0.42142857142857143,140.0
0x5af3ab9e515059aa34a8f7900edc76cb1504462b,0.033025167296870134,0.0070789824,0,1.0,1,1779964445,-0.030201352540988165,-0.03355705837887615,-0.030201352540988165,-0.030201352540988165,-0.03355705837887615,-0.06160000000000003,-0.030201352540988165,-0.045264179104477546,0.0,,-0.030201352540988165,-0.04806705028368972,-0.030201352540988165,-0.07269999869193591,-0.06926417910447757,,1,0.4295547181782733,-0.2036469658501766,-0.030201352540988165,0.06738526430929893,29.081117,19208247.0,19208247.0,23.428634331143535,135.8907742636364,18388385.0,0.0,0.32786885245901637,61.0
0xd426adbc3c4461c86099c26221c877f20e42334a,0.03302373302212448,0.007068482,0,1355.25257,3,1779673306,-0.02680345052719369,-0.027258228087580563,-0.02680345052719369,-0.02680345052719369,-0.07404403018087742,0.0,-0.02680345052719369,0.0,1.0,101.69390160488209,0.028243331607263993,0.0,0.08329011374172168,,,0.044317431539236465,1,0.4295547181782733,0.008228474960982016,-0.02680345052719369,0.0,0.0,,,,0.0,,,,0.0
0x6a3c02feca0009871db79f9dea6ffd3ab98f2db9,0.03301948080106362,0.0070373495,0,9.7968,2,1779938375,-0.009719975530432823,-0.012149969413041367,-0.009719975530432823,-0.009719975530432823,-0.014277906584912733,-0.01681034482758622,-0.009719975530432823,-0.002573949988740198,0.0,0.7488,-0.00937283354720307,-0.013965517166633423,-0.009025691563973317,-0.016699999999999986,-0.018985781986938628,,1,0.4295547181782733,-0.17903235400476053,-0.009719975530432823,0.04536634704039559,6.30836,32744942.0,32744942.0,41.25128749092961,131.62073533098592,31951150.0,,0.09363295880149813,264.0
0xc6fa721b4f3df91f6f26d3806d8fec0cb3eda933,0.0330193438753221,0.007036347,0,49.974558,2,1779922660,2.4159154523428524e-05,2.486971720199874e-05,2.4159154523428524e-05,2.4159154523428524e-05,0.0017090768521296996,0.0,2.4159154523428524e-05,0.0,0.0,0.8649608396443413,0.014282902915567127,0.0,0.028541646676610827,,,0.04065667060311131,1,0.4295547181782733,-0.28321532734034727,2.4159154523428524e-05,0.004766237468807477,11.669981,11560076.0,11560076.0,14.857239065028269,20.61981705887939,10781999.0,,0.8,410.0
0x3eaba9ef031de0d7f7c0f723117a12e7d3277508,0.03301894893698468,0.007033455,0,8.444818,2,1779818459,2.1137847436270874e-05,3.422313741053772e-05,2.1137847436270874e-05,2.1137847436270874e-05,0.00279451703363397,0.0,2.1137847436270874e-05,0.0,0.0,0.18606062781165694,0.017636010710993532,0.0,0.03525088357455079,,,0.046279612897375054,1,0.4295547181782733,-0.09796747698812323,2.1137847436270874e-05,0.008447936670181186,4.759997500000001,3925572.0,3925572.0,5.8253625296048535,4.3920941143617025,3251696.0,,0.7468354430379747,158.0
0xcacc0e8b327074dba9883da5cc51396a865a2eac,0.03301753139396078,0.0070230756,0,13.835019,2,1779753002,-3.5666247174652244e-06,-5.7853700784844976e-06,-3.5666247174652244e-06,-3.5666247174652244e-06,-0.0018342784579556913,-0.31430655844192057,-3.5666247174652244e-06,-0.0691126518000038,0.0,-6.1647800438396825,-0.044819386789708135,-0.09003217790463733,-0.08963520695469882,-1.2222360448912917,-1.1757974096979318,,1,0.4295547181782733,-0.00400801792419606,-3.5666247174652244e-06,0.07194787978588044,8.999999500000001,6393535.0,6393535.0,10.50844072916855,18.06064,5785116.0,,0.2962962962962963,81.0
0xab6a2f2db413150c4755ea41d21e1d8af424e67e,0.03301581547604142,0.0070105107,0,1.72,1,1780013456,-0.008898416242676538,-0.01225412208056453,-0.008898416242676538,-0.008898416242676538,-0.01225412208056453,-0.020509335258273875,-0.008898416242676538,-0.007709335258274773,0.0,,-0.008898416242676538,-0.013378989830364537,-0.008898416242676538,-0.021109335258274797,-0.015709335258274768,,1,0.4295547181782733,-0.2499218696152586,-0.008898416242676538,0.046222790412869835,3.2649999999999997,28014835.0,28014835.0,32.242727072886375,6.21314093670886,27145962.0,,0.08247422680412371,97.0
0x314a5a0c97696a76b4926b43f6a661224f9d0fcb,0.03301392121744439,0.006996639,0,1.0,1,1780028023,-0.00335570583788724,-0.006711411675775231,-0.00335570583788724,-0.00335570583788724,-0.006711411675775231,-0.005899999999999997,-0.00335570583788724,0.0030000011856726547,0.0,,-0.00335570583788724,-9.995790940999488e-05,-0.00335570583788724,-0.0076999999999999595,-0.004999998814326464,,1,0.4295547181782733,-0.2636756498512454,-0.00335570583788724,0.019003699030704056,6.1,19790788.0,19790788.0,22.401960517975187,8.910282279301745,18907348.0,,0.6183844011142061,359.0
0xaab430d847a1d57abce074b549e4d59497ec5a40,0.03301351775754852,0.0069936845,0,1.0,1,1780082750,3.7546879935691643e-16,-0.0033557058378876157,3.7546879935691643e-16,3.7546879935691643e-16,-0.0033557058378876157,0.000900000000000008,3.7546879935691643e-16,0.001500000000000007,0.0,,3.7546879935691643e-16,6.938893903907228e-18,3.7546879935691643e-16,8.95377522125429e-16,0.0015000000000008951,,1,0.4295547181782733,-0.3153474512499445,3.7546879935691643e-16,0.017919765179036477,21.983505,6721917.0,6721917.0,7.164947178913775,72.79631435889571,5783750.0,0.0,0.37735849056603776,212.0
0x2757379cc421b8e4128833bd01e769a40e03b41d,0.033013328333339566,0.0069922972,0,0.822,1,1780036097,-0.00335570583788724,-0.006711411675775231,-0.00335570583788724,-0.00335570583788724,-0.006711411675775231,-0.008100000000000005,-0.00335570583788724,-0.004999999942399993,0.0,,-0.00335570583788724,-0.008000000000000004,-0.00335570583788724,-0.008000000000000847,-0.004999999942400881,,1,0.4295547181782733,-0.27129890938480467,-0.00335570583788724,0.031062998370803667,80.919,18336052.0,18336052.0,20.567318067915927,56.71122307086614,17444538.0,,0.13725490196078433,50.0
0xd288745499cbe5de494aea1af59cb310f0988d5a,0.03301260339325226,0.0069869882,0,1.2,1,1779964708,-0.030201352540988165,-0.03355705837887615,-0.030201352540988165,-0.030201352540988165,-0.03355705837887615,-0.06160000000000003,-0.030201352540988165,-0.045264179104477546,0.0,,-0.030201352540988165,-0.04694908482582165,-0.030201352540988165,-0.0726999986919368,-0.06926417910447846,,1,0.4295547181782733,-0.20389528356844835,-0.030201352540988165,0.03056799941127059,23.065318,18680187.0,18680187.0,22.77724371284865,26.106533337078652,17860062.0,0.0,0.32653061224489793,49.0
0x73ae95e6ff558001024e8dda933105cc15ead34c,0.033011532956813555,0.006979149,0,2.032248,3,1779702144,1.485690423207308e-07,0.00014901519560794465,1.485690423207308e-07,1.485690423207308e-07,0.0007074957338356463,-0.12889996920934738,1.485690423207308e-07,-0.08057869271288186,0.0,-0.4838731551591856,-0.036076959582403326,-0.10909696650782487,-0.07215406773384897,-0.19505089023702452,-0.14089932426294338,,1,0.4295547181782733,0.04401077491179056,1.485690423207308e-07,0.06740179911891774,1.049998,6114257.0,6114257.0,10.96607725432733,1.4852421166666665,5556696.0,,0.4523809523809524,42.0
0xa9aca75fb5d8f04c2ec9eeb0eb0c30d2e526c5d1,0.03301010853671858,0.0069687166,0,99.999999,1,1779704667,-0.3300761847651229,-0.3334318906030109,-0.3300761847651229,-0.3300761847651229,-0.3334318906030109,-0.13771017009719239,-0.3300761847651229,-0.20171017009719233,0.0,,-0.3300761847651229,-0.25933762414184514,-0.3300761847651229,-0.11994311453230579,-0.0644431266700997,,1,0.4295547181782733,0.041628624329282514,-0.3300761847651229,0.0,0.0,23038557.0,23038557.0,41.134110240606766,0.0,22478473.0,,,0.0
0x032aa3277e1d7970f0f5c7d66add7af5ace1cf07,0.03300843050193578,0.0069564264,0,7.6716,4,1779904096,-0.0006382044717155444,-0.003777268670005952,-0.0006382044717155444,-0.0006382044717155444,-0.006935936571910576,0.0027062801717427703,-0.0006382044717155444,0.0012021123868421408,0.0,2.0314,-0.00025908160241981676,-1.9585055443695126e-16,0.0001200412668759109,3.469446951953614e-18,0.0014868076950474744,0.010989115204308774,1,0.4295547181782733,-0.27154345040774147,-0.0006382044717155444,0.1452826073425573,0.422,3504022.0,3504022.0,4.613511552797648,2.1563919423503326,2744509.0,,0.0427807486631016,117.0
0xf1635e1c8f1e22dc3beb58e922bb9e115db781fe,0.03300819666571784,0.0069547137,0,3.991768,2,1779838816,-5.1571912053612965e-06,0.00023723495780870308,-5.1571912053612965e-06,-5.1571912053612965e-06,0.006051461590598512,0.0,-5.1571912053612965e-06,0.0,0.0,-0.00208996411048464,-0.00042396856901096534,0.0,-0.0008427799468165694,,,0.035688554629484545,1,0.4295547181782733,-0.0895520556080621,-5.1571912053612965e-06,0.00874718048342103,1.999982,9866632.0,9866632.0,14.212277434233176,2.470510853754941,9172399.0,,0.8117283950617284,324.0
0xa8fa4cb86e163f01032cf7c1601ede9f5d43894b,0.0330040625809869,0.0069244322,0,49.1521,1,1780040260,-0.0067114116757748645,-0.010067117513662856,-0.0067114116757748645,-0.0067114116757748645,-0.010067117513662856,-0.012306698564594204,-0.0067114116757748645,-0.015099999999999126,0.0,,-0.0067114116757748645,-0.016199950149899077,-0.0067114116757748645,-0.016199957909409136,-0.015100000000000013,,1,0.4295547181782733,-0.2752295050546346,-0.0067114116757748645,0.07638801872060873,10.092988,43775369.0,43775369.0,48.8740572773444,61.089741692307705,42879692.0,,0.6493506493506493,77.0
0x3d60a4dcf361d6eed01bfadd0c6cfc2ac8866df2,0.033003215215458855,0.006918225,0,119.103793,2,1779690564,-0.00028776549735728626,-0.00043164824603594533,-0.00028776549735728626,-0.00028776549735728626,-0.0020845751647303296,0.0,-0.00028776549735728626,0.0,0.0,5.942204207999993,0.039458545713198456,0.0,0.0792048569237542,,,-0.011201031077677418,1,0.4295547181782733,-0.21703723916017625,-0.00028776549735728626,0.0,0.0,,,,0.0,,,,0.0
0x9e455413b57a792dfd92032f9a7a9fb282803662,0.032997436463226594,0.0068758894,0,1010.147409,7,1779798219,8.333796816619446e-17,-0.0003753208423790463,8.333796816619446e-17,8.333796816619446e-17,-0.001122259480624746,0.0,8.333796816619446e-17,0.0,0.0,7.662550143999998,0.012510799692864243,0.0,0.025021599385728403,,,0.02225252514028577,2,0.4295547181782733,-0.21448985815676497,8.333796816619446e-17,0.005709641689111148,49.999999,26331976.0,26331976.0,40.285382078098515,77.9345497316231,25678340.0,0.0,0.7169459962756052,530.0
0xc281ad222df6d91ba397fb3b086130998fd6e079,0.032996666672327486,0.0068702493,0,183.78849000000002,2,1779702217,0.0,0.0,0.0,0.0,0.0,0.0,0.0,0.0,0.0,1.0570699999999884,0.00443446340891067,0.0,0.00886892681782134,,,-0.023079158773421538,1,0.4295547181782733,0.02932698344957687,0.0,0.005603089027375401,49.999994,46737170.0,46737170.0,83.81334351922587,133.78026308809135,46179536.0,0.0,0.8097768331562167,938.0
0x63cc40081ebb2b5563bd2949816169d720f8eec5,0.03299601898604099,0.0068655037,0,16.288316000000002,10,1779780588,-0.011774748615619461,-0.014391359412237426,-1.411997975440081e-08,-0.013083054013928442,-0.02304831572763969,-0.0620129326119287,-0.013083054013928442,-0.0424825428011317,0.0,-0.13211996153811015,-0.009854906868133537,-0.04599211335125469,-0.01316828671388355,-0.5302814073176702,-0.515121407580226,,2,0.4295547181782733,-0.030053997301551182,-0.009158137819001494,0.0,0.0,5082669.0,5082669.0,7.991555097837281,0.0,4446664.0,,,0.0
0x7f1e3e9ab67fd3f2e09c2462a7b0ef188f66fb27,0.03299430694421381,0.0068529593,0,171.14,1,1779935413,-0.013422823351550475,-0.016778529189438465,-0.013422823351550475,-0.013422823351550475,-0.016778529189438465,0.013999999999997315,-0.013422823351550475,0.007899999999999085,0.0,,-0.013422823351550475,-0.007951864864865798,-0.013422823351550475,-0.02160000000000183,-0.008100000000001818,,1,0.4295547181782733,-0.17623571110924374,-0.013422823351550475,0.1284454792093708,5.310585,4772532.0,4772532.0,6.034839346003566,15.694108399999996,3981702.0,0.0,0.44642857142857145,56.0
0xaf820de93461c92b6d30fa6f8afb7b7b596e916a,0.0329934813003054,0.0068469094,0,6.6330469999999995,2,1779676330,-0.004429245164374133,-0.006643867746561446,-0.004429245164374133,-0.004429245164374133,-0.008178300394939709,0.0,-0.004429245164374133,0.0,0.0,0.15393478799999993,0.014541270862939368,0.0,0.03351178689025287,,,-0.02145172254864651,1,0.4295547181782733,-0.21430480008535333,-0.004429245164374133,0.005854289238475946,0.999999,5832751.0,5832751.0,10.969034145937824,1.1007234147783251,5301004.0,,0.6025878003696857,540.0
0x3fda697bdf36ab5fd3cdad936ce70472ea4fb58e,0.03299100397995512,0.006828756,0,0.772,1,1780029417,-0.00335570583788724,-0.006711411675775231,-0.00335570583788724,-0.00335570583788724,-0.006711411675775231,-0.006200000000000879,-0.00335570583788724,0.008424425416854446,0.0,,-0.00335570583788724,-0.008099957909409114,-0.00335570583788724,-0.007999999999999993,0.008424425416854446,,1,0.4295547181782733,-0.26499182817546907,-0.00335570583788724,0.01652171872186154,57.9725,30403346.0,30403346.0,34.36050829873174,37.24040765432099,29518512.0,,0.16161616161616163,99.0
0x20e3af2505cfd08c8c8654ee960acfa46bc7d1bd,0.03298919274697648,0.006815483,0,4.96,1,1779932345,-0.023489940865212958,-0.02684564670310095,-0.023489940865212958,-0.023489940865212958,-0.02684564670310095,0.030300000000000916,-0.023489940865212958,-0.0216139900358169,0.0,,-0.023489940865212958,-0.03850000380250102,-0.023489940865212958,-0.0459000000000009,-0.029613990035816908,,1,0.4295547181782733,-0.17333898578735127,-0.023489940865212958,0.0029667474034914677,1.839999,22902502.0,22902502.0,29.072869724612257,1.9513312202323332,22114740.0,,0.4143070044709389,634.0
0x8df92602ec9c454e8099d9dc4a3f0d21daa0468c,0.03298903510104951,0.0068143276,0,2195.4,2,1779978690,-0.0036607700049677357,-0.0070164758428557265,-0.0036607700049677357,-0.0036607700049677357,-0.00969747544209614,0.008879949356678804,-0.0036607700049677357,0.008778007340850637,0.0,,-0.0036607700049677357,0.004854545454546344,-0.0036607700049677357,-0.00664999999999955,-0.0037141919250648333,,2,0.4295547181782733,-0.21709672211170142,-0.0036607700049677357,0.015751767801835004,13.7655,12837335.0,12837335.0,15.390513447315513,75.25936029549248,12003228.0,,0.4797979797979798,193.0
0x15e262fc440d683729af65b08d0181e700ae5985,0.032987775230604525,0.0068050944,0,96.56334,1,1780054047,3.725581885091884e-16,-0.0033557058378876187,3.725581885091884e-16,3.725581885091884e-16,-0.0033557058378876187,0.0017999999999999997,3.725581885091884e-16,-1.0842021724855044e-19,0.0,,3.725581885091884e-16,-8.673617379884036e-20,3.725581885091884e-16,0.00029999999999996696,-1.0842021724855044e-19,,1,0.4295547181782733,-0.2882468297003098,3.725581885091884e-16,0.011542474414216412,3.3524890000000003,1786163.0,1786163.0,1.9639732853636866,4.918389349702381,876699.0,,0.44329896907216493,291.0
0x4d9d7f303dde919abc0bd299bbb3b2ef9e29eabf,0.032979425538362986,0.006743894,0,8.992049999999999,2,1779919321,0.0,0.0,0.0,0.0,0.0,0.0,0.0,0.0,0.0,0.040769999999999536,0.003775169067623525,0.0,0.00755033813524705,,,0.00794619065369974,1,0.4295547181782733,-0.24203990645125656,0.0,0.0014727280896360633,3.67866,,,,3.2784757512520866,,,0.9326241134751773,1126.0
0x39d0f1dca6fb7e5514858c1a337724a426764fe8,0.03297540589605866,0.006714426,0,89.1,1,1779690925,-0.36241623049186245,-0.3657719363297504,-0.36241623049186245,-0.36241623049186245,-0.3657719363297504,-0.3216999977683135,-0.36241623049186245,0.00629998797408017,0.0,,-0.36241623049186245,-0.04410000000000096,-0.36241623049186245,-0.18778114117307732,-0.14398115319899618,,1,0.4295547181782733,0.0546034611524397,-0.36241623049186245,0.0,0.0,54670596.0,54670596.0,100.06661761314342,0.0,54124254.0,0.0,,0.0
0xddb7df911a1660fec47cf1b39afa101e694ed5a4,0.03297297135944761,0.0066965767,0,7.992,2,1780044476,0.0,0.0,0.0,0.0,0.0,0.0,0.0,0.0,0.0,0.0,0.0,0.0,0.0,,,-0.0003870179283474863,1,0.4295547181782733,-0.3310764431461005,0.0,0.13256788891119234,14.18,8634732.0,8634732.0,9.595287439728946,300.71217820512817,7734839.0,0.0,0.38095238095238093,21.0
0x70efddcfdd23578823221d60b2b82b9e508f5124,0.03297297135944761,0.0066965767,0,5.994,2,1780037205,0.0,0.0,0.0,0.0,0.0,0.0,0.0,0.0,0.0,0.0,0.0,0.0,0.0,,,-9.999999999998812e-05,1,0.4295547181782733,-0.33076675412863615,0.0,0.1082270114887343,14.75,9134404.0,9134404.0,10.233227502795136,321.82870304347824,8241782.0,0.0,0.43478260869565216,23.0
0x56550162b001c8c581533a2ca47da315baae9df5,0.032972861040580996,0.006695768,0,99.9,1,1780160473,7.451163770183768e-16,-0.003355705837887246,7.451163770183768e-16,7.451163770183768e-16,-0.003355705837887246,1.7763568394002505e-15,7.451163770183768e-16,9.478529072737274e-16,0.0,,7.451163770183768e-16,8.81239525796218e-16,7.451163770183768e-16,1.8096635301390052e-15,1.84297022087776e-15,,1,0.4295547181782733,-0.38873147412916487,7.451163770183768e-16,0.10414723650503452,55.40298,,,,57.55243350000001,,,0.38461538461538464,13.0
0x3e5630959499c5b5e55aceeeeae7446933d335d5,0.032972196912024576,0.0066908984,0,0.3997,4,1779928677,-0.002550378435615803,-0.005100756871232176,-0.002550378435615803,-0.002550378435615803,-0.005850921228394582,0.018343239698842564,-0.002550378435615803,0.08825665835615062,0.0,-0.02799,-0.002917736877427733,0.07609120775969966,-0.0032850953192396634,-0.031199999852097017,-0.019711343978748505,,1,0.4295547181782733,-0.16987575616521908,-0.002550378435615803,0.020325459285211626,0.49998,53899607.0,53899607.0,68.74125678808919,0.6871908013245034,53115513.0,0.0,0.3179190751445087,159.0
0x9f140ccf5ed00fce6bcfd212896c0cf71b017328,0.0329718987347631,0.006688712,0,823.3028,1,1779984008,-0.013422823351550102,-0.016778529189438094,-0.013422823351550102,-0.013422823351550102,-0.016778529189438094,-0.019199999882518803,-0.013422823351550102,-0.00259999999999999,0.0,,-0.013422823351550102,-0.008200000000000051,-0.013422823351550102,-0.030799993669204707,-0.02659999999999999,,1,0.4295547181782733,-0.22211783855949285,-0.013422823351550102,0.0549072943381101,21.6649995,14713635.0,14713635.0,17.528230634064986,88.02486087921348,13874210.0,0.0,0.3023255813953488,71.0
0x6a6a9c770ef86a345fedd696faa00da1a693402b,0.03297053096330931,0.006678683,0,7.52247,1,1780062774,3.725581885091884e-16,-0.0033557058378876187,3.725581885091884e-16,3.725581885091884e-16,-0.003355705837887619,0.0009000000000008889,3.725581885091884e-16,0.0011999999999999997,0.0,,3.725581885091884e-16,-8.673617379884036e-20,3.725581885091884e-16,8.881784197001252e-16,0.0012000000000008879,,1,0.4295547181782733,-0.2964866347472966,3.725581885091884e-16,0.015380719964029213,3.0411330000000003,,,,3.8125712444444444,,,0.5542168674698795,83.0
0xa8c63f775ddbbe66b56614191747def3021444e8,0.03296959101341048,0.006671791,0,13656.54864,4,1779801206,0.00385108897851946,0.006411166556714087,0.00385108897851946,0.00385108897851946,0.036700539015069485,0.0,0.00385108897851946,0.0,0.0,309.0982185096184,0.02193333884521609,0.0,0.04001558871191273,,,0.05712013197112099,1,0.4295547181782733,-0.16228459854200677,0.00385108897851946,0.0,0.0,60366535.0,60366535.0,91.93484693652218,0.0,59709912.0,0.0,,0.0
0x29bcb7ae284d68e1b8de2a75b62a7204a675e100,0.03296732523153643,0.006655176,0,11.71458,1,1779705245,-0.31208064292354776,-0.3154363487614357,-0.31208064292354776,-0.31208064292354776,-0.3154363487614358,-0.02170002452623144,-0.31208064292354776,-0.20520001202591864,0.0,,-0.31208064292354776,-0.2648999999999998,-0.31208064292354776,-0.06840148736462068,-0.012901499390539535,,1,0.4295547181782733,0.04108289185338491,-0.31208064292354776,0.01004282789664207,3.7314,5184452.0,5184452.0,9.24701870289051,6.4434861103723415,4623790.0,,0.38524590163934425,366.0
0x627d21cdc1f9ac13453e9b612c9920864633db79,0.032963021485737085,0.006623614,0,35.385078,2,1779881574,-5.7141671648393065e-06,1.3061033172883185e-05,-5.7141671648393065e-06,-5.7141671648393065e-06,0.0008374157067286948,0.0,-5.7141671648393065e-06,0.0,0.0,-0.12627946426071096,-0.0029412300474955942,0.0,-0.00587674592782635,,,0.004422490279753514,1,0.4295547181782733,-0.13798817327855867,-5.7141671648393065e-06,0.02053877921576186,10.05697,9594557.0,9594557.0,13.018553822231208,12.54530786142322,8857566.0,,0.92018779342723,213.0
0x101c766b1c2829427ad71bf845231d4afb2215a3,0.03295877262560063,0.0065924507,0,3.3,2,1780038299,-0.003117709733581619,-0.006473415571469611,-0.003117709733581619,-0.003117709733581619,-0.010932677016795912,-0.00563519542867166,-0.003117709733581619,-0.005274464676696879,0.0,,-0.003117709733581619,-0.007525525198570723,-0.003117709733581619,-0.015093699205552,-0.0138422133264207,,1,0.4295547181782733,-0.27337798016668446,-0.003117709733581619,0.041053601992864765,9.588574999999999,4231518.0,4231518.0,4.734745713403363,31.245827470930234,3337802.0,,0.45751633986928103,153.0
0x946e338b86a3b52d71b642c00a3ed38595031225,0.032956932376824816,0.006578952,0,18.655319,3,1779704827,-1.6410160893735918e-06,-1.0840785056077064e-05,-1.6410160893735918e-06,-1.6410160893735918e-06,-0.0019164703173736091,-0.04328480154273458,-1.6410160893735918e-06,-0.09128633742706713,0.0,-1.344026278216799,-0.005582234603913934,-0.12063887515923646,-0.011162828191738493,-0.11711537078686823,-0.061615382924662135,,1,0.4295547181782733,0.04147755651588525,-1.6410160893735918e-06,0.06555394782493415,14.87218,,,,25.433777703958693,,,0.13978494623655913,93.0
0x44128db8ea4c5a1fbb9bebeb5e82f2b63e71f131,0.03295692342594699,0.0065788864,0,17.03414,3,1779706956,-0.008581611049271654,-0.008877528671660367,-0.008581611049271654,-0.008581611049271654,-0.02989500365755392,0.0,-0.008581611049271654,0.0,0.0,0.7041399999999995,0.017464318279323855,0.0,0.04351024760791936,,,0.030027804773520374,1,0.4295547181782733,-0.1660735681367768,-0.008581611049271654,0.014031691486776991,7.11097,7234027.0,7234027.0,12.863396713569108,11.386403242803505,6671654.0,,0.4887005649717514,333.0
0x4319200a91a6da75a987f5704062571886397901,0.032956459570549386,0.006575484,0,20.219768000000002,2,1779867322,1.9526528710566155e-05,2.041409622266485e-05,1.9526528710566155e-05,1.9526528710566155e-05,0.0012552244803619229,0.0,1.9526528710566155e-05,0.0,0.0,0.22506050073504622,0.009245297298576103,0.0,0.01847106806844164,,,0.02238147959683761,1,0.4295547181782733,-0.37869585045041815,1.9526528710566155e-05,0.02658136604728422,99.898845,14339370.0,14339370.0,19.840315798649304,129.25073368518517,13616631.0,,0.1232876712328767,73.0
0x5e040a09b01671be88a71add482c8c824402864c,0.0329560944959652,0.006572806,0,59.753190000000004,2,1779941107,-0.012118106139217984,-0.015473811977105977,-0.012118106139217984,-0.012118106139217984,-0.02161420911319906,0.00021515044503675473,-0.012118106139217984,0.08829930550356516,0.0,,-0.012118106139217984,0.07497571214392858,-0.012118106139217984,-0.023650000000000032,-0.014411343978748548,,1,0.4295547181782733,-0.18161183691851873,-0.012118106139217984,0.0,0.0,,,,0.0,,,,0.0
0xf823e2b90a804026f74d39f3f7b1b4ee7bdf5a6d,0.032955900629046825,0.0065713837,0,1.1682,1,1779928262,-0.030201352540988196,-0.03355705837887619,-0.030201352540988196,-0.030201352540988196,-0.03355705837887619,0.0004000021099211156,-0.030201352540988196,-0.05400000000000005,0.0,,-0.030201352540988196,-0.06720000750360035,-0.030201352540988196,-0.06190000000000006,-0.04600000000000004,,1,0.4295547181782733,-0.16948392402421994,-0.030201352540988196,0.11322893869733963,1.063689,,,,6.608422994413408,,,0.23529411764705882,68.0
0x034900d27f97423d4e30be0486713845ad762d80,0.03295338103062217,0.0065529,0,4.078987000000001,4,1779824252,0.00020799522064338753,0.00025872539708131554,0.00020799522064338753,0.00020799522064338753,0.006654230146091513,0.0,0.00020799522064338753,0.0,0.0,0.042523844561603893,0.01717011298624539,0.0,0.03413223075184739,,,0.03425844090036008,1,0.4295547181782733,-0.1688796527706309,0.00020799522064338753,0.0363840105420839,1.7572345,,,,3.0357096684782605,,,0.3950617283950617,80.0
0x81d131a7b47d012ac448c165a41b152ecf9b4e30,0.032952593000034044,0.006547119,0,1808.86273,6,1779745859,0.0,-0.0013803429926046145,0.0,0.0,-0.002152213985311657,0.0,0.0,0.0,0.0,6.306984999999984,0.005803868366140944,0.0,0.011607736732281888,,,0.05313625555082257,1,0.4295547181782733,-0.3056800553663536,0.0,0.017525218459940307,18.30885,29501439.0,29501439.0,49.06472069399078,68.80916669895917,28900163.0,,0.5800524934383202,375.0
0xd8d5289c35124b5353f5a10a28b8cc29aec38935,0.03294971162261352,0.0065259794,0,1126.63829,2,1779784609,-0.015686550550686094,-0.01624583485700076,-0.015686550550686094,-0.015686550550686094,-0.03979400584517278,0.0,-0.015686550550686094,0.0,0.0,38.50465857142865,0.011232263523066523,0.0,0.03815107759681914,,,0.09967680240902818,1,0.4295547181782733,-0.14113227214488913,-0.015686550550686094,0.0,0.0,4725368.0,4725368.0,7.383087562067791,0.0,4085342.0,0.0,,0.0
0xf58c622a163c92b59eb5bbbbafd1bad45eb5d588,0.03294912366034517,0.0065216655,0,100.0,1,1780098000,3.7546879935691643e-16,-0.0033557058378876157,3.7546879935691643e-16,3.7546879935691643e-16,-0.0033557058378876157,0.0006000000000000078,3.7546879935691643e-16,0.001199999999999968,0.0,,3.7546879935691643e-16,-1.1015494072452724e-17,3.7546879935691643e-16,8.951173136040325e-16,0.0012000000000008631,,1,0.4295547181782733,-0.3297461022143709,3.7546879935691643e-16,0.0213871720780015,49.999999,3581468.0,3581468.0,3.7564549404929846,79.72516572758622,2628051.0,,0.2,125.0
0xf8eb681fb8909496dc15aea5b233b310e2db8473,0.03293918054741414,0.0064487015,0,36.62334,1,1780072579,7.451163770183768e-16,-0.003355705837887246,7.451163770183768e-16,7.451163770183768e-16,-0.003355705837887246,0.0012000000000018107,7.451163770183768e-16,0.0030000000455181557,0.0,,7.451163770183768e-16,9.145462165349728e-16,7.451163770183768e-16,9.142860080135761e-16,0.0030000000455181557,,1,0.4295547181782733,-0.30574425918704745,7.451163770183768e-16,0.025607581278160523,7.458,3231141.0,3231141.0,3.481847982103371,35.36133200223381,2303145.0,,0.384,125.0
0x333504132060bfe5330106546c16ea4fb780d0f7,0.03293837247838851,0.006442771,0,19.98986,2,1779922947,6.312088993157713e-06,6.644304203323908e-06,6.312088993157713e-06,6.312088993157713e-06,0.0006677773641535819,0.0,6.312088993157713e-06,0.0,0.0,0.19190000000000015,0.007975324442852108,0.0,0.015944336796711058,,,0.018423054344272945,1,0.4295547181782733,-0.2832965262900483,6.312088993157713e-06,0.02479621563667238,2.509972,10912343.0,10912343.0,14.019588521565746,16.502729044887783,10133979.0,,0.627906976744186,172.0
0x7a93624258ea2f98a9d909567fbe05aa7fdff34c,0.032937706927122605,0.006437886,0,200.247818,2,1779904480,2.4797535551202116e-07,1.5889771850439596e-06,2.4797535551202116e-07,2.4797535551202116e-07,0.0002920860834306077,0.0,2.4797535551202116e-07,0.0,0.0,0.25374075995500533,0.0010475985833010742,0.0,0.0020949491912466366,,,0.010989123753838467,1,0.4295547181782733,-0.1987297085240958,2.4797535551202116e-07,0.126162391898049,102.4999995,,,,91.04931092307694,,,0.5384615384615384,13.0
0x3368b1377ce46398542a01b88cff78bff47c2079,0.03293320569258873,0.006404847,0,99.6,1,1779980858,-0.010067117513662483,-0.013422823351550475,-0.010067117513662483,-0.010067117513662483,-0.013422823351550475,-0.01919824565678262,-0.010067117513662483,0.0041999999999999755,0.0,,-0.010067117513662483,-0.00010000000000003894,-0.010067117513662483,-0.02219999999999913,-0.01979999999999913,,1,0.4295547181782733,-0.2191436909832343,-0.010067117513662483,0.1548749702522476,8.3412,,,,28.19724702801724,,,0.36213991769547327,243.0
0x2eae1023ecfe412625c9ded996501145add4a25f,0.03293295105635575,0.0064029777,0,2.0,2,1779958588,-0.008516332505108547,-0.011872038342996539,-0.008516332505108547,-0.008516332505108547,-0.02377572775347147,-0.017206243068223978,-0.008516332505108547,0.0018978436650878977,0.0,,-0.008516332505108547,-0.018708181315644,-0.008516332505108547,-0.06155956937799045,-0.04704067010953933,,2,0.4295547181782733,-0.19811693970600316,-0.008516332505108547,0.017074512499271204,9.999999,20966339.0,20966339.0,25.75701500605033,21.367557420265783,20152334.0,,0.21176470588235294,371.0
0x8b42c0b1e49b2d0f734edd25b2306f3ec272405a,0.03293267383870282,0.006400943,0,2.0,1,1780085865,3.7546879935691643e-16,-0.0033557058378876157,3.7546879935691643e-16,3.7546879935691643e-16,-0.0033557058378876157,0.0008999999999999746,3.7546879935691643e-16,0.00030000000000086235,0.0,,3.7546879935691643e-16,8.95377522125429e-16,3.7546879935691643e-16,8.841018195315797e-16,0.00030000000000086235,,1,0.4295547181782733,-0.31828855274202245,3.7546879935691643e-16,0.014881117702223069,1.1572,4297402.0,4297402.0,4.565477720810554,4.1223735859429365,3356120.0,0.0,0.4051172707889126,413.0
0x320f269188475ea961a42e04d72e2086aa58176c,0.03293111067782665,0.006389468,0,197.7,2,1779868692,0.0,0.0,0.0,0.0,0.0,0.0,0.0,0.0,0.0,2.100000000000013,0.008808727824455045,0.0,0.01761745564891009,,,0.019526217899056997,1,0.4295547181782733,-0.3014038920733774,0.0,0.050099707462165174,9.70582,10258955.0,10258955.0,14.167694366455878,28.597226190217388,9534846.0,,0.6166666666666667,120.0
0xb03e9b1a6632e4018639a24ba89f7b62e09c1091,0.03293009690082131,0.006382026,0,139.75779400000002,5,1779921052,4.326419676835069e-07,5.40802459604356e-06,4.326419676835069e-07,4.326419676835069e-07,0.0006735677343145099,0.0,4.326419676835069e-07,0.0,0.0,-0.23321814999999577,-0.001369597220561514,0.0,-0.002739627083090712,,,0.022521525048252174,1,0.4295547181782733,-0.1668005819887511,4.326419676835069e-07,0.020662966002924298,5.05,6817683.0,6817683.0,8.780367278023977,34.49559593211488,6041214.0,,0.6003616636528029,529.0
0x0cffb5cbd0f9c4b58810e3da84a35328dd148cca,0.032928819668443125,0.006372649,0,2.999999,3,1779886854,-0.0015418091615811058,-0.004897514999469097,-0.0015418091615811058,-0.0015418091615811058,-0.01461124832006752,0.0030023714393755743,-0.0015418091615811058,0.0014459864948448834,0.0,,-0.0015418091615811058,-0.0004378148475932298,-0.0015418091615811058,-0.036733284927731376,-0.025845707365935083,,3,0.4295547181782733,-0.130387573917009,-0.0015418091615811058,0.024031866030164623,1.014089,2870038.0,2870038.0,3.8665635596702552,1.1134878013245033,2127767.0,0.0,0.19101123595505617,89.0
0x91bb72c6a1bf788662e40dd924794a2ad6d69033,0.03292784185938919,0.0063654706,0,1.17528,1,1779994969,-0.01006711751366211,-0.013422823351550104,-0.01006711751366211,-0.01006711751366211,-0.013422823351550102,-0.012999999999999104,-0.01006711751366211,-0.011799999999999103,0.0,,-0.01006711751366211,-0.015699999999999138,-0.01006711751366211,-0.024099999999998224,-0.019799999999998208,,1,0.4295547181782733,-0.23246692795103893,-0.01006711751366211,0.021611291907382178,1.7876395,,,,1.9558668061224491,,,0.17796610169491525,118.0
0x4a2f5dcea74601cdb63f8a09bf5a62aa06042bc6,0.03292739336800514,0.006362178,0,1.9999989999999999,2,1779969837,-0.00279641846627517,-0.006152124304163162,-0.00279641846627517,-0.00279641846627517,-0.013868630381614304,-0.005874992438347083,-0.00279641846627517,-0.004441658054605872,0.0,,-0.00279641846627517,-0.0046749926409312475,-0.00279641846627517,-0.040499956385549075,-0.038649948840646736,,2,0.4295547181782733,-0.20873795116166427,-0.00279641846627517,0.02470521049162308,9.6819,13610139.0,13610139.0,16.49206062618297,33.506329706131076,12784885.0,,0.2894736842105263,227.0
0x186c83f9205ab8d4bcb3795804b64b317e8afaf1,0.032926829828647884,0.0063580405,0,46.845,2,1779901328,0.0,0.0,0.0,0.0,0.0,0.0,0.0,0.0,0.0,-0.09900000000000109,-0.0017302858226608206,0.0,-0.003460571645321641,,,0.019118060564367836,1,0.4295547181782733,-0.14463138037270318,0.0,0.07051740613904732,23.088,3427260.0,3427260.0,4.528949646182003,18.069815126050422,2670515.0,0.0,0.3793103448275862,29.0
0x144e019d576f112fa767cc77240b98a7f31e5e08,0.032926677671447475,0.0063569234,0,57.97655999999999,3,1779938321,-0.01239681269107359,-0.01575251852896158,-0.01239681269107359,-0.01239681269107359,-0.027202978711408816,-0.0059258533827536534,-0.01239681269107359,0.0586887636780415,0.0,,-0.01239681269107359,0.045395141659524615,-0.01239681269107359,-0.02433333333333429,-0.015936156648146176,,1,0.4295547181782733,-0.17898136861773895,-0.01239681269107359,0.0,0.0,,,,0.0,,,,0.0
0x77083282613acf56201e204282caa95e60ee42cb,0.032925835015730195,0.0063507366,0,20.76921,1,1780153919,7.451163770183768e-16,-0.003355705837887246,7.451163770183768e-16,7.451163770183768e-16,-0.003355705837887246,1.8096635301390052e-15,7.451163770183768e-16,1.8096635301390052e-15,0.0,,7.451163770183768e-16,1.8094033216176086e-15,7.451163770183768e-16,1.8094033216176086e-15,1.8096635301390052e-15,,1,0.4295547181782733,-0.3825433588228796,7.451163770183768e-16,0.007294526252510175,1.0992089999999999,3100651.0,3100651.0,3.071971078015646,1.230304363272311,2091315.0,,0.4604651162790698,418.0
0x8e332a1bc726ef4e1445ba97802d9175a0e2e368,0.03292515207777209,0.0063457224,0,0.999996,1,1779939803,0.003355705837887246,0.0067114116757752374,0.003355705837887246,0.003355705837887246,0.0067114116757752374,0.0,0.003355705837887246,0.0,0.0,,0.003355705837887246,0.0,0.003355705837887246,,,-0.00010000000000011119,0,0.4295547181782733,,0.003355705837887246,0.181888959375629,0.999996,52213536.0,52213536.0,65.65923392268806,1.094234142857143,51418316.0,0.0,0.3333333333333333,6.0
0x8c103cad75419aa3111345f99e60aa7e87eace5b,0.03292337788565067,0.0063326955,0,2.0160780000000003,2,1779830927,0.00015869729628263893,0.00034119909968038654,0.00015869729628263893,0.00015869729628263893,0.007016655529277649,0.0,0.00015869729628263893,0.0,0.0,0.02080000995281978,0.008528128743237433,0.0,0.01689756019019223,,,0.030276350838681382,1,0.4295547181782733,-0.14088584277428487,0.00015869729628263893,0.009017612673715994,1.005985,6109558.0,6109558.0,8.901597449675382,1.808347921325052,5423214.0,,0.708092485549133,346.0
0x87332c6791cce7436ef30a453ea3ca76200654f7,0.03292294074142961,0.0063294857,0,29.984839,2,1779922935,6.417279887852455e-06,6.755031460897321e-06,6.417279887852455e-06,6.417279887852455e-06,0.0006733186245522645,0.0,6.417279887852455e-06,0.0,0.0,0.2878500000000003,0.007975416484884966,0.0,0.015944415689882082,,,0.018423054344272945,1,0.4295547181782733,-0.28328991707321216,6.417279887852455e-06,0.006001300917800351,7.619992,10916541.0,10916541.0,14.025198110880424,8.310840133433285,10138189.0,,0.7793103448275862,290.0
0xdec61fa0249fea39d5e7f262784b5a6fc1e5ca9c,0.032922008380306976,0.0063226395,0,9.99,1,1780163278,3.725581885091884e-16,-0.0033557058378876187,3.725581885091884e-16,3.725581885091884e-16,-0.0033557058378876187,8.880916835263264e-16,3.725581885091884e-16,-7.025630077706068e-18,0.0,,3.725581885091884e-16,-1.8041124150158794e-17,3.725581885091884e-16,8.770761894538737e-16,8.880916835263264e-16,,1,0.4295547181782733,-0.3913798817327856,3.725581885091884e-16,0.02235304058270992,9.999998,46042786.0,46042786.0,45.19781288805776,14.256004647151897,45024091.0,0.0,0.726962457337884,292.0
0xef7cf5ba6eec00a39a84e2d50d27038ee11ed17c,0.03292100660566778,0.0063152835,0,4.999999,4,1779966694,-0.0016664379519492785,-0.00502214378983727,-0.0016664379519492785,-0.0016664379519492785,-0.014193122874220246,-0.0022904737242312283,-0.0016664379519492785,-0.00013143494061989636,0.0,,-0.0016664379519492785,-0.0025387107621219706,-0.0016664379519492785,-0.025757074155306967,-0.023149711461691303,,2,0.4295547181782733,-0.20577041280224184,-0.0016664379519492785,0.027989849144062252,2.057389,,,,3.4301955000000004,,,0.21978021978021978,91.0
0xadc19a6ab810a3938c484b6c3c8b49fc162f405d,0.03291947777816095,0.006304057,0,47.807,2,1779901356,-0.001027256889149271,0.007875636150144373,-0.001027256889149271,-0.001027256889149271,0.02465464091688858,0.0,-0.001027256889149271,0.0,0.0,-0.06600000000000006,-0.0021572394672134693,0.0,-0.0032872220452776673,,,0.020283748219073753,1,0.4295547181782733,-0.14512235076624427,-0.001027256889149271,0.04951749581733276,9.76,3162076.0,3162076.0,4.178367885746453,13.497927484662576,2405303.0,0.0,0.5294117647058824,34.0
0x4f023f72d725d2f5149d80768e164a42a0e2823d,0.03291348399518646,0.006260038,0,9.0,3,1780030110,-0.0009587730965389433,-0.004314478934426934,-0.0009587730965389433,-0.0009587730965389433,-0.007577925802949016,-0.002028571428571007,-0.0009587730965389433,-0.00031428571428571264,0.0,,-0.0009587730965389433,-0.002314285714285714,-0.0009587730965389433,-0.002566666666666075,-0.0003666666666660657,,2,0.4295547181782733,-0.2656461406422459,-0.0009587730965389433,0.10415150905880818,4.092394499999999,11470488.0,11470488.0,12.953289961796761,11.12394275490196,10584961.0,,0.19047619047619047,63.0
0x392543e363a6b4b816d57f36eb643e2ed7b6d2f2,0.03291225956198401,0.0062510446,0,17.0,2,1779992141,-0.008053694010929901,-0.011409399848817893,-0.008053694010929901,-0.008053694010929901,-0.015118927545959464,-0.016935578485983344,-0.008053694010929901,-0.007019999999999989,0.0,,-0.008053694010929901,-0.00965999999999997,-0.008053694010929901,-0.0160999999999991,-0.013749999999999101,,2,0.4295547181782733,-0.22979680434924235,-0.008053694010929901,0.05521388335372028,6.999999,8561627.0,8561627.0,10.101523435564292,22.406535565079366,7714069.0,,0.15328467153284672,137.0
0x876407fcee51e02ce9fc0f556d38da24def50b72,0.03291102762865751,0.006241996,0,6.678,2,1779698135,0.0035234911297819913,-0.04756713025205695,0.0035234911297819913,0.0035234911297819913,-0.11370718988238798,-0.04776398508755434,0.0035234911297819913,0.04637724293477235,0.0,0.19799999999999973,0.00559983411697495,0.01341849999999969,0.00767617710416791,-0.052226898148801965,-0.004226910174720808,,1,0.4295547181782733,0.04779596781122566,0.0035234911297819913,0.09907574389187473,3.872,2677261.0,2677261.0,4.8365121975893866,10.844012345679012,2123709.0,0.0,0.4444444444444444,18.0
0x7211072cc153f9923a39c910cd666e370a89e455,0.03291059685556683,0.0062388317,0,70.23599999999999,2,1779901328,0.0,0.0,0.0,0.0,0.0,0.0,0.0,0.0,0.0,-0.18000000000000016,-0.0020973161486797618,0.0,-0.0041946322973595235,,,0.019118060564367968,1,0.4295547181782733,-0.14463138037270318,0.0,0.04715358788223534,3.64,3403604.0,3403604.0,4.4976894462467545,9.377546359447004,2646859.0,0.0,0.575,40.0
0xa9518edece3927d9f81394ec745963230bf9e6b3,0.032910485787361755,0.006238016,0,4.618746,7,1779668161,-0.019667802155320872,-0.019926589025785653,-0.019667802155320872,-0.019667802155320872,-0.07175526723852581,0.0,-0.019667802155320872,0.0,1.0,0.04418561559999999,0.013494279530779717,0.0,0.046656361216880306,,,0.040690149064053695,2,0.4295547181782733,0.07609569012970116,-0.019667802155320872,0.012679647164422615,0.999999,5246330.0,5246330.0,10.020149815309276,1.698062825386997,4722752.0,,0.4177215189873418,312.0
0x81924e30a4fe9e1eb715ade61296be6fa74c0664,0.03290860212067685,0.006224179,0,1.61,1,1780055216,3.7546879935691643e-16,-0.0033557058378876157,3.7546879935691643e-16,3.7546879935691643e-16,-0.0033557058378876157,0.0015000000000000085,3.7546879935691643e-16,0.0008099667351650409,0.0,,3.7546879935691643e-16,-8.809793172748215e-16,3.7546879935691643e-16,0.0011610537850424687,0.0008099667351659291,,1,0.4295547181782733,-0.2893505689119435,3.7546879935691643e-16,0.01700181130683658,1.3,15229915.0,15229915.0,16.72453666844931,3.529306737556561,14319282.0,,0.13409961685823754,646.0
0x77ae15add8cd53790551e515eaa615b06d6f05d1,0.03290664585220042,0.0062098084,0,29.205000000000002,2,1779901277,-0.06979868142806217,-0.07248324609837256,-0.06979868142806217,-0.06979868142806217,-0.08103873275290371,0.0,-0.06979868142806217,0.0,0.0,-0.015000000000000346,-0.07021814465779813,0.0,-0.07063760788753409,,,0.019118060564367836,1,0.4295547181782733,-0.14441233204327716,-0.06979868142806217,0.08030325350481891,19.64,3404993.0,3404993.0,4.499828200038589,16.649671898089174,2648299.0,0.0,0.46153846153846156,26.0
0xd8a1e56047731ece90d9813b5ea9384d0b9baa21,0.032904918387040946,0.0061971177,0,600.70448,2,1779740409,-0.07417678575259481,-0.07503755339572847,-0.07417678575259481,-0.07417678575259481,-0.14815886437862266,0.0,-0.07417678575259481,0.0,0.0,-8.509362323715584,-0.08518060726565582,0.0,-0.09618442877871683,,,-0.027486479766333782,1,0.4295547181782733,-0.047606188870645355,-0.07417678575259481,0.0028616465681922847,93.249999,,,,122.09969003878231,,,0.5815147625160462,642.0
0x4f3337190c4c5acbf83d663ddba061afdc0cb512,0.0329032176930681,0.006184623,0,489.758919,7,1779861398,1.2758967217913846e-21,-5.746128000822284e-09,1.2758967217913846e-21,1.2758967217913846e-21,-4.39116331711845e-06,0.0,1.2758967217913846e-21,0.0,0.0,0.9395439615000044,0.006381489202318518,0.0,0.012762978404637035,,,0.0064563171998981645,3,0.4295547181782733,-0.2322053917990949,1.2758967217913846e-21,0.02178351772876396,19.999995,6379341.0,6379341.0,8.899564043721183,38.572542645400596,5662526.0,,0.6737588652482269,141.0
0x7cff2b7c73c7086ec1358913d12c2593360c5576,0.03290161075726504,0.0061728167,0,1.0,1,1780183071,3.7546879935691643e-16,-0.0033557058378876157,3.7546879935691643e-16,3.7546879935691643e-16,-0.0033557058378876157,8.95377522125429e-16,3.7546879935691643e-16,8.841018195315797e-16,0.0,,3.7546879935691643e-16,8.951173136040325e-16,3.7546879935691643e-16,8.841018195315797e-16,8.841018195315797e-16,,1,0.4295547181782733,-0.4100679144238604,3.7546879935691643e-16,0.009393095219954144,1.98,5569292.0,5569292.0,5.362885271664188,4.240525333333333,4530804.0,,0.4012738853503185,314.0
0xb6539c88dd0ffa6fe3ef943b5b551a29e9898681,0.03290121160195786,0.006169884,0,6.156888,2,1779923682,5.845283211417843e-05,6.137546724686945e-05,5.845283211417843e-05,5.845283211417843e-05,0.002079694066847122,0.0,5.845283211417843e-05,0.0,0.0,0.06220013775982834,0.008440429403263486,0.0,0.016822405974412796,,,0.02111466519234909,1,0.4295547181782733,-0.28316056525799077,5.845283211417843e-05,0.004472357487898435,1.874055,11644251.0,11644251.0,14.945791228072427,3.515685577167019,10865152.0,0.0,0.6973365617433414,413.0
0x49f188512356904111906cd2028467b24d737b7c,0.032900142626494926,0.0061620297,0,9.555,2,1779838144,0.0,0.0,0.0,0.0,0.0,0.0,0.0,0.0,0.0,-0.025000000000000022,-0.0020973161486797618,0.0,-0.0041946322973595235,,,0.031194327874901624,1,0.4295547181782733,-0.09070205933754875,0.0,0.0184811387882678,4.955,4657613.0,4657613.0,6.715505918008654,5.006863263157895,3964052.0,0.0,0.6835443037974683,79.0
0x27cc9155e164c6930b210dfbc4f6f45ec3c73b96,0.03289926310926472,0.0061555672,0,2.0,2,1780018364,-0.00559284306314565,-0.008948548901033642,-0.00559284306314565,-0.00559284306314565,-0.013229515361771351,-0.011433333315332438,-0.00559284306314565,-0.009066022673484934,0.0,,-0.00559284306314565,-0.013198670663998721,-0.00559284306314565,-0.016,-0.011551028014229307,,1,0.4295547181782733,-0.25455587479121955,-0.00559284306314565,0.07602771382400401,2.265305,9891084.0,9891084.0,11.319866190727424,9.870532675572521,9017303.0,,0.24074074074074073,162.0
0x7bf62398e9a200c5ead5939a14b50ccb28a2342e,0.032897126835078,0.00613987,0,14.543800000000001,5,1779749786,3.921670690500257e-05,8.32600525080394e-05,3.921670690500257e-05,3.921670690500257e-05,0.006209403778386857,0.0,3.921670690500257e-05,0.0,0.0,0.3463094558596848,0.018126136424331092,0.0,0.03621305614175718,,,0.09099997244495489,1,0.4295547181782733,-0.05359413932417925,3.921670690500257e-05,0.0,0.0,,,,0.0,,,,0.0
0xfdf8f38c1d35df2db6cabe515fd144ce70973bf0,0.03289539427634229,0.006127138,0,92.999998,1,1780041613,3.2730471890927105e-08,0.003355738568359882,3.2730471890927105e-08,3.2730471890927105e-08,0.0033557385683598826,0.0,3.2730471890927105e-08,0.0,0.0,,3.2730471890927105e-08,0.0,3.2730471890927105e-08,,,-9.998925630586781e-05,0,0.4295547181782733,,3.2730471890927105e-08,0.022247193890631813,1.449998,19092944.0,19092944.0,21.284621473083398,39.637895495049506,18195914.0,,0.9405940594059405,101.0
0x2dade9357fa9c1b222194839766bd7317534e211,0.03289539427634229,0.006127138,0,95.999998,1,1780044686,3.16028839245615e-08,0.003355737440771916,3.16028839245615e-08,3.16028839245615e-08,0.0033557374407719156,0.0,3.16028839245615e-08,0.0,0.0,,3.16028839245615e-08,0.0,3.16028839245615e-08,,,-0.00019998962643373805,0,0.4295547181782733,,3.16028839245615e-08,0.022785220406238225,1.339909,19098729.0,19098729.0,21.218381674097298,39.97447846153846,18198626.0,,0.9326923076923077,103.0
0xacec604e9cc1b568a8c0022701af7e2c880cff3c,0.03289539427634229,0.006127138,0,97.999998,1,1780044733,3.0889511740553236e-08,0.003355736727399732,3.0889511740553236e-08,3.0889511740553236e-08,0.003355736727399732,0.0,3.0889511740553236e-08,0.0,0.0,,3.0889511740553236e-08,0.0,3.0889511740553236e-08,,,-0.00019998986059634278,0,0.4295547181782733,,3.0889511740553236e-08,0.022146565528228936,1.3397420000000002,19102220.0,19102220.0,21.221152030217187,39.987312300000006,18202070.0,,0.9108910891089109,100.0
0xc78f7434e906d018ceabe86c376db748bf06dc29,0.03289539427634229,0.006127138,0,82.999998,1,1780041741,3.7077800489378055e-08,0.0033557429156884804,3.7077800489378055e-08,3.7077800489378055e-08,0.0033557429156884804,0.0,3.7077800489378055e-08,0.0,0.0,,3.7077800489378055e-08,0.0,3.7077800489378055e-08,,,-9.998782930630966e-05,0,0.4295547181782733,,3.7077800489378055e-08,0.025255925865796114,3.7,19088526.0,19088526.0,21.276660298408977,39.156672767441854,18191368.0,,0.9058823529411765,85.0
0xa23cb2c19340b8633a7100853fdec24246e12611,0.03289539427634229,0.006127138,0,78.999998,1,1780041788,3.912489634033768e-08,0.0033557449627843313,3.912489634033768e-08,3.912489634033768e-08,0.0033557449627843313,0.0,3.912489634033768e-08,0.0,0.0,,3.912489634033768e-08,0.0,3.912489634033768e-08,,,-9.998715735230014e-05,0,0.4295547181782733,,3.912489634033768e-08,0.024189476890321478,1.3398235,19083089.0,19083089.0,21.26948579198734,36.265407670212774,18185884.0,,0.8924731182795699,93.0
0xb8a527e30f391c5441b585113e641f74bb190c4e,0.03289539427634229,0.006127138,0,80.999998,1,1780041655,3.807607537130307e-08,0.0033557439139633625,3.807607537130307e-08,3.807607537130307e-08,0.0033557439139633625,0.0,3.807607537130307e-08,0.0,0.0,,3.807607537130307e-08,0.0,3.807607537130307e-08,,,-9.998750162511734e-05,0,0.4295547181782733,,3.807607537130307e-08,0.022235567749282363,1.299895,19090368.0,19090368.0,21.280753384343733,34.684320504950485,18193296.0,,0.9292929292929293,99.0
0xec5ca15afee226ca383500c4d437e9c63513719d,0.03289539427634229,0.006127138,0,94.999998,1,1780043886,3.197083394083702e-08,0.0033557378087219324,3.197083394083702e-08,3.197083394083702e-08,0.0033557378087219324,0.0,3.197083394083702e-08,0.0,0.0,,3.197083394083702e-08,0.0,3.197083394083702e-08,,,-0.00038700743400257924,0,0.4295547181782733,,3.197083394083702e-08,0.02231499370929393,1.4195790000000001,19097879.0,19097879.0,21.236311899326477,43.775154,18198576.0,,0.9191919191919192,98.0
0xb2527f4381ef671f59a460e52b09570ed06f9970,0.03289539427634229,0.006127138,0,89.999998,1,1780042723,3.3933233158337346e-08,0.00335573977112115,3.3933233158337346e-08,3.3933233158337346e-08,0.0033557397711211495,0.0,3.3933233158337346e-08,0.0,0.0,,3.3933233158337346e-08,0.0,3.3933233158337346e-08,,,1.3160917490723882e-08,0,0.4295547181782733,,3.3933233158337346e-08,0.022131592396897663,1.299998,19097848.0,19097848.0,21.26377624869174,38.307825343137246,18199708.0,,0.9313725490196079,101.0
0xffbf15d18853746ae9bbcfca4a5d0e6ffc671fd7,0.03289539427634229,0.006127138,0,99.999998,1,1780044763,3.0204674533319274e-08,0.003355736042562525,3.0204674533319274e-08,3.0204674533319274e-08,0.0033557360425625245,0.0,3.0204674533319274e-08,0.0,0.0,,3.0204674533319274e-08,0.0,3.0204674533319274e-08,,,-0.00019999008539241386,0,0.4295547181782733,,3.0204674533319274e-08,0.02194194056152862,1.319679,19100986.0,19100986.0,21.21907396298518,44.0655615877193,18200806.0,,0.9210526315789473,113.0
0xd3a568cbe91f258b8c502717258b8b326fbd3f5d,0.03289539427634229,0.006127138,0,82.999998,1,1780042971,3.7077800489378055e-08,0.0033557429156884804,3.7077800489378055e-08,3.7077800489378055e-08,0.0033557429156884804,0.0,3.7077800489378055e-08,0.0,0.0,,3.7077800489378055e-08,0.0,3.7077800489378055e-08,,,1.4380529870973695e-08,0,0.4295547181782733,,3.7077800489378055e-08,0.02101930336763001,1.4747495,19091032.0,19091032.0,21.250319461079176,36.182185000000004,18192644.0,,0.9029126213592233,102.0
0x092d239816186593f2f71205c80583f1faee4396,0.03289539427634229,0.006127138,0,85.999998,1,1780042824,3.566744607374862e-08,0.0033557415053340647,3.566744607374862e-08,3.566744607374862e-08,0.0033557415053340647,0.0,3.566744607374862e-08,0.0,0.0,,3.566744607374862e-08,0.0,3.566744607374862e-08,,,1.383352752508993e-08,0,0.4295547181782733,,3.566744607374862e-08,0.02260691167436473,1.329752,19094231.0,19094231.0,21.25735854854098,36.33766342,18195990.0,,0.9306930693069307,100.0
0x072691211514d3e553b14535f233d66a635c2811,0.03289539427634229,0.006127138,0,83.999998,1,1780043865,3.659648921261934e-08,0.003355742434377204,3.659648921261934e-08,3.659648921261934e-08,0.0033557424343772036,0.0,3.659648921261934e-08,0.0,0.0,,3.659648921261934e-08,0.0,3.659648921261934e-08,,,-0.00038700591564299903,0,0.4295547181782733,,3.659648921261934e-08,0.02558653543157703,1.319998,19090690.0,19090690.0,21.228813653559172,38.60352362765958,18191408.0,,0.9139784946236559,93.0
0x609fdc5d28babda4e021fd699d03481f3c73ca4f,0.03289539427634229,0.006127138,0,81.999998,1,1780041695,3.7570850702098514e-08,0.003355743408738693,3.7570850702098514e-08,3.7570850702098514e-08,0.003355743408738693,0.0,3.7570850702098514e-08,0.0,0.0,,3.7570850702098514e-08,0.0,3.7570850702098514e-08,,,-9.998766746383072e-05,0,0.4295547181782733,,3.7570850702098514e-08,0.022160157451676897,1.339659,19109596.0,19109596.0,21.301237749578647,36.405857494949494,18212484.0,,0.898989898989899,99.0
0x8edc5a42c257118d5a93a7dee09a1caefa1cd071,0.03289539427634229,0.006127138,0,92.999998,1,1780043738,3.2730471890927105e-08,0.003355738568359882,3.2730471890927105e-08,3.2730471890927105e-08,0.0033557385683598826,0.0,3.2730471890927105e-08,0.0,0.0,,3.2730471890927105e-08,0.0,3.2730471890927105e-08,,,-0.00038700718465335416,0,0.4295547181782733,,3.2730471890927105e-08,0.02509380003973288,4.2467045,19084823.0,19084823.0,21.225287075087166,40.69174323255814,18185668.0,,0.8941176470588236,84.0
0x580cbb94a22edfecf4c94116e8bbc592152f1798,0.03289539427634229,0.006127138,0,92.999998,1,1780043778,3.2730471890927105e-08,0.003355738568359882,3.2730471890927105e-08,3.2730471890927105e-08,0.0033557385683598826,0.0,3.2730471890927105e-08,0.0,0.0,,3.2730471890927105e-08,0.0,3.2730471890927105e-08,,,-0.00038700718465335416,0,0.4295547181782733,,3.2730471890927105e-08,0.02274196993651912,1.319679,19095143.0,19095143.0,21.23581981661375,40.25498914563107,18195948.0,,0.9333333333333333,103.0
0x2b1bba66c7b7d12e10caf3ba1d9097d37aad9a03,0.03289521178013292,0.006125797,0,84.999998,1,1780043844,3.612650221455855e-08,0.003355741964390205,3.612650221455855e-08,3.612650221455855e-08,0.0033557419643902055,0.0,3.612650221455855e-08,0.0,0.0,,3.612650221455855e-08,0.0,3.612650221455855e-08,,,-0.0003870060699150363,0,0.4295547181782733,,3.612650221455855e-08,0.022399753079690297,1.349938,,,,38.45192212121212,,,0.9191919191919192,98.0
0x80328f758fa92becfa9a0c4ebfe9e5eaaea97df3,0.03289521178013292,0.006125797,0,95.999998,1,1780043937,3.16028839245615e-08,0.003355737440771916,3.16028839245615e-08,3.16028839245615e-08,0.0033557374407719156,0.0,3.16028839245615e-08,0.0,0.0,,3.16028839245615e-08,0.0,3.16028839245615e-08,,,-0.00038700755478123617,0,0.4295547181782733,,3.16028839245615e-08,0.022042689252556927,1.299895,,,,38.79574612844036,,,0.9174311926605505,109.0
0xd7e50e7749f81d2540605af98e590e00a962587f,0.03289521178013292,0.006125797,0,84.999998,1,1780042845,3.612650221455855e-08,0.003355741964390205,3.612650221455855e-08,3.612650221455855e-08,0.0033557419643902055,0.0,3.612650221455855e-08,0.0,0.0,,3.612650221455855e-08,0.0,3.612650221455855e-08,,,1.4011571272853194e-08,0,0.4295547181782733,,3.612650221455855e-08,0.02272814598984233,1.3398965,,,,37.240614625,,,0.9175257731958762,95.0
0x422fa16364d7dcae7cf53063d4c3d02f97abacba,0.03289521178013292,0.006125797,0,86.999998,1,1780041939,3.521894264362821e-08,0.0033557410568306346,3.521894264362821e-08,3.521894264362821e-08,0.003355741056830634,0.0,3.521894264362821e-08,0.0,0.0,,3.521894264362821e-08,0.0,3.521894264362821e-08,,,-9.998843947167149e-05,0,0.4295547181782733,,3.521894264362821e-08,0.023041010864401697,1.349649,,,,39.474310042105266,,,0.9270833333333334,94.0
0x5178d6ae71a8e9425999913cf435075ca870041f,0.03289521178013292,0.006125797,0,91.999998,1,1780044709,3.312267656294914e-08,0.0033557389605645537,3.312267656294914e-08,3.312267656294914e-08,0.0033557389605645537,0.0,3.312267656294914e-08,0.0,0.0,,3.312267656294914e-08,0.0,3.312267656294914e-08,,,-0.00019998912756567002,0,0.4295547181782733,,3.312267656294914e-08,0.022517189949983925,1.3349980000000001,,,,38.38949705,,,0.9693877551020408,98.0
0x9e6ef45a4eb4904f539845ec44864659ade67f49,0.032892315670862295,0.0061045135,0,1000.0,1,1780038271,-0.011104989217731866,-0.014460695055619857,-0.011104989217731866,-0.011104989217731866,-0.014460695055619857,-0.023567071000835584,-0.011104989217731866,-0.025667071000835553,0.0,,-0.011104989217731866,-0.02680521386828533,-0.011104989217731866,-0.02680521386828533,-0.02566707100083555,,1,0.4295547181782733,-0.2733515432993399,-0.011104989217731866,0.07329035494853418,3.0,9390818.0,9390818.0,10.507937893313997,54.88132761003861,8497130.0,,0.2978723404255319,47.0
0xb011890ecd3c639ac8e60f07e1c1b2e9fadac969,0.03288928270623773,0.0060822223,0,2.642,2,1779693114,-0.00041946322973592323,-0.034815448068084016,-0.00041946322973592323,-0.00041946322973592323,-0.09847295767596116,-0.0600555667645792,-0.00041946322973592323,0.08893124323542098,0.0,-0.014000000000000207,-0.0007864935557548866,0.05805000000000036,-0.00115352388177385,-0.011999999999999468,0.03809998797408166,,1,0.4295547181782733,0.05253666463039843,-0.00041946322973592323,0.07427082635129204,11.808,,,,16.98976521739131,,,0.42857142857142855,21.0
0x85b66076b029050b84030be6049bfcb4048d56d8,0.032888981135218535,0.006080006,0,20.832,2,1779698135,0.0,0.0,0.0,0.0,0.0,-0.04065020007451433,0.0,0.0394699939870403,0.0,0.7440000000000007,0.002516779378415714,0.011419999999999734,0.005033558756831428,-0.052226898148801965,-0.004226910174720808,,1,0.4295547181782733,0.04779596781122566,0.0,0.1048395977039037,2.027,2678847.0,2678847.0,4.83937733040437,10.729468000000002,2125295.0,0.0,0.5,16.0
0xf91a26c6db2ae08c86e972d64fb4fac409b721ba,0.03288872987031268,0.006078159,0,10.043558,2,1779862896,2.5247295691783295e-05,5.806877047110465e-05,2.5247295691783295e-05,2.5247295691783295e-05,0.002117030927673101,0.0,2.5247295691783295e-05,0.0,0.0,0.05110001497744578,0.0042167249105394934,0.0,0.008408202525387203,,,0.0216103879446571,1,0.4295547181782733,-0.20049625776701,2.5247295691783295e-05,0.0231341093142187,1.6659030000000001,13792147.0,13792147.0,19.200748141826754,8.912561891891892,13073834.0,,0.7484276729559748,317.0
0x503c58a5f1a865dfc55d167ea7dae8ee34424574,0.03288806465447751,0.0060732695,0,10.0,1,1780054439,3.7546879935691643e-16,-0.0033557058378876157,3.7546879935691643e-16,3.7546879935691643e-16,-0.0033557058378876157,0.0015000000000000085,3.7546879935691643e-16,0.0013853932584269731,0.0,,3.7546879935691643e-16,7.19910242530375e-18,3.7546879935691643e-16,7.19910242530375e-18,0.0013853932584269731,,1,0.4295547181782733,-0.2886169458431331,3.7546879935691643e-16,0.06432411432335598,9.999999,4996204.0,4996204.0,5.491203003552211,25.238474309782607,4086348.0,,0.1891891891891892,111.0
0x7e8021a1a5ccf5ba9a65503aff69c6448b5cc229,0.03288806465447751,0.0060732695,0,30.0,3,1780047897,3.7546879935691643e-16,-0.003355705837887616,3.7546879935691643e-16,3.7546879935691643e-16,-0.005812253006476842,0.002257205383289806,3.7546879935691643e-16,0.000961907209782238,0.0,,3.7546879935691643e-16,0.00010000107656941867,3.7546879935691643e-16,9.999999999940167e-05,0.0009619072097816437,,1,0.4295547181782733,-0.2824401606228526,3.7546879935691643e-16,0.09369124676830973,9.9999985,4523258.0,4523258.0,5.007403848495651,14.336258461672474,3619944.0,,0.2916666666666667,216.0
0xea907f17617b80ce0cc8b909e4713dc1af2052c8,0.03288806465447751,0.0060732695,0,1.0,1,1780054148,3.7546879935691643e-16,-0.0033557058378876157,3.7546879935691643e-16,3.7546879935691643e-16,-0.0033557058378876157,0.0018000000000000069,3.7546879935691643e-16,0.0013853932584269731,0.0,,3.7546879935691643e-16,7.19910242530375e-18,3.7546879935691643e-16,0.00029999999999997417,0.0013853932584269731,,1,0.4295547181782733,-0.2883421912575168,3.7546879935691643e-16,0.0198541574986058,3.0,5452909.0,5452909.0,5.99507346918582,3.622951266666667,4543344.0,,0.24210526315789474,94.0
0x55e73f922a26ec8c4b158ba325f80fd2ff500460,0.03288713274062829,0.0060664196,0,20.009862,2,1779923651,9.333230631687251e-06,9.77767014794394e-06,9.333230631687251e-06,9.333230631687251e-06,0.0008496126905035564,0.0,9.333230631687251e-06,0.0,0.0,0.21252001799523393,0.008816895147141015,0.0,0.01762445706365034,,,0.022644698707891205,1,0.4295547181782733,-0.28327858698720737,9.333230631687251e-06,0.005634686040688886,2.01798,11062593.0,11062593.0,14.19977845322873,4.535327830225712,10283525.0,0.0,0.7161458333333334,384.0
0xf9ea4ce30e4e0e2db5b8152ea7004b24e5507b04,0.03288608631603854,0.006058728,0,9.88011,1,1780081161,3.725581885091884e-16,-0.0033557058378876187,3.725581885091884e-16,3.725581885091884e-16,-0.0033557058378876187,0.00039071303180768994,3.725581885091884e-16,0.0017999999999999928,0.0,,3.725581885091884e-16,-1.8041124150158794e-17,3.725581885091884e-16,3.3306690738754695e-17,0.0017999999999999997,,1,0.4295547181782733,-0.313847159028143,3.725581885091884e-16,0.08464255450628433,1.7555744999999998,2467119.0,2467119.0,2.634184232386411,4.732343323170732,1530541.0,0.0,0.3116279069767442,215.0
0x793ed200a1e8344d608a17763d9cb8773b3643bf,0.032885177071532865,0.006052044,0,102.60566999999999,5,1779941107,-0.005266960868915048,-0.008622666706803039,-0.005266960868915048,-0.005266960868915048,-0.01914741943261994,0.0002688851346005232,-0.005266960868915048,0.032040720839497966,0.0,,-0.005266960868915048,0.02515583746476142,-0.005266960868915048,-0.010639999999999834,-0.005624537591499246,,2,0.4295547181782733,-0.18161183691851873,-0.005266960868915048,0.0,0.0,3938652.0,3938652.0,4.9448001566807775,0.0,3142128.0,,,0.0
0x59999fb5e0e46bc09039a8be2a2c7a201c46bdbe,0.032879266022394354,0.006008589,0,12.7986,1,1779983032,-0.01006711751366211,-0.013422823351550102,-0.01006711751366211,-0.01006711751366211,-0.013422823351550102,-0.011199999999998232,-0.01006711751366211,-0.00938098581846048,0.0,,-0.01006711751366211,-0.013780985818460538,-0.01006711751366211,-0.021900003230700057,-0.01979999999999995,,1,0.4295547181782733,-0.22119632489776958,-0.01006711751366211,0.0,0.0,5155558.0,5155558.0,6.148922593980075,0.0,4317109.0,,,0.0
0x0218c0a9bce8ce3e67d5b49550d3840c202d52c0,0.032878766487951114,0.0060049165,0,2.0,1,1780027496,-0.00335570583788724,-0.006711411675775231,-0.00335570583788724,-0.00335570583788724,-0.006711411675775231,-0.006914606741573027,-0.00335570583788724,-0.004099913874447077,0.0,,-0.00335570583788724,-0.008099913874447081,-0.00335570583788724,-0.0076999999999999595,-0.004099999999999989,,1,0.4295547181782733,-0.2631780702408682,-0.00335570583788724,0.021901510379930333,0.89619,15384178.0,15384178.0,17.424341922703597,8.920302119462027,14501265.0,,0.2880886426592798,356.0
0xbb2493fe394a6b69d8708a4153f242e0548b9dda,0.032877559959151294,0.0059960457,0,47.519999999999996,2,1779965243,0.0,0.0,0.0,0.0,0.0,0.0,0.0,0.0,0.0,-0.04800000000000004,-0.0008389264594719047,0.0,-0.0016778529189438094,,,0.008409227887961066,1,0.4295547181782733,-0.2060130654775112,0.0,0.11967855236831597,32.4885,20147531.0,20147531.0,24.550399678307702,97.51825640625,19326871.0,0.0,0.11428571428571428,35.0
0xf0d53e18ff24a0d138ad11e4bc680af8fab6f640,0.03287755254910657,0.005995991,0,1.6,2,1779936379,0.0,0.0,0.0,0.0,0.0,-0.004850001852500047,0.0,0.005353378054095417,0.0,-0.4,-0.0008389264594719039,-1.600735073999846e-05,-0.0016778529189438078,-0.029599999999999994,-0.021293355887161743,,1,0.4295547181782733,-0.1771477830326297,0.0,0.08071159975038411,5.1084879999999995,,,,11.247344094736842,,,0.2,55.0
0x42134d3cf5043f1fb480d7017bb0e024e4c267f5,0.0328746700374247,0.0059747966,0,5.0,2,1780083074,3.754687993569165e-16,-0.0033557058378876157,3.754687993569165e-16,3.754687993569165e-16,-0.0045021518196057585,0.000900000000000008,3.754687993569165e-16,0.0006000000000000069,0.0,,3.754687993569165e-16,6.938893903907228e-18,3.754687993569165e-16,8.951173136040325e-16,0.0006000000000008951,,1,0.4295547181782733,-0.31565336357207396,3.754687993569165e-16,0.10093257701933644,2.098779,,,,4.53751147368421,,,0.14864864864864866,74.0
0xdeb68bf04b82de95241c76d93efcb857cd7da1e3,0.032874407415792235,0.0059728655,0,10.2897,1,1780111720,0.0,-0.0033557058378879913,0.0,0.0,-0.0033557058378879913,0.00029999999999907824,0.0,0.0002999999999990713,0.0,,0.0,-9.06219543850284e-16,0.0,-1.1188966420050406e-17,0.0002999999999999664,,1,0.4295547181782733,-0.34270016721318597,0.0,0.037274252728053285,5.027963,4223391.0,4223391.0,4.366900449470965,6.527807351851852,3256254.0,,0.35714285714285715,42.0
0xca165e655b0506ee83678157ea12bf62a450f878,0.03287347891543322,0.005966038,0,2972.91,3,1779957783,0.011286357301428605,0.012404925914057936,0.011286357301428605,0.011286357301428605,0.021485961947276137,0.0,0.011286357301428605,0.0,0.0,14.000000000000012,0.015201347445630826,0.0,0.019116337589833048,,,0.013864309890945292,1,0.4295547181782733,-0.39174905370177515,0.011286357301428605,0.035321755255705474,1.716,16936325.0,16936325.0,20.82676463354648,23.906789689672056,16123125.0,,0.5315315315315315,109.0
0x9c19dc76d51f6a627bd12dec9043458eb291ea4d,0.03287201661989847,0.005955285,0,17.74,4,1779689556,0.0,0.0,0.0,0.0,0.0,0.0,0.0,0.0,0.0,-0.06500000000000061,-0.0054530219865674264,0.0,-0.010906043973134853,,,0.04529046137582497,1,0.4295547181782733,-0.018164960387186804,0.0,0.015836540093580712,4.366415,4743275.0,4743275.0,8.703688072620112,3.8775369642857145,4198302.0,0.0,0.6902173913043478,163.0
0x8404bab8e71914ddef3f63827c3a5460d544ea03,0.03287143677240013,0.005951021,0,2.38739,3,1779940743,-1.9927891719118574e-08,-0.0018907982788026441,-1.9927891719118574e-08,-1.9927891719118574e-08,-0.0025356855966128904,0.0036179427368709712,-1.9927891719118574e-08,0.024267028048128334,0.0,-0.6125927954120359,-0.0002895872967974436,0.021844143615705584,-0.0005791546657031682,-0.0031067649104315467,-0.00041253414120079443,,2,0.4295547181782733,-0.18126815764303997,-1.9927891719118574e-08,0.0,0.0,3223853.0,3223853.0,4.049252662781351,0.0,2427693.0,,,0.0
0x1828d13966c34e6954c7338e12bcffc3eb0739c3,0.03286655237528082,0.0059150993,0,9.989958,2,1779947999,-1.6880973964708386e-06,5.065461090177027e-06,-1.6880973964708386e-06,-1.6880973964708386e-06,0.00022582633613191285,0.0,-1.6880973964708386e-06,0.0,0.0,-0.005009132873011798,-0.0004208677145812047,0.0,-0.0008400473317659385,,,0.0009565609648347225,1,0.4295547181782733,-0.18857323059463124,-1.6880973964708386e-06,0.01820847911771438,1.001708,6452034.0,6452034.0,8.030751192408417,2.0816049869869873,5648618.0,0.0,0.6504854368932039,205.0
0xfd66d7ed45d7962ad009e669cdaec9319e38fb6d,0.0328664021966101,0.0059139947,0,1477.15557,5,1779816471,0.0003358518176981894,0.0005937278983687392,0.0003358518176981894,0.0003358518176981894,0.0021417751112178095,0.0,0.0003358518176981894,0.0,0.0,235.88451287721716,0.003939293222824238,0.0,0.007542734627950286,,,0.05544693700093266,1,0.4295547181782733,-0.23522391554553893,0.0003358518176981894,0.0,0.0,,,,0.0,,,,0.0
0xa7b5d40a8fd1e558548d80841bb159215387a079,0.032863764111195376,0.005894591,0,208.28144,4,1779910293,0.0,1.270325325471746e-18,0.0,0.0,2.5286868461818264e-10,0.0,0.0,0.0,0.0,0.34464000000001016,0.0013692347745425531,0.0,0.0027384695490851063,,,0.011052223229357576,1,0.4295547181782733,-0.20101177668022815,0.0,0.024550286420263905,19.722785000000002,7437570.0,7437570.0,9.713298768463256,97.44236042511014,6671860.0,,0.7932692307692307,207.0
0x0578a4570d6836cfb17b18ecf175ed2fb3c17457,0.0328617559758133,0.00587982,0,64.38300000000001,2,1779901356,0.0,0.0,0.0,0.0,0.0,0.0,0.0,0.0,0.0,-0.09899999999999642,-0.0012583896892078103,0.0,-0.0025167793784156207,,,0.02028374821907388,1,0.4295547181782733,-0.14512423911391173,0.0,0.07047913750115188,5.3575,3158932.0,3158932.0,4.174213403490875,13.056944929577467,2402159.0,0.0,0.4230769230769231,26.0
0x8c16621b512b0363c23d894bdf158568211492e0,0.0328617559758133,0.00587982,0,46.848,2,1779901279,0.0,0.0,0.0,0.0,0.0,0.0,0.0,0.0,0.0,-0.09600000000000009,-0.0016778529189438094,0.0,-0.0033557058378876187,,,0.019118060564367836,1,0.4295547181782733,-0.14441233204327716,0.0,0.06451538407904918,18.14894,3165911.0,3165911.0,4.183861154281244,14.200462936507938,2409215.0,0.0,0.3870967741935484,31.0
0x5fc90f57e63d446e52050feb9c876f4388cd4362,0.0328617559758133,0.00587982,0,46.848,2,1779901328,0.0,0.0,0.0,0.0,0.0,0.0,0.0,0.0,0.0,-0.09600000000000009,-0.0016778529189438094,0.0,-0.0033557058378876187,,,0.019118060564367836,1,0.4295547181782733,-0.14463138037270318,0.0,0.05841970133991082,8.2215,3404736.0,3404736.0,4.499185326629181,11.69546664197531,2647991.0,0.0,0.4666666666666667,30.0
0xc16b05458737a8428a7d42b0173606f5033cdceb,0.0328617559758133,0.00587982,0,35.153999999999996,2,1779901279,0.0,0.0,0.0,0.0,0.0,0.0,0.0,0.0,0.0,-0.05399999999999805,-0.0012583896892078103,0.0,-0.0025167793784156207,,,0.019118060564367968,1,0.4295547181782733,-0.14441233204327716,0.0,0.06056354341069257,17.604,3165795.0,3165795.0,4.183707856259317,13.273022727272727,2409099.0,0.0,0.41935483870967744,31.0
0xe807669773bfbf08918c61d0191fd7db12ee4d35,0.03286097506277185,0.0058740755,0,4098.333699999999,9,1779790297,3.6800143168052543e-16,-0.003268421761895436,3.6800143168052543e-16,3.6800143168052543e-16,-0.006494980680438455,0.001334876472565282,3.6800143168052543e-16,0.0023372360482979693,0.0,2.1697600000000024,0.0008864702149637992,5.284201094910843e-16,0.0017729404299272305,7.49999999999983e-05,0.0015926966292134812,0.06259779096684108,1,0.4295547181782733,-0.2880778225840716,3.6800143168052543e-16,0.0,0.0,7057004.0,7057004.0,10.928993331412979,0.0,6411290.0,,,0.0
0x4532f7baeb1b1ea1e6a9d18602f697916e02ef33,0.03286052017146317,0.005870729,0,62.432,2,1779901328,0.0,0.0,0.0,0.0,0.0,0.0,0.0,0.0,0.0,-0.16000000000000014,-0.0020973161486797618,0.0,-0.0041946322973595235,,,0.019118060564367968,1,0.4295547181782733,-0.14463138037270318,0.0,0.07336286830604756,12.792,3160744.0,3160744.0,4.176762317557434,15.200502099236642,2403999.0,0.0,0.43333333333333335,30.0
0x59f32eb1bd96c2a8bc66e256146f2a132b3aa78e,0.03286017751939131,0.0058682086,0,53.055,2,1779879544,0.0,0.0,0.0,0.0,0.0,0.0,0.0,0.0,0.0,-0.027000000000000024,-0.00041946322973595234,0.0,-0.0008389264594719047,,,0.0040042113265725075,1,0.4295547181782733,-0.12405027914499395,0.0,0.13601959215978884,2.7554999999999996,2862116.0,2862116.0,3.8942420073990323,11.31338888888889,2127155.0,0.0,0.5294117647058824,17.0
0xcc01d2423bd5dd334cca2439954573052dda853c,0.032858195484465745,0.005853628,0,0.999991,1,1779932534,0.006711411675774492,0.010067117513662483,0.006711411675774492,0.006711411675774492,0.010067117513662483,0.0,0.006711411675774492,0.0,0.0,,0.006711411675774492,0.0,0.006711411675774492,,,-0.001355907805794706,0,0.4295547181782733,,0.006711411675774492,0.0019048248100098362,2.25,,,,1.8399929876118375,,,0.7889655172413793,710.0
0xafaa2576b1a904b25f0a435f76f7b158d2dff0e4,0.03285118155804441,0.005802023,0,505.18659,2,1779668393,-0.0725230628671083,-0.07553337869696031,-0.0725230628671083,-0.0725230628671083,-0.07974892217512028,0.0,-0.0725230628671083,0.0,1.0,5.492638684745233,-0.06398371051086632,0.0,-0.05544435815462435,,,0.10983186543082847,1,0.4295547181782733,-0.10283846979635114,-0.0725230628671083,0.0,0.0,9008306.0,9008306.0,17.19765945667322,0.0,8484496.0,0.0,,0.0
0xd01195bb21fe9d36ab48431a57eec17b2aaee928,0.032846372076099514,0.0057666316,0,60.185469,8,1779914360,3.654090601121782e-07,0.0005535833751942249,3.654090601121782e-07,3.654090601121782e-07,0.0015492234760092938,0.0,3.654090601121782e-07,0.0,0.0,0.04649536048870123,0.002569503450092978,0.0,0.005138641491125844,,,0.00755952964602357,1,0.4295547181782733,-0.18683311821906154,3.654090601121782e-07,0.031044020483549428,0.999999,7095637.0,7095637.0,9.217782552609393,2.77686335959975,6325860.0,0.0,0.5123239436619719,561.0
0x05134436882a440a93437facdef80dd381580fde,0.03284538277516985,0.005759351,0,19.94,1,1779932347,0.006711411675774492,0.010067117513662483,0.006711411675774492,0.006711411675774492,0.010067117513662483,0.0,0.006711411675774492,0.0,0.0,,0.006711411675774492,0.0,0.006711411675774492,,,-0.000999998732500088,0,0.4295547181782733,,0.006711411675774492,0.1338278130681308,6.415,18440052.0,18440052.0,23.408091763523085,112.08798240804597,17652288.0,,0.6153846153846154,26.0
0x74471a007ddcc488f6d57b5e86dfb35a8d48a16d,0.03284490132790631,0.0057558077,0,31286.5932,4,1779674086,-0.0019878029316139907,-0.0029817043974210964,-0.0019878029316139907,-0.0019878029316139907,-0.0054787926188024855,0.0,-0.0019878029316139907,0.0,0.0,372.078275,0.01665975993137862,0.0,0.03530732279437123,,,0.022636243335957332,2,0.4295547181782733,0.004175136692766778,-0.0019878029316139907,0.0,0.0,21292864.0,21292864.0,40.21292419495263,0.0,20763361.0,,,0.0
0x42d2313a6ec2e5af8440782dc2ea16cbd0c64bbb,0.03284425538052508,0.005751054,0,110.149,3,1779918886,0.0033557058378876183,0.004474274450516949,0.0033557058378876183,0.0033557058378876183,0.007749670675302676,0.0,0.0033557058378876183,0.0,0.0,0.40699999999999625,0.006431769522617904,0.0,0.009507833207348191,,,0.005718088944253419,1,0.4295547181782733,-0.1847644333493528,0.0033557058378876183,0.052384660683586166,6.016,3175758.0,3175758.0,4.10144090879152,13.411299999999999,2401455.0,0.0,0.42857142857142855,35.0
0xe82e93c3228f36f30683242b2459bbbbebbc355e,0.03284425538052508,0.005751054,0,43.572,3,1779901401,0.0032031737543471534,0.004270898339129697,0.0032031737543471534,0.0032031737543471534,0.007571493509114845,0.0,0.0032031737543471534,0.0,0.0,0.2520000000000002,0.008007934385868061,0.0,0.012812695017388971,,,0.009501007759661464,1,0.4295547181782733,-0.1847644333493528,0.0032031737543471534,0.07170291923208426,13.692,3399431.0,3399431.0,4.491741739757775,14.52294023668639,2642613.0,0.0,0.40625,32.0
0xdbade03fcbd18efbe7a4e20175e5eced771a9352,0.03283641533361263,0.0056933467,0,982.1259499999999,3,1779685802,3.6810666603619255e-16,-0.003289907684203545,3.6810666603619255e-16,3.6810666603619255e-16,-0.003322643890336905,2.5510639352600105e-19,3.6810666603619255e-16,0.00113828802455144,0.0,41.62068999999996,0.0006846411392646356,6.802837160693361e-18,0.0013692822785289032,8.95377522125429e-16,0.001161053785043357,-0.02716726077444537,2,0.4295547181782733,-0.1035607627791568,3.6810666603619255e-16,0.031738644600464064,1.0,,,,6.885008870533099,,,0.18708452041785376,998.0
0x55775622310af0623e62a7466c33c311b15ec946,0.03282977334884109,0.0056444476,0,10.0,1,1780184765,3.7546879935691643e-16,-0.0033557058378876157,3.7546879935691643e-16,3.7546879935691643e-16,-0.0033557058378876157,8.95377522125429e-16,3.7546879935691643e-16,8.841018195315797e-16,0.0,,3.7546879935691643e-16,8.951173136040325e-16,3.7546879935691643e-16,8.951173136040325e-16,8.841018195315797e-16,,1,0.4295547181782733,-0.4116673448982039,3.7546879935691643e-16,0.13589296229238979,10.5287495,9798308.0,9798308.0,9.419801534731421,48.10548287500001,8758126.0,,0.28,25.0
0x90103447b2aac2f3cf906c70d3892529311bd06f,0.03282977334884109,0.0056444476,0,5.0,1,1780175023,3.7546879935691643e-16,-0.0033557058378876157,3.7546879935691643e-16,3.7546879935691643e-16,-0.0033557058378876157,8.841018195315797e-16,3.7546879935691643e-16,8.95377522125429e-16,0.0,,3.7546879935691643e-16,8.951173136040325e-16,3.7546879935691643e-16,8.841018195315797e-16,8.95377522125429e-16,,1,0.4295547181782733,-0.4024692034099782,3.7546879935691643e-16,0.03764227729258851,8.634999,10462713.0,10462713.0,10.153636310702224,46.251420352785146,9432273.0,,0.2695035460992908,140.0
0x54498e4c40b17261479aeaeeddf9cc37bd46992b,0.03282794176573335,0.0056309616,0,41.75848699999999,20,1779757400,-0.00015554059087026956,8.340907719705653e-05,-0.00015554059087026956,-0.00015554059087026956,0.0009078984599843969,0.0,-0.00015554059087026956,0.0,0.0,0.08035157874999993,0.0012740213899100107,0.0,0.0027035833706902913,,,0.09837843995224642,2,0.4295547181782733,-0.16227326845600198,-0.00015554059087026956,0.0,0.0,7695776.0,7695776.0,12.558032822196513,0.0,7082959.0,0.0,,0.0
0x3114ce02bd6573933ac4060b99e6283b7acbe644,0.03282331401308858,0.005596884,0,70.929,1,1779950041,-3.725581885091884e-16,0.0033557058378876187,-3.725581885091884e-16,-3.725581885091884e-16,0.0033557058378876187,0.0,-3.725581885091884e-16,0.0,0.0,,-3.725581885091884e-16,0.0,-3.725581885091884e-16,,,-0.001301501877189976,0,0.4295547181782733,,-3.725581885091884e-16,0.02417851454858524,64.935,18371174.0,18371174.0,22.808357481085295,38.745807231638416,17565716.0,,0.046153846153846156,65.0
0xc8ab97a9089a9ff7e6ef0688e6e591a066946418,0.032822224719581336,0.005588862,0,76698.25497,2,1780069704,4.8525958050317716e-17,-0.0033557058378879427,4.8525958050317716e-17,4.8525958050317716e-17,-0.004340626002245173,0.0006781504090579997,4.8525958050317716e-17,0.0012516768407637067,0.0,,4.8525958050317716e-17,-7.778859517451022e-16,4.8525958050317716e-17,-9.020562075079397e-18,0.0022499999999999977,,1,0.4295547181782733,-0.30302975941506544,4.8525958050317716e-17,0.0,0.0,42275103.0,42275103.0,45.69683641383127,0.0,41349982.0,,,0.0
0xc512e35ae933b8e7e6919e098ecaef9ae1fc7fdf,0.032820120086190396,0.005573362,0,19.810000000000002,2,1779879211,0.0,0.0,0.0,0.0,0.0,0.0,0.0,0.0,0.0,0.13000000000000123,0.0054530219865674264,0.0,0.010906043973134853,,,0.002873467372505639,1,0.4295547181782733,-0.1826249354421141,0.0,0.026948618556932934,8.34233,16631160.0,16631160.0,22.638886620166943,23.47215789628925,15896532.0,,0.48532289628180036,434.0
0x8f513b694aa351b513ff499a2c7bc674e43b3bd6,0.03281312684401138,0.005521852,0,67.728,2,1779935761,0.0,0.0,0.0,0.0,0.0,0.0,0.0,0.0,0.0,0.0,0.0,0.0,0.0,,,-0.00011604504504491714,1,0.4295547181782733,-0.1847644333493528,0.0,0.05543585466818422,19.42,3461527.0,3461527.0,4.375155780368008,17.856884353741496,2670349.0,0.0,0.4375,32.0
0xc96cc44711d6ecade86a5e5bb555b6182d743aff,0.032811968217794904,0.005513317,0,41.138999999999996,2,1779918886,0.0,0.0,0.0,0.0,0.0,0.0,0.0,0.0,0.0,-0.2310000000000002,-0.004614095527095475,0.0,-0.00922819105419095,,,0.011552222933551756,1,0.4295547181782733,-0.16489523919227816,0.0,0.050248841576761634,15.856,3444722.0,3444722.0,4.448803633719616,12.632448495575222,2670419.0,0.0,0.41379310344827586,29.0
0xeca0c0888e34df59589c67fbe53dc7f298b5e8f8,0.03281068820586831,0.0055038873,0,99.9,1,1780091931,7.451163770183768e-16,-0.003355705837887246,7.451163770183768e-16,7.451163770183768e-16,-0.003355705837887246,0.0006000000000009484,7.451163770183768e-16,0.0009000000000009153,0.0,,7.451163770183768e-16,9.145462165349728e-16,7.451163770183768e-16,1.7763568394002505e-15,0.0009000000000018104,,1,0.4295547181782733,-0.32401591121744605,7.451163770183768e-16,0.0,0.0,,,,0.0,,,,0.0
0xf6619f0ccb8533eb820164c45950a7786dfad6d0,0.032809197068611476,0.005492902,0,49.969718,2,1779947999,-3.495841994997305e-07,1.0487708898798165e-06,-3.495841994997305e-07,-3.495841994997305e-07,0.00010275283854424249,0.0,-3.495841994997305e-07,0.0,0.0,-0.02506967206833535,-0.0004197636290626806,0.0,-0.0008391776739258615,,,0.0009563840018209189,1,0.4295547181782733,-0.18857323059463124,-3.495841994997305e-07,0.09554399436782757,4.989998,,,,8.16664373929961,,,0.44776119402985076,67.0
0x4478d7bd8a295691ac84f60a5ec2b47e122102a4,0.03280904644785795,0.005491792,0,4795.96182,5,1779743813,-0.14468823513913706,-0.14628187317594496,-0.14468823513913706,-0.14468823513913706,-0.21226950698636637,0.0,-0.14468823513913706,0.0,0.0,-14.986972832502158,-0.14707663524258577,0.0,-0.14946503534603447,,,0.06805230586227987,1,0.4295547181782733,-0.05675145662418199,-0.14468823513913706,0.0,0.0,20421790.0,20421790.0,34.08005273434241,0.0,19822560.0,,,0.0
0x30cc79b0acff35d82194aa81a2b067e026c352fc,0.03280715208390275,0.0054778354,0,1.899099,1,1780020827,-3.725581885091884e-16,0.0033557058378876187,-3.725581885091884e-16,-3.725581885091884e-16,0.0033557058378876187,0.0,-3.725581885091884e-16,0.0,0.0,,-3.725581885091884e-16,0.0,-3.725581885091884e-16,,,-0.00020000000000011138,0,0.4295547181782733,,-3.725581885091884e-16,0.060869295638345186,1.219998,11318829.0,11318829.0,12.917439662924938,1.7228826443914085,10442585.0,,0.7605633802816901,71.0
0x8fff01819bd9fa175cc2c8feab5ba3730a770482,0.03280715208390275,0.0054778354,0,3.08691,1,1780020827,-7.451163770183768e-16,0.003355705837887246,-7.451163770183768e-16,-7.451163770183768e-16,0.003355705837887246,0.0,-7.451163770183768e-16,0.0,0.0,,-7.451163770183768e-16,0.0,-7.451163770183768e-16,,,-0.00020000000000023366,0,0.4295547181782733,,-7.451163770183768e-16,0.005677923146902597,4.925,8597315.0,8597315.0,9.811553631180356,7.08067597735315,7721071.0,,0.7653508771929824,432.0
0xd404929e0fae86cb9a72b2c308e953cea717d447,0.03280698004660771,0.005476568,0,1.999999,1,1780034709,1.6728227171268614e-06,0.003357378660605118,1.6728227171268614e-06,1.6728227171268614e-06,0.003357378660605118,0.0,1.6728227171268614e-06,0.0,0.0,,1.6728227171268614e-06,0.0,1.6728227171268614e-06,,,6.488003615936852e-07,0,0.4295547181782733,,1.6728227171268614e-06,0.11182484202619601,1.150088,52888537.0,52888537.0,59.41691063961731,2.982616739325843,51998411.0,0.0,0.7995337995337995,421.0
0x3472888e57b8061cb447b332aaf13bcf0abbcc1b,0.03280393199616152,0.0054541095,0,91.908,1,1780041877,-3.725581885091884e-16,0.0033557058378876183,-3.725581885091884e-16,-3.725581885091884e-16,0.0033557058378876183,0.0,-3.725581885091884e-16,0.0,0.0,,-3.725581885091884e-16,0.0,-3.725581885091884e-16,,,-9.999999999999992e-05,0,0.4295547181782733,,-3.725581885091884e-16,0.022160223029103893,95.232,,,,64.9664134640523,,,0.09836065573770492,61.0
0xf7a876411179d4aa4fb9f3abc19fa01f066e68c0,0.03280380876281996,0.0054532015,0,3.999999,1,1780019232,8.347351836940209e-07,0.003356540573071685,8.347351836940209e-07,8.347351836940209e-07,0.003356540573071685,0.0,8.347351836940209e-07,0.0,0.0,,8.347351836940209e-07,0.0,8.347351836940209e-07,,,-0.0002997260002132101,0,0.4295547181782733,,8.347351836940209e-07,0.0029953303209888198,1.84009,12049480.0,12049480.0,13.776360574356113,2.3510900264817147,11174831.0,0.0,0.7716049382716049,486.0
0xb85f08750572d603b888410d08fb438a059f3705,0.03280154046446608,0.005436487,0,39.999999,1,1779698637,-0.29345202808743853,-0.2968077339253265,-0.29345202808743853,-0.29345202808743853,-0.2968077339253265,-0.19827572462930482,-0.29345202808743853,0.01687598825813369,0.0,,-0.29345202808743853,-0.04393426478303305,-0.29345202808743853,0.03439367968680647,0.08419366567748815,,1,0.4295547181782733,0.047321992546691755,-0.29345202808743853,0.07419429570936231,1.0,4963985.0,4963985.0,8.959388435062287,2.9123878750000003,4409931.0,0.0,0.20930232558139536,43.0
0x28f0501bb79c229a4635548208d6a7bcfaa05d3a,0.032798761509467304,0.005416008,0,75.924,1,1780026115,-7.451163770183768e-16,0.003355705837887246,-7.451163770183768e-16,-7.451163770183768e-16,0.003355705837887246,0.0,-7.451163770183768e-16,0.0,0.0,,-7.451163770183768e-16,0.0,-7.451163770183768e-16,,,-0.0001000000000000223,0,0.4295547181782733,,-7.451163770183768e-16,0.019894877823699555,70.465,30568093.0,30568093.0,34.67610137805548,44.50055119230769,29686561.0,,0.0963855421686747,83.0
0x9a5326decbc2c8169d9cbaf8dbb4872f55e1578f,0.03279849846268498,0.0054140696,0,20.169398,2,1779857798,1.1407144728610372e-05,1.3420165627163276e-05,1.1407144728610372e-05,1.1407144728610372e-05,0.0009490439021182927,0.0,1.1407144728610372e-05,0.0,0.0,0.1734003998400638,0.007140872600109946,0.0,0.01427033805549128,,,0.018553875526219444,1,0.4295547181782733,-0.24600260403143343,1.1407144728610372e-05,0.01887645300985003,15.963422,8906969.0,8906969.0,12.488476826763318,18.22720254651163,8193754.0,,0.2911392405063291,79.0
0x69c96d22e1be6f6cd9fa32bb45f5fd5b7b423b29,0.032794344135575526,0.005383452,0,1692.082103,20,1779711494,1.0447902847304586e-08,-4.0870525955811315e-07,1.0447902847304586e-08,1.0447902847304586e-08,-0.00048419837103470727,0.0,1.0447902847304586e-08,0.0,0.0,-13.652470561737509,-0.028699941498836933,0.0,-0.057399893445576715,,,-0.009357490709190473,1,0.4295547181782733,0.002615361519440067,1.0447902847304586e-08,0.010940602743298455,99.999994,4627369.0,4627369.0,8.162425848149004,139.88080490915445,4060458.0,0.0,0.47692307692307695,325.0
0xa23d67384428000ee24069e482437a03db170281,0.03279301791095107,0.005373677,0,19.52,2,1779901333,0.0,0.0,0.0,0.0,0.0,0.0,0.0,0.0,0.0,-0.040000000000000036,-0.0016778529189438094,0.0,-0.0033557058378876187,,,0.019118060564367968,1,0.4295547181782733,-0.1449023582629845,0.0,0.04864373711304996,9.82,3405865.0,3405865.0,4.500647505781302,10.942257575757576,2649115.0,0.0,0.3448275862068966,29.0
0xa56c533cfa6c90625fe9a63a37cefb568a8a48bd,0.03279301791095107,0.005373677,0,39.04,2,1779901333,0.0,0.0,0.0,0.0,0.0,0.0,0.0,0.0,0.0,-0.08000000000000007,-0.0016778529189438094,0.0,-0.0033557058378876187,,,0.019118060564367968,1,0.4295547181782733,-0.1449023582629845,0.0,0.08777495277460483,13.642,3402633.0,3402633.0,4.496376610505451,11.722750000000001,2645883.0,0.0,0.3548387096774194,31.0
0xfd8167e1704f667394fdb93fd189d398c27fec47,0.03279254813458792,0.005370214,0,54.54,2,1779704643,0.0,0.0,0.0,0.0,0.0,0.0,0.0,0.0,0.0,-0.24000000000000354,-0.003355705837887665,0.0,-0.00671141167577533,,,-0.01861976766285829,1,0.4295547181782733,0.03685110473059416,0.0,0.07305528675029148,11.182500000000001,2689439.0,2689439.0,4.802055136949613,12.928125,2129379.0,0.0,0.6666666666666666,18.0
0x1ecba6467c9ff27cbedd738364380933eeee9296,0.03279130739019604,0.0053610685,0,358.911246,3,1779702914,-5.361911528464596e-06,3.0870382181955276e-06,-5.361911528464596e-06,-5.361911528464596e-06,0.0007883855064197647,0.0,-5.361911528464596e-06,0.0,0.0,-18.322872880106452,-0.03772636115535226,0.0,-0.07544736039917604,,,-0.033955004710585636,1,0.4295547181782733,-0.015785642326179957,-5.361911528464596e-06,0.025583920285242104,19.9335,8276724.0,8276724.0,14.824045234815907,28.838858277978343,7718393.0,,0.7105263157894737,76.0
0x2ad020f565624ac0de5dcba1e9a88ac7eba865cf,0.03279060162650524,0.005355866,0,0.999999,1,1780019232,3.348997785110217e-06,0.0033590548356731012,3.348997785110217e-06,3.348997785110217e-06,0.0033590548356731012,0.0,3.348997785110217e-06,0.0,0.0,,3.348997785110217e-06,0.0,3.348997785110217e-06,,,-0.00029890069852624027,0,0.4295547181782733,,3.348997785110217e-06,0.02296453014817453,1.000808,5039015.0,5039015.0,5.761185344063733,1.2583113286713286,4164366.0,0.0,0.6481481481481481,54.0
0xc9d54ffa65a8a353eef3fc02cabc66ace09ed1bb,0.032790221586543676,0.0053530647,0,14.578320000000001,5,1779900199,7.488479580322898e-17,-0.0006692735771289555,7.488479580322898e-17,7.488479580322898e-17,-0.0014986277889841636,0.0,7.488479580322898e-17,0.0,0.0,12.910879999999999,0.006495753278718718,0.0,0.012991506557437362,,,0.0181499095970551,1,0.4295547181782733,-0.3655642807708613,7.488479580322898e-17,0.013611874158938223,7.37235,18448730.0,18448730.0,24.4154835260238,20.276742594736838,17693114.0,,0.2968036529680365,219.0
0x5981e1fa72cb892732a7315652d82c95bf1d9742,0.03278747394084112,0.00533281,0,1.9995980000000002,2,1779858182,5.641395008260972e-10,1.3387817525912615e-05,5.641395008260972e-10,5.641395008260972e-10,0.0009479184626777791,0.0,5.641395008260972e-10,0.0,0.0,8.59656980014556e-07,3.5401763510436043e-07,0.0,7.074711307078948e-07,,,0.017954799194756503,1,0.4295547181782733,-0.13274328763217252,5.641395008260972e-10,0.033505847489148394,3.22375,,,,4.768964664516129,,,0.2711864406779661,118.0
0xc0a0dc68c261b62b0edec2e71ae9013db2f9bd71,0.03278599020232625,0.0053218715,0,57.942,1,1780040397,-3.725581885091884e-16,0.0033557058378876183,-3.725581885091884e-16,-3.725581885091884e-16,0.0033557058378876187,0.0,-3.725581885091884e-16,0.0,0.0,,-3.725581885091884e-16,0.0,-3.725581885091884e-16,,,-4.985010004787682e-08,0,0.4295547181782733,,-3.725581885091884e-16,0.027046775812498054,73.63,18388990.0,18388990.0,20.527687667305937,50.30789,17493176.0,,0.10344827586206896,58.0
0x97520e8e9d7b23d2e7ed85be19be94ad9fde20fe,0.03278331338379041,0.0053021363,0,2.123678,16,1779760016,0.00017519232313339497,0.012699183935033071,0.00017519232313339497,0.00017519232313339497,0.07860757341537332,0.0,0.00017519232313339497,0.0,0.0,-5.7970893353364214e-05,-0.00011838642711024835,0.0,-0.0004119651773538917,,,0.11176992867803176,1,0.4295547181782733,-0.0109476956021327,0.00017519232313339497,0.0,0.0,14986249.0,14986249.0,24.35074004806372,0.0,14370816.0,,,0.0
0x6e66d706b3da54f4e43a1c98ee4e3c3a0d4d48c2,0.032777500600025766,0.0052592754,0,9.999998,1,1780019234,3.322179313560633e-07,0.0033560380558193474,3.322179313560633e-07,3.322179313560633e-07,0.003356038055819347,0.0,3.322179313560633e-07,0.0,0.0,,3.322179313560633e-07,0.0,3.322179313560633e-07,,,-0.00029989095029712526,0,0.4295547181782733,,3.322179313560633e-07,0.014801753428054723,9.99999,7123911.0,7123911.0,8.144861207498762,9.839072400000003,6249260.0,,0.7352941176470589,68.0
0x57e53da9040ef1c7eb0135ffc4d4e5edbc820487,0.032777500600025766,0.0052592754,0,19.959998,1,1780019232,3.6949751122312886e-09,0.003355709532863103,3.6949751122312886e-09,3.6949751122312886e-09,0.003355709532863103,0.0,3.6949751122312886e-09,0.0,0.0,,3.6949751122312886e-09,0.0,3.6949751122312886e-09,,,-0.0002999987871338256,0,0.4295547181782733,,3.6949751122312886e-09,0.003265005318116015,1.099999,6789051.0,6789051.0,7.762029111106283,8.174732796414853,5914402.0,,0.7387218045112782,512.0
0x9070ab4ca09ee04712f2d2b1a4623e599d04b3df,0.03277584156617257,0.005247041,0,1.999999,1,1780019232,1.6728227171268614e-06,0.003357378660605118,1.6728227171268614e-06,1.6728227171268614e-06,0.003357378660605118,0.0,1.6728227171268614e-06,0.0,0.0,,1.6728227171268614e-06,0.0,1.6728227171268614e-06,,,-0.0002994508998386033,0,0.4295547181782733,,1.6728227171268614e-06,0.003835659714471216,3.299914,14352499.0,14352499.0,16.409438529055656,5.024117886729595,13477850.0,0.0,0.7254901960784313,598.0
0xa84f0e04af0c6849f285c0b6ce5fdc99c13d86ed,0.0327739692595627,0.0052332333,0,1.639998,1,1780019232,7.358824716482629e-07,0.0033564417203596395,7.358824716482629e-07,7.358824716482629e-07,0.0033564417203596395,0.0,7.358824716482629e-07,0.0,0.0,,7.358824716482629e-07,0.0,7.358824716482629e-07,,,-0.0002997584483843904,0,0.4295547181782733,,7.358824716482629e-07,0.007235293644904478,1.003888,5032695.0,5032695.0,5.753959588360588,1.1822988639760836,4158046.0,0.0,0.5127118644067796,208.0
0x69920080c6872a96e94b7ef9bce09ec9431f4862,0.03277391944140318,0.005232866,0,93.906,1,1780027176,-7.451163770183768e-16,0.003355705837887246,-7.451163770183768e-16,-7.451163770183768e-16,0.003355705837887246,0.0,-7.451163770183768e-16,0.0,0.0,,-7.451163770183768e-16,0.0,-7.451163770183768e-16,,,-1.2220453839861405e-16,0,0.4295547181782733,,-7.451163770183768e-16,0.034884869388361286,98.802,17372333.0,17372333.0,19.683288899866643,72.20004954545455,16489740.0,,0.11363636363636363,44.0
0x3bc7832431fb7560f29516d69551272e6f2fd2cf,0.03277214529332843,0.0052197813,0,55.552,2,1779741909,0.0,0.0,0.0,0.0,0.0,0.0,0.0,0.0,0.0,-1.7980000000000016,-0.024328867324685234,0.0,-0.04865773464937047,,,0.03329795615988726,1,0.4295547181782733,-0.0015069014386376704,0.0,0.07909592313076293,17.712,3268093.0,3268093.0,5.471205003632857,15.781559210526316,2670767.0,0.0,0.4166666666666667,36.0
0xeedd8f76b78e37ee3d4c17b44aadb74c58e41bed,0.03276929557398281,0.0051987628,0,94.905,1,1780030378,-3.725581885091884e-16,0.003355705837887619,-3.725581885091884e-16,-3.725581885091884e-16,0.0033557058378876187,0.0,-3.725581885091884e-16,0.0,0.0,,-3.725581885091884e-16,0.0,-3.725581885091884e-16,,,-1.0320901254987167e-08,0,0.4295547181782733,,-3.725581885091884e-16,0.015753584794585093,101.84700000000001,30331451.0,30331451.0,34.24206616655095,70.77311904761905,29445656.0,,0.12244897959183673,98.0
0x3c0f630d45da4c3cc6841f58d2da2c64ef70abe0,0.032768962679347216,0.0051963073,0,88.911,1,1780037628,-3.725581885091884e-16,0.0033557058378876187,-3.725581885091884e-16,-3.725581885091884e-16,0.0033557058378876183,0.0,-3.725581885091884e-16,0.0,0.0,,-3.725581885091884e-16,0.0,-3.725581885091884e-16,,,8.686644087981356e-19,0,0.4295547181782733,,-3.725581885091884e-16,0.02462614721537121,89.37,18381673.0,18381673.0,20.583143066698767,61.74379591836735,17488628.0,,0.10526315789473684,57.0
0x17b4980a012fc5fe666f8b258dd6360938b362ba,0.03276389340018503,0.0051589133,0,0.01538,1,1780024015,-3.7546879935691643e-16,0.0033557058378876157,-3.7546879935691643e-16,-3.7546879935691643e-16,0.0033557058378876157,0.0,-3.7546879935691643e-16,0.0,0.0,,-3.7546879935691643e-16,0.0,-3.7546879935691643e-16,,,-9.999999999988969e-05,0,0.4295547181782733,,-3.7546879935691643e-16,0.05966726129761469,4.999998,18815364.0,18815364.0,21.394904893158312,11.659388182389938,17935932.0,,0.5068493150684932,73.0
0x57e7c58a29d56b0cbfdddf226d30a7b5bac51c63,0.032762203345962186,0.0051464452,0,46.806,2,1779693114,-0.14390056210706278,-0.14567711225653288,-0.14390056210706278,-0.14390056210706278,-0.20021404035621537,0.0,-0.14390056210706278,0.0,0.0,0.012000000000001343,-0.14370316764601054,0.0,-0.1435057731849583,,,-0.04111906965848941,1,0.4295547181782733,0.048151921346542954,-0.14390056210706278,0.1007793057705014,7.843999999999999,,,,16.905874999999998,,,0.4117647058823529,17.0
0x370c671980712b4014fc6900766c0c6c66923eb1,0.03275812098953381,0.005116326,0,2.090059,2,1779698756,1.1185817470462233e-05,-0.00012304031282204175,1.1185817470462233e-05,1.1185817470462233e-05,-0.006229876005705184,-0.1222231973139208,1.1185817470462233e-05,-0.0146053793841917,0.0,0.09084082335742497,0.0035943957894756084,-0.044266946519834136,0.007177605761480754,-0.012281644813018806,0.038118308278348535,,1,0.4295547181782733,0.04720963586047754,1.1185817470462233e-05,0.0,0.0,9489320.0,9489320.0,17.123389266528683,0.0,8935147.0,,,0.0
0xa42ece4c8db6fea78069185138f235b0d5214d2b,0.03275609529922519,0.005101379,0,103.688,1,1779946364,0.0067114116757748645,0.010067117513662856,0.0067114116757748645,0.0067114116757748645,0.010067117513662856,0.0,0.0067114116757748645,0.0,0.0,,0.0067114116757748645,0.0,0.0067114116757748645,,,0.0026090338685249943,0,0.4295547181782733,,0.0067114116757748645,0.027368104677138586,100.495,18532323.0,18532323.0,23.113946326989538,66.88328985507246,17730542.0,,0.19642857142857142,56.0
0x4f9eedcc32b40633a04fb45b8149e1b600479aa0,0.03275517924075153,0.0050946195,0,24.776120000000002,2,1779708148,-0.30984363353470223,-0.31248025955018566,-0.30984363353470223,-0.30984363353470223,-0.35252527653021104,0.0,-0.30984363353470223,0.0,0.0,-0.09454559999999956,-0.31267637658708247,0.0,-0.3155091196394627,,,-0.01574803524106836,1,0.4295547181782733,0.0036860546468931487,-0.30984363353470223,0.012030172624893504,1.94368,14045177.0,14045177.0,24.9220178683914,3.7514764448119053,13481612.0,,0.4681372549019608,393.0
0x38266db1174da047028b5343180cca0d02002bc7,0.03275333766957305,0.00508103,0,0.00705,1,1780038276,-3.7546879935691643e-16,0.0033557058378876153,-3.7546879935691643e-16,-3.7546879935691643e-16,0.003355705837887616,0.0,-3.7546879935691643e-16,0.0,0.0,,-3.7546879935691643e-16,0.0,-3.7546879935691643e-16,,,-8.673617379884036e-20,0,0.4295547181782733,,-3.7546879935691643e-16,0.12359585780300195,1.008269,1669098.0,1669098.0,1.8676413488748373,4.550700192118226,775405.0,0.0,0.36942675159235666,157.0
0xad542a9537053b919f01a4cd3ece03c81bac006a,0.032748514202868305,0.005045433,0,0.01124,1,1780012374,0.00335570583788724,0.006711411675775231,0.00335570583788724,0.00335570583788724,0.006711411675775231,0.0,0.00335570583788724,0.0,0.0,,0.00335570583788724,0.0,0.00335570583788724,,,0.0010030075175394607,0,0.4295547181782733,,0.00335570583788724,0.004008455700361664,5.01758,4576639.0,4576639.0,5.27389544256624,4.85430558401305,3708848.0,,0.4694835680751174,426.0
0x6c13728f4c3b8ff1b3fce93dc7a14d5f9fa5f135,0.03274305402189301,0.005005131,0,71.712,2,1779935761,0.0,0.0,0.0,0.0,0.0,0.0,0.0,0.0,0.0,0.0,0.0,0.0,0.0,,,-0.00011604504504503994,1,0.4295547181782733,-0.1847644333493528,0.0,0.05510923426119573,2.332,,,,11.054974088050315,,,0.21212121212121213,33.0
0x4d4a1de7066d79f876b5f1a52d90ac5e06cc6139,0.032741509397225574,0.004993729,0,16.994438000000002,2,1779934186,3.540186292230602e-11,3.2926307023248704e-06,3.540186292230602e-11,3.540186292230602e-11,0.00018206497908149083,0.0,3.540186292230602e-11,0.0,0.0,2.7482017488367206e-07,1.3561136037721833e-08,0.0,2.708687021252136e-08,,,-0.0016885537345513386,1,0.4295547181782733,-0.24608946802413686,3.540186292230602e-11,0.025246358194085,12.014389,11799236.0,11799236.0,14.943251228782058,18.043267488479263,11009633.0,,0.3235294117647059,102.0
0x574d7185e2c1521d08050dcbc343fe592cf709cf,0.03272826211441443,0.004895918,0,21.816,2,1779704643,0.0,0.0,0.0,0.0,0.0,0.0,0.0,0.0,0.0,-0.09600000000000009,-0.0033557058378876187,0.0,-0.0067114116757752374,,,-0.01861976766285816,1,0.4295547181782733,0.03685016055676043,0.0,0.09725804786231641,13.16,,,,11.617355879518072,,,0.4117647058823529,17.0
0xdc4d1f563d1936ac48c749794154831f40aebf17,0.03272612301207234,0.0048801205,0,60.939,1,1780033988,-3.725581885091884e-16,0.0033557058378876187,-3.725581885091884e-16,-3.725581885091884e-16,0.0033557058378876187,0.0,-3.725581885091884e-16,0.0,0.0,,-3.725581885091884e-16,0.0,-3.725581885091884e-16,,,8.686644087981356e-19,0,0.4295547181782733,,-3.725581885091884e-16,0.02073818153416123,60.634,32500887.0,32500887.0,36.54228051337692,46.93916425120773,31611482.0,,0.1267605633802817,71.0
0x0a66e8e3f4ab28e7aedc56cbf689c8dc14055a69,0.03272612301207234,0.0048801205,0,88.911,1,1780031904,-3.725581885091884e-16,0.0033557058378876187,-3.725581885091884e-16,-3.725581885091884e-16,0.0033557058378876183,0.0,-3.725581885091884e-16,0.0,0.0,,-3.725581885091884e-16,0.0,-3.725581885091884e-16,,,3.417535514755283e-17,0,0.4295547181782733,,-3.725581885091884e-16,0.018007284379090965,92.814,30627841.0,30627841.0,34.51720516025204,58.880845082644626,29740520.0,,0.125,80.0
0xa2761d78de3f15ccede6d4e52a81781cb4936e5f,0.03272499465454295,0.004871787,0,77.844,1,1779945109,0.0033557058378876187,0.0067114116757756095,0.0033557058378876187,0.0033557058378876187,0.0067114116757756095,0.0,0.0033557058378876187,0.0,0.0,,0.0033557058378876187,0.0,0.0033557058378876187,,,0.0010030075175397194,0,0.4295547181782733,,0.0033557058378876187,0.022825446813794125,78.289,18373584.0,18373584.0,22.951889132895122,59.08585039370078,17573058.0,,0.18181818181818182,55.0
0x7741af3ec8edfded7649061ddfde10ace70b2c46,0.03272445148510507,0.0048677754,0,0.999999,1,1780019266,3.348997785110217e-06,0.0033590548356731012,3.348997785110217e-06,3.348997785110217e-06,0.0033590548356731012,0.0,3.348997785110217e-06,0.0,0.0,,3.348997785110217e-06,0.0,3.348997785110217e-06,,,-0.00019890069852625098,0,0.4295547181782733,,3.348997785110217e-06,0.014201202397066985,1.019339,4277383.0,4277383.0,4.890209367279346,1.8685930478515624,3402700.0,0.0,0.447841726618705,555.0
0xcdb1f1ef8213c06911e4ba6a884176c5571e276c,0.03271887187712276,0.0048265625,0,29756.897759999993,15,1779947999,3.11924924751964e-16,-0.0014047849748803605,3.11924924751964e-16,3.11924924751964e-16,-0.002171185192742046,0.0,3.11924924751964e-16,0.0,0.0,6.069805000000229,0.0003415624112007093,0.0,0.0006831248224011066,,,0.002309033868524882,2,0.4295547181782733,-0.229844013040929,3.11924924751964e-16,0.0,0.0,23548596.0,23548596.0,29.310588785884274,0.0,22745180.0,,,0.0
0x70698919b04f64c3fa5a3beb47f880cae26638d2,0.03271811826173037,0.0048209955,0,0.02072,1,1780035114,-3.7546879935691643e-16,0.0033557058378876157,-3.7546879935691643e-16,-3.7546879935691643e-16,0.0033557058378876157,0.0,-3.7546879935691643e-16,0.0,0.0,,-3.7546879935691643e-16,0.0,-3.7546879935691643e-16,,,-0.0001,0,0.4295547181782733,,-3.7546879935691643e-16,0.010924342883745036,3.2508,3401018.0,3401018.0,3.8190899586875697,6.960893720567377,2510487.0,0.0,0.4010989010989011,364.0
0x995eddfdef05aac71144613f6170946448b19630,0.032717724472052484,0.0048180865,0,101.898,1,1780028558,-3.725581885091884e-16,0.003355705837887619,-3.725581885091884e-16,-3.725581885091884e-16,0.0033557058378876187,0.0,-3.725581885091884e-16,0.0,0.0,,-3.725581885091884e-16,0.0,-3.725581885091884e-16,,,-4.209059099052913e-08,0,0.4295547181782733,,-3.725581885091884e-16,0.03318964686185324,98.901,17545929.0,17545929.0,19.8488973104443,61.915953798449614,16661954.0,,0.16326530612244897,49.0
0x76f43628dbd8810327a5ece06d45cb15f85c2737,0.03271494771348232,0.004797573,0,2.999997,1,1780027268,-3.725581885091884e-16,0.003355705837887619,-3.725581885091884e-16,-3.725581885091884e-16,0.0033557058378876187,0.0,-3.725581885091884e-16,0.0,0.0,,-3.725581885091884e-16,0.0,-3.725581885091884e-16,,,2.6020852139652105e-19,0,0.4295547181782733,,-3.725581885091884e-16,0.007467380230998764,2.999998,,,,3.483094730809674,,,0.43636363636363634,275.0
0x3864bd36594170a751938b7a53cc4e89d21c9d3b,0.032713023618661664,0.004783358,0,52.947,1,1780032490,-3.725581885091884e-16,0.0033557058378876187,-3.725581885091884e-16,-3.725581885091884e-16,0.0033557058378876187,0.0,-3.725581885091884e-16,0.0,0.0,,-3.725581885091884e-16,0.0,-3.725581885091884e-16,,,3.417535514755283e-17,0,0.4295547181782733,,-3.725581885091884e-16,0.014587361277087438,56.6865,30339161.0,30339161.0,34.169300388441584,41.62445740740741,29451254.0,,0.1568627450980392,101.0
0x25723726a118828c0678e861c705cafcd17a0a87,0.03271280239289863,0.0047817235,0,0.00395,1,1780038272,-3.7546879935691643e-16,0.0033557058378876157,-3.7546879935691643e-16,-3.7546879935691643e-16,0.0033557058378876157,0.0,-3.7546879935691643e-16,0.0,0.0,,-3.7546879935691643e-16,0.0,-3.7546879935691643e-16,,,-8.673617379884036e-20,0,0.4295547181782733,,-3.7546879935691643e-16,0.009808512790781158,1.111738,6622201.0,6622201.0,7.409961407156181,0.9021513457189015,5728512.0,0.0,0.41739130434782606,230.0
0xa3af760e15e6b6bd3c43d8cf2ae6952f0a9bb7a6,0.03271260555990927,0.004780269,0,110.24999999999997,8,1779956547,0.0021766740570081044,0.0037487164315140966,0.0021766740570081044,0.0021766740570081044,0.012197582000963738,0.0,0.0021766740570081044,0.0,0.0,0.026999999999998636,0.002584800442697118,0.0,0.0029929268283861317,,,0.0033180904218982838,1,0.4295547181782733,-0.20341281073941087,0.0021766740570081044,0.0,0.0,20359683.0,20359683.0,25.07461291387303,0.0,19547719.0,,,0.0
0x422d775225ebf0766d099e0a991f3462052ede14,0.03271101373170105,0.004768508,0,0.02641,1,1780040465,-3.7546879935691643e-16,0.0033557058378876157,-3.7546879935691643e-16,-3.7546879935691643e-16,0.0033557058378876157,0.0,-3.7546879935691643e-16,0.0,0.0,,-3.7546879935691643e-16,0.0,-3.7546879935691643e-16,,,-4.985010004883223e-08,0,0.4295547181782733,,-3.7546879935691643e-16,0.1551006460629378,25.5903985,,,,33.170864214285714,,,0.2857142857142857,28.0
0xca08d6c4f044ff2d751d30abe51479c50026c267,0.03270717271522467,0.0047401264,0,16.891545999999998,3,1780022295,1.732058391921602e-10,1.6783778015268752e-06,1.732058391921602e-10,1.732058391921602e-10,7.505147216809546e-05,0.0,1.732058391921602e-10,0.0,0.0,1.5431272653232869e-06,7.673668941286833e-08,0.0,1.533001729865445e-07,,,-9.976124312392369e-05,1,0.4295547181782733,-0.3264065593644577,1.732058391921602e-10,0.0,0.0,2440977.0,2440977.0,2.781068277521556,0.0,1563265.0,0.0,,0.0
0x73a598fdf57330bb6eaa060cf5cfba40aa70f655,0.03270275969852998,0.0047075143,0,88.911,1,1780027802,-3.725581885091884e-16,0.0033557058378876187,-3.725581885091884e-16,-3.725581885091884e-16,0.0033557058378876183,0.0,-3.725581885091884e-16,0.0,0.0,,-3.725581885091884e-16,0.0,-3.725581885091884e-16,,,-4.209059099052913e-08,0,0.4295547181782733,,-3.725581885091884e-16,0.024282817523475858,88.9605,30576645.0,30576645.0,34.61955075694703,60.228165094339616,29693426.0,,0.17647058823529413,68.0
0xdbba36ff6b9f26eb7e0208c20813d886f905e651,0.03270162380247761,0.0046991194,0,1.81898,1,1779948996,-3.7546879935691643e-16,0.0033557058378876157,-3.7546879935691643e-16,-3.7546879935691643e-16,0.0033557058378876157,0.0,-3.7546879935691643e-16,0.0,0.0,,-3.7546879935691643e-16,0.0,-3.7546879935691643e-16,,,-0.001201501877189977,0,0.4295547181782733,,-3.7546879935691643e-16,0.012566770201546581,0.5,13975926.0,13975926.0,17.374067798506488,7.411684227997228,13171513.0,,0.11758241758241758,730.0
0x73ed9d3bc318551238cd7c444451917db5d959b1,0.03269896649145103,0.004679479,0,56.358000000000004,2,1779704643,0.0,0.0,0.0,0.0,0.0,0.0,0.0,0.0,0.0,-0.24800000000000022,-0.0033557058378876187,0.0,-0.0067114116757752374,,,-0.01861976766285829,1,0.4295547181782733,0.03685016055676043,0.0,0.10014163166008638,20.948,2681399.0,2681399.0,4.787699532192979,15.082487500000001,2121339.0,0.0,0.25,16.0
0x7ff24392521ae61d2569cb2ab1261dd6f67226d6,0.03269822113103257,0.00467397,0,112.887,1,1779949001,-3.725581885091884e-16,0.0033557058378876187,-3.725581885091884e-16,-3.725581885091884e-16,0.0033557058378876187,0.0,-3.725581885091884e-16,0.0,0.0,,-3.725581885091884e-16,0.0,-3.725581885091884e-16,,,-0.001201501877189976,0,0.4295547181782733,,-3.725581885091884e-16,0.0292766183808954,115.536,18526948.0,18526948.0,23.03149357672255,83.78123529411765,17722530.0,,0.18,50.0
0x166a49699aba5d7a9ce3142450062deedf83d7ed,0.03269086574326816,0.004619597,0,7.99992,1,1779986352,0.01006711751366247,0.013422823351550463,0.01006711751366247,0.01006711751366247,0.013422823351550463,0.0,0.01006711751366247,0.0,0.0,,0.01006711751366247,0.0,0.01006711751366247,,,0.0030180904218984625,0,0.4295547181782733,,0.01006711751366247,0.023224280189182926,13.4343,18675635.0,18675635.0,22.18617577981608,38.625382872619824,17833866.0,,0.37037037037037035,156.0
0xfb33605e1179505aed38860e3290b5886aa92937,0.032690072944747184,0.0046137357,0,0.00812,1,1780000605,0.010067117513662474,0.013422823351550466,0.010067117513662474,0.010067117513662474,0.013422823351550468,0.0,0.010067117513662474,0.0,0.0,,0.010067117513662474,0.0,0.010067117513662474,,,0.0030180904218983858,0,0.4295547181782733,,0.010067117513662474,0.032235199594880394,1.0063275,2547685.0,2547685.0,2.9761910324734644,2.294526685770751,1691663.0,0.0,0.28859060402684567,149.0
0x3c4277a5d899f8319a54d6d6d8430379ca202adc,0.03268223552465944,0.004555785,0,38.952822,2,1779713335,-3.579890007358214e-05,5.926924607559273e-05,-3.579890007358214e-05,-3.579890007358214e-05,0.003968310923964892,0.0,-3.579890007358214e-05,0.0,0.0,-1.0382410651092226,-0.020091386240015295,0.0,-0.04014697357995701,,,-0.0018199012363198713,1,0.4295547181782733,-0.023033120673913516,-3.579890007358214e-05,0.06930970929858463,9.999997,,,,8.362050925925926,,,0.2631578947368421,19.0
0xfbfd14dd4bb607373119de95f1d4b21c3b6c0029,0.0326811460322503,0.004547728,0,272.27022999999997,2,1779729932,-0.014844813429946077,-0.015077302060338992,-0.014844813429946077,-0.014844813429946077,-0.05728154428289188,0.0,-0.014844813429946077,0.0,0.0,-1.9095287992495238,-0.020385798642543494,0.0,-0.02592678385514091,,,-0.03139277657318317,1,0.4295547181782733,0.007338119035771914,-0.014844813429946077,0.0,0.0,68637735.0,68637735.0,117.25950672163103,0.0,68052386.0,0.0,,0.0
0x98748b9bd46d24b6355b05417426a8c8cba7fe49,0.03267178767893042,0.004478512,0,0.00774,1,1780008297,0.00335570583788724,0.006711411675775231,0.00335570583788724,0.00335570583788724,0.006711411675775231,0.0,0.00335570583788724,0.0,0.0,,0.00335570583788724,0.0,0.00335570583788724,,,0.0010030075175393495,0,0.4295547181782733,,0.00335570583788724,0.09369597200179311,1.048219,,,,2.4548715714285723,,,0.28125,32.0
0x59bf22ab833ac351c23178359612803285d4d293,0.03266872841214816,0.0044558807,0,59.994,2,1779704643,0.0,0.0,0.0,0.0,0.0,0.0,0.0,0.0,0.0,-0.2640000000000039,-0.003355705837887665,0.0,-0.00671141167577533,,,-0.01861976766285829,1,0.4295547181782733,0.03685016055676043,0.0,0.07722253233650186,7.776,2685455.0,2685455.0,4.7949416133985645,13.81991620689655,2125395.0,0.0,0.3684210526315789,19.0
0xe37058ae8f79b99042909d6f6be503148a0b8189,0.032667515546148426,0.004446908,0,27.27,2,1779726299,0.0,0.0,0.0,0.0,0.0,0.0,0.0,0.0,0.0,-0.9600000000000009,-0.02684564670310095,0.0,-0.0536912934062019,,,-0.036634548353340506,1,0.4295547181782733,0.0033310452854095874,0.0,0.06341487915944446,14.1525,2986729.0,2986729.0,5.134342187596697,11.506121213114753,2405013.0,0.0,0.2692307692307692,26.0
0xd4e8d48486808c84515a22d2d9e2ef096f26baac,0.0326514996504478,0.0043283915,0,0.00531,1,1780038276,-3.7546879935691643e-16,0.0033557058378876157,-3.7546879935691643e-16,-3.7546879935691643e-16,0.0033557058378876157,0.0,-3.7546879935691643e-16,0.0,0.0,,-3.7546879935691643e-16,0.0,-3.7546879935691643e-16,,,-8.673617379884036e-20,0,0.4295547181782733,,-3.7546879935691643e-16,0.04767692224954569,1.0,,,,1.224251420233463,,,0.32,75.0
0xa66790e2b0075e73c3781ddaf1d0b875a3aaceb3,0.032651472220411336,0.0043281885,0,95.27906,1,1780006377,0.003355705837887246,0.0067114116757752374,0.003355705837887246,0.003355705837887246,0.0067114116757752374,0.0,0.003355705837887246,0.0,0.0,,0.003355705837887246,0.0,0.003355705837887246,,,0.0008030075175394633,0,0.4295547181782733,,0.003355705837887246,0.0,0.0,29399420.0,29399420.0,34.11420826786912,0.0,28537626.0,0.0,,0.0
0x21b48e8e2daa01f531fff08b62f2b4df6cff1f06,0.03264290305992616,0.0042647542,0,998.83781,1,1779941618,0.0005442619298468279,0.003899967767734819,0.0005442619298468279,0.0005442619298468279,0.003899967767734819,0.0,0.0005442619298468279,0.0,0.0,,0.0005442619298468279,0.0,0.0005442619298468279,,,-0.00022130784529618633,0,0.4295547181782733,,0.0005442619298468279,0.0,0.0,11039262.0,11039262.0,13.850410584227795,0.0,10242227.0,,,0.0
0xaa4f5802f1bc462a5ac51b43b69ce68071ffb174,0.03263777024126013,0.00422675,0,4.389998,1,1780019232,4.6352555188350113e-07,0.0033561693634398745,4.6352555188350113e-07,4.6352555188350113e-07,0.0033561693634398745,0.0,4.6352555188350113e-07,0.0,0.0,,4.6352555188350113e-07,0.0,4.6352555188350113e-07,,,-0.0002998478488918441,0,0.4295547181782733,,4.6352555188350113e-07,0.0,0.0,4792629.0,4792629.0,5.479488343324007,0.0,3917980.0,0.0,,0.0
0xd1c769317bd15de7768a70d0214cf0bbcc531d2b,0.03263187393100018,0.004183086,0,86678.10472999999,2,1780019232,1.5470272093372135e-05,0.0033711761099813626,1.5470272093372135e-05,1.5470272093372135e-05,0.0038036532512271577,0.0,1.5470272093372135e-05,0.0,0.0,,1.5470272093372135e-05,0.0,1.5470272093372135e-05,,,0.00030150375876968657,0,0.4295547181782733,,1.5470272093372135e-05,0.0,0.0,49067484.0,49067484.0,56.09962853670444,0.0,48192835.0,0.0,,0.0
0xed107a85a4585a381e48c7f7ca4144909e7dd2e5,0.03263187393100018,0.004183086,0,50103.22662,1,1780044774,-7.451163770183768e-16,0.003355705837887246,-7.451163770183768e-16,-7.451163770183768e-16,0.0033557058378872458,0.0,-7.451163770183768e-16,0.0,0.0,,-7.451163770183768e-16,0.0,-7.451163770183768e-16,,,-0.00020000000000011052,0,0.4295547181782733,,-7.451163770183768e-16,0.0,0.0,97262178.0,97262178.0,108.0461568711529,0.0,96361987.0,0.0,,0.0
0xefcedda09b4f2224c856edbd9c41c1d6db124e4a,0.032627673419039896,0.0041519753,0,3.65853,1,1779945372,-3.7619645206884844e-16,0.003355705837887615,-3.7619645206884844e-16,-3.7619645206884844e-16,0.003355705837887615,0.0,-3.7619645206884844e-16,0.0,0.0,,-3.7619645206884844e-16,0.0,-3.7619645206884844e-16,,,-9.999999999988993e-05,0,0.4295547181782733,,-3.7619645206884844e-16,0.0,0.0,8404022.0,8404022.0,10.49467712468578,0.0,7603233.0,0.0,,0.0
