wallet,pred_prob,pred_prob_raw,flagged,volume,n_trades,first_trade_ts,adaptive_markout_raw_grosswt_h0p070,unrealized_edge_per_open_token,adaptive_markout_raw_grosswt_h0p010,adaptive_markout_raw_grosswt_h0p150,unrealized_edge_per_open_token_sqrt,buy_markout_adj_grosswt_h0p070_lb0p150,adaptive_markout_raw_grosswt_h0p200,buy_markout_adj_grosswt_h0p030_lb0p200,high_sell_nonflattening_cash_frac_pctl90,realized_pnl_per_closing_trade,adaptive_plus_realized_alpha0p25_h0p030,buy_markout_adj_grosswt_h0p030_lb0p010,adaptive_plus_realized_alpha0p5_h0p070,buy_markout_adj_mean_h0p200_lb0p030,buy_markout_adj_mean_h0p200_lb0p200,sell_markout_adj_median_h0p150_lb0p010,n_distinct_buy_days,major_move_time_remaining_pct,time_to_major_move_pct_of_market,adaptive_markout_raw_grosswt_h0p030,herfindahl_index_markets,median_bet_size_usdc,time_since_first_deposit_to_first_trade_seconds,wallet_age_seconds,wallet_to_market_age_ratio,avg_bet_size_usdc,wallet_minus_market_age_seconds,funder_flagged_wallet_count,winrate,n_markets_traded
0xc1259ddd92f58aded52d029e37e3fbbebafaa4c1,0.07214224381238285,0.2508993,0,65186.859116,97,1764658310,0.15939508639008698,0.15959245170098688,0.15939508639008698,0.15934613626922947,1.312628663071969,0.8048959962416641,0.1593216612088007,-0.08454859775539592,0.0,5185.628806436251,0.253122422253679,-0.0830311179241694,0.34684975811727103,7.317772587887713,7.312843813431649,,2,0.07268341763133024,0.033365075040706196,0.15939508639008698,1.0,8.4,88.0,88.0,2.08865832421721e-05,8.4,-4213143.0,,0.0,1.0
0xbec4aa2be58b5127560b95a3bd263e6b3daf1868,0.07126776427597008,0.24808294,0,63.893997,8,1764711361,0.31196871434217993,0.3123062326205361,0.31196871434217993,0.31196871434217993,0.8403012517941927,0.031217690454200208,0.31196871434217993,0.029814141287624933,0.0,0.0006738286074359341,0.31197226903829234,0.035652574600006384,0.3119758237344047,7.3773342802504125,7.365575897920605,,1,0.07268341763133024,0.022108863023075118,0.31196871434217993,1.0,4.75,13557.0,13557.0,0.003177708365269806,4.75,-4252725.0,,0.0,1.0
0x0c4acd96e5befc4f43bc8f17ff638668557725b2,0.06517577030132947,0.22752568,0,2703.7678379999998,24,1764603974,0.9138431782061618,0.9148451822141775,0.9138431782061618,0.9138431782061618,3.2503559503441224,5.1109076977994246,0.9138431782061618,0.08465980143316443,0.0,,0.9138431782061618,0.08633682281978208,0.9138431782061618,2.5933779776506536,2.588986311045307,,2,0.07268341763133024,0.044893934745330086,0.9138431782061618,0.19477817538977923,357.1437,2169247.0,2169247.0,0.5215921536850534,459.5361300769231,-1989648.0,,0.3,10.0
0x902b3084831c411a7c5a8812768617fc57deca29,0.040818343191483836,0.12169396,0,14031.502033000002,49,1764826571,-0.03367281333839876,-0.03467481734641478,-0.03367281333839876,-0.03367281333839876,-0.1737625666977114,0.0,-0.03367281333839876,0.0,0.0,,-0.03367281333839876,0.0,-0.03367281333839876,,,0.036099960998270175,0,0.07268341763133024,,-0.03367281333839876,0.5100594483151972,1249.119999,3232334.0,3232334.0,0.7377245011516625,1876.0088588333335,-1149158.0,,0.6666666666666666,3.0
0xee0153c0a89f103ab465276735fa1e58b5842e8e,0.040443664647843935,0.11963338,0,3123.365,4,1764838689,0.0,4.812136948414635e-09,0.0,0.0,3.803332949966452e-06,-0.045600072998192645,0.0,-0.04494781348690155,0.0,0.0,0.0,-0.0012977436103421397,0.0,-0.085490966131475,-0.08889096613147501,,1,0.07268341763133024,-0.0049072340114940625,0.0,0.5556712153204406,1557.43113,9920.0,9920.0,0.0022578244313901327,1557.8103153333334,-4383690.0,,0.0,2.0
0x2a6fb502dc5fdbe4118a6d4367c0b0b361b4d4ae,0.038184567104011864,0.10680736,0,110538.29737100001,38,1764829695,-0.0096277189150889,-0.01062972292310493,-0.0096277189150889,-0.0096277189150889,-0.07335600343869722,0.0,-0.0096277189150889,0.0,0.1854560861490004,,-0.0096277189150889,0.0,-0.0096277189150889,,,-0.15094748653854598,0,0.07268341763133024,,-0.0096277189150889,0.634619866240931,1099.999999,96796.0,96796.0,0.022076277603329458,1143.6639872,-4287820.0,,0.25,4.0
0x94353164e0b0e4d87441b8c53f6002f9eaffc1e2,0.03770146776976286,0.103970215,0,4288.135658,5,1764840797,0.0003340017842045876,0.0006680074387534596,0.0003340017842045876,0.0003340017842045876,0.0011596922472687469,-0.06093344203556551,0.0003340017842045876,-0.06093344203556552,0.0,-0.7157613279999285,0.0002505017101715885,-0.0015333360687286666,0.00016700163613858946,-0.08889698635560583,-0.09039699248246055,,1,0.07268341763133024,-0.005354503524475275,0.0003340017842045876,1.0,2142.999911,194.0,194.0,4.413385936040483e-05,2142.999911,-4395524.0,,0.0,1.0
0xc8dd4022ee037db9e38749d03761e0773fcd2813,0.03699844481633125,0.099778466,0,9361.179256000001,8,1764837735,8.371199164959617e-10,1.2556798747439424e-09,8.371199164959617e-10,8.371199164959617e-10,1.9428301011245173e-06,-0.045600018859158875,8.371199164959617e-10,-0.04457856937011105,0.0,3.276493894000017,0.0002505017773491244,-0.0003244692463746085,0.0005010027175783322,-0.08621096532969204,-0.08895096532969203,,1,0.07268341763133024,-0.004704816973835582,8.371199164959617e-10,1.0,1999.999998,144.0,144.0,3.278198884683891e-05,1999.999998,-4392512.0,,0.0,1.0
0xa15abbcd222d38db5b32c96cafa0df909d694e72,0.036972259803569996,0.099620864,0,18.185969999999998,4,1764817923,0.5037391856884499,0.504741189696466,0.5037391856884499,0.5037391856884499,0.9592726728346133,1.854829241127136,0.5037391856884499,1.852058159127816,0.0,,0.5037391856884499,1.8578546748072582,0.5037391856884499,1.876265392685586,1.871515389460933,,1,0.07268341763133024,-0.0005011625188148122,0.5037391856884499,0.03088114841530362,8.784999,626428.0,626428.0,0.143254138496594,7.7416186625,-3746416.0,,0.37037037037037035,49.0
0x18cf20cc39cfbe354b5f1923672720e78066cb22,0.036455184079006046,0.0964865,0,183.36444,15,1764550776,0.6399449142923289,0.6413260604538175,0.6399449142923289,0.6399449142923289,1.9666587628618548,1.338005598633829,0.6399449142923289,0.033695261766808066,0.0,30.51432,0.6528859265927182,0.038243837821747104,0.6658269388931075,3.16788482688152,3.1649919713287002,,4,0.07268341763133024,0.056181336809644385,0.6399449142923289,0.3012957737213971,5.8307,979499.0,979499.0,0.23857069822736554,12.3941154137931,-3126198.0,0.0,0.2,15.0
0xfbb784750c920c859d592ff2b2bd407de33bb779,0.03620697919437938,0.09496673,0,133.748498,3,1764797561,0.3016053606015004,0.3019436479317922,0.3016053606015004,0.3016053606015004,0.5250634504849911,4.804625641006623,0.3016053606015004,4.706291779451802,0.0,73.74882087198607,0.33116416401464405,4.709091794379241,0.36072296742778776,7.219800033903361,7.219400033903361,,1,0.07268341763133024,0.00381918938978265,0.3016053606015004,0.49640548154414554,6.999999,1046892.0,1046892.0,0.2405275886264435,16.382219333333335,-3305590.0,,0.0,7.0
0x2148038b6aa61e78dc69d1739e66684e42bf639e,0.0331120556902518,0.075124174,0,220.0,3,1764817681,0.7805611222444887,0.7815631262525048,0.7805611222444887,0.7805611222444887,1.226280873887564,6.195974576228765,0.7805611222444887,6.1999,0.0,,0.7805611222444887,6.205734116394255,0.7805611222444887,6.221300000000002,6.215900000000001,,1,0.07268341763133024,-0.00044981563924106763,0.7805611222444887,0.08055463249100125,4.294,1123894.0,1123894.0,0.25703093947265265,77.42537288607595,-3248708.0,,0.024390243902439025,41.0
0x423549e0ef0a9e9611fe176393107e5a82363574,0.032979826996003145,0.07423707,0,1966.94704,5,1764825841,-0.004093009613823922,-0.004427010949829267,-0.004093009613823922,-0.004093009613823922,-0.0076678079412593764,0.0,-0.004093009613823922,0.0,0.0,38.652305000000126,-0.0031122540012478335,0.0,-0.002131498388671745,,,0.1824878923334527,1,0.07268341763133024,-0.003007823821642158,-0.004093009613823922,0.2425034104270044,871.9944,1383930.0,1383930.0,0.3159107936016611,2078.0033495999996,-2996832.0,,0.5714285714285714,7.0
0x52830fbbef5ca1ddee6de5c12d975f962ad59a3f,0.03276186996779053,0.0727673,0,48.070038,5,1764816665,0.2977149654565052,0.29838915489554496,0.2920608475292549,0.29771496550730825,0.7307183605546703,4.746634427429619,0.29805501250484445,4.743767458101893,0.0,13.0321812915,0.3690091928560248,4.748968007114978,0.44030342025554436,7.1345,7.1309000000000005,,1,0.07268341763133024,-0.0002342436159066692,0.2977149654565052,0.2644106420660578,22.05,3238234.0,3238234.0,0.7407458071281223,25.8826425,-1133352.0,,0.42857142857142855,7.0
0xf947f6c081332fa15b0bb4f03cd6923878fba3d4,0.0326977733314251,0.072333276,0,1.0204,2,1764833825,0.01903807615230462,0.02004008016032065,0.01903807615230462,0.01903807615230462,0.028340953153769454,-0.07320867860549543,0.01903807615230462,-0.07144617775312265,0.0,,0.01903807615230462,0.019153822246877356,0.01903807615230462,-0.06884667959354832,-0.07041540985051835,,1,0.07268341763133024,-0.003875204167499462,0.01903807615230462,0.16403401943783297,1751.5,1731777.0,1731777.0,0.39459494807856277,996.9090901818181,-2656969.0,0.0,0.0,9.0
0xfd68ec4b38e10198048f7291d76a5394d3e9b9c2,0.03194425677653605,0.06716831,0,2042.8973859999999,12,1764796471,3.7686968608795553e-06,3.85393134573612e-06,3.7686968608795553e-06,3.7686968608795553e-06,0.0018687277323486994,3.62069797959564,3.7686968608795553e-06,3.500085732832784,0.0,412.7908606378007,0.11095235711709837,3.50278811392597,0.2219009455373359,7.25615921686234,7.255681439084561,,1,0.07268341763133024,0.004050462525052822,3.7686968608795553e-06,0.38888891481482146,9.999999,1834.0,1834.0,0.0004214743236187409,9.999998666666668,-4349558.0,0.0,0.0,3.0
0x8b245f1d581dfec27babc595711a601a885a8435,0.0311466947073219,0.061571475,0,26600.457824,27,1764826085,-0.02422458660407057,-0.0252265906120866,-0.02422458660407057,-0.02422458660407057,-0.09077163927841274,0.0,-0.02422458660407057,0.0,0.0,,-0.02422458660407057,0.0,-0.02422458660407057,,,0.13479999983889984,0,0.07268341763133024,,-0.02422458660407057,1.0,300.0,152.0,152.0,3.4695227534497786e-05,300.0,-4380854.0,,0.0,1.0
0xee50a31c3f5a7c77824b12a941a54388a2827ed6,0.030873366386406805,0.05962146,0,28180.62810900001,175,1764340169,0.9483865908399157,0.9493885948479319,0.9483865908399157,0.9483865908399157,6.825319023968735,0.003843392532062318,0.9483865908399157,0.0018596499426207277,0.0,,0.9483865908399157,0.004906168722746702,0.9483865908399157,1.103394564780135,1.1023522793978175,,5,0.07268341763133024,0.10086733791041964,0.9483865908399157,0.22728585097179674,30.69,48556841.0,48556841.0,12.46616663543076,1193.915854652117,44661751.0,,0.4,34.0
0xf04c5f26b5542050c680e33b6aad8a4969f0d375,0.030402493207012396,0.056222558,0,1662.3020259999998,4,1764838909,-6.011122271541356e-09,1.803336690117711e-08,-6.011122271541356e-09,-6.011122271541356e-09,7.362643397860292e-06,-0.0456002735569741,-6.011122271541356e-09,-0.044948011176876385,0.0,-0.5555799980000616,-0.0001252557602831235,-0.0018477526156642978,-0.00025050550944397544,-0.08799096593966396,-0.08889096612748804,,1,0.07268341763133024,-0.004953912992924739,-6.011122271541356e-09,1.0,553.919906,58.0,58.0,1.3200328642664829e-05,553.919906,-4393772.0,,0.0,1.0
0x7bb7bccc02fec3d93b311695a42b251e465e44f2,0.029867131839427394,0.052295655,0,5311.2102,22,1764817581,0.13366037433481875,0.13407353480917575,0.13366037433481875,0.13366037433481875,0.7744089747476698,3.4414256360721556,0.13366037433481875,3.4354115269015115,0.0,1289.3631779284947,0.21210262900284868,3.4389200622487883,0.2905448836708786,3.3743440909766704,3.3689440881184707,,1,0.07268341763133024,-0.00042859792040894184,0.13366037433481875,0.010262978576263041,92.36999800000001,13220842.0,13220842.0,3.0236331509968433,812.6166135031644,8848340.0,,0.8714285714285714,277.0
0xa3ea0e0b10f43c8679103e1af35f3c36f0830637,0.029863493147057194,0.052268732,0,10116.319994999998,11,1764892403,0.0031007227976577044,0.004102726805673737,0.0031007227976577044,0.0031007227976577044,0.011871176854197758,-0.08948913946548537,0.0031007227976577044,-0.0882829622169836,0.0,,0.0031007227976577044,0.002435938185163242,0.0031007227976577044,0.003993017417545038,-0.08717970599518553,,1,0.07268341763133024,-0.01630411950498213,0.0031007227976577044,0.7230570292896512,324.939998,718756.0,718756.0,0.16161538938921471,544.7718616363636,-3728568.0,,0.5,2.0
0xbd76b5c22591de7d293004cad917d11617104e83,0.029681585346014172,0.050918728,0,44.705693000000004,4,1764776993,0.00016791061213810015,0.00016827132237023007,0.00016791061213810015,0.00016791061213810015,0.012542398751733335,3.7267707950700024,0.00016791061213810015,0.19923597051244382,0.0,13.890520424027354,0.11675514177735827,0.19938599695792042,0.23334237294257845,7.446600259690417,7.438400255115987,,1,0.07268341763133024,0.008183249799174291,0.00016791061213810015,0.2500000000000625,0.9999994999999999,112.0,112.0,2.5854622229342504e-05,0.9999994999999999,-4331802.0,,0.0,4.0
0x24beeb31bc61eeb0f17b4dd7a610666a99bc6e89,0.02957169074733314,0.05009927,0,334225.604142,33,1764886521,-0.004339783872855719,-0.005341787880871753,-0.004339783872855719,-0.004339783872855719,-0.02011099453745135,0.0,-0.004339783872855719,0.0,0.0,,-0.004339783872855719,0.0,-0.004339783872855719,,,-0.032400000000000914,0,0.07268341763133024,,-0.004339783872855719,1.0,500.0,552.0,552.0,0.00012428396002919773,500.0,-4440890.0,,0.0,1.0
0xf32898291d309e3c5e499c85ddd03a13268c219c,0.029545046589268934,0.049900144,0,2.178,2,1764670074,0.9018036072144285,0.9028056112224445,0.9018036072144285,0.9018036072144285,1.2767599395773128,-0.15090000000000023,0.9018036072144285,-0.06940000000000016,0.0,,0.9018036072144285,-0.06530000000000016,0.9018036072144285,7.198100001840002,7.194600000000001,,1,0.07268341763133024,0.03086902259729491,0.9018036072144285,0.3103303812282533,21.951219000000002,9855551.0,9855551.0,2.3326775534645603,904.1944254904214,5630556.0,,0.47058823529411764,17.0
0x99dfc271bc6883f4732e0eb84f059a7d22d67331,0.02940841154608424,0.048876263,0,18.05348,4,1764800177,0.8840428931643344,0.8850448971723505,0.8840428931643344,0.8840428931643344,1.6076656672658722,7.04672593976185,0.8840428931643344,6.7477259397618505,0.0,,0.8840428931643344,6.751925939761851,0.8840428931643344,7.06645648494046,7.06625648494046,,1,0.07268341763133024,0.0032641338651342383,0.8840428931643344,0.04517455944790961,4.99497,2314370.0,2314370.0,0.5314162850066749,3.7857926727272724,-2040728.0,,0.3783783783783784,37.0
0x030dc570ba96fe2fb5d9c23035892cf67698da63,0.02874392442850112,0.04383018,0,126.721769,28,1764703725,0.2852995469225736,0.3078045986443263,0.2852995469225736,0.2852995469225736,1.6540514378828275,0.003960727097471641,0.2852995469225736,0.015566057372049063,0.0,-0.2548052761421474,0.2852023876826676,0.020819486162770663,0.28510522844276165,7.3497620569142,7.339729101879168,,1,0.07268341763133024,0.023729048033096247,0.2852995469225736,0.4193844780646744,4.4,41372955.0,41372955.0,9.715049102461204,55.28090936144577,37114309.0,0.0,0.16,25.0
0x2dfa38917d695362dd03c9a1df081f1dfdc27fc6,0.02833992700346045,0.040706616,0,1572.698421,10,1764692324,3.051537246908533e-06,3.110918512027877e-06,3.051537246908533e-06,3.051537246908533e-06,0.0017144897544241935,2.2235400366030733,3.051537246908533e-06,0.09648797996395755,0.0,541.7664843569863,0.11454198471689298,0.09913265404758465,0.22908091789653906,7.384948004812372,7.3786884644813915,,2,0.07268341763133024,0.026148080157146914,3.051537246908533e-06,0.47650212509975937,19.999999,15240.0,15240.0,0.003588208356240339,13.666665333333333,-4232005.0,,0.0,3.0
0x069acf9916370eef6c6a541f12cd96632ed44634,0.028284617904363263,0.040275626,0,100548.29283199999,222,1764484449,-9.887051016474463e-05,-0.00013182734688632617,-9.887051016474463e-05,-9.887051016474463e-05,-0.0007268879692118137,0.03229495758775363,-9.887051016474463e-05,-0.024834281698264984,0.0,3776.7374915237947,0.1133206061627798,-0.02298363437598361,0.22674008283572433,1.6840242933314415,1.6800013671057044,,4,0.07268341763133024,0.07025441317942849,-9.887051016474463e-05,1.0,3.3,48.0,48.0,1.1883041167310744e-05,3.3,-4039322.0,,0.0,1.0
0x01e0a397d55906d2386f1a7758593215ccbf732c,0.02817968485996834,0.039455693,0,52481.565628,8,1764828359,-0.0027898212918970604,-0.0037918252999130926,-0.0027898212918970604,-0.0027898212918970604,-0.01760491976621262,0.0,-0.0027898212918970604,0.0,0.9431883254182252,,-0.0027898212918970604,0.0,-0.0027898212918970604,,,-0.22552483198122825,0,0.07268341763133024,,-0.0027898212918970604,0.7863420657790607,533.499999,1927408.0,1927408.0,0.4397182018944717,777.60128925,-2455872.0,,0.3333333333333333,3.0
0x92ac1a952594018e32b33f6c85f367693db883df,0.028095411931625295,0.038795047,0,154630.445061,32,1764821649,-0.006404511685145356,-0.007203705299372567,-0.006404511685145356,-0.006404511685145356,-0.042334683960854484,0.0,-0.006404511685145356,0.0,0.04991038227226888,54.17401999999962,-0.006179483042682428,0.0,-0.005954454400219501,,,-0.03700000000000007,1,0.07268341763133024,-0.0018230264020562515,-0.006404511685145356,0.9329169213339097,518.0,378296.0,378296.0,0.08643663873764158,518.0,-3998274.0,,0.0,2.0
0xaad7b8c2341ecfb9420f1effd3b0109fc0025557,0.02785456284750537,0.036896277,0,23.06295,3,1764462364,0.3243152972611889,0.32464929859719427,0.3243152972611889,0.3243152972611889,0.5623090798119399,0.060433991307153406,0.3243152972611889,0.09509999999999993,0.0,0.1192500000000001,0.32556780227120896,0.09599999999999995,0.32682030728122896,0.3941003322826435,0.38930033228264355,-0.0005770473918533412,1,0.07268341763133024,0.06295488136961223,0.3243152972611889,0.06519848536364334,7.60815,99257.0,99257.0,0.02470748278999374,12.220311974025975,-3918028.0,,0.5428571428571428,31.0
0x420e8deb590ad77ff5b2f6776cea2b1fc6dee3c9,0.027640061775560647,0.035191752,0,34.774111999999995,4,1764778271,0.9044796822126546,0.9054816862206706,0.9044796822126546,0.9044796822126546,1.743223983075332,7.209528811128175,0.9044796822126546,5.039007218817295,0.0,,0.9044796822126546,5.042548253949691,0.9044796822126546,7.232800004828648,7.230474999158877,,2,0.07268341763133024,0.007912087352499724,0.9044796822126546,0.0,0.0,19910664.0,19910664.0,4.594918480418131,0.0,15577472.0,,,0.0
0x74e6c1260ac5448c00eb63e1f6894ecd090c99e8,0.027547992603062413,0.034456182,0,27.727999999999998,5,1764802965,0.9009098967442772,0.9019119007522933,0.9009098967442772,0.9009098967442772,1.7044040997931538,7.191175423301392,0.9009098967442772,6.920547225089685,0.0,,0.9009098967442772,6.923747225089685,0.9009098967442772,7.190059675174015,7.189759675174014,,1,0.07268341763133024,0.00267258386409457,0.9009098967442772,0.0,0.0,13749442.0,13749442.0,3.155071518621644,0.0,9391556.0,,,0.0
0xbb270fa1a7734a91cab0b48a119c11d1b89618d2,0.02737821040525015,0.033093452,0,116.761,2,1764829975,0.0,0.0,0.0,0.0,0.0,-0.03645433930274772,0.0,-0.035723088876561324,0.0,1.1210000000000009,0.0023797595190380777,0.011826911123438697,0.004759519038076155,-0.06661540985051835,-0.07041540985051836,,1,0.07268341763133024,-0.0030583219924626174,0.0,0.38991012894831756,217.2732855,399330.0,399330.0,0.09106943471407304,1050.2747155555555,-3985566.0,,0.42857142857142855,14.0
0x24647b3fb6d708ea5e09630655eed2c52d2e6d63,0.02733459715611307,0.032742072,0,114.2,3,1764826611,-0.018037739372255307,-0.019039743380271337,-0.018037739372255307,-0.018037739372255307,-0.03044728055176184,0.0,-0.018037739372255307,0.0,0.0,,-0.018037739372255307,0.0,-0.018037739372255307,,,0.12738615068213105,0,0.07268341763133024,,-0.018037739372255307,0.5021973931184675,53.55,90.0,90.0,2.0540760628930704e-05,53.55,-4381442.0,0.0,0.0,2.0
0xdf6ccd57133f8d9f9d73e750ddedf899b27b7597,0.027313956428893584,0.032575585,0,101.33999800000001,7,1764668450,0.907296919820439,0.9082989238284551,0.907296919820439,0.907296919820439,2.042047598472195,-0.11449315955553241,0.907296919820439,-0.018293159555532096,0.0,,0.907296919820439,-0.0128931595555321,0.907296919820439,7.23000113848461,7.22520113848461,,1,0.07268341763133024,0.031213598351128635,0.907296919820439,0.08420843497568917,19.999999,1214491.0,1214491.0,0.2875643650534135,37.945237142857145,-3008880.0,,0.18181818181818182,21.0
0x03d0d65c51235e63805335b85ead75794830d647,0.027290021350291516,0.032382373,0,78.74501000000001,6,1764817653,0.12768082463461808,0.1278416317185408,0.12768082463461808,0.12768082463461808,0.3191203107947901,3.6650452120271257,0.12768082463461808,3.6679464242541466,0.0,17.18838,0.1901396962485485,3.671331627906342,0.2525985678624789,6.342800000000001,6.3374000000000015,,1,0.07268341763133024,-0.00044387467796807244,0.12768082463461808,0.0,0.0,639086.0,639086.0,0.14615784661391665,0.0,-3733488.0,0.0,,0.0
0x6f7349d398a8d544bd23caa6d5796e56f1712385,0.027235049159406756,0.031937994,0,200.49860199999998,19,1764549694,0.9047412328910236,0.90574323689904,0.9047412328910236,0.9047412328910236,3.3765938918909946,0.9384391079699081,0.9047412328910236,0.004742567045599666,0.0,,0.9047412328910236,0.010019988579372353,0.9047412328910236,4.6827278415439535,4.677454156138985,,4,0.07268341763133024,0.056410912527407986,0.9047412328910236,0.07980748086785491,1.939999,1608957.0,1608957.0,0.39198731184288904,3.4310526510791366,-2495658.0,0.0,0.38461538461538464,26.0
0x683b3a889e034db125849d75a53802a7f50fb82d,0.02722176274220367,0.03183046,0,2.999996,2,1764841081,0.001002664008460443,0.002004668016476476,0.001002664008460443,0.001002664008460443,0.002835028696956603,-0.09139927346986508,0.001002664008460443,-0.0913992734698651,0.0,,0.001002664008460443,-0.0023992734698650747,0.001002664008460443,-0.0888962649593467,-0.0903962649593467,,1,0.07268341763133024,-0.005414761845958512,0.001002664008460443,0.09966095931645597,1213.25,3227028.0,3227028.0,0.7340824685703055,1048.3142855714286,-1168974.0,,0.52,25.0
0x084d455627ffc65c4bfffbced85a9e60e741f87e,0.027151743986804974,0.031262916,0,2.173912,2,1764640684,-0.9208416649298505,-0.9218436689378667,-0.9208416649298505,-0.9208416649298505,-1.3036838189997044,0.0,-0.9208416649298505,0.0,0.0,,-0.9208416649298505,0.0,-0.9208416649298505,,,-0.04402998915926594,0,0.07268341763133024,,-0.9208416649298505,0.17757521668251094,1191.5,2766717.0,2766717.0,0.6594321915432935,1186.9518180909092,-1428888.0,,0.47619047619047616,21.0
0x05e9db575265a92905fd9a18326bc037ddfb4cd0,0.02713312640102005,0.03111177,0,1.999996,2,1764819411,0.002004983039074441,0.0030069870470904735,0.002004983039074441,0.002004983039074441,0.004252521863875572,-0.09260796203272349,0.002004983039074441,-0.0890989252229663,0.0,,0.002004983039074441,-0.08999892503514224,0.002004983039074441,-0.08818988841320914,-0.08708988841320912,,1,0.07268341763133024,-0.0008168821750368446,0.002004983039074441,0.10303967913547636,1075.25,3722606.0,3722606.0,0.8510113086981053,902.9999988214286,-651726.0,,0.5416666666666666,24.0
0xdab1e73d3e4643a0045f9fcc0661a507135ceaa6,0.027110883997785547,0.030931063,0,6764.139032000001,9,1764828119,0.0016338071408360819,0.002178409446100913,0.0016338071408360819,0.0016338071408360819,0.004980699880413422,-0.03363466381673007,0.0016338071408360819,-0.03333772457206824,0.0,-4.299200975999973,0.0011421916791130781,0.00014958061435865354,0.0006505762173900746,-0.08498190862767346,-0.08848190862767347,-0.17169846387808163,1,0.07268341763133024,-0.003172897674156097,0.0016338071408360819,0.27944868074772283,196.8460195,49526.0,49526.0,0.011299463386142952,203.53367283333333,-4333514.0,,0.2,5.0
0xece847ea152616dcaf5d65aad4e73ea1ddc2cac6,0.02709172774337006,0.030775314,0,2747.9437960000005,4,1764835073,9.04933353695116e-09,1.809866636472189e-08,9.04933353695116e-09,9.04933353695116e-09,8.517026933806644e-06,-0.04565020605124182,9.04933353695116e-09,-0.04429115439634046,0.0,1.3781001079992188,0.00025050893980216576,0.0010090498544451604,0.0005010088302707946,-0.08515129825982745,-0.08858190879070063,,1,0.07268341763133024,-0.004140001298524393,9.04933353695116e-09,0.729389687082646,165.16006,1675165.0,1675165.0,0.3815870818957839,649.8291134545453,-2714829.0,0.0,0.8571428571428571,7.0
0xc30219db959f8888feedabfeb8d3e2a18bfce9fc,0.027056156490393248,0.03048582,0,133651.55400000003,9,1764854407,-0.0033662886167155426,-0.004368292624731576,-0.0033662886167155426,-0.0033662886167155426,-0.009671501623536012,0.0,-0.0033662886167155426,0.0,0.0,,-0.0033662886167155426,0.0,-0.0033662886167155426,,,-0.024199934131955668,0,0.07268341763133024,,-0.0033662886167155426,0.3610957638303078,192.0,426874.0,426874.0,0.09681157763722727,344.974,-3982454.0,,0.3333333333333333,3.0
0x873331f6f8d127624d2eab32154ebf43a039ee86,0.027003818782500175,0.0300592,0,51291.54975300001,75,1764739449,-0.0006918775591728035,-0.0013837551183455866,-0.0006918775591728035,-0.0006918775591728035,-0.003274551839388006,0.9100205854611718,-0.0006918775591728035,0.19134173419325357,0.025492887278503053,3648.0792384259994,0.030951993754929467,0.19153484314065217,0.06259586506903174,6.724521183339156,6.722099871774415,-0.007099999999999118,2,0.07268341763133024,0.016149230157507615,-0.0006918775591728035,1.0,9.508055,267348.0,267348.0,0.06225546471310111,9.508055,-4027022.0,,0.0,1.0
0x502644a2a3b1f530e75af0a71806f4c8ffb4981e,0.02700325398886489,0.030054592,0,298.40018299999997,3,1764754815,-0.9248496993431041,-0.9258517033511202,-0.9248496993431041,-0.9248496993431041,-1.5793958817756624,0.0,-0.9248496993431041,0.0,0.0,,-0.9248496993431041,0.0,-0.9248496993431041,,,-1.0363094489120956,0,0.07268341763133024,,-0.9248496993431041,0.5077584614949362,349.999994,483974.0,483974.0,0.11229782984386978,535.8368801666667,-3825762.0,,0.2,5.0
0x41b4035c1c4b3721a55b480cce4d618852f9a66b,0.026991425868377838,0.029958064,0,1086.5425599999999,4,1764936991,0.0,0.0,0.0,0.0,0.0,-0.04420485806573744,0.0,-0.045799999999999945,0.0,0.5443600000000307,0.00025050100200402204,-4.999999999993873e-05,0.0005010020040080441,0.0023090338685251392,-0.0895909661314749,,1,0.07268341763133024,-0.0257646759778504,0.0,0.5550137243316124,270.5076,298229.0,298229.0,0.0663924404574266,270.7018066666667,-4193683.0,,0.0,2.0
0x03960c49785fa21473189907db0a38d5ee301476,0.0269467097903057,0.02959277,0,24352.349857999994,52,1764831085,-2.7620957434476853e-09,-2.860742026797755e-09,-2.7620957434476853e-09,-2.7620957434476853e-09,-9.117443106181165e-06,0.0,-2.7620957434476853e-09,0.0,0.0,-961.2849299786786,-0.00386188315186657,0.0,-0.007723763541637396,,,-0.22689998217173435,1,0.07268341763133024,-0.03182318341317561,-2.7620957434476853e-09,1.0,249.999999,56.0,56.0,1.2767880390496502e-05,249.999999,-4385950.0,,0.0,1.0
0x330ae6d48c752158096e2b4cb725e2f026496f8c,0.026841391425689302,0.028730068,0,385.03574799999996,8,1764784329,1.619206275096748e-05,1.689183977261794e-05,1.619206275096748e-05,1.619206275096748e-05,0.0038351565305254813,3.4561378848275313,1.619206275096748e-05,-0.10943128149278145,0.0,126.789054948,0.10430518256731298,-0.1091812766429379,0.208594173071875,6.927640363200283,6.924740363200283,,1,0.07268341763133024,0.00662671794564954,1.619206275096748e-05,0.2754686995698054,48.009998,62374.0,62374.0,0.014374373451633346,47.6019984,-4276876.0,,0.0,5.0
0x7d56663364223df22d45f5f57756daf42cff73a9,0.02681119362478855,0.0284821,0,1.999996,2,1764897233,0.0030069501412750624,0.0040089541492910954,0.0030069501412750624,0.0030069501412750624,0.0056695173288593605,-0.08878086981049997,0.0030069501412750624,-0.09029293292877688,0.0,,0.0030069501412750624,0.0009070670712231295,0.0030069501412750624,0.0036193174376985392,-0.08828086981049997,,1,0.07268341763133024,-0.01732893532457381,0.0030069501412750624,0.08949484936717385,1274.44,3283040.0,3283040.0,0.7374048606584588,1400.8548381935482,-1169114.0,,0.4090909090909091,22.0
0x8d8dd8f60202b638fcab6db5abd818bd3a3e91c5,0.026755634446640118,0.028025167,0,819.8031,4,1764928177,0.0,0.0,0.0,0.0,0.0,-0.04192519064099796,0.0,-0.04629999989394277,0.0,0.2734500000000306,0.00012525050100201798,-5.000000006000205e-05,0.00025050100200403597,0.0007030075175394623,-0.09159699227034608,,1,0.07268341763133024,-0.023894546239986828,0.0,0.5553135326163725,272.45727,311889.0,311889.0,0.06956997147954383,272.60588,-4171209.0,,0.0,2.0
0xf0148de7934dbc994bf335146193716d1806d442,0.026728734975760504,0.027803607,0,0.0525,1,1764241751,0.9939879759519035,0.9949899799599196,0.9939879759519035,0.9939879759519035,0.9949899799599196,-0.0411,0.9939879759519035,-0.03309999999999999,0.0,,0.9939879759519035,-0.039699999999999985,0.9939879759519035,-0.0477,-0.0411,,1,0.07268341763133024,0.12174939243062124,0.9939879759519035,0.1889937544496757,2.35,1493072.0,1493072.0,0.393258095511016,5.743582931527094,-2303600.0,0.0,0.35051546391752575,87.0
0x378aca7d1c8a79f0c2fbed98f8d3426097a3258d,0.02669561161070677,0.027530486,0,18903.510457,15,1764831755,-4.444932739544967e-09,-4.593097164196466e-09,-4.444932739544967e-09,-4.444932739544967e-09,-1.1944511492718734e-05,0.0,-4.444932739544967e-09,0.0,0.0,-501.3515334886665,-0.0039472799248244424,0.0,-0.007894555404716145,,,-0.2431000000000002,1,0.07268341763133024,-0.011090501633552173,-4.444932739544967e-09,0.13461520774158084,744.594998,4110681.0,4110681.0,0.9370833405521629,754.9394333,-275995.0,,0.5555555555555556,9.0
0x1adf8746a07bbd618542a4aea121dc9adf903986,0.02667837574311034,0.027388236,0,1.006,2,1764826419,0.005010020040080163,0.006012024048096196,0.005010020040080163,0.005010020040080163,0.008502285946130837,-0.0905,0.005010020040080163,-0.08928186404857888,0.0,,0.005010020040080163,-0.08668186404857887,0.005010020040080163,-0.08485466012144718,-0.08625466012144718,,1,0.07268341763133024,-0.002303819910792223,0.005010020040080163,0.07792259957357832,881.3375,2414246.0,2414246.0,0.5510291372045995,791.45312384375,-1967094.0,0.0,0.5238095238095238,21.0
0x3c71ea319e1629de403b047b9257db9016f9a3bc,0.02664094801893953,0.02707903,0,19.011677999999996,4,1764806097,0.00036118067165084904,0.0003628242695224177,0.00036118067165084904,0.00036118067165084904,0.01791691649107925,3.5238948663273795,0.00036118067165084904,3.5100892072555485,0.0,7.506660818328567,0.1104112354703369,3.511939965899236,0.22046129026902297,7.0514007761664415,7.049300776166441,,1,0.07268341763133024,0.0020080449102723888,0.00036118067165084904,0.09158993837102163,1.6072,206291.0,206291.0,0.047303404847216866,4.655730968421053,-4154727.0,,0.3076923076923077,39.0
0x506fdf3db5ec16b80fc522e7b07341a717143a6c,0.02662979270250199,0.02698679,0,2.999996,2,1764844653,0.001002664008460443,0.002004668016476476,0.001002664008460443,0.001002664008460443,0.002835028696956603,-0.09170227898339409,0.001002664008460443,-0.0915992734533412,0.0,,0.001002664008460443,-0.0003992734698651843,0.001002664008460443,-0.0884962649593467,-0.0905962649428227,,1,0.07268341763133024,-0.006172658762642048,0.001002664008460443,0.04774499363114916,1287.565,4242072.0,4242072.0,0.9642006248786814,904.0305881960784,-157502.0,,0.5517241379310345,29.0
0xcbd4313e818d409103f057245f5130708d46f852,0.026517379080550338,0.026055172,0,2000.0,2,1765139223,0.0,-0.0010020040080160326,0.0,0.0,-0.001417047657688473,0.0,0.0,0.0,1.0,,0.0,0.0,0.0,,,0.0,0,0.07268341763133024,,0.0,1.0,2.0,20.0,20.0,4.2606277097592235e-06,2.0,-4694124.0,,0.0,1.0
0x0e7ecd539aa56971a440f0cb71eec5386b65931f,0.026517379080550338,0.026055172,0,10000.0,2,1765033901,0.0,-0.0010020040080160326,0.0,0.0,-0.0014170476576884727,0.0,0.0,0.0,1.0,,0.0,0.0,0.0,,,0.0,0,0.07268341763133024,,0.0,1.0,10.0,84.0,84.0,1.8305351569531352e-05,10.0,-4588738.0,0.0,0.0,1.0
0x32db2317d0c9b29c67a4712409741471a20913e2,0.026517379080550338,0.026055172,0,1000.0,2,1765070133,0.0,-0.0010020040080160326,0.0,0.0,-0.0014170476576884727,0.0,0.0,0.0,1.0,,0.0,0.0,0.0,,,0.0,0,0.07268341763133024,,0.0,1.0,1.0,80.0,80.0,1.7297095342021954e-05,1.0,-4624974.0,0.0,0.0,1.0
0xa2ecd38049ca63d7c2d4554e12c985aa11b39c8a,0.026517379080550338,0.026055172,0,2400.0,2,1765045801,0.0,-0.0010020040080160326,0.0,0.0,-0.0014170476576884727,0.0,0.0,0.0,1.0,,0.0,0.0,0.0,,,0.0,0,0.07268341763133024,,0.0,1.0,2.4,70.0,70.0,1.5215003210365678e-05,2.4,-4600652.0,,0.0,1.0
0xd3c49847fc3d54ad4def29170bc07c8ada1da1da,0.026511952835635306,0.026010105,0,203.999996,2,1764900685,0.0030060164465401966,0.004008020454556229,0.0030060164465401966,0.0030060164465401966,0.005668196885102197,-0.08998793482373338,0.0030060164465401966,-0.0906939654210563,0.0,,0.0030060164465401966,0.0010060359109216397,0.0030060164465401966,0.0036180962063159716,-0.08868190512566197,,1,0.07268341763133024,-0.018061370978658793,0.0030060164465401966,1.0,101.999998,68.0,68.0,1.5261672598519708e-05,101.999998,-4455538.0,,0.0,1.0
0x19a562ca696274974f551582dca3d5dc3dceead0,0.0265077901949233,0.025975527,0,20000.0,2,1765030843,0.0,-0.0010020040080160326,0.0,0.0,-0.0014170476576884727,0.0,0.0,0.0,1.0,,0.0,0.0,0.0,,,0.0,0,0.07268341763133024,,0.0,0.5000000000000002,19.9999995,1938.0,1938.0,0.0004226122408392582,19.9999995,-4583826.0,,0.0,2.0
0xe8df921332f5fbd86518d6772673ba126b67fc76,0.026481551547462012,0.025757447,0,3.999996,2,1764898735,0.003006449146538273,0.0040084531545543055,0.003006449146538273,0.003006449146538273,0.005668808815307915,-0.08998745589281304,0.003006449146538273,-0.08928746297271406,0.0,,0.003006449146538273,0.002312631356836008,0.003006449146538273,0.0039186621584313295,-0.08828143217111875,,1,0.07268341763133024,-0.01764762546143234,0.003006449146538273,0.061849944438199043,1127.0,3629420.0,3629420.0,0.8149304750973133,774.0238092857143,-824236.0,,0.46153846153846156,26.0
0x5e7f4ad379fd8ef3492d1ff62d36e839ef854983,0.026477683585988482,0.02572528,0,1000.0,2,1765038615,0.0,-0.0010020040080160326,0.0,0.0,-0.0014170476576884727,0.0,0.0,0.0,1.0,,0.0,0.0,0.0,,,0.0,0,0.07268341763133024,,0.0,1.0,1.0,2166.0,2166.0,0.00047153217042383036,1.0,-4591370.0,,0.0,1.0
0xf737d635d83b3db3887a63b122e2460c38c7363c,0.026474705435352974,0.025700511,0,1.0256399999999999,2,1764828291,0.02404809619238484,0.025050100200400872,0.02404809619238484,0.02404809619238484,0.0354261914422119,-0.06692585913674523,0.02404809619238484,-0.06550973203373338,0.0,,0.02404809619238484,0.02869026090671522,0.02404809619238484,-0.06287103939339539,-0.06447102499057075,,1,0.07268341763133024,-0.0027010156073296186,0.02404809619238484,0.05821320404646558,729.5,3559096.0,3559096.0,0.811983540837176,677.9878041707317,-824116.0,,0.3333333333333333,27.0
0x7d701ff3bfcea5c3ffc0a0e14bfa4d8c3d285b51,0.0264584992871895,0.025565676,0,20000.0,2,1765151035,0.0,-0.0010020040080160326,0.0,0.0,-0.0014170476576884727,0.0,0.0,0.0,1.0,,0.0,0.0,0.0,,,0.0,0,0.07268341763133024,,0.0,1.0,20.0,140.0,140.0,2.974953441978633e-05,20.0,-4705816.0,0.0,0.0,1.0
0xeb629c12ed2f9f42982e7c9df5d9881dfcd7710a,0.0264584992871895,0.025565676,0,1000.0,2,1765071439,0.0,-0.0010020040080160326,0.0,0.0,-0.0014170476576884727,0.0,0.0,0.0,1.0,,0.0,0.0,0.0,,,0.0,0,0.07268341763133024,,0.0,1.0,1.0,154.0,154.0,3.328750897033521e-05,1.0,-4626206.0,,0.0,1.0
0xac462eeba8da3ed01940ae2cbdec3011d9d5e256,0.0264584992871895,0.025565676,0,3000.0,4,1765027893,0.0,-0.0010020040080160326,0.0,0.0,-0.0019751474141352495,0.0,0.0,0.0,1.0,,0.0,0.0,0.0,,,0.0,0,0.07268341763133024,,0.0,1.0,1.0,148.0,148.0,3.229456835909116e-05,1.0,-4582666.0,,0.0,1.0
0x876f04b6cd65e18694cd07a3ab4cd35f20107ca2,0.0264584992871895,0.025565676,0,1000.0,2,1765006925,0.0,-0.0010020040080160326,0.0,0.0,-0.0014170476576884727,0.0,0.0,0.0,1.0,,0.0,0.0,0.0,,,0.0,0,0.07268341763133024,,0.0,1.0,1.0,140.0,140.0,3.068933059116857e-05,1.0,-4561706.0,0.0,0.0,1.0
0x389db50ede69898847961de534ad6a6d959a87ef,0.026446917391449113,0.025469266,0,49653.333333,14,1764854675,-0.001987501534563538,-0.0029895055425795693,-0.001987501534563538,-0.001987501534563538,-0.01030398538544545,0.0,-0.001987501534563538,0.0,0.5139634801323439,,-0.001987501534563538,0.0,-0.001987501534563538,,,-0.015999998761360257,0,0.07268341763133024,,-0.001987501534563538,1.0,100.0,26.0,26.0,5.8962317636354895e-06,100.0,-4409570.0,,0.0,1.0
0x597b6db1395187dbadebc8e4d4173af2d994aafe,0.026441276137040223,0.025422292,0,2.999996,2,1764932771,0.001002664008460443,0.002004668016476476,0.001002664008460443,0.001002664008460443,0.002835028696956603,-0.08769626438149625,0.001002664008460443,-0.09340228198038346,0.0,,0.001002664008460443,-0.0010021502442947722,0.001002664008460443,0.0007037350406533087,-0.09139626495934669,,1,0.07268341763133024,-0.02486928824313469,0.001002664008460443,0.10374754893887646,1024.3,2516100.0,2516100.0,0.5606668193806527,955.4324323243243,-1971592.0,,0.4782608695652174,23.0
0xbfb748532e5a549cb32bba2133d4a3b317048bf4,0.02636187745100344,0.024760112,0,25000.0,2,1764861469,-0.0010020040080160326,-0.0020040080160320653,-0.0010020040080160326,-0.0010020040080160326,-0.002834095315376946,0.0,-0.0010020040080160326,0.0,1.0,,-0.0010020040080160326,0.0,-0.0010020040080160326,,,-0.007699999997750007,0,0.07268341763133024,,-0.0010020040080160326,1.0,50.0,82.0,82.0,1.8567200813333966e-05,50.0,-4416308.0,,0.0,1.0
0x49419884db5270517540321a8efee3d3df20e312,0.026351622755780884,0.024674447,0,119.999992,4,1764843113,0.0010020294080169952,0.0020040334160330276,0.0010020294080169952,0.0010020294080169952,0.004008066832066055,-0.0905999720396398,0.0010020294080169952,-0.09079846717891871,0.0,,0.0010020294080169952,-0.0021484674525627722,0.0010020294080169952,-0.08849696448388572,-0.09029696340104162,,1,0.07268341763133024,-0.005845905892627309,0.0010020294080169952,1.0,29.999998,104.0,104.0,2.364692951441485e-05,29.999998,-4397930.0,,0.0,1.0
0xfcf453560519a9e19b89aa34cbbdf92e2ab3d26e,0.026336260355195172,0.024546053,0,10000.0,3,1765027551,-4.689524208724795e-18,-0.0010020040080160372,-4.689524208724795e-18,-4.689524208724795e-18,-0.0015922505568415905,0.0,-4.689524208724795e-18,0.0,1.0,,-4.689524208724795e-18,0.0,-4.689524208724795e-18,,,0.0,0,0.07268341763133024,,-4.689524208724795e-18,0.5551851788100843,14.9749995,6134.0,6134.0,0.001338578828195786,14.9749995,-4576338.0,,0.0,2.0
0x95a5c4969d1cde277cc0dcca2badc9d45dbda523,0.02633122792304184,0.024503978,0,23054.0,4,1765095721,-1.8645739594932106e-19,-0.0010020040080160328,-1.8645739594932106e-19,-1.8645739594932106e-19,-0.0017489927112061742,0.0,-1.8645739594932106e-19,0.0,1.0,,-1.8645739594932106e-19,0.0,-1.8645739594932106e-19,,,0.0,0,0.07268341763133024,,-1.8645739594932106e-19,1.0,50.0,384.0,384.0,8.256924527839382e-05,50.0,-4650258.0,,0.0,1.0
0xb6595cc9e73117fba36a2b688bc3186d210fc375,0.026328830444933702,0.02448393,0,4545.454544,4,1764833837,-0.02104208395494995,-0.02204408796296598,-0.02104208395494995,-0.02104208395494995,-0.03846575680434963,0.0,-0.02104208395494995,0.0,0.0,,-0.02104208395494995,0.0,-0.02104208395494995,,,-0.1606999991375131,0,0.07268341763133024,,-0.02104208395494995,0.4616050231396984,215.9622,396560.0,396560.0,0.09035813776927322,382.78308472268907,-3992198.0,,0.0,12.0
0x4884394be9d0bf9f245d1b915503009f5d661310,0.02632540956713704,0.024455322,0,97989.40408799997,62,1764830911,-1.112630770472148e-12,-3.3378923405157932e-12,-1.112630770472148e-12,-1.112630770472148e-12,-1.0016858046851224e-07,0.0,-1.112630770472148e-12,0.0,0.0,-67.21478148155542,-0.0007579584616785492,0.0,-0.0015159169222444676,,,-0.03110000000000006,1,0.07268341763133024,-0.005267086522886917,-1.112630770472148e-12,0.3536261828154009,697.829999,40599655.0,40599655.0,9.257001864184492,576.1438751052632,36213823.0,0.0,0.4,5.0
0x61cbaa00e5774ad946968b82ba5167a25d5cecaa,0.026288378025512957,0.0241454,0,1000.0,2,1765032903,0.0,-0.0010020040080160326,0.0,0.0,-0.0014170476576884727,0.0,0.0,0.0,1.0,,0.0,0.0,0.0,,,0.0,0,0.07268341763133024,,0.0,0.35895856546512667,0.999999,2022.0,2022.0,0.0004407318153442678,0.9863636,-4585802.0,,0.0,3.0
0x9fbbf965679f7065b9ce9a6b9054cf725a000fa6,0.026255425782184528,0.023869261,0,1.759823,2,1764833115,0.03306614251332799,0.034068146521344024,0.03306614251332799,0.03306614251332799,0.048179634855398494,-0.05735553779777521,0.03306614251332799,-0.05489576706608223,0.0,,0.03306614251332799,0.04330423497957805,0.03306614251332799,-0.05274251015551789,-0.05384251015551789,,1,0.07268341763133024,-0.0037245583637913688,0.03306614251332799,0.9969493027150615,1.699989,9591285.0,9591285.0,2.185780836802615,1308.0206702941175,5203249.0,,0.6923076923076923,13.0
0x17d9b52c7a3d9594b7d36c74aea1586e62ca72a1,0.026243566457011182,0.023769798,0,1000.0,2,1765021203,0.0,-0.0010020040080160326,0.0,0.0,-0.0014170476576884727,0.0,0.0,0.0,1.0,,0.0,0.0,0.0,,,0.0,0,0.07268341763133024,,0.0,1.0,1.0,158.0,158.0,3.452703641771945e-05,1.0,-4575966.0,,0.0,1.0
0x240751647de7758ceddb4eb3d0aa6754fa199508,0.02623429299316698,0.023691991,0,40000.0,3,1765017299,0.0,-0.0010020040080160326,0.0,0.0,-0.0016529221117893731,0.0,0.0,0.0,1.0,,0.0,0.0,0.0,,,0.0,0,0.07268341763133024,,0.0,0.3320481459355701,100.0,756572.0,756572.0,0.16547147775041446,185.2208045263158,-3815648.0,,0.0,8.0
0x8c75ba7093add6020412810e5c36ae6f2fb3efb7,0.02621939224728356,0.023566915,0,1000.0,2,1765091303,0.0,-0.0010020040080160326,0.0,0.0,-0.0014170476576884727,0.0,0.0,0.0,1.0,,0.0,0.0,0.0,,,0.0,0,0.07268341763133024,,0.0,0.3333333333334074,1.0,4924.0,4924.0,0.0010597853224467869,0.9999996666666666,-4641300.0,,0.0,3.0
0xd6ac95e2a69d1db9b88b9f09a5f1eb5e76d30469,0.026208954429115427,0.023479259,0,22264.198008,38,1764824465,0.00517254223477266,0.005684819386109787,0.00517254223477266,0.00517254223477266,0.04522050206482867,-0.049786053270497975,0.00517254223477266,-0.04630304596318621,0.0,51.447257306000104,0.006661672483139725,-0.029615840683435965,0.008150802731506788,-0.06784098678191156,-0.06860471812943957,,1,0.07268341763133024,-0.001889225684812484,0.00517254223477266,0.15594538850121314,79.29831100000001,238385.0,238385.0,0.054433429709096204,1006.7526480312499,-4141001.0,0.0,0.4117647058823529,34.0
0xb1ee7f3c123042a53d72d7fd21a727544e6a91c4,0.02620805855330906,0.023471734,0,5000.0,4,1765125355,0.0,-0.0010020040080160326,0.0,0.0,-0.0019011689339689666,0.0,0.0,0.0,1.0,,0.0,0.0,0.0,,,0.0,0,0.07268341763133024,,0.0,0.5,1.0,172.0,172.0,3.674996944624633e-05,1.0,-4680104.0,,0.0,2.0
0x5b6e876e1a6f9fb99982ead74292986dff8d7f3b,0.026207446314732288,0.02346659,0,27202.5968,7,1764874037,-0.002217379993291672,-0.0032193840013077044,-0.002217379993291672,-0.002217379993291672,-0.00837769759460453,0.0,-0.002217379993291672,0.0,0.6015969769474362,,-0.002217379993291672,0.0,-0.002217379993291672,,,-0.02420000000000002,0,0.07268341763133024,,-0.002217379993291672,1.0,32.73,48.0,48.0,1.0837763645534684e-05,32.73,-4428910.0,,0.0,1.0
0xddd236b21c5736a756a87b35fcd79b7781121b9c,0.02619939559702858,0.023398954,0,3000.0,4,1765036013,0.0,-0.0010020040080160326,0.0,0.0,-0.0019751474141352495,0.0,0.0,0.0,1.0,,0.0,0.0,0.0,,,-5.551115123125783e-18,0,0.07268341763133024,,0.0,1.0,1.0,188.0,188.0,4.095027286386604e-05,1.0,-4590746.0,,0.0,1.0
0x8e6d18db00decb3d7b47750e222223ccfb784e22,0.026198346644626613,0.02339014,0,2499.956116,4,1764834945,0.005055140662212709,0.006057144670228741,0.005055140662212709,0.005055140662212709,0.009879593401780061,-0.09004088578466447,0.005055140662212709,-0.0863043388101028,0.0,,0.005055140662212709,0.0033956605765636644,0.005055140662212709,-0.08235236901841082,-0.08578297954928402,,1,0.07268341763133024,-0.004112842618419272,0.005055140662212709,0.11813289087705721,1173.394,5431344.0,5431344.0,1.2372459660499888,766.3686773870968,1041478.0,,0.3333333333333333,15.0
0x080f952871a49af3a65c42fb6e503d762fd1e273,0.02618924207176456,0.023313623,0,1000.0,2,1765001465,0.0,-0.0010020040080160326,0.0,0.0,-0.0014170476576884727,0.0,0.0,0.0,1.0,,0.0,0.0,0.0,,,-2.2204460492503132e-17,0,0.07268341763133024,,0.0,0.3333333333333333,1.0,86.0,86.0,1.887460807754216e-05,1.0,-4556300.0,0.0,0.0,3.0
0xc5282f00347d23fc2410a26e2485057ea34073e9,0.026185744234773305,0.02328422,0,18999.999999999996,4,1765009005,-4.261258106796099e-17,-0.0010020040080160751,-4.261258106796099e-17,-4.261258106796099e-17,-0.0016886705216010824,0.0,-4.261258106796099e-17,0.0,1.0,,-4.261258106796099e-17,0.0,-4.261258106796099e-17,,,-1.1102230246251566e-17,0,0.07268341763133024,,-4.261258106796099e-17,1.0,19.0,36.0,36.0,7.887945597715651e-06,19.0,-4563890.0,0.0,0.0,1.0
0x888d31e6e0de77819952937fdcc1ba7a2db8de2d,0.02617396182463146,0.023185145,0,1.999996,2,1764838387,0.002004983039074441,0.0030069870470904735,0.002004983039074441,0.002004983039074441,0.004252521863875572,-0.09109892677128903,0.002004983039074441,-0.08989440681808772,0.0,,0.002004983039074441,-0.0017944090468411688,0.002004983039074441,-0.08548988841320912,-0.08888988841320913,,1,0.07268341763133024,-0.004843156500621042,0.002004983039074441,1.0,0.999998,110.0,110.0,2.503808064447109e-05,0.999998,-4393198.0,,0.0,1.0
0xe6a21622ad4b56e680267b2d985721009ae0d20c,0.02617396182463146,0.023185145,0,39.999996,2,1764843831,0.002004031142837479,0.0030060351508535118,0.002004031142837479,0.002004031142837479,0.004251175679307289,-0.09049996763737657,0.002004031142837479,-0.09019545645515034,0.0,,0.002004031142837479,-0.0004954581517530479,0.002004031142837479,-0.08739094056885019,-0.08919093948600611,,1,0.07268341763133024,-0.005998249113841973,0.002004031142837479,1.0,19.999998,124.0,124.0,2.8189813838106807e-05,19.999998,-4398628.0,,0.0,1.0
0x21cbf60a2e86c0a2cd6e1cb82c0d001ae565a88c,0.026163263331438744,0.023095148,0,1000.0,2,1765148235,0.0,-0.0010020040080160326,0.0,0.0,-0.0014170476576884727,0.0,0.0,0.0,1.0,,0.0,0.0,0.0,,,3.3306690738754695e-17,0,0.07268341763133024,,0.0,0.36041631952251396,1.999999,26164.0,26164.0,0.0055630729663230395,1.9569529999999997,-4676992.0,,0.5,4.0
0xba0fc862de1d0919396f2859d791d9e6573a20ef,0.026158927310888248,0.023058662,0,2.99985,3,1764320063,0.3333333333333332,0.3336673346693385,0.3333333333333332,0.3333333333333332,0.5779287764733826,0.0057999999999994115,0.3333333333333332,0.005799999999999999,0.0,0.0,0.3333333333333332,-1.4456028966473392e-20,0.3333333333333332,0.2159999999999993,0.2246999999999993,,1,0.07268341763133024,0.10513337245880686,0.3333333333333332,0.6280086661342495,1.0,4601504.0,4601504.0,1.1874898064095232,6.6086927826086965,726520.0,,0.3888888888888889,17.0
0xd0a35d545e970d34ad4be444459c97a276405a2f,0.026139603914040483,0.022895994,0,6.9642,3,1764793795,0.32781692417092234,0.32817247398021837,0.32781692417092234,0.32781692417092234,0.5509176108199524,4.998474193548387,0.32781692417092234,4.989396774193548,0.0,2.766,0.4023207705734047,5.001387096774193,0.4768246169758871,7.3736000226790885,7.3732999999999995,,1,0.07268341763133024,0.004618248681000509,0.32781692417092234,0.035012932401536634,5.112,2134622.0,2134622.0,0.49086259024502865,11.213018048843185,-2214094.0,,0.7404580152671756,131.0
0x043252388a82aad1445bfb6ed9aaf35b1a8ee771,0.026109961706617266,0.022646232,0,10000.0,3,1765122045,0.0,-0.0010020040080160324,0.0,0.0,-0.0016536797932862517,0.0,0.0,0.0,1.0,,0.0,0.0,0.0,,,0.0,0,0.07268341763133024,,0.0,0.5306124416910372,0.999999,678.0,678.0,0.00014496577482068503,2.7999994,-4676288.0,,0.0,5.0
0x23332ca1da94384d1c5f1a321d8b3053cecc7c71,0.026109844829611175,0.022645246,0,8000.0,14,1765038581,0.0,-0.001002004008016033,0.0,0.0,-0.0037145358528923355,0.0,0.0,0.0,1.0,,0.0,0.0,0.0,,,0.0,0,0.07268341763133024,,0.0,0.4266231861462681,1.999999,11352.0,11352.0,0.0024713170909689383,2.3270196,-4582150.0,,0.0,3.0
0x74cc3d6d394a3e0f2e53c72ce26a84adc10565ed,0.026091128324264544,0.0224874,0,3750.0,6,1764888453,-0.0030060120240480983,-0.0040080160320641305,-0.0030060120240480983,-0.0030060120240480983,-0.009817594159451621,0.0,-0.0030060120240480983,0.0,0.0,,-0.0030060120240480983,0.0,-0.0030060120240480983,,,-0.02420000000000002,0,0.07268341763133024,,-0.0030060120240480983,0.8828125,40.0,2336.0,2336.0,0.0005257266212567297,40.0,-4441038.0,,0.0,2.0
0xbc19f72c0ad753c4ac3c3aac8f92880b92618cd0,0.026089776713151477,0.022475997,0,2000.0,6,1764861225,-0.0005010020040080163,-0.001503006012024049,-0.0005010020040080163,-0.0005010020040080163,-0.0038360993233929786,0.0,-0.0005010020040080163,0.0,1.0,,-0.0005010020040080163,0.0,-0.0005010020040080163,,,-0.00769999999640002,0,0.07268341763133024,,-0.0005010020040080163,1.0,1.0,40.0,40.0,9.057671553431431e-06,1.0,-4416106.0,,0.0,1.0
0x1d8ce3efb2c57905962b455863f873381ea286ec,0.026062844811647532,0.022248661,0,1000.0,2,1765061499,0.0,-0.0010020040080160326,0.0,0.0,-0.0014170476576884727,0.0,0.0,0.0,1.0,,0.0,0.0,0.0,,,-1.1102230246251566e-17,0,0.07268341763133024,,0.0,0.2602465146171502,1.999999,8178.0,8178.0,0.001771502592918322,2.4941106666666664,-4608242.0,,0.3333333333333333,6.0
0xc1f015bc9fa5d88e280dd2c035b5b8aca698615b,0.026057644039563548,0.022204734,0,4000.0,8,1765131753,0.0,-0.0010020040080160326,0.0,0.0,-0.002834095315376946,0.0,0.0,0.0,1.0,,0.0,0.0,0.0,,,0.0,0,0.07268341763133024,,0.0,1.0,1.0,516.0,516.0,0.00011009940098244511,1.0,-4686158.0,,0.0,1.0
0xd1806b51ef26ff8161c8247a508f8bfb79b9e843,0.02604424286448693,0.022091506,0,6.0,2,1764953485,-0.0010020040080160326,-0.0020040080160320653,-0.0010020040080160326,-0.0010020040080160326,-0.0028340953153769455,0.0,-0.0010020040080160326,0.0,1.0,,-0.0010020040080160326,0.0,-0.0010020040080160326,,,-0.008000000000000007,0,0.07268341763133024,,-0.0010020040080160326,1.0,3.0,78.0,78.0,1.730101503724376e-05,3.0,-4508328.0,0.0,0.0,1.0
0xb7144c228aec6a2e986b8337a50a8ab40eae7df9,0.02604424286448693,0.022091506,0,500.0,2,1764871017,-0.0010020040080160326,-0.0020040080160320653,-0.0010020040080160326,-0.0010020040080160326,-0.002834095315376946,0.0,-0.0010020040080160326,0.0,1.0,,-0.0010020040080160326,0.0,-0.0010020040080160326,,,-0.008000000000000007,0,0.07268341763133024,,-0.0010020040080160326,1.0,1.0,38.0,38.0,8.58575063636228e-06,1.0,-4425900.0,,0.0,1.0
0x30df30cc05aa926b5891b50956fa28107218ebe3,0.02604424286448693,0.022091506,0,2215.0,2,1764873073,-0.0010020040080159771,-0.0020040080160320098,-0.0010020040080159771,-0.0010020040080159771,-0.0028340953153768666,0.0,-0.0010020040080159771,0.0,1.0,,-0.0010020040080159771,0.0,-0.0010020040080159771,,,-0.007999999999999546,0,0.07268341763133024,,-0.0010020040080159771,1.0,4.43,66.0,66.0,1.4905169248196813e-05,4.43,-4427928.0,,0.0,1.0
0xd4ba0d2e9f175b4c4d9f2f6277839b83191d00cc,0.02604424286448693,0.022091506,0,5896.239999,6,1764849209,-0.0006316981207469539,-0.0016337021287629863,-0.0006316981207469539,-0.0006316981207469539,-0.00451863757956983,0.0,-0.0006316981207469539,0.0,0.9972457025150342,,-0.0006316981207469539,0.0,-0.0006316981207469539,,,-0.015999997577967506,0,0.07268341763133024,,-0.0006316981207469539,1.0,3.0,34.0,34.0,7.720026429737541e-06,3.0,-4404096.0,,0.0,1.0
0x587c1255d284a0a82d8f7658a88b6fd84a11a7ea,0.02604424286448693,0.022091506,0,7500.0,2,1764872387,-0.0010020040080160326,-0.0020040080160320653,-0.0010020040080160326,-0.0010020040080160326,-0.0028340953153769455,0.0,-0.0010020040080160326,0.0,1.0,,-0.0010020040080160326,0.0,-0.0010020040080160326,,,-0.008000000000000007,0,0.07268341763133024,,-0.0010020040080160326,1.0,15.0,46.0,46.0,1.03900609580359e-05,15.0,-4427262.0,,0.0,1.0
0xe930cea4fffdc860f82dedeee3987ef95e231dd8,0.02604424286448693,0.022091506,0,9700.0,2,1764869085,-0.0010020040080160326,-0.0020040080160320653,-0.0010020040080160326,-0.0010020040080160326,-0.0028340953153769455,0.0,-0.0010020040080160326,0.0,1.0,,-0.0010020040080160326,0.0,-0.0010020040080160326,,,-0.008000000000000018,0,0.07268341763133024,,-0.0010020040080160326,1.0,19.4,50.0,50.0,1.1301973821916154e-05,19.4,-4423956.0,,0.0,1.0
0x74199a6babbfb3a8e1b03d1bd225df36680cd2fb,0.02604424286448693,0.022091506,0,2339.333332,12,1764877439,-0.000637638641663496,-0.0016396426496795289,-0.000637638641663496,-0.000637638641663496,-0.006136710505885112,0.0,-0.000637638641663496,0.0,0.8566543179576257,,-0.000637638641663496,0.0,-0.000637638641663496,,,-0.008000000000000007,0,0.07268341763133024,,-0.000637638641663496,1.0,1.0,34.0,34.0,7.670857060347083e-06,1.0,-4432326.0,,0.0,1.0
0x3a3e8b9aa4e97209309429c6e61da6266abb3716,0.026032724219179806,0.021994138,0,2.0,2,1764864909,-0.0010020040080160326,-0.0020040080160320653,-0.0010020040080160326,-0.0010020040080160326,-0.002834095315376946,0.0,-0.0010020040080160326,0.0,1.0,,-0.0010020040080160326,0.0,-0.0010020040080160326,,,-0.007099999999999118,0,0.07268341763133024,,-0.0010020040080160326,1.0,1.0,88.0,88.0,1.9910268041983514e-05,1.0,-4419742.0,,0.0,1.0
0x466a5328a1a9baca1966c8336325b50110c7e176,0.026029892582802618,0.021970196,0,15.999996,2,1764895595,0.0030060734008130465,0.004008077408829079,0.0030060734008130465,0.0030060734008130465,0.005668277430607295,-0.09049389901175407,0.0030060734008130465,-0.08989390201777235,0.0,,0.0030060734008130465,0.0013061100659299883,0.0030060734008130465,0.003918170699908102,-0.08788184155089418,,1,0.07268341763133024,-0.01698138909010359,0.0030060734008130465,1.0,7.999998,2500.0,2500.0,0.0005617326170718182,7.999998,-4448016.0,,0.0,1.0
0xc5576a43c6916876b8c1b27c1cf53833442ddf6f,0.026026287713913843,0.021939712,0,10500.0,2,1765011703,0.0,-0.0010020040080160326,0.0,0.0,-0.001417047657688473,0.0,0.0,0.0,1.0,,0.0,0.0,0.0,,,0.0,0,0.07268341763133024,,0.0,1.0,10.5,662.0,662.0,0.0001449648580658272,10.5,-4565962.0,,0.0,1.0
0xddd23b4292736caa5dea9faa17f726bb05f6063f,0.026026287713913843,0.021939712,0,3000.0,6,1765034941,0.0,-0.0010020040080160326,0.0,0.0,-0.0024543985398629057,0.0,0.0,0.0,1.0,,0.0,0.0,0.0,,,0.0,0,0.07268341763133024,,0.0,1.0,1.0,608.0,608.0,0.0001324658562719315,1.0,-4589254.0,0.0,0.0,1.0
0xc59365f942a47b30b2ffe61f46528f53e79a80fb,0.026025621903787568,0.02193408,0,1000.0,2,1765022309,0.0,-0.0010020040080160326,0.0,0.0,-0.0014170476576884727,0.0,0.0,0.0,1.0,,0.0,0.0,0.0,,,0.0,0,0.07268341763133024,,0.0,1.0,1.0,1296.0,1296.0,0.0002831406767848677,1.0,-4575934.0,,0.0,1.0
0x63183d18fe9c401a435aaa26ab80032811bae90a,0.026024336582538287,0.02192321,0,1000.0,2,1765019169,0.0,-0.0010020040080160326,0.0,0.0,-0.0014170476576884727,0.0,0.0,0.0,1.0,,0.0,0.0,0.0,,,0.0,0,0.07268341763133024,,0.0,0.25000006250005863,1.0,1748.0,1748.0,0.0003821525155823344,1.5999994,-4572342.0,,0.0,5.0
0xee4cc492b23466112017a6c0782886489e6383e6,0.026020249557061843,0.021888642,0,2.999996,2,1764983699,3.336676684227653e-07,0.0010023376756844553,3.336676684227653e-07,3.336676684227653e-07,0.0014175195350304816,-0.00019963449544128912,3.336676684227653e-07,-0.08999963319934115,0.0,,3.336676684227653e-07,-9.96331993411394e-05,3.336676684227653e-07,-9.96331993412506e-05,-0.08999963319934126,,1,0.07268341763133024,-0.035675048089959735,3.336676684227653e-07,0.08218165432074376,797.8025,2559226.0,2559226.0,0.5638775663087018,764.649998975,-1979394.0,,0.44,25.0
0xb08f6a09fa946ed8fe8a71d9c834d18ad2a74ab7,0.02600674032797377,0.02177434,0,580.0390419999998,19,1764806187,-1.3708872783459306e-08,2.741774556691861e-08,-1.3708872783459306e-08,-1.3708872783459306e-08,7.412515220735302e-06,0.5450220941106371,-1.3708872783459306e-08,0.5428217936904968,0.0,5.797938365538462,0.015538990035308928,0.5442412586319743,0.03107799377949064,2.820861864529994,2.764821863699134,-0.2346999685173776,3,0.07268341763133024,0.0019889489633234756,-1.3708872783459306e-08,0.3138907713471767,4.1738990000000005,18190.0,18190.0,0.004170958389473501,3.965530841463415,-4342918.0,0.0,0.0,10.0
0xd6fe785637b8c9859fed94f64b341d5222b3a6a9,0.02599962202907736,0.02171409,0,1.002,2,1764889223,0.0010020040080160326,0.0020040080160320653,0.0010020040080160326,0.0010020040080160326,0.002834095315376946,-0.0917,0.0010020040080160326,-0.09240300751753945,0.0,,0.0010020040080160326,-0.0007030075175394624,0.0010020040080160326,0.0010030075175394627,-0.09039699248246054,,1,0.07268341763133024,-0.01562939604612053,0.0010020040080160326,1.0,0.999996,72.0,72.0,1.6201095194035115e-05,0.999996,-4444072.0,0.0,0.0,1.0
0x0e4b48bbcd0868659d9296869d62e819fd06db7e,0.025996873540187995,0.021690821,0,56.574765,13,1764825083,-0.002767049924657011,-0.0029647190127112377,-0.002767049924657011,-0.002767049924657011,-0.006691380165101873,0.0,-0.002767049924657011,0.0,0.0,0.42738193666666585,-0.0025721176976625576,0.0,-0.0023771854706681043,,,0.13539999999999985,1,0.07268341763133024,-0.00203690100788408,-0.002767049924657011,1.0,1.936799,130.0,130.0,2.9680338191471972e-05,1.936799,-4379874.0,,0.0,1.0
0x208544634c38405b5f39b8080722302adfe2b49d,0.025995570461011263,0.021679789,0,500.0,2,1764985345,-0.0010020040080160326,-0.0020040080160320653,-0.0010020040080160326,-0.0010020040080160326,-0.002834095315376946,0.0,-0.0010020040080160326,0.0,1.0,,-0.0010020040080160326,0.0,-0.0010020040080160326,,,-0.008100000000000007,0,0.07268341763133024,,-0.0010020040080160326,0.7083333124999988,1.0,2104.0,2104.0,0.0004634089720734424,3.999999666666667,-4538162.0,,0.0,3.0
0xe96ec7795b640079b64e17b7e9053e32b3cccddc,0.025994983513141046,0.02167482,0,2500.0,2,1764862217,-0.0010020040080160326,-0.0020040080160320653,-0.0010020040080160326,-0.0010020040080160326,-0.0028340953153769455,0.0,-0.0010020040080160326,0.0,1.0,,-0.0010020040080160326,0.0,-0.0010020040080160326,,,-0.007399999999999118,0,0.07268341763133024,,-0.0010020040080160326,1.0,5.0,148.0,148.0,3.350585831821419e-05,5.0,-4416990.0,,0.0,1.0
0x7208bf513aa7a0bb59484cfe0d0e8fb78d8fe4d7,0.025994983513141046,0.02167482,0,4028.0,14,1764952425,-0.0006376389141920209,-0.0016396429222080536,-0.0006376389141920209,-0.0006376389141920209,-0.00597364035260273,0.0,-0.0006376389141920209,0.0,1.0,,-0.0006376389141920209,0.0,-0.0006376389141920209,,,-0.007700000000000007,0,0.07268341763133024,,-0.0006376389141920209,1.0,1.0,146.0,146.0,3.2391567010830766e-05,1.0,-4507200.0,,0.0,1.0
0x2994231537e0115b883c5092fc290ce76886fde2,0.025988993554580862,0.021624098,0,3056.666666,4,1764867847,-0.0016761984725574026,-0.002678202480573435,-0.0016761984725574026,-0.0016761984725574026,-0.005108121095076204,0.0,-0.0016761984725574026,0.0,0.3271537623396191,,-0.0016761984725574026,0.0,-0.0016761984725574026,,,-0.01184999799226134,0,0.07268341763133024,,-0.0016761984725574026,1.0,2.0,106.0,106.0,2.39668913223574e-05,2.0,-4422662.0,,0.0,1.0
0x3ab7647d224f3d6cbea789bf58880dc0639cd252,0.025980944828622215,0.021555925,0,33333.333333,2,1764945261,-0.0020040080011222597,-0.0030060120091382923,-0.0020040080011222597,-0.0020040080011222597,-0.00425114295197977,0.0,-0.0020040080011222597,0.0,0.0,,-0.0020040080011222597,0.0,-0.0020040080011222597,,,-0.01569999987649613,0,0.07268341763133024,,-0.0020040080011222597,1.0,100.0,268.0,268.0,5.9553146961611775e-05,100.0,-4499914.0,,0.0,1.0
0x6bab41a0dc40d6dd4c1a915b8c01969479fd1292,0.025980337094414347,0.021550776,0,38202.923467,59,1764192773,0.5706997663298854,0.5718344563988981,0.5706997663298854,0.5706997663298854,2.702420693968934,0.521010179638478,0.5706997663298854,0.01916629245149111,0.0,4034.4312,0.5789070812332358,0.02354304612580091,0.5871143961365861,2.22788289494133,2.223829373730487,,5,0.07268341763133024,0.13214140676021982,0.5706997663298854,0.0,0.0,43983916.0,43983916.0,11.736261284939486,0.0,40236222.0,0.0,,0.0
0x3c1b184b6244f47e3da9329c88e2808bb4abc826,0.025943717645010245,0.021240342,0,10000.0,2,1764872461,-0.0010020040080160326,-0.0020040080160320653,-0.0010020040080160326,-0.0010020040080160326,-0.0028340953153769455,0.0,-0.0010020040080160326,0.0,1.0,,-0.0010020040080160326,0.0,-0.0010020040080160326,,,-0.008100000000000007,0,0.07268341763133024,,-0.0010020040080160326,1.0,20.0,4430.0,4430.0,0.0010005913201074584,20.0,-4422952.0,,0.0,1.0
0xa7bec67a20dca08c87ae5c2630e6014da931f3ec,0.02593244902283338,0.02114473,0,8350.0,8,1764935205,-0.002034008136032535,-0.0030360121440485667,-0.002034008136032535,-0.002034008136032535,-0.008542830478887492,0.0,-0.002034008136032535,0.0,0.32335329341317365,,-0.002034008136032535,0.0,-0.002034008136032535,,,-0.024100000299700018,0,0.07268341763133024,,-0.002034008136032535,1.0,14.0,56.0,56.0,1.2471810367905043e-05,14.0,-4490070.0,,0.0,1.0
0xc92421af7b3d0675402f3a0e8c3c554a3eb2daa1,0.025917984528534825,0.02102194,0,3000.0,4,1765083793,0.0,-0.0010020040080160326,0.0,0.0,-0.0019751474141352495,0.0,0.0,0.0,1.0,,0.0,0.0,0.0,,,0.0,0,0.07268341763133024,,0.0,1.0,1.0,29334.0,29334.0,0.006323735414599822,1.0,-4609380.0,,0.0,1.0
0xfe4a624eda9af93374f26b7ee1cc2b9c9656e38b,0.025917046786429938,0.021013977,0,2500.0,2,1764857225,-0.0010020040080160326,-0.0020040080160320653,-0.0010020040080160326,-0.0010020040080160326,-0.0028340953153769455,0.0,-0.0010020040080160326,0.0,1.0,,-0.0010020040080160326,0.0,-0.0010020040080160326,,,-0.007400000000000006,0,0.07268341763133024,,-0.0010020040080160326,0.34375,10.0,3428.0,3428.0,0.0007769461844644306,8.0,-4408718.0,,0.0,4.0
0x38cea554ef8974b29a273eb150bff1fa6a3a999f,0.025905650650486056,0.020917185,0,5000.0,2,1765132125,0.0,-0.0010020040080160326,0.0,0.0,-0.0014170476576884727,0.0,0.0,0.0,1.0,,0.0,0.0,0.0,,,0.0,0,0.07268341763133024,,0.0,1.0,5.0,34650.0,34650.0,0.007392716009187877,5.0,-4652396.0,,0.0,1.0
0x3a3cc7162f268aa554bd806439df334d02f09460,0.025905650650486056,0.020917185,0,1000.0,2,1765067322,0.0,-0.0010020040080160326,0.0,0.0,-0.0014170476576884727,0.0,0.0,0.0,1.0,,0.0,0.0,0.0,,,0.0,0,0.07268341763133024,,0.0,1.0,1.0,35351.0,35351.0,0.00764801850530143,1.0,-4586892.0,0.0,0.0,1.0
0x16a13d1215ffa55f08666c29dc03ca86b91e863a,0.025904724085990306,0.020909313,0,1422.5581200000001,14,1764808489,-0.8879149014412628,-0.8889169054492789,-0.8879149014412628,-0.8879149014412628,-2.8747862054979514,0.0,-0.8879149014412628,0.0,0.0,,-0.8879149014412628,0.0,-0.8879149014412628,,,-1.0512948099740487,0,0.07268341763133024,,-0.8879149014412628,0.9346542551739099,206.999999,76026.0,76026.0,0.017423528845558863,206.999999,-4287384.0,,0.0,2.0
0xd594abd97f1b5e7680378f84cafd320875928153,0.025898271478751383,0.020854488,0,4.999999,2,1764918763,-0.002004007416032111,-0.0030060114240481437,-0.002004007416032111,-0.002004007416032111,-0.004251142124537346,0.0,-0.002004007416032111,0.0,0.0,,-0.002004007416032111,0.0,-0.002004007416032111,,,-0.016099995149720388,0,0.07268341763133024,,-0.002004007416032111,0.6800000000000002,6.25,2482.0,2482.0,0.0005548000261082365,6.25,-4471202.0,0.0,0.0,2.0
0xfe6bfb69f8d53c6f0157c6fb5711416c80141cde,0.02586849170416292,0.02060129,0,68.266666,3,1764958241,-0.001145146371825278,-0.0021471503798413103,-0.001145146371825278,-0.001145146371825278,-0.0036335830603872504,0.0,-0.001145146371825278,0.0,0.01171875011444092,,-0.001145146371825278,0.0,-0.001145146371825278,,,-0.008885714349234764,0,0.07268341763133024,,-0.001145146371825278,0.5555554814814814,1.0,11716.0,11716.0,0.0025959626532351377,0.9999996666666666,-4501446.0,,0.0,2.0
0x34ab62d4717796662f221a5c3d6e541b981df515,0.025866985364120205,0.020588474,0,6480.0,2,1764974109,-0.0020040080160320098,-0.0030060120240480424,-0.0020040080160320098,-0.0020040080160320098,-0.00425114297306534,0.0,-0.0020040080160320098,0.0,0.0,,-0.0020040080160320098,0.0,-0.0020040080160320098,,,-0.01600000005969958,0,0.07268341763133024,,-0.0020040080160320098,1.0,19.44,2780.0,2780.0,0.0006138179698522642,19.44,-4526250.0,,0.0,1.0
0xcf766c1dd49a06ebc681916b589690a9bdb9fd54,0.025857068859926845,0.020504093,0,3333.333333,2,1764962607,-0.0020040078669338966,-0.0030060118749499288,-0.0020040078669338966,-0.0020040078669338966,-0.004251142762208766,0.0,-0.0020040078669338966,0.0,0.0,,-0.0020040078669338966,0.0,-0.0020040078669338966,,,-0.016099998794721126,0,0.07268341763133024,,-0.0020040078669338966,1.0,10.0,26.0,26.0,5.755360011050292e-06,10.0,-4517502.0,,0.0,1.0
0xf7640327547d52900a32fe33667de0fc78ca1919,0.025857068859926845,0.020504093,0,6.0,2,1764923159,-0.0020040080160320653,-0.003006012024048098,-0.0020040080160320653,-0.0020040080160320653,-0.0042511429730654185,0.0,-0.0020040080160320653,0.0,0.0,,-0.0020040080160320653,0.0,-0.0020040080160320653,,,-0.01600000001492502,0,0.07268341763133024,,-0.0020040080160320653,1.0,3.0,52.0,52.0,1.1612119479777048e-05,3.0,-4478028.0,0.0,0.0,1.0
0xd1c755cda4d7195010e8811d62d5685bdb1b2b20,0.025857068859926845,0.020504093,0,699.999999,4,1764910037,-0.002004006597480676,-0.003006010605496709,-0.002004006597480676,-0.002004006597480676,-0.006010315911093845,0.0,-0.002004006597480676,0.0,0.0,,-0.002004006597480676,0.0,-0.002004006597480676,,,-0.015099988788209125,0,0.07268341763133024,,-0.002004006597480676,1.0,1.1,56.0,56.0,1.2542111258381378e-05,1.1,-4464902.0,,0.0,1.0
0xa1f23cf958fba7e8154803dfb7a4f0a83f1a80b6,0.025857068859926845,0.020504093,0,1076.666666,2,1764951535,-0.0020040075553583708,-0.0030060115633744034,-0.0020040075553583708,-0.0020040075553583708,-0.0042511423215744314,0.0,-0.0020040075553583708,0.0,0.0,,-0.0020040075553583708,0.0,-0.0020040075553583708,,,-0.016099996276006,0,0.07268341763133024,,-0.0020040075553583708,1.0,3.23,42.0,42.0,9.319962294095404e-06,3.23,-4506414.0,,0.0,1.0
0x3d24f97ebd746ccf17c2cad3bc434518baf1e856,0.025857068859926845,0.020504093,0,1.9999989999999999,2,1764921069,-0.002004006516032097,-0.0030060105240481295,-0.002004006516032097,-0.002004006516032097,-0.004251140851745119,0.0,-0.002004006516032097,0.0,0.0,,-0.002004006516032097,0.0,-0.002004006516032097,,,-0.015999987573841454,0,0.07268341763133024,,-0.002004006516032097,1.0,1.0,16.0,16.0,3.5746281828154217e-06,1.0,-4475974.0,0.0,0.0,1.0
0x921e086e645e66e268739d183abfd119d3dd101b,0.025857068859926845,0.020504093,0,1.9999989999999999,2,1764928241,-0.002004006516032097,-0.0030060105240481295,-0.002004006516032097,-0.002004006516032097,-0.004251140851745119,0.0,-0.002004006516032097,0.0,0.0,,-0.002004006516032097,0.0,-0.002004006516032097,,,-0.015999987574360264,0,0.07268341763133024,,-0.002004006516032097,1.0,1.0,66.0,66.0,1.472175219186815e-05,1.0,-4483096.0,0.0,0.0,1.0
0xa153dfc58d892b6a3b3b1c7bb6d74ac55b959e1a,0.025857068859926845,0.020504093,0,333.333333,2,1764933603,-0.0020040065250501006,-0.0030060105330661333,-0.0020040065250501006,-0.0020040065250501006,-0.004251140864498503,0.0,-0.0020040065250501006,0.0,0.0,,-0.0020040065250501006,0.0,-0.0020040065250501006,,,-0.015999987648400008,0,0.07268341763133024,,-0.0020040065250501006,1.0,1.0,68.0,68.0,1.5149746330865112e-05,1.0,-4488456.0,0.0,0.0,1.0
0xa81714da5f6eb39d822ee45dbaf5963cb3aa3371,0.025857068859926845,0.020504093,0,633.445833,5,1764850815,-0.0021616564247990966,-0.0031636604328151297,-0.0021616564247990966,-0.0021616564247990966,-0.007028702325111355,0.0,-0.0021616564247990966,0.0,0.0,,-0.0021616564247990966,0.0,-0.0021616564247990966,,,-0.01609993422915531,0,0.07268341763133024,,-0.0021616564247990966,1.0,1.0,22.0,22.0,4.9934903044576435e-06,1.0,-4405714.0,,0.0,1.0
0x2ea2266f29a8087772b1f77853e12a1784f45b04,0.025857068859926845,0.020504093,0,19999.999998,6,1764913293,-0.002004007941633217,-0.0030060119496492497,-0.002004007941633217,-0.002004007941633217,-0.0073631954373495,0.0,-0.002004007941633217,0.0,0.0,,-0.002004007941633217,0.0,-0.002004007941633217,,,-0.015399998761224526,0,0.07268341763133024,,-0.002004007941633217,1.0,20.0,56.0,56.0,1.2532971786937688e-05,20.0,-4468158.0,,0.0,1.0
0x4083134a205c4eab76b6c0223ff085e968f222b2,0.02584643520205414,0.020413574,0,3333.3333329999996,4,1764930113,-0.0020040078669338935,-0.0030060118749499257,-0.0020040078669338935,-0.0020040078669338935,-0.0057165672842272855,0.0,-0.0020040078669338935,0.0,0.0,,-0.0020040078669338935,0.0,-0.0020040078669338935,,,-0.016100000000000014,0,0.07268341763133024,,-0.0020040078669338935,1.0,10.0,124.0,124.0,2.764750501333992e-05,10.0,-4484910.0,0.0,0.0,1.0
0x72c666c63c7592c359c6c36f0ebc177485fce4f0,0.02584643520205414,0.020413574,0,333.333333,2,1764944827,-0.0020040065250501006,-0.0030060105330661333,-0.0020040065250501006,-0.0020040065250501006,-0.004251140864498503,0.0,-0.0020040065250501006,0.0,0.0,,-0.0020040065250501006,0.0,-0.0020040065250501006,,,-0.015699987649600004,0,0.07268341763133024,,-0.0020040065250501006,1.0,1.0,120.0,120.0,2.666816008363135e-05,1.0,-4499628.0,0.0,0.0,1.0
0x9e65b64a865ad2d64629e57cd5cdb689b593199e,0.02584643520205414,0.020413574,0,333.333333,2,1764963697,-0.0020040065250501006,-0.0030060105330661333,-0.0020040065250501006,-0.0020040065250501006,-0.004251140864498503,0.0,-0.0020040065250501006,0.0,0.0,,-0.0020040065250501006,0.0,-0.0020040065250501006,,,-0.016199987947200005,0,0.07268341763133024,,-0.0020040065250501006,1.0,1.0,130.0,130.0,2.876985839475698e-05,1.0,-4518488.0,,0.0,1.0
0x5e9efba67923da212093f7b6eb8dfcae0ab5250e,0.02584643520205414,0.020413574,0,1666.666666,2,1764850579,-0.002004007718436839,-0.0030060117264528712,-0.002004007718436839,-0.002004007718436839,-0.004251142552202213,0.0,-0.002004007718436839,0.0,0.0,,-0.002004007718436839,0.0,-0.002004007718436839,,,-0.015999997533999704,0,0.07268341763133024,,-0.002004007718436839,1.0,5.0,112.0,112.0,2.5422766995800705e-05,5.0,-4405388.0,,0.0,1.0
0xf6ecfa6b488352c80130f99c43e5fc631e2fa7f6,0.02584643520205414,0.020413574,0,6666.666664,8,1764964335,-0.002004007718436839,-0.0030060117264528712,-0.002004007718436839,-0.002004007718436839,-0.008502285104404428,0.0,-0.002004007718436839,0.0,0.0,,-0.002004007718436839,0.0,-0.002004007718436839,,,-0.016099997594299725,0,0.07268341763133024,,-0.002004007718436839,1.0,5.0,86.0,86.0,1.9029680991738464e-05,5.0,-4519170.0,,0.0,1.0
0x1858771346e6f7c29e49e6aba62c1438af16110c,0.025836880206024884,0.020332206,0,400.0,2,1764898533,-0.0040080160320641305,-0.005010020040080163,-0.0040080160320641305,-0.0040080160320641305,-0.007085238288442363,0.0,-0.0040080160320641305,0.0,0.0,,-0.0040080160320641305,0.0,-0.0040080160320641305,,,-0.03210000000000004,0,0.07268341763133024,,-0.0040080160320641305,1.0,2.0,68.0,68.0,1.5269047350663103e-05,2.0,-4453386.0,0.0,0.0,1.0
0x505b78da20f5c4594fba398c3090cdb90d7cef03,0.025836880206024884,0.020332206,0,600.0,2,1764900083,-0.0040080160320641305,-0.005010020040080163,-0.0040080160320641305,-0.0040080160320641305,-0.007085238288442363,0.0,-0.0040080160320641305,0.0,0.0,,-0.0040080160320641305,0.0,-0.0040080160320641305,,,-0.0322817666666667,0,0.07268341763133024,,-0.0040080160320641305,1.0,3.0,34.0,34.0,7.631867446134729e-06,3.0,-4454970.0,0.0,0.0,1.0
0xf29a42458142edbc4bb7248d171ad4fcd5e3af2a,0.025836880206024884,0.020332206,0,200.0,2,1764838065,-0.0040080160320641305,-0.005010020040080163,-0.0040080160320641305,-0.0040080160320641305,-0.0070852382884423635,0.0,-0.0040080160320641305,0.0,0.0,,-0.0040080160320641305,0.0,-0.0040080160320641305,,,-0.025099997813550812,0,0.07268341763133024,,-0.0040080160320641305,1.0,1.0,78.0,78.0,1.775557673072484e-05,1.0,-4392908.0,,0.0,1.0
0xd6bc99af19d7a5a96390a3403d35e3f010fa0ed7,0.02583436254153557,0.020310761,0,5000.0,2,1765123743,0.0,-0.0010020040080160326,0.0,0.0,-0.0014170476576884727,0.0,0.0,0.0,1.0,,0.0,0.0,0.0,,,0.0,0,0.07268341763133024,,0.0,0.4074074074074074,20.0,758.0,758.0,0.0001620120615628735,15.0,-4677906.0,0.0,0.0,3.0
0x9577f69af10120dc14043cd215fddbda27353de1,0.025831588423156686,0.02028713,0,2986.666666,3,1764895627,-0.0044732320139521595,-0.005475236021968193,-0.0044732320139521595,-0.0044732320139521595,-0.009361173670727255,0.0,-0.0044732320139521595,0.0,0.0,,-0.0044732320139521595,0.0,-0.0044732320139521595,,,-0.03596071431041291,0,0.07268341763133024,,-0.0044732320139521595,1.0,16.32,18.0,18.0,4.044445762634175e-06,16.32,-4450530.0,,0.0,1.0
0xd490d08191169dfb6617ca33ee9066e4d533db14,0.025831588423156686,0.02028713,0,166.666666,2,1764895075,-0.005010017094188359,-0.006012021102204392,-0.005010017094188359,-0.005010017094188359,-0.008502281780010694,0.0,-0.005010017094188359,0.0,0.0,,-0.005010017094188359,0.0,-0.005010017094188359,,,-0.04019997618599987,0,0.07268341763133024,,-0.005010017094188359,1.0,1.0,50.0,50.0,1.1235965155923736e-05,1.0,-4449946.0,0.0,0.0,1.0
0x7f880424a78064b9634f9289dba10a3d42d54ffa,0.02582961455224901,0.020270314,0,9.999996,2,1764895723,0.003006148549935776,0.004008152557951809,0.003006148549935776,0.003006148549935776,0.005668383707515861,-0.09049381835255813,0.003006148549935776,-0.08989381895315836,0.0,,0.003006148549935776,0.001006208297408823,0.003006148549935776,0.0036182689915493426,-0.08788175825901784,,1,0.07268341763133024,-0.01700854777020871,0.003006148549935776,0.531250148437806,3.9999965,2604.0,2604.0,0.0005850838665145988,3.9999965,-4448040.0,,0.0,2.0
0xdd3288a6d0d3eedbef4f63804cd99bd17de85a56,0.02582634207190211,0.020242432,0,751.482856,5,1764848897,-0.0031588834230246083,-0.004160887431040641,-0.0031588834230246083,-0.0031588834230246083,-0.009755663665793713,0.0,-0.0031588834230246083,0.0,0.0,,-0.0031588834230246083,0.0,-0.0031588834230246083,,,-0.04030000000000004,0,0.07268341763133024,,-0.0031588834230246083,1.0,5.0,118.0,118.0,2.6794931125673223e-05,5.0,-4403700.0,,0.0,1.0
0x3ae5e4586a986df64ef2442d16d190b82d63d982,0.025823735788219317,0.020220224,0,2.0,2,1764880737,-0.0010020040080160326,-0.0020040080160320653,-0.0010020040080160326,-0.0010020040080160326,-0.002834095315376946,0.0,-0.0010020040080160326,0.0,1.0,,-0.0010020040080160326,0.0,-0.0010020040080160326,,,-0.007999999999999974,0,0.07268341763133024,,-0.0010020040080160326,1.0,1.0,13586.0,13586.0,0.0030629052104558106,1.0,-4422072.0,,0.0,1.0
0x5908234d045ff0a03433740ef18869ebad2e3758,0.02581509948130029,0.020146618,0,500.0,2,1764868997,-0.0010020040080160326,-0.0020040080160320653,-0.0010020040080160326,-0.0010020040080160326,-0.002834095315376946,0.0,-0.0010020040080160326,0.0,1.0,,-0.0010020040080160326,0.0,-0.0010020040080160326,,,-0.008000000000000007,0,0.07268341763133024,,-0.0010020040080160326,1.0,1.0,190.0,190.0,4.294835482936166e-05,1.0,-4423728.0,,0.0,1.0
0xb5cea9754d83c1644df3c24c1248872b2fdeb26e,0.02581509948130029,0.020146618,0,11000.0,10,1764869983,-0.0010020040080160326,-0.0020040080160320653,-0.0010020040080160326,-0.0010020040080160326,-0.006258919604337057,0.0,-0.0010020040080160326,0.0,1.0,,-0.0010020040080160326,0.0,-0.0010020040080160326,,,-0.008000000000000895,0,0.07268341763133024,,-0.0010020040080160326,1.0,5.0,174.0,174.0,3.932288700500621e-05,5.0,-4424730.0,,0.0,1.0
0xbd0dc548f0e57d006dad6a461ced38e7a4935369,0.025812776373652608,0.020126814,0,1.901,2,1764877561,0.0,0.0010020040080160326,0.0,0.0,0.0014170476576884727,-0.0944030097202897,0.0,-0.09290300375437992,0.0,,0.0,-0.0020030037543799293,0.0,-0.00010009900160078411,-0.09090000000000001,,1,0.07268341763133024,-0.013154985675918017,0.0,1.0,1.899099,116.0,116.0,2.617043904521214e-05,1.899099,-4432366.0,0.0,0.0,1.0
0xbbef6f4f7bf58b143412f385eafc2938c6ff7de2,0.025792775088556645,0.019956239,0,13079.88694,5,1764690060,-0.9188668426853707,-0.9198688466933866,-0.9188668426853707,-0.9188668426853707,-1.913962860314927,0.0,-0.9188668426853707,0.0,0.0,,-0.9188668426853707,0.0,-0.9188668426853707,,,-1.037585536694889,0,0.07268341763133024,,-0.9188668426853707,0.29671592263053637,50.0075,604895.0,604895.0,0.1424965152965349,813.3043179433964,-3640086.0,,0.35294117647058826,17.0
0x1b2cfc256ea4775fe7e6f5242a0018f525b93cfb,0.02578888980638297,0.01992309,0,2504.9799999999996,4,1764821737,0.0,0.0,0.0,0.0,0.0,0.0,0.0,0.0,1.0,1.3850032232198828e-13,6.952799502913052e-18,0.0,1.3905599005826104e-17,,,0.2697000000000014,1,0.07268341763133024,-0.005108377986022616,0.0,0.3212314624398748,4.999999,10710.0,10710.0,0.002447072629389822,5.777999400000001,-4365948.0,,0.0,4.0
0xd4ee6b26419f0483eddf042237f6a28a427e071f,0.025788693996433104,0.019921418,0,1000.0,2,1764990787,0.0,-0.0010020040080160326,0.0,0.0,-0.0014170476576884727,0.0,0.0,0.0,1.0,,0.0,0.0,0.0,,,0.00030000000000000024,0,0.07268341763133024,,0.0,0.3007428926129343,4.999999,34362.0,34362.0,0.007559218497976553,4.1859996,-4511346.0,,0.0,5.0
0x25875ae66b2b9c93aafbf293c9c28241e4fcd5b1,0.025782349184059014,0.019867273,0,5396.73706,15,1764793795,-0.9248869354041622,-0.9258889394121782,-0.9248869354041622,-0.9248869354041622,-2.7191539237082742,0.0,-0.9248869354041622,0.0,0.0,,-0.9248869354041622,0.0,-0.9248869354041622,,,-1.0424932403538243,0,0.07268341763133024,,-0.9248869354041622,0.17927491568163204,20.4795,437228.0,437228.0,0.10054186109187171,595.6642883333334,-3911488.0,,0.5454545454545454,11.0
0xd4cfcc6b443e182f153652125ee4fdd13245be8b,0.0257771095138203,0.01982255,0,747.045453,3,1764834065,-0.02102196353445049,-0.02202396754246652,-0.02102196353445049,-0.02102196353445049,-0.03311190019937916,0.0,-0.02102196353445049,0.0,0.0,,-0.02102196353445049,0.0,-0.02102196353445049,,,-0.15173333274126774,0,0.07268341763133024,,-0.02102196353445049,1.0,16.419999,100.0,100.0,2.278430598776118e-05,16.419999,-4388886.0,,0.0,1.0
0xdec324ca3c486865a7f1c0bc9d3014a2d39cd24e,0.025775174168408257,0.019806027,0,500.0,2,1764872941,-0.0010020040080160326,-0.0020040080160320653,-0.0010020040080160326,-0.0010020040080160326,-0.002834095315376946,0.0,-0.0010020040080160326,0.0,1.0,,-0.0010020040080160326,0.0,-0.0010020040080160326,,,-0.008000000000000007,0,0.07268341763133024,,-0.0010020040080160326,0.5,1.0,248.0,248.0,5.600897227601041e-05,1.0,-4427614.0,,0.0,2.0
0xdac10bbc264d0b3cfb63400362a9d8c961647249,0.025771356258045636,0.019773431,0,2.0,2,1764443281,0.9989979959919836,0.9999999999999997,0.9989979959919836,0.9989979959919836,1.4142135623730947,0.2078999999999993,0.9989979959919836,0.3455000000000003,0.0,,0.9989979959919836,0.3440000000000003,0.9989979959919836,0.6239,0.6255000000000001,,1,0.07268341763133024,0.07898932366823805,0.9989979959919836,0.05571546309101338,4.2544439999999994,33886738.0,33886738.0,8.475494234658479,21.684498665354333,29888536.0,0.0,0.3442622950819672,57.0
0x862d0b0ccedfbcefb97e53d0751fbc0999006133,0.025771307174211697,0.019773012,0,500.0,2,1764858223,-0.0010020040080160326,-0.0020040080160320653,-0.0010020040080160326,-0.0010020040080160326,-0.002834095315376946,0.0,-0.0010020040080160326,0.0,1.0,,-0.0010020040080160326,0.0,-0.0010020040080160326,,,-0.007999702995197654,0,0.07268341763133024,,-0.0010020040080160326,0.5555555555555556,1.5,302.0,302.0,6.843193877199566e-05,1.5,-4412842.0,0.0,0.0,2.0
0xd23293b1a3730ca60e8f4cb7ea8edb567dafc3fa,0.025765623881686395,0.01972448,0,1.001,2,1764879143,-5.562239602330442e-17,0.001002004008015977,-5.562239602330442e-17,-5.562239602330442e-17,0.001417047657688394,-0.09470300354226552,-5.562239602330442e-17,-0.09230150187719002,0.0,,-5.562239602330442e-17,-0.0010015018771900256,-5.562239602330442e-17,-0.00019999999229965436,-0.09130000000000008,,1,0.07268341763133024,-0.013490649987842248,-5.562239602330442e-17,1.0,0.999999,64.0,64.0,1.4433711376290464e-05,0.999999,-4434000.0,0.0,0.0,1.0
0x3c01365bc78aceb7101e36858b37a491a2fec382,0.025757552672050866,0.01965554,0,3000.0,4,1765074339,0.0,-0.0010020040080160326,0.0,0.0,-0.001975147414135249,0.0,0.0,0.0,1.0,,0.0,0.0,0.0,,,-5.551115123125783e-18,0,0.07268341763133024,,0.0,0.5918366997084531,3.4999995,96358.0,96358.0,0.020814989868791125,3.4999995,-4532902.0,,0.0,2.0
0x51acf5e654ea65efe6b8674bd9eace2011e116f0,0.025748042743428033,0.019574285,0,97334.10036499999,17,1764900321,-1.746645121152636e-10,-2.6213016147145923e-10,-1.746645121152636e-10,-1.746645121152636e-10,-1.255361634947377e-06,0.0,-1.746645121152636e-10,0.0,0.0,-107.39865586399941,-0.0004107206792090324,0.0,-0.0008214411837535526,,,-0.04019999999999958,1,0.07268341763133024,-0.019078972773847548,-1.746645121152636e-10,1.0,104.94,110.0,110.0,2.4690016838591484e-05,104.94,-4455132.0,,0.0,1.0
0x600a3a080e7975a36c74bc7395d9e9a12e45b226,0.025746032153196863,0.019557102,0,333.333333,2,1764912839,-0.0020040065250501006,-0.0030060105330661333,-0.0020040065250501006,-0.0020040065250501006,-0.004251140864498503,0.0,-0.0020040065250501006,0.0,0.0,,-0.0020040065250501006,0.0,-0.0020040065250501006,,,-0.015699987649600004,0,0.07268341763133024,,-0.0020040065250501006,0.4618916446002729,1.0,3054.0,3054.0,0.0006835640231346357,6.599999599999999,-4464706.0,0.0,0.0,5.0
0x10e5d83b753200594bfb6a1122ae2360a2a8c66a,0.025739977113554417,0.019505346,0,5000.0,3,1765063391,1.2572886397107729e-17,-0.00100200400801602,1.2572886397107729e-17,1.2572886397107729e-17,-0.0017040232626976933,0.0,1.2572886397107729e-17,0.0,1.0,,1.2572886397107729e-17,0.0,1.2572886397107729e-17,,,0.0,0,0.07268341763133024,,1.2572886397107729e-17,0.1631157953911469,7.85,1902.0,1902.0,0.00041183878438702276,10.087499875,-4616410.0,0.0,0.0,8.0
0x94671704fa41cc25bdeead75822fc9db294c84c4,0.025739320613189082,0.019499734,0,1.9999989999999999,2,1764926123,-0.002004006516032097,-0.0030060105240481295,-0.002004006516032097,-0.002004006516032097,-0.004251140851745119,0.0,-0.002004006516032097,0.0,0.0,,-0.002004006516032097,0.0,-0.002004006516032097,,,-0.01599998757460027,0,0.07268341763133024,,-0.002004006516032097,0.500000000000125,0.9999994999999999,4326.0,4326.0,0.0009654000273150632,0.9999994999999999,-4476718.0,,0.0,2.0
0xb848ec992a5e41df3a588916e8bf083aef206c45,0.025734568716465577,0.019459108,0,1.9999989999999999,2,1764849529,-0.002004006516032097,-0.0030060105240481295,-0.002004006516032097,-0.002004006516032097,-0.004251140851745119,0.0,-0.002004006516032097,0.0,0.0,,-0.002004006516032097,0.0,-0.002004006516032097,,,-0.016099987874299383,0,0.07268341763133024,,-0.002004006516032097,0.5133333253333334,10.0,6064.0,6064.0,0.0013767893834644507,9.999999666666666,-4398386.0,,0.0,3.0
0x1a4c96c278bf21a07d40fbcd629b2ec37455fca5,0.02573295255601372,0.019445289,0,1500.0,2,1765131999,0.0,-0.0010020040080160326,0.0,0.0,-0.0014170476576884727,0.0,0.0,0.0,1.0,,0.0,0.0,0.0,,,0.0,0,0.07268341763133024,,0.0,0.28128650152132045,1.9089990000000001,35798.0,35798.0,0.007637851723519924,3.0250703333333333,-4651122.0,,0.0,7.0
0x0142ca968d33c4b00cca882c3e48fb2e7b40c010,0.02573115091174073,0.019429883,0,1050.0,3,1764938255,-0.0037694436492031595,-0.004771447657219192,-0.0037694436492031595,-0.0037694436492031595,-0.00784907140925241,0.0,-0.0037694436492031595,0.0,0.0,,-0.0037694436492031595,0.0,-0.0037694436492031595,,,-0.030371428571428428,0,0.07268341763133024,,-0.0037694436492031595,1.0,5.0,4668.0,4668.0,0.0010389087807822352,5.0,-4488508.0,,0.0,1.0
0x3b5b49728afda93ea210bd302358f6d40177d63e,0.025728673334113272,0.019408695,0,4.0,1,1764887463,-0.003006012024048098,-0.0040080160320641305,-0.003006012024048098,-0.003006012024048098,-0.0040080160320641305,0.0,-0.003006012024048098,0.0,0.0,,-0.003006012024048098,0.0,-0.003006012024048098,,,-0.02420000000000002,0,0.07268341763133024,,-0.003006012024048098,0.2688309822478295,2.964285,3416.0,3416.0,0.0007689564882279425,3.0401612499999997,-4438968.0,,0.0,7.0
0x0b27955a94ec4c812217d6f80f388b606a8491fc,0.02571783309759133,0.01931597,0,2534.49,4,1764840209,0.00019767369530280897,0.0011996777033188417,0.00019767369530280897,0.00019767369530280897,0.002528392640589849,-0.018290424503549042,0.00019767369530280897,-0.08911505157471497,0.0,,0.00019767369530280897,-0.00047559612913235683,0.00019767369530280897,-0.04444849624123027,-0.08959849595230505,,2,0.07268341763133024,-0.005229743337742375,0.00019767369530280897,0.2979594460806112,499.0,34985316.0,34985316.0,7.960018474993913,564.769338,30590186.0,0.0,0.8,5.0
0xcff8acb10e7b75a52b98a4e153de1dbb5c72b64a,0.025716859518783285,0.01930764,0,2327.4545959999996,4,1764834805,0.015035889832241394,0.016037893840257427,0.015035889832241394,0.015035889832241394,0.028168367213433892,-0.0777995340732219,0.015035889832241394,-0.07605047806197651,0.0,,0.015035889832241394,0.013749521938023486,0.015035889832241394,-0.071313005022345,-0.0747436161665517,,1,0.07268341763133024,-0.004083137812054295,0.015035889832241394,0.12697792800956603,868.95,5181870.0,5181870.0,1.1804540875671967,591.4451305714285,792144.0,,0.07692307692307693,13.0
0xcf5c110a5a1c9381b5afc12749c0d731e72d9534,0.025715549859353277,0.019296434,0,1000.0,2,1765021153,0.0,-0.0010020040080160326,0.0,0.0,-0.0014170476576884727,0.0,0.0,0.0,1.0,,0.0,0.0,0.0,,,0.0,0,0.07268341763133024,,0.0,1.0,1.0,63934.0,63934.0,0.013971364973555934,1.0,-4512140.0,,0.0,1.0
0x9968045d126838af4558fb3b33d31ba1cd3b2187,0.025712194588777916,0.019267723,0,6751.105,3,1764847681,-0.002991998137664066,-0.003994002145680099,-0.002991998137664066,-0.002991998137664066,-0.005889766861893046,0.0,-0.002991998137664066,0.0,0.0,,-0.002991998137664066,0.0,-0.002991998137664066,,,-0.023583917373525876,0,0.07268341763133024,,-0.002991998137664066,0.5014740417755861,28.455,402.0,402.0,9.130963916338565e-05,28.455,-4402200.0,,0.0,2.0
0x731e83c68b81bf3d2d911591a899e12bb916b841,0.02570708087413765,0.019223958,0,333.333333,2,1764913769,-0.0020040065250501006,-0.0030060105330661333,-0.0020040065250501006,-0.0020040065250501006,-0.004251140864498503,0.0,-0.0020040065250501006,0.0,0.0,,-0.0020040065250501006,0.0,-0.0020040065250501006,,,-0.014799989863536206,0,0.07268341763133024,,-0.0020040065250501006,0.41953002383145377,2.4999995,3764.0,3764.0,0.0008423050155638454,2.6289995,-4464926.0,,0.0,3.0
0xa64128713ff3702cfeb252a7b196bfde1fc4430c,0.02569933992970776,0.019157693,0,1000.0,2,1764975707,-0.0020040080160320653,-0.003006012024048098,-0.0020040080160320653,-0.0020040080160320653,-0.0042511429730654185,0.0,-0.0020040080160320653,0.0,0.0,,-0.0020040080160320653,0.0,-0.0020040080160320653,,,-0.01609813069019118,0,0.07268341763133024,,-0.0020040080160320653,1.0,3.0,6028.0,6028.0,0.001330499877721146,3.0,-4524600.0,0.0,0.0,1.0
0xdd3dbe1682dca5d85d07c99a1fec07d5138df553,0.02569933992970776,0.019157693,0,9.999998999999999,2,1764928753,-0.0020040077166332826,-0.0030060117246493152,-0.0020040077166332826,-0.0020040077166332826,-0.0042511425496516,0.0,-0.0020040077166332826,0.0,0.0,,-0.0020040077166332826,0.0,-0.0020040077166332826,,,-0.016099997579720138,0,0.07268341763133024,,-0.0020040077166332826,1.0,5.0,6034.0,6034.0,0.0013457713473370276,5.0,-4477640.0,0.0,0.0,1.0
0xd58c4ee066858572015b0ca83ba34ab8eb209e3f,0.025696999119659888,0.01913765,0,3.939996,2,1764897267,0.003006194399102034,0.004008198407118067,0.003006194399102034,0.003006194399102034,0.005668448548028606,-0.08878170744187483,0.003006194399102034,-0.0902937682746702,0.0,,0.003006194399102034,0.0009062317253298167,0.003006194399102034,0.003618328960185952,-0.08828170744187483,,1,0.07268341763133024,-0.01733614934897673,0.003006194399102034,0.5533337037272781,1.484998,418.0,418.0,9.388642168749389e-05,1.484998,-4451770.0,,0.0,2.0
0x772d783c44e64556b8098226a9748cbde1c0b86f,0.025693503301923798,0.019107716,0,1.003,2,1764884931,0.0020040080160320098,0.003006012024048042,0.0020040080160320098,0.0020040080160320098,0.0042511429730653395,-0.09109548306573757,0.0020040080160320098,-0.0909905342570825,0.0,,0.0020040080160320098,0.0013045169342624247,0.0020040080160320098,0.0019090338685249322,-0.08998601732282,,1,0.07268341763133024,-0.01471873155384569,0.0020040080160320098,1.0,0.999991,11008.0,11008.0,0.0024793619246767686,0.999991,-4428844.0,,0.0,1.0
0x51bb40f7a6e87726ab26590465b2e168443e3798,0.025693371709341835,0.01910659,0,39.999998,4,1764832927,-0.03365152983908879,-0.034653533847104824,-0.03365152983908879,-0.03365152983908879,-0.0632463887513299,0.0,-0.03365152983908879,0.0,0.0,,-0.03365152983908879,0.0,-0.03365152983908879,,,-0.2614661184566132,0,0.07268341763133024,,-0.03365152983908879,1.0,19.999999,72.0,72.0,1.6408954913661547e-05,19.999999,-4387776.0,,0.0,1.0
0x64427c7faea44438ee60d3874b1a2aadccb8b72f,0.025684731102051345,0.019032583,0,1.002,2,1764922545,0.0010020040080160326,0.0020040080160320653,0.0010020040080160326,0.0010020040080160326,0.002834095315376946,-0.09169699248246055,0.0010020040080160326,-0.09220000088207256,0.0,,0.0010020040080160326,0.0,0.0010020040080160326,0.00040300751753946206,-0.0911969933645331,,1,0.07268341763133024,-0.022699564315361503,0.0010020040080160326,1.0,0.999996,274.0,274.0,6.11953278930538e-05,0.999996,-4477192.0,0.0,0.0,1.0
0x9a7cf088e6c856735c9473ae6166bd2552f0b695,0.02567495065862448,0.018948784,0,2500.0,2,1764867827,-0.0010020040080160326,-0.0020040080160320653,-0.0010020040080160326,-0.0010020040080160326,-0.0028340953153769455,0.0,-0.0010020040080160326,0.0,1.0,,-0.0010020040080160326,0.0,-0.0010020040080160326,,,-0.008000000000000007,0,0.07268341763133024,,-0.0010020040080160326,0.6249999749999989,9.999998999999999,1036.0,1036.0,0.00023424350652580703,9.999998999999999,-4421712.0,,0.0,2.0
0x1b18c7b908878f4839b5a28e75f3fb03243ee89f,0.025673621994728592,0.018937398,0,1005.0,2,1764864111,-0.0010020040080160326,-0.0020040080160320653,-0.0010020040080160326,-0.0010020040080160326,-0.0028340953153769455,0.0,-0.0010020040080160326,0.0,1.0,,-0.0010020040080160326,0.0,-0.0010020040080160326,,,-0.007400000000001783,0,0.07268341763133024,,-0.0010020040080160326,0.8622419795704173,13.504999999999999,390.0,390.0,8.82546222792684e-05,13.504999999999999,-4418642.0,,0.0,2.0
0x83968cc5e0f73a7883393fcf443ef25165f3505b,0.025672247974986583,0.018925622,0,2000.0,2,1765119773,0.0,-0.0010020040080160326,0.0,0.0,-0.001417047657688473,0.0,0.0,0.0,1.0,,0.0,0.0,0.0,,,3.3306690738754695e-17,0,0.07268341763133024,,0.0,0.6127544493475268,3.0,156806.0,156806.0,0.033543585954503116,5.450522538461538,-4517888.0,0.0,0.0,7.0
0x5f4d16db9359e448b6c364e02139499f607e3f57,0.025670555651418375,0.018911118,0,10.02,2,1764915145,0.0010020040080160326,0.0020040080160320653,0.0010020040080160326,0.0010020040080160326,0.002834095315376945,-0.09339699248246054,0.0010020040080160326,-0.09290300752957552,0.0,,0.0010020040080160326,-0.0012030075295755096,0.0010020040080160326,0.0008030075175394625,-0.09089699248246055,,1,0.07268341763133024,-0.02112945312178419,0.0010020040080160326,0.8347102028532476,5.49998,344.0,344.0,7.695635813878363e-05,5.49998,-4469722.0,0.0,0.0,2.0
0x1c76a37dbdb4eaf15d4f1d8ffe5b9e18e54299ff,0.025663018339907032,0.018846506,0,3500.0,2,1764866629,-0.0010020040080160326,-0.0020040080160320653,-0.0010020040080160326,-0.0010020040080160326,-0.002834095315376945,0.0,-0.0010020040080160326,0.0,1.0,,-0.0010020040080160326,0.0,-0.0010020040080160326,,,-0.008000000000000895,0,0.07268341763133024,,-0.0010020040080160326,1.0,7.0,354.0,354.0,8.006242154900432e-05,7.0,-4421196.0,,0.0,1.0
0x5589f1201ea67104c26e1b0126c737bb54cdd13b,0.025655805937779694,0.018784663,0,186666.663332,8,1764835159,-5.3625108281423175e-11,-1.0725021656284636e-10,-5.3625108281423175e-11,-5.3625108281423175e-11,-8.029887179402694e-07,0.0,-5.3625108281423175e-11,0.0,0.0,-186.66665934666653,-0.000375751548612851,0.0,-0.0007515030436005938,,,-0.026599999201065216,1,0.07268341763133024,-0.004304226442285047,-5.3625108281423175e-11,0.18124427500042983,189.9999995,209109.0,209109.0,0.04763216160069976,301.56271929545454,-4180971.0,,0.3333333333333333,9.0
0xfc247d818ce5c13d605080da4b227efa1e183215,0.025652934950958658,0.01876004,0,2.0,2,1764954459,-0.0010020040080160326,-0.0020040080160320653,-0.0010020040080160326,-0.0010020040080160326,-0.002834095315376946,0.0,-0.0010020040080160326,0.0,1.0,,-0.0010020040080160326,0.0,-0.0010020040080160326,,,-0.007700000896399994,0,0.07268341763133024,,-0.0010020040080160326,0.5,1.0,388.0,388.0,8.604287063853567e-05,1.0,-4508992.0,0.0,0.0,2.0
0x7833bf2866e5aa80aa0d7abb4ce1e768ee093f14,0.025648602457727914,0.018722879,0,3000.0,2,1764946067,-0.0020040080160320653,-0.0030060120240480983,-0.0020040080160320653,-0.0020040080160320653,-0.0042511429730654185,0.0,-0.0020040080160320653,0.0,0.0,,-0.0020040080160320653,0.0,-0.0020040080160320653,,,-0.015700000000000013,0,0.07268341763133024,,-0.0020040080160320653,0.26470588581315,5.0,1860.0,1860.0,0.00041324260362391547,6.7999994,-4499128.0,,0.0,4.0
0xb6527026f8836831d6b60fa9d307f72e098f6eb7,0.02564680287249947,0.018707441,0,1024.400792,8,1764984341,-0.00098731886536917,-0.00197463773073834,-0.00098731886536917,-0.00098731886536917,-0.002813248310403392,-1.423828403053904e-06,-0.00098731886536917,-0.00042626325771166643,0.9885291003949362,-0.002966731200000497,-0.0009891543631782324,2.533011957571512e-10,-0.0009909898609872945,-9.995483771530797e-05,-0.08979995483771532,-0.008100000000000007,1,0.07268341763133024,-0.03581126584486198,-0.00098731886536917,1.0,4.799998,92.0,92.0,2.026761178358949e-05,4.799998,-4539170.0,0.0,0.0,1.0
0x3c85426acf73ac8e17f39ca34a3a1c67df650790,0.025639632894016873,0.018645924,0,40.239999999999995,4,1764824979,0.0,0.0,0.0,0.0,0.0,0.0,0.0,0.0,0.0,-0.8800000000000008,-0.0027555110220440896,0.0,-0.005511022044088179,,,0.08559999999999984,1,0.07268341763133024,-0.015182550887515961,0.0,0.7222221851851807,2.9999995,546.0,546.0,0.00012466038037398114,2.9999995,-4379354.0,,0.0,2.0
0xb7e1819e49fa8b4728d4c6a06e9ffed10de59848,0.025633069018404415,0.018589592,0,4.004,4,1764839737,-1.0010030050110227e-06,2.0020060100220454e-06,-1.0010030050110227e-06,-1.0010030050110227e-06,6.334063539489126e-05,-0.04574565480310572,-1.0010030050110227e-06,-0.045745654345654356,0.0,-0.0020000000000000018,-0.00012612637863138875,-0.0008508492490496546,-0.0002512517542577665,-0.08879699248246055,-0.09039699248246055,,1,0.07268341763133024,-0.005129595704854741,-1.0010030050110227e-06,1.0,1.999992,40.0,40.0,9.101959697432656e-06,1.999992,-4394618.0,0.0,0.0,1.0
0x1677eee7bd0dcd350d24afaa216ae2c3632fad8c,0.025627204520975444,0.01853925,0,400.0,2,1764898165,-0.0040080160320641305,-0.005010020040080163,-0.0040080160320641305,-0.0040080160320641305,-0.007085238288442363,0.0,-0.0040080160320641305,0.0,0.0,,-0.0040080160320641305,0.0,-0.0040080160320641305,,,-0.03220000000000003,0,0.07268341763133024,,-0.0040080160320641305,1.0,2.0,182.0,182.0,4.0870533378425655e-05,2.0,-4452904.0,0.0,0.0,1.0
0xf13e6d4ed7b5a9955163ee17f028ea8fd755b8f1,0.0256259752404361,0.018528696,0,4.0,4,1764877447,-0.0010020040080160326,-0.0020040080160320653,-0.0010020040080160326,-0.0010020040080160326,-0.003552802759759614,0.0,-0.0010020040080160326,0.0,1.0,,-0.0010020040080160326,0.0,-0.0010020040080160326,,,-0.008000000000000007,0,0.07268341763133024,,-0.0010020040080160326,1.0,0.66666,916.0,916.0,0.00020666154073849464,0.66666,-4431452.0,,0.0,1.0
0xeefd3f182a63da2e4bb5f2856cb8bf0b85a89190,0.025625126970545174,0.018521413,0,2996.666666,4,1764923753,-0.0020040078505175127,-0.003006011858533545,-0.0020040078505175127,-0.0020040078505175127,-0.005454917217621399,0.0,-0.0020040078505175127,0.0,0.0,,-0.0020040078505175127,0.0,-0.0020040078505175127,,,-0.016100000000000014,0,0.07268341763133024,,-0.0020040078505175127,1.0,8.99,240.0,240.0,5.3587289452190535e-05,8.99,-4478434.0,,0.0,1.0
0xf237ec5e8d06413ce126f4602e0d02d61f9fec63,0.025625126970545174,0.018521413,0,1.9999989999999999,2,1764918573,-0.002004006516032097,-0.0030060105240481295,-0.002004006516032097,-0.002004006516032097,-0.004251140851745119,0.0,-0.002004006516032097,0.0,0.0,,-0.002004006516032097,0.0,-0.002004006516032097,,,-0.01609998787430027,0,0.07268341763133024,,-0.002004006516032097,1.0,1.0,216.0,216.0,4.828440588050414e-05,1.0,-4473278.0,,0.0,1.0
0xa2dad2018922cde83382a06c4c62eaed9cc2229c,0.025622058674748684,0.018495068,0,250.0,2,1764889187,-0.003006012024048098,-0.0040080160320641305,-0.003006012024048098,-0.003006012024048098,-0.005668190630753891,0.0,-0.003006012024048098,0.0,0.0,,-0.003006012024048098,0.0,-0.003006012024048098,,,-0.024300000000000023,0,0.07268341763133024,,-0.003006012024048098,1.0,1.0,12038.0,12038.0,0.002708755052757494,1.0,-4432070.0,,0.0,1.0
0xf46b7f77699f3af195e0ebef831e611a635cee13,0.025619080531259292,0.018469494,0,55.660000000000004,4,1764830553,0.0,-1.473942087597214e-19,0.0,0.0,-3.215318204391516e-11,0.0,0.0,0.0,0.0,-17.010000000000016,-0.0007876196014950422,0.0,-0.0015752392029900844,,,-0.10304999818006882,1,0.07268341763133024,-0.029590655037659327,0.0,0.45915022158617447,20.0,108316.0,108316.0,0.024698812488684233,341.9090400909091,-4277158.0,,0.3333333333333333,6.0
0x11af22fcacbc9eaabec4eec0b94f477a34c01c1d,0.025616875013557958,0.018450553,0,32000.0,6,1764872521,-0.0010020040080160326,-0.0020040080160320653,-0.0010020040080160326,-0.0010020040080160326,-0.004904136741219699,0.0,-0.0010020040080160326,0.0,1.0,,-0.0010020040080160326,0.0,-0.0010020040080160326,,,-0.008000000000000007,0,0.07268341763133024,,-0.0010020040080160326,1.0,20.0,670.0,670.0,0.00015132891633588876,20.0,-4426772.0,,0.0,1.0
0xb101f58735491911fea4721da6497613979635b6,0.025616875013557958,0.018450553,0,10.0,2,1764865039,-0.0010020040080160326,-0.0020040080160320653,-0.0010020040080160326,-0.0010020040080160326,-0.0028340953153769455,0.0,-0.0010020040080160326,0.0,1.0,,-0.0010020040080160326,0.0,-0.0010020040080160326,,,-0.008000000000000007,0,0.07268341763133024,,-0.0010020040080160326,1.0,5.0,578.0,578.0,0.00013077041421189332,5.0,-4419382.0,0.0,0.0,1.0
0xc3a0acc69a86955d7c1d18aef42e77e2428757b2,0.025614070072103715,0.018426461,0,640.55,4,1764823559,-0.007061366828144482,-0.008063370836160514,-0.007061366828144482,-0.007061366828144482,-0.015981497759406403,0.0,-0.007061366828144482,0.0,0.0,,-0.007061366828144482,0.0,-0.007061366828144482,,,0.22669999999999996,0,0.07268341763133024,,-0.007061366828144482,0.6909120803776925,28.869995,702634.0,702634.0,0.16047441121119657,61.289998,-3675846.0,,0.3333333333333333,3.0
0xf129f01744945008ac1cbb806205205b3824065b,0.025593234521464264,0.018247426,0,6280.916425999999,10,1764831899,-0.010214926476446548,-0.011216930484462578,-0.010214926476446548,-0.010214926476446548,-0.04297201545801713,0.0,-0.010214926476446548,0.0,0.0,,-0.010214926476446548,0.0,-0.010214926476446548,,,-0.2309500078651317,0,0.07268341763133024,,-0.010214926476446548,1.0,0.29,198.0,198.0,4.513520044132196e-05,0.29,-4386622.0,,0.0,1.0
0x6b69965f7cb442b38b138c8da7ae6af1bee4e67f,0.025587807187478787,0.018200766,0,535.0,2,1764868271,-0.0010020040080160881,-0.0020040080160321208,-0.0010020040080160881,-0.0010020040080160881,-0.002834095315377024,0.0,-0.0010020040080160881,0.0,0.002,,-0.0010020040080160881,0.0,-0.0010020040080160881,,,-0.008100000000000458,0,0.07268341763133024,,-0.0010020040080160881,1.0,1.07,474.0,474.0,0.000107162429304448,1.07,-4422718.0,,0.0,1.0
0x7afbfe56273ac942aa3de693ae3613f11b8921ff,0.0255871551161874,0.01819516,0,4000.0,2,1765023365,0.0,-0.0010020040080160326,0.0,0.0,-0.0014170476576884727,0.0,0.0,0.0,1.0,,0.0,0.0,0.0,,,-1.1102230246251566e-17,0,0.07268341763133024,,0.0,0.176020412900877,4.0,9008.0,9008.0,0.00196754855419692,4.666666333333333,-4569278.0,,0.0,6.0
0x6fa35fc9087c7ee3776c46b4f5789c2597b716cd,0.02558013716723266,0.01813481,0,29833.333332000002,8,1764964989,-0.0016681407174868855,-0.002670144725502918,-0.0016681407174868855,-0.0016681407174868855,-0.007644344856120898,0.0,-0.0016681407174868855,0.0,0.33519553074123776,,-0.0016681407174868855,0.0,-0.0016681407174868855,,,-0.01609999939553728,0,0.07268341763133024,,-0.0016681407174868855,0.3231699963801437,18.639999500000002,10712.0,10712.0,0.0023699586938677984,36.24395766666667,-4509198.0,,0.16666666666666666,6.0
0x3c386ab64c19a0fb06bf1e2981d43c6fd092ebbc,0.025577124356467015,0.018108897,0,333.333333,2,1764913011,-0.0020040065250501006,-0.0030060105330661333,-0.0020040065250501006,-0.0020040065250501006,-0.004251140864498503,0.0,-0.0020040065250501006,0.0,0.0,,-0.0020040065250501006,0.0,-0.0020040065250501006,,,-0.015699987649600004,0,0.07268341763133024,,-0.0020040065250501006,0.5555555555555556,1.0,460.0,460.0,0.00010295590890819287,1.0,-4467472.0,,0.0,2.0
0xaee24b1b80b54ef42f8318e32ee59f7a8427f063,0.02556915805543397,0.018040365,0,1.002,2,1764916587,0.0010020040080160326,0.0020040080160320653,0.0010020040080160326,0.0010020040080160326,0.002834095315376946,-0.09339714182345465,0.0010020040080160326,-0.09320300751753946,0.0,,0.0010020040080160326,-0.0011030075175394627,0.0010020040080160326,0.0007030075175394623,-0.09119699248246055,,1,0.07268341763133024,-0.021435412627343445,0.0010020040080160326,1.0,0.999996,1330.0,1330.0,0.0002974388058793588,0.999996,-4470178.0,,0.0,1.0
0x274f2f19445720a9a1a308fba3e7f252d9996f2a,0.02555979225045296,0.017959766,0,5000.0,2,1764944439,-0.0020040080160320653,-0.003006012024048098,-0.0020040080160320653,-0.0020040080160320653,-0.0042511429730654185,0.0,-0.0020040080160320653,0.0,0.0,,-0.0020040080160320653,0.0,-0.0020040080160320653,,,-0.01569999999999998,0,0.07268341763133024,,-0.0020040080160320653,1.0,15.0,288.0,288.0,6.400910351694463e-05,15.0,-4499072.0,,0.0,1.0
0x737d0a9032a94e729d602ead8dc535e9126a23cf,0.02555979225045296,0.017959766,0,999.9999989999999,6,1764941423,-0.0020040065250501006,-0.0030060105330661337,-0.0020040065250501006,-0.0020040065250501006,-0.007363191967443687,0.0,-0.0020040065250501006,0.0,0.0,,-0.0020040065250501006,0.0,-0.0020040065250501006,,,-0.01609998309205854,0,0.07268341763133024,,-0.0020040065250501006,1.0,1.0,290.0,290.0,6.449684454748124e-05,1.0,-4496054.0,,0.0,1.0
0xfb993fa1047c9249b8c7d3b88320d3220e874370,0.02555813397827014,0.017945493,0,6666.666666,2,1764946637,-0.002004007941633217,-0.0030060119496492493,-0.002004007941633217,-0.002004007941633217,-0.004251142867849558,0.0,-0.002004007941633217,0.0,0.0,,-0.002004007941633217,0.0,-0.002004007941633217,,,-0.015699999383724628,0,0.07268341763133024,,-0.002004007941633217,0.9092971342187748,10.4999995,358.0,358.0,7.952802118733115e-05,10.4999995,-4501200.0,0.0,0.0,2.0
0xc87701a6a291db6b364f7df45eef620150b1bc5d,0.025557229038213575,0.017937703,0,333.333333,2,1764920917,-0.0020040065250501006,-0.0030060105330661333,-0.0020040065250501006,-0.0020040065250501006,-0.004251140864498503,0.0,-0.0020040065250501006,0.0,0.0,,-0.0020040065250501006,0.0,-0.0020040065250501006,,,-0.015999987647694128,0,0.07268341763133024,,-0.0020040065250501006,0.2500000000000469,0.999999,2286.0,2286.0,0.0005107423459025997,0.99999925,-4473552.0,,0.0,4.0
0x3a46a1ca4c9ad7db2a9e86073b60eb7b7749f1d0,0.02553983524082231,0.017787928,0,23.999996,2,1764837993,0.0020040645426748173,0.00300606855069085,0.0020040645426748173,0.0020040645426748173,0.004251222913810234,-0.09129994474623145,0.0020040645426748173,-0.08989542067070942,0.0,,0.0020040645426748173,-0.0014954206707094174,0.0020040645426748173,-0.08539090365118841,-0.08889090365118842,,1,0.07268341763133024,-0.004759558688422467,0.0020040645426748173,0.29469382159481117,51.999998,1038.0,1038.0,0.00023628962460908636,55.999971800000004,-4391876.0,,0.0,5.0
0x323bf118b83e9a457abc27a569819382d6554598,0.025539727984929178,0.017787004,0,6822.666666,12,1764953931,-0.0011482819544982594,-0.0021502859625142923,-0.0011482819544982594,-0.0011482819544982594,-0.006720741358797888,0.0,-0.0011482819544982594,0.0,0.022864959939697574,,-0.0011482819544982594,0.0,-0.0011482819544982594,,,-0.007700000448200001,0,0.07268341763133024,,-0.0011482819544982594,0.7519289771714404,44.5,61352.0,61352.0,0.013607011274710281,45.949999999999996,-4447500.0,,0.0,2.0
0x6cbf1f394d0ffa70a3e7ee1286a6fd5c93f03186,0.025537042189546312,0.017763868,0,10.928951999999999,2,1764780411,-0.9158316559919771,-0.9168336599999931,-0.9158316559919771,-0.9158316559919771,-1.2965985964121536,0.0,-0.9158316559919771,0.0,0.0,,-0.9158316559919771,0.0,-0.9158316559919771,,,-1.032579244994021,0,0.07268341763133024,,-0.9158316559919771,0.8135657519967299,540.4195395,33960228.0,33960228.0,7.833362704401877,6979.256864642858,29624896.0,0.0,0.14285714285714285,7.0
0x61b699d89fef31d1b977ba51e17ee58078cca62f,0.02553677364675742,0.017761555,0,8809.11926,8,1764861563,0.0,0.0,0.0,0.0,0.0,0.0,0.0,0.0,1.0,1.698333333333314,0.0001277580185395802,0.0,0.0002555160370791604,,,-0.007999996395223863,1,0.07268341763133024,-0.015351443929419683,0.0,1.0,9.99,44.0,44.0,9.962676192192704e-06,9.99,-4416440.0,,0.0,1.0
0x5b6483701e5c288393c5b7bdba2d87b477adb400,0.02553153415320631,0.017716413,0,5.01,2,1764865951,0.0010020040080160326,0.0020040080160320653,0.0010020040080160326,0.0010020040080160326,0.002834095315376946,-0.09190000000000001,0.0010020040080160326,-0.09210607647331287,0.0,,0.0010020040080160326,-0.0020060764733128575,0.0010020040080160326,0.0008030075175394514,-0.08909699248246056,,1,0.07268341763133024,-0.010691608519508207,0.0010020040080160326,0.5000000000135203,4.999954,174.0,174.0,3.9358750943252824e-05,4.999954,-4420698.0,,0.0,2.0
0x0922157b453185f9ccfe45f3cc2a9312bc958457,0.025515458353049674,0.017577855,0,333.333333,2,1764851599,-0.0020040065250501006,-0.0030060105330661333,-0.0020040065250501006,-0.0020040065250501006,-0.004251140864498503,0.0,-0.0020040065250501006,0.0,0.0,,-0.0020040065250501006,0.0,-0.0020040065250501006,,,-0.016099987947200894,0,0.07268341763133024,,-0.0020040065250501006,0.805309206007943,4.575,468.0,468.0,0.00010620625799950982,4.575,-4406052.0,,0.0,2.0
0x0ec665014050c80a767cd4dc7e84df60df6b1f04,0.025508282880148905,0.017515982,0,1067.5,3,1764888769,-0.0030060120240480944,-0.004008016032064127,-0.0030060120240480944,-0.0030060120240480944,-0.006289785039866767,0.0,-0.0030060120240480944,0.0,0.0,,-0.0030060120240480944,0.0,-0.0030060120240480944,,,-0.02420000000000002,0,0.07268341763133024,,-0.0030060120240480944,0.5000250866391909,4.239967,107018.0,107018.0,0.02408313811269463,4.239967,-4336672.0,,0.5,2.0
0x235b2e28f02a13e7435030a10f45aef08ecaaf09,0.02550504658973043,0.01748807,0,333.333333,2,1764909691,-0.0020040065250501006,-0.0030060105330661333,-0.0020040065250501006,-0.0020040065250501006,-0.004251140864498503,0.0,-0.0020040065250501006,0.0,0.0,,-0.0020040065250501006,0.0,-0.0020040065250501006,,,-0.015399987649600006,0,0.07268341763133024,,-0.0020040065250501006,1.0,1.0,310.0,310.0,6.943492514019136e-05,1.0,-4464302.0,0.0,0.0,1.0
0xec3aafe7d39ac8a3c4e4232993b09409370503be,0.02550504658973043,0.01748807,0,666.666666,2,1764948283,-0.0020040072720440834,-0.0030060112800601156,-0.0020040072720440834,-0.0020040072720440834,-0.004251141920907524,0.0,-0.0020040072720440834,0.0,0.0,,-0.0020040072720440834,0.0,-0.0020040072720440834,,,-0.015999993836499964,0,0.07268341763133024,,-0.0020040072720440834,1.0,2.0,342.0,342.0,7.594592650033177e-05,2.0,-4502862.0,,0.0,1.0
0x748e8a9086c2168470e14e3d57a8ebfe5e7aa579,0.025501767513469806,0.017459786,0,1600.0,2,1765108593,5.562239602330442e-17,-0.001002004008015977,5.562239602330442e-17,5.562239602330442e-17,-0.001417047657688394,0.0,5.562239602330442e-17,0.0,1.0,,5.562239602330442e-17,0.0,5.562239602330442e-17,,,4.940492459581947e-16,0,0.07268341763133024,,5.562239602330442e-17,0.23866971817459148,2.399999,778.0,778.0,0.00016682698926174554,3.5285708571428573,-4662736.0,0.0,0.0,7.0
0x059b67e63e6045f8f2c7ded0c8d348b1191f702b,0.025499597955958145,0.01744107,0,13756.33732,8,1764883071,-3.6163386366897637e-20,-7.232677273379527e-20,-3.6163386366897637e-20,-3.6163386366897637e-20,-1.7026064274062583e-11,0.0,-3.6163386366897637e-20,0.0,0.0,-12.600000000000241,-0.00025050100200401277,0.0,-0.0005010020040080254,,,-0.024300000000000023,1,0.07268341763133024,-0.024360487345540312,-3.6163386366897637e-20,1.0,63.0,52.0,52.0,1.1717010756215874e-05,63.0,-4437940.0,,0.0,1.0
0xcdc47c6c362e05c06df6e43f5c7bc3bc27b9ee13,0.02549917844542361,0.01743745,0,20000.0,8,1765070441,0.0,-0.0010020040080160326,0.0,0.0,-0.00250307168052322,0.0,0.0,0.0,1.0,,0.0,0.0,0.0,,,0.0,0,0.07268341763133024,,0.0,0.7792,1.0,270446.0,270446.0,0.05847023432976706,5.0,-4354916.0,,0.0,4.0
0x162cdbc362e65dd3bc060f6d69128ada16b16a54,0.02549785324219459,0.017426018,0,6000.0,2,1764984409,-0.0010020040080160326,-0.0020040080160320653,-0.0010020040080160326,-0.0010020040080160326,-0.0028340953153769455,0.0,-0.0010020040080160326,0.0,1.0,,-0.0010020040080160326,0.0,-0.0010020040080160326,,,-0.008100000000000007,0,0.07268341763133024,,-0.0010020040080160326,0.2912563052000301,10.999999,954.0,954.0,0.00021016317386045959,7.7999887999999995,-4538376.0,,0.0,4.0
0xebaac70e29fb820196f13defcbe3718fa7367d82,0.025495048471503263,0.017401818,0,5000.0,2,1764978747,-0.0020040080160320653,-0.003006012024048098,-0.0020040080160320653,-0.0020040080160320653,-0.0042511429730654185,0.0,-0.0020040080160320653,0.0,0.0,,-0.0020040080160320653,0.0,-0.0020040080160320653,,,-0.016100000000000003,0,0.07268341763133024,,-0.0020040080160320653,1.0,15.0,418.0,418.0,9.219907589175034e-05,15.0,-4533250.0,,0.0,1.0
0x21248d2f766f02dfed74bed384e8323bccdd68c9,0.025495048471503263,0.017401818,0,250.0,2,1764854033,-0.003006012024048098,-0.0040080160320641305,-0.003006012024048098,-0.003006012024048098,-0.005668190630753891,0.0,-0.003006012024048098,0.0,0.0,,-0.003006012024048098,0.0,-0.003006012024048098,,,-0.024099999999999133,0,0.07268341763133024,,-0.003006012024048098,1.0,1.0,402.0,402.0,9.117808895261779e-05,1.0,-4408552.0,,0.0,1.0
0x7edd35f6fea8a2605f14d64c6e34a09d36987450,0.025492255225456343,0.017377716,0,1.001,2,1764864719,-5.562239602330442e-17,0.001002004008015977,-5.562239602330442e-17,-5.562239602330442e-17,0.001417047657688394,-0.0930015940309962,-5.562239602330442e-17,-0.09600901126313985,0.0,,-5.562239602330442e-17,-0.0064090112631398485,-5.562239602330442e-17,-0.00020000000000006135,-0.09000000000000008,,1,0.07268341763133024,-0.010430206223496417,-5.562239602330442e-17,1.0,0.999999,268.0,268.0,6.063842303898055e-05,0.999999,-4419372.0,,0.0,1.0
0x05462bde7752684da8c57b8aeb36e7495e5ad062,0.025486494179512504,0.017327996,0,932.55954,4,1764926373,-0.002100397698038124,-0.003102401706054157,-0.002100397698038124,-0.002100397698038124,-0.005485634357841386,0.0,-0.002100397698038124,0.0,0.0,,-0.002100397698038124,0.0,-0.002100397698038124,,,-0.016389597455700827,0,0.07268341763133024,,-0.002100397698038124,1.0,20.0,460.0,460.0,0.00010264892238714978,20.0,-4480834.0,,0.0,1.0
0x86953a5329a6d38ab35b2c98af5636af938bc1cb,0.025482928504520514,0.017297218,0,250.0,2,1764890937,-0.003006012024048098,-0.0040080160320641305,-0.003006012024048098,-0.003006012024048098,-0.005668190630753891,0.0,-0.003006012024048098,0.0,0.0,,-0.003006012024048098,0.0,-0.003006012024048098,,,-0.024300000000000023,0,0.07268341763133024,,-0.003006012024048098,0.8024691358024691,4.5,936.0,936.0,0.0002105330399666386,4.5,-4444922.0,,0.0,2.0
0x7e3e9ef3dd9831436ff1e3ac234b87adacd30a2d,0.025482613046382382,0.017294494,0,16112.5,2,1764935675,-0.003006012024048098,-0.0040080160320641305,-0.003006012024048098,-0.003006012024048098,-0.005668190630753891,0.0,-0.003006012024048098,0.0,0.0,,-0.003006012024048098,0.0,-0.003006012024048098,,,-0.024100000299700018,0,0.07268341763133024,,-0.003006012024048098,1.0,64.45,43652.0,43652.0,0.009720758669895933,64.45,-4446944.0,0.0,0.0,1.0
0xdeed98b0d90aa5d910216571bfb2b00e1bb5a865,0.02547666579715463,0.017243149,0,1000.0,3,1765060399,-7.503461223543765e-18,-0.0010020040080160402,-7.503461223543765e-18,-7.503461223543765e-18,-0.0016277590125718753,0.0,-7.503461223543765e-18,0.0,1.0,,-7.503461223543765e-18,0.0,-7.503461223543765e-18,,,0.0,0,0.07268341763133024,,-7.503461223543765e-18,0.20244899573178313,4.999999,12406.0,12406.0,0.0026880042987268487,8.749998875,-4602914.0,,0.0,8.0
0x01fa959503ae8867e0dca6d022682768ac2c7df6,0.02547210174837147,0.017203737,0,1.001,2,1764864257,-5.562239602330442e-17,0.001002004008015977,-5.562239602330442e-17,-5.562239602330442e-17,0.001417047657688394,-0.09400300315648327,-5.562239602330442e-17,-0.09536056923378822,0.0,,-5.562239602330442e-17,-0.0042605693310291855,-5.562239602330442e-17,-0.0005999999850894002,-0.09129999990275908,,1,0.07268341763133024,-0.010332180362491996,-5.562239602330442e-17,1.0,0.999999,286.0,286.0,6.471791812866555e-05,0.999999,-4418892.0,0.0,0.0,1.0
0x6ec3334fc5201bd9720a2e10f309c6981046cc9f,0.02547083161811904,0.017192768,0,333.333333,2,1764951541,-0.0020040065250501006,-0.0030060105330661333,-0.0020040065250501006,-0.0020040065250501006,-0.004251140864498503,0.0,-0.0020040065250501006,0.0,0.0,,-0.0020040065250501006,0.0,-0.0020040065250501006,,,-0.015999987648400008,0,0.07268341763133024,,-0.0020040065250501006,1.0,1.0,772.0,772.0,0.00017130955503452599,1.0,-4505690.0,,0.0,1.0
0x16e76276d154846ed29b14b601a416c4f8243ec1,0.02547083161811904,0.017192768,0,18.0,2,1764841581,-0.0020040080160320653,-0.0030060120240480983,-0.0020040080160320653,-0.0020040080160320653,-0.0042511429730654185,0.0,-0.0020040080160320653,0.0,0.0,,-0.0020040080160320653,0.0,-0.0020040080160320653,,,-0.007900000000000008,0,0.07268341763133024,,-0.0020040080160320653,1.0,9.0,814.0,814.0,0.00018514719201765404,9.0,-4395688.0,,0.0,1.0
0x6ae04291ca72f5dee7e014f84eeb9ab982abe8b5,0.02546800688323308,0.017168371,0,588.235294,2,1764828421,-0.033066131477555105,-0.03406813548557114,-0.033066131477555105,-0.033066131477555105,-0.0481796192484588,0.0,-0.033066131477555105,0.0,0.0,,-0.033066131477555105,0.0,-0.033066131477555105,,,-0.23619999348118004,0,0.07268341763133024,,-0.033066131477555105,1.0,20.0,8534.0,8534.0,0.001946916302674991,20.0,-4374808.0,,0.0,1.0
0xbd2182a67f7b46f91b2a6a7b81c464a580dc007a,0.025462962887358286,0.0171248,0,5064.37,6,1764825391,0.0181908371197841,0.01919284112780013,0.0181908371197841,0.0181908371197841,0.03458958287553144,-0.07565244898511655,0.0181908371197841,-0.07439258685088287,0.0,,0.0181908371197841,-0.07199357689619276,0.0181908371197841,-0.07230388453699158,-0.0727372178703249,,1,0.07268341763133024,-0.0020857017611979694,0.0181908371197841,0.41830761767002855,105.84588,857912.0,857912.0,0.1958563682221723,229.6323802258065,-3522400.0,,0.3888888888888889,17.0
0x677c0c24970aa400bed8379e40f7dd8e6799bc6d,0.025462426028197444,0.017120162,0,21.799999000000003,3,1764850039,-0.0020040078784173683,-0.0030060118864334005,-0.0020040078784173683,-0.0020040078784173683,-0.0050469994553584896,0.0,-0.0020040078784173683,0.0,0.0,,-0.0020040078784173683,0.0,-0.0020040078784173683,,,-0.01599999999999998,0,0.07268341763133024,,-0.0020040078784173683,1.0,10.9,570.0,570.0,0.00012939958592132506,10.9,-4404390.0,,0.0,1.0
0x649e7b151907ec289916fb26a315eccacbeb717a,0.025462426028197444,0.017120162,0,3250.0,4,1764934891,-0.0030060120240480983,-0.0040080160320641305,-0.0030060120240480983,-0.0030060120240480983,-0.0076942427510174076,0.0,-0.0030060120240480983,0.0,0.0,,-0.0030060120240480983,0.0,-0.0030060120240480983,,,-0.024100000299700018,0,0.07268341763133024,,-0.0030060120240480983,1.0,10.0,560.0,560.0,0.00012472682597845967,10.0,-4489252.0,,0.0,1.0
0x6c649ad3aed492fec60f0cd66ec4bc10c9032a55,0.02545811689308251,0.017082931,0,389.2896,10,1764834847,-0.007467869071476282,-0.008469873079492315,-0.007467869071476282,-0.007467869071476282,-0.02850447786439542,0.0,-0.007467869071476282,0.0,0.0,,-0.007467869071476282,0.0,-0.007467869071476282,,,-0.05532750000000012,0,0.07268341763133024,,-0.007467869071476282,0.28207471646663884,3.5,7388.0,7388.0,0.0016830046599273583,3.3173519999999996,-4382380.0,,0.0,4.0
0x9788c56ebe9784e1d19cf5d160276c0fb5fb063d,0.025456847010833377,0.017071959,0,20.009998,3,1764818949,-0.03289662835683474,-0.03389863236485077,-0.03289662835683474,-0.03289662835683474,-0.05554432567855711,0.0,-0.03289662835683474,0.0,0.0,,-0.03289662835683474,0.0,-0.03289662835683474,,,0.006604067474994535,0,0.07268341763133024,,-0.03289662835683474,1.0,2.999999,714.0,714.0,0.00016324216311870265,2.999999,-4373156.0,,0.0,1.0
0xb2dda0bfb4719fe6b3dd33908a9be72593ce51d8,0.02545520580474601,0.017057776,0,250.0,2,1764844877,-0.003006012024048098,-0.0040080160320641305,-0.003006012024048098,-0.003006012024048098,-0.005668190630753891,0.0,-0.003006012024048098,0.0,0.0,,-0.003006012024048098,0.0,-0.003006012024048098,,,-0.02370000000000002,0,0.07268341763133024,,-0.003006012024048098,0.5,1.0,498.0,498.0,0.00011318701449475635,1.0,-4399300.0,,0.0,2.0
0x850a345b06503bf23a3867042b72c230cb6096a9,0.02545520580474601,0.017057776,0,1250.0,10,1764843205,-0.003006012024048098,-0.004008016032064131,-0.003006012024048098,-0.003006012024048098,-0.012674459559793114,0.0,-0.003006012024048098,0.0,0.0,,-0.003006012024048098,0.0,-0.003006012024048098,,,-0.018600000000000016,0,0.07268341763133024,,-0.003006012024048098,0.5,1.0,556.0,556.0,0.00012641747871707177,1.0,-4397570.0,,0.0,2.0
0x880ad247655cdc67d2e9377c47bc7189f2299cb3,0.02545520580474601,0.017057776,0,747.74792,3,1764882969,-0.002529244092944964,-0.0035312481009609977,-0.002529244092944964,-0.002529244092944964,-0.006015077636887813,0.0,-0.002529244092944964,0.0,0.0,,-0.002529244092944964,0.0,-0.002529244092944964,,,-0.020345903398548616,0,0.07268341763133024,,-0.002529244092944964,0.5,5.0,506.0,506.0,0.00011401814826415256,5.0,-4437384.0,,0.0,2.0
0xc649f96b4562e91204e08f2f99759b9ba94b3c73,0.02545409318857185,0.017048161,0,2600.0,2,1764897401,-0.0040080160320641305,-0.005010020040080163,-0.0040080160320641305,-0.0040080160320641305,-0.0070852382884423635,0.0,-0.0040080160320641305,0.0,0.0,,-0.0040080160320641305,0.0,-0.0040080160320641305,,,-0.03200000000000003,0,0.07268341763133024,,-0.0040080160320641305,1.0,13.0,894.0,894.0,0.0002007941024930362,13.0,-4451428.0,,0.0,1.0
0x50f5b1c04a4a3bb3e3a1b8f002b3e037f5a87943,0.025445761496484347,0.016976148,0,200.0,2,1764854837,-0.0040080160320641305,-0.005010020040080163,-0.0040080160320641305,-0.0040080160320641305,-0.0070852382884423635,0.0,-0.0040080160320641305,0.0,0.0,,-0.0040080160320641305,0.0,-0.0040080160320641305,,,-0.03210000000000003,0,0.07268341763133024,,-0.0040080160320641305,1.0,1.0,508.0,508.0,0.00011519906534553597,1.0,-4409250.0,,0.0,1.0
0x5991926ad1717526ec45b42a5b66278901be229c,0.025445506600914845,0.016973944,0,685.714284,2,1764832499,-0.03406813489896461,-0.035070138906980644,-0.03406813489896461,-0.03406813489896461,-0.04959666607656038,0.0,-0.03406813489896461,0.0,0.0,,-0.03406813489896461,0.0,-0.03406813489896461,,,-0.2593999888962502,0,0.07268341763133024,,-0.03406813489896461,1.0,23.999999,508.0,508.0,0.00011578558697366561,23.999999,-4386912.0,,0.0,1.0
0x18240e19a7adf2e832b00e9715686cc9b51f3086,0.025444153088927255,0.016962243,0,1.001,2,1764882415,-5.562239602330442e-17,0.001002004008015977,-5.562239602330442e-17,-5.562239602330442e-17,0.001417047657688394,-0.09390300369459031,-5.562239602330442e-17,-0.09260150187719003,0.0,,-5.562239602330442e-17,-0.0011015018771900259,-5.562239602330442e-17,-0.00010000000000006125,-0.09160000000000007,,1,0.07268341763133024,-0.014184893748029405,-5.562239602330442e-17,0.5000000002880143,0.9999750000000001,3780.0,3780.0,0.000851862468832651,0.9999750000000001,-4433556.0,,0.0,2.0
0xf0d9416a1288684a08333d56b67204b15a824621,0.025442533577508513,0.016948242,0,142.40571,11,1764902351,-0.0051759389602307245,-0.006177942968246757,-0.0051759389602307245,-0.0051759389602307245,-0.019979397386800636,0.0,-0.0051759389602307245,0.0,0.0,,-0.0051759389602307245,0.0,-0.0051759389602307245,,,-0.04020000018639219,0,0.07268341763133024,,-0.0051759389602307245,0.5,1.0,826.0,826.0,0.00018531514343302362,1.0,-4456446.0,,0.0,2.0
0x1c0bdd5a616ba7ae5d9b707ca18cd70ac51d7600,0.025436019704626972,0.016891917,0,8876.666665,12,1764949477,-0.0005142247991932315,-0.0015162288072092642,-0.0005142247991932315,-0.0005142247991932315,-0.005708693743159067,0.0,-0.0005142247991932315,0.0,0.8122418326722196,,-0.0005142247991932315,0.0,-0.0005142247991932315,,,-0.011849987599800183,0,0.07268341763133024,,-0.0005142247991932315,0.5510204781341465,1.0,85280.0,85280.0,0.0189326076425751,2.3333326666666667,-4419118.0,,0.0,3.0
0x4640ceb87bbfc6f091f51cbe7eefbedb34ffe3ff,0.02542437723466644,0.016791211,0,4.99,1,1764865067,0.0010020040080160326,0.0020040080160320653,0.0010020040080160326,0.0010020040080160326,0.0020040080160320653,-0.09290300751819146,0.0010020040080160326,-0.09391203007015786,0.0,,0.0010020040080160326,-0.004012030070157851,0.0010020040080160326,0.0006030075175394512,-0.08889699248246055,,1,0.07268341763133024,-0.010504043885032215,0.0010020040080160326,0.5000011329165376,4.9825,7536.0,7536.0,0.0017049820044760303,4.9825,-4412452.0,,0.0,2.0
0x0e3a057b427cc0fcf585dc1dda683eb43dbfc2c0,0.02542416904996885,0.01678941,0,840.106974,13,1764783577,0.008204437880612626,0.008406124205397755,0.008204437880612626,0.008204437880612626,0.025121270416695145,-0.010105926749821463,0.008204437880612626,-0.009737369195180853,0.0,-75.35713267999999,-0.04368183101026178,0.02039299801724594,-0.09556809990113618,0.01706297447899571,0.015801712256773476,-1.0424311727659954,1,0.07268341763133024,-0.0005957935448060934,0.008204437880612626,0.34021086954782365,149.999999,66420.0,66420.0,0.015309445803593778,197.2701988,-4272078.0,,0.2222222222222222,9.0
0xb23992303c204663e90986a28a2eff585addfe75,0.025419748262074843,0.016751159,0,2333.333333,4,1764864393,-0.0015745775136395007,-0.0025765815216555335,-0.0015745775136395007,-0.0015745775136395007,-0.0050689125297106435,0.0,-0.0015745775136395007,0.0,0.4285714286326531,,-0.0015745775136395007,0.0,-0.0015745775136395007,,,-0.0117499964858107,0,0.07268341763133024,,-0.0015745775136395007,0.2500000937501289,0.999999,866.0,866.0,0.00019595801520326457,1.599999,-4418448.0,,0.0,5.0
0xa66c20d2dcc15cd2d14766a53295cea11406f291,0.025413427508988166,0.016696457,0,2.00664,1,1764826503,-0.008016032064128261,-0.009018036072144294,-0.008016032064128261,-0.008016032064128261,-0.009018036072144294,0.0,-0.008016032064128261,0.0,0.0,,-0.008016032064128261,0.0,-0.008016032064128261,,,0.21039996099827035,0,0.07268341763133024,,-0.008016032064128261,0.07324817830557277,59.09232,854174.0,854174.0,0.1949535128305318,857.6447112787878,-3527250.0,,0.42592592592592593,51.0
0x6d4a8ca548d765b77c6a692a68fdb13e7e723b6f,0.025411803016281386,0.016682396,0,23.912,4,1764857691,-2.503758140969377e-06,5.007516281938086e-07,-2.503758140969377e-06,-2.503758140969377e-06,2.2399891483458008e-05,-0.04692494523992928,-2.503758140969377e-06,-0.047453109621628534,0.0,-0.04000000000000048,-0.0006284432933833756,-0.001880346222667275,-0.0012543828286257818,-0.0032999998364600606,-0.09119999956175978,,1,0.07268341763133024,-0.008939024943974614,-2.503758140969377e-06,1.0,7.999992,3556.0,3556.0,0.0008058718962827459,7.999992,-4409056.0,,0.0,1.0
0x412944065d5abf76a12517c6ade7c17571f594e9,0.02540791338166606,0.016648725,0,20.964,8,1764884607,4.7655915484765735e-20,1.2877389793151937e-06,4.7655915484765735e-20,4.7655915484765735e-20,6.221703027031295e-05,-0.045551358194697474,4.7655915484765735e-20,-0.04573622833337521,0.0,-0.004669000000000134,-8.350629575587218e-05,0.00010011441186787768,-0.00016701259151174442,0.0013050163012012896,-0.09009498605079912,,1,0.07268341763133024,-0.014649986144829603,4.7655915484765735e-20,1.0,2.329831,2864.0,2864.0,0.0006451136246916339,2.329831,-4436664.0,0.0,0.0,1.0
0x3f45ecc8d59273daa74d509c5c62f7aacab5d06c,0.02540657192895826,0.016637111,0,1079.943896,5,1764831997,-0.02683288477445911,-0.027834888782475135,-0.02683288477445911,-0.02683288477445911,-0.061250071501663186,0.0,-0.02683288477445911,0.0,0.0,,-0.02683288477445911,0.0,-0.02683288477445911,,,-0.2349999823429241,0,0.07268341763133024,,-0.02683288477445911,0.3333333333333334,20.0,228.0,228.0,5.197270612306863e-05,19.999999666666668,-4386690.0,,0.0,3.0
0xd7990fa50af334675890add7970e87979a869c6e,0.02540496787013972,0.016623223,0,400.0,2,1764831543,-0.029058116232464945,-0.030060120240480978,-0.029058116232464945,-0.029058116232464945,-0.042511429730654186,0.0,-0.029058116232464945,0.0,0.0,,-0.029058116232464945,0.0,-0.029058116232464945,,,-0.22680000000000022,0,0.07268341763133024,,-0.029058116232464945,1.0,12.0,762.0,762.0,0.00017371623248247335,12.0,-4385702.0,,0.0,1.0
0x1026f57a8c836a402e184a867173dd5e0703460c,0.02540402454201739,0.016615056,0,58122.53084,14,1764818633,7.271270693376901e-09,7.574240305600939e-09,7.271270693376901e-09,7.271270693376901e-09,3.374037450271273e-05,-0.002011918633785399,7.271270693376901e-09,-0.0015708185235074924,0.0,277.7180231111113,0.00830330876476967,0.001079181610036466,0.016606610258268647,-0.016911921623416752,-0.019295708290083435,,1,0.07268341763133024,-0.0006518083225229055,7.271270693376901e-09,0.7314011448241905,65.7073,25686044.0,25686044.0,5.873036894022573,789.0794410384616,21312490.0,,0.5833333333333334,12.0
0x21228ac51112103a214003e2f4111ab4e123c810,0.02540156989753129,0.0165938,0,55024.986979,21,1764842609,-6.66682115161588e-11,-8.889094881777238e-11,-6.66682115161588e-11,-6.66682115161588e-11,-5.96888890805503e-07,0.0,-6.66682115161588e-11,0.0,0.0,-92.48583234399929,-0.0003087873773733483,0.0,-0.0006175746880784851,,,-0.008800000001991798,1,0.07268341763133024,-0.010739984918445454,-6.66682115161588e-11,0.8971690663656957,184.79756,64356.0,64356.0,0.014634578956823489,153.265853,-4333174.0,,0.0,2.0
0xd1a3cb460f6473edfa6e5881f8f76f03aa302bd4,0.025400575284823385,0.016585188,0,20.7,6,1764874755,-0.0018887950116260406,-0.002890799019642073,-0.0018887950116260406,-0.0018887950116260406,-0.006558141311666355,0.0,-0.0018887950116260406,0.0,0.3864734299516908,,-0.0018887950116260406,0.0,-0.0018887950116260406,,,-0.02420000000000001,0,0.07268341763133024,,-0.0018887950116260406,0.39863781278497634,6.589999,574.0,574.0,0.00012958058332031508,7.529999666666666,-4429102.0,,0.0,3.0
0x7a0c05b070f7c82ecf6691db8beba3e53c46ecee,0.02540010745999884,0.016581137,0,26195.6,9,1764870673,0.0,0.0,0.0,0.0,0.0,0.0,0.0,0.0,1.0,0.0,0.0,0.0,0.0,,,-0.008000000000000007,1,0.07268341763133024,-0.020402109720218917,0.0,1.0,50.0,866.0,866.0,0.00019567994714381843,50.0,-4424728.0,,0.0,1.0
0xd9907411d0d279569f859f9ff8f398a6dad70252,0.025392140240059525,0.016512131,0,3406.0949399999995,14,1764882105,-6.687274697025842e-09,6.687274697025842e-09,-6.687274697025842e-09,-6.687274697025842e-09,3.660785721433063e-06,-0.04551024408325271,-6.687274697025842e-09,-0.04624912746994389,0.0,-0.5551060000000005,-0.0002498626887740294,-0.00034984868753022095,-0.0004997186902733617,0.0005450053696710239,-0.09081213748747186,,1,0.07268341763133024,-0.014119118819649815,-6.687274697025842e-09,1.0,0.999999,2322.0,2322.0,0.000523323505429087,0.999999,-4434704.0,0.0,0.0,1.0
0xd97c5c25774ee6e7ebbc4456e1eaa32f2b29aedb,0.025386766048261063,0.016465573,0,6193.806304,39,1764663672,4.4846588980141774e-07,4.4999475078627627e-07,4.4846588980141774e-07,4.4846588980141774e-07,0.0006309846662523062,1.9594782598533735,4.4846588980141774e-07,0.7992127950617286,0.0,434.69334190599847,0.060329577987362694,0.8010031379060348,0.12065870750883559,7.005379695310663,7.002026810789806,,2,0.07268341763133024,0.032227380956927607,4.4846588980141774e-07,0.013606163199332028,282.1299,43320380.0,43320380.0,10.268916674350903,476.09659163680004,39101787.0,0.0,0.4496124031007752,254.0
0x78da0a7a418f954005c2fdcc8aa86c132553064f,0.02538613788453037,0.01646013,0,50.613065000000006,7,1764782279,0.00014813329308977066,0.0001489955357736459,0.00014813329308977066,0.00014813329308977066,0.01135738187940951,3.415410582340617,0.00014813329308977066,-0.1787078720824528,0.0,16.50410744,0.10690391644409962,-0.17850783502193024,0.21365969959510947,6.816445176796854,6.813845176796855,,1,0.07268341763133024,0.00706168118170812,0.00014813329308977066,1.0,1.399999,717248.0,717248.0,0.16537120723047127,1.399999,-3619952.0,,0.0,1.0
0x7a57942c1192bbad0a2142a347b4e151d83a295a,0.025379731780005972,0.016404618,0,526.315789,2,1764827657,-0.01803607124569137,-0.019038075253707404,-0.01803607124569137,-0.01803607124569137,-0.026923904225272605,0.0,-0.01803607124569137,0.0,0.0,,-0.01803607124569137,0.0,-0.01803607124569137,,,0.040400007443440064,0,0.07268341763133024,,-0.01803607124569137,0.25468217071565485,10.0,446024.0,446024.0,0.1017720620146407,11.600813,-3936554.0,,0.6666666666666666,6.0
0xc6a87f1bb19b5cc3b1b490922952b63a917d7ac9,0.025371946108175066,0.016337132,0,1.5399999999999998,2,1764882173,-0.0010020040080160326,-0.0020040080160320653,-0.0010020040080160326,-0.0010020040080160326,-0.0021591268188410526,0.0,-0.0010020040080160326,0.0,1.0,,-0.0010020040080160326,0.0,-0.0010020040080160326,,,-0.00799999999999999,0,0.07268341763133024,,-0.0010020040080160326,0.9989627353460939,1.54,44112.0,44112.0,0.009941641984596225,6.436673333333334,-4392982.0,,0.0,2.0
0xdb8dd99172bf843820c65f011240b5805bbf8743,0.02537187262695214,0.016336495,0,250.0,2,1764905959,-0.003006012024048098,-0.0040080160320641305,-0.003006012024048098,-0.003006012024048098,-0.005668190630753891,0.0,-0.003006012024048098,0.0,0.0,,-0.003006012024048098,0.0,-0.003006012024048098,,,-0.023699970720377595,0,0.07268341763133024,,-0.003006012024048098,0.9092970480509661,10.4999995,34398.0,34398.0,0.007711034594071125,10.4999995,-4426482.0,0.0,0.0,2.0
0x59d59ae47618f3b340482d175dfc8cf13b2ba273,0.025363176234793394,0.016261091,0,40422.847042999994,160,1764540566,-0.0006686359429775378,-0.0006925621845245649,-0.0006686359429775378,-0.0006686359429775378,-0.005415477536337308,0.8133457876538721,-0.0006686359429775378,0.7846789834640997,0.0,18279.498842259734,0.10917114619143233,0.7877271813249637,0.2190109283258422,3.5937123217252123,3.589936612467375,-0.21079999988461517,5,0.07268341763133024,0.058347665902404436,-0.0006686359429775378,0.2832209493381346,22.0,2218149.0,2218149.0,0.5416081164462249,103.22070193073593,-1877338.0,,0.2,10.0
0xa3ed3a9fb5c1824e7ab9d06a8f748bf70f1f427f,0.025359040871333952,0.016225226,0,333.333333,2,1764942103,-0.0020040065250501006,-0.0030060105330661333,-0.0020040065250501006,-0.0020040065250501006,-0.004251140864498503,0.0,-0.0020040065250501006,0.0,0.0,,-0.0020040065250501006,0.0,-0.0020040065250501006,,,-0.015999988246,0,0.07268341763133024,,-0.0020040065250501006,0.3333333333333333,1.0,1056.0,1056.0,0.00023482196225770643,1.0,-4495968.0,,0.0,3.0
0xfc43e7af3f9faea255b69e4ee2b9b1cc4752c853,0.02535440738146369,0.016185034,0,1666.333333,6,1764931841,5.989149974249348e-13,-0.0006019239894902615,5.989149974249348e-13,5.989149974249348e-13,-0.0011402657308994873,0.0,5.989149974249348e-13,0.0,0.7500000001875,4.950040208300696e-07,7.50131998422925e-11,0.0,1.4942748468716007e-10,,,-0.008049987898600175,1,0.07268341763133024,-0.02578843982294238,5.989149974249348e-13,1.0,1.0,166.0,166.0,3.699772798289724e-05,1.0,-4486596.0,0.0,0.0,1.0
0x25365f43c3d66d50518e9bffc002d15580de72cd,0.025351657052975186,0.016161174,0,1333.326666,5,1764933395,-5.008792622859171e-09,-1.5026377793443945e-08,-5.008792622859171e-09,-5.008792622859171e-09,-6.720823791612566e-06,0.0,-5.008792622859171e-09,0.0,0.0,-0.6666595049999764,-0.00012525479069658713,0.0,-0.0002505045726005514,,,-0.016100000000000926,1,0.07268341763133024,-0.025169731141797592,-5.008792622859171e-09,1.0,2.0,58.0,58.0,1.2922441289784409e-05,2.0,-4488258.0,,0.0,1.0
0x57c5de7efafb020e589f80e0da6e16e9b5c907aa,0.025348580936949416,0.016134484,0,59830.00000000001,21,1764835027,0.0018370073480294307,0.0028390113560454624,0.0018370073480294307,0.0018370073480294307,0.009387238610815911,-0.08868955705154724,0.0018370073480294307,-0.09072029057212586,0.0,,0.0018370073480294307,0.0015022093606165093,0.0018370073480294307,-0.0030835858289793273,-0.09148458539277501,,2,0.07268341763133024,-0.004130241147861614,0.0018370073480294307,0.7885534247909108,180.0,65955848.0,65955848.0,15.02428912597598,5163.6183616215385,61565900.0,0.0,0.717391304347826,83.0
0xeae78417e0976984ebdfc6b42247665379fba48c,0.02534850322834901,0.01613381,0,1500.0,2,1764859785,-0.0010020040080160326,-0.0020040080160320653,-0.0010020040080160326,-0.0010020040080160326,-0.0028340953153769455,0.0,-0.0010020040080160326,0.0,1.0,,-0.0010020040080160326,0.0,-0.0010020040080160326,,,-0.007700000000000007,0,0.07268341763133024,,-0.0010020040080160326,0.35192891180554003,34.9999995,148924.0,148924.0,0.03373361668931068,32.1666665,-4265782.0,,0.0,4.0
0xef787d049a0826fd3d37061f34236b9969b8b82e,0.025343757432958455,0.016092626,0,6.0,5,1764884107,-0.0030060120240480975,-0.0040080160320641305,-0.0030060120240480975,-0.0030060120240480975,-0.008803255234423584,0.0,-0.0030060120240480975,0.0,0.0,,-0.0030060120240480975,0.0,-0.0030060120240480975,,,-0.02420000000000002,0,0.07268341763133024,,-0.0030060120240480975,0.2222222222222222,1.0,2224.0,2224.0,0.0005010105815957908,1.2,-4436804.0,0.0,0.0,5.0
0xa542b70ca45835b396b409e065746fe541856887,0.025337001265793028,0.016033985,0,1.001,2,1764857761,-5.562239602330442e-17,0.001002004008015977,-5.562239602330442e-17,-5.562239602330442e-17,0.001417047657688394,-0.09430300375437997,-5.562239602330442e-17,-0.09485881353933936,0.0,,-5.562239602330442e-17,-0.0037589129791804213,-5.562239602330442e-17,-0.0028870448431316644,-0.09119999956175978,,1,0.07268341763133024,-0.0089538773471571,-5.562239602330442e-17,0.500000000000125,0.9999985,198.0,198.0,4.487067049019168e-05,0.9999985,-4412484.0,,0.0,2.0
0x3e9ca7216bdfb4c7d20a9ce9bc51b4e82abfacfb,0.02533267955241615,0.015996465,0,1.033031,2,1764832331,0.03106213200821773,0.032064136016233764,0.03106213200821773,0.03106213200821773,0.04534553601993341,-0.05880015344765062,0.03106213200821773,-0.05730016007899843,0.0,,0.03106213200821773,0.04079984146984181,0.03106213200821773,-0.05425016571182464,-0.05625016571182464,,1,0.07268341763133024,-0.003558211448147502,0.03106213200821773,0.11111111111857072,0.999998,176.0,176.0,4.011622765229807e-05,0.9999935555555557,-4387076.0,,0.0,9.0
0x378b8266535cfe6482418d6ccc286e3452abcaff,0.025324851963078848,0.015928494,0,1082.863507,7,1764824855,-0.004657683247626514,-0.004916517650616798,-0.004657683247626514,-0.004657683247626514,-0.013753383561981643,0.0,-0.004657683247626514,0.0,0.0,-4.8934793666763,-0.006215847039328016,0.0,-0.007774010831029517,,,0.017200022340319435,1,0.07268341763133024,-0.0025843181537529266,-0.004657683247626514,0.5215001039122751,16.5649985,10218.0,10218.0,0.0023329960253675075,16.5649985,-4369558.0,,0.0,2.0
0x89b4ec401198c19b3ac16d467073ff69ac24ed46,0.02532151074710681,0.015899474,0,196.90222,6,1764827567,-0.018943461512364437,-0.019945465520380467,-0.018943461512364437,-0.018943461512364437,-0.034011120484950266,0.0,-0.018943461512364437,0.0,0.0,,-0.018943461512364437,0.0,-0.018943461512364437,,,-0.018399999999999195,0,0.07268341763133024,,-0.018943461512364437,0.5265649734360776,120.62998999999999,999032.0,999032.0,0.22796000810498512,231.21804854166666,-3383456.0,,0.42857142857142855,7.0
0xb0b31ee42d62a991e7b4897d996c92a9562504d9,0.02531688801011559,0.015859317,0,1000.0,2,1765022115,0.0,-0.0010020040080160326,0.0,0.0,-0.0014170476576884727,0.0,0.0,0.0,1.0,,0.0,0.0,0.0,,,0.0,0,0.07268341763133024,,0.0,0.5000000000005,0.9999990000000001,340301.0,340301.0,0.07434964461717146,0.9999990000000001,-4236735.0,0.0,0.0,2.0
0xed1e5a760177c3c266417545be8dd27c27171b0b,0.025311925470727862,0.0158162,0,2539.999999,6,1764920123,-0.0017307341412080195,-0.002732738149224052,-0.0017307341412080195,-0.0017307341412080195,-0.005707905696349023,0.0,-0.0017307341412080195,0.0,0.9842519688914377,,-0.0017307341412080195,0.0,-0.0017307341412080195,,,-0.008000000000000007,0,0.07268341763133024,,-0.0017307341412080195,0.256656807208694,9.999999,28374.0,28374.0,0.0063404963169077224,10.3999998,-4446670.0,,0.0,5.0
0xaf0dd4cd8d22d970e1e1c562772df067e2660b6e,0.02531156341480756,0.015813055,0,1000.0,2,1765015901,0.0,-0.0010020040080160326,0.0,0.0,-0.0014170476576884727,0.0,0.0,0.0,1.0,,0.0,0.0,0.0,,,0.0,0,0.07268341763133024,,0.0,0.4418785854992092,3.3149995,266886.0,266886.0,0.05838905999839854,4.8149995,-4303936.0,,0.0,4.0
0xfb69e1fe2c883732cc2dfec0d4494c0057ade3fb,0.02530367489221697,0.015744498,0,333.333333,2,1764962779,-0.0020040065250501006,-0.0030060105330661333,-0.0020040065250501006,-0.0020040065250501006,-0.004251140864498503,0.0,-0.0020040065250501006,0.0,0.0,,-0.0020040065250501006,0.0,-0.0020040065250501006,,,-0.016199987947199117,0,0.07268341763133024,,-0.0020040065250501006,0.38888890740743054,1.0,18544.0,18544.0,0.004104743564203024,1.49999975,-4499156.0,,0.0,3.0
0xefde9ff487fae209ab6e3157a8acb4276f9c783d,0.025301679886585927,0.015727157,0,8879.482436999999,50,1764584718,0.17840127602312025,0.1786053795157178,0.17840127602312025,0.17840127602312025,1.4440988630375124,2.4766610809580785,0.17840127602312025,-0.013677400809277198,0.0,381.4926434521539,0.24092964689693774,-0.012935996482558009,0.30345801777075526,6.245067326224119,6.241675437087018,,3,0.07268341763133024,0.048979618683644234,0.17840127602312025,0.0,0.0,18041852.0,18041852.0,4.358315302372985,0.0,13902213.0,,,0.0
0x6f04f8ae08fbc7c086404872264343be04f5c263,0.0252850421307637,0.015582484,0,1065.9999999999998,5,1764816919,0.0,0.0,0.0,0.0,0.0,3.5632,0.0,3.5697,0.0,453.04999999999995,0.10646292585170339,3.57275,0.21292585170340678,7.1506,7.1474,,1,0.07268341763133024,-0.0002881366217402688,0.0,0.19232731796534674,3.5568,1775137.0,1775137.0,0.40603887607963696,8.18833264102564,-2596703.0,,0.5,19.0
0x1f69b29dc5d7f0d3f0474ae3ed783b05a58f3334,0.025281148057518806,0.01554861,0,964.549996,8,1764855449,4.006290738563527e-09,6.0094361078452906e-09,4.006290738563527e-09,4.006290738563527e-09,4.250227899528653e-06,-9.330291321348115e-05,4.006290738563527e-09,-9.410892971239138e-05,0.33333333333333337,0.3819986088000003,0.00012500380116284128,-3.208826454924663e-06,0.000250003596034944,-0.0007169870856599668,-0.09009679164323554,-0.008000000000000895,2,0.07268341763133024,-0.008463323687758352,4.006290738563527e-09,0.2259851956537067,22.47399,410542.0,410542.0,0.09308561413214764,180.3027712631579,-3999828.0,,0.5,10.0
0xb4bf2188b41a2f38daeb8dd6b49cf98398dceab4,0.02527823998173038,0.01552331,0,4213.494444,8,1764827367,0.0,0.00016031943834867452,0.0,0.0,0.00040080009953622907,0.0,0.0,0.0,0.0,-29.888036704666746,-0.0022644896443809286,0.0,-0.004528979288761857,,,0.10690000272134911,1,0.07268341763133024,-0.011281461103041306,0.0,0.45741260124773947,23.1086,25046.0,25046.0,0.005715279324407707,31.100399333333332,-4357242.0,,0.0,3.0
0x368ba69507fd67972059fa178af5e459b72f2458,0.025269707539291482,0.015449061,0,6694.514085999999,9,1764696908,0.7227561239422309,0.7237581279502471,0.7227561239422309,0.7227561239422309,1.575472246044516,-0.1755916269062677,0.7227561239422309,-0.07761753331465922,0.0,,0.7227561239422309,-0.07309536053269057,0.7227561239422309,5.623128117320448,5.61946367282523,,3,0.07268341763133024,0.025175459925882264,0.7227561239422309,0.0,0.0,77232313.0,77232313.0,18.16449179870592,0.0,72980484.0,,,0.0
0xc11e76ff57d8cf94ed92a0772c91709825d8789f,0.025264190836284624,0.015401042,0,138.545438,5,1764824961,0.0,0.00013279487437357646,0.0,0.0,0.00036477526830407396,0.0,0.0,0.0,0.0,-61.72727172899988,-0.002049281223992817,0.0,-0.004098562447985634,,,0.11050000351322448,1,0.07268341763133024,-0.029146356005314615,0.0,0.5000000000000001,49.9999995,86940.0,86940.0,0.019849849836137138,49.9999995,-4292942.0,,0.0,2.0
0x614f8940a6bbe30f3a2a2b559a56ec9a12171390,0.025259623645881652,0.01536128,0,1000.0,2,1764916451,-0.0020040080160320653,-0.003006012024048098,-0.0020040080160320653,-0.0020040080160320653,-0.0042511429730654185,0.0,-0.0020040080160320653,0.0,0.0,,-0.0020040080160320653,0.0,-0.0020040080160320653,,,-0.016000000000000902,0,0.07268341763133024,,-0.0020040080160320653,0.35752528731607414,34.999998,98422.0,98422.0,0.02201158838942499,30.749999000000003,-4372950.0,,0.0,4.0
0x3add532beaa0936df0709a35b998cd054e566943,0.025258911478863375,0.015355079,0,700.0,4,1764869947,-0.00014314342971657608,-0.0008588605782994566,-0.00014314342971657608,-0.00014314342971657608,-0.0017332175282156748,0.0,-0.00014314342971657608,0.0,1.0,0.6000000000000005,7.157171485828808e-05,0.0,0.0002862868594331522,,,-0.008000000000000007,1,0.07268341763133024,-0.017164710180813156,-0.00014314342971657608,1.0,1.0,344.0,344.0,7.77424320906296e-05,1.0,-4424524.0,,0.0,1.0
0xa537a9b90616059cdd9b588f4abd8b196672e5a8,0.025255823223588762,0.015328188,0,2.0,2,1764954687,-0.0010020040080160326,-0.0020040080160320653,-0.0010020040080160326,-0.0010020040080160326,-0.002834095315376946,0.0,-0.0010020040080160326,0.0,1.0,,-0.0010020040080160326,0.0,-0.0010020040080160326,,,-0.008000000000000007,0,0.07268341763133024,,-0.0010020040080160326,0.6222808985725138,0.999999,69170.0,69170.0,0.01533836200397019,2.8430988000000004,-4440438.0,,0.1,10.0
0x66f8c42081e7e5c6745ecca66a5f62c5ea207d4e,0.025249436106902026,0.015272562,0,13.999996,2,1764888591,0.002004124185247261,0.003006128193263294,0.002004124185247261,0.002004124185247261,0.004251307261145079,-0.09059535483625689,0.002004124185247261,-0.091799871945736,0.0,,0.002004124185247261,0.0003001512416393605,0.002004124185247261,0.002609185460597372,-0.08979083772677798,,1,0.07268341763133024,-0.015495300063101496,0.002004124185247261,0.26543376752976167,2.0,940.0,940.0,0.00021154438201134598,3.5999796,-4442572.0,,0.0,5.0
0x9b593f5e5fb47ea4beac45086ed4038951dff523,0.025248250031078976,0.015262231,0,23.700000000000003,5,1764825371,0.0010020040080160324,-0.0025765817348983697,0.0010020040080160324,0.0010020040080160324,-0.006816994503172439,0.0,0.0010020040080160324,0.0,0.0,1.6000000000000014,0.002147151445748641,0.0,0.00329229888348125,,,0.14309999983889987,1,0.07268341763133024,-0.0024009970630433594,0.0010020040080160324,0.4001093773746337,7.999999,123323.0,123323.0,0.028154059135783643,21.242665172413794,-4256969.0,,0.375,8.0
0xa290d5d60f098056165f442284c128d6021a26c8,0.025232213666800268,0.015122502,0,2.001,4,1764879439,-5.007516281939198e-07,5.007516281938086e-07,-5.007516281939198e-07,-5.007516281939198e-07,2.2399891483458008e-05,-0.04737516569005887,-5.007516281939198e-07,-0.04617381478214254,0.0,-0.0010000000000000564,-0.0001256886586766807,-0.0005010011889391383,-0.00025087656572516753,-0.00020000000030006578,-0.09130000000000008,,1,0.07268341763133024,-0.01355345443558534,-5.007516281939198e-07,0.5000000002880143,0.9999750000000001,144.0,144.0,3.247368278624198e-05,0.9999750000000001,-4434216.0,,0.0,2.0
0xeb1b7d861626879715a48c66a71e75a5fb26edd3,0.02522763020662954,0.015082549,0,22.605999999999998,8,1764884585,2.6594815748454097e-07,7.97844472453623e-07,2.6594815748454097e-07,2.6594815748454097e-07,4.897274831491389e-05,-0.045577330612163396,2.6594815748454097e-07,-0.04571169147609358,0.0,0.003765000000000422,4.198656536288114e-05,5.0451317854936296e-05,8.370718256827775e-05,0.001305016301201347,-0.09006165036546533,,1,0.07268341763133024,-0.014645318246686535,2.6594815748454097e-07,0.5000000046869385,3.759601,2342.0,2342.0,0.0005275361718173148,3.759601,-4437164.0,0.0,0.0,2.0
0x602365146ff9d7076bcc5f4c6df82e0dff5dbcd6,0.025217056266761427,0.014990352,0,5.998,4,1764880663,-5.559459872393633e-20,5.007516281938086e-07,-5.559459872393633e-20,-5.559459872393633e-20,2.2399891483458008e-05,-0.04737516419306734,-5.559459872393633e-20,-0.04667481522333737,0.0,-1.1091128016005315e-16,-6.997970114376251e-18,-0.0010020016301339652,-1.3940345630028564e-17,-0.000200000001200057,-0.09130000000000008,,1,0.07268341763133024,-0.01381315931409056,-5.559459872393633e-20,1.0,1.999998,13260.0,13260.0,0.002989459787031426,1.999998,-4422324.0,,0.0,1.0
0xcedead74f3bbe2acb1e05c53cf239730e2d6ff90,0.025214995729310397,0.014972381,0,333.99999299999996,4,1764865197,-1.0016082224668532e-08,-1.502412330695466e-08,-1.0016082224668532e-08,-1.0016082224668532e-08,-6.720319597469834e-06,0.0,-1.0016082224668532e-08,0.0,0.0,-0.6666595039999622,-0.0002505095797022701,0.0,-0.0005010091433223156,,,-0.015699987649600004,1,0.07268341763133024,-0.01383522574167597,-1.0016082224668532e-08,1.0,1.0,2030.0,2030.0,0.0004592637572119115,1.0,-4418088.0,,0.0,1.0
0x1a76fc9612c66e041c9ac7398b314665d20e1cbe,0.02520729835644636,0.014905237,0,1.031967,2,1764828655,0.030060142572679804,0.031062146580695834,0.030060142572679804,0.030060142572679804,0.04392850897084111,-0.06064244741081178,0.030060142572679804,-0.057348885475102834,0.0,,0.030060142572679804,0.03175111300888054,0.030060142572679804,-0.05574889987792747,-0.057348885475102834,,1,0.07268341763133024,-0.0027782481038785565,0.030060142572679804,0.047711734202977675,436.5,3559350.0,3559350.0,0.811974059534955,694.8584889056602,-824226.0,,0.5757575757575758,33.0
0xf1e18796b23683d463686cc95d24374562348215,0.02520583998278834,0.014892513,0,2500.0,10,1764866953,-0.0010020040080160324,-0.0020040080160320657,-0.0010020040080160324,-0.0010020040080160324,-0.006337229779896556,0.0,-0.0010020040080160324,0.0,1.0,,-0.0010020040080160324,0.0,-0.0010020040080160324,,,-0.008000000000000895,0,0.07268341763133024,,-0.0010020040080160324,0.30000000000000004,1.0,80800.0,80800.0,0.01827279565179831,1.6666666666666667,-4341074.0,,0.0,6.0
0x61a34ecbc91a0ec3133d9ed6e0cf08fdd729e457,0.025203255526427444,0.014869963,0,1442.88,4,1764870973,0.0,0.0,0.0,0.0,0.0,0.0,0.0,0.0,0.002,-1.4400000000000812,-0.00012525050100201102,0.0,-0.00025050100200402204,,,-0.008100000000000458,1,0.07268341763133024,-0.011847549841482423,0.0,1.0,2.88,170.0,170.0,3.841031890958076e-05,2.88,-4425724.0,0.0,0.0,1.0
0x3714e94ecc3b974c95f614f6012a759c4dfa8748,0.025203239516475247,0.014869823,0,1988.285,10,1764869747,0.0,5.039539140591174e-09,0.0,0.0,3.1779359393877117e-06,-0.00010034818952011409,0.0,-0.00010067797538783497,0.9958355965960529,-0.000660333333333334,-2.495831759380271e-07,-1.0916484779603541e-06,-4.991663518760542e-07,0.0008030075175394625,-0.09049699248246056,-0.008000000000000007,1,0.07268341763133024,-0.012957236536402603,0.0,0.5433966904758609,1.9799995,1160.0,1160.0,0.0002621665625533938,2.2809750499999994,-4423508.0,0.0,0.2,5.0
0x129e55819afe843eee5bc7edf2ef778408b76940,0.025199278531834724,0.014835258,0,1000.0,2,1764916399,-0.0020040080160320653,-0.003006012024048098,-0.0020040080160320653,-0.0020040080160320653,-0.0042511429730654185,0.0,-0.0020040080160320653,0.0,0.0,,-0.0020040080160320653,0.0,-0.0020040080160320653,,,-0.016000000000000902,0,0.07268341763133024,,-0.0020040080160320653,0.6852154464913821,19.999999,98048.0,98048.0,0.02192820017355054,24.359045933333334,-4373272.0,,0.0,4.0
0xaa2ebdffb852425057d82ead7a46daac658b1bba,0.02519418299401142,0.014790785,0,54.585142,2,1764780413,-0.9168336660129853,-0.9178356700210014,-0.9168336660129853,-0.9168336660129853,-1.298015652573497,0.0,-0.9168336660129853,0.0,0.0,,-0.9168336660129853,0.0,-0.9168336660129853,,,-1.0323142365170197,0,0.07268341763133024,,-0.9168336660129853,0.5089645091375432,57.729994999999995,418.0,418.0,9.641702346347478e-05,57.729994999999995,-4334916.0,,0.0,2.0
0x33ec3edc5082a54c1e2dba669953db36a768d084,0.025193528744747694,0.014785074,0,1593.01216,8,1764888829,0.0,0.0,0.0,0.0,0.0,0.0,0.0,0.0,0.0,0.0,0.0,0.0,0.0,,,-0.02420000000000002,1,0.07268341763133024,-0.018573566711266313,0.0,0.5918367346938775,2.8,480.0,480.0,0.0001080168776371308,2.8,-4443270.0,,0.0,2.0
0xd0d9607b59c2ea61798c44410941a03d7bb976cf,0.025191790242044525,0.014769898,0,1000.0,2,1764923535,-0.0020040080160320653,-0.003006012024048098,-0.0020040080160320653,-0.0020040080160320653,-0.0042511429730654185,0.0,-0.0020040080160320653,0.0,0.0,,-0.0020040080160320653,0.0,-0.0020040080160320653,,,-0.015999999996400026,0,0.07268341763133024,,-0.0020040080160320653,0.625,6.0,50244.0,50244.0,0.01121904513519838,6.0,-4428212.0,,0.0,2.0
0xb043bd0e1c90bb228e0756d5ae08c09802254918,0.025188223770064203,0.014738762,0,87.708196,4,1764682580,-0.9112764579073965,-0.9122784619154125,-0.9112764579073965,-0.9112764579073965,-1.7537651229396514,0.0,-0.9112764579073965,0.0,0.0,,-0.9112764579073965,0.0,-0.9112764579073965,,,-1.0114278787866824,0,0.07268341763133024,,-0.9112764579073965,0.4400000057600001,49.999999,6760.0,6760.0,0.0015952798595209772,83.33333233333333,-4230741.0,,0.0,3.0
0x740b9a0b890c1bd48a644e6480cdc7a83874a145,0.02518741489626001,0.0147317,0,156.18467199999998,6,1764828811,3.3469072247444365e-07,-1.1556780366103334e-06,3.3469072247444365e-07,3.3469072247444365e-07,-0.0002010161620023621,0.0,3.3469072247444365e-07,0.0,0.0,1.4479315196806706,0.0012660253240680736,0.0,0.0025317159574136726,,,-0.24877231135021197,1,0.07268341763133024,-0.0028991891012216738,3.3469072247444365e-07,0.5510204314868822,5.0,596.0,596.0,0.0001359572163626791,6.9999998,-4383136.0,,0.0,3.0
0xeab274585913d9697e7e6e9d65db9fcdd4aca113,0.025177464288666088,0.0146448035,0,4000.0,4,1764852435,0.0,0.0,0.0,0.0,0.0,0.0,0.0,0.0,0.0,-4.0000000000000036,-0.00025050100200400816,0.0,-0.0005010020040080163,,,-0.02410000000000091,1,0.07268341763133024,-0.007944762639501196,0.0,1.0,8.0,158.0,158.0,3.584915763555293e-05,8.0,-4407198.0,,0.0,1.0
0x99ac964f0e7a3f4ca4ad4f0dfc3457378708a576,0.025176581221872926,0.01463709,0,221.428518,4,1764830313,-3.0055145969345964e-08,-3.3661763524445824e-08,-3.0055145969345964e-08,-3.0055145969345964e-08,-3.073138796163132e-05,0.0,-3.0055145969345964e-08,0.0,0.0,-89.28549904000245,-0.0031312887896354927,0.0,-0.006262547524125016,,,-0.20249999776096292,1,0.07268341763133024,-0.004900868695844425,-3.0055145969345964e-08,0.18040816605714288,99.999999,59902.0,59902.0,0.013659932400414665,233.33333100000002,-4325332.0,,0.0,15.0
0x7800c3b8c0d6858bed5ad0acb982d7cbbe80eae9,0.02516770904574185,0.014559581,0,40.28,3,1764634362,-0.9175851703406811,-0.9185871743486971,-0.9175851703406811,-0.9175851703406811,-1.5905730959300388,0.0,-0.9175851703406811,0.0,0.0,,-0.9175851703406811,0.0,-0.9175851703406811,,,-0.03885582043735489,0,0.07268341763133024,,-0.9175851703406811,1.0,18.28,650.0,650.0,0.00015515781578852514,18.28,-4188633.0,,0.0,1.0
0xa9cddbe8b37bdb182ebafd69122761c85b45ddf7,0.025165642524709892,0.0145415235,0,2263.5,4,1764836365,0.0,0.0,0.0,0.0,0.0,0.0,0.0,0.0,0.0,-2.2500000000000018,-0.00012525050100200408,0.0,-0.00025050100200400816,,,-0.019500000000000017,1,0.07268341763133024,-0.004915296744650271,0.0,0.9684323967901283,9.969998,747846.0,747846.0,0.17030227591643995,359.3245592,-3643440.0,,0.3333333333333333,3.0
0xae9b5f1057e3226ed243d564e3e846b16ee2e4ed,0.02516220870730805,0.014511515,0,4000.0,4,1765040753,0.0,-0.0010020040080160326,0.0,0.0,-0.0020040080160320653,0.0,0.0,0.0,1.0,,0.0,0.0,0.0,,,0.0,0,0.07268341763133024,,0.0,0.31058154921625153,6.7499994999999995,518793.0,518793.0,0.11288725005298461,8.724199500000001,-4076881.0,,0.0,7.0
0xe4127947444f2b13b00d66a8e9c6c5741628c431,0.025161148739875353,0.0145022515,0,8.989998,8,1764882907,-0.0019801963199603864,-0.002970295212118578,-0.0019801963199603864,-0.0019801963199603864,-0.00454042694752144,-0.00027090163578859824,-0.0019801963199603864,-0.00027476305892245494,0.0,-0.0013356706626667485,-0.001981684089631782,-2.9773561735178275e-06,-0.0019831718593031782,0.0009035498528422747,-0.09049645014715774,-0.016100000000000014,2,0.07268341763133024,-0.014289284924683463,-0.0019801963199603864,0.5000000000000312,1.0,738.0,738.0,0.0001662975671882732,1.3333329999999999,-4437090.0,,0.0,2.0
0xd5d431466d4ede059f902af78160407f14daff08,0.025158477115911387,0.0144789005,0,2666.666666,4,1764956075,-0.0016282563267941922,-0.002630260334810225,-0.0016282563267941922,-0.0016282563267941922,-0.00509634513193868,0.0,-0.0016282563267941922,0.0,0.37500000009375,,-0.0016282563267941922,0.0,-0.0016282563267941922,,,-0.01204999758214954,0,0.07268341763133024,,-0.0016282563267941922,0.3600000480000608,1.999999,81188.0,81188.0,0.017997799155663186,1.666666,-4429808.0,,0.0,3.0
0x4e587b7a00f8d3175e7a03c78538c590727bea52,0.025156224463240964,0.0144592095,0,2000.0,4,1764989347,0.0,-0.0010020040080160326,0.0,0.0,-0.0020040080160320653,0.0,0.0,0.0,1.0,,0.0,0.0,0.0,,,0.00030000000000000024,0,0.07268341763133024,,0.0,0.16652249044626505,9.999999,66586.0,66586.0,0.014652744952542412,7.555554555555555,-4477682.0,,0.0,7.0
0x5b00df8f6d7475b082d3437689eee31780b5f267,0.025154347633600842,0.014442802,0,504.0,4,1764861313,-0.0010020040080160326,-0.0020040080160320653,-0.0010020040080160326,-0.0010020040080160326,-0.003950294828270498,0.0,-0.0010020040080160326,0.0,1.0,,-0.0010020040080160326,0.0,-0.0010020040080160326,,,-0.007849999998200458,0,0.07268341763133024,,-0.0010020040080160326,0.24444444444444802,3.0,59072.0,59072.0,0.013376102806146595,2.9999994,-4357162.0,,0.0,5.0
0x622240c66a27a2f10805069d52181dab9a4e8983,0.025150371233936042,0.014408037,0,4820.0,2,1764832027,-0.031062124248496956,-0.03206412825651299,-0.031062124248496956,-0.031062124248496956,-0.04534552504603105,0.0,-0.031062124248496956,0.0,0.0,,-0.031062124248496956,0.0,-0.031062124248496956,,,-0.24309999999999976,0,0.07268341763133024,,-0.031062124248496956,0.21757161302798958,44.449999500000004,95112.0,95112.0,0.02168067640646755,67.97692950000001,-4291836.0,,0.5,6.0
0xcaf260b1ec097d389416a841643f4f206498a77c,0.025149254130182958,0.014398269,0,1000.0,2,1764997023,0.0,-0.0010020040080160326,0.0,0.0,-0.0014170476576884727,0.0,0.0,0.0,1.0,,0.0,0.0,0.0,,,0.0,0,0.07268341763133024,,0.0,0.21009249619807088,4.999999,136440.0,136440.0,0.029974006710100125,5.463874375,-4415504.0,,0.2857142857142857,7.0
0x11ab9573a053352b7a122a046bbbd2254b4d71d8,0.02514301753643801,0.01434373,0,10438.1836,13,1764883291,0.0,1.9781144702536812e-20,0.0,0.0,6.296155378496959e-12,0.0,0.0,0.0,0.10685053849252182,-4.3216666666666415,-0.00014099177299682847,0.0,-0.00028198354599365694,,,-0.016100000000000014,1,0.07268341763133024,-0.03098678093681321,0.0,0.5985375623676327,9.999999,14232.0,14232.0,0.0032066967508537223,28.82883311111111,-4423980.0,0.0,0.0,5.0
0x8973cf6d5daa37e784bb8ecdc544af26bb1c93c4,0.0251413456770445,0.0143291075,0,1144.0819999999999,10,1764869747,0.0,1.7621200364437612e-09,0.0,0.0,1.8791760636630121e-06,0.0,0.0,0.0,0.9980039920159681,-0.0005680000000000635,-2.502210451832367e-07,0.0,-5.004420903664734e-07,,,-0.008000000000000007,1,0.07268341763133024,-0.012957236536402603,0.0,0.5000000000582451,2.2699755,1400.0,1400.0,0.0003164079203230615,2.2699755,-4423268.0,0.0,0.0,2.0
0x36552c6fc3af1bb2e6bc7b648b45f3887278e7b8,0.025139039048795445,0.014308931,0,552.5028600000002,65,1764642432,0.0,-0.00017293484448561893,0.0,0.0,-0.0005111750562219184,0.9359110289463808,0.0,0.011828506187624979,0.32223297463479017,29.94254914685715,0.06955016265999871,0.01697571462539223,0.13910032531999741,1.6282496340013066,1.6261498308480642,0.0,3,0.07268341763133024,0.036734024436871134,0.0,0.0,0.0,66656.0,66656.0,0.015880484676890412,0.0,-4130697.0,,,0.0
0x2d59530309818bdc037f4d5e5de8273c5c0db257,0.02513467741893505,0.014270775,0,500.0,2,1764862797,-0.0010020040080160326,-0.0020040080160320653,-0.0010020040080160326,-0.0010020040080160326,-0.002834095315376946,0.0,-0.0010020040080160326,0.0,1.0,,-0.0010020040080160326,0.0,-0.0010020040080160326,,,-0.007399999999999118,0,0.07268341763133024,,-0.0010020040080160326,0.2587755138425663,9.999999,151594.0,151594.0,0.03431500154604707,6.9999992,-4266124.0,,0.0,5.0
0x48e2cebb7d5d5c234038bcef91bbcc64063fe836,0.025129678154341435,0.014227033,0,6000.0,2,1764862239,-0.0010020040080160326,-0.0020040080160320653,-0.0010020040080160326,-0.0010020040080160326,-0.0028340953153769455,0.0,-0.0010020040080160326,0.0,1.0,,-0.0010020040080160326,0.0,-0.0010020040080160326,,,-0.007399999999999118,0,0.07268341763133024,,-0.0010020040080160326,0.3875236405030021,5.999999,183043.0,183043.0,0.041439069447337204,7.666666333333333,-4234117.0,,0.0,3.0
0x314cdb5483bb465c2f7bbfbf1410414ac95dbf0b,0.02512187145581447,0.014158709,0,456.04999899999996,4,1764848915,-3.6834834326340276e-09,-1.1050450281651275e-08,-3.6834834326340276e-09,-3.6834834326340276e-09,-5.763487350746462e-06,0.0,-3.6834834326340276e-09,0.0,0.0,-0.45332950099999947,-0.00012525358618185441,0.0,-0.0002505034888802762,,,-0.015999990863675706,1,0.07268341763133024,-0.0077839323307536835,-3.6834834326340276e-09,1.0,1.36,1534.0,1534.0,0.0003483326808718581,1.36,-4402302.0,,0.0,1.0
0x41435f3f4c3df183855325dce075b6caefc2eed3,0.025119850944286374,0.014141022,0,15.0,4,1764953617,0.0,0.0,0.0,0.0,0.0,0.0,0.0,0.0,1.0,-2.500000000000002,-0.00012525050100200408,0.0,-0.00025050100200400816,,,-0.008000000000000007,1,0.07268341763133024,-0.030402020605799822,0.0,1.0,5.0,396.0,396.0,8.783335085564323e-05,5.0,-4508142.0,,0.0,1.0
0x5e7c37571e4c0ad0541cfa2e1ca50936b5ee8bdc,0.025117485707465963,0.014120316,0,500.0,2,1764856855,-0.0010020040080160326,-0.0020040080160320653,-0.0010020040080160326,-0.0010020040080160326,-0.002834095315376946,0.0,-0.0010020040080160326,0.0,1.0,,-0.0010020040080160326,0.0,-0.0010020040080160326,,,-0.007400000000000006,0,0.07268341763133024,,-0.0010020040080160326,0.34694075826044585,1.0,164123.0,164123.0,0.037201118098471,1.166647,-4247653.0,,0.0,3.0
0x5abaa995b1b283292d175522cb8dfe820d6d362c,0.02511557456993629,0.014103584,0,1000.0,2,1765065743,0.0,-0.0010020040080160326,0.0,0.0,-0.0014170476576884727,0.0,0.0,0.0,1.0,,0.0,0.0,0.0,,,0.0,0,0.07268341763133024,,0.0,0.14660495850480681,2.999999,4594.0,4594.0,0.0009942294007960761,3.2727269090909092,-4616070.0,,0.0,11.0
0x4dccdb0157a344a1b458f39c9a3981d8fc5bc55b,0.025112946907378753,0.014080577,0,500.0,2,1764860897,-0.0010020040080160326,-0.0020040080160320653,-0.0010020040080160326,-0.0010020040080160326,-0.002834095315376946,0.0,-0.0010020040080160326,0.0,1.0,,-0.0010020040080160326,0.0,-0.0010020040080160326,,,-0.007999999395211987,0,0.07268341763133024,,-0.0010020040080160326,0.25584573617200823,1.0,147328.0,147328.0,0.03336369388412294,1.8033248333333332,-4268490.0,,0.0,5.0
0x27ee60e85234080858183076c62f92e25084858a,0.025110853605939353,0.014062246,0,19.999996000000003,3,1764792363,-0.9078155586479869,-0.9088175626560031,-0.9078155586479869,-0.9078155586479869,-1.3153403935105983,0.0,-0.9078155586479869,0.0,0.0,,-0.9078155586479869,0.0,-0.9078155586479869,,,-1.0485286897408699,0,0.07268341763133024,,-0.9078155586479869,0.5213319871102101,9.999998,1128.0,1128.0,0.00025947235101272427,10.333331666666666,-4346156.0,,0.0,3.0
0x186818f9432827217b7f3ed547c769d0da248ad7,0.025109452990580754,0.014049981,0,5.384478,4,1764825839,1.802518571312797e-07,-2.603631731012177e-07,1.802518571312797e-07,1.802518571312797e-07,-5.823659461298151e-05,0.0,1.802518571312797e-07,0.0,0.0,0.69228097496103,0.0011274138169431746,0.0,0.002254647382029218,,,0.18460010504140306,1,0.07268341763133024,-0.0031219751489589952,1.802518571312797e-07,0.27325185590253687,19.999999,76794.0,76794.0,0.01752983500579808,66.51886085714285,-4303966.0,,0.2857142857142857,7.0
0x2fcac4f488539e15a5a2822bea8a56a60390125c,0.025109008680669426,0.01404609,0,333.333333,2,1764947721,-0.0020040065250501006,-0.0030060105330661333,-0.0020040065250501006,-0.0020040065250501006,-0.004251140864498503,0.0,-0.0020040065250501006,0.0,0.0,,-0.0020040065250501006,0.0,-0.0020040065250501006,,,-0.015399987649600006,0,0.07268341763133024,,-0.0020040065250501006,0.32175084306073526,1.0,106958.0,106958.0,0.02375449791477981,3.49673275,-4395684.0,,0.375,8.0
0x8e5e52ea8f1d3a8515ea2949832d59be828ac024,0.025101015601262884,0.0139760785,0,1003.52998,5,1764854859,0.0,0.0,0.0,0.0,0.0,0.0,0.0,0.0,0.0,-2.1566733333333468,-0.00040518662324649546,0.0,-0.0008103732464929909,,,-0.03210000000000003,1,0.07268341763133024,-0.014150945397898003,0.0,1.0,5.0,284.0,284.0,6.4402305783962e-05,5.0,-4409496.0,,0.0,1.0
0x729730166cce311d8898d637a5b0a796f3e22108,0.025100970737966324,0.013975685,0,11980.0,3,1764981231,0.0003340013360053442,0.0006680026720106884,0.0003340013360053442,0.0003340013360053442,0.0011570145675142806,0.00046867167835963413,0.0003340013360053442,-0.057931334985641514,0.0,4.0000000000000036,0.00041750167000668026,0.0006020050116929007,0.0005010020040080163,0.0010030075175394627,-0.08689700247846216,,1,0.07268341763133024,-0.03515139478918287,0.0003340013360053442,0.29677924225269076,131.50299,1988563.0,1988563.0,0.43838103308707466,858.6099097792206,-2547589.0,0.0,0.7692307692307693,13.0
0xb8df0aa47873f196d61c67ca0f4f39378c2034cd,0.025100408252411034,0.013970758,0,13289.357576000008,22,1764854209,-5.433591787833162e-10,5.433591787833163e-10,-5.433591787833162e-10,-5.433591787833162e-10,7.378672474999707e-07,0.0,-5.433591787833162e-10,0.0,0.6243085994130934,-0.7146224497499667,-8.091253907557819e-05,0.0,-0.0001618245347919776,,,-0.008100000000000895,1,0.07268341763133024,-0.008300795961504268,-5.433591787833162e-10,1.0,9.9,664.0,664.0,0.00015059660295795314,9.9,-4408466.0,,0.0,1.0
0x243d758ce13058129e903b988833322cc0f7b577,0.025096103746905688,0.013933045,0,800.0,4,1764895593,0.0,0.0,0.0,0.0,0.0,0.0,0.0,0.0,0.0,-1.200000000000001,-0.00037575150300601224,0.0,-0.0007515030060120245,,,-0.03219999994430005,1,0.07268341763133024,-0.034936671474601756,0.0,0.3400000280000121,1.9999995,2680.0,2680.0,0.0006021776361112447,2.4999997499999997,-4447834.0,,0.0,4.0
0x40896b94fefbf1353f624d63b51b3ce44b9d1865,0.025095184452848435,0.01392499,0,1000.0,2,1765056779,0.0,-0.0010020040080160326,0.0,0.0,-0.0014170476576884727,0.0,0.0,0.0,1.0,,0.0,0.0,0.0,,,0.0,0,0.07268341763133024,,0.0,0.09529729478349017,1.0,5510.0,5510.0,0.0011947871717587874,2.63517964,-4606190.0,0.0,0.0,23.0
0x1a2669b04930e4dee654d500e1a6a4ea1153c155,0.025094950409583785,0.013922939,0,333.66665299999994,4,1764942517,-0.0012024298645452792,-0.0018036450938262957,-0.0012024298645453015,-0.0012024298645453015,-0.003245536912492382,0.0,-0.0012024298645453015,0.0,0.0,-0.08332975100996352,-0.0008517074722791,0.0,-0.0013026267598398253,,,-0.016099922079155653,1,0.07268341763133024,-0.02735642924463648,-0.000801609024631827,1.0,1.0,1434.0,1434.0,0.0003188481975738187,1.0,-4496004.0,,0.0,1.0
0x4352ea74d63fbba5ff05a6593de8dbd3402e658b,0.02509454939489173,0.013919425,0,26.528822999999996,4,1764632640,-0.9185861093356791,-0.9195881133436952,-0.9185861093356791,-0.9185861093356791,-1.8246403661091783,0.0,-0.9185861093356791,0.0,0.0,,-0.9185861093356791,0.0,-0.9185861093356791,,,-0.5176317153411921,0,0.07268341763133024,,-0.9185861093356791,0.2730968064340719,10.9499925,424.0,424.0,0.00010125225638504132,10.72499425,-4187137.0,,0.0,4.0
0x4a05d9ef72677e5dd1ae5f9fdffe9981f5a10329,0.025093309934405717,0.013908564,0,10.882000000000001,3,1764818603,0.11762984154410111,0.11863184555211716,0.11762984154410111,0.11762984154410111,0.2027642127262869,0.06488124279400913,0.11762984154410111,0.06593606986250253,0.0,,0.11762984154410111,0.07031734194730818,0.11762984154410111,0.06453859953388602,0.06271607479760147,,1,0.07268341763133024,-0.0006454430068732678,0.11762984154410111,0.0,0.0,634328.0,634328.0,0.1450381888838383,0.0,-3739196.0,0.0,,0.0
0x68399196eec9b25da5912a58278be2ac30dde642,0.02507599592991241,0.013756791,0,2.9979999999999998,4,1764903305,2.0000080000320027e-06,8.000032000128013e-06,2.0000080000320027e-06,2.0000080000320027e-06,0.0001790649505445975,-0.04543749787365503,2.0000080000320027e-06,-0.04493350325208215,0.0,0.0010000000000000009,0.00012700050800203207,0.0009551844764607606,0.00025200100800403213,0.0036180904218983557,-0.08868190957810165,,1,0.07268341763133024,-0.01861727521206049,2.0000080000320027e-06,0.2835541710782039,0.9999985,2216.0,2216.0,0.0004970586955439227,1.125946,-4456010.0,,0.2,5.0
0x34f48b32d3dacc6aa1892a7f0629ed2e7f791476,0.025072871799363426,0.013729394,0,70.62254,6,1764817983,0.0843803440043556,0.08471444424738671,0.0843803440043556,0.0843803440043556,0.253149413591955,0.5055592313371258,0.0843803440043556,0.5033435009635375,0.0,15.597180507066591,0.12094807632610259,0.5071896468652582,0.1575158086478496,0.6969237558565017,0.6929102377599948,,1,0.07268341763133024,-0.0005138931501140877,0.0843803440043556,0.10503084257242394,1.0,953878.0,953878.0,0.21813376191199257,2.5405573451327434,-3419026.0,,0.2,65.0
0x7015237eac73b76e8a116c9aa321bb39ff34e6a2,0.025072410279644974,0.013725347,0,8530.847534,8,1764833969,-8.746497976739568e-10,-5.247899825128169e-09,-8.746497976739568e-10,-8.746497976739568e-10,-5.616983060440036e-06,0.0,-8.746497976739568e-10,0.0,0.0,-4.134111651000814,-0.00024000490879109177,0.0,-0.00048000894293238585,,,-0.09869997313603787,1,0.07268341763133024,-0.01729838180945555,-8.746497976739568e-10,0.29321033948030656,2.0,2264.0,2264.0,0.0005158479706713999,3.0819997999999997,-4386626.0,,0.0,5.0
0x11f2b782774ead68a4c1e6a8bae4d1c3358ecf95,0.025067590410036547,0.013683072,0,30397.20438,11,1764934227,-7.026856918994287e-11,-2.1080570756978178e-10,-7.026856918994287e-11,-7.026856918994287e-11,-7.960430212574764e-07,0.0,-7.026856918994287e-11,0.0,0.0,-8.51636500000025,-0.00014960826607079817,0.0,-0.0002992164618730271,,,-0.01600000029970001,1,0.07268341763133024,-0.025196041113149426,-7.026856918994287e-11,0.3628847003886586,59.0249995,11944.0,11944.0,0.002660638499777686,73.74674975,-4477204.0,,0.0,3.0
0xecf3891a3e8c8a1ade362982c089080e95fc4c15,0.025059775756102673,0.013614514,0,4348.538318000001,59,1764693570,1.2132562985266349e-09,2.4265125970532693e-09,1.2132562985266349e-09,1.2132562985266349e-09,2.205164550662271e-06,0.756670003320135,1.2132562985266349e-09,0.00259251323209155,0.0,24.047668938303023,0.030020191146330606,0.0030119348156704543,0.06004038107940492,7.3425668236735095,7.338946827887528,-0.0276325618266701,4,0.07268341763133024,0.025883707380498625,1.2132562985266349e-09,0.1344277559302421,1.1,23674.0,23674.0,0.005572331446624225,2.8782980851735016,-4224817.0,0.0,0.2631578947368421,19.0
0xecf56389f1d8c0d6f0896a0c73431430aeae45f1,0.025058410287778676,0.013602532,0,1426.666666,2,1764920449,-0.0020040076683740683,-0.003006011676390101,-0.0020040076683740683,-0.0020040076683740683,-0.004251142481402764,0.0,-0.0020040076683740683,0.0,0.0,,-0.0020040076683740683,0.0,-0.0020040076683740683,,,-0.0160999971896023,0,0.07268341763133024,,-0.0020040076683740683,0.37479754757281836,4.3719945,87220.0,87220.0,0.019488891421267963,4.37672225,-4388150.0,,0.0,3.0
0xeda88e3d5876db5199ae7df30eb5964c895158f4,0.025057447339210566,0.013594083,0,2.996,4,1764929405,-1.0010030050110227e-06,2.0020060100220454e-06,-1.0010030050110227e-06,-1.0010030050110227e-06,6.334063539489124e-05,-0.0428913019317809,-1.0010030050110227e-06,-0.04584424887856483,0.0,-0.0010000000000000009,-0.00012612637863138875,0.000451954811475795,-0.0002512517542577665,0.0007030075175394623,-0.09159699227034608,,1,0.07268341763133024,-0.024155099827245334,-1.0010030050110227e-06,0.4062500390630346,2.999998,1848.0,1848.0,0.0004121020639445036,2.666661,-4482478.0,,0.0,3.0
0xeffd62b27fefdae9cf2e315ca201cc433aafc544,0.02505245646198414,0.013550282,0,350.0,2,1764857035,-0.0010020040080160326,-0.0020040080160320653,-0.0010020040080160326,-0.0010020040080160326,-0.002834095315376946,0.0,-0.0010020040080160326,0.0,1.0,,-0.0010020040080160326,0.0,-0.0010020040080160326,,,-0.007400000000000006,0,0.07268341763133024,,-0.0010020040080160326,0.6268198999043346,0.56003,340127.0,340127.0,0.07709211061941687,6.823771249999999,-4071829.0,0.0,0.0,4.0
0xbeee08432e520bd4969a1b5e3d29247aa4ecdd37,0.025051200776933128,0.013539261,0,2.059724,2,1764830935,0.02805611417034849,0.029058118178364522,0.02805611417034849,0.02805611417034849,0.04109438482488328,-0.06237169710184773,0.02805611417034849,-0.06088143304790397,0.0,,0.02805611417034849,0.03661856734049761,0.02805611417034849,-0.058436301020931974,-0.05983630102093197,,1,0.07268341763133024,-0.0032620120932510257,0.02805611417034849,0.6154107928030411,1.9999980000000002,40211735.0,40211735.0,9.16850325227276,496.43918395454546,35825879.0,,0.5333333333333333,15.0
0x67879ff32691e3239ea106bd9f476e88dda9b4dd,0.02504690650895583,0.013501566,0,323.406666,5,1764901625,-5.890411749487049e-08,-1.202127066885297e-07,-5.890411749487049e-08,-5.890411749487049e-08,-2.688347016297752e-05,0.0,-5.890411749487049e-08,0.0,0.0,-0.3266530066930637,-0.00036828734520651357,0.0,-0.0007365157862955322,,,-0.04019997618599987,1,0.07268341763133024,-0.01847384343275532,-5.890411749487049e-08,1.0,1.0,808.0,808.0,0.00018130633005919832,1.0,-4455738.0,,0.0,1.0
0x37d474bad76f005a69839e772ffba5d9eee20fe2,0.025044794809168495,0.013483027,0,14.014,2,1764863245,0.0,0.0010020040080160326,0.0,0.0,0.0014170476576884727,-0.09410300375437994,0.0,-0.09350450563038018,0.0,,0.0,-0.0032045053315801755,0.0,-0.0020000000000000018,-0.09050000000000001,,1,0.07268341763133024,-0.010117457047910882,0.0,0.963509836275448,11.999998,36619151.0,36619151.0,8.288314879975085,1286.7556447215188,32200985.0,0.0,0.8333333333333334,72.0
0x94a2c905e1c085f4ebe408ff13c5ed36e00b4cef,0.0250447780486564,0.01348288,0,2000.0,4,1764939195,-0.0040080160320641305,-0.005010020040080163,-0.0040080160320641305,-0.0040080160320641305,-0.010020040080160325,0.0,-0.0040080160320641305,0.0,0.0,,-0.0040080160320641305,0.0,-0.0040080160320641305,,,-0.03230000000000003,0,0.07268341763133024,,-0.0040080160320641305,0.4502290929799686,5.0,84716.0,84716.0,0.01885042575670054,8.166666333333334,-4409400.0,,0.0,3.0
0x1193864fb516aa6eaa10522b6d152c7de876261b,0.025042895955099884,0.013466355,0,1185.52702,8,1764892871,-0.005399577620799004,-0.006401581628815038,-0.005399577620799004,-0.005399577620799004,-0.014686936600426567,0.0,-0.005399577620799004,0.0,0.0,,-0.005399577620799004,0.0,-0.005399577620799004,,,-0.040200000000000034,0,0.07268341763133024,,-0.005399577620799004,0.4548114313323798,19.03155,104320.0,104320.0,0.023454334195483963,15.4463098,-4343472.0,,0.0,4.0
0x740b95ed0aefb264360a3530dd3a298a018a1d47,0.02503974784301356,0.013438713,0,1000.0,3,1765095985,-3.2128052167020866e-17,-0.0010020040080160645,-3.2128052167020866e-17,-3.2128052167020866e-17,-0.0017074871329164762,0.0,-3.2128052167020866e-17,0.0,1.0,,-3.2128052167020866e-17,0.0,-3.2128052167020866e-17,,,0.0,0,0.07268341763133024,,-3.2128052167020866e-17,0.22059663678493685,37.999999,240388.0,240388.0,0.05168627359916541,43.571424285714286,-4410518.0,,0.0,7.0
0x3075eb786dc5f574d485c1f8246284dc7bcdb14c,0.02503741296741123,0.013418209,0,12.024000000000001,2,1764947991,0.0010020040080159771,0.0020040080160320093,0.0010020040080159771,0.0010020040080159771,0.002834095315376867,-0.0893969924824605,0.0010020040080159771,-0.09220009229234866,0.0,,0.0010020040080159771,-0.000300092292348643,0.0010020040080159771,0.0009030075175394013,-0.0911969924824606,,1,0.07268341763133024,-0.028098625049384242,0.0010020040080159771,0.9565794193525299,11.449998,37846280.0,37846280.0,8.404845575485375,1277.2379559124997,33343368.0,0.0,0.9078947368421053,75.0
0x77c438dc1c440e007d8a29baf709601438c4b182,0.025035115947855454,0.013398035,0,1000.0,2,1764956857,-0.0010020040080160326,-0.0020040080160320653,-0.0010020040080160326,-0.0010020040080160326,-0.0028340953153769455,0.0,-0.0010020040080160326,0.0,1.0,,-0.0010020040080160326,0.0,-0.0010020040080160326,,,-0.00769999999640002,0,0.07268341763133024,,-0.0010020040080160326,0.7222222222222223,6.0,591418.0,591418.0,0.13108313396625454,6.0,-3920360.0,0.0,0.0,2.0
0x738cf166b901ca3b6b1c92db1984bcae9961d830,0.025028116294069046,0.01333655,0,700.0,5,1764937153,-0.0018608645863154895,-0.0028628685943315217,-0.0018608645863154895,-0.0018608645863154895,-0.006458052910099178,0.0,-0.0018608645863154895,0.0,0.7142857142857143,,-0.0018608645863154895,0.0,-0.0018608645863154895,,,-0.03210000000000003,0,0.07268341763133024,,-0.0018608645863154895,0.9375260742160232,10.0,586196.0,586196.0,0.13049562407030693,10.326666666666666,-3905878.0,,0.0,2.0
0xc548faa3e20eef1a9d3306551a3974c85cfee66c,0.025024590100316414,0.01330557,0,2141.333333,6,1764843711,-0.0007248538040862077,-0.0010872807854368676,-0.0007248538040862077,-0.0007248538040862077,-0.002556708289086113,0.0,-0.0007248538040862077,0.0,0.0,0.0,-0.0007248538040862077,0.0,-0.0007248538040862077,,,-0.016700001317490786,1,0.07268341763133024,-0.01880781032717298,-0.0007248538040862077,1.0,4.0,634.0,634.0,0.00014413572219726498,4.0,-4397998.0,,0.0,1.0
0x72bc8711bed173a2749092d075c4329061240556,0.02502229486290086,0.013285402,0,250.0,2,1764939551,-0.003006012024048098,-0.0040080160320641305,-0.003006012024048098,-0.003006012024048098,-0.005668190630753891,0.0,-0.003006012024048098,0.0,0.0,,-0.003006012024048098,0.0,-0.003006012024048098,,,-0.024099999999700018,0,0.07268341763133024,,-0.003006012024048098,0.3065444475613318,2.0199995,170194.0,170194.0,0.03786740689451397,3.5066660000000005,-4324278.0,,0.0,6.0
0x72d9126e2ab948b617401aa8a04ced79599e8541,0.025014207468756083,0.0132143255,0,590.608214,5,1764828513,-1.4425875815973632e-07,-1.5327493100550263e-07,-1.4425875815973632e-07,-1.4425875815973632e-07,-7.226196084726908e-05,0.0,-1.4425875815973632e-07,0.0,0.0,-12.542239692005785,-0.004006012892005492,0.0,-0.008011881525252824,,,-0.26309999348118007,1,0.07268341763133024,-0.014673749989921584,-1.4425875815973632e-07,1.0,20.0,7608.0,7608.0,0.001735625539246171,20.0,-4375826.0,,0.0,1.0
0x83d337c50ec414c45c3d030023dc59fd69d4a973,0.025010392702755516,0.013180791,0,1582.504947,11,1764797211,2.7969901955086126e-06,2.803185079662562e-06,2.7969901955086126e-06,2.7969901955086126e-06,0.001594354549638984,3.6017197768065543,2.7969901955086126e-06,3.5800197097264905,0.0,721.410150965,0.11292609173190718,3.582119716218109,0.22584938647361885,7.227524144204385,7.227124144204385,,1,0.07268341763133024,0.0038934514056950904,2.7969901955086126e-06,0.03312616486013007,36.16575,1547914.0,1547914.0,0.3556679806586749,63.688049054216876,-2804218.0,0.0,0.46938775510204084,98.0
0xb51e00d7f0a9b0267303256cab9b83b1e4ed3361,0.025002146706682785,0.013108287,0,322570.4,15,1765049011,6.672318057089004e-18,-0.001002004008016026,6.672318057089004e-18,6.672318057089004e-18,-0.0030038985595562348,0.0,6.672318057089004e-18,0.0,1.0,,6.672318057089004e-18,0.0,6.672318057089004e-18,,,0.0,0,0.07268341763133024,,6.672318057089004e-18,0.048184945485362944,5.0,12564.0,12564.0,0.002728971670302689,9.98513954032258,-4591368.0,,0.23684210526315788,38.0
0xab2360eb1e6df75e3e258bcfd21e02a8c9cb549b,0.025001275773398772,0.013100628,0,500.0,2,1764872155,-0.0010020040080160326,-0.0020040080160320653,-0.0010020040080160326,-0.0010020040080160326,-0.002834095315376946,0.0,-0.0010020040080160326,0.0,1.0,,-0.0010020040080160326,0.0,-0.0010020040080160326,,,-0.008000000000000007,0,0.07268341763133024,,-0.0010020040080160326,0.2129029995649389,0.84155,38482.0,38482.0,0.00869241910461894,1.1217939,-4388594.0,,0.0,13.0
0xa645a7ff60f1823cb8f24d8336e6c2f003defdbe,0.025000771802039856,0.013096196,0,2485.0,2,1764935985,-0.003006012024048098,-0.0040080160320641305,-0.003006012024048098,-0.003006012024048098,-0.00566819063075389,0.0,-0.003006012024048098,0.0,0.0,,-0.003006012024048098,0.0,-0.003006012024048098,,,-0.02420000000000002,0,0.07268341763133024,,-0.003006012024048098,0.8355230975801426,54.9699995,690624.0,690624.0,0.15378277790717507,54.9699995,-3800282.0,,0.0,2.0
0x797d1b62647d73dfaaa856fca1763e7cc89753c2,0.024998779417116333,0.013078673,0,2.04,2,1764886705,-0.003006012024048098,-0.0040080160320641305,-0.003006012024048098,-0.003006012024048098,-0.005668190630753891,0.0,-0.003006012024048098,0.0,0.0,,-0.003006012024048098,0.0,-0.003006012024048098,,,-0.024214043243243267,0,0.07268341763133024,,-0.003006012024048098,0.28791252753610774,4.9999985,186965.0,186965.0,0.04209381879518897,4.194232666666667,-4254661.0,,0.2,5.0
0x9b7c7757e14b2bd7e7d56da529d37207af2d6273,0.024998020413693197,0.013071997,0,160.0,4,1764829705,0.0,0.0,0.0,0.0,0.0,0.0,0.0,0.0,0.0,-1.8400000000000016,-0.0028807615230460938,0.0,-0.0057615230460921875,,,-0.17800002390399983,1,0.07268341763133024,-0.007996958227828227,0.0,1.0,2.0,8212.0,8212.0,0.0018729077462935266,2.0,-4376414.0,,0.0,1.0
0x594e244b9ccff43cf4a32aed82c74f0889c31ea2,0.024997525188771193,0.013067641,0,29.999996,2,1764751711,-0.9238476448939836,-0.9248496489019996,-0.9238476448939836,-0.9238476448939836,-1.307934916633203,0.0,-0.9238476448939836,0.0,0.0,,-0.9238476448939836,0.0,-0.9238476448939836,,,-1.0356378457283921,0,0.07268341763133024,,-0.9238476448939836,0.3964498323169711,14.999998,688.0,688.0,0.00015975360792377894,21.66665766666667,-4305944.0,,0.0,3.0
0xa56a17cc2ec2df4e553128fa91d582e9c18a1be2,0.024982824000803882,0.012938297,0,322.580645,2,1764831929,-0.03006011879919835,-0.03106212280721438,-0.03006011879919835,-0.03006011879919835,-0.04392847535006122,0.0,-0.03006011879919835,0.0,0.0,,-0.03006011879919835,0.0,-0.03006011879919835,,,-0.2349999883489597,0,0.07268341763133024,,-0.03006011879919835,0.3314086584241146,9.999999500000001,181997.0,181997.0,0.04148694393471398,36.500688785714296,-4204853.0,,0.42857142857142855,7.0
0x772bd2600c7ba6081b766d2ab9e0000becf1b917,0.024965665284130537,0.012787238,0,333.333333,3,1764858593,-0.0020040065250501128,-0.003006010533066145,-0.0020040065250501128,-0.0020040065250501128,-0.005125961419864261,0.0,-0.0020040065250501128,0.0,0.0,,-0.0020040065250501128,0.0,-0.0020040065250501128,,,-0.01599999999991002,0,0.07268341763133024,,-0.0020040065250501128,0.5060607352512337,1.5058,360089.0,360089.0,0.08158782321750876,2.7005706,-4053425.0,,0.375,8.0
0xe77a3776d8e46fc46d7eea8347b6067f3cfb7079,0.024964982025382106,0.0127812205,0,10.015998,8,1764818509,-5.19669345321329e-07,-7.795040179819935e-07,-5.19669345321329e-07,-5.19669345321329e-07,-4.8406595117273824e-05,-0.003842735180960713,-5.19669345321329e-07,-0.003801023381182098,0.0,-0.3943702512000001,-0.020501292942321576,-9.149071595843131e-05,-0.04100206621529783,-0.08879699248246055,-0.09039699248246055,-1.364298888584663,1,0.07268341763133024,-0.0008622880933375938,-5.19669345321329e-07,0.2812100979703987,0.999999,10618.0,10618.0,0.002427842677257896,2.4453996666666664,-4362812.0,0.0,0.0,5.0
0x199f9e490b812d977c8549c993e2ce0cccfb3d76,0.02495397879272159,0.012684296,0,5.005,2,1764858849,-5.562239602330442e-17,0.001002004008015977,-5.562239602330442e-17,-5.562239602330442e-17,0.0014170476576883943,-0.09470363315250496,-5.562239602330442e-17,-0.09300451364157075,0.0,,-5.562239602330442e-17,-0.003204505631569955,-5.562239602330442e-17,-0.0019000000000000629,-0.09000000801000085,,1,0.07268341763133024,-0.00918472612805063,-5.562239602330442e-17,0.23422605388911455,17.235465,354223.0,354223.0,0.08025406851738989,315.2212041965318,-4059547.0,0.0,0.696969696969697,66.0
0x9297dc5c6ef009e13c33598c0dd5b43bec28949f,0.024953193420984277,0.012677376,0,1538.580436,7,1764834787,0.01651148267875423,0.017513486686770267,0.01651148267875423,0.01651148267875423,0.03563654196720582,-0.07611198028555985,0.01651148267875423,-0.07435833699807225,0.0,,0.01651148267875423,0.016056019525053714,0.01651148267875423,-0.07053757060199778,-0.0739681817462045,,1,0.07268341763133024,-0.004079318622664513,0.01651148267875423,0.16123622426396983,612.3,5351267.0,5351267.0,1.219048510743767,620.3403649333333,961559.0,,0.2,15.0
0x6ba760564dc8ddefafbfbf04a9bcddcea3b9ab1f,0.024951579414979778,0.012663155,0,1059.5550190000001,3,1764924237,-0.0020040078660320437,-0.0030060118740480764,-0.0020040078660320437,-0.0020040078660320437,-0.005077003121911519,0.0,-0.0020040078660320437,0.0,0.0,,-0.0020040078660320437,0.0,-0.0020040078660320437,,,-0.016099999999999115,0,0.07268341763133024,,-0.0020040078660320437,0.1982601255392589,25.0,40706.0,40706.0,0.009087868746759993,52.58147819047618,-4438452.0,,0.058823529411764705,17.0
0x8e36870341ae2b372109744fa369a39c83aa3410,0.02492551098806094,0.012433337,0,2519.569988,12,1764854107,0.0,7.804010822741354e-09,0.0,0.0,3.954655515462081e-06,0.0,0.0,0.0,0.0,-0.4949999016000139,-0.0002475256682721862,0.0,-0.0004950513365443724,,,-0.0239999999999991,1,0.07268341763133024,-0.008300795961504268,0.0,0.363121497198026,3.404998,10934.0,10934.0,0.0024799116721417962,3.0646815,-4398094.0,0.0,0.0,3.0
0x292775fc8f3407e6b19229695bbf04d648f171a1,0.024921427529285764,0.012397316,0,1000.0,2,1765146271,0.0,-0.0010020040080160326,0.0,0.0,-0.0014170476576884727,0.0,0.0,0.0,1.0,,0.0,0.0,0.0,,,3.3306690738754695e-17,0,0.07268341763133024,,0.0,0.14197530932785096,1.0,1198.0,1198.0,0.0002548289880523918,1.6363634545454544,-4699994.0,0.0,0.0,11.0
0x957a68b12c4d8c32426ff92d9b530abdc780977e,0.024914870569617446,0.012339464,0,1.057074,2,1764766499,-0.9468937837835365,-0.9478957877915527,-0.9468937837835365,-0.9468937837835365,-1.3405270788111427,0.0,-0.9468937837835365,0.0,0.0,,-0.9468937837835365,0.0,-0.9468937837835365,,,-1.027384653752211,0,0.07268341763133024,,-0.9468937837835365,0.32944794898783214,2.999983,856732.0,856732.0,0.1982524262858042,266.0423010769231,-3464688.0,,0.5384615384615384,13.0
0x2007056140b4bed918fb1277810b9a3335fa25d2,0.02491312716451402,0.01232408,0,82.266665,5,1764834239,-0.023357887255693953,-0.024359891263709986,-0.023357887255693953,-0.023357887255693953,-0.05360525012910004,0.0,-0.023357887255693953,0.0,0.0,,-0.023357887255693953,0.0,-0.023357887255693953,,,-0.17119999999999924,0,0.07268341763133024,,-0.023357887255693953,0.3068055059851219,2.0199995,261071.0,261071.0,0.059480857385012166,2.7211996,-4128089.0,,0.4,5.0
0xcf095ef7b9ddae97e9fbd6b8e89ed29f4b4e6d10,0.02490430156943732,0.012246183,0,5500.0,2,1764872037,-0.0010020040080160326,-0.0020040080160320653,-0.0010020040080160326,-0.0010020040080160326,-0.0028340953153769455,0.0,-0.0010020040080160326,0.0,1.0,,-0.0010020040080160326,0.0,-0.0010020040080160326,,,-0.008000000000000007,0,0.07268341763133024,,-0.0010020040080160326,0.21550587533933777,14.0,160258.0,160258.0,0.036200478974501224,15.121592999999999,-4266700.0,,0.0,5.0
0x6d1b4892537f4b07647fc2f9765baf3c8941e205,0.024901095328670343,0.012217877,0,666.663333,4,1764947095,-1.0016067200545711e-08,-1.502410828283184e-08,-1.0016067200545711e-08,-1.0016067200545711e-08,-6.720312877150453e-06,0.0,-1.0016067200545711e-08,0.0,0.0,-0.6666595040099582,-0.000250509579691002,0.0,-0.0005010091433148035,,,-0.015399987649600006,1,0.07268341763133024,-0.03543189303214357,-1.0016067200545711e-08,0.3333333333333333,1.0,868.0,868.0,0.00019280251336290232,1.0,-4501148.0,,0.0,3.0
0x5ad847c5e1d198f3f8a0d16dd084418d3c15e58a,0.02489642483015736,0.0121766385,0,1333.333333,2,1764912975,-0.002004007643286532,-0.003006011651302565,-0.002004007643286532,-0.002004007643286532,-0.00425114244592363,0.0,-0.002004007643286532,0.0,0.0,,-0.002004007643286532,0.0,-0.002004007643286532,,,-0.015699996912399667,0,0.07268341763133024,,-0.002004007643286532,0.4267081385020092,6.5751495,226073.0,226073.0,0.05059943203691402,6.567574250000001,-4241823.0,,0.3333333333333333,3.0
0xa6e7ffa50b030c3a448511f5c268504eaa3e5fbc,0.02488824602600622,0.012104404,0,2250.0,4,1764852405,-0.0003340013360053442,-0.0013360053440213768,-0.0003340013360053442,-0.0003340013360053442,-0.003225402220939341,0.0,-0.0003340013360053442,0.0,0.8888888888888888,,-0.0003340013360053442,0.0,-0.0003340013360053442,,,-0.01205000000000046,0,0.07268341763133024,,-0.0003340013360053442,0.10018905071094725,1.0,7664.0,7664.0,0.0017389228752309224,1.5333331333333333,-4399662.0,0.0,0.0,15.0
0x405f01cd67c15cafa06a1ca3a5a087d41a28a69c,0.024884654173673287,0.012072674,0,1.2,1,1764184103,0.9709418837675348,0.9719438877755507,0.9709418837675348,0.9709418837675348,0.9719438877755507,-0.18399999603294126,0.9709418837675348,-0.176,0.0,,0.9709418837675348,-0.176,0.9709418837675348,-0.23199999999999998,-0.23199999999999998,,1,0.07268341763133024,0.13398098298296515,0.9709418837675348,0.012025970365895314,0.12,8404974.0,8404974.0,2.247905870622922,1.605308230460922,4665950.0,,0.3547008547008547,234.0
0xc5d5b7a32f92acaedad697640fb4904d47965cd6,0.024880019775514607,0.0120317275,0,1333.333333,4,1764949563,-0.0005010016297595202,-0.0015030056377755528,-0.0005010016297595202,-0.0005010016297595202,-0.003352769699605948,0.0,-0.0005010016297595202,0.0,0.7500000001875,,-0.0005010016297595202,0.0,-0.0005010016297595202,,,-0.00784998759980018,0,0.07268341763133024,,-0.0005010016297595202,0.0833333333340619,0.9999994999999999,14594.0,14594.0,0.0032398827479462686,0.9999985833333334,-4489890.0,,0.0,12.0
0x051f331e209fc72041d92d85c415e4785a339faa,0.024871118896356206,0.011953064,0,3914.3333329999996,4,1764895561,-0.004285980475994285,-0.005287984484010317,-0.004285980475994285,-0.004285980475994285,-0.009496475517355572,0.0,-0.004285980475994285,0.0,0.0,,-0.004285980475994285,0.0,-0.004285980475994285,,,-0.03332350493478939,0,0.07268341763133024,,-0.004285980475994285,0.3557608932297438,4.639998,236809.0,236809.0,0.05320974222567353,5.938078833333332,-4213673.0,0.0,0.0,10.0
0x13aaad4de109d5d2e17e06188ca170f1c39b1750,0.024870439318101543,0.011947057,0,100.82461500000001,11,1764826181,-0.011158949520725115,-0.012160953528741152,-0.011158949520725115,-0.011158949520725115,-0.04363919446256123,0.0,-0.011158949520725115,0.0,0.0,,-0.011158949520725115,0.0,-0.011158949520725115,,,-0.00789997512490105,0,0.07268341763133024,,-0.011158949520725115,1.0,6.0,424784.0,424784.0,0.09695825388224241,6.0,-3956318.0,,0.0,1.0
0xc0bccf37ff7ce3f0cd88457cc1707b082132ae28,0.02486666688156673,0.011913708,0,10.02,2,1764941339,0.0010020040080160326,0.0020040080160320653,0.0010020040080160326,0.0010020040080160326,0.002834095315376945,-0.09039699248246032,0.0010020040080160326,-0.09180300751753946,0.0,,0.0010020040080160326,-0.0010030167191004647,0.0010020040080160326,0.0010030075175394627,-0.08979699248246055,,1,0.07268341763133024,-0.02668722239267123,0.0010020040080160326,0.33673466035074884,9.99996,112024.0,112024.0,0.024914929296793335,9.333316333333334,-4384236.0,0.0,0.0,3.0
0x446159f00ecc5219687bd71f8bb76b575aa34280,0.024866130475591393,0.011908966,0,4.0,4,1764875611,0.0,0.0,0.0,0.0,0.0,0.0,0.0,0.0,1.0,0.0,0.0,0.0,0.0,,,-0.008000000000000007,1,0.07268341763133024,-0.02730126317567295,0.0,0.19727890249436436,3.9999995,480.0,480.0,0.00010833913399113245,3.499998833333333,-4430052.0,,0.0,6.0
0xf9360fd2833a3a77829063834762c9bca7954d15,0.02484447939522519,0.0117174685,0,79.909999,5,1764788903,4.1737595019756696e-05,4.310284345498238e-05,4.1737595019756696e-05,4.1737595019756696e-05,0.006178937785616671,3.5299657039882844,4.1737595019756696e-05,2.732076879526244,0.0,36.825646308,0.10722756614892646,2.733576952518276,0.2144133947028332,7.056796262970853,7.054196262970854,,1,0.07268341763133024,0.005656219486268104,4.1737595019756696e-05,0.3333333333333363,5.0,17319468.0,17319468.0,3.987147729742273,4.999999666666667,12975644.0,0.0,0.0,3.0
0x8e1aeb79cfb8a076c3d773f16acbe05c7e7837cf,0.02484439761424627,0.011716745,0,200.0,2,1764885753,-0.0040080160320641305,-0.005010020040080163,-0.0040080160320641305,-0.0040080160320641305,-0.0070852382884423635,0.0,-0.0040080160320641305,0.0,0.0,,-0.0040080160320641305,0.0,-0.0040080160320641305,,,-0.03230000000000003,0,0.07268341763133024,,-0.0040080160320641305,0.346936362495228,19.9999995,198901.0,198901.0,0.04479072321003524,67.30550366666667,-4241773.0,,0.3888888888888889,18.0
0x3f5dc3e0889e668a27447b7dbe1e297ff9964c40,0.02483234121163219,0.011610039,0,451.167278,7,1764718209,1.072635991252718e-05,1.0749831159600545e-05,1.072635991252718e-05,1.072635991252718e-05,0.0031411110294277214,0.12091035468346202,1.072635991252718e-05,0.015759123150648664,0.0,270.67804395999997,0.1144406839805947,0.018209151845421767,0.22887064160127688,7.313203607895329,7.30770360789533,,1,0.07268341763133024,0.020655873637451142,1.072635991252718e-05,0.1188736300912399,10.0,639792.0,639792.0,0.14972444086653108,22.468611658536584,-3633338.0,,0.375,16.0
0x019893f83b94f990380ecaa1c374ef523e44ba17,0.02483051422912449,0.011593864,0,502.0,4,1764857973,0.0,0.0,0.0,0.0,0.0,0.0,0.0,0.0,1.0,0.0,0.0,0.0,0.0,,,-0.007999702995197654,1,0.07268341763133024,-0.026771244559246447,0.0,0.25000000000004685,0.999999,24606.0,24606.0,0.0055759327099178,0.99999925,-4388288.0,,0.0,4.0
0x861b0822b4b1828fb87b7aebbdadb59d3d991c5a,0.02482976956645847,0.0115872715,0,1050.521,2,1764895821,0.0040080160320641305,0.005010020040080164,0.0040080160320641305,0.0040080160320641305,0.007032266202139275,-0.08938490509852606,0.0040080160320641305,-0.08872279166328242,0.0,,0.0040080160320641305,0.0024287521897200324,0.0040080160320641305,0.004930188599936371,-0.08671981140006363,,1,0.07268341763133024,-0.017029341134664193,0.0040080160320641305,0.11255823495001172,483.236742,1947738.0,1947738.0,0.43762096297651043,523.70008976,-2503004.0,,0.9166666666666666,12.0
0x3443c296f49db7dfc5229240dad70d2ba551c14b,0.02482839033070274,0.01157506,0,1.0309,2,1764830793,0.02905811623246489,0.030060120240480923,0.02905811623246489,0.02905811623246489,0.04251142973065411,-0.06223128440377276,0.02905811623246489,-0.05969103853222548,0.0,,0.02905811623246489,0.038008961467774494,0.02905811623246489,-0.05724428990837627,-0.05864428990837627,,1,0.07268341763133024,-0.003231882932509407,0.02905811623246489,0.7764580504608813,41.5,34012076.0,34012076.0,7.75519698730925,257.7639266065574,29626362.0,,0.25,12.0
0x6bf5c38552e200264703946bb8e86a5d02d79055,0.024827689381049043,0.011568854,0,21607.619733,59,1764809059,0.0011313391140214996,0.001432714414339039,0.0011313391140214996,0.0011313391140214996,0.005855542883369711,-0.017940176389889543,0.0011313391140214996,-0.017436077525529343,0.0,-1804.827830885354,-0.03431104790736309,-0.017114450702568444,-0.06975343492874769,-0.0858630876284526,-0.08486308762845259,-1.00287538009013,1,0.07268341763133024,-0.0007888747861784385,0.0011313391140214996,0.9896228249853538,35.3834595,2020049.0,2020049.0,0.46289144313218666,256.5286349,-2343931.0,,0.0,2.0
0xc97fd2420d1a0364d05a291dfc5c47bd95b2a8b6,0.024818910316118777,0.011491108,0,16666.666666,2,1764950517,-0.002004007986272526,-0.0030060119942885584,-0.002004007986272526,-0.002004007986272526,-0.004251142930979074,0.0,-0.002004007986272526,0.0,0.0,,-0.002004007986272526,0.0,-0.002004007986272526,,,-0.01609999975942985,0,0.07268341763133024,,-0.002004007986272526,0.3540137521829331,48.2999995,352997.0,352997.0,0.07834909724648302,76.64242178947369,-4152441.0,,0.28,19.0
0x62e38b89bab7aa6fff8b0d2a176413f9ffa7fd3a,0.02481500567255659,0.01145652,0,10000.0,2,1764853047,-0.003006012024048098,-0.0040080160320641305,-0.003006012024048098,-0.003006012024048098,-0.005668190630753891,0.0,-0.003006012024048098,0.0,0.0,,-0.003006012024048098,0.0,-0.003006012024048098,,,-0.023999999999999133,0,0.07268341763133024,,-0.003006012024048098,0.2860685945421324,19.0,349385.0,349385.0,0.0792621452787316,18.666666333333335,-4058583.0,,0.0,4.0
0x63ace3ced97378dde21c73a62ea2bac167b21494,0.0248149801258075,0.011456294,0,228.53861000000003,16,1764549926,0.027831816575516286,0.028127234254783563,0.027831816575516286,0.027831816575516286,0.17400867227769362,1.4391175422342382,0.027831816575516286,0.038873902796422305,0.0,913.30510459,0.13834005695060492,0.04180496721586168,0.24884829732569355,4.4711437154480445,4.466923718167681,,4,0.07268341763133024,0.056361687419717456,0.027831816575516286,0.029203758266641934,5.12497,1094019.0,1094019.0,0.26651882518398373,9.33763185103926,-3010828.0,0.0,0.4846153846153846,127.0
0x66f777bfa567322d531467e590ed931802fd9979,0.024812690168882746,0.011436007,0,666.666666,4,1764944497,-0.0020040065250501006,-0.0030060105330661333,-0.0020040065250501006,-0.0020040065250501006,-0.0060120210661322665,0.0,-0.0020040065250501006,0.0,0.0,,-0.0020040065250501006,0.0,-0.0020040065250501006,,,-0.016099987947200006,0,0.07268341763133024,,-0.0020040065250501006,0.4695671626029722,0.999999,350181.0,350181.0,0.07782806576317204,1.9848438888888889,-4149237.0,,0.0,6.0
0xe56ebc8c4178d4f21b65ab6486f950249c2d0bb4,0.024809208479203673,0.011405159,0,250.0,2,1764855547,-0.003006012024048098,-0.0040080160320641305,-0.003006012024048098,-0.003006012024048098,-0.005668190630753891,0.0,-0.003006012024048098,0.0,0.0,,-0.003006012024048098,0.0,-0.003006012024048098,,,-0.02400000000000002,0,0.07268341763133024,,-0.003006012024048098,0.21964277054745032,19.999999,122124.0,122124.0,0.02768957852091887,16.9139015,-4288344.0,,0.2857142857142857,7.0
0x8dfc93801df2502bee21bc9555998c4078b63b32,0.024804117931530832,0.011360048,0,450.0,4,1764935673,-0.00011133377866844807,-0.00044533511467379226,-0.00011133377866844807,-0.00011133377866844807,-0.001336005344021377,0.0,-0.00011133377866844807,0.0,0.0,-0.20000000000000018,-0.00022266755733689613,0.0,-0.0003340013360053442,,,-0.024100000299700018,1,0.07268341763133024,-0.025578808760880978,-0.00011133377866844807,0.23469395626964096,1.0,3890.0,3890.0,0.0008662551101257429,1.3999979999999999,-4486704.0,,0.0,5.0
0x997084b71cb7fb5dcccfeb91b5c984655af7ce0a,0.02480382621514975,0.011357463,0,23.188,3,1764806595,-0.0010020040080160326,-0.0013360053440213768,-0.0010020040080160326,-0.0010020040080160326,-0.0023140291350285617,2.351033333333333,-0.0010020040080160326,2.3421000005144825,0.0,9.68,0.07247828991315962,2.342966666666667,0.14595858383433527,7.0597,7.058300001543447,-0.01057910803201626,1,0.07268341763133024,0.0019023806704884022,-0.0010020040080160326,0.2331622682357525,5.0,3744194.0,3744194.0,0.8584615991320449,9.299721217391305,-617322.0,,0.06666666666666667,15.0
0xeab7b0a830a1755f1296fee950b3080e3529b389,0.024800686902778025,0.011329639,0,0.014,1,1764819397,0.0,-0.0010020040080160326,0.0,0.0,-0.0010020040080160326,0.0,0.0,0.0,1.0,,0.0,0.0,0.0,,,0.2705999994365278,0,0.07268341763133024,,0.0,0.0,0.0,279085.0,279085.0,0.06380080277656996,0.0,-4095233.0,,,0.0
0xc6478b6fe573092df52a3d80d196a804798fd99c,0.024799397391855937,0.011318209,0,7414.852000000001,9,1764824167,-0.029076910887064707,-0.030078914895080744,-0.029076910887064707,-0.029076910887064707,-0.07890928166021843,0.0,-0.029076910887064707,0.0,0.0,,-0.029076910887064707,0.0,-0.029076910887064707,,,0.027499999999999802,0,0.07268341763133024,,-0.029076910887064707,0.4076549379924415,390.0,33099668.0,33099668.0,7.558575666896852,300.0019296666667,28720580.0,,0.0,3.0
0x0158f7f8ba23acfb6a27908c14999ba3b840fd78,0.024797633075262403,0.011302569,0,600.0,2,1764898971,-0.0040080160320641305,-0.005010020040080163,-0.0040080160320641305,-0.0040080160320641305,-0.007085238288442363,0.0,-0.0040080160320641305,0.0,0.0,,-0.0040080160320641305,0.0,-0.0040080160320641305,,,-0.03230000000000003,0,0.07268341763133024,,-0.0040080160320641305,0.1172577333903101,1.0,7902.0,7902.0,0.00177417862848942,2.3298264137931035,-4445990.0,0.0,0.0,19.0
0xba3a078d29b13f990189a1f7eb309bc09063fdfa,0.024797447331666153,0.011300922,0,290.909089,4,1764819207,-0.012775547748230795,-0.013777551756246828,-0.012775547748230795,-0.012775547748230795,-0.029176911936260274,0.0,-0.012775547748230795,0.0,0.0,,-0.012775547748230795,0.0,-0.012775547748230795,,,0.14235004345096527,0,0.07268341763133024,,-0.012775547748230795,0.031654652524361046,2.463,106066.0,106066.0,0.024248490213363668,3.3070303064516127,-4268062.0,,0.42857142857142855,56.0
0xd5f0e9aacf13875360ba1325e8beac586c2b49a5,0.024796175633793868,0.011289649,0,4581.629147000001,7,1764828941,-7.801764052240971e-08,-8.401899748567198e-08,-7.801764052240971e-08,-7.801764052240971e-08,-5.946317880558991e-05,0.0,-7.801764052240971e-08,0.0,0.0,-93.12718482599998,-0.005091815555586091,0.0,-0.01018355309353166,,,-0.32738533109570817,1,0.07268341763133024,-0.004604244986571306,-7.801764052240971e-08,0.48009508786091604,255.999999,1823179.0,1823179.0,0.41588421350854565,416.3765458235294,-2560683.0,,0.6,5.0
0xf8b9ba31f5307c0969d058e3a3affdb54f577b8d,0.02479412413723077,0.011271461,0,72.146727,8,1764691036,7.15018804701288e-05,7.182725873031287e-05,7.15018804701288e-05,7.15018804701288e-05,0.00797186160796611,2.0684656407142272,7.15018804701288e-05,1.0283130016920348,0.0,25.326783305557488,0.11160226043422415,1.030154242473506,0.22313301898797816,7.122958395474705,7.119667391892189,,3,0.07268341763133024,0.026421364375704692,7.15018804701288e-05,0.0,0.0,1249633.0,1249633.0,0.2943112706982195,0.0,-2996324.0,,,0.0
0x56fb1ee860274e6aef71bd10d7cbd613fe3eb84f,0.024788587004442312,0.011222363,0,12.181396000000001,4,1764828907,2.797606622112806e-05,3.068340007814067e-05,2.797606622112806e-05,2.797606622112806e-05,0.0010224166947134284,-0.029080382718308796,2.797606622112806e-05,-0.027072060878470326,0.0,0.0961009722471326,0.003907283871083177,0.01866912974823732,0.007786591675945226,-0.0521421523118704,-0.053042143882569295,,1,0.07268341763133024,-0.0028317167553355135,2.797606622112806e-05,0.33333333333336634,3.0,67830.0,67830.0,0.01547277858529121,2.9999993333333332,-4315998.0,,0.0,3.0
0x27ec9e8f2d88afe6a95350d174a4505430f127ae,0.024784208819594682,0.011183535,0,538.608075,13,1764501008,9.790344884765762e-08,4.026811417821056e-06,9.790344884765762e-08,9.790344884765762e-08,0.001953713795941366,-0.019754537255882467,9.790344884765762e-08,-0.11175492808645014,0.0,2.969354819999998,0.0025691159109618366,-0.11005492086458096,0.005138133918474826,0.24037393432211449,0.23727393403458924,,1,0.07268341763133024,0.06674097111801677,9.790344884765762e-08,0.8049412041270154,14.999999,666709.0,666709.0,0.16437886363395415,147.53068546753244,-3389220.0,0.0,0.07894736842105263,38.0
0x22d6a934594654a2095a4a6cdef113b73abf376a,0.02476124347378685,0.010979753,0,501.0,4,1764870473,0.0,0.0,0.0,0.0,0.0,0.0,0.0,0.0,1.0,-0.5000000000000004,-0.00012525050100200408,0.0,-0.00025050100200400816,,,-0.008000000000000007,1,0.07268341763133024,-0.011796627316285321,0.0,0.20345379044360465,1.0,11708.0,11708.0,0.002645640139612428,1.6425424285714283,-4413686.0,,0.0,7.0
0xc7c28ffe1895f9c44d66d76ef23f0c1b39e82f69,0.024755001856865536,0.0109243365,0,40731.978559999996,6,1764858531,-0.0002486175358235269,-0.0010095378727379579,-0.0002486175358235269,-0.0002486175358235269,-0.0026160825393390743,0.0,-0.0002486175358235269,0.0,1.0,33.00000000000003,-0.0001864631518676452,0.0,-0.00012430876791176348,,,-0.007699999999352525,1,0.07268341763133024,-0.012955539118896034,-0.0002486175358235269,0.7503126580024857,262.3248,4732171.0,4732171.0,1.0722153543303519,227.9582663333333,318719.0,,0.0,2.0
0xb20d26cc96515f773073dd270aab7e12bcb4db55,0.024754977419150018,0.0109241195,0,33596.92828,9,1764825259,0.0,-4.515750748213012e-20,0.0,0.0,-9.512938924339665e-12,-0.037924917280270774,0.0,-0.0356949779534804,0.0,189.2778899999998,0.002349468808673384,-0.0346449779534804,0.004698937617346768,-0.06959827766451984,-0.07009827766451986,,1,0.07268341763133024,-0.0020576943723395634,0.0,0.3333424603725437,100.00857099999999,12925744.0,12925744.0,2.950961832618751,545.84928646875,8545564.0,,0.6666666666666666,8.0
0x0d5aea1cb76060f9e9137dfe74b58f8ab00aa457,0.0247476067977574,0.0108586615,0,48.78,6,1764831899,0.023446893787575095,0.024448897795591132,0.023446893787575095,0.023446893787575095,0.06005216997981552,-0.06881329001369803,0.023446893787575095,-0.06595789387797688,0.0,,0.023446893787575095,0.027701506095436132,0.023446893787575095,-0.047493542626076905,-0.06407269610856776,,2,0.07268341763133024,-0.0034665509027927187,0.023446893787575095,0.0,0.0,56426.0,56426.0,0.012862620303545621,0.0,-4330394.0,0.0,,0.0
0xe20deb609c6736753e7f1b2c64b737018275c49b,0.02474366475790581,0.010823645,0,5000.0,2,1765032877,0.0,-0.0010020040080160326,0.0,0.0,-0.0014170476576884727,0.0,0.0,0.0,1.0,,0.0,0.0,0.0,,,0.0,0,0.07268341763133024,,0.0,0.05803092824072894,4.999998,86672.0,86672.0,0.018891851820851745,5.9232276666666674,-4501126.0,0.0,0.07407407407407407,27.0
0x9e56d6d419879745ffdc5b90563c4364bb26e51d,0.024735591877098832,0.010751917,0,5.0,2,1764522166,-0.9739478957915828,-0.9749498997995989,-0.9739478957915828,-0.9739478957915828,-1.3787873709308829,0.0,-0.9739478957915828,0.0,0.0,,-0.9739478957915828,0.0,-0.9739478957915828,,,-0.06990805572104082,0,0.07268341763133024,,-0.9739478957915828,0.25122956109881933,5.0,140769.0,140769.0,0.03452685704278569,10.327724363636364,-3936318.0,,0.0,10.0
0x75802c56002ebe765938f4f75d72a43e5ccd7308,0.024732005149986455,0.010720042,0,20087.5,7,1764905803,-0.0030060120240480476,-0.00400801603206408,-0.0030060120240480476,-0.0030060120240480476,-0.008235019952555187,0.0,-0.0030060120240480476,0.0,0.0,,-0.0030060120240480476,0.0,-0.0030060120240480476,,,-0.023699970720376672,0,0.07268341763133024,,-0.0030060120240480476,0.08425159623151288,8.81775,126376.0,126376.0,0.028330827013731404,14.065751206896552,-4334348.0,,0.7727272727272727,22.0
0xf4a40f59fe7c1b79578b5addbe77ba8319a9fa97,0.024731852683923024,0.0107186865,0,29.999996,2,1764842027,0.0010020628080204216,0.002004066816036454,0.0010020628080204216,0.0010020628080204216,0.0028341784711406197,-0.09170294289090242,0.0010020628080204216,-0.0901969276668569,0.0,,0.0010020628080204216,-0.002196927666856894,0.0010020628080204216,-0.0885969276668569,-0.0901969276668569,,1,0.07268341763133024,-0.005615481466110423,0.0010020628080204216,0.48185134403074403,2.999994,216475.0,216475.0,0.04923301344478034,15.521256434782611,-4180473.0,,0.17647058823529413,17.0
0x0342366fdd0239068c50906d9cb914b91b108c5e,0.024730847897844233,0.010709756,0,500.5,3,1764821933,0.0006680026720106884,0.0010020040080160326,0.0006680026720106884,0.0006680026720106884,0.0017355218512714213,-0.030199998955189506,0.0006680026720106884,-0.030065155788557188,1.0,1.0000000000000009,0.0008350033400133605,-0.000398494355245835,0.0010020040080160326,-0.08739096613147501,-0.08919095043140907,0.27740000000000087,1,0.07268341763133024,-0.006028802628960234,0.0006680026720106884,0.15623733509770094,1.62837,97900.0,97900.0,0.022367664080181794,2.545760727272727,-4278954.0,0.0,0.375,8.0
0x2fb55556a668279b8aecee4cf64970c1c454d9a0,0.024729525882544057,0.010698006,0,3704.149999,4,1764833435,0.029067955377866612,0.030069959385882646,0.029067955377866612,0.029067955377866612,0.04625461999180587,-0.06356531204478773,0.029067955377866612,-0.05954517500716273,0.0,,0.029067955377866612,0.035325855989266255,0.029067955377866612,-0.05719857060701547,-0.05923277108579467,,1,0.07268341763133024,-0.0037924550640541714,0.029067955377866612,0.3025063068749655,69.681336,2853209.0,2853209.0,0.6501771961983029,389.46799747863247,-1535147.0,0.0,0.125,8.0
0x84de2a3148dc815ef811d0a9cd11560e622a77b1,0.024724303458839275,0.010651581,0,22.847,3,1764818193,0.0,0.0,0.0,0.0,0.0,0.15735072092710425,0.0,0.1562990982028461,0.0,3.1270000000000007,0.030127562817943578,0.15914525380789238,0.060255125635887155,0.2818771486022004,0.2777271457440002,,1,0.07268341763133024,-0.0005584503596615519,0.0,0.12743031811500888,3.6508000000000003,199967.0,199967.0,0.04572645487860595,4.354000423076923,-4173147.0,,0.42857142857142855,14.0
0x800bbd044c4b8fd059027fc0dea905eff8ca5d6f,0.024722965757655174,0.010639688,0,822.155194,7,1764833373,-0.01118552294853307,-0.012187526956549103,-0.01118552294853307,-0.01118552294853307,-0.03789936369724476,0.0,-0.01118552294853307,0.0,0.0,,-0.01118552294853307,0.0,-0.01118552294853307,,,-0.17950000000000016,0,0.07268341763133024,,-0.01118552294853307,0.16383639446121329,1.999999,167959.0,167959.0,0.038274327107527435,3.6933328000000003,-4220335.0,,0.06666666666666667,15.0
0xa0993148b8d481bfafbbc784ba19a4fe25ccd81f,0.02471921418076231,0.010606331,0,5208.2896,8,1764807769,0.0,1.2469114125465956e-17,0.0,0.0,3.3233697446765636e-09,3.52111828625181,0.0,3.516164393740704,0.0,1778.0501900000002,0.11030296042803782,3.5171643941784643,0.22060592085607564,7.049917016707035,7.049289428677564,,1,0.07268341763133024,0.001653284651399245,0.0,0.06633875194472581,42.02569,38801569.0,38801569.0,8.893955105680211,162.8452022184615,34438879.0,,0.28272251308900526,191.0
0xe54464d0c3e1bb1416ff145d11207f7f44f8ba65,0.02471210146109373,0.010543074,0,7350.52,11,1764876823,-6.46454198720021e-05,-9.696812980800316e-05,-6.46454198720021e-05,-6.46454198720021e-05,-0.0007635278176364163,0.0,-6.46454198720021e-05,0.0,0.0,-12.265000000000379,-0.0001637549292132683,0.0,-0.0002628644385545345,,,-0.016200000000000013,1,0.07268341763133024,-0.01585515257449435,-6.46454198720021e-05,0.0,0.0,70.0,70.0,1.579513618115126e-05,0.0,-4431674.0,,,0.0
0x93d590b26ee663d7dec0b3944a12bfe335840a45,0.02470993759880358,0.010523827,0,40.0,2,1764982105,0.0,0.0,0.0,0.0,0.0,0.0,0.0,0.0,1.0,0.0,0.0,0.0,0.0,,,0.00030014760427486963,1,0.07268341763133024,-0.04996475736901984,0.0,0.6682050885163265,0.906406,414205.0,414205.0,0.09129438535287213,19.741833875,-4122821.0,,0.0,4.0
0x252d61483ca65e21b1e9be4b71f0b03936a53f56,0.024709667377654888,0.010521423,0,250.0,2,1764850963,-0.003006012024048098,-0.0040080160320641305,-0.003006012024048098,-0.003006012024048098,-0.005668190630753891,0.0,-0.003006012024048098,0.0,0.0,,-0.003006012024048098,0.0,-0.003006012024048098,,,-0.02410000000000002,0,0.07268341763133024,,-0.003006012024048098,0.9312515287484882,6.455,741462.0,741462.0,0.16828904256217367,28.255,-3664422.0,,0.0,3.0
0x6b592c31f9a267ffeea69b889ab4b212320ad12a,0.024708101491811706,0.010507493,0,28038.538840000103,863,1764817451,0.0,0.0,0.0,0.0,0.0,3.430130508411823,0.0,3.4224138815361442,0.0,3793.038208571453,0.10016745637359112,3.425129492842857,0.20033491274718224,6.869781392143691,6.864345469246494,,1,0.07268341763133024,-0.00040101488592717824,0.0,0.10050647040043308,0.9,2788545.0,2788545.0,0.6377648104964536,27.180023639269404,-1583827.0,,0.5454545454545454,22.0
0xdd45e705ee2c41bd1d81da5bcb8ed0e8b30259b2,0.024693404762269916,0.010376712,0,7121.275197999998,134,1764446321,0.000192318940007727,0.00024277004120612934,0.000192318940007727,0.000192318940007727,0.0035467661904571694,-0.015171318559988866,0.000192318940007727,-0.014442320822764625,0.0,3.2858678207857146,0.0022512162715357963,-0.001030765678485575,0.004310113603063866,0.17577337936325468,0.17401991147648907,0.25989999999999996,2,0.07268341763133024,0.07834430501574143,0.000192318940007727,0.0,0.0,157280.0,157280.0,0.03930779492967434,0.0,-3843962.0,0.0,,0.0
0xcb0eba5c3e43f87ca1fba60ce2eb5e7adafa380e,0.024689225718322473,0.010339511,0,1506.0,4,1764859491,0.0,0.0,0.0,0.0,0.0,0.0,0.0,0.0,1.0,0.0,0.0,0.0,0.0,,,-0.008000000000000007,1,0.07268341763133024,-0.015769857344789202,0.0,0.2737424995902068,11.038299499999999,169257.0,169257.0,0.03834191280741354,10.544574625,-4245155.0,0.0,0.16666666666666666,6.0
0x2bd5150a3da6f35d57e9c03d90adab3fd0bb7aa7,0.024686772387803195,0.010317668,0,500.0,4,1764846629,0.0,0.0,0.0,0.0,0.0,0.0,0.0,0.0,0.0,-0.5000000000000004,-0.00025050100200400816,0.0,-0.0005010020040080163,,,-0.02400000000000091,1,0.07268341763133024,-0.007520832617235323,0.0,0.500000000000125,0.9999994999999999,93562.0,93562.0,0.021256602787654347,0.9999994999999999,-4307988.0,,0.0,2.0
0x22b4139906384ae2a6bed90fd01b81df019d5868,0.02467522673497713,0.0102148475,0,26666.666666,2,1764958095,-0.002004007997432381,-0.0030060120054484136,-0.002004007997432381,-0.002004007997432381,-0.004251142946761493,0.0,-0.002004007997432381,0.0,0.0,,-0.002004007997432381,0.0,-0.002004007997432381,,,-0.01599999999889389,0,0.07268341763133024,,-0.002004007997432381,0.18101469217136934,80.0,689816.0,689816.0,0.15285033334692366,75.42857114285714,-3823200.0,,0.0,7.0
0xc4a57f1d2b0e8c9c1d76dbdf2bb87545f34e7ec2,0.02467401551157279,0.010204058,0,1840.0,6,1764885927,-0.00144310359850134,-0.0024451076065173725,-0.00144310359850134,-0.00144310359850134,-0.007102285510408353,0.0,-0.00144310359850134,0.0,0.657608695652174,,-0.00144310359850134,0.0,-0.00144310359850134,,,-0.02420000000000091,0,0.07268341763133024,,-0.00144310359850134,0.5119604249081968,9.9169995,851946.0,851946.0,0.1918430894279651,13.266176444444445,-3588902.0,,0.375,8.0
0xcf73add1c409656c18b3d44b2e2aed28d6cbc54f,0.02467067248024612,0.010174276,0,68613.60888399999,207,1764461164,-0.0002127597676396859,-0.0002659497095496059,-0.0002127597676396859,-0.0002127597676396859,-0.001154302115781243,-0.027266935562440704,-0.0002127597676396859,0.002300316540595168,0.0,25543.59817689495,0.11301103732196632,0.003094190193200328,0.22623483441157233,0.40846696606631605,0.40862883706287983,,1,0.07268341763133024,0.07519495900948898,-0.0002127597676396859,0.16955664390111158,39.999999,1129751.0,1129751.0,0.28130654605168964,78.503519,-2886334.0,,0.058823529411764705,17.0
0xad1b9b4c17fbcff5cf5d308c444927ac8e1189bf,0.024667829609727656,0.010148947,0,1500.0,3,1764981907,-0.001002004008016033,-0.0020040080160320653,-0.001002004008016033,-0.001002004008016033,-0.0029390376889548903,0.0,-0.001002004008016033,0.0,0.9940785333333333,,-0.001002004008016033,0.0,-0.001002004008016033,,,-0.007999852395725138,0,0.07268341763133024,,-0.001002004008016033,0.1371536872137904,1.63723,36548.0,36548.0,0.008055848711919429,2.169686733333333,-4500280.0,,0.2222222222222222,9.0
0xaee13402c75563321a6a5ea1c21553857f4177fc,0.024666821087811812,0.010139961,0,3344.9936060000005,16,1764798639,3.3808745844051988e-06,3.5126976759989805e-06,3.3808745844051988e-06,3.3808745844051988e-06,0.0017857440628968693,3.607817016946078,3.3808745844051988e-06,3.5552486317208127,0.0,195.86632401527274,0.10893090235148756,3.5595610695660245,0.2178584238283907,7.221621223964286,7.223021223964286,,1,0.07268341763133024,0.0035904623807723334,3.3808745844051988e-06,0.033076630705112096,59.999999,8474544.0,8474544.0,1.946577972969248,165.08291598520083,4120984.0,,0.3540856031128405,253.0
0xb66843da7a9ee8ee5f3c7b868b9179c3249d9e63,0.024663683419177036,0.010112001,0,1000.0,2,1765121793,0.0,-0.0010020040080160326,0.0,0.0,-0.0014170476576884727,0.0,0.0,0.0,1.0,,0.0,0.0,0.0,,,0.0,0,0.07268341763133024,,0.0,0.0782242887539017,0.999999,167680.0,167680.0,0.03585423440475513,1.0470282631578947,-4509034.0,,0.3333333333333333,15.0
0x2ccb0375f646548269f54a604fa749ee95c1b082,0.02466180928097928,0.010095298,0,31.781856,5,1764830683,-4.131263761779758e-06,-4.26453057938855e-06,-4.131263761779758e-06,-4.131263761779758e-06,-0.000369781303305677,0.0,-4.131263761779758e-06,0.0,0.0,-0.9680190484800832,-0.003827175893196236,0.0,-0.007650220522630692,,,-0.23127173069757143,1,0.07268341763133024,-0.012242199411759963,-4.131263761779758e-06,0.19042585624023833,0.999999,46158.0,46158.0,0.010524890072154257,1.0630465555555557,-4339446.0,,0.6666666666666666,6.0
0xf1e27baf185604ab9ab5053766d7486068dcc8cc,0.0246590746091976,0.010070925,0,4.0,2,1764881065,-0.0010020040080160326,-0.0020040080160320653,-0.0010020040080160326,-0.0010020040080160326,-0.0028340953153769455,0.0,-0.0010020040080160326,0.0,1.0,,-0.0010020040080160326,0.0,-0.0010020040080160326,,,-0.008100000000000007,0,0.07268341763133024,,-0.0010020040080160326,0.0903441286578007,9.8921,37560.0,37560.0,0.008467114188367592,11.364829651162792,-4398426.0,,0.17391304347826086,23.0
0xb0fcd72f47a2f998ae2c25def0aa0cb905a0727a,0.024656879018904575,0.010051354,0,171.931498,13,1764446255,8.36997802664217e-08,7.4873257983780995e-06,8.36997802664217e-08,8.36997802664217e-08,0.002717037572789148,-0.10648264993537626,8.36997802664217e-08,-0.08326053806470461,0.0,-5.905402547999997,-0.0033313684708671997,-0.0835105399631678,-0.006662820641514666,0.23031974113685505,0.230919741136855,,1,0.07268341763133024,0.07835830871017063,8.36997802664217e-08,0.3762892446287694,2.0049995000000003,261128.0,261128.0,0.06526281273305648,2.4467545,-3740048.0,,0.0,3.0
0x47b9249c4e09f75204d95f444be7dc16e0a53ca2,0.024654703677151685,0.010031962,0,1000.0,2,1764627068,-0.9258517034068133,-0.9268537074148294,-0.9258517034068133,-0.9258517034068133,-1.3107690833618362,0.0,-0.9258517034068133,0.0,0.0,,-0.9258517034068133,0.0,-0.9258517034068133,,,0.023457036748641698,0,0.07268341763133024,,-0.9258517034068133,0.19110422474553562,188.5521,2418271.0,2418271.0,0.5782585750464672,645.8734796153847,-1763718.0,,0.5833333333333334,12.0
0x7be8348ba437e878a75b80ee3e7aafb36460876b,0.024649854389489037,0.009988727,0,8882.663333,8,1764834641,-1.1275932493104352e-09,-2.255186594883523e-09,-1.1275932493104352e-09,-1.1275932493104352e-09,-3.682150928825509e-06,0.0,-1.1275932493104352e-09,0.0,0.0,-23.915989508000987,-0.0006744586761630512,0.0,-0.001348916224732853,,,-0.17902394366197177,1,0.07268341763133024,-0.004673414749964036,-1.1275932493104352e-09,0.48885159309298837,4.999999,72574.0,72574.0,0.016533312435272587,7.193332666666667,-4316988.0,,0.0,3.0
0x64ae44024502016d3971efd56fef6f0bfc8a532b,0.024643677837875393,0.009933647,0,3435.061680000001,20,1764869747,1.650527702252787e-09,4.951583106758361e-09,1.650527702252787e-09,1.650527702252787e-09,3.858045924686365e-06,-0.007926705978269777,1.650527702252787e-09,-0.007972170883508923,0.8126331510399508,-0.000878000000004187,-2.0968579017569594e-07,4.977244740824416e-05,-4.210221080536446e-07,0.002037942631405462,-0.08949598007483488,-0.008000000000000007,1,0.07268341763133024,-0.012957660890779247,1.650527702252787e-09,0.0,0.0,2276.0,2276.0,0.0005143888761823486,0.0,-4422392.0,0.0,,0.0
0xc1279f0580792e964583e486a07ffa2b06fb66e9,0.024642093160961165,0.009919513,0,79.999998,2,1764833247,-0.03406813545278057,-0.0350701394607966,-0.03406813545278057,-0.03406813545278057,-0.04959666685977442,0.0,-0.03406813545278057,0.0,0.0,,-0.03406813545278057,0.0,-0.03406813545278057,,,-0.2671999933731876,0,0.07268341763133024,,-0.03406813545278057,0.22539058305754284,6.76684,207013.0,207013.0,0.04717526767434611,10.056367,-4181155.0,,0.2857142857142857,7.0
0x024d123b7b67330e06dc0d51899685414a9dd0ae,0.02464182220117746,0.009917096,0,1563.092119,8,1764833447,-0.006983589332184226,-0.00798559334020026,-0.006983589332184226,-0.006983589332184226,-0.02226516084752285,0.0,-0.006983589332184226,0.0,0.0,,-0.006983589332184226,0.0,-0.006983589332184226,,,-0.0807691963025107,0,0.07268341763133024,,-0.006983589332184226,0.7071228583824851,19.999999,827268.0,827268.0,0.1885138165258702,28.973170285714286,-3561100.0,,0.3333333333333333,3.0
0xf0cce1a4f1d804e968bb86dc321957d19da1b6ec,0.024621833487302052,0.009738739,0,250.0,2,1764855681,-0.003006012024048098,-0.0040080160320641305,-0.003006012024048098,-0.003006012024048098,-0.005668190630753891,0.0,-0.003006012024048098,0.0,0.0,,-0.003006012024048098,0.0,-0.003006012024048098,,,-0.024099902692700393,0,0.07268341763133024,,-0.003006012024048098,0.2489985614944567,1.0,610628.0,610628.0,0.13844550018342167,3.8458320833333333,-3799974.0,,0.1,10.0
0x49151cc8f6376a16caa2e7db597e5ab74ab8b02b,0.024621002906093068,0.009731324,0,5717.726697,24,1764818475,-0.00022479676661105527,-0.00026835573832963643,-0.00022479676661105527,-0.00022479676661105527,-0.002886704612773612,0.0,-0.00022479676661105527,0.0,0.6319370898780895,5.6510509502622215,0.0005146716643414243,0.0,0.001254140095293904,,,-0.02599999781355078,2,0.07268341763133024,-0.001889225684812484,-0.00022479676661105527,0.2087101977268356,4.999999,60720.0,60720.0,0.013883947394656235,8.268363272727273,-4312676.0,0.0,0.125,8.0
0x0770c47140672f53055f6e866adbf815a0e1df24,0.024620203232745722,0.009724186,0,6235.8654529999985,7,1764897083,-1.5409285146846102e-09,-2.3113928161211635e-09,-1.5409285146846102e-09,-1.5409285146846102e-09,-3.7277538364175664e-06,0.0,-1.5409285146846102e-09,0.0,0.0,-5.290175803200403,-0.0003822692859400323,0.0,-0.00076453703095155,,,-0.04009999908033899,1,0.07268341763133024,-0.018184858102261767,-1.5409285146846102e-09,0.477507682045881,14.999998999999999,66872.0,66872.0,0.01502065137407783,15.813869375,-4385132.0,,0.0,3.0
0x51fd8f8573c51dd216668a903194b638deda525b,0.024618152992216202,0.0097058825,0,2721.9591970000006,10,1764824227,-0.006583874292534438,-0.007585878300550469,-0.006583874292534438,-0.006583874292534438,-0.029999986697634998,0.0,-0.006583874292534438,0.0,0.0,,-0.006583874292534438,0.0,-0.006583874292534438,,,-0.13769999990400048,0,0.07268341763133024,,-0.006583874292534438,0.21372152775476405,9.999999,230609.0,230609.0,0.05266070020926445,14.699973147540984,-4148539.0,,0.0625,32.0
0x2ca17fe446a7aec10c77859d128b62bf81740e76,0.024617121101825082,0.00969667,0,134.405714,3,1764903963,-0.0059425748153496775,-0.0069445788233657105,-0.0059425748153496775,-0.0059425748153496775,-0.01081443232442403,0.0,-0.0059425748153496775,0.0,0.0,,-0.0059425748153496775,0.0,-0.0059425748153496775,,,-0.047124752987843965,0,0.07268341763133024,,-0.0059425748153496775,0.3378863897799351,15.959992,686228.0,686228.0,0.15390129009859865,9.968202,-3772656.0,,0.2,5.0
0x7208087925feba06e4d12cc36150bc879b50fd10,0.024613680241951524,0.009665947,0,2433.754919,4,1764916617,-0.0020040079478502453,-0.003006011955866278,-0.0020040079478502453,-0.0020040079478502453,-0.005315721251339989,0.0,-0.0020040079478502453,0.0,0.0,,-0.0020040079478502453,0.0,-0.0020040079478502453,,,-0.016000000000000902,0,0.07268341763133024,,-0.0020040079478502453,0.6614639783887608,22.91496,1048480.0,1048480.0,0.2344786066896893,33.971653333333336,-3423058.0,,0.0,2.0
0x4d1a87bc2d349bdc2afdc542a090fabce8c8d142,0.02460821826100023,0.00961717,0,250.0,2,1764885995,-0.003006012024048098,-0.0040080160320641305,-0.003006012024048098,-0.003006012024048098,-0.005668190630753891,0.0,-0.003006012024048098,0.0,0.0,,-0.003006012024048098,0.0,-0.003006012024048098,,,-0.02420000000000091,0,0.07268341763133024,,-0.003006012024048098,0.06078461983571286,0.999999,256199.0,256199.0,0.0576905755479275,1.197802896551724,-4184717.0,,0.6666666666666666,21.0
0x22b57908ba8b730b1242cce3781407090194bdca,0.024603435956905693,0.009574454,0,42070.257921000004,12,1764904121,0.003643151693599661,0.004645155701615693,0.003643151693599661,0.003643151693599661,0.012155669733098394,-0.08928091045476415,0.003643151693599661,-0.09052596600966166,0.0,,0.003643151693599661,0.0012459429785370165,0.003643151693599661,0.004618839689878672,-0.08818116022644061,,1,0.07268341763133024,-0.01879041179773064,0.003643151693599661,0.20433844641346025,265.714285,3893535.0,3893535.0,0.8731774672676328,1929.1962750526316,-565507.0,,0.55,20.0
0x2a1172ba06cfbbeeaf64bcd596952da8639e4b16,0.02460151780543967,0.009557319,0,2000.0,2,1765070965,0.0,-0.0010020040080160326,0.0,0.0,-0.001417047657688473,0.0,0.0,0.0,1.0,,0.0,0.0,0.0,,,0.0,0,0.07268341763133024,,0.0,0.8347107302779853,9.999999,2171318.0,2171318.0,0.4693842433644063,7.333332666666667,-2454568.0,,0.0,2.0
0x7316094342453ae86254cd48e4b8cb5bc6dd4686,0.024600450109083828,0.00954778,0,213.61332000000002,5,1764965695,-0.0010026028034700446,-0.0020046068114860775,-0.0010026028034700446,-0.0010026028034700446,-0.0033471080413632536,0.0,-0.0010026028034700446,0.0,0.8562980061355724,,-0.0010026028034700446,0.0,-0.0010026028034700446,,,-0.008000000000000007,0,0.07268341763133024,,-0.0010026028034700446,0.13405581095943914,67.4999995,255228.0,255228.0,0.05645867731300336,137.8234557586207,-4265388.0,,0.14285714285714285,14.0
0x8f9c8d395a3ca7df8f0e4eee00912fd717b7c476,0.02459912561123707,0.009535947,0,69.00975,5,1764830921,0.02585152306412642,0.02685352707214245,0.02585152306412642,0.02585152306412642,0.057781980404966814,-0.06496839075183428,0.02585152306412642,-0.06348520219793978,0.0,,0.02585152306412642,0.03357476180565987,0.02585152306412642,-0.06175260710715684,-0.06315260710715684,,1,0.07268341763133024,-0.003259041612614528,0.02585152306412642,0.1251124050674265,4.9999715,519418.0,519418.0,0.11843062289977614,6.558606456896551,-3866424.0,,0.7465753424657534,116.0
0xecf250beb09b50ea542d8038c0d2e4903aa2c3b7,0.02459672645195905,0.009514511,0,1742.895,8,1764843207,0.0,0.0,0.0,0.0,0.0,0.0,0.0,0.0,0.0,-1.361250000000001,-0.0001968222158602921,0.0,-0.0003936444317205842,,,-0.024300000000000023,1,0.07268341763133024,-0.018957183067751147,0.0,0.32485994045098127,19.799,119476.0,119476.0,0.0271651939188673,14.385353857142857,-4278652.0,,0.2,5.0
0x6e7efcc05c4334cb2cc08fb1a1249de31f742ad4,0.02459648453697077,0.009512349,0,2505.0,4,1764862467,0.0,0.0,0.0,0.0,0.0,0.0,0.0,0.0,1.0,-2.500000000000002,-0.00012525050100200408,0.0,-0.00025050100200400816,,,-0.007399999999999118,1,0.07268341763133024,-0.010001183948710832,0.0,0.4474903223466817,3.625,164289.0,164289.0,0.03719143530067995,3.3124995,-4253099.0,,0.0,3.0
0xf2d2124048f7264f030daa9bf7f272f677a01242,0.024595124394628548,0.009500195,0,10.039998,2,1764832397,-0.03406812963576547,-0.035070133643781504,-0.03406812963576547,-0.03406812963576547,-0.04959665863327277,0.0,-0.03406812963576547,0.0,0.0,,-0.03406812963576547,0.0,-0.03406812963576547,,,-0.259399946349601,0,0.07268341763133024,,-0.03406812963576547,0.1866462089660728,9.709999,258163.0,258163.0,0.05884301069582829,11.245287076923079,-4129155.0,,0.1111111111111111,9.0
0x20f2b61496fada6999708c1fe6bb0a8fc014a640,0.024594140135047352,0.0094914,0,3.01144,4,1764459962,-7.857314314965083e-07,-0.00019250420071664437,-7.857314314965083e-07,-7.857314314965083e-07,-0.013748897449048062,0.0,-7.857314314965083e-07,0.0,0.0,-0.0040800000000000124,-0.0005016895190105769,0.0,-0.001002593306589657,,,-0.03092303707812889,1,0.07268341763133024,0.07531462694370218,-7.857314314965083e-07,0.11923249893852256,0.999999,1538.0,1538.0,0.0003830746749033533,1.351995,-4013345.0,,0.0,13.0
0x2f9fc13e85e1f0de928d1d79de464793fad8aa6e,0.024584609582038505,0.009406216,0,9.999998999999999,2,1764877289,-0.0020040077166332826,-0.0030060117246493152,-0.0020040077166332826,-0.0020040077166332826,-0.0042511425496516,0.0,-0.0020040077166332826,0.0,0.0,,-0.0020040077166332826,0.0,-0.0020040077166332826,,,-0.016199997579720137,0,0.07268341763133024,,-0.0020040077166332826,0.31445709518832893,33.8832,2255884.0,2255884.0,0.5089749808786136,498.8369028857142,-2176326.0,,0.21428571428571427,14.0
0xa2283534e8bd9c4e083ea9c1f99319f2ecb7b6e3,0.02458394180205434,0.009400247,0,1607.464775,8,1764713499,-3.2098206783404235e-09,-5.3497011305673716e-09,-3.2098206783404235e-09,-3.2098206783404235e-09,-5.177075416930107e-06,0.0,-3.2098206783404235e-09,0.0,0.0,-2.399647462500002,-0.00037591526671763685,0.0,-0.0007518273236145953,,,-0.5362243362759502,2,0.07268341763133024,0.012847328752852192,-3.2098206783404235e-09,0.14657062428197348,0.999999,5186.0,5186.0,0.001214969473481991,0.9532727692307693,-4263234.0,0.0,0.0,9.0
0x6b5c1b203d1ffcf7ccd0bbf20d89a8568d08e975,0.024578909434986623,0.009355254,0,500.0,2,1764983695,-0.0010020040080160326,-0.0020040080160320653,-0.0010020040080160326,-0.0010020040080160326,-0.002834095315376946,0.0,-0.0010020040080160326,0.0,1.0,,-0.0010020040080160326,0.0,-0.0010020040080160326,,,-0.008000000000000007,0,0.07268341763133024,,-0.0010020040080160326,0.8267788200408097,1.0,1533606.0,1533606.0,0.3379016863290483,3.48,-3005010.0,,0.0,2.0
0xdd3a0c8cbee74fc3ac012b0aae51408450211745,0.024578728621378436,0.009353637,0,185.30399999999997,24,1764823549,0.0,0.0,0.0,0.0,0.0,-0.04644555827264407,0.0,-0.04381446400741368,0.0,-0.034857142857142816,-0.0005877138893170947,-0.028452963739659377,-0.0011754277786341894,-0.04952076925234585,-0.08548820527777737,,2,0.07268341763133024,-0.0016948713803102116,0.0,0.9438376715687196,6.951,2158514.0,2158514.0,0.49298362213284547,270.75987794736847,-2219956.0,0.0,0.4827586206896552,29.0
0x43372356634781eea88d61bbdd7824cdce958882,0.02457660655396719,0.009334661,0,597.216955,7,1764818143,0.2704405598185693,0.2714425638265853,0.2704405598185693,0.2704405598185693,0.5805987334254716,0.41536128651051657,0.2704405598185693,0.4132036446162981,0.0,,0.2704405598185693,0.4189200495914481,0.2704405598185693,0.3807396308747895,0.37608248024918606,,1,0.07268341763133024,-0.000547841500245489,0.2704405598185693,0.0,0.0,142565033.0,142565033.0,32.60071954126443,0.0,138191969.0,,,0.0
0x43a9bb2f23054e75914a0aec637ad2bfd4fefaeb,0.02457199330098084,0.0092934035,0,55.23,2,1764777217,-0.9213426853707412,-0.9223446893787572,-0.9213426853707412,-0.9213426853707412,-1.304392368902238,0.0,-0.9213426853707412,0.0,0.0,,-0.9213426853707412,0.0,-0.9213426853707412,,,-1.0370128672365637,0,0.07268341763133024,,-0.9213426853707412,0.0,0.0,15286.0,15286.0,0.003528511787943967,0.0,-4316852.0,0.0,,0.0
0xdadf44c8ae805f2cdcc7b3f2c28933443725b1ed,0.02457050411907053,0.009280084,0,114932.0,12,1764869985,-1.5008922626540621e-05,-0.001017012930642573,-1.5008922626540621e-05,-1.5008922626540621e-05,-0.002930307190639586,0.0,-1.5008922626540621e-05,0.0,0.999973897609021,,-1.5008922626540621e-05,0.0,-1.5008922626540621e-05,,,0.0,0,0.07268341763133024,,-1.5008922626540621e-05,0.0,0.0,74246.0,74246.0,0.0167791134998122,0.0,-4350660.0,,,0.0
0x2407b9ce3aea70065eb3098648776d3925fe70e6,0.024569522277574096,0.009271301,0,3.0,5,1764348191,0.0,0.0,0.0,0.0,0.0,-0.002950000000000441,0.0,0.00019999999999999963,0.0,-0.5,-0.00012525050100200397,-0.00405,-0.00025050100200400794,0.4079,0.41640000000000005,,1,0.07268341763133024,0.0991652525057065,0.0,0.14469216891978376,1.0,1134.0,1134.0,0.0002905373968259174,1.3235240588235295,-3901978.0,,0.0,14.0
0xbfbf62fdc0dc373b4e6b76683936f81c60ea110f,0.024565503997907853,0.009235355,0,1500.0,4,1764982383,-0.0010020040080160326,-0.0020040080160320653,-0.0010020040080160326,-0.0010020040080160326,-0.003950294828270498,0.0,-0.0010020040080160326,0.0,1.0,,-0.0010020040080160326,0.0,-0.0010020040080160326,,,-0.007999852395725138,0,0.07268341763133024,,-0.0010020040080160326,0.04291725454281701,0.999999,85914.0,85914.0,0.018935032785989212,1.3604594077669905,-4451390.0,,0.19642857142857142,56.0
0x9b0dd2313d05efaf8800ce94613327377502400a,0.024565501083099576,0.009235329,0,2.0,3,1764883479,-0.002966328696997958,-0.0039683327050139905,-0.002966328696997958,-0.002966328696997958,-0.006006447184091276,0.0,-0.002966328696997958,0.0,0.0,,-0.002966328696997958,0.0,-0.002966328696997958,,,-0.023879207920792102,0,0.07268341763133024,,-0.002966328696997958,0.2359183563381924,1.0,497616.0,497616.0,0.11211607786589763,2.9166665833333334,-3940784.0,,0.0,11.0
0xdec5181ca9851abb10388591c497452629e7e955,0.024564253888396163,0.009224171,0,2383.333333,8,1764894641,-0.0020880920599710556,-0.0030900960679870887,-0.0020880920599710556,-0.0020880920599710556,-0.010192930581679133,0.0,-0.0020880920599710556,0.0,0.5664335665127879,,-0.0020880920599710556,0.0,-0.0020880920599710556,,,-0.036300000000000034,0,0.07268341763133024,,-0.0020880920599710556,0.08587258754922195,1.0,86086.0,86086.0,0.01934707281300946,1.4615378461538464,-4363476.0,,0.0,13.0
0x170603f5b84970cb187004415cafd8d45dc879b5,0.024563629117127377,0.009218581,0,1000.0,2,1765038737,0.0,-0.0010020040080160326,0.0,0.0,-0.0014170476576884727,0.0,0.0,0.0,1.0,,0.0,0.0,0.0,,,0.0,0,0.07268341763133024,,0.0,0.09183672740532572,0.999999,222682.0,222682.0,0.04847596403563348,1.0769219230769234,-4370976.0,,0.08333333333333333,12.0
0xf35cf7d13156d5cbd56eeb8411d2c9948f4338b6,0.024560618107568,0.00919164,0,337.547,19,1764763273,-0.0009112010591257749,-0.0009618233401883178,-0.0009112010591257749,-0.0009112010591257749,-0.004279166507109671,1.2931986985110504,-0.0009112010591257749,0.018303979938701604,0.0,-6.713659230769228,-0.025278009348314895,0.01896476121482309,-0.049644817637504016,7.218150000317422,7.21549999999925,-0.018400000000000125,2,0.07268341763133024,0.011094320822941955,-0.0009112010591257749,0.14232102257167956,9.171,234239.0,234239.0,0.0542446680255681,31.391136263157893,-4083955.0,,0.625,16.0
0x88605121e42d09fed88decd7175357f56d55042b,0.02455941091120097,0.009180837,0,36.129031999999995,2,1764823669,-0.03006010745508827,-0.031062111463104305,-0.03006010745508827,-0.03006010745508827,-0.043928459307066896,0.0,-0.03006010745508827,0.0,0.0,,-0.03006010745508827,0.0,-0.03006010745508827,,,0.03580010590652172,0,0.07268341763133024,,-0.03006010745508827,0.6478182562382612,1.1199935,1948064.0,1948064.0,0.444906693707335,1.999587375,-2430526.0,0.0,0.0,4.0
0xf310f928d137c1887d4db5b74b9a5be71d6a9f74,0.02455763940660428,0.009164984,0,76258.3325,3,1764854353,-0.0029398760797082796,-0.003941880087724312,-0.0029398760797082796,-0.0029398760797082796,-0.006072383028208279,0.0,-0.0029398760797082796,0.0,0.0,,-0.0029398760797082796,0.0,-0.0029398760797082796,,,-0.023452169518654743,0,0.07268341763133024,,-0.0029398760797082796,0.5028326975667107,278.9999995,25828084.0,25828084.0,5.857672714374294,278.9999995,21418810.0,,0.5,2.0
0x0a1c14c536354ea0215b1e440669e58a1e1810a8,0.024556897934348648,0.009158349,0,99.99998800000002,6,1764835419,0.0030064456332103045,0.004008449641226336,0.0030064456332103045,0.0030064456332103045,0.009461078165354688,-0.09200424648116626,0.0030064456332103045,-0.08916530053537375,0.0,,0.0030064456332103045,0.0013550802936229023,0.0030064456332103045,-0.08474750732277532,-0.08828083942556995,,1,0.07268341763133024,-0.004213414605683548,0.0030064456332103045,0.3300000610000299,1.4999995,692288.0,692288.0,0.15768437068655275,3.3333321666666667,-3698052.0,,0.0,6.0
0x971ece4c95df2a97e7f4c7492516c173d077fc6e,0.024556897934348648,0.009158349,0,99.99998800000002,6,1764835419,0.0030064456332103045,0.004008449641226336,0.0030064456332103045,0.0030064456332103045,0.009461078165354688,-0.09200424648116626,0.0030064456332103045,-0.08916530053537375,0.0,,0.0030064456332103045,0.0013550802936229023,0.0030064456332103045,-0.08474750732277532,-0.08828083942556995,,1,0.07268341763133024,-0.004213414605683548,0.0030064456332103045,0.3300000610000299,1.4999995,691702.0,691702.0,0.15755089583039128,3.3333321666666667,-3698638.0,,0.0,6.0
0x2d8cffb1d45b6c0d56f256ae05a717348fbbabb6,0.024556897934348648,0.009158349,0,99.99998800000002,6,1764835419,0.0030064456332103045,0.004008449641226336,0.0030064456332103045,0.0030064456332103045,0.009461078165354688,-0.09200424648116626,0.0030064456332103045,-0.08916530053537375,0.0,,0.0030064456332103045,0.0013550802936229023,0.0030064456332103045,-0.08474750732277532,-0.08828083942556995,,1,0.07268341763133024,-0.004213414605683548,0.0030064456332103045,0.3300000890000484,1.499999,690992.0,690992.0,0.15738917714801132,3.333332,-3699348.0,,0.0,6.0
0x3cbe3dd52da8b6dd47a83bb99f7d77f8202393f6,0.02455609987442266,0.009151206,0,1.6,2,1764358775,-0.9999999999999997,-1.0010020040080156,-0.9999999999999997,-0.9999999999999997,-1.415630610030783,0.0,-0.9999999999999997,0.0,0.0,,-0.9999999999999997,0.0,-0.9999999999999997,,,-0.03004505631569894,0,0.07268341763133024,,-0.9999999999999997,0.11592702979029218,23.882499000000003,460628.0,460628.0,0.11769641791288848,105.35331810999998,-3453068.0,,0.7368421052631579,38.0
0xcb640d538d35bd3a565a5f458e2df5cbd4c916ab,0.024548528252515328,0.009083432,0,103.985116,7,1764570240,-8.376670709508423e-07,-7.226782275748594e-05,-8.376670709508423e-07,-8.376670709508423e-07,-0.00828972876533725,0.0,-8.376670709508423e-07,0.0,0.0,-0.14363534749999882,-0.0010052503962247321,0.0,-0.0020096631253785136,,,-0.027214366694190428,1,0.07268341763133024,0.05085187019339102,-8.376670709508423e-07,0.18525296246167428,32.999998,129733.0,129733.0,0.031449196770744224,32.97966044444445,-3995428.0,,0.0,6.0
0x14a9bd4c10460b79b51256ac18d39405fa3f59f5,0.024545059501245154,0.009052376,0,1.9999989999999999,2,1764929769,-0.002004006516032097,-0.0030060105240481295,-0.002004006516032097,-0.002004006516032097,-0.004251140851745119,0.0,-0.002004006516032097,0.0,0.0,,-0.002004006516032097,0.0,-0.002004006516032097,,,-0.01609998787430027,0,0.07268341763133024,,-0.002004006516032097,0.0793765912488031,0.999999,332747.0,332747.0,0.07419620977146692,1.31216975,-4151943.0,,0.6896551724137931,29.0
0xd7463f6e0f0d8f6de27f2403e7477179da5a9103,0.024544752344329495,0.009049626,0,218.12416599999997,22,1764876629,0.001213485604556458,0.0018992955234528282,0.001213485604556458,0.001213485604556458,0.005842830613066353,-0.07672251614798788,0.001213485604556458,-0.07677131129471167,0.0,-0.03965699999996086,0.0011607994323202982,0.000344426067705175,0.0011081132600841382,0.0008633094012724734,-0.09080669999076453,,2,0.07268341763133024,-0.012957236536402603,0.001213485604556458,0.0,0.0,8552.0,8552.0,0.0019297988288522075,0.0,-4422998.0,,,0.0
0xac58ad5035129b19966956f58dd7562dcf12dff5,0.024543993257398682,0.009042829,0,98.766887,4,1764832473,2.943032510816777e-06,3.4880385215625664e-06,2.943032510816777e-06,2.943032510816777e-06,0.000334426249286285,-0.029403279298509152,2.943032510816777e-06,-0.028653201038957514,0.0,0.8918100159965174,0.0033843387411602245,0.020402134825425522,0.006765734449809633,-0.054250174426847576,-0.05625017442684758,,1,0.07268341763133024,-0.0035883406088891207,2.943032510816777e-06,0.7102623552774646,22.2191,1347828.0,1347828.0,0.3072046868824637,128.383541,-3039566.0,0.0,0.875,7.0
0x03ec06829ae630ad9e6cb4ab7a8fed1ed3dc5d2e,0.024541765326925237,0.009022879,0,3413.447286,17,1764818777,9.1067382765152e-07,1.2142317702020267e-06,9.1067382765152e-07,9.1067382765152e-07,6.976145355145153e-05,0.0,9.1067382765152e-07,0.0,0.0,-16.366088035199994,-0.0030008720142786363,0.0,-0.006002654702384924,,,-0.293899891675496,1,0.07268341763133024,-0.0008529522970514584,9.1067382765152e-07,0.3988957008455497,9.999999,89220.0,89220.0,0.020399213663129006,43.85243223076923,-4284478.0,,0.0,11.0
0x801eb1729fdcf757dbf1adf7785f13d19f7d8692,0.024537453139563757,0.008984261,0,8.728438999999998,26,1764878979,-0.00185887363436766,-0.0028608776423836918,-0.00185887363436766,-0.00185887363436766,-0.009753337518359172,0.0,-0.00185887363436766,0.0,0.22913604597568935,,-0.00185887363436766,0.0,-0.00185887363436766,,,-0.016100000000000902,0,0.07268341763133024,,-0.00185887363436766,0.13009964260091286,1.4,180077.0,180077.0,0.04061368095807303,4.6552357821782175,-4253823.0,,0.05357142857142857,56.0
0xb4dcab418380acab502f997bb54c7ed7f8f10fc3,0.024536793575019183,0.008978354,0,1549.0899559999998,10,1764817651,3.4872338450287476e-06,3.6453217793367176e-06,3.4872338450287476e-06,3.4872338450287476e-06,0.0016922350883338765,2.779846799665238,3.4872338450287476e-06,2.7853343618592605,0.0,431.526186848,0.08993014695589285,2.788251433592547,0.17985680667794068,4.3378480578049725,4.332448057804973,,1,0.07268341763133024,-0.00044345032359142993,3.4872338450287476e-06,0.10489811160858246,0.10204,3240104.0,3240104.0,0.7410064374011451,4.167873874206794,-1132468.0,,0.32608695652173914,46.0
0x3d62a2b83fd28c9cceacf37362054abeb1da49c5,0.02453426819426531,0.008955734,0,1003.999999,4,1764833249,-0.0037372036647253604,-0.004739207672741393,-0.0037372036647253604,-0.0037372036647253604,-0.015665639360988252,0.0,-0.0037372036647253604,0.0,0.0,,-0.0037372036647253604,0.0,-0.0037372036647253604,,,-0.14159992947884528,0,0.07268341763133024,,-0.0037372036647253604,0.08677685537191016,1.999998,74730.0,74730.0,0.017029878058507305,1.6923068461538462,-4313440.0,,0.0,13.0
0x92f759cdf35faddf76c090de3557c1db69d4cb5f,0.024534181690322353,0.008954959,0,3.999996,2,1764789259,-0.9028054819778447,-0.9038074859858608,-0.9028054819778447,-0.9028054819778447,-1.2781768044555355,0.0,-0.9028054819778447,0.0,0.0,,-0.9028054819778447,0.0,-0.9028054819778447,,,-1.046454040570367,0,0.07268341763133024,,-0.9028054819778447,0.4835338805449517,5.0,450190.0,450190.0,0.10363060462503856,32.160370171875,-3893990.0,,0.13636363636363635,22.0
0x7f66b22db8a7aedd8ed91c3820f3bfc333644bac,0.024533149072462894,0.008945709,0,53556.041901,9,1764812983,-0.00012472996796449617,-0.00018709511689734827,-0.00012472996796449617,-0.00012472996796449617,-0.0010621767491151989,0.0,-0.00012472996796449617,0.0,0.0,-108.63034648533369,-0.0008868851705491737,0.0,-0.0016490403731338511,,,-0.015099998764960243,1,0.07268341763133024,-0.001044760475293876,-0.00012472996796449617,0.0,0.0,8624.0,8624.0,0.0019744023678176076,0.0,-4359280.0,,,0.0
0x05b9be5eac9206e1ff5f21a9535768b3930ea674,0.024531503438315484,0.008930967,0,333.333333,2,1764851393,-0.0020040065250501006,-0.0030060105330661333,-0.0020040065250501006,-0.0020040065250501006,-0.004251140864498503,0.0,-0.0020040065250501006,0.0,0.0,,-0.0020040065250501006,0.0,-0.0020040065250501006,,,-0.015999987648400896,0,0.07268341763133024,,-0.0020040065250501006,0.06250000000001343,0.999999,96450.0,96450.0,0.02188904376764797,0.9999993125,-4309864.0,0.0,0.0,16.0
0xbd89e6f902e315e74f342dbfc98ece7aa155d749,0.02452933534525176,0.0089115435,0,7.908116,4,1764870405,-1.0014982033436605e-06,5.007566812381679e-07,-1.0014982033436605e-06,-1.0014982033436605e-06,2.2400117518957557e-05,-0.04787616144752027,-1.0014982033436605e-06,-0.04692568668490158,0.0,-0.003959980019979966,-0.00025137604903924704,-0.001553023016735668,-0.0005017505998751504,-0.00019998888483339322,-0.0907999888848334,,1,0.07268341763133024,-0.011636645716291092,-1.0014982033436605e-06,0.32719923690231617,1.9799935,66954.0,66954.0,0.015129732815164353,3.0833574,-4358372.0,0.0,0.2222222222222222,9.0
0x51a15d76e6b5cd7e0b21fa1f3d1995439a5da78f,0.024520848147666457,0.008835492,0,46345.473201999994,19,1764894555,0.005010019848871265,0.006012023856887299,0.005010019848871265,0.005010019848871265,0.019123405113904722,-0.08787606536729684,0.005010019848871265,-0.08753731351513024,0.0,,0.005010019848871265,0.004510391148945865,0.005010019848871265,0.006245338195727568,-0.08573887219500993,,1,0.07268341763133024,-0.01676072481424948,0.005010019848871265,0.03328416895717969,226.59,3163912.0,3163912.0,0.711075191775391,2686.7144896924137,-1285564.0,,0.8809523809523809,82.0
0x6ca8345ef17302461c731c0cb1fb37bafc63adff,0.024514768871602605,0.008781001,0,3.0,4,1764913955,1.0010030050110227e-06,2.0020060100220454e-06,1.0010030050110227e-06,1.0010030050110227e-06,6.334063539489124e-05,-0.04674514808562711,1.0010030050110227e-06,-0.04649790885742985,0.0,0.0010000000000000009,0.00012612637863138875,-0.0006021046616256397,0.0002512517542577665,0.001003007517539574,-0.09089699248246044,,1,0.07268341763133024,-0.020876962267681893,1.0010030050110227e-06,0.05817179764181369,0.999998,1086.0,1086.0,0.00024301412704223613,0.9999952631578946,-4467790.0,,0.0,18.0
0x1a2c41d8a5c3bae7df1d3d9cada2b85739d46962,0.024514571687814766,0.008779233,0,41.666665,2,1764826291,-0.023046069098195496,-0.02404807310621153,-0.023046069098195496,-0.023046069098195496,-0.03400911113574403,0.0,-0.023046069098195496,0.0,0.0,,-0.023046069098195496,0.0,-0.023046069098195496,,,0.08530412718490382,0,0.07268341763133024,,-0.023046069098195496,0.03941534632368127,1.0,519038.0,519038.0,0.11846904463878945,1.8918379833333339,-3862174.0,,0.35555555555555557,44.0
0x8aafe956fb58863c4e6f3cf10ab3dd0de4c9c228,0.024512646266275973,0.008761972,0,250.0,2,1764855363,-0.003006012024048098,-0.0040080160320641305,-0.003006012024048098,-0.003006012024048098,-0.005668190630753891,0.0,-0.003006012024048098,0.0,0.0,,-0.003006012024048098,0.0,-0.003006012024048098,,,-0.02400000000000002,0,0.07268341763133024,,-0.003006012024048098,0.1342499975902973,1.0,95914.0,95914.0,0.02174780581023807,2.11735,-4314370.0,0.0,0.13333333333333333,15.0
0xc183e5f0b872398b384ebd7c40d9ae1d5059cb08,0.024511890328782465,0.008755195,0,333.333333,2,1764850777,-0.0020040065250501006,-0.0030060105330661333,-0.0020040065250501006,-0.0020040065250501006,-0.004251140864498503,0.0,-0.0020040065250501006,0.0,0.0,,-0.0020040065250501006,0.0,-0.0020040065250501006,,,-0.016099987947200016,0,0.07268341763133024,,-0.0020040065250501006,0.12484843227219365,0.999999,126252.0,126252.0,0.02865652616225624,1.2701675454545454,-4279446.0,,0.2727272727272727,11.0
0x6af73aabec6f6303cafc1ad1cc6b76cb5ab254a1,0.024511193623228966,0.008748949,0,1.999998,2,1764827955,-0.01703405060520989,-0.018036054613225924,-0.01703405060520989,-0.01703405060520989,-0.02550683304572593,0.0,-0.01703405060520989,0.0,0.0,,-0.01703405060520989,0.0,-0.01703405060520989,,,-0.07309831866127711,0,0.07268341763133024,,-0.01703405060520989,0.11339085753610291,0.999999,45118.0,45118.0,0.010294153884344435,1.0080090000000002,-4337758.0,,0.0,11.0
0x5a21061199b7f5b54ac78c033324b2a2e860042d,0.02451117191316777,0.008748754,0,36.339996,2,1764855903,0.0010020138043846031,0.0020040178124006358,0.0010020138043846031,0.0010020138043846031,0.00283410916953424,-0.09179998921614263,0.0010020138043846031,-0.09310600384245876,0.0,,0.0010020138043846031,-0.0020142639308135517,0.0010020138043846031,-0.0007969816838642946,-0.09009698124562403,,1,0.07268341763133024,-0.008559652131256203,0.0010020138043846031,0.326257960320098,5.499999,579296.0,579296.0,0.13133509747838498,7.358332166666666,-3831528.0,,0.25,4.0
0x7bd76bdf8dba6055c5c1b773ac0c2d0e0cfc749b,0.024510709877649927,0.008744611,0,1.999996,2,1764898125,0.0030069501412750624,0.0040089541492910954,0.0030069501412750624,0.0030069501412750624,0.0056695173288593605,-0.09099293292877689,0.0030069501412750624,-0.09029293292877688,0.0,,0.0030069501412750624,0.0013072543194216318,0.0030069501412750624,0.0036193174376985392,-0.08828086981049997,,1,0.07268341763133024,-0.017518197376556372,0.0030069501412750624,0.07907157058882358,352.5,3109544.0,3109544.0,0.6982959529275018,675.6757140952382,-1343502.0,,0.5,22.0
0xa3667058b1d916d1182f30f5b4d509da7eb42742,0.024509686947926355,0.00873544,0,16.197076,30,1764823561,-1.904035763649106e-05,5.010798057214546e-07,-1.904035763649106e-05,-1.904035763649106e-05,2.2407617368983197e-05,-0.0489797183029308,-1.904035763649106e-05,-0.045474216233578224,0.0,-0.0073028452262097875,-0.0026689755042696842,-0.04582438641228808,-0.005318910650902878,-0.09229668758257636,-0.08889997163301552,,1,0.07268341763133024,-0.0016974175065700666,-1.904035763649106e-05,0.19965501164669053,9.059998499999999,31074.0,31074.0,0.007096980186283739,26.632142750000003,-4347408.0,,0.0,17.0
0x14c32680ffc318892e0d019181e4161aa34cdf68,0.02450952169175924,0.008733958,0,19731.24522500002,175,1764642574,0.11889086961367769,0.1190321916726655,0.11889086961367769,0.11887750282783965,0.7307907883746095,1.0508322592249248,0.11889086961367769,0.044323772472150566,0.0,69.6561413086708,0.15366154394456327,0.04743485416101623,0.18843221827544887,7.36005087003592,7.356542036865406,,2,0.07268341763133024,0.036703895276129515,0.11889086961367769,0.0,0.0,22547051.0,22547051.0,5.371549221619085,0.0,18349556.0,0.0,,0.0
0x7f0fc16d69ee986d9e67c464b126ba66f6816724,0.02450825545632355,0.008722604,0,4535.7747469999995,8,1764832771,-8.803690924212746e-09,-9.797566886503209e-09,-8.803690924212746e-09,-8.803690924212746e-09,-1.3912394074064745e-05,0.0,-8.803690924212746e-09,0.0,0.0,-65.18691193820744,-0.0033927457557222586,0.0,-0.0067854827077535925,,,-0.2006000000000002,1,0.07268341763133024,-0.0073150207445637026,-8.803690924212746e-09,0.30418842479409586,102.999995,955394.0,955394.0,0.21774408960337235,92.658781,-3432298.0,,0.5,4.0
0x92eaae11b90549bfbcc320fae5077fb8665b3045,0.024502554499694074,0.008671479,0,1.999996,2,1764820021,0.002004983039074441,0.0030069870470904735,0.002004983039074441,0.002004983039074441,0.004252521863875572,-0.09059892880998872,0.002004983039074441,-0.09359892522296631,0.0,,0.002004983039074441,-0.08969892522296631,0.002004983039074441,-0.08818988841320914,-0.09158988841320914,,1,0.07268341763133024,-0.0009463102599128121,0.002004983039074441,0.047891280133036104,313.0,3705631.0,3705631.0,0.8470126003956167,768.9134614807692,-669311.0,,0.46875,32.0
0x5c14eb6a6d5083c003daa8241ed559d2dc82cc49,0.024497635238101008,0.008627355,0,42704.47975,5,1764835205,0.004008016032064161,0.005010020040080193,0.004008016032064161,0.004008016032064161,0.009612569401848037,-0.0901924528500159,0.004008016032064161,-0.08847735671004682,0.0,,0.004008016032064161,0.002223506753881234,0.004008016032064161,-0.0840392002558569,-0.08746980956006274,,1,0.07268341763133024,-0.004168008687382798,0.004008016032064161,0.039028711547859474,407.432785,17185314.0,17185314.0,3.9145377604196328,1919.8181550906431,12795188.0,,0.4431818181818182,87.0
0x4d6138fea6a8f2a1efbba279fb82642601970834,0.024494148272775882,0.008596073,0,154.411763,4,1764832551,-0.011976327273831033,-0.012978331281847067,-0.011976327273831033,-0.011976327273831033,-0.031227033622037617,0.0,-0.011976327273831033,0.0,0.0,,-0.011976327273831033,0.0,-0.011976327273831033,,,-0.1538498702865924,0,0.07268341763133024,,-0.011976327273831033,0.05120952517574136,4.999999,138327.0,138327.0,0.03152772257008136,7.263312507462688,-4249145.0,,0.3582089552238806,67.0
0x9b7fa57f4f1389b848c6b215146225278434f1b3,0.02449048358261958,0.008563192,0,4078.994693,8,1764892047,-0.002720268349404435,-0.003722272357420468,-0.002720268349404435,-0.002720268349404435,-0.010160737068729764,0.0,-0.002720268349404435,0.0,0.00033358219424385995,,-0.002720268349404435,0.0,-0.002720268349404435,,,-0.03232350100000092,0,0.07268341763133024,,-0.002720268349404435,0.08538563874352642,41.189999,680500.0,680500.0,0.15302561205747375,76.47762647368421,-3766468.0,,0.6,16.0
0xff761940eaa49cf4c3c65f5a28c945f51c19579e,0.024487447793890102,0.0085359495,0,20040.0,4,1764858057,0.0,0.0,0.0,0.0,0.0,0.0,0.0,0.0,1.0,-20.000000000000018,-0.00012525050100200408,0.0,-0.00025050100200400816,,,-0.007999702995197654,1,0.07268341763133024,-0.009110888466514833,0.0,0.2591845457556276,3.0,465580.0,465580.0,0.10550245208564375,5.227724553571428,-3947398.0,,0.45454545454545453,11.0
0x21313b01da11d38a76b4ea6bf57ec39f46c65015,0.024485372530590924,0.008517325,0,3.997996,4,1764901943,6.024358508903218e-06,8.031851512790153e-06,6.024358508903218e-06,6.024358508903218e-06,0.00017944170208925812,-0.04543731711313834,6.024358508903218e-06,-0.04533409494371925,0.0,0.0030009362409925133,0.0003811400813546732,0.0009083655668058854,0.0007562558042004432,0.0036193174376985392,-0.08948086981049996,,1,0.07268341763133024,-0.01832828988156694,6.024358508903218e-06,0.3591203311872463,0.999998,324475.0,324475.0,0.07280343308658285,0.9885648,-4132389.0,,0.0,3.0
0xf1858151e6287124aa84b31afaa262741853aceb,0.02448519934030103,0.008515771,0,10040.0,4,1764864537,0.0,0.0,0.0,0.0,0.0,0.0,0.0,0.0,1.0,-10.000000000000009,-0.00012525050100200408,0.0,-0.00025050100200400816,,,-0.007699999797205037,1,0.07268341763133024,-0.03608073087402998,0.0,0.21284155776656657,10.0,84132.0,84132.0,0.01903672350772425,24.29918965,-4335326.0,,0.06666666666666667,15.0
0x0619dafd91786867631d0546917aa35c244ed801,0.024484956315556843,0.008513589,0,2605.63,8,1764809105,0.0,0.0,0.0,0.0,0.0,3.540411942783511,0.0,3.5374174711977773,0.0,795.515,0.11070961367178797,3.5386452466340823,0.22141922734357594,7.0751438333773,7.0730105,,1,0.07268341763133024,0.0013698159278020439,0.0,0.0,0.0,27485047.0,27485047.0,6.298094236835436,0.0,23121021.0,0.0,,0.0
0xbbab6236915659d0bc07ab7f7202ebb821152ea0,0.024483549578474487,0.008500963,0,200.0,2,1764838915,0.0020040080160320653,0.003006012024048098,0.0020040080160320653,0.0020040080160320653,0.0042511429730654185,-0.09119999999999989,0.0020040080160320653,-0.08989548306573751,0.0,,0.0020040080160320653,-0.0036954830657375077,0.0020040080160320653,-0.08799096594365094,-0.08889096613147501,,1,0.07268341763133024,-0.004955186056054667,0.0020040080160320653,0.5280414474982981,199.4,35015556.0,35015556.0,7.969245096994972,184.79239966666668,30621720.0,0.0,0.6666666666666666,3.0
0x5e940ccc5cc4d0bba115144f15ed33617dd6d134,0.02448269604904173,0.008493302,0,1.033031,2,1764832275,0.03106213200821773,0.032064136016233764,0.03106213200821773,0.03106213200821773,0.04534553601993341,-0.05880015344765062,0.03106213200821773,-0.05625016571182464,0.0,,0.03106213200821773,0.0418498358370156,0.03106213200821773,-0.05425016571182464,-0.05625016571182464,,1,0.07268341763133024,-0.0035463295256015115,0.03106213200821773,0.026163692626813263,247.5,1717827.0,1717827.0,0.39155465130803363,253.5822710126582,-2669369.0,,0.6086956521739131,69.0
0x69af844d4fbacebfc1c4124b0978801db3600a19,0.024481016363766386,0.008478225,0,1074.6453739999997,43,1764668450,-3.6630677664146035e-06,-3.6793119693698783e-06,-3.6630677664146035e-06,-3.6630677664146035e-06,-0.0018276041469873284,0.0,-3.6630677664146035e-06,0.0,0.0,-7.4771927090000005,-0.032748370805238625,0.0,-0.06549307854271084,,,-1.03968159367076,3,0.07268341763133024,0.0311104802376045,-3.6630677664146035e-06,0.0,0.0,878.0,878.0,0.00020789080570946764,0.0,-4222493.0,,,0.0
0xd38a3388e02a8f48d03b6beb632b2f941800d89b,0.02447831202537999,0.008453948,0,1681.7,5,1764954627,0.0,0.0,0.0,0.0,0.0,0.0,0.0,0.0,1.0,-9.298117831235686e-14,-6.952799502913052e-18,0.0,-1.3905599005826104e-17,,,-0.00769999999640002,1,0.07268341763133024,-0.034484734063477476,0.0,0.2825617615825675,1.52847,459861.0,459861.0,0.10197496511845533,1.8852936,-4049687.0,,0.25,4.0
0x9fe2966cdb0b5da02854784eb179fb934469acfa,0.024477641354696798,0.008447927,0,5722.6089980000015,20,1764867119,1.5755116397546333e-09,4.726533164145606e-09,1.5755116397546333e-09,1.5755116397546333e-09,3.7693524856979918e-06,-0.0002842336487360995,1.5755116397546333e-09,-0.00028580850414730894,0.9925558312655086,0.0024666686649961298,3.2550274784060503e-07,1.3848215735520161e-06,6.494299840414555e-07,0.0017666237651103272,-0.08973337771292988,-0.008050000000000002,1,0.07268341763133024,-0.012957236536402603,1.5755116397546333e-09,0.17691683443966105,3.1584,86560.0,86560.0,0.0195746759414207,3.630965635514019,-4335480.0,,0.3333333333333333,12.0
0x9ec40d76e22a775414840f7fd088e00ab7595dda,0.02447585143117289,0.008431857,0,5.0,2,1764709647,-0.9228456913827653,-0.9238476953907814,-0.9228456913827653,-0.9228456913827653,-1.3065179403887708,0.0,-0.9228456913827653,0.0,0.0,,-0.9228456913827653,0.0,-0.9228456913827653,,,-1.0382225032497368,0,0.07268341763133024,,-0.9228456913827653,0.1760148120944011,2.5749995,288174.0,288174.0,0.06757401922070419,2.735622,-3976394.0,,0.0,8.0
0x0ab5f555f19b0c0cdfd93d5abfaff8520733d44f,0.02447546172089889,0.0084283585,0,500.0,2,1764867885,-0.0010020040080160326,-0.0020040080160320653,-0.0010020040080160326,-0.0010020040080160326,-0.002834095315376946,0.0,-0.0010020040080160326,0.0,1.0,,-0.0010020040080160326,0.0,-0.0010020040080160326,,,-0.008000000000000007,0,0.07268341763133024,,-0.0010020040080160326,0.9716290329020227,19.879999,3203316.0,3203316.0,0.7242723284720153,23.15999933333333,-1219490.0,,0.0,2.0
0x59ee717b3a1841d3903a1959224cbd434095d4e3,0.024475029903670665,0.008424481,0,1000.0,2,1764834451,-0.01903807615230462,-0.02004008016032065,-0.01903807615230462,-0.01903807615230462,-0.028340953153769454,0.0,-0.01903807615230462,0.0,0.0,,-0.01903807615230462,0.0,-0.01903807615230462,,,-0.14130000000000012,0,0.07268341763133024,,-0.01903807615230462,0.1801844578468846,18.0,507880.0,507880.0,0.11570675713974574,26.087726451612898,-3881492.0,,0.3076923076923077,13.0
0x6d24f1def2a30c113d232cdfde8dc4900c02fd7e,0.024474030518515735,0.008415508,0,2990.0,3,1764893751,0.0,-0.0003340013360053442,0.0,0.0,-0.0005785072837571403,-0.028413131449717535,0.0,-0.02824646478305087,0.5,7.000000000000006,0.0005845023380093524,0.0020868685502824676,0.0011690046760187047,0.008884847911186364,-0.08271515208881364,0.0,1,0.07268341763133024,-0.01659013435483919,0.0,0.04628451781603962,277.081499,34019744.0,34019744.0,7.647168413405169,1599.0420658977903,29571072.0,0.0,0.7777777777777778,62.0
0xecb3cd91898e9661c0735c54a5ff54dc6cf5f55f,0.024473761152904637,0.008413089,0,2.997,4,1764859543,-5.007516281939198e-07,5.007516281938086e-07,-5.007516281939198e-07,-5.007516281939198e-07,2.2399891483458008e-05,-0.04762603996977259,-5.007516281939198e-07,-0.04712579217251446,0.0,-0.0010000000000000564,-0.0001256886586766807,-0.0016030535379776643,-0.00025087656572516753,-0.0021439902048477847,-0.09120000000000006,,1,0.07268341763133024,-0.009331977096745584,-5.007516281939198e-07,0.5,0.999999,693862.0,693862.0,0.15717921813384367,0.999999,-3720602.0,,0.5,2.0
0x5b8d2dc97625e7c51954bc36371c30a902b5a1ae,0.024470056191024627,0.00837982,0,599.2,4,1764819241,0.0,0.0,0.0,0.0,0.0,-0.04077690467315013,0.0,-0.039517767757293897,0.0,2.0000000000000018,0.0012525050100200407,-0.038717767757293894,0.0025050100200400814,-0.07799898785116285,-0.07699898785116285,,1,0.07268341763133024,-0.0007808120530222307,0.0,0.947822194187058,96.051,4681685.0,4681685.0,1.0703044377414463,210.91079311523328,307523.0,,0.38095238095238093,58.0
0x022416efca4ff07032394ab269b355216520c69a,0.02446989907696773,0.008378409,0,25.43,3,1764622238,-0.002179139802701533,-0.0031811438107175656,-0.002179139802701533,-0.002179139802701533,-0.03621836443709105,0.0,-0.002179139802701533,0.0,0.6291781360597719,,-0.002179139802701533,0.0,-0.002179139802701533,,,-0.008100000000000007,0,0.07268341763133024,,-0.002179139802701533,0.08379735204833198,19.999999,285813.0,285813.0,0.0684228203906052,29.869466894736842,-3891346.0,,0.3888888888888889,18.0
0x58e66a4c87d6b02afcabaac2ee249b84d109a84c,0.024468102757635966,0.0083622765,0,666.666666,2,1764853593,-0.0020040072720440834,-0.0030060112800601156,-0.0020040072720440834,-0.0020040072720440834,-0.004251141920907524,0.0,-0.0020040072720440834,0.0,0.0,,-0.0020040072720440834,0.0,-0.0020040072720440834,,,-0.015999986913083537,0,0.07268341763133024,,-0.0020040072720440834,0.37043462299603747,1.079999,767236.0,767236.0,0.17403506034006017,1.3599990000000002,-3641278.0,,0.3333333333333333,3.0
0x9c6cecbb5541e2706d26b01389992af0db5b00b9,0.024462115643946316,0.008308499,0,1000.0,4,1764212245,-0.0010020040080160326,-0.0013360053440213768,-0.0010020040080160326,-0.0010020040080160326,-0.0023140291350285617,-0.014326986666666663,-0.0010020040080160326,-0.0004666664053432719,0.0,494.0,0.0814963259853039,-0.0025666664053432715,0.16399465597862384,-0.05305,-0.0494,-0.020699997734842924,1,0.07268341763133024,0.1280098925492283,-0.0010020040080160326,0.2466052926297301,44.9450865,10115381.0,10115381.0,2.6851434208102325,370.79715248351647,6348215.0,0.0,0.46153846153846156,52.0
0x1587b77e62c79a7a64d5f65ff8b5c187fb9d42ed,0.024461635952802263,0.00830419,0,32.125527999999996,12,1764818269,5.450982598825324e-06,2.3620917572085323e-05,5.450982598825324e-06,5.450982598825324e-06,0.0007844581958104603,-0.007912764399067308,5.450982598825324e-06,-0.0077787532052006995,0.0,0.1370099466530153,0.005291680784499466,-0.005873631465730961,0.010577910586400108,-0.007831218335404467,-0.01039248084946681,,1,0.07268341763133024,-0.0005745758259739675,5.450982598825324e-06,0.170377106311643,1.679998,119771.0,119771.0,0.02738755919591877,2.2540533157894735,-4253419.0,0.0,0.18181818181818182,11.0
0x65f693f9b2b8ae06144c1d23a84d37a1549330e8,0.024460730297702363,0.008296054,0,56.78340000000001,8,1764818795,-0.0015262244365146366,-0.0016958049294607072,-0.0015262244365146366,-0.0015262244365146366,-0.0058294385487078,-0.022003190494568794,-0.0015262244365146366,-0.02170935288956039,0.0,0.1376000000000001,0.00024869512454362905,-0.020421676954098664,0.0020236146856018947,-0.0488216438307948,-0.05120543049746148,0.21009999999999995,1,0.07268341763133024,-0.0006861810270309494,-0.0015262244365146366,0.5712489670519836,4.959998,1296572.0,1296572.0,0.29644631704481955,4.111451,-3077144.0,0.0,0.16666666666666666,6.0
0xa61ec8072c28fba041a70462ceeb2e08ec486906,0.024459073746702236,0.008281171,0,10000.0,2,1765028891,0.0,-0.0010020040080160326,0.0,0.0,-0.0014170476576884727,0.0,0.0,0.0,1.0,,0.0,0.0,0.0,,,0.0,0,0.07268341763133024,,0.0,0.47520000000000007,4.0,1116144.0,1116144.0,0.2434968973422121,5.357142857142857,-3467668.0,,0.0,3.0
0x44e641e5eabb5687fe2338540e18b7d610579d9e,0.024456967866437425,0.008262251,0,2288.487728,13,1764807123,-2.0152019535384015e-18,-1.8151325534065714e-05,-2.0152019535384015e-18,-2.0152019535384015e-18,-0.00013486178456456678,2.5419796711890466,-2.0152019535384015e-18,2.540833419037811,0.0,166.09317506566663,0.07943135035573426,2.5418880548112854,0.15886270071146852,7.00975999806559,7.00735999806559,-1.0531158622984806,1,0.07268341763133024,0.001466144371299895,-2.0152019535384015e-18,0.01967461760969022,24.8119985,6378159.0,6378159.0,1.4621950168315587,67.45868710621762,2016115.0,,0.509090909090909,164.0
0x7ed752c0aaba9af89700033475b30956fbfb27be,0.024449418273172888,0.0081944065,0,500.0,4,1764854373,0.0,0.0,0.0,0.0,0.0,0.0,0.0,0.0,0.0,-0.5000000000000004,-0.00025050100200400816,0.0,-0.0005010020040080163,,,-0.023999999999999133,1,0.07268341763133024,-0.008443803386432797,0.0,0.1666666666667037,0.999999,43202.0,43202.0,0.00979794044125885,0.9999993333333334,-4366092.0,,0.0,6.0
0xccf94389295c33e4b1b3d07c333cde320038c7b9,0.02444929019831507,0.008193255,0,9.82,2,1764833651,0.017034068136272555,0.018036072144288588,0.017034068136272555,0.017034068136272555,0.02550685783839251,-0.07756855380898282,0.017034068136272555,-0.07375807166310078,0.0,,0.017034068136272555,0.016341928336899226,0.017034068136272555,-0.07116172088507454,-0.07273045114204457,,1,0.07268341763133024,-0.003838285336731563,0.017034068136272555,0.0708037633119439,210.0,4761012.0,4761012.0,1.0848658743664226,1132.079643030303,372440.0,,0.5555555555555556,27.0
0x10863e1c3980e7092df9c66792ac3015450528a9,0.02444519287342857,0.008156426,0,1500.0,4,1764853867,-0.0010020040080160326,-0.0020040080160320653,-0.0010020040080160326,-0.0010020040080160326,-0.004429545953998155,0.0,-0.0010020040080160326,0.0,0.6666666666666666,,-0.0010020040080160326,0.0,-0.0010020040080160326,,,-0.011749999999999566,0,0.07268341763133024,,-0.0010020040080160326,0.06304014442412412,1.999998,483042.0,483042.0,0.10956344464737247,2.2420908484848487,-3925746.0,0.0,0.4666666666666667,30.0
0x0218c0a9bce8ce3e67d5b49550d3840c202d52c0,0.02444290386431993,0.008135849,0,7158.111627000001,23,1764825293,-1.1456644756838258e-09,-4.00982566489339e-09,-1.1456644756838258e-09,-1.1456644756838258e-09,-5.303303660331088e-06,0.0,-1.1456644756838258e-09,0.0,0.0,-16.727852505000108,-0.0007893135990799015,0.0,-0.0015786260524953272,,,0.17629999983889988,1,0.07268341763133024,-0.004160370308603233,-1.1456644756838258e-09,0.0,0.0,181975.0,181975.0,0.04154477383981696,0.0,-4198239.0,,,0.0
0x4d9c9f146f441c95e894664ff3b9570f800156fa,0.024440748377561355,0.00811647,0,1806.058,10,1764807123,-1.1624176427100727e-06,-1.7436264640651089e-06,-1.1624176427100727e-06,-1.1624176427100727e-06,-7.239725213313131e-05,0.6955459911520496,-1.1624176427100727e-06,0.6964442065920707,0.0,44.766466666666666,0.024391336326946234,0.7305502970793095,0.04878383507153518,3.520519908920482,3.518467295074741,,1,0.07268341763133024,0.0017903511150547777,-1.1624176427100727e-06,0.31904721062800706,11.4,2224128.0,2224128.0,0.509882064463357,31.924509908396953,-2137916.0,,0.3148148148148148,54.0
0xfb1b33c71b04a546e09d9e8c6708f365598cc93d,0.02443817162904251,0.008093301,0,1.9999989999999999,2,1764889613,-0.002004006516032097,-0.0030060105240481295,-0.002004006516032097,-0.002004006516032097,-0.004251140851745119,0.0,-0.002004006516032097,0.0,0.0,,-0.002004006516032097,0.0,-0.002004006516032097,,,-0.01609998787430027,0,0.07268341763133024,,-0.002004006516032097,0.8347107302779853,5.4999995,1591726.0,1591726.0,0.3581311336576568,5.4999995,-2852808.0,,0.0,2.0
0xe84ae8a5caf8b9c3441fcc3c661b245be5eca460,0.024436645509243616,0.008079578,0,3.260862,2,1764628132,-0.9208416710754554,-0.9218436750834714,-0.9208416710754554,-0.9208416710754554,-1.3036838276909022,0.0,-0.9208416710754554,0.0,0.0,,-0.9208416710754554,0.0,-0.9208416710754554,,,0.03193078092711249,0,0.07268341763133024,,-0.9208416710754554,0.0,0.0,425471.0,425471.0,0.10171303112822142,0.0,-3757582.0,,,0.0
0x32c593aea6fed10192040e9f4b4a0ba7a0878182,0.024434154928021663,0.008057181,0,2800.6443349999995,14,1764827227,1.932873168823966e-09,5.79861950647297e-09,1.932873168823966e-09,1.932873168823966e-09,4.175011372360194e-06,-0.005908047468638976,1.932873168823966e-09,-0.005793346834444562,0.0,-0.008174181250006272,-3.4515437640089335e-06,-8.854455554023848e-05,-6.905020401186691e-06,-0.08669096613147506,-0.08959096613147507,-0.04704999498640801,1,0.07268341763133024,-0.003664724396684774,1.932873168823966e-09,0.6799999903999998,12.4999995,1072740.0,1072740.0,0.24479775671656914,12.4999995,-3309408.0,,0.0,2.0
0x17d6af8c6d7467c0199e900f3c1b30b610839193,0.02443163208043849,0.008034491,0,5.2,2,1764916193,0.0010020040080160326,0.0020040080160320653,0.0010020040080160326,0.0010020040080160326,0.0028340953153769455,-0.0933970336064109,0.0010020040080160326,-0.09280300690420593,0.0,,0.0010020040080160326,-0.001203007517539463,0.0010020040080160326,0.0008030075175394625,-0.09079699186912701,,1,0.07268341763133024,-0.02135181481514487,0.0010020040080160326,0.2158875908882503,5.97,321811.0,321811.0,0.07197557476727276,5.926844444444445,-4149303.0,,0.0,5.0
0x6245afcacf4c99f7fc6e20741c799963926c97e2,0.024430948264015446,0.0080283405,0,1250.0,2,1764851031,-0.003006012024048098,-0.0040080160320641305,-0.003006012024048098,-0.003006012024048098,-0.005668190630753891,0.0,-0.003006012024048098,0.0,0.0,,-0.003006012024048098,0.0,-0.003006012024048098,,,-0.02410000000000002,0,0.07268341763133024,,-0.003006012024048098,0.2257387136150539,2.999998,700796.0,700796.0,0.15905665790276427,8.706895137931037,-3705156.0,,0.4230769230769231,26.0
0xe2131643590d6f686f1092460ccd4c76bafb4519,0.02443083260520865,0.0080273,0,99.999996,2,1764837805,0.002004021003006398,0.00300602501102243,0.002004021003006398,0.002004021003006398,0.004251161339420655,-0.09210450263820581,0.002004021003006398,-0.08899095177665418,0.0,,0.002004021003006398,-0.0004909517766541727,0.002004021003006398,-0.08669095177665408,-0.08899095177665407,,1,0.07268341763133024,-0.0047196693770180705,0.002004021003006398,0.410871762276864,2.349999,654852.0,654852.0,0.1490764504774484,5.6571425714285715,-3737874.0,,0.14285714285714285,14.0
0x91ab0798049bab210ef31d908593f6635e56740c,0.024429736099264895,0.0080174375,0,25.948,2,1764933905,0.0010020040080160326,0.0020040080160320653,0.0010020040080160326,0.0010020040080160326,0.0028340953153769455,-0.08749699248246055,0.0010020040080160326,-0.09320300751753946,0.0,,0.0010020040080160326,-0.0010030075175394627,0.0010020040080160326,0.0006030075716485573,-0.09119699248246055,,1,0.07268341763133024,-0.025109897174690997,0.0010020040080160326,0.1663846930732612,18.6872,515466.0,515466.0,0.11483314345443553,22.94869633333333,-3973360.0,,0.5,8.0
0x8d915b552326cabcd65c55d8d8d217a2873e6581,0.02442595202096727,0.007983398,0,1.999998,2,1764824743,-0.028056084532062788,-0.029058088540078818,-0.028056084532062788,-0.028056084532062788,-0.041094342910017685,0.0,-0.028056084532062788,0.0,0.0,,-0.028056084532062788,0.0,-0.028056084532062788,,,0.05240022938711103,0,0.07268341763133024,,-0.028056084532062788,0.027587666137173228,0.999999,679636.0,679636.0,0.1551799407443128,1.175912103896104,-3700028.0,,0.4918032786885246,56.0
0xedf378c48e04dcf8fc474596fab27f73dfac51f4,0.02442529951935653,0.007977528,0,2433.1644,2,1764982161,-1.1124479204660884e-16,0.0010020040080159214,-1.1124479204660884e-16,-1.1124479204660884e-16,0.0014170476576883155,-0.0004000000000000004,-1.1124479204660884e-16,-0.09080000000000012,0.0,,-1.1124479204660884e-16,-0.00010004920142507884,-1.1124479204660884e-16,-1.2229127457241291e-16,-0.09080000000000012,,1,0.07268341763133024,-0.03534871957432164,-1.1124479204660884e-16,0.39996404412235437,299.999999,35056617.0,35056617.0,7.726687990210448,388.83354257142855,30519535.0,0.0,0.6,5.0
0x74fbe9c81a1ecc62a53ac01ba09ede21a43096cf,0.024425071774104256,0.007975479,0,2675.8624,11,1764669958,0.0,0.0,0.0,0.0,0.0,-0.021841280310378276,0.0,-0.029091280310378397,0.0,926.2347999999998,0.11252315494228025,-0.027041280310378397,0.2250463098845605,7.220928607181246,7.217428605341246,,1,0.07268341763133024,0.030893635151140176,0.0,0.06492113155114196,166.929999,3288815.0,3288815.0,0.7784400452652017,266.87046170909093,-936064.0,,0.2,30.0
0xe5e5679a9e4cf62037eb7f43df4393f537c9ffce,0.02442357181278003,0.007961984,0,1.9999989999999999,2,1764848019,0.0010024960080198967,0.002004500016035929,0.0010024960080198967,0.0010024960080198967,0.002834791108455097,-0.09250246561477946,0.0010024960080198967,-0.09260246666388126,0.0,,0.0010024960080198967,-0.001102466663881259,0.0010024960080198967,-0.0037964501471577407,-0.09059645014715773,,1,0.07268341763133024,-0.006886847178531403,0.0010024960080198967,0.1403963347662156,1.599998,91396.0,91396.0,0.020757948098316124,2.2803638000000004,-4311544.0,,0.23076923076923078,13.0
0x40cd45f803310f474f70b1edb1c8554363565c75,0.024422097404171415,0.007948718,0,3.9939989999999996,4,1764961795,-1.003011014995115e-06,2.0059980060618217e-06,-1.003011014995115e-06,-1.003011014995115e-06,6.340362794279146e-05,-0.04419241728760033,-1.003011014995115e-06,-0.04674496985682966,0.0,-0.0009995079840001368,-0.00012606657307732874,0.0005023267519683151,-0.0002511301351396624,0.000903549912542275,-0.09339645014715774,,1,0.07268341763133024,-0.031027518956970892,-1.003011014995115e-06,0.0,0.0,8904.0,8904.0,0.0019713437816324957,0.0,-4507812.0,,,0.0
0x5215d379ada6e464c1fc53038f3ae24cec3c3164,0.024421688862184602,0.007945042,0,266.908136,8,1764668936,-4.528318480205132e-05,-4.543312912777174e-05,-4.528318480205132e-05,-4.528318480205132e-05,-0.006432843531899593,0.0,-4.528318480205132e-05,0.0,0.0,-89.69367980830971,-0.11339023278901228,0.0,-0.2267351823932225,,,-0.013225004040511794,1,0.07268341763133024,-0.000866531637104019,-4.528318480205132e-05,0.0,0.0,14372.0,14372.0,0.0034025773126315595,0.0,-4209485.0,,,0.0
0x8098b0c7747e6b359f8a3dfd15017b064194a1a1,0.024419219120915034,0.007922819,0,29.67954,6,1764926733,-4.5479026033307956e-07,9.095805206661592e-07,-4.5479026033307956e-07,-4.5479026033307956e-07,4.269433984314083e-05,-0.04414352301070898,-4.5479026033307956e-07,-0.04624598188305793,0.0,-0.009910000000001109,-0.00012564844247980943,0.0,-0.0002508420946992858,0.0007530072968571067,-0.0914469949785948,,1,0.07268341763133024,-0.02358816238005093,-4.5479026033307956e-07,0.0,0.0,14094.0,14094.0,0.0031448210861436425,0.0,-4467560.0,0.0,,0.0
0x7e1570ca6c2bf1ee33dc4a3f567831635684cfdb,0.024415722238103163,0.0078913495,0,109764.23498600002,75,1764763273,0.00012948345879509014,0.000194225188192634,0.00012948345879509014,0.00012948345879509014,0.001068545723771436,-0.0052963828869012795,0.00012948345879509014,-0.00516578858740995,0.0,-4857.169464420386,-0.0509651609260792,-0.0027058544573016676,-0.1020598053109535,-0.07809737931527802,-0.07923737985640075,-0.2571000000000002,1,0.07268341763133024,-0.002494355025904713,0.00012948345879509014,0.23514533508552707,141.219977,45997320.0,45997320.0,10.651980897569679,1458.1745370813953,41679126.0,0.0,0.7692307692307693,13.0
0xf1a0782969c6d87e97dadb2e9c5ddf0fc7f30bcf,0.024413683425806604,0.007873,0,316.844065,18,1764825759,-0.011200321491050455,-0.012419756209934841,-0.01124529599842835,-0.011380219520933588,-0.045476526910667135,0.0,-0.011470168535875154,0.0,0.0,0.06206666543939393,-0.011289849880288362,0.0,-0.011019582209760003,,,0.05365003556832497,1,0.07268341763133024,-0.0023331003627805567,-0.011380219520933588,0.17535695356984418,1.099999,355364.0,355364.0,0.08112073924596182,4.619556110694185,-4025316.0,,0.046511627906976744,43.0
0x3b73abb34fb1c633f1ed01fb5f9f4924d61feb86,0.024410618535010968,0.007845412,0,3.999996,4,1764828539,-0.03206409661222309,-0.033066100620239125,-0.03206409661222309,-0.03206409661222309,-0.06613220124047825,0.0,-0.03206409661222309,0.0,0.0,,-0.03206409661222309,0.0,-0.03206409661222309,,,-0.255549741035789,0,0.07268341763133024,,-0.03206409661222309,0.11217485538319762,1.0,275611.0,275611.0,0.062875217294101,1.6800771363636364,-4107849.0,0.0,0.375,16.0
0xf03b828ecb3d6aca0de71f5b09d2e639790f1196,0.0244103723005301,0.007843195,0,24662.979271999997,21,1764823367,-0.00010543720704963412,7.029147136642211e-05,-0.00010543720704963412,-0.00010543720704963412,0.000750638853449509,-0.047667476022451194,-0.00010543720704963412,-0.04422341530774414,0.0,-25.896633404444586,-0.0021078659964428735,-0.044576479526670806,-0.004110294785836113,-0.08896492666926027,-0.08556821071969943,,1,0.07268341763133024,-0.0016562551320357425,-0.00010543720704963412,0.012058011597046128,198.68507499999998,2180558.0,2180558.0,0.49803895952025085,608.8943754650655,-2197730.0,,0.963963963963964,221.0
0xd9430448ac33ddce60fa8feaee5e83d0b6b7195c,0.024406158548626978,0.007805261,0,4.029796,4,1764829821,2.9982146583227682e-06,3.997563394292064e-06,2.9982146583227682e-06,2.9982146583227682e-06,0.0002830456973169707,-0.03697612840876361,2.9982146583227682e-06,-0.03521423857007685,0.0,0.015300859656979915,0.0018814865140986648,0.012195300605195549,0.003759974813539007,-0.06661443157294568,-0.07041443157294568,,1,0.07268341763133024,-0.003025646705461144,2.9982146583227682e-06,0.44552052501299855,77.158064,1652571.0,1652571.0,0.37689127433267455,322.9320394246575,-2732171.0,,0.375,8.0
0x11f791112e23fa0ec6512dbed41c47c44f654982,0.024405162112206766,0.0077962894,0,20.609277,4,1764798957,0.0003973655463612766,0.0004072884080905845,0.0003973655463612766,0.0003973655463612766,0.019196835776894433,3.604872298014142,0.0003973655463612766,3.5114302552098264,0.0,9.074300868218014,0.11069339679357348,3.5138813664787953,0.2209894280407857,7.21170068277339,7.21170068277339,,1,0.07268341763133024,0.003522990034886173,0.0003973655463612766,0.011844953405689132,1.0,5887772.0,5887772.0,1.3523052322550149,2.393222503740648,1533894.0,,0.5125,320.0
0xf8a2163296ecb76d6441cd2d89e6971c1709a8f4,0.024404610380917936,0.0077913217,0,20000.0,6,1765061715,3.1432215992769322e-18,-0.0010020040080160296,3.1432215992769322e-18,3.1432215992769322e-18,-0.0022690592890373196,0.0,3.1432215992769322e-18,0.0,1.0,,3.1432215992769322e-18,0.0,3.1432215992769322e-18,,,0.0,0,0.07268341763133024,,3.1432215992769322e-18,0.5332439129523787,30.649997499999998,1806306.0,1806306.0,0.39126021631335023,30.862190388888887,-2810330.0,,0.4,5.0
0x235ef2007b2e91403dfd86be29795afbe3484bf7,0.024403159118829666,0.0077782543,0,148.36424,10,1764193007,-1.1149802634321797e-08,5.750950832439662e-07,-1.1149802634321797e-08,-1.1149802634321797e-08,0.0007514802903820912,-0.04896970144999909,-1.1149802634321797e-08,-0.044969699223593104,0.0,-7.9531199999999975,-0.0023335826847809037,-0.04633311117371144,-0.004667154219759173,-0.14364802550958525,-0.14364802550958525,,1,0.07268341763133024,0.13209175729815265,-1.1149802634321797e-08,0.1055364013049406,3.879999,102112.0,102112.0,0.027244920393348006,7.6519304978902944,-3645816.0,0.0,0.5180722891566265,45.0
0x46ed247dec79d5a6baab88d892e4d141cfbc761f,0.024402561406597252,0.007772872,0,500.0,2,1764957509,-0.0010020040080160326,-0.0020040080160320653,-0.0010020040080160326,-0.0010020040080160326,-0.002834095315376946,0.0,-0.0010020040080160326,0.0,1.0,,-0.0010020040080160326,0.0,-0.0010020040080160326,,,-0.00769999999640002,0,0.07268341763133024,,-0.0010020040080160326,0.13595013693427596,5.999999,367137.0,367137.0,0.08136126211376132,9.094633782608696,-4145293.0,,0.14285714285714285,14.0
0x5a71eb43d8a41fd5f9e49e7af9114f88b301f491,0.024402561406597252,0.007772872,0,2500.0,2,1764862761,-0.0010020040080160326,-0.0020040080160320653,-0.0010020040080160326,-0.0010020040080160326,-0.0028340953153769455,0.0,-0.0010020040080160326,0.0,1.0,,-0.0010020040080160326,0.0,-0.0010020040080160326,,,-0.007999999999999119,0,0.07268341763133024,,-0.0010020040080160326,0.09418282605336063,17.4999995,361513.0,361513.0,0.08183318763097933,15.833332750000002,-4056169.0,,0.08333333333333333,12.0
0xdda3f6be137d7563f6c05a6f4474cc37ec9a9df5,0.02440227062305093,0.007770254,0,2000.0,4,1764858103,0.0,0.0,0.0,0.0,0.0,0.0,0.0,0.0,1.0,1.0000000000000009,0.00012525050100200408,0.0,0.00025050100200400816,,,-0.007999702995197654,1,0.07268341763133024,-0.015495300063101496,0.0,0.09286810865667681,1.0,117810.0,117810.0,0.02669597989949749,2.8237430652173914,-4295214.0,,0.38095238095238093,21.0
0x91a9a72e0eeb691f1091a8e5051f5083a35dec28,0.02439586896631475,0.007712601,0,333.333333,2,1764865259,-0.0020040065250501006,-0.0030060105330661333,-0.0020040065250501006,-0.0020040065250501006,-0.004251140864498503,0.0,-0.0020040065250501006,0.0,0.0,,-0.0020040065250501006,0.0,-0.0020040065250501006,,,-0.015699987649600004,0,0.07268341763133024,,-0.0020040065250501006,0.0,0.0,261773.0,261773.0,0.05922224886769317,0.0,-4158407.0,,,0.0
0xb580ddecfb70047895c24f154926af04db497448,0.024394275425133484,0.0076982477,0,27.944,2,1764933949,0.0010020040080160326,0.0020040080160320653,0.0010020040080160326,0.0010020040080160326,0.0028340953153769455,-0.08749699248246055,0.0010020040080160326,-0.09110000000000003,0.0,,0.0010020040080160326,0.0,0.0010020040080160326,0.0006030075716485573,-0.09009699248246056,,1,0.07268341763133024,-0.02511923297097713,0.0010020040080160326,0.12954133386859512,22.22195,514734.0,514734.0,0.11466894786438457,22.0065238,-3974136.0,,0.5555555555555556,9.0
0xc32ced7058a6c02a203228d1334399c6da0bd102,0.024394000453388864,0.007695771,0,1326.7663,13,1764819025,5.080315033892863e-09,5.522081558579226e-09,5.080315033892863e-09,5.080315033892863e-09,1.1761322049718526e-05,-0.0005043836493620196,5.080315033892863e-09,-0.0004937110727916068,0.0,-5.002839285714276,-0.003223038351713297,8.584218395091096e-05,-0.006446081783741628,-0.06287103939339546,-0.06447102499057082,0.03586293307678812,1,0.07268341763133024,-0.0007820851161521582,5.080315033892863e-09,0.09988521906170905,19.999998,93632.0,93632.0,0.02140675719361876,22.98830255172414,-4280314.0,,0.21052631578947367,19.0
0x800b79f9bf596f0dd10bdfaca3a7342302e1a0c4,0.024393967781632116,0.0076954765,0,3000.0,6,1764899833,-0.0013360053440213768,-0.001670006680026721,-0.0013360053440213768,-0.0013360053440213768,-0.002892536418785702,0.0,-0.0013360053440213768,0.0,0.0,-0.6666666666667074,-0.001419505678022718,0.0,-0.001503006012024059,,,-0.03230000000000003,1,0.07268341763133024,-0.018066038876801863,-0.0013360053440213768,0.15272866336379048,5.453,35046.0,35046.0,0.00786710107898214,10.492548885714285,-4419708.0,,0.07692307692307693,13.0
0x6324dd00d9352a1b8dc486b6c0680d95c39fe1f3,0.024392259139233215,0.007680085,0,8471.125472,27,1764829157,-0.005779238082556761,-0.007248365505797695,-0.005779238082556761,-0.005779238082556761,-0.030539121228634898,0.0,-0.005779238082556761,0.0,0.0,-19.169357161201482,-0.006897701004119021,0.0,-0.008016163925681281,,,-0.19460006973820004,1,0.07268341763133024,-0.0030532297399429075,-0.005779238082556761,0.5018107257586726,5.37279,606158.0,606158.0,0.13826350717300195,36.08025555555556,-3777920.0,,0.0,2.0
0x208d3aa396732b5ee4998931caf8ab977e116fb3,0.024386053840365046,0.0076241787,0,79.99999600000001,7,1764831855,-0.0320051852832308,-0.03300718929124683,-0.0320051852832308,-0.0320051852832308,-0.08254232400279568,0.0,-0.0320051852832308,0.0,0.0,,-0.0320051852832308,0.0,-0.0320051852832308,,,-0.2593999733509998,0,0.07268341763133024,,-0.0320051852832308,0.0471112943458938,15.999998,238167.0,238167.0,0.05429203588238834,28.047834380645163,-4148609.0,0.0,0.14545454545454545,55.0
0xf148c384345acfa2d58127d9cb5e8b50e2f48ec0,0.024384467073746065,0.0076098805,0,1.9999989999999999,2,1764854785,0.0010024960080198967,0.002004500016035929,0.0010024960080198967,0.0010024960080198967,0.002834791108455097,-0.09290246666267762,0.0010024960080198967,-0.09320547492043757,0.0,,0.0010024960080198967,-0.002205474920437562,0.0010024960080198967,-0.0004964501471577378,-0.09019645014715774,,1,0.07268341763133024,-0.008322438034713036,0.0010024960080198967,0.059288617738110505,6.0,799428.0,799428.0,0.18128827636128123,306.22099854733733,-3610278.0,0.0,0.5480769230769231,104.0
0x4e9224dfd7963657133711af9f2fca9746eb1910,0.02438391249141896,0.007604883,0,148.571141,4,1764833575,-2.5044044970111486e-08,-5.259283138208519e-07,-2.5044044970111486e-08,-2.5044044970111486e-08,-0.00010519802422536242,0.0,-2.5044044970111486e-08,0.0,0.0,-0.1428490390480404,-0.00012527157198122414,0.0,-0.0002505180999174782,,,-0.1520999455113005,1,0.07268341763133024,-0.00387987206564253,-2.5044044970111486e-08,0.05165723076140249,3.0,41510.0,41510.0,0.009458821427659955,3.664848090909091,-4346986.0,,0.0,31.0
0xa469fecbc8a7fdddd166f8ecffde9fb52afbe73f,0.024382505162194403,0.007592201,0,9.999998,2,1764832345,-0.034068129714428776,-0.03507013372244481,-0.034068129714428776,-0.034068129714428776,-0.04959665874451948,0.0,-0.034068129714428776,0.0,0.0,,-0.034068129714428776,0.0,-0.034068129714428776,,,-0.25939994698549945,0,0.07268341763133024,,-0.034068129714428776,0.06637863799045454,9.999999,207987.0,207987.0,0.04740697281632798,26.76421620625,-4179279.0,,0.125,144.0
0x83d2d581e4a0db3502f550bc24413f80e9ec985c,0.024381809407055123,0.0075859306,0,50.0,2,1764834457,-0.01903807615230462,-0.02004008016032065,-0.01903807615230462,-0.01903807615230462,-0.028340953153769454,0.0,-0.01903807615230462,0.0,0.0,,-0.01903807615230462,0.0,-0.01903807615230462,,,-0.14130000000000015,0,0.07268341763133024,,-0.01903807615230462,0.07768896002668947,1.0,276885.0,276885.0,0.06308069161507622,5.355792956521739,-4112493.0,0.0,0.2222222222222222,36.0
0xc8a0a79c363c652c285183b06e2ad090b4a25cc4,0.024378627420143816,0.0075572524,0,778.8136480000001,19,1764690386,-0.058526317122225884,-0.058591193316660115,-0.058526317122225884,-0.058526317122225884,-0.28838973070140267,1.1872747443899703,-0.058526317122225884,0.03400945605679519,0.0,0.34500605791666566,-0.05729938334583689,0.03486935006209135,-0.056072449569447895,7.49493881574348,7.490488826446681,-1.0420239642728903,2,0.07268341763133024,0.02655036810620402,-0.058526317122225884,0.0,0.0,281099.0,281099.0,0.0662140570752598,0.0,-3964208.0,0.0,,0.0
0xa4de5b99bf35fca188ceda5b1d06da83df9f0ac8,0.024378261227777483,0.007553952,0,112.472,2,1764856297,0.0,0.0010020040080160326,0.0,0.0,0.0014170476576884725,-0.09410300375738449,0.0,-0.09420450519332962,0.0,,0.0,-0.0031045298330761263,0.0,-0.004773630655994477,-0.09119999956175961,,1,0.07268341763133024,-0.00864324994345478,0.0,0.09136259044864295,99.999999,261949.0,261949.0,0.05938246534177182,99.31995472727273,-4149269.0,0.0,0.09090909090909091,11.0
0x5448227a1c2a106ba44fa037f836962280ef18e9,0.024375928943855162,0.007532929,0,1905.96,4,1764887111,-0.0036606484257486836,-0.004662652433764716,-0.0036606484257486836,-0.0036606484257486836,-0.00848441265078314,0.0,-0.0036606484257486836,0.0,0.0,,-0.0036606484257486836,0.0,-0.0036606484257486836,,,-0.026945974872033714,0,0.07268341763133024,,-0.0036606484257486836,0.7885587682293407,49.999998,39308229.0,39308229.0,8.849154846250546,433.1090906538462,34866197.0,0.0,0.043478260869565216,23.0
0x948cc2f1138a516c0f4fd03eb30015c331fd42ee,0.024375254137832286,0.007526846,0,8909.364317,17,1764680904,-1.7258382377625093e-17,-0.00015544968888979723,-1.7258382377625093e-17,-1.7258382377625093e-17,-0.00039466594901566997,1.0021417308554668,-1.7258382377625093e-17,0.011402643330801994,0.0,2624.316609662,0.0971316721061429,0.013697292687082634,0.1942633442122858,7.352734902957765,7.346665415235285,,2,0.07268341763133024,0.028571143647775684,-1.7258382377625093e-17,0.11922428587348174,76.761904,59776691.0,59776691.0,14.112172008994706,310.5998353315508,55540866.0,0.0,0.3563218390804598,83.0
0x9df2c97a4c8232ca81c62f83e3ac6198ab81a79a,0.024375087389215615,0.007525343,0,1127.2964820000002,17,1764824945,-1.1634936835986813e-08,-2.7148193466472235e-08,-1.1634936835986813e-08,-1.1634936835986813e-08,-1.3799208350821867e-05,0.0,-1.1634936835986813e-08,0.0,0.0,-3.1098109925055604,-0.000788816343881652,0.0,-0.001577621052826468,,,0.14309999983889987,1,0.07268341763133024,-0.0043156840104543945,-1.1634936835986813e-08,0.37673633445539045,7.139999,922664.0,922664.0,0.21066032613783162,14.398573777777777,-3457202.0,,0.14285714285714285,7.0
0x2124f9e68b84d553194bfad5cde4bf48f1c1c624,0.024373990998268816,0.0075154593,0,250.0,2,1764847479,-0.003006012024048098,-0.0040080160320641305,-0.003006012024048098,-0.003006012024048098,-0.005668190630753891,0.0,-0.003006012024048098,0.0,0.0,,-0.003006012024048098,0.0,-0.003006012024048098,,,-0.024099999679958062,0,0.07268341763133024,,-0.003006012024048098,0.10115851542807126,1.999999,344513.0,344513.0,0.07825572415046339,3.9559224347826087,-4057887.0,,0.35714285714285715,28.0
0x45798c7f8831a6aea25a5a78ed8ea8b8bfb49f19,0.024369317787017036,0.0074733268,0,10636.0225,9,1764853825,-0.002106877367942824,-0.0031088813759588556,-0.002106877367942824,-0.002106877367942824,-0.005618151539401325,0.0,-0.002106877367942824,0.0,0.0,,-0.002106877367942824,0.0,-0.002106877367942824,,,-0.015999999999998203,0,0.07268341763133024,,-0.002106877367942824,0.05414070538750923,9.71075,689776.0,689776.0,0.15645628031190728,33.6296684724138,-3718970.0,,0.5033112582781457,140.0
0x924f5e36d03e7659caade25e09ba21b692c50001,0.024369268362944084,0.007472881,0,166.476507,23,1764830179,0.0003480579714123177,0.0005220869571184764,0.0003480579714123177,0.0003480579714123177,0.0012527568282379561,0.0,0.0003480579714123177,0.0,0.0,-2.033764716500001,-0.0021043397072769386,0.0,-0.004556737385966195,,,-0.2351000000000002,1,0.07268341763133024,-0.004270278092153646,0.0003480579714123177,0.14284129021181557,7.095,79764.0,79764.0,0.018189779024423616,11.703311363636363,-4305336.0,,0.24,24.0
0xe542afd3881c4c330ba0ebbb603bb470b2ba0a37,0.02436813793661412,0.0074626883,0,1125.79,9,1764806179,9.32096751642821e-05,9.653859213443505e-05,9.32096751642821e-05,9.32096751642821e-05,0.001674881975292868,2.340498338870432,9.32096751642821e-05,2.3313289036544846,0.0,142.91666666666669,0.0714568672228177,2.3325581395348833,0.1428205247704711,7.0510000005092,7.0493,-0.23470000000000024,2,0.07268341763133024,0.0019906463808300454,9.32096751642821e-05,0.0,0.0,26240639.0,26240639.0,6.016977138795258,0.0,21879539.0,,,0.0
0xa33448ca58aba1ee3d0c394f8171cd4c760bbf67,0.02436765937096009,0.007458373,0,1000.0,4,1764860291,-0.0010020040080160326,-0.0020040080160320653,-0.0010020040080160326,-0.0010020040080160326,-0.0040080160320641305,0.0,-0.0010020040080160326,0.0,1.0,,-0.0010020040080160326,0.0,-0.0010020040080160326,,,-0.007700000000000007,0,0.07268341763133024,,-0.0010020040080160326,0.3476562580566418,6.999999,1185686.0,1185686.0,0.26854565533886027,6.3999998,-3229526.0,,0.0,4.0
0x359cf7e2cdc79175634d3d06fa87212d418ff17e,0.024366508929805856,0.007447999,0,250.0,2,1764905665,-0.003006012024048098,-0.0040080160320641305,-0.003006012024048098,-0.003006012024048098,-0.005668190630753891,0.0,-0.003006012024048098,0.0,0.0,,-0.003006012024048098,0.0,-0.003006012024048098,,,-0.02400000000000003,0,0.07268341763133024,,-0.003006012024048098,0.05355062615531836,9.999999,316117.0,316117.0,0.0708689396415628,12.644775628571429,-4144469.0,,0.28125,32.0
0x4f11e8f0a369167e6131a49daa91135e15f7be8d,0.024361990715181466,0.0074072517,0,10657.814821999998,11,1764829061,2.489401378399363e-18,2.242253424027245e-05,2.489401378399363e-18,2.489401378399363e-18,0.00014989152470580924,0.0,2.489401378399363e-18,0.0,0.0,-279.49514128999994,-0.005997789624214172,0.0,-0.011995579248428347,,,-0.380100023904,1,0.07268341763133024,-0.004117934870938982,2.489401378399363e-18,0.5749435309527066,7.5,3381586.0,3381586.0,0.7713503385734705,242.74445315789475,-1002396.0,,0.0,3.0
0x6125ecdb041e6c054a32351c056dff7680f3fb3a,0.024359917713428898,0.007388554,0,5072.407193,4,1764838777,4.0718051835034354e-19,2.0697268973768584e-09,4.0718051835034354e-19,4.0718051835034354e-19,2.494318331976612e-06,-0.045600031396603145,4.0718051835034354e-19,-0.04494777248037254,0.0,9.999017214212814e-10,7.392252059792513e-14,-0.0018477428047662646,1.4784463401533189e-13,-0.08799096594299728,-0.08889096613082134,,1,0.07268341763133024,-0.004925905604066334,4.0718051835034354e-19,0.04670835252296522,24.439999999999998,425046.0,425046.0,0.0967399215876922,120.79200788095238,-3968652.0,,0.5882352941176471,47.0
0xf20c1ad6acc359747ac3d9da25da39c9f904abf5,0.02435471957381158,0.007341662,0,100.0,2,1764834829,-0.01903807615230462,-0.02004008016032065,-0.01903807615230462,-0.01903807615230462,-0.02834095315376945,0.0,-0.01903807615230462,0.0,0.0,,-0.01903807615230462,0.0,-0.01903807615230462,,,-0.14327293156940793,0,0.07268341763133024,,-0.01903807615230462,0.0437215092646174,0.999999,417216.0,417216.0,0.09504322569622416,3.0933760952380953,-3972534.0,,0.35714285714285715,56.0
0x28b255ed9747765be4f44ce484532d4b6bdfa74f,0.024353358789701747,0.007329385,0,123651.17744300001,91,1764825271,0.0008186438746056772,0.0008578273685929137,0.0008186438746056772,0.0008186438746056772,0.00809578424716751,-0.04119884420023589,0.0008186438746056772,-0.039575083904162374,0.0,100.78682356102713,0.0020913457203237834,-0.03300889420634118,0.0033640475660418894,-0.07146813895141153,-0.072303529052111,,1,0.07268341763133024,-0.0020602404985994183,0.0008186438746056772,0.009723231112583199,182.007,30777103.0,30777103.0,7.026427836953266,936.5792054164293,26396911.0,0.0,0.9513212795549374,665.0
0x270dc70941d52d7f8d1756fa5d0bdd4b8107039b,0.02434970576202183,0.0072964234,0,1.088135,2,1764633408,-0.9198396195037721,-0.9208416235117882,-0.9198396195037721,-0.9198396195037721,-1.3022667127680303,0.0,-0.9198396195037721,0.0,0.0,,-0.9198396195037721,0.0,-0.9198396195037721,,,-0.006785785858651522,0,0.07268341763133024,,-0.9198396195037721,0.10000000000430102,0.9999975000000001,487745.0,487745.0,0.11645336362067067,0.9999947,-3700584.0,,0.0,10.0
0x1ee66ed15f75332eaf28e05094ca56ece3c5d50e,0.024348222130152673,0.007283035,0,6.452185,3,1764834399,-0.023046069098195485,-0.02404807310621152,-0.023046069098195485,-0.023046069098195485,-0.03872329906461902,0.0,-0.023046069098195485,0.0,0.0,,-0.023046069098195485,0.0,-0.023046069098195485,,,-0.17359980876799264,0,0.07268341763133024,,-0.023046069098195485,0.12057784421043675,3.999999,332001.0,332001.0,0.07563836767426389,4.021562923076923,-4057319.0,,0.3076923076923077,13.0
0xbe7c0363ec2f0d12630fd48ac4c87ce84f418356,0.02434743016658843,0.007275888,0,102.10600000000004,22,1764329037,0.08538581127361777,0.2754605165922645,0.08538581127361777,0.08580788463862518,0.7250681844983531,0.005244250594766058,0.08460072007615545,0.005243616177636797,0.0,2.7473552941176473,0.08631361930840264,-1.37911204176586e-20,0.08724142734318752,0.1300012030070158,0.09870120300701578,,2,0.07268341763133024,0.1032292943708119,0.08538581127361777,0.0,0.0,9753116.0,9753116.0,2.5111280811996424,0.0,5869158.0,,,0.0
0x937dab3fadbc183782c30afd6eb8c97abc5c92c4,0.024346701538950292,0.0072693126,0,4.999996,2,1764586040,-0.9498997425450477,-0.9509017465530637,-0.9498997425450477,-0.9498997425450477,-1.3447781464596065,0.0,-0.9498997425450477,0.0,0.0,,-0.9498997425450477,0.0,-0.9498997425450477,,,-0.02273362838941027,0,0.07268341763133024,,-0.9498997425450477,0.03780541930285423,2.499998,405931.0,405931.0,0.0980282113258251,2.5011810000000003,-3735030.0,,0.25,28.0
0xdc22d4f2039ffb48372bf845559f9ad7cd60d56d,0.024345479312673036,0.007258282,0,1000.0,2,1765127077,0.0,-0.0010020040080160326,0.0,0.0,-0.0014170476576884727,0.0,0.0,0.0,1.0,,0.0,0.0,0.0,,,0.0,0,0.07268341763133024,,0.0,0.534202917182942,1.0,1615510.0,1615510.0,0.3450471358595198,3.3930335,-3066488.0,,0.07692307692307693,13.0
0x0b9cc11a302aa91a549c2797f914f05808dd12bf,0.024344716019164415,0.007251393,0,27.944,2,1764934065,0.0010020040080160326,0.0020040080160320653,0.0010020040080160326,0.0010020040080160326,0.0028340953153769455,-0.08749699248246055,0.0010020040080160326,-0.09110000000000003,0.0,,0.0010020040080160326,-0.00010000000000000011,0.0010020040080160326,0.0006030075716485573,-0.09009699248246056,,1,0.07268341763133024,-0.0251438455248224,0.0010020040080160326,0.12142148715906623,18.886,514178.0,514178.0,0.11454212599460101,21.694842111111114,-3974808.0,,0.5555555555555556,9.0
0x027c2250d43d9c92b403e38f5cf478ae477e60f2,0.024343330551956956,0.007238888,0,1491.537476,7,1764777569,8.159821260788273e-06,8.177605345724744e-06,8.159821260788273e-06,8.159821260788273e-06,0.0027451122811991383,3.6627805321613547,8.159821260788273e-06,0.14510093506057808,0.0,456.84503093435274,0.11494380424341777,0.14530093683542977,0.22987944866557475,7.344462272244883,7.338816098549488,,1,0.07268341763133024,0.008061035738701247,8.159821260788273e-06,0.11565556773232427,28.659750000000003,7331135.0,7331135.0,1.6921296990875916,115.77155596527776,2998645.0,,0.3918918918918919,146.0
0x1a6df901e63422055a1658b0ef2b2a871507cf4a,0.024338578479039173,0.007195992,0,27.499979,9,1764834963,1.3360730350470865e-09,-1.3360730350470865e-09,1.3360730350470865e-09,1.3360730350470865e-09,-1.636307144835178e-06,0.0,1.3360730350470865e-09,0.0,1.0,0.9374990417500096,0.00018787702079869383,0.0,0.00037575270552435257,,,0.0057000000000000045,1,0.07268341763133024,-0.004844853918127613,1.3360730350470865e-09,0.0,0.0,176197.0,176197.0,0.04013705145739614,0.0,-4213687.0,,,0.0
0x6916fe8ee471fff36ec68813e7f430e6ea322f41,0.024336441040202033,0.007176695,0,1.033031,2,1764832245,0.03106213200821773,0.032064136016233764,0.03106213200821773,0.03106213200821773,0.04534553601993341,-0.0609001375476936,0.03106213200821773,-0.05625016571182464,0.0,,0.03106213200821773,0.0418498358370156,0.03106213200821773,-0.05425016571182464,-0.05625016571182464,,1,0.07268341763133024,-0.003539964209951874,0.03106213200821773,0.020898675804779235,130.395,1803871.0,1803871.0,0.4111699899206002,176.717808210084,-2583295.0,,0.6666666666666666,87.0
0xdce082f422e1e9564975b86ceefeb744190102fa,0.024335963287819392,0.0071723815,0,699.217898,9,1764901533,-0.00472373107439368,-0.005725735082409713,-0.00472373107439368,-0.00472373107439368,-0.016348553216177814,0.0,-0.00472373107439368,0.0,0.0,,-0.00472373107439368,0.0,-0.00472373107439368,,,-0.04029994924708437,0,0.07268341763133024,,-0.00472373107439368,0.050315756566625486,3.0,479420.0,479420.0,0.10757880592955744,4.073824685185185,-3977034.0,,0.15625,32.0
0x78bcfed7902a23cb432c7d83cbb05875951e483c,0.024335806136465125,0.0071709626,0,33210.59135,12,1764882969,0.0004178658132386226,0.000835731626477245,0.0004178658132386226,0.0004178658132386226,0.002369002115044589,-0.030579312274408257,0.0004178658132386226,-0.06235485117031771,0.0,16.961991666666684,0.000789421332938478,0.0015680837089768619,0.0011609768526383334,0.003557851374190233,-0.08764214750590302,,3,0.07268341763133024,-0.014302439910359382,0.0004178658132386226,0.052178063487880566,125.3098,3456718.0,3456718.0,0.778910247888073,993.9837802706767,-981172.0,,0.7213114754098361,61.0
0x19820e1a9e07a857de7c89d61e16ed6e0480a646,0.02432772559956699,0.007097994,0,6.0,6,1764875953,-0.0010020040080160326,-0.0020040080160320653,-0.0010020040080160326,-0.0010020040080160326,-0.0049087970797258105,0.0,-0.0010020040080160326,0.0,1.0,,-0.0010020040080160326,0.0,-0.0010020040080160326,,,-0.008100000000000007,0,0.07268341763133024,,-0.0010020040080160326,0.9594165393316936,1.0,35708575.0,35708575.0,8.059036433895434,16.086666666666666,31277701.0,0.0,0.0,2.0
0x0a34cd86ae71b8f63f4e8a490e07cd4ba7e24fb4,0.024327309780473257,0.0070942384,0,263.666666,4,1764878887,-0.0023789366553110033,-0.003380940663327036,-0.0023789366553110033,-0.0023789366553110033,-0.0072796561963625155,0.0,-0.0023789366553110033,0.0,0.007585335038142439,,-0.0023789366553110033,0.0,-0.0023789366553110033,,,-0.02409998467707024,0,0.07268341763133024,,-0.0023789366553110033,0.0798244559042845,1.999999,525692.0,525692.0,0.11856444843800183,4.193594383561644,-3908116.0,,0.3023255813953488,43.0
0x44e22ca1dbb63153f1058a2c283115d1b37510df,0.024325835521750327,0.007080923,0,89.17346,5,1764834797,0.0,0.0,0.0,0.0,0.0,0.0,0.0,0.0,0.0,-1.788330000000003,-0.002239892284569141,0.0,-0.004479784569138282,,,-0.14243139000000038,1,0.07268341763133024,-0.005088008975943774,0.0,0.09009298607004709,2.0,258755.0,258755.0,0.058945699928788134,2.4795680983606556,-4130963.0,,0.5,18.0
0x8a8ca723c227e97370d3281e54b117cf4cb25ae2,0.0243244652275401,0.0070685456,0,1400.0,6,1764895515,0.0,0.0,0.0,0.0,0.0,0.0,0.0,0.0,0.0,-1.20000000000004,-0.00021471514457487107,0.0,-0.00042943028914974214,,,-0.036249999972150046,1,0.07268341763133024,-0.017049710144743033,0.0,0.13265307871721366,1.0,74090.0,74090.0,0.01664780709126027,1.2727270909090909,-4376346.0,,0.0,11.0
0xc71dcf573ee6c738dadd1950026aa1534312b270,0.024321752081480734,0.007044037,0,1046.4846540000005,14,1764854107,0.0,2.192846402927022e-09,0.0,0.0,1.4823093080381087e-06,0.0,0.0,0.0,0.019646676701259604,-0.5930060840000004,-0.00036775205266096234,0.0,-0.0007355041053219247,,,-0.015699999999999107,2,0.07268341763133024,-0.008300795961504268,0.0,0.021226774011229292,5.939999,620920.0,620920.0,0.1408292258520472,6.776172312499999,-3788108.0,,0.7761194029850746,61.0
0x1584cb3b5a84944bd0db072c43d67189397071b6,0.024319034179489246,0.0070194826,0,9771.011798000001,16,1764403581,-0.979741077414338,-0.9807430814223539,-0.979741077414338,-0.979741077414338,-3.774482365222252,0.0,-0.979741077414338,0.0,0.0,,-0.979741077414338,0.0,-0.979741077414338,,,-0.031409218617835154,0,0.07268341763133024,,-0.979741077414338,0.0,0.0,337598.0,337598.0,0.08528428178134052,0.0,-3620904.0,0.0,,0.0
0x92708a5336972e664ea17c19e8781edc71ab7c9e,0.024315703001596533,0.006989384,0,68.09289,17,1764633250,0.0,-0.0002019607971631644,0.0,0.0,-0.0005948238677234711,0.024752296410953056,0.0,-0.028098886084279837,0.46693042471121154,2.0314132284444444,0.03099198902681208,-0.02634795374445774,0.06198397805362416,7.242799652296548,7.238399651865815,0.0,3,0.07268341763133024,0.03868223538003693,0.0,0.0,0.0,709853.0,709853.0,0.16948997545706707,0.0,-3478318.0,0.0,,0.0
0x13cdd2ad93781cf145fe52c10b7ac1f379c4ddfd,0.024315245022622264,0.0069852457,0,308.955425,8,1764819161,-4.781153210576455e-07,-6.109251869367277e-07,-4.781153210576455e-07,-4.781153210576455e-07,-0.00011865678933966154,0.0,-4.781153210576455e-07,0.0,0.0,-1.0147917625344172,-0.0014457795402834804,0.0,-0.0028910809652459035,,,-0.03174988171744686,1,0.07268341763133024,-0.002726901224304812,-4.781153210576455e-07,0.08405948799501321,1.579999,79364.0,79364.0,0.018144150018220968,2.312283057142857,-4294718.0,,0.18518518518518517,27.0
0x5a91013258e676848b9291ae1c10d48c7ce2943c,0.024312727963262292,0.0069625,0,1001.9999789999999,6,1764852157,-1.0017084206031378e-08,-1.502562629026503e-08,-1.0017084206031378e-08,-1.0017084206031378e-08,-6.720655727703059e-06,0.0,-1.0017084206031378e-08,0.0,0.0,-1.9999790089999259,-0.00025050964282881627,0.0,-0.0005010092685734266,,,-0.015999993836500852,1,0.07268341763133024,-0.033742538258729714,-1.0017084206031378e-08,0.04189265363110182,0.999999,54290.0,54290.0,0.012318819862049185,1.8728936689655171,-4352788.0,,0.23655913978494625,93.0
0x9241ea30564948f81f88363d6a116ed5f9be75a4,0.024307291124859073,0.0069133616,0,1000.0,4,1764868299,0.0,0.0,0.0,0.0,0.0,0.0,0.0,0.0,1.0,-0.5000000000000004,-0.00012525050100200408,0.0,-0.00025050100200400816,,,-0.007999999999999974,1,0.07268341763133024,-0.011238601311000412,0.0,0.08531035764138821,1.999999,179407.0,179407.0,0.04056027057211715,2.262691307692308,-4243813.0,0.0,0.29411764705882354,17.0
0xd34d8dcbefbafce433f01b9ffdcb02c730cee48f,0.024304263982786165,0.0068859975,0,1470.202399,7,1764840663,-3.3091017659604733e-09,-7.962419129335448e-09,-3.3091017659604733e-09,-3.3091017659604733e-09,-5.22532641494942e-06,0.0,-3.3091017659604733e-09,0.0,0.0,-2.4112709823497216,-0.0001683161785616407,0.0,-0.0003366290480215155,,,-0.015999999998942117,1,0.07268341763133024,-0.022513272744015437,-3.3091017659604733e-09,0.12250432954132061,1.50151,90282.0,90282.0,0.020539250302121403,2.77984284,-4305302.0,,0.1,20.0
0x575b1a666cc69e051f24a8a0551f3280922414f0,0.02430421489340514,0.0068855537,0,1098.145,4,1764825659,0.01404518438586577,0.015047188393881803,0.01404518438586577,0.01404518438586577,0.027291360356572186,-0.08241396564695908,0.01404518438586577,-0.08015123069278159,0.0,,0.01404518438586577,-0.07775123063908157,0.01404518438586577,-0.07538595226310069,-0.07578595175593403,,1,0.07268341763133024,-0.0021425652476680665,0.01404518438586577,0.3110206006982704,7.8,1412636.0,1412636.0,0.3224769322783741,142.0788930769231,-2967944.0,,0.6666666666666666,6.0
0xe57c8e06849ff306e665287a52f46a54da8b79ec,0.024302879781731415,0.006873484,0,129.45014999999998,6,1764831915,-5.569660891586568e-07,-6.166410434574541e-07,-5.569660891586568e-07,-5.569660891586568e-07,-0.00013839861277973112,0.0,-5.569660891586568e-07,0.0,0.0,-4.512449050048947,-0.0034796291991251458,0.0,-0.006958701432161133,,,-0.23409873482486582,1,0.07268341763133024,-0.004844005209374328,-5.569660891586568e-07,0.1416311567399997,9.999999,172191.0,172191.0,0.03925175228798159,13.814048083333333,-4214645.0,,0.4,10.0
0xe8f75b61e38adf264bbe610de6fbe094384586d5,0.02429776117720642,0.0068272036,0,512.04964,3,1764860111,-0.0010020040080160326,-0.0020040080160320653,-0.0010020040080160326,-0.0010020040080160326,-0.003420953648611437,0.0,-0.0010020040080160326,0.0,1.0,,-0.0010020040080160326,0.0,-0.0010020040080160326,,,-0.007700000000000007,0,0.07268341763133024,,-0.0010020040080160326,0.241246709319283,14.777604499999999,1233458.0,1233458.0,0.27937691051842883,21.366001599999997,-3181574.0,,0.5,6.0
0xcf9cb6c0b919e6d23220366e4286638640d8bff7,0.02429508327215017,0.0068029873,0,10.679602,2,1764625028,-0.9278557063563442,-0.9288577103643603,-0.9278557063563442,-0.9278557063563442,-1.3136031715120984,0.0,-0.9278557063563442,0.0,0.0,,-0.9278557063563442,0.0,-0.9278557063563442,,,0.019744442139198556,0,0.07268341763133024,,-0.9278557063563442,0.18368479673816746,9.899996,877507.0,877507.0,0.20993246568319374,10.547962875,-3302442.0,0.0,0.16666666666666666,6.0
0xa0a6868804ebf06e831a306ba23e68876e08519e,0.02429437496588745,0.0067965817,0,240.84050000000002,7,1764810173,-0.01491662570423865,-0.015540514992248634,-0.01491662570423865,-0.01491662570423865,-0.0361143042641119,1.3554528286773584,-0.01491662570423865,1.3533584905660379,0.0,43.55000000000001,0.026250614436420017,1.3549811320754717,0.06741785457707869,7.1905000033273,7.1888000000000005,0.05515526315789465,1,0.07268341763133024,0.00114321069067494,-0.01491662570423865,0.05812528227064935,2.208913,3878514.0,3878514.0,0.8885293191853372,4.439532581967213,-486580.0,,0.5853658536585366,41.0
0x966e2a54ed345c77aaca0feb26621eb22c14b2fe,0.024293594544450917,0.0067895236,0,1000.0,2,1764836847,-0.003006012024048098,-0.0040080160320641305,-0.003006012024048098,-0.003006012024048098,-0.005668190630753891,0.0,-0.003006012024048098,0.0,0.0,,-0.003006012024048098,0.0,-0.003006012024048098,,,-0.01057910803201626,0,0.07268341763133024,,-0.003006012024048098,0.17238771534526867,19.999999,824638.0,824638.0,0.1877690260505564,35.2552753442623,-3567130.0,,0.4,15.0
0xa82ee9501238b9fabf79c65a4ce7e7bb3a17b971,0.024292191834806968,0.006776837,0,206.358379,6,1764818135,8.790987678271736e-06,8.834942616238721e-06,8.790987678271736e-06,8.790987678271736e-06,0.0013339348737544726,0.10242094368888208,8.790987678271736e-06,0.10107088036280606,0.0,13.766000160988346,0.02505779260756882,0.10407101482221592,0.050106794227459374,0.2117334003331344,0.20633339461673394,,1,0.07268341763133024,-0.0005461440827389189,8.790987678271736e-06,0.054463513936919575,24.184998,932694.0,932694.0,0.21328197032006907,28.898723267857143,-3440362.0,,0.28125,32.0
0xf231f1562408d1c291f0d225b1cf1ead260f0872,0.02429199176307242,0.0067750276,0,18.956905999999996,64,1764818405,-1.3280232029369825e-06,4.980087011013685e-06,-1.3280232029369825e-06,-1.3280232029369825e-06,0.00027358912109139947,-0.039103225726931895,-1.3280232029369825e-06,-0.03870248085081297,0.0,-0.037082108269230765,-0.01770196677955421,-0.03649254310834628,-0.035402605535905476,-0.0745069334498263,-0.0753381120154112,,1,0.07268341763133024,-0.0006034319235856587,-1.3280232029369825e-06,0.09601417126263695,1.119994,36300.0,36300.0,0.008300318796266274,1.1918072647058824,-4337026.0,,0.3076923076923077,13.0
0x0e491f2f6cdd5b87fcc87e771e08c5cf90bd8864,0.024290233867828935,0.0067591276,0,2.057998,4,1764832977,-0.0002330934028692885,-0.00024015684617526624,-0.0002330934028692885,-0.0002330934028692885,-0.00286036509122968,0.0,-0.0002330934028692885,0.0,0.0,-0.9569990711879452,-0.0043372192490534756,0.0,-0.008441345095237663,,,-0.2590997405731847,1,0.07268341763133024,-0.029318643882231477,-0.0002330934028692885,0.13479974164021008,6.999999,140459.0,140459.0,0.0320105435449958,7.666332333333334,-4247439.0,,0.18181818181818182,11.0
0xe6ea25a808f03362ebcf84b5e470e84670e8b011,0.024287483161306116,0.0067342455,0,4118.67057,16,1764824865,-1.600910276837405e-08,-1.7787891964860063e-08,-1.600910276837405e-08,-1.600910276837405e-08,-2.3123714478612144e-05,0.0,-1.600910276837405e-08,0.0,0.0,-70.86431402999999,-0.0033896222321462286,0.0,-0.006779228455189689,,,-0.2032498976256768,1,0.07268341763133024,-0.0041501858035638125,-1.600910276837405e-08,0.08284713985950515,10.0,418340.0,418340.0,0.09551608229260516,17.117486171974523,-3961446.0,,0.5,56.0
0xc7f930c4720b962e5f8ba869580f4131664e3da7,0.024285044154308415,0.0067121806,0,250.0,2,1764834443,-0.01903807615230462,-0.02004008016032065,-0.01903807615230462,-0.01903807615230462,-0.028340953153769454,0.0,-0.01903807615230462,0.0,0.0,,-0.01903807615230462,0.0,-0.01903807615230462,,,-0.14430000000000012,0,0.07268341763133024,,-0.01903807615230462,0.37801339040181614,12.662565,1109634.0,1109634.0,0.25280063353141824,17.365954666666667,-3279730.0,,0.0,4.0
0xe2bf60f18aab4a9b2a65f294d5b25d17a9f8cb5a,0.024283904773520066,0.006701872,0,40.080000000000005,3,1764883383,0.0010020040080160326,0.0020040080160320653,0.0010020040080160326,0.0010020040080160326,0.0033524714756930475,-0.0910030075221974,0.0010020040080160326,-0.09250300452055304,0.0,,0.0010020040080160326,-0.0010030045205530417,0.0010020040080160326,0.0009030075175394626,-0.09049699248246056,,1,0.07268341763133024,-0.014390281266324382,0.0010020040080160326,0.09564968744139582,9.999999,460472.0,460472.0,0.10374954036496824,13.947352157894736,-3977832.0,,0.0,16.0
0xf5b217ae417cc57c64ba5f3b001c9e8223fb879b,0.024282505542969082,0.0066892123,0,29.203356,5,1764800177,0.11039867750628843,0.1105407607463223,0.11039867750628843,0.11039867750628843,0.2935524790843911,0.0,0.11039867750628843,0.0,0.0,-0.8922957080000001,0.0977139839052394,0.0,0.08502929030419037,,,-1.0536225581574292,1,0.07268341763133024,-0.0004311440466687969,0.11039867750628843,0.01738182475390165,4.839996,2008765.0,2008765.0,0.461244500123763,6.699773773889637,-2346333.0,0.0,0.5396825396825397,189.0
0x91c702f141502ecf64a18dd8b4fb07037b6a28cc,0.02428148171031578,0.0066799484,0,25813.760079,7,1764820263,0.004517573815690647,0.005505450586669028,0.004517573815690647,0.004517573815690647,0.008879425578132368,-0.08770362536092755,0.004517573815690647,-0.08892093363879648,0.0,-1.098000000000001,0.004506978387912409,-0.0856698547969257,0.00449638296013417,-0.08525926895746522,-0.08752385229079855,,1,0.07268341763133024,-0.0009976571394865567,0.004517573815690647,0.020385726140810058,82.1119,45870203.0,45870203.0,10.484176894046056,1130.7464660472049,41495019.0,0.0,0.9011406844106464,250.0
0x77c812f7735ad07e3ce58fd466a0e1b4346bbc8c,0.02428099934913959,0.006675584,0,147.35292200000004,5,1764828395,-9.918417844570445e-07,-1.0218975961072582e-06,-9.918417844570445e-07,-9.918417844570445e-07,-0.0001865854939719812,0.0,-9.918417844570445e-07,0.0,0.0,-4.852649051999997,-0.00413413358718847,0.0,-0.008267275332592482,,,-0.2582999477841596,1,0.07268341763133024,-0.009895519708926846,-9.918417844570445e-07,0.0,0.0,114656.0,114656.0,0.026157365793385647,0.0,-4268660.0,,,0.0
0xac9fb29254ff7cdc043854cef8dbb2f257cc598e,0.024279295077719115,0.006660162,0,30.4912,5,1764831663,0.0,0.0,0.0,0.0,0.0,0.0,0.0,0.0,0.0,-0.20000000000000018,-0.00037575150300601224,0.0,-0.0007515030060120245,,,-0.2350000000000002,1,0.07268341763133024,-0.0034279346545182496,0.0,0.19004998467779416,4.25,318451.0,318451.0,0.07259658084742023,22.8130051,-4068133.0,,0.35714285714285715,14.0
0xc06f7c119fe36ac6eca1a0c8d5b00d2c47c34b0f,0.024273283406876775,0.0066057546,0,200.4005,3,1764883153,0.0010020040080160326,0.0020040080160320653,0.0010020040080160326,0.0010020040080160326,0.0033960749173692914,-0.09100300752219741,0.0010020040080160326,-0.09250300452055307,0.0,,0.0010020040080160326,-0.0010030045205530417,0.0010020040080160326,0.0010030058159493937,-0.09049699248246056,,1,0.07268341763133024,-0.014341480513010494,0.0010020040080160326,0.16348718648732935,16.4999995,1203882.0,1203882.0,0.2712622637657687,275.31835547368416,-3234192.0,,0.5625,32.0
0xc0a954e8b53a33c2c65965ac613a2c2f81ec4391,0.024271186025824874,0.0065867696,0,67.824,4,1764686850,0.0,0.0,0.0,0.0,0.0,0.0,0.0,0.0,0.0,0.16800000000000098,0.0008767535070140328,0.0,0.0017535070140280657,,,-1.0113262201873139,1,0.07268341763133024,0.02242118784428401,0.0,0.10142184915836043,13.620899999999999,178760.0,178760.0,0.04214277479854523,22.654936136363634,-4063011.0,0.0,0.22727272727272727,21.0
0xf42f4a4211d058cd109d503cf13f7bcdfc82a6a7,0.024270044655620524,0.0065764375,0,1768.3583,17,1764624506,0.08552927304170624,0.08562613518558132,0.08552927304170624,0.08552927304170624,0.3961811177686129,-0.12813032294985588,0.08552927304170624,-0.11917488631793827,0.0,143.15487666666667,0.1271281378220294,-0.11550104711232069,0.16872700260235257,7.043927286019792,7.039027286019791,,1,0.07268341763133024,0.04053751271471801,0.08552927304170624,0.0,0.0,42868209.0,42868209.0,10.256958429947455,0.0,38688782.0,0.0,,0.0
0x4613fb4e44e63b0181508e40d7769b0117c58c44,0.02426889166148153,0.0065659997,0,3549.266535999999,9,1764891779,-0.00020090851450071484,-0.0004018170290014297,-0.00020090851450071484,-0.00020090851450071484,-0.0008973541926670059,-0.03514833309748819,-0.00020090851450071484,-0.03470524380068633,0.0,0.8547050100000014,9.950405648733585e-05,0.0019124307711596085,0.00039991662747538653,0.005588530396852928,-0.08668646960314709,,2,0.07268341763133024,-0.016171720939469666,-0.00020090851450071484,0.20871843542649104,91.93736949999999,3836968.0,3836968.0,0.8628798884566082,222.13927106451615,-609732.0,,0.875,8.0
0xd9d878a5ddc77da073ebec8c8fe166c7314a6698,0.024268553000498908,0.006562934,0,15.030000000000001,2,1764877497,0.0010020040080159771,0.0020040080160320098,0.0010020040080159771,0.0010020040080159771,0.0028340953153768666,-0.0933030134834493,0.0010020040080159771,-0.09180300751753953,0.0,,0.0010020040080159771,-0.0010030075175395238,0.0010020040080159771,0.0010029085159386172,-0.08979699248246062,,1,0.07268341763133024,-0.013141406335865457,0.0010020040080159771,0.3112942684700971,6.499999,767138.0,767138.0,0.17307438062023933,8.24998425,-3665280.0,,0.25,4.0
0xbc54efc33d69c1c07aa7def58b838be1e6dd23c1,0.02426666812565592,0.006545869,0,573.15376,7,1764792051,-0.00123183872547373,-0.0018477580882106126,-0.00123183872547373,-0.00123183872547373,-0.003332981557290123,1.3899762258812471,-0.00123183872547373,1.390862444576021,0.0,64.07958166666667,0.04229920389753742,1.3948388372704938,0.08583024652054856,7.2214,7.219400000000001,-0.016100000000000014,1,0.07268341763133024,0.004988285697432784,-0.00123183872547373,0.049554768523912086,1.0,20683824.0,20683824.0,4.758214223602084,5.251535271899887,16336852.0,,0.24295774647887325,279.0
0xac29aa5fe935e667d19063dd686052ae12174e5d,0.024264287418921247,0.0065243137,0,440.409713,3,1764832595,-0.033125442945535766,-0.0341274469535518,-0.033125442945535766,-0.033125442945535766,-0.05353108955756964,0.0,-0.033125442945535766,0.0,0.0,,-0.033125442945535766,0.0,-0.033125442945535766,,,-0.251779455683122,0,0.07268341763133024,,-0.033125442945535766,0.16215800252098705,0.999999,768780.0,768780.0,0.1752198738420555,2.0420223703703706,-3618736.0,,0.0,13.0
0xc15966b6a2789784b86358ddbbff5e283ebe6402,0.024263900427736865,0.0065208096,0,1.022454,2,1764830979,0.021042095928326017,0.022044099936342047,0.021042095928326017,0.021042095928326017,0.0311750651002828,-0.0705892214575847,0.021042095928326017,-0.0691213586537998,0.0,,0.021042095928326017,0.026978643693494085,0.021042095928326017,-0.06668742725190724,-0.06808742725190722,,1,0.07268341763133024,-0.003271347889537161,0.021042095928326017,0.12584154129532465,43.72,3453014.0,3453014.0,0.7872988440228915,715.95833245,-932886.0,,0.5517241379310345,29.0
0x558f0cda8c9dd4c6f65f5909659587a476f70ba5,0.024262481288715342,0.006507959,0,750.0,4,1764871827,-0.0003340013360053442,-0.0006680026720106884,-0.0003340013360053442,-0.0003340013360053442,-0.0011570145675142808,0.0,-0.0003340013360053442,0.0,1.0,0.5000000000000004,-0.0001670006680026721,0.0,0.0,,,-0.008100000000000007,1,0.07268341763133024,-0.017827551717128767,-0.0003340013360053442,0.09936947964836738,4.999999,245497.0,245497.0,0.05545764068792712,6.051278578947368,-4181251.0,,0.2,15.0
0x2cd2098935241533fb21ad5c71daa621658f1f27,0.024261975846695163,0.006503382,0,3514.0,4,1764890375,0.0,0.0,0.0,0.0,0.0,0.0,0.0,0.0,0.0,-7.000000000000006,-0.00025050100200400816,0.0,-0.0005010020040080163,,,-0.024300000000000023,1,0.07268341763133024,-0.027186687493979473,0.0,0.0,0.0,172398.0,172398.0,0.03878211934593332,0.0,-4272898.0,0.0,,0.0
0x8a9b51af9bda9b8f770c219097f512c7ab2a206e,0.024261937433727152,0.0065030344,0,500.0,2,1764866859,-0.0010020040080160326,-0.0020040080160320653,-0.0010020040080160326,-0.0010020040080160326,-0.002834095315376946,0.0,-0.0010020040080160326,0.0,1.0,,-0.0010020040080160326,0.0,-0.0010020040080160326,,,-0.008000000000000895,0,0.07268341763133024,,-0.0010020040080160326,0.8371167523256668,4.999999,33512351.0,33512351.0,7.578927716892292,73.55577321052631,29090571.0,0.0,0.07142857142857142,14.0
0x0c7bf9696a2bd20bf82f29a438456ebce3e7c8ce,0.024261319491895902,0.0064974385,0,28.879996,2,1764934179,0.0010020128722830685,0.002004016880299101,0.0010020128722830685,0.0010020128722830685,0.002834107851343608,-0.08749698271132557,0.0010020128722830685,-0.09109999024220143,0.0,,0.0010020128722830685,-9.998994250141232e-05,0.0010020128722830685,0.0006030172848527876,-0.09009698271132557,,1,0.07268341763133024,-0.02516803372429102,0.0010020128722830685,0.1421825844926878,17.892,513158.0,513158.0,0.11431200017820944,21.596809454545454,-3975942.0,,0.4444444444444444,9.0
0xa97111e08ee16786452470afde4147916394e347,0.024259455217831308,0.0064805555,0,240.0,2,1764841717,-0.0020040080160320653,-0.003006012024048098,-0.0020040080160320653,-0.0020040080160320653,-0.0042511429730654185,0.0,-0.0020040080160320653,0.0,0.0,,-0.0020040080160320653,0.0,-0.0020040080160320653,,,-0.007300000000000006,0,0.07268341763133024,,-0.0020040080160320653,0.5086771341052173,22.199999,87177574.0,87177574.0,19.828235574545822,500.5458759142857,82780936.0,,0.041666666666666664,24.0
0x3b4484b6c8cbfdaa383ba337ab3f0d71055e264e,0.02425890119706855,0.006475538,0,107649.37160000001,15,1764834849,0.008215343588881612,0.009217347596897643,0.008215343588881612,0.008215343588881612,0.02250989067951329,-0.08651370551452138,0.008215343588881612,-0.08377179582616062,0.0,,0.008215343588881612,0.005928205634362544,0.008215343588881612,-0.07842333108145068,-0.0818539422256574,,1,0.07268341763133024,-0.00409247360834043,0.008215343588881612,0.16967923522365935,38.8449645,8068052.0,8068052.0,1.837921348954501,826.1215604756758,3678282.0,,0.803030303030303,57.0
0x902265aecaa8622e58fbd75cf7651f7a14e1db5b,0.024254991678054102,0.006440128,0,35.6316,6,1764926733,-1.2628710767752854e-07,2.525742153550571e-07,-1.2628710767752854e-07,-1.2628710767752854e-07,2.2498016628461798e-05,-0.044129057292513596,-1.2628710767752854e-07,-0.04623082719453372,0.0,-0.011900000000000011,-0.00012536100222122193,0.0,-0.0002505957173347663,0.0007530072968571067,-0.0914469949785948,,1,0.07268341763133024,-0.02358816238005093,-1.2628710767752854e-07,0.17928783414801366,5.939998,214150.0,214150.0,0.047783697715173906,6.819177409836067,-4267504.0,0.0,0.038461538461538464,26.0
0xa5590fcc6c55019ab3b68c2ed11983ad341bfa62,0.024253481905073017,0.006426452,0,1.0277399999999999,2,1764831821,0.026052123707589945,0.027054127715605975,0.026052123707589945,0.026052123707589945,0.03826031433358382,-0.06577792894333127,0.026052123707589945,-0.06325219501130286,0.0,,0.026052123707589945,0.03384780888073212,0.026052123707589945,-0.06081028370062658,-0.06221028370062659,,1,0.07268341763133024,-0.0034500010821036605,0.026052123707589945,0.0213447385473571,100.0,1889138.0,1889138.0,0.4306471636581317,180.1147319473684,-2497604.0,,0.5542168674698795,83.0
0xdde0bd11edf900bb930c1e796aa835ef8ea20c79,0.02425253004825566,0.0064178295,0,44.8404,8,1764583524,0.0,5.176403234978912e-17,0.0,0.0,6.904091445427838e-09,0.0,0.0,0.0,0.0,-0.48453999999999975,-0.0038410682123741122,0.0,-0.0076821364247482244,,,-0.023759509194970385,1,0.07268341763133024,0.021188862734514143,0.0,0.0,0.0,167771.0,167771.0,0.04053962297432973,0.0,-3970674.0,,,0.0
0xf295efc3fc24cf923e92f31fb11ff716d93350bc,0.024249292558162213,0.0063884994,0,57.4737,8,1764840469,1.297204515620329e-07,2.594409031240946e-07,1.297204515620329e-07,1.297204515620329e-07,2.280179048994364e-05,-0.04471863073759114,1.297204515620329e-07,-0.04549309747136767,0.0,-0.0004350000000006189,-4.572645917570095e-06,-0.00030081339871513896,-9.275012286702224e-06,-0.04389699248246057,-0.09099699237640334,,2,0.07268341763133024,-0.005284909406705902,1.297204515620329e-07,0.16739809048024548,10.999989,287939.0,287939.0,0.06550931771697165,12.47227655,-4107451.0,,0.2727272727272727,11.0
0x4706778cf0481c9708d4d8ee1965e81c08c5286e,0.024247644471327108,0.006373567,0,1168.0884220000005,151,1764446899,-2.1225926391005025e-05,-4.245185278200894e-05,-2.1225926391005025e-05,-2.1225926391004477e-05,-0.0005020743946307324,0.4122228784205451,-2.1225926391004477e-05,0.1623994823217264,0.0017973789136812462,0.8752587407246378,0.0012070513005338842,0.1633967470041282,0.0024353285274587738,4.57878141820362,4.575121476540348,-0.01615000000000001,8,0.07268341763133024,0.07822166660089173,-2.1225926391005025e-05,0.0,0.0,949876.0,949876.0,0.23736100074466118,0.0,-3051944.0,,,0.0
0x40676c245577bd34c79b735bc750969762a9d20e,0.02424742995619272,0.0063716234,0,5.999998,2,1764825161,-0.022044080778557025,-0.023046084786573058,-0.022044080778557025,-0.022044080778557025,-0.032592085664771876,0.0,-0.022044080778557025,0.0,0.0,,-0.022044080778557025,0.0,-0.022044080778557025,,,0.10220006127890069,0,0.07268341763133024,,-0.022044080778557025,0.43720601726568253,2.0,3211674.0,3211674.0,0.733245176688473,8.345454363636364,-1168408.0,,0.0,10.0
0x5a79e83ccb6b3c58b4730eeabb9115101f0f6296,0.02424736062718826,0.006370995,0,8018.75136,4,1764835167,0.0,0.0,0.0,0.0,0.0,-0.045096226425007956,0.0,-0.0442386789683571,0.0,8.042880000000007,0.0005010020040080163,0.0009613207249761381,0.0010020040080160326,-0.08403920025585691,-0.0874698107867301,,1,0.07268341763133024,-0.004159945954226591,0.0,0.05001030421248081,94.07499999999999,35399673.0,35399673.0,8.063545195449384,1403.7130745777126,31009585.0,0.0,0.7061855670103093,186.0
0xdd8b0f2fa87d90cb8cb83d613cbe9fc54b9d657d,0.024247042507696676,0.0063681128,0,734.4704590000001,12,1764818411,-4.7891642405027425e-09,-4.938825623018454e-09,-4.7891642405027425e-09,-4.7891642405027425e-09,-1.2779196425525858e-05,0.0,-4.7891642405027425e-09,0.0,0.0,-133.21155668599997,-0.013922229468202759,0.0,-0.027844454147241276,,,-1.028150004776001,1,0.07268341763133024,-0.012041904145984696,-4.7891642405027425e-09,0.04583679365414927,99.999999,454738.0,454738.0,0.10397975731090162,97.14380629473683,-3918594.0,,0.36363636363636365,44.0
0x74646bbdbf7e4c7811bc0fb01b53b4f3244f71cf,0.024245939605059517,0.006358119,0,15.083097,4,1764732745,-0.00019072159637422955,-0.0001909273370396132,-0.00019072159637422955,-0.00019072159637422955,-0.013324250059461909,0.0,-0.00019072159637422955,0.0,0.0,-6.9895799840065695,-0.1162740955600107,0.0,-0.23235746952364716,,,-1.0361312829521299,1,0.07268341763133024,-0.0008881737103127873,-0.00019072159637422955,0.02000000000000695,6.999995,124455.0,124455.0,0.029026281431436124,6.999994699999999,-4163211.0,,0.0,50.0
0x9941bd1b1005fa0f5e16d30e17a90da443ee52c3,0.024243104895421533,0.0063324315,0,905.0,3,1764829191,-0.047199662482860484,-0.04820166649087652,-0.047199662482860484,-0.047199662482860484,-0.07769791387600192,0.0,-0.047199662482860484,0.0,0.0,,-0.047199662482860484,0.0,-0.047199662482860484,,,-0.363800023904,0,0.07268341763133024,,-0.047199662482860484,0.9212120832984498,38.64,3613230.0,3613230.0,0.8241646198819739,32.892,-770882.0,,0.3333333333333333,3.0
0x2025eb2d2249333760c6e0e10fc1cc36c069129e,0.02424207302296162,0.00632308,0,7933.735861000001,8,1764825089,-0.00016519124237010115,-0.00024778686355514715,-0.00016519124237010115,-0.00016519124237010115,-0.0008630470967728038,-0.022207045672016736,-0.00016519124237010115,-0.021483010801583432,0.0,70.7501947284997,0.004139820840200329,0.019427542825406784,0.008444832922770758,-0.050879197042613115,-0.0509458637092798,,1,0.07268341763133024,-0.002021624250324949,-0.00016519124237010115,0.10104103523746094,48.6,523226.0,523226.0,0.11945771813306362,96.73630223346304,-3856784.0,0.0,0.4090909090909091,86.0
0x71fc4d526ee958ac66bbda4fb83a2c2b09e18887,0.02424205282988841,0.006322897,0,3201.7700000000004,8,1764835549,0.0,0.0,0.0,0.0,0.0,0.0,0.0,0.0,0.013186566885405124,-4.2325000000000035,-0.00015410544927063437,0.0,-0.00030821089854126874,,,-0.014400002394923655,2,0.07268341763133024,-0.006277474293672749,0.0,0.08469677295017232,1.099999,340573.0,340573.0,0.07757096620635148,2.1672805000000004,-4049897.0,,0.3783783783783784,62.0
0x080f608bc62702725b52981b2f85a149acb7a6de,0.024241303180076182,0.006316103,0,1.9999989999999999,2,1764842319,-0.002004006516032097,-0.0030060105240481295,-0.002004006516032097,-0.002004006516032097,-0.004251140851745119,0.0,-0.002004006516032097,0.0,0.0,,-0.002004006516032097,0.0,-0.002004006516032097,,,-0.007299987574899381,0,0.07268341763133024,,-0.002004006516032097,0.019962244879497236,3.9999995,859930.0,859930.0,0.19556130663780008,5.107844690082644,-3537310.0,0.0,0.5119047619047619,84.0
0xf63a60005674befd6fff552bbc656570e7cf58d5,0.024241083633043645,0.0063141133,0,1300.0,2,1764947043,0.0010020040080159771,0.0020040080160320093,0.0010020040080159771,0.0010020040080159771,0.002834095315376867,-0.08699699248246062,0.0010020040080159771,-0.09320300753200603,0.0,,0.0010020040080159771,-0.0011031048393056603,0.0010020040080159771,0.0010030075175394013,-0.0911969924824606,,1,0.07268341763133024,-0.02789748107485569,0.0010020040080159771,0.04293664317488339,297.9,3574054.0,3574054.0,0.7938877343310609,737.8984084697987,-927910.0,,0.23529411764705882,51.0
0xe66a637aacb76d235c3703e8805ad4b6c483a0a0,0.02424081337654605,0.006311664,0,79.675244,26,1764828127,-2.934844726545116e-06,3.773558467202286e-06,-2.934844726545116e-06,-2.934844726545116e-06,0.0002608862698687293,-0.03124744513594113,-2.934844726545116e-06,-0.030333811986118626,0.0,-0.12074251212126717,-0.001165109795850666,0.015520840049271909,-0.0023272847469747874,-0.058142785487087296,-0.06018823556145117,,1,0.07268341763133024,-0.002666218548444932,-2.934844726545116e-06,0.0,0.0,60274.0,60274.0,0.013751617595791786,0.0,-4322774.0,0.0,,0.0
0x260fa6499b0d5f2ed927a9b7075104e5f04fdfff,0.024238372620781885,0.0062895417,0,9.48,2,1764575778,-0.9488977955911821,-0.9498997995991981,-0.9488977955911821,-0.9488977955911821,-1.3433611794886708,0.0,-0.9488977955911821,0.0,0.0,,-0.9488977955911821,0.0,-0.9488977955911821,,,-0.02805170992942983,0,0.07268341763133024,,-0.9488977955911821,0.04274881251351613,4.85,929847.0,929847.0,0.22510645292721643,4.738433188405797,-3200852.0,,0.6129032258064516,31.0
0x087e4751ca21ffc006e5104acbf09a76cf6396c0,0.024236901871230638,0.0062762103,0,1.999996,2,1764895643,0.0030069501412750624,0.0040089541492910954,0.0030069501412750624,0.0030069501412750624,0.0056695173288593605,-0.09049293232817593,0.0030069501412750624,-0.08989293292877687,0.0,,0.0030069501412750624,0.0013072543194216652,0.0030069501412750624,0.00391931743769854,-0.08788086981049996,,1,0.07268341763133024,-0.01699157359514301,0.0030069501412750624,0.0,0.0,528154.0,528154.0,0.11867125155373566,0.0,-3922410.0,,,0.0
0x88998723c61157f96a5abdcd855216d0f4d7b385,0.0242358629618293,0.006266793,0,5010.0,4,1764863391,0.0,0.0,0.0,0.0,0.0,0.0,0.0,0.0,1.0,-5.000000000000004,-0.00012525050100200408,0.0,-0.00025050100200400816,,,-0.00770000000000004,1,0.07268341763133024,-0.013631535640887562,0.0,0.04537519786777258,9.999998,271395.0,271395.0,0.06142504196172656,10.017842222222225,-4146917.0,,0.20833333333333334,24.0
0x2ddee31e5b651dfa0f36b4fe84d522466b925e0d,0.024235678239408327,0.0062651183,0,5.4,1,1764831813,-0.02605210420841685,-0.027054108216432882,-0.02605210420841685,-0.02605210420841685,-0.027054108216432882,0.0,-0.02605210420841685,0.0,0.0,,-0.02605210420841685,0.0,-0.02605210420841685,,,-0.20260000000000017,0,0.07268341763133024,,-0.02605210420841685,0.0736078232877078,2.45,707886.0,707886.0,0.16136971149834933,3.0458178148148147,-3678848.0,,0.32142857142857145,28.0
0xd5febbb7da703495cd9718fe25567c08ca9f9856,0.024235064802331327,0.0062595573,0,32.98238000000001,38,1764818275,0.008101852005752634,0.008427733125518581,0.008101852005752634,0.008101852005752634,0.05393983259779006,-0.04677389564415546,0.008101852005752634,-0.045904723633823225,0.0,0.014281252887330412,0.009161520850435907,0.003778057934283938,0.01022118969511918,-0.06673650649841946,-0.06886439111380407,,1,0.07268341763133024,-0.0005758488891038951,0.008101852005752634,0.3363276837048899,0.999999,732778.0,732778.0,0.1675612069525354,2.7635211818181813,-3640418.0,,0.29411764705882354,17.0
0x9369a9bdfc13acb929d89fb1da433e4e9979471b,0.02423464837029797,0.006255782,0,50000.0,2,1764858861,-0.0010020040080160326,-0.0020040080160320653,-0.0010020040080160326,-0.0010020040080160326,-0.0028340953153769455,0.0,-0.0010020040080160326,0.0,1.0,,-0.0010020040080160326,0.0,-0.0010020040080160326,,,-0.007700000000000007,0,0.07268341763133024,,-0.0010020040080160326,0.5,100.0,60286704.0,60286704.0,13.658740735269662,100.0,55872922.0,0.0,0.0,2.0
0xcfd2f5dfb2eb4065b2909c43659de2731d242dd6,0.024234035883215838,0.0062502297,0,5333.333331000001,14,1764944645,-0.0020040074571017145,-0.0030060114651177462,-0.0020040074571017145,-0.0020040074571017145,-0.01040681198075852,0.0,-0.0020040074571017145,0.0,0.0,,-0.0020040074571017145,0.0,-0.0020040074571017145,,,-0.015999981405925134,0,0.07268341763133024,,-0.0020040074571017145,0.026678111724779796,15.0776,842150.0,842150.0,0.18716249522731748,39.81130055052265,-3657416.0,,0.5169491525423728,118.0
0x3e1207a1afe788ef0ea27603ad4fc1fc3a75dce7,0.024233342667138294,0.006243945,0,9.999996,2,1764834467,0.018036087478563074,0.019038091486579107,0.018036087478563074,0.018036087478563074,0.02692392718201993,-0.07388732999977261,0.018036087478563074,-0.07157452256666627,0.0,,0.018036087478563074,0.017525477433333728,0.018036087478563074,-0.06814391142245954,-0.07157452256666627,,1,0.07268341763133024,-0.00401142192240171,0.018036087478563074,0.04212569533449564,4.999994,764134.0,764134.0,0.17408668361056256,4.226407585365854,-3625254.0,,0.6666666666666666,30.0
0x6d7776a0f954be1a7c975a1e8244de6268f7b72c,0.02423014547367505,0.0062149577,0,68695.65956000001,26,1764906521,0.002004007798841733,0.003006011806857766,0.002004007798841733,0.002004007798841733,0.011949394720840023,-0.092962925320242,0.002004007798841733,-0.09224132041438332,0.0,,0.002004007798841733,-0.0004923195130506821,0.002004007798841733,0.0022551864871562274,-0.08993712024370723,,1,0.07268341763133024,-0.019299637049701657,0.002004007798841733,0.0,0.0,555230.0,555230.0,0.12445079416027374,0.0,-3906212.0,0.0,,0.0
0xcefbbeedb24db9f87ad824ae06b82becd6e7750c,0.02422893691329314,0.0062039993,0,1.033031,2,1764832309,0.03106213200821773,0.032064136016233764,0.03106213200821773,0.03106213200821773,0.04534553601993341,-0.05880015344765062,0.03106213200821773,-0.05730016007899855,0.0,,0.03106213200821773,0.04079984146984169,0.03106213200821773,-0.05425016571182464,-0.05625016571182464,,1,0.07268341763133024,-0.0035535435500044345,0.03106213200821773,0.02373279470491797,28.0,1717695.0,1717695.0,0.39152152953002234,233.63888284444442,-2669535.0,,0.704225352112676,71.0
0x33184604ee35c47caa2a47e12cc349d32bb43d8d,0.024228381107208204,0.0061989594,0,1.2,1,1764890287,-0.0020040080160320653,-0.003006012024048098,-0.0020040080160320653,-0.0020040080160320653,-0.003006012024048098,0.0,-0.0020040080160320653,0.0,0.0,,-0.0020040080160320653,0.0,-0.0020040080160320653,,,-0.016100000000000014,0,0.07268341763133024,,-0.0020040080160320653,0.6816818670406454,1.0,8963420.0,8963420.0,2.016423078515111,3.9566399999999993,4518212.0,,0.0,4.0
0xb761a7dbc360d86d8e46c8b25e47a4d4c92a253a,0.02422583055683917,0.0061758305,0,837.1688939999993,68,1764446253,2.889488688824914e-05,3.5291119641646984e-05,2.9512860140709727e-05,2.889488688824914e-05,0.0013872706988740599,-0.007497280494094446,2.889488688824914e-05,0.003914288835530792,0.0,0.7824018651282052,0.0030286011602981737,0.004173797610768098,0.006028307433708098,0.1895020360925372,0.18824881739827415,0.13479999983890079,2,0.07268341763133024,0.07835873306454727,2.889488688824914e-05,0.0,0.0,819678.0,819678.0,0.2048593737737974,0.0,-3181496.0,0.0,,0.0
0x82de5cc001c502de2168c1fae51e472c07d6092e,0.0242241628709013,0.0061607063,0,12800.0,4,1764972027,-0.00043837675350701425,-0.0014403807615230469,-0.00043837675350701425,-0.00043837675350701425,-0.0032407950734453356,0.0,-0.00043837675350701425,0.0,0.78125,,-0.00043837675350701425,0.0,-0.00043837675350701425,,,-0.00804999999999999,0,0.07268341763133024,,-0.00043837675350701425,0.31565109796805185,3.1,1758408.0,1758408.0,0.3884312344652512,13.7380426,-2768540.0,0.0,0.0,6.0
0xa6e855a4ddc8ed626f57158e6131728192eea2de,0.02422310236529557,0.006151088,0,1.033031,2,1764832261,0.03106213200821773,0.032064136016233764,0.03106213200821773,0.03106213200821773,0.04534553601993341,-0.05880015344765062,0.03106213200821773,-0.05625016571182464,0.0,,0.03106213200821773,0.0418498358370156,0.03106213200821773,-0.05425016571182464,-0.05625016571182464,,1,0.07268341763133024,-0.003543359044965014,0.03106213200821773,0.026168912587431613,50.0,1717799.0,1717799.0,0.3915495185747936,220.1208724505494,-2669383.0,,0.6716417910447762,67.0
0xb0dae2a11e628893ad0cd5d97c534f00365ad9a5,0.02422183536305733,0.0061395965,0,42.387977,20,1764818269,-1.886363152631324e-06,2.83004233748562e-06,-1.886363152631324e-06,-1.886363152631324e-06,9.22374092439287e-05,-0.023390759180126824,-1.886363152631324e-06,-0.022617304356246794,0.0,0.06109126766230586,0.0032400596087711645,-0.0023308923320675317,0.00648200558069496,-0.03887324676055744,-0.04185000352834872,,1,0.07268341763133024,-0.0005745758259739675,-1.886363152631324e-06,0.09861644449251884,1.6299860000000002,198121.0,198121.0,0.0453035427228179,2.355018327380953,-4175069.0,0.0,0.043478260869565216,46.0
0x2b7524dd1f5ae1e21b21ec9a7176898eb255f712,0.024217378881214252,0.006099172,0,365.60317800000007,11,1764825839,6.901647192598144e-09,1.3803294385196313e-08,6.901647192598144e-09,6.901647192598144e-09,2.629729672208902e-05,-0.0006889765612602422,6.901647192598144e-09,-0.0006669697305734116,0.0,2.329379600000003,0.0008178549630233761,0.0011540513820969655,0.0016357030243995597,-0.03338111657666056,-0.03408111657666057,0.1846000068595936,1,0.07268341763133024,-0.002474834724579157,6.901647192598144e-09,0.09553811313090538,20.1564,691632.0,691632.0,0.1578794547064893,29.92822840740741,-3689128.0,,0.4375,16.0
0x8b34a0ec598af1ab94ef3c421cd5656e73d5398e,0.024216409363130322,0.0060903765,0,16.1676,4,1764916413,0.0,0.0,0.0,0.0,0.0,-0.047199999999999964,0.0,-0.0465015037587697,0.0,-0.005400000000000306,-0.00012525050100201102,-0.0005515037587697008,-0.00025050100200402204,0.0009030075175395239,-0.09099699248246049,,1,0.07268341763133024,-0.021398493796575546,0.0,0.21193433772051173,5.9670000000000005,322031.0,322031.0,0.07202123572070437,5.929125,-4149303.0,,0.3333333333333333,6.0
0x1f3091804a0733b55d3ce43f4f7e0bea065168a5,0.024215136337834536,0.006078827,0,19.025,4,1764797211,0.0006680026720106512,0.0010020040080159956,0.0006680026720106512,0.0006680026720106512,0.0017355218512713569,-0.031103011288694856,0.0006680026720106512,-0.030198494355245874,0.0,-8.995000000000001,-0.07444054776219107,-9.849435524587204e-05,-0.1495490981963928,-0.08599096798309042,-0.08959096613147513,-1.0459921774934005,1,0.07268341763133024,-0.004270278092153646,0.0006680026720106512,0.13969112967435232,4.535,371658.0,371658.0,0.08539676645837029,5.106966896551723,-3980474.0,,0.47058823529411764,17.0
0xad7840fd7e550e2eb73ddd0cbd023b4759f76df3,0.024214174554608624,0.006070101,0,156.188,4,1764475817,-0.9532723984554471,-0.9542744024634633,-0.9532723984554471,-0.9532723984554471,-1.7296435198858149,0.0,-0.9532723984554471,0.0,0.0,,-0.9532723984554471,0.0,-0.9532723984554471,,,-0.040435881832444356,0,0.07268341763133024,,-0.9532723984554471,0.0,0.0,585960.0,585960.0,0.14537288208759785,0.0,-3444778.0,,,0.0
0xfbfb0883a151234e76a5a5ea72ffc5f47e9df563,0.024214037262693854,0.0060688555,0,258781.98547800002,106,1764820837,0.0031329282531835476,0.003660856886196484,0.0031329282531835476,0.0031329282531835476,0.0548079841765121,-0.03293603491404101,0.0031329282531835476,-0.031966391615451076,0.0,-26.54638833333344,0.002982288347182021,-0.02103658613633147,0.002831648441180494,-0.02562512114605153,-0.026042269845191323,,3,0.07268341763133024,-0.001119446845582959,0.0031329282531835476,0.0,0.0,406690.0,406690.0,0.0929416114876554,0.0,-3969068.0,0.0,,0.0
0xe28607c0f5b05b0dfee8e3f436bc02784c62b1d3,0.024212536339480763,0.0060552373,0,4.027756,4,1764834691,1.066858331640132e-05,1.4935857613085564e-05,1.066858331640132e-05,1.066858331640132e-05,0.0005606156785567481,-0.03605030990096558,1.066858331640132e-05,-0.035167316384417925,0.0,0.01530057018999466,0.0018881625416892612,0.009764553205875978,0.003765656500062121,-0.06582178571060557,-0.06925239685481228,,1,0.07268341763133024,-0.0040589496125856715,1.066858331640132e-05,0.012028763913128012,2.35,582176.0,582176.0,0.13262584483548887,2.251730579166667,-3807436.0,,0.5470588235294118,161.0
0x127c21f03f0f9e5519414bc24be679c6ac73d223,0.024212003942836326,0.0060504065,0,10907.40176,4,1764852983,-0.0028506426631538886,-0.003852646671169921,-0.0028506426631538886,-0.0028506426631538886,-0.006513044520964053,0.0,-0.0028506426631538886,0.0,0.0,,-0.0028506426631538886,0.0,-0.0028506426631538886,,,-0.019206506717983393,0,0.07268341763133024,,-0.0028506426631538886,0.21190469640528534,9.99999,1313024.0,1313024.0,0.297879445650359,19.502987230769232,-3094880.0,,0.5714285714285714,7.0
0xed691d325d075f4563f6c6f5eae9a309b759f3ea,0.024210538551035055,0.0060371095,0,55.865914000000004,2,1764815561,-0.8957915826282561,-0.8967935866362722,-0.8957915826282561,-0.8957915826282561,-1.2682576528702276,0.0,-0.8957915826282561,0.0,0.0,,-0.8957915826282561,0.0,-0.8957915826282561,,,-1.0556013719986732,0,0.07268341763133024,,-0.8957915826282561,0.19886122346356885,99.999996,939962.0,939962.0,0.21507055743508383,124.28791714285714,-3430520.0,,0.14285714285714285,14.0
0xccd9c0644d7e0d7cf45fc823a4d7a0a4af4df927,0.024207561744735467,0.0060100956,0,47501.447960000005,10,1764837903,0.0,0.0,0.0,0.0,0.0,0.0,0.0,0.0,0.0,-32.121199999999675,-0.0004172228390908791,0.0,-0.0008344456781817582,,,-0.01769999781355077,1,0.07268341763133024,-0.008843545209230048,0.0,0.2290933960749077,19.999940000000002,689252.0,689252.0,0.1569040781055649,20.427587125,-3703572.0,,0.3333333333333333,6.0
0xee2fc9aadd5234284679056a5690bbf7b889c157,0.024204167527148466,0.0059792898,0,5000.0,2,1765100775,0.0,-0.0010020040080160326,0.0,0.0,-0.0014170476576884727,0.0,0.0,0.0,1.0,,0.0,0.0,0.0,,,0.0,0,0.07268341763133024,,0.0,0.6105380329117701,1.0,2572206.0,2572206.0,0.552485815225049,19.37705909090909,-2083490.0,,0.1111111111111111,18.0
0xc2ff87b109dcb2586f0a51d6fd6b448aa740ce1c,0.024198901264769597,0.005931485,0,3401.429115999998,74,1764461164,-2.0509133479126597e-06,-2.113573450199063e-06,-2.0509133479126597e-06,-2.0509133479126597e-06,-0.001362834748944434,0.0,-2.0509133479126597e-06,0.0,0.0,-10.08917414185294,-0.02087641407619984,0.0,-0.041750777239051774,,,-1.0417506468508448,5,0.07268341763133024,0.07516270807686416,-2.0509133479126597e-06,0.0,0.0,492585.0,492585.0,0.12265303149709232,0.0,-3523500.0,,,0.0
0x6b38aad63bb25a9e9bcf4f3c84d6bdbe2212d511,0.02419715240085108,0.0059156073,0,20.599996,2,1764842079,0.0010020739109371595,0.002004077918953192,0.0010020739109371595,0.0010020739109371595,0.002834194173036053,-0.09170293068549731,0.0010020739109371595,-0.09019691542804285,0.0,,0.0010020739109371595,-0.0022969150990428504,0.0010020739109371595,-0.08859691542804286,-0.09019691542804285,,1,0.07268341763133024,-0.005626514679903129,0.0010020739109371595,0.4669057239635586,1.549998,2498732.0,2498732.0,0.5682811007505117,193.38913385964915,-1898268.0,0.0,0.6545454545454545,55.0
0xb873ceab657f080fa4f94cc3c97a7dbe5c07c521,0.024195355554510474,0.005899293,0,59880.0,14,1764855149,-0.0002153605808811968,-0.0012173645888972295,-0.0002153605808811968,-0.0002153605808811968,-0.00488493836266526,0.0,-0.0002153605808811968,0.0,0.966933867735471,,-0.0002153605808811968,0.0,-0.0002153605808811968,,,-1.1102230246251566e-17,0,0.07268341763133024,,-0.0002153605808811968,0.1479289870946521,9.899998,804310.0,804310.0,0.18238032502885443,9.192851714285714,-3605760.0,,0.14285714285714285,7.0
0x8ea5e2938641d7f77d45e507c814c240ae4d6696,0.02419469429037311,0.0058932886,0,482.303231,10,1764661398,-2.396399548153045e-07,-2.919258687995874e-07,-2.396399548153045e-07,-2.396399548153045e-07,-9.036493922706872e-05,0.0,-2.396399548153045e-07,0.0,0.0,-11.541225517639575,-0.004955433634790108,0.0,-0.0099106276296254,,,-0.0341797161135991,1,0.07268341763133024,-0.004198986556877702,-2.396399548153045e-07,0.09590599778824604,3.999999,482549.0,482549.0,0.11444793432375491,9.314909789473685,-3733770.0,,0.38461538461538464,65.0
0xc3d0add6765c775162354168b510be9c3381407a,0.02419258604524986,0.005874145,0,1500.0,2,1764866555,-0.0010020040080160326,-0.0020040080160320653,-0.0010020040080160326,-0.0010020040080160326,-0.0028340953153769455,0.0,-0.0010020040080160326,0.0,1.0,,-0.0010020040080160326,0.0,-0.0010020040080160326,,,-0.008000000000000895,0,0.07268341763133024,,-0.0010020040080160326,0.5828711348922826,5.0599995,4287948.0,4287948.0,0.969800130092304,5.0599995,-133528.0,,0.0,2.0
0xb8437b0aad956249a45029e19a4169025b958236,0.02419122660908193,0.0058617997,0,3714.48,7,1764854107,0.0,0.0,0.0,0.0,0.0,0.0,0.0,0.0,0.32844435829510454,-1.4655200000000763,-9.88332763824096e-05,0.0,-0.0001976665527648192,,,-0.015700000000000013,1,0.07268341763133024,-0.013000096328443497,0.0,0.20925816539323402,3.16,708884.0,708884.0,0.16078010845020715,7.562908743589742,-3700144.0,0.0,0.08333333333333333,12.0
0xb96c245ea7b7ecc0f1ccae69a84973679b8135c9,0.024190206427092114,0.005852535,0,173.6435,4,1764884585,0.0,4.039326583556103e-08,0.0,0.0,8.997134462048372e-06,-0.04610092920264796,0.0,-0.04625243602118191,0.0,4.819478149897804e-15,6.952659360620019e-18,-0.0005015138732178241,1.3905318721240038e-17,0.0008030075175394625,-0.09049699248246056,,1,0.07268341763133024,-0.014645318246686535,0.0,0.10163379049849831,1.368,295485.0,295485.0,0.06655808101171617,11.099265499999998,-4144021.0,,0.03333333333333333,30.0
0x84f831a945c64c5fe0a5fc9e543ff08f1026d348,0.02418979505375447,0.005848799,0,39917.989499999996,7,1764835713,9.989616701120416e-10,1.4984425051680905e-09,9.989616701120416e-10,9.989616701120416e-10,2.122342146751995e-06,-0.046647631331394046,9.989616701120416e-10,-0.04478855862230596,0.0,20.186639999999386,0.00025207199410067583,0.0005114639589229015,0.0005041429892396816,-0.0855445685317332,-0.0891445666801179,,1,0.07268341763133024,-0.004275794699049998,9.989616701120416e-10,0.07001416071955888,94.8,10441236.0,10441236.0,2.3780702285820228,1289.7329486962026,6050602.0,,0.6842105263157895,114.0
0xc21ea96be762bb55041529af6e386e7c53b80215,0.024189603649290962,0.0058470606,0,11123.037975,20,1764783941,-4.368453630225976e-05,-6.552680445339085e-05,-4.368453630225976e-05,-4.368453630225976e-05,-0.00044381793799297257,1.1767102813013341,-4.368453630225976e-05,-0.04373059425687991,0.0,310.72551940860006,0.028236058478980416,-0.017532095840831326,0.056515801494263086,5.603949880842086,5.6011098808420865,,2,0.07268341763133024,0.0067090426947181885,-4.368453630225976e-05,0.0,0.0,1009534.0,1009534.0,0.2326725302625435,0.0,-3329328.0,,,0.0
0x26393f918ba72491733c8077cb28406ea34379ca,0.024187987563334703,0.005832383,0,8042.6372,5,1764834219,-0.023915295705964134,-0.024917299713980164,-0.023915295705964134,-0.023915295705964134,-0.04781609958967542,0.0,-0.023915295705964134,0.0,0.0,,-0.023915295705964134,0.0,-0.023915295705964134,,,-0.17569996045078307,0,0.07268341763133024,,-0.023915295705964134,0.5032870710915445,150.0,8257292.0,8257292.0,1.8813006648227215,123.333333,3868152.0,,0.0,2.0
0xd6b4b7cd962309346450b5a35af352e70d57a5e6,0.024186310318978794,0.005817149,0,14305.779728000001,25,1764818359,-9.661529173955523e-09,-1.1187033799038233e-08,-9.661529173955523e-09,-9.661529173955523e-09,-1.5703756139581855e-05,0.0,-9.661529173955523e-09,0.0,0.0,-299.2898239100017,-0.005180041549933946,0.0,-0.010360073438338719,,,-0.9410000047760011,1,0.07268341763133024,-0.019156205270396486,-9.661529173955523e-09,0.0691699552783549,20.0,196153.0,196153.0,0.04485260490981598,35.13036682,-4177127.0,,0.24,25.0
0xe6e63a4b4aa77a926db43335504603e3b82551be,0.02418324532813009,0.0057893074,0,28.549998,5,1764783809,0.00011893463798241795,0.0001230505139974364,0.00011893463798241795,0.00011893463798241795,0.010339178150661099,3.453839286828921,0.00011893463798241795,-0.12816801689204455,0.0,18.89690073637768,0.10506399173915903,-0.1279179814813181,0.21000904884033564,6.9063003512109375,6.9037003512109365,,1,0.07268341763133024,0.006737050083576594,0.00011893463798241795,0.028134698555791614,4.9999985,1724048.0,1724048.0,0.39736236179711576,5.405952943181818,-2614682.0,,0.5,62.0
0x521635c945fb91c36a2a7af6261e65902a691bba,0.024181027445851707,0.0057691587,0,174.43575900000002,12,1764826417,-0.0034951905394573594,-0.004580300629563496,-0.0035548680574171427,-0.003733900611296465,-0.021473717350220852,0.0,-0.0037935781292562413,0.0,0.017099199715614844,3.6835204974266906,-0.0029687009650350062,0.0,-0.002203501318773548,,,-0.027500000000000024,1,0.07268341763133024,-0.0034941339372744824,-0.003614545575376912,0.1404058535170594,1.8349995,486788.0,486788.0,0.11110487252980711,4.922654150943396,-3894550.0,,0.0625,80.0
0xe8b2784ef4fe2337d3f6d3c0a5209d4d07299f16,0.02417910189504702,0.0057516643,0,39.829499999999996,6,1764839149,-2.3899466667047e-07,4.7798933334094e-07,-2.3899466667047e-07,-2.3899466667047e-07,3.094987004161837e-05,-0.04590957837491323,-2.3899466667047e-07,-0.0454327570054695,0.0,-0.009880000000001115,-6.237760800100501e-05,-0.0009756816589695685,-0.00012451622133533954,-0.08824397930696777,-0.08984397930696778,,1,0.07268341763133024,-0.0050048355181218415,-2.3899466667047e-07,0.10233959552482864,10.999945,286911.0,286911.0,0.06529504536796182,12.388534535714285,-4107159.0,,0.15384615384615385,13.0
0x04c4020b1b86b965183988491f1c1b95cebd851f,0.02417390612970409,0.005704452,0,2.0,2,1764879037,-0.0010020040080160326,-0.0020040080160320653,-0.0010020040080160326,-0.0010020040080160326,-0.002834095315376946,0.0,-0.0010020040080160326,0.0,1.0,,-0.0010020040080160326,0.0,-0.0010020040080160326,,,-0.008100000000000007,0,0.07268341763133024,,-0.0010020040080160326,0.10684866598550041,2.3331,854370.0,854370.0,0.1926878874360109,4.211705212121212,-3579588.0,,0.2857142857142857,21.0
0xede3ebfd88d950c8092a0d970572107759ed7736,0.02417345869747024,0.0057003857,0,500.0,2,1764868463,-0.0010020040080160326,-0.0020040080160320653,-0.0010020040080160326,-0.0010020040080160326,-0.002834095315376946,0.0,-0.0010020040080160326,0.0,1.0,,-0.0010020040080160326,0.0,-0.0010020040080160326,,,-0.007700000447750011,0,0.07268341763133024,,-0.0010020040080160326,0.08940704197352367,1.999998,895948.0,895948.0,0.20254809440012442,2.170494533333333,-3527436.0,,0.2857142857142857,14.0
0x409295589839dfa0bfa360e18a1c95c5e2cd5009,0.024172637230455644,0.00569292,0,1.033031,2,1764832293,0.03106213200821773,0.032064136016233764,0.03106213200821773,0.03106213200821773,0.04534553601993341,-0.05880015344765062,0.03106213200821773,-0.05730016007899843,0.0,,0.03106213200821773,0.04079984146984181,0.03106213200821773,-0.05425016571182464,-0.05625016571182464,,1,0.07268341763133024,-0.0035501487149912944,0.03106213200821773,0.023732746534704103,16.5,1717837.0,1717837.0,0.3915553241761172,219.05207636458331,-2669377.0,,0.6027397260273972,73.0
0xa6711a0de9cf71a92272e0cce90b11809efccd7c,0.02417003778852846,0.005669295,0,5000.0,4,1764847873,0.0,0.0,0.0,0.0,0.0,0.0,0.0,0.0,0.0,-5.000000000000004,-0.00025050100200400816,0.0,-0.0005010020040080163,,,-0.02410000000000002,1,0.07268341763133024,-0.007465242193895153,0.0,0.12030401086829857,10.0,477066.0,477066.0,0.10835528530292356,18.645564458333336,-3925728.0,,0.2222222222222222,27.0
0x7e4a945419cd689e22046f57fdca2d8ae290a4e4,0.024165907319448808,0.0056317495,0,103.34145000000001,12,1764700424,-0.045710809675626456,-0.045760067013638994,-0.045710809675626456,-0.045710809675626456,-0.20638869844388605,-0.126718673138097,-0.045710809675626456,-0.06657796871413123,0.0,-0.5876899999999998,-0.04764196677880076,-0.06352871676711101,-0.04957312388197507,7.269000000000001,7.261400000000001,,1,0.07268341763133024,0.02442944493174472,-0.045710809675626456,0.6049590112698143,5.31,1416917.0,1416917.0,0.33297347218615647,18.60884541025641,-2838428.0,,0.14285714285714285,14.0
0x269ff25ca1a718dc70ce3291141a1b88197831b5,0.02416260115552342,0.0056016925,0,3.3000000000000003,3,1764831415,0.0003340013360053442,0.0006680026720106884,0.0003340013360053442,0.0003340013360053442,0.0011570145675142808,-0.031132330918862885,0.0003340013360053442,-0.03063333333333334,0.0,-2.7000000000000024,-0.0019205076820307293,-6.666666666666674e-05,-0.004175016700066803,0.0007030075175394623,-0.09089699248246055,-0.2187000000000002,1,0.07268341763133024,-0.021246150575360882,0.0003340013360053442,0.8355099098190726,9.832305,2667136.0,2667136.0,0.6080555616350412,47.52380149999999,-1719200.0,,0.3333333333333333,3.0
0x881fb1d5115a3232c8f5c2704dd0af46d370dfe9,0.024162116436762516,0.0055972855,0,8.147796,4,1764461182,-1.9953348442663872e-05,-0.0009767185433401204,-1.9953348442663872e-05,-1.9953348442663872e-05,-0.03095357261468205,0.0,-1.9953348442663872e-05,0.0,0.0,-0.04199990618700087,-0.0025224636046297234,0.0,-0.005024973860816784,,,-0.029638023606713523,1,0.07268341763133024,0.07430105651509153,-1.9953348442663872e-05,0.013812698303962544,3.8227,575741.0,575741.0,0.14335812602415823,11.465976337224383,-3440362.0,,0.07482993197278912,147.0
0x33d4d5c338e1856b10f44abbcaaf5c9c67fb2256,0.02416025109553117,0.005580325,0,2.08165,4,1764829205,4.76537346785401e-06,3.176915645236006e-05,4.76537346785401e-06,4.76537346785401e-06,0.0011284116641820606,-0.02438267277032268,4.76537346785401e-06,-0.023819079807804757,0.0,0.006240000000000006,0.0007556727077963968,0.024869482145866387,0.0015065800421249396,-0.045837282999763876,-0.04653728299976388,,1,0.07268341763133024,-0.0028949455574552485,4.76537346785401e-06,0.0,0.0,411184.0,411184.0,0.09378927521699879,0.0,-3972942.0,,,0.0
0xb22d27e133d7b1188f2cf2abfb8d26c71c883a13,0.024159851639252734,0.005576693,0,2422.352464,10,1764691974,-0.9272059679843643,-0.9282079719923799,-0.9272059679843643,-0.9272059679843643,-2.1840341248320367,0.0,-0.9272059679843643,0.0,0.0,,-0.9272059679843643,0.0,-0.9272059679843643,,,-1.039364110740399,0,0.07268341763133024,,-0.9272059679843643,0.2497987007809795,199.9999975,93844846.0,93844846.0,22.097284251199994,430.73874861538457,89597951.0,0.0,0.5333333333333333,14.0
0x094e3e7c5486ca7f5efd45de09857b873c70f10b,0.024159511748001655,0.0055736024,0,10212.631908999998,24,1764564026,0.039631354386261586,0.04063335839427761,0.039631354386261586,0.039631354386261586,0.2694960875142895,0.14322391085128525,0.039631354386261586,0.14369428932800127,0.0,,0.039631354386261586,0.14599453035245083,0.039631354386261586,0.2562992924353101,0.2552859714227004,,2,0.07268341763133024,0.05336998906438772,0.039631354386261586,0.05953688622107884,9.1455555,21960253.0,21960253.0,5.3315211387764885,86.13909464848484,17841306.0,0.0,0.14705882352941177,76.0
0x98cec0880366df00f9421c96b5ddd06ebeea5e1d,0.02415868802909634,0.005566112,0,1544.854992,24,1764505046,3.540397566685065e-06,3.718029970549885e-06,3.540397566685065e-06,3.540397566685065e-06,0.0015037842019304934,1.4156337671652885,3.540397566685065e-06,0.05777993810571172,0.0,181.76956939840005,0.10752295280566657,0.0603019246712891,0.21504236521376646,5.7140936038301104,5.708114660119855,,4,0.07268341763133024,0.06588419963157553,3.540397566685065e-06,0.0,0.0,2926889.0,2926889.0,0.7209144803393722,0.0,-1133078.0,0.0,,0.0
0x64e86fefd50cdb6259eb00ff146d9aac03497819,0.02415762432768018,0.0055564395,0,11.00891,6,1764625818,0.0,0.0,0.0,0.0,0.0,1.223402600288921,0.0,1.2249861095677297,0.0,0.11472750000000034,0.0006387232738618713,1.2272363595955105,0.0012774465477237427,7.334549999559327,7.330550000000001,,3,0.07268341763133024,0.04025913624364052,0.0,0.0,0.0,1506578.0,1506578.0,0.3603616489811969,0.0,-2674161.0,,,0.0
0xd8c81f9b41f5d6323f07b9349f6b735ee929a93e,0.024155711039834108,0.00553904,0,14.0,2,1764824425,-0.06913827655310625,-0.07014028056112229,-0.06913827655310625,-0.06913827655310625,-0.09919333603819311,0.0,-0.06913827655310625,0.0,0.0,,-0.06913827655310625,0.0,-0.06913827655310625,,,-0.2879000000000005,0,0.07268341763133024,,-0.06913827655310625,0.10778454031977883,156.770348,3200828.0,3200828.0,0.730891781558251,218.8088923888889,-1178518.0,,0.5,14.0
0x32fe2fd22a4713c7635049b0193b586cebe8eb6f,0.02415415435266892,0.0055248826,0,33333.333333,2,1764950967,-0.0020040080011222597,-0.0030060120091382923,-0.0020040080011222597,-0.0020040080011222597,-0.00425114295197977,0.0,-0.0020040080011222597,0.0,0.0,,-0.0020040080011222597,0.0,-0.0020040080011222597,,,-0.016099999879472124,0,0.07268341763133024,,-0.0020040080011222597,0.2619773015165922,79.859999,3984990.0,3984990.0,0.8843961501040416,73.80886228571428,-520898.0,0.0,0.0,5.0
0x85c2ff8d5938f310c3987c9f3179f1e63aa100f8,0.024152927883376446,0.0055137277,0,2752.4,3,1764823625,0.0,0.0,0.0,0.0,0.0,-0.04454317325700243,0.0,-0.04100904438201525,0.0,-22.400000000000023,-0.0020040080160320657,-0.04135903954201466,-0.004008016032064131,-0.08338749774160101,-0.07999078179204017,,1,0.07268341763133024,-0.0017109968466226273,0.0,0.0,0.0,329243.0,329243.0,0.07519459656242049,0.0,-4049303.0,,,0.0
0x9014c758e288972fa5056f5f66192dcae67100cc,0.02415126688358035,0.0054986198,0,1327.6894980000002,8,1764832953,-3.942883466825487e-08,-4.656748314713975e-08,-3.942883466825487e-08,-3.942883466825487e-08,-3.0218306668738212e-05,0.0,-3.942883466825487e-08,0.0,0.0,-17.609824947597687,-0.0027685020362313607,0.0,-0.005536964643628054,,,-0.13951498433268217,1,0.07268341763133024,-0.004394613924509902,-3.942883466825487e-08,0.9057929638904592,2.2283995,1602494.0,1602494.0,0.36520966645806147,57.57494929999999,-2785380.0,,0.3333333333333333,6.0
0xc68bef78c7e05080dc6eb72e90549e6a300addb5,0.02415047794258331,0.0054914434,0,3.0,2,1764268497,0.0,0.0,0.0,0.0,0.0,-0.012400000000000001,0.0,-0.0164,0.0,0.6000000000000002,0.0003757515030060121,-0.01985,0.0007515030060120241,0.2019891913165801,0.20858919131658013,,1,0.07268341763133024,0.11607450135178086,0.0,0.004587124570436198,0.086884,519566.0,519566.0,0.1358904519463998,0.33889213820731096,-3303852.0,,0.11378848728246319,692.0
0x8989379c2cc88bfd6ef3efa42059aa5f26ae6e14,0.024150270408844276,0.0054895557,0,3.276,3,1764666424,-0.3066132264529057,-0.3069472277889111,-0.3066132264529057,-0.3066132264529057,-0.5316481937728116,-0.050099974036233355,-0.3066132264529057,-0.012599999999999788,0.0,-0.1170000000000001,-0.3073647294589177,-0.010833333333333119,-0.3081162324649297,7.263,7.2582,-1.0379338838737542,1,0.07268341763133024,0.0316434693346675,-0.3066132264529057,0.0,0.0,530523.0,530523.0,0.12567629511447181,0.0,-3690822.0,,,0.0
0x8992702ce596ffa39155228f0833dc34db28476f,0.024150148213546545,0.005488444,0,125.0,2,1764894111,-0.007014028056112228,-0.008016032064128261,-0.007014028056112228,-0.007014028056112228,-0.011336381261507784,0.0,-0.007014028056112228,0.0,0.0,,-0.007014028056112228,0.0,-0.007014028056112228,,,-0.05640000000000005,0,0.07268341763133024,,-0.007014028056112228,0.12748991466078832,28.501844,1086264.0,1086264.0,0.24415738075158822,27.3261505625,-3362768.0,,0.6,10.0
0x67b6f54d2668529fd6919d6689333f1b405c660d,0.024149572260503214,0.005483205,0,500.0,2,1764857889,-0.0010020040080160326,-0.0020040080160320653,-0.0010020040080160326,-0.0010020040080160326,-0.002834095315376946,0.0,-0.0010020040080160326,0.0,1.0,,-0.0010020040080160326,0.0,-0.0010020040080160326,,,-0.007999702995197654,0,0.07268341763133024,,-0.0010020040080160326,0.3333333333334074,0.999999,3080738.0,3080738.0,0.6981352018328457,0.9999993333333332,-1332072.0,,0.0,3.0
0x5858196bbcb5059a7f67904deb06755dc2adfbbf,0.02414865883084956,0.0054748957,0,90481.98202000001,35,1764820381,-0.0034024518464937778,-0.003557410679346861,-0.0034024518464937778,-0.0034024518464937778,-0.016834216256639847,-0.04211729316512545,-0.0034024518464937778,-0.04237829905883753,0.0,-164.49689818181804,-0.007889105825062349,-0.041345970445130935,-0.012375759803630919,-0.08964359888327941,-0.09120555662541877,-0.0472000000000003,1,0.07268341763133024,-0.0010226940477084652,-0.0034024518464937778,0.21085967366788394,53.31,4250948.0,4250948.0,0.9715781904883366,471.7348450836431,-124354.0,,0.6363636363636364,30.0
0xd250b04ad16b042f54dfe9ca6df30c0fe31fe9a6,0.02414629832103435,0.0054534213,0,1.380694,4,1764611990,-0.0010059030231064135,-0.0011966558210317266,-0.0010059030231064135,-0.0010059030231064135,-0.03359032131665305,0.0,-0.0010059030231064135,0.0,0.0,-0.8384599461368936,-0.09995330507329281,0.0,-0.1989007071234792,,,-0.01592356708973108,1,0.07268341763133024,-0.0006492621962630505,-0.0010059030231064135,0.024181862116631335,0.999998,512503.0,512503.0,0.12299350766071078,0.9810666447368419,-3654408.0,,0.2765957446808511,47.0
0x8b1f80020a5c010a52791ab3fd695ae74eca4eeb,0.024146207981594038,0.0054525994,0,17.351,3,1764803585,-0.006967205438915217,-0.0076882737437491844,-0.006967205438915217,-0.006967205438915217,-0.01029071480673007,1.017070093457944,-0.006967205438915217,0.9784906550246911,0.9373827098711373,13.44,0.02449759331747606,0.9788556000298926,0.05596239207386734,7.2604000000000015,7.259900000000001,0.014000000000000012,1,0.07268341763133024,0.00254103400733539,-0.006967205438915217,0.0,0.0,43287796.0,43287796.0,9.931796812944619,0.0,38929290.0,0.0,,0.0
0xdfae125b0f3c681e23bc6863f590c9a465c1630d,0.024142123447786427,0.005415436,0,20.000000000000004,4,1764628724,0.0,0.0,0.0,0.0,0.0,0.0,0.0,0.0,0.0,-9.21,-0.11535571142284566,0.0,-0.23071142284569132,,,0.026720449420745536,1,0.07268341763133024,-0.008706054391197872,0.0,0.10408517593359162,7.9196,611043.0,611043.0,0.1460551743754549,10.102254100000001,-3572602.0,,0.26666666666666666,15.0
0x4733a8db3c709f135b6f22cebf7ecfb767a7aa88,0.024140624876203564,0.0054017995,0,702.19056,3,1764844353,-0.00292196070000231,-0.003923964708018343,-0.00292196070000231,-0.00292196070000231,-0.00610290851970115,0.0,-0.00292196070000231,0.0,0.0,,-0.00292196070000231,0.0,-0.00292196070000231,,,-0.018803761316291988,0,0.07268341763133024,,-0.00292196070000231,0.5999224829154062,11.6066295,33950439.0,33950439.0,7.717282215201872,420.7885019117646,29551165.0,0.0,0.42857142857142855,21.0
0xdc4a4859f266cfffb74b4512d0df243343bcdddc,0.0241401996901825,0.0053979303,0,5.015,2,1764839203,0.0020040080160320653,0.003006012024048098,0.0020040080160320653,0.0020040080160320653,0.0042511429730654185,-0.09119999999999989,0.0020040080160320653,-0.09029548306573751,0.0,,0.0020040080160320653,-0.0012954830657375053,0.0020040080160320653,-0.087690966131475,-0.08929096613147501,,1,0.07268341763133024,-0.005016293086291189,0.0020040080160320653,0.053970261559953235,5.21431,767202.0,767202.0,0.1745972576103906,6.5617870270270275,-3626922.0,0.0,0.5517241379310345,29.0
0x687d8cf19d873aed1957e61a3f2092d4721ce28b,0.024136450499155065,0.00536381,0,4402.810079999999,8,1764818857,-0.0008024728338064755,-0.001069963778408634,-0.0008024728338064755,-0.0008024728338064755,-0.002835258196061319,-0.01807734437265929,-0.0008024728338064755,-0.018202794194279927,0.0,29.55528000000002,0.0025028359515559574,-0.016296879697333597,0.00580814473691839,-0.04515349633309715,-0.04753728299976382,0.2608,1,0.07268341763133024,-0.0006993360127068674,-0.0008024728338064755,0.0,0.0,829744.0,829744.0,0.1897087597953074,0.0,-3544034.0,,,0.0
0xb48b9192dc52eed724fa58c66fa8926d06a3648e,0.024135911906285685,0.005358908,0,190.52125999999998,3,1764531086,-0.9036809628275193,-0.9046829668355355,-0.9036809628275193,-0.9036809628275193,-1.1145624963224823,0.0,-0.9036809628275193,0.0,0.0,,-0.9036809628275193,0.0,-0.9036809628275193,,,-0.0706593314859612,0,0.07268341763133024,,-0.9036809628275193,0.02240190967645729,330.338,15121888.0,15121888.0,3.7008962539711754,841.025206782742,11035881.0,0.0,0.10246433203631647,755.0
0x3d27ae32b3781df50fcf024da212f0f779b3800c,0.024135351683905692,0.005353809,0,500.0,2,1764927125,-0.003006012024048098,-0.0040080160320641305,-0.003006012024048098,-0.003006012024048098,-0.005668190630753892,0.0,-0.003006012024048098,0.0,0.0,,-0.003006012024048098,0.0,-0.003006012024048098,,,-0.024099999999700018,0,0.07268341763133024,,-0.003006012024048098,0.03664866916652776,0.999999,849686.0,849686.0,0.18957547512899242,1.2205511944444445,-3632360.0,,0.27450980392156865,51.0
0xa24619d17fab4db7a46b10326fc2b6841979cf68,0.02413495257796226,0.0053501762,0,2.004,2,1764920431,0.0010020040080160326,0.0020040080160320653,0.0010020040080160326,0.0010020040080160326,0.0028340953153769455,-0.09329699248246054,0.0010020040080160326,-0.09330300751753946,0.0,,0.0010020040080160326,-0.0010030075175394627,0.0010020040080160326,0.0008030075175394625,-0.09129699248246055,,1,0.07268341763133024,-0.02225102173925036,0.0010020040080160326,0.04022539430643147,104.625,2961089.0,2961089.0,0.6616438215362724,526.40972175,-1514263.0,,0.5294117647058824,34.0
0x11fa80162294d21ccf528df2c70941e6bca4970f,0.024133651857527263,0.005338337,0,1000.0,2,1764887297,-0.0040080160320641305,-0.005010020040080163,-0.0040080160320641305,-0.0040080160320641305,-0.0070852382884423635,0.0,-0.0040080160320641305,0.0,0.0,,-0.0040080160320641305,0.0,-0.0040080160320641305,,,-0.032400000000000026,0,0.07268341763133024,,-0.0040080160320641305,0.019531282401773625,2.6099995,856106.0,856106.0,0.19272039328101412,4.034268256097561,-3586112.0,0.0,0.3445378151260504,118.0
0x9246695a4c5498e103296425a37d6f7b349314c5,0.024132437299607172,0.005327281,0,500.01,3,1764823991,-0.01894834445009423,-0.01995034845811026,-0.01894834445009423,-0.01894834445009423,-0.028411717191899465,0.0,-0.01894834445009423,0.0,1.999960000799984e-05,,-0.01894834445009423,0.0,-0.01894834445009423,,,0.12709999999999988,0,0.07268341763133024,,-0.01894834445009423,0.0995176184109604,99.999999,1553520.0,1553520.0,0.35477305778238977,246.02578672289158,-2825392.0,,0.2222222222222222,36.0
0x181927672b4e5daa396976752a49817a294b27c0,0.024132046629992982,0.005323725,0,3.0,2,1764850009,-0.0020040080160320653,-0.003006012024048098,-0.0020040080160320653,-0.0020040080160320653,-0.0042511429730654185,0.0,-0.0020040080160320653,0.0,0.0,,-0.0020040080160320653,0.0,-0.0020040080160320653,,,-0.01599999999999998,0,0.07268341763133024,,-0.0020040080160320653,0.047128225752072775,0.999999,937040.0,937040.0,0.2127252873484936,1.1339311272727275,-3467890.0,,0.20588235294117646,33.0
0x6a5590195e201a81e3b7e9f70c7857295b959068,0.024131565015538863,0.0053193406,0,12000.0,7,1765118569,0.0,-0.0010020040080160328,0.0,0.0,-0.00252426060003333,0.0,0.0,0.0,1.0,,0.0,0.0,0.0,,,3.3306690738754695e-17,0,0.07268341763133024,,0.0,0.1936770113281648,10.999999500000001,2268078.0,2268078.0,0.4853071259380035,13.599999500000001,-2405412.0,,0.0,7.0
0xcc380f63b84de8d3c4af89c65a52c51b2e9d5bb2,0.024130994047275946,0.005314143,0,2962.27376,11,1764868389,-0.00028056112224448913,-0.0006412825651302609,-0.00028056112224448913,-0.00028056112224448913,-0.0030688794587143825,0.0,-0.00028056112224448913,0.0,0.9411764705882353,1.2217919999999947,-3.5713026052105557e-05,0.0,0.00020913507014027802,,,-0.007700000000000007,1,0.07268341763133024,-0.016525208135212882,-0.00028056112224448913,0.006705621589528331,1.999999,659232.0,659232.0,0.1490359029776344,3.1557601563025215,-3764078.0,,0.12660944206008584,466.0
0xe9100162c21d75008282af544354477e2d97a9b8,0.024130345444951153,0.0053082383,0,5000.0,2,1765007487,0.0,-0.0010020040080160326,0.0,0.0,-0.0014170476576884727,0.0,0.0,0.0,1.0,,0.0,0.0,0.0,,,-8.881784197001252e-16,0,0.07268341763133024,,0.0,0.17992474051868845,49.999999,1863883.0,1863883.0,0.4085305391363508,44.54518609090909,-2698525.0,,0.0,10.0
0x2162a3dbecb3fe52b8338462c3439a808714f0b1,0.02412957103195331,0.005301188,0,2355.05116,7,1764832311,-0.019417765875864808,-0.020620178417761207,-0.019618169141627215,-0.019618169142228428,-0.045531207092643924,0.0,-0.02001897390594489,0.0,0.0,-1.256672829252708,-0.02000244777877865,0.0,-0.01978551838524883,,,-0.2537146901779994,1,0.07268341763133024,-0.0036634513335548464,-0.01981857152408664,0.29635297699259827,99.999999,43109436.0,43109436.0,9.826112683350232,488.65879426363625,38722204.0,0.0,0.1276595744680851,46.0
0x3f1d09dc88b3ccf9a5f375234bb612f56a63f84a,0.024129017551228486,0.0052961493,0,30.03996,4,1764934753,0.0,0.0,0.0,0.0,0.0,-0.04374849624123028,0.0,-0.04595150345937193,0.0,0.010020000000001122,0.00012525050100201798,-0.0005515033095219301,0.00025050100200403597,0.0008030075175394625,-0.08989699248246054,,1,0.07268341763133024,-0.025289823430387423,0.0,0.07333399988806696,10.98588,380733.0,380733.0,0.08480192548501295,10.608920448275864,-4108941.0,,0.3125,16.0
0xd6a92d95c8f7bf7c5d23994f89ecc82edba3d89d,0.024128171370089983,0.0052884454,0,1.999996,2,1764833237,0.03206497607810798,0.03306698008612401,0.03206497607810798,0.03206497607810798,0.046763771704517634,-0.06000514714728608,0.03206497607810798,-0.05609865381077491,0.0,,0.03206497607810798,0.041901515414415454,0.03206497607810798,-0.05347829865801409,-0.055047028914984135,,1,0.07268341763133024,-0.003750443980766562,0.03206497607810798,0.01957254986696513,21.5,4773654.0,4773654.0,1.0878491613109647,468.3119173027523,385496.0,,0.6590909090909091,88.0
0x3c2819beaf8c31db6afa57cc3e601ad2000cf9d0,0.024127009912897054,0.0052778707,0,3.3,3,1764212245,-0.3333333333333332,-0.33366733466933857,-0.3333333333333332,-0.3333333333333332,-0.5779287764733828,-0.016566666666666664,-0.3333333333333332,-0.00323333333333332,0.0,-2.4,-0.3340013360053439,-0.005333333333333319,-0.3346693386773546,-0.0577,-0.0577,-0.04306458071916848,1,0.07268341763133024,0.1280098925492283,-0.3333333333333332,0.0038999887191469786,0.14447949999999998,544674.0,544674.0,0.14458454976499577,0.47658509066183136,-3222492.0,,0.21481481481481482,664.0
0x96b25553bcfce1f38c7b5663c1f2ed5516117ec0,0.024125059202819318,0.005260109,0,15.206427999999999,4,1764827791,-1.6942519492391228e-06,5.929883826992932e-06,-1.6942519492391228e-06,-1.6942519492391228e-06,0.0002884176647038728,-0.03930978823304953,-1.6942519492391228e-06,-0.038677413661543564,0.0,-0.03039999200676062,-0.0005024843427323849,-0.01766853662612143,-0.0010032744335155305,-0.07652214114310908,-0.07732214201862943,,1,0.07268341763133024,-0.0025949270131689892,-1.6942519492391228e-06,0.7777586537548548,8.959633499999999,40059183.0,40059183.0,9.140272735237907,82.94749296551723,35676471.0,0.0,0.4838709677419355,31.0
0x4c5d1f3150cc32169c89ee253c8daa02ddaa0049,0.024123029641611674,0.005241628,0,21.78,2,1764832827,0.0,0.0,0.0,0.0,0.0,0.0,0.0,0.0,0.0,1.3200000000000012,0.0005010020040080163,0.0,0.0010020040080160326,,,-0.2268000000000002,1,0.07268341763133024,-0.0037012188730760304,0.0,0.49520981383943324,4.999999,1094498.0,1094498.0,0.24944413398399362,17.742095320000004,-3293250.0,,0.38461538461538464,12.0
0x8f6234ec3e54a7c06f4873f86ff2dcce014df6e1,0.02412207265347975,0.005232913,0,8.904,4,1764876629,-4.501365714357243e-07,4.501365714357243e-07,-4.501365714357243e-07,-4.501365714357243e-07,2.123767051098568e-05,-0.04717268448458663,-4.501365714357243e-07,-0.04657321276801405,0.0,-0.004450000000000251,-0.0001256443705020173,-0.0015029276822789601,-0.0002508386044325989,-0.00010000002245157402,-0.09010009393879329,,1,0.07268341763133024,-0.012957236536402603,-4.501365714357243e-07,0.08916747697427067,2.269999,409712.0,409712.0,0.09245343051528246,3.6884296865671637,-4021838.0,0.0,0.25,20.0
0x9eda7e67db87a801af87d292792a34008da53392,0.024120653321367293,0.005219987,0,870.2173909999999,3,1764825063,-0.02202681601972284,-0.023028820027738872,-0.02202681601972284,-0.02202681601972284,-0.03448531043689232,0.0,-0.02202681601972284,0.0,0.0,,-0.02202681601972284,0.0,-0.02202681601972284,,,0.10234306741330479,0,0.07268341763133024,,-0.02202681601972284,0.3180186729885974,18.731951000000002,2838789.0,2838789.0,0.6481277100555618,40.049839920000004,-1541195.0,,0.25,36.0
0xa0f19086719d534c50015ca6ba5cdfdfa5efb29b,0.024119783702391786,0.005212067,0,1.999996,2,1764824881,0.014028643362548533,0.015030647370564565,0.014028643362548533,0.014028643362548533,0.021256545362699907,-0.08243882953604738,0.014028643362548533,-0.07632417830825926,0.0,,0.014028643362548533,-0.07592417830825926,0.014028643362548533,-0.07587831771335225,-0.07427831771335225,,1,0.07268341763133024,-0.001977491395154128,0.014028643362548533,0.42468624446147885,1.3283195,2672404.0,2672404.0,0.6101654823665544,11.124340952380953,-1707398.0,,0.5384615384615384,39.0
0x2ac2a68f2c41b6c1e0b05909eda8effe9d1d9895,0.024116153496171036,0.0051790024,0,562.6579509999999,3,1764657074,-0.9186595912790912,-0.9196615952871071,-0.9186595912790912,-0.9186595912790912,-1.514005179048903,0.0,-0.9186595912790912,0.0,0.0,,-0.9186595912790912,0.0,-0.9186595912790912,,,-0.02065089392921002,0,0.07268341763133024,,-0.9186595912790912,0.24702400643287034,185.709998,45077859.0,45077859.0,10.702258430981043,556.5864080566038,40865864.0,,0.4642857142857143,28.0
0xcea052d8173778b732765197df9940e07fac29c5,0.024115887102989324,0.005176576,0,4235.597869,13,1764832543,3.8731115254018836e-10,1.549242769928827e-09,3.8731115254018836e-10,3.8731115254018836e-10,2.4918652286981414e-06,-0.0015847932644270383,3.8731115254018836e-10,-0.001570802123505778,0.0,-5.585464609601052,-0.0008289808010380783,-5.102717895257632e-06,-0.0016579619893873092,-0.08498190781920603,-0.08848190781920603,-0.026900000000000025,1,0.07268341763133024,-0.004304226442285047,3.8731115254018836e-10,0.1738434938883204,9.999999,752166.0,752166.0,0.17143525280207428,20.52599496226415,-3635298.0,,0.42857142857142855,35.0
0x05928ccefb4da644ad7b7291c9ac2fdd80f5d744,0.024115319103622166,0.005171402,0,12.2,4,1764917139,0.0,0.0,0.0,0.0,0.0,-0.04669849660860269,0.0,-0.046150000000000004,0.0,-0.006100000000000005,-0.00012525050100200408,0.0,-0.00025050100200400816,0.0009030075175394626,-0.09129699248246055,,1,0.07268341763133024,-0.02155253443529678,0.0,0.12853756412388084,6.29005,322155.0,322155.0,0.07203727141406868,6.62618888888889,-4149905.0,,0.1111111111111111,9.0
0x397d85ffc793a72c383d657ba1b221bb3e8487a1,0.024115158945597227,0.005169943,0,19.999998,2,1764832379,-0.034068132975951876,-0.0350701369839679,-0.034068132975951876,-0.034068132975951876,-0.04959666335700967,0.0,-0.034068132975951876,0.0,0.0,,-0.034068132975951876,0.0,-0.034068132975951876,,,-0.2593999733509998,0,0.07268341763133024,,-0.034068132975951876,0.0929166733763681,4.999999,916008.0,916008.0,0.2087862694595765,12.230305573770494,-3471292.0,,0.3170731707317073,41.0
0xb4936d4550323dcf034f33d52d53e5293673223a,0.024113660524043335,0.005156293,0,1.003,2,1764886075,0.0020040080160320098,0.003006012024048042,0.0020040080160320098,0.0020040080160320098,0.0042511429730653395,-0.08979548306573756,0.0020040080160320098,-0.09019548306573758,0.0,,0.0020040080160320098,0.0013045169342624247,0.0020040080160320098,0.0023090338685249215,-0.08919096613147506,,1,0.07268341763133024,-0.01496146225728521,0.0020040080160320098,0.584694012573669,0.999999,42683709.0,42683709.0,9.611291926405698,11.489353740157478,38242713.0,0.0,0.6634615384615384,97.0
0xe8f34d5bb0cb987ff38bcde0b5d94656c8e63767,0.024113660524043335,0.005156293,0,1.003,2,1764886059,0.0020040080160320098,0.003006012024048042,0.0020040080160320098,0.0020040080160320098,0.0042511429730653395,-0.08879096613147505,0.0020040080160320098,-0.09019548306573758,0.0,,0.0020040080160320098,0.0013045169342624247,0.0020040080160320098,0.0023090338685249215,-0.08919096613147506,,1,0.07268341763133024,-0.01495806742227207,0.0020040080160320098,0.5939448317418808,0.999999,42683715.0,42683715.0,9.611327905102026,10.027922043478261,38242735.0,0.0,0.6697247706422018,109.0
0x343abc86ca7786e99ce9384746ab097ba3b6878e,0.0241115810925573,0.005137349,0,10.0,4,1764874903,-0.0010020040080160326,-0.0020040080160320657,-0.0010020040080160326,-0.0010020040080160326,-0.003802337867937933,0.0,-0.0010020040080160326,0.0,1.0,,-0.0010020040080160326,0.0,-0.0010020040080160326,,,-0.007850000000000006,0,0.07268341763133024,,-0.0010020040080160326,0.5247977628710008,8.396965,23159998.0,23159998.0,5.22819823090037,10.6455276,18730174.0,,0.0,5.0
0x7effaa6173bab5aabcc004b61daa87b54d45a545,0.024110988352187012,0.0051319487,0,1.003,2,1764886087,0.0020040080160320098,0.003006012024048042,0.0020040080160320098,0.0020040080160320098,0.0042511429730653395,-0.08979548306573756,0.0020040080160320098,-0.09019548306573758,0.0,,0.0020040080160320098,0.0013045169342624247,0.0020040080160320098,0.0023090338685249215,-0.08919096613147506,,1,0.07268341763133024,-0.014964008383545065,0.0020040080160320098,0.5844317738246816,0.999999,42683695.0,42683695.0,9.611262803399589,11.51792318110236,38242687.0,0.0,0.6435643564356436,95.0
0xb9a72de00bcb0d86d2e21abd620d15d28b1fb64d,0.024110151271816916,0.005124322,0,516.408416,6,1764785103,1.4067868166515863e-05,1.4147871725202048e-05,1.4067868166515863e-05,1.4067868166515863e-05,0.0035404314688888745,3.5270770558015174,1.4067868166515863e-05,-0.04648000623675458,0.0,151.8470897381808,0.11013288182054054,-0.04623000224457699,0.22025169577291456,7.054735386676187,7.051835386676188,,1,0.07268341763133024,0.006462492801888886,1.4067868166515863e-05,0.056949545733445364,19.9999995,4770952.0,4770952.0,1.0992916168205522,79.20754987162162,430928.0,,0.5071090047393365,207.0
0xa966c7bcc878b9b319765b946f8151df220e208b,0.024109598992155323,0.00511929,0,513.309888,10,1764784417,-0.009644194752131963,-0.009936443077954145,-0.009644194752131963,-0.009644194752131963,-0.026019842305315722,2.451359147008949,-0.009644194752131963,-0.07653572279131969,0.0,142.11858587499998,0.06452527227576574,-0.07635863874861232,0.13869473930366344,6.930799997961818,6.927899997961818,-0.2205999999999993,1,0.07268341763133024,0.006608046353077269,-0.009644194752131963,0.0,0.0,3701642.0,3701642.0,0.85304302176968,0.0,-637696.0,,,0.0
0x26982c0e20e62c75684afc4edf6a0934d0847b58,0.024109371971279082,0.0051172217,0,1.003,2,1764886061,0.0020040080160320098,0.003006012024048042,0.0020040080160320098,0.0020040080160320098,0.0042511429730653395,-0.08879096613147505,0.0020040080160320098,-0.09019548306573758,0.0,,0.0020040080160320098,0.0013045169342624247,0.0020040080160320098,0.0023090338685249215,-0.08919096613147506,,1,0.07268341763133024,-0.014958491776648711,0.0020040080160320098,0.5682659315317402,0.999999,42683647.0,42683647.0,9.611308264703617,11.063615751879702,38242665.0,0.0,0.6605504587155964,103.0
0x832bce13fa76d504c2b747587c274c996b423ae1,0.024108929792522885,0.005113193,0,4407.3215199999995,7,1764834109,-0.0006680026720106884,-0.0010020040080160326,-0.0006680026720106884,-0.0006680026720106884,-0.0024190516657045056,-0.02442318736880979,-0.0006680026720106884,-0.023815392584374217,0.0,4.119788000000012,0.00047867624137163485,0.004851274082292451,0.0016253551547539581,-0.06871540985051834,-0.07041540985051835,-0.016200000000000013,1,0.07268341763133024,-0.0039354624889827,-0.0006680026720106884,0.23976704534144272,115.855,33126426.0,33126426.0,7.547550597740275,240.26620626666667,28737396.0,,0.4444444444444444,6.0
0x0598000f9279492282fe06d241d6e3e1925d7108,0.024108717394166444,0.0051112575,0,94.981909,17,1764663680,1.826266573687251e-05,1.8305698405104808e-05,1.826266573687251e-05,1.826266573687251e-05,0.003950361976989437,1.9643308445702528,1.826266573687251e-05,-0.12314201295329152,0.0,12.995265198181647,0.060592454158765026,-0.12156375313218706,0.12116664565179318,6.9620952668517555,6.958470673769199,,2,0.07268341763133024,0.032225683539421034,1.826266573687251e-05,0.04668706860055063,0.999999,1720595.0,1720595.0,0.40785914572153187,1.191057042253521,-2498006.0,0.0,0.31343283582089554,67.0
0xf54bd47b5a948c78c2fc7b2b52c5a8a59013a190,0.024105711304769774,0.0050838655,0,1676.666665,5,1764850393,-0.0020040077175350625,-0.0030060117255510956,-0.0020040077175350625,-0.0020040077175350625,-0.006624028786378766,0.0,-0.0020040077175350625,0.0,0.0,,-0.0020040077175350625,0.0,-0.0020040077175350625,,,-0.016000000309420337,0,0.07268341763133024,,-0.0020040077175350625,0.3399999951999999,12.4999995,3284284.0,3284284.0,0.7455277875765496,12.4999995,-1121030.0,,0.0,4.0
0x0952ffd58769f5e9ad3853edd2dc318ddfcfa44b,0.02410483705027234,0.0050758985,0,22051.678412000016,70,1764818915,-0.002225578800891683,-0.002320120139429422,-0.002225578800891683,-0.002225578800891683,-0.015197243229434214,-0.003890501870092372,-0.002225578800891683,-0.003749645156644814,0.1699134133767687,1.5392400165853635,-0.0020041689069448757,-0.0036348003907717926,-0.0017827590129980686,-0.06409296283473934,-0.06387629616807267,0.0692999999999998,1,0.07268341763133024,-0.0007116422896295005,-0.002225578800891683,0.28999012941314767,58.356210000000004,4146744.0,4146744.0,0.9480794433078881,129.38248256741574,-227092.0,,0.6521739130434783,23.0
0xb33078116a74d5418c1680367512590254969f72,0.024104493877170525,0.005072771,0,99.999996,2,1764837983,0.002004021003006398,0.00300602501102243,0.002004021003006398,0.002004021003006398,0.004251161339420655,-0.09129999274035648,0.002004021003006398,-0.08989546873050477,0.0,,0.002004021003006398,-0.0013954687305047504,0.002004021003006398,-0.08539095177665408,-0.08889095177665408,,1,0.07268341763133024,-0.0047574369165392545,0.002004021003006398,0.3289520869363488,2.27,1343508.0,1343508.0,0.3058359572619843,4.945555277777777,-3049396.0,,0.16666666666666666,18.0
0x5113b2664ff778bed9e64c15e20d4caae11fe446,0.02410245476280303,0.0050541875,0,66817.864626,13,1764834399,2.9804899682178055e-10,3.973986624290445e-10,2.9804899682178055e-10,2.9804899682178055e-10,1.2620539648273395e-06,-0.042288010903197296,2.9804899682178055e-10,-0.04128794420972404,0.0,60.431183084999745,0.0009007981719263153,0.003384536254604063,0.0018015960458036336,-0.08031909906258178,-0.0836483844272048,,1,0.07268341763133024,-0.003996993873595865,2.9804899682178055e-10,0.030875769515042027,72.5085,17725359.0,17725359.0,4.0382927196012135,1238.5560244450573,13336039.0,,0.5339805825242718,171.0
0xb3bd99454bfc2696c54dba999e7de40fb020f543,0.024102082857684243,0.005050798,0,68404.693197,47,1764830773,-0.0002161826563992908,-0.0003242739845989302,-0.0002161826563992908,-0.0002161826563992908,-0.0009873051690285064,-0.037171837791187476,-0.0002161826563992908,-0.0362678659609023,0.0,11.37852371118194,0.000595598511365035,0.004608855430914854,0.0014073796791293607,-0.06582320795230512,-0.06784560405780243,,1,0.07268341763133024,-0.003227639388742982,-0.0002161826563992908,0.0,0.0,604220.0,604220.0,0.13777066981873337,0.0,-3781474.0,0.0,,0.0
0xd91218feb4c61d6f58c8db78a5726479a47cddfe,0.02410126866098901,0.005043377,0,5.616491000000001,4,1764612046,-8.277740774115491e-05,-0.0019972710316314584,-8.277740774115491e-05,-8.277740774115491e-05,-0.043395833979218326,0.0,-8.277740774115491e-05,0.0,0.0,-0.07799996913105414,-0.004957197837676198,0.0,-0.00983161826761124,,,-0.01592361541218098,1,0.07268341763133024,0.028273246875372637,-8.277740774115491e-05,0.034698036337966316,2.82,700997.0,700997.0,0.1682271541867262,3.5768364869565215,-3465970.0,0.0,0.3728813559322034,59.0
0x96e9edf0e27596d8eb42f771f24464ee92224b32,0.024100493727605983,0.005036314,0,18.44829,2,1764795787,-0.8994003594134198,-0.9004023634214359,-0.8994003594134198,-0.8994003594134198,-1.2311929495211231,0.0,-0.8994003594134198,0.0,0.0,,-0.8994003594134198,0.0,-0.8994003594134198,,,-1.0506127300830934,0,0.07268341763133024,,-0.8994003594134198,0.0,0.0,919920.0,919920.0,0.21144144815050792,0.0,-3430788.0,,,0.0
0xaee4c6a5dd94a521e65134dd9364238a012e9aa1,0.02410015643890216,0.0050332397,0,1.999996,2,1764831805,0.027054556233154798,0.02805656024117083,0.027054556233154798,0.027054556233154798,0.03967796800660155,-0.0645985217921794,0.027054556233154798,-0.062067960890061606,0.0,,0.027054556233154798,0.03523212853407612,0.027054556233154798,-0.05962444058935555,-0.06102444058935555,,1,0.07268341763133024,-0.0034466062470905204,0.027054556233154798,0.02179662275407703,100.0,1889216.0,1889216.0,0.43066651530093286,159.01586857936505,-2497510.0,,0.691358024691358,81.0
0xaab7eb316f48896443d1b12d000b04d9fc8caa3d,0.024099845873747278,0.005030409,0,24.13279,3,1764817935,0.09567994093765961,0.09668194494567564,0.09567994093765961,0.09567994093765961,0.18477592261026113,0.08811719822256428,0.09567994093765961,0.04533301899399843,0.0,,0.09567994093765961,0.08949262356638298,0.09567994093765961,0.10932697149430466,0.07686029862263415,,2,0.07268341763133024,-0.0005037086450746672,0.09567994093765961,0.04114751570202238,5.53429,27787520.0,27787520.0,6.354547234118846,11.230253556962024,23414664.0,0.0,0.3316062176165803,186.0
0x4a1e3e68c188d68f5bd7ac9692d836af0c8086d3,0.024099489589462855,0.0050271614,0,12914.794679999999,28,1764826877,-0.023624971342316954,-0.024626975350332984,-0.023624971342316954,-0.023624971342316954,-0.11302238721473107,0.0,-0.023624971342316954,0.0,0.0,,-0.023624971342316954,0.0,-0.023624971342316954,,,-0.05184923193904093,0,0.07268341763133024,,-0.023624971342316954,0.008618096052188827,216.033333,38282882.0,38282882.0,8.736797542926443,733.7246168382353,33901084.0,,0.49680715197956576,745.0
0xf9815aa0b54cee549988bf002c55a14d00b337a8,0.024098421227196416,0.005017423,0,1333.333333,2,1764866003,-0.002004007643286532,-0.003006011651302565,-0.002004007643286532,-0.002004007643286532,-0.00425114244592363,0.0,-0.002004007643286532,0.0,0.0,,-0.002004007643286532,0.0,-0.002004007643286532,,,-0.016099996986799675,0,0.07268341763133024,,-0.002004007643286532,0.3155641269859408,6.55,3103278.0,3103278.0,0.7019523520422427,9.356702307692307,-1317646.0,,0.0,8.0
0xb061ed522c9cadb6507e654bd6cb826481706516,0.02409823190716603,0.0050156973,0,466.27926399999996,12,1764763763,3.552138597184757e-08,4.736184796246342e-08,3.552138597184757e-08,3.552138597184757e-08,1.3777773620644857e-05,1.591025941213038,3.552138597184757e-08,0.017119314718750597,0.0,29.6601805184,0.0482298531524595,0.017959945389469916,0.09645967078353303,7.271119796573676,7.268083580736434,-0.20240000241920003,2,0.07268341763133024,0.010990354000664539,3.552138597184757e-08,0.09947297288347931,24.639998,2513120.0,2513120.0,0.5819180102086654,57.71412693129771,-1805564.0,,0.45454545454545453,33.0
0xcee062081d1d318d2fd8475f5e51682d2947f6e2,0.024097623497785867,0.0050101513,0,1.0427309999999999,2,1764828977,0.0400801881879592,0.04108219219597523,0.0400801881879592,0.0400801881879592,0.05809899337556631,-0.049631618473145296,0.0400801881879592,-0.045572378844003544,0.0,,0.0400801881879592,0.05112762671831313,0.0400801881879592,-0.043607577305079345,-0.04450756887577824,,1,0.07268341763133024,-0.002846569158518002,0.0400801881879592,0.026588508879614482,0.999999,3904540.0,3904540.0,0.8906548464403141,381.9690624948454,-479358.0,,0.7662337662337663,77.0
0xc2a37f1eb84fcc156c8aece9105dc1a73a36c3a6,0.024097181886758946,0.0050061257,0,6101.151994,14,1764642424,-0.9155322232249492,-0.9165342272329654,-0.9155322232249492,-0.9155322232249492,-2.0680705740389054,0.0,-0.9155322232249492,0.0,0.0,,-0.9155322232249492,0.0,-0.9155322232249492,,,-0.015274182054221612,0,0.07268341763133024,,-0.9155322232249492,0.15279332670693369,20.5793295,4926631.0,4926631.0,1.1737493582252592,765.6484296676537,729286.0,0.0,0.5103448275862069,128.0
0x6ce22b6a995836c09871cdc9242b094d9e15e868,0.024095264839825107,0.0049886494,0,577122.5149880004,164,1764818545,0.001560920926067017,0.001969970628946889,0.001560920926067017,0.001560920926067017,0.01569347769050877,-0.06194593842925969,0.001560920926067017,-0.06121451359592043,0.0,47.352310953248654,0.0018822777782471058,-0.021481723178363724,0.0022036346304271943,-0.05905045161833065,-0.08543495723816676,,2,0.07268341763133024,-0.0006331367299506348,0.001560920926067017,0.07284878648529294,7.8,2261306.0,2261306.0,0.5170512357933045,530.2579764545455,-2112160.0,0.0,0.41379310344827586,49.0
0x374d0ea6aee75cd719c450dbb4b484fca7c8fe3b,0.02409473725660778,0.0049838396,0,1.003,2,1764886075,0.0020040080160320098,0.003006012024048042,0.0020040080160320098,0.0020040080160320098,0.0042511429730653395,-0.08979548306573756,0.0020040080160320098,-0.09019548306573758,0.0,,0.0020040080160320098,0.0013045169342624247,0.0020040080160320098,0.0023090338685249215,-0.08919096613147506,,1,0.07268341763133024,-0.01496146225728521,0.0020040080160320098,0.5985377352925635,0.999999,42683699.0,42683699.0,9.611289674658568,11.414849222222221,38242703.0,0.0,0.5918367346938775,95.0
0xe8c244715b65c407bf8ad4ffa64f94aad9dee8f6,0.02409208990800778,0.004959703,0,1.999996,2,1764833251,0.03206497607810798,0.03306698008612401,0.03206497607810798,0.03206497607810798,0.046763771704517634,-0.06000514714728608,0.03206497607810798,-0.05609865381077491,0.0,,0.03206497607810798,0.04160151541441545,0.03206497607810798,-0.05347829865801409,-0.055047028914984135,,1,0.07268341763133024,-0.00375341446140306,0.03206497607810798,0.019571016956035567,30.0,4773650.0,4773650.0,1.0878447791016397,459.8918833423424,385478.0,,0.6373626373626373,90.0
0x533ac16ebcffe4deb3e4f0aa3304f83d73923d56,0.02409128911451675,0.0049524014,0,853.333331,4,1764832933,-0.012429112239708016,-0.01343111624772405,-0.012429112239708016,-0.012429112239708016,-0.032397792972350986,0.0,-0.012429112239708016,0.0,0.0,,-0.012429112239708016,0.0,-0.012429112239708016,,,-0.14839998631498325,0,0.07268341763133024,,-0.012429112239708016,0.2000000000000043,9.999998,1462604.0,1462604.0,0.33333014270757416,9.999997800000001,-2925250.0,,0.0,5.0
0xcf9555cef256c96a91dd4cd6c3a159c033867865,0.024089507493205622,0.004936156,0,201.45425,6,1764628794,0.0,0.0,0.0,0.0,0.0,1.0536226899946912,0.0,1.037788891561289,0.0,15.294790000000004,0.03376044369771087,1.0589195295216953,0.06752088739542174,4.816493763101957,4.8131708530163,,2,0.07268341763133024,0.03962769693119646,0.0,0.0,0.0,35389412.0,35389412.0,8.458848654843841,0.0,31205697.0,0.0,,0.0
0x417463d044746c950311adfdfc9ee13674ab04a2,0.02408815896583388,0.0049238587,0,101.47998000000001,7,1764786807,-0.009463371186818085,-0.010020040080160327,-0.009463371186818085,-0.009463371186818085,-0.024190516657045056,0.7881111113155557,-0.009463371186818085,-0.0033333333333333487,0.0,10.11499,0.013059429971053202,-0.0031444443878666773,0.03558223112892449,7.100899999199287,7.097999999199287,-0.21880000000000066,2,0.07268341763133024,0.006100942872989462,-0.009463371186818085,0.3982973830790799,3.22,2964226.0,2964226.0,0.6827295491564649,83.80056882733813,-1377502.0,,0.37735849056603776,53.0
0x26521c56b1b08b03c734751f133409d0654f1b08,0.024086729274289738,0.0049108206,0,120.15984,6,1764914433,0.0,0.0,0.0,0.0,0.0,-0.04669849624123027,0.0,-0.04620075187938487,0.0,0.04008000000000449,0.00012525050100201798,-0.0004007518658575921,0.00025050100200403597,0.0008530075175394068,-0.09089699248246061,,1,0.07268341763133024,-0.020978382963699454,0.0,0.0,0.0,608798.0,608798.0,0.13621610639926934,0.0,-3860556.0,,,0.0
0xfbfe4f4aac1d8a86db52fabd81f491338e8dfe35,0.024085993908201847,0.004904114,0,1.1224,2,1764834659,0.01903807615230462,0.02004008016032065,0.01903807615230462,0.01903807615230462,0.02834095315376945,-0.07320775092820919,0.01903807615230462,-0.07144617775312252,0.0,,0.01903807615230462,0.01825382224687747,0.01903807615230462,-0.06698479870631163,-0.07041540985051835,,1,0.07268341763133024,-0.004052159942559391,0.01903807615230462,0.46077336482684284,1.744999,13892393.0,13892393.0,3.1648570022644535,1.7749713750000002,9502813.0,0.0,0.0,6.0
0x1fb7edff692ec67771acde43aa8c3bbc7e5552a8,0.0240856732582716,0.00490119,0,282.41022,3,1764847681,-0.0006680026720106885,-0.0010020040080160328,-0.0006680026720106885,-0.0006680026720106885,-0.0017355218512714213,-0.030299999650175217,-0.0006680026720106885,-0.03011813876974648,0.0,0.0,-0.0006680026720106885,0.00031519456358685446,-0.0006680026720106885,-0.001790966131474999,-0.089490966131475,-0.016100000000000024,1,0.07268341763133024,-0.006815131288878818,-0.0006680026720106885,0.5492220775120706,100.10424,4176042.0,4176042.0,0.9485395227640382,99.22491792000001,-226560.0,,0.4,5.0
0xd5ece8e58bce60807cdb5f72464b423c0de57b2e,0.02408539463320178,0.0048986487,0,26146.92431,16,1764833301,0.018982407799817597,0.01991976588163805,0.018982407799817597,0.018982407799817597,0.0635178624304683,-0.07087184856960667,0.018982407799817597,-0.06695140857300301,0.0,18.000000000000014,0.01912786113375765,0.020429815920569423,0.019273314467697703,-0.06508880656190107,-0.06681666747616156,,1,0.07268341763133024,-0.0037640233208191226,0.018982407799817597,0.024299184168206284,105.5025,22379906.0,22379906.0,5.099994029472529,488.9452691999124,17991684.0,0.0,0.636986301369863,131.0
0xdf70a83666a8a196e854eda69083d3974c4e7350,0.024085201736836686,0.0048968894,0,32.722396,4,1764829629,-4.286397895932743e-06,8.183223582552154e-06,-4.286397895932743e-06,-4.286397895932743e-06,0.0004149612091268688,-0.03630528128700187,-4.286397895932743e-06,-0.034639938366349744,0.0,-0.09239925657845363,-0.0013814950241903732,0.01302860139698995,-0.0027587036504848135,-0.06545294451743715,-0.06925294451743716,,1,0.07268341763133024,-0.002984908685303462,-4.286397895932743e-06,0.061902056510451955,5.1499995,567280.0,567280.0,0.1293815784972232,8.541721681818181,-3817270.0,0.0,0.24489795918367346,49.0
0x9d4dbdead56a197594a7eb296689ea99bd130494,0.024083607259475785,0.004882347,0,2848.599996,2,1764834929,0.004008016434557689,0.005010020442573721,0.004008016434557689,0.004008016434557689,0.007085238857654212,-0.09119999955511097,0.004008016434557689,-0.08847735748999476,0.0,,0.004008016434557689,0.0012226418966717007,0.004008016434557689,-0.08403919980852737,-0.08746981033940054,,1,0.07268341763133024,-0.004109447783406131,0.004008016434557689,0.12619180571031857,173.6,5421140.0,5421140.0,1.2349260225292435,612.9709972571428,1031290.0,,0.25,12.0
0x2d9ad4d1cc6a2f9f786fdb3fd1525328ad747991,0.024082807966244017,0.0048750564,0,2391.2,8,1764724093,-0.11964469479499536,-0.1206466988030114,-0.11964469479499536,-0.11964469479499536,-0.57460400356777,0.0,-0.11964469479499536,0.0,0.0,,-0.11964469479499536,0.0,-0.11964469479499536,,,-0.6397656428095052,0,0.07268341763133024,,-0.11964469479499536,0.024847789137478142,31.5711,2151438.0,2151438.0,0.5027882591643776,196.28365217710436,-2127576.0,,0.6234177215189873,302.0
0x89c83bb954a2c3e2c268b6347d9b12d901eed61a,0.024082793263085062,0.0048749223,0,1000.0,2,1765016169,0.0,-0.0010020040080160326,0.0,0.0,-0.0014170476576884727,0.0,0.0,0.0,1.0,,0.0,0.0,0.0,,,0.0,0,0.07268341763133024,,0.0,0.14672371722643066,0.999999,1215452.0,1215452.0,0.26589981820528585,1.5049990384615386,-3355638.0,,0.0,26.0
0x36fdc886f589c6b62e7f200fa94fc619edbfb70c,0.02408271693953606,0.004874226,0,94.42220400000005,25,1764446935,8.506523561740828e-06,8.680126083409013e-06,8.506523561740828e-06,8.506523561740828e-06,0.0013189026594605327,-0.0013385174915087868,8.506523561740828e-06,0.017933957907390233,0.0,0.013274022222221928,0.00019252513491650815,0.017838326519535683,0.0003765437462712754,0.3653317526720287,0.3642174653244858,,2,0.07268341763133024,0.07821402822211217,8.506523561740828e-06,0.0,0.0,775738.0,775738.0,0.19384455612595755,0.0,-3226118.0,0.0,,0.0
0x1a020c03424f7d2f1617bdcce2d5754aba1084ff,0.024079834685751297,0.004847935,0,2.958666,2,1764854807,0.002004008693367007,0.0030060127013830395,0.002004008693367007,0.002004008693367007,0.004251143930961679,-0.09179999925336835,0.002004008693367007,-0.09210451618865245,0.0,,0.002004008693367007,-0.0007045160534563993,0.002004008693367007,-9.096538280011944e-05,-0.08909096538280012,,1,0.07268341763133024,-0.008327105932856104,0.002004008693367007,0.4590745660677562,4.544999499999999,1638640.0,1638640.0,0.3715966154828597,6.959131333333333,-2771088.0,,0.0,3.0
0x0b9168da5620dfab028b53c753a3be88d585ae77,0.02407983243970527,0.0048479144,0,4447.779301999999,12,1764815561,-0.0005133485167749497,-0.0016982958449697513,-0.0005133485167749497,-0.0005133485167749497,-0.00583386534547493,0.604679581976004,-0.0005133485167749497,0.6042512620768945,0.0,124.62751563428571,0.018006629834957363,0.6049413615717742,0.03652660818668967,7.153566663695266,7.1470999971002,0.12709999999999988,1,0.07268341763133024,0.0,-0.0005133485167749497,0.0,0.0,4270258.0,4270258.0,0.9770679755688274,0.0,-100224.0,,,0.0
0xf8be921a7922a4d22280cc6fdf8eefeff6ddc8d1,0.024079590633626847,0.0048457086,0,9191.063577,36,1764691974,-0.00342857821071194,-0.003714865295954393,-0.00342857821071194,-0.00342857821071194,-0.014567038134178976,-0.029828481014117857,-0.00342857821071194,0.0151044315488497,0.11305712124189624,1521.361270491667,0.07823644386723276,0.018562233171801806,0.15990146594517746,7.396696202991702,7.385527238933767,0.1478499999999999,2,0.07268341763133024,0.026222342173059354,-0.00342857821071194,0.0,0.0,6444884.0,6444884.0,1.5175519997551152,0.0,2197989.0,0.0,,0.0
0xe88bf2f3a827a110eada37c59419b109bc07f99f,0.024077384166858718,0.0048255795,0,9030.207999999999,6,1764821857,0.00541082164328659,-0.0012024048096192252,0.00541082164328659,0.00541082164328659,-0.0026561831652507977,0.0,0.00541082164328659,0.0,1.0,44.44000000000003,0.00691382765531064,0.0,0.00841683366733469,,,0.2697000000000009,1,0.07268341763133024,-0.0033999272656598436,0.00541082164328659,0.11523811432697574,99.999999,5262852.0,5262852.0,1.2024489247569787,227.3093383362832,886074.0,,0.5357142857142857,28.0
0x8976c51e9f63d8b969f69225229ef6d4bd5a56a7,0.02407622565552211,0.00481501,0,800.0,4,1764895821,0.0,0.0,0.0,0.0,0.0,0.0,0.0,0.0,0.0,-0.40000000000000036,-0.00012525050100200408,0.0,-0.00025050100200400816,,,-0.03220000000000003,1,0.07268341763133024,-0.017417201034915453,0.0,0.5918366997084531,3.4999995,3013790.0,3013790.0,0.6771432718409649,3.4999995,-1436952.0,,0.0,2.0
0xc31a1cd1e8310c829cdaffb1e01a9c0e7837174e,0.02407587364176636,0.004811798,0,210.24048600000003,5,1764782027,5.3713628238549133e-05,5.5569114228967786e-05,5.3713628238549133e-05,5.3713628238549133e-05,0.006833109485822144,3.3383862943939864,5.3713628238549133e-05,-0.23530002273617506,0.0,57.88204596801157,0.10156996898799782,-0.2350141954019025,0.20308622434775708,6.783610377547248,6.781110402221266,,1,0.07268341763133024,0.007115149833165077,5.3713628238549133e-05,0.02357089331235748,72.7824,30749591.0,30749591.0,7.090145189658719,115.63713021681417,26412643.0,,0.4224137931034483,116.0
0x46fc4ee6214cc93590bc953d6b3ae439a7f67766,0.02407061353023627,0.004763801,0,77.14036800000002,8,1764818269,-5.45278103342096e-06,6.058653450428681e-07,-5.45278103342096e-06,-5.45278103342096e-06,3.484480485425367e-05,-0.04409529509517844,-5.45278103342096e-06,-0.04454226139056868,0.0,-0.07807825801547574,-0.000897458655151332,-0.04286986001961467,-0.001789464529269243,-0.08332422038118455,-0.08666484538118457,,1,0.07268341763133024,-0.0005745758259739675,-5.45278103342096e-06,0.02759271036308338,3.9936,673078.0,673078.0,0.15391007479665872,5.45492982559775,-3700112.0,0.0,0.16161616161616163,99.0
0x7cbbef376c6b2fa8520e867af6b1445cccae7cdb,0.024070210620880238,0.0047601243,0,948.65625,5,1764831791,-0.03068504832572541,-0.031687052333741444,-0.03068504832572541,-0.03068504832572541,-0.061503841751924096,0.0,-0.03068504832572541,0.0,0.0,,-0.03068504832572541,0.0,-0.03068504832572541,,,-0.24005179365549914,0,0.07268341763133024,,-0.03068504832572541,0.49954186290961844,99.999999,34015250.0,34015250.0,7.754156188051552,416.7359962790697,29628538.0,,0.15,20.0
0xfeeebcf1bc01c2c3b676f876cbad907ddc1fa4a9,0.02407000074934937,0.004758209,0,31615.29119,5,1764818629,0.0009550352230310328,0.001205536635715812,0.0009550352230310328,0.0009550352230310328,0.003841719719998269,0.010247586307262316,0.0009550352230310328,0.012262318231996736,0.0,1709.9999967199983,0.012333261291241971,0.013732633417876068,0.023711487359452908,0.014442660451221834,0.014949125092668915,,1,0.07268341763133024,-0.0006509596137696205,0.0009550352230310328,0.026761384743583902,58.0,2543550.0,2543550.0,0.5815756079157663,255.72094167239266,-1830000.0,,0.5707547169811321,211.0
0x862a143e6772eb8485a0f74982108aae8762b41e,0.02406918587486316,0.0047507724,0,1.999996,2,1764833273,0.03206497607810798,0.03306698008612401,0.03206497607810798,0.03206497607810798,0.046763771704517634,-0.06000515345703551,0.03206497607810798,-0.05609865381077491,0.0,,0.03206497607810798,0.04010151541441542,0.03206497607810798,-0.05347829865801409,-0.055047028914984135,,1,0.07268341763133024,-0.0037580823595461275,0.03206497607810798,0.0195711541034608,15.0,4756526.0,4756526.0,1.0839370365120593,455.6071321875,368332.0,,0.6847826086956522,90.0
0xb779436770333f8d584dd8a61fba3910c324ab22,0.024066769524564,0.004728719,0,166.5,3,1764783459,0.0,0.0,0.0,0.0,0.0,3.5335000024414973,0.0,-0.051199997701119895,0.0,132.3,0.11047094188376749,-0.05094999770111991,0.22094188376753499,7.0682,7.0656,,1,0.07268341763133024,0.006811312099489035,0.0,0.0,0.0,36457799.0,36457799.0,8.403551325610021,0.0,32119419.0,0.0,,0.0
0x578acbccadba1bf4ef8ca58870116ec5d6448cf0,0.024064964061911182,0.00471224,0,472.279996,2,1764836071,0.0030060145260114414,0.0040080185340274745,0.0030060145260114414,0.0030060145260114414,0.0056681941690643846,-0.09129999723828762,0.0030060145260114414,-0.09049396408785365,0.0,,0.0030060145260114414,-0.0003939640878536446,0.0030060145260114414,-0.0849819068050398,-0.0884819068050398,,1,0.07268341763133024,-0.004351754132469008,0.0030060145260114414,0.2838790117986743,99.999999,4480476.0,4480476.0,1.0203789940860744,115.58332966666666,89484.0,,0.6,5.0
0x8e95f29cf88f1fc9a1bf0206d404dfdacbadef2a,0.02406453670662183,0.004708339,0,1.999996,2,1764834269,0.020040640290379556,0.021042644298395585,0.020040640290379556,0.020040640290379556,0.029758792954983918,-0.07507493905748677,0.020040640290379556,-0.06925239685481228,0.0,,0.020040640290379556,0.018747603145187714,0.020040640290379556,-0.06582178571060557,-0.06925239685481228,,1,0.07268341763133024,-0.003969410839114101,0.020040640290379556,0.019370419179940004,54.5,4492732.0,4492732.0,1.0235902296323467,511.86955600000005,103542.0,,0.6526315789473685,95.0
0x405f71d7e55e1898bb1ba1b8df26143e5e4a14b0,0.02406287209646767,0.004693144,0,679.5992520000004,52,1764835739,-2.7138223205155474e-09,5.428393852019126e-09,-2.7138223205155474e-09,-2.7138223205155474e-09,3.2983397780691377e-06,-0.03428035080773825,-2.7138223205155474e-09,-0.04539937302973524,0.0,-0.015487205120545475,-0.00010246764231543942,5.3682907653440714e-05,-0.00020493257080855833,-0.014200293992463755,-0.08973559263282004,,2,0.07268341763133024,-0.00428131130594635,-2.7138223205155474e-09,0.0,0.0,654684.0,654684.0,0.14910833451007366,0.0,-3735976.0,,,0.0
0x8bf2e3a5bce7436463dc6d0b6983838148993981,0.024061061206125587,0.0046766126,0,500.0,2,1764856913,-0.0010020040080160326,-0.0020040080160320653,-0.0010020040080160326,-0.0010020040080160326,-0.002834095315376946,0.0,-0.0010020040080160326,0.0,1.0,,-0.0010020040080160326,0.0,-0.0010020040080160326,,,-0.007400000000000006,0,0.07268341763133024,,-0.0010020040080160326,0.27282169454137717,5.200741,3341430.0,3341430.0,0.7573789041020129,10.947729384615384,-1070404.0,,0.1,10.0
0xdb962a2671a0ca37bb6e278e9b2ed441c555934f,0.024058409357029503,0.004652402,0,41.120000000000005,4,1764831501,0.0006680026720106512,0.0010020040080159956,0.0006680026720106512,0.0006680026720106512,0.0017355218512713569,-0.030400681573735263,0.0006680026720106512,-0.030065161021912545,0.0,-1.0000000000000009,-0.00141950567802275,-0.00013182768857920908,-0.0035070140280561513,-0.08549096613147503,-0.08919096613147502,-0.21060000000000018,1,0.07268341763133024,-0.004634374147312924,0.0006680026720106512,0.042949517931130395,1.2,867976.0,867976.0,0.19787790595615287,3.1095484540816325,-3518446.0,,0.4230769230769231,43.0
0x07db1e6a8b222d08655ae3f8e5eeb9df3675feb9,0.024058408642998668,0.0046523954,0,1.0351759999999999,2,1764833185,0.033066147751812595,0.03406815175982863,0.033066147751812595,0.033066147751812595,0.04817964226373447,-0.05675908727968094,0.033066147751812595,-0.05384250384411977,0.0,,0.033066147751812595,0.04435749924714204,0.033066147751812595,-0.05227377358714973,-0.05384250384411977,,1,0.07268341763133024,-0.0037394107669738567,0.033066147751812595,0.028851382691068385,37.5,4914313.0,4914313.0,1.1199166565256171,408.97618263492063,526207.0,,0.6979166666666666,96.0
0xf03fb24e507ffb469f0c2967a2bcb614e379fd1b,0.024057234396252656,0.004641674,0,1000.0,2,1764931397,-0.0020040080160320653,-0.003006012024048098,-0.0020040080160320653,-0.0020040080160320653,-0.0042511429730654185,0.0,-0.0020040080160320653,0.0,0.0,,-0.0020040080160320653,0.0,-0.0020040080160320653,,,-0.016100000000000014,0,0.07268341763133024,,-0.0020040080160320653,0.5553380479111042,3.0,114902273.0,114902273.0,25.6117094240756,7.093333,110415955.0,0.0,0.25,3.0
0x54b7db855206df0c7cc2820484bba4ec25fceb22,0.02405656263637802,0.0046355403,0,16513.335729,156,1764663672,0.0015347865508139936,0.0015896003562002076,0.0015347865508139936,0.0015347865508139936,0.006796380795219858,0.9150502336822358,0.0015347865508139936,0.17888944710625398,0.0,25.060951807392406,0.029044839127024043,0.18953933213823002,0.05655489170323409,5.979495430928164,5.9770734157845755,-1.0272368734917607,3,0.07268341763133024,0.03198762073412458,0.0015347865508139936,0.05152117212310316,31.91174,33694757.0,33694757.0,7.987202605228805,48.092879140625,29476164.0,0.0,0.65625,32.0
0x05dd60fc2e11f69a3fa30b19273891cd501ce2af,0.024055676249376608,0.0046274466,0,25370.55374,22,1764835433,0.002587959661514141,0.0035899636695301746,0.002587959661514141,0.002587959661514141,0.013129709958739957,-0.09266055828591449,0.002587959661514141,-0.08879893929375927,0.0,,0.002587959661514141,0.0009457651524390115,0.002587959661514141,-0.08458342709237841,-0.08819706135718579,,1,0.07268341763133024,-0.004216385086320045,0.002587959661514141,0.0,0.0,946484.0,946484.0,0.2155826158892882,0.0,-3443870.0,,,0.0
0xa5b3167da9a68e6eef8f78232e7e6b29c2460476,0.024054137323438186,0.004613394,0,344.827586,2,1764831439,-0.02805611087324653,-0.029058114881262566,-0.02805611087324653,-0.02805611087324653,-0.04109438016207698,0.0,-0.02805611087324653,0.0,0.0,,-0.02805611087324653,0.0,-0.02805611087324653,,,-0.21869998907715038,0,0.07268341763133024,,-0.02805611087324653,0.06967658477509892,99.999999,3837700.0,3837700.0,0.8749167874957824,302.396959003367,-548660.0,,0.5,172.0
0x0035dd7c67948e65403211b46980546f159c464b,0.024052810664610354,0.004601279,0,1.999996,2,1764834211,0.020040640290379556,0.021042644298395585,0.020040640290379556,0.020040640290379556,0.029758792954983918,-0.07204954045392989,0.020040640290379556,-0.0702847453623761,0.0,,0.020040640290379556,0.0192152546376239,0.020040640290379556,-0.06755239685481228,-0.06925239685481228,,1,0.07268341763133024,-0.003957104562191468,0.020040640290379556,0.022527924479473906,0.999999,4560162.0,4560162.0,1.0389667023001359,543.3365285865384,171030.0,,0.7419354838709677,93.0
0x38455e2ff26a46fbb30cf2307cab428620e76bd9,0.024052810664610354,0.004601279,0,1.999996,2,1764833669,0.01703416259737404,0.018036166605390074,0.01703416259737404,0.01703416259737404,0.025506991426563354,-0.07756844572999311,0.01703416259737404,-0.07375796299220044,0.0,,0.01703416259737404,0.015244581019196743,0.01703416259737404,-0.07116161206619653,-0.07273034232316658,,1,0.07268341763133024,-0.003842104526121346,0.01703416259737404,0.019845447259668875,2.5,4678665.0,4678665.0,1.0660975393007777,547.1829161544715,290075.0,,0.7244897959183674,98.0
0x5a2de7e9df848b7d38c99a61f6c806986f2e9f67,0.024052810664610354,0.004601279,0,1.999996,2,1764834283,0.020040640290379556,0.021042644298395585,0.020040640290379556,0.020040640290379556,0.029758792954983918,-0.07411413322331667,0.020040640290379556,-0.06925239685481228,0.0,,0.020040640290379556,0.018672064935443284,0.020040640290379556,-0.06582178571060557,-0.06925239685481228,,1,0.07268341763133024,-0.003972381319750598,0.020040640290379556,0.022299576277874093,5.0,4410996.0,4410996.0,1.0049649093548625,553.1827864731183,21792.0,,0.6626506024096386,83.0
0x70b9f6301a533f0681c5e8b614510d70a6ce197d,0.024052324932680707,0.004596843,0,327.72839899999985,50,1764623442,0.001416741702662229,0.0014583035597783261,0.001416741702662229,0.001416741702662229,0.0199482451053651,1.287022963597067,0.001416741702662229,-0.015491831760838154,0.0,7.1863454041121555,0.09678533294127105,-0.00916001824747504,0.19215392417987986,5.8253317971000795,5.821659068386356,,4,0.07268341763133024,0.04076326924309183,0.001416741702662229,0.04357243472430658,0.999999,2508339.0,2508339.0,0.600316200387568,1.5110464431330475,-1670024.0,,0.26,50.0
0x999b97fae1e7f5a4d2ebbc93700551858ac4ad3d,0.024052116895897566,0.004594943,0,1000.0,2,1764868839,-0.0010020040080160326,-0.0020040080160320653,-0.0010020040080160326,-0.0010020040080160326,-0.0028340953153769455,0.0,-0.0010020040080160326,0.0,1.0,,-0.0010020040080160326,0.0,-0.0010020040080160326,,,-0.008000000000000007,0,0.07268341763133024,,-0.0010020040080160326,0.28000006400008637,0.9999994999999999,5010237.0,5010237.0,1.132574325912798,1.2499995,586477.0,,0.0,4.0
0x40338352c7e2a0144c019bfbd465e4f4faf047c3,0.024052116895897566,0.004594943,0,1000.0,2,1764868053,-0.0010020040080160326,-0.0020040080160320653,-0.0010020040080160326,-0.0010020040080160326,-0.0028340953153769455,0.0,-0.0010020040080160326,0.0,1.0,,-0.0010020040080160326,0.0,-0.0010020040080160326,,,-0.008000000000000007,0,0.07268341763133024,,-0.0010020040080160326,0.28000006400008637,0.9999994999999999,5106622.0,5106622.0,1.154567492370518,1.2499995,683648.0,,0.0,4.0
0xb2f5e998b49e5ca04ef864d465e14dbfe47d67ab,0.024052116895897566,0.004594943,0,1000.0,2,1764869135,-0.0010020040080160326,-0.0020040080160320653,-0.0010020040080160326,-0.0010020040080160326,-0.0028340953153769455,0.0,-0.0010020040080160326,0.0,1.0,,-0.0010020040080160326,0.0,-0.0010020040080160326,,,-0.008100000000000007,0,0.07268341763133024,,-0.0010020040080160326,0.36000006400005125,2.0,5009739.0,5009739.0,1.1323859824559184,1.6666663333333334,585683.0,,0.0,3.0
0xe92ea47ee860319a5eb168336a38b1158418b0a8,0.024052116895897566,0.004594943,0,1000.0,2,1764867213,-0.0010020040080160326,-0.0020040080160320653,-0.0010020040080160326,-0.0010020040080160326,-0.0028340953153769455,0.0,-0.0010020040080160326,0.0,1.0,,-0.0010020040080160326,0.0,-0.0010020040080160326,,,-0.008100000000000895,0,0.07268341763133024,,-0.0010020040080160326,0.28000003200004164,1.0,5105792.0,5105792.0,1.1545991143642413,1.24999975,683658.0,,0.0,4.0
0xc4fc25edb11fae85dbe4d489870bec3e78c62e39,0.024051567697420242,0.0045899274,0,1009.99,4,1765134641,0.0,-0.0010020040080160326,0.0,0.0,-0.0015134691035350305,0.0,0.0,0.0,1.0,,0.0,0.0,0.0,,,0.0,0,0.07268341763133024,,0.0,0.046467109168207635,1.0,1187302.0,1187302.0,0.2531797212618151,3.3665513636363635,-3502260.0,0.0,0.13063063063063063,222.0
0x5538dc3ad8a0207d18e31a23ae37df7666a96c08,0.024048869200189796,0.0045652813,0,293.111353,2,1764858593,0.0020040046214109724,0.0030060086294270046,0.0020040046214109724,0.0020040046214109724,0.0042511273404617295,-0.09250000374191764,0.0020040046214109724,-0.0918090456102034,0.0,,0.0020040046214109724,-0.0020090376002325945,0.0020040046214109724,-0.0013909663412412661,-0.0877909779106422,,1,0.07268341763133024,-0.009130408767840388,0.0020040046214109724,0.05754370025789911,131.089959,2891673.0,2891673.0,0.6551860943456846,184.4839167111111,-1521841.0,,0.8,30.0
0x3747545c477a583976fedcb366b5c5ed650af2a6,0.024048779318246196,0.0045644604,0,20.0,2,1764869431,0.0,-0.0010020040080160326,0.0,0.0,-0.0014170476576884727,0.0,0.0,0.0,1.0,,0.0,0.0,0.0,,,0.0,0,0.07268341763133024,,0.0,0.28889436693428944,1.55,2991888.0,2991888.0,0.67623190921518,24.19290337254902,-1432464.0,,0.2631578947368421,19.0
0x677088354d74e3aaa0fd9af5ff04bbf1e410474e,0.024048503301665403,0.0045619393,0,399.20000000000005,4,1764846915,0.0,0.0,0.0,0.0,0.0,-0.04499774153286875,0.0,-0.045197741532868756,0.0,0.20000000000001128,0.00025050100200402204,0.0004522584671312484,0.0005010020040080441,-0.07679096613147501,-0.08939096613147501,,1,0.07268341763133024,-0.006652603562624733,0.0,0.18872043266386818,6.999999,780704.0,780704.0,0.1773587203157955,12.330352434782608,-3621132.0,,0.3333333333333333,15.0
0xf4540b2d0b4506d6dbd5b63a5ee084decacde5a9,0.02404758763598321,0.0045535755,0,5.999997,6,1764924371,-0.0020040065160320964,-0.0030060105240481295,-0.0020040065160320964,-0.0020040065160320964,-0.0073631919453541785,0.0,-0.0020040065160320964,0.0,0.0,,-0.0020040065160320964,0.0,-0.0020040065160320964,,,-0.01609998787430027,0,0.07268341763133024,,-0.0020040065160320964,0.19723185996338505,1.0,2046806.0,2046806.0,0.4569485534767548,1.888888333333333,-2432486.0,,0.0,9.0
0x60b52529a40f1089e8f92101bd53be5ae90c0f8c,0.024047437857705387,0.0045522074,0,1000.0,2,1765053995,0.0,-0.0010020040080160326,0.0,0.0,-0.0014170476576884727,0.0,0.0,0.0,1.0,,0.0,0.0,0.0,,,0.0,0,0.07268341763133024,,0.0,0.0,0.0,1282406.0,1282406.0,0.27824460241844284,0.0,-3326510.0,,,0.0
0x1d9356117360e67e3bb1a27fdb6402192a6e1caf,0.024043183474266972,0.0045133433,0,1898.649225,15,1764825505,1.9191919381490912e-22,-3.4573088390002858e-09,1.9191919381490912e-22,1.9191919381490912e-22,-2.6321995796776287e-06,0.0,1.9191919381490912e-22,0.0,0.966140602346137,-0.5144264174999913,-0.00013342318081308813,0.0,-0.00026684636162617627,,,-0.007699999999352525,1,0.07268341763133024,-0.002181605850319178,1.9191919381490912e-22,0.05335063552071446,6.569675,741830.0,741830.0,0.16935110877343892,9.957568771551724,-3638596.0,0.0,0.17391304347826086,112.0
0x81d9e688f5bb6b7a3cd1b6741316a94fe8305931,0.024043161200072077,0.00451314,0,1.999996,2,1764833687,0.01703416259737404,0.018036166605390074,0.01703416259737404,0.01703416259737404,0.025506991426563354,-0.07551416643086326,0.01703416259737404,-0.07375796299220044,0.0,,0.01703416259737404,0.015244581019196743,0.01703416259737404,-0.07116161206619653,-0.07273034232316658,,1,0.07268341763133024,-0.0038459237155111284,0.01703416259737404,0.019041708073917116,9.25,4668535.0,4668535.0,1.0637849176777694,513.2646986838236,279927.0,,0.6732673267326733,101.0
0xcc2570c71acae072e1ae0ff682b4b56c33c00343,0.024042630346211364,0.00450829,0,35007.69382799999,73,1764818037,6.456342280495804e-06,9.684513420743705e-06,6.456342280495804e-06,6.456342280495804e-06,0.00017062169788690636,-0.00022954253392002327,6.456342280495804e-06,-0.00021998896715303808,0.0,-733.0596959555,-0.007944382527044226,-0.000215659203978025,-0.015895221396368946,-0.07976329258855248,-0.07926329258855248,-0.616500002351854,1,0.07268341763133024,-0.0007426201591244041,6.456342280495804e-06,0.170699628859466,46.41354,3522570.0,3522570.0,0.8055348347731672,182.87843133644853,-850388.0,,0.8571428571428571,51.0
0x275761b22149e8627603487848edb6537c4fbe80,0.024042439516853677,0.0045065465,0,2500.0,2,1764957301,-0.0010020040080160326,-0.0020040080160320653,-0.0010020040080160326,-0.0010020040080160326,-0.0028340953153769455,0.0,-0.0010020040080160326,0.0,1.0,,-0.0010020040080160326,0.0,-0.0010020040080160326,,,-0.007700000000000007,0,0.07268341763133024,,-0.0010020040080160326,0.3306244436593432,2.204064,5266626.0,5266626.0,1.167191241920278,10.399171416666666,754404.0,,0.5555555555555556,9.0
0xaa77bf5349521fe2a9f5ea28302ed9b04c7edad6,0.0240417242257259,0.0045000114,0,1609.009998,4,1764831765,-3.921338970900309e-08,-4.313472876251839e-08,-3.921338970900309e-08,-3.921338970900309e-08,-3.776636889003807e-05,0.0,-3.921338970900309e-08,0.0,0.0,-45.281699046002544,-0.003757549262612572,0.0,-0.007515059311835435,,,-0.251199994880462,1,0.07268341763133024,-0.004245665538308379,-3.921338970900309e-08,0.20025812917815672,99.999999,3454928.0,3454928.0,0.7875940972296627,217.44083435294118,-931758.0,,0.2222222222222222,9.0
0xc126c5f58d2d96820a31dde627e2bd676f9ce798,0.024041552414196563,0.0044984417,0,144.20000000000002,4,1764858507,0.0,0.0,0.0,0.0,0.0,-0.04735150187718999,0.0,-0.04700300775938042,0.0,0.0,0.0,-0.0021030037544879287,0.0,-0.004099999001832106,-0.09000000801000085,,1,0.07268341763133024,-0.009112161529644761,0.0,0.19002649456305973,2.8484,858424.0,858424.0,0.1945027765265458,21.027279142857143,-3555004.0,,0.13333333333333333,15.0
0x9e29735fe4d5420f1194c4cf66cc16e5f8fd20c7,0.024039422529777404,0.0044789813,0,500.0,2,1764872209,-0.0010020040080160326,-0.0020040080160320653,-0.0010020040080160326,-0.0010020040080160326,-0.002834095315376946,0.0,-0.0010020040080160326,0.0,1.0,,-0.0010020040080160326,0.0,-0.0010020040080160326,,,-0.008000000000000007,0,0.07268341763133024,,-0.0010020040080160326,0.07065681259456119,9.999999,1066712.0,1066712.0,0.24094887658595976,11.367126545454546,-3360418.0,,0.14285714285714285,21.0
0x4f3c4ab85351c88acc8dbcffcc816cdda592f736,0.02403781918578539,0.0044643306,0,2460.0,2,1764874059,-0.0010020040080160326,-0.0020040080160320653,-0.0010020040080160326,-0.0010020040080160326,-0.002834095315376946,0.0,-0.0010020040080160326,0.0,1.0,,-0.0010020040080160326,0.0,-0.0010020040080160326,,,-0.008100000000000019,0,0.07268341763133024,,-0.0010020040080160326,0.05351482380991323,0.999999,1112130.0,1112130.0,0.25110296275891963,2.1742542689732147,-3316850.0,0.0,0.2982456140350877,57.0
0x039dec08d163eee83707b3d1e0acdfb90e49a1bc,0.02403781918578539,0.0044643306,0,1000.0,2,1764871469,-0.0010020040080160326,-0.0020040080160320653,-0.0010020040080160326,-0.0010020040080160326,-0.0028340953153769455,0.0,-0.0010020040080160326,0.0,1.0,,-0.0010020040080160326,0.0,-0.0010020040080160326,,,-0.008000000000000007,0,0.07268341763133024,,-0.0010020040080160326,0.08209386329892007,9.999999,1101612.0,1101612.0,0.24887368713556646,21.519298833333337,-3324778.0,,0.2916666666666667,24.0
0x6de3960a8dcff15aa6d76aa204e2cf0309661b22,0.024037797120276032,0.004464129,0,333.33333300000004,3,1764933975,-0.002004006525050019,-0.0030060105330660526,-0.002004006525050019,-0.002004006525050019,-0.005123172839142839,0.0,-0.002004006525050019,0.0,0.0,,-0.002004006525050019,0.0,-0.002004006525050019,,,-0.015999999999909097,0,0.07268341763133024,,-0.002004006525050019,0.045486234988554086,1.0,1178718.0,1178718.0,0.26258527709263035,2.8397534262295085,-3310178.0,,0.01639344262295082,61.0
0x4e1ed09dd41f47bd7ba353014f382672f96bf989,0.024037173688621852,0.004458432,0,40.0,2,1764829597,-0.024048096192384783,-0.025050100200400816,-0.024048096192384783,-0.024048096192384783,-0.03542619144221182,0.0,-0.024048096192384783,0.0,0.0,,-0.024048096192384783,0.0,-0.024048096192384783,,,-0.17820002390399983,0,0.07268341763133024,,-0.024048096192384783,0.13999998800000624,1.0,1100660.0,1100660.0,0.25103329487984766,1.111111,-3283858.0,,0.0,8.0
0x6a96c6f0cdc1fe74eecc5aa093634cb2c47c7508,0.02403707156841227,0.004457499,0,2000.0,2,1765131437,0.0,-0.0010020040080160326,0.0,0.0,-0.001417047657688473,0.0,0.0,0.0,1.0,,0.0,0.0,0.0,,,0.0,0,0.07268341763133024,,0.0,0.24236807949426192,3.0,2498538.0,2498538.0,0.5331513298813279,20.280802275,-2187820.0,,0.05084745762711865,118.0
0xe46bededb9a06d23d1562bd98d1ed6e8d19b5635,0.02403682411720436,0.0044552376,0,92119.43333299998,25,1764826391,0.00021489269843050977,0.00042978539686101965,0.00021489269843050977,0.00021489269843050977,0.0012303606563176077,-0.00100027573694374,0.00021489269843050977,-0.0009706494281411432,0.0,-71.24980525000052,-0.00024042121780094774,9.706898385093903e-06,-0.0006957351340324052,0.0013030075175394628,-0.09029699248246054,0.22579999999999995,1,0.07268341763133024,-0.007595518987524406,0.00021489269843050977,0.2087903318726716,8.437888999999998,34232401.0,34232401.0,7.8132762514972685,504.4941810813008,29851089.0,,0.3333333333333333,14.0
0xca897b8235bc70ce6641d8b62b1a9f2bf253a9f6,0.024036402344997158,0.0044513834,0,500.0,2,1764862697,-0.0010020040080160326,-0.0020040080160320653,-0.0010020040080160326,-0.0010020040080160326,-0.002834095315376946,0.0,-0.0010020040080160326,0.0,1.0,,-0.0010020040080160326,0.0,-0.0010020040080160326,,,-0.007699999999999085,0,0.07268341763133024,,-0.0010020040080160326,0.06837250778211283,1.026,1160580.0,1160580.0,0.2627162421015126,1.5969914857142857,-3257038.0,0.0,0.17857142857142858,28.0
0x4440bdf6bc17e7108d6d5ec4635dafe306846342,0.024036392204616133,0.0044512907,0,1.0309,2,1764830645,0.02905811623246489,0.030060120240480923,0.02905811623246489,0.02905811623246489,0.04251142973065411,-0.061084992422173974,0.02905811623246489,-0.05969103853222548,0.0,,0.02905811623246489,0.03800896146777453,0.02905811623246489,-0.05724428990837638,-0.05864428990837639,,1,0.07268341763133024,-0.0032004807086378605,0.02905811623246489,0.019932223116524896,49.5,1975264.0,1975264.0,0.4504011568860211,146.23455827737223,-2410302.0,,0.6976744186046512,86.0
0x8e27b24398a2eff41bb0f8a59a3fab318e06e648,0.024035421295198933,0.004442418,0,130.135,7,1764570184,-0.09695186551446841,-0.09751988052538196,-0.09695186551446841,-0.09695186551446841,-0.3066191556721183,0.04915923566878985,-0.09695186551446841,-0.002815286624203779,0.0,1.2325000000000008,-0.0953786553999719,-0.0018025808160131236,-0.0938054452854754,0.023400030272242234,0.019000030272242233,-0.2431000000000002,1,0.07268341763133024,0.05206340193870541,-0.09695186551446841,0.26521379019900265,7.2,1204701.0,1204701.0,0.29204129349434743,13.351745,-2920404.0,,0.25,12.0
0x446542b2f8c391702bddc654d07224251671baaf,0.024033913541673987,0.0044286386,0,2043.175377,9,1764642432,4.39438434128784e-06,4.404070564761477e-06,4.39438434128784e-06,4.39438434128784e-06,0.002003211265099924,-0.03639117883303618,4.39438434128784e-06,0.0021226697467758232,0.0,800.9509525918955,0.11401494455799241,0.005272829575885053,0.22802549473164355,7.270185368228477,7.263999653942763,,1,0.07268341763133024,0.036734024436871134,4.39438434128784e-06,0.13871353949340698,39.999998,7486634.0,7486634.0,1.7836560327425404,43.07766544680851,3289281.0,0.0,0.5,16.0
0x79a5b3c577c544da9551eb70754b2d4de3db6a63,0.0240294187509381,0.0043875556,0,1345.2,3,1764827941,0.01580499650497515,0.016807000512991187,0.01580499650497515,0.01580499650497515,0.028817050221736546,-0.07644663675510155,0.01580499650497515,-0.07506934131259034,0.0,,0.01580499650497515,-0.0032693472861138476,0.01580499650497515,-0.07366632417496337,-0.07416631820143986,,1,0.07268341763133024,-0.002626753591417178,0.01580499650497515,0.03412773601772429,89.2,154532955.0,154532955.0,35.258457829609966,480.7569131078431,150150093.0,,0.44360902255639095,125.0
0x00e335f3c47326a4d097d564e4461954f3ddb82f,0.02402808007569966,0.0043753185,0,1.028785,2,1764831729,0.02705412769579951,0.028056131703815542,0.02705412769579951,0.02705412769579951,0.039677361963261715,-0.06459902669392296,0.02705412769579951,-0.06206846785797654,0.0,,0.02705412769579951,0.03523153603010506,0.02705412769579951,-0.05962494824599428,-0.061024948245994276,,1,0.07268341763133024,-0.0034304807807781046,0.02705412769579951,0.022552272980502046,37.76,1889208.0,1889208.0,0.4306721530096999,140.4892040143885,-2497442.0,,0.6559139784946236,88.0
0x5fe50c22621779e031322c5becb110d1fa0d8b99,0.024026668837543595,0.0043624174,0,19.59,4,1764793795,0.0,0.0,0.0,0.0,0.0,1.840525,0.0,1.837275,0.0,-0.034999999999999476,-0.0004383767535070073,1.8416000000000001,-0.0008767535070140146,7.357400022679088,7.357099999999999,-1.0470675577500437,1,0.07268341763133024,0.004618248681000509,0.0,0.0,0.0,29566874.0,29566874.0,6.798989402849025,0.0,25218158.0,0.0,,0.0
0x16788be2feae42e2ae647da7bd8ee5a0577522b8,0.024025314675058175,0.0043500373,0,16750.0,4,1765029963,0.0,-0.0010020040080160326,0.0,0.0,-0.0017990134410323147,0.0,0.0,0.0,1.0,,0.0,0.0,0.0,,,0.0,0,0.07268341763133024,,0.0,0.3038481993485782,0.662144,8748644.0,8748644.0,1.90814947553744,4.914702674698795,4163760.0,,0.4444444444444444,9.0
0xf9a07bf8d2cc8fb02cc6f66302abbfd3d70598f1,0.02402528961565508,0.004349808,0,2000.0,4,1765031595,0.0,-0.0010020040080160326,0.0,0.0,-0.0020040080160320653,0.0,0.0,0.0,1.0,,0.0,0.0,0.0,,,0.0,0,0.07268341763133024,,0.0,0.3263525952683858,1.7579445,33283961.0,33283961.0,7.256915924854508,3.252647666666667,28697445.0,0.0,0.4444444444444444,6.0
0x7d3a7ccb10dc4c2f182e4d1998ab8648e43374db,0.02402454115600815,0.0043429653,0,2.0,2,1764826517,-0.009018036072144294,-0.010020040080160325,-0.009018036072144294,-0.009018036072144294,-0.014170476576884725,0.0,-0.009018036072144294,0.0,0.0,,-0.009018036072144294,0.0,-0.009018036072144294,,,0.20209996099827032,0,0.07268341763133024,,-0.009018036072144294,0.08421458887586564,0.999999,1375834.0,1375834.0,0.31401425741959604,1.0358324074074075,-3005604.0,,0.0625,16.0
0xab57cc188d8b0e3938005dcb55960e1768a2842b,0.024023330578949363,0.004331897,0,200.0,2,1764582754,-0.949899799599198,-0.9509018036072141,-0.949899799599198,-0.949899799599198,-1.3447782271463595,0.0,-0.949899799599198,0.0,0.0,,-0.949899799599198,0.0,-0.949899799599198,,,-0.020752009041179707,0,0.07268341763133024,,-0.949899799599198,0.04823818067668771,45.304999,57075423.0,57075423.0,13.7940807337454,851.709949280797,52937748.0,0.0,0.26635514018691586,212.0
0x604d083b6eb4188e20802495ed925cb5c7e46fac,0.02402329008989557,0.004331527,0,12234.12988,14,1764833579,5.817280775265334e-06,1.163456155053067e-05,5.817280775265334e-06,5.817280775265334e-06,0.00015269497244599088,0.0,5.817280775265334e-06,0.0,0.0,-80.26983238133354,-0.002445828610086556,0.0,-0.004897474500948378,,,-0.1521000951608929,1,0.07268341763133024,-0.006854596245906571,5.817280775265334e-06,0.21879848771545843,10.626895000000001,1170640.0,1170640.0,0.26675173749572745,53.26748574528301,-3217860.0,,0.0,15.0
0xc22d27cf6d33f82ab8e6d9dfe6abbaf07282ae15,0.024021943854024664,0.0043192175,0,1.999996,2,1764830581,0.026052888069073816,0.02705489207708985,0.026052888069073816,0.026052888069073816,0.03826139530396086,-0.06473557289518081,0.026052888069073816,-0.06325129329073276,0.0,,0.026052888069073816,0.03384886316785438,0.026052888069073816,-0.06080938075476647,-0.06220938075476648,,1,0.07268341763133024,-0.0031869013685853,0.026052888069073816,0.018959927793179784,29.98,2071283.0,2071283.0,0.4723023726816223,146.16769754037264,-2314219.0,,0.6413043478260869,92.0
0x1eea08f62a4ea394cfbc636fb0dd728216900919,0.02402099149031913,0.004310509,0,190.959447,10,1764827317,1.933015990296934e-09,-1.836365350070361e-08,1.933015990296934e-09,1.933015990296934e-09,-1.8697824383309088e-05,0.0,1.933015990296934e-09,0.0,0.0,6.711728892200222,0.001171945159055199,0.0,0.002343888385094408,,,-0.12940000115599198,1,0.07268341763133024,-0.0025775284837266463,1.933015990296934e-09,0.08839804791610027,8.0,742378.0,742378.0,0.16940613449109793,37.414677634146344,-3639860.0,,0.22857142857142856,34.0
0x72725ce9b72f99e3e9383ce13fa83753c97c37b8,0.02402082318432304,0.00430897,0,1.028785,2,1764831761,0.02705412769579951,0.028056131703815542,0.02705412769579951,0.02705412769579951,0.039677361963261715,-0.06459902669392296,0.02705412769579951,-0.06206846785797654,0.0,,0.02705412769579951,0.03523153603010506,0.02705412769579951,-0.05962494824599428,-0.061024948245994276,,1,0.07268341763133024,-0.003437270450804385,0.02705412769579951,0.01807878917230148,39.0,1889272.0,1889272.0,0.43068360095397845,149.90510532116787,-2497410.0,,0.6129032258064516,93.0
0xef200bc44e7e6bb9a50eac5f5fc10a8313060bfd,0.024015472417178142,0.0042600366,0,20.06,4,1764838919,0.0,0.0,0.0,0.0,0.0,-0.045599999999999946,0.0,-0.044947741532868755,0.0,0.0,0.0,-0.0018477415328687536,0.0,-0.08799096594365094,-0.08889096613147501,,1,0.07268341763133024,-0.004956034764807952,0.0,0.056909859592660504,10.989976,805622.0,805622.0,0.18335260273473772,13.302280418604651,-3588218.0,,0.4,25.0
0x4825c873a8c890bdaff00d253a23e8e09eb95ec5,0.02401418469772593,0.0042482587,0,23637.2872,8,1764835295,0.002161443950602971,0.0028256207292409533,0.002161443950602971,0.002161443950602971,0.006677454374189617,-0.07572405312264022,0.002161443950602971,-0.07446012230404742,0.0,5.333333333333371,0.0023303575652919976,0.0013746080300903712,0.002499271179981024,-0.031337070378279375,-0.08795707381882671,,2,0.07268341763133024,-0.004187104634331712,0.002161443950602971,0.25694349790802273,9.560043,17002417.0,17002417.0,3.8727973748899824,289.58906134999995,12612201.0,0.0,0.5,13.0
0x3dd61dcb48f555e2bfb5bed0c51610dff982e41d,0.024013887940711822,0.0042455443,0,480.7515,7,1764826733,-3.6069046080194285e-08,-3.807288301509508e-08,-3.6069046080194285e-08,-3.6069046080194285e-08,-2.6922742974167928e-05,0.0,-3.6069046080194285e-08,0.0,0.0,-16.350172039017945,-0.004268284977883544,0.0,-0.008536533886721006,,,-0.018400001991161735,1,0.07268341763133024,-0.010202327923239385,-3.6069046080194285e-08,0.05893886375430524,4.95,733984.0,733984.0,0.16751299851608548,9.092939731707316,-3647670.0,,0.14634146341463414,41.0
0x551e72eda42a5ab39d6d78239a1d9bbb5db6b0e0,0.02401236343276147,0.0042315996,0,153996.71124699997,55,1764819303,0.007917803080162834,0.008919807088178864,0.007917803080162834,0.007917803080162834,0.05105877439632054,-0.085403624888732,0.007917803080162834,-0.0829289568818158,0.0,,0.007917803080162834,-0.05786746488146205,0.007917803080162834,-0.0775855679255028,-0.07773450930407222,,1,0.07268341763133024,-0.0007939670386981487,0.007917803080162834,0.07371902802027012,7.386219,23684128.0,23684128.0,5.4144753446554175,567.0431049659863,19309904.0,0.0,0.8037383177570093,91.0
0xcd121d159f766ecee88d4e372b3028ad761ada1a,0.02401184907389917,0.0042268946,0,492.83963199999994,17,1764825265,4.741991207834233e-10,-1.0010870327650174e-09,4.741991207834233e-10,4.741991207834233e-10,-4.365635253301067e-06,0.0,4.741991207834233e-10,0.0,0.0,4.1400546629999955,0.00025927283031498247,0.0,0.0005185451864308442,,,0.12679999983889984,1,0.07268341763133024,-0.0025473993229850277,4.741991207834233e-10,0.1599543533470636,4.999999,1320694.0,1320694.0,0.30151550641913377,10.81421843902439,-3059492.0,,0.2631578947368421,19.0
0x0c839d5032e2b0bfd2e9d779c9eba458dfa50f55,0.024011802545925644,0.004226469,0,24416.0,2,1764820867,0.0,-0.0010020040080160326,0.0,0.0,-0.001417047657688473,0.0,0.0,0.0,1.0,,0.0,0.0,0.0,,,0.2777,0,0.07268341763133024,,0.0,0.09137003557060885,99.999999,7651323.0,7651323.0,1.7485588881362626,241.81923160465115,3275535.0,,0.24193548387096775,61.0
0x8ef9d14f28a7aa5b281ecba349c9ee3c3582b12b,0.02401020868504996,0.0042118886,0,1166.666666,6,1764858469,-0.0007157167216064791,-0.0008588601500961118,-0.0007157167216064791,-0.0007157167216064791,-0.0032135604385852942,0.0,-0.0007157167216064791,0.0,0.7500000007500001,1.0000000000000009,-0.0005010015767248791,0.0,-0.0002862864318432791,,,-0.02394997594267609,1,0.07268341763133024,-0.01757845569803961,-0.0007157167216064791,0.02105709991700482,1.0,1287590.0,1287590.0,0.2917462540133548,1.431864213483146,-3125800.0,,0.5510204081632653,97.0
0x45817e731cf1647dacc4731e46b13dafafdc14cb,0.02400976553156828,0.0042078346,0,1000.0,2,1764907569,-0.0020040080160320653,-0.003006012024048098,-0.0020040080160320653,-0.0020040080160320653,-0.0042511429730654185,0.0,-0.0020040080160320653,0.0,0.0,,-0.0020040080160320653,0.0,-0.0020040080160320653,,,-0.015400000000000014,0,0.07268341763133024,,-0.0020040080160320653,0.31250009375005866,1.9999995,5048775.0,5048775.0,1.1313806865673648,1.9999995,586285.0,,0.0,4.0
0x6581c59751aa4a338e2fb2c8a59e9a2f8a498455,0.024008878790440783,0.0041997223,0,15000.0,4,1765015611,0.0,-0.0010020040080160326,0.0,0.0,-0.001975147414135249,0.0,0.0,0.0,1.0,,0.0,0.0,0.0,,,1.6653345369377347e-17,0,0.07268341763133024,,0.0,0.033011049973641,9.999998,1469946.0,1469946.0,0.3216137639994644,9.508294976744187,-3100586.0,,0.0,35.0
0x456a378ce110565edfee3034eca212984ce45ffc,0.024007573703652325,0.0041877823,0,336.0,2,1764887497,-0.0040080160320641305,-0.005010020040080163,-0.0040080160320641305,-0.0040080160320641305,-0.0070852382884423635,0.0,-0.0040080160320641305,0.0,0.0,,-0.0040080160320641305,0.0,-0.0040080160320641305,,,-0.03230000000000003,0,0.07268341763133024,,-0.0040080160320641305,0.23969892087087155,1.64,1764587.0,1764587.0,0.397213184351405,2.6946158000000007,-2677831.0,,0.07692307692307693,13.0
0x1e524ff2123d380a690dbdf2245de2a9428e91d6,0.024007469415743502,0.004186828,0,1717.3569559999994,67,1764582234,-5.781713932844953e-05,-7.708951910459939e-05,-5.781713932844953e-05,-5.781713932844953e-05,-0.00071172259653907,1.4122670022821031,-5.781713932844953e-05,0.6988364216938515,0.0,5.9308254822222235,0.0033539717199920194,0.7024044219079588,0.006765760579312488,5.695620029387924,5.6887505845434,-1.0467717933656522,4,0.07268341763133024,0.04950666681943424,-5.781713932844953e-05,0.0,0.0,13711823.0,13711823.0,3.3143121299540383,0.0,9574668.0,,,0.0
0x25e19a636a8d5ac56d5e290e98684251dbbf1046,0.02400641088539131,0.0041771433,0,666.666666,2,1764853125,-0.0020040072720440834,-0.0030060112800601156,-0.0020040072720440834,-0.0020040072720440834,-0.004251141920907524,0.0,-0.0020040072720440834,0.0,0.0,,-0.0020040072720440834,0.0,-0.0020040072720440834,,,-0.015699993837249078,0,0.07268341763133024,,-0.0020040072720440834,0.05459450117881485,9.999999,1210530.0,1210530.0,0.2746182775769581,18.265692224489797,-3197516.0,,0.2875,76.0
0x5607e051300abf498a988eab909dde03c899fd15,0.02400494063284874,0.004163691,0,16051.897576,5,1764851375,-6.414153553122e-10,0.00020037355398908434,-6.414153553122e-10,-6.414153553122e-10,0.0004496812887291054,-0.037282566295854705,-6.414153553122e-10,-0.03614010848076457,0.0,-3.217569298001916,-0.00010020450648354722,0.00036121624827339087,-0.00020040837155173912,0.0008686718681027361,-0.06023132816098747,,2,0.07268341763133024,-0.0075989138225375456,-6.414153553122e-10,0.029175140322723357,49.35,32181158.0,32181158.0,7.303448973922769,598.8155570051282,27774862.0,0.0,0.6568627450980392,101.0
0x39fd7f7e5d025a0c442cb89a773f314f81807d31,0.024004332994152652,0.004158131,0,1996.0,2,1764820555,0.0,0.0,0.0,0.0,0.0,-0.04635300751753941,0.0,-0.046300000000000015,0.0,0.0,0.0,-0.0449,0.0,-0.08951574248246055,-0.09159699248246056,,1,0.07268341763133024,-0.001059612878476364,0.0,0.04463424195856621,27.72,1300384.0,1300384.0,0.29719829339710696,99.00650436619718,-3075092.0,0.0,0.7339449541284404,109.0
0xa5d36f9d6affc3c600b3ef5df929756054624278,0.024004206379200973,0.0041569723,0,90.97896,3,1764834919,-0.007889378883069613,-0.008891382891085646,-0.007889378883069613,-0.007889378883069613,-0.01057122472844172,0.0,-0.007889378883069613,0.0,0.0,,-0.007889378883069613,0.0,-0.007889378883069613,,,-0.026900003312000098,0,0.07268341763133024,,-0.007889378883069613,0.29007845504059315,9.16,23319394.0,23319394.0,5.312128460262788,15.37693761111111,18929554.0,,0.6666666666666666,6.0
0xaa39a64f274a9185c5641042ff32a21e303cfd1a,0.024002870651504072,0.0041447496,0,1920.0,2,1764937895,-0.0040080160320641305,-0.005010020040080163,-0.0040080160320641305,-0.0040080160320641305,-0.0070852382884423635,0.0,-0.0040080160320641305,0.0,0.0,,-0.0040080160320641305,0.0,-0.0040080160320641305,,,-0.03210000000000003,0,0.07268341763133024,,-0.0040080160320641305,0.0,0.0,1310900.0,1310900.0,0.29177691674887196,0.0,-3181916.0,,,0.0
0x7dd1df1fdb71f6a526a84b6bf5a8708653b84397,0.02400282118903907,0.004144297,0,1.0309,2,1764830615,0.02905811623246489,0.030060120240480923,0.02905811623246489,0.02905811623246489,0.04251142973065411,-0.06118499242217397,0.02905811623246489,-0.05969103853222548,0.0,,0.02905811623246489,0.03800896146777453,0.02905811623246489,-0.05724428990837638,-0.05864428990837639,,1,0.07268341763133024,-0.003194115392988223,0.02905811623246489,0.034883239611641886,7.0,2068053.0,2068053.0,0.4715621990105656,151.71547595192305,-2317483.0,,0.6911764705882353,59.0
0x22a9d4392e4b6b57a000a5127b2846cde7fcc08c,0.02400055314667778,0.0041235415,0,1.999998,2,1764831673,-0.030060090638275187,-0.03106209464629122,-0.030060090638275187,-0.030060090638275187,-0.04392843552450175,0.0,-0.030060090638275187,0.0,0.0,,-0.030060090638275187,0.0,-0.030060090638275187,,,-0.23499976070168904,0,0.07268341763133024,,-0.030060090638275187,0.3388611089155896,3.8331989999999996,3664005.0,3664005.0,0.8352733350750036,7.064741928571428,-722589.0,,0.16666666666666666,12.0
0xf5591f904a5a10cf7172da29dc726d714fa3a641,0.024000374091571085,0.004121903,0,1000.0,4,1764858897,-0.0010020040080160326,-0.0020040080160320653,-0.0010020040080160326,-0.0010020040080160326,-0.0040080160320641305,0.0,-0.0010020040080160326,0.0,1.0,,-0.0010020040080160326,0.0,-0.0010020040080160326,,,-0.00784999909497517,0,0.07268341763133024,,-0.0010020040080160326,0.16337016815560157,6.714999499999999,1626664.0,1626664.0,0.368538983709795,8.905853230769228,-2787154.0,,0.3333333333333333,15.0
0x002dcd37b0b8fa8db98236e599fe1b90d6272561,0.023999574287297945,0.004114583,0,7036.933239999999,22,1764704671,0.017516000783797826,0.01781243156217192,0.017516000783797826,0.017516000783797826,0.07627850526259787,-0.02074617364640776,0.017516000783797826,-0.00014590843084547446,0.0,782.1273677250001,0.05815462493781602,0.017065011006689307,0.0987932490918342,1.438631228745582,1.4348601460813475,,2,0.07268341763133024,0.023528328412944336,0.017516000783797826,0.0,0.0,34186748.0,34186748.0,8.02582688670652,0.0,29927156.0,0.0,,0.0
0xd36c1cd95a87601a1dad57b33f9c74514b80d87b,0.02399951256927525,0.0041140183,0,1.999996,2,1764834235,0.020040640290379556,0.021042644298395585,0.020040640290379556,0.020040640290379556,0.029758792954983918,-0.07204954045392989,0.020040640290379556,-0.06925239685481228,0.0,,0.020040640290379556,0.018747603145187714,0.020040640290379556,-0.06755239685481228,-0.06925239685481228,,1,0.07268341763133024,-0.003962196814711178,0.020040640290379556,0.019230928732016084,10.0,4492696.0,4492696.0,1.023589956702382,461.6030470992366,103540.0,,0.7029702970297029,101.0
0xd3c1928aa308466814d4a17422ce6cc85466b07a,0.02399855898698727,0.004105291,0,1.01625,2,1764828035,0.015030060120240489,0.016032064128256522,0.015030060120240489,0.015030060120240489,0.022672762523015567,-0.07733081356178793,0.015030060120240489,-0.07595714628811626,0.0,,0.015030060120240489,0.015842844771265296,0.015030060120240489,-0.07423266313747119,-0.07493265716394766,,1,0.07268341763133024,-0.0026466982471193765,0.015030060120240489,0.02512209053245594,1.0,3903600.0,3903600.0,0.8906318019163323,391.01484109900986,-479356.0,,0.7,79.0
0xa90d480163efb1f095d6dce479590a0f5e22441a,0.023998439066785563,0.0041041933,0,10000.0,2,1765026959,0.0,-0.0010020040080160326,0.0,0.0,-0.0014170476576884727,0.0,0.0,0.0,1.0,,0.0,0.0,0.0,,,0.0,0,0.07268341763133024,,0.0,0.24253665396429452,1.784999,5271122.0,5271122.0,1.1504277720062508,4.889544545454545,689242.0,,0.047619047619047616,21.0
0x415c3242d79d2ba089904278178c7f4348c59d55,0.023998391139571015,0.0041037546,0,1.029862,2,1764831951,0.02805611417034849,0.029058118178364522,0.02805611417034849,0.02805611417034849,0.041094384824883284,-0.0634168291288196,0.02805611417034849,-0.06088143304790397,0.0,,0.02805611417034849,0.03661856734049761,0.02805611417034849,-0.058436301020931974,-0.05983630102093197,,1,0.07268341763133024,-0.003477584116585424,0.02805611417034849,0.05460827046901135,0.9999985,1976640.0,1976640.0,0.4505807326951869,167.2401576833333,-2410232.0,,0.673469387755102,49.0
0x359d474ddc85104640cc8c2823745793075d1210,0.02399788383929077,0.0040991115,0,1000.0,2,1764936071,-0.003006012024048098,-0.0040080160320641305,-0.003006012024048098,-0.003006012024048098,-0.005668190630753891,0.0,-0.003006012024048098,0.0,0.0,,-0.003006012024048098,0.0,-0.003006012024048098,,,-0.02420000000000002,0,0.07268341763133024,,-0.003006012024048098,0.17945549631489588,3.9,1462360.0,1462360.0,0.3256207091885267,5.672933333333334,-3028632.0,,0.18181818181818182,11.0
0xff1768108a73e93f661ac38f0d43ec1bbac35745,0.023997519053557712,0.0040957727,0,5454.715462000001,44,1764785553,8.275215557651473e-08,8.284569316311148e-08,8.275215557651473e-08,8.275215557651473e-08,0.00027115119411142124,0.5007908277053932,8.275215557651473e-08,0.48976079095082625,0.0,31.670571069728254,0.018406743629721768,0.49000180025129564,0.03681340450728796,7.0694735218943165,7.067373521894317,-1.04546086260722,1,0.07268341763133024,0.0022630818906345415,8.275215557651473e-08,0.10991763715554019,59.0549995,135367811.0,135367811.0,31.187333687518922,136.11330624999997,131027337.0,,0.5666666666666667,54.0
0x768195cffc7d603847eee695102523f20fe2ac03,0.02399751269402177,0.0040957145,0,5000.0,3,1764916347,-0.002004008016032016,-0.0030060120240480485,-0.002004008016032016,-0.002004008016032016,-0.004852121430580926,0.0,-0.002004008016032016,0.0,0.0,,-0.002004008016032016,0.0,-0.002004008016032016,,,-0.016000000000000902,0,0.07268341763133024,,-0.002004008016032016,0.0,0.0,1292492.0,1292492.0,0.2890660993704694,0.0,-3178776.0,,,0.0
0xd21314105a2c0a37c4a52578155af43f3c646e23,0.023997257957801835,0.004093383,0,40.847919999999995,5,1764705549,-6.0932884741528126e-05,-6.106454547446492e-05,-6.0932884741528126e-05,-6.0932884741528126e-05,-0.007533741627230857,0.0,-6.0932884741528126e-05,0.0,0.0,-28.17540158192091,-0.11598574610556305,0.0,-0.23191055932638455,,,-1.0362922433627062,1,0.07268341763133024,-0.02254976722040669,-6.0932884741528126e-05,0.0950439683614524,4.999995,716402.0,716402.0,0.16815093170471804,6.950100515151515,-3544068.0,,0.2222222222222222,27.0
0xb7a50f080f2e069e2def1cde2b7e119448d05824,0.023997075568899198,0.0040917136,0,12.006956,4,1764486707,5.939888873644739e-06,-0.0014373953585876246,5.939888873644739e-06,5.939888873644739e-06,-0.03733881158753795,0.0,5.939888873644739e-06,0.0,0.0,0.012360494532087724,0.0005062194522066782,0.0,0.0010064990155397116,,,-0.051549554176063536,1,0.07268341763133024,0.06385493700247101,5.939888873644739e-06,0.03413655091657381,2.999998,1096292.0,1096292.0,0.27125010020714424,6.203334694736843,-2945336.0,0.0,0.6173913043478261,115.0
0x9314161964d74917bca5199ca9440cad29f4d74c,0.02399695219641931,0.0040905843,0,5000.0,2,1765114439,0.0,-0.0010020040080160326,0.0,0.0,-0.0014170476576884727,0.0,0.0,0.0,1.0,,0.0,0.0,0.0,,,0.0,0,0.07268341763133024,,0.0,0.13010515058668048,57.51603,6667345.0,6667345.0,1.4278926876488427,508.97765442280286,1997985.0,,0.4645161290322581,153.0
0x839f0f0d67b9b61d5efc4569b4b2f5d386e6da18,0.0239966011097084,0.004087371,0,4920.099964,13,1764829155,-0.013809926009037007,-0.016598274370282256,-0.013809926009037007,-0.013809926009037007,-0.04648921665391773,0.0,-0.013809926009037007,0.0,0.0,2.4356804129528946,-0.013771413627331615,0.0,-0.013732901245626221,,,-0.2012585486390075,1,0.07268341763133024,-0.0033910158237503507,-0.013809926009037007,0.25029091919025837,49.999999,3098010.0,3098010.0,0.7066506146335054,52.140173380952376,-1286066.0,,0.6666666666666666,6.0
0xabd7bd56de366affe8b0796415fbae0cf198bcd9,0.023995274951702412,0.004075232,0,54.541698000000004,3,1764644546,-0.9175648765975266,-0.9185668806055426,-0.9175648765975266,-0.9175648765975266,-1.5419386252167702,0.0,-0.9175648765975266,0.0,0.0,,-0.9175648765975266,0.0,-0.9175648765975266,,,-0.013521921851444829,0,0.07268341763133024,,-0.9175648765975266,0.28894951564088295,43.679998,32921175.0,32921175.0,7.839369853364724,88.70349883333334,28721708.0,0.0,0.6,5.0
0x95d11f5b43f84424b683d8500d17308a1fd6fc39,0.023994234088822404,0.004065704,0,19.209,4,1764840149,-4.694693150161193e-07,9.389386300322387e-07,-4.694693150161193e-07,-4.694693150161193e-07,4.337788078210797e-05,-0.04597152897079495,-4.694693150161193e-07,-0.04521967310968627,0.0,-0.009600000000000008,-0.00012566128665264317,-0.0005487533929784662,-0.0002508531039902702,-0.08879699248246055,-0.09039699248246055,,1,0.07268341763133024,-0.0052170127064431,-4.694693150161193e-07,0.07527162339934733,11.999988,806934.0,806934.0,0.18359980614643226,15.179029891891895,-3588136.0,,0.2631578947368421,19.0
0x7638caae94cda570ea44786cdaa24f620429ed9d,0.023994124210945697,0.0040646982,0,1.0309,2,1764830663,0.02905811623246489,0.030060120240480923,0.02905811623246489,0.02905811623246489,0.04251142973065411,-0.06213128440377275,0.02905811623246489,-0.05969103853222548,0.0,,0.02905811623246489,0.03800896146777453,0.02905811623246489,-0.05724428990837638,-0.05864428990837639,,1,0.07268341763133024,-0.0032042998980276434,0.02905811623246489,0.02722815907282496,3.3,1974998.0,1974998.0,0.45033865501151044,115.35251438848923,-2410586.0,,0.6052631578947368,72.0
0x2a329fd5d326351757da783734748c2620f68269,0.023992693706825063,0.004051603,0,1.999996,2,1764830601,0.027054556233154798,0.02805656024117083,0.027054556233154798,0.027054556233154798,0.03967796800660155,-0.06355545672537347,0.027054556233154798,-0.062067960890061606,0.0,,0.027054556233154798,0.03523212853407612,0.027054556233154798,-0.05962444058935566,-0.06102444058935566,,1,0.07268341763133024,-0.0031911449123517253,0.027054556233154798,0.03572961026576025,15.5,2068599.0,2068599.0,0.47168820496168984,150.84465455339804,-2316923.0,,0.7361111111111112,61.0
0x8a1b0f563ee364311d3eb57b79d6d5d3ac0e7162,0.023992343240407787,0.0040483945,0,49.957552,4,1764726583,-0.012642095840360907,-0.01306349940675588,-0.012642095840360907,-0.012642095840360907,-0.026455925594336422,0.0016225770950507416,-0.012642095840360907,-0.0013325630327121244,0.0,25.850000420026298,0.05216743492908727,8.70667421815691e-05,0.11697696569853544,7.380800520696772,7.371400508149861,0.03580021964064872,1,0.07268341763133024,0.018879101862448924,-0.012642095840360907,0.03699778151779329,2.949999,4760738.0,4760738.0,1.1119312279049605,11.673329471195652,479234.0,,0.11258278145695365,151.0
0xc3cd1d612bbf9fbf80da5a9bff0b0470cb46816c,0.02399214695087617,0.0040465975,0,3731.574988999998,41,1764446191,-3.202690412480019e-06,-3.2063339738138987e-06,-3.202690412480019e-06,-3.202690412480019e-06,-0.0016814363959613684,0.579886499167748,-3.202690412480019e-06,0.3395112176705672,0.0,0.07404713333333401,0.00012200309063370233,0.3403994535271546,0.0002472088716798847,7.297037371994814,7.293209411727684,-0.03718677489202782,6,0.07268341763133024,0.0759885016938105,-3.202690412480019e-06,0.0,0.0,31308049.0,31308049.0,7.824836945329198,0.0,27306937.0,0.0,,0.0
0xdec36b3c0a2e6ef51c349750b3b12bf97ea4a476,0.023991319591694336,0.004039023,0,501.0,4,1764850959,0.0,0.0,0.0,0.0,0.0,0.0,0.0,0.0,0.0,-1.5000000000000013,-0.00037575150300601224,0.0,-0.0007515030060120245,,,-0.02410000000000002,1,0.07268341763133024,-0.009844597183729743,0.0,0.5928619794998032,1.25,59497386.0,59497386.0,13.504086811261315,5.433863210526317,55091506.0,0.0,0.45454545454545453,11.0
0xc6da716aa872edd33eea714387052d1f4a03c7b0,0.023990581675484277,0.0040322673,0,15.975996,4,1764846533,-1.0026352955443141e-06,2.0059987258388234e-06,-1.0026352955443141e-06,-1.0026352955443141e-06,6.340760192238308e-05,-0.04554540608157629,-1.0026352955443141e-06,-0.045293650417068676,0.0,-0.003999031939750708,-0.00012609749437779923,0.00040203940119465874,-0.00025119235346005416,-0.08849672517309497,-0.09049672517309497,,1,0.07268341763133024,-0.006571551876686013,-1.0026352955443141e-06,0.13726729162236048,13.999999,902408.0,902408.0,0.20502497583753004,19.57961404761905,-3499046.0,,0.125,16.0
0xb72b95c3efd3cfec3858e4baa7e1b978ab30f4e0,0.023988441548693472,0.0040126727,0,4447.999998,6,1764824239,-0.05360451998484169,-0.054606523992857724,-0.05360451998484169,-0.05360451998484169,-0.1294257149862566,0.0,-0.05360451998484169,0.0,0.0,,-0.05360451998484169,0.0,-0.05360451998484169,,,-0.16339999696117702,0,0.07268341763133024,,-0.05360451998484169,0.021181964438484364,249.999998,14775241.0,14775241.0,3.3739897605933558,543.7767662737472,10396081.0,,0.4172077922077922,608.0
0x68be752d9063ed21324870d15b9db2e8b46e9fd7,0.023987798514589553,0.004006785,0,600.0,4,1764819035,-0.027221108884435553,-0.02822311289245159,-0.027221108884435553,-0.027221108884435553,-0.046601177136525486,0.0,-0.027221108884435553,0.0,0.0,,-0.027221108884435553,0.0,-0.027221108884435553,,,0.11299999912126352,0,0.07268341763133024,,-0.027221108884435553,0.19810771742707323,5.5,3158070.0,3158070.0,0.722016865281681,26.70719831481481,-1215886.0,0.0,0.2608695652173913,23.0
0x73e581b6550e9ccdd0f443dbfdd8f69268935bb5,0.023987770645411886,0.0040065297,0,18236.9552,13,1764661006,0.0005327528971515387,0.0006659411214394233,0.0005327528971515387,0.0005327528971515387,0.0018542131342245435,-0.05126652759788792,0.0005327528971515387,-0.051131661289186475,0.0,108.15896000000211,0.0018616735450504873,0.0002546184293919776,0.0031905941929494357,0.6069620345040826,0.5226703678374159,,3,0.07268341763133024,0.03279304534099208,0.0005327528971515387,0.020868641379769792,45.056,12964846.0,12964846.0,3.0752064729773547,234.34140144183314,8748919.0,,0.7550200803212851,248.0
0x5bf016d4082d189838f540fd3fa268655c1382a2,0.02398730663841551,0.004002281,0,1.9999989999999999,2,1764841691,-0.002004006516032097,-0.0030060105240481295,-0.002004006516032097,-0.002004006516032097,-0.004251140851745119,0.0,-0.002004006516032097,0.0,0.0,,-0.002004006516032097,0.0,-0.002004006516032097,,,-0.008199986992297936,0,0.07268341763133024,,-0.002004006516032097,0.18000278068879152,1.0,2998044.0,2998044.0,0.6818986983613746,1.7133327999999999,-1398568.0,,0.06666666666666667,15.0
0x1defe5ac6b3422d8ee0237441a6417830416a761,0.0239869308723966,0.00399884,0,1000.0,2,1764867819,-0.0010020040080160326,-0.0020040080160320653,-0.0010020040080160326,-0.0010020040080160326,-0.0028340953153769455,0.0,-0.0010020040080160326,0.0,1.0,,-0.0010020040080160326,0.0,-0.0010020040080160326,,,-0.008000000000000007,0,0.07268341763133024,,-0.0010020040080160326,0.28000012800042556,0.9999994999999999,5106400.0,5106400.0,1.154578383535998,1.2499989999999999,683660.0,,0.25,4.0
0x0bdfcd7169256209ddbd8e8ab8b85498ec0266f6,0.0239869308723966,0.00399884,0,1000.0,2,1764868703,-0.0010020040080160326,-0.0020040080160320653,-0.0010020040080160326,-0.0010020040080160326,-0.0028340953153769455,0.0,-0.0010020040080160326,0.0,1.0,,-0.0010020040080160326,0.0,-0.0010020040080160326,,,-0.008000000000000007,0,0.07268341763133024,,-0.0010020040080160326,0.27777783333340283,1.499999,5010091.0,5010091.0,1.1325761411910236,1.4999992500000001,586467.0,,0.25,4.0
0x401bab876d5d2e61242a7fbf976c955210f35dc2,0.023985748586915268,0.003988014,0,265.773236,6,1764832715,1.2299846626044246e-06,1.3617686695206356e-06,1.2299846626044246e-06,1.2299846626044246e-06,0.0002056682916425635,-0.029894710313752862,1.2299846626044246e-06,-0.028094470298333042,0.0,2.8991107498808684,0.003639862661933985,0.02096288275889088,0.0072784953392053655,-0.05443179752296701,-0.055631797522967014,,1,0.07268341763133024,-0.0036396874884628656,1.2299846626044246e-06,0.19304965861566553,97.3,2912945.0,2912945.0,0.663898509356747,75.22176323529412,-1474691.0,,0.0,8.0
0x3078db4a9737866b4d6529f655025b3a20f80389,0.023985314467622774,0.0039840387,0,387.9595419999999,63,1764707511,6.04184735926947e-08,6.713163732520898e-08,6.04184735926947e-08,6.04184735926947e-08,2.5935722404540442e-05,1.206706364993817,6.04184735926947e-08,0.8075903769778581,0.0,0.38474918275861986,0.0011510076147623225,0.8087000044260602,0.0023019548110510524,6.791552169678015,6.786878256634537,-0.9662003014800831,3,0.07268341763133024,0.02292574519811196,6.04184735926947e-08,0.0,0.0,22068132.0,22068132.0,5.177356964287055,0.0,17805700.0,0.0,,0.0
0xecef7a84f071df83cd6a8c40561ac2f8f28275fa,0.023984613750062778,0.003977622,0,29.939999999999998,4,1764854515,0.0,0.0,0.0,0.0,0.0,-0.04539774153286878,0.0,-0.045047741532868786,0.0,5.551115123125783e-16,6.952799502913052e-18,0.0006522584671312124,1.3905599005826104e-17,0.0009090338685249422,-0.08909096613147507,,1,0.07268341763133024,-0.008265150193866297,0.0,0.026302552867081275,42.30604,1200788.0,1200788.0,0.27232235596570625,92.29200468112798,-3208648.0,,0.5154639175257731,97.0
0x168cead1aff19af09d05149a3575ca53ea0f7ede,0.023983441338640037,0.003966885,0,4.347798,4,1764825189,-7.888969122744394e-07,-8.640299910372053e-07,-7.888969122744394e-07,-7.888969122744394e-07,-0.0001411116765738945,0.0,-7.888969122744394e-07,0.0,0.0,-1.82594904007198,-0.002630949423074764,0.0,-0.005261109949237254,,,0.10220009163200189,1,0.07268341763133024,-0.015766038155399422,-7.888969122744394e-07,0.06525091688082595,9.274999000000001,1302478.0,1302478.0,0.2973619383988073,11.59806144318182,-3077632.0,,0.45,40.0
0x465ab12c8567d1f26dd879026db8172442dc4c1a,0.02398314891823618,0.003964207,0,500.0,2,1764860193,-0.0010020040080160326,-0.0020040080160320653,-0.0010020040080160326,-0.0010020040080160326,-0.002834095315376946,0.0,-0.0010020040080160326,0.0,1.0,,-0.0010020040080160326,0.0,-0.0010020040080160326,,,-0.007700000000000007,0,0.07268341763133024,,-0.0010020040080160326,0.2417515133705852,1.348185,7587205.0,7587205.0,1.7184618562510503,1.8008444999999997,3172091.0,,0.0,6.0
0x0a6d26d31b28fd5a84c301f8b27296612f3b1d0a,0.023982045114671068,0.003954098,0,1387.3790169999997,49,1764501008,0.017940595033063826,0.018042890330903585,0.017381722348534384,0.017940595045480703,0.09836531813789161,0.6283343953137227,0.017982192603417595,0.6271385826158675,0.0,-1.5813901709599998,0.013997107833105501,0.6291862422987528,0.010053620633147176,3.1719013502384623,3.1700813360073825,-1.042489136278543,3,0.07268341763133024,0.03198762073412458,0.017940595033063826,0.0,0.0,15105021.0,15105021.0,3.724182795113031,0.0,11049092.0,0.0,,0.0
0xcefcf195e31cb4e5bea72bb08f8a5ef34f4bcc09,0.023982012523499928,0.0039537996,0,8.279996,4,1764764175,-0.00027587616774447373,-0.00027646003278987495,-0.00027587616774447373,-0.00027587616774447373,-0.01619667412955862,0.0,-0.00027587616774447373,0.0,0.0,-2.7026993513780604,-0.11860308668799784,0.0,-0.23693029720825118,,,-1.0266469245013345,1,0.07268341763133024,-0.00732308347771991,-0.00027587616774447373,0.193412535518237,0.999998,1020148.0,1020148.0,0.23619479631848886,0.9858706666666665,-3298948.0,0.0,0.4,10.0
0x18fc46821544fdca89f5c5bd742fa7c51d992f91,0.023978383886283258,0.003920564,0,11012.86353,6,1764854407,-0.0005945563830172659,-0.0009775219116848917,-0.0005945563830172659,-0.0005945563830172659,-0.0026759823881317042,-0.0160436685943103,-0.0005945563830172659,-0.016278374178967464,0.2684494845243703,2.828464999999893,-0.0004662456199738742,0.0001072945915753946,-0.0003379348569304825,0.0013180904218982304,-0.08798190957810179,-0.016000000000000014,2,0.07268341763133024,-0.008242235057527601,-0.0005945563830172659,0.06703997444481039,52.6475,23302758.0,23302758.0,5.284877423498546,417.8044656311476,18893430.0,,0.875,46.0
0x6a0fda946715c9d9337d2bb1dc12ae254f61601a,0.023977599691503104,0.0039133807,0,2000.0,2,1764863251,-0.0010020040080160326,-0.0020040080160320653,-0.0010020040080160326,-0.0010020040080160326,-0.002834095315376946,0.0,-0.0010020040080160326,0.0,1.0,,-0.0010020040080160326,0.0,-0.0010020040080160326,,,-0.007700000896399994,0,0.07268341763133024,,-0.0010020040080160326,0.08616922174096826,8.499999500000001,1513944.0,1513944.0,0.34266298369551934,15.411764441176471,-2904228.0,,0.030303030303030304,33.0
0x2382587a8f637e3557dd48cc6e2a35c3f3be53f3,0.023977104715105828,0.0039088465,0,1458.217142,3,1764902155,-0.005869427754394126,-0.006871431762410158,-0.005869427754394126,-0.005869427754394126,-0.011055763581168158,0.0,-0.005869427754394126,0.0,0.0,,-0.005869427754394126,0.0,-0.005869427754394126,,,-0.04714728285845393,0,0.07268341763133024,,-0.005869427754394126,0.43902512243014424,20.15214,11135254.0,11135254.0,2.498331641641291,40.9351149375,6678178.0,,0.0,7.0
0x7d3320778860940e24bdb9fd1a93fd3365bec15f,0.023976812115896525,0.0039061662,0,1600.0,2,1764824903,-0.024048096192384783,-0.025050100200400816,-0.024048096192384783,-0.024048096192384783,-0.03542619144221182,0.0,-0.024048096192384783,0.0,0.0,,-0.024048096192384783,0.0,-0.024048096192384783,,,0.08559999999999984,0,0.07268341763133024,,-0.024048096192384783,0.02786438463618803,4.014749999999999,2524214.0,2524214.0,0.5763277245843669,25.184087586497885,-1855610.0,,0.6310679611650486,206.0
0xa4069085d2b940e7e947d1264fb7aa25a4399712,0.023976509277349536,0.003903392,0,4.625000000000001,4,1764839065,0.0,0.0,0.0,0.0,0.0,0.0,0.0,0.0,0.0,-1.3875000000000013,-0.00037575150300601224,0.0,-0.0007515030060120245,,,-0.013198808854438271,1,0.07268341763133024,-0.011380760027175654,0.0,0.5457938523777219,7.669999,2992980.0,2992980.0,0.6811537405899791,24.14600756,-1401006.0,,0.2222222222222222,9.0
0xf39209e257cf615100f16af2e3697af4aa76aea2,0.023976413355955843,0.0039025133,0,40.019956,4,1764931527,1.9501834359720436e-09,3.9001874411355764e-09,1.9501834359720436e-09,1.9501834359720436e-09,2.7957765456818106e-06,-0.041937600625105174,1.9501834359720436e-09,-0.04560154175148704,0.0,0.010020921996413525,0.0001252637324137795,-0.0005514540795019681,0.00025052551464412303,0.0005100398370712277,-0.08919689084982223,,1,0.07268341763133024,-0.024605339820863045,1.9501834359720436e-09,0.05539366758750124,10.9999285,897170.0,897170.0,0.1999733419399935,13.144826545454544,-3589278.0,,0.3333333333333333,24.0
0xfeb0ed2df6c7fe51f07d5707fe72935c74fed4a4,0.02397526662358609,0.0038920082,0,58652.347331,36,1764819013,-4.999330643568637e-10,-5.216692843524792e-10,-4.999330643568637e-10,-4.999330643568637e-10,-5.009022485619508e-06,0.0,-4.999330643568637e-10,0.0,0.5251335236800877,23.21633045866673,0.0003092122885388646,0.0,0.0006184250770107935,,,0.2525,2,0.07268341763133024,-0.0017657385612095118,-4.999330643568637e-10,0.07490884127640689,9.999999,1576670.0,1576670.0,0.36046954526520064,29.459291835164834,-2797264.0,,0.5918367346938775,49.0
0xde37959a8f94536e818c61a069bd991e126cb9bf,0.023974560906160215,0.003885543,0,25000.0,4,1764836993,-0.003006012024048098,-0.00400801603206413,-0.003006012024048098,-0.003006012024048098,-0.007002787744927904,0.0,-0.003006012024048098,0.0,0.0,,-0.003006012024048098,0.0,-0.003006012024048098,,,-0.01770000000000005,0,0.07268341763133024,,-0.003006012024048098,0.1673505384191706,95.6886495,2995230.0,2995230.0,0.6819873977495916,125.60536341666663,-1396684.0,,0.25,20.0
0xe90bec87d9ef430f27f9dcfe72c34b76967d5da2,0.023974518209991063,0.0038851518,0,48249.984008,3,1764830515,0.03406813625360728,0.03507014026162331,0.03406813625360728,0.03406813625360728,0.055032301924396024,-0.055198730570295985,0.03406813625360728,-0.053688481364909224,0.0,,0.03406813625360728,0.045011518631310816,0.03406813625360728,-0.05120025363809752,-0.052633586971430855,,1,0.07268341763133024,-0.003172897674156097,0.03406813625360728,0.0,0.0,1423576.0,1423576.0,0.32461447390863757,0.0,-2961860.0,0.0,,0.0
0x01fe9bdd1faa7794b0f0eb933509e2d8fe7d79f4,0.023974242160716013,0.0038826228,0,1006.0799999999999,8,1764826973,0.0,0.0,0.0,0.0,0.0,0.0,0.0,0.0,0.998003992015968,-0.9600000000000009,-0.00011788282447247443,0.0,-0.00023576564894494886,,,-0.007700000299868804,1,0.07268341763133024,-0.028456355788893883,0.0,0.0,0.0,1121794.0,1121794.0,0.2560066491795557,0.0,-3260100.0,,,0.0
0xecd33c0e0c00fc96ff3a1252bf17d403e83f4285,0.023973417436865423,0.003875067,0,2071.784346,4,1764835613,0.0006679969825806421,0.0010020225200073113,0.0006679969825806421,0.0006679969825806421,0.0017419234189163743,-0.06287598448575704,0.0006679969825806421,-0.06039726143300927,0.0,-0.693129625505075,0.0005009979173956722,-0.00013032183723373837,0.00033399885221070246,-0.08599096678629332,-0.08959096493467804,,1,0.07268341763133024,-0.004254576980217872,0.0006679969825806421,0.028553445962714002,48.055,2350356.0,2350356.0,0.535323493679812,252.47832980066445,-2040178.0,,0.6179775280898876,88.0
0x4ffe49ba2a4cae123536a8af4fda48faeb609f71,0.023973069633913987,0.0038718805,0,782.9974730000002,127,1764203697,9.835451555822731e-05,0.00010282517535632857,9.835451555822731e-05,9.835451555822731e-05,0.0015393889924693596,0.4710739388145306,9.835451555822731e-05,0.21634716068734472,0.0,1.7499337688030308,0.0021912966734321765,0.21726669522847153,0.004284238831306126,4.593665082803689,4.5909496980992754,0.04439999999999977,7,0.07268341763133024,0.1298235831549984,9.835451555822731e-05,0.0,0.0,24814834.0,24814834.0,6.602116522615494,0.0,21056216.0,,,0.0
0xda475f640892d0014c086b7e4f25317f5778f40a,0.02397211082516569,0.0038630958,0,14615.52,8,1764855215,0.0,0.0,0.0,0.0,0.0,-0.0464365596940719,0.0,-0.046940797088167355,0.0,-2.391999999999813,-0.00012185433774272101,-0.00149079708816735,-0.00024370867548544203,0.0001302158098124593,-0.08986978419018755,,1,0.07268341763133024,-0.008413674225691177,0.0,0.04841776024404449,60.106,36971178.0,36971178.0,8.38322854442584,592.9123073070539,32561042.0,0.0,0.6376811594202898,69.0
0x2bf309dd001df4f9b1f90c26432d6ff457a38c3d,0.02397206693889669,0.0038626937,0,455.059996,2,1764834217,0.020040084204368758,0.02104208821238479,0.020040084204368758,0.020040084204368758,0.029758006530605608,-0.07205018380065276,0.020040084204368758,-0.07028539046482996,0.0,,0.020040084204368758,0.016814609535170028,0.020040084204368758,-0.06755304283508995,-0.06925304283508996,,1,0.07268341763133024,-0.003958377625321395,0.020040084204368758,0.02420737199579999,45.30775,41819840.0,41819840.0,9.528030333063121,284.32590702173917,37430702.0,0.0,0.7929824561403509,566.0
0xcc809fe65d8afb1fee27e34b1b29b335e6d2e45c,0.02397196544425862,0.0038617637,0,1000.0,2,1764866971,-0.0010020040080160326,-0.0020040080160320653,-0.0010020040080160326,-0.0010020040080160326,-0.0028340953153769455,0.0,-0.0010020040080160326,0.0,1.0,,-0.0010020040080160326,0.0,-0.0010020040080160326,,,-0.008100000000000895,0,0.07268341763133024,,-0.0010020040080160326,0.22222225925931482,1.0,5105548.0,5105548.0,1.1546071229238526,1.1999996,683656.0,,0.0,5.0
0x47bd5ec0302813338f17c6cb87a509f342f7a2d4,0.023971466032707393,0.003857188,0,1.9999989999999999,2,1764829067,-0.05010017520741468,-0.0511021792154307,-0.05010017520741468,-0.05010017520741468,-0.0722693949132826,0.0,-0.05010017520741468,0.0,0.0,,-0.05010017520741468,0.0,-0.05010017520741468,,,-0.38819982024569855,0,0.07268341763133024,,-0.05010017520741468,0.20378308657094957,10.26,3089698.0,3089698.0,0.7047688086737464,13.217777777777778,-1294290.0,,0.0,7.0
0x8f7bb1d97c28278e28943b8481f1a1651605154b,0.023971167402001867,0.0038544517,0,203548.94310200008,109,1764779301,6.454537251569818e-05,0.00011104264244767348,6.454537251569818e-05,6.454537251569818e-05,0.0012511570491839557,0.2602502787012905,6.454537251569818e-05,-0.012522557076105688,0.0,83.01267722497994,0.004906569023163757,0.028087297245416257,0.009748592673811816,2.320506831980894,2.2797248134158843,,3,0.07268341763133024,0.007693544848528827,6.454537251569818e-05,0.041184832200889455,38.164500000000004,33540471.0,33540471.0,7.738521700088274,210.16829248445273,29206249.0,0.0,0.5357142857142857,107.0
0x67f9ac55ba4f65542be8613b76d1f136a369d241,0.023970564764498294,0.00384893,0,57321.83361700001,65,1764833573,0.00034383372523485274,0.0006580578877232151,0.00034383372523485274,0.00034383372523485274,0.0012535896658514513,-1.6156895917625061e-06,0.00034383372523485274,-1.5522301550057568e-06,0.0,-51.98086546714915,-0.001240763908542037,-1.5334635558142836e-08,-0.002825361542318927,-0.08736638133825382,-0.09079699186912701,-0.14400000000000102,1,0.07268341763133024,-0.004116661807809054,0.00034383372523485274,0.47107254974266904,0.9359999999999999,21279645.0,21279645.0,4.848962992771552,7.7284112254901975,16891151.0,,0.0,6.0
0x9806cca33fb568a29e446b4de34a221190bb9808,0.02396986723690142,0.0038425385,0,32.762080000000005,5,1764588780,-2.2706225339607765e-05,-2.275412876859428e-05,-2.2706225339607765e-05,-2.2706225339607765e-05,-0.004654002773290122,0.0,-2.2706225339607765e-05,0.0,0.0,-30.933239999999998,-0.11875734289707189,0.0,-0.2374919795688042,,,-0.02395950919497034,1,0.07268341763133024,-0.022415671237387656,-2.2706225339607765e-05,0.19637747933789204,28.542924,2711051.0,2711051.0,0.6542583550309252,433.79499147058823,-1432650.0,0.0,0.29411764705882354,17.0
0xc6ed53b711ee2a3af989036cebe0af4f005c6609,0.023969486325213115,0.003839048,0,32917.387728,11,1764828863,0.001677054883044488,0.002011056213960287,0.001677054883044488,0.001677054883044488,0.004369676412652185,-0.02751167627414331,0.001677054883044488,-0.026678851407480546,0.0,-286.5629046263439,0.00030973459766509156,0.0007134434643759151,-0.001057585687714305,-0.08292404897724046,-0.08635465950811365,-0.1377500239039998,1,0.07268341763133024,-0.004107750365899561,0.001677054883044488,0.4628718386740775,26.0,3551606.0,3551606.0,0.8101690229263121,129.38975641064638,-832178.0,,0.09090909090909091,33.0
0xde9aef29c07ee41cb6fd75c1732618c31d846064,0.023968752443368324,0.0038323232,0,20.0,3,1764955023,-0.0010020040080160326,-0.0020040080160320653,-0.0010020040080160326,-0.0010020040080160326,-0.003390020551362023,0.0,-0.0010020040080160326,0.0,1.0,,-0.0010020040080160326,0.0,-0.0010020040080160326,,,-0.007700000008964003,0,0.07268341763133024,,-0.0010020040080160326,0.436125155246611,19.999999,10339356.0,10339356.0,2.292568599521413,48.59892325,5829412.0,,0.14285714285714285,7.0
0xf58a6c91e8e8ec11d3ba3c6759eba31c0fe3e524,0.02396820451728018,0.0038273023,0,1.003,2,1764886075,0.0020040080160320098,0.003006012024048042,0.0020040080160320098,0.0020040080160320098,0.0042511429730653395,-0.08979548306573756,0.0020040080160320098,-0.09019548306573758,0.0,,0.0020040080160320098,0.0013045169342624247,0.0020040080160320098,0.0023090338685249215,-0.08919096613147506,,1,0.07268341763133024,-0.01496146225728521,0.0020040080160320098,0.49761492995689666,0.999999,42683669.0,42683669.0,9.611282919417176,12.485921934782608,38242673.0,0.0,0.616822429906542,107.0
0x3000605b5cb780be2791c856d9eaf0cffd039d73,0.023967536300284708,0.0038211788,0,7194.210779,15,1764826811,-0.035991590660879,-0.036993594668895034,-0.035991590660879,-0.035991590660879,-0.11179233928856859,0.0,-0.035991590660879,0.0,0.0,,-0.035991590660879,0.0,-0.035991590660879,,,-0.01830144844764131,0,0.07268341763133024,,-0.035991590660879,0.1886645541078687,19.999999,3804831.0,3804831.0,0.8683395059305316,76.55149076237623,-576901.0,,0.5126050420168067,118.0
0x38648e346616b05593c0735c7a0591b5f9ad23e1,0.023967236523211418,0.0038184316,0,630.928974,19,1764790515,-1.179332152815456e-09,-2.3586643056064812e-09,-1.179332152815456e-09,-1.179332152815456e-09,-2.1741164126063014e-06,0.12239891106962472,-1.179332152815456e-09,0.12225861282324652,0.0,1.859614452363631,0.0010989480859586744,0.12362950461797016,0.0021978973512495016,4.295316156463103,4.293756159834823,0.18460000735336402,2,0.07268341763133024,0.005314189858694236,-1.179332152815456e-09,0.18711907610866332,19.999999,5966171.0,5966171.0,1.3729740813119788,43.19110651181103,1620735.0,,0.13636363636363635,44.0
0x63e22897e8351b055a662bcdde953286264b5579,0.023966459010146154,0.0038113063,0,4056.8486970000004,17,1764819137,1.5618388025240502e-08,1.7180226827764448e-08,1.5618388025240502e-08,1.5618388025240502e-08,1.9460792252140763e-05,-0.03138342478255655,1.5618388025240502e-08,-0.029954854041795074,0.0,56.25176433599978,0.0034190764938891328,0.007130257403771544,0.006838137369390241,-0.05763753253073026,-0.058833622581604975,,1,0.07268341763133024,-0.0007587456254368198,1.5618388025240502e-08,0.04123248572170306,14.999998,1294572.0,1294572.0,0.2959658971143044,59.31246685881894,-3079486.0,,0.593103448275862,136.0
0xafa7daede8e0d4d023bc128f8222a92f43c1dfac,0.02396641554046576,0.003810908,0,55.865914000000004,2,1764815605,-0.8957915826282561,-0.8967935866362722,-0.8957915826282561,-0.8957915826282561,-1.2682576528702276,0.0,-0.8957915826282561,0.0,0.0,,-0.8957915826282561,0.0,-0.8957915826282561,,,-1.0556013719986732,0,0.07268341763133024,,-0.8957915826282561,0.17706886230639704,22.4999985,1405716.0,1405716.0,0.3216354278638315,35.194684027777775,-2964810.0,,0.2727272727272727,11.0
0x2ed22d06f2d192baaea3881736959e89eef7c572,0.023966373646030662,0.003810524,0,1652.7281920000003,12,1764818729,-5.8023522564988595e-08,-5.900697227359387e-08,-5.8023522564988595e-08,-5.8023522564988595e-08,-5.956100022117772e-05,0.0,-5.8023522564988595e-08,0.0,0.0,-78.32236908003475,-0.005779328060386729,0.0,-0.011558598097250893,,,-0.12760000119400083,1,0.07268341763133024,-0.009930316767811533,-5.8023522564988595e-08,0.5789738908892816,18.0,4488646.0,4488646.0,1.0262929132418004,34.02075,114996.0,0.0,0.2,5.0
0xf63ada6f9aa869f2b6c4513994476b9bd60d86f1,0.023966239375990808,0.0038092935,0,99.99998800000002,6,1764835417,0.0030064456332103045,0.004008449641226336,0.0030064456332103045,0.0030064456332103045,0.009461078165354688,-0.09200424648116626,0.0030064456332103045,-0.08916530053537375,0.0,,0.0030064456332103045,0.0013550802936229023,0.0030064456332103045,-0.08474750732277532,-0.08828083942556995,,1,0.07268341763133024,-0.004212990251306906,0.0030064456332103045,0.2581653088978529,1.0,6367765.0,6367765.0,1.450404274112836,2.3843992,1977427.0,,0.0,7.0
0x582d1d4fcf6db1034095de81af146ddb510494b7,0.0239655071154207,0.0038025826,0,8333.326664999999,4,1764830171,-1.7630875646724717e-08,-1.9233682540485457e-08,-1.7630875646724717e-08,-1.7630875646724717e-08,-2.150659069743655e-05,0.0,-1.7630875646724717e-08,0.0,0.0,-91.66651904000148,-0.0027555264202025606,0.0,-0.0055110352095294746,,,-0.1700999980183744,1,0.07268341763133024,-0.03302368194469729,-1.7630875646724717e-08,0.22239529304640449,109.83712,14899699.0,14899699.0,3.397807617263218,413.060098431472,10514607.0,,0.5333333333333333,27.0
0x3a1fdfcacb609b5b43ee90119b5f634ea8878eca,0.023964255694697414,0.0037911134,0,15060.9675,4,1764852391,-0.002324488821930033,-0.0033264928299460658,-0.002324488821930033,-0.002324488821930033,-0.0059579395746682615,0.0,-0.002324488821930033,0.0,0.0,,-0.002324488821930033,0.0,-0.002324488821930033,,,-0.017295351381311955,0,0.07268341763133024,,-0.002324488821930033,0.4908724628963818,3.9,4772328.0,4772328.0,1.0828205491238196,84.69661155932205,365016.0,,0.1,10.0
0x125840f13ae86a88ea6fb3370122536b75230c15,0.02396377754991946,0.003786731,0,728.338546,7,1764705837,1.6215496107570687e-05,1.6321711147576606e-05,1.6215496107570687e-05,1.6215496107570687e-05,0.003883139867236651,-0.09579932893482401,1.6215496107570687e-05,-0.02909811159280567,0.0,232.784841908,0.11466331142331175,-0.024712173279411942,0.22931040735051592,7.348195261892229,7.339580917381352,,1,0.07268341763133024,0.023280929811361747,1.6215496107570687e-05,0.07210980344267716,6.554265,35614208.0,35614208.0,8.35865543173304,119.24126516042783,31353450.0,0.0,0.14705882352941177,34.0
0x7399eae307df6c227694e83f60629415eca146d6,0.02396340757965355,0.00378334,0,1520.2562659999996,39,1764584718,-4.984042307488352e-06,-5.006878698358859e-06,-4.984042307488352e-06,-4.984042307488352e-06,-0.002097577717994442,0.0,-4.984042307488352e-06,0.0,0.0,-1.987965426272727,-0.006449562694815118,0.0,-0.012894141347322747,,,-1.0384642903923529,4,0.07268341763133024,0.04872543041203537,-4.984042307488352e-06,0.0,0.0,1114903.0,1114903.0,0.2693237260543733,0.0,-3024736.0,,,0.0
0xe4005783ecefc766323af1f5516253198bb61c24,0.02396337989053476,0.0037830863,0,251.0,4,1764883233,0.0,0.0,0.0,0.0,0.0,0.0,0.0,0.0,0.0,-0.5000000000000004,-0.00025050100200400816,0.0,-0.0005010020040080163,,,-0.02420000000000002,1,0.07268341763133024,-0.027454879460017543,0.0,0.12739720198392449,1.006,1156746.0,1156746.0,0.2606367422130913,1.9033622000000001,-3281408.0,,0.06666666666666667,15.0
0x72f4908189b7a402a189cae5b87b3e8659284f20,0.023963218989429057,0.0037816116,0,1194.3332,4,1764834299,-0.02391526283014617,-0.024917266838162203,-0.02391526283014617,-0.02391526283014617,-0.04682001903408229,0.0,-0.02391526283014617,0.0,0.0,,-0.02391526283014617,0.0,-0.02391526283014617,,,-0.17594984406361633,0,0.07268341763133024,,-0.02391526283014617,0.22119859838094935,133.649999,5705724.0,5705724.0,1.2999403083007914,174.04402936363638,1316504.0,0.0,0.2727272727272727,11.0
0x08141e126e884d921342bdb8618c5e44fe89e35e,0.023963148624104633,0.0037809666,0,6.0,2,1764839599,-0.0020040080160320653,-0.003006012024048098,-0.0020040080160320653,-0.0020040080160320653,-0.0042511429730654185,0.0,-0.0020040080160320653,0.0,0.0,,-0.0020040080160320653,0.0,-0.0020040080160320653,,,-0.01089974715971177,0,0.07268341763133024,,-0.0020040080160320653,0.21768164692953407,4.755,3296022.0,3296022.0,0.7500300374102291,9.616198956521739,-1098498.0,,0.375,8.0
0x8982878a75eda3194e86edc36c9cdfe5bcdcc29a,0.02396242008811534,0.003774289,0,313.52890699999995,4,1764827437,2.08390684607887e-07,-2.214151040398853e-07,2.08390684607887e-07,2.08390684607887e-07,-6.141335345177812e-05,0.0,2.08390684607887e-07,0.0,0.0,4.705760482000482,0.002004190563144391,0.0,0.004008172735604174,,,0.10920001360204022,1,0.07268341763133024,-0.003778027015248326,2.08390684607887e-07,0.2799863495185744,25.999999,17687090.0,17687090.0,4.03597560947782,56.351360019607846,13304732.0,,0.09523809523809523,21.0
0x3ac466d9cf031d0ae68e019c72047815582fa55d,0.023961839154572565,0.0037689642,0,409.777776,3,1764833137,-0.034870844799614165,-0.035872848807630205,-0.034870844799614165,-0.034870844799614165,-0.05925518440635595,0.0,-0.034870844799614165,0.0,0.0,,-0.034870844799614165,0.0,-0.034870844799614165,,,-0.273788935191121,0,0.07268341763133024,,-0.034870844799614165,0.02125571134555019,119.999999,38152113.0,38152113.0,8.69453252441057,223.7589945860465,33764055.0,0.0,0.7786259541984732,130.0
0x114af7edd8f67ef82807e1efcd25b2276ff2b24e,0.023961750859973156,0.003768155,0,33.222587,2,1764810373,-0.9038076133906809,-0.9048096173986969,-0.9038076133906809,-0.9038076133906809,-1.2795940322908481,0.0,-0.9038076133906809,0.0,0.0,,-0.9038076133906809,0.0,-0.9038076133906809,,,-1.0521093488654931,0,0.07268341763133024,,-0.9038076133906809,0.11379833556373574,29.999998,1552612.0,1552612.0,0.3556718058394234,44.404356857142844,-2812682.0,,0.5806451612903226,31.0
0xd76f4b3b344adad86dbbd3d325052443c9dd804f,0.023961687433352356,0.0037675735,0,1516.833332,9,1764895689,-0.0016403529014673065,-0.002642356909483339,-0.0016403529014673065,-0.0016403529014673065,-0.010035779698818335,0.0,-0.0016403529014673065,0.0,0.6592682128638772,,-0.0016403529014673065,0.0,-0.0016403529014673065,,,-0.04019995188599965,0,0.07268341763133024,,-0.0016403529014673065,0.22196192839246107,1.0,4733351.0,4733351.0,1.0635285949566464,1.2553539999999999,282741.0,,0.0,7.0
0xb7024031041d69633992c0d5b5e95f61bfaeec9e,0.02396060948525486,0.0037576926,0,31.375,4,1764225831,0.0,0.0,0.0,0.0,0.0,0.0,0.0,0.0,0.0,-30.9375,-0.12399799599198393,0.0,-0.24799599198396785,,,0.00688484791118636,1,0.07268341763133024,-0.022270117686199273,0.0,0.43487535941112493,32.99697,3700086.0,3700086.0,0.9786640329754503,260.7975286190476,-80666.0,0.0,0.3076923076923077,13.0
0xafe34d1841f1f3616582cf4f5fb5925eab674a02,0.023960597217066504,0.0037575802,0,10.142,1,1764795085,-0.9228456913827652,-0.9238476953907813,-0.9228456913827652,-0.9228456913827652,-0.9238476953907812,0.0,-0.9228456913827652,0.0,0.0,,-0.9228456913827652,0.0,-0.9228456913827652,,,-1.0429613286379416,0,0.07268341763133024,,-0.9228456913827652,0.5266802650512341,5.6,34859382.0,34859382.0,8.013639981186232,34.48434909090909,30509376.0,,0.125,8.0
0xca46bb5c6255fc1aea9d5c0b2771ebd531c5c596,0.023960405041648685,0.0037558186,0,1242.7894589999999,9,1764819103,-0.006563712708539944,-0.007565716716555976,-0.006563712708539944,-0.006563712708539944,-0.025168456879113083,0.0,-0.006563712708539944,0.0,0.0,,-0.006563712708539944,0.0,-0.006563712708539944,,,-0.01599999644641521,0,0.07268341763133024,,-0.006563712708539944,0.1853522050658306,20.4045845,2514856.0,2514856.0,0.5749524922588445,29.332873500000005,-1859168.0,0.0,0.45454545454545453,11.0
0xc5879d16b6ae85cdc90e0187a4c6f70bb705c155,0.023960202504711123,0.003753962,0,1.003,2,1764820211,0.0020040080160320098,0.003006012024048042,0.0020040080160320098,0.0020040080160320098,0.0042511429730653395,-0.09060000000000007,0.0020040080160320098,-0.0935999996989463,0.0,,0.0020040080160320098,-0.08969999969894629,0.0020040080160320098,-0.08840971613147508,-0.09159096613147508,,1,0.07268341763133024,-0.0009866239256938513,0.0020040080160320098,0.08929243843499896,20.0,2423386.0,2423386.0,0.5539000880430579,251.52628254736845,-1951746.0,0.0,0.47368421052631576,19.0
0x822e62e3b5d5077c0a8a6bd122d276ece1c65feb,0.02395986390549198,0.0037508581,0,2456.39897,5,1764826759,-1.483492529660321e-07,-1.5615710838529738e-07,-1.483492529660321e-07,-1.483492529660321e-07,-7.91125902703891e-05,0.0,-1.483492529660321e-07,0.0,0.0,-47.49712999999987,-0.004754644809154387,0.0,-0.009509141269055808,,,-0.04716839793574357,1,0.07268341763133024,-0.0065579725366334525,-1.483492529660321e-07,0.010956054926187214,99.999998,31256532.0,31256532.0,7.133458399517993,422.33291554352445,26874852.0,0.0,0.7838827838827839,266.0
0x8b2b20b3bbffb9bb8d76cd433670e5311fb9d9d5,0.02395957615951301,0.0037482204,0,500.0,2,1764859873,-0.0010020040080160326,-0.0020040080160320653,-0.0010020040080160326,-0.0010020040080160326,-0.002834095315376946,0.0,-0.0010020040080160326,0.0,1.0,,-0.0010020040080160326,0.0,-0.0010020040080160326,,,-0.008000000000000018,0,0.07268341763133024,,-0.0010020040080160326,0.33616528650307864,17.499999,17716286.0,17716286.0,4.012936050923328,50.203398400000005,13301492.0,,0.2857142857142857,7.0
0xea4f986e34f9620c150f6df777c9685636c4f77e,0.02395742717523971,0.00372852,0,500.0,2,1764860315,-0.0010020040080160326,-0.0020040080160320653,-0.0010020040080160326,-0.0010020040080160326,-0.002834095315376946,0.0,-0.0010020040080160326,0.0,1.0,,-0.0010020040080160326,0.0,-0.0010020040080160326,,,-0.007699999999099994,0,0.07268341763133024,,-0.0010020040080160326,0.0996054064336035,4.999999,2340604.0,2340604.0,0.5301197942760024,9.613211355932204,-2074632.0,,0.05454545454545454,55.0
0x72a03dbdd6a2b7258a0e542090e20c71c6be3ddf,0.023957393397663163,0.0037282102,0,2000.0,8,1764868585,-0.0010020040080160328,-0.0020040080160320653,-0.0010020040080160328,-0.0010020040080160328,-0.005668190630753892,0.0,-0.0010020040080160328,0.0,1.0,,-0.0010020040080160328,0.0,-0.0010020040080160328,,,-0.008000000000000007,0,0.07268341763133024,,-0.0010020040080160328,0.161627535870181,29.999999,3270326.0,3270326.0,0.7393063330308584,39.168077913043476,-1153180.0,,0.1875,16.0
0xc4f09b875e6621fef8d600e0c9cc5356e17d990e,0.023957277893940428,0.0037271513,0,60.0,4,1764818521,-0.08183032732130929,-0.08283233132932533,-0.08183032732130929,-0.08183032732130929,-0.17941364080134498,0.0,-0.08183032732130929,0.0,0.0,,-0.08183032732130929,0.0,-0.08183032732130929,,,-0.6652500143400005,0,0.07268341763133024,,-0.08183032732130929,0.2339984603749743,7.0299995,1476688.0,1476688.0,0.33764892732086077,6.8386797999999995,-2896754.0,,0.25,8.0
0x2491c4b1ac73616ae669b92c5fb9032788952509,0.023956865152886177,0.0037233674,0,527.585757,6,1764642424,-0.5726166494383891,-0.573618653446405,-0.5726166494383891,-0.5726166494383891,-1.2701712800274436,0.0,-0.5726166494383891,0.0,0.0,,-0.5726166494383891,0.0,-0.5726166494383891,,,-0.12121391199812453,0,0.07268341763133024,,-0.5726166494383891,0.2785279978302163,4.995,3261459.0,3261459.0,0.7770290505069276,28.19847005263158,-935886.0,,0.3684210526315789,19.0
0x75cbe506ceec7bb80331954e9a47212ea62f1556,0.02395685494365192,0.0037232738,0,42.042,6,1764187361,-0.0006680026720106512,-0.0010020040080159953,-0.0006680026720106512,-0.0006680026720106512,-0.0017355218512713569,0.013566667548235274,-0.0006680026720106512,0.015344444444444447,0.0,41.831999999999994,0.08249832999331998,0.014577777777777782,0.16566466265865062,0.06897499999999934,0.07069999999999933,-0.008199999417396752,2,0.07268341763133024,0.13328970970341447,-0.0006680026720106512,0.0,0.0,36561543.0,36561543.0,9.769852459007632,0.0,32819261.0,0.0,,0.0
0xfaab37ef60570779bf3ac6dbf017a286b14ce6f2,0.023956254206257542,0.0037177661,0,53676.6852,15,1764834339,0.00022130787654466927,0.00044261575308932635,0.00022130787654466927,0.00022130787654466927,0.0013319048172514526,-0.010030120644655381,0.00022130787654466927,-0.01001885440600561,0.0,-220.46934800000025,-0.0018341998457876933,-0.00019687705168190074,-0.003889707568120056,-0.08849699248246042,-0.09059699246593642,-0.17650000000000016,1,0.07268341763133024,-0.00585609039766673,0.00022130787654466927,0.06487253215747447,10.6138385,3374002.0,3374002.0,0.7686949508573199,342.2740323453909,-1015258.0,,0.379746835443038,76.0
0xdd225a03cd7ed89e3931906c67c75ab31cf89ef1,0.02395594783711421,0.0037149573,0,496990.5224180001,145,1764192999,-5.0004703217093244e-05,-0.00010000940643419195,-5.0004703217093244e-05,-5.0004703217093244e-05,-0.0005043508859883499,-0.009644153645229558,-5.0004703217093244e-05,-0.00882947551729092,0.1680505567854135,141.77439502145668,0.003291518134495854,0.0021549491931984245,0.006633040972208801,0.5223806942092176,0.5203493908994841,0.25989999999999996,5,0.07268341763133024,0.13209345471565923,-5.0004703217093244e-05,0.0,0.0,33187001.0,33187001.0,8.854778383743517,0.0,29439081.0,0.0,,0.0
0xf0e819209c78959ebff74e7bfc6d311a35f39b09,0.023955684973200844,0.0037125472,0,100.0,4,1764834745,0.0,0.0,0.0,0.0,0.0,0.0,0.0,0.0,0.0,-0.8500000000000008,-0.0021292585170340694,0.0,-0.004258517034068139,,,-0.14450000000000013,1,0.07268341763133024,-0.004257971815231012,0.0,0.05653632113172039,1.5168,1180430.0,1180430.0,0.26891111988930366,2.352329880829015,-3209236.0,,0.07476635514018691,107.0
0xa9736e281441255fc815a65ae4f9ba4c0b77f0f6,0.02395472526826967,0.003703748,0,4660.0,5,1764603974,0.0,0.0003340013360053442,0.0,0.0,0.0005785072837571403,-0.031100500919754172,0.0,-0.031334835210523306,0.0,-4645.0,-0.07757181028724114,-0.001034835210523298,-0.15514362057448228,-0.0001000000000000001,-0.09100000000000001,-0.0006900109337447469,1,0.07268341763133024,-0.01274081580431492,0.0,0.056610867420262584,80.60235,6760192.0,6760192.0,1.6254779214190307,491.2983963085021,2601297.0,,0.4117647058823529,136.0
0x2be91989bd4cfdbae5b68b2ad1d205e15fe07b6f,0.02395448890300809,0.003701581,0,99.6,1,1764835721,0.003006012024048098,0.0040080160320641305,0.003006012024048098,0.003006012024048098,0.0040080160320641305,-0.09220603013819223,0.003006012024048098,-0.08948793971873444,0.0,,0.003006012024048098,0.001112060281265569,0.003006012024048098,-0.08488191142971693,-0.08848190957810166,,1,0.07268341763133024,-0.004277492116556568,0.003006012024048098,0.40927698304153914,0.571743,9893403.0,9893403.0,2.253293026395684,4.748717053050398,5502761.0,,0.6153846153846154,13.0
0x691eb5db15e1359afcf5b967ce01923c39c8cbbb,0.023953994011087464,0.0036970433,0,120.331916,8,1764825289,-0.014612099040153642,-0.015614103048169679,-0.014612099040153642,-0.014612099040153642,-0.04336428495109867,0.0,-0.014612099040153642,0.0,0.0,,-0.014612099040153642,0.0,-0.014612099040153642,,,0.14310014505570384,0,0.07268341763133024,,-0.014612099040153642,0.04627351174887601,0.999999,1485058.0,1485058.0,0.3390380826490054,2.4485221081081083,-2895152.0,,0.2222222222222222,63.0
0x5ecde7348ea5100af4360dd7a6e0a3fb1d420787,0.023953709254050163,0.0036944323,0,184597.48243799998,78,1764474667,-1.3800323212278962e-05,-2.7600646424557925e-05,-1.3800323212278962e-05,-1.3800323212278962e-05,-0.00023518485640551103,0.1711779577628202,-1.3800323212278962e-05,0.17196481343788841,0.0,582.704320083917,0.016126878121568752,0.1839009712617749,0.03226755656634978,0.20866259208758453,0.20710561685000708,-0.023324908558228562,1,0.07268341763133024,0.0007994836455945014,-1.3800323212278962e-05,0.0,0.0,14243699.0,14243699.0,3.534777997155044,0.0,10214111.0,,,0.0
0xf5b4adda2310d05d7d7e9e685943b88dad289c70,0.02395351769115957,0.0036926758,0,13356.21936,10,1764831503,0.0,0.0,0.0,0.0,0.0,0.0,0.0,0.0,0.0,-358.2087999999999,-0.0033077797673152307,0.0,-0.0066155595346304615,,,-0.22680000000000022,1,0.07268341763133024,-0.004099687632743354,0.0,0.20429564007321416,49.0,11061690.0,11061690.0,2.5218013580082546,514.4877538560606,6675266.0,0.0,0.47368421052631576,19.0
0x42b6ffa7ff305f61f80a363290ee5d9d3ecd876f,0.023953386487693133,0.0036914728,0,7193.335059999999,4,1764819403,0.0020040080160320653,0.003006012024048098,0.0020040080160320653,0.0020040080160320653,0.006003347375069049,-0.09260903386852501,0.0020040080160320653,-0.08909999999999998,0.0,,0.0020040080160320653,-0.08999999981217592,0.0020040080160320653,-0.08819096613147501,-0.087090966131475,,1,0.07268341763133024,-0.0008151847575302745,0.0020040080160320653,0.01598026713904441,15.801999,35757443.0,35757443.0,8.174392889049829,177.03690423809525,31383119.0,0.0,0.9224137931034483,116.0
0x53a4f5be7d64abd9c49835374b5686cb86454447,0.023953072739803898,0.003688596,0,44738.250587999995,15,1764835113,0.0007411862121700167,0.0009264827652125208,0.0007411862121700167,0.0007411862121700167,0.0021544598442541493,-0.05384531740679441,0.0007411862121700167,-0.05283030930002526,0.0,0.8307255499999812,0.0007875111144027629,0.0006988957051437504,0.0008338360166355091,-0.0849288787982873,-0.08835948932916049,,1,0.07268341763133024,-0.004148488386057243,0.0007411862121700167,0.07305283460881563,91.8227345,16451072.0,16451072.0,3.7473677880399103,575.679839078788,12061038.0,,0.3617021276595745,36.0
0x2ed40b79c8a65e1b2ccb95689977e65ddac4ac30,0.023951398664471157,0.0036732452,0,299.8,4,1764840623,0.0,0.0,0.0,0.0,0.0,-0.04569999999999999,0.0,-0.04519849624123028,0.0,0.10000000000001119,0.00012525050100201798,-0.00089849624123027,0.00025050100200403597,-0.08889698635560583,-0.09039699248246055,,1,0.07268341763133024,-0.0053175846937073765,0.0,0.12232798983132269,94.359999,27376236.0,27376236.0,6.228179265183104,192.91479136842102,22980692.0,0.0,0.6333333333333333,30.0
0xb7a813a4b8d0312d1b896c55c338bdd51675285e,0.02395129819463559,0.003672324,0,12403.328631,26,1764820169,1.1229218937338186e-05,1.4972291916451049e-05,1.1229218937338186e-05,1.1229218937338186e-05,0.0002449677244819781,0.0,1.1229218937338186e-05,0.0,0.7792660724723485,9.47878275418178,0.0009869359663512909,0.0,0.001962642713765243,,,0.14309999834489973,1,0.07268341763133024,-0.0019813105845439103,1.1229218937338186e-05,0.029138688515716396,3.45,2224534.0,2224534.0,0.5084544546512186,4.158840236842105,-2150556.0,,0.5972222222222222,72.0
0x2328c8615d22d2d46ffa60e9ba0570d4ac59e304,0.023950399874960823,0.003664086,0,5000.0,5,1764836891,0.0,0.0,0.0,0.0,0.0,0.0,0.0,0.0,0.0,-5.000000000000004,-0.00025050100200400816,0.0,-0.0005010020040080163,,,-0.014700000000000046,1,0.07268341763133024,-0.006684430140872923,0.0,0.23619582356376184,9.999996,1717609.0,1717609.0,0.39109347121415944,8.931427000000001,-2674203.0,,0.7272727272727273,7.0
0x9b8a536de834b1a5de6655645bc0a0b718200724,0.023949122921654267,0.0036523757,0,2500.0,2,1764861765,-0.0010020040080160326,-0.0020040080160320653,-0.0010020040080160326,-0.0010020040080160326,-0.0028340953153769455,0.0,-0.0010020040080160326,0.0,1.0,,-0.0010020040080160326,0.0,-0.0010020040080160326,,,-0.007999996395222975,0,0.07268341763133024,,-0.0010020040080160326,0.03468940139141024,29.999999,2385518.0,2385518.0,0.5401149187422425,41.246709476744186,-2031168.0,,0.5263157894736842,57.0
0x497f2a969ff34a29cd5a7763726a2baf12d3da80,0.023948354892732514,0.003645332,0,2.0,2,1764878147,-0.0010020040080160326,-0.0020040080160320653,-0.0010020040080160326,-0.0010020040080160326,-0.002834095315376946,0.0,-0.0010020040080160326,0.0,1.0,,-0.0010020040080160326,0.0,-0.0010020040080160326,,,-0.008000000000000007,0,0.07268341763133024,,-0.0010020040080160326,0.03319579393929531,28.9999985,2188638.0,2188638.0,0.49370729255675755,44.82592524166667,-2244430.0,,0.4657534246575342,72.0
0x37ac36f084d24c2779034c2d4a777cfbdd219751,0.023947832351287276,0.0036405397,0,1019.764398,7,1764630920,-0.0009844768087226858,-0.0019689536174453703,-0.0009844768087226858,-0.0009844768087226858,-0.003061661175871269,-0.0015640661720681954,-0.0009844768087226858,-0.0018693041004817735,0.9805805744433583,15.767930928,0.0009559219119218958,-0.001822075309265919,0.0028963206325664775,6.942190475126741,6.937390475126741,-0.008100000000000907,1,0.07268341763133024,0.03917660822882546,-0.0009844768087226858,0.07413739202503722,4.999995,1312285.0,1312285.0,0.31350569694357716,5.635842590909092,-2873556.0,,0.09523809523809523,21.0
0x969097f45ae54696d3a8726c6ae66f3716861306,0.02394730954171538,0.0036357448,0,18.5,3,1764879011,-0.0010020040080160326,-0.0020040080160320653,-0.0010020040080160326,-0.0010020040080160326,-0.002824430534225076,0.0,-0.0010020040080160326,0.0,1.0,,-0.0010020040080160326,0.0,-0.0010020040080160326,,,-0.008100000000000007,0,0.07268341763133024,,-0.0010020040080160326,0.20444356999634358,9.999999,9670421.0,9670421.0,2.181003452466118,16.0055347948718,5236489.0,,0.07142857142857142,14.0
0x087c852bb3bc6a0adbb829d3a8201b73f56c7597,0.023946977085908278,0.0036326956,0,1.0204,2,1764829657,0.01903807615230462,0.02004008016032065,0.01903807615230462,0.01903807615230462,0.028340953153769454,-0.07373848146093553,0.01903807615230462,-0.07041540985051836,0.0,,0.01903807615230462,0.024684590149481656,0.01903807615230462,-0.06661540985051835,-0.07041540985051836,,1,0.07268341763133024,-0.0029908496465764576,0.01903807615230462,0.021483118765685615,22.5,2239872.0,2239872.0,0.5108523556885064,136.30611504761904,-2144706.0,,0.5125,80.0
0x9dfe3b0c6314ec5f36205df22a41f6a0a82874c8,0.023945073979845344,0.0036152403,0,3132.63944,10,1764633288,0.0,-1.746691561521154e-17,0.0,0.0,-4.012700574150804e-09,0.0,0.0,0.0,0.0,-908.4167599999997,-0.11377965430861722,0.0,-0.22755930861723445,,,-0.03288970401889413,1,0.07268341763133024,-0.0006594467013024709,0.0,0.0919699080950535,21.651428,1780381.0,1780381.0,0.42509363787719284,283.1964258727273,-2407828.0,,0.4339622641509434,51.0
0x1d9a2c92bf630cc92b1b20a950008e84aa56db3f,0.023944747519453295,0.003612246,0,367.2093,4,1764799833,-0.015589478502403472,-0.01562370348265024,-0.015589478502403472,-0.015589478502403472,-0.1195534496964781,0.0,-0.015589478502403472,0.0,0.0,-364.40000000000003,-0.12774400010242865,0.0,-0.23989852170245382,,,-1.0440222906694505,1,0.07268341763133024,-0.010384375950819025,-0.015589478502403472,0.0673658691361715,83.48111,160383826.0,160383826.0,36.82959496678802,409.9101670381471,156029072.0,,0.5652173913043478,92.0
0xe9bab3353c6230deef482e204acd88b37660b514,0.02394383476827362,0.0036038735,0,9.85,3,1764831481,-0.0006680026720106512,-0.0010020040080159956,-0.0006680026720106512,-0.0006680026720106512,-0.0017355218512713569,-0.020394845259974533,-0.0006680026720106512,-0.01954809663612548,0.0,0.13500000000000012,0.0015865063460254224,0.012918570030541202,0.003841015364061496,-0.05724428990837621,-0.05864428990837621,-0.010599999999999055,1,0.07268341763133024,-0.0033778608380744327,-0.0006680026720106512,0.20986623187430425,0.289435,1914438.0,1914438.0,0.4364483693013089,2.694147840425532,-2471964.0,,0.5357142857142857,28.0
0xd66d6ac55d1e60839e185746e9d0bb774896a6ae,0.023943412024110662,0.0035999957,0,1.003,2,1764886085,0.0020040080160320098,0.003006012024048042,0.0020040080160320098,0.0020040080160320098,0.0042511429730653395,-0.08979548306573756,0.0020040080160320098,-0.09019548306573758,0.0,,0.0020040080160320098,0.0013045169342624247,0.0020040080160320098,0.0023090338685249215,-0.08919096613147506,,1,0.07268341763133024,-0.014963584029168423,0.0020040080160320098,0.2701976411560071,0.999999,42683693.0,42683693.0,9.611266681468118,5.376792677685951,38242687.0,0.0,0.6190476190476191,105.0
0x021a01060f2890aa30675fb8968dcee8d62da1e2,0.023943073174094363,0.0035968875,0,19.999996,2,1764841353,0.001002096208026073,0.0020041002160421056,0.001002096208026073,0.001002096208026073,0.002834225705881596,-0.09240290617436914,0.001002096208026073,-0.09139989850607766,0.0,,0.001002096208026073,-0.0027998985060776554,0.001002096208026073,-0.08869689084982223,-0.09039689084982223,,1,0.07268341763133024,-0.0054724740411818944,0.001002096208026073,0.43065293074688743,0.999999,4125607.0,4125607.0,0.9384326363643395,3.561692529411764,-270667.0,,0.09090909090909091,11.0
0x2b1f37cc27813d3539e6e1e1d85fa2e22ab08153,0.023942008225598603,0.0035871183,0,100.75,3,1764827321,-0.018888894414138435,-0.019890898422154468,-0.018888894414138435,-0.018888894414138435,-0.03233245096375778,0.0,-0.018888894414138435,0.0,0.0,,-0.018888894414138435,0.0,-0.018888894414138435,,,0.08463573200992583,0,0.07268341763133024,,-0.018888894414138435,0.14587958638200874,1.9999995,1708277.0,1708277.0,0.3898180429104554,5.433055742574258,-2673965.0,,0.31666666666666665,60.0
0x439252e3d8e1a7bd1495f77dcf53af5d08ef68c3,0.0239419632763364,0.003586706,0,3065.5550000000003,7,1764816709,0.0,6.0098150350022484e-05,0.0,0.0,0.000245394758552567,0.0,0.0,0.0,0.0,-1166.4554400000002,-0.10525797959417653,0.0,-0.21051595918835306,,,-1.0545897186609792,1,0.07268341763133024,-0.011223748907817924,0.0,0.021882985185907096,114.5232,49092142.0,49092142.0,11.229711114618574,424.10999043664924,44720512.0,0.0,0.7142857142857143,207.0
0x057a14fd2f531be123b034b801c5e062513672be,0.023941414171017895,0.0035816687,0,9094.270116,18,1764827989,9.894679717571673e-10,1.319290629009557e-09,9.894679717571673e-10,9.894679717571673e-10,2.2995082065568446e-06,-0.006506655529044629,9.894679717571673e-10,-0.006392996854298459,0.0,-20.356124632000025,-0.003008023704879687,0.0008117254804420231,-0.006016048399227346,-0.0751697590444498,-0.07566975307092627,-0.20270000000000107,1,0.07268341763133024,-0.0026369380964565985,9.894679717571673e-10,0.054207865341034965,99.999999,3786989.0,3786989.0,0.8640353098740334,212.60023781980198,-595921.0,,0.36129032258064514,155.0
0x5be78e99197891cd5b07c432d1ab7eba50b1d440,0.023941360593615752,0.0035811772,0,39.939696,4,1764819669,-5.943745778357374e-09,2.377653577970889e-08,-5.943745778357374e-09,-5.943745778357374e-09,9.762068491387528e-06,-0.04575325763332787,-5.943745778357374e-09,-0.04624723034400461,0.0,-0.010029476006216216,-0.00012524915836142035,-0.04429721877627662,-0.0002504923729770624,-0.08718185155869224,-0.09048185155869223,,1,0.07268341763133024,-0.0008716238896237293,-5.943745778357374e-09,0.013581626541890914,70.16938,18471832.0,18471832.0,4.22252873983619,421.5865030477746,14097242.0,0.0,0.7800751879699248,517.0
0x4f2b6c9eb5ff44f3537ceeb91f5f98cc96c156c9,0.023940334955353217,0.003571768,0,186.439,1,1764858593,0.0020040080160320653,0.003006012024048098,0.0020040080160320653,0.0020040080160320653,0.003006012024048098,-0.09250000000000001,0.0020040080160320653,-0.09180904187852591,0.0,,0.0020040080160320653,-0.0020090338685551036,0.0020040080160320653,-0.0013909625720748683,-0.08779097414147581,,1,0.07268341763133024,-0.009130408767840388,0.0020040080160320653,0.050617229956238415,149.15499549999998,2890731.0,2890731.0,0.6549726589742323,140.01681682692308,-1522783.0,,0.8,30.0
0xbb2182138b986790638ff3850e0b9a78b070e043,0.023940196437069728,0.0035704973,0,348381.43199899996,25,1764876621,-0.001148298182955598,-0.00215030219097163,-0.001148298182955598,-0.001148298182955598,-0.007198453787960699,0.0,-0.001148298182955598,0.0,0.9456047608213105,,-0.001148298182955598,0.0,-0.001148298182955598,,,-0.008099999999999996,0,0.07268341763133024,,-0.001148298182955598,0.1080038025416538,108.31,35175582.0,35175582.0,7.937549051774755,381.529768875,30744040.0,0.0,0.11764705882352941,17.0
0x1bfec39c98796ae25aec24c6e5821b6a1cc1ab8d,0.023939664044832176,0.003565613,0,29354.901499999996,5,1764841447,0.0,0.0,0.0,0.0,0.0,-0.04620150376478775,0.0,-0.045450000000000004,0.0,7.349750000000013,0.00012525050100200416,-0.0013000000000000008,0.0002505010020040083,-0.08869699248246055,-0.08989699248246057,,1,0.07268341763133024,-0.005492418696884093,0.0,0.03441774427320991,55.286764500000004,2771218.0,2771218.0,0.6303425918849378,407.8514552604651,-1625150.0,0.0,0.4608695652173913,112.0
0x4522f67a742c433d06ca7005ff877512b183ff26,0.023939499923765196,0.0035641072,0,51.359978,6,1764839937,-1.5605990470019352e-09,-2.3408985703869043e-09,-1.5605990470019352e-09,-1.5605990470019352e-09,-2.652690945126745e-06,0.0,-1.5605990470019352e-09,0.0,0.0,-12.839979002999893,-0.0002505023480772613,0.0,-0.0005010031355554756,,,-0.009549998646260978,1,0.07268341763133024,-0.01076290005478415,-1.5605990470019352e-09,0.024730967089527343,10.0,1107834.0,1107834.0,0.2520750386019298,16.036548087719297,-3287024.0,,0.24096385542168675,83.0
0x3939a40d370cfde2bc41fcb9f427d91179886d6c,0.02393947632209385,0.0035638907,0,27.219996,2,1764836705,0.0020040188060927383,0.003006022814108771,0.0020040188060927383,0.0020040188060927383,0.00425115823251556,-0.09140451334286862,0.0020040188060927383,-0.0916999851045341,0.0,,0.0020040188060927383,-0.004699985104534097,0.0020040188060927383,-0.08669095420495669,-0.0896909542049567,,1,0.07268341763133024,-0.004486274469864686,0.0020040188060927383,0.04587939868192847,54.001425,40050934.0,40050934.0,9.119841716940376,225.74700677040815,35659308.0,0.0,0.8378378378378378,74.0
0xacf4c9d737a0c4c25071d1e5ee58c9b8a37241e3,0.023938922805963977,0.0035588124,0,25.559998,4,1764848727,-0.0020040077815254727,-0.0030060117895415054,-0.0020040077815254727,-0.0020040077815254727,-0.005743179401962171,0.0,-0.0020040077815254727,0.0,0.0,,-0.0020040077815254727,0.0,-0.0020040077815254727,,,-0.015849995531783713,0,0.07268341763133024,,-0.0020040077815254727,0.12013464655978136,4.999999,2123770.0,2123770.0,0.48227515005740695,8.300571235294118,-2279878.0,,0.07142857142857142,14.0
0xe95e726d0ca927874f3998d815bfec51d19261f2,0.02393735703529461,0.0035444465,0,10000.0,2,1764885825,-0.0040080160320641305,-0.005010020040080163,-0.0040080160320641305,-0.0040080160320641305,-0.0070852382884423635,0.0,-0.0040080160320641305,0.0,0.0,,-0.0040080160320641305,0.0,-0.0040080160320641305,,,-0.03230000000000092,0,0.07268341763133024,,-0.0040080160320641305,0.03495182316489764,47.5,85826026.0,85826026.0,19.326938762090872,254.40491502204722,81385280.0,0.0,0.7704081632653061,127.0
0xa2423bf6fbb4de39c028c8ef7fc4df5be55c34ef,0.02393722048775498,0.0035431937,0,333.333333,2,1764971577,-0.0020040065250501006,-0.0030060105330661333,-0.0020040065250501006,-0.0020040065250501006,-0.004251140864498503,0.0,-0.0020040065250501006,0.0,0.0,,-0.0020040065250501006,0.0,-0.0020040065250501006,,,-0.016099888945599224,0,0.07268341763133024,,-0.0020040065250501006,0.08626713398918924,4.999999,2402194.0,2402194.0,0.5306959154737283,4.357142642857143,-2124304.0,,0.0,14.0
0x0fc0d96996b1c77bf01c31c1130d1bdd99584cad,0.023937004007791897,0.0035412074,0,147782.152688,99,1764666412,-1.0394192651880933e-09,-1.2992740810297786e-09,-1.0394192651880933e-09,-1.0394192651880933e-09,-6.750238831671911e-06,0.0,-1.0394192651880933e-09,0.0,0.0,-4766.276447973333,-0.02045325364380155,0.0,-0.04090650624818384,,,-1.0426041087403322,1,0.07268341763133024,-0.006263046244866903,-1.0394192651880933e-09,0.034795927564448305,93.0,9332674.0,9332674.0,2.2108357715442017,273.52101476359337,5111341.0,,0.7894736842105263,76.0
0x1e19f866e0b6ca1d919dffa917ebcb30a95be721,0.023936608481932447,0.0035375783,0,1.999998,2,1764827671,-0.01703405060520989,-0.018036054613225924,-0.01703405060520989,-0.01703405060520989,-0.02550683304572593,0.0,-0.01703405060520989,0.0,0.0,,-0.01703405060520989,0.0,-0.01703405060520989,,,-0.08809985478319565,0,0.07268341763133024,,-0.01703405060520989,0.02362045431326792,12.2829,1694131.0,1694131.0,0.38655914125704605,12.78920212857143,-2688461.0,,0.5306122448979592,96.0
0x7f855dd2f62f46a6cb48620e1fc138f5ddf58693,0.02393652679941743,0.0035368288,0,149.259259,3,1764830351,-0.025850705731852303,-0.02685270973986834,-0.025850705731852303,-0.025850705731852303,-0.04186737192429603,0.0,-0.025850705731852303,0.0,0.0,,-0.025850705731852303,0.0,-0.025850705731852303,,,-0.19287196201375784,0,0.07268341763133024,,-0.025850705731852303,0.3599698040160567,0.084,31257913.0,31257913.0,7.127930262934659,1.361706111111111,26872641.0,0.0,0.2857142857142857,5.0
0xa9b3e186e4ab2727859a7453b757a75140437cfa,0.023935723056955915,0.0035294539,0,1.999996,2,1764824205,0.01102231336319058,0.012024317371206612,0.01102231336319058,0.01102231336319058,0.017004952704638795,-0.08187177974874947,0.01102231336319058,-0.07863523789180914,0.0,,0.01102231336319058,-0.07933522821180797,0.01102231336319058,-0.07999540838963529,-0.07659869244007445,,1,0.07268341763133024,-0.001834059615848957,0.01102231336319058,0.38456607449363717,19.999997,36551521.0,36551521.0,8.346761659746717,139.68110112068965,32172395.0,0.0,0.3269230769230769,104.0
0xade6bcac1f97b7935878796d6a79e1ff72a28083,0.02393555312620699,0.0035278946,0,115.376894,6,1764726575,-5.110978879679653e-05,-5.1219939203726386e-05,-5.110978879679653e-05,-5.110978879679653e-05,-0.006908690429380417,0.0,-5.110978879679653e-05,0.0,0.0,-82.81231998000334,-0.11623475999000821,0.0,-0.23241841019121962,,,-1.0357257623238356,1,0.07268341763133024,-0.02201677812334369,-5.110978879679653e-05,0.26350036444692343,67.999998,4031021.0,4031021.0,0.9414982520128479,122.20256374242423,-250475.0,,0.5813953488372093,43.0
0x4018f2f161d54790cdb00e4257494d68d37dd14a,0.023934473559313166,0.0035179884,0,0.29,2,1764819397,0.0,-0.0010020040080160326,0.0,0.0,-0.0014032339855716987,0.0,0.0,0.0,1.0,,0.0,0.0,0.0,,,0.27814999971826393,0,0.07268341763133024,,0.0,0.0,0.0,3607654.0,3607654.0,0.8247351930060869,0.0,-766664.0,0.0,,0.0
0xebfdc7346e8cbe36466ab8e6f527b6aa4c6b69ab,0.023934428750714384,0.0035175772,0,458.62,1,1764858595,0.0020040080160320653,0.003006012024048098,0.0020040080160320653,0.0020040080160320653,0.0030060120240480975,-0.09250000000000001,0.0020040080160320653,-0.09180904187852591,0.0,,0.0020040080160320653,-0.0020090338685551036,0.0020040080160320653,-0.0013909625720748683,-0.08779097414147581,,1,0.07268341763133024,-0.009130833122217031,0.0020040080160320653,0.054143263909197825,113.83188,3028072.0,3028072.0,0.6860906361277493,164.2879121846154,-1385444.0,,0.9523809523809523,42.0
0xdb2f43d4b106fdf1ec59394a570c8a8137ff09fc,0.023933883213855818,0.003512571,0,19.999998,2,1764832351,-0.034068132975951876,-0.0350701369839679,-0.034068132975951876,-0.034068132975951876,-0.04959666335700967,0.0,-0.034068132975951876,0.0,0.0,,-0.034068132975951876,0.0,-0.034068132975951876,,,-0.2593999733509998,0,0.07268341763133024,,-0.034068132975951876,0.1168995270931549,82.7,29956033.0,29956033.0,6.827940688427797,196.86774457831325,25568761.0,0.0,0.5789473684210527,19.0
0xfd0ee585bf699259f6a1671b4b1675d07f07a9c8,0.023933270986805047,0.003506953,0,500.0,2,1764635466,-0.9208416833667332,-0.9218436873747492,-0.9208416833667332,-0.9208416833667332,-1.3036838450733939,0.0,-0.9208416833667332,0.0,0.0,,-0.9208416833667332,0.0,-0.9208416833667332,,,-0.016964610223595068,0,0.07268341763133024,,-0.9208416833667332,0.04294223827014666,36.55092,36431586.0,36431586.0,8.694086250267576,204.84422031166343,32241199.0,0.0,0.6515151515151515,132.0
0xe7cfca5e480c9ca8c6dae212cd822144f57d47bf,0.0239331112216543,0.0035054868,0,2000.0,8,1764934955,-0.0030060120240480983,-0.0040080160320641305,-0.0030060120240480983,-0.0030060120240480983,-0.011336381261507784,0.0,-0.0030060120240480983,0.0,0.0,,-0.0030060120240480983,0.0,-0.0030060120240480983,,,-0.024100000299700018,0,0.07268341763133024,,-0.0030060120240480983,0.22473093309831474,0.999999,26414611.0,26414611.0,5.883149334190967,1.6942201874999998,21924735.0,,0.8461538461538461,13.0
0xee16cd7aa7894a1a6aad75c05aaa93678fee7103,0.02393301737248196,0.0035046255,0,1000.0,2,1765059323,0.0,-0.0010020040080160326,0.0,0.0,-0.0014170476576884727,0.0,0.0,0.0,1.0,,0.0,0.0,0.0,,,0.0,0,0.07268341763133024,,0.0,0.0702479290946663,2.0,3360770.0,3360770.0,0.7283468321137764,2.3157892631578947,-1253474.0,,0.0,19.0
0x3f3f747bbabb6eb97174c687f2a89ea32dd9c912,0.023932630689262657,0.003501077,0,942.633333,3,1764895947,-0.004312914708520653,-0.005314918716536684,-0.004312914708520653,-0.004312914708520653,-0.009058120679230178,0.0,-0.004312914708520653,0.0,0.0,,-0.004312914708520653,0.0,-0.004312914708520653,,,-0.03456474421721354,0,0.07268341763133024,,-0.004312914708520653,0.2364898925299203,5.0,86181049.0,86181049.0,19.362751040920557,4.898805,81730181.0,0.0,0.5,6.0
0xcbe2bedfe0580be4b8a0762fd031a20d37bcf885,0.023932489702743257,0.003499783,0,19.999999999999996,4,1764630980,-0.919338677354709,-0.9203406813627251,-0.919338677354709,-0.919338677354709,-1.8406813627254501,0.0,-0.919338677354709,0.0,0.0,,-0.919338677354709,0.0,-0.919338677354709,,,0.024122578212071165,0,0.07268341763133024,,-0.919338677354709,0.028818082677479744,5.0,2068195.0,2068195.0,0.49408598053322333,6.96675962105263,-2117706.0,,0.3867924528301887,106.0
0x29efb149c85a53729c266b7918bfa921a70dddda,0.023932351989862086,0.0034985193,0,40.0,5,1764622238,0.0,0.0,0.0,0.0,0.0,0.12275000000000033,0.0,0.10515000000000005,0.0,18.44,0.11548096192384766,0.10815000000000005,0.23096192384769532,0.3592010400461228,0.3543010400461229,,1,0.07268341763133024,0.04101873057783063,0.0,0.0,0.0,43581725.0,43581725.0,10.433341177580264,0.0,39404566.0,0.0,,0.0
0x815c982de2f497ae3fd933436ed655e213ba85c5,0.023931639157925608,0.0034919775,0,29.999998,3,1764830481,-0.02705410643580491,-0.02805611044382094,-0.02705410643580491,-0.02705410643580491,-0.04152857910920335,0.0,-0.02705410643580491,0.0,0.0,,-0.02705410643580491,0.0,-0.02705410643580491,,,-0.20269998549037477,0,0.07268341763133024,,-0.02705410643580491,0.21898268406533197,11.0,3484503.0,3484503.0,0.7945686621203711,22.492142285714287,-900899.0,,0.15384615384615385,13.0
0x161f2db0e40c59b2f29e898efb63cc415228b075,0.023930884157611708,0.0034850484,0,0.083,1,1764819397,0.0,-0.0010020040080160326,0.0,0.0,-0.0010020040080160326,0.0,0.0,0.0,1.0,,0.0,0.0,0.0,,,0.2705999994365278,0,0.07268341763133024,,0.0,0.0,0.0,3520696.0,3520696.0,0.804855979835028,0.0,-853622.0,0.0,,0.0
0xef2a2e5397a610a01040212974b53cff7799bd7e,0.023930884157611708,0.0034850484,0,0.144,1,1764819397,0.0,-0.0010020040080160326,0.0,0.0,-0.0010020040080160326,0.0,0.0,0.0,1.0,,0.0,0.0,0.0,,,0.2705999994365278,0,0.07268341763133024,,0.0,0.0,0.0,3520696.0,3520696.0,0.804855979835028,0.0,-853622.0,0.0,,0.0
0x71d0639d545f0247a84d34f0493c832062defd10,0.023930709364144445,0.0034834442,0,19.299996,2,1764832129,0.02905816054908457,0.030060164557100602,0.02905816054908457,0.02905816054908457,0.0425114924038187,-0.06223123189560917,0.02905816054908457,-0.05969098580928856,0.0,,0.02905816054908457,0.03800902303630877,0.02905816054908457,-0.05724423711384835,-0.05864423711384835,,1,0.07268341763133024,-0.003515351656106608,0.02905816054908457,0.04563208328930184,4.78731,3560120.0,3560120.0,0.8115065932688252,6.288758890510949,-826930.0,0.0,0.7073170731707317,41.0
0x7ce190a7163e5e9368482d9f013d621403647b18,0.023930442686002914,0.0034809967,0,272.181,1,1764858595,0.0020040080160321763,0.003006012024048209,0.0020040080160321763,0.0020040080160321763,0.003006012024048209,-0.09249999999999989,0.0020040080160321763,-0.09180904187852579,0.0,,0.0020040080160321763,-0.002009033868554981,0.0020040080160321763,-0.0013909625720747451,-0.08779097414147569,,1,0.07268341763133024,-0.009130833122217031,0.0020040080160321763,0.06253227325511926,123.24302,3039630.0,3039630.0,0.6887094099126411,146.84077786567164,-1373886.0,,0.8055555555555556,35.0
0x2631ae29825470a26e3ee846d2e604a0e4e450f3,0.023930308637697083,0.0034797664,0,1000.0,2,1764897695,-0.0040080160320641305,-0.005010020040080163,-0.0040080160320641305,-0.0040080160320641305,-0.0070852382884423635,0.0,-0.0040080160320641305,0.0,0.0,,-0.0040080160320641305,0.0,-0.0040080160320641305,,,-0.03220000000000003,0,0.07268341763133024,,-0.0040080160320641305,0.15466646439397053,21.7473995,1480776.0,1480776.0,0.33256314939352505,42.63959890909091,-2971840.0,,0.3333333333333333,18.0
0x48b3d4f34cf7cf957f072d42d5f6509e2e880d49,0.02393000842694562,0.003477011,0,1.099012,2,1764741875,-0.9198396538302314,-0.9208416578382472,-0.9198396538302314,-0.9198396538302314,-1.3022667613129744,0.0,-0.9198396538302314,0.0,0.0,,-0.9198396538302314,0.0,-0.9198396538302314,,,-1.0356637331408016,0,0.07268341763133024,,-0.9198396538302314,0.2913151580163401,1.49264,32621308.0,32621308.0,7.592007626147483,5.975940827586207,28324512.0,0.0,0.0625,16.0
0x4020166b330125d224dbd46449bb5fef8de611d1,0.023930004824641863,0.003476978,0,2000.997999,4,1764851655,2.0040039760235547e-09,4.0080079840470546e-09,2.0040039760235547e-09,2.0040039760235547e-09,2.834092458658092e-06,-0.04660159642224018,2.0040039760235547e-09,-0.045750090958221565,0.0,0.5010004920000382,0.0001252523775057345,-4.999955840436994e-05,0.00025050275100749295,0.001303008798614965,-0.09049699139779141,,1,0.07268341763133024,-0.007658323435267498,2.0040039760235547e-09,0.015132323221161134,99.999999,41344614.0,41344614.0,9.382480638028255,210.6336775308151,36938038.0,0.0,0.65,220.0
0xa5f2948c47aac1e8cfdf6cfb878e7a64c9e29d80,0.023929672476342936,0.0034739277,0,2000.0,4,1765056165,0.0,-0.0010020040080160326,0.0,0.0,-0.0020040080160320653,0.0,0.0,0.0,1.0,,0.0,0.0,0.0,,,0.0,0,0.07268341763133024,,0.0,0.16262983309594722,1.0,7996807.0,7996807.0,1.7342567455909519,1.8888878888888887,3385721.0,,0.1111111111111111,9.0
0x77913ca2d6733d920139c53d29c796b62535d121,0.02392901621519906,0.0034679044,0,199.999996,3,1764684800,-0.9139147373256811,-0.9149167413336969,-0.9139147373256811,-0.9139147373256811,-1.4559923131761305,0.0,-0.9139147373256811,0.0,0.0,,-0.9139147373256811,0.0,-0.9139147373256811,,,-1.0125363016001017,0,0.07268341763133024,,-0.9139147373256811,0.009172766620349536,65.4066,3153205.0,3153205.0,0.7437293633236716,76.52768522149837,-1086516.0,,0.7127659574468085,188.0
0x7d5d1a52196ee18fb70b30944ca5ec2b51043bac,0.023927053472579868,0.003449889,0,2.2666660000000003,2,1764927647,0.002004008900153443,0.0030060129081694756,0.002004008900153443,0.002004008900153443,0.0042511442234018605,-0.08569096515423413,0.002004008900153443,-0.09149548187771556,0.0,,0.002004008900153443,0.0010045180866406131,0.002004008900153443,0.0019089412216667405,-0.09049096494211954,,1,0.07268341763133024,-0.02378209233017656,0.002004008900153443,0.25832109066490916,1.999998,6578041.0,6578041.0,1.4674715475593454,38.73986094736842,2095473.0,,0.6111111111111112,18.0
0x14ac98627779a0a74c6cdf3ccb2e31e1b1c4dd9f,0.023926105083004374,0.0034411834,0,10077.679998,11,1764830567,-1.77567587027678e-08,-1.9634623191623608e-08,-1.77567587027678e-08,-1.77567587027678e-08,-2.698030637250033e-05,0.0,-1.77567587027678e-08,0.0,0.0,-180.74068604066701,-0.0041595316786612775,0.0,-0.008319045600563851,,,-0.2674999998846152,1,0.07268341763133024,-0.018463234573339257,-1.77567587027678e-08,0.025105217799014718,149.999999,4753454.0,4753454.0,1.083905371534479,196.30212030303034,367966.0,,0.4918032786885246,117.0
0x025ad7b15fc6bed8107faebba4f44aec2d39b035,0.023925996397212407,0.0034401857,0,9.999998999999999,2,1764918443,-0.0020040077166332826,-0.0030060117246493152,-0.0020040077166332826,-0.0020040077166332826,-0.0042511425496516,0.0,-0.0020040077166332826,0.0,0.0,,-0.0020040077166332826,0.0,-0.0020040077166332826,,,-0.016099997579720138,0,0.07268341763133024,,-0.0020040077166332826,0.047728944085623816,17.23066,1501430.0,1501430.0,0.33563778847417736,24.61395386419753,-2971934.0,,0.16666666666666666,48.0
0x8867e256745facf005d47abee9e329694b80ee24,0.023925858949055693,0.003438924,0,975.0,4,1764851187,0.0,0.0,0.0,0.0,0.0,0.0,0.0,0.0,0.0,-0.48750000000000043,-0.00012525050100200408,0.0,-0.00025050100200400816,,,-0.02410000000000091,1,0.07268341763133024,-0.015447772372917534,0.0,0.06201114793696037,3.0,1229888.0,1229888.0,0.2791325133201456,4.57559431707317,-3176220.0,,0.36666666666666664,28.0
0x2fc836c9aa3d2e521c6572a259161123f82d849b,0.023925427155317636,0.0034349603,0,0.9979199999999999,3,1764818641,-0.0006680026720106884,-0.0010020040080160326,-0.0006680026720106884,-0.0006680026720106884,-0.001735521851271421,0.037662996028593985,-0.0006680026720106884,0.0380955939607512,0.0,0.08045999999999996,0.011773547094188368,0.03986226062741787,0.024215096860387423,0.1179511470948021,0.11556736042813542,-0.015999999999999136,1,0.07268341763133024,-0.0006535057400294756,-0.0006680026720106884,0.07693759290256956,4.9249915,1362748.0,1362748.0,0.3115876715592462,6.70326384,-3010814.0,0.0,0.4444444444444444,27.0
0x5ac8b87cf0a10cf01808648c30579c2a556b1b12,0.023924211102269118,0.003423797,0,57.05994,4,1764916935,2.1057140023451138e-07,4.2114280046902275e-07,2.1057140023451138e-07,2.1057140023451138e-07,2.9051222831993048e-05,-0.046708310309686765,2.1057140023451138e-07,-0.04615969843438059,0.0,0.01903000000000002,0.00012543475097720927,-5.001050751287176e-05,0.00025065893055418407,0.0007030075175394623,-0.09129699248246055,,1,0.07268341763133024,-0.02150925028887924,2.1057140023451138e-07,0.3014916128750608,10.1499995,18623730.0,18623730.0,4.164653334096625,11.601601125,14151874.0,,0.0,6.0
0x80c65de4e3eb99d4d7f540b26cc45cd90b0be3c1,0.023922498975615016,0.0034080788,0,1833.333333,2,1764904643,-0.005010019771178695,-0.006012023779194728,-0.005010019771178695,-0.005010019771178695,-0.008502285565846734,0.0,-0.005010019771178695,0.0,0.0,,-0.005010019771178695,0.0,-0.005010019771178695,,,-0.03999999777214612,0,0.07268341763133024,,-0.005010019771178695,0.04104916067461083,149.999999,40640906.0,40640906.0,9.113201649309215,370.7836985238095,36181342.0,0.0,0.3617021276595745,94.0
0x8310bbf5ba070c64494fb7f01ee82b73a6d6d990,0.023922100361375775,0.0034044192,0,1.9999989999999999,2,1764919785,-0.002004006516032097,-0.0030060105240481295,-0.002004006516032097,-0.002004006516032097,-0.004251140851745119,0.0,-0.002004006516032097,0.0,0.0,,-0.002004006516032097,0.0,-0.002004006516032097,,,-0.01599998757460025,0,0.07268341763133024,,-0.002004006516032097,0.0,0.0,1516144.0,1516144.0,0.33882538875179735,0.0,-2958562.0,,,0.0
0xa09c9663ee39d05323eabcd22c0e6389e0e3f710,0.023921660949815023,0.003400385,0,1321.1524,4,1764819405,0.0,0.0,0.0,0.0,0.0,-0.04630451693426256,0.0,-0.04455000000000006,0.0,0.6619000000000006,0.00025050100200400816,-0.04499999990608803,0.0005010020040080163,-0.08819096613147513,-0.08709096613147513,,1,0.07268341763133024,-0.000815609111906917,0.0,0.010938680428995678,65.1308,15635495.0,15635495.0,3.5743780870470103,368.82572792552645,11261169.0,0.0,0.8012048192771084,494.0
0x18e02f97cf02a5c3fcb2023d987d975cca2ed024,0.023921314234367122,0.0033972017,0,2155.0394739999997,34,1764818357,0.0019796045075923226,0.002216189925347989,0.0019796045075923226,0.0019796045075923226,0.011691250259814306,-0.023125032318475625,0.0019796045075923226,-0.023179677354775358,0.0,9.342762906666634,0.003157339996272315,-0.018994659694053166,0.004335075484952307,-0.07954377997034452,-0.08256600059225289,0.16259999522399898,1,0.07268341763133024,-0.0006182843267681468,0.0019796045075923226,0.3440361743091913,2.5,14161506.0,14161506.0,3.238190208809044,6.092179014629048,9788228.0,,0.296875,64.0
0x9f5410f21eefbaeb16f1b590dcaa3875f4b6adfe,0.023920394138429352,0.0033887539,0,1000.0,2,1764945017,-0.0020040080160320653,-0.003006012024048098,-0.0020040080160320653,-0.0020040080160320653,-0.0042511429730654185,0.0,-0.0020040080160320653,0.0,0.0,,-0.0020040080160320653,0.0,-0.0020040080160320653,,,-0.015700000000000013,0,0.07268341763133024,,-0.0020040080160320653,0.2850983839534069,4.9999965,19476144.0,19476144.0,4.328091631484701,23.46896472580645,14976206.0,,0.47540983606557374,61.0
0xaa05de09cee00b27ca514aadc0c601559008fed7,0.023920334546271536,0.0033882067,0,2242.189057,8,1764822309,-0.01991361301987185,-0.020915617027887884,-0.01991361301987185,-0.01991361301987185,-0.06922223750484248,0.0,-0.01991361301987185,0.0,0.44599272165656634,,-0.01991361301987185,0.0,-0.01991361301987185,,,0.10280832194211315,0,0.07268341763133024,,-0.01991361301987185,0.0,0.0,3550316.0,3550316.0,0.8110873771768904,0.0,-826914.0,,,0.0
0x860d81da0e4f6ddfc9635b6c6b26316505a26071,0.02392008469187748,0.0033859126,0,1.0399999999999998,4,1764833947,0.0,0.0,0.0,0.0,0.0,-0.03815000822635175,0.0,-0.035207704925259174,0.0,0.019000000000000017,0.0023797595190380777,0.007792295074740824,0.004759519038076155,-0.06884667959354832,-0.07041540985051835,,1,0.07268341763133024,-0.0039010897844746558,0.0,0.0,0.0,1211442.0,1211442.0,0.2760260732380195,0.0,-3177426.0,,,0.0
0xa6f064e89a761a14d2972e9c8510c7143b33d8a0,0.023919737035122436,0.0033827205,0,84.67424,4,1764818701,-0.0020040080160320657,-0.0023380093520374095,-0.0020040080160320657,-0.0020040080160320657,-0.0040495509862999825,-0.01230887554216188,-0.0020040080160320657,-0.012053697929793885,0.0,1.240120000000001,0.0015865063460253842,-0.010287031263127211,0.005177020708082835,-0.03269732990999363,-0.03508111657666031,0.235,1,0.07268341763133024,-0.0006662363713287511,-0.0020040080160320657,0.21063074249233155,4.172499999999999,3003394.0,3003394.0,0.6867063500229329,12.262796972222223,-1370228.0,,0.4444444444444444,144.0
0x7d55db7ab659d63a88380ecfd15c4f852eb56014,0.023919643718904003,0.0033818637,0,1666.6666659999999,7,1764858595,-0.0020040077184368863,-0.0030060117264529194,-0.0020040077184368863,-0.0020040077184368863,-0.0075135266485594565,0.0,-0.0020040077184368863,0.0,0.0,,-0.0020040077184368863,0.0,-0.0020040077184368863,,,-0.01599999999991002,0,0.07268341763133024,,-0.0020040077184368863,0.11381390574729497,46.9699995,1660235.0,1660235.0,0.3761706086485242,48.70362325,-2753281.0,,0.3125,16.0
0x4d7b8dee7249a16d14b48bb4ea27361bc7911605,0.0239193807364393,0.003379449,0,2266.666666,4,1764909889,-0.000589413902502196,-0.0015914179105182287,-0.000589413902502196,-0.000589413902502196,-0.0034960635741975716,0.0,-0.000589413902502196,0.0,0.7058823531487889,,-0.000589413902502196,0.0,-0.000589413902502196,,,-0.0076999938061249554,0,0.07268341763133024,,-0.000589413902502196,0.10393637834145118,2.999999,2189266.0,2189266.0,0.49033799870543204,3.21811596,-2275544.0,,0.375,16.0
0xa0e6a173a9e0de0862afa184dc7b2919bf7a73c6,0.02391937444781784,0.0033793913,0,4.4,3,1764823987,-0.01808378662086079,-0.019085790628876824,-0.01808378662086079,-0.01808378662086079,-0.029725464149074215,0.0,-0.01808378662086079,0.0,0.0,,-0.01808378662086079,0.0,-0.01808378662086079,,,0.13500476190476157,0,0.07268341763133024,,-0.01808378662086079,0.19355231630258146,2.0856,30216042.0,30216042.0,6.900360089775807,12.556657096774194,25837134.0,,0.4,15.0
0x6e6bf023375aa7ea82ade4607c27a3d8bb16c2bf,0.02391906899518664,0.0033765866,0,710.0,2,1764857525,-0.0010020040080159771,-0.0020040080160320093,-0.0010020040080159771,-0.0010020040080159771,-0.0028340953153768666,0.0,-0.0010020040080159771,0.0,1.0,,-0.0010020040080159771,0.0,-0.0010020040080159771,,,-0.007399999999999546,0,0.07268341763133024,,-0.0010020040080159771,0.10597038326004013,0.999999,3799304.0,3799304.0,0.8610426053939244,1.1390325833333335,-613142.0,,0.0,11.0
0xc6c8284c3a0b080c12924d11af88fd99a313dd64,0.023918965919094818,0.0033756401,0,493.047776,6,1764833303,-4.424811129392674e-07,-5.0569270050202e-07,-4.424811129392674e-07,-4.424811129392674e-07,-0.00012733654466522644,0.0,-4.424811129392674e-07,0.0,0.0,-7.013670167999992,-0.0035638525406070853,0.0,-0.007127262600101231,,,-0.25869986353119173,1,0.07268341763133024,-0.017361610611575283,-4.424811129392674e-07,0.033201735666009674,37.019999,1553824.0,1553824.0,0.3540894904179914,121.20504038283826,-2834400.0,,0.6165413533834586,132.0
0xbed2ffa203b314ebb9b641ac62d2a1aea39e8c1f,0.02391864898501427,0.00337273,0,333.333333,2,1764975847,-0.0020040065250501006,-0.0030060105330661333,-0.0020040065250501006,-0.0020040065250501006,-0.004251140864498503,0.0,-0.0020040065250501006,0.0,0.0,,-0.0020040065250501006,0.0,-0.0020040065250501006,,,-0.016098118637391173,0,0.07268341763133024,,-0.0020040065250501006,0.2625731406151734,1.424325,27161863.0,27161863.0,5.994979879790799,5.056381154761905,22631095.0,,0.0851063829787234,47.0
0x32765010d2c3837950a627a240eb463b8483dd01,0.02391860111181699,0.0033722904,0,287.17895999999996,18,1764826417,-0.00028758350243758394,-0.00061477654806859,-0.00028758350243758394,-0.00028758350243758394,-0.002058152267834012,0.0,-0.00028758350243758394,0.0,0.18604651162790697,0.6738584615384616,1.2868437072398645e-05,0.0,0.00031332037658238123,,,-0.006800000000000006,2,0.07268341763133024,-0.0023445579309499046,-0.00028758350243758394,0.28073759028229983,12.0,123623828.0,123623828.0,28.215998856970177,59.83958173451327,119242490.0,0.0,0.3894736842105263,91.0
0x81562c477b91da11e44fb897fc6edded91fd98a9,0.023918313266046338,0.0033696473,0,1482.149998,4,1764825455,-2.6581772607097762e-08,-3.156585518145007e-08,-2.6581772607097762e-08,-2.6581772607097762e-08,-2.4514345461004515e-05,0.0,-2.6581772607097762e-08,0.0,0.0,-22.846239035003148,-0.0020040311904362808,0.0,-0.004008035799099954,,,0.1348000054482073,1,0.07268341763133024,-0.004378064103820844,-2.6581772607097762e-08,0.18105113703979284,123.279999,155767981.0,155767981.0,35.56041330698552,174.41686789473687,151387605.0,,0.21428571428571427,11.0
0xd08ff034bac5e0aec2c1b04e698e7a8cb85a5987,0.023917701300736206,0.003364028,0,8.883451999999998,20,1764831093,1.9136240611435674e-05,2.1869891326362995e-05,1.9136240611435674e-05,1.9136240611435674e-05,0.0007252211651572351,-0.03415948565810119,1.9136240611435674e-05,-0.0331621891988654,0.0,0.005716461614767081,0.002562562246480943,0.015131764393598012,0.00510598825235045,-0.06434556203608044,-0.06574556203608045,,1,0.07268341763133024,-0.0032955360890057845,1.9136240611435674e-05,0.029275521880029482,1.089999,1267840.0,1267840.0,0.2890642847925246,1.108007150382328,-3118174.0,0.0,0.4674698795180723,382.0
0x24da66d14266661f0e3b37ac0176f96adc826f1c,0.02391766161923699,0.0033636636,0,1000.0,2,1764867947,-0.0010020040080160326,-0.0020040080160320653,-0.0010020040080160326,-0.0010020040080160326,-0.0028340953153769455,0.0,-0.0010020040080160326,0.0,1.0,,-0.0010020040080160326,0.0,-0.0010020040080160326,,,-0.008000000000000007,0,0.07268341763133024,,-0.0010020040080160326,0.2244898250729313,0.9999994999999999,5106528.0,5106528.0,1.1545739099606862,1.1666661666666667,683660.0,,0.2,5.0
0xb10047d6a254b2ebb306d7a7d13bf59171ab6461,0.023917512807848065,0.003362297,0,30445.157124000005,30,1764649410,-2.1604901208246684e-09,-2.7006126510308497e-09,-2.1604901208246684e-09,-2.1604901208246684e-09,-3.6783316193837496e-06,0.22646873087795832,-2.1604901208246684e-09,-0.014067250381027591,0.0,470.73901883166656,0.03892479115196202,0.011820433193032364,0.07784958446441416,5.290172751706283,5.285278673475462,,3,0.07268341763133024,0.03525345201676539,-2.1604901208246684e-09,0.0,0.0,41955997.0,41955997.0,9.979232605615495,0.0,37751666.0,0.0,,0.0
0x4cd054f1906c4766862ac3ddc47b96308fc281f6,0.023916411266539275,0.0033521818,0,954.545453,5,1764819253,-0.01474377223658201,-0.015745776244598043,-0.01474377223658201,-0.01474377223658201,-0.035557261890732154,0.0,-0.01474377223658201,0.0,0.0,,-0.01474377223658201,0.0,-0.01474377223658201,,,0.0888000226143078,0,0.07268341763133024,,-0.01474377223658201,0.13418270078366654,10.499999500000001,2457628.0,2457628.0,0.5618496200654112,37.567258388888895,-1916546.0,,0.3939393939393939,33.0
0xe8a68017820cc850b4d13cfd8a165eb438b4644b,0.023915852388581647,0.0033470495,0,923.275,9,1764818591,0.04452030076444133,0.046046293665756195,0.04452030076444133,0.04452030076444133,0.11608585625334628,0.05965313551524414,0.04452030076444133,0.06008433632381448,0.0,98.38416000000004,0.055033802684669744,0.0708577255122658,0.06554730460489816,0.06507214290783932,0.06255930290783931,,1,0.07268341763133024,-0.0006428968806134127,0.04452030076444133,0.0,0.0,7771215.0,7771215.0,1.7768820572574169,0.0,3397703.0,,,0.0
0x1a07377a5c16796392bb9e240ae747f4a94ee2c0,0.02391466992057602,0.0033361902,0,5.0,2,1764478127,-0.9689378757515027,-0.9699398797595187,-0.9689378757515027,-0.9689378757515027,-1.3717021326424406,0.0,-0.9689378757515027,0.0,0.0,,-0.9689378757515027,0.0,-0.9689378757515027,,,-0.0431997741829412,0,0.07268341763133024,,-0.9689378757515027,0.12162466873326534,4.845,2319328.0,2319328.0,0.5750806833938005,4.239444333333334,-1713720.0,,0.0,9.0
0xaf4e844ffb99cf3c2bcfb18f4a2997bed2aff335,0.02391406255882792,0.0033306123,0,39.999996,2,1764850715,0.001002046108018319,0.0020040501160343517,0.001002046108018319,0.001002046108018319,0.0028341548537711547,-0.09220296123713097,0.001002046108018319,-0.09059694607537218,0.0,,0.001002046108018319,0.0010030623277883174,0.001002046108018319,0.0013030623277882844,-0.09059694607537218,,1,0.07268341763133024,-0.007458876878245515,0.001002046108018319,0.0007836611857319965,20.16,1581122.0,1581122.0,0.3588862084838602,18.96842681476015,-2824514.0,,0.9730740463724757,1293.0
0x58c85b9a2f357cb32d92cbb6443d552148060300,0.023913979658424882,0.003329851,0,158.784339,30,1764628794,-0.04055115539564318,-0.04350497045931637,-0.04055115539564318,-0.04055115539564318,-0.2393118043792,2.0576634545355,-0.04055115539564318,-0.017042980502359275,0.0,0.20716981142857133,-0.03920876821676042,-0.015991471033804747,-0.037866381037877664,7.151346151919442,7.147023074996365,-1.0545859999696234,4,0.07268341763133024,0.03962769693119646,-0.04055115539564318,0.0,0.0,7911960.0,7911960.0,1.8911326416832888,0.0,3728245.0,,,0.0
0x2f42d37523fb1e496840184178f857d462dd4fc5,0.023913753166826368,0.0033277709,0,15.159996,2,1764619206,-0.9428856549891171,-0.9438876589971332,-0.9428856549891171,-0.9428856549891171,-1.3348587287103368,0.0,-0.9428856549891171,0.0,0.0,,-0.9428856549891171,0.0,-0.9428856549891171,,,0.006775215005394285,0,0.07268341763133024,,-0.9428856549891171,0.02228932144503899,2.999997,3549041.0,3549041.0,0.8502474888761171,5.602212497326204,-625086.0,,0.7027027027027027,144.0
0x64ad1f7bef50cbf11093553aafb94379af713050,0.023913644155497828,0.0033267697,0,1187.61,5,1764846577,1.5668688735237065e-17,0.0010020040080160482,1.5668688735237065e-17,1.5668688735237065e-17,0.0022053654754730268,-0.03026654892965965,1.5668688735237065e-17,-0.030632935273441447,0.0,0.0,1.5668688735237065e-17,0.0003376527510126243,1.5668688735237065e-17,-0.02916198871049161,-0.030130321845824964,,2,0.07268341763133024,-0.006580887672972148,1.5668688735237065e-17,0.010710723449532163,64.08585,34211700.0,34211700.0,7.772740098939043,236.54243876601672,29810202.0,0.0,0.7922437673130194,361.0
0x6f350ec52a12866ffcfdf425f8e833ff9e831a03,0.0239134052702746,0.0033245757,0,1000.0,2,1764867177,-0.0010020040080160326,-0.0020040080160320653,-0.0010020040080160326,-0.0010020040080160326,-0.0028340953153769455,0.0,-0.0010020040080160326,0.0,1.0,,-0.0010020040080160326,0.0,-0.0010020040080160326,,,-0.008100000000000895,0,0.07268341763133024,,-0.0010020040080160326,0.18367346938775508,1.0,5105754.0,5105754.0,1.1545999206711384,1.1666666666666667,683656.0,,0.16666666666666666,6.0
0x464919a361929b52121569758c3af8be55843c1b,0.023913267157498537,0.0033233073,0,26968.333333000002,5,1764820421,-0.004564161987187005,-0.005566165995203037,-0.004564161987187005,-0.004564161987187005,-0.010931449209835986,0.0,-0.004564161987187005,0.0,0.0,,-0.004564161987187005,0.0,-0.004564161987187005,,,0.2478932204414508,0,0.07268341763133024,,-0.004564161987187005,0.13229413517947017,137.3239,4445302.0,4445302.0,1.015989607212419,136.9888361111111,69960.0,,0.36363636363636365,11.0
0xa553287f99189797e991cd2b2eac08130ae13eae,0.02391180480186048,0.0033098762,0,3483.333331,4,1764829283,-0.0198818687147528,-0.020883872722768832,-0.0198818687147528,-0.0198818687147528,-0.046641405311513534,0.0,-0.0198818687147528,0.0,0.0,,-0.0198818687147528,0.0,-0.0198818687147528,,,-0.19161429546679346,0,0.07268341763133024,,-0.0198818687147528,0.031333531030666675,28.9,2132162.0,2132162.0,0.48632819093272117,68.95187363684211,-2252042.0,,0.2647058823529412,102.0
0x23f61f1942030c570b5272ccf94d0dbe46e556b7,0.023910814745917743,0.0033007825,0,2000.0,2,1764949967,-0.0020040080160320653,-0.003006012024048098,-0.0020040080160320653,-0.0020040080160320653,-0.0042511429730654185,0.0,-0.0020040080160320653,0.0,0.0,,-0.0020040080160320653,0.0,-0.0020040080160320653,,,-0.015999999999999126,0,0.07268341763133024,,-0.0020040080160320653,0.13623153988378223,4.9999994999999995,1626188.0,1626188.0,0.36098300335102673,6.723501214285714,-2878700.0,0.0,0.15384615384615385,13.0
0x536f72459586685f9105e950cc04c973e1e88ad2,0.023910260279333278,0.0032956896,0,49.746324,6,1764681546,0.00012053155228400831,0.00012093333751554473,0.00012053155228400831,0.00012053155228400831,0.010460306516115923,-0.07148103249348839,0.00012053155228400831,-0.09948477498899178,0.0,27.818072855878327,0.11282715912665703,-0.09653437944298389,0.22553378670103005,7.204516162472586,7.1992161624725854,,1,0.07268341763133024,0.028434925892873435,0.00012053155228400831,0.11575081458348983,2.999999,4295549.0,4295549.0,1.0139460545780246,4.282828551724139,59082.0,,0.23529411764705882,17.0
0x66a17f32b6f1d2562c1c47e9d6807b17843bdacb,0.023909929263134292,0.003292649,0,18014.438398,29,1764843915,1.738912474060785e-12,-6.774625422643367e-05,-2.258208358286957e-05,-2.258208358286957e-05,-0.00045127159179554735,0.0,-2.258208358286957e-05,0.0,0.0,-2.938519897663673,-0.000171947618641376,0.0,-0.00029873106837810043,,,-0.018300000000000018,2,0.07268341763133024,-0.010311386998036512,-2.258208358286957e-05,0.3033815124404562,1.0,18376911.0,18376911.0,4.177675866979356,2.4883586595744687,13978075.0,,0.024390243902439025,41.0
0x41ab5a4cee5f6405e2e901693f09a1a39abe6473,0.02390947212390729,0.00328845,0,14134.378029,9,1764634548,0.000610184620768952,0.000630524108127917,0.000610184620768952,0.000610184620768952,0.004425541570061468,0.0,0.000610184620768952,0.0,0.0,-8108.3021629820005,-0.1084617887326477,0.0,-0.21753376208606434,,,-0.020277854632317037,1,0.07268341763133024,-0.0028228053134260207,0.000610184620768952,0.12762101331722578,42.0,5784077.0,5784077.0,1.3806229381336872,254.66193525704224,1594608.0,,0.6521739130434783,23.0
0x4eab7978e1238f59a2ad4be4185fbe9a30b108bf,0.023909346250527652,0.0032872937,0,10830.0,2,1764957437,-0.0010020040080160326,-0.0020040080160320653,-0.0010020040080160326,-0.0010020040080160326,-0.0028340953153769455,0.0,-0.0010020040080160326,0.0,1.0,,-0.0010020040080160326,0.0,-0.0010020040080160326,,,-0.007700000000000007,0,0.07268341763133024,,-0.0010020040080160326,0.12582277931124636,1.3332,2133987.0,2133987.0,0.47292058830438544,9.993610913043478,-2378371.0,,0.35714285714285715,14.0
0x87c5122a578e61731a013f58d347a67ced5071bd,0.023909269550714377,0.0032865892,0,1.999996,2,1764526052,-0.9729454437668449,-0.9739474477748609,-0.9729454437668449,-0.9729454437668449,-1.37736968968187,0.0,-0.9729454437668449,0.0,0.0,,-0.9729454437668449,0.0,-0.9729454437668449,,,-0.06648469852945792,0,0.07268341763133024,,-0.9729454437668449,0.07617653903061979,0.999999,2595412.0,2595412.0,0.635978723701431,1.463228731182796,-1485561.0,,0.5,88.0
0x2febffa2fb777ccbd12cfb31a6719cf4fb97d157,0.02390875486214252,0.0032818613,0,474.8199599999999,14,1764825469,1.397567841458607e-06,1.4752104493903672e-06,1.397567841458607e-06,1.397567841458607e-06,0.00023700289443570022,-0.035912441982953125,1.397567841458607e-06,-0.03431957718015448,0.0,0.6484098724747519,0.0015082459060501146,-0.023764536080920134,0.0030150942442587706,-0.062111629293904756,-0.061859140376832475,,1,0.07268341763133024,-0.0021022515818870276,1.397567841458607e-06,0.035234737937129106,2.8,1232620.0,1232620.0,0.2813950356018528,7.489469667934783,-3147770.0,0.0,0.39303482587064675,201.0
0x65fb8e061dd544d6a752f7d94b71d9e58ae13e89,0.023908359436784214,0.003278229,0,204.0,6,1764839221,-0.0032922988834812503,-0.004294302891497283,-0.0032922988834812503,-0.0032922988834812503,-0.010562002773467345,0.0,-0.0032922988834812503,0.0,0.0,,-0.0032922988834812503,0.0,-0.0032922988834812503,,,-0.02420000000000002,0,0.07268341763133024,,-0.0032922988834812503,0.06339139923317834,1.0,1877440.0,1877440.0,0.4272597471815886,3.618570356275304,-2516702.0,,0.09937888198757763,160.0
0x97342d2ce450ec481373b37807b3c3687b2cada3,0.023908254479429354,0.0032772648,0,333.333333,2,1764931007,-0.0020040065250501006,-0.0030060105330661333,-0.0020040065250501006,-0.0020040065250501006,-0.004251140864498503,0.0,-0.0020040065250501006,0.0,0.0,,-0.0020040065250501006,0.0,-0.0020040065250501006,,,-0.016099987947200006,0,0.07268341763133024,,-0.0020040065250501006,0.10893576742712555,0.9999994999999999,3179532.0,3179532.0,0.7087790976582772,2.2137119375000003,-1306396.0,,0.5483870967741935,31.0
0xab047eb1384c7bbe82baac89b28185a9a337154c,0.02390801767437516,0.0032750894,0,133.68,7,1764869677,0.00014314342971657608,-0.0004294302891497283,0.00021471514457487205,7.157171485828804e-05,-0.0008666087641078374,0.0,7.157171485828804e-05,0.0,1.0,0.3840000000000041,0.0003864872602347651,0.0,0.0004866876610363621,,,0.00030000000000000024,1,0.07268341763133024,-0.018378363698010755,0.00021471514457487205,0.0445656454272345,2.508,1438632.0,1438632.0,0.3251441147873773,3.3823833157894736,-2985966.0,,0.43902439024390244,40.0
0x182791cb28239d43fef481613c113e77536b0ede,0.023907240109148388,0.0032679464,0,23.579996,4,1764896189,5.857943531791045e-11,3.0010929403507095e-06,5.857943531791045e-11,5.857943531791045e-11,0.00012262067225053764,-0.04471916938866436,5.857943531791045e-11,-0.044368960037336994,0.0,7.6907808240545e-07,1.2275548266175139e-08,0.001158304522242344,2.4492517097032367e-08,0.005230316807883988,-0.0866697027118643,,1,0.07268341763133024,-0.017107422339966417,5.857943531791045e-11,0.06005762447553815,11.98598,1089630.0,1089630.0,0.24479961178222961,14.59869123529412,-3361480.0,,0.14814814814814814,27.0
0xfacd5eb6566d469f71fb42415177c74eb27d9109,0.023907232480366997,0.0032678763,0,15294.087327000001,19,1764761189,0.04722295536598429,0.047278203451676076,0.04722295536598429,0.04722295536598429,0.20134325126405925,0.0,0.04722295536598429,0.0,0.0,-95.33968754012602,0.03843513604214751,0.0,0.02964731671831073,,,-1.034406689263553,1,0.07268341763133024,0.006594042658648066,0.04722295536598429,0.0,0.0,21171496.0,21171496.0,4.905226233807757,0.0,16855386.0,,,0.0
0xa2041e3592be38a9c35bb694781b3643c8113f9d,0.02390706059263994,0.0032662973,0,4000.0,6,1764834573,0.0,0.0,0.0,0.0,0.0,0.0,0.0,0.0,0.0,-19.000000000000014,-0.0011898797595190388,0.0,-0.0023797595190380777,,,-0.08190000000000007,1,0.07268341763133024,-0.004493064139890967,0.0,0.19512797971361123,33.50224,3359496.0,3359496.0,0.7653492634914184,90.91864311764706,-1029998.0,0.0,0.0,9.0
0x30cecdf29f069563ea21b8ae94492e41e53a6b2b,0.023906885740820418,0.003264691,0,2787.3747,297,1764187361,-0.6271453859833523,-0.6281473899913673,-0.6271453859833523,-0.6271453859833523,-10.596681576222272,0.0,-0.6271453859833523,0.0,0.24995921789775877,,-0.6271453859833523,0.0,-0.6271453859833523,,,-0.04917359198230827,0,0.07268341763133024,,-0.6271453859833523,0.0,0.0,1368003.0,1368003.0,0.36555315713781056,0.0,-2374279.0,0.0,,0.0
0x46d34c6052bbb4443b1749e45879f39d48b814bb,0.023906597880519218,0.0032620465,0,1591.239313,6,1764826201,-0.019365513959475715,-0.020367517967491748,-0.019365513959475715,-0.019365513959475715,-0.04934717868502579,0.0,-0.019365513959475715,0.0,0.0,,-0.019365513959475715,0.0,-0.019365513959475715,,,0.0910519824383681,0,0.07268341763133024,,-0.019365513959475715,0.09489729485908767,20.0,2718498.0,2718498.0,0.6205026931457284,34.505167711111106,-1662624.0,,0.3103448275862069,29.0
0x21d8dd7917fd13a6ef152e3368512f01c50aad91,0.023905379162376058,0.0032508501,0,7699.746,6,1764824821,-0.02514331146058022,-0.02614531546859625,-0.02514331146058022,-0.02514331146058022,-0.05313576223531279,0.0,-0.02514331146058022,0.0,0.0,,-0.02514331146058022,0.0,-0.02514331146058022,,,0.08144999999999983,0,0.07268341763133024,,-0.02514331146058022,0.020376581372159305,51.0,12901850.0,12901850.0,2.945801373688222,219.11594452519378,8522108.0,,0.4351851851851852,216.0
0x7d65a4f1c9537cf4c5a27aff22c2c52eb4f08432,0.023905256224431473,0.0032497207,0,10.559999999999999,4,1764654994,0.0,0.0,0.0,0.0,0.0,0.0,0.0,0.0,0.0,-8.899999999999999,-0.11147294589178353,0.0,-0.22294589178356705,,,-0.03885582043735486,1,0.07268341763133024,-0.003382104381840858,0.0,0.17838841848928938,4.5999995,1593096.0,1593096.0,0.3784152411628263,4.823571285714286,-2616819.0,,0.0,7.0
0xa5e8bb6b2e6e6bbe96d21bba2a3cec4511fee471,0.023904428240388256,0.0032421136,0,10.015004,3,1764829449,-0.03336226125574309,-0.03436426526375913,-0.03336226125574309,-0.03336226125574309,-0.057999760077462735,0.0,-0.03336226125574309,0.0,0.0,,-0.03336226125574309,0.0,-0.03336226125574309,,,-0.25349387144317564,0,0.07268341763133024,,-0.03336226125574309,0.08758476466299094,1.0,1549896.0,1549896.0,0.3535048364987444,3.0471520833333336,-2834474.0,,0.10810810810810811,37.0
0xc5c85e72ddb708102bb37cbacb504066a99e52cf,0.023904293726033764,0.0032408778,0,39.116519999999994,5,1764833629,-2.6060062384676533e-06,-2.714589831737139e-06,-2.6060062384676533e-06,-2.6060062384676533e-06,-0.00026076952906350947,0.0,-2.6060062384676533e-06,0.0,0.0,-0.9607574999999995,-0.003085422247686877,0.0,-0.0061682384891352865,,,-0.19098748541822674,1,0.07268341763133024,-0.00935828706809742,-2.6060062384676533e-06,0.004342019149656043,4.9982500000000005,1947732.0,1947732.0,0.44382130772122913,4.7768966278481,-2440818.0,,0.9503722084367245,403.0
0x6a9dd74259a6c6fb6bf3da497b707b8575fd373e,0.023903314008395345,0.0032318763,0,250.0,2,1764927697,-0.003006012024048098,-0.0040080160320641305,-0.003006012024048098,-0.003006012024048098,-0.005668190630753891,0.0,-0.003006012024048098,0.0,0.0,,-0.003006012024048098,0.0,-0.003006012024048098,,,-0.02410000000000002,0,0.07268341763133024,,-0.003006012024048098,0.04247685005993513,2.0,1969426.0,1969426.0,0.43934727429372744,8.631334421052632,-2513192.0,,0.10833333333333334,120.0
0x3fd60d21f93d486b7d3ad78237c2364fa25f74fd,0.023903314008395345,0.0032318763,0,4.995,1,1764855603,-0.0020040080160320653,-0.003006012024048098,-0.0020040080160320653,-0.0020040080160320653,-0.003006012024048098,0.0,-0.0020040080160320653,0.0,0.0,,-0.0020040080160320653,0.0,-0.0020040080160320653,,,-0.015700000000000013,0,0.07268341763133024,,-0.0020040080160320653,0.06781291708346086,4.999999,1978910.0,1978910.0,0.44867911386492854,5.1997992,-2431614.0,,0.13043478260869565,23.0
0xc5d563a36ae78145c45a50134d48a1215220f80a,0.023902715340907304,0.0032263757,0,4568710.174562006,5982,1764184103,0.00028178021734669915,0.0004601047233464695,0.00028178021734669915,0.00028178021734669915,0.01764505692479934,-0.029120269112696443,0.00028178021734669915,-0.030711631354941205,0.0684981823778564,-57.4711977001465,-0.0026377277377665565,0.0015762728907574403,-0.005557235692879812,0.04297803732675053,0.007059936700290753,-1.0386803750865372,13,0.07268341763133024,0.13398098298296515,0.00028178021734669915,0.0,0.0,60968983.0,60968983.0,16.306122399856218,0.0,57229959.0,0.0,,0.0
0xfe175c90c4152392978fa402ed871657881298e9,0.023902360531211028,0.0032231156,0,6065.64,10,1764823521,-0.000791955023386794,-0.0011879325350801914,-0.0008579512753356936,-0.0010559075600860154,-0.004628783523265477,-0.006400707768058341,-0.0011219362831312917,-0.005931127360748999,0.0,-42.234999999999985,-0.003753746208565575,-0.00597793380140422,-0.006451552385948758,-0.09008769176103702,-0.08669097581147617,0.10219999999999985,1,0.07268341763133024,-0.0016889304190372163,-0.000923947527284593,0.08344692446291782,9.988005000000001,88687399.0,88687399.0,20.25546963965721,156.2084633416572,84308957.0,0.0,0.6917293233082706,259.0
0x5d163701abe2bdbfc896f290f14af34942d758d3,0.023902172815089676,0.0032213908,0,1.3,1,1764825461,-0.012024048096192392,-0.013026052104208425,-0.012024048096192392,-0.012024048096192392,-0.013026052104208425,0.0,-0.012024048096192392,0.0,0.0,,-0.012024048096192392,0.0,-0.012024048096192392,,,0.1845999998388999,0,0.07268341763133024,,-0.012024048096192392,0.03885924432578172,2.3994,3526316.0,3526316.0,0.8050247672463269,5.326691975609756,-854066.0,,0.4,85.0
0x25acbc1de3c3d0521bda577c18377303a1d03e47,0.02390095436768181,0.0032101949,0,517.241379,2,1764831433,-0.028056111329458976,-0.02905811533747501,-0.028056111329458976,-0.028056111329458976,-0.0410943808072588,0.0,-0.028056111329458976,0.0,0.0,,-0.028056111329458976,0.0,-0.028056111329458976,,,-0.2186999927650805,0,0.07268341763133024,,-0.028056111329458976,0.22069831953309055,22.10445,33866447.0,33866447.0,7.7208649826256615,35.566197175,29480093.0,0.0,0.5294117647058824,17.0
0x0da462636b228293849aac34c18577244775edde,0.023900748697628454,0.003208305,0,10.8,2,1764522258,-0.9739478957915828,-0.9749498997995988,-0.9739478957915828,-0.9739478957915828,-1.3787873709308829,0.0,-0.9739478957915828,0.0,0.0,,-0.9739478957915828,0.0,-0.9739478957915828,,,-0.06990805572104078,0,0.07268341763133024,,-0.9739478957915828,0.20272716694709392,15.288,42866949.0,42866949.0,10.513874666773276,37.141886789743594,38789770.0,0.0,0.6818181818181818,85.0
0xea97f2a431535cd70d1a42f76e3144448d4cc3c8,0.023899277004829415,0.0031947813,0,9.009,2,1764866131,5.562239602330442e-17,0.0010020040080160881,5.562239602330442e-17,5.562239602330442e-17,0.0014170476576885515,-0.09400300375437975,5.562239602330442e-17,-0.09400456448316166,0.0,,5.562239602330442e-17,-0.003104566977577254,5.562239602330442e-17,-0.00029999999999993915,-0.09099999750558435,,1,0.07268341763133024,-0.010729800413406035,5.562239602330442e-17,0.24763576929617484,75.0,4478036.0,4478036.0,1.012889239936558,68.78799760000001,56984.0,,0.2,5.0
0x2de566147183d8ff878d113448e929637ae0523a,0.023899162357175627,0.0031937277,0,179.99928,4,1764950147,0.0,0.0,0.0,0.0,0.0,-0.04461413111274529,0.0,-0.04594999999999998,0.0,-0.060120000000003386,-0.00012525050100201102,-4.9999999999969435e-05,-0.00025050100200402204,0.0010030075175394013,-0.09089699248246061,,1,0.07268341763133024,-0.028556079067404875,0.0,0.023770632546769557,29.999985000000002,1523900.0,1523900.0,0.3382634845911316,33.87979902531645,-2981168.0,,0.05263157894736842,57.0
0x18d47458657d5728d23324abcc2f463b0b903f5f,0.023899049382255535,0.0031926895,0,33.9256,3,1764834859,-0.01833750252803609,-0.01933950653605212,-0.01833750252803609,-0.01833750252803609,-0.03270370150780348,0.0,-0.01833750252803609,0.0,0.0,,-0.01833750252803609,0.0,-0.01833750252803609,,,-0.137299770857991,0,0.07268341763133024,,-0.01833750252803609,0.05380635041972923,19.9999995,1812977.0,1812977.0,0.4129995125040435,46.80742868253968,-2576803.0,,0.4782608695652174,69.0
0x508dc33cc5b6073d3af45b0da102bb43af8573d3,0.02389872718236797,0.0031897286,0,759.999998,4,1764824527,-0.008691801019887252,-0.009693805027903284,-0.008691801019887252,-0.008691801019887252,-0.03349082107960812,0.0,-0.008691801019887252,0.0,0.0,,-0.008691801019887252,0.0,-0.008691801019887252,,,-0.13339995279374864,0,0.07268341763133024,,-0.008691801019887252,0.08184436012626613,1.1662,2274890.0,2274890.0,0.5194467430598559,2.3888526,-2104558.0,,0.45,20.0
0x9532b0b10c6d916fb6d50c3f59462d4720cc9350,0.023897660763141083,0.0031799283,0,1993.0,4,1764835283,0.0,0.0,0.0,0.0,0.0,-0.04560000000000006,0.0,-0.044238678355023424,0.0,1.5000000000000013,0.00037575150300601224,0.000861320724976138,0.0007515030060120245,-0.08376981157854599,-0.08746980956006276,,1,0.07268341763133024,-0.004184558508071857,0.0,0.3595306239363526,0.306,28408295.0,28408295.0,6.470837118275142,3.206632454545454,24018091.0,,0.1111111111111111,9.0
0x064ec9cb9e994ba67a787e10e1bae4fc3a854347,0.02389746986551986,0.003178174,0,55.5,4,1764193025,0.0,0.0,0.0,0.0,0.0,-0.05049999988377387,0.0,-0.04650000000000004,0.0,1.7499999999999996,0.004383767535070138,-0.04650000000000004,0.008767535070140275,-0.14900000000000097,-0.14900000000000097,,1,0.07268341763133024,0.13208793810876288,0.0,0.018128033755879458,0.999999,1804464.0,1804464.0,0.4814541084636758,1.321429579207921,-1943482.0,0.0,0.6506849315068494,95.0
0x17663fc676efb2016ca78c53617ddc281dcd5705,0.023897004674387587,0.0031738987,0,3513.54655,3,1764829789,-0.027516303170694624,-0.028518307178710654,-0.027516303170694624,-0.027516303170694624,-0.04868172698134506,0.0,-0.027516303170694624,0.0,0.0,,-0.027516303170694624,0.0,-0.027516303170694624,,,-0.2061362915712619,0,0.07268341763133024,,-0.027516303170694624,0.1245020931550001,99.999999,38620295.0,38620295.0,8.8079473899072,371.749199721519,34235585.0,0.0,0.20833333333333334,46.0
0xc3a0095b4e452b5e309a5e7a2476485e44f56bd5,0.023896882893155568,0.0031727795,0,906.2133600000001,9,1764560160,-0.9371932251765327,-0.9381952291845486,-0.9371932251765327,-0.9371932251765327,-2.4986551567960644,0.0,-0.9371932251765327,0.0,0.0,,-0.9371932251765327,0.0,-0.9371932251765327,,,-0.028321517323143447,0,0.07268341763133024,,-0.9371932251765327,0.11561298656326502,13.26,3220586.0,3220586.0,0.7826300381450572,43.69168142857142,-894495.0,,0.5454545454545454,33.0
0x0231bd339ac0070ce49d24fcf71485c65019fdcd,0.02389681218583642,0.0031721296,0,15.379996,2,1764650684,-0.9168335933349009,-0.9178355973429169,-0.9168335933349009,-0.9168335933349009,-1.2980155497911643,0.0,-0.9168335933349009,0.0,0.0,,-0.9168335933349009,0.0,-0.9168335933349009,,,5.943922128059031e-05,0,0.07268341763133024,,-0.9168335933349009,0.07606921930018311,20.9506,1649744.0,1649744.0,0.39227269322725267,54.92695579245284,-2555861.0,,0.25,28.0
0xfd5294de1d526489fede36ee0e43ae4779050c2f,0.023895768700260802,0.0031625393,0,1315.6640000000002,7,1764819243,0.00968764896974094,0.010689652977756972,0.00968764896974094,0.00968764896974094,0.022581173525937373,-0.08502230501176533,0.00968764896974094,-0.08184544773470928,0.0,,0.00968764896974094,-0.07954094602029839,0.00968764896974094,-0.0812157076729537,-0.0808157076729537,,1,0.07268341763133024,-0.0007812364073988731,0.00968764896974094,0.0,0.0,1448886.0,1448886.0,0.33123723756128026,0.0,-2925278.0,,,0.0
0xa710f0eae9129df28a52e886902c443364004173,0.02389573353818042,0.0031622162,0,2920.9430700000003,12,1764825259,-0.010870070834863427,-0.011645762934904567,-0.010870070834863427,-0.010870070834863427,-0.02776633337050489,0.0,-0.010870070834863427,0.0,0.0,26.159630000000192,-0.010737716857131607,0.0,-0.010605362879399786,,,0.14309999983889893,1,0.07268341763133024,-0.002333524717157199,-0.010870070834863427,0.09105052206582709,18.5223,89013346.0,89013346.0,20.321846590779373,306.0853061847134,84633166.0,0.0,0.38235294117647056,33.0
0xb041d8b5bf7324acc4914721b98fd5a79af323a7,0.023895181211346754,0.0031571398,0,27.027027,2,1764829419,-0.03607212716031995,-0.03707413116833598,-0.03607212716031995,-0.03607212716031995,-0.052430739111459825,0.0,-0.03607212716031995,0.0,0.0,,-0.03607212716031995,0.0,-0.03607212716031995,,,-0.2752998854425941,0,0.07268341763133024,,-0.03607212716031995,0.0948680207789563,9.999998,2282808.0,2282808.0,0.5206731229786011,29.040915400000003,-2101532.0,0.0,0.4166666666666667,60.0
0xad1c4da65363b43cdee3b43f3b1a5e1142d99d90,0.023894972929884538,0.0031552254,0,29333.326665999997,6,1764820423,-6.830139100396934e-10,-9.10685213386258e-10,-6.830139100396934e-10,-6.830139100396934e-10,-1.9105080307122152e-06,0.0,-6.830139100396934e-10,0.0,0.0,-30.22220855999981,-0.0003871385082006765,0.0,-0.000774276333387443,,,0.26004545454159583,1,0.07268341763133024,-0.0010761626991654223,-6.830139100396934e-10,0.16795874307073638,9.75,42604330.0,42604330.0,9.737366936176905,13.164253783783783,38228986.0,,0.5714285714285714,14.0
0xfc68a752fa2f0740821d35ea405d89d4dc5abf42,0.023894398201803075,0.003149943,0,1000.0,2,1765049889,0.0,-0.0010020040080160326,0.0,0.0,-0.0014170476576884727,0.0,0.0,0.0,1.0,,0.0,0.0,0.0,,,0.0,0,0.07268341763133024,,0.0,0.055577896743740106,8.345322,3100213.0,3100213.0,0.6732553568985474,59.277716512931036,-1504597.0,,0.4444444444444444,71.0
0x2cc41188cf03826d674ed108d472e2987583e092,0.023893073982159677,0.0031377713,0,680.0,2,1764884715,-0.0040080160320641305,-0.005010020040080163,-0.0040080160320641305,-0.0040080160320641305,-0.0070852382884423635,0.0,-0.0040080160320641305,0.0,0.0,,-0.0040080160320641305,0.0,-0.0040080160320641305,,,-0.03230000000000003,0,0.07268341763133024,,-0.0040080160320641305,0.011506124893808025,2.26773,3869435.0,3869435.0,0.8715658220628898,3.9147430181086524,-570201.0,,0.5,270.0
0x7840001597060d5fbeb81aabe9bb6010bdedccc3,0.023893044117940153,0.0031374968,0,2000.0,2,1765022889,0.0,-0.0010020040080160326,0.0,0.0,-0.001417047657688473,0.0,0.0,0.0,1.0,,0.0,0.0,0.0,,,0.0,0,0.07268341763133024,,0.0,0.024235553274036484,14.999999,2634592.0,2634592.0,0.5755136189575365,15.987897571428572,-1943218.0,,0.41818181818181815,55.0
0x076ca0207aaa48365da2eb6a917edcbdee5e4e7b,0.023892712321058652,0.003134447,0,11030.107300999995,71,1764793795,0.0,-1.773249330332589e-05,0.0,0.0,-0.00013329677176154717,0.18190449319490545,0.0,0.18243026125394557,0.0,-1.9134801852222205,-0.0013880876657487477,0.20118772723500267,-0.0027761753314974953,0.4891541499386111,0.488331683575617,-1.0602798020355242,2,0.07268341763133024,0.004618248681000509,0.0,0.0,0.0,49879248.0,49879248.0,11.46987938508746,0.0,45530532.0,,,0.0
0xc2f31ac3eb0750227b79a99cc7597464c20a327b,0.023892697097872673,0.003134307,0,20.330000000000002,2,1764862627,-5.562239602330442e-17,0.0010020040080159771,-5.562239602330442e-17,-5.562239602330442e-17,0.0014170476576883938,-0.09420300376639798,-5.562239602330442e-17,-0.09388450563156997,0.0,,-5.562239602330442e-17,-0.003304505631569955,-5.562239602330442e-17,-0.002899999430000061,-0.09088000000000007,,1,0.07268341763133024,-0.009986331545528344,-5.562239602330442e-17,0.1341489758574778,11.499812,33350663.0,33350663.0,7.54958701071273,188.42989313698632,28933115.0,0.0,0.7115384615384616,52.0
0x5a0a1b35659fd092db45882f57a6a8d70a81946e,0.023892271409751722,0.003130394,0,796.945151,8,1764832875,0.0010852755169898749,0.0013565943962373433,0.0010852755169898749,0.0010852755169898749,0.002607022269066672,0.0,0.0010852755169898749,0.0,0.0,-9.831244125000008,-0.0012159252643887729,0.0,-0.003517126045767421,,,-0.20175000000000015,1,0.07268341763133024,-0.004166735624252871,0.0010852755169898749,0.042112257194186646,5.212776,1772934.0,1772934.0,0.4040602616894678,16.111940026819926,-2614862.0,,0.639344262295082,118.0
0x7c371cf1b76c36375ef89ce434011ad5fadd6bc0,0.023891996664242857,0.0031278685,0,333.33333200000004,3,1764831525,-0.02905811334669339,-0.03006011735470942,-0.02905811334669339,-0.02905811334669339,-0.051311981203867985,0.0,-0.02905811334669339,0.0,0.0,,-0.02905811334669339,0.0,-0.02905811334669339,,,-0.22679997667200008,0,0.07268341763133024,,-0.02905811334669339,0.08118274528862418,49.999999,3036708.0,3036708.0,0.6922934877119199,84.3112866129032,-1349738.0,,0.43478260869565216,23.0
0xe4781c471ecbe7ca20c36dd33f0fd33ebac2d42c,0.023891494622722477,0.0031232536,0,44.119080000000004,4,1764509100,-0.9729458917835668,-0.9739478957915829,-0.9729458917835668,-0.9729458917835668,-1.8790189943291007,0.0,-0.9729458917835668,0.0,0.0,,-0.9729458917835668,0.0,-0.9729458917835668,,,-0.060208856308188397,0,0.07268341763133024,,-0.9729458917835668,0.03886205567975584,59.22,2692023.0,2692023.0,0.6624038113976282,72.4721888888889,-1371998.0,,0.4482758620689655,58.0
0x5b4c7be725be104cba6370ff27af942f95ab80ed,0.023891444902909988,0.0031227965,0,10000.0,4,1764820471,0.0,0.0,0.0,0.0,0.0,0.0,0.0,0.0,0.0,-15.000000000000014,-0.00037575150300601224,0.0,-0.0007515030060120245,,,0.2608,1,0.07268341763133024,-0.0010536719172033688,0.0,0.03206246820662865,19.999999,2152504.0,2152504.0,0.49195683495330245,27.519885205479454,-2222888.0,,0.4657534246575342,73.0
0x6ae8017e0ae8dccc22312ed6e378c875047e0e50,0.02389107738974957,0.0031194182,0,6666.666666,2,1764842837,-0.002004007941633217,-0.0030060119496492493,-0.002004007941633217,-0.002004007941633217,-0.004251142867849558,0.0,-0.002004007941633217,0.0,0.0,,-0.002004007941633217,0.0,-0.002004007941633217,,,-0.006099999383724587,0,0.07268341763133024,,-0.002004007941633217,0.03236659327522913,19.999998,1969612.0,1969612.0,0.44786729965587013,25.857762379310344,-2428146.0,,0.2556390977443609,133.0
0xee91fe99a27056432eb6a7960b900a58f8ce7eb9,0.023890599656213443,0.0031150265,0,1.0952870000000001,2,1764798663,-0.9138276269508174,-0.9148296309588333,-0.9138276269508174,-0.9138276269508174,-1.2937644713627554,0.0,-0.9138276269508174,0.0,0.0,,-0.9138276269508174,0.0,-0.9138276269508174,,,-1.0460223073260906,0,0.07268341763133024,,-0.9138276269508174,0.0,0.0,1498894.0,1498894.0,0.34428967030382324,0.0,-2854690.0,0.0,,0.0
0x5625ef06ed29dbc903a10e2a176a89cc3ddb06f7,0.02389049188758354,0.0031140358,0,3206.979833,8,1764920805,-5.008018537299776e-10,-1.5024055611899327e-09,-5.008018537299776e-10,-5.008018537299776e-10,-2.1251468612624564e-06,0.0,-5.008018537299776e-10,0.0,0.0,-3.3333295039999986,-0.00012525092056634208,0.0,-0.0002505013403308304,,,-0.016100000000000014,1,0.07268341763133024,-0.022362626940307342,-5.008018537299776e-10,0.17355367573915723,9.999998000000001,3024753.0,3024753.0,0.6758128178534611,9.166639,-1450973.0,,0.5,6.0
0x303c5f6f2641f1293cb8e548d080b1c02d9f4487,0.023890365503825062,0.003112874,0,1449.3862960000001,6,1764722743,-0.000849027539570497,-0.00113586263326865,-0.000849027539570497,-0.000849027539570497,-0.003926685182982231,0.0,-0.000849027539570497,0.0,0.7123014480014287,-355.59747357,-0.021815141988363665,0.0,-0.04278125643715683,,,0.18519999999999992,1,0.07268341763133024,-0.003172897674156097,-0.000849027539570497,0.04442714894115452,14.825610000000001,4705112.0,4705112.0,1.0999255668514405,47.614543494736836,427448.0,,0.6012269938650306,161.0
0xa9239c0ca3dee2d03232481212474e1d781b6704,0.02389024530055892,0.003111769,0,203.0,2,1764833055,-0.03507014028056109,-0.03607214428857712,-0.03507014028056109,-0.03507014028056109,-0.051013715676784935,0.0,-0.03507014028056109,0.0,0.0,,-0.03507014028056109,0.0,-0.03507014028056109,,,-0.2753999999999998,0,0.07268341763133024,,-0.03507014028056109,0.0,0.0,2296196.0,2296196.0,0.5232927436248512,0.0,-2091780.0,,,0.0
0x5d358ae9cc33da4319ee679945d4c1889df4cba3,0.023889966246873635,0.0031092037,0,250.0,2,1764843781,-0.003006012024048098,-0.0040080160320641305,-0.003006012024048098,-0.003006012024048098,-0.005668190630753891,0.0,-0.003006012024048098,0.0,0.0,,-0.003006012024048098,0.0,-0.003006012024048098,,,-0.020099998525414532,0,0.07268341763133024,,-0.003006012024048098,0.09860312418959753,9.999999,1825507.0,1825507.0,0.415010382608324,21.535750750000002,-2573195.0,,0.30434782608695654,23.0
0x29280e13fb143b4dce313e34455d3eb732a8e5a0,0.023889966246873635,0.0031092037,0,250.0,2,1764855497,-0.003006012024048098,-0.0040080160320641305,-0.003006012024048098,-0.003006012024048098,-0.005668190630753891,0.0,-0.003006012024048098,0.0,0.0,,-0.003006012024048098,0.0,-0.003006012024048098,,,-0.02400000000000002,0,0.07268341763133024,,-0.003006012024048098,0.11791843014223927,3.999999,2230770.0,2230770.0,0.5057955957916007,3.8999988148148153,-2179648.0,,0.3181818181818182,22.0
0x90f30fa52c92a08652133d42767e465a89ac6caf,0.023889966246873635,0.0031092037,0,2.0,2,1764838395,-0.003006012024048098,-0.0040080160320641305,-0.003006012024048098,-0.003006012024048098,-0.005668190630753891,0.0,-0.003006012024048098,0.0,0.0,,-0.003006012024048098,0.0,-0.003006012024048098,,,-0.015899665308617937,0,0.07268341763133024,,-0.003006012024048098,0.08555237765414361,11.9625,1922862.0,1922862.0,0.4376789650459926,24.32457789583334,-2470454.0,,0.34210526315789475,38.0
0x7b6b2203e19972a8b0fbbdd488737af1264fb965,0.023889801951641223,0.0031076933,0,14.7,2,1764877711,-0.0010020040080160326,-0.0020040080160320653,-0.0010020040080160326,-0.0010020040080160326,-0.0028340953153769455,0.0,-0.0010020040080160326,0.0,1.0,,-0.0010020040080160326,0.0,-0.0010020040080160326,,,-0.008000000000000007,0,0.07268341763133024,,-0.0010020040080160326,0.08540273469262354,14.999999,2435588.0,2435588.0,0.5494676751871123,102.66677866666667,-1997044.0,,0.4807692307692308,52.0
0xdbe6dd3c986ad9d2f7febc369744fa7d34d3555d,0.023889584623692336,0.0031056954,0,1317.644783,14,1764825231,0.00022214123981511636,0.000444282479630238,0.00022214123981511636,0.00022214123981511636,0.0012724085436777984,-0.016180236122245156,0.00022214123981511636,-0.0162685580504974,0.0,6.369156933199986,0.0013634780689096445,-0.00036759245463403916,0.002504814898004173,-0.003796992482460542,-0.09019699248246055,0.23409999999999997,1,0.07268341763133024,-0.0028257757940625184,0.00022214123981511636,0.09095708210215477,4.8,1555604.0,1555604.0,0.3551484058087482,34.27591004854369,-2824548.0,,0.4117647058823529,17.0
0xdc52599a7af09010960e71b1ab5cea0502e7756d,0.023889478809663686,0.0031047226,0,456.666666,4,1764834243,-0.003934875974309934,-0.004936879982325966,-0.003934875974309934,-0.003934875974309934,-0.014545364941863296,0.0,-0.003934875974309934,0.0,0.0,,-0.003934875974309934,0.0,-0.003934875974309934,,,-0.09630000004859991,0,0.07268341763133024,,-0.003934875974309934,0.0307523772199512,1.239999,1810981.0,1810981.0,0.41260271887767236,1.581085730769231,-2578183.0,,0.1875,64.0
0x09f9a9ddfad904bb0f41316a8c79c1cce1faa73c,0.023889004425008013,0.0031003614,0,113.41057,18,1764818269,-0.0005859870073001664,-0.0007324837591252119,-0.0005859870073001664,-0.0005859870073001664,-0.0027070386242551998,-0.01455087690141195,-0.0005859870073001664,-0.014246192368640902,0.0,0.025827999999999695,-4.0782669240046684e-05,-0.0037748849912524183,0.000504421668820073,-0.060731793620019035,-0.060716221862299885,0.11310000000000044,1,0.07268341763133024,-0.0005745758259739675,-0.0005859870073001664,0.0741825456831998,1.938,2123732.0,2123732.0,0.48562536729481226,4.332099047732697,-2249458.0,0.0,0.16379310344827586,116.0
0x382a9d45915bb4b55f2b21e4debc813a0f3ddc85,0.02388892203988484,0.003099604,0,102.08983900000001,4,1764829703,0.006011837016819491,0.006345827962198352,0.006011837016819491,0.006011837016819491,0.010991467417672506,0.0,0.006011837016819491,0.0,0.0,-0.09999233650000564,0.005844833745314627,0.0,0.005677830473809761,,,-0.1456000352788843,1,0.07268341763133024,-0.00304856184179984,0.006011837016819491,0.3182639023895016,16.439999999999998,24326247.0,24326247.0,5.5480805195610845,39.05520422727273,19941623.0,,0.3333333333333333,9.0
0x74e4acfd9ea43aee54a2fd7b0391c1f0140ec23f,0.02388880632635724,0.0030985402,0,36325.56504,5,1764840953,0.00033400133600530713,0.0006680026720106513,0.00033400133600530713,0.00033400133600530713,0.0011570145675142164,-0.06093333333333337,0.00033400133600530713,-0.06093333333333338,0.0,1.790234627208065e-13,0.00033400133600530946,-0.0015333333333333757,0.0003340013360053118,-0.08889698635560588,-0.0903969924824606,,1,0.07268341763133024,-0.005387603165853391,0.00033400133600530713,0.07470532460698007,18.25,65732629.0,65732629.0,14.953255939546947,198.8979005375276,61336755.0,0.0,0.5192307692307693,52.0
0x362840aca394e092acdd29f823280a315ef4bf4f,0.02388879865266267,0.0030984697,0,1.9999999999999998,7,1764220907,-0.3333333333333332,-0.33366733466933857,-0.3333333333333332,-0.3333333333333332,-0.5779287798087224,-0.016466666666666664,-0.3333333333333332,-0.00046666536410717237,0.0,-1.4000000000000001,-0.33391783567134253,-0.0025994503641071725,-0.3345023380093519,-0.05512,-0.0494,-0.027040550684128934,1,0.07268341763133024,0.12617201374398956,-0.3333333333333332,0.007647175256446467,0.20056000000000002,1242690.0,1242690.0,0.32911721614437944,0.4846618411458334,-2533138.0,,0.4375,210.0
0xe29a76c88e8c2058a7cfa3c1b2c12c50cd67c56f,0.023888676456365103,0.0030973463,0,5.599966,4,1764831759,-0.027054108316633893,-0.028056112324649926,-0.027054108316633893,-0.027054108316633893,-0.04870657085301648,0.0,-0.027054108316633893,0.0,0.0,,-0.027054108316633893,0.0,-0.027054108316633893,,,-0.2107000000000002,0,0.07268341763133024,,-0.027054108316633893,0.0513137291192447,12.5,2134236.0,2134236.0,0.48652648472193094,30.639370299212594,-2252444.0,,0.32142857142857145,56.0
0x4489b8c67e828776aeb7a0e3a0caa1928a1d7163,0.02388859174239857,0.0030965675,0,1.0,1,1764851359,-0.0010020040080160326,-0.0020040080160320653,-0.0010020040080160326,-0.0010020040080160326,-0.0020040080160320653,0.0,-0.0010020040080160326,0.0,1.0,,-0.0010020040080160326,0.0,-0.0010020040080160326,,,-0.007700000000000895,0,0.07268341763133024,,-0.0010020040080160326,0.10191609118268408,3.3162725,3091582.0,3091582.0,0.7016308541445392,10.525941144329895,-1314698.0,,0.4,45.0
0x72b193ca5e0ba37efa2127ce3768d48306fcbe60,0.02388849727844067,0.003095699,0,3000.0,7,1765072939,-1.8540798674434804e-17,-0.0010020040080160513,-1.8540798674434804e-17,-1.8540798674434804e-17,-0.002623312536073305,0.0,-1.8540798674434804e-17,0.0,1.0,,-1.8540798674434804e-17,0.0,-1.8540798674434804e-17,,,0.0,0,0.07268341763133024,,-1.8540798674434804e-17,0.017155129379829756,0.999999,2611096.0,2611096.0,0.5642124005479855,1.0299516911764708,-2016764.0,,0.38095238095238093,63.0
0x3ee4220a108aad78f3de0b724ab269e4e34c488e,0.02388845597273338,0.0030953193,0,833.333333,4,1764851425,-0.002605209825410824,-0.0036072138334268568,-0.002605209825410824,-0.002605209825410824,-0.007079219140700309,0.0,-0.002605209825410824,0.0,0.0,,-0.002605209825410824,0.0,-0.002605209825410824,,,-0.02000000004845029,0,0.07268341763133024,,-0.002605209825410824,0.2594408033843789,1.0,11485129.0,11485129.0,2.6064973109238356,3.850796321428571,7078783.0,,0.23809523809523808,21.0
0x6fc9c51c0145b8745788c959b9ee87fdcf2863b2,0.02388809640582235,0.0030920135,0,58.389459999999985,9,1764467701,-0.9539240337803834,-0.9549260377883992,-0.9539240337803834,-0.9539240337803834,-2.7970368104658965,0.0,-0.9539240337803834,0.0,0.0,,-0.9539240337803834,0.0,-0.9539240337803834,,,-0.02006269405683963,0,0.07268341763133024,,-0.9539240337803834,0.06517405221495615,2.12,3663169.0,3663169.0,0.9106421135269483,6.946922388632871,-359453.0,,0.5317460317460317,252.0
0xde358407c61ea4ed169f19ca5a27f9e88e18e2ff,0.02388724041064674,0.0030841436,0,10000.0,2,1764873223,-0.0010020040080160326,-0.0020040080160320653,-0.0010020040080160326,-0.0010020040080160326,-0.0028340953153769455,0.0,-0.0010020040080160326,0.0,1.0,,-0.0010020040080160326,0.0,-0.0010020040080160326,,,-0.008000000000000007,0,0.07268341763133024,,-0.0010020040080160326,0.09502090000557165,19.999999,2658294.0,2658294.0,0.600317875841436,29.178388591836736,-1769850.0,,0.16,25.0
0x05098cd8259793c606134d7e33ae988709d7afe1,0.02388724041064674,0.0030841436,0,1305.0,4,1764927125,-0.0007025545343560818,-0.0017045585423721143,-0.0007025545343560818,-0.0007025545343560818,-0.003980693039758856,0.0,-0.0007025545343560818,0.0,0.7662835249042146,,-0.0007025545343560818,0.0,-0.0007025545343560818,,,-0.012049999999850009,0,0.07268341763133024,,-0.0007025545343560818,0.1058537186020106,2.479999,2405840.0,2405840.0,0.5367727149609799,3.5662369615384617,-2076206.0,,0.14285714285714285,21.0
0xe934396d49a7c682f9768e7810a9c2f9e38c33cd,0.02388705007538196,0.0030823937,0,631.14,8,1764825317,0.0,6.534808747930647e-05,0.0,0.0,0.0002558887367010268,-0.00806473313888387,0.0,-0.007632865505167362,0.0,-6.926666666666662,-0.0028290276204583054,-0.007407865499914101,-0.005658055240916611,-0.07547898861718123,-0.07597898861718125,-0.1913999999999997,2,0.07268341763133024,-0.0020700006492621963,0.0,0.05703734021621365,18.4,1901620.0,1901620.0,0.43413622730089096,36.82882917014446,-2478618.0,,0.5538461538461539,127.0
0xffbf076ad1a41490fa9a4a2ed40cf25ae98f2587,0.023887035742051782,0.003082262,0,3.999996,2,1764972161,0.0010024970082660974,0.00200450101628213,0.0010024970082660974,0.0010024970082660974,0.0028347925230168404,-0.0011964467409546107,0.0010024970082660974,-0.09019645042662944,0.0,,0.0010024970082660974,0.0010036493578952136,0.0010024970082660974,0.0009035509550453006,-0.09019645042662944,,1,0.07268341763133024,-0.03322694769110905,0.0010024970082660974,0.10800363310374339,10.5499495,22128679.0,22128679.0,4.88806675028197,185.29069052027026,17601597.0,,0.7130434782608696,115.0
0xe1daef33344a7ff64426f12ce4e7fc650ba218a7,0.023886981878181043,0.0030817667,0,13935.238416,4,1764836341,6.820120975726136e-10,1.0230181037672775e-09,6.820120975726136e-10,6.820120975726136e-10,1.7536262363472224e-06,-0.04670679503082647,6.820120975726136e-10,-0.04580001507369747,0.0,6.981580871999203,0.00025050163005216347,-0.0008499997761339393,0.0005010025780922294,-0.08669096585481167,-0.08959096585481167,,1,0.07268341763133024,-0.004409041973315748,6.820120975726136e-10,0.19680312761425842,26.334999,5817160.0,5817160.0,1.3247125769311874,261.3015987142858,1425898.0,,0.17391304347826086,22.0
0xd65aa536b589fb704616dfb7b86922b458493384,0.023886933433719604,0.0030813213,0,4000.0,4,1764854875,-0.0020040080160320653,-0.003006012024048098,-0.0020040080160320653,-0.0020040080160320653,-0.006012024048096196,0.0,-0.0020040080160320653,0.0,0.5,,-0.0020040080160320653,0.0,-0.0020040080160320653,,,-0.016150000000000015,0,0.07268341763133024,,-0.0020040080160320653,0.11711269752113146,6.93,2450444.0,2450444.0,0.5556819408426149,10.009461807692306,-1959352.0,0.0,0.42857142857142855,14.0
0x69ea0d77ef34f1acb03aaed901df7620fc4215cd,0.0238867504446846,0.0030796388,0,63470.41007200001,104,1764700228,-9.354591064259929e-05,-0.00012472788085680136,-9.354591064259929e-05,-9.354591064259929e-05,-0.0007070440906474058,0.14254051035742543,-9.354591064259929e-05,0.14292952999742736,0.0,106.17806217504776,0.006673018451966285,0.16279232586843395,0.013439582814575168,0.9841438481859873,0.963463938653144,-1.0428704996223028,1,0.07268341763133024,-0.0004302953379155119,-9.354591064259929e-05,0.0,0.0,13494942.0,13494942.0,3.1714381799556257,0.0,9239793.0,,,0.0
0xefc504152e1ae184d38bd3bd605ffdeb5c68efa2,0.023886346891081576,0.0030759284,0,200.0,2,1764854775,-0.0040080160320641305,-0.005010020040080163,-0.0040080160320641305,-0.0040080160320641305,-0.0070852382884423635,0.0,-0.0040080160320641305,0.0,0.0,,-0.0040080160320641305,0.0,-0.0040080160320641305,,,-0.03230000000000003,0,0.07268341763133024,,-0.0040080160320641305,0.3445234130713713,8.871224999999999,13260528.0,13260528.0,3.0071297431841106,15.10447846875,8850832.0,,0.2,20.0
0xecf4d3d0a960f0f4460761fe4672a14479799979,0.023885938254253763,0.0030721712,0,20881.290210000003,33,1764819549,-0.0006446117158032062,-0.0009669175737048271,-0.0006446117158032062,-0.0006446117158032062,-0.002180523083949632,-0.020253736629726123,-0.0006446117158032062,-0.019544214866077582,0.0,5.165160011727326,1.1482603053541833e-05,-0.01830748351739508,0.0006675769219102899,-0.07118476993473344,-0.07168825897874058,-0.11360000000000037,1,0.07268341763133024,-0.0008461626270251782,-0.0006446117158032062,0.052292461739506066,59.999999,35891557.0,35891557.0,8.204778407441358,244.98783076900583,31517087.0,0.0,0.4420289855072464,115.0
0x2f70b46893ddbded13dd6dd103b80ad6374c63b2,0.02388516103504106,0.003065025,0,80.262701,5,1764880857,-0.0010020040080160324,-0.0020040080160320653,-0.0010020040080160324,-0.0010020040080160324,-0.004116101343014822,0.0,-0.0010020040080160324,0.0,1.0,,-0.0010020040080160324,0.0,-0.0010020040080160324,,,-0.008000000000000007,0,0.07268341763133024,,-0.0010020040080160324,0.11738392914363453,45.131528,13064394.0,13064394.0,2.9452317045623113,232.7419248851351,8628616.0,,0.4909090909090909,55.0
0xb1b8a9d0dcda6335da08c852f3826c1d72e15858,0.023885088791599597,0.0030643607,0,100.4,4,1764832715,0.0,0.0,0.0,0.0,0.0,0.0,0.0,0.0,0.0,-3.300000000000003,-0.004133266533066135,0.0,-0.00826653306613227,,,-0.25940000000000024,1,0.07268341763133024,-0.021678567685159605,0.0,0.14072967565476616,96.2,2910777.0,2910777.0,0.6634043936187961,80.32888688235295,-1476859.0,,0.1111111111111111,9.0
0x3dbcf1bdc71dc0af80e6d63e544a47e52592ac39,0.023885080891173072,0.003064288,0,19.999998,2,1764832375,-0.034068132975951876,-0.0350701369839679,-0.034068132975951876,-0.034068132975951876,-0.04959666335700967,0.0,-0.034068132975951876,0.0,0.0,,-0.034068132975951876,0.0,-0.034068132975951876,,,-0.2593999733509998,0,0.07268341763133024,,-0.034068132975951876,0.08504709377865777,11.309835,4137125.0,4137125.0,0.94297831739641,30.02032814814815,-250171.0,,0.5333333333333333,45.0
0x956170200cd4c0d8f98b68712a78f0dc7a970570,0.023884584587438133,0.0030597246,0,1000.0,2,1765085749,0.0,-0.0010020040080160326,0.0,0.0,-0.0014170476576884727,0.0,0.0,0.0,1.0,,0.0,0.0,0.0,,,0.0,0,0.07268341763133024,,0.0,0.07477641073240648,1.0,3806392.0,3806392.0,0.8202246658348902,1.109443777777778,-834278.0,,0.125,16.0
0xe948662e83ab4e074763b7a0c4b86fd2fe1bff23,0.023883743173021138,0.0030519876,0,12225.290999999997,19,1764824245,0.031016160433108793,0.03201816444112482,0.031016160433108793,0.031016160433108793,0.10519358907420326,-0.06022890880485828,0.031016160433108793,-0.056422425128371055,0.0,,0.031016160433108793,0.008341226369892105,0.031016160433108793,-0.058731326588966896,-0.05787870010475698,,1,0.07268341763133024,-0.0018425467033818073,0.031016160433108793,0.0,0.0,3655003.0,3655003.0,0.8346344943306556,0.0,-724163.0,,,0.0
0xe78d3c444c07314a8277c35a9fe97e41385863fb,0.02388353022860709,0.0030500295,0,29.411763,2,1764830645,-0.03306610017234279,-0.03406810418035882,-0.03306610017234279,-0.03306610017234279,-0.048179574976202975,0.0,-0.03306610017234279,0.0,0.0,,-0.03306610017234279,0.0,-0.03306610017234279,,,-0.2512997404577997,0,0.07268341763133024,,-0.03306610017234279,0.16355451640929292,1.0509,12844124.0,12844124.0,2.928726645545866,13.9239791875,8458558.0,0.0,0.7171717171717171,99.0
0x3afb924c90ed59dbee36288a77a9f2df8fd78296,0.023882651377738522,0.003041948,0,23.217478,4,1764665872,0.00035332467962244775,0.0003541063713245476,0.00035332467962244775,0.00035332467962244775,0.017929398386468783,-0.091385279580898,0.00035332467962244775,-0.03511337653888384,0.0,9.609520823357425,0.1135356217018857,-0.032612402272377265,0.22671791872414898,7.238600627393709,7.233800629180796,,1,0.07268341763133024,0.031760591142620836,0.00035332467962244775,0.03176396641062519,1.0,10719598.0,10719598.0,2.5397118503560825,2.399319788888889,6498805.0,,0.381294964028777,137.0
0xe922e3614c56b3c0aebb8c1039d217da18ab4685,0.023882212597107596,0.003037913,0,1333.326666,6,1764819337,-3.004823537210939e-08,-4.5072358618967774e-08,-3.004823537210939e-08,-3.004823537210939e-08,-2.016095373704933e-05,0.0,-3.004823537210939e-08,0.0,0.0,-3.9999590240148466,-0.0007515291148517231,0.0,-0.001503028181468074,,,0.20420000853125267,1,0.07268341763133024,-0.0008809596859098646,-3.004823537210939e-08,0.014694202709602188,9.999999,2377290.0,2377290.0,0.5434727444060227,12.321901741935484,-1996968.0,,0.552,121.0
0xcda8d1ec269686f657bfcb65831bb90307134902,0.023881393240275422,0.0030303781,0,2580.0,2,1765002333,0.0,-0.0010020040080160326,0.0,0.0,-0.001417047657688473,0.0,0.0,0.0,1.0,,0.0,0.0,0.0,,,0.0,0,0.07268341763133024,,0.0,0.16773909044835777,6.7795,5186309.0,5186309.0,1.138033780868918,18.272180476923076,629055.0,,0.2903225806451613,31.0
0x93c0f1a6fb26f241cf57414dee2f42aa815e2e30,0.023881282018281966,0.0030293553,0,121.206059,5,1764833427,-1.502682086812609e-06,-1.652950373761109e-06,-1.502682086812609e-06,-1.502682086812609e-06,-0.00023378761687812064,0.0,-1.502682086812609e-06,0.0,0.0,-1.8179990530946735,-0.0037588279197843222,0.0,-0.0075161531574818325,,,-0.25029987343344745,1,0.07268341763133024,-0.004440019842810652,-1.502682086812609e-06,0.31470651821547324,4.999999,4750366.0,4750366.0,1.0824952806842119,21.358860765957445,362018.0,0.0,0.07692307692307693,26.0
0x7fe68cbaca0b778dab7c1adbb9992bb1f4f6b39e,0.023880869187320606,0.0030255588,0,210000.527782,52,1764834363,0.002558411055406562,0.0030986952574375377,0.002558411055406562,0.002558411055406562,0.02591842648257332,-0.061855283667942275,0.002558411055406562,-0.060083708966970274,0.0,64.00713684210528,0.0038100607697912287,0.006999280722082741,0.005061710484175895,-0.07317368349733587,-0.07664467701602777,,1,0.07268341763133024,-0.003989355494816299,0.002558411055406562,0.13212887483901095,29.31,18030422.0,18030422.0,4.107827609241052,294.5434720114416,13641138.0,,0.5,17.0
0xcb122e3dfea0af9fbbae991621a2a1e738d46a49,0.023880690775407633,0.003023918,0,6000.0,2,1764858287,-0.0010020040080160326,-0.0020040080160320653,-0.0010020040080160326,-0.0010020040080160326,-0.0028340953153769455,0.0,-0.0010020040080160326,0.0,1.0,,-0.0010020040080160326,0.0,-0.0010020040080160326,,,-0.007999702995197654,0,0.07268341763133024,,-0.0010020040080160326,0.02217242342801657,8.336549999999999,3550204.0,3550204.0,0.8044497336178127,14.95850850657895,-863004.0,,0.4344262295081967,120.0
0x859c10f621d350767facd3a11f365e7c38a7d70e,0.023879534534688055,0.0030132844,0,2.0,2,1764881403,-0.0010020040080160326,-0.0020040080160320653,-0.0010020040080160326,-0.0010020040080160326,-0.002834095315376946,0.0,-0.0010020040080160326,0.0,1.0,,-0.0010020040080160326,0.0,-0.0010020040080160326,,,-0.007999999999999119,0,0.07268341763133024,,-0.0010020040080160326,0.08587003398077599,1.0,3338986.0,3338986.0,0.7526470113544457,2.581924903846154,-1097338.0,0.0,0.3333333333333333,45.0
0x8050c5311bfba4cae7202ce4556bc7fd200314b7,0.023878680231148364,0.0030054273,0,237.16667999999999,2,1764613250,-0.9268882147567945,-0.9278902187648105,-0.9268882147567945,-0.9268882147567945,-1.3122095389048263,0.0,-0.9268882147567945,0.0,0.0,,-0.9268882147567945,0.0,-0.9268882147567945,,,-0.5218286640982885,0,0.07268341763133024,,-0.9268882147567945,0.06730594250688021,59.408725000000004,31437258.0,31437258.0,7.542218877296541,112.87755490952382,27269087.0,0.0,0.8372093023255814,43.0
0x16fff922dd09fed10f949e8a63c39b4bc65921f9,0.023877832210075042,0.0029976277,0,8.019996,2,1764550784,-0.9448896097231325,-0.9458916137311484,-0.9448896097231325,-0.9448896097231325,-1.3376927486735632,0.0,-0.9448896097231325,0.0,0.0,,-0.9448896097231325,0.0,-0.9448896097231325,,,-0.03922108381962618,0,0.07268341763133024,,-0.9448896097231325,0.0119329308150181,5.17962,2609006.0,2609006.0,0.6354587092837892,6.594492442542788,-1496699.0,0.0,0.10144927536231885,207.0
0x4b932500e0902501e7f31fb5aae17cb8300c843a,0.02387746411645733,0.0029942421,0,340.06858,4,1764831023,-0.028015950615635405,-0.029017954623651438,-0.028015950615635405,-0.028015950615635405,-0.05158645757629476,0.0,-0.028015950615635405,0.0,0.0,,-0.028015950615635405,0.0,-0.028015950615635405,,,-0.21062037546600487,0,0.07268341763133024,,-0.028015950615635405,0.04039444506026202,42.5,66978906.0,66978906.0,15.271263381383802,66.07899540214478,62592962.0,0.0,0.6666666666666666,81.0
0x2f9e69813e2d6893cefcb6a500de87a12d721dc0,0.023877293450075516,0.0029926724,0,208.8421,2,1764599888,-0.9509018036072141,-0.9519038076152301,-0.9509018036072141,-0.9509018036072141,-1.3461952748040478,0.0,-0.9509018036072141,0.0,0.0,,-0.9509018036072141,0.0,-0.9509018036072141,,,-0.04211911129612732,0,0.07268341763133024,,-0.9509018036072141,0.0648215049919255,34.4175,29745209.0,29745209.0,7.159224166501998,70.61176733333333,25590400.0,,0.8333333333333334,30.0
0x3c6753b0cd31fa621cd54d2ac7872eb6c77b92ac,0.023877200497898238,0.0029918174,0,99.999996,2,1764838099,0.002004021003006398,0.00300602501102243,0.002004021003006398,0.002004021003006398,0.004251161339420655,-0.09129999274035648,0.002004021003006398,-0.08889095177665418,0.0,,0.002004021003006398,-0.0004909775702334894,0.002004021003006398,-0.08539095177665419,-0.08889095177665418,,1,0.07268341763133024,-0.00478204947038452,0.002004021003006398,0.16854140516711463,1.7,2417660.0,2417660.0,0.5503412231221346,3.426756432432432,-1975360.0,,0.13513513513513514,37.0
0x825135c386d92dcc2fcfaa41be2373c21ae9e150,0.02387717667769395,0.0029915983,0,1388.888887,3,1764833185,-0.03507013960817637,-0.036072143616192404,-0.03507013960817637,-0.03507013960817637,-0.06136685225779517,0.0,-0.03507013960817637,0.0,0.0,,-0.03507013960817637,0.0,-0.03507013960817637,,,-0.27539999456457626,0,0.07268341763133024,,-0.03507013960817637,0.08312913919217609,49.999999,3774930.0,3774930.0,0.860264086601372,86.08540694285713,-613176.0,,0.4666666666666667,30.0
0xfc27cb1c6276dde8b9d0ab9c499041409cd0be92,0.023876732122513133,0.0029875094,0,1.999996,2,1764526690,-0.9729454437668449,-0.9739474477748609,-0.9729454437668449,-0.9729454437668449,-1.37736968968187,0.0,-0.9729454437668449,0.0,0.0,,-0.9729454437668449,0.0,-0.9729454437668449,,,-0.06439765792804605,0,0.07268341763133024,,-0.9729454437668449,0.13080447196584752,0.999999,2589142.0,2589142.0,0.6343431551904383,3.448177411764706,-1492469.0,,0.4489795918367347,49.0
0x9ecc458843337b450198b8a2af16d7f3ae836b37,0.02387614205265839,0.0029820818,0,202.11,2,1764639242,-0.9208416833667332,-0.9218436873747491,-0.9208416833667332,-0.9208416833667332,-1.3036838450733936,0.0,-0.9208416833667332,0.0,0.0,,-0.9208416833667332,0.0,-0.9208416833667332,,,-0.03813090383826788,0,0.07268341763133024,,-0.9208416833667332,0.03800074531839355,52.696,8644115.0,8644115.0,2.06098690012763,77.44703041025642,4449952.0,,0.6271186440677966,59.0
0xe9b42acb8cf9b3ce94d70c7400acabcbb942f03a,0.023875339250419604,0.0029746974,0,0.144,1,1764819397,0.0,-0.0010020040080160326,0.0,0.0,-0.0010020040080160326,0.0,0.0,0.0,1.0,,0.0,0.0,0.0,,,0.2705999994365278,0,0.07268341763133024,,0.0,0.0,0.0,,,,0.0,,,,0.0
0x2ad3139e375f14b6ac43627b2fc00435e557c091,0.023875253139824977,0.0029739053,0,2666.666666,6,1764946899,-0.0016282563267941918,-0.0026302603348102253,-0.0016282563267941918,-0.0016282563267941918,-0.005815221820754814,0.0,-0.0016282563267941918,0.0,0.37500000009375,,-0.0016282563267941918,0.0,-0.0016282563267941918,,,-0.007700000000000007,0,0.07268341763133024,,-0.0016282563267941918,0.13996401966764668,4.0,3224474.0,3224474.0,0.716260090363453,4.3703248666666665,-1277346.0,,0.25,12.0
0x2559468811e5c54de2d45e7e4bb6c84abf442ef4,0.02387466685166993,0.0029685122,0,16.120579999999997,3,1764831737,-0.02861416978727357,-0.0296161737952896,-0.02861416978727357,-0.02861416978727357,-0.05048137411706669,0.0,-0.02861416978727357,0.0,0.0,,-0.02861416978727357,0.0,-0.02861416978727357,,,-0.22331122572636228,0,0.07268341763133024,,-0.02861416978727357,0.02868336962799686,1.0,2846815.0,2846815.0,0.6489712669645092,2.374569200527705,-1539843.0,,0.46218487394957986,116.0
0x502b532f55778c0985846dc53a9bc71eb4f33b15,0.023874383470175453,0.0029659055,0,99.999996,2,1764831675,0.027054124111262977,0.028056128119279006,0.027054124111262977,0.027054124111262977,0.039677356893961534,-0.06459903091721325,0.027054124111262977,-0.062068472098549474,0.0,,0.027054124111262977,0.03523153107405864,0.027054124111262977,-0.059624952492328076,-0.06102495249232809,,1,0.07268341763133024,-0.0034190232126087568,0.027054124111262977,0.0,0.0,3510416.0,3510416.0,0.800259700232253,0.0,-876180.0,0.0,,0.0
0xfb62d55912bf2dc07979c98f04e3136683274f95,0.02387333977577786,0.0029563045,0,4070.0,11,1764831931,-0.02072901202404811,-0.02173101603206413,-0.02072901202404811,-0.02072901202404811,-0.0728321120121818,0.0,-0.02072901202404811,0.0,0.0,,-0.02072901202404811,0.0,-0.02072901202404811,,,-0.23854593700000024,0,0.07268341763133024,,-0.02072901202404811,0.1696959599940245,2.84416,95887460.0,95887460.0,21.85791998453561,23.121803449999998,91500608.0,0.0,0.2222222222222222,8.0
0xac9b386454ed02ef205e0ebd189d8864fd02d4c5,0.02387305937085456,0.002953725,0,78552.69012300002,47,1764818685,-0.005515096587999772,-0.006454465480360253,-0.005515096587999772,-0.005515096587999772,-0.029220299758922826,-1.8495470435001374e-05,-0.005515096587999772,-1.7940402438539918e-05,0.0,-132.85955657142853,-0.006249572751609957,-1.7587304304444547e-05,-0.006984048915220141,-0.08026329258855261,-0.07926329258855261,0.2525,1,0.07268341763133024,-0.0007799633442689457,-0.005515096587999772,0.0,0.0,3105712.0,3105712.0,0.7101032877675767,0.0,-1267894.0,,,0.0
0x4a60bf806d191015e5fba2eb215dda5f6c5f89b6,0.023872988377970472,0.0029530718,0,273.35069,3,1764819443,0.0006680026720106884,0.0010020040080160326,0.0006680026720106884,0.0006680026720106884,0.001735521851271421,-0.06173935591235008,0.0006680026720106884,-0.0594,0.0,0.18266000000000016,0.0008350033400133605,-0.059999999874783945,0.0010020040080160326,-0.08819096613147501,-0.087090966131475,,1,0.07268341763133024,-0.0008236718450631248,0.0006680026720106884,0.0,0.0,1420094.0,1420094.0,0.32464010768193957,0.0,-2954270.0,,,0.0
0xc89d0db0720a91b0fe74b8d607a2a9a7b71d5909,0.0238726654831662,0.0029501014,0,14548.554996,4,1764819625,1.205701229728235e-09,3.6171032427829464e-09,1.205701229728235e-09,1.205701229728235e-09,3.297431805356022e-06,-0.0463045725500513,1.205701229728235e-09,-0.04635005567038893,0.0,3.646250674998367,0.0001252515791771096,-0.04485005386545453,0.00025050195265298946,-0.0882909659264459,-0.0906909659264459,,1,0.07268341763133024,-0.0008622880933375938,1.205701229728235e-09,0.019496710186316213,50.0,1917350.0,1917350.0,0.4382969112680493,118.84538289875667,-2457196.0,,0.4672489082969432,229.0
0x263d1abc75c8e085680700c4969313312959d077,0.023872460025279103,0.0029482113,0,9789.833332999999,8,1764933267,-0.002406579293679517,-0.0034085833016955515,-0.002406579293679517,-0.002406579293679517,-0.009212896948210147,0.0,-0.002406579293679517,0.0,0.0,,-0.002406579293679517,0.0,-0.002406579293679517,,,-0.024090380309735815,0,0.07268341763133024,,-0.002406579293679517,0.08746280373676815,80.0765,12367172.0,12367172.0,2.7554933082125794,182.93804989473685,7878984.0,0.0,0.4,35.0
0xedf305d61499143b0a63a68662301d292175eac3,0.02387231227281686,0.002946852,0,4951.17074,7,1764830093,0.0,6.834880023343653e-20,0.0,0.0,1.4333782310715189e-11,0.0,0.0,0.0,0.0,-52.99999999999997,-0.0026553106212424825,0.0,-0.005310621242484965,,,-0.14559999988461508,1,0.07268341763133024,-0.004128543730355045,0.0,0.051202686633209635,17.928,3262568.0,3262568.0,0.7440268149656991,174.21402565482236,-1122446.0,,0.5735294117647058,68.0
0xeccab812c0c6256ccdef7a9a3a7cd114947f6a15,0.02387198728634182,0.0029438622,0,334.0,2,1764946917,-0.0020040080160320653,-0.0030060120240480983,-0.0020040080160320653,-0.0020040080160320653,-0.0042511429730654185,0.0,-0.0020040080160320653,0.0,0.0,,-0.0020040080160320653,0.0,-0.0020040080160320653,,,-0.01599985807697545,0,0.07268341763133024,,-0.0020040080160320653,0.01130380624733391,3.3579,3378130.0,3378130.0,0.7503890633114741,4.375665737961926,-1123708.0,,0.41295546558704455,247.0
0x5d70c651731463164523522adfe04b2d6ab392e8,0.02387198728634182,0.0029438622,0,346.666666,2,1764976741,-0.0020040065852859846,-0.003006010593302017,-0.0020040065852859846,-0.0020040065852859846,-0.004251140949684908,0.0,-0.0020040065852859846,0.0,0.0,,-0.0020040065852859846,0.0,-0.0020040065852859846,,,-0.01609998843413485,0,0.07268341763133024,,-0.0020040065852859846,0.13007660349802344,1.9068,2720216.0,2720216.0,0.6002689520974865,7.6235912222222195,-1811446.0,,0.41379310344827586,58.0
0x741bef508fd9e9075e9b60f3cb9410a5a1ec3cbf,0.023871587569779116,0.002940185,0,1000.0,2,1764857285,-0.0010020040080160326,-0.0020040080160320653,-0.0010020040080160326,-0.0010020040080160326,-0.0028340953153769455,0.0,-0.0010020040080160326,0.0,1.0,,-0.0010020040080160326,0.0,-0.0010020040080160326,,,-0.007400000000000006,0,0.07268341763133024,,-0.0010020040080160326,0.032373875337827866,4.999999,3464818.0,3464818.0,0.7852801977060908,7.239688718592967,-947388.0,,0.27450980392156865,153.0
0xf872ffa254b64f013e094f4a2c7801bac56534fe,0.023871525413605058,0.002939613,0,47.941175,2,1764832233,-0.033066112408866206,-0.03406811641688224,-0.033066112408866206,-0.033066112408866206,-0.048179592281260356,0.0,-0.033066112408866206,0.0,0.0,,-0.033066112408866206,0.0,-0.033066112408866206,,,-0.2512998394907927,0,0.07268341763133024,,-0.033066112408866206,0.08075141747158979,9.999999,3274838.0,3274838.0,0.7464606895495348,24.701601186440673,-1112316.0,,0.42424242424242425,33.0
0x260b8cd6b62a86dfbf53c1d9d2eb0328f865d12c,0.023871485629687255,0.002939247,0,1133.111,4,1764818261,0.0003340013360053442,0.0006680026720106884,0.0003340013360053442,0.0003340013360053442,0.0011570145675142806,-0.03056766917369316,0.0003340013360053442,-0.0304,0.5262908574135481,0.15100000000000025,0.00034514947962532806,-0.001133333308988349,0.0003562976232453119,-0.08849699248246055,-0.09019699248246055,0.07329999733026327,1,0.07268341763133024,-0.005716477807751342,0.0003340013360053442,0.0,0.0,2431570.0,2431570.0,0.5560184780784335,0.0,-1941612.0,,,0.0
0x87a29e38e6a33b3b6539a4e3d3f782b229382250,0.02387121569801944,0.0029367637,0,40.049997000000005,6,1764834955,0.001004020082143346,0.002006024090159379,0.001004020082143346,0.001004020082143346,0.0049112844898621605,-0.0945038018953114,0.001004020082143346,-0.09079174394092279,0.0,,0.001004020082143346,-0.0010251443812490653,0.001004020082143346,-0.08736334070527012,-0.09079395123614331,,1,0.07268341763133024,-0.004114964390302484,0.001004020082143346,0.0,0.0,1677247.0,1677247.0,0.38207161204553386,0.0,-2712629.0,0.0,,0.0
0xf5ccb0827bc55ae619c26ff25e704d0cc6640540,0.02387118988434633,0.0029365262,0,14000.0,10,1764821545,-0.0006441454337245924,-0.0016461494417406252,-0.0006441454337245924,-0.0006441454337245924,-0.005367394972449151,0.0,-0.0006441454337245924,0.0,1.0,,-0.0006441454337245924,0.0,-0.0006441454337245924,,,0.2697000000000009,0,0.07268341763133024,,-0.0006441454337245924,0.0,0.0,43176945.0,43176945.0,9.86571014147031,0.0,38800479.0,,,0.0
0x93b9114efd9d72720f0a67205208b332ae6ba48b,0.023871167259443472,0.002936318,0,19920.0,3,1764835505,0.003006012024048098,0.00400801603206413,0.003006012024048098,0.003006012024048098,0.006228365994906726,-0.09321205957152665,0.003006012024048098,-0.08848190957810155,0.0,,0.003006012024048098,0.0019180904203984653,0.003006012024048098,-0.08488191142971695,-0.08848190957810166,,1,0.07268341763133024,-0.004231661843879176,0.003006012024048098,0.14263649249001,10.55894,38638553.0,38638553.0,8.800638707952258,339.17655900625,34248127.0,0.0,0.2912621359223301,102.0
0x2a3b6140eb49693de6a6da110841a4e8b7803035,0.023870794812007944,0.0029328915,0,450.93055999999996,5,1764524776,-0.9736127829702665,-0.9746147869782825,-0.9736127829702665,-0.9736127829702665,-2.085098195604152,0.0,-0.9736127829702665,0.0,0.0,,-0.9736127829702665,0.0,-0.9736127829702665,,,-0.06365469442122992,0,0.07268341763133024,,-0.9736127829702665,0.028462411062779615,24.999999,44930947.0,44930947.0,11.01330490965383,245.77577651204106,40851250.0,0.0,0.4853801169590643,314.0
0x4d4d23695ff2fc39332eb3bf1aa1d1d6a588b3f4,0.023870766771756435,0.0029326335,0,27.1432,4,1764830243,-0.02833103653380965,-0.029333040541825686,-0.02833103653380965,-0.02833103653380965,-0.05613615493519862,0.0,-0.02833103653380965,0.0,0.0,,-0.02833103653380965,0.0,-0.02833103653380965,,,-0.23490000000000022,0,0.07268341763133024,,-0.02833103653380965,0.09050043237203173,13.95,3260600.0,3260600.0,0.743552578649282,57.57681245306122,-1124564.0,,0.4090909090909091,44.0
0x72e0877e54aafe7d9589e00a960918aadc0c3bc0,0.023870540578195036,0.0029305525,0,24375.0,2,1764858761,-0.0010020040080160326,-0.0020040080160320653,-0.0010020040080160326,-0.0010020040080160326,-0.002834095315376946,0.0,-0.0010020040080160326,0.0,1.0,,-0.0010020040080160326,0.0,-0.0010020040080160326,,,-0.007700000000000007,0,0.07268341763133024,,-0.0010020040080160326,0.02774324870145432,14.5,3627164.0,3627164.0,0.8218000299976301,15.448427262068964,-786518.0,,0.3026315789473684,76.0
0xfcd015b771c082b8be501baecf99e5eb8bc78e17,0.023870540578195036,0.0029305525,0,1000.0,2,1764858931,-0.0010020040080160326,-0.0020040080160320653,-0.0010020040080160326,-0.0010020040080160326,-0.0028340953153769455,0.0,-0.0010020040080160326,0.0,1.0,,-0.0010020040080160326,0.0,-0.0010020040080160326,,,-0.007999998189950331,0,0.07268341763133024,,-0.0010020040080160326,0.0664099896983157,4.999999,3691325.0,3691325.0,0.8363046608721815,6.221987147058824,-722527.0,0.0,0.36666666666666664,28.0
0xf5bd0f1e561a14bb1b527e3b06d59989ae17169a,0.023870540578195036,0.0029305525,0,4004.0,10,1764948439,-0.000801603206412826,-0.0018036072144288588,-0.000801603206412826,-0.000801603206412826,-0.0057035068019069,0.0,-0.000801603206412826,0.0,0.7502497502497503,,-0.000801603206412826,0.0,-0.000801603206412826,,,-0.00769999999640002,0,0.07268341763133024,,-0.000801603206412826,0.041997562999930176,10.0,3736500.0,3736500.0,0.8297138136857812,29.137135234875444,-766860.0,,0.29896907216494845,194.0
0xfdae3905242d2229e3a0508b048b9a1d41c9f99e,0.023869903815828746,0.002924694,0,248.2791,3,1764825087,0.006012024048096196,0.00634602538410154,0.006012024048096196,0.006012024048096196,0.010991638391385667,-0.05191925697848139,0.006012024048096196,-0.04713582165832878,0.0,-1.3863300000000012,0.005093520374081499,-0.04686915499166212,0.004175016700066803,-0.07087454028087511,-0.06967454028087514,,1,0.07268341763133024,-0.002021199895948307,0.006012024048096196,0.1852634137314396,47.27192,21995155.0,21995155.0,5.021715713761253,68.45447317241378,17615147.0,,0.7037037037037037,27.0
0x16f3951b6d2b5edf2c6570fc6328b8e913d51263,0.023868977981473166,0.0029161756,0,210.138508,6,1764669284,-0.9130451935926329,-0.9140471976006491,-0.9130451935926329,-0.9130451935926329,-1.9797123794639557,0.0,-0.9130451935926329,0.0,0.0,,-0.9130451935926329,0.0,-0.9130451935926329,,,-0.017654279119346604,0,0.07268341763133024,,-0.9130451935926329,0.03863550805724718,49.869999,6573214.0,6573214.0,1.5560830972928634,62.059296613861385,2349009.0,,0.5882352941176471,51.0
0x0bfaa3780d0c94c7cebee3f6e029356fee1f7eac,0.023868964392572915,0.0029160506,0,450.0,4,1764886591,-0.0034513471387218903,-0.0044533511467379225,-0.0034513471387218903,-0.0034513471387218903,-0.00894831204555928,0.0,-0.0034513471387218903,0.0,0.0,,-0.0034513471387218903,0.0,-0.0034513471387218903,,,-0.02825702162162209,0,0.07268341763133024,,-0.0034513471387218903,0.23436144882529586,46.4283995,31892782.0,31892782.0,7.180613718931752,92.12204834782607,27451270.0,0.0,0.21428571428571427,28.0
0x8217b6c8878a4aa4ecc023608dbf91d4fac64936,0.023868959129090303,0.0029160022,0,822.0928549999999,60,1764549774,-0.009215595444398835,-0.009741440733391943,-0.009215595444398835,-0.009215595444398835,-0.046187397456666376,-0.018101279797113366,-0.009215595444398835,-0.023751179001939807,0.23137773250100374,21.565574820625,0.023002767010363218,-0.022659429463561885,0.05522112946512527,2.638326143352577,2.6340328190947497,-0.04529999999999915,3,0.07268341763133024,0.056393938352342285,-0.009215595444398835,0.0,0.0,4236751.0,4236751.0,1.0321719396934486,0.0,132056.0,0.0,,0.0
0x2783e38aa7b7d1ba8a7f3cef36bed993f3138321,0.023868944376161893,0.0029158664,0,4984.0,7,1764836263,0.002204408817635272,0.0032064128256513043,0.002204408817635272,0.002204408817635272,0.007637688787719762,-0.055437646576319534,0.002204408817635272,-0.08764029993245018,0.0,,0.002204408817635272,0.000341193128489254,0.002204408817635272,-0.06046218846164621,-0.08708963536770624,,2,0.07268341763133024,-0.0043924921526266895,0.002204408817635272,0.11992120170117923,46.65,35264712.0,35264712.0,8.030798071772898,252.22283630453563,30873528.0,0.0,0.47058823529411764,119.0
0x4b73153748ea5d223244c70f292841e37ede053a,0.02386885927496636,0.0029150834,0,6.0,6,1764877533,0.0,0.0,0.0,0.0,0.0,0.0,0.0,0.0,1.0,-1.0000000000000009,-0.00012525050100200408,0.0,-0.00025050100200400816,,,-0.008000000000000007,1,0.07268341763133024,-0.013253011536922437,0.0,0.18417425027156437,1.0,24592574.0,24592574.0,5.548297624746923,1.0771421428571428,20160120.0,,0.0,6.0
0x7744bfd749a70020d16a1fcbac1d064761c9999e,0.02386838313885874,0.0029107025,0,670868.955512,110,1764818823,0.001160111712999849,0.00223382244184779,0.00020660300196360034,0.0012157254256007053,0.016241044050075495,-0.011584513439249808,0.0012830003193083875,-0.0215585734112933,0.0,3.5016984999997924,0.0012591058139732293,-0.010888442648558531,0.0011796642042842765,-0.006779333593498062,-0.020003304331322497,,2,0.07268341763133024,-0.0006921219883039446,0.0012493295683310155,0.0,0.0,1436080.0,1436080.0,0.32834111918758846,0.0,-2937664.0,0.0,,0.0
0x52bc70fbe32888cf6a72e66a316d981bde35aab6,0.023868142467930627,0.002908488,0,100.0,1,1764833523,-0.024048096192384783,-0.025050100200400816,-0.024048096192384783,-0.024048096192384783,-0.025050100200400816,0.0,-0.024048096192384783,0.0,0.0,,-0.024048096192384783,0.0,-0.024048096192384783,,,-0.18450000000000105,0,0.07268341763133024,,-0.024048096192384783,0.15519098824423247,16.27872,2847447.0,2847447.0,0.6488511645585543,88.1612490591716,-1540997.0,,0.35714285714285715,14.0
0x8979f8b442b8e79bbb886b28d60abe611ed5f003,0.023867897447063628,0.0029062335,0,9722.931069000002,22,1764625084,-0.1602804497340678,-0.1649116360872817,-0.1602804497340678,-0.1602804497340678,-0.6397324516092241,0.0,-0.1602804497340678,0.0,0.0,-143.02580156444444,-0.18184366896064455,0.0,-0.20340688818722127,,,0.015411221049115539,2,0.07268341763133024,0.03833723527182656,-0.1602804497340678,0.058583520261786946,19.9962,3127393.0,3127393.0,0.7481792485894155,161.7097520990629,-1052612.0,,0.41353383458646614,133.0
0x011f2d377e56119fb09196dffb0948ae55711122,0.02386789534682308,0.0029062142,0,5.0,1,1764819397,0.0,-0.0010020040080160326,0.0,0.0,-0.0010020040080160326,0.0,0.0,0.0,1.0,,0.0,0.0,0.0,,,0.2705999994365278,0,0.07268341763133024,,0.0,0.0,0.0,33505932.0,33505932.0,7.65969277953729,0.0,29131614.0,0.0,,0.0
0x58b6ce6903cad14a4c7d17bb93386ac3e704fff0,0.023867733021547637,0.0029047206,0,2500.0,2,1764855441,-0.003006012024048098,-0.0040080160320641305,-0.003006012024048098,-0.003006012024048098,-0.005668190630753891,0.0,-0.003006012024048098,0.0,0.0,,-0.003006012024048098,0.0,-0.003006012024048098,,,-0.02400000000000002,0,0.07268341763133024,,-0.003006012024048098,0.10294509350534016,10.0,3605608.0,3605608.0,0.8175310779477966,31.628530589041095,-804754.0,,0.08333333333333333,60.0
0xd53ad7d8d1f084ae86d9dcc6f1f4e402136b8dc7,0.023866914301156405,0.0028971871,0,3.06,1,1764603974,-0.949899799599198,-0.9509018036072141,-0.949899799599198,-0.949899799599198,-0.9509018036072141,0.0,-0.949899799599198,0.0,0.0,,-0.949899799599198,0.0,-0.949899799599198,,,-0.031068855904958566,0,0.07268341763133024,,-0.949899799599198,0.05705705545542912,4.92,4300069.0,4300069.0,1.0339450743526826,11.85729559217877,141174.0,0.0,0.6527777777777778,72.0
0xf7242c7d11dd4bfd25e2fe7e1fec471de6877ca6,0.023866478990715465,0.0028931815,0,953.333333,2,1764916107,-0.0020040074947096564,-0.0030060115027256895,-0.0020040074947096564,-0.0020040074947096564,-0.0042511422358041985,0.0,-0.0020040074947096564,0.0,0.0,,-0.0020040074947096564,0.0,-0.0020040074947096564,,,-0.015699995681678864,0,0.07268341763133024,,-0.0020040074947096564,0.17190000624081025,7.75992,4563002.0,4563002.0,1.020571108031531,10.30155,91974.0,,0.2857142857142857,14.0
0x42810c7be81fdf798f1ade7278f5712a7b17b581,0.023866448931201097,0.002892905,0,3113.6856330000005,33,1764827831,-5.06692956903171e-09,-3.061316697218459e-08,-5.06692956903171e-09,-5.06692956903171e-09,-3.044076469075516e-05,0.0,-5.06692956903171e-09,0.0,0.0,-6.634467369671838,-0.0008605298525875821,0.0,-0.0017210546382455951,,,-0.20909998893489046,1,0.07268341763133024,-0.0034313294895313897,-5.06692956903171e-09,0.38081162266338753,4.2222,7010623.0,7010623.0,1.5995938168529726,56.44734326666667,2627871.0,,0.3333333333333333,9.0
0xede186f37ead91aa618cf8101db2bfe6b6c57dd1,0.023866065017772893,0.0028893722,0,99.0,4,1764833367,-0.015531062124248506,-0.01653306613226454,-0.015531062124248506,-0.015531062124248506,-0.035377028235248756,0.0,-0.015531062124248506,0.0,0.0,,-0.015531062124248506,0.0,-0.015531062124248506,,,-0.2507862622000002,0,0.07268341763133024,,-0.015531062124248506,0.16552465037564135,28.915218,14561881.0,14561881.0,3.3183512567999185,156.1883054680851,10173593.0,,0.45454545454545453,11.0
0x124200d140c80e0bda061be2b795ecd29a62d9fe,0.023865978889205355,0.0028885796,0,19.999996,2,1764772535,-0.946893734682557,-0.9478957386905731,-0.946893734682557,-0.946893734682557,-1.3405270093718717,0.0,-0.946893734682557,0.0,0.0,,-0.946893734682557,0.0,-0.946893734682557,,,-1.0264846719800802,0,0.07268341763133024,,-0.946893734682557,0.06253852227218588,4.999999,2754598.0,2754598.0,0.636539805372949,15.03083459770115,-1572858.0,,0.41818181818181815,55.0
0xe50426e53bc1485ee7d1ae741c606e2b679770ef,0.02386594488317993,0.0028882667,0,3732.3,1,1764539602,-0.9579158316633264,-0.9589178356713425,-0.9579158316633264,-0.9579158316633264,-0.9589178356713425,0.0,-0.9579158316633264,0.0,0.0,,-0.9579158316633264,0.0,-0.9579158316633264,,,-0.04249871774214232,0,0.07268341763133024,,-0.9579158316633264,0.04348437532649449,24.749999000000003,24705518.0,24705518.0,6.033796366512045,297.31479550785633,20610995.0,0.0,0.3865546218487395,107.0
0xa90986dd218845966eff3ee0b969a4a0eaeae7ed,0.02386591859432808,0.0028880248,0,243.09879,10,1764825981,2.5457517088573607e-08,-1.5274406325979975e-07,2.5457517088573607e-08,2.5457517088573607e-08,-5.2487143823986074e-05,-0.006820873506691742,2.5457517088573607e-08,-0.006392545478474049,0.0,0.08665374318508487,0.0002156887105539371,-0.006199275939854313,0.0004313519635907856,-0.07796211082636892,-0.07836211082636892,0.1351040811696999,1,0.07268341763133024,-0.002210886302307512,2.5457517088573607e-08,0.08032208402981353,1.57134,28053454.0,28053454.0,6.40357944551145,4.95217643442623,23672552.0,0.0,0.7162162162162162,72.0
0x975be0173dbbc98c457dedd6f5dacec77e852d5f,0.023865890256040117,0.002887764,0,19.999996,2,1764902869,0.00300604835110814,0.004008052359124172,0.00300604835110814,0.00300604835110814,0.005668242004974884,-0.09069392970597027,0.00300604835110814,-0.09149392910537014,0.0,,0.00300604835110814,0.000706070894629846,0.00300604835110814,0.003618137936034983,-0.08948186931484621,,1,0.07268341763133024,-0.01852476595795242,0.00300604835110814,0.023252832224746098,31.8853,38537724.0,38537724.0,8.645029039052984,351.3322793815476,34079934.0,0.0,0.234006734006734,296.0
0x47f0af7a0ae498a4f0f1f9092dd572240eaeda2b,0.02386579775200003,0.0028869128,0,2000.0,4,1764822115,0.0,-0.0010020040080160326,0.0,0.0,-0.0020040080160320653,0.0,0.0,0.0,1.0,,0.0,0.0,0.0,,,0.2747000000000009,0,0.07268341763133024,,0.0,0.09176488914306692,2.999999,43794156.0,43794156.0,10.005436555696594,5.503262647619048,39417120.0,0.0,0.2857142857142857,63.0
0x09896d27365d7ddea148eb31ba579ab290c31b82,0.023865649963858725,0.0028855528,0,15500.0,5,1765094131,-3.7681876639114237e-17,-0.0010020040080160704,-3.7681876639114237e-17,-3.7681876639114237e-17,-0.0019633024703240957,0.0,-3.7681876639114237e-17,0.0,1.0,,-3.7681876639114237e-17,0.0,-3.7681876639114237e-17,,,0.0,0,0.07268341763133024,,-3.7681876639114237e-17,0.11237648066099763,10.0,4955077.0,4955077.0,1.065825247813963,54.37689780916031,306025.0,,0.05454545454545454,54.0
0x881c96562048cf2e0af6558d1f253ad50b000d72,0.023865463971183585,0.0028838413,0,30705.317065,12,1764868457,-0.00293190072807756,-0.0039339047360935925,-0.00293190072807756,-0.00293190072807756,-0.012353691710129847,0.0,-0.00293190072807756,0.0,0.5564182895044794,,-0.00293190072807756,0.0,-0.00293190072807756,,,-0.031400899325505896,0,0.07268341763133024,,-0.00293190072807756,0.23042707297671772,20.5,19455578.0,19455578.0,4.398353023413328,41.598021843750004,15032200.0,,0.2,20.0
0x793c61ad8897050e828ad173f2fd44fa706de8da,0.023865266012365646,0.0028820196,0,225.00313400000007,81,1764446321,3.978097931803981e-05,4.972622414754976e-05,3.978097931803981e-05,3.978097931803981e-05,0.0004991286201939762,0.016142590680576517,3.978097931803981e-05,0.010997103900827983,0.000176684006405608,0.0180914507291667,0.00025602976196560466,0.011694465822025294,0.0004722785446131695,0.35814121517625763,0.3530812151875611,-0.015700001671814512,6,0.07268341763133024,0.07834430501574143,3.978097931803981e-05,0.0,0.0,33995658.0,33995658.0,8.496276406175882,0.0,29994416.0,0.0,,0.0
0x5f39d698c8b1f2efadb1042a3c6085e82ae3d603,0.023865182011919825,0.0028812466,0,161.144498,31,1764818507,0.00026077575782616904,0.00036627348034841043,0.00026077575782616904,0.00026077575782616904,0.0023422377695149267,-0.036043280939830336,0.00026077575782616904,-0.03578249188797496,0.0,0.1256070005333331,0.0027024934105605385,-0.013668776894894888,0.0051442110632949085,-0.03607250788126999,-0.07541036717590281,-0.02129999629134633,2,0.07268341763133024,-0.000625073996794427,0.00026077575782616904,0.0,0.0,1530070.0,1530070.0,0.3498559939708622,0.0,-2843358.0,,,0.0
0x56d198e4e481b0956dc36381609405eda3cb5fbb,0.02386500045049591,0.0028795758,0,6.0,2,1764917871,-0.0020040080160320653,-0.003006012024048098,-0.0020040080160320653,-0.0020040080160320653,-0.0042511429730654185,0.0,-0.0020040080160320653,0.0,0.0,,-0.0020040080160320653,0.0,-0.0020040080160320653,,,-0.016100000000000014,0,0.07268341763133024,,-0.0020040080160320653,0.04499336491116657,10.0,7013349.0,7013349.0,1.5680024915086594,22.81939597033898,2540557.0,,0.8484848484848485,66.0
0x838c9cd4c623fd90bec460595ab23774d464faeb,0.023864809174868114,0.0028778156,0,2270.0,6,1764869021,-0.0006621171859136779,-0.0008828229145515706,-0.0006621171859136779,-0.0006621171859136779,-0.002660213673747384,0.0,-0.0006621171859136779,0.0,0.6389891696750902,0.8850000000000008,-0.0005644549009914104,0.0,-0.0004667926160691429,,,-0.016050000000000016,1,0.07268341763133024,-0.023715044338667043,-0.0006621171859136779,0.1421850837745784,62.09312,,,,48.54952869565217,,,0.5833333333333334,12.0
0x92be01de38bd5487cbb74df5cf4a30e71481368c,0.023864659216833846,0.0028764356,0,5000.0,2,1764923709,-0.0020040080160320653,-0.003006012024048098,-0.0020040080160320653,-0.0020040080160320653,-0.0042511429730654185,0.0,-0.0020040080160320653,0.0,0.0,,-0.0020040080160320653,0.0,-0.0020040080160320653,,,-0.016100000000000014,0,0.07268341763133024,,-0.0020040080160320653,0.07054040380546531,65.82639,17430158.0,17430158.0,3.891850409611868,375.26307583408067,12951528.0,,0.14782608695652175,112.0
0x17ce7c9a7f768bfa98946caf7d64c9e051f5beec,0.02386410478237276,0.0028713334,0,162823.1084060001,443,1764341563,-2.2505645281179092e-05,-0.0008484409216561154,-0.0003292834904527951,-0.000533802053900539,-0.0031690106477392805,0.005628528913155028,-0.000738320617348283,0.002252142425629244,0.0007131175856019249,-18.685723005901547,-0.001403912968410625,0.002143775163408341,-0.0017627274743013737,0.4711665822345374,0.47382380781276884,-1.0828241580757452,5,0.07268341763133024,0.10057156290989981,-0.0005338020539005277,0.0,0.0,28136137.0,28136137.0,7.220904025269961,0.0,24239653.0,0.0,,0.0
0x7c878c7d3e9f0a2e046601ac4a87a4ee68d6f651,0.023863953614255206,0.0028699422,0,280.566943,3,1764832833,-0.034711537191869056,-0.03571354119988509,-0.034711537191869056,-0.034711537191869056,-0.06052767646202095,0.0,-0.034711537191869056,0.0,0.0,,-0.034711537191869056,0.0,-0.034711537191869056,,,-0.26440112435163093,0,0.07268341763133024,,-0.034711537191869056,0.12355875793313155,0.999999,2828120.0,2828120.0,0.6445484409563527,9.237878075630253,-1559634.0,,0.17045454545454544,88.0
0x54b56146656e7eef9da02b3a030c18e06e924b31,0.023863510867821257,0.0028658677,0,24166.441778,24,1764608802,-3.080013525902698e-11,-0.0003545538312114897,-3.080013525902698e-11,-3.080013525902698e-11,-0.001253874037449536,-0.005501087838579449,-3.080013525902698e-11,-0.0054940050946378875,0.5930545932798669,-321.72516825915386,-0.03223707180793577,-0.0053216969695452036,-0.06447414358507142,-0.08618856140006365,-0.08826981140006364,0.12480615453046975,3,0.07268341763133024,0.026747268536966146,-3.080013525902698e-11,0.0,0.0,26597458.0,26597458.0,6.387902845602361,0.0,22433735.0,,,0.0
0xc9dbb251d58900109c77386e927301554db718b5,0.023863504239335538,0.0028658067,0,1733.5154380000001,6,1764818597,2.7352149350360714e-07,3.4070983043357314e-07,2.7352149350360714e-07,2.7352149350360714e-07,0.00022779744861380974,0.056912939745778435,2.7352149350360714e-07,0.05714351880756322,0.0,35.97432001199995,0.015283986845670002,0.05979352473569013,0.0305677001698465,0.11795114716491961,0.11556736049825293,,1,0.07268341763133024,-0.0006441699437433403,2.7352149350360714e-07,0.23333844089451714,20.119999999999997,10848733.0,10848733.0,2.480550668820844,70.87535672222222,6475215.0,,0.5,14.0
0x442d6cb25b2200682d6ba45050ca4cdb6356523e,0.023863260909373747,0.0028635673,0,258.677635,181,1764625028,0.0003556461287203166,0.0003708312039572011,0.0003556461287203166,0.0003556461287203166,0.004253444859399068,-0.0022764979421553066,0.0003556461287203166,-0.0013197954716817643,0.0,-0.13769555070754724,-0.0005120161573983213,0.0015588884084402634,-0.0013796784435169593,1.7839220060150298,1.781179543454099,-0.005444144382701156,4,0.07268341763133024,0.04042675622241431,0.0003556461287203166,0.0,0.0,3396271.0,3396271.0,0.8125149373832073,0.0,-783678.0,,,0.0
0x3c6951cd5206d11860a9519dd08968f77ec2cf07,0.023863190653294244,0.0028629208,0,39.592591,5,1764829533,-0.021876723418006287,-0.02287872742602232,-0.021876723418006287,-0.021876723418006287,-0.051098422689920896,0.0,-0.021876723418006287,0.0,0.0,,-0.021876723418006287,0.0,-0.021876723418006287,,,-0.18610002390399982,0,0.07268341763133024,,-0.021876723418006287,0.14805542049770035,1.2292,3316000.0,3316000.0,0.7563085392160575,2.731865195121951,-1068454.0,,0.36363636363636365,33.0
0x7dc78f164c24366145a9334c8ef8f59c3bd40a2b,0.023862933665004072,0.0028605557,0,947.1374999999999,6,1764825961,-0.013923345457381218,-0.014925349465397253,-0.013923345457381218,-0.013923345457381218,-0.03085493369389187,0.0,-0.013923345457381218,0.0,0.0,,-0.013923345457381218,0.0,-0.013923345457381218,,,0.16843367995806413,0,0.07268341763133024,,-0.013923345457381218,0.044907167862831276,49.999999,4594284.0,4594284.0,1.0487121086575717,59.793689680851074,213402.0,,0.1935483870967742,31.0
0x991c22d8d9a44bf6686a1e30c2a3d471b64bf05b,0.023862869405703938,0.0028599643,0,3.161215,2,1764582234,-0.949899788505318,-0.950901792513334,-0.949899788505318,-0.949899788505318,-1.3447782114572437,0.0,-0.949899788505318,0.0,0.0,,-0.949899788505318,0.0,-0.949899788505318,,,-0.020751996317591122,0,0.07268341763133024,,-0.949899788505318,0.018439480034165106,9.774999999999999,30163347.0,30163347.0,7.2908428618217105,140.5509514899598,26026192.0,,0.915129151291513,271.0
0xe7387473b067235436884d16799777cf279edf65,0.023862531060504157,0.0028568504,0,2455.160399999999,15,1764724605,-0.9151843023521159,-0.9161863063601321,-0.9151843023521159,-0.9151843023521159,-2.7344455797880416,0.0,-0.9151843023521159,0.0,0.0,,-0.9151843023521159,0.0,-0.9151843023521159,,,-1.0611859999696236,0,0.07268341763133024,,-0.9151843023521159,0.0,0.0,3179894.0,3179894.0,0.7430481787001645,0.0,-1099632.0,,,0.0
0xcecaeade076dafc88fdb955864da9d9c15693f67,0.023862531060504157,0.0028568504,0,27.685484,2,1764809561,-0.9038076133484559,-0.9048096173564719,-0.9038076133484559,-0.9038076133484559,-1.2795940322311332,0.0,-0.9038076133484559,0.0,0.0,,-0.9038076133484559,0.0,-0.9038076133484559,,,-1.0470093485100225,0,0.07268341763133024,,-0.9038076133484559,0.0,0.0,2536226.0,2536226.0,0.5811058448631475,0.0,-1828256.0,,,0.0
0x18cda925145a03cd1650ad1036f6b152ece1d8d2,0.023862104960672315,0.0028529288,0,9999.999996,2,1764897681,0.00300601216775946,0.004008016175775493,0.00300601216775946,0.00300601216775946,0.005668190833992449,-0.08990674034019094,0.00300601216775946,-0.0902946019444503,0.0,,0.00300601216775946,0.0013053980842344952,0.00300601216775946,0.0036180906098662504,-0.08828190941881855,,1,0.07268341763133024,-0.017423990704941734,0.00300601216775946,0.0,0.0,1646378.0,1646378.0,0.36975638065113386,0.0,-2806224.0,,,0.0
0xc56909fd0c506661621a4e07fbbf363bcd62039b,0.023861900021515885,0.0028510427,0,4.399938000000001,10,1764218409,2.4799940197536304e-07,1.125015468960964e-05,2.4799940197536304e-07,2.4799940197536304e-07,0.00335412502593592,-0.01225016893982292,2.4799940197536304e-07,-0.0002500029457758223,0.0,0.39996,0.00012548769739972662,-0.0035500396962811413,0.0002507273953974779,0.17523333333333324,0.18222222222222212,,1,0.07268341763133024,0.12670203236041605,2.4799940197536304e-07,0.0037950073076485676,0.19999,1420909.0,1420909.0,0.3765663220550548,0.3659851838790932,-2352421.0,,0.45,499.0
0x26f5d23d19e896d7447db782183cecf149993177,0.02386185420705966,0.002850621,0,18.2,2,1764676298,-0.9108216432865728,-0.9118236472945889,-0.9108216432865728,-0.9108216432865728,-1.289513368496509,0.0,-0.9108216432865728,0.0,0.0,,-0.9108216432865728,0.0,-0.9108216432865728,,,-1.0469103271715892,0,0.07268341763133024,,-0.9108216432865728,0.06339681405597765,30.215429999999998,38091084.0,38091084.0,9.002390091366106,51.13860095,33859865.0,0.0,0.6491228070175439,57.0
0xb3c02303fa5d363159e5e1ea87ac517569ef4bf8,0.02386166090692221,0.002848842,0,2487.085,5,1764893751,-0.007008020537702927,-0.00801002454571896,-0.007008020537702927,-0.007008020537702927,-0.015161173758902852,0.0,-0.007008020537702927,0.0,0.0,,-0.007008020537702927,0.0,-0.007008020537702927,,,-0.05639999999999915,0,0.07268341763133024,,-0.007008020537702927,0.054934600975910956,20.0,2655548.0,2655548.0,0.5969304997086771,50.26481349565217,-1793124.0,,0.27419354838709675,62.0
0x022c37f203b8aeadf687e00d5a0f055498f67a01,0.02386093191529269,0.0028421325,0,388.300382,7,1764705249,-0.9278891156550565,-0.9288911196630725,-0.9278891156550565,-0.9278891156550565,-2.094716023527111,0.0,-0.9278891156550565,0.0,0.0,,-0.9278891156550565,0.0,-0.9278891156550565,,,-1.037944446059758,0,0.07268341763133024,,-0.9278891156550565,0.028513521769403583,42.247,36862170.0,36862170.0,8.652746251910136,94.91446694168465,32602000.0,0.0,0.609271523178808,151.0
0x65eb551a1bf8e9682fa366b5949058040da87b05,0.02386072658121767,0.0028402426,0,6.0,4,1764213117,0.0,0.0,0.0,0.0,0.0,-0.028999999999999995,0.0,-0.008999999999999977,0.0,1.0,0.0012525050100200396,-0.012049999999999976,0.002505010020040079,-0.06599999999999999,-0.06599999999999999,,1,0.07268341763133024,0.12782487404101214,0.0,0.24700467669603018,2.349999,33525570.0,33525570.0,8.897354538356566,30.136169599999995,29757532.0,0.0,0.3333333333333333,24.0
0x11c15c92e3729b894af3e43d4bbc70bef5b07912,0.02386053544019316,0.0028384833,0,468.402,7,1764819755,-0.0012544197870758716,-0.0018525174337514357,-0.0012544197870758716,-0.0012544197870758716,-0.005421039544128745,0.0,-0.0012544197870758716,0.0,0.0039674507104975505,4.643730000000014,0.0001093390560811488,0.0,0.0014730978992381692,,,0.26109999999999906,1,0.07268341763133024,-0.0018854064954227016,-0.0012544197870758716,0.13428005385115915,9.999999,2755170.0,2755170.0,0.6297997840297201,19.572386230769233,-1619506.0,,0.23529411764705882,17.0
0x82cc28b78406bdabfca3dbc8fca73809cfbf236f,0.02386000348609209,0.0028335871,0,918.84257,5,1764831085,-0.0003978539808203136,-0.0005967809712304704,-0.0003978539808203136,-0.0003978539808203136,-0.001339377010121458,-0.024469864159952434,-0.0003978539808203136,-0.023444705227702763,0.0,7.366079999999992,0.002365947229184676,0.015749794012151357,0.0051297484391896655,-0.05536511724731369,-0.056631783913980355,,1,0.07268341763133024,-0.003293838671499214,-0.0003978539808203136,0.10867839408384991,6.3784,2246806.0,2246806.0,0.5122669690830336,21.73007711235955,-2139200.0,,0.5,30.0
0xb27f49a1cbe1e7b16ca646c930b21c02ad8b8908,0.02385983038658921,0.0028319939,0,762849.3204389998,43,1764854099,-9.755131820362321e-13,0.0003337365499153425,-9.755131820362321e-13,1.877831616301875e-17,0.0007978366308910232,-0.0625496867273119,1.877831616301875e-17,-0.061641164369593965,0.0,6.9855070459999595,4.787529129519393e-05,-0.0010341126960569675,9.575058356590104e-05,-0.0018531950891473147,-0.0906231948700272,,1,0.07268341763133024,-0.008176884483524653,-9.755131820362321e-13,0.034989874108483116,9.999998,38783850.0,38783850.0,8.796478582542152,264.7503913275488,34374830.0,0.0,0.5320197044334976,200.0
0x727199e2726fcb3965518038cab8c7a081a90303,0.023859556763876535,0.0028294753,0,8.043756,4,1764834623,3.226378939775017e-05,4.0867451378122495e-05,3.226378939775017e-05,3.226378939775017e-05,0.0008820650407502781,-0.03726087521504278,3.226378939775017e-05,-0.03637977698422396,0.0,0.030450053768662163,0.0019069916482663297,0.008366069315878234,0.0037817195071349094,-0.06814389847744245,-0.07157450962164917,,1,0.07268341763133024,-0.004044521563779826,3.226378939775017e-05,0.035927043490319076,1.999998,2282122.0,2282122.0,0.519899561321176,2.1642501420118343,-2107422.0,,0.5714285714285714,56.0
0x3e827302557b129bab504c178257707b3056c878,0.023859369856306142,0.002827755,0,299.8,4,1764885923,0.0,0.0,0.0,0.0,0.0,-0.04499774153286876,0.0,-0.045097741532868746,0.0,0.20000000000001128,0.00025050100200402204,0.0006522584671312486,0.0005010020040080441,0.002309033868524994,-0.08919096613147501,,1,0.07268341763133024,-0.014929211324660378,0.0,0.2687738859706523,1.3202,8861540.0,8861540.0,1.9954630245962255,27.048747312883435,4420696.0,0.0,0.3546099290780142,99.0
0x2f91c8a3595f08da602e5a3cab60e2d5279ef954,0.023859343144500434,0.002827509,0,3.987996,4,1764898437,-4.01310651053145e-06,8.031851512790153e-06,-4.01310651053145e-06,-4.01310651053145e-06,0.00017944170208925812,-0.045083594074214785,-4.01310651053145e-06,-0.04574094352520374,0.0,-0.001999063759007491,-0.00025389520554735265,6.126050282632575e-07,-0.0005037773045841739,0.00391931743769854,-0.08828087689040101,,1,0.07268341763133024,-0.017584396659312607,-4.01310651053145e-06,0.19031877987718307,3.0,3438706.0,3438706.0,0.7721602440226005,5.063499368421053,-1014652.0,,0.5454545454545454,11.0
0xd8cae792b3d84d6888080401423e973337287229,0.023859179307671296,0.002826001,0,86253.22639999997,25,1764824515,0.0009136735675502007,0.0012182314234002742,0.0009136735675502007,0.0009136735675502007,0.003111937899670245,-0.033116580822430866,0.0009136735675502007,-0.03181494640445257,0.0,-130.94046499999973,-0.0010589204652651485,0.00065298265535398,-0.0030315144980804978,-0.08488191142971697,-0.08858190773810082,0.044099999999999806,1,0.07268341763133024,-0.004201108328760915,0.0009136735675502007,0.1042430974832499,3.399998,43122934.0,43122934.0,9.846686650975148,72.87550004825987,38743498.0,0.0,0.5609756097560976,38.0
0xa0c37cb0587b0dd1542f794bcfa345762bba5b9a,0.02385907261322584,0.002825019,0,158.82899899999998,13,1764671636,-0.0009940839093305473,-0.001988167818661094,-0.0009940839093305473,-0.0009940839093305473,-0.004738289806561039,-0.00019895343533808685,-0.0009940839093305473,-0.0004503740642036292,0.933324443259101,90.93969066599999,-9.36677095348036e-05,-0.0004245092772498995,0.0008067484902609401,7.27944319874859,7.274479957642955,-0.008000000000000007,1,0.07268341763133024,0.030537601829137104,-0.0009940839093305473,0.0,0.0,19153342.0,19153342.0,4.531665372074717,0.0,14926785.0,,,0.0
0xcce30d509bb56aac8bc686b9c48ef50ee6480c1d,0.023858759438121515,0.0028221363,0,1.3025,2,1764921107,0.0010020040080160326,0.0020040080160320653,0.0010020040080160326,0.0010020040080160326,0.0028340953153769455,-0.09329699248246054,0.0010020040080160326,-0.09320300839961201,0.0,,0.0010020040080160326,-0.0011030075178924026,0.0010020040080160326,0.0008030075175394625,-0.0911969933645331,,1,0.07268341763133024,-0.02239445351855553,0.0010020040080160326,0.16237572661823818,1.219998,5294665.0,5294665.0,1.1828936280112636,19.104745416666667,818637.0,,0.8,24.0
0xe1e24a2ae12c8af2f41ac91fea3928423e039629,0.023858714565448202,0.0028217232,0,1666.666666,2,1764854283,-0.002004007718436839,-0.0030060117264528712,-0.002004007718436839,-0.002004007718436839,-0.004251142552202213,0.0,-0.002004007718436839,0.0,0.0,,-0.002004007718436839,0.0,-0.002004007718436839,,,-0.015699997534898796,0,0.07268341763133024,,-0.002004007718436839,0.0351917772781095,24.999999,77564654.0,77564654.0,17.591532167710998,92.95792803580562,73155450.0,,0.5333333333333333,240.0
0x0778083ab98c5ab4bbe0b11fac034bd0c31c1276,0.02385858675213494,0.0028205467,0,5.0,2,1764404987,-0.9999999999999997,-1.0010020040080156,-0.9999999999999997,-0.9999999999999997,-1.415630610030783,0.0,-0.9999999999999997,0.0,0.0,,-0.9999999999999997,0.0,-0.9999999999999997,,,-0.05508260324544795,0,0.07268341763133024,,-0.9999999999999997,0.0,0.0,3281327.0,3281327.0,0.8286371804597481,0.0,-678581.0,,,0.0
0xea2f794a7f0ce05e4bbd357b3ccbb3bd2048a8ef,0.023858515775942682,0.0028198934,0,210.64668,5,1764818241,0.0,0.0,0.0,0.0,0.0,0.07956580749767472,0.0,0.07811580463947451,0.0,8.35184,0.016009674690673048,0.08051580749767473,0.032019349381346096,0.16371302231931575,0.1583130166029153,,1,0.07268341763133024,-0.0005686348647009723,0.0,0.17571420276504923,0.331456,40722442.0,40722442.0,9.311898804572069,40.01044705595668,36349280.0,0.0,0.2571428571428571,32.0
0x60307453a25ded4afb9b0c64d75d5d6c1cf4dc7a,0.02385842271801838,0.0028190368,0,10.528594,4,1764642584,-0.9183363883131924,-0.9193383923212085,-0.9183363883131924,-0.9183363883131924,-1.8386769895143633,0.0,-0.9183363883131924,0.0,0.0,,-0.9183363883131924,0.0,-0.9183363883131924,,,-0.01875858839687596,0,0.07268341763133024,,-0.9183363883131924,0.006856100661517506,4.999998,4653081.0,4653081.0,1.1085349511197724,5.830395103234687,455576.0,0.0,0.5568445475638051,431.0
0x8ba22bd5177326c27fc651dcbb0ef39bcff2eb60,0.02385834134637531,0.0028182878,0,12.08,4,1764830339,0.0003340013360053442,0.0004453351146737923,0.0003340013360053442,0.0003340013360053442,0.001336005344021377,-0.010144444444444446,0.0003340013360053442,-0.009954215319859284,0.0,0.0599999999999995,0.0006680026720106853,0.00013467332067122894,0.0010020040080160263,-0.08515129843389493,-0.08858190773810078,-0.17829999988461515,1,0.07268341763133024,-0.0031839308879488023,0.0003340013360053442,0.019841296180897593,1.19994,2933199.0,2933199.0,0.6688768738911718,3.7042504308093993,-1452061.0,,0.5327868852459017,117.0
0x7c40df456a6295c376deef32ba9b9ae768dd3d64,0.023858294172699367,0.0028178536,0,17.699629,7,1764818543,4.919350503579196e-07,-1.2613719239946653e-07,4.919350503579196e-07,4.919350503579196e-07,-3.5551367392008274e-05,0.0,4.919350503579196e-07,0.0,0.0,1.9499507550000013,0.004885199605238467,0.0,0.009769907275426577,,,0.20409999522399902,1,0.07268341763133024,-0.0006573249294192583,4.919350503579196e-07,0.0,0.0,3244080.0,3244080.0,0.7417644228922429,0.0,-1129384.0,,,0.0
0x1cb352f505c465a4b1c0817f56e3741f7e496344,0.0238578284355484,0.0028135665,0,60.0,8,1764951997,0.0,0.0,0.0,0.0,0.0,0.0,0.0,0.0,1.0,-10.000000000000009,-0.0001252505010020041,0.0,-0.0002505010020040082,,,-0.00769999999640002,1,0.07268341763133024,-0.029002924226009443,0.0,0.047587770636612195,19.999999,3675922.0,3675922.0,0.8156176793098965,41.50687085882353,-830996.0,,0.5573770491803278,61.0
0x0ed41b9fa5f935f771e6cefa05e52809e5e04547,0.02385764654929912,0.0028118922,0,79.28,5,1764827533,0.021710086840347375,0.022712090848363408,0.021710086840347375,0.021710086840347375,0.047203832854450484,-0.06974632389350673,0.021710086840347375,-0.06751551242435722,0.0,,0.021710086840347375,0.00824282085919692,0.021710086840347375,-0.06639076632881072,-0.06895076659937209,,1,0.07268341763133024,-0.0025401852985821047,0.021710086840347375,0.0,0.0,3123228.0,3123228.0,0.7126664649531974,0.0,-1259226.0,,,0.0
0xaf5e76feb4b288bcff9ede6f83309658376a1f34,0.02385752906126454,0.0028108107,0,334.66665299999994,4,1764920541,-5.008026118259581e-09,-1.502410828283184e-08,-5.008026118259581e-09,-5.008026118259581e-09,-6.720312877150453e-06,0.0,-5.008026118259581e-09,0.0,0.0,-0.333329504009958,-0.00012525469665305094,0.0,-0.0002505043852799836,,,-0.016099987947200894,1,0.07268341763133024,-0.02228624315251169,-5.008026118259581e-09,0.15706681537173714,2.0,1646768.0,1646768.0,0.36795486141989364,3.8745574871794872,-2828694.0,0.0,0.44,25.0
0x22d71985cb4ac9697a2a07905b858b602d6884e0,0.023856867117162575,0.0028047173,0,49.999998,2,1764832959,-0.03306613097811622,-0.03406813498613225,-0.03306613097811622,-0.03306613097811622,-0.048179618542145565,0.0,-0.03306613097811622,0.0,0.0,,-0.03306613097811622,0.0,-0.03306613097811622,,,-0.259099989600896,0,0.07268341763133024,,-0.03306613097811622,0.05100570177215149,31.393485,4208254.0,4208254.0,0.959063146667639,105.06137952459015,-179626.0,,0.20689655172413793,87.0
0x723e9efbeb1347940ae8cac7bcf188f79404ba7f,0.023856286454345024,0.002799372,0,359.0,3,1764782087,-0.9048096192384767,-0.9058116232464927,-0.9048096192384767,-0.9048096192384767,-1.4273299065554872,0.0,-0.9048096192384767,0.0,0.0,,-0.9048096192384767,0.0,-0.9048096192384767,,,-1.037645931376106,0,0.07268341763133024,,-0.9048096192384767,0.10847976737842327,13.0,2772294.0,2772294.0,0.6392180968999827,32.12194463716815,-1564714.0,,0.3448275862068966,29.0
0x02296ad2681920a30c20f3d7270363499f321b17,0.023856069347962798,0.0027973733,0,645.679284,7,1764812409,-0.20354093014401267,-0.20454293415202873,-0.20354093014401267,-0.20354093014401267,-0.9273887017040033,0.0,-0.20354093014401267,0.0,0.7743782592845273,,-0.20354093014401267,0.0,-0.20354093014401267,,,-1.0493403365282088,0,0.07268341763133024,,-0.20354093014401267,0.025525860902353297,12.4,33948112.0,33948112.0,7.773195980152633,18.048427751592357,29580782.0,0.0,0.5604395604395604,91.0
0xf2aa8381a08ec33467fbcdd0843aa31cb8d521fb,0.02385590654473277,0.0027958746,0,11.76,2,1764194703,-0.9939879759519035,-0.9949899799599196,-0.9939879759519035,-0.9939879759519035,-1.4071283240846524,0.0,-0.9939879759519035,0.0,0.0,,-0.9939879759519035,0.0,-0.9939879759519035,,,0.005763555787602334,0,0.07268341763133024,,-0.9939879759519035,0.06477319161797238,11.8854,37504937.0,37504937.0,10.002319432561771,129.62332906654345,33755313.0,0.0,0.6702127659574468,91.0
0xeff2990f09e847bcedd0f88cfd8cc7ac0222ac29,0.023855859755128172,0.0027954439,0,3011.9999999999995,14,1764878033,0.0,0.0,0.0,0.0,0.0,0.0,0.0,0.0,1.0,0.7500000000000189,0.0001252505010020071,0.0,0.0002505010020040142,,,-0.008000000000000007,1,0.07268341763133024,-0.015583990127819781,0.0,0.17091977332110575,4.999999,3557616.0,3557616.0,0.8025384427629974,6.368997947368421,-875338.0,,0.25,12.0
0x36ed12955adcf43e9a08ce2d6f1039caf488f21a,0.02385568104495427,0.0027937987,0,3556.474253,18,1764818919,1.4440651819146751e-08,5.776260727658699e-08,1.4440651819146751e-08,1.4440651819146751e-08,2.1518060136470706e-05,-0.03771458976226732,1.4440651819146751e-08,-0.036417569132976356,0.0,1.9499986472000017,0.0013569037043643175,-0.036073122164765783,0.0027137929680768162,-0.06853020915987024,-0.06811770915987023,,1,0.07268341763133024,-0.0007124909983827855,1.4440651819146751e-08,0.036376061356056616,30.817575,14118386.0,14118386.0,3.2279155158853547,290.4165028479532,9744546.0,,0.5147058823529411,68.0
0x08730443345e11c078c5b2597ce3c0f06af609e8,0.023855403245035312,0.0027912413,0,1.9999040000000001,18,1764282985,0.0,2.002100108821034e-06,0.0,0.0,0.0014156645863884995,0.00435000870041762,0.0,0.00435000870041762,0.0,1.470178145890344e-18,1.8414938850561113e-22,0.0009000018000864041,3.6829877701122227e-22,0.24980000000000058,0.2567000000000006,,1,0.07268341763133024,0.11300047824738248,0.0,0.0,0.0,2016528.0,2016528.0,0.5254240202860623,0.0,-1821378.0,,,0.0
0x663a9d2c8adb23d001dba3c01178c175cba05c51,0.023855238068884795,0.0027897207,0,326.044894,10,1764825513,-0.007236147685270507,-0.008214171962570441,-0.007511838265649054,-0.007696000308538974,-0.02581460129360478,0.0,-0.007880161801153538,0.0,0.0,-0.09471676666666425,-0.007761725701754683,0.0,-0.0073675991464670024,,,0.10159997593490017,1,0.07268341763133024,-0.0025384878810755344,-0.007695999971156435,0.0472685898850467,7.386649,3095564.0,3095564.0,0.7066797490842232,41.098777813999995,-1284870.0,,0.3855421686746988,82.0
0x0c717879ff5aa02f3f26054c253947fc9111e75a,0.023855228837667535,0.0027896357,0,1.9999989999999999,2,1764917385,-0.002004006516032097,-0.0030060105240481295,-0.002004006516032097,-0.002004006516032097,-0.004251140851745119,0.0,-0.002004006516032097,0.0,0.0,,-0.002004006516032097,0.0,-0.002004006516032097,,,-0.01599998757460116,0,0.07268341763133024,,-0.002004006516032097,0.10836140073095425,1.4647665,6579083.0,6579083.0,1.471071746879574,37.06981428571429,2106777.0,,0.7037037037037037,27.0
0x9442468393577cd2581f7b76948edacfb8f85d45,0.023855072109833987,0.0027881928,0,666.666666,4,1764855875,-0.0020040065250501006,-0.0030060105330661333,-0.0020040065250501006,-0.0020040065250501006,-0.0060120210661322665,0.0,-0.0020040065250501006,0.0,0.0,,-0.0020040065250501006,0.0,-0.0020040065250501006,,,-0.015895858123342745,0,0.07268341763133024,,-0.0020040065250501006,0.07418534798480812,3.999999,4060127.0,4060127.0,0.9204975700531152,5.92758568852459,-350669.0,0.0,0.10526315789473684,38.0
0x293612a1d1688203580d19d9a4a80f845a743cd3,0.023855043303584962,0.0027879276,0,40.0,2,1764825097,-0.01903807615230462,-0.02004008016032065,-0.01903807615230462,-0.01903807615230462,-0.028340953153769454,0.0,-0.01903807615230462,0.0,0.0,,-0.01903807615230462,0.0,-0.01903807615230462,,,0.12709999999999988,0,0.07268341763133024,,-0.01903807615230462,0.10459963151567755,49.874999,18940173.0,18940173.0,4.324222640180931,56.93737940909091,14560155.0,,0.42857142857142855,14.0
0x8138223a986ab263fe388bcfe2bacfc17991f52c,0.023854978078674177,0.0027873272,0,1005.0,3,1764826103,0.0003340013360053442,0.0006680026720106884,0.0003340013360053442,0.0003340013360053442,0.0011570145675142806,-0.030834338199146834,0.0003340013360053442,-0.030533333333333336,0.0,-3.0000000000000027,8.350033400133605e-05,-3.333333333333337e-05,-0.0001670006680026721,0.001003007517539496,-0.09059699248246056,0.2509999998388999,1,0.07268341763133024,-0.007258157258093605,0.0003340013360053442,0.010456184399175351,34.0,4785010.0,4785010.0,1.0922126881751846,35.977666157635475,403986.0,,0.5118110236220472,124.0
0x8a4af06074c0d3caa449aa845f9d8f35de77c6e4,0.02385477486840604,0.0027854564,0,72.784,3,1764667400,-0.9106212424849698,-0.9116232464929857,-0.9106212424849698,-0.9106212424849698,-1.50932998294937,0.0,-0.9106212424849698,0.0,0.0,,-0.9106212424849698,0.0,-0.9106212424849698,,,-0.014594650835750763,0,0.07268341763133024,,-0.9106212424849698,0.024909323566287205,8.694005,4341137.0,4341137.0,1.0281399732516785,10.945845292000001,118816.0,,0.5514018691588785,97.0
0x81d899d34d653f9df318e796b8260b9e16962b8d,0.02385469275018687,0.0027847004,0,8.21558,3,1764496598,-0.9599198396793585,-0.9609218436873744,-0.9599198396793585,-0.9599198396793585,-1.5388130516064218,0.0,-0.9599198396793585,0.0,0.0,,-0.9599198396793585,0.0,-0.9599198396793585,,,-0.04355163656382455,0,0.07268341763133024,,-0.9599198396793585,0.14090292319633102,2.15,3330056.0,3330056.0,0.8219277757305347,3.7987403929313928,-721463.0,,0.34951456310679613,44.0
0x4e1c80129dfe79bc883872bbfd3b06647c6c876e,0.0238542710103304,0.0027808177,0,29.244999999999997,9,1764560812,-0.316633266533066,-0.3169672678690714,-0.316633266533066,-0.316633266533066,-0.9509018036072142,0.0,-0.316633266533066,0.0,0.0,-0.006666666666666557,-0.31674460031173446,0.0,-0.3168559340904029,,,-0.022115378413935634,1,0.07268341763133024,0.05404895606701574,-0.316633266533066,0.04849614805937569,4.83,3520358.0,3520358.0,0.8553416851870614,4.539159663865547,-595375.0,0.0,0.06666666666666667,30.0
0xed2a5f3492bbb273eb066f7417369a36c8106074,0.023854090819667655,0.0027791588,0,200.39999999999998,4,1764899631,0.0,0.0,0.0,0.0,0.0,0.0,0.0,0.0,0.0,-0.8000000000000007,-0.0005010020040080163,0.0,-0.0010020040080160326,,,-0.03230000000000003,1,0.07268341763133024,-0.029360654965519085,0.0,0.4766291826974702,1.1835,18235715.0,18235715.0,4.093725923504765,24.771361742971887,13781163.0,,0.3150684931506849,73.0
0xa6e610d776322450142ed4b3f0c01c0c0b2ebb88,0.023853985765962798,0.0027781916,0,95.45499999999997,58,1764556396,-0.2952111118789301,-0.2955220786400387,-0.2952111118789301,-0.2952111118789301,-2.2506290986958044,0.014750000000000004,-0.2952111118789301,0.0002672413793102975,0.0,0.0012500000000001052,-0.29518951696496426,0.001206896551724091,-0.2951679220509984,0.22980004471206938,0.22710000000000058,-0.025561241358834193,1,0.07268341763133024,0.054988901011278915,-0.2952111118789301,0.07890634499551241,0.19,3527792.0,3527792.0,0.8580685945647101,0.5764140913978494,-583525.0,,0.45454545454545453,44.0
0xd189664c5308903476f9f079820431e4fd7d06f4,0.023853686312272422,0.0027754346,0,49869.991806,16,1764819403,-0.0018370073527304036,-0.0028390113607464364,-0.0018370073527304036,-0.0018370073527304036,-0.00846462157443443,0.0,-0.0018370073527304036,0.0,0.0004010427769429419,,-0.0018370073527304036,0.0,-0.0018370073527304036,,,0.2539999994365278,0,0.07268341763133024,,-0.0018370073527304036,0.0,0.0,35462026.0,35462026.0,8.106858568318213,0.0,31087702.0,0.0,,0.0
0x7e9eb87ae2128ebd76973855ba934a742af3a67b,0.023853672984759076,0.002775312,0,500.0,2,1764843777,-0.003006012024048098,-0.0040080160320641305,-0.003006012024048098,-0.003006012024048098,-0.005668190630753892,0.0,-0.003006012024048098,0.0,0.0,,-0.003006012024048098,0.0,-0.003006012024048098,,,-0.020099998525414532,0,0.07268341763133024,,-0.003006012024048098,0.03955571941299062,4.999999,3712179.0,3712179.0,0.8439267710581632,4.502858259740259,-686519.0,,0.2391304347826087,46.0
0xfde9f8214959b66648aa7479594c53a53ad31883,0.02385366082056444,0.0027752,0,334.665333,4,1764865941,-5.012491285787853e-07,-1.5037503812100572e-06,-5.012491285787853e-07,-5.012491285787853e-07,-6.723308132812183e-05,0.0,-5.012491285787853e-07,0.0,0.0,-0.33299950499599795,-0.00012568890771074944,0.0,-0.0002508765662929201,,,-0.016099987947200006,1,0.07268341763133024,-0.01071579671897683,-5.012491285787853e-07,0.15679030239240144,1.999999,3069662.0,3069662.0,0.6943582495902383,3.7571046842105265,-1351200.0,,0.0625,16.0
0xafe132bc61db74d4bc1cf3baf0068892b6ef7d0d,0.02385331425736171,0.0027720092,0,1000.0,2,1764866827,-0.0010020040080160326,-0.0020040080160320653,-0.0010020040080160326,-0.0010020040080160326,-0.0028340953153769455,0.0,-0.0010020040080160326,0.0,1.0,,-0.0010020040080160326,0.0,-0.0010020040080160326,,,-0.008000000000000895,0,0.07268341763133024,,-0.0010020040080160326,0.02380379449291603,16.4999985,27119880.0,27119880.0,6.133293891917857,17.1577193019802,22698132.0,,0.536144578313253,164.0
0x86420e4eacf64cadedae09b87d4b21e756a032a7,0.023853036206154494,0.0027694493,0,87.71,27,1764556406,-0.31629926519706064,-0.316633266533066,-0.31629926519706064,-0.31629926519706064,-1.6452747150053058,0.0,-0.31629926519706064,0.0,0.0,-0.0077777777777776535,-0.31642915460550713,0.0,-0.3165590440139537,,,-0.02556124197392578,1,0.07268341763133024,0.05498423311313585,-0.31629926519706064,0.045600171607656316,4.8,3521254.0,3521254.0,0.8564762666652397,4.603785046728972,-590073.0,0.0,0.0,33.0
0xbf7f220b708074f54a292003f3df605c54f2abea,0.023852980014652934,0.002768932,0,131.45999999999995,75,1764560812,-0.31601870407481614,-0.31635270541082167,-0.31601870407481614,-0.31601870407481614,-2.7396947944170624,0.02688666666666672,-0.31601870407481614,0.0007533333333333382,0.0,-0.0034000000000000584,-0.31607548430193705,0.0012266666666666702,-0.31613226452905796,0.2222,0.21929999999999997,-0.022372489572737332,1,0.07268341763133024,0.054051926547652236,-0.31601870407481614,0.05664609855021927,0.38,3526906.0,3526906.0,0.8569326533086573,0.5858599167822469,-588827.0,,0.4090909090909091,44.0
0xc4f4f2d987637aaf66b8c89c5501b9da3ec94ccc,0.02385297202343278,0.0027688583,0,431.93019799999996,9,1764646868,0.000592019761447072,0.000888029642170608,0.000592019761447072,0.000592019761447072,0.001644753867298406,-0.031158018245848178,0.000592019761447072,-0.02630957638330893,0.0,12.573970703999997,0.01122588352974114,0.0002885073432987007,0.02185974729803521,5.430935909737378,5.42650642809171,-0.2188000000000002,2,0.07268341763133024,0.03579280642947803,0.000592019761447072,0.06672912730103253,19.999999,3203505.0,3203505.0,0.7624145334284992,22.127778137254893,-998284.0,,0.3548387096774194,31.0
0x564f22744b7941ade18d5e0e4f347c30e3057026,0.02385279745638597,0.002767251,0,495.163571,9,1764605248,-6.834441861203585e-06,-6.864716243851768e-06,-6.834441861203585e-06,-6.834441861203585e-06,-0.002497754023895965,0.0,-6.834441861203585e-06,0.0,0.0,-219.05121410301024,-0.11607446737502247,0.0,-0.23214210030818375,,,-0.027506583957512702,1,0.07268341763133024,-0.004354300258728863,-6.834441861203585e-06,0.0,0.0,1763049.0,1763049.0,0.42379263919326354,0.0,-2397120.0,,,0.0
0xeb5e6da2f89ac0447f403e4faff230f4946c82e7,0.02385268598499073,0.0027662248,0,46.054379999999995,9,1764826939,-0.0011115547344956605,-0.0014455560705010052,-0.0011115547344956605,-0.0011115547344956605,-0.004688735083006207,-0.016629956452920824,-0.0011115547344956605,-0.015833476529837888,0.039228447335234916,0.13518499999999942,0.0017809481872136429,-0.015066809863171217,0.0046734511089229465,-0.04573728212424368,-0.046437282999764025,-0.010049999999999549,1,0.07268341763133024,-0.0024141520487192774,-0.0011115547344956605,0.007481857877145155,4.839999,3780932.0,3780932.0,0.8628600639910905,5.428626689847009,-600928.0,0.0,0.555256064690027,371.0
0xf4ce1671a52a7e499a3eedc54817725693dba692,0.023852685555088425,0.0027662208,0,239.68624,4,1764836201,-0.0030060120240480975,-0.00400801603206413,-0.0030060120240480975,-0.0030060120240480975,-0.007365875844547865,0.0,-0.0030060120240480975,0.0,0.0,,-0.0030060120240480975,0.0,-0.0030060120240480975,,,-0.02310000000000002,0,0.07268341763133024,,-0.0030060120240480975,0.13194346125538606,1.04895,3413724.0,3413724.0,0.7774149750337157,2.4120605999999998,-977398.0,,0.36363636363636365,33.0
0x2335b27a27b84ca30aa43111387d53c208612bb4,0.023852626987291434,0.0027656816,0,17.6,6,1764831403,-0.01663326653306614,-0.01763527054108217,-0.01663326653306614,-0.01663326653306614,-0.03962362957260281,0.0,-0.01663326653306614,0.0,0.0,,-0.01663326653306614,0.0,-0.01663326653306614,,,-0.20250000000000018,0,0.07268341763133024,,-0.01663326653306614,0.14401056185849564,5.0,3991315.0,3991315.0,0.9099453209566827,14.572600080645161,-395009.0,,0.4444444444444444,27.0
0x43a9678bb6338a781bc4a812c203c8ca2f6ab8ba,0.02385261500063526,0.0027655712,0,48.69,15,1764556404,-0.3159652638610554,-0.3162992651970607,-0.3159652638610554,-0.3159652638610554,-1.2250217865258592,0.0,-0.3159652638610554,0.0,0.0,-0.004999999999999866,-0.31604876419505673,0.0,-0.31613226452905807,,,-0.022115378413935585,1,0.07268341763133024,0.05498465746751249,-0.3159652638610554,0.04482325765098188,4.83,3516220.0,3516220.0,0.8552522605242835,4.473867187500001,-595105.0,0.0,0.0625,32.0
0x00e1e82c27aae8b2459c7721497e7b481916b679,0.023852566851763304,0.002765128,0,190.556198,4,1764824465,1.0411458439845182e-09,-2.6028646099612958e-08,1.0411458439845182e-09,1.0411458439845182e-09,-2.5534686073576012e-05,0.0,1.0411458439845182e-09,0.0,0.0,0.0,1.0411458439845182e-09,0.0,1.0411458439845182e-09,,,0.08559999999999984,1,0.07268341763133024,-0.001964760763854852,1.0411458439845182e-09,0.0,0.0,2334564.0,2334564.0,0.5330802080474295,0.0,-2044822.0,0.0,,0.0
0xc3eb1d9facf62b0a62b2e43e40f97d6850ef376c,0.023852298064450824,0.0027626532,0,504.8,5,1764819011,0.0006680026720106884,0.0010020040080160326,0.0006680026720106884,0.0006680026720106884,0.0017355218512714213,-0.03040068157373522,0.0006680026720106884,-0.030065161021912503,0.0,-3.300000000000003,0.0001169004676018705,-0.0001984943552458349,-0.00043420173680694743,-0.0857909661314749,-0.0891909661314749,0.19669999999999987,1,0.07268341763133024,-0.0046284331860399295,0.0006680026720106884,0.0,0.0,3239588.0,3239588.0,0.7406580623567078,0.0,-1134344.0,,,0.0
0x877741e65712d2451af39e37d05e4e53521866d0,0.023852251838085037,0.0027622276,0,70.0,2,1764832091,-0.03306613226452902,-0.034068136272545055,-0.03306613226452902,-0.03306613226452902,-0.04817962036140799,0.0,-0.03306613226452902,0.0,0.0,,-0.03306613226452902,0.0,-0.03306613226452902,,,-0.2592999999999998,0,0.07268341763133024,,-0.03306613226452902,0.02502395592250271,4.999999,3617708.0,3617708.0,0.8246405526130314,9.221066956862744,-769304.0,,0.31399317406143346,289.0
0x8f7b410126c510de779f74c42b60ff0d34dc55ce,0.02385208354754086,0.002760678,0,1134.6,4,1764824831,0.0003340013360053442,0.0006680026720106884,0.0003340013360053442,0.0003340013360053442,0.0011570145675142808,-0.030200000000000005,0.0003340013360053442,-0.03009899713320549,0.0,-17.370000000000015,-0.0009668065578091916,-0.0006989974941535134,-0.0022676144516237274,-0.08849699248246055,-0.09029699139961647,0.1644499999999999,1,0.07268341763133024,-0.005834023970081319,0.0003340013360053442,0.0,0.0,3017978.0,3017978.0,0.6890750891831319,0.0,-1361774.0,,,0.0
0x071e3fb0fd7b18c1033e311eb82122f430213d22,0.02385193601926232,0.0027593197,0,752.0,4,1764855781,-0.0022044088176352717,-0.0032064128256513043,-0.0022044088176352717,-0.0022044088176352717,-0.006183000843728622,0.0,-0.0022044088176352717,0.0,0.0026595744680851063,,-0.0022044088176352717,0.0,-0.0022044088176352717,,,-0.016095870174942756,0,0.07268341763133024,,-0.0022044088176352717,0.12857231536372693,1.0,,,,3.3863179062500004,,,0.017241379310344827,58.0
0x5fdf9e1f2d849628f6d0f0729430626a23712c5b,0.023851750383726868,0.0027576105,0,47127.429198000005,17,1764830651,-3.7497527281055314e-10,-7.822563649583528e-10,-3.7497527281055314e-10,-3.7497527281055314e-10,-1.770676721464787e-06,0.0,-3.7497527281055314e-10,0.0,0.0,-48.017507472000915,-0.00038284855723878683,0.0,-0.0007656967395023008,,,-0.1784000000000006,1,0.07268341763133024,-0.006458673612499103,-3.7497527281055314e-10,0.11551137668960006,25.18479,3717317.0,3717317.0,0.8476242095671899,25.262934714285713,-668255.0,,0.5454545454545454,11.0
0x1edf54f7838b35e96678ba2ed10d268459cc137e,0.02385150666494455,0.0027553665,0,22.33451,22,1764642986,-0.0010533155212662903,-0.0010909339327400867,-0.0010533155212662903,-0.0010533155212662903,-0.00563031837638881,-0.003769334734945165,-0.0010533155212662903,0.0018583871452170263,0.0,-1.290047,-0.025318074954534375,0.002087400510587202,-0.04958283438780246,7.294300000000001,7.2895,-0.21060002390399984,3,0.07268341763133024,0.036616478274541155,-0.0010533155212662903,0.0,0.0,86794633.0,86794633.0,20.675692196134882,0.0,82596726.0,0.0,,0.0
0xf15c9a8516f7684bc576b004ac4bc061c7716d09,0.02385127480815049,0.0027532317,0,402.0,3,1764817589,0.0003340013360053442,0.0006680026720106884,0.0003340013360053442,0.0003340013360053442,0.0011570145675142808,-0.030032330827486856,0.0003340013360053442,-0.030366669093967066,0.0,-399.0,-0.06629926519706077,0.0,-0.1329325317301269,0.0010030075175394627,-0.09009699976436174,-1.0904412529607839,1,0.07268341763133024,-0.014856646726254509,0.0003340013360053442,0.10355405714414705,36.503448,2268482.0,2268482.0,0.5188054458423194,140.10241398863636,-2104028.0,,0.1724137931034483,29.0
0x8eb52f46d32d4c179d3183297851a4e41a437217,0.023851199453269335,0.0027525378,0,9.75,3,1764556902,-0.31696726786907137,-0.3173012692050767,-0.31696726786907137,-0.31696726786907137,-0.5495819195692828,0.0,-0.31696726786907137,0.0,0.0,0.0,-0.31696726786907137,0.0,-0.31696726786907137,,,-0.03763917155848215,1,0.07268341763133024,0.05487856887335186,-0.31696726786907137,0.040101642689482644,4.81,3516828.0,3516828.0,0.8552965436498604,4.493532110091744,-594995.0,0.0,0.06060606060606061,33.0
0x8bc85293b9f595cf39a8dc4ab5b266f1e43ea8ed,0.023850940289882282,0.0027501516,0,6228.3185,9,1764758837,0.0,0.0,0.0,0.0,0.0,0.0,0.0,0.0,0.0,-1457.46861,-0.06084955786573144,0.0,-0.12169911573146289,,,-1.0362115652877693,1,0.07268341763133024,-0.004305923859791617,0.0,0.13993561173607355,20.0,3511552.0,3511552.0,0.8140354651327218,106.67369559393939,-802206.0,,0.6923076923076923,26.0
0x27db285856529ab111d4aa2fbf0cd9c2a2163c6e,0.023850918543445326,0.0027499513,0,3.999998,2,1764828291,-0.02705409474949868,-0.02805609875751471,-0.02705409474949868,-0.02705409474949868,-0.03967731537015624,0.0,-0.02705409474949868,0.0,0.0,,-0.02705409474949868,0.0,-0.02705409474949868,,,-0.20989989077398818,0,0.07268341763133024,,-0.02705409474949868,0.06997002910484482,1.999998,4316236.0,4316236.0,0.9847198812195258,3.618865644067797,-66976.0,,0.5490196078431373,102.0
0x4b5faccc9a9704b5c10ceb20cbdd6b4da27d1ae6,0.023850829105105054,0.0027491278,0,1000.0,2,1764854559,-0.003006012024048098,-0.0040080160320641305,-0.003006012024048098,-0.003006012024048098,-0.005668190630753891,0.0,-0.003006012024048098,0.0,0.0,,-0.003006012024048098,0.0,-0.003006012024048098,,,-0.02420000000000002,0,0.07268341763133024,,-0.003006012024048098,0.20412373813647097,3.843,32733626.0,32733626.0,7.423466259060025,87.49033581941748,28324146.0,0.0,0.25806451612903225,31.0
0xca32458e2155098f7735bf5e8bd6b675c80c2c78,0.023850806069159174,0.0027489157,0,230.0,5,1764220907,0.0,0.0,0.0,0.0,0.0,0.0,0.0,0.0,0.0,-0.22999999999999995,-0.00025050100200400783,0.0,-0.0005010020040080157,,,0.006984847911186358,1,0.07268341763133024,0.12616777020022313,0.0,0.07562494488843363,113.735,89433308.0,89433308.0,23.685747338067305,90.17324426829269,85657480.0,0.0,0.07692307692307693,24.0
0x474764029162d0b5292348d2c3caadf460da0658,0.02385063151757651,0.0027473085,0,74967.44101499999,14,1764827391,-1.7884832715800793e-09,-2.123823885557711e-09,-1.7884832715800793e-09,-1.7884832715800793e-09,-6.358735787154525e-06,0.0,-1.7884832715800793e-09,0.0,0.0,-245.7884377007994,-0.0019985383557633955,0.0,-0.003997074923043519,,,-0.0012902644245126327,1,0.07268341763133024,-0.004415407288965386,-1.7884832715800793e-09,0.2441076454423617,9.999999,30855735.0,30855735.0,7.040971751897172,41.587340560606066,26473423.0,,0.3617021276595745,47.0
0xd4f904ecac0ff22ac6601de6b972d4f8b6b4f619,0.023850025186190737,0.0027417254,0,95882.93407799999,31,1764818787,-0.0009629776815202548,0.0004844242951561149,-0.0009629776815202548,-0.0009629776815202548,0.0024100094416512332,-0.043174188468894675,-0.0009629776815202548,-0.04335568590616088,0.0,-138.529584850833,-0.004013298483734556,-0.041956124977954486,-0.007063619285948857,-0.08721398140778724,-0.08956573519116938,0.1205499988059994,1,0.07268341763133024,-0.0008843545209230047,-0.0009629776815202548,0.0,0.0,62352093.0,62352093.0,14.256117006439387,0.0,57978385.0,0.0,,0.0
0xe6fc22ef3b2cbd640cfc5a6ca977e144eef66034,0.023849795037566533,0.0027396062,0,5.482454,2,1764797749,-0.912825642529856,-0.913827646537872,-0.912825642529856,-0.912825642529856,-1.2923474514053457,0.0,-0.912825642529856,0.0,0.0,,-0.912825642529856,0.0,-0.912825642529856,,,-1.0473384266654762,0,0.07268341763133024,,-0.912825642529856,0.06191897959179982,4.999998,19722533.0,19722533.0,4.531134453105794,9.524788302325582,15369863.0,,0.9459459459459459,37.0
0xd362566464efa05a15a3d7ce3224067564879bc4,0.02384947899762809,0.002736696,0,2072.5506249999985,162,1764446907,2.0013772829302838e-05,3.002065924395425e-05,2.0013772829302838e-05,2.0013772829302838e-05,0.00030040383262731045,-0.001357811466257377,2.0013772829302838e-05,-0.001310789322294735,0.0,-0.30129803607692307,-0.0019399535037289287,0.0014153655844937809,-0.0038999207802871603,-0.047562277350730174,-0.04858727735073018,-0.2391507494699639,6,0.07268341763133024,0.0782042680714494,2.0013772829302838e-05,0.0,0.0,35888589.0,35888589.0,8.968048851674785,0.0,31886761.0,0.0,,0.0
0x75f187afc7e6fa40892641f67005c45098c3ac62,0.02384941811129278,0.0027361354,0,62.809996000000005,4,1764835801,1.8969017991438164e-07,3.7937988998606416e-07,1.8969017991438164e-07,1.8969017991438164e-07,3.899439144859411e-05,-0.04610737622157587,1.8969017991438164e-07,-0.044748202359938594,0.0,0.04198010398031524,0.0002506676013776826,0.0008061091828420094,0.0005011455125754508,-0.08498190407653015,-0.08848190407653016,,1,0.07268341763133024,-0.004294466291622268,1.8969017991438164e-07,0.02007781563222135,1.999998,2537500.0,2537500.0,0.5779231752773234,5.807459438494935,-1853222.0,,0.6468253968253969,252.0
0x887fd9f61a11c5ee69275f34c3e803b9ddafa4cb,0.02384933333086337,0.0027353547,0,22.0,3,1764826163,-0.0173680694722779,-0.01837007348029393,-0.0173680694722779,-0.0173680694722779,-0.029962296472299355,0.0,-0.0173680694722779,0.0,0.0,,-0.0173680694722779,0.0,-0.0173680694722779,,,0.11850393595289632,0,0.07268341763133024,,-0.0173680694722779,0.06695883186246518,12.57245,5638864.0,5638864.0,1.2870933312394832,50.91151125694444,1257780.0,,0.46153846153846156,52.0
0xc1be2c95da052feb9a6396b4a2fb50d7ca66b166,0.02384919717203562,0.002734101,0,2.220678,4,1764824981,0.0,0.00033397321034784016,0.0,0.0,0.000578482925710446,0.0,0.0,0.0,0.0,-0.9135648575000008,-0.001163002970267798,0.0,-0.002326005940535596,,,0.19779996303699413,1,0.07268341763133024,-0.010801516303058619,0.0,0.08141208518234537,5.75,2681670.0,2681670.0,0.6122671237849614,13.038232655172415,-1698232.0,,0.4,25.0
0x449699d3340a5d12346dd61a418cd3f552a07865,0.023849184605511654,0.0027339852,0,1.4825000000000002,2,1764919145,0.0010020040080159771,0.0020040080160320093,0.0010020040080159771,0.0010020040080159771,0.0028340953153768666,-0.09319699245225262,0.0010020040080159771,-0.09360300751753953,0.0,,0.0010020040080159771,-0.0010030075175395238,0.0010020040080159771,0.0010030075175394013,-0.09159699248246062,,1,0.07268341763133024,-0.02197816187506922,0.0010020040080159771,0.1597352761876085,1.4647665,6494167.0,6494167.0,1.4515134555458056,47.405802181818174,2020101.0,,0.6818181818181818,22.0
0x568f7e0b1b8555ec32ac19938cb601349b28012b,0.02384908382070603,0.0027330571,0,79.999996,2,1764853963,0.0010020210580167226,0.002004025066032755,0.0010020210580167226,0.0010020210580167226,0.00283411942771916,-0.0926999812313332,0.0010020210580167226,-0.0911999812313332,0.0,,0.0010020210580167226,-9.998123133318652e-05,0.0010020210580167226,-0.0014969736881418074,-0.09019697368814181,,1,0.07268341763133024,-0.008148028385912963,0.0010020210580167226,0.15041433533453044,50.489998,37322643.0,37322643.0,8.465326599656512,90.63317547368419,32913759.0,0.0,0.84,25.0
0x5a6a2a13dd82660656c026bddada8f267b434846,0.02384887643692142,0.0027311475,0,63.97384,1,1764835739,0.005010020040080052,0.006012024048096085,0.005010020040080052,0.005010020040080052,0.006012024048096085,-0.08999093202184902,0.005010020040080052,-0.08726372809715788,0.0,,0.005010020040080052,0.0033362719028421296,0.005010020040080052,-0.08265466197306261,-0.08625466012144732,,1,0.07268341763133024,-0.00428131130594635,0.005010020040080052,0.005769407828919805,16.905,19826476.0,19826476.0,4.515602665658466,15.148525221641792,15435816.0,,0.8927125506072875,448.0
0x21ffd2b7a212a6f277ed3eca1a9f8efcbca90d71,0.023848531104598808,0.0027279675,0,4011.439485999999,53,1764461164,-0.003206292416126154,-0.003345141142304692,-0.003206292416126154,-0.003206292416126154,-0.02203596106879242,0.0,-0.003206292416126154,0.0,0.0,-14.152304994594592,-0.03431787130240954,0.0,-0.06542945018869294,,,-0.15685336526533689,5,0.07268341763133024,0.0751911398200992,-0.003206292416126154,0.0,0.0,33613790.0,33613790.0,8.36979048003217,0.0,29597705.0,0.0,,0.0
0x6e6a209301d1a67bfe85ad44ce64118506ce2720,0.023848398414138276,0.0027267456,0,449.1,4,1764737901,-0.8989979959919837,-0.8999999999999997,-0.8989979959919837,-0.8989979959919837,-1.7680943826433615,0.0,-0.8989979959919837,0.0,0.0,,-0.8989979959919837,0.0,-0.8989979959919837,,,-1.0368937937839067,0,0.07268341763133024,,-0.8989979959919837,0.024339516607089922,32.914755,34322636.0,34322636.0,7.995355036849886,125.19274107973422,30029814.0,,0.55,98.0
0xf1f7df94417dbfdbf8fe4924580817da1e3ffa11,0.02384831085602189,0.0027259393,0,18541.45504,10,1764818333,-0.00033093011517783684,-0.0006618602303557104,-0.00033093011517783684,-0.00033093011517783684,-0.0011516827719149048,-0.02591724682177205,-0.00033093011517783684,-0.02588751457650736,0.0,42.30914000000037,0.0008022737681974933,-0.024932462008585468,0.0019354776515728234,-0.055446745509933316,-0.05718424544672871,,1,0.07268341763133024,-0.0005881551660265281,-0.00033093011517783684,0.011452463068654124,30.189999999999998,34065422.0,34065422.0,7.789490845946748,70.89945402447091,29692168.0,0.0,0.7344827586206897,289.0
0xb98a866e6c4522c69a12b93d5d5fda0ab1c80550,0.02384740950352056,0.0027176389,0,9.73,2,1764833219,-0.03406813627254511,-0.03507014028056114,-0.03406813627254511,-0.03406813627254511,-0.04959666801909655,0.0,-0.03406813627254511,0.0,0.0,,-0.03406813627254511,0.0,-0.03406813627254511,,,-0.26740000000000025,0,0.07268341763133024,,-0.03406813627254511,0.02364078316120003,19.999986,6699605.0,6699605.0,1.5267527927550169,52.63655353642384,2311465.0,,0.5609756097560976,201.0
0x0030de34296ebbce1b931e3f5a4c5cf4850126fb,0.023846776124165057,0.002711806,0,275.08983,7,1764825411,0.0006534392073427615,0.0008712522764570072,0.0006534392073427615,0.0006534392073427615,0.0018686875319357575,0.0,0.0006534392073427615,0.0,0.0,-3.0899250019999993,-0.0015902053022121012,0.0,-0.003833849811766964,,,-0.2592000000000002,1,0.07268341763133024,-0.01826124189005742,0.0006534392073427615,0.10096275703063054,4.999997,1606512.0,1606512.0,0.36675576189202097,3.934284285714287,-2773820.0,,0.23076923076923078,13.0
0x2fad7b1d61059f7f72ae362598996f148ff4bdac,0.023846702224234028,0.0027111254,0,9.999997,2,1764717073,-0.9238476045705224,-0.9248496085785385,-0.9238476045705224,-0.9238476045705224,-1.3079348596072178,0.0,-0.9238476045705224,0.0,0.0,,-0.9238476045705224,0.0,-0.9238476045705224,,,-1.0368209739809258,0,0.07268341763133024,,-0.9238476045705224,0.1430661697660543,1.999989,4754182.0,4754182.0,1.1128718813743652,3.1202241428571424,482188.0,,0.5625,16.0
0x9b979a065641e8cfde3022a30ed2d9415cf55e12,0.023846562666985257,0.0027098402,0,369811.87561999995,55,1764818599,-0.0005088360202054341,-0.00076325403030815,-0.0005088360202054341,-0.0005088360202054341,-0.0028213411594979728,6.120942198557448e-05,-0.0005088360202054341,6.145740796485938e-05,0.17533988157384822,26.410081762454613,-0.00011749972084829828,6.430746863547428e-05,0.0002738365785088376,0.1179511470948021,0.11556736042813542,-0.00820000000000004,2,0.07268341763133024,-0.0006445942981199828,-0.0005088360202054341,0.0,0.0,80858358.0,80858358.0,18.48816468199528,0.0,76484838.0,,,0.0
0x8795bcb2fe129d1ea3e3d73bc13a3d8078047544,0.023846522797243665,0.002709473,0,105101.936197,71,1764475753,-0.15639289986202165,-0.15713258728458152,-0.15639289986202165,-0.15639289986202165,-0.8583992036388733,0.0,-0.15639289986202165,0.0,0.0,-208.16434704465001,-0.1659451942481292,0.0,-0.17549748863423678,,,-0.005460516136211834,4,0.07268341763133024,0.04076666407810497,-0.15639289986202165,0.0,0.0,29734318.0,29734318.0,7.377008907195174,0.0,25703644.0,,,0.0
0x95b7eeb039775b9a0058f02dc7e58ca249a1c651,0.023846195296450115,0.002706457,0,2.51496,2,1764873835,-0.0010020040080161439,-0.0020040080160321763,-0.0010020040080161439,-0.0010020040080161439,-0.002834095315377103,0.0,-0.0010020040080161439,0.0,0.0,,-0.0010020040080161439,0.0,-0.0010020040080161439,,,-0.008000000000000906,0,0.07268341763133024,,-0.0010020040080161439,0.02841758775352554,0.999999,10029799.0,10029799.0,2.2646989357733864,1.2634604351851852,5601043.0,,0.76,75.0
0x3a736813a49adedf7d9e8b4830ff65f840909daa,0.023845936868706705,0.002704077,0,5656.766666,7,1764904121,-0.0035954260593505237,-0.004597430067366556,-0.0035954260593505237,-0.0035954260593505237,-0.011489377365905594,0.0,-0.0035954260593505237,0.0,0.0,,-0.0035954260593505237,0.0,-0.0035954260593505237,,,-0.03170000000000003,0,0.07268341763133024,,-0.0035954260593505237,0.013217645964602145,9.999999,6587875.0,6587875.0,1.477419364966735,19.331815010935603,2128833.0,,0.5765199161425576,474.0
0x47ab026767cc320ac6e62f6ec747d59cf4d795df,0.023845895685355705,0.0027036977,0,229765.17193999994,74,1764824465,0.0017281765590979783,0.0027301805671140107,0.0017281765590979783,0.0017281765590979783,0.03453512814870109,-0.021221263188486345,0.0017281765590979783,-0.07457294719073046,0.0,,0.0017281765590979783,-0.0010385337537866695,0.0017281765590979783,-0.01538304290301205,-0.07542346352024443,,4,0.07268341763133024,-0.001889225684812484,0.0017281765590979783,0.0,0.0,118562408.0,118562408.0,27.072838064514066,0.0,114183022.0,0.0,,0.0
0xf3c73de1742b665c3676aab2a8e34c3fdcbba919,0.023845779138618108,0.0027026243,0,2.0,2,1764879839,-0.0010020040080160326,-0.0020040080160320653,-0.0010020040080160326,-0.0010020040080160326,-0.002834095315376946,0.0,-0.0010020040080160326,0.0,1.0,,-0.0010020040080160326,0.0,-0.0010020040080160326,,,-0.008000000000000895,0,0.07268341763133024,,-0.0010020040080160326,0.03541278011020638,0.999999,11840272.0,11840272.0,2.669878866049121,1.923512028571429,7405512.0,,0.5789473684210527,57.0
0xe0f1e7751df4035f78a5eb2f4296c98b4d5bc4bd,0.0238455666761038,0.0027006676,0,992.0,1,1764819279,-0.007014028056112228,-0.008016032064128261,-0.007014028056112228,-0.007014028056112228,-0.008016032064128261,0.0,-0.007014028056112228,0.0,0.0,,-0.007014028056112228,0.0,-0.007014028056112228,,,0.2049999999999999,0,0.07268341763133024,,-0.007014028056112228,0.0,0.0,56181808.0,56181808.0,12.843904714004847,0.0,51807608.0,,,0.0
0xd2aefe830ebe42d817a65c7b2bccab0ec362f36b,0.023844791117645935,0.0026935248,0,354.109057,13,1764827273,-0.02724622197833014,-0.028248225986346173,-0.02724622197833014,-0.02724622197833014,-0.0958051826189479,0.0,-0.02724622197833014,0.0,0.0,,-0.02724622197833014,0.0,-0.02724622197833014,,,0.0544999999999998,0,0.07268341763133024,,-0.02724622197833014,0.0,0.0,34007364.0,34007364.0,7.76035109353899,0.0,29625170.0,,,0.0
0x510904c9a58f5c5ad799a1b44947077564175e9c,0.023844775266962045,0.0026933788,0,6721.179760000001,10,1764825243,-0.022240734437159078,-0.023242738445175104,-0.022240734437159078,-0.022240734437159078,-0.060510899205062675,0.0,-0.022240734437159078,0.0,0.0,,-0.022240734437159078,0.0,-0.022240734437159078,,,0.09627291849696962,0,0.07268341763133024,,-0.022240734437159078,0.0,0.0,32540256.0,32540256.0,7.429004028159676,0.0,28160092.0,0.0,,0.0
0x00c0b7e26a54958c0a82e61eb87525e06cb8c91e,0.023844763157754315,0.0026932673,0,62.09064,1,1764836411,0.003006012024048098,0.0040080160320641305,0.003006012024048098,0.003006012024048098,0.0040080160320641305,-0.09231206802321268,0.003006012024048098,-0.09049396910786259,0.0,,0.003006012024048098,-0.0020939691078625624,0.003006012024048098,-0.08558190957810166,-0.08848190957810166,,1,0.07268341763133024,-0.0044238943764982365,0.003006012024048098,0.026651763274175237,20.90175,16956769.0,16956769.0,3.8614181300798935,23.988922734256054,12565437.0,,0.8270893371757925,320.0
0x82259907450d3d5aed67737260cf35758efa566b,0.02384473047050746,0.0026929663,0,10.04,4,1764670830,0.0,0.0,0.0,0.0,0.0,0.0,0.0,0.0,0.0,-9.09,-0.11385270541082161,0.0,-0.22770541082164322,,,-0.01965110715191733,1,0.07268341763133024,-0.005073156572761287,0.0,0.31005886563877416,17.75994,11643957.0,11643957.0,2.7554763638463315,22.787726444444445,7418206.0,,0.3333333333333333,5.0
0xfcf2b76079ad4e08ce3d5c0b1656c8e6d1029ada,0.02384449850101539,0.0026908298,0,265.157893,4,1764826507,-0.015552842140108788,-0.016554846148124823,-0.015552842140108788,-0.015552842140108788,-0.030355100245262053,0.0,-0.015552842140108788,0.0,0.0,,-0.015552842140108788,0.0,-0.015552842140108788,,,0.14734999574872537,0,0.07268341763133024,,-0.015552842140108788,0.046543465590914504,11.0,43120071.0,43120071.0,9.841556451458292,32.99978865294118,38738643.0,,0.38524590163934425,111.0
0x805a922574d7d6b158b7bbb49a6fa8925eb60635,0.023844451682679596,0.0026903986,0,104795.51275999998,23,1764823101,0.0003146980809435771,-0.0015210101981239434,0.0003146980809435771,0.0003146980809435771,-0.005946044145811228,0.0,0.0003146980809435771,0.0,0.4662572862232865,35.4733541048206,0.000992793866899697,0.0,0.0016708896528558172,,,0.2651861086981887,1,0.07268341763133024,-0.001783137090651855,0.0003146980809435771,0.0,0.0,35322211.0,35322211.0,8.068075263212474,0.0,30944189.0,0.0,,0.0
0x1d0dbe5ed62c06fcf4907bda50f21e1935a59b6e,0.023844153862525582,0.0026876556,0,714.877877,53,1764503684,0.0018654041050879884,0.0019370893117550084,0.0018654041050879884,0.0018654041050879884,0.014478153654880001,0.03263072770528044,0.0018654041050879884,-0.010111976008550775,0.0,6.715755247804885,0.0035224082197577444,-0.009842424459760904,0.005179412334427501,0.8639841499135313,0.8624393405745936,0.22899999522399905,3,0.07268341763133024,0.06617318496206909,0.0018654041050879884,0.0,0.0,33438874.0,33438874.0,8.239006752320071,0.0,29380269.0,0.0,,0.0
0xd251888534639d48da16168aa7b50ba019c8d611,0.023844144837729078,0.0026875725,0,1035.899945,8,1764825445,-0.015197060147755345,-0.01619906415577138,-0.015197060147755345,-0.015197060147755345,-0.04085332268848728,0.0,-0.015197060147755345,0.0,0.0,,-0.015197060147755345,0.0,-0.015197060147755345,,,0.15139999983889985,0,0.07268341763133024,,-0.015197060147755345,0.08999400035414643,6.9,7153222.0,7153222.0,1.6330192499896128,31.831625032822753,2772856.0,,0.25,44.0
0x9dab4638ac1d4f5666134d4cec8074c0c82f1bdf,0.02384401871844262,0.002686411,0,13228.585506,16,1764831383,-0.004307428452555382,-0.00451987250815502,-0.004307428452555382,-0.004307428452555382,-0.017126842153949436,0.0,-0.004307428452555382,0.0,0.0,-12.947263491500003,-0.005094336803496873,0.0,-0.005881245154438364,,,-0.21721551547845558,1,0.07268341763133024,-0.0036914587224132524,-0.004307428452555382,0.0,0.0,1826671.0,1826671.0,0.4164487915110307,0.0,-2559633.0,0.0,,0.0
0xfa4a72df41cd71eec27bdbfdda3b5ef4bcd7ac33,0.023843961991519353,0.0026858884,0,541.58134,5,1764833883,-0.00012231172380577256,-0.0002446234476115451,-0.00012231172380577256,-0.00012231172380577256,-0.0007001623739697361,-0.032281872973979026,-0.00012231172380577256,-0.03085293038599183,0.0,2.282090000000002,0.0019669574511935947,0.00905779251438093,0.0040562266261929625,-0.06768431727590629,-0.06925304753287632,,1,0.07268341763133024,-0.0038875104444220953,-0.00012231172380577256,0.008839243081005473,45.33359,39561317.0,39561317.0,9.014145311570077,57.29859837992831,35172513.0,0.0,0.03389830508474576,177.0
0x24c8cf69a0e0a17eee21f69d29752bfa32e823e1,0.023843758620008912,0.0026840153,0,66526.466206,37,1764818935,0.001474517941760925,0.001845676659472452,0.001474517941760925,0.001474517941760925,0.013110761159188586,-0.022047597901090003,0.001474517941760925,-0.021692332218679333,0.025758184629548243,-19.942328048000046,0.0008714871261311071,-0.015590441230111718,0.0002684563105012892,-0.056943839286967265,-0.06890907331839244,0.2254499994029997,2,0.07268341763133024,-0.000751531601033897,0.001474517941760925,0.0,0.0,84216163.0,84216163.0,19.25444344761236,0.0,79842307.0,,,0.0
0x3376af22d333213cc84be18e9687d421ef5d3c7f,0.023843489777856088,0.0026815392,0,9268.402120000013,79,1764818145,-0.025959994870993736,-0.026961998879009765,-0.025959994870993736,-0.025959994870993736,-0.21481191436129196,0.0,-0.025959994870993736,0.0,0.0,,-0.025959994870993736,0.0,-0.025959994870993736,,,0.13479999983889984,0,0.07268341763133024,,-0.025959994870993736,0.0,0.0,21413195.0,21413195.0,4.896609152480205,0.0,17040129.0,,,0.0
0xa38e3ee734ca54ee2c926c6dfccd0392c28b5062,0.023843419578563167,0.0026808926,0,1995.0,2,1764850417,0.0,0.0,0.0,0.0,0.0,-0.04570000354145731,0.0,-0.04524774153286876,0.0,1.0000000000000009,0.00012525050100200408,0.0005022589166812457,0.00025050100200400816,0.0026090338685249943,-0.08949096613147502,,1,0.07268341763133024,-0.0073956480761257805,0.0,0.044792092918489124,65.8,3448808.0,3448808.0,0.782870236063612,134.91887504827585,-956530.0,,0.6888888888888889,45.0
0xf8b720c031833a879ffe538c7e040fad542114de,0.02384340628192471,0.0026807701,0,0.256,2,1764819397,0.0,-0.0010020040080160326,0.0,0.0,-0.0014159644674142636,0.0,0.0,0.0,1.0,,0.0,0.0,0.0,,,0.1422999997182639,0,0.07268341763133024,,0.0,0.0,0.0,15919560.0,15919560.0,3.6393238900326863,0.0,11545242.0,0.0,,0.0
0x1446f20335b926b4986461a33855d8b8c32a939a,0.023843128899517566,0.0026782153,0,126.85056,1,1764836293,0.003006012024048098,0.0040080160320641305,0.003006012024048098,0.003006012024048098,0.0040080160320641305,-0.09221205973691177,0.003006012024048098,-0.09049396910786259,0.0,,0.003006012024048098,0.000706030471362947,0.003006012024048098,-0.08488191916040339,-0.08848190957810166,,1,0.07268341763133024,-0.004398857468276327,0.003006012024048098,0.005721879590826374,17.51544,18190977.0,18190977.0,4.142584943480323,15.495515262636973,13799763.0,,0.8913793103448275,533.0
0x7d8dbef9cb6ec82b759a6c6642ede8e23b5ea96c,0.023842845706273295,0.0026756069,0,31.409998,4,1764832987,-9.610218846674316e-07,-1.0210858125756335e-06,-9.610218846674316e-07,-9.610218846674316e-07,-0.00018651128073098692,0.0,-9.610218846674316e-07,0.0,0.0,-0.9411190580564645,-0.004008852914689929,0.0,-0.00801674480749519,,,-0.2590997405731847,1,0.07268341763133024,-0.030912094566524127,-9.610218846674316e-07,0.0,0.0,2051559.0,2051559.0,0.467548316874465,0.0,-2336349.0,,,0.0
0x01f43d44e8bfcb5fd29e984b2430ffc540412c5e,0.023842318080232565,0.002670747,0,55.0,2,1764823861,-0.01903807615230462,-0.02004008016032065,-0.01903807615230462,-0.01903807615230462,-0.028340953153769454,0.0,-0.01903807615230462,0.0,0.0,,-0.01903807615230462,0.0,-0.01903807615230462,,,0.12709999999999988,0,0.07268341763133024,,-0.01903807615230462,0.07108180811951673,1.099999,9045620.0,9045620.0,2.065784503544593,3.8642531681304897,4666838.0,0.0,0.3402061855670103,85.0
0x0974d7a915229cb770fb43ac46f360dcf964003d,0.023842200337232135,0.0026696625,0,3161.890705999999,73,1764704677,0.0012418058273795094,0.0013473656624332978,0.0012418058273795094,0.0012418058273795094,0.014309321825703545,-0.036382419172848054,0.0012418058273795094,-0.019742092896557813,0.0,23.827365416666684,0.030557968748046994,0.004958706337246319,0.05987413166871448,2.7841220610157005,2.779282445427639,-0.01400000000000029,2,0.07268341763133024,0.023527055349814408,0.0012418058273795094,0.0,0.0,24119248.0,24119248.0,5.6623296376794245,0.0,19859650.0,,,0.0
0xad529df14c293d77984a0137990a1441b25211ac,0.02384212991414575,0.0026690138,0,37102.572133,46,1764229867,4.583875707405272e-05,0.0003853193179954969,4.583875707405272e-05,4.583875707405272e-05,0.0011957404057342381,0.0013266578644277923,4.583875707405272e-05,-0.029069997369682528,0.0,7.499500177304305,0.0011010436629157372,-0.003203481518194917,0.0021562485687574217,4.353020000000001,4.31624,0.006063555787602332,4,0.07268341763133024,0.02085659325760305,4.583875707405272e-05,0.0,0.0,7972462.0,7972462.0,2.1064487627840713,0.0,4187674.0,,,0.0
0x902d225fda04861946c16a8475adb71c020d1f3f,0.023841002009652338,0.0026586244,0,1.999996,2,1764937297,0.002004983039074441,0.0030069870470904735,0.002004983039074441,0.002004983039074441,0.004252521863875572,-0.08840863841320915,0.002004983039074441,-0.08989440681808772,0.0,,0.002004983039074441,0.0009055931819122932,0.002004983039074441,0.002310306201390129,-0.08888988841320913,,1,0.07268341763133024,-0.025829602197476705,0.002004983039074441,0.021645824023558868,19.11,3958208.0,3958208.0,0.8811255375406981,69.03610824790123,-534010.0,,0.7319587628865979,90.0
0x1e55408f217f58facdf1d663c74cfa7f55e9e3e2,0.023840721444480416,0.00265604,0,2561.3739,5,1764830367,0.02300734927762628,0.024009353285642316,0.02300734927762628,0.02300734927762628,0.05336611892547411,-0.06930640419079945,0.02300734927762628,-0.06598715870800873,0.0,,0.02300734927762628,0.030505108207805488,0.02300734927762628,-0.06113365119597789,-0.0639736511959779,,1,0.07268341763133024,-0.0031414954502845508,0.02300734927762628,0.0,0.0,7830059.0,7830059.0,1.7855290234073566,0.0,3444771.0,0.0,,0.0
0xec751cdcdbc06b18064e8e88846077949c588786,0.023840231246720488,0.0026515245,0,9.99,2,1765133351,0.0,-0.0010020040080160326,0.0,0.0,-0.0014170476576884727,0.0,0.0,0.0,1.0,,0.0,0.0,0.0,,,0.0,0,0.07268341763133024,,0.0,0.038898968420263226,30.0,32425952.0,32425952.0,6.916397342133733,143.23553647443762,27737680.0,0.0,0.43636363636363634,153.0
0x8f2721235c0a1d1e3fc786375c8c69b6ce2c2e3c,0.02383924923785852,0.0026424783,0,40.923316,6,1764829529,1.6998798193668216e-06,2.0653106050519902e-06,1.6998798193668216e-06,1.6998798193668216e-06,0.0002162955249908626,-0.03536169703129101,1.6998798193668216e-06,-0.034726742485543874,0.0,0.2405866930253556,0.0023320058662913753,0.01308830260044557,0.004662311852763384,-0.06381629690316051,-0.06761629690316051,,1,0.07268341763133024,-0.0029636909664713363,1.6998798193668216e-06,0.09336784303851209,5.749999,2906327.0,2906327.0,0.6628715118201827,8.063553931034482,-1478123.0,,0.6666666666666666,18.0
0xc727203069e584bad856564a5fd98448923fa011,0.02383896591264976,0.0026398683,0,63.35214799999999,10,1764818269,4.929263999010313e-11,2.9241422147703495e-06,4.929263999010313e-11,4.929263999010313e-11,7.655131104643755e-05,-0.043899836535880914,4.929263999010313e-11,-0.044401560156000594,0.0,0.01965192669714576,0.0003806642972126833,-0.04269771970953271,0.0007613285451327265,-0.08332420304266651,-0.08666482804266651,,1,0.07268341763133024,-0.0005745758259739675,4.929263999010313e-11,0.040974392411794805,9.999991999999999,3448268.0,3448268.0,0.7885017572984481,9.95306054854369,-924922.0,,0.5892857142857143,56.0
0x3cf6bfc6199c19d2efbf2f9a545235321696c454,0.023838563626826185,0.0026361623,0,500.0,2,1764873373,-0.0010020040080160326,-0.0020040080160320653,-0.0010020040080160326,-0.0010020040080160326,-0.002834095315376946,0.0,-0.0010020040080160326,0.0,1.0,,-0.0010020040080160326,0.0,-0.0010020040080160326,,,-0.008100000000000007,0,0.07268341763133024,,-0.0010020040080160326,0.07181858419941142,1.3216999999999999,4600772.0,4600772.0,1.0389490851330105,10.377665581699347,172478.0,,0.4517133956386293,301.0
0xb20bdfccff289b23cb0e6df825b1cfa724228da0,0.023838551242684636,0.0026360482,0,3.3371120000000003,4,1764827555,-8.735160132335546e-05,5.823444314312179e-05,-8.735160132335546e-05,-8.735160132335546e-05,0.0009662394803885531,-0.03829217584330041,-8.735160132335546e-05,-0.038116524332518435,0.0,-0.02735999205790754,-0.003082443802617383,-0.015183524736592855,-0.00607753600391141,-0.07423265426471701,-0.07493265494112042,,1,0.07268341763133024,-0.0025448531967251723,-8.735160132335546e-05,0.2303087884635532,1.529999,4818914.0,4818914.0,1.099587082735878,27.4723417031579,436438.0,0.0,0.5714285714285714,35.0
0x59b39376f516b8fdaa01a37dce3f7cfcbbc54582,0.023838494225166974,0.002635523,0,599.879996,2,1764856685,2.5397162662834466e-09,0.001002006547732299,2.5397162662834466e-09,2.5397162662834466e-09,0.0014170512493896612,-0.09430300097009565,2.5397162662834466e-09,-0.09320300053185526,0.0,,2.5397162662834466e-09,-0.0022030009700955318,2.5397162662834466e-09,-0.0017999968406327547,-0.09119999676985249,,1,0.07268341763133024,-0.008725574692523427,2.5397162662834466e-09,0.06495090652935373,49.999998,31789911.0,31789911.0,7.205972382846519,84.961001,27378305.0,0.0,0.7111111111111111,45.0
0x8b0dc8d0ad687fc0db511d9f0147e0c8454f1744,0.02383845692122476,0.0026351793,0,526.6460000000002,16,1764677946,0.0,0.0,0.0,0.0,0.0,-0.038853552238806,0.0,-0.11075355223880605,0.0,-0.25631111111111227,-0.000539044506924299,-0.10784355223880607,-0.001078089013848598,7.205646561082844,7.20034656,,1,0.07268341763133024,0.029198763770829965,0.0,0.015846919214537427,4.998,43042563.0,43042563.0,10.168654720311316,11.638829745929947,38809696.0,0.0,0.4921135646687697,313.0
0x0bcad04db28d8e1560b22584d8dae7b7f7617906,0.023838411226500513,0.0026347584,0,2.0,3,1764885325,-0.003006012024048098,-0.0040080160320641305,-0.003006012024048098,-0.003006012024048098,-0.006177749340486608,0.0,-0.003006012024048098,0.0,0.0,,-0.003006012024048098,0.0,-0.003006012024048098,,,-0.024300000000000023,0,0.07268341763133024,,-0.003006012024048098,0.07682730739605388,2.999999,4253656.0,4253656.0,0.95797755349591,3.2644183448275865,-186590.0,,0.2,20.0
0x80ab6ab7646efb38367ea5a180f29042fab16c7a,0.023838240579701707,0.0026331863,0,129442.21787200004,221,1764777849,1.5446358880283117e-05,3.8615885673863685e-05,2.316953140431821e-05,3.0892708539090946e-05,0.0004398481113878989,0.0572581898748526,3.0892708539090946e-05,0.005896832240161961,0.0,18.641588618750003,0.002874444982754547,0.023249701546107702,0.00571799726158074,0.23652124840366057,0.2320099823669402,,3,0.07268341763133024,0.008001626125971294,2.316953140431821e-05,0.0,0.0,3748021.0,3748021.0,0.8650403783261055,0.0,-584749.0,0.0,,0.0
0xb8a4d26a4d719d4ce416bbbb63bfa88a0303418e,0.023838205929853012,0.002632867,0,154.35,3,1764833405,0.0013360053440213768,0.0016700066800267208,0.0013360053440213768,0.0013360053440213768,0.0028925364187857017,-0.0304,0.0013360053440213768,-0.029492452645571397,0.0,-3.600000000000003,-0.0006680026720106884,0.0005075271207700527,-0.0026720106880427537,-0.08403920025585691,-0.0874698107867301,-0.21540000793881883,1,0.07268341763133024,-0.004105204239639706,0.0013360053440213768,0.08412652345544819,8.74,4828232.0,4828232.0,1.1002446035230746,15.090841245614035,439906.0,,0.6666666666666666,27.0
0x4fd3503c78bd1ececdbe034a4dfe156ce659ef31,0.02383819111964821,0.0026327306,0,23.106344,12,1764825489,0.008653199463517273,0.009655203471533307,0.008653199463517273,0.008653199463517273,0.04485360899874724,-0.08399060964285855,0.008653199463517273,-0.08325141938410972,0.0,,0.008653199463517273,0.0026218003725125578,0.008653199463517273,-0.027067889776603554,-0.07191788977660356,,1,0.07268341763133024,-0.002106495125653453,0.008653199463517273,0.20073938516426884,1.0,32276165.0,32276165.0,7.368297716423805,2.577170298387097,27895755.0,0.0,0.2672413793103448,96.0
0xee324b84546110f1fa5d4b2558edb179c3a4463a,0.023838178179681403,0.0026326114,0,64808.043332999994,12,1764832859,1.4896581406335868e-10,4.468974421752739e-10,1.4896581406335868e-10,1.4896581406335868e-10,1.15904231360099e-06,-0.044634784059464985,1.4896581406335868e-10,-0.043973913122380644,0.0,58.15615000099614,0.00034198965751722015,2.9570228601435555e-05,0.0006839791660686262,-0.06095478996423538,-0.0626554090413264,,1,0.07268341763133024,-0.0036702410035811266,1.4896581406335868e-10,0.0,0.0,2144080.0,2144080.0,0.4886480179042705,0.0,-2243700.0,,,0.0
0x89df5de28764846c1a61a8143228733d5d50c5dd,0.023838099377453313,0.0026318855,0,87.1222,5,1764835909,0.004008016032064047,0.0050100200400800795,0.004008016032064047,0.004008016032064047,0.007971018599534628,-0.09118619232492578,0.004008016032064047,-0.08926879807131204,0.0,,0.004008016032064047,0.0007505061627296945,0.004008016032064047,-0.08386981140006362,-0.08736981140006363,,1,0.07268341763133024,-0.004317381427960965,0.004008016032064047,0.015694903230540562,17.994539000000003,11012660.0,11012660.0,2.508104390286119,21.974603232646047,6621830.0,0.0,0.8220858895705522,288.0
0xffd44574578241c24b55a5fc94ef525da8f8b2d2,0.023838058207307573,0.0026315062,0,13.083356,8,1764818565,8.875056957262253e-06,9.984438574911956e-06,8.875056957262253e-06,8.875056957262253e-06,0.0003000667649802211,-0.04251288088284604,8.875056957262253e-06,-0.04356404340384317,0.0,-0.019259992017694946,-0.0010839380107857425,-0.04091110942227898,-0.002176751078528747,-0.0816069813694088,-0.08399076803607547,,1,0.07268341763133024,-0.00063738027371706,8.875056957262253e-06,0.061668555584596975,1.4999985,3065366.0,3065366.0,0.7008976363477556,3.3012471111111115,-1308120.0,,0.6363636363636364,52.0
0x76c291f1ade836997d3a15cb1ebab6f1fec5b938,0.023838010011282797,0.0026310622,0,8.5,2,1764268497,0.0,0.0,0.0,0.0,0.0,-0.016550000000000002,0.0,-0.02055,0.0,1.5,0.0003757515030060119,-0.024,0.0007515030060120238,0.1936891913165801,0.2002891913165801,,1,0.07268341763133024,0.11607450135178086,0.0,0.009480833817608418,0.09632,2601426.0,2601426.0,0.6803927794449888,0.5997747898507463,-1221992.0,,0.13406593406593406,345.0
0x42a4772acbb65c5ac5a9c1731ea066dfdfa4554a,0.023837944149433084,0.0026304554,0,624.2793640000001,12,1764826263,1.100896231076513e-05,2.201792462153026e-05,1.100896231076513e-05,1.100896231076513e-05,0.00021005736701657578,0.0,1.100896231076513e-05,0.0,0.0,-31.92708944000001,-0.002893941431766956,0.0,-0.005798891825844678,,,-0.1865000000000006,1,0.07268341763133024,-0.005107104922892688,1.100896231076513e-05,0.10275755153975528,29.85,2919089.0,2919089.0,0.6662785676200771,82.69566904824559,-1462095.0,,0.46,50.0
0x41f20a177751b3d0746617b31eeb02e84b80d8ef,0.023837548148063197,0.0026268072,0,356.38061799999997,16,1764465377,-0.03799140306519968,-0.06626029788689526,-0.03799140306519968,-0.03799140306519968,-0.3455475020726553,0.0,-0.03799140306519968,0.0,0.0,0.10751009199999957,-0.037597819641812386,0.0,-0.03720423621842509,,,-0.009031838149299573,3,0.07268341763133024,0.06502403331012115,-0.03799140306519968,0.0,0.0,2635608.0,2635608.0,0.6555752832252734,0.0,-1384690.0,0.0,,0.0
0xc57be4d566479efc216a759327545e1c6c958faf,0.023837490147252626,0.0026262728,0,513.3688460000001,14,1764818269,-0.004770251090832034,-0.005737221708426982,-0.004770251090832034,-0.004770251090832034,-0.00865106642557167,-0.0015420777421616912,-0.004770251090832034,-0.0015530690112608785,0.025553935165468476,-0.0006139707292539311,-0.004770711718906141,-0.0014970949100356953,-0.004771172346980247,-0.08383419429727808,-0.08682794429727808,-0.018000000000000016,1,0.07268341763133024,-0.0005745758259739675,-0.004770251090832034,0.009768339907465954,2.899999,3243164.0,3243164.0,0.741601439681331,3.3045566330014218,-1130026.0,0.0,0.1572052401746725,229.0
0x281c1ec35ae87c2e401530fbdf41546457669a91,0.02383739537498262,0.0026253997,0,456.02957999999995,10,1764792581,-0.9149446900598418,-0.9159466940678578,-0.9149446900598418,-0.9149446900598418,-2.4140753494732237,0.0,-0.9149446900598418,0.0,0.0,,-0.9149446900598418,0.0,-0.9149446900598418,,,-1.0430497925348003,0,0.07268341763133024,,-0.9149446900598418,0.19417832570287885,19.9999995,42827322.0,42827322.0,9.851018354908176,59.643113630952385,38479820.0,0.0,0.3157894736842105,19.0
0x51727cf649ff35f254a7975f90800dea4b290581,0.02383712809388885,0.0026229373,0,2.3533939999999998,5,1764818269,-0.010020040187880072,-0.011022044195896105,-0.010020040187880072,-0.010020040187880072,-0.016500232857108162,0.0,-0.010020040187880072,0.0,0.0,,-0.010020040187880072,0.0,-0.010020040187880072,,,0.1996999884257859,0,0.07268341763133024,,-0.010020040187880072,0.014580603310413023,19.397595,29360273.0,29360273.0,6.713697095255409,86.69667803951367,24987083.0,0.0,0.29916317991631797,477.0
0x2785e7022dc20757108204b13c08cea8613b70ae,0.02383709587175326,0.0026226405,0,2025183.8372800013,338,1764835517,0.0012075098444559874,0.0022095138524720263,0.0012075098444559874,0.0012075098444559874,0.026905372344473228,-0.09018331583471109,0.0012075098444559874,-0.09230012833432384,0.0,,0.0012075098444559874,-0.0015610835165311995,0.0012075098444559874,-0.00185531101740755,-0.08974637324772719,,2,0.07268341763133024,-0.004234207970139031,0.0012075098444559874,0.0,0.0,3261408.0,3261408.0,0.7428434247334776,0.0,-1129030.0,,,0.0
0x5776e661afc29f35e81aaf0356cc919e58ede581,0.023837027384061127,0.0026220095,0,9.419,4,1764859409,-2.4826048718756955e-17,0.0010020040080160077,-2.4826048718756955e-17,-2.4826048718756955e-17,0.0020011115230860505,-0.09520450147803682,-2.4826048718756955e-17,-0.09365000597241861,0.0,,-2.4826048718756955e-17,-0.002594639157218223,-2.4826048718756955e-17,-0.0024500000378000347,-0.09120000000000003,,1,0.07268341763133024,-0.009303545353510535,-2.4826048718756955e-17,0.06619516234033021,19.999998,31792199.0,31792199.0,7.2020440248010456,89.46325909589041,27377869.0,0.0,0.8297872340425532,47.0
0x63f1557aa24e04afe36b2f36a3e4c2eeb8526272,0.023836811712265527,0.0026200225,0,49.05,1,1764193007,-0.9819639278557111,-0.9829659318637272,-0.9819639278557111,-0.9819639278557111,-0.9829659318637272,0.0,-0.9819639278557111,0.0,0.0,,-0.9819639278557111,0.0,-0.9819639278557111,,,0.016396267512506824,0,0.07268341763133024,,-0.9819639278557111,0.0,0.0,40847470.0,40847470.0,10.898680550960425,0.0,37099542.0,0.0,,0.0
0x0027bd901add76f4511ddfa6fa7c5ba09c2ae856,0.023836795234957964,0.0026198707,0,200.099796,4,1764851777,1.9900279195787742e-09,3.980031927427633e-09,1.9900279195787742e-09,1.9900279195787742e-09,2.8241925936831665e-06,-0.04595008485558892,1.9900279195787742e-09,-0.04575008423375942,0.0,0.05010060199761614,0.00012525374727649394,3.6927125338782905e-09,0.0002505055045250683,0.0013030231924886808,-0.0904969792106954,,1,0.07268341763133024,-0.007684209052242692,1.9900279195787742e-09,0.12608239338982075,29.999998,1634780.0,1634780.0,0.37097618216632955,34.176938210526316,-2771918.0,,0.2857142857142857,14.0
0xb182730b94cb7c5fdae545ee4eb15c65c9c8c5f2,0.023836535921002978,0.0026174816,0,30840.45852,5,1764874359,0.0,0.0,0.0,0.0,0.0,0.0,0.0,0.0,1.0,-59.99999999999836,-0.00012525050100200053,0.0,-0.00025050100200400106,,,-0.008000000000000007,1,0.07268341763133024,-0.012733177425535355,0.0,0.06457551707768164,9.67,2676980.0,2676980.0,0.6043826536141315,12.887852863636365,-1752300.0,,0.4583333333333333,48.0
0x0c44044e2c63bdbeb291347cab1320c37e409b54,0.02383639558783706,0.0026161887,0,48.31826,11,1764691974,-0.011083148208561832,-0.012006743892608652,-0.011083148208561832,-0.011083148208561832,-0.01250601741350965,-0.00041676356589147307,-0.011083148208561832,0.0005981790965032738,0.0,0.8144366666666666,-0.00976520763318196,0.000766514283871226,-0.008447267057802087,7.371600001314721,7.3646,0.19734999991944993,2,0.07268341763133024,0.026222342173059354,-0.011083148208561832,0.01798884374959112,4.83356,12869059.0,12869059.0,3.030227731083533,10.293556039930555,8622164.0,0.0,0.36774193548387096,155.0
0x0c93a4291ee2c43a4eae6ca6bcb11f40c3f5a00b,0.023836389118328232,0.0026161291,0,4592.645536,3,1764836559,0.0006680048204539993,0.0010020071400226045,0.0006680048204539993,0.0006680048204539993,0.0017381020209307188,-0.06227575114613747,0.0006680048204539993,-0.06113337743953325,0.0,3.0689208329982893,0.0008350052878948531,-0.002327974500720068,0.001002005755335707,-0.08669096553023514,-0.08969096553023514,,1,0.07268341763133024,-0.004455296600369783,0.0006680048204539993,0.11089816670524413,52.0,72490040.0,72490040.0,16.506972592383434,164.77458498958333,68098560.0,0.0,0.5238095238095238,42.0
0x05208f3124596026203c69d741dd07d894ef9708,0.023836245172199774,0.002614803,0,4984.996676000001,3,1764820485,0.0020040078166331343,0.003006011824649167,0.0020040078166331343,0.0020040078166331343,0.005140930410472365,-0.09338320239326588,0.0020040078166331343,-0.09167020316565591,0.0,,0.0020040078166331343,-0.08899977985208354,0.0020040078166331343,-0.08896904153931144,-0.09029096632945743,,1,0.07268341763133024,-0.001044760475293876,0.0020040078166331343,0.0,0.0,4135649.0,4135649.0,0.9452034851165811,0.0,-239757.0,0.0,,0.0
0x6a9743e7872cb5e321ca2eb97edc907bc6c14800,0.023835864942175853,0.0026112997,0,422.63293000000004,18,1764826221,-0.0021359194115609706,-0.0025683355621029164,-0.0022707914900652495,-0.002315748894164421,-0.013446569413273254,0.0,-0.0023607062982635924,0.0,0.8195541009793301,10.88849200000001,-0.0003959958126609291,0.0,0.0015237571350493286,,,0.13749999999999987,1,0.07268341763133024,-0.002279207356946957,-0.0022258340859660788,0.0,0.0,23978397.0,23978397.0,5.473092860263375,0.0,19597255.0,0.0,,0.0
0x2b7e6f9d07a4fa8f172c4c2bf4d579e5ebe21f4e,0.023835787865828663,0.0026105896,0,21.160999999999998,2,1764860713,5.562239602330442e-17,0.0010020040080160881,5.562239602330442e-17,5.562239602330442e-17,0.0014170476576885515,-0.09420299960084683,5.562239602330442e-17,-0.09180150187718991,0.0,,5.562239602330442e-17,-0.0013015018771899037,5.562239602330442e-17,-0.0028999997119999402,-0.09079999999999994,,1,0.07268341763133024,-0.009580224407081455,5.562239602330442e-17,0.10629056719545385,11.094651500000001,33088499.0,33088499.0,7.493487684894173,159.77327229999997,28672865.0,0.0,0.75,52.0
0xc613e6707bd115e5c04d303d944568232697662b,0.023835653399773598,0.0026093507,0,1.2547409999999999,21,1764212245,0.0,-4.940560868807831e-05,0.0,0.0,-0.000314175686917104,0.0011144736526917437,0.0,0.002015565077950637,0.08960841124286865,0.14311756250000693,0.0003925883313724824,-0.0012298881609070311,0.0007851766627449648,0.21636891984424617,0.22272891984163107,0.00029999999999911207,3,0.07268341763133024,0.1280098925492283,0.0,0.0,0.0,44375484.0,44375484.0,11.779540375974937,0.0,40608318.0,0.0,,0.0
0x1b5c26a392df8f2837da8f54442907cc4cf202d7,0.023835270323408337,0.0026058212,0,40.359996,2,1764849145,0.0010020100536061356,0.002004014061622168,0.0010020100536061356,0.0010020100536061356,0.0028341038651324615,-0.09149999334500528,0.0010020100536061356,-0.09159999334500527,0.0,,0.0010020100536061356,-9.999334500527641e-05,0.0010020100536061356,0.0007030141816298558,-0.09059698581837015,,1,0.07268341763133024,-0.007125758692581139,0.0010020100536061356,0.13662191336748486,10.6998855,33183892.0,33183892.0,7.534830767749621,153.46907271052632,28779826.0,0.0,0.75,52.0
0xfcd51f3bd4a9b74911e1c6458af028f5d03f5542,0.023834956417033613,0.002602929,0,20.04,5,1764919461,-0.002004008016032065,-0.003006012024048098,-0.002004008016032065,-0.002004008016032065,-0.006421484961138858,0.0,-0.002004008016032065,0.0,0.0,,-0.002004008016032065,0.0,-0.002004008016032065,,,-0.015999999996400026,0,0.07268341763133024,,-0.002004008016032065,0.006448762450345822,10.0,29062449.0,29062449.0,6.495299015595897,18.554630947187636,24588067.0,0.0,0.5379939209726444,325.0
0x2cc28a0697258156e436730b950fa3e3775af1f3,0.02383468729265739,0.0026004494,0,29.225,9,1764560930,-0.3159652638610553,-0.3162992651970607,-0.3159652638610553,-0.3159652638610553,-0.948897795591182,0.0,-0.3159652638610553,0.0,0.0,-0.009999999999999893,-0.31613226452905796,0.0,-0.31629926519706064,,,-0.02267248957273739,1,0.07268341763133024,0.05402391915879383,-0.3159652638610553,0.03521897402640815,4.422499999999999,3521028.0,3521028.0,0.8554799481322332,4.284594594594594,-594823.0,0.0,0.07692307692307693,39.0
0x32c375cb4b130dab809f484a8154c9a89bf3dbd0,0.023834656817351512,0.0026001686,0,775.79343,1,1765136511,1.1124479204660884e-16,0.0010020040080161439,1.1124479204660884e-16,1.1124479204660884e-16,0.0010020040080161439,1.4449573506491606e-16,1.1124479204660884e-16,-0.0001999999999998779,0.0,,1.1124479204660884e-16,1.4449573506491606e-16,1.1124479204660884e-16,1.4449573506491606e-16,-0.0001999999999998779,,1,0.07268341763133024,-0.06809826859170787,1.1124479204660884e-16,0.059696965574801565,50.926825,13571715.0,13571715.0,2.892872581335507,116.6370113181818,8880283.0,0.0,0.8333333333333334,42.0
0xf12f39b2e5d836d0b2d81dd1e251559b2973acdf,0.02383452276183465,0.0025989334,0,171.74028,1,1764836803,0.003006012024048098,0.0040080160320641305,0.003006012024048098,0.003006012024048098,0.0040080160320641305,-0.09030000828630091,0.003006012024048098,-0.09059396986238537,0.0,,0.003006012024048098,-0.0011939698623853522,0.003006012024048098,-0.08558190957810166,-0.08858190957810166,,1,0.07268341763133024,-0.004507067834320169,0.003006012024048098,0.007466560806711643,15.14416,12812362.0,12812362.0,2.9173877957722296,15.158913397462278,8420638.0,,0.7520435967302452,352.0
0x963aa0ac0f2e7a78ae8bf7841a27b5016d08fc4c,0.023834469670493998,0.0025984442,0,71.040938,3,1764678926,-0.9118236463635069,-0.912825650371523,-0.9118236463635069,-0.9118236463635069,-1.5488603622586754,0.0,-0.9118236463635069,0.0,0.0,,-0.9118236463635069,0.0,-0.9118236463635069,,,-1.0239579630636615,0,0.07268341763133024,,-0.9118236463635069,0.01555967354604203,19.999999,25133095.0,25133095.0,5.93623128091308,34.66472782876064,20899248.0,,0.5583333333333333,478.0
0xa4bd8f49695cf5d55924aca4cc2694952874e8a2,0.023834046005224034,0.0025945406,0,3329.1030900000023,409,1764611958,-0.0018861251118954053,-0.0019885671242434485,-0.0018902600982278312,-0.001888193055903592,-0.03995055499453938,0.0,-0.0018923271405222573,0.0,0.007855221717209008,-0.26181813198969073,-0.00462776505851649,0.0,-0.007361135032472723,,,-0.14607338537076683,4,0.07268341763133024,0.04008472659484044,-0.0018902600982278312,0.0,0.0,6842697.0,6842697.0,1.6421635953431812,0.0,2675818.0,0.0,,0.0
0x50bb959916732df512b8a70664e308edd4899aa6,0.023834018815696165,0.00259429,0,2659.1,7,1764819325,-0.0005566688933422403,-0.0007422251911229871,-0.0005566688933422403,-0.0005566688933422403,-0.0017247754826129678,-0.028054128701457216,-0.0005566688933422403,-0.027032674877405127,0.0,4.0333333333333075,0.0005659467082312694,-0.0092474903142061,0.0016885623098047793,-0.055640510862218134,-0.05604050606127659,-0.017700000000000014,1,0.07268341763133024,-0.0007986349368412164,-0.0005566688933422403,0.004295809777574001,20.9,2865573.0,2865573.0,0.6551010162665749,35.479165483731016,-1508673.0,,0.458128078817734,379.0
0x3b23dc37606cf3ca107ff3925bafb7390ce55e5e,0.023834007166660495,0.0025941827,0,31.0365,4,1764803585,-0.23137118591200706,-0.23176209998837954,-0.1717677470913342,-0.23123510540806733,-0.6495623130310944,0.0,-0.23150726682255657,0.0,0.0,-10.313310000000001,-0.27054732567627787,0.0,-0.31897696715914015,,,-1.040909530680733,1,0.07268341763133024,-0.0005410518302192088,-0.2267444350527113,0.057656547670402535,9.9876,2174500.0,2174500.0,0.49890948871012225,10.861970666666668,-2184006.0,,0.3681592039800995,201.0
0xc474391055a051ec38b45508d3d72c787cba6061,0.023834003704800637,0.0025941508,0,180.2,1,1764633210,-0.9018036072144284,-0.9028056112224445,-0.9018036072144284,-0.9018036072144284,-0.9028056112224446,0.0,-0.9018036072144284,0.0,0.0,,-0.9018036072144284,0.0,-0.9018036072144284,,,0.03331604516854133,0,0.07268341763133024,,-0.9018036072144284,0.0,0.0,35614587.0,35614587.0,8.50369460745139,0.0,31426456.0,0.0,,0.0
0x3ddc37283c850867848a3fd29e49a056638e7b90,0.02383396741847431,0.0025938165,0,109.726731,4,1764691698,-4.022712860104303e-05,-4.031524936473908e-05,-4.022712860104303e-05,-4.022712860104303e-05,-0.006079669226245772,0.0,-4.022712860104303e-05,0.0,0.0,-99.77263993500571,-0.11438890607786277,0.0,-0.22873758502712452,,,-1.0432890574250504,1,0.07268341763133024,-0.005110924112282471,-4.022712860104303e-05,0.017130594709427422,74.84969,41918812.0,41918812.0,9.871102634825492,69.31428944186045,37672193.0,0.0,0.5338983050847458,116.0
0x259b561d0a3b688a053e2e1353f894fd48a2dafc,0.023833774945177865,0.002592043,0,2500.0,2,1764855601,-0.003006012024048098,-0.0040080160320641305,-0.003006012024048098,-0.003006012024048098,-0.005668190630753891,0.0,-0.003006012024048098,0.0,0.0,,-0.003006012024048098,0.0,-0.003006012024048098,,,-0.02400000000000002,0,0.07268341763133024,,-0.003006012024048098,0.14588304964818907,6.949152,27740695.0,27740695.0,6.289662538810599,158.7696863699422,23330173.0,0.0,0.5,23.0
0x86fdf8a4f477d68455c79eabe5b9ea7b05dd8002,0.02383372061729325,0.0025915424,0,5020.014925999999,11,1764870403,-0.000334000297852392,-0.0006680068246224972,-0.00033400029785332446,-0.000334000297852392,-0.0011595137460916124,0.0,-0.000334000297852392,0.0,1.0,0.5561080744444458,-0.0002505002900404467,0.0,-0.00016700028222663648,,,-0.008000000000000007,1,0.07268341763133024,-0.023895819303116756,-0.00033400029785332446,0.11305932243041245,1.0,3651664.0,3651664.0,0.8251743827118647,3.2341369308176104,-773660.0,,0.16666666666666666,42.0
0xd0e1ae8ad003030299df6e9be78588b127957c9f,0.023833681981396734,0.0025911864,0,593.3384,1,1764835699,0.0040080160320642415,0.005010020040080275,0.0040080160320642415,0.0040080160320642415,0.005010020040080275,-0.09109999999755933,0.0040080160320642415,-0.08736981140006352,0.0,,0.0040080160320642415,0.0029301885999365035,0.0040080160320642415,-0.0837698132516788,-0.08736981140006352,,1,0.07268341763133024,-0.0042728242184135005,0.0040080160320642415,0.0068742875530325934,10.5,15580987.0,15580987.0,3.5486985892652974,12.037271463424124,11190367.0,,0.7774193548387097,510.0
0x071fa21b7bcb89627695761c6a7df80cb73c91ac,0.02383353984528562,0.0025898768,0,16.0,4,1764865033,0.0,0.0,0.0,0.0,0.0,0.0,0.0,0.0,1.0,0.0,0.0,0.0,0.0,,,-0.008000000000000007,1,0.07268341763133024,-0.010508711783175282,0.0,0.07432882234731683,102.35202,26171810.0,26171810.0,5.921285606139793,70.23681796078432,21751856.0,,0.3225806451612903,31.0
0x8f7a4b414417911e7e9bd738399874792cdbdb40,0.023833354627380877,0.00258817,0,256797.83762000006,108,1764819793,-0.0002216674941902508,-0.00039024120600023504,-0.0002216674941902508,-0.0002216674941902508,-0.003949685004247861,-0.008879840933008665,-0.0002216674941902508,-0.008944620331727373,0.2409490332514952,4.0512703006472375,-6.900303949893035e-05,-0.008777173255759167,8.366141519239011e-05,-0.08987274062700236,-0.09136024472741912,-0.007599665308617932,2,0.07268341763133024,-0.0008979338609755652,-0.0002216674941902508,0.0,0.0,29128328.0,29128328.0,6.658338807976933,0.0,24753614.0,0.0,,0.0
0xe6e3b8ce74ac1f09645973c3e88149e4be39ad31,0.023833071421054237,0.0025855605,0,11.248585,2,1764786863,-0.8897795533281515,-0.8907815573361675,-0.8897795533281515,-0.8897795533281515,-1.2597553594966349,0.0,-0.8897795533281515,0.0,0.0,,-0.8897795533281515,0.0,-0.8897795533281515,,,-1.0450070661422715,0,0.07268341763133024,,-0.8897795533281515,0.08049342162019141,3.7,36408039.0,36408039.0,8.38550213460642,5.981855382022472,32066255.0,0.0,0.5272727272727272,55.0
0x0673528af8098c1af94a931a6fa3c837a4f5994e,0.02383296201049567,0.0025845524,0,11.772,2,1764833699,0.018036072144288588,0.01903807615230462,0.018036072144288588,0.018036072144288588,0.026923905496080983,-0.07436308047266228,0.018036072144288588,-0.07260373248749319,0.0,,0.018036072144288588,0.020196267512506822,0.018036072144288588,-0.0700058100239051,-0.07157454028087515,,1,0.07268341763133024,-0.0038484698417709834,0.018036072144288588,0.024056665257480143,35.18235,5105622.0,5105622.0,1.1633775537640534,115.33825123611112,717002.0,,0.46564885496183206,131.0
0xc99dc29d3825dc0ae9232f53eae75adb20d35d6b,0.02383274425209387,0.0025825459,0,29.97,3,1765115647,0.0,-0.00033400133600534426,0.0,0.0,-0.0005785072837571404,-6.666666666666672e-05,0.0,-3.333333333333336e-05,0.5,0.0,0.0,0.0,0.0,0.0,-0.0001000000000000001,0.0,1,0.07268341763133024,-0.06367140373457313,0.0,0.07238527105319363,49.999998500000004,33395364.0,33395364.0,7.150171884875673,89.4749220131579,28724796.0,0.0,0.46017699115044247,113.0
0x2ec2c318df2fd48956132a8cc902ca1097a9a000,0.023832174193137493,0.002577293,0,499.99284,3,1764800121,-0.8933920505475825,-0.8943940545555984,-0.8933920505475825,-0.8933920505475825,-1.4455525870084787,0.0,-0.8933920505475825,0.0,0.0,,-0.8933920505475825,0.0,-0.8933920505475825,,,-1.0536162757507195,0,0.07268341763133024,,-0.8933920505475825,0.06741588256950928,19.799995,14162412.0,14162412.0,3.2519576160229913,58.33013218292683,9807370.0,0.0,0.6555555555555556,90.0
0x51ec7ad62f3e44e15fbbcb947ec81bc6f68805fd,0.02383151503246668,0.0025712189,0,257.604786,6,1764834815,-0.0116411128661284,-0.012643116874144433,-0.0116411128661284,-0.0116411128661284,-0.028622814083578283,0.0,-0.0116411128661284,0.0,0.0,,-0.0116411128661284,0.0,-0.0116411128661284,,,-0.08189991006469995,0,0.07268341763133024,,-0.0116411128661284,0.04158368106825422,19.8,9973755.0,9973755.0,2.2720626023979573,27.353551485659658,5584019.0,,0.5666666666666667,120.0
0xb3d7315c78723fe5fccd6496e3155f12b0a961b8,0.023831432108039275,0.0025704547,0,427.514,31,1764650170,5.723627095724528e-06,-5.723627095724527e-06,5.723627095724528e-06,5.723627095724528e-06,-7.573042512956825e-05,0.07943224529145056,5.723627095724528e-06,0.047982005712427854,0.028832112053120282,18.253875000000004,0.0019882354592013884,0.04811820161025483,0.003970747291307052,7.3379693111772415,7.334215465163117,-0.003100000000000891,3,0.07268341763133024,0.03509219735364123,5.723627095724528e-06,0.0,0.0,36710415.0,36710415.0,8.729993001340517,0.0,32505324.0,0.0,,0.0
0xcaab5b5050e4abb468fbb2254492b617c5cf6d0d,0.023831410757950422,0.002570258,0,335.14698,1,1764891779,0.005010020040080275,0.006012024048096306,0.005010020040080275,0.005010020040080275,0.006012024048096307,-0.08737279592226474,0.005010020040080275,-0.08616372809715764,0.0,,0.005010020040080275,0.0055362719028424,0.005010020040080275,0.006245339878552931,-0.08515466012144707,,1,0.07268341763133024,-0.016171720939469666,0.005010020040080275,0.007694096152181286,24.25,9718643.0,9718643.0,2.1855854903636405,25.23214438137147,5271943.0,,0.7449494949494949,339.0
0x2d99e29c4f066ba32098c65e4c7454b277d94ca3,0.023831403986565195,0.0025701956,0,144342.37140200002,49,1764830875,0.010174562281825393,0.010911970567930229,0.010174562281825393,0.010174562281825393,0.07339607064492257,-0.06655823752818463,0.010174562281825393,-0.06411489575992121,0.0,299.9999995372085,0.011166796237461717,0.01623858052767679,0.01215903019309804,-0.05425642723356994,-0.06952501106150452,,2,0.07268341763133024,-0.00324928146195175,0.010174562281825393,0.0,0.0,48330395.0,48330395.0,11.019754452783486,0.0,43944599.0,0.0,,0.0
0x798db2c906a27053cbe0a6b96bb6ff76d4961794,0.023831068426352253,0.0025671034,0,19.999996,2,1764835415,0.004008090806622642,0.005010094814638674,0.004008090806622642,0.004008090806622642,0.00708534403563713,-0.09109991734683452,0.004008090806622642,-0.0874697264559414,0.0,,0.004008090806622642,0.0031302717040577284,0.004008090806622642,-0.08376973014755766,-0.0874697264559415,,1,0.07268341763133024,-0.004212565896930263,0.004008090806622642,0.05061651168129724,3.7589745,6368615.0,6368615.0,1.4505985418883658,5.32948350909091,1978279.0,,0.6229508196721312,61.0
0x1903f363c66356568a6039b332eec57edff4d94b,0.023831062488840104,0.0025670487,0,99.999996,2,1764838345,0.002004021003006398,0.00300602501102243,0.002004021003006398,0.002004021003006398,0.004251161339420655,-0.09109998723267806,0.002004021003006398,-0.0888909517766542,0.0,,0.002004021003006398,-0.001690951776654185,0.002004021003006398,-0.08549095177665418,-0.0888909517766542,,1,0.07268341763133024,-0.0048342450587115495,0.002004021003006398,0.09558042660946281,1.799999,3227542.0,3227542.0,0.7346566313080064,4.055332244444444,-1165724.0,,0.2222222222222222,45.0
0xeb58e26e51169b71d00f3beface74ffe1ddd6fa5,0.023831041417000126,0.0025668545,0,2607.479996,2,1764985233,7.3400971339754e-10,0.001002004742025746,7.3400971339754e-10,7.3400971339754e-10,0.0014170486957349644,-0.0002999991931039485,7.3400971339754e-10,-0.09039999919310396,0.0,,7.3400971339754e-10,9.534043906297824e-10,7.3400971339754e-10,-9.999919310394827e-05,-0.09039999919310396,,1,0.07268341763133024,-0.03600052789684454,7.3400971339754e-10,0.033639347199033554,50.9999995,4953940.0,4953940.0,1.0911391992430213,131.15686049367088,413786.0,0.0,0.7032967032967034,89.0
0x0bfb8009df6c46c1fdd79b65896cf224dc4526a7,0.023830889366779986,0.0025654533,0,362.584336,4,1764831133,0.007372266635014455,0.0077062932229295285,0.007372266635014455,0.007372266635014455,0.01661248554042489,-0.0462282019728955,0.007372266635014455,-0.04524734713953715,0.0,2.588230174852254,0.00913171803663822,0.01896289905015681,0.010891169438261987,-0.06509990902025443,-0.06649990902025443,,1,0.07268341763133024,-0.0033040231765386345,0.007372266635014455,0.0,0.0,1966484.0,1966484.0,0.4483492451301329,0.0,-2419570.0,,,0.0
0x7552bbb944ef96658e5c9ad0c9b574fa5e545845,0.023830851771258346,0.0025651068,0,500.0,2,1764864445,-0.0010020040080160326,-0.0020040080160320653,-0.0010020040080160326,-0.0010020040080160326,-0.002834095315376946,0.0,-0.0010020040080160326,0.0,1.0,,-0.0010020040080160326,0.0,-0.0010020040080160326,,,-0.007999990080481167,0,0.07268341763133024,,-0.0010020040080160326,0.0,0.0,4845158.0,4845158.0,1.096346851561966,0.0,425792.0,,,0.0
0xab0440bf27af419250e085be31dcab33402ccefe,0.023830693228952395,0.0025636458,0,1.006,2,1764894429,0.005010020040080163,0.006012024048096196,0.005010020040080163,0.005010020040080163,0.008502285946130837,-0.08747279577135882,0.005010020040080163,-0.08626372809715764,0.0,,0.005010020040080163,0.0052362719028423675,0.005010020040080163,0.005945340774952807,-0.08525466012144718,,1,0.07268341763133024,-0.016733990488521002,0.005010020040080163,0.07934919259780292,0.092492,38399881.0,38399881.0,8.630447368716778,1.0104529583333333,33950531.0,,0.6857142857142857,35.0
0xc4fbfd8c2bf090568f8eb207123364a3f0352bfd,0.023830430973181747,0.002561229,0,528.94,2,1764962045,0.0010020040080159214,0.002004008016031954,0.0010020040080159214,0.0010020040080159214,0.002834095315376788,-0.08829699242876066,0.0010020040080159214,-0.09339699248246056,0.0,,0.0010020040080159214,0.0013030075175394296,0.0010020040080159214,0.0009030075175393512,-0.09339699248246067,,1,0.07268341763133024,-0.031080563254051206,0.0010020040080159214,0.01790631163015534,10.569998,53827725.0,53827725.0,11.916787728754212,78.33108627266239,49310759.0,0.0,0.7163120567375887,266.0
0x285a8aab3ff46fb9fd9dfc163fe0c2cbad88b323,0.023830423570434474,0.0025611608,0,1000.0,2,1765119181,0.0,-0.0010020040080160326,0.0,0.0,-0.0014170476576884727,0.0,0.0,0.0,1.0,,0.0,0.0,0.0,,,3.3306690738754695e-17,0,0.07268341763133024,,0.0,0.006525012249969814,0.999999,6969189.0,6969189.0,1.4910220187749432,1.2290338643533123,2295087.0,,0.3905579399141631,233.0
0xe8278d22bef444ede84505b7c0ec4e4001305209,0.023830338982205154,0.0025603813,0,2400.065,6,1764819135,0.005194654318989894,0.006196658327005928,0.005194654318989894,0.005194654318989894,0.014664832546693967,-0.08907078710274126,0.005194654318989894,-0.08835515645853215,0.0,,0.005194654318989894,-0.08578766180515492,0.005194654318989894,-0.08311501027735557,-0.08448167677547662,,1,0.07268341763133024,-0.0007583212710601773,0.005194654318989894,0.0,0.0,46059849.0,46059849.0,10.530237610126619,0.0,41685793.0,,,0.0
0x4f52512634ce140f0ea447071fe4fdc82b6249fe,0.023830079837831333,0.0025579932,0,50.150332999999996,2,1764838527,0.0020040080360121306,0.003006012044028163,0.0020040080360121306,0.0020040080360121306,0.004251143001321497,-0.09159999997797583,0.0020040080360121306,-0.0898954830436832,0.0,,0.0020040080360121306,-0.0023954830436831867,0.0020040080360121306,-0.08549096610939055,-0.08889096610939057,,1,0.07268341763133024,-0.004872861306986019,0.0020040080360121306,0.0676926511120694,2.32,3331346.0,3331346.0,0.758253198854294,4.033925625,-1062102.0,,0.25,56.0
0x6c9642cecce5e5be659f7a48ece29bf541da959f,0.023830036533677407,0.002557594,0,500.0,2,1764860719,-0.0010020040080160326,-0.0020040080160320653,-0.0010020040080160326,-0.0010020040080160326,-0.002834095315376946,0.0,-0.0010020040080160326,0.0,1.0,,-0.0010020040080160326,0.0,-0.0010020040080160326,,,-0.007400000000000006,0,0.07268341763133024,,-0.0010020040080160326,0.0,0.0,85800840.0,85800840.0,19.4311221023453,0.0,81385200.0,0.0,,0.0
0x6b406869d0a453331a55eaa8a6a7d7ea81a06ec9,0.02382967272118035,0.0025542413,0,128.07564,1,1764836477,0.003006012024048209,0.0040080160320642415,0.003006012024048209,0.003006012024048209,0.0040080160320642415,-0.09231206802321255,0.003006012024048209,-0.09049396910786246,0.0,,0.003006012024048209,-0.00279396910786244,0.003006012024048209,-0.08558190957810154,-0.08848190957810154,,1,0.07268341763133024,-0.004437898070927439,0.003006012024048209,0.005191403071675898,17.661,13799434.0,13799434.0,3.1423783496736117,15.484143937855116,9408036.0,,0.772,452.0
0xb5e37437b86ef4f3b4100e72c2c294455f2ea274,0.023829672468534666,0.002554239,0,509.98666499999996,5,1764832795,-0.03507013765916923,-0.03607214166718526,-0.03507013765916923,-0.03507013765916923,-0.07706145934866321,0.0,-0.03507013765916923,0.0,0.0,,-0.03507013765916923,0.0,-0.03507013765916923,,,-0.2673999688351478,0,0.07268341763133024,,-0.03507013765916923,0.09387831590643778,24.1849995,4486896.0,4486896.0,1.0226040153920628,36.7440431764706,99180.0,,0.17857142857142858,28.0
0xe12af4de7864b40baf81462901885728cae0d017,0.02382909449784318,0.0025489125,0,5.490376,8,1764444851,-2.5691221350250915e-05,-0.0006353375086551228,-2.5691221350250915e-05,-2.5691221350250915e-05,-0.02413501184738886,0.0,-2.5691221350250915e-05,0.0,0.0,-0.06747698005283745,-0.007401821274152168,0.0,-0.014777951326954085,,,-0.5403601099409243,2,0.07268341763133024,0.025713965629841618,-2.5691221350250915e-05,0.023821553788208792,1.089989,7177199.0,7177199.0,1.7944020309157622,1.091442552238806,3177427.0,0.0,0.0,48.0
0x9b8342b6eb9ee38acb1a4d75c5609b99cb531595,0.023829084240673298,0.002548818,0,29.245000000000005,9,1764560936,-0.316633266533066,-0.3169672678690714,-0.316633266533066,-0.316633266533066,-0.9509018036072142,0.0,-0.316633266533066,0.0,0.0,-0.006666666666666442,-0.31674460031173446,0.0,-0.3168559340904029,,,-0.022115378413935634,1,0.07268341763133024,0.054023070450040546,-0.316633266533066,0.040757868648868344,4.345,3525880.0,3525880.0,0.8566575563728283,4.270655172413793,-589977.0,,0.09090909090909091,33.0
0x44c1dfe43260c94ed4f1d00de2e1f80fb113ebc1,0.023828997181222625,0.0025480157,0,608602.901157,62,1764818261,-1.0455582954114975e-18,0.00019881874440029918,-1.0455582954114975e-18,-1.0455582954114975e-18,0.0014804499962765096,-0.018115749152523473,-1.0455582954114975e-18,-0.017031854923458642,0.0,101.77574645531108,0.0006167437475344907,-0.011860433555401794,0.0012334874950689825,-0.030704120479257583,-0.03122418755103745,,2,0.07268341763133024,-0.0005728784084673975,-1.0455582954114975e-18,0.0,0.0,59629288.0,59629288.0,13.63521756011984,0.0,55256106.0,0.0,,0.0
0xdc814e7371182f4752a14363ddf85b038f824f06,0.02382856236862882,0.0025440084,0,3002.0,4,1764866083,-0.0007157171485828804,-0.001574577726882337,-0.0007157171485828804,-0.0007157171485828804,-0.0035404701857075257,0.0,-0.0007157171485828804,0.0,0.0033222591362126247,0.0,-0.0007157171485828804,0.0,-0.0007157171485828804,,,-0.016100000000000024,1,0.07268341763133024,-0.012955539118896034,-0.0007157171485828804,0.1929556723739276,15.467777,26562333.0,26562333.0,6.008212840341244,166.22146099999998,22141329.0,,0.38823529411764707,169.0
0x04a6b66b39da6206356b37d2447962c256f69f87,0.023828416674919566,0.0025426657,0,2.899996,2,1764927049,0.002004637729723299,0.0030066417377393314,0.002004637729723299,0.002004637729723299,0.004252033522707973,-0.08769027009292232,0.002004637729723299,-0.09119479394288399,0.0,,0.002004637729723299,0.0013053377138785402,0.002004637729723299,0.001809729907077807,-0.09019027605883197,,1,0.07268341763133024,-0.02365521037156045,0.002004637729723299,0.09067882854604029,26.4999745,6577307.0,6577307.0,1.467503575436694,52.68946470833333,2095337.0,,0.7083333333333334,24.0
0x4377f429e3979a09b1bdae23ee84d35fa260b67f,0.023828343487337728,0.0025419912,0,21.151,2,1764861239,0.0,0.0010020040080160326,0.0,0.0,0.0014170476576884727,-0.09320149772365692,0.0,-0.09288439910321714,0.0,,0.0,-0.0022030037555799253,0.0,-0.003100000000000003,-0.09088139534883721,,1,0.07268341763133024,-0.009691829608138438,0.0,0.1251889702350343,12.369994,33106366.0,33106366.0,7.496640973153147,158.07199663380283,28690206.0,0.0,0.7115384615384616,50.0
0x037b0a310066a10cd62f45de8696503ad4d147f4,0.023828310038892145,0.002541683,0,2499.6190420000003,12,1764825471,-8.522045297987922e-10,-9.942386180985907e-10,-8.522045297987922e-10,-8.522045297987922e-10,-2.6407607922365414e-06,0.0,-8.522045297987922e-10,0.0,0.0,-56.41268691199996,-0.0012646038441741071,0.0,-0.0025292068361436842,,,0.22580000144959508,1,0.07268341763133024,-0.010114486567274384,-8.522045297987922e-10,0.0,0.0,4197496.0,4197496.0,0.9582466592031033,0.0,-182896.0,,,0.0
0x5d18de8624ba5b526628259768def39c291f0af4,0.02382822161799528,0.002540868,0,2000.0,2,1765050089,0.0,-0.0010020040080160326,0.0,0.0,-0.001417047657688473,0.0,0.0,0.0,1.0,,0.0,0.0,0.0,,,0.0,0,0.07268341763133024,,0.0,0.1243238989375938,1.38,8326571.0,8326571.0,1.8081548139960608,1.5462356363636365,3721561.0,,0.2222222222222222,9.0
0xbe231eaf5bd1738b5a59ebef369529ce2a73910a,0.023828067842186513,0.0025394508,0,1014.105302,8,1764828043,-8.285663332080299e-08,-8.787824746145771e-08,-8.285663332080299e-08,-8.285663332080299e-08,-5.551488508574244e-05,0.0,-8.285663332080299e-08,0.0,0.0,-32.47970082999999,-0.004027654097519896,0.0,-0.00805522533840647,,,-0.23034922079119888,1,0.07268341763133024,-0.005288728596095685,-8.285663332080299e-08,0.13169937933828366,2.9734615,2486166.0,2486166.0,0.5672339540092047,8.417559485714285,-1896798.0,,0.4666666666666667,15.0
0x301fd29c7758dadbcf2ab807b92c9d4434eb9059,0.02382793094286844,0.002538189,0,2.719996,2,1764850883,0.0010024098908011075,0.00200441389881714,0.0010024098908011075,0.0010024098908011075,0.0028346693203163327,-0.09119955320337299,0.0010024098908011075,-0.09029654507517798,0.0,,0.0010024098908011075,0.0010033890567776574,0.0010024098908011075,0.0010035359390259105,-0.09029654507517798,,1,0.07268341763133024,-0.0074945226458834864,0.0010024098908011075,0.13424470720923537,1.399998,5723540.0,5723540.0,1.2990909264234178,27.508452857142856,1317736.0,,0.9047619047619048,21.0
0x668d85d791049bf0100e557a72c7ed4dc97297d2,0.023827910126357297,0.0025379972,0,7280.392019,12,1764834963,0.0002567900240462393,0.0003843351155732455,0.0002567900240462393,0.0002567900240462393,0.002148977288721362,-0.024697212251375972,0.0002567900240462393,-0.024752006552894668,0.0,0.7999975737142817,0.00044895480394528035,0.0003987059272556065,0.0006411195838443213,0.002740826283555051,-0.08855917371644498,0.005699999999999083,1,0.07268341763133024,-0.00432501980674053,0.0002567900240462393,0.1922638425442033,7.9399995,54647950.0,54647950.0,12.448609120423228,86.73115985,50258066.0,0.0,0.4,10.0
0x58cc52507f4169ec8cd277c561c06eb36d3b9b12,0.02382787541536969,0.0025376773,0,250.0,2,1764855451,-0.003006012024048098,-0.0040080160320641305,-0.003006012024048098,-0.003006012024048098,-0.005668190630753891,0.0,-0.003006012024048098,0.0,0.0,,-0.003006012024048098,0.0,-0.003006012024048098,,,-0.02400000000000002,0,0.07268341763133024,,-0.003006012024048098,0.11816742552786694,1.0,7506457.0,7506457.0,1.7020008743026664,2.4307363103448276,3096085.0,,0.07692307692307693,26.0
0x34a9b8ab09d930e9b14d01875e2364e3896a9e88,0.023827726946876782,0.002536309,0,18589.301484,17,1764819437,-0.011612605655634689,-0.012614609663650724,-0.011612605655634689,-0.011612605655634689,-0.03969690497679859,0.0,-0.011612605655634689,0.0,0.0,,-0.011612605655634689,0.0,-0.011612605655634689,,,0.19589999943652864,0,0.07268341763133024,,-0.011612605655634689,0.016769937618324314,9.6069,14558260.0,14558260.0,3.328090659246454,100.85409572418739,10183902.0,,0.425414364640884,177.0
0x28b397ff9c7b42611bed6845854fb1d7797d7af3,0.02382764630893114,0.0025355658,0,902.595196,7,1764835069,-0.0029205540468726717,-0.003754998634244455,-0.0029205540468726717,-0.0029205540468726717,-0.00742608567436379,-0.007633788843080801,-0.0029205540468726717,-0.007406523403083584,0.0,-0.13386842000000304,-0.002962443781039076,0.00016873741730841525,-0.0030043335152054795,-0.08515129201832253,-0.08858190254919572,-0.021450002624400083,1,0.07268341763133024,-0.004139152589771107,-0.0029205540468726717,0.0,0.0,3587056.0,3587056.0,0.8170988999974943,0.0,-802934.0,,,0.0
0x7d0c9f5642d77c1fb43fa41e9ab60e2da39db629,0.023827548720194453,0.0025346663,0,139.58,2,1764937153,0.002004008016031954,0.0030060120240479864,0.002004008016031954,0.002004008016031954,0.004251142973065261,-0.08840971613147514,0.002004008016031954,-0.09160000000000013,0.0,,0.002004008016031954,-0.00010000000000012272,0.002004008016031954,0.0023090338685248487,-0.08959096613147513,,1,0.07268341763133024,-0.025799048682358442,0.002004008016031954,0.02069839253217707,70.6805,17383355.0,17383355.0,3.8697837569016005,50.80185555555555,12891281.0,,0.0625,64.0
0xb6f59a265e83fb916f4566f3df9328eaa8954c56,0.02382753315857847,0.002534523,0,23.985752,12,1764835715,0.0002862723372279913,0.0004293831454858324,0.0002862723372279913,0.0002862723372279913,0.001611219788557792,-0.051584898309753054,0.0002862723372279913,-0.05183926195941055,0.0,-0.007025533999999888,3.568155742307306e-05,0.0003446861824164143,-0.0002149092223818452,-0.019438416826423246,-0.08896344178135715,,2,0.07268341763133024,-0.00427621905342664,0.0002862723372279913,0.03171677283341399,1.9999975,2239110.0,2239110.0,0.5099739536595609,1.96633153,-2151526.0,0.0,0.3695652173913043,45.0
0xd397acf3fa08ce6d2439310b8061ba7d058bbd21,0.02382737873028714,0.0025330996,0,500.0,2,1764864077,-0.0010020040080160326,-0.0020040080160320653,-0.0010020040080160326,-0.0010020040080160326,-0.002834095315376946,0.0,-0.0010020040080160326,0.0,1.0,,-0.0010020040080160326,0.0,-0.0010020040080160326,,,-0.007700000179101818,0,0.07268341763133024,,-0.0010020040080160326,0.001376616493679911,1.999999,80006084.0,80006084.0,18.105028334477634,2.3900039572446556,75587086.0,0.0,0.30319634703196346,1058.0
0xd8a9d7ab4633cdbfd4f7c8c2f5c75eaecc7cf1e6,0.02382736160252437,0.0025329418,0,1.683,2,1764922121,0.0010020040080160326,0.0020040080160320653,0.0010020040080160326,0.0010020040080160326,0.002834095315376946,-0.09169699248246055,0.0010020040080160326,-0.09320300840426994,0.0,,0.0010020040080160326,-0.0010030075221973812,0.0010020040080160326,0.000503007517539451,-0.0911969933645331,,1,0.07268341763133024,-0.022609601187513286,0.0010020040080160326,0.11649170903507354,26.9999745,6496955.0,6496955.0,1.4511713314282064,69.03043911111111,2019913.0,,0.6666666666666666,18.0
0x8d13c7a6b01bf8612a160d41add62005857dc3dc,0.023827341342265926,0.002532755,0,683.9586919999999,7,1764826167,-0.007614455147005294,-0.007948457118808832,-0.007614455147005294,-0.007614455147005294,-0.01980022160093027,0.0,-0.007614455147005294,0.0,0.0,0.06058958794141897,-0.007595645210155246,0.0,-0.0075768352733051976,,,0.09864127967303549,1,0.07268341763133024,-0.002442583791954326,-0.007614455147005294,0.0,0.0,47983066.0,47983066.0,10.952317323915885,0.0,43601978.0,0.0,,0.0
0xffb0b9b292e406fd250854a35a0c9bd5612afa37,0.02382728541191401,0.0025322395,0,806.045464,4,1764819249,0.006513278428505742,0.007515282436521774,0.006513278428505742,0.006513278428505742,0.015030312022398356,-0.08660958752602502,0.006513278428505742,-0.08409823026032119,0.0,,0.006513278428505742,-0.08249823026032119,0.006513278428505742,-0.08307579814782592,-0.08207579814782592,,1,0.07268341763133024,-0.0007825094705288007,0.006513278428505742,0.0,0.0,27007785.0,27007785.0,6.1743793679715235,0.0,22633615.0,,,0.0
0x7a2fe3f06cb2f36421f7527f4ec38285616a73a9,0.023827101226642455,0.002530542,0,1000.0,2,1765061457,0.0,-0.0010020040080160326,0.0,0.0,-0.0014170476576884727,0.0,0.0,0.0,1.0,,0.0,0.0,0.0,,,-1.1102230246251566e-17,0,0.07268341763133024,,0.0,0.1040000563200807,0.999999,26570269.0,26570269.0,5.755652808327221,1.470587294117647,21953891.0,,0.1111111111111111,17.0
0x06e0ec273b20d2be0eb2c76cb137cd70d1757934,0.023827092081833187,0.0025304577,0,93.69999999999999,3,1764630270,0.005678022712090851,0.006012024048096196,0.005678022712090851,0.005678022712090851,0.010413131107628527,-0.025856184582441863,0.005678022712090851,-0.02458602388770022,0.0,-88.29999999999998,-0.06805277221108881,0.005180642778966446,-0.14178356713426846,-0.06929983999783784,-0.07273045114204457,0.05001646228920289,1,0.07268341763133024,-0.004020333364311203,0.005678022712090851,0.10358283045541433,25.71495,5057124.0,5057124.0,1.2083376839910054,160.98081448834745,871933.0,,0.3386243386243386,188.0
0x448861155279dbf833d041b963e3ac854599e319,0.023826939348867336,0.00252905,0,32011.81614,7,1764820867,1.3331797430689911e-17,0.001002004008016046,1.3331797430689911e-17,1.3331797430689911e-17,0.0019447987752488952,-0.09353255588793392,1.3331797430689911e-17,-0.0932183156748498,0.0,,1.3331797430689911e-17,-0.09085768175893569,1.3331797430689911e-17,-0.09085982142857144,-0.09061428838754333,,1,0.07268341763133024,-0.0011258121612325966,1.3331797430689911e-17,0.0,0.0,36291512.0,36291512.0,8.293708927397763,0.0,31915724.0,0.0,,0.0
0x6eced80c49d74235b1f2b364549f7b70bde73a17,0.023826877760819556,0.0025284823,0,1.002,2,1764916901,0.0010020040080160326,0.0020040080160320653,0.0010020040080160326,0.0010020040080160326,0.002834095315376946,-0.09339699321720536,0.0010020040080160326,-0.09230000000000001,0.0,,0.0010020040080160326,-0.0001000000000000001,0.0010020040080160326,0.0007030075175394623,-0.09129699248246055,,1,0.07268341763133024,-0.021502036264476318,0.0010020040080160326,0.09414906826917907,1.299699,5286705.0,5286705.0,1.1822261708985733,28.34650257575758,814883.0,,0.8611111111111112,32.0
0xabdea390d893f4bc70cf9308f2f35a15616048c4,0.023826877760819556,0.0025284823,0,1.3225,2,1764927679,0.0010020040080160326,0.0020040080160320653,0.0010020040080160326,0.0010020040080160326,0.0028340953153769455,-0.08799699248246066,0.0010020040080160326,-0.09259999978788554,0.0,,0.0010020040080160326,-0.0001000000000000001,0.0010020040080160326,0.0008029138934402114,-0.09159699227034608,,1,0.07268341763133024,-0.023788882000202842,0.0010020040080160326,0.08838654630889506,1.309926,5359044.0,5359044.0,1.1955213492169723,22.855662487804878,876444.0,,0.8292682926829268,41.0
0x110a3d1a86ef4e3cdf905ec92a5d284e59cd38a8,0.02382685896613861,0.0025283091,0,50.0,2,1764823853,-0.01903807615230462,-0.02004008016032065,-0.01903807615230462,-0.01903807615230462,-0.028340953153769454,0.0,-0.01903807615230462,0.0,0.0,,-0.01903807615230462,0.0,-0.01903807615230462,,,0.12709999999999988,0,0.07268341763133024,,-0.01903807615230462,0.0,0.0,15666827.0,15666827.0,3.577902627539124,0.0,11288053.0,,,0.0
0xad06035a5529de3e750239bc334f7ab1f28d2dfa,0.02382657689609181,0.0025257093,0,12494.598680000003,37,1764709495,0.0,0.0003210009915415557,0.0,0.0,0.0009458814630818987,-0.02981981274357627,0.0,-0.029630772071930607,0.0,-160.34695745025004,-0.004190850104309818,-0.0009806558693385944,-0.008381700208619636,-0.0002000000000000002,-0.0908,-0.9745000051138443,3,0.07268341763133024,0.02208679659548971,0.0,0.0,0.0,3184306.0,3184306.0,0.7467156112349265,0.0,-1080110.0,,,0.0
0xe1055b4b4c1342281bf5cba7d18074f8126f9cb3,0.023826563835968838,0.002525589,0,2673.0,1,1764823631,0.009018036072144294,0.010020040080160325,0.009018036072144294,0.009018036072144294,0.010020040080160325,-0.08796962057523391,0.009018036072144294,-0.08089368169331998,0.0,,0.009018036072144294,-0.08159367201331881,0.009018036072144294,-0.08226001821811463,-0.07886330226855379,,1,0.07268341763133024,-0.0017122699097525547,0.009018036072144294,0.0,0.0,43293788.0,43293788.0,9.887695292873078,0.0,38915236.0,0.0,,0.0
0x3f7aee8f1fafcd873343105b24f83f3f98a9248e,0.02382654562254015,0.002525421,0,69617.56016000001,144,1764487551,-0.0012597063077333973,-0.0014564100840101127,-0.0012628909215185223,-0.0012692601490887727,-0.01162841231228602,0.0,-0.0012692601490887727,0.0,0.019260741675782775,-369.33471999999955,-0.002921051317153865,0.0,-0.004576027099004082,,,0.08879999999999982,1,0.07268341763133024,-0.0017390042354810333,-0.0012628909215185223,0.0,0.0,18158209.0,18158209.0,4.491857704889483,0.0,14115737.0,0.0,,0.0
0xee292e8cbca9cf11b394a98f0ee6904c00e389d8,0.02382654286905489,0.0025253957,0,1351.9016230000004,42,1764522528,-2.4026087329682154e-06,-2.4104603954942552e-06,-2.4026087329682154e-06,-2.4026087329682154e-06,-0.0014914700768807498,0.0,-2.4026087329682154e-06,0.0,0.0,-1.8692640251999995,-0.00770434965844342,0.0,-0.015406296708153872,,,-1.0388431458064642,3,0.07268341763133024,0.061697943705997106,-2.4026087329682154e-06,0.0,0.0,2516005.0,2516005.0,0.6170537019592397,0.0,-1561444.0,,,0.0
0xc89bf85a767f21317c55b54c71bd5d854f9c3fa6,0.02382646766618749,0.0025247026,0,16.032,2,1764889893,0.0010020040080160326,0.0020040080160320653,0.0010020040080160326,0.0010020040080160326,0.002834095315376946,-0.09270300751772755,0.0010020040080160326,-0.09139999999999988,0.0,,0.0010020040080160326,1.113562039844431e-16,0.0010020040080160326,0.0010030075175394627,-0.09039699248246054,,1,0.07268341763133024,-0.015771554762295775,0.0010020040080160326,0.15068545521404889,7.499992499999999,30686032.0,30686032.0,6.903783150431042,25.483933045454545,26241218.0,,0.7058823529411765,17.0
0xc6550dd20bbb7b7a80c70d66e691cbe41f35c1ee,0.02382606748068856,0.002521014,0,500.0,4,1764844907,0.0,0.0,0.0,0.0,0.0,0.0,0.0,0.0,0.0,-0.5000000000000004,-0.00025050100200400816,0.0,-0.0005010020040080163,,,-0.023699998666350464,1,0.07268341763133024,-0.006296994594998304,0.0,0.03200608273586001,0.999999,4400852.0,4400852.0,1.0002327363706036,1.1713279838709676,1024.0,,0.6585365853658537,40.0
0xd7c0f5c990284b78fb1df4d8ccf558a63d3b55ff,0.023826055633357678,0.0025209049,0,3070.999882,10,1764827873,5.273630857186086e-05,0.0001054726171437217,5.273630857186086e-05,5.273630857186086e-05,0.0004597477245489088,0.0,5.273630857186086e-05,0.0,0.0,-118.4999655890001,-0.0030719372213001074,0.0,-0.006196610751172076,,,-0.06509846387808157,1,0.07268341763133024,-0.019879305128195336,5.273630857186086e-05,0.19668145694675707,0.75,32948834.0,32948834.0,7.517769258605355,22.637154530303025,28566040.0,0.0,0.12195121951219512,41.0
0x8451cc7432297702589d9021fac6c6e8d7b23cb1,0.0238259519884032,0.0025199496,0,2.599996,2,1764902333,0.0030061072176492624,0.0040081112256652954,0.0030061072176492624,0.0030061072176492624,0.00566832525483571,-0.09069386463899551,0.0030061072176492624,-0.09038792692491317,0.0,,0.0030061072176492624,0.0020120920517055305,0.0030061072176492624,0.0036182149307927213,-0.08938180406985012,,1,0.07268341763133024,-0.01841103898501223,0.0030061072176492624,0.10658663059791892,1.299998,6639207.0,6639207.0,1.4895285303462624,45.722618,2181953.0,,0.78125,32.0
0xc6dd722558dbfbd8fa780efcbe819ed8c6604b9f,0.023825791709660142,0.0025184723,0,311021.27684799983,136,1764818841,-0.0013594616631663684,-0.0015536704721901384,-0.0013594616631663684,-0.0013594616631663684,-0.004785266305716135,-0.016416075046681057,-0.0013594616631663684,-0.01582831490707494,0.0,46.616125603282,-0.00021355430087037822,0.0022717286806035685,0.0009323530614256119,-0.06267546390252408,-0.06386164606214849,0.10728000002905308,1,0.07268341763133024,-0.0006959411776937273,-0.0013594616631663684,0.0,0.0,17736226.0,17736226.0,4.055142003611536,0.0,13362464.0,0.0,,0.0
0xd4231d77c680681be8b41a71276dec2dd1669c16,0.023825641384564084,0.0025170867,0,11.940000000000001,3,1764819437,0.013026052104208385,0.01402805611222442,0.013026052104208385,0.013026052104208385,0.02429730591779983,-0.08111142298490441,0.013026052104208385,-0.07910197767775756,0.0,,0.013026052104208385,-0.07780197757934953,0.013026052104208385,-0.07647620628783171,-0.07637620628783169,,1,0.07268341763133024,-0.0008223987819331972,0.013026052104208385,0.0,0.0,24567547.0,24567547.0,5.616263460832424,0.0,20193189.0,0.0,,0.0
0xdfe3fedc5c7679be42c3d393e99d4b55247b73c4,0.02382559889661022,0.002516695,0,37708.232098,37,1764826479,-3.342647465861015e-05,-5.013971198791614e-05,-3.342647465861015e-05,-3.342647465861015e-05,-0.0003882274811473022,-0.01810093684623474,-3.342647465861015e-05,-0.017595956540394732,0.0,36.73503833981258,0.0024224401080783116,0.01152759654660556,0.004878306690815234,-0.0557536300098543,-0.05831516514766401,0.20209996099827032,1,0.07268341763133024,-0.0023445579309499046,-3.342647465861015e-05,0.0,0.0,43191939.0,43191939.0,9.858022321632355,0.0,38810539.0,0.0,,0.0
0xc02147dee42356b7a4edbb1c35ac4ffa95f61fa8,0.02382530112936224,0.0025139505,0,11587.225735000002,22,1764446191,-0.0070875898336696394,-0.0075723357934214305,-0.0070875898336696394,-0.007109641309758736,-0.03427121415685784,0.0,-0.007131692785583216,0.0,0.14308272672362352,-489.3429761885001,-0.0663458665970933,0.0,-0.12560414336051695,,,-0.15227198740488987,2,0.07268341763133024,0.043205853035046156,-0.0070875898336696394,0.0,0.0,60157321.0,60157321.0,15.03515047816707,0.0,56156209.0,0.0,,0.0
0xf9e198e8b135c95d8773a002ca086cd075cfcdae,0.023825246668761884,0.0025134485,0,2.959996,2,1764931639,0.0010020526567281233,0.0020040566647441557,0.0010020526567281233,0.0010020526567281233,0.0028341641150453757,-0.08387508602753045,0.0010020526567281233,-0.08999994644742108,0.0,,0.0010020526567281233,6.326286185112245e-08,0.0010020526567281233,0.0006030617409109233,-0.08899693885668909,,1,0.07268341763133024,-0.024629103665955023,0.0010020526567281233,0.11955748575022959,1.779946,6573161.0,6573161.0,1.4650781445026926,57.44034252173914,2086601.0,,0.8260869565217391,23.0
0x44e8fadb6ced502626737738fcdf350bae823cdd,0.023825205166632665,0.002513066,0,2.0,2,1764874943,-0.0010020040080160326,-0.0020040080160320653,-0.0010020040080160326,-0.0010020040080160326,-0.002834095315376946,0.0,-0.0010020040080160326,0.0,1.0,,-0.0010020040080160326,0.0,-0.0010020040080160326,,,-0.007700000896399994,0,0.07268341763133024,,-0.0010020040080160326,0.11069999810282632,19.9962,56512338.0,56512338.0,12.757127081102263,39.76540778181819,52082474.0,0.0,0.3939393939393939,33.0
0xf748abb6bdfde35109e1716bb8c6d3dafcc67697,0.02382520180705986,0.002513035,0,30.004976,4,1764846315,3.354209698232574e-07,6.707999002940753e-07,3.354209698232574e-07,3.354209698232574e-07,3.6665687363286375e-05,-0.04561519353917652,3.354209698232574e-07,-0.0451635385638938,0.0,0.007510941369621459,0.00012555969435282512,0.00040170739336857633,0.000250783967735827,-0.08839685403278186,-0.09029685403278187,,1,0.07268341763133024,-0.0065252972496319785,3.354209698232574e-07,0.008949873248019952,4.999999,4825826.0,4825826.0,1.0964706277963736,6.460644069620254,424590.0,,0.8071428571428572,140.0
0x8dd1ec3e06f48322b192ab5ccda8227dd221aaaf,0.023825171444625867,0.002512755,0,19.48,6,1764577134,-0.316633266533066,-0.3169672678690714,-0.316633266533066,-0.316633266533066,-0.7764080714432985,0.0,-0.316633266533066,0.0,0.0,0.005000000000000178,-0.31654976619906466,0.0,-0.3164662658650633,,,-0.022243933993336483,1,0.07268341763133024,0.050586224353612805,-0.316633266533066,0.03053244326931907,4.6175,3537018.0,3537018.0,0.8559948984222137,4.304407777777778,-595037.0,0.0,0.11363636363636363,44.0
0x9fd3588cc9e6f9c829cc1d85dfb49405a873b4da,0.023825171444625867,0.002512755,0,68.46,22,1764556396,-0.2588813991619602,-0.25915467298232825,-0.2588813991619602,-0.2588813991619602,-1.2155431623881994,0.0,-0.2588813991619602,0.0,0.0,-0.001249999999999871,-0.25890417198032417,0.0,-0.25892694479868816,,,-0.022372489572737422,1,0.07268341763133024,0.054985930530642414,-0.2588813991619602,0.04436459739797356,4.755,3516136.0,3516136.0,0.8552334933064027,4.540997222222222,-595181.0,0.0,0.10344827586206896,29.0
0x9ad091ca2e8f1bd69f27662edcb49dceeaa5bf3d,0.023825060478081278,0.0025117323,0,39.899193999999994,22,1764825609,-0.00010560818525407844,-0.0001583506718125052,-0.00010560818525407844,-0.00010560818525407844,-0.0007537827618915894,0.0,-0.00010560818525407844,0.0,0.0,0.4600025590000005,0.0005008813048328292,0.0,0.001107370794919737,,,0.07729999999999981,1,0.07268341763133024,-0.002232952729892923,-0.00010560818525407844,0.0,0.0,34012586.0,34012586.0,7.764491054735386,0.0,29632056.0,0.0,,0.0
0x75e765216a57942d738d880ffcda854d9f869080,0.023824927662424725,0.002510508,0,588.898398,15,1764825751,-0.0020441056038737583,-0.00392774604126512,-0.0020441056038737583,-0.0020441056038737583,-0.013380223750440559,0.0,-0.0020441056038737583,0.0,0.03103448275862069,22.270705602285734,-0.0010027278182237547,0.0,3.8649967426248894e-05,,,0.055249999999999924,1,0.07268341763133024,-0.002232952729892923,-0.0020441056038737583,0.0,0.0,33969488.0,33969488.0,7.754401151238897,0.0,29588816.0,0.0,,0.0
0xa9b44dca52ed35e59ac2a6f49d1203b8155464ed,0.023824757488684237,0.0025089395,0,247128.53610199998,84,1764823101,-7.924909176369691e-05,-0.00015849818352739386,-7.924909176369691e-05,-7.924909176369691e-05,-0.0015775776582432446,-0.014222171194949052,-7.924909176369691e-05,-0.013225235801735609,0.27812935506030007,8.664103512765914,0.00012282990608734537,-0.013282780748078739,0.00032490890393838763,-0.09008769176103706,-0.08740208477147594,0.00014999999999911194,1,0.07268341763133024,-0.0015998159999422877,-7.924909176369691e-05,0.0,0.0,48617183.0,48617183.0,11.10482839053801,0.0,44239161.0,0.0,,0.0
0x77a4ba69bfd3a388bce7031900a3fabc105fc84f,0.02382471671991017,0.0025085637,0,1048.285991,15,1764836959,-8.608847970637505e-05,-0.00017217695941275965,-8.608847970637505e-05,-8.608847970637505e-05,-0.0005874044661382638,-0.013500470985555487,-8.608847970637505e-05,-0.013577555681367117,0.479252743277839,-0.26113352666667433,-0.00015832680902632497,0.0001696967799385403,-0.00023056513834627485,-0.032598980921335126,-0.08890256656350268,-0.008049999999999547,3,0.07268341763133024,-0.004540167475698286,-8.608847970637505e-05,0.0,0.0,34639485.0,34639485.0,7.887165632940791,0.0,30247605.0,0.0,,0.0
0x01d8566a61939ce08c946cbc93fbb8a5657e375b,0.02382452040431289,0.0025067541,0,5.3100000000000005,4,1764630732,0.0,0.0,0.0,0.0,0.0,0.0,0.0,0.0,0.0,-4.4350000000000005,-0.1110971943887775,0.0,-0.222194388777555,,,0.024854032638966815,1,0.07268341763133024,-0.0029390784126260704,0.0,0.05100357341805196,1.508771,3843350.0,3843350.0,0.9182199288856482,2.1612015070422532,-342303.0,0.0,0.4852941176470588,68.0
0x89bd2d7fd71c763673bb8fad3525dc3d311301bf,0.023824365894034607,0.00250533,0,4.5,5,1764262957,-0.3333333333333332,-0.33366733466933857,-0.3333333333333332,-0.3333333333333332,-0.5779287795544374,-0.011033333333333332,-0.3333333333333332,-0.0137,0.0,-2.9999999999999996,-0.3338343353373412,-0.015999999999999997,-0.33433533734134924,0.15009661754399428,0.1566966175439943,-0.04016007508759855,1,0.07268341763133024,0.11724996297508064,-0.3333333333333332,0.006463313921394622,0.122016,23079555.0,23079555.0,6.045126376484529,0.6862712384441939,19261677.0,,0.17787418655097614,369.0
0x07622674393cefbea76e60060f65073f98b99529,0.02382419193537349,0.0025037264,0,6000.0,10,1764854363,-0.001670006680026721,-0.0026720106880427537,-0.001670006680026721,-0.001670006680026721,-0.008593383276006974,0.0,-0.001670006680026721,0.0,0.75,,-0.001670006680026721,0.0,-0.001670006680026721,,,-0.007700000000000007,0,0.07268341763133024,,-0.001670006680026721,0.0735141263385445,1.875,17323064.0,17323064.0,3.928770294678229,2.0396367333333334,12913780.0,,0.13793103448275862,29.0
0xa81eefec9c08fa157d855f1ac5caf8feab1903dc,0.02382417695685062,0.0025035883,0,50576.136150000006,18,1764834677,0.0,0.0006292599143688265,0.00031462995718441325,0.0004719449357766199,0.0015881069942310434,-0.0461062704973198,0.0004719449357766199,-0.04483391582751976,0.0,182.0317450000004,0.0020031229055703093,0.006968141960089861,0.003062355939587379,-0.06802570498325464,-0.07144927334236534,,1,0.07268341763133024,-0.004055979131949174,0.0004719449357766199,0.0,0.0,3424274.0,3424274.0,0.7800882905450568,0.0,-965324.0,,,0.0
0xf4d510acfec6ae11cca27b8799b329a3048e79f9,0.023824088854021798,0.0025027762,0,592.5961,20,1764866203,-8.089076424187957e-08,2.0222691060469896e-08,-8.089076424187957e-08,-8.089076424187957e-08,4.501468371038591e-06,-0.04739193128572744,-8.089076424187957e-08,-0.047415082511035045,0.0,-0.7927600000000011,-0.0005010727834267278,-0.002047500381737543,-0.0010020646760892137,-0.0002666668817981993,-0.09082222194506494,,1,0.07268341763133024,-0.010745077170965164,-8.089076424187957e-08,0.0,0.0,1819063.0,1819063.0,0.4114480842428306,0.0,-2602061.0,,,0.0
0xee4ff978e3fd593aaec804a3289940bd1d26a453,0.023823999892714984,0.0025019562,0,3.999996,2,1764587456,-0.9498995523645463,-0.9509015563725624,-0.9498995523645463,-0.9498995523645463,-1.3447778775037618,0.0,-0.9498995523645463,0.0,0.0,,-0.9498995523645463,0.0,-0.9498995523645463,,,-0.022415056887439052,0,0.07268341763133024,,-0.9498995523645463,0.11082586493576738,4.99,4505211.0,4505211.0,1.087590772158111,9.401713301587302,362834.0,,0.3783783783783784,37.0
0xc1b399b26020a4f689108e9640fd3dc8ffc8501c,0.02382368918741113,0.0024990921,0,6494.31276,5,1764818487,0.018307810653622615,0.01930981466163865,0.018307810653622615,0.018307810653622615,0.04205656949809932,-0.07317185891509197,0.018307810653622615,-0.07366202479729272,0.0,,0.018307810653622615,-0.06980673214924885,0.018307810653622615,-0.06195913960421999,-0.06447164734338665,,1,0.07268341763133024,-0.0006208304530280019,0.018307810653622615,0.0,0.0,24161543.0,24161543.0,5.524648740753206,0.0,19788135.0,,,0.0
0x1139d23e84a60d1ed709738cffeb72403aaa82f1,0.023823338148974867,0.0024958563,0,2.038684,2,1764830007,0.018036074110270518,0.01903807811828655,0.018036074110270518,0.018036074110270518,0.026923908276399296,-0.07406307821081881,0.018036074110270518,-0.07260373021947152,0.0,,0.018036074110270518,0.021696270172938494,0.018036074110270518,-0.0677745380097658,-0.0715745380097658,,1,0.07268341763133024,-0.0030651116624888976,0.018036074110270518,0.07121093509977862,0.999998,49058166.0,49058166.0,11.18790684818542,2.1593062686567164,44673238.0,0.0,0.3902439024390244,41.0
0xa49b6ea0a604c581f2a9569db42c192b1c487054,0.023823277883421895,0.0024953007,0,42.42323,6,1764551030,-0.40348169849955556,-0.4043506474405015,-0.40348169849955556,-0.40348169849955556,-0.8801142675050218,0.00015940853282621657,-0.40348169849955556,-0.002496432390395677,0.0,-0.010674999999999962,-0.40353368835464243,-0.0022042966851366116,-0.4035856782097293,0.261,0.2584,-1.3658779290964207,1,0.07268341763133024,0.05612744380381079,-0.40348169849955556,0.0,0.0,50754654.0,50754654.0,12.361242011899314,0.0,46648703.0,0.0,,0.0
0x51373c6b56e4a38bf97c301efbff840fc8451556,0.02382321943658594,0.002494762,0,404.9534,20,1764283203,-0.473788073001676,-0.47479007700969206,-0.473788073001676,-0.473788073001676,-2.5415800888336695,0.0,-0.473788073001676,0.0,0.9990656208837857,,-0.473788073001676,0.0,-0.473788073001676,,,-0.06309461826296772,0,0.07268341763133024,,-0.473788073001676,0.0,0.0,21898227.0,21898227.0,5.705450631610652,0.0,18060103.0,,,0.0
0xde71cb1b32196575da8f8ace492db0b6e9644308,0.02382321905771754,0.0024947585,0,913.711,4,1764869385,0.0007774313702833243,0.0011114327062886685,0.0007774313702833243,0.0007774313702833243,0.0026476764425512785,-0.005376175800133043,0.0007774313702833243,-0.005303806763800446,1.0,1.1290018001799735,0.0009471379902709703,0.00016096989386532137,0.0011168446102586163,0.0036180904218983557,-0.08738190957810166,-1.1102230246251566e-17,1,0.07268341763133024,-0.01624004199410911,0.0007774313702833243,0.0,0.0,3490592.0,3490592.0,0.7889580874378942,0.0,-933714.0,,,0.0
0x7f5ba66cdaa0d30dc395b67ec6292aed8b1cb993,0.023823082513928093,0.0024934998,0,85.41,10,1764825503,0.004240068944820914,0.004574539548597252,0.004240068944820914,0.004240068944820914,0.016375027578630283,-0.05600080310310002,0.004240068944820914,-0.05318953386774331,0.0,0.14225000000000051,0.004657277322470723,-0.05165566191997664,0.005074485700120534,-0.07575289538451993,-0.07625289538451996,,1,0.07268341763133024,-0.00210946560628995,0.004240068944820914,0.16428829654130203,1.0965799999999999,4188228.0,4188228.0,0.9561238820716899,19.60037314336918,-192196.0,,0.4634146341463415,37.0
0x54e891b9a1a79eaaf7b3e8cc74364821f18a0fe0,0.023823061145879194,0.0024933028,0,21.691961,2,1764718115,-0.9228456894426839,-0.9238476934507,-0.9228456894426839,-0.9228456894426839,-1.3065179376450813,0.0,-0.9228456894426839,0.0,0.0,,-0.9228456894426839,0.0,-0.9228456894426839,,,-1.0370815941762972,0,0.07268341763133024,,-0.9228456894426839,0.026779465530333883,33.629799500000004,46695791.0,46695791.0,10.92801254190229,59.402644872549025,42422755.0,0.0,0.46987951807228917,79.0
0x1440ca8ac6367f37f7f700087da24bfe0c5b7712,0.023822920435470945,0.0024920057,0,5.28,1,1764828587,-0.032064128256513044,-0.03306613226452908,-0.032064128256513044,-0.032064128256513044,-0.03306613226452908,0.0,-0.032064128256513044,0.0,0.0,,-0.032064128256513044,0.0,-0.032064128256513044,,,-0.2582000000000002,0,0.07268341763133024,,-0.032064128256513044,0.02301011638589754,4.999999,14224674.0,14224674.0,3.2450434674694333,22.078115201072386,9841166.0,,0.5063291139240507,156.0
0x957eca7980eee1145348d0c66b0ae93ab5125758,0.023822851532877855,0.0024913705,0,6606.58,6,1764834693,-0.00992185655485234,-0.010923860562868369,-0.00992185655485234,-0.00992185655485234,-0.026366762028233015,0.0,-0.00992185655485234,0.0,0.0,,-0.00992185655485234,0.0,-0.00992185655485234,,,-0.13510000000000008,0,0.07268341763133024,,-0.00992185655485234,0.09901512824009824,24.7889995,5135974.0,5135974.0,1.170028617550427,65.60491515517242,746360.0,,0.2222222222222222,27.0
0xe1b361d6a6f237b9ed7534d19b232df8369e1426,0.023822812838398356,0.0024910138,0,2160.696746,8,1764833825,0.021004970031348616,0.02200697403936465,0.021004970031348616,0.021004970031348616,0.056247632917914576,-0.07145423904984013,0.021004970031348616,-0.06889552817350453,0.0,,0.021004970031348616,0.021343342493767202,0.021004970031348616,-0.06403312806001155,-0.0667655338715045,,1,0.07268341763133024,-0.003875204167499462,0.021004970031348616,0.0,0.0,26683517.0,26683517.0,6.079986629438113,0.0,22294771.0,,,0.0
0x75355768575e9247efd826de58447759d6355ec3,0.023822695391430733,0.0024899312,0,1.683,2,1764928619,0.0010020040080160326,0.0020040080160320653,0.0010020040080160326,0.0010020040080160326,0.002834095315376946,-0.08899699248246055,0.0010020040080160326,-0.09360300730561309,0.0,,0.0010020040080160326,-0.0011030075177275434,0.0010020040080160326,0.0008030075175394625,-0.09159699227034608,,1,0.07268341763133024,-0.023988328557224825,0.0010020040080160326,0.2373533898847155,1.679634,6578835.0,6578835.0,1.4673305022370715,43.85124013333333,2095295.0,,0.4666666666666667,15.0
0xf434e8aee8c7f83ed0d7e36f281383ee1d99c6aa,0.02382239826575365,0.0024871922,0,4859.816220000001,50,1764828753,-0.0002808517000725453,-0.0003734237234691115,-0.0002808517000725453,-0.0002808517000725453,-0.0029889192666159117,-0.03142790663102317,-0.0002808517000725453,-0.03052621671614821,0.0,3.836730769230783,0.0019306497066263622,0.012544457415811016,0.0041421511133252695,-0.060104884224328865,-0.06499980396521296,-0.03209999999999913,1,0.07268341763133024,-0.00279904146833404,-0.0002808517000725453,0.0,0.0,2686706.0,2686706.0,0.612889097136329,0.0,-1696968.0,,,0.0
0x3d85c79bc5bf1dfab707ac020becde0d37e46437,0.02382236156729582,0.0024868539,0,105.64942799999997,50,1764833581,-0.0023650758862358593,-0.003153434514981146,-0.0023650758862358593,-0.0023650758862358593,-0.005027726343212529,-0.008106575383482022,-0.0023650758862358593,-0.007738535602518332,0.0,-0.005220062608695582,-0.0024124024609645553,0.0019139114858539186,-0.0024597290356932508,-0.06952694611297196,-0.0713922172559038,-0.013198808854438271,1,0.07268341763133024,-0.003823432933549075,-0.0023650758862358593,0.0,0.0,2893699.0,2893699.0,0.6593819485555663,0.0,-1494803.0,0.0,,0.0
0xe76b2b581fbbe489b23faccaeca1387ade0ae02a,0.023822356162297068,0.002486804,0,2.0,2,1764865009,-0.0010020040080160326,-0.0020040080160320653,-0.0010020040080160326,-0.0010020040080160326,-0.002834095315376946,0.0,-0.0010020040080160326,0.0,1.0,,-0.0010020040080160326,0.0,-0.0010020040080160326,,,-0.008000000000000007,0,0.07268341763133024,,-0.0010020040080160326,0.0,0.0,33506851.0,33506851.0,7.580855579160756,0.0,29086921.0,,,0.0
0xb6a27b5164f83c5ab7a42a5cf85abd0bcf030cb0,0.023821764650503605,0.0024813511,0,206.37909199999999,3,1764612736,-0.9389688513850214,-0.9399708553930373,-0.9389688513850214,-0.9389688513850214,-1.397420096956336,0.0,-0.9389688513850214,0.0,0.0,,-0.9389688513850214,0.0,-0.9389688513850214,,,0.005215930978387337,0,0.07268341763133024,,-0.9389688513850214,0.10971497425370383,9.712399999999999,6395166.0,6395166.0,1.5344751259520637,54.28653614157706,2227509.0,,0.45454545454545453,99.0
0x902cee1355f008cbbe8492ac410c721b415eef98,0.02382169181118654,0.0024806797,0,83.790316,4,1764834135,2.2183221273905024e-06,2.7402788639812457e-06,2.2183221273905024e-06,2.2183221273905024e-06,0.00024012768413436626,-0.0360606857406549,2.2183221273905024e-06,-0.035147247434916394,0.0,0.3605709747460861,0.0021312053050216834,0.007279973500150678,0.004260192287915977,-0.06755299403983797,-0.06925299403983796,,1,0.07268341763133024,-0.003940979095879052,2.2183221273905024e-06,0.19627526905354575,3.9999995,4139919.0,4139919.0,0.9432367689088497,8.422326555555555,-249137.0,,0.14285714285714285,14.0
0x9c632cabea7a71a5d0d707341be7d2a5d5e4ab50,0.023821371234902477,0.0024777243,0,284.341099,9,1764264763,6.011452901500313e-08,4.964458191500636e-06,6.011452901500313e-08,6.011452901500313e-08,0.0022202786632351543,-0.024850120540527765,6.011452901500313e-08,-0.028850140538627764,0.0,1.9350287128571555,0.0015269566389284014,-0.032100156876184456,0.0030538531633277875,0.0879000072171,0.0943000073953,,1,0.07268341763133024,0.11686677097297245,6.011452901500313e-08,0.025765451316068305,28.76133,43475371.0,43475371.0,11.381928714521933,113.08741181168831,39655687.0,0.0,0.5448717948717948,156.0
0xb5bd8340ed92f80da6f7863de69f39e9870d76ba,0.023821295189259063,0.0024770233,0,713.489992,6,1764830935,0.0012377495428601394,0.0016503327238135196,0.0012377495428601394,0.0012377495428601394,0.0035483560432758303,-0.02711920169278133,0.0012377495428601394,-0.02605329248618438,0.0,-4.099997701333337,-0.0005747194846789153,0.0006523742691680562,-0.00238718851221797,-0.08488191142971693,-0.08858190957810166,-0.2108000078651326,1,0.07268341763133024,-0.004208322353163838,0.0012377495428601394,0.05027177273490916,19.804740000000002,4641661.0,4641661.0,1.05832498832611,43.09167888425926,255805.0,,0.5169491525423728,118.0
0x122cdd9db64fd8dc3ebab813218e3effe21f821f,0.023821264528611646,0.0024767406,0,147813.74818,11,1764835011,0.002281199012277914,0.0032832030202939464,0.002281199012277914,0.002281199012277914,0.008004249270276728,-0.09468942660119033,0.002281199012277914,-0.09119008461834584,0.0,,0.002281199012277914,-0.00021147274953115555,0.002281199012277914,-0.0852198620067049,-0.08849815466217135,,1,0.07268341763133024,-0.0041268463128484745,0.002281199012277914,0.0,0.0,108005436.0,108005436.0,24.602986105479538,0.0,103615504.0,0.0,,0.0
0x3f3bfc6d754e416699793901ffb12ddeee9f1d77,0.023821231569721407,0.0024764368,0,11398.1751,16,1764824913,0.0001725092014162635,0.000345018402832527,0.0001725092014162635,0.0001725092014162635,0.0008315164730508737,0.0,0.0001725092014162635,0.0,0.0,-133.87238999999957,-0.0022842337558157603,0.0,-0.004740976713047784,,,0.08234999991944982,1,0.07268341763133024,-0.008608877238946735,0.0001725092014162635,0.0,0.0,35552922.0,35552922.0,8.117413125702937,0.0,31173088.0,0.0,,0.0
0x2369a8c01403674ccf381a4a1283d85d63d6d8be,0.02382116320226488,0.0024758065,0,40.024336,8,1764820483,6.070789453057513e-11,2.9498769918868714e-06,6.070789453057513e-11,6.070789453057513e-11,7.688757246565203e-05,-0.04642121454145631,6.070789453057513e-11,-0.046368128936918274,0.0,-0.005269854429180438,-0.00018635630269320483,-0.04496606819526227,-0.00037271266609430415,-0.08951569702011299,-0.09159694702011299,,1,0.07268341763133024,-0.0010443361209172336,6.070789453057513e-11,0.15712297871641673,10.999999,2579606.0,2579606.0,0.589569786012903,26.406442478260868,-1795798.0,0.0,0.4166666666666667,12.0
0x06595b09d8016a79d1e42c63c49bd6647101631c,0.023821113397943485,0.0024753474,0,1000.0,2,1764835249,-0.0040080160320641305,-0.005010020040080163,-0.0040080160320641305,-0.0040080160320641305,-0.0070852382884423635,0.0,-0.0040080160320641305,0.0,0.0,,-0.0040080160320641305,0.0,-0.0040080160320641305,,,-0.02010000203836899,0,0.07268341763133024,,-0.0040080160320641305,0.06029634215933493,9.999999,4471552.0,4471552.0,1.0185373231560508,14.532670213483149,81382.0,,0.4888888888888889,45.0
0x4762717950bca144a674f4c55da197485fe8c727,0.023821019421607647,0.002474481,0,1.4725,2,1764920695,0.0010020040080160326,0.0020040080160320653,0.0010020040080160326,0.0010020040080160326,0.0028340953153769455,-0.09329699248246054,0.0010020040080160326,-0.09330300751753946,0.0,,0.0010020040080160326,-0.0010030075175394627,0.0010020040080160326,0.0008030075175394625,-0.09129699248246055,,1,0.07268341763133024,-0.022307036516967173,0.0010020040080160326,0.21243527846490737,1.9999865000000001,6566277.0,6566277.0,1.4671225145320779,50.116298636363624,2090661.0,,0.45,20.0
0x43af6e5c4ae85628df415180283f07b34d0af333,0.02382098724597137,0.0024741844,0,38.98500000000001,12,1764556910,-0.316132264529058,-0.3164662658650634,-0.316132264529058,-0.316132264529058,-1.0962713027197801,0.0,-0.316132264529058,0.0,0.0,-0.008749999999999834,-0.31627839011356035,0.0,-0.3164245156980627,,,-0.023838310193930706,1,0.07268341763133024,0.05487644710146865,-0.316132264529058,0.043142474978688304,4.72,3516930.0,3516930.0,0.855319686047408,4.422347826086957,-594901.0,0.0,0.15151515151515152,33.0
0xb7cb8bb29780840e3589c2d86320a6057c8ae02f,0.023820566441043103,0.002470305,0,194.8,3,1764584718,0.013026052104208425,0.013360053440213768,0.013026052104208425,0.013026052104208425,0.02314029135028561,-0.016596623119587487,0.013026052104208425,-0.015866809863171176,0.0,-90.8,-0.06279225116900464,0.017066523470162163,-0.1386105544422177,-0.04473728299976387,-0.04653728299976388,-0.0196011399529531,1,0.07268341763133024,-0.0029229529463136545,0.013026052104208425,0.0,0.0,31133039.0,31133039.0,7.520713521154864,0.0,26993400.0,0.0,,0.0
0xe767b972f6bdad023b0f6ef896893242330ed58c,0.02382053992315046,0.0024700605,0,1.999998,2,1764832997,-0.03306610017234279,-0.03406810418035882,-0.03306610017234279,-0.03306610017234279,-0.048179574976202975,0.0,-0.03306610017234279,0.0,0.0,,-0.03306610017234279,0.0,-0.03306610017234279,,,-0.2590997405731847,0,0.07268341763133024,,-0.03306610017234279,0.14624540523823346,9.999999,4376556.0,4376556.0,0.9974106170625796,25.629043621212123,-11362.0,,0.4125,80.0
0x70b680d8035b3255fe61488affd10bbd3498aa2f,0.02382034515642533,0.002468265,0,13.8995,5,1764524756,0.0,0.0,0.0,0.0,0.0,0.04332716635831792,0.0,0.041327066353317746,0.0,-1.2968333333333293,-0.0024365571986014038,0.04200210010500534,-0.0048731143972028075,0.42080004906668267,0.41330004906668266,,2,0.07268341763133024,0.06170218724976353,0.0,0.0,0.0,3639141.0,3639141.0,0.8920169415372835,0.0,-440536.0,,,0.0
0x68354620ee0d3f1b5aec21c4692a634eae5bf97a,0.02382031699720501,0.0024680053,0,8.066428,2,1764260097,-0.9939879754550274,-0.9949899794630435,-0.9939879754550274,-0.9939879754550274,-1.4071283233819634,0.0,-0.9939879754550274,0.0,0.0,,-0.9939879754550274,0.0,-0.9939879754550274,,,0.00606355644204415,0,0.07268341763133024,,-0.9939879754550274,0.0,0.0,4161411.0,4161411.0,1.0907972124902163,0.0,346393.0,,,0.0
0x7ff1d189f301bca2556b86bb50205337a5f3ee6b,0.02382014960835756,0.002466462,0,30.099920000000004,4,1764903401,0.0,0.0,0.0,0.0,0.0,-0.04534698342667463,0.0,-0.044843994281460506,0.0,0.030120000000001694,0.0003757515030060331,0.0008560057185394916,0.0007515030060120662,0.003618090421898283,-0.08868190957810171,,1,0.07268341763133024,-0.018637644222139333,0.0,0.03332545613418462,19.99995,1787621.0,1787621.0,0.40096273889593437,16.785243264705883,-2670701.0,,0.2702702702702703,37.0
0xc344ef15881e89684bfe8b91b41b2dc8c8ed3cd5,0.02381996870947969,0.0024647943,0,605.926089,6,1764773223,-2.013843772566572e-08,-4.0276875451329205e-08,-2.013843772566572e-08,-2.013843772566572e-08,-1.2705524882128156e-05,0.0,-2.013843772566572e-08,0.0,0.0,-50.39404364400002,-0.020833845677604622,0.0,-0.041667671216771514,,,-0.526026566112956,1,0.07268341763133024,-0.00793839732385156,-2.013843772566572e-08,0.07506134731734243,19.999989,2530076.0,2530076.0,0.5845637298574169,20.759852173913046,-1798068.0,,0.3888888888888889,18.0
0x7fd295c90d3237ccc591a22a675d38d1ce074279,0.023819889486143518,0.002464064,0,40.079896,4,1764896737,4.985125566365081e-08,6.231383707450151e-08,4.985125566365081e-08,4.985125566365081e-08,1.7669132180364696e-05,-0.04474296782684802,4.985125566365081e-08,-0.044592966036388765,0.0,0.040200749981343334,0.0005010549706765219,0.0011576104489783353,0.0010020600900973802,0.005230286629059497,-0.08716972829594238,,1,0.07268341763133024,-0.017223695439166468,4.985125566365081e-08,0.033264097848558674,19.99995,1783227.0,1783227.0,0.40057592025263394,17.777020200000003,-2668431.0,,0.21621621621621623,37.0
0xbd84efaf60efa3773968b9b96d1486ec4420f19b,0.023819889486143518,0.002464064,0,32.043936,4,1764895313,3.9807418553773437e-07,5.307628714788846e-07,3.9807418553773437e-07,3.9807418553773437e-07,4.6123081798810555e-05,-0.04474986103219588,3.9807418553773437e-07,-0.04490289641168344,0.0,0.02409049186971171,0.00037610749001397626,0.0008031614597304535,0.0007518169058424147,0.003918170699908069,-0.08778184155089419,,1,0.07268341763133024,-0.016921555122996996,3.9807418553773437e-07,0.02962565916807581,19.99998,1798263.0,1798263.0,0.40408279654508056,17.43826267605634,-2651971.0,,0.18421052631578946,38.0
0x11c8ff6bc070a6c177145d1189c3999ad64960fb,0.023819833194040796,0.002463545,0,500.0,2,1764956027,-0.0010020040080160326,-0.0020040080160320653,-0.0010020040080160326,-0.0010020040080160326,-0.002834095315376946,0.0,-0.0010020040080160326,0.0,1.0,,-0.0010020040080160326,0.0,-0.0010020040080160326,,,-0.007700000000000007,0,0.07268341763133024,,-0.0010020040080160326,0.0642809536974081,0.999999,18487445.0,18487445.0,4.098350280251513,2.729094473684211,13976497.0,,0.47560975609756095,82.0
0xe732156a2d84cdfb4de831d3f11a22899e49898f,0.02381977483121265,0.0024630069,0,4015.6862,16,1764825803,0.0,0.0,0.0,0.0,0.0,-0.009507780373890036,0.0,-0.009083052691443504,0.0,2.090580000000007,0.0011383627179583097,-0.004553050947795123,0.0022767254359166195,-0.05505035742113201,-0.05607035742113202,0.21749999999999997,1,0.07268341763133024,-0.002173118762786328,0.0,0.0,0.0,36376520.0,36376520.0,8.303768966043055,0.0,31995796.0,0.0,,0.0
0x7c2daa12b91b8314ef7f1d983e417af502e90891,0.023819732530245257,0.002462617,0,250.0,3,1764883243,-0.003006012024048141,-0.004008016032064173,-0.003006012024048141,-0.003006012024048141,-0.006466122684135861,0.0,-0.003006012024048141,0.0,0.0,,-0.003006012024048141,0.0,-0.003006012024048141,,,-0.02420000000000002,0,0.07268341763133024,,-0.003006012024048141,0.01963117832736855,0.999999,9233678.0,9233678.0,2.0805175293206832,1.1714277857142859,4795514.0,,0.13043478260869565,69.0
0x980f7d5985b7ea143a5cb9f64815fff6c2fa778c,0.023819522465989583,0.0024606802,0,292.13456499999995,9,1764604410,-0.4182348923471781,-0.41923689635519396,-0.4182348923471781,-0.4182348923471781,-1.1083249653779512,0.0,-0.4182348923471781,0.0,0.0,,-0.4182348923471781,0.0,-0.4182348923471781,,,-0.14650000000000016,0,0.07268341763133024,,-0.4182348923471781,0.03720162211017954,11.73913,5047345.0,5047345.0,1.2134992382188385,33.79147066153846,888014.0,,0.4482758620689655,58.0
0x7a146c5e70c092d06be27097a5c770b49d0bd748,0.023819376901965592,0.0024593382,0,46090.508195,37,1764830943,-1.8694726056716442e-17,-0.00017701594978130613,-1.8694726056716442e-17,-1.8694726056716442e-17,-0.0006738882416658802,-0.026734624746156205,-1.8694726056716442e-17,-0.02591614652847379,0.3060182505702236,68.7908886296251,0.0026335832278765714,0.014024448857009451,0.005267166455753161,-0.06093219655342283,-0.06233219655342283,-8.881784197001252e-16,1,0.07268341763133024,-0.0032637095107575956,-1.8694726056716442e-17,0.0,0.0,34051591.0,34051591.0,7.763941380763288,0.0,29665727.0,0.0,,0.0
0x5c462c9b739df67118ebb3331f44a4ac9feca137,0.023819199317051874,0.002457701,0,500.0,2,1764873523,-0.0010020040080160326,-0.0020040080160320653,-0.0010020040080160326,-0.0010020040080160326,-0.002834095315376946,0.0,-0.0010020040080160326,0.0,1.0,,-0.0010020040080160326,0.0,-0.0010020040080160326,,,-0.008100000000000007,0,0.07268341763133024,,-0.0010020040080160326,0.05710321179455696,19.999998,31356026.0,31356026.0,7.080596706201998,50.96397002695417,26927582.0,0.0,0.26573426573426573,143.0
0xe4cfbb89c05d3429280c69969aee2cfb7a4678c4,0.023819034789519595,0.002456184,0,385.17372199999994,22,1764282985,-0.9016174170664663,-0.902619421074482,-0.9016174170664663,-0.9016174170664663,-4.234310560485642,0.0,-0.9016174170664663,0.0,0.0,,-0.9016174170664663,0.0,-0.9016174170664663,,,-0.052078097613878035,0,0.07268341763133024,,-0.9016174170664663,0.0,0.0,56529141.0,56529141.0,14.729162465156781,0.0,52691235.0,0.0,,0.0
0x06785ab78588ebb29e168bc5ac32ff3121219fd0,0.02381889604682607,0.0024549048,0,500.0,2,1764927577,-0.003006012024048098,-0.0040080160320641305,-0.003006012024048098,-0.003006012024048098,-0.005668190630753892,0.0,-0.003006012024048098,0.0,0.0,,-0.003006012024048098,0.0,-0.003006012024048098,,,-0.02420000000000002,0,0.07268341763133024,,-0.003006012024048098,0.016886170900773004,32.58905,24139320.0,24139320.0,5.3852383202401874,116.50033258306188,19656822.0,,0.39622641509433965,158.0
0x8304ada4e1747a1d188d7233b5c047dfce42f086,0.02381857709819224,0.0024519642,0,132.188,9,1764818193,0.0,-1.1887300635837629e-18,0.0,0.0,-6.674398817660441e-10,0.0,0.0,0.0,0.0,-24.366999999999997,-0.04359969939879758,0.0,-0.08719939879759515,,,-1.4708584772239783,1,0.07268341763133024,-0.001935904666243161,0.0,0.010623096058991604,17.8,44489577.0,44489577.0,10.173431792539596,22.34447558090186,40116463.0,0.0,0.656934306569343,244.0
0x7253c6ad13c23d35c69f626c34404470103889ed,0.02381856192108873,0.0024518243,0,456.992985,4,1764691904,-0.9148296610501265,-0.9158316650581425,-0.9148296610501265,-0.9148296610501265,-1.6178016701625368,0.0,-0.9148296610501265,0.0,0.0,,-0.9148296610501265,0.0,-0.9148296610501265,,,-1.0427829972885243,0,0.07268341763133024,,-0.9148296610501265,0.019859081152973114,32.5,24976283.0,24976283.0,5.881166047576719,103.08900513919178,20729458.0,,0.4952681388012618,312.0
0x6179ad17cb1a48a8db80284f9b22a5bf899d6f80,0.02381855000163969,0.0024517144,0,5685.348,8,1764826669,-4.3003362433890186e-08,-4.855218339310183e-08,-4.3003362433890186e-08,-4.3003362433890186e-08,-4.126417189916226e-05,0.0,-4.3003362433890186e-08,0.0,0.0,-88.44263999999994,-0.00383404592933618,0.0,-0.0076680488553099255,,,-0.0002344996916183728,1,0.07268341763133024,-0.01687699791344953,-4.3003362433890186e-08,0.0,0.0,3497445.0,3497445.0,0.7982136621637351,0.0,-884145.0,,,0.0
0x7b75e76b13a8d792bd4ce25d76a50be61ced3fd1,0.023818492980288094,0.0024511886,0,1644.9993000000004,36,1764825751,0.0008410612146798147,-0.0004987521685713284,0.0008410612146798147,0.0008410612146798147,-0.0020551841225505013,0.0,0.0008410612146798147,0.0,0.0,12.459570740740752,0.0022271059021095555,0.0,0.0036131505895392966,,,0.22609999983889995,1,0.07268341763133024,-0.002201974860398019,0.0008410612146798147,0.0,0.0,8897796.0,8897796.0,2.031148645687237,0.0,4517124.0,,,0.0
0xe75ac274f6474acd10ba8846f469bcde5445d528,0.02381832585647385,0.0024496478,0,6340.0,2,1764872865,-0.0010020040080160326,-0.0020040080160320653,-0.0010020040080160326,-0.0010020040080160326,-0.002834095315376946,0.0,-0.0010020040080160326,0.0,1.0,,-0.0010020040080160326,0.0,-0.0010020040080160326,,,-0.008000000000000007,0,0.07268341763133024,,-0.0010020040080160326,0.07431445119491756,15.849999,30824551.0,30824551.0,6.9616171603596015,19.1052396969697,26396765.0,0.0,0.36363636363636365,22.0
0x5565b8bb36a4abfa6a3325aa197b7c09a7c81503,0.02381830777545283,0.002449481,0,1.683,2,1764928357,0.0010020040080160326,0.0020040080160320653,0.0010020040080160326,0.0010020040080160326,0.002834095315376946,-0.08519699248246054,0.0010020040080160326,-0.09259999978788554,0.0,,0.0010020040080160326,-0.00010000000030000457,0.0010020040080160326,0.0008030075175394625,-0.09159699227034608,,1,0.07268341763133024,-0.023932738133884655,0.0010020040080160326,0.1387290872960526,1.6398160000000002,6508419.0,6508419.0,1.4517098872744452,68.9038045,2025141.0,,0.6666666666666666,18.0
0x6776a0c2af9003c03683d1e8e0397553e65ab465,0.02381830777545283,0.002449481,0,2.959996,2,1764932731,0.0010020526567281233,0.0020040566647441557,0.0010020526567281233,0.0010020526567281233,0.0028341641150453757,-0.0872969388566891,0.0010020526567281233,-0.09330295403815309,0.0,,0.0010020526567281233,-0.0010029443278701518,0.0010020526567281233,0.0007030611433109094,-0.09129693885668909,,1,0.07268341763133024,-0.02486080115560184,0.0010020526567281233,0.11398752326614081,2.399598,6396413.0,6396413.0,1.425336233736484,58.36901365217392,1908761.0,,0.7391304347826086,23.0
0x8e77537e059837d3c2ca5b4efe75e74e9498c4f3,0.023818265956829815,0.0024490955,0,4574.0,2,1764623762,-0.9156312625250499,-0.9166332665330658,-0.9156312625250499,-0.9156312625250499,-1.2916347588353234,0.0,-0.9156312625250499,0.0,0.0,,-0.9156312625250499,0.0,-0.9156312625250499,,,-0.5141466984475583,0,0.07268341763133024,,-0.9156312625250499,0.0,0.0,85909318.0,85909318.0,20.558945964553903,0.0,81730635.0,,,0.0
0x7c2c96af5bdadc1818360ac33ba77718c5a3407e,0.02381795807699868,0.0024462568,0,11.0,2,1764819279,0.0,0.0,0.0,0.0,0.0,0.0,0.0,0.0,0.0,3.0000000000000027,0.00037575150300601224,0.0,0.0007515030060120245,,,0.2381999999999999,1,0.07268341763133024,-0.0008003323543477864,0.0,0.0,0.0,34275533.0,34275533.0,7.835840382241324,0.0,29901333.0,0.0,,0.0
0xf02105d60083d7d74d7e0f9785d79e06137cdf56,0.02381775674003235,0.0024444005,0,1177.139999,7,1764830245,-4.537157805136258e-08,-5.2933508605286036e-08,-4.537157805136258e-08,-4.537157805136258e-08,-3.8537103030027185e-05,0.0,-4.537157805136258e-08,0.0,0.0,-16.971359504007943,-0.002807541039558286,0.0,-0.00561503670753852,,,-0.17829999988461515,1,0.07268341763133024,-0.01834059615848957,-4.537157805136258e-08,0.0,0.0,2842439.0,2842439.0,0.6481941618629716,0.0,-1542727.0,,,0.0
0x95c050610db7c3732368d888884a30df4dcff722,0.02381772560403617,0.0024441134,0,40.059916,4,1764898315,2.3802684422284233e-08,3.173681668062611e-08,2.3802684422284233e-08,2.3802684422284233e-08,1.1278422893644078e-05,-0.045497325109963765,2.3802684422284233e-08,-0.045650344959337216,0.0,0.03012036399423771,0.00037577687123741476,2.367486194619167e-08,0.0007515299397904073,0.003618137936034983,-0.08828187639474724,,1,0.07268341763133024,-0.01755851104233741,2.3802684422284233e-08,0.031236322422426528,19.97996,1856883.0,1856883.0,0.4169738590094933,17.27066919318182,-2596353.0,,0.20454545454545456,44.0
0x270145a4e7eb0aaac558bdc199194f04d72e6d65,0.023817448715111315,0.0024415604,0,73.224252,10,1764820483,4.1384092153639634e-05,4.4340094066827745e-05,4.1384092153639634e-05,4.1384092153639634e-05,0.0011545001187207224,-0.038682881418295983,4.1384092153639634e-05,-0.03801166915713186,0.0,0.08258310914803661,0.0016254820301605183,-0.012511557550527411,0.003209579968167397,-0.07337997117888811,-0.07512059617888811,,1,0.07268341763133024,-0.0010443361209172336,4.1384092153639634e-05,0.044953260595675566,9.999998,3799413.0,3799413.0,0.8683570705699405,11.830647616161617,-575991.0,0.0,0.5333333333333333,75.0
0xedf3d0678e238fb685960523c43f7b3fe82d5eaa,0.023817412200855464,0.0024412237,0,188.0,4,1764864413,0.0,0.0,0.0,0.0,0.0,-0.04650077525076149,0.0,-0.048654505582949426,0.0,-0.0940000000000053,-0.00012525050100201102,-0.003054507284823064,-0.00025050100200402204,-0.00040000000000006155,-0.09129999990275908,,1,0.07268341763133024,-0.010365280003870112,0.0,0.012649819548007538,5.82,42934871.0,42934871.0,9.715235598848151,7.130226556997219,38515537.0,0.0,0.7889518413597734,662.0
0xe6fd18067d9b8768ee4dc45e926cf54867288bc3,0.02381739896887028,0.0024411017,0,1000.0,2,1764941815,-0.0020040080160320653,-0.003006012024048098,-0.0020040080160320653,-0.0020040080160320653,-0.0042511429730654185,0.0,-0.0020040080160320653,0.0,0.0,,-0.0020040080160320653,0.0,-0.0020040080160320653,,,-0.01600000029880001,0,0.07268341763133024,,-0.0020040080160320653,0.05458236140606479,35.3737,34229940.0,34229940.0,7.6121746973805,58.29034922335026,29733204.0,0.0,0.2807017543859649,54.0
0x9bdb831c23e1fc7d5145d837c1462b61970ea90d,0.023817378565365206,0.0024409136,0,1382.2160000000001,6,1764835721,-0.0034091487360782915,-0.004411152744094323,-0.0034091487360782915,-0.0034091487360782915,-0.00941607729816093,0.0,-0.0034091487360782915,0.0,0.0,,-0.0034091487360782915,0.0,-0.0034091487360782915,,,-0.017399997069833223,0,0.07268341763133024,,-0.0034091487360782915,0.02073103766192476,18.5,8811826.0,8811826.0,2.006956158119929,45.1331204951857,4421184.0,,0.42948717948717946,156.0
0x6ca2f87432279ed463ccb63424adcc72bfa9bde7,0.023817295082884674,0.0024401438,0,128.34976,5,1764834293,2.2533561517636372e-06,2.371210816904383e-06,2.2533561517636372e-06,2.2533561517636372e-06,0.00021864095099570792,-0.03756993725601437,2.2533561517636372e-06,-0.03514226226162322,0.0,0.788308838061383,0.002396734648347463,0.008362854162954538,0.004791215940543162,-0.06655098932221672,-0.06998160046642343,,1,0.07268341763133024,-0.003974503091633811,2.2533561517636372e-06,0.038813867979065414,29.97,9254219.0,9254219.0,2.1084000461130397,141.98645008174387,4865005.0,0.0,0.7349397590361446,75.0
0x4a6dbe1071f5315211695cd5ed7c6d6fab336659,0.023817265513084804,0.0024398712,0,54.414522000000005,17,1764644546,-3.0755466955706447e-09,1.4070626132235691e-06,-3.0755466955706447e-09,-3.0755466955706447e-09,0.0011358003239351835,-0.022161857004990147,-3.0755466955706447e-09,0.02249404585968708,0.0,0.22784724250000002,0.0007269210258729384,0.02551221529978723,0.0014538451272925724,7.301301959274819,7.297413069548396,,1,0.07268341763133024,0.03628548186075999,-3.0755466955706447e-09,0.13988066246217526,4.3987795,26057113.0,26057113.0,6.204861950337984,13.689799752403847,21857646.0,,0.5142857142857142,34.0
0x0a3502758e5df134ce95212b7c3388ac64d20d46,0.02381710859930636,0.0024384244,0,5.677842,2,1764825089,0.018036072497240947,0.01903807650525698,0.018036072497240947,0.018036072497240947,0.026923905995230996,-0.07787888506387054,0.018036072497240947,-0.07070373208031568,0.0,,0.018036072497240947,-0.07030373208031569,0.018036072497240947,-0.07087453987314331,-0.0696745398731433,,1,0.07268341763133024,-0.002021624250324949,0.018036072497240947,0.0,0.0,6710087.0,6710087.0,1.5319798356624756,0.0,2330077.0,,,0.0
0x92e5a7768bf529531da12fbfc6c83b2cd09fd129,0.023817092488808145,0.0024382758,0,34737.620599999995,15,1764858209,-0.0013582602854776992,-0.002360264293493732,-0.0013582602854776992,-0.0013582602854776992,-0.00864323918581681,0.0,-0.0013582602854776992,0.0,0.2721025728515211,,-0.0013582602854776992,0.0,-0.0013582602854776992,,,-0.016100000000000014,0,0.07268341763133024,,-0.0013582602854776992,0.06612915796721569,6.46,33952055.0,33952055.0,7.693418276823932,24.333466378238338,29538925.0,0.0,0.37362637362637363,91.0
0x74471a007ddcc488f6d57b5e86dfb35a8d48a16d,0.023817034763818776,0.0024377436,0,44536.947798999994,56,1764825865,-0.003440082143571641,-0.003863285337601356,-0.003440082143571641,-0.003440082143571641,-0.02209345762270377,0.0,-0.003440082143571641,0.0,0.0,21.163119958643357,-0.0029895960528236883,0.0,-0.002539109962075736,,,0.14399996099827028,1,0.07268341763133024,-0.002853358828544282,-0.003440082143571641,0.0,0.0,6444643.0,6444643.0,1.4711156856326695,0.0,2063857.0,,,0.0
0xc2cb0630acff784ffabb2af7a69f66bb7bcbfbf5,0.023816590190018517,0.0024336444,0,9420.56112,2,1764931297,0.0010020040080160326,0.0020040080160320653,0.0010020040080160326,0.0010020040080160326,0.002834095315376946,-0.08721725751527915,0.0010020040080160326,-0.09180300736784054,0.0,,0.0010020040080160326,-0.0010030073678405336,0.0010020040080160326,0.0008030075175394625,-0.08979699248246055,,1,0.07268341763133024,-0.024556539067549153,0.0010020040080160326,0.032076516467436915,8.36784,18886677.0,18886677.0,4.20993295466248,52.5143215010652,14400459.0,0.0,0.6103448275862069,273.0
0x39ef1ce1c65cf6722c0bc0e1f07b70b2aadfc774,0.02381656183312077,0.002433383,0,13.935,3,1764708417,0.0,0.0003340013360053442,0.0,0.0,0.0005785072837571404,-0.031434333881321636,0.0,-0.03103486652345436,0.0,-13.889999999999999,-0.0773213092852371,-0.001034835210523261,-0.1546426185704742,-0.0003000000000000003,-0.09010009393879329,-1.0359465794324427,1,0.07268341763133024,-0.012929229147544198,0.0,0.07562974000952344,4.9999985,31175672.0,31175672.0,7.312503019934145,7.4822298611111115,26912334.0,,0.6,25.0
0x53a36163321e0f1b820c9702cc6c3ebf1293ba00,0.023816394798278444,0.0024318427,0,111.676,4,1764881417,-0.0002083562209485134,-0.0011705831322380118,-0.0002083562209485134,-0.0002083562209485134,-0.0021302677962673298,0.0,-0.0002083562209485134,0.0,1.0,0.1100000000000001,-0.00015626716571138504,0.0,-0.0001041781104742567,,,-0.007999999999999119,1,0.07268341763133024,-0.026305303453692964,-0.0002083562209485134,0.024961647520427815,55.664,15468473.0,15468473.0,3.486766112050074,33.914046242774575,11032135.0,,0.12698412698412698,63.0
0x5040b5e76b45aeff6ccbb21b1aad0ccc2fa296cf,0.023816315409783552,0.0024311107,0,855.6259849999999,14,1764825669,7.399548027542972e-05,0.0001233257273598693,7.399548027542972e-05,7.399548027542972e-05,0.0007860438377555241,-0.012152171683668382,7.399548027542972e-05,-0.011921086449907161,0.0,2.1325778272105356,0.0013889688117548053,0.00025904972759313664,0.0027039421432341806,-0.08403919530524831,-0.08746980460945415,0.1395369866059228,1,0.07268341763133024,-0.0024578605495134565,7.399548027542972e-05,0.0,0.0,5270384.0,5270384.0,1.2031219538920557,0.0,889794.0,,,0.0
0x114d9ff27a12e2a71aa3e6262713256e91df661f,0.023816125575364503,0.0024293603,0,100.56599999999999,3,1764737119,0.0003340013360053442,0.0006680026720106884,0.0003340013360053442,0.0003340013360053442,0.0011570145675142806,-0.03023233082748685,0.0003340013360053442,-0.03076666865530326,0.0,-99.9,-0.07481629926519703,-3.333333333333337e-05,-0.14996659986639943,0.0006030075404317614,-0.09129699844837032,-1.0439886437739463,1,0.07268341763133024,-0.02348716603841001,0.0003340013360053442,0.055341410476604874,19.76,4348792.0,4348792.0,1.0132226167510088,46.32002298591549,56752.0,,0.5737704918032787,57.0
0x4c386d04fc5732f718b722225fcac4159fe58c65,0.0238159647046015,0.002427877,0,12.024000000000001,2,1764920123,0.0010020040080159771,0.0020040080160320093,0.0010020040080159771,0.0010020040080159771,0.002834095315376867,-0.09329699248246072,0.0010020040080159771,-0.09330300452055312,0.0,,0.0010020040080159771,-0.0011030045217530987,0.0010020040080159771,0.0008030075175394012,-0.09129699248246062,,1,0.07268341763133024,-0.022185671165247414,0.0010020040080159771,0.09566763595856867,10.499963000000001,30512177.0,30512177.0,6.818296535184905,19.944336458333336,26037133.0,,0.5789473684210527,19.0
0x1f496a1cc840c95a1eca13f1b5bbdf983ff27458,0.023815853628389803,0.0024268527,0,1161.2715600000001,6,1764585916,-0.950106686246887,-0.951108690254903,-0.950106686246887,-0.950106686246887,-1.9183073617326358,0.0,-0.950106686246887,0.0,0.0,,-0.950106686246887,0.0,-0.950106686246887,,,-0.02273369372755761,0,0.07268341763133024,,-0.950106686246887,0.0,0.0,6421832.0,6421832.0,1.5508536076160448,0.0,2280995.0,,,0.0
0x499dc1582a5a7af63c4e8597cd414538be1765ec,0.023815851153862998,0.00242683,0,1.08,1,1764830503,-0.02605210420841685,-0.027054108216432882,-0.02605210420841685,-0.02605210420841685,-0.02705410821643288,0.0,-0.02605210420841685,0.0,0.0,,-0.02605210420841685,0.0,-0.02605210420841685,,,-0.19459999988461515,0,0.07268341763133024,,-0.02605210420841685,0.0,0.0,4654675.0,4654675.0,1.0613967999445435,0.0,269251.0,,,0.0
0xa95c277f15519e5b4c6833bd9144f3a0f395517a,0.023815827241866865,0.0024266094,0,2373.4723600000007,8,1764363093,-4.2388807371635996e-10,-4.2346418564264363e-07,-4.2388807371635996e-10,-4.2388807371635996e-10,-0.0006510671996452507,0.0,-4.2388807371635996e-10,0.0,0.0,-0.7674666666666236,-0.00024399039910806333,0.0,-0.000487980374328053,,,-0.027040550684128972,2,0.07268341763133024,0.08136104027929307,-4.2388807371635996e-10,0.013839547080910793,77.91845,41203302.0,41203302.0,10.516374367217677,166.19229145026176,37285288.0,0.0,0.2826086956521739,275.0
0x78cce4a061b3941d9d4479283a142b89674261a7,0.023815824237087592,0.0024265817,0,5.691,2,1764930173,0.0010020040080160326,0.0020040080160320653,0.0010020040080160326,0.0010020040080160326,0.0028340953153769455,-0.08609699248246044,0.0010020040080160326,-0.09259999902635875,0.0,,0.0010020040080160326,0.0,0.0010020040080160326,0.0008030075175394625,-0.0915969915088193,,1,0.07268341763133024,-0.02431805190787606,0.0010020040080160326,0.112720459454838,10.8891,31938398.0,31938398.0,7.121009726886437,43.559501947368425,27453304.0,,0.5625,16.0
0x3abffa6d0b8a22423a66064ca458499225feb143,0.023815483462167324,0.0024234394,0,368.37203999999997,12,1764786093,-0.10154548024620669,-0.10224520567943078,-0.10154548024620669,-0.10154548024620669,-0.4056299885327383,0.0,-0.10154548024620669,0.0,0.0,-73.22234848971428,-0.1934774753632881,0.0,-0.2854094704803695,,,-1.045597754345145,1,0.07268341763133024,-0.0005936717729228808,-0.10154548024620669,0.0,0.0,3757309.0,3757309.0,0.8655371763371416,0.0,-583705.0,,,0.0
0xfc1e87d9fb3c741b0723b1287194cb0d38de9f28,0.023815445082361737,0.0024230855,0,15.665139000000002,6,1764877087,-0.0015436946867179503,-0.002545698694733983,-0.0015436946867179503,-0.0015436946867179503,-0.005299386023809668,0.0,-0.0015436946867179503,0.0,0.36163994459289506,,-0.0015436946867179503,0.0,-0.0015436946867179503,,,-0.008100000000000007,0,0.07268341763133024,,-0.0015436946867179503,0.09878303385278685,5.4849995,32044291.0,32044291.0,7.230197012279762,5.992615700000001,27612283.0,0.0,0.21428571428571427,14.0
0x6097ef67ccf4fc9c3d4db00ac2fd0de00c99fd50,0.023815342214680426,0.002422137,0,1.9735,2,1764919267,0.0010020040080160326,0.0020040080160320653,0.0010020040080160326,0.0010020040080160326,0.0028340953153769455,-0.09319699245225255,0.0010020040080160326,-0.09360300452055306,0.0,,0.0010020040080160326,-0.0010030045205530417,0.0010020040080160326,0.0010030075175394627,-0.09159699248246056,,1,0.07268341763133024,-0.022004047492044418,0.0010020040080160326,0.11886598073397822,1.9847725,6499145.0,6499145.0,1.4525864804965727,51.59401666666667,2024957.0,,0.625,24.0
0xc9ea8f2daa4e4b6ef010889a112d524b2bfc2203,0.023815276161434668,0.0024215279,0,1.4825000000000002,2,1764923609,0.0010020040080159771,0.0020040080160320093,0.0010020040080159771,0.0010020040080159771,0.0028340953153768666,-0.09019699386413524,0.0010020040080159771,-0.09119699336453316,0.0,,0.0010020040080159771,0.0009030075163394056,0.0010020040080159771,0.000603007517539401,-0.09119699336453316,,1,0.07268341763133024,-0.02292532084373532,0.0010020040080159771,0.11466590015693535,1.8399705,6571061.0,6571061.0,1.4672361243533034,53.080675692307686,2092531.0,,0.6153846153846154,26.0
0xbeb7c160646c9967df5116c1f4cf1997dd3a5985,0.023815241922895962,0.0024212121,0,294.117647,2,1764832563,-0.0330661306837675,-0.03406813469178353,-0.0330661306837675,-0.0330661306837675,-0.04817961812587362,0.0,-0.0330661306837675,0.0,0.0,,-0.0330661306837675,0.0,-0.0330661306837675,,,-0.2512999872214398,0,0.07268341763133024,,-0.0330661306837675,0.04174031151554707,9.847999999999999,5291442.0,5291442.0,1.2060310647286692,13.774571083333335,903958.0,,0.40350877192982454,57.0
0x9619e6c7124de0a7cb12346f690fb4aab14aa6c2,0.023815235787233702,0.0024211556,0,3.99008,3,1764218409,-0.9929859719438875,-0.9939879759519034,-0.9929859719438875,-0.9929859719438875,-1.6914173849432665,0.0,-0.9929859719438875,0.0,0.0,,-0.9929859719438875,0.0,-0.9929859719438875,,,0.006984847911186356,0,0.07268341763133024,,-0.9929859719438875,0.018002136978499658,8.09646,6067905.0,6067905.0,1.6081034523882087,31.10651553428042,2294575.0,,0.2088888888888889,201.0
0x1f0134411be4df9d5003ca286f3dd9fea262548c,0.023815039169111873,0.0024193425,0,4830.309693,5,1764923167,-0.0012525049166458083,-0.002254508924661841,-0.0012525049166458083,-0.0012525049166458083,-0.004750530789281027,0.0,-0.0012525049166458083,0.0,0.414052126491675,,-0.0012525049166458083,0.0,-0.0012525049166458083,,,-0.015999997120827215,0,0.07268341763133024,,-0.0012525049166458083,0.05659072796129668,20.0,31072835.0,31072835.0,6.938862076850656,55.8478989361702,26594747.0,,0.24242424242424243,165.0
0xa2597462895928358c218c00b3553faa37689e5f,0.02381493610114647,0.002418392,0,6.0,6,1764877833,0.0,0.0,0.0,0.0,0.0,0.0,0.0,0.0,1.0,-1.0000000000000009,-0.00012525050100200408,0.0,-0.00025050100200400816,,,-0.008000000000000007,1,0.07268341763133024,-0.013432937792618865,0.0,0.09416601170319631,3.9999985000000002,9803194.0,9803194.0,2.2115357630944557,4.581181818181819,5370440.0,,0.5294117647058824,17.0
0x95c8499569dac8faea4f9a21c553184b4202f511,0.023814931859260112,0.002418353,0,18235.455,15,1764833611,0.0011323343406233024,0.0014154179257791259,0.0011323343406233024,0.0011323343406233024,0.006431241067666726,-0.025413024501706398,0.0011323343406233024,-0.02485132859713625,0.022884513038850453,14.670000000000012,0.0014149324811206032,0.0007321681533272802,0.001697530621617904,-0.08214013517306831,-0.08533801005636996,0.014600000000000012,1,0.07268341763133024,-0.003829798249198713,0.0011323343406233024,0.0,0.0,19694448.0,19694448.0,4.487707506747131,0.0,15305916.0,,,0.0
0xe77d7bb1781b9764fad80f78fe713d8055c7e7f3,0.023814896560734336,0.0024180275,0,6.0,2,1764878253,-0.0010020040080160326,-0.0020040080160320653,-0.0010020040080160326,-0.0010020040080160326,-0.0028340953153769455,0.0,-0.0010020040080160326,0.0,1.0,,-0.0010020040080160326,0.0,-0.0010020040080160326,,,-0.008000000000000007,0,0.07268341763133024,,-0.0010020040080160326,0.047575719477530504,12.0,15570932.0,15570932.0,3.5123665346769606,17.08661718604651,11137758.0,,0.4375,32.0
0x32c1f290bb6cfc196597a057dc2941158d34e575,0.023814733072162246,0.00241652,0,685.9399960000001,4,1764793167,-0.917775314813072,-0.918777318821088,-0.917775314813072,-0.917775314813072,-1.5020306553218528,0.0,-0.917775314813072,0.0,0.0,,-0.917775314813072,0.0,-0.917775314813072,,,-1.0426660150513651,0,0.07268341763133024,,-0.917775314813072,0.07756691551540827,58.877300000000005,35336433.0,35336433.0,8.126890026144824,94.26445571153846,30988345.0,0.0,0.18518518518518517,27.0
0xebb3d4fdc4acb69baa48c8d530f7699d76ef8044,0.02381451863236394,0.0024145425,0,250.0,2,1764854049,-0.003006012024048098,-0.0040080160320641305,-0.003006012024048098,-0.003006012024048098,-0.005668190630753891,0.0,-0.003006012024048098,0.0,0.0,,-0.003006012024048098,0.0,-0.003006012024048098,,,-0.024099999999999133,0,0.07268341763133024,,-0.003006012024048098,0.04358645411392235,3.9999995,4291132.0,4291132.0,0.9732731227474898,4.652489080645161,-117838.0,,0.3023255813953488,43.0
0x19cab5f9cd8469a3baf62998eeea15fabc1f5ba5,0.023814508659052862,0.0024144505,0,1.9999989999999999,2,1764882827,-0.002004006516032097,-0.0030060105240481295,-0.002004006516032097,-0.002004006516032097,-0.004251140851745119,0.0,-0.002004006516032097,0.0,0.0,,-0.002004006516032097,0.0,-0.002004006516032097,,,-0.01609998787430028,0,0.07268341763133024,,-0.002004006516032097,0.06673352095660418,0.999999,7059759.0,7059759.0,1.5908426976926135,1.417135464,2622011.0,,0.16666666666666666,84.0
0xe45225de679b3da81b068227b3bef39f6bdc110d,0.023814440411415776,0.0024138212,0,73.225,23,1764556400,-0.3715692254073363,-0.37196131393221216,-0.3715692254073363,-0.3715692254073363,-1.7838637948089213,0.0,-0.3715692254073363,0.0,0.0,-0.007857142857142715,-0.37168903023438166,0.0,-0.3718088350614271,,,-0.02556124135883417,1,0.07268341763133024,0.054985506176265776,-0.3715692254073363,0.04103269341060899,4.81,3521610.0,3521610.0,0.8565641067676302,4.56452380952381,-589711.0,,0.17647058823529413,33.0
0x7a0c8c487bb826c89807996df33baae62ff7d8e4,0.02381437266894436,0.0024131965,0,50.05,2,1764858999,0.0,0.0010020040080160326,0.0,0.0,0.0014170476576884727,-0.0957045056315699,0.0,-0.09200301534063146,0.0,,0.0,-0.0022030073306306608,0.0,-0.0019000842800960815,-0.0900000080100008,,1,0.07268341763133024,-0.00921655270629882,0.0,0.09164973080768019,19.9999995,3343986.0,3343986.0,0.7576000471236451,30.74228194117647,-1069934.0,,0.3181818181818182,22.0
0xd45dee68e7b299a8d957ce987ef7215063599145,0.0238142564492571,0.0024121248,0,410.315,3,1764847013,0.0003340013360053442,0.0006680026720106884,0.0003340013360053442,0.0003340013360053442,0.0011570145675142808,-0.060733333333333334,0.0003340013360053442,-0.061000000000000006,0.0,0.13700000000000012,0.00041750167000668026,-0.00013333333333334085,0.0005010020040080163,-0.03989699248246054,-0.09049699248246056,,1,0.07268341763133024,-0.006673396927080217,0.0003340013360053442,0.07455210152642276,36.0,7770715.0,7770715.0,1.765295663224392,62.45050506382979,3368781.0,,0.7142857142857143,21.0
0x2a71ce3ddbb60bd0e04d45a30c8200c6f596954b,0.023814098115657253,0.0024106647,0,216.95088599999997,9,1764824835,1.274801493073353e-05,1.593501866341691e-05,1.274801493073353e-05,1.274801493073353e-05,0.0002825504607017482,0.0,1.274801493073353e-05,0.0,0.0,5.935195550000004,0.0003328753241718862,0.0,0.0006530026334130389,,,0.20609998049913514,1,0.07268341763133024,-0.002124742363849081,1.274801493073353e-05,0.09503095712264495,0.999999,42325793.0,42325793.0,9.66396141702871,27.187794587148254,37946037.0,0.0,0.38388625592417064,181.0
0x9b873282661a0149e11f1be2b7b8f717ccee5f1d,0.02381390928316287,0.0024089233,0,695.646085,4,1764833981,-1.7529584894398186e-07,-2.0159022989530464e-07,-1.7529584894398186e-07,-1.7529584894398186e-07,-6.816059321216984e-05,0.0,-1.7529584894398186e-07,0.0,0.0,-6.956399045016697,-0.0025051630600169935,0.0,-0.005010150824185043,,,-0.16019997721131213,1,0.07268341763133024,-0.008369541370520357,-1.7529584894398186e-07,0.08821095459019859,10.0,2881961.0,2881961.0,0.6566473801420036,19.02785332258064,-1506941.0,,0.20588235294117646,34.0
0x8f1cd779e0762d1711713168a71c1953b80f0834,0.02381380664918682,0.002407977,0,3.359996,2,1764933579,0.001002164722467132,0.0020041687304831646,0.001002164722467132,0.001002164722467132,0.0028343225999333593,-0.08969681532591577,0.001002164722467132,-0.09320283085662424,0.0,,0.001002164722467132,-0.0011028308566242379,0.001002164722467132,0.0006031846843156019,-0.09119681532591577,,1,0.07268341763133024,-0.025040727411298265,0.001002164722467132,0.15261344875848,1.449595,5112329.0,5112329.0,1.1389838476105603,25.282124826086957,623829.0,,0.5652173913043478,23.0
0x7b2ac60184d0794d2f9b87614ad8d5c1bc294957,0.023813780315372752,0.002407734,0,1.8935,2,1764924085,0.0010020040080160326,0.0020040080160320653,0.0010020040080160326,0.0010020040080160326,0.002834095315376946,-0.09022399761343543,0.0010020040080160326,-0.09220000088207256,0.0,,0.0010020040080160326,0.0,0.0010020040080160326,0.0006030075175394512,-0.0911969933645331,,1,0.07268341763133024,-0.02302631718537624,0.0010020040080160326,0.11995911686958552,3.0,6565217.0,6565217.0,1.4657754421405107,53.10936,2086211.0,,0.631578947368421,19.0
0x418ff815cfadd29aab712a09b9223e8fe9867b8f,0.023813690785667006,0.0024069084,0,2000.0,2,1764905561,-0.003006012024048098,-0.0040080160320641305,-0.003006012024048098,-0.003006012024048098,-0.005668190630753892,0.0,-0.003006012024048098,0.0,0.0,,-0.003006012024048098,0.0,-0.003006012024048098,,,-0.02370000000000002,0,0.07268341763133024,,-0.003006012024048098,0.04220418168761745,4.999998,7195514.0,7195514.0,1.6131696081275522,8.070260811518324,2735032.0,,0.3881856540084388,234.0
0x52399fb802c6b7909215460a0874c122d4375752,0.023813469386628837,0.0024048667,0,6.599543,4,1764735335,-0.00023035323530684623,-0.00023085075849848532,-0.00023035323530684623,-0.00023035323530684623,-0.014651239513348046,0.0,-0.00023035323530684623,0.0,0.0,-6.0838199360317695,-0.11618352178925861,0.0,-0.23213669034321038,,,-1.0361312860176284,1,0.07268341763133024,-0.019608991390274052,-0.00023035323530684623,0.015599181602843872,2.75,3633431.0,3633431.0,0.8469030752477241,3.338448844827586,-656825.0,,0.42857142857142855,84.0
0x6d6514eab960a4afa0ce9b6d2a60039dabc23781,0.02381327035896465,0.0024030313,0,9.17,1,1764656250,-0.9178356713426851,-0.9188376753507012,-0.9178356713426851,-0.9178356713426851,-0.9188376753507012,0.0,-0.9178356713426851,0.0,0.0,,-0.9178356713426851,0.0,-0.9178356713426851,,,-0.01945953482924481,0,0.07268341763133024,,-0.9178356713426851,0.0,0.0,51014208.0,51014208.0,12.114019592175193,0.0,46803037.0,,,0.0
0x651aafb35eb5afa078cf47ba63440f2bef09b898,0.023813259956954522,0.0024029354,0,9500.0,4,1764857313,-0.0004746334774812786,-0.0014766374854973115,-0.0004746334774812786,-0.0004746334774812786,-0.0029785925908359778,0.0,-0.0004746334774812786,0.0,1.0,,-0.0004746334774812786,0.0,-0.0004746334774812786,,,-0.003700000000000003,0,0.07268341763133024,,-0.0004746334774812786,0.0784064965894825,1.4808249999999998,18269195.0,18269195.0,4.140577086346735,8.471941201149425,13856961.0,,0.1896551724137931,58.0
0xbefa95c276ee8ef6ff3ef43d1c1c454f52bc300d,0.023813246828210195,0.0024028143,0,185.99997199999999,7,1764867111,-0.00019508042194499363,-0.00029262070385583863,-0.00019508042194499363,-0.00019508042194499363,-0.0009380145876217258,0.0,-0.00019508042194499363,0.0,0.6071428197278876,50.99999000000004,-8.20224517481984e-05,0.0,3.103551844859683e-05,,,-8.881784197001252e-16,1,0.07268341763133024,-0.012955539118896034,-0.00019508042194499363,0.0,0.0,8734494.0,8734494.0,1.9752217984854021,0.0,4312462.0,,,0.0
0x225b7c9aaf6108ded29b9fda9939aa671ef6422a,0.023813217566284316,0.0024025445,0,3922.883,12,1764829225,-0.025449995012649745,-0.026451999020665775,-0.025449995012649745,-0.025449995012649745,-0.08418415812164162,0.0,-0.025449995012649745,0.0,0.0,,-0.025449995012649745,0.0,-0.025449995012649745,,,-0.17805002390399982,0,0.07268341763133024,,-0.025449995012649745,0.04856990008030515,13.0,8237514.0,8237514.0,1.8789324078167104,80.65579153852264,3853368.0,,0.3488372093023256,86.0
0xa6dab54a13b36c95eac9496eff818bf86a497e3e,0.023813157350956186,0.0024019892,0,100.2,2,1764940695,0.0010020040080160326,0.0020040080160320653,0.0010020040080160326,0.0010020040080160326,0.002834095315376945,-0.09119371811202268,0.0010020040080160326,-0.09180300751753946,0.0,,0.0010020040080160326,-0.0010030075175394627,0.0010020040080160326,0.0009030075171865227,-0.08979699248246055,,1,0.07268341763133024,-0.026550580283392338,0.0010020040080160326,0.0533339588423472,19.0599985,3541718.0,3541718.0,0.7878159522521496,57.767379819819816,-953898.0,,0.375,128.0
0xffb50247a2ffd7041c3f1569be1da669e5a5e0a7,0.023812970318297266,0.0024002644,0,20.0,2,1764829009,-0.0490981963927856,-0.05010020040080163,-0.0490981963927856,-0.0490981963927856,-0.07085238288442365,0.0,-0.0490981963927856,0.0,0.0,,-0.0490981963927856,0.0,-0.0490981963927856,,,-0.380000023904,0,0.07268341763133024,,-0.0490981963927856,0.13896707174811782,1.5,20468060.0,20468060.0,4.6688838553535295,8.954744458333332,16084130.0,,0.0975609756097561,41.0
0x27d7000e9f709ccabaa84d28a44608d41a3f760f,0.02381283292291854,0.0023989973,0,1.001,2,1764958643,-5.562239602330442e-17,0.001002004008015977,-5.562239602330442e-17,-5.562239602330442e-17,0.001417047657688394,-0.08970000000000006,-5.562239602330442e-17,-0.09310863589489032,0.0,,-5.562239602330442e-17,-0.00020000000000017253,-5.562239602330442e-17,-9.999999999995006e-05,-0.0931086358948901,,1,0.07268341763133024,-0.030358736459382283,-5.562239602330442e-17,0.03905324159478917,0.10606,34882129.0,34882129.0,7.728289440451049,23.48279520247933,30368565.0,0.0,0.5357142857142857,84.0
0xc42f49919bfb2f735a7d4580200e6ad7d2cb78a0,0.023812656774186407,0.0023973729,0,19.98,2,1765119877,0.0,-0.0010020040080160326,0.0,0.0,-0.001417047657688473,0.0,0.0,0.0,1.0,,0.0,0.0,0.0,,,3.3306690738754695e-17,0,0.07268341763133024,,0.0,0.0,0.0,10565682.0,10565682.0,2.26013658771994,0.0,5890884.0,,,0.0
0xfc013900fd8ef7232d449aa2b19b77374e0b603b,0.023812497920779982,0.0023959079,0,1222.222222,2,1764830261,-0.026052103825560162,-0.027054107833576195,-0.026052103825560162,-0.026052103825560162,-0.03826028621614765,0.0,-0.026052103825560162,0.0,0.0,,-0.026052103825560162,0.0,-0.026052103825560162,,,-0.19459999678967826,0,0.07268341763133024,,-0.026052103825560162,0.0,0.0,5208741.0,5208741.0,1.1878049759394251,0.0,823559.0,,,0.0
0xb17edd2dd1a681526b21ea6689170cc4a07222be,0.023812425513054084,0.0023952401,0,1221.399799,13,1764826033,-0.0074148028066229115,-0.008416806814638945,-0.0074148028066229115,-0.0074148028066229115,-0.029505678222672912,0.0,-0.0074148028066229115,0.0,0.0,,-0.0074148028066229115,0.0,-0.0074148028066229115,,,-0.02010000203836899,0,0.07268341763133024,,-0.0074148028066229115,0.0,0.0,5111224.0,5111224.0,1.1666920036138249,0.0,730270.0,,,0.0
0xcb59ea1babf3b26ea50088057e427ab0ed8f0a22,0.02381233361513388,0.0023943926,0,26664.305,12,1764818195,0.005172805466773878,0.00617480947478991,0.005172805466773878,0.005172805466773878,0.04940576028416087,-0.000485915755586561,0.005172805466773878,-0.00045211383078882144,0.0,,0.005172805466773878,9.84314435427781e-06,0.005172805466773878,0.01663103111807146,0.01494769683200472,,2,0.07268341763133024,-0.0005588747140381945,0.005172805466773878,0.0,0.0,29042642.0,29042642.0,6.641178052445899,0.0,24669526.0,0.0,,0.0
0xad5353afe30c2da57709e2704ef3ccdcf67eef24,0.023812170017494826,0.0023928839,0,27.290000000000003,6,1764817777,-0.27244488977955905,-0.2734468937875751,-0.27244488977955905,-0.27244488977955905,-0.6899426371482085,0.0,-0.27244488977955905,0.0,0.0,,-0.27244488977955905,0.0,-0.27244488977955905,,,-1.2822192907514323,0,0.07268341763133024,,-0.27244488977955905,0.0,0.0,4348444.0,4348444.0,0.9944533100616598,0.0,-24254.0,0.0,,0.0
0xc8ad354754b68db0229457b023b7f558b257be4e,0.023812165548870994,0.0023928427,0,152.22,8,1764783459,0.0,0.0,0.0,0.0,0.0,-0.024775074763254832,0.0,-0.0248969698140436,0.0,-12.574999999999996,-0.04500071571714855,-0.023411255528329313,-0.0900014314342971,-0.08201515208881352,-0.08511515208881353,-1.0422897902321115,1,0.07268341763133024,-0.000624225288041142,0.0,0.0,0.0,3363416.0,3363416.0,0.775270031670808,0.0,-974964.0,,,0.0
0x2dd63c33cef301f3ad048e33c0b957546070dae3,0.023812161862888113,0.0023928087,0,96.63654700000001,7,1764446365,-7.955669126429226e-08,5.165636888628216e-06,-7.955669126429226e-08,-7.955669126429226e-08,0.0022339280923545867,-0.048487561824082974,-7.955669126429226e-08,-0.026095227987799348,0.0,-0.9258283905843533,-0.002267134292235724,-0.026345229324546835,-0.004534189027780184,0.3357847789703837,0.33638477897038366,,1,0.07268341763133024,0.07833496921945529,-7.955669126429226e-08,0.03180763506809421,0.999999,3010866.0,3010866.0,0.7524745794227156,1.7608130000000002,-990420.0,,0.2708333333333333,96.0
0x5f390e4b7d6f06d6756a6c92afdbf7b3176aa78c,0.023812041942515814,0.0023917027,0,5266.34966,84,1764187485,-0.3331951162544694,-0.3341971202624855,-0.3331951162544694,-0.3331951162544694,-3.74162429514439,0.0,-0.3331951162544694,0.0,0.0,,-0.3331951162544694,0.0,-0.3331951162544694,,,-0.02552303707812891,0,0.07268341763133024,,-0.3331951162544694,0.0,0.0,41814279.0,41814279.0,11.173100673737697,0.0,38071873.0,0.0,,0.0
0x1ef78c6dfb563678d0fae9530940bfb2971dd00e,0.02381188344655721,0.002390241,0,1035.989998,8,1764834643,-4.935503663823265e-09,-1.4806525768389575e-08,-4.935503663823265e-09,-4.935503663823265e-09,-6.671474521001252e-06,0.0,-4.935503663823265e-09,0.0,0.0,-1.3299890030150059,-0.00016412573317936235,0.0,-0.00032824653085506084,,,-0.009699834992937677,1,0.07268341763133024,-0.007221238427325706,-4.935503663823265e-09,0.11506400642785335,4.999999,3518652.0,3518652.0,0.801594873659434,12.22756218777293,-870912.0,,0.4375,144.0
0x63d43bbb87f85af03b8f2f9e2fad7b54334fa2f1,0.023811823158781987,0.002389685,0,7977.177100000001,164,1764203739,-0.790830060102786,-0.7918320641108021,-0.790830060102786,-0.790830060102786,-8.940809635036302,0.0,-0.790830060102786,0.0,0.0,,-0.790830060102786,0.0,-0.790830060102786,,,-0.02423808107732931,0,0.07268341763133024,,-0.790830060102786,0.0,0.0,35355145.0,35355145.0,9.406316346783163,0.0,31596485.0,0.0,,0.0
0xfc652f44325f3002c3943345a3abc44e1e48af73,0.023811804804869947,0.0023895158,0,2.699617,12,1764241751,-0.33331915482470115,-0.333653141953784,-0.33331915482470115,-0.33331915482470115,-0.5779164850904572,-0.011705754290867579,-0.33331915482470115,-0.01309981815062523,0.0,-0.8998787155,-0.33382016748863347,-0.015377349311601306,-0.33432118015256573,0.04836033001089172,0.054900330010891715,,1,0.07268341763133024,0.12174939243062124,-0.33331915482470115,0.004498314945435065,0.09947,2135240.0,2135240.0,0.5623978052357433,0.4042611351606805,-1661432.0,,0.2656042496679947,707.0
0x2c9452f60bbc8decfde2d3d6992dc89fe38147d3,0.023811790869033976,0.0023893872,0,666.666666,2,1764851743,-0.0020040072720440834,-0.0030060112800601156,-0.0020040072720440834,-0.0020040072720440834,-0.004251141920907524,0.0,-0.0020040072720440834,0.0,0.0,,-0.0020040072720440834,0.0,-0.0020040072720440834,,,-0.01599999383650083,0,0.07268341763133024,,-0.0020040072720440834,0.08539781553778071,2.4998,4491660.0,4491660.0,1.019288060083546,3.046201227272727,84996.0,,0.3125,16.0
0x382546eeb97093129ebbefaec2fa76b26ae30ff7,0.02381164080684068,0.0023880033,0,33.25,4,1764831597,0.0,0.0,0.0,0.0,0.0,0.0,0.0,0.0,0.0,-0.9375000000000009,-0.0037575150300601223,0.0,-0.0075150300601202445,,,-0.24300000000000022,1,0.07268341763133024,-0.007452087208219235,0.0,0.11629514470830725,2.589999,2964022.0,2964022.0,0.6757118060384113,3.3126839655172415,-1422496.0,,0.3333333333333333,18.0
0x684592063acf613e2d0d5887256a0c16cb48c125,0.02381160495766455,0.0023876727,0,994.1780310000001,27,1764824767,-0.0028447101561258807,-0.0036019765902822686,-0.0028447101561258807,-0.0032267393829815256,-0.017681288836383032,0.0,-0.003354082458600074,0.0,0.0,24.86568183152943,-0.001024739633799758,0.0,0.0007952308885263645,,,-0.21889999988461517,2,0.07268341763133024,-0.0023891151404973688,-0.0028447101561258807,0.0,0.0,130093684.0,130093684.0,29.70387023002552,0.0,125713996.0,0.0,,0.0
0x87f4b922a7a994599213f925a78884f657e149e7,0.023811503242225394,0.0023867346,0,1007.0,7,1764731313,-0.927679192582055,-0.9286811965900709,-0.927679192582055,-0.927679192582055,-2.190291722555684,0.0,-0.927679192582055,0.0,0.0,,-0.927679192582055,0.0,-0.927679192582055,,,-1.0345066892622148,0,0.07268341763133024,,-0.927679192582055,0.013146830752470025,5.25225,60578022.0,60578022.0,14.133157919049683,25.893118183220828,56291788.0,0.0,0.28418230563002683,358.0
0x35c0732e069faea97c11aa9cab045562eaab81d6,0.023811464489991635,0.0023863772,0,122.132633,15,1764286143,0.0,-0.0002678521542729226,0.0,0.0,-0.0005180626720168103,0.002554827942309679,0.0,0.002554827942309679,0.0,39.698754489666676,0.009123740593128532,0.00017922640619112885,0.018247481186257065,0.24780000000653804,0.2547000000000003,,3,0.07268341763133024,0.11233042268666395,0.0,0.0,0.0,14996349.0,14996349.0,3.904217425171775,0.0,11155285.0,0.0,,0.0
0xd150233168ec46f01f2a032d4ef6a4c28509264f,0.02381136860687903,0.002385493,0,35.11431,3,1764826097,0.0,0.0,0.0,0.0,0.0,0.0,0.0,0.0,0.0,3.243870000000003,0.00044487111726326903,0.0,0.0008897422345265381,,,0.16400196789589813,1,0.07268341763133024,-0.0038862373812921674,0.0,0.12835893118533226,3.0846885,26561892.0,26561892.0,6.062949752774355,43.553101371093746,22180874.0,0.0,0.16216216216216217,37.0
0xc30c0116e9a5c17f1c03240a0b02a819fe646509,0.023811285447896804,0.002384726,0,50.0,2,1764819095,0.008016032064128261,0.009018036072144294,0.008016032064128261,0.008016032064128261,0.012753428919196255,-0.08594538605601948,0.008016032064128261,-0.08241807908402919,0.0,,0.008016032064128261,-0.08081807908402919,0.008016032064128261,-0.08089077211203882,-0.08039077211203882,,1,0.07268341763133024,-0.0007498341835273269,0.008016032064128261,0.0,0.0,34446901.0,34446901.0,7.875348649844902,0.0,30072885.0,0.0,,0.0
0x09705c0b0a5a7359f5c94688687fc73447e65ae4,0.023811285447896804,0.002384726,0,29.73,1,1764819249,0.008016032064128261,0.009018036072144294,0.008016032064128261,0.008016032064128261,0.009018036072144294,-0.08493173257002434,0.008016032064128261,-0.08241807908402919,0.0,,0.008016032064128261,-0.08081807908402919,0.008016032064128261,-0.08139077211203895,-0.08039077211203893,,1,0.07268341763133024,-0.0007825094705288007,0.008016032064128261,0.0,0.0,34645223.0,34645223.0,7.920410729349797,0.0,30271053.0,0.0,,0.0
0xf232fee6429a6acd5cc99a86fbf79083f20a4fc6,0.023811173054968552,0.0023836894,0,58.6738,3,1764824475,0.008018093426223765,0.00835302088162473,0.008018093426223765,0.008018093426223765,0.014700241388959359,-0.04653967786034326,0.008018093426223765,-0.04174356521893451,0.0,0.38363000000000036,0.009103403581944211,-0.04221026717278125,0.010188713737664657,-0.06417103096409435,-0.06157104064409549,,1,0.07268341763133024,-0.0018913474566956967,0.008018093426223765,0.0,0.0,2858343.0,2858343.0,0.6526797302641734,0.0,-1521053.0,,,0.0
0xde7a7073108f2698d272d8862501001a6da78919,0.023811080101459794,0.002382832,0,1.102,2,1764917263,0.0010020040080160881,0.0020040080160321208,0.0010020040080160881,0.0010020040080160881,0.0028340953153770244,-0.09439999999999993,0.0010020040080160881,-0.09330300711360412,0.0,,0.0010020040080160881,-0.0010030075182916015,0.0010020040080160881,0.0008030075175395237,-0.09129699207777298,,1,0.07268341763133024,-0.021578844406648614,0.0010020040080160881,0.09480097079933869,1.599825,6497397.0,6497397.0,1.452846528675922,52.90173462962962,2025213.0,,0.5925925925925926,27.0
0xe2ee809a13aad9e367ee526547a87d1387cf0af2,0.023810783950205354,0.0023801008,0,306.296294,4,1764827223,-0.021688535870421386,-0.02269053987843742,-0.021688535870421386,-0.021688535870421386,-0.04522977953885217,0.0,-0.021688535870421386,0.0,0.0,,-0.021688535870421386,0.0,-0.021688535870421386,,,-0.009049980874122593,0,0.07268341763133024,,-0.021688535870421386,0.10358249598695896,2.0,6610227.0,6610227.0,1.5084458657679893,9.106197721938777,2228083.0,,0.22077922077922077,154.0
0x9fff9fde99509a519bac4a8456d01f60fbbd740f,0.023810728840365086,0.0023795925,0,425.42796000000004,12,1764824007,0.0,1.2385710853103e-05,0.0,0.0,0.00011140256692256639,0.0,0.0,0.0,0.0,-39.97200000000003,-0.006188520427752912,0.0,-0.012377040855505825,,,-0.11360000000000037,1,0.07268341763133024,-0.00973765988081583,0.0,0.05669241958898482,14.467500000000001,43039691.0,43039691.0,9.828819062565085,57.28052529891304,38660763.0,0.0,0.5517241379310345,58.0
0xe613b515bd46b1585a8b137a4d291d9b80bd540e,0.023810696829759153,0.0023792973,0,17.081199,2,1764264763,-0.9927164911873276,-0.9937184951953435,-0.9927164911873276,-0.9927164911873276,-1.364837740299883,0.0,-0.9927164911873276,0.0,0.0,,-0.9927164911873276,0.0,-0.9927164911873276,,,-0.015999930976946887,0,0.07268341763133024,,-0.9927164911873276,0.0,0.0,32766976.0,32766976.0,8.578452039488083,0.0,28947292.0,0.0,,0.0
0xd218e474776403a330142299f7796e8ba32eb5c9,0.02381060160602822,0.002378419,0,16825.328517999984,341,1764203739,-0.9514868329188291,-0.9524888369268459,-0.9514868329188291,-0.9514868329188291,-14.344510484829986,0.0,-0.9514868329188291,0.0,0.0,,-0.9514868329188291,0.0,-0.9514868329188291,,,-0.04917359198230827,0,0.07268341763133024,,-0.9514868329188291,0.0,0.0,37123200.0,37123200.0,9.87671138118372,0.0,33364540.0,0.0,,0.0
0x4d0121458bb2f96c6440c0f3835d675ad3ce1645,0.02381057302888347,0.0023781555,0,7474.1614,2,1764835141,0.0040080160320641305,0.005010020040080164,0.0040080160320641305,0.0040080160320641305,0.007085238288442363,-0.09019245285001591,0.0040080160320641305,-0.0884773579367142,0.0,,0.0040080160320641305,0.001722641449952276,0.0040080160320641305,-0.08403920025585691,-0.0874698107867301,,1,0.07268341763133024,-0.004154429347330238,0.0040080160320641305,0.0,0.0,32273768.0,32273768.0,7.351551754849932,0.0,27883706.0,,,0.0
0xe41923ce5451c6b7b6ffe30ebda24c0e88ca5839,0.023810503353299758,0.0023775129,0,3592.9103040000005,19,1764803197,0.0009578308701466849,0.0011363109623252607,0.0009578308701466849,0.0009578308701466849,0.003698535039580674,-0.001378997703765756,0.0009578308701466849,-0.0013858796118710172,0.0,-1105.6214659710001,-0.09040060643824367,-0.0013009901989051284,-0.181759043746634,-0.07976329258855248,-0.0828632925885525,-1.049490706758926,1,0.07268341763133024,-0.0007264946928119885,0.0009578308701466849,0.1189602541137795,76.0642,32366274.0,32366274.0,7.42666306878336,168.12355673621772,28008156.0,0.0,0.35443037974683544,79.0
0x9aeb534c42b58b21673d5e03e9da14fbd15b2729,0.023810490352261772,0.002377393,0,800.0,4,1764818621,0.0,0.0,0.0,0.0,0.0,0.055202490710364135,0.0,0.05542855222694447,0.0,57.2,0.01791082164328657,0.058078552226944476,0.03582164328657314,0.11451695263713609,0.1121331659704694,,1,0.07268341763133024,-0.0006492621962630505,0.0,0.0,0.0,4342426.0,4342426.0,0.9928854004374487,0.0,-31116.0,,,0.0
0x01ba77bb2cd176666267617bdb5707701fe193f1,0.02381043506637177,0.002376883,0,203.728,4,1764883795,0.0,0.0,0.0,0.0,0.0,-0.04495000000000003,0.0,-0.0462515037602743,0.0,3.774758283725532e-15,6.952799502913052e-18,-0.0005015037602742956,1.3905599005826104e-17,0.0008030075175394012,-0.09049699248246063,,1,0.07268341763133024,-0.014477698267912741,0.0,0.02137664852686235,69.79545,17252838.0,17252838.0,3.8868983733133637,49.05135967741935,12814122.0,,0.031746031746031744,63.0
0xb31e81cd0e1cb3980c6d6ae4ea1b4cf9ecbd4326,0.023810370944994105,0.0023762917,0,1.9999989999999999,2,1764928295,-0.002004006516032097,-0.0030060105240481295,-0.002004006516032097,-0.002004006516032097,-0.004251140851745119,0.0,-0.002004006516032097,0.0,0.0,,-0.002004006516032097,0.0,-0.002004006516032097,,,-0.015999987574360264,0,0.07268341763133024,,-0.002004006516032097,0.1454485359464663,1.114975,4924506.0,4924506.0,1.0984315723355733,2.291404,441290.0,,0.3333333333333333,12.0
0x1d8c256b15d3cd1f5db221e70c77f552eb8d757a,0.023810252472356436,0.002375199,0,3406.683446000001,94,1764429105,-0.3420896757713864,-0.3429541779302607,-0.3420896757713864,-0.3420896757713864,-3.7606943895989384,0.0,-0.3420896757713864,0.0,0.0,-97.02514638948306,-0.3579385230958595,0.0,-0.3737873704203326,,,-0.027057483387867044,2,0.07268341763133024,0.0743078461851178,-0.3420896757713864,0.0,0.0,23001249.0,23001249.0,5.773368195890288,0.0,19017223.0,,,0.0
0x5c163aad7e0901ffe6c9c4d42a73d3f3b8730272,0.023810235179892957,0.0023750395,0,1335.47206,6,1764633230,-0.9207085350842396,-0.9217105390922556,-0.9207085350842396,-0.9207085350842396,-1.6927745730829895,0.0,-0.9207085350842396,0.0,0.0,,-0.9207085350842396,0.0,-0.9207085350842396,,,0.0007440092867364826,0,0.07268341763133024,,-0.9207085350842396,0.0,0.0,31111141.0,31111141.0,7.428371374384543,0.0,26922990.0,0.0,,0.0
0xfc9fc3b035d6107fd2e616febe3923854cfc614c,0.023810009773121248,0.0023729606,0,41.666665,2,1764833693,-0.023046069098195496,-0.02404807310621153,-0.023046069098195496,-0.023046069098195496,-0.03400911113574403,0.0,-0.023046069098195496,0.0,0.0,,-0.023046069098195496,0.0,-0.023046069098195496,,,-0.1773998133759937,0,0.07268341763133024,,-0.023046069098195496,0.06915986447484135,1.0,5554062.0,5554062.0,1.265561746829409,2.4577181702127664,1165448.0,,0.3,39.0
0xceae15533f441b29685bb41dd8d25835760c7a2d,0.023809963500491294,0.0023725338,0,847.05668,11,1764643890,-0.6614783874615983,-0.6624803914696143,-0.6614783874615983,-0.6614783874615983,-2.115427644909519,0.0,-0.6614783874615983,0.0,0.0,,-0.6614783874615983,0.0,-0.6614783874615983,,,-1.089656774328782,0,0.07268341763133024,,-0.6614783874615983,0.0,0.0,8320409.0,8320409.0,1.9816107464708461,0.0,4121598.0,,,0.0
0x59b1f4c46f4fbd1d16fb0c9cfcbb6d721cd007ed,0.023809887768062008,0.0023718353,0,2.4545,2,1764919979,0.0010020040080160326,0.0020040080160320653,0.0010020040080160326,0.0010020040080160326,0.0028340953153769455,-0.09329699248246065,0.0010020040080160326,-0.09330300452055305,0.0,,0.0010020040080160326,-0.0011030045206730458,0.0010020040080160326,0.0009030075175394626,-0.09129699248246055,,1,0.07268341763133024,-0.022155117650129154,0.0010020040080160326,0.15117098271754878,5.659998,6560997.0,6560997.0,1.466177344745134,82.43626052941177,2086097.0,,0.5625,16.0
0x1b7c29a8f82c3f113086aee0f78fb2b460cc3293,0.02380986426581257,0.0023716185,0,219.13,3,1764834005,-0.021861228046381583,-0.02286323205439762,-0.021861228046381583,-0.021861228046381583,-0.03755987509108971,0.0,-0.021861228046381583,0.0,0.0,,-0.021861228046381583,0.0,-0.021861228046381583,,,-0.1586852963993973,0,0.07268341763133024,,-0.021861228046381583,0.00967192246116503,5.60798,38600097.0,38600097.0,8.794884443255594,9.314510474801061,34211171.0,0.0,0.42971887550200805,243.0
0x0d7bcd28e24d12e4ead003ef9373b13d2178a54b,0.02380985926748532,0.0023715724,0,500.0,2,1764860947,-0.0010020040080160326,-0.0020040080160320653,-0.0010020040080160326,-0.0010020040080160326,-0.002834095315376946,0.0,-0.0010020040080160326,0.0,1.0,,-0.0010020040080160326,0.0,-0.0010020040080160326,,,-0.007400000000000006,0,0.07268341763133024,,-0.0010020040080160326,0.02962985789671513,7.914149999999999,12120865.0,12120865.0,2.744843142956266,13.98995894675926,7704997.0,0.0,0.37142857142857144,140.0
0x4cc3522b689a6bf1fb4a2444c523e7776db47552,0.023809844600682473,0.0023714371,0,58142.37295999999,27,1764836329,-9.870987910100458e-05,-0.00019741975820202013,-9.870987910100458e-05,-9.870987910100458e-05,-0.0006289918743194846,-0.041331393163754795,-9.870987910100458e-05,-0.040872273633587135,0.0,16.220580000000734,0.00011035041794850894,-0.000593498311794027,0.0003194107149980225,-0.08567433095754941,-0.08862016429088275,,1,0.07268341763133024,-0.004406495847055893,-9.870987910100458e-05,0.0,0.0,158078418.0,158078418.0,35.99850111016225,0.0,153687168.0,,,0.0
0x22e645acff2bbb2cd7a74462f8779eb6f53d409f,0.023809461297896517,0.0023679018,0,37347.948599999996,64,1764800177,0.00033400133600535023,0.0006680026720106944,0.00033400133600535023,0.00033400133600535023,0.0024209895291277803,-0.048833701017914746,0.00033400133600535023,-0.05302015793559214,0.0,-2186.07086,-0.020108913318775245,0.0001110356733070445,-0.04055182797355584,-0.011839849617646196,-0.09238662038431644,-1.061490115040547,2,0.07268341763133024,-0.0062269761228522895,0.00033400133600535023,0.0,0.0,3829012.0,3829012.0,0.8792022590536425,0.0,-526086.0,,,0.0
0x1ffc1f740ad20a189dc8ce1c1efb80b761fe8967,0.023809341264575117,0.0023667947,0,50.0,2,1764641006,-0.9208416833667332,-0.9218436873747493,-0.9208416833667332,-0.9208416833667332,-1.3036838450733939,0.0,-0.9208416833667332,0.0,0.0,,-0.9208416833667332,0.0,-0.9208416833667332,,,-0.020498149201235584,0,0.07268341763133024,,-0.9208416833667332,0.05248961871339234,20.0,41101475.0,41101475.0,9.795564841809687,71.1720606554622,36905548.0,0.0,0.36363636363636365,33.0
0x58c028e7c41ba7ef2bde2142cd371cf491661c8e,0.023809332984695848,0.0023667184,0,16179.756925,13,1764818091,-0.00015280907590611265,-0.0001604495297014183,-0.00015280907590611265,-0.00015280907590611265,-0.001837441838194418,0.0024889021412660903,-0.00015280907590611265,0.0025973640941631525,0.0,65.15194342925005,0.0036765783913531727,0.021356021625751495,0.007505965858612459,0.3258555258118965,0.3208110769213628,,1,0.07268341763133024,-0.0005368082864527835,-0.00015280907590611265,0.0,0.0,6354707.0,6354707.0,1.4531647752167156,0.0,1981695.0,,,0.0
0xf9f207b77137caa79c6c4516abdef3133db45cba,0.023809299410823954,0.0023664087,0,44.5,1,1764634372,-0.9118236472945889,-0.912825651302605,-0.9118236472945889,-0.9118236472945889,-0.912825651302605,0.0,-0.9118236472945889,0.0,0.0,,-0.9118236472945889,0.0,-0.9118236472945889,,,-0.005150195379750104,0,0.07268341763133024,,-0.9118236472945889,0.0,0.0,27245346.0,27245346.0,6.503566592262704,0.0,23056053.0,,,0.0
0x8e9eedf20dfa70956d49f608a205e402d9df38e4,0.023809299410823954,0.0023664087,0,73164.78629700003,385,1764466893,-0.1248767047098689,-0.12587870871788515,-0.1248767047098689,-0.1248767047098689,-2.9122695997252386,0.0,-0.1248767047098689,0.0,0.0,,-0.1248767047098689,0.0,-0.1248767047098689,,,-0.020005798982855354,0,0.07268341763133024,,-0.1248767047098689,0.0,0.0,30967610.0,30967610.0,7.699911035169702,0.0,26945796.0,0.0,,0.0
0xb376b243ff1f1515557b124e195ad3755009f6a0,0.02380891586416969,0.002362871,0,333.99999299999996,4,1764853489,-1.0016067200545711e-08,-1.502410828283184e-08,-1.0016067200545711e-08,-1.0016067200545711e-08,-6.720312877150453e-06,0.0,-1.0016067200545711e-08,0.0,0.0,-0.6666595040099582,-0.000250509579691002,0.0,-0.0005010091433148035,,,-0.015699987649599116,1,0.07268341763133024,-0.00931627598480981,-1.0016067200545711e-08,0.01825830327877292,19.999999,3846391.0,3846391.0,0.8725120848559912,33.23059960424029,-562019.0,,0.3882978723404255,188.0
0xf4fe4aeea49c54aa73ec946ab2eebd02ee42f6e7,0.023808864065386317,0.0023623933,0,1.102526,2,1764782413,-0.9078155567388142,-0.9088175607468302,-0.9078155567388142,-0.9078155567388142,-1.2852621201310015,0.0,-0.9078155567388142,0.0,0.0,,-0.9078155567388142,0.0,-0.9078155567388142,,,-1.0348440547504434,0,0.07268341763133024,,-0.9078155567388142,0.0,0.0,6930789.0,6930789.0,1.597937581011746,0.0,2593455.0,,,0.0
0x42b279b94eb8404095b0b1f9ffcd9038461c00c3,0.023808864065386317,0.0023623933,0,40.048460000000006,21,1764243525,-0.4070272839698483,-0.40802928797786414,-0.4070272839698483,-0.4070272839698483,-2.199456624411228,0.0,-0.4070272839698483,0.0,0.0,,-0.4070272839698483,0.0,-0.4070272839698483,,,-1.0061005034636108,0,0.07268341763133024,,-0.4070272839698483,0.0,0.0,6198915.0,6198915.0,1.6319608071300737,0.0,2400469.0,,,0.0
0xaf4635074c8f9966ff44f2497183b53fc0578c1d,0.02380886333333801,0.0023623866,0,398.8,2,1764845891,0.0020040080160320653,0.003006012024048098,0.0020040080160320653,0.0020040080160320653,0.0042511429730654185,-0.08959548306573752,0.0020040080160320653,-0.09029548306573751,0.0,,0.0020040080160320653,0.0009045169342624967,0.0020040080160320653,-0.087190966131475,-0.08929096613147501,,1,0.07268341763133024,-0.006435334121783765,0.0020040080160320653,0.0,0.0,28558507.0,28558507.0,6.489372188587016,0.0,24157695.0,0.0,,0.0
0xcd174625914250243e4e9a4b4ace3a5237889bfb,0.023808725456219683,0.0023611148,0,740.0,4,1764894691,-0.004685045767210098,-0.00568704977522613,-0.004685045767210098,-0.004685045767210098,-0.011023842340594498,0.0,-0.004685045767210098,0.0,0.0,,-0.004685045767210098,0.0,-0.004685045767210098,,,-0.036150000000000015,0,0.07268341763133024,,-0.004685045767210098,0.03184503145116979,1.99,5549302.0,5549302.0,1.247142896953712,3.516025202531646,1099690.0,0.0,0.3442622950819672,122.0
0x7c3941fb6c074f3796af11d49a00aa92947df4f2,0.023808407826855196,0.0023581851,0,5000.0,2,1765040565,0.0,-0.0010020040080160326,0.0,0.0,-0.0014170476576884727,0.0,0.0,0.0,1.0,,0.0,0.0,0.0,,,0.0,0,0.07268341763133024,,0.0,0.024359958177011434,2.999999,16416846.0,16416846.0,3.5723851623092746,4.093960587719298,11821360.0,0.0,0.32954545454545453,88.0
0xc7e53ac4a7c76d6df8b794de2e7d0794265d2d3a,0.023808345780689376,0.0023576128,0,417.98778,5,1764827225,0.0,0.00033400133600534416,0.0,0.0,0.0007294553227872105,-0.0030713207864897104,0.0,-0.0030424864495585745,0.0,-5.885910000000006,-0.001419505678022713,-0.00013176878275391308,-0.002839011356045426,-0.0002000000000000002,-0.0908,0.12159999999999987,1,0.07268341763133024,-0.011652771182603508,0.0,0.0,0.0,4443094.0,4443094.0,1.0139082540837296,0.0,60948.0,,,0.0
0x89d2d2bc1dcefb6f2940d34a6d092e60c52c6031,0.02380830347428109,0.0023572226,0,6004.834,17,1764820155,0.0,-0.0001578906619489885,0.0,0.0,-0.0004948614943260663,-0.03436885807755685,0.0,-0.03465383714688593,0.25,10.165000000000008,0.0011053433737682286,-0.022302888470778683,0.002210686747536457,-0.06765242314491643,-0.07618725698322022,0.0,2,0.07268341763133024,-0.0009747420031478608,0.0,0.022699097516594276,4.86,16899404.0,16899404.0,3.86265381447088,32.973020778801846,12524328.0,,0.39255014326647564,315.0
0xcd9607c4a676b7815f10bb8bc25355414e47cbdc,0.02380825147485824,0.002356743,0,547.6386780000001,33,1764818261,0.0011908297784832967,0.001304706983690473,0.0011908297784832967,0.0011908297784832967,0.012706750100537591,-0.010483480875456377,0.0011908297784832967,-0.01046730324795088,0.0,13.403763980882355,0.008204274812705387,-0.008507813381192332,0.015217719846927477,-0.06746736028208926,-0.06919736024023326,0.16259999522399898,1,0.07268341763133024,-0.0005936717729228808,0.0011908297784832967,0.0,0.0,10206610.0,10206610.0,2.3339092678969227,0.0,5833428.0,,,0.0
0x65c97aa685f5b176f35e91bf92c179d1123f261f,0.023808239181807,0.0023566296,0,1.683,2,1764916949,0.0010020040080160326,0.0020040080160320653,0.0010020040080160326,0.0010020040080160326,0.002834095315376946,-0.09339699321720536,0.0010020040080160326,-0.0923,0.0,,0.0010020040080160326,-0.00010000000000000009,0.0010020040080160326,0.0007030075175394623,-0.09129699248246055,,1,0.07268341763133024,-0.021512220769515738,0.0010020040080160326,0.09400066058770905,1.4699165,6567245.0,6567245.0,1.4685679592653633,31.3702068125,2095375.0,,0.5625,32.0
0xe685c62e7c103acc17e765c72e764c319593b715,0.023808111960449345,0.0023554561,0,8256.0,2,1764838039,-0.004008016032064186,-0.005010020040080218,-0.004008016032064186,-0.004008016032064186,-0.0070852382884424425,0.0,-0.004008016032064186,0.0,0.0,,-0.004008016032064186,0.0,-0.004008016032064186,,,-0.02509999781355124,0,0.07268341763133024,,-0.004008016032064186,0.04636948302415985,49.999998,15053730.0,15053730.0,3.4267851289335662,66.8785013875969,10660770.0,,0.4262295081967213,60.0
0xb1a190be02cafacb6c30b98beb621503d5e2d308,0.02380808984823341,0.0023552522,0,4197.92995,29,1764489273,-0.9635498596779098,-0.9645518636859257,-0.9635498596779098,-0.9635498596779098,-4.511319539891407,0.0,-0.9635498596779098,0.0,0.0,,-0.9635498596779098,0.0,-0.9635498596779098,,,-0.050594182897732466,0,0.07268341763133024,,-0.9635498596779098,0.0,0.0,27798605.0,27798605.0,6.873707097137279,0.0,23754411.0,0.0,,0.0
0x1995d18180e17285fb5ed2135676f915929b6c24,0.023807988197927735,0.0023543146,0,1.9999989999999999,2,1764850263,-0.002004006516032097,-0.0030060105240481295,-0.002004006516032097,-0.002004006516032097,-0.004251140851745119,0.0,-0.002004006516032097,0.0,0.0,,-0.002004006516032097,0.0,-0.002004006516032097,,,-0.01609998787430027,0,0.07268341763133024,,-0.002004006516032097,0.06968712193555979,2.999999,29539092.0,29539092.0,6.70552966686522,3.8979114399999997,25133908.0,,0.16666666666666666,24.0
0xa1ffbb2952fcd18b3b4759ccddeb7fdf90f655bd,0.023807825411915937,0.002352813,0,47612.62149600001,13,1764830045,-0.0006680023315790556,-0.0010020034973685832,-0.0006680023315790556,-0.0006680023315790556,-0.0017355214090377011,-0.020880757418325426,-0.0006680023315790556,-0.02028497294354223,0.0,311.11337915200016,0.001483065334111237,0.012097258366185863,0.0036341329998015293,-0.05577560348635849,-0.05794833075908579,,1,0.07268341763133024,-0.003073174395645106,-0.0006680023315790556,0.0,0.0,10177470.0,10177470.0,2.3209917705177188,0.0,5792504.0,0.0,,0.0
0xd1c769317bd15de7768a70d0214cf0bbcc531d2b,0.0238077877004409,0.0023524652,0,33925.26078,15,1765136511,-6.551669446271666e-18,0.001002004008016026,-6.551669446271666e-18,-6.551669446271666e-18,0.002993563892340542,-8.640671807220272e-18,-6.551669446271666e-18,-0.00011247953864127521,0.0,,-6.551669446271666e-18,-7.85609945214669e-18,-6.551669446271666e-18,-1.8525949325572032e-17,-0.00012666664634828354,,2,0.07268341763133024,-0.06809826859170787,-6.551669446271666e-18,0.0,0.0,34184763.0,34184763.0,7.286637214394241,0.0,29493331.0,0.0,,0.0
0x241f846866c2de4fb67cdb0ca6b963d85e56ef50,0.0238077084913879,0.0023517346,0,342725.4642749998,135,1764192773,1.382501270849789e-06,8.837538870588168e-05,1.382501270849789e-06,1.382501270849789e-06,0.0009655309513514017,-0.009588419372052214,1.382501270849789e-06,-0.009731302253971728,0.2582180608553989,-1.1317316460725355,-1.650450421129876e-05,-0.002734757002479914,-3.439150969344731e-05,-0.02766366455263918,-0.09127945231677634,-0.007899671994878277,2,0.07268341763133024,-0.0008737456615069418,1.382501270849789e-06,0.0,0.0,24008121.0,24008121.0,6.406104927456724,0.0,20260427.0,,,0.0
0xecb14ac6e9ca447ce2f2912e6217b43d7b655da3,0.023807538740538883,0.0023501688,0,514798.83361800003,52,1764819589,0.0001680713424696619,0.0002761916987859853,0.0001680713424696619,0.0001680713424696619,0.0013939089856892508,-0.04376848404198693,0.0001680713424696619,-0.04300106468067019,0.0,112.65522322354138,0.001320232265519772,-0.014274097548536471,0.0024723931885698817,-0.06626748059538187,-0.07453329857067717,,1,0.07268341763133024,-0.0008546497145580286,0.0001680713424696619,0.0,0.0,30483957.0,30483957.0,6.968542076712592,0.0,26109447.0,0.0,,0.0
0x13b21b373f8fca6bf69c9d51662ad21ba01286e1,0.023807419600127777,0.0023490698,0,134.12666499999997,5,1764825815,-5.477055874584986e-07,-6.970798385835451e-07,-5.477055874584986e-07,-5.477055874584986e-07,-9.888718365061398e-05,0.0,-5.477055874584986e-07,0.0,0.0,-0.7987256899999969,-0.001492283787084317,0.0,-0.0029840198685811754,,,0.1687426652524851,1,0.07268341763133024,-0.006020739895804026,-5.477055874584986e-07,0.03906815800229354,1.2528,4979435.0,4979435.0,1.1366663044748646,2.528599528735632,598699.0,,0.2459016393442623,61.0
0xa0f9dc2fb512aa43649e487dba50015c1941cf34,0.023807407610394044,0.0023489592,0,74.074074,2,1764833513,-0.026052097837174246,-0.027054101845190276,-0.026052097837174246,-0.026052097837174246,-0.03826027774729107,0.0,-0.026052097837174246,0.0,0.0,,-0.026052097837174246,0.0,-0.026052097837174246,,,-0.20069994849615014,0,0.07268341763133024,,-0.026052097837174246,0.0,0.0,37476760.0,37476760.0,8.539893729745053,0.0,33088326.0,0.0,,0.0
0x21501e9d79fed79feda7b28373f04edec8cc9ed5,0.023807407610394044,0.0023489592,0,27.777776,2,1764833205,-0.03507010651703187,-0.036072110525047905,-0.03507010651703187,-0.03507010651703187,-0.05101366792794402,0.0,-0.03507010651703187,0.0,0.0,,-0.03507010651703187,0.0,-0.03507010651703187,,,-0.27549972706238235,0,0.07268341763133024,,-0.03507010651703187,0.0,0.0,36333369.0,36333369.0,8.279928379449451,0.0,31945243.0,0.0,,0.0
0x88b0bd7130b184d110c507bce00978e090fbb118,0.023807407610394044,0.0023489592,0,30.0,2,1764831895,-0.029058116232464945,-0.030060120240480978,-0.029058116232464945,-0.029058116232464945,-0.042511429730654186,0.0,-0.029058116232464945,0.0,0.0,,-0.029058116232464945,0.0,-0.029058116232464945,,,-0.2269000000000002,0,0.07268341763133024,,-0.029058116232464945,0.0,0.0,32708752.0,32708752.0,7.456148605275444,0.0,28321936.0,0.0,,0.0
0x6be949e0f7f46dbb2ba04da0efadc23dfd2c3493,0.023807407610394044,0.0023489592,0,1000.0,2,1764830951,-0.029058116232464945,-0.030060120240480978,-0.029058116232464945,-0.029058116232464945,-0.04251142973065418,0.0,-0.029058116232464945,0.0,0.0,,-0.029058116232464945,0.0,-0.029058116232464945,,,-0.2189000000000011,0,0.07268341763133024,,-0.029058116232464945,0.0,0.0,33099724.0,33099724.0,7.546896945464892,0.0,28713852.0,0.0,,0.0
0x0684013902f5d899f4621e2c48c7af5407e9d593,0.023807407610394044,0.0023489592,0,9.999998,2,1764831487,-0.029058110521042072,-0.030060114529058105,-0.029058110521042072,-0.029058110521042072,-0.04251142165348249,0.0,-0.029058110521042072,0.0,0.0,,-0.029058110521042072,0.0,-0.029058110521042072,,,-0.22679995382999998,0,0.07268341763133024,,-0.029058110521042072,0.0,0.0,35645646.0,35645646.0,8.126386327947605,0.0,31259238.0,0.0,,0.0
0x070b87f5b1e2c9d976a5e7e5a6e3eccb0ce82d6d,0.02380730369120129,0.0023480006,0,500.0,2,1764859045,-0.0010020040080160326,-0.0020040080160320653,-0.0010020040080160326,-0.0010020040080160326,-0.002834095315376946,0.0,-0.0010020040080160326,0.0,1.0,,-0.0010020040080160326,0.0,-0.0010020040080160326,,,-0.007700000000000007,0,0.07268341763133024,,-0.0010020040080160326,0.10290200617671787,9.999999500000001,14459780.0,14459780.0,3.275915582494292,79.260889578125,10045814.0,0.0,0.27472527472527475,88.0
0xb7602567778a1300d22a4134f1899118acb51df2,0.023807190862265515,0.00234696,0,2.0,3,1764886169,-0.003006012024048098,-0.0040080160320641305,-0.003006012024048098,-0.003006012024048098,-0.006354067252501303,0.0,-0.003006012024048098,0.0,0.0,,-0.003006012024048098,0.0,-0.003006012024048098,,,-0.02420000000000091,0,0.07268341763133024,,-0.003006012024048098,0.038112275839778144,3.999999,30918237.0,30918237.0,6.961857787164862,10.329298043010754,26477147.0,0.0,0.4024390243902439,164.0
0x94a5c8d234ca67c4fba9ee99619c88f547654eb8,0.02380718543538354,0.0023469098,0,274.491388,2,1764796471,-0.9158316663160586,-0.9168336703240746,-0.9158316663160586,-0.9158316663160586,-1.2914992052222627,0.0,-0.9158316663160586,0.0,0.0,,-0.9158316663160586,0.0,-0.9158316663160586,,,-1.044989145183311,0,0.07268341763133024,,-0.9158316663160586,0.0,0.0,48508119.0,48508119.0,11.147724452313192,0.0,44156727.0,0.0,,0.0
0x5185a06eeeb0184c60c89180fdc9604d488d79e6,0.02380715660982604,0.002346644,0,1767.475384,29,1764825751,0.004173226888976027,0.004375290763607802,0.004173226888976027,0.004173226888976027,0.014267151462632487,-0.01708259533475131,0.004173226888976027,-0.016479213711609347,0.0,-0.5802897644444592,0.004031673853378457,0.0015054612869432737,0.0038901208177808877,-0.07045302590316269,-0.07159914534816329,0.1315724998388998,1,0.07268341763133024,-0.0024604066757733115,0.004173226888976027,0.020762090781257934,2.55,4620695.0,4620695.0,1.054791365343034,18.448721680207843,240023.0,0.0,0.3611898016997167,702.0
0xca972b9bf601b72506d4c3e98bee9518a6afecce,0.023807066347179735,0.0023458113,0,4008.0,3,1764862167,-0.0003340013360053442,-0.0006680026720106884,-0.0003340013360053442,-0.0003340013360053442,-0.0011570145675142806,0.0,-0.0003340013360053442,0.0,1.0,0.0,-0.0003340013360053442,0.0,-0.0003340013360053442,,,-0.007399999999999118,1,0.07268341763133024,-0.010502770821902287,-0.0003340013360053442,0.0747432616238514,10.999999,26170622.0,26170622.0,5.9248586399003145,58.74186666101695,21753534.0,,0.4146341463414634,41.0
0xec0e79eac264b1492f131f195578f727e99a1e4e,0.023807016495889285,0.0023453515,0,1197.6,2,1764841469,0.0010020040080161439,0.0020040080160321763,0.0010020040080161439,0.0010020040080161439,0.002834095315377102,-0.09240300752957538,0.0010020040080161439,-0.09089999999999988,0.0,,0.0010020040080161439,-0.0027999999999998803,0.0010020040080161439,-0.08769699248246042,-0.08989699248246041,,1,0.07268341763133024,-0.005497086595027161,0.0010020040080161439,0.09098575448074583,0.48250000000000004,40781340.0,40781340.0,9.276096979567328,7.609563748387096,36384950.0,0.0,0.40540540540540543,37.0
0x7cbca6904291affd3c6bfa157d5edbc900dc5196,0.023806902608158705,0.002344301,0,384.503702,4,1764829599,-0.025238642863061496,-0.02624064687107753,-0.025238642863061496,-0.025238642863061496,-0.04963543176440793,0.0,-0.025238642863061496,0.0,0.0,,-0.025238642863061496,0.0,-0.025238642863061496,,,-0.18706209449220806,0,0.07268341763133024,,-0.025238642863061496,0.04081343939577973,12.999999,41059892.0,41059892.0,9.364740496109038,33.95056418240344,36675372.0,0.0,0.24915824915824916,297.0
0xbb015bb4009b6a48bfb9363d9c9b1d54e9ab02e5,0.023806719258106297,0.0023426097,0,954.384033,8,1764824367,1.402267861978817e-07,2.3371131032980314e-07,1.402267861978817e-07,1.402267861978817e-07,0.00012803349904161754,-0.010024822952057573,1.402267861978817e-07,-0.008874373655686947,0.0,4.099916439999989,0.0041083414076942895,-0.009224369981889677,0.008216542588602382,-0.020967430069811867,-0.018167439749813025,,1,0.07268341763133024,-0.0018684323203570009,1.402267861978817e-07,0.0,0.0,3330404.0,3330404.0,0.7604898330504868,0.0,-1048884.0,,,0.0
0xe8dd7741ccb12350957ec71e9ee332e0d1e6ec86,0.023806713326512796,0.002342555,0,29556.230703999994,675,1764193007,-0.7840869870049054,-0.7850889910129248,-0.7840869870049054,-0.7840869870049054,-18.704422323427558,0.0,-0.7840869870049054,0.0,0.0,,-0.7840869870049054,0.0,-0.7840869870049054,,,-0.03136641284611077,0,0.07268341763133024,,-0.7840869870049054,0.0,0.0,26295756.0,26295756.0,7.016078217084213,0.0,22547828.0,,,0.0
0x9ede0d5dbea0b864913d881bb23c86f95ebec417,0.023806609687924536,0.002341599,0,14.9994,1,1764525518,-0.9709418837675348,-0.9719438877755507,-0.9709418837675348,-0.9709418837675348,-0.9719438877755507,0.0,-0.9709418837675348,0.0,0.0,,-0.9709418837675348,0.0,-0.9709418837675348,,,-0.06295166605479456,0,0.07268341763133024,,-0.9709418837675348,0.033978740465921545,0.70588,20459235.0,20459235.0,5.0139788880559175,31.281830998122945,16378796.0,,0.40082644628099173,221.0
0x2892ea81ccc646db98819a1c7ac03c56227d71dd,0.02380660885498102,0.0023415913,0,164.77749699999998,9,1764825265,-1.5937253747952917e-07,-1.6601305987450955e-07,-1.5937253747952917e-07,-1.5937253747952917e-07,-6.448754751447448e-05,0.0,-1.5937253747952917e-07,0.0,0.0,-0.279973525,-0.000907366820206656,0.0,-0.0018145742678758326,,,0.07037370070991744,1,0.07268341763133024,-0.0028537831829209244,-1.5937253747952917e-07,0.0,0.0,12718352.0,12718352.0,2.903610029345786,0.0,8338166.0,,,0.0
0x2b924ff1565a3468b9bcd1e5d79ab245ec32046e,0.02380646001095463,0.0023402183,0,857.6474800000001,8,1764721759,-0.9224632442278886,-0.9234652482359045,-0.9224632442278886,-0.9224632442278886,-2.3093682918016216,0.0,-0.9224632442278886,0.0,0.0,,-0.9224632442278886,0.0,-0.9224632442278886,,,-1.038543145806464,0,0.07268341763133024,,-0.9224632442278886,0.010234400039986255,11.59291,33023353.0,33023353.0,7.721726432653367,95.76359575540026,28746673.0,0.0,0.4194528875379939,329.0
0x3474c0b49198e2436fb6d5fd457486fa8c320571,0.02380646001095463,0.0023402183,0,195.04711999999998,5,1764789319,-0.9069760855043417,-0.9079780895123578,-0.9069760855043417,-0.9069760855043417,-1.8564676767765211,0.0,-0.9069760855043417,0.0,0.0,,-0.9069760855043417,0.0,-0.9069760855043417,,,-1.045313880728691,0,0.07268341763133024,,-0.9069760855043417,0.01814526209345662,13.7928,35849790.0,35849790.0,8.252258162532456,48.9404420936107,31505550.0,0.0,0.39755351681957185,284.0
0x18253cbbd05966cfb3b99cbdaf751daeeeed8695,0.02380645372605642,0.0023401603,0,173.88400000000001,4,1764884319,0.0,0.0,0.0,0.0,0.0,-0.0461,0.0,-0.045699999998779724,0.0,0.05800000000000005,0.00012525050100200408,0.0,0.00025050100200400816,0.0008030075175394625,-0.09039699248001999,,1,0.07268341763133024,-0.01458887911459308,0.0,0.02616243509785897,59.7,17304206.0,17304206.0,3.898010920788243,41.65389090909091,12864966.0,,0.05172413793103448,58.0
0x24a58862b5d13458cf117e42b5245c5c18f3b3bb,0.023806327145017344,0.0023389927,0,4.5,4,1764877703,-0.0003340013360053442,-0.0006680026720106884,-0.0003340013360053442,-0.0003340013360053442,-0.0011570145675142808,0.0,-0.0003340013360053442,0.0,1.0,0.7500000000000007,-8.350033400133605e-05,0.0,0.0001670006680026721,,,-0.008000000000000007,1,0.07268341763133024,-0.018144120082104084,-0.0003340013360053442,0.0,0.0,4855914.0,4855914.0,1.095494226444652,0.0,423290.0,,,0.0
0x329c82e9936e8870d1c5d8a7d67f870927b0578d,0.023806122193660444,0.002337102,0,363.2,1,1764800121,-0.9088176352705407,-0.9098196392785567,-0.9088176352705407,-0.9088176352705407,-0.9098196392785567,0.0,-0.9088176352705407,0.0,0.0,,-0.9088176352705407,0.0,-0.9088176352705407,,,-1.0462713919212767,0,0.07268341763133024,,-0.9088176352705407,0.03584042496078244,0.999999,30606635.0,30606635.0,7.027862188240665,14.79032902272727,26251593.0,,0.4397163120567376,141.0
0x6ef589efb6ebf53d5efecb333b7f74615f129e19,0.023806057225449255,0.0023365028,0,12674.983918,8,1764833457,-0.001002010982115913,-0.0015030138625645292,-0.001002010982115913,-0.001002010982115913,-0.003933774604782097,0.0,-0.001002010982115913,0.0,0.0,-89.99990904000119,-0.0026928914598257202,0.0,-0.004383771937535528,,,-0.01610000000303778,1,0.07268341763133024,-0.004253728271464587,-0.001002010982115913,0.06456906072372519,49.999999,5419994.0,5419994.0,1.2350791112342647,83.25633310932476,1031616.0,0.0,0.2753623188405797,69.0
0x1dfebe22f26b64199a111de6a2a5554ae2efb4f9,0.02380590290771095,0.0023350792,0,250.0,2,1764847351,-0.003006012024048098,-0.0040080160320641305,-0.003006012024048098,-0.003006012024048098,-0.005668190630753891,0.0,-0.003006012024048098,0.0,0.0,,-0.003006012024048098,0.0,-0.003006012024048098,,,-0.02410000000000002,0,0.07268341763133024,,-0.003006012024048098,0.0,0.0,35771829.0,35771829.0,8.125765286651983,0.0,31369557.0,0.0,,0.0
0x41c7b86149d24ce750f0439f8ac86c9f7fa788f9,0.02380585462367303,0.0023346338,0,1.002,2,1764918963,0.0010020040080160326,0.0020040080160320653,0.0010020040080160326,0.0010020040080160326,0.002834095315376946,-0.09339698720377977,0.0010020040080160326,-0.09360300602055073,0.0,,0.0010020040080160326,-0.0010030060205507303,0.0010020040080160326,0.0009030075172394581,-0.09159699248246055,,1,0.07268341763133024,-0.021939545626794753,0.0010020040080160326,0.15263033917294647,3.194999,6557935.0,6557935.0,1.4658258908813908,71.662373,2084051.0,,0.5294117647058824,17.0
0xc8773301f25228a280e12c6387c588fd3c0c05b4,0.023805772291153354,0.0023338743,0,14.200000000000001,2,1764817915,-0.35470941883767526,-0.35571142284569135,-0.35470941883767526,-0.35470941883767526,-0.5030519184794074,0.0,-0.35470941883767526,0.0,0.0,,-0.35470941883767526,0.0,-0.35470941883767526,,,-1.54284774367357,0,0.07268341763133024,,-0.35470941883767526,0.0,0.0,39390090.0,39390090.0,9.007904709895364,0.0,35017254.0,0.0,,0.0
0x72a22d4d155079da8f50c89d4c6c03b6428e7b65,0.02380538910280568,0.0023303395,0,1389.199,12,1764198885,4.8016571152714445e-18,-4.324948239018998e-05,4.8016571152714445e-18,4.8016571152714445e-18,-0.00020817337653884652,-0.027328548043500663,4.8016571152714445e-18,-0.012196599938761023,0.0,1.2903333333333549,0.00016741874633245137,-0.005827614268910368,0.00033483749266489797,-0.03736063642693387,-0.06796063652603389,,3,0.07268341763133024,0.1308445797852003,4.8016571152714445e-18,0.0,0.0,107239400.0,107239400.0,28.568178536663854,0.0,103485594.0,,,0.0
0xd1acd3925d895de9aec98ff95f3a30c5279d08d5,0.0238051841845668,0.0023284492,0,15698.885409999997,8,1764834639,-0.007974702927654575,-0.008505730988133597,-0.007974702927654575,-0.007974702927654575,-0.017256242247229294,0.0,-0.007974702927654575,0.0,0.0,-55.4000135149999,-0.00923212694381823,0.0,-0.010489550959981886,,,-0.16829728751326942,1,0.07268341763133024,-0.0041319385653681845,-0.007974702927654575,0.0,0.0,120309297.0,120309297.0,27.40805388239368,0.0,115919737.0,0.0,,0.0
0xa952437457ad260b8f47305ac35e4bde4d0f5ca1,0.023805169419616672,0.002328313,0,2250.0,2,1764690234,-0.9208416833667332,-0.9218436873747491,-0.9208416833667332,-0.9208416833667332,-1.3036838450733939,0.0,-0.9208416833667332,0.0,0.0,,-0.9208416833667332,0.0,-0.9208416833667332,,,-1.038939107607539,0,0.07268341763133024,,-0.9208416833667332,0.09830752056650748,2.277,45156427.0,45156427.0,10.637168018600027,134.2156444768212,40911272.0,0.0,0.2,15.0
0xaa45ddf2af92611a47b2159fb3408df7f89d0339,0.023805099052763422,0.0023276638,0,500.0,2,1764855439,-0.003006012024048098,-0.0040080160320641305,-0.003006012024048098,-0.003006012024048098,-0.005668190630753892,0.0,-0.003006012024048098,0.0,0.0,,-0.003006012024048098,0.0,-0.003006012024048098,,,-0.02400000000000002,0,0.07268341763133024,,-0.003006012024048098,0.11019214659959221,3.199999,20103150.0,20103150.0,4.558165319837836,10.393931936000001,15692790.0,,0.46956521739130436,115.0
0x8cf4d3bd0f849bdd39ce68889259d9a584e65608,0.023805085751734702,0.0023275411,0,573.2897399999999,6,1764593038,-0.9416869765680537,-0.9426889805760696,-0.9416869765680537,-0.9416869765680537,-2.099604168948145,0.0,-0.9416869765680537,0.0,0.0,,-0.9416869765680537,0.0,-0.9416869765680537,,,-0.5304899657296576,0,0.07268341763133024,,-0.9416869765680537,0.02387223490177657,15.24392,28498539.0,28498539.0,6.870496791313511,92.74641439174388,24350580.0,0.0,0.3933333333333333,125.0
0x130c1afcfd177442c5d55beae598d3814641782c,0.023804968364791766,0.0023264582,0,1.999998,2,1764832971,-0.03306610017234279,-0.03406810418035882,-0.03306610017234279,-0.03306610017234279,-0.048179574976202975,0.0,-0.03306610017234279,0.0,0.0,,-0.03306610017234279,0.0,-0.03306610017234279,,,-0.2590997405731847,0,0.07268341763133024,,-0.03306610017234279,0.045502299990442654,10.235,33686195.0,33686195.0,7.677079335589846,29.95553491704036,29298303.0,0.0,0.36486486486486486,148.0
0x3e2d07f78534a171852cebf009e49e8f923c4323,0.023804709741971727,0.0023240724,0,1296.08,3,1764854771,-0.004000343719598444,-0.005002347727614477,-0.004000343719598444,-0.004000343719598444,-0.007314219186500626,0.0,-0.004000343719598444,0.0,0.0,,-0.004000343719598444,0.0,-0.004000343719598444,,,-0.03223797856048975,0,0.07268341763133024,,-0.004000343719598444,0.0,0.0,35315147.0,35315147.0,8.008529167116434,0.0,30905455.0,0.0,,0.0
0x9e9ad7b5ca1c0c008b25a0fcfd7ffea62bb15d99,0.023804672439130897,0.0023237283,0,2611.0,2,1764783487,-0.8710754843019368,-0.872077488309953,-0.8710754843019368,-0.8710754843019368,-1.2176887110380705,0.0,-0.8710754843019368,0.0,0.0,,-0.8710754843019368,0.0,-0.8710754843019368,,,-1.046109563484707,0,0.07268341763133024,,-0.8710754843019368,0.0,0.0,35686194.0,35686194.0,8.225642678143688,0.0,31347786.0,0.0,,0.0
0xf83ec0e37ac9eece71c064507270e9001a734663,0.023804631830081448,0.0023233537,0,4665.794636999998,14,1764831165,-0.009287302397198272,-0.009607554203998211,-0.009287302397198272,-0.009287302397198272,-0.0169942412183988,0.0,-0.009287302397198272,0.0,0.0,0.9516522175000548,-0.00919857229786675,0.0,-0.009109842198535228,,,-0.22285000000000021,1,0.07268341763133024,-0.003406292581309481,-0.009287302397198272,0.0,0.0,4163456.0,4163456.0,0.9492417613334531,0.0,-222630.0,0.0,,0.0
0xd50c3fde859ddd8d95e7ec3079a0ce5eec608862,0.023804580923742654,0.002322884,0,997.591988,5,1764836477,0.0,-9.108463202564349e-05,0.0,0.0,-0.00030210456196217935,-0.04196033684864351,0.0,-0.041133922225443216,0.0,0.3749999950000031,0.0003415947614418016,-0.001269995217539024,0.0006831895228836032,-0.08558190957810166,-0.08848190957810166,,1,0.07268341763133024,-0.004437898070927439,0.0,0.15444842787137925,6.2,3843680.0,3843680.0,0.8752747985948893,20.49714295497458,-547718.0,,0.4576271186440678,118.0
0x6fd5a47a2008cc3636392600527ee821df66e0a7,0.02380457325120502,0.0023228133,0,666.666666,2,1764944349,-0.0020040072720440834,-0.0030060112800601156,-0.0020040072720440834,-0.0020040072720440834,-0.004251141920907524,0.0,-0.0020040072720440834,0.0,0.0,,-0.0020040072720440834,0.0,-0.0020040072720440834,,,-0.01569999383724993,0,0.07268341763133024,,-0.0020040072720440834,0.05576698837650574,0.999999,40351985.0,40351985.0,8.968562677945533,2.684686923694779,35852715.0,0.0,0.35046728971962615,214.0
0xc47fdcc4ccb5bf6c94007beafbd37ff36aa9ffcb,0.02380457325120502,0.0023228133,0,250.0,2,1764852569,-0.003006012024048098,-0.0040080160320641305,-0.003006012024048098,-0.003006012024048098,-0.005668190630753891,0.0,-0.003006012024048098,0.0,0.0,,-0.003006012024048098,0.0,-0.003006012024048098,,,-0.024100000014925915,0,0.07268341763133024,,-0.003006012024048098,0.026927006811653477,1.9999989999999999,41617242.0,41617242.0,9.442390566966687,5.542951867857143,37209752.0,0.0,0.35106382978723405,188.0
0x4fa84c759429e1e976b44d89542007df621ad618,0.023804527140314172,0.0023223879,0,5.01,2,1764907379,0.0010020040080160326,0.0020040080160320653,0.0010020040080160326,0.0010020040080160326,0.002834095315376946,-0.09380300452055305,0.0010020040080160326,-0.09460601503507883,0.0,,0.0010020040080160326,-0.002206015035078814,0.0010020040080160326,0.0010030075175394627,-0.09159699248246056,,1,0.07268341763133024,-0.019481685077281298,0.0010020040080160326,0.0,0.0,127524805.0,127524805.0,28.578267933576853,0.0,123062505.0,0.0,,0.0
0x1e1f17412069c0736adfaadf8ee7f46e5612c855,0.023804263196891898,0.002319953,0,121778.59413,31,1764819681,0.0020364963709086988,0.002788302770840557,0.0020364963709086988,0.0020364963709086988,0.010248004388685141,-0.07855944542701353,0.0020364963709086988,-0.0804422297341297,0.0,9.600000000000103,0.002130320473940265,-0.07785625964990031,0.002224144576971831,-0.08730984104601387,-0.0898223428453219,,1,0.07268341763133024,-0.0008741700158835843,0.0020364963709086988,0.0,0.0,53308168.0,53308168.0,12.185832676892664,0.0,48933566.0,0.0,,0.0
0x39f8fd9e4779bdcca92bd7708f4758c61209063f,0.023804074970481176,0.0023182165,0,60.60302899999999,4,1764833401,-1.4022709669716946e-06,-1.6526767792190144e-06,-1.4022709669716946e-06,-1.4022709669716946e-06,-0.00023376821142830488,0.0,-1.4022709669716946e-06,0.0,0.0,-0.8483990430956576,-0.0035082370596159636,0.0,-0.007015071848264956,,,-0.248199746840162,1,0.07268341763133024,-0.004101809404626566,-1.4022709669716946e-06,0.0,0.0,4133757.0,4133757.0,0.9419903553112101,0.0,-254565.0,,,0.0
0x2bee8765fbe3333050cd18867489817d02c39bea,0.02380403517004371,0.0023178493,0,4059.3728000000006,7,1764854813,0.0,-5.634876684592775e-20,0.0,0.0,-1.5028198857664954e-11,0.0,0.0,0.0,0.0,-11.913600000000043,-0.0003690602415753561,0.0,-0.0007381204831507122,,,-0.03210000000000003,1,0.07268341763133024,-0.02855225987801509,0.0,0.20979118909276306,9.26,12948211.0,12948211.0,2.9362793764884683,13.721453936842105,8538477.0,,0.38461538461538464,26.0
0x4df7da721042bf8b75bd1cb7acbeb7f83aaf522d,0.023803956654596177,0.002317125,0,1574.007656,18,1764397859,-0.23439253882383987,-0.23539454283185585,-0.23439253882383987,-0.23439253882383987,-1.3504774014319818,0.0,-0.23439253882383987,0.0,0.0,,-0.23439253882383987,0.0,-0.23439253882383987,,,-0.2887000239039995,0,0.07268341763133024,,-0.23439253882383987,0.0,0.0,19470336.0,19470336.0,4.925732269440748,0.0,15517556.0,0.0,,0.0
0x0c394276d4f728767c03693148dac6026fd58213,0.02380395594793305,0.0023171185,0,50.178375999999986,12,1764891787,-1.221766444815239e-07,3.665428303374998e-07,-1.221766444815239e-07,-1.221766444815239e-07,3.319400318524726e-05,-0.04535551512494975,-1.221766444815239e-07,-0.045757822736586636,0.0,-0.004295923418678402,-0.0001855118909917607,-0.0002022659349161013,-0.00037090160533903983,0.002309068373387152,-0.08849093690444339,,1,0.07268341763133024,-0.01617341835697624,-1.221766444815239e-07,0.020789950992200983,19.8,7486991.0,7486991.0,1.6837154587168754,28.911447562620427,3040283.0,0.0,0.7206896551724138,290.0
0xc851cd9bee7d262afd78674f861f9f576a12cd2a,0.02380388677076041,0.0023164803,0,63447.3892,8,1764503684,-0.5417675403539175,-0.5427695443619335,-0.5417675403539175,-0.5417675403539175,-1.3417643317127,0.0,-0.5417675403539175,0.0,0.0,,-0.5417675403539175,0.0,-0.5417675403539175,,,-0.049654268580828415,0,0.07268341763133024,,-0.5417675403539175,0.0,0.0,18500847.0,18500847.0,4.55842512390341,0.0,14442242.0,,,0.0
0x8f88b822c115fc168672b142a953d37d1ea4ca51,0.023803842806384146,0.0023160747,0,7840.12,8,1764889801,-0.000258138227674862,-0.0005091483780569272,-0.000258138227674862,-0.000258138227674862,-0.0019229121766421433,0.0,-0.000258138227674862,0.0,0.0,-0.9520000000000008,-0.00029853066566737824,0.0,-0.00033892310365989445,,,-0.016100000000000014,2,0.07268341763133024,-0.01595317843549877,-0.000258138227674862,0.0,0.0,32845516.0,32845516.0,7.389779608263464,0.0,28400794.0,0.0,,0.0
0x48436435dbd01fbe0eda1fefcf60c7b2aa0812be,0.023803602265610832,0.0023138556,0,107.999748,3,1764831813,-0.026052104219689416,-0.02705410822770545,-0.026052104219689416,-0.026052104219689416,-0.03252382005987788,0.0,-0.026052104219689416,0.0,0.0,,-0.026052104219689416,0.0,-0.026052104219689416,,,-0.2026000011680021,0,0.07268341763133024,,-0.026052104219689416,0.1471701456010167,3.8008845,30761521.0,30761521.0,7.012397150134929,8.020828904761904,26374787.0,,0.3684210526315789,19.0
0x0e1c52afb21c98190ea54cdc4d9b33e22370043c,0.023803582807427216,0.002313676,0,728.3960000000001,23,1764664802,0.0,0.0,0.0,0.0,0.0,0.0,0.0,0.0,0.0,-178.09104666666667,-0.11152996409485634,0.0,-0.22305992818971268,,,-1.0399248534302488,1,0.07268341763133024,-0.0043716987881712065,0.0,0.16372159735394232,16.5,33341711.0,33341711.0,7.90139803015506,24.620595789473683,29121988.0,0.0,0.25,8.0
0x8190816855b676a5efd8c5b344135a72337bb247,0.02380352816812297,0.002313172,0,195.2,3,1764824283,-0.0006680026720106884,-0.0010020040080160326,-0.0006680026720106884,-0.0006680026720106884,-0.0017355218512714208,-0.01303574813869757,-0.0006680026720106884,-0.011918033152259451,0.0,4.499999999999993,0.0030895123580494247,-0.012151363258925733,0.006847027388109538,-0.036400941571078066,-0.03360095125107922,-0.015999999999822066,1,0.07268341763133024,-0.0018506094365380152,-0.0006680026720106884,0.0,0.0,4272940.0,4272940.0,0.9757344028732162,0.0,-106264.0,,,0.0
0xc3ada355f65bab68b95d65d28a7504d454863581,0.023803493567499816,0.0023128528,0,78.712186,7,1764780875,-4.779207833698815e-07,-1.1675278454116587e-05,-4.779207833698815e-07,-4.779207833698815e-07,-0.003272588946070099,0.0,-4.779207833698815e-07,0.0,0.0,-0.5068001827867223,-0.00445182216222547,0.0,-0.00890316640366757,,,-1.031421583377176,1,0.07268341763133024,0.001555683144771466,-4.779207833698815e-07,0.02893320537381852,1.539999,3771297.0,3771297.0,0.8698049908252141,6.530059967032966,-564499.0,0.0,0.17266187050359713,138.0
0x7024512c86291a05777d9d2cf08198a1b9954c4c,0.02380334502008665,0.0023114823,0,2000.0,2,1764898817,-0.0040080160320641305,-0.005010020040080163,-0.0040080160320641305,-0.0040080160320641305,-0.007085238288442364,0.0,-0.0040080160320641305,0.0,0.0,,-0.0040080160320641305,0.0,-0.0040080160320641305,,,-0.03230000000000003,0,0.07268341763133024,,-0.0040080160320641305,0.0,0.0,28003592.0,28003592.0,6.287660387746203,0.0,23549854.0,0.0,,0.0
0xc2ba15be2190b2d5716ced326df9672eba623d9c,0.02380333858456676,0.002311423,0,65.427156,16,1764824207,1.3011913707466896e-06,1.734904453797909e-06,1.3011913707466896e-06,1.3011913707466896e-06,0.00018646358592736345,-0.040631456546670545,1.3011913707466896e-06,-0.03819747966607964,0.0,0.05923905937088236,0.001228271347855899,-0.03815088762246789,0.002455241504341051,-0.07392173621385198,-0.0722023930239398,,1,0.07268341763133024,-0.0018344839702255995,1.3011913707466896e-06,0.0,0.0,2692024.0,2692024.0,0.6147397381396479,0.0,-1687104.0,,,0.0
0xbb9c165825e9f233d1f611b50b193fe94513072b,0.023803324047869258,0.0023112888,0,45428.55319199999,44,1764817725,0.0018170499270270394,0.001981514941799932,0.0018170499270270394,0.0018170499270270394,0.011237532604909008,-0.03814633408772586,0.0018170499270270394,-0.03657022725018163,0.0,49.54507172866587,0.004294852736874478,-0.0038886962668083884,0.006772655546721917,0.30636091708670216,0.3049566532635812,,1,0.07268341763133024,-0.00045915143552720304,0.0018170499270270394,0.0,0.0,34351015.0,34351015.0,7.855887487804867,0.0,29978369.0,0.0,,0.0
0xa1782a357ec27ad78ef58394953184fa52522112,0.02380330794646791,0.0023111403,0,174.60000000000002,6,1764817497,-0.8737474949899797,-0.8747494989979957,-0.8737474949899797,-0.8737474949899797,-2.114886817138884,0.0,-0.8737474949899797,0.0,0.0,,-0.8737474949899797,0.0,-0.8737474949899797,,,-1.064919247785612,0,0.07268341763133024,,-0.8737474949899797,0.0,0.0,28201274.0,28201274.0,6.449811980464814,0.0,23828856.0,0.0,,0.0
0x334932d9cb8effcb325fcb898e045feffc92c0b8,0.02380330794646791,0.0023111403,0,2732.5010199999997,8,1764693540,-0.9080524991682343,-0.9090545031762504,-0.9080524991682343,-0.9080524991682343,-1.9376994597623587,0.0,-0.9080524991682343,0.0,0.0,,-0.9080524991682343,0.0,-0.9080524991682343,,,-1.0499279008140476,0,0.07268341763133024,,-0.9080524991682343,0.0,0.0,31205249.0,31205249.0,7.345071309351787,0.0,26956788.0,0.0,,0.0
0x139d042f07a0e270f62735c4f4e7c23521c321de,0.023803217521397215,0.002310306,0,7.119996,2,1764700404,-0.9178355446153004,-0.9188375486233163,-0.9178355446153004,-0.9178355446153004,-1.299432522880742,0.0,-0.9178355446153004,0.0,0.0,,-0.9178355446153004,0.0,-0.9178355446153004,,,-1.0429985428890718,0,0.07268341763133024,,-0.9178355446153004,0.12719547541741713,10.908724500000002,42442383.0,42442383.0,9.97394629082385,156.8765480681818,38187058.0,0.0,0.25,32.0
0x7c3db723f1d4d8cb9c550095203b686cb11e5c6b,0.023803172624452026,0.0023098919,0,306776.44365700014,71,1764825461,2.7499236606384547e-17,0.0007272882726842933,2.7499236606384547e-17,2.7499236606384547e-17,0.003165088860225734,-0.008030983999907423,2.7499236606384547e-17,-0.055607125258037605,0.08530621585112082,-17.754468752727096,-0.00015542031386150905,-0.006996127851007647,-0.00031084062772304563,-0.029522087186419146,-0.0819311063662386,-0.008000000000000918,2,0.07268341763133024,-0.0021005541643804573,2.7499236606384547e-17,0.0,0.0,57383947.0,57383947.0,13.100215232370145,0.0,53003565.0,0.0,,0.0
0x122d37641815f4eb9a3e8070246981cd9fa4e728,0.02380306733525648,0.0023089205,0,11.96,4,1764819807,0.0,0.0,0.0,0.0,0.0,-0.04419245285001591,0.0,-0.04569245285001591,0.0,0.0,0.0,-0.04374245285001591,0.0,-0.08596981140006364,-0.08936981140006364,,1,0.07268341763133024,-0.0009009043416120629,0.0,0.15703321503677356,1.25532,4225434.0,4225434.0,0.9658735354518041,2.2165789999999994,-149294.0,,0.09090909090909091,11.0
0xd5707ff4ff6476f0ea344a46770c84b4436fb90a,0.02380294768670064,0.0023078166,0,996.9767400000001,7,1764824777,0.0,0.0,0.0,0.0,0.0,0.0,0.0,0.0,0.0,-23.500000000000018,-0.002943386773547096,0.0,-0.005886773547094192,,,0.06899999999999984,1,0.07268341763133024,-0.011731701096659015,0.0,0.04242737449862611,18.0,5348765.0,5348765.0,1.2212634295789344,54.97221348797251,969067.0,,0.3142857142857143,69.0
0x2a019dc0089ea8c6edbbafc8a7cc9ba77b4b6397,0.023802921415075635,0.0023075743,0,73688.97890199999,46,1764828727,-0.0006811615485911569,-0.0009721933787257567,-0.0006811615485911569,-0.0006811615485911569,-0.004043640037681016,-0.023493829088898813,-0.0006811615485911569,-0.02272064163929309,0.0,33.73863853844448,0.0012971621729283424,0.010943194122486824,0.0032754858944478416,-0.0522165374475971,-0.05790273058971049,-0.020000000000000018,1,0.07268341763133024,-0.002793524861437687,-0.0006811615485911569,0.0,0.0,43005043.0,43005043.0,9.810332170831234,0.0,38621395.0,0.0,,0.0
0x3a7a7fe8677ca57d9fcf2583bded2663a615d2ec,0.023802907736680725,0.002307448,0,99.99998800000002,6,1764835415,0.0030064456332103045,0.004008449641226336,0.0030064456332103045,0.0030064456332103045,0.009461078165354688,-0.09200424648116626,0.0030064456332103045,-0.08916530053537375,0.0,,0.0030064456332103045,0.0013550802936229023,0.0030064456332103045,-0.08474750732277532,-0.08828083942556995,,1,0.07268341763133024,-0.004212565896930263,0.0030064456332103045,0.08714647115037864,1.98,6368201.0,6368201.0,1.4505042438665288,2.3352197500000003,1977865.0,,0.1111111111111111,18.0
0xe788f302cb41f6a8cc06aad7a55d3d1c2367a272,0.023802862764595083,0.0023070332,0,1.999996,2,1764845913,0.002004983039074441,0.0030069870470904735,0.002004983039074441,0.002004983039074441,0.004252521863875572,-0.08959440681808772,0.002004983039074441,-0.09029440681808773,0.0,,0.002004983039074441,0.000905593181912282,0.002004983039074441,-0.0873898754126326,-0.08928988841320915,,1,0.07268341763133024,-0.006440002019926833,0.002004983039074441,0.133686661019594,8.999999,22555969.0,22555969.0,5.125385097461072,30.89103118181818,18155135.0,,0.3793103448275862,29.0
0x06dcaa14f57d8a0573f5dc5940565e6de667af59,0.023802715180016483,0.0023056716,0,29102.754027000006,17,1764828119,-0.010354028562003126,-0.010688029483358065,-0.010354028562003126,-0.010354028562003126,-0.026180031103874728,-0.010089974306351876,-0.010354028562003126,-0.009851816799603074,0.0,-11.8069402109091,-0.01142994647427675,0.0037420300420657826,-0.012505864386550374,-0.05805574709441311,-0.059430734798913754,-0.29475001196362594,1,0.07268341763133024,-0.002664521130938362,-0.010354028562003126,0.0,0.0,33476428.0,33476428.0,7.637719026064102,0.0,29093388.0,0.0,,0.0
0x9b0a4d16627936c3b240c76b8943b2a42e542254,0.023802686031663047,0.0023054027,0,6.691954999999999,7,1764829335,-0.0019142775910532706,-0.0025032930617929546,-0.001914282929606377,-0.0022087879956996653,-0.006530027915686083,0.0,-0.00235604052874631,0.0,0.0,-4.036030017000003,-0.00510817161875108,0.0,-0.0077130448371560655,,,-0.12059999980986054,1,0.07268341763133024,-0.0042728242184135005,-0.002208787995699682,0.04281643226679009,3.3,116566928.0,116566928.0,26.58761897115497,7.345991859154929,112182672.0,0.0,0.3977272727272727,81.0
0xe632c4a52e0757392b4c74e22621961b1179aa26,0.02380262826502914,0.0023048697,0,90.69999999999999,3,1764797211,0.0,0.0003340013360053442,0.0,0.0,0.0005785072837571404,-0.029233333333333337,0.0,-0.030766666666666668,0.0,-90.4,-0.07548430193720773,-6.666666691666675e-05,-0.15096860387441546,-0.00019999970030000204,-0.09230000000000001,-1.0467920989333224,1,0.07268341763133024,-0.029402666048806696,0.0,0.05695055277239318,13.911404999999998,3832676.0,3832676.0,0.8806433260755878,38.54917444285715,-519456.0,,0.4777777777777778,89.0
0xa8c63f775ddbbe66b56614191747def3021444e8,0.023802553514349824,0.00230418,0,120.0,2,1764856289,0.0,0.0,0.0,0.0,0.0,0.0,0.0,0.0,1.0,0.0,0.0,0.0,0.0,,,-0.00799992739548131,1,0.07268341763133024,-0.010502770821902287,0.0,0.0,0.0,45421618.0,45421618.0,10.296861405374036,0.0,41010408.0,0.0,,0.0
0xa57b7c2a33a165c10e0b050bc203b008211832dd,0.02380246548953562,0.002303368,0,4.0,2,1764885503,-0.003006012024048098,-0.0040080160320641305,-0.003006012024048098,-0.003006012024048098,-0.005668190630753892,0.0,-0.003006012024048098,0.0,0.0,,-0.003006012024048098,0.0,-0.003006012024048098,,,-0.02420000000000002,0,0.07268341763133024,,-0.003006012024048098,0.14397015395361737,1.0,11344063.0,11344063.0,2.5547251793972827,6.863984552845527,6903639.0,,0.10679611650485436,103.0
0x40fd3f0ccba437f6b9d4b50fd85bc179943c9f9f,0.023802421679138652,0.0023029638,0,1049.3,4,1764941629,0.0,0.0,0.0,0.0,0.0,-0.04524849624123016,0.0,-0.04590150375876974,0.0,0.34999999999996145,0.00012525050100199017,-0.0005515036093697334,0.00025050100200398035,0.0010030075175394627,-0.08979699248246055,,1,0.07268341763133024,-0.026748753777284397,0.0,0.0,0.0,2411200.0,2411200.0,0.536233334445297,0.0,-2085350.0,,,0.0
0x8c65645130b3e7e1d6b897b010673de3c353d11b,0.023802189959787622,0.002300826,0,3345.116013,6,1764850417,-5.00801853741725e-10,-1.5024055612251751e-09,-5.00801853741725e-10,-5.00801853741725e-10,-2.125146861287381e-06,0.0,-5.00801853741725e-10,0.0,0.0,-3.333329504000144,-0.00012525092056634752,0.0,-0.00025050134033084134,,,-0.01600000029970001,1,0.07268341763133024,-0.010664874193779728,-5.00801853741725e-10,0.08779568250693782,8.0780495,3961848.0,3961848.0,0.8993289504687269,12.813243414634147,-443490.0,0.0,0.15384615384615385,39.0
0x7215255444956a7921805b2187c7f8c9647bb959,0.023802044549574033,0.0022994843,0,247.504,4,1764882957,0.0,0.0,0.0,0.0,0.0,-0.04560150375876973,0.0,-0.04625150226027653,0.0,0.0,0.0,-0.0005015022602765208,0.0,0.0009030075175394737,-0.09049699248246056,,1,0.07268341763133024,-0.014299893784099526,0.0,0.028937538772848662,60.878,15466430.0,15466430.0,3.485095804796797,35.78807006369427,11028552.0,,0.07547169811320754,52.0
0xe598435df0cdf5d22bdd5082d557f75f9180a0a8,0.02380201065766164,0.0022991716,0,5614.410514,16,1764827841,6.966690419407594e-08,7.191422360751397e-08,6.966690419407594e-08,6.966690419407594e-08,4.801944361871815e-05,-0.0366922229351336,6.966690419407594e-08,-0.03597073183241515,0.0,10.211001388796836,0.001924152512680693,0.001216143298963028,0.0038482353584571916,-0.0658465198757277,-0.06716470246581181,,1,0.07268341763133024,-0.0026055358725850524,6.966690419407594e-08,0.0,0.0,3163812.0,3163812.0,0.7218762962716205,0.0,-1218950.0,0.0,,0.0
0x2a315a8d15cfde768bcd47ba5cacf3ef5894f2f0,0.023801957409852664,0.0022986804,0,451.20277400000003,18,1764184103,-0.7037082298780915,-0.7047102338861072,-0.7037082298780915,-0.7037082298780915,-3.080611424229668,0.0,-0.7037082298780915,0.0,0.0,,-0.7037082298780915,0.0,-0.7037082298780915,,,-1.0354940834572908,0,0.07268341763133024,,-0.7037082298780915,0.0,0.0,25659419.0,25659419.0,6.86259810046686,0.0,21920395.0,,,0.0
0x50b242e0b9ac75359464c5b3be62ad6b42d8c94a,0.023801876957933298,0.002297938,0,2348.35,8,1764828209,-0.00025505556567680825,-0.00038258334851521244,-0.00025505556567680825,-0.00025505556567680825,-0.0010724039098386914,-0.028171462681633487,-0.00025505556567680825,-0.027266752651237444,0.0,3.2249999999999837,0.0009200218619056229,0.005752310503832443,0.0020950992894880538,-0.05781560402233552,-0.05934892775378577,-0.016100000000000014,1,0.07268341763133024,-0.0026836170778872753,-0.00025505556567680825,0.0,0.0,38910469.0,38910469.0,8.87732487970925,0.0,34527339.0,0.0,,0.0
0x3e4c74c94e8a9646b2e74303a2721622d0800314,0.023801805288316404,0.0022972769,0,2580.1999960000003,5,1764824665,6.835542549726601e-06,8.44390543390625e-06,6.835542549726601e-06,6.835542549726601e-06,0.0004215179414843965,-0.03725601011743063,6.835542549726601e-06,-0.034656317141765314,0.0,15.14600060848231,0.0021422892656362863,-0.03500645275011137,0.004277742988722846,-0.06844268075654568,-0.06584269043654685,,1,0.07268341763133024,-0.0019316611224767359,6.835542549726601e-06,0.04806679786319349,29.7899995,7976441.0,7976441.0,1.8212773992792926,81.1369137070707,3596855.0,,0.5510204081632653,97.0
0x89ea748eb7b128c3552d7410eb25d5d712b89a44,0.023801743208466303,0.002296704,0,10.952895999999999,2,1764662896,-0.9138276509194359,-0.9148296549274519,-0.9138276509194359,-0.9138276509194359,-1.2937645052595008,0.0,-0.9138276509194359,0.0,0.0,,-0.9138276509194359,0.0,-0.9138276509194359,,,-0.03976637029307674,0,0.07268341763133024,,-0.9138276509194359,0.0,0.0,9289394.0,9289394.0,2.202417506496844,0.0,5071577.0,,,0.0
0x47ae6d13566c3418c4795c98ced1f197575eee94,0.02380161097386507,0.002295484,0,2675.359276,4,1764841199,1.1292749083203093e-16,5.36750452439507e-10,1.1292749083203093e-16,1.1292749083203093e-16,1.037136652329477e-06,-0.04620151590757971,1.1292749083203093e-16,-0.04570001200815282,0.0,2.819998059977457e-07,5.270327852996682e-11,-0.001350000129518909,1.054064441324428e-10,-0.08889699201770042,-0.09039699201770042,,1,0.07268341763133024,-0.005439798754180421,1.1292749083203093e-16,0.0,0.0,3773234.0,3773234.0,0.8583100552305215,0.0,-622886.0,0.0,,0.0
0x36da5ca5d1d4b79f1c2ebbb09be8c13834568218,0.023801564691923963,0.002295057,0,25152.0,19,1764858301,0.0,-0.0001653793022939083,0.0,0.0,-0.0006139888664694541,0.0,0.0,0.0,1.0,-0.20833333333333362,-4.053414271909522e-06,0.0,-8.106828543819044e-06,,,-0.007999702995197654,3,0.07268341763133024,-0.012955539118896034,0.0,0.0,0.0,14306314.0,14306314.0,3.2416937104002472,0.0,9893092.0,,,0.0
0x822f5e95d2c5c9c32febbf1992caa680178cea37,0.023801555354792732,0.002294971,0,400.12100000000004,3,1764829145,-0.04908304566525938,-0.05008504967327542,-0.04908304566525938,-0.04908304566525938,-0.07484188291367573,0.0,-0.04908304566525938,0.0,0.0,,-0.04908304566525938,0.0,-0.04908304566525938,,,-0.38057754845282316,0,0.07268341763133024,,-0.04908304566525938,0.15049701649929428,10.094999999999999,9679015.0,9679015.0,2.2077712789907817,27.75729179787234,5294949.0,,0.2727272727272727,44.0
0xe25b9180f5687aa85bd94ee309bb72a464320f1b,0.023801429934754665,0.0022938137,0,199199.949823,28,1764835105,5.407416185821024e-10,8.111124278731535e-10,5.407416185821024e-10,5.407416185821024e-10,2.208263440371889e-06,-0.044676326524472953,5.407416185821024e-10,-0.043595011143410516,0.0,23.529402358941155,0.0005010024705361885,0.0015079132486039506,0.0010020044003307585,-0.08287506992015024,-0.08635465927782503,,1,0.07268341763133024,-0.004146790968550673,5.407416185821024e-10,0.0,0.0,69180499.0,69180499.0,15.75856247776209,0.0,64790473.0,0.0,,0.0
0xb200608f66af7ee01d157c8e51c27bedaa0620cb,0.023801265224146863,0.002292294,0,65.589996,6,1764832791,-0.03303814223082195,-0.034040146238837984,-0.03303814223082195,-0.03303814223082195,-0.07376968211988266,0.0,-0.03303814223082195,0.0,0.0,,-0.03303814223082195,0.0,-0.03303814223082195,,,-0.24977529448061192,0,0.07268341763133024,,-0.03303814223082195,0.02191179940388692,1.8125,14342362.0,14342362.0,3.268756472621722,2.5506240939849634,9954650.0,,0.4765625,127.0
0x7b7e42d6ae3ecd7c30a631a94f8f35471b263ddc,0.023800992332383746,0.0022897762,0,12.892031,8,1764826303,-4.545968929862195e-06,7.85213096700664e-06,-4.545968929862195e-06,-4.545968929862195e-06,0.00038663870339270104,-0.037925885055333106,-4.545968929862195e-06,-0.03729643333857391,0.0,-0.02406666300302344,-0.0020589448404239622,-0.03609593837956495,-0.004113343711918063,-0.07107453738946477,-0.07147453738946477,,1,0.07268341763133024,-0.002279207356946957,-4.545968929862195e-06,0.23651810846448126,4.999999,5920008.0,5920008.0,1.3512223981243598,13.817591612244899,1538784.0,,0.21739130434782608,23.0
0xe6266639b0f2fe7019b5a04f02f60d8a13276771,0.02380093202104105,0.0022892198,0,25947.749992000005,6,1764820385,-7.712553817914945e-09,2.570851651545992e-10,-7.712553817914945e-09,-7.712553817914945e-09,5.075434982623126e-07,-0.046392677308810644,-7.712553817914945e-09,-0.04633977865166829,0.0,-251.78702644400062,-0.003641473737282367,-0.04493977829246894,-0.007282939762010917,-0.08951423289346257,-0.09159548289346259,,1,0.07268341763133024,-0.0010235427564617501,-7.712553817914945e-09,0.0,0.0,4147620.0,4147620.0,0.9479611254618534,0.0,-227686.0,,,0.0
0xa11376e9f170aaf97664cac13e9ab210a70193f4,0.02380091478565127,0.0022890607,0,0.26856,2,1764198885,-0.9919839679358714,-0.9929859719438875,-0.9919839679358714,-0.9919839679358714,-1.4042942287692752,0.0,-0.9919839679358714,0.0,0.0,,-0.9919839679358714,0.0,-0.9919839679358714,,,0.010509227887961057,0,0.07268341763133024,,-0.9919839679358714,0.0,0.0,15370274.0,15370274.0,4.094584003542005,0.0,11616468.0,,,0.0
0xfb81f27f1c8758d477332f8e751322c424da1cf3,0.02380087052381293,0.0022886524,0,159.758,1,1764817915,-0.1503006012024048,-0.15130260521042083,-0.1503006012024048,-0.1503006012024048,-0.15130260521042083,0.0,-0.1503006012024048,0.0,0.0,,-0.1503006012024048,0.0,-0.1503006012024048,,,-0.9650000047760011,0,0.07268341763133024,,-0.1503006012024048,0.021558921630384746,17.170202,29360661.0,29360661.0,6.714329327694887,71.87644615235173,24987825.0,0.0,0.2434881087202718,832.0
0xb4763416499108750f49f22278c75cb4ff0b2d87,0.023800866738596733,0.0022886174,0,333.333333,2,1764944345,-0.0020040065250501006,-0.0030060105330661333,-0.0020040065250501006,-0.0020040065250501006,-0.004251140864498503,0.0,-0.0020040065250501006,0.0,0.0,,-0.0020040065250501006,0.0,-0.0020040065250501006,,,-0.01569998764959997,0,0.07268341763133024,,-0.0020040065250501006,0.03834061525516662,4.999999,10251356.0,10251356.0,2.27845075174484,14.644549818639799,5752090.0,,0.3870967741935484,217.0
0xd0394bd0de8d901c3fde039a86bf08e6aa4a2532,0.02380074793357615,0.0022875213,0,61358.78908,21,1764824239,0.00037625352026585384,0.001150381244466343,0.00037625352026585384,0.00037625352026585384,0.0030502186512419657,-0.014173431192048634,0.00037625352026585384,-0.07093551118913714,0.0,-5.8679116102485445,0.0002620552538894804,-0.0023978620314023488,0.00014785698751310696,-0.046845450689106796,-0.07126529956509106,-0.04305000000000028,2,0.07268341763133024,-0.0018412736402518798,0.00037625352026585384,0.0,0.0,37008906.0,37008906.0,8.451142684898473,0.0,32629746.0,0.0,,0.0
0x8ebfdc251c6c378d4a3a54a8f15cebfa4b9183ce,0.023800590192290184,0.0022860658,0,88007.956956,57,1764885927,0.0,3.5527355197635573e-05,0.0,0.0,0.00018867578621073792,-0.03342038498216196,0.0,-0.033493882107921175,0.0,0.025113281541597903,1.7079899516303434e-06,0.001581875076110129,3.4159799032606867e-06,0.005767347084991563,-0.08602640311134935,-0.03210000000000003,3,0.07268341763133024,-0.014930060033413664,0.0,0.0,0.0,37410617.0,37410617.0,8.424205692246165,0.0,32969769.0,0.0,,0.0
0xb120679099d26b0af04811c26c6077c587f9f2ff,0.023800460083624023,0.0022848654,0,313.041536,11,1764830353,0.0002762899143093674,0.00036838655241248994,0.0002762899143093674,0.0002762899143093674,0.0012151128375859144,0.0,0.0002762899143093674,0.0,0.0,-0.06380879650000003,0.00021668449428067073,0.0,0.00015707907425197405,,,-0.19449978730820996,1,0.07268341763133024,-0.003463580422156221,0.0002762899143093674,0.0,0.0,4066141.0,4066141.0,0.9272262120907382,0.0,-319133.0,0.0,,0.0
0x03ac67436f169bb5348653f991d498bcb4944f55,0.023800395054785456,0.0022842654,0,298.793028,3,1764819859,4.670783543091432e-08,1.167695885772923e-07,4.670783543091432e-08,4.670783543091432e-08,2.4187144908900476e-05,-0.044697268169338084,4.670783543091432e-08,-0.04518973553664409,0.0,0.14999251999999194,0.0002505410563777421,-0.04323969008758482,0.0005010354049200534,-0.08596981140006364,-0.08936981140006364,,1,0.07268341763133024,-0.0009119375554047683,4.670783543091432e-08,0.0,0.0,46385984.0,46385984.0,10.603043810203028,0.0,42011204.0,0.0,,0.0
0x9ffa87e7454ae2eef021b7a1f4827af1bb4603ef,0.02380029944226775,0.0022833832,0,502.0,4,1764880783,0.0,0.0,0.0,0.0,0.0,0.0,0.0,0.0,1.0,0.0,0.0,0.0,0.0,,,-0.008000000000000007,1,0.07268341763133024,-0.031128090944235166,0.0,0.10552269796010681,9.999999,33194581.0,33194581.0,7.48349777171786,16.665306025641023,28758877.0,,0.21428571428571427,28.0
0xb8415ce9e03af2618cf6f6c549c26e8953613cfb,0.023800183970906403,0.0022823177,0,217.206,3,1764854819,0.002987168122016724,0.003989172130032757,0.002987168122016724,0.002987168122016724,0.004553133035385637,-0.08972765957684489,0.002987168122016724,-0.08894843135892834,0.0,,0.002987168122016724,0.001953449262494395,0.002987168122016724,0.0006453860529827383,-0.0886879472803506,,1,0.07268341763133024,-0.00832965205911596,0.002987168122016724,0.0,0.0,49584350.0,49584350.0,11.244279708100704,0.0,45174610.0,,,0.0
0xdc4f1a90ae2b3e099e940d7925673e31ab2e5c00,0.023800176552092,0.0022822493,0,91.85910399999999,11,1764666424,6.502289104486584e-13,-0.00011593567094983216,6.502289104486584e-13,6.502289104486584e-13,-0.010366069932178281,0.0,6.502289104486584e-13,0.0,0.0,0.1853354666387785,0.001080226019998997,0.0,0.002160452039347765,,,-0.06955394074699142,1,0.07268341763133024,0.01916044881416291,6.502289104486584e-13,0.0076004799264956045,2.999999,3994715.0,3994715.0,0.9463133195699475,12.506682846779238,-226630.0,0.0,0.36774193548387096,308.0
0x5d5542eb677346a9744796582a31bbbea4717cba,0.023800091261122456,0.0022814623,0,402.0,3,1764835109,0.0003340013360053442,0.0006680026720106884,0.0003340013360053442,0.0003340013360053442,0.0011570145675142808,-0.0308010025098585,0.0003340013360053442,-0.030300000000000004,0.0,-1.200000000000001,8.350033400133605e-05,-0.0008666666666666674,-0.0001670006680026721,-0.08769699248246055,-0.08989699248246055,-0.020100000000000017,1,0.07268341763133024,-0.005500481430040301,0.0003340013360053442,0.0,0.0,26627221.0,26627221.0,6.065384746801275,0.0,22237191.0,,,0.0
0x2cde80346eed526242e266476cfcc65073635b98,0.023800057599028968,0.0022811517,0,159.758,1,1764817915,-0.1503006012024048,-0.15130260521042083,-0.1503006012024048,-0.1503006012024048,-0.15130260521042083,0.0,-0.1503006012024048,0.0,0.0,,-0.1503006012024048,0.0,-0.1503006012024048,,,-0.9650000047760011,0,0.07268341763133024,,-0.1503006012024048,0.029769728916740963,14.54,29360331.0,29360331.0,6.714253861795869,65.59661613823103,24987495.0,0.0,0.29516806722689076,943.0
0xa5f2cb15fc98fbb231fdb2a41b501c8132979b31,0.02379994614098948,0.0022801233,0,2287.367185,8,1764831813,5.332793105154195e-08,5.988631720990827e-08,5.332793105154195e-08,5.332793105154195e-08,4.05438018709625e-05,-0.032657035095271646,5.332793105154195e-08,-0.03139321582678631,0.0,16.351878873209564,0.003055379141753466,0.01719626763528528,0.006110704955575881,-0.060337468580309556,-0.06173746858030955,,1,0.07268341763133024,-0.0034483036645970903,5.332793105154195e-08,0.1302079770493681,11.56008,10827745.0,10827745.0,2.468293039878871,107.69294429787237,6441011.0,,0.6551724137931034,29.0
0x6e8f80ca0cddb8d3f207dc5147ac0e6062ae162c,0.02379983117597448,0.0022790625,0,20779.065553,20,1764824161,0.005648424134031712,0.005929676190189892,0.005648424134031712,0.005648424134031712,0.02656181983242983,-0.05096959295710433,0.005648424134031712,-0.04770049207221295,0.0,76.97228714651825,0.0064091668852379255,-0.04719815028085239,0.007169909636444138,-0.07142118878112523,-0.07061626979666358,,1,0.07268341763133024,-0.0018247238195628216,0.005648424134031712,0.0,0.0,34900772.0,34900772.0,7.969883185562636,0.0,30521690.0,0.0,,0.0
0xc4086b708cd3a50880b7069add1a1a80000f4675,0.023799793577788195,0.0022787156,0,179859.48340700008,50,1764835699,-0.00013303208735899205,-0.00019954813103848445,-0.00013303208735899205,-0.00013303208735899205,-0.0007744960175998531,-0.04123395473888579,-0.00013303208735899205,-0.04020348927933586,0.0,7.168007039199963,0.00021462529389967378,0.002239346988891169,0.0005622826751583396,-0.03436149092473375,-0.08520149080129272,,2,0.07268341763133024,-0.0042728242184135005,-0.00013303208735899205,0.0,0.0,54250551.0,54250551.0,12.356011451685639,0.0,49859931.0,0.0,,0.0
0xb6fa57039ea79185895500dbd0067c288594abcf,0.02379978759741088,0.0022786604,0,8197.995999999997,103,1764403571,-0.18204158633964157,-0.1830435903476575,-0.18204158633964157,-0.18204158633964157,-3.0313707577440563,0.0,-0.18204158633964157,0.0,0.0,,-0.18204158633964157,0.0,-0.18204158633964157,,,-0.02552303707812891,0,0.07268341763133024,,-0.18204158633964157,0.0,0.0,16400921.0,16400921.0,4.143224490538316,0.0,12442429.0,,,0.0
0x817ea740be97ecea64c1ca924d55b5329e673cbf,0.023799784544138645,0.0022786323,0,3.0,2,1764184757,0.0,0.0,0.0,0.0,0.0,-0.008999998016470636,0.0,-0.005000000000000001,0.0,1.0,0.0012525050100200396,-0.005000000000000001,0.002505010020040079,-0.066,-0.066,,1,0.07268341763133024,0.13384221910180305,0.0,0.0862781074294598,3.96,2695814.0,2695814.0,0.7208679463846888,7.507089827586206,-1043864.0,,0.2653061224489796,49.0
0x4959175440b8f38229b32f2f036057f6893ea6f5,0.023799682120955002,0.0022776872,0,842.4479259999999,19,1764461164,5.215793852547516e-08,-9.555334337867043e-06,5.215793852547516e-08,5.215793852547516e-08,-0.0029614568554851522,0.0,5.215793852547516e-08,0.0,0.0,-0.13127973999999862,-0.0004407598984064421,0.0,-0.0008815719547514097,,,-0.024542714094724166,3,0.07268341763133024,0.07507995897341886,5.215793852547516e-08,0.0,0.0,31334611.0,31334611.0,7.8022778402349555,0.0,27318526.0,0.0,,0.0
0x6aadd73e75f01c89fce7165526e609e144c34b75,0.023798772367603825,0.0022692927,0,407.10800300000005,4,1764825497,3.889112668215174e-07,4.242668364378866e-07,3.889112668215174e-07,3.889112668215174e-07,7.142411959184728e-05,-0.042405811634403344,3.889112668215174e-07,-0.041737514222697766,0.0,1.49369000399974,0.0013780958120698083,-0.04058747361825957,0.002755802712872795,-0.07889898781772295,-0.07939898781772296,,1,0.07268341763133024,-0.0021081925431600227,3.889112668215174e-07,0.06968077486938637,3.1783694999999996,2581252.0,2581252.0,0.5892707043026487,14.284112900000002,-1799166.0,,0.3382352941176471,68.0
0xcd91a549956854fdc38efad7e80ff5da8f5432b8,0.02379876126525959,0.0022691903,0,2959.3812460000004,96,1764262957,-0.8938412104980044,-0.8948432145060208,-0.8938412104980044,-0.8938412104980044,-8.486515015568308,0.0,-0.8938412104980044,0.0,0.0,,-0.8938412104980044,0.0,-0.8938412104980044,,,-0.05007509385949818,0,0.07268341763133024,,-0.8938412104980044,0.0,0.0,15210925.0,15210925.0,3.9841307134486748,0.0,11393047.0,0.0,,0.0
0xebc0df15e665da95bf819105b723ae90042ffa41,0.02379873060767617,0.0022689074,0,353.648591,28,1764292423,-0.7102509964704327,-0.7112530004784487,-0.7102509964704327,-0.7102509964704327,-3.768174194240068,0.0,-0.7102509964704327,0.0,0.0,,-0.7102509964704327,0.0,-0.7102509964704327,,,-0.05207809761387811,0,0.07268341763133024,,-0.7102509964704327,0.0,0.0,10872725.0,10872725.0,2.826034012035316,0.0,7025381.0,0.0,,0.0
0x21064fd320bfd5a86f8c92a94d3209edf4154dea,0.02379873060767617,0.0022689074,0,1.6,1,1764432103,-0.9989979959919836,-0.9999999999999997,-0.9989979959919836,-0.9989979959919836,-0.9999999999999997,0.0,-0.9989979959919836,0.0,0.0,,-0.9989979959919836,0.0,-0.9989979959919836,,,-0.048847368359433624,0,0.07268341763133024,,-0.9989979959919836,0.0,0.0,9933408.0,9933408.0,2.4914342125856277,0.0,5946384.0,,,0.0
0x660622caad009a8cc1f38038c0913be658621338,0.02379832837870424,0.0022651958,0,49950.0,12,1765095985,7.51122611002862e-18,0.00100200400801604,7.51122611002862e-18,7.51122611002862e-18,0.003142990978082855,-0.0001448388912024209,7.51122611002862e-18,-0.0001926268734785906,0.0,,7.51122611002862e-18,2.740792753585068e-18,7.51122611002862e-18,1.666724052468116e-17,-0.00019999995067940168,,1,0.07268341763133024,-0.059499575857800545,7.51122611002862e-18,0.0,0.0,43443740.0,43443740.0,9.34091981218283,0.0,38792834.0,0.0,,0.0
0x39d0f1dca6fb7e5514858c1a337724a426764fe8,0.023798296989933534,0.0022649062,0,1908.3846549999998,9,1764818533,-0.0005195586653206572,-0.0007793379979809859,-0.0005195586653206572,-0.0005195586653206572,-0.0015305879238803682,0.006638179831427457,-0.0005195586653206572,0.007129053961848831,0.0,23.432996652666642,0.006002692524052445,0.03053659380922294,0.012524943713425546,0.06962156628898401,0.06766301108992556,,1,0.07268341763133024,-0.0006305906036907798,-0.0005195586653206572,0.0,0.0,39798204.0,39798204.0,9.099948004483412,0.0,35424750.0,0.0,,0.0
0x56471a1042a97a710bc1889814487b6705047cbe,0.023798288562408735,0.0022648284,0,501.0,4,1764863395,0.0,0.0,0.0,0.0,0.0,0.0,0.0,0.0,1.0,-0.5000000000000004,-0.00012525050100200408,0.0,-0.00025050100200400816,,,-0.00770000000000004,1,0.07268341763133024,-0.010465851991134388,0.0,0.07807471322988367,5.4949995000000005,38943382.0,38943382.0,8.814078033350263,13.569146666666667,34525066.0,,0.275,38.0
0x4cc44ee4b0025d7d7a3f052ddacb15aadf23bb77,0.023798274205344732,0.002264696,0,250.0,2,1764837803,-0.003006012024048098,-0.0040080160320641305,-0.003006012024048098,-0.003006012024048098,-0.005668190630753891,0.0,-0.003006012024048098,0.0,0.0,,-0.003006012024048098,0.0,-0.003006012024048098,,,-0.00880000000000004,0,0.07268341763133024,,-0.003006012024048098,0.0,0.0,10128888.0,10128888.0,2.3058330093126727,0.0,5736164.0,,,0.0
0xec9b4fddd8afff7e3072c53bbe9684640d722d72,0.02379827304466858,0.0022646852,0,23.409905999999978,50,1764818607,0.00016752150388157867,0.00028332483561841864,0.00016752150388157867,0.00016752150388157867,0.0015084572347538157,-0.02647064196433918,0.00016752150388157867,-0.02568829900644748,0.0,0.011276729321836787,0.004484883139757718,0.006750819003981856,0.008802244775633858,-0.033771304245554946,-0.05140194245432208,,2,0.07268341763133024,-0.0006462917156265529,0.00016752150388157867,0.14695206639685196,0.21826,4116513.0,4116513.0,0.9412339420257513,1.0747075232558139,-257015.0,0.0,0.4,15.0
0xb826e1997a23ff14f8144f92877685f131c62606,0.023798170526903216,0.0022637392,0,871.43604,21,1764678560,0.0,1.103907916228167e-17,0.0,0.0,3.1917654427831794e-09,0.0,0.0,0.0,0.0,0.41477777777778146,0.000787138249563106,0.0,0.001574276499126212,,,-1.0138083326255116,1,0.07268341763133024,0.024737101854810546,0.0,0.07420355793057797,2.35,3643242.0,3643242.0,0.8605783278583274,15.071926891089106,-590239.0,,0.359375,128.0
0xaf51a9e749c14a2b9d0589b7b1f0cc8ca8aa4b53,0.023798066218105454,0.0022627767,0,8977.347319999999,7,1764829115,-2.633437588933404e-09,-2.74549876293057e-09,-2.633437588933404e-09,-2.633437588933404e-09,-1.1610298766979041e-05,0.0,-2.633437588933404e-09,0.0,0.0,-424.39679100000035,-0.005944802962237717,0.0,-0.011889603291037847,,,-0.372600023904,1,0.07268341763133024,-0.02095079992921769,-2.633437588933404e-09,0.0,0.0,4221484.0,4221484.0,0.9629218373206789,0.0,-162552.0,,,0.0
0x1e1aed3928a9617e7c7ae674c4fa7aebbd9d7690,0.023797956459692477,0.002261764,0,390.0,3,1764834373,-0.024048096192384835,-0.02505010020040087,-0.024048096192384835,-0.024048096192384835,-0.039597622524162955,0.0,-0.024048096192384835,0.0,0.0,,-0.024048096192384835,0.0,-0.024048096192384835,,,-0.1795000000000002,0,0.07268341763133024,,-0.024048096192384835,0.0,0.0,12606043.0,12606043.0,2.87199786571599,0.0,8216749.0,,,0.0
0x4e25605fd905e9972efc0f4d8814530c655cd7a7,0.023797865423663942,0.0022609239,0,3254.48544,8,1764699570,0.0042447700278606,0.004874077423138963,0.0042447700278606,0.0042447700278606,0.007992223762999205,-0.005629591053216958,0.0042447700278606,-0.00555222990791359,0.0,-220.054,-0.03777028141649151,0.00031240423842787376,-0.07978533286084362,0.005587764239244562,-0.0857122357607554,-1.0421458413209173,1,0.07268341763133024,-0.015545798233921956,0.0042447700278606,0.0,0.0,133146607.0,133146607.0,31.29554322714515,0.0,128892116.0,0.0,,0.0
0xbacd00c9080a82ded56f504ee8810af732b0ab35,0.02379781970392411,0.002260502,0,26689.625998,59,1764652764,0.0,0.0007341274196719108,0.0,0.0,0.002228195618913422,-9.668502354609709e-05,0.0,-0.0001546152480846832,0.0,-458.6456893238332,-0.023995583313533582,-3.289153169820278e-18,-0.047991166627067164,0.0,-0.0002249997752250002,-1.0550747886096097,3,0.07268341763133024,0.011094320822941955,0.0,0.0,0.0,18145277.0,18145277.0,4.312413357939104,0.0,13937592.0,0.0,,0.0
0x088ffbbc6f2c0b3839d2832e75f37e1bcecbc9e7,0.023797764118726725,0.002259989,0,20205.753535,23,1764828573,-0.005336412336420659,-0.006279859258332697,-0.005700340188533137,-0.006064259178728185,-0.017038287357359516,0.0,-0.006064259178728185,0.0,0.0,-10.257982734271803,-0.006459568155736076,0.0,-0.00612703029043644,,,-0.011800002005094345,1,0.07268341763133024,-0.0029114953781443067,-0.006064259178728185,0.0,0.0,48812418.0,48812418.0,11.135504691006764,0.0,44428924.0,0.0,,0.0
0x00ee3b6011fe1bf274ba09549effd20fcba01128,0.023797672906795745,0.0022591474,0,4.999989,3,1764847957,1.6703417962395637e-09,-3.3406869317050258e-09,1.6703417962395637e-09,1.6703417962395637e-09,-2.5874240839472833e-06,0.0,1.6703417962395637e-09,0.0,1.0,0.49999783399999814,0.00012525183755065817,0.0,0.0002505020047595201,,,-0.00770000000000004,1,0.07268341763133024,-0.0073905558236060705,1.6703417962395637e-09,0.0,0.0,7115726.0,7115726.0,1.6161533433358817,0.0,2712848.0,,,0.0
0xd0d37f1a893871186dd1e1e41585e3056da5dfcd,0.02379739899550622,0.0022566197,0,1191.6771199999998,19,1764830257,0.003327655773067813,0.003679113370723861,0.003327655773067813,0.003327655773067813,0.01129488636599156,-0.02964505509423274,0.003327655773067813,-0.02868785199795022,0.0,-16.986938185500037,0.002222572734456413,0.002565421031683331,0.0011174896958450137,-0.07988584741464293,-0.08331645855884966,-0.1540999998846151,1,0.07268341763133024,-0.004093322317093716,0.003327655773067813,0.04961435963691588,20.4802,4397780.0,4397780.0,1.0028737716006055,90.70516911299435,12602.0,,0.4418604651162791,43.0
0x48185887c8dc95de60ee89722f1d0ee7894cbf0b,0.023797261183159425,0.002255348,0,39960.0,1,1765051047,0.0,0.0010020040080160326,0.0,0.0,0.0010020040080160326,-0.0003000000000000003,0.0,-0.00010000000000000009,0.0,,0.0,0.0,0.0,0.0,-0.0001000000000000001,,1,0.07268341763133024,-0.04996475736901984,0.0,0.0,0.0,35949412.0,35949412.0,7.804963473476151,0.0,31343444.0,0.0,,0.0
0x69645cea639e7a19cbde6c126a197bc1abafef53,0.023797073919076282,0.00225362,0,116445.07756199998,23,1764819391,0.0007218296110295844,0.0009947655839303618,0.0007218296110295844,0.0007218296110295844,0.0047805755052312115,-0.05868700934507379,0.0007218296110295844,-0.05769252517525703,0.0,-0.5323805008004274,0.0007120765911082433,-0.056797788454517086,0.0007023235711869021,-0.08287318429997029,-0.08322558814612412,,1,0.07268341763133024,-0.0008126386312704194,0.0007218296110295844,0.0,0.0,27548706.0,27548706.0,6.297837465640311,0.0,23174394.0,0.0,,0.0
0x11b8c98efccfeda7d5fb86931bbd19de3324435f,0.023797012229727504,0.0022530507,0,38.772473,12,1764811389,-4.2516888911830793e-07,-5.102026669419715e-07,-4.2516888911830793e-07,-4.2516888911830793e-07,-5.5383668197925364e-05,-0.016859599781042095,-4.2516888911830793e-07,-0.01655458182953265,0.10393781590556485,-0.22625950685714238,-0.005394445693406235,-0.0006659096750797937,-0.010788466217923351,-0.07328315462298825,-0.07378314864946472,-0.3861344609525157,1,0.07268341763133024,-0.000726070338435346,-4.2516888911830793e-07,0.0,0.0,33802094.0,33802094.0,7.741569883952353,0.0,29435784.0,0.0,,0.0
0xce66940dfe6dc18bc151d66d52a66eb2121bcc64,0.023796744860557956,0.0022505834,0,14066.11044,6,1764831015,-0.02986862343021867,-0.0308706274382347,-0.02986862343021867,-0.02986862343021867,-0.06075765315676148,0.0,-0.02986862343021867,0.0,0.0,,-0.02986862343021867,0.0,-0.02986862343021867,,,-0.22684999999999977,0,0.07268341763133024,,-0.02986862343021867,0.0,0.0,11131812.0,11131812.0,2.538069866956563,0.0,6745876.0,0.0,,0.0
0xff052a89d46a289a32283dfa7815ba23da49fad7,0.023796738250165487,0.0022505224,0,88.95992100000004,129,1764817915,0.0001251010917667173,0.00015124664426711026,0.0001251010917667173,0.0001251010917667173,0.0017634347014685767,-0.0023662669798121838,0.0001251010917667173,-0.002343789059287047,0.02782980503985876,0.027188909583333434,0.00023066306755979105,0.0001305663641114589,0.0003362250433528648,-0.029544220067314553,-0.08579646425307684,-0.015500000000000014,2,0.07268341763133024,-0.0026034141007018397,0.0001251010917667173,0.0,0.0,7404653.0,7404653.0,1.6933296835280354,0.0,3031817.0,0.0,,0.0
0x9be90ea78bff3f81f3564a11d5e12b2a0783c030,0.023796694071596167,0.0022501147,0,812.4702469999999,22,1764403893,-0.663912646689727,-0.6649146506977435,-0.663912646689727,-0.663912646689727,-3.181837294740389,0.0,-0.663912646689727,0.0,0.0,,-0.663912646689727,0.0,-0.663912646689727,,,-0.07411113891205727,0,0.07268341763133024,,-0.663912646689727,0.0,0.0,13963647.0,13963647.0,3.5272298723809707,0.0,10004833.0,0.0,,0.0
0x61ab8fff2d2d3b219cf0ae4246ce69c66b17790b,0.023796197944945512,0.0022455363,0,1155.883233,15,1764830415,0.00691083489771516,0.007183247470952677,0.00691083489771516,0.00691083489771516,0.029567429379098818,-0.04152906174542668,0.00691083489771516,-0.04003882340313867,0.0,1.951239018754791,0.00810422010102502,0.020603170456128975,0.009297605304334879,-0.06122061550578443,-0.0629872821724511,,1,0.07268341763133024,-0.003151679955323971,0.00691083489771516,0.019574634346029695,1.56,20810945.0,20810945.0,4.745575937624848,8.125665886134069,16425609.0,,0.5370370370370371,308.0
0xbdadedcbe74b0692db4273e82ea75f55420f56c7,0.023796147358961666,0.0022450695,0,1.0,1,1764833595,-0.01903807615230462,-0.02004008016032065,-0.01903807615230462,-0.01903807615230462,-0.02004008016032065,0.0,-0.01903807615230462,0.0,0.0,,-0.01903807615230462,0.0,-0.01903807615230462,,,-0.14400000000000102,0,0.07268341763133024,,-0.01903807615230462,0.09844574058912076,3.05,9708495.0,9708495.0,2.212250109148514,14.595448489510492,5319979.0,,0.3611111111111111,72.0
0xdc8d49e3317dab913726f10c75a6dff742c784bc,0.023796087185745933,0.0022445142,0,37691.584061,56,1764704671,0.0002116645571683537,0.00042212425454973834,0.0002116645571683537,0.0002116645571683537,0.0009210656057360948,0.0,0.0002116645571683537,0.0,0.0,-7735.89718107353,-0.09049209686107619,0.0,-0.18119585827932072,,,-1.040243145806464,1,0.07268341763133024,-0.005879854242758711,0.0002116645571683537,0.0,0.0,124510921.0,124510921.0,29.230715289163843,0.0,120251329.0,,,0.0
0xb8e69b66c2a4d26db7b602d8f170dfb46b8f9767,0.023795847074647845,0.0022422983,0,2382.979996,2,1764985351,2.6800027349865353e-10,0.001002004276016306,2.6800027349865353e-10,2.6800027349865353e-10,0.0014170480366980942,-9.999970538760125e-05,2.6800027349865353e-10,-0.09039999970538762,0.0,,2.6800027349865353e-10,-0.0001999994065876055,2.6800027349865353e-10,-9.999970538760125e-05,-0.09039999970538762,,1,0.07268341763133024,-0.036025564805066454,2.6800027349865353e-10,0.0,0.0,40609680.0,40609680.0,8.944327564515959,0.0,36069408.0,0.0,,0.0
0xb401123e33dbbe1d575c4ee4f30c714a2819df2a,0.023795564479755466,0.0022396904,0,30031.431325999998,38,1764577368,0.000488765070227722,0.0006109563377846526,0.000488765070227722,0.000488765070227722,0.001750946799048396,-0.03468872301059195,0.000488765070227722,-0.034050141700747945,0.0,-195.07411846846156,-0.01500485493016632,-0.007336927967660939,-0.030498474930560363,-0.042734550907695006,-0.05448788428422395,-0.024018123273218017,2,0.07268341763133024,-0.0017890780519248502,0.000488765070227722,0.0,0.0,9897951.0,9897951.0,2.395270756716193,0.0,5765662.0,0.0,,0.0
0xbe1d335845a1821ea8c20def8966929b294e244b,0.023794853806294796,0.0022331318,0,10.0,2,1764875431,0.0,0.0010020040080160326,0.0,0.0,0.001417047657688473,-0.09430300463645248,0.0,-0.09600750884404623,0.0,,0.0,-0.005207508844046221,0.0,-0.00010825965011451721,-0.09100000000000001,,1,0.07268341763133024,-0.012703048264793737,0.0,0.0,0.0,31317875.0,31317875.0,7.068936057450966,0.0,26887523.0,,,0.0
0xff7ca9cd180d33119e653e3eb50555a3e2ccb233,0.02379472514101436,0.0022319444,0,42.89,2,1764828989,-0.0460921843687375,-0.047094188376753526,-0.0460921843687375,-0.0460921843687375,-0.06660123991135823,0.0,-0.0460921843687375,0.0,0.0,,-0.0460921843687375,0.0,-0.0460921843687375,,,-0.35570002390399996,0,0.07268341763133024,,-0.0460921843687375,0.0,0.0,14228809.0,14228809.0,3.245689122267565,0.0,9844899.0,,,0.0
0x4b7410aefbf0f38012b0dfb1131a4de147a9e8d7,0.02379437282867633,0.0022286929,0,7555.225652,66,1764680904,0.0012960681153769715,0.0013671495664387685,0.0012960681153769715,0.0012960681153769715,0.014764148854541026,-0.005555941309936977,0.0012960681153769715,-0.005699761825563185,0.0,-11.796690059302325,-0.012321719927489799,-5.5357937042313404e-05,-0.025939507970356566,3.1067479638661113,3.102405106732697,-1.0412536831246475,3,0.07268341763133024,0.027974077039839663,0.0012960681153769715,0.0,0.0,15346970.0,15346970.0,3.6231359888569523,0.0,11111145.0,,,0.0
0x7e30c3a56d89edac738d788dd218a9e64fb91e50,0.0237943535292216,0.0022285148,0,272380.322596,15,1764820275,0.0004447429650978286,0.0013736058008569473,0.0004447429650978286,0.0004447429650978286,0.004131912161475177,-0.024029105887641553,0.0004447429650978286,-0.08702204654236544,0.0,4.593607199998903,0.00044894315932301755,-0.0010083576297456771,0.0004531433535482065,-0.023124041298023746,-0.0891070782492103,,3,0.07268341763133024,-0.0010002032657464117,0.0004447429650978286,0.0,0.0,35087991.0,35087991.0,8.019752943639553,0.0,30712795.0,0.0,,0.0
0x7ba5354929bf388707f397c8b21b8322dc954252,0.023794199058449945,0.0022270891,0,26901.022,7,1764192773,0.0006669145183855553,0.001000371777578333,0.0006669145183855553,0.0006669145183855553,0.0017341077221207563,-0.030857106542398507,0.0006669145183855553,-0.030820776720695726,0.0,-5.788999999999958,0.0003984775296400087,-0.029887823479423644,0.00013004054089446214,-0.08809096613147502,-0.09049096613147502,-0.0028,1,0.07268341763133024,-0.0008584689039478112,0.0006669145183855553,0.0,0.0,17042792.0,17042792.0,4.5475409678591685,0.0,13295098.0,0.0,,0.0
0x7df61ca342c9b53ba9b4c60745718ed48a77ac3b,0.02379411754732,0.0022263369,0,1854.2163600000001,12,1764723493,0.0,0.0,0.0,0.0,0.0,-0.03796026568543971,0.0,-0.03751070365148671,0.0,-0.666263999999981,-0.000437130179564581,0.0007407566421747792,-0.000874260359129162,-0.06638981523357342,-0.08726981140006362,-1.0388264393900164,2,0.07268341763133024,0.0030443182980334146,0.0,0.0,0.0,36772580.0,36772580.0,8.594909235057663,0.0,32494166.0,0.0,,0.0
0x426dd307ce9357c064a642f6343c4ab674d0a4f5,0.023794092899780333,0.0022261094,0,2505.0,6,1764857259,0.0,0.0,0.0,0.0,0.0,0.0,0.0,0.0,1.0,-2.500000000000002,-0.00012525050100200408,0.0,-0.00025050100200400816,,,-0.007400000000000006,1,0.07268341763133024,-0.008979338609755652,0.0,0.10196126130034468,4.999999,8779182.0,8779182.0,1.9897606172005675,6.545437826086957,4367002.0,,0.3333333333333333,15.0
0xc25427ea224b8f9fa2df801233f944006ed33f73,0.023793980232838446,0.0022250696,0,214028.17556300008,96,1764184757,0.002855058375789188,0.00298730677950494,0.002855058375789188,0.002855058375789188,0.04125137370313522,-0.03703576812506495,0.002855058375789188,-0.03486767126121708,0.0,-503.2665478666921,-0.010669465653596848,-0.03201788014047331,-0.024193989682982885,-0.06856461392723302,-0.06811146146833064,0.006121517699064339,1,0.07268341763133024,0.0006844836095243794,0.002855058375789188,0.0,0.0,16525713.0,16525713.0,4.4190203006782935,0.0,12786035.0,,,0.0
0x0dde1b35552efae5aa3759aedb6fa7b2d6f594c3,0.023793896729462298,0.002224299,0,15834.208993999999,94,1764486755,0.004218386809018476,0.004440407167387869,0.004218386809018476,0.004218386809018476,0.009433245230508706,0.0,0.004218386809018476,0.0,0.0,-654.3560983231588,-0.04030020756077906,0.0,-0.08481880193057659,,,-0.8157348694362963,2,0.07268341763133024,0.005018414858174402,0.004218386809018476,0.0,0.0,28401436.0,28401436.0,7.027143195050766,0.0,24359760.0,0.0,,0.0
0xff76de0257c2443434b1efcbc74176d1fe7a96c3,0.02379377142447929,0.0022231424,0,1006.0,4,1764918425,-0.0020040080160320653,-0.003006012024048098,-0.0020040080160320653,-0.0020040080160320653,-0.006012024048096196,0.0,-0.0020040080160320653,0.0,0.0,,-0.0020040080160320653,0.0,-0.0020040080160320653,,,-0.016100000000000017,0,0.07268341763133024,,-0.0020040080160320653,0.008244461588482029,2.1,11172530.0,11172530.0,2.4975778757109333,2.646617687058823,6699184.0,,0.23507462686567165,268.0
0x6828e04b468e17d92fa1e5d60d59290278a81056,0.023793671978140054,0.0022222246,0,23738.715348000005,39,1764833559,-0.00019281420016975512,-0.00028922130025463267,-0.00019281420016975512,-0.00019281420016975512,-0.0009324176672373014,-0.01883197954858977,-0.00019281420016975512,-0.01787997180370407,0.0,-6.205432863999885,-0.0006182437231293289,0.00503115615469987,-0.0010436732460889027,-0.06674439134032009,-0.06831312159729012,-0.1327000006511797,1,0.07268341763133024,-0.0038187650354060076,-0.00019281420016975512,0.0,0.0,22536127.0,22536127.0,5.135292174055709,0.0,18147647.0,,,0.0
0x2c3928af89565c352afe8e2a1b25deed77a056dc,0.023793635322856513,0.0022218863,0,17770.508467,7,1764818695,0.0,-2.539365823003751e-05,0.0,0.0,-0.00015951347066842631,-0.015873118114504495,0.0,-0.0160721309738832,0.0,37.024500858500055,0.0016162632876518177,0.004264090669970324,0.0032325265753036353,0.04194329464041655,0.009787436568614588,,2,0.07268341763133024,-0.0006649633081988236,0.0,0.0,0.0,28527165.0,28527165.0,6.522558221846637,0.0,24153549.0,0.0,,0.0
0x0523ff55bd7525d5fbda5c77f80f61662db4e38b,0.023793610574895138,0.002221658,0,34696.86973799999,46,1764819581,0.0,3.420861350776369e-05,0.0,0.0,0.00018514094048440667,-0.006471905308829491,0.0,-0.0064259839082570465,3.2691548082099124e-05,11.362540906590853,0.00027805593493440803,-0.004436475353189145,0.0005561118698688161,-0.07369941833790694,-0.07573118403982898,0.0,1,0.07268341763133024,-0.0008529522970514584,0.0,0.0,0.0,27470424.0,27470424.0,6.279668862878563,0.0,23095922.0,,,0.0
0x6a13a9864a8e53c815cf1adb6026a0f35e3d4593,0.02379357841015105,0.002221361,0,1996.0,2,1764841939,0.0010020040080160326,0.0020040080160320653,0.0010020040080160326,0.0010020040080160326,0.0028340953153769455,-0.09170300479574184,0.0010020040080160326,-0.09019699248246055,0.0,,0.0010020040080160326,-0.001996993084327385,0.0010020040080160326,-0.08859699248246056,-0.09019699248246055,,1,0.07268341763133024,-0.005596809873538152,0.0010020040080160326,0.0,0.0,11720112.0,11720112.0,2.6655640616257967,0.0,7323252.0,,,0.0
0x1c1e841584db14084e10e7dca2ad0ab7b60dbfe7,0.02379291378251048,0.0022152269,0,15964.916855,11,1764850417,-0.00041258974743887104,-0.0008251794948777092,-0.00041258974743887104,-0.00041258974743887104,-0.002058913676754111,-0.026778457562634278,-0.00041258974743887104,-0.026441693815383405,0.09107517792182641,2.499986338999719,-0.0003389130235579291,0.0004707769705288155,-0.0002652362996769872,0.002609032560958772,-0.08931953866760858,-0.008000000000000895,1,0.07268341763133024,-0.0073956480761257805,-0.00041258974743887104,0.0,0.0,23437290.0,23437290.0,5.320202445306126,0.0,19031952.0,,,0.0
0xcd71fd5370880f3d92bb941e628c05840fe0d127,0.023792709700606252,0.0022133433,0,47674.115775,12,1764853125,0.0016110207236630552,0.0026092929461489296,0.0016110207236630552,0.0017678533912002647,0.007844875179795773,-0.08422390415822181,0.001767853391200282,-0.08281171503372148,0.0,1.9999995024999988,0.0017879239428411542,0.0010648569676369422,0.0016511618269447995,-0.0007083922789145427,-0.08909915548233371,,2,0.07268341763133024,-0.007970223902099748,0.001767853391200282,0.0,0.0,42834583.0,42834583.0,9.717362976702148,0.0,38426537.0,0.0,,0.0
0xfcfbf76b6f8a3787152e05f2bb70cd36f4ab1f69,0.023792226545397806,0.0022088839,0,10756.692,8,1764830903,0.0102386292541343,0.01124063326215033,0.0102386292541343,0.0102386292541343,0.025721064783060528,-0.08238165308638404,0.0102386292541343,-0.08063917948017071,0.0,,0.0102386292541343,0.010062789659289906,0.0102386292541343,-0.0718337029018842,-0.0761625296345157,,1,0.07268341763133024,-0.0032552224232247455,0.0102386292541343,0.057402317507006924,10.99,4463502.0,4463502.0,1.0177111530239245,128.00946367777777,77678.0,,0.3968253968253968,63.0
0xd6321c049c527e8a622d6aa35f514ae74f798afb,0.023792190321125308,0.0022085495,0,2192.2,8,1764835279,0.0010930952814720305,0.0013663691018400343,0.0010930952814720305,0.0010930952814720305,0.004716380152481482,-0.058058221929756265,0.0010930952814720305,-0.05638627689301658,0.0,1.6000000000000014,0.0014574603752960423,0.0011004902865712565,0.001821825469120054,-0.08380314798699172,-0.0874364768400631,,1,0.07268341763133024,-0.004183709799318572,0.0010930952814720305,0.0,0.0,42815177.0,42815177.0,9.752443396656188,0.0,38424977.0,0.0,,0.0
0x027a422d069cde53d7ff6baf4ed3212d7a23ea13,0.023792127256712436,0.0022079675,0,193.6,4,1764803307,-0.8957480177746794,-0.8967500217826954,-0.8957480177746794,-0.8957480177746794,-1.6447074984391192,0.0,-0.8957480177746794,0.0,0.0,,-0.8957480177746794,0.0,-0.8957480177746794,,,-1.044375153459772,0,0.07268341763133024,,-0.8957480177746794,0.0,0.0,13002490.0,13002490.0,2.983435010742898,0.0,8644262.0,,,0.0
0x5188fa0e8a77e87bc6a58e6781fdfc4e165cc804,0.023792127256712436,0.0022079675,0,1893.46342,16,1764551030,-0.8955435043480425,-0.8965455083560585,-0.8955435043480425,-0.8955435043480425,-3.0138234409062874,0.0,-0.8955435043480425,0.0,0.0,,-0.8955435043480425,0.0,-0.8955435043480425,,,-1.043747898663928,0,0.07268341763133024,,-0.8955435043480425,0.0,0.0,13510499.0,13510499.0,3.290467665103651,0.0,9404548.0,,,0.0
0x957f691adbd03039025f06d285a5c3e5384499c8,0.023792127256712436,0.0022079675,0,2.315,1,1764817589,-0.4629258517034066,-0.4639278557114227,-0.4629258517034066,-0.4629258517034066,-0.4639278557114227,0.0,-0.4629258517034066,0.0,0.0,,-0.4629258517034066,0.0,-0.4629258517034066,,,-1.3373890950256877,0,0.07268341763133024,,-0.4629258517034066,0.0,0.0,13242900.0,13242900.0,3.028672318645355,0.0,8870390.0,,,0.0
0x919d214d20f8454eedb576aec5cd237330b660e1,0.02379199197148412,0.0022067188,0,407.13772,4,1764830609,0.009707648630594527,0.010041649966599871,0.009707648630594527,0.009707648630594527,0.021346047062394208,-0.040738678128203386,0.009707648630594527,-0.03974256910343035,0.0,1.0129399999999844,0.010130552772211088,0.025399390896569656,0.010553456913827646,-0.05682008638110894,-0.05822008638110895,,1,0.07268341763133024,-0.003192842329858295,0.009707648630594527,0.0,0.0,94492142.0,94492142.0,21.54634491156143,0.0,90106612.0,,,0.0
0x9f2c90803b62a0c5c3a82f2aa14a9bfa790f047c,0.023791582588778254,0.0022029402,0,87.260362,4,1764698058,-3.7702339979025846e-06,-3.7785476340733197e-06,-3.7702339979025846e-06,-3.7702339979025846e-06,-0.001855150387507756,0.0,-3.7702339979025846e-06,0.0,0.0,-39.57240994200048,-0.11360550319706407,0.0,-0.22720723616013022,,,-1.042999704482222,1,0.07268341763133024,-0.00618326762205811,-3.7702339979025846e-06,0.05881520948758405,32.426,19040160.0,19040160.0,4.476899603783607,58.874777495652175,14787181.0,,0.43636363636363634,55.0
0x6ffb4354cbe6e0f9989e3b55564ec5fb8646a834,0.023791415850980418,0.0022014012,0,15894.815808000001,32,1764818529,0.0035716567894962426,0.0039319232179267395,0.0035716567894962426,0.0035716567894962426,0.010967604541759622,-0.0515854155255521,0.0035716567894962426,-0.05298541967565491,0.0,9.753632726133274,0.005119047326728584,-0.04945207586825261,0.006666437863960926,-0.06816387704103938,-0.07054766370770604,,1,0.07268341763133024,-0.0006297418949374947,0.0035716567894962426,0.0,0.0,45245290.0,45245290.0,10.345445815088775,0.0,40871840.0,0.0,,0.0
0xb3fe2aeb7f5c6a2dc0cb3d9dbb009fa7c7b54a24,0.023791035662794745,0.002197892,0,5095.0,7,1764832581,0.0003340013360053442,0.0006680026720106884,0.0003340013360053442,0.0003340013360053442,0.0011570145675142806,-0.0309,0.0003340013360053442,-0.030065664160820186,0.0,-85.00000000000006,-0.0010855043420173686,0.00026766917251315415,-0.0025050100200400814,-0.0017944484710633636,-0.09019699248246055,-0.15210000000000104,1,0.07268341763133024,-0.007971921319606319,0.0003340013360053442,0.0,0.0,44281297.0,44281297.0,10.09259870422851,0.0,39893795.0,0.0,,0.0
0x098fa93a396611d1fe6f5968f9b3f34853e947cd,0.023790894430649464,0.0021965883,0,298.966362,13,1764736849,9.916706311510241e-08,-1.0908376942661142e-07,9.916706311510241e-08,9.916706311510241e-08,-3.467457448801031e-05,0.0,9.916706311510241e-08,0.0,0.0,-0.07930935683333194,-0.0002828779015886254,0.0,-0.0005658549702403659,,,-1.0355556375589274,2,0.07268341763133024,0.014199746151211893,9.916706311510241e-08,0.0,0.0,34948878.0,34948878.0,8.1432318134476,0.0,30657108.0,0.0,,0.0
0x86fe39e7a0c596649c82609901759a3ec174922d,0.02379087937165312,0.0021964493,0,28.0238,4,1764904225,-4.0085505054645663e-07,1.6034202021860046e-06,-4.0085505054645663e-07,-4.0085505054645663e-07,8.016566519712174e-05,-0.04501196984730939,-4.0085505054645663e-07,-0.04491201055435903,0.0,-0.009369999999999486,-0.00012560124917122527,0.0009063118886333734,-0.00025080164329190405,0.003618090421898283,-0.08878190957810173,,1,0.07268341763133024,-0.018812478225316048,-4.0085505054645663e-07,0.09580483987327824,10.624988,30326134.0,30326134.0,6.800883846368789,11.381977972222222,25866988.0,0.0,0.07692307692307693,13.0
0x7b676d5a6379855773d405fcf19b9aa577651b07,0.023790801377804118,0.0021957294,0,44415.022,7,1764192773,0.005338797387714937,0.00567247222444712,0.005338797387714937,0.005338797387714937,0.009829815785270127,-0.025889460138726828,0.005338797387714937,-0.024963633620232555,0.0,33.84179999999977,0.0062805010612191,0.005062360014026408,0.007222204734723263,-0.07045254354950274,-0.07388315469370946,-0.0028,1,0.07268341763133024,-0.004085259583937508,0.005338797387714937,0.0,0.0,8055348.0,8055348.0,2.149414546651888,0.0,4307654.0,0.0,,0.0
0xea8ee311382139d952087a669252252625663de0,0.023790734028853205,0.0021951078,0,449225.6471290003,381,1764820423,0.0,0.00012213619268346495,0.0,0.0,0.0012454317357659072,-0.004863210006026305,0.0,-0.018352162607381317,0.005441980797201649,1.9028672496860293,6.460399242758466e-05,-0.0019085024247869312,0.0001292079848551693,-0.00322876483390398,-0.09107418071534178,-0.007700000000000007,3,0.07268341763133024,-0.001031605489617958,0.0,0.0,0.0,11768640.0,11768640.0,2.689763364891995,0.0,7393296.0,0.0,,0.0
0x79add3f87e377b0899b935472c07d2c3816ba9f1,0.02379019955720109,0.0021901743,0,52916.876476000005,13,1764830351,0.0005679232077905657,0.0011358464155811314,0.0005679232077905657,0.0005679232077905657,0.002113161767068747,-0.03622884040874218,0.0005679232077905657,-0.03739040213382923,0.0,12.54443837911106,0.0009082548265607829,0.0016282221242587026,0.001248586445331,-0.04363198799080752,-0.06945698799073254,,2,0.07268341763133024,-0.0031381006152714106,0.0005679232077905657,0.0,0.0,42184879.0,42184879.0,9.619672166287518,0.0,37799607.0,0.0,,0.0
0xa18d9584e5dbe2f7e38e585fc54e688e5d8ab16a,0.023790061987319457,0.0021889044,0,1054.65054,43,1764828753,-0.00027556664483529316,-0.0003668564973590822,-0.00027556664483529316,-0.00027556664483529316,-0.0028994562871554118,-0.030929127129874247,-0.00027556664483529316,-0.02999471376975372,0.0,0.8585538461538472,0.0020686821633473704,0.013224728315082026,0.004412930971530034,-0.06234583529009357,-0.0646273325584252,-0.03210000000000003,1,0.07268341763133024,-0.00279904146833404,-0.00027556664483529316,0.0,0.0,9865371.0,9865371.0,2.250480076757533,0.0,5481697.0,,,0.0
0x108d30065a573f9d2fb06e05ca140810f453508a,0.023790046197353355,0.0021887587,0,12135.767097,16,1764828865,-0.010399731815867562,-0.01157721927911179,-0.010905823204544392,-0.010905823708611446,-0.04705195898805224,0.0,-0.011243217489408047,0.0,0.0,5.610629521222225,-0.010740519256770475,0.0,-0.009731729635456076,,,-0.2572000239039999,1,0.07268341763133024,-0.003580277875732913,-0.011074520346976218,0.015200516371741503,21.381,18055171.0,18055171.0,4.118625087994715,103.97180497835774,13671385.0,,0.4177215189873418,289.0
0x713f81c54bcea95b8bb0f35a03cfa758aef822cc,0.023789866757466558,0.0021871023,0,2297.19854,15,1764818683,0.0022661395125553136,0.0025886369058319195,0.0022661395125553136,0.0022661395125553136,0.008909880387156047,-0.0076473944423757585,0.0022661395125553136,-0.0073587125725353125,0.0,-9.86535625103628,0.0014139381711166707,-0.007213419204074089,0.0005617368296780276,-0.07975785660544238,-0.07925785660544238,-0.4972500011940002,1,0.07268341763133024,-0.0007320112997083412,0.0022661395125553136,0.02053134309862238,19.9186425,23959499.0,23959499.0,5.478204931219196,46.90424867204302,19585895.0,,0.3897058823529412,135.0
0xd25b8718f61fb64a754356ad8cf16b5579f59f3d,0.023789372938854685,0.002182544,0,3951.7133199999994,11,1764833573,-0.0001312600223590073,-0.00017501336314534305,-0.0001312600223590073,-0.0001312600223590073,-0.0008375299190548338,-0.03579320708496346,-0.0001312600223590073,-0.034514472840898223,0.0,16.825739999999982,0.001709195818146692,0.008439786028959928,0.0035496516586523913,-0.06855696498512386,-0.07157382482105576,,1,0.07268341763133024,-0.003821735516042505,-0.0001312600223590073,0.0,0.0,29272407.0,29272407.0,6.6702625091888015,0.0,24883913.0,0.0,,0.0
0x4286369abdfdc6a05978342e6810f9273076d8b9,0.023789205055920623,0.0021809943,0,170.111763,5,1764832285,0.0,-0.00020048494953915858,0.0,0.0,-0.0008964077710174738,0.0,0.0,0.0,0.0,-0.8823519480000068,-0.0007515171948229422,0.0,-0.0015030343896458844,,,-0.25129974057318466,1,0.07268341763133024,-0.017782570153204662,0.0,0.021881669271222787,2.0,42848819.0,42848819.0,9.766767049461548,10.452212855921857,38461613.0,0.0,0.37389380530973454,452.0
0x69aa9fa621403e3a121b29ad77d32ba9eb5e8847,0.02378918583622337,0.0021808168,0,274756.67339999997,35,1764847753,0.0,-6.323337125514133e-05,0.0,0.0,-0.0002517143051914559,-0.04212810925275977,0.0,-0.04235471424883139,0.0,35.18704090909056,0.00035203898878533046,0.0003555629057226301,0.0007040779775706609,0.0014156445664675159,-0.08811107624476833,,1,0.07268341763133024,-0.006830408046437948,0.0,0.0,0.0,154863519.0,154863519.0,35.17487758575811,0.0,150460845.0,,,0.0
0x6c16abad96d6989efe1b0333cb9af9158f548bfa,0.023789180539459068,0.002180768,0,19000.653630999997,122,1764823883,0.0,1.8597818975580306e-05,0.0,0.0,0.0001507507362955766,-9.054258479060596e-08,0.0,-2.055316674746753e-05,0.026898761918228573,6.57726810008199,0.00016605699598638637,-2.2646783258128835e-08,0.00033211399197277273,0.0,-0.09079999999999999,0.0005999999768987796,2,0.07268341763133024,-0.0018344839702255995,0.0,0.0,0.0,10374648.0,10374648.0,2.3692880521713233,0.0,5995844.0,0.0,,0.0
0xbc7c974eea213c5d59ccc93c8b1aa7c76d95c08e,0.023789064565832026,0.0021796974,0,2052.743166,8,1764828385,0.0,2.0521958568489633e-08,0.0,0.0,9.069307523282156e-06,-0.0025671437502285096,0.0,-0.0024907173492027925,0.0,2.822587073999984,0.0013253938996091545,3.424990771664507e-05,0.002650787799218309,-0.08515129843389493,-0.08858190896476811,-0.2515000000000002,1,0.07268341763133024,-0.004089927482080575,0.0,0.02119565838759234,5.52135,9996902.0,9996902.0,2.280676274939509,20.40205564681725,5613596.0,,0.3021276595744681,152.0
0x4bf459194025b2ca11a2db2deb9ef2a08c467021,0.023788921604755948,0.0021783777,0,11484.659992,10,1764847361,3.565559696330505e-11,0.00013046031343470803,3.565558247930462e-11,3.565559696330505e-11,0.0003615546883607875,-0.005882046583068966,3.565559696330505e-11,-0.051283268487468475,0.0,0.12174370814846995,1.5915780485500325e-05,-0.00017039283709885766,3.183152531537472e-05,-0.009498495966716137,-0.0905566026333828,,2,0.07268341763133024,-0.006747234588616015,3.565561144730546e-11,0.0,0.0,41170906.0,41170906.0,9.352173713542204,0.0,36768624.0,0.0,,0.0
0xd3cf2464729c5021a99f60238a54abaa5744a583,0.023788718237259438,0.0021765004,0,6.547817,4,1764640412,-0.00012251140414589208,-0.00012277831352489952,-0.00012251140414589208,-0.00012251140414589208,-0.010638722315903201,0.0,-0.00012251140414589208,0.0,0.0,-5.985359960010653,-0.11508715663026396,0.0,-0.23005180185638205,,,-0.04156306072410589,1,0.07268341763133024,-0.028473754318336226,-0.00012251140414589208,0.04967672802189524,0.999999,19289193.0,19289193.0,4.597774002683458,3.2124592746478875,15093860.0,,0.39416058394160586,137.0
0x8db4f2bcb37078763c70dac5d99c285995479c07,0.023788654980048396,0.0021759165,0,400.4,6,1764348191,-0.71405152686325,-0.7150491459108691,-0.71405152686325,-0.71405152686325,-1.5912182794844245,0.0,-0.71405152686325,0.0,0.0,-198.2,-0.7376940500047712,0.0,-0.7613365731462923,,,-0.04814436084189417,1,0.07268341763133024,-0.01646876900311943,-0.71405152686325,0.0,0.0,14069951.0,14069951.0,3.6048032954217044,0.0,10166839.0,,,0.0
0x847667d84fc4d81db36689c4f4c5845c8d125418,0.023788511693487856,0.0021745937,0,30182.899843999996,23,1764897401,0.004030165994010794,0.0050321700020268265,0.004030165994010794,0.004030165994010794,0.01765984347901999,-0.08784503351670928,0.004030165994010794,-0.08879658995763937,0.0,,0.004030165994010794,0.002808830190192295,0.004030165994010794,0.004125731178706604,-0.08782644384366974,,1,0.07268341763133024,-0.01736458109221178,0.004030165994010794,0.0,0.0,7606599.0,7606599.0,1.7084566210619987,0.0,3154277.0,,,0.0
0x4c2da46b289847e3e8377c6f4ca3d520c620f8ae,0.023788301620417084,0.0021726545,0,995.0,2,1764892047,0.0,0.0,0.0,0.0,0.0,-0.044242452774827676,0.0,-0.043638679275023864,0.0,0.0,0.0,0.0019965722249761443,0.0,0.004930188599936371,-0.08626981140006364,,1,0.07268341763133024,-0.016228584425939763,0.0,0.0,0.0,66808496.0,66808496.0,15.023381324084186,0.0,62361528.0,,,0.0
0xdd572169e741c72227589c5cb56b9ddd638d694d,0.023787857695992686,0.0021685564,0,40438.91812,5,1764823661,0.002763779559118211,0.003097780895123555,0.002763779559118211,0.002763779559118211,0.0075868434351964555,-0.05918644805698618,0.002763779559118211,-0.05447286990686163,0.0,-115.87866000000113,0.0021187191048763878,-0.05493953012019419,0.0014736586506345648,-0.08246374216219143,-0.07906702621263058,,1,0.07268341763133024,-0.0017186352254021924,0.002763779559118211,0.0,0.0,10695691.0,10695691.0,2.4427294041769687,0.0,6317109.0,,,0.0
0xa61ef8773ec2e821962306ca87d4b57e39ff0abd,0.02378781007819455,0.0021681169,0,11951.0,5,1764820263,0.0,0.0,0.0,0.0,0.0,-0.04498356501332239,0.0,-0.04444909381025117,0.0,25.00000000000002,0.0005218770875083504,-0.04291576047244284,0.0010437541750167008,-0.07957844641386243,-0.08052457737968027,,1,0.07268341763133024,-0.0009976571394865567,0.0,0.0,0.0,35809883.0,35809883.0,8.184771886165244,0.0,31434699.0,0.0,,0.0
0x01ed5c64d1d8905afd7917d75a5652665f5cca5f,0.02378777587818081,0.0021678011,0,6790.1934,32,1764819241,0.009615752297072016,0.010617756305088046,0.009615752297072016,0.009615752297072016,0.05585631902308566,-0.08313626890948192,0.009615752297072016,-0.08062015932644562,0.0,,0.009615752297072016,-0.07902015932644561,0.009615752297072016,-0.07983873545029202,-0.07883873545029202,,1,0.07268341763133024,-0.0007808120530222307,0.009615752297072016,0.0,0.0,13808822.0,13808822.0,3.1569068543871945,0.0,9434660.0,0.0,,0.0
0x13098c1768ddd0ed2e17dc4a437e126c8eab2c97,0.02378761917917379,0.0021663546,0,32.299998,4,1764828443,-1.5525144543200888e-06,-1.6526767792190144e-06,-1.5525144543200888e-06,-1.5525144543200888e-06,-0.00023376821142830488,0.0,-1.5525144543200888e-06,0.0,0.0,-0.9392990430956594,-0.0038841200256734126,0.0,-0.007766687536892506,,,-0.22819973787768888,1,0.07268341763133024,-0.008212105896785983,-1.5525144543200888e-06,0.13217478074939512,1.1,8198731.0,8198731.0,1.870419841929623,3.0910775263157895,3815367.0,,0.42857142857142855,14.0
0x357ecb1969b0a288d37e6a28223e620ef2082a0c,0.02378756740037353,0.0021658766,0,134997.32759200002,35,1764818653,0.005471708719482447,0.005659423161037368,0.005471708719482447,0.005471708719482447,0.049376753531192176,-0.04642077089221073,0.005471708719482447,-0.045927774364591216,0.0,38.62319661446089,0.005683936202018183,-0.029265646942421203,0.005896163684553919,-0.05459315210024383,-0.05600882661622318,,1,0.07268341763133024,-0.0006560518662893308,0.005471708719482447,0.0,0.0,4044005.0,4044005.0,0.9246453815575087,0.0,-329569.0,0.0,,0.0
0x7740253843b20007a4c99c3766878351002acbcd,0.02378739720955341,0.0021643054,0,58.41256,8,1764818157,-0.0007616470285903648,0.00013440829916300557,-0.0007616470285903648,-0.0007616470285903648,0.0006356358732921299,-0.006452184158940258,-0.0007616470285903648,-0.005875728131703653,0.0,0.5513866666666652,0.002151519011025416,-0.005375656952521603,0.005064685050641196,0.031029802201729545,0.029469799915169383,,1,0.07268341763133024,-0.0005508119808819866,-0.0007616470285903648,0.0,0.0,51860145.0,51860145.0,11.858957237899713,0.0,47487067.0,0.0,,0.0
0x9e8077593bf0a6fd63f988dcf589f7558897f694,0.023787367095889432,0.0021640274,0,35919.030236,34,1764887463,4.058529353694939e-05,0.00010822988303307161,4.058529353694939e-05,4.058529353694939e-05,0.0008996940106268583,-0.046141704487298235,4.058529353694939e-05,-0.046031723239125855,0.0,0.5617822455238256,0.0001203820454423378,0.0009972634659496595,0.00020017879734772622,0.003254461986504492,-0.08836092262888015,,2,0.07268341763133024,-0.015255964194675117,4.058529353694939e-05,0.0,0.0,45212440.0,45212440.0,10.177517297018898,0.0,40770056.0,,,0.0
0x24ded84d901a743cfee095f8082b0f9f647183cb,0.0237864931853155,0.0021559596,0,165534.212992,21,1764819821,0.0006643970890450869,0.0010338173541357366,0.0006643970890450869,0.0006643970890450869,0.008311933398258987,-0.05634114870681508,0.0006643970890450869,-0.058101728191848404,0.0,33.11666320466975,0.000812519751205785,-0.05334223775132191,0.0009606424133664831,-0.08032225135096763,-0.08229283720615245,,1,0.07268341763133024,-0.0009038748222485605,0.0006643970890450869,0.0,0.0,28587077.0,28587077.0,6.534574381757827,0.0,24212335.0,,,0.0
0x819e6a947c9fa591a8cf41b2dac86793f114e967,0.02378645419537427,0.0021555996,0,1371.101,8,1764835225,-0.0011566659287851595,-0.001670006680026721,-0.0011566659287851595,-0.0011566659287851595,-0.003972715379517647,0.0,-0.0011566659287851595,0.0,0.0,-3.0680000000000027,-0.0013440682877581653,0.0,-0.0015314706467311713,,,-0.030199999991163427,1,0.07268341763133024,-0.00585609039766673,-0.0011566659287851595,0.06924101345807814,3.45,4820698.0,4820698.0,1.0980723647915127,9.343368982219497,430552.0,0.0,0.3533834586466165,122.0
0x26519b477f1cd031919e18f33fd8d3fcb48c3471,0.02378645096723187,0.0021555698,0,1599.2,10,1764835233,0.002070808283233134,0.002805611222444892,0.002070808283233134,0.002070808283233134,0.007484198353143667,-0.04986056747220122,0.002070808283233134,-0.04764730470502378,0.0,-0.2666666666666595,0.002004008016032067,0.0004860287142615609,0.001937207748831,-0.08514553219945101,-0.08864553219945101,-0.028400006983999842,1,0.07268341763133024,-0.004291920165362413,0.002070808283233134,0.0,0.0,13687614.0,13687614.0,3.117798145577581,0.0,9297460.0,,,0.0
0x3f8547e79f03efa2515dbf151d2ed8a05588ce10,0.023786285727263493,0.0021540443,0,5.01,2,1764921005,0.0010020040080160326,0.0020040080160320653,0.0010020040080160326,0.0010020040080160326,0.002834095315376946,-0.09329699248246054,0.0010020040080160326,-0.09330300751753946,0.0,,0.0010020040080160326,-0.0011030075178924026,0.0010020040080160326,0.0009030048786241762,-0.09129699248246055,,1,0.07268341763133024,-0.022372811445346762,0.0010020040080160326,0.0676409203953691,11.9665,9381471.0,9381471.0,2.095984384013498,19.297967149425286,4905545.0,0.0,0.375,48.0
0x46f7270173edcdbfb757bc7d62c1da72dea7d77f,0.023786247872538302,0.0021536949,0,37.07368,5,1764505036,-9.149622340902097e-05,-9.168483651501401e-05,-9.149622340902097e-05,-9.149622340902097e-05,-0.009450641928418668,0.0,-9.149622340902097e-05,0.0,0.0,-24.943843551707886,-0.12159810282702777,0.0,-0.2431047094306465,,,-0.0602477690514147,1,0.07268341763133024,-0.005379540432697184,-9.149622340902097e-05,0.035716232389985794,5.194,6565580.0,6565580.0,1.6171550585387973,12.606870947089945,2505623.0,,0.31,100.0
0xd5b97d08ec6098407bfbf66c2786ccc9967fe44e,0.023786099404906266,0.0021523242,0,30874.18993,17,1764843789,0.00048330344073882443,0.0009666068428251311,0.00048330344073882443,0.00048330344073882443,0.0026361679832801123,-0.017619076242456164,0.00048330344073882443,-0.04625604455313176,0.0,-0.1998551437045526,0.0004719806844529011,0.00013173707579328556,0.0004606579281669778,-0.016157934654270335,-0.08851793453675053,,2,0.07268341763133024,-0.00598933767193248,0.00048330344073882443,0.0,0.0,30389693.0,30389693.0,6.908773935994871,0.0,25990983.0,0.0,,0.0
0x34026514e0bda25f0f9fbb053fe3070cdc8c9446,0.023785644600736084,0.0021481253,0,133135.3389,14,1764881165,0.0,0.0,0.0,0.0,0.0,-0.04582103644392209,0.0,-0.046358826679910585,0.0,-7.787796000000457,-8.918466549135594e-05,-0.0005836629945529222,-0.00017836933098271189,0.00034120228606053163,-0.09113879699298424,,2,0.07268341763133024,-0.013919672262627832,0.0,0.0,0.0,33161474.0,33161474.0,7.475390242659858,0.0,28725388.0,0.0,,0.0
0xc436e72070fffd94efe821550ae0192c6d0b76c9,0.023784697997726405,0.0021393858,0,61.16986000000001,7,1764818867,0.0,0.00011378086068669913,0.0,0.0,0.0003376520079069372,0.0,0.0,0.0,0.0,-10.466802800000004,-0.0042537297808558595,0.0,-0.008507459561711719,,,-0.11930000119400083,1,0.07268341763133024,-0.014035945361827881,0.0,0.009903559883847383,5.32,8481758.0,8481758.0,1.9392247635230606,7.157228888888889,4107970.0,,0.48936170212765956,232.0
0xf1f9a438f2697381b4ac8eb283d6f4dd772d1245,0.0237841712488403,0.0021345224,0,7778.205436000001,12,1764825083,6.712178845158866e-09,2.550627961160341e-08,6.712178845158866e-09,6.712178845158866e-09,3.116377684452513e-05,-0.03197627025674206,6.712178845158866e-09,-0.029839023890323172,0.0,1.578954595333347,0.000444977932035007,-0.029164023438157244,0.0008899491518911688,-0.061764092449850094,-0.06119742607502354,,1,0.07268341763133024,-0.0020203511871950217,6.712178845158866e-09,0.0,0.0,45294060.0,45294060.0,10.341100145114023,0.0,40914056.0,0.0,,0.0
0xeec50edede5d961efb02e20bfd3275dd1e7fb6fe,0.023784159699226825,0.0021344158,0,11727.968207999997,42,1764819859,-0.00022229172718560216,-0.0002963889695808029,-0.00022229172718560216,-0.00022229172718560216,-0.0010899228146097435,-0.033256249314433196,-0.00022229172718560216,-0.032860937066775016,0.0,-1.8615987367272877,-0.0004907913449876749,-0.019365947639725125,-0.0007592909627897476,-0.06751182531395344,-0.06868700577042994,,1,0.07268341763133024,-0.0009119375554047683,-0.00022229172718560216,0.0,0.0,20283933.0,20283933.0,4.636560695623551,0.0,15909153.0,,,0.0
0x57b00c3ccef1b6bd6962fb9ca463c4e0b38e76f4,0.02378404135383022,0.002133323,0,14111.182358000004,42,1764826151,0.0,2.852436727519188e-05,0.0,0.0,0.00016906072972711205,0.0,0.0,0.0,0.0,0.9475319403461526,0.00031622295912453203,0.0,0.0006324459182490641,,,-0.018399999997750015,3,0.07268341763133024,-0.002336070843417054,0.0,0.0,0.0,10543596.0,10543596.0,2.4066246799869986,0.0,6162524.0,,,0.0
0x5b37823d2b66c17f8ba6e292e430389c35086c21,0.02378349701779583,0.0021282972,0,27.569996,4,1764902883,-3.733331230459935e-07,1.493441053050185e-06,-3.733331230459935e-07,-3.733331230459935e-07,7.736809877185586e-05,-0.045363849368499624,-3.733331230459935e-07,-0.04576399811133788,0.0,-0.009209464399287732,-0.00012556988363477252,0.0003531791232499249,-0.00025076643414649906,0.003618166637446302,-0.08948184499340524,,1,0.07268341763133024,-0.018527736438588918,-3.733331230459935e-07,0.09043797344573767,10.59675,30327880.0,30327880.0,6.803322891719779,11.438831044444443,25870076.0,0.0,0.13333333333333333,15.0
0x403ccf20a381a8f496521469705b484adaf372a1,0.023783390981360567,0.0021273182,0,106.0475,4,1764829463,0.000476853646279747,0.0005006963285937345,0.000476853646279747,0.000476853646279747,0.0032458734246804074,0.0,0.000476853646279747,0.0,0.0,-6.666666666666672,-0.0007458480108478094,0.0,-0.001968549667975366,,,-0.22680002390399986,1,0.07268341763133024,-0.0030014585059925203,0.000476853646279747,0.0,0.0,31098603.0,31098603.0,7.093038155417044,0.0,26714219.0,0.0,,0.0
0xeae3266903f9ddfe0fdff73febe6b5a70762d912,0.023783187180879337,0.0021254364,0,1676.659999,4,1764841527,-2.4046542352599645e-18,-6.0114348721641164e-09,-2.4046542352599645e-18,-2.4046542352599645e-18,-4.250934663663486e-06,0.0,-2.4046542352599645e-18,0.0,0.0,4.979999823915904e-07,3.742492082879873e-11,0.0,7.484984406225169e-11,,,-0.007299997519960133,1,0.07268341763133024,-0.02576976823037011,-2.4046542352599645e-18,0.13039853662907336,4.999999,30044087.0,30044087.0,6.833718265290526,13.012869189655172,25647639.0,,0.325,40.0
0x8b203cda6a48baee7d7b0f2c07cf6add26e038ff,0.023782757344470863,0.0021214676,0,19612.951078000002,17,1764829167,-8.95441282413069e-09,-1.081991561679726e-08,-8.95441282413069e-09,-8.95441282413069e-09,-1.7731507232754215e-05,0.0,-8.95441282413069e-09,0.0,0.0,-167.09137717934158,-0.002944738430418482,0.0,-0.0058894679064241395,,,-0.1619999999040005,1,0.07268341763133024,-0.004207897998787195,-8.95441282413069e-09,0.13638714140655958,0.6485,15329924.0,15329924.0,3.4967190439607965,18.17560298051948,10945836.0,,0.1134020618556701,194.0
0x4d1bcbaeed22c6da173b1a356c3c6d2270081419,0.023782584010027755,0.0021198671,0,3741.019475,12,1764829427,0.003844938920427448,0.0041712118917319975,0.004054697549943343,0.003914878794486523,0.01725902889475751,-0.032450756258174784,0.004054697549943336,-0.03168181240916494,0.0,25.65092952999998,0.007043349204418034,0.022866911908336007,0.009822242229376828,-0.05203866959202917,-0.05513866959202918,,1,0.07268341763133024,-0.002942048893262568,0.004054697549943343,0.0,0.0,31164320.0,31164320.0,7.108085398330607,0.0,26779972.0,0.0,,0.0
0x5117df52aeb1ff172837862f4984e430cc7649b3,0.02378249522514373,0.0021190473,0,2394.211611,13,1764830415,0.0012408829136542187,0.0015511036420677734,0.0012408829136542187,0.0012408829136542187,0.0037031494831520294,-0.026166906119347907,0.0012408829136542187,-0.025650288596494614,0.0,-2.3435154141666703,0.0007925662924710487,0.002545268651682043,0.0003442496712878786,-0.06497901217064429,-0.06745588234760203,-0.16214995008787314,1,0.07268341763133024,-0.003177565572299165,0.0012408829136542187,0.05246574920642049,3.9901400000000002,16403626.0,16403626.0,3.740563094823293,44.84415445301205,12018290.0,,0.44166666666666665,112.0
0xdb7118f26824cfbc472aa512c798f31b665410cd,0.023782209406078763,0.0021164082,0,70.0,4,1764830837,0.0063460253841015404,0.006680026720106884,0.0063460253841015404,0.0063460253841015404,0.011570145744106248,-0.025433338817567833,0.0063460253841015404,-0.023471803283506114,0.0,-10.000000000000009,0.00551102204408818,0.005194863563160553,0.00467601870407482,-0.06884667959354832,-0.07041540985051835,-0.21889999994230813,1,0.07268341763133024,-0.0039036359107345107,0.0063460253841015404,0.0,0.0,20053517.0,20053517.0,4.57241758437196,0.0,15667759.0,,,0.0
0x2ea09bde0f670768ca8ba23438c7ec404a343dab,0.023782057533756475,0.0021150059,0,334.66665299999994,4,1764910403,-5.008026118259581e-09,-1.502410828283184e-08,-5.008026118259581e-09,-5.008026118259581e-09,-6.720312877150453e-06,0.0,-5.008026118259581e-09,0.0,0.0,-0.333329504009958,-0.00012525469665305094,0.0,-0.0002505043852799836,,,-0.015099987649600004,1,0.07268341763133024,-0.020139434361077197,-5.008026118259581e-09,0.0,0.0,9363694.0,9363694.0,2.0969797488379345,0.0,4898370.0,,,0.0
0xc781e8dd03946230f2f32ab36077998bcb4a59d7,0.02378191872383631,0.0021137241,0,9810.350638000002,6,1764819437,6.138277806081622e-10,4.092185204054414e-09,6.138277806081622e-10,6.138277806081622e-10,9.055811367300478e-06,-0.03671924822853831,6.138277806081622e-10,-0.03493847996230108,0.0,2.07052783199999,0.00025933531508051845,-0.03538847996027905,0.0005186700163332563,-0.06891540985051836,-0.06781540985051834,,1,0.07268341763133024,-0.0008223987819331972,6.138277806081622e-10,0.0,0.0,27167959.0,27167959.0,6.2107305803503055,0.0,22793601.0,,,0.0
0x562bc8068347268d9a69b8dd464d00eed0f9dc09,0.023781875152057066,0.0021133218,0,6249.613378000001,37,1764824631,0.0019107269135952604,0.002163231967824739,0.0019107269135952604,0.0019107269135952604,0.012028349553289184,-0.04240207732979892,0.0019107269135952604,-0.04067600062748909,0.0,1.61371153654545,0.0024051586149030253,-0.03852943363269177,0.00289959031621079,-0.07121060692552529,-0.07092599129699453,,1,0.07268341763133024,-0.001924447098073813,0.0019107269135952604,0.0,0.0,27629425.0,27629425.0,6.308733176361418,0.0,23249873.0,,,0.0
0x61d0aceed741417e9b7ea45bcb7bf0295c8d1d86,0.023781605124752466,0.0021108284,0,110835.68948299997,43,1764828587,-2.3089854002501007e-11,-4.0407244911721086e-11,-2.3089854002501007e-11,-2.3089854002501007e-11,-5.323697431271869e-07,-0.00023887355498278948,-2.3089854002501007e-11,-0.00022620883144033776,0.0,-65.20992250740026,-0.0003891872756342103,0.00013826572704142074,-0.0007783745281785667,-0.05638189515458189,-0.05798188075175725,-0.027200000637559108,1,0.07268341763133024,-0.002763820055072711,-2.3089854002501007e-11,0.0,0.0,10809455.0,10809455.0,2.4659370987802465,0.0,6425947.0,,,0.0
0xef284c61a9a90842cbac8408cc067f89f7912d50,0.023780699878083615,0.0021024693,0,2000.0,4,1764845265,0.0,0.0,0.0,0.0,0.0,0.0,0.0,0.0,0.0,-2.0000000000000018,-0.00025050100200400816,0.0,-0.0005010020040080163,,,-0.02400000000000091,1,0.07268341763133024,-0.030937131474746034,0.0,0.03479663948655548,4.4,4547752.0,4547752.0,1.0335363096014578,17.397530471042472,147566.0,,0.25555555555555554,164.0
0x904580f941210f004016599c3f67f9f81328321a,0.02378027860768679,0.0020985792,0,38.051708,16,1764818269,-2.0417418621409716e-07,2.0450822869288455e-07,-2.0417418621409716e-07,-2.0417418621409716e-07,1.4320808551357417e-05,-0.04436562601810133,-2.0417418621409716e-07,-0.04445925711997517,0.0,0.00430751647843086,0.00024906041528146704,-0.042966267609672454,0.0004983250047491481,-0.08631470721689671,-0.08740955190037643,,1,0.07268341763133024,-0.0005745758259739675,-2.0417418621409716e-07,0.012142531496113166,4.839999,13854971.0,13854971.0,3.16816122784512,4.949892894698086,9481781.0,0.0,0.38095238095238093,251.0
0x17a573d7c137026be0c86ac13b539154155fe00a,0.023780183578281152,0.0020977017,0,22455.031685,62,1764818549,-3.252985090055424e-05,-4.879477635083135e-05,-3.252985090055424e-05,-3.252985090055424e-05,-0.0003829852274192006,-0.03240140768644597,-3.252985090055424e-05,-0.0318107132373257,0.0,26.43289025577774,0.0025316016278739096,-0.030828236127974182,0.005095733106648374,-0.04950890046750938,-0.05044704832914461,,1,0.07268341763133024,-0.0006339854387039199,-3.252985090055424e-05,0.0,0.0,4501704.0,4501704.0,1.0293208825029097,0.0,128234.0,,,0.0
0x0d5ee5c536ccd78d179487b3d7e43ae4304d5c24,0.02378007561483714,0.0020967047,0,207.877132,8,1764820443,-4.814384787846354e-07,7.036408679167792e-07,-4.814384787846354e-07,-4.814384787846354e-07,0.00011574095445406591,-0.038732462677851034,-4.814384787846354e-07,-0.03812053518901271,0.0,-1.5552775080011236,-0.0020194707353118737,-0.0016398967303582865,-0.004038460032144963,-0.07648913682392018,-0.07861621816607901,,1,0.07268341763133024,-0.001035849033384383,-4.814384787846354e-07,0.0,0.0,4218690.0,4218690.0,0.9641917792439669,0.0,-156674.0,,,0.0
0xdacf9f8d0341fa3770fae5c7ccd9dcfed23e3c74,0.0237800217089341,0.0020962069,0,1272.3728800000004,22,1764827091,-0.00023044774369940406,-0.0004608954873988081,-0.00023044774369940406,-0.00023044774369940406,-0.0009610610029026343,-0.021758090086276105,-0.00023044774369940406,-0.02073737816478421,0.0,24.183236681,0.0028716205753729768,0.008929091477695893,0.005973688894445358,-0.05423594962468894,-0.05525393045193672,,1,0.07268341763133024,-0.0024464029813441087,-0.00023044774369940406,0.0,0.0,5525404.0,5525404.0,1.2609285415010274,0.0,1143392.0,,,0.0
0x44afef32248bf8198f2d456a990464e69a1ec7dd,0.02377960377834473,0.0020923475,0,1596.8603240000002,10,1764836125,1.2323497591448364e-08,2.4646970339267797e-08,1.2323497591448364e-08,1.2323497591448364e-08,7.027999424991362e-06,-0.04616543954307781,1.2323497591448364e-08,-0.04515399404882762,0.0,0.4399933299802007,0.0001378426694867213,0.0004840076411068955,0.0002756730154758511,-0.02026819627747373,-0.0898431986574688,,1,0.07268341763133024,-0.004363211700638356,1.2323497591448364e-08,0.019830489075709973,11.53344,34275655.0,34275655.0,7.805806406947228,80.16045882362204,29884609.0,,0.44076655052264807,563.0
0xc4d1a863e9cc45d02ba22d3a1ae9ba7822018ce8,0.023779427239113304,0.0020907172,0,283494.990371,41,1764827067,0.009977711799867098,0.010979715807883135,0.009977711799867098,0.009977711799867098,0.05941023457942371,-0.08207767596785136,0.009977711799867098,-0.08082987541554927,0.0,,0.009977711799867098,-0.010982485661558213,0.009977711799867098,-0.05252722028753624,-0.06871502608911048,,1,0.07268341763133024,-0.0024413107288243983,0.009977711799867098,0.0,0.0,14560133.0,14560133.0,3.3227231567042175,0.0,10178145.0,0.0,,0.0
0xad978e0f9aa7c198a979e9f3b7a3a9cc6b995a29,0.02377932331301718,0.0020897575,0,14.024796,4,1764899605,-5.824005111762767e-07,2.3301144483931307e-06,-5.824005111762767e-07,-5.824005111762767e-07,9.664133084870558e-05,-0.04502002894701306,-5.824005111762767e-07,-0.04502304590345936,0.0,-0.0035193807204402816,-0.0001257380659165801,0.0008035969796931273,-0.0002508937313219839,0.003918317966428847,-0.08798171419263402,,1,0.07268341763133024,-0.017832219615271833,-5.824005111762767e-07,0.13473708998349795,3.839988,30327952.0,30327952.0,6.808345489508873,4.558336242424242,25873426.0,0.0,0.16666666666666666,12.0
0xc02356284def0c089d0ae810420ef5425865ccf8,0.02377918701468944,0.0020884988,0,5688.659499999999,17,1764761171,-0.00033558307395806203,-0.0006711661479161241,-0.00033558307395806203,-0.00033558307395806203,-0.0016399394041716159,0.0,-0.00033558307395806203,0.0,0.0020555197952208965,-2150.6702,-0.07474058480447344,0.0,-0.14914558653498883,,,-1.036678326069305,1,0.07268341763133024,-0.0010757383447887797,-0.00033558307395806203,0.1468468090379435,7.5,14587803.0,14587803.0,3.3798637749149,160.82448834406912,10271711.0,0.0,0.3707865168539326,87.0
0x6480542954b70a674a74bd1a6015dec362dc8dc5,0.023779180257781446,0.0020884364,0,82.23663400000001,16,1764903099,0.0003281726010297105,0.000656345202059421,0.0003281726010297105,0.0003281726010297105,0.0011468744683753602,0.0,0.0003281726010297105,0.0,0.0,-4.923764250000004,0.0001662716568911009,0.0,4.370712752491319e-06,,,-0.02354182800000003,1,0.07268341763133024,-0.019080670191354118,0.0003281726010297105,0.0,0.0,21196019.0,21196019.0,4.754581406095083,0.0,16737999.0,0.0,,0.0
0xdfaacceff09ac2c037393eee387e81ea024679a7,0.023779133665422066,0.0020880061,0,19.50018,2,1764817507,0.0,0.0,0.0,0.0,0.0,0.0,0.0,0.0,0.0,-0.4993799999999977,-0.00513527054108214,0.0,-0.01027054108216428,,,-1.0824563299134133,1,0.07268341763133024,-0.00047315512995640605,0.0,0.0,0.0,31734057.0,31734057.0,7.257765479500177,0.0,27361629.0,0.0,,0.0
0x22fb05fc74d637aa9d6601cd8a373c04cb69d7d6,0.023778968575895898,0.0020864815,0,5842.768298000001,12,1764832407,-6.44063023051626e-05,-0.00010734383717527098,-6.44063023051626e-05,-6.44063023051626e-05,-0.0007333449225481891,0.0,-6.44063023051626e-05,0.0,0.0,-7.725576290000077,-0.0009882111567127141,0.0,-0.0019120160111202654,,,-0.03729585916597833,1,0.07268341763133024,-0.005555647499003828,-6.44063023051626e-05,0.0,0.0,11088106.0,11088106.0,2.527302722750613,0.0,6700778.0,,,0.0
0xf4d0b62bafd9c9bf1b4b1d9ff849568ea3be4637,0.023778924807693478,0.0020860774,0,9468.473410999999,13,1764929869,0.002320430697751089,0.003322434705767122,0.002320430697751089,0.002320430697751089,0.011215825863129709,-0.08649664725413289,0.002320430697751089,-0.09078846652533269,0.0,,0.002320430697751089,0.0014525163255070686,0.002320430697751089,0.002149584217301847,-0.08955810730939737,,1,0.07268341763133024,-0.024253550042626398,0.002320430697751089,0.0,0.0,13490543.0,13490543.0,3.0080657065325243,0.0,9005753.0,0.0,,0.0
0x43440ab002eaac9fede6f9d21bea96d84228f90d,0.023777598159174313,0.0020738256,0,4435.112,2,1764876621,0.0,0.0,0.0,0.0,0.0,-0.04660150419980601,0.0,-0.04600305448693605,0.0,0.0,0.0,-0.0008530075175394235,0.0,0.0010030074950878886,-0.08899708642125383,,1,0.07268341763133024,-0.012955539118896034,0.0,0.0,0.0,31139706.0,31139706.0,7.02683309782464,0.0,26708164.0,0.0,,0.0
0xf164b5ed2724c4b1af8b5e08199ca679647cb99c,0.023777487812176278,0.0020728065,0,7294.027936999999,13,1764834969,3.912373116478609e-09,2.347423869886948e-08,3.912373116478609e-09,3.912373116478609e-09,1.1879717486891523e-05,-0.045036565752979485,3.912373116478609e-09,-0.04339258314847259,0.0,0.8145166957777982,0.0002505038513332911,0.0015392796922627345,0.0005010037902934656,-0.08285670297707205,-0.08632966041232312,,1,0.07268341763133024,-0.004117934870938982,3.912373116478609e-09,0.06703304597301496,14.87908,4425062.0,4425062.0,1.008012045859919,148.788914215847,35172.0,,0.35185185185185186,54.0
0x49b5ea600756e252050dd18aaba8317724f9d249,0.02377747830778607,0.0020727187,0,3389.45218,3,1764854407,0.0,0.0,0.0,0.0,0.0,-0.044843969859367214,0.0,-0.045500000000000006,0.0,1.5260900000000015,0.00022487474949899815,0.000299901197933472,0.0004497494989979963,0.0013180904218983533,-0.08798190957810166,,1,0.07268341763133024,-0.008242235057527601,0.0,0.0,0.0,32803449.0,32803449.0,7.439557456374304,0.0,28394121.0,0.0,,0.0
0x90448cec34e3cfa75212374ea45ed01a258c6364,0.02377667024648732,0.0020652558,0,575.941077,4,1764834497,2.4605126979810357e-07,3.4068637303752773e-07,2.4605126979810357e-07,2.4605126979810357e-07,7.838777983519686e-05,-0.037520342912958186,2.4605126979810357e-07,-0.03687973240391171,0.0,2.504060013999469,0.001628471816990232,0.008121117608585589,0.003256697582710666,-0.0692998399139439,-0.0727304510581506,,1,0.07268341763133024,-0.004017787238051348,2.4605126979810357e-07,0.0,0.0,23284148.0,23284148.0,5.3046094037979525,0.0,18894730.0,,,0.0
0x370b22aaec663037c678dce86d0057849dd6e34b,0.023776650053491298,0.0020650693,0,7.61,2,1764781631,0.0,0.0,0.0,0.0,0.0,0.0,0.0,0.0,0.0,-2.6100000000000003,-0.06538076152304607,0.0,-0.13076152304609215,,,-1.0364454005459605,1,0.07268341763133024,-0.0006127677198717941,0.0,0.0,0.0,9161466.0,9161466.0,2.1126152759150587,0.0,4824914.0,0.0,,0.0
0x98ec089d1d8ad2bf49ba18bf5ad3773085698fd6,0.023775589780841277,0.0020552767,0,2004.3909199999998,4,1764838439,5.241989299459733e-09,1.5725967898379202e-08,5.241989299459733e-09,5.241989299459733e-09,6.875496243350169e-06,-0.045550239069232744,5.241989299459733e-09,-0.04494797667721771,0.0,0.6690200000000377,0.00012525508774264806,-0.0008477459678330622,0.0002505049334959966,-0.08549096613147494,-0.08889096613147496,,1,0.07268341763133024,-0.004854189714413748,5.241989299459733e-09,0.027299016451149564,5.3273995,6129716.0,6129716.0,1.3952227907569605,22.374012401826484,1736356.0,,0.21818181818181817,110.0
0x73d225c851df25d73b14846a370bdeef9434f9b7,0.023775533565670984,0.0020547574,0,2230.4532,18,1764778271,0.0,1.0024837506093414e-17,0.0,0.0,2.9866194093663414e-09,0.0,0.0,0.0,0.0,-8.108860000000004,-0.006978564312633555,0.0,-0.01395712862526711,,,-1.0300783260689677,1,0.07268341763133024,0.005845905892627309,0.0,0.0,0.0,9176259.0,9176259.0,2.117667299302685,0.0,4843067.0,,,0.0
0xe097a66a04a3afd6de8929d19fcc41211402d811,0.02377492357638987,0.0020491234,0,484.58962699999995,9,1764830255,-3.635063624912597e-09,-1.0905190852927087e-08,-3.635063624912597e-09,-3.635063624912597e-09,-5.725481190364682e-06,0.0,-3.635063624912597e-09,0.0,0.0,-2.1840691200000046,-0.0006705467253156912,0.0,-0.0013410898155677576,,,-0.19136777384039272,1,0.07268341763133024,-0.005764854206688589,-3.635063624912597e-09,0.0226338627650555,6.999999,19456467.0,19456467.0,4.436872545138439,10.112383447674418,15071291.0,,0.3673469387755102,98.0
0x26f44335d56f3d92de6d29f65c4d7b53f125ad3a,0.02377441435618592,0.00204442,0,65.2787,9,1764903279,-1.6062537055704443e-07,6.425014822281064e-07,-1.6062537055704443e-07,-1.6062537055704443e-07,5.074599729432083e-05,-0.04535425423818906,-1.6062537055704443e-07,-0.044851182958492795,0.0,-0.008732000000000717,-0.00012539104820125167,0.0009534345335263511,-0.00025062147103194633,0.0036180904218983557,-0.08868190957810165,,1,0.07268341763133024,-0.018611758605164137,-1.6062537055704443e-07,0.10935466299847393,12.2195115,30328224.0,30328224.0,6.8027957471625315,13.991453710526317,25870024.0,0.0,0.21428571428571427,14.0
0x5e16f02765e04f83ed0a9900c2b69c9a58d241f8,0.0237738272070656,0.0020389967,0,323.426666,5,1764901747,-3.8868646544999145e-08,-1.202127066885297e-07,-3.8868646544999145e-08,-3.8868646544999145e-08,-2.688347016297752e-05,0.0,-3.8868646544999145e-08,0.0,0.0,-0.21554634002639694,-0.00024301931316742832,0.0,-0.00048599975768831165,,,-0.04019997618599987,1,0.07268341763133024,-0.018398308353712953,-3.8868646544999145e-08,0.0039248509353897645,4.482885,13808433.0,13808433.0,3.098375961592831,5.350262387837839,9351765.0,,0.40609137055837563,585.0
0xa45cdb0a5ba4629b5c7860dc3f310978a4dd1d10,0.02377346551734342,0.0020356558,0,55123.772979999994,32,1764830049,8.011599090736711e-20,-2.002899772684184e-19,8.011599090736711e-20,8.011599090736711e-20,-8.381048621499494e-11,0.0,8.011599090736711e-20,0.0,0.0,-67.47326720000005,-0.002653400196396704,0.0,-0.005306800392793408,,,-0.2512999998846152,1,0.07268341763133024,-0.0037835436221446785,8.011599090736711e-20,0.0,0.0,15278474.0,15278474.0,3.4842824466301936,0.0,10893504.0,,,0.0
0x2a67a2ff15ad33bcb3a13b0a21191b41e7526c0e,0.023773137407477003,0.002032625,0,187.624,4,1764936483,0.0,0.0,0.0,0.0,0.0,-0.044095483065737504,0.0,-0.04529774025899732,0.0,0.0940000000000053,0.00025050100200402204,0.0006522584671312486,0.0005010020040080441,0.0020090338685249936,-0.08959096358373213,,1,0.07268341763133024,-0.025656889966183198,0.0,0.027768697742040497,50.694,15793635.0,15793635.0,3.516413798446989,30.37222905027933,11302231.0,,0.14516129032258066,62.0
0x92c92e55d4621f7051edb5eedbc1b669291164d1,0.023772988238300347,0.0020312471,0,273.58893800000004,48,1764818269,1.3045586742654973e-07,1.5461435600917255e-07,1.3045586742654973e-07,1.3045586742654973e-07,7.041005236337846e-05,-0.03966587015646254,1.3045586742654973e-07,-0.037914574946129785,0.0,0.32134103679809134,0.0012222831272393478,-0.012105149224931017,0.0024444357986112687,-0.07455432682754332,-0.07490336116954675,,1,0.07268341763133024,-0.0005745758259739675,1.3045586742654973e-07,0.013588539146952149,3.999999,4791628.0,4791628.0,1.095682556669159,5.116054807377049,418438.0,0.0,0.41404358353510895,351.0
0xe2daacf7238349851019238517c98d2f722174e3,0.023772902134980404,0.0020304518,0,40.76,4,1764825109,0.0,0.0,0.0,0.0,0.0,-0.038365392584374304,0.0,-0.03528847252017922,0.0,0.32608000000000026,0.0020040080160320653,-0.03508847252017923,0.0040080160320641305,-0.06971540985051841,-0.0685154098505184,,1,0.07268341763133024,-0.0020258677940913745,0.0,0.0,0.0,8256762.0,8256762.0,1.8850925678591242,0.0,3876732.0,,,0.0
0x12d6cccfc7470a3f4bafc53599a4779cbf2cf2a8,0.023772833524765887,0.002029818,0,27189.774,9,1764926725,0.0002973596841570514,0.0004410228908521317,0.0002973596841570514,0.0002973596841570514,0.0022993170956156807,-0.04846796311940114,0.0002973596841570514,-0.050215423571476646,0.0,4.566000000000173,0.00042321659163398184,0.001004481791722835,0.0005490734991109123,0.0025802287383176006,-0.08925310549857036,,1,0.07268341763133024,-0.02358646496254436,0.0002973596841570514,0.0,0.0,23132352.0,23132352.0,5.161575010609941,0.0,18650706.0,0.0,,0.0
0x755d29a2e6b543d9463aca57d4d47f50c60b6acc,0.023772397897261082,0.002025794,0,100.19999999999999,4,1764831825,0.0,0.0,0.0,0.0,0.0,0.0,0.0,0.0,0.0,-2.9999999999999973,-0.0037575150300601153,0.0,-0.007515030060120231,,,-0.23499999999999976,1,0.07268341763133024,-0.012762457877523689,0.0,0.0,0.0,11509339.0,11509339.0,2.623662049272969,0.0,7122593.0,,,0.0
0x90f7180856b033ea45200d892a7bc49fd1662501,0.023772227232611562,0.0020242175,0,406.13868,13,1764583464,0.0,2.5055750085574668e-17,0.0,0.0,4.792906762996582e-09,0.0,0.0,0.0,0.0,-1.0259650000000025,-0.003953927084939117,0.0,-0.007907854169878234,,,-0.02731294222232616,1,0.07268341763133024,0.026078061685000896,0.0,0.0,0.0,14725815.0,14725815.0,3.5583482445446712,0.0,10587430.0,,,0.0
0xcdb1f1ef8213c06911e4ba6a884176c5571e276c,0.023771317116948625,0.0020158102,0,24332.064275000008,58,1764825661,5.681283593838415e-05,7.029012256724172e-05,5.509491566447263e-05,5.681283593838415e-05,0.0009296982896796033,-0.032189474869598146,5.681283593838415e-05,-0.030845246182373047,0.0,0.0015482936086623187,5.714662762937516e-05,-0.006763746267951585,5.7480419320366175e-05,-0.0713565871728047,-0.07317173597754419,,1,0.07268341763133024,-0.0021429896020447093,5.681283593838415e-05,0.0,0.0,8426258.0,8426258.0,1.9235476016657147,0.0,4045676.0,,,0.0
0x438ed5bed99bc6b517e9b5a22ad3ee9e21d9e08e,0.0237711141987332,0.0020139357,0,78642.91720400001,24,1764829533,0.0024009562160992974,0.0031687965623307317,0.0024009562160992974,0.0024009562160992974,0.008739378376702326,-0.07899191182529078,0.0024009562160992974,-0.07671914081646633,0.0,4.923762498499859,0.002494036141135003,0.003269543561397845,0.002587116066170708,-0.07568827001887166,-0.07918271446331611,,1,0.07268341763133024,-0.0029645396752246214,0.0024009562160992974,0.0,0.0,6357199.0,6357199.0,1.4499408592267133,0.0,1972745.0,,,0.0
0xfd2b05928e63a513efda1e60d6d925b271e29ff9,0.02377087168709224,0.0020116954,0,16828.908,6,1764838389,0.001476495305478696,0.0022008610447824045,0.001476495305478696,0.001476495305478696,0.004193916162688697,-0.07844805769832648,0.001476495305478696,-0.07745226974195281,0.0,2.6666666666667247,0.0015459048726567783,-0.0014524858684542956,0.0016153144398348609,-0.05598794728035051,-0.08868794728035052,,1,0.07268341763133024,-0.004843580854997685,0.001476495305478696,0.0,0.0,7894877.0,7894877.0,1.7970225183290047,0.0,3501567.0,,,0.0
0x436b9530e9ff4ce3cdff8119fc7e5afe50d7765c,0.02377066388310122,0.0020097757,0,3.991996,4,1764935867,-1.5032866502783117e-06,4.515716880635445e-06,-1.5032866502783117e-06,-1.5032866502783117e-06,0.00011652768841952792,-0.04386071288659659,-1.5032866502783117e-06,-0.045467640863537544,0.0,-0.00099902692700371,-0.00012644399894070065,6.360988133151131e-07,-0.000251384711231123,0.002010306201390129,-0.08878988841320914,,1,0.07268341763133024,-0.025526188818177305,-1.5032866502783117e-06,0.0,0.0,8714966.0,8714966.0,1.9406318000315312,0.0,4224178.0,0.0,,0.0
0x9c24adc2cd30d0a337cf90511c5c3c6d4f5fae45,0.023770566295228515,0.0020088742,0,285.7,6,1764830625,0.0,1.6945654007239833e-18,0.0,0.0,2.402721061517642e-10,0.0,0.0,0.0,0.0,-0.1428399999999942,-0.0002504834660570601,0.0,-0.0005009669321141202,,,-0.2512999998846147,1,0.07268341763133024,-0.0035166247192365357,0.0,0.04356198190718909,5.0,10072120.0,10072120.0,2.296662718849603,18.989028133333335,5686574.0,0.0,0.31683168316831684,101.0
0xb7e90681f15a36e24591baf24645f84726b6bdac,0.02377054973658126,0.0020087212,0,10679.4,10,1764839103,0.00047843434616981733,0.0009568686923396348,0.00047843434616981733,0.00047843434616981733,0.002686276434480576,-0.055999444558731674,0.00047843434616981733,-0.06676506215517451,0.0,0.40000000000000036,0.0004964884724403764,-0.0018983942277508755,0.0005145425987109356,-0.06592048589471416,-0.08914548839371457,,2,0.07268341763133024,-0.004995075367459064,0.00047843434616981733,0.0,0.0,13885537.0,13885537.0,3.16009584836132,0.0,9491513.0,,,0.0
0x9c761f02a05b252b02a4e288694288c448808d1c,0.023770417419028,0.0020074989,0,1499.0,4,1764880627,0.0,0.0,0.0,0.0,0.0,-0.04735150027488895,0.0,-0.04665150112981919,0.0,0.0,0.0,-0.0010015011298191824,0.0,-0.00020000000119999584,-0.0913,,1,0.07268341763133024,-0.013805520935310995,0.0,0.0,0.0,4776893.0,4776893.0,1.0769566691646668,0.0,341345.0,,,0.0
0x2200b75c27835935a40308779b5656c09ab40f2d,0.023770382588126797,0.002007177,0,1273.7,7,1764828355,0.008149632598530387,0.009686038744154971,0.008149632598530387,0.008149632598530387,0.032623236045903,-0.04215058964196399,0.008149632598530387,-0.04091645718510833,0.0,2.2499999999999796,0.008901135604542405,0.011683538832542664,0.009652638610554421,-0.05831383842913903,-0.0599138240263144,,1,0.07268341763133024,-0.002714594947382179,0.008149632598530387,0.0,0.0,16954369.0,16954369.0,3.867967474555561,0.0,12571093.0,0.0,,0.0
0x3764e839f3d535e3c283f7c3f0fabd6f13db9d7e,0.023768847280386543,0.0019929933,0,2548.3532790000004,6,1764903625,-8.526842178901374e-10,-5.116108304778788e-09,-8.526842178901374e-10,-8.526842178901374e-10,-5.546004197335351e-06,0.0,-8.526842178901374e-10,0.0,0.0,-3.548879669336524,-0.00017023464052414372,0.0,-0.00034046842836406955,,,-0.03410392631816125,1,0.07268341763133024,-0.018741186690040105,-8.526842178901374e-10,0.06617582876818885,18.375,15326237.0,15326237.0,3.437496663710546,26.57302720289855,10867691.0,,0.2857142857142857,54.0
0x364f935ccafae7bb980616b81999239ed816562c,0.023768686469183606,0.0019915076,0,20.009975999999998,4,1764974049,1.9003688269509317e-09,3.800372824178256e-09,1.9003688269509317e-09,1.9003688269509317e-09,2.7598385451773532e-06,-0.0006483914288220101,1.9003688269509317e-09,-0.04479847514622813,0.0,0.005010961996352056,0.00012527621382972897,0.0004516108064026603,0.00025055052729063096,0.0009032196001161514,-0.08959678039868385,,1,0.07268341763133024,-0.03362753822265959,1.9003688269509317e-09,0.0,0.0,8311903.0,8311903.0,1.8352744663797729,0.0,3782933.0,,,0.0
0x0e297bb8806e4f47610dc52e9b77ab41ccc1b9b4,0.023767734980518734,0.0019827168,0,59.647255,5,1764834383,5.350810383362336e-06,6.154217376594051e-06,5.350810383362336e-06,5.350810383362336e-06,0.00037644400479108157,-0.03591903055169595,5.350810383362336e-06,-0.033479661479569676,0.0,0.30250397327848827,0.002507243003221999,0.010532098256392597,0.005009135196060636,-0.0642737385930063,-0.06770434973721302,,1,0.07268341763133024,-0.003993599038582724,5.350810383362336e-06,0.09757213280236217,13.587992499999999,4310682.0,4310682.0,0.9820878207570038,22.358625874999998,-78622.0,,0.30434782608695654,23.0
0x09a2106b64b0dd00c45e1005e692eb572b7deb8a,0.0237625035782757,0.0019343781,0,22.023691999999997,6,1764818851,5.037427387465771e-07,6.92646247112537e-07,5.037427387465771e-07,5.037427387465771e-07,8.737492787841942e-05,-0.041676192608819676,5.037427387465771e-07,-0.04188571227400792,0.0,0.031330003999497175,0.0007759685845395601,-0.039285548885066746,0.0015514334263403737,-0.07934891420812204,-0.0817327008747887,,1,0.07268341763133024,-0.0006980629495769399,5.037427387465771e-07,0.0536542358649345,13.426,13492359.0,13492359.0,3.084833640162313,22.312332716049383,9118587.0,,0.1956521739130435,46.0
