wallet,pred_prob,pred_prob_raw,flagged,volume,n_trades,first_trade_ts,adaptive_markout_raw_grosswt_h0p070,unrealized_edge_per_open_token,adaptive_markout_raw_grosswt_h0p010,adaptive_markout_raw_grosswt_h0p150,unrealized_edge_per_open_token_sqrt,buy_markout_adj_grosswt_h0p070_lb0p150,adaptive_markout_raw_grosswt_h0p200,buy_markout_adj_grosswt_h0p030_lb0p200,high_sell_nonflattening_cash_frac_pctl90,realized_pnl_per_closing_trade,adaptive_plus_realized_alpha0p25_h0p030,buy_markout_adj_grosswt_h0p030_lb0p010,adaptive_plus_realized_alpha0p5_h0p070,buy_markout_adj_mean_h0p200_lb0p030,buy_markout_adj_mean_h0p200_lb0p200,sell_markout_adj_median_h0p150_lb0p010,n_distinct_buy_days,major_move_time_remaining_pct,time_to_major_move_pct_of_market,adaptive_markout_raw_grosswt_h0p030,herfindahl_index_markets,median_bet_size_usdc,time_since_first_deposit_to_first_trade_seconds,wallet_age_seconds,wallet_to_market_age_ratio,avg_bet_size_usdc,wallet_minus_market_age_seconds,funder_flagged_wallet_count,winrate,n_markets_traded
0xfb83f6ca0e1e320f4050e8a7202ef53366df42d5,0.6339604315688045,0.9249524,1,363.0715,10,1767435065,0.10816315948600835,0.10833741168472648,0.10816315948600835,0.10816315948600835,0.3416660650763629,0.9795723879554968,0.10816315948600835,1.0802391798277082,0.0,34.418875,0.15920626285753506,1.0782465117427273,0.21024936622906176,3.4790638217922747,3.4879638117122735,,1,0.9971727016256966,-0.8207777030528207,0.10816315948600835,0.3183897317492081,56.644,390604.0,390604.0,0.29048489508887737,182.9224584761905,-954058.0,,0.0,7.0
0xa64790bf3b45c024f3edc2614e8516466c7f5560,0.5984321149536288,0.8898125,1,127.39544799999999,3,1767452945,0.68573400943283,0.6867461551828311,0.68573400943283,0.68573400943283,1.1723371143743362,1.6807092890688098,0.68573400943283,2.045286535447102,0.0,,0.68573400943283,2.064286545527104,0.68573400943283,3.6930369358266746,3.696436925746673,,1,0.9971727016256966,-0.8317291967557119,0.68573400943283,0.2236134051214283,77.4999995,14928.0,14928.0,0.010955992549220502,85.62499925,-1347614.0,,0.0,6.0
0x3be115f41213b0e4863a4365abfa9b374e9163f9,0.5910080290685492,0.8826114,1,191.049998,3,1767476491,0.3230465171247722,0.32405866287477325,0.3230465171247722,0.3230465171247722,0.5325104132259193,-0.0012388342797266757,0.3230465171247722,-0.026215124003967936,0.0,,0.3230465171247722,0.009134604760867146,0.3230465171247722,0.5381147290343274,0.5061147290343275,,1,0.9971727016256966,-0.8461511134631098,0.3230465171247722,0.8167828489358784,110.4175995,523616.0,523616.0,0.37776533668857964,371.8596831666667,-862472.0,,0.6666666666666666,3.0
0x206ea8551d011bcfcf88c3ecee5c08f8cca2096a,0.5858651725150077,0.87764674,1,971.9685360000002,27,1767433299,0.12806867460265775,0.14182689852706865,0.12806867460265775,0.12806867460265775,0.8629220057079692,0.5629915102234069,0.12806867460265775,0.7823112201031712,0.0,7.970070701818182,0.13881874118060422,0.7802633961518068,0.1495688077585507,3.298062977810495,3.306962967730494,,1,0.9971727016256966,-0.8196960286747835,0.12806867460265775,0.3143635127622889,23.7349995,10218.0,10218.0,0.007608928762912392,22.1049017,-1332678.0,,0.0,5.0
0xea426ccecd626b9bfdb17831b1c1896c59e1330b,0.5795643353889932,0.8715887,1,66.11456399999999,8,1767539149,0.4074138432822663,0.4084259890322674,0.4074138432822663,0.4074138432822663,1.0187897256141492,0.3434229302986299,0.4074138432822663,0.14236996563546905,0.0,,0.4074138432822663,0.1894394375273542,0.4074138432822663,0.8677192360039163,0.817869235940459,,1,0.9971727016256966,-0.884529116395758,0.4074138432822663,1.0,0.999999,1638.0,1638.0,0.0011306329750004488,0.999999,-1447108.0,,0.0,1.0
0x575644961ad4ff6f059a2b667d14c832f6e26d16,0.5675901288824765,0.8601427,1,2.4476020000000003,3,1767459483,0.6329316830749493,0.6339438288249504,0.6329316830749493,0.6329316830749493,1.0734930435749799,1.5704711544158512,0.6329316830749493,1.3344697871506883,0.0,,0.6329316830749493,1.405324341804433,0.6329316830749493,2.710674857001001,2.7064876027976705,,1,0.9971727016256966,-0.8357337194531114,0.6329316830749493,1.0,0.999999,200.0,200.0,0.00014608350132935987,0.999999,-1368880.0,,0.0,1.0
0xf61b719a05acc9f7b97b68cfbd1fb250f51bbece,0.5672899988920374,0.85985684,1,7.999998,2,1767451511,0.6153846751651108,0.6163968209151117,0.6153846751651108,0.6153846751651108,0.8717167439418109,0.9301661452644461,0.6153846751651108,1.2360704072526074,0.0,,0.6153846751651108,1.2658704290235103,0.6153846751651108,2.456286971214099,2.4596869611340977,,1,0.9971727016256966,-0.8308508722607485,0.6153846751651108,0.23183392224710625,3.999999,1080.0,1080.0,0.0007934712014035624,3.3999992,-1360028.0,,0.0,5.0
0x22337384a842ae0e6053ca261055412d90dc6fc1,0.5589527544351058,0.8519339,1,3.472221,2,1767440275,0.7196358171414929,0.7206479628914939,0.7196358171414929,0.7196358171414929,1.0191501228176936,1.9072941225128086,0.7196358171414929,2.0536365410240354,0.0,,0.7196358171414929,2.1607365884288496,0.7196358171414929,4.574549713793598,4.583449703713596,,1,0.9971727016256966,-0.8239688262179249,0.7196358171414929,0.45093931115928587,8.0,94822.0,94822.0,0.07024517880213828,11.153999666666666,-1255050.0,,0.0,8.0
0x473bb8bb82cb1445d8421e3ed92379217bda0161,0.5424883537555687,0.83637583,1,8.210179,3,1767531673,0.3947368438564779,0.395748989606479,0.3947368438564779,0.3947368438564779,0.6741127211511357,0.4503012146885158,0.3947368438564779,0.16824268748074453,0.0,,0.3947368438564779,0.2492569368852654,0.3947368438564779,0.8356134798198536,0.7637135254445601,,1,0.9971727016256966,-0.8799500690287103,0.3947368438564779,1.0,4.999999,446.0,446.0,0.0003094493051267285,4.999999,-1440824.0,,0.0,1.0
0x280d78674f70ec76894a43d2453e5dd194e46eee,0.5234067952416838,0.8184519,1,7.999994000000001,4,1767521511,0.3591704079107026,0.3601825536607036,0.3591704079107026,0.3591704079107026,0.7084131889527102,-0.03542364985010431,0.3591704079107026,0.11167654074080527,0.0,,0.3591704079107026,0.18056871635903443,0.3591704079107026,0.7485319684801603,0.6716319543513988,,1,0.9971727016256966,-0.8737258476076376,0.3591704079107026,0.5000000000180003,0.9999929999999999,2472.0,2472.0,0.0017273329476182092,0.9999929999999999,-1428636.0,,0.0,2.0
0x31a56e9e690c621ed21de08cb559e9524cdb8ed9,0.5211968542751192,0.81638116,1,10283.391938999997,68,1767311813,2.9353572052668366e-07,5.659790539438337e-07,2.9353572052668366e-07,2.9353572052668366e-07,0.0007438926549183949,1.1567623250836885,2.9353572052668366e-07,0.20884184684070473,0.0,164.30924556306667,0.058049455121906915,0.1936777545964059,0.1160986167080933,6.0539756090361525,6.084972552054261,,2,0.9971727016256966,-0.7452858964606095,2.9353572052668366e-07,0.43649164037038846,99.999999,528224.0,528224.0,0.4324706691446771,503.86799940000003,-693186.0,,0.0,4.0
0xe547ff5bd2dd707be4e3a958a7922dfc40e68a2d,0.5205898478629126,0.8158125,1,9.765165,2,1767524343,0.4939271586498177,0.49493930439981865,0.4939271586498177,0.4939271586498177,0.6999498768337292,0.35900126933805276,0.4939271586498177,0.597496572112364,0.0,,0.4939271586498177,0.689496583160468,0.4939271586498177,1.3890448950894558,1.292844888637952,,1,0.9971727016256966,-0.8754604466102432,0.4939271586498177,0.2500062321562573,4.9949984999999995,59194.0,59194.0,0.041280667252465236,4.9824969999999995,-1374746.0,,0.0,4.0
0xaf33895ed00606e100bd2d5926fde17c5ed5ab3e,0.5189139709896101,0.8142429,1,15.600623,2,1767553661,0.3623482007537131,0.3633603465037141,0.3623482007537131,0.3623482007537131,0.5138691300541398,0.08044466136137884,0.3623482007537131,0.12980177616145858,0.0,,0.3623482007537131,0.20000178055871887,0.3623482007537131,0.7293832363277103,0.64148323193045,,1,0.9971727016256966,-0.8934177112848161,0.3623482007537131,0.34413592935774673,10.999935,3598.0,3598.0,0.0024588965172238934,11.999976666666667,-1459660.0,,0.0,3.0
0xbe3d2c351eed2376b6d650760739b38a6bfe658f,0.5090905420089379,0.8050491,1,369.703316,5,1767475335,0.3160376403725297,0.3170497861225308,0.3160376403725297,0.3160376403725297,0.6387967734568686,-0.015045377812565435,0.3160376403725297,-0.3910657430192819,0.0,,0.3160376403725297,-0.366065743019282,0.3160376403725297,0.5382961215365368,0.484596121536537,,1,0.9971727016256966,-0.8454430638702383,0.3160376403725297,0.20000321284255088,199.999999,284.0,284.0,0.0002050642197595261,199.599999,-1384648.0,,0.0,5.0
0xc9162dc7cab70ac13a9335e77bd442b055986977,0.49849121057422874,0.79513633,1,5.0,2,1767539663,0.40890688300041933,0.40991902875042036,0.40890688300041933,0.40890688300041933,0.5797130499336511,0.3330057660417281,0.40890688300041933,0.14713175223647487,0.0,,0.40890688300041933,0.19423175029857198,0.40890688300041933,0.8712497624036115,0.8247497624036115,,1,0.9971727016256966,-0.8848439412147338,0.40890688300041933,0.6265706443494741,5.9874995,6680.0,6680.0,0.004609248858037895,5.9874995,-1442580.0,,0.0,2.0
0x22ffd666636ec7b83a61c154071a00e0905cb2d1,0.49494909341784527,0.7918238,1,3.999998,2,1767442479,0.521255139631128,0.522267285381129,0.521255139631128,0.521255139631128,0.7385974781697723,0.42586405422037943,0.521255139631128,0.017057225717158078,0.0,,0.521255139631128,0.027957235797159675,0.521255139631128,1.4841643491521253,1.4930643390721237,,1,0.9971727016256966,-0.8253187754417041,0.521255139631128,1.0,1.999999,1224.0,1224.0,0.0009052745555723199,1.999999,-1350852.0,,0.0,1.0
0xab66e349f6bd20719457799f8a00ec21ee52278d,0.4826874627048201,0.78035116,1,33.332499999999996,3,1767488117,0.3846153850003944,0.3856275307503954,0.3846153850003944,0.3846153850003944,0.6668079459135664,0.18117382949690256,0.3846153850003944,0.03201237050893338,0.0,,0.3846153850003944,0.0772123705089334,0.3846153850003944,0.7475748755591473,0.7263748755591473,,1,0.9971727016256966,-0.8532720343685802,0.3846153850003944,0.488779575140327,13.9275,1052.0,1052.0,0.0007526575536912415,24.0425,-1396662.0,,0.0,3.0
0x0e97fe5342d32e3cfa8062d33e4abc6dda0fbda7,0.46154828775521833,0.76051843,1,15.348835999999999,2,1767532323,0.358299610007791,0.359311755757792,0.358299610007791,0.358299610007791,0.5081435581127585,0.2695388702323696,0.358299610007791,0.11517174156109294,0.0,,0.358299610007791,0.18887176342986228,0.358299610007791,0.684282296210712,0.6228822951480771,,1,0.9971727016256966,-0.8803481937997886,0.358299610007791,0.3333333333333356,9.899998,16606.0,16606.0,0.011516588992454505,9.899998000000002,-1425314.0,0.0,0.0,3.0
0xf27f53d5d8b7b616e47799545983c6249d5b61da,0.445492137758753,0.74537146,1,15.220699,2,1767533975,0.3461538626593642,0.3471660084093653,0.3461538626593642,0.3461538626593642,0.4909668774874563,0.11281429919350333,0.3461538626593642,0.08659163191922048,0.0,,0.3461538626593642,0.16149163737701522,0.3461538626593642,0.6335115158866005,0.5805115158866005,,1,0.9971727016256966,-0.8813600432179751,0.3461538626593642,0.5,9.999999,40792.0,40792.0,0.028257683025162583,9.999999,-1402780.0,,0.0,2.0
0x3857890b43049a100d67c6cf363805fac1e02c60,0.4125301914914646,0.71390074,1,59.999998,2,1767471253,0.4159919095192526,0.4170040552692536,0.4159919095192526,0.4159919095192526,0.5897327905263581,0.275225351355408,0.4159919095192526,-0.028185672419655507,0.0,,0.4159919095192526,0.004814327580344488,0.4159919095192526,0.8777402422933098,0.8567402422933099,,1,0.9971727016256966,-0.8429428403078668,0.4159919095192526,0.3392703367238143,9.999999,626.0,626.0,0.00045334395481044283,14.749998999999999,-1380224.0,,0.0,4.0
0xe98c96a5d5a61d16f53ba22a182bf1a631ee2a97,0.3773871789865616,0.6795022,1,45.649996,3,1767649643,0.15587046336905175,0.15688260911905277,0.15587046336905175,0.15587046336905175,0.26763921627463344,0.12236028433075435,0.15587046336905175,0.10981494600793698,0.0,,0.15587046336905175,0.17911494600793698,0.15587046336905175,0.18493297856079063,0.11516028256079062,,1,0.9971727016256966,-0.9522066524811749,0.15587046336905175,0.45557656316265394,11.999998,85720.0,85720.0,0.05497550088504656,15.333331999999999,-1473520.0,,0.0,3.0
0xd0127c8a5fa157c1dd5d298aeeffb7f204c23bfd,0.3698766700531596,0.6719994,1,1.5408309999999998,2,1767483517,0.3542512220460527,0.3552633677960538,0.3542512220460527,0.3542512220460527,0.5024182729515203,-0.03794790710188363,0.3542512220460527,-0.0645501420605849,0.0,,0.3542512220460527,-0.03755014206058492,0.3542512220460527,0.6256243064006803,0.6125243064006802,,1,0.9971727016256966,-0.8504545359886418,0.3542512220460527,0.8347108655146838,5.499999000000001,1586.0,1586.0,0.0011384567235703611,5.499999000000001,-1391528.0,,0.0,2.0
0xf234acc1df0e8719438532b716860f8db78e716d,0.35525905342967457,0.65721124,1,1.650164,2,1767492381,0.3977735152809176,0.3987856610309186,0.3977735152809176,0.3977735152809176,0.5639680903098451,0.16821725001528326,0.3977735152809176,-0.10771382989627881,0.0,,0.3977735152809176,-0.03621378335545012,0.3977735152809176,0.8115750633105485,0.7804750609529281,,1,0.9971727016256966,-0.8558837328668536,0.3977735152809176,0.5,0.999999,1004.0,1004.0,0.000716131066250683,0.999999,-1400974.0,,0.0,2.0
0x8897b45ef8f129c53659c45fa155cd255bff2a21,0.3547084983568239,0.6566491,1,20.228269,4,1767684093,0.2766150091381539,0.2776271548881549,0.2766150091381539,0.2766150091381539,0.5538225634665546,0.4076307256653792,0.2766150091381539,0.37612298484457335,0.0,,0.0,0.4497562972493976,0.0,0.45400759941483704,0.3727075886901241,,1,0.9971727016256966,-0.9733072653483225,0.2766150091381539,0.3931573522829386,5.179998,90336.0,90336.0,0.05668354573348644,9.642683472222224,-1503354.0,,0.2,5.0
0x638908988c2b0a0b5d67a5c6241df6085e66c6f6,0.3529472858157858,0.6548482,1,3.300329,2,1767492445,0.3977733944488244,0.3987855401988255,0.3977733944488244,0.3977733944488244,0.5639679194274599,0.17457626377646598,0.3977733944488244,-0.11831298825901199,0.0,,0.3977733944488244,-0.046812965594604905,0.3977733944488244,0.8115745521343725,0.780474549776752,,1,0.9971727016256966,-0.8559229328443136,0.3977733944488244,1.0,1.999999,992.0,992.0,0.0007075394317716588,1.999999,-1401050.0,,0.0,1.0
0x70896ef90afcc72080a90420be2bcafbd4eb9160,0.34546874887075685,0.6471548,1,212.925118,9,1767468669,6.271734258009548e-06,1.4578823784656158e-05,6.271734258009548e-06,6.271734258009548e-06,0.003014901496356179,0.7229851636695415,6.271734258009548e-06,0.6455481410945106,0.0,11.721794044800001,0.033394821485613436,0.6587484497490368,0.06678337123696886,2.5485799943527985,2.543979994352798,,1,0.9971727016256966,-0.8413601412179188,6.271734258009548e-06,1.0,42.719999,122.0,122.0,8.851702066219437e-05,42.719999,-1378144.0,,0.0,1.0
0xdaca7bce901ef147f939dd45aa4fab0dbec3d857,0.3439469244686087,0.64557976,1,1962.6848220000002,21,1767471813,4.33042176548418e-07,2.4914755363059652e-06,4.33042176548418e-07,4.33042176548418e-07,0.001029140067059644,0.12066977339690493,4.33042176548418e-07,-0.023655909176540663,0.0,9.696421626666671,0.00887514917661449,-0.007155813618704207,0.01774986531105243,0.8004100085074123,0.7942100085074123,,1,0.9971727016256966,-0.8432858401106419,4.33042176548418e-07,1.0,497.469999,474.0,474.0,0.00034312767389840814,497.469999,-1380936.0,,0.0,1.0
0x4b265f926880b5ec061a9e69b9f14f4437497fa1,0.3410397901290855,0.6425617,1,213.475998,7,1767436231,1.713797373653024e-06,4.100879418949704e-06,1.713797373653024e-06,1.713797373653024e-06,0.0015797882400342405,0.4056498424342629,1.713797373653024e-06,0.3063651804701287,0.0,16.805693378454468,0.03179316211909712,0.3046651740548977,0.06358461044082059,2.3512766190694405,2.360176608989439,,1,0.9971727016256966,-0.8214918776421704,1.713797373653024e-06,1.0,39.999999,238.0,238.0,0.0001768428060643708,39.999999,-1345590.0,,0.0,1.0
0x18b2080ab96c5b4895c783c5c05ededa2ea294c8,0.34048314486358106,0.6419824,1,186.238878,8,1767460043,3.7967332235524564e-06,3.834324641607432e-06,3.7967332235524564e-06,3.7967332235524564e-06,0.0015411385332791652,0.6742891324355907,3.7967332235524564e-06,0.5873799264789993,0.0,59.515817076,0.075977851357697,0.6047885699689671,0.15195190598217045,2.4356216498095278,2.4314343956061966,,1,0.9971727016256966,-0.8360767192558864,3.7967332235524564e-06,1.0,38.999999,518.0,518.0,0.00037820157121579395,38.999999,-1369122.0,,0.0,1.0
0x7d127f224f241f564d829850301afb3250b5339f,0.33540722405994977,0.63667846,1,5.999998,2,1767438453,0.7155870976609984,0.7165992434109995,0.7155870976609984,0.7155870976609984,1.0134243688181344,1.9434609790583235,0.7155870976609984,2.207303113439556,0.0,,0.7155870976609984,2.220303123519557,0.7155870976609984,4.454593987624848,4.463493977544847,,1,0.9971727016256966,-0.8228528518596102,0.7155870976609984,0.12507234439804352,4.9999994999999995,2258.0,2258.0,0.0016750120544490189,5.7599982,-1345792.0,,0.0,10.0
0x793975b31af44860deca0a22d40e4e5d7de21d79,0.3227252094964275,0.6232483,1,8.785278,4,1767458645,0.00048195061782383715,0.00048745862361639124,0.00048195061782383715,0.00048195061782383715,0.018689904624012987,1.430180896201821,0.00048195061782383715,1.1456258225060638,0.0,2.394000551249527,0.0889844803084084,1.1884549539980729,0.17748700999899295,4.460097210070996,4.463497199990995,,1,0.9971727016256966,-0.8352204447482443,0.00048195061782383715,0.24260374783831673,1.499999,246.0,246.0,0.00017979275595983752,2.1666648333333334,-1367996.0,,0.0,6.0
0xad12f3a7dda5d1f2b75abfa10074a15339eef9ad,0.3127397446123513,0.6124788,1,10.547043,4,1767451191,0.00021966125664927592,0.0004197219357522501,0.00021966125664927592,0.00021966125664927592,0.016242324440311567,0.5084112396663368,0.00021966125664927592,0.6732422020905793,0.0,1.712750296603609,0.04131063181399792,0.6774450151138209,0.08240160237134657,2.62795364606779,2.6313536359877885,,1,0.9971727016256966,-0.8306548723734484,0.00021966125664927592,1.0,1.999999,160.0,160.0,0.00011757893220692716,1.999999,-1360628.0,,0.0,1.0
0xd3d1856dcd0c66bd45080e1f6efa10b6eb7d0b02,0.31099898567204526,0.6105825,1,56.750997999999996,5,1767462021,4.4538523197350406e-05,8.347557442671955e-05,4.4538523197350406e-05,4.4538523197350406e-05,0.007184918478894035,0.7060023866891818,4.4538523197350406e-05,0.6814752927478285,0.0,8.378200270926847,0.04128391185408247,0.7171737388930561,0.0825232851849676,2.4839329997739448,2.4797457455706144,,1,0.9971727016256966,-0.8372882435592599,4.4538523197350406e-05,0.5555555703703718,14.999999500000001,132.0,132.0,9.623670730480352e-05,14.999999500000001,-1371486.0,,0.0,2.0
0x475f3a08e5d69c30269fb21a4d0472da13458ed7,0.2843044126242476,0.580715,1,64.319996,2,1767508725,0.2692307919003904,0.2702429376503914,0.2692307919003904,0.2692307919003904,0.38218122756073025,-0.0999824372963097,0.2692307919003904,-0.26129684753259,0.0,,0.2692307919003904,-0.20869685886479358,0.2692307919003904,0.3821434608304365,0.3585632196983261,,1,0.9971727016256966,-0.8658944271107044,0.2692307919003904,1.0,32.159998,23228.0,23228.0,0.016377099135457252,32.159998,-1395094.0,,0.0,1.0
0x2d3961163c1d9e94f047a9f437402a3e620cbc31,0.2742159389220157,0.568996,1,7.2674389999999995,2,1767481971,0.3147773327070047,0.3157894784570057,0.3147773327070047,0.3147773327070047,0.44659376328862377,-0.1121130598801233,0.3147773327070047,-0.2658232866678962,0.0,,0.3147773327070047,-0.2349233091132057,0.3147773327070047,0.5053764585006231,0.4841764585006231,,1,0.9971727016256966,-0.8495076115331234,0.3147773327070047,0.7222221481481297,2.999999,240.0,240.0,0.0001724673174433445,2.999999,-1391328.0,,0.0,2.0
0x050ee4f95b2735d8fd3b4ea729b5a9bd9b88d92f,0.27077844619483493,0.5649422,1,46.0,6,1767467089,0.0,0.0,0.0,0.0,0.0,0.9250684807606058,0.0,0.8090887001927968,0.0,6.0200000000000005,0.03808198384378905,0.8244004556114042,0.0761639676875781,3.1263460594025516,3.1217460594025517,,1,0.9971727016256966,-0.8403923917743747,0.0,0.456786399276165,3.395,1918.0,1918.0,0.0013932007734516077,5.8575,-1374768.0,,0.0,4.0
0xa4cb6048043d67d6b707f9006a7f43bdf0247797,0.27075976941377483,0.56492007,1,7.763973999999999,2,1767561329,0.35931177462365277,0.3603239203736538,0.35931177462365277,0.35931177462365277,0.5095749750398644,0.1517802515941016,0.35931177462365277,0.0673072074728972,0.0,,0.35931177462365277,0.13220721406745817,0.35931177462365277,0.7139096046409454,0.6265096661616087,,1,0.9971727016256966,-0.8981143585842438,0.35931177462365277,0.31112436412705347,4.999999,916158.0,916158.0,0.6228443851016299,8.199998400000002,-554768.0,,0.0,5.0
0xd388dc16c4e964ea22726553b3dd64cab0640190,0.2632255068831064,0.55591947,1,2363.754178,27,1767511679,9.570718243004288e-10,-8.773158389929695e-08,9.570718243004288e-10,9.570718243004288e-10,-0.00015626649094014543,0.0,9.570718243004288e-10,0.0,0.0,15.933872241176479,0.009802165675609164,0.0,0.019604330394146503,,,-1.862370846631266,1,0.9971727016256966,-0.8757115714658464,9.570718243004288e-10,0.6867692803020753,929.999999,94200.0,94200.0,0.06627847089516745,857.2903326666668,-1327076.0,,0.5,2.0
0xf52bf0e7c958b177727ad6a58f058a1faf87be70,0.25315489007412667,0.5436258,1,15.0,2,1767472291,0.2520242917502584,0.25303643750025945,0.2520242917502584,0.2520242917502584,0.3578475616874389,-0.09009401076758505,0.2520242917502584,-0.2973213055223333,0.0,,0.2520242917502584,-0.26862130556944336,0.2520242917502584,0.35036057874191157,0.31236057874191153,,1,0.9971727016256966,-0.8435786149422964,0.2520242917502584,1.0,7.5,252.0,252.0,0.00018235920711374582,7.5,-1381636.0,,0.0,1.0
0x02c1ec85e707b3440e608eb252360c0437637dec,0.24255535684244234,0.5303318,1,8470.332644999997,53,1767433651,-1.6145394294198144e-07,2.9201597622862685e-07,-1.6145394294198144e-07,-1.6145394294198144e-07,0.0003848076498269968,0.10781629285589754,-1.6145394294198144e-07,0.21444427867456942,0.0,-130.649284413913,-0.03800958552768223,0.21274428273559104,-0.07601900960142151,1.5771754425080273,1.5860754324280257,,1,0.9971727016256966,-0.8199116285508136,-1.6145394294198144e-07,0.4111025471444072,344.2027245,348470.0,348470.0,0.25942342739389895,533.3444059999999,-994778.0,,0.3333333333333333,6.0
0xabf102c63afcf99de1590f143d758effedb32d3e,0.2363123212710132,0.5223167,1,141.695278,6,1767470153,3.903022372654152e-06,7.262069417502581e-06,3.903022372654152e-06,3.903022372654152e-06,0.001981172802450436,0.3665496299686742,3.903022372654152e-06,0.22768660149407643,0.0,13.710280253324072,0.03623149136407008,0.2443368252066094,0.07245907970576751,1.6555652348607446,1.6365652365139602,,1,0.9971727016256966,-0.8422690906952729,3.903022372654152e-06,0.7420809846737315,19.7249995,3056.0,3056.0,0.0022148940025366916,19.7249995,-1376694.0,,0.0,2.0
0x41fc18688bd9e1733cb4c646c960e57e01771dd7,0.22673240098245964,0.50972736,1,1.375512,2,1767509749,0.2753038088266509,0.2763159545766519,0.2753038088266509,0.2753038088266509,0.39076977046236927,-0.0884453425290617,0.2753038088266509,-0.23731622131250987,0.0,,0.2753038088266509,-0.18431622146500987,0.2753038088266509,0.3905011022179784,0.37410110221797843,,1,0.9971727016256966,-0.8665216267500646,0.2753038088266509,1.0,0.999997,5686.0,5686.0,0.004006070401438409,0.999997,-1413660.0,,0.0,1.0
0x1431cd7481fd9d1548318f7efeb51d7b69b9a949,0.21620254466642516,0.49544773,1,12.440000000000001,2,1767437855,0.0,0.0,0.0,0.0,0.0,1.5939000390040012,0.0,1.4558999949599989,0.0,4.36,0.027580971687528284,1.4670499999999997,0.05516194337505657,6.358899999999999,6.367799989919998,,1,0.9971727016256966,-0.8224865770702182,0.0,0.5895783453339672,7.0049995,84458.0,84458.0,0.06267978376966304,7.0049995,-1262994.0,,0.0,2.0
0xfe15d16d1dff561c1780f0302264507ece5b462c,0.214406483890034,0.4929624,1,1.999998,2,1767499189,0.3431174092503518,0.34412955500035286,0.3431174092503518,0.3431174092503518,0.48667268389491697,-0.021104480416293318,0.3431174092503518,-0.20720180724767617,0.0,,0.3431174092503518,-0.14930182253650318,0.3431174092503518,0.5997426582120271,0.574242658212027,,1,0.9971727016256966,-0.8600536304691625,0.3431174092503518,0.5555515792229286,0.999999,70160.0,70160.0,0.049801744196776514,2.9999642,-1338626.0,,0.0,5.0
0xed27ce9e9b9fd3ca2b48659a7d24a008efe40678,0.19569583775401259,0.4661122,1,20.399996,2,1767472947,0.25809723594305584,0.2591093816930569,0.25809723594305584,0.25809723594305584,0.36643600172842805,-0.13340517911739302,0.25809723594305584,-0.2776488162559169,0.0,,0.25809723594305584,-0.24944881625591694,0.25809723594305584,0.38185708607460855,0.32695708607460855,,1,0.9971727016256966,-0.8439804147112615,0.25809723594305584,0.7258802878655771,6.099998,82566.0,82566.0,0.059720341631080094,6.099998,-1299978.0,0.0,0.0,2.0
0x67dee999f6dcaf4cdcbe14b379f059552cc7dd20,0.18755030079425578,0.45381722,1,1.470587,2,1767477781,0.32287460437188126,0.3238867501218823,0.32287460437188126,0.32287460437188126,0.45804503469531166,-0.003365934253059276,0.32287460437188126,-0.3275021689799511,0.0,,0.32287460437188126,-0.3022021689799511,0.32287460437188126,0.5362890501670791,0.5088890501670791,,1,0.9971727016256966,-0.8469412380087882,0.32287460437188126,0.43485124681862,0.999999,35924.0,35924.0,0.025893447928394424,2.4578933333333333,-1351454.0,0.0,0.1111111111111111,9.0
0x98937189dd66c67995c75623803964faa172b2ce,0.18729104496665627,0.45341924,1,28.901733,2,1767450869,0.6609311963931888,0.6619433421431898,0.6609311963931888,0.6609311963931888,0.9361292519814729,1.3255104800869977,0.6609311963931888,1.5693553997119252,0.0,,0.6609311963931888,1.5845361138073928,0.6609311963931888,3.18247816329416,3.1858781532141585,,1,0.9971727016256966,-0.8304576474868527,0.6609311963931888,0.021430016251651487,1.0,423458.0,423458.0,0.3112595243100526,1.897594061797753,-937008.0,,0.04790419161676647,167.0
0xf3b59b9018be90d3d9084e13101f1183d52988cf,0.18135733500567447,0.44419196,1,5.0,2,1767570671,0.14372469650014738,0.14473684225014843,0.14372469650014738,0.14372469650014738,0.2046888052852151,-0.31622447924690145,0.14372469650014738,-0.3194058566259269,0.0,,0.14372469650014738,-0.2576058566259269,0.14372469650014738,0.14328519594054348,0.0952851959405435,,1,0.9971727016256966,-0.90383633029411,0.14372469650014738,1.0,4.285,340.0,340.0,0.00022968813755347005,4.285,-1479928.0,,0.0,1.0
0x64aa3f2869de45f6121f6760288432d19681e774,0.18073708048115966,0.44321397,1,26.46,4,1767468003,0.0,0.0,0.0,0.0,0.0,0.7986085047805509,0.0,0.7588397945510958,0.0,0.18000000000000016,0.001518218625001558,0.7781897945510958,0.003036437250003116,2.7663827841910735,2.7617827841910736,,1,0.9971727016256966,-0.8409522164524755,0.0,0.40312705456936226,6.875,1410.0,1410.0,0.0010235191637630661,7.8,-1376190.0,,0.0,4.0
0x3b35f717fe40a369972f9c11acbfc0912bdbee5e,0.17148822818188794,0.42830908,1,29.043734999999998,4,1767457507,4.488044580623534e-05,0.0001795217475805126,4.488044580623534e-05,4.488044580623534e-05,0.010884384465308511,0.7422652972438982,4.488044580623534e-05,0.9411651730562891,0.0,2.3406806196627667,0.02066174550586619,0.951067866276047,0.041278610565926147,3.1449167587761764,3.1483167486961747,,1,0.9971727016256966,-0.8345234201490335,4.488044580623534e-05,0.6800000384000038,12.4999995,35302.0,35302.0,0.02582246851739151,12.4999995,-1331802.0,,0.0,2.0
0xf8e12ca5698b6c25b8f04a6f2ad0776eb9c5688f,0.16516881293351973,0.41775486,1,70.2,4,1767422375,0.0,0.0,0.0,0.0,0.0,1.5914999999999997,0.0,1.0940000328755723,0.0,-6.926400000000003,-0.01872469637501921,1.0918000339285725,-0.03744939275003842,5.9701,5.979999997894,,1,0.9971727016256966,-0.8130050825220776,0.0,1.0,11.7,122.0,122.0,9.159351698083744e-05,11.7,-1331850.0,,0.0,1.0
0x3f859676c54d00361b43e05dfa834a5f1ae3d45f,0.16481101493263356,0.4171477,1,38.08,4,1767439281,0.0,0.0,0.0,0.0,0.0,0.9210291258480137,0.0,1.0275997369746264,0.0,3.199999999999999,0.02024291500002075,1.026699742014627,0.0404858300000415,4.454592462411874,4.463492452331872,,1,0.9971727016256966,-0.823360001567999,0.0,0.2785466665519215,6.27,45288.0,45288.0,0.03357457086556383,7.5899998333333345,-1303590.0,,0.5,4.0
0x6215472f5848eaaaca750c1e918c66e8c39729c0,0.1602551814843492,0.40932244,1,10.197215,3,1767472095,0.21707728950519173,0.21808943525519278,0.21707728950519173,0.21707728950519173,0.37095518429604135,-0.14169041747675673,0.21707728950519173,-0.33565860947635207,0.0,,0.21707728950519173,-0.3095586069949009,0.21707728950519173,0.27088824295692016,0.23288824295692012,,1,0.9971727016256966,-0.8434585650113251,0.21707728950519173,0.5061728545953488,8.999998,345336.0,345336.0,0.249937033723869,8.999998,-1036356.0,0.0,0.0,2.0
0xce1d11e46e65842f056dd2f2a20821542e78957b,0.15816644350132844,0.40567452,1,12.299998,2,1767501153,0.2793522542487346,0.28036439999873564,0.2793522542487346,0.2793522542487346,0.3964951368848073,-0.13479236714759518,0.2793522542487346,-0.24648408715603323,0.0,,0.2793522542487346,-0.19195252663928675,0.2793522542487346,0.4070538553194969,0.38465385531949686,,1,0.9971727016256966,-0.8612565797774666,0.2793522542487346,0.5042654207842961,5.6299980000000005,517174.0,517174.0,0.366595073542442,5.6299980000000005,-893576.0,,0.5,2.0
0x9f9bfd87070785c66363c26673b2d52efdfeddfa,0.14983093697102823,0.39071387,1,19.200469000000002,6,1766095019,0.48091293509277183,0.4819250808427727,0.48091293509277183,0.48091293509277183,1.1356797442395068,-0.28138468121230364,0.48091293509277183,-0.21963591813487177,0.0,,0.48091293509277183,-0.21963591813487177,0.48091293509277183,-0.8028179445333277,-0.8028179445333277,,1,0.9971727016256966,0.0,0.48091293509277183,1.0,4.999999,1456.0,1456.0,0.31542461005199307,4.999999,-3160.0,,0.0,1.0
0xc33d05041c15570829f6a28195dba8538df41b02,0.1485935244801309,0.38843507,1,2486.628152,16,1767549177,0.365122638068452,0.3661347838184531,0.365122638068452,0.365122638068452,1.0500201563697225,0.2251365112857393,0.365122638068452,-0.008577675691098822,0.0,,0.365122638068452,0.05317054932690464,0.365122638068452,0.7507786331497772,0.6752979198215213,,1,0.9971727016256966,-0.8906712628640239,0.365122638068452,0.057820404687369986,499.999998,26339714.0,26339714.0,18.05606214533574,1297.3731574800001,24880940.0,,0.5217391304347826,46.0
0xa003104410718156265ac9b81264272dfc8872d0,0.1431670910042311,0.37825248,1,8.481966,5,1767439789,0.23830683714272968,0.23880573121342252,0.23830683714272968,0.23830683714272968,0.596544374878618,1.3215532680915567,0.23830683714272968,1.1742829616935044,0.0,1.0707412469147086,0.25154141337512714,1.198489997611416,0.26477598960752463,4.428023489188023,4.434173479108021,,1,0.9971727016256966,-0.823671151389088,0.23830683714272968,0.10722578214456155,0.999999,418188.0,418188.0,0.3099098404755941,1.102582517241379,-931198.0,,0.29411764705882354,17.0
0x4b37e133604b75e570e4d0d2c253a1fa1148d5dc,0.14104459429418534,0.3741822,1,5468.905078000001,23,1767492073,-0.00020164698784274796,-0.00025205873480343494,-0.00020164698784274796,-0.00020164698784274796,-0.0011294250244747006,0.08224301848337168,-0.00020164698784274796,-0.014437944940918254,0.0,519.2288968433335,0.046575049809668145,0.019701493272620517,0.09335174660717903,0.8557655703145437,0.8172355699609006,,1,0.9971727016256966,-0.8556950829753273,-0.00020164698784274796,0.7785645334439966,500.0,5184890.0,5184890.0,3.699080382686367,943.4742615999997,3783220.0,,0.3333333333333333,3.0
0x91948819040bada6cb1e4e9bbb9b8cdbb06e2fb4,0.14072363300609467,0.37356225,1,19.205187,4,1767464245,-4.935073706794503e-06,0.00015164163385801002,-4.935073706794503e-06,-4.935073706794503e-06,0.010186010417009854,1.1138827608048998,-4.935073706794503e-06,1.0354486016020341,0.0,-0.26333953220740064,-0.002787714057611469,1.0495122350249912,-0.005570493041516144,3.6362444661751114,3.632057211971781,,1,0.9971727016256966,-0.8386504427759954,-4.935073706794503e-06,1.0,3.879999,532.0,532.0,0.0003872352133651468,3.879999,-1373310.0,0.0,0.0,1.0
0x794b0e105f9ddf6f00cf405fb40d75a56a8763a2,0.14035281113488102,0.37284452,1,16.041389,4,1767459543,-7.6246915830325215e-06,5.4862766861714284e-05,-7.6246915830325215e-06,-7.6246915830325215e-06,0.005895865515422629,0.7834670801995149,-7.6246915830325215e-06,0.6656158456970844,0.0,-0.6977395140841565,-0.011013748970909286,0.7004124915864647,-0.022019873250235536,2.7037792277870483,2.699591973583718,,1,0.9971727016256966,-0.8357704694319801,-7.6246915830325215e-06,0.5199999680000065,2.4999995,1160.0,1160.0,0.0008472471770600522,2.4999995,-1367980.0,,0.0,2.0
0xc79a9f4c2676c0e32f63b19e3cd99382e4cf79e7,0.13995053617972222,0.3720641,1,114.202166,6,1767590547,1.0791357298073578e-05,1.110302102189081e-05,1.0791357298073578e-05,1.0791357298073578e-05,0.001789635375457404,0.2053112646223808,1.0791357298073578e-05,-0.04433512381200005,0.0,10.128670089939764,0.03619864716185706,0.0006205190786732267,0.07238650296641605,0.47811315278410005,0.4171131527841,,1,0.9971727016256966,-0.9160103732940353,1.0791357298073578e-05,0.504132230202855,27.4999985,310.0,310.0,0.00020664682857112385,27.4999985,-1499834.0,,0.0,2.0
0x8f82bfb7a3fa66ffbd7cf82809ed7de9fea88f58,0.1362768632299291,0.36484885,1,905.3502719999999,17,1767556569,8.362851901653137e-07,8.472170227164938e-07,8.362851901653137e-07,8.362851901653137e-07,0.00036457317766809175,0.06746642214674725,8.362851901653137e-07,-0.019693592283600847,0.0,7.181481813333337,0.008783662581343813,0.013018028710742008,0.01756648887749746,0.5017537792354999,0.43626463982495056,,2,0.9971727016256966,-0.8951988602606553,8.362851901653137e-07,1.0,112.829998,14.0,14.0,9.548714129232297e-06,112.829998,-1466152.0,,0.0,1.0
0x3eae62bde2d83aba0fe84018921b2693ec645e6d,0.1344945928636973,0.36128926,1,2450.4059479999996,39,1767450911,0.016962477721403323,0.03492274824994801,0.014218547501764546,0.016962477721403323,0.15729856278325857,0.8526260442192023,0.016962477721403323,0.9757664509114138,0.0,23.03093876071429,0.04884239671337323,0.9857238802309662,0.0862101761446207,2.974070437109846,2.977470427029844,,1,0.9971727016256966,-0.8304833724720608,0.014218547501764546,0.0,0.0,98.0,98.0,7.203191748964357e-05,0.0,-1360410.0,,,0.0
0x6f0a3c1ef11dbec9dcd495b6a0a57d22f5f7eb4b,0.12728095906103856,0.34646097,1,9.433961,2,1767449579,0.6892713199086102,0.6902834656586113,0.6892713199086102,0.6892713199086102,0.9762082390163107,1.7455181453720279,0.6892713199086102,1.8204357875770014,0.0,,0.6892713199086102,1.837735797657003,0.6892713199086102,3.774377126992518,3.7777771169125165,,1,0.9971727016256966,-0.8296675229411743,0.6892713199086102,1.0,2.999999,,,,2.999999,,,0.0,1.0
0xd0fe2ea9982bf0c943223523b6784b2fea08ce41,0.12439218567396243,0.34032127,1,92.829198,8,1767464517,-1.904908589951518e-06,2.2572583021893567e-05,-1.904908589951518e-06,-1.904908589951518e-06,0.003787851004988227,0.7957777862264902,-1.904908589951518e-06,0.7835181287182681,0.0,-2.3890823043595426,-0.0067485947213473734,0.8069628485131248,-0.013495284534104797,2.785087303587475,2.7809000493841447,,1,0.9971727016256966,-0.8388170426802004,-1.904908589951518e-06,0.19297800007658925,99.999998,686858.0,686858.0,0.49985517941015084,176.4786959130435,-687256.0,,0.2727272727272727,11.0
0x699ec369fb83523ff7bf5b81c43b8f0cfa50d47d,0.12214930583899423,0.33546942,1,1.999996,2,1767425291,0.42408958585020423,0.42510173160020526,0.42408958585020423,0.42408958585020423,0.6011846342172975,-0.11565209655281354,0.42408958585020423,0.2867955259273465,0.0,,0.42408958585020423,0.2833955360073481,0.42408958585020423,0.893678240873052,0.9025782307930504,,1,0.9971727016256966,-0.8147911314950994,0.42408958585020423,0.2805497501576297,2.0,1664920.0,1664920.0,1.2472357231468107,6.486102565217391,330032.0,,0.02631578947368421,38.0
0xc898e0fc6005f0060212a90e062a48f91c8c1391,0.11751182163375795,0.32518896,1,54.374624,5,1767440379,2.863952518777332e-07,2.88850068322397e-05,2.863952518777332e-07,2.863952518777332e-07,0.004543181798500437,0.8972694387483033,2.863952518777332e-07,0.6803889499069636,0.0,0.21674773599999847,0.0008082247860995775,0.73327971812551,0.0016161631769472775,4.38069598562835,4.389595975548349,,1,0.9971727016256966,-0.8240325261812974,2.863952518777332e-07,0.3437500875000653,7.499999000000001,235002.0,235002.0,0.17407865028711622,9.999997,-1114974.0,,0.0,4.0
0x265ec1b2e88f644139fddb609c7428cdfeeb498e,0.11464011136309184,0.31864533,1,38.619996,4,1767442585,1.4309637851539597e-05,2.4814089069217052e-05,1.4309637851539597e-05,1.4309637851539597e-05,0.003410053684128444,0.10929819087540757,1.4309637851539597e-05,0.021080959014286797,0.0,4.971540963897915,0.033792891888848736,0.026531252637554324,0.06757147413984593,1.1234339625059726,1.132333952425971,,1,0.9971727016256966,-0.8253837004043723,1.4309637851539597e-05,0.5015043830729986,9.479999,39338.0,39338.0,0.029092237583402233,9.479999,-1312844.0,0.0,0.0,2.0
0x7b1985b621d1629d1dbccaa6c1736125b467575e,0.11366446854541205,0.3163897,1,1.999998,2,1767452623,0.6791499682264881,0.6801621139764891,0.6791499682264881,0.6791499682264881,0.9618944861979057,1.8769801713734584,0.6791499682264881,2.119210002247474,0.0,,0.6791499682264881,2.1391100123274756,0.6791499682264881,3.5478061576031963,3.5512061475231946,,1,0.9971727016256966,-0.8315319718691162,0.6791499682264881,0.3261261782376107,2.999999,5937228.0,5937228.0,4.358494222665942,5.484284785714286,4575008.0,,0.08333333333333333,12.0
0x022c64c0c56ef5789ef985dae34a4f9a7e934873,0.11298473608774519,0.31480822,1,205.920206,5,1767641581,4.313649458268077e-06,4.475209363072122e-06,4.313649458268077e-06,4.313649458268077e-06,0.0011201291291649948,0.18912896402077112,4.313649458268077e-06,-0.0354363834518211,0.0,18.41059793800001,0.03371254631313331,-0.0024358567019080006,0.06742077897680834,0.44406858360009754,0.37666858336892445,,1,0.9971727016256966,-0.9472686803205088,4.313649458268077e-06,0.29368308057336584,100.0,683676.0,683676.0,0.44074632311701173,166.59591885714283,-867502.0,,0.2,5.0
0xcc955da54f87df6b816107e9b7463196bb1bf5fe,0.11209916671861878,0.31273532,1,1.517448,2,1767482775,0.34412970974556584,0.34514185549556686,0.34412970974556584,0.34412970974556584,0.48810429298444563,-0.054422619038355054,0.34412970974556584,-0.1513631999682366,0.0,,0.34412970974556584,-0.1288631820140626,0.34412970974556584,0.6191520791605862,0.5776520911643394,,1,0.9971727016256966,-0.8500000612499647,0.34412970974556584,0.16666673611124422,0.999999,671434.0,671434.0,0.4822231415167786,1.499998625,-720938.0,,0.5,8.0
0x44ab73840184252a0b308065ca5e66f077d3c09d,0.10813138107778311,0.30326805,1,48.669998,5,1767468709,1.5760192389643392e-05,4.822148268501661e-05,1.5760192389643392e-05,1.5760192389643392e-05,0.005478723321850358,0.7006262751417107,1.5760192389643392e-05,0.6442027051456762,0.0,3.519980159975212,0.025736233054245352,0.657703750963767,0.05145670591610106,2.5403614303749147,2.5357614303749147,,1,0.9971727016256966,-0.8413846412038313,1.5760192389643392e-05,0.19671053356892249,2.694365,493912.0,493912.0,0.35834713046304667,4.596170125,-884394.0,,0.1111111111111111,9.0
0x064b44d85a52762f080fd59a8a909e30fd7febfb,0.10510610299740579,0.29584235,1,3.4093999999999998,4,1767423553,0.00014231908035152835,0.0011580866342330264,0.00014231908035152835,0.00014231908035152835,0.02205545902862521,-0.018596305460063665,0.00014231908035152835,0.1620783249025119,0.0,0.08669999999999997,0.006576958351564203,0.15987226037502805,0.013011597622776877,0.8698658683442531,0.879765866238253,,1,0.9971727016256966,-0.8137266071072009,0.00014231908035152835,0.7574553298393751,3.5129995,257850.0,257850.0,0.1934140944379852,14.506497250000002,-1075300.0,0.0,0.0,3.0
0x4dba83a722022d373b7fafd5110b07c380ad172f,0.10462925539613009,0.29465476,1,180.969518,10,1767458913,1.4059112478865667e-06,1.4244371634772754e-06,1.4059112478865667e-06,1.4059112478865667e-06,0.0009988407176928916,1.0130327800838548,1.4059112478865667e-06,0.9293489019153645,0.0,41.0538704639877,0.08188776883985374,0.9692524020709403,0.1637741317684596,3.3245091570935434,3.3260123359827096,,1,0.9971727016256966,-0.8353845946538581,1.4059112478865667e-06,0.4481855867920664,40.43222,1029406.0,1029406.0,0.7522093371623152,31.942316333333338,-339104.0,,0.25,4.0
0xba369f3f6b7d51265ecea16feb280a57a45d091e,0.10460746260247833,0.29460037,1,155.70680000000002,39,1767525771,1.1259787161077853e-05,1.1401123298868455e-05,1.1259787161077853e-05,1.1259787161077853e-05,0.0016711028812239574,0.06563987409385157,1.1259787161077853e-05,0.07372127647207932,0.0,12.356544642080914,0.0431600013876366,0.10931343730093578,0.0863200027752732,0.6765398489410621,0.5952454008085168,,2,0.9971727016256966,-0.8763350961073197,1.1259787161077853e-05,0.4687118536722669,2.059872,60992.0,60992.0,0.042492238924094726,2.878268382352941,-1374376.0,,0.16666666666666666,6.0
0x5c908bbc99e7487b3948103c48ff7e0e17da8fac,0.09825033904410606,0.278289,0,3.074336,2,1767441265,0.7145748900473893,0.7155870357973904,0.7145748900473893,0.7145748900473893,0.9966300184122832,1.8261222338935,0.7145748900473893,1.4328950885236962,0.0,,0.7145748900473893,1.5119950967357174,0.7145748900473893,4.425267737203317,4.434167727123317,,1,0.9971727016256966,-0.8245752008692595,0.7145748900473893,0.056772297450945614,1.4012495,1175378.0,1175378.0,0.8700947987285156,1.9308335196078434,-175484.0,,0.475,40.0
0xd863619ba864b65352a217259828cabd3e880e2c,0.09785693298739934,0.27724904,0,1152.3877400000001,21,1767420873,0.0,-2.6456522323699932e-17,0.0,0.0,-5.0754603808728854e-09,1.6923664102727098,0.0,1.163588327230069,0.0,-13.081907272727273,-0.01446673420793183,1.1606664102727098,-0.02893346841586366,6.696853282054542,6.7109132782637415,,1,0.9971727016256966,-0.8120851080510628,0.0,0.8419875585060976,99.9999995,1042789.0,1042789.0,0.7837749066119492,473.84520211999995,-287681.0,,0.1,10.0
0xf67b4367f3bb557a32aad50e9855040cf820368e,0.09642053172367036,0.27342004,0,19.999997999999998,3,1767458405,0.7104634026077592,0.7114755483577604,0.7104634026077592,0.7104634026077592,1.115607996654944,2.764566898734219,0.7104634026077592,2.1992069886755896,0.0,,0.7104634026077592,2.28379455918009,0.7104634026077592,4.306095213187351,4.30949520310735,,1,0.9971727016256966,-0.8350734448327692,0.7104634026077592,0.2813231814138276,4.999999,9237657.0,9237657.0,6.752663373299161,14.213197544303796,7869655.0,,0.23684210526315788,38.0
0xb7f56f7818daa421c7950c8612ac65fb5f7c8742,0.09554687940697343,0.27106616,0,77.367498,12,1767556547,0.01770848075688682,0.017779314677261633,0.01770848075688682,0.01770848075688682,0.09504535223769643,0.04269742887820922,0.01770848075688682,0.03681235303543366,0.0,-0.5850021313236394,0.01188564157096273,0.056179930509898356,0.006062802385038642,0.6351408546304638,0.5725408193739616,-1.6388579933420198,2,0.9971727016256966,-0.8951853852684035,0.01770848075688682,0.6121885231084381,9.4999965,4102.0,4102.0,0.0027978152214243623,9.4999965,-1462042.0,,0.0,2.0
0xc6c210a895ca825636ee72bc991386b399851b0d,0.09523773604805663,0.27022862,0,1820.7347179999997,9,1767444333,2.203218053784649e-06,2.2382592951909666e-06,2.203218053784649e-06,2.203218053784649e-06,0.0010759378270442394,0.17008913559135028,2.203218053784649e-06,0.15944594666055772,0.0,309.1699600349996,0.0636998702290733,0.19144293393089773,0.12739753724009278,1.4694491711873263,1.4783491611073245,,1,0.9971727016256966,-0.8264543497887489,2.203218053784649e-06,0.643483699084057,199.9999965,9642139.0,9642139.0,7.121593435406557,1015.03570553125,8288209.0,,0.2222222222222222,27.0
0xc699c851b06058faeea2e9dc724fbe2428681401,0.09500240259627404,0.26958942,0,28.735630999999998,2,1767463815,0.6589069039616078,0.6599190497116086,0.6589069039616078,0.6589069039616078,0.9332664701705218,1.9225297636025744,0.6589069039616078,1.8547460854224722,0.0,,0.6589069039616078,1.9208333437182825,0.6589069039616078,3.1449163358475785,3.140729081644248,,1,0.9971727016256966,-0.8383870679274359,0.6589069039616078,0.23363238728414307,14.949999,,,,16.7539996,,,0.0,5.0
0xf95f94fe4d7550eab97135e81ca654217e73f988,0.09381900373883607,0.2663535,0,147.72,4,1767630731,0.28930124485400033,0.29031339060400135,0.28930124485400033,0.28930124485400033,0.558181641980452,0.4063731069280625,0.28930124485400033,-0.24197962337178164,0.0,,0.28930124485400033,-0.1759796233717817,0.28930124485400033,0.47701827567416094,0.4059267941926795,,1,0.9971727016256966,-0.940623059141741,0.28930124485400033,0.04901406493685228,92.314,78634.0,78634.0,0.05105016593868319,63.68367920000001,-1461694.0,,0.0,30.0
0x220918650800e597ea7350a59f0d92a6e6d3aed6,0.09318491923578406,0.26460454,0,3.613589,4,1767532997,2.1340237323800683e-05,0.00023611788428270624,2.1340237323800683e-05,2.1340237323800683e-05,0.009053847351851512,-0.04784370536226455,2.1340237323800683e-05,0.04335326510824797,0.0,0.04712033254734193,0.003940765168713237,0.08065795209413906,0.007860190100102674,0.6406122143950298,0.5805122143950298,,1,0.9971727016256966,-0.8807610185624143,2.1340237323800683e-05,0.5,0.999999,1150.0,1150.0,0.0007971750887637132,0.999999,-1441444.0,,0.0,2.0
0x96727ac7c4e09ec9aabf5392486c3c2b32a8e185,0.08872948797537782,0.25200474,0,95.739998,2,1767471133,0.4159919037974547,0.41700404954745574,0.4159919037974547,0.4159919037974547,0.589732782434514,0.2752253335505345,0.4159919037974547,-0.02259647744186709,0.0,,0.4159919037974547,0.010403522558132906,0.4159919037974547,0.8777402160445704,0.8567402160445704,,1,0.9971727016256966,-0.8428693403501293,0.4159919037974547,0.07155573641010757,2.499999,333886.0,333886.0,0.24181845835174148,3.4996358833652,-1046844.0,,0.36904761904761907,84.0
0x219edd8359fa1cc3660fe770ec8480813c327548,0.08870788603330307,0.25194228,0,35.999998,2,1767533575,0.3471659954964201,0.34817814124642116,0.3471659954964201,0.3471659954964201,0.49239824947254385,-0.09371370107892348,0.3471659954964201,0.0889685435356388,0.0,,0.3471659954964201,0.1637271648667162,0.3471659954964201,0.6428626095109501,0.5839626095109501,,1,0.9971727016256966,-0.88111504335885,0.3471659954964201,1.0,17.999999,9542437.0,9542437.0,6.612127313999994,17.999999,8099265.0,0.0,0.0,1.0
0xf6879d0ee9a1a6f465b93b218bf97e9c96b333f9,0.08798400821573017,0.24984108,0,79.999992,5,1767480069,0.2940600740104212,0.29507221976042225,0.2940600740104212,0.2940600740104212,0.6222660636627775,-0.12040009565518617,0.2940600740104212,-0.30175842272743125,0.0,,0.2940600740104212,-0.27485843545685595,0.2940600740104212,0.4350470254524259,0.42458743498021534,,1,0.9971727016256966,-0.8483426372029836,0.2940600740104212,0.11186099331306543,9.9999985,1202.0,1202.0,0.000864956039796613,13.857138357142858,-1388464.0,,0.0,14.0
0x1e55d91a250c26a607aebeebeb1d7bbc7bf2a76a,0.0872728994176718,0.24776168,0,49.614509,18,1767449489,0.03555356411063478,0.04170344199403581,0.03676408540598216,0.041418331076024675,0.22485646503378504,0.6398804025986422,0.04156442847373902,0.6101650869493036,0.0,0.3024645937777778,0.041991738364705954,0.6293682494803312,0.04600887002808236,1.8806609007513497,1.8534249940930532,-0.7331278796755794,2,0.9971727016256966,-0.8313286219860424,0.03676408540598216,0.05157723206753404,1.280119,33468.0,33468.0,0.024625373228772868,2.4993962305986694,-1325618.0,,0.40425531914893614,47.0
0xe16609937d45e81eea9db6eb13b0c021569e2d8f,0.08634998865386646,0.24503997,0,1986.50524,14,1767562453,0.356928327998831,0.35794047374883203,0.356928327998831,0.356928327998831,1.0338001504846182,-0.18697339082207212,0.356928327998831,0.01963687416859443,0.0,,0.356928327998831,0.07233687647926745,0.356928327998831,0.7079381745079714,0.6325704301131226,,1,0.9971727016256966,-0.8988028081883853,0.356928327998831,0.20840893665167617,22.28206,21988647.0,21988647.0,14.937432152440474,212.89999586301371,20516597.0,,0.1,10.0
0xd379b4cae6335bb4e3ce6eacc3b301fea000772b,0.08605706166331553,0.2441706,0,5.05,2,1767434673,0.0,0.0,0.0,0.0,0.0,1.4734999999999998,0.0,1.7514991668354352,0.0,2.95,0.07464574906257655,1.749799171875436,0.1492914981251531,6.294099999999999,6.302999989919998,,1,0.9971727016256966,-0.8205376031908782,0.0,0.057842440079144054,1.0,308402.0,308402.0,0.22941968503351262,1.13349955,-1035868.0,,0.0,19.0
0xb8d5f5631350565070da7a7e3abbd14d8e92fe98,0.08568107066257653,0.24305078,0,59.860668000000004,5,1767525403,8.676661461507732e-07,3.5428590020964857e-06,8.676661461507732e-07,8.676661461507732e-07,0.0010354617561983334,-0.03991381876271736,8.676661461507732e-07,-0.0020851246280619343,0.0,1.3927735119958171,0.009265282018607282,0.02851523360118277,0.018529696371068414,0.505537503947501,0.4456375234348149,,1,0.9971727016256966,-0.8761096962369247,8.676661461507732e-07,0.5555555555555557,14.9999985,2260.0,2260.0,0.0015749128919860626,14.9999985,-1432740.0,0.0,0.0,2.0
0x0f3a06e3e5a6c473aa5ce052934433c60571840b,0.08487370019062287,0.24063104,0,5.140693,4,1767465571,4.093324749415108e-05,8.336734898153633e-05,4.093324749415108e-05,4.093324749415108e-05,0.007180260629197688,0.6915145738915629,4.093324749415108e-05,0.6214971496641921,0.0,0.7710005768444541,0.037991310614002065,0.6323486123171846,0.07594168798050999,2.4839356066439118,2.479335606643912,,1,0.9971727016256966,-0.8394626173089951,4.093324749415108e-05,0.15277818519191094,0.999999,22364.0,22364.0,0.0162627402615535,1.1999954000000002,-1352804.0,,0.25,8.0
0x9e754663bb8b0c9be3cb4a6625a1acbd3e1c89a5,0.08454498982234382,0.2396399,0,93.67825,8,1767453943,0.09739156428012882,0.09755122258222737,0.09739156428012882,0.09739156428012882,0.2456170389349813,0.0,0.09739156428012882,0.0,0.0,-1.7223733333333333,0.08982299908802266,0.0,0.0822544338959165,,,-1.1889772045487166,1,0.9971727016256966,-0.8378064182613095,0.09739156428012882,0.288565880434108,8.75,947594.0,947594.0,0.6949513765639439,23.398075423076925,-415946.0,,0.4166666666666667,12.0
0x457efbb63f530ec0e29576b9208ef089edb7b60e,0.08355974851377139,0.23664802,0,68.249691,5,1767449451,5.604999870527122e-05,0.000101608583210139,5.604999870527122e-05,5.604999870527122e-05,0.008527003548551317,1.0688430042151589,5.604999870527122e-05,1.1106800364497849,0.0,13.306800462652706,0.04939115077735121,1.1192812626330264,0.09872625155599715,4.430768632291321,4.4341686222113195,,1,0.9971727016256966,-0.8295891229862543,5.604999870527122e-05,0.1442602217914018,9.999999,162822.0,162822.0,0.11980592296960814,13.426468133333334,-1196226.0,,0.2777777777777778,18.0
0x8a5e13a31ebfd5371f23ea6100de68c3e7d2ef7a,0.08174844642530583,0.231063,0,6.304573,4,1767449875,0.0003061433612013197,0.0005014289592782721,0.0003061433612013197,0.0003061433612013197,0.018618155384947252,0.9561423047335252,0.0003061433612013197,0.9713590943817655,0.0,1.3135506400707797,0.05302599836798697,0.986169854888163,0.10574585337477262,3.798067106740298,3.8014670966602964,,1,0.9971727016256966,-0.8298488228369268,0.0003061433612013197,0.0,0.0,52562.0,52562.0,0.038663539962573705,0.0,-1306910.0,,,0.0
0x178d3f6c9b46fe240cfa309b10c7499fe66e05ed,0.08122257376036111,0.2294204,0,121.09973500000001,14,1767497657,0.00020839285717245875,0.001556817227111896,0.00020839285717245875,0.00020839285717245875,0.020005858860524466,-0.01205453323834327,0.00020839285717245875,-0.09364426819427032,0.0,0.3889185994285717,0.003967163091246617,-0.061487590230726724,0.0077259333253207755,0.6013258067342805,0.5791400980503554,,1,0.9971727016256966,-0.8591152810087134,0.00020839285717245875,1.0,9.989999,1562.0,1562.0,0.001109963091240103,9.989999,-1405692.0,0.0,0.0,1.0
0x651ea5377dcb28fc1e0033be84ed26564268bc3f,0.08077360268157516,0.22801031,0,3.104894,2,1767609551,0.2874494614569337,0.2884616072069347,0.2874494614569337,0.2874494614569337,0.40794631713598756,0.4001420607011827,0.2874494614569337,0.053897666918729714,0.0,,0.2874494614569337,0.1196991932700958,0.2874494614569337,0.4626420607011827,0.4012420607011827,,1,0.9971727016256966,-0.927650316601068,0.2874494614569337,0.3431839538001068,2.329999,5931660.0,5931660.0,3.904596523840995,455.58861471428577,4412512.0,0.0,0.5263157894736842,18.0
0xf19c6cce5a7d7c7313e4ae0596b59c72a5924d86,0.0794545950292906,0.22382595,0,6.3448269999999996,4,1767513779,0.00019145918540190701,-0.00034986848375816474,0.00019145918540190701,0.00019145918540190701,-0.010426607917772602,0.0,0.00019145918540190701,0.0,0.0,0.5460003881249871,0.021422602646442933,0.0,0.04265374610748396,,,-1.7722286502099749,1,0.9971727016256966,-0.8741864473427928,0.00019145918540190701,0.6250000625000547,1.9999985,782.0,782.0,0.0005493980508312631,1.9999985,-1422594.0,,0.0,2.0
0x73250da5708c151d109dc8157f9065bb425c2936,0.07812946328277523,0.21955775,0,34.246574,2,1767439423,0.7155870632199652,0.7165992089699664,0.7155870632199652,0.7155870632199652,1.0134243201111581,1.835720922237024,0.7155870632199652,1.3200365904792455,0.0,,0.7155870632199652,1.3756366041099672,0.7155870632199652,4.454592985341896,4.463492975261895,,1,0.9971727016256966,-0.8234469765179885,0.7155870632199652,0.13875014590784626,1.98,1234539.0,1234539.0,0.9151376554832397,4.918709210526316,-114481.0,,0.42857142857142855,14.0
0x22c08b5129e96da987a7f40e7d803985136938f9,0.07677429823476917,0.21512373,0,10.0,4,1767524677,0.0,0.0,0.0,0.0,0.0,0.17813177382117137,0.0,0.29190422659831705,0.0,0.2599999999999997,0.006578947375006738,0.34690415147116216,0.013157894750013477,1.3752446706044812,1.2928446706044814,,1,0.9971727016256966,-0.8756650214926126,0.0,0.2156639809570502,1.0,77492.0,77492.0,0.054028728123078296,1.121433111111111,-1356782.0,,0.2,5.0
0x80f3f40901acc978b2d1ae9b3859d30fc8a8d547,0.07593725181303662,0.21234898,0,36.385403,4,1767489163,0.396195176035386,0.39720732178538704,0.396195176035386,0.396195176035386,0.7311326032562037,0.21879920507801603,0.396195176035386,-0.08772181542548219,0.0,,0.396195176035386,-0.006333648719258339,0.396195176035386,0.7906212473071861,0.7724212473071861,,1,0.9971727016256966,-0.8539127090001923,0.396195176035386,0.34557319543259246,49.999999,4866276.0,4866276.0,3.478992822213961,67.91725918181818,3467516.0,,0.25,8.0
0xfee281e5f7021799a5e85faf9d228b2850dc174f,0.07593445201130192,0.21233965,0,35.259995999999994,5,1767549227,-8.800732169071323e-06,8.206103706034351e-05,-8.800732169071323e-06,-8.800732169071323e-06,0.005353029244551481,0.09009524120154867,-8.800732169071323e-06,-0.022152675876560175,0.0,-0.3764126869705333,-0.004688866696066881,0.0070541884905698194,-0.00936893265996469,0.6623787848059167,0.591428189316352,,1,0.9971727016256966,-0.8907018878464145,-8.800732169071323e-06,1.0,9.999998,224.0,224.0,0.0001535483375650524,9.999998,-1458600.0,,0.0,1.0
0xf245b6a867451e31d78fa86b88599242b2edab5d,0.07559277567158533,0.21119891,0,2.7972,2,1767590735,0.2874493930002947,0.28846153875029573,0.2874493930002947,0.2874493930002947,0.4079462203236804,0.38555568922237116,0.2874493930002947,-0.10423443444970829,0.0,,0.2874493930002947,-0.016134434449708288,0.2874493930002947,0.46194187361876315,0.4002418754151033,,1,0.9971727016256966,-0.9161255232278241,0.2874493930002947,0.14186868552931528,1.999998,185002.0,185002.0,0.12330737463441425,1.8888864444444446,-1315330.0,,0.2222222222222222,9.0
0xd79c8c73e58a390b1f8110347342ccb2069b2c35,0.07500869335918187,0.20923784,0,9.39,4,1767447795,0.0,0.0,0.0,0.0,0.0,0.2877491205371979,0.0,0.26080730449345635,0.0,-0.8999999999999997,-0.022773279375023343,0.2640371047695625,-0.045546558750046685,1.8844682402327453,1.8933682301527437,,1,0.9971727016256966,-0.8285748235694764,0.0,0.7021435522691604,2.195,61418.0,61418.0,0.045247062013036764,4.0183333333333335,-1295974.0,0.0,0.0,2.0
0x864625f099c4bf684e762d908daf9080cf373461,0.07437773685154375,0.20710357,0,54.480000000000004,3,1767679393,-0.00236167341666909,-0.002699055333336103,-0.00236167341666909,-0.00236167341666909,-0.004674900969777884,0.12428891186778918,-0.00236167341666909,0.11168891186778916,0.5,5.04,0.018893387333352708,0.13772224520112253,0.040148448083374505,0.4027667356033675,0.3350667356033675,-0.05620000000000005,1,0.9971727016256966,-0.9704285170036028,-0.00236167341666909,0.512895650992645,6.6,71922.0,71922.0,0.045262714051063885,7.566666666666666,-1517068.0,,0.0,3.0
0x629ed9fd4d3679168f7396adaa3d46f7c159fd75,0.07435780836474862,0.20703588,0,460.86221300000005,15,1767516493,-8.035350632532533e-07,2.1538054247911375e-06,-8.035350632532533e-07,-8.035350632532533e-07,0.0007528551713456179,-0.010538945291346255,-8.035350632532533e-07,-0.007232535579434656,0.0,-8.884294885003774,-0.016073377556832653,-0.003417140516672881,-0.03214595157860205,0.39376674383871463,0.3348667438387146,-1.6333008952457915,1,0.9971727016256966,-0.9055513293079857,-8.035350632532533e-07,1.0,37.499999,44.0,44.0,3.0853592690503404e-05,37.499999,-1426046.0,0.0,0.0,1.0
0x8cdf89bd4b451141bb9db5893a72e590dd99fb29,0.07386044406278136,0.20534131,0,24.919998,4,1767450329,3.0059802094243978e-05,0.00012115008853806947,3.0059802094243978e-05,3.0059802094243978e-05,0.009030134771919354,0.823479768557071,3.0059802094243978e-05,0.8274804834937864,0.0,2.461800619776847,0.02090181367617107,0.8701881781929179,0.04177356755024789,3.3996300170635974,3.403030006983596,,1,0.9971727016256966,-0.8301268976770338,3.0059802094243978e-05,0.27818518515848883,9.999999,923696.0,923696.0,0.6792251931355089,15.83637925,-436230.0,,0.2727272727272727,11.0
0xfddf7c76687fd35389b1ab5b65732b5f771463cb,0.07370722546067585,0.20481716,0,16.645077999999998,5,1767455889,4.863099934513707e-06,9.65068495021804e-06,4.863099934513707e-06,4.863099934513707e-06,0.0024983371600551044,0.7746465923417493,4.863099934513707e-06,0.8777718870292539,0.0,1.7838803519894952,0.04074312968844729,0.8863720195070384,0.08148139627696006,2.9139402756857717,2.91734026560577,,1,0.9971727016256966,-0.8335323957188725,4.863099934513707e-06,0.044685569300004425,2.999997,161394.0,161394.0,0.11819527992231338,3.376691829787234,-1204092.0,0.0,0.21428571428571427,42.0
0x1c387f099843709a04793cf1d88a899894431dab,0.0723071289597857,0.19998051,0,2074.209666,10,1767479099,-0.004066383631523099,-0.004879660405648488,-0.004066383631523099,-0.004066383631523099,-0.0076985146351856515,-0.006182671348495902,-0.004066383631523099,-0.03001777628147063,0.8857111797016066,28.94921149999999,0.0029967454918305323,-0.027031241552350083,0.010059874615184164,0.4303524783254996,0.41989288785328893,0.047900004930200565,1,0.9971727016256966,-0.8477485125446053,-0.004066383631523099,0.33481949771444575,58.2135,47402.0,47402.0,0.03413418055499548,67.13005199999999,-1341294.0,,0.4,5.0
0xe8c5c184dc9c24188617c81986b3f6f039f2b315,0.07229405977380357,0.19993496,0,16.182,4,1767453337,0.0,0.0,0.0,0.0,0.0,0.7121874031913137,0.0,0.7184090060878717,0.0,-0.6695999999999993,-0.00910931175000933,0.7212090111278725,-0.01821862350001866,2.766382784191075,2.769782774111073,,1,0.9971727016256966,-0.8319692966176544,0.0,,,,,,,,,,
0xbcf9126799c3cb41b00e06e3b8650b935289e63c,0.07185724169946138,0.19840804,0,16.979996,2,1767482669,0.3451417769981995,0.3461539227482005,0.3451417769981995,0.3451417769981995,0.48953557221915384,-0.052432188763450335,0.3451417769981995,-0.1496029444619802,0.0,,0.3451417769981995,-0.12440294446198018,0.3451417769981995,0.6276747350582752,0.581074735582957,,1,0.9971727016256966,-0.8499351362872967,0.3451417769981995,0.15363310938695673,5.09,226354.0,226354.0,0.16257956453723643,5.582977923076924,-1165912.0,,0.14285714285714285,7.0
0x49f469f0fcb8a76de82e24bfdc3159e76aac5972,0.07072064729815551,0.1943945,0,53.549998,4,1767458609,3.25145225900288e-05,7.459213837939832e-05,3.25145225900288e-05,3.25145225900288e-05,0.007280087791027149,1.3672845206797473,3.25145225900288e-05,1.091559075551108,0.0,10.266300409913923,0.03874302669060566,1.13376350813843,0.07745353885862129,4.287970283611823,4.291370273531822,,1,0.9971727016256966,-0.8351983947609231,3.25145225900288e-05,0.037466886618439624,9.999999,587460.0,587460.0,0.4293651686953573,16.08469775308642,-780746.0,,0.5932203389830508,59.0
0x1583c96c931b45ebd010373c1275744ece39913a,0.07027735520842943,0.19281298,0,470.79025000000007,14,1767471941,-0.1475204542430614,-0.1480341631034499,-0.1475204542430614,-0.1475204542430614,-0.5043497992099896,-0.03744384857950466,-0.1475204542430614,-0.08454175002544265,0.0,-4.158659950000005,-0.15265070738218883,-0.07811520322834295,-0.1577809605213163,0.2564855461487607,0.2184855461487607,-1.865359297768044,1,0.9971727016256966,-0.843364240065562,-0.1475204542430614,1.0,99.999999,78.0,78.0,5.6458816188914096e-05,99.999999,-1381460.0,0.0,0.0,1.0
0xcb251043ff05b23d1c51069a1208bcaa2f367137,0.0699779540207048,0.19173959,0,2.881843,2,1767619113,0.3087044685013357,0.3097166142513368,0.3087044685013357,0.3087044685013357,0.4380054363665167,0.46124640675236367,0.3087044685013357,-0.03453642834549979,0.0,,0.3087044685013357,0.03176357165450021,0.3087044685013357,0.530546409667165,0.4601464067523637,,1,0.9971727016256966,-0.933507038233453,0.3087044685013357,0.38995757712310664,1.9999985,1678386.0,1678386.0,1.0979100025511705,2.972999,149676.0,,0.3333333333333333,3.0
0x7021c167fce40ed71928907a1d5deffa1b56adce,0.06984660792705186,0.19126736,0,4.279998,4,1767469277,0.00014527381924163402,0.0003869375733899351,0.00014527381924163402,0.00014527381924163402,0.014835774754487097,0.49640150270278577,0.00014527381924163402,0.43921740791380054,0.0,0.3807605512495269,0.02125947446617303,0.4533017220647543,0.04237367511310443,1.900117606842891,1.895517606842891,,1,0.9971727016256966,-0.8417325410037889,0.00014527381924163402,0.17505125671424634,19.999999,474856.0,474856.0,0.34437954446889274,41.23796141176471,-904018.0,,0.09090909090909091,11.0
0xc7908a9a96f9e9a99988de25c40094fd4d7e5cd0,0.06914280738764862,0.18872288,0,3.824891,4,1767635877,-5.5653091398329515e-05,0.000381806915639834,-5.5653091398329515e-05,-5.5653091398329515e-05,0.010677129021482655,0.2149071286416948,-5.5653091398329515e-05,-0.06120749398551581,0.0,-0.0821298453958999,-0.005488969620268198,-0.02761459334880838,-0.010922286149138066,0.49626534313308734,0.4284653431330874,,1,0.9971727016256966,-0.9437749823293852,-5.5653091398329515e-05,1.0,1.349998,192.0,192.0,0.0001242337302342194,1.349998,-1545282.0,,0.0,1.0
0x4bd230db982ed2189fe245705c9b504205f5553c,0.06912858585133545,0.18867122,0,74.26999799999999,5,1767471049,5.152328698971158e-06,2.0658856417990132e-05,5.152328698971158e-06,5.152328698971158e-06,0.002952858893113097,0.12227815138342168,5.152328698971158e-06,-0.0075971616580563835,0.0,3.5454469650000027,0.01309361683951417,0.00890364596946637,0.026182081350329373,0.8987842407891118,0.8777842407891119,,1,0.9971727016256966,-0.842817890379713,5.152328698971158e-06,0.9092971301155495,10.499998999999999,11530.0,11530.0,0.008351163151162572,10.499998999999999,-1369116.0,,0.0,2.0
0x37f89782372eb0714e5201ed741f1d2c0cb5b79c,0.06897561433192048,0.1881149,0,12.886151,4,1767542511,3.092044237249578e-05,0.00016909611898542165,3.092044237249578e-05,3.092044237249578e-05,0.007739668942730998,0.10132012564527358,3.092044237249578e-05,0.006713648865301758,0.0,0.412160149856868,0.00812422433112523,0.03717818164779235,0.016217528219877965,0.6612711965410196,0.6049711959027744,,1,0.9971727016256966,-0.8865883402117044,3.092044237249578e-05,0.3679972644043831,4.2937995,85130.0,85130.0,0.05862511603820102,4.444399,-1366978.0,,0.0,3.0
0x440ab2c859e46e70d19624cf27f7a40c39e49599,0.06859304912156625,0.18671858,0,409.6663060000001,11,1767465225,1.391913804542586e-05,1.4062930788071654e-05,1.391913804542586e-05,1.391913804542586e-05,0.0026382374795992014,0.9629071835647541,1.391913804542586e-05,0.9596143546090433,0.0,91.88969406584485,0.08253372385075691,0.9736767662781871,0.16505352856346842,3.037532425254838,3.0105102089778715,,2,0.9971727016256966,-0.8392506924308518,1.391913804542586e-05,0.04546294860197192,9.999999,583002.0,583002.0,0.42405635056756436,8.398486433333336,-791820.0,,0.125,24.0
0x3e91e47099169f7825ba2a4b01fc6cca140f4940,0.0682316555345128,0.1853929,0,26.022638,5,1767464853,7.45757158853904e-05,0.00013949561867056582,7.45757158853904e-05,7.45757158853904e-05,0.009791217684176488,1.0858660438868497,7.45757158853904e-05,1.0090784689178756,0.0,3.7679402412353826,0.04599137009803119,1.0220247232835413,0.09190816448017698,3.704468272671892,3.7002810184685617,,1,0.9971727016256966,-0.8390228425618655,7.45757158853904e-05,0.09180808081739918,9.999999,624090.0,624090.0,0.45406526246862383,10.599999266666666,-750360.0,,0.13333333333333333,15.0
0xb7451f4d87dc6c9e3ec3b7a527aed6d45a6a981e,0.06758283545782391,0.18299645,0,68.7,6,1767220867,0.0,0.0,0.0,0.0,0.0,-0.26699990596782186,0.0,-0.21999999999999992,0.0,14.731886666666668,0.07455408239581812,-0.23399999999999987,0.14910816479163624,4.192000133189204,4.216000133189204,,1,0.9971727016256966,-0.6895815034906355,0.0,0.17355372501878746,3.4999995,428.0,428.0,0.00037860559911682284,3.666666166666666,-1130036.0,0.0,0.0,6.0
0x50a662e3231a3aa503530f64a6a47f1e79e4d1ca,0.06730273661161913,0.1819553,0,57.426556,6,1767499019,2.2670308295433026e-06,5.5056463003194435e-05,2.2670308295433026e-06,2.2670308295433026e-06,0.004352764192232643,-0.010553889406788197,2.2670308295433026e-06,-0.10361744771671225,0.0,0.3180808600000013,0.001773243502693368,-0.07466281634484101,0.0035442199745571923,0.5992427859136125,0.5742427859136126,,1,0.9971727016256966,-0.8599495055290344,2.2670308295433026e-06,0.6250000125000021,9.9999985,1960.0,1960.0,0.001391436700988772,9.9999985,-1406656.0,,0.0,2.0
0x3d2db9ef5d0efca8d93b9de7b802c08d1dd93e67,0.06658033571200982,0.17925137,0,9.674059,4,1767475617,2.815261097049459e-05,-5.477883501714157e-05,2.815261097049459e-05,2.815261097049459e-05,-0.004231838939776106,0.0,2.815261097049459e-05,0.0,0.0,0.811740396866981,0.021026668115199144,0.0,0.042025183619427794,,,-1.6478910680581955,1,0.9971727016256966,-0.8746090720997836,2.815261097049459e-05,0.5854083822973389,1.4889999999999999,10974.0,10974.0,0.007922241617540684,1.6856831875,-1374240.0,,0.5,4.0
0x9b77285e91cdedbf8f33b815888ba4457d1e1ab9,0.06599047420693199,0.17702326,0,25.125358,4,1766370888,0.00012633125264782492,0.00024598151320144167,0.00012633125264782492,0.00012633125264782492,0.014200880841921731,0.027008279771039884,0.00012633125264782492,0.08452553188092615,0.0,6.564480679592074,0.05274212429483937,0.07952402738949849,0.10535791733703091,-0.08099965115996267,-0.0709996425466284,,1,0.9971727016256966,-0.16896966534244243,0.00012633125264782492,0.28582107267837903,2.999999,198535.0,198535.0,0.7078275130577393,6.067134142857143,-81950.0,,0.034482758620689655,29.0
0x7e4dbe7437e097d061b399b8cab3359f7836b4e9,0.06543493768204428,0.17490782,0,9.105872,4,1767458885,0.00012205324637974976,0.000424901826682534,0.00012205324637974976,0.00012205324637974976,0.01673232707274341,0.9576376757539095,0.00012205324637974976,0.8864132644199947,0.0,0.8508503275772452,0.023765712605535567,0.9260888375414175,0.04740937196469138,3.1263473913305084,3.1297473812505068,,1,0.9971727016256966,-0.8353674446637194,0.00012205324637974976,0.021482133470464165,0.999999,606440.0,606440.0,0.4431479551795347,1.159304307692308,-762042.0,0.0,0.5254237288135594,59.0
0xa742cfe24eddffcb267652e9297b2e340f469fe4,0.06395215266171737,0.16917858,0,10.0,2,1767439159,0.7135627537507316,0.7145748995007327,0.7135627537507316,0.7135627537507316,1.0105615142053277,2.1616226829934906,0.7135627537507316,1.2748490493931564,0.0,,0.7135627537507316,1.3210490539507318,0.7135627537507316,4.396202849167847,4.405102839087845,,1,0.9971727016256966,-0.823285276610966,0.7135627537507316,0.16911979546149533,5.0,,,,13.445386090909095,,,0.10526315789473684,19.0
0x0f40a9f0b6d2e686fc1dac1f5b22faeb136b5a27,0.0632250690073003,0.16632389,0,19.243568999999997,12,1767539381,-1.982260936519262e-05,-1.987589594950765e-05,-1.982260936519262e-05,-1.982260936519262e-05,-0.0027392981304630503,0.010440344669134734,-1.982260936519262e-05,0.009434384660874796,0.0,-0.3353438772,-0.0096560013124244,0.011368714853594693,-0.019292180015483607,0.8621113084093103,0.8065113084093103,-1.46251461072184,1,0.9971727016256966,-0.8931359614468222,-1.982260936519262e-05,1.0,2.23,2282.0,2282.0,0.0015749031386259832,2.23,-1446696.0,,0.0,1.0
0xf16a342c42df53437c06b0def67438fbe10e3c12,0.06305834319058705,0.16566497,0,19.999998,2,1767436577,0.66902835395595,0.670040499705951,0.66902835395595,0.66902835395595,0.9475803620234018,1.3263979003804018,0.66902835395595,0.8534929897955824,0.0,,0.66902835395595,0.850092999875584,0.66902835395595,3.3330711617040327,3.341971151624031,,1,0.9971727016256966,-0.8217038025203135,0.66902835395595,0.17987174562991862,19.999998,40716466.0,40716466.0,30.24606477320168,30.886992315789474,39370292.0,,0.4666666666666667,15.0
0xb9a47a26e0cf07f3444c502ebdfa8a9e3d7b996d,0.062308434759646834,0.16268103,0,237.295974,10,1767446961,0.5938514508225451,0.5948635965725462,0.5938514508225451,0.5938514508225451,1.6689531300734075,0.894642076189996,0.5938514508225451,0.9011499089890811,0.0,,0.5938514508225451,0.9072661494656915,0.5938514508225451,2.7725710255566067,2.7781710154766053,,1,0.9971727016256966,-0.8280639988632007,0.5938514508225451,0.030473775759559577,46.5,9823924.0,9823924.0,7.241801677480801,184.63586292024166,8467366.0,,0.5525525525525525,331.0
0x0be4c9e1beb1289d3602e4553424fcb3dfa2b548,0.062041563590477466,0.16161104,0,25.28,2,1767682183,0.31174089100031965,0.31275303675032073,0.31174089100031965,0.31174089100031965,0.44229958624567456,0.4880084398508912,0.31174089100031965,0.4693084398508912,0.0,,0.0,0.5455084398508911,0.0,0.5410084398508912,0.4693084398508912,,1,0.9971727016256966,-0.9721373910210002,0.31174089100031965,0.05793746549883862,19.22,1087642.0,1087642.0,0.6832866350877634,25.865129015384614,-504138.0,0.0,0.1388888888888889,36.0
0x0db4faefd7bfbc824785efc8e5d84e2f1ff52f93,0.06168398063611262,0.16017058,0,35.2,2,1767483913,0.36336032425037257,0.36437247000037354,0.36336032425037257,0.36336032425037257,0.5054461451871718,-0.01763494318181814,0.36336032425037257,-0.13554524658685652,0.0,,0.36336032425037257,-0.10824524646511334,0.36336032425037257,0.6755718749999999,0.645171875,,1,0.9971727016256966,-0.8506970858491756,0.36336032425037257,0.09133402365835414,12.999999,684296.0,684296.0,0.4910592676048252,17.63475238095238,-709214.0,,0.23529411764705882,17.0
0xcd1b486f8bf5d173182d61e53dbbf0a71b9159f3,0.06120604972781547,0.1582331,0,1901.0843619999996,45,1767478529,0.013657912867431773,0.013692870308297843,0.013657912867431773,0.013657912867431773,0.12752309658748198,0.004092825250976506,0.013657912867431773,0.0006624398370094596,0.0,10.88141522683334,0.021256591023109672,0.002456903188860959,0.02885526917878757,0.8119482229960839,0.771948222996084,-1.595691396886142,1,0.9971727016256966,-0.8532009844094339,0.013657912867431773,0.3494120292729809,5.4,332766.0,332766.0,0.23972319515663565,11.306949866666665,-1055360.0,0.0,0.2,5.0
0x579162e9125aefa644035b759edb7dd467d0b970,0.06119174586345625,0.1581749,0,16.159997999999998,4,1767503155,0.00012924895262737886,0.00013252938273134037,0.00012924895262737886,0.00012924895262737886,0.005205390449780503,-0.13367556785340592,0.00012924895262737886,-0.17348674193393818,0.0,1.2253400619196742,0.025037183186804722,-0.14997150892872269,0.049945117420982066,0.22626275907602664,0.21016275905463083,,1,0.9971727016256966,-0.8624828040723876,0.00012924895262737886,,,,,,,,,,
0xaf9c5e91f3d830949cca833bc50d8121754e5dfd,0.06103405790094441,0.15753241,0,90.982835,6,1767421903,0.25272767551157144,0.2530858959011448,0.25272767551157144,0.25272767551157144,0.4435891085715359,2.1221036913178546,0.25272767551157144,1.6400801149690265,0.0,6.949605625,0.2805589614221869,1.637146639702722,0.30839024733280235,5.9701,5.979999997894,,1,0.9971727016256966,-0.8127159826883099,0.25272767551157144,0.13575546274133662,2.6249995,1251974.0,1251974.0,0.9402733758918513,4.985756950000001,-79526.0,,0.36363636363636365,11.0
0xad7888efb18d7cec07b14598ab9500c0ef51678c,0.05971751862079162,0.15210679,0,3.9,1,1767648657,0.22165991925022727,0.2226720650002283,0.22165991925022727,0.22165991925022727,0.2226720650002283,0.2485085518944441,0.22165991925022727,0.23550200300139493,0.0,,0.22165991925022727,0.3052020030013949,0.22165991925022727,0.30610855189444414,0.2413085518944441,,1,0.9971727016256966,-0.9516027278284315,0.22165991925022727,0.0,0.0,1137750.0,1137750.0,0.7301441228451844,0.0,-420504.0,,,0.0
0xcafd3458df4fa61c190667816f6dbdcd802fc5fd,0.05937071708811936,0.15065895,0,42.909998,5,1767469367,2.9699245705805567e-05,2.985834880119459e-05,2.9699245705805567e-05,2.9699245705805567e-05,0.004124854443044071,0.5016149677231422,2.9699245705805567e-05,0.4441717062183369,0.0,12.842320236944172,0.07094643191525407,0.4582471836738242,0.14186316458480233,1.915645059520341,1.911045059520341,,1,0.9971727016256966,-0.8417876659720921,2.9699245705805567e-05,0.061401718845943115,4.999997499999999,661540.0,661540.0,0.47973696195114596,4.758324464285715,-717424.0,0.0,0.13636363636363635,22.0
0x88193aaf7466f84a1f78460979feda5178f55657,0.059137527069042656,0.14968096,0,570.6748819999999,13,1767437925,-9.903616920523433e-06,-9.91687477450004e-06,-9.903616920523433e-06,-9.903616920523433e-06,-0.002740057909408929,0.06874766865107243,-9.903616920523433e-06,0.06418584023024672,0.0,-26.864826179199998,-0.03311612225450049,0.07799393640135123,-0.06622234089208046,1.3246329698764079,1.3335329597964063,-0.6892910814497266,1,0.9971727016256966,-0.8264653747824094,-9.903616920523433e-06,0.5034785467104884,4.999999,4786.0,4786.0,0.003551704536178259,30.886387000000003,-1342736.0,,0.0,4.0
0xdb6ba0132d146f9a43462eca08f22cfae43a802d,0.058636007079939524,0.14756529,0,86.854983,6,1767495025,0.3944643302624199,0.395476476012421,0.3944643302624199,0.3944643302624199,0.8981136694495494,0.1633980840620449,0.3944643302624199,-0.05980079352980367,0.0,,0.3944643302624199,0.01644530425988466,0.3944643302624199,0.8068213534786203,0.7668213534786202,,1,0.9971727016256966,-0.8575031819356704,0.3944643302624199,0.03487721932476006,149.999998,6460857.0,6460857.0,4.599712235747411,315.8922238734176,5056235.0,,0.8571428571428571,63.0
0xaa373a807dde4ae1d06eabcb9555a0aa463d2fa8,0.05634835711891987,0.13769418,0,10000.0,2,1767709057,-0.005060728750005194,-0.006072874500006232,-0.005060728750005194,-0.005060728750005194,-0.008588341480498541,0.0,-0.005060728750005194,0.0,1.0,,-0.005060728750005194,0.0,-0.005060728750005194,,,0.04789999999999997,0,0.9971727016256966,,-0.005060728750005194,1.0,60.0,254.0,254.0,0.0001569205030846617,60.0,-1618400.0,,0.0,1.0
0x16ee3cb8650fe13067e032611dd7cdac1325da09,0.0563270191403337,0.13760035,0,186.42798000000002,10,1767498743,-6.031831406707802e-06,-8.35363568911932e-06,-6.031831406707802e-06,-6.031831406707802e-06,-0.0017528507636444795,0.0,-6.031831406707802e-06,0.0,0.0,-14.455111528503297,-0.03323567524680477,0.0,-0.06646531866220283,,,-1.6688470098398769,1,0.9971727016256966,-0.9474083302402101,-6.031831406707802e-06,1.0,40.0,410.0,410.0,0.0002911228822585455,40.0,-1407930.0,,0.0,1.0
0xd4970e32da8304978a181d543abf8224ebf629f1,0.05598368893274165,0.13608596,0,228.71202,11,1767458925,-0.08771166408739914,-0.08790575508801296,-0.08771166408739914,-0.08771166408739914,-0.27992025915246904,0.8252803259985921,-0.08771166408739914,0.7953505720133103,0.0,3.461692000000002,-0.0793131232861877,0.8287494651957824,-0.07091458248497626,3.5262532305770664,3.5281357716723987,-1.4804723796210428,1,0.9971727016256966,-0.8353919446496318,-0.08771166408739914,0.11031505546597631,31.25,83848.0,83848.0,0.06126901869315948,44.45836765714286,-1284674.0,,0.23529411764705882,17.0
0x42517371065740797ad771c0bc7ecbf53452fa50,0.05579500210942911,0.13524996,0,102.95781899999999,6,1767447993,5.885727406935893e-06,1.3074224291339937e-05,5.885727406935893e-06,5.885727406935893e-06,0.0027270785934023337,0.2905850670151984,5.885727406935893e-06,0.2807857978984152,0.0,7.70132024132224,0.032014260358275065,0.284015672410121,0.06402263498914319,1.894615294856659,1.9035152847766577,,1,0.9971727016256966,-0.8286960984997433,5.885727406935893e-06,0.15307055014201257,2.0,439630.0,439630.0,0.3238312008780265,4.421461171428571,-917960.0,,0.3888888888888889,18.0
0xf49be5cc7a84c803f7dc6734b30608f10f4b75f0,0.05540000976938571,0.13349125,0,10.5,4,1767486727,0.0,0.0,0.0,0.0,0.0,0.10615584113670491,0.0,0.072851621178478,0.0,-0.08499999999999952,-0.0021508097187521932,0.09375140975328758,-0.0043016194375043865,0.985033737419708,0.9631337433518681,,1,0.9971727016256966,-0.8524206598581205,0.0,0.5278085092151239,0.006,119938.0,119938.0,0.08589553713894484,0.26988235294117646,-1276386.0,,0.0,2.0
0x2739c32f80c5a9902f74a54d9abffe99bf4e7cf8,0.055362573954899144,0.13332395,0,41.153198,7,1767447351,4.0483326182661764e-05,4.125738592733379e-05,4.0483326182661764e-05,4.0483326182661764e-05,0.004717761634313037,0.25598111792133693,4.0483326182661764e-05,0.20670850281307568,0.0,2.330412169973999,0.03446564075502654,0.2099385500949492,0.06889079818387041,1.6234029019305567,1.632302891850555,,1,0.9971727016256966,-0.8283028737258477,4.0483326182661764e-05,0.10468674524866822,5.0024995,540264.0,540264.0,0.398146428603012,5.6612378,-816684.0,,0.18181818181818182,11.0
0xedba85efb306954b766738552f476b8a7640c901,0.05526944302317782,0.1329073,0,6.983238999999999,2,1767601335,0.2864372652227666,0.2874494109727676,0.2864372652227666,0.2864372652227666,0.40651485549384553,0.3845031599842637,0.2864372652227666,0.12681582556015808,0.0,,0.2864372652227666,0.1963158255601581,0.2864372652227666,0.4558076146859759,0.39750761468597595,,1,0.9971727016256966,-0.9226180194946388,0.2864372652227666,0.16969162465114565,4.999999,22298681.0,22298681.0,14.758229357773878,5.06846175,20787749.0,,0.0,7.0
0x73b183a4567123b5f6d3b57a6c1edc97f0894a78,0.05505145194017019,0.13192946,0,755.862478,20,1766369782,0.25046409385625484,0.2507725502613329,0.25046409385625484,0.25046409385625484,1.0669381454281863,0.052236596765287295,0.25046409385625484,0.12726000512023178,0.0,7.205984804000001,0.2597255208613143,0.1203263940056916,0.2689869478663738,-0.037955681123898,-0.026892858435599167,,1,0.9971727016256966,-0.16829224073196158,0.25046409385625484,0.08757013468161912,9.999999,1141429.0,1141429.0,4.085593405374062,37.15983775903615,862050.0,,0.2692307692307692,26.0
0xbd564d906ca2bc73deba309f3451226c47879033,0.055033224826038056,0.13184753,0,4.456158,4,1767511709,8.145613993246748e-05,-0.0003525704877795845,8.145613993246748e-05,8.145613993246748e-05,-0.010172867905491162,0.0,8.145613993246748e-05,0.0,0.0,0.23048045889624785,0.008548011656239099,0.0,0.017014567172545732,,,-1.8205504757373328,1,0.9971727016256966,-0.8723219984148509,8.145613993246748e-05,0.2718336107964203,1.1334994999999999,154632.0,154632.0,0.1087957132383878,1.7402247,-1266674.0,,0.5714285714285714,7.0
0x51bff524055ce5aae20b6ecb84e9e4b8f7379205,0.054633001823137455,0.13004215,0,1191.9708179999998,15,1767423991,-5.036094769730592e-07,2.580998631248728e-06,-5.036094769730592e-07,-5.036094769730592e-07,0.0010349213449769989,0.04188372858188278,-5.036094769730592e-07,0.051084186893642,0.0,-13.81969575200469,-0.00743052407367218,0.04928757995515415,-0.014860544537867388,0.8823147065980488,0.8915146989102476,,1,0.9971727016256966,-0.8139948819529429,-5.036094769730592e-07,0.19084319931120833,59.62927,181144.0,181144.0,0.13583205607728924,66.90784657142856,-1152444.0,,0.14285714285714285,7.0
0x77d37c6b5c5d958843f9b51c596de25d8215aad5,0.0541002067602291,0.12761931,0,26.697339999999997,5,1767496775,0.0,0.0,0.0,0.0,0.0,0.0,0.0,0.0,0.0,-0.10088666666666711,-0.0012764001362304811,0.0,-0.0025528002724609622,,,-1.5854859830089791,1,0.9971727016256966,-0.8586399812820108,0.0,1.0,6.0,286.0,286.0,0.00020336013515627444,6.0,-1406086.0,,0.0,1.0
0x28ffdd16e119686298ad9df3baad0405980e721c,0.05367825348553431,0.1256845,0,31.944437999999998,4,1767484917,1.6733319604689757e-05,5.259042949713225e-05,1.6733319604689757e-05,1.6733319604689757e-05,0.004461806118219593,0.006043035456412835,1.6733319604689757e-05,0.003995225502875251,0.0,1.9004301879477703,0.015070311174887427,0.01699703157628308,0.030123889030170166,0.7403908289577766,0.6984908285585767,,1,0.9971727016256966,-0.8513120354955795,1.6733319604689757e-05,0.4339915302781773,9.999998,463428.0,463428.0,0.3323222283892453,23.96370653846154,-931086.0,0.0,0.3333333333333333,9.0
0xe58361e552235318235d14316c2d7dea75eba55f,0.053548629743978955,0.12508725,0,82.82380500000001,5,1767496535,0.39377285150744157,0.39478499725744254,0.39377285150744157,0.39377285150744157,0.802704714269567,0.11533928240219157,0.39377285150744157,0.08355346848955168,0.0,,0.39377285150744157,0.1662629838695328,0.39377285150744157,0.8013807037778868,0.7643807240278979,,1,0.9971727016256966,-0.8584280564038675,0.39377285150744157,0.033128551063650986,124.3333,38931880.0,38931880.0,27.6872157094782,269.9956712222222,37525748.0,0.0,0.84375,64.0
0x5c685c8a1f5d090172e2662bd99ae5fd4befe0c8,0.05330206073880813,0.12394738,0,90.163933,2,1767494397,0.3937246982097338,0.39473684395973485,0.3937246982097338,0.3937246982097338,0.5582421982962091,0.16349031990830393,0.3937246982097338,-0.0711188354373879,0.0,,0.3937246982097338,0.00948116485097572,0.3937246982097338,0.8087974862931746,0.7634974862931746,,1,0.9971727016256966,-0.857118532156844,0.3937246982097338,0.027360124809141358,299.999959,48969543.0,48969543.0,34.87874093479032,701.0638505789474,47565549.0,0.0,0.8289473684210527,76.0
0x3618caf709d3521bd3499d9af19b49dca7f12a23,0.05329403658794651,0.1239102,0,861.333333,7,1767708487,-0.003954297128780435,-0.004966442878781473,-0.003954297128780435,-0.003954297128780435,-0.012271594728701717,0.0,-0.003954297128780435,0.0,1.0,,-0.003954297128780435,0.0,-0.003954297128780435,,,0.048099999999999976,0,0.9971727016256966,,-0.003954297128780435,0.2560553633217993,5.0,574.0,574.0,0.00035474054499024774,6.8,-1617510.0,,0.0,5.0
0x081cdcb280b83fcc53b5023bf4f36894595d14da,0.05319087596937833,0.12343176,0,5.006264,4,1767542573,-7.851846619739024e-05,-0.0005053052456377336,-7.851846619739024e-05,-7.851846619739024e-05,-0.014285150037968767,0.0,-7.851846619739024e-05,0.0,0.0,-0.15499966483977765,-0.007912816258881029,0.0,-0.015747114051564665,,,-1.5839514969185764,1,0.9971727016256966,-0.8997056326692612,-7.851846619739024e-05,0.5,0.999999,3236.0,3236.0,0.002228389238174594,0.999999,-1448934.0,,0.0,2.0
0xbf76181d269aa6027c24ff4da5ebd70e34e011a3,0.053181043026272655,0.12338611,0,82.10180500000001,2,1767495495,0.39473684552074895,0.3957489912707499,0.39473684552074895,0.39473684552074895,0.5596735907505662,0.15361786853424758,0.39473684552074895,0.030231166997401436,0.0,,0.39473684552074895,0.11114605584476442,0.39473684552074895,0.8049135329455228,0.7677135329455229,,1,0.9971727016256966,-0.8577910567701423,0.39473684552074895,0.042667425276263854,149.999998,38934145.0,38934145.0,27.70932081315672,305.2803457228916,37529053.0,0.0,0.828125,64.0
0x62764005c3f58450d21da9984f6eab56cf3c2dd9,0.05317400679291795,0.12335344,0,33017.20857000001,21,1767605027,0.049392081822794164,0.05040422757279519,0.049392081822794164,0.049392081822794164,0.30255088762031035,0.007371191713525317,0.049392081822794164,-0.06622469243413068,0.0,,0.040782550825084966,0.005315221286118759,0.040782550825084966,0.19034220216810618,0.12872315486308522,,2,0.9971727016256966,-0.9248793681943633,0.049392081822794164,0.0,0.0,289822.0,289822.0,0.191349140116623,0.0,-1224802.0,0.0,,0.0
0x3b9737720264ead8e1e0e900b870d365597cd6ac,0.05314434072411578,0.123215646,0,838.333333,3,1767708665,-0.005024508228505374,-0.006036653978506412,-0.005024508228505374,-0.005024508228505374,-0.009162135462947774,0.0,-0.005024508228505374,0.0,1.0,,-0.005024508228505374,0.0,-0.005024508228505374,,,0.048197017813911835,0,0.9971727016256966,,-0.005024508228505374,0.37499998750000024,5.0,1858.0,1858.0,0.0011481453559435988,6.6666663333333345,-1616404.0,,0.0,3.0
0x6c7d00dbfa575d39b1d0b085e2ad496b629f4cc3,0.05284516265344743,0.12182197,0,60.299998,4,1767461949,0.6093923377279326,0.6104044834779336,0.6093923377279326,0.6093923377279326,1.0932549819983441,1.3362705662242966,0.6093923377279326,1.2846969378229574,0.0,,0.6093923377279326,1.3608001178407876,0.6093923377279326,2.3791532225612113,2.374965968357881,,1,0.9971727016256966,-0.8372441435846174,0.6093923377279326,0.07763996187643424,36.3162495,6104259.0,6104259.0,4.450641101355696,81.39922192857144,4732713.0,,0.2702702702702703,37.0
0x40f461c3bf87f8b88b79145ba469466ca684b1f0,0.05281722428306442,0.12169144,0,4.879783,4,1767519675,0.0011107090261782302,0.0011280638483714223,0.0011107090261782302,0.0011107090261782302,0.021101860624948402,0.0651392447720422,0.0011107090261782302,0.04499310359082618,0.0,0.6259202286891763,0.04955488414847556,0.08375357011269315,0.09799905927077289,0.8113980697082033,0.7634980704349039,,1,0.9971727016256966,-0.8726012982542535,0.0011107090261782302,0.09090909090922915,0.999999,55992.0,55992.0,0.039175188487565696,0.9999984545454548,-1373280.0,,0.0,11.0
0x6cdc600fb0befa8181ce3fefc1592a6ebf3fdce6,0.05254592841781469,0.12042056,0,108.67637299999998,4,1767480723,6.3298389067260235e-06,-1.6941626752752883e-05,6.3298389067260235e-06,6.3298389067260235e-06,-0.0024983298174301297,0.0,6.3298389067260235e-06,0.0,0.0,6.867500291973144,0.015820380621708607,0.0,0.03163443140451049,,,-1.5515303436462626,1,0.9971727016256966,-0.8746102970990791,6.3298389067260235e-06,0.6030669190930165,13.2,85586.0,85586.0,0.06155849013176823,48.39999971428572,-1304734.0,0.0,0.4,5.0
0x46fb3e17bce384f588e036cfec6cad54ebd2cf68,0.05249878631226434,0.12019909,0,26.491998000000002,4,1767441511,-2.2740861490435384e-05,6.064230933702786e-05,-2.2740861490435384e-05,-2.2740861490435384e-05,0.005427877330357064,0.13269262466741907,-2.2740861490435384e-05,-0.016001677415450846,0.0,-2.7719996000998455,-0.02279317434346026,0.013001873492930706,-0.045563607825430084,1.2285107155718296,1.237410705491828,,1,0.9971727016256966,-0.8247258757826215,-2.2740861490435384e-05,0.18851369216958233,49.1699995,139030.0,139030.0,0.10290073036352386,53.230103937500004,-1212078.0,,0.42857142857142855,7.0
0x3fb4dcd51726128d8f246510903d0ba80836b099,0.052494536368279505,0.12017912,0,279.439996,7,1767437749,-1.3012181132472983e-05,-2.5287831440113353e-05,-1.3012181132472983e-05,-1.3012181132472983e-05,-0.004295808212355239,0.0,-1.3012181132472983e-05,0.0,0.0,-51.39205909824831,-0.046835757852741314,0.0,-0.09365850352435016,,,-0.6577869677956658,1,0.9971727016256966,-0.8502254611203599,-1.3012181132472983e-05,0.1901701787136596,107.7056,9610.0,9610.0,0.007132540564932838,245.57429929411762,-1337736.0,,0.07142857142857142,14.0
0x38683ef99e7d7ed7ac61094cfe9a4feed22ac4b8,0.05215208032618213,0.11856451,0,166.999986,4,1767708917,-1.0119129690249158e-07,-1.2142955604013075e-07,-1.0119129690249158e-07,-1.0119129690249158e-07,-2.715559724619315e-05,0.0,-1.0119129690249158e-07,0.0,1.0,-0.8332995099996021,-0.0006326792641642838,0.0,-0.001265257337031665,,,0.04790002440200015,1,0.9971727016256966,-0.9949909778801878,-1.0119129690249158e-07,0.2437949515857926,3.0191995,155434.0,155434.0,0.09603500494898407,7.1052486875,-1463080.0,,0.06666666666666667,15.0
0x66abcc41e52f1d40a6983c759c9e9b7be3ad5c8d,0.05209252860509885,0.11828271,0,4.0,2,1767707047,-0.004048583000004155,-0.005060728750005194,-0.004048583000004155,-0.004048583000004155,-0.007156951233748785,0.0,-0.004048583000004155,0.0,1.0,,-0.004048583000004155,0.0,-0.004048583000004155,,,0.04941463324459881,0,0.9971727016256966,,-0.004048583000004155,0.7222222037037027,5.9999995,372.0,372.0,0.00023010631901643157,5.9999995,-1616272.0,,0.0,2.0
0xd3cde1db2900976abc2371c2df7d81962d7df288,0.05195940556174908,0.11765168,0,16.134961,6,1767479573,8.926165898622355e-06,-6.758371204650266e-05,8.926165898622355e-06,8.926165898622355e-06,-0.004663973407259964,0.0,8.926165898622355e-06,0.0,0.0,0.2345070651659468,0.0047273545228777615,0.0,0.0094457828798569,,,-1.672340940435971,1,0.9971727016256966,-0.8877839395242347,8.926165898622355e-06,,,,,,,,,,
0xa243fead20e8d0e19a4ae77354708a7cbb65f61c,0.05190001319274476,0.11736965,0,3.3655370000000002,6,1767526923,1.9202687051788526e-05,0.00016392527104986272,1.9202687051788526e-05,1.9202687051788526e-05,0.00762041325891617,0.010986101554229993,1.9202687051788526e-05,0.08307795142680771,0.0,0.035480024976873845,0.005424976654084751,0.1245471614729827,0.010830750621117715,0.6815712261091158,0.6049712200905921,,1,0.9971727016256966,-0.8770406957015999,1.9202687051788526e-05,0.19485346464966236,1.056,164630.0,164630.0,0.11460334697741764,0.9510034422535212,-1271890.0,,0.1111111111111111,45.0
0x67ea66f669b1df8697898a97ffcd739e8e6f165f,0.05151854151920838,0.11555091,0,53.978888,7,1767468955,-1.6624877713176406e-05,-3.789758540195256e-05,-1.6624877713176406e-05,-1.6624877713176406e-05,-0.00493919065072335,0.0,-1.6624877713176406e-05,0.0,0.0,-5.836699808476623,-0.03518995239033053,0.0,-0.07036327990294787,,,-1.225586271744199,1,0.9971727016256966,-0.8932008864094904,-1.6624877713176406e-05,1.0,19.999998,662.0,662.0,0.0004802140216691137,19.999998,-1377890.0,,0.0,1.0
0x2f3b0032f9026b4dc9c2ab5dca8bce6d0cff50e6,0.05133856735195037,0.114688426,0,1.999996,2,1767515305,0.28340143657894007,0.28441358232894115,0.28340143657894007,0.28340143657894007,0.40222154545270544,-0.10270370959230378,0.28340143657894007,-0.2213618998288699,0.0,,0.28340143657894007,-0.1701618998288699,0.28340143657894007,0.4178681119272632,0.3953680939730892,,1,0.9971727016256966,-0.869924674793312,0.28340143657894007,0.8024694430728487,4.499999,,,,4.499999,,,0.0,2.0
0x6b17b589b89dce210097b48eedc4df28681132e2,0.05121260759714821,0.11408309,0,1030.05987,11,1767518353,-0.32780840554500434,-0.32882055129500537,-0.32780840554500434,-0.32780840554500434,-0.8923493785813339,0.0,-0.32780840554500434,0.0,0.0,,-0.32780840554500434,0.0,-0.32780840554500434,,,-1.7693407859733887,0,0.9971727016256966,,-0.32780840554500434,1.0,344.489999,34056.0,34056.0,0.023849574564935746,344.489999,-1393894.0,,0.0,1.0
0x99e2eb98cb94d155d3e41fa86f7cf7d9a0fab7be,0.05101909227639082,0.11315034,0,8.333332,2,1767099013,0.8896762162752201,0.8906883620252213,0.8896762162752201,0.8896762162752201,1.259623561423945,-0.30799916335986655,0.8896762162752201,-0.301999163359866,0.0,,0.8896762162752201,-0.31699916967786623,0.8896762162752201,3.675000836640134,3.690000836640134,,1,0.9971727016256966,-0.6149459714060664,0.8896762162752201,0.3009028502906415,2.67573,5049741.0,5049741.0,5.006633882273624,23.557246568047333,4041131.0,,0.17424242424242425,131.0
0x2fd086950b24f99d58fdc1c509bc43d4cca411db,0.050840168043218656,0.11228494,0,27.243977000000005,6,1767467287,3.501680865750822e-05,9.35258965381414e-05,3.501680865750822e-05,3.501680865750822e-05,0.0077408622115804505,0.8156148362064932,3.501680865750822e-05,0.7079010749060157,0.0,1.8829652794184109,0.03501220286638434,0.7262037503927848,0.06998938892411118,2.81451526280909,2.80991526280909,,1,0.9971727016256966,-0.8405136667046417,3.501680865750822e-05,0.07550886273584038,4.999999,935966.0,935966.0,0.6797711354042897,22.36356182051282,-440918.0,,0.5846153846153846,65.0
0x3487310d525ec86464bb5e852afe34e4db7569d1,0.050663657223601895,0.11142839,0,1337.1946580000001,7,1767700801,-0.008221194296144943,-0.009233340046145984,-0.008221194296144943,-0.008221194296144943,-0.020411478199703542,0.0,-0.008221194296144943,0.0,1.0,,-0.008221194296144943,0.0,-0.008221194296144943,,,0.022882916468452044,0,0.9971727016256966,,-0.008221194296144943,0.510204081632653,17.5,112.0,112.0,6.954802477399997e-05,17.5,-1610286.0,0.0,0.0,2.0
0x978899cc39f644aaff64170a133191b6c2c947b1,0.05065256690150104,0.111374475,0,361.796896,5,1767497983,0.3549606661974651,0.35597281194746616,0.3549606661974651,0.3549606661974651,0.724082546532404,0.013229109004898897,0.3549606661974651,-0.13786203819345333,0.0,,0.3549606661974651,-0.06882181062304635,0.3549606661974651,0.6342967003289222,0.6165967003289221,,1,0.9971727016256966,-0.8593149558939004,0.3549606661974651,0.13309879648612824,199.999969,6917570.0,6917570.0,4.914512851845011,264.5910655652174,5509990.0,,0.4,20.0
0x2b131cfccc094e5364f68bd2652ad0b534979f6d,0.050488903032856615,0.11057757,0,8.888887,2,1767434933,0.737854307545303,0.7388664532953039,0.737854307545303,0.737854307545303,1.0449149590327258,2.1906132164686842,0.737854307545303,2.686429589162641,0.0,,0.737854307545303,2.6830295992426425,0.737854307545303,5.172254412460693,5.181154402380691,,1,0.9971727016256966,-0.8206968530993095,0.737854307545303,0.021214084851243827,1.899993,18540190.0,18540190.0,13.789346463076317,2.914153946745562,17195660.0,,0.5,142.0
0x8859b37cba475184ca073febac74c15c89bf22c0,0.050385814388852264,0.110074356,0,762.3074709999999,17,1767472539,0.29794588982590925,0.2989580355759104,0.29794588982590925,0.29794588982590925,1.1543589206849976,-0.05700142465789656,0.29794588982590925,-0.33786019705805176,0.0,,0.29794588982590925,-0.30891660735969967,0.29794588982590925,0.5090603668831798,0.46422744979657915,,2,0.9971727016256966,-0.843730514854954,0.29794588982590925,0.0668173962973466,199.999993,17210454.0,17210454.0,12.452069839726336,250.25140106349204,15828318.0,,0.8918918918918919,37.0
0x9ba68439055d3cca929213ce08108fb76c1eee24,0.05035618245103229,0.10992953,0,82.06909700000001,4,1767494583,0.3944911853889633,0.3955033311389644,0.3944911853889633,0.3944911853889633,0.7405454214071284,0.16347119831708484,0.3944911853889633,-0.059742827132541504,0.0,,0.3944911853889633,0.021008631022286235,0.3944911853889633,0.8096032736126099,0.7664032736126098,,1,0.9971727016256966,-0.8572324570913372,0.3944911853889633,0.029107510822061776,149.999998,48967773.0,48967773.0,34.872860317053366,390.80090420481935,47563593.0,0.0,0.835820895522388,67.0
0x9d56d7712fc3699e757764ce2161e8e214e3e272,0.05017835585566799,0.109058715,0,82.01147399999999,4,1767496133,0.3940579193547242,0.39507006510472514,0.3940579193547242,0.3940579193547242,0.7346803991638191,0.15179176879989129,0.3940579193547242,0.0506577572335409,0.0,,0.3940579193547242,0.12562360202008868,0.3940579193547242,0.8036519948278633,0.7659519948278635,,1,0.9971727016256966,-0.8581818315454469,0.3940579193547242,0.03321810502419187,125.819055,38932020.0,38932020.0,27.695233081744004,261.0155925185185,37526290.0,0.0,0.8253968253968254,63.0
0x4e54fdc5592ba4dbf26ac04342c38b0e0bb84bc7,0.049693146293052284,0.10666769,0,15.0544,3,1767439755,0.7152937903668074,0.7163059361168084,0.7152937903668074,0.7152937903668074,1.2059107631089532,1.8374335198697125,0.7152937903668074,1.3161924871064776,0.0,,0.7152937903668074,1.3717345500214733,0.7152937903668074,4.441976649651113,4.450876639571111,,1,0.9971727016256966,-0.8236503264010623,0.7152937903668074,0.07745342575956302,2.9073,5655392.0,5655392.0,4.191191030954117,3.703448541666667,4306040.0,,0.2631578947368421,19.0
0x740434c536db133c201b941ee383fbdc2ca893e1,0.04962997770301814,0.10635478,0,12.600000000000001,4,1766100881,0.0,0.0,0.0,0.0,0.0,0.0,0.0,0.0,0.0,0.5000000000000002,0.012651821875012976,0.0,0.02530364375002595,,,0.35305384040131177,1,0.9971727016256966,-0.11905400654394624,0.0,0.5004882812499999,3.2,498.0,498.0,0.047528154227906086,3.2,-9980.0,,0.0,2.0
0x1a6da028233ddc9f3fb1809bfd7128bfe6217104,0.049579047717653126,0.10610222,0,295.044478,7,1766960571,8.13285982982906e-06,8.212986490516669e-06,8.13285982982906e-06,8.13285982982906e-06,0.0026108330879926244,-0.1932841468816174,8.13285982982906e-06,-0.15328366681507696,0.0,91.322640779164,0.1029653910036778,-0.15378367176289823,0.20592264914752578,-1.2629122502153618,-1.261912250215362,,1,0.9971727016256966,-0.5301502951635803,8.13285982982906e-06,0.0,0.0,1712.0,1712.0,0.0019674361732447067,0.0,-868456.0,0.0,,0.0
0x5bfa0627d533e29faeac9255cd8150a444d4f779,0.04949502512377446,0.10568502,0,37.3339,7,1767642767,0.1787585021189931,0.17956004742163645,0.13466508645571446,0.1787585021189931,0.49099307699691963,0.2247301185887532,0.1787585021189931,-0.16706562604723452,0.0,0.0,0.11618784560634052,-0.10210828106179964,0.1787585021189931,0.3171329064835236,0.2523151331501903,,1,0.9971727016256966,-0.9479951049028147,0.11618784560634052,0.10504621965724385,6.15045,750650.0,750650.0,0.4835528265277989,19.290080157894735,-801714.0,,0.55,20.0
0x64677ef2439e839e4cc973d4954113a58375f408,0.0493876819553567,0.10515104,0,400.6767689999999,25,1767444067,8.73801781604108e-06,1.7756399840083478e-05,8.73801781604108e-06,8.73801781604108e-06,0.0026133091207728655,0.20949991231860945,8.73801781604108e-06,0.18207649487458052,0.0,7.890308188571427,0.020243741942250686,0.19630594089452283,0.04047874586668533,1.262072211234388,1.2534838896617564,,2,0.9971727016256966,-0.8262914248824307,8.73801781604108e-06,0.019334946045740257,2.955,520594.0,520594.0,0.3845814027705546,3.2714682686567165,-833070.0,,0.2903225806451613,93.0
0xf4b3e8bf8bfd25e101251cff25fd15537040af09,0.049117308144468755,0.10380118,0,320.753364,3,1767592223,-0.3145405041918342,-0.31555264994183524,-0.3145405041918342,-0.3145405041918342,-0.526230432314439,0.0,-0.3145405041918342,0.0,0.0,,-0.3145405041918342,0.0,-0.3145405041918342,,,-1.7932909103577983,0,0.9971727016256966,,-0.3145405041918342,0.5918367336443149,174.9999975,362.0,362.0,0.0002410408704105685,174.9999975,-1501458.0,,0.0,2.0
0x51bb05dc3150eaa5dd9353ac52cdd346252674ce,0.048782784221102125,0.102121264,0,730.3142290000001,6,1767557739,-0.3179096096228651,-0.3189217553728661,-0.3179096096228651,-0.3179096096228651,-0.6965855204537177,0.0,-0.3179096096228651,0.0,0.0,,-0.3179096096228651,0.0,-0.3179096096228651,,,-1.7651621694596524,0,0.9971727016256966,,-0.3179096096228651,1.0,115.91,72.0,72.0,4.90685160045143e-05,115.91,-1467264.0,,0.0,1.0
0x16313e999ddba26c1d61aea4fabbbc661a839be5,0.048345902668811974,0.09991079,0,30.0,2,1767710639,-0.007085020250007271,-0.00809716600000831,-0.007085020250007271,-0.007085020250007271,-0.011451121973998057,0.0,-0.007085020250007271,0.0,1.0,,-0.007085020250007271,0.0,-0.007085020250007271,,,0.03159999999999996,0,0.9971727016256966,,-0.007085020250007271,1.0,15.0,364.0,364.0,0.00022465862997736132,15.0,-1619872.0,,0.0,1.0
0xf02f1afab02432f1be4df881b7253c0c27e7ff23,0.048285156334805485,0.09960193,0,263.198306,2,1767593573,0.34514169986472076,0.3461538456147218,0.34514169986472076,0.34514169986472076,0.45374220594173176,0.5734009420075529,0.34514169986472076,0.10856495951892844,0.0,,0.34514169986472076,0.1997105853248537,0.34514169986472076,0.638374467329951,0.575074467329951,,1,0.9971727016256966,-0.9178637972283166,0.34514169986472076,0.03391194854482838,57.435,12053909.0,12053909.0,8.018992529121789,217.40494574220375,10550739.0,,0.5230769230769231,195.0
0x8c75c76f3193b32a86c87fda4597cef95e75f00a,0.04828053452885861,0.09957842,0,82.02950700000001,3,1767496421,0.39419357451385767,0.3952057202638587,0.39419357451385767,0.39419357451385767,0.6744095694982342,0.15215670693551103,0.39419357451385767,0.0846088162602112,0.0,,0.39419357451385767,0.16738285051340732,0.39419357451385767,0.8042530930772509,0.7655530930772508,,1,0.9971727016256966,-0.8583582314440169,0.39419357451385767,0.03339941201576098,134.749116,38931932.0,38931932.0,27.689497573999763,278.131101308642,37525914.0,0.0,0.8253968253968254,63.0
0xc777dc03ddf042839d5762fe75ea37a2fa7d0c7b,0.048186400358888964,0.09909903,0,17.609203,8,1767496523,-2.3559994249040323e-06,2.905735097850189e-05,-2.3559994249040323e-06,-2.3559994249040323e-06,0.0032987576730512014,0.053817969016509364,-2.3559994249040323e-06,-0.034755573944979,0.0,-0.10260840001464733,-0.00325162376554417,-0.004503906677608012,-0.006500891531663436,0.7583225202268313,0.7253225299023506,,1,0.9971727016256966,-0.8584207064080939,-2.3559994249040323e-06,1.0,0.999999,246560.0,246560.0,0.17534776548232014,0.999999,-1159560.0,,0.0,1.0
0x6ce9434fbada23a10855d615775b70bfdbd5af21,0.04793539027912421,0.097816385,0,82.101805,3,1767494323,0.39473684552074895,0.3957489912707499,0.39473684552074895,0.39473684552074895,0.6725333043125244,0.1662426666049108,0.39473684552074895,-0.0689593408488916,0.0,,0.39473684552074895,0.011540659747928382,0.39473684552074895,0.8130135356882442,0.7677135356882442,,1,0.9971727016256966,-0.8570732071829059,0.39473684552074895,0.02912565393221209,171.53,38939695.0,38939695.0,27.736405920565275,421.91451432183914,37535775.0,0.0,0.8115942028985508,69.0
0xf7aea6ef9d9d5a099db37dbf22cb3b93435a1cce,0.04787844462937284,0.09752451,0,18.647605,4,1767484395,1.6201420448174377e-05,0.00011035300892137543,1.6201420448174377e-05,1.6201420448174377e-05,0.006349905171504299,-0.0074385245508860436,1.6201420448174377e-05,-0.01131301456525339,0.0,0.4144602748339396,0.006719646283132466,0.000790640082945322,0.01342309114581676,0.6858763042095684,0.6488763042095683,,1,0.9971727016256966,-0.8509923106794214,1.6201420448174377e-05,0.0,0.0,390.0,390.0,0.0002797720503417523,0.0,-1393602.0,,,0.0
0x1e3366e16481dd5545e588ad5d47bb1e1afccef8,0.04785607208797608,0.09740975,0,132.767939,9,1767426349,0.08244000377212395,0.0826353592312996,0.08244000377212395,0.08244000377212395,0.35783196984477467,-0.04269631389130979,0.08244000377212395,0.11223667775364303,0.0,7.4385304780000014,0.10010309381122298,0.11020856473751742,0.11776618385032202,0.9082280437281828,0.9171280336481811,,1,0.9971727016256966,-0.8154391561224852,0.08244000377212395,0.38288436192735453,42.0,6269097.0,6269097.0,4.6926275463229805,47.05884457142858,4933151.0,,0.22727272727272727,22.0
0x9023e0c52912268833a39ff8579c7405d9d2b310,0.04785335807939584,0.09739582,0,254.21478,6,1767519003,-0.00861642321393994,-0.009616184977805935,-0.00861642321393994,-0.00861642321393994,-0.036439221819356576,0.0,-0.00861642321393994,0.0,0.9894736899598893,-0.02954857002834664,-0.008645834819721476,0.0,-0.00867524642550301,,,-0.8008916202292052,1,0.9971727016256966,-0.8721921484895147,-0.00861642321393994,0.15789479778398635,0.999999,1216.0,1216.0,0.0008511829763404732,1.8999990999999998,-1427384.0,,0.0,9.0
0x77b78870fdc659f31eba4ea4e949c28d13d05459,0.04779864443379604,0.097114936,0,1.999996,2,1767477655,0.2914985142884227,0.29251066003842374,0.2914985142884227,0.2914985142884227,0.4136725425650446,-0.062095115361149034,0.2914985142884227,-0.36500688362237177,0.0,,0.2914985142884227,-0.3422068836223717,0.2914985142884227,0.4446849843885633,0.41728498438856326,,1,0.9971727016256966,-0.8468640630531638,0.2914985142884227,0.28724636649138213,0.999998,7879813.0,7879813.0,5.680159769097467,1.7548633000000002,6492561.0,,0.2,5.0
0x2883baa2fab91d9c229fd41f01f9926358f6ba01,0.04751280833388339,0.09564254,0,7.052185,2,1767481471,0.293522291181479,0.29453443693148007,0.293522291181479,0.293522291181479,0.41653459529442216,-0.14730289415948075,0.293522291181479,-0.30075849018149303,0.0,,0.293522291181479,-0.2769585109787002,0.293522291181479,0.43156777799511614,0.4228677779951161,,1,0.9971727016256966,-0.849201361709217,0.293522291181479,0.3904958903080548,1.4,,,,2.1999995,,,0.0,4.0
0x4f48cf649351e6642e371a5c2d9a8f90662c640c,0.04750705692851669,0.095612824,0,1.472753,2,1767476603,0.32388683724035144,0.32489898299035247,0.32388683724035144,0.32388683724035144,0.45947654814618194,0.0004428818708691884,0.32388683724035144,-0.36595199002107737,0.0,,0.32388683724035144,-0.3306022612562423,0.32388683724035144,0.5400338263455662,0.5080338263455662,,1,0.9971727016256966,-0.8462197134236648,0.32388683724035144,0.37038343077132496,1.1299934999999999,5860244.0,5860244.0,4.227560236618093,3.5548395869565215,4474044.0,0.0,0.5238095238095238,62.0
0x03c73b7f70ae3c8118a57a43846aa2dd65c58874,0.047343194019321876,0.094764836,0,2.825738,3,1767436697,0.6690284652770813,0.6700406110270821,0.6690284652770813,0.6690284652770813,1.0899026236375275,1.3263991310932521,0.6690284652770813,1.2988858663443823,0.0,,0.6690284652770813,1.295485876424384,0.6690284652770813,3.333072681981326,3.341972671901324,,1,0.9971727016256966,-0.821777302478051,0.6690284652770813,0.09001721025020895,0.999999,11123870.0,11123870.0,8.262586032471361,1.7207474214559386,9777576.0,,0.3835616438356164,212.0
0xf37dff6a04dfc4789858880326e31e00bef916e2,0.047194301546723424,0.0939919,0,18.069998,4,1767505029,-4.026161329876194e-05,-0.00011099904597860676,-4.026161329876194e-05,-4.026161329876194e-05,-0.006678460901865882,0.0,-4.026161329876194e-05,0.0,0.0,-1.4500796951684596,-0.018253848581789803,0.0,-0.03646743555028084,,,-1.552817854751927,1,0.9971727016256966,-0.9051115545608561,-4.026161329876194e-05,0.39686923366732824,3.499999,7828.0,7828.0,0.005533618072904075,3.913700666666666,-1406798.0,,0.2,5.0
0x55d0c13d016624e4b816ea561efd5062b4d1f655,0.04709145063193795,0.09345662,0,2015.4969269999995,78,1767452079,0.014739532177909189,0.01480236539531961,0.011585339321210215,0.014739532177909189,0.1533632428500795,0.42701176957212994,0.014739532177909189,0.3361585126500275,0.0,-2.01190828066063,0.0073649510590878325,0.35908638235699913,0.008033039262455341,1.7471317167262037,1.7163965068844105,-1.5624964599247555,3,0.9971727016256966,-0.831198772060706,0.010718197516814756,0.0,0.0,698108.0,698108.0,0.5126828996031362,0.0,-663568.0,0.0,,0.0
0xfd1b2ab74a9f0706d10f4f8a81276272a6ff650b,0.04707590642381449,0.09337562,0,12.910418,3,1767472175,0.0708510555260831,0.07126708257788379,0.0708510555260831,0.0708510555260831,0.1268859987846701,-0.09866151783232796,0.0708510555260831,-0.22692857167569241,0.0,-0.375869911074516,0.06520306498212941,-0.20552260174559275,0.059555074438175724,0.26274279408105433,0.22474279408105435,,1,0.9971727016256966,-0.8435075649831502,0.0708510555260831,0.05521195141222939,8.9,214854.0,214854.0,0.15549164406284105,8.985635843137256,-1166918.0,,0.02564102564102564,39.0
0x20275a9ab620f052e90a43dc4a7eee486cae6d60,0.047025255398179144,0.09311152,0,330.09,5,1767655273,0.22570479475664168,0.22671694050664268,0.22570479475664168,0.22570479475664168,0.4805061006808203,0.26029642234532774,0.22570479475664168,0.23987008507487323,0.0,,0.21847518225663426,0.3053015868035178,0.21847518225663426,0.4203526595054372,0.3471126595054372,,2,0.9971727016256966,-0.9556550254983603,0.22570479475664168,0.02565398564241576,21.84,41016409.0,41016409.0,26.210745301526643,196.2936571829808,39451539.0,0.0,0.5045871559633027,215.0
0xc426c1337e066a4eb8205dd7182063ce5201dec6,0.04700680945758596,0.093015276,0,922.512019,16,1767435929,-7.183980602311104e-07,4.599228818592981e-06,-7.183980602311104e-07,-7.183980602311104e-07,0.001700238462438476,0.3947865265762752,-7.183980602311104e-07,0.4248651525769078,0.0,-18.808909428285716,-0.016885212127113084,0.42316514517754983,-0.03376970585616594,2.3682757524991214,2.3771757424191198,,1,0.9971727016256966,-0.8213069027485309,-7.183980602311104e-07,0.1781425546118295,407.21408,3546368.0,3546368.0,2.6356740783901613,437.42498130769224,2200842.0,,0.75,8.0
0xd6873bcdba8b929ced02cca3a171da10141ca024,0.046935472302327134,0.09264272,0,14.548019,4,1767478725,-8.982252640344733e-05,0.0001746239297517477,-8.982252640344733e-05,-8.982252640344733e-05,0.007437818569958019,-0.031489259186063726,-8.982252640344733e-05,-0.13930886490492222,0.0,-1.1704699470583955,-0.020448027008042758,-0.12390038156497876,-0.040806231489682064,0.4976825589075123,0.48722296843530166,,1,0.9971727016256966,-0.8475194376763233,-8.982252640344733e-05,0.2773064981091583,1.893795,49962.0,49962.0,0.035987328588036493,2.1312646666666666,-1338360.0,,0.2,5.0
0xf48cf735c3148d85b99bd58e4e28bbe95f9c40bc,0.04692227444341397,0.09257373,0,118.404047,3,1767479181,-0.29959513839903185,-0.300607284149033,-0.29959513839903185,-0.29959513839903185,-0.5045648597967606,0.0,-0.29959513839903185,0.0,0.0,,-0.29959513839903185,0.0,-0.29959513839903185,,,-1.7345613705165663,0,0.9971727016256966,,-0.29959513839903185,1.0,49.999999,694.0,694.0,0.0004997198976366273,49.999999,-1388084.0,,0.0,1.0
0x2522be934098cc6f885b4e294292e043c1d69714,0.046861974704144105,0.09225831,0,3.2427829999999993,4,1767508687,-8.686702875760278e-06,5.35344433487843e-05,-8.686702875760278e-06,-8.686702875760278e-06,0.0037893190549164388,-0.051629952217571926,-8.686702875760278e-06,-0.13196197156403539,0.0,-0.058479895041906135,-0.005447874507219604,-0.1056567339186092,-0.010887062311563448,0.3828094269504685,0.35346054091103907,,1,0.9971727016256966,-0.8658711521240875,-8.686702875760278e-06,0.30810371637240025,0.99996,178750.0,178750.0,0.12603258585727542,0.9935883333333333,-1239534.0,,0.0,4.0
0xcbaab27be6db7dd9e022f3a8f7cfec3efc544ea3,0.046861974704144105,0.09225831,0,3.882236,4,1767508631,-3.74130248414956e-05,0.0002369523411216916,-3.74130248414956e-05,-3.74130248414956e-05,0.007987175847743418,-0.05085136508875896,-3.74130248414956e-05,-0.13140858286427703,0.0,-0.05711933716775465,-0.005346439922216012,-0.10513548005337076,-0.010655466819590528,0.3853571670433368,0.3560082810039074,,1,0.9971727016256966,-0.86583685214381,-3.74130248414956e-05,0.3081037602707049,0.99996,178918.0,178918.0,0.1261560200475523,0.9935882222222223,-1239310.0,,0.0,4.0
0x576315d31495f237c216fb1973794838e6111c22,0.046854227329858764,0.09221776,0,415.00364799999994,12,1767469207,0.1622534692836095,0.18405309052812177,0.1622534692836095,0.1622534692836095,0.75049741541449,0.5870956018204343,0.1622534692836095,0.5453398670876447,0.0,22.790437682545754,0.18539159071076985,0.5640583472653509,0.2085297121379302,1.738081693283528,1.7334816932835277,,1,0.9971727016256966,-0.8416896660284421,0.1622534692836095,0.06508003312940998,71.9089,11938043.0,11938043.0,8.658259622107275,313.86771673362443,10559239.0,0.0,0.7037037037037037,54.0
0x3e5ef9f6da4e5b09c6122e5e6dd42df8f6c0bf98,0.046848856266302474,0.09218964,0,2444.82083,57,1767468921,3.1269446314510036e-07,3.138568960979593e-07,3.1269446314510036e-07,3.1269446314510036e-07,0.0002928661969968505,0.0034676769499107493,3.1269446314510036e-07,0.00321041552497342,0.0,-7.89069944842106,-0.005328569750556414,0.0033323471365458053,-0.010657452195575972,1.6494368965967172,1.6448368965967173,-1.6365211724164057,3,0.9971727016256966,-0.8415144911291677,3.1269446314510036e-07,0.1907506606646742,9.999999,34390.0,34390.0,0.024947080850594622,14.580120333333333,-1344128.0,,0.0,12.0
0x7897fadaa1941032d26fe094fab8b8f1f7924239,0.04681859769609945,0.09203117,0,4749.9659599999995,26,1767424311,0.22381791743852886,0.2241267624617766,0.22381791743852886,0.22381791743852886,1.1432384934803108,0.8338278064394947,0.22381791743852886,0.8078102292014622,0.0,1209.3582700000002,0.266397622640843,0.8288745667161572,0.3089773278431571,2.4223729905714513,2.424627614823159,,1,0.9971727016256966,-0.8141908818402429,0.22381791743852886,0.07831865524504147,3.0656499999999998,3205998.0,3205998.0,2.4034626076161176,10.186564051829269,1872090.0,0.0,0.5056603773584906,245.0
0xec5fe39930b0b3b91e5f331927422d4ba2b72a90,0.04676900699017944,0.09177125,0,51.199997999999994,3,1767505885,-0.3917003989670006,-0.3927125447170017,-0.3917003989670006,-0.3917003989670006,-0.5992795688461667,0.0,-0.3917003989670006,0.0,0.0,,-0.3917003989670006,0.0,-0.3917003989670006,,,-1.5736656213150997,0,0.9971727016256966,,-0.3917003989670006,0.7222222222222221,59.999997,798.0,798.0,0.000563765558304521,59.999997,-1414684.0,0.0,0.0,2.0
0x99be994dc951ed1b3ec670a1fb31bd8cbeb32d79,0.04670110598898403,0.091414936,0,81.967212,2,1767496295,0.39372470070182075,0.3947368464518218,0.39372470070182075,0.39372470070182075,0.5582422018205523,0.150896539036474,0.39372470070182075,0.08343275080661713,0.0,,0.39372470070182075,0.15821692675278762,0.39372470070182075,0.8022974925715781,0.7634974966509483,,1,0.9971727016256966,-0.8582810564883925,0.39372470070182075,0.03299067164619562,137.999998,38931992.0,38931992.0,27.69202186227676,279.14074753658537,37526100.0,0.0,0.8253968253968254,63.0
0x68f62856923bca368474665eed0a6628ed2cfa32,0.046667184983645936,0.09123675,0,87.42812,4,1767505495,-0.39498483782117083,-0.3959969835711719,-0.39498483782117083,-0.39498483782117083,-0.7536070187560865,0.0,-0.39498483782117083,0.0,0.0,,-0.39498483782117083,0.0,-0.39498483782117083,,,-1.5946306960931902,0,0.9971727016256966,,-0.39498483782117083,1.0,35.84,1050.0,1050.0,0.0007420012267753616,35.84,-1414042.0,,0.0,1.0
0x6000f729d8ad9eee8d1dcdeed998f7bef3617ad7,0.04664637820270638,0.09112739,0,81.967212,2,1767494465,0.39372470070182075,0.3947368464518218,0.39372470070182075,0.39372470070182075,0.5582422018205523,0.1634903266696342,0.39372470070182075,-0.06349481773999778,0.0,,0.39372470070182075,0.017105183040802205,0.39372470070182075,0.8087974966509484,0.7634974966509483,,1,0.9971727016256966,-0.8571601821328952,0.39372470070182075,0.028851451106062354,208.816,48968111.0,48968111.0,34.87603182765434,419.65131132941184,47564049.0,0.0,0.8260869565217391,69.0
0x4a6b0cb16bea54a4c7b53c69f8c1565b0bac3ac1,0.04646317628253694,0.09016248,0,3.593116,4,1767481433,1.0170147222631356e-05,4.553091896931371e-05,1.0170147222631356e-05,1.0170147222631356e-05,0.0036620249254875176,-0.0736627807812841,1.0170147222631356e-05,-0.11522080018804438,0.0,0.0916501239616686,0.008232594220563702,-0.10421909974173041,0.01645501829390477,0.4315679588278179,0.4228679588278179,,1,0.9971727016256966,-0.8491780867226001,1.0170147222631356e-05,0.14197537562875676,0.9999994999999999,1380.0,1380.0,0.0009920706239261554,2.9999991111111113,-1389650.0,,0.0,18.0
0xa6477dee1c4ac566922af344a6e5947031d6d77d,0.046331421411371775,0.089466296,0,32.06,2,1766963745,0.8694331992508915,0.8704453450008925,0.8694331992508915,0.8694331992508915,1.1639142008304098,-0.07100016848000583,0.8694331992508915,0.009000000000001049,0.0,,0.8694331992508915,0.006000000000001071,0.8694331992508915,-0.9300000000000007,-0.9270000000000007,,1,0.9971727016256966,-0.5320943690457378,0.8694331992508915,0.01267851163087803,33.7722,4130329.0,4130329.0,4.729337418788974,68.32134276529823,3256987.0,,0.40181268882175225,331.0
0xf9bf37d7120e17a716d1fc9805ef52b9758f129f,0.04622373035488441,0.088895865,0,82.02950700000001,3,1767494441,0.39419357451385767,0.3952057202638587,0.39419357451385767,0.39419357451385767,0.6744095694982342,0.1647645703324648,0.39419357451385767,-0.06248637361924657,0.0,,0.39419357451385767,0.01820627662671917,0.39419357451385767,0.8108530930772507,0.7655530930772508,,1,0.9971727016256966,-0.8571454821413478,0.39419357451385767,0.0288693776239476,193.35342500000002,48968819.0,48968819.0,34.877132242859524,385.10057421111117,47564781.0,0.0,0.8450704225352113,71.0
0x8ee895217ae106d0210f9d059115e818b1115451,0.046206811125919754,0.08880613,0,177.125822,8,1767607531,-0.29628611877250566,-0.2972982645225067,-0.29628611877250566,-0.29628611877250566,-0.7149957085040521,0.0,-0.29628611877250566,0.0,0.0,,-0.29628611877250566,0.0,-0.29628611877250566,,,-1.861759268046201,0,0.9971727016256966,,-0.29628611877250566,0.883641588170583,33.0,45584.0,45584.0,0.030046245273965017,198.53634666666665,-1471544.0,,0.0,3.0
0xf5289763a5b57084d78e2e33fd1af2714efc4441,0.046134915428634606,0.08842447,0,29.26,1,1766962851,0.8694331992508915,0.8704453450008925,0.8694331992508915,0.8694331992508915,0.8704453450008925,-0.07100016848000602,0.8694331992508915,0.009000000000000863,0.0,,0.8694331992508915,0.006000000000000885,0.8694331992508915,-0.9300000000000008,-0.9270000000000008,,1,0.9971727016256966,-0.5315467943605933,0.8694331992508915,0.03330956492367831,34.2425,4129563.0,4129563.0,4.733305595290493,69.90949265508685,3257115.0,,0.40930232558139534,215.0
0x8224112c5a264e2ae057bbb0f57936b146810749,0.0461221196654956,0.08835648,0,82.029507,3,1767495899,0.3941935745138577,0.3952057202638587,0.3941935745138577,0.3941935745138577,0.674409569498234,0.1626632068711107,0.3941935745138577,0.040480259296373874,0.0,,0.3941935745138577,0.12777286349585731,0.3941935745138577,0.8016530930772507,0.765553093077251,,1,0.9971727016256966,-0.8580385066278587,0.3941935745138577,0.03314342507081654,120.029996,38931944.0,38931944.0,27.69978996738518,265.07209130120486,37526448.0,0.0,0.8412698412698413,63.0
0x6d107f77276d589da5734b673fbd4ab4fcc13c0d,0.04610580908968638,0.08826979,0,89.926097,3,1767715213,-0.007881317240859609,-0.008893462990860647,-0.007881317240859609,-0.007881317240859609,-0.0146459672194443,0.0,-0.007881317240859609,0.0,1.0,,-0.007881317240859609,0.0,-0.007881317240859609,,,-0.06247264113833495,0,0.9971727016256966,,-0.007881317240859609,0.3333333333334074,1.0,998.0,998.0,0.0006142256633083253,0.9999996666666666,-1623812.0,,0.0,3.0
0xdbe868cda6490f303ae941fa56a49302dc384ab2,0.04608604469548222,0.08816471,0,82.0,3,1767494701,0.39397156156747715,0.3949837073174782,0.39397156156747715,0.39397156156747715,0.6602037977915989,0.1620608186961336,0.39397156156747715,-0.06296398394594299,0.0,,0.39397156156747715,0.017684796541861864,0.39397156156747715,0.8032450228166296,0.7652450228166296,,1,0.9971727016256966,-0.8573047320497791,0.39397156156747715,0.032566642096631626,149.999998,,,,361.7040712771085,,,0.8484848484848485,66.0
0x0d5d7a454fd3760fb213109644668dba12e78bb6,0.04606484589679951,0.08805195,0,41.12,2,1767706861,-0.004048583000004155,-0.005060728750005194,-0.004048583000004155,-0.004048583000004155,-0.007156951233748786,0.0,-0.004048583000004155,0.0,1.0,,-0.004048583000004155,0.0,-0.004048583000004155,,,0.06249999999999996,0,0.9971727016256966,,-0.004048583000004155,0.501122264698761,19.63,9426.0,9426.0,0.005831268118317952,19.63,-1607032.0,,0.0,2.0
0xaa92ebc16679cf98ed83e18719db4c8d5508cda4,0.04596530057592783,0.08752181,0,4.040403,2,1767433945,0.5101215794959998,0.5111337252460009,0.5101215794959998,0.5101215794959998,0.7228522464291778,0.20256860559603745,0.5101215794959998,0.4334080584491693,0.0,,0.5101215794959998,0.4300080685291709,0.5101215794959998,1.4007815032015145,1.409681493121513,,1,0.9971727016256966,-0.8200917034472706,0.5101215794959998,0.06578099824938481,2.999999,3601064.0,3601064.0,2.680276463259057,7.863404362903226,2257522.0,,0.3157894736842105,75.0
0x868001372a71bc7b2fc69691b5ff993fb856e9cd,0.04594465894074561,0.08741174,0,11.42,4,1767574893,0.0,0.0,0.0,0.0,0.0,0.0,0.0,0.0,0.0,0.41000000000000036,0.005187246968755324,0.0,0.010374493937510647,,,-1.909141261332462,1,0.9971727016256966,-0.9332056884067291,0.0,0.37288787214615965,1.0,137976.0,137976.0,0.09294505183598407,5.519811981132075,-1346514.0,,0.11764705882352941,17.0
0x9f075c32df94d40d1447081a170e093a8c416885,0.045911679712397145,0.087235786,0,82.02950700000001,3,1767494633,0.39419357451385767,0.3952057202638587,0.39419357451385767,0.39419357451385767,0.6744095694982342,0.16266321047704396,0.39419357451385767,-0.06248637361924657,0.0,,0.39419357451385767,0.01820627662671917,0.39419357451385767,0.8087530930772507,0.7655530930772508,,1,0.9971727016256966,-0.8572630820737278,0.39419357451385767,0.02883955784086313,170.999997,48966540.0,48966540.0,34.87074054820079,390.13634475581404,47562310.0,0.0,0.8405797101449275,69.0
0x2ab2d3e0c47c5c7d047ca3a8749292acc075676e,0.04581931391959115,0.08674235,0,7.588399000000001,3,1767437749,3.5279921423744656e-05,0.00012170728873932967,3.5279921423744656e-05,3.5279921423744656e-05,0.00942426423361729,1.0861192704839204,3.5279921423744656e-05,0.9693502736829781,0.0,1.0046647324999998,0.025461198172687254,0.9748511932796546,0.05088711642395076,4.860893197824213,4.869793187744211,,1,0.9971727016256966,-0.82242165210755,3.5279921423744656e-05,0.3156428323242197,20.73913,4322993.0,4322993.0,3.2085247590448183,94.25355555186722,2975647.0,0.0,0.56,25.0
0xd3e3f209d9701a981e196bc297d2b5a5211467dc,0.04576360473237575,0.08644428,0,22.9,1,1767434475,0.5475708507505616,0.5485829965005625,0.5475708507505616,0.5475708507505616,0.5485829965005625,0.35580591264735856,0.5475708507505616,0.585645339672902,0.0,,0.5475708507505616,0.5822453497529035,0.5475708507505616,1.702716383132959,1.7116163730529574,,1,0.9971727016256966,-0.8204163282606113,0.5475708507505616,0.06517310293486413,75.7765,35913548.0,35913548.0,26.719958454606598,153.87212383333335,34569476.0,0.0,0.6458333333333334,48.0
0x0092d4e12829042d90f0b3e545b6483ac4bb5533,0.04575403068998163,0.08639302,0,3.964067,4,1767470773,0.00013135381215225673,0.0011139812311227835,0.00013135381215225673,0.00013135381215225673,0.022298711213285593,0.16308405009948568,0.00013135381215225673,0.03515052947534967,0.0,0.09256001293527283,0.006693882880048778,0.051691708889663346,0.013256411947945298,1.0218735874617595,1.0008735874617594,,1,0.9971727016256966,-0.8426488404769167,0.00013135381215225673,0.3233432262452997,9.999999,950100.0,950100.0,0.6882937183508769,16.499620291666666,-430270.0,,0.3888888888888889,18.0
0x3a2edbfbcb9113af32bbcf880f3e2efac1a5e1b2,0.045749614470800316,0.08636937,0,1815.6775210000003,9,1767433357,0.14334872541603622,0.14361144817559204,0.14334872541603622,0.14334872541603622,0.39769734333765905,0.2510711697734284,0.14334872541603622,0.38723449712755603,0.0,-12.19854030762259,0.13880100076660432,0.38667172656424587,0.13425327611717242,2.6568500519643266,2.664375041884325,,1,0.9971727016256966,-0.8197315536543567,0.14334872541603622,0.12428342409606746,43.9768,1688960.0,1688960.0,1.25764545918922,116.77230165217392,346006.0,,0.0,16.0
0x10d81a330e7836e96e8e4e52c8e021fae0269f12,0.04569176945078875,0.08605942,0,30.94,1,1766963259,0.8694331992508915,0.8704453450008925,0.8694331992508915,0.8694331992508915,0.8704453450008927,-0.07100016848000602,0.8694331992508915,0.009000000000000863,0.0,,0.8694331992508915,0.006000000000000885,0.8694331992508915,-0.9300000000000008,-0.9270000000000008,,1,0.9971727016256966,-0.5317966942169008,0.8694331992508915,0.01733793346937316,34.785,4132821.0,4132821.0,4.734825675712832,62.975953338397794,3259965.0,,0.330188679245283,212.0
0xbb973d5df32a2b6a44ef7530a37a7dbabfd3fa0e,0.04567998679647099,0.08599624,0,7.8125,2,1767466407,0.6224696362506382,0.6234817820006393,0.6224696362506382,0.6224696362506382,0.8817363919978497,1.3648153547535398,0.6224696362506382,1.373420120845873,0.0,,0.6224696362506382,1.4024201208458729,0.6224696362506382,2.5547103710042984,2.550110371004298,,1,0.9971727016256966,-0.8399746670145665,0.6224696362506382,0.008722607752167412,0.999999,6931246.0,6931246.0,5.037228089453229,1.0274904256756756,5555242.0,,0.5038167938931297,131.0
0xebfa16d9e70c95a82095153b9061d154bf59510e,0.04557798094786187,0.085448615,0,84.960497,4,1767549683,-0.41234867061091174,-0.41336081636091276,-0.41234867061091174,-0.41234867061091174,-0.7917966181730549,0.0,-0.41234867061091174,0.0,0.0,,-0.41234867061091174,0.0,-0.41234867061091174,,,-1.5677624962590162,0,0.9971727016256966,,-0.41234867061091174,1.0,38.999999,426.0,426.0,0.00029192478482539336,38.999999,-1458854.0,0.0,0.0,1.0
0x53267f54e9d4f8f840a79941c96db09b192b1d99,0.045572096299894255,0.08541699,0,452.75213399999996,15,1767452865,0.06244598475861177,0.06334190992639116,0.06244598475861177,0.06244598475861177,0.21290056497960072,1.2697554029834555,0.06325231740961322,1.1878315901753824,0.0,25.51334804009954,0.13387106737298343,1.2165283519092396,0.20529614998735513,3.9292196927088816,3.93261968262888,,1,0.9971727016256966,-0.8316801967838868,0.06244598475861177,0.14455380800224304,20.0,1244271.0,1244271.0,0.9132518925298467,46.6752326,-118191.0,,0.15384615384615385,13.0
0x2271538fa10e57e113289d10073bf4f0691b589e,0.04553258324793462,0.08520452,0,1.999998,2,1767441289,0.5465589056970309,0.547571051447032,0.5465589056970309,0.5465589056970309,0.7743824073192885,0.3704999674838107,0.5465589056970309,0.17190827422383662,0.0,,0.5465589056970309,0.21780832396146071,0.5465589056970309,1.6937015582942199,1.7026015482142183,,1,0.9971727016256966,-0.824589900860807,0.5465589056970309,0.012639661752891754,1.0,4134078.0,4134078.0,3.0602715551127186,2.251785660130719,2783192.0,,0.24257425742574257,190.0
0x4688a3222d224307506bb63169706bedab1f6f23,0.0454492829834935,0.084756024,0,81.967212,2,1767494605,0.39372470070182075,0.3947368464518218,0.39372470070182075,0.39372470070182075,0.5582422018205523,0.16139136140468258,0.39372470070182075,-0.06139585247504615,0.0,,0.39372470070182075,0.019204148305753847,0.39372470070182075,0.8066974966509484,0.7634974966509483,,1,0.9971727016256966,-0.857245932083589,0.39372470070182075,0.028847952324303244,198.999994,48967251.0,48967251.0,34.871942213442225,416.59541891566266,47563049.0,0.0,0.835820895522388,67.0
0x38f6a1a8ed289984c6261cd4857da995c6e2bd4c,0.0454285027182981,0.08464402,0,3.784052,4,1767539449,-8.112406843649894e-05,-0.0004192938468656103,-8.112406843649894e-05,-8.112406843649894e-05,-0.01397203212262791,0.0,-8.112406843649894e-05,0.0,0.0,-0.19312948093575089,-0.011331074765471036,0.0,-0.02258102546250557,,,-1.46251461072184,1,0.9971727016256966,-0.8847753412541788,-8.112406843649894e-05,0.6771164253349211,0.999999,54906.0,54906.0,0.03789113665128643,0.9880793999999999,-1394140.0,,0.0,2.0
0x254face2589bd322676aeb299c93464e17517581,0.04541551498504173,0.08457399,0,485.81414200000006,10,1767469401,0.10110235717682825,0.10141830204088749,0.10110235717682825,0.10110235717682825,0.3029654067484004,-0.012664606833600465,0.10110235717682825,-0.09467528841710944,0.0,-32.050741801320434,0.07531797467368635,-0.08804404018097513,0.049533592170544455,0.5393332157257326,0.5120332157257326,-1.238620582949708,1,0.9971727016256966,-0.8465149382539106,0.10110235717682825,0.5530103616091281,100.0,36891390.0,36891390.0,26.752315811915608,721.4192863999999,35512392.0,,0.0,17.0
0x05de95141b60e2ab16cad2ad939aef41598146a0,0.04531950954947734,0.08405575,0,81.967212,2,1767494731,0.39372470070182075,0.3947368464518218,0.39372470070182075,0.39372470070182075,0.5582422018205523,0.16139136140468258,0.39372470070182075,-0.06349479037998376,0.0,,0.39372470070182075,0.01710521040081623,0.39372470070182075,0.8014974966509484,0.7634974966509483,,1,0.9971727016256966,-0.8573231070392134,0.39372470070182075,0.035287323533519266,149.999998,,,,370.159812452381,,,0.8484848484848485,66.0
0xabfc9f238883271809b0b366d4d7a29f8985a646,0.04527773080613051,0.0838299,0,9.999998,3,1767452801,0.6882591500371461,0.6892712957871472,0.6882591500371461,0.6882591500371461,1.1627187871247502,2.0090490590307937,0.6882591500371461,2.0836524682270805,0.0,,0.6882591500371461,2.1034524783070823,0.6882591500371461,3.750883749998851,3.7542837399188493,,1,0.9971727016256966,-0.8316409968064269,0.6882591500371461,0.05612126894218647,1.999999,32866936.0,32866936.0,24.124327839588727,3.137494857142858,31504538.0,0.0,0.2857142857142857,27.0
0x18730de9df8cd8e3378007b694d34365f830506f,0.04515516071302974,0.08316616,0,81.967212,2,1767494657,0.39372470070182075,0.3947368464518218,0.39372470070182075,0.39372470070182075,0.5582422018205523,0.16139136140468258,0.39372470070182075,-0.06349481773999778,0.0,,0.39372470070182075,0.017105183040802205,0.39372470070182075,0.8066974966509484,0.7634974966509483,,1,0.9971727016256966,-0.8572777820652753,0.39372470070182075,0.031089009835424463,179.99999,48966006.0,48966006.0,34.8697643018998,395.0772161058823,47561752.0,0.0,0.8529411764705882,68.0
0xf80458a3720d132bc3c9f05dd29897ec8d301b6a,0.04513855503596562,0.083076105,0,60.310024,4,1767542727,-0.40176496121780847,-0.4027771069678095,-0.40176496121780847,-0.40176496121780847,-0.7054181576992749,0.0,-0.40176496121780847,0.0,0.0,,-0.40176496121780847,0.0,-0.40176496121780847,,,-1.5557347591096928,0,0.9971727016256966,,-0.40176496121780847,1.0,23.999999,4046.0,4046.0,0.0027858797348250114,23.999999,-1448278.0,,0.0,1.0
0x8d3e2bee589a8a5e80b3ec4c5b21129e1d25ce1c,0.045086305823252126,0.08279254,0,14.814813000000001,2,1767499353,-0.40890686489565997,-0.40991901064566105,-0.40890686489565997,-0.40890686489565997,-0.579713024329655,0.0,-0.40890686489565997,0.0,0.0,,-0.40890686489565997,0.0,-0.40890686489565997,,,-1.5738685474036664,0,0.9971727016256966,,-0.40890686489565997,0.2977778785186015,1.999999,1808.0,1808.0,0.0012832250967032188,2.999999,-1407142.0,,0.0,5.0
0x72a868a457907488d3389001053bcdcea159c016,0.045084358866995376,0.08278197,0,13.469999999999999,2,1767470239,0.5485829965005624,0.5495951422505636,0.5485829965005624,0.5485829965005624,0.7772449039851174,0.7974133106767355,0.5485829965005624,0.535719506089432,0.0,,0.5485829965005624,0.566819506089432,0.5485829965005624,1.7316853216372494,1.7126853270805833,,1,0.9971727016256966,-0.8423217656649847,0.5485829965005624,0.0,0.0,4286591.0,4286591.0,3.1065945518163027,0.0,2906755.0,,,0.0
0x79add3f87e377b0899b935472c07d2c3816ba9f1,0.045052728968048315,0.08261015,0,136.0363,1,1767538381,0.4139676117504244,0.4149797575004255,0.4139676117504244,0.4139676117504244,0.41497975750042543,0.3887315257309561,0.4139676117504244,0.18993167998087168,0.0,,0.4139676117504244,0.23603167998087166,0.4139676117504244,0.8954960100196091,0.8474960100196091,,1,0.9971727016256966,-0.8840587166662379,0.4139676117504244,0.034977498050720125,16.1173,44892909.0,44892909.0,31.003861246510652,257.32299026136934,43444931.0,0.0,0.6418918918918919,251.0
0x25dffa066f749be88653e2940eb24162d3b86fff,0.044954017140543534,0.0820732,0,199.999996,2,1767483483,0.3552631643368421,0.3562753100868431,0.3552631643368421,0.3552631643368421,0.5038493754634935,-0.035878105058294925,0.3552631643368421,-0.11047788931211884,0.0,,0.3552631643368421,-0.08357788931211883,0.3552631643368421,0.6353908480585941,0.6160908480585942,,1,0.9971727016256966,-0.8504337110006162,0.3552631643368421,0.1611159344499897,99.999999,33953094.0,33953094.0,24.372680678783702,319.5849068932038,32560014.0,0.0,0.2826086956521739,42.0
0xaec38658ae47a6aabe8839f40e6d7da7996222df,0.04484004539701508,0.08145183,0,42.1901,4,1767453201,0.6774418764467172,0.6784540221967181,0.6774418764467172,0.6774418764467172,1.3390387589671042,1.6559246131493444,0.6774418764467172,2.0459120571573295,0.0,,0.6774418764467172,2.0519624002328354,0.6774418764467172,3.512180531403252,3.5155805213232503,,1,0.9971727016256966,-0.831885996665552,0.6774418764467172,0.0,0.0,13918952.0,13918952.0,10.213510733065355,0.0,12556154.0,,,0.0
0x1baf1c0d2cf0c24a5482f29d259e9649bdbd6574,0.044767940003336004,0.08105794,0,6.859998,2,1767485601,-0.48380563316391295,-0.48481777891391403,-0.48380563316391295,-0.48380563316391295,-0.685635878219658,0.0,-0.48380563316391295,0.0,0.0,,-0.48380563316391295,0.0,-0.48380563316391295,,,-1.4055651303228534,0,0.9971727016256966,,-0.48380563316391295,1.0,3.429999,2342.0,2342.0,0.0016786147915923044,3.429999,-1392856.0,,0.0,1.0
0x809a7c7f2821e541fd03ee32929b5bb8e85ff315,0.04473664835586503,0.08088682,0,14.42,1,1766958939,0.8694331992508915,0.8704453450008925,0.8694331992508915,0.8694331992508915,0.8704453450008924,-0.07100016848000579,0.8694331992508915,0.009000000000001092,0.0,,0.8694331992508915,0.0060000000000011156,0.8694331992508915,-0.9539999999999998,-0.9509999999999998,,1,0.9971727016256966,-0.5291506957383499,0.8694331992508915,0.011884126321515691,21.17,4120120.0,4120120.0,4.7437527057024695,42.774782541507015,3251584.0,,0.3524229074889868,227.0
0x3da68f3fb49857914c0c1e962c1fbdcc45baeccd,0.04469475855990312,0.08065756,0,19.999998,2,1767489949,-0.48380566001618375,-0.4848178057661848,-0.48380566001618375,-0.48380566001618375,-0.6856359161945034,0.0,-0.48380566001618375,0.0,0.0,,-0.48380566001618375,0.0,-0.48380566001618375,,,-1.4631651001956392,0,0.9971727016256966,,-0.48380566001618375,1.0,9.999999,200.0,200.0,0.0001429034844156605,9.999999,-1399346.0,,0.0,1.0
0x86cd93526a4e7ad201ed3d1c6f2647b61837504c,0.04466635235486441,0.08050197,0,24194.880060000003,71,1767499959,0.07739222628494401,0.07768739117896424,0.07739222628494401,0.07739222628494401,0.3817377619214308,0.11294134552170322,0.07739222628494401,-0.07148835857775296,0.0,185.28723785714277,0.09533436759042495,-0.02990967630421831,0.1132765088959059,0.4555411055459892,0.403293760590767,,2,0.9971727016256966,-0.8605252551979783,0.07739222628494401,0.0,0.0,856314.0,856314.0,0.6075061934396363,0.0,-553242.0,,,0.0
0x6ffed561d0763df32f6f06779b42d82678744071,0.04465641928009614,0.08044755,0,1071.4721799999998,27,1767515149,-0.11414126553495911,-0.1149192733243536,-0.11414126553495911,-0.11456135238389516,-0.44411297899313984,0.0,-0.11456135238389516,0.0,0.0,-26.578429132307694,-0.13696733516421794,0.0,-0.1597934047934768,,,-1.7652093277293444,1,0.9971727016256966,-0.9804820862228004,-0.11414126553495911,0.8153054770199315,22.7049995,390992.0,390992.0,0.2744292666903434,93.94818149999999,-1033754.0,,0.0,6.0
0x81f06f7e8cdaee970649db94ea0e6c0c5d58a149,0.044624659817596286,0.08027345,0,57.725013000000004,3,1767450717,0.6604552252288439,0.6614673709788449,0.6604552252288439,0.6604552252288439,1.1288872936309624,1.3154991747985576,0.6604552252288439,1.2450439300874079,0.0,,0.6604552252288439,1.3011498925419893,0.6604552252288439,3.1732331252431134,3.1766331151631118,,1,0.9971727016256966,-0.8303645475403851,0.6604552252288439,0.027224436820502948,9.999999,32293139.0,32293139.0,23.739474121416084,23.2451625499154,30932825.0,0.0,0.36917562724014336,279.0
0xa83e100324690ff83be3699a8e6cfd2ab3c5ee22,0.04461121064077906,0.08019969,0,50.1,1,1767433651,-0.5060728750005189,-0.50708502075052,-0.5060728750005189,-0.5060728750005189,-0.50708502075052,0.0,-0.5060728750005189,0.0,0.0,,-0.5060728750005189,0.0,-0.5060728750005189,,,-0.5557110847325579,0,0.9971727016256966,,-0.5060728750005189,0.6075459010529581,180.0,339226.0,339226.0,0.25254160065751075,2605.136664057143,-1004022.0,,0.2857142857142857,7.0
0xd18703825204ceb430817c5a31b4d38b261b42f0,0.04457051715147177,0.07997638,0,8.249998,4,1767489855,-0.46492999617532255,-0.46594214192532357,-0.46492999617532255,-0.46492999617532255,-0.8936429432015736,0.0,-0.46492999617532255,0.0,0.0,,-0.46492999617532255,0.0,-0.46492999617532255,,,-1.5162987256090896,0,0.9971727016256966,,-0.46492999617532255,0.3553718978211908,3.0,2070.0,2070.0,0.0014791504103034616,3.6666659999999998,-1397382.0,,0.0,3.0
0xbc8b133a584da89525bb0a646745aaadfd310d98,0.04449683717415834,0.07957156,0,344.039898,11,1767497753,-1.1713450816794304e-06,-3.988631959167027e-06,-1.1713450816794304e-06,-1.1713450816794304e-06,-0.0012627926868202643,0.0,-1.1713450816794304e-06,0.0,0.0,-11.792694888333335,-0.017960195537568238,0.0,-0.0359192197300548,,,-1.5974864278640344,1,0.9971727016256966,-0.9246392683324207,-1.1713450816794304e-06,0.3638784265898182,33.0188,274738.0,274738.0,0.19521654172735994,48.56854465714285,-1132612.0,,0.125,8.0
0x33e23d8e5d3239e5b0060b4bf1ca1b0c5cadfc87,0.044494629952012685,0.07955942,0,81.967212,2,1767495747,0.39372470070182075,0.3947368464518218,0.39372470070182075,0.39372470070182075,0.5582422018205523,0.16139135780285838,0.39372470070182075,0.028859653917874227,0.0,,0.39372470070182075,0.11785959775863211,0.39372470070182075,0.7964974966509484,0.7634974966509483,,1,0.9971727016256966,-0.8579454066813912,0.39372470070182075,0.032284921004281694,100.999899,38931938.0,38931938.0,27.702781667691326,257.82163828735634,37526594.0,0.0,0.8461538461538461,65.0
0x73c505a2bc3e34fbd2de68ce3ca5304551c71fdb,0.04442320028083551,0.07916634,0,38.56041,2,1767550129,-0.39271253813872886,-0.3937246838887299,-0.39271253813872886,-0.39271253813872886,-0.5568107877965015,0.0,-0.39271253813872886,0.0,0.0,,-0.39271253813872886,0.0,-0.39271253813872886,,,-1.603816751607248,0,0.9971727016256966,,-0.39271253813872886,0.5041322319058352,16.499999,702.0,702.0,0.0004809121711882915,16.499999,-1459024.0,,0.0,2.0
0x88136bbd276862acbf2340b74f9ad86f39b3d9b6,0.044401904538405874,0.07904903,0,59.055117,2,1767575641,-0.25607286244445937,-0.2570850081944604,-0.25607286244445937,-0.25607286244445937,-0.3635731052714042,0.0,-0.25607286244445937,0.0,0.0,,-0.25607286244445937,0.0,-0.25607286244445937,,,-1.936777741360669,0,0.9971727016256966,,-0.25607286244445937,0.48302472033608,14.999999,3664.0,3664.0,0.0024669446916925097,11.999999333333333,-1481574.0,,0.0,3.0
0xaa8761dd20e713c757ff60662d5492f881dee68a,0.04438368003408311,0.078948595,0,81.967212,2,1767495359,0.39372470070182075,0.3947368464518218,0.39372470070182075,0.39372470070182075,0.5582422018205523,0.15089653507992437,0.39372470070182075,0.016265862328164606,0.0,,0.39372470070182075,0.0917658902777204,0.39372470070182075,0.8008974966509483,0.7634974966509483,,1,0.9971727016256966,-0.8577077568180398,0.39372470070182075,0.03247972619927845,140.999997,38934247.0,38934247.0,27.712075680661886,279.1232536506024,37529291.0,0.0,0.8307692307692308,65.0
0xa16741cf3bcdacef9efa65a35dae2dc6e2fe729e,0.044373936637244454,0.07889488,0,51.447026,5,1767455383,2.539433186513925e-05,8.289340404840015e-05,2.539433186513925e-05,2.539433186513925e-05,0.007270291137208918,0.5856319849599092,2.539433186513925e-05,0.69850546874313,0.0,5.214860619744163,0.024440239161263495,0.7060064487680524,0.04885508399066185,2.766383098234489,2.769783088154487,,1,0.9971727016256966,-0.8332224708970792,2.539433186513925e-05,0.09227096236159113,19.999999,1112093.0,1112093.0,0.8147320839865786,25.250664104166663,-252887.0,,0.375,32.0
0x13c048c6696544d4708f57a15d81e5763c6b4567,0.044354666695616496,0.07878862,0,12.103597999999998,4,1767476895,-0.35415012096681914,-0.35516226671682016,-0.35415012096681914,-0.35415012096681914,-0.6668839896860531,0.0,-0.35415012096681914,0.0,0.0,,-0.35415012096681914,0.0,-0.35415012096681914,,,-1.606543241185663,0,0.9971727016256966,,-0.35415012096681914,1.0,4.999999,258.0,258.0,0.00018608113137327876,4.999999,-1386234.0,,0.0,1.0
0x688cb607644a46bcd0f22aacd2f03e489c17354b,0.044354666695616496,0.07878862,0,1.999998,2,1767483949,-0.36133581171789536,-0.3623479574678964,-0.36133581171789536,-0.36133581171789536,-0.5124373957492885,0.0,-0.36133581171789536,0.0,0.0,,-0.36133581171789536,0.0,-0.36133581171789536,,,-1.5808476365858608,0,0.9971727016256966,,-0.36133581171789536,1.0,0.999999,244.0,244.0,0.00017509289252023256,0.999999,-1393302.0,,0.0,1.0
0x9e9ebe90fb8fc60c34c68192239e81fd0d08f03d,0.04430665494642188,0.07852368,0,875.0,2,1767712555,-0.007085020250007271,-0.00809716600000831,-0.007085020250007271,-0.007085020250007271,-0.011451121973998057,0.0,-0.007085020250007271,0.0,1.0,,-0.007085020250007271,0.0,-0.007085020250007271,,,-0.04970000000000004,0,0.9971727016256966,,-0.007085020250007271,0.6065088757396448,9.0,4610.0,4610.0,0.0028419038413169664,8.666666666666666,-1617542.0,,0.0,2.0
0xc3d41e9534b1fc0fccb35b711b62a9d26257ca86,0.04426591224458203,0.078298636,0,8.39,2,1767436513,0.6892712557507068,0.6902834015007078,0.6892712557507068,0.6892712557507068,0.9762081482833336,1.596354320453771,0.6892712557507068,1.050882106345521,0.0,,0.6892712557507068,1.0474821164255224,0.6892712557507068,3.7688756316967744,3.7777756216167733,,1,0.9971727016256966,-0.8216646025428536,0.6892712557507068,0.038966143612537536,2.0,,,,3.8007215909090912,,,0.19736842105263158,76.0
0x39c61f2362692e84b2f420cf29cd2d46b0042d82,0.04420246643854015,0.077947795,0,2.576111,2,1767533221,-0.43117393352041533,-0.43218607927041636,-0.43117393352041533,-0.43117393352041533,-0.6112034147730764,0.0,-0.43117393352041533,0.0,0.0,,-0.43117393352041533,0.0,-0.43117393352041533,,,-1.5394359661433452,0,0.9971727016256966,,-0.43117393352041533,1.0,1.099999,618.0,618.0,0.0004283284516827486,1.099999,-1442200.0,,0.0,1.0
0x01f3b62246005e1388d89a8fabc9a578ee130496,0.04417461566116196,0.077793635,0,75.09855900000001,3,1767719709,-0.0019851110559898633,-0.0029972568059909014,-0.0019851110559898633,-0.0019851110559898633,-0.004506122723452249,0.0,-0.0019851110559898633,0.0,1.0,,-0.0019851110559898633,0.0,-0.0019851110559898633,,,-0.013578707145114588,0,0.9971727016256966,,-0.0019851110559898633,0.21331946241482344,19.999999,458.0,458.0,0.00028110127870393896,22.142856571428574,-1628848.0,,0.0,7.0
0x5556a0d1a0c0c327ccc75a0e9bf248146be33cd2,0.04410085057728428,0.07738488,0,45.759584000000004,19,1767559189,3.5459210831792624e-05,8.245331476747755e-05,3.5459210831792624e-05,3.5459210831792624e-05,0.005675698295901756,0.11266014173560226,3.5459210831792624e-05,0.0773193243137267,0.0,1.8160411941625119,0.0210330649321743,0.10673803422568655,0.04203067065351681,0.8329182554033239,0.7428181871088949,,1,0.9971727016256966,-0.8968036093379246,3.5459210831792624e-05,0.07271222799167529,1.739995,109068.0,109068.0,0.07425724373734499,3.3569296352201254,-1359718.0,0.0,0.35714285714285715,28.0
0xb6597f91fc68a74f694a0c368d39aee77d01f56e,0.04408126939270704,0.07727627,0,2.77,1,1767690597,-0.2793522270002865,-0.2803643727502875,-0.2793522270002865,-0.2793522270002865,-0.2803643727502875,0.0,-0.2793522270002865,0.0,0.0,,-0.2793522270002865,0.0,-0.2793522270002865,,,-1.8965691919746912,0,0.9971727016256966,,-0.2793522270002865,0.5038119251239654,2.3133,3572.0,3572.0,0.002232229342192259,2.0233333333333334,-1596622.0,,0.0,2.0
0x5b2b0d3e65b2c4488e43b0dfc281352dab4caf8a,0.04407314814716741,0.077231206,0,3.0843179999999997,4,1767556595,-0.0003238552495766648,-0.000710334722180362,-0.0003238552495766648,-0.0003238552495766648,-0.01689461236760108,0.0,-0.0003238552495766648,0.0,0.0,-0.4543096711646798,-0.023183154361990126,0.0,-0.04604245347440358,,,-1.5868041616396173,1,0.9971727016256966,-0.9596889481788548,-0.0003238552495766648,0.20095131100090638,2.4999995,11502.0,11502.0,0.007844811593570283,3.62499875,-1454690.0,,0.0,8.0
0xfda926d1312e6bab75c97d74bd6a8fc64a8d6ef4,0.04406289791845605,0.07717432,0,2747.037038,12,1767502011,-0.03552324145190443,-0.036535387201905474,-0.03552324145190443,-0.03552324145190443,-0.30286616474330086,0.0,-0.03552324145190443,0.0,0.9112848856317459,,-0.03552324145190443,0.0,-0.03552324145190443,,,-1.7627732400075837,0,0.9971727016256966,,-0.03552324145190443,0.5,19.999999,2180.0,2180.0,0.0015443380881944562,19.999999,-1409428.0,,0.0,2.0
0x6b5fc1f7e8b3ef75a492188f56471ea1d04fef57,0.043974878632523876,0.076685324,0,463.576573,8,1767547341,-0.1208353949286535,-0.12114723016793108,-0.1208353949286535,-0.1208353949286535,-0.37129793497480607,0.0,-0.1208353949286535,0.0,0.0,-8.444539825336761,-0.12761447287426123,0.0,-0.13439355081986895,,,-1.591703934956527,1,0.9971727016256966,-0.8907839627992213,-0.1208353949286535,0.20553025235908515,99.999999,117972.0,117972.0,0.08097256025994243,115.73587533333335,-1338966.0,,0.2857142857142857,7.0
0xf60f7aaca90c0c5fd9b86fdf278dca5a7fb4f17c,0.043911192578300076,0.07633093,0,80.21520000000001,3,1767563321,-0.36842105300037775,-0.3694331987503788,-0.36842105300037775,-0.36842105300037775,-0.6288908087634271,0.0,-0.36842105300037775,0.0,0.0,,-0.36842105300037775,0.0,-0.36842105300037775,,,-1.6419769504178738,0,0.9971727016256966,,-0.36842105300037775,0.49795217333861813,4.0,4004.0,4004.0,0.002718413380785624,9.57,-1468914.0,,0.0,5.0
0x9d12d54266643f08e660281a08e044627569bdf6,0.043904101866425634,0.07629144,0,730.672,6,1767470723,0.5052185022231241,0.5062306479731252,0.5052185022231241,0.5052185022231241,1.0841864639171541,0.5452199918021327,0.5052185022231241,0.2847314765782318,0.0,,0.5052185022231241,0.3175927146395875,0.5052185022231241,1.390383994569973,1.368667327903306,,2,0.9971727016256966,-0.8426182154945261,0.5052185022231241,0.014557015774405203,18.5,18834366.0,18834366.0,13.644927263243305,99.96443748385389,17454046.0,,0.4851258581235698,437.0
0x8191ffcf169b91d2ba4e228565485a46736ea81e,0.04388609904373542,0.07619116,0,2.8612290000000002,2,1767455625,-0.7064777083848219,-0.7074898541348231,-0.7064777083848219,-0.7064777083848219,-1.0005417469588296,0.0,-0.7064777083848219,0.0,0.0,,-0.7064777083848219,0.0,-0.7064777083848219,,,-1.1814169426103298,0,0.9971727016256966,,-0.7064777083848219,0.4687501015625572,1.999999,632.0,632.0,0.0004629283735538982,2.6666656666666664,-1364590.0,0.0,0.0,3.0
0x5642a385eeb87fc2f5b7687ddd90534bdee25a12,0.04370742351606153,0.07519371,0,20.0,3,1767446213,-0.538798920917219,-0.5398110666672202,-0.538798920917219,-0.538798920917219,-0.9145479120023411,0.0,-0.538798920917219,0.0,0.0,,-0.538798920917219,0.0,-0.538798920917219,,,-0.5750880561899447,0,0.9971727016256966,,-0.538798920917219,0.24077563240822378,9.999999,1588.0,1588.0,0.0011712555594072915,11.874999250000002,-1354222.0,0.0,0.0,7.0
0x726800c9e6a8a499bd0f4270ac719b2eed86614a,0.04365051251115228,0.07487519,0,140.0,4,1767509439,0.2738938695627809,0.27490601531278197,0.2738938695627809,0.2738938695627809,0.5280841907669394,-0.09077420609242343,0.2738938695627809,-0.23920108658632552,0.0,,0.2738938695627809,-0.18621148537435642,0.2738938695627809,0.40192963686370253,0.3705799080988674,,1,0.9971727016256966,-0.8663317518592427,0.2738938695627809,0.31911574805931997,21.9,39954417.0,39954417.0,28.15602775405275,98.4467541452514,38535381.0,0.0,0.35135135135135137,61.0
0x7f5ea6d4d17a4cbde5fb4cc61ce9db1031f82ca6,0.043622666553997685,0.0747192,0,2.754819,2,1767480799,-0.36639665237985347,-0.36740879812985455,-0.36639665237985347,-0.36639665237985347,-0.5195945052504388,0.0,-0.36639665237985347,0.0,0.0,,-0.36639665237985347,0.0,-0.36639665237985347,,,-1.5675931815989521,0,0.9971727016256966,,-0.36639665237985347,0.25000000000004685,0.999999,434.0,434.0,0.0003121412892442153,0.9999987499999999,-1389962.0,0.0,0.0,4.0
0x37cc62b2de5b4df5c1b41b92db55014195fbdc59,0.04337533383219984,0.073329456,0,81.996538,3,1767495635,0.39394552887448386,0.39495767462448494,0.39394552887448386,0.39394552887448386,0.6567887980951531,0.1514897396319054,0.39394552887448386,-0.027318424634772007,0.0,,0.39394552887448386,0.05606663339159533,0.39394552887448386,0.7964089402623653,0.7652089237247367,,1,0.9971727016256966,-0.8578768067208361,0.39394552887448386,0.031882962071951286,136.999998,38931966.0,38931966.0,27.705009564257004,274.0659283292683,37526734.0,0.0,0.8461538461538461,65.0
0xd26dfb188693e4dccca82147417fecee61c46774,0.04321582659540956,0.07242918,0,29.982571,15,1767478943,-0.022799296176336692,-0.02291261038631447,-0.022799296176336692,-0.022799296176336692,-0.09111626297611693,0.0,-0.022799296176336692,0.0,0.0,0.17259052000000016,-0.01801385283651391,0.0,-0.013228409496691131,,,-1.654585525326763,2,0.9971727016256966,-0.8487199369860362,-0.022799296176336692,0.20514313911458348,1.0,77366.0,77366.0,0.05571751624007951,2.8655247692307695,-1311174.0,,0.375,8.0
0xa89a3c309a924402ebb2b33a43a51e35ed2378e2,0.04321192360850594,0.07240711,0,25.96,3,1767488247,-0.002024291500002077,-0.00236167341666909,-0.002024291500002077,-0.002024291500002077,-0.004090538348555648,0.06877312940970336,-0.002024291500002077,-0.030960113217076642,0.5,3.83,0.03028002702086438,-0.009493446550409975,0.06258434554173084,0.7846974638758057,0.763497480227812,0.04259999999999993,1,0.9971727016256966,-0.8533516593227959,-0.002024291500002077,0.1082947198794804,1.0,165848.0,165848.0,0.11864557132269409,2.92359628,-1231996.0,,0.13636363636363635,22.0
0x1e063920149ecaec6c818954a4efeecf90bf710f,0.043181250369779794,0.07223361,0,45.378687,3,1767561553,-0.3860723963145918,-0.3870845420645928,-0.3860723963145918,-0.3860723963145918,-0.6601142210821078,0.0,-0.3860723963145918,0.0,0.0,,-0.3860723963145918,0.0,-0.3860723963145918,,,-1.618547747048082,0,0.9971727016256966,,-0.3860723963145918,0.19242599322658754,19.999999,720.0,720.0,0.0004894130442171091,14.571427714285717,-1470430.0,0.0,0.0,7.0
0x23bc2e839c34e3bef7fb20c0905503168037b03d,0.043130387133469984,0.071945645,0,67.567566,2,1767563739,-0.3734817754588849,-0.3744939212088859,-0.3734817754588849,-0.3734817754588849,-0.5296143823998878,0.0,-0.3734817754588849,0.0,0.0,,-0.3734817754588849,0.0,-0.3734817754588849,,,-1.6233466690132015,0,0.9971727016256966,,-0.3734817754588849,0.325443790987711,17.4999995,5108.0,5108.0,0.0034669620507474194,16.24999925,-1468228.0,,0.0,4.0
0xdde7f1e4a512e483f822000ae246fd8f5a19ca8b,0.04309297047345397,0.0717336,0,19.169999999999998,5,1766133598,0.6450423961846237,0.6460545419346246,0.6450423961846237,0.6450423961846237,1.2456940175457736,-0.43879049131195147,0.6450423961846237,-0.4709917917225539,0.0,,0.6450423961846237,-0.45089745648783747,0.6450423961846237,-0.819722877858565,-0.830522877858565,,2,0.9971727016256966,-0.02362962391296625,0.6450423961846237,0.22036494733029527,4.999999,16762831.0,16762831.0,388.07341127445306,25.495441863157893,16719636.0,0.0,0.20689655172413793,58.0
0xf33127c103d03c4083686d70a71944be2846303a,0.04300339922376495,0.07122528,0,52.091497,11,1767552643,0.12104655591826702,0.12138001747573003,0.12104655591826702,0.12104655591826702,0.25383151652054436,0.06147639194336816,0.12104655591826702,0.02201660219658441,0.0,0.18816249899999984,0.12505229348726815,0.05551899466136402,0.12905803105626928,0.7321842284428993,0.6600841872236557,,1,0.9971727016256966,-0.8927941866433426,0.12104655591826702,0.31150755938391284,0.87736,2240913.0,2240913.0,1.5325206532443374,2.623836141242938,778673.0,,0.2608695652173913,23.0
0xbf7f70dc9ce2324b8d33d266605bd769e6190cad,0.04283357598142091,0.07025874,0,37.275,1,1767485031,0.4797570855004919,0.480769231250493,0.4797570855004919,0.4797570855004919,0.480769231250493,0.30964850144724776,0.4797570855004919,0.3025043955550124,0.0,,0.4797570855004919,0.3345043955550124,0.4797570855004919,1.226861238583908,1.201561238583908,,1,0.9971727016256966,-0.8513818604554302,0.4797570855004919,0.049903605484970144,4.999999,2581058.0,2581058.0,1.850714312347092,8.905794911764705,1186430.0,,0.25806451612903225,62.0
0x9b8bfb253899f13d35f38a05cab3622d6013713b,0.04283254115878905,0.070252836,0,84.143348,4,1767447509,0.5381535482860216,0.5391656940360227,0.5381535482860216,0.5381535482860216,1.037360760947981,0.4290094468069168,0.5381535482860216,0.371270900391071,0.0,,0.5381535482860216,0.37773050094328325,0.5381535482860216,1.6206091445105675,1.6295091344305659,,1,0.9971727016256966,-0.828399648670202,0.5381535482860216,0.015412834822450157,9.1956,28130686.0,28130686.0,20.72843683544248,12.693390207182318,26773580.0,,0.34838709677419355,154.0
0x9ae1ad6ba8987749553723c876903e227b8d8566,0.042742228720032555,0.06973732,0,1.51515,2,1767468595,-0.667004049250684,-0.6680161950006849,-0.667004049250684,-0.667004049250684,-0.9447175628548388,0.0,-0.667004049250684,0.0,0.0,,-0.667004049250684,0.0,-0.667004049250684,,,-1.20519472906856,0,0.9971727016256966,,-0.667004049250684,0.500000000000125,0.9999985,414.0,414.0,0.0003003935590977164,0.9999985,-1377778.0,,0.0,2.0
0xc5e6250906f3a43348374632092a64ee2cf22d79,0.0426388124172188,0.06914573,0,188.31656,7,1767462623,0.20586317967975848,0.206341317332059,0.20586317967975848,0.20586317967975848,0.5929637310772566,0.8782970343345995,0.20586317967975848,0.928208368380518,0.0,20.24129120133333,0.2570810218396658,0.966855497849405,0.3082988639995732,2.504731670396043,2.5005444161927124,,1,0.9971727016256966,-0.8376569683472432,0.20586317967975848,0.0,0.0,1486561.0,1486561.0,1.0833255600413927,0.0,114341.0,,,0.0
0x0ce57613f51aac67d712550ff3e8d03468246b6e,0.04261773057811591,0.069024965,0,44.210525000000004,2,1767471247,-0.47975707691532676,-0.48076922266532784,-0.47975707691532676,-0.47975707691532676,-0.6799103550648771,0.0,-0.47975707691532676,0.0,0.0,,-0.47975707691532676,0.0,-0.47975707691532676,,,-1.3830700521595904,0,0.9971727016256966,,-0.47975707691532676,0.3633401955494597,28.4999975,5884.0,5884.0,0.004261162013956682,26.999998500000004,-1374960.0,,0.0,4.0
0x297ccd5faf6d3e2b03bdbb16e1ef404d18d671f3,0.04253912157756273,0.06857415,0,332.6376,10,1767511973,0.0,4.158083837439121e-18,0.0,0.0,1.093269717460523e-09,-0.06534695465286876,0.0,-0.10249424936812107,0.0,-4.3102666666666645,-0.01332232722324248,-0.07563219740981487,-0.02664465444648496,0.4100353534015751,0.3810353646242298,,1,0.9971727016256966,-0.8678838259668,0.0,0.16580604999314297,4.8,44746.0,44746.0,0.03147646616065336,6.253077586206897,-1376824.0,,0.0,9.0
0x068ef66418dfc476e254c8b48573b42a131d0b4f,0.04252796903422035,0.06851013,0,3.882236,4,1767508777,-6.481441654486794e-05,0.0004220920922828037,-6.481441654486794e-05,-6.481441654486794e-05,0.010680247378050864,-0.05006876872056062,-6.481441654486794e-05,-0.13085206312071265,0.0,-0.055759087853810486,-0.005243874728003301,-0.10451099095970548,-0.010422935039461734,0.3810648805815912,0.3585648805815912,,1,0.9971727016256966,-0.8659262770923907,-6.481441654486794e-05,0.20975461200307677,0.999987,178670.0,178670.0,0.1259681861060623,0.9947765555555557,-1239704.0,,0.2,5.0
0xb64cea7069496208be06e563e955a34ad1f9c768,0.04249486142575687,0.06831998,0,47.609522,4,1766507817,9.129646852946028e-05,0.00015992063935986713,9.129646852946028e-05,9.129646852946028e-05,0.011308040088038592,-0.13452679605923049,9.129646852946028e-05,-0.09001776332733005,0.0,10.733800619752046,0.05713960436080645,-0.1210239635336067,0.11418791225308343,-0.4009997890759844,-0.33999978878798476,,1,0.9971727016256966,-0.25283862961778797,9.129646852946028e-05,0.45541517143438986,4.999999,782038.0,782038.0,1.873530835094175,13.893854157894737,364624.0,0.0,0.0625,16.0
0x987e76034c14f07a1d720ec73c293488e394990d,0.04245514718711544,0.06809169,0,132.0,4,1766123547,0.0,0.0,0.0,0.0,0.0,0.0,0.0,0.0,0.0,-1.3199999999999976,-0.00253036437500259,0.0,-0.00506072875000518,,,0.38896428503573105,1,0.9971727016256966,-0.06648499927112542,0.0,0.1888689261083002,134.805,214874.0,214874.0,6.483043688148684,212.80041176470587,181730.0,,0.21428571428571427,14.0
0x74e6c1260ac5448c00eb63e1f6894ecd090c99e8,0.042443623223591846,0.06802541,0,3.627659,2,1767525253,0.49599670524395556,0.4970088509939565,0.49599670524395556,0.49599670524395556,0.6837693335442843,0.46310141839326957,0.49599670524395556,0.588512178947906,0.0,,0.49599670524395556,0.6902912749988107,0.49599670524395556,1.3627978835029673,1.2679478957229762,,1,0.9971727016256966,-0.8760178212897528,0.49599670524395556,0.05123116684519169,10.8,16471730.0,16471730.0,11.479757465937206,39.07596801463415,15036880.0,,0.5346534653465347,91.0
0x9c65b20003964e28f02723e6677c1c4e470d845d,0.04236571550936732,0.06757687,0,10.0,2,1767462795,0.6224696362506382,0.6234817820006393,0.6224696362506382,0.6224696362506382,0.8817363919978496,1.4952939431635197,0.6224696362506382,1.3990502035405161,0.0,,0.6224696362506382,1.4732374577438465,0.6224696362506382,2.5547103710042984,2.550523116800968,,1,0.9971727016256966,-0.837762318286667,0.6224696362506382,0.006603700005258083,2.9733,79992986.0,79992986.0,58.2872721496482,5.882694491649966,78620594.0,,0.43159922928709055,504.0
0x69970eb0eecfecddb9fd2693a094bccc68472c17,0.0422845862085232,0.067108944,0,81.983605,3,1767495215,0.39384815446011656,0.39486030021011764,0.39384815446011656,0.39384815446011656,0.6384861335428403,0.15122852502546902,0.39384815446011656,-0.059029795442666996,0.0,,0.39384815446011656,0.020394437724949137,0.39384815446011656,0.8090739149028652,0.7650739149028651,,1,0.9971727016256966,-0.8576195568687548,0.39384815446011656,0.03307622195830902,114.999998,38934335.0,38934335.0,27.714978943801732,254.4136985287357,37529523.0,0.0,0.828125,64.0
0xaaa72038193cf0a9ce4bbd1b4ea4a530f9ccccc1,0.042213313375481114,0.06669716,0,8.157197,8,1767436075,1.2080248129069506e-07,-6.6267457191380816e-06,1.2080248129069506e-07,1.2080248129069506e-07,-0.0016048602303382826,0.060031526553048144,1.2080248129069506e-07,0.07016323260403864,0.0,0.033067915191318534,0.0022718492592478916,0.06942328049849109,0.0045435777160144925,1.3716686023380793,1.3805685922580777,-1.5246359163769134,2,0.9971727016256966,-0.8213963276971116,1.2080248129069506e-07,0.1667593379920511,1.0,486152.0,486152.0,0.36127080001664597,15.124433045454545,-859520.0,,0.13157894736842105,76.0
0x57e70e9a15a47b31fd89c1a9fe3d4d11401984e9,0.04218417273748558,0.0665286,0,6.426024999999999,7,1767338375,-0.0005425995370863764,-0.0005492640146781407,-0.0005425995370863764,-0.0005425995370863764,-0.02344823952757668,0.0,-0.0005425995370863764,0.0,0.0,-2.313324997567442,-0.11639098102759719,0.0,-0.232239362518108,,,-0.7374291217011248,2,0.9971727016256966,-0.8635853034384505,-0.0005425995370863764,,,,,,,,,,
0x295347a4c2c1c42d72a614eaf7055c646a462ed5,0.04215154745078601,0.06633976,0,20.0,2,1767434053,0.45951417050047116,0.46052631625047213,0.45951417050047116,0.45951417050047116,0.6512825622711388,0.04049079321743417,0.45951417050047116,0.22095782080708504,0.0,,0.45951417050047116,0.21755783088708663,0.45951417050047116,1.0769948605918631,1.0858948505118613,,1,0.9971727016256966,-0.8201578534092343,0.45951417050047116,0.0,0.0,17486292.0,17486292.0,13.014022997060247,0.0,16142642.0,,,0.0
0x8b064348c3f30260fc46cfe782d744e33786ffec,0.042058767138259755,0.06580196,0,3.40336,2,1767518467,0.28846155064613693,0.28947369639613796,0.28846155064613693,0.28846155064613693,0.4093776273936901,-0.08100245679544048,0.28846155064613693,-0.07831746628757898,0.0,,0.28846155064613693,-0.009817463936960768,0.28846155064613693,0.4392866127888322,0.40898660260832875,,1,0.9971727016256966,-0.8718613986796958,0.28846155064613693,0.10352474891743053,125.23499100000001,3046090.0,3046090.0,2.1330206489345014,428.4492081578948,1618026.0,0.0,0.5769230769230769,26.0
0x6d11c32423fecb32dfaa19fe73246dd2913f1b6d,0.04205013299940335,0.06575186,0,11.220882000000003,16,1767567729,0.02906750752657177,0.032835299468492916,0.028900025277402,0.02906750752657177,0.12528851148095121,-0.1777711379430125,0.02906750752657177,-0.1803825300382374,0.0,-0.06295679700275157,0.020880022735021927,-0.14005225384331504,0.013027502441811625,0.19753577928754112,0.13711079120204994,,1,0.9971727016256966,-0.9020343563302451,0.028900025277402,0.10222755113024198,1.099998,111356.0,111356.0,0.07537672795307197,0.9162610127388535,-1365970.0,,0.42105263157894735,19.0
0x77e577312c594b8a3b72c9e34d73c27bdb88ac0f,0.0419445025618868,0.06513807,0,21.739900000000002,5,1767705627,0.0008081233490433194,0.0011455052657103322,0.0008081233490433194,0.0008081233490433194,0.003334299495773706,-0.009813229206926798,0.0008081233490433194,-0.013032229206926798,1.0,-0.3537666562499997,-0.0004973103022437712,-0.004027354206926796,-0.0009946206044875424,-0.019336437854788387,-0.0940364378547884,0.029299999999999923,1,0.9971727016256966,-0.9867516326178113,0.0008081233490433194,0.12480642121155197,2.1550000000000002,154890.0,154890.0,0.09589382029984696,2.7797971666666665,-1460334.0,,0.4166666666666667,12.0
0x0c97325a81ad05c6b58ae30d12eaaec1b8451b68,0.041929169133160624,0.06504885,0,3455.3790380000005,11,1767440999,0.581849526030462,0.5986670908635812,0.581849526030462,0.5730349658307148,1.3004799100645823,1.5414185316630622,0.5978069194955216,1.1801131030389738,0.0,37.649904748999994,0.5904322799551918,1.2513124866807375,0.5990150338799215,4.107849232034118,4.116749221954116,,1,0.9971727016256966,-0.8244122759629413,0.581849526030462,0.0,0.0,47274820.0,47274820.0,35.00293203889246,0.0,45924224.0,0.0,,0.0
0xc6aa9611f3c830eaa9099fd0262edaf1bc6d04f5,0.041909527131850435,0.064934514,0,3.3222579999999997,2,1767514201,-0.30364352453667987,-0.3046556702866809,-0.30364352453667987,-0.30364352453667987,-0.43084818077329007,0.0,-0.30364352453667987,0.0,0.0,,-0.30364352453667987,0.0,-0.30364352453667987,,,-1.7959515722580293,0,0.9971727016256966,,-0.30364352453667987,0.1600000320000608,0.999999,3448.0,3448.0,0.0024216918411179116,1.4285705714285715,-1420350.0,,0.0,7.0
0xdc8d49e3317dab913726f10c75a6dff742c784bc,0.04185833370502215,0.064636275,0,9648.305747000002,80,1767448891,0.47321041429660354,0.4739590162019424,0.47321041429660354,0.47321041429660354,2.7155129725992904,1.2098336219496195,0.47321041429660354,1.1216926389018973,0.0,0.7216996361904775,0.4734229741375496,1.1423960209263486,0.4736355339784956,2.8560027888967214,2.8463911605209073,-0.9656621245530402,2,0.9971727016256966,-0.8292461231834791,0.47321041429660354,0.0,0.0,127255141.0,127255141.0,93.67410017607811,0.0,125896653.0,,,0.0
0xbb28c9fe405ba620041ef89390648e93f72674f4,0.041850451994767224,0.06459033,0,251.01999999999998,2,1766124661,0.0,0.0,0.0,0.0,0.0,-0.05068984766599019,0.0,0.03468984766599018,0.0,3.260000000000003,0.0012651821875012985,0.04068984766599018,0.002530364375002597,-0.7844172579878228,-0.7844172579878228,,1,0.9971727016256966,-0.018155714560464126,0.0,0.10147728232838409,176.49,213956.0,213956.0,6.245431723976881,230.883725,179698.0,,0.375,16.0
0x16aa35b344c64786da215a653baf2b12c2b15336,0.041764740869037545,0.064090125,0,4.1999960000000005,4,1767493491,-0.2799622738893107,-0.2809744196393117,-0.2799622738893107,-0.2799622738893107,-0.5827606478354331,0.0,-0.2799622738893107,0.0,0.0,,-0.2799622738893107,0.0,-0.2799622738893107,,,-1.6512515433192976,0,0.9971727016256966,,-0.2799622738893107,0.27777779629632865,1.4999985,6108.0,6108.0,0.004353255105880743,1.49999875,-1396980.0,,0.0,4.0
0xcfbd688c31cd75b58a19af09e8b2ff31264c17c9,0.04175028628717594,0.06400567,0,1856.0,8,1766123567,0.0,0.0,0.0,0.0,0.0,0.0,0.0,0.0,0.0,-6.18666666666667,-0.0025303643750025965,0.0,-0.005060728750005193,,,0.38896428503573094,1,0.9971727016256966,-0.06649724926408167,0.0,0.10224615493349834,159.64,205828.0,205828.0,6.206368351224219,189.25754347826086,172664.0,,0.4117647058823529,17.0
0xe762cff9f9de55dbff51657c457650b729d67346,0.0416013093470174,0.06313363,0,39.999998,2,1767594979,0.34311741392646544,0.34412955967646647,0.34311741392646544,0.34311741392646544,0.48667269050794026,0.5591175607661857,0.34311741392646544,0.2698390563003902,0.0,,0.34311741392646544,0.35483905722439024,0.34311741392646544,0.6229426762396534,0.5682426739289804,,1,0.9971727016256966,-0.9187249717331413,0.34311741392646544,0.051483284129984215,19.999999,14524068.0,14524068.0,9.65326311199966,37.13701768243243,13019492.0,,0.35353535353535354,99.0
0x16176cfb3b8ca348b9e0c8e158524cedd9c8ec98,0.04156643373244361,0.06292905,0,49.41726,2,1766962755,0.6426897489770137,0.6434467451477758,0.6426897489770137,0.6426897489770137,0.7440245998522655,-0.1345893878733786,0.6426897489770137,-0.06467275199067692,0.0,3.0762600000000013,0.6452093510719983,-0.06729462031462329,0.647728953166983,-1.0130000000000008,-1.0100000000000007,,1,0.9971727016256966,-0.5314879943944032,0.6426897489770137,0.009052124839563209,21.9,2277957.0,2277957.0,2.611281913722901,40.94690568571429,1405605.0,,0.2949640287769784,278.0
0x0f06571ae912dd5f619872c096f9b7601c7cadd9,0.04145634757107555,0.062282212,0,193.16282,7,1767488399,0.0,5.7443928214221445e-18,0.0,0.0,1.5737958395260703e-09,0.0,0.0,0.0,0.0,-2.8157840000000034,-0.008906199401627894,0.0,-0.01781239880325579,,,-1.4433213156733924,1,0.9971727016256966,-0.854960083397952,0.0,0.21576442538088822,9.999999,42090.0,42090.0,0.030107382281494368,48.15866146153846,-1355906.0,,0.16666666666666666,18.0
0xaba769c25074421233df52d9a0da018332be8ff1,0.04133864290390339,0.06158879,0,3.05,1,1767557691,0.3937246967504037,0.3947368425004048,0.3937246967504037,0.3937246967504037,0.3947368425004048,0.25274789098583134,0.3937246967504037,0.16549031594896677,0.0,,0.3937246967504037,0.21888432554233858,0.3937246967504037,0.8533972790190938,0.759497480227812,,1,0.9971727016256966,-0.8958860848655013,0.3937246967504037,0.009150017779320823,1.999999,7972239.0,7972239.0,5.433315749873236,18.678340033374536,6504951.0,,0.5861486486486487,572.0
0xacc4b4a2f1732f22be893802792dee0bf13dcf86,0.04132961293167598,0.061535515,0,1.2804,4,1767701047,0.0013755783521336167,0.0017129602688006295,0.0013755783521336167,0.0013755783521336167,0.0029669342169095316,-0.023327936266709,0.0013755783521336167,-0.030761271589379486,1.0,-0.03657000000000003,-7.783280780035744e-05,-0.008527938256046154,-0.0001556656156007149,-0.016283814768138456,-0.09228381476813846,0.04879999999999997,1,0.9971727016256966,-0.984054184168844,0.0013755783521336167,0.1146640055856382,13.52676,69936.0,69936.0,0.04342114086042602,13.724660319999998,-1540708.0,,0.23076923076923078,13.0
0x149dee5d2b1386b7af2bb72c9b380547b16c8d63,0.04124273864942193,0.0610224,0,906.816445,6,1767617599,-0.01035346075705848,-0.011365606507059521,-0.01035346075705848,-0.01035346075705848,-0.0685753395160084,0.0,-0.01035346075705848,0.0,0.9672771825394058,,-0.01035346075705848,0.0,-0.01035346075705848,,,0.021600002881759874,0,0.9971727016256966,,-0.01035346075705848,0.0,0.0,872.0,872.0,0.0005709810659535515,0.0,-1526324.0,0.0,,0.0
0x1890e70b8fbcad771e7b4ec5c6586888076a2969,0.04123461445077273,0.060974363,0,17.152657,3,1767469943,-0.5890688246713529,-0.590080970421354,-0.5890688246713529,-0.5890688246713529,-0.868289902874317,0.0,-0.5890688246713529,0.0,0.0,,-0.5890688246713529,0.0,-0.5890688246713529,,,-1.2785099740214405,0,0.9971727016256966,,-0.5890688246713529,1.0,9.999999,7200.0,7200.0,0.005219131014686055,9.999999,-1372340.0,,0.0,1.0
0x5e8b2e8608c9c5ec09b1e9c9123709527ea5ba9f,0.04120425000497727,0.06079474,0,5.0,2,1767429351,-0.7570850210007763,-0.7580971667507773,-0.7570850210007763,-0.7570850210007763,-1.072111294815567,0.0,-0.7570850210007763,0.0,0.0,,-0.7570850210007763,0.0,-0.7570850210007763,,,-0.7310986399917232,0,0.9971727016256966,,-0.7570850210007763,,,,,,,,,,
0xdfd67b99b6a4697c331b13383a3274e25c4e4fa5,0.04120425000497727,0.06079474,0,5.0,2,1767519643,-0.39979757125041,-0.40080971700041096,-0.39979757125041,-0.39979757125041,-0.5668305377129033,0.0,-0.39979757125041,0.0,0.0,,-0.39979757125041,0.0,-0.39979757125041,,,-1.5937914257239434,0,0.9971727016256966,,-0.39979757125041,,,,,,,,,,
0x9e590ab09efc0848e7a11141b895469175499770,0.04119417565717788,0.060735118,0,29.197079,2,1767467603,-0.6923076890141207,-0.6933198347641217,-0.6923076890141207,-0.6923076890141207,-0.9805023133856943,0.0,-0.6923076890141207,0.0,0.0,,-0.6923076890141207,0.0,-0.6923076890141207,,,-1.2053971670273935,0,0.9971727016256966,,-0.6923076890141207,0.3646237757493612,4.999998,6906.0,6906.0,0.005014522218995062,7.397998799999999,-1370294.0,,0.0,4.0
0x3d62602393b18f79038921f61fdf5b132d738b08,0.04117096611025276,0.060597703,0,26.4,1,1767585361,-0.26619433225027295,-0.26720647800027403,-0.26619433225027295,-0.26619433225027295,-0.26720647800027403,0.0,-0.26619433225027295,0.0,0.0,,-0.26619433225027295,0.0,-0.26619433225027295,,,-1.9100752115685116,0,0.9971727016256966,,-0.26619433225027295,0.3396638493168861,30.0,99332.0,99332.0,0.06644467603772146,136.1454638,-1395626.0,,0.0,7.0
0x7c71d9856eed70dbf449815b0b0da372f1495cdb,0.04114907113167311,0.060468003,0,2.0,2,1767722017,0.0,-0.0010121457500010388,0.0,0.0,-0.001431390246749757,0.0,0.0,0.0,1.0,,0.0,0.0,0.0,,,0.002400000000000002,0,0.9971727016256966,,0.0,0.37122743303448286,8.999999,267076.0,267076.0,0.16368822527877305,15.25756309090909,-1364538.0,0.0,0.2222222222222222,9.0
0xca5de445af10ff913214427b64f58476f2e167e9,0.041137519383184974,0.060399547,0,6.493504,2,1766291051,-0.7783400692811576,-0.7793522150311587,-0.7783400692811576,-0.7783400692811576,-1.1021704723625774,0.0,-0.7783400692811576,0.0,0.0,,-0.7783400692811576,0.0,-0.7783400692811576,,,0.06200034702189571,0,0.9971727016256966,,-0.7783400692811576,0.2500000000000326,4.999997499999999,1626.0,1626.0,0.008103743869861648,4.9999975,-199022.0,,0.0,4.0
0xf21d9230697323d83b41b2d11ddb65e6d3e2cbcd,0.04102242322895799,0.059716478,0,19.800535999999997,3,1767486389,0.45737484070041823,0.45838698645041914,0.45737484070041823,0.45737484070041823,0.7384241018688996,0.23612247964450064,0.45737484070041823,0.041966383901544724,0.0,,0.45737484070041823,0.07566638992916921,0.45737484070041823,1.0884810986263316,1.0684810986263316,,1,0.9971727016256966,-0.8522136349771599,0.45737484070041823,0.15625004375033755,4.999999,22385068.0,22385068.0,16.03530980969723,5.714281142857144,20989082.0,,0.7142857142857143,7.0
0x26dd67e0f5ff20c7a0300b1ec96ae523e62752a6,0.04101613749203545,0.05967912,0,295.03999999999996,6,1767557573,0.0,3.371122547782949e-18,0.0,0.0,9.235891077030931e-10,0.0,0.0,0.0,0.0,-11.03081,-0.018607979100948246,0.0,-0.03721595820189649,,,-1.5711859830089792,1,0.9971727016256966,-0.9051813795207068,0.0,0.22581616760175965,3.0,242252.0,242252.0,0.1651151536631747,11.673011176470588,-1224918.0,,0.2,5.0
0xb0ba5c67366b081a92558daa05ead0b7cc78b3f9,0.04096286237437669,0.059362277,0,527.497579,15,1767484529,0.4313723303787419,0.43238447612874287,0.4313723303787419,0.4313723303787419,1.5444641557777756,0.18823607334820075,0.4313723303787419,0.07580221894895627,0.0,,0.4313723303787419,0.10788315902284695,0.4313723303787419,1.0581621200546212,1.0354926101940714,,2,0.9971727016256966,-0.8510743856322283,0.4313723303787419,0.040227502820448784,39.6,33626082.0,33626082.0,24.119829914943125,96.48840298956159,32231956.0,0.0,0.5365853658536586,82.0
0xc580ec3064c6f8ec4253bbaa6951785c1870bcd9,0.040862726904099485,0.058765672,0,125.0,2,1767700637,-0.007085020250007271,-0.00809716600000831,-0.007085020250007271,-0.007085020250007271,-0.011451121973998057,0.0,-0.007085020250007271,0.0,1.0,,-0.007085020250007271,0.0,-0.007085020250007271,,,0.032199999999999965,0,0.9971727016256966,,-0.007085020250007271,0.4099552991589876,2.0,228020.0,228020.0,0.14160674783913393,7.389883625,-1382214.0,0.0,0.3333333333333333,6.0
0x4b8c617a2b55ea6dc570f551858d2957f3e426fd,0.04082587879175591,0.05854578,0,315.70000000000005,2,1766124661,0.0,0.0,0.0,0.0,0.0,-0.05068984766599018,0.0,0.03468984766599018,0.0,4.100000000000003,0.0012651821875012985,0.04068984766599018,0.002530364375002597,-0.7844172579878228,-0.7844172579878228,,1,0.9971727016256966,-0.018155714560464126,0.0,0.11305519360440397,173.47,214184.0,214184.0,6.252087103742191,234.78319565217387,179926.0,,0.14285714285714285,21.0
0x98280008676100afc849a8e3d70e0090f0b99ca5,0.04069433682435729,0.057759244,0,81.967212,2,1767494679,0.39372470070182075,0.3947368464518218,0.39372470070182075,0.39372470070182075,0.5582422018205523,0.16139136140468258,0.39372470070182075,-0.06349481773999778,0.0,,0.39372470070182075,0.017105183040802205,0.39372470070182075,0.8014974966509484,0.7634974966509483,,1,0.9971727016256966,-0.8572912570575272,0.39372470070182075,0.03247809368113454,141.297119,48965062.0,48965062.0,34.86854578444693,316.97680453488374,47560786.0,0.0,0.8484848484848485,66.0
0x5026217426511ec8018f8db7901527c3f4fefa96,0.04062544876567238,0.057346366,0,25.999998,2,1767569567,-0.32186233235660483,-0.32287447810660586,-0.32186233235660483,-0.32186233235660483,-0.45661346588249685,0.0,-0.32186233235660483,0.0,0.0,,-0.32186233235660483,0.0,-0.32186233235660483,,,-1.7364853502791324,0,0.9971727016256966,,-0.32186233235660483,0.29134403504374234,12.999999,32258.0,32258.0,0.02180826466842081,16.428406285714285,-1446906.0,,0.0,5.0
0x11179dcb0314f28ab6f8dfc2cc67f76d9c672922,0.040608281921993686,0.057243373,0,32.659408,2,1767557051,0.3603238976612528,0.36133604341125386,0.3603238976612528,0.3603238976612528,0.5110063331664287,0.16199984840891904,0.3603238976612528,0.14334444039618371,0.0,,0.3603238976612528,0.2087444403983788,0.3603238976612528,0.6997521192910199,0.6301521125878291,,1,0.9971727016256966,-0.8954940850909011,0.3603238976612528,0.044916099984764105,10.9999985,7435059.0,7435059.0,5.069422929019097,13.31119948275862,5968411.0,,0.30434782608695654,46.0
0xf1913fc3b07d69dc32980a70074324fef106a826,0.040579893368769236,0.057072964,0,7.2674389999999995,2,1767612037,0.3147773327070047,0.3157894784570057,0.3147773327070047,0.3147773327070047,0.44659376328862377,0.4777764585006231,0.3147773327070047,0.1479849822463003,0.0,,0.3147773327070047,0.2109849822463003,0.3147773327070047,0.5386764585006231,0.47917645850062307,,1,0.9971727016256966,-0.9291729907255303,0.3147773327070047,0.03538750461351391,9.999999,20921690.0,20921690.0,13.749489036128267,14.97292553846154,19400056.0,,0.4563106796116505,102.0
0x54f2fab01471b41048433cebedc23239803d55d9,0.04049993941730478,0.056592405,0,212.94,2,1766124917,0.0,0.0,0.0,0.0,0.0,-0.07008775146349511,0.0,0.012029250487831702,0.0,0.0,0.0,0.022029250487831702,0.0,-0.7971115185376042,-0.7971115185376042,,1,0.9971727016256966,-0.01831251447030418,0.0,0.09564218878606623,158.7,227386.0,227386.0,6.588225068088312,225.58679166666664,192872.0,,0.11764705882352941,17.0
0x8b848fcd84a1dfb6d056ea135f39bb3f95b85061,0.04046070789699772,0.056356274,0,0.8639999999999999,3,1766369796,0.27294197058361314,0.27327935250028024,0.27294197058361314,0.27294197058361314,0.47333372319001027,0.019000000000000145,0.27294197058361314,0.05633333333333338,0.0,0.004799999999999951,0.27378542537528067,0.05300000000000005,0.2746288801669482,-0.08100000000000007,-0.07100000000000006,0.03395084971874721,1,0.9971727016256966,-0.17028286458735287,0.27294197058361314,0.017869829474623594,40.0,5427435.0,5427435.0,19.42580880694935,50.12324862875711,5148042.0,,0.4439461883408072,223.0
0xc851cd9bee7d262afd78674f861f9f576a12cd2a,0.04044085350093942,0.056236688,0,33628.398415999996,74,1767525709,0.2828469182469737,0.28385906399697464,0.2828469182469737,0.2828469182469737,1.839739392834063,0.2933676319517631,0.2828469182469737,0.20757035393034204,0.0,,0.1422800769649408,0.27952535102260434,0.1422800769649408,0.635569150451624,0.5519245220994339,,3,0.9971727016256966,-0.8762971211291554,0.2828469182469737,0.0,0.0,21522872.0,21522872.0,14.9953194649782,0.0,20087566.0,,,0.0
0xb30f2f3cf67478cdbbf43fa3ed1a1992d95efd40,0.0404231284420931,0.05612988,0,242.78604000000004,44,1767566971,0.011457713081479116,0.011541960971784108,0.011457713081479116,0.011457713081479116,0.05649388391754886,0.03360114051476115,0.011457713081479116,-0.04074925449705018,0.0,0.013135000000000003,0.011593436226101695,-0.024932839447314982,0.011729159370724274,0.3353668929517257,0.26877598386081664,-1.7396999999999998,2,0.9971727016256966,-0.9015700815972031,0.011457713081479116,0.1491121731689025,2.925,17412.0,17412.0,0.011792210043831372,5.285542785714286,-1459156.0,,0.1111111111111111,9.0
0xe08a21a73be391374131fe323df9d01c9c054618,0.04035048170428488,0.055691656,0,798.4,4,1767697297,-0.0016869095833350646,-0.0020242915000020776,-0.0016869095833350646,-0.0016869095833350646,-0.004924139912071259,-0.021477476547415084,-0.0016869095833350646,-0.03166063652603388,0.005999999999999999,-0.7999999999999563,-0.0018556005416685618,-0.011893969859367217,-0.002024291500002059,-0.021481909578101647,-0.09498190957810165,0.050899999999999945,1,0.9971727016256966,-0.9813947106980413,-0.0016869095833350646,0.1071854215798932,155.53818,1285456.0,1285456.0,0.79996315873978,198.72307209649122,-321438.0,0.0,0.7777777777777778,18.0
0x8469a01e1da7f0640fe830a6cb758d604ffbebcf,0.040314514426186714,0.05547441,0,21.393493,4,1767464937,-8.033427374265268e-05,-0.0001250435932656432,-8.033427374265268e-05,-8.033427374265268e-05,-0.009425856067518931,0.0,-8.033427374265268e-05,0.0,0.0,-6.422239874044341,-0.05713000802675429,0.0,-0.11417968177976592,,,-1.1839237299095282,1,0.9971727016256966,-0.9365327864936478,-8.033427374265268e-05,0.1911280818383781,3.1666600000000003,150506.0,150506.0,0.10949601828692487,6.686753923076923,-1224028.0,,0.05555555555555555,18.0
0x5fa10859f827d16fb3dd798b712be30525812be3,0.04030730074090436,0.05543082,0,16.709088,4,1767485243,-0.5556679925207436,-0.5566801382707446,-0.5556679925207436,-0.5556679925207436,-1.1133007813957223,0.0,-0.5556679925207436,0.0,0.0,,-0.5556679925207436,0.0,-0.5556679925207436,,,-1.3201481692595043,0,0.9971727016256966,,-0.5556679925207436,0.40350049470590166,2.824999,96846.0,96846.0,0.06943161939720685,17.811998250000002,-1297994.0,,0.5833333333333334,12.0
0xe2daacf7238349851019238517c98d2f722174e3,0.04022446910172375,0.05492972,0,27.541800000000002,5,1767427257,0.23852901508357793,0.23886639700024498,0.23852901508357793,0.23852901508357793,0.41372873979865415,0.6562701712387213,0.23852901508357793,0.8308315833376465,0.0,5.354279999999999,0.2619770582919353,0.8296982533643138,0.28542510150029266,4.454592462411873,4.463492452331871,-0.517991457027839,1,0.9971727016256966,-0.8195882287367685,0.23852901508357793,0.0,0.0,10858910.0,10858910.0,8.122734419764612,0.0,9522056.0,,,0.0
0x4c80a219bbdd28dfb0234dd37056cdbf2daf9b99,0.04021380073249393,0.054865107,0,132.059843,7,1767505551,-0.37391060811851773,-0.3749227538685187,-0.37391060811851773,-0.37391060811851773,-0.8604161877120057,0.0,-0.37391060811851773,0.0,0.0,,-0.37391060811851773,0.0,-0.37391060811851773,,,-1.713343066035519,0,0.9971727016256966,,-0.37391060811851773,0.6296296691358064,4.999999,29012.0,29012.0,0.020501035934050713,14.999999,-1386136.0,,0.0,3.0
0x5a484e2a29e34da33316983682c9807e03e5d2c7,0.04017159918769274,0.05460936,0,9.801590000000001,4,1767475901,2.9414763044937443e-05,-0.00032712676854658316,2.9414763044937443e-05,2.9414763044937443e-05,-0.011023323284604149,0.0,2.9414763044937443e-05,0.0,0.0,0.17952052906732427,0.004200851440950856,0.0,0.008372288118856775,,,-1.5684978636702935,1,0.9971727016256966,-0.8786883197542161,2.9414763044937443e-05,0.10646080744873088,4.999999,19936.0,19936.0,0.014389050002237462,4.382872454545455,-1365562.0,0.0,0.0,11.0
0xfed8da7b7510df22ea3a66148513134430a553e8,0.040157569077282844,0.054524276,0,5.347592,2,1767506693,-0.37753028752769213,-0.37854243327769316,-0.37753028752769213,-0.37753028752769213,-0.5353398430750262,0.0,-0.37753028752769213,0.0,0.0,,-0.37753028752769213,0.0,-0.37753028752769213,,,-1.5942028680927964,0,0.9971727016256966,,-0.37753028752769213,0.5555554814814816,1.4999995,16206.0,16206.0,0.011442571789675842,1.4999995,-1400084.0,,0.0,2.0
0x04b4f55bea2478a02af3fb239cb7fca50f4a8d0b,0.04007965328065671,0.054051258,0,960.5032379999999,35,1767555577,0.0004893304879131838,0.0007609053134518093,0.0004893304879131838,0.0004893304879131838,0.00546517123043058,-0.01857893085273488,0.0004893304879131838,-0.017257461630184392,0.0,27.94800087333194,0.023635917129881768,0.02322944746012619,0.04727183425976354,0.25773891222574524,0.1808592534927891,,2,0.9971727016256966,-0.8945912606100251,0.0004893304879131838,0.0,0.0,785906.0,785906.0,0.5363908996474139,0.0,-679268.0,0.0,,0.0
0x5f9f30522cfd9b6094fe8294ade1a6646cd3c934,0.040044190530050344,0.053835675,0,38.477038,6,1767526933,0.3271988000323757,0.3282109457823768,0.3271988000323757,0.3271988000323757,0.7882035454253029,0.19477512388453552,0.3271988000323757,0.0517045938109274,0.0,,0.3271988000323757,0.12944204410725288,0.3271988000323757,0.646409918071022,0.5660254753509081,,2,0.9971727016256966,-0.877046820698078,0.3271988000323757,0.004902830008971475,2.999999,3510518.0,3510518.0,2.443748477233333,3.7140178588133397,2073988.0,0.0,0.527027027027027,468.0
0xf1ef8705e9f63c790c6fffd6329aea7011718cd6,0.03997799799656203,0.053432792,0,1479.9906059999998,3,1767674831,0.2621457487239497,0.2631578944739507,0.2621457487239497,0.2621457487239497,0.4446585622175019,0.351326324777835,0.2621457487239497,0.3350667343056244,0.0,,0.2621457487239497,0.4188667342016238,0.2621457487239497,0.40676673367209576,0.33506673367209583,,1,0.9971727016256966,-0.9676342936102812,0.2621457487239497,0.0,0.0,10707065.0,10707065.0,6.757684792240481,0.0,9122637.0,,,0.0
0xec1b593845c8fee6bb7adc98f362a56d8830aed9,0.03994337427066856,0.0532218,0,66.85455900000001,6,1767422779,-7.673801986978255e-07,1.8318107968915814e-05,-7.673801986978255e-07,-7.673801986978255e-07,0.0037040572883408176,1.1706615942051877,-7.673801986978255e-07,0.8153228691246397,0.0,-4.58199606,-0.010059622175886329,0.8131228163719365,-0.02011847697157396,4.496972915652692,4.506872913546692,,1,0.9971727016256966,-0.8132525323797939,-7.673801986978255e-07,0.3240630733468628,18.909999,1684898.0,1684898.0,1.2645814694950974,40.712272666666664,352522.0,0.0,0.2,5.0
0xd31cc5d6e12130f2a03d3def1acb4e52fe127424,0.0399403386232184,0.053203292,0,268.96606,3,1767498927,0.4158679218695527,0.4168800676195537,0.4158679218695527,0.4158679218695527,0.6999873159955702,0.34382426909243774,0.4158679218695527,0.17868498672483046,0.0,,0.4158679218695527,0.26243605695955596,0.4158679218695527,0.9223302218811557,0.8638635784849032,,2,0.9971727016256966,-0.8598931555614355,0.4158679218695527,0.0,0.0,41423070.0,41423070.0,29.408849263484328,0.0,40014546.0,0.0,,0.0
0x240df23b3ab64117bcb7e0eab093071feec4a928,0.0399281176135676,0.05312877,0,147.64252399999998,3,1767483909,0.3542510130213722,0.35526315877137327,0.3542510130213722,0.3542510130213722,0.5760037396031557,-0.03794833370003177,0.3542510130213722,-0.03968625001601891,0.0,,0.3542510130213722,-0.0161862496221439,0.3542510130213722,0.6315235707146263,0.6125235707146263,,1,0.9971727016256966,-0.8506946358505844,0.3542510130213722,0.034858215408221836,91.37155,1329589.0,1329589.0,0.9541322391148657,73.00867854347827,-63917.0,,0.3157894736842105,38.0
0x943bc4933e560a8a70e79578696275c020d61225,0.03990758810868874,0.05300354,0,5.102037,2,1767663349,0.21761133783726883,0.21862348358726988,0.21761133783726883,0.21761133783726883,0.3091802955423688,0.23991651980618384,0.21761133783726883,0.22377327050887796,0.0,,0.21761133783726883,0.3109732684716738,0.21761133783726883,0.29961651980618387,0.2324165221569883,,1,0.9971727016256966,-0.9606015726540957,0.21761133783726883,0.028017369630235427,9.999996,4169166.0,4169166.0,2.6505461725958805,10.853866189655172,2596220.0,,0.4716981132075472,53.0
0xb09fb2408a5efc16d9ff29e7b0e1b705e8f18ede,0.03988848876604885,0.052886974,0,5.743175,4,1767507647,0.00017628108943553453,-0.00041821112388721547,0.00017628108943553453,0.00017628108943553453,-0.012066976098479032,0.0,0.00017628108943553453,0.0,0.0,0.4205003990402394,0.01849940508094225,0.0,0.03682252907244896,,,-1.6538297912085518,1,0.9971727016256966,-0.8753305966849069,0.00017628108943553453,0.06292811385891121,0.999999,50964.0,50964.0,0.03595993350474583,1.0289201499999998,-1366280.0,,0.1111111111111111,18.0
0x302aa57f26461d47a60a563ce03980686b38519e,0.039854045439999986,0.05267663,0,1016.568371,31,1767486461,-1.2090441996564413e-06,1.4935252113818717e-06,-1.2090441996564413e-06,-1.2090441996564413e-06,0.0005909269519671435,0.09934802767475831,-1.2090441996564413e-06,0.025817803027094195,0.0,-1.6848062445893897,-0.0038533952257815965,0.057529078346270815,-0.0077055814073635365,0.7528276003846693,0.7110061714230052,,2,0.9971727016256966,-0.8522577349518023,-1.2090441996564413e-06,0.07144486217439627,13.8077975,326292.0,326292.0,0.2337238137670498,24.836051925675672,-1069766.0,,0.47368421052631576,38.0
0x20322d5ab3ce70a98ef4c484c62a94147217d577,0.039853510080699914,0.05267336,0,1472.262765,21,1767504451,0.20490796562248473,0.20562355173889033,0.20490796562248473,0.20490796562248473,0.8122618823260082,0.173720783831476,0.20490796562248473,0.044225215727619074,0.0,-3.307860242666672,0.20390707678567435,0.09691173270654063,0.20290618794886395,0.3966517973163507,0.33878263355422844,-1.573533913696349,3,0.9971727016256966,-0.8717915737198451,0.20490796562248473,0.029345000971191297,36.57,40717751.0,40717751.0,28.795168905157393,171.91031773805855,39303703.0,,0.5899581589958159,214.0
0xa72aa09e0377b68615e00b6dd1db0c3edb0193fd,0.03984718324127176,0.0526347,0,152.66,4,1767450085,0.08748313099175636,0.08782051290842337,0.08748313099175636,0.08748313099175636,0.1521095903041477,0.11036674384198411,0.08748313099175636,0.0034795969681458106,0.0,-20.485000000000003,0.05292678817713759,0.02611293030147914,0.01837044536251882,0.39401583083909836,0.3358158409468569,-0.7491463919852551,1,0.9971727016256966,-0.9237952438177348,0.08748313099175636,0.20527454744190213,45.716,1492489.0,1492489.0,1.0976750446060182,82.92950866666666,132807.0,,0.0,16.0
0x4a82a2e16734dbdddf7166ffd052eac4d092c113,0.03982347880964781,0.052489813,0,21254.542699999987,249,1767502859,-0.35431415377316194,-0.35524982481212547,-0.35431415377316194,-0.35431415377316194,-4.02492311085763,-0.007041349679041334,-0.35431415377316194,-0.01047311627814698,0.0,-4.226505054713803,-0.3547323575888286,-0.008652673338762101,-0.35515056140449525,0.3804552258721065,0.3533552258721065,-1.595675691863805,1,0.9971727016256966,-0.8623015041766351,-0.35431415377316194,0.2920204055471398,154.72069,1305183.0,1305183.0,0.9240521474651245,399.4965072333333,-107273.0,,0.25,8.0
0xac24bb00fc0030d25f94be095cd8c0322fbf99c2,0.03979274225304518,0.05230182,0,4.663038,4,1767469221,0.00010463560014499364,0.00037448503377367275,0.00010463560014499364,0.00010463560014499364,0.014359465411948569,0.4361026459074449,0.00010463560014499364,0.40490167297069685,0.0,0.3328803355432629,0.01932234478477487,0.4189498385421506,0.03854005396940474,1.726408422613807,1.7218084226138068,,1,0.9971727016256966,-0.8416982410235114,0.00010463560014499364,0.016361920384327096,0.999999,1045016.0,1045016.0,0.757907134951821,1.6394723154761905,-333802.0,,0.46825396825396826,126.0
0xeeb1ede6052eef8c829b8e30309441fba3febf68,0.0397332123156128,0.051937323,0,362.648,5,1767436033,0.23768498674265204,0.23802236865931908,0.23768498674265204,0.23768498674265204,0.6932801858011779,0.6009440184575733,0.23768498674265204,0.6481673687883405,0.0,31.099659999999997,0.25080056536576756,0.6830339254816742,0.2639161439888831,4.349516510219131,4.358416500139129,-0.2806101022969291,1,0.9971727016256966,-0.8238193763038586,0.23768498674265204,0.02034950858187977,6.9999994999999995,152041310.0,152041310.0,112.98894198256579,63.36665695128206,150695680.0,,0.4,254.0
0xd9a4c0f839ab56212a53681e7f615f4f39b4dc37,0.039728833872343376,0.051910494,0,13.999996,2,1767449335,-0.8188258016582838,-0.8198379474082849,-0.8188258016582838,-0.8188258016582838,-1.159425944172917,0.0,-0.8188258016582838,0.0,0.0,,-0.8188258016582838,0.0,-0.8188258016582838,,,-0.7318689657205112,0,0.9971727016256966,,-0.8188258016582838,0.13187035206347777,4.999999,1954.0,1954.0,0.0014378938754845718,5.274998875,-1356978.0,,0.0,8.0
0xc3bd1b94194a6bec32122253652dc44c8e122bf8,0.03970713877072397,0.05177751,0,12.684586,6,1767642563,-1.5176045495677265e-05,0.00021752459249193282,-1.5176045495677265e-05,-1.5176045495677265e-05,0.006880104309976663,0.11519812364088287,-1.5176045495677265e-05,-0.09968865234323097,0.0,-0.0798559908198978,-0.0020378490932977827,-0.06340241680696494,-0.004060522141099888,0.29266886756596344,0.22846886756596346,,1,0.9971727016256966,-0.9478701549746609,-1.5176045495677265e-05,0.7827321444245372,1.909999,1269767.0,1269767.0,0.8180645036594165,1.9129400588235295,-282393.0,0.0,0.0,3.0
0xb365f19a39e95c0d954a48f1f1b234d26ae33fe3,0.03959877958419348,0.05111227,0,200.42243900000003,11,1767421275,4.282793279480847e-07,6.5640362303879865e-06,4.2827932794808516e-07,4.282793279480847e-07,0.0022337109910311737,1.3527931152164048,4.282793279480847e-07,1.1707115313451613,0.0,3.3037492524000003,0.006891434298547281,1.1685115134000492,0.013782440317766613,6.054304063725906,6.065704061619907,,1,0.9971727016256966,-0.8123313329094836,4.282793279480847e-07,0.3234242876080993,10.189999,45391595.0,45391595.0,34.10665713907874,13.434527999999998,44060723.0,0.0,0.2,5.0
0x4d9c9f146f441c95e894664ff3b9570f800156fa,0.039596694362774784,0.051099453,0,60.0,1,1767520149,0.40384615425041415,0.40485830000041517,0.40384615425041415,0.40384615425041415,0.4048583000004152,0.15716574145596757,0.40384615425041415,0.1007676764337369,0.0,,0.40384615425041415,0.18006767643373692,0.40384615425041415,0.8509113084093107,0.8065113084093107,,1,0.9971727016256966,-0.8728916230873167,0.40384615425041415,0.04307042755269189,11.698799999999999,4937154.0,4937154.0,3.4531686047731553,48.34471916412213,3507408.0,,0.5608108108108109,148.0
0x510d2aa6e34264ace7f550d802d063f2b4bbe87f,0.03957975349381634,0.050995287,0,69.92172500000001,16,1767558903,-8.636583548872859e-06,2.924924797183517e-05,-8.636583548872859e-06,-8.636583548872859e-06,0.0027421788034429698,0.023214671257938847,-8.636583548872859e-06,-0.00030708839656140574,0.0,-0.17378635556170102,-0.002954651808147268,0.029775641574645642,-0.005900667032745663,0.6121946008623051,0.5372196039539965,,1,0.9971727016256966,-0.8966284344386501,-8.636583548872859e-06,0.04222070967565675,1.009999,170922.0,170922.0,0.11639223697650664,2.338093648023863,-1297578.0,,0.3116883116883117,77.0
0xfa323e40632edca701abc6c8cf1f82175909bd9a,0.03948376213661547,0.050404243,0,1964.990411,7,1767593787,0.3481781377118941,0.3491902834618951,0.3481781377118941,0.3481781377118941,0.8312388465254967,0.5843063519797836,0.3481781377118941,0.09450223214309476,0.0,,0.3481781377118941,0.1716024146039236,0.3481781377118941,0.6509993966883556,0.5862565388254547,,1,0.9971727016256966,-0.9179948721529485,0.3481781377118941,0.0,0.0,38391198.0,38391198.0,25.536521607254034,0.0,36887814.0,,,0.0
0xfb58c599ff37478c7cc5f6022d130842a49fa935,0.03943754791707671,0.0501192,0,51.516000000000005,3,1767506177,-0.3816178764330836,-0.38263002218308473,-0.3816178764330836,-0.3816178764330836,-0.5890356746907908,0.0,-0.3816178764330836,0.0,0.0,,-0.3816178764330836,0.0,-0.3816178764330836,,,-1.5915266643544739,0,0.9971727016256966,,-0.3816178764330836,0.25227888151473216,17.499945,43462.0,43462.0,0.03069840242863621,17.414472500000002,-1372312.0,,0.25,4.0
0x6565aae65489b31a332732a21d0d7c3c7fc54255,0.039389005739466215,0.04981945,0,468.06945799999994,6,1767481875,5.891584815265463e-06,6.013901455028759e-06,5.891584815265463e-06,5.891584815265463e-06,0.0013400181773381144,-0.0710984752251106,5.891584815265463e-06,-0.1449849242592361,0.0,40.824004434999985,0.036462984074757905,-0.12953462429635396,0.07292007656470054,0.4406500078399929,0.4321500078399929,,1,0.9971727016256966,-0.8494488115669333,5.891584815265463e-06,0.0,0.0,75860.0,75860.0,0.054517805604424666,0.0,-1315612.0,,,0.0
0x55e043c26a793cd10169f383014897b4a7311858,0.039381378786562164,0.049772322,0,2.318433,2,1767608261,0.2864372594741022,0.2874494052241032,0.2864372594741022,0.2864372594741022,0.4065148473640064,0.3971075991853657,0.2864372594741022,0.14102073637683765,0.0,,0.2864372594741022,0.20692073637683767,0.2864372594741022,0.45690758826980343,0.3985075991853657,,1,0.9971727016256966,-0.9268601920553896,0.2864372594741022,0.0764382437922892,1.7399995000000001,5843252.0,5843252.0,3.8496697319512103,2.0412489375,4325394.0,0.0,0.4375,16.0
0x1f418674da8e189566f13adca84c49f80e2d5ff5,0.039331984111108755,0.04946689,0,148.93660000000003,6,1767442371,-0.16662084877003058,-0.16695823068669763,-0.16662084877003058,-0.16662084877003058,-0.39657098285796694,0.1419545681963547,-0.16662084877003058,0.005685658386502943,0.0,0.5856198419999991,-0.16513901718453913,0.009318995079836809,-0.16365718559904768,1.4841637443526627,1.4930637342726607,-1.4485559732695947,1,0.9971727016256966,-0.8252526254797403,-0.16662084877003058,0.07561470239147729,7.09986,346138.0,346138.0,0.256025290539421,8.854154375,-1005830.0,0.0,0.5454545454545454,22.0
0x46099d36aaba973b9dc4561f57cfca8950ead621,0.03932327215736448,0.04941298,0,3.999998,2,1767555771,-0.3765181214087632,-0.3775302671587642,-0.3765181214087632,-0.3765181214087632,-0.5339084240222622,0.0,-0.3765181214087632,0.0,0.0,,-0.3765181214087632,0.0,-0.3765181214087632,,,-1.6068758401002994,0,0.9971727016256966,,-0.3765181214087632,0.2630480828514102,1.999999,63572.0,63572.0,0.0433829590928695,2.138890454545454,-1401796.0,0.0,0.16666666666666666,6.0
0xf4a4eab0af4fa0c94ffcc05b9df184edb4193117,0.039307889432972254,0.049317766,0,171.499986,8,1767708775,-5.666644540419686e-08,-6.47616518905107e-08,-5.666644540419686e-08,-5.666644540419686e-08,-2.289947260947765e-05,0.0,-5.666644540419686e-08,0.0,1.0,-2.583286180000004,-0.0007844615816905619,0.0,-0.0015688664969357197,,,0.03159999999999996,1,0.9971727016256966,-0.9951612527822796,-5.666644540419686e-08,0.0,0.0,75408.0,75408.0,0.046594973220001334,0.0,-1542964.0,,,0.0
0xaedf3b63291b58df85458ebd50ad9fbc28ce2da9,0.03930764452607004,0.04931625,0,16.438568,3,1767519205,0.36032390079236454,0.36133604654236556,0.36032390079236454,0.36032390079236454,0.6158383524455251,0.04824994205227764,0.36032390079236454,0.017399970631801615,0.0,,0.36032390079236454,0.08809997335709985,0.36032390079236454,0.6759516967458304,0.6341521195962113,,1,0.9971727016256966,-0.8723134234197816,0.36032390079236454,0.03938225179801784,26.149999,6174001.0,6174001.0,4.3211032739315876,48.7231120945946,4745199.0,,0.5357142857142857,55.0
0xc90b9e341ccf2458a205ee33108a542e88d2b0a3,0.03929588169220241,0.049243417,0,7.163321,2,1767481599,0.3046558789454573,0.3056680246954584,0.3046558789454573,0.3046558789454573,0.43227986610811137,-0.12924808184791012,0.3046558789454573,-0.28644038666261595,0.0,,0.3046558789454573,-0.2628403986706234,0.3046558789454573,0.46285885413124817,0.45435885413124816,,1,0.9971727016256966,-0.849279761664137,0.3046558789454573,0.16553292538609904,0.999999,,,,1.9090891818181817,,,0.0,10.0
0x726fd81c6bc1bb55f12e4eb47f90f82bcf9d887f,0.03926745450288686,0.049067315,0,4.201678,2,1767593121,0.2884615609122532,0.28947370666225425,0.2884615609122532,0.2884615609122532,0.40937764191217096,0.39655664324401363,0.2884615609122532,0.2322644586482056,0.0,,0.2884615609122532,0.31246446302740843,0.2884615609122532,0.4649866305004099,0.4029866305004099,,1,0.9971727016256966,-0.9175869473875052,0.2884615609122532,0.011808432880223815,0.999999,35382693.0,35382693.0,23.545797015807356,1.6348007057991516,33879975.0,0.0,0.5090361445783133,332.0
0xfe9339e4eca140c1a16f94a52b5cde4d29768d0e,0.039245218780845394,0.048929483,0,6.986,3,1767432591,0.19703103933353538,0.19736842125020237,0.19703103933353538,0.19703103933353538,0.3418521334150074,1.322711667311237,0.19703103933353538,1.6205605098651967,0.0,1.351,0.21330971681271874,1.6182938499185313,0.22958839429190211,4.28082146268072,4.289721452600718,,1,0.9971727016256966,-0.8192623789241321,0.19703103933353538,0.0,0.0,24084995.0,24084995.0,17.94457631866773,0.0,22742807.0,,,0.0
0x09789b8b51146babd57e3e33b9376f3496f800e6,0.0392379819616588,0.048884608,0,154.86599999999999,8,1767467669,0.1655636874905544,0.21727395433355612,0.1655636874905544,0.1655636874905544,0.5190704484430967,1.1742618857608451,0.1655636874905544,1.1043764128606277,0.0,4.669999999999999,0.17465353489921756,1.1333199928193203,0.18374338230788073,3.0001641810956188,2.995564181095619,,1,0.9971727016256966,-0.8407476415701061,0.1655636874905544,0.02587992965455163,29.6224815,22381925.0,22381925.0,16.250982017997977,66.38348485511983,21004659.0,0.0,0.6639004149377593,238.0
0xeb7ac05db809923229e63c43031cb75b6b96734b,0.039208054019218244,0.048698943,0,3.3222579999999997,2,1767514657,-0.30364352453667987,-0.3046556702866809,-0.30364352453667987,-0.30364352453667987,-0.43084818077329007,0.0,-0.30364352453667987,0.0,0.0,,-0.30364352453667987,0.0,-0.30364352453667987,,,-1.8013515722580293,0,0.9971727016256966,,-0.30364352453667987,0.500000000000125,0.9999994999999999,56286.0,56286.0,0.03951963624465861,0.9999994999999999,-1367968.0,,0.0,2.0
0x2c55621871b5cedb336bc509dd93e61568f6dbb9,0.0391950493791283,0.048618224,0,920.2855999999999,9,1767440991,0.14809591863283172,0.19260550337151267,0.14809591863283172,0.131739611784864,0.5153806497742789,1.1391913773237488,0.1923322939716535,0.880227447366368,0.0,93.19052276559864,0.19113458410797393,0.9301943670346099,0.23417324958311614,4.372053951773572,4.38095394169357,,1,0.9971727016256966,-0.8244073759657589,0.14809591863283172,0.13633308545453662,20.448,,,,76.5555049191919,,,0.53125,29.0
0x585217296c6bdb707eaa83319578cf861b7ae664,0.03907207344225926,0.04785364,0,47.627325,7,1767446347,1.7474097905066984e-05,5.1716978299454315e-05,1.7474097905066984e-05,1.7474097905066984e-05,0.0058777382787960335,0.4618346164410093,1.7474097905066984e-05,0.4360457187883882,0.0,3.642767677977709,0.01903690445229801,0.4427263194659582,0.038056334806690954,2.4605117426419882,2.466111732561987,,1,0.9971727016256966,-0.8276879240794437,1.7474097905066984e-05,0.17232676036253905,4.999999,1305287.0,1305287.0,0.9626407875251485,6.3571412857142855,-50657.0,,0.23076923076923078,13.0
0xfcddffd92e51a87ae00820ee6542d0029357b038,0.03896314000479423,0.047174435,0,375.8508,12,1767603837,0.08541899468739592,0.08575637660406293,0.08541899468739592,0.08541899468739592,0.24525283875967882,0.21494360340717092,0.08541899468739592,0.009453131862002181,0.0,-3.033860000000006,0.08413953281027169,0.05465312823237203,0.08286007093314746,0.3849849083525391,0.3285849083525391,,1,0.9971727016256966,-0.9241504936134661,0.08541899468739592,0.27500421559870597,1.6954,37873094.0,37873094.0,25.024608935705157,94.2899119288889,36359660.0,0.0,0.21621621621621623,37.0
0x9718a6c5ba3912dbaaf539c73082716d8f2d05f6,0.03891144120577625,0.046851452,0,1858.22404,21,1767436343,-0.04865501585194606,-0.04881046318693631,-0.04865501585194606,-0.04865501585194606,-0.12454973745959991,0.6277429739397116,-0.04865501585194606,0.46636667461350484,0.0,101.71209000000002,-0.01753124946063158,0.4733082624848907,0.013592516930682898,3.5991825253464196,3.5884638354541623,,2,0.9971727016256966,-0.8215604776027253,-0.04865501585194606,0.2566601247312955,22.721999500000003,3014630.0,3014630.0,2.2397952360432116,115.12630850000001,1668690.0,,0.25,12.0
0xd90359935b920ba2229832ddb9b9e237544727e7,0.03890132203543744,0.046788186,0,171.11543600000002,6,1767549771,0.3411463698715863,0.34215851562158733,0.3411463698715863,0.3411463698715863,0.6995037555844126,0.1553749848136659,0.3411463698715863,-0.058039953931813715,0.0,,0.3411463698715863,-0.0004369645412640639,0.3411463698715863,0.6366281517620261,0.567359731412756,,1,0.9971727016256966,-0.8910350876548246,0.3411463698715863,0.09367337420732874,20.0,1816218.0,1816218.0,1.244523656815827,114.39719681034482,356850.0,,0.45714285714285713,35.0
0x068ead41efdbfd66926dd09d28cc38a49b261bc5,0.03884201100411605,0.046417046,0,12.776047,4,1767487361,0.36032390450846186,0.36133605025846294,0.36032390450846186,0.36032390450846186,0.7183426339803959,0.07928147119442078,0.36032390450846186,-0.04272365934476337,0.0,,0.36032390450846186,0.007454612126842829,0.36032390450846186,0.655452126010789,0.634152126010789,,1,0.9971727016256966,-0.8528089846348338,0.36032390450846186,0.037470140281815854,4.999999,5989466.0,5989466.0,4.287506138337731,4.801525979591837,4592508.0,,0.29545454545454547,44.0
0xbb367a2efe42af3d9cb9839ddadb43de100f9575,0.038815348259009765,0.046250027,0,41.407866,2,1767489323,-0.48785424470525707,-0.4888663904552581,-0.48785424470525707,-0.48785424470525707,-0.691361479570207,0.0,-0.48785424470525707,0.0,0.0,,-0.48785424470525707,0.0,-0.48785424470525707,,,-1.4567071064034853,0,0.9971727016256966,,-0.48785424470525707,0.6800001440000576,12.4999975,168540.0,168540.0,0.12047865496239957,12.4999975,-1230380.0,,0.0,2.0
0x3b6de3ba61cfd5916f04286a5834fc15573ddfa5,0.03881074230961764,0.046221163,0,682.87445,19,1767567233,0.07283039562531463,0.07304486617602259,0.07283039562531463,0.07283039562531463,0.31209871193968614,-0.0329872134620011,0.07283039562531463,-0.03714732437443208,0.0,4.1044723025,0.07686196287305458,-0.0020169076743417353,0.08089353012079453,0.5554996131998434,0.4919320067935298,,1,0.9971727016256966,-0.9017305565049301,0.07283039562531463,0.22036486792583865,26.1156,5197974.0,5197974.0,3.5196833758794175,27.116685074074073,3721144.0,,0.7777777777777778,9.0
0x3add7458f6f680d749d4960517543dfe1867511f,0.038756835614314034,0.045883108,0,136.509516,7,1767436979,-1.8867494299456643e-06,1.994563683085415e-05,-1.8867494299456643e-06,-1.8867494299456643e-06,0.0036667609373818174,0.6771505633102766,-1.8867494299456643e-06,0.6018604907348898,0.0,-4.376093423999998,-0.009281792263377348,0.6001604454737011,-0.018561697777324748,3.393073119327159,3.4019731092471575,,1,0.9971727016256966,-0.8219500273787342,-1.8867494299456643e-06,0.0718479949449991,339.999958,,,,376.69160373913036,,,0.6904761904761905,40.0
0xc3dd1b0ac0acc325820aa3c825ce73ad110657b2,0.03875399691203362,0.045865294,0,6.410254,2,1767664053,0.22165993819760288,0.22267208394760393,0.22165993819760288,0.22165993819760288,0.3149058810805818,0.24850859238581752,0.22165993819760288,0.23084713155606984,0.0,,0.22165993819760288,0.3302721068659476,0.22165993819760288,0.3087085918354175,0.24100859248471884,,1,0.9971727016256966,-0.9610327724061559,0.22165993819760288,0.0,0.0,12722185.0,12722185.0,8.084507355511073,0.0,11148535.0,,,0.0
0x5d05b1f588780423488a09d9aefeb64df54d6320,0.03875293616003389,0.045858636,0,333.55399600000004,7,1767472217,0.00966011151932716,0.010628518076284944,0.00966011151932716,0.00966011151932716,0.08071832304239548,-0.026231865455701445,0.00966011151932716,-0.09505463141374387,0.0,-0.77599825,0.009357062079523784,-0.003428630620907155,0.009054012639720409,0.2935314854405173,0.2415648187447236,,4,0.9971727016256966,-0.8435332899683583,0.00966011151932716,0.0,0.0,260798.0,260798.0,0.1887359659114758,0.0,-1121016.0,0.0,,0.0
0x4e84ce1599d3d0272932a729c2a3310b734bef69,0.03870407859764535,0.045551825,0,357.808148,23,1766305071,0.21656105849864069,0.26331238447209004,0.21656105849864069,0.21656105849864069,1.0376005521481408,0.173742960738886,0.21656105849864069,0.008389846734728213,0.0,-0.650486976363637,0.21475918062205201,0.016434975593227083,0.21295730274546334,-0.059583336563333665,-0.10033333333333322,,2,0.9971727016256966,-0.12865677602235379,0.21656105849864069,0.0,0.0,6054104.0,6054104.0,28.202172657312687,0.0,5839436.0,0.0,,0.0
0x9b5f254909ee735f252fbdc6035eae463fb3e37d,0.038693452844098516,0.04548505,0,12.762495999999999,6,1767567373,-0.00012897793603748478,-0.013757646510665031,-0.00012897793603748478,-0.00012897793603748478,-0.06675266213906073,-0.02712170159762112,-0.00012897793603748478,-0.028922291585788577,0.0,-0.06287066000000004,-0.0031104272531969654,-0.011853600900879148,-0.0060918765703564465,0.4993651385169772,0.4281651401201764,,1,0.9971727016256966,-0.9018163064556238,-0.00012897793603748478,0.07487151520393652,1.05,76258.0,76258.0,0.05163138046134993,2.230940892288862,-1400712.0,,0.3333333333333333,48.0
0x2e617f2cb474acaba820030e4819fe92148519bd,0.03869233796919249,0.045478042,0,2164.423928,31,1767433329,0.1551025431208226,0.1581975808646453,0.1551025431208226,0.1551025431208226,0.7490815476925167,0.08379015556304696,0.1551025431208226,0.2167952730287116,0.0,24.64041931733333,0.16443299896252095,0.21452860826990394,0.1737634548042193,1.5605023407013099,1.569402330621308,,1,0.9971727016256966,-0.8197144036642179,0.1551025431208226,0.0,0.0,4372910.0,4372910.0,3.256255370735245,0.0,3029984.0,,,0.0
0xa6f68bb9e6e0beb48297f9e239ebbe592a4dc85f,0.03868691754419699,0.04544397,0,28.646645999999997,4,1767429781,4.156262373654938e-05,0.0001528659012733415,4.156262373654938e-05,4.156262373654938e-05,0.010036154615506778,0.6899927973764269,4.156262373654938e-05,0.8084254901066336,0.0,2.534640453789393,0.022430096023804018,0.8067251007491015,0.044818629423871485,3.120846645661738,3.1297466355817365,,1,0.9971727016256966,-0.8175412549137784,4.156262373654938e-05,0.20023775884616007,19.999998,38125548.0,38125548.0,28.465114403850144,73.91506187755103,36786170.0,0.0,0.32142857142857145,28.0
0x5ee1fe6fbece52fe0e9fd9a779308db8a6a92dae,0.03860949449521022,0.044956807,0,42.009997999999996,4,1767661739,-3.389024579460387e-05,-3.449814264420696e-05,-3.389024579460387e-05,-3.389024579460387e-05,-0.002815349335352637,0.0,-3.389024579460387e-05,0.0,0.0,-6.442469321203873,-0.028243213773691652,0.0,-0.056452537301588696,,,-1.8176992096833293,1,0.9971727016256966,-0.9817928354691196,-3.389024579460387e-05,0.11088603255268281,5.649999,50738.0,50738.0,0.03228972033988911,6.6941709056603775,-1520598.0,,0.13333333333333333,15.0
0xb602d0bc1ea29228f01d5f8c2e1094be36c76100,0.03857337620406155,0.04472922,0,8.944541,2,1767470525,0.4453441774136296,0.4463563231636306,0.4453441774136296,0.4453441774136296,0.6312431658689945,0.32535624008461783,0.4453441774136296,0.11080150385419477,0.0,,0.4453441774136296,0.14370150385419475,0.4453441774136296,1.0218737979191643,1.0008737979191644,,1,0.9971727016256966,-0.8424969405642592,0.4453441774136296,0.11121697883105927,4.999999,13526854.0,13526854.0,9.80120163289912,7.866602789473686,12146732.0,,0.16129032258064516,31.0
0x2eeb776eda584e32f7850a8681a8f461f223bd84,0.038566578536852324,0.044686366,0,8152.0906669999995,25,1767454277,-6.938341237435173e-10,-8.1449215551421e-10,-6.938341237435173e-10,-6.938341237435173e-10,-2.359012898597488e-06,-0.007635562615735483,-6.938341237435173e-10,-0.021088569389037456,0.0,-177.5281405674112,-0.0252332159038879,-0.016648744497339402,-0.050466431113941675,0.4842499973967731,0.45315000324222365,-1.1681024532316941,1,0.9971727016256966,-0.8607335050782345,-6.938341237435173e-10,0.060115641178061716,2040.969986,,,,1697.0063923243247,,,0.8571428571428571,21.0
0x5ba56a1ca86e7f8d57b225b47ad57c09d08bddd2,0.038529272717247216,0.044451043,0,2.706851,4,1767582603,-0.00012808594599263612,0.0006737342860443161,-0.00012808594599263612,-0.00012808594599263612,0.013391950655857313,0.1624650293063713,-0.00012808594599263612,-0.06256686981415494,0.0,-0.0674998139441987,-0.006437968703621473,-0.033042332298052285,-0.012747851461250312,0.4060954172667941,0.3445954172667941,,1,0.9971727016256966,-0.9111446760918113,-0.00012808594599263612,0.04551579434032306,0.999998,265354.0,265354.0,0.1778273689853907,0.9370655575221241,-1226846.0,0.0,0.42105263157894735,38.0
0xab6016a95c57300500923ce328e4901b6526ac53,0.03851967149861873,0.044390444,0,9.73,2,1767617857,0.0,0.0,0.0,0.0,0.0,0.27959957063561286,0.0,0.015085649114334035,0.0,0.26999999999999913,0.0034159919062534917,0.04993564911433404,0.006831983812506983,0.62009914135694,0.5580991412712257,,1,0.9971727016256966,-0.9327377386758002,0.0,0.0,0.0,666988.0,666988.0,0.43666650517789735,0.0,-860466.0,,,0.0
0x79d797317f5a68c308b38400fd96b28bcf474d2a,0.03851815423582836,0.044380866,0,267.861487,11,1767448299,-1.2916162463951276e-06,-2.9631196240829418e-05,-1.2916162463951276e-06,-1.2916162463951276e-06,-0.004836636195459582,0.0,-1.2916162463951276e-06,0.0,0.0,-2.4867823257142843,-0.00862348342161753,0.0,-0.017245675226988666,,,-0.6888301280213267,1,0.9971727016256966,-0.8295413480137249,-1.2916162463951276e-06,0.2103805216160485,6.1034845,657140.0,657140.0,0.48393985990090554,65.43977038888889,-700756.0,,0.3333333333333333,39.0
0xe7387473b067235436884d16799777cf279edf65,0.038495255317503065,0.044236273,0,6784.90875,50,1767498471,0.3313848767845917,0.3323970225345929,0.3313848767845917,0.3313848767845917,1.911611443433842,0.0028513912962499777,0.3313848767845917,-0.11022482393838354,0.0,,0.3313848767845917,-0.05062084837268907,0.3313848767845917,0.6300478506262054,0.6006498533956234,,1,0.9971727016256966,-0.859613855722033,0.3313848767845917,0.0,0.0,5953760.0,5953760.0,4.228318518707903,0.0,4545692.0,,,0.0
0x911e1a61c592cf88599b706c8aee4b44a9441f44,0.038482601449217016,0.044156335,0,942.609667,22,1767444059,-0.5478912830478762,-0.5489034287978771,-0.5478912830478762,-0.5478912830478762,-2.105556144624068,0.0,-0.5478912830478762,0.0,0.0,,-0.5478912830478762,0.0,-0.5478912830478762,,,-0.59873948441387,0,0.9971727016256966,,-0.5478912830478762,0.2581488698261741,34.999999,518770.0,518770.0,0.38323621363182375,46.64285628571429,-834886.0,,0.0,6.0
0xe98408f34dc0f76706c2e90fc9f3b8508a2cbd74,0.038466736979638365,0.04405608,0,15.625,2,1767567833,-0.3228744942503311,-0.3238866400003321,-0.3228744942503311,-0.3228744942503311,-0.45804487895992185,0.0,-0.3228744942503311,0.0,0.0,,-0.3228744942503311,0.0,-0.3228744942503311,,,-1.7391426812383486,0,0.9971727016256966,,-0.3228744942503311,0.2290249588597409,4.999999,108640.0,108640.0,0.07353309463054088,4.1999994,-1368790.0,0.0,0.0,5.0
0x238008a60475fb866486fffa39bca62677341406,0.03845848772129854,0.044003934,0,2.5,2,1766137754,0.6062753042506217,0.6072874500006227,0.6062753042506217,0.6062753042506217,0.8588341480498535,-0.17611388300841907,0.6062753042506217,-0.057528470752104766,0.0,,0.6062753042506217,-0.04252847075210477,0.6062753042506217,-0.8480978857941993,-0.8480978857941993,,1,0.9971727016256966,-0.026175172449275842,0.6062753042506217,0.1111111111122579,0.999999,12084982.0,12084982.0,255.22126248653672,0.9999978888888889,12037631.0,,0.1111111111111111,9.0
0x92d3e5dfc185243704b70ec261464d5265f617ad,0.0384553724445876,0.043984238,0,321.388963,6,1767690597,0.2787268330880506,0.2797389788380516,0.2787268330880506,0.2787268330880506,0.602761667959593,0.42681686173053324,0.2787268330880506,0.3766168617305332,0.0,,0.0,0.45739328389359907,0.0,0.5000381924599199,0.3766587882952264,,1,0.9971727016256966,-0.9772909630576962,0.2787268330880506,0.09497282426498495,49.009999,8322448.0,8322448.0,5.200899390948847,89.04780854460094,6722254.0,,0.29347826086956524,92.0
0x216bcf196e87b14646c93ad6c34b521adab2d6d6,0.03843227910880716,0.043838188,0,39.999998,3,1767481941,-0.3497981099432034,-0.35081025569320445,-0.3497981099432034,-0.3497981099432034,-0.5970244269021612,0.0,-0.3497981099432034,0.0,0.0,,-0.3497981099432034,0.0,-0.3497981099432034,,,-1.614356994115248,0,0.9971727016256966,,-0.3497981099432034,0.19829794718280574,0.999999,11486.0,11486.0,0.008254176314265223,2.244362,-1380052.0,,0.0,12.0
0xe562cfbf7b3292e0deb29a5b8fd3c38af4794fa9,0.038401494778173756,0.043643367,0,217.14438,13,1767486569,0.4069337562394518,0.40794590198945285,0.4069337562394518,0.4069337562394518,1.330292371026805,0.15721474973746752,0.4069337562394518,0.03114933007870924,0.0,,0.4069337562394518,0.0786518270242555,0.4069337562394518,0.8289930429346897,0.8055699657746126,,1,0.9971727016256966,-0.8523238849137662,0.4069337562394518,0.0,0.0,10147329.0,10147329.0,7.26799606923532,0.0,8751163.0,,,0.0
0x981e775f3b2decc3494a5427adcd7cbb6eb3d368,0.03839932122152519,0.043629605,0,2696.0,8,1766124661,0.0,0.0,0.0,0.0,0.0,0.0,0.0,0.0,0.0,-6.739999999999986,-0.0012651821875012948,0.0,-0.0025303643750025895,,,0.42167782903287254,1,0.9971727016256966,-0.06643844929789165,0.0,0.09022033385490921,112.2,224270.0,224270.0,6.546500087570786,181.84887755102042,190012.0,,0.3157894736842105,19.0
0xb51b3beffd13cde071ed799e70a7b0b598e8b4d9,0.03838933814693386,0.04356639,0,233.10044499999998,10,1767539841,0.3423230071677819,0.34333515291778294,0.3423230071677819,0.3423230071677819,1.0387550204837637,0.3078410849610803,0.3423230071677819,0.05939260177000949,0.0,,0.3423230071677819,0.11516663934097592,0.3423230071677819,0.7223347757943669,0.6661747753822336,,2,0.9971727016256966,-0.8849529661520444,0.3423230071677819,0.0,0.0,30427957.0,30427957.0,20.992934502890087,0.0,28978519.0,,,0.0
0x13f91126071f001794e8ec27a80fbea225a841c6,0.03835933216041591,0.043376293,0,3.8262180000000003,6,1767567817,0.00011788318698516643,0.00042218628797250436,-3.975130226503134e-05,0.00011788318698516643,0.011472259182056523,-0.0348156661836416,0.00011788318698516643,-0.03799444940678477,0.0,0.007435001994590101,0.0012383293533346049,-0.008804971973630353,0.002674044498184439,0.5266094022995015,0.4661094022995015,,1,0.9971727016256966,-0.9020882562992526,-3.975130226503134e-05,0.03263467157263409,1.029999,632252.0,632252.0,0.42794504451697357,2.8988847772925768,-845162.0,,0.3917525773195876,97.0
0x9d6286a4e5e7e24a3da490bcc4ba62e40cbafdda,0.0383303125560459,0.04319231,0,7.125,3,1767427213,0.2189608639168912,0.2192982458335582,0.2189608639168912,0.2189608639168912,0.37983570379445264,0.4031133127819053,0.2189608639168912,0.5589891350484526,0.0,1.125,0.23793859672941067,0.5578558050751198,0.2569163295419301,3.1024149218217563,3.1113149117417547,-0.5101829551539833,1,0.9971727016256966,-0.8173501550236608,0.2189608639168912,0.12007130559569455,3.4304,,,,13.155365745762712,,,0.5172413793103449,29.0
0x56e3de5d4e06fea0c19f4029cdbda6959bbc521c,0.038320669681930576,0.043131143,0,10.0,2,1767519641,0.3937246967504037,0.3947368425004048,0.3937246967504037,0.3937246967504037,0.5582421962324048,0.12990687203214155,0.3937246967504037,0.09392756713611027,0.0,,0.3937246967504037,0.1712275671361103,0.3937246967504037,0.8113974795011114,0.763497480227812,,1,0.9971727016256966,-0.8725804732662279,0.3937246967504037,0.009637133108042626,9.0,17347317.0,17347317.0,12.137458561835048,18.14138858281325,15918079.0,0.0,0.7034035656401945,615.0
0x9aeb534c42b58b21673d5e03e9da14fbd15b2729,0.038300398995998415,0.043002516,0,346.79594,8,1767434453,0.20594944647913999,0.20664521136694786,0.20594944647913999,0.20594944647913999,0.584887211199556,0.21731791904034445,0.20594944647913999,0.23970099073235657,0.0,-16.624269999999992,0.2001007665619474,0.2839405444612134,0.19425208664475477,0.7157021814338587,0.6804878922888876,,2,0.9971727016256966,-0.8204028532683594,0.20594944647913999,0.0,0.0,6958258.0,6958258.0,5.177082697816301,0.0,5614208.0,,,0.0
0x5baa69fd1b13dbf83b5d5f0e52607ea32e2c0ec6,0.03824020133063665,0.04262015,0,15.2,2,1766131859,0.0,0.0,0.0,0.0,0.0,-0.029716079365588836,0.0,0.03693215873117768,0.0,0.40000000000000036,0.002530364375002597,0.04443215873117768,0.005060728750005194,-0.8147788571611972,-0.8147788571611972,,1,0.9971727016256966,-0.02256448702541996,0.0,0.09644077049192629,108.36,218378.0,218378.0,5.2677055191045925,175.45408181818178,176922.0,,0.375,24.0
0x075bc31a1566a10c9af05f1c5ff3018a58112d9e,0.038224774934051124,0.04252207,0,14.534880999999999,2,1767612895,0.3147773371636848,0.3157894829136858,0.3147773371636848,0.3147773371636848,0.4465937695913212,0.4777764718886021,0.3147773371636848,0.0821486064367876,0.0,,0.3147773371636848,0.14624860643678758,0.3147773371636848,0.5423764718886022,0.47817647188860213,,1,0.9971727016256966,-0.9296985154233536,0.3147773371636848,0.029377485245558162,9.999998,5791436.0,5791436.0,3.803918838325587,12.2626365,4268944.0,,0.5853658536585366,82.0
0xd464f94ee43cb773e8d7ee869c66763358072706,0.0381335664311287,0.041941397,0,20.015049,3,1767522219,-0.501012128980877,-0.5020242747308781,-0.501012128980877,-0.501012128980877,-0.8014390502896096,0.0,-0.501012128980877,0.0,0.0,,-0.501012128980877,0.0,-0.501012128980877,,,-1.4278418973279667,0,0.9971727016256966,,-0.501012128980877,0.2939262882932519,2.2749965,822490.0,822490.0,0.574438335652067,3.8364846666666668,-609326.0,,0.8,5.0
0x36da5ca5d1d4b79f1c2ebbb09be8c13834568218,0.03811136725359159,0.041799866,0,7387.563050999997,66,1767450595,0.11085716251235694,0.11139988257895847,0.11085716251235694,0.11085716251235694,0.39384397629888557,1.1131304544125917,0.11123937915650639,1.095385754255961,0.0,61.70753200692499,0.15594557207255766,1.1274626765074873,0.20103398163275837,3.1976316109329272,3.1995141520282595,,1,0.9971727016256966,-0.830289822583352,0.11085716251235694,0.07792083604163952,0.46005050000000003,16898608.0,16898608.0,12.423693125676374,17.33614394152047,15538416.0,,0.23595505617977527,48.0
0xdb5e6eb872eab67715450c0001721e4e45b97a0b,0.038083920600671325,0.04162477,0,4.366811,2,1767475561,0.3157895103900102,0.31680165614001127,0.3157895103900102,0.3157895103900102,0.44802519869546165,-0.015527357309845866,0.3157895103900102,-0.3931024941109428,0.0,,0.3157895103900102,-0.3598024941109428,0.3157895103900102,0.5369230559529987,0.48322305595299864,,1,0.9971727016256966,-0.845581488790644,0.3157895103900102,0.06139789824319203,1.999999,1334349.0,1334349.0,0.9633189859929336,2.9859518536585363,-50809.0,,0.1875,64.0
0xe2cbebf87bb390594db5312e6384dc8a066eea82,0.038056351763757684,0.041448772,0,15.432096,2,1767558261,0.35526317189247203,0.35627531764247306,0.35526317189247203,0.35526317189247203,0.5038493861487678,0.14936043283834405,0.35526317189247203,0.06956064722631541,0.0,,0.35526317189247203,0.1258606472263154,0.35526317189247203,0.6866908774391689,0.6120908747434883,,1,0.9971727016256966,-0.8962352096647545,0.35526317189247203,0.03069742975353876,9.999996,5276100.0,5276100.0,3.594421258732112,9.834608720430108,3808242.0,,0.4857142857142857,68.0
0xcff404e91205db2b4ceaa802e8a2360e0379d53c,0.03803453682251803,0.04130942,0,26.246718,2,1767488179,-0.38461536348237724,-0.38562750923237826,-0.38461536348237724,-0.38461536348237724,-0.5453596535805854,0.0,-0.38461536348237724,0.0,0.0,,-0.38461536348237724,0.0,-0.38461536348237724,,,-1.589731778167273,0,0.9971727016256966,,-0.38461536348237724,0.13656630421241955,37.63233,74248.0,74248.0,0.05311866851340987,41.20697776190476,-1323528.0,,0.6363636363636364,11.0
0x951deb42f26e7e3580ebd98e93a96c60306cf79f,0.038010807544378473,0.041157752,0,58.95290100000001,11,1767432117,0.11759168171663531,0.1376690434911933,0.11759168171663531,0.11759168171663531,0.48700266942182896,0.8246780587391013,0.11759168171663531,0.938957640512778,0.0,1.2551656816671648,0.13151010805086524,0.9404958583764341,0.14542853438509518,2.4317332274981998,2.422366554111532,,1,0.9971727016256966,-0.8189720540910689,0.11759168171663531,0.015832435609025617,4.999998,15960666.0,15960666.0,11.89572889602404,4.401383483162519,14618952.0,0.0,0.25092250922509224,271.0
0xd5714cfbbd3c139a76650fd6271a20a3db14be26,0.03798664293836347,0.04100321,0,17.502498,4,1767437263,3.237859954730201e-05,9.119127575225686e-05,3.237859954730201e-05,3.237859954730201e-05,0.008157664213226353,1.0894676790015263,3.237859954730201e-05,0.8301863176247213,0.0,2.752000672831824,0.03241700319328676,0.8351869474709867,0.06480162778702622,4.860895272828944,4.869795262748942,,1,0.9971727016256966,-0.8221239772787131,3.237859954730201e-05,0.1615276468309666,1.999999,35407505.0,35407505.0,26.288927579703905,3.3131608529411767,34060645.0,0.0,0.4375,16.0
0xa880b3ebd00a3416751166d5807772123ced1522,0.03795453912226089,0.040797744,0,84.246572,6,1767501257,0.27444285661567547,0.2754550023656765,0.27444285661567547,0.27444285661567547,0.6194561850198658,-0.1384029482987747,0.27444285661567547,-0.2549125981415395,0.0,,0.27444285661567547,-0.20302781281767335,0.27444285661567547,0.3961454036976084,0.3725454092954777,,1,0.9971727016256966,-0.8613202797408391,0.27444285661567547,0.15620140096203605,19.999999,2430248.0,2430248.0,1.7225368464773818,28.584882,1019394.0,,0.6153846153846154,13.0
0x245b7a8edbb8e22e9a998511b43ebaa61e6dd6be,0.03789291107234988,0.040402856,0,379.4623149999999,42,1767433069,0.0339229911201678,0.06829459920158101,0.0339229911201678,0.0339229911201678,0.4285654750101585,0.7391530117145039,0.0339229911201678,0.6692086850345466,0.0,0.24505394611066564,0.03543834239246759,0.6732464240864745,0.03695369366476739,4.102836882813562,4.10923687273356,-0.5405445008677258,1,0.9971727016256966,-0.8195551537557866,0.0339229911201678,0.019058280877179888,1.4,2964790.0,2964790.0,2.2081366475355746,3.0540866696428575,1622124.0,0.0,0.39705882352941174,405.0
0xf8a72ca42a0a5824cde2beee8df26faa8e1d6fa3,0.037836545203686796,0.040041145,0,3094.32,2,1767696371,0.015182186250015581,0.01619433200001662,0.015182186250015581,0.015182186250015581,0.022902243947996115,-0.04523266546357353,0.015182186250015581,-0.08143266313747118,0.0,,0.0,-0.00903266313747118,0.0,-0.0013326631374711816,-0.08143266313747118,,1,0.9971727016256966,-0.9808275360241668,0.015182186250015581,0.225201466520088,203.0,163283004.0,163283004.0,101.672638558178,768.6539823518518,161677036.0,,0.6,12.0
0xac67d8e2489339d8fe8934a23580aa2cee8cf74c,0.03782684709396622,0.039978858,0,9.999996,2,1767547489,0.38562763508483283,0.38663978083483386,0.38562763508483283,0.38562763508483283,0.5467912218095831,0.2739515191568588,0.38562763508483283,0.03882558267311308,0.0,,0.38562763508483283,0.08782720011333811,0.38562763508483283,0.8013282835663157,0.7304282720623314,,1,0.9971727016256966,-0.889637363458516,0.38562763508483283,0.05170061999818645,0.999999,3490830.0,3490830.0,2.395761128718552,1.6190979499999998,2033744.0,,0.5135135135135135,33.0
0x9f815e2d3138a3644ffd55f352c66d3fc609b0b7,0.037770720420649016,0.03961808,0,19.959996,2,1767456991,-0.6761133044152485,-0.6771254501652496,-0.6761133044152485,-0.6761133044152485,-0.9575999950516834,0.0,-0.6761133044152485,0.0,0.0,,-0.6761133044152485,0.0,-0.6761133044152485,,,-1.1914045503471613,0,0.9971727016256966,,-0.6761133044152485,0.5000005011018076,9.989999000000001,343576.0,343576.0,0.25141154466452215,9.989999000000001,-1023012.0,,0.0,2.0
0xfdfe80903d12e8cd59ccc7300bfb12e6ea33e6ed,0.037713660004101,0.03925077,0,7.465591999999999,6,1767476309,0.32648140075347876,0.3274935465034797,0.32648140075347876,0.32648140075347876,0.7392130371298418,-0.0034870279324714414,0.32648140075347876,-0.3729359473438537,0.0,,0.32648140075347876,-0.3469530524247673,0.32648140075347876,0.5601084273401741,0.5163417606735073,,1,0.9971727016256966,-0.8460396385272079,0.32648140075347876,0.040659700338685205,1.5150000000000001,6503002.0,6503002.0,4.692238867571105,6.022202402777777,5117096.0,0.0,0.48717948717948717,78.0
0x347c3346f49ca6cc9b98f1fe42d6a24b8055806e,0.03767912978978708,0.03902823,0,10.45409,10,1767567727,-3.455469236789439e-05,0.00014995679980826855,-3.455469236789439e-05,-3.455469236789439e-05,0.00590839060401121,-0.07814552054863154,-3.455469236789439e-05,-0.08054332210842757,0.0,-0.0356020919425341,-0.00215786212479306,-0.05013274435214526,-0.004281169557218226,0.4099011550473188,0.3490344989713266,,1,0.9971727016256966,-0.9020331313309495,-3.455469236789439e-05,0.026012279454678676,0.999999,241162.0,241162.0,0.1632424573079433,1.0964944236311238,-1236162.0,0.0,0.38235294117647056,68.0
0x0372401493324220d9d231d46e3f5943666c4914,0.037673208539284284,0.03899005,0,10.5,2,1767471951,0.3552631582503643,0.3562753040003654,0.3552631582503643,0.3552631582503643,0.5038493668559141,0.10998490572915104,0.3552631582503643,-0.14706805468749184,0.0,,0.3552631582503643,-0.1209680522060407,0.3552631582503643,0.6500908265624368,0.6120908265624369,,1,0.9971727016256966,-0.8433703650620401,0.3552631582503643,0.12713024873919213,18.4219,1722618.0,1722618.0,1.2468752442911863,37.63387754545454,341070.0,,0.28125,32.0
0x84b662c1e9c366521df895b70608ef72b7bc4a66,0.03765849219256845,0.038895134,0,49.159998,6,1767472405,4.065999294409491e-07,2.8597528370680058e-05,4.065999294409491e-07,4.065999294409491e-07,0.0024713087413339675,-0.07954269049281637,4.065999294409491e-07,-0.16679094261654173,0.0,0.17877014800000038,0.001180712029309677,-0.15243902107594193,0.0023610174586899133,0.3045008630750421,0.2500008630750421,,1,0.9971727016256966,-0.8436484399021471,4.065999294409491e-07,0.12798388525272927,7.999998,486156.0,486156.0,0.3517766255041599,12.339224999999999,-895846.0,,0.6666666666666666,15.0
0x982af7173197e33e63b2ab48bdf4fc150efff1b9,0.03764548606178869,0.038811218,0,4.094258,4,1767478613,7.404958078235149e-05,0.0007992229196759886,7.404958078235149e-05,7.404958078235149e-05,0.01591210783835221,-0.03155124570027804,7.404958078235149e-05,-0.13958332514986763,0.0,0.048720125365857604,0.003733831168048437,-0.124144474243618,0.007393612755314523,0.5141231708228885,0.48722317399180887,,1,0.9971727016256966,-0.8474508377157683,7.404958078235149e-05,0.15539271195380694,2.0,363362.0,363362.0,0.2617485827072273,2.84182575,-1024848.0,,0.1,10.0
0xaf401a39a7da36d6015def60901243a9753201a5,0.03763048927840585,0.038714424,0,4.491638,6,1767672743,-2.6877099116414654e-05,-0.00021348158861979132,-2.6877099116414654e-05,-2.6877099116414654e-05,-0.007750398740744708,0.0,-2.6877099116414654e-05,0.0,0.0,-0.07617974538664621,-0.004495931948378497,0.0,-0.00896498679764058,,,-1.8949861600812248,1,0.9971727016256966,-0.9663615193421263,-2.6877099116414654e-05,0.01518259485597864,2.379999,446532.0,446532.0,0.2821972521708356,3.80509408719346,-1135808.0,,0.47465437788018433,217.0
0x9849f758f778393932d3d6f9135b4c27edce3603,0.03762904375409901,0.038705092,0,94.0,4,1767436981,0.0,2.9126498812844684e-17,0.0,0.0,4.886615619068388e-09,1.6059999999999994,0.0,1.3939999918870103,0.0,7.000000000000002,0.008856275312509085,1.397149996927011,0.01771255062501817,6.3751,6.383999989919999,,1,0.9971727016256966,-0.8219512523780299,0.0,0.04321574369470827,49.999999,5573948.0,5573948.0,4.139342837919527,205.3110798342246,4227370.0,,0.8402777777777778,140.0
0x31dd350c0ddf7f5ce69732c1f330157aa493ff75,0.03761528884145186,0.038616277,0,46.068000000000005,10,1767570399,0.0,-6.916791077297062e-18,0.0,0.0,-1.4944080503388262e-09,-0.17693329531640956,0.0,-0.17839223363572249,0.0,-2.0324500000000003,-0.024808678600935958,-0.14734223473503755,-0.049617357201871916,0.08432796210825703,0.02892797269893153,,1,0.9971727016256966,-0.9036697303899051,0.0,0.2833942040841585,5.7486,917308.0,917308.0,0.6198043778496699,8.548898411764705,-562688.0,,0.3333333333333333,18.0
0xd55ea2f7c1b38bfd231fac76a0f7b74511e2a07a,0.03760169733654593,0.038528487,0,66.509998,5,1767453387,-3.778428668425476e-05,-6.076367257636164e-05,-3.778428668425476e-05,-3.778428668425476e-05,-0.006414408202266375,0.0,-3.778428668425476e-05,0.0,0.0,-12.434239815,-0.05266463946790602,0.0,-0.10529149464912779,,,-1.2057194826741087,1,0.9971727016256966,-0.8438027898133958,-3.778428668425476e-05,0.0505793673388659,14.999998,342126.0,342126.0,0.2510124843725238,12.642948641025642,-1020858.0,,0.52,25.0
0x1e44fb6d27fe3508bd349f8d8083bcd88c0b8d50,0.03757382259323395,0.038348343,0,11.494250000000001,2,1767496061,0.39473686451458034,0.3957490102645813,0.39473686451458034,0.39473686451458034,0.5596736176119002,0.15361792368606214,0.39473686451458034,0.05230691515770423,0.0,,0.39473686451458034,0.13730686537806483,0.39473686451458034,0.8007136185255044,0.767713612238098,,1,0.9971727016256966,-0.8581377315708043,0.39473686451458034,0.02355962860422047,9.999999,13280255.0,13280255.0,9.447714166603825,13.397767359999998,11874597.0,0.0,0.5060240963855421,83.0
0x37eaa826696ed89747396f47f4932bb58d2c6cb9,0.037569858323541115,0.038322713,0,84.059786,22,1767500595,-6.254410201526751e-07,1.7373361670907407e-05,-6.254410201526751e-07,-6.254410201526751e-07,0.0020966863248015823,-0.0633589199534315,-6.254410201526751e-07,-0.10770193831026184,0.0,-0.16725833333333326,-0.0035558940186773973,-0.08015106468741767,-0.007111162596334641,0.3679950913345921,0.3252251932180402,,2,0.9971727016256966,-0.8609148049739871,-6.254410201526751e-07,0.0,0.0,81370.0,81370.0,0.05770136265132691,0.0,-1328822.0,0.0,,0.0
0x96d93808b5626be56911fd1e4237a2613dad05d5,0.03755966715558169,0.038256813,0,31.704338999999997,4,1767610573,-6.094900930281231e-06,3.961685906111753e-05,-6.094900930281231e-06,-6.094900930281231e-06,0.00338644921371806,0.201320837778573,-6.094900930281231e-06,0.027959956624810326,0.0,-0.6973999540125887,-0.005572134296237979,0.05921423344477493,-0.011138173691545676,0.46278657826705266,0.40398657826705264,,1,0.9971727016256966,-0.9282762912411325,-6.094900930281231e-06,0.0,0.0,415862.0,415862.0,0.2735628252103383,0.0,-1104308.0,0.0,,0.0
0xce0e6677f036ed20adb7d11205c0b8e87854fb2e,0.037510569629646606,0.037939087,0,223.21375999999998,12,1767505407,-0.035536834837026965,-0.03563473245365789,-0.035536834837026965,-0.035536834837026965,-0.11458004038209874,0.032508263101676003,-0.035536834837026965,-0.006083071868631307,0.0,2.2641500000000003,-0.03233696637023158,0.014108100618348047,-0.029137097903436195,0.7962267178638374,0.7719482229960839,,1,0.9971727016256966,-0.8638621532792619,-0.035536834837026965,0.09956961678741977,8.9991,467548.0,467548.0,0.3304216807867681,19.058561512820518,-947456.0,,0.25,36.0
0xc38239ed188c2b4e73a0625e0e16eff50fd30001,0.037509690582728863,0.037933394,0,4.285213,4,1767492565,0.0001132782069326468,0.00048512608707678594,0.0001132782069326468,0.0001132782069326468,0.013909034147262089,0.08739421092217564,0.0001132782069326468,-0.060353286925245664,0.0,0.1968800778104552,0.011738799156283695,-0.028915083425086852,0.023364320105634745,0.8115742225948015,0.7804742202371813,,1,0.9971727016256966,-0.8559964328020512,0.0001132782069326468,0.0313297105527296,1.7253,708962.0,708962.0,0.5056206058928997,2.1306516536796534,-693200.0,,0.36082474226804123,93.0
0x717ac4fd7b9c3de4f90a50a8c53d9d228dfe7272,0.03744772629309946,0.037531823,0,186.4,6,1767421707,0.0,0.0,0.0,0.0,0.0,1.5914999999999997,0.0,0.993999998947,0.0,3.2118949999999984,0.006349425534569496,0.9918,0.012698851069138992,5.9701,5.979999997894,,1,0.9971727016256966,-0.8125959327573387,0.0,0.19180578930951386,3.0,35710867.0,35710867.0,26.823976341992513,12.801266396226415,34379563.0,0.0,0.11904761904761904,42.0
0x07fa8d9898286e400fccba20f81838add28fa5b9,0.03742017706377319,0.03735308,0,1.999998,2,1767476561,0.32388683724035144,0.32489898299035247,0.32388683724035144,0.32388683724035144,0.45947654814618194,0.0004428818708691884,0.32388683724035144,-0.02457922373001449,0.0,,0.32388683724035144,0.010770505034820601,0.32388683724035144,0.5400338263455662,0.5080338263455662,,1,0.9971727016256966,-0.8461939884384566,0.32388683724035144,0.05312453149267808,1.099998,5378942.0,5378942.0,3.880468171737998,1.3700134390243903,3992784.0,0.0,0.5806451612903226,30.0
0x00a5e30c07744566265141f6ac6d60645f2db286,0.03741695093166952,0.03733214,0,1.9999989999999999,2,1767719841,-0.002024289984819922,-0.0030364357348209602,-0.002024289984819922,-0.002024289984819922,-0.004294168597458117,0.0,-0.002024289984819922,0.0,1.0,,-0.002024289984819922,0.0,-0.002024289984819922,,,-0.013899987574900274,0,0.9971727016256966,,-0.002024289984819922,0.15624996093752685,1.0,187612.0,187612.0,0.11513908476419477,0.999999625,-1441826.0,,0.14285714285714285,7.0
0x24e43b6aadd79c2ab38c06b5294cf28b452860fc,0.03737347102666638,0.037049755,0,12.531327000000001,2,1767542735,-0.40283397029656287,-0.4038461160465639,-0.40283397029656287,-0.40283397029656287,-0.5711246544247495,0.0,-0.40283397029656287,0.0,0.0,,-0.40283397029656287,0.0,-0.40283397029656287,,,-1.5548513359385157,0,0.9971727016256966,,-0.40283397029656287,0.2320590983631882,5.999999,585684.0,585684.0,0.4032714282960094,8.411525454545455,-866648.0,,0.4,10.0
0xbbc3d969bcca3a9981fffeafdec067c950c1b91f,0.037355628979490435,0.036933787,0,142.857142,2,1767699763,-0.006072871049601344,-0.007085016799602383,-0.006072871049601344,-0.006072871049601344,-0.010019726847638908,0.0,-0.006072871049601344,0.0,1.0,,-0.006072871049601344,0.0,-0.006072871049601344,,,0.04260002829470015,0,0.9971727016256966,,-0.006072871049601344,0.035042960089203525,0.999999,146044.0,146044.0,0.09074663220162052,1.0899428055555556,-1463316.0,0.0,0.030303030303030304,33.0
0x0509d64aac136cbc253b7e208e4bacfe6c786e98,0.03733388685723207,0.036792397,0,9924.089169000003,285,1767474709,0.25199143051193074,0.2526855513045894,0.25199143051193074,0.25199143051193074,4.0553486089087185,0.13777392160439556,0.25199143051193074,0.010183473100403573,0.0,13.689192322363638,0.2585189041758523,0.06148795506739395,0.2650463778397739,0.7497849106753853,0.6992290350482481,,3,0.9971727016256966,-0.8450596390907075,0.25199143051193074,0.0,0.0,10886438.0,10886438.0,7.864184652815201,0.0,9502132.0,,,0.0
0x0764e60776113f9b43cb3c3723253723b8c16e11,0.03733385593175258,0.036792196,0,11.02,2,1767703763,0.005060728750005194,0.006072874500006232,0.005060728750005194,0.005060728750005194,0.008588341480498543,-0.05695466618024823,0.005060728750005194,-0.09125466012144716,0.0,,0.0,-0.021954660121447186,0.0,-0.016931982238516934,-0.09125466012144717,,1,0.9971727016256966,-0.9853551334207983,0.005060728750005194,0.07951460861626625,2.35,800610.0,800610.0,0.49623766549313236,3.5404810863131932,-812750.0,0.0,0.4666666666666667,23.0
0x540d6b0e4d8bb938af8a60ff57e5f0c233fce665,0.03732314059036613,0.036722485,0,20.0,2,1767564043,0.34109311775034973,0.34210526350035075,0.34109311775034973,0.34109311775034973,0.4838099034014174,0.08001302263862344,0.34109311775034973,-0.013929008803556886,0.0,,0.34109311775034973,0.04387098088820071,0.34109311775034973,0.6340665214825861,0.5634665208873861,,1,0.9971727016256966,-0.8997766826284075,0.34109311775034973,0.04824222258609752,14.10766,5237830.0,5237830.0,3.554348416166771,21.20795785915493,3764190.0,,0.4358974358974359,39.0
0xbd2f8dd5dd2fa5bf9abd1c9f7aef0c312ccd06a3,0.03732226633798386,0.036716796,0,3.158898,4,1767474367,-2.47116276649174e-05,8.36623908269024e-05,-2.47116276649174e-05,-2.47116276649174e-05,0.004877978731579337,-0.059391058814335235,-2.47116276649174e-05,-0.2045948004916026,0.0,-0.11536985808351621,-0.010522621913186462,-0.1927913294266138,-0.021020532198708006,0.4453666479761297,0.39136669901618687,,1,0.9971727016256966,-0.8448501642111556,-2.47116276649174e-05,0.09639930261337946,0.999999,375138.0,375138.0,0.2710605189152319,1.5326442307692312,-1008826.0,,0.5,20.0
0x24b3ce2d581825b29ac31275fb16a1ab0d98b3d2,0.037300115448390764,0.036572624,0,3.95,2,1767497643,-0.39878542550040896,-0.39979757125041,-0.39878542550040896,-0.39878542550040896,-0.5653991474661536,0.0,-0.39878542550040896,0.0,0.0,,-0.39878542550040896,0.0,-0.39878542550040896,,,-1.5974864302037348,0,0.9971727016256966,,-0.39878542550040896,0.22141166092853343,0.999999,397452.0,397452.0,0.28243370000852736,1.193798,-1009788.0,,0.4,5.0
0x27c936074a4356133c9ba604ce9fd890931f65f9,0.03729749087264228,0.036555536,0,5.399998,4,1767438403,-4.651484932047058e-06,0.00014278139254570346,-4.651484932047058e-06,-4.651484932047058e-06,0.010100892159960436,0.9555424927336003,-4.651484932047058e-06,1.0861662581228244,0.0,-0.07819945421815233,-0.002913968771348762,1.092667561948384,-0.005823286057765477,4.396207494231156,4.405107484151154,,1,0.9971727016256966,-0.8228222268772195,-4.651484932047058e-06,0.2583486552129688,1.0,,,,2.6033279117647057,,,0.09090909090909091,22.0
0xca8f0374e3fc79b485499cc0b038d4f7e783d963,0.037293468240978005,0.036529344,0,3.999858,3,1767133637,0.9706477742509951,0.9716599200009962,0.9706477742509951,0.9706477742509951,1.5829813343239236,0.00035976677172015054,0.9706477742509951,0.03682474877858162,0.0,,0.9706477742509951,0.025173620297006656,0.9706477742509951,2.8526666624546664,2.873666666666667,,2,0.9971727016256966,-0.6361531592119335,0.9706477742509951,0.0,0.0,,,,0.0,,,,0.0
0x16efc6cabd093d5d9197fcd98c120472cfa22ffa,0.03727465706207032,0.036406823,0,1.999998,2,1767532733,-0.4321860983596611,-0.4331982441096622,-0.4321860983596611,-0.4321860983596611,-0.6126348320160949,0.0,-0.4321860983596611,0.0,0.0,,-0.4321860983596611,0.0,-0.4321860983596611,,,-1.5366734616911255,0,0.9971727016256966,,-0.4321860983596611,0.12500000000003125,0.999999,52386.0,52386.0,0.036320398244507154,0.999999,-1389944.0,,0.0,8.0
0xfb47312f0f02c2b4cfc3f03c7e98a7ee18485323,0.037273173215228265,0.036397155,0,1.999998,2,1767616679,0.31578965548527593,0.316801801235277,0.31578965548527593,0.31578965548527593,0.44802540389115425,0.480823493541872,0.31578965548527593,0.017596203703198893,0.0,,0.31578965548527593,0.08199620370319889,0.31578965548527593,0.5472234935418719,0.481223493541872,,1,0.9971727016256966,-0.9320162140906769,0.31578965548527593,0.10000000000002096,0.999999,15483408.0,15483408.0,10.144566251451245,0.9999987000000001,13957132.0,,0.5,10.0
0xb47e879bb07d0541b8f277957df33f9a1d09c824,0.03725967996317167,0.03630923,0,768.7,6,1766123547,-0.010364732887992825,-0.010381752153818757,-0.010364732887992825,-0.010364732887992825,-0.08006114073151584,-0.029216402462309905,-0.010364732887992825,0.05815365842550536,0.0,4.96999999999999,-0.007876916677555065,0.06405276821779023,-0.0053891004671173075,-0.7703466984300202,-0.7703466984300202,,1,0.9971727016256966,-0.017473389952800778,-0.010364732887992825,0.11267475859905768,127.17,219662.0,219662.0,6.627504223992276,194.26060606060608,186518.0,,0.26666666666666666,15.0
0xdfe3fac64decc42acf07d46180366439cb3bdd24,0.03725662430985516,0.036289316,0,18.499996,3,1767541149,0.346440930447643,0.34745307619764404,0.346440930447643,0.346440930447643,0.588648788406929,0.155186754326775,0.346440930447643,0.04789787480059276,0.0,,0.346440930447643,0.10479787480059277,0.346440930447643,0.6420676514041256,0.5855676514041256,,1,0.9971727016256966,-0.8857541156913835,0.346440930447643,0.07642484386594998,1.0,18280525.0,18280525.0,12.600775738826783,3.76574723943662,16829779.0,,0.18181818181818182,33.0
0xbf1d62f6a3f20275e56312763c16d3a53c7c95de,0.03723147490984528,0.036125343,0,94.399996,5,1767562767,-0.38059388150069445,-0.3816060272506955,-0.38059388150069445,-0.38059388150069445,-0.8152642466968749,0.0,-0.38059388150069445,0.0,0.0,,-0.38059388150069445,0.0,-0.38059388150069445,,,-1.627535928279857,0,0.9971727016256966,,-0.38059388150069445,0.05835341810616294,19.9999995,24546.0,24546.0,0.016671149253852987,45.91176223529412,-1447818.0,0.0,0.0,30.0
0x7f855dd2f62f46a6cb48620e1fc138f5ddf58693,0.03717952517919584,0.035786297,0,72.592104,12,1766108503,0.22232152129536215,0.2226789810169264,0.22232152129536215,0.22232152129536215,0.7731828743890428,-0.17029146479060125,0.22232152129536215,-0.06812097324675451,0.0,-0.7608118400000002,0.21697356767714474,-0.05789938546412193,0.21162561405892732,-0.6524642435939104,-0.6963496825349,,3,0.9971727016256966,-0.008258945251106481,0.22232152129536215,0.07098719873514081,6.5,32536065.0,32536065.0,1797.5726519337018,26.906856824817517,32517965.0,0.0,0.20418848167539266,138.0
0x17424b9d090c19fb321dfb3e0e380c8a91f41693,0.0371301135232078,0.035463393,0,3.997191,2,1767610945,0.28947373083850586,0.29048587658850694,0.28947373083850586,0.28947373083850586,0.41080906634930364,0.40534183065899393,0.28947373083850586,0.057934951260971194,0.0,,0.28947373083850586,0.12258827126097119,0.28947373083850586,0.4648418306589939,0.40674183065899394,,1,0.9971727016256966,-0.9285041411101188,0.28947373083850586,0.07459599934867073,1.58,6097712.0,6097712.0,4.010222670600352,1.7779988000000002,4577170.0,0.0,0.5333333333333333,15.0
0x78b15ce19b862bf037b35a14b8b4053b04d2f58f,0.03712954098999212,0.03545965,0,36.038049,4,1767470347,0.18021968137528088,0.1805800829676398,0.18021968137528088,0.18021968137528088,0.31837839984419963,0.5000061539755873,0.18021968137528088,0.3459445612196348,0.0,3.0384001274999997,0.2040841115254044,0.3666802136381168,0.22794854167552794,1.6605765412534974,1.6415765466968313,,1,0.9971727016256966,-0.8423879156269485,0.18021968137528088,0.01734834166729831,11.92335,5347732.0,5347732.0,3.875325375522485,30.224062510869565,3967788.0,,0.43333333333333335,120.0
0x0e101ddbeb565f81c8e3901440d1ca06d383291e,0.03712697409466034,0.035442863,0,8.85,1,1767494479,0.4139676117504245,0.41497975750042554,0.4139676117504245,0.4139676117504245,0.41497975750042554,0.22103055565396285,0.4139676117504245,-0.017901124326909143,0.0,,0.4139676117504245,0.06669887567309085,0.4139676117504245,0.8967960100196096,0.8514960100196096,,1,0.9971727016256966,-0.8571687571279647,0.4139676117504245,0.011742205409570012,3.2,9467363.0,9467363.0,6.742771046581524,7.039023842631141,8063287.0,,0.4250559284116331,445.0
0xa89e045cad7333377f321a8d5a4da5b1aaf34ab4,0.037068573530208954,0.03506065,0,156.0,2,1767657823,0.22165991925022727,0.2226720650002283,0.22165991925022727,0.22165991925022727,0.29746536138875695,0.24850855189444412,0.22165991925022727,0.2319745245488675,0.0,,0.22165991925022727,0.3216345245488675,0.22165991925022727,0.3100585473332038,0.2413085518944441,,1,0.9971727016256966,-0.9572168996002828,0.22165991925022727,0.0,0.0,,,,0.0,,,,0.0
0x34ca2591a56635318769e0986bec6f45646a0437,0.0370582924756153,0.034993306,0,218.529996,4,1767483121,9.949134600854087e-06,1.0035150171293701e-05,9.949134600854087e-06,9.949134600854087e-06,0.001885460742186877,-0.018097028849776042,9.949134600854087e-06,-0.06666641301977833,0.0,32.96847094994617,0.04391052866404811,-0.053166030594552535,0.08781110819349537,0.6467711488548423,0.6089711488548424,,1,0.9971727016256966,-0.850211986128108,9.949134600854087e-06,0.15312333116912633,9.999999,946470.0,946470.0,0.6795848118571024,18.567568958333336,-446248.0,,0.05263157894736842,19.0
0x208b9b97ddeff56f82ef1bb44d71e2a4a8e5f2d2,0.037055020151927194,0.034971867,0,7.026152,6,1767526645,-0.009190921801532321,-0.04489888119179857,-0.009190921801532321,-0.009190921801532321,-0.14840062438089305,0.0,-0.009190921801532321,0.0,0.6046287428332087,-0.12828877901335656,-0.01518859078278826,0.0,-0.0211862597640442,,,-0.7656732903579148,1,0.9971727016256966,-0.8789357696119324,-0.009190921801532321,0.02512310929419386,1.999995,238974.0,238974.0,0.16638839415641654,2.289694775510204,-1197268.0,,0.24675324675324675,77.0
0xe4ca3841ade21e05cbd5786dd5feea5d65c01383,0.037040327403979244,0.034875583,0,1.65,3,1766802111,0.293184885583634,0.29352226750030097,0.293184885583634,0.293184885583634,0.5083954804633443,0.012000000084240004,0.293184885583634,0.01399999999999999,0.0,-0.30000000000000004,0.2881241568336288,0.0,0.2830634280836236,-0.6719803362664291,-0.665980336266429,,1,0.9971727016256966,-0.43309360097117944,0.293184885583634,0.0,0.0,,,,0.0,,,,0.0
0x6273ea47e733c23e544c9f3e459521c9997095c8,0.037024430690384004,0.034771368,0,203.61683299999996,20,1767522899,0.0,0.0002030618410308852,0.0,0.0,0.00045335215824654127,0.0,0.0,0.0,0.0,-100.25859261749997,-0.04904474865345353,0.0,-0.09808949730690707,,,-1.4460314833201455,1,0.9971727016256966,-0.9953866526526747,0.0,0.07733374297741014,21.8232,673118.0,673118.0,0.4698917134847148,39.64086443396226,-759378.0,,0.3333333333333333,27.0
0x1b73480fbf1bc450991d93f687570ccdf6b545d9,0.03702393187559079,0.034768097,0,28.101242999999997,13,1767695755,0.0031285260692443494,0.00406266447839357,0.0031285260692443494,0.0031285260692443494,0.01216852386770314,-0.056207540850709586,0.0031285260692443494,-0.08583228030332347,0.0,0.038310034719461025,0.0006899221294889815,-0.0221510841156673,0.001379844258977963,0.008192837981971802,-0.07088771442522572,,1,0.9971727016256966,-0.9804502362411142,0.0031285260692443494,0.0,0.0,625250.0,625250.0,0.3894784446028036,0.0,-980102.0,,,0.0
0xf7b72c49f5221f87564192ad6eb93e88de979ae4,0.03699622599192997,0.03458636,0,7.776047,2,1767519385,0.36032391576616923,0.36133606151617026,0.36032391576616923,0.36032391576616923,0.5110063587706469,0.0482499760397658,0.36032391576616923,0.017400003347525672,0.0,,0.36032391576616923,0.08810000903164772,0.36032391576616923,0.682052173196386,0.6341521778808075,,1,0.9971727016256966,-0.8724236733563878,0.36032391576616923,0.06142034472306632,9.999999,33780719.0,33780719.0,23.63970924756225,15.232701220338981,32351737.0,,0.45,40.0
0x5ad70236c44dacf1b46ba00d32ee405afac3245e,0.036988936670888754,0.034538522,0,3.0474430000000003,4,1767433437,-0.7230288572873856,-0.7240410030373867,-0.7230288572873856,-0.7230288572873856,-1.4481612508743273,0.0,-0.7230288572873856,0.0,0.0,,-0.7230288572873856,0.0,-0.7230288572873856,,,-0.6930269980942831,0,0.9971727016256966,,-0.7230288572873856,0.42760511858550093,1.1,598104.0,598104.0,0.44533794378995617,2.0104907410824104,-744930.0,,0.3333333333333333,93.0
0xee82a022ed23e2e1877a828bd058eaacaf70f011,0.03697475707794231,0.034445442,0,153.84615100000002,2,1767486981,0.3532388677372043,0.35425101348720534,0.3532388677372043,0.3532388677372043,0.50098658775802,-0.0038449706432575684,0.3532388677372043,-0.05699999804197914,0.0,,0.3532388677372043,-0.00910000272640062,0.3532388677372043,0.6218711168662061,0.6089711168662061,,1,0.9971727016256966,-0.852576234768665,0.3532388677372043,0.02968948821567077,23.766,38472420.0,38472420.0,27.54763428895486,78.52825850530034,37075842.0,0.0,0.47191011235955055,172.0
0xe59dfc507d702874f942996564a29fc08962dc31,0.03694733265490012,0.03426532,0,375.17399600000005,21,1767476477,7.4187076647678065e-22,-2.2719404570740873e-06,7.4187076647678065e-22,7.4187076647678065e-22,-0.0008842182188126436,0.0,7.4187076647678065e-22,0.0,0.0,-2.396672106666665,-0.005714196900853173,0.0,-0.011428393801706346,,,-1.6534533026794804,1,0.9971727016256966,-0.9116971507741383,7.4187076647678065e-22,0.27377264799882534,10.0,1130003.0,1130003.0,0.8152544525039789,41.070167980392156,-256071.0,,0.375,16.0
0x4ae6fc705421ec31a88b3f5322e94e1e55507485,0.03694362016927704,0.034240928,0,49.361489000000006,4,1766369782,0.2694665815283511,0.2698038363237559,0.2694665815283511,0.2694665815283511,0.46740201648607815,0.0,0.2694665815283511,0.0,0.0,-0.06828620000000028,0.2686229648701143,0.0,0.2677793482118774,,,0.016717361476444238,1,0.9971727016256966,-0.16830081572703096,0.2694665815283511,0.012097710027752449,6.975,4998559.0,4998559.0,17.89167761356437,11.828869760479042,4719180.0,,0.08762886597938144,194.0
0x6feeb523bbc30fda3dcccb5fef729a2b56c9ab64,0.03692174091662413,0.03409712,0,4.0,2,1767473641,-0.2682186234810443,-0.26923076923104533,-0.2682186234810443,-0.2682186234810443,-0.3807498052546852,0.0,-0.2682186234810443,0.0,0.0,,-0.2682186234810443,0.0,-0.2682186234810443,,,-1.780338532521666,0,0.9971727016256966,,-0.2682186234810443,0.030303030303125863,1.999998,16408.0,16408.0,0.01186202229840418,1.9999971515151513,-1366830.0,0.0,0.0,33.0
0x0e337b58bab4a08c836d59df4e7aef78f2178b7a,0.036898888223732246,0.033946827,0,64.68442,8,1767425163,-3.0173451985251154e-05,5.62080676362422e-05,-3.0173451985251154e-05,-3.0173451985251154e-05,0.004893976767595759,-0.005657820336515936,-3.0173451985251154e-05,0.14503222057853093,0.0,-3.1061166666666664,-0.031132694061146878,0.14333200137437396,-0.0622352146703085,0.8985040647765227,0.907404054696521,,1,0.9971727016256966,-0.8147127315401793,-3.0173451985251154e-05,0.16536357593418716,19.9999995,1217793.0,1217793.0,0.9123685156882136,19.9752386,-116967.0,,0.1111111111111111,9.0
0x71afb689199cb3c531876d9ff9028817c0a0dd01,0.0368912974616381,0.033896886,0,205.95999999999998,10,1767510789,0.273528850653939,0.27454099640394003,0.273528850653939,0.273528850653939,0.8618138080163366,-0.1588810391583621,0.273528850653939,-0.2557565772688657,0.0,,0.273528850653939,-0.2034698519158938,0.273528850653939,0.39995261630284556,0.36889261630284553,,1,0.9971727016256966,-0.8671586263837898,0.273528850653939,0.13370571625111588,11.0,8994849.0,8994849.0,6.332679285771614,58.684983386666666,7574463.0,,0.3333333333333333,57.0
0x74e04413cdd9c5b1ba064d1d003432a855dea58e,0.03688370820129704,0.033846945,0,23.639704,6,1767513401,0.08929203092343302,0.08963901588950932,0.08929203092343302,0.08929203092343302,0.21851587485037646,-0.0935495249560474,0.08929203092343302,-0.17218472737964177,0.0,0.021776405578721073,0.0897686591630931,-0.13751679729103922,0.09024528740275316,0.3813617953621526,0.3548617953621525,,1,0.9971727016256966,-0.8687584754638766,0.08929203092343302,0.28118990333341237,6.93,4549212.0,4549212.0,3.19692086707079,7.466727735483871,3126214.0,,0.375,32.0
0x2bc02353762a3a2b7f61a773780ae4ecb613fab9,0.03683876163111098,0.03355097,0,1302.0,11,1766124917,0.0,-0.006638805456996054,0.0,0.0,-0.06402232129744419,0.0,0.0,0.0,0.0,0.0,0.0,0.0,0.0,,,0.43978270140833037,1,0.9971727016256966,-0.06657687421829732,0.0,0.09019598929796911,94.35,203838.0,203838.0,5.905951208205366,124.05911627906976,169324.0,,0.2777777777777778,18.0
0x85dc683f5452ae3cfef99dd8d01b1a06f5658d9e,0.036826136296133356,0.03346777,0,1.3850390000000001,2,1767688467,0.28036448821203874,0.28137663396203977,0.28036448821203874,0.28036448821203874,0.39792665188400667,0.42731716525336283,0.28036448821203874,0.38071716525336285,0.0,,0.0,0.45041716525336284,0.0,0.44531716525336285,0.38071716525336285,,1,0.9971727016256966,-0.9759863388078552,0.28036448821203874,0.0028146577341605335,0.999999,9607521.0,9607521.0,6.011975114889016,1.0871075621621624,8009457.0,,0.4911660777385159,566.0
0x6cf05805e99ed4e46c65b4cacbea6ec74fdd6677,0.036824463330451744,0.033456743,0,499.249929,6,1767573471,0.0350865817702894,0.03542395274884987,0.0350865817702894,0.0350865817702894,0.06840466153576887,0.011960555732113935,0.0350865817702894,-0.09368388856789016,0.0,-30.999978885,0.02201282052302035,-0.06987992389990709,0.008939059275751303,0.10212992400163592,0.03472839765026982,-1.9137184291267526,1,0.9971727016256966,-0.9475516551577983,0.0350865817702894,0.41170799776116457,37.3287,1383218.0,1383218.0,0.9326733501093679,61.5600185,-99850.0,,0.0,3.0
0xcfb5d2715c6472e0c6b0be9b4da5722640ab069a,0.036813489696949274,0.0333844,0,52.437428000000004,6,1767513553,-0.1032456995325658,-0.10360478909173015,-0.1032456995325658,-0.1032456995325658,-0.18198451646512012,0.0,-0.1032456995325658,0.0,0.0,0.039991415500000634,-0.10290836678567132,0.0,-0.10257103403877685,,,-1.7710283384318946,1,0.9971727016256966,-0.8701365996714552,-0.1032456995325658,0.059970004663435085,9.0,473594.0,473594.0,0.332778695148087,8.122732723404257,-949556.0,,0.42857142857142855,21.0
0x027c2250d43d9c92b403e38f5cf478ae477e60f2,0.036800308430671405,0.03329748,0,32.288534,3,1767479057,0.3039707972365281,0.3049829429865292,0.3039707972365281,0.3039707972365281,0.5157537679762026,-0.0396291452526631,0.3039707972365281,-0.2325462344259648,0.0,,0.3039707972365281,-0.21254623154596347,0.3039707972365281,0.46318679337730434,0.45272720290509366,,1,0.9971727016256966,-0.8477227875593971,0.3039707972365281,0.07714884210897484,34.3114,10032623.0,10032623.0,7.2247104030233595,111.64265069148935,8643969.0,,0.5136612021857924,181.0
0xb94691b4ac67747599849c2955b2716472a88ae6,0.03679013112360819,0.033230346,0,1.958038,2,1767608961,0.2874494808764123,0.28846162662641334,0.2874494808764123,0.2874494808764123,0.40794634459927764,0.3998421132623325,0.2874494808764123,0.039011516594669685,0.0,,0.2874494808764123,0.10481151682584275,0.2874494808764123,0.4592421155243328,0.4012421132623325,,1,0.9971727016256966,-0.9272889418088585,0.2874494808764123,0.10233384330242828,1.7949994999999999,5931930.0,5931930.0,3.906291363253824,1.7833324166666669,4413372.0,0.0,0.4166666666666667,11.0
0x6d823ae6553604db8b2a3f9105b760a79be7700c,0.03678713339764202,0.033210568,0,2.923073,2,1767609961,0.2874494605211611,0.28846160627116213,0.2874494605211611,0.2874494605211611,0.4079463158126054,0.3998420581684021,0.2874494605211611,0.053897665059658796,0.0,,0.2874494605211611,0.11689766505965879,0.2874494605211611,0.4626420581684021,0.4012420581684021,,1,0.9971727016256966,-0.9279014414566712,0.2874494605211611,0.06083335816003495,2.064998,5937544.0,5937544.0,3.907415182572827,1.9899986666666665,4417986.0,0.0,0.42105263157894735,18.0
0x357b6ad195a520f14c670a2c54121fe8693beb44,0.036771295482760896,0.03310605,0,1.472753,2,1767476781,0.32388683724035144,0.32489898299035247,0.32388683724035144,0.32388683724035144,0.45947654814618194,0.0004428818708691884,0.32388683724035144,-0.36595199002107737,0.0,,0.32388683724035144,-0.3306022612562423,0.32388683724035144,0.5619338198993646,0.5080338263455662,,1,0.9971727016256966,-0.8463287383609754,0.32388683724035144,0.055641290814031075,1.454969,5381376.0,5381376.0,3.8816080462904057,1.688452076923077,3994998.0,0.0,0.625,24.0
0x3078db4a9737866b4d6529f655025b3a20f80389,0.036761597039591136,0.03304203,0,23.0,3,1766959205,0.27968960891695344,0.2800269908336205,0.27968960891695344,0.27968960891695344,0.48502097561445495,-0.21333344565333706,0.27968960891695344,-0.1599999999999991,0.0,-0.3999999999999987,0.2780026993336184,-0.16066666666666574,0.2763157897502833,-1.2009999999999996,-1.1999999999999997,,1,0.9971727016256966,-0.5293136206446681,0.27968960891695344,0.0,0.0,24319826.0,24319826.0,27.9923688020976,0.0,23451024.0,0.0,,0.0
0x658a5d8cc445596d53d3e1be2ec47f706e339a1a,0.03673367908740274,0.03285764,0,6.838992999999999,2,1767476235,0.3259109701273719,0.326923115877373,0.3259109701273719,0.3259109701273719,0.46233910432705183,0.004518331130240867,0.3259109701273719,-0.381453396302631,0.0,,0.3259109701273719,-0.3549533963026309,0.3259109701273719,0.5663600548090112,0.5143600548090113,,1,0.9971727016256966,-0.8459943135532697,0.3259109701273719,0.04475706965800271,1.1349870000000002,5378698.0,5378698.0,3.8812049368177384,1.2817284722222224,3992866.0,0.0,0.6206896551724138,29.0
0xdb90fb707fbb959e9736bfac6b4a09500df26af1,0.03672725243255248,0.032815177,0,7.824725,2,1767484421,0.3643725055722412,0.36538465132224224,0.3643725055722412,0.3643725055722412,0.5167319293828794,-0.014872557310878103,0.3643725055722412,-0.022618834120999014,0.0,,0.3643725055722412,0.0061811658790009785,0.3643725055722412,0.6858763042095684,0.6488763042095683,,1,0.9971727016256966,-0.8510082356702645,0.3643725055722412,0.13765667272036683,3.66,39669164.0,39669164.0,28.456708593432797,5.193826692307692,38275146.0,0.0,0.3333333333333333,18.0
0x714e1a0b7045adda39440599b768e6c5c717beee,0.036705237826232584,0.03266966,0,112.65666600000002,5,1767526347,0.22479145062989525,0.2258035963798963,0.22479145062989525,0.22479145062989525,0.4215793379249431,0.24495118709398755,0.22479145062989525,-0.18236968192994413,0.0,,0.22479145062989525,-0.109413108556291,0.22479145062989525,0.5102416396239191,0.43803898701560107,,2,0.9971727016256966,-0.8766878959044598,0.22479145062989525,0.0,0.0,1366787.0,1366787.0,0.9518386510894575,0.0,-69157.0,,,0.0
0xd4b7b8044ec42ddba60f530a5769f087350f3bd1,0.03669568118945741,0.032606464,0,81.967212,2,1767495687,0.39372470070182075,0.3947368464518218,0.39372470070182075,0.39372470070182075,0.5582422018205523,0.16139135780285838,0.39372470070182075,-0.027812408235819874,0.0,,0.39372470070182075,0.04648759254498011,0.39372470070182075,0.794697513188577,0.7634974966509483,,1,0.9971727016256966,-0.8579086567025224,0.39372470070182075,0.09817706513376982,13.34,28597831.0,28597831.0,20.35021461853974,45.57697023255814,27192547.0,,0.5098039215686274,99.0
0xc9bb35ed33ef33065708ab6b8b26b1ab343d5048,0.03665300751244337,0.03232408,0,1654.3127429999997,23,1767437229,0.004051910689984997,0.004057707414863373,0.004051910689984997,0.004051910689984997,0.05361803726630771,1.0720276936259614,0.004051910689984997,0.9955127430106795,0.0,49.789011983333346,0.05400052869149495,1.0334995152330344,0.1039491466930049,4.2343169526366955,4.239716942556694,,1,0.9971727016256966,-0.8221031522906874,0.004051910689984997,0.10555131297138688,25.249999000000003,2553360.0,2553360.0,1.8958350967385542,37.21383478571428,1206534.0,,0.44,25.0
0x707d4339039fd7ae0ca02f9ca4fc6513ec325f92,0.03663404088922078,0.03219847,0,1.51515,2,1767468435,-0.667004049250684,-0.6680161950006849,-0.667004049250684,-0.667004049250684,-0.9447175628548388,0.0,-0.667004049250684,0.0,0.0,,-0.667004049250684,0.0,-0.667004049250684,,,-1.2197947267424576,0,0.9971727016256966,,-0.667004049250684,0.10915598966408542,1.9999985,12534.0,12534.0,0.009095579783343202,1.7795760714285718,-1365498.0,,0.16666666666666666,12.0
0xc6dd722558dbfbd8fa780efcbe819ed8c6604b9f,0.03662919471592085,0.032166366,0,1265.495405,9,1767684119,0.291355868364784,0.29236801411478514,0.291355868364784,0.291355868364784,0.6664684618178022,0.44617217158099726,0.291355868364784,0.42017585567448307,0.0,,0.0,0.49439897541944605,0.0,0.4351617703980348,0.34933955131452304,,1,0.9971727016256966,-0.9733231903391656,0.291355868364784,0.0,0.0,20601504.0,20601504.0,12.926709652158854,0.0,19007788.0,0.0,,0.0
0x85c331ada60535d138dd0ba861dbfb0398851067,0.03662571426419025,0.032143306,0,4.117646,2,1767610629,0.2884615987271765,0.28947374447717755,0.2884615987271765,0.2884615987271765,0.4093776953905483,0.4025867332400417,0.2884615987271765,0.05591237495894996,0.0,,0.2884615987271765,0.11841237495894998,0.2884615987271765,0.46278673324004166,0.40398673324004164,,1,0.9971727016256966,-0.92831059122141,0.2884615987271765,0.0738205769250905,1.579999,5840582.0,5840582.0,3.84191692550976,1.875292588235294,4320356.0,0.0,0.23529411764705882,17.0
0xcbf2c2771db5b3f934049d277da1cc691cdd6395,0.036620151824754164,0.032106448,0,41.999998,4,1766170859,0.9586649214103283,0.9596770671603293,0.9586649214103283,0.9586649214103283,1.550418518043854,0.4150489162990149,0.9586649214103283,-0.12264769407775893,0.0,,0.9586649214103283,-0.15083160363665712,0.9586649214103283,2.3244973311150487,2.330497331115049,,2,0.9971727016256966,-0.046451973290115356,0.9586649214103283,0.05489679450796602,0.999999,5879084.0,5879084.0,73.07203937555931,1.693302375,5798628.0,,0.35294117647058826,34.0
0xce789d966012ae7621ed1e13995da654bf326c38,0.03659868946407495,0.031964183,0,1.474925,2,1767476699,0.3248988886856434,0.3259110344356445,0.3248988886856434,0.3248988886856434,0.46090780502593326,0.0024763436814357054,0.3248988886856434,-0.36472935969669323,0.0,,0.3248988886856434,-0.32937963093185807,0.3248988886856434,0.5431905864101608,0.5111905864101608,,1,0.9971727016256966,-0.8462785133898548,0.3248988886856434,0.04461590562543377,1.149999,5777306.0,5777306.0,4.167440431192184,2.4415825339805823,4391010.0,0.0,0.5769230769230769,77.0
0xa5f52ff66135815684abdda2afa33e5713fb44c3,0.03659814616357644,0.03196058,0,244.11846799999998,12,1767337695,-1.5651210920608994e-07,-2.5341604662480486e-05,-1.5651210920608994e-07,-1.5651210920608994e-07,-0.00503659145477755,0.0,-1.5651210920608994e-07,0.0,0.0,-0.23149910904510965,-0.0007729299538641393,0.0,-0.0015457033956190723,,,-0.7374291217295387,1,0.9971727016256966,-0.7614375121734305,-1.5651210920608994e-07,0.0,0.0,344754.0,344754.0,0.2764019972869224,0.0,-902538.0,0.0,,0.0
0x91243145bf6be087a4c63932b151fa2635961ee1,0.036593650045784916,0.031930767,0,1.470587,2,1767477781,0.32287460437188126,0.3238867501218823,0.32287460437188126,0.32287460437188126,0.45804503469531166,-0.003365934253059276,0.32287460437188126,-0.3275021689799511,0.0,,0.32287460437188126,-0.3022021689799511,0.32287460437188126,0.5362890501670791,0.5088890501670791,,1,0.9971727016256966,-0.8469412380087882,0.32287460437188126,0.05127272341696169,1.179998,5378086.0,5378086.0,3.8764388652551793,1.4449068857142857,3990708.0,0.0,0.5333333333333333,29.0
0xb47c541541c4db9977b2e94b6a8fed5bd0ec213b,0.03657279945803319,0.031792462,0,68.317598,5,1767451577,-6.399779323613297e-06,3.424443737386975e-05,-6.399779323613297e-06,-6.399779323613297e-06,0.004598132345912015,0.46978500669036277,-6.399779323613297e-06,0.5641814943661145,0.0,-5.838979510066258,-0.01440593804532658,0.5792003040456034,-0.028805476311329545,2.4755145986264844,2.4789145885464827,,1,0.9971727016256966,-0.8308912972375041,-6.399779323613297e-06,0.22574993836132762,20.5286495,36767023.0,36767023.0,27.011258663477264,23.3414431,35405849.0,0.0,0.6666666666666666,6.0
0x5cacb3c118c849cc4d202e6aa8cfc0ee645c45f8,0.036570827651434504,0.03177938,0,6.69,1,1767504265,0.33400809750034244,0.3350202432503435,0.33400809750034244,0.33400809750034244,0.33502024325034346,-0.07952011572710119,0.33400809750034244,-0.10824289057896652,0.0,,0.33400809750034244,-0.06524289057896651,0.33400809750034244,0.5731797714489232,0.5441797737429233,,1,0.9971727016256966,-0.8631626786814598,0.33400809750034244,0.07824778199571922,7.3216,6229836.0,6229836.0,4.406254641542103,9.951467192307692,4815974.0,,0.32142857142857145,28.0
0xba54a3d10630ba2e5ee56a4adcd99ea1fcc2409f,0.03656597099801202,0.03174715,0,34.875,4,1767558865,0.0,0.0,0.0,0.0,0.0,0.014915074055502815,0.0,-0.025384704176034143,0.0,0.13750000000000012,0.0013917004062514284,0.0036552952305789616,0.0027834008125028568,0.59715311540454,0.5266031108103305,,2,0.9971727016256966,-0.8966051594520333,0.0,0.030382546458942145,6.82,872624.0,872624.0,0.5942435010235199,10.469939647826088,-595838.0,,0.44776119402985076,67.0
0x11bb65ce3d3393ba60b7d9a62d01daa5e5af175b,0.03655834341446782,0.03169653,0,1.472753,2,1767476679,0.32388683724035144,0.32489898299035247,0.32388683724035144,0.32388683724035144,0.45947654814618194,0.0004428818708691884,0.32388683724035144,-0.36595199002107737,0.0,,0.32388683724035144,-0.3306022612562423,0.32388683724035144,0.5400338263455662,0.5080338263455662,,1,0.9971727016256966,-0.8462662633968986,0.32388683724035144,0.062099844425106215,1.189998,5774438.0,5774438.0,4.165431703354887,2.386974601626016,4388162.0,0.0,0.5465116279069767,86.0
0x3ac4b02b52a2a1ed73be944bca976e9630a12d15,0.03655834341446782,0.03169653,0,1.999996,2,1767476745,0.32591143239874365,0.3269235781487447,0.32591143239874365,0.32591143239874365,0.46233975807749517,0.004519265755728738,0.32591143239874365,-0.3635006607237326,0.0,,0.32591143239874365,-0.32815093195889755,0.32591143239874365,0.5463615053662998,0.5143615053662998,,1,0.9971727016256966,-0.8463066883736542,0.32591143239874365,0.06217641677526079,1.1399985,5770418.0,5770418.0,4.162333681010891,2.5686405545454543,4384076.0,0.0,0.5185185185185185,81.0
0xd8d990bdf3b8c95de6d2d90bc38a6683e564f111,0.036556186033007476,0.03168221,0,1.472753,2,1767477009,0.32388683724035144,0.32489898299035247,0.32388683724035144,0.32388683724035144,0.45947654814618194,-0.04602671163737755,0.32388683724035144,-0.3617986250260008,0.0,,0.32388683724035144,-0.3304488962611657,0.32388683724035144,0.5619338198993646,0.5120338263455662,,1,0.9971727016256966,-0.8464683882806767,0.32388683724035144,0.048894726076716945,1.129998,5379716.0,5379716.0,3.879772624667714,1.4072611538461544,3993110.0,0.0,0.5483870967741935,30.0
0x4ea973c3a568ccba6a4af6a1df69e8843d6b2e7d,0.036556114197230434,0.03168173,0,1.472753,2,1767476955,0.32388683724035144,0.32489898299035247,0.32388683724035144,0.32388683724035144,0.45947654814618194,-0.04602671163737755,0.32388683724035144,-0.36195199002107736,0.0,,0.32388683724035144,-0.3306022612562423,0.32388683724035144,0.5619338198993646,0.5120338263455662,,1,0.9971727016256966,-0.8464353132996949,0.32388683724035144,0.05676803065498254,1.1899989999999998,5972680.0,5972680.0,4.307577357358397,4.117349964912281,4586128.0,0.0,0.5802469135802469,80.0
0x14037b56b5b8ad24c368ca1d4096c28eda32c514,0.03655327791501218,0.031662904,0,1.470587,2,1767477799,0.32287460437188126,0.3238867501218823,0.32287460437188126,0.32287460437188126,0.45804503469531166,-0.003365934253059276,0.32287460437188126,-0.3275021689799511,0.0,,0.32287460437188126,-0.3022021689799511,0.32287460437188126,0.5362890501670791,0.5088890501670791,,1,0.9971727016256966,-0.8469522630024487,0.32287460437188126,0.05502224818411677,1.189998,5860246.0,5860246.0,4.2239173242534935,2.6659246178861786,4472850.0,0.0,0.5340909090909091,88.0
0xf4f06c97cec3cc970df6a73f024219cdd5f6a88d,0.036551975451121495,0.031654257,0,77.523544,5,1767508679,-5.660925055875357e-06,4.167070540756408e-05,-5.660925055875357e-06,-5.660925055875357e-06,0.0033431810423948604,-0.051490207776263716,-5.660925055875357e-06,-0.13184748712242197,0.0,-1.1211398600523572,-0.004538181888516074,-0.10554341276602357,-0.009070702851976272,0.38380166057257314,0.35445277453314383,,1,0.9971727016256966,-0.865866252126905,-5.660925055875357e-06,0.1482867397595812,10.0,499464.0,499464.0,0.352162766626524,16.223531689655175,-918812.0,,0.35294117647058826,17.0
0xebaf09973644901cf6298fe7eebd9590d30551eb,0.036534147801579986,0.03153588,0,1.999998,2,1767477453,0.32287460437188126,0.3238867501218823,0.32287460437188126,0.32287460437188126,0.45804503469531166,-0.04794963958242453,0.32287460437188126,-0.3453357592751294,0.0,,0.32287460437188126,-0.3225357640388636,0.32287460437188126,0.5362890501670791,0.5088890501670791,,1,0.9971727016256966,-0.8467403381243056,0.32287460437188126,0.06543403745020498,1.1349995,5430955.0,5430955.0,3.9154716845102917,1.3297931923076924,4043905.0,0.0,0.5,21.0
0x80dc5c172e873f99dcfd05abbe77ae869f3e7cf8,0.036510292146451385,0.031377386,0,12.988800000000001,4,1766331207,0.27631578975028337,0.27665317166695036,0.27631578975028337,0.27631578975028337,0.47917735250964877,0.07519968175915494,0.27631578975028337,0.08400065306689931,0.0,-1.4210854715202004e-16,0.27631578975028337,0.0800006530668993,0.27631578975028337,-0.06500000000000031,-0.0680000000000003,0.0014999558273825605,1,0.9971727016256966,-0.15225822495152067,0.27631578975028337,0.0,0.0,32172973.0,32172973.0,133.60647248384578,0.0,31932169.0,0.0,,0.0
0x982db93c9a09696a745d0d8fbbe271ced54f4dbc,0.03649432124874946,0.031271223,0,1.455603,2,1767478569,0.31578965548527593,0.316801801235277,0.31578965548527593,0.31578965548527593,0.44802540389115425,-0.0629435031998981,0.31578965548527593,-0.2784640002826034,0.0,,0.31578965548527593,-0.24756400028260336,0.31578965548527593,0.514223493541872,0.487223493541872,,1,0.9971727016256966,-0.8474238877312645,0.31578965548527593,0.05593154143219564,1.2399915,5973950.0,5973950.0,4.303483877288451,4.306856201923077,4585784.0,0.0,0.5352112676056338,71.0
0xd14acceb9694f9f9ae65d3acdb35ace74a77d5d7,0.03649432124874946,0.031271223,0,1.477102,2,1767477185,0.3259109685024305,0.32692311425243153,0.3259109685024305,0.3259109685024305,0.46233910202903755,-0.04215732274837439,0.3259109685024305,-0.3415489169633992,0.0,,0.3259109685024305,-0.3251489169633992,0.3259109685024305,0.5457600497101265,0.5183600497101264,,1,0.9971727016256966,-0.8465761882186917,0.3259109685024305,0.1103935299841171,1.194994,5856122.0,5856122.0,4.222813679439162,3.797580818181818,4469340.0,0.0,0.5230769230769231,65.0
0x6c90469a01ec3baabe7b09804c6ee393c398864e,0.03649432124874946,0.031271223,0,1.999998,2,1767477433,0.32287460437188126,0.3238867501218823,0.32287460437188126,0.32287460437188126,0.45804503469531166,-0.04794963958242453,0.32287460437188126,-0.3453357592751294,0.0,,0.32287460437188126,-0.3225357640388636,0.32287460437188126,0.5362890501670791,0.5088890501670791,,1,0.9971727016256966,-0.8467280881313494,0.32287460437188126,0.05070831606001242,1.129998,5772022.0,5772022.0,4.1614254918783296,2.1309707113402063,4384992.0,0.0,0.527027027027027,73.0
0xd0458417195d275f75f34002a2a3fd895357b5cf,0.03646926350036785,0.031104567,0,3.399998,2,1767524963,0.30060728858622204,0.3016194343362231,0.30060728858622204,0.30060728858622204,0.42655429471358786,-0.1462081757780922,0.30060728858622204,0.06531333398373844,0.0,,0.30060728858622204,0.13711333414891505,0.30060728858622204,0.5016527981748657,0.44275279817486574,,1,0.9971727016256966,-0.875840196391887,0.30060728858622204,0.07602746172310006,2.2149995000000002,29220235.0,29220235.0,20.368778580191837,2.88004796,27785675.0,0.0,0.23809523809523808,21.0
0x08f8abb2cbecc7d27cfa862f82858a1452fd35f0,0.03644643432614986,0.030952636,0,19.999998,2,1767491857,-0.4433198190387127,-0.4443319647887137,-0.4433198190387127,-0.4433198190387127,-0.6283802908000835,0.0,-0.4433198190387127,0.0,0.0,,-0.4433198190387127,0.0,-0.4433198190387127,,,-1.5177348330864209,0,0.9971727016256966,,-0.4433198190387127,0.14211534552741523,9.999999500000001,45138.0,45138.0,0.0322079782854093,10.5711935625,-1356316.0,,0.1,10.0
0x990c2bd526dbc8aacdc5fb21d9b42403022b9fef,0.036427111078453055,0.030823966,0,6.556373,4,1767476271,0.3195305030736176,0.3205426488236186,0.3195305030736176,0.3195305030736176,0.6033439355403124,-0.007798855154207878,0.3195305030736176,-0.3767395409926406,0.0,,0.3195305030736176,-0.3504973264481051,0.3195305030736176,0.508506456174379,0.46880645617437894,,1,0.9971727016256966,-0.846016363540591,0.3195305030736176,0.050138395665777505,1.259998,6628828.0,6628828.0,4.7831597237254915,2.0343982461538466,5242960.0,0.0,0.5531914893617021,46.0
0xb955be2f7d4cdb3f78b3cab4c3efb0c56efa0b47,0.036427111078453055,0.030823966,0,6.764004999999999,4,1767476327,0.3172857098465377,0.3182978555965388,0.3172857098465377,0.3172857098465377,0.6024845999828393,-0.012241881561857954,0.3172857098465377,-0.37862228341865534,0.0,,0.3172857098465377,-0.34613307774083935,0.3172857098465377,0.5039376584073892,0.4642376584073894,,1,0.9971727016256966,-0.8460506635208684,0.3172857098465377,0.06278120109734754,1.3299995,6503918.0,6503918.0,4.69283885696474,5.557212435185185,5117994.0,0.0,0.5151515151515151,66.0
0x128c8c66404d8317a38d62007c8cb1e8317258e0,0.036423474893416664,0.030799747,0,93.415696,3,1767543247,0.35728745359804953,0.35829959934805056,0.35728745359804953,0.35728745359804953,0.6053126105274536,0.3171175905915736,0.35728745359804953,0.020291070435191,0.0,,0.35728745359804953,0.08209106017853222,0.35728745359804953,0.6762700979542419,0.6192700980984237,,1,0.9971727016256966,-0.8870391399524945,0.35728745359804953,0.10049667424004533,19.999999,,,,28.253998333333335,,,0.42857142857142855,14.0
0x69701ee3ee2fcef26b4e38a10388e290b4f1684a,0.036408718414762085,0.030701432,0,779.984845,4,1767504205,1.1714801672830781e-07,2.0175491769875232e-07,1.1714801672830781e-07,1.1714801672830781e-07,0.00025160220303504187,-0.058798516488482944,1.1714801672830781e-07,-0.07237338895209094,0.0,89.99819867,0.02277338154299301,-0.04772337292773837,0.045546645937969296,0.5071192404623592,0.4781192419916926,,1,0.9971727016256966,-0.863125928702591,1.1714801672830781e-07,0.19995264847143038,37.8651215,7769398.0,7769398.0,5.495393272891112,573.0705313758389,6355596.0,,0.55,19.0
0x8f386207445b27e057710b0fc3810e8f3287c7e6,0.03638886348082567,0.03056909,0,11.689598,6,1767642563,-9.232399216211464e-06,0.00013233126008722958,-9.232399216211464e-06,-9.232399216211464e-06,0.005366263620036657,0.11515572916499561,-9.232399216211464e-06,-0.09964802888271947,0.0,-0.07359957012139318,-0.0020322810947021393,-0.06337598495901128,-0.004055329790188068,0.2926687929134685,0.22846879291346842,,1,0.9971727016256966,-0.9478701549746609,-9.232399216211464e-06,0.03535748920286329,1.5,809000.0,809000.0,0.5212091536954954,1.7514735895765476,-743160.0,,0.38636363636363635,88.0
0x09c3cc90e0943af36d216806c932fb66dcc342eb,0.036388832470446913,0.030568883,0,1.999998,2,1767477369,0.32287460437188126,0.3238867501218823,0.32287460437188126,0.32287460437188126,0.45804503469531166,-0.04794963958242453,0.32287460437188126,-0.3453357592751294,0.0,,0.32287460437188126,-0.3225357640388636,0.32287460437188126,0.5362890501670791,0.5088890501670791,,1,0.9971727016256966,-0.8466888881538893,0.32287460437188126,0.04612307739459111,1.179999,5380834.0,5380834.0,3.87957166938483,1.4678117435897438,3993868.0,0.0,0.7,29.0
0x1da9aa7fb62098d6ecc8628fe1a10a540cb84282,0.036388832470446913,0.030568883,0,1.472753,2,1767477291,0.32388683724035144,0.32489898299035247,0.32388683724035144,0.32388683724035144,0.45947654814618194,-0.04602671163737755,0.32388683724035144,-0.34407893539399437,0.0,,0.32388683724035144,-0.3211789381873547,0.32388683724035144,0.5394338263455661,0.5120338263455662,,1,0.9971727016256966,-0.8466411131813599,0.32388683724035144,0.05539655464549289,1.219999,5381316.0,5381316.0,3.8801374011455865,1.614264875,3994428.0,0.0,0.6923076923076923,26.0
0xe1981b71ac1a4e627de2780c92134ee208929539,0.036387795453325746,0.030561969,0,10.537663000000002,4,1767476209,0.3254648020750388,0.3264769478250398,0.3254648020750388,0.3254648020750388,0.6026025330868373,-0.0031912032523119744,0.3254648020750388,-0.3761463772991373,0.0,,0.3254648020750388,-0.3479607896104109,0.3254648020750388,0.5512745300142474,0.5116245300142473,,1,0.9971727016256966,-0.8459783885624266,0.3254648020750388,0.07737987766604916,1.219996,6591644.0,6591644.0,4.756541680437233,2.991851264367816,5205838.0,0.0,0.5,58.0
0x53dc41b972f78a7204e25e3a49ee4e105b3c1f31,0.03637145473522932,0.030452995,0,1.472753,2,1767476643,0.32388683724035144,0.32489898299035247,0.32388683724035144,0.32388683724035144,0.45947654814618194,0.0004428818708691884,0.32388683724035144,-0.36595199002107737,0.0,,0.32388683724035144,-0.3306022612562423,0.32388683724035144,0.5400338263455662,0.5080338263455662,,1,0.9971727016256966,-0.8462442134095773,0.32388683724035144,0.07091769330750253,1.309983,6627052.0,6627052.0,4.78059499076639,3.902889377551021,5240812.0,0.0,0.5,62.0
0xf6402524de8dc8861bd38cafc4d080f35afd2577,0.03636770187833637,0.03042796,0,3.2573269999999996,2,1767610685,-0.3097164786267618,-0.3107286243767628,-0.3097164786267618,-0.3097164786267618,-0.4394366348111531,0.0,-0.3097164786267618,0.0,0.0,,-0.3097164786267618,0.0,-0.3097164786267618,,,-1.7939886102099747,0,0.9971727016256966,,-0.3097164786267618,0.12805298211741065,1.9999995,72418.0,72418.0,0.047634583583835106,3.878771333333333,-1447864.0,,0.2,15.0
0xb766be2ee36ae2d42b236e3fb16dbfb317351d83,0.0363588578910495,0.030368956,0,2796.11542,11,1767435389,-0.02601923172047904,0.07784800852278187,-0.02601923172047904,-0.02601923172047904,0.2515485056423785,0.22934882341086868,-0.02601923172047904,0.21371870366876078,0.0,-137.82800226729327,-0.05770752941941377,0.21175534835269494,-0.0893958271183485,1.3360854617415523,1.344985451661551,,1,0.9971727016256966,-0.8209761529387121,-0.02601923172047904,0.060811358075601465,49.999999,5881348.0,5881348.0,4.372794958460534,219.95728219834712,4536362.0,,0.28448275862068967,115.0
0x7696a6b44b9e1ec10792329c4c2b4dff257da22a,0.03635410564036412,0.030337244,0,79.40200000000002,3,1767434579,-0.20209176808354057,-0.20242915000020756,-0.20209176808354057,-0.20209176808354057,-0.3506175727333409,0.7109861224717413,-0.20209176808354057,0.8712266794176676,0.0,9.398,-0.1913798922293629,0.8700933494443349,-0.18066801637518526,5.065505455190401,5.074405445110399,-0.3554963996429722,1,0.9971727016256966,-0.8204800282239838,-0.20209176808354057,0.3853038984221408,1.1,,,,15.72765988,,,0.35714285714285715,14.0
0xb12ba51df1ffbf8b3a7630adcbc28651b4572e1c,0.03635304194383318,0.030330146,0,2.544528,2,1767544097,-0.3967609335225744,-0.39777307927257544,-0.3967609335225744,-0.3967609335225744,-0.5625360834541844,0.0,-0.3967609335225744,0.0,0.0,,-0.3967609335225744,0.0,-0.3967609335225744,,,-1.5883994539455875,0,0.9971727016256966,,-0.3967609335225744,0.07500018001743548,0.999999,76650.0,76650.0,0.05272774050109583,1.1111032222222221,-1377044.0,,0.0,16.0
0xfb227c6998b0db8a8f7c972e6e1620c11e02c416,0.036348224563436615,0.030297995,0,1.455603,2,1767478543,0.31578965548527593,0.316801801235277,0.31578965548527593,0.31578965548527593,0.44802540389115425,-0.0629435031998981,0.31578965548527593,-0.2784640002826034,0.0,,0.31578965548527593,-0.24756400028260336,0.31578965548527593,0.514223493541872,0.487223493541872,,1,0.9971727016256966,-0.8474079627404214,0.31578965548527593,0.04333341062628816,1.2499989999999999,6626486.0,6626486.0,4.773643868774043,1.6771427727272723,5238346.0,0.0,0.5625,32.0
0xf657e409543377ed703c3f32b41aab30bcb6ac2a,0.0363310710722359,0.03018348,0,1.472753,2,1767476917,0.32388683724035144,0.32489898299035247,0.32388683724035144,0.32388683724035144,0.45947654814618194,-0.04602671163737755,0.32388683724035144,-0.3619519838906655,0.0,,0.32388683724035144,-0.33060225512583047,0.32388683724035144,0.5619338198993646,0.5120338263455662,,1,0.9971727016256966,-0.846412038313078,0.32388683724035144,0.04458191236528141,1.359999,6626802.0,6626802.0,4.779469951259057,4.640158291390729,5240288.0,0.0,0.5444444444444444,90.0
0xdf3f1758e5b2b4b4044ed2a98776f37c486ac76c,0.0363310710722359,0.03018348,0,1.472753,2,1767476975,0.32388683724035144,0.32489898299035247,0.32388683724035144,0.32388683724035144,0.45947654814618194,-0.04602671163737755,0.32388683724035144,-0.36195199002107736,0.0,,0.32388683724035144,-0.3306022612562423,0.32388683724035144,0.5619338198993646,0.5120338263455662,,1,0.9971727016256966,-0.8464475632926511,0.32388683724035144,0.06624092452232855,1.254986,6626774.0,6626774.0,4.779249833402088,2.7431323867924524,5240202.0,0.0,0.5151515151515151,64.0
0x7a78905d92379627cee57a6f58260665cb33818e,0.0363305215527574,0.03017981,0,1.455603,2,1767478705,0.31578965548527593,0.316801801235277,0.31578965548527593,0.31578965548527593,0.44802540389115425,-0.0629435031998981,0.31578965548527593,-0.2784640002826034,0.0,,0.31578965548527593,-0.24766401083620576,0.31578965548527593,0.49768308401408257,0.487223493541872,,1,0.9971727016256966,-0.8475071876833671,0.31578965548527593,0.004644368071394945,0.999999,7432928.0,7432928.0,5.3539705337887575,0.9619705162523902,6044626.0,,0.4621026894865526,401.0
0xf9696cc0b44224545e5a5a13aed16b8a65817ce8,0.036325271116165216,0.030144747,0,152.73586,9,1767544269,0.08971069860696558,0.0900480606767619,0.08971069860696558,0.08971069860696558,0.17998833048126112,0.11392405204620079,0.08971069860696558,-0.0017094705690786172,0.0,-3.006750999999999,0.08225137381822155,0.019804880595570576,0.0747920490294775,0.4148346861421229,0.352934694541435,-1.649737037037037,2,0.9971727016256966,-0.8880399643770205,0.08971069860696558,0.16900557706405328,25.922,21085020.0,21085020.0,14.50272583580605,85.30715696940025,19631154.0,0.0,0.3770491803278688,122.0
0xa5ca742631d2bb31ded0e0ed4a1af8d17e59af6f,0.03631016707481005,0.030043855,0,1.477102,2,1767477155,0.3259109685024305,0.32692311425243153,0.3259109685024305,0.3259109685024305,0.46233910202903755,-0.04215732274837439,0.3259109685024305,-0.3415489169633992,0.0,,0.3259109685024305,-0.31964891696339914,0.3259109685024305,0.5456600497101265,0.5183600497101264,,1,0.9971727016256966,-0.8465578132292574,0.3259109685024305,0.052693946456249405,1.2868,6504914.0,6504914.0,4.690755088148421,4.898195012578617,5118162.0,0.0,0.5280898876404494,89.0
0x83a5164126e8a6830f8abfdd7211bf01ecfa404e,0.03631016707481005,0.030043855,0,1.999998,2,1767477393,0.32287460437188126,0.3238867501218823,0.32287460437188126,0.32287460437188126,0.45804503469531166,-0.04794963958242453,0.32287460437188126,-0.3453357592751294,0.0,,0.32287460437188126,-0.3225357640388636,0.32287460437188126,0.5362890501670791,0.5088890501670791,,1,0.9971727016256966,-0.8467035881454368,0.32287460437188126,0.05913340892124633,1.3189625,6499860.0,6499860.0,4.686306317997967,4.41231101923077,5112870.0,0.0,0.5507246376811594,69.0
0xc84bfde89d8e7e65d326130de2b12e0b8fc33040,0.03631016707481005,0.030043855,0,1.455603,2,1767478711,0.31578965548527593,0.316801801235277,0.31578965548527593,0.31578965548527593,0.44802540389115425,-0.0629435031998981,0.31578965548527593,-0.2784640002826034,0.0,,0.31578965548527593,-0.24766401083620576,0.31578965548527593,0.49768308401408257,0.487223493541872,,1,0.9971727016256966,-0.847510862681254,0.31578965548527593,0.041106651564256684,1.3179895,6501374.0,6501374.0,4.682947876119708,5.467465520000001,5113066.0,0.0,0.5157894736842106,95.0
0xed606ae4d4dd10f09cba771509c9c470c1155cd9,0.03630741020661771,0.030025436,0,7.2780190000000005,2,1767475535,0.315789481370973,0.31680162712097404,0.315789481370973,0.315789481370973,0.4480251576563456,-0.015527413605757445,0.315789481370973,-0.3931025267706436,0.0,,0.315789481370973,-0.36810252677064365,0.315789481370973,0.5369229684353016,0.48322296843530166,,1,0.9971727016256966,-0.8455655637998009,0.315789481370973,0.008029434628593983,4.1,8680720.0,8680720.0,6.267070575223156,7.447936162162163,7295588.0,0.0,0.4772727272727273,424.0
0xb5baebd04ccb5ddbec3af8b1d8755459fb239dbd,0.03630741020661771,0.030025436,0,6.594869,4,1767476287,0.322032366119823,0.3230445118698241,0.322032366119823,0.322032366119823,0.6101520456347929,-0.012676227754981888,0.322032366119823,-0.36166451401427957,0.0,,0.322032366119823,-0.33697835788936226,0.322032366119823,0.5212451123297098,0.48174511845471374,,1,0.9971727016256966,-0.846026163534956,0.322032366119823,0.06146010110509757,2.024999,6502148.0,6502148.0,4.6916971405976255,5.96751695652174,5116264.0,0.0,0.4931506849315068,73.0
0x4a60bf806d191015e5fba2eb215dda5f6c5f89b6,0.036285421855057454,0.029878475,0,39.08997,3,1767433275,0.16936572216684037,0.16970310408350736,0.16936572216684037,0.16936572216684037,0.2939343984747841,0.1265293614439098,0.16936572216684037,0.2983285197107473,0.0,-0.3171600000000003,0.16835357641683935,0.2960618597640817,0.1673414306668383,1.3861457670726673,1.3950457569926658,,1,0.9971727016256966,-0.819681328683236,0.16936572216684037,0.0,0.0,4033926.0,4033926.0,3.003954211570425,0.0,2691054.0,,,0.0
0xae5e20c5af666b0390bba4eac3cff38799814046,0.03628197813098992,0.02985545,0,50.662867,5,1767435671,2.5503762828893876e-05,6.823673019721112e-05,2.5503762828893876e-05,2.5503762828893876e-05,0.006448057258711337,0.3704615003602818,2.5503762828893876e-05,0.44614955309040927,0.0,3.766860363918481,0.028480306218976868,0.4444493677482373,0.05693510867512484,2.3568908475307087,2.3657908374507075,,1,0.9971727016256966,-0.8211488778393953,2.5503762828893876e-05,0.13173339825237074,99.999999,9119951.0,9119951.0,6.779281897733388,161.22574129032256,7774683.0,0.0,0.5172413793103449,29.0
0x0cbb97ab763e1aba76e399fa4240602c5bb37c38,0.03626920224247497,0.029770015,0,8.48741,4,1767476395,0.3242389587032516,0.32525110445325267,0.3242389587032516,0.3242389587032516,0.6104602500306094,-0.006971317750573983,0.3242389587032516,-0.376467601618658,0.0,,0.3242389587032516,-0.34328455543238034,0.3242389587032516,0.5528966606913753,0.5131966606913753,,1,0.9971727016256966,-0.8460923134969197,0.3242389587032516,0.05894542323498425,1.3178895,6503414.0,6503414.0,4.692244976882983,5.049772418181818,5117422.0,0.0,0.42857142857142855,70.0
0xe0789b8cb552cb758bb93344aaefdb83348be707,0.03625517848621679,0.0296762,0,65.090461,13,1767433195,0.027914873300729538,0.03057549403064294,0.02584703221655406,0.028753002575891924,0.19477619632518892,0.9310626916912812,0.030532308304186268,1.2433265409077805,0.0,1.8719226089766021,0.04762702194293428,1.2415540114167416,0.06666591840462638,4.435129043137178,4.444029033057176,,1,0.9971727016256966,-0.819632328711411,0.02825149939098586,0.014623101689146618,3.0,6028454.0,6028454.0,4.48949204344381,5.923955762557077,4685662.0,,0.6518518518518519,385.0
0xa7b0dce175b4a990e45487f4d8bcedf71fd40810,0.036251769257494335,0.029653389,0,1.999998,2,1767477065,0.32287460437188126,0.3238867501218823,0.32287460437188126,0.32287460437188126,0.45804503469531166,-0.04794963958242453,0.32287460437188126,-0.3630163723622644,0.0,,0.32287460437188126,-0.33131637436711453,0.32287460437188126,0.5361890501670791,0.5088890501670791,,1,0.9971727016256966,-0.8465026882609542,0.32287460437188126,0.055195457128234246,1.6699885,6626750.0,6626750.0,4.778922332911697,5.09608804,5240088.0,0.0,0.47540983606557374,61.0
0xa23cbb157a46f810e22a56ae9ae8187cd58c1fa0,0.036251769257494335,0.029653389,0,1.472753,2,1767477043,0.32388683724035144,0.32489898299035247,0.32388683724035144,0.32388683724035144,0.45947654814618194,-0.04602671163737755,0.32388683724035144,-0.3617986250260008,0.0,,0.32388683724035144,-0.3300986270308509,0.32388683724035144,0.5393338263455661,0.5120338263455662,,1,0.9971727016256966,-0.8464892132687024,0.32388683724035144,0.052529695762599894,1.26,6500130.0,6500130.0,4.687683897767265,5.178191061068703,5113490.0,0.0,0.4939759036144578,82.0
0x9f610089c912505b9ebd4594e9f695cd84715afa,0.0362440074330292,0.029601445,0,164.82080000000002,23,1767276317,0.0,-4.118030291993223e-21,0.0,0.0,-2.8872294188084458e-12,1.230543258711848,0.0,0.7912075790730548,0.0,7.788371428571428,0.06319373486716283,0.7904879771954165,0.12638746973432566,5.198845453993069,5.209600999468623,,3,0.9971727016256966,-0.7235446089618498,0.0,0.11399479639262956,3.125,4239887.0,4239887.0,3.575206127931705,5.743272157894737,3053973.0,,0.4074074074074074,27.0
0xb244c12b6cbb01dcc0933e70b66daf18bc0b7ed9,0.03623323365418067,0.029529328,0,10.9375,2,1767544295,0.36336032425037257,0.3643724700003736,0.36336032425037257,0.36336032425037257,0.515300488829912,0.22931562500000005,0.36336032425037257,0.033779811550118985,0.0,,0.36336032425037257,0.08967981155011898,0.36336032425037257,0.6981718746096,0.641171875,,1,0.9971727016256966,-0.8876810395834023,0.36336032425037257,0.07838342605546622,5.0,,,,12.721641388429752,,,0.32051282051282054,78.0
0xcb45e1e003ea344eb6e7a9bb653c06a91e56ff71,0.03621407592193855,0.029401038,0,1.472753,2,1767476813,0.32388683724035144,0.32489898299035247,0.32388683724035144,0.32388683724035144,0.45947654814618194,-0.04602671163737755,0.32388683724035144,-0.36595199002107737,0.0,,0.32388683724035144,-0.3306022612562423,0.32388683724035144,0.5619338198993646,0.5080338263455662,,1,0.9971727016256966,-0.8463483383497055,0.32388683724035144,0.10483426576162394,1.399999,6626854.0,6626854.0,4.779865984809688,3.3757733899999995,5240444.0,0.0,0.46153846153846156,52.0
0x8739928ffc3911b492e1635a2169dc54d1487012,0.03620560651553971,0.029344302,0,184.41364899999996,15,1767454397,-4.972482719103533e-06,-1.4083355726891513e-05,-4.972482719103533e-06,-4.972482719103533e-06,-0.002501536536731833,0.3478503217794906,-4.972482719103533e-06,0.3614446570040445,0.0,-1.026601118387049,-0.0037731552023178784,0.3637625936436256,-0.007541337921916653,2.748645463964631,2.7520454538846293,-1.5156826580781084,2,0.9971727016256966,-0.832618546244336,-4.972482719103533e-06,0.07204903464218128,4.999999,1218813.0,1218813.0,0.8935618485125301,6.13889275,-145181.0,,0.2857142857142857,21.0
0x8a1c34cc5c2f83e442fa2cf7f96d3486123878d7,0.03619868337205789,0.029297914,0,1.999998,2,1767617819,0.30364385659353604,0.30465600234353707,0.30364385659353604,0.30364385659353604,0.43084865037259956,0.44654083357142693,0.30364385659353604,-0.042232734621945586,0.0,,0.30364385659353604,0.02386726537805442,0.30364385659353604,0.5074408336571412,0.4454408335714269,,1,0.9971727016256966,-0.9327144636891834,0.30364385659353604,0.09090909090917956,0.999999,15489396.0,15489396.0,10.140915114153577,0.9999984545454546,13961980.0,,0.75,11.0
0x0680f94fdf95e1e1f57e89fc8c6b1daafddb14b5,0.03619376033124163,0.029264923,0,1.474925,2,1767477115,0.3248988886856434,0.3259110344356445,0.3248988886856434,0.3248988886856434,0.46090780502593326,-0.04409608699091219,0.3248988886856434,-0.34281675201754075,0.0,,0.3248988886856434,-0.3187167520175408,0.3248988886856434,0.5424905864101608,0.5151905864101608,,1,0.9971727016256966,-0.8465333132433449,0.3248988886856434,0.06243991384160895,1.189998,6630140.0,6630140.0,4.78119465325172,2.6771357252747254,5243428.0,0.0,0.48333333333333334,60.0
0xda02bf1ba1462e26f07966550537b92542e76900,0.03619376033124163,0.029264923,0,1.477102,2,1767477235,0.3259109685024305,0.32692311425243153,0.3259109685024305,0.3259109685024305,0.46233910202903755,-0.04215732274837439,0.3259109685024305,-0.3415489169633992,0.0,,0.3259109685024305,-0.3251489169633992,0.3259109685024305,0.5457600497101265,0.5183600497101264,,1,0.9971727016256966,-0.8466068132010824,0.3259109685024305,0.08851988036787385,1.32191,6629702.0,6629702.0,4.780465117620591,3.694873806451613,5242870.0,0.0,0.38461538461538464,39.0
0xb9ee3fd5479b89995c77a6eb182a3bf64940252a,0.03619376033124163,0.029264923,0,1.455603,2,1767478731,0.31578965548527593,0.316801801235277,0.31578965548527593,0.31578965548527593,0.44802540389115425,-0.0629435031998981,0.31578965548527593,-0.2784640002826034,0.0,,0.31578965548527593,-0.24766401083620576,0.31578965548527593,0.49768308401408257,0.487223493541872,,1,0.9971727016256966,-0.8475231126742102,0.31578965548527593,0.06602049043935548,1.2899845,6505160.0,6505160.0,4.685607435706836,4.541228908333334,5116832.0,0.0,0.4794520547945205,73.0
0x2a3632af88d5753acbc0ffea181c86ff2ac72569,0.03619002178567887,0.029239867,0,1.999996,2,1767517467,0.28340143657894007,0.28441358232894115,0.28340143657894007,0.28340143657894007,0.40222154545270544,-0.09778299155664985,0.28340143657894007,-0.12950849649666316,0.0,,0.28340143657894007,-0.06440838076116216,0.28340143657894007,0.42136809397308916,0.3953680939730892,,1,0.9971727016256966,-0.8712488990318831,0.28340143657894007,0.039119315728200016,1.999999,8884911.0,8884911.0,6.226007382990532,3.3258212300884957,7457847.0,,0.5666666666666667,60.0
0xe19307d7f326bade1c2013e16574234eadacf0a0,0.03618863785103522,0.02923059,0,1.999996,2,1767478931,0.3046564175647485,0.3056685633147495,0.3046564175647485,0.3046564175647485,0.4322806278308179,-0.038362010990834125,0.3046564175647485,-0.29329909599257875,0.0,,0.3046564175647485,-0.26249081599257873,0.3046564175647485,0.46482000064866225,0.4543604101764516,,1,0.9971727016256966,-0.8476456126037728,0.3046564175647485,0.06878510894271458,1.53,5378344.0,5378344.0,3.873414147932199,1.774066037037037,3989816.0,0.0,0.6363636363636364,22.0
0x3bea95fa9eace38f1f9cccb489c31251f992f95a,0.03617422794922675,0.029133987,0,3344.4046079999994,19,1767468135,7.418641870406931e-07,1.744017326937995e-06,7.418641870406931e-07,7.418641870406931e-07,0.0010516144085719332,0.7917165391603658,7.418641870406931e-07,0.7521379502176837,0.0,106.78833705999773,0.04560594631512336,0.7713616668201563,0.09121115076605968,2.738901960342619,2.734301960342619,,1,0.9971727016256966,-0.8410330664059869,7.418641870406931e-07,0.08400835116118524,19.9999995,1541060.0,1541060.0,1.118548454997053,55.12669610795455,163328.0,,0.17647058823529413,51.0
0x71aa50bc1944117e7b3472ea2b2eb8032488fcdb,0.036166507099687106,0.02908221,0,14.388488,2,1767474783,0.3076923192553771,0.3087044650053782,0.3076923192553771,0.3076923192553771,0.43657404117573634,-0.07758147928729414,0.3076923192553771,-0.38307082610398835,0.0,,0.3076923192553771,-0.35727082610398836,0.3076923192553771,0.5130822882832815,0.4591822882832815,,1,0.9971727016256966,-0.8451049640646456,0.3076923192553771,0.0045617126155366415,2.5,6284316.0,6284316.0,4.5394443722099425,3.5556482191435763,4899936.0,0.0,0.4927797833935018,553.0
0x902da313f4ba0055aa1d4d81c517e9fedf3e6eb4,0.03615753277618252,0.029022016,0,81.350305,11,1767534285,3.2417325464857977e-07,-9.184751271220265e-06,3.2417325464857977e-07,3.2417325464857977e-07,-0.0015396612903617142,0.0,3.2417325464857977e-07,0.0,0.0,-4.63289802034748,-0.017909386959617607,0.0,-0.035819098092489864,,,-1.5531866815662214,1,0.9971727016256966,-0.9105334014432942,3.2417325464857977e-07,0.14039587598638992,19.044999,397992.0,397992.0,0.27564025315088075,29.835433333333338,-1045890.0,,0.3333333333333333,15.0
0xdbadbc55778d44643efabdde735e2f0b35d42429,0.036148097566768594,0.028958714,0,618.1284110000001,23,1766235156,2.1518553876472845e-07,5.3488945888441395e-06,2.1518553876472845e-07,2.1518553876472845e-07,0.002170267061683603,-0.22989644812735396,2.1518553876472845e-07,-0.11790306625220766,0.0,-4.5989457771699715,-0.005490386397557889,-0.12063786485694948,-0.010980987980654543,-0.8530476688857521,-0.8510540856229551,,3,0.9971727016256966,-0.0858338631455287,2.1518553876472845e-07,0.10773507874875224,19.9999985,63263.0,63263.0,0.43704102851063537,19.9480946,-81490.0,0.0,0.2222222222222222,18.0
0x9681da24a4f7bd07e30477c7cf90ae89d1ffde38,0.036139300262591496,0.028899677,0,2.7406379999999997,2,1767606031,0.2540486659757602,0.2550608117257613,0.2540486659757602,0.2540486659757602,0.36071045917246214,0.31459090601394113,0.2540486659757602,-0.03395536633244438,0.0,,0.2540486659757602,0.03264463366755562,0.2540486659757602,0.37809090601394113,0.31539090601394115,,1,0.9971727016256966,-0.9254943178407672,0.2540486659757602,0.07743034528057476,2.1649979999999998,5590722.0,5590722.0,3.6887164924374582,2.095713142857143,4075094.0,0.0,0.14285714285714285,14.0
0xa5ed3fd677d217b027320dbe26b30199bf49b42a,0.03612331162863289,0.028792346,0,15.629995999999998,4,1767433437,-0.7236553388482931,-0.7246674845982941,-0.7236553388482931,-0.7236553388482931,-1.448300197660919,0.0,-0.7236553388482931,0.0,0.0,,-0.7236553388482931,0.0,-0.7236553388482931,,,-0.6930156803830181,0,0.9971727016256966,,-0.7236553388482931,0.04382892789389708,2.2449995,90656.0,90656.0,0.06750089722225945,2.9834097471264367,-1252378.0,,0.29508196721311475,61.0
0xfd6d6e2d81e4958c51fcc9ceb6cf64e008c1c733,0.036123183465169094,0.028791485,0,35.722,4,1767498709,0.32894736875033725,0.3299595145003383,0.32894736875033725,0.32894736875033725,0.6494388951816056,-0.04009898653867382,0.32894736875033725,-0.22927834009868345,0.0,,0.32894736875033725,-0.17057834009868345,0.32894736875033725,0.5516453044895699,0.5279453248092772,,1,0.9971727016256966,-0.8597596306382124,0.32894736875033725,0.10653675647103825,14.8,24311320.0,24311320.0,17.26281078117966,31.02218925192802,22903014.0,,0.4863636363636364,217.0
0x31d82d92df004b96cb2898d9bd642f151275ffb4,0.036093267890136525,0.02859054,0,1.408448,2,1767477741,0.2925101792402889,0.29352232499028996,0.2925101792402889,0.2925101792402889,0.4151032528605514,-0.06031386093829103,0.2925101792402889,-0.36387395442597525,0.0,,0.2925101792402889,-0.33857395442597527,0.2925101792402889,0.4474704391800536,0.4200704391800536,,1,0.9971727016256966,-0.8469167380228756,0.2925101792402889,0.05052671525709974,1.269991,5381538.0,5381538.0,3.8790388499413986,1.4644753103448278,3994200.0,0.0,0.5925925925925926,27.0
0x7931579f1dd07cb790d0df73f595fd245487b841,0.036093267890136525,0.02859054,0,1.999996,2,1767477599,0.2914985142884227,0.29251066003842374,0.2914985142884227,0.2914985142884227,0.4136725425650446,-0.062095115361149034,0.2914985142884227,-0.36500688362237177,0.0,,0.2914985142884227,-0.3422068836223717,0.2914985142884227,0.4446849843885633,0.41728498438856326,,1,0.9971727016256966,-0.8468297630728863,0.2914985142884227,0.06310332708349335,1.089998,5382714.0,5382714.0,3.8802836801720884,1.27839752,3995518.0,0.0,0.5909090909090909,22.0
0x5ea48de709c88fd1d0bd1ae003773ad2d9af901d,0.0360925316847453,0.028585592,0,7.2,2,1767543039,-0.402834008500413,-0.4038461542504141,-0.402834008500413,-0.402834008500413,-0.5711247084531526,0.0,-0.402834008500413,0.0,0.0,,-0.402834008500413,0.0,-0.402834008500413,,,-1.5578512871036287,0,0.9971727016256966,,-0.402834008500413,0.08738462400323915,0.999999,105056.0,105056.0,0.07232093931308325,1.1420216,-1347580.0,,0.15384615384615385,13.0
0xcd1aa5daec83b6db481db508350da8db98cd45c8,0.03608150724144174,0.028511498,0,16.793892,2,1767546481,0.3481781536702145,0.3491902994202155,0.3481781536702145,0.3481781536702145,0.4938296572891907,0.18769370196204946,0.3481781536702145,-0.04618145776352858,0.0,,0.3481781536702145,0.002218545375672773,0.3481781536702145,0.643928022451002,0.591428022451002,,1,0.9971727016256966,-0.8890199638135208,0.3481781536702145,0.10206599769742111,1.45,46327400.0,46327400.0,31.81656477194216,2.7023804285714284,44871322.0,0.0,0.2777777777777778,18.0
0xd8a254bbc5fe9a9735bd019efe959529c6f2477c,0.03607877179477951,0.02849311,0,2.675,1,1767468921,-0.5404858305005541,-0.5414979762505552,-0.5404858305005541,-0.5404858305005541,-0.5414979762505552,0.0,-0.5404858305005541,0.0,0.0,,-0.5404858305005541,0.0,-0.5404858305005541,,,-1.3056281123929983,0,0.9971727016256966,,-0.5404858305005541,0.6883952299015611,6.40855,948860.0,948860.0,0.6883189047948594,19.080208333333335,-429658.0,,0.2,5.0
0x57af1c106bbc2fb97f2f78776ae999a153c4ad69,0.03606030693462763,0.028368952,0,9.404498,4,1767476363,0.3185246975980873,0.31953684334808835,0.3185246975980873,0.3185246975980873,0.5994063822417006,-0.01885521114792655,0.3185246975980873,-0.33954698085164137,0.0,,0.3185246975980873,-0.3075278681531203,0.3185246975980873,0.5133208210135841,0.47382082713858814,,1,0.9971727016256966,-0.8460727135081897,0.3185246975980873,0.09806523360272797,2.439998,6625220.0,6625220.0,4.780238967935582,4.249829880597015,5239260.0,0.0,0.37142857142857144,35.0
0x9fd8e3b55fc2bdab22fcd49f5a7696d501ce01f0,0.036051973207290595,0.028312895,0,194.810498,6,1767522295,0.14729675595186878,0.16008254349725531,0.14729675595186878,0.14729675595186878,0.4772682353639803,0.294735742211984,0.14729675595186878,0.2408398740108672,0.0,37.79012039476578,0.17889766453192757,0.28784880825451653,0.2104985731119864,1.3263939497764945,1.1997516373695687,,1,0.9971727016256966,-0.8742060473315227,0.14729675595186878,0.031219661934948732,10.5,14775767.0,14775767.0,10.31905129716487,33.312128862251654,13343875.0,0.0,0.41363636363636364,219.0
0x05b42ba500223e9c4a20f0f86829b345c773bee3,0.03603751217456006,0.028215595,0,1.418437,2,1767477927,0.29757091115325535,0.29858305690325637,0.29757091115325535,0.29757091115325535,0.4222602085674028,-0.05129591358258727,0.29757091115325535,-0.17230681945899265,0.0,,0.29757091115325535,-0.15400681945899264,0.29757091115325535,0.46156528331024327,0.4341652833102433,,1,0.9971727016256966,-0.8470306629573688,0.29757091115325535,0.05044592850605879,1.119999,5380462.0,5380462.0,3.8777433759704336,1.3699718139534884,3992938.0,0.0,0.59375,31.0
0x296369ddbd080679af31d09d12e6406f5d5c35db,0.03603148557892252,0.028175034,0,1.342278,2,1767479405,0.2570851034458475,0.2580972491958486,0.2570851034458475,0.2570851034458475,0.3650046302239575,-0.16068392744087273,0.2570851034458475,-0.3448674697533727,0.0,,0.2570851034458475,-0.3177674697533727,0.2570851034458475,0.33896180303426,0.32850221256204937,,1,0.9971727016256966,-0.8479359374368359,0.2570851034458475,0.04683887224309199,1.079991,5383712.0,5383712.0,3.875956982063381,1.324704282051282,3994710.0,0.0,0.6451612903225806,31.0
0x19743a513eba2bb07fa0b2c31260dce3ed75e06e,0.03602991156183995,0.028164439,0,1.999998,2,1767568651,0.3248988886856435,0.32591103443564456,0.3248988886856435,0.3248988886856435,0.46090780502593337,-0.03415735565604933,0.3248988886856435,-0.09266848790329651,0.0,,0.3248988886856435,-0.03436848790329653,0.3248988886856435,0.5684341473436096,0.509190586410161,,1,0.9971727016256966,-0.9025990810055284,0.3248988886856435,0.03857571960111253,1.0019,12952588.0,12952588.0,8.762121105524919,1.2974643999999997,11474340.0,,0.71875,32.0
0x3e426d5b3a5aa4bef22826b5b98de6497c798f95,0.03602865887086428,0.028156007,0,54.387564000000005,11,1767570381,-5.46233535921105e-06,4.624779996819877e-05,-5.46233535921105e-06,-5.46233535921105e-06,0.0034481324428186494,-0.09326476886124759,-5.46233535921105e-06,-0.09529313398278184,0.0,-0.18403130747214916,-0.003045646532617382,-0.06423754940446402,-0.006085830729875553,0.3791560605817821,0.3200560764677938,,1,0.9971727016256966,-0.9036587053962444,-5.46233535921105e-06,0.01973046603913985,1.919999,756054.0,756054.0,0.5108548910862188,6.50407139766702,-723924.0,0.0,0.4523809523809524,126.0
0xad7ecdfb1426ce0cd29763a3972d4c53726af9eb,0.03602173841900149,0.028109418,0,161.441924,10,1767454277,-0.10341456263755418,-0.1369230390399854,-0.09150446591353716,-0.1365856648827867,-0.4735062193876932,0.4877631158524635,-0.1365856648827867,0.6224522972530974,0.0,-1.397894106666666,-0.1059685354393759,0.623729705524286,-0.1095068139458039,5.931774685993405,5.935174675913403,-1.6135698318442837,2,0.9971727016256966,-0.8325450462865984,-0.10292240978525104,0.4217083206009121,4.743882,35012853.0,35012853.0,25.671618492617352,17.371625829523808,33648979.0,0.0,0.6875,48.0
0x3cb9c2c9cd19b6a9b9656086755222938ce06491,0.036014497275827805,0.028060662,0,1.639343,2,1767495065,0.3937248387545619,0.3947369845045629,0.3937248387545619,0.3937248387545619,0.5582423970566112,0.15089690540969797,0.3937248387545619,-0.061395555360618276,0.0,,0.3937248387545619,0.01470441890726358,0.3937248387545619,0.8021647371015707,0.7634980704349039,,1,0.9971727016256966,-0.8575276819215829,0.3937248387545619,0.0,0.0,35515773.0,35515773.0,25.284212856900805,0.0,34111111.0,,,0.0
0xd0161731096701f5c0a7d8f30a9b22afcefa306d,0.03600657666755474,0.02800732,0,430.47625200000004,7,1767448129,-0.15458834295755655,-0.15492572344817665,-0.15458834295755655,-0.15458834295755655,-0.46013861488007385,0.34608186096069493,-0.15458834295755655,0.33445575290305607,0.0,25.919562860064765,-0.140013219526323,0.33660895763770343,-0.12543809609508944,2.7608827128422364,2.7697827027622353,-1.4683090565097892,1,0.9971727016256966,-0.8287793984518459,-0.15458834295755655,0.03048058594978299,160.2122225,7459132.0,7459132.0,5.493841909192282,245.64925197637794,6101406.0,,0.6590909090909091,87.0
0x2ac5144d46018c498634bb03d60ba36770c10f9d,0.0360022862778459,0.02797842,0,1.381213,2,1767479583,0.27834023660279006,0.2793523823527911,0.27834023660279006,0.27834023660279006,0.3950639278045516,-0.1511867964605802,0.27834023660279006,-0.320877296912773,0.0,,0.27834023660279006,-0.292477297444213,0.27834023660279006,0.39246067389401174,0.38200108342180117,,1,0.9971727016256966,-0.8480449623741466,0.27834023660279006,0.041896032583080965,1.129998,5378750.0,5378750.0,3.871888452180423,1.2920421000000002,3989570.0,0.0,0.5454545454545454,33.0
0x65c516559a19401419651754c1f2cfaf65e29a42,0.0360022862778459,0.02797842,0,1.418437,2,1767477893,0.29757091115325535,0.29858305690325637,0.29757091115325535,0.29757091115325535,0.4222602085674028,-0.05129591358258727,0.29757091115325535,-0.17230681945899265,0.0,,0.29757091115325535,-0.15400681945899264,0.29757091115325535,0.46156528331024327,0.4341652833102433,,1,0.9971727016256966,-0.8470098379693431,0.29757091115325535,0.04466993333662166,1.159999,5377876.0,5377876.0,3.8759746016187506,1.4092386341463414,3990386.0,0.0,0.5333333333333333,30.0
0x786305d1d20b38c240f3e90aba0975d2f72c3d4e,0.0360022237853128,0.027978,0,1.4245,2,1767478371,0.30060728775030826,0.30161943350030934,0.30060728775030826,0.30060728775030826,0.4265542935314273,-0.0900024886907692,0.30060728775030826,-0.29852470914406737,0.0,,0.30060728775030826,-0.2676247091440674,0.30060728775030826,0.4697527957970361,0.44275279579703614,,1,0.9971727016256966,-0.8473026128009976,0.30060728775030826,0.05008359428290121,1.169999,5859136.0,5859136.0,4.221376861714391,2.690286785714286,4471168.0,0.0,0.5652173913043478,69.0
0x402dc6ccf16c62d81172229590d3f903b2fa3dc6,0.03597022860961019,0.027762383,0,14.896549,2,1767473043,0.27732793719890886,0.27834008294890994,0.27732793719890886,0.27732793719890886,0.3936323202584007,-0.10337802557504729,0.27732793719890886,-0.43136159608741315,0.0,,0.27732793719890886,-0.40316159608741314,0.27732793719890886,0.4213574944883778,0.37535749448837774,,1,0.9971727016256966,-0.8440392146774516,0.27732793719890886,0.07810234418017242,19.999999,5119232.0,5119232.0,3.702505352080079,17.501749310344824,3736592.0,,0.2857142857142857,21.0
0x37538a274604c6fb0a9ad7f9b68594321d95ecca,0.03596731840173045,0.027742762,0,1.418437,2,1767477943,0.29757091115325535,0.29858305690325637,0.29757091115325535,0.29757091115325535,0.4222602085674028,-0.05129591358258727,0.29757091115325535,-0.17230681945899265,0.0,,0.29757091115325535,-0.15400681945899264,0.29757091115325535,0.46156528331024327,0.4341652833102433,,1,0.9971727016256966,-0.8470404629517339,0.29757091115325535,0.0608946848039806,1.159989,5773266.0,5773266.0,4.160792481658186,2.5527555363636365,4385726.0,0.0,0.5375,80.0
0x4daf782ad936f6607d0579d506b3c34facaa2b28,0.03596731840173045,0.027742762,0,1.999998,2,1767478515,0.30263157925031026,0.3036437250003113,0.30263157925031026,0.30263157925031026,0.4294170740249266,-0.08648963330287535,0.30263157925031026,-0.2959233135411601,0.0,,0.30263157925031026,-0.2650233135411601,0.30263157925031026,0.4755333631299765,0.44853336312997655,,1,0.9971727016256966,-0.8473908127502827,0.30263157925031026,0.09453904586410745,1.1399995,5858232.0,5858232.0,4.220287700127944,2.497176590909091,4470120.0,0.0,0.5507246376811594,69.0
0xa5623a1ba29aa6405f316c7dfb58f8eb64ced636,0.03596731840173045,0.027742762,0,1.422474,2,1767478027,0.2995952999619687,0.30060744571196973,0.2995952999619687,0.2995952999619687,0.42512312667620156,-0.09005144661308286,0.2995952999619687,-0.1691824910919929,0.0,,0.2995952999619687,-0.15088249109199292,0.2995952999619687,0.4668796388606253,0.43987965111063326,,1,0.9971727016256966,-0.84709191292215,0.2995952999619687,0.0399347820856873,1.1899985,5774436.0,5774436.0,4.161383775431961,2.3421607053571427,4386812.0,0.0,0.5365853658536586,82.0
0x5df1df11d4a2fbf207ad52a11f1b07711c362da7,0.03595207431888928,0.027639959,0,138.99327799999998,6,1767425649,-1.7721717501445914e-05,2.4564757685218207e-05,-1.7721717501445914e-05,-1.7721717501445914e-05,0.0032314870373007076,-0.06980042674570335,-1.7721717501445914e-05,0.06253405549463031,0.0,-16.37194650670038,-0.03830764928442097,0.06083396229928798,-0.0765975768513405,0.8960109780532619,0.9049109679732604,,1,0.9971727016256966,-0.8150104063690163,-1.7721717501445914e-05,0.03650991669451299,9.4494,908430.0,908430.0,0.6803465428842326,25.185175182403437,-426816.0,,0.29292929292929293,99.0
0x52a230ed0654ef2443a9e0784305a039e3ba12b2,0.03594022766224345,0.027560038,0,11.932236999999999,4,1767433707,-0.00012685112363606228,0.00013764001441472377,-0.00012685112363606228,-0.00012685112363606228,0.0076583451512045216,-0.023822795371692636,-0.00012685112363606228,0.05764551376248759,0.0,-3.3484399170536028,-0.049200062392214465,0.05594496968258977,-0.09827327366079286,0.8985041112906261,0.9074041012106245,,1,0.9971727016256966,-0.819945928531091,-0.00012685112363606228,0.016564145219333658,4.999999,783598.0,783598.0,0.5833363110658496,6.2860353876923085,-559706.0,0.0,0.26119402985074625,134.0
0xc01a936da915391b81cbd1a89db24d32b4d654dd,0.035907126825092776,0.027336597,0,14.0,2,1767500133,0.30263157925031037,0.3036437250003114,0.30263157925031037,0.30263157925031037,0.4294170740249268,-0.09702698051240673,0.30263157925031037,-0.2037199636782209,0.0,,0.30263157925031037,-0.1468199729913742,0.30263157925031037,0.48153336141420144,0.4485333631299769,,1,0.9971727016256966,-0.8606318301366976,0.30263157925031037,0.013707996221414907,6.4,4812156.0,4812156.0,3.413530250473495,6.4175712412451364,3402426.0,,0.48201438848920863,139.0
0xf0aade83cbe8395024c21f96c77e769c6c248667,0.03590321187619172,0.027310157,0,1.999996,2,1767648203,0.15081027596143642,0.15182242171143745,0.15081027596143642,0.15081027596143642,0.2147093278566423,0.11373411162640856,0.15081027596143642,0.10398198610492256,0.0,,0.15081027596143642,0.17278198610492257,0.15081027596143642,0.17133411162640858,0.10653411162640856,,1,0.9971727016256966,-0.9513246529883246,0.15081027596143642,0.15432795478950678,0.999999,6636287.0,6636287.0,4.260037873924766,1.6108584651162792,5078487.0,,0.4857142857142857,35.0
0xd148bca232c45d304134b31d5f5f6baa8a9bc5bc,0.035894533159588515,0.027251534,0,1.418437,2,1767478007,0.29757091115325535,0.29858305690325637,0.29757091115325535,0.29757091115325535,0.4222602085674028,-0.05129591358258727,0.29757091115325535,-0.17230681945899265,0.0,,0.29757091115325535,-0.15400681945899264,0.29757091115325535,0.4611652710602353,0.4341652833102433,,1,0.9971727016256966,-0.8470796629291938,0.29757091115325535,0.05541386752279128,1.129999,5430139.0,5430139.0,3.9133203709415656,1.3978210000000002,4042535.0,0.0,0.4074074074074074,26.0
0x2fae4e3d20b250bc1d69ba8b0c27b878d7af9298,0.03589395112115145,0.027247602,0,3.081663,2,1767483825,0.3542511067630487,0.3552632525130498,0.3542511067630487,0.3542511067630487,0.5024181099167325,-0.03794814238283649,0.3542511067630487,-0.2041727708480509,0.0,,0.3542511067630487,-0.18027277084805093,0.3542511067630487,0.630923900935739,0.612523900935739,,1,0.9971727016256966,-0.8506431858801681,0.3542511067630487,0.03297489917484112,1.999999,30252277.0,30252277.0,21.71077893129289,3.870694451127819,28858855.0,0.0,0.2948717948717949,78.0
0xdb4b47261b9ea54fb195eb92581834ef9f6168c0,0.03586890285633884,0.027078327,0,13.73,3,1767459865,-0.09986504733343574,-0.10020242925010275,-0.09986504733343574,-0.09986504733343574,-0.17355569850300379,0.580048868534899,-0.09986504733343574,0.45434782993741596,0.0,3.3000000000000007,-0.07203103920840719,0.4671102503628131,-0.04419703108337864,2.7192642948231196,2.7150770406197893,-1.6959266171830731,1,0.9971727016256966,-0.8359676943185758,-0.09986504733343574,0.24001073689230412,2.0112,2057815.0,2057815.0,1.502644834248778,2.6490105263157893,688353.0,,0.16666666666666666,12.0
0x561ef61302d9485890aba78c8546e80068753094,0.03586841875409987,0.027075054,0,1.4245,2,1767478131,0.30060728775030826,0.30161943350030934,0.30060728775030826,0.30060728775030826,0.4265542935314273,-0.09000248476041627,0.30060728775030826,-0.15060930614454543,0.0,,0.30060728775030826,-0.13230930614454545,0.30060728775030826,0.46975278354702815,0.44275279579703614,,1,0.9971727016256966,-0.8471556128855225,0.30060728775030826,0.06011639624288523,1.269991,6199012.0,6199012.0,4.4670223559660105,4.886879558333334,4811284.0,0.0,0.5066666666666667,75.0
0x998209d497eb6839f373a79d1a5b52062dc174d4,0.03586054477916261,0.027021818,0,1.418437,2,1767477855,0.29757091115325535,0.29858305690325637,0.29757091115325535,0.29757091115325535,0.4222602085674028,-0.05129591358258727,0.29757091115325535,-0.17230681945899265,0.0,,0.29757091115325535,-0.15400681945899264,0.29757091115325535,0.46156528331024327,0.4341652833102433,,1,0.9971727016256966,-0.8469865629827262,0.29757091115325535,0.05690316428016267,1.194993,5783442.0,5783442.0,4.1683906902725285,2.6768771578947375,4395990.0,0.0,0.4880952380952381,84.0
0xecbf79e03ae01716c3aa84659542daf019be892a,0.03586054477916261,0.027021818,0,1.4245,2,1767478249,0.30060728775030826,0.30161943350030934,0.30060728775030826,0.30060728775030826,0.4265542935314273,-0.09000248476041627,0.30060728775030826,-0.29852470914406737,0.0,,0.30060728775030826,-0.26682470914406736,0.30060728775030826,0.4598527957970361,0.44275279579703614,,1,0.9971727016256966,-0.8472278878439645,0.30060728775030826,0.08884139927836077,1.1699905,5974660.0,5974660.0,4.304987729186092,4.184725416666667,4586814.0,0.0,0.49056603773584906,53.0
0xf54d13d73a6841491391e4b28dfa5b4d62c3a1eb,0.03586054477916261,0.027021818,0,1.999996,2,1767478965,0.3046564175647485,0.3056685633147495,0.3046564175647485,0.3046564175647485,0.4322806278308179,-0.038362010990834125,0.3046564175647485,-0.29329909599257875,0.0,,0.3046564175647485,-0.26249081599257873,0.3046564175647485,0.46482000064866225,0.4543604101764516,,1,0.9971727016256966,-0.8476664375917984,0.3046564175647485,0.07002296015001089,1.199998,5973116.0,5973116.0,4.301655957746215,4.752884009900991,4584554.0,0.0,0.49333333333333335,75.0
0xa75643408e68af3005cf40347750dcb3c019b167,0.03583913552363768,0.026877012,0,471.24,4,1766124661,0.0,0.0,0.0,0.0,0.0,-0.05068984766599018,0.0,0.03468984766599018,0.0,2.0399999999999903,0.0012651821875012915,0.04068984766599018,0.002530364375002583,-0.7844172579878228,-0.7844172579878228,,1,0.9971727016256966,-0.018155714560464126,0.0,0.07749153496377408,83.20500000000001,213126.0,213126.0,6.221203806410181,140.64576666666665,178868.0,,0.3181818181818182,22.0
0x13ff9e5943f97d03f61c46929abd2a1b2a492506,0.03583825344286783,0.026871044,0,13.623977,2,1767474743,-0.3704453029714288,-0.37145744872142983,-0.3704453029714288,-0.3704453029714288,-0.5253201618263547,0.0,-0.3704453029714288,0.0,0.0,,-0.3704453029714288,0.0,-0.3704453029714288,,,-1.5411998886745673,0,0.9971727016256966,,-0.3704453029714288,0.0,0.0,87668.0,87668.0,0.0633283730875363,0.0,-1296672.0,,,0.0
0x648822881bc118037618056298297f8451626c69,0.03583825344286783,0.026871044,0,12.820511,2,1767560073,-0.3937246738556636,-0.39473681960566465,-0.3937246738556636,-0.3937246738556636,-0.5582421638543528,0.0,-0.3937246738556636,0.0,0.0,,-0.3937246738556636,0.0,-0.3937246738556636,,,-1.5956757311577683,0,0.9971727016256966,,-0.3937246738556636,0.0,0.0,116052.0,116052.0,0.0789646655371614,0.0,-1353618.0,,,0.0
0x768fec713e26800eef968ea838a2e28267b2c7bd,0.03583799823800456,0.026869318,0,10.0,2,1767511511,0.2692307695002761,0.2702429152502771,0.2692307695002761,0.2692307695002761,0.3821811958821848,-0.06173917677391301,0.2692307695002761,-0.20711893039481422,0.0,,0.2692307695002761,-0.15413112801652162,0.2692307695002761,0.38937144302318205,0.35856316302318203,,1,0.9971727016256966,-0.8676008511295106,0.2692307695002761,0.08587363141411902,2.0,6551340.0,6551340.0,4.610022602082319,9.988476562886596,5130232.0,,0.5019455252918288,253.0
0xacee19d5b11288d2c51e5ebde6c6721b94cbc258,0.03583378719747067,0.026840825,0,1.9999989999999999,2,1767624059,-0.3360322208151215,-0.3370443665651226,-0.3360322208151215,-0.3360322208151215,-0.4766527143178452,0.0,-0.3360322208151215,0.0,0.0,,-0.3360322208151215,0.0,-0.3360322208151215,,,-1.7325139384793191,0,0.9971727016256966,,-0.3360322208151215,0.10322007559958496,1.0,337274.0,337274.0,0.21991502657701598,1.5538017727272726,-1196382.0,,0.2,20.0
0x0fd42689071977a4be7c189810d5fea66cb1bb85,0.03582998261260689,0.02681508,0,1.999996,2,1767478993,0.3046564175647485,0.3056685633147495,0.3046564175647485,0.3046564175647485,0.4322806278308179,-0.038362010990834125,0.3046564175647485,-0.29329909599257875,0.0,,0.3046564175647485,-0.27259909599257875,0.3046564175647485,0.46482000064866225,0.4543604101764516,,1,0.9971727016256966,-0.8476835875819372,0.3046564175647485,0.06131916668079594,1.289978,6506134.0,6506134.0,4.68542478341339,4.952852148148149,5117544.0,0.0,0.5125,80.0
0xeb27d5e012e17cb5aa395a1fa1319c2a932a894d,0.03582998261260689,0.02681508,0,1.4245,2,1767478177,0.30060728775030826,0.30161943350030934,0.30060728775030826,0.30060728775030826,0.4265542935314273,-0.09000248476041627,0.30060728775030826,-0.29852470914406737,0.0,,0.30060728775030826,-0.2802247091440674,0.30060728775030826,0.46975278354702815,0.44275279579703614,,1,0.9971727016256966,-0.847183787869322,0.30060728775030826,0.0806665476526122,1.169998,6627266.0,6627266.0,4.7754648811694125,2.487312,5239492.0,0.0,0.5344827586206896,56.0
0x021239f11ca70006186ab060ea51171d0e04eded,0.03582998261260689,0.02681508,0,1.404493,2,1767479373,0.2904858417806736,0.29149798753067463,0.2904858417806736,0.2904858417806736,0.41224040737034345,-0.10879792361003231,0.2904858417806736,-0.306214865009543,0.0,,0.2904858417806736,-0.27911486500954297,0.2904858417806736,0.4249669532221324,0.41450736274992184,,1,0.9971727016256966,-0.847916337448106,0.2904858417806736,0.08462559150984164,1.264999,6627724.0,6627724.0,4.771682613735358,1.8697526333333334,5238754.0,0.0,0.5,34.0
0xd976415420145de4f4ab547fd1709463dbe474a2,0.03582998261260689,0.02681508,0,1.4245,2,1767478455,0.30060728775030826,0.30161943350030934,0.30060728775030826,0.30060728775030826,0.4265542935314273,-0.0900024886907692,0.30060728775030826,-0.29852470914406737,0.0,,0.30060728775030826,-0.2676247091440674,0.30060728775030826,0.4697527957970361,0.44275279579703614,,1,0.9971727016256966,-0.8473540627714139,0.30060728775030826,0.07502733419532684,2.0699994999999998,6627420.0,6627420.0,4.774619394662448,4.769233697674419,5239368.0,0.0,0.5217391304347826,46.0
0x5db57a5e58f4afc8657b4806a1ae1df0186efe93,0.03582998261260689,0.02681508,0,1.418437,2,1767477979,0.29757091115325535,0.29858305690325637,0.29757091115325535,0.29757091115325535,0.4222602085674028,-0.05129591358258727,0.29757091115325535,-0.17230681945899265,0.0,,0.29757091115325535,-0.15400681945899264,0.29757091115325535,0.46156528331024327,0.4341652833102433,,1,0.9971727016256966,-0.8470625129390551,0.29757091115325535,0.0867955095967954,1.969999,6500180.0,6500180.0,4.6845578188149695,4.70532403030303,5112604.0,0.0,0.5087719298245614,57.0
0x2a6402d4643f91d7497c718fef2456c94e30fe86,0.03582998261260689,0.02681508,0,1.4245,2,1767478343,0.30060728775030826,0.30161943350030934,0.30060728775030826,0.30060728775030826,0.4265542935314273,-0.0900024886907692,0.30060728775030826,-0.29852470914406737,0.0,,0.30060728775030826,-0.2676247091440674,0.30060728775030826,0.4697527957970361,0.44275279579703614,,1,0.9971727016256966,-0.8472854628108589,0.30060728775030826,0.0565259112877365,1.209999,6502070.0,6502070.0,4.684690980878136,4.026105150537634,5114130.0,0.0,0.5,67.0
0x11316ea700ebb9db724a87865f4140d7d187fa7d,0.03579834300354194,0.026600873,0,1.455603,2,1767478777,0.31578965548527593,0.316801801235277,0.31578965548527593,0.31578965548527593,0.44802540389115425,-0.0629435031998981,0.31578965548527593,-0.2784640002826034,0.0,,0.31578965548527593,-0.25946400028260336,0.31578965548527593,0.49768308401408257,0.487223493541872,,1,0.9971727016256966,-0.8475512876580096,0.31578965548527593,0.06879219653459703,1.239999,,,,5.01362242,,,0.5760869565217391,92.0
0x420e8deb590ad77ff5b2f6776cea2b1fc6dee3c9,0.035791202290861406,0.026552504,0,122.3592,3,1767507853,0.3244772267087491,0.32548937245875015,0.3244772267087491,0.3244772267087491,0.4690378142855632,-0.017441969827836447,0.3244772267087491,-0.08601225761104203,0.0,,0.3244772267087491,-0.02186102673945189,0.3244772267087491,0.46618431124437437,0.44208431118612035,,1,0.9971727016256966,-0.8653603274178118,0.3244772267087491,0.0,0.0,22640246.0,22640246.0,15.972518254612156,0.0,21222796.0,,,0.0
0xa236a1a58c02772f554b358b7328ab1a254a73f6,0.03578667873440141,0.026521858,0,258.06451500000003,2,1767504205,-0.31275303420097855,-0.3137651799509796,-0.31275303420097855,-0.31275303420097855,-0.44373097288711,0.0,-0.31275303420097855,0.0,0.0,,-0.31275303420097855,0.0,-0.31275303420097855,,,-1.75515930731776,0,0.9971727016256966,,-0.31275303420097855,0.05886675540244349,77.408,512254.0,512254.0,0.3623237200117131,124.66767770588234,-901548.0,0.0,0.29411764705882354,51.0
0x3802961ee8300df8bd357f5914b5d55979dcdf45,0.035784315310586595,0.026505845,0,13.599996,2,1767481057,0.2864373303772436,0.28744947612724464,0.2864373303772436,0.2864373303772436,0.40651494763619056,-0.16003105131374548,0.2864373303772436,-0.31613508565912474,0.0,,0.2864373303772436,-0.29403508528166455,0.2864373303772436,0.42530778705376837,0.4035077903675287,,1,0.9971727016256966,-0.8489477868550226,0.2864373303772436,0.025021164080869164,9.999999,14157639.0,14157639.0,10.180561807609944,9.484932700000002,12766985.0,,0.4067796610169492,59.0
0x6236d2dbefaad00129d8f93639d669d08f36a157,0.03577835092483786,0.026465429,0,1.999996,2,1767477565,0.2914985142884227,0.29251066003842374,0.2914985142884227,0.2914985142884227,0.4136725425650446,-0.10379506309676373,0.2914985142884227,-0.36500688362237177,0.0,,0.2914985142884227,-0.3422068836223717,0.2914985142884227,0.4446849843885633,0.41728498438856326,,1,0.9971727016256966,-0.8468089380848606,0.2914985142884227,0.04572845742803575,2.0199995,6499262.0,6499262.0,4.6852941473310254,6.2982166,5112100.0,0.0,0.4666666666666667,74.0
0x43f8af496e1990abf4fa6ec3985738aefc7b5c2b,0.0357727378879312,0.026427388,0,1.999996,2,1767627747,0.26619491628337244,0.26720706203337347,0.26619491628337244,0.26619491628337244,0.3778878510894657,0.34602449903963833,0.26619491628337244,-0.3151949342655808,0.0,,0.26619491628337244,-0.24929493426558083,0.26619491628337244,0.41592449903963835,0.3452244990396383,,1,0.9971727016256966,-0.9387953601926678,0.26619491628337244,0.0121898714546016,0.999999,3652096.0,3652096.0,2.375588027142917,1.7529436804407714,2114752.0,,0.7418397626112759,324.0
0x60a92c8620846d81f5ea17b0564e0d4b7c545a71,0.035767543361923046,0.026392179,0,383.61557,6,1767422489,0.005348901197370434,0.01023386708680568,0.005348901197370434,0.005348901197370434,0.08813979696192523,1.6129556707452253,0.005348901197370434,1.3600919108757803,0.0,45.73534749999999,0.05421859239902747,1.3578622528316728,0.10308828360068449,5.9701,5.979999997894,,1,0.9971727016256966,-0.8130749074819282,0.005348901197370434,0.0,0.0,15496390.0,15496390.0,11.633175335526385,0.0,14164304.0,0.0,,0.0
0x71574f348776d963cbf525e1e8485e675687e3ab,0.035765289961017264,0.026376903,0,1.472753,2,1767477315,0.32388683724035144,0.32489898299035247,0.32388683724035144,0.32388683724035144,0.45947654814618194,-0.04602671163737755,0.32388683724035144,-0.34407893539399437,0.0,,0.32388683724035144,-0.3268789353939944,0.32388683724035144,0.5394338263455661,0.5120338263455662,,1,0.9971727016256966,-0.8466558131729074,0.32388683724035144,0.053365804101535505,1.1199985,,,,1.3702393235294121,,,0.5,28.0
0xbb1e96c0eaa2955b52fff19232df5c6dc64c1be5,0.035727058225245543,0.026117593,0,1.379309,2,1767479815,0.27732795384544395,0.278340099595445,0.27732795384544395,0.27732795384544395,0.3936323438001563,-0.14787594727636896,0.27732795384544395,-0.32206685920161043,0.0,,0.27732795384544395,-0.29366685973305046,0.27732795384544395,0.38981712835119453,0.3793575378789839,,1,0.9971727016256966,-0.8481870622924392,0.27732795384544395,0.05549927046311894,1.339998,6505812.0,6505812.0,4.682421052934623,5.427150503999999,5116400.0,0.0,0.4533333333333333,75.0
0xc51d6b98c727dc1e99f597db1dc72afc5d1df1bc,0.035727058225245543,0.026117593,0,1.410436,2,1767477829,0.2935223564841847,0.2945345022341857,0.2935223564841847,0.2935223564841847,0.4165346876463941,-0.05852459333054423,0.2935223564841847,-0.17847907977537833,0.0,,0.2935223564841847,-0.16017907977537832,0.2935223564841847,0.4502679588278179,0.4228679588278179,,1,0.9971727016256966,-0.8469706379918831,0.2935223564841847,0.05684726113648893,1.3549995,6501446.0,6501446.0,4.68597676560768,5.437875672413792,5114020.0,0.0,0.4722222222222222,72.0
0x208b0e1dc6840e2ad8061042114ef7ac9c36dc09,0.035727058225245543,0.026117593,0,1.4245,2,1767479093,0.30060728775030826,0.30161943350030934,0.30060728775030826,0.30060728775030826,0.4265542935314273,-0.0457979040635993,0.30060728775030826,-0.29342417585318825,0.0,,0.30060728775030826,-0.26302417585318827,0.30060728775030826,0.45321238626924676,0.44275279579703614,,1,0.9971727016256966,-0.8477448375467184,0.30060728775030826,0.05125106362872928,1.44,6595490.0,6595490.0,4.749432918793971,4.985172089430895,5206800.0,0.0,0.4393939393939394,65.0
0xc489bdf7f5d90efd59cb35c17db82a40fb46af8f,0.035727058225245543,0.026117593,0,1.4245,2,1767478415,0.30060728775030826,0.30161943350030934,0.30060728775030826,0.30060728775030826,0.4265542935314273,-0.0900024886907692,0.30060728775030826,-0.29852470914406737,0.0,,0.30060728775030826,-0.2676247091440674,0.30060728775030826,0.4697527957970361,0.44275279579703614,,1,0.9971727016256966,-0.8473295627855014,0.30060728775030826,0.04039673309204266,1.289995,6500508.0,6500508.0,4.683322622570986,4.831447160583941,5112496.0,0.0,0.47560975609756095,82.0
0x9e496ebffcc3899065f35fa7ff91a2b942d8a0b9,0.035727058225245543,0.026117593,0,1.4245,2,1767478277,0.30060728775030826,0.30161943350030934,0.30060728775030826,0.30060728775030826,0.4265542935314273,-0.09000248476041627,0.30060728775030826,-0.29852470914406737,0.0,,0.30060728775030826,-0.2794247091440674,0.30060728775030826,0.4598527957970361,0.44275279579703614,,1,0.9971727016256966,-0.8472450378341032,0.30060728775030826,0.07030565542834666,1.339998,6629024.0,6629024.0,4.776387481860746,4.10670118,5241150.0,0.0,0.46551724137931033,58.0
0x3a9297a965cb0e246c64c6a4adc282b05234783c,0.035727058225245543,0.026117593,0,1.4245,2,1767478225,0.30060728775030826,0.30161943350030934,0.30060728775030826,0.30060728775030826,0.4265542935314273,-0.09000248476041627,0.30060728775030826,-0.29852470914406737,0.0,,0.30060728775030826,-0.2802247091440674,0.30060728775030826,0.4598527957970361,0.44275279579703614,,1,0.9971727016256966,-0.847213187852417,0.30060728775030826,0.08901214192255204,1.339998,6626438.0,6626438.0,4.774703095930169,4.173404264150944,5238616.0,0.0,0.4576271186440678,58.0
0x4570e99814003520f79869dc2417b660daa983ef,0.035727058225245543,0.026117593,0,1.396647,2,1767479767,0.2864374298739123,0.2874495756239133,0.2864374298739123,0.2864374298739123,0.40651508834572886,-0.1616814556596269,0.2864374298739123,-0.31118323537324954,0.0,,0.2864374298739123,-0.28278323590468957,0.2864374298739123,0.41396764912114425,0.40350805864893363,,1,0.9971727016256966,-0.8481576623093442,0.2864374298739123,0.04822615629691862,1.2999990000000001,6502724.0,6502724.0,4.68036022237513,5.8744450514705875,5113360.0,0.0,0.4642857142857143,83.0
0x2925a357ea63da020ccf95382cd4cb2f577e13d9,0.03572283366474642,0.026088923,0,1.369862,2,1767479455,0.2722673988556847,0.2732795446056857,0.2722673988556847,0.2722673988556847,0.38647563830050385,-0.1379280767928948,0.2722673988556847,-0.3279415346047849,0.0,,0.2722673988556847,-0.3008415346047849,0.2722673988556847,0.3767486928630985,0.36628910239088786,,1,0.9971727016256966,-0.8479665624192266,0.2722673988556847,0.08690333089310089,1.299984,6630074.0,6630074.0,4.773092727990025,4.142366662921348,5241022.0,0.0,0.49122807017543857,57.0
0xf1a11c4f4f332616992a70ec080b3651aac99346,0.03572077782378398,0.02607497,0,1.999996,2,1767514201,0.2763164760708537,0.2773286218208547,0.2763164760708537,0.2763164760708537,0.3922018982132918,-0.11424634284214566,0.2763164760708537,-0.2182859668499807,0.0,,0.2763164760708537,-0.1632859668499807,0.2763164760708537,0.4005259552131016,0.3767259552131016,,1,0.9971727016256966,-0.8692484751821268,0.2763164760708537,0.03400529691291394,0.999999,8294728.0,8294728.0,5.8257758474165575,0.9521803636363636,6870930.0,,0.38235294117647056,34.0
0x5d25d5325c5c1b0ed0f46d71660786866561b703,0.03570740844410575,0.025984213,0,4.622495,2,1767483705,0.3542510683353974,0.3552632140853984,0.3542510683353974,0.3542510683353974,0.5024180555718268,-0.037948220809760666,0.3542510683353974,-0.2041728343377553,0.0,,0.3542510683353974,-0.17547283844081565,0.3542510683353974,0.6249237724672728,0.6125237657808601,,1,0.9971727016256966,-0.8505696859224305,0.3542510683353974,0.07141335889566865,5.0,,,,6.8412488518518515,,,0.42105263157894735,19.0
0xe6684f124fe85b8627597404f59a428e2b447a6b,0.0357004895394182,0.025937231,0,39.999998,2,1767572063,0.3117409004071521,0.31275304615715316,0.3117409004071521,0.3117409004071521,0.4422995995489446,-0.09903684039705113,0.3117409004071521,-0.10365964998148827,0.0,,0.3117409004071521,-0.04295964033943592,0.3117409004071521,0.5182084677784702,0.46910846777847015,,1,0.9971727016256966,-0.9046889298038654,0.3117409004071521,0.04828665206489279,19.999997,,,,17.03469509677419,,,0.19230769230769232,26.0
0xad2651c097d63a9b7a5db2d7d41f04f10aa7da90,0.03569528674171162,0.025901897,0,30.085557,6,1767421353,6.354819510951372e-05,0.00010388982598385542,6.354819510951372e-05,6.354819510951372e-05,0.008998153867263178,1.4046874442391248,6.354819510951372e-05,0.9591281006347309,0.0,2.760920354905368,0.053631057682223246,0.956927808421755,0.10719856716933697,6.130600440910043,6.142000438804043,,1,0.9971727016256966,-0.812379107882013,6.354819510951372e-05,0.012866318135378581,1.9999989999999999,40169946.0,40169946.0,30.18140876817311,3.2636021876288663,38838996.0,0.0,0.3293838862559242,406.0
0x2277976f9ed3ad100552e4f3a992a84abc26a6ef,0.0356818259380604,0.025810456,0,1.472753,2,1767476871,0.32388683724035144,0.32489898299035247,0.32388683724035144,0.32388683724035144,0.45947654814618194,-0.04602671163737755,0.32388683724035144,-0.36595199002107737,0.0,,0.32388683724035144,-0.3306022612562423,0.32388683724035144,0.5619338198993646,0.5080338263455662,,1,0.9971727016256966,-0.8463838633292786,0.32388683724035144,0.1331340479554179,1.249999,,,,6.927667510869567,,,0.4782608695652174,46.0
0x7cf9b6a54834620b7be396638bf9391b2ff0393f,0.0356818259380604,0.025810456,0,1.472753,2,1767476847,0.32388683724035144,0.32489898299035247,0.32388683724035144,0.32388683724035144,0.45947654814618194,-0.04602671163737755,0.32388683724035144,-0.36595199002107737,0.0,,0.32388683724035144,-0.3306022612562423,0.32388683724035144,0.5619338198993646,0.5080338263455662,,1,0.9971727016256966,-0.846369163337731,0.32388683724035144,0.1033157248449313,2.649999,,,,6.225525891891892,,,0.42424242424242425,33.0
0x2e183cc91aaf07eb990c75d6a3374a6319af6e3d,0.0356743340202915,0.025759548,0,3.999996,2,1767650239,0.16599219034853818,0.16700433609853924,0.16599219034853818,0.16599219034853818,0.23617979708566889,0.14003897103951146,0.16599219034853818,0.1249753647991598,0.0,,0.16599219034853818,0.19427536479915983,0.16599219034853818,0.2030389710395115,0.13283897103951148,,1,0.9971727016256966,-0.9525717022712712,0.16599219034853818,0.03716579850931705,4.999999,35615617.0,35615617.0,22.83292410227742,10.839190185897436,34055781.0,,0.34782608695652173,92.0
0x4b1422eb24f34b5d0167e2e83ab96a4a60682e53,0.035664176532541746,0.02569051,0,1.474925,2,1767477275,0.3248988886856434,0.3259110344356445,0.3248988886856434,0.3248988886856434,0.46090780502593326,-0.04409608699091219,0.3248988886856434,-0.34281675201754075,0.0,,0.3248988886856434,-0.3199167548109011,0.3248988886856434,0.5425905864101608,0.5151905864101608,,1,0.9971727016256966,-0.8466313131869949,0.3248988886856434,0.0720129909223503,1.039998,,,,1.0861882380952381,,,0.4117647058823529,17.0
0xedc2834124c0465fb2ccbf239896ef65f975ad9f,0.03564387319829468,0.025552459,0,1720.94802,5,1767465717,0.17950690357483268,0.1798442854914997,0.17950690357483268,0.17950690357483268,0.4402284965618105,0.22323121450294622,0.17950690357483268,0.1767179846275426,0.0,-63.258740831599994,0.16883572596097918,0.18695573662754258,0.15816454834712565,1.6474088923501677,1.6286088923501678,-1.1957897968403475,1,0.9971727016256966,-0.8421110657861371,0.17950690357483268,0.0,0.0,16226011.0,16226011.0,11.798041029175883,0.0,14850697.0,,,0.0
0xbf16c9220fc6a3b63794a31ee187985063c6f61f,0.03564175354502085,0.025538042,0,10.0,2,1767502893,-0.3117408910003196,-0.3127530367503206,-0.3117408910003196,-0.3117408910003196,-0.44229958624567445,0.0,-0.3117408910003196,0.0,0.0,,-0.3117408910003196,0.0,-0.3117408910003196,,,-1.7559350403886378,0,0.9971727016256966,,-0.3117408910003196,0.1217890674958762,12.598500000000001,331056.0,331056.0,0.23437758851390098,17.089559147058825,-1081434.0,,0.19047619047619047,21.0
0x0256c0189662fbc15f0c676a6db2e009c743d3d7,0.035628406626803374,0.025447244,0,115.464358,6,1767439345,1.1577677075610777e-05,2.5144157575252846e-05,1.1577677075610777e-05,1.1577677075610777e-05,0.004244794809743008,1.1013448260039145,1.1577677075610777e-05,1.0273060209843514,0.0,16.953246800000002,0.041250172692100316,1.0551031308175254,0.08248876770712503,4.446978050500056,4.455878040420054,,1,0.9971727016256966,-0.8233992015454591,1.1577677075610777e-05,0.05870631603163077,5.5,4396555.0,4396555.0,3.2592617028752904,10.222443569767442,3047613.0,,0.14285714285714285,42.0
0xb6243e032f548c6ca3d56fb9602b4eae51807df9,0.03560098590808475,0.0252606,0,2.677375,2,1767505797,0.2550607762548369,0.25607292200483794,0.2550607762548369,0.2550607762548369,0.36214179925574963,-0.19196405815348602,0.2550607762548369,-0.31761926926479594,0.0,,0.2550607762548369,-0.27391926926479593,0.2550607762548369,0.3478190646996151,0.32361906469961504,,1,0.9971727016256966,-0.8641010281419088,0.2550607762548369,0.10855709409022452,1.9999995,33144113.0,33144113.0,23.416881094592743,2.5543077727272734,31728719.0,0.0,0.10526315789473684,19.0
0xda647386ce953f0d95c23880b76a23df4d9be3e1,0.03559893134990799,0.025246609,0,662.9368400000001,7,1767657291,0.01754307997424136,0.01765553561510187,0.01754307997424136,0.01754307997424136,0.052967783867935395,0.06991646781710018,0.01754307997424136,0.06213102876712249,0.0,13.80104000000001,0.029183115957304058,0.09801975815692737,0.04082315194036675,0.18885020017243823,0.1186502013801505,,1,0.9971727016256966,-0.9568910497876464,0.01754307997424136,0.023183438829659953,139.5,6058934.0,6058934.0,3.8668583842623083,332.7902325802998,4492046.0,,0.7058823529411765,136.0
0x611a25ee25a88348e6c4e567a8bddfd81ae3ad84,0.035593085879925754,0.0252068,0,9.149998,4,1767462417,0.0002765220876699895,0.0002787998639434039,0.0002765220876699895,0.0002765220876699895,0.013141458114844153,0.6594008430296621,0.0002765220876699895,0.6927233186420337,0.0,3.126050543510524,0.07703852896026976,0.7234307721498561,0.15380053583286954,2.497897830043831,2.4937105758405007,,1,0.9971727016256966,-0.8375307934197938,0.0002765220876699895,0.060254572575880676,0.999999,5378282.0,5378282.0,3.9199906123406905,1.5787740571428575,4006268.0,,0.07142857142857142,28.0
0x8692b0229f9747922318c949244e50e5e880f6c8,0.035588777311286506,0.025177455,0,7.644732,4,1767446695,-0.47650229983134096,-0.47751444558134204,-0.47650229983134096,-0.47650229983134096,-0.9474585822553653,0.0,-0.47650229983134096,0.0,0.0,,-0.47650229983134096,0.0,-0.47650229983134096,,,-1.08082427025256,0,0.9971727016256966,,-0.47650229983134096,0.03347952132158732,1.0,349054.0,349054.0,0.2573590347801211,2.0533318933333335,-1007238.0,,0.23943661971830985,71.0
0xd78da48216f9ce36769ab681394c4c94a625cd73,0.035552308751335096,0.024928927,0,64.59496,2,1767507787,0.2834008100002906,0.2844129557502917,0.2834008100002906,0.2834008100002906,0.40222065933668144,-0.15027162258604265,0.2834008100002906,-0.254167518314241,0.0,,0.2834008100002906,-0.20606751831424103,0.2834008100002906,0.41736642351713354,0.3953664235171335,,1,0.9971727016256966,-0.865319902441056,0.2834008100002906,0.12417951928559326,25.6328,45774660.0,45774660.0,32.29517195057938,65.25316621052633,44357276.0,0.0,0.21052631578947367,19.0
0xbae242171969618fe17f12170445b370505a05f2,0.03555184816047546,0.024925787,0,302.49945899999994,7,1767473269,0.00020242827939198334,0.00040485655878396673,0.00020242827939198334,0.00020242827939198334,0.0012584768800800374,-0.0034570423337244465,0.00020242827939198334,-0.013026288622578057,0.0,-24.62513390599999,-0.009969700569887791,9.569348617710795e-05,-0.019939401139775582,-0.0280084678922966,-0.09569699248246055,-1.4858000050880174,2,0.9971727016256966,-0.9037444553469381,0.00020242827939198334,0.09360932299664915,25.2827005,1221062.0,1221062.0,0.8829937246269703,176.39608258941607,-161804.0,0.0,0.3,40.0
0xb7606d0d3719c88f9b868a13015881af5222ccd7,0.035547666498843784,0.024897274,0,623.7061299999999,5,1767454277,-0.1142943782088058,-0.11463176012547284,-0.1142943782088058,-0.1142943782088058,-0.2694847936429683,0.470309281074239,-0.1142943782088058,0.6272383096844457,0.0,110.70563999999999,-0.09223811211157638,0.6340109118313222,-0.07018184601434696,2.0673090585332625,2.0400090534932613,-1.7134444152089485,2,0.9971727016256966,-0.8325450462865984,-0.1142943782088058,0.14234952180680194,33.7679,,,,175.09285574193547,,,0.6086956521739131,86.0
0x56026d2414c562632ea5e3a51f1071dac901c12b,0.03554762497962467,0.02489699,0,83.257924,4,1767448673,-0.29858143896157924,-0.2989188191185979,-0.29858143896157924,-0.29858143896157924,-0.517743932225641,1.58577080172086,-0.29858143896157924,1.4373037377954194,0.0,4.421620618666668,-0.2946171911123715,1.4551037909804962,-0.29065294326316377,7.4616999990589274,7.4718999688189225,,1,0.9971727016256966,-0.829112598260256,-0.29858143896157924,0.10654611900246712,12.0,1760628.0,1760628.0,1.296228290398816,24.73991090963855,402358.0,0.0,0.5471698113207547,53.0
0xdd797db4968113fac94b742ca4d0a1d97dd4e53a,0.035526114746577554,0.024750268,0,24.72696,2,1767473975,0.2702429152502772,0.2712550610002783,0.2702429152502772,0.2702429152502772,0.3836125861289348,-0.1370531612107263,0.2702429152502772,-0.4236756053657954,0.0,,0.2702429152502772,-0.40177560536579543,0.2702429152502772,0.4030287686156193,0.3571287686156193,,1,0.9971727016256966,-0.844610064349213,0.2702429152502772,0.09668844322894024,20.0,27165044.0,27165044.0,19.633993749512133,59.417868795454545,25781472.0,0.0,0.3076923076923077,26.0
0x97e51fb734200cf785655999259883258c3699d0,0.03551624408006063,0.024682911,0,4.791596,4,1767481285,0.0006671443511900174,0.0006741423558467676,0.0006671443511900174,0.0006671443511900174,0.014042571896507986,-0.07542295950209182,0.0006671443511900174,-0.15450277504975785,0.0,0.4004007445601321,0.03676802915584385,-0.14357765363592054,0.07286891396049769,0.4281849843885633,0.41728498438856326,,1,0.9971727016256966,-0.8490874367747239,0.0006671443511900174,0.22212265920078259,0.9999994999999999,1252296.0,1252296.0,0.9003610658560539,1.8394792499999997,-138586.0,,0.2608695652173913,23.0
0x9238743eeba8bbfe9e85ac7ba2e1e3d77877b73e,0.03549610423950989,0.024545422,0,163.84505000000001,6,1767426857,0.22733394673122534,0.22765528242123098,0.22733394673122534,0.22733394673122534,0.40403573469947923,0.0,0.22733394673122534,0.0,0.0,9.859030271999996,0.25198426026405457,0.0,0.2766345737968838,,,-0.5069774525027555,1,0.9971727016256966,-0.8195772037431078,0.22733394673122534,0.0,0.0,33178542.0,33178542.0,24.82580171109518,0.0,31842088.0,0.0,,0.0
0x6640bd87f6e4b6e8d62457448bd1b3a4711a2202,0.03548003960409208,0.024435699,0,698.997654,3,1767632043,0.3036437244507144,0.30465587020071544,0.3036437244507144,0.3036437244507144,0.410102990401329,0.44654045329453596,0.3036437244507144,-0.11054948048637739,0.0,,0.3036437244507144,-0.04359948237445949,0.3036437244507144,0.5186404320206726,0.4457404346042915,,1,0.9971727016256966,-0.9414266586796712,0.3036437244507144,0.0,0.0,21703880.0,21703880.0,14.078435951324563,0.0,20162240.0,0.0,,0.0
0x605c17294eb7dba26a4f205eb6180853185383dc,0.03546739370437877,0.024349293,0,113.68,3,1766960471,0.0,0.0,0.0,0.0,0.0,-0.03550008424000301,0.0,0.004500000000000432,0.0,-4.1494585545365226e-15,-2.5861187443224084e-18,0.0030000000000004424,-5.172237488644817e-18,-0.9540000000000001,-0.9510000000000001,,1,0.9971727016256966,-0.530089045198799,0.0,0.021421710716940837,105.665,1042488.0,1042488.0,1.1981684190201225,164.05613023255813,172420.0,,0.38636363636363635,88.0
0x3790b32a018fad2f92f36866a2a5bbe9922ff78f,0.03544517542347039,0.024197409,0,3146.980631,14,1767436607,1.9507497723062117e-06,3.041257996913915e-06,1.9507497723062117e-06,1.9507497723062117e-06,0.001467902397764634,0.9131777243456107,1.9507497723062117e-06,0.8521116071361499,0.0,122.45348704545454,0.05680838381407389,0.8504116048788908,0.11361481687837546,4.227078529956791,4.235978519876789,,1,0.9971727016256966,-0.821722177509748,1.9507497723062117e-06,0.09300373948723244,6.832499,35718498.0,35718498.0,26.532752836865736,64.54971109473684,34372294.0,,0.2972972972972973,37.0
0xfa0b5073d4f42d64ee544722711d6a27961c9f2e,0.035442155239421354,0.024176756,0,38.89406,3,1767515515,0.2844129557502917,0.2854251015002927,0.2844129557502917,0.2844129557502917,0.4749494211127472,-0.10102963688379071,0.2844129557502917,-0.15913257575051895,0.0,,0.2844129557502917,-0.10783257277360446,0.2844129557502917,0.4206698928602723,0.3980698928602722,,1,0.9971727016256966,-0.8700532997193526,0.2844129557502917,0.0,0.0,5021797.0,5021797.0,3.523791112558171,0.0,3596685.0,,,0.0
0x7740253843b20007a4c99c3766878351002acbcd,0.03544015771781609,0.024163095,0,37.6956,2,1767603051,0.2621457492502688,0.2631578950002699,0.2621457492502688,0.2621457492502688,0.3699841198878201,0.33035399349213157,0.2621457492502688,0.009887529928089292,0.0,,0.2621457492502688,0.0791875287364224,0.2621457492502688,0.39676672549672615,0.3350667356033675,,1,0.9971727016256966,-0.9236690688902854,0.2621457492502688,0.0,0.0,54645039.0,54645039.0,36.12541648817174,0.0,53132391.0,0.0,,0.0
0xfad4fb17d54b6d600d6cc912d433e73c252ca210,0.03543539449951638,0.024130518,0,22.40048,2,1767512137,0.26923076950027597,0.270242915250277,0.26923076950027597,0.26923076950027597,0.3821811958821847,-0.13822576258260777,0.26923076950027597,-0.20711893039481438,0.0,,0.26923076950027597,-0.1541189307852144,0.26923076950027597,0.3869631624917418,0.3585631630231818,,1,0.9971727016256966,-0.8679842759090414,0.26923076950027597,0.0247750655954027,4.8173165000000004,41453992.0,41453992.0,29.157347295626327,16.1726106569378,40032258.0,0.0,0.38064516129032255,155.0
0xc3d1f72bce193a05466d5d9594d56f2cffe5e933,0.03542624371590532,0.02406792,0,42.943158999999994,5,1767464785,0.00020389062539287472,0.000206349106746091,0.00020389062539287472,0.00020389062539287472,0.011842288996942955,1.027989152963135,0.00020389062539287472,0.9538263227514608,0.0,10.091356302275035,0.08411926058497242,0.9641730956176358,0.16803463054455198,3.5367323068732355,3.532545052669905,,1,0.9971727016256966,-0.8389811925858143,0.00020389062539287472,0.07616722095693602,5.0,2297738.0,2297738.0,1.6718335950267103,8.499985833333334,923356.0,,0.3333333333333333,18.0
0x51ce4780f5a17e67f3394ea1f78888e5ec8b43fa,0.03542238961580485,0.02404155,0,134.734478,8,1767449343,2.2249147470325874e-06,5.308793346794526e-06,2.2249147470325874e-06,2.2249147470325874e-06,0.002000771877195384,1.1275178223758375,2.2249147470325874e-06,1.1739803753269273,0.0,13.039220939999998,0.03548446020367392,1.1762303962078329,0.07096669549260082,4.968718222984659,4.9721182129046575,,1,0.9971727016256966,-0.8295229730242906,2.2249147470325874e-06,0.0,0.0,2339492.0,2339492.0,1.7215565072777312,0.0,980552.0,,,0.0
0xd70ccd1e507c9ab5e42b2b8a46cc41acca16ff73,0.03540461213673475,0.023919882,0,1.4245,2,1767478309,0.30060728775030826,0.30161943350030934,0.30060728775030826,0.30060728775030826,0.4265542935314273,-0.0900024886907692,0.30060728775030826,-0.29852470914406737,0.0,,0.30060728775030826,-0.2676247091440674,0.30060728775030826,0.4697527957970361,0.44275279579703614,,1,0.9971727016256966,-0.8472646378228332,0.30060728775030826,0.06877673135580342,1.219992,,,,2.9907650430107524,,,0.5285714285714286,70.0
0x4150aec06cdf94a3f271f1764dfb06407843ab98,0.03539317481220142,0.023841575,0,2.534853,2,1767433459,-0.797570844212859,-0.79858298996286,-0.797570844212859,-0.797570844212859,-1.1293668950859337,0.0,-0.797570844212859,0.0,0.0,,-0.797570844212859,0.0,-0.797570844212859,,,-0.7173143813226188,0,0.9971727016256966,,-0.797570844212859,0.06895317850324331,1.999998,371258.0,371258.0,0.2764277885657783,2.006418956521739,-971798.0,,0.05555555555555555,18.0
0x356a7bc9c5aa7553f5a32f54fe616f0639821354,0.035384769325131425,0.02378401,0,4.1121300000000005,2,1767434579,0.0,0.0,0.0,0.0,0.0,1.066479183707612,0.0,1.3068400191265015,0.0,0.10994999999999969,0.0018977732812519407,1.3051400241665023,0.0037955465625038815,5.065505455190401,5.074405445110399,,1,0.9971727016256966,-0.8204800282239838,0.0,0.01457981155391523,1.90545,1530220.0,1530220.0,1.1384074704502982,1.7902232691131499,186044.0,,0.3160621761658031,193.0
0xd5b97d08ec6098407bfbf66c2786ccc9967fe44e,0.03535394427990401,0.023572791,0,1763.7336930000004,23,1767441245,0.0528136357935264,0.05910726217631774,0.0528136357935264,0.05319275609587467,0.25702236909824366,0.43813415411982914,0.0588976146164757,0.36836480098685165,0.0,38.27243377777778,0.07685712373671093,0.40315602295821606,0.1012628330581858,2.2240354358845886,2.2210782843874446,,2,0.9971727016256966,-0.8245629508763033,0.0528136357935264,0.0,0.0,32987149.0,32987149.0,24.419694531262724,0.0,31636307.0,0.0,,0.0
0x8705fb0a92538dd28b9018886c5d4cbc2d2b2c2f,0.03533513800138987,0.02344384,0,10.650469,4,1767483567,0.0002291145965249378,0.00023514392741569602,0.0002291145965249378,0.0002291145965249378,0.009139911506852099,-0.018986691144238965,0.0002291145965249378,-0.10215400462986698,0.0,1.2209401208399293,0.043469710366983404,-0.08779450861081979,0.08671030613744188,0.6249236965846052,0.6125236898981924,,1,0.9971727016256966,-0.8504851609710324,0.0002291145965249378,0.33652553728623097,1.0,,,,1.5916661111111108,,,0.0,6.0
0x6bac81f25083cc398047c27a152b81cb0aeccda1,0.035313510888571424,0.023295466,0,2.7210859999999997,2,1767512997,0.2672065561126922,0.26821870186269325,0.2672065561126922,0.2672065561126922,0.3793185258563264,-0.1413266049276963,0.2672065561126922,-0.25117550637648745,0.0,,0.2672065561126922,-0.19917550637648745,0.2672065561126922,0.3769605409110391,0.35346054091103907,,1,0.9971727016256966,-0.8685110256061602,0.2672065561126922,0.09211952382805468,7.499997499999999,32464498.0,32464498.0,22.820634699710528,11.780731614285715,31041904.0,0.0,0.27941176470588236,68.0
0x3c6bf734a2cdb52debb1d50a43299e1bf0d8c641,0.035281883269337296,0.023078324,0,215.721362,27,1767441265,-8.628069522375641e-08,2.070736685370152e-06,-8.628069522375641e-08,-8.628069522375641e-08,0.0008686307850684944,0.4739661806272731,-8.628069522375641e-08,0.4066680587861009,0.0,4.5165253511111105,0.02391699313563443,0.41429745410961144,0.047834072551964084,2.391340846320585,2.387594172261917,-0.6598260617693245,2,0.9971727016256966,-0.8268402245668709,-8.628069522375641e-08,0.1131276426126941,1.5399995,1958516.0,1958516.0,1.4498268512993926,3.839362650990099,607654.0,0.0,0.3787878787878788,66.0
0x3c4972e70adc1279e5e6afa81f9a3cc76ce15251,0.0352546858940218,0.022891449,0,668.153371,10,1767492253,2.994656202170608e-06,3.0021241727495874e-06,2.994656202170608e-06,2.994656202170608e-06,0.0011052203687113257,0.08772491780995911,2.994656202170608e-06,0.030686327482656116,0.0,131.11148581799998,0.05005087436681773,0.061294698294384165,0.1000987540774333,0.8381016267391632,0.7965016267391634,,1,0.9971727016256966,-0.8558053329119336,2.994656202170608e-06,0.05332855157677454,3.06,1295923.0,1295923.0,0.9244377073153333,31.311775801691002,-105927.0,,0.45,98.0
0xa7f4369f488c95ec64497c3cce9aea00f1c11e31,0.03524907506053817,0.022852879,0,1.999998,2,1767476741,-0.35931160720979827,-0.36032375295979924,-0.35931160720979827,-0.35931160720979827,-0.5095747382809208,0.0,-0.35931160720979827,0.0,0.0,,-0.35931160720979827,0.0,-0.35931160720979827,,,-1.596145387695006,0,0.9971727016256966,,-0.35931160720979827,0.13287405937345448,0.999999,366280.0,366280.0,0.264206852874263,4.7248090740740745,-1020058.0,,0.20833333333333334,24.0
0x025e3abeefa9ab9197d4ada5c5219e68a4218f22,0.03524431030768594,0.02282012,0,379.42158099999995,29,1767441265,-2.630626139406885e-07,6.313502734576519e-06,-2.630626139406885e-07,-2.630626139406885e-07,0.0015167289097764833,0.47794359128636194,-2.630626139406885e-07,0.4107578936134103,0.0,7.874685839999998,0.02398694676871038,0.41835934644496076,0.0479741566000347,2.6382857919283147,2.6350563724553724,-0.6598260610225805,2,0.9971727016256966,-0.8268402245668709,-2.630626139406885e-07,0.12024891145388654,2.6641,1958074.0,1958074.0,1.4494996528142772,6.308782748148147,607212.0,0.0,0.3787878787878788,66.0
0x9f555ea00e7d19bfd7fd29a0716ec13ea52171c9,0.03524331121607078,0.022813251,0,100.18848499999999,3,1767569577,1.9888867104983213e-05,2.0582419478708483e-05,1.9888867104983213e-05,1.9888867104983213e-05,0.0025819315808201194,-0.01903440805316331,1.9888867104983213e-05,-0.0499450004630587,0.0,18.596899999999994,0.03923804427728644,-0.021643202048430524,0.07845619968746789,0.5611887097372782,0.5028887087249282,,1,0.9971727016256966,-0.903166255679403,1.9888867104983213e-05,0.32621662092879766,19.8,2163447.0,2163447.0,1.4626048051142055,30.69834050943396,684273.0,,0.15384615384615385,13.0
0x810dc5d0c570d20d44e98993e70227326d023527,0.03524330146368408,0.022813184,0,16.52049,4,1767433441,-0.7625520571162593,-0.7635642028662601,-0.7625520571162593,-0.7625520571162593,-1.5280216181634783,0.0,-0.7625520571162593,0.0,0.0,,-0.7625520571162593,0.0,-0.7625520571162593,,,-0.7064291422951846,0,0.9971727016256966,,-0.7625520571162593,0.08973690422573331,4.92,391302.0,391302.0,0.2913558663269394,11.246789635514018,-951736.0,0.0,0.15789473684210525,19.0
0x220c2ae3078c477f12122b2e5da429e0c6ed00eb,0.035230579793331794,0.022725698,0,18.91186,4,1767452897,9.962170758880808e-05,0.0001835847185918414,9.962170758880808e-05,9.962170758880808e-05,0.011240723065165817,0.8507753988748148,9.962170758880808e-05,1.0343632751215444,0.0,3.45753,0.046772391712938094,1.0438658141719588,0.09344516171828737,3.7275805033255143,3.7309804932455126,,1,0.9971727016256966,-0.8316997967726169,9.962170758880808e-05,0.08840896658631593,1.0099995000000002,20844268.0,20844268.0,15.298612691138457,5.792258553505535,19481774.0,,0.49846153846153846,325.0
0x917d18318d2707362cc85df0a8b931028857d5df,0.03521590238024889,0.022624724,0,443.255367,26,1767441265,-6.738471688507855e-08,1.6172332052418963e-06,-6.738471688507855e-08,-6.738471688507855e-08,0.0007676426626762031,0.47617272005561107,-6.738471688507855e-08,0.4092021382637446,0.0,8.071841896000002,0.0240841861090412,0.41503432689330655,0.04816843960279929,2.6247743755047255,2.6241672247275813,-0.6598260627719372,2,0.9971727016256966,-0.8268402245668709,-6.738471688507855e-08,0.12021339840571206,3.0583995,1956844.0,1956844.0,1.4485891230932546,7.1715307985074634,605982.0,0.0,0.3333333333333333,63.0
0xdc1ee9e3ac2e4ecdad5be2c6c18a06dc3afc88b4,0.03521294568003638,0.022604378,0,2852.1093410000003,18,1767436981,-0.5398943768365332,-0.5409065225865342,-0.5398943768365332,-0.5398943768365332,-2.12318079955516,0.0,-0.5398943768365332,0.0,0.0,,-0.5398943768365332,0.0,-0.5398943768365332,,,-0.6619027912086306,0,0.9971727016256966,,-0.5398943768365332,0.6558971209136133,190.95,25177053.0,25177053.0,18.697062479856346,536.2838025714285,23830475.0,,0.0,4.0
0xb4c56fec06b1936fdc55bc982b03c19ff022d67e,0.035172834217742595,0.0223282,0,19.999996,2,1767473449,0.20242921121914248,0.2034413569691435,0.20242921121914248,0.20242921121914248,0.28770952617334894,-0.22801926418659246,0.20242921121914248,-0.4589271938799601,0.0,,0.20242921121914248,-0.4298271938799602,0.20242921121914248,0.2500335182224911,0.20413351822249107,,1,0.9971727016256966,-0.8442878895344635,0.20242921121914248,0.053840431997873445,11.09196,8131132.0,8131132.0,5.879147909758605,15.909131390625001,6748086.0,,0.5121951219512195,41.0
0x96c6740f9b58c5a38c9172147cd6266da06c34a2,0.035166818269133364,0.022286752,0,5264.951050000001,63,1767081023,0.07631702617837942,0.07659722695928747,0.07631702617837942,0.07631702617837942,0.44120188150941775,0.09906491624012417,0.07631702617837942,0.008026000572265891,0.0,-35.73992011248484,0.05260541649335249,0.02707017200489928,0.028893806808325567,0.45961450680063576,0.4012878401339691,-0.6931906250000001,1,0.9971727016256966,-0.9195297962703671,0.07631702617837942,0.08072640592036362,9.999998,48083048.0,48083048.0,48.53833760675133,485.82204154374296,47092428.0,0.0,0.49,79.0
0x8926b065326d11dd1a7ea017be431f40c1ce226d,0.035164282091813694,0.022269277,0,68.74572,6,1767458279,2.495238644911483e-05,7.580073698617655e-05,2.495238644911483e-05,2.495238644911483e-05,0.007447789451130193,1.5475267021167323,2.495238644911483e-05,1.2438363460201618,0.0,5.5320971153333325,0.029620606749152827,1.2876538865068947,0.059216261111856544,4.664596727813347,4.667996717733345,,1,0.9971727016256966,-0.8349962698771448,2.495238644911483e-05,0.1117347510100438,1.499999,,,,3.3982349999999997,,,0.11764705882352941,17.0
0xd6b301f0b57655ed729c7e39559ce13dc476cbb7,0.035157612154284465,0.022223312,0,4.941264,8,1767475451,3.2386122452274864e-07,6.477224490454973e-07,3.2386122452274864e-07,3.2386122452274864e-07,3.6210206405975225e-05,-0.0005650643481239764,3.2386122452274864e-07,-0.05755141994148201,0.42196556182980455,-0.35399799066666654,-0.014364294529222119,-0.05362676702550369,-0.028728589058444238,0.5554569121120683,0.5017569121120682,-0.02280000000000002,2,0.9971727016256966,-0.8455141138293846,3.2386122452274864e-07,0.08079497343465272,0.9999994999999999,946442.0,946442.0,0.6833279424251001,1.3063756,-438606.0,0.0,0.09523809523809523,21.0
0x20904fe4cae7766045e8a00092c67f3118acd42e,0.035148364860001044,0.022159573,0,92.750989,25,1767441267,-3.436764570997426e-05,-3.445953781080687e-05,-3.436764570997426e-05,-3.436764570997426e-05,-0.0036165284498159405,0.4729910638464958,-3.436764570997426e-05,0.40645563902113013,0.0,1.6886436,0.02405483502988988,0.4124970831314152,0.04814403770548974,2.5638461223327984,2.5629307299635666,-0.6598260366715608,2,0.9971727016256966,-0.8268402245668709,-3.436764570997426e-05,0.10796738156213136,1.0,1896331.0,1896331.0,1.4037912032595434,3.403237100502513,545467.0,0.0,0.21686746987951808,82.0
0x729a0080b01d7cae43b1247d5a92271aede787be,0.03514568082726701,0.02214107,0,18.136327,5,1767452289,0.00023598960631643083,0.0003835577661777117,0.00023598960631643083,0.00023598960631643083,0.015787176134037607,0.7338242272852543,0.00023598960631643083,0.8405937233080248,0.0,2.204100363570535,0.05018119555525044,0.8596567149160131,0.10012640150418445,2.9652965142946757,2.968696504214674,,1,0.9971727016256966,-0.8313273969867467,0.00023598960631643083,0.006948364701298304,2.999999,3858158.0,3858158.0,2.83295224416728,3.9314132,2496272.0,,0.3473282442748092,261.0
0xc8629ac5eb111c5e1cf1beb573d8b47b316b2308,0.03513206349912015,0.022047171,0,10.279997999999999,4,1767441179,0.00021434216852676686,0.0005111235293545926,0.00021434216852676686,0.00021434216852676686,0.01878350712518882,0.7358920393705769,0.00021434216852676686,0.5090888528533813,0.0,1.7960806250736365,0.03637177255286476,0.5461663016973172,0.07252920293720275,3.768877979661631,3.7777779695816296,,1,0.9971727016256966,-0.8245225258995476,0.00021434216852676686,0.07400490523063563,1.57842,4952858.0,4952858.0,3.6666760439924904,2.229150915254237,3602082.0,,0.16129032258064516,31.0
0xceb3731ffd0853255e7cdb18b3b108807190108e,0.035097050424414085,0.021805579,0,5430.101309999998,22,1767441253,4.452043048712442e-08,1.924188097413553e-07,4.452043048712442e-08,4.452043048712442e-08,0.00031515948193729673,0.573043271143433,4.452043048712442e-08,0.420950168096962,0.0,86.37351964285715,0.030826549260478092,0.45465162131310305,0.061653054000525696,2.3145851914353077,2.3234851813553066,,1,0.9971727016256966,-0.8245678508734857,4.452043048712442e-08,0.03912797108836282,24.1024,6181428.0,6181428.0,4.575954399082059,68.113200084,4830578.0,,0.2891566265060241,83.0
0x6aef4e556bd1d8bfc66a77c7039bb2186999ca62,0.035093615284978646,0.021781864,0,6.334141,4,1767429151,0.00032927369651367106,0.0008231840085762832,0.00032927369651367106,0.00032927369651367106,0.02327162498198036,0.5942275122564333,0.00032927369651367106,0.8467866980252491,0.0,0.7410003491252268,0.03318286685797506,0.8450845759644809,0.06603646001943644,3.1024171711975606,3.111317161117559,,1,0.9971727016256966,-0.8171553801356565,0.00032927369651367106,0.02816400831488978,1.999998,15024757.0,15024757.0,11.222991182806622,4.1361537824074075,13686009.0,,0.6181818181818182,110.0
0x286eb83b7aeac8c93dbaf4965cbaa41a5a8e7d04,0.03508651723925546,0.021732854,0,724.071438,8,1767436265,1.273822138428746e-06,1.2780611472088748e-06,1.273822138428746e-06,1.273822138428746e-06,0.0008831937768737475,0.41336584181319586,1.273822138428746e-06,0.333288978211418,0.0,101.09076015466667,0.07608874184036007,0.3315889796915098,0.15217620985858174,2.3737324229006176,2.3826324128206156,,1,0.9971727016256966,-0.8215127026301959,1.273822138428746e-06,0.031661122300085366,19.999999,4552268.0,4552268.0,3.3824181082458677,36.187063804687504,3206406.0,,0.3125,96.0
0xa3e7869fd1c6a4e7b885f520304ede1de25c2238,0.03508517774353476,0.021723604,0,5.999998,2,1767476813,-0.35323881361270065,-0.3542509593627017,-0.35323881361270065,-0.35323881361270065,-0.5009865112144128,0.0,-0.35323881361270065,0.0,0.0,,-0.35323881361270065,0.0,-0.35323881361270065,,,-1.6085283528039211,0,0.9971727016256966,,-0.35323881361270065,0.07370275052323932,2.9999985000000002,780736.0,780736.0,0.5631350033539861,3.1021075714285717,-605674.0,,0.45,20.0
0x138c862356dfb1d2ac120de0fb06e332acfd80c2,0.03506911114305207,0.02161263,0,3.5541609999999997,4,1767433439,-0.7635639005277192,-0.7645760462777202,-0.7635639005277192,-0.7635639005277192,-1.5300450394650356,0.0,-0.7635639005277192,0.0,0.0,,-0.7635639005277192,0.0,-0.7635639005277192,,,-0.706756923212754,0,0.9971727016256966,,-0.7635639005277192,0.0,0.0,537874.0,537874.0,0.4004911260755482,0.0,-805162.0,,,0.0
0x58d4c6549b6eb72b6fb0ffcdc7e4b76679ce7cca,0.035066310548983695,0.02159328,0,43.23935899999999,4,1767437891,5.065085744446418e-05,5.108813103421378e-05,5.065085744446418e-05,5.065085744446418e-05,0.0060206106751065774,0.9157451109193457,5.065085744446418e-05,0.8107011532891307,0.0,11.620400492001153,0.0879744852542449,0.8172016263579929,0.17589831965104533,4.25465457045366,4.263554560373658,,1,0.9971727016256966,-0.8225086270575395,5.065085744446418e-05,0.046392443123236454,4.999999,,,,5.2186200344827585,,,0.4166666666666667,24.0
0xce3f6b3576caccbc7005787d09b519a0997b67c9,0.03506039733411765,0.021552421,0,362.77691500000003,22,1767536953,0.153592152172506,0.15405205178738776,0.153592152172506,0.153592152172506,0.8004925135319221,0.11547455819234154,0.153592152172506,0.002414253828244367,0.0,6.258371987094903,0.1649611052712299,0.03075328811756302,0.17633005836995383,0.6713489977379091,0.6157976161969152,-1.7590490881833933,1,0.9971727016256966,-0.8844605164352031,0.153592152172506,0.03864282901458868,5.0,30006252.0,30006252.0,20.743321696450174,15.916131699044584,28559702.0,0.0,0.33587786259541985,209.0
0xc7521c83375fd4c77bb4ebaad5b5f2b63bfe2d15,0.03501244594788855,0.021220842,0,555.555555,2,1767715327,-0.008097165114583197,-0.009109310864584236,-0.008097165114583197,-0.008097165114583197,-0.012882510968567613,0.0,-0.008097165114583197,0.0,1.0,,-0.008097165114583197,0.0,-0.008097165114583197,,,-0.06419999291411997,0,0.9971727016256966,,-0.008097165114583197,0.06798370636891012,9.999999,932376.0,932376.0,0.5737966821832898,11.553552630434782,-692548.0,,0.2647058823529412,34.0
0xa11bb73b8674cb0ad4b60563c5bf57ce3ed3b1cc,0.03499798365973107,0.021120751,0,4.16,4,1767421595,0.0,0.0,0.0,0.0,0.0,1.5914999999999997,0.0,1.2299998115701407,0.0,0.08000000000000007,0.002530364375002597,1.2277998126231409,0.005060728750005194,5.9701,5.979999997894,,1,0.9971727016256966,-0.8125273327967837,0.0,0.026166634106672953,0.999999,3578556.0,3578556.0,2.688234304292694,1.1833159710144927,2247364.0,,0.6033057851239669,101.0
0x41f1d4573e8f1ae31b35fbc463c70eea18a83dcc,0.03499128143693464,0.021074353,0,7.197157,3,1766303863,1.1269562676525392e-06,9.35373702151604e-05,1.1269562676525392e-06,1.1269562676525392e-06,0.00886447770235365,0.1675186167863449,1.1269562676525392e-06,0.007500801861683308,0.0,0.3997998399999998,0.0025312085796640087,0.025502806040707697,0.005061290203060365,0.06299980854103593,0.014999816293036969,,1,0.9971727016256966,-0.12791687644779604,1.1269562676525392e-06,0.0,0.0,625380.0,625380.0,2.9297292232736813,0.0,411920.0,,,0.0
0xd5cc1a17c0e7fd25875b086816c09ff410c96f6a,0.03497824349498529,0.020984069,0,24.169808999999997,4,1767425163,3.4915130639319926e-05,0.00017293253302556272,3.4915130639319926e-05,3.4915130639319926e-05,0.008584222083622566,-0.005659327971385186,3.4915130639319926e-05,0.14507199884487415,0.0,1.0268004106665372,0.010784603634129935,0.1433713139642156,0.021534292137620547,0.8985042292971395,0.9074042192171379,,1,0.9971727016256966,-0.8147127315401793,3.4915130639319926e-05,0.17760003776014194,0.999999,3282272.0,3282272.0,2.4590727921124396,2.0833316666666666,1947512.0,,0.0,9.0
0xa812a4ce0035754be421f5ef20e13485f304b818,0.034966476222324815,0.020902555,0,113.92046300000001,3,1767517571,-0.30161942868090136,-0.30263157443090244,-0.30161942868090136,-0.30161942868090136,-0.5139808506255646,0.0,-0.30161942868090136,0.0,0.0,,-0.30161942868090136,0.0,-0.30161942868090136,,,-1.824876041330113,0,0.9971727016256966,,-0.30161942868090136,0.6749046758476912,49.999999,1257496.0,1257496.0,0.881112805219848,84.4449494,-169672.0,,0.3333333333333333,3.0
0x09733a494c134f9d4b61a10cba99b6f5328a40c4,0.03494608895830908,0.020761268,0,60.128732,4,1767460755,1.69156705431351e-05,1.7143108122606187e-05,1.69156705431351e-05,1.69156705431351e-05,0.0032346327050864414,0.6577861523509582,1.69156705431351e-05,0.6280087927061967,0.0,11.989250403977307,0.07529314390455315,0.6639534314168132,0.15056937213856314,2.3755380501711256,2.3713507959677953,,1,0.9971727016256966,-0.8365128190051291,1.69156705431351e-05,0.024670146581751862,17.5799995,4275609.0,4275609.0,3.1200808259483694,21.17013652542373,2905257.0,,0.3287671232876712,73.0
0xd085c89633c877d4f004f48af00aaea1c755e963,0.034914584937523814,0.020542784,0,22.189998000000003,4,1766178435,5.397863081867812e-05,0.00012538342918102835,5.397863081867812e-05,5.397863081867812e-05,0.008653018086845926,-0.46669181625899303,5.397863081867812e-05,-0.06665075407013703,0.0,3.0962601999160313,0.03218286093939841,-0.057648864393153684,0.06431174324797813,-0.7648233095141896,-0.7808233095141897,,1,0.9971727016256966,-0.051092270621944394,5.397863081867812e-05,0.17512505898049802,4.999999,2202412.0,2202412.0,25.018311523082517,13.643517784313724,2114380.0,,0.5,24.0
0xda14cd61b3577ea67ad42f0720bf74c5e31b9cd2,0.034895610285459684,0.0204111,0,10.265134,4,1767454343,0.00031385284213807476,0.00031891498383101834,0.00031385284213807476,0.00031385284213807476,0.014260321073549813,0.6747579456798682,0.00031385284213807476,0.7009871418800704,0.0,3.180600579420129,0.07871593115185428,0.7054393725438064,0.1571180094615705,2.7663845770527935,2.769784566972792,,1,0.9971727016256966,-0.832585471263354,0.00031385284213807476,0.07448421340281669,2.9888994999999996,20731840.0,20731840.0,15.199964807836121,7.065179830645162,19367900.0,0.0,0.20967741935483872,62.0
0xb8df41e015097e107b761d52f96253ddbfb76df7,0.03488428933174653,0.0203325,0,416.95057699999995,22,1767567763,-0.07771256824094104,-0.07802987264401967,-0.07771256824094104,-0.07771256824094104,-0.38975092850315607,-0.06380521831779211,-0.07771256824094104,-0.06524322707645988,0.0,-1.9290939697142873,-0.08288344014557722,-0.04404061872273443,-0.08805431205021338,0.39324392667981783,0.3405582123941035,-1.7571499999999998,1,0.9971727016256966,-0.9020551813182708,-0.07771256824094104,0.024545423506636445,2.4362500000000002,970654.0,970654.0,0.6570192776303677,16.048430195652177,-506706.0,,0.41509433962264153,104.0
0x3e725c3f1df6c8cc809f8e6a9fbcbb9bf4457de5,0.03484621717212662,0.02006799,0,1820.0,7,1766783613,0.0,0.0,0.0,0.0,0.0,0.0,0.0,0.0,0.0,-33.690000000000005,-0.009367909427894222,0.0,-0.018735818855788445,,,-0.017323132584342617,1,0.9971727016256966,-0.43766529834245343,0.0,0.033735782427810876,115.2,867258.0,867258.0,1.2510754316873676,166.8433885714286,174048.0,,0.43137254901960786,51.0
0x50b242e0b9ac75359464c5b3be62ad6b42d8c94a,0.03484375258188334,0.020050857,0,342.677982,7,1767464923,5.697255572920861e-06,8.028995252967101e-06,5.697255572920861e-06,5.697255572920861e-06,0.0023833658724640543,1.3132512998116483,5.697255572920861e-06,1.2012674627252122,0.0,48.959267262666664,0.057094812367588774,1.2113758238401846,0.11418392747960462,4.246605461836183,4.242211834734518,,1,0.9971727016256966,-0.8390657175372124,5.697255572920861e-06,0.0,0.0,41547183.0,41547183.0,30.226684951837733,0.0,40172663.0,0.0,,0.0
0xd6518e248efcf4eb0642bf670c08b0f7f6f60f3b,0.03482837292000164,0.019943919,0,105.07375799999998,5,1767482469,-1.377467756716262e-05,2.814090667663864e-05,-1.377467756716262e-05,-1.377467756716262e-05,0.0030797303300671764,-0.03502440108555555,-1.377467756716262e-05,-0.11839328729360282,0.0,-4.886739886685587,-0.020634522020945692,-0.10734236469441136,-0.04125526936432422,0.5777658019751586,0.5507658019751586,,1,0.9971727016256966,-0.8498126363577341,-1.377467756716262e-05,1.0,29.999999,,,,29.999999,,,0.0,1.0
0x481ae1a551f92a02bd415ba091758bb9e012dc6d,0.03476600074406618,0.019509764,0,111.111111,2,1767703751,-0.00809716153644552,-0.009109307286446558,-0.00809716153644552,-0.00809716153644552,-0.01288250590831678,0.0,-0.00809716153644552,0.0,1.0,,-0.00809716153644552,0.0,-0.00809716153644552,,,0.01610003660300021,0,0.9971727016256966,,-0.00809716153644552,0.14056405652485654,1.0,1027758.0,1027758.0,0.637034291423797,1.9358966153846153,-585590.0,,0.0,11.0
0xbbb2671dbe308ecaa68b2e9a3f0706f386800e92,0.034765093058086484,0.01950344,0,203.84082700000002,19,1767459865,-9.543165426371322e-07,-4.3775988194363874e-06,-9.543165426371322e-07,-9.543165426371322e-07,-0.0014884166151152203,0.0,-9.543165426371322e-07,0.0,0.0,-2.6534426250000007,-0.014106245515863763,0.0,-0.02821153671518489,,,-1.2086266937809191,2,0.9971727016256966,-0.8409571164496581,-9.543165426371322e-07,0.146554401206663,5.0697,1059118.0,1059118.0,0.773382540004761,7.769219812499999,-310344.0,,0.5,14.0
0x07f1cea28e80ce3879ddd0a2dcbf5276d3dc9f1c,0.03475276095263016,0.01941751,0,101.625901,5,1767451263,-8.227961368112956e-06,3.467498530932051e-05,-8.227961368112956e-06,-8.227961368112956e-06,0.004550464000446049,0.4505463335453829,-8.227961368112956e-06,0.6086775371179242,0.0,-6.278879590101245,-0.015641893270493475,0.6158779602327398,-0.031275558579618834,2.4201074844849475,2.423507474404946,,1,0.9971727016256966,-0.8306989723480909,-8.227961368112956e-06,0.1155753571138345,15.0,1427203.0,1427203.0,1.0487507899416546,19.969800044247787,66343.0,,0.11538461538461539,26.0
0x7e7c0a8a64fc49a5a1911ef268006623a7a24d13,0.03474572188371944,0.019368447,0,43.875,4,1766138634,0.07314439753782313,0.20242915000020756,0.07314439753782313,0.07314439753782313,0.49557227189026554,-0.11740925533894603,0.07314439753782313,-0.03835231383473651,0.0,-8.625,0.0537449373294699,-0.028352313834736513,0.03434547712111668,-0.8480978857941993,-0.8480978857941993,,1,0.9971727016256966,-0.026714172139351018,0.07314439753782313,0.0,0.0,2744313.0,2744313.0,56.899359333208935,0.0,2696082.0,0.0,,0.0
0xc63b5301bc47e27c03c91a7cbea3c840703cda3f,0.0347410181788754,0.019335657,0,98.044398,5,1767463287,1.238041997819054e-05,2.960130456620493e-05,1.238041997819054e-05,1.238041997819054e-05,0.004365213737255988,0.8581166907454482,1.238041997819054e-05,0.8241700487850069,0.0,9.771360194648766,0.03376369744194521,0.856065143027956,0.06751501446391224,2.863689789453307,2.8595025352499768,,1,0.9971727016256966,-0.8380636681133908,1.238041997819054e-05,0.0,0.0,2537286.0,2537286.0,1.84814303320601,0.0,1164402.0,,,0.0
0x6ce2bbb2466d3ec2e1ab169413f54acc77d6937c,0.03470153651670944,0.019060258,0,1633.4368339999999,14,1767499755,-0.004019303748765728,-0.004920068411421561,-0.004019303748765728,-0.004019303748765728,-0.008917532385567969,0.017767882812943316,-0.004019303748765728,0.00030453443625293565,0.015400528916017986,-2.1771605239999996,-0.004376363826131368,0.0037079003354447476,-0.004733423903497008,0.5461572748540341,0.5107829925368211,0.08188227247154684,2,0.9971727016256966,-0.8604003052698245,-0.004019303748765728,0.5884773857338831,74.99999650000001,,,,67.49999775,,,0.3333333333333333,3.0
0xd286876350bf833452276bec80d4388c6341d55d,0.034699605388109664,0.01904678,0,1.999996,2,1767648157,0.15081027596143642,0.15182242171143745,0.15081027596143642,0.15081027596143642,0.2147093278566423,0.11373411162640856,0.15081027596143642,0.1001537978226937,0.0,,0.15081027596143642,0.1689537978226937,0.15081027596143642,0.17133411162640858,0.10653411162640856,,1,0.9971727016256966,-0.9512964780045251,0.15081027596143642,0.06472228730386251,1.979996,,,,5.994454124999999,,,0.735191637630662,572.0
0x3efedd954c724bd4c2844738a1597be2b2dd2ed8,0.034695504618808826,0.019018156,0,6.880187000000001,4,1767456595,0.0006016548594111428,0.0010443818620741688,0.0006016548594111428,0.0006016548594111428,0.026091206775671224,1.16538813682316,0.0006016548594111428,0.5823245402904695,0.0,1.0388003708098332,0.04746472391335415,0.5894359213142788,0.09432779296729717,3.0001665069724432,3.0035664968924416,,1,0.9971727016256966,-0.8339648204702282,0.0006016548594111428,0.0,0.0,4793374.0,4793374.0,3.50856541393889,0.0,3427182.0,,,0.0
0x7e1358443c79893d80d17787d5b68b72a99e9405,0.03468699021684475,0.018958716,0,4.119998,4,1767446897,-0.0002700661991960625,0.0009671299781040397,-0.0002700661991960625,-0.0002700661991960625,0.022777283926056567,0.2489536845159662,-0.0002700661991960625,0.20010611862146013,0.0,-0.3137597409358083,-0.018960988838777983,0.20334174182646364,-0.037651911478359903,1.597858063721004,1.6067580536410024,,1,0.9971727016256966,-0.8280247988857407,-0.0002700661991960625,0.19444561474490465,12.6,20871555.0,20871555.0,15.386396843627764,18.600395366197183,19515061.0,,0.4090909090909091,22.0
0x9bd74f5f970fe3d3c5e747fabcdc025fa47796d3,0.03468625978822683,0.018953616,0,24.64,4,1767437855,-0.2419871797294148,-0.2423245616460818,-0.2419871797294148,-0.2419871797294148,-0.5935715281765074,0.9816000260026675,-0.2419871797294148,0.8895999966399994,0.0,0.4924999999999996,-0.23783316488045222,0.8950333333333333,-0.23367915003148962,6.1159,6.124799989919999,-0.691277349205998,1,0.9971727016256966,-0.8224865770702182,-0.2419871797294148,0.04192438332431908,4.0,35133873.0,35133873.0,26.074303945520878,17.44218802747792,33786421.0,0.0,0.6346153846153846,207.0
0x97689859bfbad739235abcdc15abf92767eec18a,0.034661389249635084,0.018779906,0,48.184238,5,1767452929,-7.372846847749505e-07,1.1124811312305368e-05,-7.372846847749505e-07,-7.372846847749505e-07,0.002765048462463504,0.8452798847828927,-7.372846847749505e-07,1.0281740068370422,0.0,-1.8074594530229269,-0.005665162569738545,1.0376741656583857,-0.011329587854792315,3.713920498121661,3.7173204880416595,,1,0.9971727016256966,-0.8317193967613469,-7.372846847749505e-07,0.08305991741876279,8.484999,11588891.0,11588891.0,8.505445767640397,11.471802152173916,10226365.0,,0.05263157894736842,19.0
0x0cdc3e41d4d3fd0039e2324301a8faff800fae37,0.034657125703670646,0.018750114,0,98.807038,5,1767455623,3.3843303479148313e-05,5.5222577032472186e-05,3.3843303479148313e-05,3.3843303479148313e-05,0.005971593025409452,0.7139581971168673,3.3843303479148313e-05,0.5231593300087627,0.0,16.161703236,0.04944358337880059,0.5317620059229267,0.09885332345412202,2.8890684317403923,2.8924684216603906,,1,0.9971727016256966,-0.8333694708125543,3.3843303479148313e-05,0.006520506456089053,9.999999,23583694.0,23583694.0,17.274647309591128,26.01442004671458,22218474.0,,0.2699551569506726,1104.0
0xfd91cd350e08d2c3d3cc1ac26d046456cd29f0a0,0.03465560263620911,0.018739471,0,369.499998,5,1767481079,-0.36417390719555665,-0.3651860529455576,-0.36417390719555665,-0.36417390719555665,-0.7454845102775275,0.0,-0.36417390719555665,0.0,0.0,,-0.36417390719555665,0.0,-0.36417390719555665,,,-1.566836061494974,0,0.9971727016256966,,-0.36417390719555665,0.3688081710739828,59.999999,1275909.0,1275909.0,0.9174739479217302,75.785837,-114767.0,0.0,0.0,7.0
0x3237134d752a664e30d2b4595a2bbfafd80529dd,0.034645332278826727,0.01866769,0,39.206298000000004,7,1767470359,-0.0017667757586100966,0.05335664024464258,0.009187236068613944,0.05317996262793845,0.1277083332860495,0.18493829037400297,0.05317996262793845,0.061472601184414055,0.0,1.3519878973333332,0.025491260387683116,0.08050811410258646,0.030841272879528252,1.135239363835263,1.1167143679177631,,1,0.9971727016256966,-0.8423952656227223,0.009187236068613944,0.0739787092946492,10.2,1308966.0,1308966.0,0.9485563307815611,23.041844158415845,-70990.0,0.0,0.2,50.0
0x1e63e24a7451af8bfe0b4d882a08612bfcfa3f8a,0.034635185798171965,0.018596755,0,109.418239,6,1767468177,1.61942519604956e-06,3.193303967897766e-06,1.61942519604956e-06,1.61942519604956e-06,0.0014280925192300838,0.8042007797451654,1.61942519604956e-06,0.7642782331745877,0.0,8.684275248995009,0.040544554556966435,0.7775282994242565,0.08108748968873683,2.782312820279122,2.777712820279122,,1,0.9971727016256966,-0.841058791391195,1.61942519604956e-06,0.049345492993520555,14.999998,162949078.0,162949078.0,118.26981638498042,17.144675137931035,161571304.0,,0.4444444444444444,63.0
0x6b09d4206318fe87f74bcb0621f5351d8c90e10f,0.034616587585494345,0.018466681,0,343.23827700000004,7,1767476331,5.00506090752047e-07,6.870918923104169e-06,5.00506090752047e-07,5.00506090752047e-07,0.001494106169131311,0.0005613256150584196,5.00506090752047e-07,-0.19171878111794885,0.0,2.2568134153162465,0.0030011518237521404,-0.17404354294971286,0.006001803141413529,0.5610862749576437,0.5090862749576438,,1,0.9971727016256966,-0.8460531135194598,5.00506090752047e-07,0.3137238801328582,84.489999,33965422.0,33965422.0,24.507349588145992,546.6663493913045,32579494.0,0.0,0.3333333333333333,9.0
0x25257a6a89dba93dd0c536b6279365632a4eb919,0.034609676798897815,0.01841833,0,9918.167408,25,1767446429,-0.00048530312320655176,-0.0005460658673934613,-0.00048530312320655176,-0.00048530312320655176,-0.002325546023037251,0.4794514137410772,-0.00048530312320655176,0.38966304954156117,3.513638401981003e-06,302.6994529323334,0.04526884960835126,0.39740583484877096,0.09102300233990906,2.349273829950983,2.3499538225589816,0.04879999162391595,2,0.9971727016256966,-0.8277381490505643,-0.00048530312320655176,0.0,0.0,87228164.0,87228164.0,64.3263211767326,0.0,85872138.0,,,0.0
0xeccab812c0c6256ccdef7a9a3a7cd114947f6a15,0.034599587491116926,0.018347725,0,8.445,4,1767448299,-0.09885290158343471,-0.09919028350010173,-0.09885290158343471,-0.09885290158343471,-0.17180261063933708,1.042,-0.09885290158343471,1.020666663306666,0.0,0.5524999999999998,-0.08953272613550849,1.0228198634907366,-0.08021255068758226,6.213099999999999,6.221999989919998,-1.7429046628856022,1,0.9971727016256966,-0.828883523391974,-0.09885290158343471,0.0066281575132244395,3.58779,5879512.0,5879512.0,4.329869150509317,4.426668202487906,4521616.0,,0.4888268156424581,358.0
0x34b293ea612c094e92a71d438478a82778798558,0.03457786728716074,0.018195659,0,41.4,6,1766361668,-0.26619433225027295,-0.26653171416694,-0.26619433225027295,-0.26619433225027295,-0.6528666999783375,0.0,-0.26619433225027295,0.0,0.0,-0.5000000000000002,-0.2704116062086106,0.0,-0.27462888016694825,,,0.022870933179471063,1,0.9971727016256966,-0.1928945140856544,-0.26619433225027295,0.09640071291011806,4.05,448053.0,448053.0,1.6517169557443827,4.188483014084507,176788.0,,0.16,25.0
0x5817d05244f2d6357fca69c1e9a6c3c1d4d89306,0.03456016324179927,0.018071642,0,226.54563599999997,13,1767435219,7.141892448643894e-06,2.30862621625412e-05,7.141892448643894e-06,7.141892448643894e-06,0.004104553982665332,0.8230199693845348,7.141892448643894e-06,0.6925771540942796,0.0,8.223580531200003,0.021570726826531435,0.6948587960526418,0.043134311760614226,3.6707467078274956,3.6796466977474935,,1,0.9971727016256966,-0.8208720279985839,7.141892448643894e-06,0.020451214626559047,10.7199995,5611532.0,5611532.0,4.172713590558113,18.226988546875,4266716.0,,0.2796610169491525,118.0
0x08a6e4da67d93ab30bb3e4c88c550977866af3cc,0.03454884570146171,0.01799233,0,15.829999999999998,10,1767258111,-0.04699248125004818,-0.047137073500048324,-0.04699248125004818,-0.04699248125004818,-0.17637077925236203,1.5685965714285717,-0.04699248125004818,1.230093729771683,0.0,1.1320000000000001,-0.026532677875027198,1.2393508784284615,-0.006072874500006216,6.1124666431829295,6.139866633102926,-1.7501511451979992,2,0.9971727016256966,-0.7123934403737718,-0.04699248125004818,0.0,0.0,17400964.0,17400964.0,14.901811069205658,0.0,16233256.0,,,0.0
0xd06113c05feb46f15749d02b7bb920122213d5e4,0.03452758753574867,0.01784329,0,1121.2819479999998,33,1767446207,-0.00043150022156185125,-0.0004931431103564005,-0.00043150022156185125,-0.00043150022156185125,-0.001998264653722386,0.500542698069845,-0.00043150022156185125,0.4258310486994251,0.0,22.237264519999997,0.04535738472185393,0.43786157339886106,0.09114626966526972,2.6499034847196787,2.631035061471032,,3,0.9971727016256966,-0.8276021741287499,-0.00043150022156185125,0.02865841845311718,3.612,44383363.0,44383363.0,32.73582538479013,16.928280627394077,43027559.0,0.0,0.24347826086956523,228.0
0xf4afef24dac28aa685a2e9b0a57b43b813190938,0.034523608610922754,0.017815383,0,746.9013600000001,9,1767450085,-0.045926937672665626,-0.046052937501671574,-0.045926937672665626,-0.045926937672665626,-0.13052505566203562,0.6677654439584588,-0.045926937672665626,0.6230302980193756,0.0,47.477413750000004,-0.012154307321260827,0.6606243152508198,0.021618323030143972,3.51129561362891,3.5146956035489083,,1,0.9971727016256966,-0.8299774477629676,-0.045926937672665626,0.011159545205549237,2.999999,3370382.0,3370382.0,2.4788016609766106,10.580868129850172,2010700.0,,0.5608108108108109,287.0
0x0218c0a9bce8ce3e67d5b49550d3840c202d52c0,0.03451545003768799,0.017758153,0,108.77826,4,1767448673,-0.16476738062714957,-0.16510476254381656,-0.16476738062714957,-0.16476738062714957,-0.40197011866489607,1.5857666666666665,-0.16476738062714957,1.4372999899199983,0.0,22.1576557845,-0.12738941874003692,1.4550999966862397,-0.09001145685292428,7.4616999999999996,7.471899969759995,-1.3989069899639057,1,0.9971727016256966,-0.829112598260256,-0.16476738062714957,0.0,0.0,2805355.0,2805355.0,2.0653883248544105,0.0,1447085.0,,,0.0
0x1fc9776b33c40adf0ef9c1287d2810766dd1ace5,0.03449077162090574,0.017584963,0,229.30364799999998,39,1767363587,-0.007487325056950461,-0.00754562444982917,-0.007487325056950461,-0.007487325056950461,-0.06259297572534911,1.7306146356458298,-0.007487325056950461,1.6068433535615865,0.0,3.9004123620416657,0.01633259219392309,1.5998942222465686,0.04015250944479664,5.8875620707940675,5.9063620643248695,-0.30704195778516247,2,0.9971727016256966,-0.7769974532264644,-0.007487325056950461,0.0,0.0,24711272.0,24711272.0,19.409034357956116,0.0,23438088.0,,,0.0
0x1f4dc4a5082fdbc571549042702f9aa1e9f2bd49,0.03448959254924952,0.017576685,0,3.8,4,1766094513,0.0,0.0,0.0,0.0,0.0,0.3452499483515831,0.0,0.386,0.0,0.1999999999999999,0.005060728750005187,0.3845,0.010121457500010374,-0.3344901681332145,-0.3314901681332145,,2,0.9971727016256966,0.0003099248217932275,0.0,0.00930541941650219,0.5,3511122.0,3511122.0,854.2875912408759,1.0120519901477834,3507012.0,0.0,0.3500810372771475,547.0
0xcb70c6449bb478d46fc2c74907ad893bd1a6d906,0.03448377072315103,0.01753581,0,135.059973,9,1767493657,-0.13360816564828937,-0.13396023339774557,-0.13360816564828937,-0.13360816564828937,-0.3214236233259763,0.0,-0.13360816564828937,0.0,0.0,-0.01679913550856642,-0.1336925048179129,0.0,-0.13377684398753642,,,-1.5908039233523192,1,0.9971727016256966,-0.8589842060840815,-0.13360816564828937,0.09145919369544529,19.999998,1149337.0,1149337.0,0.8190512907855598,22.34058253164557,-253917.0,,0.4642857142857143,28.0
0xcf4e8c0bd8941caea7a5e90ee37657aafd88c5c0,0.03447429653054967,0.017469276,0,3.659998,4,1766177951,0.0007665243233629384,-0.0012167052751792672,0.0007665243233629384,0.0007665243233629384,-0.027182528285020196,0.0,0.0007665243233629384,0.0,0.0,0.62748,0.04849459547049161,0.0,0.09622266661762029,,,0.40881490876633847,1,0.9971727016256966,-0.7655155348285675,0.0007665243233629384,0.027445615895377834,0.999999,1267764.0,1267764.0,14.480787682185772,1.2159272325581398,1180216.0,,0.2894736842105263,76.0
0x034a1115ca59f75003607799306f82111fcde968,0.03446501123456972,0.017404051,0,449.68661799999995,25,1767457739,-2.7825924769279514e-08,5.275804517919172e-07,-2.7825924769279514e-08,-2.7825924769279514e-08,0.0005031008666139467,0.914842175711046,-2.7825924769279514e-08,1.0620772323517556,0.0,-2.0663956489269384,-0.006157301664789338,1.0912268134476515,-0.012314575503653906,2.881939950943382,2.8287331708375323,-1.2051947311298323,2,0.9971727016256966,-0.834665520067326,-2.7825924769279514e-08,0.0964332683536409,28.4699995,5405719.0,5405719.0,3.9534679113253803,49.0357768902439,4038383.0,,0.5454545454545454,33.0
0x39bc135381acb7a87de2c20f4862a25f5accf230,0.03444074249845883,0.017233497,0,20.0,6,1766490423,0.0,0.0,0.0,0.0,0.0,0.0,0.0,0.0,0.0,-0.4504949999999999,-0.011399164991167936,0.0,-0.02279832998233587,,,0.012717438511408725,2,0.9971727016256966,-0.6470091029697658,0.0,0.04255369093167956,6.3,598810.0,598810.0,1.4969501524923754,8.877982352941176,198790.0,0.0,0.0,38.0
0x70b72f27fd25485ffd2aa1949b845c5c64115745,0.0344190951541717,0.017081266,0,622.9885040000001,4,1767568843,-0.3133124587895241,-0.3143246045395251,-0.3133124587895241,-0.3133124587895241,-0.4750686230397773,0.0,-0.3133124587895241,0.0,0.0,,-0.3133124587895241,0.0,-0.3133124587895241,,,-1.9172011195888468,0,0.9971727016256966,,-0.3133124587895241,0.2995067855344468,300.0,30258612.0,30258612.0,20.46658099077406,255.8899998,28780172.0,0.0,0.25,4.0
0x5dbf1df3adc2129ccaceca6fee457013d59a3fae,0.03440977019309263,0.017015662,0,119.55319800000001,24,1767443769,0.02847455591283861,0.028556575264081226,0.02847455591283861,0.02847455591283861,0.1271547316736522,0.19279655228687967,0.02847455591283861,0.18343613769713946,0.0,0.02353840166666671,0.028778707820080848,0.19762697079640135,0.029082859727323086,1.7065370007346377,1.715436990654636,-0.5713098908307839,1,0.9971727016256966,-0.8261088999873825,0.02847455591283861,0.013038041447508884,3.2,37131911.0,37131911.0,27.436710394675202,4.488540529141105,35778545.0,0.0,0.5720524017467249,224.0
0x042452b0b4188dce7c61c84d98b182ca8d7a95dd,0.03437198327428167,0.016749643,0,78.438726,5,1767451161,-5.344550849761865e-07,2.97479734754968e-06,-5.344550849761865e-07,-5.344550849761865e-07,0.0013328345083265,0.38907738392240165,-5.344550849761865e-07,0.5359199685501,0.0,-3.4471198266683936,-0.013411398161370975,0.540119997855754,-0.026822261867656974,2.211169473180049,2.214569463100047,,1,0.9971727016256966,-0.830636497384014,-5.344550849761865e-07,0.022125390821766244,33.579998,3551464.0,3551464.0,2.6099159439077337,103.94262491766725,2190706.0,,0.6507936507936508,189.0
0x31a81dab2a710579056b628f003f3bd811361f07,0.034365949511091815,0.01670714,0,257.888,7,1766958833,0.0,0.0,0.0,0.0,0.0,1.1770212578295056,0.0,0.37559508196721336,0.0,-1.7639999999999991,-0.0018293289989772846,0.36632704920221615,-0.0036586579979545693,3.476266666666666,3.494866666666667,,2,0.9971727016256966,-0.5290857707756818,0.0,0.01494958418525403,28.5745,4122723.0,4122723.0,4.7473290881245465,59.94883941018518,3254293.0,,0.35507246376811596,276.0
0x6b0f706a1edd66cc65378edd91b7e480f756740f,0.034364984478744844,0.01670034,0,121.23886000000002,13,1767468289,2.245296105195643e-05,2.3149176285830305e-05,2.245296105195643e-05,2.245296105195643e-05,0.00249649271270876,0.2696049114933763,2.245296105195643e-05,0.17266005479544133,0.0,17.585842706441984,0.055780302315885634,0.1887683890017595,0.1115381516707193,1.1315566226700573,1.106038440948501,,2,0.9971727016256966,-0.84112739135175,2.245296105195643e-05,0.10039283593717815,0.999999,28702218.0,28702218.0,20.830618788491936,33.3851276103896,27324332.0,,0.8444444444444444,44.0
0xc6da93b212bcdadb00758fa76a827d956231e2d8,0.034350768219001064,0.016600166,0,104.097185,7,1767494363,-1.549736098543626e-06,1.3736300229587079e-05,-1.549736098543626e-06,-1.549736098543626e-06,0.002328566919807694,0.08231223294725404,-1.549736098543626e-06,-0.03511797350907532,0.0,-1.0661548750147507,-0.005483497380112494,0.005224456202144339,-0.010965445024126445,0.8107786449508497,0.7654786449508498,,1,0.9971727016256966,-0.8570977071688184,-1.549736098543626e-06,0.5,29.999999,,,,29.999999,,,0.0,2.0
0x42b46d829addaab26135b11ea86ef60ee376ecd0,0.034339989467715125,0.016524186,0,3.0674829999999997,2,1767507961,-0.3289472176287978,-0.3299593633787989,-0.3289472176287978,-0.3289472176287978,-0.4666330067222897,0.0,-0.3289472176287978,0.0,0.0,,-0.3289472176287978,0.0,-0.3289472176287978,,,-1.7121514977910492,0,0.9971727016256966,,-0.3289472176287978,0.043165517469029135,3.0514,1180060.0,1180060.0,0.8324597653147173,5.223313917647059,-237498.0,,0.5471698113207547,53.0
0xc71b43cf1a6c9f79743bdf5e15a763d93d7ce265,0.034320534620395124,0.016386991,0,8.937678999999997,18,1767286917,-0.14217948653399207,-0.1423241248722769,-0.14217948653399207,-0.14217948653399207,-0.3764942416323238,1.8350397511424588,-0.14217948653399207,0.434927102025165,0.0,0.028753482461538495,-0.14201461936444057,0.41902926216216885,-0.14184975219488907,5.572018019510044,5.602258019510044,,2,0.9971727016256966,-0.7300371052286645,-0.14217948653399207,0.0,0.0,23770678.0,23770678.0,19.86661083781719,0.0,22574164.0,,,0.0
0xda391d93ad9897d189f9b6c011eefc57b576fef1,0.034307011823371286,0.016291585,0,9.355,4,1767451957,0.0,0.0,0.0,0.0,0.0,1.106537688137699,0.0,1.2123173145659225,0.0,0.3225,0.008160425109383368,1.2362931851401475,0.016320850218766735,4.151385236867874,4.154785226787872,,1,0.9971727016256966,-0.8311240471036729,0.0,0.050337909529813624,2.0,14527111.0,14527111.0,10.669507783018522,3.725760755681818,13165557.0,,0.16176470588235295,68.0
0xbf8f1aace0b70814fcc87bc2ecd617a3cde98bba,0.03425755240690248,0.015942328,0,32.295421000000005,8,1767615325,0.1480755298911133,0.14851667376554606,0.1480755298911133,0.1480755298911133,0.43857394096227686,0.313035914132175,0.1480755298911133,0.036847351376370706,0.0,0.022019999999999207,0.1482896555944514,0.07501486534004452,0.1485037812977895,0.6194906230853018,0.5510643052412952,-1.760295558764965,1,0.9971727016256966,-0.9311868895675385,0.1480755298911133,0.0,0.0,6196174.0,6196174.0,4.063272744442011,0.0,4671252.0,,,0.0
0xb6d9e632de222d4b341cd16bca95b31c898cf359,0.034253679139080534,0.015914956,0,51.28810800000001,11,1767458655,-0.19883692161102445,-0.19928096534522532,-0.19883692161102445,-0.19883692161102445,-0.7346702867074287,0.8000604259221258,-0.19883692161102445,0.6407499318867732,0.0,0.1099319502735016,-0.19815222623386555,0.6617218618364193,-0.19746753085670668,4.446803894899699,4.4502038848196985,-1.516191818729113,1,0.9971727016256966,-0.8352265697447224,-0.19883692161102445,0.10336022041107092,1.0,6542023.0,6542023.0,4.781299789804802,6.178042905405405,5173771.0,,0.4186046511627907,42.0
0xaf2e9f17b7107e92d0704e1f6eb9f823919a45fb,0.03425191621069079,0.015902497,0,413.77944399999996,18,1767451427,0.13035015152163554,0.13082647451911184,0.13035015152163554,0.13035015152163554,0.5089258401237086,-0.05001418138759451,0.13035015152163554,-0.16233682394712734,0.0,-21.385563478499996,0.10177559019322238,-0.15315263079863406,0.07320102886480923,0.42895368461273087,0.374953735652788,-0.8283720672378283,1,0.9971727016256966,-0.8447350142773667,0.13035015152163554,0.0914308798869555,30.0,9571869.0,9571869.0,7.032843653014201,39.83462229268293,8210845.0,,0.35294117647058826,17.0
0x42528691b483d186dbf7054b87ce03bbc07e5db1,0.034225949186666944,0.015718907,0,92.89999999999999,9,1767469295,0.08577935231258796,0.08603238875008823,0.08577935231258796,0.08577935231258796,0.24333634194745854,0.3656738162731864,0.08577935231258796,0.06390185422085248,0.0,3.233333333333332,0.10111968633604118,0.09868619678677802,0.1164600203594944,0.9797852061798364,0.9235052061798366,-1.4197203352888412,2,0.9971727016256966,-0.8417435659974496,0.08577935231258796,0.026774715391065435,3.6,22225082.0,22225082.0,16.11807306155957,5.458675794195251,20846190.0,,0.5093167701863354,159.0
0xf7b9174e9eb91c697939bdcf45aa7d268498ad8f,0.03422345343937683,0.015701255,0,1793.9723679999997,11,1767436245,-0.08878903470531643,-0.08901156361435231,-0.08878903470531643,-0.08878903470531643,-0.18983432335930583,0.6172865590048914,-0.08878903470531643,0.4904813564314097,0.0,77.88747831999999,-0.06090522128093944,0.4891551199185657,-0.03302140785656245,3.894164536226839,3.9030645261468373,,1,0.9971727016256966,-0.8215004526372397,-0.08878903470531643,0.0,0.0,3276378.0,3276378.0,2.434444756516738,0.0,1930536.0,,,0.0
0x0408c084014487e37e8287d642833e742fa23d68,0.034220898094029534,0.01568318,0,15.600000000000001,3,1767433523,0.1531713901668237,0.15350877208349073,0.1531713901668237,0.1531713901668237,0.26588499265611687,0.013496931072478058,0.1531713901668237,0.07365260693569502,0.0,-1.9500000000000006,0.13672402172930684,0.07251927696236221,0.12027665329178996,1.0769948605918631,1.0858948505118613,-0.6650084075352508,1,0.9971727016256966,-0.8201835783944424,0.1531713901668237,0.0,0.0,4797530.0,4797530.0,3.5719295371969744,0.0,3454410.0,,,0.0
0xf2e71723da2064975a603470714b90bf659040c2,0.03421998175368152,0.015676698,0,474.6,6,1767433471,0.0,0.0,0.0,0.0,0.0,0.58776675962036,0.0,0.7334430977787038,0.0,27.299999999999997,0.011513157906261805,0.7317431028187045,0.02302631581252361,3.1024149218217554,3.1113149117417542,,1,0.9971727016256966,-0.8198013786142073,0.0,0.022825484019699256,10.2,35710124.0,35710124.0,26.588470576322273,61.188097168857425,34367056.0,,0.5135135135135135,222.0
0xb557dc93416e066a090e504fe9691bffad0def84,0.0341943386987076,0.015495236,0,382.384,18,1767459271,-0.0021502667221051847,-0.002389185246783541,-0.0021502667221051847,-0.0021502667221051847,-0.004917523455457144,0.27471545063778874,-0.0021502667221051847,0.2603049043370245,0.4050314652543255,5.161333333333335,0.02307301352416532,0.28820619364570316,0.04829629377043582,1.2017476658972674,1.1587024455833812,0.008400034222863867,3,0.9971727016256966,-0.835603869527775,-0.0021502667221051847,0.010901602393608486,3.5,23835693.0,23835693.0,17.412703781518744,6.372197330661322,22466825.0,,0.4418604651162791,300.0
0xc68d5dea6163e1d013027cdbac2df4ddecc8ec12,0.03419413017476999,0.01549376,0,5034.664505,24,1767564385,-8.13264119129641e-08,7.089994884745915e-07,-8.13264119129641e-08,-8.13264119129641e-08,0.000493951089141667,0.03217541577544061,-8.13264119129641e-08,-0.01861348767140394,0.0,-20.774173218181843,-0.006137670823696271,0.010286566716241223,-0.012275260320980629,0.6228053987238424,0.5449437810522826,,1,0.9971727016256966,-0.8999861575079594,-8.13264119129641e-08,0.07770345709774892,199.999999,2677758.0,2677758.0,1.8166829717052175,445.1408821666667,1203776.0,,0.3695652173913043,46.0
0xdf5bb5a706dc750396041bed6c2e0962d11f9649,0.034175633523470826,0.015362787,0,4.838515,4,1767447259,0.0002784843911777048,0.0008136715654757326,0.0002784843911777048,0.0002784843911777048,0.02075377194363996,0.23196621247269686,0.0002784843911777048,0.18277041963968094,0.0,0.37411049348059927,0.022890464871418027,0.1860051844655237,0.04550244535165835,1.5399044375919952,1.5488044275119937,,1,0.9971727016256966,-0.8282465237582488,0.0002784843911777048,0.08154978719481193,1.0,4925386.0,4925386.0,3.6299990566427094,1.9863150000000003,3568530.0,,0.36,25.0
0x37b86fddd387c6212c81a5517616a9149d9412f4,0.03416942962564732,0.015318843,0,90.308622,5,1767518045,2.6311957043700883e-05,2.7078478347352543e-05,2.6311957043700883e-05,2.6311957043700883e-05,0.0027830990464944956,-0.050005454770341434,2.6311957043700883e-05,-0.10132066441599726,0.0,7.631456897659753,0.03476639587210389,-0.06755630657002235,0.06950647978716407,0.43682731181655465,0.3995273118165547,,1,0.9971727016256966,-0.8716029238283188,2.6311957043700883e-05,0.22733736774726554,2.94602,16816458.0,16816458.0,11.779184137199662,7.564273249999999,15388816.0,0.0,0.3,10.0
0xc49b57544111fcf53cfd415384d8849e625770c0,0.0341652566578267,0.01528928,0,106.77599999999998,8,1767458701,-0.13360323900013704,-0.133940620916804,-0.13360323900013704,-0.13360323900013704,-0.42136568107509614,1.0667250244300785,-0.13360323900013704,0.8613259915173038,0.0,5.867999999999999,-0.10610661279177552,0.8872593282106378,-0.07860998658341399,4.933320857267127,4.936720847187125,-1.5975039254868066,1,0.9971727016256966,-0.8352547447285218,-0.13360323900013704,0.0,0.0,36596564.0,36596564.0,26.746048010009517,0.0,35228266.0,,,0.0
0x9ddfa4d5b954379a03d19f87df36b9820b862c83,0.034158607979822515,0.015242171,0,510.96,5,1767690901,0.0,0.0,0.0,0.0,0.0,0.2013434828298244,0.0,0.1826934745610101,0.0,35.466666666666676,0.03365384618753452,0.2224934745610101,0.06730769237506903,0.4710869491220202,0.3653869491220202,,1,0.9971727016256966,-0.9774771629506313,0.0,0.0,0.0,6258554.0,6258554.0,3.910379144491277,0.0,4658056.0,,,0.0
0x1f4c45517fac61b0673f2904e8a2f5ba4f20de22,0.03414560865872433,0.0151500385,0,606.0186580000001,19,1767497911,0.08027503032257291,0.08049646678586639,0.08027503032257291,0.08027503032257291,0.2939880089088885,0.105628157845707,0.08027503032257291,0.03061279955531674,0.0,14.515628516799996,0.10131305615289267,0.07139128892612676,0.12235108198321243,0.7031606958958089,0.6652720514533721,,2,0.9971727016256966,-0.8592708559192579,0.08027503032257291,0.07677946821920764,2.9,5450891.0,5450891.0,3.872724702097608,10.477617330396477,4043383.0,,0.18689320388349515,267.0
0xef284c61a9a90842cbac8408cc067f89f7912d50,0.03413200447124536,0.015053583,0,519.05726,22,1767434249,-0.10142150064358073,-0.10167761554419583,-0.10142150064358073,-0.10142150064358073,-0.4633787071362104,0.6149334071603159,-0.10142150064358073,0.58132459545724,0.0,11.80977875,-0.07910010799502457,0.5968122672293675,-0.0567787153464684,4.34489857560937,4.343983132436872,-1.0834142381783973,1,0.9971727016256966,-0.820721353085222,-0.10142150064358073,0.030125124092560435,4.5,7136736.0,7136736.0,5.310679943981676,20.398683327932098,5792890.0,,0.23003194888178913,296.0
0x7a3f36da794e9e7cda37d821428b74bdd36f1dab,0.03410465181273254,0.014859538,0,78.26894200000001,4,1767523105,1.8732825924030983e-05,5.654537979703118e-05,1.8732825924030983e-05,1.8732825924030983e-05,0.005290229638394208,0.2520755615932149,1.8732825924030983e-05,0.19474199667379416,0.0,6.339060361917294,0.02051234383038424,0.23354644183217743,0.04100595483484445,1.4007447349703708,1.2928447331205506,,1,0.9971727016256966,-0.8747021720462511,1.8732825924030983e-05,0.11707128277978966,10.299999,,,,12.85447181818182,,,0.0,11.0
0x1c144e30f405a25f991cbd8baa15d40599090869,0.03409785798658599,0.014811317,0,502.31851,4,1767560173,0.12990937005934308,0.13024675197601013,0.12990937005934308,0.12990937005934308,0.27095133740281563,0.13884709460651312,0.12990937005934308,0.09484795518855749,0.0,42.685869999999994,0.14433678003249367,0.1381214715179504,0.1587641900056443,0.8368394475116165,0.7442693560135867,,1,0.9971727016256966,-0.8974063089913723,0.12990937005934308,0.0,0.0,24519159.0,24519159.0,16.68231015737156,0.0,23049389.0,,,0.0
0x41583f2efc720b8e2682750fffb67f2806fece9f,0.034088669976116065,0.0147460895,0,4016.8537400000005,46,1767441253,-0.05500867998348378,-0.05359491950246593,-0.05500867998348378,-0.05500867998348378,-0.3963208052506338,0.7552621097740965,-0.05500867998348378,0.6966837797812115,0.0,52.85404210526317,-0.022338258892018042,0.7046176994136185,0.010332162199447693,3.588907058114468,3.5902457336702267,-1.6390652261150849,2,0.9971727016256966,-0.8268316495718014,-0.05500867998348378,0.0,0.0,35918169.0,35918169.0,26.589309693896436,0.0,34567319.0,0.0,,0.0
0xac8f7a528559574627a6cc44e2307704e89bfedd,0.034066005206836315,0.014585114,0,1476.694677,17,1767577871,0.0871717401790397,0.08749860487798211,0.0871717401790397,0.0871780938378878,0.4288289445283995,-0.02960363399124438,0.0871780938378878,-0.08907408698034935,0.0,171.04141362648454,0.10881840886382194,-0.04864669200217981,0.13046507754860415,0.4399341467232169,0.3791977166921563,,1,0.9971727016256966,-0.9082463277583616,0.0871717401790397,0.0,0.0,5277476.0,5277476.0,3.5479593510583083,0.0,3790008.0,,,0.0
0xf0729143cbf9ade46743017ec4e1832a3564cee7,0.03406312905933672,0.014564679,0,570.27016,20,1767452295,0.06706259661378422,0.0671201997283676,0.06706259661378422,0.06706259661378422,0.3319997333530955,0.042133472114316665,0.06706259661378422,0.058290248626922656,0.0,-9.221986666666668,0.05970067494768087,0.05877464335130368,0.052338753281577534,2.856623003363237,2.860022993283236,-1.1698474206166076,1,0.9971727016256966,-0.8324641963330871,0.06706259661378422,0.0,0.0,3475788.0,3475788.0,2.552175943466883,0.0,2113896.0,,,0.0
0xf0b0ef1d6320c6be896b4c9c54dd74407e7f8cab,0.034050887408752326,0.014477683,0,3946.5278029999977,405,1766828353,-9.143452371587268e-05,-0.00010392271516493159,-9.143452371587268e-05,-9.143452371587268e-05,-0.0030356532296857935,0.2961138992344665,-9.143452371587268e-05,0.2421795426111669,0.06523687833124767,0.4557724303930127,0.003339054382025335,0.2579369765197483,0.0067695432877665435,1.7522383460598179,1.720529272307377,-1.7807852901693388,9,0.9971727016256966,-0.4491668167290804,-9.143452371587268e-05,0.0,0.0,45717157.0,45717157.0,61.95156446913747,0.0,44979207.0,0.0,,0.0
0x65bf3bfd2cd0506e8e41752a01e7af7817c94b91,0.03404775320878147,0.014455405,0,13386.878283,32,1767452523,-0.0012629975901107542,-0.0014183666654794232,-0.0012629975901107542,-0.0012629975901107542,-0.0068358263941552455,0.4392295972307508,-0.0012629975901107542,0.504424966596275,0.27569638968772103,223.6341760919048,0.022043279517693356,0.5115953541087932,0.045349556625497466,2.369740409307714,2.3204821060592686,-0.7872519627434029,3,0.9971727016256966,-0.8314707219043349,-0.0012629975901107542,0.0,0.0,17738572.0,17738572.0,13.022767450738554,0.0,16376452.0,,,0.0
0x5bb35cf3a3e3b38d74c3a98235637c89eae158fc,0.034045714903110716,0.014440916,0,427.1522530000001,24,1767433799,0.04933318413912141,0.04952845992240103,0.04933318413912141,0.04933318413912141,0.21131018732887671,-0.010065785491939566,0.04933318413912141,0.00948896861853943,0.0,-13.320061306939863,0.004837704380667086,0.013084188921393104,-0.03965777537778724,0.7288692599538091,0.7212192549138082,-0.6906293896989908,2,0.9971727016256966,-0.8200022784986899,0.04933318413912141,0.15411761277004052,25.2974995,2088532.0,2088532.0,1.5546659361796522,43.48643765789473,745136.0,,0.7272727272727273,11.0
0x8414977afc9f704ff4fc12f975c1d8ca33a53d65,0.03404397422195643,0.014428541,0,209.22645,7,1767133637,-6.423690547123091e-06,-2.9825392701084724e-05,-6.423690547123091e-06,-6.423690547123091e-06,-0.005371735329694998,0.0,-6.423690547123091e-06,0.0,0.0,-21.536326622103886,-0.02605224803684351,0.0,-0.052098072383139904,,,-0.045879169577962106,1,0.9971727016256966,-0.8221484772646256,-6.423690547123091e-06,0.015280999938508894,199.999994,2530819.0,2530819.0,2.425936079537285,261.69546827368424,1487585.0,,0.891566265060241,83.0
0xa86bc0c1db0f1865ef6b2f584381305b513463d5,0.03403993706829721,0.014399839,0,21.980729,4,1767477343,8.135418046802844e-05,8.316780857658352e-05,8.135418046802844e-05,8.135418046802844e-05,0.005198184466348275,-0.023019414818912204,8.135418046802844e-05,-0.17208361630842722,0.0,2.3110401509227136,0.03979790818980799,-0.16068070051146233,0.07951446219914796,0.5394332769545327,0.5120332769545326,,1,0.9971727016256966,-0.8466729631630462,8.135418046802844e-05,0.2229083176679652,9.999919,,,,8.999972333333334,,,0.3333333333333333,6.0
0x9416b0ca9df006a64def65021451caba9adf5a15,0.03402667504991437,0.014305528,0,1346.502596,34,1767444687,-0.03477797543456955,-0.03488556305918678,-0.03477797543456955,-0.03477797543456955,-0.16483091002752576,0.7248393056899728,-0.03477797543456955,0.6798871138194851,0.0,23.759738596615385,-0.006625108859028471,0.6908118456069254,0.021527757716512608,3.1461848382609667,3.14426904613465,-1.7648730085951994,1,0.9971727016256966,-0.8266711746640746,-0.03477797543456955,0.0,0.0,17066429.0,17066429.0,12.601809517058461,0.0,15712145.0,0.0,,0.0
0x3f4f9145904c7b3261c3bbe05fcea64d9d91b4b3,0.03402242961229297,0.01427533,0,193.01494900000003,20,1767432663,4.956758837831349e-06,4.968617112563002e-06,4.956758837831349e-06,4.956758837831349e-06,0.0014515978116298696,0.49301995856010616,4.956758837831349e-06,0.512997920392994,0.0,1.2317529041428572,0.009802316894124299,0.5175376162792511,0.019599677029410765,3.227416057201882,3.2135660523435563,-1.1186545699478354,2,0.9971727016256966,-0.8193064788987746,4.956758837831349e-06,0.003758158184285634,6.88795,36446616.0,36446616.0,27.15317151669572,8.004483601928376,35104356.0,0.0,0.5488721804511278,532.0
0x655814442b0faaaf31929f556baeeb1a045ee485,0.034017662631033535,0.014241418,0,253.85999999999996,4,1766783613,0.0,0.0,0.0,0.0,0.0,0.006079145108917033,0.0,0.12222972972972974,0.0,25.409999999999993,0.008274975388521996,0.11932818532818536,0.016549950777043992,-0.8009901681332148,-0.7964901681332148,,2,0.9971727016256966,-0.4217635824859401,0.0,0.02997107772777728,30.69,3147784.0,3147784.0,4.540880829762987,81.00258165919281,2454574.0,,0.3103448275862069,87.0
0xa2ffe596d73dbd4a0874bb9aba6d441ce880b38f,0.034013775870648605,0.014213764,0,174.16,3,1766963135,-2.3937499334471635e-18,0.07416978020104069,-2.3937499334471635e-18,-2.3937499334471635e-18,0.25408805543695917,-0.03852501103215761,-2.3937499334471635e-18,0.004883440514469922,0.0,-1.5792922525292852e-14,-5.606117179040174e-18,0.003255627009646782,-8.818484424633183e-18,-0.9300000000000008,-0.9270000000000008,,1,0.9971727016256966,-0.531720744260572,-2.3937499334471635e-18,0.04125227254189375,23.875,4127775.0,4127775.0,4.729716568201923,60.20804293281654,3255043.0,,0.3644859813084112,214.0
0x6e766710f5b8ef2eb8d6585bc4a0bc17e42995cd,0.03400334553291713,0.014139539,0,56.31797700000003,37,1767439351,2.2856784849428303e-05,2.2922089948998094e-05,2.2856784849428303e-05,2.2856784849428303e-05,0.002853659767558143,0.8625693299371964,2.2856784849428303e-05,0.8133210994649451,0.0,0.06833767380952385,0.0028288079957016305,0.8327646993239473,0.005634759206553833,3.0966113423966517,3.0974379305812345,,2,0.9971727016256966,-0.823402876543346,2.2856784849428303e-05,0.0,0.0,7513195.0,7513195.0,5.569669846428476,0.0,6164247.0,,,0.0
0xcb59ea1babf3b26ea50088057e427ab0ed8f0a22,0.03398983448661666,0.014043357,0,2871.2698309999996,41,1767470999,0.06195444472102318,0.07032671559821535,0.06195444472102318,0.06195444472102318,0.23115970021950882,0.20247214944224273,0.06195444472102318,0.05754173475930216,0.0,15.276003527346221,0.07551588088730869,0.0961144554852298,0.0890773170535942,0.6851452014993501,0.6373365064591913,,4,0.9971727016256966,-0.8427872653973224,0.06195444472102318,0.0,0.0,31695446.0,31695446.0,22.957799385193063,0.0,30314850.0,0.0,,0.0
0xcdad9e2d87ca5b806ab40331670564afbe1b70ac,0.03397354946616275,0.01392738,0,45.46481,3,1767543365,-0.3987854165049634,-0.3997975622549644,-0.3987854165049634,-0.3987854165049634,-0.6824582056038185,0.0,-0.3987854165049634,0.0,0.0,,-0.3987854165049634,0.0,-0.3987854165049634,,,-1.5915864434067544,0,0.9971727016256966,,-0.3987854165049634,0.12433196725862068,84.859996,1237488.0,1237488.0,0.8517001821107503,71.7637004864865,-215474.0,,0.7857142857142857,14.0
0xf9f838c01aee1f536b577159053ded13a0288a85,0.03396977476526158,0.01390049,0,819.3581459999999,10,1767519611,-8.373428120961052e-08,4.0820465649452125e-06,-8.373428120961052e-08,-8.373428120961052e-08,0.001269383383698779,0.0649541086219611,-8.373428120961052e-08,0.046964270104343876,0.0,-0.707124935001346,-0.0009410099232220627,0.08561466985949157,-0.0018819361121629157,0.8113974823769298,0.7634974831036305,,1,0.9971727016256966,-0.8725620982767935,-8.373428120961052e-08,0.131910011958854,156.0922,5752780.0,5752780.0,4.025152392094083,171.11241438461542,4323572.0,,0.3076923076923077,13.0
0xdd66c65d6ae2e31d727685f41cc9950a55782ec1,0.03396931879027602,0.013897241,0,11.219999999999999,2,1767544003,-0.3977732797504078,-0.3987854255004089,-0.3977732797504078,-0.3977732797504078,-0.5639677572194037,0.0,-0.3977732797504078,0.0,0.0,,-0.3977732797504078,0.0,-0.3977732797504078,,,-1.5695889932825562,0,0.9971727016256966,,-0.3977732797504078,0.05089351826037486,1.9068,1099704.0,1099704.0,0.7565382498624106,2.8220369010989006,-353896.0,,0.2682926829268293,41.0
0xe87e5e8dc4780110e9b23370fef7c78447f54f70,0.03396292569643419,0.013851691,0,64.4,2,1766783613,0.0,0.0,0.0,0.0,0.0,0.009000000063180002,0.0,0.13049999999999998,0.0,16.559999999999995,0.011386639687511671,0.1275,0.022773279375023343,-0.6719803362664291,-0.665980336266429,,1,0.9971727016256966,-0.4217635824859401,0.0,0.031075679157528378,54.72,3126188.0,3126188.0,4.509727211090435,94.11863865900384,2432978.0,,0.23376623376623376,77.0
0xc8c31f276b27496da175cf20fc4cda8ce5160d01,0.033962397402150866,0.013847927,0,52.044278,10,1767444329,9.577295462125347e-05,9.591400462805945e-05,9.577295462125347e-05,9.577295462125347e-05,0.008124880766012003,0.08210739498054298,9.577295462125347e-05,0.07730046626484796,0.0,-2.0794431,-0.02190763765360309,0.0916099489364128,-0.043911048261827436,1.51575017999425,1.5246501699142483,-0.8283874092682608,1,0.9971727016256966,-0.8264518997901577,9.577295462125347e-05,0.21255839938805193,12.33,1813278.0,1813278.0,1.33927408144906,26.575552782608696,459352.0,,0.7272727272727273,11.0
0x9d42fcfd7402cfb5e744fde598a998bb62d68fbb,0.03395338664430305,0.013783711,0,609.940942,17,1767445027,0.026847335319084623,0.026928989021852517,0.02526403810608965,0.026847335319084623,0.14775198845782045,0.1681815101149094,0.026847335319084623,0.10339478001156341,0.0,10.952491327999999,0.04477357396245191,0.12114085563125238,0.06586640703180913,1.5993310322844585,1.5757710252284576,,2,0.9971727016256966,-0.8268794245443308,0.02526403810608965,0.036415379367816546,16.0,36194580.0,36194580.0,26.71928151280355,28.43835501675978,34839956.0,0.0,0.5,52.0
0x08c55bade87cba447b6207fbb5edb85f58bccc72,0.033951708530998145,0.01377175,0,6.644517,2,1767514695,-0.3036436310139572,-0.3046557767639582,-0.3036436310139572,-0.3036436310139572,-0.43084833135489975,0.0,-0.3036436310139572,0.0,0.0,,-0.3036436310139572,0.0,-0.3036436310139572,,,-1.801051288474147,0,0.9971727016256966,,-0.3036436310139572,0.018771341756433513,1.999999,1052604.0,1052604.0,0.7390366582133439,2.6552879277108437,-371688.0,0.0,0.17094017094017094,117.0
0x35973a11b53014a13a534640728fd60ac3e4ea17,0.03394992218546351,0.013759017,0,1316.2435800000003,26,1767434673,-8.103377164495846e-07,-4.051688780662668e-06,-8.103377164495846e-07,-8.103377164495846e-07,-0.0016699136846492191,0.0,-8.103377164495846e-07,0.0,0.0,-12.54092182153846,-0.016438533305126693,0.0,-0.03287625627253694,,,-0.4498748771943708,1,0.9971727016256966,-0.8420449158241734,-8.103377164495846e-07,0.6158891020190873,53.9949985,30606399.0,30606399.0,22.76804436608717,53.9949985,29262129.0,0.0,0.0,2.0
0x465a35c281148a2f7af8b92d2a1f4da03742ca63,0.03394266106007383,0.013707253,0,1999.988646,3,1767716333,0.002024290997967247,0.003036436747968286,0.002024290997967247,0.002024290997967247,0.004094224470563821,-0.033024909540199286,0.002024290997967247,-0.09459096668082616,0.0,,0.0,0.0015090333191738546,0.0,-0.024457633072907294,-0.09459096635187542,,1,0.9971727016256966,-0.993054253993804,0.002024290997967247,0.12930848364057687,99.9,17086472.0,17086472.0,10.508737768538621,509.02802022222227,15460542.0,,0.9,10.0
0x93043c24740cec4667b23f7100491dedef6471f1,0.03393469515548893,0.013650453,0,19.999998,3,1767477979,-0.32186233045164503,-0.32287447620164605,-0.32186233045164503,-0.32186233045164503,-0.5320341431277507,0.0,-0.32186233045164503,0.0,0.0,,-0.32186233045164503,0.0,-0.32186233045164503,,,-1.6395853548884636,0,0.9971727016256966,,-0.32186233045164503,1.0,9.999999,,,,9.999999,,,0.0,1.0
0xb5c7a47da430e5c4a8cfea66bf3f94f9b4f95510,0.0339215708720927,0.013556843,0,656.9744400000001,15,1767490927,-0.016459679844106172,-0.03852267170198029,-0.011206595404212441,-0.038435120175384876,-0.1309803256768421,0.0,-0.038435120175384876,0.0,0.0,-10.025448888888887,-0.023945695455978036,0.0,-0.046840766665267194,,,-1.4713577995795628,1,0.9971727016256966,-0.8823020676763111,-0.008755152045397525,0.2556184671627567,76.8266,9813524.0,9813524.0,7.007037366014434,178.2088001894737,8413000.0,,0.4857142857142857,35.0
0xfdd4933e458809725b725e0571f0abf51b1bcd4a,0.033921427921635314,0.013555823,0,93.60750000000002,5,1767436825,-0.18981557495616283,-0.19009816742112326,-0.18981557495616283,-0.18981557495616283,-0.4946281472357932,0.7164032755161007,-0.18981557495616283,0.5361922218281088,0.0,0.9469800000000014,-0.18722480356915888,0.5349668677646071,-0.1846340321821549,4.514030854052751,4.52293084397275,-1.2418733005415137,1,0.9971727016256966,-0.8218557024329711,-0.18981557495616283,0.0,0.0,43793892.0,43793892.0,32.52612628135904,0.0,42447470.0,0.0,,0.0
0x15649c6b58d2e3867764b4eb3480cb3b3a5bab5d,0.03390070573497855,0.013407948,0,68.474702,4,1767494387,8.243334525395664e-07,6.561021277684621e-06,8.243334525395664e-07,8.243334525395664e-07,0.0016093094255695915,0.08174651761110181,8.243334525395664e-07,-0.03556000958465524,0.0,1.447460019999336,0.006200114096183402,0.004740660319578917,0.012399403858914264,0.8087974830758865,0.7634974830758865,,1,0.9971727016256966,-0.8571124071603659,8.243334525395664e-07,0.4060617371904181,7.999999,,,,9.133542666666665,,,0.25,4.0
0x7dc78f164c24366145a9334c8ef8f59c3bd40a2b,0.033897891715536185,0.013387861,0,362.74273999999997,7,1767436033,0.0,0.0,0.0,0.0,0.0,0.23725533361894405,0.0,0.26374952524780193,0.0,-21.098504999999996,-0.024266775189915504,0.26204953028780276,-0.04853355037983101,1.6251745736874232,1.6340745636074214,,1,0.9971727016256966,-0.8213706027119034,0.0,0.03164209148738958,49.999999,7204356.0,7204356.0,5.35389074262613,65.02461885148514,5858726.0,,0.25806451612903225,62.0
0x2b62353ac4d960105acef2a265928ffcdb77438c,0.033891663682672366,0.013343397,0,67.23,4,1767517819,0.09480431858343055,0.09514170050009757,0.09480431858343055,0.09480431858343055,0.16479025918467025,-0.0640657610575667,0.09480431858343055,-0.0775981733672887,0.0,3.5500000000000007,0.11191440150011477,-0.03266484015075534,0.12902448441679898,0.4264699121411492,0.39806989286027233,,1,0.9971727016256966,-0.8714644989079131,0.09480431858343055,0.0,0.0,1770424.0,1770424.0,1.2402999546032831,0.0,343008.0,0.0,,0.0
0xefabdd6fe129b35f636e1f4966f57ac6d9f3b927,0.03388571871110166,0.013300946,0,134.745619,19,1767478019,0.09547485776515627,0.09581222475372572,0.09547485776515627,0.09547485776515627,0.16595531280277315,0.0,0.09547485776515627,0.0,0.0,-1.082216212000001,0.09430168078104414,0.0,0.09312850379693201,,,-1.7023080519464886,1,0.9971727016256966,-0.9269924919793171,0.09547485776515627,0.05146165711026539,11.333072,7340623.0,7340623.0,5.2900968279408715,38.70054335329341,5953007.0,,0.5714285714285714,50.0
0x4e43db44bdb46f8aa8690097bcef2688e0d002d7,0.0338738295702216,0.013216029,0,212.9973,6,1767454277,3.4069109079475857e-07,5.4656792833523474e-06,3.4069109079475857e-07,3.4069109079475857e-07,0.0013305113672586247,0.3647474431773041,3.4069109079475857e-07,0.467993612994599,0.0,1.7504724999999994,0.004429748690772517,0.47566874503245243,0.00885915669045424,1.8136316105094472,1.8101018102333413,,1,0.9971727016256966,-0.8325450462865984,3.4069109079475857e-07,0.014020143541528496,2.7714,4589384.0,4589384.0,3.364961865978822,7.930034063383716,3225510.0,,0.4177215189873418,387.0
0xc7837f99b7c0bd278168d4f0d767ad270229f3ff,0.03387184602638259,0.013201859,0,1014.0025089999999,21,1767438379,0.006606383398850172,0.0066266403430088805,0.006606383398850172,0.006606383398850172,0.08321342125283399,0.2705801137686993,0.006606383398850172,0.21752528489808198,0.0,7.762640886888885,0.017169020237584577,0.22720595583944111,0.027731657076318986,2.150177716577255,2.12543606272394,,1,0.9971727016256966,-0.822807526885672,0.006606383398850172,0.0867046724702705,4.6783885000000005,3910626.0,3910626.0,2.901109515302943,79.35857974152543,2562650.0,,0.3392857142857143,56.0
0x72a17d9c726825abd78575153b809e9cbcac1950,0.033866280968971034,0.013162099,0,38.759688000000004,2,1767575101,-0.26012144458913244,-0.26113359033913347,-0.26012144458913244,-0.26012144458913244,-0.36929866504878234,0.0,-0.26012144458913244,0.0,0.0,,-0.26012144458913244,0.0,-0.26012144458913244,,,-1.9329173119849483,0,0.9971727016256966,,-0.26012144458913244,0.0,0.0,1049454.0,1049454.0,0.7068467796144401,0.0,-435244.0,,,0.0
0xc6e8550294dad36b53223f904b591d719e0d3780,0.03386378276781745,0.013144248,0,143.898685,13,1767447911,0.00312371985236141,0.003135507452167331,0.00312371985236141,0.00312371985236141,0.0410895594793253,0.024290058300166267,0.00312371985236141,0.02005681531138492,0.0,0.13823989179633714,0.004151658489013426,0.021595779238316938,0.005179597125665441,2.0798444265225275,2.0668944214825267,-0.6428724086882405,2,0.9971727016256966,-0.82978634787285,0.00312371985236141,0.16782332743234574,5.099983,1590810.0,1590810.0,1.171860497323036,10.151211353846154,233302.0,,0.06666666666666667,30.0
0xc8a0a79c363c652c285183b06e2ad090b4a25cc4,0.03386348847482511,0.013142145,0,7584.883233000002,347,1767311813,-0.0020516562042817467,-0.0020687288412536624,-0.0020516562042817467,-0.0020516562042817467,-0.024142347914771444,0.1690921474563972,-0.0020516562042817467,0.1572907678262975,0.08708708577994159,1.0133016238888892,0.002718747908553914,0.1610411897669581,0.007489152021389575,3.962769827897551,3.9600501764156184,-1.6909841673528319,5,0.9971727016256966,-0.7469567954998426,-0.0020516562042817467,0.0,0.0,2902526.0,2902526.0,2.376373208013689,0.0,1681116.0,0.0,,0.0
0xd24df944ad93edda6fa0a13c166f543757353ab5,0.033858677173519584,0.013107763,0,148.95959,5,1767438497,0.014694469826255054,0.014715224727139596,0.014694469826255054,0.014694469826255054,0.1027609463124495,0.054434836511502896,0.014694469826255054,0.04437545256861142,0.0,0.16700666666667044,0.015289356579182569,0.0454253517752024,0.015884243332110085,5.20852172596822,5.217421715888218,-0.6650160644802647,1,0.9971727016256966,-0.8232534266292797,0.014694469826255054,0.02139211560782049,27.62,1731916.0,1731916.0,1.2847145673817997,129.3995787084079,383822.0,,0.5555555555555556,135.0
0x92d0cb81e6c891b835c8e0272e8c323095bd269e,0.03385720855350132,0.013097267,0,5104.623968999999,58,1767444059,-0.00659243989356289,-0.006648927980975079,-0.00659243989356289,-0.00659243989356289,-0.043143369041384765,0.3035059478167003,-0.00659243989356289,0.2519472168785168,0.10267429374607902,22.520760312692307,0.008948336623559573,0.26735979565973444,0.02448911314068204,1.5781494724341896,1.5666978886706673,0.07549999999999996,3,0.9971727016256966,-0.8262865248852482,-0.00659243989356289,0.0,0.0,69688125.0,69688125.0,51.48141403724432,0.0,68334469.0,,,0.0
0xad5353afe30c2da57709e2704ef3ccdcf67eef24,0.033842482358815755,0.0129919965,0,88.934123,12,1766094513,0.0022787688766371357,0.04010633222881364,0.0022787688766371357,0.002734522651964564,0.18900327845807482,0.1105795688496902,0.002734522651964564,0.1276398009875747,0.0,1.2044422399999992,0.013105267607231057,0.1276398009875747,0.023931766337824976,-0.27590996145613855,-0.27590996145613855,0.06426318903408892,2,0.9971727016256966,0.0003099248217932275,0.0022787688766371357,0.0,0.0,5625180.0,5625180.0,1368.6569343065694,0.0,5621070.0,0.0,,0.0
0xd748c701ad93cfec32a3420e10f3b08e68612125,0.03382295112521359,0.012852309,0,40605.678273,77,1767555571,0.02529367854559597,0.025944918438699595,0.02529367854559597,0.02541769366132446,0.2835125072530298,0.010727027081743437,0.02541769366132446,-0.005044884253026466,0.0,1962.3055809039993,0.025604362401964495,0.04582438380222262,0.046680349881714336,0.4043553442901107,0.3262259226253249,,2,0.9971727016256966,-0.8945875856121382,0.02529367854559597,0.0,0.0,15975348.0,15975348.0,10.90342404420517,0.0,14510180.0,0.0,,0.0
0xab7fcfcc1d95a171046dd9e999c2ab4cb4bc919c,0.03381341148766717,0.012784054,0,30.304198999999997,3,1767509439,1.0522908769979369e-07,-7.1292706916608155e-06,1.0522908769979369e-07,1.0522908769979369e-07,-0.001398391339878599,0.0,1.0522908769979369e-07,0.0,0.0,0.24748689450000327,0.001138738497970268,0.0,0.0022773717668528363,,,-1.8781273147681088,1,0.9971727016256966,-0.8665142767542908,1.0522908769979369e-07,0.537444753983945,4.5,,,,7.801666666666667,,,0.5,2.0
0x5040b5e76b45aeff6ccbb21b1aad0ccc2fa296cf,0.03381238516391739,0.012776709,0,25.23,3,1767457061,-0.10897435908344506,-0.10931174100011207,-0.10897435908344506,-0.10897435908344506,-0.18933348927600407,0.605759389742366,-0.10897435908344506,0.7262361838473327,0.0,5.19,-0.07979082329174847,0.7320361872073333,-0.050607287500051876,3.504628843465511,3.5080288333855094,-1.6355986355184955,1,0.9971727016256966,-0.8342502453061089,-0.10897435908344506,0.0,0.0,7901776.0,7901776.0,5.781823982298424,0.0,6535118.0,,,0.0
0xf5c49ad254b1d53ea0b86fb285dd3f11dc800926,0.03380880745167124,0.012751105,0,2433.184,9,1767586671,-0.08363756272673731,-0.0839749446434043,-0.08363756272673731,-0.08363756272673731,-0.3400958065241431,0.14227025889093806,-0.08363756272673731,-0.023267939033876188,0.0,29.240021030042968,-0.07940363382609368,0.008332023649521023,-0.07516970492545005,0.5064374962853129,0.43963749628531285,-1.9721,1,0.9971727016256966,-0.9136363246591134,-0.08363756272673731,0.06688177993682515,73.815866,4177030.0,4177030.0,2.7916322476989417,727.2231760327654,2680762.0,,0.574468085106383,94.0
0x57b00c3ccef1b6bd6962fb9ca463c4e0b38e76f4,0.03380682081572004,0.012736887,0,755.7856419999999,22,1767442451,-0.03734707125834618,-0.037403010602766205,-0.03734707125834618,-0.03734707125834618,-0.25862492738429754,0.5454260025659384,-0.03734707125834618,0.525435671031211,0.0,1.7872360419471083,-0.03438572643742166,0.529863365429641,-0.03142438161649714,3.086018951812111,3.0930856083987757,-0.5547082706569018,1,0.9971727016256966,-0.8261162499831562,-0.03734707125834618,0.0,0.0,13159896.0,13159896.0,9.733305326438115,0.0,11807848.0,,,0.0
0x84207208bc185f902f452ea384d81560c9876183,0.03379593633168981,0.012658971,0,29.84,5,1767517923,0.1231925970001263,0.12362637375012676,0.1231925970001263,0.1231925970001263,0.2632173916579323,0.11424053583288662,0.1231925970001263,0.015399294548005657,0.0,0.36499999999999977,0.125831405562629,0.03419929454800566,0.1284702141251317,0.4626418754151032,0.4012418754151032,-1.825576027332215,2,0.9971727016256966,-0.8727188981866335,0.1231925970001263,0.0,0.0,29760187.0,29760187.0,20.847474641336024,0.0,28332667.0,0.0,,0.0
0x10b9d77a1edc104802866c7d0c124b8dca0b09d1,0.03379476782428377,0.012650605,0,50.162099999999995,4,1767715519,0.0003512142683893178,0.0007024285367786332,0.0003512142683893178,0.0003512142683893178,0.0014465152650883577,-0.007421545543278927,0.0003512142683893178,-0.03320682737812287,1.0,-2.100000000000002,-0.0002478493056043963,0.00017454345608502816,-0.0004956986112087926,-0.02534699248246048,-0.09569699248246048,-0.031400000000000025,1,0.9971727016256966,-0.9930126040177527,0.0003512142683893178,0.3044131238570994,4.2225,,,,7.989810447368421,,,0.25,12.0
0x924d4a9dc3ad43f8c4556dd096e7d5330e0b3d75,0.033792705243057296,0.012635837,0,4.019479,4,1767436035,1.899659346652764e-05,-0.00011882953761466142,1.899659346652764e-05,1.899659346652764e-05,-0.008409541921148154,0.0,1.899659346652764e-05,0.0,0.0,0.1598002518993885,0.011909353328773017,0.0,0.023799710064079504,,,-0.3391180939333021,1,0.9971727016256966,-0.8216511275506017,1.899659346652764e-05,0.34673285284852645,5.92,3176268.0,3176268.0,2.3604284083612757,13.968304588235293,1830636.0,,0.3,10.0
0xdfaacceff09ac2c037393eee387e81ea024679a7,0.033779844199627825,0.012543733,0,171.094847,23,1767433685,8.359208856525772e-09,-3.297243493407385e-07,8.359208856525772e-09,8.359208856525772e-09,-0.00034420027613914764,0.2872789775060185,8.359208856525772e-09,0.2796757567911616,0.0,0.7295453077777773,0.008762108356336553,0.2823277788639604,0.01752420835346425,3.644624384381088,3.6364243793410878,-1.6780349084643715,2,0.9971727016256966,-0.8202779033402056,8.359208856525772e-09,0.0039027150760270156,6.4,34350235.0,34350235.0,25.57187172909337,8.521673321178122,33006953.0,0.0,0.49809160305343514,524.0
0x0dccb6a052353ec02618cc48011dcf97cd755bd9,0.03375649011463891,0.012376397,0,35.78,3,1767447711,-0.10695006758344297,-0.10728744950010999,-0.10695006758344297,-0.10695006758344297,-0.18582731354867066,0.21936155740790994,-0.10695006758344297,0.20037273867653252,0.0,5.1400000000000015,-0.0852732794375874,0.20252593886060324,-0.06359649129173184,2.0323077816394854,2.041207771559484,-1.6780406675530273,1,0.9971727016256966,-0.8285233735990601,-0.10695006758344297,0.059954007080297744,1.4649999999999999,2244662.0,2244662.0,1.65376023717535,21.18619765443425,887354.0,,0.27419354838709675,124.0
0x931784165addbacb86b6917fd4aea9c13ffe189f,0.0337492404647311,0.012324429,0,23.246598000000002,4,1767494869,-7.572570966131098e-06,-0.00013597712038506977,-7.572570966131098e-06,-7.572570966131098e-06,-0.007539272931513704,0.0,-7.572570966131098e-06,0.0,0.0,-0.33280977914373366,-0.0029165430997950366,0.0,-0.005825513628623942,,,-1.562287431392794,1,0.9971727016256966,-0.8575889318863642,-7.572570966131098e-06,0.5003534711388138,2.839998,14073719.0,14073719.0,10.02069042611213,3.8834123333333337,12669253.0,,0.0,2.0
0xc21094109bf351b5a57203d0da88c91763548b21,0.03374438884588327,0.012289645,0,527.248,5,1767482001,0.10863697716677803,0.10897435908344508,0.10863697716677803,0.10863697716677803,0.2669298964666116,-0.06755216978002658,0.10863697716677803,-0.17143522667957095,0.0,-0.8260000000000007,0.10838992267815485,-0.1536654901414841,0.10814286818953166,0.5240914399040286,0.5027914399040285,,1,0.9971727016256966,-0.8495259865225577,0.10863697716677803,0.0,0.0,3195480.0,3195480.0,2.296266594231955,0.0,1803882.0,,,0.0
0x74a0ebaf6668cbd0f6c48c00b8f45cd80d321be2,0.03374364146362531,0.012284286,0,32.11858,4,1767469973,0.0,0.0,0.0,0.0,0.0,0.3773664006974795,0.0,0.23843423017545856,0.0,0.3235700000000003,0.002403846156252467,0.25508423017545856,0.004807692312504934,1.6867598969843094,1.6678598969843095,,1,0.9971727016256966,-0.8421588407586665,0.0,0.007648014066624199,11.384615,6871892.0,6871892.0,4.981183992113484,22.116944593236713,5492322.0,,0.6070287539936102,291.0
0xed479d5aa04afa66ed7e4cd5ddd30f38e5e25d79,0.03373372554851188,0.012213177,0,27.768885,4,1767437569,-3.0117916670278102e-05,-0.00023317099921038112,-3.0117916670278102e-05,-3.0117916670278102e-05,-0.013035420301280616,0.0,-3.0117916670278102e-05,0.0,0.0,-1.2908398001279449,-0.011792545698985708,0.0,-0.023554973481301138,,,-0.6577335222109987,1,0.9971727016256966,-0.8356724694883301,-3.0117916670278102e-05,0.20100558036650074,58.2825,1625106.0,1625106.0,1.206314589293376,73.72171154166666,277940.0,,0.375,8.0
0xf4e1e5253a6f8d066e398de2e1a964682694ee5a,0.033732251122175476,0.012202602,0,1118.740076,9,1767506125,-2.292684641404432e-07,9.629275493898607e-07,-2.292684641404432e-07,-2.292684641404432e-07,0.0004955855150443898,-0.0965627374056793,-2.292684641404432e-07,-0.15850852225296266,0.0,-23.99965230800003,-0.007569233649193698,-0.13650843919664046,-0.015138238029923255,0.3400411986914634,0.3226411927234519,,1,0.9971727016256966,-0.8643019280263914,-2.292684641404432e-07,0.015498989021882388,189.29865,6734363.0,6734363.0,4.756839972819522,564.4934828448276,5318641.0,,0.5970149253731343,250.0
0xd8a97c4f0f07fef668af1c54435d3bc7ceba8a2c,0.033725088411817386,0.012151222,0,1000.0,2,1767704511,-0.009109311750009348,-0.010121457500010388,-0.009109311750009348,-0.009109311750009348,-0.01431390246749757,0.0,-0.009109311750009348,0.0,1.0,,-0.009109311750009348,0.0,-0.009109311750009348,,,0.007799999999999932,0,0.9971727016256966,,-0.009109311750009348,0.5127462749805805,4.0,,,,4.76,,,0.0,2.0
0x4bfb41d5b3570defd03c39a9a4d8de6bd8b8982e,0.033719314286633384,0.012109795,0,402064.93831700186,2999,1766094513,5.2971090398095924e-18,-5.119688224693359e-05,5.2971090398095924e-18,5.2971090398095924e-18,-0.00029347665033485913,0.18164434591949818,5.2971090398095924e-18,0.13392081541932124,0.36869258745534,13.905388224352716,0.006872203435871517,0.15111223366543886,0.013744406871743034,1.2897301747952286,1.2465585916111255,-1.503896073855719,19,0.9971727016256966,0.0003099248217932275,5.2971090398095924e-18,0.0,0.0,97034304.0,97034304.0,23609.319708029197,0.0,97030194.0,0.0,,0.0
0xa61c42cd40b433f8edfd2a040b90aa29da47a9c6,0.033705655391142994,0.01201177,0,3.559998,6,1767555577,6.569736850063774e-06,7.104022574044193e-06,6.569736850063774e-06,6.569736850063774e-06,0.001606648813989759,0.08016935889147558,6.569736850063774e-06,0.04789326596759865,0.0,0.25998005049802536,0.04217524900251693,0.07344376549308869,0.0843439282681838,0.6960833969388935,0.6374833893092913,,1,0.9971727016256966,-0.8945912606100251,6.569736850063774e-06,0.08042199563234959,0.999999,1991614.0,1991614.0,1.3593020351166483,1.2190522909090908,526440.0,0.0,0.5652173913043478,23.0
0xe6c9eee27de792a9fdcdd322822452625d0f975e,0.03369995452876769,0.011970846,0,9199.649899999991,759,1767427213,0.0018651889850161676,0.0019566091860151007,0.0018651889850161676,0.0018651889850161676,0.05565065423664305,0.25818529479913227,0.0018651889850161676,0.20546272902319865,0.0,1.119258044847532,0.004698583808169688,0.22392458154155334,0.009342666976404389,1.5724559395066326,1.5333724133530018,-1.4546000316800103,4,0.9971727016256966,-0.816198655685773,0.0018651889850161676,0.0,0.0,43921324.0,43921324.0,32.855322745939965,0.0,42584514.0,0.0,,0.0
0xffbf9d65096ebd9a3ceaac03fd93cce3969bcc59,0.033694247203850634,0.011929869,0,14.9946,5,1767641783,0.031594693630353624,0.03179093396346141,0.031594693630353624,0.031594693630353624,0.09867104216941455,0.01954449263094742,0.031594693630353624,-0.037875715697403105,1.0,0.5832400000000004,0.035878197069043195,-0.028050831796474322,0.04016170050773277,0.1915745838889817,0.12747458388898167,-0.8902,1,0.9971727016256966,-0.9486259795400618,0.031594693630353624,0.017608374598866005,1.55765,2182542.0,2182542.0,1.4068390723098145,3.022750861788618,631162.0,,0.3974358974358974,234.0
0x2f108f6827aa6318a93f859d298a6eee7b44cfa4,0.03369012946563958,0.0119003,0,1435.1377400000001,18,1767314299,-0.9819809738146038,-0.9829931195646044,-0.9819809738146038,-0.9819809738146038,-3.3748968457622213,0.0,-0.9819809738146038,0.0,0.0,,-0.9819809738146038,0.0,-0.9819809738146038,,,-0.6195818543062498,0,0.9971727016256966,,-0.9819809738146038,0.19024036409882467,135.1513,2016931.0,2016931.0,1.6479594671442672,349.5901612687747,793035.0,,0.4,15.0
0x46b6385bd0f6ce791ab3ccb5e48b8d12caadae46,0.03368640408917491,0.011873546,0,31.04,4,1767424201,0.0,0.0,0.0,0.0,0.0,0.10769343417595159,0.0,0.2996980481075551,0.0,-4.48,-0.02834008100002906,0.29749804916055517,-0.05668016200005812,1.3644851352483487,1.3743851331423484,,1,0.9971727016256966,-0.8141235068789835,0.0,0.0,0.0,2740901.0,2740901.0,2.054959596580592,0.0,1407103.0,,,0.0
0x02e7f40f4d5a859abdf5be805f572607d7841e02,0.03368519242572499,0.011864844,0,7.280775,4,1767541203,-1.3251711388305166e-05,-4.438786713497687e-05,-1.3251711388305166e-05,-1.3251711388305166e-05,-0.004302315262715248,0.0,-1.3251711388305166e-05,0.0,0.0,-0.4477197000638602,-0.01557332572862464,0.0,-0.031133399745860976,,,-1.5241610985154417,1,0.9971727016256966,-0.9415932585838763,-1.3251711388305166e-05,0.26504865148921314,1.2499995,,,,1.30999925,,,0.0,4.0
0xfd5c9bbfd0ac1823e629add0dcd4981b86336d2a,0.03368309688149653,0.011849793,0,270.47188,6,1767695711,0.0,0.0,0.0,0.0,0.0,0.14034492251602598,0.0,0.12161543709359521,0.0,19.36554,0.027048947073685,0.15781543709359525,0.05409789414737,0.3300419404588674,0.24259194045886742,,1,0.9971727016256966,-0.9804232862566103,0.0,0.0,0.0,5222606.0,5222606.0,3.253335808455449,0.0,3617298.0,,,0.0
0xc6393f5177345cf7b9d9f3fbb782fd72da00c5a2,0.03367361812900922,0.011781701,0,1144.7973309999998,34,1767485305,7.064680620171743e-05,0.00016907233068824836,7.064680620171743e-05,7.064680620171743e-05,0.0012333307810784425,-0.0017824579533397365,7.064680620171743e-05,-0.0028701942769190913,0.0,-75.89611227022223,-0.04712618044639874,-0.000837523727439247,-0.09425236089279748,-0.01868945103028109,-0.0945894510302811,-1.5525999934041101,1,0.9971727016256966,-0.9890093063196489,7.064680620171743e-05,0.0639193389327766,99.999984,21953128.0,21953128.0,15.7381149356729,638.5344809958158,20558226.0,,0.7655172413793103,120.0
0x83e1bbf285b6be30295b0c1ab52ef28ea8e56a54,0.03366572042246224,0.011724953,0,5322.826502,31,1767448673,-1.7322560095910885e-07,-3.927103820226277e-07,-1.7322560095910885e-07,-1.7322560095910885e-07,-0.0003982393187021506,0.0,-1.7322560095910885e-07,0.0,0.0,-332.3134198436997,-0.07324580944787674,0.0,-0.14649144567015251,,,-0.7168458441067751,1,0.9971727016256966,-0.9058220541523189,-1.7322560095910885e-07,0.10925473822466764,300.299999,53024150.0,53024150.0,39.03800422596391,1359.064477236453,51665880.0,,0.38636363636363635,44.0
0x088ffbbc6f2c0b3839d2832e75f37e1bcecbc9e7,0.03365901552185298,0.011676765,0,23885.326154,10,1767696275,0.005267511818579459,0.005993573637643086,0.005267511818579459,0.005267511818579459,0.01844824250809283,-0.025094329095053585,0.005267511818579459,-0.04922767950114792,0.0,46.89410856940005,0.001961701994213712,-0.0009609755874870492,0.003923403988427424,-0.000656240806767891,-0.07367624080676789,,1,0.9971727016256966,-0.9807687360579768,0.005267511818579459,0.09719785564338053,91.97266,51680120.0,51680120.0,32.18196718044776,1192.0748503219233,50074248.0,0.0,0.547945205479452,62.0
0xce9fb3815b476f4414e74cce3441546d244c06d2,0.03364625202977466,0.011585009,0,30.955557,5,1767509975,-7.21123319887739e-06,5.180703314975965e-05,-7.21123319887739e-06,-7.21123319887739e-06,0.0037835303367726833,-0.04423109073704745,-7.21123319887739e-06,-0.11868046177814809,0.0,-0.34227990736807495,-0.004730468496646046,-0.09252555854021478,-0.009453725760093214,0.39690069748033685,0.374100702244071,,1,0.9971727016256966,-0.8666600516704703,-7.21123319887739e-06,0.46677636187867894,1.4062,,,,3.081239,,,0.25,4.0
0x4c392c612818ac2d7c3812a98a8ea02f025dcf54,0.03364123235379891,0.011548914,0,104.09200000000001,5,1767495643,0.0,0.0,0.0,0.0,0.0,0.07544826224007865,0.0,-0.013906208531190544,0.0,-0.5666666666666672,-0.0021508097187522075,0.02776450226815584,-0.004301619437504415,0.7946974967654407,0.763497480227812,,1,0.9971727016256966,-0.8578817067180187,0.0,0.18686410550560864,1.4111799999999999,2139205.0,2139205.0,1.5223057982977997,5.36312195,733965.0,,0.13333333333333333,15.0
0xec3c9891b36ebd1044945ce48ae3cdf6cdf5d68e,0.03363597371796549,0.011511095,0,54.0,2,1767200021,0.0,0.0,0.0,0.0,0.0,-0.062000000000000374,0.0,0.025999999999999978,0.0,46.0,0.058198380625059686,0.01399999999999998,0.11639676125011937,3.7600000000000002,3.7960000000000003,,1,0.9971727016256966,-0.6768133358323319,0.0,0.0,0.0,1839097.0,1839097.0,1.6574145336503192,0.0,729479.0,,,0.0
0xe45e53fc053d8a036590d327dbdcd06b4a275ca7,0.03363378906889292,0.011495382,0,78.895,9,1767510165,-0.014345372834660385,-0.014417099698833686,-0.014345372834660385,-0.014345372834660385,-0.05415748742039893,0.0,-0.014345372834660385,0.0,0.0,-5.030499999999999,-0.0277091502503565,0.0,-0.04107292766605261,,,-1.859119027761092,2,0.9971727016256966,-0.8717915737198451,-0.014345372834660385,0.3835811069190006,9.9,3550062.0,3550062.0,2.500462753616451,118.27836300364964,2130300.0,,0.7843137254901961,109.0
0x4d5f8f20800c0f8e053e5726c4198ed07724b380,0.0336217949737904,0.0114090955,0,78.78399999999999,5,1767434559,-0.12207827272679181,-0.12241565464345884,-0.12207827272679181,-0.12207827272679181,-0.21203013348427568,0.22650415784596167,-0.12207827272679181,0.31743534693399555,0.0,3.952666666666667,-0.10207489888760463,0.3163020169606628,-0.08207152504841746,2.3308553980510736,2.339755387971072,-1.5475078542597684,1,0.9971727016256966,-0.8204677782310276,-0.12207827272679181,0.0,0.0,,,,0.0,,,,0.0
0xf8cf1ee1f8d835b36946ff322dbfad53a69d0864,0.03362099688623404,0.011403353,0,26.792419,4,1767481295,0.0978485853106545,0.09827113297641545,0.0978485853106545,0.0978485853106545,0.17460206347933444,-0.09822520892019827,0.0978485853106545,-0.20390414261780077,0.0,-0.4153848830000004,0.0924530297200093,-0.18936736716822086,0.0870574741293641,0.4337677124184963,0.4228677124184963,,1,0.9971727016256966,-0.849093561771202,0.0978485853106545,0.05009498341692654,3.3,4851936.0,4851936.0,3.4883628635436827,3.632547345454545,3461044.0,0.0,0.4074074074074074,27.0
0x1e25a3aba7dc6ae591fda1d3b09ab9effdb40f29,0.03361870433064915,0.011386856,0,368.632963,10,1767449309,2.0822224983034286e-06,9.633795234553266e-06,2.0822224983034286e-06,2.0822224983034286e-06,0.0024686541108960803,0.14253154273735455,2.0822224983034286e-06,0.17131953115382145,0.0,-1.9833622500084729,-0.005072899350030221,0.1723419967770365,-0.010147880922558744,2.688400707524137,2.6918006974441355,-0.731295368378446,1,0.9971727016256966,-0.8318994716578038,2.0822224983034286e-06,0.10903712935011523,26.88645,33872766.0,33872766.0,24.926496755478304,54.87007614754098,32513860.0,,0.391304347826087,46.0
0x74d46452d28eab4ccb440d4b4971100610acf205,0.03360571818841457,0.011293392,0,13.289034999999998,2,1767514575,-0.303643684252584,-0.304655830002585,-0.303643684252584,-0.303643684252584,-0.4308484066456878,0.0,-0.303643684252584,0.0,0.0,,-0.303643684252584,0.0,-0.303643684252584,,,-1.8016511465822993,0,0.9971727016256966,,-0.303643684252584,0.28980144316150497,15.499998,3837654.0,3837654.0,2.6946562634288553,14.966278124999999,2413482.0,,0.5,6.0
0x966e2a54ed345c77aaca0feb26621eb22c14b2fe,0.033587618109858615,0.011163062,0,497.014992,11,1767518075,5.192069554610766e-06,5.260028570938313e-06,5.192069554610766e-06,5.192069554610766e-06,0.0014353938831799431,-0.009858363088799983,5.192069554610766e-06,0.021563617690418983,0.0,69.72948970269141,0.03995416803682265,0.06008406885065905,0.07990314400409068,0.6440673598712214,0.5959633827310853,,1,0.9971727016256966,-0.8716212988177532,5.192069554610766e-06,0.03987082965199353,31.648335,3505866.0,3505866.0,2.4556522786746537,75.42546557196971,2078194.0,,0.5135135135135135,74.0
0x74470745edfafc1fe34ca32cc823cd77c6fa6564,0.03358659529797572,0.011155696,0,63.131311999999994,2,1767493921,-0.39979756240053127,-0.40080970815053224,-0.39979756240053127,-0.39979756240053127,-0.5668305251972848,0.0,-0.39979756240053127,0.0,0.0,,-0.39979756240053127,0.0,-0.39979756240053127,,,-1.5957913890775144,0,0.9971727016256966,,-0.39979756240053127,0.3523008148002374,25.0,37674200.0,37674200.0,26.842691009306613,376.80169849748745,36270682.0,0.0,0.4155844155844156,75.0
0x090abf89e5341d29923676b7424c9f3858aecd55,0.03356851524175674,0.011025439,0,140.94172,4,1766963639,1.1627935873837824e-06,1.136366460397787e-05,1.1627935873837824e-06,1.1627935873837824e-06,0.003145067400976321,-0.035500547693628134,1.1627935873837824e-06,0.004500058747503777,0.0,11.234373333333336,0.011134620694400382,0.003000039165002712,0.02226807859521338,-0.9300000000000006,-0.9270000000000006,,1,0.9971727016256966,-0.5320294440830696,1.1627935873837824e-06,0.017738836730103763,34.56,4129343.0,4129343.0,4.728782368111255,64.907902721202,3256107.0,,0.3770491803278688,183.0
0x9a5ed6b975fb1962bb6867ca516fcf61270e4c7e,0.03356583302936931,0.011006109,0,19.999996,2,1766405119,-0.7985829535726748,-0.7995950993226758,-0.7985829535726748,-0.7985829535726748,-1.1307982338691902,0.0,-0.7985829535726748,0.0,0.0,,-0.7985829535726748,0.0,-0.7985829535726748,,,0.0599665541633023,0,0.9971727016256966,,-0.7985829535726748,0.20325939084789144,9.499996,1453962.0,1453962.0,4.619917640031012,7.8333311666666665,1139246.0,0.0,0.0,5.0
0x219879436bd0afffc887979214b1536992b6ac01,0.033562085644721414,0.010979101,0,6111.676420000001,8,1767709665,-0.005834037863962156,-0.006846183613963194,-0.005834037863962156,-0.005834037863962156,-0.016192908643336053,0.0,-0.005834037863962156,0.0,1.0,,-0.005834037863962156,0.0,-0.005834037863962156,,,0.04502927797412749,0,0.9971727016256966,,-0.005834037863962156,0.19233628031907002,3.23,4922185.0,4922185.0,3.0397705868475886,103.28370915,3302923.0,,0.0,7.0
0x88fa74e55de9d1a7bb9a560b96557fbfc6ea2cf4,0.03356095814864357,0.010970974,0,209.784,10,1766112443,-0.005193691596520071,-0.005199118651479862,-0.005193691596520071,-0.005193691596520071,-0.0710017653391725,-0.0314075812311018,-0.005193691596520071,0.003981233243968269,0.0,-10.682,-0.016063404299111645,0.0026541554959790027,-0.026933117001703217,-0.9300000000000007,-0.9270000000000007,0.3704293902082814,2,0.9971727016256966,-0.022402787118397407,-0.005193691596520071,0.015930380639457422,14.4,1428673.0,1428673.0,64.82182395644283,29.745939611398967,1406633.0,,0.3013698630136986,146.0
0x82f9c40b3edda8ebf58a6bb818c5b9abe9b9e91d,0.03354611494464749,0.0108639635,0,1.335111,2,1767448395,-0.7570849156250741,-0.758097061375075,-0.7570849156250741,-0.7570849156250741,-1.0721111457918198,0.0,-0.7570849156250741,0.0,0.0,,-0.7570849156250741,0.0,-0.7570849156250741,,,-0.6989082470795049,0,0.9971727016256966,,-0.7570849156250741,0.7285188832467914,1.0,2350138.0,2350138.0,1.7305978238457957,33.07595612765957,992146.0,,0.3181818181818182,22.0
0xa8c63f775ddbbe66b56614191747def3021444e8,0.033543297309446655,0.010843645,0,3538.052133,39,1767473775,0.028671472266614206,0.04949702544726286,0.028671472266614206,0.0493583599634002,0.2972445558496994,0.09399224377464807,0.0493583599634002,0.0312819925769787,0.0,22.55574761093443,0.03661973018516843,0.06059072946159476,0.04456798810372266,0.7453002695804453,0.6750595716896765,,3,0.9971727016256966,-0.8444875644196504,0.028671472266614206,0.0,0.0,48039104.0,48039104.0,34.726092475487434,0.0,46655732.0,0.0,,0.0
0x7a058ae9d7de7395449f43963cdcdeeee3293c27,0.033538351857629226,0.010807978,0,40.096649,4,1767492503,5.512576628733473e-06,1.9926192063506726e-05,5.512576628733473e-06,5.512576628733473e-06,0.0028189138582037825,0.08729235986285454,5.512576628733473e-06,-0.05915954825233258,0.0,1.7985002939706194,0.013795311602413624,-0.02220770378442618,0.027585110628198514,0.8115741431938498,0.7804741408362295,,1,0.9971727016256966,-0.8559584578238868,5.512576628733473e-06,0.07347371710262525,3.604865,1280705.0,1280705.0,0.9134191569788175,7.1630137578125,-121395.0,,0.3387096774193548,58.0
0xaababdf8d4226d54ce7788143afeffb0e666a1d7,0.03353536648691501,0.010786445,0,67.339242,8,1767491099,0.0819606703445917,0.08474668256389999,0.0819606703445917,0.0819606703445917,0.17863978039284018,-0.11672318567985017,0.0819606703445917,-0.19586971853753146,0.0,1.2281200314084553,0.09652713788440216,-0.161551614122876,0.11109360542421261,0.6648046175426019,0.628304618840979,,1,0.9971727016256966,-0.8550985083183578,0.0819606703445917,0.0986147093987282,5.0,7035400.0,7035400.0,5.022788670775101,23.451201294573643,5634704.0,,0.3148148148148148,54.0
0xff485eadc2942f7155f0875165d3d36edf010a29,0.03353298635372938,0.010769276,0,41.74664,4,1767494727,-0.4182315594140522,-0.41924370516405324,-0.4182315594140522,-0.4182315594140522,-0.8051145707002749,0.0,-0.4182315594140522,0.0,0.0,,-0.4182315594140522,0.0,-0.4182315594140522,,,-1.5618331006859854,0,0.9971727016256966,,-0.4182315594140522,0.3166349465357387,49.999999,36330594.0,36330594.0,25.87052133268391,69.08733277777779,34926270.0,0.0,0.42857142857142855,7.0
0xb2dc4eea6f4c455a25dd0f2a72e35f0960cde9eb,0.033531728635072526,0.010760203,0,70.6,7,1766305071,-0.0009201325000009494,0.07269046750007455,-0.0009201325000009494,-0.0009201325000009494,0.24108700653327075,-0.03745449863999245,-0.0009201325000009494,-0.004727272727272577,0.0,-0.1250000000000001,-0.0020702981250021297,-0.014909090909090757,-0.00322046375000331,-0.20150005069926763,-0.1730000506992676,-0.030224653014038688,1,0.9971727016256966,-0.17128736400976569,-0.0009201325000009494,0.0,0.0,15813510.0,15813510.0,73.66496170831238,0.0,15598842.0,,,0.0
0xdaf14c9adfcdeeb4722ea7eefc411f36d4ac1d83,0.033529603191466605,0.01074487,0,1.999998,2,1767530583,-0.43724687152770314,-0.4382590172777043,-0.43724687152770314,-0.43724687152770314,-0.619791846066434,0.0,-0.43724687152770314,0.0,0.0,,-0.43724687152770314,0.0,-0.43724687152770314,,,-1.5293841255861371,0,0.9971727016256966,,-0.43724687152770314,0.07095676027123965,0.999999,1229819.0,1229819.0,0.8539342304434168,1.0821628260869562,-210361.0,,0.1111111111111111,18.0
0xdb1b125189913bf03405e74cbf47273b4466efb5,0.03351914362847093,0.010669399,0,4071.3027580000003,39,1767519379,0.05196202848650423,0.05334302181484564,0.05196202848650423,0.05196202848650423,0.2489264208862773,0.03490975443435869,0.05196202848650423,0.03144966980540828,0.0,-112.74153805133331,0.03560163480178059,0.04377673434795522,0.019241241117056954,0.24253120813545273,0.17243119690451542,-1.6331828949138352,1,0.9971727016256966,-0.9566411499313388,0.05196202848650423,0.0,0.0,8284564.0,8284564.0,5.797552933009372,0.0,6855588.0,,,0.0
0xf40f1374385923bc07b54abbcc7e69a0c4277fc6,0.0335185133363818,0.0106648505,0,239.32,9,1766124027,0.0,0.0,0.0,0.0,0.0,-0.06224898978665683,0.0,0.010008569496171852,0.0,-0.033333333333336455,-4.161783511517815e-05,0.015386858969856056,-8.32356702303563e-05,-0.7971115185376042,-0.7971115185376042,0.42167782903287254,1,0.9971727016256966,-0.01816796455342038,0.0,0.01424388295734116,16.199,1434545.0,1434545.0,42.66431715441352,31.179648548752834,1400921.0,,0.30612244897959184,147.0
0xa48851b434da8eac927902d9be71d7125bcdf562,0.033518061014651025,0.010661586,0,300.3,3,1766124917,0.0,0.0,0.0,0.0,0.0,-0.07008775146349511,0.0,0.012029250487831704,0.0,0.0,0.0,0.022029250487831706,0.0,-0.7971115185376042,-0.7971115185376042,,1,0.9971727016256966,-0.01831251447030418,0.0,0.08782850201892357,112.2,,,,159.11369811320753,,,0.34782608695652173,23.0
0x5f82fe5a35d3e1d499712753377fa725537f9b01,0.033515526315283276,0.010643293,0,19.51616,3,1767508909,-0.3107287452503186,-0.31174089100031965,-0.3107287452503186,-0.3107287452503186,-0.48914009167571,0.0,-0.3107287452503186,0.0,0.0,,-0.3107287452503186,0.0,-0.3107287452503186,,,-1.7699246821268608,0,0.9971727016256966,,-0.3107287452503186,0.2243916820507852,40.92,2679164.0,2679164.0,1.888722360004117,500.53130519650654,1260658.0,,0.2,55.0
0x815613ab1e2de54f0a5962da64b943df1ce107e4,0.03349936805434276,0.010526647,0,19.704597,8,1767555579,0.00011350039234577864,0.00011886865243670666,0.00011350039234577864,0.00011350039234577864,0.006107115175276321,-0.022749001053909944,0.00011350039234577864,0.01242922487229638,0.0,3.143320249328512,0.04240462983464566,0.043146760002547316,0.08469575927694555,0.6716790240585686,0.6000595359045011,,1,0.9971727016256966,-0.8945924856093208,0.00011350039234577864,0.0795608543192673,3.089999,1585385.0,1585385.0,1.0820440684259092,7.623233906810037,120209.0,,0.3333333333333333,72.0
0x6f5dae876c737a43c067a99f16217bb9958dabc5,0.033492217489188,0.01047501,0,11.699997999999999,3,1767477705,-0.3336733875350086,-0.33468553328500966,-0.3336733875350086,-0.3336733875350086,-0.5662807492445556,0.0,-0.3336733875350086,0.0,0.0,,-0.3336733875350086,0.0,-0.3336733875350086,,,-1.6328556366607172,0,0.9971727016256966,,-0.3336733875350086,0.09859415785881326,1.999999,1223392.0,1223392.0,0.8818498063147029,5.38363571111111,-163910.0,,0.30303030303030304,33.0
0xfbee3d0158302ea84ea81a5c3565c70ab730a34f,0.033491843268066354,0.010472307,0,1052.166618,19,1767490057,-0.01050213085802391,-0.010611261553812677,-0.01050213085802391,-0.01050213085802391,-0.07948130167776103,0.0,-0.01050213085802391,0.0,0.0,-20.9857669119192,-0.03547783720627812,0.0,-0.06045354355453232,,,-1.4632650884703569,2,0.9971727016256966,-0.8548731084479626,-0.01050213085802391,0.2188585617380055,66.3424,2790789.0,2790789.0,1.993913495763953,145.20398878431374,1391135.0,,0.5,22.0
0x0a26054fe174697bf6be759c4b600fdb830d1851,0.03347782848634536,0.0103710685,0,10644.932319000001,22,1767435359,-0.16370231764187684,-0.16394045181613653,-0.16370231764187684,-0.16370231764187684,-0.559903245036509,0.12583439682037262,-0.16370231764187684,0.178230069906669,0.0,-207.8494482382857,-0.1801280904259522,0.17693004391956202,-0.19655386321002757,1.597592512435227,1.6064925023552252,-0.4607625697103998,1,0.9971727016256966,-0.8209577779492777,-0.16370231764187684,0.0,0.0,55447459.0,55447459.0,41.226225244543315,0.0,54102503.0,0.0,,0.0
0x81d131a7b47d012ac448c165a41b152ecf9b4e30,0.033459776996637096,0.01024061,0,2385.800719,34,1767436265,0.008401995677631936,0.008478329679794942,0.008401995677631936,0.008401995677631936,0.06531323867956945,0.16987296840210872,0.008401995677631936,0.15681322008987314,0.0,4.425249152380955,0.014182183858217755,0.16927357013997824,0.019962372038803574,1.573420115590938,1.526291552695401,-0.44894479460033876,3,0.9971727016256966,-0.8244245259558975,0.008401995677631936,0.0,0.0,17191845.0,17191845.0,12.773854228739648,0.0,15845983.0,,,0.0
0xb401123e33dbbe1d575c4ee4f30c714a2819df2a,0.03345188507350752,0.010183553,0,943.3150499999999,8,1767492549,0.10074570077422257,0.101002051157872,0.10074570077422257,0.10074570077422257,0.20069416022247896,0.10939576319407625,0.10074570077422257,-0.07554735887064862,0.0,13.708021666666669,0.11378713013734511,-0.02942688004645302,0.12682855950046765,0.8115740669067633,0.7804740645491429,,1,0.9971727016256966,-0.8559866328076862,0.10074570077422257,0.0,0.0,12813132.0,12813132.0,9.138229542429961,0.0,11410986.0,0.0,,0.0
0x2dab780a0c0b61a548886b4038b2e1e6298373b3,0.033432147807846854,0.010040801,0,258.831208,11,1767474987,0.032438154140391376,0.046484739460630156,0.032438154140391376,0.04636570060198406,0.13554626405285333,0.026328444992738457,0.04636570060198406,0.0004435905304516652,0.0,2.6542669214951937,0.039045659493736534,0.012429841254474515,0.04565316484708169,0.8114192984884628,0.765605482196934,-1.5432770034567347,2,0.9971727016256966,-0.8458093386596303,0.032438154140391376,0.03404545373033678,3.29,30893622.0,30893622.0,22.312566084831257,8.341447744262297,29509038.0,0.0,0.5099337748344371,151.0
0xdc19ba144f1246e3f2421751c12c64ad0c607b07,0.03343103920071962,0.0100327805,0,3.269343,4,1767494713,-0.0003152788640290939,0.0011280638483714223,-0.0003152788640290939,-0.0003152788640290939,0.021101860624948402,0.08092647710784534,-0.0003152788640290939,-0.03183797302011698,0.0,-0.17766977131082384,-0.014066337099269839,0.008577208806935122,-0.027817395334510584,0.801498070434904,0.7634980704349039,,1,0.9971727016256966,-0.8573120820455529,-0.0003152788640290939,0.1913033430835995,1.20879,16653166.0,16653166.0,11.858610990450826,2.4325329333333334,15248856.0,,0.6,10.0
0xe632c4a52e0757392b4c74e22621961b1179aa26,0.0334234437765123,0.009977822,0,116.2,2,1767434453,0.0,0.0,0.0,0.0,0.0,0.0,0.0,0.0,0.0,21.799999999999997,0.027580971687528277,0.0,0.05516194337505655,,,-0.5211668011906323,1,0.9971727016256966,-0.821722177509748,0.0,0.03083943318361607,23.955844,6469918.0,6469918.0,4.813748000446412,61.25689809726444,5125868.0,,0.5691056910569106,122.0
0x3882abccc97b69856fceb7bb6d4a19e21a1a146d,0.033422821527808996,0.009973319,0,363.599998,4,1767587987,-0.2381181606455671,-0.23913030639556812,-0.2381181606455671,-0.2381181606455671,-0.49292615833113684,0.0,-0.2381181606455671,0.0,0.13751375213153877,,-0.2381181606455671,0.0,-0.2381181606455671,,,-1.7733143936898408,0,0.9971727016256966,,-0.2381181606455671,0.39850054313902816,42.9021,36923594.0,36923594.0,24.65544103035289,211.530619,35426010.0,0.0,0.15384615384615385,13.0
0xaee155cfcdbea58f38ae6dea1475a0198f443cea,0.033420226864836304,0.009954542,0,304.4,3,1767559207,0.0,0.0,0.0,0.0,0.0,0.11011340489529611,0.0,0.09229384639805635,0.0,43.49999999999997,0.031448814375032226,0.12527241916612813,0.06289762875006445,0.5624622375190917,0.4816122375190918,,2,0.9971727016256966,-0.8968146343315853,0.0,0.06097462872926238,16.8307635,7611621.0,7611621.0,5.182189727152159,26.173689815217386,6142817.0,,0.5555555555555556,36.0
0x80ed3442ee13ca855d90cf78cede3ad3f66ece26,0.03340660209279221,0.009855918,0,33.652306,6,1766490423,-0.04335886275672721,-0.043503392299249634,-0.04335886275672721,-0.04335886275672721,-0.11512412371662303,-0.03896928771614737,-0.04335886275672721,-0.008001999491089005,0.0,5.089371168666669,0.01184321793792762,-0.032286436819066525,0.06704529863258245,-0.34166678417236646,-0.28466678417236646,,2,0.9971727016256966,-0.24218481074373382,-0.04335886275672721,0.0,0.0,3278700.0,3278700.0,8.19634018299085,0.0,2878680.0,,,0.0
0x26ada0e5d50a0bc891082ea9ec3f32c9838f990e,0.03339833311873686,0.009796043,0,775.646,9,1766963471,0.0,0.0,0.0,0.0,0.0,-0.002297319248742556,0.0,0.00029120879120882653,0.0,15.151333333333332,0.014043367802364827,0.00019413919413923024,0.028086735604729653,-0.9300000000000006,-0.9270000000000006,-0.3128885677566392,3,0.9971727016256966,-0.5319265441422372,0.0,0.012986262957218194,21.105,4123914.0,4123914.0,4.723474002025043,42.24919324155194,3250846.0,,0.3237704918032787,244.0
0x43cfb584c8bfa7f322ea258e251bd656b30788fa,0.033394373354353885,0.009767366,0,10132.898108000003,48,1767449459,0.044112393889779375,0.04431841581787478,0.044112393889779375,0.044112393889779375,0.14568420549955247,0.030422237510634366,0.044112393889779375,-0.06359398165084659,0.0,-48.29732102444444,0.03296263868167826,-0.048784770254983324,0.02181288347357714,0.27956066045370215,0.2284606604537022,-1.8500988942443537,2,0.9971727016256966,-0.8299566227749419,0.044112393889779375,0.05573318948296362,10.043478,5355546.0,5355546.0,3.9406367360874017,131.12366588748242,3996490.0,,0.4264705882352941,67.0
0xc3da2b26f845d799b9d456828753f5a3af57d974,0.03339241280092938,0.009753166,0,37.272775,4,1766535163,-0.2965497045059556,-0.2968870761834367,-0.2965497045059556,-0.2965497045059556,-0.5142313033087191,-0.048334070915544015,-0.2965497045059556,-0.006666684511144921,0.0,-2.0225794133333332,-0.30245397776700217,-0.02466696025570567,-0.3083582510280487,-0.47700001244780144,-0.42000001244780144,,1,0.9971727016256966,-0.2695880449868741,-0.2965497045059556,0.018728195258134964,22.0,9619779.0,9619779.0,21.629146056300026,38.409211005871995,9175019.0,,0.2,225.0
0xc9ad18bc5d11639af167cc879fbc1333e22e79d0,0.03339231932155519,0.009752489,0,1063.1799,19,1767564717,0.024996130012647548,0.025326136969177803,0.024996130012647548,0.024996130012647548,0.11098649399652728,0.06130344870367344,0.024996130012647548,-0.09946172842106991,0.0,7.5377714285714275,0.033094118635845354,-0.06527196837011516,0.04119210725904317,0.4556306172554491,0.3867396980097569,-1.8526295329504827,2,0.9971727016256966,-0.9001895073910332,0.024996130012647548,0.048859083311165286,26.52,30693153.0,30693153.0,20.8185997012848,112.6777845588526,29218839.0,0.0,0.5867768595041323,102.0
0x0c65840880163c0fd8b4bb4696077be3b4dad60d,0.0333920720588989,0.009750698,0,1656.2140600000007,21,1767707747,0.0003657701336032977,0.0013779158836043366,0.0003657701336032977,0.0003657701336032977,0.005080203924260025,-0.06725247382085557,0.0003657701336032977,-0.0964014481324431,0.0,,0.0,-0.026701448132443087,0.0,-0.02088278863312773,-0.09578278863312771,,1,0.9971727016256966,-0.9877953320176841,0.0003657701336032977,0.03291950296750631,99.999999,37146301.0,37146301.0,22.96747074215504,272.0888480446281,35528957.0,,0.5843621399176955,243.0
0x64c21911f958876856941f7c95678fa46ed5c527,0.03339129299378906,0.009745055,0,371.78000000000003,6,1766963877,0.0,0.0,0.0,0.0,0.0,-0.035500084240002935,0.0,0.0045000000000005,0.0,4.273333333333342,0.0012651821875013002,0.0030000000000005114,0.0025303643750026004,-0.9300000000000007,-0.9270000000000008,,1,0.9971727016256966,-0.532175218999249,0.0,0.037389743372633635,75.37,3313584.0,3313584.0,3.7935691274153553,127.79090853658538,2440110.0,,0.29508196721311475,61.0
0xd950ef37b32702061d63e44a8475c360193cad1b,0.03339047190207363,0.009739107,0,56.81266000000001,5,1767433651,0.10021677501659165,0.10055409178617167,0.10021677501659165,0.10021677501659165,0.22041483002176562,-0.0269988418867498,0.10021677501659165,-0.08955109898269624,0.0,-5.04721762,0.08318579130395182,-0.08406148602542352,0.06615480759131198,0.4598527957970361,0.44275279579703614,-0.5546225099390856,1,0.9971727016256966,-0.8472095128545301,0.10021677501659165,0.0,0.0,5752042.0,5752042.0,4.2821891415434825,0.0,4408794.0,,,0.0
0xb10750fab5eb76292bd10d156a7f165e74b875b8,0.03338821612172102,0.009722767,0,46.201589999999996,4,1767467523,-0.6882591100007056,-0.6892712557507067,-0.6882591100007056,-0.6882591100007056,-1.2486470108504857,0.0,-0.6882591100007056,0.0,0.0,,-0.6882591100007056,0.0,-0.6882591100007056,,,-1.2053314619214213,0,0.9971727016256966,,-0.6882591100007056,0.3360212256442514,28.539999,21540328.0,21540328.0,15.641576623678402,69.80196583333333,20163208.0,,0.16666666666666666,6.0
0x406ce9a5bea3afe47f8ffa53957bffce38037733,0.0333859124076378,0.009706079,0,459.17021200000005,16,1767479893,-0.11218379067834369,-0.11253608145061424,-0.11218379067834369,-0.11218379067834369,-0.3676942444219715,0.0,-0.11218379067834369,0.0,0.0,6.159210122000001,-0.1030051657091947,0.0,-0.09382654074004572,,,-1.6635968625799733,1,0.9971727016256966,-0.8547947084930426,-0.11218379067834369,0.3990730545092217,5.749999000000001,36703429.0,36703429.0,26.41503645222348,37.723080125,35313939.0,0.0,0.2857142857142857,7.0
0x2befab845f750f5445d382df4c4d74e0d3e61e38,0.033378937020114866,0.009655542,0,158.05,3,1766963877,0.0,0.0,0.0,0.0,0.0,-0.035500084240002894,0.0,0.004500000000000546,0.0,2.7250000000000023,0.0012651821875012985,0.0030000000000005578,0.002530364375002597,-0.9300000000000006,-0.9270000000000006,,1,0.9971727016256966,-0.532175218999249,0.0,0.02160586257609128,71.82,3324642.0,3324642.0,3.8062289203799997,119.31332948328266,2451168.0,,0.33663366336633666,101.0
0x02983788c3019edf99ebc7adab674e002210eadc,0.033378937020114866,0.009655542,0,125.57,2,1766964173,0.0,0.0,0.0,0.0,0.0,-0.035500084240002894,0.0,0.004500000000000546,0.0,4.330000000000004,0.0012651821875012985,0.0030000000000005578,0.002530364375002597,-0.9300000000000006,-0.9270000000000006,,1,0.9971727016256966,-0.5323565188950017,0.0,0.0965830967708614,46.725,3309450.0,3309450.0,3.7875527884912508,102.81503548780489,2435680.0,,0.32,25.0
0xb70b528896f646ee5696ec5f14fd5e5d735c6087,0.033371533316575545,0.00960189,0,128.70999999999998,4,1766266989,-0.28263301310343564,-0.2829703950201026,-0.28263301310343564,-0.28263301310343564,-0.6348566449217247,-0.23614777021591468,-0.28263301310343564,-0.28244444444444433,0.0,-9.1187875,-0.29801558312558163,-0.275777780361778,-0.3133981531477276,-0.8243331814814573,-0.8473331814814573,-0.044978362870641525,1,0.9971727016256966,-0.10533156443435045,-0.28263301310343564,0.0,0.0,1329850.0,1329850.0,7.53089146364944,0.0,1153264.0,,,0.0
0x076ca0207aaa48365da2eb6a917edcbdee5e4e7b,0.03336642909303395,0.009564895,0,118.024596,13,1766112459,-0.0010633414595191315,-0.0871939996805687,-0.0021266829190382513,0.0,-0.26901206234269337,-0.22374466220558425,5.902730856983287e-18,-0.26716199555936504,0.0,-1.661941362222222,-0.015414292539927143,-0.2604788501728163,-0.027638560701296912,-0.7751238605901498,-0.7866238605901498,-0.015112326507019285,4,0.9971727016256966,-0.010681993857853532,-0.0021266829190382513,0.0,0.0,51197912.0,51197912.0,2321.2691331157057,0.0,51175856.0,,,0.0
0xa811f3ea97daf1bbadf28a41ff9636b257fe011d,0.03336210516953649,0.0095335515,0,2.804493,4,1767623235,0.00046213620266161496,0.00046700079407413205,0.00046213620266161496,0.00046213620266161496,0.011667467233630293,0.20513179163960332,0.00046213620266161496,0.0030057418386278535,0.0,0.3990000159488156,0.03646206296241285,0.0376611746744381,0.07246198972216408,0.4972073650283241,0.4088073627499218,,1,0.9971727016256966,-0.936031761781737,0.00046213620266161496,0.11191311187741285,0.999999,3087859.0,3087859.0,2.014479734243544,7.647391809651474,1555027.0,,0.44919786096256686,184.0
0x6163c2ae3e19b03a2c62d85587bf8e2f1b3858cc,0.033360418658430875,0.009521325,0,24.07,2,1766963877,0.0,0.0,0.0,0.0,0.0,-0.035500084240002894,0.0,0.004500000000000546,0.0,0.8300000000000007,0.0012651821875012985,0.0030000000000005578,0.002530364375002597,-0.9300000000000006,-0.9270000000000006,,1,0.9971727016256966,-0.532175218999249,0.0,0.015425660135056835,34.835,3313202.0,3313202.0,3.7931317932760447,74.86671236181819,2439728.0,,0.2564102564102564,194.0
0x524313ce96849be79db072a3ba8344aa5b38a73c,0.033357197198820555,0.009497969,0,143.99,4,1766124005,0.0,0.0,0.0,0.0,0.0,-0.05068984766599018,0.0,0.034689847665990176,0.0,1.8700000000000017,0.0012651821875012985,0.04068984766599018,0.002530364375002597,-0.7844172579878229,-0.7844172579878229,,1,0.9971727016256966,-0.017753914791498994,0.0,0.011070590051703005,22.045,1436905.0,1436905.0,42.76248437593,35.28586017374518,1403303.0,,0.2087912087912088,182.0
0x3c4c7e6a89be186be7d000e62cd8a1f64ddfbe9f,0.033351130319840154,0.009453978,0,139.84,5,1766115271,0.0,0.0,0.0,0.0,0.0,0.014716021959232176,0.0,0.08136392579265272,0.0,1.2266666666666666,0.0025303643750025943,0.1331634484313851,0.005060728750005189,-0.7259145396988422,-0.7259145396988422,,1,0.9971727016256966,-0.012404342867502851,0.0,0.00829864090171763,18.63,3273996.0,3273996.0,131.65497828534663,32.70182167364017,3249128.0,,0.321285140562249,249.0
0xb25c6dd6ccffaecd5bb4144b58f7908252f06d89,0.033351130319840154,0.009453978,0,128.44,7,1766112433,0.0,0.0,0.0,0.0,0.0,0.014716021959232176,0.0,0.08136392579265272,0.0,0.8449999999999994,0.0025303643750025934,0.13316344843138508,0.005060728750005187,-0.7259145396988421,-0.7259145396988421,,1,0.9971727016256966,-0.010666068867010402,0.0,0.089094751036055,11.8966,3280219.0,3280219.0,148.89782115297322,31.669149364640884,3258189.0,,0.31896551724137934,116.0
0xfab2260cb5c930e952b13d88b69147deba029490,0.03334993453763451,0.009445307,0,5.1983,2,1766273987,-9.113868684351321e-05,0.00032911192471268656,-9.113868684351321e-05,-9.113868684351321e-05,0.014714652674025122,-0.3447334772633218,-9.113868684351321e-05,-0.41721210120445296,0.0,-1.7982,-0.02285302572601142,-0.4062066023310168,-0.04561491276517932,-0.8090069903077021,-0.8340069903077021,,1,0.9971727016256966,-0.10961783696974374,-9.113868684351321e-05,0.0,0.0,1348050.0,1348050.0,7.342960170820986,0.0,1164466.0,,,0.0
0x24b7fa7688993ce752e517b91eddf9c398675755,0.03333689162928173,0.009350703,0,110.0,2,1767715413,0.006072874500006232,0.007085020250007271,0.006072874500006232,0.006072874500006232,0.0100197317272483,-0.03443644483175767,0.006072874500006232,-0.09013644421239767,0.0,,0.0,0.006063555787602339,0.0,-0.021036444212397663,-0.09013644421239767,,1,0.9971727016256966,-0.9924907543178163,0.006072874500006232,0.017730113987068533,27.972,36780114.0,36780114.0,22.63377702291063,81.59062805361701,35155104.0,0.0,0.9347181008902077,674.0
0x6e79e7affefb54083808e56ac366fa15ec0c3902,0.033332415957853676,0.009318232,0,10.683759,2,1767471899,-0.472672045166271,-0.473684190916272,-0.472672045166271,-0.472672045166271,-0.6698906070755183,0.0,-0.472672045166271,0.0,0.0,,-0.472672045166271,0.0,-0.472672045166271,,,-1.4069165312794771,0,0.9971727016256966,,-0.472672045166271,0.34537080931268804,17.6,32409448.0,32409448.0,23.459675598047333,63.2093370142857,31027952.0,,0.4,30.0
0x1b648bc7d317f7c8bfeff7e91f391c224254bd0e,0.03333112263204561,0.009308848,0,87.23599999999999,5,1766959169,0.0,0.0,0.0,0.0,0.0,-0.03550008424000298,0.0,0.004500000000000464,0.0,-6.948,-0.006831983812507006,0.003000000000000475,-0.013663967625014012,-0.954,-0.951,,1,0.9971727016256966,-0.5292915706573469,0.0,0.015987928391928998,28.56,4122697.0,4122697.0,4.745463105139934,60.150521638269986,3253931.0,,0.35365853658536583,246.0
0x985b5eb116913205be94b08e344308cf827ece2c,0.033330985549537964,0.009307853,0,3490.6592199999996,14,1767436703,-0.5852593008702383,-0.5862714466202392,-0.5852593008702383,-0.5852593008702383,-1.739768266968627,0.0,-0.5852593008702383,0.0,0.0,,-0.5852593008702383,0.0,-0.5852593008702383,,,-1.459897869678707,0,0.9971727016256966,,-0.5852593008702383,0.13789631934027183,39.285714,1509880.0,1509880.0,1.1215033796330685,185.8392374752475,163580.0,,0.3888888888888889,18.0
0xa09bb8024259a33faff7176fed2f64cca94711f2,0.033326828152170536,0.009277686,0,257.295743,3,1767457739,-0.7085020285828256,-0.7095141743328267,-0.7085020285828256,-0.7085020285828256,-1.1119359766074117,0.0,-0.7085020285828256,0.0,0.0,,-0.7085020285828256,0.0,-0.7085020285828256,,,-1.1975414265829651,0,0.9971727016256966,,-0.7085020285828256,0.5555908519917537,15.47987,5793532.0,5793532.0,4.237094613174816,40.39617388235294,4426196.0,,0.3333333333333333,6.0
0x1e26a9f4867ac8aee81b7a7cd3df5d2ca85e3e3a,0.03332259310671852,0.009246951,0,3.71069,2,1767490525,-0.4817813415410654,-0.4827934872910664,-0.4817813415410654,-0.4817813415410654,-0.6827730975524287,0.0,-0.4817813415410654,0.0,0.0,,-0.4817813415410654,0.0,-0.4817813415410654,,,-1.465472079768775,0,0.9971727016256966,,-0.4817813415410654,0.5780033353214518,12.094999999999999,7684187.0,7684187.0,5.488226740241208,13.1739996875,6284065.0,,0.125,8.0
0xb90588ce64ad8792019cc494ea815e59b5071640,0.03331665444668857,0.009203847,0,909.5,4,1767657337,0.0,0.0,0.0,0.0,0.0,0.08383197053291182,0.0,0.07686515899868493,0.0,44.750000000000014,0.02264676115627323,0.11086515899868493,0.04529352231254646,0.23066394106582364,0.16046394106582362,,1,0.9971727016256966,-0.9569192247714458,0.0,0.0,0.0,4470975.0,4470975.0,2.8533269429344186,0.0,2904041.0,,,0.0
0x6e46287fede13d64f4341f66bbab9d3ee50fe68d,0.03331616087678117,0.009200264,0,92.91,5,1766963471,0.0,0.0,0.0,0.0,0.0,-0.03550008424000301,0.0,0.004500000000000432,0.0,-22.230000000000004,-0.014802631593765181,0.0030000000000004424,-0.029605263187530362,-0.9300000000000008,-0.9270000000000008,,1,0.9971727016256966,-0.5319265441422372,0.0,0.03276184031174738,20.905,4128765.0,4128765.0,4.7290302702653175,53.50069889558233,3255697.0,,0.3488372093023256,172.0
0x33598047c2ca05324258ba1ab7a55d1e17822273,0.03331505110799821,0.009192208,0,53.559999999999995,5,1766124853,-0.0882420027113581,-0.08838455845079486,-0.0882420027113581,-0.0882420027113581,-0.2355079493882277,-0.04355043250176621,-0.0882420027113581,0.029803953628526777,0.0,-0.13333333333333344,-0.08895478140854193,0.039254657853878897,-0.08966756010572575,-0.7844172579878228,-0.7844172579878228,,1,0.9971727016256966,-0.018273314492844167,-0.0882420027113581,0.013088617242824434,18.553,,,,31.983618875598086,,,0.2549019607843137,153.0
0x5a67ea718d25474ddea630d6497a9f1a290100f2,0.03331224143566524,0.009171811,0,9.999998,2,1767481097,-0.3653845874645412,-0.36639673321454225,-0.3653845874645412,-0.3653845874645412,-0.5181632293212023,0.0,-0.3653845874645412,0.0,0.0,,-0.3653845874645412,0.0,-0.3653845874645412,,,-1.5566649779507442,0,0.9971727016256966,,-0.3653845874645412,0.5723992308877779,6.999999,5697786.0,5697786.0,4.097081025732476,19.142856142857145,4307092.0,,0.16666666666666666,6.0
0x63174a54f818a8fbf01037be21d8bf51bf85e864,0.03331167326847526,0.009167686,0,60.0,4,1766126021,0.0,0.0,0.0,0.0,0.0,-0.029716079365588836,0.0,0.059148238096766524,0.0,0.2666666666666669,0.0012651821875012987,0.07114823809676653,0.0025303643750025973,-0.7703466984300201,-0.7703466984300201,,1,0.9971727016256966,-0.018988714081489402,0.0,0.01357139445350553,17.2,1439117.0,1439117.0,40.40420573867146,33.20524032719837,1403499.0,,0.27710843373493976,166.0
0xd13461540781ae1f57bc3a0abfcfa7e33af55558,0.03331167326847526,0.009167686,0,54.75,5,1766125335,0.0,0.0,0.0,0.0,0.0,-0.029716079365588836,0.0,0.05914823809676652,0.0,0.18250000000000016,0.0012651821875012985,0.07114823809676653,0.002530364375002597,-0.7703466984300201,-0.7703466984300201,,1,0.9971727016256966,-0.01856853932308989,0.0,0.012098487216530486,14.094999999999999,1431543.0,1431543.0,40.980848505668156,29.344084833333334,1396611.0,,0.24705882352941178,170.0
0xad4e20ce7a841dbb53cd8ead45be94da7dc612f1,0.03330761349937932,0.009138211,0,820.9155580000001,16,1767444835,-0.11941150269901009,-0.12715831404236502,-0.11941150269901009,-0.11941150269901009,-0.6999048810952636,0.0,-0.11941150269901009,0.0,0.0,29.287854049500012,-0.1085327842693849,0.0,-0.09765406583975969,,,-0.5779830798768788,1,0.9971727016256966,-0.8286458735286227,-0.11941150269901009,0.03476562778292586,52.904,2772339.0,2772339.0,2.046864663563767,181.62168196679946,1417907.0,,0.5675675675675675,110.0
0x29a9864ceff6a297ffc358120fdecc5c0912d4f7,0.03330248229313814,0.009100951,0,1372.3600000000001,8,1766963243,0.0,0.0,0.0,0.0,0.0,-0.004405119942190145,0.0,0.0005583941605840046,0.0,-1.7208456881689926e-15,-5.778854179455399e-19,0.00037226277372269214,-1.1557708358910797e-18,-0.9300000000000007,-0.9270000000000007,0.07323216735123608,2,0.9971727016256966,-0.5317868942225358,0.0,0.02153308284318993,19.437,4126475.0,4126475.0,4.727641950414738,49.43897471349353,3253635.0,,0.35502958579881655,169.0
0xa849228d5664e59f2b397b68f0429ab10668c825,0.03330112353052707,0.009091084,0,5000.0,2,1767719961,0.0,0.0010121457500010388,0.0,0.0,0.0014313902467497572,-0.0357,0.0,-0.0968,0.0,,0.0,-0.0009000000000000008,0.0,-0.0244,-0.0968,,1,0.9971727016256966,-0.9952764027160684,0.0,0.02304601007002157,20.8,49733339.0,49733339.0,30.519526767381095,358.7773286245399,48103781.0,,0.7268292682926829,174.0
0x24e05919521fb0b2b199ccd6b23ecb7b551e6177,0.0332845591398327,0.008970762,0,6.5,2,1767424311,0.0,0.0,0.0,0.0,0.0,0.0,0.0,0.0,0.0,1.4900000000000002,0.03770242918753867,0.0,0.07540485837507734,,,-0.47957208353845393,1,0.9971727016256966,-0.8175498299088478,0.0,0.03174690210754701,2.2344,16214637.0,16214637.0,12.155738626651914,3.9559167433962266,14880729.0,,0.4774774774774775,111.0
0xa755daaf22d2358ab9bda7c7e5d6ea3be4ab1ea5,0.03327373603761962,0.008892112,0,100.286666,5,1767519143,3.9403060185016634e-05,4.028112280752395e-05,3.9403060185016634e-05,3.9403060185016634e-05,0.0038681681430038973,0.03304366032623132,3.9403060185016634e-05,0.01629673264413619,0.0,11.222561858000002,0.04515235398442405,0.05856251077248852,0.09026530490866308,0.6936910816035319,0.655991081603532,,1,0.9971727016256966,-0.8722754484416172,3.9403060185016634e-05,0.056516745388797814,14.999999,11191060.0,11191060.0,7.832817727508154,26.430237878260872,9762320.0,,0.47761194029850745,67.0
0xb79fadaa593335ee1a1ccb4506c9c89ac3b2d749,0.03327223527963275,0.008881205,0,26.937941000000002,119,1767133637,-0.00017818508930694834,-0.0002962935049740727,-0.00017818508930694834,-0.00017818508930694834,-0.0025778071716829067,0.10625864654608366,-0.00017818508930694834,0.0731342501284103,0.25916175385125506,0.3696610905000002,0.0009688120970085116,0.07235500516219885,0.0021158092833239712,6.228794388781238,6.257555496950349,0.06109999999999999,5,0.9971727016256966,-0.6361531592119335,-0.00017818508930694834,0.0,0.0,9034083.0,9034083.0,8.659689964092427,0.0,7990849.0,0.0,,0.0
0xabc85d1252e809fa290fb0b529acf7b399b7fd71,0.0332699777307079,0.008864796,0,99.496252,12,1767498815,-0.31842669732874906,-0.31943884307875015,-0.31842669732874906,-0.31842669732874906,-1.0582086837438973,0.0,-0.31842669732874906,0.0,0.0,,-0.31842669732874906,0.0,-0.31842669732874906,,,-1.73571909371567,0,0.9971727016256966,,-0.31842669732874906,0.05009587902329595,9.999999,1299703.0,1299703.0,0.9228144889421561,11.339442050847456,-108709.0,,0.25806451612903225,31.0
0x497bb3cbc70207d2dd9f841d2352b6914b9baba5,0.03326375181879776,0.008819537,0,1182.59064,2,1767498927,0.0,0.0,0.0,0.0,0.0,0.08539037908330674,0.0,-0.03198766993523675,0.0,182.59335999999996,0.02707489881252776,0.0029123300647632584,0.05414979762505552,0.8949692277509251,0.8700692277509251,,1,0.9971727016256966,-0.8598931555614355,0.0,0.01664608370177713,15.8,13384079.0,13384079.0,9.502201595428973,93.43846490566038,11975555.0,0.0,0.6509433962264151,194.0
0x3710c639b15caf3b4a50b3dd5a6e1b203f0f2b8d,0.03326006402576357,0.008792725,0,29.388799999999996,7,1766331133,-0.34046052665659915,-0.34087622937534945,-0.34046052665659915,-0.34046052665659915,-0.531896108284018,0.04102493180553313,-0.34046052665659915,0.046125358603699235,0.0,4.7369515717340015e-17,-0.34046052665659915,0.04381732288941352,-0.34046052665659915,-0.053999999999999694,-0.06799999999999969,0.002999955827382645,1,0.9971727016256966,-0.1446650668175866,-0.34046052665659915,0.12185506213999715,9.3,42240640.0,42240640.0,175.4689486146305,115.81153125873763,41999910.0,0.0,0.5973684210526315,371.0
0xe9184d367dc0fd22529e299b275543b4588cd166,0.03325612047501275,0.008764051,0,52.44,5,1766124853,0.0,0.0,0.0,0.0,0.0,-0.05068984766599018,0.0,0.03468984766599018,0.0,-6.106226635438361e-16,-4.478544447537734e-18,0.045689847665990185,-8.957088895075468e-18,-0.7844172579878228,-0.7844172579878228,,1,0.9971727016256966,-0.018273314492844167,0.0,0.009290288282162483,19.84,1440135.0,1440135.0,41.80362844702467,33.777880031446536,1405685.0,,0.2488479262672811,217.0
0xdeac294966afa5e30253008cbda299142df795c6,0.03325612047501275,0.008764051,0,162.47000000000003,6,1766127457,0.0,0.0,0.0,0.0,0.0,-0.050689847665990176,0.0,0.03468984766599018,0.0,0.703333333333334,0.0012651821875012985,0.045689847665990185,0.002530364375002597,-0.7844172579878229,-0.7844172579878229,,1,0.9971727016256966,-0.019868263575748443,0.0,0.00974139601584051,19.86,1440217.0,1440217.0,38.868057429697195,37.81878079124579,1403163.0,,0.26570048309178745,207.0
0xc666fcdf85d847bb980ec5e9458b4edb25637130,0.03325612047501275,0.008764051,0,15.96,2,1766124555,0.0,0.0,0.0,0.0,0.0,-0.050689847665990176,0.0,0.03468984766599018,0.0,0.0,0.0,0.04068984766599018,0.0,-0.7844172579878228,-0.7844172579878228,,1,0.9971727016256966,-0.018090789597795982,0.0,0.018802584372666298,14.899999999999999,1426823.0,1426823.0,41.77860740220192,32.34534958598726,1392671.0,,0.28695652173913044,115.0
0x2a10d11f982ac8488cfb50f2b3408fdb0155e442,0.03324893066742269,0.008711764,0,42.349999999999994,2,1766124753,0.0,0.0,0.0,0.0,0.0,-0.07008775146349511,0.0,0.012029250487831702,0.0,-0.5500000000000036,-0.0012651821875013054,0.0180292504878317,-0.002530364375002611,-0.7971115185376042,-0.7971115185376042,,1,0.9971727016256966,-0.018212064528062896,0.0,0.01345531955125353,17.86,1431453.0,1431453.0,41.672576419213975,34.91380200828158,1397103.0,,0.2620320855614973,187.0
0x477d1ff1b2a3b61c67803e024b3c0140f81955a9,0.03324453515261911,0.008679792,0,117.02101699999999,15,1766145158,-0.07226257324512972,-0.10206302936615452,-0.07263398737544313,-0.07151974620274143,-0.49339088017867955,-0.06112292142177114,-0.07114833085418948,-0.07310604528685116,0.0,0.4037288911111108,-0.06866769790633011,-0.07138049020539691,-0.06432999430690367,-0.8243331814814573,-0.8473331814814573,0.0,3,0.9971727016256966,-0.050795820792403044,-0.07263398737544313,0.0,0.0,3717195.0,3717195.0,67.88777280613643,0.0,3662440.0,0.0,,0.0
0x38cf62d2fee064fc6316775a4bde92d4a0f17148,0.03324301671839317,0.008668747,0,66.0,3,1767545257,0.0,0.0,0.0,0.0,0.0,0.0,0.0,0.0,0.0,1.0000000000000009,0.0012651821875012985,0.0,0.002530364375002597,,,-1.716018758495246,1,0.9971727016256966,-0.9311942395633123,0.0,0.21688193709920295,6.0025,2504574.0,2504574.0,1.7215294455663592,8.576183588235295,1049720.0,0.0,0.35714285714285715,14.0
0xc6cba81c4ae72ee220f008e4b097aa1f1453bbf0,0.033234905880488864,0.008609738,0,161.949728,5,1767433679,-0.10637288056216648,-0.17236471786015908,-0.06527407674053926,-0.13147136678993815,-0.4742136115619789,0.0,-0.17209954137114353,0.0,0.0,3.5499862000000038,-0.11072411693964952,0.0,-0.09311417786783234,,,-0.6650084075352508,1,0.9971727016256966,-0.82242165210755,-0.11735346828681659,0.07418869562550248,12.42,4506024.0,4506024.0,3.3545034676417953,249.4985222851711,3162748.0,,0.75,42.0
0xe20129b7774cdcf2d96df0afdcd7324ee3eaf3ee,0.03323475138860031,0.008608614,0,1467.3130000000003,24,1767569137,-1.0909133124550265e-06,-1.625053440533493e-06,-1.0909133124550265e-06,-1.0909133124550265e-06,-0.0007684269289115482,0.0,-1.0909133124550265e-06,0.0,0.0,-41.17566,-0.027959021811362804,0.0,-0.05591695270941315,,,-1.6644373282523868,1,0.9971727016256966,-0.918751921717645,-1.0909133124550265e-06,0.24134801777674322,43.542,155261082.0,155261082.0,104.995950590167,137.04139633333335,153782348.0,,0.3181818181818182,22.0
0xfcf2378f20cf408d077c21e731272f21cccea469,0.03323327370296511,0.008597862,0,1294.8545199999999,18,1767524753,0.035487845843771,0.035592349994946246,0.035487845843771,0.035487845843771,0.1560837518030567,0.03431711363601148,0.035487845843771,0.00639422989159738,0.0,-8.71930666666667,0.030053663221892103,0.011867076215686482,0.024619480600013205,0.6352515689136589,0.5716515689136589,-1.6182144958091351,1,0.9971727016256966,-0.9178319472466303,0.035487845843771,0.0,0.0,19023404.0,19023404.0,13.26273503677624,0.0,17589054.0,,,0.0
0x90ec32ca6efae3f3927dc1581f270cb10b4c62aa,0.0332326080291946,0.008593018,0,68.06797900000001,5,1766963135,-2.0615518718358383e-07,1.4070909601419215e-06,-2.0615518718358383e-07,-2.0615518718358383e-07,0.0011067049183266385,-0.03550014162654407,-2.0615518718358383e-07,0.004500007274333565,0.0,-18.56394031333333,-0.015941476232828464,0.003000004849555901,-0.031882746310469744,-0.9300000000000007,-0.9270000000000007,,1,0.9971727016256966,-0.531720744260572,-2.0615518718358383e-07,0.047229184474700925,18.36,4130367.0,4130367.0,4.732686552114509,42.94571644816327,3257635.0,,0.36182336182336183,351.0
0xb7f087c1615fcbb96f426b55857aa2a34ec6669d,0.03322222283105315,0.008517438,0,143.133,5,1766958939,0.0,0.0,0.0,0.0,0.0,-0.03550008424000301,0.0,0.004500000000000432,0.0,-13.79566666666667,-0.007945689710791532,0.0030000000000004424,-0.015891379421583064,-0.9540000000000001,-0.9510000000000001,,1,0.9971727016256966,-0.5291506957383499,0.0,0.03833436155138293,17.85,4127903.0,4127903.0,4.752713762008714,55.457493097651415,3259367.0,,0.33185840707964603,226.0
0x54b56146656e7eef9da02b3a030c18e06e924b31,0.03322202425367083,0.008515992,0,5579.107284,25,1767585361,0.038803271248878266,0.039401834365538076,0.038803271248878266,0.038984750557084766,0.20034576068343135,0.137886131671389,0.038984750557084766,-0.05523220237239774,0.0,-3.6965133333333284,0.03661315126278357,-0.006911474491083914,0.0362277140146263,0.2589014660450034,0.1911127931344749,,2,0.9971727016256966,-0.9128339501204786,0.038803271248878266,0.0,0.0,29574017.0,29574017.0,19.78250693330515,0.0,28079059.0,,,0.0
0xa45717eeb606d82f1ac7aeaf7e85458c34131a93,0.033219031913181374,0.00849421,0,263.76,4,1766962851,0.0,0.0,0.0,0.0,0.0,-0.035500084240002894,0.0,0.004500000000000546,0.0,7.919590908992783e-15,3.1909953345079222e-18,0.0030000000000005578,6.3819906690158444e-18,-0.9300000000000006,-0.9270000000000006,,1,0.9971727016256966,-0.5315467943605933,0.0,0.01676717599974356,17.490000000000002,4122918.0,4122918.0,4.725689095510563,40.232102932489454,3250470.0,,0.313953488372093,172.0
0x66c1a6fe836ff555ca32848646acedbbe93bfa3f,0.033218538204574405,0.008490616,0,905.479723,3,1767557559,3.000963076143771e-06,3.086069384231412e-06,3.000963076143771e-06,3.000963076143771e-06,0.0011051284166810674,0.12331252199094019,3.000963076143771e-06,0.08157251402221867,0.0,214.51264959805405,0.04798239933555084,0.10871781946966992,0.09596179770802554,0.8531067390902516,0.7595067430222044,,1,0.9971727016256966,-0.8958052349119899,3.000963076143771e-06,0.0,0.0,38357966.0,38357966.0,26.144435901840023,0.0,36890810.0,0.0,,0.0
0xf666317af1bbbb8bd1e62a98f0cec3261b868842,0.03321383150489618,0.008456351,0,540.0,4,1766962755,0.0,0.0,0.0,0.0,0.0,0.0,0.0,0.0,0.0,34.29000000000001,0.016067813781266482,0.0,0.032135627562532965,,,0.08832430616062314,1,0.9971727016256966,-0.7361559767103134,0.0,0.011308296444681846,21.24,2278859.0,2278859.0,2.612315900003668,42.5848261294964,1406507.0,,0.40487804878048783,205.0
0xa3e22cd32aa9238ef7dbcfb4761e33b9eaa1fdf8,0.033213302821773816,0.008452502,0,237.89300000000003,3,1766201586,-0.3544008367067779,-0.35476707365579135,-0.3544008367067779,-0.3544008367067779,-0.7189431778997238,-0.2805433108139022,-0.3544008367067779,-0.04472705192078299,0.0,-34.337999999999994,-0.382982301150475,-0.037388237701177975,-0.41156376559417207,-0.8181700177838832,-0.8381700177838832,-0.6609178274983982,1,0.9971727016256966,-0.06527224996845626,-0.3544008367067779,0.0,0.0,42526983.0,42526983.0,382.4953724939964,0.0,42415800.0,0.0,,0.0
0x1e55408f217f58facdf1d663c74cfa7f55e9e3e2,0.0332096470334468,0.008425884,0,9013.864407,92,1767449937,-0.02567643374939261,-0.025765279540913,-0.020346009375047606,-0.02567643374939261,-0.14989958072686665,0.1495179990870587,-0.02567643374939261,0.14334405333398406,0.0,-1.8183463974999998,-0.01878863560507019,0.14547128748686527,-0.027892110583782777,4.487907348293042,4.491307338213041,-1.6075870756522361,3,0.9971727016256966,-0.8298867978150912,-0.017680797187875106,0.0,0.0,10449629.0,10449629.0,7.686184383766791,0.0,9090095.0,0.0,,0.0
0x6422a5580ff9629d4c97a444f41bb932d978a346,0.033207759877291514,0.008412142,0,9.999996,2,1767700669,0.003036575157731901,0.00404872090773294,0.003036575157731901,0.003036575157731901,0.005725756017979431,-0.06475533512748305,0.003036575157731901,-0.09348175825901783,0.0,,0.0,-0.026781758259017845,0.0,-0.02028175825901784,-0.09348175825901783,,1,0.9971727016256966,-0.9834600595104658,0.003036575157731901,0.09705164325107507,0.999999,2303075.0,2303075.0,1.4302450651010454,2.250507927631579,692809.0,0.0,0.5096153846153846,91.0
0x0054ee7dfb882d2d016fa13ef5f5cdb3b0ebcf1f,0.033201886502756774,0.008369369,0,199.6,1,1767720557,0.0010121457500010388,0.0020242915000020776,0.0010121457500010388,0.0010121457500010388,0.0020242915000020776,-0.030896992482460535,0.0010121457500010388,-0.09569699248246055,0.0,,0.0,0.0002030075175394841,0.0,-0.02329699248246054,-0.09569699248246055,,1,0.9971727016256966,-0.9956414525061648,0.0010121457500010388,0.01949102241381595,11.3745,27840796.0,27840796.0,17.078629381027806,53.32518303017833,26210642.0,0.0,0.8342857142857143,168.0
0x2feac06dd5e466d9d6838dd231587834e03c3bde,0.033199535106681895,0.008352243,0,66.941569,5,1767485557,6.297942496432081e-06,9.547997262857653e-06,6.297942496432081e-06,6.297942496432081e-06,0.0019721900240963113,0.04308962857320092,6.297942496432081e-06,-0.041597190554974905,0.0,8.885549511978061,0.03359331759754959,-0.023696783097578278,0.06718033725260275,0.839537138986265,0.817537138986265,,1,0.9971727016256966,-0.8517040352701797,6.297942496432081e-06,0.05009982062953686,9.999987,2413818.0,2413818.0,1.7301444858417063,23.11784682195846,1018664.0,,0.5989304812834224,186.0
0xd898f49be0be7da86b757ed160f9e497f9adaaf1,0.033198452232203426,0.008344356,0,100.28916,11,1767483691,0.0048568490726562516,0.005194230989323263,0.0048568490726562516,0.0048568490726562516,0.023035496621765714,-0.028465737544355288,0.0048568490726562516,-0.09523668696935585,0.0,8.6815,0.029149891615691377,-0.06146710234324795,0.058299783231382754,0.1331399509492725,0.07201772724118079,,2,0.9971727016256966,-0.8505611109273612,0.0048568490726562516,0.04346931843591753,1.056916,8942909.0,8942909.0,6.418564575306756,4.920955267924528,7549621.0,,0.421875,61.0
0x5cfd881133ff44d1f7b81ea8a819a30dfc39ca1b,0.0331966275718886,0.008331065,0,1560.923839,8,1767452523,-0.7050085804903977,-0.7060207262403987,-0.7050085804903977,-0.7050085804903977,-1.5313796246191957,0.0,-0.7050085804903977,0.0,0.0,,-0.7050085804903977,0.0,-0.7050085804903977,,,-1.197437449425025,0,0.9971727016256966,,-0.7050085804903977,0.011073451262734828,99.999999,19072590.0,19072590.0,14.002136375649723,240.88940415151512,17710470.0,,0.6303030303030303,330.0
0xe2b1dd1bcf1dfcd3a12011d3cc0947007a5ee5ec,0.0331943854602457,0.008314732,0,244.467268,7,1767480805,5.002315326179707e-06,5.1462668463575415e-06,5.002315326179707e-06,5.002315326179707e-06,0.0012205362859976105,-0.0846706390519167,5.002315326179707e-06,-0.12799663132416172,0.0,22.206768752000002,0.03483652820537026,-0.11474639576549313,0.06966805409541435,0.41251164050802347,0.40205205003581285,,1,0.9971727016256966,-0.8487934369437737,5.002315326179707e-06,0.1423378943494755,59.2684495,5729640.0,5729640.0,4.120851379672929,104.08528471052631,4339238.0,,0.4,10.0
0x2b366034b69b64a444406b2db7ec1ff7869c473b,0.03319349898623826,0.008308275,0,1185.9334649999996,71,1767338333,-0.0015873808399883024,-0.0015945154746135925,-0.0015873808399883024,-0.0015873808399883024,-0.03797756511385437,0.0,-0.0015873808399883024,0.0,0.0,-11.293091678499998,-0.06090741058095524,0.0,-0.12022744032192217,,,-0.7374311268722622,3,0.9971727016256966,-0.813409332289634,-0.0015873808399883024,0.0,0.0,1279547.0,1279547.0,1.0253355556802064,0.0,31617.0,0.0,,0.0
0x60b8f673ae6baeba664b21c0d01e5c484493d47d,0.03319268770485286,0.0083023645,0,33.065000000000005,3,1767475669,-0.12112010808345752,-0.12145749000012453,-0.12112010808345752,-0.12112010808345752,-0.21037054364000451,0.009900468144609773,-0.12112010808345752,-0.11549344188539826,0.0,-0.4250000000000004,-0.12322874506262635,-0.10439344188539824,-0.12533738204179518,0.6073053816179806,0.5534053816179807,-1.564537038218662,1,0.9971727016256966,-0.8456476387526077,-0.12112010808345752,0.0,0.0,1295578.0,1295578.0,0.9352557559342394,0.0,-89688.0,0.0,,0.0
0xfe72819b4875b35a2c9a5fac98cfdcba76accb10,0.03318851513695316,0.008271965,0,9656.282514999997,78,1767477361,-0.0015985459807137414,-0.0018620190711116998,-0.0015985459807137414,-0.0015985459807137414,-0.012345482522554223,-0.006953894645617053,-0.0015985459807137414,-0.038369926145738156,0.022938732965987457,-74.05203123693181,-0.022204555291775382,-0.035555397139186554,-0.04281056460283702,0.5884140253218927,0.56998247742484,-1.712793807128027,2,0.9971727016256966,-0.8466839881567068,-0.0015985459807137414,0.029955925722566636,14.899999000000001,11310542.0,11310542.0,8.154927546472207,304.02592921407404,9923584.0,,0.6197183098591549,142.0
0x5b7620be37f3ea8f4b1c3ebf34bf72dfea8ebf1d,0.0331861902184794,0.008255025,0,199.712,7,1767543511,0.018170426083351964,0.018218623500018682,0.018170426083351964,0.018170426083351964,0.08348822124673692,0.013358685997539164,0.018170426083351964,0.0004319560354945655,0.0,-2.9046666666666674,0.01292052247292991,0.0029319560354945655,0.007670618862507859,0.7663210601348356,0.7103210601348355,-1.5915864265314146,1,0.9971727016256966,-0.8878402894918336,0.018170426083351964,0.0743544713839464,16.76315,2712522.0,2712522.0,1.8667036448770498,30.177642873584904,1259414.0,,0.6305732484076433,156.0
0xe187ae4d82646c95f109795209dd42e1e020fe05,0.03317891929674692,0.008202041,0,200.2,2,1767720463,0.0,0.0010121457500010388,0.0,0.0,0.0014313902467497572,-0.03231935917183826,0.0,-0.0968,0.0,,0.0,-0.0005000000000000004,0.0,-0.0244,-0.0968,,1,0.9971727016256966,-0.9955838775392705,0.0,0.021156305547354357,28.905,6139074.0,6139074.0,3.766164435664945,62.33821673664123,4509014.0,,0.7931034482758621,87.0
0x80df0ed34b81a711a66c246e426659b9353282c8,0.033173326953385984,0.00816128,0,167.88516099999998,3,1767516493,4.574076213433475e-06,4.603026062885585e-06,4.574076213433475e-06,4.574076213433475e-06,0.0012171855975193686,-0.010033911626455283,4.574076213433475e-06,-0.04836389561756603,0.0,31.49684951999999,0.0398572424250037,-0.017523001783248678,0.07970991077379397,0.5295370492448515,0.5026370489605329,,1,0.9971727016256966,-0.8706523243749135,4.574076213433475e-06,0.005178617716438868,7.54275,6979484.0,6979484.0,4.894139921042852,14.813117434673368,5553394.0,,0.6313193588162762,741.0
0x69891b1481e34384a0d564e5976b50270304b412,0.03317161209595885,0.00814878,0,2216.5042,6,1767692917,-0.3022840491528232,-0.3032961949028242,-0.3022840491528232,-0.3022840491528232,-0.6335484680511635,0.0,-0.3022840491528232,0.0,0.0,,-0.3022840491528232,0.0,-0.3022840491528232,,,-1.805276027390615,0,0.9971727016256966,,-0.3022840491528232,0.2198175522423873,19.79459,9368541.0,9368541.0,5.846152358107324,510.21770325944334,7766027.0,,0.35185185185185186,49.0
0x8b881cf08d3a53d3711d7ea85783b94738e55f5e,0.033169748489763166,0.008135195,0,126.28428500000001,5,1767688307,-0.3215997665995709,-0.322611912349572,-0.3215997665995709,-0.3215997665995709,-0.6821513675372933,0.0,-0.3215997665995709,0.0,0.0,,-0.3215997665995709,0.0,-0.3215997665995709,,,-1.7723853112170107,0,0.9971727016256966,,-0.3215997665995709,0.14478446060882408,42.905586,46668370.0,46668370.0,29.205991098338824,556.7033912701613,45070466.0,0.0,0.7669172932330827,132.0
0xf4165309a3b551ebb1a12edb0a0510bf62be6ec9,0.033166546215706534,0.008111849,0,19.5304,6,1766837033,-0.33025350481211607,-0.3305908424064083,-0.33025350481211607,-0.33025350481211607,-0.6925761177256343,-0.05171609579549082,-0.33025350481211607,-0.025412178178264248,0.0,-4.3264000000000005,-0.3410397979335144,-0.02638268523384096,-0.35182609105491275,-0.7999999999999998,-0.7895000039060002,-0.6299398967521186,2,0.9971727016256966,-0.45448331367209466,-0.33025350481211607,0.0,0.0,2757778.0,2757778.0,3.6936340623869923,0.0,2011148.0,0.0,,0.0
0x0b13ffcfaa14fdf81196a961e1c5750b697a5957,0.03316593433390767,0.008107388,0,319.19573,6,1767570433,-0.0030362439869719322,-0.0033736044299688137,-0.0030362439869719322,-0.0030362439869719322,-0.005843440241824683,0.011025720137409647,-0.0030362439869719322,-0.007912078415301439,0.0,18.872274814999997,0.023453450366083015,0.014175690390448028,0.049943144719137966,0.5289162858776593,0.4720912858618602,,2,0.9971727016256966,-0.9036905553779306,-0.0030362439869719322,0.0,0.0,2615966.0,2615966.0,1.7675087667141882,0.0,1135936.0,,,0.0
0xda3d62964f0819882dab16c71473d8925ed8218e,0.033165141586352115,0.008101609,0,706.7969400000001,6,1767468723,0.0006747603729844938,0.0010121405594767407,0.0006747603729844938,0.0006747603729844938,0.001753083368535042,0.0,0.0006747603729844938,0.0,0.0,-347.54850749999997,-0.04509897432487758,0.0,-0.09019794864975517,,,-1.246781189419328,1,0.9971727016256966,-0.9814118606881801,0.0006747603729844938,0.1329941604525054,90.824,49456680.0,49456680.0,35.88185617273202,423.5206332551724,48078360.0,0.0,0.6111111111111112,18.0
0x3e5630959499c5b5e55aceeeeae7446933d335d5,0.033164927754582754,0.00810005,0,3.761276,4,1767425189,-8.265115873462606e-05,0.0005104969031125408,-8.265115873462606e-05,-8.265115873462606e-05,0.01473136509253923,-0.0068965449363048775,-8.265115873462606e-05,0.14356996671742098,0.0,-0.11695912211101679,-0.008675494063930447,0.1418679302645323,-0.017268336969126268,0.893678240873052,0.9025782307930504,,1,0.9971727016256966,-0.8147286565310224,-8.265115873462606e-05,0.0,0.0,41396119.0,41396119.0,31.01330025936742,0.0,40061333.0,0.0,,0.0
0x93765bdff91af3029e10ceb0a128b64f90d445ec,0.03316217667343349,0.008079991,0,2.1052619999999997,3,1767485655,-0.47975686915421883,-0.4807690149042199,-0.47975686915421883,-0.47975686915421883,-0.817476611703991,0.0,-0.47975686915421883,0.0,0.0,,-0.47975686915421883,0.0,-0.47975686915421883,,,-1.4213315731875569,0,0.9971727016256966,,-0.47975686915421883,0.018633934751784154,39.999997,2076133.0,2076133.0,1.4879985837683802,55.3537755971223,680881.0,,0.7604166666666666,96.0
0x17819754e4a46ae0e1501a179ed64931c26ff7d2,0.03316201165133598,0.0080787875,0,501.504333,2,1767698469,0.002024291502020256,0.003036437252021295,0.002024291502020256,0.002024291502020256,0.004294170743103407,-0.07359096610787082,0.002024291502020256,-0.09459096612926662,0.0,,0.0,-0.028590966129266607,0.0,-0.01949095304926258,-0.09459096612926662,,1,0.9971727016256966,-0.9821125602852778,0.002024291502020256,0.10861046759429584,39.999999,2825782.0,2825782.0,1.7572549882902817,76.2522733941606,1217716.0,,0.5,24.0
0x481d719eff8c100cd7dafc436ca1afda3767ab3a,0.03315868123554259,0.008054502,0,292.999996,3,1767448183,-0.6703974900564764,-0.6714096358064774,-0.6703974900564764,-0.6703974900564764,-1.152779142060754,0.0,-0.6703974900564764,0.0,0.0,,-0.6703974900564764,0.0,-0.6703974900564764,,,-0.628765460786661,0,0.9971727016256966,,-0.6703974900564764,0.07154823883276265,99.999999,5533061.0,5533061.0,4.075079173356508,178.7910739509804,4175281.0,,0.5833333333333334,36.0
0x8da4d0b535b1eb694f79de7ded3aaf48b3d068b8,0.03315628222337229,0.008037007,0,436.40000000000003,6,1767276317,-0.979149798551004,-0.9801619443010052,-0.979149798551004,-0.979149798551004,-2.298190553141742,0.0,-0.979149798551004,0.0,0.0,,-0.979149798551004,0.0,-0.979149798551004,,,-0.6221069720462402,0,0.9971727016256966,,-0.979149798551004,0.09061433228931591,143.6457,6786494.0,6786494.0,5.722585280214248,388.3875785969925,5600580.0,,0.7857142857142857,28.0
0x5f39d698c8b1f2efadb1042a3c6085e82ae3d603,0.03315189840900787,0.008005035,0,142.74777999999998,13,1767555647,-0.0011048596085036727,-0.0013374616313465509,-0.0011048596085036727,-0.0011048596085036727,-0.005579896095538692,0.0798764687814872,-0.0011048596085036727,0.052349011908256166,0.29088999977887425,3.090717142857143,0.030473638234406252,0.07344606906898307,0.06205213607731618,0.849323423253369,0.7702434217274485,-0.10490000000000016,2,0.9971727016256966,-0.8946341355853721,-0.0011048596085036727,0.0,0.0,4267210.0,4267210.0,2.912286281329253,0.0,2801966.0,,,0.0
0x4e14d4d80215352a1f2ddb21aae90ba36ad786f0,0.033147935708051246,0.007976131,0,158.60000000000002,3,1767558209,-0.11336032400011627,-0.11369770591678327,-0.11336032400011627,-0.11336032400011627,-0.19693020335189318,0.10926572876949815,-0.11336032400011627,0.07839967684230853,0.0,7.700000000000006,-0.10686572210427626,0.1016996750459684,-0.10037112020843628,0.9530692277509251,0.8660692277509251,-1.7250908269134642,1,0.9971727016256966,-0.8962033596830682,-0.11336032400011627,0.0752041566235587,19.806,2331638.0,2331638.0,1.5885191912282686,39.46699998387097,863832.0,,0.625,48.0
0xe85607bf3eddcc3f7cff16671695f5e96bba3789,0.03314770040674648,0.007974414,0,5.9695339999999995,4,1767476021,0.0005285981456643522,0.0005350641764000914,0.0005285981456643522,0.0005285981456643522,0.013388703264160104,0.010599821857920966,0.0005285981456643522,-0.19715438544084163,0.0,0.974460245215475,0.04183399131956253,-0.18042771674492528,0.0831393844934607,0.593880043620806,0.5401800436208062,,1,0.9971727016256966,-0.8458632386286378,0.0005285981456643522,0.018760793454182446,2.999995,19040877.0,19040877.0,13.741793914340027,5.922325307001795,17655259.0,,0.5630841121495327,422.0
0x09d600cfc7437488da4892884c51843f244e0fda,0.03314571911372385,0.007959961,0,297.054244,7,1766977177,2.4887667234343215e-06,-1.6692976092441387e-05,2.4887667234343215e-06,2.4887667234343215e-06,-0.0038118661222394466,0.0,2.4887667234343215e-06,0.0,0.0,5.181085830000004,0.016323024588853523,0.0,0.03264356041098362,,,0.14670272633491038,1,0.9971727016256966,-0.7611386123452979,2.4887667234343215e-06,0.03268511529757029,19.9999995,19243553.0,19243553.0,21.700628344989816,171.741285105919,18356779.0,,0.35714285714285715,140.0
0xcd3638fea0107fe3355544251f96a10980daa8ac,0.03314565987713413,0.007959529,0,15520.023642,22,1767486761,0.03070155308363612,0.030999626414545213,0.03070155308363612,0.03070155308363612,0.0807418126668108,0.060887170192812055,0.03070155308363612,-0.12495855931798848,0.0,59.57800880266672,0.034249228400969764,-0.0804897568107907,0.037796903718303416,0.6027647307869868,0.5600834815996876,,2,0.9971727016256966,-0.8524414848461462,0.03070155308363612,0.0,0.0,5383402.0,5383402.0,3.8553164732826395,0.0,3987044.0,,,0.0
0xed7be537fcf62072e1419376fa0e2850e9d8cb10,0.033140546383031315,0.007922223,0,1180.438857,18,1767498927,-0.002185403014398288,-0.0024320499847633515,-0.002185403014398288,-0.002185403014398288,-0.005954963111602902,0.022001691042052133,-0.002185403014398288,-0.02940288593038665,0.4226695992002353,27.219958124571434,0.029118016613256508,-0.005521530673651661,0.0604214362409113,0.6104622362610691,0.571712071947732,0.02390000000000088,2,0.9971727016256966,-0.8598931555614355,-0.002185403014398288,0.1514239819071988,3.075,36677210.0,36677210.0,26.039464006293112,12.831327496855348,35268686.0,0.0,0.41237113402061853,97.0
0xbdafb97c5d96b6be3f6894876e491651a80cf63c,0.03313204838620479,0.007860213,0,554.0,4,1766963925,0.0,0.0,0.0,0.0,0.0,0.0,0.0,0.0,0.0,32.40900000000001,0.014802631593765186,0.0,0.029605263187530373,,,0.07323216735123611,1,0.9971727016256966,-0.7361474017152441,0.0,0.022831223818935757,34.105000000000004,4133071.0,4133071.0,4.731501896918452,74.78777079753915,3259549.0,,0.4007936507936508,252.0
0x00dcc064f44f8c686bcbd7988de2cd3e0129d521,0.03313195458980491,0.007859528,0,144.0,2,1767433651,0.0,0.0,0.0,0.0,0.0,0.0,0.0,0.0,0.0,22.599999999999998,0.028593117437529316,0.0,0.05718623487505863,,,-0.6416471682356594,1,0.9971727016256966,-0.829112598260256,0.0,0.0675628553793104,16.94,6872844.0,6872844.0,5.116586066013126,44.609513383333336,5529596.0,,0.43859649122807015,57.0
0xe0a2f29b1fadb2259111bbeca392d3805ec4a349,0.033131775803091706,0.007858223,0,882.85,12,1766201586,-0.002055062489144337,-0.040559094259904054,-0.002055062489144337,-0.002055062489144337,-0.22006144165562658,0.0,-0.002055062489144337,0.0,0.0,36.55666666666667,0.018032165958668522,0.0,0.03811939440648138,,,0.33003125176134435,2,0.9971727016256966,-0.12041988075856856,-0.002055062489144337,0.0,0.0,37840914.0,37840914.0,340.34802083052267,0.0,37729731.0,0.0,,0.0
0x0974d7a915229cb770fb43ac46f360dcf964003d,0.03312765107843369,0.007828119,0,1712.3953099999999,51,1767445003,-0.02316016847020993,-0.023372557501715015,-0.02316016847020993,-0.02316016847020993,-0.1145216291064068,0.1839252433827896,-0.02316016847020993,0.1137442172889758,0.26324604627560916,4.594168133821632,-0.012947928650373175,0.12539931439262494,-0.002735688830536421,1.6451671744417147,1.6259742147540055,-1.422130498450573,4,0.9971727016256966,-0.8268647245527834,-0.02316016847020993,0.0,0.0,26859574.0,26859574.0,19.828417244943157,0.0,25504974.0,,,0.0
0x69bc24c9de2a28bc60ade389b6d66c785c71577d,0.03312505640810691,0.0078091803,0,272.261016,4,1767593787,-0.34797949084204916,-0.3489916365920501,-0.34797949084204916,-0.34797949084204916,-0.6163492827744425,0.0,-0.34797949084204916,0.0,0.0,,-0.34797949084204916,0.0,-0.34797949084204916,,,-1.7083841811726108,0,0.9971727016256966,,-0.34797949084204916,0.02686953947924218,99.999999,45831658.0,45831658.0,30.485663010914045,561.5460824222354,44328274.0,0.0,0.5213358070500927,530.0
0x5de5adab2946d50e9abb2e86ccdd7b64936f752e,0.033121396222222425,0.0077824616,0,3.3812499999999996,4,1766094879,3.239435276441935e-05,-0.0006316898789061763,3.239435276441935e-05,3.239435276441935e-05,-0.022331648763084515,0.0,3.239435276441935e-05,0.0,0.0,0.051200000000000065,0.005089073808674062,0.0,0.010145753264583706,,,0.058065488930492154,1,0.9971727016256966,-0.1471407903940455,3.239435276441935e-05,0.057437820237989344,0.999999,1642106.0,1642106.0,366.86907953529936,1.0893815937500002,1637630.0,,0.6666666666666666,21.0
0xe154165732b79548f7533fc45168b102dd7a0b7f,0.03311752933212164,0.007754231,0,0.061208,3,1767257499,-0.3301242147302105,-0.33046142026108904,-0.3301242147302105,-0.3301242147302105,-0.5725256497445654,0.041344138021173774,-0.3301242147302105,0.09935929943798195,0.0,0.0,-0.3301242147302105,0.08535563978564895,-0.3301242147302105,5.733763567689351,5.769763567689351,,1,0.9971727016256966,-0.7120185905893104,-0.3301242147302105,0.0,0.0,18914369.0,18914369.0,16.206352348050203,0.0,17747273.0,0.0,,0.0
0xcbc90a49707a97ea865d6f7737ce2a3dfdd71ec7,0.03311516419029808,0.0077369623,0,90.809196,4,1767559359,8.480341559051233e-06,1.9719346715196364e-05,8.480341559051233e-06,8.480341559051233e-06,0.0027756292541407696,0.11965718541010682,8.480341559051233e-06,0.07730679253578754,0.0,5.406620831916012,0.021009447842964827,0.10535820831326566,0.042010415344370604,0.8329178997098867,0.7428178415004872,,1,0.9971727016256966,-0.8969077342780528,8.480341559051233e-06,0.025003903192092967,21.4999995,13068904.0,13068904.0,8.896729377871086,61.84593222777778,11599948.0,,0.3881578947368421,152.0
0xa4e7ef9182c84bf67e6811d5b8b6160d48d4723e,0.03311404028851079,0.007728756,0,25.972709,4,1767479673,8.418256291687314e-07,-3.346242094587562e-05,8.418256291687314e-07,8.418256291687314e-07,-0.0032818123384261706,0.0,8.418256291687314e-07,0.0,0.0,0.12576054188731306,0.0010128867086617774,0.0,0.0020249315916943864,,,-1.6723408692447854,1,0.9971727016256966,-0.9009955569275547,8.418256291687314e-07,0.2038544261154163,3.0,22845431.0,22845431.0,16.44419803206,11.948273056338028,21456161.0,,0.21951219512195122,163.0
0x24bb756aae01af22640d27869b1b278cc3f834f7,0.03310504619232768,0.0076630744,0,6.0,1,1767705989,-0.005060728750005194,-0.006072874500006232,-0.005060728750005194,-0.005060728750005194,-0.006072874500006232,0.0,-0.005060728750005194,0.0,1.0,,-0.005060728750005194,0.0,-0.005060728750005194,,,0.05419999999999994,0,0.9971727016256966,,-0.005060728750005194,0.013759984802193318,8.8458,7321254.0,7321254.0,4.531639912700407,17.093985914878893,5705668.0,,0.827930174563591,401.0
0xbb38bbc7019489fa5b272eb7e5e430592236ae5f,0.03309681431094984,0.007602944,0,18.63,2,1766138634,0.0008206587162170585,-0.04923952297302346,0.0008206587162170585,0.0008206587162170585,-0.17292352166647107,0.0,0.0008206587162170585,0.0,0.0,0.17000000000000015,0.001983258564191225,0.0,0.003145858412165391,,,0.4178143818252499,1,0.9971727016256966,-0.027005721971709865,0.0008206587162170585,0.053215314775638276,7.0557745,43000275.0,43000275.0,891.5484854139454,63.933940554006966,42952044.0,0.0,0.379746835443038,79.0
0x2f4aae7899ebb471eed4cdb709aa05d9e1d7102c,0.033095318773733035,0.007592018,0,92.299418,7,1767530269,1.3397024724338446e-07,2.619118333608018e-05,1.3397024724338446e-07,1.3397024724338446e-07,0.0032194928647746096,0.17642862825445566,1.3397024724338446e-07,0.10956978861898328,0.0,0.09286963533333221,0.00039439313896693685,0.1564860888557759,0.0007886523076866303,0.8507643506673013,0.7638577718962714,,1,0.9971727016256966,-0.8790901195231813,1.3397024724338446e-07,0.1036322486891634,7.09756,5232906.0,5232906.0,3.634300691869938,29.825092735135133,3793040.0,,0.3673469387755102,49.0
0x93392310b9c9ba5c60d64cc7bc46cd878116a56f,0.03309451350659279,0.007586135,0,767.9763389999998,20,1767661021,-0.0003461202440291055,-0.00035104874056203684,0.0003356551096946022,-0.0003461202440291055,-0.008713494208501331,0.0,-0.0003461202440291055,0.0,0.0,-3.7559119278712436,-0.006295652475505045,0.0,-0.012245184706980985,,,-1.7009999999999996,1,0.9971727016256966,-0.9663504943484658,-0.0003461202440291055,0.02031601051063259,34.65,3475910.0,3475910.0,2.21308427638038,93.77641047064058,1905292.0,,0.9427083333333334,570.0
0x524febd8c0796f9577c41454e9e9b00afeb3e8be,0.0330915833072187,0.0075647263,0,20.719998,3,1767509737,-0.281570361963676,-0.282582507713677,-0.281570361963676,-0.281570361963676,-0.46705824669114376,0.0,-0.281570361963676,0.0,0.0,,-0.281570361963676,0.0,-0.281570361963676,,,-1.8525354110484549,0,0.9971727016256966,,-0.281570361963676,0.15243545711622927,2.0,1397046.0,1397046.0,0.9842968603584498,3.834999625,-22288.0,,0.07142857142857142,14.0
0x49f75ec0960f17daa380f716d4c4006dc191046b,0.03309010871025436,0.007553952,0,1498.02448,51,1767450349,-0.18663389663862248,-0.18730492523917,-0.18663389663862248,-0.18663389663862248,-1.3314263231615997,0.09190935397652784,-0.18663389663862248,0.09235871840142484,0.0,15.161377142857138,-0.17909167991584557,0.09709594043154363,-0.17154946319306866,3.387191375921159,3.3905913658411575,-1.841550094247172,3,0.9971727016256966,-0.8301391476699901,-0.18663389663862248,0.00487635721167772,44.08,31973945.0,31973945.0,23.511187208903884,51.98353046240906,30613999.0,0.0,0.479933110367893,595.0
0x4044798f1d60d92369c86cf5b6f1e497e2818de5,0.03308930222726496,0.007548059,0,44.90024,3,1767673429,-0.2611336035002677,-0.26214574925026873,-0.2611336035002677,-0.2611336035002677,-0.44176019899546526,0.0,-0.2611336035002677,0.0,0.0,,-0.2611336035002677,0.0,-0.2611336035002677,,,-1.9610570744025067,0,0.9971727016256966,,-0.2611336035002677,0.09977179698165828,25.2246,4191816.0,4191816.0,2.647976723060771,274.6358493891547,2608790.0,,0.417910447761194,67.0
0xd3b0cbfc2d280da03f06c4746571f23362cd9e97,0.033088443252945805,0.007541782,0,15.424458000000001,6,1767433437,-0.7277812369799,-0.7287933827299012,-0.7277812369799,-0.7277812369799,-1.710516028410932,0.0,-0.7277812369799,0.0,0.0,,-0.7277812369799,0.0,-0.7277812369799,,,-0.6959507921103298,0,0.9971727016256966,,-0.7277812369799,0.08192111615634443,1.099998,1752014.0,1752014.0,1.3045194686061559,1.657618801157503,408980.0,,0.5910931174089069,192.0
0x4c87b4a89d6b9c541498e7dd6336d63f6ba27165,0.0330872414005507,0.007533,0,8.271302,4,1767474353,4.0598512745219594e-06,4.164718253115416e-06,4.0598512745219594e-06,4.0598512745219594e-06,0.0010825221628345697,-0.06181127647114325,4.0598512745219594e-06,-0.2060706415372303,0.0,0.7506702039939611,0.03428999896846177,-0.19427046688277572,0.06857593808564902,0.43731700633700743,0.3833170573770646,,1,0.9971727016256966,-0.8448415892160862,4.0598512745219594e-06,0.10802423266775987,1.499995,,,,1.7178164285714284,,,0.08333333333333333,12.0
0x6296efa800dd4dceddf7dbbcb44602d7f8153113,0.03308472147089949,0.007514585,0,95.459796,4,1767591943,5.998813878166326e-06,6.216162180602448e-06,5.998813878166326e-06,5.998813878166326e-06,0.001341422968886109,0.1974538292805695,5.998813878166326e-06,-0.05127604007644805,0.0,7.73076094195954,0.03492428159191119,-0.011775186666192244,0.06984256436994421,0.46108666276612076,0.4029866627661207,,1,0.9971727016256966,-0.9168654228023819,5.998813878166326e-06,0.1314652084753244,1.762,5372050.0,5372050.0,3.577693567936918,4.896154065789474,3870510.0,,0.38,50.0
0x73d225c851df25d73b14846a370bdeef9434f9b7,0.033083930470670965,0.007508804,0,249.24491899999998,13,1767611759,0.048554111176412895,0.048891487523680756,0.048554111176412895,0.048554111176412895,0.08468323941423528,0.0,0.048554111176412895,0.0,0.0,-10.024450155829843,0.03446127894774029,0.0,0.020368446719067686,,,-1.7764490739557717,1,0.9971727016256966,-0.9510392281524438,0.048554111176412895,0.0,0.0,12009747.0,12009747.0,7.894106967731418,0.0,10488391.0,,,0.0
0x9dc53b70a75ac9e2eac58c5baf99ccd79752d5f6,0.03308094880486173,0.0074870125,0,52.0,6,1766124691,0.0,0.0,0.0,0.0,0.0,0.0,0.0,0.0,0.0,0.13000000000000012,0.0012651821875012985,0.0,0.002530364375002597,,,0.4557827014083304,1,0.9971727016256966,-0.02241748710994491,0.0,0.011186432588690787,22.8,1436693.0,1436693.0,41.90075244983668,37.849857293497365,1402405.0,,0.270935960591133,203.0
0x0a7aaf83341b52df34e8ffef52aa295538d6df1b,0.03307905514189037,0.0074731717,0,14.739154,7,1767240659,0.0,-0.0008427074955634606,0.0,0.0,-0.0011386579113537194,-0.001674049952167502,0.0,0.005524364842152699,0.005415308550947644,10.946499999999999,0.012110555867379766,0.003515504899551695,0.02422111173475953,4.906,4.93,0.08970000000000002,1,0.9971727016256966,-0.7017040965201445,0.0,0.0,0.0,24207048.0,24207048.0,21.04492217384652,0.0,23056792.0,,,0.0
0xf40bc82a0a9ec25a0f6d88e7568b9f2fcc9f7181,0.03307822891506319,0.0074671325,0,583.76,6,1766963487,0.0,0.0,0.0,0.0,0.0,0.0,0.0,0.0,0.0,13.768999999999998,0.012055566463463917,0.0,0.024111132926927833,,,0.07323216735123611,2,0.9971727016256966,-0.540321464315158,0.0,0.02886437220118519,58.8,4128493.0,4128493.0,4.728632067475752,103.03318574821853,3255409.0,,0.4144144144144144,111.0
0x7ab6ac0f0d6ca5a15ec57abeaf413d31c8cdfa77,0.03307723484452462,0.0074598663,0,6471.870774999995,603,1767434269,-0.00022695690726682756,-0.00040894070465173675,-0.00022695690726682756,-0.00022695690726682756,-0.003499620840141469,0.10835025246004845,-0.00022695690726682756,0.10276447796290539,0.053545063927856795,0.04300364836538483,-0.00011802526366675742,0.10458452995172793,-9.093620066687289e-06,3.390960996812757,3.3892290065439066,-1.6674471705046903,4,0.9971727016256966,-0.8202901533331618,-0.00022695690726682756,0.0,0.0,,,,0.0,,,,0.0
0x90fafe37273febd6e738a7d0dd208f96f026b658,0.03307525704594785,0.007445409,0,7.690279,8,1767434707,9.779144046885956e-05,0.00010014381188907269,9.779144046885956e-05,9.779144046885956e-05,0.00549593666362192,-0.01564419460779956,9.779144046885956e-05,-0.051889441247299085,0.0,0.08032525680000006,0.006298073585215092,-0.0487085428300518,0.012498355729961325,0.4598527957970361,0.44275279579703614,-0.7193361933837005,1,0.9971727016256966,-0.8471262129024276,9.779144046885956e-05,0.16073522361735645,3.999998,3683978.0,3683978.0,2.7404351991811375,6.681213918918919,2339674.0,,0.35,20.0
0xcf65a29ebd5abccf679333de2bbe4d2d4e84178a,0.03307108064596908,0.0074148774,0,4171.935207999999,45,1767688929,-0.0332146525908065,-0.034226798340807545,-0.0332146525908065,-0.0332146525908065,-0.3123343545504129,0.0,-0.0332146525908065,0.0,0.8959941879806876,,-0.0332146525908065,0.0,-0.0332146525908065,,,0.034300000000000844,0,0.9971727016256966,,-0.0332146525908065,0.024405563794797254,39.999999,17752829.0,17752829.0,11.105749296539438,60.40804034854772,16154303.0,,0.5691056910569106,120.0
0x6b7370e6934d08e449b0dcdd932c99476eaa80ef,0.033069029194988074,0.007399879,0,9.789996,4,1766398259,0.0001294900988515706,-0.0007868996436062527,0.0001294900988515706,0.0001294900988515706,-0.025083878041697726,0.0,0.0001294900988515706,0.0,0.0,0.4927009281713309,0.01656070325833481,0.0,0.03299191641781805,,,0.05996692473324738,1,0.9971727016256966,-0.6597417456484963,0.0001294900988515706,0.02626415899980874,1.6932995000000002,6982584.0,6982584.0,22.681331531625176,2.0894322058823533,6674728.0,,0.5441176470588235,66.0
0xec5bd6c971c3ebe7037066b3c537b01f4b0c652f,0.033068407586740164,0.007395334,0,172.50121499999997,6,1767508001,-0.019696827626177426,-0.020708973376178465,-0.019696827626177426,-0.019696827626177426,-0.10809554242573549,0.0,-0.019696827626177426,0.0,0.8221760640932299,,-0.019696827626177426,0.0,-0.019696827626177426,,,-0.045139626697416155,0,0.9971727016256966,,-0.019696827626177426,0.2066250421785077,14.999994000000001,,,,17.602450625000003,,,0.14285714285714285,7.0
0x7aeeb87c6ab34414d9ba4767140a8fe334eb19ea,0.03306801552078421,0.0073924675,0,3.5335669999999997,2,1767585447,-0.28542496945265056,-0.28643711520265164,-0.28542496945265056,-0.28542496945265056,-0.40508325308661464,0.0,-0.28542496945265056,0.0,0.0,,-0.28542496945265056,0.0,-0.28542496945265056,,,-1.85903701210088,0,0.9971727016256966,,-0.28542496945265056,0.09525652220590745,1.999999,1542681.0,1542681.0,1.0318632762647788,4.012875645161291,47637.0,0.0,0.037037037037037035,27.0
0x2b9edb595ea75c118077c7d2c17d4852b0770db0,0.03305827798200427,0.0073212604,0,3.445266,6,1767695755,9.746348615467062e-05,0.00013923352859163975,9.746348615467062e-05,9.746348615467062e-05,0.00356135101905459,0.025250841542148385,9.746348615467062e-05,0.006572335499363882,0.0,0.05444002990843153,0.007996660475816434,0.042827666263374566,0.015993320951632868,0.0932246103711262,0.013124610371126194,,1,0.9971727016256966,-0.9804502362411142,9.746348615467062e-05,0.0,0.0,2011770.0,2011770.0,1.253164415031719,0.0,406418.0,0.0,,0.0
0x4423662e2c809c7197daaed8ccb5b556981bb46f,0.033056314520758044,0.0073069,0,230.18914,6,1767477099,1.645836410514992e-05,1.698757195419011e-05,1.645836410514992e-05,1.645836410514992e-05,0.0023493065999913207,-0.023014742912105066,1.645836410514992e-05,-0.17204858306939497,0.0,15.273966866666667,0.039382220467115536,-0.15619775534296587,0.07874798257012591,0.5393332238445544,0.5120332238445544,,1,0.9971727016256966,-0.8465235132489799,1.645836410514992e-05,0.08282537935455075,8.03355,13986540.0,13986540.0,10.086233752747537,11.68733574074074,12599844.0,,0.43243243243243246,37.0
0x9a53fea9851a5d4508baf3d0596a3fbe43f43a83,0.03305576470303437,0.0073028784,0,3.919998,4,1767446357,4.454223505108149e-05,0.00038873223317307376,4.454223505108149e-05,4.454223505108149e-05,0.013742553084975835,0.1414564222436603,4.454223505108149e-05,0.09992449387640864,0.0,0.1056000000000002,0.006997476486926846,0.10315687844656288,0.01395041073880261,1.2285105480379082,1.2374105379579066,,1,0.9971727016256966,-0.8276940490759218,4.454223505108149e-05,0.0739880588923272,1.5,4707626.0,4707626.0,3.4718183655197743,2.430891743589744,3351672.0,,0.42857142857142855,27.0
0x67a95cf07880baacc5d1ea4d549b26de186be29e,0.03305363828527186,0.007287325,0,18.681874,6,1767476345,0.00023351174348737198,0.0002387340460593511,0.00023351174348737198,0.00023351174348737198,0.008793340514707782,-0.011781600635793654,0.00023351174348737198,-0.18743215149119205,0.0,1.7465407576364997,0.03980454243673802,-0.1706093061121776,0.07937557312998866,0.5465391592389688,0.5068891592389689,,1,0.9971727016256966,-0.8460616885145291,0.00023351174348737198,0.08806515834876287,1.204,3891100.0,3891100.0,2.8075489450496485,2.5376730909090908,2505158.0,,0.21428571428571427,28.0
0xdf4d32fd7cc8d2d1e28b5a0d97e31431c06dc832,0.03305238188854935,0.0072781346,0,9.999998999999999,3,1767698497,-0.004202456725454228,-0.005214602475455268,-0.004202456725454228,-0.004202456725454228,-0.008656861940517251,0.0,-0.004202456725454228,0.0,1.0,,-0.004202456725454228,0.0,-0.004202456725454228,,,0.05793816962689931,0,0.9971727016256966,,-0.004202456725454228,0.08514149187482209,0.999999,5270376.0,5270376.0,3.2774054253047398,3.1199968,3662282.0,,0.0,23.0
0x118f6e00031b33b997dee28a09a89e8e45180021,0.03305208046459912,0.0072759297,0,0.05,1,1767707747,0.0,-0.0010121457500010388,0.0,0.0,-0.0010121457500010388,0.0,0.0,0.0,1.0,,0.0,0.0,0.0,,,0.0813,0,0.9971727016256966,,0.0,0.0,0.0,2313565.0,2313565.0,1.4304718105733845,0.0,696221.0,,,0.0
0xdb2e0c4a61229000bc61f813811d56ebd63635bf,0.033052007002860304,0.0072753923,0,872.5765579999999,17,1767475103,0.0,0.0001021811123695228,0.0,0.0,0.0004305780491996659,-0.003518293259086116,0.0,-0.007865376154261802,0.2123810880719519,-23.034701105000014,-0.009807370455172333,-4.875233153468064e-05,-0.019614740910344666,-0.028500000000000004,-0.0968,-1.5409232771731878,1,0.9971727016256966,-0.9925997792551269,0.0,0.05041179262871123,12.98,39086093.0,39086093.0,28.2271199537806,26.808472331125827,37701393.0,0.0,0.5,62.0
0x6e220876892d748b1b103c46e4bad347e5be16f6,0.03304980615211512,0.0072592925,0,95.199074,8,1767484811,4.88325269709425e-06,9.54526623423676e-06,4.88325269709425e-06,4.88325269709425e-06,0.0019026037736493149,0.006828569679876005,4.88325269709425e-06,0.004772701084797911,0.0,3.802409439658352,0.02429480805636985,0.01777302846452734,0.04858473286004261,0.7336969261150108,0.7011291032296314,,1,0.9971727016256966,-0.8512471105329115,4.88325269709425e-06,0.09656295360264464,4.28568,,,,7.25332727586207,,,0.1875,16.0
0xd719eb46721f2618185c99c19d93ba609c01d8e5,0.033046679473835584,0.0072364183,0,88.0,4,1766963763,0.0,0.0,0.0,0.0,0.0,0.0,0.0,0.0,0.0,2.375999999999999,0.0068319838125070025,0.0,0.013663967625014005,,,0.07323216735123603,1,0.9971727016256966,-0.7990854155258861,0.0,0.01695326568575669,33.785,4130061.0,4130061.0,4.728933086012641,69.75031365744681,3256701.0,,0.38372093023255816,258.0
0xc684164391e497be90a9ebf1bcac79703453ce87,0.03304667425466932,0.00723638,0,52.146609000000005,7,1767427257,1.4495432532888845e-05,5.515961052338228e-05,1.4495432532888845e-05,1.4495432532888845e-05,0.004899664591180725,-0.00993063904085326,1.4495432532888845e-05,0.09411894044400294,0.0,2.809578130000002,0.013647704849732798,0.09241873002863846,0.027280914266932705,0.9189688413908476,0.9278688313108461,,1,0.9971727016256966,-0.8159953058026992,1.4495432532888845e-05,0.051460270668504705,9.999999,2465834.0,2465834.0,1.8445050843248403,16.395818077586206,1128980.0,,0.35714285714285715,70.0
0xdd7d3bc6e43113f37e46247f8511a7434b935bc1,0.033046142094833454,0.0072324867,0,68.0,4,1766124681,0.0,0.0,0.0,0.0,0.0,0.0,0.0,0.0,0.0,0.3400000000000003,0.0012651821875012985,0.0,0.002530364375002597,,,0.4557827014083304,1,0.9971727016256966,-0.022411362113466785,0.0,0.028373254124905826,24.32,3280790.0,3280790.0,95.71124336309003,37.933839949748744,3246512.0,,0.2702702702702703,74.0
0xff74fa671c1a106b0e9ab79bba50f3b1081024f0,0.03304040641966401,0.0071905195,0,812.0,6,1766960471,0.0,0.0,0.0,0.0,0.0,0.0,0.0,0.0,0.0,-2.0300000000000105,-0.0012651821875013037,0.0,-0.0025303643750026073,,,0.07323216735123603,1,0.9971727016256966,-0.5328550936083212,0.0,0.031683131020564644,66.14500000000001,3319324.0,3319324.0,3.815016757310923,121.72528833333332,2449256.0,,0.4153846153846154,65.0
0x5a58b03b7d0e70691307fbddf590b6fd2868766d,0.03303913491829393,0.007181215,0,12.46697,8,1767510381,-1.3871623358675177e-05,9.404501387238807e-05,-1.3871623358675177e-05,-1.3871623358675177e-05,0.0061704870270610284,0.0546327768094851,-1.3871623358675177e-05,0.026856404413844133,0.0,0.2275455999226001,0.01035411572712308,0.03841749032108473,0.020722103077604834,0.8936115842855975,0.8025115722855928,-1.857469739358733,1,0.9971727016256966,-0.8751676717785887,-1.3871623358675177e-05,0.1275200283490147,0.999999,1353563.0,1353563.0,0.9532281486051193,0.98254065,-66415.0,,0.2,10.0
0x030757d126b432bfacf7ad4bda973c66675c0165,0.03303701366972085,0.007165692,0,81.422252,3,1767522811,-0.4949392657990904,-0.4959514115490915,-0.4949392657990904,-0.4949392657990904,-0.8038979436401864,0.0,-0.4949392657990904,0.0,0.0,,-0.4949392657990904,0.0,-0.4949392657990904,,,-1.4368521384534894,0,0.9971727016256966,,-0.4949392657990904,0.22806171969279587,15.0,,,,34.1811805128205,,,0.2962962962962963,27.0
0x6291edb6079eb78d52814340fdf748a2d279cc47,0.033036195392646545,0.0071597034,0,506.1,2,1767514801,0.0,0.0,0.0,0.0,0.0,-0.025648748711797648,0.0,-0.06539445016978811,0.0,92.10000000000005,0.03884109315628985,-0.036044450169788106,0.0776821863125797,0.5002192551232273,0.47811925512322734,,1,0.9971727016256966,-0.8696159749708144,0.0,0.0,0.0,21899320.0,21899320.0,15.374438885760862,0.0,20474922.0,,,0.0
0xc8ab97a9089a9ff7e6ef0688e6e591a066946418,0.03303080187123711,0.0071202284,0,1979.3367560000002,27,1766316441,0.013052869984916676,0.02340466422036127,0.013052869984916676,0.013052869984916676,0.11962115851620687,-0.024268755083999814,0.013052869984916676,-0.05526727323136355,0.0,-28.108056367999996,-0.0143508522342522,-0.051048531107789855,-0.041754574453421074,0.2613570740027719,0.2233570740027719,0.005858688476105494,5,0.9971727016256966,-0.2695880449868741,0.013052869984916676,0.0,0.0,28521840.0,28521840.0,126.1816154805829,0.0,28295802.0,,,0.0
0xd5f29cb91e82523575f08e0df8fbee9b0b36d759,0.033028426108249985,0.0071028383,0,1.012083,2,1767696465,0.011133607250259438,0.012145753000260478,0.011133607250259438,0.011133607250259438,0.017176688618202072,-0.05719898336426039,0.011133607250259438,-0.0859989833642604,0.0,,0.0,-0.013598983364260398,0.0,-0.023598983364260397,-0.0859989833642604,,1,0.9971727016256966,-0.9808851109910611,0.011133607250259438,0.020893574582473984,0.999999,2189621.0,2189621.0,1.3633477412453567,1.0630572781954888,583559.0,0.0,0.3448275862068966,87.0
0x29ab15c6b6b16604e1cbd9a2f9580cf403336c4d,0.03302656181130287,0.007089191,0,0.5,1,1767696621,-0.0010121457500010388,-0.0020242915000020776,-0.0010121457500010388,-0.0010121457500010388,-0.0020242915000020776,0.0,-0.0010121457500010388,0.0,1.0,,-0.0010121457500010388,0.0,-0.0010121457500010388,,,0.06939999999999999,0,0.9971727016256966,,-0.0010121457500010388,0.0,0.0,1645147.0,1645147.0,1.024236436150012,0.0,38929.0,,,0.0
0xbf9cd2a796c4a009dbdaea84aa0e5c119aeb115f,0.03302333498004451,0.007065568,0,344.19989599999997,11,1767476751,1.4664991324426324e-07,5.023539581346039e-07,1.4664991324426324e-07,1.4664991324426324e-07,0.0004046265518209706,0.00019856324187178556,1.4664991324426324e-07,-0.18299000939633925,0.0,5.536699924799996,0.011891440404754691,-0.16531511777016508,0.023782734159596138,0.5410777923094787,0.5090777923094788,,1,0.9971727016256966,-0.8463103633715411,1.4664991324426324e-07,0.032235422238382695,96.26311,17124125.0,17124125.0,12.35196718284298,114.40574446060606,15737777.0,,0.5921052631578947,75.0
0x447d97c8d9783d7171d6f1bc9b490934e5f2dee1,0.03302330254153654,0.0070653306,0,409.86,9,1767715411,0.0060728745000062315,0.007085020250007271,0.0060728745000062315,0.0060728745000062315,0.020703047902880283,-0.03443644483175767,0.0060728745000062315,-0.09013644421239767,0.0,,0.0,0.006063555787602339,0.0,-0.021036444212397663,-0.09013644421239767,,1,0.9971727016256966,-0.9924895293185206,0.0060728745000062315,0.0,0.0,1887684.0,1887684.0,1.1616459734352078,0.0,262676.0,,,0.0
0x7febfa38aec96efe70c2b70745fbc9aa32b96bc2,0.03301923963914058,0.0070355837,0,464.0,6,1766124711,0.0,-0.005322490581902009,0.0,0.0,-0.05732497793592709,0.0,0.0,0.0,0.0,0.0,0.0,0.0,0.0,,,0.4557827014083304,1,0.9971727016256966,-0.022232512216305476,0.0,0.011772862258537778,14.56,1431515.0,1431515.0,41.72539932377288,29.593746159052458,1397207.0,,0.22488038277511962,209.0
0xa2bf54cff9c2a64c446e89d697f32383a96a9685,0.033015479590245006,0.007008051,0,2.405,1,1767444367,-0.48582996000049816,-0.48684210575049913,-0.48582996000049816,-0.48582996000049816,-0.48684210575049913,0.0,-0.48582996000049816,0.0,0.0,,-0.48582996000049816,0.0,-0.48582996000049816,,,-0.500613907899942,0,0.9971727016256966,,-0.48582996000049816,0.04052965004923417,1.0,1917063.0,1917063.0,1.415889196463126,1.4698952517730495,563099.0,0.0,0.39080459770114945,87.0
0x4a04116b6f1d04b1c8cc25044059cc061fd31993,0.0330129563553194,0.006989573,0,352.33685999999994,11,1767443241,-0.14731446400300716,-0.14757846841878317,-0.14731446400300716,-0.14731446400300716,-0.4083657241989497,0.07548371111460962,-0.14731446400300716,0.04644290475906719,0.0,3.1994479999999994,-0.14113203339018887,0.05826057476548225,-0.13494960277737056,1.3934435616243628,1.4023435515443612,-0.5451722320820642,2,0.9971727016256966,-0.8257855001733374,-0.14731446400300716,0.08232759951970395,22.69577,40918371.0,40918371.0,30.24631995848727,59.82304043225806,39565533.0,0.0,0.4117647058823529,66.0
0x1cb7991db7ded86fd5d12ec5395c533d19c11429,0.03301105570620494,0.0069756536,0,314.215637,7,1767476071,-5.218748502863527e-08,3.454811508895652e-06,-5.218748502863527e-08,-5.218748502863527e-08,0.0010758400401984988,0.002785377914649648,-5.218748502863527e-08,-0.008896892800038128,0.0,-1.2438536580000044,-0.0015822814892760982,0.007803276385055537,-0.003164510791067168,0.5803874407179695,0.5260808666084196,,1,0.9971727016256966,-0.8458938636110285,-5.218748502863527e-08,0.07852398997549016,21.259999999999998,2457600.0,2457600.0,1.77358501459224,55.86762719417475,1071932.0,,0.375,64.0
0xd5a79e115fa6b2d0459e8eb40096389cc59e4d86,0.03301044201724179,0.006971159,0,176.0,5,1766124853,0.0,0.0,0.0,0.0,0.0,0.0,0.0,0.0,0.0,-0.8800000000000008,-0.0012651821875012985,0.0,-0.002530364375002597,,,0.40767782903287253,1,0.9971727016256966,-0.022225162220531725,0.0,0.01268488605533069,18.8,1433451.0,1433451.0,41.60960812772134,31.93966002293578,1399001.0,,0.3212121212121212,165.0
0x740b95ed0aefb264360a3530dd3a298a018a1d47,0.03301037754620626,0.006970687,0,845.2181959999999,5,1767568847,-0.35823677294698814,-0.3592489186969892,-0.35823677294698814,-0.35823677294698814,-0.7720508030413397,0.0,-0.35823677294698814,0.0,0.0,,-0.35823677294698814,0.0,-0.35823677294698814,,,-1.6644373332316749,0,0.9971727016256966,,-0.35823677294698814,0.011777116918148558,79.999999,2713250.0,2713250.0,1.8352064738333005,136.6671513900709,1234806.0,,0.5579399141630901,464.0
0x7ae92c04089257de6beaeed31ea45418d2a82923,0.03300897301066646,0.0069604,0,260.0,6,1766115293,0.0,0.0,0.0,0.0,0.0,0.0,0.0,0.0,0.0,-1.3000000000000003,-0.002530364375002595,0.0,-0.00506072875000519,,,0.3704293902082814,1,0.9971727016256966,-0.022315812168408004,0.0,0.01297108617345865,17.7,1418013.0,1418013.0,56.971193250301326,35.584827370600415,1393123.0,,0.3103448275862069,174.0
0x12c2a80266dbd07def1733ee19dc5b443655aa71,0.03300897301066646,0.0069604,0,160.0,4,1766126021,0.0,0.0,0.0,0.0,0.0,0.0,0.0,0.0,0.0,-1.6000000000000014,-0.002530364375002597,0.0,-0.005060728750005194,,,0.35696625089593975,1,0.9971727016256966,-0.022219037224053596,0.0,0.010560686602203561,18.48,1441091.0,1441091.0,40.45962715480937,32.61655726795096,1405473.0,,0.26262626262626265,198.0
0xe53d04c61f93f631be02c72199808c34c8928ab8,0.033006376574388235,0.0069413823,0,30.0,4,1766124005,0.0,0.0,0.0,0.0,0.0,0.0,0.0,0.0,0.0,0.0,0.0,0.0,0.0,,,0.42167782903287254,1,0.9971727016256966,-0.022461587084587425,0.0,0.014366612402746441,18.91,1435575.0,1435575.0,42.72290339860722,36.209397249466946,1401973.0,,0.2916666666666667,168.0
0xde23865b33d84d8cd7c8939f5b8e35f02f9162e9,0.033006376574388235,0.0069413823,0,248.0,11,1766112459,0.0,0.0,0.0,0.0,0.0,0.0,0.0,0.0,0.0,-0.30999999999999983,-0.0012651821875012967,0.0,-0.0025303643750025934,,,0.3704293902082814,1,0.9971727016256966,-0.022584087014149965,0.0,0.013286282403305363,13.645185,1414299.0,1414299.0,64.1230957562568,31.31330455060729,1392243.0,,0.2765957446808511,188.0
0xba6bc52278f9213162e9382aaed5b825e68bb341,0.033006376574388235,0.0069413823,0,42.0,4,1766124555,0.0,0.0,0.0,0.0,0.0,0.0,0.0,0.0,0.0,0.0,0.0,0.0,0.0,,,0.42167782903287254,1,0.9971727016256966,-0.022445662093744295,0.0,0.013997130748456644,12.87,1440081.0,1440081.0,42.16681307097681,27.686120567375884,1405929.0,,0.32051282051282054,156.0
0xfdc296dc0b5f4cb54d4adb7a82e17e735db73811,0.033006376574388235,0.0069413823,0,84.0,4,1766124863,0.0,0.0,0.0,0.0,0.0,0.0,0.0,0.0,0.0,-0.4199999999999992,-0.001265182187501295,0.0,-0.00253036437500259,,,0.40767782903287253,1,0.9971727016256966,-0.022357462144459266,0.0,0.017002996469162618,16.567,1434963.0,1434963.0,41.64141033081834,32.91769870558375,1400503.0,,0.2867647058823529,136.0
0x1fa881cd6b0d13d9467b765a643f9fe5f0c92bcd,0.033006376574388235,0.0069413823,0,300.0,8,1766127457,0.0,0.0,0.0,0.0,0.0,0.0,0.0,0.0,0.0,-0.5720000000000005,-0.0012061403520845712,0.0,-0.0024122807041691424,,,0.387193937581229,1,0.9971727016256966,-0.022178612247297957,0.0,0.014640184411705056,19.584,1434371.0,1434371.0,38.710287688238786,39.17359298387097,1397317.0,,0.22377622377622378,143.0
0x117f40f8d90e1671e9d483f6f15ebbdb84a8088e,0.033006376574388235,0.0069413823,0,146.0,8,1766125335,0.0,0.0,0.0,0.0,0.0,0.0,0.0,0.0,0.0,-0.24333333333333315,-0.001265182187501296,0.0,-0.002530364375002592,,,0.37696428503573093,1,0.9971727016256966,-0.022472612078248053,0.0,0.011700043950241216,15.45,1427389.0,1427389.0,40.861931753120345,30.5718187009901,1392457.0,,0.225130890052356,191.0
0xef14c685be9e72fb4a592e75b62790e35443bf21,0.033006376574388235,0.0069413823,0,26.0,4,1766127469,0.0,0.0,0.0,0.0,0.0,0.0,0.0,0.0,0.0,0.0,0.0,0.0,0.0,,,0.387193937581229,1,0.9971727016256966,-0.022516712052890568,0.0,0.01759007762667428,11.1,1435557.0,1435557.0,38.729752333675066,28.02871185750636,1398491.0,,0.29577464788732394,142.0
0xa400b2a975c6e7ebee8fab551a22aa99222cec34,0.033006376574388235,0.0069413823,0,138.0,4,1766127483,0.0,0.0,0.0,0.0,0.0,0.0,0.0,0.0,0.0,-0.6899999999999968,-0.0012651821875012915,0.0,-0.002530364375002583,,,0.387193937581229,1,0.9971727016256966,-0.022308462172634252,0.0,0.0581250604057588,17.38,1430467.0,1430467.0,38.57785868392664,30.974024761904765,1393387.0,,0.25,32.0
0x57a0f93c7480701b65eb0620b03106dfcfd1af23,0.033006370280622234,0.006941336,0,2.01,2,1767710713,0.004048583000004099,0.0050607287500051374,0.004048583000004099,0.004048583000004099,0.007156951233748705,-0.06496981140006369,0.004048583000004099,-0.0923698114000637,0.0,,0.0,-0.0254698114000637,0.0,-0.017069811400063688,-0.0923698114000637,,1,0.9971727016256966,-0.9896120059730966,0.004048583000004099,0.03224867142014545,1.999991,5948498.0,5948498.0,3.6712098302176743,1.8474097908496734,4328188.0,,0.4892086330935252,138.0
0x41b36893511c3a5575fd085793f0b96b463db944,0.033005991639620855,0.0069385627,0,5.0,2,1767525253,-0.5050607292505179,-0.5060728750005189,-0.5050607292505179,-0.5050607292505179,-0.7156951233748778,0.0,-0.5050607292505179,0.0,0.0,,-0.5050607292505179,0.0,-0.5050607292505179,,,-1.4305851352483487,0,0.9971727016256966,,-0.5050607292505179,0.19018394487260154,1.0,2584268.0,2584268.0,1.8010718890476356,4.956620254901961,1149418.0,,0.18181818181818182,33.0
0xab4f7829405390bf6bf7c7af74159bfc8842552f,0.03300438271644838,0.0069267773,0,1245.8113660000004,11,1767554209,-1.3736996239647877e-07,-1.1374232886428433e-06,-1.3736996239647877e-07,-1.3736996239647877e-07,-0.0006903713443405308,0.0,-1.3736996239647877e-07,0.0,0.0,-10.629192467428576,-0.006508620805263606,0.0,-0.013017104240564816,,,-1.55988297119909,1,0.9971727016256966,-0.8945373606410176,-1.3736996239647877e-07,0.06786779531054722,99.999999,19397921.0,19397921.0,13.251702069809797,204.33129502542369,17934115.0,,0.23655913978494625,63.0
0xc90ea747d59514724efd49275124e695775439e3,0.03300288924277898,0.006915837,0,10.061508,6,1767469903,-3.382876648988914e-05,-8.024851112920468e-05,-3.382876648988914e-05,-3.382876648988914e-05,-0.0065549268757669425,0.0,-3.382876648988914e-05,0.0,0.0,-1.2600202680165242,-0.03172202498886762,0.0,-0.06341022121124534,,,-1.3000671632034102,1,0.9971727016256966,-0.863315803593413,-3.382876648988914e-05,0.07097657076536806,1.3815995,1731058.0,1731058.0,1.254844508880029,2.7910050820189274,351558.0,0.0,0.54421768707483,147.0
0xf55eee2264546a234ed857ac045fb8f38c8a0c66,0.0330023792492496,0.006912101,0,7086.494999999999,4,1767697351,-0.00470095078080036,-0.0057130965308013985,-0.00470095078080036,-0.00470095078080036,-0.010234065464421882,0.0,-0.00470095078080036,0.0,1.0,,-0.00470095078080036,0.0,-0.00470095078080036,,,0.076975161627857,0,0.9971727016256966,,-0.00470095078080036,0.04023907771183922,1.1496,38232691.0,38232691.0,23.792114617274486,17.977107891783568,36625743.0,,0.07920792079207921,97.0
0x051b59049fbda656f161bdda9939607b4a5a09d4,0.032999974951283054,0.0068944874,0,303.161189,37,1767586743,0.0007425316900211457,0.0009382164205745305,0.0007425316900211457,0.0007425316900211457,0.006913146125645281,0.1513645638641229,0.0007425316900211457,-0.005535174964410884,0.0,3.3505743109750767,0.0101822653373472,0.03726413904668061,0.02036373574420601,0.3136525783968671,0.24741709422866626,,2,0.9971727016256966,-0.9136804246337559,0.0007425316900211457,0.0,0.0,1857036.0,1857036.0,1.2410521672881831,0.0,360696.0,0.0,,0.0
0xb6756421bd99a7cd51e1c205766d7e51d93d3d65,0.03299636160807812,0.006868014,0,890.4526299999999,15,1767552865,-3.5495791230699967e-07,-1.444191526636149e-06,-3.5495791230699967e-07,-3.5495791230699967e-07,-0.0007788574376971126,0.0,-3.5495791230699967e-07,0.0,0.0,-15.84742258571635,-0.012937384147078639,0.0,-0.025874413336244968,,,-1.5588605841814012,1,0.9971727016256966,-0.9323665638892258,-3.5495791230699967e-07,0.10908683252104891,14.999999,7768485.0,7768485.0,5.311922634571018,226.82161401515157,6306023.0,,0.4370860927152318,151.0
0x01a4536519942190034079ce42ed726266fb0064,0.0329963279240676,0.0068677673,0,99.999998,5,1767627929,-0.30802876375020216,-0.30904090950020313,-0.30802876375020216,-0.30802876375020216,-0.6508192670092537,0.0,-0.30802876375020216,0.0,0.0,,-0.30802876375020216,0.0,-0.30802876375020216,,,-1.800878150618074,0,0.9971727016256966,,-0.30802876375020216,0.057059875069361325,99.999998,29767921.0,29767921.0,19.360922026684428,300.28226144508665,28230395.0,0.0,0.4444444444444444,193.0
0xa7cdb44325034d37316e6be72e4df6da2162fe7d,0.03299516698998848,0.006859261,0,70.389996,4,1767532873,1.9665929133562387e-06,2.9242349197770172e-05,1.9665929133562387e-06,1.9665929133562387e-06,0.0031815644679519263,0.1170557332033611,1.9665929133562387e-06,0.04217134919625551,0.0,0.698970829859776,0.0029116432548853617,0.0793538031017352,0.005821319916857367,0.6371745708574077,0.5770745708574077,,1,0.9971727016256966,-0.8806850686060855,1.9665929133562387e-06,0.12616904258535674,34.1265985,11917713.0,11917713.0,8.26201792758255,81.64739271875,10475243.0,,0.47058823529411764,17.0
0x8ea3af44c3e147e546f877a1afa1b17a0b1852a1,0.032992833610862575,0.0068421634,0,169.99999999999997,6,1767451633,-0.7060834729621064,-0.7070956187121074,-0.7060834729621064,-0.7060834729621064,-1.6006564710075992,0.0,-0.7060834729621064,0.0,0.0,,-0.7060834729621064,0.0,-0.7060834729621064,,,-1.0522876958917673,0,0.9971727016256966,,-0.7060834729621064,0.011975302035896746,25.29814,30507088.0,30507088.0,22.411413207172924,44.82072886466166,29145858.0,,0.7540983606557377,182.0
0x297120e780f814c59272e2c2740350dab3ebb901,0.03298781697561771,0.0068054004,0,108.0,4,1766115271,0.0,0.0,0.0,0.0,0.0,0.0,0.0,0.0,0.0,-1.0799999999999994,-0.0025303643750025934,0.0,-0.005060728750005187,,,0.3704293902082814,1,0.9971727016256966,-0.022352562147276767,0.0,0.010794230950034107,18.39,,,,34.192827472118964,,,0.2755102040816326,196.0
0x7437da6a1982babb4d22afe48b7811fa1fbade1a,0.03298427537547484,0.0067794435,0,19.999998,2,1767440159,-0.7429149704577448,-0.7439271162077458,-0.7429149704577448,-0.7429149704577448,-1.0520718171580996,0.0,-0.7429149704577448,0.0,0.0,,-0.7429149704577448,0.0,-0.7429149704577448,,,-0.6794841655047752,0,0.9971727016256966,,-0.7429149704577448,0.05500582723655408,51.63715,35255453.0,35255453.0,26.119871295256328,125.92791185314684,33905697.0,,0.6233766233766234,77.0
0xb3b411bb408c0a2a6a62f931e66a6e348ebbd89d,0.032972652216897706,0.006694237,0,150.0,3,1767483285,-0.11943319850012246,-0.11977058041678947,-0.11943319850012246,-0.11943319850012246,-0.20744873053389334,0.0,-0.11943319850012246,0.0,0.0,14.500000000000002,-0.10720310402094325,0.0,-0.09497300954176405,,,-1.585134934293115,1,0.9971727016256966,-0.8513818604554302,-0.11943319850012246,0.07549593275321247,5.119999,1735342.0,1735342.0,1.2458643302160557,11.267679647058827,342460.0,,0.40476190476190477,42.0
0x941ac4ce792e29713aa83b8074a6b37824ff90c4,0.03297145334725302,0.0066854465,0,10.0,4,1766112433,0.0,0.0,0.0,0.0,0.0,0.0,0.0,0.0,0.0,-0.050000000000000044,-0.0012651821875012985,0.0,-0.002530364375002597,,,0.3704293902082814,1,0.9971727016256966,-0.02250568705922994,0.0,0.02561590420398794,19.59,3271616.0,3271616.0,148.507308216069,32.625930159574466,3249586.0,,0.3116883116883117,77.0
0xcb88529b180ff94e8cf8c85358d3776a687a6b99,0.03297145334725302,0.0066854465,0,350.17,7,1766124043,0.0,0.0,0.0,0.0,0.0,0.0,0.0,0.0,0.0,-0.6259999999999987,-0.0011154986610926911,0.0,-0.0022309973221853823,,,0.42167782903287254,1,0.9971727016256966,-0.019868263575748443,0.0,0.01016598676345342,16.65,3286753.0,3286753.0,97.70371581450654,31.2280696,3253113.0,,0.27979274611398963,193.0
0x2abdf6b8ca754642614f8168ac8b7c61570a74eb,0.03297145334725302,0.0066854465,0,110.0,4,1766124753,0.0,0.0,0.0,0.0,0.0,0.0,0.0,0.0,0.0,0.0,0.0,0.0,0.0,,,0.4557827014083304,1,0.9971727016256966,-0.02229743717897362,0.0,0.020679012948390117,17.5,3284912.0,3284912.0,95.63062590975255,33.597431931818186,3250562.0,,0.30097087378640774,103.0
0xc838021eebc116302e52f5d7843845b773e27369,0.03296875440928087,0.0066656563,0,2892.403843,21,1767565763,-3.038171522478161e-07,-9.642031845401977e-07,-3.038171522478161e-07,-3.038171522478161e-07,-0.0005535675598200814,0.0,-3.038171522478161e-07,0.0,0.0,-119.41009033200929,-0.015205732875655248,0.0,-0.03041116193415825,,,-1.6465546976883072,1,0.9971727016256966,-0.9480784048549172,-3.038171522478161e-07,0.20408432508425098,10.444,36698470.0,36698470.0,24.87424764125366,24.745637027027026,35223110.0,0.0,0.23529411764705882,10.0
0xa8d9f812a5808b9ad2b812622c43ea2d5a11d32a,0.03296597002548925,0.006645238,0,470.362066,3,1767468823,-0.6445410247219133,-0.6455531704719144,-0.6445410247219133,-0.6445410247219133,-1.06707310671247,0.0,-0.6445410247219133,0.0,0.0,,-0.6445410247219133,0.0,-0.6445410247219133,,,-1.2177838674920003,0,0.9971727016256966,,-0.6445410247219133,0.019999127986656172,37.0944,32761360.0,32761360.0,23.76732781010142,70.26013524538257,31382940.0,,0.6470588235294118,153.0
0x5569fd7186ed30edecc03cd86cc48e3776c8648a,0.03296137598405935,0.0066115456,0,22.080838999999997,5,1767539405,4.497580520667501e-06,1.7066756236155825e-05,4.497580520667501e-06,4.497580520667501e-06,0.002648223949150558,0.19627820027871837,4.497580520667501e-06,0.0749531693409961,0.0,1.080599374358902,0.013540124296459828,0.09795412459834954,0.02707575101239899,0.8760432246507678,0.8277432246507678,,1,0.9971727016256966,-0.8846859163055981,4.497580520667501e-06,0.08299075773639111,9.311054500000001,,,,11.090342814814816,,,0.4090909090909091,22.0
0xfdef23389abb131b868fd96c0b5f35b87f96b15e,0.03295987854935091,0.0066005625,0,43.199996,2,1767436673,-0.7064777035634197,-0.7074898493134207,-0.7064777035634197,-0.7064777035634197,-1.000541740140337,0.0,-0.7064777035634197,0.0,0.0,,-0.7064777035634197,0.0,-0.7064777035634197,,,-0.46252950763912193,0,0.9971727016256966,,-0.7064777035634197,0.04343492138487222,25.0,,,,39.30808559349593,,,0.5714285714285714,56.0
0xe8a75539bbb9041cd7b354eba400069cd8fc46c4,0.03295959844632962,0.006598508,0,6685.0357140000015,168,1767311813,-0.014734795734945232,-0.014881817135808353,-0.014734795734945232,-0.014734795734945232,-0.19331014530430105,0.09846206737823024,-0.014734795734945232,0.05539556619313968,0.05442844120076133,0.5493265170649356,-0.014024194783842737,0.07069114358361554,-0.013313593832740245,0.9764712849078632,0.9166996780163305,-1.2024000000000004,4,0.9971727016256966,-0.821722177509748,-0.014734795734945232,0.0,0.0,3129184.0,3129184.0,2.561943982774007,0.0,1907774.0,,,0.0
0xa0d89cd65b625476c5b30be0f76d77133a180a63,0.03295578382698206,0.006570527,0,503.117656,22,1767436971,-0.0265459635323718,-0.026622026465129324,-0.0265459635323718,-0.0265459635323718,-0.09711271713881518,0.03786994235234262,-0.0265459635323718,0.030882282643876168,0.0,-0.7496386874999996,-0.029124882659566725,0.03770902486941624,-0.031703801786761646,1.4438451314253364,1.3693851352483486,-1.45801788821394,2,0.9971727016256966,-0.829112598260256,-0.0265459635323718,0.04895111645254434,9.999999,17377912.0,17377912.0,12.90533563845272,47.77832669696969,16031344.0,,0.5436241610738255,145.0
0x98fce428db4b92b4c9e5427b4c9822fbc7025382,0.03295563623798838,0.006569444,0,52.8,6,1766094513,0.0,0.0,0.0,0.0,0.0,0.0,0.0,0.0,0.0,0.5333333333333325,0.005060728750005182,0.0,0.010121457500010363,,,0.058065488930492175,1,0.9971727016256966,-0.14461974184364845,0.0,0.044286310676171094,9.1,3811848.0,3811848.0,927.4569343065693,39.61571087301588,3807738.0,,0.28440366972477066,324.0
0x516d99159930cbae003756af74fecf61159903e5,0.032954354303671884,0.00656004,0,1151.7404,8,1767446891,-0.603107180568614,-0.6041193263186151,-0.603107180568614,-0.603107180568614,-1.3512508107106647,0.0,-0.603107180568614,0.0,0.0,,-0.603107180568614,0.0,-0.603107180568614,,,-0.5744969594745936,0,0.9971727016256966,,-0.603107180568614,0.012103720768753259,47.657,36603581.0,36603581.0,26.984080213020682,142.6471219120603,35247093.0,0.0,0.5093945720250522,451.0
0xc1cf7d0ccb729703a5f4d97ed1045a42dbd99656,0.03295384357465319,0.0065562935,0,12.0,1,1766108503,-0.6062753042506217,-0.6072874500006227,-0.6062753042506217,-0.6062753042506217,-0.6072874500006227,0.0,-0.6062753042506217,0.0,0.0,,-0.6062753042506217,0.0,-0.6062753042506217,,,0.5488812053487258,0,0.9971727016256966,,-0.6062753042506217,0.0,0.0,48374011.0,48374011.0,2672.5972928176798,0.0,48355911.0,0.0,,0.0
0x0924b5bc8cbdfd1a7adb0123a3cf7d74f53eba2e,0.03295355577720463,0.006554182,0,7.354165999999999,4,1767527749,-9.70331856760783e-06,0.0002786257303280725,-9.70331856760783e-06,-9.70331856760783e-06,0.010647440293406167,0.2766964780919125,-9.70331856760783e-06,0.09867160479331537,0.0,-0.04745969242153691,-0.0017797339871100434,0.14580386708083926,-0.003549764655652479,0.8938471625990176,0.8113471444527955,,1,0.9971727016256966,-0.8775466204106933,-9.70331856760783e-06,0.0743048544766028,2.3427,,,,2.7580571395348836,,,0.2,20.0
0x42e53bec12a00ca43156031079a3f049d54b5ade,0.03295323922820513,0.00655186,0,75.860388,3,1767531483,-0.4392809982540673,-0.4402931440040683,-0.4392809982540673,-0.4392809982540673,-0.7400202452302453,0.0,-0.4392809982540673,0.0,0.0,,-0.4392809982540673,0.0,-0.4392809982540673,,,-1.5251948821887162,0,0.9971727016256966,,-0.4392809982540673,0.06611955756394543,24.999999,27982477.0,27982477.0,19.417712410136843,33.230254585365856,26541397.0,,0.5357142857142857,28.0
0xa3a57a8b9784c4323245e61b8e0b2a65df8f5e2e,0.0329521492608165,0.0065438636,0,66.020188,4,1767487077,-1.1688529146293646e-05,5.3129683409366186e-05,-1.1688529146293646e-05,-1.1688529146293646e-05,0.004338345824289385,-0.0019227677254487789,-1.1688529146293646e-05,-0.02850426783112999,0.0,-2.368519800059984,-0.009752129484394509,-0.0045506762333290315,-0.019492570439642722,0.6218711364527925,0.6089711364527925,,1,0.9971727016256966,-0.852635034734855,-1.1688529146293646e-05,0.02024993784372546,21.679998,2426022.0,2426022.0,1.7369994716018198,30.57202453768844,1029348.0,,0.7362637362637363,91.0
0x2377eeebcacd30e195c697f54d114c64cf331481,0.032950713796685696,0.006533332,0,248.146333,10,1767523007,-0.0067671865539857615,-0.007733927490269445,-0.0067671865539857615,-0.0067671865539857615,-0.014336105502149915,0.011306805956424894,-0.0067671865539857615,0.008735118637482423,0.5186112685358876,4.492573347999998,-0.005898552717905452,0.010475685443387894,-0.005029918881825142,1.4022446757015958,1.292844675555109,-0.05620000000000005,1,0.9971727016256966,-0.8746421470807654,-0.0067671865539857615,0.01683478577896664,2.0,2159554.0,2159554.0,1.5074326192025151,6.872939616613418,726950.0,,0.21062271062271062,531.0
0x5a3fa170906e38a011399306d085c6b7229fc880,0.032950339263208506,0.0065305843,0,87.65865099999999,5,1767498557,-0.33510302562936795,-0.3361151713793689,-0.33510302562936795,-0.33510302562936795,-0.6853440673698266,0.0,-0.33510302562936795,0.0,0.0,,-0.33510302562936795,0.0,-0.33510302562936795,,,-1.7299978502989934,0,0.9971727016256966,,-0.33510302562936795,0.0998088803921688,32.4,36712766.0,36712766.0,26.071556094006763,62.03136613333332,35304612.0,0.0,0.5263157894736842,38.0
0x62365f754d4aa7dc537f997f23bb5dd9a9e36881,0.032947678423109625,0.0065110615,0,12.0,2,1766137754,-0.6062753042506217,-0.6072874500006227,-0.6062753042506217,-0.6062753042506217,-0.7827739303099485,0.0,-0.6062753042506217,0.0,0.0,,-0.6062753042506217,0.0,-0.6062753042506217,,,0.4178143818252499,0,0.9971727016256966,,-0.6062753042506217,0.0,0.0,32710269.0,32710269.0,690.8041857616523,0.0,32662918.0,,,0.0
0x6c5199b98d34611c49074b5f032ad0951afdf8fe,0.032947343841521384,0.0065086065,0,100.0,2,1767714353,-0.007085020250007271,-0.00809716600000831,-0.007085020250007271,-0.007085020250007271,-0.011451121973998056,0.0,-0.007085020250007271,0.0,1.0,,-0.007085020250007271,0.0,-0.007085020250007271,,,-0.05640000000000004,0,0.9971727016256966,,-0.007085020250007271,0.19559558184019304,2.807,35741142.0,35741142.0,22.008769974445027,4.448257375,34117192.0,0.0,0.26666666666666666,15.0
0x7786c193dd5db39405c13ec86f854e23b6f362b2,0.0329461583626129,0.006499908,0,20.441464000000003,4,1767471329,8.263749134606779e-06,2.9937961511079616e-05,8.263749134606779e-06,8.263749134606779e-06,0.0035375915310256086,0.1392011906988617,8.263749134606779e-06,-0.009562396031581785,0.0,1.1650803679472919,0.014430312273001306,0.006938785684170079,0.028852360796868006,0.8823942216025707,0.8613942216025707,,1,0.9971727016256966,-0.8429893902811005,8.263749134606779e-06,0.05324352543715055,4.0,20361992.0,20361992.0,14.74517244225976,5.567792550724637,18981066.0,,0.3902439024390244,41.0
0xeee439c11e48fd02e5803d5b7c3d4fbc52df9964,0.03294601106910162,0.006498827,0,1630.0,9,1766964323,0.0,0.0,0.0,0.0,0.0,0.0,0.0,0.0,0.0,-2.3600000000000025,-0.001099078513804809,0.0,-0.002198157027609618,,,0.07323216735123607,1,0.9971727016256966,-0.5329114435759199,0.0,0.028181587805762742,77.22,3314564.0,3314564.0,3.7927544855364337,137.94150264150943,2440644.0,,0.3614457831325301,83.0
0x9f128322dcbc1ae5498a13e1222996b406712640,0.03294581427682477,0.006497383,0,7.528889,4,1767484555,8.767000447978162e-05,0.0005706234753429191,8.767000447978162e-05,8.767000447978162e-05,0.01463805385538439,0.00363120692423182,8.767000447978162e-05,-0.0003886454782543879,0.0,0.180690220329351,0.00728825851626617,0.011679665841001205,0.014488847028052558,0.7185959580127133,0.6867959601857934,,1,0.9971727016256966,-0.8510903106230714,8.767000447978162e-05,0.004630201101483409,2.999998,24593816.0,24593816.0,17.64069914901675,8.127010131138071,23199664.0,,0.6232073011734028,764.0
0x1f7d447a84caa0bf5e94606cd8133b6c4a1a7acd,0.03294562180098805,0.0064959708,0,27.04,2,1767519715,0.0,0.0,0.0,0.0,0.0,0.075806245220502,0.0,0.05525575477330551,0.0,2.9600000000000004,0.018724696375019202,0.09470575477330552,0.037449392750038404,0.8456546799373668,0.7977546806640674,,1,0.9971727016256966,-0.8726257982401661,0.0,0.03998627594536863,0.2,20781844.0,20781844.0,14.53975339184167,2.666770889227023,19352532.0,,0.29831932773109243,225.0
0x44a0330606862abc89c56d2d19380e21c8a3e8df,0.03294537316417571,0.0064941463,0,77.55244,3,1767528981,-0.43825910975044935,-0.4392712555004505,-0.43825910975044935,-0.43825910975044935,-0.7574132435223045,0.0,-0.43825910975044935,0.0,0.0,,-0.43825910975044935,0.0,-0.43825910975044935,,,-1.531244267221715,0,0.9971727016256966,,-0.43825910975044935,0.010962432245745541,70.4,7321593.0,7321593.0,5.089465430445899,62.63877482698962,5883015.0,,0.5782312925170068,147.0
0xf6d6c194f7878c8fc0ce0ef1798e0239db65f810,0.03294320614073923,0.0064782444,0,8.26,2,1767494857,-0.41700404900042765,-0.41801619475042867,-0.41700404900042765,-0.41700404900042765,-0.5911641719076492,0.0,-0.41700404900042765,0.0,0.0,,-0.41700404900042765,0.0,-0.41700404900042765,,,-1.5622874043747623,0,0.9971727016256966,,-0.41700404900042765,0.09496245184389583,30.5262,34717738.0,34717738.0,24.71974019797017,95.49537183880595,33313284.0,0.0,0.5486725663716814,226.0
0x1a799c0af8a939ba4ed95df95188c2f357491ccb,0.032942226396139244,0.0064710546,0,18.0,4,1766964301,0.0,0.0,0.0,0.0,0.0,0.0,0.0,0.0,0.0,-0.08999999999999958,-0.0012651821875012915,0.0,-0.002530364375002583,,,0.07323216735123611,1,0.9971727016256966,-0.532848968611843,0.0,0.03173510944797992,75.6,3327198.0,3327198.0,3.807307031255364,127.30983167487683,2453300.0,,0.33783783783783783,74.0
0x533d066d655ae6b2d27620d30c81a7af828de5ec,0.032937849489775246,0.0064389324,0,2274.0,6,1766963877,0.0,0.0,0.0,0.0,0.0,0.0,0.0,0.0,0.0,-11.370000000000019,-0.0012651821875012993,0.0,-0.0025303643750025986,,,0.07323216735123607,1,0.9971727016256966,-0.5328403936167737,0.0,0.0330138306199027,51.04,3327976.0,3327976.0,3.8100458628419394,105.74711184615384,2454502.0,,0.2987012987012987,77.0
0x69accfd7abbc8782a7d7052478f0202d3f47c0ef,0.03293775933326208,0.0064382707,0,2.68856,5,1767618035,-0.00012700712556367792,-0.00012852816898360222,-0.00012700712556367792,-0.00012700712556367792,-0.006631000159655619,0.0,-0.00012700712556367792,0.0,0.0,-0.9973218800000001,-0.042453175739417065,0.0,-0.08477934435327046,,,-1.7152401572069074,1,0.9971727016256966,-0.9901902056406318,-0.00012700712556367792,0.003208458961306868,1.009999,7442971.0,7442971.0,4.872227735475559,1.0776907802955666,5915339.0,,0.6731182795698925,465.0
0x945a49252f772a10c6ddd1d1e1e24ee20438a48c,0.03293746266228084,0.0064360932,0,540.4805830000001,182,1767433767,5.803772777809075e-06,6.96452733337089e-06,5.803772777809075e-06,5.803772777809075e-06,0.00020565675395528465,0.018985336835821345,5.803772777809075e-06,0.02106965163829256,0.012458927518383293,0.2365361858350516,0.00262819832723415,0.02121078392622879,0.0052563966544683,2.3091362027869597,2.2917361977469595,-1.6457315363256013,4,0.9971727016256966,-0.8199826785099599,5.803772777809075e-06,0.0,0.0,2571440.0,2571440.0,1.9141796266685722,0.0,1228076.0,,,0.0
0xa882778b683c4a5414c2dac1759b52306b026a9f,0.03293376806858582,0.006408975,0,5.588853,4,1767462719,-0.0003628688417322328,-0.00036438712146573795,-0.0003628688417322328,-0.0003628688417322328,-0.016295559528527348,0.0,-0.0003628688417322328,0.0,0.0,-3.9793498401599265,-0.09103106943663233,0.0,-0.18169927003153244,,,-1.1974008586149476,1,0.9971727016256966,-0.981987610357124,-0.0003628688417322328,0.024459831126326513,33.426,42530857.0,42530857.0,30.9920288038615,41.183633881481484,41158541.0,0.0,0.7303370786516854,89.0
0x67df062792047b772029f1123b234151b895772f,0.03293300396268112,0.006403366,0,241.75122100000002,7,1767475197,-6.651515253422911e-06,1.1824916243990945e-05,-6.651515253422911e-06,-6.651515253422911e-06,0.0019570213126819023,-0.0007913983287705697,-6.651515253422911e-06,-0.19161683567538304,0.0,-8.66911988800818,-0.022704531539305173,-0.17616627160471113,-0.04540241156335692,0.5585887159984904,0.5048887159984903,,1,0.9971727016256966,-0.8453585389188402,-6.651515253422911e-06,0.04204044972518477,61.499995999999996,6945434.0,6945434.0,5.015499778306376,88.81759592021278,5560640.0,,0.5476190476190477,84.0
0x654eef24e3939c996f6dd3134399704a3012a835,0.03293244667415544,0.0063992753,0,60.24708600000001,10,1767491057,2.6931652516737014e-05,2.70258191339284e-05,2.6931652516737014e-05,2.6931652516737014e-05,0.002801895342319833,0.06957820398889944,2.6931652516737014e-05,0.028206838800453802,0.0,-1.5417919600000003,-0.017423228598209016,0.05072667934545605,-0.03487338884893477,0.9849155486468866,0.9409155512436408,-1.431593002834768,2,0.9971727016256966,-0.8550727833331496,2.6931652516737014e-05,0.034381427028341724,2.999999,2160881.0,2160881.0,1.5427657365773417,10.144342627272726,760227.0,0.0,0.3090909090909091,165.0
0x39d0f1dca6fb7e5514858c1a337724a426764fe8,0.03293198790915116,0.0063959076,0,2494.531069,23,1767586737,-0.0014608281654020397,-0.001722574177921606,-0.0014608281654020397,-0.0014608281654020397,-0.006748072936721682,0.17788632683021444,-0.0014608281654020397,0.029520498763494264,0.13960716648911706,47.8493141101214,0.012317329954847092,0.05776346197738838,0.026095488075096224,0.5556252069591004,0.48889395946245684,0.04259999999999993,2,0.9971727016256966,-0.913676749635869,-0.0014608281654020397,0.0,0.0,42566408.0,42566408.0,28.44713011934501,0.0,41070074.0,0.0,,0.0
0x6c4697425852b74e470b1b6ba46cc5ab682c781d,0.03293029131886549,0.006383453,0,428.17683,7,1767504547,7.1606436868598434e-06,7.455056907345626e-06,7.1606436868598434e-06,7.1606436868598434e-06,0.0013822730379027914,-0.0772361409020391,7.1606436868598434e-06,-0.15868962691832267,0.0,32.56681843595507,0.03077770588343453,-0.13188909778386815,0.0615482511231822,0.34631221991359634,0.3242122174321452,,1,0.9971727016256966,-0.8633354035821429,7.1606436868598434e-06,0.0,0.0,3508896.0,3508896.0,2.481286205648081,0.0,2094752.0,,,0.0
0x2fb1200d06810ee535949d8eaa414a5ead21fb84,0.03293011371016798,0.006382149,0,4371.310620000001,25,1767514801,0.0,3.35582352197243e-18,0.0,0.0,6.670474567321625e-10,0.0,0.0,0.0,0.0,-92.97886875,-0.024830650882642955,0.0,-0.04966130176528591,,,-1.8016854017562163,1,0.9971727016256966,-0.9495569790047371,0.0,0.06788131958880968,126.5199995,13132664.0,13132664.0,9.21979952232452,257.16502982377045,11708266.0,,0.2835820895522388,67.0
0x0b04d3ca865cebc8ee25f9354071cda8fa206274,0.03293008484884203,0.0063819373,0,2324.724056,37,1767476769,8.772922976562171e-08,9.079055931780406e-07,8.772922976562171e-08,8.772922976562171e-08,0.0005644287613011444,0.06857891094153239,8.772922976562171e-08,-0.012772066361919458,0.0,17.147209875682265,0.005158320784179365,0.012999803459571021,0.010316553839128965,0.6794189364791463,0.6355470620998495,,2,0.9971727016256966,-0.8463213883652017,8.772922976562171e-08,0.03172704385450774,19.999998,6937750.0,6937750.0,5.004270156654159,112.42927378947368,5551384.0,,0.5230125523012552,189.0
0x2bbba060c9ce38ff9c7a47d8cf8637c8700b5c80,0.032928880560438,0.0063730963,0,866.0,8,1766964173,0.0,0.0,0.0,0.0,0.0,0.0,0.0,0.0,0.0,-0.2766666666666669,-0.00024251760176121888,0.0,-0.00048503520352243776,,,0.07323216735123608,1,0.9971727016256966,-0.5330069935209787,0.0,0.008996296788436229,33.3,3308082.0,3308082.0,3.7859871590922096,61.91206063307493,2434312.0,,0.33067729083665337,251.0
0xf955976daf8dce77ebd64eaa75ef63348ee6bb33,0.032928880560438,0.0063730963,0,1310.0,7,1766958939,0.0,0.0,0.0,0.0,0.0,0.0,0.0,0.0,0.0,1.9623191960249642e-14,7.580736772527179e-18,0.0,1.5161473545054358e-17,,,0.07323216735123611,1,0.9971727016256966,-0.5358894168635853,0.0,0.03512938278322074,23.65,4120665.0,4120665.0,4.74438019840283,59.785089885386824,3252129.0,,0.2727272727272727,110.0
0x8f525273bb48c9d8a5cedafa31acc9072357a35a,0.032928880560438,0.0063730963,0,766.0,5,1766963639,0.0,0.0,0.0,0.0,0.0,0.0,0.0,0.0,0.0,-1.8133642735544222e-15,-8.98525918414733e-19,0.0,-1.797051836829466e-18,,,0.07323216735123608,1,0.9971727016256966,-0.5358759418713335,0.0,0.021463343486222655,29.818,4126303.0,4126303.0,4.725301064088058,64.96556209421487,3253067.0,,0.3389830508474576,177.0
0x58d9cec1517594f63945b992f63725d680b33e3f,0.03292873866957269,0.0063720546,0,7.153072999999999,2,1767464701,-0.7064777296802776,-0.7074898754302785,-0.7064777296802776,-0.7064777296802776,-1.0005417770751515,0.0,-0.7064777296802776,0.0,0.0,,-0.7064777296802776,0.0,-0.7064777296802776,,,-1.170816483908481,0,0.9971727016256966,,-0.7064777296802776,0.06671820803679065,1.4,26698569.0,26698569.0,19.427059487825783,11.765781992424243,25324271.0,0.0,0.7935483870967742,155.0
0xd16cf3b0365953257a485e28b6240d1f8e959100,0.03292844962505487,0.0063699326,0,5.03257,4,1767542925,-0.00010082172954809802,-0.00010194337459172595,-0.00010082172954809802,-0.00010082172954809802,-0.006416340865739364,0.0,-0.00010082172954809802,0.0,0.0,-1.9889695302372254,-0.05031586366285158,0.0,-0.10053090559615507,,,-1.5578514435920612,1,0.9971727016256966,-0.9878173820050054,-0.00010082172954809802,0.011457992168749487,5.9999975,13910232.0,13910232.0,9.576606757074936,9.432565041484718,12457710.0,,0.6521739130434783,230.0
0xf25dce0b43a13fe927b933282961da7f43b68b1e,0.03292800702444025,0.006366683,0,1392.0000000000002,10,1766963259,0.0,0.0,0.0,0.0,0.0,0.0,0.0,0.0,0.0,23.95268000000001,0.013062286240913186,0.0,0.026124572481826373,,,0.07323216735123611,2,0.9971727016256966,-0.7754417041210201,0.0,0.015662951893862107,17.1,4122372.0,4122372.0,4.722854628942231,38.77619832422586,3249516.0,,0.2849462365591398,186.0
0x2f03057416b90d9d23c8643f7796bbb4603991f5,0.03292798476136251,0.0063665197,0,5.821207,4,1767478841,7.135380170018675e-06,6.568734675531407e-05,7.135380170018675e-06,7.135380170018675e-06,0.004561782833745665,-0.031478377130375795,7.135380170018675e-06,-0.13926094348283596,0.0,-0.0116397910866524,-0.0004988234819377534,-0.12975897370234202,-0.0010047823440455254,0.49768275582236676,0.4872231653501562,,1,0.9971727016256966,-0.8475904876354696,7.135380170018675e-06,0.0058090950621036645,1.0,2233142.0,2233142.0,1.6083843859070408,2.187830549832776,844704.0,,0.6992665036674817,409.0
0x9a0da25a28e13828b82ca99906e155886a2f54f7,0.0329256829898169,0.0063496204,0,22.18,4,1767611759,0.0,0.0,0.0,0.0,0.0,0.23888822255631942,0.0,0.05471679181875229,0.0,-0.7899999999999996,-0.009994939281260244,0.08621679181875229,-0.019989878562520488,0.5429764451126388,0.4791764451126388,,1,0.9971727016256966,-0.9290027158234384,0.0,0.017671480764916255,3.9,,,,8.398423645081968,,,0.44631901840490795,598.0
0xad2a1bc09faf29a89f2e1eeeac0018a85f2c69d8,0.03292440059545435,0.0063402047,0,3111.9191180000003,16,1767479393,-1.5051096115758247e-07,4.88875965204032e-07,-1.5051096115758247e-07,-1.5051096115758247e-07,0.0003721164602196822,-0.06103821028995702,-1.5051096115758247e-07,-0.158060779918509,0.0,-26.62793270656451,-0.011099625999545578,-0.14451075653127254,-0.022199101488129997,0.4054173654883465,0.3949577750161358,,1,0.9971727016256966,-0.8479285874410623,-1.5051096115758247e-07,0.059132007416619954,19.9999985,1364084.0,1364084.0,0.9820689853778645,93.09099016891892,-24906.0,,0.2830188679245283,53.0
0x5754becbe873d6ba9eefa4eedf214dd254ece515,0.03292438213998261,0.006340069,0,1001.9227400000001,15,1767432591,-0.4835483787529381,-0.4845605245029392,-0.4835483787529381,-0.4835483787529381,-1.7353452532721534,0.0,-0.4835483787529381,0.0,0.0,,-0.4835483787529381,0.0,-0.4835483787529381,,,-1.7041782495711184,0,0.9971727016256966,,-0.4835483787529381,0.016260909900518553,49.08344,47212948.0,47212948.0,35.17610647688699,169.16023952776183,45870760.0,0.0,0.4139650872817955,382.0
0x6828e04b468e17d92fa1e5d60d59290278a81056,0.03292359775996115,0.00633431,0,10786.101272999995,106,1767433471,0.00035661328885803166,0.000435368406523963,0.00035661328885803166,0.00035661328885803166,0.002269502585029722,-0.005175004566489541,0.00035661328885803166,-0.007549737659007061,0.0,2.2493572870526317,0.0017708973351600675,-0.0020273688205823225,0.003541794670320135,-0.014451259209397285,-0.08900125920939728,-0.6650084075352508,4,0.9971727016256966,-0.8207397280746563,0.00035661328885803166,0.0,0.0,25136039.0,25136039.0,18.71538820074635,0.0,23792971.0,,,0.0
0x01fa3b6bba01437da6235ac67a3a7205955cc2ed,0.032921751798392594,0.0063207555,0,320.43095,6,1767479189,-0.09937000223692254,-0.09968248652068647,-0.09937000223692254,-0.09937000223692254,-0.23036074712042218,0.017705052582357647,-0.09937000223692254,-0.018109099116366836,0.0,3.013509999999999,-0.09492981686364182,-0.0072368883244413595,-0.09048963149036113,0.7390405020612051,0.7211607068250998,-1.7415853112170099,2,0.9971727016256966,-0.8478036375129084,-0.09937000223692254,0.007153791391570116,19.1607,5868898.0,5868898.0,4.225919616125163,37.02729577752809,4480112.0,,0.5525727069351231,438.0
0xf42b953dfcbbac512f9afcfa5f544bb6d3857577,0.032921732583364054,0.0063206144,0,214.0,6,1766958947,0.0,0.0,0.0,0.0,0.0,0.0,0.0,0.0,0.0,-4.727470000000001,-0.011179646422330393,0.0,-0.022359292844660785,,,0.07323216735123611,1,0.9971727016256966,-0.812179432996826,0.0,0.010870990731192767,21.8559,2268603.0,2268603.0,2.6119609369243237,37.77082758041958,1400059.0,,0.2972972972972973,222.0
0x43a9bb2f23054e75914a0aec637ad2bfd4fefaeb,0.032921163937571926,0.006316439,0,847.335317,62,1767311813,-0.003707682531885045,-0.0037202084863846574,-0.003707682531885045,-0.003707682531885045,-0.03344131849909287,0.026022339175820797,-0.003707682531885045,-0.023486095805852706,0.0,0.2616602323529416,-0.0018499988147411821,-0.014418594760356009,7.684902402680781e-06,0.5721405958480856,0.5228749392644926,-1.2652965076545508,4,0.9971727016256966,-0.7468085705850719,-0.003707682531885045,0.0,0.0,2549882.0,2549882.0,2.087654432172653,0.0,1328472.0,0.0,,0.0
0x65cba43d098cb1d988fb2b517494c3dbcaf6e3a4,0.032921081181280294,0.006315831,0,3.7499979999999997,4,1767471573,0.00028446453245405107,0.0009288189881016367,0.00028446453245405107,0.00028446453245405107,0.020129166367685452,0.14944307119466607,0.00028446453245405107,0.01318602855378293,0.0,0.23100029075920592,0.016949332361678313,0.02972115987928611,0.033614200190902575,0.9699447374030217,0.9489447374030218,,1,0.9971727016256966,-0.8431388401951669,0.00028446453245405107,0.07522165686490605,1.08,3644140.0,3644140.0,2.638444217583643,2.797414030075189,2262970.0,,0.21052631578947367,57.0
0x1732bb82fde2db1729bcf51e6153c517a373e713,0.03292090184496395,0.006314514,0,37.974682,2,1767492565,-0.39878541510567167,-0.3997975608556727,-0.39878541510567167,-0.39878541510567167,-0.5653991327657751,0.0,-0.39878541510567167,0.0,0.0,,-0.39878541510567167,0.0,-0.39878541510567167,,,-1.590586450688572,0,0.9971727016256966,,-0.39878541510567167,0.16047474109278292,12.8843995,20735231.0,20735231.0,14.788042323212297,24.77576645652173,19333069.0,,0.2727272727272727,22.0
0x0568322de809dcc991bd0204e8ed19ddc3cc5f4d,0.03291963396159115,0.006305204,0,5.0,2,1767524211,-0.5040485835005168,-0.5050607292505179,-0.5040485835005168,-0.5040485835005168,-0.7142637331281282,0.0,-0.5040485835005168,0.0,0.0,,-0.5040485835005168,0.0,-0.5040485835005168,,,-1.4346929671286108,0,0.9971727016256966,,-0.5040485835005168,0.016744938707093586,3.9,7681125.0,7681125.0,5.3571503297512635,5.205375080717489,6247317.0,,0.6204379562043796,137.0
0x94c00ce1e26c7c9669406c10a6fcde9c7cced36b,0.03291743547460282,0.006289059,0,133.239,7,1767437719,-0.24224021616691505,-0.24257759808358206,-0.24224021616691505,-0.24224021616691505,-0.5892070341308402,0.0,-0.24224021616691505,0.0,0.0,-8.571999999999994,-0.2524234478206813,0.0,-0.26260667947444766,,,-0.6761659838451661,1,0.9971727016256966,-0.8283065487237344,-0.24224021616691505,0.054930658526079965,43.2234,6550656.0,6550656.0,4.862004162349441,41.110396915492956,5203340.0,,0.5454545454545454,33.0
0x46ceeec62ed877c6db4a0ee4bc4385318f06c842,0.03291714417985277,0.0062869196,0,9.041200000000002,10,1766535163,-0.2977992479232121,-0.29810343510188747,-0.2977992479232121,-0.2977992479232121,-0.7552173044068301,-0.02204469598026417,-0.2977992479232121,0.003076496593008542,0.0,0.009466666666666628,-0.29759067921547716,-0.0031699123620215386,-0.2973821105077422,1.6415000000000002,1.6880000000000002,-0.250808408994993,3,0.9971727016256966,-0.2695880449868741,-0.2977992479232121,0.0,0.0,,,,0.0,,,,0.0
0xc123a2074eae8fde13ac105bcb0c952fd179115c,0.03291651042897994,0.0062822653,0,544.0,4,1766958833,0.0,0.0,0.0,0.0,0.0,0.0,0.0,0.0,0.0,-5.440000000000005,-0.002530364375002597,0.0,-0.005060728750005194,,,0.07323216735123608,1,0.9971727016256966,-0.5304001950198879,0.0,0.025804951323785442,24.65,4125993.0,4125993.0,4.751094503874809,60.812954472538856,3257563.0,,0.3386454183266932,251.0
0x7bb78a23f47daea9676dd738ccbe6d24dec91276,0.03291574949965691,0.006276677,0,67.003099,9,1767471569,3.0094435545075344e-08,6.018887109015069e-08,3.0094435545075344e-08,3.0094435545075344e-08,1.1038107634124285e-05,0.10728377979656374,3.0094435545075344e-08,0.010026099839617322,0.0,2.1028665346666666,0.021593919945663374,0.02180808581155893,0.04318783989132675,0.9727693126944926,0.9517693126944926,,2,0.9971727016256966,-0.8431363901965756,3.0094435545075344e-08,0.09296537508459043,1.0,12292033.0,12292033.0,8.899750645469117,3.777072341463415,10910867.0,,0.35135135135135137,37.0
0xac4e0811fc99799773598f9be82e46dbf95510eb,0.032909899642318136,0.0062337103,0,16.2,3,1767557433,-0.11099865058344713,-0.11133603250011413,-0.11099865058344713,-0.11099865058344713,-0.19283966500333746,0.07460977096250593,-0.11099865058344713,0.0441667301667619,0.0,0.5000000000000004,-0.10678137662510946,0.06717169960613156,-0.10256410266677181,0.7961394860172937,0.7183394860172936,-1.7395014790734724,1,0.9971727016256966,-0.8957280599563655,-0.11099865058344713,0.10261702741347697,3.35,92755659.0,92755659.0,63.22683176213165,9.64430858974359,91288629.0,,0.4017857142857143,110.0
0x6256ea888dd97e21e71cd1d0b69c4ea2c0c77181,0.03290773011855719,0.0062177735,0,457.505104,7,1767479507,-0.3192095140356823,-0.3202216597856834,-0.3192095140356823,-0.3192095140356823,-0.7682668328960515,0.0,-0.3192095140356823,0.0,0.0,,-0.3192095140356823,0.0,-0.3192095140356823,,,-1.6724486564023435,0,0.9971727016256966,,-0.3192095140356823,0.04703609645290676,23.5545,21937613.0,21937613.0,15.79263539662977,56.141322821989526,20548509.0,,0.40476190476190477,42.0
0x544ed705cdeef03868ee54560728a8b9b115016d,0.032905981554053956,0.0062049283,0,13.227512,2,1767564923,-0.38157890673662226,-0.3825910524866233,-0.38157890673662226,-0.38157890673662226,-0.5410654552691793,0.0,-0.38157890673662226,0.0,0.0,,-0.38157890673662226,0.0,-0.38157890673662226,,,-1.6209972546136413,0,0.9971727016256966,,-0.38157890673662226,0.12056643656618539,4.9999994999999995,16432773.0,16432773.0,11.144489732251852,7.603969109374999,14958253.0,,0.5625,32.0
0x9800353754ff4af69601d07db0fd68385d7fd1c7,0.03290518580785043,0.0061990824,0,7.99,4,1767448737,0.0,0.0,0.0,0.0,0.0,0.0,0.0,0.0,0.0,-2.17,-0.054908906937556304,0.0,-0.10981781387511261,,,-0.6681662133536128,1,0.9971727016256966,-0.8471029379158107,0.0,0.11629860802408562,28.7511,33873779.0,33873779.0,24.937739171661757,50.8310524,32515445.0,0.0,0.6,24.0
0xb8e4a4551d2c6b080ae5a523ff1f0cae8e922dae,0.03290517427175892,0.0061989976,0,4448.703917,40,1767562275,-0.0012612487531397539,-0.0013743795485948813,-0.0012612487531397539,-0.0012612487531397539,-0.015201696420126195,-0.0009395410261573431,-0.0012612487531397539,0.015660316044205008,0.14710793260579358,16.333393844,0.00446978234101026,0.040662865408639774,0.010200813435160275,0.7060212490617753,0.6253714486337566,0.08697845328217371,1,0.9971727016256966,-0.8986937832510746,-0.0012612487531397539,0.0,0.0,45971859.0,45971859.0,31.233598437907645,0.0,44499987.0,0.0,,0.0
0x07351640d6f840e402170bbcf04c137e5366005d,0.03290495553045519,0.0061973906,0,1981.052861,11,1767448171,-0.6818724066703256,-0.6828845524203265,-0.6818724066703256,-0.6818724066703256,-1.8617242670994953,0.0,-0.6818724066703256,0.0,0.0,,-0.6818724066703256,0.0,-0.6818724066703256,,,-0.6495327112514986,0,0.9971727016256966,,-0.6818724066703256,0.03705054374828144,96.9999995,37543194.0,37543194.0,27.650669333788983,215.78762063907286,36185426.0,0.0,0.3178294573643411,129.0
0x2662267e351c8aae02923da97783b8266d85d5eb,0.03290489284304408,0.00619693,0,6.5862940000000005,4,1766503659,1.9344593116447842e-05,-0.0007834543163947947,1.9344593116447842e-05,1.9344593116447842e-05,-0.0253437493519563,0.0,1.9344593116447842e-05,0.0,0.0,0.06580013973268167,0.002547296267453646,0.0,0.005075247941790844,,,0.012717502098055984,1,0.9971727016256966,-0.3628754163466356,1.9344593116447842e-05,0.03534999065772193,1.289999,,,,1.6976781754385963,,,0.45054945054945056,91.0
0xaa751f693a3ef63c31c34bcba3ae142059d981f2,0.03290433100672625,0.0061928025,0,2480.378595,31,1767474709,-0.0053443725418951486,-0.005377567402403814,-0.0053443725418951486,-0.0053443725418951486,-0.029694223051855005,0.0011437828878969,-0.0053443725418951486,-0.02191722457077907,0.0,3.071203462307697,-0.0012025135142447506,-0.019529805244627094,0.0029393455134056473,0.6847261720903512,0.6468761737472315,-1.8079608414394346,3,0.9971727016256966,-0.8450596390907075,-0.0053443725418951486,0.06501904325187301,4.5,3805686.0,3805686.0,2.7491652857099513,41.516067815735,2421380.0,,0.5175438596491229,114.0
0x443f84f6e0388ecbc8e563afe4609bb599bc7d43,0.03290396553920436,0.0061901174,0,8.848785999999999,4,1767427935,-2.9583825553945566e-05,5.535464903785e-05,-2.9583825553945566e-05,-2.9583825553945566e-05,0.00485668190705246,0.051094073661827735,-2.9583825553945566e-05,0.09055040766556159,0.0,-1.1654996660867654,-0.02849247691051965,0.0888501918661834,-0.05695536999548535,0.8985043767386334,0.9074043666586318,,1,0.9971727016256966,-0.8164105805639161,-2.9583825553945566e-05,0.10868852549062899,1.9999989999999999,12276957.0,12276957.0,9.178813665766501,1.9978408421052636,10939425.0,,0.25,12.0
0x7cbdba1a5833baa3ec8c107c19c8b7d2d80f3a8d,0.03290375561582433,0.006188575,0,3.4,1,1767499019,-0.3431174092503518,-0.34412955500035286,-0.3431174092503518,-0.3431174092503518,-0.3441295550003528,0.0,-0.3431174092503518,0.0,0.0,,-0.3431174092503518,0.0,-0.3431174092503518,,,-1.7096417737761394,0,0.9971727016256966,,-0.3431174092503518,0.020238567610524744,4.999997,43557866.0,43557866.0,30.922455800587244,7.0088545714285715,42149250.0,0.0,0.68,125.0
0xc26cc08104b1edc8e0d04cbb97cd62a62b77d62f,0.0329033262023121,0.0061854203,0,39.999998,3,1767494435,-0.40890687121524694,-0.40991901696524796,-0.40890687121524694,-0.40890687121524694,-0.6866280597204799,0.0,-0.40890687121524694,0.0,0.0,,-0.40890687121524694,0.0,-0.40890687121524694,,,-1.578168551294109,0,0.9971727016256966,,-0.40890687121524694,0.09590978384775432,19.999999,1833652.0,1833652.0,1.3059901768620659,36.02311670000001,429620.0,,0.3,50.0
0x4af36c494bd8080ab7707b7dd94996fe61a4fbe5,0.032902617158964115,0.006180211,0,148.661554,6,1767479247,-3.0682687717372974e-07,3.0576885345933602e-06,-3.0682687717372974e-07,-3.0682687717372974e-07,0.0009457297951996647,-0.05283602608855276,-3.0682687717372974e-07,-0.1525681071163379,0.0,-1.4668354040000005,-0.0037453518137008745,-0.13711794561325016,-0.007490396800524575,0.4257678485157621,0.4153082580435515,,1,0.9971727016256966,-0.8478391624924816,-3.0682687717372974e-07,0.09488036668813374,51.0,2350082.0,2350082.0,1.692113729115725,50.08033369565217,961238.0,,0.3076923076923077,13.0
0xff7784fa89310b3395d47f9863181143d3294b76,0.03290255815190999,0.0061797774,0,49.773058999999996,14,1767497983,-0.004828254814546538,-0.005816680198870581,-0.004828254814546538,-0.004828254814546538,-0.014059339733737493,0.0,-0.004828254814546538,0.0,0.6502297782278442,-0.28098854025000053,-0.004911571236122329,0.0,-0.00499488765769812,,,-0.04800000000000004,2,0.9971727016256966,-0.8599360305367825,-0.004828254814546538,0.07623923538694785,7.2,19754159.0,19754159.0,14.034128788417,28.69010119208277,18346579.0,,0.6567796610169492,236.0
0xf298d4bdd2bae01235453fb6bdad237baf3312f8,0.03290240825797328,0.006178676,0,1016.0,10,1766959181,0.0,0.0,0.0,0.0,0.0,0.0,0.0,0.0,0.0,20.686399999999985,0.01287995315134194,0.0,0.02575990630268388,,,0.07323216735123611,2,0.9971727016256966,-0.7116486408020315,0.0,0.01489884820706855,19.09,4120815.0,4120815.0,4.743231297293439,44.1768204,3252037.0,,0.30412371134020616,194.0
0x26519b477f1cd031919e18f33fd8d3fcb48c3471,0.032902346082288654,0.0061782193,0,1725.58766,2,1767716787,0.0020242915000020776,0.003036437250003116,0.0020242915000020776,0.0020242915000020776,0.004294170740249271,-0.02729096473435494,0.0020242915000020776,-0.09459096613147501,0.0,,0.0,0.0015090338685250044,0.0,-0.02079096629457062,-0.09459096613147501,,1,0.9971727016256966,-0.9933323288339109,0.0020242915000020776,0.0,0.0,16569168.0,16569168.0,10.187734262019301,0.0,14942784.0,,,0.0
0xacc2c1d6335d6b53383ff44aeeaf1bcc9f7bc707,0.032901839364197556,0.0061744964,0,33.783782,2,1767472587,-0.29858298210941475,-0.2995951278594158,-0.29858298210941475,-0.29858298210941475,-0.4236914930396873,0.0,-0.29858298210941475,0.0,0.0,,-0.29858298210941475,0.0,-0.29858298210941475,,,-1.7102078759113004,0,0.9971727016256966,,-0.29858298210941475,0.031666354735085486,15.0,1651776.0,1651776.0,1.1950478373356948,17.73776644303797,269592.0,0.0,0.32727272727272727,55.0
0x8cd560d5282b01c8ac7d90430315255b7c6e4792,0.03290121711582115,0.0061699245,0,1.999998,2,1767478773,-0.3198378513352741,-0.3208499970852751,-0.3198378513352741,-0.3198378513352741,-0.45375041736536426,0.0,-0.3198378513352741,0.0,0.0,,-0.3198378513352741,0.0,-0.3198378513352741,,,-1.6466097089771488,0,0.9971727016256966,,-0.3198378513352741,0.07084417304988588,0.999999,10914018.0,10914018.0,7.861029840748504,1.3767400108695653,9525648.0,,0.6588235294117647,85.0
0x8ce8638d3563602431d4fbaa6d7adf6519e4e255,0.03290121711582115,0.0061699245,0,10.752687,2,1767578503,-0.2813764551510913,-0.2823886009010923,-0.2813764551510913,-0.2813764551510913,-0.399357789253888,0.0,-0.2813764551510913,0.0,0.0,,-0.2813764551510913,0.0,-0.2813764551510913,,,-1.8534206204544967,0,0.9971727016256966,,-0.2813764551510913,0.06377283565400574,1.23354,10812934.0,10812934.0,7.266268395941133,2.77999596,9324834.0,,0.6666666666666666,39.0
0x18f242d52fca6408991dd89563b8a6309e615a03,0.03290103325748149,0.0061685736,0,10.059999999999999,4,1767522883,0.0,0.0,0.0,0.0,0.0,0.0,0.0,0.0,0.0,-4.859999999999999,-0.06148785431256305,0.0,-0.1229757086251261,,,-1.4382031438100598,1,0.9971727016256966,-0.9816911605275827,0.0,0.029323742094671517,4.55,20734340.0,20734340.0,14.474435943259243,10.021554685431722,19301860.0,,0.5196850393700787,125.0
0xebf9ca010852d361d0a941ad3c3bbedce0af1eef,0.032899394991039284,0.0061565363,0,328.50613799999996,8,1767479825,-2.766422044481063e-07,2.031136185290042e-06,-2.766422044481063e-07,-2.766422044481063e-07,0.0007573439339391869,-0.0875842933481136,-2.766422044481063e-07,-0.15899802177148104,0.0,-2.320585835000004,-0.004882935457289188,-0.14479791990090116,-0.009765594272373928,0.3993848164713939,0.3889252259991832,,1,0.9971727016256966,-0.8481931872889173,-2.766422044481063e-07,0.03088275445211511,2.7708,36612646.0,36612646.0,26.350990555785067,5.5185335985294115,35223224.0,0.0,0.6285714285714286,70.0
0xd871ab82b74211b0109756f7799bae1c478ed515,0.03289854527830573,0.0061502927,0,2.8688450000000003,4,1767474773,-0.00010609875415371875,0.0009517741824529502,-0.00010609875415371875,-0.00010609875415371875,0.01714109428261631,-0.0389101737468754,-0.00010609875415371875,-0.1921258371887482,0.0,-0.04861972669050514,-0.0043944316665284556,-0.17918607761143357,-0.008682764578903194,0.5130828208003404,0.4591828208003404,,1,0.9971727016256966,-0.8450988390681675,-0.00010609875415371875,0.03693314774118206,1.9,2127022.0,2127022.0,1.5364548494983277,2.171201135265701,742652.0,0.0,0.296875,64.0
0x343c3d92ef6b775b5feea0d1d236e9665ed5608a,0.032898358455884805,0.00614892,0,3.6979440000000006,3,1767496995,-0.3734818283349792,-0.37449397408498025,-0.3734818283349792,-0.3734818283349792,-0.6116205303156554,0.0,-0.3734818283349792,0.0,0.0,,-0.3734818283349792,0.0,-0.3734818283349792,,,-1.6463466563707745,0,0.9971727016256966,,-0.3734818283349792,0.04869776494101872,9.09,15172776.0,15172776.0,10.786906224406225,15.831183293577983,13766184.0,,0.509090909090909,55.0
0x4dd23a92dc162ff32eddf3c6a373abd996cb251a,0.03289620354475493,0.006133085,0,3.333332,2,1767517827,-0.30263139706400244,-0.3036435428140034,-0.30263139706400244,-0.30263139706400244,-0.4294168163745793,0.0,-0.30263139706400244,0.0,0.0,,-0.30263139706400244,0.0,-0.30263139706400244,,,-1.8226565763434361,0,0.9971727016256966,,-0.30263139706400244,0.14253985896730834,1.0,4615842.0,4615842.0,3.233686697155155,2.78885612195122,3188418.0,,0.584,120.0
0x56dc10eea341b4ed06e55099a8b34ffb730c6c33,0.03289530499248433,0.006126482,0,102.564101,4,1767498845,-0.01872468680758484,-0.019736832557585876,-0.01872468680758484,-0.01872468680758484,-0.10239962695377121,0.0,-0.01872468680758484,0.0,0.9750000148687503,,-0.01872468680758484,0.0,-0.01872468680758484,,,-0.7967379912957763,0,0.9971727016256966,,-0.01872468680758484,0.14921535926344465,1.9999995,36895898.0,36895898.0,26.19624947282174,4.7094907692307695,35487456.0,,0.5294117647058824,17.0
0x4da698d2d19cea802d1128efc8b9aee2df5559fa,0.03289530416871668,0.006126476,0,1175.1466329999996,14,1767622109,-0.25306125326975726,-0.2540733990197583,-0.25306125326975726,-0.25306125326975726,-0.760296114304684,0.0,-0.25306125326975726,0.0,0.4388028051304472,,-0.25306125326975726,0.0,-0.25306125326975726,,,-1.2326500000000005,0,0.9971727016256966,,-0.25306125326975726,0.013864635574147462,60.0,11095058.0,11095058.0,7.243595050225043,150.55293357598038,9563352.0,,0.41578947368421054,190.0
0x53edcfa1e81bae084e936954ff905d894adf7aea,0.03289415572925965,0.0061180363,0,2.0,2,1767437545,-0.7277327942507462,-0.7287449400007472,-0.7277327942507462,-0.7277327942507462,-1.0306009776598242,0.0,-0.7277327942507462,0.0,0.0,,-0.7277327942507462,0.0,-0.7277327942507462,,,-0.6574335348788682,0,0.9971727016256966,,-0.7277327942507462,0.0031440873486408985,2.85,36662043.0,36662043.0,27.214683381558885,3.600487489738806,35314901.0,0.0,0.7141350210970464,905.0
0x057512b4df4f97f2f572152f3c3e5515b9235199,0.03289415572925965,0.0061180363,0,14.771046,2,1767459295,-0.6842105172705378,-0.6852226630205387,-0.6842105172705378,-0.6842105172705378,-0.9690511832890552,0.0,-0.6842105172705378,0.0,0.0,,-0.6842105172705378,0.0,-0.6842105172705378,,,-1.216905102964711,0,0.9971727016256966,,-0.6842105172705378,0.02104895548948997,19.18,37215677.0,37215677.0,27.186715241231596,28.784664653333337,35846785.0,0.0,0.7352941176470589,135.0
0x300f731f044a7fe9e50daab6f9fc3f319b61d366,0.0328933847174811,0.00611237,0,56.1,1,1767469787,-0.5668016200005812,-0.5678137657505823,-0.5668016200005812,-0.5668016200005812,-0.5678137657505823,0.0,-0.5668016200005812,0.0,0.0,,-0.5668016200005812,0.0,-0.5668016200005812,,,-1.2836756079995573,0,0.9971727016256966,,-0.5668016200005812,0.01936415286029547,18.0171425,27901441.0,27901441.0,20.227464578391515,30.77713356356736,26522057.0,,0.5900621118012422,290.0
0x8e31ab6e8bfa20288af8b492b3facf63702b283f,0.03289320261221811,0.006111032,0,65.67839,3,1767555647,-0.3842537345171644,-0.38526588026716546,-0.3842537345171644,-0.3842537345171644,-0.6565001889346012,0.0,-0.3842537345171644,0.0,0.0,,-0.3842537345171644,0.0,-0.3842537345171644,,,-1.5960787627964785,0,0.9971727016256966,,-0.3842537345171644,0.07986257845354919,18.799999,,,,26.860671894957978,,,0.5357142857142857,28.0
0x4946de1a2f4d904cf718a9b551157882d8b08abd,0.03289320261221811,0.006111032,0,9.608293,4,1767528903,-0.4382590926852317,-0.43927123843523275,-0.4382590926852317,-0.4382590926852317,-0.878359864417776,0.0,-0.4382590926852317,0.0,0.0,,-0.4382590926852317,0.0,-0.4382590926852317,,,-1.5312442959898747,0,0.9971727016256966,,-0.4382590926852317,0.05326870325767653,4.999998,,,,6.794447734693878,,,0.5483870967741935,31.0
0xd9606a847d026c99c0162df8e11288471171ed40,0.03289320261221811,0.006111032,0,6.516753,4,1767493947,-0.34689185731883165,-0.3479040030688327,-0.34689185731883165,-0.34689185731883165,-0.6990891174466853,0.0,-0.34689185731883165,0.0,0.0,,-0.34689185731883165,0.0,-0.34689185731883165,,,-1.7005340197143317,0,0.9971727016256966,,-0.34689185731883165,0.020209249224151328,2.036,,,,6.024568173913044,,,0.5654761904761905,168.0
0xd3f36240e3f5dc055b97edce953784efcf42c8d5,0.032893114728085024,0.006110386,0,3054.9943179999996,8,1767500299,1.5326886553432668e-09,-4.3299675616183914e-08,1.5326886553432668e-09,1.5326886553432668e-09,-0.00011466331058975769,0.0,1.5326886553432668e-09,0.0,0.0,10.999977959999914,0.0013917017354224868,0.0,0.0027834019381563183,,,-1.8019560516785083,1,0.9971727016256966,-0.8696159749708144,1.5326886553432668e-09,0.05036612005882849,13.8,20308698.0,20308698.0,14.40439436667669,132.83066484309137,18898802.0,,0.6111111111111112,71.0
0x6cbc5b5db56951bb0b25dda4013d59895d831782,0.032892388853104415,0.0061050514,0,228.624732,3,1767535353,-0.4210526303797031,-0.4220647761297041,-0.4210526303797031,-0.4210526303797031,-0.7097046595078348,0.0,-0.4210526303797031,0.0,0.0,,-0.4210526303797031,0.0,-0.4210526303797031,,,-1.5508604222106481,0,0.9971727016256966,,-0.4210526303797031,0.1056034992799736,27.0384,4447727.0,4447727.0,3.078118273988719,48.718736725,3002777.0,,0.43243243243243246,37.0
0x912796652fc8df4d0964fcf677437057c55d6ff3,0.032891915800800156,0.0061015747,0,38.68,7,1767489807,-0.38178137690039154,-0.3827935226503925,-0.38178137690039154,-0.38178137690039154,-1.0353820277097117,0.0,-0.38178137690039154,0.0,0.0,,-0.38178137690039154,0.0,-0.38178137690039154,,,-1.4678686403220351,0,0.9971727016256966,,-0.38178137690039154,0.0265810670178926,8.8885,37723322.0,37723322.0,26.95670585477818,19.82575748725728,36323918.0,0.0,0.5729166666666666,236.0
0xd7377c1218a9e298695fcede135c816cbe6871bb,0.032891734020193325,0.0061002388,0,265.29451700000004,34,1767478255,-0.20828965365799207,-0.2093017994079931,-0.20828965365799207,-0.20828965365799207,-1.128308146149007,0.0,-0.20828965365799207,0.0,0.05201463323118737,,-0.20828965365799207,0.0,-0.20828965365799207,,,-1.6032161102493998,0,0.9971727016256966,,-0.20828965365799207,0.009581162209834643,8.81,47290268.0,47290268.0,34.07443156763113,17.808470662094763,45902416.0,0.0,0.5,548.0
0x77f14519a463512885c14c70be4ebb2e97f0a137,0.032891399290440076,0.0060977787,0,573.839987,17,1767480247,-4.066486752609884e-07,6.418454906958443e-07,-4.066486752609884e-07,-4.066486752609884e-07,0.0004355401592759246,-0.0686072838283349,-4.066486752609884e-07,-0.13565798432635853,0.0,-16.805553254669153,-0.023740960973742876,-0.12249566740550794,-0.04748151529881049,0.43166031209727634,0.4209204610164725,,1,0.9971727016256966,-0.8484516621402942,-4.066486752609884e-07,0.04977995098361232,49.999999,30110641.0,30110641.0,21.66476309571434,121.7348946727273,28720797.0,0.0,0.423728813559322,59.0
0x0bc648db41ba59c97d23c73f4ab650f6e30697dc,0.03288941366238397,0.006083185,0,7.999998,2,1767469699,-0.5961537870340031,-0.5971659327840042,-0.5961537870340031,-0.5961537870340031,-0.8445201611303189,0.0,-0.5961537870340031,0.0,0.0,,-0.5961537870340031,0.0,-0.5961537870340031,,,-1.2605364227189555,0,0.9971727016256966,,-0.5961537870340031,0.02271934420267368,3.3264995,6466302.0,6466302.0,4.688117706424147,6.786275826492537,5087006.0,,0.5071633237822349,346.0
0x2b6904c05ac0a3cf1401d90f69956a1a1dfbfda4,0.03288941366238397,0.006083185,0,360.87759500000004,3,1767465775,-0.7051510015633438,-0.7061631473133447,-0.7051510015633438,-0.7051510015633438,-1.1963148206854017,0.0,-0.7051510015633438,0.0,0.0,,-0.7051510015633438,0.0,-0.7051510015633438,,,-1.1858332317364153,0,0.9971727016256966,,-0.7051510015633438,0.11974110453845642,19.999999,10087747.0,10087747.0,7.334558941144651,58.83405878947368,8712375.0,,0.5,34.0
0xb29071f7bd784e8d0b860234eee583ed9a1ed7e4,0.03288941366238397,0.006083185,0,41.210178,3,1767532971,-0.43034070612977265,-0.4313528518797737,-0.43034070612977265,-0.43034070612977265,-0.7101011525636854,0.0,-0.43034070612977265,0.0,0.0,,-0.43034070612977265,0.0,-0.43034070612977265,,,-1.540820583601651,0,0.9971727016256966,,-0.43034070612977265,0.051737506165739744,19.999997,7159590.0,7159590.0,4.9630866621192204,16.25618857142857,5717022.0,,0.5714285714285714,21.0
0x9dd483126ebe16f2d853d49060040b556a95a038,0.03288847119483924,0.0060762577,0,9.000725,4,1767464641,-0.00010779892391366117,-0.00013257376532735632,-0.00010779892391366117,-0.00010779892391366117,-0.009698606191894884,0.0,-0.00010779892391366117,0.0,0.0,-4.064099835061649,-0.07220970581925136,0.0,-0.14431161271458906,,,-1.1595528977908964,1,0.9971727016256966,-0.9497052039195077,-0.00010779892391366117,0.048738264588665946,11.973,19220967.0,19220967.0,13.986636230405505,32.144791980198015,17846729.0,,0.6759259259259259,106.0
0x721641313a676ff4a86f67542b07b683db61e7d0,0.032888048626103936,0.0060731517,0,5.048444000000001,4,1767471889,2.7086688286898438e-05,0.0003538182181623752,2.7086688286898438e-05,2.7086688286898438e-05,0.008651369284845396,-0.07547691407534335,2.7086688286898438e-05,-0.17145368705099573,0.0,0.04032020331872081,0.002048002560000094,-0.15492609038957902,0.0040689184317132905,0.25556427800434034,0.22056427800434036,,1,0.9971727016256966,-0.8433323900838757,2.7086688286898438e-05,0.017152495112082226,2.999999,13609198.0,13609198.0,9.851129870299085,12.507396441176473,12227712.0,,0.5084388185654009,473.0
0x92c92e55d4621f7051edb5eedbc1b669291164d1,0.032887951885843425,0.0060724407,0,10.911701,4,1767433437,-0.7224984028925612,-0.7235105486425623,-0.7224984028925612,-0.7224984028925612,-1.447111514773301,0.0,-0.7224984028925612,0.0,0.0,,-0.7224984028925612,0.0,-0.7224984028925612,,,-0.692833962738189,0,0.9971727016256966,,-0.7224984028925612,0.0152123271628023,3.859999,7406796.0,7406796.0,5.5149728152824125,4.602520741253051,6063762.0,0.0,0.5084745762711864,454.0
0x26d10c05611f3e8651ee54c447bd0cc0a9c894b0,0.032887951885843425,0.0060724407,0,8.14,2,1767495929,-0.4109311745004214,-0.41194332025042246,-0.4109311745004214,-0.4109311745004214,-0.5825758304271507,0.0,-0.4109311745004214,0.0,0.0,,-0.4109311745004214,0.0,-0.4109311745004214,,,-1.576731516514583,0,0.9971727016256966,,-0.4109311745004214,0.02992497643349696,8.0,12950892.0,12950892.0,9.21426711423339,35.36428386446887,11545366.0,0.0,0.5242718446601942,103.0
0x81525952f172646a4104030e9a9ef1e769c7bfda,0.03288780078912989,0.00607133,0,909.15,11,1767547159,-0.3476391399021637,-0.3486512856521647,-0.3476391399021637,-0.3476391399021637,-1.0983434739936186,0.0,-0.3476391399021637,0.0,0.0,,-0.3476391399021637,0.0,-0.3476391399021637,,,-1.533939048956645,0,0.9971727016256966,,-0.3476391399021637,0.034367816623399765,27.2,37121559.0,37121559.0,25.482345018657895,100.11441167166979,35664803.0,0.0,0.4392523364485981,79.0
0x66a5b7534799c8f1bd6bc152a5b9a852004956cb,0.03288693058647705,0.0060649337,0,311.83703,8,1767638139,-0.03262834223449103,-0.033314223302483334,-0.03262834223449103,-0.03262834223449103,-0.10707197971582472,0.0,-0.03262834223449103,0.0,0.0,-90.52608500000002,-0.06710983137246228,0.0,-0.10159132051043353,,,-1.7109417754381082,2,0.9971727016256966,-0.9509216282200638,-0.03262834223449103,0.03955250006370224,20.2464,40874949.0,40874949.0,26.40950976135465,41.682355468513855,39327213.0,0.0,0.45054945054945056,91.0
0x299cb40195d270438f8950902f242d796457d85e,0.032886686241930405,0.0060631377,0,656.3024,16,1766618493,-0.0005106650991775685,-0.0051017656469064705,-0.0005106650991775685,-0.0005106650991775685,-0.09632598547086653,0.0,-0.0005106650991775685,0.0,0.0,2.4404285714285696,0.004705356550857339,0.0,0.009921378200892245,,,0.06733629638710165,2,0.9971727016256966,-0.5279036464554033,-0.0005106650991775685,0.0,0.0,1728950.0,1728950.0,3.273968452347138,0.0,1200860.0,,,0.0
0xfd5294de1d526489fede36ee0e43ae4779050c2f,0.03288648212657028,0.0060616373,0,501.98800000000006,3,1767715419,0.006070854249008183,0.007082999999009221,0.006070854249008183,0.006070854249008183,0.010205150230572817,-0.03443867832968196,0.006070854249008183,-0.09013867771032194,0.0,,0.0,0.006061322289678055,0.0,-0.021409927858069583,-0.09050992785806959,,1,0.9971727016256966,-0.9924944293157032,0.006070854249008183,0.0,0.0,4345062.0,4345062.0,2.6738579804752693,0.0,2720046.0,,,0.0
0xb05669ed8e0933a78174160ef3fd8027927725ec,0.03288358498607135,0.0060403408,0,57.365007,9,1767437917,-1.3390340826916521e-06,5.4239355248269485e-06,-1.3390340826916521e-06,-1.3390340826916521e-06,0.0013254207832664457,-0.0003443859803210311,-1.3390340826916521e-06,-0.08338399838851981,0.0,-2.6136376160000006,-0.031753511470030645,-0.07824892195713944,-0.0635056839059786,0.5237887087249282,0.5048887087249283,-0.6899055624673223,1,0.9971727016256966,-0.8453217889399713,-1.3390340826916521e-06,0.08218046975645822,19.999997,3847362.0,3847362.0,2.8551554937462615,28.66054852380952,2499848.0,,0.6,15.0
0x2f4ad5b6f519118f3d968fbbdbe5c6a7b9227c9f,0.03288216323871345,0.006029889,0,3871.104378,12,1767641923,-0.09050041692503388,-0.09107613585768938,-0.09050041688564461,-0.09050041692503388,-0.23098606652592846,0.0,-0.09050041692503388,0.0,0.1585086720767696,25.895246390857157,-0.08736263249689383,0.0,-0.0842248481475323,,,-1.7396999999999998,1,0.9971727016256966,-0.9788136371821586,-0.09050041688564461,0.0,0.0,1840982.0,1840982.0,1.1865667216664948,0.0,289462.0,0.0,,0.0
0x451690c986b12b843db66b924ac61c27cb6cea0e,0.03288029234895163,0.0060161348,0,668.0,7,1766963471,0.0,0.0,0.0,0.0,0.0,0.0,0.0,0.0,0.0,-4.538029999999994,-0.003437984863680542,0.0,-0.006875969727361084,,,0.07323216735123611,1,0.9971727016256966,-0.7991025655160249,0.0,0.009634003952364072,19.74,2278473.0,2278473.0,2.609731429854261,39.59206229479259,1405405.0,,0.3277027027027027,296.0
0xa11b7631e9b36f909621a5368bb21d243771f663,0.03287862208225103,0.006003855,0,456.2412,19,1767420873,-0.023755592605016494,-0.024000235043852743,-0.023755592605016494,-0.023755592605016494,-0.12234310716689151,0.0,-0.023755592605016494,0.0,0.3956523515893829,-1.8911911999999986,-0.030927013099313415,0.0,-0.038098433593610335,,,-1.5611385134238376,1,0.9971727016256966,-0.8513818604554302,-0.023755592605016494,0.025355693340895068,17.899998,5155176.0,5155176.0,3.874702924530429,23.83602152713178,3824706.0,0.0,0.5161290322580645,62.0
0x2d79dd88a20cfbd796c7cb9a9e52cced414e68c3,0.03287798448774119,0.005999167,0,449.0962400000001,25,1767459939,-0.0311222890052636,-0.031198869019889677,-0.0311222890052636,-0.0311222890052636,-0.1842762880277563,0.0,-0.0311222890052636,0.0,0.0,-10.17438499388923,-0.06807329284067933,0.0,-0.10502429667609506,,,-1.3611015905299908,1,0.9971727016256966,-0.8427370404262018,-0.0311222890052636,0.060173182381099165,19.999999,35821272.0,35821272.0,26.155772466003086,38.892808934579435,34451736.0,0.0,0.6444444444444445,44.0
0x02dc3195fb8debae961b50e922dae7b8d40c89f3,0.032876170762299546,0.0059858314,0,16.56,2,1767494677,-0.41801619475042856,-0.4190283405004296,-0.41801619475042856,-0.41801619475042856,-0.5925955621543988,0.0,-0.41801619475042856,0.0,0.0,,-0.41801619475042856,0.0,-0.41801619475042856,,,-1.5620206352787829,0,0.9971727016256966,,-0.41801619475042856,0.0122265688320406,2.67624,2489136.0,2489136.0,1.7725429652617652,3.5490560332480823,1084862.0,,0.48863636363636365,176.0
0xc4c951d1a02316c6fb6d99c2260787129915e280,0.032876170762299546,0.0059858314,0,1.0204,2,1767257499,-0.9908906892510161,-0.9919028350010172,-0.9908906892510161,-0.9908906892510161,-1.4027624418147606,0.0,-0.9908906892510161,0.0,0.0,,-0.9908906892510161,0.0,-0.9908906892510161,,,-0.6988606728052549,0,0.9971727016256966,,-0.9908906892510161,0.06061444981380645,0.999998,2231920.0,2231920.0,1.9123705333580099,1.04977748,1064824.0,,0.4,20.0
0xfd319c19a7db2020fb37c1fce82eb65f6db9293b,0.03287396551688162,0.005969616,0,8.505,3,1767587289,-0.10526315800010791,-0.10560053991677493,-0.10526315800010791,-0.10526315800010791,-0.18290550044255946,0.14340613695869042,-0.10526315800010791,-0.015884731593485663,0.0,-0.06999999999999951,-0.10644399470844244,0.005115268406514337,-0.10762483141677698,0.49673749628531283,0.43963749628531285,-1.7733143904615551,1,0.9971727016256966,-0.9140148494414616,-0.10526315800010791,0.1279385430301919,1.066,,,,2.8912303238095234,,,0.3793103448275862,29.0
0x7be1a8e4b1a23e4a6a7a4fe036b694e8642523ed,0.03287329856309789,0.005964712,0,3.551723,2,1767609177,-0.29250993081827836,-0.2935220765682794,-0.29250993081827836,-0.29250993081827836,-0.41510290153877477,0.0,-0.29250993081827836,0.0,0.0,,-0.29250993081827836,0.0,-0.29250993081827836,,,-1.8439506353681,0,0.9971727016256966,,-0.29250993081827836,0.08968629780361646,1.339999,6114946.0,6114946.0,4.026238268498144,1.5433324000000004,4596172.0,0.0,0.07692307692307693,13.0
0xa9e50c32aa29dda941bd2960d3749e4ef0fdd252,0.032869504736377064,0.0059368126,0,248.0,4,1766963243,0.0,0.0,0.0,0.0,0.0,0.0,0.0,0.0,0.0,-10.912000000000004,-0.011133603250011422,0.0,-0.022267206500022844,,,0.07323216735123608,1,0.9971727016256966,-0.8121745329996435,0.0,0.011841864890569723,17.810000000000002,2276967.0,2276967.0,2.6086877320012833,32.706381530303034,1404127.0,,0.324468085106383,188.0
0x1ee9a5fc09665909c0cce297c581703bfbb9197f,0.032866549716124904,0.0059150797,0,299.7,4,1767719399,0.0005058199650179726,0.0015179657150190113,0.0005058199650179726,0.0005058199650179726,0.003004613284314678,-0.031200806561329637,0.0005058199650179726,-0.09624877185530266,0.0,,0.0,-0.00013141053596232939,0.0,-0.023848496241230303,-0.0962484962412303,,1,0.9971727016256966,-0.9949321779139977,0.0005058199650179726,0.0,0.0,15205643.0,15205643.0,9.33436484804137,0.0,13576647.0,,,0.0
0xc1a9c4b1ac9c88dea5ed56252d56349f5d348010,0.0328664704480486,0.0059144967,0,104.55734899999999,5,1767476721,-1.0664081939141648e-06,2.013629906653006e-05,-1.0664081939141648e-06,-1.0664081939141648e-06,0.002557784034670857,0.00022125948541682996,-1.0664081939141648e-06,-0.18298745267161953,0.0,-0.5841199126774895,-0.002151742504388456,-0.1653114928515828,-0.004302418600582998,0.540033220352886,0.508033220352886,,1,0.9971727016256966,-0.8462919883821067,-1.0664081939141648e-06,0.12546137199023918,5.0,11964501.0,11964501.0,8.630415965168165,8.445858222222222,10578183.0,,0.5,20.0
0xf434e8aee8c7f83ed0d7e36f281383ee1d99c6aa,0.032865922857572547,0.005910469,0,345.4989119999999,27,1767372753,0.003981825087431899,0.004315490713711971,0.003981825087431899,0.003981825087431899,0.01168747805077822,-0.011520196562723805,0.003981825087431899,-0.01742550594845082,0.0,-7.53099760463158,-0.03684013291439401,-0.0025802142982204158,-0.07368026582878802,-0.023062667752141407,-0.08546266775214141,-0.9885894181573934,3,0.9971727016256966,-0.8134264822797727,0.003981825087431899,0.0,0.0,5230706.0,5230706.0,4.079000272936406,0.0,3948356.0,,,0.0
0x809205fb1c91f746b9703ca412c4fdd0435db8a2,0.032865838336067814,0.0059098476,0,297.68492,11,1767568485,0.008007650744723909,0.020125423110633558,-0.0036140724600081434,0.008007650744723909,0.07605945475104142,-0.10144114312326044,0.008007650744723909,-0.10490974353663879,0.0,-1.2492742857142851,-0.009065352029935143,-0.07177943080381018,-0.0028949083951300917,0.40747164684207754,0.3568716468420775,,1,0.9971727016256966,-0.9024974060639915,-0.0036140724600081434,0.0,0.0,1648744.0,1648744.0,1.115461794406535,0.0,170662.0,,,0.0
0x4f4f0488037e65bec111b5d9d6d0aa70740195d0,0.03286574805340405,0.0059091835,0,76.844116,4,1767472345,-7.46363839313133e-06,3.1625605045218086e-05,-7.46363839313133e-06,-7.46363839313133e-06,0.0028288568954094677,-0.045052613145524896,-7.46363839313133e-06,-0.14867921632654296,0.0,-1.5729392501874573,-0.007471102031526539,-0.13432742282429164,-0.014934740424659946,0.3503606464197217,0.3123606464197217,,1,0.9971727016256966,-0.8436116899232783,-7.46363839313133e-06,0.04538595775010929,9.749998999999999,2599402.0,2599402.0,1.8809776387142152,19.644493242718447,1217460.0,0.0,0.46226415094339623,106.0
0x88093ec8e24cd983b834da2ac9a111e87dc66e34,0.03286528201886371,0.005905756,0,188.17009,10,1767445057,-2.86239682659797e-06,1.5838608172613547e-05,-2.86239682659797e-06,-2.86239682659797e-06,0.0025793133728757053,0.00515673591630497,-2.86239682659797e-06,-0.0020181166619888113,0.0,-0.32111645011751533,-0.0012992845649375728,0.009682329553992185,-0.0025957067330485474,0.8698659937520152,0.8787659836720136,,1,0.9971727016256966,-0.8268977995337653,-2.86239682659797e-06,0.01867666363457043,9.31,3732468.0,3732468.0,2.755292495353057,19.833860076696165,2377814.0,,0.2682926829268293,82.0
0xb6f7e199de3468b4ae8d56b15b4091c2f5a2250d,0.03286330873943967,0.0058912416,0,80.835998,4,1767471123,-0.47889857558917925,-0.47991072133918017,-0.47889857558917925,-0.47889857558917925,-0.8878337217323216,0.0,-0.47889857558917925,0.0,0.0,,-0.47889857558917925,0.0,-0.47889857558917925,,,-1.3757442675187386,0,0.9971727016256966,,-0.47889857558917925,0.09156934522037964,9.7677495,20928019.0,20928019.0,15.157322990903296,12.371693442307693,19547299.0,,0.46153846153846156,26.0
0x79ad08df94c570c47dc087292ff062243a174a3e,0.03286330873943967,0.0058912416,0,11.938069,3,1767516403,-0.3137651473082133,-0.3147772930582144,-0.3137651473082133,-0.3137651473082133,-0.5319696099990295,0.0,-0.3137651473082133,0.0,0.0,,-0.3137651473082133,0.0,-0.3137651473082133,,,-1.788397448185075,0,0.9971727016256966,,-0.3137651473082133,0.12867806189124695,14.9999985,21682894.0,21682894.0,15.20539551192146,28.37524255,20256894.0,,0.48717948717948717,39.0
0x880d2b8f3df6881150d1ef1a1f2ac0767e39adb6,0.03286267193824929,0.0058865575,0,689.65517,5,1767610273,-0.29251011984240516,-0.29352226559240624,-0.29251011984240516,-0.29251011984240516,-0.6332049240597898,0.0,-0.29251011984240516,0.0,0.0,,-0.29251011984240516,0.0,-0.29251011984240516,,,-1.8340500996543383,0,0.9971727016256966,,-0.29251011984240516,0.0,0.0,2012046.0,2012046.0,1.3238276957897714,0.0,492176.0,,,0.0
0x0061f603a457754bae0241f1fb34f0ce6a5e8fd6,0.032862263110444746,0.0058835503,0,0.149992,3,1767696621,0.0,-0.0010121457500010386,0.0,0.0,-0.001627175326361881,0.0,0.0,0.0,1.0,,0.0,0.0,0.0,,,0.0777,0,0.9971727016256966,,0.0,0.0,0.0,4582909.0,4582909.0,2.853229760841928,0.0,2976691.0,,,0.0
0xe93956c9d54769ee206a8b58881a0279c5b678f5,0.03285787152844568,0.0058512446,0,1920.4999860000003,6,1767712961,-3.5196319017456273e-09,-5.279448377923762e-09,-3.5196319017456273e-09,-3.5196319017456273e-09,-4.0038369752131004e-06,0.0,-3.5196319017456273e-09,0.0,1.0,-5.083319505003924,-0.0003355515098321514,0.0,-0.0006710995000324011,,,-0.035600000012450235,1,0.9971727016256966,-0.9948158029809133,-3.5196319017456273e-09,0.12018064673402604,9.999999500000001,12425583.0,12425583.0,7.658020853491832,18.240453772727275,10803025.0,,0.10526315789473684,19.0
0x5fb5f8c277948afecb9e54e7ea5f3bf4f8d26a8d,0.03285720748521663,0.0058463593,0,7.68,2,1767526915,0.0,0.0,0.0,0.0,0.0,0.0,0.0,0.0,0.0,0.28000000000000025,0.0035425101250036355,0.0,0.007085020250007271,,,-1.6488466748807613,1,0.9971727016256966,-0.8959154848485962,0.0,0.14832385259580005,1.2992949999999999,3004797.0,3004797.0,2.091731221180192,1.8925617916666668,1568285.0,,0.1,10.0
0xce5bec63b40392845a9a504915f607c8e03a047a,0.03285685341008293,0.0058437544,0,10000.0,2,1767720429,0.0,0.0010121457500010388,0.0,0.0,0.001431390246749757,-0.03230000582759073,0.0,-0.0968,0.0,,0.0,-0.0005000000000000004,0.0,-0.0244,-0.0968,,1,0.9971727016256966,-0.9955630525512448,0.0,0.0,0.0,16493952.0,16493952.0,10.118827552443948,0.0,14863926.0,0.0,,0.0
0x25b910cf968a626438316b6ab7275ea6a5563058,0.03285652440327858,0.005841334,0,32.6,2,1766369796,0.0,0.0,0.0,0.0,0.0,0.0,0.0,0.0,0.0,0.6000000000000005,0.0037955465625038954,0.0,0.007591093125007791,,,0.03395084971874721,1,0.9971727016256966,-0.32071461558909603,0.0,0.0,0.0,3116389.0,3116389.0,11.154141299173565,0.0,2836996.0,,,0.0
0xfa7e25c8df8d4f36e5a87731ba2b91540046f37e,0.03285647212199787,0.0058409492,0,15.58,6,1767531051,-0.3881876641180451,-0.3891998098680462,-0.3881876641180451,-0.3881876641180451,-0.9608893873944522,0.0,-0.3881876641180451,0.0,0.0,,-0.3881876641180451,0.0,-0.3881876641180451,,,-1.5360031647896546,0,0.9971727016256966,,-0.3881876641180451,0.1339646347897257,4.666,23369144.0,23369144.0,16.221272649529933,17.8755392989899,21928496.0,,0.38071065989847713,185.0
0xbc3b20bad91df137a67234eca7a0e46067cd2bf1,0.03285597925145279,0.005837323,0,100.0,2,1767704463,-0.009109311750009348,-0.010121457500010388,-0.009109311750009348,-0.009109311750009348,-0.01431390246749757,0.0,-0.009109311750009348,0.0,1.0,,-0.009109311750009348,0.0,-0.009109311750009348,,,0.007799999999999932,0,0.9971727016256966,,-0.009109311750009348,0.04499881734319947,1.0,47243130.0,47243130.0,29.269748336493066,7.178680124444446,45629070.0,0.0,0.09,192.0
0x14b85e2043689fd53d9a8ae78077da582f0481a9,0.03285578968776031,0.0058359285,0,20.2,3,1767544463,-0.3397435900836818,-0.3407557358336828,-0.3397435900836818,-0.3397435900836818,-0.5165512079047664,0.0,-0.3397435900836818,0.0,0.0,,-0.3397435900836818,0.0,-0.3397435900836818,,,-1.67017905657287,0,0.9971727016256966,,-0.3397435900836818,0.018376710784481456,4.999999,17112972.0,17112972.0,11.769096185852028,7.925494306818181,15658912.0,0.0,0.4215686274509804,100.0
0x53a02abd0651df94d851288c55002839c53c4af0,0.03285313717276528,0.0058164126,0,135.7,4,1767562107,0.0,0.0,0.0,0.0,0.0,0.08612041286988302,0.0,0.051911092580752535,0.0,13.500000000000002,0.017079959531267515,0.08093680505473654,0.03415991906253503,0.8454348599450668,0.7552999915777324,,1,0.9971727016256966,-0.8985908833102421,0.0,0.0,0.0,5819380.0,5819380.0,3.954178285850959,0.0,4347676.0,,,0.0
0x4bf459194025b2ca11a2db2deb9ef2a08c467021,0.032853027747515806,0.0058156075,0,151.49984,8,1767450927,0.0032084414747041838,0.0036946918767816663,0.0032084414747041838,0.0032084414747041838,0.007453540589082699,-0.01040996575738879,0.0032084414747041838,-0.025587209029705828,0.0,-5.249152499999999,-0.029985931786783625,0.002208992573183889,-0.05997186357356725,-0.019915152088813642,-0.08901515208881364,-0.7001179139893845,1,0.9971727016256966,-0.9842612090498047,0.0032084414747041838,0.0,0.0,43774472.0,43774472.0,32.17471503626544,0.0,42413948.0,0.0,,0.0
0xa18d9584e5dbe2f7e38e585fc54e688e5d8ab16a,0.0328501430097659,0.0057943813,0,221.73381999999995,21,1767372753,0.0037112010833371422,0.004048583000004155,0.0037112010833371422,0.0037112010833371422,0.009835915649441689,-0.011945889997302766,0.0037112010833371422,-0.017960710273800463,0.0,-5.880003749999998,-0.03656786977298103,-0.002840120412049312,-0.07313573954596206,-0.023598987851162854,-0.08599898785116286,-0.6584864513470041,3,0.9971727016256966,-0.8134228072818858,0.0037112010833371422,0.0,0.0,12409371.0,12409371.0,9.677054626272078,0.0,11127021.0,,,0.0
0x4a5dc168523262ed051c9d5689ab69e651d29ea3,0.032849630676871425,0.0057906113,0,233.993638,6,1767420873,-0.7884618223895125,-0.7894739681395135,-0.7884618223895125,-0.7884618223895125,-1.790977241981215,0.0,-0.7884618223895125,0.0,0.0,,-0.7884618223895125,0.0,-0.7884618223895125,,,-0.7338039326084036,0,0.9971727016256966,,-0.7884618223895125,0.02500892232261625,7.89412,5953700.0,5953700.0,4.4748848151405145,33.5852299403307,4623230.0,,0.44607843137254904,343.0
0xb8656961af404ec023c53740808012d5f5dce922,0.032849630676871425,0.0057906113,0,12.8,2,1767566971,-0.32287449425033116,-0.3238866400003322,-0.32287449425033116,-0.32287449425033116,-0.45352522544697965,0.0,-0.32287449425033116,0.0,0.0,,-0.32287449425033116,0.0,-0.32287449425033116,,,-1.740079966838918,0,0.9971727016256966,,-0.32287449425033116,0.0605273887461894,11.4638,5955762.0,5955762.0,4.033516912190972,25.05206826506024,4479194.0,,0.40425531914893614,47.0
0x7d88c477799235e154a591c7953c5927a00fb1d9,0.032849007167520934,0.005786023,0,5.633801,2,1767474453,-0.3582995317225128,-0.3593116774725138,-0.3582995317225128,-0.3582995317225128,-0.5081434474006564,0.0,-0.3582995317225128,0.0,0.0,,-0.3582995317225128,0.0,-0.3582995317225128,,,-1.5537794959672735,0,0.9971727016256966,,-0.3582995317225128,0.15663243252153247,1.3599995,4768820.0,4768820.0,3.4455547126187636,1.6648232999999997,3384770.0,,0.25,8.0
0x2b48eee669d539491ed0e15163c5f81e995c3b4a,0.032848240405280546,0.0057803807,0,4.689654,2,1767610359,-0.2925099793056345,-0.2935221250556356,-0.2925099793056345,-0.2925099793056345,-0.4151029701102515,0.0,-0.2925099793056345,0.0,0.0,,-0.2925099793056345,0.0,-0.2925099793056345,,,-1.8340504979499057,0,0.9971727016256966,,-0.2925099793056345,0.09544475968740006,1.359999,5999980.0,5999980.0,3.947469532012769,1.734614153846154,4480024.0,0.0,0.4166666666666667,12.0
0xc81f5efbcac8e3cf82af3a7be138e784d8837881,0.032848240405280546,0.0057803807,0,6.701753,2,1767607573,-0.28744930162895077,-0.2884614473789518,-0.28744930162895077,-0.28744930162895077,-0.40794609110508645,0.0,-0.28744930162895077,0.0,0.0,,-0.28744930162895077,0.0,-0.28744930162895077,,,-1.8665993576143725,0,0.9971727016256966,,-0.28744930162895077,0.06970079082703969,1.389999,6018014.0,6018014.0,3.9666049289137013,1.4399988666666665,4500844.0,0.0,0.4,15.0
0xcb508b8db389dc163eb4c17e9cc9e7e3bffe8cba,0.032847571487847914,0.005775458,0,1565.1939430000002,32,1767564039,-0.030274176787946003,-0.03173560832825726,-0.030274176787946003,-0.030274176787946003,-0.19384296299231044,0.0,-0.030274176787946003,0.0,0.0,-6.9339628430476195,-0.040067823260262335,0.0,-0.04986146973257866,,,-1.6378546735334885,2,0.9971727016256966,-0.903117255707578,-0.030274176787946003,0.08707801311878259,40.4999995,17282727.0,17282727.0,11.727948421455501,111.47645696694214,15809091.0,,0.13432835820895522,64.0
0xe1ae417cfae4b5606eec0dc520bd67b7932361ed,0.03284630304239814,0.0057661235,0,3.999998,2,1767456219,-0.6670039423680565,-0.6680160881180576,-0.6670039423680565,-0.6670039423680565,-0.9447174116999776,0.0,-0.6670039423680565,0.0,0.0,,-0.6670039423680565,0.0,-0.6670039423680565,,,-1.201894737431321,0,0.9971727016256966,,-0.6670039423680565,0.15515933896610026,9.9999985,28070431.0,28070431.0,20.552132205216516,41.774122340517245,26704615.0,,0.4297520661157025,121.0
0xbc43a6906364519766356b7243d2b89df6aeabf5,0.032845344874158945,0.005759072,0,341.26832100000007,46,1767466793,-5.515087549556687e-07,3.6060187824024453e-06,-5.515087549556687e-07,-5.515087549556687e-07,0.0011139738053074083,0.0413997463607711,-5.515087549556687e-07,-0.062226704859020474,0.0,-0.06446513185185193,-0.0008196966750817295,-0.03565897708382399,-0.0016388418414085032,0.7506029819143197,0.719380765279307,-1.2139643207773587,2,0.9971727016256966,-0.8404744667271816,-5.515087549556687e-07,0.0,0.0,1936295.0,1936295.0,1.4067924062220736,0.0,559905.0,0.0,,0.0
0x7e31a5e9c31638483614e9fd9f945bb34692454d,0.0328445054946532,0.0057528946,0,899.274097,34,1767547259,0.00012381963914322465,-0.0002063660652387077,0.00012381963914322465,0.00012381963914322465,-0.0010219406437650747,0.022559687493004722,0.00012381963914322465,0.0076529816751069665,0.07536203289336385,4.984841816136366,0.0025559966497032574,0.01039428774759088,0.005111993299406515,0.8826743788490358,0.8076993798103357,0.057099999999999984,2,0.9971727016256966,-0.8894964885395191,0.00012381963914322465,0.0,0.0,,,,0.0,,,,0.0
0xf15a4d8c9e1814ed229ce5dc5e2a76c3df566df2,0.03284408935587147,0.005749832,0,215.884181,6,1767547115,-0.3997408667985132,-0.40075301254851414,-0.3997408667985132,-0.3997408667985132,-0.9010062368283035,0.0,-0.3997408667985132,0.0,0.0,,-0.3997408667985132,0.0,-0.3997408667985132,,,-1.574038834161578,0,0.9971727016256966,,-0.3997408667985132,0.016864683868103823,6.71,15624493.0,15624493.0,10.725862764911664,40.35067553147877,14167781.0,,0.379182156133829,268.0
0x22e4248bdb066f65c9f11cd66cdd3719a28eef1c,0.032843656898356374,0.005746649,0,11458.144305999998,39,1767700663,0.007133699051027792,0.00814584480102883,0.007133699051027792,0.007133699051027792,0.03781153912976973,-0.06232011940400587,0.007133699051027792,-0.08895697641656015,0.0,,0.0,-0.022847410458190037,0.0,-0.014688184706543464,-0.0897565958257432,,1,0.9971727016256966,-0.9834563845125789,0.007133699051027792,0.0,0.0,20861988.0,20861988.0,12.955664302659198,0.0,19251728.0,,,0.0
0xdf5dec2cf0ea1239efbe04ae25859610de31ed2b,0.03284360729421765,0.005746284,0,6.789998000000001,4,1767480693,5.973258645447135e-06,0.00016963925649679667,5.973258645447135e-06,5.973258645447135e-06,0.006983030490560343,-0.08419157650197674,5.973258645447135e-06,-0.1581608289715382,0.0,0.027900219740485732,0.0012704187533948603,-0.14725439630050793,0.0025348642481442737,0.413967371644204,0.4035077811719934,,1,0.9971727016256966,-0.8487248369832188,5.973258645447135e-06,0.05062276763998713,4.6513,37333045.0,37333045.0,26.852703392817325,10.53728782,35942755.0,0.0,0.5256410256410257,78.0
0x39a53843b11aee6b0905635ce022f26eab90c0ef,0.032842825912041025,0.005740533,0,91.45975299999998,15,1767458945,-0.03437049796685635,-0.03448983997368572,-0.03437049796685635,-0.03437049796685635,-0.13846591885706816,0.04736798154360205,-0.03437049796685635,0.02410018871538216,0.0,-0.3803344201250003,-0.03871274852880813,0.02821172085284942,-0.04305499909075991,1.0961845028396262,1.0497845027127115,-1.6560121110685664,3,0.9971727016256966,-0.8354360446242743,-0.03437049796685635,0.031133904671935726,5.525,,,,6.464943156565656,,,0.36065573770491804,122.0
0x2a61be6fcffb0116d835c9123245dd99ee251d33,0.032842708295015836,0.0057396675,0,2.635045,2,1767450295,-0.7672064189638181,-0.7682185647138192,-0.7672064189638181,-0.7672064189638181,-1.0864251130850762,0.0,-0.7672064189638181,0.0,0.0,,-0.7672064189638181,0.0,-0.7672064189638181,,,-0.7687013440035007,0,0.9971727016256966,,-0.7672064189638181,0.07106538338489185,0.999999,14586724.0,14586724.0,10.726384154035761,1.2176749047619049,13226832.0,0.0,0.42105263157894735,19.0
0x6a88c5ecd262e2c42e78bad8e6db7ab3c4e4b859,0.03284264470986506,0.0057391995,0,399.60999000000004,2,1767721401,-4.214078759638677e-17,0.0010121457500009967,-4.214078759638677e-17,-4.214078759638677e-17,0.0014199845420213167,-0.03201251285820337,-4.214078759638677e-17,-0.09680000000000005,0.0,,-4.214078759638677e-17,-0.0009000000000000426,-4.214078759638677e-17,-0.026500000000000065,-0.09680000000000005,,1,0.9971727016256966,-0.9961584022089187,-4.214078759638677e-17,0.0,0.0,7800187.0,7800187.0,4.782462639439165,0.0,6169189.0,,,0.0
0xee6f348a2ef1c456b478055b501f9e485c76d4da,0.0328412389706262,0.005728853,0,248.75268100000002,9,1767701015,-5.777404883063266e-08,-7.061274171076068e-08,-5.777404883063266e-08,-5.777404883063266e-08,-2.8038785297129643e-05,0.0,-5.777404883063266e-08,0.0,1.0,-3.140478539058697,-0.0009246504969382026,0.0,-0.0018492432198275745,,,0.015599999999999947,1,0.9971727016256966,-0.9930983539684465,-5.777404883063266e-08,0.09994993214622197,7.1999995000000006,12252851.0,12252851.0,7.6075746362252366,16.449642564516132,10642239.0,,0.25,36.0
0x7b0d4653d97ccc3d989d27916d98750e6cb65087,0.03284113274695738,0.005728071,0,11.11047,2,1767552625,0.0,0.0,0.0,0.0,0.0,0.092365354253976,0.0,0.05980157823290349,0.0,1.1218500000000011,0.01707995953126753,0.0850015782329035,0.03415991906253506,0.881223203417388,0.802123203417388,,1,0.9971727016256966,-0.8927831616496821,0.0,0.0,0.0,45811562.0,45811562.0,31.330100354118596,0.0,44349340.0,,,0.0
0xa6e4d6da7e3ba05550437db4475eacb1cc21369f,0.032839920909595005,0.0057191513,0,367.9865,7,1767494601,-0.13931524662529007,-0.13965262854195706,-0.13931524662529007,-0.13931524662529007,-0.2830101004660516,0.0,-0.13931524662529007,0.0,0.0,-17.385005121597665,-0.14876183439979557,0.0,-0.15820842217430103,,,-1.5620206352787829,1,0.9971727016256966,-0.8618139544569762,-0.13931524662529007,0.14369086605377324,8.95,13344567.0,13344567.0,9.503337136215833,39.28205979704797,11940369.0,,0.7222222222222222,34.0
0xe78e84fba5477ce6f0fc62b3257bea8e753255f0,0.0328394439680681,0.0057156407,0,79.0,1,1767554747,-0.39878542550040896,-0.39979757125041,-0.39878542550040896,-0.39878542550040896,-0.39979757125041,0.0,-0.39878542550040896,0.0,0.0,,-0.39878542550040896,0.0,-0.39878542550040896,,,-1.5828864302037349,0,0.9971727016256966,,-0.39878542550040896,0.025654111788706604,9.553921500000001,36739443.0,36739443.0,25.089352638451075,66.65335766768294,35275099.0,,0.4605263157894737,123.0
0x99c558d616b93647bb9ccd9cf4bcd7e23faf1d13,0.03283807125648363,0.0057055363,0,1.3404800000000001,2,1767457293,-0.754048523345799,-0.7550606690957999,-0.754048523345799,-0.754048523345799,-1.0678170386497838,0.0,-0.754048523345799,0.0,0.0,,-0.754048523345799,0.0,-0.754048523345799,,,-1.1478721486038541,0,0.9971727016256966,,-0.754048523345799,0.025823375468497466,1.1136,36473745.0,36473745.0,26.68374558303887,2.7144088571428573,35106855.0,0.0,0.38064516129032255,155.0
0x4307a1cf753af804b4dde531391a8d329041cdd6,0.03283807125648363,0.0057055363,0,1.999998,2,1767497639,-0.3987852735772377,-0.3997974193272387,-0.3987852735772377,-0.3987852735772377,-0.5653989326143444,0.0,-0.3987852735772377,0.0,0.0,,-0.3987852735772377,0.0,-0.3987852735772377,,,-1.5974867152097258,0,0.9971727016256966,,-0.3987852735772377,0.11768977806016145,2.999999,39585396.0,39585396.0,28.12989150362839,4.011853365079365,38178160.0,0.0,0.41818181818181815,54.0
0x99405768a8b4a4ba1eff0e1ef11e55f44f5e44fb,0.032837901529693306,0.005704287,0,16.81818,2,1767546471,-0.3997975543995491,-0.40080970014955014,-0.3997975543995491,-0.3997975543995491,-0.5668305138821873,0.0,-0.3997975543995491,0.0,0.0,,-0.3997975543995491,0.0,-0.3997975543995491,,,-1.5730914632984871,0,0.9971727016256966,,-0.3997975543995491,0.06036499338498235,2.0349995,47369186.0,47369186.0,32.53226222951126,3.72470686,45913118.0,0.0,0.4782608695652174,43.0
0x7bd4a62fa994c7f060d914c62d97e95638fcbdc4,0.032835942489670804,0.005689866,0,31.847132000000002,2,1767566665,-0.31680160551226744,-0.31781375126226846,-0.31680160551226744,-0.31680160551226744,-0.44945651734376935,0.0,-0.31680160551226744,0.0,0.0,,-0.31680160551226744,0.0,-0.31680160551226744,,,-1.7563931962617836,0,0.9971727016256966,,-0.31680160551226744,0.13538226009688256,12.999999,,,,31.342159981818178,,,0.10714285714285714,28.0
0xfff04853768375e79a7cfa52023c5ef071b554e7,0.03283573513623503,0.0056883395,0,632.5113349999999,7,1767539583,-0.3180577832846045,-0.3190699290346055,-0.3180577832846045,-0.3180577832846045,-0.843763313978664,0.0,-0.3180577832846045,0.0,0.0,,-0.3180577832846045,0.0,-0.3180577832846045,,,-1.4638090630946559,0,0.9971727016256966,,-0.3180577832846045,0.08790671921762042,17.3995,6844171.0,6844171.0,4.722788749499717,40.89261743979058,5394991.0,,0.43478260869565216,92.0
0x581943e932e501f3e2c59ec70d3e4aa0c15ef3a3,0.03283573513623503,0.0056883395,0,157.251998,5,1767552577,-0.36827095066368726,-0.36928309641368834,-0.36827095066368726,-0.36827095066368726,-0.8258081006707811,0.0,-0.36827095066368726,0.0,0.0,,-0.36827095066368726,0.0,-0.36827095066368726,,,-1.5757238989115452,0,0.9971727016256966,,-0.36827095066368726,0.1387879069961859,5.0,12096457.0,12096457.0,8.272925794057342,21.797566305084743,10634283.0,,0.38636363636363635,88.0
0x9f00a6d1c94fed51705a34f83e490b1a31251c9b,0.03283573513623503,0.0056883395,0,3.5087699999999997,2,1767573651,-0.287449263192531,-0.288461408942532,-0.287449263192531,-0.287449263192531,-0.40794603674778046,0.0,-0.287449263192531,0.0,0.0,,-0.287449263192531,0.0,-0.287449263192531,,,-1.834199487036094,0,0.9971727016256966,,-0.287449263192531,0.07527799344685937,1.712479,8158890.0,8158890.0,5.500691725186887,2.4861575625000003,6675642.0,,0.39473684210526316,38.0
0x101e1b0df434f24cf4f9c845d4c56c49a006a36b,0.03283573513623503,0.0056883395,0,3.999998,2,1767530167,-0.44028336947715846,-0.44129551522715954,-0.44028336947715846,-0.44028336947715846,-0.6240861026486716,0.0,-0.44028336947715846,0.0,0.0,,-0.44028336947715846,0.0,-0.44028336947715846,,,-1.5277828514416258,0,0.9971727016256966,,-0.44028336947715846,0.02537145124875287,3.0702,6301680.0,6301680.0,4.376883989320472,4.13114912972973,4861916.0,,0.4875,80.0
0x1521b47bf0c41f6b7fd3ad41cdec566812c8f23e,0.03283484058322817,0.005681754,0,34541.625720000004,5,1767720491,7.644831273859249e-07,0.0010129102331284247,7.644831273859249e-07,7.644831273859249e-07,0.001699657034476256,-0.03189924241906485,7.644831273859249e-07,-0.09679916688813194,0.0,,-5.614293193079113e-17,-0.0004994690118635967,-5.614293193079113e-17,-0.024179398496492133,-0.09657939849649214,,1,0.9971727016256966,-0.9956010275294092,7.644831273859249e-07,0.0,0.0,8922216.0,8922216.0,5.473456647739263,0.0,7292128.0,0.0,,0.0
0x077a3cc89628bff01fb4dee8c86cedc2e8a9ec51,0.03283478099780144,0.0056813154,0,88.53,20,1767644561,-0.012887204607571352,-0.012946050290710947,0.002353827325583811,-0.012887204607571352,-0.05369100252211178,0.04812191221264295,-0.012887204607571352,0.01424034371860336,0.0,0.09099999999999993,-0.011136545534168396,0.02635371581162662,-0.010209726024719772,0.3346989633524863,0.2686989633524863,-1.6968999999999999,2,0.9971727016256966,-0.9490939292709907,-0.012475284825594186,0.04107952175745077,5.7,,,,7.06083213028169,,,0.14634146341463414,41.0
0xcbf622b65d4e6ad5363f1a8359d4c5f99b02301f,0.032834663535116465,0.0056804507,0,63.56,5,1767506975,0.0,0.0,0.0,0.0,0.0,-0.0029463580853180227,0.0,-0.013317751973014158,0.0,0.7466666666666671,0.004048583000004154,-0.006274894830157014,0.008097166000008309,0.6356908265624367,0.6160908265624367,-1.661883784214996,1,0.9971727016256966,-0.8648225527270322,0.0,0.1420536224750898,5.02,5688784.0,5688784.0,4.015880590608878,16.962290213114752,4272212.0,,0.43243243243243246,37.0
0x5f9b1c1f06f1cbe50708d406070db96def8a71f8,0.03283155727831083,0.005657582,0,369.294036,6,1767477453,-2.4288014258554367e-06,9.715206694372802e-06,-2.4288014258554367e-06,-2.4288014258554367e-06,0.0017738730837746832,-0.02397563705322148,-2.4288014258554367e-06,-0.17267312305458968,0.0,-7.673489520028806,-0.013206197652287902,-0.16127278348554788,-0.02640996650314995,0.5362887292114357,0.5088887292114357,,1,0.9971727016256966,-0.8467403381243056,-2.4288014258554367e-06,0.09464511643315476,10.6308,10817843.0,10817843.0,7.799173065138243,51.635321543209876,9430793.0,,0.425,40.0
0x194d29f749e52447bb1c17dc41df375bcbbae424,0.032829860247298594,0.0056450875,0,6.128798000000001,4,1767552613,0.00014476314465659287,0.0005853459301590894,0.00014476314465659287,0.00014476314465659287,0.014845655711469615,0.05624051466012096,0.00014476314465659287,0.025888738273237316,0.0,0.2088403309693293,0.011766362323128306,0.05112791489448498,0.023387961501600017,0.7643779313614578,0.6906779022011645,,1,0.9971727016256966,-0.8927758116539083,0.00014476314465659287,0.02489183124141041,1.189988,,,,1.994865,,,0.3586206896551724,145.0
0xec593b3c1a9a0ed15e597dc4ea09cafbffe3bb35,0.03282976866872668,0.005644413,0,2417.7174399999994,14,1767697979,0.006009581256272191,0.0070217270062732295,0.006009581256272191,0.006009581256272191,0.016513967837762388,-0.06360211776843515,0.006009581256272191,-0.090291561489568,0.0,,0.0,-0.026235316285288874,0.0,-0.016124572292984942,-0.09189372035647089,,1,0.9971727016256966,-0.9818124354578496,0.006009581256272191,0.0,0.0,6131918.0,6131918.0,3.8143876245975306,0.0,4524342.0,,,0.0
0x6a46ebd0d00700b1be6d608c4301ddb500f05b84,0.032828039347330404,0.00563168,0,120.01199799999999,5,1767460823,-0.6854486692374964,-0.6864608149874974,-0.6854486692374964,-0.6854486692374964,-1.400354283660047,0.0,-0.6854486692374964,0.0,0.0,,-0.6854486692374964,0.0,-0.6854486692374964,,,-1.2154978780293777,0,0.9971727016256966,,-0.6854486692374964,0.01597366260369599,43.73755,22790816.0,22790816.0,16.63053370499555,72.0035909677673,21420396.0,,0.27155172413793105,191.0
0x89751d1f05b391f312e21edca48ac5bab8b1ffe6,0.032827961054361234,0.0056311036,0,488.0996500000001,47,1767421545,0.002358586172119718,0.003077726703026347,0.002358586172119718,0.002358586172119718,0.0548516977377409,0.03940182755541641,0.002358586172119718,0.008471400824460278,0.0,0.6967665353333334,0.007788103984831383,0.02193494319852929,0.013217621797543048,1.0567225245273595,1.0040198894532446,-0.6712096415243518,2,0.9971727016256966,-0.8134032072931558,0.002358586172119718,0.0,0.0,3413048.0,3413048.0,2.5639999338913504,0.0,2081906.0,,,0.0
0x44b3c6ce8fbe2980778706768cac707f4baa28a1,0.03282781269031188,0.005630011,0,1027.69865,6,1767702943,-0.006072874500006232,-0.007085020250007272,-0.006072874500006232,-0.006072874500006232,-0.014488954230804102,0.0,-0.006072874500006232,0.0,1.0,,-0.006072874500006232,0.0,-0.006072874500006232,,,0.04799999999999997,0,0.9971727016256966,,-0.006072874500006232,0.06780963807237053,7.8945,67283626.0,67283626.0,41.72524464509407,61.42369134991119,65671086.0,0.0,0.21621621621621623,111.0
0x98c85e0a531469c4be477e25f45ca658de6520be,0.032827538288092935,0.0056279907,0,8.7,2,1766967573,-0.8795546567509018,-0.8805668025009028,-0.8795546567509018,-0.8795546567509018,-1.2453095146722872,0.0,-0.8795546567509018,0.0,0.0,,-0.8795546567509018,0.0,-0.8795546567509018,,,0.058615662921712504,0,0.9971727016256966,,-0.8795546567509018,0.0,0.0,,,,0.0,,,,0.0
0x49b1611e376bb528dedd1429f1bdb99b79f70f4d,0.03282748832802878,0.005627623,0,10.0,2,1767704799,0.005060728750005194,0.006072874500006232,0.005060728750005194,0.005060728750005194,0.008588341480498543,-0.055004931356612094,0.005060728750005194,-0.09125466012144717,0.0,,0.0,-0.022154671529068186,0.0,-0.016554660121447178,-0.09125466012144717,,1,0.9971727016256966,-0.9859896830559323,0.005060728750005194,0.0,0.0,8568874.0,8568874.0,5.307789414740869,0.0,6954478.0,,,0.0
0x9ad091ca2e8f1bd69f27662edcb49dceeaa5bf3d,0.032826850426678794,0.0056229257,0,1678.4739999999997,6,1767697329,0.0,0.0,0.0,0.0,0.0,0.0,0.0,0.0,1.0,-2.13533333333336,-0.00024953069868021593,0.0,-0.0004990613973604319,,,0.08379999999999997,1,0.9971727016256966,-0.981693610526174,0.0,0.0,0.0,36884306.0,36884306.0,22.953332014044207,0.0,35277380.0,0.0,,0.0
0x45cc78578b082e89f21e847a3afec8d28cd26400,0.03282618698909401,0.0056180404,0,350.2674,5,1766440897,-0.7985829967508189,-0.79959514250082,-0.7985829967508189,-0.7985829967508189,-1.5815251301648887,0.0,-0.7985829967508189,0.0,0.0,,-0.7985829967508189,0.0,-0.7985829967508189,,,0.056966475996254304,0,0.9971727016256966,,-0.7985829967508189,0.0,0.0,115018054.0,115018054.0,328.15983725826976,0.0,114667560.0,0.0,,0.0
0x36a7e80b487b26eebce266da0640e33dd4651aea,0.03282593814800626,0.005616208,0,1742.7595229999997,5,1767706193,-0.00024924633610822416,-0.00037386950416233626,-0.00024924633610822416,-0.00024924633610822416,-0.0010654723314468158,-0.02847686242744503,-0.00024924633610822416,-0.04082084412075298,0.0,0.5366663346666667,-0.00010081380758897147,-0.010617451054698069,4.7618720930281216e-05,-0.015468287573745439,-0.09236828757374543,,1,0.9971727016256966,-0.9868435075649832,-0.00024924633610822416,0.0,0.0,7688260.0,7688260.0,4.758204964754083,0.0,6072470.0,,,0.0
0x8330fbb7e7cd79fe0852c413f35b7f104db2b88f,0.032823213536361896,0.005596144,0,1975.993361,20,1767464895,-0.00011570330512658458,-0.00014462913140823072,-0.00011570330512658458,-0.00011570330512658458,-0.0008555283767391426,-0.003734374805669797,-0.00011570330512658458,-0.06783965454366035,0.0,25.786720201249988,0.014801934415070116,-0.06278135943868758,0.029719572135266818,0.6027738242175001,0.5535293441890329,-1.1846528865255488,1,0.9971727016256966,-0.8437439898472059,-0.00011570330512658458,0.01506794675848076,18.5,5447552.0,5447552.0,3.96332026668762,75.48293732658694,4073060.0,,0.3436293436293436,257.0
0x9797d6c41551f8fb64f3829f6d1b861f1c13c193,0.032822587918922376,0.005591537,0,2.0,2,1767707149,-0.004048583000004155,-0.005060728750005194,-0.004048583000004155,-0.004048583000004155,-0.007156951233748786,0.0,-0.004048583000004155,0.0,1.0,,-0.004048583000004155,0.0,-0.004048583000004155,,,0.04941463324459881,0,0.9971727016256966,,-0.004048583000004155,0.0,0.0,26345263.0,26345263.0,16.295239326400065,0.0,24728517.0,,,0.0
0x7b5887dcffa32af1ec155a8835c48b4e948aeb2b,0.03282028839642392,0.0055746017,0,1598.029996,7,1767696957,-0.0008793147020014279,-0.001099143377501785,-0.0008793147020014279,-0.0008793147020014279,-0.002358488179088692,-0.025336947585556054,-0.0008793147020014279,-0.03719650800822543,0.0,-0.47229079499999843,-0.0009831379110074162,-0.008858812476830628,-0.0010869611200134046,-0.022446582845405034,-0.09594658284540504,,1,0.9971727016256966,-0.981186460817785,-0.0008793147020014279,0.0,0.0,9352835.0,9352835.0,5.821674839438948,0.0,7746281.0,,,0.0
0x90f7180856b033ea45200d892a7bc49fd1662501,0.03281893902957018,0.0055646636,0,318.38,8,1767559213,0.0,0.0,0.0,0.0,0.0,0.11974718818252592,0.0,0.0761722177763911,0.0,2.5350000000000024,0.004934210531255064,0.10426837522889207,0.009868421062510128,0.8362890087359258,0.7448889821854663,,1,0.9971727016256966,-0.8968183093294722,0.0,0.0,0.0,17701564.0,17701564.0,12.051636358684922,0.0,16232754.0,,,0.0
0x04f6dab1a3d35fc9ad828536cd0f493013fd311a,0.03281636183851012,0.0055456813,0,149.30187999999998,7,1767457821,0.0,0.0,0.0,0.0,0.0,0.0,0.0,0.0,0.0,-5.286426666666666,-0.014944792613284352,0.0,-0.029889585226568705,,,-1.1728778585045845,1,0.9971727016256966,-0.83561366952214,0.0,0.03263118413949536,52.999999,,,,84.08740364088396,,,0.4329896907216495,97.0
0xd4514013c2fb2954a5be2e97267a885190a11897,0.03281415768730252,0.0055294456,0,7.007598,4,1767474703,5.024875857071206e-05,-0.00012038751963919388,5.024875857071206e-05,5.024875857071206e-05,-0.006483682492350039,0.0,5.024875857071206e-05,0.0,0.0,0.6048004646794816,0.018262605161487176,0.0,0.036474961564403635,,,-1.5855435796634056,1,0.9971727016256966,-0.8747205470356855,5.024875857071206e-05,0.112431286783367,1.999965,5400324.0,5400324.0,3.901122589034169,2.8628614,4016024.0,,0.26666666666666666,15.0
0x5dd5cb17d1396a8d671f3df6432e12fc032dcf42,0.03281385058666709,0.0055271834,0,7.199999999999999,4,1767494345,0.0,0.0,0.0,0.0,0.0,0.0,0.0,0.0,0.0,-0.9299999999999997,-0.023532388687524122,0.0,-0.047064777375048245,,,-1.5762465045111425,1,0.9971727016256966,-0.9065484787346247,0.0,0.0807702817649916,2.725,2161863.0,2161863.0,1.5398520736611627,3.9009380666666664,757921.0,,0.30303030303030304,33.0
0x9e9a44961a17a6ab3815e4cd6bb0be51bce3a9a8,0.032813704370316804,0.0055261063,0,4177.236767999998,99,1767442395,0.00013484110558310326,0.0001685513819788791,0.00013484110558310326,0.00013484110558310326,0.0012697474755735863,-0.000573459761550632,0.00013484110558310326,-0.0008372139705778237,0.0,-18.816194412295086,-0.027785468289351738,-0.0002326639450756349,-0.055570936578703475,-0.01916981140006363,-0.09236981140006363,-1.2251675048501292,3,0.9971727016256966,-0.8299566227749419,0.00013484110558310326,0.0,0.0,38961836.0,38961836.0,28.81809655678436,0.0,37609844.0,0.0,,0.0
0x0a6d26d31b28fd5a84c301f8b27296612f3b1d0a,0.0328131855064805,0.005522284,0,728.50666,30,1767552817,-0.02086884010450214,-0.020959397851753603,-0.02086884010450214,-0.02086884010450214,-0.09842188882777504,0.054508817885196334,-0.02086884010450214,0.031491964164890286,0.13691338222085309,3.289533801684211,-0.011409260304796632,0.04152323459727001,-0.001949680505091124,0.835948816687688,0.7557321814379842,-1.7067999999999997,3,0.9971727016256966,-0.8929007615820621,-0.02086884010450214,0.0,0.0,18156830.0,18156830.0,12.415656578780018,0.0,16694416.0,0.0,,0.0
0xcf2af320f9f563fe7140e2c26f1b1a83b4415d4a,0.03281103503692779,0.0055064424,0,168.37216899999999,4,1767468487,-0.666262505988607,-0.6672746517386081,-0.666262505988607,-0.666262505988607,-1.2867739618134395,0.0,-0.666262505988607,0.0,0.0,,-0.666262505988607,0.0,-0.666262505988607,,,-1.2204873390834408,0,0.9971727016256966,,-0.666262505988607,0.04195251099766013,99.999999,26942123.0,26942123.0,19.550421454715387,145.59485208121825,25564039.0,,0.363013698630137,146.0
0x413d1ff09fa67c08d9bf295ea4804a26cc02d704,0.03281018771852145,0.0055002,0,1.5,2,1766828353,-0.8593117417508811,-0.8603238875008822,-0.8593117417508811,-0.8593117417508811,-1.2166817097372924,0.0,-0.8593117417508811,0.0,0.0,,-0.8593117417508811,0.0,-0.8593117417508811,,,0.018521257205463108,0,0.9971727016256966,,-0.8593117417508811,0.0,0.0,4913407.0,4913407.0,6.658184158818348,0.0,4175457.0,,,0.0
0x0554c046fa6fa1022d753344d13cfa3025221880,0.03280881669402959,0.0054900995,0,433.232174,19,1767470001,-0.5348254201228845,-0.5358375658728853,-0.5348254201228845,-0.5348254201228845,-2.081305406489756,0.0,-0.5348254201228845,0.0,0.0,,-0.5348254201228845,0.0,-0.5348254201228845,,,-1.388002509413357,0,0.9971727016256966,,-0.5348254201228845,0.10740842888645705,23.499998,24810115.0,24810115.0,17.98358289878646,36.596091732673266,23430517.0,,0.36363636363636365,66.0
0x26be5b2ef2ae5e65ed3a15f79e7abdcc110dd699,0.03280854642714162,0.0054881084,0,90.03981000000003,15,1767433651,0.011003116586373042,0.011041996856996264,0.011003116586373042,0.011003116586373042,0.05633839981801699,0.020005228956398086,0.011003116586373042,0.012751019427979694,0.0,-0.9044754545454539,-0.006390262680386014,0.01810130269452661,-0.023783641947145072,0.8341177328914963,0.7428177359230865,-0.6373635209502898,1,0.9971727016256966,-0.8927831616496821,0.011003116586373042,0.038442158754392955,1.119,3683832.0,3683832.0,2.7424809119388227,3.6890659433354793,2340584.0,0.0,0.21518987341772153,140.0
0x3a736813a49adedf7d9e8b4830ff65f840909daa,0.03280717464727172,0.0054780017,0,354.38794400000006,9,1767478133,-2.4475974479122556e-06,6.030096380253935e-06,-2.4475974479122556e-06,-2.4475974479122556e-06,0.0013486268048840712,-0.045002141391295256,-2.4475974479122556e-06,-0.07530615797427978,0.0,-8.063495948802046,-0.015305440944858641,-0.0661559750438197,-0.030608434292269372,0.46975278536578274,0.44275279761579067,,1,0.9971727016256966,-0.8471568378848182,-2.4475974479122556e-06,0.007148505566109707,10.0,9161887.0,9161887.0,6.602067405042768,22.87553608045977,7774157.0,,0.5464037122969838,858.0
0xff7ca9cd180d33119e653e3eb50555a3e2ccb233,0.032805428211,0.005465134,0,43.94,8,1767476455,0.0,-4.398673025479193e-18,0.0,0.0,-9.783665544172792e-10,0.003015162140953268,0.0,-0.009571935217555293,0.0,1.3694799999999998,0.015772796560211896,0.008102929164862252,0.03154559312042379,0.5479511104724375,0.5159511104724375,,1,0.9971727016256966,-0.8461290634757885,0.0,0.0,0.0,16876275.0,16876275.0,12.175787777081956,0.0,15490223.0,,,0.0
0xc1c4e0aa0a6ed08d18a1d5bd8a2d1504f176bbfb,0.032804986575872185,0.00546188,0,3.11005,3,1767710015,-0.004048583000004155,-0.005060728750005194,-0.004048583000004155,-0.004048583000004155,-0.0074330599903646,0.0,-0.004048583000004155,0.0,1.0,,-0.004048583000004155,0.0,-0.004048583000004155,,,0.05649999999999998,0,0.9971727016256966,,-0.004048583000004155,0.0,0.0,38420952.0,38420952.0,23.722318678794675,0.0,36801340.0,0.0,,0.0
0xdbe51bd9c283357b4e79b192ad3b0fbec71dee3d,0.03280477707295115,0.0054603363,0,8.564172000000001,4,1767495215,-0.11293629637864633,-0.18561738864922459,-0.11293629637864633,-0.11293629637864633,-0.39551367261578374,0.0,-0.11293629637864633,0.0,0.0,0.07000000000000006,-0.11222770509948808,0.0,-0.11151911382032983,,,-1.9107292406667278,1,0.9971727016256966,-0.9684023681686383,-0.11293629637864633,0.09039141882560717,1.29,,,,2.1502017593984966,,,0.35135135135135137,37.0
0x7afbfe56273ac942aa3de693ae3613f11b8921ff,0.03280464985506607,0.005459399,0,67.05999600000001,4,1767506673,-1.0294586077518576e-05,1.7561358923045402e-05,-1.0294586077518576e-05,-1.0294586077518576e-05,0.0021538768553183885,-0.09026255324889197,-1.0294586077518576e-05,-0.11087548073049697,0.0,-4.1401790781225785,-0.01936629092137743,-0.08967407134461744,-0.03872228725667735,0.36086704984098544,0.3433670498409854,,1,0.9971727016256966,-0.8646375778333928,-1.0294586077518576e-05,0.1427137318295649,5.0,2492316.0,2492316.0,1.7597746192463302,19.752717826086958,1076046.0,,0.23076923076923078,52.0
0x0711e162e05349de3d87626dea4285d08537f03c,0.03280352172566304,0.0054510864,0,772.9697299999999,98,1767468129,-5.69295932006075e-05,-7.590612426747598e-05,-5.69295932006075e-05,-5.69295932006075e-05,-0.0007689956378728362,0.055866535606748494,-5.69295932006075e-05,-0.006372116042863966,0.03866083502841144,0.046880929268292446,0.0003341193988545079,0.014690262119297297,0.0007251683909096233,0.6813286252715012,0.6224896921051483,-1.4820796922598327,4,0.9971727016256966,-0.8451772390230876,-5.69295932006075e-05,0.0,0.0,30401847.0,30401847.0,22.066685973843857,0.0,29024121.0,0.0,,0.0
0x80324cd0c823e018bf427c7365724656f1057c6c,0.03280315348493768,0.005448373,0,166.26326600000002,14,1767488599,-5.077387071696719e-06,1.0520711950362572e-05,-5.077387071696719e-06,-5.077387071696719e-06,0.0015649771864584031,-0.050866019902954786,-5.077387071696719e-06,-0.051952147001486496,0.0,-2.775789636666667,-0.014182254311049546,-0.03524226689134605,-0.028359431235027394,0.3614561605896059,0.3066895045136137,-1.4403213373623873,1,0.9971727016256966,-0.9035766304434375,-5.077387071696719e-06,0.008510029301344273,14.999999,14899200.0,14899200.0,10.65601675301603,22.23974396241611,13501004.0,,0.5070821529745042,351.0
0x3163f70b8a66536ed96e648ed74e1d488cdf1167,0.03280150905793281,0.0054362556,0,117.488642,4,1767541955,-0.4014998489942525,-0.40251199474425353,-0.4014998489942525,-0.4014998489942525,-0.7763569670378241,0.0,-0.4014998489942525,0.0,0.0,,-0.4014998489942525,0.0,-0.4014998489942525,,,-1.5913225596071459,0,0.9971727016256966,,-0.4014998489942525,0.10237561458884564,49.999988,3873992.0,3873992.0,2.668862018033112,39.5830131875,2422440.0,0.0,0.3333333333333333,12.0
0x9ef0d1510d56a42c15619a7a1b5ab800738a8ea6,0.032800882323570694,0.005431637,0,47.892719,2,1767446071,-0.5273279290300547,-0.5283400747800557,-0.5273279290300547,-0.5273279290300547,-0.74718569929917,0.0,-0.5273279290300547,0.0,0.0,,-0.5273279290300547,0.0,-0.5273279290300547,,,-0.61255973645079,0,0.9971727016256966,,-0.5273279290300547,0.031180021917025257,30.0,6285775.0,6285775.0,4.63666251619128,71.21598693969848,4930107.0,,0.17834394904458598,157.0
0xbacd00c9080a82ded56f504ee8810af732b0ab35,0.03279927579298189,0.005419798,0,75930.09027199996,261,1767452541,0.001903626220984637,0.0023844220811165186,0.001903626220984637,0.001903626220984637,0.017429894184063835,-0.021296635182350872,0.001903626220984637,-0.037352285547184234,0.005337305222306836,-83.15789240668654,-0.010760751521954336,0.002912383230424637,-0.021521503043908673,0.36536788636333095,0.29964510776269954,-1.7630426812383488,4,0.9971727016256966,-0.8314817468979956,0.001903626220984637,0.0,0.0,20945054.0,20945054.0,15.376602077028906,0.0,19582916.0,0.0,,0.0
0x792e9ff543281b0c530fac86ed74319858cc109e,0.03279900939327517,0.005417835,0,7.781194,6,1767513791,-2.3442605942225314e-05,0.00017842808093329122,-2.3442605942225314e-05,-2.3442605942225314e-05,0.007034430593827023,-0.04484473442417065,-2.3442605942225314e-05,-0.09892046591930206,0.0,-0.10683567439228296,-0.004953356056946938,-0.07205051456681513,-0.009883269507951651,0.3917274639579748,0.3689274635157147,,1,0.9971727016256966,-0.8689973503265236,-2.3442605942225314e-05,0.0,0.0,1776428.0,1776428.0,1.2480279445941656,0.0,353040.0,0.0,,0.0
0x562bc8068347268d9a69b8dd464d00eed0f9dc09,0.032798857048462096,0.0054167123,0,89.7,4,1767699615,0.0,0.0,0.0,0.0,0.0,-0.02923490684703186,0.0,-0.046184905700031816,0.0,0.030000000000000027,0.00012651821875012985,-0.013184905700031814,0.0002530364375002597,-0.017069811400063625,-0.09236981140006363,,1,0.9971727016256966,-0.9828144848816712,0.0,0.0,0.0,30504409.0,30504409.0,18.956115788348583,0.0,28895197.0,,,0.0
0x3c442520566cea61b695651f06fa50dcacbcdd68,0.03279749393718031,0.0054066665,0,10.1518,2,1767522295,0.0,0.0,0.0,0.0,0.0,0.0,0.0,0.0,0.0,0.15779999999999897,0.0018977732812519336,0.0,0.003795546562503867,,,-1.4565978633774546,1,0.9971727016256966,-0.8745220971497941,0.0,0.05638628103833508,16.04882,3429710.0,3429710.0,2.3952295284839917,30.98935345625,1997818.0,0.0,0.725,40.0
0xb10047d6a254b2ebb306d7a7d13bf59171ab6461,0.032796929828706786,0.005402509,0,2010.960337,5,1767703751,1.3889331430575257e-09,8.333598858345926e-09,1.3889331430575257e-09,1.3889331430575257e-09,7.113993252746946e-06,-0.029227155523331258,1.3889331430575257e-09,-0.04544256298432755,0.0,0.7787206749999782,0.00019488125310261414,-0.011860647683326156,0.0003897625062052283,-0.015092475550158994,-0.09013336817780242,,1,0.9971727016256966,-0.9853477834250245,1.3889331430575257e-09,0.0,0.0,45010338.0,45010338.0,27.898716210017927,0.0,43396990.0,0.0,,0.0
0x61d0aceed741417e9b7ea45bcb7bf0295c8d1d86,0.03279675329399777,0.005401208,0,94.58583300000001,6,1767459287,0.053638294341186325,0.053975642104338445,0.053638294341186325,0.053638294341186325,0.0934932868259391,0.0,0.053638294341186325,0.0,0.0,-23.297109219999996,0.01433131073495194,0.0,-0.024975672871282446,,,-1.2581291148207394,1,0.9971727016256966,-0.9494185540843314,0.053638294341186325,0.0,0.0,13440155.0,13440155.0,9.818330114165992,0.0,12071271.0,,,0.0
0x1c1e841584db14084e10e7dca2ad0ab7b60dbfe7,0.03279316283789231,0.005374745,0,372.3681,11,1767558899,0.0,0.0,0.0,0.0,0.0,0.10505698253446585,0.0,0.06277205460709463,0.0,-0.6603799999999991,-0.0013651977336308911,0.09340375627552493,-0.0027303954672617823,0.7500274044530569,0.6628607408179804,,1,0.9971727016256966,-0.8966259844400589,0.0,0.0,0.0,26145772.0,26145772.0,17.80445571523518,0.0,24677276.0,,,0.0
0xb4e06e3a1f7c365b58b69d7200dec31e72719563,0.03279183015247986,0.005364922,0,116.29924,7,1767476383,0.0,0.0,0.0,0.0,0.0,0.0,0.0,0.0,0.0,-1.3668599999999997,-0.004611538466154729,0.0,-0.009223076932309457,,,-1.5894277863409014,1,0.9971727016256966,-0.8464916632672936,0.0,0.06666240632794104,6.75,17542613.0,17542613.0,12.65719057995065,15.496055031620553,16156633.0,0.0,0.4657534246575342,73.0
0xf6eb8cf69851efce1a8a1266cd7afd2ab873c13f,0.03279021267940812,0.005352999,0,50.368915,4,1767520635,-7.02243718822841e-05,-7.112009093452705e-05,-7.02243718822841e-05,-7.02243718822841e-05,-0.00534580271704459,0.0,-7.02243718822841e-05,0.0,0.0,-9.870559745090251,-0.049656586794640564,0.0,-0.09924294921739885,,,-1.5879039491199642,1,0.9971727016256966,-0.9829333098133468,-7.02243718822841e-05,0.13156586644882376,0.999999,22126721.0,22126721.0,15.470721533289703,1.4063755217391303,20696489.0,,0.17647058823529413,17.0
0xb8d79844d0f8dc78a30158e619801e31ecd83e75,0.032790070355069714,0.00535195,0,4539.191799999999,74,1767475173,-0.06570180020355017,-0.06589279380879305,-0.06570180020355017,-0.06570180020355017,-0.21425906075041662,0.08824574690358877,-0.06570180020355017,-0.0351593904894471,0.0,5.1290066719230785,-0.061041361068328664,-0.01689887562572846,-0.05638092193310716,0.736289254609987,0.6929994850842288,-1.7019782410493303,3,0.9971727016256966,-0.8453438389272926,-0.06570180020355017,0.035259780639234004,3.2,37751454.0,37751454.0,27.26189475508568,15.690768960784311,36366684.0,0.0,0.2982456140350877,156.0
0x96ba59509947835d0bc78546e57da2a618f09209,0.03278928300209197,0.005346146,0,30.549999999999997,3,1767494063,-0.3997975712504099,-0.4008097170004109,-0.3997975712504099,-0.3997975712504099,-0.6739887311770225,0.0,-0.3997975712504099,0.0,0.0,,-0.3997975712504099,0.0,-0.3997975712504099,,,-1.5926914148439346,0,0.9971727016256966,,-0.3997975712504099,0.07631101934134811,9.999999,29572926.0,29572926.0,21.068439650627646,11.62111175,28169266.0,,0.125,16.0
0xefdbf54008554171a0f6df892910b85fa3807358,0.0327890391057775,0.005344348,0,471.9,5,1767544969,0.0,0.0,0.0,0.0,0.0,0.0897025058217289,0.0,-0.034688538640668586,0.0,9.944999999999986,0.006452429156256608,-0.008388538640668589,0.012904858312513217,0.6305515689136588,0.5736515689136589,,1,0.9971727016256966,-0.888093864346028,0.0,0.029787040078646552,5.29854,31151908.0,31151908.0,21.41663424004136,28.955397042689437,29697342.0,0.0,0.44881889763779526,243.0
0xc8b2b62e9ac155c153c0fdeaf35672be58fb7c84,0.032788821173490516,0.0053427415,0,64.1,4,1766289393,0.0,0.0,0.0,0.0,0.0,0.0,0.0,0.0,0.0,-0.8999999999999986,-0.002846659921877915,0.0,-0.00569331984375583,,,-1.6061884353013933e-16,1,0.9971727016256966,-0.2118501531861619,0.0,0.0,0.0,13884751.0,13884751.0,69.77612442836323,0.0,13685761.0,,,0.0
0x01680432f4463e196315b592501d7f265db5ab3f,0.03278582692557055,0.0053206678,0,295.51929800000005,10,1767550861,-3.012696967051332e-06,-4.635816675519533e-06,-3.012696967051332e-06,-3.012696967051332e-06,-0.0013648342293215282,0.0,-3.012696967051332e-06,0.0,0.0,-17.362696591339425,-0.03264786486145384,0.0,-0.06529271702594062,,,-1.5776501645415961,1,0.9971727016256966,-0.9494859290455908,-3.012696967051332e-06,0.038325998201186644,16.6698,27547458.0,27547458.0,18.862204869979145,21.24291543137255,26087000.0,0.0,0.38235294117647056,68.0
0x0fa08c2cdd96facdda6b16ca6d1ec8dad63eac6b,0.03278549014210936,0.005318185,0,96.029583,10,1767492573,-1.2114616745578981e-05,-2.5480200634339315e-05,-1.2114616745578981e-05,-1.2114616745578981e-05,-0.0031592094673526046,0.0,-1.2114616745578981e-05,0.0,0.0,-2.696444335656569,-0.013876817204259172,0.0,-0.027741519791772765,,,-1.6038224132953725,1,0.9971727016256966,-0.8788941196358812,-1.2114616745578981e-05,0.03647743077585507,9.999999,15743894.0,15743894.0,11.228234807476982,11.400770403225806,14341724.0,,0.39473684210526316,38.0
0x5188fa0e8a77e87bc6a58e6781fdfc4e165cc804,0.032785166246989746,0.005315797,0,18613.476624,71,1766962851,-0.08330467943447104,-0.09236648814118348,-0.08330467943447104,-0.0732880738303091,-0.8693580807123216,0.0,-0.09215993946133882,0.0,0.0,53.97415993,-0.07739915533939691,0.0,-0.0714936312443228,,,-0.5498116352898447,3,0.9971727016256966,-0.8204873782197575,-0.08330467943447104,0.0,0.0,15922320.0,15922320.0,18.2501650528169,0.0,15049872.0,,,0.0
0xe1880096e270dead9411ab2cf49d3b33e6ffc1d0,0.03278286092056833,0.0052988003,0,43.89645,5,1767447133,-0.47446849943883673,-0.4754806451888378,-0.47446849943883673,-0.47446849943883673,-1.0224857645447032,0.0,-0.47446849943883673,0.0,0.0,,-0.47446849943883673,0.0,-0.47446849943883673,,,-1.5915864265314146,0,0.9971727016256966,,-0.47446849943883673,0.0739007162124741,5.0,17517909.0,17517909.0,12.911860871359814,19.96258901796407,16161179.0,,0.21348314606741572,87.0
0x5d867c8eea61f5459075db1c5f1cadad162a5073,0.03278256439748299,0.005296614,0,938.3177139999999,21,1767472759,0.008519025529927053,0.008540750529490779,0.008519025529927053,0.008519025529927053,0.061872587652804276,-0.011726538566319087,0.008519025529927053,-0.10660350260280446,0.0,2.909456402698585,0.013969288972167572,-0.09270131143707376,0.01941955241440809,0.6231420329081562,0.600344082007119,,2,0.9971727016256966,-0.8438652647774727,0.008519025529927053,0.0,0.0,4824708.0,4824708.0,3.490206574862047,0.0,3442352.0,0.0,,0.0
0x60d567cf90278166bcf66d163fee492faee19af9,0.03278159059474153,0.005289434,0,42.452965000000006,3,1767471757,-0.4758194250925776,-0.47683157084257854,-0.4758194250925776,-0.4758194250925776,-0.7670899226179123,0.0,-0.4758194250925776,0.0,0.0,,-0.4758194250925776,0.0,-0.4758194250925776,,,-1.403078908818385,0,0.9971727016256966,,-0.4758194250925776,0.061740813159537195,18.365325,17280561.0,17280561.0,12.50987147393065,22.744095586206893,15899207.0,0.0,0.27906976744186046,43.0
0x245d8cf6c9dc0873514959ede8fd5aa2ed5538a4,0.03278021150445063,0.0052792653,0,123.41755700000002,10,1767487639,-7.037984146287234e-07,-9.10672663265215e-06,-7.037984146287234e-07,-7.037984146287234e-07,-0.0019838855404429746,0.0,-7.037984146287234e-07,0.0,0.0,-1.1247720195094437,-0.00421953433130878,0.0,-0.008438364864202932,,,-1.5198613733786281,1,0.9971727016256966,-0.8541356588719962,-7.037984146287234e-07,0.043756208785181605,9.999999,70685038.0,70685038.0,50.58919037299354,16.923413531531533,69287802.0,0.0,0.4838709677419355,60.0
0x6ca5b437f5bc9946e1b9b2e02fcebe79decb9340,0.03278002400504357,0.005277883,0,18.169998,4,1767557323,-0.00014614009679188742,-0.00015865485845912195,-0.00014614009679188742,-0.00014614009679188742,-0.007944095550825606,0.0,-0.00014614009679188742,0.0,0.0,-3.681539412468869,-0.045927460463155094,0.0,-0.09170878082951829,,,-1.5841992406927647,1,0.9971727016256966,-0.9805776361678592,-0.00014614009679188742,0.06057155625695792,4.4999994999999995,3552580.0,3552580.0,2.4217953262618277,9.122409568965516,2085660.0,,0.2,40.0
0xc720fbc84ecbd92e8ba7c1bdaad31b9865138f88,0.03278000941688793,0.005277775,0,842.8,3,1767485441,0.0,0.0,0.0,0.0,0.0,0.0,0.0,0.0,0.0,19.80000000000002,0.0026369060328974426,0.0,0.005273812065794885,,,-1.4546469665357307,1,0.9971727016256966,-0.8531887344164777,0.0,0.08869201142588351,9.8,16673558.0,16673558.0,11.95204575072507,37.725258793650795,15278520.0,,0.4307692307692308,65.0
0x3b345c29419b69917d36af2c2be487a0f492cca8,0.03277938573173716,0.0052731764,0,1379.625806,10,1767568847,-0.00011564937425153924,0.0014682442296282431,-0.00011564937425153924,-0.00011564937425153924,0.020831095262579886,0.006891158113231287,-0.00011564937425153924,-0.002040264104765417,0.0,12.390334563999991,0.007666850758398193,0.028370257145051234,0.015449350891047927,0.5657046646812274,0.5074742628527232,,1,0.9971727016256966,-0.9027191309364997,-0.00011564937425153924,0.0,0.0,5048572.0,5048572.0,3.414787438685537,0.0,3570128.0,,,0.0
0x95923e6dfa4e685361ffb0ead28657d3fa1aa85b,0.032779202531138876,0.0052718255,0,26941.02745700001,187,1767447347,-0.14992853138117931,-0.1506184287090112,-0.14992853138117931,-0.14992853138117931,-1.0230207691565356,0.0030350789493461578,-0.14992853138117931,0.0028903334179072567,0.00692705517612302,1.741493977254551,-0.14956823803161268,0.002935263538236407,-0.149207944682046,3.0089779912325074,3.0043779912325075,-1.5570999999999997,2,0.9971727016256966,-0.8295021480362649,-0.14992853138117931,0.0,0.0,36326352.0,36326352.0,26.770708297468428,0.0,34969408.0,0.0,,0.0
0xf8b9ba31f5307c0969d058e3a3affdb54f577b8d,0.03277907237785052,0.0052708657,0,1.204817,2,1766369870,-0.8390687343417788,-0.84008088009178,-0.8390687343417788,-0.8390687343417788,-1.1880537741161208,0.0,-0.8390687343417788,0.0,0.0,,-0.8390687343417788,0.0,-0.8390687343417788,,,-0.014224481948425806,0,0.9971727016256966,,-0.8390687343417788,0.050245399181585035,0.999999,2928467.0,2928467.0,10.478757778199215,1.6330858020833334,2649000.0,,0.16783216783216784,84.0
0xf75ce947eef753f0d7c65edcede8c45346ff0387,0.03277753779392701,0.0052595497,0,70.21631,8,1766593191,-1.0384232127101296e-06,-1.218013531425946e-06,-1.0384232127101296e-06,-1.0384232127101296e-06,-0.000918952084661226,0.0,-1.0384232127101296e-06,0.0,0.0,-9.239225255000708,-0.05334022474925555,0.0,-0.1066794110752984,,,-0.5685804095058417,2,0.9971727016256966,-0.38462282884187343,-1.0384232127101296e-06,0.0,0.0,,,,0.0,,,,0.0
0x8217b6c8878a4aa4ecc023608dbf91d4fac64936,0.032776786156668576,0.005254007,0,242.22776000000002,23,1767433509,-0.00024146759899389096,-0.00026561435889328,-0.00024146759899389096,-0.00024146759899389096,-0.0018962872373062046,0.013377710127960452,-0.00024146759899389096,-0.03406915627689932,0.09322459779895237,-0.8874058333333338,-0.00656240435144736,-0.020721746983384543,-0.012883341103900828,0.40670527872355516,0.34760527872355507,-0.6514557884985069,4,0.9971727016256966,-0.8222011522343374,-0.00024146759899389096,0.0,0.0,7120486.0,7120486.0,5.3015071036835515,0.0,5777380.0,0.0,,0.0
0xeb8984bd4aad72274f170bfc71ef4fa21a4646f1,0.03277594177651164,0.00524778,0,233.006297,11,1767570433,-0.16808000205192036,-0.1686639540094307,-0.16808000205192036,-0.16808000205192036,-0.46319525397824324,-0.04355574353598259,-0.16808000205192036,-0.04438661222820145,0.0,-1.2489020283333354,-0.17245334271238252,-0.03125074045666942,-0.1768266833728447,0.3347260552306856,0.2867260552306856,-1.810154721476187,1,0.9971727016256966,-0.9036905553779306,-0.16808000205192036,0.11210112190431237,10.162500000000001,3580082.0,3580082.0,2.4189252920548907,60.248284890879475,2100052.0,,0.17763157894736842,53.0
0x22f0872d74a55cd5659039603bc7c0cf8b74ae31,0.03277544034891427,0.0052440823,0,143.70999999999998,5,1767466623,-0.07403658726859444,-0.07422402166674279,-0.07403658726859444,-0.07403658726859444,-0.17248103988229999,-0.021727424961235385,-0.07403658726859444,-0.05000229243753425,0.0,-13.095000000000002,-0.09858112170611961,-0.045280070215312024,-0.12312565614364479,0.4836084398508914,0.4751084398508914,-1.3961135242908445,1,0.9971727016256966,-0.8493446866268052,-0.07403658726859444,0.028368057556002028,17.51169,16657574.0,16657574.0,12.10385984798942,41.005630637681165,15281354.0,,0.3732394366197183,140.0
0xeebf09671cb403f4086914a89315cd56271e3885,0.032775195857501015,0.0052422793,0,41.897971999999996,5,1767487713,-0.43189531674569953,-0.4329074624957005,-0.43189531674569953,-0.43189531674569953,-0.9168786366576904,0.0,-0.43189531674569953,0.0,0.0,,-0.43189531674569953,0.0,-0.43189531674569953,,,-1.511173259540755,0,0.9971727016256966,,-0.43189531674569953,0.0,0.0,2235784.0,2235784.0,1.6000629781508755,0.0,838474.0,,,0.0
0xea5ff76a4fd2cddfd312f995434b30b59bc64b09,0.032775042861833685,0.005241151,0,9.22,2,1767139537,-0.9706477742509952,-0.9716599200009964,-0.9706477742509952,-0.9706477742509952,-1.3741346368797656,0.0,-0.9706477742509952,0.0,0.0,,-0.9706477742509952,0.0,-0.9706477742509952,,,-0.05690473304848193,0,0.9971727016256966,,-0.9706477742509952,0.0,0.0,2299670.0,2299670.0,2.191969757914623,0.0,1250536.0,,,0.0
0xee38f4cd4e83dc93ad8993068bf2ddfd4fb1fd31,0.03277393933077368,0.0052330126,0,1.474925,2,1767468031,-0.6852225698153923,-0.6862347155653933,-0.6852225698153923,-0.6852225698153923,-0.9704824417238226,0.0,-0.6852225698153923,0.0,0.0,,-0.6852225698153923,0.0,-0.6852225698153923,,,-1.2086267684732728,0,0.9971727016256966,,-0.6852225698153923,0.0,0.0,2372184.0,2372184.0,1.721933642463713,0.0,994556.0,0.0,,0.0
0x3edf3d66a34b86bba59f1e3028c16832fe773c0c,0.03277365665024409,0.005230928,0,2.870812,2,1767534251,-0.42206463108369463,-0.42307677683369566,-0.42206463108369463,-0.42206463108369463,-0.5983209157233077,0.0,-0.42206463108369463,0.0,0.0,,-0.42206463108369463,0.0,-0.42206463108369463,,,-1.5549205254815963,0,0.9971727016256966,,-0.42206463108369463,0.08538746280911981,1.8689195,29239121.0,29239121.0,20.250830419822584,2.527993318181818,27795273.0,0.0,0.15,20.0
0x063bdffe48aaf48a0f3eb7a9da1c66cf492cefbe,0.03277311617314437,0.005226942,0,38.669560000000004,3,1767564471,-0.39160119761024975,-0.3926133433602508,-0.39160119761024975,-0.39160119761024975,-0.6280612033743614,0.0,-0.39160119761024975,0.0,0.0,,-0.39160119761024975,0.0,-0.39160119761024975,,,-1.6020570481603844,0,0.9971727016256966,,-0.39160119761024975,0.02193068623014884,3.2821995,4395547.0,4395547.0,2.981916031010781,6.507094283149171,2921479.0,,0.15702479338842976,242.0
0x95158161ca5b28c8432ce3014324a96200e210d7,0.032772851052070284,0.0052249865,0,777.6350180000001,16,1767489551,-1.7857338297282843e-06,-3.44905848564455e-06,-1.7857338297282843e-06,-1.7857338297282843e-06,-0.0012931221892119554,0.0,-1.7857338297282843e-06,0.0,0.0,-32.85910364425,-0.03224974514419029,0.0,-0.06449770455455084,,,-1.464598382992103,1,0.9971727016256966,-0.9069907034803455,-1.7857338297282843e-06,0.14790449139161824,58.75,5814760.0,5814760.0,4.155929179757967,134.00035884375,4415612.0,,0.3333333333333333,30.0
0x7a6192ea6815d3177e978dd3f8c38be5f575af24,0.03277266220429068,0.0052235937,0,150.93,1,1767696275,-0.02631578950002701,-0.027327935250028048,-0.02631578950002701,-0.02631578950002701,-0.027327935250028048,0.0,-0.02631578950002701,0.0,1.0,,-0.02631578950002701,0.0,-0.02631578950002701,,,-0.1381000000000002,0,0.9971727016256966,,-0.02631578950002701,0.009543299264236221,6.1138200000000005,43182925.0,43182925.0,26.890639478115318,155.75061698389572,41577053.0,0.0,0.2731629392971246,508.0
0xc3262aeb0bd81deab067726635f5b5bd39201db1,0.03277116408704131,0.0052125445,0,3.285,2,1767641047,0.0,0.0,0.0,0.0,0.0,0.0,0.0,0.0,0.0,0.2849999999999997,0.007211538468757386,0.0,0.014423076937514772,,,-1.809756052056152,1,0.9971727016256966,-0.9684023681686383,0.0,0.0,0.0,2421810.0,2421810.0,1.5618091580014497,0.0,871166.0,,,0.0
0xa6b7ebd5ce137c3b5d56f896a52eba71702bd5f3,0.03276865863885566,0.0051940647,0,256.171511,21,1767495873,-0.008646839762450058,-0.008693699757174876,-0.008646839762450058,-0.008646839762450058,-0.06857740741256167,0.03614770640516277,-0.008646839762450058,0.008814438498473737,0.0,-8.645279495984417,-0.02956822587390666,0.028345089985586838,-0.05048961198536326,0.7995974966509484,0.7634974966509483,-1.584256914373639,2,0.9971727016256966,-0.8580225816370156,-0.008646839762450058,0.0,0.0,16544503.0,16544503.0,11.77150917486677,0.0,15139033.0,,,0.0
0x2793e5a1174eda40dc76a8ff19b5af727d964e49,0.0327686492954618,0.005193996,0,36.59562,3,1767422779,-0.6163967686677893,-0.6174089144177902,-0.6163967686677893,-0.6163967686677893,-1.0684797413416125,0.0,-0.6163967686677893,0.0,0.0,,-0.6163967686677893,0.0,-0.6163967686677893,,,-0.5888647393157097,0,0.9971727016256966,,-0.6163967686677893,0.03596705055493383,6.9188,4769562.0,4769562.0,3.5797417545797883,14.443175187739461,3437186.0,,0.32142857142857145,56.0
0xa8efe023df84ddcb6e1e9f2adb2b63b6f10ce757,0.0327686492954618,0.005193996,0,9.999998,2,1767522191,-0.5010121036788489,-0.5020242494288499,-0.5010121036788489,-0.5010121036788489,-0.7099695021824531,0.0,-0.5010121036788489,0.0,0.0,,-0.5010121036788489,0.0,-0.5010121036788489,,,-1.4278419303933096,0,0.9971727016256966,,-0.5010121036788489,0.11082238344862992,1.999999,4826642.0,4826642.0,3.371059123278027,6.981984605504587,3394854.0,,0.3582089552238806,67.0
0x4865a2c059d3793720031cdfbabc02d111cd0d78,0.0327686492954618,0.005193996,0,19.999999000000003,2,1767455967,-0.6801619104188148,-0.6811740561688158,-0.6801619104188148,-0.6801619104188148,-0.9633255885706318,0.0,-0.6801619104188148,0.0,0.0,,-0.6801619104188148,0.0,-0.6801619104188148,,,-1.1906786957025135,0,0.9971727016256966,,-0.6801619104188148,0.08590270462742094,9.999999,5629074.0,5629074.0,4.122160513897555,14.00164444,4263510.0,,0.3,20.0
0xb97271e85dc35c7d1e3e86926b071161cedeff7b,0.0327686492954618,0.005193996,0,3.577479,2,1767553435,-0.3613360363966629,-0.36234818214666387,-0.3613360363966629,-0.3613360363966629,-0.5022473901303381,0.0,-0.3613360363966629,0.0,0.0,,-0.3613360363966629,0.0,-0.3613360363966629,,,-1.668647167603294,0,0.9971727016256966,,-0.3613360363966629,0.017244237183984774,1.0,4830252.0,4830252.0,3.301535441466762,1.1867973470319635,3367220.0,,0.24561403508771928,112.0
0xf8be921a7922a4d22280cc6fdf8eefeff6ddc8d1,0.03276755386350243,0.0051859156,0,213.19109300000002,3,1767445057,-0.4305340214380566,-0.43154616718805766,-0.4305340214380566,-0.4305340214380566,-0.6157745124679797,0.0,-0.4305340214380566,0.0,0.0,,-0.4305340214380566,0.0,-0.4305340214380566,,,-0.449198168268523,0,0.9971727016256966,,-0.4305340214380566,0.037462211617694335,0.3,9197967.0,9197967.0,6.78990133273884,24.0343544029304,7843313.0,0.0,0.35537190082644626,114.0
0xfac75f34ec3158205788368a0d39a8d0dea0333b,0.03276740450063618,0.005184814,0,4.1403490000000005,2,1767607927,-0.28744927932684017,-0.28846142507684125,-0.28744927932684017,-0.28744927932684017,-0.40794605956513924,0.0,-0.28744927932684017,0.0,0.0,,-0.28744927932684017,0.0,-0.28744927932684017,,,-1.8587994226530216,0,0.9971727016256966,,-0.28744927932684017,0.06899264415358447,1.269998,6100540.0,6100540.0,4.020061626702444,1.6211752352941176,4583016.0,0.0,0.29411764705882354,17.0
0x7610ad1d2acef84f759c157c6bc2a85bb73ce1ca,0.03276368743314116,0.005157394,0,6.997333,4,1767529613,-0.35322199877838534,-0.35423414452838636,-0.35322199877838534,-0.35322199877838534,-0.6912473582617712,0.0,-0.35322199877838534,0.0,0.0,,-0.35322199877838534,0.0,-0.35322199877838534,,,-1.5894533613446198,0,0.9971727016256966,,-0.35322199877838534,0.04969236323957934,1.76,13957596.0,13957596.0,9.698095482938557,3.0082844444444445,12518386.0,,0.3333333333333333,39.0
0xcdd71dc63f49c740c5433b946caea12fde4cb90f,0.032763653284267044,0.005157142,0,70.940111,4,1767565619,-0.3765182212078366,-0.3775303669578377,-0.3765182212078366,-0.3765182212078366,-0.7008662566650568,0.0,-0.3765182212078366,0.0,0.0,,-0.3765182212078366,0.0,-0.3765182212078366,,,-1.6358255685205503,0,0.9971727016256966,,-0.3765182212078366,0.023901880272610396,9.999999,36924276.0,36924276.0,25.029742085226843,45.46361536823735,35449060.0,,0.365,198.0
0xe1ccd5943498bbe5e6756988cfb7228befa7f7d4,0.032763653284267044,0.005157142,0,12.164325999999999,3,1767481717,-0.35222668892626857,-0.3532388346762696,-0.35222668892626857,-0.35222668892626857,-0.6030164005598373,0.0,-0.35222668892626857,0.0,0.0,,-0.35222668892626857,0.0,-0.35222668892626857,,,-1.5879782646395806,0,0.9971727016256966,,-0.35222668892626857,0.05342298257701403,13.64,34832428.0,34832428.0,25.03563394028954,24.223703150442482,33441114.0,,0.23076923076923078,65.0
0xc3cd6b2d3f713669f0d99398b6c0dc534cc671ee,0.03276350008816989,0.005156012,0,39.999998,2,1767477873,-0.331983797875239,-0.33299594362524004,-0.331983797875239,-0.331983797875239,-0.47092737969004106,0.0,-0.331983797875239,0.0,0.0,,-0.331983797875239,0.0,-0.331983797875239,,,-1.6157209787848634,0,0.9971727016256966,,-0.331983797875239,0.013098071062011461,9.999999,,,,19.27900153669725,,,0.3727598566308244,271.0
0x8ff8911a56faf5f823dc5fa195417f785965a3ad,0.032762417446398136,0.0051480248,0,5.999998,2,1767515837,-0.3137651183906643,-0.31477726414066537,-0.3137651183906643,-0.3137651183906643,-0.44516227607442704,0.0,-0.3137651183906643,0.0,0.0,,-0.3137651183906643,0.0,-0.3137651183906643,,,-1.7591975195976708,0,0.9971727016256966,,-0.3137651183906643,0.047241023899553716,4.999999,34621751.0,34621751.0,24.28856825359855,7.411796289473684,33196317.0,0.0,0.30303030303030304,33.0
0xf673f50457dd744414b6629df0220d2138480687,0.032762417446398136,0.0051480248,0,22.32,3,1767604525,-0.28137651850028844,-0.28238866425028947,-0.28137651850028844,-0.28137651850028844,-0.4870484004048082,0.0,-0.28137651850028844,0.0,0.0,,-0.28137651850028844,0.0,-0.28137651850028844,,,-1.876220429543017,0,0.9971727016256966,,-0.28137651850028844,0.038530679165428496,6.0,43022289.0,43022289.0,28.414017496608597,11.876918937209302,41508167.0,0.0,0.31351351351351353,179.0
0xb8a90290332fa3ea9885f1e2ce479e6baf0c2948,0.032762417446398136,0.0051480248,0,39.6,1,1767492253,-0.39979757125041,-0.400809717000411,-0.39979757125041,-0.39979757125041,-0.40080971700041096,0.0,-0.39979757125041,0.0,0.0,,-0.39979757125041,0.0,-0.39979757125041,,,-1.5879914264041168,0,0.9971727016256966,,-0.39979757125041,0.030154301237785695,3.2199,34325321.0,34325321.0,24.485730284980562,21.746999446327685,32923471.0,0.0,0.37168141592920356,109.0
0x68843fb141af02fa9ba013feae921a825779517c,0.03276226450836035,0.0051468965,0,25.0,2,1767450283,-0.6828701177642138,-0.6838822635142148,-0.6828701177642138,-0.6828701177642138,-0.9587722947331669,0.0,-0.6828701177642138,0.0,0.0,,-0.6828701177642138,0.0,-0.6828701177642138,,,-0.9870693827030272,0,0.9971727016256966,,-0.6828701177642138,0.024842105291763228,10.1006,45701700.0,45701700.0,33.60715651381004,21.95032215726496,44341820.0,0.0,0.3716216216216216,144.0
0x4200c8b915d237f67aa0ef48f16985570f3f5d5c,0.03276188503817249,0.005144097,0,10.425,2,1767562753,-0.3004626955003081,-0.30147484125030916,-0.3004626955003081,-0.3004626955003081,-0.42961769136779576,0.0,-0.3004626955003081,0.0,0.0,,-0.3004626955003081,0.0,-0.3004626955003081,,,-1.8042042464309826,0,0.9971727016256966,,-0.3004626955003081,0.009711376210666244,4.299999,4485365.0,4485365.0,3.046398614459877,8.318534402408112,3013015.0,,0.3094944512946979,523.0
0x43440ab002eaac9fede6f9d21bea96d84228f90d,0.03276122810780634,0.0051392503,0,755.90256,10,1767538381,-0.13678857162168923,-0.1386221231652182,-0.13678857162168923,-0.13828474124855114,-0.4220904853252416,0.0,-0.13828474124855114,0.0,0.0,-76.65616335664473,-0.1708821995236685,0.0,-0.2049758274256478,,,-1.5312285027424362,1,0.9971727016256966,-0.9921967544868662,-0.13678857162168923,0.0,0.0,33801466.0,33801466.0,23.34390854004688,0.0,32353488.0,0.0,,0.0
0xf02105d60083d7d74d7e0f9785d79e06137cdf56,0.03276120563808423,0.0051390845,0,859.643464,17,1767460855,0.0024903085675441984,0.002589920910245966,0.0024903085675441984,0.0024903085675441984,0.01075815782754063,-0.0028365353382378846,0.0024903085675441984,-0.005893262539284222,0.0,-18.844861158,-0.014776025741072903,0.0002201922556405416,-0.029552051482145805,0.010307677629612929,-0.06979232237038707,-1.2096495892916725,2,0.9971727016256966,-0.8394442423195607,0.0024903085675441984,0.0,0.0,5473049.0,5473049.0,3.9936086780128015,0.0,4102597.0,,,0.0
0x600fbf4b019e70be2650fc5ab8ae91c39c3c7427,0.032760949572668105,0.0051371953,0,25.252524,2,1767493947,-0.3997975510495992,-0.40080969679960016,-0.3997975510495992,-0.3997975510495992,-0.5668305091446428,0.0,-0.3997975510495992,0.0,0.0,,-0.3997975510495992,0.0,-0.3997975510495992,,,-1.5957914102872943,0,0.9971727016256966,,-0.3997975510495992,0.072622717348301,3.999999,6168727.0,6168727.0,4.395107670297476,4.7283884651162795,4765183.0,,0.30303030303030304,33.0
0xf1a4be25118030418d1b389c88c1525041a7527c,0.0327608056037825,0.005136133,0,1830.5852,21,1767532279,-0.03686726125173338,-0.03786174673824844,-0.03459053025949051,-0.036956544820056635,-0.2819271575864344,0.0,-0.036956544820056635,0.0,0.8793086270492949,-14.302793333333332,-0.03696392056226798,0.0,-0.04229854921443324,,,-1.6617113746568757,1,0.9971727016256966,-0.9492985041533601,-0.03424827658091805,0.10436124767134565,11.846250000000001,,,,68.91986301629072,,,0.3333333333333333,159.0
0xbe0e2ccaba04e1cff6328df819aba5648578d429,0.03275802619629181,0.0051156264,0,0.5,1,1767695807,-0.0495951417500509,-0.05060728750005193,-0.0495951417500509,-0.0495951417500509,-0.05060728750005193,0.0,-0.0495951417500509,0.0,1.0,,-0.0495951417500509,0.0,-0.0495951417500509,,,-0.32900000000000035,0,0.9971727016256966,,-0.0495951417500509,0.0,0.0,5517194.0,5517194.0,3.4366390017715167,0.0,3911790.0,,,0.0
0x841044859fe4d81ac9bd76815e1c3e62c92fd4ec,0.03275666592352418,0.0051055895,0,79.29999799999999,3,1767508749,-0.31021003462768865,-0.3112221803776897,-0.31021003462768865,-0.31021003462768865,-0.5312715702735741,0.0,-0.31021003462768865,0.0,0.0,,-0.31021003462768865,0.0,-0.31021003462768865,,,-1.7715572279260217,0,0.9971727016256966,,-0.31021003462768865,0.08195245178605762,9.72,47563280.0,47563280.0,33.53432801305182,76.77362494538606,46144934.0,0.0,0.25862068965517243,58.0
0xbe529f3c699cc19b8e11d207a3c2fb8cb35432c5,0.032756207504837306,0.005102207,0,200.0,6,1767551495,-0.3997874497929099,-0.40079959554291095,-0.3997874497929099,-0.3997874497929099,-0.8789286781847936,0.0,-0.3997874497929099,0.0,0.0,,-0.3997874497929099,0.0,-0.3997874497929099,,,-1.5778914335931438,0,0.9971727016256966,,-0.3997874497929099,0.04315872478499486,6.6,12819510.0,12819510.0,8.77392388706529,35.0784221889117,11358418.0,,0.3382352941176471,132.0
0x083f818ee988cc06300ed8d48cc5e0410ff5a55f,0.032756207504837306,0.005102207,0,63.565929,3,1767610697,-0.3174432643467349,-0.318455410096736,-0.3174432643467349,-0.3174432643467349,-0.5302841258456489,0.0,-0.3174432643467349,0.0,0.0,,-0.3174432643467349,0.0,-0.3174432643467349,,,-1.7744617257821296,0,0.9971727016256966,,-0.3174432643467349,0.021734209553632422,19.999999,8356454.0,8356454.0,5.496603946341957,27.510407724609376,6836160.0,,0.328,250.0
0xd7e9be67ffeef1d4cc29d2feb7fc9b8c69d1ef4d,0.032756207504837306,0.005102207,0,2.0966579999999997,3,1767471655,-0.4777327466046981,-0.4787448923546991,-0.4777327466046981,-0.4777327466046981,-0.7825720759436606,0.0,-0.4777327466046981,0.0,0.0,,-0.4777327466046981,0.0,-0.4777327466046981,,,-1.4007688116163206,0,0.9971727016256966,,-0.4777327466046981,0.08481208207736174,4.999998,7426728.0,7426728.0,5.376808866159108,13.250903508771929,6045476.0,,0.29464285714285715,112.0
0xacc8e9dcabf9d65a5c78e3bec6941ed53a2b7d08,0.032755821160641456,0.005099356,0,6387.18223,22,1767570825,0.0017307226544406664,0.0021634033180508295,0.0017307226544406664,0.0017307226544406664,0.0050363553207611825,-0.026229560040713265,0.0017307226544406664,-0.039229422425792256,0.0,-83.15997500000002,-0.014408653898348887,-0.01444717651357873,-0.028817307796697774,-0.020369811400063567,-0.09386981140006356,-1.6846572456732847,2,0.9971727016256966,-0.9117204257607552,0.0017307226544406664,0.0,0.0,36929806.0,36929806.0,24.945458794857142,0.0,35449384.0,0.0,,0.0
0x7c3db723f1d4d8cb9c550095203b686cb11e5c6b,0.03275525029813561,0.005095144,0,5635.861212999999,36,1767552601,0.016782503409883562,0.016866579004390505,0.016782503409883562,0.016782503409883562,0.10024134374476004,-0.07032565885520652,0.016782503409883562,-0.07805919419791187,0.0,0.35781703933332487,0.016926775655810373,-0.04553098866811304,0.017071047901737184,0.49090353628765016,0.4267702143326144,,1,0.9971727016256966,-0.8927684616581345,0.016782503409883562,0.0,0.0,60111087.0,60111087.0,41.110087006000555,0.0,58648889.0,0.0,,0.0
0x33e073440d9ac43e2e190e910f0b02b2fbd17d46,0.03275445245721407,0.0050892564,0,27749.367781,63,1767440031,0.002612269479957635,0.0031305288481829696,0.002612269479957635,0.002612269479957635,0.012735946609983135,-0.03211949851860025,0.002612269479957635,-0.04650294368143454,0.0,-633.763588656,-0.01215089273183023,-0.012364586413247065,-0.02430178546366046,-0.015183294048592422,-0.09073714020243859,-1.6063756714207957,2,0.9971727016256966,-0.913676749635869,0.002612269479957635,0.0,0.0,6312873.0,6312873.0,4.6774911308894005,0.0,4963245.0,,,0.0
0xf42f4a4211d058cd109d503cf13f7bcdfc82a6a7,0.03275426598361614,0.0050878804,0,2483.1345769999994,33,1767541243,-0.0278336149556388,-0.027899655341944107,-0.0278336149556388,-0.0278336149556388,-0.18161824224945278,0.03626886112205586,-0.0278336149556388,0.007709987362247252,0.0,-9.391412485370745,-0.033412206154445574,0.017449631608860195,-0.038990797353252345,0.7806996175598886,0.7230984433825941,-1.56041385689222,1,0.9971727016256966,-0.8860873154997936,-0.0278336149556388,0.0,0.0,45784946.0,45784946.0,31.557543216343635,0.0,44334106.0,0.0,,0.0
0x6cfce245330b7935bb415bd32ebbf8ee3059a5c2,0.032752326782098495,0.00507357,0,16.42,2,1767642241,0.0,0.0,0.0,0.0,0.0,0.08776655009031112,0.0,-0.11634276134470356,0.0,0.15999999999999903,0.0020242915000020633,-0.08009276134470356,0.004048583000004127,0.24123462653198832,0.1738331001806222,,1,0.9971727016256966,-0.9476729300880652,0.0,0.0,0.0,5224444.0,5224444.0,3.366616876246103,0.0,3672606.0,,,0.0
0xb1fea3922a1998248cf2ae51f740b9be2bb7423a,0.03275119591112329,0.0050652246,0,1069.6719050000002,12,1767435389,-0.10477536864412602,-0.12121639826106201,-0.09825045033076056,-0.12045710509473542,-0.48920930172386,0.0,-0.12045710509473542,0.0,0.5553087528993975,7.343208750000003,-0.09903526395487361,0.0,-0.09812030894273183,,,-1.4239851428779509,2,0.9971727016256966,-0.8215849775886379,-0.10236279380557071,0.0,0.0,35074917.0,35074917.0,26.078276651206778,0.0,33729931.0,0.0,,0.0
0x215adbb63b47d0ca92f849fe2c2dc1adb0f6254c,0.03274967533340647,0.0050540026,0,173.55162,23,1766279335,-0.16372152796334985,-0.1739119651765708,-0.15873255430479005,-0.17336238246570193,-0.8283095089218995,0.0,-0.17336238246570193,0.0,0.0,3.0835199999999987,-0.15290973204564273,0.0,-0.14589249818304023,,,-1.6813425510788331,2,0.9971727016256966,-0.8216376525583498,-0.16182424693579756,0.0,0.0,1819005.0,1819005.0,9.627829060190969,0.0,1630073.0,0.0,,0.0
0x2843d543c60a54106f572ab74f0e2e04f293b3d2,0.032749479800352616,0.0050525595,0,11.600000000000001,2,1767423057,-0.586032389250601,-0.5870445350006019,-0.586032389250601,-0.586032389250601,-0.7659029155808024,0.0,-0.586032389250601,0.0,0.0,,-0.586032389250601,0.0,-0.586032389250601,,,-0.5653877803579039,0,0.9971727016256966,,-0.586032389250601,0.0,0.0,21536353.0,21536353.0,16.160498523997976,0.0,20203699.0,,,0.0
0xac13552e00a169d59c6cc28558b8e8999f696506,0.03274938723960043,0.0050518764,0,73.788206,6,1767496487,-0.12242614298346315,-0.12273220834567769,-0.12242614298346315,-0.12242614298346315,-0.22318910219158508,0.0,-0.12242614298346315,0.0,0.0,-2.665150806635374,-0.1356336977674724,0.0,-0.14884125255148165,,,-1.5835280460762144,1,0.9971727016256966,-0.8623186541667739,-0.12242614298346315,0.08922301493693521,19.999999,3631490.0,3631490.0,2.5826977620113736,87.71603245033111,2225406.0,,0.35555555555555557,86.0
0xa652bd5ca73e59bca73460e59b6f1e4619046e59,0.03274834719464562,0.0050442005,0,7.614443999999999,6,1766303863,-0.7902086845843813,-0.7912208303343823,-0.7902086845843813,-0.7902086845843813,-1.8529305589549852,0.0,-0.7902086845843813,0.0,0.0,,-0.7902086845843813,0.0,-0.7902086845843813,,,-0.6945982509534043,0,0.9971727016256966,,-0.7902086845843813,0.0,0.0,1796279.0,1796279.0,8.415061369811674,0.0,1582819.0,0.0,,0.0
0xf54732cb04fed217ce915fe21c91bcda5ac79ebb,0.03274605900618642,0.005027312,0,2.2638,1,1767471813,-0.38866396800039854,-0.3896761137503995,-0.38866396800039854,-0.38866396800039854,-0.38967611375039957,0.0,-0.38866396800039854,0.0,0.0,,-0.38866396800039854,0.0,-0.38866396800039854,,,-1.5297737345295355,0,0.9971727016256966,,-0.38866396800039854,0.0,0.0,16961633.0,16961633.0,12.278492989047422,0.0,15580223.0,,,0.0
0x06d5cac83375091e42a41a42db9c50adc5139246,0.03274566653189755,0.005024415,0,8.302798000000001,4,1767484273,6.1906300444603325e-06,4.485042445289921e-05,6.1906300444603325e-06,6.1906300444603325e-06,0.004014385067874915,-0.01384275387334161,6.1906300444603325e-06,-0.09775848824601809,0.0,0.15190022994258867,0.0062048189045377546,-0.08375674072224124,0.012403447179031048,0.668682511758255,0.6268825117582549,,1,0.9971727016256966,-0.8509175857223882,6.1906300444603325e-06,0.08615849787883588,3.0,28335472.0,28335472.0,20.3286332297847,5.780466901840491,26941602.0,,0.37209302325581395,86.0
0xa66790e2b0075e73c3781ddaf1d0b875a3aaceb3,0.0327448547850783,0.0050184233,0,8.46,2,1767652393,-0.2105263160002159,-0.21153846175021693,-0.2105263160002159,-0.2105263160002159,-0.2991605615706989,0.0,-0.2105263160002159,0.0,0.0,,-0.2105263160002159,0.0,-0.2105263160002159,,,-1.637599973896764,0,0.9971727016256966,,-0.2105263160002159,0.0,0.0,17045436.0,17045436.0,10.912640925998247,0.0,15483446.0,0.0,,0.0
0xfe140d9eac2a1565349ac7ea3405749efd011a10,0.0327429626141853,0.0050044563,0,43.519999999999996,4,1767435469,-0.09291497985009528,-0.09311740900009548,-0.09291497985009528,-0.09291497985009528,-0.20821685641286422,0.0,-0.09291497985009528,0.0,0.0,2.8400000000000003,-0.07854251020008055,0.0,-0.06417004055006581,,,-0.26298844750869793,1,0.9971727016256966,-0.8374683184557169,-0.09291497985009528,0.09492618888783352,19.999999,47877130.0,47877130.0,35.59463253104309,57.970299657277,46532064.0,0.0,0.20408163265306123,49.0
0xc1b399b26020a4f689108e9640fd3dc8ffc8501c,0.03273991841784755,0.004981984,0,50.472840000000005,3,1767432415,-0.820304100174153,-0.8213162459241541,-0.820304100174153,-0.820304100174153,-1.4014508936275574,0.0,-0.820304100174153,0.0,0.0,,-0.820304100174153,0.0,-0.820304100174153,,,-0.507507977245097,0,0.9971727016256966,,-0.820304100174153,0.0,0.0,26775471.0,26775471.0,19.9517373913199,0.0,25433459.0,,,0.0
0xb8ad2849635c9ce413f1fdd2e7b364bbfafeff58,0.03273977050130957,0.004980892,0,87.99413299999999,2,1767099013,-0.8896761227535035,-0.8906882685035045,-0.8896761227535035,-0.8896761227535035,-1.1098946410607724,0.0,-0.8896761227535035,0.0,0.0,,-0.8896761227535035,0.0,-0.8896761227535035,,,-0.3206523044515099,0,0.9971727016256966,,-0.8896761227535035,0.0,0.0,34130926.0,34130926.0,33.839567325328915,0.0,33122316.0,,,0.0
0x5666ffa1ca295ef3161f950547480a63115ac630,0.03273957168231493,0.004979424,0,1417.0,2,1767623917,-0.2858299598002931,-0.2868421055502941,-0.2858299598002931,-0.2858299598002931,-0.4036722964495353,0.0,-0.2858299598002931,0.0,0.0,,-0.2858299598002931,0.0,-0.2858299598002931,,,-1.8710479813408005,0,0.9971727016256966,,-0.2858299598002931,0.0,0.0,4936494.0,4936494.0,3.21907331788298,0.0,3402980.0,,,0.0
0x0f151e25120ef01916647663ba04ba7c1b9cfb01,0.03273899756116947,0.0049751857,0,36.774505,7,1767476071,-0.30255134006724926,-0.30338897090692524,-0.30255134006724926,-0.30255134006724926,-0.6439904758015386,0.0,-0.30255134006724926,0.0,0.0,0.09491833150000042,-0.3020709122276857,0.0,-0.3015904843881221,,,-1.607075687953305,1,0.9971727016256966,-0.8463483383497055,-0.30255134006724926,0.07461365486711351,4.0,,,,18.379249222390317,,,0.285,200.0
0x2c3928af89565c352afe8e2a1b25deed77a056dc,0.03273857684793847,0.00497208,0,722.115,8,1766369782,-0.7891824907996303,-0.7901946365496313,-0.7891824907996303,-0.7891824907996303,-2.0162553686555085,0.0,-0.7891824907996303,0.0,0.0,,-0.7891824907996303,0.0,-0.7891824907996303,,,-0.4717844994898431,0,0.9971727016256966,,-0.7891824907996303,0.0,0.0,30078252.0,30078252.0,107.66110552332137,0.0,29798873.0,0.0,,0.0
0xc624cccd414dc90ea329f06cf535fafa40d2ee24,0.032737270273357044,0.0049624336,0,179.238233,8,1767486879,-5.350971187196037e-07,2.0952607648312803e-06,-5.350971187196037e-07,-5.350971187196037e-07,0.0008301991206051814,0.021499955421424452,-5.350971187196037e-07,-0.019861984831863896,0.0,-3.225892125029915,-0.005279008013452712,0.006157475277586286,-0.010557480929786704,0.6908372629995285,0.6743039317791287,,1,0.9971727016256966,-0.8525137598045881,-5.350971187196037e-07,0.0,0.0,44131848.0,44131848.0,31.6022960652385,0.0,42735372.0,0.0,,0.0
0x50b977391c4b3dd88b0a0bef03c3434fe4284298,0.03273682838943968,0.004959171,0,0.15,1,1767696455,-0.009109311750009348,-0.010121457500010388,-0.009109311750009348,-0.009109311750009348,-0.010121457500010388,0.0,-0.009109311750009348,0.0,1.0,,-0.009109311750009348,0.0,-0.009109311750009348,,,0.0029999999999999333,0,0.9971727016256966,,-0.009109311750009348,0.0,0.0,5280604.0,5280604.0,3.2879408636831187,0.0,3674552.0,,,0.0
0x095dcfb123a4bc035ee6b0d624bab0cc964352cf,0.03273463772433184,0.004942997,0,14.030000000000001,3,1767448953,-0.8891700413759117,-0.8901821871259127,-0.8891700413759117,-0.8891700413759117,-1.512669458408403,0.0,-0.8891700413759117,0.0,0.0,,-0.8891700413759117,0.0,-0.8891700413759117,,,-0.740761084061809,0,0.9971727016256966,,-0.8891700413759117,0.0,0.0,160601678.0,160601678.0,118.21550771042656,0.0,159243128.0,,,0.0
0x6b38bf56db5878d97c481627d958c4071cf44d61,0.03273463772433184,0.004942997,0,8.940000000000001,2,1767466679,-0.7014170047507193,-0.7024291505007203,-0.7014170047507193,-0.7014170047507193,-0.9933848312443305,0.0,-0.7014170047507193,0.0,0.0,,-0.7014170047507193,0.0,-0.7014170047507193,,,-1.1894469027535939,0,0.9971727016256966,,-0.7014170047507193,0.0,0.0,,,,0.0,,,,0.0
0x58a38e6ebf6f530e8022aefd6415f228f3014492,0.03273380063678566,0.004936816,0,26.98696,2,1767617075,-0.3400809720003487,-0.34109311775034973,-0.3400809720003487,-0.3400809720003487,-0.4823785131546676,0.0,-0.3400809720003487,0.0,0.0,,-0.3400809720003487,0.0,-0.3400809720003487,,,-1.7223635225330143,0,0.9971727016256966,,-0.3400809720003487,0.0,0.0,3469734.0,3469734.0,2.272743588668686,0.0,1943062.0,,,0.0
0xcd95ebd0d0d099fa442b9730991f2b8be5d28c17,0.03273360052843572,0.0049353386,0,100.0,2,1767472759,-0.2995951420003072,-0.30060728775030815,-0.2995951420003072,-0.2995951420003072,-0.42512290328467744,0.0,-0.2995951420003072,0.0,0.0,,-0.2995951420003072,0.0,-0.2995951420003072,,,-1.6948058865776776,0,0.9971727016256966,,-0.2995951420003072,0.0,0.0,40194586.0,40194586.0,29.076870212882934,0.0,38812230.0,0.0,,0.0
0x6c104a31c105ab2573a42e0f178f961e4496df5c,0.03273345402691695,0.004934257,0,34.800487,5,1766507817,-0.4763875901019273,-0.4773997358519284,-0.4763875901019273,-0.4763875901019273,-0.8459191982701101,0.0,-0.4763875901019273,0.0,0.0,,-0.4763875901019273,0.0,-0.4763875901019273,,,-1.658142416175198,0,0.9971727016256966,,-0.4763875901019273,0.0,0.0,42041454.0,42041454.0,100.71884028805934,0.0,41624040.0,0.0,,0.0
0x7bb244d0c70293e66dee84f3d0623fbbbf7d682c,0.03273345402691695,0.004934257,0,1285.2684230000002,6,1767458655,-0.6206993519701893,-0.6217114977201904,-0.6206993519701893,-0.6206993519701893,-1.2955880337429757,0.0,-0.6206993519701893,0.0,0.0,,-0.6206993519701893,0.0,-0.6206993519701893,,,-1.261037892069071,0,0.9971727016256966,,-0.6206993519701893,0.0,0.0,47500146.0,47500146.0,34.715933906911886,0.0,46131894.0,0.0,,0.0
0x31646b754f77b973910e7376b7015cb81fe83c65,0.03273345402691695,0.004934257,0,29.3276,3,1767473621,-0.2975708505003051,-0.29858299625030615,-0.2975708505003051,-0.2975708505003051,-0.4657722500332974,0.0,-0.2975708505003051,0.0,0.0,,-0.2975708505003051,0.0,-0.2975708505003051,,,-1.6933668860003648,0,0.9971727016256966,,-0.2975708505003051,0.0,0.0,46514069.0,46514069.0,33.627431829256125,0.0,45130851.0,0.0,,0.0
0x44c1dfe43260c94ed4f1d00de2e1f80fb113ebc1,0.03273345402691695,0.004934257,0,158.9034,5,1767433429,-0.606088456731215,-0.6071006024812161,-0.606088456731215,-0.606088456731215,-1.3368609057100609,0.0,-0.606088456731215,0.0,0.0,,-0.606088456731215,0.0,-0.606088456731215,,,-0.6373635209502898,0,0.9971727016256966,,-0.606088456731215,0.0,0.0,62244456.0,62244456.0,46.34642665145723,0.0,60901430.0,0.0,,0.0
0x2df5ad0f2612c7bcf5f87543e126e0aa351051ac,0.03273345402691695,0.004934257,0,1.772222,2,1767447599,-0.5556681581020126,-0.5566803038520136,-0.5556681581020126,-0.5556681581020126,-0.7724166348657722,0.0,-0.5556681581020126,0.0,0.0,,-0.5556681581020126,0.0,-0.5556681581020126,,,-0.5357394818355024,0,0.9971727016256966,,-0.5556681581020126,0.0,0.0,64867513.0,64867513.0,47.79524328099994,0.0,63510317.0,0.0,,0.0
0x1e3a86ef98030e7e0519e127d8178e9b45389e14,0.03273331515692739,0.0049332315,0,560.0,3,1767570907,0.0,0.0,0.0,0.0,0.0,-0.01712750968650227,0.0,-0.01964422662028301,0.0,17.200000000000003,0.01088056681251116,0.008805773370881991,0.02176113362502232,0.6266114609020319,0.578511460902032,,1,0.9971727016256966,-0.9039808802109939,0.0,0.0,0.0,35864637.0,35864637.0,24.224613374904763,0.0,34384133.0,,,0.0
0x50a3b6cb6fe6b987cdd541c8270fe855ed140a78,0.032733091023730815,0.0049315766,0,8.345602,2,1767554457,-0.4149797774386839,-0.41599192318868494,-0.4149797774386839,-0.4149797774386839,-0.5487834848081189,0.0,-0.4149797774386839,0.0,0.0,,-0.4149797774386839,0.0,-0.4149797774386839,,,-1.5659412084151971,0,0.9971727016256966,,-0.4149797774386839,0.0,0.0,4051950.0,4051950.0,2.7676233253691462,0.0,2587896.0,,,0.0
0xe95c4b8a64969c66d3b3396d587bb31bbe4cbc09,0.032733091023730815,0.0049315766,0,1.32,1,1767472095,-0.22165991925022727,-0.2226720650002283,-0.22165991925022727,-0.22165991925022727,-0.22267206500022832,0.0,-0.22165991925022727,0.0,0.0,,-0.22165991925022727,0.0,-0.22165991925022727,,,-1.6003000074443532,0,0.9971727016256966,,-0.22165991925022727,0.0,0.0,4058934.0,4058934.0,2.9376547016267014,0.0,2677242.0,,,0.0
0xb4fc3b8dfa7e5966df6d7ed8932e87eb46aaa926,0.03273219482108789,0.004924959,0,182.0,1,1767555489,-0.3674089072503767,-0.36842105300037775,-0.3674089072503767,-0.3674089072503767,-0.36842105300037775,0.0,-0.3674089072503767,0.0,0.0,,-0.3674089072503767,0.0,-0.3674089072503767,,,-1.6412303269363513,0,0.9971727016256966,,-0.3674089072503767,0.0,0.0,6247722.0,6247722.0,4.264406321540169,0.0,4782636.0,,,0.0
0x2a019dc0089ea8c6edbbafc8a7cc9ba77b4b6397,0.0327304748166351,0.004912258,0,5003.450027,15,1767338317,0.0032121095342217795,0.0034415459295233353,0.0032121095342217795,0.0032121095342217795,0.007228429379194783,0.0,0.0032121095342217795,0.0,0.0,-175.6444271622222,-0.04686768280933062,0.0,-0.09373536561866123,,,-0.6941694068807573,3,0.9971727016256966,-0.8134032072931558,0.0032121095342217795,0.0,0.0,45514633.0,45514633.0,36.472571827866346,0.0,44266719.0,0.0,,0.0
0x67f8bf4c9be9142481136bba701801151f37d626,0.032727719397016984,0.00489191,0,38.167955,5,1767558065,-1.2438312758562216e-05,-2.1391753939288485e-05,-1.2438312758562216e-05,-1.2438312758562216e-05,-0.0029392137150959364,0.0,-1.2438312758562216e-05,0.0,0.0,-3.8759464366910295,-0.02936310853210717,0.0,-0.05871377875145578,,,-1.5827512743741867,1,0.9971727016256966,-0.9526378522332349,-1.2438312758562216e-05,0.09867551387138897,14.439998500000002,16786794.0,16786794.0,11.437779270704018,18.155100178571427,15319132.0,,0.26666666666666666,15.0
0xc360b7771fe7c63139076a6f9e8c34b773badbb2,0.03272765085646996,0.004891404,0,407.637253,10,1767524789,-0.4937601206768765,-0.4947722664268776,-0.4937601206768765,-0.4937601206768765,-1.4769398486774512,0.0,-0.4937601206768765,0.0,0.0,,-0.4937601206768765,0.0,-0.4937601206768765,,,-1.4393744742156918,0,0.9971727016256966,,-0.4937601206768765,0.0,0.0,12612195.0,12612195.0,8.792748256048233,0.0,11177809.0,,,0.0
0x42a0c6f25f4b5432e2bc01d45f326ffc59563762,0.03272765085646996,0.004891404,0,43.2,2,1767518979,-0.3785425105003882,-0.3795546562503892,-0.3785425105003882,-0.3785425105003882,-0.5367713425311584,0.0,-0.3785425105003882,0.0,0.0,,-0.3785425105003882,0.0,-0.3785425105003882,,,-1.6360385134238375,0,0.9971727016256966,,-0.3785425105003882,0.0,0.0,8603122.0,8603122.0,6.0221661290683866,0.0,7174546.0,,,0.0
0xa65ccb877d2cb355dc74ad3be7134de30ac732fb,0.03272765085646996,0.004891404,0,18.1,1,1767526915,-0.3653846157503748,-0.3663967615003758,-0.3653846157503748,-0.3653846157503748,-0.3663967615003758,0.0,-0.3653846157503748,0.0,0.0,,-0.3653846157503748,0.0,-0.3653846157503748,,,-1.6659649404112633,0,0.9971727016256966,,-0.3653846157503748,0.0,0.0,8640632.0,8640632.0,6.015008576329331,0.0,7204120.0,,,0.0
0x588a05937fc4ff13a275500d58db4a53fc7baeeb,0.032726741997967816,0.004884692,0,16.817118,4,1767538477,-7.280344262508649e-07,-3.0224468660719834e-06,-7.280344262508649e-07,-7.280344262508649e-07,-0.0011212998276807612,0.0,-7.280344262508649e-07,0.0,0.0,-1.151369541006671,-0.012525935693177009,0.0,-0.02505114335192777,,,-1.5305413900998075,1,0.9971727016256966,-0.9291546157360959,-7.280344262508649e-07,0.009990797135009964,4.83,6124422.0,6124422.0,4.229357063244006,5.776436810107198,4676348.0,0.0,0.3593155893536122,518.0
0xefde9ff487fae209ab6e3157a8acb4276f9c783d,0.0327260359375473,0.0048794774,0,1362.386529,14,1767440175,-0.12766146549518975,-0.12786594838709553,-0.12766146549518975,-0.12766146549518975,-0.7178007551287107,0.0,-0.12766146549518975,0.0,0.0,-14.097259999999991,-0.13461320272404745,0.0,-0.14156493995290517,,,-0.6811091128430283,2,0.9971727016256966,-0.829112598260256,-0.12766146549518975,0.0,0.0,20897309.0,20897309.0,15.482102903305151,0.0,19547537.0,,,0.0
0x1f496a1cc840c95a1eca13f1b5bbdf983ff27458,0.03272582931771996,0.0048779515,0,432.641973,5,1766535163,-0.8188259113245238,-0.8198380570745248,-0.8188259113245238,-0.8188259113245238,-1.5641207234967591,0.0,-0.8188259113245238,0.0,0.0,,-0.8188259113245238,0.0,-0.8188259113245238,,,0.011717441115408863,0,0.9971727016256966,,-0.8188259113245238,0.0,0.0,8371079.0,8371079.0,18.821564439248135,0.0,7926319.0,,,0.0
0xff9152ac8cb6260419ea8940248177083aceab3a,0.03272542579163366,0.004874971,0,1960.7184300000001,18,1767435533,-0.08914773220856603,-0.09039506707142497,-0.08914773220856603,-0.08914773220856603,-0.3055158285869822,0.0,-0.08914773220856603,0.0,0.0,17.394560769230768,-0.07317240355732067,0.0,-0.05719707490607531,,,-0.28061010229692895,1,0.9971727016256966,-0.821722177509748,-0.08914773220856603,0.0,0.0,,,,0.0,,,,0.0
0x860d81da0e4f6ddfc9635b6c6b26316505a26071,0.032723434334704725,0.004860263,0,11.135195000000001,12,1767521587,-0.006053290319741233,-0.006917740150724636,-0.006053290319741233,-0.006053290319741233,-0.011393317527769248,0.0,-0.006053290319741233,0.0,0.18065027777238338,-3.967617952216652,-0.012912702154059975,0.0,-0.019772113988378717,,,-1.4368523618421416,1,0.9971727016256966,-0.9873396322797114,-0.006053290319741233,0.0,0.0,3899082.0,3899082.0,2.724375062884996,0.0,2467898.0,,,0.0
0x91c7f544a6efad9825185c2bca1f1a95cc92b576,0.032723363722285764,0.0048597413,0,2116.3964910000004,49,1767434579,-0.12103048381367716,-0.1238119832693303,-0.11916404635952446,-0.12103358373904073,-0.9685469685137853,0.0,-0.12362831378267969,0.0,0.0,-13.007385256899994,-0.12973365993215605,0.0,-0.14054633908054517,,,-0.6972820426115093,1,0.9971727016256966,-0.8239075762531437,-0.11997573229872203,0.0,0.0,23899887.0,23899887.0,17.78032564188023,0.0,22555711.0,,,0.0
0xc02147dee42356b7a4edbb1c35ac4ffa95f61fa8,0.032721663457516724,0.004847183,0,2823.58256,8,1767582599,-0.03315019933058946,-0.03325645287361395,-0.03315019933058946,-0.03315019933058946,-0.10264215066718377,0.1491974823523879,-0.03315019933058946,-0.05336957100278505,0.0,-33.64079460837664,-0.03851187975653861,-0.026318329736996285,-0.04387356018248775,0.41067501939942924,0.3502750188748159,,1,0.9971727016256966,-0.91114222609322,-0.03315019933058946,0.0,0.0,63293729.0,63293729.0,42.41649823481634,0.0,61801533.0,0.0,,0.0
0xdd45e705ee2c41bd1d81da5bcb8ed0e8b30259b2,0.03271835269704277,0.0048227273,0,133.57342,18,1767552771,0.00432300630101793,0.005017457654059184,0.00432300630101793,0.00432300630101793,0.018260351430944184,-0.05423652111047496,0.00432300630101793,-0.07313347559659623,0.0,0.09273999999999984,0.0007207186490716836,-0.022906695709045556,0.0014414372981433673,0.13990307353555093,0.07077825215994088,,2,0.9971727016256966,-0.8928725865982627,0.00432300630101793,0.0,0.0,3263730.0,3263730.0,2.2318116917219197,0.0,1801362.0,0.0,,0.0
0xbb015bb4009b6a48bfb9363d9c9b1d54e9ab02e5,0.03271619480617837,0.0048067863,0,987.4096660000001,10,1767642553,-0.07474139196290384,-0.0750703805649359,-0.07474139196290384,-0.07474139196290384,-0.2794415643747212,0.09713542978972349,-0.07474139196290384,-0.055228383027233624,0.0,1.668179740443664,-0.07378461395336082,-0.030761109797216975,-0.0728278359438178,0.3503260535593691,0.28612605355936904,-1.8060999999999998,1,0.9971727016256966,-0.9478640299781828,-0.07474139196290384,0.0,0.0,6148590.0,6148590.0,3.9613374995973327,0.0,4596440.0,,,0.0
0x1ae3eb852de0d296c22ce6768c14d42412b985e9,0.03271532590201767,0.004800367,0,4.528665,4,1767526347,-0.00016463832043909577,-0.0006078955927314011,-0.00016463832043909577,-0.00016463832043909577,-0.01718527990331337,0.0,-0.00016463832043909577,0.0,0.0,-0.3457998004998754,-0.016591417479028744,0.0,-0.03301819663761839,,,-1.4610687438705345,1,0.9971727016256966,-0.8865773152180437,-0.00016463832043909577,0.09369180205249109,2.0479995,29236885.0,29236885.0,20.360741783802155,2.8854736346153844,27800941.0,0.0,0.2727272727272727,22.0
0xd6eef76188c7068719ac881460b7431e1ae137a2,0.03271447637041734,0.004794091,0,202.38136500000002,38,1767439345,-0.008478139627870715,-0.00855454848741781,-0.008478139627870715,-0.008478139627870715,-0.04788940682603072,0.0,-0.008478139627870715,0.0,0.02346678214409418,0.4127403533157896,-0.003836372388367932,0.0,0.000805394851134851,,,-1.2042191296481484,2,0.9971727016256966,-0.8235890764362811,-0.008478139627870715,0.0,0.0,2998708.0,2998708.0,2.22300736428994,0.0,1649766.0,,,0.0
0x6a4202f077b6e867b0cab92399243dab47a69063,0.032714218956087004,0.004792189,0,6.521258,4,1767494527,-1.4682889239715458e-05,-3.973017847474087e-05,-1.4682889239715458e-05,-1.4682889239715458e-05,-0.0040802045156428015,0.0,-1.4682889239715458e-05,0.0,0.0,-0.7389897760424738,-0.019370129130455573,0.0,-0.038725575371671435,,,-1.562020717045124,1,0.9971727016256966,-0.9374919609421225,-1.4682889239715458e-05,0.05407745662203589,1.999999,,,,2.5104988,,,0.1724137931034483,29.0
0x8a4ec9c5684b23599bb1dd827b8a5673c2fab38c,0.03271390569985768,0.004789875,0,52.692358,6,1767483311,9.852257700353119e-06,4.868848282151246e-05,9.852257700353119e-06,9.852257700353119e-06,0.004576454130520895,0.028199905966518148,9.852257700353119e-06,-0.03247865373612137,0.0,0.5988340499999998,0.0037269691342603083,-0.012316940203870206,0.007444086010820264,0.8034569964298778,0.7659569955652027,,2,0.9971727016256966,-0.8503283610611924,9.852257700353119e-06,0.0,0.0,5739486.0,5739486.0,4.120506164082625,0.0,4346578.0,,,0.0
0x5a3883af2593717896863e6b29c766d85d450a9b,0.032712328369570734,0.0047782212,0,64.90168,6,1767491343,0.0,0.0,0.0,0.0,0.0,0.0,0.0,0.0,0.0,-1.2395800000000006,-0.008961683062759195,0.0,-0.01792336612551839,,,-1.4276050202247614,1,0.9971727016256966,-0.8553275831866397,0.0,0.06187739041591116,14.17,22361422.0,22361422.0,15.961727126072494,26.57127319090909,20960482.0,,0.175,40.0
0x4c039d1350e83f378be2356f543e8d2e13fe604e,0.032710601621925184,0.004765463,0,100.62914,8,1766374672,0.0011784084726938428,0.0014730105908673033,0.0011784084726938428,0.0011784084726938428,0.002730294314952932,0.0,0.0011784084726938428,0.0,0.0,-30.250980000000002,-0.03038182767553291,0.0,-0.06076365535106582,,,-1.6381027251508207,1,0.9971727016256966,-0.9841693341026329,0.0011784084726938428,0.0,0.0,21143673.0,21143673.0,74.37910218842012,0.0,20859404.0,,,0.0
0x23cc4d606d11eefaccb6609195322e1885284f5a,0.03270827785532851,0.0047482927,0,1814.9283759999998,53,1767494941,-0.031261182690475536,-0.03176032555093893,-0.027448174321399958,-0.031261182690475536,-0.18012157362050824,0.0,-0.031261182690475536,0.0,0.5742034852377265,-1.023743134285715,-0.029121967874047305,0.0,-0.032917180628398525,,,-1.642837037037037,3,0.9971727016256966,-0.8737723975808714,-0.02829396890508581,0.0,0.0,38794646.0,38794646.0,27.62093015639306,0.0,37390108.0,0.0,,0.0
0x6c646ceb0aa71d1ec87732058104b638ac83c336,0.03270734626337818,0.004741409,0,178.077923,9,1767451957,-3.57717138190368e-07,-3.277657749659109e-05,-3.57717138190368e-07,-3.57717138190368e-07,-0.004814212793621723,0.0,-3.57717138190368e-07,0.0,0.0,-1.6861451187515097,-0.006240651088592396,0.0,-0.012480944460046602,,,-1.151466126989052,1,0.9971727016256966,-0.8314449969191268,-3.57717138190368e-07,0.07008102756681144,9.999999,9581597.0,9581597.0,7.037250817815526,19.019057399999998,8220043.0,,0.36,50.0
0x3d85c79bc5bf1dfab707ac020becde0d37e46437,0.03270685593227284,0.0047377856,0,131.191695,30,1767527715,-0.0819340603032009,-0.08388333617821472,-0.08265172162519865,-0.083648473443941,-0.4842788038758619,0.0,-0.083648473443941,0.0,0.0,-1.5117922600464309,-0.10084680463991888,0.0,-0.11832422633264134,,,-1.5674626961465385,2,0.9971727016256966,-0.8953740351599297,-0.08265172162519865,0.0,0.0,5587833.0,5587833.0,3.8876966170184346,0.0,4150521.0,0.0,,0.0
0x017bbd948248be2ae58d8fbfad186428c7291ef4,0.03270153508976912,0.0046984637,0,47.099999999999994,10,1767435469,0.0,0.0,0.0,0.0,0.0,0.0,0.0,0.0,0.1074977416440831,1.4099999999999957,0.00445976721094206,0.0,0.00891953442188412,,,-1.587037374672149,2,0.9971727016256966,-0.821722177509748,0.0,0.0,0.0,12167241.0,12167241.0,9.045831951740658,0.0,10822175.0,,,0.0
0x357ecb1969b0a288d37e6a28223e620ef2082a0c,0.032697583703710925,0.0046692584,0,14404.598183,51,1767436253,-0.22916713920516607,-0.2634543593171692,-0.22916713920516607,-0.22070162785398978,-1.5173551892493164,0.0,-0.26302455749266684,0.0,0.0,-100.44908153908464,-0.2517557023787408,0.0,-0.2743442655523155,,,-0.5643154747529636,3,0.9971727016256966,-0.8489612618472744,-0.22916713920516607,0.0,0.0,6661605.0,6661605.0,4.949738083738901,0.0,5315755.0,0.0,,0.0
0xfa2bc333d6d26372e7d1064c6fa61ecf67f2c35d,0.03269673014445718,0.004662949,0,35.429559,4,1767492971,-0.03104620608509166,-0.13226023593036476,-0.03104620608509166,-0.03104620608509166,-0.31243147913991776,0.0,-0.03104620608509166,0.0,0.0,0.07499706000000007,-0.030624490019807004,0.0,-0.03020277395452235,,,-1.6002169338418721,1,0.9971727016256966,-0.8565636074759257,-0.03104620608509166,0.0,0.0,22322679.0,22322679.0,15.91557699876227,0.0,20920111.0,,,0.0
0x5874f18a2ca6558ac8671f491f3f99498fd36b11,0.03269535828316222,0.0046528084,0,1780.5949200000002,21,1767586649,-0.09739653413288368,-0.10036868203740344,-0.09739653413288368,-0.09739653413288368,-0.2973242754087702,0.0,-0.09739653413288368,0.0,0.0,-20.99782,-0.10882427441780582,0.0,-0.12025201470272796,,,-1.8574295303316024,1,0.9971727016256966,-0.9486970294992081,-0.09739653413288368,0.0,0.0,,,,0.0,,,,0.0
0x21ffd2b7a212a6f277ed3eca1a9f8efcbca90d71,0.0326953206124101,0.00465253,0,343.252,5,1767372753,0.0,0.0,0.0,0.0,0.0,0.0,0.0,0.0,0.0,-10.486999999999997,-0.0265359312006522,0.0,-0.0530718624013044,,,-0.6589804188358789,1,0.9971727016256966,-0.8134032072931558,0.0,0.0,0.0,36525379.0,36525379.0,28.483159043942763,0.0,35243029.0,0.0,,0.0
0xbefa95c276ee8ef6ff3ef43d1c1c454f52bc300d,0.03269361759804654,0.004639941,0,380.071638,58,1767508679,-0.0001668414592960848,-0.0008962155645000215,-0.0001668414592960848,-0.0001668414592960848,-0.0029625554357787798,0.0,-0.0001668414592960848,0.0,0.7500259838868166,-1.7835022980952386,-0.00029309365089888516,0.0,-0.0004193458425016856,,,0.002400000000000002,2,0.9971727016256966,-0.9199805960111573,-0.0001668414592960848,0.0,0.0,11376062.0,11376062.0,8.021049499533236,0.0,9957786.0,,,0.0
0x9cdda449d7cedf1072d74982a5dc2349df3d3e97,0.032688807415540165,0.004604379,0,294.03439999999995,8,1767436037,0.0,1.2269480961215067e-17,0.0,0.0,2.4943275662622687e-09,0.0,0.0,0.0,0.0,-10.307285000000004,-0.017762845989919382,0.0,-0.035525691979838764,,,-0.3858413164383908,1,0.9971727016256966,-0.8259288250909256,0.0,0.0,0.0,26493407.0,26493407.0,19.688419733746322,0.0,25147773.0,,,0.0
0xc8aeea557036fbb49ab54c2dfd966c661fc8f471,0.032688056421633915,0.0045988266,0,1322.566141,18,1767461421,-0.1301073747022601,-0.13035848510299483,-0.1301073747022601,-0.1301073747022601,-0.36629060535270086,0.0,-0.1301073747022601,0.0,0.0,-18.675652040625003,-0.14509989536776452,0.0,-0.16009241603326896,,,-1.1985388260525132,1,0.9971727016256966,-0.842285015686116,-0.1301073747022601,0.0,0.0,3338558.0,3338558.0,2.4350942146638483,0.0,1967540.0,,,0.0
0x80a0da00fbdc8440b0ef601341f14c3e24795708,0.03268777930632198,0.0045967777,0,74.41838100000001,3,1767445027,-0.3390711943132151,-0.33984824742175856,-0.3390711943132151,-0.3390711943132151,-0.5387158342886883,0.0,-0.3390711943132151,0.0,0.0,0.3782442546260229,-0.3385128500652828,0.0,-0.3379545058173506,,,-0.4812343188311319,1,0.9971727016256966,-0.8885924390593476,-0.3390711943132151,0.0,0.0,46198257.0,46198257.0,34.10411819073042,0.0,44843633.0,,,0.0
0x784feec38475dc47e63c3a16cbd24b905dab5df9,0.03268659063334659,0.004587989,0,10428.146351,60,1767463887,-0.007117197066575344,-0.015881545596199705,-0.007117197066575344,-0.007117197066575344,-0.1729524616366757,0.0,-0.007117197066575344,0.0,0.0,-77.38437732000001,-0.03378315461078535,0.0,-0.06044911215499535,,,-1.2076701184959906,3,0.9971727016256966,-0.8413515662228495,-0.007117197066575344,0.0,0.0,4203220.0,4203220.0,3.0602613499684015,0.0,2829736.0,,,0.0
0x03d0d65c51235e63805335b85ead75794830d647,0.032686249355758354,0.0045854654,0,133.63567999999998,13,1767473311,-0.12133112131402791,-0.1540547384579317,-0.1018145000060005,-0.1531399792470008,-0.5702788691828876,0.0,-0.15346345915818355,0.0,0.0,5.669550000000001,-0.08467504460778728,0.0,-0.09050265383300081,,,-1.7614138509999082,1,0.9971727016256966,-0.853724059108666,-0.10008927834830084,0.0,0.0,3294744.0,3294744.0,2.382475189962022,0.0,1911836.0,0.0,,0.0
0x0e296cbd5596272f1661a9ff64ce44232dea1a0c,0.032682091638117215,0.004554721,0,232.777346,17,1767530017,-0.0606111214744708,-0.06268801502636627,-0.0606111214744708,-0.0606111214744708,-0.1700163740343878,0.0,-0.0606111214744708,0.0,0.0,2.3440906033333357,-0.05746434879644768,0.0,-0.054317576118424554,,,-1.6031614861717602,1,0.9971727016256966,-0.8858925406117891,-0.0606111214744708,0.0,0.0,29369491.0,29369491.0,20.400948448681383,0.0,27929877.0,0.0,,0.0
0xe8094f6c27440b779787a664da8379a55efb039b,0.0326790372318121,0.0045321328,0,176.51135299999999,9,1767502871,-3.511466697577235e-07,-3.3261392885384334e-06,-3.511466697577235e-07,-3.511466697577235e-07,-0.0010714426587450805,0.0,-3.511466697577235e-07,0.0,0.0,1.9793691654999988,0.0033387899170090963,0.0,0.0066779309806879504,,,-1.9334597138811427,2,0.9971727016256966,-0.8629323788138822,-3.511466697577235e-07,0.0,0.0,45810162.0,45810162.0,32.43270785603639,0.0,44397694.0,0.0,,0.0
0x0a53282124062874b45d6489a95a26f62c6d7a6f,0.032678042348801645,0.004524775,0,848.591803,19,1767436033,0.011886787184176482,0.011936656130430398,0.011886787184176482,0.011886787184176482,0.053776076768080855,0.0,0.011886787184176482,0.0,0.0,-4.708651837927545,-0.007483922833080994,0.0,-0.014967845666161987,,,-1.584051246771281,2,0.9971727016256966,-0.8299566227749419,0.011886787184176482,0.0,0.0,36602789.0,36602789.0,27.201228420888356,0.0,35257159.0,0.0,,0.0
0x8597ca63e722d6216bfc3057591fdc67ec49daee,0.03267460937400348,0.0044993837,0,24327.510786000003,50,1767554267,0.0099268228066898,0.009999094195006187,0.0099268228066898,0.0099268228066898,0.0849640575654563,0.03767089981653743,0.0099268228066898,-0.07374228495552246,0.0,24.37016719764704,0.013262573653897611,-0.045769554867291784,0.016598324501105422,0.34156328404580244,0.2781033696558369,-1.5588605669514304,2,0.9971727016256966,-0.9012687317704793,0.0099268228066898,0.0,0.0,28929325.0,28929325.0,19.762303738598668,0.0,27465461.0,,,0.0
0x628e5c534610bfe44c7850d2f8c068a05b021d80,0.03267397327279444,0.0044946787,0,29.108241,18,1767552611,-1.775876226225568e-05,1.4946959094970238e-05,-1.775876226225568e-05,-1.775876226225568e-05,0.0012361143398030034,-0.030236112346097334,-1.775876226225568e-05,-0.04876315328668744,0.0,0.09016621074728079,0.0038421398558441486,-0.02121205250348114,0.007702038473950553,0.5146798246002875,0.4476998111341482,,1,0.9971727016256966,-0.8927745866546126,-1.775876226225568e-05,0.0,0.0,6434683.0,6434683.0,4.400661875738609,0.0,4972475.0,0.0,,0.0
0x7f2928f6f7626b13fbac2d566b834e4764fc0760,0.0326610477881197,0.0043990538,0,477.89613999999995,8,1767441253,-4.2998615651839225e-06,-4.344038225100196e-06,-4.2998615651839225e-06,-4.2998615651839225e-06,-0.0016106246918983194,0.0,-4.2998615651839225e-06,0.0,0.0,-74.92258836,-0.05417145268336987,0.0,-0.10833860550517455,,,-0.5874229180899444,2,0.9971727016256966,-0.8677037510703431,-4.2998615651839225e-06,0.0,0.0,10257399.0,10257399.0,7.593292371469816,0.0,8906549.0,,,0.0
0x6684c2a24c764b471a08e441a073ea74c52295d1,0.032660829419194,0.004397438,0,190.12674800000002,8,1767448129,-1.778585083812093e-05,-2.836782163592253e-05,-1.778585083812093e-05,-1.778585083812093e-05,-0.004473535727738437,0.0,-1.778585083812093e-05,0.0,0.0,-39.25373604401478,-0.0529332153739654,0.0,-0.10584864489709267,,,-0.6441169795980026,1,0.9971727016256966,-0.9239495937289836,-1.778585083812093e-05,0.0,0.0,15481856.0,15481856.0,11.40278377227806,0.0,14124130.0,,,0.0
0x3ab5ad27c676c4be1218397912eab5396e6de56f,0.03265376301973515,0.0043451437,0,265.38411800000006,10,1767436825,-1.118322403464806e-05,-2.673090807890817e-05,-1.118322403464806e-05,-1.118322403464806e-05,-0.004467155118521917,0.0,-1.118322403464806e-05,0.0,0.0,-14.427275966331882,-0.04040170984658469,0.0,-0.08079223646913473,,,-0.6388410723868733,1,0.9971727016256966,-0.8431719151761488,-1.118322403464806e-05,0.0,0.0,34704676.0,34704676.0,25.775481981132216,0.0,33358254.0,0.0,,0.0
0x5cd5c8d7a17c78d7389d8b87b611aed83322ac33,0.032645762602001874,0.004285924,0,1098.704,10,1767437201,0.0,0.0,0.0,0.0,0.0,0.0,0.0,0.0,0.0,-166.30122,-0.07735343430284357,0.0,-0.15470686860568714,,,-0.6901730124014958,1,0.9971727016256966,-0.844273189542916,0.0,0.0,0.0,44953668.0,44953668.0,33.37818143478086,0.0,43606870.0,0.0,,0.0
