10:18:45 [super] ============================================================
10:18:45 [super] supercompute starting, log=audit_out/supercompute_willd4vdbethe1searchedpe_20260721_101845.log
10:18:45 [super] market=will-d4vd-be-the-1-searched-person-on-google-this-year  jobs=8  meta_jobs=8  top_n=all
10:18:45 [super] model=retrained_xgb_insider_25ir_latest.json  features=30 (20 behavioral + 10 metadata)  calibrator=yes  threshold=0.15
10:18:45 [super] known-insider wallets for funder signal: 68
10:18:45 [super] events: loading market + events from cache cache/events/will-d4vd-be-the-1-searched-person-on-google-this-year.pkl
10:18:45 [super] events: 14760 loaded from cache (offline-ok)
10:18:45 [super] market resolved: tokens=2 closed=True duration=54.5d
10:18:45 [super] market: closed=True final_outcome_yes=1  wallets that traded: 1829
10:18:45 [super] scoring 1829 wallets
10:18:45 [super] behavioral: 1829 wallets across 8 processes
10:21:34 [super] behavioral: 200/1829 wallets (169s)
10:23:05 [super] behavioral: 400/1829 wallets (260s)
10:24:41 [super] behavioral: 600/1829 wallets (356s)
10:26:40 [super] behavioral: 800/1829 wallets (475s)
10:28:10 [super] behavioral: 1000/1829 wallets (565s)
10:29:45 [super] behavioral: 1200/1829 wallets (660s)
10:31:21 [super] behavioral: 1400/1829 wallets (756s)
10:33:09 [super] behavioral: 1600/1829 wallets (864s)
10:34:51 [super] behavioral: 1800/1829 wallets (966s)
10:34:59 [super] behavioral: 1829/1829 wallets (974s)
10:34:59 [super] behavioral: done in 974.5s
10:34:59 [super] metadata: 1829 wallets across 8 threads (api_key=set)
10:37:11 [super] metadata: 200/1829 wallets (132s)
10:39:41 [super] metadata: 400/1829 wallets (282s)
10:41:59 [super] metadata: 600/1829 wallets (420s)
10:43:22 [super] metadata: 800/1829 wallets (502s)
10:45:03 [super] metadata: 1000/1829 wallets (603s)
10:46:49 [super] metadata: 1200/1829 wallets (710s)
10:48:02 [super] metadata: 1400/1829 wallets (783s)
10:49:14 [super] metadata: 1600/1829 wallets (855s)
10:50:28 [super] metadata: 1800/1829 wallets (928s)
10:51:34 [super] metadata: 1829/1829 wallets (995s)
10:51:34 [super] metadata: done in 994.7s
10:51:34 [super] ============================================================
10:51:34 [super] RESULT: 14/1829 wallets flagged at calibrated prob >= 0.15
10:51:34 [super] ============================================================
10:51:34 [super] wallets with volume > $1,000, ranked high->low (705 of 1829):
10:51:34 [super] * #2     0xc1259ddd92f58aded52d029e37e3fbbebafaa4c1  prob=0.4657 (raw=0.8077)  vol=$65,187  trades=97  first_trade=2025-12-02 06:51  winrate=0.000  n_markets_traded=1.000  herfindahl_index_markets=1.000
10:51:34 [super] * #5     0x0c4acd96e5befc4f43bc8f17ff638668557725b2  prob=0.3901 (raw=0.7359)  vol=$2,704  trades=24  first_trade=2025-12-01 15:46  winrate=0.300  n_markets_traded=10.000  herfindahl_index_markets=0.195
10:51:34 [super] * #10    0x2dfa38917d695362dd03c9a1df081f1dfdc27fc6  prob=0.2015 (raw=0.5202)  vol=$1,573  trades=10  first_trade=2025-12-02 16:18  winrate=0.000  n_markets_traded=3.000  herfindahl_index_markets=0.477
10:51:34 [super] * #13    0x2fb55556a668279b8aecee4cf64970c1c454d9a0  prob=0.1846 (raw=0.4951)  vol=$3,704  trades=4  first_trade=2025-12-04 07:30  winrate=0.125  n_markets_traded=8.000  herfindahl_index_markets=0.303
10:51:34 [super]   #19    0x41b4035c1c4b3721a55b480cce4d618852f9a66b  prob=0.1151 (raw=0.3664)  vol=$1,087  trades=4  first_trade=2025-12-05 12:16  winrate=0.000  n_markets_traded=2.000  herfindahl_index_markets=0.555
10:51:34 [super]   #21    0x94353164e0b0e4d87441b8c53f6002f9eaffc1e2  prob=0.1138 (raw=0.3636)  vol=$4,288  trades=5  first_trade=2025-12-04 09:33  winrate=0.000  n_markets_traded=1.000  herfindahl_index_markets=1.000
10:51:34 [super]   #25    0xa3ea0e0b10f43c8679103e1af35f3c36f0830637  prob=0.1087 (raw=0.3515)  vol=$10,116  trades=11  first_trade=2025-12-04 23:53  winrate=0.500  n_markets_traded=2.000  herfindahl_index_markets=0.835
10:51:34 [super]   #26    0x8b245f1d581dfec27babc595711a601a885a8435  prob=0.1074 (raw=0.3485)  vol=$26,600  trades=27  first_trade=2025-12-04 05:28  winrate=0.000  n_markets_traded=1.000  herfindahl_index_markets=1.000
10:51:34 [super]   #27    0xbd2182a67f7b46f91b2a6a7b81c464a580dc007a  prob=0.1061 (raw=0.3452)  vol=$5,064  trades=6  first_trade=2025-12-04 05:16  winrate=0.389  n_markets_traded=18.000  herfindahl_index_markets=0.307
10:51:34 [super]   #29    0x069acf9916370eef6c6a541f12cd96632ed44634  prob=0.1032 (raw=0.3380)  vol=$100,548  trades=222  first_trade=2025-11-30 06:34  winrate=0.000  n_markets_traded=1.000  herfindahl_index_markets=1.000
10:51:34 [super]   #30    0xece847ea152616dcaf5d65aad4e73ea1ddc2cac6  prob=0.0995 (raw=0.3288)  vol=$2,748  trades=4  first_trade=2025-12-04 07:57  winrate=0.857  n_markets_traded=7.000  herfindahl_index_markets=0.729
10:51:34 [super]   #33    0x24beeb31bc61eeb0f17b4dd7a610666a99bc6e89  prob=0.0985 (raw=0.3260)  vol=$334,226  trades=33  first_trade=2025-12-04 22:15  winrate=0.000  n_markets_traded=1.000  herfindahl_index_markets=1.000
10:51:34 [super]   #35    0x378b8266535cfe6482418d6ccc286e3452abcaff  prob=0.0929 (raw=0.3110)  vol=$1,083  trades=7  first_trade=2025-12-04 05:07  winrate=0.000  n_markets_traded=2.000  herfindahl_index_markets=0.522
10:51:34 [super]   #37    0xc8dd4022ee037db9e38749d03761e0773fcd2813  prob=0.0868 (raw=0.2938)  vol=$9,361  trades=8  first_trade=2025-12-04 08:42  winrate=0.000  n_markets_traded=1.000  herfindahl_index_markets=1.000
10:51:34 [super]   #38    0xf04c5f26b5542050c680e33b6aad8a4969f0d375  prob=0.0868 (raw=0.2938)  vol=$1,662  trades=4  first_trade=2025-12-04 09:01  winrate=0.000  n_markets_traded=1.000  herfindahl_index_markets=1.000
10:51:34 [super]   #41    0x59d59ae47618f3b340482d175dfc8cf13b2ba273  prob=0.0861 (raw=0.2916)  vol=$40,423  trades=160  first_trade=2025-11-30 22:09  winrate=0.300  n_markets_traded=10.000  herfindahl_index_markets=0.249
10:51:34 [super]   #42    0x7bb7bccc02fec3d93b311695a42b251e465e44f2  prob=0.0853 (raw=0.2894)  vol=$5,311  trades=22  first_trade=2025-12-04 03:06  winrate=0.871  n_markets_traded=277.000  herfindahl_index_markets=0.010
10:51:34 [super]   #44    0x6f04f8ae08fbc7c086404872264343be04f5c263  prob=0.0841 (raw=0.2856)  vol=$1,066  trades=5  first_trade=2025-12-04 02:55  winrate=0.500  n_markets_traded=19.000  herfindahl_index_markets=0.192
10:51:34 [super]   #46    0xee50a31c3f5a7c77824b12a941a54388a2827ed6  prob=0.0825 (raw=0.2807)  vol=$28,181  trades=175  first_trade=2025-11-28 14:29  winrate=0.400  n_markets_traded=34.000  herfindahl_index_markets=0.218
10:51:34 [super]   #47    0xecf56389f1d8c0d6f0896a0c73431430aeae45f1  prob=0.0821 (raw=0.2795)  vol=$1,427  trades=2  first_trade=2025-12-05 07:40  winrate=0.000  n_markets_traded=3.000  herfindahl_index_markets=0.375
10:51:34 [super]   #48    0x03960c49785fa21473189907db0a38d5ee301476  prob=0.0816 (raw=0.2782)  vol=$24,352  trades=52  first_trade=2025-12-04 06:51  winrate=0.000  n_markets_traded=1.000  herfindahl_index_markets=1.000
10:51:34 [super]   #52    0xc30219db959f8888feedabfeb8d3e2a18bfce9fc  prob=0.0776 (raw=0.2655)  vol=$133,652  trades=9  first_trade=2025-12-04 13:20  winrate=0.333  n_markets_traded=3.000  herfindahl_index_markets=0.361
10:51:34 [super]   #56    0x2a6fb502dc5fdbe4118a6d4367c0b0b361b4d4ae  prob=0.0739 (raw=0.2531)  vol=$110,538  trades=38  first_trade=2025-12-04 06:28  winrate=0.250  n_markets_traded=4.000  herfindahl_index_markets=0.635
10:51:34 [super]   #58    0x4d9c9f146f441c95e894664ff3b9570f800156fa  prob=0.0735 (raw=0.2518)  vol=$1,806  trades=10  first_trade=2025-12-04 00:12  winrate=0.315  n_markets_traded=54.000  herfindahl_index_markets=0.319
10:51:34 [super]   #59    0x902b3084831c411a7c5a8812768617fc57deca29  prob=0.0732 (raw=0.2509)  vol=$14,032  trades=49  first_trade=2025-12-04 05:36  winrate=0.667  n_markets_traded=3.000  herfindahl_index_markets=0.510
10:51:34 [super]   #62    0x3714e94ecc3b974c95f614f6012a759c4dfa8748  prob=0.0722 (raw=0.2474)  vol=$1,988  trades=10  first_trade=2025-12-04 17:35  winrate=0.200  n_markets_traded=5.000  herfindahl_index_markets=0.543
10:51:34 [super]   #72    0x51acf5e654ea65efe6b8674bd9eace2011e116f0  prob=0.0685 (raw=0.2341)  vol=$97,334  trades=17  first_trade=2025-12-05 02:05  winrate=0.000  n_markets_traded=1.000  herfindahl_index_markets=1.000
10:51:34 [super]   #75    0x11f2b782774ead68a4c1e6a8bae4d1c3358ecf95  prob=0.0674 (raw=0.2301)  vol=$30,397  trades=11  first_trade=2025-12-05 11:30  winrate=0.000  n_markets_traded=3.000  herfindahl_index_markets=0.363
10:51:34 [super]   #79    0x21228ac51112103a214003e2f4111ab4e123c810  prob=0.0665 (raw=0.2270)  vol=$55,025  trades=21  first_trade=2025-12-04 10:03  winrate=0.000  n_markets_traded=2.000  herfindahl_index_markets=0.897
10:51:34 [super]   #84    0xdab1e73d3e4643a0045f9fcc0661a507135ceaa6  prob=0.0657 (raw=0.2239)  vol=$6,764  trades=9  first_trade=2025-12-04 06:01  winrate=0.200  n_markets_traded=5.000  herfindahl_index_markets=0.279
10:51:34 [super]   #85    0xd9907411d0d279569f859f9ff8f398a6dad70252  prob=0.0651 (raw=0.2215)  vol=$3,406  trades=14  first_trade=2025-12-04 21:01  winrate=0.000  n_markets_traded=1.000  herfindahl_index_markets=1.000
10:51:34 [super]   #87    0x2025eb2d2249333760c6e0e10fc1cc36c069129e  prob=0.0648 (raw=0.2206)  vol=$7,934  trades=8  first_trade=2025-12-04 05:11  winrate=0.385  n_markets_traded=91.000  herfindahl_index_markets=0.097
10:51:34 [super]   #88    0x423549e0ef0a9e9611fe176393107e5a82363574  prob=0.0647 (raw=0.2201)  vol=$1,967  trades=5  first_trade=2025-12-04 05:24  winrate=0.571  n_markets_traded=7.000  herfindahl_index_markets=0.243
10:51:34 [super]   #92    0x0ec665014050c80a767cd4dc7e84df60df6b1f04  prob=0.0634 (raw=0.2152)  vol=$1,068  trades=3  first_trade=2025-12-04 22:52  winrate=0.500  n_markets_traded=2.000  herfindahl_index_markets=0.500
10:51:34 [super]   #96    0xd5f0e9aacf13875360ba1325e8beac586c2b49a5  prob=0.0632 (raw=0.2141)  vol=$4,582  trades=7  first_trade=2025-12-04 06:15  winrate=0.600  n_markets_traded=5.000  herfindahl_index_markets=0.480
10:51:34 [super]   #102   0xbfb748532e5a549cb32bba2133d4a3b317048bf4  prob=0.0618 (raw=0.2085)  vol=$25,000  trades=2  first_trade=2025-12-04 15:17  winrate=0.000  n_markets_traded=1.000  herfindahl_index_markets=1.000
10:51:34 [super]   #103   0x1c76a37dbdb4eaf15d4f1d8ffe5b9e18e54299ff  prob=0.0618 (raw=0.2085)  vol=$3,500  trades=2  first_trade=2025-12-04 16:43  winrate=0.000  n_markets_traded=1.000  herfindahl_index_markets=1.000
10:51:34 [super]   #104   0x3ab7647d224f3d6cbea789bf58880dc0639cd252  prob=0.0618 (raw=0.2085)  vol=$33,333  trades=2  first_trade=2025-12-05 14:34  winrate=0.000  n_markets_traded=1.000  herfindahl_index_markets=1.000
10:51:34 [super]   #112   0x240751647de7758ceddb4eb3d0aa6754fa199508  prob=0.0606 (raw=0.2037)  vol=$40,000  trades=3  first_trade=2025-12-06 10:34  winrate=0.000  n_markets_traded=8.000  herfindahl_index_markets=0.332
10:51:34 [super]   #122   0xb8df0aa47873f196d61c67ca0f4f39378c2034cd  prob=0.0593 (raw=0.1985)  vol=$13,289  trades=22  first_trade=2025-12-04 13:16  winrate=0.000  n_markets_traded=1.000  herfindahl_index_markets=1.000
10:51:34 [super]   #123   0x25365f43c3d66d50518e9bffc002d15580de72cd  prob=0.0593 (raw=0.1985)  vol=$1,333  trades=5  first_trade=2025-12-05 11:16  winrate=0.000  n_markets_traded=1.000  herfindahl_index_markets=1.000
10:51:34 [super]   #125   0x61a34ecbc91a0ec3133d9ed6e0cf08fdd729e457  prob=0.0593 (raw=0.1985)  vol=$1,443  trades=4  first_trade=2025-12-04 17:56  winrate=0.000  n_markets_traded=1.000  herfindahl_index_markets=1.000
10:51:34 [super]   #126   0xfc43e7af3f9faea255b69e4ee2b9b1cc4752c853  prob=0.0593 (raw=0.1985)  vol=$1,666  trades=6  first_trade=2025-12-05 10:50  winrate=0.000  n_markets_traded=1.000  herfindahl_index_markets=1.000
10:51:34 [super]   #128   0xc548faa3e20eef1a9d3306551a3974c85cfee66c  prob=0.0593 (raw=0.1985)  vol=$2,141  trades=6  first_trade=2025-12-04 10:21  winrate=0.000  n_markets_traded=1.000  herfindahl_index_markets=1.000
10:51:34 [super]   #129   0xeab274585913d9697e7e6e9d65db9fcdd4aca113  prob=0.0593 (raw=0.1985)  vol=$4,000  trades=4  first_trade=2025-12-04 12:47  winrate=0.000  n_markets_traded=1.000  herfindahl_index_markets=1.000
10:51:34 [super]   #130   0x7a0c05b070f7c82ecf6691db8beba3e53c46ecee  prob=0.0593 (raw=0.1985)  vol=$26,196  trades=9  first_trade=2025-12-04 17:51  winrate=0.000  n_markets_traded=1.000  herfindahl_index_markets=1.000
10:51:34 [super]   #131   0x61b699d89fef31d1b977ba51e17ee58078cca62f  prob=0.0593 (raw=0.1985)  vol=$8,809  trades=8  first_trade=2025-12-04 15:19  winrate=0.000  n_markets_traded=1.000  herfindahl_index_markets=1.000
10:51:34 [super]   #134   0x1b2cfc256ea4775fe7e6f5242a0018f525b93cfb  prob=0.0588 (raw=0.1963)  vol=$2,505  trades=4  first_trade=2025-12-04 04:15  winrate=0.000  n_markets_traded=4.000  herfindahl_index_markets=0.321
10:51:34 [super]   #135   0x11ab9573a053352b7a122a046bbbd2254b4d71d8  prob=0.0586 (raw=0.1957)  vol=$10,438  trades=13  first_trade=2025-12-04 21:21  winrate=0.000  n_markets_traded=5.000  herfindahl_index_markets=0.599
10:51:34 [super]   #137   0x059b67e63e6045f8f2c7ded0c8d348b1191f702b  prob=0.0584 (raw=0.1948)  vol=$13,756  trades=8  first_trade=2025-12-04 21:17  winrate=0.000  n_markets_traded=1.000  herfindahl_index_markets=1.000
10:51:34 [super]   #139   0x8e5e52ea8f1d3a8515ea2949832d59be828ac024  prob=0.0584 (raw=0.1948)  vol=$1,004  trades=5  first_trade=2025-12-04 13:27  winrate=0.000  n_markets_traded=1.000  herfindahl_index_markets=1.000
10:51:34 [super]   #143   0x8973cf6d5daa37e784bb8ecdc544af26bb1c93c4  prob=0.0577 (raw=0.1918)  vol=$1,144  trades=10  first_trade=2025-12-04 17:35  winrate=0.000  n_markets_traded=2.000  herfindahl_index_markets=0.500
10:51:34 [super]   #147   0x7015237eac73b76e8a116c9aa321bb39ff34e6a2  prob=0.0574 (raw=0.1903)  vol=$8,531  trades=8  first_trade=2025-12-04 07:39  winrate=0.000  n_markets_traded=5.000  herfindahl_index_markets=0.293
10:51:34 [super]   #149   0x6125ecdb041e6c054a32351c056dff7680f3fb3a  prob=0.0572 (raw=0.1894)  vol=$5,072  trades=4  first_trade=2025-12-04 08:59  winrate=0.534  n_markets_traded=58.000  herfindahl_index_markets=0.042
10:51:34 [super]   #153   0x729730166cce311d8898d637a5b0a796f3e22108  prob=0.0570 (raw=0.1888)  vol=$11,980  trades=3  first_trade=2025-12-06 00:33  winrate=0.769  n_markets_traded=13.000  herfindahl_index_markets=0.297
10:51:34 [super]   #162   0x38cea554ef8974b29a273eb150bff1fa6a3a999f  prob=0.0562 (raw=0.1851)  vol=$5,000  trades=2  first_trade=2025-12-07 18:28  winrate=0.000  n_markets_traded=1.000  herfindahl_index_markets=1.000
10:51:34 [super]   #164   0xcb0eba5c3e43f87ca1fba60ce2eb5e7adafa380e  prob=0.0559 (raw=0.1839)  vol=$1,506  trades=4  first_trade=2025-12-04 14:44  winrate=0.167  n_markets_traded=6.000  herfindahl_index_markets=0.274
10:51:34 [super]   #165   0xecf3891a3e8c8a1ade362982c089080e95fc4c15  prob=0.0555 (raw=0.1822)  vol=$4,349  trades=59  first_trade=2025-12-02 16:39  winrate=0.263  n_markets_traded=19.000  herfindahl_index_markets=0.134
10:51:34 [super]   #166   0xc4a57f1d2b0e8c9c1d76dbdf2bb87545f34e7ec2  prob=0.0554 (raw=0.1818)  vol=$1,840  trades=6  first_trade=2025-12-04 22:05  winrate=0.375  n_markets_traded=8.000  herfindahl_index_markets=0.512
10:51:34 [super]   #167   0x03ec06829ae630ad9e6cb4ab7a8fed1ed3dc5d2e  prob=0.0553 (raw=0.1814)  vol=$3,413  trades=17  first_trade=2025-12-04 03:26  winrate=0.000  n_markets_traded=11.000  herfindahl_index_markets=0.399
10:51:34 [super]   #169   0xecf250beb09b50ea542d8038c0d2e4903aa2c3b7  prob=0.0551 (raw=0.1803)  vol=$1,743  trades=8  first_trade=2025-12-04 10:13  winrate=0.200  n_markets_traded=5.000  herfindahl_index_markets=0.325
10:51:34 [super]   #170   0x5589f1201ea67104c26e1b0126c737bb54cdd13b  prob=0.0548 (raw=0.1793)  vol=$186,667  trades=8  first_trade=2025-12-04 07:59  winrate=0.333  n_markets_traded=9.000  herfindahl_index_markets=0.181
10:51:34 [super]   #174   0x7be8348ba437e878a75b80ee3e7aafb36460876b  prob=0.0544 (raw=0.1771)  vol=$8,883  trades=8  first_trade=2025-12-04 07:50  winrate=0.000  n_markets_traded=3.000  herfindahl_index_markets=0.489
10:51:34 [super]   #176   0xb6595cc9e73117fba36a2b688bc3186d210fc375  prob=0.0542 (raw=0.1765)  vol=$4,545  trades=4  first_trade=2025-12-04 07:37  winrate=0.000  n_markets_traded=12.000  herfindahl_index_markets=0.462
10:51:34 [super]   #177   0x8e36870341ae2b372109744fa369a39c83aa3410  prob=0.0541 (raw=0.1759)  vol=$2,520  trades=12  first_trade=2025-12-04 13:15  winrate=0.000  n_markets_traded=3.000  herfindahl_index_markets=0.363
10:51:34 [super]   #179   0x0770c47140672f53055f6e866adbf815a0e1df24  prob=0.0539 (raw=0.1748)  vol=$6,236  trades=7  first_trade=2025-12-05 01:11  winrate=0.000  n_markets_traded=3.000  herfindahl_index_markets=0.478
10:51:34 [super]   #183   0x043252388a82aad1445bfb6ed9aaf35b1a8ee771  prob=0.0533 (raw=0.1722)  vol=$10,000  trades=3  first_trade=2025-12-07 15:40  winrate=0.000  n_markets_traded=5.000  herfindahl_index_markets=0.531
10:51:34 [super]   #184   0xcea052d8173778b732765197df9940e07fac29c5  prob=0.0532 (raw=0.1718)  vol=$4,236  trades=13  first_trade=2025-12-04 07:15  winrate=0.429  n_markets_traded=35.000  herfindahl_index_markets=0.174
10:51:34 [super]   #185   0x9df2c97a4c8232ca81c62f83e3ac6198ab81a79a  prob=0.0532 (raw=0.1717)  vol=$1,127  trades=17  first_trade=2025-12-04 05:09  winrate=0.143  n_markets_traded=7.000  herfindahl_index_markets=0.377
10:51:34 [super]   #186   0xc97fd2420d1a0364d05a291dfc5c47bd95b2a8b6  prob=0.0531 (raw=0.1715)  vol=$16,667  trades=2  first_trade=2025-12-05 16:01  winrate=0.387  n_markets_traded=31.000  herfindahl_index_markets=0.237
10:51:34 [super]   #187   0xbbef6f4f7bf58b143412f385eafc2938c6ff7de2  prob=0.0530 (raw=0.1709)  vol=$13,080  trades=5  first_trade=2025-12-02 15:41  winrate=0.353  n_markets_traded=17.000  herfindahl_index_markets=0.270
10:51:34 [super]   #188   0x51a15d76e6b5cd7e0b21fa1f3d1995439a5da78f  prob=0.0525 (raw=0.1686)  vol=$46,345  trades=19  first_trade=2025-12-05 00:29  winrate=0.881  n_markets_traded=84.000  herfindahl_index_markets=0.033
10:51:34 [super]   #190   0xd38a3388e02a8f48d03b6beb632b2f941800d89b  prob=0.0524 (raw=0.1682)  vol=$1,682  trades=5  first_trade=2025-12-05 17:10  winrate=0.250  n_markets_traded=4.000  herfindahl_index_markets=0.283
10:51:34 [super]   #191   0x575b1a666cc69e051f24a8a0551f3280922414f0  prob=0.0520 (raw=0.1661)  vol=$1,098  trades=4  first_trade=2025-12-04 05:20  winrate=0.667  n_markets_traded=6.000  herfindahl_index_markets=0.311
10:51:34 [super]   #193   0xa9cddbe8b37bdb182ebafd69122761c85b45ddf7  prob=0.0519 (raw=0.1655)  vol=$2,264  trades=4  first_trade=2025-12-04 08:19  winrate=0.333  n_markets_traded=3.000  herfindahl_index_markets=0.968
10:51:34 [super]   #195   0xfbfb0883a151234e76a5a5ea72ffc5f47e9df563  prob=0.0517 (raw=0.1649)  vol=$258,782  trades=106  first_trade=2025-12-04 04:00  winrate=NaN  n_markets_traded=0.000  herfindahl_index_markets=0.000
10:51:34 [super]   #201   0x1b18c7b908878f4839b5a28e75f3fb03243ee89f  prob=0.0515 (raw=0.1640)  vol=$1,005  trades=2  first_trade=2025-12-04 16:01  winrate=0.000  n_markets_traded=2.000  herfindahl_index_markets=0.862
10:51:34 [super]   #202   0x9a7cf088e6c856735c9473ae6166bd2552f0b695  prob=0.0515 (raw=0.1640)  vol=$2,500  trades=2  first_trade=2025-12-04 17:03  winrate=0.000  n_markets_traded=2.000  herfindahl_index_markets=0.625
10:51:34 [super]   #203   0xfb993fa1047c9249b8c7d3b88320d3220e874370  prob=0.0515 (raw=0.1640)  vol=$6,667  trades=2  first_trade=2025-12-05 14:57  winrate=0.000  n_markets_traded=2.000  herfindahl_index_markets=0.909
10:51:34 [super]   #205   0x838c9cd4c623fd90bec460595ab23774d464faeb  prob=0.0515 (raw=0.1639)  vol=$2,270  trades=6  first_trade=2025-12-04 17:23  winrate=0.500  n_markets_traded=12.000  herfindahl_index_markets=0.138
10:51:34 [super]   #207   0xff761940eaa49cf4c3c65f5a28c945f51c19579e  prob=0.0513 (raw=0.1630)  vol=$20,040  trades=4  first_trade=2025-12-04 14:20  winrate=0.467  n_markets_traded=15.000  herfindahl_index_markets=0.211
10:51:34 [super]   #208   0xd6ac95e2a69d1db9b88b9f09a5f1eb5e76d30469  prob=0.0513 (raw=0.1629)  vol=$22,264  trades=38  first_trade=2025-12-04 05:01  winrate=0.412  n_markets_traded=34.000  herfindahl_index_markets=0.156
10:51:34 [super]   #210   0x587c1255d284a0a82d8f7658a88b6fd84a11a7ea  prob=0.0512 (raw=0.1624)  vol=$7,500  trades=2  first_trade=2025-12-04 18:19  winrate=0.000  n_markets_traded=1.000  herfindahl_index_markets=1.000
10:51:34 [super]   #211   0x3c1b184b6244f47e3da9329c88e2808bb4abc826  prob=0.0512 (raw=0.1624)  vol=$10,000  trades=2  first_trade=2025-12-04 18:21  winrate=0.000  n_markets_traded=1.000  herfindahl_index_markets=1.000
10:51:34 [super]   #212   0x0e7ecd539aa56971a440f0cb71eec5386b65931f  prob=0.0512 (raw=0.1624)  vol=$10,000  trades=2  first_trade=2025-12-06 15:11  winrate=0.000  n_markets_traded=1.000  herfindahl_index_markets=1.000
10:51:34 [super]   #213   0xa7bec67a20dca08c87ae5c2630e6014da931f3ec  prob=0.0512 (raw=0.1624)  vol=$8,350  trades=8  first_trade=2025-12-05 11:46  winrate=0.000  n_markets_traded=1.000  herfindahl_index_markets=1.000
10:51:34 [super]   #219   0x5b6e876e1a6f9fb99982ead74292986dff8d7f3b  prob=0.0512 (raw=0.1624)  vol=$27,203  trades=7  first_trade=2025-12-04 18:47  winrate=0.000  n_markets_traded=1.000  herfindahl_index_markets=1.000
10:51:34 [super]   #220   0x389db50ede69898847961de534ad6a6d959a87ef  prob=0.0512 (raw=0.1624)  vol=$49,653  trades=14  first_trade=2025-12-04 13:24  winrate=0.000  n_markets_traded=1.000  herfindahl_index_markets=1.000
10:51:34 [super]   #226   0x2ea2266f29a8087772b1f77853e12a1784f45b04  prob=0.0512 (raw=0.1624)  vol=$20,000  trades=6  first_trade=2025-12-05 05:41  winrate=0.000  n_markets_traded=1.000  herfindahl_index_markets=1.000
10:51:34 [super]   #227   0x7d701ff3bfcea5c3ffc0a0e14bfa4d8c3d285b51  prob=0.0512 (raw=0.1624)  vol=$20,000  trades=2  first_trade=2025-12-07 23:43  winrate=0.000  n_markets_traded=1.000  herfindahl_index_markets=1.000
10:51:34 [super]   #229   0x95a5c4969d1cde277cc0dcca2badc9d45dbda523  prob=0.0512 (raw=0.1624)  vol=$23,054  trades=4  first_trade=2025-12-07 08:22  winrate=0.000  n_markets_traded=1.000  herfindahl_index_markets=1.000
10:51:34 [super]   #230   0x5e9efba67923da212093f7b6eb8dfcae0ab5250e  prob=0.0512 (raw=0.1624)  vol=$1,667  trades=2  first_trade=2025-12-04 12:16  winrate=0.000  n_markets_traded=1.000  herfindahl_index_markets=1.000
10:51:34 [super]   #235   0xc5282f00347d23fc2410a26e2485057ea34073e9  prob=0.0512 (raw=0.1624)  vol=$19,000  trades=4  first_trade=2025-12-06 08:16  winrate=0.000  n_markets_traded=1.000  herfindahl_index_markets=1.000
10:51:34 [super]   #236   0xddd23b4292736caa5dea9faa17f726bb05f6063f  prob=0.0512 (raw=0.1624)  vol=$3,000  trades=6  first_trade=2025-12-06 15:29  winrate=0.000  n_markets_traded=1.000  herfindahl_index_markets=1.000
10:51:34 [super]   #237   0xddd236b21c5736a756a87b35fcd79b7781121b9c  prob=0.0512 (raw=0.1624)  vol=$3,000  trades=4  first_trade=2025-12-06 15:46  winrate=0.000  n_markets_traded=1.000  herfindahl_index_markets=1.000
10:51:34 [super]   #238   0xbc19f72c0ad753c4ac3c3aac8f92880b92618cd0  prob=0.0512 (raw=0.1624)  vol=$2,000  trades=6  first_trade=2025-12-04 15:13  winrate=0.000  n_markets_traded=1.000  herfindahl_index_markets=1.000
10:51:34 [super]   #239   0xcbd4313e818d409103f057245f5130708d46f852  prob=0.0512 (raw=0.1624)  vol=$2,000  trades=2  first_trade=2025-12-07 20:27  winrate=0.000  n_markets_traded=1.000  herfindahl_index_markets=1.000
10:51:34 [super]   #242   0xeefd3f182a63da2e4bb5f2856cb8bf0b85a89190  prob=0.0512 (raw=0.1624)  vol=$2,997  trades=4  first_trade=2025-12-05 08:35  winrate=0.000  n_markets_traded=1.000  herfindahl_index_markets=1.000
10:51:34 [super]   #243   0xe96ec7795b640079b64e17b7e9053e32b3cccddc  prob=0.0512 (raw=0.1624)  vol=$2,500  trades=2  first_trade=2025-12-04 15:30  winrate=0.000  n_markets_traded=1.000  herfindahl_index_markets=1.000
10:51:34 [super]   #244   0x30df30cc05aa926b5891b50956fa28107218ebe3  prob=0.0512 (raw=0.1624)  vol=$2,215  trades=2  first_trade=2025-12-04 18:31  winrate=0.000  n_markets_traded=1.000  herfindahl_index_markets=1.000
10:51:34 [super]   #245   0xa2ecd38049ca63d7c2d4554e12c985aa11b39c8a  prob=0.0512 (raw=0.1624)  vol=$2,400  trades=2  first_trade=2025-12-06 18:30  winrate=0.000  n_markets_traded=1.000  herfindahl_index_markets=1.000
10:51:34 [super]   #246   0x2994231537e0115b883c5092fc290ce76886fde2  prob=0.0512 (raw=0.1624)  vol=$3,057  trades=4  first_trade=2025-12-04 17:04  winrate=0.000  n_markets_traded=1.000  herfindahl_index_markets=1.000
10:51:34 [super]   #247   0xac462eeba8da3ed01940ae2cbdec3011d9d5e256  prob=0.0512 (raw=0.1624)  vol=$3,000  trades=4  first_trade=2025-12-06 13:31  winrate=0.000  n_markets_traded=1.000  herfindahl_index_markets=1.000
10:51:34 [super]   #250   0xcf766c1dd49a06ebc681916b589690a9bdb9fd54  prob=0.0512 (raw=0.1624)  vol=$3,333  trades=2  first_trade=2025-12-05 19:23  winrate=0.000  n_markets_traded=1.000  herfindahl_index_markets=1.000
10:51:34 [super]   #251   0x649e7b151907ec289916fb26a315eccacbeb717a  prob=0.0512 (raw=0.1624)  vol=$3,250  trades=4  first_trade=2025-12-05 11:41  winrate=0.000  n_markets_traded=1.000  herfindahl_index_markets=1.000
10:51:34 [super]   #252   0x4083134a205c4eab76b6c0223ff085e968f222b2  prob=0.0512 (raw=0.1624)  vol=$3,333  trades=4  first_trade=2025-12-05 10:21  winrate=0.000  n_markets_traded=1.000  herfindahl_index_markets=1.000
10:51:34 [super]   #253   0xc1f015bc9fa5d88e280dd2c035b5b8aca698615b  prob=0.0512 (raw=0.1624)  vol=$4,000  trades=8  first_trade=2025-12-07 18:22  winrate=0.000  n_markets_traded=1.000  herfindahl_index_markets=1.000
10:51:34 [super]   #255   0xc5576a43c6916876b8c1b27c1cf53833442ddf6f  prob=0.0512 (raw=0.1624)  vol=$10,500  trades=2  first_trade=2025-12-06 09:01  winrate=0.000  n_markets_traded=1.000  herfindahl_index_markets=1.000
10:51:34 [super]   #257   0xb5cea9754d83c1644df3c24c1248872b2fdeb26e  prob=0.0512 (raw=0.1624)  vol=$11,000  trades=10  first_trade=2025-12-04 17:39  winrate=0.000  n_markets_traded=1.000  herfindahl_index_markets=1.000
10:51:34 [super]   #258   0xd4ba0d2e9f175b4c4d9f2f6277839b83191d00cc  prob=0.0512 (raw=0.1624)  vol=$5,896  trades=6  first_trade=2025-12-04 11:53  winrate=0.000  n_markets_traded=1.000  herfindahl_index_markets=1.000
10:51:34 [super]   #259   0x274f2f19445720a9a1a308fba3e7f252d9996f2a  prob=0.0512 (raw=0.1624)  vol=$5,000  trades=2  first_trade=2025-12-05 14:20  winrate=0.000  n_markets_traded=1.000  herfindahl_index_markets=1.000
10:51:34 [super]   #260   0xebaac70e29fb820196f13defcbe3718fa7367d82  prob=0.0512 (raw=0.1624)  vol=$5,000  trades=2  first_trade=2025-12-05 23:52  winrate=0.000  n_markets_traded=1.000  herfindahl_index_markets=1.000
10:51:34 [super]   #261   0xf6ecfa6b488352c80130f99c43e5fc631e2fa7f6  prob=0.0512 (raw=0.1624)  vol=$6,667  trades=8  first_trade=2025-12-05 19:52  winrate=0.000  n_markets_traded=1.000  herfindahl_index_markets=1.000
10:51:34 [super]   #263   0xfcf453560519a9e19b89aa34cbbdf92e2ab3d26e  prob=0.0507 (raw=0.1601)  vol=$10,000  trades=3  first_trade=2025-12-06 13:25  winrate=0.000  n_markets_traded=2.000  herfindahl_index_markets=0.555
10:51:34 [super]   #264   0x83968cc5e0f73a7883393fcf443ef25165f3505b  prob=0.0507 (raw=0.1600)  vol=$2,000  trades=2  first_trade=2025-12-07 15:02  winrate=0.000  n_markets_traded=7.000  herfindahl_index_markets=0.613
10:51:34 [super]   #265   0x6324dd00d9352a1b8dc486b6c0680d95c39fe1f3  prob=0.0507 (raw=0.1600)  vol=$8,471  trades=27  first_trade=2025-12-04 06:19  winrate=0.000  n_markets_traded=2.000  herfindahl_index_markets=0.502
10:51:34 [super]   #266   0x622240c66a27a2f10805069d52181dab9a4e8983  prob=0.0507 (raw=0.1600)  vol=$4,820  trades=2  first_trade=2025-12-04 07:07  winrate=0.500  n_markets_traded=6.000  herfindahl_index_markets=0.218
10:51:34 [super]   #267   0x4706778cf0481c9708d4d8ee1965e81c08c5286e  prob=0.0506 (raw=0.1594)  vol=$1,168  trades=151  first_trade=2025-11-29 20:08  winrate=NaN  n_markets_traded=0.000  herfindahl_index_markets=0.000
10:51:34 [super]   #269   0x0142ca968d33c4b00cca882c3e48fb2e7b40c010  prob=0.0505 (raw=0.1592)  vol=$1,050  trades=3  first_trade=2025-12-05 12:37  winrate=0.000  n_markets_traded=1.000  herfindahl_index_markets=1.000
10:51:34 [super]   #272   0xf129f01744945008ac1cbb806205205b3824065b  prob=0.0505 (raw=0.1592)  vol=$6,281  trades=10  first_trade=2025-12-04 07:04  winrate=0.000  n_markets_traded=1.000  herfindahl_index_markets=1.000
10:51:34 [super]   #278   0x9577f69af10120dc14043cd215fddbda27353de1  prob=0.0505 (raw=0.1592)  vol=$2,987  trades=3  first_trade=2025-12-05 00:47  winrate=0.000  n_markets_traded=1.000  herfindahl_index_markets=1.000
10:51:34 [super]   #279   0xc649f96b4562e91204e08f2f99759b9ba94b3c73  prob=0.0505 (raw=0.1592)  vol=$2,600  trades=2  first_trade=2025-12-05 01:16  winrate=0.000  n_markets_traded=1.000  herfindahl_index_markets=1.000
10:51:34 [super]   #284   0xfe4a624eda9af93374f26b7ee1cc2b9c9656e38b  prob=0.0504 (raw=0.1584)  vol=$2,500  trades=2  first_trade=2025-12-04 14:07  winrate=0.000  n_markets_traded=4.000  herfindahl_index_markets=0.344
10:51:34 [super]   #287   0xb1ee7f3c123042a53d72d7fd21a727544e6a91c4  prob=0.0500 (raw=0.1567)  vol=$5,000  trades=4  first_trade=2025-12-07 16:35  winrate=0.000  n_markets_traded=2.000  herfindahl_index_markets=0.500
10:51:34 [super]   #288   0x850a345b06503bf23a3867042b72c230cb6096a9  prob=0.0500 (raw=0.1567)  vol=$1,250  trades=10  first_trade=2025-12-04 10:13  winrate=0.000  n_markets_traded=2.000  herfindahl_index_markets=0.500
10:51:34 [super]   #291   0x19a562ca696274974f551582dca3d5dc3dceead0  prob=0.0500 (raw=0.1567)  vol=$20,000  trades=2  first_trade=2025-12-06 14:20  winrate=0.000  n_markets_traded=2.000  herfindahl_index_markets=0.500
10:51:34 [super]   #292   0x9968045d126838af4558fb3b33d31ba1cd3b2187  prob=0.0500 (raw=0.1567)  vol=$6,751  trades=3  first_trade=2025-12-04 11:28  winrate=0.000  n_markets_traded=2.000  herfindahl_index_markets=0.501
10:51:34 [super]   #295   0x7833bf2866e5aa80aa0d7abb4ce1e768ee093f14  prob=0.0500 (raw=0.1566)  vol=$3,000  trades=2  first_trade=2025-12-05 14:47  winrate=0.000  n_markets_traded=4.000  herfindahl_index_markets=0.265
10:51:34 [super]   #297   0xd6bc99af19d7a5a96390a3403d35e3f010fa0ed7  prob=0.0500 (raw=0.1565)  vol=$5,000  trades=2  first_trade=2025-12-07 16:09  winrate=0.000  n_markets_traded=3.000  herfindahl_index_markets=0.407
10:51:34 [super]   #304   0x1c0bdd5a616ba7ae5d9b707ca18cd70ac51d7600  prob=0.0495 (raw=0.1540)  vol=$8,877  trades=12  first_trade=2025-12-05 15:44  winrate=0.000  n_markets_traded=3.000  herfindahl_index_markets=0.551
10:51:34 [super]   #305   0x32c593aea6fed10192040e9f4b4a0ba7a0878182  prob=0.0495 (raw=0.1539)  vol=$2,801  trades=14  first_trade=2025-12-04 05:47  winrate=0.000  n_markets_traded=2.000  herfindahl_index_markets=0.680
10:51:34 [super]   #309   0x748e8a9086c2168470e14e3d57a8ebfe5e7aa579  prob=0.0493 (raw=0.1534)  vol=$1,600  trades=2  first_trade=2025-12-07 11:56  winrate=0.000  n_markets_traded=7.000  herfindahl_index_markets=0.239
10:51:34 [super]   #310   0xb8437b0aad956249a45029e19a4169025b958236  prob=0.0493 (raw=0.1530)  vol=$3,714  trades=7  first_trade=2025-12-04 13:15  winrate=0.000  n_markets_traded=12.000  herfindahl_index_markets=0.236
10:51:34 [super]   #311   0x323bf118b83e9a457abc27a569819382d6554598  prob=0.0491 (raw=0.1522)  vol=$6,823  trades=12  first_trade=2025-12-05 16:58  winrate=0.000  n_markets_traded=2.000  herfindahl_index_markets=0.752
10:51:34 [super]   #314   0x3c01365bc78aceb7101e36858b37a491a2fec382  prob=0.0491 (raw=0.1522)  vol=$3,000  trades=4  first_trade=2025-12-07 02:25  winrate=0.000  n_markets_traded=2.000  herfindahl_index_markets=0.592
10:51:34 [super]   #316   0x3f45ecc8d59273daa74d509c5c62f7aacab5d06c  prob=0.0489 (raw=0.1512)  vol=$1,080  trades=5  first_trade=2025-12-04 07:06  winrate=0.000  n_markets_traded=3.000  herfindahl_index_markets=0.333
10:51:34 [super]   #319   0x7e3e9ef3dd9831436ff1e3ac234b87adacd30a2d  prob=0.0488 (raw=0.1508)  vol=$16,112  trades=2  first_trade=2025-12-05 11:54  winrate=0.000  n_markets_traded=1.000  herfindahl_index_markets=1.000
10:51:34 [super]   #321   0xc92421af7b3d0675402f3a0e8c3c554a3eb2daa1  prob=0.0488 (raw=0.1508)  vol=$3,000  trades=4  first_trade=2025-12-07 05:03  winrate=0.000  n_markets_traded=1.000  herfindahl_index_markets=1.000
10:51:34 [super]   #323   0x6fa35fc9087c7ee3776c46b4f5789c2597b716cd  prob=0.0486 (raw=0.1499)  vol=$29,833  trades=8  first_trade=2025-12-05 20:03  winrate=0.167  n_markets_traded=6.000  herfindahl_index_markets=0.323
10:51:34 [super]   #324   0x9fe2966cdb0b5da02854784eb179fb934469acfa  prob=0.0486 (raw=0.1495)  vol=$5,723  trades=20  first_trade=2025-12-04 16:51  winrate=0.333  n_markets_traded=12.000  herfindahl_index_markets=0.177
10:51:34 [super]   #333   0x1a4c96c278bf21a07d40fbcd629b2ec37455fca5  prob=0.0481 (raw=0.1471)  vol=$1,500  trades=2  first_trade=2025-12-07 18:26  winrate=0.000  n_markets_traded=7.000  herfindahl_index_markets=0.281
10:51:34 [super]   #335   0xf1e18796b23683d463686cc95d24374562348215  prob=0.0481 (raw=0.1471)  vol=$2,500  trades=10  first_trade=2025-12-04 16:49  winrate=0.000  n_markets_traded=6.000  herfindahl_index_markets=0.300
10:51:34 [super]   #339   0xcdc47c6c362e05c06df6e43f5c7bc3bc27b9ee13  prob=0.0480 (raw=0.1466)  vol=$20,000  trades=8  first_trade=2025-12-07 01:20  winrate=0.000  n_markets_traded=4.000  herfindahl_index_markets=0.779
10:51:34 [super]   #340   0x1193864fb516aa6eaa10522b6d152c7de876261b  prob=0.0479 (raw=0.1460)  vol=$1,186  trades=8  first_trade=2025-12-05 00:01  winrate=0.000  n_markets_traded=4.000  herfindahl_index_markets=0.455
10:51:34 [super]   #342   0x48e2cebb7d5d5c234038bcef91bbcc64063fe836  prob=0.0477 (raw=0.1452)  vol=$6,000  trades=2  first_trade=2025-12-04 15:30  winrate=0.000  n_markets_traded=3.000  herfindahl_index_markets=0.388
10:51:34 [super]   #344   0x23332ca1da94384d1c5f1a321d8b3053cecc7c71  prob=0.0477 (raw=0.1452)  vol=$8,000  trades=14  first_trade=2025-12-06 16:29  winrate=0.000  n_markets_traded=3.000  herfindahl_index_markets=0.427
10:51:34 [super]   #348   0xed1e5a760177c3c266417545be8dd27c27171b0b  prob=0.0475 (raw=0.1439)  vol=$2,540  trades=6  first_trade=2025-12-05 07:35  winrate=0.000  n_markets_traded=5.000  herfindahl_index_markets=0.257
10:51:34 [super]   #351   0xd5d431466d4ede059f902af78160407f14daff08  prob=0.0473 (raw=0.1431)  vol=$2,667  trades=4  first_trade=2025-12-05 17:34  winrate=0.000  n_markets_traded=3.000  herfindahl_index_markets=0.360
10:51:34 [super]   #353   0x94a2c905e1c085f4ebe408ff13c5ed36e00b4cef  prob=0.0471 (raw=0.1422)  vol=$2,000  trades=4  first_trade=2025-12-05 12:53  winrate=0.000  n_markets_traded=3.000  herfindahl_index_markets=0.450
10:51:34 [super]   #356   0x6b592c31f9a267ffeea69b889ab4b212320ad12a  prob=0.0469 (raw=0.1409)  vol=$28,039  trades=863  first_trade=2025-12-04 03:04  winrate=0.545  n_markets_traded=22.000  herfindahl_index_markets=0.101
10:51:34 [super]   #358   0x5ad847c5e1d198f3f8a0d16dd084418d3c15e58a  prob=0.0465 (raw=0.1389)  vol=$1,333  trades=2  first_trade=2025-12-05 05:36  winrate=0.333  n_markets_traded=3.000  herfindahl_index_markets=0.427
10:51:34 [super]   #360   0xa645a7ff60f1823cb8f24d8336e6c2f003defdbe  prob=0.0465 (raw=0.1388)  vol=$2,485  trades=2  first_trade=2025-12-05 11:59  winrate=0.000  n_markets_traded=2.000  herfindahl_index_markets=0.836
10:51:34 [super]   #368   0x051f331e209fc72041d92d85c415e4785a339faa  prob=0.0458 (raw=0.1351)  vol=$3,914  trades=4  first_trade=2025-12-05 00:46  winrate=0.000  n_markets_traded=10.000  herfindahl_index_markets=0.356
10:51:34 [super]   #370   0xae9b5f1057e3226ed243d564e3e846b16ee2e4ed  prob=0.0456 (raw=0.1340)  vol=$4,000  trades=4  first_trade=2025-12-06 17:05  winrate=0.000  n_markets_traded=7.000  herfindahl_index_markets=0.311
10:51:34 [super]   #371   0x49151cc8f6376a16caa2e7db597e5ab74ab8b02b  prob=0.0456 (raw=0.1339)  vol=$5,718  trades=24  first_trade=2025-12-04 03:21  winrate=0.125  n_markets_traded=8.000  herfindahl_index_markets=0.209
10:51:34 [super]   #375   0xe90bec87d9ef430f27f9dcfe72c34b76967d5da2  prob=0.0453 (raw=0.1326)  vol=$48,250  trades=3  first_trade=2025-12-04 06:41  winrate=NaN  n_markets_traded=0.000  herfindahl_index_markets=0.000
10:51:34 [super]   #379   0x861b0822b4b1828fb87b7aebbdadb59d3d991c5a  prob=0.0452 (raw=0.1319)  vol=$1,051  trades=2  first_trade=2025-12-05 00:50  winrate=0.917  n_markets_traded=12.000  herfindahl_index_markets=0.124
10:51:34 [super]   #380   0x22b4139906384ae2a6bed90fd01b81df019d5868  prob=0.0449 (raw=0.1303)  vol=$26,667  trades=2  first_trade=2025-12-05 18:08  winrate=0.000  n_markets_traded=7.000  herfindahl_index_markets=0.181
10:51:34 [super]   #385   0x024d123b7b67330e06dc0d51899685414a9dd0ae  prob=0.0443 (raw=0.1272)  vol=$1,563  trades=8  first_trade=2025-12-04 07:30  winrate=0.250  n_markets_traded=4.000  herfindahl_index_markets=0.494
10:51:34 [super]   #386   0xc71dcf573ee6c738dadd1950026aa1534312b270  prob=0.0441 (raw=0.1259)  vol=$1,046  trades=14  first_trade=2025-12-04 13:15  winrate=0.776  n_markets_traded=67.000  herfindahl_index_markets=0.019
10:51:34 [super]   #387   0xb3bd99454bfc2696c54dba999e7de40fb020f543  prob=0.0441 (raw=0.1258)  vol=$68,405  trades=47  first_trade=2025-12-04 06:46  winrate=NaN  n_markets_traded=0.000  herfindahl_index_markets=0.000
10:51:34 [super]   #390   0x6bab41a0dc40d6dd4c1a915b8c01969479fd1292  prob=0.0437 (raw=0.1240)  vol=$38,203  trades=59  first_trade=2025-11-26 21:32  winrate=NaN  n_markets_traded=0.000  herfindahl_index_markets=0.000
10:51:34 [super]   #393   0xdda3f6be137d7563f6c05a6f4474cc37ec9a9df5  prob=0.0437 (raw=0.1240)  vol=$2,000  trades=4  first_trade=2025-12-04 14:21  winrate=0.381  n_markets_traded=21.000  herfindahl_index_markets=0.093
10:51:34 [super]   #406   0x10e5d83b753200594bfb6a1122ae2360a2a8c66a  prob=0.0425 (raw=0.1170)  vol=$5,000  trades=3  first_trade=2025-12-06 23:23  winrate=0.000  n_markets_traded=8.000  herfindahl_index_markets=0.163
10:51:34 [super]   #409   0x75802c56002ebe765938f4f75d72a43e5ccd7308  prob=0.0421 (raw=0.1146)  vol=$20,088  trades=7  first_trade=2025-12-05 03:36  winrate=0.773  n_markets_traded=22.000  herfindahl_index_markets=0.084
10:51:34 [super]   #411   0xe6ea25a808f03362ebcf84b5e470e84670e8b011  prob=0.0418 (raw=0.1133)  vol=$4,119  trades=16  first_trade=2025-12-04 05:07  winrate=0.500  n_markets_traded=56.000  herfindahl_index_markets=0.083
10:51:34 [super]   #415   0x05dd60fc2e11f69a3fa30b19273891cd501ce2af  prob=0.0418 (raw=0.1129)  vol=$25,371  trades=22  first_trade=2025-12-04 08:03  winrate=NaN  n_markets_traded=0.000  herfindahl_index_markets=0.000
10:51:34 [super]   #417   0x63e22897e8351b055a662bcdde953286264b5579  prob=0.0417 (raw=0.1125)  vol=$4,057  trades=17  first_trade=2025-12-04 03:32  winrate=0.597  n_markets_traded=143.000  herfindahl_index_markets=0.032
10:51:34 [super]   #418   0x9297dc5c6ef009e13c33598c0dd5b43bec28949f  prob=0.0416 (raw=0.1118)  vol=$1,539  trades=7  first_trade=2025-12-04 07:53  winrate=0.200  n_markets_traded=15.000  herfindahl_index_markets=0.161
10:51:34 [super]   #424   0xcf095ef7b9ddae97e9fbd6b8e89ed29f4b4e6d10  prob=0.0412 (raw=0.1093)  vol=$5,500  trades=2  first_trade=2025-12-04 18:13  winrate=0.000  n_markets_traded=5.000  herfindahl_index_markets=0.216
10:51:34 [super]   #426   0x4e587b7a00f8d3175e7a03c78538c590727bea52  prob=0.0410 (raw=0.1082)  vol=$2,000  trades=4  first_trade=2025-12-06 02:49  winrate=0.000  n_markets_traded=7.000  herfindahl_index_markets=0.167
10:51:34 [super]   #427   0x7afbfe56273ac942aa3de693ae3613f11b8921ff  prob=0.0410 (raw=0.1082)  vol=$4,000  trades=2  first_trade=2025-12-06 12:16  winrate=0.000  n_markets_traded=6.000  herfindahl_index_markets=0.176
10:51:34 [super]   #429   0xc32ced7058a6c02a203228d1334399c6da0bd102  prob=0.0409 (raw=0.1078)  vol=$1,327  trades=13  first_trade=2025-12-04 03:30  winrate=0.211  n_markets_traded=19.000  herfindahl_index_markets=0.100
10:51:34 [super]   #432   0xee324b84546110f1fa5d4b2558edb179c3a4463a  prob=0.0407 (raw=0.1066)  vol=$64,808  trades=12  first_trade=2025-12-04 07:20  winrate=NaN  n_markets_traded=0.000  herfindahl_index_markets=0.000
10:51:34 [super]   #435   0x57c5de7efafb020e589f80e0da6e16e9b5c907aa  prob=0.0405 (raw=0.1056)  vol=$59,830  trades=21  first_trade=2025-12-04 07:57  winrate=0.725  n_markets_traded=80.000  herfindahl_index_markets=0.788
10:51:34 [super]   #436   0x0b27955a94ec4c812217d6f80f388b606a8491fc  prob=0.0405 (raw=0.1052)  vol=$2,534  trades=4  first_trade=2025-12-04 09:23  winrate=0.800  n_markets_traded=5.000  herfindahl_index_markets=0.298
10:51:34 [super]   #438   0x7e1570ca6c2bf1ee33dc4a3f567831635684cfdb  prob=0.0404 (raw=0.1048)  vol=$109,764  trades=75  first_trade=2025-12-03 12:01  winrate=0.769  n_markets_traded=13.000  herfindahl_index_markets=0.235
10:51:34 [super]   #441   0x45798c7f8831a6aea25a5a78ed8ea8b8bfb49f19  prob=0.0403 (raw=0.1041)  vol=$10,636  trades=9  first_trade=2025-12-04 13:10  winrate=0.500  n_markets_traded=156.000  herfindahl_index_markets=0.051
10:51:34 [super]   #442   0x9b7fa57f4f1389b848c6b215146225278434f1b3  prob=0.0403 (raw=0.1041)  vol=$4,079  trades=8  first_trade=2025-12-04 23:47  winrate=0.542  n_markets_traded=24.000  herfindahl_index_markets=0.054
10:51:34 [super]   #444   0x22b57908ba8b730b1242cce3781407090194bdca  prob=0.0402 (raw=0.1039)  vol=$42,070  trades=12  first_trade=2025-12-05 03:08  winrate=0.550  n_markets_traded=20.000  herfindahl_index_markets=0.204
10:51:34 [super]   #448   0x6bf5c38552e200264703946bb8e86a5d02d79055  prob=0.0400 (raw=0.1026)  vol=$21,608  trades=59  first_trade=2025-12-04 00:44  winrate=0.000  n_markets_traded=2.000  herfindahl_index_markets=0.990
10:51:34 [super]   #449   0x7208087925feba06e4d12cc36150bc879b50fd10  prob=0.0400 (raw=0.1024)  vol=$2,434  trades=4  first_trade=2025-12-05 06:36  winrate=0.000  n_markets_traded=2.000  herfindahl_index_markets=0.661
10:51:34 [super]   #450   0xdd45e705ee2c41bd1d81da5bcb8ed0e8b30259b2  prob=0.0400 (raw=0.1022)  vol=$7,121  trades=134  first_trade=2025-11-29 19:58  winrate=NaN  n_markets_traded=0.000  herfindahl_index_markets=0.000
10:51:34 [super]   #451   0x1026f57a8c836a402e184a867173dd5e0703460c  prob=0.0399 (raw=0.1019)  vol=$58,123  trades=14  first_trade=2025-12-04 03:23  winrate=0.583  n_markets_traded=12.000  herfindahl_index_markets=0.711
10:51:34 [super]   #453   0x01e0a397d55906d2386f1a7758593215ccbf732c  prob=0.0398 (raw=0.1012)  vol=$52,482  trades=8  first_trade=2025-12-04 06:05  winrate=0.333  n_markets_traded=3.000  herfindahl_index_markets=0.786
10:51:34 [super]   #455   0x62e38b89bab7aa6fff8b0d2a176413f9ffa7fd3a  prob=0.0397 (raw=0.1008)  vol=$10,000  trades=2  first_trade=2025-12-04 12:57  winrate=0.000  n_markets_traded=5.000  herfindahl_index_markets=0.222
10:51:34 [super]   #458   0x51fd8f8573c51dd216668a903194b638deda525b  prob=0.0394 (raw=0.0988)  vol=$2,722  trades=10  first_trade=2025-12-04 04:57  winrate=0.062  n_markets_traded=32.000  herfindahl_index_markets=0.214
10:51:34 [super]   #463   0xa61ec8072c28fba041a70462ceeb2e08ec486906  prob=0.0392 (raw=0.0973)  vol=$10,000  trades=2  first_trade=2025-12-06 13:48  winrate=0.000  n_markets_traded=3.000  herfindahl_index_markets=0.475
10:51:34 [super]   #468   0xb4dcab418380acab502f997bb54c7ed7f8f10fc3  prob=0.0391 (raw=0.0968)  vol=$1,549  trades=10  first_trade=2025-12-04 03:07  winrate=0.326  n_markets_traded=46.000  herfindahl_index_markets=0.105
10:51:34 [super]   #470   0x74fbe9c81a1ecc62a53ac01ba09ede21a43096cf  prob=0.0390 (raw=0.0964)  vol=$2,676  trades=11  first_trade=2025-12-02 10:05  winrate=0.200  n_markets_traded=30.000  herfindahl_index_markets=0.065
10:51:34 [super]   #475   0x127c21f03f0f9e5519414bc24be679c6ac73d223  prob=0.0388 (raw=0.0954)  vol=$10,907  trades=4  first_trade=2025-12-04 12:56  winrate=0.571  n_markets_traded=7.000  herfindahl_index_markets=0.212
10:51:34 [super]   #476   0xfd68ec4b38e10198048f7291d76a5394d3e9b9c2  prob=0.0388 (raw=0.0950)  vol=$2,043  trades=12  first_trade=2025-12-03 21:14  winrate=0.000  n_markets_traded=3.000  herfindahl_index_markets=0.389
10:51:34 [super]   #479   0xcfd2f5dfb2eb4065b2909c43659de2731d242dd6  prob=0.0387 (raw=0.0947)  vol=$5,333  trades=14  first_trade=2025-12-05 14:24  winrate=0.517  n_markets_traded=118.000  herfindahl_index_markets=0.027
10:51:34 [super]   #481   0x78bcfed7902a23cb432c7d83cbb05875951e483c  prob=0.0387 (raw=0.0945)  vol=$33,211  trades=12  first_trade=2025-12-04 21:16  winrate=0.721  n_markets_traded=61.000  herfindahl_index_markets=0.052
10:51:34 [super]   #482   0x0952ffd58769f5e9ad3853edd2dc318ddfcfa44b  prob=0.0387 (raw=0.0944)  vol=$22,052  trades=70  first_trade=2025-12-04 03:28  winrate=0.652  n_markets_traded=23.000  herfindahl_index_markets=0.290
10:51:34 [super]   #486   0xf8a2163296ecb76d6441cd2d89e6971c1709a8f4  prob=0.0385 (raw=0.0935)  vol=$20,000  trades=6  first_trade=2025-12-06 22:55  winrate=0.400  n_markets_traded=5.000  herfindahl_index_markets=0.533
10:51:34 [super]   #490   0xa2283534e8bd9c4e083ea9c1f99319f2ecb7b6e3  prob=0.0384 (raw=0.0928)  vol=$1,607  trades=8  first_trade=2025-12-02 22:11  winrate=0.000  n_markets_traded=9.000  herfindahl_index_markets=0.147
10:51:34 [super]   #491   0x6d7776a0f954be1a7c975a1e8244de6268f7b72c  prob=0.0384 (raw=0.0924)  vol=$68,696  trades=26  first_trade=2025-12-05 03:48  winrate=NaN  n_markets_traded=0.000  herfindahl_index_markets=0.000
10:51:34 [super]   #492   0x5a91013258e676848b9291ae1c10d48c7ce2943c  prob=0.0384 (raw=0.0923)  vol=$1,002  trades=6  first_trade=2025-12-04 12:42  winrate=0.237  n_markets_traded=93.000  herfindahl_index_markets=0.042
10:51:34 [super]   #500   0x39fd7f7e5d025a0c442cb89a773f314f81807d31  prob=0.0382 (raw=0.0914)  vol=$1,996  trades=2  first_trade=2025-12-04 03:55  winrate=0.734  n_markets_traded=109.000  herfindahl_index_markets=0.045
10:51:34 [super]   #501   0x69af844d4fbacebfc1c4124b0978801db3600a19  prob=0.0382 (raw=0.0912)  vol=$1,075  trades=43  first_trade=2025-12-02 09:40  winrate=NaN  n_markets_traded=0.000  herfindahl_index_markets=0.000
10:51:34 [super]   #502   0x800b79f9bf596f0dd10bdfaca3a7342302e1a0c4  prob=0.0382 (raw=0.0911)  vol=$3,000  trades=6  first_trade=2025-12-05 01:57  winrate=0.077  n_markets_traded=13.000  herfindahl_index_markets=0.153
10:51:34 [super]   #505   0xd34d8dcbefbafce433f01b9ffdcb02c730cee48f  prob=0.0382 (raw=0.0911)  vol=$1,470  trades=7  first_trade=2025-12-04 09:31  winrate=0.100  n_markets_traded=20.000  herfindahl_index_markets=0.123
10:51:34 [super]   #506   0x839f0f0d67b9b61d5efc4569b4b2f5d386e6da18  prob=0.0381 (raw=0.0908)  vol=$4,920  trades=13  first_trade=2025-12-04 06:19  winrate=0.667  n_markets_traded=6.000  herfindahl_index_markets=0.250
10:51:34 [super]   #511   0xfeeebcf1bc01c2c3b676f876cbad907ddc1fa4a9  prob=0.0379 (raw=0.0891)  vol=$31,615  trades=5  first_trade=2025-12-04 03:23  winrate=0.561  n_markets_traded=214.000  herfindahl_index_markets=0.026
10:51:34 [super]   #517   0x873331f6f8d127624d2eab32154ebf43a039ee86  prob=0.0377 (raw=0.0879)  vol=$51,292  trades=75  first_trade=2025-12-03 05:24  winrate=0.000  n_markets_traded=1.000  herfindahl_index_markets=1.000
10:51:34 [super]   #521   0x378aca7d1c8a79f0c2fbed98f8d3426097a3258d  prob=0.0375 (raw=0.0870)  vol=$18,904  trades=15  first_trade=2025-12-04 07:02  winrate=0.556  n_markets_traded=9.000  herfindahl_index_markets=0.135
10:51:34 [super]   #522   0xe54464d0c3e1bb1416ff145d11207f7f44f8ba65  prob=0.0375 (raw=0.0868)  vol=$7,351  trades=11  first_trade=2025-12-04 19:33  winrate=NaN  n_markets_traded=0.000  herfindahl_index_markets=0.000
10:51:34 [super]   #523   0x0218c0a9bce8ce3e67d5b49550d3840c202d52c0  prob=0.0374 (raw=0.0862)  vol=$7,158  trades=23  first_trade=2025-12-04 05:14  winrate=NaN  n_markets_traded=0.000  herfindahl_index_markets=0.000
10:51:34 [super]   #525   0x71fc4d526ee958ac66bbda4fb83a2c2b09e18887  prob=0.0374 (raw=0.0860)  vol=$3,202  trades=8  first_trade=2025-12-04 08:05  winrate=0.296  n_markets_traded=81.000  herfindahl_index_markets=0.059
10:51:34 [super]   #527   0x2785e7022dc20757108204b13c08cea8613b70ae  prob=0.0372 (raw=0.0852)  vol=$2,025,184  trades=338  first_trade=2025-12-04 08:05  winrate=NaN  n_markets_traded=0.000  herfindahl_index_markets=0.000
10:51:34 [super]   #530   0xd97c5c25774ee6e7ebbc4456e1eaa32f2b29aedb  prob=0.0371 (raw=0.0845)  vol=$6,194  trades=39  first_trade=2025-12-02 08:21  winrate=0.445  n_markets_traded=250.000  herfindahl_index_markets=0.014
10:51:34 [super]   #531   0x88998723c61157f96a5abdcd855216d0f4d7b385  prob=0.0371 (raw=0.0840)  vol=$5,010  trades=4  first_trade=2025-12-04 15:49  winrate=0.208  n_markets_traded=24.000  herfindahl_index_markets=0.045
10:51:34 [super]   #536   0xa6711a0de9cf71a92272e0cce90b11809efccd7c  prob=0.0370 (raw=0.0837)  vol=$5,000  trades=4  first_trade=2025-12-04 11:31  winrate=0.222  n_markets_traded=27.000  herfindahl_index_markets=0.123
10:51:34 [super]   #538   0x9014c758e288972fa5056f5f66192dcae67100cc  prob=0.0370 (raw=0.0836)  vol=$1,328  trades=8  first_trade=2025-12-04 07:22  winrate=0.333  n_markets_traded=6.000  herfindahl_index_markets=0.906
10:51:34 [super]   #539   0x85c2ff8d5938f310c3987c9f3179f1e63aa100f8  prob=0.0370 (raw=0.0833)  vol=$2,752  trades=3  first_trade=2025-12-04 04:47  winrate=NaN  n_markets_traded=0.000  herfindahl_index_markets=0.000
10:51:34 [super]   #540   0x44e641e5eabb5687fe2338540e18b7d610579d9e  prob=0.0369 (raw=0.0830)  vol=$2,288  trades=13  first_trade=2025-12-04 00:12  winrate=0.515  n_markets_traded=165.000  herfindahl_index_markets=0.019
10:51:34 [super]   #541   0xcc380f63b84de8d3c4af89c65a52c51b2e9d5bb2  prob=0.0368 (raw=0.0826)  vol=$2,962  trades=11  first_trade=2025-12-04 17:13  winrate=0.127  n_markets_traded=466.000  herfindahl_index_markets=0.006
10:51:34 [super]   #543   0xf03b828ecb3d6aca0de71f5b09d2e639790f1196  prob=0.0367 (raw=0.0819)  vol=$24,663  trades=21  first_trade=2025-12-04 04:42  winrate=0.964  n_markets_traded=221.000  herfindahl_index_markets=0.012
10:51:34 [super]   #552   0x687d8cf19d873aed1957e61a3f2092d4721ce28b  prob=0.0366 (raw=0.0808)  vol=$4,403  trades=8  first_trade=2025-12-04 03:27  winrate=NaN  n_markets_traded=0.000  herfindahl_index_markets=0.000
10:51:34 [super]   #556   0x2cd2098935241533fb21ad5c71daa621658f1f27  prob=0.0365 (raw=0.0801)  vol=$3,514  trades=4  first_trade=2025-12-04 23:19  winrate=NaN  n_markets_traded=0.000  herfindahl_index_markets=0.000
10:51:34 [super]   #558   0x368ba69507fd67972059fa178af5e459b72f2458  prob=0.0364 (raw=0.0799)  vol=$6,695  trades=9  first_trade=2025-12-02 17:35  winrate=NaN  n_markets_traded=0.000  herfindahl_index_markets=0.000
10:51:34 [super]   #560   0xc9dbb251d58900109c77386e927301554db718b5  prob=0.0363 (raw=0.0792)  vol=$1,734  trades=6  first_trade=2025-12-04 03:23  winrate=0.500  n_markets_traded=14.000  herfindahl_index_markets=0.233
10:51:34 [super]   #562   0xe20deb609c6736753e7f1b2c64b737018275c49b  prob=0.0362 (raw=0.0786)  vol=$5,000  trades=2  first_trade=2025-12-06 14:54  winrate=0.074  n_markets_traded=27.000  herfindahl_index_markets=0.058
10:51:34 [super]   #563   0x604d083b6eb4188e20802495ed925cb5c7e46fac  prob=0.0362 (raw=0.0785)  vol=$12,234  trades=14  first_trade=2025-12-04 07:32  winrate=0.000  n_markets_traded=15.000  herfindahl_index_markets=0.219
10:51:34 [super]   #566   0xad1b9b4c17fbcff5cf5d308c444927ac8e1189bf  prob=0.0361 (raw=0.0779)  vol=$1,500  trades=3  first_trade=2025-12-06 00:45  winrate=0.222  n_markets_traded=9.000  herfindahl_index_markets=0.137
10:51:34 [super]   #570   0xb51e00d7f0a9b0267303256cab9b83b1e4ed3361  prob=0.0361 (raw=0.0779)  vol=$322,570  trades=15  first_trade=2025-12-06 19:23  winrate=0.237  n_markets_traded=38.000  herfindahl_index_markets=0.048
10:51:34 [super]   #571   0x8ef9d14f28a7aa5b281ecba349c9ee3c3582b12b  prob=0.0361 (raw=0.0777)  vol=$1,167  trades=6  first_trade=2025-12-04 14:27  winrate=0.540  n_markets_traded=100.000  herfindahl_index_markets=0.020
10:51:34 [super]   #573   0x14c32680ffc318892e0d019181e4161aa34cdf68  prob=0.0360 (raw=0.0771)  vol=$19,731  trades=175  first_trade=2025-12-02 02:29  winrate=NaN  n_markets_traded=0.000  herfindahl_index_markets=0.000
10:51:34 [super]   #574   0xbfbf62fdc0dc373b4e6b76683936f81c60ea110f  prob=0.0360 (raw=0.0769)  vol=$1,500  trades=4  first_trade=2025-12-06 00:53  winrate=0.196  n_markets_traded=56.000  herfindahl_index_markets=0.043
10:51:34 [super]   #576   0x6d24f1def2a30c113d232cdfde8dc4900c02fd7e  prob=0.0359 (raw=0.0762)  vol=$2,990  trades=3  first_trade=2025-12-05 00:15  winrate=0.778  n_markets_traded=62.000  herfindahl_index_markets=0.046
10:51:34 [super]   #578   0x1d9356117360e67e3bb1a27fdb6402192a6e1caf  prob=0.0359 (raw=0.0761)  vol=$1,899  trades=15  first_trade=2025-12-04 05:18  winrate=0.160  n_markets_traded=125.000  herfindahl_index_markets=0.048
10:51:34 [super]   #580   0x2162a3dbecb3fe52b8338462c3439a808714f0b1  prob=0.0358 (raw=0.0759)  vol=$2,355  trades=7  first_trade=2025-12-04 07:11  winrate=0.128  n_markets_traded=47.000  herfindahl_index_markets=0.295
10:51:34 [super]   #584   0x3d62a2b83fd28c9cceacf37362054abeb1da49c5  prob=0.0357 (raw=0.0753)  vol=$1,004  trades=4  first_trade=2025-12-04 07:27  winrate=0.000  n_markets_traded=13.000  herfindahl_index_markets=0.087
10:51:34 [super]   #586   0x7f66b22db8a7aedd8ed91c3820f3bfc333644bac  prob=0.0355 (raw=0.0737)  vol=$53,556  trades=9  first_trade=2025-12-04 01:49  winrate=NaN  n_markets_traded=0.000  herfindahl_index_markets=0.000
10:51:34 [super]   #588   0xd6b4b7cd962309346450b5a35af352e70d57a5e6  prob=0.0355 (raw=0.0734)  vol=$14,306  trades=25  first_trade=2025-12-04 03:19  winrate=0.240  n_markets_traded=25.000  herfindahl_index_markets=0.069
10:51:34 [super]   #591   0xc6478b6fe573092df52a3d80d196a804798fd99c  prob=0.0352 (raw=0.0717)  vol=$7,415  trades=9  first_trade=2025-12-04 04:56  winrate=0.000  n_markets_traded=3.000  herfindahl_index_markets=0.949
10:51:34 [super]   #592   0xc2ff87b109dcb2586f0a51d6fd6b448aa740ce1c  prob=0.0352 (raw=0.0714)  vol=$3,401  trades=74  first_trade=2025-11-30 00:06  winrate=NaN  n_markets_traded=0.000  herfindahl_index_markets=0.000
10:51:34 [super]   #595   0xc89d0db0720a91b0fe74b8d607a2a9a7b71d5909  prob=0.0351 (raw=0.0710)  vol=$14,549  trades=4  first_trade=2025-12-04 03:40  winrate=0.467  n_markets_traded=229.000  herfindahl_index_markets=0.019
10:51:34 [super]   #608   0x5a71eb43d8a41fd5f9e49e7af9114f88b301f491  prob=0.0349 (raw=0.0696)  vol=$2,500  trades=2  first_trade=2025-12-04 15:39  winrate=0.083  n_markets_traded=12.000  herfindahl_index_markets=0.094
10:51:34 [super]   #613   0xf63a60005674befd6fff552bbc656570e7cf58d5  prob=0.0348 (raw=0.0687)  vol=$1,300  trades=2  first_trade=2025-12-05 15:04  winrate=0.235  n_markets_traded=51.000  herfindahl_index_markets=0.043
10:51:34 [super]   #621   0xedf378c48e04dcf8fc474596fab27f73dfac51f4  prob=0.0346 (raw=0.0675)  vol=$2,433  trades=2  first_trade=2025-12-06 00:49  winrate=0.600  n_markets_traded=5.000  herfindahl_index_markets=0.400
10:51:34 [super]   #622   0xdadf44c8ae805f2cdcc7b3f2c28933443725b1ed  prob=0.0346 (raw=0.0674)  vol=$114,932  trades=12  first_trade=2025-12-04 17:39  winrate=NaN  n_markets_traded=0.000  herfindahl_index_markets=0.000
10:51:34 [super]   #625   0x6ce22b6a995836c09871cdc9242b094d9e15e868  prob=0.0345 (raw=0.0667)  vol=$577,123  trades=164  first_trade=2025-12-04 03:22  winrate=0.421  n_markets_traded=49.000  herfindahl_index_markets=0.068
10:51:34 [super]   #627   0x4884394be9d0bf9f245d1b915503009f5d661310  prob=0.0344 (raw=0.0661)  vol=$97,989  trades=62  first_trade=2025-12-04 06:48  winrate=0.400  n_markets_traded=5.000  herfindahl_index_markets=0.354
10:51:34 [super]   #629   0x057a14fd2f531be123b034b801c5e062513672be  prob=0.0343 (raw=0.0653)  vol=$9,094  trades=18  first_trade=2025-12-04 05:59  winrate=0.361  n_markets_traded=155.000  herfindahl_index_markets=0.054
10:51:34 [super]   #637   0x5625ef06ed29dbc903a10e2a176a89cc3ddb06f7  prob=0.0340 (raw=0.0633)  vol=$3,207  trades=8  first_trade=2025-12-05 07:46  winrate=0.500  n_markets_traded=6.000  herfindahl_index_markets=0.174
10:51:34 [super]   #641   0xe948662e83ab4e074763b7a0c4b86fd2fe1bff23  prob=0.0339 (raw=0.0626)  vol=$12,225  trades=19  first_trade=2025-12-04 04:57  winrate=NaN  n_markets_traded=0.000  herfindahl_index_markets=0.000
10:51:34 [super]   #647   0xee2fc9aadd5234284679056a5690bbf7b889c157  prob=0.0338 (raw=0.0616)  vol=$5,000  trades=2  first_trade=2025-12-07 09:46  winrate=0.111  n_markets_traded=18.000  herfindahl_index_markets=0.611
10:51:34 [super]   #651   0x1584cb3b5a84944bd0db072c43d67189397071b6  prob=0.0337 (raw=0.0610)  vol=$9,771  trades=16  first_trade=2025-11-29 08:06  winrate=NaN  n_markets_traded=0.000  herfindahl_index_markets=0.000
10:51:34 [super]   #653   0x2a1172ba06cfbbeeaf64bcd596952da8639e4b16  prob=0.0336 (raw=0.0607)  vol=$2,000  trades=2  first_trade=2025-12-07 01:29  winrate=0.000  n_markets_traded=2.000  herfindahl_index_markets=0.835
10:51:34 [super]   #657   0xdbe6dd3c986ad9d2f7febc369744fa7d34d3555d  prob=0.0336 (raw=0.0602)  vol=$1,318  trades=14  first_trade=2025-12-04 05:13  winrate=0.412  n_markets_traded=17.000  herfindahl_index_markets=0.091
10:51:34 [super]   #658   0x82de5cc001c502de2168c1fae51e472c07d6092e  prob=0.0335 (raw=0.0600)  vol=$12,800  trades=4  first_trade=2025-12-05 22:00  winrate=0.000  n_markets_traded=6.000  herfindahl_index_markets=0.316
10:51:34 [super]   #659   0x1bfec39c98796ae25aec24c6e5821b6a1cc1ab8d  prob=0.0335 (raw=0.0598)  vol=$29,355  trades=5  first_trade=2025-12-04 09:44  winrate=0.434  n_markets_traded=122.000  herfindahl_index_markets=0.033
10:51:34 [super]   #660   0x094e3e7c5486ca7f5efd45de09857b873c70f10b  prob=0.0335 (raw=0.0596)  vol=$10,213  trades=24  first_trade=2025-12-01 04:40  winrate=0.141  n_markets_traded=73.000  herfindahl_index_markets=0.063
10:51:34 [super]   #663   0x3b4484b6c8cbfdaa383ba337ab3f0d71055e264e  prob=0.0334 (raw=0.0591)  vol=$107,649  trades=15  first_trade=2025-12-04 07:54  winrate=0.766  n_markets_traded=46.000  herfindahl_index_markets=0.190
10:51:34 [super]   #666   0xecd33c0e0c00fc96ff3a1252bf17d403e83f4285  prob=0.0333 (raw=0.0584)  vol=$2,072  trades=4  first_trade=2025-12-04 08:06  winrate=0.604  n_markets_traded=91.000  herfindahl_index_markets=0.027
10:51:34 [super]   #667   0x32fe2fd22a4713c7635049b0193b586cebe8eb6f  prob=0.0332 (raw=0.0578)  vol=$33,333  trades=2  first_trade=2025-12-05 16:09  winrate=0.000  n_markets_traded=5.000  herfindahl_index_markets=0.262
10:51:34 [super]   #670   0x4f11e8f0a369167e6131a49daa91135e15f7be8d  prob=0.0331 (raw=0.0572)  vol=$10,658  trades=11  first_trade=2025-12-04 06:17  winrate=0.000  n_markets_traded=3.000  herfindahl_index_markets=0.575
10:51:34 [super]   #671   0xcc2570c71acae072e1ae0ff682b4b56c33c00343  prob=0.0331 (raw=0.0571)  vol=$35,008  trades=73  first_trade=2025-12-04 03:13  winrate=0.864  n_markets_traded=59.000  herfindahl_index_markets=0.155
10:51:34 [super]   #673   0x027c2250d43d9c92b403e38f5cf478ae477e60f2  prob=0.0331 (raw=0.0567)  vol=$1,492  trades=7  first_trade=2025-12-03 15:59  winrate=0.382  n_markets_traded=152.000  herfindahl_index_markets=0.106
10:51:34 [super]   #679   0xd5ece8e58bce60807cdb5f72464b423c0de57b2e  prob=0.0330 (raw=0.0563)  vol=$26,147  trades=16  first_trade=2025-12-04 07:28  winrate=0.658  n_markets_traded=131.000  herfindahl_index_markets=0.025
10:51:34 [super]   #680   0xb7a813a4b8d0312d1b896c55c338bdd51675285e  prob=0.0330 (raw=0.0558)  vol=$12,403  trades=26  first_trade=2025-12-04 03:49  winrate=0.611  n_markets_traded=72.000  herfindahl_index_markets=0.029
10:51:34 [super]   #685   0xca46bb5c6255fc1aea9d5c0b2771ebd531c5c596  prob=0.0329 (raw=0.0552)  vol=$1,243  trades=9  first_trade=2025-12-04 03:31  winrate=0.455  n_markets_traded=11.000  herfindahl_index_markets=0.185
10:51:34 [super]   #686   0xee0153c0a89f103ab465276735fa1e58b5842e8e  prob=0.0328 (raw=0.0549)  vol=$3,123  trades=4  first_trade=2025-12-04 08:58  winrate=0.000  n_markets_traded=2.000  herfindahl_index_markets=0.556
10:51:34 [super]   #695   0xe922e3614c56b3c0aebb8c1039d217da18ab4685  prob=0.0326 (raw=0.0534)  vol=$1,333  trades=6  first_trade=2025-12-04 03:35  winrate=0.550  n_markets_traded=131.000  herfindahl_index_markets=0.014
10:51:34 [super]   #696   0xf42f4a4211d058cd109d503cf13f7bcdfc82a6a7  prob=0.0326 (raw=0.0532)  vol=$1,768  trades=17  first_trade=2025-12-01 21:28  winrate=NaN  n_markets_traded=0.000  herfindahl_index_markets=0.000
10:51:34 [super]   #706   0x5b4c7be725be104cba6370ff27af942f95ab80ed  prob=0.0324 (raw=0.0519)  vol=$10,000  trades=4  first_trade=2025-12-04 03:54  winrate=0.466  n_markets_traded=73.000  herfindahl_index_markets=0.032
10:51:34 [super]   #707   0xefde9ff487fae209ab6e3157a8acb4276f9c783d  prob=0.0324 (raw=0.0519)  vol=$8,879  trades=50  first_trade=2025-12-01 10:25  winrate=NaN  n_markets_traded=0.000  herfindahl_index_markets=0.000
10:51:34 [super]   #709   0x69ea0d77ef34f1acb03aaed901df7620fc4215cd  prob=0.0324 (raw=0.0518)  vol=$63,470  trades=104  first_trade=2025-12-02 18:30  winrate=NaN  n_markets_traded=0.000  herfindahl_index_markets=0.000
10:51:34 [super]   #710   0x7744bfd749a70020d16a1fcbac1d064761c9999e  prob=0.0324 (raw=0.0517)  vol=$670,869  trades=110  first_trade=2025-12-04 03:27  winrate=NaN  n_markets_traded=0.000  herfindahl_index_markets=0.000
10:51:34 [super]   #712   0x28b255ed9747765be4f44ce484532d4b6bdfa74f  prob=0.0324 (raw=0.0516)  vol=$123,651  trades=91  first_trade=2025-12-04 05:14  winrate=0.965  n_markets_traded=691.000  herfindahl_index_markets=0.009
10:51:34 [super]   #713   0x7399eae307df6c227694e83f60629415eca146d6  prob=0.0324 (raw=0.0516)  vol=$1,520  trades=39  first_trade=2025-12-01 10:25  winrate=NaN  n_markets_traded=0.000  herfindahl_index_markets=0.000
10:51:34 [super]   #720   0x37ac36f084d24c2779034c2d4a777cfbdd219751  prob=0.0324 (raw=0.0514)  vol=$1,020  trades=7  first_trade=2025-12-01 23:15  winrate=0.095  n_markets_traded=21.000  herfindahl_index_markets=0.074
10:51:34 [super]   #726   0x4f3c4ab85351c88acc8dbcffcc816cdda592f736  prob=0.0323 (raw=0.0509)  vol=$2,460  trades=2  first_trade=2025-12-04 18:47  winrate=0.298  n_markets_traded=57.000  herfindahl_index_markets=0.054
10:51:34 [super]   #729   0x4825c873a8c890bdaff00d253a23e8e09eb95ec5  prob=0.0323 (raw=0.0509)  vol=$23,637  trades=8  first_trade=2025-12-04 08:01  winrate=0.500  n_markets_traded=13.000  herfindahl_index_markets=0.255
10:51:34 [super]   #733   0x3000605b5cb780be2791c856d9eaf0cffd039d73  prob=0.0322 (raw=0.0504)  vol=$7,194  trades=15  first_trade=2025-12-04 05:40  winrate=0.508  n_markets_traded=119.000  herfindahl_index_markets=0.189
10:51:34 [super]   #735   0xc4fc25edb11fae85dbe4d489870bec3e78c62e39  prob=0.0322 (raw=0.0502)  vol=$1,010  trades=4  first_trade=2025-12-07 19:10  winrate=0.135  n_markets_traded=222.000  herfindahl_index_markets=0.046
10:51:34 [super]   #739   0x9d4dbdead56a197594a7eb296689ea99bd130494  prob=0.0322 (raw=0.0500)  vol=$2,849  trades=2  first_trade=2025-12-04 07:55  winrate=0.250  n_markets_traded=12.000  herfindahl_index_markets=0.138
10:51:34 [super]   #741   0xcff8acb10e7b75a52b98a4e153de1dbb5c72b64a  prob=0.0321 (raw=0.0498)  vol=$2,327  trades=4  first_trade=2025-12-04 07:53  winrate=0.077  n_markets_traded=13.000  herfindahl_index_markets=0.127
10:51:34 [super]   #744   0xaee13402c75563321a6a5ea1c21553857f4177fc  prob=0.0321 (raw=0.0497)  vol=$3,345  trades=16  first_trade=2025-12-03 21:50  winrate=0.342  n_markets_traded=266.000  herfindahl_index_markets=0.032
10:51:34 [super]   #748   0xf9815aa0b54cee549988bf002c55a14d00b337a8  prob=0.0320 (raw=0.0491)  vol=$1,333  trades=2  first_trade=2025-12-04 16:33  winrate=0.000  n_markets_traded=8.000  herfindahl_index_markets=0.316
10:51:34 [super]   #749   0xf54bd47b5a948c78c2fc7b2b52c5a8a59013a190  prob=0.0320 (raw=0.0491)  vol=$1,677  trades=5  first_trade=2025-12-04 12:13  winrate=0.000  n_markets_traded=4.000  herfindahl_index_markets=0.340
10:51:34 [super]   #752   0x83d337c50ec414c45c3d030023dc59fd69d4a973  prob=0.0320 (raw=0.0487)  vol=$1,583  trades=11  first_trade=2025-12-03 21:26  winrate=0.469  n_markets_traded=98.000  herfindahl_index_markets=0.033
10:51:34 [super]   #756   0x5858196bbcb5059a7f67904deb06755dc2adfbbf  prob=0.0319 (raw=0.0479)  vol=$90,482  trades=35  first_trade=2025-12-04 03:53  winrate=0.636  n_markets_traded=30.000  herfindahl_index_markets=0.211
10:51:34 [super]   #758   0x5113b2664ff778bed9e64c15e20d4caae11fe446  prob=0.0318 (raw=0.0470)  vol=$66,818  trades=13  first_trade=2025-12-04 07:46  winrate=0.558  n_markets_traded=171.000  herfindahl_index_markets=0.031
10:51:34 [super]   #764   0x54b7db855206df0c7cc2820484bba4ec25fceb22  prob=0.0316 (raw=0.0460)  vol=$16,513  trades=156  first_trade=2025-12-02 08:21  winrate=0.656  n_markets_traded=32.000  herfindahl_index_markets=0.052
10:51:34 [super]   #767   0xbe231eaf5bd1738b5a59ebef369529ce2a73910a  prob=0.0315 (raw=0.0451)  vol=$1,014  trades=8  first_trade=2025-12-04 06:00  winrate=0.467  n_markets_traded=15.000  herfindahl_index_markets=0.132
10:51:34 [super]   #771   0x26393f918ba72491733c8077cb28406ea34379ca  prob=0.0315 (raw=0.0448)  vol=$8,043  trades=5  first_trade=2025-12-04 07:43  winrate=0.000  n_markets_traded=2.000  herfindahl_index_markets=0.503
10:51:34 [super]   #772   0x7d3320778860940e24bdb9fd1a93fd3365bec15f  prob=0.0315 (raw=0.0447)  vol=$1,600  trades=2  first_trade=2025-12-04 05:08  winrate=0.631  n_markets_traded=206.000  herfindahl_index_markets=0.028
10:51:34 [super]   #775   0xb22d27e133d7b1188f2cf2abfb8d26c71c883a13  prob=0.0315 (raw=0.0446)  vol=$2,422  trades=10  first_trade=2025-12-02 16:12  winrate=0.533  n_markets_traded=14.000  herfindahl_index_markets=0.250
10:51:34 [super]   #776   0x50bb959916732df512b8a70664e308edd4899aa6  prob=0.0314 (raw=0.0445)  vol=$2,659  trades=7  first_trade=2025-12-04 03:35  winrate=0.458  n_markets_traded=406.000  herfindahl_index_markets=0.004
10:51:34 [super]   #777   0xde37959a8f94536e818c61a069bd991e126cb9bf  prob=0.0314 (raw=0.0445)  vol=$25,000  trades=4  first_trade=2025-12-04 08:29  winrate=0.250  n_markets_traded=20.000  herfindahl_index_markets=0.167
10:51:34 [super]   #779   0xe598435df0cdf5d22bdd5082d557f75f9180a0a8  prob=0.0314 (raw=0.0440)  vol=$5,614  trades=16  first_trade=2025-12-04 05:57  winrate=NaN  n_markets_traded=0.000  herfindahl_index_markets=0.000
10:51:34 [super]   #780   0x0b9168da5620dfab028b53c753a3be88d585ae77  prob=0.0314 (raw=0.0440)  vol=$4,448  trades=12  first_trade=2025-12-04 02:32  winrate=NaN  n_markets_traded=0.000  herfindahl_index_markets=0.000
10:51:34 [super]   #784   0x9dfe3b0c6314ec5f36205df22a41f6a0a82874c8  prob=0.0313 (raw=0.0434)  vol=$3,133  trades=10  first_trade=2025-12-01 23:54  winrate=0.431  n_markets_traded=58.000  herfindahl_index_markets=0.078
10:51:34 [super]   #787   0xfaab37ef60570779bf3ac6dbf017a286b14ce6f2  prob=0.0313 (raw=0.0431)  vol=$53,677  trades=15  first_trade=2025-12-04 07:45  winrate=0.446  n_markets_traded=72.000  herfindahl_index_markets=0.054
10:51:34 [super]   #790   0x275761b22149e8627603487848edb6537c4fbe80  prob=0.0312 (raw=0.0426)  vol=$2,500  trades=2  first_trade=2025-12-05 17:55  winrate=0.556  n_markets_traded=9.000  herfindahl_index_markets=0.331
10:51:34 [super]   #793   0xa38e3ee734ca54ee2c926c6dfccd0392c28b5062  prob=0.0312 (raw=0.0424)  vol=$1,995  trades=2  first_trade=2025-12-04 12:13  winrate=NaN  n_markets_traded=0.000  herfindahl_index_markets=0.000
10:51:34 [super]   #794   0xeff2990f09e847bcedd0f88cfd8cc7ac0222ac29  prob=0.0311 (raw=0.0423)  vol=$3,012  trades=14  first_trade=2025-12-04 19:53  winrate=0.250  n_markets_traded=12.000  herfindahl_index_markets=0.171
10:51:34 [super]   #795   0xb20d26cc96515f773073dd270aab7e12bcb4db55  prob=0.0311 (raw=0.0421)  vol=$33,597  trades=9  first_trade=2025-12-04 05:14  winrate=0.667  n_markets_traded=8.000  herfindahl_index_markets=0.333
10:51:34 [super]   #797   0xfcfbf76b6f8a3787152e05f2bb70cd36f4ab1f69  prob=0.0311 (raw=0.0417)  vol=$10,757  trades=8  first_trade=2025-12-04 06:48  winrate=0.413  n_markets_traded=63.000  herfindahl_index_markets=0.057
10:51:34 [super]   #798   0x84f831a945c64c5fe0a5fc9e543ff08f1026d348  prob=0.0310 (raw=0.0415)  vol=$39,918  trades=7  first_trade=2025-12-04 08:08  winrate=0.684  n_markets_traded=114.000  herfindahl_index_markets=0.068
10:51:34 [super]   #799   0x2d9ad4d1cc6a2f9f786fdb3fd1525328ad747991  prob=0.0310 (raw=0.0415)  vol=$2,391  trades=8  first_trade=2025-12-03 01:08  winrate=0.628  n_markets_traded=316.000  herfindahl_index_markets=0.022
10:51:34 [super]   #800   0x9b8a536de834b1a5de6655645bc0a0b718200724  prob=0.0310 (raw=0.0414)  vol=$2,500  trades=2  first_trade=2025-12-04 15:22  winrate=0.526  n_markets_traded=57.000  herfindahl_index_markets=0.035
10:51:34 [super]   #804   0x6a5590195e201a81e3b7e9f70c7857295b959068  prob=0.0310 (raw=0.0412)  vol=$12,000  trades=7  first_trade=2025-12-07 14:42  winrate=0.000  n_markets_traded=7.000  herfindahl_index_markets=0.194
10:51:34 [super]   #805   0xa2041e3592be38a9c35bb694781b3643c8113f9d  prob=0.0310 (raw=0.0410)  vol=$4,000  trades=6  first_trade=2025-12-04 07:49  winrate=0.000  n_markets_traded=9.000  herfindahl_index_markets=0.195
10:51:34 [super]   #806   0x16a13d1215ffa55f08666c29dc03ca86b91e863a  prob=0.0310 (raw=0.0409)  vol=$1,423  trades=14  first_trade=2025-12-04 00:34  winrate=0.000  n_markets_traded=2.000  herfindahl_index_markets=0.935
10:51:34 [super]   #808   0x7f0fc16d69ee986d9e67c464b126ba66f6816724  prob=0.0310 (raw=0.0408)  vol=$4,536  trades=8  first_trade=2025-12-04 07:19  winrate=0.500  n_markets_traded=4.000  herfindahl_index_markets=0.304
10:51:34 [super]   #810   0x4613fb4e44e63b0181508e40d7769b0117c58c44  prob=0.0309 (raw=0.0403)  vol=$3,549  trades=9  first_trade=2025-12-04 23:42  winrate=0.875  n_markets_traded=8.000  herfindahl_index_markets=0.220
10:51:34 [super]   #811   0xff1768108a73e93f661ac38f0d43ec1bbac35745  prob=0.0308 (raw=0.0399)  vol=$5,455  trades=44  first_trade=2025-12-03 18:12  winrate=0.569  n_markets_traded=54.000  herfindahl_index_markets=0.110
10:51:34 [super]   #812   0xedf305d61499143b0a63a68662301d292175eac3  prob=0.0308 (raw=0.0398)  vol=$4,951  trades=7  first_trade=2025-12-04 06:34  winrate=0.574  n_markets_traded=68.000  herfindahl_index_markets=0.051
10:51:34 [super]   #815   0x1ef78c6dfb563678d0fae9530940bfb2971dd00e  prob=0.0308 (raw=0.0396)  vol=$1,036  trades=8  first_trade=2025-12-04 07:50  winrate=0.438  n_markets_traded=144.000  herfindahl_index_markets=0.115
10:51:34 [super]   #820   0xc4d1a863e9cc45d02ba22d3a1ae9ba7822018ce8  prob=0.0308 (raw=0.0395)  vol=$283,495  trades=41  first_trade=2025-12-04 05:44  winrate=NaN  n_markets_traded=0.000  herfindahl_index_markets=0.000
10:51:34 [super]   #824   0xc7c28ffe1895f9c44d66d76ef23f0c1b39e82f69  prob=0.0308 (raw=0.0393)  vol=$40,732  trades=6  first_trade=2025-12-04 14:28  winrate=0.000  n_markets_traded=2.000  herfindahl_index_markets=0.750
10:51:34 [super]   #828   0x5ecde7348ea5100af4360dd7a6e0a3fb1d420787  prob=0.0307 (raw=0.0389)  vol=$184,597  trades=78  first_trade=2025-11-30 03:51  winrate=NaN  n_markets_traded=0.000  herfindahl_index_markets=0.000
10:51:34 [super]   #829   0x91c702f141502ecf64a18dd8b4fb07037b6a28cc  prob=0.0307 (raw=0.0388)  vol=$25,814  trades=7  first_trade=2025-12-04 03:51  winrate=0.916  n_markets_traded=252.000  herfindahl_index_markets=0.020
10:51:34 [super]   #832   0x14ac98627779a0a74c6cdf3ccb2e31e1b1c4dd9f  prob=0.0307 (raw=0.0385)  vol=$10,078  trades=11  first_trade=2025-12-04 06:42  winrate=0.516  n_markets_traded=128.000  herfindahl_index_markets=0.023
10:51:34 [super]   #834   0x5607e051300abf498a988eab909dde03c899fd15  prob=0.0306 (raw=0.0384)  vol=$16,052  trades=5  first_trade=2025-12-04 12:29  winrate=0.667  n_markets_traded=102.000  herfindahl_index_markets=0.028
10:51:34 [super]   #835   0x8979f8b442b8e79bbb886b28d60abe611ed5f003  prob=0.0306 (raw=0.0382)  vol=$9,723  trades=22  first_trade=2025-12-01 21:38  winrate=0.414  n_markets_traded=133.000  herfindahl_index_markets=0.058
10:51:34 [super]   #836   0x1e55408f217f58facdf1d663c74cfa7f55e9e3e2  prob=0.0306 (raw=0.0382)  vol=$2,561  trades=5  first_trade=2025-12-04 06:39  winrate=NaN  n_markets_traded=0.000  herfindahl_index_markets=0.000
10:51:34 [super]   #837   0xf310f928d137c1887d4db5b74b9a5be71d6a9f74  prob=0.0306 (raw=0.0382)  vol=$76,258  trades=3  first_trade=2025-12-04 13:19  winrate=0.500  n_markets_traded=2.000  herfindahl_index_markets=0.503
10:51:34 [super]   #838   0x2ed22d06f2d192baaea3881736959e89eef7c572  prob=0.0306 (raw=0.0381)  vol=$1,653  trades=12  first_trade=2025-12-04 03:25  winrate=0.200  n_markets_traded=5.000  herfindahl_index_markets=0.579
10:51:34 [super]   #843   0xe6266639b0f2fe7019b5a04f02f60d8a13276771  prob=0.0305 (raw=0.0377)  vol=$25,948  trades=6  first_trade=2025-12-04 03:53  winrate=NaN  n_markets_traded=0.000  herfindahl_index_markets=0.000
10:51:34 [super]   #844   0xaa39a64f274a9185c5641042ff32a21e303cfd1a  prob=0.0305 (raw=0.0376)  vol=$1,920  trades=2  first_trade=2025-12-05 12:31  winrate=NaN  n_markets_traded=0.000  herfindahl_index_markets=0.000
10:51:34 [super]   #845   0x768195cffc7d603847eee695102523f20fe2ac03  prob=0.0305 (raw=0.0376)  vol=$5,000  trades=3  first_trade=2025-12-05 06:32  winrate=NaN  n_markets_traded=0.000  herfindahl_index_markets=0.000
10:51:34 [super]   #848   0x18cda925145a03cd1650ad1036f6b152ece1d8d2  prob=0.0305 (raw=0.0374)  vol=$10,000  trades=2  first_trade=2025-12-05 01:21  winrate=NaN  n_markets_traded=0.000  herfindahl_index_markets=0.000
10:51:34 [super]   #849   0x8bc85293b9f595cf39a8dc4ab5b266f1e43ea8ed  prob=0.0305 (raw=0.0372)  vol=$6,228  trades=9  first_trade=2025-12-03 10:47  winrate=0.692  n_markets_traded=26.000  herfindahl_index_markets=0.140
10:51:34 [super]   #851   0x72b193ca5e0ba37efa2127ce3768d48306fcbe60  prob=0.0305 (raw=0.0371)  vol=$3,000  trades=7  first_trade=2025-12-07 02:02  winrate=0.381  n_markets_traded=63.000  herfindahl_index_markets=0.017
10:51:34 [super]   #852   0x7840001597060d5fbeb81aabe9bb6010bdedccc3  prob=0.0305 (raw=0.0371)  vol=$2,000  trades=2  first_trade=2025-12-06 12:08  winrate=0.418  n_markets_traded=55.000  herfindahl_index_markets=0.024
10:51:34 [super]   #853   0xb182730b94cb7c5fdae545ee4eb15c65c9c8c5f2  prob=0.0305 (raw=0.0370)  vol=$30,840  trades=5  first_trade=2025-12-04 18:52  winrate=0.458  n_markets_traded=48.000  herfindahl_index_markets=0.065
10:51:34 [super]   #860   0xfd5294de1d526489fede36ee0e43ae4779050c2f  prob=0.0303 (raw=0.0361)  vol=$1,316  trades=7  first_trade=2025-12-04 03:34  winrate=NaN  n_markets_traded=0.000  herfindahl_index_markets=0.000
10:51:34 [super]   #862   0x18e02f97cf02a5c3fcb2023d987d975cca2ed024  prob=0.0303 (raw=0.0358)  vol=$2,155  trades=34  first_trade=2025-12-04 03:19  winrate=0.273  n_markets_traded=33.000  herfindahl_index_markets=0.442
10:51:34 [super]   #865   0x9532b0b10c6d916fb6d50c3f59462d4720cc9350  prob=0.0303 (raw=0.0356)  vol=$1,993  trades=4  first_trade=2025-12-04 08:01  winrate=0.111  n_markets_traded=9.000  herfindahl_index_markets=0.360
10:51:34 [super]   #866   0xd0d37f1a893871186dd1e1e41585e3056da5dfcd  prob=0.0303 (raw=0.0355)  vol=$1,192  trades=19  first_trade=2025-12-04 06:37  winrate=0.442  n_markets_traded=43.000  herfindahl_index_markets=0.050
10:51:34 [super]   #868   0x47ae6d13566c3418c4795c98ced1f197575eee94  prob=0.0302 (raw=0.0353)  vol=$2,675  trades=4  first_trade=2025-12-04 09:39  winrate=NaN  n_markets_traded=0.000  herfindahl_index_markets=0.000
10:51:34 [super]   #878   0xc6ed53b711ee2a3af989036cebe0af4f005c6609  prob=0.0302 (raw=0.0345)  vol=$32,917  trades=11  first_trade=2025-12-04 06:14  winrate=0.091  n_markets_traded=33.000  herfindahl_index_markets=0.449
10:51:34 [super]   #879   0xa0993148b8d481bfafbbc784ba19a4fe25ccd81f  prob=0.0302 (raw=0.0345)  vol=$5,208  trades=8  first_trade=2025-12-04 00:22  winrate=0.283  n_markets_traded=191.000  herfindahl_index_markets=0.066
10:51:34 [super]   #889   0xf434e8aee8c7f83ed0d7e36f281383ee1d99c6aa  prob=0.0301 (raw=0.0337)  vol=$4,860  trades=50  first_trade=2025-12-04 06:12  winrate=NaN  n_markets_traded=0.000  herfindahl_index_markets=0.000
10:51:34 [super]   #893   0x8138223a986ab263fe388bcfe2bacfc17991f52c  prob=0.0300 (raw=0.0335)  vol=$1,005  trades=3  first_trade=2025-12-04 05:28  winrate=0.512  n_markets_traded=127.000  herfindahl_index_markets=0.010
10:51:34 [super]   #894   0x464919a361929b52121569758c3af8be55843c1b  prob=0.0300 (raw=0.0334)  vol=$26,968  trades=5  first_trade=2025-12-04 03:53  winrate=0.364  n_markets_traded=11.000  herfindahl_index_markets=0.132
10:51:34 [super]   #905   0xcb122e3dfea0af9fbbae991621a2a1e738d46a49  prob=0.0300 (raw=0.0331)  vol=$6,000  trades=2  first_trade=2025-12-04 14:24  winrate=0.434  n_markets_traded=122.000  herfindahl_index_markets=0.022
10:51:34 [super]   #910   0x80ab6ab7646efb38367ea5a180f29042fab16c7a  prob=0.0300 (raw=0.0331)  vol=$129,442  trades=221  first_trade=2025-12-03 16:04  winrate=NaN  n_markets_traded=0.000  herfindahl_index_markets=0.000
10:51:34 [super]   #912   0x6e8f80ca0cddb8d3f207dc5147ac0e6062ae162c  prob=0.0299 (raw=0.0329)  vol=$20,779  trades=20  first_trade=2025-12-04 04:56  winrate=NaN  n_markets_traded=0.000  herfindahl_index_markets=0.000
10:51:34 [super]   #915   0xe542afd3881c4c330ba0ebbb603bb470b2ba0a37  prob=0.0299 (raw=0.0326)  vol=$1,126  trades=9  first_trade=2025-12-03 23:56  winrate=NaN  n_markets_traded=0.000  herfindahl_index_markets=0.000
10:51:34 [super]   #916   0xeae78417e0976984ebdfc6b42247665379fba48c  prob=0.0299 (raw=0.0325)  vol=$1,500  trades=2  first_trade=2025-12-04 14:49  winrate=0.000  n_markets_traded=4.000  herfindahl_index_markets=0.352
10:51:34 [super]   #918   0x9369a9bdfc13acb929d89fb1da433e4e9979471b  prob=0.0299 (raw=0.0321)  vol=$50,000  trades=2  first_trade=2025-12-04 14:34  winrate=0.000  n_markets_traded=2.000  herfindahl_index_markets=0.500
10:51:34 [super]   #919   0x05208f3124596026203c69d741dd07d894ef9708  prob=0.0298 (raw=0.0320)  vol=$4,985  trades=3  first_trade=2025-12-04 03:54  winrate=NaN  n_markets_traded=0.000  herfindahl_index_markets=0.000
10:51:34 [super]   #921   0x3a1fdfcacb609b5b43ee90119b5f634ea8878eca  prob=0.0298 (raw=0.0319)  vol=$15,061  trades=4  first_trade=2025-12-04 12:46  winrate=0.091  n_markets_traded=11.000  herfindahl_index_markets=0.462
10:51:34 [super]   #923   0x40fd3f0ccba437f6b9d4b50fd85bc179943c9f9f  prob=0.0298 (raw=0.0318)  vol=$1,049  trades=4  first_trade=2025-12-05 13:33  winrate=NaN  n_markets_traded=0.000  herfindahl_index_markets=0.000
10:51:34 [super]   #930   0xb72b95c3efd3cfec3858e4baa7e1b978ab30f4e0  prob=0.0298 (raw=0.0314)  vol=$4,448  trades=6  first_trade=2025-12-04 04:57  winrate=0.415  n_markets_traded=619.000  herfindahl_index_markets=0.021
10:51:34 [super]   #932   0x4a1e3e68c188d68f5bd7ac9692d836af0c8086d3  prob=0.0297 (raw=0.0312)  vol=$12,915  trades=28  first_trade=2025-12-04 05:41  winrate=0.499  n_markets_traded=779.000  herfindahl_index_markets=0.007
10:51:34 [super]   #934   0x16788be2feae42e2ae647da7bd8ee5a0577522b8  prob=0.0297 (raw=0.0308)  vol=$16,750  trades=4  first_trade=2025-12-06 14:06  winrate=0.444  n_markets_traded=9.000  herfindahl_index_markets=0.304
10:51:34 [super]   #938   0x0619dafd91786867631d0546917aa35c244ed801  prob=0.0296 (raw=0.0305)  vol=$2,606  trades=8  first_trade=2025-12-04 00:45  winrate=NaN  n_markets_traded=0.000  herfindahl_index_markets=0.000
10:51:34 [super]   #939   0x2328c8615d22d2d46ffa60e9ba0570d4ac59e304  prob=0.0296 (raw=0.0304)  vol=$5,000  trades=5  first_trade=2025-12-04 08:28  winrate=NaN  n_markets_traded=0.000  herfindahl_index_markets=0.000
10:51:34 [super]   #950   0x0a6d26d31b28fd5a84c301f8b27296612f3b1d0a  prob=0.0295 (raw=0.0296)  vol=$1,387  trades=49  first_trade=2025-11-30 11:10  winrate=NaN  n_markets_traded=0.000  herfindahl_index_markets=0.000
10:51:34 [super]   #951   0x9dab4638ac1d4f5666134d4cec8074c0c82f1bdf  prob=0.0295 (raw=0.0296)  vol=$13,229  trades=16  first_trade=2025-12-04 06:56  winrate=NaN  n_markets_traded=0.000  herfindahl_index_markets=0.000
10:51:34 [super]   #952   0x7d55db7ab659d63a88380ecfd15c4f852eb56014  prob=0.0295 (raw=0.0295)  vol=$1,667  trades=7  first_trade=2025-12-04 14:29  winrate=0.312  n_markets_traded=16.000  herfindahl_index_markets=0.114
10:51:34 [super]   #954   0x5a79e83ccb6b3c58b4730eeabb9115101f0f6296  prob=0.0295 (raw=0.0295)  vol=$8,019  trades=4  first_trade=2025-12-04 07:59  winrate=0.681  n_markets_traded=70.000  herfindahl_index_markets=0.095
10:51:34 [super]   #960   0x23f61f1942030c570b5272ccf94d0dbe46e556b7  prob=0.0295 (raw=0.0291)  vol=$2,000  trades=2  first_trade=2025-12-05 15:52  winrate=0.154  n_markets_traded=13.000  herfindahl_index_markets=0.136
10:51:34 [super]   #963   0x7e30c3a56d89edac738d788dd218a9e64fb91e50  prob=0.0295 (raw=0.0289)  vol=$272,380  trades=15  first_trade=2025-12-04 03:51  winrate=NaN  n_markets_traded=0.000  herfindahl_index_markets=0.000
10:51:34 [super]   #965   0xb6527026f8836831d6b60fa9d307f72e098f6eb7  prob=0.0294 (raw=0.0289)  vol=$1,024  trades=8  first_trade=2025-12-06 01:25  winrate=0.000  n_markets_traded=1.000  herfindahl_index_markets=1.000
10:51:34 [super]   #969   0xa553287f99189797e991cd2b2eac08130ae13eae  prob=0.0294 (raw=0.0287)  vol=$3,483  trades=4  first_trade=2025-12-04 06:21  winrate=0.245  n_markets_traded=102.000  herfindahl_index_markets=0.031
10:51:34 [super]   #970   0x4d7b8dee7249a16d14b48bb4ea27361bc7911605  prob=0.0294 (raw=0.0287)  vol=$2,267  trades=4  first_trade=2025-12-05 04:44  winrate=0.312  n_markets_traded=16.000  herfindahl_index_markets=0.103
10:51:34 [super]   #972   0x6ae8017e0ae8dccc22312ed6e378c875047e0e50  prob=0.0294 (raw=0.0287)  vol=$6,667  trades=2  first_trade=2025-12-04 10:07  winrate=0.282  n_markets_traded=142.000  herfindahl_index_markets=0.027
10:51:34 [super]   #976   0x79a5b3c577c544da9551eb70754b2d4de3db6a63  prob=0.0294 (raw=0.0287)  vol=$1,345  trades=3  first_trade=2025-12-04 05:59  winrate=0.444  n_markets_traded=125.000  herfindahl_index_markets=0.034
10:51:34 [super]   #979   0x6a0fda946715c9d9337d2bb1dc12ae254f61601a  prob=0.0294 (raw=0.0285)  vol=$2,000  trades=2  first_trade=2025-12-04 15:47  winrate=0.030  n_markets_traded=33.000  herfindahl_index_markets=0.086
10:51:34 [super]   #980   0x6581c59751aa4a338e2fb2c8a59e9a2f8a498455  prob=0.0294 (raw=0.0285)  vol=$15,000  trades=4  first_trade=2025-12-06 10:06  winrate=0.000  n_markets_traded=35.000  herfindahl_index_markets=0.033
10:51:34 [super]   #982   0x86fdf8a4f477d68455c79eabe5b9ea7b05dd8002  prob=0.0294 (raw=0.0284)  vol=$5,020  trades=11  first_trade=2025-12-04 17:46  winrate=0.167  n_markets_traded=42.000  herfindahl_index_markets=0.113
10:51:34 [super]   #983   0x67f9ac55ba4f65542be8613b76d1f136a369d241  prob=0.0294 (raw=0.0284)  vol=$57,322  trades=65  first_trade=2025-12-04 07:32  winrate=0.000  n_markets_traded=6.000  herfindahl_index_markets=0.471
10:51:34 [super]   #984   0x582d1d4fcf6db1034095de81af146ddb510494b7  prob=0.0294 (raw=0.0284)  vol=$8,333  trades=4  first_trade=2025-12-04 06:36  winrate=0.516  n_markets_traded=31.000  herfindahl_index_markets=0.216
10:51:34 [super]   #993   0x439252e3d8e1a7bd1495f77dcf53af5d08ef68c3  prob=0.0293 (raw=0.0280)  vol=$3,066  trades=7  first_trade=2025-12-04 02:51  winrate=0.725  n_markets_traded=218.000  herfindahl_index_markets=0.022
10:51:34 [super]   #994   0xcf73add1c409656c18b3d44b2e2aed28d6cbc54f  prob=0.0293 (raw=0.0280)  vol=$68,614  trades=207  first_trade=2025-11-30 00:06  winrate=0.059  n_markets_traded=17.000  herfindahl_index_markets=0.170
10:51:34 [super]   #996   0x7fe68cbaca0b778dab7c1adbb9992bb1f4f6b39e  prob=0.0293 (raw=0.0278)  vol=$210,001  trades=52  first_trade=2025-12-04 07:46  winrate=0.500  n_markets_traded=17.000  herfindahl_index_markets=0.133
10:51:34 [super]   #998   0xeb58e26e51169b71d00f3beface74ffe1ddd6fa5  prob=0.0293 (raw=0.0278)  vol=$2,607  trades=2  first_trade=2025-12-06 01:40  winrate=0.696  n_markets_traded=92.000  herfindahl_index_markets=0.032
10:51:34 [super]   #1002  0x2d99e29c4f066ba32098c65e4c7454b277d94ca3  prob=0.0293 (raw=0.0276)  vol=$144,342  trades=49  first_trade=2025-12-04 06:47  winrate=NaN  n_markets_traded=0.000  herfindahl_index_markets=0.000
10:51:34 [super]   #1003  0xd1c769317bd15de7768a70d0214cf0bbcc531d2b  prob=0.0293 (raw=0.0275)  vol=$33,925  trades=15  first_trade=2025-12-07 19:41  winrate=NaN  n_markets_traded=0.000  herfindahl_index_markets=0.000
10:51:34 [super]   #1004  0x551e72eda42a5ab39d6d78239a1d9bbb5db6b0e0  prob=0.0293 (raw=0.0275)  vol=$153,997  trades=55  first_trade=2025-12-04 03:35  winrate=0.804  n_markets_traded=91.000  herfindahl_index_markets=0.074
10:51:34 [super]   #1007  0xa90d480163efb1f095d6dce479590a0f5e22441a  prob=0.0293 (raw=0.0274)  vol=$10,000  trades=2  first_trade=2025-12-06 13:15  winrate=0.048  n_markets_traded=21.000  herfindahl_index_markets=0.243
10:51:34 [super]   #1015  0x05098cd8259793c606134d7e33ae988709d7afe1  prob=0.0292 (raw=0.0270)  vol=$1,305  trades=4  first_trade=2025-12-05 09:32  winrate=0.143  n_markets_traded=21.000  herfindahl_index_markets=0.106
10:51:34 [super]   #1017  0xf5b4adda2310d05d7d7e9e685943b88dad289c70  prob=0.0292 (raw=0.0270)  vol=$13,356  trades=10  first_trade=2025-12-04 06:58  winrate=0.474  n_markets_traded=19.000  herfindahl_index_markets=0.199
10:51:34 [super]   #1018  0x01ed5c64d1d8905afd7917d75a5652665f5cca5f  prob=0.0292 (raw=0.0269)  vol=$6,790  trades=32  first_trade=2025-12-04 03:34  winrate=NaN  n_markets_traded=0.000  herfindahl_index_markets=0.000
10:51:34 [super]   #1032  0x46d34c6052bbb4443b1749e45879f39d48b814bb  prob=0.0292 (raw=0.0265)  vol=$1,591  trades=6  first_trade=2025-12-04 05:30  winrate=0.310  n_markets_traded=29.000  herfindahl_index_markets=0.095
10:51:34 [super]   #1035  0x5448227a1c2a106ba44fa037f836962280ef18e9  prob=0.0291 (raw=0.0263)  vol=$1,906  trades=4  first_trade=2025-12-04 22:25  winrate=0.043  n_markets_traded=23.000  herfindahl_index_markets=0.789
10:51:34 [super]   #1041  0x5185a06eeeb0184c60c89180fdc9604d488d79e6  prob=0.0291 (raw=0.0258)  vol=$1,767  trades=29  first_trade=2025-12-04 05:22  winrate=0.356  n_markets_traded=720.000  herfindahl_index_markets=0.019
10:51:34 [super]   #1043  0xad1c4da65363b43cdee3b43f3b1a5e1142d99d90  prob=0.0291 (raw=0.0257)  vol=$29,333  trades=6  first_trade=2025-12-04 03:53  winrate=0.571  n_markets_traded=14.000  herfindahl_index_markets=0.168
10:51:34 [super]   #1049  0x357ecb1969b0a288d37e6a28223e620ef2082a0c  prob=0.0290 (raw=0.0254)  vol=$134,997  trades=35  first_trade=2025-12-04 03:24  winrate=NaN  n_markets_traded=0.000  herfindahl_index_markets=0.000
10:51:34 [super]   #1051  0x30cecdf29f069563ea21b8ae94492e41e53a6b2b  prob=0.0290 (raw=0.0254)  vol=$2,787  trades=297  first_trade=2025-11-26 20:02  winrate=NaN  n_markets_traded=0.000  herfindahl_index_markets=0.000
10:51:34 [super]   #1053  0xe7cfca5e480c9ca8c6dae212cd822144f57d47bf  prob=0.0290 (raw=0.0254)  vol=$2,000  trades=8  first_trade=2025-12-05 11:42  winrate=0.846  n_markets_traded=13.000  herfindahl_index_markets=0.225
10:51:34 [super]   #1054  0xb4bf2188b41a2f38daeb8dd6b49cf98398dceab4  prob=0.0290 (raw=0.0253)  vol=$4,213  trades=8  first_trade=2025-12-04 05:49  winrate=0.000  n_markets_traded=3.000  herfindahl_index_markets=0.457
10:51:34 [super]   #1055  0xc2a37f1eb84fcc156c8aece9105dc1a73a36c3a6  prob=0.0290 (raw=0.0252)  vol=$6,101  trades=14  first_trade=2025-12-02 02:27  winrate=0.510  n_markets_traded=128.000  herfindahl_index_markets=0.153
10:51:34 [super]   #1056  0xf164b5ed2724c4b1af8b5e08199ca679647cb99c  prob=0.0290 (raw=0.0251)  vol=$7,294  trades=13  first_trade=2025-12-04 07:56  winrate=0.318  n_markets_traded=43.000  herfindahl_index_markets=0.078
10:51:34 [super]   #1058  0xf8be921a7922a4d22280cc6fdf8eefeff6ddc8d1  prob=0.0290 (raw=0.0251)  vol=$9,191  trades=36  first_trade=2025-12-02 16:12  winrate=NaN  n_markets_traded=0.000  herfindahl_index_markets=0.000
10:51:34 [super]   #1064  0xee292e8cbca9cf11b394a98f0ee6904c00e389d8  prob=0.0290 (raw=0.0249)  vol=$1,352  trades=42  first_trade=2025-11-30 17:08  winrate=NaN  n_markets_traded=0.000  herfindahl_index_markets=0.000
10:51:34 [super]   #1065  0xad06035a5529de3e750239bc334f7ab1f28d2dfa  prob=0.0289 (raw=0.0248)  vol=$12,495  trades=37  first_trade=2025-12-02 21:04  winrate=NaN  n_markets_traded=0.000  herfindahl_index_markets=0.000
10:51:34 [super]   #1066  0xa09c9663ee39d05323eabcd22c0e6389e0e3f710  prob=0.0289 (raw=0.0248)  vol=$1,321  trades=4  first_trade=2025-12-04 03:36  winrate=0.804  n_markets_traded=497.000  herfindahl_index_markets=0.011
10:51:34 [super]   #1067  0xf02105d60083d7d74d7e0f9785d79e06137cdf56  prob=0.0289 (raw=0.0247)  vol=$1,177  trades=7  first_trade=2025-12-04 06:37  winrate=NaN  n_markets_traded=0.000  herfindahl_index_markets=0.000
10:51:34 [super]   #1068  0xe88bf2f3a827a110eada37c59419b109bc07f99f  prob=0.0289 (raw=0.0247)  vol=$9,030  trades=6  first_trade=2025-12-04 04:17  winrate=0.571  n_markets_traded=28.000  herfindahl_index_markets=0.143
10:51:34 [super]   #1071  0x438ed5bed99bc6b517e9b5a22ad3ee9e21d9e08e  prob=0.0289 (raw=0.0246)  vol=$78,643  trades=24  first_trade=2025-12-04 06:25  winrate=NaN  n_markets_traded=0.000  herfindahl_index_markets=0.000
10:51:34 [super]   #1072  0xb3c02303fa5d363159e5e1ea87ac517569ef4bf8  prob=0.0289 (raw=0.0245)  vol=$2,487  trades=5  first_trade=2025-12-05 00:15  winrate=0.274  n_markets_traded=62.000  herfindahl_index_markets=0.055
10:51:34 [super]   #1075  0x8f7bb1d97c28278e28943b8481f1a1651605154b  prob=0.0289 (raw=0.0244)  vol=$203,549  trades=109  first_trade=2025-12-03 16:28  winrate=0.509  n_markets_traded=111.000  herfindahl_index_markets=0.040
10:51:34 [super]   #1077  0x33ec3edc5082a54c1e2dba669953db36a768d084  prob=0.0289 (raw=0.0243)  vol=$1,593  trades=8  first_trade=2025-12-04 22:53  winrate=0.000  n_markets_traded=2.000  herfindahl_index_markets=0.592
10:51:34 [super]   #1080  0x64ad1f7bef50cbf11093553aafb94379af713050  prob=0.0289 (raw=0.0242)  vol=$1,188  trades=5  first_trade=2025-12-04 11:09  winrate=0.794  n_markets_traded=356.000  herfindahl_index_markets=0.011
10:51:34 [super]   #1082  0xde358407c61ea4ed169f19ca5a27f9e88e18e2ff  prob=0.0289 (raw=0.0241)  vol=$10,000  trades=2  first_trade=2025-12-04 18:33  winrate=0.160  n_markets_traded=25.000  herfindahl_index_markets=0.095
10:51:34 [super]   #1083  0x2783e38aa7b7d1ba8a7f3cef36bed993f3138321  prob=0.0289 (raw=0.0241)  vol=$4,984  trades=7  first_trade=2025-12-04 08:17  winrate=0.514  n_markets_traded=137.000  herfindahl_index_markets=0.113
10:51:34 [super]   #1084  0x72a03dbdd6a2b7258a0e542090e20c71c6be3ddf  prob=0.0289 (raw=0.0241)  vol=$2,000  trades=8  first_trade=2025-12-04 17:16  winrate=0.188  n_markets_traded=16.000  herfindahl_index_markets=0.155
10:51:34 [super]   #1085  0xf5bd0f1e561a14bb1b527e3b06d59989ae17169a  prob=0.0289 (raw=0.0240)  vol=$4,004  trades=10  first_trade=2025-12-05 15:27  winrate=0.299  n_markets_traded=194.000  herfindahl_index_markets=0.042
10:51:34 [super]   #1089  0x2ad3139e375f14b6ac43627b2fc00435e557c091  prob=0.0289 (raw=0.0240)  vol=$2,667  trades=6  first_trade=2025-12-05 15:01  winrate=0.250  n_markets_traded=12.000  herfindahl_index_markets=0.140
10:51:34 [super]   #1090  0x72e0877e54aafe7d9589e00a960918aadc0c3bc0  prob=0.0289 (raw=0.0240)  vol=$24,375  trades=2  first_trade=2025-12-04 14:32  winrate=0.303  n_markets_traded=76.000  herfindahl_index_markets=0.028
10:51:34 [super]   #1095  0x66a17f32b6f1d2562c1c47e9d6807b17843bdacb  prob=0.0289 (raw=0.0240)  vol=$18,014  trades=29  first_trade=2025-12-04 10:25  winrate=0.024  n_markets_traded=41.000  herfindahl_index_markets=0.303
10:51:34 [super]   #1096  0x0c93a4291ee2c43a4eae6ca6bcb11f40c3f5a00b  prob=0.0289 (raw=0.0240)  vol=$4,593  trades=3  first_trade=2025-12-04 08:22  winrate=0.571  n_markets_traded=42.000  herfindahl_index_markets=0.103
10:51:34 [super]   #1099  0x41ab5a4cee5f6405e2e901693f09a1a39abe6473  prob=0.0288 (raw=0.0239)  vol=$14,134  trades=9  first_trade=2025-12-02 00:15  winrate=0.652  n_markets_traded=23.000  herfindahl_index_markets=0.128
10:51:34 [super]   #1102  0x92ac1a952594018e32b33f6c85f367693db883df  prob=0.0288 (raw=0.0237)  vol=$154,630  trades=32  first_trade=2025-12-04 04:14  winrate=0.000  n_markets_traded=2.000  herfindahl_index_markets=0.933
10:51:34 [super]   #1103  0x42810c7be81fdf798f1ade7278f5712a7b17b581  prob=0.0288 (raw=0.0237)  vol=$3,114  trades=33  first_trade=2025-12-04 05:57  winrate=0.333  n_markets_traded=9.000  herfindahl_index_markets=0.381
10:51:34 [super]   #1106  0x58b6ce6903cad14a4c7d17bb93386ac3e704fff0  prob=0.0288 (raw=0.0237)  vol=$2,500  trades=2  first_trade=2025-12-04 13:37  winrate=0.083  n_markets_traded=60.000  herfindahl_index_markets=0.103
10:51:34 [super]   #1107  0xd8cae792b3d84d6888080401423e973337287229  prob=0.0288 (raw=0.0237)  vol=$86,253  trades=25  first_trade=2025-12-04 05:01  winrate=0.571  n_markets_traded=42.000  herfindahl_index_markets=0.110
10:51:34 [super]   #1108  0x25875ae66b2b9c93aafbf293c9c28241e4fcd5b1  prob=0.0288 (raw=0.0236)  vol=$5,397  trades=15  first_trade=2025-12-03 20:29  winrate=0.455  n_markets_traded=11.000  herfindahl_index_markets=0.181
10:51:34 [super]   #1113  0x98cec0880366df00f9421c96b5ddd06ebeea5e1d  prob=0.0288 (raw=0.0235)  vol=$1,545  trades=24  first_trade=2025-11-30 12:17  winrate=NaN  n_markets_traded=0.000  herfindahl_index_markets=0.000
10:51:34 [super]   #1114  0x6245afcacf4c99f7fc6e20741c799963926c97e2  prob=0.0288 (raw=0.0234)  vol=$1,250  trades=2  first_trade=2025-12-04 12:23  winrate=0.423  n_markets_traded=26.000  herfindahl_index_markets=0.226
10:51:34 [super]   #1115  0x69aa9fa621403e3a121b29ad77d32ba9eb5e8847  prob=0.0288 (raw=0.0233)  vol=$274,757  trades=35  first_trade=2025-12-04 11:29  winrate=NaN  n_markets_traded=0.000  herfindahl_index_markets=0.000
10:51:34 [super]   #1116  0x446542b2f8c391702bddc654d07224251671baaf  prob=0.0288 (raw=0.0233)  vol=$2,043  trades=9  first_trade=2025-12-02 02:27  winrate=0.500  n_markets_traded=16.000  herfindahl_index_markets=0.139
10:51:34 [super]   #1117  0xe1daef33344a7ff64426f12ce4e7fc650ba218a7  prob=0.0288 (raw=0.0233)  vol=$13,935  trades=4  first_trade=2025-12-04 08:19  winrate=0.174  n_markets_traded=23.000  herfindahl_index_markets=0.195
10:51:34 [super]   #1120  0x61ab8fff2d2d3b219cf0ae4246ce69c66b17790b  prob=0.0288 (raw=0.0232)  vol=$1,156  trades=15  first_trade=2025-12-04 06:40  winrate=0.537  n_markets_traded=312.000  herfindahl_index_markets=0.019
10:51:34 [super]   #1121  0x22e645acff2bbb2cd7a74462f8779eb6f53d409f  prob=0.0288 (raw=0.0232)  vol=$37,348  trades=64  first_trade=2025-12-03 22:16  winrate=NaN  n_markets_traded=0.000  herfindahl_index_markets=0.000
10:51:34 [super]   #1129  0x6e7efcc05c4334cb2cc08fb1a1249de31f742ad4  prob=0.0287 (raw=0.0230)  vol=$2,505  trades=4  first_trade=2025-12-04 15:34  winrate=0.000  n_markets_traded=3.000  herfindahl_index_markets=0.447
10:51:34 [super]   #1137  0x847667d84fc4d81db36689c4f4c5845c8d125418  prob=0.0287 (raw=0.0227)  vol=$30,183  trades=23  first_trade=2025-12-05 01:16  winrate=NaN  n_markets_traded=0.000  herfindahl_index_markets=0.000
10:51:34 [super]   #1139  0x6179ad17cb1a48a8db80284f9b22a5bf899d6f80  prob=0.0287 (raw=0.0227)  vol=$5,685  trades=8  first_trade=2025-12-04 05:37  winrate=NaN  n_markets_traded=0.000  herfindahl_index_markets=0.000
10:51:34 [super]   #1142  0xa5f2cb15fc98fbb231fdb2a41b501c8132979b31  prob=0.0287 (raw=0.0224)  vol=$2,287  trades=8  first_trade=2025-12-04 07:03  winrate=0.655  n_markets_traded=29.000  herfindahl_index_markets=0.130
10:51:34 [super]   #1146  0xaa05de09cee00b27ca514aadc0c601559008fed7  prob=0.0287 (raw=0.0223)  vol=$2,242  trades=8  first_trade=2025-12-04 04:25  winrate=NaN  n_markets_traded=0.000  herfindahl_index_markets=0.000
10:51:34 [super]   #1147  0x6ffb4354cbe6e0f9989e3b55564ec5fb8646a834  prob=0.0286 (raw=0.0223)  vol=$15,895  trades=32  first_trade=2025-12-04 03:22  winrate=NaN  n_markets_traded=0.000  herfindahl_index_markets=0.000
10:51:34 [super]   #1148  0x1e524ff2123d380a690dbdf2245de2a9428e91d6  prob=0.0286 (raw=0.0222)  vol=$1,717  trades=67  first_trade=2025-12-01 09:43  winrate=NaN  n_markets_traded=0.000  herfindahl_index_markets=0.000
10:51:34 [super]   #1151  0x076ca0207aaa48365da2eb6a917edcbdee5e4e7b  prob=0.0286 (raw=0.0220)  vol=$11,030  trades=71  first_trade=2025-12-03 20:29  winrate=NaN  n_markets_traded=0.000  herfindahl_index_markets=0.000
10:51:34 [super]   #1153  0x9b979a065641e8cfde3022a30ed2d9415cf55e12  prob=0.0286 (raw=0.0219)  vol=$369,812  trades=55  first_trade=2025-12-04 03:23  winrate=NaN  n_markets_traded=0.000  herfindahl_index_markets=0.000
10:51:34 [super]   #1155  0xe25b9180f5687aa85bd94ee309bb72a464320f1b  prob=0.0286 (raw=0.0218)  vol=$199,200  trades=28  first_trade=2025-12-04 07:58  winrate=NaN  n_markets_traded=0.000  herfindahl_index_markets=0.000
10:51:34 [super]   #1163  0x002dcd37b0b8fa8db98236e599fe1b90d6272561  prob=0.0286 (raw=0.0216)  vol=$7,037  trades=22  first_trade=2025-12-02 19:44  winrate=NaN  n_markets_traded=0.000  herfindahl_index_markets=0.000
10:51:34 [super]   #1166  0x81562c477b91da11e44fb897fc6edded91fd98a9  prob=0.0285 (raw=0.0213)  vol=$1,482  trades=4  first_trade=2025-12-04 05:17  winrate=0.214  n_markets_traded=11.000  herfindahl_index_markets=0.181
10:51:34 [super]   #1167  0x2bee8765fbe3333050cd18867489817d02c39bea  prob=0.0285 (raw=0.0213)  vol=$4,059  trades=7  first_trade=2025-12-04 13:26  winrate=0.385  n_markets_traded=26.000  herfindahl_index_markets=0.210
10:51:34 [super]   #1170  0xdc814e7371182f4752a14363ddf85b038f824f06  prob=0.0285 (raw=0.0212)  vol=$3,002  trades=4  first_trade=2025-12-04 16:34  winrate=0.386  n_markets_traded=171.000  herfindahl_index_markets=0.167
10:51:34 [super]   #1171  0xd76f4b3b344adad86dbbd3d325052443c9dd804f  prob=0.0285 (raw=0.0211)  vol=$1,517  trades=9  first_trade=2025-12-05 00:48  winrate=0.000  n_markets_traded=7.000  herfindahl_index_markets=0.222
10:51:34 [super]   #1173  0xc3cd1d612bbf9fbf80da5a9bff0b0470cb46816c  prob=0.0285 (raw=0.0210)  vol=$3,732  trades=41  first_trade=2025-11-29 19:56  winrate=NaN  n_markets_traded=0.000  herfindahl_index_markets=0.000
10:51:34 [super]   #1182  0x5117df52aeb1ff172837862f4984e430cc7649b3  prob=0.0285 (raw=0.0209)  vol=$2,394  trades=13  first_trade=2025-12-04 06:40  winrate=0.467  n_markets_traded=114.000  herfindahl_index_markets=0.051
10:51:34 [super]   #1183  0x474764029162d0b5292348d2c3caadf460da0658  prob=0.0285 (raw=0.0209)  vol=$74,967  trades=14  first_trade=2025-12-04 05:49  winrate=0.362  n_markets_traded=47.000  herfindahl_index_markets=0.244
10:51:34 [super]   #1190  0xc4086b708cd3a50880b7069add1a1a80000f4675  prob=0.0284 (raw=0.0205)  vol=$179,859  trades=50  first_trade=2025-12-04 08:08  winrate=NaN  n_markets_traded=0.000  herfindahl_index_markets=0.000
10:51:34 [super]   #1192  0xdd225a03cd7ed89e3931906c67c75ab31cf89ef1  prob=0.0284 (raw=0.0205)  vol=$496,991  trades=145  first_trade=2025-11-26 21:36  winrate=NaN  n_markets_traded=0.000  herfindahl_index_markets=0.000
10:51:34 [super]   #1194  0xc3d0add6765c775162354168b510be9c3381407a  prob=0.0284 (raw=0.0204)  vol=$1,500  trades=2  first_trade=2025-12-04 16:42  winrate=0.000  n_markets_traded=2.000  herfindahl_index_markets=0.583
10:51:34 [super]   #1197  0x74cc3d6d394a3e0f2e53c72ce26a84adc10565ed  prob=0.0284 (raw=0.0204)  vol=$3,750  trades=6  first_trade=2025-12-04 22:47  winrate=0.000  n_markets_traded=2.000  herfindahl_index_markets=0.883
10:51:34 [super]   #1200  0x2382587a8f637e3557dd48cc6e2a35c3f3be53f3  prob=0.0284 (raw=0.0204)  vol=$1,458  trades=3  first_trade=2025-12-05 02:35  winrate=0.000  n_markets_traded=7.000  herfindahl_index_markets=0.439
10:51:34 [super]   #1202  0x948cc2f1138a516c0f4fd03eb30015c331fd42ee  prob=0.0284 (raw=0.0203)  vol=$8,909  trades=17  first_trade=2025-12-02 13:08  winrate=0.352  n_markets_traded=88.000  herfindahl_index_markets=0.102
10:51:34 [super]   #1212  0x74199a6babbfb3a8e1b03d1bd225df36680cd2fb  prob=0.0284 (raw=0.0202)  vol=$2,339  trades=12  first_trade=2025-12-04 19:43  winrate=0.000  n_markets_traded=1.000  herfindahl_index_markets=1.000
10:51:34 [super]   #1213  0xa1f23cf958fba7e8154803dfb7a4f0a83f1a80b6  prob=0.0284 (raw=0.0202)  vol=$1,077  trades=2  first_trade=2025-12-05 16:18  winrate=0.000  n_markets_traded=1.000  herfindahl_index_markets=1.000
10:51:34 [super]   #1214  0x34ab62d4717796662f221a5c3d6e541b981df515  prob=0.0284 (raw=0.0202)  vol=$6,480  trades=2  first_trade=2025-12-05 22:35  winrate=0.000  n_markets_traded=1.000  herfindahl_index_markets=1.000
10:51:34 [super]   #1215  0xe930cea4fffdc860f82dedeee3987ef95e231dd8  prob=0.0284 (raw=0.0202)  vol=$9,700  trades=2  first_trade=2025-12-04 17:24  winrate=0.000  n_markets_traded=1.000  herfindahl_index_markets=1.000
10:51:34 [super]   #1216  0x11af22fcacbc9eaabec4eec0b94f477a34c01c1d  prob=0.0284 (raw=0.0202)  vol=$32,000  trades=6  first_trade=2025-12-04 18:22  winrate=0.000  n_markets_traded=1.000  herfindahl_index_markets=1.000
10:51:34 [super]   #1226  0x7208bf513aa7a0bb59484cfe0d0e8fb78d8fe4d7  prob=0.0284 (raw=0.0202)  vol=$4,028  trades=14  first_trade=2025-12-05 16:33  winrate=0.000  n_markets_traded=1.000  herfindahl_index_markets=1.000
10:51:34 [super]   #1229  0xe41923ce5451c6b7b6ffe30ebda24c0e88ca5839  prob=0.0284 (raw=0.0200)  vol=$3,593  trades=19  first_trade=2025-12-03 23:06  winrate=0.412  n_markets_traded=80.000  herfindahl_index_markets=0.112
10:51:34 [super]   #1232  0xfe175c90c4152392978fa402ed871657881298e9  prob=0.0284 (raw=0.0199)  vol=$6,066  trades=10  first_trade=2025-12-04 04:45  winrate=0.699  n_markets_traded=259.000  herfindahl_index_markets=0.081
10:51:34 [super]   #1234  0x73e581b6550e9ccdd0f443dbfdd8f69268935bb5  prob=0.0284 (raw=0.0199)  vol=$18,237  trades=13  first_trade=2025-12-02 07:36  winrate=0.760  n_markets_traded=250.000  herfindahl_index_markets=0.018
10:51:34 [super]   #1241  0xe7387473b067235436884d16799777cf279edf65  prob=0.0283 (raw=0.0197)  vol=$2,455  trades=15  first_trade=2025-12-03 01:16  winrate=NaN  n_markets_traded=0.000  herfindahl_index_markets=0.000
10:51:34 [super]   #1245  0xe46bededb9a06d23d1562bd98d1ed6e8d19b5635  prob=0.0283 (raw=0.0196)  vol=$92,119  trades=25  first_trade=2025-12-04 05:33  winrate=0.312  n_markets_traded=16.000  herfindahl_index_markets=0.174
10:51:34 [super]   #1248  0x3e4c74c94e8a9646b2e74303a2721622d0800314  prob=0.0283 (raw=0.0195)  vol=$2,580  trades=5  first_trade=2025-12-04 05:04  winrate=0.561  n_markets_traded=98.000  herfindahl_index_markets=0.050
10:51:34 [super]   #1249  0xda475f640892d0014c086b7e4f25317f5778f40a  prob=0.0283 (raw=0.0195)  vol=$14,616  trades=8  first_trade=2025-12-04 13:33  winrate=0.638  n_markets_traded=69.000  herfindahl_index_markets=0.048
10:51:34 [super]   #1250  0xccd9c0644d7e0d7cf45fc823a4d7a0a4af4df927  prob=0.0283 (raw=0.0194)  vol=$47,501  trades=10  first_trade=2025-12-04 08:45  winrate=0.333  n_markets_traded=6.000  herfindahl_index_markets=0.229
10:51:34 [super]   #1251  0xe1055b4b4c1342281bf5cba7d18074f8126f9cb3  prob=0.0283 (raw=0.0194)  vol=$2,673  trades=1  first_trade=2025-12-04 04:47  winrate=NaN  n_markets_traded=0.000  herfindahl_index_markets=0.000
10:51:34 [super]   #1254  0x162cdbc362e65dd3bc060f6d69128ada16b16a54  prob=0.0283 (raw=0.0193)  vol=$6,000  trades=2  first_trade=2025-12-06 01:26  winrate=0.000  n_markets_traded=4.000  herfindahl_index_markets=0.291
10:51:34 [super]   #1260  0x8e6d18db00decb3d7b47750e222223ccfb784e22  prob=0.0283 (raw=0.0193)  vol=$2,500  trades=4  first_trade=2025-12-04 07:55  winrate=0.333  n_markets_traded=15.000  herfindahl_index_markets=0.118
10:51:34 [super]   #1263  0xf9a07bf8d2cc8fb02cc6f66302abbfd3d70598f1  prob=0.0283 (raw=0.0191)  vol=$2,000  trades=4  first_trade=2025-12-06 14:33  winrate=0.444  n_markets_traded=9.000  herfindahl_index_markets=0.195
10:51:34 [super]   #1264  0x24ded84d901a743cfee095f8082b0f9f647183cb  prob=0.0283 (raw=0.0191)  vol=$165,534  trades=21  first_trade=2025-12-04 03:43  winrate=NaN  n_markets_traded=0.000  herfindahl_index_markets=0.000
10:51:34 [super]   #1266  0x74e4acfd9ea43aee54a2fd7b0391c1f0140ec23f  prob=0.0283 (raw=0.0190)  vol=$36,326  trades=5  first_trade=2025-12-04 09:35  winrate=0.577  n_markets_traded=52.000  herfindahl_index_markets=0.075
10:51:34 [super]   #1267  0x0fc0d96996b1c77bf01c31c1130d1bdd99584cad  prob=0.0282 (raw=0.0189)  vol=$147,782  trades=99  first_trade=2025-12-02 09:06  winrate=0.789  n_markets_traded=76.000  herfindahl_index_markets=0.035
10:51:34 [super]   #1269  0xb23992303c204663e90986a28a2eff585addfe75  prob=0.0282 (raw=0.0189)  vol=$2,333  trades=4  first_trade=2025-12-04 16:06  winrate=0.000  n_markets_traded=5.000  herfindahl_index_markets=0.250
10:51:34 [super]   #1270  0x0c839d5032e2b0bfd2e9d779c9eba458dfa50f55  prob=0.0282 (raw=0.0189)  vol=$24,416  trades=2  first_trade=2025-12-04 04:01  winrate=0.246  n_markets_traded=65.000  herfindahl_index_markets=0.091
10:51:34 [super]   #1271  0xc02356284def0c089d0ae810420ef5425865ccf8  prob=0.0282 (raw=0.0188)  vol=$5,689  trades=17  first_trade=2025-12-03 11:26  winrate=0.400  n_markets_traded=89.000  herfindahl_index_markets=0.163
10:51:34 [super]   #1272  0x18fc46821544fdca89f5c5bd742fa7c51d992f91  prob=0.0282 (raw=0.0187)  vol=$11,013  trades=6  first_trade=2025-12-04 13:20  winrate=0.857  n_markets_traded=56.000  herfindahl_index_markets=0.065
10:51:34 [super]   #1273  0x42b6ffa7ff305f61f80a363290ee5d9d3ecd876f  prob=0.0282 (raw=0.0187)  vol=$7,193  trades=4  first_trade=2025-12-04 03:36  winrate=0.922  n_markets_traded=116.000  herfindahl_index_markets=0.016
10:51:34 [super]   #1275  0x8f7a4b414417911e7e9bd738399874792cdbdb40  prob=0.0282 (raw=0.0186)  vol=$256,798  trades=108  first_trade=2025-12-04 03:43  winrate=NaN  n_markets_traded=0.000  herfindahl_index_markets=0.000
10:51:34 [super]   #1277  0xf83ec0e37ac9eece71c064507270e9001a734663  prob=0.0282 (raw=0.0185)  vol=$4,666  trades=14  first_trade=2025-12-04 06:52  winrate=NaN  n_markets_traded=0.000  herfindahl_index_markets=0.000
10:51:34 [super]   #1279  0xaa77bf5349521fe2a9f5ea28302ed9b04c7edad6  prob=0.0282 (raw=0.0184)  vol=$1,609  trades=4  first_trade=2025-12-04 07:02  winrate=0.222  n_markets_traded=9.000  herfindahl_index_markets=0.200
10:51:34 [super]   #1281  0xfacd5eb6566d469f71fb42415177c74eb27d9109  prob=0.0282 (raw=0.0183)  vol=$15,294  trades=19  first_trade=2025-12-03 11:26  winrate=NaN  n_markets_traded=0.000  herfindahl_index_markets=0.000
10:51:34 [super]   #1285  0x21d8dd7917fd13a6ef152e3368512f01c50aad91  prob=0.0282 (raw=0.0182)  vol=$7,700  trades=6  first_trade=2025-12-04 05:07  winrate=0.440  n_markets_traded=216.000  herfindahl_index_markets=0.020
10:51:34 [super]   #1287  0x36ed12955adcf43e9a08ce2d6f1039caf488f21a  prob=0.0281 (raw=0.0181)  vol=$3,556  trades=18  first_trade=2025-12-04 03:28  winrate=0.507  n_markets_traded=69.000  herfindahl_index_markets=0.035
10:51:34 [super]   #1290  0xc2cb0630acff784ffabb2af7a69f66bb7bcbfbf5  prob=0.0281 (raw=0.0180)  vol=$9,421  trades=2  first_trade=2025-12-05 10:41  winrate=0.624  n_markets_traded=275.000  herfindahl_index_markets=0.032
10:51:34 [super]   #1291  0xe1b361d6a6f237b9ed7534d19b232df8369e1426  prob=0.0281 (raw=0.0180)  vol=$2,161  trades=8  first_trade=2025-12-04 07:37  winrate=NaN  n_markets_traded=0.000  herfindahl_index_markets=0.000
10:51:34 [super]   #1294  0xb27f49a1cbe1e7b16ca646c930b21c02ad8b8908  prob=0.0281 (raw=0.0180)  vol=$762,849  trades=43  first_trade=2025-12-04 13:14  winrate=0.542  n_markets_traded=200.000  herfindahl_index_markets=0.035
10:51:34 [super]   #1295  0x4020166b330125d224dbd46449bb5fef8de611d1  prob=0.0281 (raw=0.0180)  vol=$2,001  trades=4  first_trade=2025-12-04 12:34  winrate=0.650  n_markets_traded=220.000  herfindahl_index_markets=0.015
10:51:34 [super]   #1296  0x6a96c6f0cdc1fe74eecc5aa093634cb2c47c7508  prob=0.0281 (raw=0.0180)  vol=$2,000  trades=2  first_trade=2025-12-07 18:17  winrate=0.059  n_markets_traded=118.000  herfindahl_index_markets=0.237
10:51:34 [super]   #1297  0x2a019dc0089ea8c6edbbafc8a7cc9ba77b4b6397  prob=0.0281 (raw=0.0179)  vol=$73,689  trades=46  first_trade=2025-12-04 06:12  winrate=NaN  n_markets_traded=0.000  herfindahl_index_markets=0.000
10:51:34 [super]   #1298  0x44afef32248bf8198f2d456a990464e69a1ec7dd  prob=0.0281 (raw=0.0179)  vol=$1,597  trades=10  first_trade=2025-12-04 08:15  winrate=0.482  n_markets_traded=583.000  herfindahl_index_markets=0.019
10:51:34 [super]   #1299  0xfeb0ed2df6c7fe51f07d5707fe72935c74fed4a4  prob=0.0281 (raw=0.0179)  vol=$58,652  trades=36  first_trade=2025-12-04 03:30  winrate=0.592  n_markets_traded=49.000  herfindahl_index_markets=0.075
10:51:34 [super]   #1301  0xc6dd722558dbfbd8fa780efcbe819ed8c6604b9f  prob=0.0281 (raw=0.0178)  vol=$311,021  trades=136  first_trade=2025-12-04 03:27  winrate=NaN  n_markets_traded=0.000  herfindahl_index_markets=0.000
10:51:34 [super]   #1302  0x037b0a310066a10cd62f45de8696503ad4d147f4  prob=0.0281 (raw=0.0178)  vol=$2,500  trades=12  first_trade=2025-12-04 05:17  winrate=NaN  n_markets_traded=0.000  herfindahl_index_markets=0.000
10:51:34 [super]   #1319  0xe95e726d0ca927874f3998d815bfec51d19261f2  prob=0.0281 (raw=0.0177)  vol=$10,000  trades=2  first_trade=2025-12-04 22:03  winrate=0.556  n_markets_traded=62.000  herfindahl_index_markets=0.045
10:51:34 [super]   #1324  0x122cdd9db64fd8dc3ebab813218e3effe21f821f  prob=0.0281 (raw=0.0176)  vol=$147,814  trades=11  first_trade=2025-12-04 07:56  winrate=NaN  n_markets_traded=0.000  herfindahl_index_markets=0.000
10:51:34 [super]   #1325  0x713f81c54bcea95b8bb0f35a03cfa758aef822cc  prob=0.0281 (raw=0.0176)  vol=$2,297  trades=15  first_trade=2025-12-04 03:24  winrate=0.390  n_markets_traded=136.000  herfindahl_index_markets=0.020
10:51:34 [super]   #1327  0xf1f7df94417dbfdbf8fe4924580817da1e3ffa11  prob=0.0281 (raw=0.0175)  vol=$18,541  trades=10  first_trade=2025-12-04 03:18  winrate=0.734  n_markets_traded=290.000  herfindahl_index_markets=0.011
10:51:34 [super]   #1329  0xcd71fd5370880f3d92bb941e628c05840fe0d127  prob=0.0281 (raw=0.0175)  vol=$47,674  trades=12  first_trade=2025-12-04 12:58  winrate=NaN  n_markets_traded=0.000  herfindahl_index_markets=0.000
10:51:34 [super]   #1331  0x89d2d2bc1dcefb6f2940d34a6d092e60c52c6031  prob=0.0281 (raw=0.0174)  vol=$6,005  trades=17  first_trade=2025-12-04 03:49  winrate=0.387  n_markets_traded=305.000  herfindahl_index_markets=0.023
10:51:34 [super]   #1332  0xef284c61a9a90842cbac8408cc067f89f7912d50  prob=0.0281 (raw=0.0173)  vol=$2,000  trades=4  first_trade=2025-12-04 10:47  winrate=0.261  n_markets_traded=165.000  herfindahl_index_markets=0.034
10:51:34 [super]   #1333  0x819e6a947c9fa591a8cf41b2dac86793f114e967  prob=0.0281 (raw=0.0173)  vol=$1,371  trades=8  first_trade=2025-12-04 08:00  winrate=0.353  n_markets_traded=122.000  herfindahl_index_markets=0.080
10:51:34 [super]   #1335  0xec0e79eac264b1492f131f195578f727e99a1e4e  prob=0.0280 (raw=0.0173)  vol=$1,198  trades=2  first_trade=2025-12-04 09:44  winrate=0.405  n_markets_traded=37.000  herfindahl_index_markets=0.091
10:51:34 [super]   #1341  0x72f4908189b7a402a189cae5b87b3e8659284f20  prob=0.0280 (raw=0.0171)  vol=$1,194  trades=4  first_trade=2025-12-04 07:44  winrate=0.273  n_markets_traded=11.000  herfindahl_index_markets=0.221
10:51:34 [super]   #1342  0x5c14eb6a6d5083c003daa8241ed559d2dc82cc49  prob=0.0280 (raw=0.0171)  vol=$42,704  trades=5  first_trade=2025-12-04 08:00  winrate=0.114  n_markets_traded=44.000  herfindahl_index_markets=0.064
10:51:34 [super]   #1345  0xa9736e281441255fc815a65ae4f9ba4c0b77f0f6  prob=0.0280 (raw=0.0170)  vol=$4,660  trades=5  first_trade=2025-12-01 15:46  winrate=0.565  n_markets_traded=131.000  herfindahl_index_markets=0.065
10:51:34 [super]   #1348  0x881c96562048cf2e0af6558d1f253ad50b000d72  prob=0.0280 (raw=0.0169)  vol=$30,705  trades=12  first_trade=2025-12-04 17:14  winrate=0.200  n_markets_traded=20.000  herfindahl_index_markets=0.230
10:51:34 [super]   #1349  0xa710f0eae9129df28a52e886902c443364004173  prob=0.0280 (raw=0.0169)  vol=$2,921  trades=12  first_trade=2025-12-04 05:14  winrate=0.261  n_markets_traded=22.000  herfindahl_index_markets=0.167
10:51:34 [super]   #1351  0x263d1abc75c8e085680700c4969313312959d077  prob=0.0280 (raw=0.0169)  vol=$9,790  trades=8  first_trade=2025-12-05 11:14  winrate=0.400  n_markets_traded=35.000  herfindahl_index_markets=0.087
10:51:34 [super]   #1353  0x3a736813a49adedf7d9e8b4830ff65f840909daa  prob=0.0280 (raw=0.0168)  vol=$5,657  trades=7  first_trade=2025-12-05 03:08  winrate=0.579  n_markets_traded=478.000  herfindahl_index_markets=0.013
10:51:34 [super]   #1355  0x9c761f02a05b252b02a4e288694288c448808d1c  prob=0.0280 (raw=0.0168)  vol=$1,499  trades=4  first_trade=2025-12-04 20:37  winrate=NaN  n_markets_traded=0.000  herfindahl_index_markets=0.000
10:51:34 [super]   #1357  0x9e8077593bf0a6fd63f988dcf589f7558897f694  prob=0.0280 (raw=0.0167)  vol=$35,919  trades=34  first_trade=2025-12-04 22:31  winrate=NaN  n_markets_traded=0.000  herfindahl_index_markets=0.000
10:51:34 [super]   #1362  0x8ebfdc251c6c378d4a3a54a8f15cebfa4b9183ce  prob=0.0280 (raw=0.0166)  vol=$88,008  trades=57  first_trade=2025-12-04 22:05  winrate=NaN  n_markets_traded=0.000  herfindahl_index_markets=0.000
10:51:34 [super]   #1363  0x0523ff55bd7525d5fbda5c77f80f61662db4e38b  prob=0.0280 (raw=0.0165)  vol=$34,697  trades=46  first_trade=2025-12-04 03:39  winrate=NaN  n_markets_traded=0.000  herfindahl_index_markets=0.000
10:51:34 [super]   #1364  0x44c1dfe43260c94ed4f1d00de2e1f80fb113ebc1  prob=0.0280 (raw=0.0164)  vol=$608,603  trades=62  first_trade=2025-12-04 03:17  winrate=NaN  n_markets_traded=0.000  herfindahl_index_markets=0.000
10:51:34 [super]   #1365  0x957eca7980eee1145348d0c66b0ae93ab5125758  prob=0.0279 (raw=0.0164)  vol=$6,607  trades=6  first_trade=2025-12-04 07:51  winrate=0.222  n_markets_traded=27.000  herfindahl_index_markets=0.099
10:51:34 [super]   #1366  0x6ef589efb6ebf53d5efecb333b7f74615f129e19  prob=0.0279 (raw=0.0164)  vol=$12,675  trades=8  first_trade=2025-12-04 07:30  winrate=0.275  n_markets_traded=69.000  herfindahl_index_markets=0.064
10:51:34 [super]   #1367  0x39d0f1dca6fb7e5514858c1a337724a426764fe8  prob=0.0279 (raw=0.0163)  vol=$1,908  trades=9  first_trade=2025-12-04 03:22  winrate=NaN  n_markets_traded=0.000  herfindahl_index_markets=0.000
10:51:34 [super]   #1370  0x825135c386d92dcc2fcfaa41be2373c21ae9e150  prob=0.0279 (raw=0.0163)  vol=$1,389  trades=3  first_trade=2025-12-04 07:26  winrate=0.467  n_markets_traded=30.000  herfindahl_index_markets=0.083
10:51:34 [super]   #1371  0x660622caad009a8cc1f38038c0913be658621338  prob=0.0279 (raw=0.0163)  vol=$49,950  trades=12  first_trade=2025-12-07 08:26  winrate=NaN  n_markets_traded=0.000  herfindahl_index_markets=0.000
10:51:34 [super]   #1372  0xf1858151e6287124aa84b31afaa262741853aceb  prob=0.0279 (raw=0.0161)  vol=$10,040  trades=4  first_trade=2025-12-04 16:08  winrate=0.067  n_markets_traded=15.000  herfindahl_index_markets=0.213
10:51:34 [super]   #1374  0xdacf9f8d0341fa3770fae5c7ccd9dcfed23e3c74  prob=0.0279 (raw=0.0160)  vol=$1,272  trades=22  first_trade=2025-12-04 05:44  winrate=NaN  n_markets_traded=0.000  herfindahl_index_markets=0.000
10:51:34 [super]   #1378  0xb10047d6a254b2ebb306d7a7d13bf59171ab6461  prob=0.0279 (raw=0.0160)  vol=$30,445  trades=30  first_trade=2025-12-02 04:23  winrate=NaN  n_markets_traded=0.000  herfindahl_index_markets=0.000
10:51:34 [super]   #1379  0x53a4f5be7d64abd9c49835374b5686cb86454447  prob=0.0279 (raw=0.0159)  vol=$44,738  trades=15  first_trade=2025-12-04 07:58  winrate=0.360  n_markets_traded=39.000  herfindahl_index_markets=0.069
10:51:34 [super]   #1380  0x303c5f6f2641f1293cb8e548d080b1c02d9f4487  prob=0.0279 (raw=0.0159)  vol=$1,449  trades=6  first_trade=2025-12-03 00:45  winrate=0.598  n_markets_traded=164.000  herfindahl_index_markets=0.044
10:51:34 [super]   #1383  0x17663fc676efb2016ca78c53617ddc281dcd5705  prob=0.0279 (raw=0.0158)  vol=$3,514  trades=3  first_trade=2025-12-04 06:29  winrate=0.208  n_markets_traded=48.000  herfindahl_index_markets=0.111
10:51:34 [super]   #1387  0x58c028e7c41ba7ef2bde2142cd371cf491661c8e  prob=0.0279 (raw=0.0156)  vol=$16,180  trades=13  first_trade=2025-12-04 03:14  winrate=NaN  n_markets_traded=0.000  herfindahl_index_markets=0.000
10:51:34 [super]   #1389  0xa5f2948c47aac1e8cfdf6cfb878e7a64c9e29d80  prob=0.0278 (raw=0.0155)  vol=$2,000  trades=4  first_trade=2025-12-06 21:22  winrate=0.111  n_markets_traded=9.000  herfindahl_index_markets=0.163
10:51:34 [super]   #1392  0x9314161964d74917bca5199ca9440cad29f4d74c  prob=0.0278 (raw=0.0155)  vol=$5,000  trades=2  first_trade=2025-12-07 13:33  winrate=0.491  n_markets_traded=161.000  herfindahl_index_markets=0.119
10:51:34 [super]   #1395  0x088ffbbc6f2c0b3839d2832e75f37e1bcecbc9e7  prob=0.0278 (raw=0.0155)  vol=$20,206  trades=23  first_trade=2025-12-04 06:09  winrate=NaN  n_markets_traded=0.000  herfindahl_index_markets=0.000
10:51:34 [super]   #1396  0xc25427ea224b8f9fa2df801233f944006ed33f73  prob=0.0278 (raw=0.0154)  vol=$214,028  trades=96  first_trade=2025-11-26 19:19  winrate=NaN  n_markets_traded=0.000  herfindahl_index_markets=0.000
10:51:34 [super]   #1399  0x0974d7a915229cb770fb43ac46f360dcf964003d  prob=0.0278 (raw=0.0153)  vol=$3,162  trades=73  first_trade=2025-12-02 19:44  winrate=NaN  n_markets_traded=0.000  herfindahl_index_markets=0.000
10:51:34 [super]   #1403  0x93b9114efd9d72720f0a67205208b332ae6ba48b  prob=0.0278 (raw=0.0152)  vol=$19,920  trades=3  first_trade=2025-12-04 08:05  winrate=0.301  n_markets_traded=103.000  herfindahl_index_markets=0.124
10:51:34 [super]   #1405  0x108d30065a573f9d2fb06e05ca140810f453508a  prob=0.0278 (raw=0.0152)  vol=$12,136  trades=16  first_trade=2025-12-04 06:14  winrate=0.472  n_markets_traded=286.000  herfindahl_index_markets=0.016
10:51:34 [super]   #1406  0xaf51a9e749c14a2b9d0589b7b1f0cc8ca8aa4b53  prob=0.0278 (raw=0.0152)  vol=$8,977  trades=7  first_trade=2025-12-04 06:18  winrate=NaN  n_markets_traded=0.000  herfindahl_index_markets=0.000
10:51:34 [super]   #1407  0x418ff815cfadd29aab712a09b9223e8fe9867b8f  prob=0.0278 (raw=0.0152)  vol=$2,000  trades=2  first_trade=2025-12-05 03:32  winrate=0.377  n_markets_traded=244.000  herfindahl_index_markets=0.041
10:51:34 [super]   #1410  0x95c8499569dac8faea4f9a21c553184b4202f511  prob=0.0278 (raw=0.0151)  vol=$18,235  trades=15  first_trade=2025-12-04 07:33  winrate=NaN  n_markets_traded=0.000  herfindahl_index_markets=0.000
10:51:34 [super]   #1412  0x5fdf9e1f2d849628f6d0f0729430626a23712c5b  prob=0.0278 (raw=0.0151)  vol=$47,127  trades=17  first_trade=2025-12-04 06:44  winrate=0.545  n_markets_traded=11.000  herfindahl_index_markets=0.116
10:51:34 [super]   #1414  0x822e62e3b5d5077c0a8a6bd122d276ece1c65feb  prob=0.0278 (raw=0.0151)  vol=$2,456  trades=5  first_trade=2025-12-04 05:39  winrate=0.791  n_markets_traded=273.000  herfindahl_index_markets=0.010
10:51:34 [super]   #1416  0x98ec089d1d8ad2bf49ba18bf5ad3773085698fd6  prob=0.0278 (raw=0.0150)  vol=$2,004  trades=4  first_trade=2025-12-04 08:53  winrate=0.227  n_markets_traded=110.000  herfindahl_index_markets=0.028
10:51:34 [super]   #1417  0x7b676d5a6379855773d405fcf19b9aa577651b07  prob=0.0278 (raw=0.0150)  vol=$44,415  trades=7  first_trade=2025-11-26 21:32  winrate=NaN  n_markets_traded=0.000  herfindahl_index_markets=0.000
10:51:34 [super]   #1421  0xdfe3fedc5c7679be42c3d393e99d4b55247b73c4  prob=0.0278 (raw=0.0147)  vol=$37,708  trades=37  first_trade=2025-12-04 05:34  winrate=NaN  n_markets_traded=0.000  herfindahl_index_markets=0.000
10:51:34 [super]   #1424  0xca972b9bf601b72506d4c3e98bee9518a6afecce  prob=0.0278 (raw=0.0147)  vol=$4,008  trades=3  first_trade=2025-12-04 15:29  winrate=0.415  n_markets_traded=41.000  herfindahl_index_markets=0.075
10:51:34 [super]   #1430  0x34a9b8ab09d930e9b14d01875e2364e3896a9e88  prob=0.0277 (raw=0.0147)  vol=$18,589  trades=17  first_trade=2025-12-04 03:37  winrate=0.431  n_markets_traded=178.000  herfindahl_index_markets=0.016
10:51:34 [super]   #1431  0xd7c0f5c990284b78fb1df4d8ccf558a63d3b55ff  prob=0.0277 (raw=0.0146)  vol=$3,071  trades=10  first_trade=2025-12-04 05:57  winrate=0.122  n_markets_traded=41.000  herfindahl_index_markets=0.197
10:51:34 [super]   #1436  0xcda8d1ec269686f657bfcb65831bb90307134902  prob=0.0277 (raw=0.0146)  vol=$2,580  trades=2  first_trade=2025-12-06 06:25  winrate=0.250  n_markets_traded=32.000  herfindahl_index_markets=0.155
10:51:34 [super]   #1438  0x12d6cccfc7470a3f4bafc53599a4779cbf2cf2a8  prob=0.0277 (raw=0.0145)  vol=$27,190  trades=9  first_trade=2025-12-05 09:25  winrate=NaN  n_markets_traded=0.000  herfindahl_index_markets=0.000
10:51:34 [super]   #1441  0x26519b477f1cd031919e18f33fd8d3fcb48c3471  prob=0.0277 (raw=0.0144)  vol=$1,599  trades=10  first_trade=2025-12-04 08:00  winrate=NaN  n_markets_traded=0.000  herfindahl_index_markets=0.000
10:51:34 [super]   #1444  0x24c8cf69a0e0a17eee21f69d29752bfa32e823e1  prob=0.0277 (raw=0.0144)  vol=$66,526  trades=37  first_trade=2025-12-04 03:28  winrate=NaN  n_markets_traded=0.000  herfindahl_index_markets=0.000
10:51:34 [super]   #1451  0xe1e24a2ae12c8af2f41ac91fea3928423e039629  prob=0.0277 (raw=0.0142)  vol=$1,667  trades=2  first_trade=2025-12-04 13:18  winrate=0.552  n_markets_traded=226.000  herfindahl_index_markets=0.036
10:51:34 [super]   #1455  0x259b561d0a3b688a053e2e1353f894fd48a2dafc  prob=0.0277 (raw=0.0142)  vol=$2,500  trades=2  first_trade=2025-12-04 13:40  winrate=0.500  n_markets_traded=24.000  herfindahl_index_markets=0.146
10:51:34 [super]   #1459  0x9bdb831c23e1fc7d5145d837c1462b61970ea90d  prob=0.0277 (raw=0.0142)  vol=$1,382  trades=6  first_trade=2025-12-04 08:08  winrate=0.513  n_markets_traded=39.000  herfindahl_index_markets=0.054
10:51:34 [super]   #1463  0x09896d27365d7ddea148eb31ba579ab290c31b82  prob=0.0277 (raw=0.0142)  vol=$15,500  trades=5  first_trade=2025-12-07 07:55  winrate=0.054  n_markets_traded=56.000  herfindahl_index_markets=0.103
10:51:34 [super]   #1464  0xc1b399b26020a4f689108e9640fd3dc8ffc8501c  prob=0.0277 (raw=0.0142)  vol=$6,494  trades=5  first_trade=2025-12-04 03:21  winrate=NaN  n_markets_traded=0.000  herfindahl_index_markets=0.000
10:51:34 [super]   #1472  0x2200b75c27835935a40308779b5656c09ab40f2d  prob=0.0277 (raw=0.0139)  vol=$1,274  trades=7  first_trade=2025-12-04 06:05  winrate=NaN  n_markets_traded=0.000  herfindahl_index_markets=0.000
10:51:34 [super]   #1473  0x4d1bcbaeed22c6da173b1a356c3c6d2270081419  prob=0.0277 (raw=0.0139)  vol=$3,741  trades=12  first_trade=2025-12-04 06:23  winrate=NaN  n_markets_traded=0.000  herfindahl_index_markets=0.000
10:51:34 [super]   #1479  0x6ba760564dc8ddefafbfbf04a9bcddcea3b9ab1f  prob=0.0276 (raw=0.0137)  vol=$1,060  trades=3  first_trade=2025-12-05 08:43  winrate=0.059  n_markets_traded=17.000  herfindahl_index_markets=0.198
10:51:34 [super]   #1480  0xa95c277f15519e5b4c6833bd9144f3a0f395517a  prob=0.0276 (raw=0.0137)  vol=$2,373  trades=8  first_trade=2025-11-28 20:51  winrate=0.263  n_markets_traded=278.000  herfindahl_index_markets=0.013
10:51:34 [super]   #1481  0x3764e839f3d535e3c283f7c3f0fabd6f13db9d7e  prob=0.0276 (raw=0.0137)  vol=$2,548  trades=6  first_trade=2025-12-05 03:00  winrate=0.214  n_markets_traded=70.000  herfindahl_index_markets=0.048
10:51:34 [super]   #1483  0xcb59ea1babf3b26ea50088057e427ab0ed8f0a22  prob=0.0276 (raw=0.0136)  vol=$26,664  trades=12  first_trade=2025-12-04 03:16  winrate=NaN  n_markets_traded=0.000  herfindahl_index_markets=0.000
10:51:34 [super]   #1484  0x448861155279dbf833d041b963e3ac854599e319  prob=0.0276 (raw=0.0136)  vol=$32,012  trades=7  first_trade=2025-12-04 04:01  winrate=NaN  n_markets_traded=0.000  herfindahl_index_markets=0.000
10:51:34 [super]   #1492  0xd6321c049c527e8a622d6aa35f514ae74f798afb  prob=0.0276 (raw=0.0136)  vol=$2,192  trades=8  first_trade=2025-12-04 08:01  winrate=NaN  n_markets_traded=0.000  herfindahl_index_markets=0.000
10:51:34 [super]   #1497  0xe685c62e7c103acc17e765c72e764c319593b715  prob=0.0276 (raw=0.0135)  vol=$8,256  trades=2  first_trade=2025-12-04 08:47  winrate=0.426  n_markets_traded=61.000  herfindahl_index_markets=0.046
10:51:34 [super]   #1499  0xe9100162c21d75008282af544354477e2d97a9b8  prob=0.0276 (raw=0.0135)  vol=$5,000  trades=2  first_trade=2025-12-06 07:51  winrate=0.000  n_markets_traded=10.000  herfindahl_index_markets=0.180
10:51:34 [super]   #1502  0x74471a007ddcc488f6d57b5e86dfb35a8d48a16d  prob=0.0276 (raw=0.0135)  vol=$44,537  trades=56  first_trade=2025-12-04 05:24  winrate=NaN  n_markets_traded=0.000  herfindahl_index_markets=0.000
10:51:34 [super]   #1503  0xbc7c974eea213c5d59ccc93c8b1aa7c76d95c08e  prob=0.0276 (raw=0.0134)  vol=$2,053  trades=8  first_trade=2025-12-04 06:06  winrate=0.315  n_markets_traded=155.000  herfindahl_index_markets=0.022
10:51:34 [super]   #1504  0x2c3928af89565c352afe8e2a1b25deed77a056dc  prob=0.0276 (raw=0.0134)  vol=$17,771  trades=7  first_trade=2025-12-04 03:24  winrate=NaN  n_markets_traded=0.000  herfindahl_index_markets=0.000
10:51:34 [super]   #1506  0x4d0121458bb2f96c6440c0f3835d675ad3ce1645  prob=0.0276 (raw=0.0134)  vol=$7,474  trades=2  first_trade=2025-12-04 07:59  winrate=NaN  n_markets_traded=0.000  herfindahl_index_markets=0.000
10:51:34 [super]   #1507  0xa81eefec9c08fa157d855f1ac5caf8feab1903dc  prob=0.0276 (raw=0.0134)  vol=$50,576  trades=18  first_trade=2025-12-04 07:51  winrate=NaN  n_markets_traded=0.000  herfindahl_index_markets=0.000
10:51:34 [super]   #1510  0xfb62d55912bf2dc07979c98f04e3136683274f95  prob=0.0276 (raw=0.0133)  vol=$4,070  trades=11  first_trade=2025-12-04 07:05  winrate=0.222  n_markets_traded=8.000  herfindahl_index_markets=0.170
10:51:34 [super]   #1512  0xa18d9584e5dbe2f7e38e585fc54e688e5d8ab16a  prob=0.0276 (raw=0.0133)  vol=$1,055  trades=43  first_trade=2025-12-04 06:12  winrate=NaN  n_markets_traded=0.000  herfindahl_index_markets=0.000
10:51:34 [super]   #1513  0x72a22d4d155079da8f50c89d4c6c03b6428e7b65  prob=0.0276 (raw=0.0132)  vol=$1,389  trades=12  first_trade=2025-11-26 23:14  winrate=NaN  n_markets_traded=0.000  herfindahl_index_markets=0.000
10:51:34 [super]   #1516  0xecf4d3d0a960f0f4460761fe4672a14479799979  prob=0.0276 (raw=0.0131)  vol=$20,881  trades=33  first_trade=2025-12-04 03:39  winrate=NaN  n_markets_traded=0.000  herfindahl_index_markets=0.000
10:51:34 [super]   #1517  0xbb9c165825e9f233d1f611b50b193fe94513072b  prob=0.0276 (raw=0.0131)  vol=$45,429  trades=44  first_trade=2025-12-04 03:08  winrate=NaN  n_markets_traded=0.000  herfindahl_index_markets=0.000
10:51:34 [super]   #1525  0x10863e1c3980e7092df9c66792ac3015450528a9  prob=0.0276 (raw=0.0131)  vol=$1,500  trades=4  first_trade=2025-12-04 13:11  winrate=0.467  n_markets_traded=30.000  herfindahl_index_markets=0.063
10:51:34 [super]   #1530  0x92e5a7768bf529531da12fbfc6c83b2cd09fd129  prob=0.0276 (raw=0.0131)  vol=$34,738  trades=15  first_trade=2025-12-04 14:23  winrate=0.385  n_markets_traded=91.000  herfindahl_index_markets=0.065
10:51:34 [super]   #1531  0xe50426e53bc1485ee7d1ae741c606e2b679770ef  prob=0.0276 (raw=0.0131)  vol=$3,732  trades=1  first_trade=2025-11-30 21:53  winrate=0.395  n_markets_traded=106.000  herfindahl_index_markets=0.043
10:51:34 [super]   #1532  0xd65aa536b589fb704616dfb7b86922b458493384  prob=0.0276 (raw=0.0131)  vol=$4,000  trades=4  first_trade=2025-12-04 13:27  winrate=0.429  n_markets_traded=14.000  herfindahl_index_markets=0.117
10:51:34 [super]   #1534  0xf4d0b62bafd9c9bf1b4b1d9ff849568ea3be4637  prob=0.0276 (raw=0.0131)  vol=$9,468  trades=13  first_trade=2025-12-05 10:17  winrate=NaN  n_markets_traded=0.000  herfindahl_index_markets=0.000
10:51:34 [super]   #1537  0xd362566464efa05a15a3d7ce3224067564879bc4  prob=0.0276 (raw=0.0131)  vol=$2,073  trades=162  first_trade=2025-11-29 20:08  winrate=NaN  n_markets_traded=0.000  herfindahl_index_markets=0.000
10:51:34 [super]   #1538  0xd4f904ecac0ff22ac6601de6b972d4f8b6b4f619  prob=0.0276 (raw=0.0131)  vol=$95,883  trades=31  first_trade=2025-12-04 03:26  winrate=NaN  n_markets_traded=0.000  herfindahl_index_markets=0.000
10:51:34 [super]   #1544  0x7a146c5e70c092d06be27097a5c770b49d0bd748  prob=0.0275 (raw=0.0129)  vol=$46,091  trades=37  first_trade=2025-12-04 06:49  winrate=NaN  n_markets_traded=0.000  herfindahl_index_markets=0.000
10:51:34 [super]   #1545  0x50b242e0b9ac75359464c5b3be62ad6b42d8c94a  prob=0.0275 (raw=0.0129)  vol=$2,348  trades=8  first_trade=2025-12-04 06:03  winrate=NaN  n_markets_traded=0.000  herfindahl_index_markets=0.000
10:51:34 [super]   #1546  0x06dcaa14f57d8a0573f5dc5940565e6de667af59  prob=0.0275 (raw=0.0129)  vol=$29,103  trades=17  first_trade=2025-12-04 06:01  winrate=NaN  n_markets_traded=0.000  herfindahl_index_markets=0.000
10:51:34 [super]   #1547  0x832bce13fa76d504c2b747587c274c996b423ae1  prob=0.0275 (raw=0.0129)  vol=$4,407  trades=7  first_trade=2025-12-04 07:41  winrate=NaN  n_markets_traded=0.000  herfindahl_index_markets=0.000
10:51:34 [super]   #1548  0x6828e04b468e17d92fa1e5d60d59290278a81056  prob=0.0275 (raw=0.0129)  vol=$23,739  trades=39  first_trade=2025-12-04 07:32  winrate=NaN  n_markets_traded=0.000  herfindahl_index_markets=0.000
10:51:34 [super]   #1550  0x7df61ca342c9b53ba9b4c60745718ed48a77ac3b  prob=0.0275 (raw=0.0128)  vol=$1,854  trades=12  first_trade=2025-12-03 00:58  winrate=NaN  n_markets_traded=0.000  herfindahl_index_markets=0.000
10:51:34 [super]   #1551  0xa1ffbb2952fcd18b3b4759ccddeb7fdf90f655bd  prob=0.0275 (raw=0.0128)  vol=$47,613  trades=13  first_trade=2025-12-04 06:34  winrate=NaN  n_markets_traded=0.000  herfindahl_index_markets=0.000
10:51:34 [super]   #1552  0x79add3f87e377b0899b935472c07d2c3816ba9f1  prob=0.0275 (raw=0.0127)  vol=$52,917  trades=13  first_trade=2025-12-04 06:39  winrate=NaN  n_markets_traded=0.000  herfindahl_index_markets=0.000
10:51:34 [super]   #1561  0xd25b8718f61fb64a754356ad8cf16b5579f59f3d  prob=0.0275 (raw=0.0125)  vol=$3,952  trades=11  first_trade=2025-12-04 07:32  winrate=NaN  n_markets_traded=0.000  herfindahl_index_markets=0.000
10:51:34 [super]   #1563  0x260b8cd6b62a86dfbf53c1d9d2eb0328f865d12c  prob=0.0275 (raw=0.0124)  vol=$1,133  trades=4  first_trade=2025-12-04 03:17  winrate=NaN  n_markets_traded=0.000  herfindahl_index_markets=0.000
10:51:34 [super]   #1564  0x8f7b410126c510de779f74c42b60ff0d34dc55ce  prob=0.0275 (raw=0.0124)  vol=$1,135  trades=4  first_trade=2025-12-04 05:07  winrate=NaN  n_markets_traded=0.000  herfindahl_index_markets=0.000
10:51:34 [super]   #1569  0x1e1f17412069c0736adfaadf8ee7f46e5612c855  prob=0.0275 (raw=0.0121)  vol=$121,779  trades=31  first_trade=2025-12-04 03:41  winrate=NaN  n_markets_traded=0.000  herfindahl_index_markets=0.000
10:51:34 [super]   #1572  0x17ce7c9a7f768bfa98946caf7d64c9e051f5beec  prob=0.0274 (raw=0.0119)  vol=$162,823  trades=443  first_trade=2025-11-28 14:52  winrate=NaN  n_markets_traded=0.000  herfindahl_index_markets=0.000
10:51:34 [super]   #1574  0xd251888534639d48da16168aa7b50ba019c8d611  prob=0.0274 (raw=0.0119)  vol=$1,036  trades=8  first_trade=2025-12-04 05:17  winrate=0.295  n_markets_traded=44.000  herfindahl_index_markets=0.086
10:51:34 [super]   #1576  0x334932d9cb8effcb325fcb898e045feffc92c0b8  prob=0.0274 (raw=0.0118)  vol=$2,733  trades=8  first_trade=2025-12-02 16:39  winrate=NaN  n_markets_traded=0.000  herfindahl_index_markets=0.000
10:51:34 [super]   #1577  0x80c65de4e3eb99d4d7f540b26cc45cd90b0be3c1  prob=0.0274 (raw=0.0118)  vol=$1,833  trades=2  first_trade=2025-12-05 03:17  winrate=0.362  n_markets_traded=94.000  herfindahl_index_markets=0.041
10:51:34 [super]   #1578  0xc5d563a36ae78145c45a50134d48a1215220f80a  prob=0.0274 (raw=0.0118)  vol=$4,568,710  trades=5982  first_trade=2025-11-26 19:08  winrate=NaN  n_markets_traded=0.000  herfindahl_index_markets=0.000
10:51:34 [super]   #1579  0x57b00c3ccef1b6bd6962fb9ca463c4e0b38e76f4  prob=0.0274 (raw=0.0118)  vol=$14,111  trades=42  first_trade=2025-12-04 05:29  winrate=NaN  n_markets_traded=0.000  herfindahl_index_markets=0.000
10:51:34 [super]   #1580  0xfd2b05928e63a513efda1e60d6d925b271e29ff9  prob=0.0274 (raw=0.0117)  vol=$16,829  trades=6  first_trade=2025-12-04 08:53  winrate=NaN  n_markets_traded=0.000  herfindahl_index_markets=0.000
10:51:34 [super]   #1581  0x668d85d791049bf0100e557a72c7ed4dc97297d2  prob=0.0274 (raw=0.0117)  vol=$7,280  trades=12  first_trade=2025-12-04 07:56  winrate=NaN  n_markets_traded=0.000  herfindahl_index_markets=0.000
10:51:34 [super]   #1582  0x1c1e841584db14084e10e7dca2ad0ab7b60dbfe7  prob=0.0274 (raw=0.0117)  vol=$15,965  trades=11  first_trade=2025-12-04 12:13  winrate=NaN  n_markets_traded=0.000  herfindahl_index_markets=0.000
10:51:34 [super]   #1583  0xc21ea96be762bb55041529af6e386e7c53b80215  prob=0.0274 (raw=0.0117)  vol=$11,123  trades=20  first_trade=2025-12-03 17:45  winrate=NaN  n_markets_traded=0.000  herfindahl_index_markets=0.000
10:51:34 [super]   #1584  0x7ba5354929bf388707f397c8b21b8322dc954252  prob=0.0274 (raw=0.0116)  vol=$26,901  trades=7  first_trade=2025-11-26 21:32  winrate=NaN  n_markets_traded=0.000  herfindahl_index_markets=0.000
10:51:34 [super]   #1586  0x54b56146656e7eef9da02b3a030c18e06e924b31  prob=0.0274 (raw=0.0116)  vol=$24,166  trades=24  first_trade=2025-12-01 17:06  winrate=NaN  n_markets_traded=0.000  herfindahl_index_markets=0.000
10:51:34 [super]   #1587  0xd1acd3925d895de9aec98ff95f3a30c5279d08d5  prob=0.0274 (raw=0.0115)  vol=$15,699  trades=8  first_trade=2025-12-04 07:50  winrate=NaN  n_markets_traded=0.000  herfindahl_index_markets=0.000
10:51:34 [super]   #1590  0x426dd307ce9357c064a642f6343c4ab674d0a4f5  prob=0.0274 (raw=0.0115)  vol=$2,505  trades=6  first_trade=2025-12-04 14:07  winrate=0.333  n_markets_traded=15.000  herfindahl_index_markets=0.102
10:51:34 [super]   #1593  0x7c3db723f1d4d8cb9c550095203b686cb11e5c6b  prob=0.0274 (raw=0.0115)  vol=$306,776  trades=71  first_trade=2025-12-04 05:17  winrate=NaN  n_markets_traded=0.000  herfindahl_index_markets=0.000
10:51:34 [super]   #1594  0xa9b44dca52ed35e59ac2a6f49d1203b8155464ed  prob=0.0274 (raw=0.0115)  vol=$247,129  trades=84  first_trade=2025-12-04 04:38  winrate=NaN  n_markets_traded=0.000  herfindahl_index_markets=0.000
10:51:34 [super]   #1596  0xe732156a2d84cdfb4de831d3f11a22899e49898f  prob=0.0274 (raw=0.0114)  vol=$4,016  trades=16  first_trade=2025-12-04 05:23  winrate=NaN  n_markets_traded=0.000  herfindahl_index_markets=0.000
10:51:34 [super]   #1599  0x6c16abad96d6989efe1b0333cb9af9158f548bfa  prob=0.0274 (raw=0.0114)  vol=$19,001  trades=122  first_trade=2025-12-04 04:51  winrate=NaN  n_markets_traded=0.000  herfindahl_index_markets=0.000
10:51:34 [super]   #1602  0xac9b386454ed02ef205e0ebd189d8864fd02d4c5  prob=0.0274 (raw=0.0113)  vol=$78,553  trades=47  first_trade=2025-12-04 03:24  winrate=NaN  n_markets_traded=0.000  herfindahl_index_markets=0.000
10:51:34 [super]   #1603  0xd0394bd0de8d901c3fde039a86bf08e6aa4a2532  prob=0.0274 (raw=0.0113)  vol=$61,359  trades=21  first_trade=2025-12-04 04:57  winrate=NaN  n_markets_traded=0.000  herfindahl_index_markets=0.000
10:51:34 [super]   #1604  0xb17edd2dd1a681526b21ea6689170cc4a07222be  prob=0.0274 (raw=0.0113)  vol=$1,221  trades=13  first_trade=2025-12-04 05:27  winrate=NaN  n_markets_traded=0.000  herfindahl_index_markets=0.000
10:51:34 [super]   #1605  0x8e77537e059837d3c2ca5b4efe75e74e9498c4f3  prob=0.0274 (raw=0.0113)  vol=$4,574  trades=2  first_trade=2025-12-01 21:16  winrate=NaN  n_markets_traded=0.000  herfindahl_index_markets=0.000
10:51:34 [super]   #1608  0x4b7410aefbf0f38012b0dfb1131a4de147a9e8d7  prob=0.0273 (raw=0.0112)  vol=$7,555  trades=66  first_trade=2025-12-02 13:08  winrate=NaN  n_markets_traded=0.000  herfindahl_index_markets=0.000
10:51:34 [super]   #1609  0x4cc3522b689a6bf1fb4a2444c523e7776db47552  prob=0.0273 (raw=0.0111)  vol=$58,142  trades=27  first_trade=2025-12-04 08:18  winrate=NaN  n_markets_traded=0.000  herfindahl_index_markets=0.000
10:51:34 [super]   #1611  0x69645cea639e7a19cbde6c126a197bc1abafef53  prob=0.0273 (raw=0.0111)  vol=$116,445  trades=23  first_trade=2025-12-04 03:36  winrate=NaN  n_markets_traded=0.000  herfindahl_index_markets=0.000
10:51:34 [super]   #1612  0xc851cd9bee7d262afd78674f861f9f576a12cd2a  prob=0.0273 (raw=0.0111)  vol=$63,447  trades=8  first_trade=2025-11-30 11:54  winrate=NaN  n_markets_traded=0.000  herfindahl_index_markets=0.000
10:51:34 [super]   #1613  0x63d43bbb87f85af03b8f2f9e2fad7b54334fa2f1  prob=0.0273 (raw=0.0111)  vol=$7,977  trades=164  first_trade=2025-11-27 00:35  winrate=NaN  n_markets_traded=0.000  herfindahl_index_markets=0.000
10:51:34 [super]   #1614  0xb7e90681f15a36e24591baf24645f84726b6bdac  prob=0.0273 (raw=0.0110)  vol=$10,679  trades=10  first_trade=2025-12-04 09:05  winrate=NaN  n_markets_traded=0.000  herfindahl_index_markets=0.000
10:51:34 [super]   #1616  0xea8ee311382139d952087a669252252625663de0  prob=0.0273 (raw=0.0110)  vol=$449,226  trades=381  first_trade=2025-12-04 03:53  winrate=NaN  n_markets_traded=0.000  herfindahl_index_markets=0.000
10:51:34 [super]   #1617  0x241f846866c2de4fb67cdb0ca6b963d85e56ef50  prob=0.0273 (raw=0.0110)  vol=$342,725  trades=135  first_trade=2025-11-26 21:32  winrate=NaN  n_markets_traded=0.000  herfindahl_index_markets=0.000
10:51:34 [super]   #1618  0x77a4ba69bfd3a388bce7031900a3fabc105fc84f  prob=0.0273 (raw=0.0110)  vol=$1,048  trades=15  first_trade=2025-12-04 08:29  winrate=NaN  n_markets_traded=0.000  herfindahl_index_markets=0.000
10:51:34 [super]   #1619  0x6a13a9864a8e53c815cf1adb6026a0f35e3d4593  prob=0.0273 (raw=0.0110)  vol=$1,996  trades=2  first_trade=2025-12-04 09:52  winrate=NaN  n_markets_traded=0.000  herfindahl_index_markets=0.000
10:51:34 [super]   #1620  0xe8278d22bef444ede84505b7c0ec4e4001305209  prob=0.0273 (raw=0.0110)  vol=$2,400  trades=6  first_trade=2025-12-04 03:32  winrate=NaN  n_markets_traded=0.000  herfindahl_index_markets=0.000
10:51:34 [super]   #1622  0x7b75e76b13a8d792bd4ce25d76a50be61ced3fd1  prob=0.0273 (raw=0.0110)  vol=$1,645  trades=36  first_trade=2025-12-04 05:22  winrate=NaN  n_markets_traded=0.000  herfindahl_index_markets=0.000
10:51:34 [super]   #1623  0x5188fa0e8a77e87bc6a58e6781fdfc4e165cc804  prob=0.0273 (raw=0.0109)  vol=$1,893  trades=16  first_trade=2025-12-01 01:03  winrate=NaN  n_markets_traded=0.000  herfindahl_index_markets=0.000
10:51:34 [super]   #1625  0xa61ef8773ec2e821962306ca87d4b57e39ff0abd  prob=0.0273 (raw=0.0109)  vol=$11,951  trades=5  first_trade=2025-12-04 03:51  winrate=NaN  n_markets_traded=0.000  herfindahl_index_markets=0.000
10:51:34 [super]   #1627  0xecb14ac6e9ca447ce2f2912e6217b43d7b655da3  prob=0.0273 (raw=0.0109)  vol=$514,799  trades=52  first_trade=2025-12-04 03:39  winrate=NaN  n_markets_traded=0.000  herfindahl_index_markets=0.000
10:51:34 [super]   #1628  0x64ae44024502016d3971efd56fef6f0bfc8a532b  prob=0.0273 (raw=0.0108)  vol=$3,435  trades=20  first_trade=2025-12-04 17:35  winrate=NaN  n_markets_traded=0.000  herfindahl_index_markets=0.000
10:51:34 [super]   #1629  0xa4bd8f49695cf5d55924aca4cc2694952874e8a2  prob=0.0273 (raw=0.0108)  vol=$3,329  trades=409  first_trade=2025-12-01 17:59  winrate=NaN  n_markets_traded=0.000  herfindahl_index_markets=0.000
10:51:34 [super]   #1634  0x4bf459194025b2ca11a2db2deb9ef2a08c467021  prob=0.0273 (raw=0.0107)  vol=$11,485  trades=10  first_trade=2025-12-04 11:22  winrate=NaN  n_markets_traded=0.000  herfindahl_index_markets=0.000
10:51:34 [super]   #1635  0x34026514e0bda25f0f9fbb053fe3070cdc8c9446  prob=0.0273 (raw=0.0107)  vol=$133,135  trades=14  first_trade=2025-12-04 20:46  winrate=NaN  n_markets_traded=0.000  herfindahl_index_markets=0.000
10:51:34 [super]   #1636  0xd5b97d08ec6098407bfbf66c2786ccc9967fe44e  prob=0.0273 (raw=0.0107)  vol=$30,874  trades=17  first_trade=2025-12-04 10:23  winrate=NaN  n_markets_traded=0.000  herfindahl_index_markets=0.000
10:51:34 [super]   #1637  0xce66940dfe6dc18bc151d66d52a66eb2121bcc64  prob=0.0273 (raw=0.0107)  vol=$14,066  trades=6  first_trade=2025-12-04 06:50  winrate=NaN  n_markets_traded=0.000  herfindahl_index_markets=0.000
10:51:34 [super]   #1644  0xeae3266903f9ddfe0fdff73febe6b5a70762d912  prob=0.0273 (raw=0.0106)  vol=$1,677  trades=4  first_trade=2025-12-04 09:45  winrate=0.317  n_markets_traded=41.000  herfindahl_index_markets=0.129
10:51:34 [super]   #1646  0x8c65645130b3e7e1d6b897b010673de3c353d11b  prob=0.0273 (raw=0.0106)  vol=$3,345  trades=6  first_trade=2025-12-04 12:13  winrate=0.154  n_markets_traded=39.000  herfindahl_index_markets=0.088
10:51:34 [super]   #1647  0xdd572169e741c72227589c5cb56b9ddd638d694d  prob=0.0273 (raw=0.0106)  vol=$40,439  trades=5  first_trade=2025-12-04 04:47  winrate=NaN  n_markets_traded=0.000  herfindahl_index_markets=0.000
10:51:34 [super]   #1649  0x43440ab002eaac9fede6f9d21bea96d84228f90d  prob=0.0273 (raw=0.0105)  vol=$4,435  trades=2  first_trade=2025-12-04 19:30  winrate=NaN  n_markets_traded=0.000  herfindahl_index_markets=0.000
10:51:34 [super]   #1650  0x49b5ea600756e252050dd18aaba8317724f9d249  prob=0.0273 (raw=0.0105)  vol=$3,389  trades=3  first_trade=2025-12-04 13:20  winrate=NaN  n_markets_traded=0.000  herfindahl_index_markets=0.000
10:51:34 [super]   #1652  0x225b7c9aaf6108ded29b9fda9939aa671ef6422a  prob=0.0273 (raw=0.0105)  vol=$3,923  trades=12  first_trade=2025-12-04 06:20  winrate=0.349  n_markets_traded=86.000  herfindahl_index_markets=0.049
10:51:34 [super]   #1653  0x8a8ca723c227e97370d3281e54b117cf4cb25ae2  prob=0.0273 (raw=0.0105)  vol=$1,400  trades=6  first_trade=2025-12-05 00:45  winrate=0.000  n_markets_traded=11.000  herfindahl_index_markets=0.133
10:51:34 [super]   #1655  0x47f0af7a0ae498a4f0f1f9092dd572240eaeda2b  prob=0.0273 (raw=0.0104)  vol=$2,000  trades=4  first_trade=2025-12-04 04:21  winrate=0.286  n_markets_traded=63.000  herfindahl_index_markets=0.092
10:51:34 [super]   #1656  0xeec50edede5d961efb02e20bfd3275dd1e7fb6fe  prob=0.0273 (raw=0.0104)  vol=$11,728  trades=42  first_trade=2025-12-04 03:44  winrate=NaN  n_markets_traded=0.000  herfindahl_index_markets=0.000
10:51:34 [super]   #1657  0xdc8d49e3317dab913726f10c75a6dff742c784bc  prob=0.0273 (raw=0.0104)  vol=$37,692  trades=56  first_trade=2025-12-02 19:44  winrate=NaN  n_markets_traded=0.000  herfindahl_index_markets=0.000
10:51:34 [super]   #1658  0xb8e69b66c2a4d26db7b602d8f170dfb46b8f9767  prob=0.0273 (raw=0.0104)  vol=$2,383  trades=2  first_trade=2025-12-06 01:42  winrate=NaN  n_markets_traded=0.000  herfindahl_index_markets=0.000
10:51:34 [super]   #1660  0xb1a190be02cafacb6c30b98beb621503d5e2d308  prob=0.0273 (raw=0.0104)  vol=$4,198  trades=29  first_trade=2025-11-30 07:54  winrate=NaN  n_markets_traded=0.000  herfindahl_index_markets=0.000
10:51:34 [super]   #1661  0x805a922574d7d6b158b7bbb49a6fa8925eb60635  prob=0.0272 (raw=0.0103)  vol=$104,796  trades=23  first_trade=2025-12-04 04:38  winrate=NaN  n_markets_traded=0.000  herfindahl_index_markets=0.000
10:51:34 [super]   #1663  0xfc013900fd8ef7232d449aa2b19b77374e0b603b  prob=0.0272 (raw=0.0103)  vol=$1,222  trades=2  first_trade=2025-12-04 06:37  winrate=NaN  n_markets_traded=0.000  herfindahl_index_markets=0.000
10:51:34 [super]   #1664  0x61d0aceed741417e9b7ea45bcb7bf0295c8d1d86  prob=0.0272 (raw=0.0103)  vol=$110,836  trades=43  first_trade=2025-12-04 06:09  winrate=NaN  n_markets_traded=0.000  herfindahl_index_markets=0.000
10:51:34 [super]   #1666  0x562bc8068347268d9a69b8dd464d00eed0f9dc09  prob=0.0272 (raw=0.0103)  vol=$6,250  trades=37  first_trade=2025-12-04 05:03  winrate=NaN  n_markets_traded=0.000  herfindahl_index_markets=0.000
10:51:34 [super]   #1668  0xcdb1f1ef8213c06911e4ba6a884176c5571e276c  prob=0.0272 (raw=0.0103)  vol=$24,332  trades=58  first_trade=2025-12-04 05:21  winrate=NaN  n_markets_traded=0.000  herfindahl_index_markets=0.000
10:51:34 [super]   #1669  0x17a573d7c137026be0c86ac13b539154155fe00a  prob=0.0272 (raw=0.0103)  vol=$22,455  trades=62  first_trade=2025-12-04 03:22  winrate=NaN  n_markets_traded=0.000  herfindahl_index_markets=0.000
10:51:34 [super]   #1670  0xc781e8dd03946230f2f32ab36077998bcb4a59d7  prob=0.0272 (raw=0.0103)  vol=$9,810  trades=6  first_trade=2025-12-04 03:37  winrate=NaN  n_markets_traded=0.000  herfindahl_index_markets=0.000
10:51:34 [super]   #1671  0xf1f9a438f2697381b4ac8eb283d6f4dd772d1245  prob=0.0272 (raw=0.0103)  vol=$7,778  trades=12  first_trade=2025-12-04 05:11  winrate=NaN  n_markets_traded=0.000  herfindahl_index_markets=0.000
10:51:34 [super]   #1672  0x47ab026767cc320ac6e62f6ec747d59cf4d795df  prob=0.0272 (raw=0.0103)  vol=$229,765  trades=74  first_trade=2025-12-04 05:01  winrate=NaN  n_markets_traded=0.000  herfindahl_index_markets=0.000
10:51:34 [super]   #1673  0xad529df14c293d77984a0137990a1441b25211ac  prob=0.0272 (raw=0.0103)  vol=$37,103  trades=46  first_trade=2025-11-27 07:51  winrate=NaN  n_markets_traded=0.000  herfindahl_index_markets=0.000
10:51:34 [super]   #1676  0xb3fe2aeb7f5c6a2dc0cb3d9dbb009fa7c7b54a24  prob=0.0272 (raw=0.0102)  vol=$5,095  trades=7  first_trade=2025-12-04 07:16  winrate=NaN  n_markets_traded=0.000  herfindahl_index_markets=0.000
10:51:34 [super]   #1677  0xb401123e33dbbe1d575c4ee4f30c714a2819df2a  prob=0.0272 (raw=0.0102)  vol=$30,031  trades=38  first_trade=2025-12-01 08:22  winrate=NaN  n_markets_traded=0.000  herfindahl_index_markets=0.000
10:51:34 [super]   #1682  0x48185887c8dc95de60ee89722f1d0ee7894cbf0b  prob=0.0272 (raw=0.0101)  vol=$39,960  trades=1  first_trade=2025-12-06 19:57  winrate=NaN  n_markets_traded=0.000  herfindahl_index_markets=0.000
10:51:34 [super]   #1686  0x8b203cda6a48baee7d7b0f2c07cf6add26e038ff  prob=0.0272 (raw=0.0101)  vol=$19,613  trades=17  first_trade=2025-12-04 06:19  winrate=0.113  n_markets_traded=195.000  herfindahl_index_markets=0.136
10:51:34 [super]   #1689  0x36da5ca5d1d4b79f1c2ebbb09be8c13834568218  prob=0.0272 (raw=0.0098)  vol=$25,152  trades=19  first_trade=2025-12-04 14:25  winrate=NaN  n_markets_traded=0.000  herfindahl_index_markets=0.000
10:51:34 [super]   #1692  0xff76de0257c2443434b1efcbc74176d1fe7a96c3  prob=0.0272 (raw=0.0098)  vol=$1,006  trades=4  first_trade=2025-12-05 07:07  winrate=0.235  n_markets_traded=268.000  herfindahl_index_markets=0.008
10:51:34 [super]   #1693  0x92be01de38bd5487cbb74df5cf4a30e71481368c  prob=0.0272 (raw=0.0098)  vol=$5,000  trades=2  first_trade=2025-12-05 08:35  winrate=0.148  n_markets_traded=115.000  herfindahl_index_markets=0.069
10:51:34 [super]   #1694  0x7c3941fb6c074f3796af11d49a00aa92947df4f2  prob=0.0272 (raw=0.0098)  vol=$5,000  trades=2  first_trade=2025-12-06 17:02  winrate=0.330  n_markets_traded=88.000  herfindahl_index_markets=0.024
10:51:34 [super]   #1695  0x651aafb35eb5afa078cf47ba63440f2bef09b898  prob=0.0272 (raw=0.0098)  vol=$9,500  trades=4  first_trade=2025-12-04 14:08  winrate=0.190  n_markets_traded=58.000  herfindahl_index_markets=0.078
10:51:34 [super]   #1696  0x1f496a1cc840c95a1eca13f1b5bbdf983ff27458  prob=0.0272 (raw=0.0097)  vol=$1,161  trades=6  first_trade=2025-12-01 10:45  winrate=NaN  n_markets_traded=0.000  herfindahl_index_markets=0.000
10:51:34 [super]   #1699  0x22fb05fc74d637aa9d6601cd8a373c04cb69d7d6  prob=0.0272 (raw=0.0097)  vol=$5,843  trades=12  first_trade=2025-12-04 07:13  winrate=NaN  n_markets_traded=0.000  herfindahl_index_markets=0.000
10:51:34 [super]   #1703  0xbacd00c9080a82ded56f504ee8810af732b0ab35  prob=0.0272 (raw=0.0096)  vol=$26,690  trades=59  first_trade=2025-12-02 05:19  winrate=NaN  n_markets_traded=0.000  herfindahl_index_markets=0.000
10:51:34 [super]   #1705  0x73d225c851df25d73b14846a370bdeef9434f9b7  prob=0.0272 (raw=0.0095)  vol=$2,230  trades=18  first_trade=2025-12-03 16:11  winrate=NaN  n_markets_traded=0.000  herfindahl_index_markets=0.000
10:51:34 [super]   #1706  0x4e25605fd905e9972efc0f4d8814530c655cd7a7  prob=0.0272 (raw=0.0095)  vol=$3,254  trades=8  first_trade=2025-12-02 18:19  winrate=NaN  n_markets_traded=0.000  herfindahl_index_markets=0.000
10:51:34 [super]   #1709  0x8f88b822c115fc168672b142a953d37d1ea4ca51  prob=0.0272 (raw=0.0095)  vol=$7,840  trades=8  first_trade=2025-12-04 23:10  winrate=NaN  n_markets_traded=0.000  herfindahl_index_markets=0.000
10:51:34 [super]   #1711  0x21ffd2b7a212a6f277ed3eca1a9f8efcbca90d71  prob=0.0272 (raw=0.0095)  vol=$4,011  trades=53  first_trade=2025-11-30 00:06  winrate=NaN  n_markets_traded=0.000  herfindahl_index_markets=0.000
10:51:34 [super]   #1712  0x8795bcb2fe129d1ea3e3d73bc13a3d8078047544  prob=0.0271 (raw=0.0095)  vol=$105,102  trades=71  first_trade=2025-11-30 04:09  winrate=NaN  n_markets_traded=0.000  herfindahl_index_markets=0.000
10:51:34 [super]   #1718  0xbb2182138b986790638ff3850e0b9a78b070e043  prob=0.0271 (raw=0.0095)  vol=$348,381  trades=25  first_trade=2025-12-04 19:30  winrate=0.118  n_markets_traded=17.000  herfindahl_index_markets=0.108
10:51:34 [super]   #1720  0x5d18de8624ba5b526628259768def39c291f0af4  prob=0.0271 (raw=0.0095)  vol=$2,000  trades=2  first_trade=2025-12-06 19:41  winrate=0.222  n_markets_traded=9.000  herfindahl_index_markets=0.124
10:51:34 [super]   #1726  0x07622674393cefbea76e60060f65073f98b99529  prob=0.0271 (raw=0.0095)  vol=$6,000  trades=10  first_trade=2025-12-04 13:19  winrate=0.138  n_markets_traded=29.000  herfindahl_index_markets=0.074
10:51:34 [super]   #1735  0x1f0134411be4df9d5003ca286f3dd9fea262548c  prob=0.0271 (raw=0.0095)  vol=$4,830  trades=5  first_trade=2025-12-05 08:26  winrate=0.253  n_markets_traded=170.000  herfindahl_index_markets=0.053
10:51:34 [super]   #1739  0xe75ac274f6474acd10ba8846f469bcde5445d528  prob=0.0271 (raw=0.0095)  vol=$6,340  trades=2  first_trade=2025-12-04 18:27  winrate=0.364  n_markets_traded=22.000  herfindahl_index_markets=0.074
10:51:34 [super]   #1741  0x4eab7978e1238f59a2ad4be4185fbe9a30b108bf  prob=0.0271 (raw=0.0095)  vol=$10,830  trades=2  first_trade=2025-12-05 17:57  winrate=0.333  n_markets_traded=15.000  herfindahl_index_markets=0.138
10:51:34 [super]   #1742  0xb873ceab657f080fa4f94cc3c97a7dbe5c07c521  prob=0.0271 (raw=0.0095)  vol=$59,880  trades=14  first_trade=2025-12-04 13:32  winrate=0.143  n_markets_traded=7.000  herfindahl_index_markets=0.148
10:51:34 [super]   #1744  0x3f7aee8f1fafcd873343105b24f83f3f98a9248e  prob=0.0271 (raw=0.0095)  vol=$69,618  trades=144  first_trade=2025-11-30 07:25  winrate=NaN  n_markets_traded=0.000  herfindahl_index_markets=0.000
10:51:34 [super]   #1746  0xa6e7ffa50b030c3a448511f5c268504eaa3e5fbc  prob=0.0271 (raw=0.0094)  vol=$2,250  trades=4  first_trade=2025-12-04 12:46  winrate=0.000  n_markets_traded=15.000  herfindahl_index_markets=0.100
10:51:34 [super]   #1747  0xdec5181ca9851abb10388591c497452629e7e955  prob=0.0271 (raw=0.0094)  vol=$2,383  trades=8  first_trade=2025-12-05 00:30  winrate=0.000  n_markets_traded=13.000  herfindahl_index_markets=0.086
10:51:34 [super]   #1750  0xc5d5b7a32f92acaedad697640fb4904d47965cd6  prob=0.0271 (raw=0.0094)  vol=$1,333  trades=4  first_trade=2025-12-05 15:46  winrate=0.000  n_markets_traded=12.000  herfindahl_index_markets=0.083
10:51:34 [super]   #1755  0x01fe9bdd1faa7794b0f0eb933509e2d8fe7d79f4  prob=0.0271 (raw=0.0094)  vol=$1,006  trades=8  first_trade=2025-12-04 05:42  winrate=NaN  n_markets_traded=0.000  herfindahl_index_markets=0.000
10:51:34 [super]   #1758  0x3f3bfc6d754e416699793901ffb12ddeee9f1d77  prob=0.0271 (raw=0.0093)  vol=$11,398  trades=16  first_trade=2025-12-04 05:08  winrate=NaN  n_markets_traded=0.000  herfindahl_index_markets=0.000
10:51:34 [super]   #1759  0xd189664c5308903476f9f079820431e4fd7d06f4  prob=0.0271 (raw=0.0092)  vol=$49,870  trades=16  first_trade=2025-12-04 03:36  winrate=NaN  n_markets_traded=0.000  herfindahl_index_markets=0.000
10:51:34 [super]   #1762  0xf5ccb0827bc55ae619c26ff25e704d0cc6640540  prob=0.0271 (raw=0.0092)  vol=$14,000  trades=10  first_trade=2025-12-04 04:12  winrate=NaN  n_markets_traded=0.000  herfindahl_index_markets=0.000
10:51:34 [super]   #1768  0x87f4b922a7a994599213f925a78884f657e149e7  prob=0.0271 (raw=0.0090)  vol=$1,007  trades=7  first_trade=2025-12-03 03:08  winrate=0.302  n_markets_traded=349.000  herfindahl_index_markets=0.013
10:51:34 [super]   #1769  0xa952437457ad260b8f47305ac35e4bde4d0f5ca1  prob=0.0271 (raw=0.0090)  vol=$2,250  trades=2  first_trade=2025-12-02 15:43  winrate=0.200  n_markets_traded=15.000  herfindahl_index_markets=0.098
10:51:34 [super]   #1773  0x3376af22d333213cc84be18e9687d421ef5d3c7f  prob=0.0271 (raw=0.0090)  vol=$9,268  trades=79  first_trade=2025-12-04 03:15  winrate=NaN  n_markets_traded=0.000  herfindahl_index_markets=0.000
10:51:34 [super]   #1774  0x510904c9a58f5c5ad799a1b44947077564175e9c  prob=0.0271 (raw=0.0090)  vol=$6,721  trades=10  first_trade=2025-12-04 05:14  winrate=NaN  n_markets_traded=0.000  herfindahl_index_markets=0.000
10:51:34 [super]   #1775  0x1d8c256b15d3cd1f5db221e70c77f552eb8d757a  prob=0.0271 (raw=0.0089)  vol=$3,407  trades=94  first_trade=2025-11-29 15:11  winrate=NaN  n_markets_traded=0.000  herfindahl_index_markets=0.000
10:51:34 [super]   #1781  0xa45cdb0a5ba4629b5c7860dc3f310978a4dd1d10  prob=0.0271 (raw=0.0088)  vol=$55,124  trades=32  first_trade=2025-12-04 06:34  winrate=NaN  n_markets_traded=0.000  herfindahl_index_markets=0.000
10:51:34 [super]   #1782  0xc02147dee42356b7a4edbb1c35ac4ffa95f61fa8  prob=0.0271 (raw=0.0087)  vol=$11,587  trades=22  first_trade=2025-11-29 19:56  winrate=NaN  n_markets_traded=0.000  herfindahl_index_markets=0.000
10:51:34 [super]   #1786  0xb6fa57039ea79185895500dbd0067c288594abcf  prob=0.0270 (raw=0.0086)  vol=$8,198  trades=103  first_trade=2025-11-29 08:06  winrate=NaN  n_markets_traded=0.000  herfindahl_index_markets=0.000
10:51:34 [super]   #1790  0xcd91a549956854fdc38efad7e80ff5da8f5432b8  prob=0.0270 (raw=0.0086)  vol=$2,959  trades=96  first_trade=2025-11-27 17:02  winrate=NaN  n_markets_traded=0.000  herfindahl_index_markets=0.000
10:51:34 [super]   #1794  0x0dde1b35552efae5aa3759aedb6fa7b2d6f594c3  prob=0.0270 (raw=0.0083)  vol=$15,834  trades=94  first_trade=2025-11-30 07:12  winrate=NaN  n_markets_traded=0.000  herfindahl_index_markets=0.000
10:51:34 [super]   #1803  0x3e2d07f78534a171852cebf009e49e8f923c4323  prob=0.0270 (raw=0.0083)  vol=$1,296  trades=3  first_trade=2025-12-04 13:26  winrate=NaN  n_markets_traded=0.000  herfindahl_index_markets=0.000
10:51:34 [super]   #1804  0x8e9eedf20dfa70956d49f608a205e402d9df38e4  prob=0.0270 (raw=0.0083)  vol=$73,165  trades=385  first_trade=2025-11-30 01:41  winrate=NaN  n_markets_traded=0.000  herfindahl_index_markets=0.000
10:51:34 [super]   #1805  0x5f390e4b7d6f06d6756a6c92afdbf7b3176aa78c  prob=0.0270 (raw=0.0083)  vol=$5,266  trades=84  first_trade=2025-11-26 20:04  winrate=NaN  n_markets_traded=0.000  herfindahl_index_markets=0.000
10:51:34 [super]   #1807  0xd218e474776403a330142299f7796e8ba32eb5c9  prob=0.0270 (raw=0.0083)  vol=$16,825  trades=341  first_trade=2025-11-27 00:35  winrate=NaN  n_markets_traded=0.000  herfindahl_index_markets=0.000
10:51:34 [super]   #1810  0x5c163aad7e0901ffe6c9c4d42a73d3f3b8730272  prob=0.0270 (raw=0.0083)  vol=$1,335  trades=6  first_trade=2025-12-01 23:53  winrate=NaN  n_markets_traded=0.000  herfindahl_index_markets=0.000
10:51:34 [super]   #1812  0x4df7da721042bf8b75bd1cb7acbeb7f83aaf522d  prob=0.0270 (raw=0.0083)  vol=$1,574  trades=18  first_trade=2025-11-29 06:30  winrate=NaN  n_markets_traded=0.000  herfindahl_index_markets=0.000
10:51:34 [super]   #1816  0xe8dd7741ccb12350957ec71e9ee332e0d1e6ec86  prob=0.0270 (raw=0.0083)  vol=$29,556  trades=675  first_trade=2025-11-26 21:36  winrate=NaN  n_markets_traded=0.000  herfindahl_index_markets=0.000
10:51:34 [super]   #1818  0x7024512c86291a05777d9d2cf08198a1b9954c4c  prob=0.0270 (raw=0.0083)  vol=$2,000  trades=2  first_trade=2025-12-05 01:40  winrate=NaN  n_markets_traded=0.000  herfindahl_index_markets=0.000
10:51:34 [super]   #1826  0x9e9ad7b5ca1c0c008b25a0fcfd7ffea62bb15d99  prob=0.0270 (raw=0.0080)  vol=$2,611  trades=2  first_trade=2025-12-03 17:38  winrate=NaN  n_markets_traded=0.000  herfindahl_index_markets=0.000
10:51:34 [super] ============================================================
10:51:34 [super] per-wallet scores, ranked high->low (showing 1829 of 1829):
10:51:34 [super] * #1     0xfbb784750c920c859d592ff2b2bd407de33bb779  prob=0.4953 (raw=0.8352)  vol=$134  trades=3  first_trade=2025-12-03 21:32  winrate=0.000  n_markets_traded=7.000  herfindahl_index_markets=0.496
10:51:34 [super] * #2     0xc1259ddd92f58aded52d029e37e3fbbebafaa4c1  prob=0.4657 (raw=0.8077)  vol=$65,187  trades=97  first_trade=2025-12-02 06:51  winrate=0.000  n_markets_traded=1.000  herfindahl_index_markets=1.000
10:51:34 [super] * #3     0x18cf20cc39cfbe354b5f1923672720e78066cb22  prob=0.4572 (raw=0.7998)  vol=$183  trades=15  first_trade=2025-12-01 00:59  winrate=0.188  n_markets_traded=16.000  herfindahl_index_markets=0.277
10:51:34 [super] * #4     0x52830fbbef5ca1ddee6de5c12d975f962ad59a3f  prob=0.4193 (raw=0.7641)  vol=$48  trades=5  first_trade=2025-12-04 02:51  winrate=0.429  n_markets_traded=7.000  herfindahl_index_markets=0.264
10:51:34 [super] * #5     0x0c4acd96e5befc4f43bc8f17ff638668557725b2  prob=0.3901 (raw=0.7359)  vol=$2,704  trades=24  first_trade=2025-12-01 15:46  winrate=0.300  n_markets_traded=10.000  herfindahl_index_markets=0.195
10:51:34 [super] * #6     0xaad7b8c2341ecfb9420f1effd3b0109fc0025557  prob=0.3331 (raw=0.6785)  vol=$23  trades=3  first_trade=2025-11-30 00:26  winrate=0.556  n_markets_traded=35.000  herfindahl_index_markets=0.064
10:51:34 [super] * #7     0xa15abbcd222d38db5b32c96cafa0df909d694e72  prob=0.2902 (raw=0.6321)  vol=$18  trades=4  first_trade=2025-12-04 03:12  winrate=0.364  n_markets_traded=55.000  herfindahl_index_markets=0.027
10:51:34 [super] * #8     0x2148038b6aa61e78dc69d1739e66684e42bf639e  prob=0.2227 (raw=0.5496)  vol=$220  trades=3  first_trade=2025-12-04 03:08  winrate=0.024  n_markets_traded=41.000  herfindahl_index_markets=0.080
10:51:34 [super] * #9     0x03d0d65c51235e63805335b85ead75794830d647  prob=0.2086 (raw=0.5303)  vol=$79  trades=6  first_trade=2025-12-04 03:07  winrate=NaN  n_markets_traded=0.000  herfindahl_index_markets=0.000
10:51:34 [super] * #10    0x2dfa38917d695362dd03c9a1df081f1dfdc27fc6  prob=0.2015 (raw=0.5202)  vol=$1,573  trades=10  first_trade=2025-12-02 16:18  winrate=0.000  n_markets_traded=3.000  herfindahl_index_markets=0.477
10:51:34 [super] * #11    0x34f48b32d3dacc6aa1892a7f0629ed2e7f791476  prob=0.1964 (raw=0.5128)  vol=$71  trades=6  first_trade=2025-12-04 03:13  winrate=0.200  n_markets_traded=65.000  herfindahl_index_markets=0.105
10:51:34 [super] * #12    0xb08f6a09fa946ed8fe8a71d9c834d18ad2a74ab7  prob=0.1874 (raw=0.4993)  vol=$580  trades=19  first_trade=2025-12-03 23:56  winrate=0.000  n_markets_traded=10.000  herfindahl_index_markets=0.314
10:51:34 [super] * #13    0x2fb55556a668279b8aecee4cf64970c1c454d9a0  prob=0.1846 (raw=0.4951)  vol=$3,704  trades=4  first_trade=2025-12-04 07:30  winrate=0.125  n_markets_traded=8.000  herfindahl_index_markets=0.303
10:51:34 [super] * #14    0xd0a35d545e970d34ad4be444459c97a276405a2f  prob=0.1531 (raw=0.4429)  vol=$7  trades=3  first_trade=2025-12-03 20:29  winrate=0.740  n_markets_traded=131.000  herfindahl_index_markets=0.035
10:51:34 [super]   #15    0x330ae6d48c752158096e2b4cb725e2f026496f8c  prob=0.1345 (raw=0.4078)  vol=$385  trades=8  first_trade=2025-12-03 17:52  winrate=0.000  n_markets_traded=5.000  herfindahl_index_markets=0.275
10:51:34 [super]   #16    0x4a05d9ef72677e5dd1ae5f9fdffe9981f5a10329  prob=0.1344 (raw=0.4076)  vol=$11  trades=3  first_trade=2025-12-04 03:23  winrate=NaN  n_markets_traded=0.000  herfindahl_index_markets=0.000
10:51:34 [super]   #17    0xf32898291d309e3c5e499c85ddd03a13268c219c  prob=0.1204 (raw=0.3782)  vol=$2  trades=2  first_trade=2025-12-02 10:07  winrate=0.471  n_markets_traded=17.000  herfindahl_index_markets=0.310
10:51:34 [super]   #18    0xf0148de7934dbc994bf335146193716d1806d442  prob=0.1164 (raw=0.3693)  vol=$0  trades=1  first_trade=2025-11-27 11:09  winrate=0.351  n_markets_traded=87.000  herfindahl_index_markets=0.190
10:51:34 [super]   #19    0x41b4035c1c4b3721a55b480cce4d618852f9a66b  prob=0.1151 (raw=0.3664)  vol=$1,087  trades=4  first_trade=2025-12-05 12:16  winrate=0.000  n_markets_traded=2.000  herfindahl_index_markets=0.555
10:51:34 [super]   #20    0xbb270fa1a7734a91cab0b48a119c11d1b89618d2  prob=0.1150 (raw=0.3661)  vol=$117  trades=2  first_trade=2025-12-04 06:32  winrate=0.429  n_markets_traded=14.000  herfindahl_index_markets=0.388
10:51:34 [super]   #21    0x94353164e0b0e4d87441b8c53f6002f9eaffc1e2  prob=0.1138 (raw=0.3636)  vol=$4,288  trades=5  first_trade=2025-12-04 09:33  winrate=0.000  n_markets_traded=1.000  herfindahl_index_markets=1.000
10:51:34 [super]   #22    0x8d8dd8f60202b638fcab6db5abd818bd3a3e91c5  prob=0.1132 (raw=0.3620)  vol=$820  trades=4  first_trade=2025-12-05 09:49  winrate=0.000  n_markets_traded=2.000  herfindahl_index_markets=0.555
10:51:34 [super]   #23    0xd3c49847fc3d54ad4def29170bc07c8ada1da1da  prob=0.1126 (raw=0.3608)  vol=$204  trades=2  first_trade=2025-12-05 02:11  winrate=0.000  n_markets_traded=1.000  herfindahl_index_markets=1.000
10:51:34 [super]   #24    0x63ace3ced97378dde21c73a62ea2bac167b21494  prob=0.1126 (raw=0.3607)  vol=$229  trades=16  first_trade=2025-12-01 00:45  winrate=0.450  n_markets_traded=131.000  herfindahl_index_markets=0.029
10:51:34 [super]   #25    0xa3ea0e0b10f43c8679103e1af35f3c36f0830637  prob=0.1087 (raw=0.3515)  vol=$10,116  trades=11  first_trade=2025-12-04 23:53  winrate=0.500  n_markets_traded=2.000  herfindahl_index_markets=0.835
10:51:34 [super]   #26    0x8b245f1d581dfec27babc595711a601a885a8435  prob=0.1074 (raw=0.3485)  vol=$26,600  trades=27  first_trade=2025-12-04 05:28  winrate=0.000  n_markets_traded=1.000  herfindahl_index_markets=1.000
10:51:34 [super]   #27    0xbd2182a67f7b46f91b2a6a7b81c464a580dc007a  prob=0.1061 (raw=0.3452)  vol=$5,064  trades=6  first_trade=2025-12-04 05:16  winrate=0.389  n_markets_traded=18.000  herfindahl_index_markets=0.307
10:51:34 [super]   #28    0xbec4aa2be58b5127560b95a3bd263e6b3daf1868  prob=0.1049 (raw=0.3423)  vol=$64  trades=8  first_trade=2025-12-02 21:36  winrate=0.000  n_markets_traded=1.000  herfindahl_index_markets=1.000
10:51:34 [super]   #29    0x069acf9916370eef6c6a541f12cd96632ed44634  prob=0.1032 (raw=0.3380)  vol=$100,548  trades=222  first_trade=2025-11-30 06:34  winrate=0.000  n_markets_traded=1.000  herfindahl_index_markets=1.000
10:51:34 [super]   #30    0xece847ea152616dcaf5d65aad4e73ea1ddc2cac6  prob=0.0995 (raw=0.3288)  vol=$2,748  trades=4  first_trade=2025-12-04 07:57  winrate=0.857  n_markets_traded=7.000  herfindahl_index_markets=0.729
10:51:34 [super]   #31    0xdf6ccd57133f8d9f9d73e750ddedf899b27b7597  prob=0.0991 (raw=0.3275)  vol=$101  trades=7  first_trade=2025-12-02 09:40  winrate=0.182  n_markets_traded=22.000  herfindahl_index_markets=0.083
10:51:34 [super]   #32    0x502644a2a3b1f530e75af0a71806f4c8ffb4981e  prob=0.0990 (raw=0.3274)  vol=$298  trades=3  first_trade=2025-12-03 09:40  winrate=0.200  n_markets_traded=5.000  herfindahl_index_markets=0.508
10:51:34 [super]   #33    0x24beeb31bc61eeb0f17b4dd7a610666a99bc6e89  prob=0.0985 (raw=0.3260)  vol=$334,226  trades=33  first_trade=2025-12-04 22:15  winrate=0.000  n_markets_traded=1.000  herfindahl_index_markets=1.000
10:51:34 [super]   #34    0x8f9c8d395a3ca7df8f0e4eee00912fd717b7c476  prob=0.0951 (raw=0.3169)  vol=$69  trades=5  first_trade=2025-12-04 06:48  winrate=0.732  n_markets_traded=149.000  herfindahl_index_markets=0.100
10:51:34 [super]   #35    0x378b8266535cfe6482418d6ccc286e3452abcaff  prob=0.0929 (raw=0.3110)  vol=$1,083  trades=7  first_trade=2025-12-04 05:07  winrate=0.000  n_markets_traded=2.000  herfindahl_index_markets=0.522
10:51:34 [super]   #36    0xf947f6c081332fa15b0bb4f03cd6923878fba3d4  prob=0.0870 (raw=0.2944)  vol=$1  trades=2  first_trade=2025-12-04 07:37  winrate=0.000  n_markets_traded=9.000  herfindahl_index_markets=0.164
10:51:34 [super]   #37    0xc8dd4022ee037db9e38749d03761e0773fcd2813  prob=0.0868 (raw=0.2938)  vol=$9,361  trades=8  first_trade=2025-12-04 08:42  winrate=0.000  n_markets_traded=1.000  herfindahl_index_markets=1.000
10:51:34 [super]   #38    0xf04c5f26b5542050c680e33b6aad8a4969f0d375  prob=0.0868 (raw=0.2938)  vol=$1,662  trades=4  first_trade=2025-12-04 09:01  winrate=0.000  n_markets_traded=1.000  herfindahl_index_markets=1.000
10:51:34 [super]   #39    0xa5590fcc6c55019ab3b68c2ed11983ad341bfa62  prob=0.0862 (raw=0.2919)  vol=$1  trades=2  first_trade=2025-12-04 07:03  winrate=0.554  n_markets_traded=83.000  herfindahl_index_markets=0.021
10:51:34 [super]   #40    0x72725ce9b72f99e3e9383ce13fa83753c97c37b8  prob=0.0862 (raw=0.2919)  vol=$1  trades=2  first_trade=2025-12-04 07:02  winrate=0.613  n_markets_traded=93.000  herfindahl_index_markets=0.018
10:51:34 [super]   #41    0x59d59ae47618f3b340482d175dfc8cf13b2ba273  prob=0.0861 (raw=0.2916)  vol=$40,423  trades=160  first_trade=2025-11-30 22:09  winrate=0.300  n_markets_traded=10.000  herfindahl_index_markets=0.249
10:51:34 [super]   #42    0x7bb7bccc02fec3d93b311695a42b251e465e44f2  prob=0.0853 (raw=0.2894)  vol=$5,311  trades=22  first_trade=2025-12-04 03:06  winrate=0.871  n_markets_traded=277.000  herfindahl_index_markets=0.010
10:51:34 [super]   #43    0x00e335f3c47326a4d097d564e4461954f3ddb82f  prob=0.0850 (raw=0.2885)  vol=$1  trades=2  first_trade=2025-12-04 07:02  winrate=0.635  n_markets_traded=96.000  herfindahl_index_markets=0.020
10:51:34 [super]   #44    0x6f04f8ae08fbc7c086404872264343be04f5c263  prob=0.0841 (raw=0.2856)  vol=$1,066  trades=5  first_trade=2025-12-04 02:55  winrate=0.500  n_markets_traded=19.000  herfindahl_index_markets=0.192
10:51:34 [super]   #45    0x030dc570ba96fe2fb5d9c23035892cf67698da63  prob=0.0831 (raw=0.2826)  vol=$127  trades=28  first_trade=2025-12-02 19:28  winrate=0.160  n_markets_traded=25.000  herfindahl_index_markets=0.419
10:51:34 [super]   #46    0xee50a31c3f5a7c77824b12a941a54388a2827ed6  prob=0.0825 (raw=0.2807)  vol=$28,181  trades=175  first_trade=2025-11-28 14:29  winrate=0.400  n_markets_traded=34.000  herfindahl_index_markets=0.218
10:51:34 [super]   #47    0xecf56389f1d8c0d6f0896a0c73431430aeae45f1  prob=0.0821 (raw=0.2795)  vol=$1,427  trades=2  first_trade=2025-12-05 07:40  winrate=0.000  n_markets_traded=3.000  herfindahl_index_markets=0.375
10:51:34 [super]   #48    0x03960c49785fa21473189907db0a38d5ee301476  prob=0.0816 (raw=0.2782)  vol=$24,352  trades=52  first_trade=2025-12-04 06:51  winrate=0.000  n_markets_traded=1.000  herfindahl_index_markets=1.000
10:51:34 [super]   #49    0x3e9ca7216bdfb4c7d20a9ce9bc51b4e82abfacfb  prob=0.0795 (raw=0.2715)  vol=$1  trades=2  first_trade=2025-12-04 07:12  winrate=0.000  n_markets_traded=9.000  herfindahl_index_markets=0.111
10:51:34 [super]   #50    0x9b593f5e5fb47ea4beac45086ed4038951dff523  prob=0.0790 (raw=0.2700)  vol=$24  trades=5  first_trade=2025-12-04 05:16  winrate=0.375  n_markets_traded=8.000  herfindahl_index_markets=0.400
10:51:34 [super]   #51    0x56fb1ee860274e6aef71bd10d7cbd613fe3eb84f  prob=0.0777 (raw=0.2658)  vol=$12  trades=4  first_trade=2025-12-04 06:15  winrate=0.000  n_markets_traded=3.000  herfindahl_index_markets=0.333
10:51:34 [super]   #52    0xc30219db959f8888feedabfeb8d3e2a18bfce9fc  prob=0.0776 (raw=0.2655)  vol=$133,652  trades=9  first_trade=2025-12-04 13:20  winrate=0.333  n_markets_traded=3.000  herfindahl_index_markets=0.361
10:51:34 [super]   #53    0xecb3cd91898e9661c0735c54a5ff54dc6cf5f55f  prob=0.0776 (raw=0.2653)  vol=$3  trades=4  first_trade=2025-12-04 14:45  winrate=0.500  n_markets_traded=2.000  herfindahl_index_markets=0.500
10:51:34 [super]   #54    0xd6fe785637b8c9859fed94f64b341d5222b3a6a9  prob=0.0772 (raw=0.2640)  vol=$1  trades=2  first_trade=2025-12-04 23:00  winrate=0.000  n_markets_traded=1.000  herfindahl_index_markets=1.000
10:51:34 [super]   #55    0x3f5dc3e0889e668a27447b7dbe1e297ff9964c40  prob=0.0751 (raw=0.2572)  vol=$451  trades=7  first_trade=2025-12-02 23:30  winrate=0.375  n_markets_traded=16.000  herfindahl_index_markets=0.119
10:51:34 [super]   #56    0x2a6fb502dc5fdbe4118a6d4367c0b0b361b4d4ae  prob=0.0739 (raw=0.2531)  vol=$110,538  trades=38  first_trade=2025-12-04 06:28  winrate=0.250  n_markets_traded=4.000  herfindahl_index_markets=0.635
10:51:34 [super]   #57    0xd5febbb7da703495cd9718fe25567c08ca9f9856  prob=0.0738 (raw=0.2528)  vol=$33  trades=38  first_trade=2025-12-04 03:17  winrate=0.294  n_markets_traded=17.000  herfindahl_index_markets=0.336
10:51:34 [super]   #58    0x4d9c9f146f441c95e894664ff3b9570f800156fa  prob=0.0735 (raw=0.2518)  vol=$1,806  trades=10  first_trade=2025-12-04 00:12  winrate=0.315  n_markets_traded=54.000  herfindahl_index_markets=0.319
10:51:34 [super]   #59    0x902b3084831c411a7c5a8812768617fc57deca29  prob=0.0732 (raw=0.2509)  vol=$14,032  trades=49  first_trade=2025-12-04 05:36  winrate=0.667  n_markets_traded=3.000  herfindahl_index_markets=0.510
10:51:34 [super]   #60    0x6916fe8ee471fff36ec68813e7f430e6ea322f41  prob=0.0731 (raw=0.2503)  vol=$1  trades=2  first_trade=2025-12-04 07:10  winrate=0.667  n_markets_traded=87.000  herfindahl_index_markets=0.021
10:51:34 [super]   #61    0x6f7349d398a8d544bd23caa6d5796e56f1712385  prob=0.0725 (raw=0.2482)  vol=$200  trades=19  first_trade=2025-12-01 00:41  winrate=0.370  n_markets_traded=27.000  herfindahl_index_markets=0.089
10:51:34 [super]   #62    0x3714e94ecc3b974c95f614f6012a759c4dfa8748  prob=0.0722 (raw=0.2474)  vol=$1,988  trades=10  first_trade=2025-12-04 17:35  winrate=0.200  n_markets_traded=5.000  herfindahl_index_markets=0.543
10:51:34 [super]   #63    0x4440bdf6bc17e7108d6d5ec4635dafe306846342  prob=0.0716 (raw=0.2452)  vol=$1  trades=2  first_trade=2025-12-04 06:44  winrate=0.698  n_markets_traded=86.000  herfindahl_index_markets=0.020
10:51:34 [super]   #64    0x7f880424a78064b9634f9289dba10a3d42d54ffa  prob=0.0716 (raw=0.2452)  vol=$10  trades=2  first_trade=2025-12-05 00:48  winrate=0.000  n_markets_traded=2.000  herfindahl_index_markets=0.531
10:51:34 [super]   #65    0xd58c4ee066858572015b0ca83ba34ab8eb209e3f  prob=0.0716 (raw=0.2452)  vol=$4  trades=2  first_trade=2025-12-05 01:14  winrate=0.000  n_markets_traded=2.000  herfindahl_index_markets=0.553
10:51:34 [super]   #66    0xba0fc862de1d0919396f2859d791d9e6573a20ef  prob=0.0716 (raw=0.2451)  vol=$3  trades=3  first_trade=2025-11-28 08:54  winrate=0.368  n_markets_traded=19.000  herfindahl_index_markets=0.612
10:51:34 [super]   #67    0x466a5328a1a9baca1966c8336325b50110c7e176  prob=0.0710 (raw=0.2430)  vol=$16  trades=2  first_trade=2025-12-05 00:46  winrate=0.000  n_markets_traded=1.000  herfindahl_index_markets=1.000
10:51:34 [super]   #68    0xc1279f0580792e964583e486a07ffa2b06fb66e9  prob=0.0709 (raw=0.2428)  vol=$80  trades=2  first_trade=2025-12-04 07:27  winrate=0.286  n_markets_traded=7.000  herfindahl_index_markets=0.225
10:51:34 [super]   #69    0xaee4c6a5dd94a521e65134dd9364238a012e9aa1  prob=0.0705 (raw=0.2415)  vol=$2  trades=2  first_trade=2025-12-04 07:03  winrate=0.691  n_markets_traded=81.000  herfindahl_index_markets=0.022
10:51:34 [super]   #70    0x0e3a057b427cc0fcf585dc1dda683eb43dbfc2c0  prob=0.0705 (raw=0.2414)  vol=$840  trades=13  first_trade=2025-12-03 17:39  winrate=0.222  n_markets_traded=9.000  herfindahl_index_markets=0.340
10:51:34 [super]   #71    0xc11e76ff57d8cf94ed92a0772c91709825d8789f  prob=0.0687 (raw=0.2349)  vol=$139  trades=5  first_trade=2025-12-04 05:09  winrate=0.000  n_markets_traded=2.000  herfindahl_index_markets=0.500
10:51:34 [super]   #72    0x51acf5e654ea65efe6b8674bd9eace2011e116f0  prob=0.0685 (raw=0.2341)  vol=$97,334  trades=17  first_trade=2025-12-05 02:05  winrate=0.000  n_markets_traded=1.000  herfindahl_index_markets=1.000
10:51:34 [super]   #73    0xb7e1819e49fa8b4728d4c6a06e9ffed10de59848  prob=0.0677 (raw=0.2314)  vol=$4  trades=4  first_trade=2025-12-04 09:15  winrate=0.000  n_markets_traded=1.000  herfindahl_index_markets=1.000
10:51:34 [super]   #74    0xeda88e3d5876db5199ae7df30eb5964c895158f4  prob=0.0674 (raw=0.2302)  vol=$3  trades=4  first_trade=2025-12-05 10:10  winrate=0.000  n_markets_traded=3.000  herfindahl_index_markets=0.406
10:51:34 [super]   #75    0x11f2b782774ead68a4c1e6a8bae4d1c3358ecf95  prob=0.0674 (raw=0.2301)  vol=$30,397  trades=11  first_trade=2025-12-05 11:30  winrate=0.000  n_markets_traded=3.000  herfindahl_index_markets=0.363
10:51:34 [super]   #76    0x997084b71cb7fb5dcccfeb91b5c984655af7ce0a  prob=0.0673 (raw=0.2300)  vol=$23  trades=3  first_trade=2025-12-04 00:03  winrate=0.067  n_markets_traded=15.000  herfindahl_index_markets=0.233
10:51:34 [super]   #77    0xe4127947444f2b13b00d66a8e9c6c5741628c431  prob=0.0669 (raw=0.2282)  vol=$9  trades=8  first_trade=2025-12-04 21:15  winrate=0.000  n_markets_traded=2.000  herfindahl_index_markets=0.500
10:51:34 [super]   #78    0x772d783c44e64556b8098226a9748cbde1c0b86f  prob=0.0666 (raw=0.2272)  vol=$1  trades=2  first_trade=2025-12-04 21:48  winrate=0.000  n_markets_traded=1.000  herfindahl_index_markets=1.000
10:51:34 [super]   #79    0x21228ac51112103a214003e2f4111ab4e123c810  prob=0.0665 (raw=0.2270)  vol=$55,025  trades=21  first_trade=2025-12-04 10:03  winrate=0.000  n_markets_traded=2.000  herfindahl_index_markets=0.897
10:51:34 [super]   #80    0xa82ee9501238b9fabf79c65a4ce7e7bb3a17b971  prob=0.0661 (raw=0.2255)  vol=$206  trades=6  first_trade=2025-12-04 03:15  winrate=0.281  n_markets_traded=32.000  herfindahl_index_markets=0.054
10:51:34 [super]   #81    0x24647b3fb6d708ea5e09630655eed2c52d2e6d63  prob=0.0659 (raw=0.2247)  vol=$114  trades=3  first_trade=2025-12-04 05:36  winrate=0.000  n_markets_traded=2.000  herfindahl_index_markets=0.502
10:51:34 [super]   #82    0x412944065d5abf76a12517c6ade7c17571f594e9  prob=0.0659 (raw=0.2244)  vol=$21  trades=8  first_trade=2025-12-04 21:43  winrate=0.000  n_markets_traded=1.000  herfindahl_index_markets=1.000
10:51:34 [super]   #83    0x199f9e490b812d977c8549c993e2ce0cccfb3d76  prob=0.0657 (raw=0.2240)  vol=$5  trades=2  first_trade=2025-12-04 14:34  winrate=0.697  n_markets_traded=66.000  herfindahl_index_markets=0.234
10:51:34 [super]   #84    0xdab1e73d3e4643a0045f9fcc0661a507135ceaa6  prob=0.0657 (raw=0.2239)  vol=$6,764  trades=9  first_trade=2025-12-04 06:01  winrate=0.200  n_markets_traded=5.000  herfindahl_index_markets=0.279
10:51:34 [super]   #85    0xd9907411d0d279569f859f9ff8f398a6dad70252  prob=0.0651 (raw=0.2215)  vol=$3,406  trades=14  first_trade=2025-12-04 21:01  winrate=0.000  n_markets_traded=1.000  herfindahl_index_markets=1.000
10:51:34 [super]   #86    0x6d4a8ca548d765b77c6a692a68fdb13e7e723b6f  prob=0.0651 (raw=0.2215)  vol=$24  trades=4  first_trade=2025-12-04 14:14  winrate=0.000  n_markets_traded=1.000  herfindahl_index_markets=1.000
10:51:34 [super]   #87    0x2025eb2d2249333760c6e0e10fc1cc36c069129e  prob=0.0648 (raw=0.2206)  vol=$7,934  trades=8  first_trade=2025-12-04 05:11  winrate=0.385  n_markets_traded=91.000  herfindahl_index_markets=0.097
10:51:34 [super]   #88    0x423549e0ef0a9e9611fe176393107e5a82363574  prob=0.0647 (raw=0.2201)  vol=$1,967  trades=5  first_trade=2025-12-04 05:24  winrate=0.571  n_markets_traded=7.000  herfindahl_index_markets=0.243
10:51:34 [super]   #89    0xe6a21622ad4b56e680267b2d985721009ae0d20c  prob=0.0642 (raw=0.2183)  vol=$40  trades=2  first_trade=2025-12-04 10:23  winrate=0.000  n_markets_traded=1.000  herfindahl_index_markets=1.000
10:51:34 [super]   #90    0x49419884db5270517540321a8efee3d3df20e312  prob=0.0642 (raw=0.2183)  vol=$120  trades=4  first_trade=2025-12-04 10:11  winrate=0.000  n_markets_traded=1.000  herfindahl_index_markets=1.000
10:51:34 [super]   #91    0x21cbf60a2e86c0a2cd6e1cb82c0d001ae565a88c  prob=0.0640 (raw=0.2173)  vol=$1,000  trades=2  first_trade=2025-12-07 22:57  winrate=0.500  n_markets_traded=4.000  herfindahl_index_markets=0.360
10:51:34 [super]   #92    0x0ec665014050c80a767cd4dc7e84df60df6b1f04  prob=0.0634 (raw=0.2152)  vol=$1,068  trades=3  first_trade=2025-12-04 22:52  winrate=0.500  n_markets_traded=2.000  herfindahl_index_markets=0.500
10:51:34 [super]   #93    0x0d5aea1cb76060f9e9137dfe74b58f8ab00aa457  prob=0.0633 (raw=0.2145)  vol=$49  trades=6  first_trade=2025-12-04 07:04  winrate=NaN  n_markets_traded=0.000  herfindahl_index_markets=0.000
10:51:35 [super]   #94    0xeb1b7d861626879715a48c66a71e75a5fb26edd3  prob=0.0632 (raw=0.2142)  vol=$23  trades=8  first_trade=2025-12-04 21:43  winrate=0.000  n_markets_traded=2.000  herfindahl_index_markets=0.500
10:51:35 [super]   #95    0xa290d5d60f098056165f442284c128d6021a26c8  prob=0.0632 (raw=0.2142)  vol=$2  trades=4  first_trade=2025-12-04 20:17  winrate=0.000  n_markets_traded=2.000  herfindahl_index_markets=0.500
10:51:35 [super]   #96    0xd5f0e9aacf13875360ba1325e8beac586c2b49a5  prob=0.0632 (raw=0.2141)  vol=$4,582  trades=7  first_trade=2025-12-04 06:15  winrate=0.600  n_markets_traded=5.000  herfindahl_index_markets=0.480
10:51:35 [super]   #97    0x3a46a1ca4c9ad7db2a9e86073b60eb7b7749f1d0  prob=0.0630 (raw=0.2133)  vol=$24  trades=2  first_trade=2025-12-04 08:46  winrate=0.000  n_markets_traded=5.000  herfindahl_index_markets=0.295
10:51:35 [super]   #98    0x7a57942c1192bbad0a2142a347b4e151d83a295a  prob=0.0626 (raw=0.2117)  vol=$526  trades=2  first_trade=2025-12-04 05:54  winrate=0.667  n_markets_traded=6.000  herfindahl_index_markets=0.255
10:51:35 [super]   #99    0x21313b01da11d38a76b4ea6bf57ec39f46c65015  prob=0.0624 (raw=0.2112)  vol=$4  trades=4  first_trade=2025-12-05 02:32  winrate=0.000  n_markets_traded=3.000  herfindahl_index_markets=0.359
10:51:35 [super]   #100   0x5f4d16db9359e448b6c364e02139499f607e3f57  prob=0.0623 (raw=0.2107)  vol=$10  trades=2  first_trade=2025-12-05 06:12  winrate=0.000  n_markets_traded=2.000  herfindahl_index_markets=0.835
10:51:35 [super]   #101   0x64427c7faea44438ee60d3874b1a2aadccb8b72f  prob=0.0618 (raw=0.2088)  vol=$1  trades=2  first_trade=2025-12-05 08:15  winrate=0.000  n_markets_traded=1.000  herfindahl_index_markets=1.000
10:51:35 [super]   #102   0xbfb748532e5a549cb32bba2133d4a3b317048bf4  prob=0.0618 (raw=0.2085)  vol=$25,000  trades=2  first_trade=2025-12-04 15:17  winrate=0.000  n_markets_traded=1.000  herfindahl_index_markets=1.000
10:51:35 [super]   #103   0x1c76a37dbdb4eaf15d4f1d8ffe5b9e18e54299ff  prob=0.0618 (raw=0.2085)  vol=$3,500  trades=2  first_trade=2025-12-04 16:43  winrate=0.000  n_markets_traded=1.000  herfindahl_index_markets=1.000
10:51:35 [super]   #104   0x3ab7647d224f3d6cbea789bf58880dc0639cd252  prob=0.0618 (raw=0.2085)  vol=$33,333  trades=2  first_trade=2025-12-05 14:34  winrate=0.000  n_markets_traded=1.000  herfindahl_index_markets=1.000
10:51:35 [super]   #105   0xe77a3776d8e46fc46d7eea8347b6067f3cfb7079  prob=0.0617 (raw=0.2081)  vol=$10  trades=8  first_trade=2025-12-04 03:21  winrate=0.000  n_markets_traded=5.000  herfindahl_index_markets=0.281
10:51:35 [super]   #106   0xbd89e6f902e315e74f342dbfc98ece7aa155d749  prob=0.0616 (raw=0.2080)  vol=$8  trades=4  first_trade=2025-12-04 17:46  winrate=0.222  n_markets_traded=9.000  herfindahl_index_markets=0.327
10:51:35 [super]   #107   0xd23293b1a3730ca60e8f4cb7ea8edb567dafc3fa  prob=0.0615 (raw=0.2074)  vol=$1  trades=2  first_trade=2025-12-04 20:12  winrate=0.000  n_markets_traded=1.000  herfindahl_index_markets=1.000
10:51:35 [super]   #108   0x01fa959503ae8867e0dca6d022682768ac2c7df6  prob=0.0615 (raw=0.2074)  vol=$1  trades=2  first_trade=2025-12-04 16:04  winrate=0.000  n_markets_traded=1.000  herfindahl_index_markets=1.000
10:51:35 [super]   #109   0xbd0dc548f0e57d006dad6a461ced38e7a4935369  prob=0.0615 (raw=0.2074)  vol=$2  trades=2  first_trade=2025-12-04 19:46  winrate=0.000  n_markets_traded=1.000  herfindahl_index_markets=1.000
10:51:35 [super]   #110   0x66f8c42081e7e5c6745ecca66a5f62c5ea207d4e  prob=0.0613 (raw=0.2068)  vol=$14  trades=2  first_trade=2025-12-04 22:49  winrate=0.000  n_markets_traded=5.000  herfindahl_index_markets=0.265
10:51:35 [super]   #111   0x1f69b29dc5d7f0d3f0474ae3ed783b05a58f3334  prob=0.0613 (raw=0.2068)  vol=$965  trades=8  first_trade=2025-12-04 13:37  winrate=0.500  n_markets_traded=10.000  herfindahl_index_markets=0.222
10:51:35 [super]   #112   0x240751647de7758ceddb4eb3d0aa6754fa199508  prob=0.0606 (raw=0.2037)  vol=$40,000  trades=3  first_trade=2025-12-06 10:34  winrate=0.000  n_markets_traded=8.000  herfindahl_index_markets=0.332
10:51:35 [super]   #113   0x27ec9e8f2d88afe6a95350d174a4505430f127ae  prob=0.0603 (raw=0.2024)  vol=$539  trades=13  first_trade=2025-11-30 11:10  winrate=0.079  n_markets_traded=38.000  herfindahl_index_markets=0.805
10:51:35 [super]   #114   0x5b6483701e5c288393c5b7bdba2d87b477adb400  prob=0.0601 (raw=0.2018)  vol=$5  trades=2  first_trade=2025-12-04 16:32  winrate=0.000  n_markets_traded=2.000  herfindahl_index_markets=0.500
10:51:35 [super]   #115   0x2fcac4f488539e15a5a2822bea8a56a60390125c  prob=0.0600 (raw=0.2016)  vol=$333  trades=2  first_trade=2025-12-05 15:15  winrate=0.375  n_markets_traded=8.000  herfindahl_index_markets=0.322
10:51:35 [super]   #116   0x186818f9432827217b7f3ed547c769d0da248ad7  prob=0.0600 (raw=0.2015)  vol=$5  trades=4  first_trade=2025-12-04 05:23  winrate=0.286  n_markets_traded=7.000  herfindahl_index_markets=0.273
10:51:35 [super]   #117   0xa542b70ca45835b396b409e065746fe541856887  prob=0.0598 (raw=0.2005)  vol=$1  trades=2  first_trade=2025-12-04 14:16  winrate=0.000  n_markets_traded=2.000  herfindahl_index_markets=0.500
10:51:35 [super]   #118   0x18240e19a7adf2e832b00e9715686cc9b51f3086  prob=0.0598 (raw=0.2005)  vol=$1  trades=2  first_trade=2025-12-04 21:06  winrate=0.000  n_markets_traded=2.000  herfindahl_index_markets=0.500
10:51:35 [super]   #119   0xa56a17cc2ec2df4e553128fa91d582e9c18a1be2  prob=0.0596 (raw=0.1999)  vol=$323  trades=2  first_trade=2025-12-04 07:05  winrate=0.429  n_markets_traded=7.000  herfindahl_index_markets=0.331
10:51:35 [super]   #120   0x740b9a0b890c1bd48a644e6480cdc7a83874a145  prob=0.0594 (raw=0.1988)  vol=$156  trades=6  first_trade=2025-12-04 06:13  winrate=0.000  n_markets_traded=3.000  herfindahl_index_markets=0.551
10:51:35 [super]   #121   0x41435f3f4c3df183855325dce075b6caefc2eed3  prob=0.0593 (raw=0.1985)  vol=$15  trades=4  first_trade=2025-12-05 16:53  winrate=0.000  n_markets_traded=1.000  herfindahl_index_markets=1.000
10:51:35 [super]   #122   0xb8df0aa47873f196d61c67ca0f4f39378c2034cd  prob=0.0593 (raw=0.1985)  vol=$13,289  trades=22  first_trade=2025-12-04 13:16  winrate=0.000  n_markets_traded=1.000  herfindahl_index_markets=1.000
10:51:35 [super]   #123   0x25365f43c3d66d50518e9bffc002d15580de72cd  prob=0.0593 (raw=0.1985)  vol=$1,333  trades=5  first_trade=2025-12-05 11:16  winrate=0.000  n_markets_traded=1.000  herfindahl_index_markets=1.000
10:51:35 [super]   #124   0xcedead74f3bbe2acb1e05c53cf239730e2d6ff90  prob=0.0593 (raw=0.1985)  vol=$334  trades=4  first_trade=2025-12-04 16:19  winrate=0.000  n_markets_traded=1.000  herfindahl_index_markets=1.000
10:51:35 [super]   #125   0x61a34ecbc91a0ec3133d9ed6e0cf08fdd729e457  prob=0.0593 (raw=0.1985)  vol=$1,443  trades=4  first_trade=2025-12-04 17:56  winrate=0.000  n_markets_traded=1.000  herfindahl_index_markets=1.000
10:51:35 [super]   #126   0xfc43e7af3f9faea255b69e4ee2b9b1cc4752c853  prob=0.0593 (raw=0.1985)  vol=$1,666  trades=6  first_trade=2025-12-05 10:50  winrate=0.000  n_markets_traded=1.000  herfindahl_index_markets=1.000
10:51:35 [super]   #127   0x314cdb5483bb465c2f7bbfbf1410414ac95dbf0b  prob=0.0593 (raw=0.1985)  vol=$456  trades=4  first_trade=2025-12-04 11:48  winrate=0.000  n_markets_traded=1.000  herfindahl_index_markets=1.000
10:51:35 [super]   #128   0xc548faa3e20eef1a9d3306551a3974c85cfee66c  prob=0.0593 (raw=0.1985)  vol=$2,141  trades=6  first_trade=2025-12-04 10:21  winrate=0.000  n_markets_traded=1.000  herfindahl_index_markets=1.000
10:51:35 [super]   #129   0xeab274585913d9697e7e6e9d65db9fcdd4aca113  prob=0.0593 (raw=0.1985)  vol=$4,000  trades=4  first_trade=2025-12-04 12:47  winrate=0.000  n_markets_traded=1.000  herfindahl_index_markets=1.000
10:51:35 [super]   #130   0x7a0c05b070f7c82ecf6691db8beba3e53c46ecee  prob=0.0593 (raw=0.1985)  vol=$26,196  trades=9  first_trade=2025-12-04 17:51  winrate=0.000  n_markets_traded=1.000  herfindahl_index_markets=1.000
10:51:35 [super]   #131   0x61b699d89fef31d1b977ba51e17ee58078cca62f  prob=0.0593 (raw=0.1985)  vol=$8,809  trades=8  first_trade=2025-12-04 15:19  winrate=0.000  n_markets_traded=1.000  herfindahl_index_markets=1.000
10:51:35 [super]   #132   0x772bd2600c7ba6081b766d2ab9e0000becf1b917  prob=0.0591 (raw=0.1978)  vol=$333  trades=3  first_trade=2025-12-04 14:29  winrate=0.375  n_markets_traded=8.000  herfindahl_index_markets=0.506
10:51:35 [super]   #133   0xaa2ebdffb852425057d82ead7a46daac658b1bba  prob=0.0589 (raw=0.1967)  vol=$55  trades=2  first_trade=2025-12-03 16:46  winrate=0.000  n_markets_traded=2.000  herfindahl_index_markets=0.509
10:51:35 [super]   #134   0x1b2cfc256ea4775fe7e6f5242a0018f525b93cfb  prob=0.0588 (raw=0.1963)  vol=$2,505  trades=4  first_trade=2025-12-04 04:15  winrate=0.000  n_markets_traded=4.000  herfindahl_index_markets=0.321
10:51:35 [super]   #135   0x11ab9573a053352b7a122a046bbbd2254b4d71d8  prob=0.0586 (raw=0.1957)  vol=$10,438  trades=13  first_trade=2025-12-04 21:21  winrate=0.000  n_markets_traded=5.000  herfindahl_index_markets=0.599
10:51:35 [super]   #136   0xf4a40f59fe7c1b79578b5addbe77ba8319a9fa97  prob=0.0586 (raw=0.1956)  vol=$30  trades=2  first_trade=2025-12-04 09:53  winrate=0.176  n_markets_traded=17.000  herfindahl_index_markets=0.482
10:51:35 [super]   #137   0x059b67e63e6045f8f2c7ded0c8d348b1191f702b  prob=0.0584 (raw=0.1948)  vol=$13,756  trades=8  first_trade=2025-12-04 21:17  winrate=0.000  n_markets_traded=1.000  herfindahl_index_markets=1.000
10:51:35 [super]   #138   0x67879ff32691e3239ea106bd9f476e88dda9b4dd  prob=0.0584 (raw=0.1948)  vol=$323  trades=5  first_trade=2025-12-05 02:27  winrate=0.000  n_markets_traded=1.000  herfindahl_index_markets=1.000
10:51:35 [super]   #139   0x8e5e52ea8f1d3a8515ea2949832d59be828ac024  prob=0.0584 (raw=0.1948)  vol=$1,004  trades=5  first_trade=2025-12-04 13:27  winrate=0.000  n_markets_traded=1.000  herfindahl_index_markets=1.000
10:51:35 [super]   #140   0x4640ceb87bbfc6f091f51cbe7eefbedb34ffe3ff  prob=0.0584 (raw=0.1946)  vol=$5  trades=1  first_trade=2025-12-04 16:17  winrate=0.000  n_markets_traded=2.000  herfindahl_index_markets=0.500
10:51:35 [super]   #141   0x99dfc271bc6883f4732e0eb84f059a7d22d67331  prob=0.0582 (raw=0.1938)  vol=$18  trades=4  first_trade=2025-12-03 22:16  winrate=0.378  n_markets_traded=37.000  herfindahl_index_markets=0.045
10:51:35 [super]   #142   0xa6e855a4ddc8ed626f57158e6131728192eea2de  prob=0.0581 (raw=0.1934)  vol=$1  trades=2  first_trade=2025-12-04 07:11  winrate=0.672  n_markets_traded=67.000  herfindahl_index_markets=0.026
10:51:35 [super]   #143   0x8973cf6d5daa37e784bb8ecdc544af26bb1c93c4  prob=0.0577 (raw=0.1918)  vol=$1,144  trades=10  first_trade=2025-12-04 17:35  winrate=0.000  n_markets_traded=2.000  herfindahl_index_markets=0.500
10:51:35 [super]   #144   0xac58ad5035129b19966956f58dd7562dcf12dff5  prob=0.0577 (raw=0.1916)  vol=$99  trades=4  first_trade=2025-12-04 07:14  winrate=0.875  n_markets_traded=8.000  herfindahl_index_markets=0.671
10:51:35 [super]   #145   0x99ac964f0e7a3f4ca4ad4f0dfc3457378708a576  prob=0.0575 (raw=0.1910)  vol=$221  trades=4  first_trade=2025-12-04 06:38  winrate=0.000  n_markets_traded=15.000  herfindahl_index_markets=0.180
10:51:35 [super]   #146   0x36552c6fc3af1bb2e6bc7b648b45f3887278e7b8  prob=0.0574 (raw=0.1907)  vol=$553  trades=65  first_trade=2025-12-02 02:27  winrate=NaN  n_markets_traded=0.000  herfindahl_index_markets=0.000
10:51:35 [super]   #147   0x7015237eac73b76e8a116c9aa321bb39ff34e6a2  prob=0.0574 (raw=0.1903)  vol=$8,531  trades=8  first_trade=2025-12-04 07:39  winrate=0.000  n_markets_traded=5.000  herfindahl_index_markets=0.293
10:51:35 [super]   #148   0xe2131643590d6f686f1092460ccd4c76bafb4519  prob=0.0573 (raw=0.1902)  vol=$100  trades=2  first_trade=2025-12-04 08:43  winrate=0.143  n_markets_traded=14.000  herfindahl_index_markets=0.411
10:51:35 [super]   #149   0x6125ecdb041e6c054a32351c056dff7680f3fb3a  prob=0.0572 (raw=0.1894)  vol=$5,072  trades=4  first_trade=2025-12-04 08:59  winrate=0.534  n_markets_traded=58.000  herfindahl_index_markets=0.042
10:51:35 [super]   #150   0x7dd1df1fdb71f6a526a84b6bf5a8708653b84397  prob=0.0571 (raw=0.1892)  vol=$1  trades=2  first_trade=2025-12-04 06:43  winrate=0.610  n_markets_traded=77.000  herfindahl_index_markets=0.024
10:51:35 [super]   #151   0x2ccb0375f646548269f54a604fa749ee95c1b082  prob=0.0571 (raw=0.1891)  vol=$32  trades=5  first_trade=2025-12-04 06:44  winrate=0.667  n_markets_traded=6.000  herfindahl_index_markets=0.190
10:51:35 [super]   #152   0x6d1b4892537f4b07647fc2f9765baf3c8941e205  prob=0.0571 (raw=0.1890)  vol=$667  trades=4  first_trade=2025-12-05 15:04  winrate=0.000  n_markets_traded=3.000  herfindahl_index_markets=0.333
10:51:35 [super]   #153   0x729730166cce311d8898d637a5b0a796f3e22108  prob=0.0570 (raw=0.1888)  vol=$11,980  trades=3  first_trade=2025-12-06 00:33  winrate=0.769  n_markets_traded=13.000  herfindahl_index_markets=0.297
10:51:35 [super]   #154   0x89b4ec401198c19b3ac16d467073ff69ac24ed46  prob=0.0570 (raw=0.1887)  vol=$197  trades=6  first_trade=2025-12-04 05:52  winrate=0.429  n_markets_traded=7.000  herfindahl_index_markets=0.527
10:51:35 [super]   #155   0x72d9126e2ab948b617401aa8a04ced79599e8541  prob=0.0568 (raw=0.1877)  vol=$591  trades=5  first_trade=2025-12-04 06:08  winrate=0.000  n_markets_traded=1.000  herfindahl_index_markets=1.000
10:51:35 [super]   #156   0xf46b7f77699f3af195e0ebef831e611a635cee13  prob=0.0566 (raw=0.1870)  vol=$56  trades=4  first_trade=2025-12-04 06:42  winrate=0.333  n_markets_traded=6.000  herfindahl_index_markets=0.459
10:51:35 [super]   #157   0x8e1aeb79cfb8a076c3d773f16acbe05c7e7837cf  prob=0.0564 (raw=0.1861)  vol=$200  trades=2  first_trade=2025-12-04 22:02  winrate=0.389  n_markets_traded=18.000  herfindahl_index_markets=0.347
10:51:35 [super]   #158   0xc22d27cf6d33f82ab8e6d9dfe6abbaf07282ae15  prob=0.0564 (raw=0.1861)  vol=$2  trades=2  first_trade=2025-12-04 06:43  winrate=0.641  n_markets_traded=92.000  herfindahl_index_markets=0.019
10:51:35 [super]   #159   0x2a329fd5d326351757da783734748c2620f68269  prob=0.0564 (raw=0.1861)  vol=$2  trades=2  first_trade=2025-12-04 06:43  winrate=0.654  n_markets_traded=81.000  herfindahl_index_markets=0.024
10:51:35 [super]   #160   0xb043bd0e1c90bb228e0756d5ae08c09802254918  prob=0.0562 (raw=0.1853)  vol=$88  trades=4  first_trade=2025-12-02 13:36  winrate=0.000  n_markets_traded=3.000  herfindahl_index_markets=0.440
10:51:35 [super]   #161   0xc0bccf37ff7ce3f0cd88457cc1707b082132ae28  prob=0.0562 (raw=0.1853)  vol=$10  trades=2  first_trade=2025-12-05 13:28  winrate=0.000  n_markets_traded=3.000  herfindahl_index_markets=0.337
10:51:35 [super]   #162   0x38cea554ef8974b29a273eb150bff1fa6a3a999f  prob=0.0562 (raw=0.1851)  vol=$5,000  trades=2  first_trade=2025-12-07 18:28  winrate=0.000  n_markets_traded=1.000  herfindahl_index_markets=1.000
10:51:35 [super]   #163   0xb0fcd72f47a2f998ae2c25def0aa0cb905a0727a  prob=0.0559 (raw=0.1840)  vol=$172  trades=13  first_trade=2025-11-29 19:57  winrate=0.000  n_markets_traded=3.000  herfindahl_index_markets=0.376
10:51:35 [super]   #164   0xcb0eba5c3e43f87ca1fba60ce2eb5e7adafa380e  prob=0.0559 (raw=0.1839)  vol=$1,506  trades=4  first_trade=2025-12-04 14:44  winrate=0.167  n_markets_traded=6.000  herfindahl_index_markets=0.274
10:51:35 [super]   #165   0xecf3891a3e8c8a1ade362982c089080e95fc4c15  prob=0.0555 (raw=0.1822)  vol=$4,349  trades=59  first_trade=2025-12-02 16:39  winrate=0.263  n_markets_traded=19.000  herfindahl_index_markets=0.134
10:51:35 [super]   #166   0xc4a57f1d2b0e8c9c1d76dbdf2bb87545f34e7ec2  prob=0.0554 (raw=0.1818)  vol=$1,840  trades=6  first_trade=2025-12-04 22:05  winrate=0.375  n_markets_traded=8.000  herfindahl_index_markets=0.512
10:51:35 [super]   #167   0x03ec06829ae630ad9e6cb4ab7a8fed1ed3dc5d2e  prob=0.0553 (raw=0.1814)  vol=$3,413  trades=17  first_trade=2025-12-04 03:26  winrate=0.000  n_markets_traded=11.000  herfindahl_index_markets=0.399
10:51:35 [super]   #168   0x9b7c7757e14b2bd7e7d56da529d37207af2d6273  prob=0.0553 (raw=0.1813)  vol=$160  trades=4  first_trade=2025-12-04 06:28  winrate=0.000  n_markets_traded=1.000  herfindahl_index_markets=1.000
10:51:35 [super]   #169   0xecf250beb09b50ea542d8038c0d2e4903aa2c3b7  prob=0.0551 (raw=0.1803)  vol=$1,743  trades=8  first_trade=2025-12-04 10:13  winrate=0.200  n_markets_traded=5.000  herfindahl_index_markets=0.325
10:51:35 [super]   #170   0x5589f1201ea67104c26e1b0126c737bb54cdd13b  prob=0.0548 (raw=0.1793)  vol=$186,667  trades=8  first_trade=2025-12-04 07:59  winrate=0.333  n_markets_traded=9.000  herfindahl_index_markets=0.181
10:51:35 [super]   #171   0x2bd5150a3da6f35d57e9c03d90adab3fd0bb7aa7  prob=0.0547 (raw=0.1785)  vol=$500  trades=4  first_trade=2025-12-04 11:10  winrate=0.000  n_markets_traded=2.000  herfindahl_index_markets=0.500
10:51:35 [super]   #172   0x5a21061199b7f5b54ac78c033324b2a2e860042d  prob=0.0544 (raw=0.1773)  vol=$36  trades=2  first_trade=2025-12-04 13:45  winrate=0.167  n_markets_traded=6.000  herfindahl_index_markets=0.278
10:51:35 [super]   #173   0x93d590b26ee663d7dec0b3944a12bfe335840a45  prob=0.0544 (raw=0.1772)  vol=$40  trades=2  first_trade=2025-12-06 00:48  winrate=0.000  n_markets_traded=4.000  herfindahl_index_markets=0.668
10:51:35 [super]   #174   0x7be8348ba437e878a75b80ee3e7aafb36460876b  prob=0.0544 (raw=0.1771)  vol=$8,883  trades=8  first_trade=2025-12-04 07:50  winrate=0.000  n_markets_traded=3.000  herfindahl_index_markets=0.489
10:51:35 [super]   #175   0x8dfc93801df2502bee21bc9555998c4078b63b32  prob=0.0543 (raw=0.1770)  vol=$450  trades=4  first_trade=2025-12-05 11:54  winrate=0.000  n_markets_traded=5.000  herfindahl_index_markets=0.235
10:51:35 [super]   #176   0xb6595cc9e73117fba36a2b688bc3186d210fc375  prob=0.0542 (raw=0.1765)  vol=$4,545  trades=4  first_trade=2025-12-04 07:37  winrate=0.000  n_markets_traded=12.000  herfindahl_index_markets=0.462
10:51:35 [super]   #177   0x8e36870341ae2b372109744fa369a39c83aa3410  prob=0.0541 (raw=0.1759)  vol=$2,520  trades=12  first_trade=2025-12-04 13:15  winrate=0.000  n_markets_traded=3.000  herfindahl_index_markets=0.363
10:51:35 [super]   #178   0x957a68b12c4d8c32426ff92d9b530abdc780977e  prob=0.0539 (raw=0.1752)  vol=$1  trades=2  first_trade=2025-12-03 12:54  winrate=0.538  n_markets_traded=13.000  herfindahl_index_markets=0.329
10:51:35 [super]   #179   0x0770c47140672f53055f6e866adbf815a0e1df24  prob=0.0539 (raw=0.1748)  vol=$6,236  trades=7  first_trade=2025-12-05 01:11  winrate=0.000  n_markets_traded=3.000  herfindahl_index_markets=0.478
10:51:35 [super]   #180   0xf35cf7d13156d5cbd56eeb8411d2c9948f4338b6  prob=0.0538 (raw=0.1747)  vol=$338  trades=19  first_trade=2025-12-03 12:01  winrate=0.625  n_markets_traded=16.000  herfindahl_index_markets=0.142
10:51:35 [super]   #181   0xf5b217ae417cc57c64ba5f3b001c9e8223fb879b  prob=0.0534 (raw=0.1730)  vol=$29  trades=5  first_trade=2025-12-03 22:16  winrate=0.540  n_markets_traded=189.000  herfindahl_index_markets=0.017
10:51:35 [super]   #182   0x019893f83b94f990380ecaa1c374ef523e44ba17  prob=0.0534 (raw=0.1727)  vol=$502  trades=4  first_trade=2025-12-04 14:19  winrate=0.000  n_markets_traded=4.000  herfindahl_index_markets=0.250
10:51:35 [super]   #183   0x043252388a82aad1445bfb6ed9aaf35b1a8ee771  prob=0.0533 (raw=0.1722)  vol=$10,000  trades=3  first_trade=2025-12-07 15:40  winrate=0.000  n_markets_traded=5.000  herfindahl_index_markets=0.531
10:51:35 [super]   #184   0xcea052d8173778b732765197df9940e07fac29c5  prob=0.0532 (raw=0.1718)  vol=$4,236  trades=13  first_trade=2025-12-04 07:15  winrate=0.429  n_markets_traded=35.000  herfindahl_index_markets=0.174
10:51:35 [super]   #185   0x9df2c97a4c8232ca81c62f83e3ac6198ab81a79a  prob=0.0532 (raw=0.1717)  vol=$1,127  trades=17  first_trade=2025-12-04 05:09  winrate=0.143  n_markets_traded=7.000  herfindahl_index_markets=0.377
10:51:35 [super]   #186   0xc97fd2420d1a0364d05a291dfc5c47bd95b2a8b6  prob=0.0531 (raw=0.1715)  vol=$16,667  trades=2  first_trade=2025-12-05 16:01  winrate=0.387  n_markets_traded=31.000  herfindahl_index_markets=0.237
10:51:35 [super]   #187   0xbbef6f4f7bf58b143412f385eafc2938c6ff7de2  prob=0.0530 (raw=0.1709)  vol=$13,080  trades=5  first_trade=2025-12-02 15:41  winrate=0.353  n_markets_traded=17.000  herfindahl_index_markets=0.270
10:51:35 [super]   #188   0x51a15d76e6b5cd7e0b21fa1f3d1995439a5da78f  prob=0.0525 (raw=0.1686)  vol=$46,345  trades=19  first_trade=2025-12-05 00:29  winrate=0.881  n_markets_traded=84.000  herfindahl_index_markets=0.033
10:51:35 [super]   #189   0x0342366fdd0239068c50906d9cb914b91b108c5e  prob=0.0524 (raw=0.1683)  vol=$500  trades=3  first_trade=2025-12-04 04:18  winrate=0.375  n_markets_traded=8.000  herfindahl_index_markets=0.156
10:51:35 [super]   #190   0xd38a3388e02a8f48d03b6beb632b2f941800d89b  prob=0.0524 (raw=0.1682)  vol=$1,682  trades=5  first_trade=2025-12-05 17:10  winrate=0.250  n_markets_traded=4.000  herfindahl_index_markets=0.283
10:51:35 [super]   #191   0x575b1a666cc69e051f24a8a0551f3280922414f0  prob=0.0520 (raw=0.1661)  vol=$1,098  trades=4  first_trade=2025-12-04 05:20  winrate=0.667  n_markets_traded=6.000  herfindahl_index_markets=0.311
10:51:35 [super]   #192   0x208544634c38405b5f39b8080722302adfe2b49d  prob=0.0519 (raw=0.1659)  vol=$500  trades=2  first_trade=2025-12-06 01:42  winrate=0.000  n_markets_traded=3.000  herfindahl_index_markets=0.708
10:51:35 [super]   #193   0xa9cddbe8b37bdb182ebafd69122761c85b45ddf7  prob=0.0519 (raw=0.1655)  vol=$2,264  trades=4  first_trade=2025-12-04 08:19  winrate=0.333  n_markets_traded=3.000  herfindahl_index_markets=0.968
10:51:35 [super]   #194   0x9fbbf965679f7065b9ce9a6b9054cf725a000fa6  prob=0.0518 (raw=0.1652)  vol=$2  trades=2  first_trade=2025-12-04 07:25  winrate=0.692  n_markets_traded=13.000  herfindahl_index_markets=0.997
10:51:35 [super]   #195   0xfbfb0883a151234e76a5a5ea72ffc5f47e9df563  prob=0.0517 (raw=0.1649)  vol=$258,782  trades=106  first_trade=2025-12-04 04:00  winrate=NaN  n_markets_traded=0.000  herfindahl_index_markets=0.000
10:51:35 [super]   #196   0xd9d878a5ddc77da073ebec8c8fe166c7314a6698  prob=0.0517 (raw=0.1648)  vol=$15  trades=2  first_trade=2025-12-04 19:44  winrate=0.250  n_markets_traded=4.000  herfindahl_index_markets=0.311
10:51:35 [super]   #197   0x0b9cc11a302aa91a549c2797f914f05808dd12bf  prob=0.0515 (raw=0.1640)  vol=$28  trades=2  first_trade=2025-12-05 11:27  winrate=0.556  n_markets_traded=9.000  herfindahl_index_markets=0.121
10:51:35 [super]   #198   0x3c386ab64c19a0fb06bf1e2981d43c6fd092ebbc  prob=0.0515 (raw=0.1640)  vol=$333  trades=2  first_trade=2025-12-05 05:36  winrate=0.000  n_markets_traded=2.000  herfindahl_index_markets=0.556
10:51:35 [super]   #199   0x0922157b453185f9ccfe45f3cc2a9312bc958457  prob=0.0515 (raw=0.1640)  vol=$333  trades=2  first_trade=2025-12-04 12:33  winrate=0.000  n_markets_traded=2.000  herfindahl_index_markets=0.805
10:51:35 [super]   #200   0x862d0b0ccedfbcefb97e53d0751fbc0999006133  prob=0.0515 (raw=0.1640)  vol=$500  trades=2  first_trade=2025-12-04 14:23  winrate=0.000  n_markets_traded=2.000  herfindahl_index_markets=0.556
10:51:35 [super]   #201   0x1b18c7b908878f4839b5a28e75f3fb03243ee89f  prob=0.0515 (raw=0.1640)  vol=$1,005  trades=2  first_trade=2025-12-04 16:01  winrate=0.000  n_markets_traded=2.000  herfindahl_index_markets=0.862
10:51:35 [super]   #202   0x9a7cf088e6c856735c9473ae6166bd2552f0b695  prob=0.0515 (raw=0.1640)  vol=$2,500  trades=2  first_trade=2025-12-04 17:03  winrate=0.000  n_markets_traded=2.000  herfindahl_index_markets=0.625
10:51:35 [super]   #203   0xfb993fa1047c9249b8c7d3b88320d3220e874370  prob=0.0515 (raw=0.1640)  vol=$6,667  trades=2  first_trade=2025-12-05 14:57  winrate=0.000  n_markets_traded=2.000  herfindahl_index_markets=0.909
10:51:35 [super]   #204   0xd594abd97f1b5e7680378f84cafd320875928153  prob=0.0515 (raw=0.1640)  vol=$5  trades=2  first_trade=2025-12-05 07:12  winrate=0.000  n_markets_traded=2.000  herfindahl_index_markets=0.680
10:51:35 [super]   #205   0x838c9cd4c623fd90bec460595ab23774d464faeb  prob=0.0515 (raw=0.1639)  vol=$2,270  trades=6  first_trade=2025-12-04 17:23  winrate=0.500  n_markets_traded=12.000  herfindahl_index_markets=0.138
10:51:35 [super]   #206   0xa537a9b90616059cdd9b588f4abd8b196672e5a8  prob=0.0513 (raw=0.1631)  vol=$2  trades=2  first_trade=2025-12-05 17:11  winrate=0.100  n_markets_traded=10.000  herfindahl_index_markets=0.622
10:51:35 [super]   #207   0xff761940eaa49cf4c3c65f5a28c945f51c19579e  prob=0.0513 (raw=0.1630)  vol=$20,040  trades=4  first_trade=2025-12-04 14:20  winrate=0.467  n_markets_traded=15.000  herfindahl_index_markets=0.211
10:51:35 [super]   #208   0xd6ac95e2a69d1db9b88b9f09a5f1eb5e76d30469  prob=0.0513 (raw=0.1629)  vol=$22,264  trades=38  first_trade=2025-12-04 05:01  winrate=0.412  n_markets_traded=34.000  herfindahl_index_markets=0.156
10:51:35 [super]   #209   0x600a3a080e7975a36c74bc7395d9e9a12e45b226  prob=0.0512 (raw=0.1625)  vol=$333  trades=2  first_trade=2025-12-05 05:33  winrate=0.000  n_markets_traded=5.000  herfindahl_index_markets=0.462
10:51:35 [super]   #210   0x587c1255d284a0a82d8f7658a88b6fd84a11a7ea  prob=0.0512 (raw=0.1624)  vol=$7,500  trades=2  first_trade=2025-12-04 18:19  winrate=0.000  n_markets_traded=1.000  herfindahl_index_markets=1.000
10:51:35 [super]   #211   0x3c1b184b6244f47e3da9329c88e2808bb4abc826  prob=0.0512 (raw=0.1624)  vol=$10,000  trades=2  first_trade=2025-12-04 18:21  winrate=0.000  n_markets_traded=1.000  herfindahl_index_markets=1.000
10:51:35 [super]   #212   0x0e7ecd539aa56971a440f0cb71eec5386b65931f  prob=0.0512 (raw=0.1624)  vol=$10,000  trades=2  first_trade=2025-12-06 15:11  winrate=0.000  n_markets_traded=1.000  herfindahl_index_markets=1.000
10:51:35 [super]   #213   0xa7bec67a20dca08c87ae5c2630e6014da931f3ec  prob=0.0512 (raw=0.1624)  vol=$8,350  trades=8  first_trade=2025-12-05 11:46  winrate=0.000  n_markets_traded=1.000  herfindahl_index_markets=1.000
10:51:35 [super]   #214   0x21248d2f766f02dfed74bed384e8323bccdd68c9  prob=0.0512 (raw=0.1624)  vol=$250  trades=2  first_trade=2025-12-04 13:13  winrate=0.000  n_markets_traded=1.000  herfindahl_index_markets=1.000
10:51:35 [super]   #215   0xb7144c228aec6a2e986b8337a50a8ab40eae7df9  prob=0.0512 (raw=0.1624)  vol=$500  trades=2  first_trade=2025-12-04 17:56  winrate=0.000  n_markets_traded=1.000  herfindahl_index_markets=1.000
10:51:35 [super]   #216   0x72c666c63c7592c359c6c36f0ebc177485fce4f0  prob=0.0512 (raw=0.1624)  vol=$333  trades=2  first_trade=2025-12-05 14:27  winrate=0.000  n_markets_traded=1.000  herfindahl_index_markets=1.000
10:51:35 [super]   #217   0x6ec3334fc5201bd9720a2e10f309c6981046cc9f  prob=0.0512 (raw=0.1624)  vol=$333  trades=2  first_trade=2025-12-05 16:19  winrate=0.000  n_markets_traded=1.000  herfindahl_index_markets=1.000
10:51:35 [super]   #218   0x5908234d045ff0a03433740ef18869ebad2e3758  prob=0.0512 (raw=0.1624)  vol=$500  trades=2  first_trade=2025-12-04 17:23  winrate=0.000  n_markets_traded=1.000  herfindahl_index_markets=1.000
10:51:35 [super]   #219   0x5b6e876e1a6f9fb99982ead74292986dff8d7f3b  prob=0.0512 (raw=0.1624)  vol=$27,203  trades=7  first_trade=2025-12-04 18:47  winrate=0.000  n_markets_traded=1.000  herfindahl_index_markets=1.000
10:51:35 [super]   #220   0x389db50ede69898847961de534ad6a6d959a87ef  prob=0.0512 (raw=0.1624)  vol=$49,653  trades=14  first_trade=2025-12-04 13:24  winrate=0.000  n_markets_traded=1.000  herfindahl_index_markets=1.000
10:51:35 [super]   #221   0xa81714da5f6eb39d822ee45dbaf5963cb3aa3371  prob=0.0512 (raw=0.1624)  vol=$633  trades=5  first_trade=2025-12-04 12:20  winrate=0.000  n_markets_traded=1.000  herfindahl_index_markets=1.000
10:51:35 [super]   #222   0xd1c755cda4d7195010e8811d62d5685bdb1b2b20  prob=0.0512 (raw=0.1624)  vol=$700  trades=4  first_trade=2025-12-05 04:47  winrate=0.000  n_markets_traded=1.000  herfindahl_index_markets=1.000
10:51:35 [super]   #223   0xec3aafe7d39ac8a3c4e4232993b09409370503be  prob=0.0512 (raw=0.1624)  vol=$667  trades=2  first_trade=2025-12-05 15:24  winrate=0.000  n_markets_traded=1.000  herfindahl_index_markets=1.000
10:51:35 [super]   #224   0x737d0a9032a94e729d602ead8dc535e9126a23cf  prob=0.0512 (raw=0.1624)  vol=$1,000  trades=6  first_trade=2025-12-05 13:30  winrate=0.000  n_markets_traded=1.000  herfindahl_index_markets=1.000
10:51:35 [super]   #225   0xeb629c12ed2f9f42982e7c9df5d9881dfcd7710a  prob=0.0512 (raw=0.1624)  vol=$1,000  trades=2  first_trade=2025-12-07 01:37  winrate=0.000  n_markets_traded=1.000  herfindahl_index_markets=1.000
10:51:35 [super]   #226   0x2ea2266f29a8087772b1f77853e12a1784f45b04  prob=0.0512 (raw=0.1624)  vol=$20,000  trades=6  first_trade=2025-12-05 05:41  winrate=0.000  n_markets_traded=1.000  herfindahl_index_markets=1.000
10:51:35 [super]   #227   0x7d701ff3bfcea5c3ffc0a0e14bfa4d8c3d285b51  prob=0.0512 (raw=0.1624)  vol=$20,000  trades=2  first_trade=2025-12-07 23:43  winrate=0.000  n_markets_traded=1.000  herfindahl_index_markets=1.000
10:51:35 [super]   #228   0x6b69965f7cb442b38b138c8da7ae6af1bee4e67f  prob=0.0512 (raw=0.1624)  vol=$535  trades=2  first_trade=2025-12-04 17:11  winrate=0.000  n_markets_traded=1.000  herfindahl_index_markets=1.000
10:51:35 [super]   #229   0x95a5c4969d1cde277cc0dcca2badc9d45dbda523  prob=0.0512 (raw=0.1624)  vol=$23,054  trades=4  first_trade=2025-12-07 08:22  winrate=0.000  n_markets_traded=1.000  herfindahl_index_markets=1.000
10:51:35 [super]   #230   0x5e9efba67923da212093f7b6eb8dfcae0ab5250e  prob=0.0512 (raw=0.1624)  vol=$1,667  trades=2  first_trade=2025-12-04 12:16  winrate=0.000  n_markets_traded=1.000  herfindahl_index_markets=1.000
10:51:35 [super]   #231   0x876f04b6cd65e18694cd07a3ab4cd35f20107ca2  prob=0.0512 (raw=0.1624)  vol=$1,000  trades=2  first_trade=2025-12-06 07:42  winrate=0.000  n_markets_traded=1.000  herfindahl_index_markets=1.000
10:51:35 [super]   #232   0xc59365f942a47b30b2ffe61f46528f53e79a80fb  prob=0.0512 (raw=0.1624)  vol=$1,000  trades=2  first_trade=2025-12-06 11:58  winrate=0.000  n_markets_traded=1.000  herfindahl_index_markets=1.000
10:51:35 [super]   #233   0x17d9b52c7a3d9594b7d36c74aea1586e62ca72a1  prob=0.0512 (raw=0.1624)  vol=$1,000  trades=2  first_trade=2025-12-06 11:40  winrate=0.000  n_markets_traded=1.000  herfindahl_index_markets=1.000
10:51:35 [super]   #234   0x32db2317d0c9b29c67a4712409741471a20913e2  prob=0.0512 (raw=0.1624)  vol=$1,000  trades=2  first_trade=2025-12-07 01:15  winrate=0.000  n_markets_traded=1.000  herfindahl_index_markets=1.000
10:51:35 [super]   #235   0xc5282f00347d23fc2410a26e2485057ea34073e9  prob=0.0512 (raw=0.1624)  vol=$19,000  trades=4  first_trade=2025-12-06 08:16  winrate=0.000  n_markets_traded=1.000  herfindahl_index_markets=1.000
10:51:35 [super]   #236   0xddd23b4292736caa5dea9faa17f726bb05f6063f  prob=0.0512 (raw=0.1624)  vol=$3,000  trades=6  first_trade=2025-12-06 15:29  winrate=0.000  n_markets_traded=1.000  herfindahl_index_markets=1.000
10:51:35 [super]   #237   0xddd236b21c5736a756a87b35fcd79b7781121b9c  prob=0.0512 (raw=0.1624)  vol=$3,000  trades=4  first_trade=2025-12-06 15:46  winrate=0.000  n_markets_traded=1.000  herfindahl_index_markets=1.000
10:51:35 [super]   #238   0xbc19f72c0ad753c4ac3c3aac8f92880b92618cd0  prob=0.0512 (raw=0.1624)  vol=$2,000  trades=6  first_trade=2025-12-04 15:13  winrate=0.000  n_markets_traded=1.000  herfindahl_index_markets=1.000
10:51:35 [super]   #239   0xcbd4313e818d409103f057245f5130708d46f852  prob=0.0512 (raw=0.1624)  vol=$2,000  trades=2  first_trade=2025-12-07 20:27  winrate=0.000  n_markets_traded=1.000  herfindahl_index_markets=1.000
10:51:35 [super]   #240   0xd1806b51ef26ff8161c8247a508f8bfb79b9e843  prob=0.0512 (raw=0.1624)  vol=$6  trades=2  first_trade=2025-12-05 16:51  winrate=0.000  n_markets_traded=1.000  herfindahl_index_markets=1.000
10:51:35 [super]   #241   0xb101f58735491911fea4721da6497613979635b6  prob=0.0512 (raw=0.1624)  vol=$10  trades=2  first_trade=2025-12-04 16:17  winrate=0.000  n_markets_traded=1.000  herfindahl_index_markets=1.000
10:51:35 [super]   #242   0xeefd3f182a63da2e4bb5f2856cb8bf0b85a89190  prob=0.0512 (raw=0.1624)  vol=$2,997  trades=4  first_trade=2025-12-05 08:35  winrate=0.000  n_markets_traded=1.000  herfindahl_index_markets=1.000
10:51:35 [super]   #243   0xe96ec7795b640079b64e17b7e9053e32b3cccddc  prob=0.0512 (raw=0.1624)  vol=$2,500  trades=2  first_trade=2025-12-04 15:30  winrate=0.000  n_markets_traded=1.000  herfindahl_index_markets=1.000
10:51:35 [super]   #244   0x30df30cc05aa926b5891b50956fa28107218ebe3  prob=0.0512 (raw=0.1624)  vol=$2,215  trades=2  first_trade=2025-12-04 18:31  winrate=0.000  n_markets_traded=1.000  herfindahl_index_markets=1.000
10:51:35 [super]   #245   0xa2ecd38049ca63d7c2d4554e12c985aa11b39c8a  prob=0.0512 (raw=0.1624)  vol=$2,400  trades=2  first_trade=2025-12-06 18:30  winrate=0.000  n_markets_traded=1.000  herfindahl_index_markets=1.000
10:51:35 [super]   #246   0x2994231537e0115b883c5092fc290ce76886fde2  prob=0.0512 (raw=0.1624)  vol=$3,057  trades=4  first_trade=2025-12-04 17:04  winrate=0.000  n_markets_traded=1.000  herfindahl_index_markets=1.000
10:51:35 [super]   #247   0xac462eeba8da3ed01940ae2cbdec3011d9d5e256  prob=0.0512 (raw=0.1624)  vol=$3,000  trades=4  first_trade=2025-12-06 13:31  winrate=0.000  n_markets_traded=1.000  herfindahl_index_markets=1.000
10:51:35 [super]   #248   0x3d24f97ebd746ccf17c2cad3bc434518baf1e856  prob=0.0512 (raw=0.1624)  vol=$2  trades=2  first_trade=2025-12-05 07:51  winrate=0.000  n_markets_traded=1.000  herfindahl_index_markets=1.000
10:51:35 [super]   #249   0xf237ec5e8d06413ce126f4602e0d02d61f9fec63  prob=0.0512 (raw=0.1624)  vol=$2  trades=2  first_trade=2025-12-05 07:09  winrate=0.000  n_markets_traded=1.000  herfindahl_index_markets=1.000
10:51:35 [super]   #250   0xcf766c1dd49a06ebc681916b589690a9bdb9fd54  prob=0.0512 (raw=0.1624)  vol=$3,333  trades=2  first_trade=2025-12-05 19:23  winrate=0.000  n_markets_traded=1.000  herfindahl_index_markets=1.000
10:51:35 [super]   #251   0x649e7b151907ec289916fb26a315eccacbeb717a  prob=0.0512 (raw=0.1624)  vol=$3,250  trades=4  first_trade=2025-12-05 11:41  winrate=0.000  n_markets_traded=1.000  herfindahl_index_markets=1.000
10:51:35 [super]   #252   0x4083134a205c4eab76b6c0223ff085e968f222b2  prob=0.0512 (raw=0.1624)  vol=$3,333  trades=4  first_trade=2025-12-05 10:21  winrate=0.000  n_markets_traded=1.000  herfindahl_index_markets=1.000
10:51:35 [super]   #253   0xc1f015bc9fa5d88e280dd2c035b5b8aca698615b  prob=0.0512 (raw=0.1624)  vol=$4,000  trades=8  first_trade=2025-12-07 18:22  winrate=0.000  n_markets_traded=1.000  herfindahl_index_markets=1.000
10:51:35 [super]   #254   0x3a3e8b9aa4e97209309429c6e61da6266abb3716  prob=0.0512 (raw=0.1624)  vol=$2  trades=2  first_trade=2025-12-04 16:15  winrate=0.000  n_markets_traded=1.000  herfindahl_index_markets=1.000
10:51:35 [super]   #255   0xc5576a43c6916876b8c1b27c1cf53833442ddf6f  prob=0.0512 (raw=0.1624)  vol=$10,500  trades=2  first_trade=2025-12-06 09:01  winrate=0.000  n_markets_traded=1.000  herfindahl_index_markets=1.000
10:51:35 [super]   #256   0xf13e6d4ed7b5a9955163ee17f028ea8fd755b8f1  prob=0.0512 (raw=0.1624)  vol=$4  trades=4  first_trade=2025-12-04 19:44  winrate=0.000  n_markets_traded=1.000  herfindahl_index_markets=1.000
10:51:35 [super]   #257   0xb5cea9754d83c1644df3c24c1248872b2fdeb26e  prob=0.0512 (raw=0.1624)  vol=$11,000  trades=10  first_trade=2025-12-04 17:39  winrate=0.000  n_markets_traded=1.000  herfindahl_index_markets=1.000
10:51:35 [super]   #258   0xd4ba0d2e9f175b4c4d9f2f6277839b83191d00cc  prob=0.0512 (raw=0.1624)  vol=$5,896  trades=6  first_trade=2025-12-04 11:53  winrate=0.000  n_markets_traded=1.000  herfindahl_index_markets=1.000
10:51:35 [super]   #259   0x274f2f19445720a9a1a308fba3e7f252d9996f2a  prob=0.0512 (raw=0.1624)  vol=$5,000  trades=2  first_trade=2025-12-05 14:20  winrate=0.000  n_markets_traded=1.000  herfindahl_index_markets=1.000
10:51:35 [super]   #260   0xebaac70e29fb820196f13defcbe3718fa7367d82  prob=0.0512 (raw=0.1624)  vol=$5,000  trades=2  first_trade=2025-12-05 23:52  winrate=0.000  n_markets_traded=1.000  herfindahl_index_markets=1.000
10:51:35 [super]   #261   0xf6ecfa6b488352c80130f99c43e5fc631e2fa7f6  prob=0.0512 (raw=0.1624)  vol=$6,667  trades=8  first_trade=2025-12-05 19:52  winrate=0.000  n_markets_traded=1.000  herfindahl_index_markets=1.000
10:51:35 [super]   #262   0xb848ec992a5e41df3a588916e8bf083aef206c45  prob=0.0511 (raw=0.1619)  vol=$2  trades=2  first_trade=2025-12-04 11:58  winrate=0.000  n_markets_traded=3.000  herfindahl_index_markets=0.513
10:51:35 [super]   #263   0xfcf453560519a9e19b89aa34cbbdf92e2ab3d26e  prob=0.0507 (raw=0.1601)  vol=$10,000  trades=3  first_trade=2025-12-06 13:25  winrate=0.000  n_markets_traded=2.000  herfindahl_index_markets=0.555
10:51:35 [super]   #264   0x83968cc5e0f73a7883393fcf443ef25165f3505b  prob=0.0507 (raw=0.1600)  vol=$2,000  trades=2  first_trade=2025-12-07 15:02  winrate=0.000  n_markets_traded=7.000  herfindahl_index_markets=0.613
10:51:35 [super]   #265   0x6324dd00d9352a1b8dc486b6c0680d95c39fe1f3  prob=0.0507 (raw=0.1600)  vol=$8,471  trades=27  first_trade=2025-12-04 06:19  winrate=0.000  n_markets_traded=2.000  herfindahl_index_markets=0.502
10:51:35 [super]   #266   0x622240c66a27a2f10805069d52181dab9a4e8983  prob=0.0507 (raw=0.1600)  vol=$4,820  trades=2  first_trade=2025-12-04 07:07  winrate=0.500  n_markets_traded=6.000  herfindahl_index_markets=0.218
10:51:35 [super]   #267   0x4706778cf0481c9708d4d8ee1965e81c08c5286e  prob=0.0506 (raw=0.1594)  vol=$1,168  trades=151  first_trade=2025-11-29 20:08  winrate=NaN  n_markets_traded=0.000  herfindahl_index_markets=0.000
10:51:35 [super]   #268   0xdd3288a6d0d3eedbef4f63804cd99bd17de85a56  prob=0.0505 (raw=0.1592)  vol=$751  trades=5  first_trade=2025-12-04 11:48  winrate=0.000  n_markets_traded=1.000  herfindahl_index_markets=1.000
10:51:35 [super]   #269   0x0142ca968d33c4b00cca882c3e48fb2e7b40c010  prob=0.0505 (raw=0.1592)  vol=$1,050  trades=3  first_trade=2025-12-05 12:37  winrate=0.000  n_markets_traded=1.000  herfindahl_index_markets=1.000
10:51:35 [super]   #270   0xd4cfcc6b443e182f153652125ee4fdd13245be8b  prob=0.0505 (raw=0.1592)  vol=$747  trades=3  first_trade=2025-12-04 07:41  winrate=0.000  n_markets_traded=1.000  herfindahl_index_markets=1.000
10:51:35 [super]   #271   0x505b78da20f5c4594fba398c3090cdb90d7cef03  prob=0.0505 (raw=0.1592)  vol=$600  trades=2  first_trade=2025-12-05 02:01  winrate=0.000  n_markets_traded=1.000  herfindahl_index_markets=1.000
10:51:35 [super]   #272   0xf129f01744945008ac1cbb806205205b3824065b  prob=0.0505 (raw=0.1592)  vol=$6,281  trades=10  first_trade=2025-12-04 07:04  winrate=0.000  n_markets_traded=1.000  herfindahl_index_markets=1.000
10:51:35 [super]   #273   0xd7990fa50af334675890add7970e87979a869c6e  prob=0.0505 (raw=0.1592)  vol=$400  trades=2  first_trade=2025-12-04 06:59  winrate=0.000  n_markets_traded=1.000  herfindahl_index_markets=1.000
10:51:35 [super]   #274   0xf29a42458142edbc4bb7248d171ad4fcd5e3af2a  prob=0.0505 (raw=0.1592)  vol=$200  trades=2  first_trade=2025-12-04 08:47  winrate=0.000  n_markets_traded=1.000  herfindahl_index_markets=1.000
10:51:35 [super]   #275   0x50f5b1c04a4a3bb3e3a1b8f002b3e037f5a87943  prob=0.0505 (raw=0.1592)  vol=$200  trades=2  first_trade=2025-12-04 13:27  winrate=0.000  n_markets_traded=1.000  herfindahl_index_markets=1.000
10:51:35 [super]   #276   0x1858771346e6f7c29e49e6aba62c1438af16110c  prob=0.0505 (raw=0.1592)  vol=$400  trades=2  first_trade=2025-12-05 01:35  winrate=0.000  n_markets_traded=1.000  herfindahl_index_markets=1.000
10:51:35 [super]   #277   0x1677eee7bd0dcd350d24afaa216ae2c3632fad8c  prob=0.0505 (raw=0.1592)  vol=$400  trades=2  first_trade=2025-12-05 01:29  winrate=0.000  n_markets_traded=1.000  herfindahl_index_markets=1.000
10:51:35 [super]   #278   0x9577f69af10120dc14043cd215fddbda27353de1  prob=0.0505 (raw=0.1592)  vol=$2,987  trades=3  first_trade=2025-12-05 00:47  winrate=0.000  n_markets_traded=1.000  herfindahl_index_markets=1.000
10:51:35 [super]   #279   0xc649f96b4562e91204e08f2f99759b9ba94b3c73  prob=0.0505 (raw=0.1592)  vol=$2,600  trades=2  first_trade=2025-12-05 01:16  winrate=0.000  n_markets_traded=1.000  herfindahl_index_markets=1.000
10:51:35 [super]   #280   0xd490d08191169dfb6617ca33ee9066e4d533db14  prob=0.0505 (raw=0.1592)  vol=$167  trades=2  first_trade=2025-12-05 00:37  winrate=0.000  n_markets_traded=1.000  herfindahl_index_markets=1.000
10:51:35 [super]   #281   0x51bb40f7a6e87726ab26590465b2e168443e3798  prob=0.0505 (raw=0.1592)  vol=$40  trades=4  first_trade=2025-12-04 07:22  winrate=0.000  n_markets_traded=1.000  herfindahl_index_markets=1.000
10:51:35 [super]   #282   0xa64128713ff3702cfeb252a7b196bfde1fc4430c  prob=0.0504 (raw=0.1585)  vol=$1,000  trades=2  first_trade=2025-12-05 23:01  winrate=0.000  n_markets_traded=1.000  herfindahl_index_markets=1.000
10:51:35 [super]   #283   0x3b5b49728afda93ea210bd302358f6d40177d63e  prob=0.0504 (raw=0.1585)  vol=$4  trades=1  first_trade=2025-12-04 22:31  winrate=0.000  n_markets_traded=7.000  herfindahl_index_markets=0.269
10:51:35 [super]   #284   0xfe4a624eda9af93374f26b7ee1cc2b9c9656e38b  prob=0.0504 (raw=0.1584)  vol=$2,500  trades=2  first_trade=2025-12-04 14:07  winrate=0.000  n_markets_traded=4.000  herfindahl_index_markets=0.344
10:51:35 [super]   #285   0x129e55819afe843eee5bc7edf2ef778408b76940  prob=0.0503 (raw=0.1581)  vol=$1,000  trades=2  first_trade=2025-12-05 06:33  winrate=0.000  n_markets_traded=4.000  herfindahl_index_markets=0.685
10:51:35 [super]   #286   0x2b7524dd1f5ae1e21b21ec9a7176898eb255f712  prob=0.0501 (raw=0.1570)  vol=$366  trades=11  first_trade=2025-12-04 05:23  winrate=0.438  n_markets_traded=16.000  herfindahl_index_markets=0.096
10:51:35 [super]   #287   0xb1ee7f3c123042a53d72d7fd21a727544e6a91c4  prob=0.0500 (raw=0.1567)  vol=$5,000  trades=4  first_trade=2025-12-07 16:35  winrate=0.000  n_markets_traded=2.000  herfindahl_index_markets=0.500
10:51:35 [super]   #288   0x850a345b06503bf23a3867042b72c230cb6096a9  prob=0.0500 (raw=0.1567)  vol=$1,250  trades=10  first_trade=2025-12-04 10:13  winrate=0.000  n_markets_traded=2.000  herfindahl_index_markets=0.500
10:51:35 [super]   #289   0x94671704fa41cc25bdeead75822fc9db294c84c4  prob=0.0500 (raw=0.1567)  vol=$2  trades=2  first_trade=2025-12-05 09:15  winrate=0.000  n_markets_traded=2.000  herfindahl_index_markets=0.500
10:51:35 [super]   #290   0x880ad247655cdc67d2e9377c47bc7189f2299cb3  prob=0.0500 (raw=0.1567)  vol=$748  trades=3  first_trade=2025-12-04 21:16  winrate=0.000  n_markets_traded=2.000  herfindahl_index_markets=0.500
10:51:35 [super]   #291   0x19a562ca696274974f551582dca3d5dc3dceead0  prob=0.0500 (raw=0.1567)  vol=$20,000  trades=2  first_trade=2025-12-06 14:20  winrate=0.000  n_markets_traded=2.000  herfindahl_index_markets=0.500
10:51:35 [super]   #292   0x9968045d126838af4558fb3b33d31ba1cd3b2187  prob=0.0500 (raw=0.1567)  vol=$6,751  trades=3  first_trade=2025-12-04 11:28  winrate=0.000  n_markets_traded=2.000  herfindahl_index_markets=0.501
10:51:35 [super]   #293   0xb2dda0bfb4719fe6b3dd33908a9be72593ce51d8  prob=0.0500 (raw=0.1567)  vol=$250  trades=2  first_trade=2025-12-04 10:41  winrate=0.000  n_markets_traded=2.000  herfindahl_index_markets=0.500
10:51:35 [super]   #294   0xdec324ca3c486865a7f1c0bc9d3014a2d39cd24e  prob=0.0500 (raw=0.1567)  vol=$500  trades=2  first_trade=2025-12-04 18:29  winrate=0.000  n_markets_traded=2.000  herfindahl_index_markets=0.500
10:51:35 [super]   #295   0x7833bf2866e5aa80aa0d7abb4ce1e768ee093f14  prob=0.0500 (raw=0.1566)  vol=$3,000  trades=2  first_trade=2025-12-05 14:47  winrate=0.000  n_markets_traded=4.000  herfindahl_index_markets=0.265
10:51:35 [super]   #296   0x27ee60e85234080858183076c62f92e25084858a  prob=0.0500 (raw=0.1565)  vol=$20  trades=3  first_trade=2025-12-03 20:06  winrate=0.000  n_markets_traded=3.000  herfindahl_index_markets=0.521
10:51:35 [super]   #297   0xd6bc99af19d7a5a96390a3403d35e3f010fa0ed7  prob=0.0500 (raw=0.1565)  vol=$5,000  trades=2  first_trade=2025-12-07 16:09  winrate=0.000  n_markets_traded=3.000  herfindahl_index_markets=0.407
10:51:35 [super]   #298   0xd1a3cb460f6473edfa6e5881f8f76f03aa302bd4  prob=0.0500 (raw=0.1565)  vol=$21  trades=6  first_trade=2025-12-04 18:59  winrate=0.000  n_markets_traded=3.000  herfindahl_index_markets=0.399
10:51:35 [super]   #299   0x731e83c68b81bf3d2d911591a899e12bb916b841  prob=0.0500 (raw=0.1565)  vol=$333  trades=2  first_trade=2025-12-05 05:49  winrate=0.000  n_markets_traded=3.000  herfindahl_index_markets=0.420
10:51:35 [super]   #300   0xa3ed3a9fb5c1824e7ab9d06a8f748bf70f1f427f  prob=0.0495 (raw=0.1543)  vol=$333  trades=2  first_trade=2025-12-05 13:41  winrate=0.000  n_markets_traded=3.000  herfindahl_index_markets=0.333
10:51:35 [super]   #301   0x61cbaa00e5774ad946968b82ba5167a25d5cecaa  prob=0.0495 (raw=0.1543)  vol=$1,000  trades=2  first_trade=2025-12-06 14:55  winrate=0.000  n_markets_traded=3.000  herfindahl_index_markets=0.359
10:51:35 [super]   #302   0x080f952871a49af3a65c42fb6e503d762fd1e273  prob=0.0495 (raw=0.1543)  vol=$1,000  trades=2  first_trade=2025-12-06 06:11  winrate=0.000  n_markets_traded=3.000  herfindahl_index_markets=0.333
10:51:35 [super]   #303   0x8c75ba7093add6020412810e5c36ae6f2fb3efb7  prob=0.0495 (raw=0.1543)  vol=$1,000  trades=2  first_trade=2025-12-07 07:08  winrate=0.000  n_markets_traded=3.000  herfindahl_index_markets=0.333
10:51:35 [super]   #304   0x1c0bdd5a616ba7ae5d9b707ca18cd70ac51d7600  prob=0.0495 (raw=0.1540)  vol=$8,877  trades=12  first_trade=2025-12-05 15:44  winrate=0.000  n_markets_traded=3.000  herfindahl_index_markets=0.551
10:51:35 [super]   #305   0x32c593aea6fed10192040e9f4b4a0ba7a0878182  prob=0.0495 (raw=0.1539)  vol=$2,801  trades=14  first_trade=2025-12-04 05:47  winrate=0.000  n_markets_traded=2.000  herfindahl_index_markets=0.680
10:51:35 [super]   #306   0xf0d9416a1288684a08333d56b67204b15a824621  prob=0.0494 (raw=0.1536)  vol=$142  trades=11  first_trade=2025-12-05 02:39  winrate=0.000  n_markets_traded=2.000  herfindahl_index_markets=0.500
10:51:35 [super]   #307   0x4352ea74d63fbba5ff05a6593de8dbd3402e658b  prob=0.0494 (raw=0.1534)  vol=$27  trades=4  first_trade=2025-12-01 23:44  winrate=0.000  n_markets_traded=4.000  herfindahl_index_markets=0.273
10:51:35 [super]   #308   0x63183d18fe9c401a435aaa26ab80032811bae90a  prob=0.0493 (raw=0.1534)  vol=$1,000  trades=2  first_trade=2025-12-06 11:06  winrate=0.000  n_markets_traded=5.000  herfindahl_index_markets=0.250
10:51:35 [super]   #309   0x748e8a9086c2168470e14e3d57a8ebfe5e7aa579  prob=0.0493 (raw=0.1534)  vol=$1,600  trades=2  first_trade=2025-12-07 11:56  winrate=0.000  n_markets_traded=7.000  herfindahl_index_markets=0.239
10:51:35 [super]   #310   0xb8437b0aad956249a45029e19a4169025b958236  prob=0.0493 (raw=0.1530)  vol=$3,714  trades=7  first_trade=2025-12-04 13:15  winrate=0.000  n_markets_traded=12.000  herfindahl_index_markets=0.236
10:51:35 [super]   #311   0x323bf118b83e9a457abc27a569819382d6554598  prob=0.0491 (raw=0.1522)  vol=$6,823  trades=12  first_trade=2025-12-05 16:58  winrate=0.000  n_markets_traded=2.000  herfindahl_index_markets=0.752
10:51:35 [super]   #312   0xd0d9607b59c2ea61798c44410941a03d7bb976cf  prob=0.0491 (raw=0.1522)  vol=$1,000  trades=2  first_trade=2025-12-05 08:32  winrate=0.000  n_markets_traded=2.000  herfindahl_index_markets=0.625
10:51:35 [super]   #313   0xdb8dd99172bf843820c65f011240b5805bbf8743  prob=0.0491 (raw=0.1522)  vol=$250  trades=2  first_trade=2025-12-05 03:39  winrate=0.000  n_markets_traded=2.000  herfindahl_index_markets=0.909
10:51:35 [super]   #314   0x3c01365bc78aceb7101e36858b37a491a2fec382  prob=0.0491 (raw=0.1522)  vol=$3,000  trades=4  first_trade=2025-12-07 02:25  winrate=0.000  n_markets_traded=2.000  herfindahl_index_markets=0.592
10:51:35 [super]   #315   0x1d8ce3efb2c57905962b455863f873381ea286ec  prob=0.0490 (raw=0.1518)  vol=$1,000  trades=2  first_trade=2025-12-06 22:51  winrate=0.333  n_markets_traded=6.000  herfindahl_index_markets=0.260
10:51:35 [super]   #316   0x3f45ecc8d59273daa74d509c5c62f7aacab5d06c  prob=0.0489 (raw=0.1512)  vol=$1,080  trades=5  first_trade=2025-12-04 07:06  winrate=0.000  n_markets_traded=3.000  herfindahl_index_markets=0.333
10:51:35 [super]   #317   0x65f693f9b2b8ae06144c1d23a84d37a1549330e8  prob=0.0489 (raw=0.1510)  vol=$57  trades=8  first_trade=2025-12-04 03:26  winrate=0.167  n_markets_traded=6.000  herfindahl_index_markets=0.571
10:51:35 [super]   #318   0x3ae5e4586a986df64ef2442d16d190b82d63d982  prob=0.0488 (raw=0.1508)  vol=$2  trades=2  first_trade=2025-12-04 20:38  winrate=0.000  n_markets_traded=1.000  herfindahl_index_markets=1.000
10:51:35 [super]   #319   0x7e3e9ef3dd9831436ff1e3ac234b87adacd30a2d  prob=0.0488 (raw=0.1508)  vol=$16,112  trades=2  first_trade=2025-12-05 11:54  winrate=0.000  n_markets_traded=1.000  herfindahl_index_markets=1.000
10:51:35 [super]   #320   0x3a3cc7162f268aa554bd806439df334d02f09460  prob=0.0488 (raw=0.1508)  vol=$1,000  trades=2  first_trade=2025-12-07 00:28  winrate=0.000  n_markets_traded=1.000  herfindahl_index_markets=1.000
10:51:35 [super]   #321   0xc92421af7b3d0675402f3a0e8c3c554a3eb2daa1  prob=0.0488 (raw=0.1508)  vol=$3,000  trades=4  first_trade=2025-12-07 05:03  winrate=0.000  n_markets_traded=1.000  herfindahl_index_markets=1.000
10:51:35 [super]   #322   0xcf5c110a5a1c9381b5afc12749c0d731e72d9534  prob=0.0488 (raw=0.1508)  vol=$1,000  trades=2  first_trade=2025-12-06 11:39  winrate=0.000  n_markets_traded=1.000  herfindahl_index_markets=1.000
10:51:35 [super]   #323   0x6fa35fc9087c7ee3776c46b4f5789c2597b716cd  prob=0.0486 (raw=0.1499)  vol=$29,833  trades=8  first_trade=2025-12-05 20:03  winrate=0.167  n_markets_traded=6.000  herfindahl_index_markets=0.323
10:51:35 [super]   #324   0x9fe2966cdb0b5da02854784eb179fb934469acfa  prob=0.0486 (raw=0.1495)  vol=$5,723  trades=20  first_trade=2025-12-04 16:51  winrate=0.333  n_markets_traded=12.000  herfindahl_index_markets=0.177
10:51:35 [super]   #325   0xa3667058b1d916d1182f30f5b4d509da7eb42742  prob=0.0485 (raw=0.1492)  vol=$16  trades=30  first_trade=2025-12-04 04:46  winrate=0.000  n_markets_traded=17.000  herfindahl_index_markets=0.200
10:51:35 [super]   #326   0xc3a0acc69a86955d7c1d18aef42e77e2428757b2  prob=0.0484 (raw=0.1488)  vol=$641  trades=4  first_trade=2025-12-04 04:45  winrate=0.111  n_markets_traded=9.000  herfindahl_index_markets=0.325
10:51:35 [super]   #327   0xa0f19086719d534c50015ca6ba5cdfdfa5efb29b  prob=0.0483 (raw=0.1482)  vol=$2  trades=2  first_trade=2025-12-04 05:08  winrate=0.538  n_markets_traded=39.000  herfindahl_index_markets=0.425
10:51:35 [super]   #328   0x6ae04291ca72f5dee7e014f84eeb9ab982abe8b5  prob=0.0482 (raw=0.1477)  vol=$588  trades=2  first_trade=2025-12-04 06:07  winrate=0.000  n_markets_traded=1.000  herfindahl_index_markets=1.000
10:51:35 [super]   #329   0xa2dad2018922cde83382a06c4c62eaed9cc2229c  prob=0.0482 (raw=0.1477)  vol=$250  trades=2  first_trade=2025-12-04 22:59  winrate=0.000  n_markets_traded=1.000  herfindahl_index_markets=1.000
10:51:35 [super]   #330   0x6c649ad3aed492fec60f0cd66ec4bc10c9032a55  prob=0.0482 (raw=0.1476)  vol=$389  trades=10  first_trade=2025-12-04 07:54  winrate=0.000  n_markets_traded=4.000  herfindahl_index_markets=0.282
10:51:35 [super]   #331   0xcefbbeedb24db9f87ad824ae06b82becd6e7750c  prob=0.0481 (raw=0.1474)  vol=$1  trades=2  first_trade=2025-12-04 07:11  winrate=0.704  n_markets_traded=71.000  herfindahl_index_markets=0.024
10:51:35 [super]   #332   0x409295589839dfa0bfa360e18a1c95c5e2cd5009  prob=0.0481 (raw=0.1474)  vol=$1  trades=2  first_trade=2025-12-04 07:11  winrate=0.603  n_markets_traded=73.000  herfindahl_index_markets=0.024
10:51:35 [super]   #333   0x1a4c96c278bf21a07d40fbcd629b2ec37455fca5  prob=0.0481 (raw=0.1471)  vol=$1,500  trades=2  first_trade=2025-12-07 18:26  winrate=0.000  n_markets_traded=7.000  herfindahl_index_markets=0.281
10:51:35 [super]   #334   0xd4ee6b26419f0483eddf042237f6a28a427e071f  prob=0.0481 (raw=0.1471)  vol=$1,000  trades=2  first_trade=2025-12-06 03:13  winrate=0.000  n_markets_traded=5.000  herfindahl_index_markets=0.301
10:51:35 [super]   #335   0xf1e18796b23683d463686cc95d24374562348215  prob=0.0481 (raw=0.1471)  vol=$2,500  trades=10  first_trade=2025-12-04 16:49  winrate=0.000  n_markets_traded=6.000  herfindahl_index_markets=0.300
10:51:35 [super]   #336   0x72bc8711bed173a2749092d075c4329061240556  prob=0.0481 (raw=0.1471)  vol=$250  trades=2  first_trade=2025-12-05 12:59  winrate=0.000  n_markets_traded=6.000  herfindahl_index_markets=0.307
10:51:35 [super]   #337   0x2d59530309818bdc037f4d5e5de8273c5c0db257  prob=0.0481 (raw=0.1471)  vol=$500  trades=2  first_trade=2025-12-04 15:39  winrate=0.000  n_markets_traded=5.000  herfindahl_index_markets=0.259
10:51:35 [super]   #338   0x614f8940a6bbe30f3a2a2b559a56ec9a12171390  prob=0.0481 (raw=0.1469)  vol=$1,000  trades=2  first_trade=2025-12-05 06:34  winrate=0.000  n_markets_traded=4.000  herfindahl_index_markets=0.358
10:51:35 [super]   #339   0xcdc47c6c362e05c06df6e43f5c7bc3bc27b9ee13  prob=0.0480 (raw=0.1466)  vol=$20,000  trades=8  first_trade=2025-12-07 01:20  winrate=0.000  n_markets_traded=4.000  herfindahl_index_markets=0.779
10:51:35 [super]   #340   0x1193864fb516aa6eaa10522b6d152c7de876261b  prob=0.0479 (raw=0.1460)  vol=$1,186  trades=8  first_trade=2025-12-05 00:01  winrate=0.000  n_markets_traded=4.000  herfindahl_index_markets=0.455
10:51:35 [super]   #341   0x8e27b24398a2eff41bb0f8a59a3fab318e06e648  prob=0.0478 (raw=0.1454)  vol=$130  trades=7  first_trade=2025-12-01 06:23  winrate=0.250  n_markets_traded=12.000  herfindahl_index_markets=0.265
10:51:35 [super]   #342   0x48e2cebb7d5d5c234038bcef91bbcc64063fe836  prob=0.0477 (raw=0.1452)  vol=$6,000  trades=2  first_trade=2025-12-04 15:30  winrate=0.000  n_markets_traded=3.000  herfindahl_index_markets=0.388
10:51:35 [super]   #343   0xfb69e1fe2c883732cc2dfec0d4494c0057ade3fb  prob=0.0477 (raw=0.1452)  vol=$333  trades=2  first_trade=2025-12-05 19:26  winrate=0.000  n_markets_traded=3.000  herfindahl_index_markets=0.389
10:51:35 [super]   #344   0x23332ca1da94384d1c5f1a321d8b3053cecc7c71  prob=0.0477 (raw=0.1452)  vol=$8,000  trades=14  first_trade=2025-12-06 16:29  winrate=0.000  n_markets_traded=3.000  herfindahl_index_markets=0.427
10:51:35 [super]   #345   0xa4de5b99bf35fca188ceda5b1d06da83df9f0ac8  prob=0.0477 (raw=0.1450)  vol=$112  trades=2  first_trade=2025-12-04 13:51  winrate=0.091  n_markets_traded=11.000  herfindahl_index_markets=0.091
10:51:35 [super]   #346   0xeffd62b27fefdae9cf2e315ca201cc433aafc544  prob=0.0475 (raw=0.1442)  vol=$350  trades=2  first_trade=2025-12-04 14:03  winrate=0.000  n_markets_traded=4.000  herfindahl_index_markets=0.627
10:51:35 [super]   #347   0x7638caae94cda570ea44786cdaa24f620429ed9d  prob=0.0475 (raw=0.1440)  vol=$1  trades=2  first_trade=2025-12-04 06:44  winrate=0.523  n_markets_traded=88.000  herfindahl_index_markets=0.020
10:51:35 [super]   #348   0xed1e5a760177c3c266417545be8dd27c27171b0b  prob=0.0475 (raw=0.1439)  vol=$2,540  trades=6  first_trade=2025-12-05 07:35  winrate=0.000  n_markets_traded=5.000  herfindahl_index_markets=0.257
10:51:35 [super]   #349   0x4dccdb0157a344a1b458f39c9a3981d8fc5bc55b  prob=0.0475 (raw=0.1439)  vol=$500  trades=2  first_trade=2025-12-04 15:08  winrate=0.000  n_markets_traded=5.000  herfindahl_index_markets=0.256
10:51:35 [super]   #350   0x5e7c37571e4c0ad0541cfa2e1ca50936b5ee8bdc  prob=0.0473 (raw=0.1431)  vol=$500  trades=2  first_trade=2025-12-04 14:00  winrate=0.000  n_markets_traded=3.000  herfindahl_index_markets=0.347
10:51:35 [super]   #351   0xd5d431466d4ede059f902af78160407f14daff08  prob=0.0473 (raw=0.1431)  vol=$2,667  trades=4  first_trade=2025-12-05 17:34  winrate=0.000  n_markets_traded=3.000  herfindahl_index_markets=0.360
10:51:35 [super]   #352   0x5b00df8f6d7475b082d3437689eee31780b5f267  prob=0.0471 (raw=0.1422)  vol=$504  trades=4  first_trade=2025-12-04 15:15  winrate=0.000  n_markets_traded=5.000  herfindahl_index_markets=0.244
10:51:35 [super]   #353   0x94a2c905e1c085f4ebe408ff13c5ed36e00b4cef  prob=0.0471 (raw=0.1422)  vol=$2,000  trades=4  first_trade=2025-12-05 12:53  winrate=0.000  n_markets_traded=3.000  herfindahl_index_markets=0.450
10:51:35 [super]   #354   0x415c3242d79d2ba089904278178c7f4348c59d55  prob=0.0470 (raw=0.1415)  vol=$1  trades=2  first_trade=2025-12-04 07:05  winrate=0.673  n_markets_traded=49.000  herfindahl_index_markets=0.055
10:51:35 [super]   #355   0x446159f00ecc5219687bd71f8bb76b575aa34280  prob=0.0469 (raw=0.1411)  vol=$4  trades=4  first_trade=2025-12-04 19:13  winrate=0.000  n_markets_traded=6.000  herfindahl_index_markets=0.197
10:51:35 [super]   #356   0x6b592c31f9a267ffeea69b889ab4b212320ad12a  prob=0.0469 (raw=0.1409)  vol=$28,039  trades=863  first_trade=2025-12-04 03:04  winrate=0.545  n_markets_traded=22.000  herfindahl_index_markets=0.101
10:51:35 [super]   #357   0x74e6c1260ac5448c00eb63e1f6894ecd090c99e8  prob=0.0466 (raw=0.1394)  vol=$28  trades=5  first_trade=2025-12-03 23:02  winrate=NaN  n_markets_traded=0.000  herfindahl_index_markets=0.000
10:51:35 [super]   #358   0x5ad847c5e1d198f3f8a0d16dd084418d3c15e58a  prob=0.0465 (raw=0.1389)  vol=$1,333  trades=2  first_trade=2025-12-05 05:36  winrate=0.333  n_markets_traded=3.000  herfindahl_index_markets=0.427
10:51:35 [super]   #359   0x77c438dc1c440e007d8a29baf709601438c4b182  prob=0.0465 (raw=0.1388)  vol=$1,000  trades=2  first_trade=2025-12-05 17:47  winrate=0.000  n_markets_traded=2.000  herfindahl_index_markets=0.722
10:51:35 [super]   #360   0xa645a7ff60f1823cb8f24d8336e6c2f003defdbe  prob=0.0465 (raw=0.1388)  vol=$2,485  trades=2  first_trade=2025-12-05 11:59  winrate=0.000  n_markets_traded=2.000  herfindahl_index_markets=0.836
10:51:35 [super]   #361   0xaf0dd4cd8d22d970e1e1c562772df067e2660b6e  prob=0.0463 (raw=0.1381)  vol=$1,000  trades=2  first_trade=2025-12-06 10:11  winrate=0.000  n_markets_traded=4.000  herfindahl_index_markets=0.442
10:51:35 [super]   #362   0x13aaad4de109d5d2e17e06188ca170f1c39b1750  prob=0.0462 (raw=0.1375)  vol=$101  trades=11  first_trade=2025-12-04 05:29  winrate=0.000  n_markets_traded=1.000  herfindahl_index_markets=1.000
10:51:35 [super]   #363   0xdac10bbc264d0b3cfb63400362a9d8c961647249  prob=0.0462 (raw=0.1375)  vol=$2  trades=2  first_trade=2025-11-29 19:08  winrate=NaN  n_markets_traded=0.000  herfindahl_index_markets=0.000
10:51:35 [super]   #364   0xbeee08432e520bd4969a1b5e3d29247aa4ecdd37  prob=0.0461 (raw=0.1370)  vol=$2  trades=2  first_trade=2025-12-04 06:48  winrate=0.533  n_markets_traded=15.000  herfindahl_index_markets=0.615
10:51:35 [super]   #365   0x1fb7edff692ec67771acde43aa8c3bbc7e5552a8  prob=0.0461 (raw=0.1369)  vol=$282  trades=3  first_trade=2025-12-04 11:28  winrate=0.400  n_markets_traded=5.000  herfindahl_index_markets=0.549
10:51:35 [super]   #366   0xf295efc3fc24cf923e92f31fb11ff716d93350bc  prob=0.0459 (raw=0.1360)  vol=$57  trades=8  first_trade=2025-12-04 09:27  winrate=0.273  n_markets_traded=11.000  herfindahl_index_markets=0.167
10:51:35 [super]   #367   0x2ca17fe446a7aec10c77859d128b62bf81740e76  prob=0.0458 (raw=0.1355)  vol=$134  trades=3  first_trade=2025-12-05 03:06  winrate=0.200  n_markets_traded=5.000  herfindahl_index_markets=0.338
10:51:35 [super]   #368   0x051f331e209fc72041d92d85c415e4785a339faa  prob=0.0458 (raw=0.1351)  vol=$3,914  trades=4  first_trade=2025-12-05 00:46  winrate=0.000  n_markets_traded=10.000  herfindahl_index_markets=0.356
10:51:35 [super]   #369   0x420e8deb590ad77ff5b2f6776cea2b1fc6dee3c9  prob=0.0456 (raw=0.1340)  vol=$35  trades=4  first_trade=2025-12-03 16:11  winrate=NaN  n_markets_traded=0.000  herfindahl_index_markets=0.000
10:51:35 [super]   #370   0xae9b5f1057e3226ed243d564e3e846b16ee2e4ed  prob=0.0456 (raw=0.1340)  vol=$4,000  trades=4  first_trade=2025-12-06 17:05  winrate=0.000  n_markets_traded=7.000  herfindahl_index_markets=0.311
10:51:35 [super]   #371   0x49151cc8f6376a16caa2e7db597e5ab74ab8b02b  prob=0.0456 (raw=0.1339)  vol=$5,718  trades=24  first_trade=2025-12-04 03:21  winrate=0.125  n_markets_traded=8.000  herfindahl_index_markets=0.209
10:51:35 [super]   #372   0x740b95ed0aefb264360a3530dd3a298a018a1d47  prob=0.0455 (raw=0.1339)  vol=$1,000  trades=3  first_trade=2025-12-07 08:26  winrate=0.000  n_markets_traded=7.000  herfindahl_index_markets=0.221
10:51:35 [super]   #373   0x92f759cdf35faddf76c090de3557c1db69d4cb5f  prob=0.0455 (raw=0.1338)  vol=$4  trades=2  first_trade=2025-12-03 19:14  winrate=0.136  n_markets_traded=22.000  herfindahl_index_markets=0.484
10:51:35 [super]   #374   0xa0a6868804ebf06e831a306ba23e68876e08519e  prob=0.0454 (raw=0.1333)  vol=$241  trades=7  first_trade=2025-12-04 01:02  winrate=0.585  n_markets_traded=41.000  herfindahl_index_markets=0.058
10:51:35 [super]   #375   0xe90bec87d9ef430f27f9dcfe72c34b76967d5da2  prob=0.0453 (raw=0.1326)  vol=$48,250  trades=3  first_trade=2025-12-04 06:41  winrate=NaN  n_markets_traded=0.000  herfindahl_index_markets=0.000
10:51:35 [super]   #376   0x087c852bb3bc6a0adbb829d3a8201b73f56c7597  prob=0.0453 (raw=0.1325)  vol=$1  trades=2  first_trade=2025-12-04 06:27  winrate=0.512  n_markets_traded=80.000  herfindahl_index_markets=0.021
10:51:35 [super]   #377   0xb0b31ee42d62a991e7b4897d996c92a9562504d9  prob=0.0453 (raw=0.1325)  vol=$1,000  trades=2  first_trade=2025-12-06 11:55  winrate=0.000  n_markets_traded=2.000  herfindahl_index_markets=0.500
10:51:35 [super]   #378   0xf0cce1a4f1d804e968bb86dc321957d19da1b6ec  prob=0.0452 (raw=0.1321)  vol=$250  trades=2  first_trade=2025-12-04 13:41  winrate=0.100  n_markets_traded=10.000  herfindahl_index_markets=0.249
10:51:35 [super]   #379   0x861b0822b4b1828fb87b7aebbdadb59d3d991c5a  prob=0.0452 (raw=0.1319)  vol=$1,051  trades=2  first_trade=2025-12-05 00:50  winrate=0.917  n_markets_traded=12.000  herfindahl_index_markets=0.124
10:51:35 [super]   #380   0x22b4139906384ae2a6bed90fd01b81df019d5868  prob=0.0449 (raw=0.1303)  vol=$26,667  trades=2  first_trade=2025-12-05 18:08  winrate=0.000  n_markets_traded=7.000  herfindahl_index_markets=0.181
10:51:35 [super]   #381   0x4c5d1f3150cc32169c89ee253c8daa02ddaa0049  prob=0.0447 (raw=0.1292)  vol=$22  trades=2  first_trade=2025-12-04 07:20  winrate=0.357  n_markets_traded=14.000  herfindahl_index_markets=0.480
10:51:35 [super]   #382   0x1adf8746a07bbd618542a4aea121dc9adf903986  prob=0.0444 (raw=0.1276)  vol=$1  trades=2  first_trade=2025-12-04 05:33  winrate=0.524  n_markets_traded=21.000  herfindahl_index_markets=0.078
10:51:35 [super]   #383   0x084d455627ffc65c4bfffbced85a9e60e741f87e  prob=0.0443 (raw=0.1274)  vol=$2  trades=2  first_trade=2025-12-02 01:58  winrate=0.476  n_markets_traded=21.000  herfindahl_index_markets=0.178
10:51:35 [super]   #384   0x1a76fc9612c66e041c9ac7398b314665d20e1cbe  prob=0.0443 (raw=0.1273)  vol=$1  trades=2  first_trade=2025-12-04 06:10  winrate=0.576  n_markets_traded=33.000  herfindahl_index_markets=0.048
10:51:35 [super]   #385   0x024d123b7b67330e06dc0d51899685414a9dd0ae  prob=0.0443 (raw=0.1272)  vol=$1,563  trades=8  first_trade=2025-12-04 07:30  winrate=0.250  n_markets_traded=4.000  herfindahl_index_markets=0.494
10:51:35 [super]   #386   0xc71dcf573ee6c738dadd1950026aa1534312b270  prob=0.0441 (raw=0.1259)  vol=$1,046  trades=14  first_trade=2025-12-04 13:15  winrate=0.776  n_markets_traded=67.000  herfindahl_index_markets=0.019
10:51:35 [super]   #387   0xb3bd99454bfc2696c54dba999e7de40fb020f543  prob=0.0441 (raw=0.1258)  vol=$68,405  trades=47  first_trade=2025-12-04 06:46  winrate=NaN  n_markets_traded=0.000  herfindahl_index_markets=0.000
10:51:35 [super]   #388   0xcb640d538d35bd3a565a5f458e2df5cbd4c916ab  prob=0.0439 (raw=0.1248)  vol=$104  trades=7  first_trade=2025-12-01 06:24  winrate=0.000  n_markets_traded=6.000  herfindahl_index_markets=0.185
10:51:35 [super]   #389   0x58e66a4c87d6b02afcabaac2ee249b84d109a84c  prob=0.0439 (raw=0.1247)  vol=$667  trades=2  first_trade=2025-12-04 13:06  winrate=0.333  n_markets_traded=3.000  herfindahl_index_markets=0.370
10:51:35 [super]   #390   0x6bab41a0dc40d6dd4c1a915b8c01969479fd1292  prob=0.0437 (raw=0.1240)  vol=$38,203  trades=59  first_trade=2025-11-26 21:32  winrate=NaN  n_markets_traded=0.000  herfindahl_index_markets=0.000
10:51:35 [super]   #391   0x966e2a54ed345c77aaca0feb26621eb22c14b2fe  prob=0.0437 (raw=0.1240)  vol=$1,000  trades=2  first_trade=2025-12-04 08:27  winrate=0.400  n_markets_traded=15.000  herfindahl_index_markets=0.172
10:51:35 [super]   #392   0xe57c8e06849ff306e665287a52f46a54da8b79ec  prob=0.0437 (raw=0.1240)  vol=$129  trades=6  first_trade=2025-12-04 07:05  winrate=0.400  n_markets_traded=10.000  herfindahl_index_markets=0.142
10:51:35 [super]   #393   0xdda3f6be137d7563f6c05a6f4474cc37ec9a9df5  prob=0.0437 (raw=0.1240)  vol=$2,000  trades=4  first_trade=2025-12-04 14:21  winrate=0.381  n_markets_traded=21.000  herfindahl_index_markets=0.093
10:51:35 [super]   #394   0x6b38aad63bb25a9e9bcf4f3c84d6bdbe2212d511  prob=0.0437 (raw=0.1239)  vol=$21  trades=2  first_trade=2025-12-04 09:54  winrate=0.655  n_markets_traded=55.000  herfindahl_index_markets=0.467
10:51:35 [super]   #395   0x9b0dd2313d05efaf8800ce94613327377502400a  prob=0.0437 (raw=0.1239)  vol=$2  trades=3  first_trade=2025-12-04 21:24  winrate=0.000  n_markets_traded=11.000  herfindahl_index_markets=0.236
10:51:35 [super]   #396   0xc8a0a79c363c652c285183b06e2ad090b4a25cc4  prob=0.0436 (raw=0.1231)  vol=$779  trades=19  first_trade=2025-12-02 15:46  winrate=NaN  n_markets_traded=0.000  herfindahl_index_markets=0.000
10:51:35 [super]   #397   0xcee062081d1d318d2fd8475f5e51682d2947f6e2  prob=0.0435 (raw=0.1225)  vol=$1  trades=2  first_trade=2025-12-04 06:16  winrate=0.766  n_markets_traded=77.000  herfindahl_index_markets=0.027
10:51:35 [super]   #398   0x597b6db1395187dbadebc8e4d4173af2d994aafe  prob=0.0433 (raw=0.1217)  vol=$3  trades=2  first_trade=2025-12-05 11:06  winrate=0.478  n_markets_traded=23.000  herfindahl_index_markets=0.104
10:51:35 [super]   #399   0xdc4a4859f266cfffb74b4512d0df243343bcdddc  prob=0.0433 (raw=0.1215)  vol=$5  trades=2  first_trade=2025-12-04 09:06  winrate=0.552  n_markets_traded=29.000  herfindahl_index_markets=0.054
10:51:35 [super]   #400   0x71d0639d545f0247a84d34f0493c832062defd10  prob=0.0432 (raw=0.1213)  vol=$19  trades=2  first_trade=2025-12-04 07:08  winrate=0.732  n_markets_traded=41.000  herfindahl_index_markets=0.045
10:51:35 [super]   #401   0xc126c5f58d2d96820a31dde627e2bd676f9ce798  prob=0.0431 (raw=0.1205)  vol=$144  trades=4  first_trade=2025-12-04 14:28  winrate=0.133  n_markets_traded=15.000  herfindahl_index_markets=0.190
10:51:35 [super]   #402   0xac9fb29254ff7cdc043854cef8dbb2f257cc598e  prob=0.0431 (raw=0.1203)  vol=$30  trades=5  first_trade=2025-12-04 07:01  winrate=0.357  n_markets_traded=14.000  herfindahl_index_markets=0.190
10:51:35 [super]   #403   0xef200bc44e7e6bb9a50eac5f5fc10a8313060bfd  prob=0.0430 (raw=0.1202)  vol=$20  trades=4  first_trade=2025-12-04 09:01  winrate=0.400  n_markets_traded=25.000  herfindahl_index_markets=0.057
10:51:35 [super]   #404   0xef787d049a0826fd3d37061f34236b9969b8b82e  prob=0.0430 (raw=0.1200)  vol=$6  trades=5  first_trade=2025-12-04 21:35  winrate=0.000  n_markets_traded=5.000  herfindahl_index_markets=0.222
10:51:35 [super]   #405   0x7316094342453ae86254cd48e4b8cb5bc6dd4686  prob=0.0429 (raw=0.1195)  vol=$214  trades=5  first_trade=2025-12-05 20:14  winrate=0.143  n_markets_traded=14.000  herfindahl_index_markets=0.134
10:51:35 [super]   #406   0x10e5d83b753200594bfb6a1122ae2360a2a8c66a  prob=0.0425 (raw=0.1170)  vol=$5,000  trades=3  first_trade=2025-12-06 23:23  winrate=0.000  n_markets_traded=8.000  herfindahl_index_markets=0.163
10:51:35 [super]   #407   0x0c7bf9696a2bd20bf82f29a438456ebce3e7c8ce  prob=0.0424 (raw=0.1165)  vol=$29  trades=2  first_trade=2025-12-05 11:29  winrate=0.444  n_markets_traded=9.000  herfindahl_index_markets=0.142
10:51:35 [super]   #408   0x417463d044746c950311adfdfc9ee13674ab04a2  prob=0.0421 (raw=0.1148)  vol=$101  trades=7  first_trade=2025-12-03 18:33  winrate=0.377  n_markets_traded=53.000  herfindahl_index_markets=0.398
10:51:35 [super]   #409   0x75802c56002ebe765938f4f75d72a43e5ccd7308  prob=0.0421 (raw=0.1146)  vol=$20,088  trades=7  first_trade=2025-12-05 03:36  winrate=0.773  n_markets_traded=22.000  herfindahl_index_markets=0.084
10:51:35 [super]   #410   0x43372356634781eea88d61bbdd7824cdce958882  prob=0.0420 (raw=0.1140)  vol=$597  trades=7  first_trade=2025-12-04 03:15  winrate=NaN  n_markets_traded=0.000  herfindahl_index_markets=0.000
10:51:35 [super]   #411   0xe6ea25a808f03362ebcf84b5e470e84670e8b011  prob=0.0418 (raw=0.1133)  vol=$4,119  trades=16  first_trade=2025-12-04 05:07  winrate=0.500  n_markets_traded=56.000  herfindahl_index_markets=0.083
10:51:35 [super]   #412   0xba3a078d29b13f990189a1f7eb309bc09063fdfa  prob=0.0418 (raw=0.1130)  vol=$291  trades=4  first_trade=2025-12-04 03:33  winrate=0.429  n_markets_traded=56.000  herfindahl_index_markets=0.032
10:51:35 [super]   #413   0xcaf260b1ec097d389416a841643f4f206498a77c  prob=0.0418 (raw=0.1130)  vol=$1,000  trades=2  first_trade=2025-12-06 04:57  winrate=0.286  n_markets_traded=7.000  herfindahl_index_markets=0.210
10:51:35 [super]   #414   0xe56ebc8c4178d4f21b65ab6486f950249c2d0bb4  prob=0.0418 (raw=0.1130)  vol=$250  trades=2  first_trade=2025-12-04 13:39  winrate=0.286  n_markets_traded=7.000  herfindahl_index_markets=0.220
10:51:35 [super]   #415   0x05dd60fc2e11f69a3fa30b19273891cd501ce2af  prob=0.0418 (raw=0.1129)  vol=$25,371  trades=22  first_trade=2025-12-04 08:03  winrate=NaN  n_markets_traded=0.000  herfindahl_index_markets=0.000
10:51:35 [super]   #416   0x8ea5e2938641d7f77d45e507c814c240ae4d6696  prob=0.0417 (raw=0.1127)  vol=$482  trades=10  first_trade=2025-12-02 07:43  winrate=0.385  n_markets_traded=65.000  herfindahl_index_markets=0.096
10:51:35 [super]   #417   0x63e22897e8351b055a662bcdde953286264b5579  prob=0.0417 (raw=0.1125)  vol=$4,057  trades=17  first_trade=2025-12-04 03:32  winrate=0.597  n_markets_traded=143.000  herfindahl_index_markets=0.032
10:51:35 [super]   #418   0x9297dc5c6ef009e13c33598c0dd5b43bec28949f  prob=0.0416 (raw=0.1118)  vol=$1,539  trades=7  first_trade=2025-12-04 07:53  winrate=0.200  n_markets_traded=15.000  herfindahl_index_markets=0.161
10:51:35 [super]   #419   0xe8df921332f5fbd86518d6772673ba126b67fc76  prob=0.0414 (raw=0.1108)  vol=$4  trades=2  first_trade=2025-12-05 01:38  winrate=0.462  n_markets_traded=26.000  herfindahl_index_markets=0.062
10:51:35 [super]   #420   0x92708a5336972e664ea17c19e8781edc71ab7c9e  prob=0.0413 (raw=0.1105)  vol=$68  trades=17  first_trade=2025-12-01 23:54  winrate=NaN  n_markets_traded=0.000  herfindahl_index_markets=0.000
10:51:35 [super]   #421   0x800bbd044c4b8fd059027fc0dea905eff8ca5d6f  prob=0.0413 (raw=0.1103)  vol=$822  trades=7  first_trade=2025-12-04 07:29  winrate=0.067  n_markets_traded=15.000  herfindahl_index_markets=0.164
10:51:35 [super]   #422   0xdeed98b0d90aa5d910216571bfb2b00e1bb5a865  prob=0.0412 (raw=0.1093)  vol=$1,000  trades=3  first_trade=2025-12-06 22:33  winrate=0.000  n_markets_traded=8.000  herfindahl_index_markets=0.202
10:51:35 [super]   #423   0xab2360eb1e6df75e3e258bcfd21e02a8c9cb549b  prob=0.0412 (raw=0.1093)  vol=$500  trades=2  first_trade=2025-12-04 18:15  winrate=0.000  n_markets_traded=13.000  herfindahl_index_markets=0.213
10:51:35 [super]   #424   0xcf095ef7b9ddae97e9fbd6b8e89ed29f4b4e6d10  prob=0.0412 (raw=0.1093)  vol=$5,500  trades=2  first_trade=2025-12-04 18:13  winrate=0.000  n_markets_traded=5.000  herfindahl_index_markets=0.216
10:51:35 [super]   #425   0x235ef2007b2e91403dfd86be29795afbe3484bf7  prob=0.0410 (raw=0.1083)  vol=$148  trades=10  first_trade=2025-11-26 21:36  winrate=0.322  n_markets_traded=115.000  herfindahl_index_markets=0.029
10:51:35 [super]   #426   0x4e587b7a00f8d3175e7a03c78538c590727bea52  prob=0.0410 (raw=0.1082)  vol=$2,000  trades=4  first_trade=2025-12-06 02:49  winrate=0.000  n_markets_traded=7.000  herfindahl_index_markets=0.167
10:51:35 [super]   #427   0x7afbfe56273ac942aa3de693ae3613f11b8921ff  prob=0.0410 (raw=0.1082)  vol=$4,000  trades=2  first_trade=2025-12-06 12:16  winrate=0.000  n_markets_traded=6.000  herfindahl_index_markets=0.176
10:51:35 [super]   #428   0x6ca8345ef17302461c731c0cb1fb37bafc63adff  prob=0.0409 (raw=0.1078)  vol=$3  trades=4  first_trade=2025-12-05 05:52  winrate=0.000  n_markets_traded=18.000  herfindahl_index_markets=0.058
10:51:35 [super]   #429   0xc32ced7058a6c02a203228d1334399c6da0bd102  prob=0.0409 (raw=0.1078)  vol=$1,327  trades=13  first_trade=2025-12-04 03:30  winrate=0.211  n_markets_traded=19.000  herfindahl_index_markets=0.100
10:51:35 [super]   #430   0x2407b9ce3aea70065eb3098648776d3925fe70e6  prob=0.0409 (raw=0.1076)  vol=$3  trades=5  first_trade=2025-11-28 16:43  winrate=0.000  n_markets_traded=14.000  herfindahl_index_markets=0.145
10:51:35 [super]   #431   0x7bd76bdf8dba6055c5c1b773ac0c2d0e0cfc749b  prob=0.0407 (raw=0.1067)  vol=$2  trades=2  first_trade=2025-12-05 01:28  winrate=0.500  n_markets_traded=22.000  herfindahl_index_markets=0.079
10:51:35 [super]   #432   0xee324b84546110f1fa5d4b2558edb179c3a4463a  prob=0.0407 (raw=0.1066)  vol=$64,808  trades=12  first_trade=2025-12-04 07:20  winrate=NaN  n_markets_traded=0.000  herfindahl_index_markets=0.000
10:51:35 [super]   #433   0xf737d635d83b3db3887a63b122e2460c38c7363c  prob=0.0406 (raw=0.1063)  vol=$1  trades=2  first_trade=2025-12-04 06:04  winrate=0.333  n_markets_traded=27.000  herfindahl_index_markets=0.058
10:51:35 [super]   #434   0x4d1a87bc2d349bdc2afdc542a090fabce8c8d142  prob=0.0406 (raw=0.1059)  vol=$250  trades=2  first_trade=2025-12-04 22:06  winrate=0.632  n_markets_traded=19.000  herfindahl_index_markets=0.067
10:51:35 [super]   #435   0x57c5de7efafb020e589f80e0da6e16e9b5c907aa  prob=0.0405 (raw=0.1056)  vol=$59,830  trades=21  first_trade=2025-12-04 07:57  winrate=0.725  n_markets_traded=80.000  herfindahl_index_markets=0.788
10:51:35 [super]   #436   0x0b27955a94ec4c812217d6f80f388b606a8491fc  prob=0.0405 (raw=0.1052)  vol=$2,534  trades=4  first_trade=2025-12-04 09:23  winrate=0.800  n_markets_traded=5.000  herfindahl_index_markets=0.298
10:51:35 [super]   #437   0x40cd45f803310f474f70b1edb1c8554363565c75  prob=0.0405 (raw=0.1052)  vol=$4  trades=4  first_trade=2025-12-05 19:09  winrate=NaN  n_markets_traded=0.000  herfindahl_index_markets=0.000
10:51:35 [super]   #438   0x7e1570ca6c2bf1ee33dc4a3f567831635684cfdb  prob=0.0404 (raw=0.1048)  vol=$109,764  trades=75  first_trade=2025-12-03 12:01  winrate=0.769  n_markets_traded=13.000  herfindahl_index_markets=0.235
10:51:35 [super]   #439   0xccf94389295c33e4b1b3d07c333cde320038c7b9  prob=0.0404 (raw=0.1047)  vol=$10  trades=2  first_trade=2025-12-04 07:34  winrate=0.556  n_markets_traded=27.000  herfindahl_index_markets=0.071
10:51:35 [super]   #440   0x14a9bd4c10460b79b51256ac18d39405fa3f59f5  prob=0.0403 (raw=0.1041)  vol=$2  trades=2  first_trade=2025-12-05 10:16  winrate=0.690  n_markets_traded=29.000  herfindahl_index_markets=0.079
10:51:35 [super]   #441   0x45798c7f8831a6aea25a5a78ed8ea8b8bfb49f19  prob=0.0403 (raw=0.1041)  vol=$10,636  trades=9  first_trade=2025-12-04 13:10  winrate=0.500  n_markets_traded=156.000  herfindahl_index_markets=0.051
10:51:35 [super]   #442   0x9b7fa57f4f1389b848c6b215146225278434f1b3  prob=0.0403 (raw=0.1041)  vol=$4,079  trades=8  first_trade=2025-12-04 23:47  winrate=0.542  n_markets_traded=24.000  herfindahl_index_markets=0.054
10:51:35 [super]   #443   0xb761a7dbc360d86d8e46c8b25e47a4d4c92a253a  prob=0.0403 (raw=0.1040)  vol=$837  trades=68  first_trade=2025-11-29 19:57  winrate=NaN  n_markets_traded=0.000  herfindahl_index_markets=0.000
10:51:35 [super]   #444   0x22b57908ba8b730b1242cce3781407090194bdca  prob=0.0402 (raw=0.1039)  vol=$42,070  trades=12  first_trade=2025-12-05 03:08  winrate=0.550  n_markets_traded=20.000  herfindahl_index_markets=0.204
10:51:35 [super]   #445   0x5e940ccc5cc4d0bba115144f15ed33617dd6d134  prob=0.0401 (raw=0.1032)  vol=$1  trades=2  first_trade=2025-12-04 07:11  winrate=0.609  n_markets_traded=69.000  herfindahl_index_markets=0.026
10:51:35 [super]   #446   0xf231f1562408d1c291f0d225b1cf1ead260f0872  prob=0.0401 (raw=0.1032)  vol=$19  trades=64  first_trade=2025-12-04 03:20  winrate=0.308  n_markets_traded=13.000  herfindahl_index_markets=0.096
10:51:35 [super]   #447   0xe66a637aacb76d235c3703e8805ad4b6c483a0a0  prob=0.0401 (raw=0.1028)  vol=$80  trades=26  first_trade=2025-12-04 06:02  winrate=NaN  n_markets_traded=0.000  herfindahl_index_markets=0.000
10:51:35 [super]   #448   0x6bf5c38552e200264703946bb8e86a5d02d79055  prob=0.0400 (raw=0.1026)  vol=$21,608  trades=59  first_trade=2025-12-04 00:44  winrate=0.000  n_markets_traded=2.000  herfindahl_index_markets=0.990
10:51:35 [super]   #449   0x7208087925feba06e4d12cc36150bc879b50fd10  prob=0.0400 (raw=0.1024)  vol=$2,434  trades=4  first_trade=2025-12-05 06:36  winrate=0.000  n_markets_traded=2.000  herfindahl_index_markets=0.661
10:51:35 [super]   #450   0xdd45e705ee2c41bd1d81da5bcb8ed0e8b30259b2  prob=0.0400 (raw=0.1022)  vol=$7,121  trades=134  first_trade=2025-11-29 19:58  winrate=NaN  n_markets_traded=0.000  herfindahl_index_markets=0.000
10:51:35 [super]   #451   0x1026f57a8c836a402e184a867173dd5e0703460c  prob=0.0399 (raw=0.1019)  vol=$58,123  trades=14  first_trade=2025-12-04 03:23  winrate=0.583  n_markets_traded=12.000  herfindahl_index_markets=0.711
10:51:35 [super]   #452   0xe9bab3353c6230deef482e204acd88b37660b514  prob=0.0399 (raw=0.1016)  vol=$10  trades=3  first_trade=2025-12-04 06:58  winrate=0.536  n_markets_traded=28.000  herfindahl_index_markets=0.210
10:51:35 [super]   #453   0x01e0a397d55906d2386f1a7758593215ccbf732c  prob=0.0398 (raw=0.1012)  vol=$52,482  trades=8  first_trade=2025-12-04 06:05  winrate=0.333  n_markets_traded=3.000  herfindahl_index_markets=0.786
10:51:35 [super]   #454   0xf2d2124048f7264f030daa9bf7f272f677a01242  prob=0.0397 (raw=0.1008)  vol=$10  trades=2  first_trade=2025-12-04 07:13  winrate=0.111  n_markets_traded=9.000  herfindahl_index_markets=0.187
10:51:35 [super]   #455   0x62e38b89bab7aa6fff8b0d2a176413f9ffa7fd3a  prob=0.0397 (raw=0.1008)  vol=$10,000  trades=2  first_trade=2025-12-04 12:57  winrate=0.000  n_markets_traded=5.000  herfindahl_index_markets=0.222
10:51:35 [super]   #456   0x33d4d5c338e1856b10f44abbcaaf5c9c67fb2256  prob=0.0396 (raw=0.1000)  vol=$2  trades=4  first_trade=2025-12-04 06:20  winrate=NaN  n_markets_traded=0.000  herfindahl_index_markets=0.000
10:51:35 [super]   #457   0x59ee717b3a1841d3903a1959224cbd434095d4e3  prob=0.0395 (raw=0.0994)  vol=$1,000  trades=2  first_trade=2025-12-04 07:47  winrate=0.308  n_markets_traded=13.000  herfindahl_index_markets=0.180
10:51:35 [super]   #458   0x51fd8f8573c51dd216668a903194b638deda525b  prob=0.0394 (raw=0.0988)  vol=$2,722  trades=10  first_trade=2025-12-04 04:57  winrate=0.062  n_markets_traded=32.000  herfindahl_index_markets=0.214
10:51:35 [super]   #459   0xe8b2784ef4fe2337d3f6d3c0a5209d4d07299f16  prob=0.0394 (raw=0.0987)  vol=$40  trades=6  first_trade=2025-12-04 09:05  winrate=0.154  n_markets_traded=13.000  herfindahl_index_markets=0.102
10:51:35 [super]   #460   0xd7463f6e0f0d8f6de27f2403e7477179da5a9103  prob=0.0394 (raw=0.0986)  vol=$218  trades=22  first_trade=2025-12-04 19:30  winrate=NaN  n_markets_traded=0.000  herfindahl_index_markets=0.000
10:51:35 [super]   #461   0xcf9cb6c0b919e6d23220366e4286638640d8bff7  prob=0.0393 (raw=0.0982)  vol=$11  trades=2  first_trade=2025-12-01 21:37  winrate=0.167  n_markets_traded=6.000  herfindahl_index_markets=0.184
10:51:35 [super]   #462   0xc7f930c4720b962e5f8ba869580f4131664e3da7  prob=0.0393 (raw=0.0979)  vol=$250  trades=2  first_trade=2025-12-04 07:47  winrate=0.000  n_markets_traded=4.000  herfindahl_index_markets=0.378
10:51:35 [super]   #463   0xa61ec8072c28fba041a70462ceeb2e08ec486906  prob=0.0392 (raw=0.0973)  vol=$10,000  trades=2  first_trade=2025-12-06 13:48  winrate=0.000  n_markets_traded=3.000  herfindahl_index_markets=0.475
10:51:35 [super]   #464   0x022416efca4ff07032394ab269b355216520c69a  prob=0.0391 (raw=0.0971)  vol=$25  trades=3  first_trade=2025-12-01 20:50  winrate=0.389  n_markets_traded=18.000  herfindahl_index_markets=0.084
10:51:35 [super]   #465   0x3443c296f49db7dfc5229240dad70d2ba551c14b  prob=0.0391 (raw=0.0971)  vol=$1  trades=2  first_trade=2025-12-04 06:46  winrate=0.250  n_markets_traded=12.000  herfindahl_index_markets=0.776
10:51:35 [super]   #466   0x46fc4ee6214cc93590bc953d6b3ae439a7f67766  prob=0.0391 (raw=0.0970)  vol=$77  trades=8  first_trade=2025-12-04 03:17  winrate=0.162  n_markets_traded=99.000  herfindahl_index_markets=0.028
10:51:35 [super]   #467   0xf9360fd2833a3a77829063834762c9bca7954d15  prob=0.0391 (raw=0.0970)  vol=$80  trades=5  first_trade=2025-12-03 19:08  winrate=0.000  n_markets_traded=3.000  herfindahl_index_markets=0.333
10:51:35 [super]   #468   0xb4dcab418380acab502f997bb54c7ed7f8f10fc3  prob=0.0391 (raw=0.0968)  vol=$1,549  trades=10  first_trade=2025-12-04 03:07  winrate=0.326  n_markets_traded=46.000  herfindahl_index_markets=0.105
10:51:35 [super]   #469   0x20f2b61496fada6999708c1fe6bb0a8fc014a640  prob=0.0391 (raw=0.0967)  vol=$3  trades=4  first_trade=2025-11-29 23:46  winrate=0.000  n_markets_traded=13.000  herfindahl_index_markets=0.119
10:51:35 [super]   #470   0x74fbe9c81a1ecc62a53ac01ba09ede21a43096cf  prob=0.0390 (raw=0.0964)  vol=$2,676  trades=11  first_trade=2025-12-02 10:05  winrate=0.200  n_markets_traded=30.000  herfindahl_index_markets=0.065
10:51:35 [super]   #471   0xbd76b5c22591de7d293004cad917d11617104e83  prob=0.0390 (raw=0.0961)  vol=$45  trades=4  first_trade=2025-12-03 15:49  winrate=0.000  n_markets_traded=4.000  herfindahl_index_markets=0.250
10:51:35 [super]   #472   0x2fc836c9aa3d2e521c6572a259161123f82d849b  prob=0.0389 (raw=0.0959)  vol=$1  trades=3  first_trade=2025-12-04 03:24  winrate=0.444  n_markets_traded=27.000  herfindahl_index_markets=0.077
10:51:35 [super]   #473   0x9ec40d76e22a775414840f7fd088e00ab7595dda  prob=0.0389 (raw=0.0957)  vol=$5  trades=2  first_trade=2025-12-02 21:07  winrate=0.111  n_markets_traded=9.000  herfindahl_index_markets=0.185
10:51:35 [super]   #474   0xe5e5679a9e4cf62037eb7f43df4393f537c9ffce  prob=0.0389 (raw=0.0955)  vol=$2  trades=2  first_trade=2025-12-04 11:33  winrate=0.231  n_markets_traded=13.000  herfindahl_index_markets=0.140
10:51:35 [super]   #475   0x127c21f03f0f9e5519414bc24be679c6ac73d223  prob=0.0388 (raw=0.0954)  vol=$10,907  trades=4  first_trade=2025-12-04 12:56  winrate=0.571  n_markets_traded=7.000  herfindahl_index_markets=0.212
10:51:35 [super]   #476   0xfd68ec4b38e10198048f7291d76a5394d3e9b9c2  prob=0.0388 (raw=0.0950)  vol=$2,043  trades=12  first_trade=2025-12-03 21:14  winrate=0.000  n_markets_traded=3.000  herfindahl_index_markets=0.389
10:51:35 [super]   #477   0x080f608bc62702725b52981b2f85a149acb7a6de  prob=0.0387 (raw=0.0947)  vol=$2  trades=2  first_trade=2025-12-04 09:58  winrate=0.512  n_markets_traded=84.000  herfindahl_index_markets=0.020
10:51:35 [super]   #478   0x260fa6499b0d5f2ed927a9b7075104e5f04fdfff  prob=0.0387 (raw=0.0947)  vol=$9  trades=2  first_trade=2025-12-01 07:56  winrate=0.613  n_markets_traded=31.000  herfindahl_index_markets=0.043
10:51:35 [super]   #479   0xcfd2f5dfb2eb4065b2909c43659de2731d242dd6  prob=0.0387 (raw=0.0947)  vol=$5,333  trades=14  first_trade=2025-12-05 14:24  winrate=0.517  n_markets_traded=118.000  herfindahl_index_markets=0.027
10:51:35 [super]   #480   0xc6da716aa872edd33eea714387052d1f4a03c7b0  prob=0.0387 (raw=0.0947)  vol=$16  trades=4  first_trade=2025-12-04 11:08  winrate=0.125  n_markets_traded=16.000  herfindahl_index_markets=0.137
10:51:35 [super]   #481   0x78bcfed7902a23cb432c7d83cbb05875951e483c  prob=0.0387 (raw=0.0945)  vol=$33,211  trades=12  first_trade=2025-12-04 21:16  winrate=0.721  n_markets_traded=61.000  herfindahl_index_markets=0.052
10:51:35 [super]   #482   0x0952ffd58769f5e9ad3853edd2dc318ddfcfa44b  prob=0.0387 (raw=0.0944)  vol=$22,052  trades=70  first_trade=2025-12-04 03:28  winrate=0.652  n_markets_traded=23.000  herfindahl_index_markets=0.290
10:51:35 [super]   #483   0x36fdc886f589c6b62e7f200fa94fc619edbfb70c  prob=0.0387 (raw=0.0942)  vol=$94  trades=25  first_trade=2025-11-29 20:08  winrate=NaN  n_markets_traded=0.000  herfindahl_index_markets=0.000
10:51:35 [super]   #484   0x405f01cd67c15cafa06a1ca3a5a087d41a28a69c  prob=0.0386 (raw=0.0940)  vol=$1  trades=1  first_trade=2025-11-26 19:08  winrate=0.354  n_markets_traded=257.000  herfindahl_index_markets=0.010
10:51:35 [super]   #485   0x3c2819beaf8c31db6afa57cc3e601ad2000cf9d0  prob=0.0386 (raw=0.0936)  vol=$3  trades=3  first_trade=2025-11-27 02:57  winrate=0.220  n_markets_traded=675.000  herfindahl_index_markets=0.004
10:51:35 [super]   #486   0xf8a2163296ecb76d6441cd2d89e6971c1709a8f4  prob=0.0385 (raw=0.0935)  vol=$20,000  trades=6  first_trade=2025-12-06 22:55  winrate=0.400  n_markets_traded=5.000  herfindahl_index_markets=0.533
10:51:35 [super]   #487   0x3f1d09dc88b3ccf9a5f375234bb612f56a63f84a  prob=0.0385 (raw=0.0935)  vol=$30  trades=4  first_trade=2025-12-05 11:39  winrate=0.312  n_markets_traded=16.000  herfindahl_index_markets=0.073
10:51:35 [super]   #488   0x8f6234ec3e54a7c06f4873f86ff2dcce014df6e1  prob=0.0385 (raw=0.0935)  vol=$9  trades=4  first_trade=2025-12-04 19:30  winrate=0.250  n_markets_traded=20.000  herfindahl_index_markets=0.089
10:51:35 [super]   #489   0xa66c20d2dcc15cd2d14766a53295cea11406f291  prob=0.0385 (raw=0.0934)  vol=$2  trades=1  first_trade=2025-12-04 05:35  winrate=0.431  n_markets_traded=48.000  herfindahl_index_markets=0.080
10:51:35 [super]   #490   0xa2283534e8bd9c4e083ea9c1f99319f2ecb7b6e3  prob=0.0384 (raw=0.0928)  vol=$1,607  trades=8  first_trade=2025-12-02 22:11  winrate=0.000  n_markets_traded=9.000  herfindahl_index_markets=0.147
10:51:35 [super]   #491   0x6d7776a0f954be1a7c975a1e8244de6268f7b72c  prob=0.0384 (raw=0.0924)  vol=$68,696  trades=26  first_trade=2025-12-05 03:48  winrate=NaN  n_markets_traded=0.000  herfindahl_index_markets=0.000
10:51:35 [super]   #492   0x5a91013258e676848b9291ae1c10d48c7ce2943c  prob=0.0384 (raw=0.0923)  vol=$1,002  trades=6  first_trade=2025-12-04 12:42  winrate=0.237  n_markets_traded=93.000  herfindahl_index_markets=0.042
10:51:35 [super]   #493   0x9241ea30564948f81f88363d6a116ed5f9be75a4  prob=0.0384 (raw=0.0923)  vol=$1,000  trades=4  first_trade=2025-12-04 17:11  winrate=0.294  n_markets_traded=17.000  herfindahl_index_markets=0.085
10:51:35 [super]   #494   0x924f5e36d03e7659caade25e09ba21b692c50001  prob=0.0384 (raw=0.0923)  vol=$166  trades=23  first_trade=2025-12-04 06:36  winrate=0.240  n_markets_traded=24.000  herfindahl_index_markets=0.143
10:51:35 [super]   #495   0xb0dae2a11e628893ad0cd5d97c534f00365ad9a5  prob=0.0384 (raw=0.0923)  vol=$42  trades=20  first_trade=2025-12-04 03:17  winrate=0.043  n_markets_traded=46.000  herfindahl_index_markets=0.099
10:51:35 [super]   #496   0x05928ccefb4da644ad7b7291c9ac2fdd80f5d744  prob=0.0383 (raw=0.0922)  vol=$12  trades=4  first_trade=2025-12-05 06:45  winrate=0.111  n_markets_traded=9.000  herfindahl_index_markets=0.129
10:51:35 [super]   #497   0xb96c245ea7b7ecc0f1ccae69a84973679b8135c9  prob=0.0383 (raw=0.0919)  vol=$174  trades=4  first_trade=2025-12-04 21:43  winrate=0.033  n_markets_traded=30.000  herfindahl_index_markets=0.097
10:51:35 [super]   #498   0xc68bef78c7e05080dc6eb72e90549e6a300addb5  prob=0.0382 (raw=0.0915)  vol=$3  trades=2  first_trade=2025-11-27 18:34  winrate=0.121  n_markets_traded=744.000  herfindahl_index_markets=0.004
10:51:35 [super]   #499   0xd08ff034bac5e0aec2c1b04e698e7a8cb85a5987  prob=0.0382 (raw=0.0914)  vol=$9  trades=20  first_trade=2025-12-04 06:51  winrate=0.452  n_markets_traded=416.000  herfindahl_index_markets=0.027
10:51:35 [super]   #500   0x39fd7f7e5d025a0c442cb89a773f314f81807d31  prob=0.0382 (raw=0.0914)  vol=$1,996  trades=2  first_trade=2025-12-04 03:55  winrate=0.734  n_markets_traded=109.000  herfindahl_index_markets=0.045
10:51:35 [super]   #501   0x69af844d4fbacebfc1c4124b0978801db3600a19  prob=0.0382 (raw=0.0912)  vol=$1,075  trades=43  first_trade=2025-12-02 09:40  winrate=NaN  n_markets_traded=0.000  herfindahl_index_markets=0.000
10:51:35 [super]   #502   0x800b79f9bf596f0dd10bdfaca3a7342302e1a0c4  prob=0.0382 (raw=0.0911)  vol=$3,000  trades=6  first_trade=2025-12-05 01:57  winrate=0.077  n_markets_traded=13.000  herfindahl_index_markets=0.153
10:51:35 [super]   #503   0x13cdd2ad93781cf145fe52c10b7ac1f379c4ddfd  prob=0.0382 (raw=0.0911)  vol=$309  trades=8  first_trade=2025-12-04 03:32  winrate=0.185  n_markets_traded=27.000  herfindahl_index_markets=0.084
10:51:35 [super]   #504   0x0e491f2f6cdd5b87fcc87e771e08c5cf90bd8864  prob=0.0382 (raw=0.0911)  vol=$2  trades=4  first_trade=2025-12-04 07:22  winrate=0.182  n_markets_traded=11.000  herfindahl_index_markets=0.135
10:51:35 [super]   #505   0xd34d8dcbefbafce433f01b9ffdcb02c730cee48f  prob=0.0382 (raw=0.0911)  vol=$1,470  trades=7  first_trade=2025-12-04 09:31  winrate=0.100  n_markets_traded=20.000  herfindahl_index_markets=0.123
10:51:35 [super]   #506   0x839f0f0d67b9b61d5efc4569b4b2f5d386e6da18  prob=0.0381 (raw=0.0908)  vol=$4,920  trades=13  first_trade=2025-12-04 06:19  winrate=0.667  n_markets_traded=6.000  herfindahl_index_markets=0.250
10:51:35 [super]   #507   0xb7a50f080f2e069e2def1cde2b7e119448d05824  prob=0.0380 (raw=0.0900)  vol=$12  trades=4  first_trade=2025-11-30 07:11  winrate=0.609  n_markets_traded=115.000  herfindahl_index_markets=0.039
10:51:35 [super]   #508   0x95d11f5b43f84424b683d8500d17308a1fd6fc39  prob=0.0379 (raw=0.0895)  vol=$19  trades=4  first_trade=2025-12-04 09:22  winrate=0.263  n_markets_traded=19.000  herfindahl_index_markets=0.075
10:51:35 [super]   #509   0x8098b0c7747e6b359f8a3dfd15017b064194a1a1  prob=0.0379 (raw=0.0895)  vol=$30  trades=6  first_trade=2025-12-05 09:25  winrate=NaN  n_markets_traded=0.000  herfindahl_index_markets=0.000
10:51:35 [super]   #510   0x4e9224dfd7963657133711af9f2fca9746eb1910  prob=0.0379 (raw=0.0893)  vol=$149  trades=4  first_trade=2025-12-04 07:32  winrate=0.000  n_markets_traded=31.000  herfindahl_index_markets=0.052
10:51:35 [super]   #511   0xfeeebcf1bc01c2c3b676f876cbad907ddc1fa4a9  prob=0.0379 (raw=0.0891)  vol=$31,615  trades=5  first_trade=2025-12-04 03:23  winrate=0.561  n_markets_traded=214.000  herfindahl_index_markets=0.026
10:51:35 [super]   #512   0xdfae125b0f3c681e23bc6863f590c9a465c1630d  prob=0.0378 (raw=0.0887)  vol=$20  trades=4  first_trade=2025-12-01 22:38  winrate=0.267  n_markets_traded=15.000  herfindahl_index_markets=0.104
10:51:35 [super]   #513   0xc0a954e8b53a33c2c65965ac613a2c2f81ec4391  prob=0.0378 (raw=0.0886)  vol=$68  trades=4  first_trade=2025-12-02 14:47  winrate=0.250  n_markets_traded=24.000  herfindahl_index_markets=0.079
10:51:35 [super]   #514   0x087e4751ca21ffc006e5104acbf09a76cf6396c0  prob=0.0377 (raw=0.0884)  vol=$2  trades=2  first_trade=2025-12-05 00:47  winrate=NaN  n_markets_traded=0.000  herfindahl_index_markets=0.000
10:51:35 [super]   #515   0x47b9249c4e09f75204d95f444be7dc16e0a53ca2  prob=0.0377 (raw=0.0882)  vol=$1,000  trades=2  first_trade=2025-12-01 22:11  winrate=0.583  n_markets_traded=12.000  herfindahl_index_markets=0.191
10:51:35 [super]   #516   0xb061ed522c9cadb6507e654bd6cb826481706516  prob=0.0377 (raw=0.0880)  vol=$466  trades=12  first_trade=2025-12-03 12:09  winrate=0.455  n_markets_traded=33.000  herfindahl_index_markets=0.099
10:51:35 [super]   #517   0x873331f6f8d127624d2eab32154ebf43a039ee86  prob=0.0377 (raw=0.0879)  vol=$51,292  trades=75  first_trade=2025-12-03 05:24  winrate=0.000  n_markets_traded=1.000  herfindahl_index_markets=1.000
10:51:35 [super]   #518   0xe8f75b61e38adf264bbe610de6fbe094384586d5  prob=0.0376 (raw=0.0874)  vol=$512  trades=3  first_trade=2025-12-04 14:55  winrate=0.429  n_markets_traded=7.000  herfindahl_index_markets=0.195
10:51:35 [super]   #519   0xac29aa5fe935e667d19063dd686052ae12174e5d  prob=0.0376 (raw=0.0874)  vol=$440  trades=3  first_trade=2025-12-04 07:16  winrate=0.000  n_markets_traded=13.000  herfindahl_index_markets=0.162
10:51:35 [super]   #520   0xf1a0782969c6d87e97dadb2e9c5ddf0fc7f30bcf  prob=0.0375 (raw=0.0871)  vol=$317  trades=18  first_trade=2025-12-04 05:22  winrate=0.065  n_markets_traded=46.000  herfindahl_index_markets=0.144
10:51:35 [super]   #521   0x378aca7d1c8a79f0c2fbed98f8d3426097a3258d  prob=0.0375 (raw=0.0870)  vol=$18,904  trades=15  first_trade=2025-12-04 07:02  winrate=0.556  n_markets_traded=9.000  herfindahl_index_markets=0.135
10:51:35 [super]   #522   0xe54464d0c3e1bb1416ff145d11207f7f44f8ba65  prob=0.0375 (raw=0.0868)  vol=$7,351  trades=11  first_trade=2025-12-04 19:33  winrate=NaN  n_markets_traded=0.000  herfindahl_index_markets=0.000
10:51:35 [super]   #523   0x0218c0a9bce8ce3e67d5b49550d3840c202d52c0  prob=0.0374 (raw=0.0862)  vol=$7,158  trades=23  first_trade=2025-12-04 05:14  winrate=NaN  n_markets_traded=0.000  herfindahl_index_markets=0.000
10:51:35 [super]   #524   0x506fdf3db5ec16b80fc522e7b07341a717143a6c  prob=0.0374 (raw=0.0861)  vol=$3  trades=2  first_trade=2025-12-04 10:37  winrate=0.533  n_markets_traded=30.000  herfindahl_index_markets=0.048
10:51:35 [super]   #525   0x71fc4d526ee958ac66bbda4fb83a2c2b09e18887  prob=0.0374 (raw=0.0860)  vol=$3,202  trades=8  first_trade=2025-12-04 08:05  winrate=0.296  n_markets_traded=81.000  herfindahl_index_markets=0.059
10:51:35 [super]   #526   0x74646bbdbf7e4c7811bc0fb01b53b4f3244f71cf  prob=0.0373 (raw=0.0856)  vol=$15  trades=4  first_trade=2025-12-03 03:32  winrate=0.000  n_markets_traded=50.000  herfindahl_index_markets=0.020
10:51:35 [super]   #527   0x2785e7022dc20757108204b13c08cea8613b70ae  prob=0.0372 (raw=0.0852)  vol=$2,025,184  trades=338  first_trade=2025-12-04 08:05  winrate=NaN  n_markets_traded=0.000  herfindahl_index_markets=0.000
10:51:35 [super]   #528   0xf39209e257cf615100f16af2e3697af4aa76aea2  prob=0.0372 (raw=0.0850)  vol=$40  trades=4  first_trade=2025-12-05 10:45  winrate=0.333  n_markets_traded=24.000  herfindahl_index_markets=0.055
10:51:35 [super]   #529   0x2febffa2fb777ccbd12cfb31a6719cf4fb97d157  prob=0.0372 (raw=0.0848)  vol=$475  trades=14  first_trade=2025-12-04 05:17  winrate=0.527  n_markets_traded=203.000  herfindahl_index_markets=0.036
10:51:35 [super]   #530   0xd97c5c25774ee6e7ebbc4456e1eaa32f2b29aedb  prob=0.0371 (raw=0.0845)  vol=$6,194  trades=39  first_trade=2025-12-02 08:21  winrate=0.445  n_markets_traded=250.000  herfindahl_index_markets=0.014
10:51:35 [super]   #531   0x88998723c61157f96a5abdcd855216d0f4d7b385  prob=0.0371 (raw=0.0840)  vol=$5,010  trades=4  first_trade=2025-12-04 15:49  winrate=0.208  n_markets_traded=24.000  herfindahl_index_markets=0.045
10:51:35 [super]   #532   0x558f0cda8c9dd4c6f65f5909659587a476f70ba5  prob=0.0371 (raw=0.0840)  vol=$750  trades=4  first_trade=2025-12-04 18:10  winrate=0.200  n_markets_traded=15.000  herfindahl_index_markets=0.099
10:51:35 [super]   #533   0x401bab876d5d2e61242a7fbf976c955210f35dc2  prob=0.0370 (raw=0.0838)  vol=$266  trades=6  first_trade=2025-12-04 07:18  winrate=0.000  n_markets_traded=8.000  herfindahl_index_markets=0.193
10:51:35 [super]   #534   0xe2bf60f18aab4a9b2a65f294d5b25d17a9f8cb5a  prob=0.0370 (raw=0.0837)  vol=$40  trades=3  first_trade=2025-12-04 21:23  winrate=0.000  n_markets_traded=16.000  herfindahl_index_markets=0.096
10:51:35 [super]   #535   0xd250b04ad16b042f54dfe9ca6df30c0fe31fe9a6  prob=0.0370 (raw=0.0837)  vol=$1  trades=4  first_trade=2025-12-01 17:59  winrate=0.277  n_markets_traded=47.000  herfindahl_index_markets=0.024
10:51:35 [super]   #536   0xa6711a0de9cf71a92272e0cce90b11809efccd7c  prob=0.0370 (raw=0.0837)  vol=$5,000  trades=4  first_trade=2025-12-04 11:31  winrate=0.222  n_markets_traded=27.000  herfindahl_index_markets=0.123
10:51:35 [super]   #537   0xd91218feb4c61d6f58c8db78a5726479a47cddfe  prob=0.0370 (raw=0.0837)  vol=$6  trades=4  first_trade=2025-12-01 18:00  winrate=0.283  n_markets_traded=60.000  herfindahl_index_markets=0.032
10:51:35 [super]   #538   0x9014c758e288972fa5056f5f66192dcae67100cc  prob=0.0370 (raw=0.0836)  vol=$1,328  trades=8  first_trade=2025-12-04 07:22  winrate=0.333  n_markets_traded=6.000  herfindahl_index_markets=0.906
10:51:35 [super]   #539   0x85c2ff8d5938f310c3987c9f3179f1e63aa100f8  prob=0.0370 (raw=0.0833)  vol=$2,752  trades=3  first_trade=2025-12-04 04:47  winrate=NaN  n_markets_traded=0.000  herfindahl_index_markets=0.000
10:51:35 [super]   #540   0x44e641e5eabb5687fe2338540e18b7d610579d9e  prob=0.0369 (raw=0.0830)  vol=$2,288  trades=13  first_trade=2025-12-04 00:12  winrate=0.515  n_markets_traded=165.000  herfindahl_index_markets=0.019
10:51:35 [super]   #541   0xcc380f63b84de8d3c4af89c65a52c51b2e9d5bb2  prob=0.0368 (raw=0.0826)  vol=$2,962  trades=11  first_trade=2025-12-04 17:13  winrate=0.127  n_markets_traded=466.000  herfindahl_index_markets=0.006
10:51:35 [super]   #542   0xe6e63a4b4aa77a926db43335504603e3b82551be  prob=0.0368 (raw=0.0820)  vol=$29  trades=5  first_trade=2025-12-03 17:43  winrate=0.500  n_markets_traded=62.000  herfindahl_index_markets=0.028
10:51:35 [super]   #543   0xf03b828ecb3d6aca0de71f5b09d2e639790f1196  prob=0.0367 (raw=0.0819)  vol=$24,663  trades=21  first_trade=2025-12-04 04:42  winrate=0.964  n_markets_traded=221.000  herfindahl_index_markets=0.012
10:51:35 [super]   #544   0x292775fc8f3407e6b19229695bbf04d648f171a1  prob=0.0367 (raw=0.0817)  vol=$1,000  trades=2  first_trade=2025-12-07 22:24  winrate=0.000  n_markets_traded=11.000  herfindahl_index_markets=0.142
10:51:35 [super]   #545   0x5abaa995b1b283292d175522cb8dfe820d6d362c  prob=0.0367 (raw=0.0817)  vol=$1,000  trades=2  first_trade=2025-12-07 00:02  winrate=0.000  n_markets_traded=11.000  herfindahl_index_markets=0.147
10:51:35 [super]   #546   0xd6a92d95c8f7bf7c5d23994f89ecc82edba3d89d  prob=0.0366 (raw=0.0811)  vol=$2  trades=2  first_trade=2025-12-04 07:27  winrate=0.659  n_markets_traded=88.000  herfindahl_index_markets=0.020
10:51:35 [super]   #547   0x862a143e6772eb8485a0f74982108aae8762b41e  prob=0.0366 (raw=0.0811)  vol=$2  trades=2  first_trade=2025-12-04 07:27  winrate=0.685  n_markets_traded=92.000  herfindahl_index_markets=0.020
10:51:35 [super]   #548   0xe8c244715b65c407bf8ad4ffa64f94aad9dee8f6  prob=0.0366 (raw=0.0811)  vol=$2  trades=2  first_trade=2025-12-04 07:27  winrate=0.637  n_markets_traded=91.000  herfindahl_index_markets=0.020
10:51:35 [super]   #549   0x26521c56b1b08b03c734751f133409d0654f1b08  prob=0.0366 (raw=0.0810)  vol=$120  trades=6  first_trade=2025-12-05 06:00  winrate=NaN  n_markets_traded=0.000  herfindahl_index_markets=0.000
10:51:35 [super]   #550   0x881fb1d5115a3232c8f5c2704dd0af46d370dfe9  prob=0.0366 (raw=0.0809)  vol=$8  trades=4  first_trade=2025-11-30 00:06  winrate=0.041  n_markets_traded=147.000  herfindahl_index_markets=0.014
10:51:35 [super]   #551   0x521635c945fb91c36a2a7af6261e65902a691bba  prob=0.0366 (raw=0.0809)  vol=$174  trades=12  first_trade=2025-12-04 05:33  winrate=0.062  n_markets_traded=80.000  herfindahl_index_markets=0.140
10:51:35 [super]   #552   0x687d8cf19d873aed1957e61a3f2092d4721ce28b  prob=0.0366 (raw=0.0808)  vol=$4,403  trades=8  first_trade=2025-12-04 03:27  winrate=NaN  n_markets_traded=0.000  herfindahl_index_markets=0.000
10:51:35 [super]   #553   0x269ff25ca1a718dc70ce3291141a1b88197831b5  prob=0.0365 (raw=0.0806)  vol=$3  trades=3  first_trade=2025-12-04 06:56  winrate=0.333  n_markets_traded=3.000  herfindahl_index_markets=0.836
10:51:35 [super]   #554   0x1a6df901e63422055a1658b0ef2b2a871507cf4a  prob=0.0365 (raw=0.0801)  vol=$27  trades=9  first_trade=2025-12-04 07:56  winrate=NaN  n_markets_traded=0.000  herfindahl_index_markets=0.000
10:51:35 [super]   #555   0xdde0bd11edf900bb930c1e796aa835ef8ea20c79  prob=0.0365 (raw=0.0801)  vol=$45  trades=8  first_trade=2025-12-01 10:05  winrate=NaN  n_markets_traded=0.000  herfindahl_index_markets=0.000
10:51:35 [super]   #556   0x2cd2098935241533fb21ad5c71daa621658f1f27  prob=0.0365 (raw=0.0801)  vol=$3,514  trades=4  first_trade=2025-12-04 23:19  winrate=NaN  n_markets_traded=0.000  herfindahl_index_markets=0.000
10:51:35 [super]   #557   0x77c812f7735ad07e3ce58fd466a0e1b4346bbc8c  prob=0.0365 (raw=0.0801)  vol=$147  trades=5  first_trade=2025-12-04 06:06  winrate=NaN  n_markets_traded=0.000  herfindahl_index_markets=0.000
10:51:35 [super]   #558   0x368ba69507fd67972059fa178af5e459b72f2458  prob=0.0364 (raw=0.0799)  vol=$6,695  trades=9  first_trade=2025-12-02 17:35  winrate=NaN  n_markets_traded=0.000  herfindahl_index_markets=0.000
10:51:35 [super]   #559   0x07db1e6a8b222d08655ae3f8e5eeb9df3675feb9  prob=0.0363 (raw=0.0793)  vol=$1  trades=2  first_trade=2025-12-04 07:26  winrate=0.698  n_markets_traded=96.000  herfindahl_index_markets=0.029
10:51:35 [super]   #560   0xc9dbb251d58900109c77386e927301554db718b5  prob=0.0363 (raw=0.0792)  vol=$1,734  trades=6  first_trade=2025-12-04 03:23  winrate=0.500  n_markets_traded=14.000  herfindahl_index_markets=0.233
10:51:35 [super]   #561   0x1a020c03424f7d2f1617bdcce2d5754aba1084ff  prob=0.0363 (raw=0.0788)  vol=$3  trades=2  first_trade=2025-12-04 13:26  winrate=0.000  n_markets_traded=3.000  herfindahl_index_markets=0.459
10:51:35 [super]   #562   0xe20deb609c6736753e7f1b2c64b737018275c49b  prob=0.0362 (raw=0.0786)  vol=$5,000  trades=2  first_trade=2025-12-06 14:54  winrate=0.074  n_markets_traded=27.000  herfindahl_index_markets=0.058
10:51:35 [super]   #563   0x604d083b6eb4188e20802495ed925cb5c7e46fac  prob=0.0362 (raw=0.0785)  vol=$12,234  trades=14  first_trade=2025-12-04 07:32  winrate=0.000  n_markets_traded=15.000  herfindahl_index_markets=0.219
10:51:35 [super]   #564   0x0158f7f8ba23acfb6a27908c14999ba3b840fd78  prob=0.0362 (raw=0.0783)  vol=$600  trades=2  first_trade=2025-12-05 01:42  winrate=0.000  n_markets_traded=19.000  herfindahl_index_markets=0.117
10:51:35 [super]   #565   0xade6bcac1f97b7935878796d6a79e1ff72a28083  prob=0.0362 (raw=0.0781)  vol=$115  trades=6  first_trade=2025-12-03 01:49  winrate=0.581  n_markets_traded=43.000  herfindahl_index_markets=0.264
10:51:35 [super]   #566   0xad1b9b4c17fbcff5cf5d308c444927ac8e1189bf  prob=0.0361 (raw=0.0779)  vol=$1,500  trades=3  first_trade=2025-12-06 00:45  winrate=0.222  n_markets_traded=9.000  herfindahl_index_markets=0.137
10:51:35 [super]   #567   0xc183e5f0b872398b384ebd7c40d9ae1d5059cb08  prob=0.0361 (raw=0.0779)  vol=$333  trades=2  first_trade=2025-12-04 12:19  winrate=0.273  n_markets_traded=11.000  herfindahl_index_markets=0.125
10:51:35 [super]   #568   0xb66843da7a9ee8ee5f3c7b868b9179c3249d9e63  prob=0.0361 (raw=0.0779)  vol=$1,000  trades=2  first_trade=2025-12-07 15:36  winrate=0.333  n_markets_traded=15.000  herfindahl_index_markets=0.078
10:51:35 [super]   #569   0x4d6138fea6a8f2a1efbba279fb82642601970834  prob=0.0361 (raw=0.0779)  vol=$154  trades=4  first_trade=2025-12-04 07:15  winrate=0.358  n_markets_traded=67.000  herfindahl_index_markets=0.051
10:51:35 [super]   #570   0xb51e00d7f0a9b0267303256cab9b83b1e4ed3361  prob=0.0361 (raw=0.0779)  vol=$322,570  trades=15  first_trade=2025-12-06 19:23  winrate=0.237  n_markets_traded=38.000  herfindahl_index_markets=0.048
10:51:35 [super]   #571   0x8ef9d14f28a7aa5b281ecba349c9ee3c3582b12b  prob=0.0361 (raw=0.0777)  vol=$1,167  trades=6  first_trade=2025-12-04 14:27  winrate=0.540  n_markets_traded=100.000  herfindahl_index_markets=0.020
10:51:35 [super]   #572   0x1eea08f62a4ea394cfbc636fb0dd728216900919  prob=0.0360 (raw=0.0772)  vol=$191  trades=10  first_trade=2025-12-04 05:48  winrate=0.289  n_markets_traded=38.000  herfindahl_index_markets=0.113
10:51:35 [super]   #573   0x14c32680ffc318892e0d019181e4161aa34cdf68  prob=0.0360 (raw=0.0771)  vol=$19,731  trades=175  first_trade=2025-12-02 02:29  winrate=NaN  n_markets_traded=0.000  herfindahl_index_markets=0.000
10:51:35 [super]   #574   0xbfbf62fdc0dc373b4e6b76683936f81c60ea110f  prob=0.0360 (raw=0.0769)  vol=$1,500  trades=4  first_trade=2025-12-06 00:53  winrate=0.196  n_markets_traded=56.000  herfindahl_index_markets=0.043
10:51:35 [super]   #575   0x168cead1aff19af09d05149a3575ca53ea0f7ede  prob=0.0359 (raw=0.0766)  vol=$4  trades=4  first_trade=2025-12-04 05:13  winrate=0.429  n_markets_traded=42.000  herfindahl_index_markets=0.060
10:51:35 [super]   #576   0x6d24f1def2a30c113d232cdfde8dc4900c02fd7e  prob=0.0359 (raw=0.0762)  vol=$2,990  trades=3  first_trade=2025-12-05 00:15  winrate=0.778  n_markets_traded=62.000  herfindahl_index_markets=0.046
10:51:35 [super]   #577   0x3dd61dcb48f555e2bfb5bed0c51610dff982e41d  prob=0.0359 (raw=0.0761)  vol=$481  trades=7  first_trade=2025-12-04 05:38  winrate=0.146  n_markets_traded=41.000  herfindahl_index_markets=0.059
10:51:35 [super]   #578   0x1d9356117360e67e3bb1a27fdb6402192a6e1caf  prob=0.0359 (raw=0.0761)  vol=$1,899  trades=15  first_trade=2025-12-04 05:18  winrate=0.160  n_markets_traded=125.000  herfindahl_index_markets=0.048
10:51:35 [super]   #579   0x1a2c41d8a5c3bae7df1d3d9cada2b85739d46962  prob=0.0358 (raw=0.0760)  vol=$42  trades=2  first_trade=2025-12-04 05:31  winrate=0.354  n_markets_traded=48.000  herfindahl_index_markets=0.047
10:51:35 [super]   #580   0x2162a3dbecb3fe52b8338462c3439a808714f0b1  prob=0.0358 (raw=0.0759)  vol=$2,355  trades=7  first_trade=2025-12-04 07:11  winrate=0.128  n_markets_traded=47.000  herfindahl_index_markets=0.295
10:51:35 [super]   #581   0x8992702ce596ffa39155228f0833dc34db28476f  prob=0.0358 (raw=0.0759)  vol=$125  trades=2  first_trade=2025-12-05 00:21  winrate=0.600  n_markets_traded=10.000  herfindahl_index_markets=0.127
10:51:35 [super]   #582   0x801eb1729fdcf757dbf1adf7785f13d19f7d8692  prob=0.0357 (raw=0.0753)  vol=$9  trades=26  first_trade=2025-12-04 20:09  winrate=0.054  n_markets_traded=56.000  herfindahl_index_markets=0.130
10:51:35 [super]   #583   0x6af73aabec6f6303cafc1ad1cc6b76cb5ab254a1  prob=0.0357 (raw=0.0753)  vol=$2  trades=2  first_trade=2025-12-04 05:59  winrate=0.000  n_markets_traded=11.000  herfindahl_index_markets=0.113
10:51:35 [super]   #584   0x3d62a2b83fd28c9cceacf37362054abeb1da49c5  prob=0.0357 (raw=0.0753)  vol=$1,004  trades=4  first_trade=2025-12-04 07:27  winrate=0.000  n_markets_traded=13.000  herfindahl_index_markets=0.087
10:51:35 [super]   #585   0xd21314105a2c0a37c4a52578155af43f3c646e23  prob=0.0355 (raw=0.0739)  vol=$41  trades=5  first_trade=2025-12-02 19:59  winrate=0.222  n_markets_traded=27.000  herfindahl_index_markets=0.095
10:51:35 [super]   #586   0x7f66b22db8a7aedd8ed91c3820f3bfc333644bac  prob=0.0355 (raw=0.0737)  vol=$53,556  trades=9  first_trade=2025-12-04 01:49  winrate=NaN  n_markets_traded=0.000  herfindahl_index_markets=0.000
10:51:35 [super]   #587   0x5215d379ada6e464c1fc53038f3ae24cec3c3164  prob=0.0355 (raw=0.0737)  vol=$267  trades=8  first_trade=2025-12-02 09:48  winrate=NaN  n_markets_traded=0.000  herfindahl_index_markets=0.000
10:51:35 [super]   #588   0xd6b4b7cd962309346450b5a35af352e70d57a5e6  prob=0.0355 (raw=0.0734)  vol=$14,306  trades=25  first_trade=2025-12-04 03:19  winrate=0.240  n_markets_traded=25.000  herfindahl_index_markets=0.069
10:51:35 [super]   #589   0xd3c1928aa308466814d4a17422ce6cc85466b07a  prob=0.0353 (raw=0.0720)  vol=$1  trades=2  first_trade=2025-12-04 06:00  winrate=0.700  n_markets_traded=80.000  herfindahl_index_markets=0.025
10:51:35 [super]   #590   0x83d2d581e4a0db3502f550bc24413f80e9ec985c  prob=0.0352 (raw=0.0718)  vol=$50  trades=2  first_trade=2025-12-04 07:47  winrate=0.222  n_markets_traded=36.000  herfindahl_index_markets=0.078
10:51:35 [super]   #591   0xc6478b6fe573092df52a3d80d196a804798fd99c  prob=0.0352 (raw=0.0717)  vol=$7,415  trades=9  first_trade=2025-12-04 04:56  winrate=0.000  n_markets_traded=3.000  herfindahl_index_markets=0.949
10:51:35 [super]   #592   0xc2ff87b109dcb2586f0a51d6fd6b448aa740ce1c  prob=0.0352 (raw=0.0714)  vol=$3,401  trades=74  first_trade=2025-11-30 00:06  winrate=NaN  n_markets_traded=0.000  herfindahl_index_markets=0.000
10:51:35 [super]   #593   0x2f91c8a3595f08da602e5a3cab60e2d5279ef954  prob=0.0351 (raw=0.0713)  vol=$4  trades=4  first_trade=2025-12-05 01:33  winrate=0.545  n_markets_traded=11.000  herfindahl_index_markets=0.190
10:51:35 [super]   #594   0xa6f064e89a761a14d2972e9c8510c7143b33d8a0  prob=0.0351 (raw=0.0712)  vol=$85  trades=4  first_trade=2025-12-04 03:25  winrate=0.470  n_markets_traded=149.000  herfindahl_index_markets=0.170
10:51:35 [super]   #595   0xc89d0db0720a91b0fe74b8d607a2a9a7b71d5909  prob=0.0351 (raw=0.0710)  vol=$14,549  trades=4  first_trade=2025-12-04 03:40  winrate=0.467  n_markets_traded=229.000  herfindahl_index_markets=0.019
10:51:35 [super]   #596   0x208d3aa396732b5ee4998931caf8ab977e116fb3  prob=0.0351 (raw=0.0708)  vol=$80  trades=7  first_trade=2025-12-04 07:04  winrate=0.145  n_markets_traded=55.000  herfindahl_index_markets=0.047
10:51:35 [super]   #597   0x170603f5b84970cb187004415cafd8d45dc879b5  prob=0.0351 (raw=0.0708)  vol=$1,000  trades=2  first_trade=2025-12-06 16:32  winrate=0.083  n_markets_traded=12.000  herfindahl_index_markets=0.092
10:51:35 [super]   #598   0xa469fecbc8a7fdddd166f8ecffde9fb52afbe73f  prob=0.0351 (raw=0.0708)  vol=$10  trades=2  first_trade=2025-12-04 07:12  winrate=0.125  n_markets_traded=144.000  herfindahl_index_markets=0.066
10:51:35 [super]   #599   0x2ddee31e5b651dfa0f36b4fe84d522466b925e0d  prob=0.0350 (raw=0.0705)  vol=$5  trades=1  first_trade=2025-12-04 07:03  winrate=0.321  n_markets_traded=28.000  herfindahl_index_markets=0.074
10:51:35 [super]   #600   0x0a34cd86ae71b8f63f4e8a490e07cd4ba7e24fb4  prob=0.0350 (raw=0.0705)  vol=$264  trades=4  first_trade=2025-12-04 20:08  winrate=0.302  n_markets_traded=43.000  herfindahl_index_markets=0.080
10:51:35 [super]   #601   0x937dab3fadbc183782c30afd6eb8c97abc5c92c4  prob=0.0350 (raw=0.0705)  vol=$5  trades=2  first_trade=2025-12-01 10:47  winrate=0.250  n_markets_traded=28.000  herfindahl_index_markets=0.038
10:51:35 [super]   #602   0x2124f9e68b84d553194bfad5cde4bf48f1c1c624  prob=0.0350 (raw=0.0705)  vol=$250  trades=2  first_trade=2025-12-04 11:24  winrate=0.357  n_markets_traded=28.000  herfindahl_index_markets=0.102
10:51:35 [super]   #603   0xf20c1ad6acc359747ac3d9da25da39c9f904abf5  prob=0.0350 (raw=0.0705)  vol=$100  trades=2  first_trade=2025-12-04 07:53  winrate=0.357  n_markets_traded=56.000  herfindahl_index_markets=0.044
10:51:35 [super]   #604   0xa4069085d2b940e7e947d1264fb7aa25a4399712  prob=0.0350 (raw=0.0704)  vol=$5  trades=4  first_trade=2025-12-04 09:04  winrate=0.222  n_markets_traded=9.000  herfindahl_index_markets=0.546
10:51:35 [super]   #605   0x502b532f55778c0985846dc53a9bc71eb4f33b15  prob=0.0350 (raw=0.0703)  vol=$100  trades=2  first_trade=2025-12-04 07:01  winrate=NaN  n_markets_traded=0.000  herfindahl_index_markets=0.000
10:51:35 [super]   #606   0x46ed247dec79d5a6baab88d892e4d141cfbc761f  prob=0.0349 (raw=0.0696)  vol=$500  trades=2  first_trade=2025-12-05 17:58  winrate=0.143  n_markets_traded=14.000  herfindahl_index_markets=0.136
10:51:35 [super]   #607   0xdce082f422e1e9564975b86ceefeb744190102fa  prob=0.0349 (raw=0.0696)  vol=$699  trades=9  first_trade=2025-12-05 02:25  winrate=0.156  n_markets_traded=32.000  herfindahl_index_markets=0.050
10:51:35 [super]   #608   0x5a71eb43d8a41fd5f9e49e7af9114f88b301f491  prob=0.0349 (raw=0.0696)  vol=$2,500  trades=2  first_trade=2025-12-04 15:39  winrate=0.083  n_markets_traded=12.000  herfindahl_index_markets=0.094
10:51:35 [super]   #609   0x8989379c2cc88bfd6ef3efa42059aa5f26ae6e14  prob=0.0349 (raw=0.0694)  vol=$3  trades=3  first_trade=2025-12-02 09:07  winrate=NaN  n_markets_traded=0.000  herfindahl_index_markets=0.000
10:51:35 [super]   #610   0x3b73abb34fb1c633f1ed01fb5f9f4924d61feb86  prob=0.0349 (raw=0.0694)  vol=$4  trades=4  first_trade=2025-12-04 06:08  winrate=0.000  n_markets_traded=21.000  herfindahl_index_markets=0.093
10:51:35 [super]   #611   0x75f187afc7e6fa40892641f67005c45098c3ac62  prob=0.0348 (raw=0.0691)  vol=$63  trades=4  first_trade=2025-12-04 08:10  winrate=0.647  n_markets_traded=252.000  herfindahl_index_markets=0.020
10:51:35 [super]   #612   0xdc22d4f2039ffb48372bf845559f9ad7cd60d56d  prob=0.0348 (raw=0.0687)  vol=$1,000  trades=2  first_trade=2025-12-07 17:04  winrate=0.071  n_markets_traded=14.000  herfindahl_index_markets=0.513
10:51:35 [super]   #613   0xf63a60005674befd6fff552bbc656570e7cf58d5  prob=0.0348 (raw=0.0687)  vol=$1,300  trades=2  first_trade=2025-12-05 15:04  winrate=0.235  n_markets_traded=51.000  herfindahl_index_markets=0.043
10:51:35 [super]   #614   0x88605121e42d09fed88decd7175357f56d55042b  prob=0.0347 (raw=0.0684)  vol=$36  trades=2  first_trade=2025-12-04 04:47  winrate=0.000  n_markets_traded=4.000  herfindahl_index_markets=0.648
10:51:35 [super]   #615   0x021a01060f2890aa30675fb8968dcee8d62da1e2  prob=0.0347 (raw=0.0682)  vol=$20  trades=2  first_trade=2025-12-04 09:42  winrate=0.091  n_markets_traded=11.000  herfindahl_index_markets=0.431
10:51:35 [super]   #616   0x270dc70941d52d7f8d1756fa5d0bdd4b8107039b  prob=0.0347 (raw=0.0681)  vol=$1  trades=2  first_trade=2025-12-01 23:56  winrate=0.000  n_markets_traded=11.000  herfindahl_index_markets=0.091
10:51:35 [super]   #617   0xeab7b0a830a1755f1296fee950b3080e3529b389  prob=0.0347 (raw=0.0681)  vol=$0  trades=1  first_trade=2025-12-04 03:36  winrate=NaN  n_markets_traded=0.000  herfindahl_index_markets=0.000
10:51:35 [super]   #618   0x860d81da0e4f6ddfc9635b6c6b26316505a26071  prob=0.0346 (raw=0.0678)  vol=$1  trades=4  first_trade=2025-12-04 07:39  winrate=NaN  n_markets_traded=0.000  herfindahl_index_markets=0.000
10:51:35 [super]   #619   0x578acbccadba1bf4ef8ca58870116ec5d6448cf0  prob=0.0346 (raw=0.0677)  vol=$472  trades=2  first_trade=2025-12-04 08:14  winrate=0.600  n_markets_traded=5.000  herfindahl_index_markets=0.284
10:51:35 [super]   #620   0xc6c8284c3a0b080c12924d11af88fd99a313dd64  prob=0.0346 (raw=0.0675)  vol=$493  trades=6  first_trade=2025-12-04 07:28  winrate=0.629  n_markets_traded=143.000  herfindahl_index_markets=0.030
10:51:35 [super]   #621   0xedf378c48e04dcf8fc474596fab27f73dfac51f4  prob=0.0346 (raw=0.0675)  vol=$2,433  trades=2  first_trade=2025-12-06 00:49  winrate=0.600  n_markets_traded=5.000  herfindahl_index_markets=0.400
10:51:35 [super]   #622   0xdadf44c8ae805f2cdcc7b3f2c28933443725b1ed  prob=0.0346 (raw=0.0674)  vol=$114,932  trades=12  first_trade=2025-12-04 17:39  winrate=NaN  n_markets_traded=0.000  herfindahl_index_markets=0.000
10:51:35 [super]   #623   0x82cc28b78406bdabfca3dbc8fca73809cfbf236f  prob=0.0345 (raw=0.0669)  vol=$919  trades=5  first_trade=2025-12-04 06:51  winrate=0.500  n_markets_traded=30.000  herfindahl_index_markets=0.105
10:51:35 [super]   #624   0x727199e2726fcb3965518038cab8c7a081a90303  prob=0.0345 (raw=0.0669)  vol=$8  trades=4  first_trade=2025-12-04 07:50  winrate=0.571  n_markets_traded=56.000  herfindahl_index_markets=0.036
10:51:35 [super]   #625   0x6ce22b6a995836c09871cdc9242b094d9e15e868  prob=0.0345 (raw=0.0667)  vol=$577,123  trades=164  first_trade=2025-12-04 03:22  winrate=0.421  n_markets_traded=49.000  herfindahl_index_markets=0.068
10:51:35 [super]   #626   0x6cbf1f394d0ffa70a3e7ee1286a6fd5c93f03186  prob=0.0345 (raw=0.0666)  vol=$11  trades=2  first_trade=2025-12-03 16:46  winrate=0.143  n_markets_traded=7.000  herfindahl_index_markets=0.814
10:51:35 [super]   #627   0x4884394be9d0bf9f245d1b915503009f5d661310  prob=0.0344 (raw=0.0661)  vol=$97,989  trades=62  first_trade=2025-12-04 06:48  winrate=0.400  n_markets_traded=5.000  herfindahl_index_markets=0.354
10:51:35 [super]   #628   0x05e9db575265a92905fd9a18326bc037ddfb4cd0  prob=0.0343 (raw=0.0654)  vol=$2  trades=2  first_trade=2025-12-04 03:36  winrate=0.542  n_markets_traded=24.000  herfindahl_index_markets=0.103
10:51:35 [super]   #629   0x057a14fd2f531be123b034b801c5e062513672be  prob=0.0343 (raw=0.0653)  vol=$9,094  trades=18  first_trade=2025-12-04 05:59  winrate=0.361  n_markets_traded=155.000  herfindahl_index_markets=0.054
10:51:35 [super]   #630   0x64e86fefd50cdb6259eb00ff146d9aac03497819  prob=0.0343 (raw=0.0652)  vol=$11  trades=6  first_trade=2025-12-01 21:50  winrate=NaN  n_markets_traded=0.000  herfindahl_index_markets=0.000
10:51:35 [super]   #631   0xaf4e844ffb99cf3c2bcfb18f4a2997bed2aff335  prob=0.0342 (raw=0.0651)  vol=$40  trades=2  first_trade=2025-12-04 12:18  winrate=0.974  n_markets_traded=1271.000  herfindahl_index_markets=0.001
10:51:35 [super]   #632   0x181927672b4e5daa396976752a49817a294b27c0  prob=0.0341 (raw=0.0640)  vol=$3  trades=2  first_trade=2025-12-04 12:06  winrate=0.250  n_markets_traded=36.000  herfindahl_index_markets=0.048
10:51:35 [super]   #633   0x397d85ffc793a72c383d657ba1b221bb3e8487a1  prob=0.0341 (raw=0.0640)  vol=$20  trades=2  first_trade=2025-12-04 07:12  winrate=0.310  n_markets_traded=42.000  herfindahl_index_markets=0.084
10:51:35 [super]   #634   0xede3ebfd88d950c8092a0d970572107759ed7736  prob=0.0341 (raw=0.0640)  vol=$500  trades=2  first_trade=2025-12-04 17:14  winrate=0.286  n_markets_traded=14.000  herfindahl_index_markets=0.089
10:51:35 [super]   #635   0x3d27ae32b3781df50fcf024da212f0f779b3800c  prob=0.0341 (raw=0.0640)  vol=$500  trades=2  first_trade=2025-12-05 09:32  winrate=0.275  n_markets_traded=51.000  herfindahl_index_markets=0.037
10:51:35 [super]   #636   0x064ec9cb9e994ba67a787e10e1bae4fc3a854347  prob=0.0340 (raw=0.0635)  vol=$56  trades=4  first_trade=2025-11-26 21:37  winrate=0.434  n_markets_traded=86.000  herfindahl_index_markets=0.020
10:51:35 [super]   #637   0x5625ef06ed29dbc903a10e2a176a89cc3ddb06f7  prob=0.0340 (raw=0.0633)  vol=$3,207  trades=8  first_trade=2025-12-05 07:46  winrate=0.500  n_markets_traded=6.000  herfindahl_index_markets=0.174
10:51:35 [super]   #638   0x25acbc1de3c3d0521bda577c18377303a1d03e47  prob=0.0340 (raw=0.0632)  vol=$517  trades=2  first_trade=2025-12-04 06:57  winrate=0.529  n_markets_traded=17.000  herfindahl_index_markets=0.221
10:51:35 [super]   #639   0x04c4020b1b86b965183988491f1c1b95cebd851f  prob=0.0340 (raw=0.0631)  vol=$2  trades=2  first_trade=2025-12-04 20:10  winrate=0.143  n_markets_traded=21.000  herfindahl_index_markets=0.091
10:51:35 [super]   #640   0x8976c51e9f63d8b969f69225229ef6d4bd5a56a7  prob=0.0339 (raw=0.0629)  vol=$800  trades=4  first_trade=2025-12-05 00:50  winrate=0.000  n_markets_traded=2.000  herfindahl_index_markets=0.592
10:51:35 [super]   #641   0xe948662e83ab4e074763b7a0c4b86fd2fe1bff23  prob=0.0339 (raw=0.0626)  vol=$12,225  trades=19  first_trade=2025-12-04 04:57  winrate=NaN  n_markets_traded=0.000  herfindahl_index_markets=0.000
10:51:35 [super]   #642   0xcd121d159f766ecee88d4e372b3028ad761ada1a  prob=0.0339 (raw=0.0624)  vol=$493  trades=17  first_trade=2025-12-04 05:14  winrate=0.238  n_markets_traded=21.000  herfindahl_index_markets=0.223
10:51:35 [super]   #643   0x6b5c1b203d1ffcf7ccd0bbf20d89a8568d08e975  prob=0.0339 (raw=0.0623)  vol=$500  trades=2  first_trade=2025-12-06 01:14  winrate=0.000  n_markets_traded=2.000  herfindahl_index_markets=0.827
10:51:35 [super]   #644   0xfb1b33c71b04a546e09d9e8c6708f365598cc93d  prob=0.0339 (raw=0.0623)  vol=$2  trades=2  first_trade=2025-12-04 23:06  winrate=0.000  n_markets_traded=2.000  herfindahl_index_markets=0.835
10:51:35 [super]   #645   0xe934396d49a7c682f9768e7810a9c2f9e38c33cd  prob=0.0338 (raw=0.0621)  vol=$631  trades=8  first_trade=2025-12-04 05:15  winrate=0.551  n_markets_traded=136.000  herfindahl_index_markets=0.058
10:51:35 [super]   #646   0x91a9a72e0eeb691f1091a8e5051f5083a35dec28  prob=0.0338 (raw=0.0621)  vol=$333  trades=2  first_trade=2025-12-04 16:20  winrate=NaN  n_markets_traded=0.000  herfindahl_index_markets=0.000
10:51:35 [super]   #647   0xee2fc9aadd5234284679056a5690bbf7b889c157  prob=0.0338 (raw=0.0616)  vol=$5,000  trades=2  first_trade=2025-12-07 09:46  winrate=0.111  n_markets_traded=18.000  herfindahl_index_markets=0.611
10:51:35 [super]   #648   0xe4005783ecefc766323af1f5516253198bb61c24  prob=0.0337 (raw=0.0612)  vol=$251  trades=4  first_trade=2025-12-04 21:20  winrate=0.067  n_markets_traded=15.000  herfindahl_index_markets=0.127
10:51:35 [super]   #649   0xf0e819209c78959ebff74e7bfc6d311a35f39b09  prob=0.0337 (raw=0.0612)  vol=$100  trades=4  first_trade=2025-12-04 07:52  winrate=0.075  n_markets_traded=107.000  herfindahl_index_markets=0.057
10:51:35 [super]   #650   0xad7840fd7e550e2eb73ddd0cbd023b4759f76df3  prob=0.0337 (raw=0.0610)  vol=$156  trades=4  first_trade=2025-11-30 04:10  winrate=NaN  n_markets_traded=0.000  herfindahl_index_markets=0.000
10:51:35 [super]   #651   0x1584cb3b5a84944bd0db072c43d67189397071b6  prob=0.0337 (raw=0.0610)  vol=$9,771  trades=16  first_trade=2025-11-29 08:06  winrate=NaN  n_markets_traded=0.000  herfindahl_index_markets=0.000
10:51:35 [super]   #652   0xaab7eb316f48896443d1b12d000b04d9fc8caa3d  prob=0.0336 (raw=0.0607)  vol=$24  trades=3  first_trade=2025-12-04 03:12  winrate=0.332  n_markets_traded=186.000  herfindahl_index_markets=0.040
10:51:35 [super]   #653   0x2a1172ba06cfbbeeaf64bcd596952da8639e4b16  prob=0.0336 (raw=0.0607)  vol=$2,000  trades=2  first_trade=2025-12-07 01:29  winrate=0.000  n_markets_traded=2.000  herfindahl_index_markets=0.835
10:51:35 [super]   #654   0x4522f67a742c433d06ca7005ff877512b183ff26  prob=0.0336 (raw=0.0607)  vol=$51  trades=6  first_trade=2025-12-04 09:18  winrate=0.241  n_markets_traded=83.000  herfindahl_index_markets=0.025
10:51:35 [super]   #655   0x37d474bad76f005a69839e772ffba5d9eee20fe2  prob=0.0336 (raw=0.0606)  vol=$14  trades=2  first_trade=2025-12-04 15:47  winrate=0.833  n_markets_traded=72.000  herfindahl_index_markets=0.964
10:51:35 [super]   #656   0x9c6cecbb5541e2706d26b01389992af0db5b00b9  prob=0.0336 (raw=0.0603)  vol=$1,000  trades=4  first_trade=2025-11-27 02:57  winrate=0.462  n_markets_traded=52.000  herfindahl_index_markets=0.249
10:51:35 [super]   #657   0xdbe6dd3c986ad9d2f7febc369744fa7d34d3555d  prob=0.0336 (raw=0.0602)  vol=$1,318  trades=14  first_trade=2025-12-04 05:13  winrate=0.412  n_markets_traded=17.000  herfindahl_index_markets=0.091
10:51:35 [super]   #658   0x82de5cc001c502de2168c1fae51e472c07d6092e  prob=0.0335 (raw=0.0600)  vol=$12,800  trades=4  first_trade=2025-12-05 22:00  winrate=0.000  n_markets_traded=6.000  herfindahl_index_markets=0.316
10:51:35 [super]   #659   0x1bfec39c98796ae25aec24c6e5821b6a1cc1ab8d  prob=0.0335 (raw=0.0598)  vol=$29,355  trades=5  first_trade=2025-12-04 09:44  winrate=0.434  n_markets_traded=122.000  herfindahl_index_markets=0.033
10:51:35 [super]   #660   0x094e3e7c5486ca7f5efd45de09857b873c70f10b  prob=0.0335 (raw=0.0596)  vol=$10,213  trades=24  first_trade=2025-12-01 04:40  winrate=0.141  n_markets_traded=73.000  herfindahl_index_markets=0.063
10:51:35 [super]   #661   0x0ed41b9fa5f935f771e6cefa05e52809e5e04547  prob=0.0334 (raw=0.0593)  vol=$79  trades=5  first_trade=2025-12-04 05:52  winrate=NaN  n_markets_traded=0.000  herfindahl_index_markets=0.000
10:51:35 [super]   #662   0xd9430448ac33ddce60fa8feaee5e83d0b6b7195c  prob=0.0334 (raw=0.0592)  vol=$4  trades=4  first_trade=2025-12-04 06:30  winrate=0.375  n_markets_traded=8.000  herfindahl_index_markets=0.446
10:51:35 [super]   #663   0x3b4484b6c8cbfdaa383ba337ab3f0d71055e264e  prob=0.0334 (raw=0.0591)  vol=$107,649  trades=15  first_trade=2025-12-04 07:54  winrate=0.766  n_markets_traded=46.000  herfindahl_index_markets=0.190
10:51:35 [super]   #664   0x3075eb786dc5f574d485c1f8246284dc7bcdb14c  prob=0.0334 (raw=0.0590)  vol=$12  trades=2  first_trade=2025-12-05 15:19  winrate=0.908  n_markets_traded=76.000  herfindahl_index_markets=0.956
10:51:35 [super]   #665   0x7d5d1a52196ee18fb70b30944ca5ec2b51043bac  prob=0.0333 (raw=0.0585)  vol=$2  trades=2  first_trade=2025-12-05 09:40  winrate=0.611  n_markets_traded=18.000  herfindahl_index_markets=0.258
10:51:35 [super]   #666   0xecd33c0e0c00fc96ff3a1252bf17d403e83f4285  prob=0.0333 (raw=0.0584)  vol=$2,072  trades=4  first_trade=2025-12-04 08:06  winrate=0.604  n_markets_traded=91.000  herfindahl_index_markets=0.027
10:51:35 [super]   #667   0x32fe2fd22a4713c7635049b0193b586cebe8eb6f  prob=0.0332 (raw=0.0578)  vol=$33,333  trades=2  first_trade=2025-12-05 16:09  winrate=0.000  n_markets_traded=5.000  herfindahl_index_markets=0.262
10:51:35 [super]   #668   0x456a378ce110565edfee3034eca212984ce45ffc  prob=0.0332 (raw=0.0577)  vol=$336  trades=2  first_trade=2025-12-04 22:31  winrate=0.077  n_markets_traded=13.000  herfindahl_index_markets=0.240
10:51:35 [super]   #669   0xb20bdfccff289b23cb0e6df825b1cfa724228da0  prob=0.0332 (raw=0.0574)  vol=$3  trades=4  first_trade=2025-12-04 05:52  winrate=0.571  n_markets_traded=35.000  herfindahl_index_markets=0.230
10:51:35 [super]   #670   0x4f11e8f0a369167e6131a49daa91135e15f7be8d  prob=0.0331 (raw=0.0572)  vol=$10,658  trades=11  first_trade=2025-12-04 06:17  winrate=0.000  n_markets_traded=3.000  herfindahl_index_markets=0.575
10:51:35 [super]   #671   0xcc2570c71acae072e1ae0ff682b4b56c33c00343  prob=0.0331 (raw=0.0571)  vol=$35,008  trades=73  first_trade=2025-12-04 03:13  winrate=0.864  n_markets_traded=59.000  herfindahl_index_markets=0.155
10:51:35 [super]   #672   0xfbfe4f4aac1d8a86db52fabd81f491338e8dfe35  prob=0.0331 (raw=0.0570)  vol=$1  trades=2  first_trade=2025-12-04 07:50  winrate=0.000  n_markets_traded=6.000  herfindahl_index_markets=0.461
10:51:35 [super]   #673   0x027c2250d43d9c92b403e38f5cf478ae477e60f2  prob=0.0331 (raw=0.0567)  vol=$1,492  trades=7  first_trade=2025-12-03 15:59  winrate=0.382  n_markets_traded=152.000  herfindahl_index_markets=0.106
10:51:35 [super]   #674   0x0598000f9279492282fe06d241d6e3e1925d7108  prob=0.0331 (raw=0.0566)  vol=$95  trades=17  first_trade=2025-12-02 08:21  winrate=0.313  n_markets_traded=67.000  herfindahl_index_markets=0.046
10:51:35 [super]   #675   0x4f2b6c9eb5ff44f3537ceeb91f5f98cc96c156c9  prob=0.0330 (raw=0.0565)  vol=$186  trades=1  first_trade=2025-12-04 14:29  winrate=0.800  n_markets_traded=30.000  herfindahl_index_markets=0.051
10:51:35 [super]   #676   0x7ce190a7163e5e9368482d9f013d621403647b18  prob=0.0330 (raw=0.0565)  vol=$272  trades=1  first_trade=2025-12-04 14:29  winrate=0.806  n_markets_traded=35.000  herfindahl_index_markets=0.063
10:51:35 [super]   #677   0xebfdc7346e8cbe36466ab8e6f527b6aa4c6b69ab  prob=0.0330 (raw=0.0565)  vol=$459  trades=1  first_trade=2025-12-04 14:29  winrate=0.952  n_markets_traded=42.000  herfindahl_index_markets=0.054
10:51:35 [super]   #678   0x8f2721235c0a1d1e3fc786375c8c69b6ce2c2e3c  prob=0.0330 (raw=0.0564)  vol=$41  trades=6  first_trade=2025-12-04 06:25  winrate=0.632  n_markets_traded=19.000  herfindahl_index_markets=0.087
10:51:35 [super]   #679   0xd5ece8e58bce60807cdb5f72464b423c0de57b2e  prob=0.0330 (raw=0.0563)  vol=$26,147  trades=16  first_trade=2025-12-04 07:28  winrate=0.658  n_markets_traded=131.000  herfindahl_index_markets=0.025
10:51:35 [super]   #680   0xb7a813a4b8d0312d1b896c55c338bdd51675285e  prob=0.0330 (raw=0.0558)  vol=$12,403  trades=26  first_trade=2025-12-04 03:49  winrate=0.611  n_markets_traded=72.000  herfindahl_index_markets=0.029
10:51:35 [super]   #681   0x2be91989bd4cfdbae5b68b2ad1d205e15fe07b6f  prob=0.0329 (raw=0.0557)  vol=$100  trades=1  first_trade=2025-12-04 08:08  winrate=0.615  n_markets_traded=13.000  herfindahl_index_markets=0.403
10:51:35 [super]   #682   0x40676c245577bd34c79b735bc750969762a9d20e  prob=0.0329 (raw=0.0555)  vol=$6  trades=2  first_trade=2025-12-04 05:12  winrate=0.000  n_markets_traded=10.000  herfindahl_index_markets=0.437
10:51:35 [super]   #683   0xec9b4fddd8afff7e3072c53bbe9684640d722d72  prob=0.0329 (raw=0.0554)  vol=$23  trades=50  first_trade=2025-12-04 03:23  winrate=0.400  n_markets_traded=15.000  herfindahl_index_markets=0.147
10:51:35 [super]   #684   0x7d56663364223df22d45f5f57756daf42cff73a9  prob=0.0329 (raw=0.0553)  vol=$2  trades=2  first_trade=2025-12-05 01:13  winrate=0.409  n_markets_traded=22.000  herfindahl_index_markets=0.089
10:51:35 [super]   #685   0xca46bb5c6255fc1aea9d5c0b2771ebd531c5c596  prob=0.0329 (raw=0.0552)  vol=$1,243  trades=9  first_trade=2025-12-04 03:31  winrate=0.455  n_markets_traded=11.000  herfindahl_index_markets=0.185
10:51:35 [super]   #686   0xee0153c0a89f103ab465276735fa1e58b5842e8e  prob=0.0328 (raw=0.0549)  vol=$3,123  trades=4  first_trade=2025-12-04 08:58  winrate=0.000  n_markets_traded=2.000  herfindahl_index_markets=0.556
10:51:35 [super]   #687   0x26982c0e20e62c75684afc4edf6a0934d0847b58  prob=0.0328 (raw=0.0547)  vol=$1  trades=2  first_trade=2025-12-04 22:07  winrate=0.649  n_markets_traded=111.000  herfindahl_index_markets=0.564
10:51:35 [super]   #688   0x374d0ea6aee75cd719c450dbb4b484fca7c8fe3b  prob=0.0328 (raw=0.0547)  vol=$1  trades=2  first_trade=2025-12-04 22:07  winrate=0.586  n_markets_traded=99.000  herfindahl_index_markets=0.595
10:51:35 [super]   #689   0xb4936d4550323dcf034f33d52d53e5293673223a  prob=0.0328 (raw=0.0547)  vol=$1  trades=2  first_trade=2025-12-04 22:07  winrate=0.651  n_markets_traded=106.000  herfindahl_index_markets=0.579
10:51:35 [super]   #690   0xe8f34d5bb0cb987ff38bcde0b5d94656c8e63767  prob=0.0328 (raw=0.0547)  vol=$1  trades=2  first_trade=2025-12-04 22:07  winrate=0.670  n_markets_traded=109.000  herfindahl_index_markets=0.594
10:51:35 [super]   #691   0x7effaa6173bab5aabcc004b61daa87b54d45a545  prob=0.0328 (raw=0.0547)  vol=$1  trades=2  first_trade=2025-12-04 22:08  winrate=0.631  n_markets_traded=103.000  herfindahl_index_markets=0.580
10:51:35 [super]   #692   0x683b3a889e034db125849d75a53802a7f50fb82d  prob=0.0327 (raw=0.0540)  vol=$3  trades=2  first_trade=2025-12-04 09:38  winrate=0.520  n_markets_traded=25.000  herfindahl_index_markets=0.100
10:51:35 [super]   #693   0x9941bd1b1005fa0f5e16d30e17a90da443ee52c3  prob=0.0327 (raw=0.0539)  vol=$905  trades=3  first_trade=2025-12-04 06:19  winrate=0.250  n_markets_traded=4.000  herfindahl_index_markets=0.634
10:51:35 [super]   #694   0xbb015bb4009b6a48bfb9363d9c9b1d54e9ab02e5  prob=0.0327 (raw=0.0538)  vol=$954  trades=8  first_trade=2025-12-04 04:59  winrate=NaN  n_markets_traded=0.000  herfindahl_index_markets=0.000
10:51:35 [super]   #695   0xe922e3614c56b3c0aebb8c1039d217da18ab4685  prob=0.0326 (raw=0.0534)  vol=$1,333  trades=6  first_trade=2025-12-04 03:35  winrate=0.550  n_markets_traded=131.000  herfindahl_index_markets=0.014
10:51:35 [super]   #696   0xf42f4a4211d058cd109d503cf13f7bcdfc82a6a7  prob=0.0326 (raw=0.0532)  vol=$1,768  trades=17  first_trade=2025-12-01 21:28  winrate=NaN  n_markets_traded=0.000  herfindahl_index_markets=0.000
10:51:35 [super]   #697   0x5a0a1b35659fd092db45882f57a6a8d70a81946e  prob=0.0326 (raw=0.0531)  vol=$797  trades=8  first_trade=2025-12-04 07:21  winrate=0.653  n_markets_traded=124.000  herfindahl_index_markets=0.068
10:51:35 [super]   #698   0x96e9edf0e27596d8eb42f771f24464ee92224b32  prob=0.0326 (raw=0.0529)  vol=$18  trades=2  first_trade=2025-12-03 21:03  winrate=NaN  n_markets_traded=0.000  herfindahl_index_markets=0.000
10:51:35 [super]   #699   0x8ba22bd5177326c27fc651dcbb0ef39bcff2eb60  prob=0.0325 (raw=0.0528)  vol=$12  trades=4  first_trade=2025-12-04 06:38  winrate=0.552  n_markets_traded=125.000  herfindahl_index_markets=0.019
10:51:35 [super]   #700   0x8867e256745facf005d47abee9e329694b80ee24  prob=0.0325 (raw=0.0521)  vol=$975  trades=4  first_trade=2025-12-04 12:26  winrate=0.333  n_markets_traded=30.000  herfindahl_index_markets=0.057
10:51:35 [super]   #701   0x5a2de7e9df848b7d38c99a61f6c806986f2e9f67  prob=0.0325 (raw=0.0521)  vol=$2  trades=2  first_trade=2025-12-04 07:44  winrate=0.663  n_markets_traded=83.000  herfindahl_index_markets=0.022
10:51:35 [super]   #702   0x8e95f29cf88f1fc9a1bf0206d404dfdacbadef2a  prob=0.0325 (raw=0.0521)  vol=$2  trades=2  first_trade=2025-12-04 07:44  winrate=0.653  n_markets_traded=95.000  herfindahl_index_markets=0.019
10:51:35 [super]   #703   0x0035dd7c67948e65403211b46980546f159c464b  prob=0.0325 (raw=0.0521)  vol=$2  trades=2  first_trade=2025-12-04 07:43  winrate=0.742  n_markets_traded=93.000  herfindahl_index_markets=0.023
10:51:35 [super]   #704   0xd36c1cd95a87601a1dad57b33f9c74514b80d87b  prob=0.0325 (raw=0.0521)  vol=$2  trades=2  first_trade=2025-12-04 07:43  winrate=0.703  n_markets_traded=101.000  herfindahl_index_markets=0.019
10:51:35 [super]   #705   0xf58a6c91e8e8ec11d3ba3c6759eba31c0fe3e524  prob=0.0324 (raw=0.0520)  vol=$1  trades=2  first_trade=2025-12-04 22:07  winrate=0.617  n_markets_traded=107.000  herfindahl_index_markets=0.498
10:51:35 [super]   #706   0x5b4c7be725be104cba6370ff27af942f95ab80ed  prob=0.0324 (raw=0.0519)  vol=$10,000  trades=4  first_trade=2025-12-04 03:54  winrate=0.466  n_markets_traded=73.000  herfindahl_index_markets=0.032
10:51:35 [super]   #707   0xefde9ff487fae209ab6e3157a8acb4276f9c783d  prob=0.0324 (raw=0.0519)  vol=$8,879  trades=50  first_trade=2025-12-01 10:25  winrate=NaN  n_markets_traded=0.000  herfindahl_index_markets=0.000
10:51:35 [super]   #708   0x11f791112e23fa0ec6512dbed41c47c44f654982  prob=0.0324 (raw=0.0518)  vol=$21  trades=4  first_trade=2025-12-03 21:55  winrate=0.512  n_markets_traded=320.000  herfindahl_index_markets=0.012
10:51:35 [super]   #709   0x69ea0d77ef34f1acb03aaed901df7620fc4215cd  prob=0.0324 (raw=0.0518)  vol=$63,470  trades=104  first_trade=2025-12-02 18:30  winrate=NaN  n_markets_traded=0.000  herfindahl_index_markets=0.000
10:51:35 [super]   #710   0x7744bfd749a70020d16a1fcbac1d064761c9999e  prob=0.0324 (raw=0.0517)  vol=$670,869  trades=110  first_trade=2025-12-04 03:27  winrate=NaN  n_markets_traded=0.000  herfindahl_index_markets=0.000
10:51:35 [super]   #711   0xc5c85e72ddb708102bb37cbacb504066a99e52cf  prob=0.0324 (raw=0.0517)  vol=$39  trades=5  first_trade=2025-12-04 07:33  winrate=0.950  n_markets_traded=403.000  herfindahl_index_markets=0.004
10:51:35 [super]   #712   0x28b255ed9747765be4f44ce484532d4b6bdfa74f  prob=0.0324 (raw=0.0516)  vol=$123,651  trades=91  first_trade=2025-12-04 05:14  winrate=0.965  n_markets_traded=691.000  herfindahl_index_markets=0.009
10:51:35 [super]   #713   0x7399eae307df6c227694e83f60629415eca146d6  prob=0.0324 (raw=0.0516)  vol=$1,520  trades=39  first_trade=2025-12-01 10:25  winrate=NaN  n_markets_traded=0.000  herfindahl_index_markets=0.000
10:51:35 [super]   #714   0xa6dab54a13b36c95eac9496eff818bf86a497e3e  prob=0.0324 (raw=0.0516)  vol=$100  trades=2  first_trade=2025-12-05 13:18  winrate=0.383  n_markets_traded=128.000  herfindahl_index_markets=0.053
10:51:35 [super]   #715   0x81d9e688f5bb6b7a3cd1b6741316a94fe8305931  prob=0.0324 (raw=0.0515)  vol=$2  trades=2  first_trade=2025-12-04 07:34  winrate=0.673  n_markets_traded=101.000  herfindahl_index_markets=0.019
10:51:35 [super]   #716   0x38455e2ff26a46fbb30cf2307cab428620e76bd9  prob=0.0324 (raw=0.0515)  vol=$2  trades=2  first_trade=2025-12-04 07:34  winrate=0.724  n_markets_traded=98.000  herfindahl_index_markets=0.020
10:51:35 [super]   #717   0x5b8d2dc97625e7c51954bc36371c30a902b5a1ae  prob=0.0324 (raw=0.0514)  vol=$599  trades=4  first_trade=2025-12-04 03:34  winrate=0.354  n_markets_traded=60.000  herfindahl_index_markets=0.932
10:51:35 [super]   #718   0xc727203069e584bad856564a5fd98448923fa011  prob=0.0324 (raw=0.0514)  vol=$63  trades=10  first_trade=2025-12-04 03:17  winrate=0.589  n_markets_traded=56.000  herfindahl_index_markets=0.041
10:51:35 [super]   #719   0xffd44574578241c24b55a5fc94ef525da8f8b2d2  prob=0.0324 (raw=0.0514)  vol=$13  trades=8  first_trade=2025-12-04 03:22  winrate=0.636  n_markets_traded=55.000  herfindahl_index_markets=0.059
10:51:35 [super]   #720   0x37ac36f084d24c2779034c2d4a777cfbdd219751  prob=0.0324 (raw=0.0514)  vol=$1,020  trades=7  first_trade=2025-12-01 23:15  winrate=0.095  n_markets_traded=21.000  herfindahl_index_markets=0.074
10:51:35 [super]   #721   0x3c6753b0cd31fa621cd54d2ac7872eb6c77b92ac  prob=0.0323 (raw=0.0511)  vol=$100  trades=2  first_trade=2025-12-04 08:48  winrate=0.135  n_markets_traded=37.000  herfindahl_index_markets=0.169
10:51:35 [super]   #722   0x902d225fda04861946c16a8475adb71c020d1f3f  prob=0.0323 (raw=0.0511)  vol=$2  trades=2  first_trade=2025-12-05 12:21  winrate=0.793  n_markets_traded=88.000  herfindahl_index_markets=0.021
10:51:35 [super]   #723   0x0ab5f555f19b0c0cdfd93d5abfaff8520733d44f  prob=0.0323 (raw=0.0511)  vol=$500  trades=2  first_trade=2025-12-04 17:04  winrate=0.000  n_markets_traded=2.000  herfindahl_index_markets=0.972
10:51:35 [super]   #724   0xaf5e76feb4b288bcff9ede6f83309658376a1f34  prob=0.0323 (raw=0.0510)  vol=$335  trades=4  first_trade=2025-12-05 07:42  winrate=0.440  n_markets_traded=25.000  herfindahl_index_markets=0.157
10:51:35 [super]   #725   0x039dec08d163eee83707b3d1e0acdfb90e49a1bc  prob=0.0323 (raw=0.0509)  vol=$1,000  trades=2  first_trade=2025-12-04 18:04  winrate=0.292  n_markets_traded=24.000  herfindahl_index_markets=0.082
10:51:35 [super]   #726   0x4f3c4ab85351c88acc8dbcffcc816cdda592f736  prob=0.0323 (raw=0.0509)  vol=$2,460  trades=2  first_trade=2025-12-04 18:47  winrate=0.298  n_markets_traded=57.000  herfindahl_index_markets=0.054
10:51:35 [super]   #727   0x25e19a636a8d5ac56d5e290e98684251dbbf1046  prob=0.0323 (raw=0.0509)  vol=$667  trades=2  first_trade=2025-12-04 12:58  winrate=0.296  n_markets_traded=81.000  herfindahl_index_markets=0.048
10:51:35 [super]   #728   0xc4f09b875e6621fef8d600e0c9cc5356e17d990e  prob=0.0323 (raw=0.0509)  vol=$60  trades=4  first_trade=2025-12-04 03:22  winrate=0.250  n_markets_traded=8.000  herfindahl_index_markets=0.234
10:51:35 [super]   #729   0x4825c873a8c890bdaff00d253a23e8e09eb95ec5  prob=0.0323 (raw=0.0509)  vol=$23,637  trades=8  first_trade=2025-12-04 08:01  winrate=0.500  n_markets_traded=13.000  herfindahl_index_markets=0.255
10:51:35 [super]   #730   0xbf7f220b708074f54a292003f3df605c54f2abea  prob=0.0323 (raw=0.0506)  vol=$131  trades=75  first_trade=2025-12-01 03:46  winrate=0.409  n_markets_traded=44.000  herfindahl_index_markets=0.057
10:51:35 [super]   #731   0xa6e610d776322450142ed4b3f0c01c0c0b2ebb88  prob=0.0322 (raw=0.0505)  vol=$95  trades=58  first_trade=2025-12-01 02:33  winrate=0.477  n_markets_traded=44.000  herfindahl_index_markets=0.078
10:51:35 [super]   #732   0xbe7c0363ec2f0d12630fd48ac4c87ce84f418356  prob=0.0322 (raw=0.0504)  vol=$102  trades=22  first_trade=2025-11-28 11:23  winrate=NaN  n_markets_traded=0.000  herfindahl_index_markets=0.000
10:51:35 [super]   #733   0x3000605b5cb780be2791c856d9eaf0cffd039d73  prob=0.0322 (raw=0.0504)  vol=$7,194  trades=15  first_trade=2025-12-04 05:40  winrate=0.508  n_markets_traded=119.000  herfindahl_index_markets=0.189
10:51:35 [super]   #734   0x2491c4b1ac73616ae669b92c5fb9032788952509  prob=0.0322 (raw=0.0504)  vol=$528  trades=6  first_trade=2025-12-02 02:27  winrate=0.368  n_markets_traded=19.000  herfindahl_index_markets=0.279
10:51:35 [super]   #735   0xc4fc25edb11fae85dbe4d489870bec3e78c62e39  prob=0.0322 (raw=0.0502)  vol=$1,010  trades=4  first_trade=2025-12-07 19:10  winrate=0.135  n_markets_traded=222.000  herfindahl_index_markets=0.046
10:51:35 [super]   #736   0x9e29735fe4d5420f1194c4cf66cc16e5f8fd20c7  prob=0.0322 (raw=0.0502)  vol=$500  trades=2  first_trade=2025-12-04 18:16  winrate=0.143  n_markets_traded=21.000  herfindahl_index_markets=0.071
10:51:35 [super]   #737   0xca897b8235bc70ce6641d8b62b1a9f2bf253a9f6  prob=0.0322 (raw=0.0502)  vol=$500  trades=2  first_trade=2025-12-04 15:38  winrate=0.214  n_markets_traded=28.000  herfindahl_index_markets=0.098
10:51:35 [super]   #738   0x2369a8c01403674ccf381a4a1283d85d63d6d8be  prob=0.0322 (raw=0.0502)  vol=$40  trades=8  first_trade=2025-12-04 03:54  winrate=0.417  n_markets_traded=12.000  herfindahl_index_markets=0.157
10:51:35 [super]   #739   0x9d4dbdead56a197594a7eb296689ea99bd130494  prob=0.0322 (raw=0.0500)  vol=$2,849  trades=2  first_trade=2025-12-04 07:55  winrate=0.250  n_markets_traded=12.000  herfindahl_index_markets=0.138
10:51:35 [super]   #740   0x3e827302557b129bab504c178257707b3056c878  prob=0.0322 (raw=0.0500)  vol=$300  trades=4  first_trade=2025-12-04 22:05  winrate=0.439  n_markets_traded=99.000  herfindahl_index_markets=0.269
10:51:35 [super]   #741   0xcff8acb10e7b75a52b98a4e153de1dbb5c72b64a  prob=0.0321 (raw=0.0498)  vol=$2,327  trades=4  first_trade=2025-12-04 07:53  winrate=0.077  n_markets_traded=13.000  herfindahl_index_markets=0.127
10:51:35 [super]   #742   0xd66d6ac55d1e60839e185746e9d0bb774896a6ae  prob=0.0321 (raw=0.0498)  vol=$1  trades=2  first_trade=2025-12-04 22:08  winrate=0.619  n_markets_traded=105.000  herfindahl_index_markets=0.270
10:51:35 [super]   #743   0x22a9d4392e4b6b57a000a5127b2846cde7fcc08c  prob=0.0321 (raw=0.0497)  vol=$2  trades=2  first_trade=2025-12-04 07:01  winrate=0.167  n_markets_traded=12.000  herfindahl_index_markets=0.339
10:51:35 [super]   #744   0xaee13402c75563321a6a5ea1c21553857f4177fc  prob=0.0321 (raw=0.0497)  vol=$3,345  trades=16  first_trade=2025-12-03 21:50  winrate=0.342  n_markets_traded=266.000  herfindahl_index_markets=0.032
10:51:35 [super]   #745   0xc5879d16b6ae85cdc90e0187a4c6f70bb705c155  prob=0.0321 (raw=0.0493)  vol=$1  trades=2  first_trade=2025-12-04 03:50  winrate=0.474  n_markets_traded=19.000  herfindahl_index_markets=0.089
10:51:35 [super]   #746   0x89c83bb954a2c3e2c268b6347d9b12d901eed61a  prob=0.0321 (raw=0.0492)  vol=$1,000  trades=2  first_trade=2025-12-06 10:16  winrate=0.000  n_markets_traded=26.000  herfindahl_index_markets=0.147
10:51:35 [super]   #747   0x6de3960a8dcff15aa6d76aa204e2cf0309661b22  prob=0.0321 (raw=0.0492)  vol=$333  trades=3  first_trade=2025-12-05 11:26  winrate=0.016  n_markets_traded=61.000  herfindahl_index_markets=0.045
10:51:35 [super]   #748   0xf9815aa0b54cee549988bf002c55a14d00b337a8  prob=0.0320 (raw=0.0491)  vol=$1,333  trades=2  first_trade=2025-12-04 16:33  winrate=0.000  n_markets_traded=8.000  herfindahl_index_markets=0.316
10:51:35 [super]   #749   0xf54bd47b5a948c78c2fc7b2b52c5a8a59013a190  prob=0.0320 (raw=0.0491)  vol=$1,677  trades=5  first_trade=2025-12-04 12:13  winrate=0.000  n_markets_traded=4.000  herfindahl_index_markets=0.340
10:51:35 [super]   #750   0x2de566147183d8ff878d113448e929637ae0523a  prob=0.0320 (raw=0.0489)  vol=$180  trades=4  first_trade=2025-12-05 15:55  winrate=0.053  n_markets_traded=57.000  herfindahl_index_markets=0.024
10:51:35 [super]   #751   0x7d65a4f1c9537cf4c5a27aff22c2c52eb4f08432  prob=0.0320 (raw=0.0488)  vol=$11  trades=4  first_trade=2025-12-02 05:56  winrate=0.000  n_markets_traded=7.000  herfindahl_index_markets=0.178
10:51:35 [super]   #752   0x83d337c50ec414c45c3d030023dc59fd69d4a973  prob=0.0320 (raw=0.0487)  vol=$1,583  trades=11  first_trade=2025-12-03 21:26  winrate=0.469  n_markets_traded=98.000  herfindahl_index_markets=0.033
10:51:35 [super]   #753   0x38648e346616b05593c0735c7a0591b5f9ad23e1  prob=0.0320 (raw=0.0487)  vol=$631  trades=19  first_trade=2025-12-03 19:35  winrate=0.136  n_markets_traded=44.000  herfindahl_index_markets=0.187
10:51:35 [super]   #754   0xab047eb1384c7bbe82baac89b28185a9a337154c  prob=0.0320 (raw=0.0484)  vol=$134  trades=7  first_trade=2025-12-04 17:34  winrate=0.463  n_markets_traded=41.000  herfindahl_index_markets=0.043
10:51:35 [super]   #755   0xea97f2a431535cd70d1a42f76e3144448d4cc3c8  prob=0.0319 (raw=0.0479)  vol=$9  trades=2  first_trade=2025-12-04 16:35  winrate=0.200  n_markets_traded=5.000  herfindahl_index_markets=0.248
10:51:35 [super]   #756   0x5858196bbcb5059a7f67904deb06755dc2adfbbf  prob=0.0319 (raw=0.0479)  vol=$90,482  trades=35  first_trade=2025-12-04 03:53  winrate=0.636  n_markets_traded=30.000  herfindahl_index_markets=0.211
10:51:35 [super]   #757   0x7ff1d189f301bca2556b86bb50205337a5f3ee6b  prob=0.0318 (raw=0.0471)  vol=$30  trades=4  first_trade=2025-12-05 02:56  winrate=0.270  n_markets_traded=37.000  herfindahl_index_markets=0.033
10:51:35 [super]   #758   0x5113b2664ff778bed9e64c15e20d4caae11fe446  prob=0.0318 (raw=0.0470)  vol=$66,818  trades=13  first_trade=2025-12-04 07:46  winrate=0.558  n_markets_traded=171.000  herfindahl_index_markets=0.031
10:51:35 [super]   #759   0x84de2a3148dc815ef811d0a9cd11560e622a77b1  prob=0.0318 (raw=0.0469)  vol=$23  trades=3  first_trade=2025-12-04 03:16  winrate=0.429  n_markets_traded=14.000  herfindahl_index_markets=0.127
10:51:35 [super]   #760   0x70b9f6301a533f0681c5e8b614510d70a6ce197d  prob=0.0317 (raw=0.0468)  vol=$328  trades=50  first_trade=2025-12-01 21:10  winrate=0.280  n_markets_traded=50.000  herfindahl_index_markets=0.043
10:51:35 [super]   #761   0x92eaae11b90549bfbcc320fae5077fb8665b3045  prob=0.0317 (raw=0.0465)  vol=$2  trades=2  first_trade=2025-12-04 03:47  winrate=0.469  n_markets_traded=32.000  herfindahl_index_markets=0.048
10:51:35 [super]   #762   0xbd84efaf60efa3773968b9b96d1486ec4420f19b  prob=0.0317 (raw=0.0464)  vol=$32  trades=4  first_trade=2025-12-05 00:41  winrate=0.184  n_markets_traded=38.000  herfindahl_index_markets=0.030
10:51:35 [super]   #763   0x7fd295c90d3237ccc591a22a675d38d1ce074279  prob=0.0317 (raw=0.0464)  vol=$40  trades=4  first_trade=2025-12-05 01:05  winrate=0.216  n_markets_traded=37.000  herfindahl_index_markets=0.033
10:51:35 [super]   #764   0x54b7db855206df0c7cc2820484bba4ec25fceb22  prob=0.0316 (raw=0.0460)  vol=$16,513  trades=156  first_trade=2025-12-02 08:21  winrate=0.656  n_markets_traded=32.000  herfindahl_index_markets=0.052
10:51:35 [super]   #765   0xeb5e6da2f89ac0447f403e4faff230f4946c82e7  prob=0.0316 (raw=0.0458)  vol=$46  trades=9  first_trade=2025-12-04 05:42  winrate=0.555  n_markets_traded=371.000  herfindahl_index_markets=0.007
10:51:35 [super]   #766   0xa5b3167da9a68e6eef8f78232e7e6b29c2460476  prob=0.0315 (raw=0.0453)  vol=$345  trades=2  first_trade=2025-12-04 06:57  winrate=0.500  n_markets_traded=174.000  herfindahl_index_markets=0.070
10:51:35 [super]   #767   0xbe231eaf5bd1738b5a59ebef369529ce2a73910a  prob=0.0315 (raw=0.0451)  vol=$1,014  trades=8  first_trade=2025-12-04 06:00  winrate=0.467  n_markets_traded=15.000  herfindahl_index_markets=0.132
10:51:35 [super]   #768   0x5538dc3ad8a0207d18e31a23ae37df7666a96c08  prob=0.0315 (raw=0.0450)  vol=$293  trades=2  first_trade=2025-12-04 14:29  winrate=0.833  n_markets_traded=30.000  herfindahl_index_markets=0.057
10:51:35 [super]   #769   0xbbab6236915659d0bc07ab7f7202ebb821152ea0  prob=0.0315 (raw=0.0450)  vol=$200  trades=2  first_trade=2025-12-04 09:01  winrate=0.667  n_markets_traded=3.000  herfindahl_index_markets=0.528
10:51:35 [super]   #770   0xe632c4a52e0757392b4c74e22621961b1179aa26  prob=0.0315 (raw=0.0448)  vol=$91  trades=3  first_trade=2025-12-03 21:26  winrate=0.478  n_markets_traded=90.000  herfindahl_index_markets=0.054
10:51:35 [super]   #771   0x26393f918ba72491733c8077cb28406ea34379ca  prob=0.0315 (raw=0.0448)  vol=$8,043  trades=5  first_trade=2025-12-04 07:43  winrate=0.000  n_markets_traded=2.000  herfindahl_index_markets=0.503
10:51:35 [super]   #772   0x7d3320778860940e24bdb9fd1a93fd3365bec15f  prob=0.0315 (raw=0.0447)  vol=$1,600  trades=2  first_trade=2025-12-04 05:08  winrate=0.631  n_markets_traded=206.000  herfindahl_index_markets=0.028
10:51:35 [super]   #773   0xd50c3fde859ddd8d95e7ec3079a0ce5eec608862  prob=0.0315 (raw=0.0446)  vol=$998  trades=5  first_trade=2025-12-04 08:21  winrate=0.458  n_markets_traded=118.000  herfindahl_index_markets=0.155
10:51:35 [super]   #774   0xc4f4f2d987637aaf66b8c89c5501b9da3ec94ccc  prob=0.0315 (raw=0.0446)  vol=$432  trades=9  first_trade=2025-12-02 03:41  winrate=0.375  n_markets_traded=32.000  herfindahl_index_markets=0.064
10:51:35 [super]   #775   0xb22d27e133d7b1188f2cf2abfb8d26c71c883a13  prob=0.0315 (raw=0.0446)  vol=$2,422  trades=10  first_trade=2025-12-02 16:12  winrate=0.533  n_markets_traded=14.000  herfindahl_index_markets=0.250
10:51:35 [super]   #776   0x50bb959916732df512b8a70664e308edd4899aa6  prob=0.0314 (raw=0.0445)  vol=$2,659  trades=7  first_trade=2025-12-04 03:35  winrate=0.458  n_markets_traded=406.000  herfindahl_index_markets=0.004
10:51:35 [super]   #777   0xde37959a8f94536e818c61a069bd991e126cb9bf  prob=0.0314 (raw=0.0445)  vol=$25,000  trades=4  first_trade=2025-12-04 08:29  winrate=0.250  n_markets_traded=20.000  herfindahl_index_markets=0.167
10:51:35 [super]   #778   0x1e19f866e0b6ca1d919dffa917ebcb30a95be721  prob=0.0314 (raw=0.0445)  vol=$2  trades=2  first_trade=2025-12-04 05:54  winrate=0.556  n_markets_traded=99.000  herfindahl_index_markets=0.037
10:51:35 [super]   #779   0xe598435df0cdf5d22bdd5082d557f75f9180a0a8  prob=0.0314 (raw=0.0440)  vol=$5,614  trades=16  first_trade=2025-12-04 05:57  winrate=NaN  n_markets_traded=0.000  herfindahl_index_markets=0.000
10:51:35 [super]   #780   0x0b9168da5620dfab028b53c753a3be88d585ae77  prob=0.0314 (raw=0.0440)  vol=$4,448  trades=12  first_trade=2025-12-04 02:32  winrate=NaN  n_markets_traded=0.000  herfindahl_index_markets=0.000
10:51:35 [super]   #781   0x77913ca2d6733d920139c53d29c796b62535d121  prob=0.0313 (raw=0.0438)  vol=$200  trades=3  first_trade=2025-12-02 14:13  winrate=0.713  n_markets_traded=188.000  herfindahl_index_markets=0.009
10:51:35 [super]   #782   0xc1be2c95da052feb9a6396b4a2fb50d7ca66b166  prob=0.0313 (raw=0.0435)  vol=$2  trades=4  first_trade=2025-12-04 05:09  winrate=0.400  n_markets_traded=25.000  herfindahl_index_markets=0.081
10:51:35 [super]   #783   0x9806cca33fb568a29e446b4de34a221190bb9808  prob=0.0313 (raw=0.0435)  vol=$33  trades=5  first_trade=2025-12-01 11:33  winrate=0.294  n_markets_traded=17.000  herfindahl_index_markets=0.196
10:51:35 [super]   #784   0x9dfe3b0c6314ec5f36205df22a41f6a0a82874c8  prob=0.0313 (raw=0.0434)  vol=$3,133  trades=10  first_trade=2025-12-01 23:54  winrate=0.431  n_markets_traded=58.000  herfindahl_index_markets=0.078
10:51:35 [super]   #785   0xf5591f904a5a10cf7172da29dc726d714fa3a641  prob=0.0313 (raw=0.0433)  vol=$1,000  trades=4  first_trade=2025-12-04 14:34  winrate=0.333  n_markets_traded=15.000  herfindahl_index_markets=0.163
10:51:35 [super]   #786   0x96b25553bcfce1f38c7b5663c1f2ed5516117ec0  prob=0.0313 (raw=0.0433)  vol=$15  trades=4  first_trade=2025-12-04 05:56  winrate=0.469  n_markets_traded=32.000  herfindahl_index_markets=0.765
10:51:35 [super]   #787   0xfaab37ef60570779bf3ac6dbf017a286b14ce6f2  prob=0.0313 (raw=0.0431)  vol=$53,677  trades=15  first_trade=2025-12-04 07:45  winrate=0.446  n_markets_traded=72.000  herfindahl_index_markets=0.054
10:51:35 [super]   #788   0x0bfb8009df6c46c1fdd79b65896cf224dc4526a7  prob=0.0312 (raw=0.0428)  vol=$363  trades=4  first_trade=2025-12-04 06:52  winrate=NaN  n_markets_traded=0.000  herfindahl_index_markets=0.000
10:51:35 [super]   #789   0x359d474ddc85104640cc8c2823745793075d1210  prob=0.0312 (raw=0.0427)  vol=$1,000  trades=2  first_trade=2025-12-05 12:01  winrate=0.182  n_markets_traded=11.000  herfindahl_index_markets=0.179
10:51:35 [super]   #790   0x275761b22149e8627603487848edb6537c4fbe80  prob=0.0312 (raw=0.0426)  vol=$2,500  trades=2  first_trade=2025-12-05 17:55  winrate=0.556  n_markets_traded=9.000  herfindahl_index_markets=0.331
10:51:35 [super]   #791   0x114af7edd8f67ef82807e1efcd25b2276ff2b24e  prob=0.0312 (raw=0.0426)  vol=$33  trades=2  first_trade=2025-12-04 01:06  winrate=0.581  n_markets_traded=31.000  herfindahl_index_markets=0.114
10:51:35 [super]   #792   0x0673528af8098c1af94a931a6fa3c837a4f5994e  prob=0.0312 (raw=0.0425)  vol=$12  trades=2  first_trade=2025-12-04 07:34  winrate=0.466  n_markets_traded=131.000  herfindahl_index_markets=0.024
10:51:35 [super]   #793   0xa38e3ee734ca54ee2c926c6dfccd0392c28b5062  prob=0.0312 (raw=0.0424)  vol=$1,995  trades=2  first_trade=2025-12-04 12:13  winrate=NaN  n_markets_traded=0.000  herfindahl_index_markets=0.000
10:51:35 [super]   #794   0xeff2990f09e847bcedd0f88cfd8cc7ac0222ac29  prob=0.0311 (raw=0.0423)  vol=$3,012  trades=14  first_trade=2025-12-04 19:53  winrate=0.250  n_markets_traded=12.000  herfindahl_index_markets=0.171
10:51:35 [super]   #795   0xb20d26cc96515f773073dd270aab7e12bcb4db55  prob=0.0311 (raw=0.0421)  vol=$33,597  trades=9  first_trade=2025-12-04 05:14  winrate=0.667  n_markets_traded=8.000  herfindahl_index_markets=0.333
10:51:35 [super]   #796   0xdd3a0c8cbee74fc3ac012b0aae51408450211745  prob=0.0311 (raw=0.0420)  vol=$185  trades=24  first_trade=2025-12-04 04:45  winrate=0.483  n_markets_traded=29.000  herfindahl_index_markets=0.944
10:51:35 [super]   #797   0xfcfbf76b6f8a3787152e05f2bb70cd36f4ab1f69  prob=0.0311 (raw=0.0417)  vol=$10,757  trades=8  first_trade=2025-12-04 06:48  winrate=0.413  n_markets_traded=63.000  herfindahl_index_markets=0.057
10:51:35 [super]   #798   0x84f831a945c64c5fe0a5fc9e543ff08f1026d348  prob=0.0310 (raw=0.0415)  vol=$39,918  trades=7  first_trade=2025-12-04 08:08  winrate=0.684  n_markets_traded=114.000  herfindahl_index_markets=0.068
10:51:35 [super]   #799   0x2d9ad4d1cc6a2f9f786fdb3fd1525328ad747991  prob=0.0310 (raw=0.0415)  vol=$2,391  trades=8  first_trade=2025-12-03 01:08  winrate=0.628  n_markets_traded=316.000  herfindahl_index_markets=0.022
10:51:35 [super]   #800   0x9b8a536de834b1a5de6655645bc0a0b718200724  prob=0.0310 (raw=0.0414)  vol=$2,500  trades=2  first_trade=2025-12-04 15:22  winrate=0.526  n_markets_traded=57.000  herfindahl_index_markets=0.035
10:51:35 [super]   #801   0x533ac16ebcffe4deb3e4f0aa3304f83d73923d56  prob=0.0310 (raw=0.0413)  vol=$853  trades=4  first_trade=2025-12-04 07:22  winrate=0.000  n_markets_traded=5.000  herfindahl_index_markets=0.200
10:51:35 [super]   #802   0x09f9a9ddfad904bb0f41316a8c79c1cce1faa73c  prob=0.0310 (raw=0.0412)  vol=$113  trades=18  first_trade=2025-12-04 03:17  winrate=0.155  n_markets_traded=116.000  herfindahl_index_markets=0.072
10:51:35 [super]   #803   0xf4540b2d0b4506d6dbd5b63a5ee084decacde5a9  prob=0.0310 (raw=0.0412)  vol=$6  trades=6  first_trade=2025-12-05 08:46  winrate=0.000  n_markets_traded=9.000  herfindahl_index_markets=0.197
10:51:35 [super]   #804   0x6a5590195e201a81e3b7e9f70c7857295b959068  prob=0.0310 (raw=0.0412)  vol=$12,000  trades=7  first_trade=2025-12-07 14:42  winrate=0.000  n_markets_traded=7.000  herfindahl_index_markets=0.194
10:51:35 [super]   #805   0xa2041e3592be38a9c35bb694781b3643c8113f9d  prob=0.0310 (raw=0.0410)  vol=$4,000  trades=6  first_trade=2025-12-04 07:49  winrate=0.000  n_markets_traded=9.000  herfindahl_index_markets=0.195
10:51:35 [super]   #806   0x16a13d1215ffa55f08666c29dc03ca86b91e863a  prob=0.0310 (raw=0.0409)  vol=$1,423  trades=14  first_trade=2025-12-04 00:34  winrate=0.000  n_markets_traded=2.000  herfindahl_index_markets=0.935
10:51:35 [super]   #807   0xb9a72de00bcb0d86d2e21abd620d15d28b1fb64d  prob=0.0310 (raw=0.0408)  vol=$516  trades=6  first_trade=2025-12-03 18:05  winrate=0.524  n_markets_traded=212.000  herfindahl_index_markets=0.052
10:51:35 [super]   #808   0x7f0fc16d69ee986d9e67c464b126ba66f6816724  prob=0.0310 (raw=0.0408)  vol=$4,536  trades=8  first_trade=2025-12-04 07:19  winrate=0.500  n_markets_traded=4.000  herfindahl_index_markets=0.304
10:51:35 [super]   #809   0xafa7daede8e0d4d023bc128f8222a92f43c1dfac  prob=0.0309 (raw=0.0405)  vol=$56  trades=2  first_trade=2025-12-04 02:33  winrate=0.273  n_markets_traded=11.000  herfindahl_index_markets=0.177
10:51:35 [super]   #810   0x4613fb4e44e63b0181508e40d7769b0117c58c44  prob=0.0309 (raw=0.0403)  vol=$3,549  trades=9  first_trade=2025-12-04 23:42  winrate=0.875  n_markets_traded=8.000  herfindahl_index_markets=0.220
10:51:35 [super]   #811   0xff1768108a73e93f661ac38f0d43ec1bbac35745  prob=0.0308 (raw=0.0399)  vol=$5,455  trades=44  first_trade=2025-12-03 18:12  winrate=0.569  n_markets_traded=54.000  herfindahl_index_markets=0.110
10:51:35 [super]   #812   0xedf305d61499143b0a63a68662301d292175eac3  prob=0.0308 (raw=0.0398)  vol=$4,951  trades=7  first_trade=2025-12-04 06:34  winrate=0.574  n_markets_traded=68.000  herfindahl_index_markets=0.051
10:51:35 [super]   #813   0xe8a68017820cc850b4d13cfd8a165eb438b4644b  prob=0.0308 (raw=0.0398)  vol=$923  trades=9  first_trade=2025-12-04 03:23  winrate=NaN  n_markets_traded=0.000  herfindahl_index_markets=0.000
10:51:35 [super]   #814   0x0027bd901add76f4511ddfa6fa7c5ba09c2ae856  prob=0.0308 (raw=0.0397)  vol=$200  trades=4  first_trade=2025-12-04 12:36  winrate=0.286  n_markets_traded=14.000  herfindahl_index_markets=0.126
10:51:35 [super]   #815   0x1ef78c6dfb563678d0fae9530940bfb2971dd00e  prob=0.0308 (raw=0.0396)  vol=$1,036  trades=8  first_trade=2025-12-04 07:50  winrate=0.438  n_markets_traded=144.000  herfindahl_index_markets=0.115
10:51:35 [super]   #816   0x42a4772acbb65c5ac5a9c1731ea066dfdfa4554a  prob=0.0308 (raw=0.0396)  vol=$624  trades=12  first_trade=2025-12-04 05:31  winrate=0.460  n_markets_traded=50.000  herfindahl_index_markets=0.103
10:51:35 [super]   #817   0x18d47458657d5728d23324abcc2f463b0b903f5f  prob=0.0308 (raw=0.0395)  vol=$34  trades=3  first_trade=2025-12-04 07:54  winrate=0.478  n_markets_traded=69.000  herfindahl_index_markets=0.053
10:51:35 [super]   #818   0x497f2a969ff34a29cd5a7763726a2baf12d3da80  prob=0.0308 (raw=0.0395)  vol=$2  trades=2  first_trade=2025-12-04 19:55  winrate=0.474  n_markets_traded=78.000  herfindahl_index_markets=0.029
10:51:35 [super]   #819   0xb041d8b5bf7324acc4914721b98fd5a79af323a7  prob=0.0308 (raw=0.0395)  vol=$27  trades=2  first_trade=2025-12-04 06:23  winrate=0.417  n_markets_traded=60.000  herfindahl_index_markets=0.095
10:51:35 [super]   #820   0xc4d1a863e9cc45d02ba22d3a1ae9ba7822018ce8  prob=0.0308 (raw=0.0395)  vol=$283,495  trades=41  first_trade=2025-12-04 05:44  winrate=NaN  n_markets_traded=0.000  herfindahl_index_markets=0.000
10:51:35 [super]   #821   0x75355768575e9247efd826de58447759d6355ec3  prob=0.0308 (raw=0.0395)  vol=$2  trades=2  first_trade=2025-12-05 09:56  winrate=0.467  n_markets_traded=15.000  herfindahl_index_markets=0.237
10:51:35 [super]   #822   0x01d8566a61939ce08c946cbc93fbb8a5657e375b  prob=0.0308 (raw=0.0395)  vol=$5  trades=4  first_trade=2025-12-01 23:12  winrate=0.485  n_markets_traded=68.000  herfindahl_index_markets=0.049
10:51:35 [super]   #823   0x70b680d8035b3255fe61488affd10bbd3498aa2f  prob=0.0308 (raw=0.0394)  vol=$14  trades=5  first_trade=2025-11-30 17:45  winrate=NaN  n_markets_traded=0.000  herfindahl_index_markets=0.000
10:51:35 [super]   #824   0xc7c28ffe1895f9c44d66d76ef23f0c1b39e82f69  prob=0.0308 (raw=0.0393)  vol=$40,732  trades=6  first_trade=2025-12-04 14:28  winrate=0.000  n_markets_traded=2.000  herfindahl_index_markets=0.750
10:51:35 [super]   #825   0x2bf309dd001df4f9b1f90c26432d6ff457a38c3d  prob=0.0308 (raw=0.0393)  vol=$455  trades=2  first_trade=2025-12-04 07:43  winrate=0.793  n_markets_traded=570.000  herfindahl_index_markets=0.024
10:51:35 [super]   #826   0xb6f59a265e83fb916f4566f3df9328eaa8954c56  prob=0.0307 (raw=0.0392)  vol=$24  trades=12  first_trade=2025-12-04 08:08  winrate=0.370  n_markets_traded=46.000  herfindahl_index_markets=0.032
10:51:35 [super]   #827   0xb8a4d26a4d719d4ce416bbbb63bfa88a0303418e  prob=0.0307 (raw=0.0390)  vol=$154  trades=3  first_trade=2025-12-04 07:30  winrate=0.667  n_markets_traded=27.000  herfindahl_index_markets=0.084
10:51:35 [super]   #828   0x5ecde7348ea5100af4360dd7a6e0a3fb1d420787  prob=0.0307 (raw=0.0389)  vol=$184,597  trades=78  first_trade=2025-11-30 03:51  winrate=NaN  n_markets_traded=0.000  herfindahl_index_markets=0.000
10:51:35 [super]   #829   0x91c702f141502ecf64a18dd8b4fb07037b6a28cc  prob=0.0307 (raw=0.0388)  vol=$25,814  trades=7  first_trade=2025-12-04 03:51  winrate=0.916  n_markets_traded=252.000  herfindahl_index_markets=0.020
10:51:35 [super]   #830   0xea2f794a7f0ce05e4bbd357b3ccbb3bd2048a8ef  prob=0.0307 (raw=0.0387)  vol=$211  trades=5  first_trade=2025-12-04 03:17  winrate=0.257  n_markets_traded=35.000  herfindahl_index_markets=0.177
10:51:35 [super]   #831   0xee4cc492b23466112017a6c0782886489e6383e6  prob=0.0307 (raw=0.0385)  vol=$3  trades=2  first_trade=2025-12-06 01:14  winrate=0.440  n_markets_traded=25.000  herfindahl_index_markets=0.082
10:51:35 [super]   #832   0x14ac98627779a0a74c6cdf3ccb2e31e1b1c4dd9f  prob=0.0307 (raw=0.0385)  vol=$10,078  trades=11  first_trade=2025-12-04 06:42  winrate=0.516  n_markets_traded=128.000  herfindahl_index_markets=0.023
10:51:35 [super]   #833   0x78da0a7a418f954005c2fdcc8aa86c132553064f  prob=0.0306 (raw=0.0384)  vol=$51  trades=7  first_trade=2025-12-03 17:17  winrate=0.000  n_markets_traded=1.000  herfindahl_index_markets=1.000
10:51:35 [super]   #834   0x5607e051300abf498a988eab909dde03c899fd15  prob=0.0306 (raw=0.0384)  vol=$16,052  trades=5  first_trade=2025-12-04 12:29  winrate=0.667  n_markets_traded=102.000  herfindahl_index_markets=0.028
10:51:35 [super]   #835   0x8979f8b442b8e79bbb886b28d60abe611ed5f003  prob=0.0306 (raw=0.0382)  vol=$9,723  trades=22  first_trade=2025-12-01 21:38  winrate=0.414  n_markets_traded=133.000  herfindahl_index_markets=0.058
10:51:35 [super]   #836   0x1e55408f217f58facdf1d663c74cfa7f55e9e3e2  prob=0.0306 (raw=0.0382)  vol=$2,561  trades=5  first_trade=2025-12-04 06:39  winrate=NaN  n_markets_traded=0.000  herfindahl_index_markets=0.000
10:51:35 [super]   #837   0xf310f928d137c1887d4db5b74b9a5be71d6a9f74  prob=0.0306 (raw=0.0382)  vol=$76,258  trades=3  first_trade=2025-12-04 13:19  winrate=0.500  n_markets_traded=2.000  herfindahl_index_markets=0.503
10:51:35 [super]   #838   0x2ed22d06f2d192baaea3881736959e89eef7c572  prob=0.0306 (raw=0.0381)  vol=$1,653  trades=12  first_trade=2025-12-04 03:25  winrate=0.200  n_markets_traded=5.000  herfindahl_index_markets=0.579
10:51:35 [super]   #839   0x95c050610db7c3732368d888884a30df4dcff722  prob=0.0306 (raw=0.0381)  vol=$40  trades=4  first_trade=2025-12-05 01:31  winrate=0.205  n_markets_traded=44.000  herfindahl_index_markets=0.031
10:51:35 [super]   #840   0xa966c7bcc878b9b319765b946f8151df220e208b  prob=0.0306 (raw=0.0380)  vol=$513  trades=10  first_trade=2025-12-03 17:53  winrate=NaN  n_markets_traded=0.000  herfindahl_index_markets=0.000
10:51:35 [super]   #841   0x7b6b2203e19972a8b0fbbdd488737af1264fb965  prob=0.0306 (raw=0.0378)  vol=$15  trades=2  first_trade=2025-12-04 19:48  winrate=0.481  n_markets_traded=52.000  herfindahl_index_markets=0.085
10:51:35 [super]   #842   0x93c0f1a6fb26f241cf57414dee2f42aa815e2e30  prob=0.0306 (raw=0.0378)  vol=$121  trades=5  first_trade=2025-12-04 07:30  winrate=0.077  n_markets_traded=26.000  herfindahl_index_markets=0.315
10:51:35 [super]   #843   0xe6266639b0f2fe7019b5a04f02f60d8a13276771  prob=0.0305 (raw=0.0377)  vol=$25,948  trades=6  first_trade=2025-12-04 03:53  winrate=NaN  n_markets_traded=0.000  herfindahl_index_markets=0.000
10:51:35 [super]   #844   0xaa39a64f274a9185c5641042ff32a21e303cfd1a  prob=0.0305 (raw=0.0376)  vol=$1,920  trades=2  first_trade=2025-12-05 12:31  winrate=NaN  n_markets_traded=0.000  herfindahl_index_markets=0.000
10:51:35 [super]   #845   0x768195cffc7d603847eee695102523f20fe2ac03  prob=0.0305 (raw=0.0376)  vol=$5,000  trades=3  first_trade=2025-12-05 06:32  winrate=NaN  n_markets_traded=0.000  herfindahl_index_markets=0.000
10:51:35 [super]   #846   0x60b52529a40f1089e8f92101bd53be5ae90c0f8c  prob=0.0305 (raw=0.0376)  vol=$1,000  trades=2  first_trade=2025-12-06 20:46  winrate=NaN  n_markets_traded=0.000  herfindahl_index_markets=0.000
10:51:35 [super]   #847   0xc344ef15881e89684bfe8b91b41b2dc8c8ed3cd5  prob=0.0305 (raw=0.0376)  vol=$606  trades=6  first_trade=2025-12-03 14:47  winrate=0.389  n_markets_traded=18.000  herfindahl_index_markets=0.075
10:51:35 [super]   #848   0x18cda925145a03cd1650ad1036f6b152ece1d8d2  prob=0.0305 (raw=0.0374)  vol=$10,000  trades=2  first_trade=2025-12-05 01:21  winrate=NaN  n_markets_traded=0.000  herfindahl_index_markets=0.000
10:51:35 [super]   #849   0x8bc85293b9f595cf39a8dc4ab5b266f1e43ea8ed  prob=0.0305 (raw=0.0372)  vol=$6,228  trades=9  first_trade=2025-12-03 10:47  winrate=0.692  n_markets_traded=26.000  herfindahl_index_markets=0.140
10:51:35 [super]   #850   0xb376b243ff1f1515557b124e195ad3755009f6a0  prob=0.0305 (raw=0.0371)  vol=$334  trades=4  first_trade=2025-12-04 13:04  winrate=0.388  n_markets_traded=188.000  herfindahl_index_markets=0.018
10:51:35 [super]   #851   0x72b193ca5e0ba37efa2127ce3768d48306fcbe60  prob=0.0305 (raw=0.0371)  vol=$3,000  trades=7  first_trade=2025-12-07 02:02  winrate=0.381  n_markets_traded=63.000  herfindahl_index_markets=0.017
10:51:35 [super]   #852   0x7840001597060d5fbeb81aabe9bb6010bdedccc3  prob=0.0305 (raw=0.0371)  vol=$2,000  trades=2  first_trade=2025-12-06 12:08  winrate=0.418  n_markets_traded=55.000  herfindahl_index_markets=0.024
10:51:35 [super]   #853   0xb182730b94cb7c5fdae545ee4eb15c65c9c8c5f2  prob=0.0305 (raw=0.0370)  vol=$30,840  trades=5  first_trade=2025-12-04 18:52  winrate=0.458  n_markets_traded=48.000  herfindahl_index_markets=0.065
10:51:35 [super]   #854   0xb1b8a9d0dcda6335da08c852f3826c1d72e15858  prob=0.0304 (raw=0.0364)  vol=$100  trades=4  first_trade=2025-12-04 07:18  winrate=0.111  n_markets_traded=9.000  herfindahl_index_markets=0.141
10:51:35 [super]   #855   0x87c5122a578e61731a013f58d347a67ced5071bd  prob=0.0304 (raw=0.0363)  vol=$2  trades=2  first_trade=2025-11-30 18:07  winrate=0.500  n_markets_traded=88.000  herfindahl_index_markets=0.076
10:51:35 [super]   #856   0xd8c81f9b41f5d6323f07b9349f6b735ee929a93e  prob=0.0304 (raw=0.0363)  vol=$14  trades=2  first_trade=2025-12-04 05:00  winrate=0.500  n_markets_traded=14.000  herfindahl_index_markets=0.108
10:51:35 [super]   #857   0xc3a0095b4e452b5e309a5e7a2476485e44f56bd5  prob=0.0304 (raw=0.0363)  vol=$906  trades=9  first_trade=2025-12-01 03:36  winrate=0.545  n_markets_traded=33.000  herfindahl_index_markets=0.116
10:51:35 [super]   #858   0xdec36b3c0a2e6ef51c349750b3b12bf97ea4a476  prob=0.0304 (raw=0.0362)  vol=$501  trades=4  first_trade=2025-12-04 12:22  winrate=0.455  n_markets_traded=11.000  herfindahl_index_markets=0.593
10:51:35 [super]   #859   0xcce30d509bb56aac8bc686b9c48ef50ee6480c1d  prob=0.0304 (raw=0.0362)  vol=$1  trades=2  first_trade=2025-12-05 07:51  winrate=0.731  n_markets_traded=26.000  herfindahl_index_markets=0.188
10:51:35 [super]   #860   0xfd5294de1d526489fede36ee0e43ae4779050c2f  prob=0.0303 (raw=0.0361)  vol=$1,316  trades=7  first_trade=2025-12-04 03:34  winrate=NaN  n_markets_traded=0.000  herfindahl_index_markets=0.000
10:51:35 [super]   #861   0x4a60bf806d191015e5fba2eb215dda5f6c5f89b6  prob=0.0303 (raw=0.0361)  vol=$273  trades=3  first_trade=2025-12-04 03:37  winrate=NaN  n_markets_traded=0.000  herfindahl_index_markets=0.000
10:51:35 [super]   #862   0x18e02f97cf02a5c3fcb2023d987d975cca2ed024  prob=0.0303 (raw=0.0358)  vol=$2,155  trades=34  first_trade=2025-12-04 03:19  winrate=0.273  n_markets_traded=33.000  herfindahl_index_markets=0.442
10:51:35 [super]   #863   0x5d163701abe2bdbfc896f290f14af34942d758d3  prob=0.0303 (raw=0.0358)  vol=$1  trades=1  first_trade=2025-12-04 05:17  winrate=0.400  n_markets_traded=85.000  herfindahl_index_markets=0.039
10:51:35 [super]   #864   0x5bf016d4082d189838f540fd3fa268655c1382a2  prob=0.0303 (raw=0.0357)  vol=$2  trades=2  first_trade=2025-12-04 09:48  winrate=0.067  n_markets_traded=15.000  herfindahl_index_markets=0.180
10:51:35 [super]   #865   0x9532b0b10c6d916fb6d50c3f59462d4720cc9350  prob=0.0303 (raw=0.0356)  vol=$1,993  trades=4  first_trade=2025-12-04 08:01  winrate=0.111  n_markets_traded=9.000  herfindahl_index_markets=0.360
10:51:35 [super]   #866   0xd0d37f1a893871186dd1e1e41585e3056da5dfcd  prob=0.0303 (raw=0.0355)  vol=$1,192  trades=19  first_trade=2025-12-04 06:37  winrate=0.442  n_markets_traded=43.000  herfindahl_index_markets=0.050
10:51:35 [super]   #867   0xfc652f44325f3002c3943345a3abc44e1e48af73  prob=0.0303 (raw=0.0355)  vol=$3  trades=12  first_trade=2025-11-27 11:09  winrate=0.177  n_markets_traded=644.000  herfindahl_index_markets=0.005
10:51:35 [super]   #868   0x47ae6d13566c3418c4795c98ced1f197575eee94  prob=0.0302 (raw=0.0353)  vol=$2,675  trades=4  first_trade=2025-12-04 09:39  winrate=NaN  n_markets_traded=0.000  herfindahl_index_markets=0.000
10:51:35 [super]   #869   0x2d8cffb1d45b6c0d56f256ae05a717348fbbabb6  prob=0.0302 (raw=0.0351)  vol=$100  trades=6  first_trade=2025-12-04 08:03  winrate=0.000  n_markets_traded=6.000  herfindahl_index_markets=0.330
10:51:35 [super]   #870   0x0a1c14c536354ea0215b1e440669e58a1e1810a8  prob=0.0302 (raw=0.0351)  vol=$100  trades=6  first_trade=2025-12-04 08:03  winrate=0.000  n_markets_traded=6.000  herfindahl_index_markets=0.330
10:51:35 [super]   #871   0x971ece4c95df2a97e7f4c7492516c173d077fc6e  prob=0.0302 (raw=0.0351)  vol=$100  trades=6  first_trade=2025-12-04 08:03  winrate=0.000  n_markets_traded=6.000  herfindahl_index_markets=0.330
10:51:35 [super]   #872   0xc15966b6a2789784b86358ddbbff5e283ebe6402  prob=0.0302 (raw=0.0350)  vol=$1  trades=2  first_trade=2025-12-04 06:49  winrate=0.552  n_markets_traded=29.000  herfindahl_index_markets=0.126
10:51:35 [super]   #873   0x3c71ea319e1629de403b047b9257db9016f9a3bc  prob=0.0302 (raw=0.0350)  vol=$19  trades=4  first_trade=2025-12-03 23:54  winrate=0.308  n_markets_traded=39.000  herfindahl_index_markets=0.092
10:51:35 [super]   #874   0x0030de34296ebbce1b931e3f5a4c5cf4850126fb  prob=0.0302 (raw=0.0348)  vol=$275  trades=7  first_trade=2025-12-04 05:16  winrate=0.200  n_markets_traded=15.000  herfindahl_index_markets=0.102
10:51:35 [super]   #875   0x5f39d698c8b1f2efadb1042a3c6085e82ae3d603  prob=0.0302 (raw=0.0347)  vol=$161  trades=31  first_trade=2025-12-04 03:21  winrate=NaN  n_markets_traded=0.000  herfindahl_index_markets=0.000
10:51:35 [super]   #876   0xc57be4d566479efc216a759327545e1c6c958faf  prob=0.0302 (raw=0.0346)  vol=$513  trades=14  first_trade=2025-12-04 03:17  winrate=0.153  n_markets_traded=229.000  herfindahl_index_markets=0.010
10:51:35 [super]   #877   0xf63ada6f9aa869f2b6c4513994476b9bd60d86f1  prob=0.0302 (raw=0.0346)  vol=$100  trades=6  first_trade=2025-12-04 08:03  winrate=0.000  n_markets_traded=7.000  herfindahl_index_markets=0.258
10:51:35 [super]   #878   0xc6ed53b711ee2a3af989036cebe0af4f005c6609  prob=0.0302 (raw=0.0345)  vol=$32,917  trades=11  first_trade=2025-12-04 06:14  winrate=0.091  n_markets_traded=33.000  herfindahl_index_markets=0.449
10:51:35 [super]   #879   0xa0993148b8d481bfafbbc784ba19a4fe25ccd81f  prob=0.0302 (raw=0.0345)  vol=$5,208  trades=8  first_trade=2025-12-04 00:22  winrate=0.283  n_markets_traded=191.000  herfindahl_index_markets=0.066
10:51:35 [super]   #880   0x815c982de2f497ae3fd933436ed655e213ba85c5  prob=0.0301 (raw=0.0345)  vol=$30  trades=3  first_trade=2025-12-04 06:41  winrate=0.154  n_markets_traded=13.000  herfindahl_index_markets=0.219
10:51:35 [super]   #881   0x301fd29c7758dadbcf2ab807b92c9d4434eb9059  prob=0.0301 (raw=0.0342)  vol=$3  trades=2  first_trade=2025-12-04 12:21  winrate=0.905  n_markets_traded=21.000  herfindahl_index_markets=0.134
10:51:35 [super]   #882   0xa9b3e186e4ab2727859a7453b757a75140437cfa  prob=0.0301 (raw=0.0342)  vol=$2  trades=2  first_trade=2025-12-04 04:56  winrate=0.327  n_markets_traded=104.000  herfindahl_index_markets=0.385
10:51:35 [super]   #883   0xcecaeade076dafc88fdb955864da9d9c15693f67  prob=0.0301 (raw=0.0342)  vol=$28  trades=2  first_trade=2025-12-04 00:52  winrate=NaN  n_markets_traded=0.000  herfindahl_index_markets=0.000
10:51:35 [super]   #884   0x2f42d37523fb1e496840184178f857d462dd4fc5  prob=0.0301 (raw=0.0340)  vol=$15  trades=2  first_trade=2025-12-01 20:00  winrate=0.664  n_markets_traded=99.000  herfindahl_index_markets=0.022
10:51:35 [super]   #885   0x3dbcf1bdc71dc0af80e6d63e544a47e52592ac39  prob=0.0301 (raw=0.0340)  vol=$20  trades=2  first_trade=2025-12-04 07:12  winrate=0.533  n_markets_traded=45.000  herfindahl_index_markets=0.085
10:51:35 [super]   #886   0x6fc9c51c0145b8745788c959b9ee87fdcf2863b2  prob=0.0301 (raw=0.0340)  vol=$58  trades=9  first_trade=2025-11-30 01:55  winrate=0.550  n_markets_traded=269.000  herfindahl_index_markets=0.059
10:51:35 [super]   #887   0x6aadd73e75f01c89fce7165526e609e144c34b75  prob=0.0301 (raw=0.0339)  vol=$407  trades=4  first_trade=2025-12-04 05:18  winrate=0.329  n_markets_traded=70.000  herfindahl_index_markets=0.070
10:51:35 [super]   #888   0xbc54efc33d69c1c07aa7def58b838be1e6dd23c1  prob=0.0301 (raw=0.0338)  vol=$573  trades=7  first_trade=2025-12-03 20:00  winrate=0.250  n_markets_traded=284.000  herfindahl_index_markets=0.049
10:51:35 [super]   #889   0xf434e8aee8c7f83ed0d7e36f281383ee1d99c6aa  prob=0.0301 (raw=0.0337)  vol=$4,860  trades=50  first_trade=2025-12-04 06:12  winrate=NaN  n_markets_traded=0.000  herfindahl_index_markets=0.000
10:51:35 [super]   #890   0x5d70c651731463164523522adfe04b2d6ab392e8  prob=0.0300 (raw=0.0337)  vol=$347  trades=2  first_trade=2025-12-05 23:19  winrate=0.414  n_markets_traded=58.000  herfindahl_index_markets=0.130
10:51:35 [super]   #891   0x7cbbef376c6b2fa8520e867af6b1445cccae7cdb  prob=0.0300 (raw=0.0336)  vol=$949  trades=5  first_trade=2025-12-04 07:03  winrate=0.150  n_markets_traded=20.000  herfindahl_index_markets=0.500
10:51:35 [super]   #892   0xf15c9a8516f7684bc576b004ac4bc061c7716d09  prob=0.0300 (raw=0.0335)  vol=$402  trades=3  first_trade=2025-12-04 03:06  winrate=0.172  n_markets_traded=29.000  herfindahl_index_markets=0.104
10:51:35 [super]   #893   0x8138223a986ab263fe388bcfe2bacfc17991f52c  prob=0.0300 (raw=0.0335)  vol=$1,005  trades=3  first_trade=2025-12-04 05:28  winrate=0.512  n_markets_traded=127.000  herfindahl_index_markets=0.010
10:51:35 [super]   #894   0x464919a361929b52121569758c3af8be55843c1b  prob=0.0300 (raw=0.0334)  vol=$26,968  trades=5  first_trade=2025-12-04 03:53  winrate=0.364  n_markets_traded=11.000  herfindahl_index_markets=0.132
10:51:35 [super]   #895   0x32765010d2c3837950a627a240eb463b8483dd01  prob=0.0300 (raw=0.0334)  vol=$287  trades=18  first_trade=2025-12-04 05:33  winrate=0.392  n_markets_traded=93.000  herfindahl_index_markets=0.262
10:51:35 [super]   #896   0x7f5ba66cdaa0d30dc395b67ec6292aed8b1cb993  prob=0.0300 (raw=0.0334)  vol=$85  trades=10  first_trade=2025-12-04 05:18  winrate=0.378  n_markets_traded=35.000  herfindahl_index_markets=0.133
10:51:35 [super]   #897   0x68399196eec9b25da5912a58278be2ac30dde642  prob=0.0300 (raw=0.0333)  vol=$3  trades=4  first_trade=2025-12-05 02:55  winrate=0.200  n_markets_traded=5.000  herfindahl_index_markets=0.284
10:51:35 [super]   #898   0x87a29e38e6a33b3b6539a4e3d3f782b229382250  prob=0.0300 (raw=0.0333)  vol=$40  trades=6  first_trade=2025-12-04 07:55  winrate=NaN  n_markets_traded=0.000  herfindahl_index_markets=0.000
10:51:35 [super]   #899   0xf4d510acfec6ae11cca27b8799b329a3048e79f9  prob=0.0300 (raw=0.0332)  vol=$593  trades=20  first_trade=2025-12-04 16:36  winrate=NaN  n_markets_traded=0.000  herfindahl_index_markets=0.000
10:51:35 [super]   #900   0x3d85c79bc5bf1dfab707ac020becde0d37e46437  prob=0.0300 (raw=0.0332)  vol=$106  trades=50  first_trade=2025-12-04 07:33  winrate=NaN  n_markets_traded=0.000  herfindahl_index_markets=0.000
10:51:35 [super]   #901   0x2559468811e5c54de2d45e7e4bb6c84abf442ef4  prob=0.0300 (raw=0.0331)  vol=$16  trades=3  first_trade=2025-12-04 07:02  winrate=0.446  n_markets_traded=130.000  herfindahl_index_markets=0.026
10:51:35 [super]   #902   0xf872ffa254b64f013e094f4a2c7801bac56534fe  prob=0.0300 (raw=0.0331)  vol=$48  trades=2  first_trade=2025-12-04 07:10  winrate=0.455  n_markets_traded=33.000  herfindahl_index_markets=0.079
10:51:35 [super]   #903   0xfc68a752fa2f0740821d35ea405d89d4dc5abf42  prob=0.0300 (raw=0.0331)  vol=$1,000  trades=2  first_trade=2025-12-06 19:38  winrate=0.446  n_markets_traded=73.000  herfindahl_index_markets=0.055
10:51:35 [super]   #904   0xeccab812c0c6256ccdef7a9a3a7cd114947f6a15  prob=0.0300 (raw=0.0331)  vol=$334  trades=2  first_trade=2025-12-05 15:01  winrate=0.429  n_markets_traded=247.000  herfindahl_index_markets=0.011
10:51:35 [super]   #905   0xcb122e3dfea0af9fbbae991621a2a1e738d46a49  prob=0.0300 (raw=0.0331)  vol=$6,000  trades=2  first_trade=2025-12-04 14:24  winrate=0.434  n_markets_traded=122.000  herfindahl_index_markets=0.022
10:51:35 [super]   #906   0x4489b8c67e828776aeb7a0e3a0caa1928a1d7163  prob=0.0300 (raw=0.0331)  vol=$1  trades=1  first_trade=2025-12-04 12:29  winrate=0.400  n_markets_traded=45.000  herfindahl_index_markets=0.102
10:51:35 [super]   #907   0x4d4d23695ff2fc39332eb3bf1aa1d1d6a588b3f4  prob=0.0300 (raw=0.0331)  vol=$27  trades=4  first_trade=2025-12-04 06:37  winrate=0.409  n_markets_traded=44.000  herfindahl_index_markets=0.091
10:51:35 [super]   #908   0x81d899d34d653f9df318e796b8260b9e16962b8d  prob=0.0300 (raw=0.0331)  vol=$8  trades=3  first_trade=2025-11-30 09:56  winrate=0.375  n_markets_traded=69.000  herfindahl_index_markets=0.105
10:51:35 [super]   #909   0x7c371cf1b76c36375ef89ce434011ad5fadd6bc0  prob=0.0300 (raw=0.0331)  vol=$333  trades=3  first_trade=2025-12-04 06:58  winrate=0.435  n_markets_traded=23.000  herfindahl_index_markets=0.081
10:51:35 [super]   #910   0x80ab6ab7646efb38367ea5a180f29042fab16c7a  prob=0.0300 (raw=0.0331)  vol=$129,442  trades=221  first_trade=2025-12-03 16:04  winrate=NaN  n_markets_traded=0.000  herfindahl_index_markets=0.000
10:51:35 [super]   #911   0x3b23dc37606cf3ca107ff3925bafb7390ce55e5e  prob=0.0299 (raw=0.0329)  vol=$31  trades=4  first_trade=2025-12-03 23:13  winrate=0.368  n_markets_traded=201.000  herfindahl_index_markets=0.058
10:51:35 [super]   #912   0x6e8f80ca0cddb8d3f207dc5147ac0e6062ae162c  prob=0.0299 (raw=0.0329)  vol=$20,779  trades=20  first_trade=2025-12-04 04:56  winrate=NaN  n_markets_traded=0.000  herfindahl_index_markets=0.000
10:51:35 [super]   #913   0x9aeb534c42b58b21673d5e03e9da14fbd15b2729  prob=0.0299 (raw=0.0328)  vol=$800  trades=4  first_trade=2025-12-04 03:23  winrate=NaN  n_markets_traded=0.000  herfindahl_index_markets=0.000
10:51:35 [super]   #914   0xc3eb1d9facf62b0a62b2e43e40f97d6850ef376c  prob=0.0299 (raw=0.0326)  vol=$505  trades=5  first_trade=2025-12-04 03:30  winrate=NaN  n_markets_traded=0.000  herfindahl_index_markets=0.000
10:51:35 [super]   #915   0xe542afd3881c4c330ba0ebbb603bb470b2ba0a37  prob=0.0299 (raw=0.0326)  vol=$1,126  trades=9  first_trade=2025-12-03 23:56  winrate=NaN  n_markets_traded=0.000  herfindahl_index_markets=0.000
10:51:35 [super]   #916   0xeae78417e0976984ebdfc6b42247665379fba48c  prob=0.0299 (raw=0.0325)  vol=$1,500  trades=2  first_trade=2025-12-04 14:49  winrate=0.000  n_markets_traded=4.000  herfindahl_index_markets=0.352
10:51:35 [super]   #917   0x11c15c92e3729b894af3e43d4bbc70bef5b07912  prob=0.0299 (raw=0.0323)  vol=$468  trades=7  first_trade=2025-12-04 03:42  winrate=0.235  n_markets_traded=17.000  herfindahl_index_markets=0.134
10:51:35 [super]   #918   0x9369a9bdfc13acb929d89fb1da433e4e9979471b  prob=0.0299 (raw=0.0321)  vol=$50,000  trades=2  first_trade=2025-12-04 14:34  winrate=0.000  n_markets_traded=2.000  herfindahl_index_markets=0.500
10:51:35 [super]   #919   0x05208f3124596026203c69d741dd07d894ef9708  prob=0.0298 (raw=0.0320)  vol=$4,985  trades=3  first_trade=2025-12-04 03:54  winrate=NaN  n_markets_traded=0.000  herfindahl_index_markets=0.000
10:51:35 [super]   #920   0xfdae3905242d2229e3a0508b048b9a1d41c9f99e  prob=0.0298 (raw=0.0319)  vol=$248  trades=3  first_trade=2025-12-04 05:11  winrate=0.704  n_markets_traded=27.000  herfindahl_index_markets=0.185
10:51:35 [super]   #921   0x3a1fdfcacb609b5b43ee90119b5f634ea8878eca  prob=0.0298 (raw=0.0319)  vol=$15,061  trades=4  first_trade=2025-12-04 12:46  winrate=0.091  n_markets_traded=11.000  herfindahl_index_markets=0.462
10:51:35 [super]   #922   0x2b1f37cc27813d3539e6e1e1d85fa2e22ab08153  prob=0.0298 (raw=0.0319)  vol=$101  trades=3  first_trade=2025-12-04 05:48  winrate=0.317  n_markets_traded=60.000  herfindahl_index_markets=0.146
10:51:35 [super]   #923   0x40fd3f0ccba437f6b9d4b50fd85bc179943c9f9f  prob=0.0298 (raw=0.0318)  vol=$1,049  trades=4  first_trade=2025-12-05 13:33  winrate=NaN  n_markets_traded=0.000  herfindahl_index_markets=0.000
10:51:35 [super]   #924   0x723e9efbeb1347940ae8cac7bcf188f79404ba7f  prob=0.0298 (raw=0.0317)  vol=$359  trades=3  first_trade=2025-12-03 17:14  winrate=0.419  n_markets_traded=31.000  herfindahl_index_markets=0.093
10:51:35 [super]   #925   0x76c291f1ade836997d3a15cb1ebab6f1fec5b938  prob=0.0298 (raw=0.0316)  vol=$8  trades=2  first_trade=2025-11-27 18:34  winrate=0.136  n_markets_traded=370.000  herfindahl_index_markets=0.006
10:51:35 [super]   #926   0x817ea740be97ecea64c1ca924d55b5329e673cbf  prob=0.0298 (raw=0.0316)  vol=$3  trades=2  first_trade=2025-11-26 19:19  winrate=0.265  n_markets_traded=49.000  herfindahl_index_markets=0.086
10:51:35 [super]   #927   0x4f52512634ce140f0ea447071fe4fdc82b6249fe  prob=0.0298 (raw=0.0315)  vol=$50  trades=2  first_trade=2025-12-04 08:55  winrate=0.250  n_markets_traded=56.000  herfindahl_index_markets=0.068
10:51:35 [super]   #928   0x1903f363c66356568a6039b332eec57edff4d94b  prob=0.0298 (raw=0.0315)  vol=$100  trades=2  first_trade=2025-12-04 08:52  winrate=0.222  n_markets_traded=45.000  herfindahl_index_markets=0.096
10:51:35 [super]   #929   0x691eb5db15e1359afcf5b967ce01923c39c8cbbb  prob=0.0298 (raw=0.0315)  vol=$120  trades=8  first_trade=2025-12-04 05:14  winrate=0.203  n_markets_traded=64.000  herfindahl_index_markets=0.041
10:51:35 [super]   #930   0xb72b95c3efd3cfec3858e4baa7e1b978ab30f4e0  prob=0.0298 (raw=0.0314)  vol=$4,448  trades=6  first_trade=2025-12-04 04:57  winrate=0.415  n_markets_traded=619.000  herfindahl_index_markets=0.021
10:51:35 [super]   #931   0xf8b9ba31f5307c0969d058e3a3affdb54f577b8d  prob=0.0297 (raw=0.0313)  vol=$72  trades=8  first_trade=2025-12-02 15:57  winrate=NaN  n_markets_traded=0.000  herfindahl_index_markets=0.000
10:51:35 [super]   #932   0x4a1e3e68c188d68f5bd7ac9692d836af0c8086d3  prob=0.0297 (raw=0.0312)  vol=$12,915  trades=28  first_trade=2025-12-04 05:41  winrate=0.499  n_markets_traded=779.000  herfindahl_index_markets=0.007
10:51:35 [super]   #933   0x663a9d2c8adb23d001dba3c01178c175cba05c51  prob=0.0297 (raw=0.0311)  vol=$326  trades=10  first_trade=2025-12-04 05:18  winrate=0.373  n_markets_traded=82.000  herfindahl_index_markets=0.049
10:51:35 [super]   #934   0x16788be2feae42e2ae647da7bd8ee5a0577522b8  prob=0.0297 (raw=0.0308)  vol=$16,750  trades=4  first_trade=2025-12-06 14:06  winrate=0.444  n_markets_traded=9.000  herfindahl_index_markets=0.304
10:51:35 [super]   #935   0x4733a8db3c709f135b6f22cebf7ecfb767a7aa88  prob=0.0297 (raw=0.0306)  vol=$702  trades=3  first_trade=2025-12-04 10:32  winrate=0.429  n_markets_traded=21.000  herfindahl_index_markets=0.600
10:51:35 [super]   #936   0x00e1e82c27aae8b2459c7721497e7b481916b679  prob=0.0297 (raw=0.0305)  vol=$191  trades=4  first_trade=2025-12-04 05:01  winrate=NaN  n_markets_traded=0.000  herfindahl_index_markets=0.000
10:51:35 [super]   #937   0x2dd63c33cef301f3ad048e33c0b957546070dae3  prob=0.0296 (raw=0.0305)  vol=$97  trades=7  first_trade=2025-11-29 19:59  winrate=0.271  n_markets_traded=96.000  herfindahl_index_markets=0.032
10:51:35 [super]   #938   0x0619dafd91786867631d0546917aa35c244ed801  prob=0.0296 (raw=0.0305)  vol=$2,606  trades=8  first_trade=2025-12-04 00:45  winrate=NaN  n_markets_traded=0.000  herfindahl_index_markets=0.000
10:51:35 [super]   #939   0x2328c8615d22d2d46ffa60e9ba0570d4ac59e304  prob=0.0296 (raw=0.0304)  vol=$5,000  trades=5  first_trade=2025-12-04 08:28  winrate=NaN  n_markets_traded=0.000  herfindahl_index_markets=0.000
10:51:35 [super]   #940   0xf232fee6429a6acd5cc99a86fbf79083f20a4fc6  prob=0.0296 (raw=0.0302)  vol=$59  trades=3  first_trade=2025-12-04 05:01  winrate=NaN  n_markets_traded=0.000  herfindahl_index_markets=0.000
10:51:35 [super]   #941   0x3ac466d9cf031d0ae68e019c72047815582fa55d  prob=0.0296 (raw=0.0302)  vol=$410  trades=3  first_trade=2025-12-04 07:25  winrate=0.786  n_markets_traded=131.000  herfindahl_index_markets=0.021
10:51:35 [super]   #942   0x28b397ff9c7b42611bed6845854fb1d7797d7af3  prob=0.0296 (raw=0.0302)  vol=$903  trades=7  first_trade=2025-12-04 07:57  winrate=NaN  n_markets_traded=0.000  herfindahl_index_markets=0.000
10:51:35 [super]   #943   0xabd7bd56de366affe8b0796415fbae0cf198bcd9  prob=0.0296 (raw=0.0300)  vol=$55  trades=3  first_trade=2025-12-02 03:02  winrate=0.600  n_markets_traded=5.000  herfindahl_index_markets=0.289
10:51:35 [super]   #944   0x8b1f80020a5c010a52791ab3fd695ae74eca4eeb  prob=0.0296 (raw=0.0299)  vol=$17  trades=3  first_trade=2025-12-03 23:13  winrate=NaN  n_markets_traded=0.000  herfindahl_index_markets=0.000
10:51:35 [super]   #945   0x442d6cb25b2200682d6ba45050ca4cdb6356523e  prob=0.0296 (raw=0.0299)  vol=$259  trades=181  first_trade=2025-12-01 21:37  winrate=NaN  n_markets_traded=0.000  herfindahl_index_markets=0.000
10:51:35 [super]   #946   0x7a0c8c487bb826c89807996df33baae62ff7d8e4  prob=0.0296 (raw=0.0299)  vol=$50  trades=2  first_trade=2025-12-04 14:36  winrate=0.318  n_markets_traded=22.000  herfindahl_index_markets=0.092
10:51:35 [super]   #947   0x7b7e42d6ae3ecd7c30a631a94f8f35471b263ddc  prob=0.0296 (raw=0.0298)  vol=$13  trades=8  first_trade=2025-12-04 05:31  winrate=0.217  n_markets_traded=23.000  herfindahl_index_markets=0.237
10:51:35 [super]   #948   0x7c40df456a6295c376deef32ba9b9ae768dd3d64  prob=0.0296 (raw=0.0298)  vol=$18  trades=7  first_trade=2025-12-04 03:22  winrate=NaN  n_markets_traded=0.000  herfindahl_index_markets=0.000
10:51:35 [super]   #949   0x4cd054f1906c4766862ac3ddc47b96308fc281f6  prob=0.0295 (raw=0.0297)  vol=$955  trades=5  first_trade=2025-12-04 03:34  winrate=0.368  n_markets_traded=38.000  herfindahl_index_markets=0.124
10:51:35 [super]   #950   0x0a6d26d31b28fd5a84c301f8b27296612f3b1d0a  prob=0.0295 (raw=0.0296)  vol=$1,387  trades=49  first_trade=2025-11-30 11:10  winrate=NaN  n_markets_traded=0.000  herfindahl_index_markets=0.000
10:51:35 [super]   #951   0x9dab4638ac1d4f5666134d4cec8074c0c82f1bdf  prob=0.0295 (raw=0.0296)  vol=$13,229  trades=16  first_trade=2025-12-04 06:56  winrate=NaN  n_markets_traded=0.000  herfindahl_index_markets=0.000
10:51:35 [super]   #952   0x7d55db7ab659d63a88380ecfd15c4f852eb56014  prob=0.0295 (raw=0.0295)  vol=$1,667  trades=7  first_trade=2025-12-04 14:29  winrate=0.312  n_markets_traded=16.000  herfindahl_index_markets=0.114
10:51:35 [super]   #953   0x0231bd339ac0070ce49d24fcf71485c65019fdcd  prob=0.0295 (raw=0.0295)  vol=$15  trades=2  first_trade=2025-12-02 04:44  winrate=0.250  n_markets_traded=28.000  herfindahl_index_markets=0.076
10:51:35 [super]   #954   0x5a79e83ccb6b3c58b4730eeabb9115101f0f6296  prob=0.0295 (raw=0.0295)  vol=$8,019  trades=4  first_trade=2025-12-04 07:59  winrate=0.681  n_markets_traded=70.000  herfindahl_index_markets=0.095
10:51:35 [super]   #955   0xa5d36f9d6affc3c600b3ef5df929756054624278  prob=0.0295 (raw=0.0294)  vol=$91  trades=3  first_trade=2025-12-04 07:55  winrate=0.667  n_markets_traded=6.000  herfindahl_index_markets=0.290
10:51:35 [super]   #956   0x3e1207a1afe788ef0ea27603ad4fc1fc3a75dce7  prob=0.0295 (raw=0.0293)  vol=$10  trades=2  first_trade=2025-12-04 07:47  winrate=0.667  n_markets_traded=30.000  herfindahl_index_markets=0.042
10:51:35 [super]   #957   0x45817e731cf1647dacc4731e46b13dafafdc14cb  prob=0.0295 (raw=0.0292)  vol=$1,000  trades=2  first_trade=2025-12-05 04:06  winrate=0.000  n_markets_traded=4.000  herfindahl_index_markets=0.313
10:51:35 [super]   #958   0x29efb149c85a53729c266b7918bfa921a70dddda  prob=0.0295 (raw=0.0291)  vol=$40  trades=5  first_trade=2025-12-01 20:50  winrate=NaN  n_markets_traded=0.000  herfindahl_index_markets=0.000
10:51:35 [super]   #959   0x1defe5ac6b3422d8ee0237441a6417830416a761  prob=0.0295 (raw=0.0291)  vol=$1,000  trades=2  first_trade=2025-12-04 17:03  winrate=0.250  n_markets_traded=4.000  herfindahl_index_markets=0.280
10:51:35 [super]   #960   0x23f61f1942030c570b5272ccf94d0dbe46e556b7  prob=0.0295 (raw=0.0291)  vol=$2,000  trades=2  first_trade=2025-12-05 15:52  winrate=0.154  n_markets_traded=13.000  herfindahl_index_markets=0.136
10:51:35 [super]   #961   0x025ad7b15fc6bed8107faebba4f44aec2d39b035  prob=0.0295 (raw=0.0291)  vol=$10  trades=2  first_trade=2025-12-05 07:07  winrate=0.167  n_markets_traded=48.000  herfindahl_index_markets=0.048
10:51:35 [super]   #962   0xa5e8bb6b2e6e6bbe96d21bba2a3cec4511fee471  prob=0.0295 (raw=0.0291)  vol=$10  trades=3  first_trade=2025-12-04 06:24  winrate=0.125  n_markets_traded=40.000  herfindahl_index_markets=0.119
10:51:35 [super]   #963   0x7e30c3a56d89edac738d788dd218a9e64fb91e50  prob=0.0295 (raw=0.0289)  vol=$272,380  trades=15  first_trade=2025-12-04 03:51  winrate=NaN  n_markets_traded=0.000  herfindahl_index_markets=0.000
10:51:35 [super]   #964   0xc8ad354754b68db0229457b023b7f558b257be4e  prob=0.0294 (raw=0.0289)  vol=$152  trades=8  first_trade=2025-12-03 17:37  winrate=NaN  n_markets_traded=0.000  herfindahl_index_markets=0.000
10:51:35 [super]   #965   0xb6527026f8836831d6b60fa9d307f72e098f6eb7  prob=0.0294 (raw=0.0289)  vol=$1,024  trades=8  first_trade=2025-12-06 01:25  winrate=0.000  n_markets_traded=1.000  herfindahl_index_markets=1.000
10:51:35 [super]   #966   0x888d31e6e0de77819952937fdcc1ba7a2db8de2d  prob=0.0294 (raw=0.0288)  vol=$2  trades=2  first_trade=2025-12-04 08:53  winrate=0.000  n_markets_traded=1.000  herfindahl_index_markets=1.000
10:51:35 [super]   #967   0x382546eeb97093129ebbefaec2fa76b26ae30ff7  prob=0.0294 (raw=0.0288)  vol=$33  trades=4  first_trade=2025-12-04 06:59  winrate=0.333  n_markets_traded=18.000  herfindahl_index_markets=0.116
10:51:35 [super]   #968   0xe29a76c88e8c2058a7cfa3c1b2c12c50cd67c56f  prob=0.0294 (raw=0.0287)  vol=$6  trades=4  first_trade=2025-12-04 07:02  winrate=0.321  n_markets_traded=56.000  herfindahl_index_markets=0.051
10:51:35 [super]   #969   0xa553287f99189797e991cd2b2eac08130ae13eae  prob=0.0294 (raw=0.0287)  vol=$3,483  trades=4  first_trade=2025-12-04 06:21  winrate=0.245  n_markets_traded=102.000  herfindahl_index_markets=0.031
10:51:35 [super]   #970   0x4d7b8dee7249a16d14b48bb4ea27361bc7911605  prob=0.0294 (raw=0.0287)  vol=$2,267  trades=4  first_trade=2025-12-05 04:44  winrate=0.312  n_markets_traded=16.000  herfindahl_index_markets=0.103
10:51:35 [super]   #971   0x90f30fa52c92a08652133d42767e465a89ac6caf  prob=0.0294 (raw=0.0287)  vol=$2  trades=2  first_trade=2025-12-04 08:53  winrate=0.342  n_markets_traded=38.000  herfindahl_index_markets=0.086
10:51:35 [super]   #972   0x6ae8017e0ae8dccc22312ed6e378c875047e0e50  prob=0.0294 (raw=0.0287)  vol=$6,667  trades=2  first_trade=2025-12-04 10:07  winrate=0.282  n_markets_traded=142.000  herfindahl_index_markets=0.027
10:51:35 [super]   #973   0x5d358ae9cc33da4319ee679945d4c1889df4cba3  prob=0.0294 (raw=0.0287)  vol=$250  trades=2  first_trade=2025-12-04 10:23  winrate=0.304  n_markets_traded=23.000  herfindahl_index_markets=0.099
10:51:35 [super]   #974   0x29280e13fb143b4dce313e34455d3eb732a8e5a0  prob=0.0294 (raw=0.0287)  vol=$250  trades=2  first_trade=2025-12-04 13:38  winrate=0.318  n_markets_traded=22.000  herfindahl_index_markets=0.118
10:51:35 [super]   #975   0xb2f5e998b49e5ca04ef864d465e14dbfe47d67ab  prob=0.0294 (raw=0.0287)  vol=$1,000  trades=2  first_trade=2025-12-04 17:25  winrate=0.000  n_markets_traded=3.000  herfindahl_index_markets=0.360
10:51:35 [super]   #976   0x79a5b3c577c544da9551eb70754b2d4de3db6a63  prob=0.0294 (raw=0.0287)  vol=$1,345  trades=3  first_trade=2025-12-04 05:59  winrate=0.444  n_markets_traded=125.000  herfindahl_index_markets=0.034
10:51:35 [super]   #977   0xb33078116a74d5418c1680367512590254969f72  prob=0.0294 (raw=0.0287)  vol=$100  trades=2  first_trade=2025-12-04 08:46  winrate=0.167  n_markets_traded=18.000  herfindahl_index_markets=0.329
10:51:35 [super]   #978   0xde71cb1b32196575da8f8ace492db0b6e9644308  prob=0.0294 (raw=0.0286)  vol=$914  trades=4  first_trade=2025-12-04 17:29  winrate=NaN  n_markets_traded=0.000  herfindahl_index_markets=0.000
10:51:35 [super]   #979   0x6a0fda946715c9d9337d2bb1dc12ae254f61601a  prob=0.0294 (raw=0.0285)  vol=$2,000  trades=2  first_trade=2025-12-04 15:47  winrate=0.030  n_markets_traded=33.000  herfindahl_index_markets=0.086
10:51:35 [super]   #980   0x6581c59751aa4a338e2fb2c8a59e9a2f8a498455  prob=0.0294 (raw=0.0285)  vol=$15,000  trades=4  first_trade=2025-12-06 10:06  winrate=0.000  n_markets_traded=35.000  herfindahl_index_markets=0.033
10:51:35 [super]   #981   0x9b873282661a0149e11f1be2b7b8f717ccee5f1d  prob=0.0294 (raw=0.0284)  vol=$696  trades=4  first_trade=2025-12-04 07:39  winrate=0.206  n_markets_traded=34.000  herfindahl_index_markets=0.088
10:51:35 [super]   #982   0x86fdf8a4f477d68455c79eabe5b9ea7b05dd8002  prob=0.0294 (raw=0.0284)  vol=$5,020  trades=11  first_trade=2025-12-04 17:46  winrate=0.167  n_markets_traded=42.000  herfindahl_index_markets=0.113
10:51:35 [super]   #983   0x67f9ac55ba4f65542be8613b76d1f136a369d241  prob=0.0294 (raw=0.0284)  vol=$57,322  trades=65  first_trade=2025-12-04 07:32  winrate=0.000  n_markets_traded=6.000  herfindahl_index_markets=0.471
10:51:35 [super]   #984   0x582d1d4fcf6db1034095de81af146ddb510494b7  prob=0.0294 (raw=0.0284)  vol=$8,333  trades=4  first_trade=2025-12-04 06:36  winrate=0.516  n_markets_traded=31.000  herfindahl_index_markets=0.216
10:51:35 [super]   #985   0xdc52599a7af09010960e71b1ab5cea0502e7756d  prob=0.0294 (raw=0.0283)  vol=$457  trades=4  first_trade=2025-12-04 07:44  winrate=0.162  n_markets_traded=68.000  herfindahl_index_markets=0.028
10:51:35 [super]   #986   0x6a9dd74259a6c6fb6bf3da497b707b8575fd373e  prob=0.0294 (raw=0.0283)  vol=$250  trades=2  first_trade=2025-12-05 09:41  winrate=0.108  n_markets_traded=120.000  herfindahl_index_markets=0.042
10:51:35 [super]   #987   0x3fd60d21f93d486b7d3ad78237c2364fa25f74fd  prob=0.0294 (raw=0.0283)  vol=$5  trades=1  first_trade=2025-12-04 13:40  winrate=0.130  n_markets_traded=23.000  herfindahl_index_markets=0.068
10:51:35 [super]   #988   0x65fb8e061dd544d6a752f7d94b71d9e58ae13e89  prob=0.0294 (raw=0.0283)  vol=$204  trades=6  first_trade=2025-12-04 09:07  winrate=0.116  n_markets_traded=172.000  herfindahl_index_markets=0.056
10:51:35 [super]   #989   0x9f5410f21eefbaeb16f1b590dcaa3875f4b6adfe  prob=0.0294 (raw=0.0282)  vol=$1,000  trades=2  first_trade=2025-12-05 14:30  winrate=0.459  n_markets_traded=61.000  herfindahl_index_markets=0.267
10:51:35 [super]   #990   0x4762717950bca144a674f4c55da197485fe8c727  prob=0.0294 (raw=0.0281)  vol=$1  trades=2  first_trade=2025-12-05 07:44  winrate=0.450  n_markets_traded=20.000  herfindahl_index_markets=0.212
10:51:35 [super]   #991   0xe92ea47ee860319a5eb168336a38b1158418b0a8  prob=0.0294 (raw=0.0281)  vol=$1,000  trades=2  first_trade=2025-12-04 16:53  winrate=0.000  n_markets_traded=4.000  herfindahl_index_markets=0.280
10:51:35 [super]   #992   0x40338352c7e2a0144c019bfbd465e4f4faf047c3  prob=0.0294 (raw=0.0281)  vol=$1,000  trades=2  first_trade=2025-12-04 17:07  winrate=0.000  n_markets_traded=4.000  herfindahl_index_markets=0.280
10:51:35 [super]   #993   0x439252e3d8e1a7bd1495f77dcf53af5d08ef68c3  prob=0.0293 (raw=0.0280)  vol=$3,066  trades=7  first_trade=2025-12-04 02:51  winrate=0.725  n_markets_traded=218.000  herfindahl_index_markets=0.022
10:51:35 [super]   #994   0xcf73add1c409656c18b3d44b2e2aed28d6cbc54f  prob=0.0293 (raw=0.0280)  vol=$68,614  trades=207  first_trade=2025-11-30 00:06  winrate=0.059  n_markets_traded=17.000  herfindahl_index_markets=0.170
10:51:35 [super]   #995   0x1139d23e84a60d1ed709738cffeb72403aaa82f1  prob=0.0293 (raw=0.0278)  vol=$2  trades=2  first_trade=2025-12-04 06:33  winrate=0.390  n_markets_traded=41.000  herfindahl_index_markets=0.071
10:51:35 [super]   #996   0x7fe68cbaca0b778dab7c1adbb9992bb1f4f6b39e  prob=0.0293 (raw=0.0278)  vol=$210,001  trades=52  first_trade=2025-12-04 07:46  winrate=0.500  n_markets_traded=17.000  herfindahl_index_markets=0.133
10:51:35 [super]   #997   0xfde9f8214959b66648aa7479594c53a53ad31883  prob=0.0293 (raw=0.0278)  vol=$335  trades=4  first_trade=2025-12-04 16:32  winrate=0.056  n_markets_traded=18.000  herfindahl_index_markets=0.148
10:51:35 [super]   #998   0xeb58e26e51169b71d00f3beface74ffe1ddd6fa5  prob=0.0293 (raw=0.0278)  vol=$2,607  trades=2  first_trade=2025-12-06 01:40  winrate=0.696  n_markets_traded=92.000  herfindahl_index_markets=0.032
10:51:35 [super]   #999   0xecef7a84f071df83cd6a8c40561ac2f8f28275fa  prob=0.0293 (raw=0.0276)  vol=$30  trades=4  first_trade=2025-12-04 13:21  winrate=0.515  n_markets_traded=97.000  herfindahl_index_markets=0.025
10:51:35 [super]   #1000  0xc2ba15be2190b2d5716ced326df9672eba623d9c  prob=0.0293 (raw=0.0276)  vol=$65  trades=16  first_trade=2025-12-04 04:56  winrate=NaN  n_markets_traded=0.000  herfindahl_index_markets=0.000
10:51:35 [super]   #1001  0xcf9555cef256c96a91dd4cd6c3a159c033867865  prob=0.0293 (raw=0.0276)  vol=$201  trades=6  first_trade=2025-12-01 22:39  winrate=NaN  n_markets_traded=0.000  herfindahl_index_markets=0.000
10:51:35 [super]   #1002  0x2d99e29c4f066ba32098c65e4c7454b277d94ca3  prob=0.0293 (raw=0.0276)  vol=$144,342  trades=49  first_trade=2025-12-04 06:47  winrate=NaN  n_markets_traded=0.000  herfindahl_index_markets=0.000
10:51:35 [super]   #1003  0xd1c769317bd15de7768a70d0214cf0bbcc531d2b  prob=0.0293 (raw=0.0275)  vol=$33,925  trades=15  first_trade=2025-12-07 19:41  winrate=NaN  n_markets_traded=0.000  herfindahl_index_markets=0.000
10:51:35 [super]   #1004  0x551e72eda42a5ab39d6d78239a1d9bbb5db6b0e0  prob=0.0293 (raw=0.0275)  vol=$153,997  trades=55  first_trade=2025-12-04 03:35  winrate=0.804  n_markets_traded=91.000  herfindahl_index_markets=0.074
10:51:35 [super]   #1005  0xc31a1cd1e8310c829cdaffb1e01a9c0e7837174e  prob=0.0293 (raw=0.0275)  vol=$210  trades=5  first_trade=2025-12-03 17:13  winrate=0.422  n_markets_traded=116.000  herfindahl_index_markets=0.024
10:51:35 [super]   #1006  0x602365146ff9d7076bcc5f4c6df82e0dff5dbcd6  prob=0.0293 (raw=0.0275)  vol=$6  trades=4  first_trade=2025-12-04 20:37  winrate=0.000  n_markets_traded=1.000  herfindahl_index_markets=1.000
10:51:35 [super]   #1007  0xa90d480163efb1f095d6dce479590a0f5e22441a  prob=0.0293 (raw=0.0274)  vol=$10,000  trades=2  first_trade=2025-12-06 13:15  winrate=0.048  n_markets_traded=21.000  herfindahl_index_markets=0.243
10:51:35 [super]   #1008  0x536f72459586685f9105e950cc04c973e1e88ad2  prob=0.0293 (raw=0.0274)  vol=$50  trades=6  first_trade=2025-12-02 13:19  winrate=0.222  n_markets_traded=18.000  herfindahl_index_markets=0.112
10:51:35 [super]   #1009  0xaee24b1b80b54ef42f8318e32ee59f7a8427f063  prob=0.0293 (raw=0.0273)  vol=$1  trades=2  first_trade=2025-12-05 06:36  winrate=0.000  n_markets_traded=1.000  herfindahl_index_markets=1.000
10:51:35 [super]   #1010  0x564f22744b7941ade18d5e0e4f347c30e3057026  prob=0.0292 (raw=0.0271)  vol=$495  trades=9  first_trade=2025-12-01 16:07  winrate=NaN  n_markets_traded=0.000  herfindahl_index_markets=0.000
10:51:35 [super]   #1011  0x2007056140b4bed918fb1277810b9a3335fa25d2  prob=0.0292 (raw=0.0271)  vol=$82  trades=5  first_trade=2025-12-04 07:43  winrate=0.400  n_markets_traded=5.000  herfindahl_index_markets=0.307
10:51:35 [super]   #1012  0x5ac8b87cf0a10cf01808648c30579c2a556b1b12  prob=0.0292 (raw=0.0271)  vol=$57  trades=4  first_trade=2025-12-05 06:42  winrate=0.000  n_markets_traded=6.000  herfindahl_index_markets=0.301
10:51:35 [super]   #1013  0x8f1cd779e0762d1711713168a71c1953b80f0834  prob=0.0292 (raw=0.0271)  vol=$3  trades=2  first_trade=2025-12-05 11:19  winrate=0.542  n_markets_traded=24.000  herfindahl_index_markets=0.152
10:51:35 [super]   #1014  0x7edd35f6fea8a2605f14d64c6e34a09d36987450  prob=0.0292 (raw=0.0271)  vol=$1  trades=2  first_trade=2025-12-04 16:11  winrate=0.000  n_markets_traded=1.000  herfindahl_index_markets=1.000
10:51:35 [super]   #1015  0x05098cd8259793c606134d7e33ae988709d7afe1  prob=0.0292 (raw=0.0270)  vol=$1,305  trades=4  first_trade=2025-12-05 09:32  winrate=0.143  n_markets_traded=21.000  herfindahl_index_markets=0.106
10:51:35 [super]   #1016  0x92c92e55d4621f7051edb5eedbc1b669291164d1  prob=0.0292 (raw=0.0270)  vol=$274  trades=48  first_trade=2025-12-04 03:17  winrate=0.408  n_markets_traded=344.000  herfindahl_index_markets=0.014
10:51:35 [super]   #1017  0xf5b4adda2310d05d7d7e9e685943b88dad289c70  prob=0.0292 (raw=0.0270)  vol=$13,356  trades=10  first_trade=2025-12-04 06:58  winrate=0.474  n_markets_traded=19.000  herfindahl_index_markets=0.199
10:51:35 [super]   #1018  0x01ed5c64d1d8905afd7917d75a5652665f5cca5f  prob=0.0292 (raw=0.0269)  vol=$6,790  trades=32  first_trade=2025-12-04 03:34  winrate=NaN  n_markets_traded=0.000  herfindahl_index_markets=0.000
10:51:35 [super]   #1019  0x798db2c906a27053cbe0a6b96bb6ff76d4961794  prob=0.0292 (raw=0.0269)  vol=$20  trades=2  first_trade=2025-12-04 08:03  winrate=0.623  n_markets_traded=61.000  herfindahl_index_markets=0.051
10:51:35 [super]   #1020  0x3f3f747bbabb6eb97174c687f2a89ea32dd9c912  prob=0.0292 (raw=0.0269)  vol=$943  trades=3  first_trade=2025-12-05 00:52  winrate=0.500  n_markets_traded=6.000  herfindahl_index_markets=0.236
10:51:35 [super]   #1021  0x8982878a75eda3194e86edc36c9cdfe5bcdcc29a  prob=0.0292 (raw=0.0268)  vol=$314  trades=4  first_trade=2025-12-04 05:50  winrate=0.095  n_markets_traded=21.000  herfindahl_index_markets=0.280
10:51:35 [super]   #1022  0x3c85426acf73ac8e17f39ca34a3a1c67df650790  prob=0.0292 (raw=0.0267)  vol=$40  trades=4  first_trade=2025-12-04 05:09  winrate=0.000  n_markets_traded=2.000  herfindahl_index_markets=0.722
10:51:35 [super]   #1023  0x2ac2a68f2c41b6c1e0b05909eda8effe9d1d9895  prob=0.0292 (raw=0.0267)  vol=$563  trades=3  first_trade=2025-12-02 06:31  winrate=0.464  n_markets_traded=28.000  herfindahl_index_markets=0.247
10:51:35 [super]   #1024  0x114d9ff27a12e2a71aa3e6262713256e91df661f  prob=0.0292 (raw=0.0266)  vol=$101  trades=3  first_trade=2025-12-03 04:45  winrate=0.606  n_markets_traded=66.000  herfindahl_index_markets=0.048
10:51:35 [super]   #1025  0x43af6e5c4ae85628df415180283f07b34d0af333  prob=0.0292 (raw=0.0266)  vol=$39  trades=12  first_trade=2025-12-01 02:41  winrate=0.152  n_markets_traded=33.000  herfindahl_index_markets=0.043
10:51:35 [super]   #1026  0x2cc28a0697258156e436730b950fa3e3775af1f3  prob=0.0292 (raw=0.0266)  vol=$29  trades=9  first_trade=2025-12-01 03:48  winrate=0.077  n_markets_traded=39.000  herfindahl_index_markets=0.035
10:51:35 [super]   #1027  0x8dd1ec3e06f48322b192ab5ccda8227dd221aaaf  prob=0.0292 (raw=0.0266)  vol=$19  trades=6  first_trade=2025-12-01 08:18  winrate=0.114  n_markets_traded=44.000  herfindahl_index_markets=0.031
10:51:35 [super]   #1028  0xe45225de679b3da81b068227b3bef39f6bdc110d  prob=0.0292 (raw=0.0266)  vol=$73  trades=23  first_trade=2025-12-01 02:33  winrate=0.171  n_markets_traded=35.000  herfindahl_index_markets=0.038
10:51:35 [super]   #1029  0x9b8342b6eb9ee38acb1a4d75c5609b99cb531595  prob=0.0292 (raw=0.0266)  vol=$29  trades=9  first_trade=2025-12-01 03:48  winrate=0.091  n_markets_traded=33.000  herfindahl_index_markets=0.041
10:51:35 [super]   #1030  0xa2423bf6fbb4de39c028c8ef7fc4df5be55c34ef  prob=0.0292 (raw=0.0265)  vol=$333  trades=2  first_trade=2025-12-05 21:52  winrate=0.000  n_markets_traded=15.000  herfindahl_index_markets=0.110
10:51:35 [super]   #1031  0xea4f986e34f9620c150f6df777c9685636c4f77e  prob=0.0292 (raw=0.0265)  vol=$500  trades=2  first_trade=2025-12-04 14:58  winrate=0.055  n_markets_traded=55.000  herfindahl_index_markets=0.100
10:51:35 [super]   #1032  0x46d34c6052bbb4443b1749e45879f39d48b814bb  prob=0.0292 (raw=0.0265)  vol=$1,591  trades=6  first_trade=2025-12-04 05:30  winrate=0.310  n_markets_traded=29.000  herfindahl_index_markets=0.095
10:51:35 [super]   #1033  0x0e4b48bbcd0868659d9296869d62e819fd06db7e  prob=0.0291 (raw=0.0264)  vol=$57  trades=13  first_trade=2025-12-04 05:11  winrate=0.000  n_markets_traded=1.000  herfindahl_index_markets=1.000
10:51:35 [super]   #1034  0xc6550dd20bbb7b7a80c70d66e691cbe41f35c1ee  prob=0.0291 (raw=0.0263)  vol=$500  trades=4  first_trade=2025-12-04 10:41  winrate=0.651  n_markets_traded=43.000  herfindahl_index_markets=0.030
10:51:35 [super]   #1035  0x5448227a1c2a106ba44fa037f836962280ef18e9  prob=0.0291 (raw=0.0263)  vol=$1,906  trades=4  first_trade=2025-12-04 22:25  winrate=0.043  n_markets_traded=23.000  herfindahl_index_markets=0.789
10:51:35 [super]   #1036  0xe788f302cb41f6a8cc06aad7a55d3d1c2367a272  prob=0.0291 (raw=0.0261)  vol=$2  trades=2  first_trade=2025-12-04 10:58  winrate=0.379  n_markets_traded=29.000  herfindahl_index_markets=0.134
10:51:35 [super]   #1037  0x43a9678bb6338a781bc4a812c203c8ca2f6ab8ba  prob=0.0291 (raw=0.0260)  vol=$49  trades=15  first_trade=2025-12-01 02:33  winrate=0.061  n_markets_traded=33.000  herfindahl_index_markets=0.044
10:51:35 [super]   #1038  0x8eb52f46d32d4c179d3183297851a4e41a437217  prob=0.0291 (raw=0.0260)  vol=$10  trades=3  first_trade=2025-12-01 02:41  winrate=0.061  n_markets_traded=33.000  herfindahl_index_markets=0.040
10:51:35 [super]   #1039  0x86420e4eacf64cadedae09b87d4b21e756a032a7  prob=0.0291 (raw=0.0260)  vol=$88  trades=27  first_trade=2025-12-01 02:33  winrate=0.000  n_markets_traded=33.000  herfindahl_index_markets=0.046
10:51:35 [super]   #1040  0xb826e1997a23ff14f8144f92877685f131c62606  prob=0.0291 (raw=0.0258)  vol=$871  trades=21  first_trade=2025-12-02 12:29  winrate=0.359  n_markets_traded=128.000  herfindahl_index_markets=0.074
10:51:35 [super]   #1041  0x5185a06eeeb0184c60c89180fdc9604d488d79e6  prob=0.0291 (raw=0.0258)  vol=$1,767  trades=29  first_trade=2025-12-04 05:22  winrate=0.356  n_markets_traded=720.000  herfindahl_index_markets=0.019
10:51:35 [super]   #1042  0xb48b9192dc52eed724fa58c66fa8926d06a3648e  prob=0.0291 (raw=0.0257)  vol=$191  trades=3  first_trade=2025-11-30 19:31  winrate=0.105  n_markets_traded=795.000  herfindahl_index_markets=0.020
10:51:35 [super]   #1043  0xad1c4da65363b43cdee3b43f3b1a5e1142d99d90  prob=0.0291 (raw=0.0257)  vol=$29,333  trades=6  first_trade=2025-12-04 03:53  winrate=0.571  n_markets_traded=14.000  herfindahl_index_markets=0.168
10:51:35 [super]   #1044  0x0da462636b228293849aac34c18577244775edde  prob=0.0290 (raw=0.0256)  vol=$11  trades=2  first_trade=2025-11-30 17:04  winrate=0.705  n_markets_traded=85.000  herfindahl_index_markets=0.234
10:51:35 [super]   #1045  0xc9ea8f2daa4e4b6ef010889a112d524b2bfc2203  prob=0.0290 (raw=0.0255)  vol=$1  trades=2  first_trade=2025-12-05 08:33  winrate=0.615  n_markets_traded=26.000  herfindahl_index_markets=0.115
10:51:35 [super]   #1046  0x04a6b66b39da6206356b37d2447962c256f69f87  prob=0.0290 (raw=0.0255)  vol=$3  trades=2  first_trade=2025-12-05 09:30  winrate=0.708  n_markets_traded=24.000  herfindahl_index_markets=0.091
10:51:35 [super]   #1047  0x0a3502758e5df134ce95212b7c3388ac64d20d46  prob=0.0290 (raw=0.0254)  vol=$6  trades=2  first_trade=2025-12-04 05:11  winrate=NaN  n_markets_traded=0.000  herfindahl_index_markets=0.000
10:51:35 [super]   #1048  0xc3ada355f65bab68b95d65d28a7504d454863581  prob=0.0290 (raw=0.0254)  vol=$79  trades=7  first_trade=2025-12-03 16:54  winrate=0.173  n_markets_traded=139.000  herfindahl_index_markets=0.029
10:51:35 [super]   #1049  0x357ecb1969b0a288d37e6a28223e620ef2082a0c  prob=0.0290 (raw=0.0254)  vol=$134,997  trades=35  first_trade=2025-12-04 03:24  winrate=NaN  n_markets_traded=0.000  herfindahl_index_markets=0.000
10:51:35 [super]   #1050  0x2ed40b79c8a65e1b2ccb95689977e65ddac4ac30  prob=0.0290 (raw=0.0254)  vol=$300  trades=4  first_trade=2025-12-04 09:30  winrate=0.633  n_markets_traded=30.000  herfindahl_index_markets=0.122
10:51:35 [super]   #1051  0x30cecdf29f069563ea21b8ae94492e41e53a6b2b  prob=0.0290 (raw=0.0254)  vol=$2,787  trades=297  first_trade=2025-11-26 20:02  winrate=NaN  n_markets_traded=0.000  herfindahl_index_markets=0.000
10:51:35 [super]   #1052  0x8310bbf5ba070c64494fb7f01ee82b73a6d6d990  prob=0.0290 (raw=0.0254)  vol=$2  trades=2  first_trade=2025-12-05 07:29  winrate=NaN  n_markets_traded=0.000  herfindahl_index_markets=0.000
10:51:35 [super]   #1053  0xe7cfca5e480c9ca8c6dae212cd822144f57d47bf  prob=0.0290 (raw=0.0254)  vol=$2,000  trades=8  first_trade=2025-12-05 11:42  winrate=0.846  n_markets_traded=13.000  herfindahl_index_markets=0.225
10:51:35 [super]   #1054  0xb4bf2188b41a2f38daeb8dd6b49cf98398dceab4  prob=0.0290 (raw=0.0253)  vol=$4,213  trades=8  first_trade=2025-12-04 05:49  winrate=0.000  n_markets_traded=3.000  herfindahl_index_markets=0.457
10:51:35 [super]   #1055  0xc2a37f1eb84fcc156c8aece9105dc1a73a36c3a6  prob=0.0290 (raw=0.0252)  vol=$6,101  trades=14  first_trade=2025-12-02 02:27  winrate=0.510  n_markets_traded=128.000  herfindahl_index_markets=0.153
10:51:35 [super]   #1056  0xf164b5ed2724c4b1af8b5e08199ca679647cb99c  prob=0.0290 (raw=0.0251)  vol=$7,294  trades=13  first_trade=2025-12-04 07:56  winrate=0.318  n_markets_traded=43.000  herfindahl_index_markets=0.078
10:51:35 [super]   #1057  0x41f20a177751b3d0746617b31eeb02e84b80d8ef  prob=0.0290 (raw=0.0251)  vol=$356  trades=16  first_trade=2025-11-30 01:16  winrate=NaN  n_markets_traded=0.000  herfindahl_index_markets=0.000
10:51:35 [super]   #1058  0xf8be921a7922a4d22280cc6fdf8eefeff6ddc8d1  prob=0.0290 (raw=0.0251)  vol=$9,191  trades=36  first_trade=2025-12-02 16:12  winrate=NaN  n_markets_traded=0.000  herfindahl_index_markets=0.000
10:51:35 [super]   #1059  0x91ab0798049bab210ef31d908593f6635e56740c  prob=0.0290 (raw=0.0251)  vol=$26  trades=2  first_trade=2025-12-05 11:25  winrate=0.500  n_markets_traded=8.000  herfindahl_index_markets=0.166
10:51:35 [super]   #1060  0x449699d3340a5d12346dd61a418cd3f552a07865  prob=0.0290 (raw=0.0251)  vol=$1  trades=2  first_trade=2025-12-05 07:19  winrate=0.682  n_markets_traded=22.000  herfindahl_index_markets=0.160
10:51:35 [super]   #1061  0xc06f7c119fe36ac6eca1a0c8d5b00d2c47c34b0f  prob=0.0290 (raw=0.0251)  vol=$200  trades=3  first_trade=2025-12-04 21:19  winrate=0.562  n_markets_traded=32.000  herfindahl_index_markets=0.163
10:51:35 [super]   #1062  0x65eb551a1bf8e9682fa366b5949058040da87b05  prob=0.0290 (raw=0.0250)  vol=$6  trades=4  first_trade=2025-11-27 03:11  winrate=0.333  n_markets_traded=24.000  herfindahl_index_markets=0.247
10:51:35 [super]   #1063  0x6eced80c49d74235b1f2b364549f7b70bde73a17  prob=0.0290 (raw=0.0249)  vol=$1  trades=2  first_trade=2025-12-05 06:41  winrate=0.861  n_markets_traded=36.000  herfindahl_index_markets=0.086
10:51:35 [super]   #1064  0xee292e8cbca9cf11b394a98f0ee6904c00e389d8  prob=0.0290 (raw=0.0249)  vol=$1,352  trades=42  first_trade=2025-11-30 17:08  winrate=NaN  n_markets_traded=0.000  herfindahl_index_markets=0.000
10:51:35 [super]   #1065  0xad06035a5529de3e750239bc334f7ab1f28d2dfa  prob=0.0289 (raw=0.0248)  vol=$12,495  trades=37  first_trade=2025-12-02 21:04  winrate=NaN  n_markets_traded=0.000  herfindahl_index_markets=0.000
10:51:35 [super]   #1066  0xa09c9663ee39d05323eabcd22c0e6389e0e3f710  prob=0.0289 (raw=0.0248)  vol=$1,321  trades=4  first_trade=2025-12-04 03:36  winrate=0.804  n_markets_traded=497.000  herfindahl_index_markets=0.011
10:51:35 [super]   #1067  0xf02105d60083d7d74d7e0f9785d79e06137cdf56  prob=0.0289 (raw=0.0247)  vol=$1,177  trades=7  first_trade=2025-12-04 06:37  winrate=NaN  n_markets_traded=0.000  herfindahl_index_markets=0.000
10:51:35 [super]   #1068  0xe88bf2f3a827a110eada37c59419b109bc07f99f  prob=0.0289 (raw=0.0247)  vol=$9,030  trades=6  first_trade=2025-12-04 04:17  winrate=0.571  n_markets_traded=28.000  herfindahl_index_markets=0.143
10:51:35 [super]   #1069  0x7e4a945419cd689e22046f57fdca2d8ae290a4e4  prob=0.0289 (raw=0.0246)  vol=$103  trades=12  first_trade=2025-12-02 18:33  winrate=0.143  n_markets_traded=14.000  herfindahl_index_markets=0.605
10:51:35 [super]   #1070  0x24da66d14266661f0e3b37ac0176f96adc826f1c  prob=0.0289 (raw=0.0246)  vol=$1,000  trades=2  first_trade=2025-12-04 17:05  winrate=0.200  n_markets_traded=5.000  herfindahl_index_markets=0.224
10:51:35 [super]   #1071  0x438ed5bed99bc6b517e9b5a22ad3ee9e21d9e08e  prob=0.0289 (raw=0.0246)  vol=$78,643  trades=24  first_trade=2025-12-04 06:25  winrate=NaN  n_markets_traded=0.000  herfindahl_index_markets=0.000
10:51:35 [super]   #1072  0xb3c02303fa5d363159e5e1ea87ac517569ef4bf8  prob=0.0289 (raw=0.0245)  vol=$2,487  trades=5  first_trade=2025-12-05 00:15  winrate=0.274  n_markets_traded=62.000  herfindahl_index_markets=0.055
10:51:35 [super]   #1073  0xed2a5f3492bbb273eb066f7417369a36c8106074  prob=0.0289 (raw=0.0245)  vol=$200  trades=4  first_trade=2025-12-05 01:53  winrate=0.329  n_markets_traded=73.000  herfindahl_index_markets=0.476
10:51:35 [super]   #1074  0x5be78e99197891cd5b07c432d1ab7eba50b1d440  prob=0.0289 (raw=0.0244)  vol=$40  trades=4  first_trade=2025-12-04 03:41  winrate=0.795  n_markets_traded=535.000  herfindahl_index_markets=0.013
10:51:35 [super]   #1075  0x8f7bb1d97c28278e28943b8481f1a1651605154b  prob=0.0289 (raw=0.0244)  vol=$203,549  trades=109  first_trade=2025-12-03 16:28  winrate=0.509  n_markets_traded=111.000  herfindahl_index_markets=0.040
10:51:35 [super]   #1076  0x382a9d45915bb4b55f2b21e4debc813a0f3ddc85  prob=0.0289 (raw=0.0243)  vol=$102  trades=4  first_trade=2025-12-04 06:28  winrate=0.333  n_markets_traded=9.000  herfindahl_index_markets=0.318
10:51:35 [super]   #1077  0x33ec3edc5082a54c1e2dba669953db36a768d084  prob=0.0289 (raw=0.0243)  vol=$1,593  trades=8  first_trade=2025-12-04 22:53  winrate=0.000  n_markets_traded=2.000  herfindahl_index_markets=0.592
10:51:35 [super]   #1078  0xb7024031041d69633992c0d5b5e95f61bfaeec9e  prob=0.0289 (raw=0.0243)  vol=$31  trades=4  first_trade=2025-11-27 06:43  winrate=0.308  n_markets_traded=13.000  herfindahl_index_markets=0.435
10:51:35 [super]   #1079  0xee91fe99a27056432eb6a7960b900a58f8ce7eb9  prob=0.0289 (raw=0.0243)  vol=$1  trades=2  first_trade=2025-12-03 21:51  winrate=NaN  n_markets_traded=0.000  herfindahl_index_markets=0.000
10:51:35 [super]   #1080  0x64ad1f7bef50cbf11093553aafb94379af713050  prob=0.0289 (raw=0.0242)  vol=$1,188  trades=5  first_trade=2025-12-04 11:09  winrate=0.794  n_markets_traded=356.000  herfindahl_index_markets=0.011
10:51:35 [super]   #1081  0xd45dee68e7b299a8d957ce987ef7215063599145  prob=0.0289 (raw=0.0242)  vol=$410  trades=3  first_trade=2025-12-04 11:16  winrate=0.714  n_markets_traded=21.000  herfindahl_index_markets=0.075
10:51:35 [super]   #1082  0xde358407c61ea4ed169f19ca5a27f9e88e18e2ff  prob=0.0289 (raw=0.0241)  vol=$10,000  trades=2  first_trade=2025-12-04 18:33  winrate=0.160  n_markets_traded=25.000  herfindahl_index_markets=0.095
10:51:35 [super]   #1083  0x2783e38aa7b7d1ba8a7f3cef36bed993f3138321  prob=0.0289 (raw=0.0241)  vol=$4,984  trades=7  first_trade=2025-12-04 08:17  winrate=0.514  n_markets_traded=137.000  herfindahl_index_markets=0.113
10:51:35 [super]   #1084  0x72a03dbdd6a2b7258a0e542090e20c71c6be3ddf  prob=0.0289 (raw=0.0241)  vol=$2,000  trades=8  first_trade=2025-12-04 17:16  winrate=0.188  n_markets_traded=16.000  herfindahl_index_markets=0.155
10:51:35 [super]   #1085  0xf5bd0f1e561a14bb1b527e3b06d59989ae17169a  prob=0.0289 (raw=0.0240)  vol=$4,004  trades=10  first_trade=2025-12-05 15:27  winrate=0.299  n_markets_traded=194.000  herfindahl_index_markets=0.042
10:51:35 [super]   #1086  0xfcd015b771c082b8be501baecf99e5eb8bc78e17  prob=0.0289 (raw=0.0240)  vol=$1,000  trades=2  first_trade=2025-12-04 14:35  winrate=0.367  n_markets_traded=30.000  herfindahl_index_markets=0.061
10:51:35 [super]   #1087  0x3c6951cd5206d11860a9519dd08968f77ec2cf07  prob=0.0289 (raw=0.0240)  vol=$40  trades=5  first_trade=2025-12-04 06:25  winrate=0.364  n_markets_traded=33.000  herfindahl_index_markets=0.148
10:51:35 [super]   #1088  0x859c10f621d350767facd3a11f365e7c38a7d70e  prob=0.0289 (raw=0.0240)  vol=$2  trades=2  first_trade=2025-12-04 20:50  winrate=0.333  n_markets_traded=45.000  herfindahl_index_markets=0.086
10:51:35 [super]   #1089  0x2ad3139e375f14b6ac43627b2fc00435e557c091  prob=0.0289 (raw=0.0240)  vol=$2,667  trades=6  first_trade=2025-12-05 15:01  winrate=0.250  n_markets_traded=12.000  herfindahl_index_markets=0.140
10:51:35 [super]   #1090  0x72e0877e54aafe7d9589e00a960918aadc0c3bc0  prob=0.0289 (raw=0.0240)  vol=$24,375  trades=2  first_trade=2025-12-04 14:32  winrate=0.303  n_markets_traded=76.000  herfindahl_index_markets=0.028
10:51:35 [super]   #1091  0x877741e65712d2451af39e37d05e4e53521866d0  prob=0.0289 (raw=0.0240)  vol=$70  trades=2  first_trade=2025-12-04 07:08  winrate=0.305  n_markets_traded=302.000  herfindahl_index_markets=0.025
10:51:35 [super]   #1092  0xfc27cb1c6276dde8b9d0ab9c499041409cd0be92  prob=0.0289 (raw=0.0240)  vol=$2  trades=2  first_trade=2025-11-30 18:18  winrate=0.367  n_markets_traded=60.000  herfindahl_index_markets=0.116
10:51:35 [super]   #1093  0x7e9eb87ae2128ebd76973855ba934a742af3a67b  prob=0.0289 (raw=0.0240)  vol=$500  trades=2  first_trade=2025-12-04 10:22  winrate=0.239  n_markets_traded=46.000  herfindahl_index_markets=0.040
10:51:35 [super]   #1094  0xf4ce1671a52a7e499a3eedc54817725693dba692  prob=0.0289 (raw=0.0240)  vol=$240  trades=4  first_trade=2025-12-04 08:16  winrate=0.364  n_markets_traded=33.000  herfindahl_index_markets=0.132
10:51:35 [super]   #1095  0x66a17f32b6f1d2562c1c47e9d6807b17843bdacb  prob=0.0289 (raw=0.0240)  vol=$18,014  trades=29  first_trade=2025-12-04 10:25  winrate=0.024  n_markets_traded=41.000  herfindahl_index_markets=0.303
10:51:35 [super]   #1096  0x0c93a4291ee2c43a4eae6ca6bcb11f40c3f5a00b  prob=0.0289 (raw=0.0240)  vol=$4,593  trades=3  first_trade=2025-12-04 08:22  winrate=0.571  n_markets_traded=42.000  herfindahl_index_markets=0.103
10:51:35 [super]   #1097  0x3add532beaa0936df0709a35b998cd054e566943  prob=0.0289 (raw=0.0240)  vol=$700  trades=4  first_trade=2025-12-04 17:39  winrate=0.000  n_markets_traded=1.000  herfindahl_index_markets=1.000
10:51:35 [super]   #1098  0x1a2669b04930e4dee654d500e1a6a4ea1153c155  prob=0.0289 (raw=0.0240)  vol=$334  trades=4  first_trade=2025-12-05 13:48  winrate=0.000  n_markets_traded=1.000  herfindahl_index_markets=1.000
10:51:35 [super]   #1099  0x41ab5a4cee5f6405e2e901693f09a1a39abe6473  prob=0.0288 (raw=0.0239)  vol=$14,134  trades=9  first_trade=2025-12-02 00:15  winrate=0.652  n_markets_traded=23.000  herfindahl_index_markets=0.128
10:51:35 [super]   #1100  0xb5bd8340ed92f80da6f7863de69f39e9870d76ba  prob=0.0288 (raw=0.0238)  vol=$713  trades=6  first_trade=2025-12-04 06:48  winrate=0.517  n_markets_traded=118.000  herfindahl_index_markets=0.050
10:51:35 [super]   #1101  0x122d37641815f4eb9a3e8070246981cd9fa4e728  prob=0.0288 (raw=0.0237)  vol=$12  trades=4  first_trade=2025-12-04 03:43  winrate=0.091  n_markets_traded=11.000  herfindahl_index_markets=0.157
10:51:35 [super]   #1102  0x92ac1a952594018e32b33f6c85f367693db883df  prob=0.0288 (raw=0.0237)  vol=$154,630  trades=32  first_trade=2025-12-04 04:14  winrate=0.000  n_markets_traded=2.000  herfindahl_index_markets=0.933
10:51:35 [super]   #1103  0x42810c7be81fdf798f1ade7278f5712a7b17b581  prob=0.0288 (raw=0.0237)  vol=$3,114  trades=33  first_trade=2025-12-04 05:57  winrate=0.333  n_markets_traded=9.000  herfindahl_index_markets=0.381
10:51:35 [super]   #1104  0x956170200cd4c0d8f98b68712a78f0dc7a970570  prob=0.0288 (raw=0.0237)  vol=$1,000  trades=2  first_trade=2025-12-07 05:35  winrate=0.125  n_markets_traded=16.000  herfindahl_index_markets=0.075
10:51:35 [super]   #1105  0x7c878c7d3e9f0a2e046601ac4a87a4ee68d6f651  prob=0.0288 (raw=0.0237)  vol=$281  trades=3  first_trade=2025-12-04 07:20  winrate=0.170  n_markets_traded=88.000  herfindahl_index_markets=0.124
10:51:35 [super]   #1106  0x58b6ce6903cad14a4c7d17bb93386ac3e704fff0  prob=0.0288 (raw=0.0237)  vol=$2,500  trades=2  first_trade=2025-12-04 13:37  winrate=0.083  n_markets_traded=60.000  herfindahl_index_markets=0.103
10:51:35 [super]   #1107  0xd8cae792b3d84d6888080401423e973337287229  prob=0.0288 (raw=0.0237)  vol=$86,253  trades=25  first_trade=2025-12-04 05:01  winrate=0.571  n_markets_traded=42.000  herfindahl_index_markets=0.110
10:51:35 [super]   #1108  0x25875ae66b2b9c93aafbf293c9c28241e4fcd5b1  prob=0.0288 (raw=0.0236)  vol=$5,397  trades=15  first_trade=2025-12-03 20:29  winrate=0.455  n_markets_traded=11.000  herfindahl_index_markets=0.181
10:51:35 [super]   #1109  0xc7e53ac4a7c76d6df8b794de2e7d0794265d2d3a  prob=0.0288 (raw=0.0236)  vol=$418  trades=5  first_trade=2025-12-04 05:47  winrate=NaN  n_markets_traded=0.000  herfindahl_index_markets=0.000
10:51:35 [super]   #1110  0x89df5de28764846c1a61a8143228733d5d50c5dd  prob=0.0288 (raw=0.0235)  vol=$87  trades=5  first_trade=2025-12-04 08:11  winrate=0.849  n_markets_traded=286.000  herfindahl_index_markets=0.016
10:51:35 [super]   #1111  0xd0e1ae8ad003030299df6e9be78588b127957c9f  prob=0.0288 (raw=0.0235)  vol=$593  trades=1  first_trade=2025-12-04 08:08  winrate=0.822  n_markets_traded=511.000  herfindahl_index_markets=0.007
10:51:35 [super]   #1112  0x1446f20335b926b4986461a33855d8b8c32a939a  prob=0.0288 (raw=0.0235)  vol=$127  trades=1  first_trade=2025-12-04 08:18  winrate=0.891  n_markets_traded=533.000  herfindahl_index_markets=0.006
10:51:35 [super]   #1113  0x98cec0880366df00f9421c96b5ddd06ebeea5e1d  prob=0.0288 (raw=0.0235)  vol=$1,545  trades=24  first_trade=2025-11-30 12:17  winrate=NaN  n_markets_traded=0.000  herfindahl_index_markets=0.000
10:51:35 [super]   #1114  0x6245afcacf4c99f7fc6e20741c799963926c97e2  prob=0.0288 (raw=0.0234)  vol=$1,250  trades=2  first_trade=2025-12-04 12:23  winrate=0.423  n_markets_traded=26.000  herfindahl_index_markets=0.226
10:51:35 [super]   #1115  0x69aa9fa621403e3a121b29ad77d32ba9eb5e8847  prob=0.0288 (raw=0.0233)  vol=$274,757  trades=35  first_trade=2025-12-04 11:29  winrate=NaN  n_markets_traded=0.000  herfindahl_index_markets=0.000
10:51:35 [super]   #1116  0x446542b2f8c391702bddc654d07224251671baaf  prob=0.0288 (raw=0.0233)  vol=$2,043  trades=9  first_trade=2025-12-02 02:27  winrate=0.500  n_markets_traded=16.000  herfindahl_index_markets=0.139
10:51:35 [super]   #1117  0xe1daef33344a7ff64426f12ce4e7fc650ba218a7  prob=0.0288 (raw=0.0233)  vol=$13,935  trades=4  first_trade=2025-12-04 08:19  winrate=0.174  n_markets_traded=23.000  herfindahl_index_markets=0.195
10:51:35 [super]   #1118  0x4fd3503c78bd1ececdbe034a4dfe156ce659ef31  prob=0.0288 (raw=0.0233)  vol=$23  trades=12  first_trade=2025-12-04 05:18  winrate=0.267  n_markets_traded=96.000  herfindahl_index_markets=0.196
10:51:35 [super]   #1119  0x3939a40d370cfde2bc41fcb9f427d91179886d6c  prob=0.0288 (raw=0.0233)  vol=$27  trades=2  first_trade=2025-12-04 08:25  winrate=0.838  n_markets_traded=74.000  herfindahl_index_markets=0.046
10:51:35 [super]   #1120  0x61ab8fff2d2d3b219cf0ae4246ce69c66b17790b  prob=0.0288 (raw=0.0232)  vol=$1,156  trades=15  first_trade=2025-12-04 06:40  winrate=0.537  n_markets_traded=312.000  herfindahl_index_markets=0.019
10:51:35 [super]   #1121  0x22e645acff2bbb2cd7a74462f8779eb6f53d409f  prob=0.0288 (raw=0.0232)  vol=$37,348  trades=64  first_trade=2025-12-03 22:16  winrate=NaN  n_markets_traded=0.000  herfindahl_index_markets=0.000
10:51:35 [super]   #1122  0x0e297bb8806e4f47610dc52e9b77ab41ccc1b9b4  prob=0.0288 (raw=0.0232)  vol=$60  trades=5  first_trade=2025-12-04 07:46  winrate=0.304  n_markets_traded=23.000  herfindahl_index_markets=0.098
10:51:35 [super]   #1123  0xee16cd7aa7894a1a6aad75c05aaa93678fee7103  prob=0.0288 (raw=0.0232)  vol=$1,000  trades=2  first_trade=2025-12-06 22:15  winrate=0.000  n_markets_traded=19.000  herfindahl_index_markets=0.070
10:51:35 [super]   #1124  0xb120679099d26b0af04811c26c6077c587f9f2ff  prob=0.0288 (raw=0.0232)  vol=$313  trades=11  first_trade=2025-12-04 06:39  winrate=NaN  n_markets_traded=0.000  herfindahl_index_markets=0.000
10:51:35 [super]   #1125  0x39f8fd9e4779bdcca92bd7708f4758c61209063f  prob=0.0288 (raw=0.0232)  vol=$61  trades=4  first_trade=2025-12-04 07:30  winrate=NaN  n_markets_traded=0.000  herfindahl_index_markets=0.000
10:51:35 [super]   #1126  0x5a6a2a13dd82660656c026bddada8f267b434846  prob=0.0287 (raw=0.0231)  vol=$64  trades=1  first_trade=2025-12-04 08:08  winrate=0.897  n_markets_traded=448.000  herfindahl_index_markets=0.006
10:51:35 [super]   #1127  0x33184604ee35c47caa2a47e12cc349d32bb43d8d  prob=0.0287 (raw=0.0231)  vol=$1  trades=1  first_trade=2025-12-04 23:18  winrate=0.000  n_markets_traded=4.000  herfindahl_index_markets=0.682
10:51:35 [super]   #1128  0xcaab5b5050e4abb468fbb2254492b617c5cf6d0d  prob=0.0287 (raw=0.0230)  vol=$335  trades=1  first_trade=2025-12-04 23:42  winrate=0.800  n_markets_traded=343.000  herfindahl_index_markets=0.008
10:51:35 [super]   #1129  0x6e7efcc05c4334cb2cc08fb1a1249de31f742ad4  prob=0.0287 (raw=0.0230)  vol=$2,505  trades=4  first_trade=2025-12-04 15:34  winrate=0.000  n_markets_traded=3.000  herfindahl_index_markets=0.447
10:51:35 [super]   #1130  0x243d758ce13058129e903b988833322cc0f7b577  prob=0.0287 (raw=0.0228)  vol=$800  trades=4  first_trade=2025-12-05 00:46  winrate=0.000  n_markets_traded=4.000  herfindahl_index_markets=0.340
10:51:35 [super]   #1131  0xef2a2e5397a610a01040212974b53cff7799bd7e  prob=0.0287 (raw=0.0227)  vol=$0  trades=1  first_trade=2025-12-04 03:36  winrate=NaN  n_markets_traded=0.000  herfindahl_index_markets=0.000
10:51:35 [super]   #1132  0x4018f2f161d54790cdb00e4257494d68d37dd14a  prob=0.0287 (raw=0.0227)  vol=$0  trades=2  first_trade=2025-12-04 03:36  winrate=NaN  n_markets_traded=0.000  herfindahl_index_markets=0.000
10:51:35 [super]   #1133  0x161f2db0e40c59b2f29e898efb63cc415228b075  prob=0.0287 (raw=0.0227)  vol=$0  trades=1  first_trade=2025-12-04 03:36  winrate=NaN  n_markets_traded=0.000  herfindahl_index_markets=0.000
10:51:35 [super]   #1134  0x6ca2f87432279ed463ccb63424adcc72bfa9bde7  prob=0.0287 (raw=0.0227)  vol=$128  trades=5  first_trade=2025-12-04 07:44  winrate=0.747  n_markets_traded=82.000  herfindahl_index_markets=0.037
10:51:35 [super]   #1135  0xabdea390d893f4bc70cf9308f2f35a15616048c4  prob=0.0287 (raw=0.0227)  vol=$1  trades=2  first_trade=2025-12-05 09:41  winrate=0.829  n_markets_traded=41.000  herfindahl_index_markets=0.088
10:51:35 [super]   #1136  0x4ffe49ba2a4cae123536a8af4fda48faeb609f71  prob=0.0287 (raw=0.0227)  vol=$783  trades=127  first_trade=2025-11-27 00:34  winrate=NaN  n_markets_traded=0.000  herfindahl_index_markets=0.000
10:51:35 [super]   #1137  0x847667d84fc4d81db36689c4f4c5845c8d125418  prob=0.0287 (raw=0.0227)  vol=$30,183  trades=23  first_trade=2025-12-05 01:16  winrate=NaN  n_markets_traded=0.000  herfindahl_index_markets=0.000
10:51:35 [super]   #1138  0x32c375cb4b130dab809f484a8154c9a89bf3dbd0  prob=0.0287 (raw=0.0227)  vol=$776  trades=1  first_trade=2025-12-07 19:41  winrate=0.833  n_markets_traded=42.000  herfindahl_index_markets=0.060
10:51:35 [super]   #1139  0x6179ad17cb1a48a8db80284f9b22a5bf899d6f80  prob=0.0287 (raw=0.0227)  vol=$5,685  trades=8  first_trade=2025-12-04 05:37  winrate=NaN  n_markets_traded=0.000  herfindahl_index_markets=0.000
10:51:35 [super]   #1140  0x3afb924c90ed59dbee36288a77a9f2df8fd78296  prob=0.0287 (raw=0.0225)  vol=$23  trades=4  first_trade=2025-12-02 08:57  winrate=0.376  n_markets_traded=141.000  herfindahl_index_markets=0.030
10:51:35 [super]   #1141  0x8a9b51af9bda9b8f770c219097f512c7ab2a206e  prob=0.0287 (raw=0.0224)  vol=$500  trades=2  first_trade=2025-12-04 16:47  winrate=0.071  n_markets_traded=14.000  herfindahl_index_markets=0.837
10:51:35 [super]   #1142  0xa5f2cb15fc98fbb231fdb2a41b501c8132979b31  prob=0.0287 (raw=0.0224)  vol=$2,287  trades=8  first_trade=2025-12-04 07:03  winrate=0.655  n_markets_traded=29.000  herfindahl_index_markets=0.130
10:51:35 [super]   #1143  0x27db285856529ab111d4aa2fbf0cd9c2a2163c6e  prob=0.0287 (raw=0.0223)  vol=$4  trades=2  first_trade=2025-12-04 06:04  winrate=0.549  n_markets_traded=102.000  herfindahl_index_markets=0.070
10:51:35 [super]   #1144  0x60307453a25ded4afb9b0c64d75d5d6c1cf4dc7a  prob=0.0287 (raw=0.0223)  vol=$11  trades=4  first_trade=2025-12-02 02:29  winrate=0.555  n_markets_traded=431.000  herfindahl_index_markets=0.007
10:51:35 [super]   #1145  0x8a4af06074c0d3caa449aa845f9d8f35de77c6e4  prob=0.0287 (raw=0.0223)  vol=$73  trades=3  first_trade=2025-12-02 09:23  winrate=0.573  n_markets_traded=110.000  herfindahl_index_markets=0.022
10:51:35 [super]   #1146  0xaa05de09cee00b27ca514aadc0c601559008fed7  prob=0.0287 (raw=0.0223)  vol=$2,242  trades=8  first_trade=2025-12-04 04:25  winrate=NaN  n_markets_traded=0.000  herfindahl_index_markets=0.000
10:51:35 [super]   #1147  0x6ffb4354cbe6e0f9989e3b55564ec5fb8646a834  prob=0.0286 (raw=0.0223)  vol=$15,895  trades=32  first_trade=2025-12-04 03:22  winrate=NaN  n_markets_traded=0.000  herfindahl_index_markets=0.000
10:51:35 [super]   #1148  0x1e524ff2123d380a690dbdf2245de2a9428e91d6  prob=0.0286 (raw=0.0222)  vol=$1,717  trades=67  first_trade=2025-12-01 09:43  winrate=NaN  n_markets_traded=0.000  herfindahl_index_markets=0.000
10:51:35 [super]   #1149  0x4a6dbe1071f5315211695cd5ed7c6d6fab336659  prob=0.0286 (raw=0.0221)  vol=$54  trades=17  first_trade=2025-12-02 03:02  winrate=0.514  n_markets_traded=35.000  herfindahl_index_markets=0.140
10:51:35 [super]   #1150  0x5776e661afc29f35e81aaf0356cc919e58ede581  prob=0.0286 (raw=0.0220)  vol=$9  trades=4  first_trade=2025-12-04 14:43  winrate=0.830  n_markets_traded=47.000  herfindahl_index_markets=0.066
10:51:35 [super]   #1151  0x076ca0207aaa48365da2eb6a917edcbdee5e4e7b  prob=0.0286 (raw=0.0220)  vol=$11,030  trades=71  first_trade=2025-12-03 20:29  winrate=NaN  n_markets_traded=0.000  herfindahl_index_markets=0.000
10:51:35 [super]   #1152  0x75cbe506ceec7bb80331954e9a47212ea62f1556  prob=0.0286 (raw=0.0219)  vol=$42  trades=6  first_trade=2025-11-26 20:02  winrate=NaN  n_markets_traded=0.000  herfindahl_index_markets=0.000
10:51:35 [super]   #1153  0x9b979a065641e8cfde3022a30ed2d9415cf55e12  prob=0.0286 (raw=0.0219)  vol=$369,812  trades=55  first_trade=2025-12-04 03:23  winrate=NaN  n_markets_traded=0.000  herfindahl_index_markets=0.000
10:51:35 [super]   #1154  0x9eda7e67db87a801af87d292792a34008da53392  prob=0.0286 (raw=0.0218)  vol=$870  trades=3  first_trade=2025-12-04 05:11  winrate=0.250  n_markets_traded=36.000  herfindahl_index_markets=0.318
10:51:35 [super]   #1155  0xe25b9180f5687aa85bd94ee309bb72a464320f1b  prob=0.0286 (raw=0.0218)  vol=$199,200  trades=28  first_trade=2025-12-04 07:58  winrate=NaN  n_markets_traded=0.000  herfindahl_index_markets=0.000
10:51:35 [super]   #1156  0xf7242c7d11dd4bfd25e2fe7e1fec471de6877ca6  prob=0.0286 (raw=0.0217)  vol=$953  trades=2  first_trade=2025-12-05 06:28  winrate=0.286  n_markets_traded=14.000  herfindahl_index_markets=0.172
10:51:35 [super]   #1157  0x6e6bf023375aa7ea82ade4607c27a3d8bb16c2bf  prob=0.0286 (raw=0.0217)  vol=$710  trades=2  first_trade=2025-12-04 14:12  winrate=0.000  n_markets_traded=11.000  herfindahl_index_markets=0.106
10:51:35 [super]   #1158  0x343abc86ca7786e99ce9384746ab097ba3b6878e  prob=0.0286 (raw=0.0216)  vol=$10  trades=4  first_trade=2025-12-04 19:01  winrate=0.000  n_markets_traded=5.000  herfindahl_index_markets=0.525
10:51:35 [super]   #1159  0x8451cc7432297702589d9021fac6c6e8d7b23cb1  prob=0.0286 (raw=0.0216)  vol=$3  trades=2  first_trade=2025-12-05 02:38  winrate=0.781  n_markets_traded=32.000  herfindahl_index_markets=0.107
10:51:35 [super]   #1160  0xc4fbfd8c2bf090568f8eb207123364a3f0352bfd  prob=0.0286 (raw=0.0216)  vol=$529  trades=2  first_trade=2025-12-05 19:14  winrate=0.720  n_markets_traded=269.000  herfindahl_index_markets=0.017
10:51:35 [super]   #1161  0xab0440bf27af419250e085be31dcab33402ccefe  prob=0.0286 (raw=0.0216)  vol=$1  trades=2  first_trade=2025-12-05 00:27  winrate=0.686  n_markets_traded=35.000  herfindahl_index_markets=0.079
10:51:35 [super]   #1162  0xffbf076ad1a41490fa9a4a2ed40cf25ae98f2587  prob=0.0286 (raw=0.0216)  vol=$4  trades=2  first_trade=2025-12-05 22:02  winrate=0.713  n_markets_traded=115.000  herfindahl_index_markets=0.108
10:51:35 [super]   #1163  0x002dcd37b0b8fa8db98236e599fe1b90d6272561  prob=0.0286 (raw=0.0216)  vol=$7,037  trades=22  first_trade=2025-12-02 19:44  winrate=NaN  n_markets_traded=0.000  herfindahl_index_markets=0.000
10:51:35 [super]   #1164  0xdc4f1a90ae2b3e099e940d7925673e31ab2e5c00  prob=0.0286 (raw=0.0215)  vol=$92  trades=11  first_trade=2025-12-02 09:07  winrate=0.368  n_markets_traded=308.000  herfindahl_index_markets=0.008
10:51:35 [super]   #1165  0xe28607c0f5b05b0dfee8e3f436bc02784c62b1d3  prob=0.0285 (raw=0.0213)  vol=$4  trades=4  first_trade=2025-12-04 07:51  winrate=0.560  n_markets_traded=175.000  herfindahl_index_markets=0.011
10:51:35 [super]   #1166  0x81562c477b91da11e44fb897fc6edded91fd98a9  prob=0.0285 (raw=0.0213)  vol=$1,482  trades=4  first_trade=2025-12-04 05:17  winrate=0.214  n_markets_traded=11.000  herfindahl_index_markets=0.181
10:51:35 [super]   #1167  0x2bee8765fbe3333050cd18867489817d02c39bea  prob=0.0285 (raw=0.0213)  vol=$4,059  trades=7  first_trade=2025-12-04 13:26  winrate=0.385  n_markets_traded=26.000  herfindahl_index_markets=0.210
10:51:35 [super]   #1168  0x8190816855b676a5efd8c5b344135a72337bb247  prob=0.0285 (raw=0.0212)  vol=$195  trades=3  first_trade=2025-12-04 04:58  winrate=NaN  n_markets_traded=0.000  herfindahl_index_markets=0.000
10:51:35 [super]   #1169  0x82259907450d3d5aed67737260cf35758efa566b  prob=0.0285 (raw=0.0212)  vol=$10  trades=4  first_trade=2025-12-02 10:20  winrate=0.286  n_markets_traded=7.000  herfindahl_index_markets=0.233
10:51:35 [super]   #1170  0xdc814e7371182f4752a14363ddf85b038f824f06  prob=0.0285 (raw=0.0212)  vol=$3,002  trades=4  first_trade=2025-12-04 16:34  winrate=0.386  n_markets_traded=171.000  herfindahl_index_markets=0.167
10:51:35 [super]   #1171  0xd76f4b3b344adad86dbbd3d325052443c9dd804f  prob=0.0285 (raw=0.0211)  vol=$1,517  trades=9  first_trade=2025-12-05 00:48  winrate=0.000  n_markets_traded=7.000  herfindahl_index_markets=0.222
10:51:35 [super]   #1172  0xa0e6a173a9e0de0862afa184dc7b2919bf7a73c6  prob=0.0285 (raw=0.0211)  vol=$4  trades=3  first_trade=2025-12-04 04:53  winrate=0.400  n_markets_traded=15.000  herfindahl_index_markets=0.194
10:51:35 [super]   #1173  0xc3cd1d612bbf9fbf80da5a9bff0b0470cb46816c  prob=0.0285 (raw=0.0210)  vol=$3,732  trades=41  first_trade=2025-11-29 19:56  winrate=NaN  n_markets_traded=0.000  herfindahl_index_markets=0.000
10:51:35 [super]   #1174  0x41c7b86149d24ce750f0439f8ac86c9f7fa788f9  prob=0.0285 (raw=0.0209)  vol=$1  trades=2  first_trade=2025-12-05 07:16  winrate=0.529  n_markets_traded=17.000  herfindahl_index_markets=0.153
10:51:35 [super]   #1175  0x6776a0c2af9003c03683d1e8e0397553e65ab465  prob=0.0285 (raw=0.0209)  vol=$3  trades=2  first_trade=2025-12-05 11:05  winrate=0.739  n_markets_traded=23.000  herfindahl_index_markets=0.114
10:51:35 [super]   #1176  0x6097ef67ccf4fc9c3d4db00ac2fd0de00c99fd50  prob=0.0285 (raw=0.0209)  vol=$2  trades=2  first_trade=2025-12-05 07:21  winrate=0.625  n_markets_traded=24.000  herfindahl_index_markets=0.119
10:51:35 [super]   #1177  0x5565b8bb36a4abfa6a3325aa197b7c09a7c81503  prob=0.0285 (raw=0.0209)  vol=$2  trades=2  first_trade=2025-12-05 09:52  winrate=0.667  n_markets_traded=18.000  herfindahl_index_markets=0.139
10:51:35 [super]   #1178  0xde7a7073108f2698d272d8862501001a6da78919  prob=0.0285 (raw=0.0209)  vol=$1  trades=2  first_trade=2025-12-05 06:47  winrate=0.593  n_markets_traded=27.000  herfindahl_index_markets=0.095
10:51:35 [super]   #1179  0xf9e198e8b135c95d8773a002ca086cd075cfcdae  prob=0.0285 (raw=0.0209)  vol=$3  trades=2  first_trade=2025-12-05 10:47  winrate=0.826  n_markets_traded=23.000  herfindahl_index_markets=0.120
10:51:35 [super]   #1180  0x65c97aa685f5b176f35e91bf92c179d1123f261f  prob=0.0285 (raw=0.0209)  vol=$2  trades=2  first_trade=2025-12-05 06:42  winrate=0.562  n_markets_traded=32.000  herfindahl_index_markets=0.094
10:51:35 [super]   #1181  0xf03fb24e507ffb469f0c2967a2bcb614e379fd1b  prob=0.0285 (raw=0.0209)  vol=$1,000  trades=2  first_trade=2025-12-05 10:43  winrate=0.250  n_markets_traded=3.000  herfindahl_index_markets=0.555
10:51:35 [super]   #1182  0x5117df52aeb1ff172837862f4984e430cc7649b3  prob=0.0285 (raw=0.0209)  vol=$2,394  trades=13  first_trade=2025-12-04 06:40  winrate=0.467  n_markets_traded=114.000  herfindahl_index_markets=0.051
10:51:35 [super]   #1183  0x474764029162d0b5292348d2c3caadf460da0658  prob=0.0285 (raw=0.0209)  vol=$74,967  trades=14  first_trade=2025-12-04 05:49  winrate=0.362  n_markets_traded=47.000  herfindahl_index_markets=0.244
10:51:35 [super]   #1184  0x8b2b20b3bbffb9bb8d76cd433670e5311fb9d9d5  prob=0.0285 (raw=0.0207)  vol=$500  trades=2  first_trade=2025-12-04 14:51  winrate=0.286  n_markets_traded=7.000  herfindahl_index_markets=0.336
10:51:35 [super]   #1185  0x252d61483ca65e21b1e9be4b71f0b03936a53f56  prob=0.0285 (raw=0.0207)  vol=$250  trades=2  first_trade=2025-12-04 12:22  winrate=0.000  n_markets_traded=3.000  herfindahl_index_markets=0.931
10:51:35 [super]   #1186  0x0778083ab98c5ab4bbe0b11fac034bd0c31c1276  prob=0.0284 (raw=0.0206)  vol=$5  trades=2  first_trade=2025-11-29 08:29  winrate=NaN  n_markets_traded=0.000  herfindahl_index_markets=0.000
10:51:35 [super]   #1187  0xe78d3c444c07314a8277c35a9fe97e41385863fb  prob=0.0284 (raw=0.0206)  vol=$29  trades=2  first_trade=2025-12-04 06:44  winrate=0.717  n_markets_traded=99.000  herfindahl_index_markets=0.164
10:51:35 [super]   #1188  0x902cee1355f008cbbe8492ac410c721b415eef98  prob=0.0284 (raw=0.0206)  vol=$84  trades=4  first_trade=2025-12-04 07:42  winrate=0.143  n_markets_traded=14.000  herfindahl_index_markets=0.196
10:51:35 [super]   #1189  0xa90986dd218845966eff3ee0b969a4a0eaeae7ed  prob=0.0284 (raw=0.0206)  vol=$243  trades=10  first_trade=2025-12-04 05:26  winrate=0.716  n_markets_traded=72.000  herfindahl_index_markets=0.080
10:51:35 [super]   #1190  0xc4086b708cd3a50880b7069add1a1a80000f4675  prob=0.0284 (raw=0.0205)  vol=$179,859  trades=50  first_trade=2025-12-04 08:08  winrate=NaN  n_markets_traded=0.000  herfindahl_index_markets=0.000
10:51:35 [super]   #1191  0xf748abb6bdfde35109e1716bb8c6d3dafcc67697  prob=0.0284 (raw=0.0205)  vol=$30  trades=4  first_trade=2025-12-04 11:05  winrate=0.807  n_markets_traded=140.000  herfindahl_index_markets=0.009
10:51:35 [super]   #1192  0xdd225a03cd7ed89e3931906c67c75ab31cf89ef1  prob=0.0284 (raw=0.0205)  vol=$496,991  trades=145  first_trade=2025-11-26 21:36  winrate=NaN  n_markets_traded=0.000  herfindahl_index_markets=0.000
10:51:35 [super]   #1193  0x19820e1a9e07a857de7c89d61e16ed6e0480a646  prob=0.0284 (raw=0.0204)  vol=$6  trades=6  first_trade=2025-12-04 19:19  winrate=0.000  n_markets_traded=2.000  herfindahl_index_markets=0.959
10:51:35 [super]   #1194  0xc3d0add6765c775162354168b510be9c3381407a  prob=0.0284 (raw=0.0204)  vol=$1,500  trades=2  first_trade=2025-12-04 16:42  winrate=0.000  n_markets_traded=2.000  herfindahl_index_markets=0.583
10:51:35 [super]   #1195  0xc6a87f1bb19b5cc3b1b490922952b63a917d7ac9  prob=0.0284 (raw=0.0204)  vol=$2  trades=2  first_trade=2025-12-04 21:02  winrate=0.000  n_markets_traded=2.000  herfindahl_index_markets=0.999
10:51:35 [super]   #1196  0xfe6bfb69f8d53c6f0157c6fb5711416c80141cde  prob=0.0284 (raw=0.0204)  vol=$68  trades=3  first_trade=2025-12-05 18:10  winrate=0.000  n_markets_traded=2.000  herfindahl_index_markets=0.556
10:51:35 [super]   #1197  0x74cc3d6d394a3e0f2e53c72ce26a84adc10565ed  prob=0.0284 (raw=0.0204)  vol=$3,750  trades=6  first_trade=2025-12-04 22:47  winrate=0.000  n_markets_traded=2.000  herfindahl_index_markets=0.883
10:51:35 [super]   #1198  0xafe34d1841f1f3616582cf4f5fb5925eab674a02  prob=0.0284 (raw=0.0204)  vol=$10  trades=1  first_trade=2025-12-03 20:51  winrate=0.125  n_markets_traded=8.000  herfindahl_index_markets=0.527
10:51:35 [super]   #1199  0xde9aef29c07ee41cb6fd75c1732618c31d846064  prob=0.0284 (raw=0.0204)  vol=$20  trades=3  first_trade=2025-12-05 17:17  winrate=0.143  n_markets_traded=7.000  herfindahl_index_markets=0.436
10:51:35 [super]   #1200  0x2382587a8f637e3557dd48cc6e2a35c3f3be53f3  prob=0.0284 (raw=0.0204)  vol=$1,458  trades=3  first_trade=2025-12-05 02:35  winrate=0.000  n_markets_traded=7.000  herfindahl_index_markets=0.439
10:51:35 [super]   #1201  0xcefcf195e31cb4e5bea72bb08f8a5ef34f4bcc09  prob=0.0284 (raw=0.0203)  vol=$8  trades=4  first_trade=2025-12-03 12:16  winrate=0.400  n_markets_traded=10.000  herfindahl_index_markets=0.193
10:51:35 [super]   #1202  0x948cc2f1138a516c0f4fd03eb30015c331fd42ee  prob=0.0284 (raw=0.0203)  vol=$8,909  trades=17  first_trade=2025-12-02 13:08  winrate=0.352  n_markets_traded=88.000  herfindahl_index_markets=0.102
10:51:35 [super]   #1203  0x4fa84c759429e1e976b44d89542007df621ad618  prob=0.0284 (raw=0.0203)  vol=$5  trades=2  first_trade=2025-12-05 04:02  winrate=NaN  n_markets_traded=0.000  herfindahl_index_markets=0.000
10:51:35 [super]   #1204  0xee4ff978e3fd593aaec804a3289940bd1d26a453  prob=0.0284 (raw=0.0203)  vol=$4  trades=2  first_trade=2025-12-01 11:10  winrate=0.405  n_markets_traded=37.000  herfindahl_index_markets=0.117
10:51:35 [super]   #1205  0x06595b09d8016a79d1e42c63c49bd6647101631c  prob=0.0284 (raw=0.0203)  vol=$1,000  trades=2  first_trade=2025-12-04 08:00  winrate=0.489  n_markets_traded=45.000  herfindahl_index_markets=0.060
10:51:35 [super]   #1206  0x3cf6bfc6199c19d2efbf2f9a545235321696c454  prob=0.0284 (raw=0.0203)  vol=$500  trades=2  first_trade=2025-12-04 18:36  winrate=0.449  n_markets_traded=302.000  herfindahl_index_markets=0.071
10:51:35 [super]   #1207  0x8217b6c8878a4aa4ecc023608dbf91d4fac64936  prob=0.0284 (raw=0.0203)  vol=$822  trades=60  first_trade=2025-12-01 00:42  winrate=NaN  n_markets_traded=0.000  herfindahl_index_markets=0.000
10:51:35 [super]   #1208  0xefc504152e1ae184d38bd3bd605ffdeb5c68efa2  prob=0.0284 (raw=0.0203)  vol=$200  trades=2  first_trade=2025-12-04 13:26  winrate=0.200  n_markets_traded=20.000  herfindahl_index_markets=0.345
10:51:35 [super]   #1209  0xcc809fe65d8afb1fee27e34b1b29b335e6d2e45c  prob=0.0284 (raw=0.0202)  vol=$1,000  trades=2  first_trade=2025-12-04 16:49  winrate=0.000  n_markets_traded=5.000  herfindahl_index_markets=0.222
10:51:35 [super]   #1210  0x66f777bfa567322d531467e590ed931802fd9979  prob=0.0284 (raw=0.0202)  vol=$667  trades=4  first_trade=2025-12-05 14:21  winrate=0.000  n_markets_traded=6.000  herfindahl_index_markets=0.470
10:51:35 [super]   #1211  0xf7640327547d52900a32fe33667de0fc78ca1919  prob=0.0284 (raw=0.0202)  vol=$6  trades=2  first_trade=2025-12-05 08:25  winrate=0.000  n_markets_traded=1.000  herfindahl_index_markets=1.000
10:51:35 [super]   #1212  0x74199a6babbfb3a8e1b03d1bd225df36680cd2fb  prob=0.0284 (raw=0.0202)  vol=$2,339  trades=12  first_trade=2025-12-04 19:43  winrate=0.000  n_markets_traded=1.000  herfindahl_index_markets=1.000
10:51:35 [super]   #1213  0xa1f23cf958fba7e8154803dfb7a4f0a83f1a80b6  prob=0.0284 (raw=0.0202)  vol=$1,077  trades=2  first_trade=2025-12-05 16:18  winrate=0.000  n_markets_traded=1.000  herfindahl_index_markets=1.000
10:51:35 [super]   #1214  0x34ab62d4717796662f221a5c3d6e541b981df515  prob=0.0284 (raw=0.0202)  vol=$6,480  trades=2  first_trade=2025-12-05 22:35  winrate=0.000  n_markets_traded=1.000  herfindahl_index_markets=1.000
10:51:35 [super]   #1215  0xe930cea4fffdc860f82dedeee3987ef95e231dd8  prob=0.0284 (raw=0.0202)  vol=$9,700  trades=2  first_trade=2025-12-04 17:24  winrate=0.000  n_markets_traded=1.000  herfindahl_index_markets=1.000
10:51:35 [super]   #1216  0x11af22fcacbc9eaabec4eec0b94f477a34c01c1d  prob=0.0284 (raw=0.0202)  vol=$32,000  trades=6  first_trade=2025-12-04 18:22  winrate=0.000  n_markets_traded=1.000  herfindahl_index_markets=1.000
10:51:35 [super]   #1217  0x05462bde7752684da8c57b8aeb36e7495e5ad062  prob=0.0284 (raw=0.0202)  vol=$933  trades=4  first_trade=2025-12-05 09:19  winrate=0.000  n_markets_traded=1.000  herfindahl_index_markets=1.000
10:51:35 [super]   #1218  0x235b2e28f02a13e7435030a10f45aef08ecaaf09  prob=0.0284 (raw=0.0202)  vol=$333  trades=2  first_trade=2025-12-05 04:41  winrate=0.000  n_markets_traded=1.000  herfindahl_index_markets=1.000
10:51:35 [super]   #1219  0x677c0c24970aa400bed8379e40f7dd8e6799bc6d  prob=0.0284 (raw=0.0202)  vol=$22  trades=3  first_trade=2025-12-04 12:07  winrate=0.000  n_markets_traded=1.000  herfindahl_index_markets=1.000
10:51:35 [super]   #1220  0x9e65b64a865ad2d64629e57cd5cdb689b593199e  prob=0.0284 (raw=0.0202)  vol=$333  trades=2  first_trade=2025-12-05 19:41  winrate=0.000  n_markets_traded=1.000  herfindahl_index_markets=1.000
10:51:35 [super]   #1221  0xa153dfc58d892b6a3b3b1c7bb6d74ac55b959e1a  prob=0.0284 (raw=0.0202)  vol=$333  trades=2  first_trade=2025-12-05 11:20  winrate=0.000  n_markets_traded=1.000  herfindahl_index_markets=1.000
10:51:35 [super]   #1222  0x9788c56ebe9784e1d19cf5d160276c0fb5fb063d  prob=0.0284 (raw=0.0202)  vol=$20  trades=3  first_trade=2025-12-04 03:29  winrate=0.000  n_markets_traded=1.000  herfindahl_index_markets=1.000
10:51:35 [super]   #1223  0x16e76276d154846ed29b14b601a416c4f8243ec1  prob=0.0284 (raw=0.0202)  vol=$18  trades=2  first_trade=2025-12-04 09:46  winrate=0.000  n_markets_traded=1.000  herfindahl_index_markets=1.000
10:51:35 [super]   #1224  0xdd3dbe1682dca5d85d07c99a1fec07d5138df553  prob=0.0284 (raw=0.0202)  vol=$10  trades=2  first_trade=2025-12-05 09:59  winrate=0.000  n_markets_traded=1.000  herfindahl_index_markets=1.000
10:51:35 [super]   #1225  0x5e7f4ad379fd8ef3492d1ff62d36e839ef854983  prob=0.0284 (raw=0.0202)  vol=$1,000  trades=2  first_trade=2025-12-06 16:30  winrate=0.000  n_markets_traded=1.000  herfindahl_index_markets=1.000
10:51:35 [super]   #1226  0x7208bf513aa7a0bb59484cfe0d0e8fb78d8fe4d7  prob=0.0284 (raw=0.0202)  vol=$4,028  trades=14  first_trade=2025-12-05 16:33  winrate=0.000  n_markets_traded=1.000  herfindahl_index_markets=1.000
10:51:35 [super]   #1227  0x921e086e645e66e268739d183abfd119d3dd101b  prob=0.0284 (raw=0.0202)  vol=$2  trades=2  first_trade=2025-12-05 09:50  winrate=0.000  n_markets_traded=1.000  herfindahl_index_markets=1.000
10:51:35 [super]   #1228  0x3078db4a9737866b4d6529f655025b3a20f80389  prob=0.0284 (raw=0.0201)  vol=$388  trades=63  first_trade=2025-12-02 20:31  winrate=NaN  n_markets_traded=0.000  herfindahl_index_markets=0.000
10:51:35 [super]   #1229  0xe41923ce5451c6b7b6ffe30ebda24c0e88ca5839  prob=0.0284 (raw=0.0200)  vol=$3,593  trades=19  first_trade=2025-12-03 23:06  winrate=0.412  n_markets_traded=80.000  herfindahl_index_markets=0.112
10:51:35 [super]   #1230  0x738cf166b901ca3b6b1c92db1984bcae9961d830  prob=0.0284 (raw=0.0200)  vol=$700  trades=5  first_trade=2025-12-05 12:19  winrate=0.000  n_markets_traded=2.000  herfindahl_index_markets=0.938
10:51:35 [super]   #1231  0x86953a5329a6d38ab35b2c98af5636af938bc1cb  prob=0.0284 (raw=0.0200)  vol=$250  trades=2  first_trade=2025-12-04 23:28  winrate=0.000  n_markets_traded=2.000  herfindahl_index_markets=0.802
10:51:35 [super]   #1232  0xfe175c90c4152392978fa402ed871657881298e9  prob=0.0284 (raw=0.0199)  vol=$6,066  trades=10  first_trade=2025-12-04 04:45  winrate=0.699  n_markets_traded=259.000  herfindahl_index_markets=0.081
10:51:35 [super]   #1233  0xa97111e08ee16786452470afde4147916394e347  prob=0.0284 (raw=0.0199)  vol=$240  trades=2  first_trade=2025-12-04 09:48  winrate=0.043  n_markets_traded=23.000  herfindahl_index_markets=0.357
10:51:35 [super]   #1234  0x73e581b6550e9ccdd0f443dbfdd8f69268935bb5  prob=0.0284 (raw=0.0199)  vol=$18,237  trades=13  first_trade=2025-12-02 07:36  winrate=0.760  n_markets_traded=250.000  herfindahl_index_markets=0.018
10:51:35 [super]   #1235  0x2f9fc13e85e1f0de928d1d79de464793fad8aa6e  prob=0.0284 (raw=0.0198)  vol=$10  trades=2  first_trade=2025-12-04 19:41  winrate=0.214  n_markets_traded=14.000  herfindahl_index_markets=0.314
10:51:35 [super]   #1236  0x3747545c477a583976fedcb366b5c5ed650af2a6  prob=0.0284 (raw=0.0198)  vol=$20  trades=2  first_trade=2025-12-04 17:30  winrate=0.263  n_markets_traded=19.000  herfindahl_index_markets=0.289
10:51:35 [super]   #1237  0xbed2ffa203b314ebb9b641ac62d2a1aea39e8c1f  prob=0.0284 (raw=0.0198)  vol=$333  trades=2  first_trade=2025-12-05 23:04  winrate=0.085  n_markets_traded=47.000  herfindahl_index_markets=0.263
10:51:35 [super]   #1238  0x8bf2e3a5bce7436463dc6d0b6983838148993981  prob=0.0284 (raw=0.0198)  vol=$500  trades=2  first_trade=2025-12-04 14:01  winrate=0.100  n_markets_traded=10.000  herfindahl_index_markets=0.273
10:51:35 [super]   #1239  0x3ee4220a108aad78f3de0b724ab269e4e34c488e  prob=0.0284 (raw=0.0198)  vol=$833  trades=4  first_trade=2025-12-04 12:30  winrate=0.238  n_markets_traded=21.000  herfindahl_index_markets=0.259
10:51:35 [super]   #1240  0x5fe50c22621779e031322c5becb110d1fa0d8b99  prob=0.0283 (raw=0.0198)  vol=$20  trades=4  first_trade=2025-12-03 20:29  winrate=NaN  n_markets_traded=0.000  herfindahl_index_markets=0.000
10:51:35 [super]   #1241  0xe7387473b067235436884d16799777cf279edf65  prob=0.0283 (raw=0.0197)  vol=$2,455  trades=15  first_trade=2025-12-03 01:16  winrate=NaN  n_markets_traded=0.000  herfindahl_index_markets=0.000
10:51:35 [super]   #1242  0x7800c3b8c0d6858bed5ad0acb982d7cbbe80eae9  prob=0.0283 (raw=0.0197)  vol=$40  trades=3  first_trade=2025-12-02 00:12  winrate=0.000  n_markets_traded=1.000  herfindahl_index_markets=1.000
10:51:35 [super]   #1243  0x5991926ad1717526ec45b42a5b66278901be229c  prob=0.0283 (raw=0.0197)  vol=$686  trades=2  first_trade=2025-12-04 07:14  winrate=0.000  n_markets_traded=1.000  herfindahl_index_markets=1.000
10:51:35 [super]   #1244  0xa33448ca58aba1ee3d0c394f8171cd4c760bbf67  prob=0.0283 (raw=0.0196)  vol=$1,000  trades=4  first_trade=2025-12-04 14:58  winrate=0.000  n_markets_traded=4.000  herfindahl_index_markets=0.348
10:51:35 [super]   #1245  0xe46bededb9a06d23d1562bd98d1ed6e8d19b5635  prob=0.0283 (raw=0.0196)  vol=$92,119  trades=25  first_trade=2025-12-04 05:33  winrate=0.312  n_markets_traded=16.000  herfindahl_index_markets=0.174
10:51:35 [super]   #1246  0x0bdfcd7169256209ddbd8e8ab8b85498ec0266f6  prob=0.0283 (raw=0.0195)  vol=$1,000  trades=2  first_trade=2025-12-04 17:18  winrate=0.250  n_markets_traded=4.000  herfindahl_index_markets=0.278
10:51:35 [super]   #1247  0x7dc78f164c24366145a9334c8ef8f59c3bd40a2b  prob=0.0283 (raw=0.0195)  vol=$947  trades=6  first_trade=2025-12-04 05:26  winrate=0.194  n_markets_traded=31.000  herfindahl_index_markets=0.045
10:51:35 [super]   #1248  0x3e4c74c94e8a9646b2e74303a2721622d0800314  prob=0.0283 (raw=0.0195)  vol=$2,580  trades=5  first_trade=2025-12-04 05:04  winrate=0.561  n_markets_traded=98.000  herfindahl_index_markets=0.050
10:51:35 [super]   #1249  0xda475f640892d0014c086b7e4f25317f5778f40a  prob=0.0283 (raw=0.0195)  vol=$14,616  trades=8  first_trade=2025-12-04 13:33  winrate=0.638  n_markets_traded=69.000  herfindahl_index_markets=0.048
10:51:35 [super]   #1250  0xccd9c0644d7e0d7cf45fc823a4d7a0a4af4df927  prob=0.0283 (raw=0.0194)  vol=$47,501  trades=10  first_trade=2025-12-04 08:45  winrate=0.333  n_markets_traded=6.000  herfindahl_index_markets=0.229
10:51:35 [super]   #1251  0xe1055b4b4c1342281bf5cba7d18074f8126f9cb3  prob=0.0283 (raw=0.0194)  vol=$2,673  trades=1  first_trade=2025-12-04 04:47  winrate=NaN  n_markets_traded=0.000  herfindahl_index_markets=0.000
10:51:35 [super]   #1252  0x797d1b62647d73dfaaa856fca1763e7cc89753c2  prob=0.0283 (raw=0.0194)  vol=$2  trades=2  first_trade=2025-12-04 22:18  winrate=0.200  n_markets_traded=5.000  herfindahl_index_markets=0.288
10:51:35 [super]   #1253  0xfc247d818ce5c13d605080da4b227efa1e183215  prob=0.0283 (raw=0.0194)  vol=$2  trades=2  first_trade=2025-12-05 17:07  winrate=0.000  n_markets_traded=2.000  herfindahl_index_markets=0.500
10:51:35 [super]   #1254  0x162cdbc362e65dd3bc060f6d69128ada16b16a54  prob=0.0283 (raw=0.0193)  vol=$6,000  trades=2  first_trade=2025-12-06 01:26  winrate=0.000  n_markets_traded=4.000  herfindahl_index_markets=0.291
10:51:35 [super]   #1255  0x999b97fae1e7f5a4d2ebbc93700551858ac4ad3d  prob=0.0283 (raw=0.0193)  vol=$1,000  trades=2  first_trade=2025-12-04 17:20  winrate=0.000  n_markets_traded=4.000  herfindahl_index_markets=0.280
10:51:35 [super]   #1256  0xf12f39b2e5d836d0b2d81dd1e251559b2973acdf  prob=0.0283 (raw=0.0193)  vol=$172  trades=1  first_trade=2025-12-04 08:26  winrate=0.844  n_markets_traded=351.000  herfindahl_index_markets=0.007
10:51:35 [super]   #1257  0x6b406869d0a453331a55eaa8a6a7d7ea81a06ec9  prob=0.0283 (raw=0.0193)  vol=$128  trades=1  first_trade=2025-12-04 08:21  winrate=0.860  n_markets_traded=436.000  herfindahl_index_markets=0.006
10:51:35 [super]   #1258  0x00c0b7e26a54958c0a82e61eb87525e06cb8c91e  prob=0.0283 (raw=0.0193)  vol=$62  trades=1  first_trade=2025-12-04 08:20  winrate=0.893  n_markets_traded=318.000  herfindahl_index_markets=0.028
10:51:35 [super]   #1259  0x06e0ec273b20d2be0eb2c76cb137cd70d1757934  prob=0.0283 (raw=0.0193)  vol=$94  trades=3  first_trade=2025-12-01 23:04  winrate=0.339  n_markets_traded=189.000  herfindahl_index_markets=0.102
10:51:35 [super]   #1260  0x8e6d18db00decb3d7b47750e222223ccfb784e22  prob=0.0283 (raw=0.0193)  vol=$2,500  trades=4  first_trade=2025-12-04 07:55  winrate=0.333  n_markets_traded=15.000  herfindahl_index_markets=0.118
10:51:35 [super]   #1261  0x677088354d74e3aaa0fd9af5ff04bbf1e410474e  prob=0.0283 (raw=0.0192)  vol=$399  trades=4  first_trade=2025-12-04 11:15  winrate=0.333  n_markets_traded=15.000  herfindahl_index_markets=0.175
10:51:35 [super]   #1262  0x08141e126e884d921342bdb8618c5e44fe89e35e  prob=0.0283 (raw=0.0191)  vol=$6  trades=2  first_trade=2025-12-04 09:13  winrate=0.375  n_markets_traded=8.000  herfindahl_index_markets=0.218
10:51:35 [super]   #1263  0xf9a07bf8d2cc8fb02cc6f66302abbfd3d70598f1  prob=0.0283 (raw=0.0191)  vol=$2,000  trades=4  first_trade=2025-12-06 14:33  winrate=0.444  n_markets_traded=9.000  herfindahl_index_markets=0.195
10:51:35 [super]   #1264  0x24ded84d901a743cfee095f8082b0f9f647183cb  prob=0.0283 (raw=0.0191)  vol=$165,534  trades=21  first_trade=2025-12-04 03:43  winrate=NaN  n_markets_traded=0.000  herfindahl_index_markets=0.000
10:51:35 [super]   #1265  0x67b6f54d2668529fd6919d6689333f1b405c660d  prob=0.0283 (raw=0.0190)  vol=$500  trades=2  first_trade=2025-12-04 14:18  winrate=0.000  n_markets_traded=3.000  herfindahl_index_markets=0.333
10:51:35 [super]   #1266  0x74e4acfd9ea43aee54a2fd7b0391c1f0140ec23f  prob=0.0283 (raw=0.0190)  vol=$36,326  trades=5  first_trade=2025-12-04 09:35  winrate=0.577  n_markets_traded=52.000  herfindahl_index_markets=0.075
10:51:35 [super]   #1267  0x0fc0d96996b1c77bf01c31c1130d1bdd99584cad  prob=0.0282 (raw=0.0189)  vol=$147,782  trades=99  first_trade=2025-12-02 09:06  winrate=0.789  n_markets_traded=76.000  herfindahl_index_markets=0.035
10:51:35 [super]   #1268  0x465ab12c8567d1f26dd879026db8172442dc4c1a  prob=0.0282 (raw=0.0189)  vol=$500  trades=2  first_trade=2025-12-04 14:56  winrate=0.000  n_markets_traded=6.000  herfindahl_index_markets=0.242
10:51:35 [super]   #1269  0xb23992303c204663e90986a28a2eff585addfe75  prob=0.0282 (raw=0.0189)  vol=$2,333  trades=4  first_trade=2025-12-04 16:06  winrate=0.000  n_markets_traded=5.000  herfindahl_index_markets=0.250
10:51:35 [super]   #1270  0x0c839d5032e2b0bfd2e9d779c9eba458dfa50f55  prob=0.0282 (raw=0.0189)  vol=$24,416  trades=2  first_trade=2025-12-04 04:01  winrate=0.246  n_markets_traded=65.000  herfindahl_index_markets=0.091
10:51:35 [super]   #1271  0xc02356284def0c089d0ae810420ef5425865ccf8  prob=0.0282 (raw=0.0188)  vol=$5,689  trades=17  first_trade=2025-12-03 11:26  winrate=0.400  n_markets_traded=89.000  herfindahl_index_markets=0.163
10:51:35 [super]   #1272  0x18fc46821544fdca89f5c5bd742fa7c51d992f91  prob=0.0282 (raw=0.0187)  vol=$11,013  trades=6  first_trade=2025-12-04 13:20  winrate=0.857  n_markets_traded=56.000  herfindahl_index_markets=0.065
10:51:35 [super]   #1273  0x42b6ffa7ff305f61f80a363290ee5d9d3ecd876f  prob=0.0282 (raw=0.0187)  vol=$7,193  trades=4  first_trade=2025-12-04 03:36  winrate=0.922  n_markets_traded=116.000  herfindahl_index_markets=0.016
10:51:35 [super]   #1274  0x59b39376f516b8fdaa01a37dce3f7cfcbbc54582  prob=0.0282 (raw=0.0186)  vol=$600  trades=2  first_trade=2025-12-04 13:58  winrate=0.711  n_markets_traded=45.000  herfindahl_index_markets=0.065
10:51:35 [super]   #1275  0x8f7a4b414417911e7e9bd738399874792cdbdb40  prob=0.0282 (raw=0.0186)  vol=$256,798  trades=108  first_trade=2025-12-04 03:43  winrate=NaN  n_markets_traded=0.000  herfindahl_index_markets=0.000
10:51:35 [super]   #1276  0xc87701a6a291db6b364f7df45eef620150b1bc5d  prob=0.0282 (raw=0.0186)  vol=$333  trades=2  first_trade=2025-12-05 07:48  winrate=0.000  n_markets_traded=4.000  herfindahl_index_markets=0.250
10:51:35 [super]   #1277  0xf83ec0e37ac9eece71c064507270e9001a734663  prob=0.0282 (raw=0.0185)  vol=$4,666  trades=14  first_trade=2025-12-04 06:52  winrate=NaN  n_markets_traded=0.000  herfindahl_index_markets=0.000
10:51:35 [super]   #1278  0x9e56d6d419879745ffdc5b90563c4364bb26e51d  prob=0.0282 (raw=0.0185)  vol=$5  trades=2  first_trade=2025-11-30 17:02  winrate=0.000  n_markets_traded=10.000  herfindahl_index_markets=0.251
10:51:35 [super]   #1279  0xaa77bf5349521fe2a9f5ea28302ed9b04c7edad6  prob=0.0282 (raw=0.0184)  vol=$1,609  trades=4  first_trade=2025-12-04 07:02  winrate=0.222  n_markets_traded=9.000  herfindahl_index_markets=0.200
10:51:35 [super]   #1280  0xab57cc188d8b0e3938005dcb55960e1768a2842b  prob=0.0282 (raw=0.0183)  vol=$200  trades=2  first_trade=2025-12-01 09:52  winrate=0.262  n_markets_traded=212.000  herfindahl_index_markets=0.048
10:51:35 [super]   #1281  0xfacd5eb6566d469f71fb42415177c74eb27d9109  prob=0.0282 (raw=0.0183)  vol=$15,294  trades=19  first_trade=2025-12-03 11:26  winrate=NaN  n_markets_traded=0.000  herfindahl_index_markets=0.000
10:51:35 [super]   #1282  0x48b3d4f34cf7cf957f072d42d5f6509e2e880d49  prob=0.0282 (raw=0.0183)  vol=$1  trades=2  first_trade=2025-12-03 06:04  winrate=0.062  n_markets_traded=16.000  herfindahl_index_markets=0.291
10:51:35 [super]   #1283  0x13b21b373f8fca6bf69c9d51662ad21ba01286e1  prob=0.0282 (raw=0.0183)  vol=$134  trades=5  first_trade=2025-12-04 05:23  winrate=0.246  n_markets_traded=61.000  herfindahl_index_markets=0.039
10:51:35 [super]   #1284  0x1587b77e62c79a7a64d5f65ff8b5c187fb9d42ed  prob=0.0282 (raw=0.0183)  vol=$32  trades=12  first_trade=2025-12-04 03:17  winrate=0.182  n_markets_traded=11.000  herfindahl_index_markets=0.170
10:51:35 [super]   #1285  0x21d8dd7917fd13a6ef152e3368512f01c50aad91  prob=0.0282 (raw=0.0182)  vol=$7,700  trades=6  first_trade=2025-12-04 05:07  winrate=0.440  n_markets_traded=216.000  herfindahl_index_markets=0.020
10:51:35 [super]   #1286  0x904580f941210f004016599c3f67f9f81328321a  prob=0.0281 (raw=0.0181)  vol=$38  trades=16  first_trade=2025-12-04 03:17  winrate=0.389  n_markets_traded=252.000  herfindahl_index_markets=0.012
10:51:35 [super]   #1287  0x36ed12955adcf43e9a08ce2d6f1039caf488f21a  prob=0.0281 (raw=0.0181)  vol=$3,556  trades=18  first_trade=2025-12-04 03:28  winrate=0.507  n_markets_traded=69.000  herfindahl_index_markets=0.035
10:51:35 [super]   #1288  0x594e244b9ccff43cf4a32aed82c74f0889c31ea2  prob=0.0281 (raw=0.0181)  vol=$30  trades=2  first_trade=2025-12-03 08:48  winrate=0.000  n_markets_traded=3.000  herfindahl_index_markets=0.396
10:51:35 [super]   #1289  0xdb962a2671a0ca37bb6e278e9b2ed441c555934f  prob=0.0281 (raw=0.0180)  vol=$41  trades=4  first_trade=2025-12-04 06:58  winrate=0.404  n_markets_traded=52.000  herfindahl_index_markets=0.039
10:51:35 [super]   #1290  0xc2cb0630acff784ffabb2af7a69f66bb7bcbfbf5  prob=0.0281 (raw=0.0180)  vol=$9,421  trades=2  first_trade=2025-12-05 10:41  winrate=0.624  n_markets_traded=275.000  herfindahl_index_markets=0.032
10:51:35 [super]   #1291  0xe1b361d6a6f237b9ed7534d19b232df8369e1426  prob=0.0281 (raw=0.0180)  vol=$2,161  trades=8  first_trade=2025-12-04 07:37  winrate=NaN  n_markets_traded=0.000  herfindahl_index_markets=0.000
10:51:35 [super]   #1292  0xedf3d0678e238fb685960523c43f7b3fe82d5eaa  prob=0.0281 (raw=0.0180)  vol=$188  trades=4  first_trade=2025-12-04 16:06  winrate=0.798  n_markets_traded=724.000  herfindahl_index_markets=0.013
10:51:35 [super]   #1293  0x0c394276d4f728767c03693148dac6026fd58213  prob=0.0281 (raw=0.0180)  vol=$50  trades=12  first_trade=2025-12-04 23:43  winrate=0.728  n_markets_traded=290.000  herfindahl_index_markets=0.021
10:51:35 [super]   #1294  0xb27f49a1cbe1e7b16ca646c930b21c02ad8b8908  prob=0.0281 (raw=0.0180)  vol=$762,849  trades=43  first_trade=2025-12-04 13:14  winrate=0.542  n_markets_traded=200.000  herfindahl_index_markets=0.035
10:51:35 [super]   #1295  0x4020166b330125d224dbd46449bb5fef8de611d1  prob=0.0281 (raw=0.0180)  vol=$2,001  trades=4  first_trade=2025-12-04 12:34  winrate=0.650  n_markets_traded=220.000  herfindahl_index_markets=0.015
10:51:35 [super]   #1296  0x6a96c6f0cdc1fe74eecc5aa093634cb2c47c7508  prob=0.0281 (raw=0.0180)  vol=$2,000  trades=2  first_trade=2025-12-07 18:17  winrate=0.059  n_markets_traded=118.000  herfindahl_index_markets=0.237
10:51:35 [super]   #1297  0x2a019dc0089ea8c6edbbafc8a7cc9ba77b4b6397  prob=0.0281 (raw=0.0179)  vol=$73,689  trades=46  first_trade=2025-12-04 06:12  winrate=NaN  n_markets_traded=0.000  herfindahl_index_markets=0.000
10:51:35 [super]   #1298  0x44afef32248bf8198f2d456a990464e69a1ec7dd  prob=0.0281 (raw=0.0179)  vol=$1,597  trades=10  first_trade=2025-12-04 08:15  winrate=0.482  n_markets_traded=583.000  herfindahl_index_markets=0.019
10:51:35 [super]   #1299  0xfeb0ed2df6c7fe51f07d5707fe72935c74fed4a4  prob=0.0281 (raw=0.0179)  vol=$58,652  trades=36  first_trade=2025-12-04 03:30  winrate=0.592  n_markets_traded=49.000  herfindahl_index_markets=0.075
10:51:35 [super]   #1300  0xfa4a72df41cd71eec27bdbfdda3b5ef4bcd7ac33  prob=0.0281 (raw=0.0178)  vol=$542  trades=5  first_trade=2025-12-04 07:38  winrate=0.034  n_markets_traded=177.000  herfindahl_index_markets=0.009
10:51:35 [super]   #1301  0xc6dd722558dbfbd8fa780efcbe819ed8c6604b9f  prob=0.0281 (raw=0.0178)  vol=$311,021  trades=136  first_trade=2025-12-04 03:27  winrate=NaN  n_markets_traded=0.000  herfindahl_index_markets=0.000
10:51:35 [super]   #1302  0x037b0a310066a10cd62f45de8696503ad4d147f4  prob=0.0281 (raw=0.0178)  vol=$2,500  trades=12  first_trade=2025-12-04 05:17  winrate=NaN  n_markets_traded=0.000  herfindahl_index_markets=0.000
10:51:35 [super]   #1303  0x3a7a7fe8677ca57d9fcf2583bded2663a615d2ec  prob=0.0281 (raw=0.0177)  vol=$100  trades=6  first_trade=2025-12-04 08:03  winrate=0.111  n_markets_traded=18.000  herfindahl_index_markets=0.087
10:51:35 [super]   #1304  0x568f7e0b1b8555ec32ac19938cb601349b28012b  prob=0.0281 (raw=0.0177)  vol=$80  trades=2  first_trade=2025-12-04 13:12  winrate=0.840  n_markets_traded=25.000  herfindahl_index_markets=0.150
10:51:35 [super]   #1305  0x4c386d04fc5732f718b722225fcac4159fe58c65  prob=0.0281 (raw=0.0177)  vol=$12  trades=2  first_trade=2025-12-05 07:35  winrate=0.579  n_markets_traded=19.000  herfindahl_index_markets=0.096
10:51:35 [super]   #1306  0x27d7000e9f709ccabaa84d28a44608d41a3f760f  prob=0.0281 (raw=0.0177)  vol=$1  trades=2  first_trade=2025-12-05 18:17  winrate=0.536  n_markets_traded=84.000  herfindahl_index_markets=0.039
10:51:35 [super]   #1307  0x1b5c26a392df8f2837da8f54442907cc4cf202d7  prob=0.0281 (raw=0.0177)  vol=$40  trades=2  first_trade=2025-12-04 11:52  winrate=0.750  n_markets_traded=52.000  herfindahl_index_markets=0.137
10:51:35 [super]   #1308  0xc89bf85a767f21317c55b54c71bd5d854f9c3fa6  prob=0.0281 (raw=0.0177)  vol=$16  trades=2  first_trade=2025-12-04 23:11  winrate=0.706  n_markets_traded=17.000  herfindahl_index_markets=0.151
10:51:35 [super]   #1309  0xb580ddecfb70047895c24f154926af04db497448  prob=0.0281 (raw=0.0177)  vol=$28  trades=2  first_trade=2025-12-05 11:25  winrate=0.556  n_markets_traded=9.000  herfindahl_index_markets=0.130
10:51:35 [super]   #1310  0x4377f429e3979a09b1bdae23ee84d35fa260b67f  prob=0.0281 (raw=0.0177)  vol=$21  trades=2  first_trade=2025-12-04 15:13  winrate=0.712  n_markets_traded=52.000  herfindahl_index_markets=0.125
10:51:35 [super]   #1311  0xa24619d17fab4db7a46b10326fc2b6841979cf68  prob=0.0281 (raw=0.0177)  vol=$2  trades=2  first_trade=2025-12-05 07:40  winrate=0.529  n_markets_traded=34.000  herfindahl_index_markets=0.040
10:51:35 [super]   #1312  0xf148c384345acfa2d58127d9cb5e8b50e2f48ec0  prob=0.0281 (raw=0.0177)  vol=$2  trades=2  first_trade=2025-12-04 13:26  winrate=0.548  n_markets_traded=104.000  herfindahl_index_markets=0.059
10:51:35 [super]   #1313  0x78cce4a061b3941d9d4479283a142b89674261a7  prob=0.0281 (raw=0.0177)  vol=$6  trades=2  first_trade=2025-12-05 10:22  winrate=0.562  n_markets_traded=16.000  herfindahl_index_markets=0.113
10:51:35 [super]   #1314  0x7b2ac60184d0794d2f9b87614ad8d5c1bc294957  prob=0.0281 (raw=0.0177)  vol=$2  trades=2  first_trade=2025-12-05 08:41  winrate=0.632  n_markets_traded=19.000  herfindahl_index_markets=0.120
10:51:35 [super]   #1315  0xd8a9d7ab4633cdbfd4f7c8c2f5c75eaecc7cf1e6  prob=0.0281 (raw=0.0177)  vol=$2  trades=2  first_trade=2025-12-05 08:08  winrate=0.667  n_markets_traded=18.000  herfindahl_index_markets=0.116
10:51:35 [super]   #1316  0x2b7e6f9d07a4fa8f172c4c2bf4d579e5ebe21f4e  prob=0.0281 (raw=0.0177)  vol=$21  trades=2  first_trade=2025-12-04 15:05  winrate=0.750  n_markets_traded=52.000  herfindahl_index_markets=0.106
10:51:35 [super]   #1317  0x59b1f4c46f4fbd1d16fb0c9cfcbb6d721cd007ed  prob=0.0281 (raw=0.0177)  vol=$2  trades=2  first_trade=2025-12-05 07:32  winrate=0.562  n_markets_traded=16.000  herfindahl_index_markets=0.151
10:51:35 [super]   #1318  0xc2f31ac3eb0750227b79a99cc7597464c20a327b  prob=0.0281 (raw=0.0177)  vol=$20  trades=2  first_trade=2025-12-04 15:37  winrate=0.712  n_markets_traded=52.000  herfindahl_index_markets=0.134
10:51:35 [super]   #1319  0xe95e726d0ca927874f3998d815bfec51d19261f2  prob=0.0281 (raw=0.0177)  vol=$10,000  trades=2  first_trade=2025-12-04 22:03  winrate=0.556  n_markets_traded=62.000  herfindahl_index_markets=0.045
10:51:35 [super]   #1320  0x8050c5311bfba4cae7202ce4556bc7fd200314b7  prob=0.0281 (raw=0.0177)  vol=$237  trades=2  first_trade=2025-12-01 18:20  winrate=0.837  n_markets_traded=43.000  herfindahl_index_markets=0.067
10:51:35 [super]   #1321  0x2f9e69813e2d6893cefcb6a500de87a12d721dc0  prob=0.0281 (raw=0.0177)  vol=$209  trades=2  first_trade=2025-12-01 14:38  winrate=0.833  n_markets_traded=30.000  herfindahl_index_markets=0.065
10:51:35 [super]   #1322  0x293612a1d1688203580d19d9a4a80f845a743cd3  prob=0.0281 (raw=0.0177)  vol=$40  trades=2  first_trade=2025-12-04 05:11  winrate=0.429  n_markets_traded=14.000  herfindahl_index_markets=0.105
10:51:35 [super]   #1323  0x39ef1ce1c65cf6722c0bc0e1f07b70b2aadfc774  prob=0.0281 (raw=0.0176)  vol=$14  trades=3  first_trade=2025-12-02 20:46  winrate=0.600  n_markets_traded=25.000  herfindahl_index_markets=0.076
10:51:35 [super]   #1324  0x122cdd9db64fd8dc3ebab813218e3effe21f821f  prob=0.0281 (raw=0.0176)  vol=$147,814  trades=11  first_trade=2025-12-04 07:56  winrate=NaN  n_markets_traded=0.000  herfindahl_index_markets=0.000
10:51:35 [super]   #1325  0x713f81c54bcea95b8bb0f35a03cfa758aef822cc  prob=0.0281 (raw=0.0176)  vol=$2,297  trades=15  first_trade=2025-12-04 03:24  winrate=0.390  n_markets_traded=136.000  herfindahl_index_markets=0.020
10:51:35 [super]   #1326  0x270145a4e7eb0aaac558bdc199194f04d72e6d65  prob=0.0281 (raw=0.0175)  vol=$73  trades=10  first_trade=2025-12-04 03:54  winrate=0.533  n_markets_traded=75.000  herfindahl_index_markets=0.045
10:51:35 [super]   #1327  0xf1f7df94417dbfdbf8fe4924580817da1e3ffa11  prob=0.0281 (raw=0.0175)  vol=$18,541  trades=10  first_trade=2025-12-04 03:18  winrate=0.734  n_markets_traded=290.000  herfindahl_index_markets=0.011
10:51:35 [super]   #1328  0x9c632cabea7a71a5d0d707341be7d2a5d5e4ab50  prob=0.0281 (raw=0.0175)  vol=$284  trades=9  first_trade=2025-11-27 17:32  winrate=0.545  n_markets_traded=156.000  herfindahl_index_markets=0.026
10:51:35 [super]   #1329  0xcd71fd5370880f3d92bb941e628c05840fe0d127  prob=0.0281 (raw=0.0175)  vol=$47,674  trades=12  first_trade=2025-12-04 12:58  winrate=NaN  n_markets_traded=0.000  herfindahl_index_markets=0.000
10:51:35 [super]   #1330  0xc56909fd0c506661621a4e07fbbf363bcd62039b  prob=0.0281 (raw=0.0175)  vol=$4  trades=10  first_trade=2025-11-27 04:40  winrate=0.606  n_markets_traded=568.000  herfindahl_index_markets=0.004
10:51:35 [super]   #1331  0x89d2d2bc1dcefb6f2940d34a6d092e60c52c6031  prob=0.0281 (raw=0.0174)  vol=$6,005  trades=17  first_trade=2025-12-04 03:49  winrate=0.387  n_markets_traded=305.000  herfindahl_index_markets=0.023
10:51:35 [super]   #1332  0xef284c61a9a90842cbac8408cc067f89f7912d50  prob=0.0281 (raw=0.0173)  vol=$2,000  trades=4  first_trade=2025-12-04 10:47  winrate=0.261  n_markets_traded=165.000  herfindahl_index_markets=0.034
10:51:35 [super]   #1333  0x819e6a947c9fa591a8cf41b2dac86793f114e967  prob=0.0281 (raw=0.0173)  vol=$1,371  trades=8  first_trade=2025-12-04 08:00  winrate=0.353  n_markets_traded=122.000  herfindahl_index_markets=0.080
10:51:35 [super]   #1334  0x8b34a0ec598af1ab94ef3c421cd5656e73d5398e  prob=0.0281 (raw=0.0173)  vol=$16  trades=4  first_trade=2025-12-05 06:33  winrate=0.333  n_markets_traded=6.000  herfindahl_index_markets=0.212
10:51:35 [super]   #1335  0xec0e79eac264b1492f131f195578f727e99a1e4e  prob=0.0280 (raw=0.0173)  vol=$1,198  trades=2  first_trade=2025-12-04 09:44  winrate=0.405  n_markets_traded=37.000  herfindahl_index_markets=0.091
10:51:35 [super]   #1336  0xc436e72070fffd94efe821550ae0192c6d0b76c9  prob=0.0280 (raw=0.0173)  vol=$61  trades=7  first_trade=2025-12-04 03:27  winrate=0.504  n_markets_traded=244.000  herfindahl_index_markets=0.011
10:51:35 [super]   #1337  0x1f3091804a0733b55d3ce43f4f7e0bea065168a5  prob=0.0280 (raw=0.0172)  vol=$19  trades=4  first_trade=2025-12-03 21:26  winrate=0.471  n_markets_traded=17.000  herfindahl_index_markets=0.140
10:51:35 [super]   #1338  0x22d71985cb4ac9697a2a07905b858b602d6884e0  prob=0.0280 (raw=0.0172)  vol=$50  trades=2  first_trade=2025-12-04 07:22  winrate=0.207  n_markets_traded=87.000  herfindahl_index_markets=0.051
10:51:35 [super]   #1339  0x0bcad04db28d8e1560b22584d8dae7b7f7617906  prob=0.0280 (raw=0.0172)  vol=$2  trades=3  first_trade=2025-12-04 21:55  winrate=0.200  n_markets_traded=20.000  herfindahl_index_markets=0.077
10:51:35 [super]   #1340  0x9246695a4c5498e103296425a37d6f7b349314c5  prob=0.0280 (raw=0.0171)  vol=$500  trades=3  first_trade=2025-12-04 04:53  winrate=0.222  n_markets_traded=36.000  herfindahl_index_markets=0.100
10:51:35 [super]   #1341  0x72f4908189b7a402a189cae5b87b3e8659284f20  prob=0.0280 (raw=0.0171)  vol=$1,194  trades=4  first_trade=2025-12-04 07:44  winrate=0.273  n_markets_traded=11.000  herfindahl_index_markets=0.221
10:51:35 [super]   #1342  0x5c14eb6a6d5083c003daa8241ed559d2dc82cc49  prob=0.0280 (raw=0.0171)  vol=$42,704  trades=5  first_trade=2025-12-04 08:00  winrate=0.114  n_markets_traded=44.000  herfindahl_index_markets=0.064
10:51:35 [super]   #1343  0x17d6af8c6d7467c0199e900f3c1b30b610839193  prob=0.0280 (raw=0.0171)  vol=$5  trades=2  first_trade=2025-12-05 06:29  winrate=0.000  n_markets_traded=5.000  herfindahl_index_markets=0.216
10:51:35 [super]   #1344  0xc99dc29d3825dc0ae9232f53eae75adb20d35d6b  prob=0.0280 (raw=0.0170)  vol=$30  trades=3  first_trade=2025-12-07 13:54  winrate=0.460  n_markets_traded=113.000  herfindahl_index_markets=0.072
10:51:35 [super]   #1345  0xa9736e281441255fc815a65ae4f9ba4c0b77f0f6  prob=0.0280 (raw=0.0170)  vol=$4,660  trades=5  first_trade=2025-12-01 15:46  winrate=0.565  n_markets_traded=131.000  herfindahl_index_markets=0.065
10:51:35 [super]   #1346  0xfd0ee585bf699259f6a1671b4b1675d07f07a9c8  prob=0.0280 (raw=0.0169)  vol=$500  trades=2  first_trade=2025-12-02 00:31  winrate=0.652  n_markets_traded=132.000  herfindahl_index_markets=0.043
10:51:35 [super]   #1347  0x022c37f203b8aeadf687e00d5a0f055498f67a01  prob=0.0280 (raw=0.0169)  vol=$388  trades=7  first_trade=2025-12-02 19:54  winrate=0.609  n_markets_traded=151.000  herfindahl_index_markets=0.029
10:51:35 [super]   #1348  0x881c96562048cf2e0af6558d1f253ad50b000d72  prob=0.0280 (raw=0.0169)  vol=$30,705  trades=12  first_trade=2025-12-04 17:14  winrate=0.200  n_markets_traded=20.000  herfindahl_index_markets=0.230
10:51:35 [super]   #1349  0xa710f0eae9129df28a52e886902c443364004173  prob=0.0280 (raw=0.0169)  vol=$2,921  trades=12  first_trade=2025-12-04 05:14  winrate=0.261  n_markets_traded=22.000  herfindahl_index_markets=0.167
10:51:35 [super]   #1350  0x0bfaa3780d0c94c7cebee3f6e029356fee1f7eac  prob=0.0280 (raw=0.0169)  vol=$450  trades=4  first_trade=2025-12-04 22:16  winrate=0.214  n_markets_traded=28.000  herfindahl_index_markets=0.234
10:51:35 [super]   #1351  0x263d1abc75c8e085680700c4969313312959d077  prob=0.0280 (raw=0.0169)  vol=$9,790  trades=8  first_trade=2025-12-05 11:14  winrate=0.400  n_markets_traded=35.000  herfindahl_index_markets=0.087
10:51:35 [super]   #1352  0x16f3951b6d2b5edf2c6570fc6328b8e913d51263  prob=0.0280 (raw=0.0168)  vol=$210  trades=6  first_trade=2025-12-02 09:54  winrate=0.608  n_markets_traded=51.000  herfindahl_index_markets=0.041
10:51:35 [super]   #1353  0x3a736813a49adedf7d9e8b4830ff65f840909daa  prob=0.0280 (raw=0.0168)  vol=$5,657  trades=7  first_trade=2025-12-05 03:08  winrate=0.579  n_markets_traded=478.000  herfindahl_index_markets=0.013
10:51:35 [super]   #1354  0x0c717879ff5aa02f3f26054c253947fc9111e75a  prob=0.0280 (raw=0.0168)  vol=$2  trades=2  first_trade=2025-12-05 06:49  winrate=0.704  n_markets_traded=27.000  herfindahl_index_markets=0.108
10:51:35 [super]   #1355  0x9c761f02a05b252b02a4e288694288c448808d1c  prob=0.0280 (raw=0.0168)  vol=$1,499  trades=4  first_trade=2025-12-04 20:37  winrate=NaN  n_markets_traded=0.000  herfindahl_index_markets=0.000
10:51:35 [super]   #1356  0x4b932500e0902501e7f31fb5aae17cb8300c843a  prob=0.0280 (raw=0.0168)  vol=$340  trades=4  first_trade=2025-12-04 06:50  winrate=0.691  n_markets_traded=81.000  herfindahl_index_markets=0.040
10:51:35 [super]   #1357  0x9e8077593bf0a6fd63f988dcf589f7558897f694  prob=0.0280 (raw=0.0167)  vol=$35,919  trades=34  first_trade=2025-12-04 22:31  winrate=NaN  n_markets_traded=0.000  herfindahl_index_markets=0.000
10:51:35 [super]   #1358  0x902265aecaa8622e58fbd75cf7651f7a14e1db5b  prob=0.0280 (raw=0.0167)  vol=$36  trades=6  first_trade=2025-12-05 09:25  winrate=0.038  n_markets_traded=26.000  herfindahl_index_markets=0.179
10:51:35 [super]   #1359  0x980f7d5985b7ea143a5cb9f64815fff6c2fa778c  prob=0.0280 (raw=0.0166)  vol=$292  trades=9  first_trade=2025-12-01 15:53  winrate=0.448  n_markets_traded=58.000  herfindahl_index_markets=0.037
10:51:35 [super]   #1360  0xbeb7c160646c9967df5116c1f4cf1997dd3a5985  prob=0.0280 (raw=0.0166)  vol=$294  trades=2  first_trade=2025-12-04 07:16  winrate=0.386  n_markets_traded=57.000  herfindahl_index_markets=0.052
10:51:35 [super]   #1361  0x8a1b0f563ee364311d3eb57b79d6d5d3ac0e7162  prob=0.0280 (raw=0.0166)  vol=$50  trades=4  first_trade=2025-12-03 01:49  winrate=0.113  n_markets_traded=151.000  herfindahl_index_markets=0.037
10:51:35 [super]   #1362  0x8ebfdc251c6c378d4a3a54a8f15cebfa4b9183ce  prob=0.0280 (raw=0.0166)  vol=$88,008  trades=57  first_trade=2025-12-04 22:05  winrate=NaN  n_markets_traded=0.000  herfindahl_index_markets=0.000
10:51:35 [super]   #1363  0x0523ff55bd7525d5fbda5c77f80f61662db4e38b  prob=0.0280 (raw=0.0165)  vol=$34,697  trades=46  first_trade=2025-12-04 03:39  winrate=NaN  n_markets_traded=0.000  herfindahl_index_markets=0.000
10:51:35 [super]   #1364  0x44c1dfe43260c94ed4f1d00de2e1f80fb113ebc1  prob=0.0280 (raw=0.0164)  vol=$608,603  trades=62  first_trade=2025-12-04 03:17  winrate=NaN  n_markets_traded=0.000  herfindahl_index_markets=0.000
10:51:35 [super]   #1365  0x957eca7980eee1145348d0c66b0ae93ab5125758  prob=0.0279 (raw=0.0164)  vol=$6,607  trades=6  first_trade=2025-12-04 07:51  winrate=0.222  n_markets_traded=27.000  herfindahl_index_markets=0.099
10:51:35 [super]   #1366  0x6ef589efb6ebf53d5efecb333b7f74615f129e19  prob=0.0279 (raw=0.0164)  vol=$12,675  trades=8  first_trade=2025-12-04 07:30  winrate=0.275  n_markets_traded=69.000  herfindahl_index_markets=0.064
10:51:35 [super]   #1367  0x39d0f1dca6fb7e5514858c1a337724a426764fe8  prob=0.0279 (raw=0.0163)  vol=$1,908  trades=9  first_trade=2025-12-04 03:22  winrate=NaN  n_markets_traded=0.000  herfindahl_index_markets=0.000
10:51:35 [super]   #1368  0x3f8547e79f03efa2515dbf151d2ed8a05588ce10  prob=0.0279 (raw=0.0163)  vol=$5  trades=2  first_trade=2025-12-05 07:50  winrate=0.375  n_markets_traded=48.000  herfindahl_index_markets=0.068
10:51:35 [super]   #1369  0xe4781c471ecbe7ca20c36dd33f0fd33ebac2d42c  prob=0.0279 (raw=0.0163)  vol=$44  trades=4  first_trade=2025-11-30 13:25  winrate=0.448  n_markets_traded=58.000  herfindahl_index_markets=0.039
10:51:35 [super]   #1370  0x825135c386d92dcc2fcfaa41be2373c21ae9e150  prob=0.0279 (raw=0.0163)  vol=$1,389  trades=3  first_trade=2025-12-04 07:26  winrate=0.467  n_markets_traded=30.000  herfindahl_index_markets=0.083
10:51:35 [super]   #1371  0x660622caad009a8cc1f38038c0913be658621338  prob=0.0279 (raw=0.0163)  vol=$49,950  trades=12  first_trade=2025-12-07 08:26  winrate=NaN  n_markets_traded=0.000  herfindahl_index_markets=0.000
10:51:35 [super]   #1372  0xf1858151e6287124aa84b31afaa262741853aceb  prob=0.0279 (raw=0.0161)  vol=$10,040  trades=4  first_trade=2025-12-04 16:08  winrate=0.067  n_markets_traded=15.000  herfindahl_index_markets=0.213
10:51:35 [super]   #1373  0x7215255444956a7921805b2187c7f8c9647bb959  prob=0.0279 (raw=0.0160)  vol=$248  trades=4  first_trade=2025-12-04 21:15  winrate=0.074  n_markets_traded=54.000  herfindahl_index_markets=0.028
10:51:35 [super]   #1374  0xdacf9f8d0341fa3770fae5c7ccd9dcfed23e3c74  prob=0.0279 (raw=0.0160)  vol=$1,272  trades=22  first_trade=2025-12-04 05:44  winrate=NaN  n_markets_traded=0.000  herfindahl_index_markets=0.000
10:51:35 [super]   #1375  0xa2597462895928358c218c00b3553faa37689e5f  prob=0.0279 (raw=0.0160)  vol=$6  trades=6  first_trade=2025-12-04 19:50  winrate=0.529  n_markets_traded=17.000  herfindahl_index_markets=0.094
10:51:35 [super]   #1376  0x44e22ca1dbb63153f1058a2c283115d1b37510df  prob=0.0279 (raw=0.0160)  vol=$89  trades=5  first_trade=2025-12-04 07:53  winrate=0.500  n_markets_traded=18.000  herfindahl_index_markets=0.090
10:51:35 [super]   #1377  0x1cb352f505c465a4b1c0817f56e3741f7e496344  prob=0.0279 (raw=0.0160)  vol=$60  trades=8  first_trade=2025-12-05 16:26  winrate=0.557  n_markets_traded=61.000  herfindahl_index_markets=0.048
10:51:35 [super]   #1378  0xb10047d6a254b2ebb306d7a7d13bf59171ab6461  prob=0.0279 (raw=0.0160)  vol=$30,445  trades=30  first_trade=2025-12-02 04:23  winrate=NaN  n_markets_traded=0.000  herfindahl_index_markets=0.000
10:51:35 [super]   #1379  0x53a4f5be7d64abd9c49835374b5686cb86454447  prob=0.0279 (raw=0.0159)  vol=$44,738  trades=15  first_trade=2025-12-04 07:58  winrate=0.360  n_markets_traded=39.000  herfindahl_index_markets=0.069
10:51:35 [super]   #1380  0x303c5f6f2641f1293cb8e548d080b1c02d9f4487  prob=0.0279 (raw=0.0159)  vol=$1,449  trades=6  first_trade=2025-12-03 00:45  winrate=0.598  n_markets_traded=164.000  herfindahl_index_markets=0.044
10:51:35 [super]   #1381  0x90448cec34e3cfa75212374ea45ed01a258c6364  prob=0.0279 (raw=0.0159)  vol=$576  trades=4  first_trade=2025-12-04 07:48  winrate=NaN  n_markets_traded=0.000  herfindahl_index_markets=0.000
10:51:35 [super]   #1382  0xdd8b0f2fa87d90cb8cb83d613cbe9fc54b9d657d  prob=0.0279 (raw=0.0159)  vol=$734  trades=12  first_trade=2025-12-04 03:20  winrate=0.364  n_markets_traded=44.000  herfindahl_index_markets=0.046
10:51:35 [super]   #1383  0x17663fc676efb2016ca78c53617ddc281dcd5705  prob=0.0279 (raw=0.0158)  vol=$3,514  trades=3  first_trade=2025-12-04 06:29  winrate=0.208  n_markets_traded=48.000  herfindahl_index_markets=0.111
10:51:35 [super]   #1384  0xb8415ce9e03af2618cf6f6c549c26e8953613cfb  prob=0.0279 (raw=0.0158)  vol=$217  trades=3  first_trade=2025-12-04 13:26  winrate=NaN  n_markets_traded=0.000  herfindahl_index_markets=0.000
10:51:35 [super]   #1385  0x5040b5e76b45aeff6ccbb21b1aad0ccc2fa296cf  prob=0.0279 (raw=0.0156)  vol=$856  trades=14  first_trade=2025-12-04 05:21  winrate=NaN  n_markets_traded=0.000  herfindahl_index_markets=0.000
10:51:35 [super]   #1386  0x22d6a934594654a2095a4a6cdef113b73abf376a  prob=0.0279 (raw=0.0156)  vol=$501  trades=4  first_trade=2025-12-04 17:47  winrate=0.000  n_markets_traded=7.000  herfindahl_index_markets=0.203
10:51:35 [super]   #1387  0x58c028e7c41ba7ef2bde2142cd371cf491661c8e  prob=0.0279 (raw=0.0156)  vol=$16,180  trades=13  first_trade=2025-12-04 03:14  winrate=NaN  n_markets_traded=0.000  herfindahl_index_markets=0.000
10:51:35 [super]   #1388  0x125840f13ae86a88ea6fb3370122536b75230c15  prob=0.0279 (raw=0.0156)  vol=$728  trades=7  first_trade=2025-12-02 20:03  winrate=0.147  n_markets_traded=34.000  herfindahl_index_markets=0.072
10:51:35 [super]   #1389  0xa5f2948c47aac1e8cfdf6cfb878e7a64c9e29d80  prob=0.0278 (raw=0.0155)  vol=$2,000  trades=4  first_trade=2025-12-06 21:22  winrate=0.111  n_markets_traded=9.000  herfindahl_index_markets=0.163
10:51:35 [super]   #1390  0xb6a27b5164f83c5ab7a42a5cf85abd0bcf030cb0  prob=0.0278 (raw=0.0155)  vol=$206  trades=3  first_trade=2025-12-01 18:12  winrate=0.455  n_markets_traded=99.000  herfindahl_index_markets=0.110
10:51:35 [super]   #1391  0x285a8aab3ff46fb9fd9dfc163fe0c2cbad88b323  prob=0.0278 (raw=0.0155)  vol=$1,000  trades=2  first_trade=2025-12-07 14:53  winrate=0.391  n_markets_traded=233.000  herfindahl_index_markets=0.007
10:51:35 [super]   #1392  0x9314161964d74917bca5199ca9440cad29f4d74c  prob=0.0278 (raw=0.0155)  vol=$5,000  trades=2  first_trade=2025-12-07 13:33  winrate=0.491  n_markets_traded=161.000  herfindahl_index_markets=0.119
10:51:35 [super]   #1393  0x01ba77bb2cd176666267617bdb5707701fe193f1  prob=0.0278 (raw=0.0155)  vol=$204  trades=4  first_trade=2025-12-04 21:29  winrate=0.032  n_markets_traded=63.000  herfindahl_index_markets=0.021
10:51:35 [super]   #1394  0x18253cbbd05966cfb3b99cbdaf751daeeeed8695  prob=0.0278 (raw=0.0155)  vol=$174  trades=4  first_trade=2025-12-04 21:38  winrate=0.052  n_markets_traded=58.000  herfindahl_index_markets=0.026
10:51:35 [super]   #1395  0x088ffbbc6f2c0b3839d2832e75f37e1bcecbc9e7  prob=0.0278 (raw=0.0155)  vol=$20,206  trades=23  first_trade=2025-12-04 06:09  winrate=NaN  n_markets_traded=0.000  herfindahl_index_markets=0.000
10:51:35 [super]   #1396  0xc25427ea224b8f9fa2df801233f944006ed33f73  prob=0.0278 (raw=0.0154)  vol=$214,028  trades=96  first_trade=2025-11-26 19:19  winrate=NaN  n_markets_traded=0.000  herfindahl_index_markets=0.000
10:51:35 [super]   #1397  0x9ecc458843337b450198b8a2af16d7f3ae836b37  prob=0.0278 (raw=0.0154)  vol=$202  trades=2  first_trade=2025-12-02 01:34  winrate=0.617  n_markets_traded=60.000  herfindahl_index_markets=0.037
10:51:35 [super]   #1398  0x01f43d44e8bfcb5fd29e984b2430ffc540412c5e  prob=0.0278 (raw=0.0154)  vol=$55  trades=2  first_trade=2025-12-04 04:51  winrate=0.376  n_markets_traded=109.000  herfindahl_index_markets=0.053
10:51:35 [super]   #1399  0x0974d7a915229cb770fb43ac46f360dcf964003d  prob=0.0278 (raw=0.0153)  vol=$3,162  trades=73  first_trade=2025-12-02 19:44  winrate=NaN  n_markets_traded=0.000  herfindahl_index_markets=0.000
10:51:35 [super]   #1400  0xb3d7315c78723fe5fccd6496e3155f12b0a961b8  prob=0.0278 (raw=0.0153)  vol=$428  trades=31  first_trade=2025-12-02 04:36  winrate=NaN  n_markets_traded=0.000  herfindahl_index_markets=0.000
10:51:35 [super]   #1401  0x8304ada4e1747a1d188d7233b5c047dfce42f086  prob=0.0278 (raw=0.0153)  vol=$132  trades=9  first_trade=2025-12-04 03:16  winrate=0.653  n_markets_traded=211.000  herfindahl_index_markets=0.012
10:51:35 [super]   #1402  0x68be752d9063ed21324870d15b9db2e8b46e9fd7  prob=0.0278 (raw=0.0152)  vol=$600  trades=4  first_trade=2025-12-04 03:30  winrate=0.261  n_markets_traded=23.000  herfindahl_index_markets=0.198
10:51:35 [super]   #1403  0x93b9114efd9d72720f0a67205208b332ae6ba48b  prob=0.0278 (raw=0.0152)  vol=$19,920  trades=3  first_trade=2025-12-04 08:05  winrate=0.301  n_markets_traded=103.000  herfindahl_index_markets=0.124
10:51:35 [super]   #1404  0x5e16f02765e04f83ed0a9900c2b69c9a58d241f8  prob=0.0278 (raw=0.0152)  vol=$323  trades=5  first_trade=2025-12-05 02:29  winrate=0.414  n_markets_traded=594.000  herfindahl_index_markets=0.004
10:51:35 [super]   #1405  0x108d30065a573f9d2fb06e05ca140810f453508a  prob=0.0278 (raw=0.0152)  vol=$12,136  trades=16  first_trade=2025-12-04 06:14  winrate=0.472  n_markets_traded=286.000  herfindahl_index_markets=0.016
10:51:35 [super]   #1406  0xaf51a9e749c14a2b9d0589b7b1f0cc8ca8aa4b53  prob=0.0278 (raw=0.0152)  vol=$8,977  trades=7  first_trade=2025-12-04 06:18  winrate=NaN  n_markets_traded=0.000  herfindahl_index_markets=0.000
10:51:35 [super]   #1407  0x418ff815cfadd29aab712a09b9223e8fe9867b8f  prob=0.0278 (raw=0.0152)  vol=$2,000  trades=2  first_trade=2025-12-05 03:32  winrate=0.377  n_markets_traded=244.000  herfindahl_index_markets=0.041
10:51:35 [super]   #1408  0x4b73153748ea5d223244c70f292841e37ede053a  prob=0.0278 (raw=0.0152)  vol=$6  trades=6  first_trade=2025-12-04 19:45  winrate=0.000  n_markets_traded=6.000  herfindahl_index_markets=0.184
10:51:35 [super]   #1409  0x7ed752c0aaba9af89700033475b30956fbfb27be  prob=0.0278 (raw=0.0152)  vol=$500  trades=4  first_trade=2025-12-04 13:19  winrate=0.000  n_markets_traded=6.000  herfindahl_index_markets=0.167
10:51:35 [super]   #1410  0x95c8499569dac8faea4f9a21c553184b4202f511  prob=0.0278 (raw=0.0151)  vol=$18,235  trades=15  first_trade=2025-12-04 07:33  winrate=NaN  n_markets_traded=0.000  herfindahl_index_markets=0.000
10:51:35 [super]   #1411  0x969097f45ae54696d3a8726c6ae66f3716861306  prob=0.0278 (raw=0.0151)  vol=$18  trades=3  first_trade=2025-12-04 20:10  winrate=0.071  n_markets_traded=14.000  herfindahl_index_markets=0.204
10:51:35 [super]   #1412  0x5fdf9e1f2d849628f6d0f0729430626a23712c5b  prob=0.0278 (raw=0.0151)  vol=$47,127  trades=17  first_trade=2025-12-04 06:44  winrate=0.545  n_markets_traded=11.000  herfindahl_index_markets=0.116
10:51:35 [super]   #1413  0x9fff9fde99509a519bac4a8456d01f60fbbd740f  prob=0.0278 (raw=0.0151)  vol=$425  trades=12  first_trade=2025-12-04 04:53  winrate=0.552  n_markets_traded=58.000  herfindahl_index_markets=0.050
10:51:35 [super]   #1414  0x822e62e3b5d5077c0a8a6bd122d276ece1c65feb  prob=0.0278 (raw=0.0151)  vol=$2,456  trades=5  first_trade=2025-12-04 05:39  winrate=0.791  n_markets_traded=273.000  herfindahl_index_markets=0.010
10:51:35 [super]   #1415  0x7d0c9f5642d77c1fb43fa41e9ab60e2da39db629  prob=0.0278 (raw=0.0150)  vol=$140  trades=2  first_trade=2025-12-05 12:19  winrate=0.062  n_markets_traded=64.000  herfindahl_index_markets=0.021
10:51:35 [super]   #1416  0x98ec089d1d8ad2bf49ba18bf5ad3773085698fd6  prob=0.0278 (raw=0.0150)  vol=$2,004  trades=4  first_trade=2025-12-04 08:53  winrate=0.227  n_markets_traded=110.000  herfindahl_index_markets=0.028
10:51:35 [super]   #1417  0x7b676d5a6379855773d405fcf19b9aa577651b07  prob=0.0278 (raw=0.0150)  vol=$44,415  trades=7  first_trade=2025-11-26 21:32  winrate=NaN  n_markets_traded=0.000  herfindahl_index_markets=0.000
10:51:35 [super]   #1418  0xd3cf2464729c5021a99f60238a54abaa5744a583  prob=0.0278 (raw=0.0149)  vol=$7  trades=4  first_trade=2025-12-02 01:53  winrate=0.394  n_markets_traded=137.000  herfindahl_index_markets=0.050
10:51:35 [super]   #1419  0xd5707ff4ff6476f0ea344a46770c84b4436fb90a  prob=0.0278 (raw=0.0149)  vol=$997  trades=7  first_trade=2025-12-04 05:06  winrate=0.314  n_markets_traded=70.000  herfindahl_index_markets=0.043
10:51:35 [super]   #1420  0x24a58862b5d13458cf117e42b5245c5c18f3b3bb  prob=0.0278 (raw=0.0149)  vol=$4  trades=4  first_trade=2025-12-04 19:48  winrate=NaN  n_markets_traded=0.000  herfindahl_index_markets=0.000
10:51:35 [super]   #1421  0xdfe3fedc5c7679be42c3d393e99d4b55247b73c4  prob=0.0278 (raw=0.0147)  vol=$37,708  trades=37  first_trade=2025-12-04 05:34  winrate=NaN  n_markets_traded=0.000  herfindahl_index_markets=0.000
10:51:35 [super]   #1422  0x13098c1768ddd0ed2e17dc4a437e126c8eab2c97  prob=0.0278 (raw=0.0147)  vol=$32  trades=4  first_trade=2025-12-04 06:07  winrate=0.429  n_markets_traded=14.000  herfindahl_index_markets=0.132
10:51:35 [super]   #1423  0x9b0a4d16627936c3b240c76b8943b2a42e542254  prob=0.0278 (raw=0.0147)  vol=$7  trades=7  first_trade=2025-12-04 06:22  winrate=0.398  n_markets_traded=81.000  herfindahl_index_markets=0.042
10:51:35 [super]   #1424  0xca972b9bf601b72506d4c3e98bee9518a6afecce  prob=0.0278 (raw=0.0147)  vol=$4,008  trades=3  first_trade=2025-12-04 15:29  winrate=0.415  n_markets_traded=41.000  herfindahl_index_markets=0.075
10:51:35 [super]   #1425  0x2c9452f60bbc8decfde2d3d6992dc89fe38147d3  prob=0.0278 (raw=0.0147)  vol=$667  trades=2  first_trade=2025-12-04 12:35  winrate=0.312  n_markets_traded=16.000  herfindahl_index_markets=0.085
10:51:35 [super]   #1426  0xf3c73de1742b665c3676aab2a8e34c3fdcbba919  prob=0.0277 (raw=0.0147)  vol=$2  trades=2  first_trade=2025-12-04 20:23  winrate=0.579  n_markets_traded=57.000  herfindahl_index_markets=0.035
10:51:35 [super]   #1427  0x1440ca8ac6367f37f7f700087da24bfe0c5b7712  prob=0.0277 (raw=0.0147)  vol=$5  trades=1  first_trade=2025-12-04 06:09  winrate=0.525  n_markets_traded=157.000  herfindahl_index_markets=0.021
10:51:35 [super]   #1428  0x95b7eeb039775b9a0058f02dc7e58ca249a1c651  prob=0.0277 (raw=0.0147)  vol=$3  trades=2  first_trade=2025-12-04 18:43  winrate=0.750  n_markets_traded=76.000  herfindahl_index_markets=0.028
10:51:35 [super]   #1429  0x51ec7ad62f3e44e15fbbcb947ec81bc6f68805fd  prob=0.0277 (raw=0.0147)  vol=$258  trades=6  first_trade=2025-12-04 07:53  winrate=0.542  n_markets_traded=120.000  herfindahl_index_markets=0.041
10:51:35 [super]   #1430  0x34a9b8ab09d930e9b14d01875e2364e3896a9e88  prob=0.0277 (raw=0.0147)  vol=$18,589  trades=17  first_trade=2025-12-04 03:37  winrate=0.431  n_markets_traded=178.000  herfindahl_index_markets=0.016
10:51:35 [super]   #1431  0xd7c0f5c990284b78fb1df4d8ccf558a63d3b55ff  prob=0.0277 (raw=0.0146)  vol=$3,071  trades=10  first_trade=2025-12-04 05:57  winrate=0.122  n_markets_traded=41.000  herfindahl_index_markets=0.197
10:51:35 [super]   #1432  0x182791cb28239d43fef481613c113e77536b0ede  prob=0.0277 (raw=0.0146)  vol=$24  trades=4  first_trade=2025-12-05 00:56  winrate=0.148  n_markets_traded=27.000  herfindahl_index_markets=0.060
10:51:35 [super]   #1433  0xad978e0f9aa7c198a979e9f3b7a3a9cc6b995a29  prob=0.0277 (raw=0.0146)  vol=$14  trades=4  first_trade=2025-12-05 01:53  winrate=0.167  n_markets_traded=12.000  herfindahl_index_markets=0.135
10:51:35 [super]   #1434  0x26f44335d56f3d92de6d29f65c4d7b53f125ad3a  prob=0.0277 (raw=0.0146)  vol=$65  trades=9  first_trade=2025-12-05 02:54  winrate=0.214  n_markets_traded=14.000  herfindahl_index_markets=0.109
10:51:35 [super]   #1435  0x86fe39e7a0c596649c82609901759a3ec174922d  prob=0.0277 (raw=0.0146)  vol=$28  trades=4  first_trade=2025-12-05 03:10  winrate=0.077  n_markets_traded=13.000  herfindahl_index_markets=0.096
10:51:35 [super]   #1436  0xcda8d1ec269686f657bfcb65831bb90307134902  prob=0.0277 (raw=0.0146)  vol=$2,580  trades=2  first_trade=2025-12-06 06:25  winrate=0.250  n_markets_traded=32.000  herfindahl_index_markets=0.155
10:51:35 [super]   #1437  0xb5e37437b86ef4f3b4100e72c2c294455f2ea274  prob=0.0277 (raw=0.0145)  vol=$510  trades=5  first_trade=2025-12-04 07:19  winrate=0.143  n_markets_traded=28.000  herfindahl_index_markets=0.090
10:51:35 [super]   #1438  0x12d6cccfc7470a3f4bafc53599a4779cbf2cf2a8  prob=0.0277 (raw=0.0145)  vol=$27,190  trades=9  first_trade=2025-12-05 09:25  winrate=NaN  n_markets_traded=0.000  herfindahl_index_markets=0.000
10:51:35 [super]   #1439  0x0c44044e2c63bdbeb291347cab1320c37e409b54  prob=0.0277 (raw=0.0144)  vol=$48  trades=11  first_trade=2025-12-02 16:12  winrate=0.355  n_markets_traded=155.000  herfindahl_index_markets=0.018
10:51:35 [super]   #1440  0x919d214d20f8454eedb576aec5cd237330b660e1  prob=0.0277 (raw=0.0144)  vol=$407  trades=4  first_trade=2025-12-04 06:43  winrate=NaN  n_markets_traded=0.000  herfindahl_index_markets=0.000
10:51:35 [super]   #1441  0x26519b477f1cd031919e18f33fd8d3fcb48c3471  prob=0.0277 (raw=0.0144)  vol=$1,599  trades=10  first_trade=2025-12-04 08:00  winrate=NaN  n_markets_traded=0.000  herfindahl_index_markets=0.000
10:51:35 [super]   #1442  0x975be0173dbbc98c457dedd6f5dacec77e852d5f  prob=0.0277 (raw=0.0144)  vol=$20  trades=2  first_trade=2025-12-05 02:47  winrate=0.242  n_markets_traded=293.000  herfindahl_index_markets=0.021
10:51:35 [super]   #1443  0x3ddc37283c850867848a3fd29e49a056638e7b90  prob=0.0277 (raw=0.0144)  vol=$110  trades=4  first_trade=2025-12-02 16:08  winrate=0.534  n_markets_traded=118.000  herfindahl_index_markets=0.017
10:51:35 [super]   #1444  0x24c8cf69a0e0a17eee21f69d29752bfa32e823e1  prob=0.0277 (raw=0.0144)  vol=$66,526  trades=37  first_trade=2025-12-04 03:28  winrate=NaN  n_markets_traded=0.000  herfindahl_index_markets=0.000
10:51:35 [super]   #1445  0xdf70a83666a8a196e854eda69083d3974c4e7350  prob=0.0277 (raw=0.0142)  vol=$33  trades=4  first_trade=2025-12-04 06:27  winrate=0.269  n_markets_traded=52.000  herfindahl_index_markets=0.049
10:51:35 [super]   #1446  0x56d198e4e481b0956dc36381609405eda3cb5fbb  prob=0.0277 (raw=0.0142)  vol=$6  trades=2  first_trade=2025-12-05 06:57  winrate=0.848  n_markets_traded=66.000  herfindahl_index_markets=0.045
10:51:35 [super]   #1447  0xb98a866e6c4522c69a12b93d5d5fda0ab1c80550  prob=0.0277 (raw=0.0142)  vol=$10  trades=2  first_trade=2025-12-04 07:26  winrate=0.529  n_markets_traded=128.000  herfindahl_index_markets=0.038
10:51:35 [super]   #1448  0x3cbe3dd52da8b6dd47a83bb99f7d77f8202393f6  prob=0.0277 (raw=0.0142)  vol=$2  trades=2  first_trade=2025-11-28 19:39  winrate=0.692  n_markets_traded=39.000  herfindahl_index_markets=0.106
10:51:35 [super]   #1449  0xf2aa8381a08ec33467fbcdd0843aa31cb8d521fb  prob=0.0277 (raw=0.0142)  vol=$12  trades=2  first_trade=2025-11-26 22:05  winrate=0.740  n_markets_traded=50.000  herfindahl_index_markets=0.079
10:51:35 [super]   #1450  0x2cc41188cf03826d674ed108d472e2987583e092  prob=0.0277 (raw=0.0142)  vol=$680  trades=2  first_trade=2025-12-04 21:45  winrate=0.504  n_markets_traded=270.000  herfindahl_index_markets=0.011
10:51:35 [super]   #1451  0xe1e24a2ae12c8af2f41ac91fea3928423e039629  prob=0.0277 (raw=0.0142)  vol=$1,667  trades=2  first_trade=2025-12-04 13:18  winrate=0.552  n_markets_traded=226.000  herfindahl_index_markets=0.036
10:51:35 [super]   #1452  0xfcd51f3bd4a9b74911e1c6458af028f5d03f5542  prob=0.0277 (raw=0.0142)  vol=$20  trades=5  first_trade=2025-12-05 07:24  winrate=0.538  n_markets_traded=325.000  herfindahl_index_markets=0.006
10:51:35 [super]   #1453  0x97342d2ce450ec481373b37807b3c3687b2cada3  prob=0.0277 (raw=0.0142)  vol=$333  trades=2  first_trade=2025-12-05 10:36  winrate=0.548  n_markets_traded=31.000  herfindahl_index_markets=0.109
10:51:35 [super]   #1454  0xdb2f43d4b106fdf1ec59394a570c8a8137ff09fc  prob=0.0277 (raw=0.0142)  vol=$20  trades=2  first_trade=2025-12-04 07:12  winrate=0.579  n_markets_traded=19.000  herfindahl_index_markets=0.117
10:51:35 [super]   #1455  0x259b561d0a3b688a053e2e1353f894fd48a2dafc  prob=0.0277 (raw=0.0142)  vol=$2,500  trades=2  first_trade=2025-12-04 13:40  winrate=0.500  n_markets_traded=24.000  herfindahl_index_markets=0.146
10:51:35 [super]   #1456  0xd53ad7d8d1f084ae86d9dcc6f1f4e402136b8dc7  prob=0.0277 (raw=0.0142)  vol=$3  trades=1  first_trade=2025-12-01 15:46  winrate=0.653  n_markets_traded=72.000  herfindahl_index_markets=0.057
10:51:35 [super]   #1457  0x991c22d8d9a44bf6686a1e30c2a3d471b64bf05b  prob=0.0277 (raw=0.0142)  vol=$3  trades=2  first_trade=2025-12-01 09:43  winrate=0.915  n_markets_traded=271.000  herfindahl_index_markets=0.018
10:51:35 [super]   #1458  0xafe132bc61db74d4bc1cf3baf0068892b6ef7d0d  prob=0.0277 (raw=0.0142)  vol=$1,000  trades=2  first_trade=2025-12-04 16:47  winrate=0.514  n_markets_traded=173.000  herfindahl_index_markets=0.023
10:51:35 [super]   #1459  0x9bdb831c23e1fc7d5145d837c1462b61970ea90d  prob=0.0277 (raw=0.0142)  vol=$1,382  trades=6  first_trade=2025-12-04 08:08  winrate=0.513  n_markets_traded=39.000  herfindahl_index_markets=0.054
10:51:35 [super]   #1460  0xfcf2b76079ad4e08ce3d5c0b1656c8e6d1029ada  prob=0.0277 (raw=0.0142)  vol=$265  trades=4  first_trade=2025-12-04 05:35  winrate=0.385  n_markets_traded=111.000  herfindahl_index_markets=0.047
10:51:35 [super]   #1461  0x8d915b552326cabcd65c55d8d8d217a2873e6581  prob=0.0277 (raw=0.0142)  vol=$2  trades=2  first_trade=2025-12-04 05:05  winrate=0.478  n_markets_traded=67.000  herfindahl_index_markets=0.027
10:51:35 [super]   #1462  0x887fd9f61a11c5ee69275f34c3e803b9ddafa4cb  prob=0.0277 (raw=0.0142)  vol=$22  trades=3  first_trade=2025-12-04 05:29  winrate=0.462  n_markets_traded=52.000  herfindahl_index_markets=0.067
10:51:35 [super]   #1463  0x09896d27365d7ddea148eb31ba579ab290c31b82  prob=0.0277 (raw=0.0142)  vol=$15,500  trades=5  first_trade=2025-12-07 07:55  winrate=0.054  n_markets_traded=56.000  herfindahl_index_markets=0.103
10:51:35 [super]   #1464  0xc1b399b26020a4f689108e9640fd3dc8ffc8501c  prob=0.0277 (raw=0.0142)  vol=$6,494  trades=5  first_trade=2025-12-04 03:21  winrate=NaN  n_markets_traded=0.000  herfindahl_index_markets=0.000
10:51:35 [super]   #1465  0x8b0dc8d0ad687fc0db511d9f0147e0c8454f1744  prob=0.0277 (raw=0.0141)  vol=$527  trades=16  first_trade=2025-12-02 12:19  winrate=0.479  n_markets_traded=322.000  herfindahl_index_markets=0.012
10:51:35 [super]   #1466  0x52399fb802c6b7909215460a0874c122d4375752  prob=0.0277 (raw=0.0141)  vol=$7  trades=4  first_trade=2025-12-03 04:15  winrate=0.429  n_markets_traded=84.000  herfindahl_index_markets=0.016
10:51:35 [super]   #1467  0x2ec2c318df2fd48956132a8cc902ca1097a9a000  prob=0.0277 (raw=0.0140)  vol=$500  trades=3  first_trade=2025-12-03 22:15  winrate=0.656  n_markets_traded=90.000  herfindahl_index_markets=0.067
10:51:35 [super]   #1468  0x1d9a2c92bf630cc92b1b20a950008e84aa56db3f  prob=0.0277 (raw=0.0140)  vol=$367  trades=4  first_trade=2025-12-03 22:10  winrate=0.576  n_markets_traded=92.000  herfindahl_index_markets=0.067
10:51:35 [super]   #1469  0xcbe2bedfe0580be4b8a0762fd031a20d37bcf885  prob=0.0277 (raw=0.0140)  vol=$20  trades=4  first_trade=2025-12-01 23:16  winrate=0.387  n_markets_traded=106.000  herfindahl_index_markets=0.027
10:51:35 [super]   #1470  0xb7cb8bb29780840e3589c2d86320a6057c8ae02f  prob=0.0277 (raw=0.0139)  vol=$195  trades=3  first_trade=2025-12-01 10:25  winrate=NaN  n_markets_traded=0.000  herfindahl_index_markets=0.000
10:51:35 [super]   #1471  0x53a36163321e0f1b820c9702cc6c3ebf1293ba00  prob=0.0277 (raw=0.0139)  vol=$112  trades=4  first_trade=2025-12-04 20:50  winrate=0.095  n_markets_traded=63.000  herfindahl_index_markets=0.026
10:51:35 [super]   #1472  0x2200b75c27835935a40308779b5656c09ab40f2d  prob=0.0277 (raw=0.0139)  vol=$1,274  trades=7  first_trade=2025-12-04 06:05  winrate=NaN  n_markets_traded=0.000  herfindahl_index_markets=0.000
10:51:35 [super]   #1473  0x4d1bcbaeed22c6da173b1a356c3c6d2270081419  prob=0.0277 (raw=0.0139)  vol=$3,741  trades=12  first_trade=2025-12-04 06:23  winrate=NaN  n_markets_traded=0.000  herfindahl_index_markets=0.000
10:51:35 [super]   #1474  0x4b5faccc9a9704b5c10ceb20cbdd6b4da27d1ae6  prob=0.0276 (raw=0.0138)  vol=$1,000  trades=2  first_trade=2025-12-04 13:22  winrate=0.258  n_markets_traded=31.000  herfindahl_index_markets=0.204
10:51:35 [super]   #1475  0xe6fd18067d9b8768ee4dc45e926cf54867288bc3  prob=0.0276 (raw=0.0138)  vol=$1,000  trades=2  first_trade=2025-12-05 13:36  winrate=0.222  n_markets_traded=8.000  herfindahl_index_markets=0.194
10:51:35 [super]   #1476  0xe6fc22ef3b2cbd640cfc5a6ca977e144eef66034  prob=0.0276 (raw=0.0138)  vol=$5  trades=2  first_trade=2025-12-03 21:35  winrate=0.946  n_markets_traded=37.000  herfindahl_index_markets=0.062
10:51:35 [super]   #1477  0x8d13c7a6b01bf8612a160d41add62005857dc3dc  prob=0.0276 (raw=0.0137)  vol=$684  trades=7  first_trade=2025-12-04 05:29  winrate=NaN  n_markets_traded=0.000  herfindahl_index_markets=0.000
10:51:35 [super]   #1478  0xb779436770333f8d584dd8a61fba3910c324ab22  prob=0.0276 (raw=0.0137)  vol=$166  trades=3  first_trade=2025-12-03 17:37  winrate=NaN  n_markets_traded=0.000  herfindahl_index_markets=0.000
10:51:35 [super]   #1479  0x6ba760564dc8ddefafbfbf04a9bcddcea3b9ab1f  prob=0.0276 (raw=0.0137)  vol=$1,060  trades=3  first_trade=2025-12-05 08:43  winrate=0.059  n_markets_traded=17.000  herfindahl_index_markets=0.198
10:51:35 [super]   #1480  0xa95c277f15519e5b4c6833bd9144f3a0f395517a  prob=0.0276 (raw=0.0137)  vol=$2,373  trades=8  first_trade=2025-11-28 20:51  winrate=0.263  n_markets_traded=278.000  herfindahl_index_markets=0.013
10:51:35 [super]   #1481  0x3764e839f3d535e3c283f7c3f0fabd6f13db9d7e  prob=0.0276 (raw=0.0137)  vol=$2,548  trades=6  first_trade=2025-12-05 03:00  winrate=0.214  n_markets_traded=70.000  herfindahl_index_markets=0.048
10:51:35 [super]   #1482  0x6f350ec52a12866ffcfdf425f8e833ff9e831a03  prob=0.0276 (raw=0.0136)  vol=$1,000  trades=2  first_trade=2025-12-04 16:52  winrate=0.167  n_markets_traded=6.000  herfindahl_index_markets=0.184
10:51:35 [super]   #1483  0xcb59ea1babf3b26ea50088057e427ab0ed8f0a22  prob=0.0276 (raw=0.0136)  vol=$26,664  trades=12  first_trade=2025-12-04 03:16  winrate=NaN  n_markets_traded=0.000  herfindahl_index_markets=0.000
10:51:35 [super]   #1484  0x448861155279dbf833d041b963e3ac854599e319  prob=0.0276 (raw=0.0136)  vol=$32,012  trades=7  first_trade=2025-12-04 04:01  winrate=NaN  n_markets_traded=0.000  herfindahl_index_markets=0.000
10:51:35 [super]   #1485  0x6e6a209301d1a67bfe85ad44ce64118506ce2720  prob=0.0276 (raw=0.0136)  vol=$449  trades=4  first_trade=2025-12-03 04:58  winrate=0.560  n_markets_traded=100.000  herfindahl_index_markets=0.026
10:51:35 [super]   #1486  0x2fad7b1d61059f7f72ae362598996f148ff4bdac  prob=0.0276 (raw=0.0136)  vol=$10  trades=2  first_trade=2025-12-02 23:11  winrate=0.562  n_markets_traded=16.000  herfindahl_index_markets=0.143
10:51:35 [super]   #1487  0x7253c6ad13c23d35c69f626c34404470103889ed  prob=0.0276 (raw=0.0136)  vol=$457  trades=4  first_trade=2025-12-02 16:11  winrate=0.509  n_markets_traded=274.000  herfindahl_index_markets=0.023
10:51:35 [super]   #1488  0x963aa0ac0f2e7a78ae8bf7841a27b5016d08fc4c  prob=0.0276 (raw=0.0136)  vol=$71  trades=3  first_trade=2025-12-02 12:35  winrate=0.556  n_markets_traded=480.000  herfindahl_index_markets=0.016
10:51:35 [super]   #1489  0x26f5d23d19e896d7447db782183cecf149993177  prob=0.0276 (raw=0.0136)  vol=$18  trades=2  first_trade=2025-12-02 11:51  winrate=0.649  n_markets_traded=57.000  herfindahl_index_markets=0.063
10:51:35 [super]   #1490  0xe6e3b8ce74ac1f09645973c3e88149e4be39ad31  prob=0.0276 (raw=0.0136)  vol=$11  trades=2  first_trade=2025-12-03 18:34  winrate=0.527  n_markets_traded=55.000  herfindahl_index_markets=0.080
10:51:35 [super]   #1491  0x02296ad2681920a30c20f3d7270363499f321b17  prob=0.0276 (raw=0.0136)  vol=$646  trades=7  first_trade=2025-12-04 01:40  winrate=0.571  n_markets_traded=91.000  herfindahl_index_markets=0.025
10:51:35 [super]   #1492  0xd6321c049c527e8a622d6aa35f514ae74f798afb  prob=0.0276 (raw=0.0136)  vol=$2,192  trades=8  first_trade=2025-12-04 08:01  winrate=NaN  n_markets_traded=0.000  herfindahl_index_markets=0.000
10:51:35 [super]   #1493  0xb4763416499108750f49f22278c75cb4ff0b2d87  prob=0.0276 (raw=0.0135)  vol=$333  trades=2  first_trade=2025-12-05 14:19  winrate=0.394  n_markets_traded=218.000  herfindahl_index_markets=0.038
10:51:35 [super]   #1494  0x11c8ff6bc070a6c177145d1189c3999ad64960fb  prob=0.0276 (raw=0.0135)  vol=$500  trades=2  first_trade=2025-12-05 17:33  winrate=0.476  n_markets_traded=82.000  herfindahl_index_markets=0.064
10:51:35 [super]   #1495  0xb200608f66af7ee01d157c8e51c27bedaa0620cb  prob=0.0276 (raw=0.0135)  vol=$66  trades=6  first_trade=2025-12-04 07:19  winrate=0.477  n_markets_traded=127.000  herfindahl_index_markets=0.022
10:51:35 [super]   #1496  0xbdadedcbe74b0692db4273e82ea75f55420f56c7  prob=0.0276 (raw=0.0135)  vol=$1  trades=1  first_trade=2025-12-04 07:33  winrate=0.375  n_markets_traded=72.000  herfindahl_index_markets=0.095
10:51:35 [super]   #1497  0xe685c62e7c103acc17e765c72e764c319593b715  prob=0.0276 (raw=0.0135)  vol=$8,256  trades=2  first_trade=2025-12-04 08:47  winrate=0.426  n_markets_traded=61.000  herfindahl_index_markets=0.046
10:51:35 [super]   #1498  0x2f70b46893ddbded13dd6dd103b80ad6374c63b2  prob=0.0276 (raw=0.0135)  vol=$80  trades=5  first_trade=2025-12-04 20:40  winrate=0.491  n_markets_traded=55.000  herfindahl_index_markets=0.117
10:51:35 [super]   #1499  0xe9100162c21d75008282af544354477e2d97a9b8  prob=0.0276 (raw=0.0135)  vol=$5,000  trades=2  first_trade=2025-12-06 07:51  winrate=0.000  n_markets_traded=10.000  herfindahl_index_markets=0.180
10:51:35 [super]   #1500  0x9f2c90803b62a0c5c3a82f2aa14a9bfa790f047c  prob=0.0276 (raw=0.0135)  vol=$87  trades=4  first_trade=2025-12-02 17:54  winrate=0.411  n_markets_traded=56.000  herfindahl_index_markets=0.058
10:51:35 [super]   #1501  0x071fa21b7bcb89627695761c6a7df80cb73c91ac  prob=0.0276 (raw=0.0135)  vol=$16  trades=4  first_trade=2025-12-04 16:17  winrate=0.323  n_markets_traded=31.000  herfindahl_index_markets=0.074
10:51:35 [super]   #1502  0x74471a007ddcc488f6d57b5e86dfb35a8d48a16d  prob=0.0276 (raw=0.0135)  vol=$44,537  trades=56  first_trade=2025-12-04 05:24  winrate=NaN  n_markets_traded=0.000  herfindahl_index_markets=0.000
10:51:35 [super]   #1503  0xbc7c974eea213c5d59ccc93c8b1aa7c76d95c08e  prob=0.0276 (raw=0.0134)  vol=$2,053  trades=8  first_trade=2025-12-04 06:06  winrate=0.315  n_markets_traded=155.000  herfindahl_index_markets=0.022
10:51:35 [super]   #1504  0x2c3928af89565c352afe8e2a1b25deed77a056dc  prob=0.0276 (raw=0.0134)  vol=$17,771  trades=7  first_trade=2025-12-04 03:24  winrate=NaN  n_markets_traded=0.000  herfindahl_index_markets=0.000
10:51:35 [super]   #1505  0xaf4635074c8f9966ff44f2497183b53fc0578c1d  prob=0.0276 (raw=0.0134)  vol=$399  trades=2  first_trade=2025-12-04 10:58  winrate=NaN  n_markets_traded=0.000  herfindahl_index_markets=0.000
10:51:35 [super]   #1506  0x4d0121458bb2f96c6440c0f3835d675ad3ce1645  prob=0.0276 (raw=0.0134)  vol=$7,474  trades=2  first_trade=2025-12-04 07:59  winrate=NaN  n_markets_traded=0.000  herfindahl_index_markets=0.000
10:51:35 [super]   #1507  0xa81eefec9c08fa157d855f1ac5caf8feab1903dc  prob=0.0276 (raw=0.0134)  vol=$50,576  trades=18  first_trade=2025-12-04 07:51  winrate=NaN  n_markets_traded=0.000  herfindahl_index_markets=0.000
10:51:35 [super]   #1508  0x47bd5ec0302813338f17c6cb87a509f342f7a2d4  prob=0.0276 (raw=0.0134)  vol=$2  trades=2  first_trade=2025-12-04 06:17  winrate=0.000  n_markets_traded=7.000  herfindahl_index_markets=0.204
10:51:35 [super]   #1509  0x2a67a2ff15ad33bcb3a13b0a21191b41e7526c0e  prob=0.0276 (raw=0.0134)  vol=$188  trades=4  first_trade=2025-12-05 12:08  winrate=0.081  n_markets_traded=62.000  herfindahl_index_markets=0.028
10:51:35 [super]   #1510  0xfb62d55912bf2dc07979c98f04e3136683274f95  prob=0.0276 (raw=0.0133)  vol=$4,070  trades=11  first_trade=2025-12-04 07:05  winrate=0.222  n_markets_traded=8.000  herfindahl_index_markets=0.170
10:51:35 [super]   #1511  0xaa45ddf2af92611a47b2159fb3408df7f89d0339  prob=0.0276 (raw=0.0133)  vol=$500  trades=2  first_trade=2025-12-04 13:37  winrate=0.470  n_markets_traded=115.000  herfindahl_index_markets=0.110
10:51:35 [super]   #1512  0xa18d9584e5dbe2f7e38e585fc54e688e5d8ab16a  prob=0.0276 (raw=0.0133)  vol=$1,055  trades=43  first_trade=2025-12-04 06:12  winrate=NaN  n_markets_traded=0.000  herfindahl_index_markets=0.000
10:51:35 [super]   #1513  0x72a22d4d155079da8f50c89d4c6c03b6428e7b65  prob=0.0276 (raw=0.0132)  vol=$1,389  trades=12  first_trade=2025-11-26 23:14  winrate=NaN  n_markets_traded=0.000  herfindahl_index_markets=0.000
10:51:35 [super]   #1514  0xd4231d77c680681be8b41a71276dec2dd1669c16  prob=0.0276 (raw=0.0132)  vol=$12  trades=3  first_trade=2025-12-04 03:37  winrate=NaN  n_markets_traded=0.000  herfindahl_index_markets=0.000
10:51:35 [super]   #1515  0x0e1c52afb21c98190ea54cdc4d9b33e22370043c  prob=0.0276 (raw=0.0131)  vol=$728  trades=23  first_trade=2025-12-02 08:40  winrate=0.250  n_markets_traded=8.000  herfindahl_index_markets=0.164
10:51:35 [super]   #1516  0xecf4d3d0a960f0f4460761fe4672a14479799979  prob=0.0276 (raw=0.0131)  vol=$20,881  trades=33  first_trade=2025-12-04 03:39  winrate=NaN  n_markets_traded=0.000  herfindahl_index_markets=0.000
10:51:35 [super]   #1517  0xbb9c165825e9f233d1f611b50b193fe94513072b  prob=0.0276 (raw=0.0131)  vol=$45,429  trades=44  first_trade=2025-12-04 03:08  winrate=NaN  n_markets_traded=0.000  herfindahl_index_markets=0.000
10:51:35 [super]   #1518  0x2a3b6140eb49693de6a6da110841a4e8b7803035  prob=0.0276 (raw=0.0131)  vol=$451  trades=5  first_trade=2025-11-30 17:46  winrate=0.465  n_markets_traded=314.000  herfindahl_index_markets=0.028
10:51:35 [super]   #1519  0x1b7c29a8f82c3f113086aee0f78fb2b460cc3293  prob=0.0276 (raw=0.0131)  vol=$219  trades=3  first_trade=2025-12-04 07:40  winrate=0.430  n_markets_traded=256.000  herfindahl_index_markets=0.009
10:51:35 [super]   #1520  0x508dc33cc5b6073d3af45b0da102bb43af8573d3  prob=0.0276 (raw=0.0131)  vol=$760  trades=4  first_trade=2025-12-04 05:02  winrate=0.450  n_markets_traded=20.000  herfindahl_index_markets=0.082
10:51:35 [super]   #1521  0xe77d7bb1781b9764fad80f78fe713d8055c7e7f3  prob=0.0276 (raw=0.0131)  vol=$6  trades=2  first_trade=2025-12-04 19:57  winrate=0.438  n_markets_traded=32.000  herfindahl_index_markets=0.048
10:51:35 [super]   #1522  0x2335b27a27b84ca30aa43111387d53c208612bb4  prob=0.0276 (raw=0.0131)  vol=$18  trades=6  first_trade=2025-12-04 06:56  winrate=0.444  n_markets_traded=27.000  herfindahl_index_markets=0.144
10:51:35 [super]   #1523  0x44e8fadb6ced502626737738fcdf350bae823cdd  prob=0.0276 (raw=0.0131)  vol=$2  trades=2  first_trade=2025-12-04 19:02  winrate=0.394  n_markets_traded=33.000  herfindahl_index_markets=0.111
10:51:35 [super]   #1524  0x06785ab78588ebb29e168bc5ac32ff3121219fd0  prob=0.0276 (raw=0.0131)  vol=$500  trades=2  first_trade=2025-12-05 09:39  winrate=0.396  n_markets_traded=159.000  herfindahl_index_markets=0.017
10:51:35 [super]   #1525  0x10863e1c3980e7092df9c66792ac3015450528a9  prob=0.0276 (raw=0.0131)  vol=$1,500  trades=4  first_trade=2025-12-04 13:11  winrate=0.467  n_markets_traded=30.000  herfindahl_index_markets=0.063
10:51:35 [super]   #1526  0xb7602567778a1300d22a4134f1899118acb51df2  prob=0.0276 (raw=0.0131)  vol=$2  trades=3  first_trade=2025-12-04 22:09  winrate=0.402  n_markets_traded=164.000  herfindahl_index_markets=0.038
10:51:35 [super]   #1527  0xec751cdcdbc06b18064e8e88846077949c588786  prob=0.0276 (raw=0.0131)  vol=$10  trades=2  first_trade=2025-12-07 18:49  winrate=0.440  n_markets_traded=156.000  herfindahl_index_markets=0.036
10:51:35 [super]   #1528  0x8cf4d3bd0f849bdd39ce68889259d9a584e65608  prob=0.0276 (raw=0.0131)  vol=$573  trades=6  first_trade=2025-12-01 12:43  winrate=0.413  n_markets_traded=125.000  herfindahl_index_markets=0.024
10:51:35 [super]   #1529  0x9ede0d5dbea0b864913d881bb23c86f95ebec417  prob=0.0276 (raw=0.0131)  vol=$15  trades=1  first_trade=2025-11-30 17:58  winrate=0.417  n_markets_traded=221.000  herfindahl_index_markets=0.028
10:51:35 [super]   #1530  0x92e5a7768bf529531da12fbfc6c83b2cd09fd129  prob=0.0276 (raw=0.0131)  vol=$34,738  trades=15  first_trade=2025-12-04 14:23  winrate=0.385  n_markets_traded=91.000  herfindahl_index_markets=0.065
10:51:35 [super]   #1531  0xe50426e53bc1485ee7d1ae741c606e2b679770ef  prob=0.0276 (raw=0.0131)  vol=$3,732  trades=1  first_trade=2025-11-30 21:53  winrate=0.395  n_markets_traded=106.000  herfindahl_index_markets=0.043
10:51:35 [super]   #1532  0xd65aa536b589fb704616dfb7b86922b458493384  prob=0.0276 (raw=0.0131)  vol=$4,000  trades=4  first_trade=2025-12-04 13:27  winrate=0.429  n_markets_traded=14.000  herfindahl_index_markets=0.117
10:51:35 [super]   #1533  0xe767b972f6bdad023b0f6ef896893242330ed58c  prob=0.0276 (raw=0.0131)  vol=$2  trades=2  first_trade=2025-12-04 07:23  winrate=0.412  n_markets_traded=80.000  herfindahl_index_markets=0.146
10:51:35 [super]   #1534  0xf4d0b62bafd9c9bf1b4b1d9ff849568ea3be4637  prob=0.0276 (raw=0.0131)  vol=$9,468  trades=13  first_trade=2025-12-05 10:17  winrate=NaN  n_markets_traded=0.000  herfindahl_index_markets=0.000
10:51:35 [super]   #1535  0x09a2106b64b0dd00c45e1005e692eb572b7deb8a  prob=0.0276 (raw=0.0131)  vol=$22  trades=6  first_trade=2025-12-04 03:27  winrate=0.196  n_markets_traded=46.000  herfindahl_index_markets=0.054
10:51:35 [super]   #1536  0xdb7118f26824cfbc472aa512c798f31b665410cd  prob=0.0276 (raw=0.0131)  vol=$70  trades=4  first_trade=2025-12-04 06:47  winrate=NaN  n_markets_traded=0.000  herfindahl_index_markets=0.000
10:51:35 [super]   #1537  0xd362566464efa05a15a3d7ce3224067564879bc4  prob=0.0276 (raw=0.0131)  vol=$2,073  trades=162  first_trade=2025-11-29 20:08  winrate=NaN  n_markets_traded=0.000  herfindahl_index_markets=0.000
10:51:35 [super]   #1538  0xd4f904ecac0ff22ac6601de6b972d4f8b6b4f619  prob=0.0276 (raw=0.0131)  vol=$95,883  trades=31  first_trade=2025-12-04 03:26  winrate=NaN  n_markets_traded=0.000  herfindahl_index_markets=0.000
10:51:35 [super]   #1539  0x793c61ad8897050e828ad173f2fd44fa706de8da  prob=0.0275 (raw=0.0129)  vol=$225  trades=81  first_trade=2025-11-29 19:58  winrate=NaN  n_markets_traded=0.000  herfindahl_index_markets=0.000
10:51:35 [super]   #1540  0xbe1d335845a1821ea8c20def8966929b294e244b  prob=0.0275 (raw=0.0129)  vol=$10  trades=2  first_trade=2025-12-04 19:10  winrate=NaN  n_markets_traded=0.000  herfindahl_index_markets=0.000
10:51:35 [super]   #1541  0x5b37823d2b66c17f8ba6e292e430389c35086c21  prob=0.0275 (raw=0.0129)  vol=$28  trades=4  first_trade=2025-12-05 02:48  winrate=0.133  n_markets_traded=15.000  herfindahl_index_markets=0.090
10:51:35 [super]   #1542  0xed691d325d075f4563f6c6f5eae9a309b759f3ea  prob=0.0275 (raw=0.0129)  vol=$56  trades=2  first_trade=2025-12-04 02:32  winrate=0.143  n_markets_traded=14.000  herfindahl_index_markets=0.199
10:51:35 [super]   #1543  0x281c1ec35ae87c2e401530fbdf41546457669a91  prob=0.0275 (raw=0.0129)  vol=$456  trades=10  first_trade=2025-12-03 20:09  winrate=0.316  n_markets_traded=19.000  herfindahl_index_markets=0.196
10:51:35 [super]   #1544  0x7a146c5e70c092d06be27097a5c770b49d0bd748  prob=0.0275 (raw=0.0129)  vol=$46,091  trades=37  first_trade=2025-12-04 06:49  winrate=NaN  n_markets_traded=0.000  herfindahl_index_markets=0.000
10:51:35 [super]   #1545  0x50b242e0b9ac75359464c5b3be62ad6b42d8c94a  prob=0.0275 (raw=0.0129)  vol=$2,348  trades=8  first_trade=2025-12-04 06:03  winrate=NaN  n_markets_traded=0.000  herfindahl_index_markets=0.000
10:51:35 [super]   #1546  0x06dcaa14f57d8a0573f5dc5940565e6de667af59  prob=0.0275 (raw=0.0129)  vol=$29,103  trades=17  first_trade=2025-12-04 06:01  winrate=NaN  n_markets_traded=0.000  herfindahl_index_markets=0.000
10:51:35 [super]   #1547  0x832bce13fa76d504c2b747587c274c996b423ae1  prob=0.0275 (raw=0.0129)  vol=$4,407  trades=7  first_trade=2025-12-04 07:41  winrate=NaN  n_markets_traded=0.000  herfindahl_index_markets=0.000
10:51:35 [super]   #1548  0x6828e04b468e17d92fa1e5d60d59290278a81056  prob=0.0275 (raw=0.0129)  vol=$23,739  trades=39  first_trade=2025-12-04 07:32  winrate=NaN  n_markets_traded=0.000  herfindahl_index_markets=0.000
10:51:35 [super]   #1549  0x4c2da46b289847e3e8377c6f4ca3d520c620f8ae  prob=0.0275 (raw=0.0129)  vol=$995  trades=2  first_trade=2025-12-04 23:47  winrate=NaN  n_markets_traded=0.000  herfindahl_index_markets=0.000
10:51:35 [super]   #1550  0x7df61ca342c9b53ba9b4c60745718ed48a77ac3b  prob=0.0275 (raw=0.0128)  vol=$1,854  trades=12  first_trade=2025-12-03 00:58  winrate=NaN  n_markets_traded=0.000  herfindahl_index_markets=0.000
10:51:35 [super]   #1551  0xa1ffbb2952fcd18b3b4759ccddeb7fdf90f655bd  prob=0.0275 (raw=0.0128)  vol=$47,613  trades=13  first_trade=2025-12-04 06:34  winrate=NaN  n_markets_traded=0.000  herfindahl_index_markets=0.000
10:51:35 [super]   #1552  0x79add3f87e377b0899b935472c07d2c3816ba9f1  prob=0.0275 (raw=0.0127)  vol=$52,917  trades=13  first_trade=2025-12-04 06:39  winrate=NaN  n_markets_traded=0.000  herfindahl_index_markets=0.000
10:51:35 [super]   #1553  0xcd9607c4a676b7815f10bb8bc25355414e47cbdc  prob=0.0275 (raw=0.0127)  vol=$548  trades=33  first_trade=2025-12-04 03:17  winrate=NaN  n_markets_traded=0.000  herfindahl_index_markets=0.000
10:51:35 [super]   #1554  0x364f935ccafae7bb980616b81999239ed816562c  prob=0.0275 (raw=0.0126)  vol=$20  trades=4  first_trade=2025-12-05 22:34  winrate=NaN  n_markets_traded=0.000  herfindahl_index_markets=0.000
10:51:35 [super]   #1555  0x7552bbb944ef96658e5c9ad0c9b574fa5e545845  prob=0.0275 (raw=0.0126)  vol=$500  trades=2  first_trade=2025-12-04 16:07  winrate=NaN  n_markets_traded=0.000  herfindahl_index_markets=0.000
10:51:35 [super]   #1556  0x54e891b9a1a79eaaf7b3e8cc74364821f18a0fe0  prob=0.0275 (raw=0.0125)  vol=$22  trades=2  first_trade=2025-12-02 23:28  winrate=0.470  n_markets_traded=83.000  herfindahl_index_markets=0.025
10:51:35 [super]   #1557  0x2b924ff1565a3468b9bcd1e5d79ab245ec32046e  prob=0.0275 (raw=0.0125)  vol=$858  trades=8  first_trade=2025-12-03 00:29  winrate=0.422  n_markets_traded=329.000  herfindahl_index_markets=0.010
10:51:35 [super]   #1558  0x3474c0b49198e2436fb6d5fd457486fa8c320571  prob=0.0275 (raw=0.0125)  vol=$195  trades=5  first_trade=2025-12-03 19:15  winrate=0.404  n_markets_traded=284.000  herfindahl_index_markets=0.018
10:51:35 [super]   #1559  0x329c82e9936e8870d1c5d8a7d67f870927b0578d  prob=0.0275 (raw=0.0125)  vol=$363  trades=1  first_trade=2025-12-03 22:15  winrate=0.440  n_markets_traded=141.000  herfindahl_index_markets=0.036
10:51:35 [super]   #1560  0x124200d140c80e0bda061be2b795ecd29a62d9fe  prob=0.0275 (raw=0.0125)  vol=$20  trades=2  first_trade=2025-12-03 14:35  winrate=0.418  n_markets_traded=55.000  herfindahl_index_markets=0.063
10:51:35 [super]   #1561  0xd25b8718f61fb64a754356ad8cf16b5579f59f3d  prob=0.0275 (raw=0.0125)  vol=$3,952  trades=11  first_trade=2025-12-04 07:32  winrate=NaN  n_markets_traded=0.000  herfindahl_index_markets=0.000
10:51:35 [super]   #1562  0xff052a89d46a289a32283dfa7815ba23da49fad7  prob=0.0275 (raw=0.0125)  vol=$89  trades=129  first_trade=2025-12-04 03:11  winrate=NaN  n_markets_traded=0.000  herfindahl_index_markets=0.000
10:51:35 [super]   #1563  0x260b8cd6b62a86dfbf53c1d9d2eb0328f865d12c  prob=0.0275 (raw=0.0124)  vol=$1,133  trades=4  first_trade=2025-12-04 03:17  winrate=NaN  n_markets_traded=0.000  herfindahl_index_markets=0.000
10:51:35 [super]   #1564  0x8f7b410126c510de779f74c42b60ff0d34dc55ce  prob=0.0275 (raw=0.0124)  vol=$1,135  trades=4  first_trade=2025-12-04 05:07  winrate=NaN  n_markets_traded=0.000  herfindahl_index_markets=0.000
10:51:35 [super]   #1565  0x89bd2d7fd71c763673bb8fad3525dc3d311301bf  prob=0.0275 (raw=0.0124)  vol=$4  trades=5  first_trade=2025-11-27 17:02  winrate=0.178  n_markets_traded=422.000  herfindahl_index_markets=0.006
10:51:35 [super]   #1566  0x08730443345e11c078c5b2597ce3c0f06af609e8  prob=0.0275 (raw=0.0123)  vol=$2  trades=18  first_trade=2025-11-27 22:36  winrate=NaN  n_markets_traded=0.000  herfindahl_index_markets=0.000
10:51:35 [super]   #1567  0x46f7270173edcdbfb757bc7d62c1da72dea7d77f  prob=0.0275 (raw=0.0123)  vol=$37  trades=5  first_trade=2025-11-30 12:17  winrate=0.310  n_markets_traded=100.000  herfindahl_index_markets=0.036
10:51:35 [super]   #1568  0x90f7180856b033ea45200d892a7bc49fd1662501  prob=0.0275 (raw=0.0122)  vol=$406  trades=13  first_trade=2025-12-01 10:04  winrate=NaN  n_markets_traded=0.000  herfindahl_index_markets=0.000
10:51:35 [super]   #1569  0x1e1f17412069c0736adfaadf8ee7f46e5612c855  prob=0.0275 (raw=0.0121)  vol=$121,779  trades=31  first_trade=2025-12-04 03:41  winrate=NaN  n_markets_traded=0.000  herfindahl_index_markets=0.000
10:51:35 [super]   #1570  0xad5353afe30c2da57709e2704ef3ccdcf67eef24  prob=0.0274 (raw=0.0120)  vol=$27  trades=6  first_trade=2025-12-04 03:09  winrate=NaN  n_markets_traded=0.000  herfindahl_index_markets=0.000
10:51:35 [super]   #1571  0xcd174625914250243e4e9a4b4ace3a5237889bfb  prob=0.0274 (raw=0.0120)  vol=$740  trades=4  first_trade=2025-12-05 00:31  winrate=0.344  n_markets_traded=122.000  herfindahl_index_markets=0.032
10:51:35 [super]   #1572  0x17ce7c9a7f768bfa98946caf7d64c9e051f5beec  prob=0.0274 (raw=0.0119)  vol=$162,823  trades=443  first_trade=2025-11-28 14:52  winrate=NaN  n_markets_traded=0.000  herfindahl_index_markets=0.000
10:51:35 [super]   #1573  0x362840aca394e092acdd29f823280a315ef4bf4f  prob=0.0274 (raw=0.0119)  vol=$2  trades=7  first_trade=2025-11-27 05:21  winrate=0.000  n_markets_traded=114.000  herfindahl_index_markets=0.013
10:51:35 [super]   #1574  0xd251888534639d48da16168aa7b50ba019c8d611  prob=0.0274 (raw=0.0119)  vol=$1,036  trades=8  first_trade=2025-12-04 05:17  winrate=0.295  n_markets_traded=44.000  herfindahl_index_markets=0.086
10:51:35 [super]   #1575  0xa8c63f775ddbbe66b56614191747def3021444e8  prob=0.0274 (raw=0.0118)  vol=$120  trades=2  first_trade=2025-12-04 13:51  winrate=NaN  n_markets_traded=0.000  herfindahl_index_markets=0.000
10:51:35 [super]   #1576  0x334932d9cb8effcb325fcb898e045feffc92c0b8  prob=0.0274 (raw=0.0118)  vol=$2,733  trades=8  first_trade=2025-12-02 16:39  winrate=NaN  n_markets_traded=0.000  herfindahl_index_markets=0.000
10:51:35 [super]   #1577  0x80c65de4e3eb99d4d7f540b26cc45cd90b0be3c1  prob=0.0274 (raw=0.0118)  vol=$1,833  trades=2  first_trade=2025-12-05 03:17  winrate=0.362  n_markets_traded=94.000  herfindahl_index_markets=0.041
10:51:35 [super]   #1578  0xc5d563a36ae78145c45a50134d48a1215220f80a  prob=0.0274 (raw=0.0118)  vol=$4,568,710  trades=5982  first_trade=2025-11-26 19:08  winrate=NaN  n_markets_traded=0.000  herfindahl_index_markets=0.000
10:51:35 [super]   #1579  0x57b00c3ccef1b6bd6962fb9ca463c4e0b38e76f4  prob=0.0274 (raw=0.0118)  vol=$14,111  trades=42  first_trade=2025-12-04 05:29  winrate=NaN  n_markets_traded=0.000  herfindahl_index_markets=0.000
10:51:35 [super]   #1580  0xfd2b05928e63a513efda1e60d6d925b271e29ff9  prob=0.0274 (raw=0.0117)  vol=$16,829  trades=6  first_trade=2025-12-04 08:53  winrate=NaN  n_markets_traded=0.000  herfindahl_index_markets=0.000
10:51:35 [super]   #1581  0x668d85d791049bf0100e557a72c7ed4dc97297d2  prob=0.0274 (raw=0.0117)  vol=$7,280  trades=12  first_trade=2025-12-04 07:56  winrate=NaN  n_markets_traded=0.000  herfindahl_index_markets=0.000
10:51:35 [super]   #1582  0x1c1e841584db14084e10e7dca2ad0ab7b60dbfe7  prob=0.0274 (raw=0.0117)  vol=$15,965  trades=11  first_trade=2025-12-04 12:13  winrate=NaN  n_markets_traded=0.000  herfindahl_index_markets=0.000
10:51:35 [super]   #1583  0xc21ea96be762bb55041529af6e386e7c53b80215  prob=0.0274 (raw=0.0117)  vol=$11,123  trades=20  first_trade=2025-12-03 17:45  winrate=NaN  n_markets_traded=0.000  herfindahl_index_markets=0.000
10:51:35 [super]   #1584  0x7ba5354929bf388707f397c8b21b8322dc954252  prob=0.0274 (raw=0.0116)  vol=$26,901  trades=7  first_trade=2025-11-26 21:32  winrate=NaN  n_markets_traded=0.000  herfindahl_index_markets=0.000
10:51:35 [super]   #1585  0xa0c37cb0587b0dd1542f794bcfa345762bba5b9a  prob=0.0274 (raw=0.0116)  vol=$159  trades=13  first_trade=2025-12-02 10:33  winrate=NaN  n_markets_traded=0.000  herfindahl_index_markets=0.000
10:51:35 [super]   #1586  0x54b56146656e7eef9da02b3a030c18e06e924b31  prob=0.0274 (raw=0.0116)  vol=$24,166  trades=24  first_trade=2025-12-01 17:06  winrate=NaN  n_markets_traded=0.000  herfindahl_index_markets=0.000
10:51:35 [super]   #1587  0xd1acd3925d895de9aec98ff95f3a30c5279d08d5  prob=0.0274 (raw=0.0115)  vol=$15,699  trades=8  first_trade=2025-12-04 07:50  winrate=NaN  n_markets_traded=0.000  herfindahl_index_markets=0.000
10:51:35 [super]   #1588  0xd150233168ec46f01f2a032d4ef6a4c28509264f  prob=0.0274 (raw=0.0115)  vol=$35  trades=3  first_trade=2025-12-04 05:28  winrate=0.162  n_markets_traded=37.000  herfindahl_index_markets=0.128
10:51:35 [super]   #1589  0x2a71ce3ddbb60bd0e04d45a30c8200c6f596954b  prob=0.0274 (raw=0.0115)  vol=$217  trades=9  first_trade=2025-12-04 05:07  winrate=0.364  n_markets_traded=180.000  herfindahl_index_markets=0.096
10:51:35 [super]   #1590  0x426dd307ce9357c064a642f6343c4ab674d0a4f5  prob=0.0274 (raw=0.0115)  vol=$2,505  trades=6  first_trade=2025-12-04 14:07  winrate=0.333  n_markets_traded=15.000  herfindahl_index_markets=0.102
10:51:35 [super]   #1591  0x09705c0b0a5a7359f5c94688687fc73447e65ae4  prob=0.0274 (raw=0.0115)  vol=$30  trades=1  first_trade=2025-12-04 03:34  winrate=NaN  n_markets_traded=0.000  herfindahl_index_markets=0.000
10:51:35 [super]   #1592  0xc30c0116e9a5c17f1c03240a0b02a819fe646509  prob=0.0274 (raw=0.0115)  vol=$50  trades=2  first_trade=2025-12-04 03:31  winrate=NaN  n_markets_traded=0.000  herfindahl_index_markets=0.000
10:51:35 [super]   #1593  0x7c3db723f1d4d8cb9c550095203b686cb11e5c6b  prob=0.0274 (raw=0.0115)  vol=$306,776  trades=71  first_trade=2025-12-04 05:17  winrate=NaN  n_markets_traded=0.000  herfindahl_index_markets=0.000
10:51:35 [super]   #1594  0xa9b44dca52ed35e59ac2a6f49d1203b8155464ed  prob=0.0274 (raw=0.0115)  vol=$247,129  trades=84  first_trade=2025-12-04 04:38  winrate=NaN  n_markets_traded=0.000  herfindahl_index_markets=0.000
10:51:35 [super]   #1595  0x5d5542eb677346a9744796582a31bbbea4717cba  prob=0.0274 (raw=0.0115)  vol=$402  trades=3  first_trade=2025-12-04 07:58  winrate=NaN  n_markets_traded=0.000  herfindahl_index_markets=0.000
10:51:35 [super]   #1596  0xe732156a2d84cdfb4de831d3f11a22899e49898f  prob=0.0274 (raw=0.0114)  vol=$4,016  trades=16  first_trade=2025-12-04 05:23  winrate=NaN  n_markets_traded=0.000  herfindahl_index_markets=0.000
10:51:35 [super]   #1597  0xe2daacf7238349851019238517c98d2f722174e3  prob=0.0274 (raw=0.0114)  vol=$41  trades=4  first_trade=2025-12-04 05:11  winrate=NaN  n_markets_traded=0.000  herfindahl_index_markets=0.000
10:51:35 [super]   #1598  0x1edf54f7838b35e96678ba2ed10d268459cc137e  prob=0.0274 (raw=0.0114)  vol=$22  trades=22  first_trade=2025-12-02 02:36  winrate=NaN  n_markets_traded=0.000  herfindahl_index_markets=0.000
10:51:35 [super]   #1599  0x6c16abad96d6989efe1b0333cb9af9158f548bfa  prob=0.0274 (raw=0.0114)  vol=$19,001  trades=122  first_trade=2025-12-04 04:51  winrate=NaN  n_markets_traded=0.000  herfindahl_index_markets=0.000
10:51:35 [super]   #1600  0x35c0732e069faea97c11aa9cab045562eaab81d6  prob=0.0274 (raw=0.0113)  vol=$122  trades=15  first_trade=2025-11-27 23:29  winrate=NaN  n_markets_traded=0.000  herfindahl_index_markets=0.000
10:51:35 [super]   #1601  0xe12af4de7864b40baf81462901885728cae0d017  prob=0.0274 (raw=0.0113)  vol=$5  trades=8  first_trade=2025-11-29 19:34  winrate=0.000  n_markets_traded=48.000  herfindahl_index_markets=0.024
10:51:35 [super]   #1602  0xac9b386454ed02ef205e0ebd189d8864fd02d4c5  prob=0.0274 (raw=0.0113)  vol=$78,553  trades=47  first_trade=2025-12-04 03:24  winrate=NaN  n_markets_traded=0.000  herfindahl_index_markets=0.000
10:51:35 [super]   #1603  0xd0394bd0de8d901c3fde039a86bf08e6aa4a2532  prob=0.0274 (raw=0.0113)  vol=$61,359  trades=21  first_trade=2025-12-04 04:57  winrate=NaN  n_markets_traded=0.000  herfindahl_index_markets=0.000
10:51:35 [super]   #1604  0xb17edd2dd1a681526b21ea6689170cc4a07222be  prob=0.0274 (raw=0.0113)  vol=$1,221  trades=13  first_trade=2025-12-04 05:27  winrate=NaN  n_markets_traded=0.000  herfindahl_index_markets=0.000
10:51:35 [super]   #1605  0x8e77537e059837d3c2ca5b4efe75e74e9498c4f3  prob=0.0274 (raw=0.0113)  vol=$4,574  trades=2  first_trade=2025-12-01 21:16  winrate=NaN  n_markets_traded=0.000  herfindahl_index_markets=0.000
10:51:35 [super]   #1606  0x32c1f290bb6cfc196597a057dc2941158d34e575  prob=0.0274 (raw=0.0113)  vol=$686  trades=4  first_trade=2025-12-03 20:19  winrate=0.185  n_markets_traded=27.000  herfindahl_index_markets=0.078
10:51:35 [super]   #1607  0xe2ee809a13aad9e367ee526547a87d1387cf0af2  prob=0.0273 (raw=0.0112)  vol=$306  trades=4  first_trade=2025-12-04 05:47  winrate=0.226  n_markets_traded=155.000  herfindahl_index_markets=0.102
10:51:35 [super]   #1608  0x4b7410aefbf0f38012b0dfb1131a4de147a9e8d7  prob=0.0273 (raw=0.0112)  vol=$7,555  trades=66  first_trade=2025-12-02 13:08  winrate=NaN  n_markets_traded=0.000  herfindahl_index_markets=0.000
10:51:35 [super]   #1609  0x4cc3522b689a6bf1fb4a2444c523e7776db47552  prob=0.0273 (raw=0.0111)  vol=$58,142  trades=27  first_trade=2025-12-04 08:18  winrate=NaN  n_markets_traded=0.000  herfindahl_index_markets=0.000
10:51:35 [super]   #1610  0x03ac67436f169bb5348653f991d498bcb4944f55  prob=0.0273 (raw=0.0111)  vol=$299  trades=3  first_trade=2025-12-04 03:44  winrate=NaN  n_markets_traded=0.000  herfindahl_index_markets=0.000
10:51:35 [super]   #1611  0x69645cea639e7a19cbde6c126a197bc1abafef53  prob=0.0273 (raw=0.0111)  vol=$116,445  trades=23  first_trade=2025-12-04 03:36  winrate=NaN  n_markets_traded=0.000  herfindahl_index_markets=0.000
10:51:35 [super]   #1612  0xc851cd9bee7d262afd78674f861f9f576a12cd2a  prob=0.0273 (raw=0.0111)  vol=$63,447  trades=8  first_trade=2025-11-30 11:54  winrate=NaN  n_markets_traded=0.000  herfindahl_index_markets=0.000
10:51:35 [super]   #1613  0x63d43bbb87f85af03b8f2f9e2fad7b54334fa2f1  prob=0.0273 (raw=0.0111)  vol=$7,977  trades=164  first_trade=2025-11-27 00:35  winrate=NaN  n_markets_traded=0.000  herfindahl_index_markets=0.000
10:51:35 [super]   #1614  0xb7e90681f15a36e24591baf24645f84726b6bdac  prob=0.0273 (raw=0.0110)  vol=$10,679  trades=10  first_trade=2025-12-04 09:05  winrate=NaN  n_markets_traded=0.000  herfindahl_index_markets=0.000
10:51:35 [super]   #1615  0xffb0b9b292e406fd250854a35a0c9bd5612afa37  prob=0.0273 (raw=0.0110)  vol=$806  trades=4  first_trade=2025-12-04 03:34  winrate=NaN  n_markets_traded=0.000  herfindahl_index_markets=0.000
10:51:35 [super]   #1616  0xea8ee311382139d952087a669252252625663de0  prob=0.0273 (raw=0.0110)  vol=$449,226  trades=381  first_trade=2025-12-04 03:53  winrate=NaN  n_markets_traded=0.000  herfindahl_index_markets=0.000
10:51:35 [super]   #1617  0x241f846866c2de4fb67cdb0ca6b963d85e56ef50  prob=0.0273 (raw=0.0110)  vol=$342,725  trades=135  first_trade=2025-11-26 21:32  winrate=NaN  n_markets_traded=0.000  herfindahl_index_markets=0.000
10:51:35 [super]   #1618  0x77a4ba69bfd3a388bce7031900a3fabc105fc84f  prob=0.0273 (raw=0.0110)  vol=$1,048  trades=15  first_trade=2025-12-04 08:29  winrate=NaN  n_markets_traded=0.000  herfindahl_index_markets=0.000
10:51:35 [super]   #1619  0x6a13a9864a8e53c815cf1adb6026a0f35e3d4593  prob=0.0273 (raw=0.0110)  vol=$1,996  trades=2  first_trade=2025-12-04 09:52  winrate=NaN  n_markets_traded=0.000  herfindahl_index_markets=0.000
10:51:35 [super]   #1620  0xe8278d22bef444ede84505b7c0ec4e4001305209  prob=0.0273 (raw=0.0110)  vol=$2,400  trades=6  first_trade=2025-12-04 03:32  winrate=NaN  n_markets_traded=0.000  herfindahl_index_markets=0.000
10:51:35 [super]   #1621  0x9c24adc2cd30d0a337cf90511c5c3c6d4f5fae45  prob=0.0273 (raw=0.0110)  vol=$286  trades=6  first_trade=2025-12-04 06:43  winrate=0.307  n_markets_traded=101.000  herfindahl_index_markets=0.043
10:51:35 [super]   #1622  0x7b75e76b13a8d792bd4ce25d76a50be61ced3fd1  prob=0.0273 (raw=0.0110)  vol=$1,645  trades=36  first_trade=2025-12-04 05:22  winrate=NaN  n_markets_traded=0.000  herfindahl_index_markets=0.000
10:51:35 [super]   #1623  0x5188fa0e8a77e87bc6a58e6781fdfc4e165cc804  prob=0.0273 (raw=0.0109)  vol=$1,893  trades=16  first_trade=2025-12-01 01:03  winrate=NaN  n_markets_traded=0.000  herfindahl_index_markets=0.000
10:51:35 [super]   #1624  0x4e1c80129dfe79bc883872bbfd3b06647c6c876e  prob=0.0273 (raw=0.0109)  vol=$29  trades=9  first_trade=2025-12-01 03:46  winrate=0.067  n_markets_traded=30.000  herfindahl_index_markets=0.048
10:51:35 [super]   #1625  0xa61ef8773ec2e821962306ca87d4b57e39ff0abd  prob=0.0273 (raw=0.0109)  vol=$11,951  trades=5  first_trade=2025-12-04 03:51  winrate=NaN  n_markets_traded=0.000  herfindahl_index_markets=0.000
10:51:35 [super]   #1626  0x0d5ee5c536ccd78d179487b3d7e43ae4304d5c24  prob=0.0273 (raw=0.0109)  vol=$208  trades=8  first_trade=2025-12-04 03:54  winrate=NaN  n_markets_traded=0.000  herfindahl_index_markets=0.000
10:51:35 [super]   #1627  0xecb14ac6e9ca447ce2f2912e6217b43d7b655da3  prob=0.0273 (raw=0.0109)  vol=$514,799  trades=52  first_trade=2025-12-04 03:39  winrate=NaN  n_markets_traded=0.000  herfindahl_index_markets=0.000
10:51:35 [super]   #1628  0x64ae44024502016d3971efd56fef6f0bfc8a532b  prob=0.0273 (raw=0.0108)  vol=$3,435  trades=20  first_trade=2025-12-04 17:35  winrate=NaN  n_markets_traded=0.000  herfindahl_index_markets=0.000
10:51:35 [super]   #1629  0xa4bd8f49695cf5d55924aca4cc2694952874e8a2  prob=0.0273 (raw=0.0108)  vol=$3,329  trades=409  first_trade=2025-12-01 17:59  winrate=NaN  n_markets_traded=0.000  herfindahl_index_markets=0.000
10:51:35 [super]   #1630  0x9619e6c7124de0a7cb12346f690fb4aab14aa6c2  prob=0.0273 (raw=0.0108)  vol=$4  trades=3  first_trade=2025-11-27 04:40  winrate=0.210  n_markets_traded=218.000  herfindahl_index_markets=0.018
10:51:35 [super]   #1631  0xe097a66a04a3afd6de8929d19fcc41211402d811  prob=0.0273 (raw=0.0108)  vol=$485  trades=9  first_trade=2025-12-04 06:37  winrate=0.363  n_markets_traded=102.000  herfindahl_index_markets=0.026
10:51:35 [super]   #1632  0xc613e6707bd115e5c04d303d944568232697662b  prob=0.0273 (raw=0.0107)  vol=$1  trades=21  first_trade=2025-11-27 02:57  winrate=NaN  n_markets_traded=0.000  herfindahl_index_markets=0.000
10:51:35 [super]   #1633  0x405f71d7e55e1898bb1ba1b8df26143e5e4a14b0  prob=0.0273 (raw=0.0107)  vol=$680  trades=52  first_trade=2025-12-04 08:08  winrate=NaN  n_markets_traded=0.000  herfindahl_index_markets=0.000
10:51:35 [super]   #1634  0x4bf459194025b2ca11a2db2deb9ef2a08c467021  prob=0.0273 (raw=0.0107)  vol=$11,485  trades=10  first_trade=2025-12-04 11:22  winrate=NaN  n_markets_traded=0.000  herfindahl_index_markets=0.000
10:51:35 [super]   #1635  0x34026514e0bda25f0f9fbb053fe3070cdc8c9446  prob=0.0273 (raw=0.0107)  vol=$133,135  trades=14  first_trade=2025-12-04 20:46  winrate=NaN  n_markets_traded=0.000  herfindahl_index_markets=0.000
10:51:35 [super]   #1636  0xd5b97d08ec6098407bfbf66c2786ccc9967fe44e  prob=0.0273 (raw=0.0107)  vol=$30,874  trades=17  first_trade=2025-12-04 10:23  winrate=NaN  n_markets_traded=0.000  herfindahl_index_markets=0.000
10:51:35 [super]   #1637  0xce66940dfe6dc18bc151d66d52a66eb2121bcc64  prob=0.0273 (raw=0.0107)  vol=$14,066  trades=6  first_trade=2025-12-04 06:50  winrate=NaN  n_markets_traded=0.000  herfindahl_index_markets=0.000
10:51:35 [super]   #1638  0x58cc52507f4169ec8cd277c561c06eb36d3b9b12  prob=0.0273 (raw=0.0107)  vol=$250  trades=2  first_trade=2025-12-04 13:37  winrate=0.065  n_markets_traded=31.000  herfindahl_index_markets=0.104
10:51:35 [super]   #1639  0x00ee3b6011fe1bf274ba09549effd20fcba01128  prob=0.0273 (raw=0.0107)  vol=$5  trades=3  first_trade=2025-12-04 11:32  winrate=NaN  n_markets_traded=0.000  herfindahl_index_markets=0.000
10:51:35 [super]   #1640  0x4286369abdfdc6a05978342e6810f9273076d8b9  prob=0.0273 (raw=0.0106)  vol=$170  trades=5  first_trade=2025-12-04 07:11  winrate=0.374  n_markets_traded=457.000  herfindahl_index_markets=0.022
10:51:35 [super]   #1641  0x56471a1042a97a710bc1889814487b6705047cbe  prob=0.0273 (raw=0.0106)  vol=$501  trades=4  first_trade=2025-12-04 15:49  winrate=0.293  n_markets_traded=41.000  herfindahl_index_markets=0.066
10:51:35 [super]   #1642  0x9fd3588cc9e6f9c829cc1d85dfb49405a873b4da  prob=0.0273 (raw=0.0106)  vol=$68  trades=22  first_trade=2025-12-01 02:33  winrate=0.103  n_markets_traded=29.000  herfindahl_index_markets=0.044
10:51:35 [super]   #1643  0xca32458e2155098f7735bf5e8bd6b675c80c2c78  prob=0.0273 (raw=0.0106)  vol=$230  trades=5  first_trade=2025-11-27 05:21  winrate=0.077  n_markets_traded=24.000  herfindahl_index_markets=0.076
10:51:35 [super]   #1644  0xeae3266903f9ddfe0fdff73febe6b5a70762d912  prob=0.0273 (raw=0.0106)  vol=$1,677  trades=4  first_trade=2025-12-04 09:45  winrate=0.317  n_markets_traded=41.000  herfindahl_index_markets=0.129
10:51:35 [super]   #1645  0x9ffa87e7454ae2eef021b7a1f4827af1bb4603ef  prob=0.0273 (raw=0.0106)  vol=$502  trades=4  first_trade=2025-12-04 20:39  winrate=0.214  n_markets_traded=28.000  herfindahl_index_markets=0.106
10:51:35 [super]   #1646  0x8c65645130b3e7e1d6b897b010673de3c353d11b  prob=0.0273 (raw=0.0106)  vol=$3,345  trades=6  first_trade=2025-12-04 12:13  winrate=0.154  n_markets_traded=39.000  herfindahl_index_markets=0.088
10:51:35 [super]   #1647  0xdd572169e741c72227589c5cb56b9ddd638d694d  prob=0.0273 (raw=0.0106)  vol=$40,439  trades=5  first_trade=2025-12-04 04:47  winrate=NaN  n_markets_traded=0.000  herfindahl_index_markets=0.000
10:51:35 [super]   #1648  0x11b8c98efccfeda7d5fb86931bbd19de3324435f  prob=0.0273 (raw=0.0106)  vol=$39  trades=12  first_trade=2025-12-04 01:23  winrate=NaN  n_markets_traded=0.000  herfindahl_index_markets=0.000
10:51:35 [super]   #1649  0x43440ab002eaac9fede6f9d21bea96d84228f90d  prob=0.0273 (raw=0.0105)  vol=$4,435  trades=2  first_trade=2025-12-04 19:30  winrate=NaN  n_markets_traded=0.000  herfindahl_index_markets=0.000
10:51:35 [super]   #1650  0x49b5ea600756e252050dd18aaba8317724f9d249  prob=0.0273 (raw=0.0105)  vol=$3,389  trades=3  first_trade=2025-12-04 13:20  winrate=NaN  n_markets_traded=0.000  herfindahl_index_markets=0.000
10:51:35 [super]   #1651  0x436b9530e9ff4ce3cdff8119fc7e5afe50d7765c  prob=0.0273 (raw=0.0105)  vol=$4  trades=4  first_trade=2025-12-05 11:57  winrate=NaN  n_markets_traded=0.000  herfindahl_index_markets=0.000
10:51:35 [super]   #1652  0x225b7c9aaf6108ded29b9fda9939aa671ef6422a  prob=0.0273 (raw=0.0105)  vol=$3,923  trades=12  first_trade=2025-12-04 06:20  winrate=0.349  n_markets_traded=86.000  herfindahl_index_markets=0.049
10:51:35 [super]   #1653  0x8a8ca723c227e97370d3281e54b117cf4cb25ae2  prob=0.0273 (raw=0.0105)  vol=$1,400  trades=6  first_trade=2025-12-05 00:45  winrate=0.000  n_markets_traded=11.000  herfindahl_index_markets=0.133
10:51:35 [super]   #1654  0x2892ea81ccc646db98819a1c7ac03c56227d71dd  prob=0.0273 (raw=0.0105)  vol=$165  trades=9  first_trade=2025-12-04 05:14  winrate=NaN  n_markets_traded=0.000  herfindahl_index_markets=0.000
10:51:35 [super]   #1655  0x47f0af7a0ae498a4f0f1f9092dd572240eaeda2b  prob=0.0273 (raw=0.0104)  vol=$2,000  trades=4  first_trade=2025-12-04 04:21  winrate=0.286  n_markets_traded=63.000  herfindahl_index_markets=0.092
10:51:35 [super]   #1656  0xeec50edede5d961efb02e20bfd3275dd1e7fb6fe  prob=0.0273 (raw=0.0104)  vol=$11,728  trades=42  first_trade=2025-12-04 03:44  winrate=NaN  n_markets_traded=0.000  herfindahl_index_markets=0.000
10:51:35 [super]   #1657  0xdc8d49e3317dab913726f10c75a6dff742c784bc  prob=0.0273 (raw=0.0104)  vol=$37,692  trades=56  first_trade=2025-12-02 19:44  winrate=NaN  n_markets_traded=0.000  herfindahl_index_markets=0.000
10:51:35 [super]   #1658  0xb8e69b66c2a4d26db7b602d8f170dfb46b8f9767  prob=0.0273 (raw=0.0104)  vol=$2,383  trades=2  first_trade=2025-12-06 01:42  winrate=NaN  n_markets_traded=0.000  herfindahl_index_markets=0.000
10:51:35 [super]   #1659  0xa0f9dc2fb512aa43649e487dba50015c1941cf34  prob=0.0273 (raw=0.0104)  vol=$74  trades=2  first_trade=2025-12-04 07:31  winrate=NaN  n_markets_traded=0.000  herfindahl_index_markets=0.000
10:51:35 [super]   #1660  0xb1a190be02cafacb6c30b98beb621503d5e2d308  prob=0.0273 (raw=0.0104)  vol=$4,198  trades=29  first_trade=2025-11-30 07:54  winrate=NaN  n_markets_traded=0.000  herfindahl_index_markets=0.000
10:51:35 [super]   #1661  0x805a922574d7d6b158b7bbb49a6fa8925eb60635  prob=0.0272 (raw=0.0103)  vol=$104,796  trades=23  first_trade=2025-12-04 04:38  winrate=NaN  n_markets_traded=0.000  herfindahl_index_markets=0.000
10:51:35 [super]   #1662  0x7c2c96af5bdadc1818360ac33ba77718c5a3407e  prob=0.0272 (raw=0.0103)  vol=$11  trades=2  first_trade=2025-12-04 03:34  winrate=NaN  n_markets_traded=0.000  herfindahl_index_markets=0.000
10:51:35 [super]   #1663  0xfc013900fd8ef7232d449aa2b19b77374e0b603b  prob=0.0272 (raw=0.0103)  vol=$1,222  trades=2  first_trade=2025-12-04 06:37  winrate=NaN  n_markets_traded=0.000  herfindahl_index_markets=0.000
10:51:35 [super]   #1664  0x61d0aceed741417e9b7ea45bcb7bf0295c8d1d86  prob=0.0272 (raw=0.0103)  vol=$110,836  trades=43  first_trade=2025-12-04 06:09  winrate=NaN  n_markets_traded=0.000  herfindahl_index_markets=0.000
10:51:35 [super]   #1665  0x1d0dbe5ed62c06fcf4907bda50f21e1935a59b6e  prob=0.0272 (raw=0.0103)  vol=$715  trades=53  first_trade=2025-11-30 11:54  winrate=NaN  n_markets_traded=0.000  herfindahl_index_markets=0.000
10:51:35 [super]   #1666  0x562bc8068347268d9a69b8dd464d00eed0f9dc09  prob=0.0272 (raw=0.0103)  vol=$6,250  trades=37  first_trade=2025-12-04 05:03  winrate=NaN  n_markets_traded=0.000  herfindahl_index_markets=0.000
10:51:35 [super]   #1667  0x7740253843b20007a4c99c3766878351002acbcd  prob=0.0272 (raw=0.0103)  vol=$58  trades=8  first_trade=2025-12-04 03:15  winrate=NaN  n_markets_traded=0.000  herfindahl_index_markets=0.000
10:51:35 [super]   #1668  0xcdb1f1ef8213c06911e4ba6a884176c5571e276c  prob=0.0272 (raw=0.0103)  vol=$24,332  trades=58  first_trade=2025-12-04 05:21  winrate=NaN  n_markets_traded=0.000  herfindahl_index_markets=0.000
10:51:35 [super]   #1669  0x17a573d7c137026be0c86ac13b539154155fe00a  prob=0.0272 (raw=0.0103)  vol=$22,455  trades=62  first_trade=2025-12-04 03:22  winrate=NaN  n_markets_traded=0.000  herfindahl_index_markets=0.000
10:51:35 [super]   #1670  0xc781e8dd03946230f2f32ab36077998bcb4a59d7  prob=0.0272 (raw=0.0103)  vol=$9,810  trades=6  first_trade=2025-12-04 03:37  winrate=NaN  n_markets_traded=0.000  herfindahl_index_markets=0.000
10:51:35 [super]   #1671  0xf1f9a438f2697381b4ac8eb283d6f4dd772d1245  prob=0.0272 (raw=0.0103)  vol=$7,778  trades=12  first_trade=2025-12-04 05:11  winrate=NaN  n_markets_traded=0.000  herfindahl_index_markets=0.000
10:51:35 [super]   #1672  0x47ab026767cc320ac6e62f6ec747d59cf4d795df  prob=0.0272 (raw=0.0103)  vol=$229,765  trades=74  first_trade=2025-12-04 05:01  winrate=NaN  n_markets_traded=0.000  herfindahl_index_markets=0.000
10:51:35 [super]   #1673  0xad529df14c293d77984a0137990a1441b25211ac  prob=0.0272 (raw=0.0103)  vol=$37,103  trades=46  first_trade=2025-11-27 07:51  winrate=NaN  n_markets_traded=0.000  herfindahl_index_markets=0.000
10:51:35 [super]   #1674  0x51727cf649ff35f254a7975f90800dea4b290581  prob=0.0272 (raw=0.0103)  vol=$2  trades=5  first_trade=2025-12-04 03:17  winrate=0.299  n_markets_traded=478.000  herfindahl_index_markets=0.015
10:51:35 [super]   #1675  0x58c85b9a2f357cb32d92cbb6443d552148060300  prob=0.0272 (raw=0.0102)  vol=$159  trades=30  first_trade=2025-12-01 22:39  winrate=NaN  n_markets_traded=0.000  herfindahl_index_markets=0.000
10:51:35 [super]   #1676  0xb3fe2aeb7f5c6a2dc0cb3d9dbb009fa7c7b54a24  prob=0.0272 (raw=0.0102)  vol=$5,095  trades=7  first_trade=2025-12-04 07:16  winrate=NaN  n_markets_traded=0.000  herfindahl_index_markets=0.000
10:51:35 [super]   #1677  0xb401123e33dbbe1d575c4ee4f30c714a2819df2a  prob=0.0272 (raw=0.0102)  vol=$30,031  trades=38  first_trade=2025-12-01 08:22  winrate=NaN  n_markets_traded=0.000  herfindahl_index_markets=0.000
10:51:35 [super]   #1678  0x7d3a7ccb10dc4c2f182e4d1998ab8648e43374db  prob=0.0272 (raw=0.0102)  vol=$2  trades=2  first_trade=2025-12-04 05:35  winrate=0.062  n_markets_traded=16.000  herfindahl_index_markets=0.084
10:51:35 [super]   #1679  0x6a9743e7872cb5e321ca2eb97edc907bc6c14800  prob=0.0272 (raw=0.0101)  vol=$423  trades=18  first_trade=2025-12-04 05:30  winrate=NaN  n_markets_traded=0.000  herfindahl_index_markets=0.000
10:51:35 [super]   #1680  0x75e765216a57942d738d880ffcda854d9f869080  prob=0.0272 (raw=0.0101)  vol=$589  trades=15  first_trade=2025-12-04 05:22  winrate=NaN  n_markets_traded=0.000  herfindahl_index_markets=0.000
10:51:35 [super]   #1681  0x9ad091ca2e8f1bd69f27662edcb49dceeaa5bf3d  prob=0.0272 (raw=0.0101)  vol=$40  trades=22  first_trade=2025-12-04 05:20  winrate=NaN  n_markets_traded=0.000  herfindahl_index_markets=0.000
10:51:35 [super]   #1682  0x48185887c8dc95de60ee89722f1d0ee7894cbf0b  prob=0.0272 (raw=0.0101)  vol=$39,960  trades=1  first_trade=2025-12-06 19:57  winrate=NaN  n_markets_traded=0.000  herfindahl_index_markets=0.000
10:51:35 [super]   #1683  0xbefa95c276ee8ef6ff3ef43d1c1c454f52bc300d  prob=0.0272 (raw=0.0101)  vol=$186  trades=7  first_trade=2025-12-04 16:51  winrate=NaN  n_markets_traded=0.000  herfindahl_index_markets=0.000
10:51:35 [super]   #1684  0x822f5e95d2c5c9c32febbf1992caa680178cea37  prob=0.0272 (raw=0.0101)  vol=$400  trades=3  first_trade=2025-12-04 06:19  winrate=0.273  n_markets_traded=44.000  herfindahl_index_markets=0.150
10:51:35 [super]   #1685  0x7c2daa12b91b8314ef7f1d983e417af502e90891  prob=0.0272 (raw=0.0101)  vol=$250  trades=3  first_trade=2025-12-04 21:20  winrate=0.130  n_markets_traded=69.000  herfindahl_index_markets=0.020
10:51:35 [super]   #1686  0x8b203cda6a48baee7d7b0f2c07cf6add26e038ff  prob=0.0272 (raw=0.0101)  vol=$19,613  trades=17  first_trade=2025-12-04 06:19  winrate=0.113  n_markets_traded=195.000  herfindahl_index_markets=0.136
10:51:35 [super]   #1687  0x2ea09bde0f670768ca8ba23438c7ec404a343dab  prob=0.0272 (raw=0.0100)  vol=$335  trades=4  first_trade=2025-12-05 04:53  winrate=NaN  n_markets_traded=0.000  herfindahl_index_markets=0.000
10:51:35 [super]   #1688  0xa49b6ea0a604c581f2a9569db42c192b1c487054  prob=0.0272 (raw=0.0099)  vol=$42  trades=6  first_trade=2025-12-01 01:03  winrate=NaN  n_markets_traded=0.000  herfindahl_index_markets=0.000
10:51:35 [super]   #1689  0x36da5ca5d1d4b79f1c2ebbb09be8c13834568218  prob=0.0272 (raw=0.0098)  vol=$25,152  trades=19  first_trade=2025-12-04 14:25  winrate=NaN  n_markets_traded=0.000  herfindahl_index_markets=0.000
10:51:35 [super]   #1690  0x0d7bcd28e24d12e4ead003ef9373b13d2178a54b  prob=0.0272 (raw=0.0098)  vol=$500  trades=2  first_trade=2025-12-04 15:09  winrate=0.371  n_markets_traded=140.000  herfindahl_index_markets=0.030
10:51:35 [super]   #1691  0x070b87f5b1e2c9d976a5e7e5a6e3eccb0ce82d6d  prob=0.0272 (raw=0.0098)  vol=$500  trades=2  first_trade=2025-12-04 14:37  winrate=0.266  n_markets_traded=94.000  herfindahl_index_markets=0.090
10:51:35 [super]   #1692  0xff76de0257c2443434b1efcbc74176d1fe7a96c3  prob=0.0272 (raw=0.0098)  vol=$1,006  trades=4  first_trade=2025-12-05 07:07  winrate=0.235  n_markets_traded=268.000  herfindahl_index_markets=0.008
10:51:35 [super]   #1693  0x92be01de38bd5487cbb74df5cf4a30e71481368c  prob=0.0272 (raw=0.0098)  vol=$5,000  trades=2  first_trade=2025-12-05 08:35  winrate=0.148  n_markets_traded=115.000  herfindahl_index_markets=0.069
10:51:35 [super]   #1694  0x7c3941fb6c074f3796af11d49a00aa92947df4f2  prob=0.0272 (raw=0.0098)  vol=$5,000  trades=2  first_trade=2025-12-06 17:02  winrate=0.330  n_markets_traded=88.000  herfindahl_index_markets=0.024
10:51:35 [super]   #1695  0x651aafb35eb5afa078cf47ba63440f2bef09b898  prob=0.0272 (raw=0.0098)  vol=$9,500  trades=4  first_trade=2025-12-04 14:08  winrate=0.190  n_markets_traded=58.000  herfindahl_index_markets=0.078
10:51:35 [super]   #1696  0x1f496a1cc840c95a1eca13f1b5bbdf983ff27458  prob=0.0272 (raw=0.0097)  vol=$1,161  trades=6  first_trade=2025-12-01 10:45  winrate=NaN  n_markets_traded=0.000  herfindahl_index_markets=0.000
10:51:35 [super]   #1697  0xacf4c9d737a0c4c25071d1e5ee58c9b8a37241e3  prob=0.0272 (raw=0.0097)  vol=$26  trades=4  first_trade=2025-12-04 11:45  winrate=0.071  n_markets_traded=14.000  herfindahl_index_markets=0.116
10:51:35 [super]   #1698  0x755d29a2e6b543d9463aca57d4d47f50c60b6acc  prob=0.0272 (raw=0.0097)  vol=$100  trades=4  first_trade=2025-12-04 07:03  winrate=NaN  n_markets_traded=0.000  herfindahl_index_markets=0.000
10:51:35 [super]   #1699  0x22fb05fc74d637aa9d6601cd8a373c04cb69d7d6  prob=0.0272 (raw=0.0097)  vol=$5,843  trades=12  first_trade=2025-12-04 07:13  winrate=NaN  n_markets_traded=0.000  herfindahl_index_markets=0.000
10:51:35 [super]   #1700  0xffb50247a2ffd7041c3f1569be1da669e5a5e0a7  prob=0.0272 (raw=0.0096)  vol=$20  trades=2  first_trade=2025-12-04 06:16  winrate=0.098  n_markets_traded=41.000  herfindahl_index_markets=0.139
10:51:35 [super]   #1701  0x2631ae29825470a26e3ee846d2e604a0e4e450f3  prob=0.0272 (raw=0.0096)  vol=$1,000  trades=2  first_trade=2025-12-05 01:21  winrate=0.333  n_markets_traded=18.000  herfindahl_index_markets=0.155
10:51:35 [super]   #1702  0x52bc70fbe32888cf6a72e66a316d981bde35aab6  prob=0.0272 (raw=0.0096)  vol=$100  trades=1  first_trade=2025-12-04 07:32  winrate=0.357  n_markets_traded=14.000  herfindahl_index_markets=0.155
10:51:35 [super]   #1703  0xbacd00c9080a82ded56f504ee8810af732b0ab35  prob=0.0272 (raw=0.0096)  vol=$26,690  trades=59  first_trade=2025-12-02 05:19  winrate=NaN  n_markets_traded=0.000  herfindahl_index_markets=0.000
10:51:35 [super]   #1704  0x370b22aaec663037c678dce86d0057849dd6e34b  prob=0.0272 (raw=0.0095)  vol=$8  trades=2  first_trade=2025-12-03 17:07  winrate=NaN  n_markets_traded=0.000  herfindahl_index_markets=0.000
10:51:35 [super]   #1705  0x73d225c851df25d73b14846a370bdeef9434f9b7  prob=0.0272 (raw=0.0095)  vol=$2,230  trades=18  first_trade=2025-12-03 16:11  winrate=NaN  n_markets_traded=0.000  herfindahl_index_markets=0.000
10:51:35 [super]   #1706  0x4e25605fd905e9972efc0f4d8814530c655cd7a7  prob=0.0272 (raw=0.0095)  vol=$3,254  trades=8  first_trade=2025-12-02 18:19  winrate=NaN  n_markets_traded=0.000  herfindahl_index_markets=0.000
10:51:35 [super]   #1707  0x6480542954b70a674a74bd1a6015dec362dc8dc5  prob=0.0272 (raw=0.0095)  vol=$82  trades=16  first_trade=2025-12-05 02:51  winrate=NaN  n_markets_traded=0.000  herfindahl_index_markets=0.000
10:51:35 [super]   #1708  0x684592063acf613e2d0d5887256a0c16cb48c125  prob=0.0272 (raw=0.0095)  vol=$994  trades=27  first_trade=2025-12-04 05:06  winrate=NaN  n_markets_traded=0.000  herfindahl_index_markets=0.000
10:51:35 [super]   #1709  0x8f88b822c115fc168672b142a953d37d1ea4ca51  prob=0.0272 (raw=0.0095)  vol=$7,840  trades=8  first_trade=2025-12-04 23:10  winrate=NaN  n_markets_traded=0.000  herfindahl_index_markets=0.000
10:51:35 [super]   #1710  0x4959175440b8f38229b32f2f036057f6893ea6f5  prob=0.0272 (raw=0.0095)  vol=$842  trades=19  first_trade=2025-11-30 00:06  winrate=NaN  n_markets_traded=0.000  herfindahl_index_markets=0.000
10:51:35 [super]   #1711  0x21ffd2b7a212a6f277ed3eca1a9f8efcbca90d71  prob=0.0272 (raw=0.0095)  vol=$4,011  trades=53  first_trade=2025-11-30 00:06  winrate=NaN  n_markets_traded=0.000  herfindahl_index_markets=0.000
10:51:35 [super]   #1712  0x8795bcb2fe129d1ea3e3d73bc13a3d8078047544  prob=0.0271 (raw=0.0095)  vol=$105,102  trades=71  first_trade=2025-11-30 04:09  winrate=NaN  n_markets_traded=0.000  herfindahl_index_markets=0.000
10:51:35 [super]   #1713  0x741bef508fd9e9075e9b60f3cb9410a5a1ec3cbf  prob=0.0271 (raw=0.0095)  vol=$1,000  trades=2  first_trade=2025-12-04 14:08  winrate=0.275  n_markets_traded=153.000  herfindahl_index_markets=0.032
10:51:35 [super]   #1714  0x11fa80162294d21ccf528df2c70941e6bca4970f  prob=0.0271 (raw=0.0095)  vol=$1,000  trades=2  first_trade=2025-12-04 22:28  winrate=0.345  n_markets_traded=118.000  herfindahl_index_markets=0.020
10:51:35 [super]   #1715  0x5c462c9b739df67118ebb3331f44a4ac9feca137  prob=0.0271 (raw=0.0095)  vol=$500  trades=2  first_trade=2025-12-04 18:38  winrate=0.266  n_markets_traded=143.000  herfindahl_index_markets=0.057
10:51:35 [super]   #1716  0x8aafe956fb58863c4e6f3cf10ab3dd0de4c9c228  prob=0.0271 (raw=0.0095)  vol=$250  trades=2  first_trade=2025-12-04 13:36  winrate=0.133  n_markets_traded=15.000  herfindahl_index_markets=0.134
10:51:35 [super]   #1717  0xc47fdcc4ccb5bf6c94007beafbd37ff36aa9ffcb  prob=0.0271 (raw=0.0095)  vol=$250  trades=2  first_trade=2025-12-04 12:49  winrate=0.351  n_markets_traded=188.000  herfindahl_index_markets=0.027
10:51:35 [super]   #1718  0xbb2182138b986790638ff3850e0b9a78b070e043  prob=0.0271 (raw=0.0095)  vol=$348,381  trades=25  first_trade=2025-12-04 19:30  winrate=0.118  n_markets_traded=17.000  herfindahl_index_markets=0.108
10:51:35 [super]   #1719  0x7cbca6904291affd3c6bfa157d5edbc900dc5196  prob=0.0271 (raw=0.0095)  vol=$385  trades=4  first_trade=2025-12-04 06:26  winrate=0.249  n_markets_traded=297.000  herfindahl_index_markets=0.041
10:51:35 [super]   #1720  0x5d18de8624ba5b526628259768def39c291f0af4  prob=0.0271 (raw=0.0095)  vol=$2,000  trades=2  first_trade=2025-12-06 19:41  winrate=0.222  n_markets_traded=9.000  herfindahl_index_markets=0.124
10:51:35 [super]   #1721  0xd397acf3fa08ce6d2439310b8061ba7d058bbd21  prob=0.0271 (raw=0.0095)  vol=$500  trades=2  first_trade=2025-12-04 16:01  winrate=0.301  n_markets_traded=1072.000  herfindahl_index_markets=0.001
10:51:35 [super]   #1722  0xebb3d4fdc4acb69baa48c8d530f7699d76ef8044  prob=0.0271 (raw=0.0095)  vol=$250  trades=2  first_trade=2025-12-04 13:14  winrate=0.326  n_markets_traded=43.000  herfindahl_index_markets=0.043
10:51:35 [super]   #1723  0x130c1afcfd177442c5d55beae598d3814641782c  prob=0.0271 (raw=0.0095)  vol=$2  trades=2  first_trade=2025-12-04 07:22  winrate=0.365  n_markets_traded=148.000  herfindahl_index_markets=0.046
10:51:35 [super]   #1724  0x359cf7e2cdc79175634d3d06fa87212d418ff17e  prob=0.0271 (raw=0.0095)  vol=$250  trades=2  first_trade=2025-12-05 03:34  winrate=0.281  n_markets_traded=32.000  herfindahl_index_markets=0.054
10:51:35 [super]   #1725  0x1ffc1f740ad20a189dc8ce1c1efb80b761fe8967  prob=0.0271 (raw=0.0095)  vol=$50  trades=2  first_trade=2025-12-02 02:03  winrate=0.333  n_markets_traded=23.000  herfindahl_index_markets=0.064
10:51:35 [super]   #1726  0x07622674393cefbea76e60060f65073f98b99529  prob=0.0271 (raw=0.0095)  vol=$6,000  trades=10  first_trade=2025-12-04 13:19  winrate=0.138  n_markets_traded=29.000  herfindahl_index_markets=0.074
10:51:35 [super]   #1727  0xfc9fc3b035d6107fd2e616febe3923854cfc614c  prob=0.0271 (raw=0.0095)  vol=$42  trades=2  first_trade=2025-12-04 07:34  winrate=0.293  n_markets_traded=41.000  herfindahl_index_markets=0.066
10:51:35 [super]   #1728  0x19cab5f9cd8469a3baf62998eeea15fabc1f5ba5  prob=0.0271 (raw=0.0095)  vol=$2  trades=2  first_trade=2025-12-04 21:13  winrate=0.165  n_markets_traded=85.000  herfindahl_index_markets=0.065
10:51:35 [super]   #1729  0xb31e81cd0e1cb3980c6d6ae4ea1b4cf9ecbd4326  prob=0.0271 (raw=0.0095)  vol=$2  trades=2  first_trade=2025-12-05 09:51  winrate=0.333  n_markets_traded=12.000  herfindahl_index_markets=0.145
10:51:35 [super]   #1730  0x1995d18180e17285fb5ed2135676f915929b6c24  prob=0.0271 (raw=0.0095)  vol=$2  trades=2  first_trade=2025-12-04 12:11  winrate=0.167  n_markets_traded=24.000  herfindahl_index_markets=0.070
10:51:35 [super]   #1731  0x48436435dbd01fbe0eda1fefcf60c7b2aa0812be  prob=0.0271 (raw=0.0095)  vol=$108  trades=3  first_trade=2025-12-04 07:03  winrate=0.368  n_markets_traded=19.000  herfindahl_index_markets=0.147
10:51:35 [super]   #1732  0x6fd5a47a2008cc3636392600527ee821df66e0a7  prob=0.0271 (raw=0.0095)  vol=$667  trades=2  first_trade=2025-12-05 14:19  winrate=0.350  n_markets_traded=214.000  herfindahl_index_markets=0.056
10:51:35 [super]   #1733  0x9442468393577cd2581f7b76948edacfb8f85d45  prob=0.0271 (raw=0.0095)  vol=$667  trades=4  first_trade=2025-12-04 13:44  winrate=0.105  n_markets_traded=38.000  herfindahl_index_markets=0.074
10:51:35 [super]   #1734  0x1ee66ed15f75332eaf28e05094ca56ece3c5d50e  prob=0.0271 (raw=0.0095)  vol=$6  trades=3  first_trade=2025-12-04 07:46  winrate=0.308  n_markets_traded=13.000  herfindahl_index_markets=0.121
10:51:35 [super]   #1735  0x1f0134411be4df9d5003ca286f3dd9fea262548c  prob=0.0271 (raw=0.0095)  vol=$4,830  trades=5  first_trade=2025-12-05 08:26  winrate=0.253  n_markets_traded=170.000  herfindahl_index_markets=0.053
10:51:35 [super]   #1736  0xf1e27baf185604ab9ab5053766d7486068dcc8cc  prob=0.0271 (raw=0.0095)  vol=$4  trades=2  first_trade=2025-12-04 20:44  winrate=0.174  n_markets_traded=23.000  herfindahl_index_markets=0.090
10:51:35 [super]   #1737  0x16fff922dd09fed10f949e8a63c39b4bc65921f9  prob=0.0271 (raw=0.0095)  vol=$8  trades=2  first_trade=2025-12-01 00:59  winrate=0.097  n_markets_traded=207.000  herfindahl_index_markets=0.012
10:51:35 [super]   #1738  0xfc1e87d9fb3c741b0723b1287194cb0d38de9f28  prob=0.0271 (raw=0.0095)  vol=$16  trades=6  first_trade=2025-12-04 19:38  winrate=0.214  n_markets_traded=14.000  herfindahl_index_markets=0.099
10:51:35 [super]   #1739  0xe75ac274f6474acd10ba8846f469bcde5445d528  prob=0.0271 (raw=0.0095)  vol=$6,340  trades=2  first_trade=2025-12-04 18:27  winrate=0.364  n_markets_traded=22.000  herfindahl_index_markets=0.074
10:51:35 [super]   #1740  0xa57b7c2a33a165c10e0b050bc203b008211832dd  prob=0.0271 (raw=0.0095)  vol=$4  trades=2  first_trade=2025-12-04 21:58  winrate=0.107  n_markets_traded=103.000  herfindahl_index_markets=0.144
10:51:35 [super]   #1741  0x4eab7978e1238f59a2ad4be4185fbe9a30b108bf  prob=0.0271 (raw=0.0095)  vol=$10,830  trades=2  first_trade=2025-12-05 17:57  winrate=0.333  n_markets_traded=15.000  herfindahl_index_markets=0.138
10:51:35 [super]   #1742  0xb873ceab657f080fa4f94cc3c97a7dbe5c07c521  prob=0.0271 (raw=0.0095)  vol=$59,880  trades=14  first_trade=2025-12-04 13:32  winrate=0.143  n_markets_traded=7.000  herfindahl_index_markets=0.148
10:51:35 [super]   #1743  0x7a2fe3f06cb2f36421f7527f4ec38285616a73a9  prob=0.0271 (raw=0.0095)  vol=$1,000  trades=2  first_trade=2025-12-06 22:50  winrate=0.111  n_markets_traded=18.000  herfindahl_index_markets=0.135
10:51:35 [super]   #1744  0x3f7aee8f1fafcd873343105b24f83f3f98a9248e  prob=0.0271 (raw=0.0095)  vol=$69,618  trades=144  first_trade=2025-11-30 07:25  winrate=NaN  n_markets_traded=0.000  herfindahl_index_markets=0.000
10:51:35 [super]   #1745  0x071e3fb0fd7b18c1033e311eb82122f430213d22  prob=0.0271 (raw=0.0094)  vol=$752  trades=4  first_trade=2025-12-04 13:43  winrate=0.017  n_markets_traded=58.000  herfindahl_index_markets=0.129
10:51:35 [super]   #1746  0xa6e7ffa50b030c3a448511f5c268504eaa3e5fbc  prob=0.0271 (raw=0.0094)  vol=$2,250  trades=4  first_trade=2025-12-04 12:46  winrate=0.000  n_markets_traded=15.000  herfindahl_index_markets=0.100
10:51:35 [super]   #1747  0xdec5181ca9851abb10388591c497452629e7e955  prob=0.0271 (raw=0.0094)  vol=$2,383  trades=8  first_trade=2025-12-05 00:30  winrate=0.000  n_markets_traded=13.000  herfindahl_index_markets=0.086
10:51:35 [super]   #1748  0x4e1ed09dd41f47bd7ba353014f382672f96bf989  prob=0.0271 (raw=0.0094)  vol=$40  trades=2  first_trade=2025-12-04 06:26  winrate=0.000  n_markets_traded=9.000  herfindahl_index_markets=0.124
10:51:35 [super]   #1749  0x05b9be5eac9206e1ff5f21a9535768b3930ea674  prob=0.0271 (raw=0.0094)  vol=$333  trades=2  first_trade=2025-12-04 12:29  winrate=0.000  n_markets_traded=16.000  herfindahl_index_markets=0.063
10:51:35 [super]   #1750  0xc5d5b7a32f92acaedad697640fb4904d47965cd6  prob=0.0271 (raw=0.0094)  vol=$1,333  trades=4  first_trade=2025-12-05 15:46  winrate=0.000  n_markets_traded=12.000  herfindahl_index_markets=0.083
10:51:35 [super]   #1751  0x40896b94fefbf1353f624d63b51b3ce44b9d1865  prob=0.0271 (raw=0.0094)  vol=$1,000  trades=2  first_trade=2025-12-06 21:32  winrate=0.000  n_markets_traded=23.000  herfindahl_index_markets=0.095
10:51:35 [super]   #1752  0x1a07377a5c16796392bb9e240ae747f4a94ee2c0  prob=0.0271 (raw=0.0094)  vol=$5  trades=2  first_trade=2025-11-30 04:48  winrate=0.000  n_markets_traded=9.000  herfindahl_index_markets=0.122
10:51:35 [super]   #1753  0x403ccf20a381a8f496521469705b484adaf372a1  prob=0.0271 (raw=0.0094)  vol=$106  trades=4  first_trade=2025-12-04 06:24  winrate=NaN  n_markets_traded=0.000  herfindahl_index_markets=0.000
10:51:35 [super]   #1754  0x7d8dbef9cb6ec82b759a6c6642ede8e23b5ea96c  prob=0.0271 (raw=0.0094)  vol=$31  trades=4  first_trade=2025-12-04 07:23  winrate=NaN  n_markets_traded=0.000  herfindahl_index_markets=0.000
10:51:35 [super]   #1755  0x01fe9bdd1faa7794b0f0eb933509e2d8fe7d79f4  prob=0.0271 (raw=0.0094)  vol=$1,006  trades=8  first_trade=2025-12-04 05:42  winrate=NaN  n_markets_traded=0.000  herfindahl_index_markets=0.000
10:51:35 [super]   #1756  0x110a3d1a86ef4e3cdf905ec92a5d284e59cd38a8  prob=0.0271 (raw=0.0093)  vol=$50  trades=2  first_trade=2025-12-04 04:50  winrate=NaN  n_markets_traded=0.000  herfindahl_index_markets=0.000
10:51:35 [super]   #1757  0xf8b720c031833a879ffe538c7e040fad542114de  prob=0.0271 (raw=0.0093)  vol=$0  trades=2  first_trade=2025-12-04 03:36  winrate=NaN  n_markets_traded=0.000  herfindahl_index_markets=0.000
10:51:35 [super]   #1758  0x3f3bfc6d754e416699793901ffb12ddeee9f1d77  prob=0.0271 (raw=0.0093)  vol=$11,398  trades=16  first_trade=2025-12-04 05:08  winrate=NaN  n_markets_traded=0.000  herfindahl_index_markets=0.000
10:51:35 [super]   #1759  0xd189664c5308903476f9f079820431e4fd7d06f4  prob=0.0271 (raw=0.0092)  vol=$49,870  trades=16  first_trade=2025-12-04 03:36  winrate=NaN  n_markets_traded=0.000  herfindahl_index_markets=0.000
10:51:35 [super]   #1760  0x011f2d377e56119fb09196dffb0948ae55711122  prob=0.0271 (raw=0.0092)  vol=$5  trades=1  first_trade=2025-12-04 03:36  winrate=NaN  n_markets_traded=0.000  herfindahl_index_markets=0.000
10:51:35 [super]   #1761  0xe9b42acb8cf9b3ce94d70c7400acabcbb942f03a  prob=0.0271 (raw=0.0092)  vol=$0  trades=1  first_trade=2025-12-04 03:36  winrate=NaN  n_markets_traded=0.000  herfindahl_index_markets=0.000
10:51:35 [super]   #1762  0xf5ccb0827bc55ae619c26ff25e704d0cc6640540  prob=0.0271 (raw=0.0092)  vol=$14,000  trades=10  first_trade=2025-12-04 04:12  winrate=NaN  n_markets_traded=0.000  herfindahl_index_markets=0.000
10:51:35 [super]   #1763  0xf4fe4aeea49c54aa73ec946ab2eebd02ee42f6e7  prob=0.0271 (raw=0.0091)  vol=$1  trades=2  first_trade=2025-12-03 17:20  winrate=NaN  n_markets_traded=0.000  herfindahl_index_markets=0.000
10:51:35 [super]   #1764  0x42b279b94eb8404095b0b1f9ffcd9038461c00c3  prob=0.0271 (raw=0.0091)  vol=$40  trades=21  first_trade=2025-11-27 11:38  winrate=NaN  n_markets_traded=0.000  herfindahl_index_markets=0.000
10:51:35 [super]   #1765  0x098fa93a396611d1fe6f5968f9b3f34853e947cd  prob=0.0271 (raw=0.0091)  vol=$299  trades=13  first_trade=2025-12-03 04:40  winrate=NaN  n_markets_traded=0.000  herfindahl_index_markets=0.000
10:51:35 [super]   #1766  0x2cde80346eed526242e266476cfcc65073635b98  prob=0.0271 (raw=0.0090)  vol=$160  trades=1  first_trade=2025-12-04 03:11  winrate=0.296  n_markets_traded=948.000  herfindahl_index_markets=0.030
10:51:35 [super]   #1767  0xfb81f27f1c8758d477332f8e751322c424da1cf3  prob=0.0271 (raw=0.0090)  vol=$160  trades=1  first_trade=2025-12-04 03:11  winrate=0.242  n_markets_traded=847.000  herfindahl_index_markets=0.021
10:51:35 [super]   #1768  0x87f4b922a7a994599213f925a78884f657e149e7  prob=0.0271 (raw=0.0090)  vol=$1,007  trades=7  first_trade=2025-12-03 03:08  winrate=0.302  n_markets_traded=349.000  herfindahl_index_markets=0.013
10:51:35 [super]   #1769  0xa952437457ad260b8f47305ac35e4bde4d0f5ca1  prob=0.0271 (raw=0.0090)  vol=$2,250  trades=2  first_trade=2025-12-02 15:43  winrate=0.200  n_markets_traded=15.000  herfindahl_index_markets=0.098
10:51:35 [super]   #1770  0x139d042f07a0e270f62735c4f4e7c23521c321de  prob=0.0271 (raw=0.0090)  vol=$7  trades=2  first_trade=2025-12-02 18:33  winrate=0.250  n_markets_traded=32.000  herfindahl_index_markets=0.127
10:51:35 [super]   #1771  0xd2aefe830ebe42d817a65c7b2bccab0ec362f36b  prob=0.0271 (raw=0.0090)  vol=$354  trades=13  first_trade=2025-12-04 05:47  winrate=NaN  n_markets_traded=0.000  herfindahl_index_markets=0.000
10:51:35 [super]   #1772  0xe0f1e7751df4035f78a5eb2f4296c98b4d5bc4bd  prob=0.0271 (raw=0.0090)  vol=$992  trades=1  first_trade=2025-12-04 03:34  winrate=NaN  n_markets_traded=0.000  herfindahl_index_markets=0.000
10:51:35 [super]   #1773  0x3376af22d333213cc84be18e9687d421ef5d3c7f  prob=0.0271 (raw=0.0090)  vol=$9,268  trades=79  first_trade=2025-12-04 03:15  winrate=NaN  n_markets_traded=0.000  herfindahl_index_markets=0.000
10:51:35 [super]   #1774  0x510904c9a58f5c5ad799a1b44947077564175e9c  prob=0.0271 (raw=0.0090)  vol=$6,721  trades=10  first_trade=2025-12-04 05:14  winrate=NaN  n_markets_traded=0.000  herfindahl_index_markets=0.000
10:51:35 [super]   #1775  0x1d8c256b15d3cd1f5db221e70c77f552eb8d757a  prob=0.0271 (raw=0.0089)  vol=$3,407  trades=94  first_trade=2025-11-29 15:11  winrate=NaN  n_markets_traded=0.000  herfindahl_index_markets=0.000
10:51:35 [super]   #1776  0xdfaacceff09ac2c037393eee387e81ea024679a7  prob=0.0271 (raw=0.0089)  vol=$20  trades=2  first_trade=2025-12-04 03:05  winrate=NaN  n_markets_traded=0.000  herfindahl_index_markets=0.000
10:51:35 [super]   #1777  0x8db4f2bcb37078763c70dac5d99c285995479c07  prob=0.0271 (raw=0.0089)  vol=$400  trades=6  first_trade=2025-11-28 16:43  winrate=NaN  n_markets_traded=0.000  herfindahl_index_markets=0.000
10:51:35 [super]   #1778  0xc474391055a051ec38b45508d3d72c787cba6061  prob=0.0271 (raw=0.0089)  vol=$180  trades=1  first_trade=2025-12-01 23:53  winrate=NaN  n_markets_traded=0.000  herfindahl_index_markets=0.000
10:51:35 [super]   #1779  0xe84ae8a5caf8b9c3441fcc3c661b245be5eca460  prob=0.0271 (raw=0.0089)  vol=$3  trades=2  first_trade=2025-12-01 22:28  winrate=NaN  n_markets_traded=0.000  herfindahl_index_markets=0.000
10:51:35 [super]   #1780  0x63f1557aa24e04afe36b2f36a3e4c2eeb8526272  prob=0.0271 (raw=0.0089)  vol=$49  trades=1  first_trade=2025-11-26 21:36  winrate=NaN  n_markets_traded=0.000  herfindahl_index_markets=0.000
10:51:35 [super]   #1781  0xa45cdb0a5ba4629b5c7860dc3f310978a4dd1d10  prob=0.0271 (raw=0.0088)  vol=$55,124  trades=32  first_trade=2025-12-04 06:34  winrate=NaN  n_markets_traded=0.000  herfindahl_index_markets=0.000
10:51:35 [super]   #1782  0xc02147dee42356b7a4edbb1c35ac4ffa95f61fa8  prob=0.0271 (raw=0.0087)  vol=$11,587  trades=22  first_trade=2025-11-29 19:56  winrate=NaN  n_markets_traded=0.000  herfindahl_index_markets=0.000
10:51:35 [super]   #1783  0xceae15533f441b29685bb41dd8d25835760c7a2d  prob=0.0271 (raw=0.0086)  vol=$847  trades=11  first_trade=2025-12-02 02:51  winrate=NaN  n_markets_traded=0.000  herfindahl_index_markets=0.000
10:51:35 [super]   #1784  0xa11376e9f170aaf97664cac13e9ab210a70193f4  prob=0.0270 (raw=0.0086)  vol=$0  trades=2  first_trade=2025-11-26 23:14  winrate=NaN  n_markets_traded=0.000  herfindahl_index_markets=0.000
10:51:35 [super]   #1785  0xebc0df15e665da95bf819105b723ae90042ffa41  prob=0.0270 (raw=0.0086)  vol=$354  trades=28  first_trade=2025-11-28 01:13  winrate=NaN  n_markets_traded=0.000  herfindahl_index_markets=0.000
10:51:35 [super]   #1786  0xb6fa57039ea79185895500dbd0067c288594abcf  prob=0.0270 (raw=0.0086)  vol=$8,198  trades=103  first_trade=2025-11-29 08:06  winrate=NaN  n_markets_traded=0.000  herfindahl_index_markets=0.000
10:51:35 [super]   #1787  0x1e1aed3928a9617e7c7ae674c4fa7aebbd9d7690  prob=0.0270 (raw=0.0086)  vol=$390  trades=3  first_trade=2025-12-04 07:46  winrate=NaN  n_markets_traded=0.000  herfindahl_index_markets=0.000
10:51:35 [super]   #1788  0x4cc44ee4b0025d7d7a3f052ddacb15aadf23bb77  prob=0.0270 (raw=0.0086)  vol=$250  trades=2  first_trade=2025-12-04 08:43  winrate=NaN  n_markets_traded=0.000  herfindahl_index_markets=0.000
10:51:35 [super]   #1789  0x21064fd320bfd5a86f8c92a94d3209edf4154dea  prob=0.0270 (raw=0.0086)  vol=$2  trades=1  first_trade=2025-11-29 16:01  winrate=NaN  n_markets_traded=0.000  herfindahl_index_markets=0.000
10:51:35 [super]   #1790  0xcd91a549956854fdc38efad7e80ff5da8f5432b8  prob=0.0270 (raw=0.0086)  vol=$2,959  trades=96  first_trade=2025-11-27 17:02  winrate=NaN  n_markets_traded=0.000  herfindahl_index_markets=0.000
10:51:35 [super]   #1791  0xff7ca9cd180d33119e653e3eb50555a3e2ccb233  prob=0.0270 (raw=0.0086)  vol=$43  trades=2  first_trade=2025-12-04 06:16  winrate=NaN  n_markets_traded=0.000  herfindahl_index_markets=0.000
10:51:35 [super]   #1792  0xc42f49919bfb2f735a7d4580200e6ad7d2cb78a0  prob=0.0270 (raw=0.0086)  vol=$20  trades=2  first_trade=2025-12-07 15:04  winrate=NaN  n_markets_traded=0.000  herfindahl_index_markets=0.000
10:51:35 [super]   #1793  0x3abffa6d0b8a22423a66064ca458499225feb143  prob=0.0270 (raw=0.0084)  vol=$368  trades=12  first_trade=2025-12-03 18:21  winrate=NaN  n_markets_traded=0.000  herfindahl_index_markets=0.000
10:51:35 [super]   #1794  0x0dde1b35552efae5aa3759aedb6fa7b2d6f594c3  prob=0.0270 (raw=0.0083)  vol=$15,834  trades=94  first_trade=2025-11-30 07:12  winrate=NaN  n_markets_traded=0.000  herfindahl_index_markets=0.000
10:51:35 [super]   #1795  0x499dc1582a5a7af63c4e8597cd414538be1765ec  prob=0.0270 (raw=0.0083)  vol=$1  trades=1  first_trade=2025-12-04 06:41  winrate=NaN  n_markets_traded=0.000  herfindahl_index_markets=0.000
10:51:35 [super]   #1796  0x0684013902f5d899f4621e2c48c7af5407e9d593  prob=0.0270 (raw=0.0083)  vol=$10  trades=2  first_trade=2025-12-04 06:58  winrate=NaN  n_markets_traded=0.000  herfindahl_index_markets=0.000
10:51:35 [super]   #1797  0x68354620ee0d3f1b5aec21c4692a634eae5bf97a  prob=0.0270 (raw=0.0083)  vol=$8  trades=2  first_trade=2025-11-27 16:14  winrate=NaN  n_markets_traded=0.000  herfindahl_index_markets=0.000
10:51:35 [super]   #1798  0x51373c6b56e4a38bf97c301efbff840fc8451556  prob=0.0270 (raw=0.0083)  vol=$405  trades=20  first_trade=2025-11-27 22:40  winrate=NaN  n_markets_traded=0.000  herfindahl_index_markets=0.000
10:51:35 [super]   #1799  0x21501e9d79fed79feda7b28373f04edec8cc9ed5  prob=0.0270 (raw=0.0083)  vol=$28  trades=2  first_trade=2025-12-04 07:26  winrate=NaN  n_markets_traded=0.000  herfindahl_index_markets=0.000
10:51:35 [super]   #1800  0x9be90ea78bff3f81f3564a11d5e12b2a0783c030  prob=0.0270 (raw=0.0083)  vol=$812  trades=22  first_trade=2025-11-29 08:11  winrate=NaN  n_markets_traded=0.000  herfindahl_index_markets=0.000
10:51:35 [super]   #1801  0x88b0bd7130b184d110c507bce00978e090fbb118  prob=0.0270 (raw=0.0083)  vol=$30  trades=2  first_trade=2025-12-04 07:04  winrate=NaN  n_markets_traded=0.000  herfindahl_index_markets=0.000
10:51:35 [super]   #1802  0xe613b515bd46b1585a8b137a4d291d9b80bd540e  prob=0.0270 (raw=0.0083)  vol=$17  trades=2  first_trade=2025-11-27 17:32  winrate=NaN  n_markets_traded=0.000  herfindahl_index_markets=0.000
10:51:35 [super]   #1803  0x3e2d07f78534a171852cebf009e49e8f923c4323  prob=0.0270 (raw=0.0083)  vol=$1,296  trades=3  first_trade=2025-12-04 13:26  winrate=NaN  n_markets_traded=0.000  herfindahl_index_markets=0.000
10:51:35 [super]   #1804  0x8e9eedf20dfa70956d49f608a205e402d9df38e4  prob=0.0270 (raw=0.0083)  vol=$73,165  trades=385  first_trade=2025-11-30 01:41  winrate=NaN  n_markets_traded=0.000  herfindahl_index_markets=0.000
10:51:35 [super]   #1805  0x5f390e4b7d6f06d6756a6c92afdbf7b3176aa78c  prob=0.0270 (raw=0.0083)  vol=$5,266  trades=84  first_trade=2025-11-26 20:04  winrate=NaN  n_markets_traded=0.000  herfindahl_index_markets=0.000
10:51:35 [super]   #1806  0x89ea748eb7b128c3552d7410eb25d5d712b89a44  prob=0.0270 (raw=0.0083)  vol=$11  trades=2  first_trade=2025-12-02 08:08  winrate=NaN  n_markets_traded=0.000  herfindahl_index_markets=0.000
10:51:35 [super]   #1807  0xd218e474776403a330142299f7796e8ba32eb5c9  prob=0.0270 (raw=0.0083)  vol=$16,825  trades=341  first_trade=2025-11-27 00:35  winrate=NaN  n_markets_traded=0.000  herfindahl_index_markets=0.000
10:51:35 [super]   #1808  0x6d6514eab960a4afa0ce9b6d2a60039dabc23781  prob=0.0270 (raw=0.0083)  vol=$9  trades=1  first_trade=2025-12-02 06:17  winrate=NaN  n_markets_traded=0.000  herfindahl_index_markets=0.000
10:51:35 [super]   #1809  0xf9f207b77137caa79c6c4516abdef3133db45cba  prob=0.0270 (raw=0.0083)  vol=$44  trades=1  first_trade=2025-12-02 00:12  winrate=NaN  n_markets_traded=0.000  herfindahl_index_markets=0.000
10:51:35 [super]   #1810  0x5c163aad7e0901ffe6c9c4d42a73d3f3b8730272  prob=0.0270 (raw=0.0083)  vol=$1,335  trades=6  first_trade=2025-12-01 23:53  winrate=NaN  n_markets_traded=0.000  herfindahl_index_markets=0.000
10:51:35 [super]   #1811  0xe76b2b581fbbe489b23faccaeca1387ade0ae02a  prob=0.0270 (raw=0.0083)  vol=$2  trades=2  first_trade=2025-12-04 16:16  winrate=NaN  n_markets_traded=0.000  herfindahl_index_markets=0.000
10:51:35 [super]   #1812  0x4df7da721042bf8b75bd1cb7acbeb7f83aaf522d  prob=0.0270 (raw=0.0083)  vol=$1,574  trades=18  first_trade=2025-11-29 06:30  winrate=NaN  n_markets_traded=0.000  herfindahl_index_markets=0.000
10:51:35 [super]   #1813  0xede186f37ead91aa618cf8101db2bfe6b6c57dd1  prob=0.0270 (raw=0.0083)  vol=$99  trades=4  first_trade=2025-12-04 07:29  winrate=NaN  n_markets_traded=0.000  herfindahl_index_markets=0.000
10:51:35 [super]   #1814  0x6be949e0f7f46dbb2ba04da0efadc23dfd2c3493  prob=0.0270 (raw=0.0083)  vol=$1,000  trades=2  first_trade=2025-12-04 06:49  winrate=NaN  n_markets_traded=0.000  herfindahl_index_markets=0.000
10:51:35 [super]   #1815  0xe4cfbb89c05d3429280c69969aee2cfb7a4678c4  prob=0.0270 (raw=0.0083)  vol=$385  trades=22  first_trade=2025-11-27 22:36  winrate=NaN  n_markets_traded=0.000  herfindahl_index_markets=0.000
10:51:35 [super]   #1816  0xe8dd7741ccb12350957ec71e9ee332e0d1e6ec86  prob=0.0270 (raw=0.0083)  vol=$29,556  trades=675  first_trade=2025-11-26 21:36  winrate=NaN  n_markets_traded=0.000  herfindahl_index_markets=0.000
10:51:35 [super]   #1817  0x7f855dd2f62f46a6cb48620e1fc138f5ddf58693  prob=0.0270 (raw=0.0083)  vol=$149  trades=3  first_trade=2025-12-04 06:39  winrate=NaN  n_markets_traded=0.000  herfindahl_index_markets=0.000
10:51:35 [super]   #1818  0x7024512c86291a05777d9d2cf08198a1b9954c4c  prob=0.0270 (raw=0.0083)  vol=$2,000  trades=2  first_trade=2025-12-05 01:40  winrate=NaN  n_markets_traded=0.000  herfindahl_index_markets=0.000
10:51:35 [super]   #1819  0x1dfebe22f26b64199a111de6a2a5554ae2efb4f9  prob=0.0270 (raw=0.0083)  vol=$250  trades=2  first_trade=2025-12-04 11:22  winrate=NaN  n_markets_traded=0.000  herfindahl_index_markets=0.000
10:51:35 [super]   #1820  0x6c9642cecce5e5be659f7a48ece29bf541da959f  prob=0.0270 (raw=0.0083)  vol=$500  trades=2  first_trade=2025-12-04 15:05  winrate=NaN  n_markets_traded=0.000  herfindahl_index_markets=0.000
10:51:35 [super]   #1821  0xa9239c0ca3dee2d03232481212474e1d781b6704  prob=0.0270 (raw=0.0083)  vol=$203  trades=2  first_trade=2025-12-04 07:24  winrate=NaN  n_markets_traded=0.000  herfindahl_index_markets=0.000
10:51:35 [super]   #1822  0x957f691adbd03039025f06d285a5c3e5384499c8  prob=0.0270 (raw=0.0082)  vol=$2  trades=1  first_trade=2025-12-04 03:06  winrate=NaN  n_markets_traded=0.000  herfindahl_index_markets=0.000
10:51:35 [super]   #1823  0x027a422d069cde53d7ff6baf4ed3212d7a23ea13  prob=0.0270 (raw=0.0082)  vol=$194  trades=4  first_trade=2025-12-03 23:08  winrate=NaN  n_markets_traded=0.000  herfindahl_index_markets=0.000
10:51:35 [super]   #1824  0xc8773301f25228a280e12c6387c588fd3c0c05b4  prob=0.0270 (raw=0.0080)  vol=$14  trades=2  first_trade=2025-12-04 03:11  winrate=NaN  n_markets_traded=0.000  herfindahl_index_markets=0.000
10:51:35 [super]   #1825  0x43a9bb2f23054e75914a0aec637ad2bfd4fefaeb  prob=0.0270 (raw=0.0080)  vol=$55  trades=2  first_trade=2025-12-03 15:53  winrate=NaN  n_markets_traded=0.000  herfindahl_index_markets=0.000
10:51:35 [super]   #1826  0x9e9ad7b5ca1c0c008b25a0fcfd7ffea62bb15d99  prob=0.0270 (raw=0.0080)  vol=$2,611  trades=2  first_trade=2025-12-03 17:38  winrate=NaN  n_markets_traded=0.000  herfindahl_index_markets=0.000
10:51:35 [super]   #1827  0xa1782a357ec27ad78ef58394953184fa52522112  prob=0.0270 (raw=0.0080)  vol=$175  trades=6  first_trade=2025-12-04 03:04  winrate=NaN  n_markets_traded=0.000  herfindahl_index_markets=0.000
10:51:35 [super]   #1828  0x94a5c8d234ca67c4fba9ee99619c88f547654eb8  prob=0.0270 (raw=0.0080)  vol=$274  trades=2  first_trade=2025-12-03 21:14  winrate=NaN  n_markets_traded=0.000  herfindahl_index_markets=0.000
10:51:35 [super]   #1829  0x2a315a8d15cfde768bcd47ba5cacf3ef5894f2f0  prob=0.0270 (raw=0.0080)  vol=$451  trades=18  first_trade=2025-11-26 19:08  winrate=NaN  n_markets_traded=0.000  herfindahl_index_markets=0.000
10:51:35 [super] ============================================================
10:51:35 [super] FLAGGED 0xfbb784750c920c859d592ff2b2bd407de33bb779  prob=0.495 (raw=0.835)  vol=$134  trades=3  first_trade=2025-12-03 21:32  winrate=0.000  n_markets_traded=7.000  herfindahl_index_markets=0.496
10:51:35 [super]         explain [shap (TreeExplainer)]  base=+0.5958
          median_bet_size_usdc                         contrib=-0.6635 ↓insider  value=+8.5000
          wallet_minus_market_age_seconds              contrib=+0.4191 ↑insider  value=-3305590.0000
          herfindahl_index_markets                     contrib=+0.4004 ↑insider  value=+0.4964
          buy_markout_adj_grosswt_h0p030_lb0p010       contrib=+0.3173 ↑insider  value=+4.7091
          avg_bet_size_usdc                            contrib=-0.3104 ↓insider  value=+22.3378
          buy_markout_adj_grosswt_h0p030_lb0p200       contrib=+0.2024 ↑insider  value=+4.7063
          winrate                                      contrib=-0.2012 ↓insider  value=+0.0000
          adaptive_markout_raw_grosswt_h0p070          contrib=+0.1957 ↑insider  value=+0.3016
          adaptive_plus_realized_alpha0p5_h0p070       contrib=+0.1685 ↑insider  value=+0.3607
          unrealized_edge_per_open_token_sqrt          contrib=+0.1465 ↑insider  value=+0.5251
          major_move_time_remaining_pct                contrib=-0.1146 ↓insider  value=+0.0727
          adaptive_plus_realized_alpha0p25_h0p030      contrib=+0.1123 ↑insider  value=+0.3312
10:51:35 [super] FLAGGED 0xc1259ddd92f58aded52d029e37e3fbbebafaa4c1  prob=0.466 (raw=0.808)  vol=$65,187  trades=97  first_trade=2025-12-02 06:51  winrate=0.000  n_markets_traded=1.000  herfindahl_index_markets=1.000
10:51:35 [super]         explain [shap (TreeExplainer)]  base=+0.5958
          median_bet_size_usdc                         contrib=-0.6751 ↓insider  value=+24.1120
          herfindahl_index_markets                     contrib=+0.4376 ↑insider  value=+1.0000
          wallet_minus_market_age_seconds              contrib=+0.4258 ↑insider  value=-4213143.0000
          unrealized_edge_per_open_token_sqrt          contrib=+0.3481 ↑insider  value=+1.3126
          time_since_first_deposit_to_first_trade_seconds contrib=+0.3344 ↑insider  value=+88.0000
          buy_markout_adj_grosswt_h0p030_lb0p010       contrib=-0.3283 ↓insider  value=-0.0822
          wallet_to_market_age_ratio                   contrib=+0.2625 ↑insider  value=+0.0000
          winrate                                      contrib=-0.2006 ↓insider  value=+0.0000
          buy_markout_adj_grosswt_h0p030_lb0p200       contrib=-0.1833 ↓insider  value=-0.0837
          adaptive_plus_realized_alpha0p5_h0p070       contrib=+0.1644 ↑insider  value=+0.3468
          wallet_age_seconds                           contrib=+0.1432 ↑insider  value=+88.0000
          adaptive_markout_raw_grosswt_h0p070          contrib=+0.1395 ↑insider  value=+0.1594
10:51:35 [super] FLAGGED 0x18cf20cc39cfbe354b5f1923672720e78066cb22  prob=0.457 (raw=0.800)  vol=$183  trades=15  first_trade=2025-12-01 00:59  winrate=0.188  n_markets_traded=16.000  herfindahl_index_markets=0.277
10:51:35 [super]         explain [shap (TreeExplainer)]  base=+0.5958
          median_bet_size_usdc                         contrib=-0.6717 ↓insider  value=+8.1715
          wallet_minus_market_age_seconds              contrib=+0.4067 ↑insider  value=-3126198.0000
          unrealized_edge_per_open_token_sqrt          contrib=+0.3572 ↑insider  value=+1.9667
          herfindahl_index_markets                     contrib=+0.3427 ↑insider  value=+0.2765
          avg_bet_size_usdc                            contrib=-0.3098 ↓insider  value=+30.3385
          adaptive_markout_raw_grosswt_h0p070          contrib=+0.1994 ↑insider  value=+0.6399
          winrate                                      contrib=-0.1808 ↓insider  value=+0.1875
          adaptive_plus_realized_alpha0p5_h0p070       contrib=+0.1685 ↑insider  value=+0.6658
          buy_markout_adj_grosswt_h0p030_lb0p010       contrib=+0.1232 ↑insider  value=+0.0382
          major_move_time_remaining_pct                contrib=-0.1212 ↓insider  value=+0.0727
          adaptive_plus_realized_alpha0p25_h0p030      contrib=+0.1211 ↑insider  value=+0.6529
          time_since_first_deposit_to_first_trade_seconds contrib=+0.1148 ↑insider  value=+979499.0000
10:51:35 [super] FLAGGED 0x52830fbbef5ca1ddee6de5c12d975f962ad59a3f  prob=0.419 (raw=0.764)  vol=$48  trades=5  first_trade=2025-12-04 02:51  winrate=0.429  n_markets_traded=7.000  herfindahl_index_markets=0.264
10:51:35 [super]         explain [shap (TreeExplainer)]  base=+0.5958
          median_bet_size_usdc                         contrib=-0.6725 ↓insider  value=+10.0000
          time_since_first_deposit_to_first_trade_seconds contrib=-0.4515 ↓insider  value=+3238234.0000
          wallet_minus_market_age_seconds              contrib=+0.4098 ↑insider  value=-1133352.0000
          herfindahl_index_markets                     contrib=+0.3662 ↑insider  value=+0.2644
          unrealized_edge_per_open_token_sqrt          contrib=+0.3224 ↑insider  value=+0.7307
          avg_bet_size_usdc                            contrib=-0.3173 ↓insider  value=+18.5985
          buy_markout_adj_grosswt_h0p030_lb0p010       contrib=+0.3110 ↑insider  value=+4.7490
          wallet_age_seconds                           contrib=-0.2077 ↓insider  value=+3238234.0000
          buy_markout_adj_grosswt_h0p030_lb0p200       contrib=+0.1954 ↑insider  value=+4.7438
          adaptive_markout_raw_grosswt_h0p070          contrib=+0.1952 ↑insider  value=+0.2977
          winrate                                      contrib=+0.1703 ↑insider  value=+0.4286
          adaptive_plus_realized_alpha0p5_h0p070       contrib=+0.1585 ↑insider  value=+0.4403
10:51:35 [super] FLAGGED 0x0c4acd96e5befc4f43bc8f17ff638668557725b2  prob=0.390 (raw=0.736)  vol=$2,704  trades=24  first_trade=2025-12-01 15:46  winrate=0.300  n_markets_traded=10.000  herfindahl_index_markets=0.195
10:51:35 [super]         explain [shap (TreeExplainer)]  base=+0.5958
          time_since_first_deposit_to_first_trade_seconds contrib=-0.4737 ↓insider  value=+2169247.0000
          wallet_minus_market_age_seconds              contrib=+0.4039 ↑insider  value=-1989648.0000
          unrealized_edge_per_open_token_sqrt          contrib=+0.3697 ↑insider  value=+3.2504
          median_bet_size_usdc                         contrib=+0.3557 ↑insider  value=+291.4160
          herfindahl_index_markets                     contrib=-0.3124 ↓insider  value=+0.1948
          avg_bet_size_usdc                            contrib=-0.3021 ↓insider  value=+358.9948
          wallet_age_seconds                           contrib=-0.2020 ↓insider  value=+2169247.0000
          adaptive_markout_raw_grosswt_h0p070          contrib=+0.1955 ↑insider  value=+0.9138
          buy_markout_adj_grosswt_h0p030_lb0p010       contrib=+0.1786 ↑insider  value=+0.0863
          winrate                                      contrib=-0.1665 ↓insider  value=+0.3000
          adaptive_plus_realized_alpha0p5_h0p070       contrib=+0.1616 ↑insider  value=+0.9138
          major_move_time_remaining_pct                contrib=-0.1378 ↓insider  value=+0.0727
10:51:35 [super] FLAGGED 0xaad7b8c2341ecfb9420f1effd3b0109fc0025557  prob=0.333 (raw=0.679)  vol=$23  trades=3  first_trade=2025-11-30 00:26  winrate=0.556  n_markets_traded=35.000  herfindahl_index_markets=0.064
10:51:35 [super]         explain [shap (TreeExplainer)]  base=+0.5958
          herfindahl_index_markets                     contrib=-1.0997 ↓insider  value=+0.0637
          median_bet_size_usdc                         contrib=-0.6694 ↓insider  value=+5.0030
          wallet_minus_market_age_seconds              contrib=+0.4205 ↑insider  value=-3918028.0000
          avg_bet_size_usdc                            contrib=-0.3249 ↓insider  value=+8.0060
          time_since_first_deposit_to_first_trade_seconds contrib=+0.3108 ↑insider  value=+99257.0000
          winrate                                      contrib=+0.2590 ↑insider  value=+0.5556
          wallet_to_market_age_ratio                   contrib=+0.2220 ↑insider  value=+0.0247
          buy_markout_adj_grosswt_h0p030_lb0p010       contrib=+0.1942 ↑insider  value=+0.0960
          adaptive_markout_raw_grosswt_h0p070          contrib=+0.1820 ↑insider  value=+0.3243
          adaptive_plus_realized_alpha0p5_h0p070       contrib=+0.1585 ↑insider  value=+0.3268
          wallet_age_seconds                           contrib=+0.1424 ↑insider  value=+99257.0000
          unrealized_edge_per_open_token_sqrt          contrib=+0.1230 ↑insider  value=+0.5623
10:51:35 [super] FLAGGED 0xa15abbcd222d38db5b32c96cafa0df909d694e72  prob=0.290 (raw=0.632)  vol=$18  trades=4  first_trade=2025-12-04 03:12  winrate=0.364  n_markets_traded=55.000  herfindahl_index_markets=0.027
10:51:35 [super]         explain [shap (TreeExplainer)]  base=+0.5958
          herfindahl_index_markets                     contrib=-1.1016 ↓insider  value=+0.0270
          median_bet_size_usdc                         contrib=-0.6886 ↓insider  value=+8.9460
          wallet_minus_market_age_seconds              contrib=+0.3921 ↑insider  value=-3746416.0000
          time_since_first_deposit_to_first_trade_seconds contrib=+0.3133 ↑insider  value=+626428.0000
          avg_bet_size_usdc                            contrib=-0.3053 ↓insider  value=+7.1447
          buy_markout_adj_grosswt_h0p030_lb0p010       contrib=+0.3010 ↑insider  value=+1.8575
          unrealized_edge_per_open_token_sqrt          contrib=+0.2948 ↑insider  value=+0.9593
          adaptive_markout_raw_grosswt_h0p070          contrib=+0.1874 ↑insider  value=+0.5037
          buy_markout_adj_grosswt_h0p030_lb0p200       contrib=+0.1866 ↑insider  value=+1.8515
          adaptive_plus_realized_alpha0p5_h0p070       contrib=+0.1645 ↑insider  value=+0.5037
          winrate                                      contrib=-0.1613 ↓insider  value=+0.3636
          wallet_age_seconds                           contrib=+0.1435 ↑insider  value=+626428.0000
10:51:35 [super] FLAGGED 0x2148038b6aa61e78dc69d1739e66684e42bf639e  prob=0.223 (raw=0.550)  vol=$220  trades=3  first_trade=2025-12-04 03:08  winrate=0.024  n_markets_traded=41.000  herfindahl_index_markets=0.080
10:51:35 [super]         explain [shap (TreeExplainer)]  base=+0.5958
          herfindahl_index_markets                     contrib=-1.0920 ↓insider  value=+0.0804
          median_bet_size_usdc                         contrib=-0.6710 ↓insider  value=+6.3000
          wallet_minus_market_age_seconds              contrib=+0.3902 ↑insider  value=-3248708.0000
          unrealized_edge_per_open_token_sqrt          contrib=+0.3270 ↑insider  value=+1.2263
          avg_bet_size_usdc                            contrib=-0.3053 ↓insider  value=+63.4696
          buy_markout_adj_grosswt_h0p030_lb0p010       contrib=+0.3010 ↑insider  value=+6.2056
          winrate                                      contrib=-0.1985 ↓insider  value=+0.0244
          adaptive_markout_raw_grosswt_h0p070          contrib=+0.1835 ↑insider  value=+0.7806
          buy_markout_adj_grosswt_h0p030_lb0p200       contrib=+0.1806 ↑insider  value=+6.1998
          adaptive_plus_realized_alpha0p5_h0p070       contrib=+0.1645 ↑insider  value=+0.7806
          time_since_first_deposit_to_first_trade_seconds contrib=+0.1148 ↑insider  value=+1123894.0000
          major_move_time_remaining_pct                contrib=-0.1146 ↓insider  value=+0.0727
10:51:35 [super] FLAGGED 0x03d0d65c51235e63805335b85ead75794830d647  prob=0.209 (raw=0.530)  vol=$79  trades=6  first_trade=2025-12-04 03:07  winrate=NaN  n_markets_traded=0.000  herfindahl_index_markets=0.000
10:51:35 [super]         explain [shap (TreeExplainer)]  base=+0.5958
          herfindahl_index_markets                     contrib=-1.1029 ↓insider  value=+0.0000
          median_bet_size_usdc                         contrib=-0.6738 ↓insider  value=+2.9932
          wallet_minus_market_age_seconds              contrib=+0.4234 ↑insider  value=-3733488.0000
          time_since_first_deposit_to_first_trade_seconds contrib=+0.3166 ↑insider  value=+639086.0000
          avg_bet_size_usdc                            contrib=-0.3060 ↓insider  value=+6.8895
          buy_markout_adj_grosswt_h0p030_lb0p010       contrib=+0.3010 ↑insider  value=+3.6713
          winrate                                      contrib=-0.2169 ↓insider  value=   NaN
          buy_markout_adj_grosswt_h0p030_lb0p200       contrib=+0.1810 ↑insider  value=+3.6679
          adaptive_plus_realized_alpha0p5_h0p070       contrib=+0.1598 ↑insider  value=+0.2526
          wallet_age_seconds                           contrib=+0.1494 ↑insider  value=+639086.0000
          adaptive_markout_raw_grosswt_h0p070          contrib=+0.1236 ↑insider  value=+0.1277
          wallet_to_market_age_ratio                   contrib=+0.1203 ↑insider  value=+0.1462
10:51:35 [super] FLAGGED 0x2dfa38917d695362dd03c9a1df081f1dfdc27fc6  prob=0.202 (raw=0.520)  vol=$1,573  trades=10  first_trade=2025-12-02 16:18  winrate=0.000  n_markets_traded=3.000  herfindahl_index_markets=0.477
10:51:35 [super]         explain [shap (TreeExplainer)]  base=+0.5958
          median_bet_size_usdc                         contrib=-0.6326 ↓insider  value=+20.0000
          unrealized_edge_per_open_token_sqrt          contrib=-0.4799 ↓insider  value=+0.0017
          wallet_minus_market_age_seconds              contrib=+0.4258 ↑insider  value=-4232005.0000
          adaptive_markout_raw_grosswt_h0p070          contrib=-0.3354 ↓insider  value=+0.0000
          time_since_first_deposit_to_first_trade_seconds contrib=+0.3274 ↑insider  value=+15240.0000
          herfindahl_index_markets                     contrib=+0.3139 ↑insider  value=+0.4765
          avg_bet_size_usdc                            contrib=-0.3029 ↓insider  value=+33.1568
          wallet_to_market_age_ratio                   contrib=+0.2360 ↑insider  value=+0.0036
          buy_markout_adj_grosswt_h0p030_lb0p010       contrib=+0.2175 ↑insider  value=+0.0991
          winrate                                      contrib=-0.2019 ↓insider  value=+0.0000
          adaptive_plus_realized_alpha0p5_h0p070       contrib=+0.1685 ↑insider  value=+0.2291
          wallet_age_seconds                           contrib=+0.1662 ↑insider  value=+15240.0000
10:51:35 [super] FLAGGED 0x34f48b32d3dacc6aa1892a7f0629ed2e7f791476  prob=0.196 (raw=0.513)  vol=$71  trades=6  first_trade=2025-12-04 03:13  winrate=0.200  n_markets_traded=65.000  herfindahl_index_markets=0.105
10:51:36 [super]         explain [shap (TreeExplainer)]  base=+0.5958
          herfindahl_index_markets                     contrib=-1.1046 ↓insider  value=+0.1050
          median_bet_size_usdc                         contrib=-0.6698 ↓insider  value=+1.9462
          wallet_minus_market_age_seconds              contrib=+0.4360 ↑insider  value=-3419026.0000
          buy_markout_adj_grosswt_h0p030_lb0p010       contrib=+0.3010 ↑insider  value=+0.5072
          avg_bet_size_usdc                            contrib=-0.2986 ↓insider  value=+3.8464
          time_since_first_deposit_to_first_trade_seconds contrib=+0.2460 ↑insider  value=+953878.0000
          buy_markout_adj_grosswt_h0p030_lb0p200       contrib=+0.1838 ↑insider  value=+0.5032
          winrate                                      contrib=-0.1781 ↓insider  value=+0.2000
          wallet_age_seconds                           contrib=+0.1498 ↑insider  value=+953878.0000
          adaptive_plus_realized_alpha0p5_h0p070       contrib=+0.1301 ↑insider  value=+0.1575
          adaptive_markout_raw_grosswt_h0p070          contrib=+0.1181 ↑insider  value=+0.0844
          wallet_to_market_age_ratio                   contrib=+0.1165 ↑insider  value=+0.2181
10:51:36 [super] FLAGGED 0xb08f6a09fa946ed8fe8a71d9c834d18ad2a74ab7  prob=0.187 (raw=0.499)  vol=$580  trades=19  first_trade=2025-12-03 23:56  winrate=0.000  n_markets_traded=10.000  herfindahl_index_markets=0.314
10:51:36 [super]         explain [shap (TreeExplainer)]  base=+0.5958
          median_bet_size_usdc                         contrib=-0.6363 ↓insider  value=+5.9400
          unrealized_edge_per_open_token_sqrt          contrib=-0.4748 ↓insider  value=+0.0000
          wallet_minus_market_age_seconds              contrib=+0.4217 ↑insider  value=-4342918.0000
          adaptive_markout_raw_grosswt_h0p070          contrib=-0.3286 ↓insider  value=-0.0000
          time_since_first_deposit_to_first_trade_seconds contrib=+0.3182 ↑insider  value=+18190.0000
          buy_markout_adj_grosswt_h0p030_lb0p010       contrib=+0.3181 ↑insider  value=+0.5442
          avg_bet_size_usdc                            contrib=-0.3029 ↓insider  value=+8.2792
          herfindahl_index_markets                     contrib=+0.2808 ↑insider  value=+0.3139
          wallet_to_market_age_ratio                   contrib=+0.2292 ↑insider  value=+0.0042
          buy_markout_adj_grosswt_h0p030_lb0p200       contrib=+0.2241 ↑insider  value=+0.5428
          adaptive_plus_realized_alpha0p25_h0p030      contrib=-0.2029 ↓insider  value=+0.0155
          winrate                                      contrib=-0.2019 ↓insider  value=+0.0000
10:51:36 [super] FLAGGED 0x2fb55556a668279b8aecee4cf64970c1c454d9a0  prob=0.185 (raw=0.495)  vol=$3,704  trades=4  first_trade=2025-12-04 07:30  winrate=0.125  n_markets_traded=8.000  herfindahl_index_markets=0.303
10:51:36 [super]         explain [shap (TreeExplainer)]  base=+0.5958
          unrealized_edge_per_open_token_sqrt          contrib=-0.5170 ↓insider  value=+0.0463
          time_since_first_deposit_to_first_trade_seconds contrib=-0.4453 ↓insider  value=+2853209.0000
          wallet_minus_market_age_seconds              contrib=+0.4206 ↑insider  value=-1535147.0000
          herfindahl_index_markets                     contrib=+0.3113 ↑insider  value=+0.3025
          median_bet_size_usdc                         contrib=+0.2474 ↑insider  value=+120.4319
          wallet_age_seconds                           contrib=-0.2111 ↓insider  value=+2853209.0000
          buy_markout_adj_grosswt_h0p030_lb0p200       contrib=-0.1892 ↓insider  value=-0.0595
          winrate                                      contrib=-0.1854 ↓insider  value=+0.1250
          major_move_time_remaining_pct                contrib=-0.1378 ↓insider  value=+0.0727
          buy_markout_adj_grosswt_h0p030_lb0p010       contrib=+0.1230 ↑insider  value=+0.0353
          avg_bet_size_usdc                            contrib=+0.1211 ↑insider  value=+1115.1488
          unrealized_edge_per_open_token               contrib=-0.0712 ↓insider  value=+0.0301
10:51:36 [super] FLAGGED 0xd0a35d545e970d34ad4be444459c97a276405a2f  prob=0.153 (raw=0.443)  vol=$7  trades=3  first_trade=2025-12-03 20:29  winrate=0.740  n_markets_traded=131.000  herfindahl_index_markets=0.035
10:51:36 [super]         explain [shap (TreeExplainer)]  base=+0.5958
          herfindahl_index_markets                     contrib=-1.1018 ↓insider  value=+0.0350
          median_bet_size_usdc                         contrib=-0.6490 ↓insider  value=+4.0600
          time_since_first_deposit_to_first_trade_seconds contrib=-0.4477 ↓insider  value=+2134622.0000
          wallet_minus_market_age_seconds              contrib=+0.4205 ↑insider  value=-2214094.0000
          avg_bet_size_usdc                            contrib=-0.3100 ↓insider  value=+35.5351
          buy_markout_adj_grosswt_h0p030_lb0p010       contrib=+0.2947 ↑insider  value=+5.0014
          winrate                                      contrib=+0.2590 ↑insider  value=+0.7405
          wallet_age_seconds                           contrib=-0.1992 ↓insider  value=+2134622.0000
          adaptive_markout_raw_grosswt_h0p070          contrib=+0.1774 ↑insider  value=+0.3278
          buy_markout_adj_grosswt_h0p030_lb0p200       contrib=+0.1722 ↑insider  value=+4.9894
          adaptive_plus_realized_alpha0p5_h0p070       contrib=+0.1498 ↑insider  value=+0.4768
          unrealized_edge_per_open_token_sqrt          contrib=+0.1473 ↑insider  value=+0.5509
10:51:36 [super] wrote audit_out/supercompute_willd4vdbethe1searchedpe_20260721_101845_results.csv
10:51:36 [super] wrote audit_out/supercompute_willd4vdbethe1searchedpe_20260721_101845_flagged.csv
10:51:36 [super] plots: rendering top 25 wallets' trades to audit_out/supercompute_willd4vdbethe1searchedpe_20260721_101845_plots
10:51:36 [super] plots: wrote rank01_0xfbb784750c920c859d592ff2b2bd407de33bb779.png (3 trades)
10:51:37 [super] plots: wrote rank02_0xc1259ddd92f58aded52d029e37e3fbbebafaa4c1.png (97 trades)
10:51:37 [super] plots: wrote rank03_0x18cf20cc39cfbe354b5f1923672720e78066cb22.png (15 trades)
10:51:37 [super] plots: wrote rank04_0x52830fbbef5ca1ddee6de5c12d975f962ad59a3f.png (5 trades)
10:51:37 [super] plots: wrote rank05_0x0c4acd96e5befc4f43bc8f17ff638668557725b2.png (24 trades)
10:51:37 [super] plots: wrote rank06_0xaad7b8c2341ecfb9420f1effd3b0109fc0025557.png (3 trades)
10:51:38 [super] plots: wrote rank07_0xa15abbcd222d38db5b32c96cafa0df909d694e72.png (4 trades)
10:51:38 [super] plots: wrote rank08_0x2148038b6aa61e78dc69d1739e66684e42bf639e.png (3 trades)
10:51:38 [super] plots: wrote rank09_0x03d0d65c51235e63805335b85ead75794830d647.png (6 trades)
10:51:38 [super] plots: wrote rank10_0x2dfa38917d695362dd03c9a1df081f1dfdc27fc6.png (10 trades)
10:51:38 [super] plots: wrote rank11_0x34f48b32d3dacc6aa1892a7f0629ed2e7f791476.png (6 trades)
10:51:38 [super] plots: wrote rank12_0xb08f6a09fa946ed8fe8a71d9c834d18ad2a74ab7.png (19 trades)
10:51:39 [super] plots: wrote rank13_0x2fb55556a668279b8aecee4cf64970c1c454d9a0.png (4 trades)
10:51:39 [super] plots: wrote rank14_0xd0a35d545e970d34ad4be444459c97a276405a2f.png (3 trades)
10:51:39 [super] plots: wrote rank15_0x330ae6d48c752158096e2b4cb725e2f026496f8c.png (8 trades)
10:51:39 [super] plots: wrote rank16_0x4a05d9ef72677e5dd1ae5f9fdffe9981f5a10329.png (3 trades)
10:51:39 [super] plots: wrote rank17_0xf32898291d309e3c5e499c85ddd03a13268c219c.png (2 trades)
10:51:40 [super] plots: wrote rank18_0xf0148de7934dbc994bf335146193716d1806d442.png (1 trades)
10:51:40 [super] plots: wrote rank19_0x41b4035c1c4b3721a55b480cce4d618852f9a66b.png (4 trades)
10:51:40 [super] plots: wrote rank20_0xbb270fa1a7734a91cab0b48a119c11d1b89618d2.png (2 trades)
10:51:40 [super] plots: wrote rank21_0x94353164e0b0e4d87441b8c53f6002f9eaffc1e2.png (5 trades)
10:51:40 [super] plots: wrote rank22_0x8d8dd8f60202b638fcab6db5abd818bd3a3e91c5.png (4 trades)
10:51:41 [super] plots: wrote rank23_0xd3c49847fc3d54ad4def29170bc07c8ada1da1da.png (2 trades)
10:51:41 [super] plots: wrote rank24_0x63ace3ced97378dde21c73a62ea2bac167b21494.png (16 trades)
10:51:41 [super] plots: wrote rank25_0xa3ea0e0b10f43c8679103e1af35f3c36f0830637.png (11 trades)
10:51:41 [super] plots: 25/25 PNGs written to audit_out/supercompute_willd4vdbethe1searchedpe_20260721_101845_plots
10:51:41 [super] log saved to audit_out/supercompute_willd4vdbethe1searchedpe_20260721_101845.log
