wallet,pred_prob,pred_prob_raw,flagged,volume,n_trades,first_trade_ts,adaptive_markout_raw_grosswt_h0p070,unrealized_edge_per_open_token,adaptive_markout_raw_grosswt_h0p010,adaptive_markout_raw_grosswt_h0p150,unrealized_edge_per_open_token_sqrt,buy_markout_adj_grosswt_h0p070_lb0p150,adaptive_markout_raw_grosswt_h0p200,buy_markout_adj_grosswt_h0p030_lb0p200,high_sell_nonflattening_cash_frac_pctl90,realized_pnl_per_closing_trade,adaptive_plus_realized_alpha0p25_h0p030,buy_markout_adj_grosswt_h0p030_lb0p010,adaptive_plus_realized_alpha0p5_h0p070,buy_markout_adj_mean_h0p200_lb0p030,buy_markout_adj_mean_h0p200_lb0p200,sell_markout_adj_median_h0p150_lb0p010,n_distinct_buy_days,major_move_time_remaining_pct,time_to_major_move_pct_of_market,adaptive_markout_raw_grosswt_h0p030,herfindahl_index_markets,median_bet_size_usdc,time_since_first_deposit_to_first_trade_seconds,wallet_age_seconds,wallet_to_market_age_ratio,avg_bet_size_usdc,wallet_minus_market_age_seconds,funder_flagged_wallet_count,winrate,n_markets_traded
0xfbb784750c920c859d592ff2b2bd407de33bb779,0.49533856579101393,0.83523387,1,133.748498,3,1764797561,0.30160717654976643,0.30194364762954606,0.30160717654976643,0.30160717654976643,0.5250634499594017,4.8046256370066,0.30160717654976643,4.706291779451803,0.0,73.74882087198607,0.3311659799333217,4.709091794379242,0.3607247833168769,7.219800033903361,7.219400033903361,,1,0.07268341763133024,0.00381918938978265,0.30160717654976643,0.49640548154414554,8.499997,1046892.0,1046892.0,0.2405275886264435,22.337756,-3305590.0,,0.0,7.0
0xc1259ddd92f58aded52d029e37e3fbbebafaa4c1,0.4656966689180087,0.8076837,1,65186.859116,97,1764658310,0.15939508623053217,0.1595924515412346,0.15939508623053217,0.15934613610972365,1.3126286617580254,0.8041963465143134,0.15932166104931939,-0.08373586007681719,0.0,5185.628806436251,0.2531224220003029,-0.08221828218324058,0.34684975777007365,7.317772587887713,7.312842576272982,,2,0.07268341763133024,0.033365075040706196,0.15939508623053217,1.0,24.112,88.0,88.0,2.08865832421721e-05,830.803678745098,-4213143.0,,0.0,1.0
0x18cf20cc39cfbe354b5f1923672720e78066cb22,0.4572316410905777,0.7997832,1,183.36444,15,1764550776,0.6399449136517431,0.641326059811849,0.6399449136517431,0.6399449136517431,1.9666587608932267,1.3376125771497516,0.6399449136517431,0.03367122920139428,0.0,30.51432,0.6528859259391784,0.038228621872551743,0.6658269382266138,3.1678848269029487,3.1649348290679487,,4,0.07268341763133024,0.056181336809644385,0.6399449136517431,0.2765446394952328,8.1715,979499.0,979499.0,0.23857069822736554,30.338510717032968,-3126198.0,0.0,0.1875,16.0
0x52830fbbef5ca1ddee6de5c12d975f962ad59a3f,0.41932761138173336,0.7640552,1,48.070038,5,1764816665,0.297714965158492,0.29838915459685694,0.29159411829451176,0.297714965158288,0.7307183598232199,4.74663442742962,0.2980550122064909,4.743767458101893,0.0,13.0321812915,0.36900919248664593,4.748968007114978,0.44030341981479987,7.1345,7.1309000000000005,,1,0.07268341763133024,-0.0002342436159066692,0.297714965158492,0.2644106420660578,10.0,3238234.0,3238234.0,0.7407458071281223,18.59846992,-1133352.0,,0.42857142857142855,7.0
0x0c4acd96e5befc4f43bc8f17ff638668557725b2,0.39009076458684855,0.73589885,1,2703.767838,24,1764603974,0.913843177291403,0.9148451812984159,0.913843177291403,0.913843177291403,3.2503559470905095,5.1109076977994246,0.913843177291403,0.08465980143316443,0.0,,0.913843177291403,0.08633682281978208,0.913843177291403,2.5781487647839323,2.573648764845253,,2,0.07268341763133024,0.044893934745330086,0.913843177291403,0.19477817538977923,291.415999,2169247.0,2169247.0,0.5215921536850534,358.9948045,-1989648.0,,0.3,10.0
0xaad7b8c2341ecfb9420f1effd3b0109fc0025557,0.3330835712361072,0.6785314,1,23.06295,3,1764462364,0.3243152969365487,0.3246492982722197,0.3243152969365487,0.3243152969365487,0.5623090792490675,0.060433991307153406,0.3243152969365487,0.09510000000000009,0.0,0.1192500000000001,0.325567801945315,0.09600000000000009,0.32682030695408126,0.3941003322826431,0.3893003322826431,-0.0005770473918533135,1,0.07268341763133024,0.06295488136961223,0.3243152969365487,0.06368106808395593,5.00299,99257.0,99257.0,0.02470748278999374,8.006012401889938,-3918028.0,,0.5555555555555556,35.0
0xa15abbcd222d38db5b32c96cafa0df909d694e72,0.2901617514199552,0.6320681,1,18.18597,4,1764817923,0.503739185184206,0.5047411891912191,0.503739185184206,0.503739185184206,0.9592726718743796,1.854829241127136,0.503739185184206,1.8515035156985598,0.0,,0.503739185184206,1.8575035156985595,0.503739185184206,1.876190392685586,1.8713153894609331,,1,0.07268341763133024,-0.0005011625188148122,0.503739185184206,0.026959711758493217,8.946,626428.0,626428.0,0.143254138496594,7.144742175475687,-3746416.0,,0.36363636363636365,55.0
0x2148038b6aa61e78dc69d1739e66684e42bf639e,0.22266901722427404,0.54959565,1,220.0,3,1764817681,0.7805611214631456,0.7815631254701586,0.7805611214631456,0.7805611214631456,1.2262808726600543,6.194900002494416,0.7805611214631456,6.199799999999999,0.0,,0.7805611214631456,6.2056,0.7805611214631456,6.2212000000000005,6.215800000000001,,1,0.07268341763133024,-0.00044981563924106763,0.7805611214631456,0.08041831445456675,6.3,1123894.0,1123894.0,0.25703093947265265,63.46958207439105,-3248708.0,,0.024390243902439025,41.0
0x03d0d65c51235e63805335b85ead75794830d647,0.20861132035624844,0.5303132,1,78.74501,6,1764817653,0.12768082450680934,0.12784163159057108,0.12768082450680934,0.12768082450680934,0.31912031047535006,3.6650452120271257,0.12768082450680934,3.667888399980659,0.0,17.18838,0.19013969605821832,3.671253807842948,0.2525985676096273,6.342700000000002,6.337300000000002,,1,0.07268341763133024,-0.00044387467796807244,0.12768082450680934,0.0,2.9932499999999997,639086.0,639086.0,0.14615784661391665,6.889509947933883,-3733488.0,0.0,,0.0
0x2dfa38917d695362dd03c9a1df081f1dfdc27fc6,0.2015087799893488,0.52020663,1,1572.698421,10,1764692324,3.051537243853939e-06,3.1109185089138418e-06,3.051537243853939e-06,3.051537243853939e-06,0.0017144897527079858,2.2251591412026657,3.051537243853939e-06,0.0964879799639576,0.0,541.7664843569863,0.11454198460223623,0.09913265404758469,0.22908091766722863,7.384948004812372,7.3786884644813915,,2,0.07268341763133024,0.026148080157146914,3.051537243853939e-06,0.47650212509975937,19.999998,15240.0,15240.0,0.003588208356240339,33.156824094786735,-4232005.0,,0.0,3.0
0x34f48b32d3dacc6aa1892a7f0629ed2e7f791476,0.1963961019268778,0.51276565,1,70.62254,6,1764817983,0.08438034391989073,0.08471444416258739,0.08438034391989073,0.08438034391989073,0.253149413338552,0.5055592313371258,0.08438034391989073,0.5031673263597954,0.0,15.597180507066591,0.12094807620503337,0.5071896468652582,0.157515808490176,0.6970302411898351,0.6925902377599947,,1,0.07268341763133024,-0.0005138931501140877,0.08438034391989073,0.10503084257242394,1.9462,953878.0,953878.0,0.21813376191199257,3.8463943041825095,-3419026.0,,0.2,65.0
0xb08f6a09fa946ed8fe8a71d9c834d18ad2a74ab7,0.18739880239767345,0.49930668,1,580.039042,19,1764806187,-1.37088727697367e-08,2.7417745539473397e-08,-1.37088727697367e-08,-1.37088727697367e-08,7.41251521331536e-06,0.5450220941106372,-1.37088727697367e-08,0.5428217936904968,0.0,5.797938365538462,0.015538990019754373,0.5442404423041818,0.031077993748381515,2.820861864529994,2.764821863699134,-0.23469996851737848,3,0.07268341763133024,0.0019889489633234756,-1.37088727697367e-08,0.3138907713471767,5.939995,18190.0,18190.0,0.004170958389473501,8.279161424489795,-4342918.0,0.0,0.0,10.0
0x2fb55556a668279b8aecee4cf64970c1c454d9a0,0.18462436132432514,0.49505663,1,3704.149999,4,1764833435,0.029067955348769534,0.030069959355782556,0.029067955348769534,0.029067955348769534,0.04625461994550491,-0.06356531204478773,0.029067955348769534,-0.059545175007162714,0.0,,0.029067955348769534,0.03532585598926627,0.029067955348769534,-0.05719857060701547,-0.05923277108579467,,1,0.07268341763133024,-0.0037924550640541714,0.029067955348769534,0.3025063068749655,120.4319,2853209.0,2853209.0,0.6501771961983029,1115.1487827071824,-1535147.0,0.0,0.125,8.0
0xd0a35d545e970d34ad4be444459c97a276405a2f,0.15313814543306578,0.4429006,1,6.9642,3,1764793795,0.32781692384277705,0.32817247365171714,0.32781692384277705,0.32781692384277705,0.550917610268483,4.998474193548387,0.32781692384277705,4.989396774193548,0.0,2.766,0.4023207701706809,5.001387096774193,0.47682461649858476,7.3736000226790885,7.3732999999999995,,1,0.07268341763133024,0.004618248681000509,0.32781692384277705,0.035012932401536634,4.0599989999999995,2134622.0,2134622.0,0.49086259024502865,35.535102589709766,-2214094.0,,0.7404580152671756,131.0
0x330ae6d48c752158096e2b4cb725e2f026496f8c,0.1345494607470681,0.40785,0,385.03574799999996,8,1764784329,1.6192062734759197e-05,1.689183975570918e-05,1.6192062734759197e-05,1.6192062734759197e-05,0.0038351565266864828,3.4561378848275313,1.6192062734759197e-05,-0.10943128149278143,0.0,126.789054948,0.10430518246290332,-0.1091812766429379,0.20859417286307189,6.927640363200283,6.924740363200283,,1,0.07268341763133024,0.00662671794564954,1.6192062734759197e-05,0.2754686995698054,99.999996,62374.0,62374.0,0.014374373451633346,141.16333507792206,-4276876.0,,0.0,5.0
0x4a05d9ef72677e5dd1ae5f9fdffe9981f5a10329,0.13440310496669985,0.40755835,0,10.882,3,1764818603,0.11762984142635341,0.11863184543336644,0.11762984142635341,0.11762984142635341,0.20276421252331953,0.06488124279400913,0.11762984142635341,0.06538106397322102,0.0,,0.11762984142635341,0.0703173419473082,0.11762984142635341,0.06481607508944158,0.06218274146426814,,1,0.07268341763133024,-0.0006454430068732678,0.11762984142635341,0.0,4.022727,634328.0,634328.0,0.1450381888838383,4.97390843824228,-3739196.0,0.0,,0.0
0xf32898291d309e3c5e499c85ddd03a13268c219c,0.1203572738493025,0.37822402,0,2.178,2,1764670074,0.9018036063117215,0.9028056103187346,0.9018036063117215,0.9018036063117215,1.2767599382992738,-0.1509,0.9018036063117215,-0.07049999999999995,0.0,,0.9018036063117215,-0.06529999999999994,0.9018036063117215,7.198100001840002,7.193500000000001,,1,0.07268341763133024,0.03086902259729491,0.9018036063117215,0.3103303812282533,25.5578045,9855551.0,9855551.0,2.3326775534645603,1025.2279195616882,5630556.0,,0.47058823529411764,17.0
0xf0148de7934dbc994bf335146193716d1806d442,0.11635753767846461,0.36933303,0,0.0525,1,1764241751,0.9939879749569197,0.9949899789639328,0.9939879749569197,0.9939879749569197,0.9949899789639328,-0.0411,0.9939879749569197,-0.03309999999999999,0.0,,0.9939879749569197,-0.03969999999999999,0.9939879749569197,-0.0477,-0.0411,,1,0.07268341763133024,0.12174939243062124,0.9939879749569197,0.18999825804792955,2.15,1493072.0,1493072.0,0.393258095511016,6.1267956625266144,-2303600.0,0.0,0.35051546391752575,87.0
0x41b4035c1c4b3721a55b480cce4d618852f9a66b,0.11507326844958883,0.366422,0,1086.5425599999999,4,1764936991,0.0,0.0,0.0,0.0,0.0,-0.04414548306573744,0.0,-0.045799999999999945,0.0,0.5443600000000307,0.0002505010017532701,-4.999999999993873e-05,0.0005010020035065402,0.0023090338685251392,-0.0895909661314749,,1,0.07268341763133024,-0.0257646759778504,0.0,0.5550137243316124,269.50786,298229.0,298229.0,0.0663924404574266,240.79297125568183,-4193683.0,,0.0,2.0
0xbb270fa1a7734a91cab0b48a119c11d1b89618d2,0.11495317983092557,0.36614835,0,116.761,2,1764829975,0.0,0.0,0.0,0.0,0.0,-0.03645433930274772,0.0,-0.035723088876561324,0.0,1.1210000000000009,0.002379759516655934,0.011826911123438697,0.004759519033311868,-0.06781540985051834,-0.07041540985051836,,1,0.07268341763133024,-0.0030583219924626174,0.0,0.38794620610139985,65.0,399330.0,399330.0,0.09106943471407304,374.06821975930734,-3985566.0,,0.42857142857142855,14.0
0x94353164e0b0e4d87441b8c53f6002f9eaffc1e2,0.11384957641987153,0.36362186,0,4288.135658,5,1764840797,0.0003340001439853167,0.0006680074380847829,0.0003340001439853167,0.0003340001439853167,0.0011596922461078929,-0.06093344203556551,0.0003340001439853167,-0.06093344203556552,0.0,-0.7157613279999285,0.0002505000700359013,-0.0015333360687286666,0.00016699999608648595,-0.08889698635560583,-0.09039699248246055,,1,0.07268341763133024,-0.005354503524475275,0.0003340001439853167,1.0,52.999947,194.0,194.0,4.413385936040483e-05,1031.2938410784313,-4395524.0,,0.0,1.0
0x8d8dd8f60202b638fcab6db5abd818bd3a3e91c5,0.11315272854639649,0.36201555,0,819.8031000000001,4,1764928177,0.0,0.0,0.0,0.0,0.0,-0.041948496241230274,0.0,-0.04629999989394277,0.0,0.2734500000000306,0.000125250500876642,-5.000000006000205e-05,0.000250501001753284,0.0007030075175394623,-0.09159699227034608,,1,0.07268341763133024,-0.023894546239986828,0.0,0.5553135326163725,269.91908,311889.0,311889.0,0.06956997147954383,252.54332995652175,-4171209.0,,0.0,2.0
0xd3c49847fc3d54ad4def29170bc07c8ada1da1da,0.11264137632236873,0.36083132,0,203.999996,2,1764900685,0.0030060164435311686,0.004008020450544193,0.0030060164435311686,0.0030060164435311686,0.005668196879428321,-0.08998793481817523,0.0030060164435311686,-0.09079396497105331,0.0,,0.0030060164435311686,0.0010060359116761178,0.0030060164435311686,0.0036180962063159716,-0.08878190467641346,,1,0.07268341763133024,-0.018061370978658793,0.0030060164435311686,1.0,101.999998,68.0,68.0,1.5261672598519708e-05,101.999998,-4455538.0,,0.0,1.0
0x63ace3ced97378dde21c73a62ea2bac167b21494,0.11260083634532529,0.36073723,0,228.53861,16,1764549926,0.02783181654765659,0.028127234226628158,0.02783181654765659,0.02783181654765659,0.17400867210351068,1.4386628682446507,0.02783181654765659,0.034517688160188575,0.0,913.30510459,0.13834005681212627,0.0374565829917457,0.24884829707659598,4.4711437154480445,4.4668703848343485,,4,0.07268341763133024,0.056361687419717456,0.02783181654765659,0.029414014277631798,5.49755,1094019.0,1094019.0,0.26651882518398373,9.125085701892743,-3010828.0,0.0,0.45038167938931295,131.0
0xa3ea0e0b10f43c8679103e1af35f3c36f0830637,0.10866879829906448,0.35146773,0,10116.319995,11,1764892403,0.003100722794553875,0.004102726801566901,0.003100722794553875,0.003100722794553875,0.011871176842314687,-0.08948913946548537,0.003100722794553875,-0.0882829622169836,0.0,,0.003100722794553875,0.002435938185163242,0.003100722794553875,0.003993017417545038,-0.08717970599518553,,1,0.07268341763133024,-0.01630411950498213,0.003100722794553875,0.8353198827012371,75.0,718756.0,718756.0,0.16161538938921471,462.9645811149425,-3728568.0,,0.5,2.0
0x8b245f1d581dfec27babc595711a601a885a8435,0.1074410183493993,0.34851304,0,26600.457824,27,1764826085,-0.024224586579821718,-0.025226590586834737,-0.024224586579821718,-0.024224586579821718,-0.09077163918755013,0.0,-0.024224586579821718,0.0,0.0,,-0.024224586579821718,0.0,-0.024224586579821718,,,0.1347999998388999,0,0.07268341763133024,,-0.024224586579821718,1.0,548.3699995,152.0,152.0,3.4695227534497786e-05,548.3699995,-4380854.0,,0.0,1.0
0xbd2182a67f7b46f91b2a6a7b81c464a580dc007a,0.10606234029751435,0.3451596,0,5064.37,6,1764825391,0.018190837101575038,0.019192841108588064,0.018190837101575038,0.018190837101575038,0.0345895828409072,-0.07566256159500288,0.018190837101575038,-0.07439258685088287,0.0,,0.018190837101575038,-0.07199357689619276,0.018190837101575038,-0.07230388453699158,-0.07273721787032489,,1,0.07268341763133024,-0.0020857017611979694,0.018190837101575038,0.30660276536360065,19.7975,857912.0,857912.0,0.1958563682221723,99.30743671583514,-3522400.0,,0.3888888888888889,18.0
0xbec4aa2be58b5127560b95a3bd263e6b3daf1868,0.10489228127153617,0.3422833,0,63.893997,8,1764711361,0.31196871402989873,0.312306232307917,0.31196871402989873,0.31196871402989873,0.8403012509530496,0.02710432663327956,0.31196871402989873,0.029814141287624937,0.0,0.0006738286074359341,0.31197226872600753,0.035652574600006384,0.3119758234221164,7.377043560553901,7.365575897920605,,1,0.07268341763133024,0.022108863023075118,0.31196871402989873,1.0,6.7999955,,,,132.8126494935065,,,0.0,1.0
0x069acf9916370eef6c6a541f12cd96632ed44634,0.10317744139082642,0.3380162,0,100548.292832,222,1764484449,-9.887051006577508e-05,-0.00013182734675436675,-9.887051006577508e-05,-9.887051006577508e-05,-0.0007268879684841976,0.03102075611484393,-9.887051006577508e-05,-0.024920790618691624,0.0,3776.7374915237947,0.11332060604934559,-0.023215086435145887,0.22674008260875694,1.6766209972829487,1.6727391601661228,,4,0.07268341763133024,0.07025441317942849,-9.887051006577508e-05,1.0,3.017253,48.0,48.0,1.1883041167310744e-05,324.97861625531914,-4039322.0,,0.0,1.0
0xece847ea152616dcaf5d65aad4e73ea1ddc2cac6,0.09954776344441023,0.3287731,0,2747.943796,4,1764835073,9.04933352789276e-09,1.809866634660509e-08,9.04933352789276e-09,9.04933352789276e-09,8.517026925281085e-06,-0.04565020605124182,9.04933352789276e-09,-0.04429115439634046,0.0,1.3781001079992188,0.0002505089395514059,0.0010090498544451604,0.0005010088297692838,-0.08515129825982745,-0.08858190879070063,,1,0.07268341763133024,-0.004140001298524393,9.04933352789276e-09,0.729389687082646,170.369986,1675165.0,1675165.0,0.3815870818957839,353.36800451282045,-2714829.0,0.0,0.8571428571428571,7.0
0xdf6ccd57133f8d9f9d73e750ddedf899b27b7597,0.09907541344197358,0.32754833,0,101.33999800000001,7,1764668450,0.9072969189122333,0.9082989229192463,0.9072969189122333,0.9072969189122333,2.0420475964281017,-0.11449315955553206,0.9072969189122333,-0.018293159555532096,0.0,,0.9072969189122333,-0.0128931595555321,0.9072969189122333,7.23000113848461,7.22520113848461,,1,0.07268341763133024,0.031213598351128635,0.9072969189122333,0.08305940348861873,19.999999,1214491.0,1214491.0,0.2875643650534135,35.04484356896552,-3008880.0,,0.18181818181818182,22.0
0x502644a2a3b1f530e75af0a71806f4c8ffb4981e,0.09901380630904222,0.3273882,0,298.40018299999997,3,1764754815,-0.924849698417328,-0.925851702424341,-0.924849698417328,-0.924849698417328,-1.579395880194684,0.0,-0.924849698417328,0.0,0.0,,-0.924849698417328,0.0,-0.924849698417328,,,-1.0363094489120956,0,0.07268341763133024,,-0.924849698417328,0.5077584614949362,199.999998,483974.0,483974.0,0.11229782984386978,942.5836133333333,-3825762.0,,0.2,5.0
0x24beeb31bc61eeb0f17b4dd7a610666a99bc6e89,0.09847968489509934,0.3259962,0,334225.604142,33,1764886521,-0.004339783868511587,-0.005341787875524612,-0.004339783868511587,-0.004339783868511587,-0.020110994517320208,0.0,-0.004339783868511587,0.0,0.0,,-0.004339783868511587,0.0,-0.004339783868511587,,,-0.032400000000000914,0,0.07268341763133024,,-0.004339783868511587,1.0,550.0,552.0,552.0,0.00012428396002919773,630.0,-4440890.0,,0.0,1.0
0x8f9c8d395a3ca7df8f0e4eee00912fd717b7c476,0.0950547369664171,0.31690675,0,69.00975,5,1764830921,0.025851523038248996,0.02685352704526203,0.025851523038248996,0.025851523038248996,0.057781980347126956,-0.06496839075183423,0.025851523038248996,-0.06348520219793978,0.0,,0.025851523038248996,0.03357476180565987,0.025851523038248996,-0.06175260710715684,-0.06315260710715684,,1,0.07268341763133024,-0.003259041612614528,0.025851523038248996,0.09960698045813227,4.999998,519418.0,519418.0,0.11843062289977614,13.23146521889764,-3866424.0,,0.7315436241610739,149.0
0x378b8266535cfe6482418d6ccc286e3452abcaff,0.09287138509399356,0.31095824,0,1082.863507,7,1764824855,-0.0046576832429641645,-0.004916517645695355,-0.0046576832429641645,-0.0046576832429641645,-0.013753383548214482,0.0,-0.0046576832429641645,0.0,0.0,-4.8934793666763,-0.006215847033105942,0.0,-0.007774010823247718,,,0.017200022340319435,1,0.07268341763133024,-0.0025843181537529266,-0.0046576832429641645,0.5215001039122751,99.999999,10218.0,10218.0,0.0023329960253675075,230.67861727586205,-4369558.0,,0.0,2.0
0xf947f6c081332fa15b0bb4f03cd6923878fba3d4,0.08702682869138223,0.29439297,0,1.0204,2,1764833825,0.019038076133247473,0.020040080140260496,0.019038076133247473,0.019038076133247473,0.028340953125400112,-0.07320867860549543,0.019038076133247473,-0.07144617775312265,0.0,,0.019038076133247473,0.019153822246877356,0.019038076133247473,-0.06884667959354832,-0.07041540985051836,,1,0.07268341763133024,-0.003875204167499462,0.019038076133247473,0.16403401943783297,1751.5,1731777.0,1731777.0,0.39459494807856277,1101.5151512727273,-2656969.0,0.0,0.0,9.0
0xc8dd4022ee037db9e38749d03761e0773fcd2813,0.08683870443336662,0.29384327,0,9361.179256,8,1764837735,8.371199156579566e-10,1.2556798734870047e-09,8.371199156579566e-10,8.371199156579566e-10,1.9428300991797407e-06,-0.045600018859158875,8.371199156579566e-10,-0.04457856937011105,0.0,3.276493894000017,0.00025050177709837163,-0.0003244692463746085,0.0005010027170768277,-0.08615776776773787,-0.08895096532969203,,1,0.07268341763133024,-0.004704816973835582,8.371199156579566e-10,1.0,51.3294,144.0,144.0,3.278198884683891e-05,270.26244486458336,-4392512.0,,0.0,1.0
0xf04c5f26b5542050c680e33b6aad8a4969f0d375,0.08683870443336662,0.29384327,0,1662.3020259999998,4,1764838909,-6.0111222655242115e-09,1.8033366883125677e-08,-6.0111222655242115e-09,-6.0111222655242115e-09,7.3626433904902725e-06,-0.0456002735569741,-6.0111222655242115e-09,-0.044948011176876385,0.0,-0.5555799980000616,-0.00012525576015774226,-0.0018477526156642978,-0.000250505509193219,-0.08799096593966396,-0.08889096612748804,,1,0.07268341763133024,-0.004953912992924739,-6.0111222655242115e-09,1.0,49.330899,58.0,58.0,1.3200328642664829e-05,95.14664604545455,-4393772.0,,0.0,1.0
0xa5590fcc6c55019ab3b68c2ed11983ad341bfa62,0.08616425791405312,0.29186362,0,1.0277399999999999,2,1764831821,0.026052123681511722,0.027054127688524745,0.026052123681511722,0.026052123681511722,0.038260314295285175,-0.06577792894333127,0.026052123681511722,-0.06325219501130286,0.0,,0.026052123681511722,0.03384780888073212,0.026052123681511722,-0.06081028370062658,-0.06221028370062659,,1,0.07268341763133024,-0.0034500010821036605,0.026052123681511722,0.0213447385473571,184.0,1889138.0,1889138.0,0.4306471636581317,176.39817769886363,-2497604.0,,0.5542168674698795,83.0
0x72725ce9b72f99e3e9383ce13fa83753c97c37b8,0.08616425791405312,0.29186362,0,1.028785,2,1764831761,0.02705412766871828,0.0280561316757313,0.02705412766871828,0.02705412766871828,0.0396773619235446,-0.06459902669392296,0.02705412766871828,-0.06206846785797654,0.0,,0.02705412766871828,0.03523153603010506,0.02705412766871828,-0.05962494824599428,-0.061024948245994276,,1,0.07268341763133024,-0.003437270450804385,0.02705412766871828,0.01807878917230148,232.5,1889272.0,1889272.0,0.43068360095397845,159.42288191044776,-2497410.0,,0.6129032258064516,93.0
0x59d59ae47618f3b340482d175dfc8cf13b2ba273,0.08608893224525827,0.29164165,0,40422.847043,160,1764540566,-0.0006686359423082321,-0.0006925621838313089,-0.0006686359423082321,-0.0006686359423082321,-0.005415477530916405,0.8131759588376235,-0.0006686359423082321,0.7848314507909687,0.0,18279.498842259734,0.10917114608215177,0.7876469646306737,0.21901092810661177,3.593075296198147,3.5892284461969215,-0.21080002296153866,5,0.07268341763133024,0.058347665902404436,-0.0006686359423082321,0.24936113492307252,16.97805,2218149.0,2218149.0,0.5416081164462249,180.7725347051282,-1877338.0,,0.3,10.0
0x7bb7bccc02fec3d93b311695a42b251e465e44f2,0.08533583124976266,0.2894127,0,5311.2101999999995,22,1764817581,0.13366037420102447,0.13407353467496794,0.13366037420102447,0.13366037420102447,0.7744089739724851,3.4414256360721556,0.13366037420102447,3.4353594298817107,0.0,1289.3631779284947,0.21210262879053354,3.43885885715496,0.29054488338004264,3.37429409097667,3.368894088118471,,1,0.07268341763133024,-0.00042859792040894184,0.13366037420102447,0.010259336968695961,65.8619795,13220842.0,13220842.0,3.0236331509968433,772.2093844007851,8848340.0,,0.8714285714285714,277.0
0x00e335f3c47326a4d097d564e4461954f3ddb82f,0.08502971275933335,0.2885016,0,1.028785,2,1764831729,0.02705412766871828,0.0280561316757313,0.02705412766871828,0.02705412766871828,0.0396773619235446,-0.06459902669392296,0.02705412766871828,-0.06206846785797654,0.0,,0.02705412766871828,0.03523153603010506,0.02705412766871828,-0.05962494824599428,-0.061024948245994276,,1,0.07268341763133024,-0.0034304807807781046,0.02705412766871828,0.01963545712627789,146.205,1889208.0,1889208.0,0.4306721530096999,145.55946774008814,-2497442.0,,0.6354166666666666,96.0
0x6f04f8ae08fbc7c086404872264343be04f5c263,0.08405118219424887,0.28556904,0,1066.0,5,1764816919,0.0,0.0,0.0,0.0,0.0,3.5632,0.0,3.56965,0.0,453.04999999999995,0.10646292574513379,3.57275,0.21292585149026758,7.1506,7.147300000000001,,1,0.07268341763133024,-0.0002881366217402688,0.0,0.19232731796534674,4.039960000000001,1775137.0,1775137.0,0.40603887607963696,14.566272039534883,-2596703.0,,0.5,19.0
0x030dc570ba96fe2fb5d9c23035892cf67698da63,0.0830827432833678,0.28263605,0,126.721769,28,1764703725,0.2852754738487665,0.30780459833621326,0.2852754738487665,0.2852754738487665,1.6540514362271193,0.0011037805976089748,0.2852754738487665,0.012826132026551432,0.0,-0.2548052761421474,0.28517831460895776,0.018090909809771797,0.2850811553691491,7.3497620569142,7.339729101879168,,1,0.07268341763133024,0.023729048033096247,0.2852754738487665,0.4193844780646744,4.45,41372955.0,41372955.0,9.715049102461204,18.44853669620253,37114309.0,0.0,0.16,25.0
0xee50a31c3f5a7c77824b12a941a54388a2827ed6,0.08245057126988538,0.28070465,0,28180.628109,175,1764340169,0.9483865898905793,0.9493885938975923,0.9483865898905793,0.9483865898905793,6.82531901713658,0.00381026282066627,0.9483865898905793,0.0020700372691025235,0.0,,0.9483865898905793,0.005156201848699577,0.9483865898905793,1.1031530709202895,1.1021181563073148,,5,0.07268341763133024,0.10086733791041964,0.9483865898905793,0.2183429032183506,27.0,48556841.0,48556841.0,12.46616663543076,1053.67386445439,44661751.0,,0.4,34.0
0xecf56389f1d8c0d6f0896a0c73431430aeae45f1,0.08206102310675607,0.2795078,0,1426.666666,2,1764920449,-0.002004007666368053,-0.003006011673381078,-0.002004007666368053,-0.002004007666368053,-0.004251142477147364,0.0,-0.002004007666368053,0.0,0.0,,-0.002004007666368053,0.0,-0.002004007666368053,,,-0.0160999971896023,0,0.07268341763133024,,-0.002004007666368053,0.37479754757281836,132.060644,87220.0,87220.0,0.019488891421267963,137.57605716842104,-4388150.0,,0.0,3.0
0x03960c49785fa21473189907db0a38d5ee301476,0.08164034249305024,0.27820945,0,24352.349858,52,1764831085,-2.663449457431509e-09,-2.8607420239341476e-09,-2.663449457431509e-09,-2.663449457431509e-09,-9.117443097054588e-06,0.0,-2.663449457431509e-09,0.0,0.0,-961.2849299786786,-0.0038618830493545343,0.0,-0.007723763435259611,,,-0.22679998217173433,1,0.07268341763133024,-0.03182318341317561,-2.663449457431509e-09,1.0,99.999999,56.0,56.0,1.2767880390496502e-05,364.62825248387105,-4385950.0,,0.0,1.0
0x3e9ca7216bdfb4c7d20a9ce9bc51b4e82abfacfb,0.079504261703281,0.27152127,0,1.033031,2,1764832331,0.031062131977124485,0.03206413598413751,0.031062131977124485,0.031062131977124485,0.045345535974542446,-0.05880015344765062,0.031062131977124485,-0.05730016007899843,0.0,,0.031062131977124485,0.04079984146984181,0.031062131977124485,-0.05425016571182464,-0.05625016571182464,,1,0.07268341763133024,-0.003558211448147502,0.031062131977124485,0.11111111111857072,0.999999,176.0,176.0,4.011622765229807e-05,1.9157360722891568,-4387076.0,,0.0,9.0
0x9b593f5e5fb47ea4beac45086ed4038951dff523,0.07903686734937401,0.27003598,0,23.700000000000003,5,1764825371,0.0010020040070130248,-0.0025765817323192067,0.0010020040070130248,0.0010020040070130248,-0.006816994496348616,0.0,0.0010020040070130248,0.0,0.0,1.6000000000000014,0.0021471514435993386,0.0,0.0032922988801856526,,,0.14309999983889987,1,0.07268341763133024,-0.0024009970630433594,0.0010020040070130248,0.4001093773746337,7.5,123323.0,123323.0,0.028154059135783643,20.947442218390808,-4256969.0,,0.375,8.0
0x56fb1ee860274e6aef71bd10d7cbd613fe3eb84f,0.07772653346904337,0.26582876,0,12.181396,4,1764828907,2.7976066193123968e-05,3.068340004742653e-05,2.7976066193123968e-05,2.7976066193123968e-05,0.0010224166936899873,-0.029080382718308796,2.7976066193123968e-05,-0.027072060878470326,0.0,0.0961009722471326,0.003907283867171978,0.01866912974823732,0.007786591668150833,-0.0521421523118704,-0.053042143882569295,,1,0.07268341763133024,-0.0028317167553355135,2.7976066193123968e-05,0.33333333333336634,1.016789,67830.0,67830.0,0.01547277858529121,1.9070095350318472,-4315998.0,,0.0,3.0
0xc30219db959f8888feedabfeb8d3e2a18bfce9fc,0.0776187222064852,0.2654797,0,133651.554,9,1764854407,-0.0033662886133458817,-0.004368292620358907,-0.0033662886133458817,-0.0033662886133458817,-0.009671501613854822,0.0,-0.0033662886133458817,0.0,0.0,,-0.0033662886133458817,0.0,-0.0033662886133458817,,,-0.024199934131955668,0,0.07268341763133024,,-0.0033662886133458817,0.3610957638303078,192.0,426874.0,426874.0,0.09681157763722727,344.974,-3982454.0,,0.3333333333333333,3.0
0xecb3cd91898e9661c0735c54a5ff54dc6cf5f55f,0.07756805815359297,0.26531553,0,2.997,4,1764859543,-5.007516276926666e-07,5.007516276925554e-07,-5.007516276926666e-07,-5.007516276926666e-07,2.2399891461035677e-05,-0.04762603996977259,-5.007516276926666e-07,-0.04692569222248952,0.0,-0.0010000000000000564,-0.00012568865855086612,-0.0016030535379777198,-0.0002508765654740396,-0.0021439902048477847,-0.09080000000000008,,1,0.07268341763133024,-0.009331977096745584,-5.007516276926666e-07,0.5,1.0,693862.0,693862.0,0.15717921813384367,1.4244612307692308,-3720602.0,,0.5,2.0
0xd6fe785637b8c9859fed94f64b341d5222b3a6a9,0.07715234343445455,0.26396465,0,1.002,2,1764889223,0.0010020040070130248,0.0020040080140260497,0.0010020040070130248,0.0010020040070130248,0.002834095312540011,-0.0917,0.0010020040070130248,-0.09240300751753945,0.0,,0.0010020040070130248,-0.0007030075175394291,0.0010020040070130248,0.0010030075175394627,-0.09039699248246054,,1,0.07268341763133024,-0.01562939604612053,0.0010020040070130248,1.0,73.999926,72.0,72.0,1.6201095194035115e-05,271.1451515675676,-4444072.0,0.0,0.0,1.0
0x3f5dc3e0889e668a27447b7dbe1e297ff9964c40,0.07511281718099005,0.25723886,0,451.167278,7,1764718209,1.0726359901790076e-05,1.0749831148839945e-05,1.0726359901790076e-05,1.0726359901790076e-05,0.0031411110262834635,0.12327103701730337,1.0726359901790076e-05,0.015759123150648664,0.0,270.67804395999997,0.11444068386603938,0.018209151845421767,0.22887064137217697,7.313203607895329,7.30770360789533,,1,0.07268341763133024,0.020655873637451142,1.0726359901790076e-05,0.1188736300912399,9.999999,639792.0,639792.0,0.14972444086653108,34.60465183057852,-3633338.0,,0.375,16.0
0x2a6fb502dc5fdbe4118a6d4367c0b0b361b4d4ae,0.07387841737775142,0.2530862,0,110538.29737100001,38,1764829695,-0.00962771890545153,-0.010629722912464565,-0.00962771890545153,-0.00962771890545153,-0.07335600336526771,0.0,-0.00962771890545153,0.0,0.1854560861490004,,-0.00962771890545153,0.0,-0.00962771890545153,,,-0.15094748607700806,0,0.07268341763133024,,-0.00962771890545153,0.634619866240931,100.0,96796.0,96796.0,0.022076277603329458,451.92848918181824,-4287820.0,,0.25,4.0
0xd5febbb7da703495cd9718fe25567c08ca9f9856,0.0737837266955336,0.25276503,0,32.98238,38,1764818275,0.008101851997642663,0.008427733117082406,0.008101851997642663,0.008101851997642663,0.05393983254379619,-0.046773895644155454,0.008101851997642663,-0.04594465582195906,0.0,0.014281252887330412,0.009161520841265206,0.003782513834648179,0.01022118968488775,-0.06671054495995793,-0.06892592957534253,,1,0.07268341763133024,-0.0005758488891038951,0.008101851997642663,0.3363276837048899,0.999999,732778.0,732778.0,0.1675612069525354,1.7184581024390246,-3640418.0,,0.29411764705882354,17.0
0x4d9c9f146f441c95e894664ff3b9570f800156fa,0.07350495342943375,0.25181726,0,1806.058,10,1764807123,-1.1624176415464904e-06,-1.7436264623197354e-06,-1.1624176415464904e-06,-1.1624176415464904e-06,-7.239725206066153e-05,0.6959557720272591,-1.1624176415464904e-06,0.6964442065920706,0.0,44.766466666666666,0.024391336302530462,0.7305502970793095,0.04878383502270247,3.520495211953226,3.518467295074741,,1,0.07268341763133024,0.0017903511150547777,-1.1624176415464904e-06,0.31904721062800706,14.073599999999999,2224128.0,2224128.0,0.509882064463357,74.05711754671968,-2137916.0,,0.3148148148148148,54.0
0x902b3084831c411a7c5a8812768617fc57deca29,0.07323891455926229,0.2509097,0,14031.502033,49,1764826571,-0.03367281330469221,-0.03467481731170525,-0.03367281330469221,-0.03367281330469221,-0.1737625665237748,0.0,-0.03367281330469221,0.0,0.0,,-0.03367281330469221,0.0,-0.03367281330469221,,,0.036099960998270175,0,0.07268341763133024,,-0.03367281330469221,0.5100594483151972,720.9015995,3232334.0,3232334.0,0.7377245011516625,1429.6733107083335,-1149158.0,,0.6666666666666666,3.0
0x6916fe8ee471fff36ec68813e7f430e6ea322f41,0.0730746411571567,0.25034776,0,1.033031,2,1764832245,0.031062131977124485,0.03206413598413751,0.031062131977124485,0.031062131977124485,0.045345535974542446,-0.0609001375476936,0.031062131977124485,-0.05625016571182464,0.0,,0.031062131977124485,0.0418498358370156,0.031062131977124485,-0.05425016571182464,-0.05625016571182464,,1,0.07268341763133024,-0.003539964209951874,0.031062131977124485,0.020898675804779235,100.0,1803871.0,1803871.0,0.4111699899206002,153.23723675151516,-2583295.0,,0.6666666666666666,87.0
0x6f7349d398a8d544bd23caa6d5796e56f1712385,0.07245925761137784,0.24823235,0,200.498602,19,1764549694,0.9047412319853759,0.9057432359923892,0.9047412319853759,0.9047412319853759,3.3765938885110187,0.9381443622960352,0.9047412319853759,0.002262373270213088,0.0,,0.9047412319853759,0.007573261801318199,0.9047412319853759,4.682664683649216,4.677454156135479,,4,0.07268341763133024,0.056410912527407986,0.9047412319853759,0.08934026718891508,1.5,1608957.0,1608957.0,0.39198731184288904,4.536013656357388,-2495658.0,0.0,0.37037037037037035,27.0
0x3714e94ecc3b974c95f614f6012a759c4dfa8748,0.07221339935058756,0.24738257,0,1988.2849999999999,10,1764869747,2.7975061908916864e-22,5.039539135546587e-09,2.7975061908916864e-22,2.7975061908916864e-22,3.177935936206592e-06,-0.00010034818952011409,2.7975061908916864e-22,-0.00010056913787208647,0.9958355965960529,-0.000660333333333334,-2.495831756881936e-07,-1.0916484779603541e-06,-4.991663513763874e-07,0.0008030075175394625,-0.09039699248246055,-0.008000000000000007,1,0.07268341763133024,-0.012957236536402603,2.7975061908916864e-22,0.5433966904758609,2.219999,1160.0,1160.0,0.0002621665625533938,3.2859802056892775,-4423508.0,0.0,0.2,5.0
0x4440bdf6bc17e7108d6d5ec4635dafe306846342,0.07159649997357145,0.24523851,0,1.0309,2,1764830645,0.029058116203377664,0.03006012021039069,0.029058116203377664,0.029058116203377664,0.042511429688100094,-0.061084992422173974,0.029058116203377664,-0.05969103853222548,0.0,,0.029058116203377664,0.03800896146777453,0.029058116203377664,-0.05724428990837638,-0.05864428990837639,,1,0.07268341763133024,-0.0032004807086378605,0.029058116203377664,0.019932223116524896,100.0,1975264.0,1975264.0,0.4504011568860211,144.19132189767444,-2410302.0,,0.6976744186046512,86.0
0x7f880424a78064b9634f9289dba10a3d42d54ffa,0.07157815607992568,0.2451745,0,9.999996,2,1764895723,0.003006148546926616,0.004008152553939641,0.003006148546926616,0.003006148546926616,0.005668383701841798,-0.09049381835255813,0.003006148546926616,-0.08989381895315836,0.0,,0.003006148546926616,0.001006208297408823,0.003006148546926616,0.0036182689915493426,-0.08788175825901784,,1,0.07268341763133024,-0.01700854777020871,0.003006148546926616,0.531250148437806,3.999998,2604.0,2604.0,0.0005850838665145988,20.797377538461543,-4448040.0,,0.0,2.0
0xd58c4ee066858572015b0ca83ba34ab8eb209e3f,0.07157815607992568,0.2451745,0,3.939996,2,1764897267,0.0030061943960928285,0.0040081984031058535,0.0030061943960928285,0.0030061943960928285,0.00566844854235448,-0.0897877378582724,0.0030061943960928285,-0.0903937682746702,0.0,,0.0030061943960928285,0.0009062317253298167,0.0030061943960928285,0.00361832896018584,-0.08838170744187494,,1,0.07268341763133024,-0.01733614934897673,0.0030061943960928285,0.5533337037272781,1.0,418.0,418.0,9.388642168749389e-05,1.4582790434782607,-4451770.0,,0.0,2.0
0xba0fc862de1d0919396f2859d791d9e6573a20ef,0.07155043070591599,0.24507771,0,2.99985,3,1764320063,0.33333333299966594,0.33366733433533696,0.33333333299966594,0.33333333299966594,0.577928775894875,0.0057999999999994115,0.33333333299966594,0.005799999999999999,0.0,0.0,0.33333333299966594,-1.4456028966473392e-20,0.33333333299966594,0.2159999999999993,0.2246999999999993,,1,0.07268341763133024,0.10513337245880686,0.33333333299966594,0.6118873210219047,0.999999,,,,4.40127606122449,,,0.3684210526315789,19.0
0x466a5328a1a9baca1966c8336325b50110c7e176,0.07097080921598649,0.24304642,0,15.999996,2,1764895595,0.003006073397803962,0.004008077404816987,0.003006073397803962,0.003006073397803962,0.0056682774249333405,-0.09049389901175407,0.003006073397803962,-0.08989390201777235,0.0,,0.003006073397803962,0.0013061102330299223,0.003006073397803962,0.003918170699908102,-0.08788184155089418,,1,0.07268341763133024,-0.01698138909010359,0.003006073397803962,1.0,5.999991,2500.0,2500.0,0.0005617326170718182,18.733903411764704,-4448016.0,,0.0,1.0
0xc1279f0580792e964583e486a07ffa2b06fb66e9,0.07089641818143923,0.2427846,0,79.999998,2,1764833247,-0.03406813541867831,-0.03507013942569133,-0.03406813541867831,-0.03406813541867831,-0.04959666681012807,0.0,-0.03406813541867831,0.0,0.0,,-0.03406813541867831,0.0,-0.03406813541867831,,,-0.2670999933731876,0,0.07268341763133024,,-0.03406813541867831,0.22539058305754284,237.562,207013.0,207013.0,0.04717526767434611,498.5123922163462,-4181155.0,,0.2857142857142857,7.0
0xaee4c6a5dd94a521e65134dd9364238a012e9aa1,0.07052237537861533,0.24146433,0,1.999996,2,1764831805,0.027054556206073138,0.028056560213086165,0.027054556206073138,0.027054556206073138,0.03967796796688383,-0.0645985217921794,0.027054556206073138,-0.062067960890061606,0.0,,0.027054556206073138,0.03523212853407612,0.027054556206073138,-0.05962444058935555,-0.06102444058935555,,1,0.07268341763133024,-0.0034466062470905204,0.027054556206073138,0.02179662275407703,107.0,1889216.0,1889216.0,0.43066651530093286,151.9552205273632,-2497510.0,,0.691358024691358,81.0
0x0e3a057b427cc0fcf585dc1dda683eb43dbfc2c0,0.07051436170045507,0.24143597,0,840.1069739999999,13,1764783577,0.008204437872399968,0.008406124196983208,0.008204437872399968,0.008204437872399968,0.025121270391548704,-0.010105926749821463,0.008204437872399968,-0.009746304882626806,0.0,-75.35713267999999,-0.043681830966536196,0.02039299801724594,-0.09556809980547236,0.017201712256773485,0.015535045590106813,-1.0424311727659954,1,0.07268341763133024,-0.0005957935448060934,0.008204437872399968,0.34021086954782365,19.999999,66420.0,66420.0,0.015309445803593778,75.1647830173913,-4272078.0,,0.2222222222222222,9.0
0xc11e76ff57d8cf94ed92a0772c91709825d8789f,0.06869501902652513,0.23491967,0,138.545438,5,1764824961,0.0,0.00013279487424064856,0.0,0.0,0.00036477526793893326,0.0,0.0,0.0,0.0,-61.72727172899988,-0.002049281221941483,0.0,-0.004098562443882966,,,0.11050000351322448,1,0.07268341763133024,-0.029146356005314615,0.0,0.5000000000000001,49.999999,86940.0,86940.0,0.019849849836137138,67.83456525396825,-4292942.0,,0.0,2.0
0x51acf5e654ea65efe6b8674bd9eace2011e116f0,0.06846708321194021,0.23409204,0,97334.100365,17,1764900321,-1.7466451194042406e-10,-2.621301612090664e-10,-1.7466451194042406e-10,-1.7466451194042406e-10,-1.2553616336907576e-06,0.0,-1.7466451194042406e-10,0.0,0.0,-107.39865586399941,-0.00041072067879790016,0.0,-0.0008214411829312883,,,-0.04019999999999958,1,0.07268341763133024,-0.019078972773847548,-1.7466451194042406e-10,1.0,61.584999499999995,110.0,110.0,2.4690016838591484e-05,75.7629163,-4455132.0,,0.0,1.0
0xb7e1819e49fa8b4728d4c6a06e9ffed10de59848,0.06772646709780297,0.23138516,0,4.004,4,1764839737,-1.001003004009017e-06,2.002006008018034e-06,-1.001003004009017e-06,-1.001003004009017e-06,6.334063533148715e-05,-0.045745653994030674,-1.001003004009017e-06,-0.045745654345654356,0.0,-0.0020000000000000018,-0.000126126378505136,-0.0008508492490496546,-0.000251251754006263,-0.08879699248246055,-0.09039699248246055,,1,0.07268341763133024,-0.005129595704854741,-1.001003004009017e-06,1.0,2.6140499999999998,40.0,40.0,9.101959697432656e-06,2.577932,-4394618.0,0.0,0.0,1.0
0xeda88e3d5876db5199ae7df30eb5964c895158f4,0.06740784856213707,0.23021218,0,2.996,4,1764929405,-1.001003004009017e-06,2.002006008018034e-06,-1.001003004009017e-06,-1.001003004009017e-06,6.334063533148715e-05,-0.0428913019317809,-1.001003004009017e-06,-0.04584424887856483,0.0,-0.0010000000000000009,-0.000126126378505136,0.000451954811475795,-0.000251251754006263,0.0007030075175394623,-0.09159699227034608,,1,0.07268341763133024,-0.024155099827245334,-1.001003004009017e-06,0.4062500390630346,1.9999985,1848.0,1848.0,0.0004121020639445036,2.829372625,-4482478.0,,0.0,3.0
0x11f2b782774ead68a4c1e6a8bae4d1c3358ecf95,0.06736557463716021,0.23005617,0,30397.20438,11,1764934227,-7.026856911959611e-11,-2.1080570735876488e-10,-7.026856911959611e-11,-7.026856911959611e-11,-7.960430204606359e-07,0.0,-7.026856911959611e-11,0.0,0.0,-8.51636500000025,-0.00014960826592104007,0.0,-0.000299216461573511,,,-0.01600000029970001,1,0.07268341763133024,-0.025196041113149426,-7.026856911959611e-11,0.3628847003886586,59.0249995,11944.0,11944.0,0.002660638499777686,62.923129875,-4477204.0,,0.0,3.0
0x997084b71cb7fb5dcccfeb91b5c984655af7ce0a,0.06734721918624767,0.2299884,0,23.188,3,1764806595,-0.0010020040070130246,-0.001336005342684033,-0.0010020040070130246,-0.0010020040070130246,-0.002314029132712214,2.351033333333333,-0.0010020040070130246,2.3421000005144825,0.0,9.68,0.07247828984060872,2.342966666666667,0.14595858368823048,7.0597,7.058300001543447,-0.01020000000000001,1,0.07268341763133024,0.0019023806704884022,-0.0010020040070130246,0.2331622682357525,3.6845600000000003,3744194.0,3744194.0,0.8584615991320449,6.455709776595745,-617322.0,,0.06666666666666667,15.0
0xe4127947444f2b13b00d66a8e9c6c5741628c431,0.06685948125332959,0.2281813,0,8.989998,8,1764882907,-0.0019801963179782063,-0.002970295209145308,-0.0019801963179782063,-0.0019801963179782063,-0.004540426942976464,-0.00027090163578859824,-0.0019801963179782063,-0.00027476305892245494,0.0,-0.0013356706626667485,-0.0019816840876481128,-2.9773561735178935e-06,-0.0019831718573180197,0.0009035498528422747,-0.09049645014715774,-0.016100000000000014,2,0.07268341763133024,-0.014289284924683463,-0.0019801963179782063,0.5000000000000312,1.0,738.0,738.0,0.0001662975671882732,2.6332565000000003,-4437090.0,,0.0,2.0
0x772d783c44e64556b8098226a9748cbde1c0b86f,0.0665905828287722,0.22717978,0,1.003,2,1764884931,0.0020040080140259937,0.003006012021039019,0.0020040080140259937,0.0020040080140259937,0.004251142968809938,-0.09109548306573757,0.0020040080140259937,-0.09119548254694837,0.0,,0.0020040080140259937,0.0013045169342624247,0.0020040080140259937,0.0019090338685249322,-0.09019096561268589,,1,0.07268341763133024,-0.01471873155384569,0.0020040080140259937,1.0,4.99996,11008.0,11008.0,0.0024793619246767686,5.626760495412844,-4428844.0,,0.0,1.0
0x21228ac51112103a214003e2f4111ab4e123c810,0.06653576740538233,0.22697516,0,55024.986979,21,1764842609,-6.66682114494238e-11,-8.889094872879238e-11,-6.66682114494238e-11,-6.66682114494238e-11,-5.968888902080162e-07,0.0,-6.66682114494238e-11,0.0,0.0,-92.48583234399929,-0.00030878737706425155,0.0,-0.0006175746874602917,,,-0.008500000001991798,1,0.07268341763133024,-0.010739984918445454,-6.66682114494238e-11,0.8971690663656957,94.999999,64356.0,64356.0,0.014634578956823489,357.9725591282052,-4333174.0,,0.0,2.0
0xa82ee9501238b9fabf79c65a4ce7e7bb3a17b971,0.06613959137787259,0.22549158,0,206.358379,6,1764818135,8.790987669471943e-06,8.83494260739493e-06,8.790987669471943e-06,8.790987669471943e-06,0.0013339348724192015,0.10242094368888208,8.790987669471943e-06,0.10107088036280606,0.0,13.766000160988346,0.025057792582485926,0.10407101482221592,0.05010679417730238,0.2117334003331344,0.20633339461673394,,1,0.07268341763133024,-0.0005461440827389189,8.790987669471943e-06,0.054463513936919575,9.899996,932694.0,932694.0,0.21328197032006907,19.1503454626556,-3440362.0,,0.28125,32.0
0x24647b3fb6d708ea5e09630655eed2c52d2e6d63,0.06594129546320439,0.22474591,0,114.2,3,1764826611,-0.018037739354199493,-0.01903974336121252,-0.018037739354199493,-0.018037739354199493,-0.030447280521284054,0.0,-0.018037739354199493,0.0,0.0,,-0.018037739354199493,0.0,-0.018037739354199493,,,0.12738615068213105,0,0.07268341763133024,,-0.018037739354199493,0.5021973931184675,53.55,90.0,90.0,2.0540760628930704e-05,53.55,-4381442.0,0.0,0.0,2.0
0x412944065d5abf76a12517c6ade7c17571f594e9,0.06586095559414638,0.22444321,0,20.964,8,1764884607,4.7655915437062076e-20,1.2877389780261648e-06,4.7655915437062076e-20,4.7655915437062076e-20,6.22170302080336e-05,-0.045551358194697474,4.7655915437062076e-20,-0.04570289262010947,0.0,-0.004669000000000134,-8.350629567228224e-05,0.00010011441186787768,-0.00016701259134456454,0.0013050163012012896,-0.09002831938413243,,1,0.07268341763133024,-0.014649986144829603,4.7655915437062076e-20,1.0,2.8099985,2864.0,2864.0,0.0006451136246916339,4.819524875586854,-4436664.0,0.0,0.0,1.0
0x199f9e490b812d977c8549c993e2ce0cccfb3d76,0.06573669420532417,0.22397435,0,5.005,2,1764858849,-5.56223959676263e-17,0.0010020040070129693,-5.56223959676263e-17,-5.56223959676263e-17,0.001417047656269927,-0.09470363315250496,-5.56223959676263e-17,-0.09300451364157075,0.0,,-5.56223959676263e-17,-0.003204505631569955,-5.56223959676263e-17,-0.0019000000000000629,-0.09000000801000085,,1,0.07268341763133024,-0.00918472612805063,-5.56223959676263e-17,0.23422605388911455,19.999998,354223.0,354223.0,0.08025406851738989,406.17523802439024,-4059547.0,0.0,0.696969696969697,66.0
0xdab1e73d3e4643a0045f9fcc0661a507135ceaa6,0.06572883080577897,0.22394465,0,6764.139032,9,1764828119,0.0016338071392006381,0.002178409443920321,0.0016338071392006381,0.0016338071392006381,0.004980699875427732,-0.03359782409705303,0.0016338071392006381,-0.03333772457206824,0.0,-4.299200975999973,0.0011421916779697425,0.00014958061435865354,0.0006505762167388469,-0.08498190862767346,-0.08848190862767347,-0.17169846387808163,1,0.07268341763133024,-0.003172897674156097,0.0016338071392006381,0.27944868074772283,2.4,49526.0,49526.0,0.011299463386142952,22.962858705183585,-4333514.0,,0.2,5.0
0xd9907411d0d279569f859f9ff8f398a6dad70252,0.06509105453544886,0.22152486,0,3406.09494,14,1764882105,-6.687274690331868e-09,6.687274690331869e-09,-6.687274690331868e-09,-6.687274690331868e-09,3.66078571776861e-06,-0.04551024408325271,-6.687274690331868e-09,-0.04624912746994389,0.0,-0.5551060000000005,-0.0002498626885239164,-0.00034984868753022095,-0.0004997186897731425,0.0005450053696710271,-0.09081213748747186,,1,0.07268341763133024,-0.014119118819649815,-6.687274690331868e-09,1.0,4.99998,2322.0,2322.0,0.000523323505429087,410.1499794285714,-4434704.0,0.0,0.0,1.0
0x6d4a8ca548d765b77c6a692a68fdb13e7e723b6f,0.06509105453544886,0.22152486,0,23.912,4,1764857691,-2.5037581384631102e-06,5.007516276925554e-07,-2.5037581384631102e-06,-2.5037581384631102e-06,2.2399891461035677e-05,-0.04695115254813451,-2.5037581384631102e-06,-0.047453109621628534,0.0,-0.04000000000000048,-0.0006284432927543027,-0.001880346222667275,-0.0012543828273701423,-0.0032999998364600606,-0.09119999956175981,,1,0.07268341763133024,-0.008939024943974614,-2.5037581384631102e-06,1.0,2.967397,3556.0,3556.0,0.0008058718962827459,3.975584,-4409056.0,,0.0,1.0
0x2025eb2d2249333760c6e0e10fc1cc36c069129e,0.06484625344608004,0.2205902,0,7933.735861,8,1764825089,-0.0001651912422047444,-0.00024778686330711205,-0.0001651912422047444,-0.0001651912422047444,-0.0008630470959088922,-0.022207045680777825,-0.0001651912422047444,-0.021483010801583432,0.0,70.7501947284997,0.004139820836056361,0.019427542825406784,0.008444832914317467,-0.050879197042613115,-0.0509458637092798,,1,0.07268341763133024,-0.002021624250324949,-0.0001651912422047444,0.09689002448681558,49.999999,523226.0,523226.0,0.11945771813306362,133.38326942052979,-3856784.0,0.0,0.38461538461538464,91.0
0x423549e0ef0a9e9611fe176393107e5a82363574,0.06471164858523377,0.22007488,0,1966.94704,5,1764825841,-0.004093009609726812,-0.00442701094539782,-0.004093009609726812,-0.004093009609726812,-0.007667807933583887,0.0,-0.004093009609726812,0.0,0.0,38.652305000000126,-0.003112253998132462,0.0,-0.002131498386538111,,,0.18248789233345275,1,0.07268341763133024,-0.003007823821642158,-0.004093009609726812,0.2425034104270044,96.5438,1383930.0,1383930.0,0.3159107936016611,2708.6285393492462,-2996832.0,,0.5714285714285714,7.0
0xe6a21622ad4b56e680267b2d985721009ae0d20c,0.0642414397698342,0.21826684,0,39.999996,2,1764843831,0.0020040311408314406,0.003006035147844465,0.0020040311408314406,0.0020040311408314406,0.004251175675051854,-0.09049996763737657,0.0020040311408314406,-0.09019545645515045,0.0,,0.0020040311408314406,-0.0004954581517531485,0.0020040311408314406,-0.08739094056885019,-0.08919093948600611,,1,0.07268341763133024,-0.005998249113841973,0.0020040311408314406,1.0,9.999986,124.0,124.0,2.8189813838106807e-05,20.399955,-4398628.0,,0.0,1.0
0x49419884db5270517540321a8efee3d3df20e312,0.0642414397698342,0.21826684,0,119.999992,4,1764843113,0.0010020294070139618,0.002004033414026987,0.0010020294070139618,0.0010020294070139618,0.004008066828053974,-0.0905999720396398,0.0010020294070139618,-0.09079846717891871,0.0,,0.0010020294070139618,-0.0021484674525627722,0.0010020294070139618,-0.08849696448388572,-0.09029696340104162,,1,0.07268341763133024,-0.005845905892627309,0.0010020294070139618,1.0,29.999998,104.0,104.0,2.364692951441485e-05,35.87391242857143,-4397930.0,,0.0,1.0
0x21cbf60a2e86c0a2cd6e1cb82c0d001ae565a88c,0.06398724695602397,0.21728429,0,1000.0,2,1765148235,0.0,-0.0010020040070130248,0.0,0.0,-0.0014170476562700054,0.0,0.0,0.0,1.0,,0.0,0.0,0.0,,,3.3306690738754695e-17,0,0.07268341763133024,,0.0,0.36041631952251396,1.0,26164.0,26164.0,0.0055630729663230395,1.6261057864583333,-4676992.0,,0.5,4.0
0x0ec665014050c80a767cd4dc7e84df60df6b1f04,0.06343875184270582,0.2151517,0,1067.5,3,1764888769,-0.003006012021039071,-0.004008016028052096,-0.003006012021039071,-0.003006012021039071,-0.006289785033570682,0.0,-0.003006012021039071,0.0,0.0,,-0.003006012021039071,0.0,-0.003006012021039071,,,-0.02420000000000002,0,0.07268341763133024,,-0.003006012021039071,0.5000250866391909,4.239967,107018.0,107018.0,0.02408313811269463,4.239967,-4336672.0,,0.5,2.0
0x0d5aea1cb76060f9e9137dfe74b58f8ab00aa457,0.06327405001198241,0.21450797,0,48.78,6,1764831899,0.02344689376410472,0.02444889777111774,0.02344689376410472,0.02344689376410472,0.0600521699197032,-0.06881328813120621,0.02344689376410472,-0.06595789387797688,0.0,,0.02344689376410472,0.027701506095436132,0.02344689376410472,-0.047493542626076905,-0.06407269610856776,,2,0.07268341763133024,-0.0034665509027927187,0.02344689376410472,0.0,21.2652,56426.0,56426.0,0.012862620303545621,192.1112578374913,-4330394.0,0.0,,0.0
0xeb1b7d861626879715a48c66a71e75a5fb26edd3,0.0632074706900612,0.2142473,0,22.605999999999998,8,1764884585,2.659481572183264e-07,7.978444716549791e-07,2.659481572183264e-07,2.659481572183264e-07,4.897274826589208e-05,-0.045577330612163396,2.659481572183264e-07,-0.04567835961729503,0.0,0.003765000000000422,4.1986565320852516e-05,5.0451317854936296e-05,8.370718248448671e-05,0.001305016301201347,-0.08999498369879866,,1,0.07268341763133024,-0.014645318246686535,2.659481572183264e-07,0.5000000046869385,1.909998,2342.0,2342.0,0.0005275361718173148,4.0088377360496015,-4437164.0,0.0,0.0,2.0
0xa290d5d60f098056165f442284c128d6021a26c8,0.0632074706900612,0.2142473,0,2.001,4,1764879439,-5.007516276926666e-07,5.007516276925554e-07,-5.007516276926666e-07,-5.007516276926666e-07,2.2399891461035677e-05,-0.04737516569005887,-5.007516276926666e-07,-0.04617381478214254,0.0,-0.0010000000000000564,-0.00012568865855086612,-0.0005010011889391383,-0.0002508765654740396,-0.00020000000030006578,-0.09130000000000008,,1,0.07268341763133024,-0.01355345443558534,-5.007516276926666e-07,0.5000000002880143,0.999999,144.0,144.0,3.247368278624198e-05,1.7153512142857144,-4434216.0,,0.0,2.0
0xd5f0e9aacf13875360ba1325e8beac586c2b49a5,0.06317862967694415,0.2141343,0,4581.629147,7,1764828941,-7.801764044431391e-08,-8.401899740156884e-08,-7.801764044431391e-08,-7.801764044431391e-08,-5.9463178746067165e-05,0.0,-7.801764044431391e-08,0.0,0.0,-93.12718482599998,-0.005091815550489176,0.0,-0.010183553083337907,,,-0.3273853080156679,1,0.07268341763133024,-0.004604244986571306,-7.801764044431391e-08,0.48009508786091604,229.8537995,1823179.0,1823179.0,0.41588421350854565,393.6263171666667,-2560683.0,,0.6,5.0
0x3a46a1ca4c9ad7db2a9e86073b60eb7b7749f1d0,0.0629761154220864,0.21333952,0,23.999996,2,1764837993,0.0020040645406687453,0.00300606854768177,0.0020040645406687453,0.0020040645406687453,0.0042512229095547525,-0.09129994474623143,0.0020040645406687453,-0.08989542067070942,0.0,,0.0020040645406687453,-0.0014954216190104107,0.0020040645406687453,-0.0853909036511884,-0.08889090365118842,,1,0.07268341763133024,-0.004759558688422467,0.0020040645406687453,0.29469382159481117,34.499998500000004,1038.0,1038.0,0.00023628962460908636,63.17739671428571,-4391876.0,,0.0,5.0
0x7a57942c1192bbad0a2142a347b4e151d83a295a,0.06256103998464202,0.21170305,0,526.315789,2,1764827657,-0.01803607122763723,-0.019038075234650252,-0.01803607122763723,-0.01803607122763723,-0.02692390419832173,0.0,-0.01803607122763723,0.0,0.0,,-0.01803607122763723,0.0,-0.01803607122763723,,,0.040400007443440064,0,0.07268341763133024,,-0.01803607122763723,0.25468217071565485,15.868299,446024.0,446024.0,0.1017720620146407,16.49130327083333,-3936554.0,,0.6666666666666666,6.0
0x21313b01da11d38a76b4ea6bf57ec39f46c65015,0.06243268964346873,0.21119496,0,3.997996,4,1764901943,6.024358502872824e-06,8.031851504750255e-06,6.024358502872824e-06,6.024358502872824e-06,0.00017944170190963663,-0.04543731711313834,6.024358502872824e-06,-0.045334094943719254,0.0,0.0030009362409925133,0.0003811400809731513,0.0009083655668058854,0.0007562558034434298,0.0036193174376985392,-0.08948086981049998,,1,0.07268341763133024,-0.01832828988156694,6.024358502872824e-06,0.3591203311872463,0.999994,324475.0,324475.0,0.07280343308658285,1.335665114285714,-4132389.0,,0.0,3.0
0x5f4d16db9359e448b6c364e02139499f607e3f57,0.062314326065528544,0.21072555,0,10.02,2,1764915145,0.0010020040070130248,0.0020040080140260497,0.0010020040070130248,0.0010020040070130248,0.002834095312540011,-0.09339699248246054,0.0010020040070130248,-0.09300300752957552,0.0,,0.0010020040070130248,-0.0012030075295754983,0.0010020040070130248,0.0008030075175394625,-0.09099699248246056,,1,0.07268341763133024,-0.02112945312178419,0.0010020040070130248,0.8347102028532476,1.0,344.0,344.0,7.695635813878363e-05,4.5999913999999995,-4469722.0,0.0,0.0,2.0
0x64427c7faea44438ee60d3874b1a2aadccb8b72f,0.06183442836476592,0.20881376,0,1.002,2,1764922545,0.0010020040070130248,0.0020040080140260497,0.0010020040070130248,0.0010020040070130248,0.002834095312540011,-0.09169699248246055,0.0010020040070130248,-0.09220000627345519,0.0,,0.0010020040070130248,-1.113562039844431e-16,0.0010020040070130248,0.00040300751753946206,-0.09119699875591562,,1,0.07268341763133024,-0.022699564315361503,0.0010020040070130248,1.0,0.9999975,274.0,274.0,6.11953278930538e-05,0.9999975,-4477192.0,0.0,0.0,1.0
0xbfb748532e5a549cb32bba2133d4a3b317048bf4,0.06176708958465191,0.20854439,0,25000.0,2,1764861469,-0.0010020040070130248,-0.0020040080140260497,-0.0010020040070130248,-0.0010020040070130248,-0.0028340953125400117,0.0,-0.0010020040070130248,0.0,1.0,,-0.0010020040070130248,0.0,-0.0010020040070130248,,,-0.007699999997750007,0,0.07268341763133024,,-0.0010020040070130248,1.0,50.0,82.0,82.0,1.8567200813333966e-05,50.0,-4416308.0,,0.0,1.0
0x1c76a37dbdb4eaf15d4f1d8ffe5b9e18e54299ff,0.06176708958465191,0.20854439,0,3500.0,2,1764866629,-0.0010020040070130248,-0.0020040080140260497,-0.0010020040070130248,-0.0010020040070130248,-0.0028340953125400112,0.0,-0.0010020040070130248,0.0,1.0,,-0.0010020040070130248,0.0,-0.0010020040070130248,,,-0.008000000000000895,0,0.07268341763133024,,-0.0010020040070130248,1.0,49.995,354.0,354.0,8.006242154900432e-05,49.995,-4421196.0,,0.0,1.0
0x3ab7647d224f3d6cbea789bf58880dc0639cd252,0.06176708958465191,0.20854439,0,33333.333333,2,1764945261,-0.002004007999116244,-0.0030060120061292687,-0.002004007999116244,-0.002004007999116244,-0.004251142947724367,0.0,-0.002004007999116244,0.0,0.0,,-0.002004007999116244,0.0,-0.002004007999116244,,,-0.01569999987649613,0,0.07268341763133024,,-0.002004007999116244,1.0,53.605,268.0,268.0,5.9553146961611775e-05,53.605,-4499914.0,,0.0,1.0
0xe77a3776d8e46fc46d7eea8347b6067f3cfb7079,0.06165582946243953,0.20809872,0,10.015998,8,1764818509,-5.196693448011391e-07,-7.795040172017086e-07,-5.196693448011391e-07,-5.196693448011391e-07,-4.840659506881873e-05,-0.0038427351137343664,-5.196693448011391e-07,-0.003801023381182098,0.0,-0.3943702512000001,-0.02050129292179975,-9.149071595843131e-05,-0.04100206617425469,-0.08879699248246055,-0.09039699248246055,-1.3642988837846617,1,0.07268341763133024,-0.0008622880933375938,-5.196693448011391e-07,0.2812100979703987,0.999999,10618.0,10618.0,0.002427842677257896,1.5052255135135133,-4362812.0,0.0,0.0,5.0
0xbd89e6f902e315e74f342dbfc98ece7aa155d749,0.061630752271398255,0.20799817,0,7.908116,4,1764870405,-1.001498202341159e-06,5.007566807369095e-07,-1.001498202341159e-06,-1.001498202341159e-06,2.2400117496535002e-05,-0.04787616144752027,-1.001498202341159e-06,-0.04692568668490158,0.0,-0.003959980019979966,-0.00025137604878761917,-0.001553023016735668,-0.0005017505993728972,-0.00019998888483339322,-0.0907999888848334,,1,0.07268341763133024,-0.011636645716291092,-1.001498202341159e-06,0.32719923690231617,1.979999,66954.0,66954.0,0.015129732815164353,2.366163861702128,-4358372.0,0.0,0.2222222222222222,9.0
0xd23293b1a3730ca60e8f4cb7ea8edb567dafc3fa,0.061487851797678614,0.20742445,0,1.001,2,1764879143,-5.56223959676263e-17,0.0010020040070129693,-5.56223959676263e-17,-5.56223959676263e-17,0.0014170476562699271,-0.09470300354226552,-5.56223959676263e-17,-0.09230150187719002,0.0,,-5.56223959676263e-17,-0.0010015018771900256,-5.56223959676263e-17,-0.00019999999229965436,-0.09130000000000008,,1,0.07268341763133024,-0.013490649987842248,-5.56223959676263e-17,1.0,18.999981,64.0,64.0,1.4433711376290464e-05,104.52963,-4434000.0,0.0,0.0,1.0
0x01fa959503ae8867e0dca6d022682768ac2c7df6,0.061487851797678614,0.20742445,0,1.001,2,1764864257,-5.56223959676263e-17,0.0010020040070129693,-5.56223959676263e-17,-5.56223959676263e-17,0.0014170476562699271,-0.09410300315648326,-5.56223959676263e-17,-0.0952605693310292,0.0,,-5.56223959676263e-17,-0.0042605693310291855,-5.56223959676263e-17,-0.000592624518592927,-0.09120000000000006,,1,0.07268341763133024,-0.010332180362491996,-5.56223959676263e-17,1.0,0.9999750000000001,286.0,286.0,6.471791812866555e-05,0.9999750000000001,-4418892.0,0.0,0.0,1.0
0xbd0dc548f0e57d006dad6a461ced38e7a4935369,0.061487851797678614,0.20742445,0,1.901,2,1764877561,0.0,0.0010020040070130248,0.0,0.0,0.0014170476562700056,-0.0944030097202897,0.0,-0.09290300375437992,0.0,,0.0,-0.002003003754379896,0.0,-9.999920159998733e-05,-0.09090000000000001,,1,0.07268341763133024,-0.013154985675918017,0.0,1.0,1.599549,116.0,116.0,2.617043904521214e-05,1.599549,-4432366.0,0.0,0.0,1.0
0x66f8c42081e7e5c6745ecca66a5f62c5ea207d4e,0.06133100487555858,0.2067933,0,13.999996,2,1764888591,0.0020041241832411292,0.0030061281902541543,0.0020041241832411292,0.0020041241832411292,0.0042513072568895124,-0.09059535483625689,0.0020041241832411292,-0.091799871945736,0.0,,0.0020041241832411292,0.0003001512416393605,0.0020041241832411292,0.002609185460597372,-0.08979083772677798,,1,0.07268341763133024,-0.015495300063101496,0.0020041241832411292,0.26543376752976167,1.0,940.0,940.0,0.00021154438201134598,2.5109222790697676,-4442572.0,,0.0,5.0
0x1f69b29dc5d7f0d3f0474ae3ed783b05a58f3334,0.06132326776737792,0.20676212,0,964.549996,8,1764855449,4.006290734553223e-09,6.009436101829835e-09,4.006290734553223e-09,4.006290734553223e-09,4.250227895274167e-06,-9.330291321348115e-05,4.006290734553223e-09,-9.410892971239138e-05,0.33333333333333337,0.3819986088000003,0.00012500380103771223,-3.208826454924663e-06,0.0002500035957846899,-0.0007169870856599668,-0.09009679164323554,-0.008000000000000895,2,0.07268341763133024,-0.008463323687758352,4.006290734553223e-09,0.22248940028732916,14.924999,410542.0,410542.0,0.09308561413214764,270.42728398282446,-3999828.0,,0.5,10.0
0x240751647de7758ceddb4eb3d0aa6754fa199508,0.06056021248334966,0.20366952,0,40000.0,3,1765017299,0.0,-0.001002004007013025,0.0,0.0,-0.0016529221101347952,0.0,0.0,0.0,1.0,,0.0,0.0,0.0,,,0.0,0,0.07268341763133024,,0.0,0.3320481459355701,99.9999995,756572.0,756572.0,0.16547147775041446,195.03148479166668,-3815648.0,,0.0,8.0
0x27ec9e8f2d88afe6a95350d174a4505430f127ae,0.06025052309027206,0.20240396,0,538.608075,13,1764501008,9.364677706488842e-08,4.0268114137902105e-06,9.364677706488842e-08,9.364677706488842e-08,0.001953713793985695,-0.019754537255882467,9.364677706488842e-08,-0.11175492808645027,0.0,2.969354819999998,0.0025691116517184624,-0.11005492086458107,0.00513812965665986,0.24009499560410472,0.23699499531657947,,1,0.07268341763133024,0.06674097111801677,9.364677706488842e-08,0.8049412041270154,19.999999,666709.0,666709.0,0.16437886363395415,89.86829705454545,-3389220.0,0.0,0.07894736842105263,38.0
0x5b6483701e5c288393c5b7bdba2d87b477adb400,0.06011432397961677,0.20184545,0,5.01,2,1764865951,0.0010020040070130248,0.0020040080140260497,0.0010020040070130248,0.0010020040070130248,0.0028340953125400117,-0.09200000000000001,0.0010020040070130248,-0.09210607647331287,0.0,,0.0010020040070130248,-0.0020060764733128575,0.0010020040070130248,0.0008030075175394514,-0.08909699248246056,,1,0.07268341763133024,-0.010691608519508207,0.0010020040070130248,0.5000000000135203,4.999999,174.0,174.0,3.9358750943252824e-05,5.426249698924732,-4420698.0,,0.0,2.0
0x2fcac4f488539e15a5a2822bea8a56a60390125c,0.06004280260743996,0.20155169,0,333.333333,2,1764947721,-0.0020040065230440864,-0.0030060105300571114,-0.0020040065230440864,-0.0020040065230440864,-0.004251140860243102,0.0,-0.0020040065230440864,0.0,0.0,,-0.0020040065230440864,0.0,-0.0020040065230440864,,,-0.015399987649599118,0,0.07268341763133024,,-0.0020040065230440864,0.32175084306073526,1.0,106958.0,106958.0,0.02375449791477981,3.130719333333334,-4395684.0,,0.375,8.0
0x186818f9432827217b7f3ed547c769d0da248ad7,0.06004086639156764,0.20154373,0,5.384478,4,1764825839,1.8025185695084726e-07,-2.603631728405937e-07,1.8025185695084726e-07,1.8025185695084726e-07,-5.823659455468657e-05,0.0,1.8025185695084726e-07,0.0,0.0,0.69228097496103,0.0011274138158146314,0.0,0.002254647379772312,,,0.18460010504140312,1,0.07268341763133024,-0.0031219751489589952,1.8025185695084726e-07,0.27325185590253687,20.1188495,76794.0,76794.0,0.01752983500579808,43.82968078,-4303966.0,,0.2857142857142857,7.0
0xa542b70ca45835b396b409e065746fe541856887,0.059785177231977404,0.20049082,0,1.001,2,1764857761,-5.56223959676263e-17,0.0010020040070129693,-5.56223959676263e-17,-5.56223959676263e-17,0.0014170476562699271,-0.09430300375437997,-5.56223959676263e-17,-0.09485881353933936,0.0,,-5.56223959676263e-17,-0.003758813179179625,-5.56223959676263e-17,-0.002900000000000064,-0.09119999956175981,,1,0.07268341763133024,-0.0089538773471571,-5.56223959676263e-17,0.500000000000125,2.9999919999999998,198.0,198.0,4.487067049019168e-05,4.24998275,-4412484.0,,0.0,2.0
0x18240e19a7adf2e832b00e9715686cc9b51f3086,0.059785177231977404,0.20049082,0,1.001,2,1764882415,-5.56223959676263e-17,0.0010020040070129693,-5.56223959676263e-17,-5.56223959676263e-17,0.0014170476562699271,-0.09390300375468044,-5.56223959676263e-17,-0.09260150187719003,0.0,,-5.56223959676263e-17,-0.0011015018771900259,-5.56223959676263e-17,-0.00010000000000006125,-0.09160000000000007,,1,0.07268341763133024,-0.014184893748029405,-5.56223959676263e-17,0.5000000002880143,0.9999750000000001,3780.0,3780.0,0.000851862468832651,0.9999750000000001,-4433556.0,,0.0,2.0
0xa56a17cc2ec2df4e553128fa91d582e9c18a1be2,0.059641743755561985,0.19989832,0,322.580645,2,1764831929,-0.030060118769108114,-0.03106212277612114,-0.030060118769108114,-0.030060118769108114,-0.04392847530608874,0.0,-0.030060118769108114,0.0,0.0,,-0.030060118769108114,0.0,-0.030060118769108114,,,-0.2349999883489597,0,0.07268341763133024,,-0.030060118769108114,0.3314086584241146,5.0,181997.0,181997.0,0.04148694393471398,10.939527323877067,-4204853.0,,0.42857142857142855,7.0
0x740b9a0b890c1bd48a644e6480cdc7a83874a145,0.05937323567108986,0.19878556,0,156.184672,6,1764828811,3.3469072213941767e-07,-1.1556780354534975e-06,3.3469072213941767e-07,3.3469072213941767e-07,-0.00020101616180114455,0.0,3.3469072213941767e-07,0.0,0.0,1.4479315196806706,0.00126602532280078,0.0,0.0025317159548794207,,,-0.24877228735021265,1,0.07268341763133024,-0.0028991891012216738,3.3469072213941767e-07,0.5510204314868822,6.4476,596.0,596.0,0.0001359572163626791,6.675236272727273,-4383136.0,,0.0,3.0
0x41435f3f4c3df183855325dce075b6caefc2eed3,0.05931519332014073,0.1985444,0,15.0,4,1764953617,0.0,0.0,0.0,0.0,0.0,0.0,0.0,0.0,1.0,-2.500000000000002,-0.0001252505008766281,0.0,-0.0002505010017532562,,,-0.008000000000000007,1,0.07268341763133024,-0.030402020605799822,0.0,1.0,2.75,396.0,396.0,8.783335085564323e-05,3.184880642857143,-4508142.0,,0.0,1.0
0xb8df0aa47873f196d61c67ca0f4f39378c2034cd,0.05931519332014073,0.1985444,0,13289.357576,22,1764854209,-5.433591782393524e-10,5.433591782394129e-10,-5.433591782393524e-10,-5.433591782393524e-10,7.378672467613642e-07,0.0,-5.433591782393524e-10,0.0,0.6243085994130934,-0.7146224497499667,-8.091253899458456e-05,0.0,-0.0001618245346299909,,,-0.008100000000000895,1,0.07268341763133024,-0.008300795961504268,-5.433591782393524e-10,1.0,1.549999,664.0,664.0,0.00015059660295795314,3.2101911498881437,-4408466.0,,0.0,1.0
0x25365f43c3d66d50518e9bffc002d15580de72cd,0.05931519332014073,0.1985444,0,1333.326666,5,1764933395,-5.00879261784536e-09,-1.5026377778402512e-08,-5.00879261784536e-09,-5.00879261784536e-09,-6.720823784885009e-06,0.0,-5.00879261784536e-09,0.0,0.0,-0.6666595049999764,-0.00012525479057120688,0.0,-0.00025050457234979595,,,-0.016100000000000912,1,0.07268341763133024,-0.025169731141797592,-5.00879261784536e-09,1.0,1.999999,58.0,58.0,1.2922441289784409e-05,1.777773,-4488258.0,,0.0,1.0
0xcedead74f3bbe2acb1e05c53cf239730e2d6ff90,0.05931519332014073,0.1985444,0,333.99999299999996,4,1764865197,-1.0016082214642415e-08,-1.5024123291915485e-08,-1.0016082214642415e-08,-1.0016082214642415e-08,-6.720319590742781e-06,0.0,-1.0016082214642415e-08,0.0,0.0,-0.6666595039999622,-0.0002505095794515096,0.0,-0.0005010091428208045,,,-0.015699987649600004,1,0.07268341763133024,-0.01383522574167597,-1.0016082214642415e-08,1.0,4.8218,2030.0,2030.0,0.0004592637572119115,3.8352059062499997,-4418088.0,,0.0,1.0
0x61a34ecbc91a0ec3133d9ed6e0cf08fdd729e457,0.05931519332014073,0.1985444,0,1442.8799999999999,4,1764870973,0.0,0.0,0.0,0.0,0.0,0.0,0.0,0.0,0.002,-1.4400000000000812,-0.00012525050087663507,0.0,-0.00025050100175327014,,,-0.008100000000000458,1,0.07268341763133024,-0.011847549841482423,0.0,1.0,2.16,170.0,170.0,3.841031890958076e-05,2.16,-4425724.0,0.0,0.0,1.0
0xfc43e7af3f9faea255b69e4ee2b9b1cc4752c853,0.05931519332014073,0.1985444,0,1666.333333,6,1764931841,5.989149968254198e-13,-0.0006019239888877346,5.989149968254198e-13,5.989149968254198e-13,-0.0011402657297580794,0.0,5.989149968254198e-13,0.0,0.7500000001875,4.950040208300696e-07,7.501319976720415e-11,0.0,1.4942748453758289e-10,,,-0.008049987898600175,1,0.07268341763133024,-0.02578843982294238,5.989149968254198e-13,1.0,1.0,166.0,166.0,3.699772798289724e-05,1.4951727329545454,-4486596.0,0.0,0.0,1.0
0x314cdb5483bb465c2f7bbfbf1410414ac95dbf0b,0.05931519332014073,0.1985444,0,456.049999,4,1764848915,-3.6834834289468543e-09,-1.1050450270589755e-08,-3.6834834289468543e-09,-3.6834834289468543e-09,-5.763487344977202e-06,0.0,-3.6834834289468543e-09,0.0,0.0,-0.45332950099999947,-0.00012525358605647538,0.0,-0.00025050348862952184,,,-0.015999990863675706,1,0.07268341763133024,-0.0077839323307536835,-3.6834834289468543e-09,1.0,2.132275,1534.0,1534.0,0.0003483326808718581,2.9295477525252527,-4402302.0,,0.0,1.0
0xc548faa3e20eef1a9d3306551a3974c85cfee66c,0.05931519332014073,0.1985444,0,2141.333333,6,1764843711,-0.0007248538033606277,-0.0010872807843484975,-0.0007248538033606277,-0.0007248538033606277,-0.0025567082865268435,0.0,-0.0007248538033606277,0.0,0.0,0.0,-0.0007248538033606277,0.0,-0.0007248538033606277,,,-0.016700001317490786,1,0.07268341763133024,-0.01880781032717298,-0.0007248538033606277,1.0,0.082,634.0,634.0,0.00014413572219726498,6.074779890109889,-4397998.0,,0.0,1.0
0xeab274585913d9697e7e6e9d65db9fcdd4aca113,0.05931519332014073,0.1985444,0,4000.0,4,1764852435,0.0,0.0,0.0,0.0,0.0,0.0,0.0,0.0,0.0,-4.0000000000000036,-0.0002505010017532562,0.0,-0.0005010020035065124,,,-0.02410000000000091,1,0.07268341763133024,-0.007944762639501196,0.0,1.0,0.999999,158.0,158.0,3.584915763555293e-05,2.4701840588235298,-4407198.0,,0.0,1.0
0x7a0c05b070f7c82ecf6691db8beba3e53c46ecee,0.05931519332014073,0.1985444,0,26195.6,9,1764870673,0.0,0.0,0.0,0.0,0.0,0.0,0.0,0.0,1.0,0.0,0.0,0.0,0.0,,,-0.008000000000000007,1,0.07268341763133024,-0.020402109720218917,0.0,1.0,3.375,866.0,866.0,0.00019567994714381843,13.6320249,-4424728.0,,0.0,1.0
0x61b699d89fef31d1b977ba51e17ee58078cca62f,0.05931519332014073,0.1985444,0,8809.11926,8,1764861563,0.0,0.0,0.0,0.0,0.0,0.0,0.0,0.0,1.0,1.698333333333314,0.00012775801841169416,0.0,0.0002555160368233883,,,-0.007999996395223863,1,0.07268341763133024,-0.015351443929419683,0.0,1.0,9.999999,44.0,44.0,9.962676192192704e-06,25.583955549356222,-4416440.0,,0.0,1.0
0x772bd2600c7ba6081b766d2ab9e0000becf1b917,0.05914514244991802,0.19783658,0,333.333333,3,1764858593,-0.0020040065230440985,-0.0030060105300571236,-0.0020040065230440985,-0.0020040065230440985,-0.005125961414733164,0.0,-0.0020040065230440985,0.0,0.0,,-0.0020040065230440985,0.0,-0.0020040065230440985,,,-0.01600000002997002,0,0.07268341763133024,,-0.0020040065230440985,0.5060607352512337,4.903499999999999,360089.0,360089.0,0.08158782321750876,21.174410533980584,-4053425.0,,0.375,8.0
0xaa2ebdffb852425057d82ead7a46daac658b1bba,0.058874742977183675,0.19670713,0,54.585142,2,1764780413,-0.9168336650952332,-0.9178356691022462,-0.9168336650952332,-0.9168336650952332,-1.298015651274181,0.0,-0.9168336650952332,0.0,0.0,,-0.9168336650952332,0.0,-0.9168336650952332,,,-1.0324239646220763,0,0.07268341763133024,,-0.9168336650952332,0.5089645091375432,49.999999,418.0,418.0,9.641702346347478e-05,43.25575741935484,-4334916.0,,0.0,2.0
0x1b2cfc256ea4775fe7e6f5242a0018f525b93cfb,0.0587691163099835,0.19626461,0,2504.98,4,1764821737,0.0,0.0,0.0,0.0,0.0,0.0,0.0,0.0,1.0,1.3850032232198828e-13,6.952799495953287e-18,0.0,1.3905598991906574e-17,,,0.2664000000000013,1,0.07268341763133024,-0.005108377986022616,0.0,0.3212314624398748,1.49447,10710.0,10710.0,0.002447072629389822,2.93104189033189,-4365948.0,,0.0,4.0
0x11ab9573a053352b7a122a046bbbd2254b4d71d8,0.05864517162908759,0.1957444,0,10438.1836,13,1764883291,0.0,1.978114468273585e-20,0.0,0.0,6.2961553721944964e-12,0.0,0.0,0.0,0.10685053849252182,-4.3216666666666415,-0.00014099177285569546,0.0,-0.0002819835457113909,,,-0.016100000000000014,1,0.07268341763133024,-0.03098678093681321,0.0,0.5985375623676327,3.0,14232.0,14232.0,0.0032066967508537223,21.65514458490566,-4423980.0,0.0,0.0,5.0
0xf4a40f59fe7c1b79578b5addbe77ba8319a9fa97,0.058601798775979326,0.19556211,0,29.999996,2,1764842027,0.001002062807017355,0.0020040668140303797,0.001002062807017355,0.001002062807017355,0.002834178468303602,-0.09170293988187969,0.001002062807017355,-0.0901969276668569,0.0,,0.001002062807017355,-0.002196927666856894,0.001002062807017355,-0.0885969276668569,-0.0901969276668569,,1,0.07268341763133024,-0.005615481466110423,0.001002062807017355,0.48185134403074403,4.999998,216475.0,216475.0,0.04923301344478034,12.29731206818182,-4180473.0,,0.17647058823529413,17.0
0x059b67e63e6045f8f2c7ded0c8d348b1191f702b,0.058415733129339904,0.19477868,0,13756.33732,8,1764883071,-3.616338633069802e-20,-7.232677266139604e-20,-3.616338633069802e-20,-3.616338633069802e-20,-1.7026064257019464e-11,0.0,-3.616338633069802e-20,0.0,0.0,-12.600000000000241,-0.0002505010017532608,0.0,-0.0005010020035065215,,,-0.024300000000000023,1,0.07268341763133024,-0.024360487345540312,-3.616338633069802e-20,1.0,20.7499995,52.0,52.0,1.1717010756215874e-05,27.37499975,-4437940.0,,0.0,1.0
0x67879ff32691e3239ea106bd9f476e88dda9b4dd,0.058415733129339904,0.19477868,0,323.406666,5,1764901625,-5.890411743590737e-08,-1.2021270656819654e-07,-5.890411743590737e-08,-5.890411743590737e-08,-2.6883470136067117e-05,0.0,-5.890411743590737e-08,0.0,0.0,-0.3266530066930637,-0.00036828734483785724,0.0,-0.0007365157855582786,,,-0.04019997618599987,1,0.07268341763133024,-0.01847384343275532,-5.890411743590737e-08,1.0,1.0,808.0,808.0,0.00018130633005919832,2.585593619047619,-4455738.0,,0.0,1.0
0x8e5e52ea8f1d3a8515ea2949832d59be828ac024,0.058415733129339904,0.19477868,0,1003.52998,5,1764854859,0.0,0.0,0.0,0.0,0.0,0.0,0.0,0.0,0.0,-2.1566733333333468,-0.00040518662284090286,0.0,-0.0008103732456818057,,,-0.03210000000000003,1,0.07268341763133024,-0.014150945397898003,0.0,1.0,3.382495,284.0,284.0,6.4402305783962e-05,3.382495,-4409496.0,,0.0,1.0
0x4640ceb87bbfc6f091f51cbe7eefbedb34ffe3ff,0.0583774988088428,0.1946174,0,4.99,1,1764865067,0.0010020040070130248,0.0020040080140260497,0.0010020040070130248,0.0010020040070130248,0.0020040080140260497,-0.09300300751753936,0.0010020040070130248,-0.09391203007015786,0.0,,0.0010020040070130248,-0.004012030070157851,0.0010020040070130248,0.0006030075175394512,-0.08889699248246055,,1,0.07268341763133024,-0.010504043885032215,0.0010020040070130248,0.5000011329165376,39.323949,7536.0,7536.0,0.0017049820044760303,46.16531912,-4412452.0,,0.0,2.0
0x99dfc271bc6883f4732e0eb84f059a7d22d67331,0.058195847857672144,0.19384983,0,18.05348,4,1764800177,0.8840428922794059,0.885044896286419,0.8840428922794059,0.8840428922794059,1.607665665656596,7.04672593976185,0.8840428922794059,6.747625939810359,0.0,,0.8840428922794059,6.75212593976185,0.8840428922794059,7.06645648494046,7.066156484988968,,1,0.07268341763133024,0.0032641338651342383,0.8840428922794059,0.04517455944790961,4.99838,,,,4.357255956521739,,,0.3783783783783784,37.0
0xa6e855a4ddc8ed626f57158e6131728192eea2de,0.05809461229100828,0.19342108,0,1.033031,2,1764832261,0.031062131977124485,0.03206413598413751,0.031062131977124485,0.031062131977124485,0.045345535974542446,-0.05880015344765062,0.031062131977124485,-0.05625016571182464,0.0,,0.031062131977124485,0.0418498358370156,0.031062131977124485,-0.05425016571182464,-0.05625016571182464,,1,0.07268341763133024,-0.003543359044965014,0.031062131977124485,0.026168912587431613,78.485,1717799.0,1717799.0,0.3915495185747936,199.50405822764225,-2669383.0,,0.6716417910447762,67.0
0x8973cf6d5daa37e784bb8ecdc544af26bb1c93c4,0.05772172078607765,0.19183575,0,1144.082,10,1764869747,9.781731173274376e-23,1.7621200346798759e-09,9.781731173274376e-23,9.781731173274376e-23,1.8791760617819537e-06,0.0,9.781731173274376e-23,0.0,0.9980039920159681,-0.0005680000000000635,-2.502210449327649e-07,0.0,-5.004420898655299e-07,,,-0.008000000000000007,1,0.07268341763133024,-0.012957236536402603,9.781731173274376e-23,0.5000000000582451,2.269728,1400.0,1400.0,0.0003164079203230615,2.8538579047619046,-4423268.0,0.0,0.0,2.0
0xac58ad5035129b19966956f58dd7562dcf12dff5,0.05766095932956171,0.19157651,0,98.766887,4,1764832473,2.943032507870796e-06,3.4880385180710335e-06,2.943032507870796e-06,2.943032507870796e-06,0.00033442624895152376,-0.029403279298509152,2.943032507870796e-06,-0.028653201038957514,0.0,0.8918100159965174,0.003384338737772496,0.020402134825425522,0.006765734443037121,-0.05425017442684746,-0.05625017442684746,,1,0.07268341763133024,-0.0035883406088891207,2.943032507870796e-06,0.6706028374174323,33.36481,1347828.0,1347828.0,0.3072046868824637,61.442871412500004,-3039566.0,0.0,0.875,8.0
0x99ac964f0e7a3f4ca4ad4f0dfc3457378708a576,0.05751804380823558,0.19096576,0,221.428518,4,1764830313,-3.005514593926071e-08,-3.3661763490750344e-08,-3.005514593926071e-08,-3.005514593926071e-08,-3.073138793086916e-05,0.0,-3.005514593926071e-08,0.0,0.0,-89.28549904000245,-0.0031312887865010673,0.0,-0.006262547517856195,,,-0.20270002078425878,1,0.07268341763133024,-0.004900868695844425,-3.005514593926071e-08,0.18040816605714288,100.152455,59902.0,59902.0,0.013659932400414665,169.22095705978262,-4325332.0,,0.0,15.0
0x36552c6fc3af1bb2e6bc7b648b45f3887278e7b8,0.05744948866677332,0.19067228,0,552.5028599999999,65,1764642432,0.0,-0.00017293484431251085,0.0,0.0,-0.0005111750557102312,0.9351174323196096,0.0,0.00924738560965662,0.32223297463479017,29.94254914685715,0.0695501625903789,0.014379617058907045,0.1391003251807578,1.6281901832282626,1.6261217611109025,0.0,3,0.07268341763133024,0.036734024436871134,0.0,0.0,1.139999,66656.0,66656.0,0.015880484676890412,3.0823465881307746,-4130697.0,0.0,,0.0
0x7015237eac73b76e8a116c9aa321bb39ff34e6a2,0.05735156328569187,0.1902525,0,8530.847534,8,1764833969,-8.746497967984307e-10,-5.2478998198750114e-09,-8.746497967984307e-10,-8.746497967984307e-10,-5.616983054817426e-06,0.0,-8.746497967984307e-10,0.0,0.0,-4.134111651000814,-0.00024000490855084642,0.0,-0.00048000894245189607,,,-0.09869997302620045,1,0.07268341763133024,-0.01729838180945555,-8.746497967984307e-10,0.29321033948030656,5.2049995,2264.0,2264.0,0.0005158479706713999,13.410216,-4386626.0,,0.0,5.0
0xe2131643590d6f686f1092460ccd4c76bafb4519,0.057332949117087695,0.19017263,0,99.999996,2,1764837805,0.0020040210010003694,0.0030060250080133936,0.0020040210010003694,0.0020040210010003694,0.004251161335165234,-0.09210450263820581,0.0020040210010003694,-0.08899095177665418,0.0,,0.0020040210010003694,-0.00039095177665418373,0.0020040210010003694,-0.08660228917339714,-0.08899095177665407,,1,0.07268341763133024,-0.0047196693770180705,0.0020040210010003694,0.410871762276864,4.083289000000001,654852.0,654852.0,0.1490764504774484,5.936627977272727,-3737874.0,,0.14285714285714285,14.0
0x6125ecdb041e6c054a32351c056dff7680f3fb3a,0.05716454444894254,0.18944892,0,5072.407193,4,1764838777,4.0718051794275513e-19,2.0697268953050584e-09,4.0718051794275513e-19,4.0718051794275513e-19,2.4943183294797953e-06,-0.045600031396603145,4.0718051794275513e-19,-0.04494777248037254,0.0,9.999017214212814e-10,7.392252052392855e-14,-0.0018477428047662646,1.4784463386733916e-13,-0.08799096594299728,-0.08889096613082134,,1,0.07268341763133024,-0.004925905604066334,4.0718051794275513e-19,0.042495827931209346,56.779999,425046.0,425046.0,0.0967399215876922,201.96542597472924,-3968652.0,,0.5344827586206896,58.0
0x7dd1df1fdb71f6a526a84b6bf5a8708653b84397,0.05710218580605322,0.18918043,0,1.0309,2,1764830615,0.029058116203377664,0.03006012021039069,0.029058116203377664,0.029058116203377664,0.042511429688100094,-0.06118499242217397,0.029058116203377664,-0.05969103853222548,0.0,,0.029058116203377664,0.03800896146777453,0.029058116203377664,-0.05724428990837638,-0.05864428990837639,,1,0.07268341763133024,-0.003194115392988223,0.029058116203377664,0.024287917728257117,51.5075,2068053.0,2068053.0,0.4715621990105656,145.44333042380953,-2317483.0,,0.6103896103896104,77.0
0x2ccb0375f646548269f54a604fa749ee95c1b082,0.05709382565383943,0.18914442,0,31.781856,5,1764830683,-4.131263757644355e-06,-4.264530575119747e-06,-4.131263757644355e-06,-4.131263757644355e-06,-0.00036978130293552526,0.0,-4.131263757644355e-06,0.0,0.0,-0.9680190484800832,-0.003827175889365227,0.0,-0.007650220514972809,,,-0.2312717537744949,1,0.07268341763133024,-0.012242199411759963,-4.131263757644355e-06,0.19042585624023833,0.999999,46158.0,46158.0,0.010524890072154257,1.4641624778156999,-4339446.0,,0.6666666666666666,6.0
0x6d1b4892537f4b07647fc2f9765baf3c8941e205,0.057071130717687754,0.18904662,0,666.663333,4,1764947095,-1.0016067190519609e-08,-1.502410826779268e-08,-1.0016067190519609e-08,-1.0016067190519609e-08,-6.720312870423408e-06,0.0,-1.0016067190519609e-08,0.0,0.0,-0.6666595040099582,-0.00025050957944024155,0.0,-0.0005010091428132925,,,-0.015399987649599118,1,0.07268341763133024,-0.03543189303214357,-1.0016067190519609e-08,0.3333333333333333,0.9999994999999999,868.0,868.0,0.00019280251336290232,0.8387718999999999,-4501148.0,,0.0,3.0
0x729730166cce311d8898d637a5b0a796f3e22108,0.05700701314024493,0.18877013,0,11980.0,3,1764981231,0.00033400133567100824,0.0006680026713420166,0.00033400133567100824,0.00033400133567100824,0.001157014566356107,0.00046867167835963413,0.00033400133567100824,-0.057931334985641514,0.0,4.0000000000000036,0.00041750166958876033,0.0006020050116929007,0.0005010020035065124,0.0010030075175394627,-0.08689700247846216,,1,0.07268341763133024,-0.03515139478918287,0.00033400133567100824,0.29677924225269076,55.5864,1988563.0,1988563.0,0.43838103308707466,482.03536898829043,-2547589.0,0.0,0.7692307692307693,13.0
0x89b4ec401198c19b3ac16d467073ff69ac24ed46,0.05698056343226666,0.18865599,0,196.90222,6,1764827567,-0.018943461493402,-0.019945465500415024,-0.018943461493402,-0.018943461493402,-0.034011120450905076,0.0,-0.018943461493402,0.0,0.0,,-0.018943461493402,0.0,-0.018943461493402,,,-0.018699999999999203,0,0.07268341763133024,,-0.018943461493402,0.5265649734360776,57.688441999999995,999032.0,999032.0,0.22796000810498512,166.4222285483871,-3383456.0,,0.42857142857142855,7.0
0x72d9126e2ab948b617401aa8a04ced79599e8541,0.05676968324853317,0.18774416,0,590.608214,5,1764828513,-1.3975067159696253e-07,-1.5327493085207418e-07,-1.3975067159696253e-07,-1.3975067159696253e-07,-7.226196077493474e-05,0.0,-1.3975067159696253e-07,0.0,0.0,-12.542239692005785,-0.004006008379909049,0.0,-0.008011877009146502,,,-0.26309999348118007,1,0.07268341763133024,-0.014673749989921584,-1.3975067159696253e-07,1.0,16.66894,7608.0,7608.0,0.001735625539246171,13.213506999999998,-4375826.0,,0.0,1.0
0xf46b7f77699f3af195e0ebef831e611a635cee13,0.056597526663242206,0.1869974,0,55.66,4,1764830553,0.0,-1.4739420861217954e-19,0.0,0.0,-3.215318201172978e-11,0.0,0.0,0.0,0.0,-17.010000000000016,-0.0007876196007066336,0.0,-0.0015752392014132671,,,-0.10305000971853057,1,0.07268341763133024,-0.029590655037659327,0.0,0.45915022158617447,12.043888500000001,108316.0,108316.0,0.024698812488684233,132.22186382692306,-4277158.0,,0.3333333333333333,6.0
0x8e1aeb79cfb8a076c3d773f16acbe05c7e7837cf,0.05638194261095827,0.18605925,0,200.0,2,1764885753,-0.004008016028052099,-0.005010020035065124,-0.004008016028052099,-0.004008016028052099,-0.007085238281350027,0.0,-0.004008016028052099,0.0,0.0,,-0.004008016028052099,0.0,-0.004008016028052099,,,-0.03230000000000003,0,0.07268341763133024,,-0.004008016028052099,0.346936362495228,5.0,198901.0,198901.0,0.04479072321003524,14.242730713793105,-4241773.0,,0.3888888888888889,18.0
0xc22d27cf6d33f82ab8e6d9dfe6abbaf07282ae15,0.05638127266470209,0.18605633,0,1.999996,2,1764830581,0.026052888042994826,0.027054892050007853,0.026052888042994826,0.026052888042994826,0.038261395265661136,-0.06473557289518081,0.026052888042994826,-0.06325129329073276,0.0,,0.026052888042994826,0.03384886316785438,0.026052888042994826,-0.06080938075476647,-0.06220938075476648,,1,0.07268341763133024,-0.0031869013685853,0.026052888042994826,0.018959927793179784,85.175,2071283.0,2071283.0,0.4723023726816223,147.25489796568627,-2314219.0,,0.6413043478260869,92.0
0x2a329fd5d326351757da783734748c2620f68269,0.05638127266470209,0.18605633,0,1.999996,2,1764830601,0.027054556206073138,0.028056560213086165,0.027054556206073138,0.027054556206073138,0.03967796796688383,-0.06355545672537347,0.027054556206073138,-0.062067960890061606,0.0,,0.027054556206073138,0.03523212853407612,0.027054556206073138,-0.05962444058935566,-0.06102444058935566,,1,0.07268341763133024,-0.0031911449123517253,0.027054556206073138,0.024280393129403725,85.0,2068599.0,2068599.0,0.47168820496168984,155.05075776142132,-2316923.0,,0.654320987654321,81.0
0xb043bd0e1c90bb228e0756d5ae08c09802254918,0.056211839324916114,0.18531664,0,87.708196,4,1764682580,-0.9112764569952071,-0.9122784610022201,-0.9112764569952071,-0.9112764569952071,-1.7537651211841294,0.0,-0.9112764569952071,0.0,0.0,,-0.9112764569952071,0.0,-0.9112764569952071,,,-1.0114278787866824,0,0.07268341763133024,,-0.9112764569952071,0.4400000057600001,49.999999,6760.0,6760.0,0.0015952798595209772,74.999999,-4230741.0,,0.0,3.0
0xc0bccf37ff7ce3f0cd88457cc1707b082132ae28,0.05619759385154052,0.18525435,0,10.02,2,1764941339,0.0010020040070130248,0.0020040080140260497,0.0010020040070130248,0.0010020040070130248,0.002834095312540011,-0.0903969924824603,0.0010020040070130248,-0.09180300751753946,0.0,,0.0010020040070130248,-0.0010030167191004647,0.0010020040070130248,0.0010030075175394627,-0.08979699248246055,,1,0.07268341763133024,-0.02668722239267123,0.0010020040070130248,0.33673466035074884,8.999971,112024.0,112024.0,0.024914929296793335,9.092515666666666,-4384236.0,0.0,0.0,3.0
0x38cea554ef8974b29a273eb150bff1fa6a3a999f,0.056157394270638476,0.1850785,0,5000.0,2,1765132125,0.0,-0.0010020040070130248,0.0,0.0,-0.0014170476562700056,0.0,0.0,0.0,1.0,,0.0,0.0,0.0,,,0.0,0,0.07268341763133024,,0.0,1.0,41.67,34650.0,34650.0,0.007392716009187877,136.2271839550173,-4652396.0,,0.0,1.0
0xb0fcd72f47a2f998ae2c25def0aa0cb905a0727a,0.05590350459288461,0.18396515,0,171.931498,13,1764446255,8.369978018263808e-08,7.487325790883273e-06,8.369978018263808e-08,8.369978018263808e-08,0.002717037570069389,-0.10648264993537623,8.369978018263808e-08,-0.08326053806470458,0.0,-5.905402547999997,-0.003331368467532494,-0.08351053996316778,-0.006662820634845171,0.23031974113685488,0.23091974113685484,,1,0.07268341763133024,0.07835830871017063,8.369978018263808e-08,0.3762892446287694,2.2115995,261128.0,261128.0,0.06526281273305648,2.5554756,-3740048.0,,0.0,3.0
0xcb0eba5c3e43f87ca1fba60ce2eb5e7adafa380e,0.055878766888775494,0.18385641,0,1506.0,4,1764859491,0.0,0.0,0.0,0.0,0.0,0.0,0.0,0.0,1.0,0.0,0.0,0.0,0.0,,,-0.008000000000000007,1,0.07268341763133024,-0.015769857344789202,0.0,0.2737424995902068,3.0,169257.0,169257.0,0.03834191280741354,7.802022769230769,-4245155.0,0.0,0.16666666666666666,6.0
0xecf3891a3e8c8a1ade362982c089080e95fc4c15,0.055500380265983744,0.18218756,0,4348.538318,59,1764693570,1.2132562973121631e-09,2.4265125946243262e-09,1.2132562973121631e-09,1.2132562973121631e-09,2.2051645484548976e-06,0.7558209559603125,1.2132562973121631e-09,0.0017434667265674186,0.0,24.047668938303023,0.030020191116280338,0.0021628874558477585,0.060040381019304374,7.3425668239135105,7.3389468345671105,-0.027550000518768186,4,0.07268341763133024,0.025883707380498625,1.2132562973121631e-09,0.1344277559302421,1.1,23674.0,23674.0,0.005572331446624225,6.996207680019075,-4224817.0,0.0,0.2631578947368421,19.0
0xc4a57f1d2b0e8c9c1d76dbdf2bb87545f34e7ec2,0.05541212552390721,0.18179677,0,1840.0,6,1764885927,-0.0014431035970567906,-0.0024451076040698156,-0.0014431035970567906,-0.0014431035970567906,-0.007102285503298952,0.0,-0.0014431035970567906,0.0,0.657608695652174,,-0.0014431035970567906,0.0,-0.0014431035970567906,,,-0.02420000000000091,0,0.07268341763133024,,-0.0014431035970567906,0.5119604249081968,17.999999000000003,851946.0,851946.0,0.1918430894279651,24.849350416666667,-3588902.0,,0.375,8.0
0x03ec06829ae630ad9e6cb4ab7a8fed1ed3dc5d2e,0.05532638694177239,0.18141657,0,3413.447286,17,1764818777,9.106738267399338e-07,1.2142317689865784e-06,9.106738267399338e-07,9.106738267399338e-07,6.976145348162021e-05,0.0,9.106738267399338e-07,0.0,0.0,-16.366088035199994,-0.0030008720112747584,0.0,-0.006002654696376257,,,-0.29389989167549607,1,0.07268341763133024,-0.0008529522970514584,9.106738267399338e-07,0.3988957008455497,9.999999,89220.0,89220.0,0.020399213663129006,50.20385829921259,-4284478.0,,0.0,11.0
0x9b7c7757e14b2bd7e7d56da529d37207af2d6273,0.05530199706439971,0.18130831,0,160.0,4,1764829705,0.0,0.0,0.0,0.0,0.0,0.0,0.0,0.0,0.0,-1.8400000000000016,-0.0028807615201624464,0.0,-0.005761523040324893,,,-0.1780999999040005,1,0.07268341763133024,-0.007996958227828227,0.0,1.0,3.999999,8212.0,8212.0,0.0018729077462935266,6.163261394736843,-4376414.0,,0.0,1.0
0xecf250beb09b50ea542d8038c0d2e4903aa2c3b7,0.05507679738358512,0.18030661,0,1742.895,8,1764843207,0.0,0.0,0.0,0.0,0.0,0.0,0.0,0.0,0.0,-1.361250000000001,-0.00019682221566327273,0.0,-0.00039364443132654546,,,-0.024300000000000023,1,0.07268341763133024,-0.018957183067751147,0.0,0.32485994045098127,9.9,119476.0,119476.0,0.0271651939188673,13.105130525252527,-4278652.0,,0.2,5.0
0x5589f1201ea67104c26e1b0126c737bb54cdd13b,0.05484876113156807,0.17928836,0,186666.663332,8,1764835159,-5.362510822774434e-11,-1.072502164554887e-10,-5.362510822774434e-11,-5.362510822774434e-11,-8.029887171364761e-07,0.0,-5.362510822774434e-11,0.0,0.0,-186.66665934666653,-0.00037575154823672307,0.0,-0.000751503042848338,,,-0.02640871027853776,1,0.07268341763133024,-0.004304226442285047,-5.362510822774434e-11,0.18124427500042983,99.999999,209109.0,209109.0,0.04763216160069976,214.8060177480315,-4180971.0,,0.3333333333333333,9.0
0x2bd5150a3da6f35d57e9c03d90adab3fd0bb7aa7,0.05467812029934922,0.17852378,0,500.0,4,1764846629,0.0,0.0,0.0,0.0,0.0,0.0,0.0,0.0,0.0,-0.5000000000000004,-0.0002505010017532562,0.0,-0.0005010020035065124,,,-0.02400000000000091,1,0.07268341763133024,-0.007520832617235323,0.0,0.500000000000125,0.999999,93562.0,93562.0,0.021256602787654347,0.8713597999999999,-4307988.0,,0.0,2.0
0x5a21061199b7f5b54ac78c033324b2a2e860042d,0.0543968975941271,0.1772588,0,36.339996,2,1764855903,0.0010020138033815856,0.0020040178103946102,0.0010020138033815856,0.0010020138033815856,0.0028341091666972914,-0.09179998921614262,0.0010020138033815856,-0.09310599924342321,0.0,,0.0010020138033815856,-0.0021060042806990233,0.0010020138033815856,-0.0007969816838642946,-0.09009697664658847,,1,0.07268341763133024,-0.008559652131256203,0.0010020138033815856,0.27775323205043645,3.0,579296.0,579296.0,0.13133509747838498,4.932088764705883,-3831528.0,,0.16666666666666666,6.0
0x93d590b26ee663d7dec0b3944a12bfe335840a45,0.0543795471820799,0.17718056,0,40.0,2,1764982105,0.0,0.0,0.0,0.0,0.0,0.0,0.0,0.0,1.0,0.0,0.0,0.0,0.0,,,0.00030014760427486963,1,0.07268341763133024,-0.04996475736901984,0.0,0.6682050885163265,1.2036965,414205.0,414205.0,0.09129438535287213,97.6557622309859,-4122821.0,,0.0,4.0
0x7be8348ba437e878a75b80ee3e7aafb36460876b,0.05435266781817573,0.1770593,0,8882.663333,8,1764834641,-1.1275932481817123e-09,-2.255186592626077e-09,-1.1275932481817123e-09,-1.1275932481817123e-09,-3.6821509251396692e-06,0.0,-1.1275932481817123e-09,0.0,0.0,-23.915989508000987,-0.0006744586754879168,0.0,-0.0013489162233825853,,,-0.17902394366197177,1,0.07268341763133024,-0.004673414749964036,-1.1275932481817123e-09,0.48885159309298837,13.326994500000001,72574.0,72574.0,0.016533312435272587,29.229311866666666,-4316988.0,,0.0,3.0
0x8dfc93801df2502bee21bc9555998c4078b63b32,0.054330587099094774,0.17695963,0,450.0,4,1764935673,-0.00011133377855700275,-0.00044533511422801105,-0.00011133377855700275,-0.00011133377855700275,-0.001336005342684033,0.0,-0.00011133377855700275,0.0,0.0,-0.20000000000000018,-0.00022266755711400552,0.0,-0.0003340013356710083,,,-0.024100000299700018,1,0.07268341763133024,-0.025578808760880978,-0.00011133377855700275,0.23469395626964096,0.999999,3890.0,3890.0,0.0008662551101257429,1.0396047222222222,-4486704.0,,0.0,5.0
0xb6595cc9e73117fba36a2b688bc3186d210fc375,0.0542288439077351,0.17649993,0,4545.454544,4,1764833837,-0.021042083933886787,-0.022044087940899813,-0.021042083933886787,-0.021042083933886787,-0.038465756765845335,0.0,-0.021042083933886787,0.0,0.0,,-0.021042083933886787,0.0,-0.021042083933886787,,,-0.1606999991375122,0,0.07268341763133024,,-0.021042083933886787,0.4616050231396984,63.0,396560.0,396560.0,0.09035813776927322,180.82508947933886,-3992198.0,,0.0,12.0
0x8e36870341ae2b372109744fa369a39c83aa3410,0.05409325968394953,0.17588606,0,2519.569988,12,1764854107,4.33209624557924e-22,7.804010814929525e-09,4.33209624557924e-22,4.33209624557924e-22,3.954655511503464e-06,0.0,4.33209624557924e-22,0.0,0.0,-0.4949999016000139,-0.00024752566802441255,0.0,-0.0004950513360488251,,,-0.0239999999999991,1,0.07268341763133024,-0.008300795961504268,4.33209624557924e-22,0.363121497198026,8.068946500000001,10934.0,10934.0,0.0024799116721417962,15.932874291666668,-4398094.0,0.0,0.0,3.0
0x957a68b12c4d8c32426ff92d9b530abdc780977e,0.05394554723572866,0.17521563,0,1.057074,2,1764766499,-0.946893782835694,-0.9478957868427071,-0.946893782835694,-0.946893782835694,-1.3405270774692726,0.0,-0.946893782835694,0.0,0.0,,-0.946893782835694,0.0,-0.946893782835694,,,-1.027384653752211,0,0.07268341763133024,,-0.946893782835694,0.32944794898783214,3.999996,856732.0,856732.0,0.1982524262858042,345.8368470645162,-3464688.0,,0.5384615384615384,13.0
0x0770c47140672f53055f6e866adbf815a0e1df24,0.05385385557718183,0.1747986,0,6235.865452999999,7,1764897083,-1.540928513142138e-09,-2.311392813807455e-09,-1.540928513142138e-09,-1.540928513142138e-09,-3.7277538326860776e-06,0.0,-1.540928513142138e-09,0.0,0.0,-5.290175803200403,-0.0003822692855573801,0.0,-0.0007645370301862471,,,-0.04009999908033899,1,0.07268341763133024,-0.018184858102261767,-1.540928513142138e-09,0.477507682045881,4.9999994999999995,66872.0,66872.0,0.01502065137407783,11.564831367021275,-4385132.0,,0.0,3.0
0xf35cf7d13156d5cbd56eeb8411d2c9948f4338b6,0.05382853665414392,0.17468332,0,337.547,19,1764763273,-0.0009112010582136608,-0.0009618233392255309,-0.0009112010582136608,-0.0009112010582136608,-0.004279166502826218,1.2931986982435666,-0.0009112010582136608,0.016959963458766693,0.0,-6.713659230769228,-0.02527800932301156,0.017620743382557834,-0.04964481758780946,7.218150000467422,7.21550000417399,-0.01870000000000012,2,0.07268341763133024,0.011094320822941955,-0.0009112010582136608,0.14232102257167956,6.0009999999999994,234239.0,234239.0,0.0542446680255681,23.29580066304348,-4083955.0,,0.625,16.0
0xf5b217ae417cc57c64ba5f3b001c9e8223fb879b,0.053449304466412204,0.17295055,0,29.203356,5,1764800177,0.11039867739577916,0.1105407606356708,0.11039867739577916,0.11039867739577916,0.2935524787905445,0.0,0.11039867739577916,0.0,0.0,-0.8922957080000001,0.09771398380742753,0.0,0.0850292902190759,,,-1.0536225578043008,1,0.07268341763133024,-0.0004311440466687969,0.11039867739577916,0.01738182475390165,4.589999,2008765.0,2008765.0,0.461244500123763,6.683969945723119,-2346333.0,0.0,0.5396825396825397,189.0
0x019893f83b94f990380ecaa1c374ef523e44ba17,0.053401901066666826,0.17273314,0,502.0,4,1764857973,0.0,0.0,0.0,0.0,0.0,0.0,0.0,0.0,1.0,0.0,0.0,0.0,0.0,,,-0.00800000079840002,1,0.07268341763133024,-0.026771244559246447,0.0,0.25000000000004685,2.999998,24606.0,24606.0,0.0055759327099178,3.7705407633333334,-4388288.0,,0.0,4.0
0x043252388a82aad1445bfb6ed9aaf35b1a8ee771,0.05329606429186939,0.17224708,0,10000.0,3,1765122045,0.0,-0.0010020040070130246,0.0,0.0,-0.001653679791630915,0.0,0.0,0.0,1.0,,0.0,0.0,0.0,,,0.0,0,0.07268341763133024,,0.0,0.5306124416910372,1.0,678.0,678.0,0.00014496577482068503,1.4285711428571428,-4676288.0,,0.0,5.0
0xcea052d8173778b732765197df9940e07fac29c5,0.05320178659713652,0.17181334,0,4235.597869,13,1764832543,3.873111521525322e-10,1.5492427683780325e-09,3.873111521525322e-10,3.873111521525322e-10,2.4918652262037805e-06,-0.0015830574557799044,3.873111521525322e-10,-0.001570802123505778,0.0,-5.585464609601052,-0.0008289808002082673,-5.102717895257632e-06,-0.0016579619877276866,-0.08498190781920603,-0.08848190781920603,-0.026900000000000025,1,0.07268341763133024,-0.004304226442285047,3.873111521525322e-10,0.1738434938883204,9.999999,752166.0,752166.0,0.17143525280207428,30.930938130434775,-3635298.0,,0.42857142857142855,35.0
0x9df2c97a4c8232ca81c62f83e3ac6198ab81a79a,0.05316918173210598,0.17166317,0,1127.296482,17,1764824945,-1.163493682434022e-08,-2.7148193439296848e-08,-1.163493682434022e-08,-1.163493682434022e-08,-1.3799208337008835e-05,0.0,-1.163493682434022e-08,0.0,0.0,-3.1098109925055604,-0.0007888163430920456,0.0,-0.0015776210512472668,,,0.14309999983889987,1,0.07268341763133024,-0.0043156840104543945,-1.163493682434022e-08,0.37673633445539045,5.369244500000001,922664.0,922664.0,0.21066032613783162,14.683704113207547,-3457202.0,,0.14285714285714285,7.0
0xc97fd2420d1a0364d05a291dfc5c47bd95b2a8b6,0.05312970134534351,0.1714812,0,16666.666666,2,1764950517,-0.0020040079842665107,-0.0030060119912795353,-0.0020040079842665107,-0.0020040079842665107,-0.004251142926723673,0.0,-0.0020040079842665107,0.0,0.0,,-0.0020040079842665107,0.0,-0.0020040079842665107,,,-0.01609999975942985,0,0.07268341763133024,,-0.0020040079842665107,0.23654806846344367,10.36406,352997.0,352997.0,0.07834909724648302,38.432669786821705,-4152441.0,,0.3870967741935484,31.0
0xbbef6f4f7bf58b143412f385eafc2938c6ff7de2,0.0530142483201707,0.17094837,0,13079.88694,5,1764690060,-0.9188668417655833,-0.9198688457725962,-0.9188668417655833,-0.9188668417655833,-1.913962858399047,0.0,-0.9188668417655833,0.0,0.0,,-0.9188668417655833,0.0,-0.9188668417655833,,,-1.0387224723325008,0,0.07268341763133024,,-0.9188668417655833,0.26954491714623935,50.0075,604895.0,604895.0,0.1424965152965349,276.6951494076433,-3640086.0,,0.35294117647058826,17.0
0x51a15d76e6b5cd7e0b21fa1f3d1995439a5da78f,0.05250789405516963,0.16859844,0,46345.473202,19,1764894555,0.005010019843856226,0.006012023850869252,0.005010019843856226,0.005010019843856226,0.019123405094762163,-0.08783973994657367,0.005010019843856226,-0.08759316115186155,0.0,,0.005010019843856226,0.004510391122326582,0.005010019843856226,0.006245338053622297,-0.08578537937204343,,1,0.07268341763133024,-0.01676072481424948,0.005010019843856226,0.03281311561163295,232.9824,3163912.0,3163912.0,0.711075191775391,2772.445055728921,-1285564.0,,0.8809523809523809,84.0
0x0342366fdd0239068c50906d9cb914b91b108c5e,0.052443314794625294,0.1682972,0,500.5,3,1764821933,0.0006680026713420165,0.0010020040070130246,0.0006680026713420165,0.0006680026713420165,0.0017355218495341605,-0.030199998955189506,0.0006680026713420165,-0.030065161021912503,1.0,1.0000000000000009,0.0008350033391775207,-0.000398494355245835,0.0010020040070130248,-0.08739096613147501,-0.08919096613147501,0.27740000000000087,1,0.07268341763133024,-0.006028802628960234,0.0006680026713420165,0.15623733509770094,1.12995,97900.0,97900.0,0.022367664080181794,2.2618518890339425,-4278954.0,0.0,0.375,8.0
0xd38a3388e02a8f48d03b6beb632b2f941800d89b,0.05243234927486493,0.16824602,0,1681.7,5,1764954627,0.0,0.0,0.0,0.0,0.0,0.0,0.0,0.0,1.0,-9.298117831235686e-14,-6.952799495953287e-18,0.0,-1.3905598991906574e-17,,,-0.00769999999640002,1,0.07268341763133024,-0.034484734063477476,0.0,0.2825617615825675,2.548,459861.0,459861.0,0.10197496511845533,2.303781142857143,-4049687.0,,0.25,4.0
0x575b1a666cc69e051f24a8a0551f3280922414f0,0.051984829368571676,0.16614838,0,1098.145,4,1764825659,0.014045184371806517,0.015047188378819541,0.014045184371806517,0.014045184371806517,0.027291360329253486,-0.08242009878328783,0.014045184371806517,-0.08015123069278159,0.0,,0.014045184371806517,-0.07775123063908157,0.014045184371806517,-0.07538595226310069,-0.07578595175593403,,1,0.07268341763133024,-0.0021425652476680665,0.014045184371806517,0.3110206006982704,16.1874,1412636.0,1412636.0,0.3224769322783741,70.69614685748219,-2967944.0,,0.6666666666666666,6.0
0x208544634c38405b5f39b8080722302adfe2b49d,0.05193118800873312,0.1658958,0,500.0,2,1764985345,-0.0010020040070130248,-0.0020040080140260497,-0.0010020040070130248,-0.0010020040070130248,-0.0028340953125400112,0.0,-0.0010020040070130248,0.0,1.0,,-0.0010020040070130248,0.0,-0.0010020040070130248,,,-0.008100000000000007,0,0.07268341763133024,,-0.0010020040070130248,0.7083333124999988,1.0,2104.0,2104.0,0.0004634089720734424,4.3833840967741935,-4538162.0,,0.0,3.0
0xa9cddbe8b37bdb182ebafd69122761c85b45ddf7,0.05185604848404778,0.16554159,0,2263.5,4,1764836365,0.0,0.0,0.0,0.0,0.0,0.0,0.0,0.0,0.0,-2.2500000000000018,-0.0001252505008766281,0.0,-0.0002505010017532562,,,-0.019204721568289628,1,0.07268341763133024,-0.004915296744650271,0.0,0.9684323967901283,9.15,747846.0,747846.0,0.17030227591643995,49.68706203582089,-3643440.0,,0.3333333333333333,3.0
0x9fbbf965679f7065b9ce9a6b9054cf725a000fa6,0.05178924873510712,0.16522628,0,1.759823,2,1764833115,0.033066142480228725,0.03406814648724175,0.033066142480228725,0.033066142480228725,0.04817963480717059,-0.05735553779777521,0.033066142480228725,-0.05489576706608223,0.0,,0.033066142480228725,0.04330423497957805,0.033066142480228725,-0.05274251015551789,-0.05384251015551789,,1,0.07268341763133024,-0.0037245583637913688,0.033066142480228725,0.9969493027150615,1.7499894999999999,,,,696.0394626249999,,,0.6923076923076923,13.0
0xfbfb0883a151234e76a5a5ea72ffc5f47e9df563,0.0517252088612876,0.16492364,0,258781.985478,106,1764820837,0.003132928250047479,0.003660856882531967,0.003132928250047479,0.003132928250047479,0.05480798412164919,-0.03303164161092189,0.003132928250047479,-0.03196417933876993,0.0,-26.54638833333344,0.0029822883441967428,-0.02104081254595183,0.002831648438346007,-0.02564172236457342,-0.026039410277623746,,3,0.07268341763133024,-0.001119446845582959,0.003132928250047479,0.0,99.9,406690.0,406690.0,0.0929416114876554,1263.633604015324,-3969068.0,0.0,,0.0
0xd9d878a5ddc77da073ebec8c8fe166c7314a6698,0.05169026921652234,0.16475837,0,15.030000000000001,2,1764877497,0.0010020040070129691,0.0020040080140259937,0.0010020040070129691,0.0010020040070129691,0.0028340953125399323,-0.0933030134834493,0.0010020040070129691,-0.09180300751753953,0.0,,0.0010020040070129691,-0.0010030075175395238,0.0010020040070129691,0.0010030099127394285,-0.08979699248246062,,1,0.07268341763133024,-0.013141406335865457,0.0010020040070129691,0.3112942684700971,10.0,767138.0,767138.0,0.17307438062023933,13.68914589189189,-3665280.0,,0.25,4.0
0x0b9cc11a302aa91a549c2797f914f05808dd12bf,0.051535086333300804,0.16402306,0,27.944,2,1764934065,0.0010020040070130248,0.0020040080140260497,0.0010020040070130248,0.0010020040070130248,0.0028340953125400112,-0.08759699248246056,0.0010020040070130248,-0.09110000000000003,0.0,,0.0010020040070130248,-0.00010000000000000011,0.0010020040070130248,0.0006030075171031002,-0.09009699248246056,,1,0.07268341763133024,-0.0251438455248224,0.0010020040070130248,0.12142148715906623,47.326139999999995,514178.0,514178.0,0.11454212599460101,123.22029768333333,-3974808.0,,0.5555555555555556,9.0
0x3c386ab64c19a0fb06bf1e2981d43c6fd092ebbc,0.05152865847125762,0.16399255,0,333.333333,2,1764913011,-0.0020040065230440864,-0.0030060105300571114,-0.0020040065230440864,-0.0020040065230440864,-0.004251140860243102,0.0,-0.0020040065230440864,0.0,0.0,,-0.0020040065230440864,0.0,-0.0020040065230440864,,,-0.015699987649600004,0,0.07268341763133024,,-0.0020040065230440864,0.5555555555555556,1.0,460.0,460.0,0.00010295590890819287,0.9999995714285713,-4467472.0,,0.0,2.0
0x0922157b453185f9ccfe45f3cc2a9312bc958457,0.05152865847125762,0.16399255,0,333.333333,2,1764851599,-0.0020040065230440864,-0.0030060105300571114,-0.0020040065230440864,-0.0020040065230440864,-0.004251140860243102,0.0,-0.0020040065230440864,0.0,0.0,,-0.0020040065230440864,0.0,-0.0020040065230440864,,,-0.016099987947200894,0,0.07268341763133024,,-0.0020040065230440864,0.805309206007943,8.0,468.0,468.0,0.00010620625799950982,9.62142857142857,-4406052.0,,0.0,2.0
0x862d0b0ccedfbcefb97e53d0751fbc0999006133,0.05152865847125762,0.16399255,0,500.0,2,1764858223,-0.0010020040070130248,-0.0020040080140260497,-0.0010020040070130248,-0.0010020040070130248,-0.0028340953125400112,0.0,-0.0010020040070130248,0.0,1.0,,-0.0010020040070130248,0.0,-0.0010020040070130248,,,-0.00800000079840002,0,0.07268341763133024,,-0.0010020040070130248,0.5555555555555556,1.7916995,302.0,302.0,6.843193877199566e-05,2.496779333333334,-4412842.0,0.0,0.0,2.0
0x1b18c7b908878f4839b5a28e75f3fb03243ee89f,0.05152865847125762,0.16399255,0,1005.0,2,1764864111,-0.0010020040070130248,-0.0020040080140260497,-0.0010020040070130248,-0.0010020040070130248,-0.002834095312540011,0.0,-0.0010020040070130248,0.0,1.0,,-0.0010020040070130248,0.0,-0.0010020040070130248,,,-0.007400000000001783,0,0.07268341763133024,,-0.0010020040070130248,0.8622419795704173,1.78,390.0,390.0,8.82546222792684e-05,6.16,-4418642.0,,0.0,2.0
0x9a7cf088e6c856735c9473ae6166bd2552f0b695,0.05152865847125762,0.16399255,0,2500.0,2,1764867827,-0.0010020040070130248,-0.0020040080140260497,-0.0010020040070130248,-0.0010020040070130248,-0.002834095312540011,0.0,-0.0010020040070130248,0.0,1.0,,-0.0010020040070130248,0.0,-0.0010020040070130248,,,-0.008000000000000007,0,0.07268341763133024,,-0.0010020040070130248,0.6249999749999989,2.1049995,1036.0,1036.0,0.00023424350652580703,6.5306454363636375,-4421712.0,,0.0,2.0
0xfb993fa1047c9249b8c7d3b88320d3220e874370,0.05152865847125762,0.16399255,0,6666.666666,2,1764946637,-0.0020040079396272015,-0.0030060119466402265,-0.0020040079396272015,-0.0020040079396272015,-0.0042511428635941565,0.0,-0.0020040079396272015,0.0,0.0,,-0.0020040079396272015,0.0,-0.0020040079396272015,,,-0.015699999383723705,0,0.07268341763133024,,-0.0020040079396272015,0.9092971342187748,2.4999995,358.0,358.0,7.952802118733115e-05,6.4999994999999995,-4501200.0,0.0,0.0,2.0
0xd594abd97f1b5e7680378f84cafd320875928153,0.05152865847125762,0.16399255,0,4.999999,2,1764918763,-0.0020040074140260963,-0.003006011421039121,-0.0020040074140260963,-0.0020040074140260963,-0.004251142120281944,0.0,-0.0020040074140260963,0.0,0.0,,-0.0020040074140260963,0.0,-0.0020040074140260963,,,-0.016099995149720388,0,0.07268341763133024,,-0.0020040074140260963,0.6800000000000002,2.179379,2482.0,2482.0,0.0005548000261082365,4.755630076923077,-4471202.0,0.0,0.0,2.0
0x838c9cd4c623fd90bec460595ab23774d464faeb,0.05150160821655704,0.16386415,0,2270.0,6,1764869021,-0.0006621171852508973,-0.0008828229136678634,-0.0006621171852508973,-0.0006621171852508973,-0.0026602136710845055,0.0,-0.0006621171852508973,0.0,0.6389891696750902,0.8850000000000008,-0.00056445490042639,0.0,-0.00046679261560188257,,,-0.016050000000000016,1,0.07268341763133024,-0.023715044338667043,-0.0006621171852508973,0.13758123977495443,44.8533,265089.0,265089.0,0.0599214456247392,49.48909742465754,-4158853.0,,0.5,12.0
0xa537a9b90616059cdd9b588f4abd8b196672e5a8,0.05133102808389191,0.16305296,0,2.0,2,1764954687,-0.0010020040070130248,-0.0020040080140260497,-0.0010020040070130248,-0.0010020040070130248,-0.0028340953125400112,0.0,-0.0010020040070130248,0.0,1.0,,-0.0010020040070130248,0.0,-0.0010020040070130248,,,-0.008000000000000007,0,0.07268341763133024,,-0.0010020040070130248,0.6222808985725138,0.999999,69170.0,69170.0,0.01533836200397019,2.6373025652173916,-4440438.0,,0.1,10.0
0xff761940eaa49cf4c3c65f5a28c945f51c19579e,0.05132966404821061,0.16304646,0,20040.0,4,1764858057,0.0,0.0,0.0,0.0,0.0,0.0,0.0,0.0,1.0,-20.000000000000018,-0.0001252505008766281,0.0,-0.0002505010017532562,,,-0.00800000079840002,1,0.07268341763133024,-0.009110888466514833,0.0,0.2111558502957634,4.1912,465580.0,465580.0,0.10550245208564375,10.377984012389383,-3947398.0,,0.4666666666666667,15.0
0xd6ac95e2a69d1db9b88b9f09a5f1eb5e76d30469,0.051305886532192695,0.16293319,0,22264.198008,38,1764824465,0.005172542229594933,0.005684819380419275,0.005172542229594933,0.005172542229594933,0.04522050201956285,-0.04940450558765841,0.005172542229594933,-0.04630304596318622,0.0,51.447257306000104,0.006661672476471375,-0.02962438473638227,0.008150802723347818,-0.06797812963905439,-0.06860471812943958,,1,0.07268341763133024,-0.001889225684812484,0.005172542229594933,0.15594538850121314,38.95101,238385.0,238385.0,0.054433429709096204,585.8110151652174,-4141001.0,0.0,0.4117647058823529,34.0
0x600a3a080e7975a36c74bc7395d9e9a12e45b226,0.051218557261075666,0.16251671,0,333.333333,2,1764912839,-0.0020040065230440864,-0.0030060105300571114,-0.0020040065230440864,-0.0020040065230440864,-0.004251140860243102,0.0,-0.0020040065230440864,0.0,0.0,,-0.0020040065230440864,0.0,-0.0020040065230440864,,,-0.015699987649600004,0,0.07268341763133024,,-0.0020040065230440864,0.4618916446002729,1.0,3054.0,3054.0,0.0006835640231346357,2.687359,-4464706.0,0.0,0.0,5.0
0x587c1255d284a0a82d8f7658a88b6fd84a11a7ea,0.05119777134369411,0.16241749,0,7500.0,2,1764872387,-0.0010020040070130248,-0.0020040080140260497,-0.0010020040070130248,-0.0010020040070130248,-0.0028340953125400112,0.0,-0.0010020040070130248,0.0,1.0,,-0.0010020040070130248,0.0,-0.0010020040070130248,,,-0.008000000000000007,0,0.07268341763133024,,-0.0010020040070130248,1.0,12.499999500000001,46.0,46.0,1.03900609580359e-05,12.499999500000001,-4427262.0,,0.0,1.0
0x3c1b184b6244f47e3da9329c88e2808bb4abc826,0.05119777134369411,0.16241749,0,10000.0,2,1764872461,-0.0010020040070130248,-0.0020040080140260497,-0.0010020040070130248,-0.0010020040070130248,-0.002834095312540011,0.0,-0.0010020040070130248,0.0,1.0,,-0.0010020040070130248,0.0,-0.0010020040070130248,,,-0.008100000000000007,0,0.07268341763133024,,-0.0010020040070130248,1.0,5.2480995,4430.0,4430.0,0.0010005913201074584,11.428041633540373,-4422952.0,,0.0,1.0
0x0e7ecd539aa56971a440f0cb71eec5386b65931f,0.05119777134369411,0.16241749,0,10000.0,2,1765033901,0.0,-0.0010020040070130248,0.0,0.0,-0.0014170476562700054,0.0,0.0,0.0,1.0,,0.0,0.0,0.0,,,0.0,0,0.07268341763133024,,0.0,1.0,10.0,84.0,84.0,1.8305351569531352e-05,10.0,-4588738.0,0.0,0.0,1.0
0xa7bec67a20dca08c87ae5c2630e6014da931f3ec,0.05119777134369411,0.16241749,0,8350.0,8,1764935205,-0.0020340081339964887,-0.0030360121410095134,-0.0020340081339964887,-0.0020340081339964887,-0.008542830470336101,0.0,-0.0020340081339964887,0.0,0.32335329341317365,,-0.0020340081339964887,0.0,-0.0020340081339964887,,,-0.02410000014970002,0,0.07268341763133024,,-0.0020340081339964887,1.0,0.231446,56.0,56.0,1.2471810367905043e-05,6.399364205087441,-4490070.0,,0.0,1.0
0x21248d2f766f02dfed74bed384e8323bccdd68c9,0.05119777134369411,0.16241749,0,250.0,2,1764854033,-0.0030060120210390743,-0.004008016028052099,-0.0030060120210390743,-0.0030060120210390743,-0.005668190625080022,0.0,-0.0030060120210390743,0.0,0.0,,-0.0030060120210390743,0.0,-0.0030060120210390743,,,-0.024099999999999133,0,0.07268341763133024,,-0.0030060120210390743,1.0,1.1445,402.0,402.0,9.117808895261779e-05,1.1688998,-4408552.0,,0.0,1.0
0xb7144c228aec6a2e986b8337a50a8ab40eae7df9,0.05119777134369411,0.16241749,0,500.0,2,1764871017,-0.0010020040070130248,-0.0020040080140260497,-0.0010020040070130248,-0.0010020040070130248,-0.0028340953125400112,0.0,-0.0010020040070130248,0.0,1.0,,-0.0010020040070130248,0.0,-0.0010020040070130248,,,-0.008000000000000007,0,0.07268341763133024,,-0.0010020040070130248,1.0,1.0,38.0,38.0,8.58575063636228e-06,2.60468,-4425900.0,,0.0,1.0
0x72c666c63c7592c359c6c36f0ebc177485fce4f0,0.05119777134369411,0.16241749,0,333.333333,2,1764944827,-0.0020040065230440864,-0.0030060105300571114,-0.0020040065230440864,-0.0020040065230440864,-0.004251140860243102,0.0,-0.0020040065230440864,0.0,0.0,,-0.0020040065230440864,0.0,-0.0020040065230440864,,,-0.015699987649600004,0,0.07268341763133024,,-0.0020040065230440864,1.0,8.0,120.0,120.0,2.666816008363135e-05,6.568165636363636,-4499628.0,0.0,0.0,1.0
0x6ec3334fc5201bd9720a2e10f309c6981046cc9f,0.05119777134369411,0.16241749,0,333.333333,2,1764951541,-0.0020040065230440864,-0.0030060105300571114,-0.0020040065230440864,-0.0020040065230440864,-0.004251140860243102,0.0,-0.0020040065230440864,0.0,0.0,,-0.0020040065230440864,0.0,-0.0020040065230440864,,,-0.015999987648400008,0,0.07268341763133024,,-0.0020040065230440864,1.0,1.0,772.0,772.0,0.00017130955503452599,1.0,-4505690.0,,0.0,1.0
0x5908234d045ff0a03433740ef18869ebad2e3758,0.05119777134369411,0.16241749,0,500.0,2,1764868997,-0.0010020040070130248,-0.0020040080140260497,-0.0010020040070130248,-0.0010020040070130248,-0.0028340953125400112,0.0,-0.0010020040070130248,0.0,1.0,,-0.0010020040070130248,0.0,-0.0010020040070130248,,,-0.008000000000000007,0,0.07268341763133024,,-0.0010020040070130248,1.0,1.709999,190.0,190.0,4.294835482936166e-05,1.5783328333333335,-4423728.0,,0.0,1.0
0x5b6e876e1a6f9fb99982ead74292986dff8d7f3b,0.05119777134369411,0.16241749,0,27202.5968,7,1764874037,-0.0022173799910720706,-0.0032193839980850956,-0.0022173799910720706,-0.0022173799910720706,-0.00837769758621844,0.0,-0.0022173799910720706,0.0,0.6015969769474362,,-0.0022173799910720706,0.0,-0.0022173799910720706,,,-0.02420000000000002,0,0.07268341763133024,,-0.0022173799910720706,1.0,33.864999499999996,48.0,48.0,1.0837763645534684e-05,54.62710463636363,-4428910.0,,0.0,1.0
0x389db50ede69898847961de534ad6a6d959a87ef,0.05119777134369411,0.16241749,0,49653.333333,14,1764854675,-0.001987501532574045,-0.0029895055395870703,-0.001987501532574045,-0.001987501532574045,-0.010303985375131147,0.0,-0.001987501532574045,0.0,0.5139634801323439,,-0.001987501532574045,0.0,-0.001987501532574045,,,-0.015999998761360257,0,0.07268341763133024,,-0.001987501532574045,1.0,35.0,26.0,26.0,5.8962317636354895e-06,36.14285685714286,-4409570.0,,0.0,1.0
0xa81714da5f6eb39d822ee45dbaf5963cb3aa3371,0.05119777134369411,0.16241749,0,633.445833,5,1764850815,-0.002161656422635275,-0.0031636604296482996,-0.002161656422635275,-0.002161656422635275,-0.00702870231807561,0.0,-0.002161656422635275,0.0,0.0,,-0.002161656422635275,0.0,-0.002161656422635275,,,-0.01609993422915531,0,0.07268341763133024,,-0.002161656422635275,1.0,1.0,22.0,22.0,4.9934903044576435e-06,1.0,-4405714.0,,0.0,1.0
0xd1c755cda4d7195010e8811d62d5685bdb1b2b20,0.05119777134369411,0.16241749,0,699.999999,4,1764910037,-0.002004006595474662,-0.003006010602487686,-0.002004006595474662,-0.002004006595474662,-0.006010315905077508,0.0,-0.002004006595474662,0.0,0.0,,-0.002004006595474662,0.0,-0.002004006595474662,,,-0.015117212794120816,0,0.07268341763133024,,-0.002004006595474662,1.0,1.0,56.0,56.0,1.2542111258381378e-05,1.0333333333333334,-4464902.0,,0.0,1.0
0xec3aafe7d39ac8a3c4e4232993b09409370503be,0.05119777134369411,0.16241749,0,666.666666,2,1764948283,-0.0020040072700380687,-0.0030060112770510933,-0.0020040072700380687,-0.0020040072700380687,-0.004251141916652123,0.0,-0.0020040072700380687,0.0,0.0,,-0.0020040072700380687,0.0,-0.0020040072700380687,,,-0.015999993836499964,0,0.07268341763133024,,-0.0020040072700380687,1.0,19.999999,342.0,342.0,7.594592650033177e-05,36.00686125,-4502862.0,,0.0,1.0
0x737d0a9032a94e729d602ead8dc535e9126a23cf,0.05119777134369411,0.16241749,0,999.9999989999999,6,1764941423,-0.002004006523044087,-0.003006010530057111,-0.002004006523044087,-0.002004006523044087,-0.007363191960073117,0.0,-0.002004006523044087,0.0,0.0,,-0.002004006523044087,0.0,-0.002004006523044087,,,-0.01609998309205854,0,0.07268341763133024,,-0.002004006523044087,1.0,1.0,290.0,290.0,6.449684454748124e-05,1.0,-4496054.0,,0.0,1.0
0xeb629c12ed2f9f42982e7c9df5d9881dfcd7710a,0.05119777134369411,0.16241749,0,1000.0,2,1765071439,0.0,-0.0010020040070130248,0.0,0.0,-0.0014170476562700054,0.0,0.0,0.0,1.0,,0.0,0.0,0.0,,,0.0,0,0.07268341763133024,,0.0,1.0,1.499999,154.0,154.0,3.328750897033521e-05,2.357142142857143,-4626206.0,,0.0,1.0
0x2ea2266f29a8087772b1f77853e12a1784f45b04,0.05119777134369411,0.16241749,0,19999.999998,6,1764913293,-0.002004007939627202,-0.003006011946640227,-0.002004007939627202,-0.002004007939627202,-0.007363195429978929,0.0,-0.002004007939627202,0.0,0.0,,-0.002004007939627202,0.0,-0.002004007939627202,,,-0.015399998761224526,0,0.07268341763133024,,-0.002004007939627202,1.0,5.9999994999999995,56.0,56.0,1.2532971786937688e-05,14.442979000000001,-4468158.0,,0.0,1.0
0x7d701ff3bfcea5c3ffc0a0e14bfa4d8c3d285b51,0.05119777134369411,0.16241749,0,20000.0,2,1765151035,0.0,-0.0010020040070130248,0.0,0.0,-0.0014170476562700056,0.0,0.0,0.0,1.0,,0.0,0.0,0.0,,,0.0,0,0.07268341763133024,,0.0,1.0,14.0,140.0,140.0,2.974953441978633e-05,14.0,-4705816.0,0.0,0.0,1.0
0x6b69965f7cb442b38b138c8da7ae6af1bee4e67f,0.05119777134369411,0.16241749,0,535.0,2,1764868271,-0.0010020040070130806,-0.002004008014026105,-0.0010020040070130806,-0.0010020040070130806,-0.0028340953125400897,0.0,-0.0010020040070130806,0.0,0.002,,-0.0010020040070130806,0.0,-0.0010020040070130806,,,-0.008100000000000458,0,0.07268341763133024,,-0.0010020040070130806,1.0,1.3349995,474.0,474.0,0.000107162429304448,1.3349995,-4422718.0,,0.0,1.0
0x95a5c4969d1cde277cc0dcca2badc9d45dbda523,0.05119777134369411,0.16241749,0,23054.0,4,1765095721,-1.8645739576267686e-19,-0.001002004007013025,-1.8645739576267686e-19,-1.8645739576267686e-19,-0.0017489927094554293,0.0,-1.8645739576267686e-19,0.0,1.0,,-1.8645739576267686e-19,0.0,-1.8645739576267686e-19,,,0.0,0,0.07268341763133024,,-1.8645739576267686e-19,1.0,10.554589499999999,384.0,384.0,8.256924527839382e-05,50.88858876923077,-4650258.0,,0.0,1.0
0x5e9efba67923da212093f7b6eb8dfcae0ab5250e,0.05119777134369411,0.16241749,0,1666.666666,2,1764850579,-0.002004007716430824,-0.003006011723443849,-0.002004007716430824,-0.002004007716430824,-0.0042511425479468115,0.0,-0.002004007716430824,0.0,0.0,,-0.002004007716430824,0.0,-0.002004007716430824,,,-0.015999997743999725,0,0.07268341763133024,,-0.002004007716430824,1.0,1.541382,112.0,112.0,2.5422766995800705e-05,2.043680789473684,-4405388.0,,0.0,1.0
0x876f04b6cd65e18694cd07a3ab4cd35f20107ca2,0.05119777134369411,0.16241749,0,1000.0,2,1765006925,0.0,-0.0010020040070130248,0.0,0.0,-0.0014170476562700054,0.0,0.0,0.0,1.0,,0.0,0.0,0.0,,,0.0,0,0.07268341763133024,,0.0,1.0,1.0,140.0,140.0,3.068933059116857e-05,1.0,-4561706.0,0.0,0.0,1.0
0xc59365f942a47b30b2ffe61f46528f53e79a80fb,0.05119777134369411,0.16241749,0,1000.0,2,1765022309,0.0,-0.0010020040070130248,0.0,0.0,-0.0014170476562700054,0.0,0.0,0.0,1.0,,0.0,0.0,0.0,,,0.0,0,0.07268341763133024,,0.0,1.0,2.7428595,1296.0,1296.0,0.0002831406767848677,4.4850283214285716,-4575934.0,,0.0,1.0
0x17d9b52c7a3d9594b7d36c74aea1586e62ca72a1,0.05119777134369411,0.16241749,0,1000.0,2,1765021203,0.0,-0.0010020040070130248,0.0,0.0,-0.0014170476562700054,0.0,0.0,0.0,1.0,,0.0,0.0,0.0,,,0.0,0,0.07268341763133024,,0.0,1.0,1.0,158.0,158.0,3.452703641771945e-05,1.3199996666666667,-4575966.0,,0.0,1.0
0x32db2317d0c9b29c67a4712409741471a20913e2,0.05119777134369411,0.16241749,0,1000.0,2,1765070133,0.0,-0.0010020040070130248,0.0,0.0,-0.0014170476562700054,0.0,0.0,0.0,1.0,,0.0,0.0,0.0,,,0.0,0,0.07268341763133024,,0.0,1.0,4.4999994999999995,80.0,80.0,1.7297095342021954e-05,4.4999994999999995,-4624974.0,0.0,0.0,1.0
0xc5282f00347d23fc2410a26e2485057ea34073e9,0.05119777134369411,0.16241749,0,19000.0,4,1765009005,-4.261258102530572e-17,-0.0010020040070130676,-4.261258102530572e-17,-4.261258102530572e-17,-0.0016886705199107201,0.0,-4.261258102530572e-17,0.0,1.0,,-4.261258102530572e-17,0.0,-4.261258102530572e-17,,,-1.1102230246251566e-17,0,0.07268341763133024,,-4.261258102530572e-17,1.0,13.07161,36.0,36.0,7.887945597715651e-06,22.220580625,-4563890.0,0.0,0.0,1.0
0xddd23b4292736caa5dea9faa17f726bb05f6063f,0.05119777134369411,0.16241749,0,3000.0,6,1765034941,0.0,-0.001002004007013025,0.0,0.0,-0.002454398537406048,0.0,0.0,0.0,1.0,,0.0,0.0,0.0,,,0.0,0,0.07268341763133024,,0.0,1.0,2.999999,608.0,608.0,0.0001324658562719315,6.235674492307693,-4589254.0,0.0,0.0,1.0
0xddd236b21c5736a756a87b35fcd79b7781121b9c,0.05119777134369411,0.16241749,0,3000.0,4,1765036013,0.0,-0.0010020040070130248,0.0,0.0,-0.001975147412158123,0.0,0.0,0.0,1.0,,0.0,0.0,0.0,,,-5.551115123125783e-18,0,0.07268341763133024,,0.0,1.0,1.999998,188.0,188.0,4.095027286386604e-05,1.8373890547945202,-4590746.0,,0.0,1.0
0xbc19f72c0ad753c4ac3c3aac8f92880b92618cd0,0.05119777134369411,0.16241749,0,2000.0,6,1764861225,-0.0005010020035065124,-0.0015030060105195376,-0.0005010020035065124,-0.0005010020035065124,-0.0038360993195530363,0.0,-0.0005010020035065124,0.0,1.0,,-0.0005010020035065124,0.0,-0.0005010020035065124,,,-0.00769999999640002,0,0.07268341763133024,,-0.0005010020035065124,1.0,1.0,40.0,40.0,9.057671553431431e-06,1.3269656666666667,-4416106.0,,0.0,1.0
0xcbd4313e818d409103f057245f5130708d46f852,0.05119777134369411,0.16241749,0,2000.0,2,1765139223,0.0,-0.0010020040070130248,0.0,0.0,-0.0014170476562700056,0.0,0.0,0.0,1.0,,0.0,0.0,0.0,,,0.0,0,0.07268341763133024,,0.0,1.0,39.496247499999996,20.0,20.0,4.2606277097592235e-06,140.46932452272725,-4694124.0,,0.0,1.0
0xd1806b51ef26ff8161c8247a508f8bfb79b9e843,0.05119777134369411,0.16241749,0,6.0,2,1764953485,-0.0010020040070130248,-0.0020040080140260497,-0.0010020040070130248,-0.0010020040070130248,-0.002834095312540011,0.0,-0.0010020040070130248,0.0,1.0,,-0.0010020040070130248,0.0,-0.0010020040070130248,,,-0.008000000000000007,0,0.07268341763133024,,-0.0010020040070130248,1.0,2.0,78.0,78.0,1.730101503724376e-05,2.0,-4508328.0,0.0,0.0,1.0
0xb101f58735491911fea4721da6497613979635b6,0.05119777134369411,0.16241749,0,10.0,2,1764865039,-0.0010020040070130248,-0.0020040080140260497,-0.0010020040070130248,-0.0010020040070130248,-0.002834095312540011,0.0,-0.0010020040070130248,0.0,1.0,,-0.0010020040070130248,0.0,-0.0010020040070130248,,,-0.008000000000000007,0,0.07268341763133024,,-0.0010020040070130248,1.0,5.0,578.0,578.0,0.00013077041421189332,7.155663304347826,-4419382.0,0.0,0.0,1.0
0xeefd3f182a63da2e4bb5f2856cb8bf0b85a89190,0.05119777134369411,0.16241749,0,2996.666666,4,1764923753,-0.0020040078485114975,-0.003006011855524522,-0.0020040078485114975,-0.0020040078485114975,-0.005454917212161017,0.0,-0.0020040078485114975,0.0,0.0,,-0.0020040078485114975,0.0,-0.0020040078485114975,,,-0.016100000000000014,0,0.07268341763133024,,-0.0020040078485114975,1.0,5.0,240.0,240.0,5.3587289452190535e-05,6.329999666666667,-4478434.0,,0.0,1.0
0xe96ec7795b640079b64e17b7e9053e32b3cccddc,0.05119777134369411,0.16241749,0,2500.0,2,1764862217,-0.0010020040070130248,-0.0020040080140260497,-0.0010020040070130248,-0.0010020040070130248,-0.002834095312540011,0.0,-0.0010020040070130248,0.0,1.0,,-0.0010020040070130248,0.0,-0.0010020040070130248,,,-0.007400000000000006,0,0.07268341763133024,,-0.0010020040070130248,1.0,14.119998,148.0,148.0,3.350585831821419e-05,13.055443333333335,-4416990.0,,0.0,1.0
0x30df30cc05aa926b5891b50956fa28107218ebe3,0.05119777134369411,0.16241749,0,2215.0,2,1764873073,-0.0010020040070129691,-0.002004008014025994,-0.0010020040070129691,-0.0010020040070129691,-0.0028340953125399323,0.0,-0.0010020040070129691,0.0,1.0,,-0.0010020040070129691,0.0,-0.0010020040070129691,,,-0.007999999999999546,0,0.07268341763133024,,-0.0010020040070129691,1.0,2.4999995,66.0,66.0,1.4905169248196813e-05,3.503341375,-4427928.0,,0.0,1.0
0xa2ecd38049ca63d7c2d4554e12c985aa11b39c8a,0.05119777134369411,0.16241749,0,2400.0,2,1765045801,0.0,-0.0010020040070130248,0.0,0.0,-0.0014170476562700054,0.0,0.0,0.0,1.0,,0.0,0.0,0.0,,,0.0,0,0.07268341763133024,,0.0,1.0,1.999999,70.0,70.0,1.5215003210365678e-05,1.8278998000000002,-4600652.0,,0.0,1.0
0x2994231537e0115b883c5092fc290ce76886fde2,0.05119777134369411,0.16241749,0,3056.666666,4,1764867847,-0.0016761984708795249,-0.00267820247789255,-0.0016761984708795249,-0.0016761984708795249,-0.005108121089962966,0.0,-0.0016761984708795249,0.0,0.3271537623396191,,-0.0016761984708795249,0.0,-0.0016761984708795249,,,-0.01184999799226134,0,0.07268341763133024,,-0.0016761984708795249,1.0,5.0,106.0,106.0,2.39668913223574e-05,23.703600366412218,-4422662.0,,0.0,1.0
0xac462eeba8da3ed01940ae2cbdec3011d9d5e256,0.05119777134369411,0.16241749,0,3000.0,4,1765027893,0.0,-0.0010020040070130248,0.0,0.0,-0.001975147412158123,0.0,0.0,0.0,1.0,,0.0,0.0,0.0,,,0.0,0,0.07268341763133024,,0.0,1.0,0.999999,148.0,148.0,3.229456835909116e-05,1.2369095573770497,-4582666.0,,0.0,1.0
0x3d24f97ebd746ccf17c2cad3bc434518baf1e856,0.05119777134369411,0.16241749,0,1.9999989999999999,2,1764921069,-0.002004006514026083,-0.0030060105210391076,-0.002004006514026083,-0.002004006514026083,-0.00425114084748972,0.0,-0.002004006514026083,0.0,0.0,,-0.002004006514026083,0.0,-0.002004006514026083,,,-0.015999987750364986,0,0.07268341763133024,,-0.002004006514026083,1.0,1.0,16.0,16.0,3.5746281828154217e-06,2.1583707142857143,-4475974.0,0.0,0.0,1.0
0xf237ec5e8d06413ce126f4602e0d02d61f9fec63,0.05119777134369411,0.16241749,0,1.9999989999999999,2,1764918573,-0.002004006514026083,-0.0030060105210391076,-0.002004006514026083,-0.002004006514026083,-0.00425114084748972,0.0,-0.002004006514026083,0.0,0.0,,-0.002004006514026083,0.0,-0.002004006514026083,,,-0.01609998787430027,0,0.07268341763133024,,-0.002004006514026083,1.0,1.0,216.0,216.0,4.828440588050414e-05,4.486896,-4473278.0,,0.0,1.0
0xcf766c1dd49a06ebc681916b589690a9bdb9fd54,0.05119777134369411,0.16241749,0,3333.333333,2,1764962607,-0.002004007864927881,-0.003006011871940906,-0.002004007864927881,-0.002004007864927881,-0.004251142757953364,0.0,-0.002004007864927881,0.0,0.0,,-0.002004007864927881,0.0,-0.002004007864927881,,,-0.01609999879472024,0,0.07268341763133024,,-0.002004007864927881,1.0,9.999999500000001,26.0,26.0,5.755360011050292e-06,14.708452666666668,-4517502.0,,0.0,1.0
0x649e7b151907ec289916fb26a315eccacbeb717a,0.05119777134369411,0.16241749,0,3250.0,4,1764934891,-0.0030060120210390743,-0.004008016028052099,-0.0030060120210390743,-0.0030060120210390743,-0.0076942427433154565,0.0,-0.0030060120210390743,0.0,0.0,,-0.0030060120210390743,0.0,-0.0030060120210390743,,,-0.024100000299700018,0,0.07268341763133024,,-0.0030060120210390743,1.0,3.0,560.0,560.0,0.00012472682597845967,4.666666333333334,-4489252.0,,0.0,1.0
0x4083134a205c4eab76b6c0223ff085e968f222b2,0.05119777134369411,0.16241749,0,3333.333333,4,1764930113,-0.002004007864927878,-0.003006011871940903,-0.002004007864927878,-0.002004007864927878,-0.005716567278504991,0.0,-0.002004007864927878,0.0,0.0,,-0.002004007864927878,0.0,-0.002004007864927878,,,-0.016100000000000014,0,0.07268341763133024,,-0.002004007864927878,1.0,8.0,124.0,124.0,2.764750501333992e-05,8.0,-4484910.0,0.0,0.0,1.0
0xc1f015bc9fa5d88e280dd2c035b5b8aca698615b,0.05119777134369411,0.16241749,0,4000.0,8,1765131753,0.0,-0.0010020040070130248,0.0,0.0,-0.002834095312540011,0.0,0.0,0.0,1.0,,0.0,0.0,0.0,,,0.0,0,0.07268341763133024,,0.0,1.0,1.84815,516.0,516.0,0.00011009940098244511,5.667168902439024,-4686158.0,,0.0,1.0
0x3a3e8b9aa4e97209309429c6e61da6266abb3716,0.05119777134369411,0.16241749,0,2.0,2,1764864909,-0.0010020040070130248,-0.0020040080140260497,-0.0010020040070130248,-0.0010020040070130248,-0.0028340953125400112,0.0,-0.0010020040070130248,0.0,1.0,,-0.0010020040070130248,0.0,-0.0010020040070130248,,,-0.007099999999999118,0,0.07268341763133024,,-0.0010020040070130248,1.0,1.0,88.0,88.0,1.9910268041983514e-05,0.9999996666666666,-4419742.0,,0.0,1.0
0xc5576a43c6916876b8c1b27c1cf53833442ddf6f,0.05119777134369411,0.16241749,0,10500.0,2,1765011703,0.0,-0.0010020040070130248,0.0,0.0,-0.0014170476562700056,0.0,0.0,0.0,1.0,,0.0,0.0,0.0,,,0.0,0,0.07268341763133024,,0.0,1.0,10.5,662.0,662.0,0.0001449648580658272,10.5,-4565962.0,,0.0,1.0
0xf13e6d4ed7b5a9955163ee17f028ea8fd755b8f1,0.05119777134369411,0.16241749,0,4.0,4,1764877447,-0.0010020040070130248,-0.0020040080140260493,-0.0010020040070130248,-0.0010020040070130248,-0.0035528027562032522,0.0,-0.0010020040070130248,0.0,1.0,,-0.0010020040070130248,0.0,-0.0010020040070130248,,,-0.008000000000000007,0,0.07268341763133024,,-0.0010020040070130248,1.0,2.0,916.0,916.0,0.00020666154073849464,2.943155444444444,-4431452.0,,0.0,1.0
0xb5cea9754d83c1644df3c24c1248872b2fdeb26e,0.05119777134369411,0.16241749,0,11000.0,10,1764869983,-0.0010020040070130248,-0.0020040080140260497,-0.0010020040070130248,-0.0010020040070130248,-0.0062589195980718645,0.0,-0.0010020040070130248,0.0,1.0,,-0.0010020040070130248,0.0,-0.0010020040070130248,,,-0.008000000000000895,0,0.07268341763133024,,-0.0010020040070130248,1.0,5.0,174.0,174.0,3.932288700500621e-05,3.935591,-4424730.0,,0.0,1.0
0xd4ba0d2e9f175b4c4d9f2f6277839b83191d00cc,0.05119777134369411,0.16241749,0,5896.239998999999,6,1764849209,-0.0006316981201146229,-0.0016337021271276475,-0.0006316981201146229,-0.0006316981201146229,-0.004518637575046665,0.0,-0.0006316981201146229,0.0,0.9972457025150342,,-0.0006316981201146229,0.0,-0.0006316981201146229,,,-0.01599999757796753,0,0.07268341763133024,,-0.0006316981201146229,1.0,4.0600000000000005,34.0,34.0,7.720026429737541e-06,4.0,-4404096.0,,0.0,1.0
0x274f2f19445720a9a1a308fba3e7f252d9996f2a,0.05119777134369411,0.16241749,0,5000.0,2,1764944439,-0.0020040080140260497,-0.0030060120210390743,-0.0020040080140260497,-0.0020040080140260497,-0.004251142968810017,0.0,-0.0020040080140260497,0.0,0.0,,-0.0020040080140260497,0.0,-0.0020040080140260497,,,-0.01569999999999998,0,0.07268341763133024,,-0.0020040080140260497,1.0,15.0,288.0,288.0,6.400910351694463e-05,15.0,-4499072.0,,0.0,1.0
0xebaac70e29fb820196f13defcbe3718fa7367d82,0.05119777134369411,0.16241749,0,5000.0,2,1764978747,-0.0020040080140260497,-0.0030060120210390743,-0.0020040080140260497,-0.0020040080140260497,-0.004251142968810017,0.0,-0.0020040080140260497,0.0,0.0,,-0.0020040080140260497,0.0,-0.0020040080140260497,,,-0.016100000000000003,0,0.07268341763133024,,-0.0020040080140260497,1.0,17.4999995,418.0,418.0,9.219907589175034e-05,17.4999995,-4533250.0,,0.0,1.0
0xf6ecfa6b488352c80130f99c43e5fc631e2fa7f6,0.05119777134369411,0.16241749,0,6666.666664,8,1764964335,-0.002004007716430824,-0.003006011723443849,-0.002004007716430824,-0.002004007716430824,-0.008502285095893623,0.0,-0.002004007716430824,0.0,0.0,,-0.002004007716430824,0.0,-0.002004007716430824,,,-0.016099997594299725,0,0.07268341763133024,,-0.002004007716430824,1.0,5.0,86.0,86.0,1.9029680991738464e-05,6.686874375,-4519170.0,,0.0,1.0
0xb848ec992a5e41df3a588916e8bf083aef206c45,0.05109415453391116,0.16192228,0,1.9999989999999999,2,1764849529,-0.002004006514026083,-0.0030060105210391076,-0.002004006514026083,-0.002004006514026083,-0.00425114084748972,0.0,-0.002004006514026083,0.0,0.0,,-0.002004006514026083,0.0,-0.002004006514026083,,,-0.016099987874299383,0,0.07268341763133024,,-0.002004006514026083,0.5133333253333334,9.999999,6064.0,6064.0,0.0013767893834644507,10.76514611764706,-4398386.0,,0.0,3.0
0xfcf453560519a9e19b89aa34cbbdf92e2ab3d26e,0.050705416295747804,0.16005589,0,10000.0,3,1765027551,-4.6895242040305726e-18,-0.0010020040070130296,-4.6895242040305726e-18,-4.6895242040305726e-18,-0.0015922505552477448,0.0,-4.6895242040305726e-18,0.0,1.0,,-4.6895242040305726e-18,0.0,-4.6895242040305726e-18,,,0.0,0,0.07268341763133024,,-4.6895242040305726e-18,0.5551851788100843,7.734999500000001,6134.0,6134.0,0.001338578828195786,8.949616333333333,-4576338.0,,0.0,2.0
0x83968cc5e0f73a7883393fcf443ef25165f3505b,0.050699074016712836,0.16002533,0,2000.0,2,1765119773,0.0,-0.0010020040070130248,0.0,0.0,-0.0014170476562700056,0.0,0.0,0.0,1.0,,0.0,0.0,0.0,,,3.3306690738754695e-17,0,0.07268341763133024,,0.0,0.6127544493475268,3.7785,156806.0,156806.0,0.033543585954503116,5.108426727272728,-4517888.0,0.0,0.0,7.0
0x6324dd00d9352a1b8dc486b6c0680d95c39fe1f3,0.050696294288120176,0.16001193,0,8471.125472,27,1764829157,-0.005743917291599982,-0.007248365498542069,-0.005743917291599982,-0.005743917291599982,-0.030539121198065188,0.0,-0.005743917291599982,0.0,0.0,-19.169357161201482,-0.00686238021204266,0.0,-0.007980843132485338,,,-0.19460009281512353,1,0.07268341763133024,-0.0030532297399429075,-0.005743917291599982,0.5018107257586726,9.999999,606158.0,606158.0,0.13826350717300195,49.94388731818182,-3777920.0,,0.0,2.0
0x622240c66a27a2f10805069d52181dab9a4e8983,0.050690256064509234,0.15998283,0,4820.0,2,1764832027,-0.031062124217403713,-0.03206412822441674,-0.031062124217403713,-0.031062124217403713,-0.0453455250006401,0.0,-0.031062124217403713,0.0,0.0,,-0.031062124217403713,0.0,-0.031062124217403713,,,-0.24309999999999976,0,0.07268341763133024,,-0.031062124217403713,0.21757161302798958,35.7499995,95112.0,95112.0,0.02168067640646755,51.099024642857145,-4291836.0,,0.5,6.0
0x4706778cf0481c9708d4d8ee1965e81c08c5286e,0.05057068942180563,0.15940589,0,1168.088422,151,1764446899,-2.1225926369757834e-05,-4.2451852739514564e-05,-2.1225926369757834e-05,-2.1225926369757285e-05,-0.0005020743941281551,0.41226869039160563,-2.1225926369757285e-05,0.16094569932698694,0.0017973789136812462,0.8752587407246378,0.0012070512993256242,0.16192418142270176,0.002435328525021006,4.581052464286441,4.577377682651574,-0.01615000000000002,8,0.07268341763133024,0.07822166660089173,-2.1225926369757834e-05,0.0,22.644498499999997,949876.0,949876.0,0.23736100074466118,42.78233331402439,-3051944.0,,,0.0
0xdd3288a6d0d3eedbef4f63804cd99bd17de85a56,0.05052827327398472,0.1592009,0,751.482856,5,1764848897,-0.003158883419862561,-0.004160887426875586,-0.003158883419862561,-0.003158883419862561,-0.009755663656028278,0.0,-0.003158883419862561,0.0,0.0,,-0.003158883419862561,0.0,-0.003158883419862561,,,-0.04030000000000004,0,0.07268341763133024,,-0.003158883419862561,1.0,5.0,118.0,118.0,2.6794931125673223e-05,4.087902111111112,-4403700.0,,0.0,1.0
0x0142ca968d33c4b00cca882c3e48fb2e7b40c010,0.05052827327398472,0.1592009,0,1050.0,3,1764938255,-0.00376944364542994,-0.004771447652442964,-0.00376944364542994,-0.00376944364542994,-0.007849071401395477,0.0,-0.00376944364542994,0.0,0.0,,-0.00376944364542994,0.0,-0.00376944364542994,,,-0.030371428571428428,0,0.07268341763133024,,-0.00376944364542994,1.0,1.999991,4668.0,4668.0,0.0010389087807822352,1.9642838571428574,-4488508.0,,0.0,1.0
0xd4cfcc6b443e182f153652125ee4fdd13245be8b,0.05052827327398472,0.1592009,0,747.0454530000001,3,1764834065,-0.021021963513407464,-0.022023967520420486,-0.021021963513407464,-0.021021963513407464,-0.033111900166234096,0.0,-0.021021963513407464,0.0,0.0,,-0.021021963513407464,0.0,-0.021021963513407464,,,-0.15173333274126774,0,0.07268341763133024,,-0.021021963513407464,1.0,16.419999,100.0,100.0,2.278430598776118e-05,16.419999,-4388886.0,,0.0,1.0
0x505b78da20f5c4594fba398c3090cdb90d7cef03,0.05052827327398472,0.1592009,0,600.0,2,1764900083,-0.004008016028052099,-0.005010020035065124,-0.004008016028052099,-0.004008016028052099,-0.007085238281350026,0.0,-0.004008016028052099,0.0,0.0,,-0.004008016028052099,0.0,-0.004008016028052099,,,-0.03230000000000003,0,0.07268341763133024,,-0.004008016028052099,1.0,4.999999,34.0,34.0,7.631867446134729e-06,7.0428560000000004,-4454970.0,0.0,0.0,1.0
0xf129f01744945008ac1cbb806205205b3824065b,0.05052827327398472,0.1592009,0,6280.916426,10,1764831899,-0.010214926466221389,-0.01121693047323441,-0.010214926466221389,-0.010214926466221389,-0.042972015415002056,0.0,-0.010214926466221389,0.0,0.0,,-0.010214926466221389,0.0,-0.010214926466221389,,,-0.2309500078651317,0,0.07268341763133024,,-0.010214926466221389,1.0,26.16104,198.0,198.0,4.513520044132196e-05,77.389712,-4386622.0,,0.0,1.0
0xd7990fa50af334675890add7970e87979a869c6e,0.05052827327398472,0.1592009,0,400.0,2,1764831543,-0.02905811620337772,-0.030060120210390746,-0.02905811620337772,-0.02905811620337772,-0.042511429688100164,0.0,-0.02905811620337772,0.0,0.0,,-0.02905811620337772,0.0,-0.02905811620337772,,,-0.22680000000000022,0,0.07268341763133024,,-0.02905811620337772,1.0,2.0,762.0,762.0,0.00017371623248247335,2.6934593492063494,-4385702.0,,0.0,1.0
0xf29a42458142edbc4bb7248d171ad4fcd5e3af2a,0.05052827327398472,0.1592009,0,200.0,2,1764838065,-0.004008016028052099,-0.005010020035065124,-0.004008016028052099,-0.004008016028052099,-0.007085238281350027,0.0,-0.004008016028052099,0.0,0.0,,-0.004008016028052099,0.0,-0.004008016028052099,,,-0.025099997813550812,0,0.07268341763133024,,-0.004008016028052099,1.0,1.0,78.0,78.0,1.775557673072484e-05,1.0,-4392908.0,,0.0,1.0
0x50f5b1c04a4a3bb3e3a1b8f002b3e037f5a87943,0.05052827327398472,0.1592009,0,200.0,2,1764854837,-0.004008016028052099,-0.005010020035065124,-0.004008016028052099,-0.004008016028052099,-0.007085238281350027,0.0,-0.004008016028052099,0.0,0.0,,-0.004008016028052099,0.0,-0.004008016028052099,,,-0.03210000000000003,0,0.07268341763133024,,-0.004008016028052099,1.0,5.265989,508.0,508.0,0.00011519906534553597,9.289149167630057,-4409250.0,,0.0,1.0
0x1858771346e6f7c29e49e6aba62c1438af16110c,0.05052827327398472,0.1592009,0,400.0,2,1764898533,-0.004008016028052099,-0.005010020035065124,-0.004008016028052099,-0.004008016028052099,-0.007085238281350027,0.0,-0.004008016028052099,0.0,0.0,,-0.004008016028052099,0.0,-0.004008016028052099,,,-0.03210000000000003,0,0.07268341763133024,,-0.004008016028052099,1.0,2.0,68.0,68.0,1.5269047350663103e-05,2.0,-4453386.0,0.0,0.0,1.0
0x1677eee7bd0dcd350d24afaa216ae2c3632fad8c,0.05052827327398472,0.1592009,0,400.0,2,1764898165,-0.004008016028052099,-0.005010020035065124,-0.004008016028052099,-0.004008016028052099,-0.007085238281350027,0.0,-0.004008016028052099,0.0,0.0,,-0.004008016028052099,0.0,-0.004008016028052099,,,-0.03220000000000003,0,0.07268341763133024,,-0.004008016028052099,1.0,1.9999995,182.0,182.0,4.0870533378425655e-05,2.0323495,-4452904.0,0.0,0.0,1.0
0x9577f69af10120dc14043cd215fddbda27353de1,0.05052827327398472,0.1592009,0,2986.666666,3,1764895627,-0.004473232009474446,-0.005475236016487472,-0.004473232009474446,-0.004473232009474446,-0.009361173661356704,0.0,-0.004473232009474446,0.0,0.0,,-0.004473232009474446,0.0,-0.004473232009474446,,,-0.03596071431041291,0,0.07268341763133024,,-0.004473232009474446,1.0,16.47,18.0,18.0,4.044445762634175e-06,45.7539972392638,-4450530.0,,0.0,1.0
0xc649f96b4562e91204e08f2f99759b9ba94b3c73,0.05052827327398472,0.1592009,0,2600.0,2,1764897401,-0.004008016028052099,-0.005010020035065124,-0.004008016028052099,-0.004008016028052099,-0.007085238281350028,0.0,-0.004008016028052099,0.0,0.0,,-0.004008016028052099,0.0,-0.004008016028052099,,,-0.03200000000000003,0,0.07268341763133024,,-0.004008016028052099,1.0,11.0,894.0,894.0,0.0002007941024930362,11.0,-4451428.0,,0.0,1.0
0xd490d08191169dfb6617ca33ee9066e4d533db14,0.05052827327398472,0.1592009,0,166.666666,2,1764895075,-0.005010017089173322,-0.006012021096186346,-0.005010017089173322,-0.005010017089173322,-0.008502281771499894,0.0,-0.005010017089173322,0.0,0.0,,-0.005010017089173322,0.0,-0.005010017089173322,,,-0.04019997618599987,0,0.07268341763133024,,-0.005010017089173322,1.0,1.0,50.0,50.0,1.1235965155923736e-05,1.0,-4449946.0,0.0,0.0,1.0
0x51bb40f7a6e87726ab26590465b2e168443e3798,0.05052827327398472,0.1592009,0,39.999998,4,1764832927,-0.03365152980540355,-0.034653533812416565,-0.03365152980540355,-0.03365152980540355,-0.06324638868802014,0.0,-0.03365152980540355,0.0,0.0,,-0.03365152980540355,0.0,-0.03365152980540355,,,-0.2614661184566132,0,0.07268341763133024,,-0.03365152980540355,1.0,19.999999,72.0,72.0,1.6408954913661547e-05,19.505650153846155,-4387776.0,,0.0,1.0
0xa64128713ff3702cfeb252a7b196bfde1fc4430c,0.050385857628484756,0.15851147,0,1000.0,2,1764975707,-0.0020040080140260497,-0.0030060120210390743,-0.0020040080140260497,-0.0020040080140260497,-0.004251142968810016,0.0,-0.0020040080140260497,0.0,0.0,,-0.0020040080140260497,0.0,-0.0020040080140260497,,,-0.01609813069019118,0,0.07268341763133024,,-0.0020040080140260497,1.0,9.999986,6028.0,6028.0,0.001330499877721146,15.177985599999998,-4524600.0,0.0,0.0,1.0
0x3b5b49728afda93ea210bd302358f6d40177d63e,0.05038252242760462,0.1584953,0,4.0,1,1764887463,-0.0030060120210390743,-0.004008016028052099,-0.0030060120210390743,-0.0030060120210390743,-0.004008016028052099,0.0,-0.0030060120210390743,0.0,0.0,,-0.0030060120210390743,0.0,-0.0030060120210390743,,,-0.02420000000000002,0,0.07268341763133024,,-0.0030060120210390743,0.2688309822478295,3.73,3416.0,3416.0,0.0007689564882279425,5.147735,-4438968.0,,0.0,7.0
0xfe4a624eda9af93374f26b7ee1cc2b9c9656e38b,0.05035481914159953,0.15836097,0,2500.0,2,1764857225,-0.0010020040070130248,-0.0020040080140260497,-0.0010020040070130248,-0.0010020040070130248,-0.002834095312540011,0.0,-0.0010020040070130248,0.0,1.0,,-0.0010020040070130248,0.0,-0.0010020040070130248,,,-0.007400000000000006,0,0.07268341763133024,,-0.0010020040070130248,0.34375,5.0,3428.0,3428.0,0.0007769461844644306,6.874999875,-4408718.0,,0.0,4.0
0x129e55819afe843eee5bc7edf2ef778408b76940,0.050297080469787224,0.15808077,0,1000.0,2,1764916399,-0.0020040080140260497,-0.0030060120210390743,-0.0020040080140260497,-0.0020040080140260497,-0.004251142968810016,0.0,-0.0020040080140260497,0.0,0.0,,-0.0020040080140260497,0.0,-0.0020040080140260497,,,-0.016000000000000014,0,0.07268341763133024,,-0.0020040080140260497,0.6852154464913821,7.25,98048.0,98048.0,0.02192820017355054,11.131982989130435,-4373272.0,,0.0,4.0
0x2b7524dd1f5ae1e21b21ec9a7176898eb255f712,0.05007114630541454,0.1569814,0,365.603178,11,1764825839,6.901647185689583e-09,1.3803294371379191e-08,6.901647185689583e-09,6.901647185689583e-09,2.6297296695765377e-05,-0.0006889765612602422,6.901647185689583e-09,-0.0006669697305734116,0.0,2.329379600000003,0.0008178549622047017,0.0011540513820969655,0.0016357030227622175,-0.03338111657666056,-0.03408111657666057,0.1846000068595936,1,0.07268341763133024,-0.002474834724579157,6.901647185689583e-09,0.09553811313090538,24.1461,691632.0,691632.0,0.1578794547064893,32.90766287804878,-3689128.0,,0.4375,16.0
0xb1ee7f3c123042a53d72d7fd21a727544e6a91c4,0.05001160958568561,0.15669091,0,5000.0,4,1765125355,0.0,-0.001002004007013025,0.0,0.0,-0.0019011689320658932,0.0,0.0,0.0,1.0,,0.0,0.0,0.0,,,0.0,0,0.07268341763133024,,0.0,0.5,1.0,172.0,172.0,3.674996944624633e-05,1.826346947368421,-4680104.0,,0.0,2.0
0x850a345b06503bf23a3867042b72c230cb6096a9,0.05001160958568561,0.15669091,0,1250.0,10,1764843205,-0.003006012021039075,-0.004008016028052099,-0.003006012021039075,-0.003006012021039075,-0.012674459547105953,0.0,-0.003006012021039075,0.0,0.0,,-0.003006012021039075,0.0,-0.003006012021039075,,,-0.018600000000000016,0,0.07268341763133024,,-0.003006012021039075,0.5,1.0,556.0,556.0,0.00012641747871707177,0.999999642857143,-4397570.0,,0.0,2.0
0x94671704fa41cc25bdeead75822fc9db294c84c4,0.05001160958568561,0.15669091,0,1.9999989999999999,2,1764926123,-0.002004006514026083,-0.0030060105210391076,-0.002004006514026083,-0.002004006514026083,-0.00425114084748972,0.0,-0.002004006514026083,0.0,0.0,,-0.002004006514026083,0.0,-0.002004006514026083,,,-0.015999987574600295,0,0.07268341763133024,,-0.002004006514026083,0.500000000000125,1.0,4326.0,4326.0,0.0009654000273150632,1.4715823636363636,-4476718.0,,0.0,2.0
0x880ad247655cdc67d2e9377c47bc7189f2299cb3,0.05001160958568561,0.15669091,0,747.74792,3,1764882969,-0.002529244090413187,-0.003531248097426211,-0.002529244090413187,-0.002529244090413187,-0.006015077630866709,0.0,-0.002529244090413187,0.0,0.0,,-0.002529244090413187,0.0,-0.002529244090413187,,,-0.020345903398548616,0,0.07268341763133024,,-0.002529244090413187,0.5,5.0,506.0,506.0,0.00011401814826415256,5.0,-4437384.0,,0.0,2.0
0x19a562ca696274974f551582dca3d5dc3dceead0,0.05001160958568561,0.15669091,0,20000.0,2,1765030843,0.0,-0.0010020040070130248,0.0,0.0,-0.0014170476562700056,0.0,0.0,0.0,1.0,,0.0,0.0,0.0,,,0.0,0,0.07268341763133024,,0.0,0.5000000000000002,19.999999,1938.0,1938.0,0.0004226122408392582,19.909999333333335,-4583826.0,,0.0,2.0
0x9968045d126838af4558fb3b33d31ba1cd3b2187,0.05001160958568561,0.15669091,0,6751.105,3,1764847681,-0.002991998134669071,-0.003994002141682095,-0.002991998134669071,-0.002991998134669071,-0.005889766855997378,0.0,-0.002991998134669071,0.0,0.0,,-0.002991998134669071,0.0,-0.002991998134669071,,,-0.023583917373525876,0,0.07268341763133024,,-0.002991998134669071,0.5014740417755861,28.455,402.0,402.0,9.130963916338565e-05,28.455,-4402200.0,,0.0,2.0
0xb2dda0bfb4719fe6b3dd33908a9be72593ce51d8,0.05001160958568561,0.15669091,0,250.0,2,1764844877,-0.0030060120210390743,-0.004008016028052099,-0.0030060120210390743,-0.0030060120210390743,-0.005668190625080022,0.0,-0.0030060120210390743,0.0,0.0,,-0.0030060120210390743,0.0,-0.0030060120210390743,,,-0.02370000000000002,0,0.07268341763133024,,-0.0030060120210390743,0.5,0.999999,498.0,498.0,0.00011318701449475635,1.0337687272727274,-4399300.0,,0.0,2.0
0xdec324ca3c486865a7f1c0bc9d3014a2d39cd24e,0.05001160958568561,0.15669091,0,500.0,2,1764872941,-0.0010020040070130248,-0.0020040080140260497,-0.0010020040070130248,-0.0010020040070130248,-0.0028340953125400112,0.0,-0.0010020040070130248,0.0,1.0,,-0.0010020040070130248,0.0,-0.0010020040070130248,,,-0.008000000000000007,0,0.07268341763133024,,-0.0010020040070130248,0.5,1.0,248.0,248.0,5.600897227601041e-05,1.3737496249999999,-4427614.0,,0.0,2.0
0x7833bf2866e5aa80aa0d7abb4ce1e768ee093f14,0.04998600324373629,0.15656587,0,3000.0,2,1764946067,-0.0020040080140260497,-0.003006012021039074,-0.0020040080140260497,-0.0020040080140260497,-0.004251142968810017,0.0,-0.0020040080140260497,0.0,0.0,,-0.0020040080140260497,0.0,-0.0020040080140260497,,,-0.015699999999999124,0,0.07268341763133024,,-0.0020040080140260497,0.26470588581315,19.4999995,1860.0,1860.0,0.00041324260362391547,47.29848115384616,-4499128.0,,0.0,4.0
0x27ee60e85234080858183076c62f92e25084858a,0.04996434627554168,0.15646008,0,19.999996,3,1764792363,-0.9078155577392619,-0.908817561746275,-0.9078155577392619,-0.9078155577392619,-1.31534039219394,0.0,-0.9078155577392619,0.0,0.0,,-0.9078155577392619,0.0,-0.9078155577392619,,,-1.0485286897408699,0,0.07268341763133024,,-0.9078155577392619,0.5213319871102101,2.9999985000000002,1128.0,1128.0,0.00025947235101272427,6.192651847490348,-4346156.0,,0.0,3.0
0xd6bc99af19d7a5a96390a3403d35e3f010fa0ed7,0.04996359606670953,0.15645641,0,5000.0,2,1765123743,0.0,-0.0010020040070130248,0.0,0.0,-0.0014170476562700056,0.0,0.0,0.0,1.0,,0.0,0.0,0.0,,,0.0,0,0.07268341763133024,,0.0,0.4074074074074074,14.9999995,758.0,758.0,0.0001620120615628735,15.1519996,-4677906.0,0.0,0.0,3.0
0xd1a3cb460f6473edfa6e5881f8f76f03aa302bd4,0.04996359606670953,0.15645641,0,20.7,6,1764874755,-0.0018887950097353531,-0.0028907990167483786,-0.0018887950097353531,-0.0018887950097353531,-0.006558141305101643,0.0,-0.0018887950097353531,0.0,0.3864734299516908,,-0.0018887950097353531,0.0,-0.0018887950097353531,,,-0.02420000000000001,0,0.07268341763133024,,-0.0018887950097353531,0.39863781278497634,4.0,574.0,574.0,0.00012958058332031508,4.288958473684211,-4429102.0,,0.0,3.0
0x731e83c68b81bf3d2d911591a899e12bb916b841,0.04996359606670953,0.15645641,0,333.333333,2,1764913769,-0.0020040065230440864,-0.0030060105300571114,-0.0020040065230440864,-0.0020040065230440864,-0.004251140860243102,0.0,-0.0020040065230440864,0.0,0.0,,-0.0020040065230440864,0.0,-0.0020040065230440864,,,-0.014820779710280346,0,0.07268341763133024,,-0.0020040065230440864,0.41953002383145377,2.4999995,3764.0,3764.0,0.0008423050155638454,2.6289995,-4464926.0,,0.0,3.0
0xa3ed3a9fb5c1824e7ab9d06a8f748bf70f1f427f,0.04952719888455986,0.15431519,0,333.333333,2,1764942103,-0.0020040065230440864,-0.0030060105300571114,-0.0020040065230440864,-0.0020040065230440864,-0.004251140860243102,0.0,-0.0020040065230440864,0.0,0.0,,-0.0020040065230440864,0.0,-0.0020040065230440864,,,-0.015999988246,0,0.07268341763133024,,-0.0020040065230440864,0.3333333333333333,2.9999995,1056.0,1056.0,0.00023482196225770643,15.0097673373494,-4495968.0,,0.0,3.0
0x61cbaa00e5774ad946968b82ba5167a25d5cecaa,0.04952719888455986,0.15431519,0,1000.0,2,1765032903,0.0,-0.0010020040070130248,0.0,0.0,-0.0014170476562700054,0.0,0.0,0.0,1.0,,0.0,0.0,0.0,,,0.0,0,0.07268341763133024,,0.0,0.35895856546512667,0.999999,2022.0,2022.0,0.0004407318153442678,0.9886361666666666,-4585802.0,,0.0,3.0
0x080f952871a49af3a65c42fb6e503d762fd1e273,0.04952719888455986,0.15431519,0,1000.0,2,1765001465,0.0,-0.0010020040070130248,0.0,0.0,-0.0014170476562700054,0.0,0.0,0.0,1.0,,0.0,0.0,0.0,,,-2.2204460492503132e-17,0,0.07268341763133024,,0.0,0.3333333333333333,1.0,86.0,86.0,1.887460807754216e-05,1.5833328333333334,-4556300.0,0.0,0.0,3.0
0x8c75ba7093add6020412810e5c36ae6f2fb3efb7,0.04952719888455986,0.15431519,0,1000.0,2,1765091303,0.0,-0.0010020040070130248,0.0,0.0,-0.0014170476562700054,0.0,0.0,0.0,1.0,,0.0,0.0,0.0,,,0.0,0,0.07268341763133024,,0.0,0.3333333333334074,1.0,4924.0,4924.0,0.0010597853224467869,5.4778916272727285,-4641300.0,,0.0,3.0
0x1c0bdd5a616ba7ae5d9b707ca18cd70ac51d7600,0.04947154705060345,0.15404084,0,8876.666665,12,1764949477,-0.0005142247986784916,-0.0015162288056915164,-0.0005142247986784916,-0.0005142247986784916,-0.005708693737444654,0.0,-0.0005142247986784916,0.0,0.8122418326722196,,-0.0005142247986784916,0.0,-0.0005142247986784916,,,-0.011849987599800183,0,0.07268341763133024,,-0.0005142247986784916,0.5510204781341465,2.999999,85280.0,85280.0,0.0189326076425751,3.9885922568807333,-4419118.0,,0.0,3.0
0x32c593aea6fed10192040e9f4b4a0ba7a0878182,0.04945269251005652,0.15394783,0,2800.644335,14,1764827227,1.932873166889156e-09,5.798619500668542e-09,1.932873166889156e-09,1.932873166889156e-09,4.175011368181e-06,-0.005908047503292699,1.932873166889156e-09,-0.0057933468820934395,0.0,-0.008174181250006272,-3.4515437605539877e-06,-8.854460318911725e-05,-6.905020394274865e-06,-0.08669096613147506,-0.08959096613147507,-0.04704999498640801,1,0.07268341763133024,-0.003664724396684774,1.932873166889156e-09,0.6799999903999998,10.440000000000001,1072740.0,1072740.0,0.24479775671656914,153.58172656666665,-3309408.0,,0.0,2.0
0xf0d9416a1288684a08333d56b67204b15a824621,0.049375548145801154,0.15356691,0,142.40571,11,1764902351,-0.005175938955049602,-0.006177942962062626,-0.005175938955049602,-0.005175938955049602,-0.019979397366801224,0.0,-0.005175938955049602,0.0,0.0,,-0.005175938955049602,0.0,-0.005175938955049602,,,-0.04020000018639219,0,0.07268341763133024,,-0.005175938955049602,0.5,1.0,826.0,826.0,0.00018531514343302362,3.247557833333333,-4456446.0,,0.0,2.0
0x4352ea74d63fbba5ff05a6593de8dbd3402e658b,0.04935065746168418,0.15344389,0,26.528823,4,1764632640,-0.9185861084161727,-0.9195881124231858,-0.9185861084161727,-0.9185861084161727,-1.8246403642827098,0.0,-0.9185861084161727,0.0,0.0,,-0.9185861084161727,0.0,-0.9185861084161727,,,-0.5174817153411921,0,0.07268341763133024,,-0.9185861084161727,0.2730968064340719,19.49991,424.0,424.0,0.00010125225638504132,29.31244615151515,-4187137.0,,0.0,4.0
0x63183d18fe9c401a435aaa26ab80032811bae90a,0.04933287406350796,0.15335596,0,1000.0,2,1765019169,0.0,-0.0010020040070130248,0.0,0.0,-0.0014170476562700054,0.0,0.0,0.0,1.0,,0.0,0.0,0.0,,,0.0,0,0.07268341763133024,,0.0,0.25000006250005863,0.999999,1748.0,1748.0,0.0003821525155823344,1.411629424242424,-4572342.0,,0.0,5.0
0x748e8a9086c2168470e14e3d57a8ebfe5e7aa579,0.04933287406350796,0.15335596,0,1600.0,2,1765108593,5.56223959676263e-17,-0.0010020040070129691,5.56223959676263e-17,5.56223959676263e-17,-0.0014170476562699267,0.0,5.56223959676263e-17,0.0,1.0,,5.56223959676263e-17,0.0,5.56223959676263e-17,,,4.940492459581947e-16,0,0.07268341763133024,,5.56223959676263e-17,0.23866971817459148,25.384989,778.0,778.0,0.00016682698926174554,37.77400250557621,-4662736.0,0.0,0.0,7.0
0xb8437b0aad956249a45029e19a4169025b958236,0.04925915938099147,0.15299115,0,3714.48,7,1764854107,0.0,0.0,0.0,0.0,0.0,0.0,0.0,0.0,0.32844435829510454,-1.4655200000000763,-9.883327628347732e-05,0.0,-0.00019766655256695464,,,-0.015700000000000013,1,0.07268341763133024,-0.013000096328443497,0.0,0.23619920631098756,1.3949995,708884.0,708884.0,0.16078010845020715,3.14703920505618,-3700144.0,0.0,0.0,12.0
0x323bf118b83e9a457abc27a569819382d6554598,0.04910947501972996,0.15224877,0,6822.666666,12,1764953931,-0.001148281953348827,-0.0021502859603618526,-0.001148281953348827,-0.001148281953348827,-0.006720741352070415,0.0,-0.001148281953348827,0.0,0.022864959939697574,,-0.001148281953348827,0.0,-0.001148281953348827,,,-0.007700000448200001,0,0.07268341763133024,,-0.001148281953348827,0.7519289771714404,28.0,61352.0,61352.0,0.013607011274710281,50.18967816666666,-4447500.0,,0.0,2.0
0xd0d9607b59c2ea61798c44410941a03d7bb976cf,0.04910947501972996,0.15224877,0,1000.0,2,1764923535,-0.0020040080140260497,-0.0030060120210390743,-0.0020040080140260497,-0.0020040080140260497,-0.004251142968810016,0.0,-0.0020040080140260497,0.0,0.0,,-0.0020040080140260497,0.0,-0.0020040080140260497,,,-0.015999999996400026,0,0.07268341763133024,,-0.0020040080140260497,0.625,2.52,50244.0,50244.0,0.01121904513519838,3.5039998000000003,-4428212.0,,0.0,2.0
0xdb8dd99172bf843820c65f011240b5805bbf8743,0.04910947501972996,0.15224877,0,250.0,2,1764905959,-0.0030060120210390743,-0.004008016028052099,-0.0030060120210390743,-0.0030060120210390743,-0.005668190625080022,0.0,-0.0030060120210390743,0.0,0.0,,-0.0030060120210390743,0.0,-0.0030060120210390743,,,-0.023699970720377595,0,0.07268341763133024,,-0.0030060120210390743,0.9092970480509661,9.59078,34398.0,34398.0,0.007711034594071125,9.2262748,-4426482.0,0.0,0.0,2.0
0x3c01365bc78aceb7101e36858b37a491a2fec382,0.04910947501972996,0.15224877,0,3000.0,4,1765074339,0.0,-0.001002004007013025,0.0,0.0,-0.001975147412158123,0.0,0.0,0.0,1.0,,0.0,0.0,0.0,,,0.0,0,0.07268341763133024,,0.0,0.5918366997084531,1.0,96358.0,96358.0,0.020814989868791125,1.6840155294117647,-4532902.0,,0.0,2.0
0x1d8ce3efb2c57905962b455863f873381ea286ec,0.04901844896214231,0.15179627,0,1000.0,2,1765061499,0.0,-0.0010020040070130248,0.0,0.0,-0.0014170476562700054,0.0,0.0,0.0,1.0,,0.0,0.0,0.0,,,-1.1102230246251566e-17,0,0.07268341763133024,,0.0,0.2602465146171502,1.999999,8178.0,8178.0,0.001771502592918322,2.789356228070176,-4608242.0,,0.3333333333333333,6.0
0x3f45ecc8d59273daa74d509c5c62f7aacab5d06c,0.04890476814720277,0.15123002,0,1079.943896,5,1764831997,-0.026832884747599334,-0.027834888754612364,-0.026832884747599334,-0.026832884747599334,-0.061250071440351744,0.0,-0.026832884747599334,0.0,0.0,,-0.026832884747599334,0.0,-0.026832884747599334,,,-0.2349999823429241,0,0.07268341763133024,,-0.026832884747599334,0.3333333333333334,19.999999,228.0,228.0,5.197270612306863e-05,15.9999996,-4386690.0,,0.0,3.0
0x65f693f9b2b8ae06144c1d23a84d37a1549330e8,0.048851511167707154,0.15096432,0,56.7834,8,1764818795,-0.001526224434986883,-0.0016958049277632035,-0.001526224434986883,-0.001526224434986883,-0.005829438542872521,-0.022003190494568794,-0.001526224434986883,-0.02204176602378772,0.0,0.1376000000000001,0.00024869512429468517,-0.020421786621110063,0.0020236146835762533,-0.04840543049746148,-0.05200543049746147,0.21009999999999995,1,0.07268341763133024,-0.0006861810270309494,-0.001526224434986883,0.5712489670519836,2.2385,1296572.0,1296572.0,0.29644631704481955,3.1191096793478263,-3077144.0,0.0,0.16666666666666666,6.0
0x3ae5e4586a986df64ef2442d16d190b82d63d982,0.04881182900749413,0.15076616,0,2.0,2,1764880737,-0.0010020040070130248,-0.0020040080140260497,-0.0010020040070130248,-0.0010020040070130248,-0.0028340953125400112,0.0,-0.0010020040070130248,0.0,1.0,,-0.0010020040070130248,0.0,-0.0010020040070130248,,,-0.007999999999999974,0,0.07268341763133024,,-0.0010020040070130248,1.0,1.0,13586.0,13586.0,0.0030629052104558106,6.644965818181819,-4422072.0,,0.0,1.0
0x7e3e9ef3dd9831436ff1e3ac234b87adacd30a2d,0.04881182900749413,0.15076616,0,16112.5,2,1764935675,-0.0030060120210390743,-0.004008016028052099,-0.0030060120210390743,-0.0030060120210390743,-0.005668190625080022,0.0,-0.0030060120210390743,0.0,0.0,,-0.0030060120210390743,0.0,-0.0030060120210390743,,,-0.024100000299700018,0,0.07268341763133024,,-0.0030060120210390743,1.0,0.66162,43652.0,43652.0,0.009720758669895933,4.380246294117648,-4446944.0,0.0,0.0,1.0
0x3a3cc7162f268aa554bd806439df334d02f09460,0.04881182900749413,0.15076616,0,1000.0,2,1765067322,0.0,-0.0010020040070130248,0.0,0.0,-0.0014170476562700054,0.0,0.0,0.0,1.0,,0.0,0.0,0.0,,,0.0,0,0.07268341763133024,,0.0,1.0,1.2499995,35351.0,35351.0,0.00764801850530143,1.2499995,-4586892.0,0.0,0.0,1.0
0xc92421af7b3d0675402f3a0e8c3c554a3eb2daa1,0.04881182900749413,0.15076616,0,3000.0,4,1765083793,0.0,-0.0010020040070130248,0.0,0.0,-0.001975147412158123,0.0,0.0,0.0,1.0,,0.0,0.0,0.0,,,0.0,0,0.07268341763133024,,0.0,1.0,0.999999,29334.0,29334.0,0.006323735414599822,1.0666660666666667,-4609380.0,,0.0,1.0
0xcf5c110a5a1c9381b5afc12749c0d731e72d9534,0.04881182900749413,0.15076616,0,1000.0,2,1765021153,0.0,-0.0010020040070130248,0.0,0.0,-0.0014170476562700054,0.0,0.0,0.0,1.0,,0.0,0.0,0.0,,,0.0,0,0.07268341763133024,,0.0,1.0,1.0,63934.0,63934.0,0.013971364973555934,1.0,-4512140.0,,0.0,1.0
0x6fa35fc9087c7ee3776c46b4f5789c2597b716cd,0.04863919051872296,0.1499023,0,29833.333332000002,8,1764964989,-0.0016681407158170736,-0.0026701447228300985,-0.0016681407158170736,-0.0016681407158170736,-0.007644344848468894,0.0,-0.0016681407158170736,0.0,0.33519553074123776,,-0.0016681407158170736,0.0,-0.0016681407158170736,,,-0.01609999939553728,0,0.07268341763133024,,-0.0016681407158170736,0.3231699963801437,22.11,10712.0,10712.0,0.0023699586938677984,78.13078745454547,-4509198.0,,0.16666666666666666,6.0
0x9fe2966cdb0b5da02854784eb179fb934469acfa,0.048555102456654196,0.14948048,0,5722.608998000001,20,1764867119,1.5755116381775434e-09,4.726533159414337e-09,1.5755116381775434e-09,1.5755116381775434e-09,3.769352481924863e-06,-0.0002842336487360995,1.5755116381775434e-09,-0.0002856831417470033,0.9925558312655086,0.0024666686649961298,3.255027475147762e-07,1.3848215735520161e-06,6.494299833913748e-07,0.0017666237651103272,-0.08969337771292987,-0.008050000000000002,1,0.07268341763133024,-0.012957236536402603,1.5755116381775434e-09,0.17691683443966105,1.479999,86560.0,86560.0,0.0195746759414207,2.4815191185185186,-4335480.0,,0.3333333333333333,12.0
0xa3667058b1d916d1182f30f5b4d509da7eb42742,0.048489696228626464,0.14915189,0,16.197076,30,1764823561,-1.9040357617431576e-05,5.010798052198728e-07,-1.9040357617431576e-05,-1.9040357617431576e-05,2.240761734655313e-05,-0.04948071885564042,-1.9040357617431576e-05,-0.04547421623357817,0.0,-0.0073028452262097875,-0.002668975501598035,-0.045824386412288025,-0.005318910645578639,-0.09269996195301436,-0.08889997163301552,,1,0.07268341763133024,-0.0016974175065700666,-1.9040357617431576e-05,0.19965501164669053,5.9049995,31074.0,31074.0,0.007096980186283739,20.155932736842107,-4347408.0,,0.0,17.0
0xc3a0acc69a86955d7c1d18aef42e77e2428757b2,0.04841295645365002,0.14876583,0,640.55,4,1764823559,-0.00706136682107604,-0.008063370828089066,-0.00706136682107604,-0.00706136682107604,-0.015981497743408894,0.0,-0.00706136682107604,0.0,0.0,,-0.00706136682107604,0.0,-0.00706136682107604,,,0.22669999999999996,0,0.07268341763133024,,-0.00706136682107604,0.32453804721175883,23.658394,702634.0,702634.0,0.16047441121119657,44.19115999999999,-3675846.0,,0.1111111111111111,9.0
0xa0f19086719d534c50015ca6ba5cdfdfa5efb29b,0.04829985546475237,0.14819579,0,1.999996,2,1764824881,0.014028643348505836,0.01503064735551886,0.014028643348505836,0.014028643348505836,0.02125654534142207,-0.08243882979552677,0.014028643348505836,-0.07632417830825927,0.0,,0.014028643348505836,-0.07592417830825926,0.014028643348505836,-0.07589136119161312,-0.07427831771335226,,1,0.07268341763133024,-0.001977491395154128,0.014028643348505836,0.42468624446147885,1.029996,2672404.0,2672404.0,0.6101654823665544,3.4746052099447513,-1707398.0,,0.5384615384615384,39.0
0x6ae04291ca72f5dee7e014f84eeb9ab982abe8b5,0.04820952287687429,0.14773959,0,588.235294,2,1764828421,-0.033066131444455846,-0.034068135451468876,-0.033066131444455846,-0.033066131444455846,-0.04817961920023092,0.0,-0.033066131444455846,0.0,0.0,,-0.033066131444455846,0.0,-0.033066131444455846,,,-0.23619999348118093,0,0.07268341763133024,,-0.033066131444455846,1.0,5.0,8534.0,8534.0,0.001946916302674991,10.0,-4374808.0,,0.0,1.0
0xa2dad2018922cde83382a06c4c62eaed9cc2229c,0.04820952287687429,0.14773959,0,250.0,2,1764889187,-0.0030060120210390743,-0.004008016028052099,-0.0030060120210390743,-0.0030060120210390743,-0.005668190625080022,0.0,-0.0030060120210390743,0.0,0.0,,-0.0030060120210390743,0.0,-0.0030060120210390743,,,-0.024300000000000033,0,0.07268341763133024,,-0.0030060120210390743,1.0,1.0,12038.0,12038.0,0.002708755052757494,3.2667012499999997,-4432070.0,,0.0,1.0
0x6c649ad3aed492fec60f0cd66ec4bc10c9032a55,0.048187553403028646,0.14762852,0,389.2896,10,1764834847,-0.007467869064000932,-0.008469873071013954,-0.007467869064000932,-0.007467869064000932,-0.028504477835862383,0.0,-0.007467869064000932,0.0,0.0,,-0.007467869064000932,0.0,-0.007467869064000932,,,-0.05532750000000012,0,0.07268341763133024,,-0.007467869064000932,0.28207471646663884,2.79338,7388.0,7388.0,0.0016830046599273583,3.4593131666666666,-4382380.0,,0.0,4.0
0xcefbbeedb24db9f87ad824ae06b82becd6e7750c,0.04814013071363537,0.14738859,0,1.033031,2,1764832309,0.031062131977124485,0.03206413598413751,0.031062131977124485,0.031062131977124485,0.045345535974542446,-0.05880015344765062,0.031062131977124485,-0.05730016007899855,0.0,,0.031062131977124485,0.04079984146984169,0.031062131977124485,-0.05425016571182464,-0.05625016571182464,,1,0.07268341763133024,-0.0035535435500044345,0.031062131977124485,0.02373279470491797,12.5,1717695.0,1717695.0,0.39152152953002234,212.48989114141412,-2669535.0,,0.704225352112676,71.0
0x409295589839dfa0bfa360e18a1c95c5e2cd5009,0.04814013071363537,0.14738859,0,1.033031,2,1764832293,0.031062131977124485,0.03206413598413751,0.031062131977124485,0.031062131977124485,0.045345535974542446,-0.05880015344765062,0.031062131977124485,-0.05730016007899843,0.0,,0.031062131977124485,0.04079984146984181,0.031062131977124485,-0.05425016571182464,-0.05625016571182464,,1,0.07268341763133024,-0.0035501487149912944,0.031062131977124485,0.023732746534704103,10.0,1717837.0,1717837.0,0.3915553241761172,200.36189566666667,-2669377.0,,0.6027397260273972,73.0
0x1a4c96c278bf21a07d40fbcd629b2ec37455fca5,0.04807839838142317,0.14707594,0,1500.0,2,1765131999,0.0,-0.0010020040070130248,0.0,0.0,-0.0014170476562700054,0.0,0.0,0.0,1.0,,0.0,0.0,0.0,,,0.0,0,0.07268341763133024,,0.0,0.28128650152132045,5.1128,35798.0,35798.0,0.007637851723519924,9.662668239130436,-4651122.0,,0.0,7.0
0xd4ee6b26419f0483eddf042237f6a28a427e071f,0.04807839838142317,0.14707594,0,1000.0,2,1764990787,0.0,-0.0010020040070130248,0.0,0.0,-0.0014170476562700054,0.0,0.0,0.0,1.0,,0.0,0.0,0.0,,,0.00030000000000000024,0,0.07268341763133024,,0.0,0.3007428926129343,4.999999,34362.0,34362.0,0.007559218497976553,4.1859996,-4511346.0,,0.0,5.0
0xf1e18796b23683d463686cc95d24374562348215,0.04807839838142317,0.14707594,0,2500.0,10,1764866953,-0.0010020040070130248,-0.0020040080140260497,-0.0010020040070130248,-0.0010020040070130248,-0.006337229773552976,0.0,-0.0010020040070130248,0.0,1.0,,-0.0010020040070130248,0.0,-0.0010020040070130248,,,-0.008000000000000895,0,0.07268341763133024,,-0.0010020040070130248,0.30000000000000004,1.0,80800.0,80800.0,0.01827279565179831,1.4,-4341074.0,,0.0,6.0
0x72bc8711bed173a2749092d075c4329061240556,0.04807839838142317,0.14707594,0,250.0,2,1764939551,-0.0030060120210390743,-0.004008016028052099,-0.0030060120210390743,-0.0030060120210390743,-0.005668190625080022,0.0,-0.0030060120210390743,0.0,0.0,,-0.0030060120210390743,0.0,-0.0030060120210390743,,,-0.024100000299700018,0,0.07268341763133024,,-0.0030060120210390743,0.3065444475613318,0.999999,170194.0,170194.0,0.03786740689451397,2.0491147160120846,-4324278.0,,0.0,6.0
0x2d59530309818bdc037f4d5e5de8273c5c0db257,0.04807839838142317,0.14707594,0,500.0,2,1764862797,-0.0010020040070130248,-0.0020040080140260497,-0.0010020040070130248,-0.0010020040070130248,-0.0028340953125400112,0.0,-0.0010020040070130248,0.0,1.0,,-0.0010020040070130248,0.0,-0.0010020040070130248,,,-0.007400000000000006,0,0.07268341763133024,,-0.0010020040070130248,0.2587755138425663,4.999999,151594.0,151594.0,0.03431500154604707,7.7319566949152545,-4266124.0,,0.0,5.0
0x614f8940a6bbe30f3a2a2b559a56ec9a12171390,0.04805346434831813,0.14694954,0,1000.0,2,1764916451,-0.0020040080140260497,-0.0030060120210390743,-0.0020040080140260497,-0.0020040080140260497,-0.004251142968810016,0.0,-0.0020040080140260497,0.0,0.0,,-0.0020040080140260497,0.0,-0.0020040080140260497,,,-0.016000000000000014,0,0.07268341763133024,,-0.0020040080140260497,0.35752528731607414,4.20815,98422.0,98422.0,0.02201158838942499,8.052202180851063,-4372950.0,,0.0,4.0
0xcdc47c6c362e05c06df6e43f5c7bc3bc27b9ee13,0.04798581165974024,0.1466063,0,20000.0,8,1765070441,0.0,-0.0010020040070130248,0.0,0.0,-0.002503071678017641,0.0,0.0,0.0,1.0,,0.0,0.0,0.0,,,0.0,0,0.07268341763133024,,0.0,0.7792,1.5,270446.0,270446.0,0.05847023432976706,7.333333333333333,-4354916.0,,0.0,4.0
0x1193864fb516aa6eaa10522b6d152c7de876261b,0.04786834930958788,0.14600924,0,1185.52702,8,1764892871,-0.005399577615394018,-0.0064015816224070425,-0.005399577615394018,-0.005399577615394018,-0.014686936585724912,0.0,-0.005399577615394018,0.0,0.0,,-0.005399577615394018,0.0,-0.005399577615394018,,,-0.040200000000000034,0,0.07268341763133024,,-0.005399577615394018,0.4548114313323798,19.5157745,104320.0,104320.0,0.023454334195483963,17.532874833333334,-4343472.0,,0.0,4.0
0x8e27b24398a2eff41bb0f8a59a3fab318e06e648,0.047752261431466866,0.1454178,0,130.135,7,1764570184,-0.0969518654174194,-0.0975198804277644,-0.0969518654174194,-0.0969518654174194,-0.3066191553651919,0.049159235668789776,-0.0969518654174194,-0.002815286624203779,0.0,1.2325000000000008,-0.09537865530449768,-0.0018025808160131236,-0.09380544519157595,0.023400030272242234,0.019000030272242233,-0.2431000000000002,1,0.07268341763133024,0.05206340193870541,-0.0969518654174194,0.26521379019900265,3.028788,1204701.0,1204701.0,0.29204129349434743,6.298604114754098,-2920404.0,,0.25,12.0
0x48e2cebb7d5d5c234038bcef91bbcc64063fe836,0.047701466096249874,0.14515857,0,6000.0,2,1764862239,-0.0010020040070130248,-0.0020040080140260497,-0.0010020040070130248,-0.0010020040070130248,-0.002834095312540011,0.0,-0.0010020040070130248,0.0,1.0,,-0.0010020040070130248,0.0,-0.0010020040070130248,,,-0.007400000000000006,0,0.07268341763133024,,-0.0010020040070130248,0.3875236405030021,0.999999,183043.0,183043.0,0.041439069447337204,1.3315047089552239,-4234117.0,,0.0,3.0
0xfb69e1fe2c883732cc2dfec0d4494c0057ade3fb,0.047701466096249874,0.14515857,0,333.333333,2,1764962779,-0.0020040065230440864,-0.0030060105300571114,-0.0020040065230440864,-0.0020040065230440864,-0.004251140860243102,0.0,-0.0020040065230440864,0.0,0.0,,-0.0020040065230440864,0.0,-0.0020040065230440864,,,-0.016199987947199117,0,0.07268341763133024,,-0.0020040065230440864,0.38888890740743054,1.0,18544.0,18544.0,0.004104743564203024,1.8870507826086957,-4499156.0,,0.0,3.0
0x23332ca1da94384d1c5f1a321d8b3053cecc7c71,0.047701466096249874,0.14515857,0,8000.0,14,1765038581,0.0,-0.0010020040070130246,0.0,0.0,-0.003714535849174077,0.0,0.0,0.0,1.0,,0.0,0.0,0.0,,,0.0,0,0.07268341763133024,,0.0,0.4266231861462681,1.999999,11352.0,11352.0,0.0024713170909689383,4.143879945652174,-4582150.0,,0.0,3.0
0xa4de5b99bf35fca188ceda5b1d06da83df9f0ac8,0.047664062359775265,0.14496753,0,112.472,2,1764856297,0.0,0.0010020040070130248,0.0,0.0,0.0014170476562700054,-0.09410300075287883,0.0,-0.09420450059429407,0.0,,0.0,-0.0031045298330761263,0.0,-0.004899999999999894,-0.09119999496272406,,1,0.07268341763133024,-0.00864324994345478,0.0,0.09136259044864295,110.79207,261949.0,261949.0,0.05938246534177182,232.67350536,-4149269.0,0.0,0.09090909090909091,11.0
0xeffd62b27fefdae9cf2e315ca201cc433aafc544,0.047522161169922174,0.14424144,0,350.0,2,1764857035,-0.0010020040070130248,-0.0020040080140260497,-0.0010020040070130248,-0.0010020040070130248,-0.0028340953125400112,0.0,-0.0010020040070130248,0.0,1.0,,-0.0010020040070130248,0.0,-0.0010020040070130248,,,-0.007400000000000006,0,0.07268341763133024,,-0.0010020040070130248,0.6268198999043346,2.2405,340127.0,340127.0,0.07709211061941687,26.243972083333333,-4071829.0,0.0,0.0,4.0
0x7638caae94cda570ea44786cdaa24f620429ed9d,0.0474705816200087,0.143977,0,1.0309,2,1764830663,0.029058116203377664,0.03006012021039069,0.029058116203377664,0.029058116203377664,0.042511429688100094,-0.06213128440377275,0.029058116203377664,-0.05969103853222548,0.0,,0.029058116203377664,0.03800896146777453,0.029058116203377664,-0.05724428990837638,-0.05864428990837639,,1,0.07268341763133024,-0.0032042998980276434,0.029058116203377664,0.019932333457337324,19.8525,1974998.0,1974998.0,0.45033865501151044,119.09920340079364,-2410586.0,,0.5227272727272727,88.0
0xed1e5a760177c3c266417545be8dd27c27171b0b,0.04746417349986501,0.14394413,0,2539.999999,6,1764920123,-0.0017307341394755514,-0.0027327381464885762,-0.0017307341394755514,-0.0017307341394755514,-0.005707905690635398,0.0,-0.0017307341394755514,0.0,0.9842519688914377,,-0.0017307341394755514,0.0,-0.0017307341394755514,,,-0.008000000000000007,0,0.07268341763133024,,-0.0017307341394755514,0.256656807208694,5.0,28374.0,28374.0,0.0063404963169077224,6.607142607142857,-4446670.0,,0.0,5.0
0x4dccdb0157a344a1b458f39c9a3981d8fc5bc55b,0.04746417349986501,0.14394413,0,500.0,2,1764860897,-0.0010020040070130248,-0.0020040080140260497,-0.0010020040070130248,-0.0010020040070130248,-0.0028340953125400112,0.0,-0.0010020040070130248,0.0,1.0,,-0.0010020040070130248,0.0,-0.0010020040070130248,,,-0.007999999395211987,0,0.07268341763133024,,-0.0010020040070130248,0.25584573617200823,1.0,147328.0,147328.0,0.03336369388412294,1.8033248333333332,-4268490.0,,0.0,5.0
0x5e7c37571e4c0ad0541cfa2e1ca50936b5ee8bdc,0.0473087804292087,0.14314571,0,500.0,2,1764856855,-0.0010020040070130248,-0.0020040080140260497,-0.0010020040070130248,-0.0010020040070130248,-0.0028340953125400112,0.0,-0.0010020040070130248,0.0,1.0,,-0.0010020040070130248,0.0,-0.0010020040070130248,,,-0.007400000000000006,0,0.07268341763133024,,-0.0010020040070130248,0.34694075826044585,1.2499995,164123.0,164123.0,0.037201118098471,3.374985,-4247653.0,,0.0,3.0
0xd5d431466d4ede059f902af78160407f14daff08,0.0473087804292087,0.14314571,0,2666.666666,4,1764956075,-0.0016282563251643046,-0.00263026033217733,-0.0016282563251643046,-0.0016282563251643046,-0.005096345126837229,0.0,-0.0016282563251643046,0.0,0.37500000009375,,-0.0016282563251643046,0.0,-0.0016282563251643046,,,-0.01204999758214954,0,0.07268341763133024,,-0.0016282563251643046,0.3600000480000608,2.9999995,81188.0,81188.0,0.017997799155663186,4.1037343928571435,-4429808.0,,0.0,3.0
0x5b00df8f6d7475b082d3437689eee31780b5f267,0.047133913928614005,0.14224425,0,504.0,4,1764861313,-0.0010020040070130246,-0.0020040080140260497,-0.0010020040070130246,-0.0010020040070130246,-0.003950294824316246,0.0,-0.0010020040070130246,0.0,1.0,,-0.0010020040070130246,0.0,-0.0010020040070130246,,,-0.007849999998200458,0,0.07268341763133024,,-0.0010020040070130246,0.24444444444444802,3.0,59072.0,59072.0,0.013376102806146595,5.783635818181818,-4357162.0,,0.0,5.0
0x94a2c905e1c085f4ebe408ff13c5ed36e00b4cef,0.04713031877283271,0.14222568,0,2000.0,4,1764939195,-0.004008016028052099,-0.005010020035065124,-0.004008016028052099,-0.004008016028052099,-0.010020040070130248,0.0,-0.004008016028052099,0.0,0.0,,-0.004008016028052099,0.0,-0.004008016028052099,,,-0.03230000000000003,0,0.07268341763133024,,-0.004008016028052099,0.4502290929799686,5.0,84716.0,84716.0,0.01885042575670054,6.18749975,-4409400.0,,0.0,3.0
0x415c3242d79d2ba089904278178c7f4348c59d55,0.04698405353870803,0.14146917,0,1.029862,2,1764831951,0.02805611414226427,0.029058118149277293,0.02805611414226427,0.02805611414226427,0.04109438478374773,-0.0634168291288196,0.02805611414226427,-0.06088143304790397,0.0,,0.02805611414226427,0.03661856734049761,0.02805611414226427,-0.058436301020931974,-0.05983630102093197,,1,0.07268341763133024,-0.003477584116585424,0.02805611414226427,0.05460827046901135,0.999998,1976640.0,1976640.0,0.4505807326951869,152.12741424242424,-2410232.0,,0.673469387755102,49.0
0x446159f00ecc5219687bd71f8bb76b575aa34280,0.04690618979794497,0.14106552,0,4.0,4,1764875611,0.0,0.0,0.0,0.0,0.0,0.0,0.0,0.0,1.0,0.0,0.0,0.0,0.0,,,-0.008000000000000007,1,0.07268341763133024,-0.02730126317567295,0.0,0.19727890249436436,3.5368295,480.0,480.0,0.00010833913399113245,9.66294109,-4430052.0,,0.0,6.0
0x6b592c31f9a267ffeea69b889ab4b212320ad12a,0.04687908647711393,0.14092487,0,28038.53884,863,1764817451,0.0,0.0,0.0,0.0,0.0,3.430130508411823,0.0,3.4223638815361452,0.0,3793.0382085714486,0.10016745627332195,3.4251005689457825,0.2003349125466439,6.869674850087617,6.864245469246496,,1,0.07268341763133024,-0.00040101488592717824,0.0,0.10050647040043308,4.84,2788545.0,2788545.0,0.6377648104964536,60.308256480484516,-1583827.0,,0.5454545454545454,22.0
0x74e6c1260ac5448c00eb63e1f6894ecd090c99e8,0.04658984119929739,0.139419,0,27.728,5,1764802965,0.9009098958424648,0.9019118998494777,0.9009098958424648,0.9009098958424648,1.704404098087042,7.191075423305282,0.9009098958424648,6.920447225138192,0.0,,0.9009098958424648,6.923747225089685,0.9009098958424648,7.190059675174015,7.189659675222522,,1,0.07268341763133024,0.00267258386409457,0.9009098958424648,0.0,14.637427500000001,13749442.0,13749442.0,3.155071518621644,115.58384229044394,9391556.0,,,0.0
0x5ad847c5e1d198f3f8a0d16dd084418d3c15e58a,0.04648173948571457,0.13885392,0,1333.333333,2,1764912975,-0.002004007641280517,-0.0030060116482935415,-0.002004007641280517,-0.002004007641280517,-0.004251142441668229,0.0,-0.002004007641280517,0.0,0.0,,-0.002004007641280517,0.0,-0.002004007641280517,,,-0.015699996912399667,0,0.07268341763133024,,-0.002004007641280517,0.4267081385020092,3.7842,226073.0,226073.0,0.05059943203691402,9.281102938753387,-4241823.0,,0.3333333333333333,3.0
0x77c438dc1c440e007d8a29baf709601438c4b182,0.04647827991405278,0.13883582,0,1000.0,2,1764956857,-0.0010020040070130248,-0.0020040080140260497,-0.0010020040070130248,-0.0010020040070130248,-0.002834095312540011,0.0,-0.0010020040070130248,0.0,1.0,,-0.0010020040070130248,0.0,-0.0010020040070130248,,,-0.007700000896399994,0,0.07268341763133024,,-0.0010020040070130248,0.7222222222222223,9.0,591418.0,591418.0,0.13108313396625454,7.0,-3920360.0,0.0,0.0,2.0
0xa645a7ff60f1823cb8f24d8336e6c2f003defdbe,0.04647827991405278,0.13883582,0,2485.0,2,1764935985,-0.0030060120210390743,-0.004008016028052099,-0.0030060120210390743,-0.0030060120210390743,-0.005668190625080022,0.0,-0.0030060120210390743,0.0,0.0,,-0.0030060120210390743,0.0,-0.0030060120210390743,,,-0.02420000000000002,0,0.07268341763133024,,-0.0030060120210390743,0.8355230975801426,10.044985,690624.0,690624.0,0.15378277790717507,17.799947195121952,-3800282.0,,0.0,2.0
0xaf0dd4cd8d22d970e1e1c562772df067e2660b6e,0.04633459561815787,0.13808274,0,1000.0,2,1765015901,0.0,-0.0010020040070130248,0.0,0.0,-0.0014170476562700054,0.0,0.0,0.0,1.0,,0.0,0.0,0.0,,,0.0,0,0.07268341763133024,,0.0,0.4418785854992092,1.63,266886.0,266886.0,0.05838905999839854,4.0939993999999995,-4303936.0,,0.0,4.0
0x13aaad4de109d5d2e17e06188ca170f1c39b1750,0.04621659762057586,0.13746263,0,100.824615,11,1764826181,-0.011158949509554988,-0.012160953516568013,-0.011158949509554988,-0.011158949509554988,-0.04363919441887832,0.0,-0.011158949509554988,0.0,0.0,,-0.011158949509554988,0.0,-0.011158949509554988,,,-0.007899975124900194,0,0.07268341763133024,,-0.011158949509554988,1.0,2.049999,424784.0,424784.0,0.09695825388224241,2.7939998,-3956318.0,,0.0,1.0
0xdac10bbc264d0b3cfb63400362a9d8c961647249,0.0462146378957032,0.13745232,0,2.0,2,1764443281,0.9989979949919848,0.9999999989989979,0.9989979949919848,0.9989979949919848,1.4142135609574644,0.2078999999999993,0.9989979949919848,0.2575,0.0,,0.9989979949919848,0.256,0.9989979949919848,0.6238999999999997,0.6254999999999996,,1,0.07268341763133024,0.07898932366823805,0.9989979949919848,0.0,4.998,33886738.0,33886738.0,8.475494234658479,12.648767526515151,29888536.0,0.0,,0.0
0xbeee08432e520bd4969a1b5e3d29247aa4ecdd37,0.04612894902771805,0.13700104,0,2.059724,2,1764830935,0.02805611414226427,0.029058118149277293,0.02805611414226427,0.02805611414226427,0.041094384783747724,-0.06237169710184773,0.02805611414226427,-0.06088143304790397,0.0,,0.02805611414226427,0.03661856734049761,0.02805611414226427,-0.058436301020931974,-0.05983630102093197,,1,0.07268341763133024,-0.0032620120932510257,0.02805611414226427,0.6154107928030411,1.999998,40211735.0,40211735.0,9.16850325227276,496.43918395454546,35825879.0,,0.5333333333333333,15.0
0x1fb7edff692ec67771acde43aa8c3bbc7e5552a8,0.04610681083304706,0.13688432,0,282.41022,3,1764847681,-0.0006680026713420166,-0.0010020040070130248,-0.0006680026713420166,-0.0006680026713420166,-0.0017355218495341608,-0.030299999650175217,-0.0006680026713420166,-0.029830322043825006,0.0,0.0,-0.0006680026713420166,0.0006030112895083312,-0.0006680026713420166,-0.0017909661314750099,-0.08949096613147502,-0.016100000000000024,1,0.07268341763133024,-0.006815131288878818,-0.0006680026713420166,0.5492220775120706,99.77272,4176042.0,4176042.0,0.9485395227640382,97.5130302682927,-226560.0,,0.4,5.0
0xf295efc3fc24cf923e92f31fb11ff716d93350bc,0.04593322219265765,0.13596724,0,57.4737,8,1764840469,1.2972045143218252e-07,2.5944090286439383e-07,1.2972045143218252e-07,1.2972045143218252e-07,2.2801790467119004e-05,-0.044731189110662144,1.2972045143218252e-07,-0.04549309747136767,0.0,-0.0004350000000006189,-4.572645912992851e-06,-0.00030081332652767885,-9.275012277417886e-06,-0.04399699248246057,-0.09099699237640334,,2,0.07268341763133024,-0.005284909406705902,1.2972045143218252e-07,0.16739809048024548,10.999989,287939.0,287939.0,0.06550931771697165,11.714000079365082,-4107451.0,,0.2727272727272727,11.0
0x2ca17fe446a7aec10c77859d128b62bf81740e76,0.045835847921596604,0.13545136,0,134.405714,3,1764903963,-0.005942574809401149,-0.006944578816414174,-0.005942574809401149,-0.005942574809401149,-0.010814432313598764,0.0,-0.005942574809401149,0.0,0.0,,-0.005942574809401149,0.0,-0.005942574809401149,,,-0.047124752987843965,0,0.07268341763133024,,-0.005942574809401149,0.3378863897799351,5.167989,686228.0,686228.0,0.15390129009859865,6.599588163265305,-3772656.0,,0.2,5.0
0x051f331e209fc72041d92d85c415e4785a339faa,0.045762570265322,0.13506246,0,3914.333333,4,1764895561,-0.00428598047170401,-0.005287984478717035,-0.00428598047170401,-0.00428598047170401,-0.009496475507849583,0.0,-0.00428598047170401,0.0,0.0,,-0.00428598047170401,0.0,-0.00428598047170401,,,-0.03332350499048936,0,0.07268341763133024,,-0.00428598047170401,0.3557608932297438,4.95,236809.0,236809.0,0.05320974222567353,26.603198508196723,-4213673.0,0.0,0.0,10.0
0x420e8deb590ad77ff5b2f6776cea2b1fc6dee3c9,0.045571741156682846,0.13404688,0,34.774112,4,1764778271,0.9044796813072689,0.905481685314282,0.9044796813072689,0.9044796813072689,1.7432239813303618,7.209528813676073,0.9044796813072689,5.03570810660482,0.0,,0.9044796813072689,5.039249141737216,0.9044796813072689,7.232787108328648,7.230474999158877,,2,0.07268341763133024,0.007912087352499724,0.9044796813072689,0.0,6.60421,19910664.0,19910664.0,4.594918480418131,75.83882309299781,15577472.0,,,0.0
0xae9b5f1057e3226ed243d564e3e846b16ee2e4ed,0.04557169644626464,0.13404664,0,4000.0,4,1765040753,0.0,-0.0010020040070130248,0.0,0.0,-0.0020040080140260497,0.0,0.0,0.0,1.0,,0.0,0.0,0.0,,,0.0,0,0.07268341763133024,,0.0,0.31058154921625153,5.5,518793.0,518793.0,0.11288725005298461,7.9770662222222235,-4076881.0,,0.0,7.0
0x49151cc8f6376a16caa2e7db597e5ab74ab8b02b,0.04555162568786727,0.1339396,0,5717.726697,24,1764818475,-0.00022479676638603328,-0.00026835573806101184,-0.00022479676638603328,-0.00022479676638603328,-0.0028867046098840165,0.0,-0.00022479676638603328,0.0,0.6319370898780895,5.6510509502622215,0.0005146716638262372,0.0,0.0012541400940385078,,,-0.02599999781355078,2,0.07268341763133024,-0.001889225684812484,-0.00022479676638603328,0.2087101977268356,5.0,60720.0,60720.0,0.013883947394656235,9.702210510204083,-4312676.0,0.0,0.125,8.0
0x740b95ed0aefb264360a3530dd3a298a018a1d47,0.04554214641189665,0.13388902,0,1000.0,3,1765095985,-3.212805213486063e-17,-0.001002004007013057,-3.212805213486063e-17,-3.212805213486063e-17,-0.0017074871312072787,0.0,-3.212805213486063e-17,0.0,1.0,,-3.212805213486063e-17,0.0,-3.212805213486063e-17,,,0.0,0,0.07268341763133024,,-3.212805213486063e-17,0.22059663678493685,59.999999,240388.0,240388.0,0.05168627359916541,121.71357796277279,-4410518.0,,0.0,7.0
0x92f759cdf35faddf76c090de3557c1db69d4cb5f,0.045527903101642314,0.13381301,0,3.999996,2,1764789259,-0.9028054810741348,-0.9038074850811477,-0.9028054810741348,-0.9028054810741348,-1.278176803176078,0.0,-0.9028054810741348,0.0,0.0,,-0.9028054810741348,0.0,-0.9028054810741348,,,-1.0463766615703671,0,0.07268341763133024,,-0.9028054810741348,0.4835338805449517,1.999965,450190.0,450190.0,0.10363060462503856,269.1143062178423,-3893990.0,,0.13636363636363635,22.0
0xa0a6868804ebf06e831a306ba23e68876e08519e,0.045428418944593305,0.13328147,0,240.8405,7,1764810173,-0.01491662568930708,-0.015540514976692548,-0.01491662568930708,-0.01491662568930708,-0.036114304227961413,1.3554528286773584,-0.01491662568930708,1.3533584905660379,0.0,43.55000000000001,0.026250614410143112,1.354301886792453,0.06741785450959331,7.1905000033273,7.1888000000000005,0.05515526315789465,1,0.07268341763133024,0.00114321069067494,-0.01491662568930708,0.05812528227064935,2.347826,3878514.0,3878514.0,0.8885293191853372,5.005745518518518,-486580.0,,0.5853658536585366,41.0
0xe90bec87d9ef430f27f9dcfe72c34b76967d5da2,0.04529263749606391,0.1325542,0,48249.984008,3,1764830515,0.03406813621950501,0.03507014022651804,0.03406813621950501,0.03406813621950501,0.05503230186930859,-0.055198730570295985,0.03406813621950501,-0.053688481364909224,0.0,,0.03406813621950501,0.045011518631310816,0.03406813621950501,-0.05120025363809752,-0.052633586971430855,,1,0.07268341763133024,-0.003172897674156097,0.03406813621950501,0.0,9.88,1423576.0,1423576.0,0.32461447390863757,2572.217949725728,-2961860.0,0.0,,0.0
0x087c852bb3bc6a0adbb829d3a8201b73f56c7597,0.04528354286551095,0.13250542,0,1.0204,2,1764829657,0.019038076133247473,0.020040080140260496,0.019038076133247473,0.019038076133247473,0.028340953125400112,-0.07373848146093553,0.019038076133247473,-0.07041540985051825,0.0,,0.019038076133247473,0.024384590149481772,0.019038076133247473,-0.06781540985051834,-0.07041540985051836,,1,0.07268341763133024,-0.0029908496465764576,0.019038076133247473,0.021483118765685615,89.575,2239872.0,2239872.0,0.5108523556885064,143.94339025471697,-2144706.0,,0.5125,80.0
0xb0b31ee42d62a991e7b4897d996c92a9562504d9,0.045278196345976046,0.13247673,0,1000.0,2,1765022115,0.0,-0.0010020040070130248,0.0,0.0,-0.0014170476562700054,0.0,0.0,0.0,1.0,,0.0,0.0,0.0,,,0.0,0,0.07268341763133024,,0.0,0.5000000000005,0.999999,340301.0,340301.0,0.07434964461717146,0.999999,-4236735.0,0.0,0.0,2.0
0xf0cce1a4f1d804e968bb86dc321957d19da1b6ec,0.045211788585931355,0.13212018,0,250.0,2,1764855681,-0.0030060120210390743,-0.004008016028052099,-0.0030060120210390743,-0.0030060120210390743,-0.005668190625080022,0.0,-0.0030060120210390743,0.0,0.0,,-0.0030060120210390743,0.0,-0.0030060120210390743,,,-0.024099902692700393,0,0.07268341763133024,,-0.0030060120210390743,0.2489985614944567,1.0,610628.0,610628.0,0.13844550018342167,3.6269218461538464,-3799974.0,,0.1,10.0
0x861b0822b4b1828fb87b7aebbdadb59d3d991c5a,0.04517295502971131,0.13191144,0,1050.521,2,1764895821,0.004008016028052099,0.005010020035065124,0.004008016028052099,0.004008016028052099,0.0070322661950999645,-0.08938490509852606,0.004008016028052099,-0.08872279166328242,0.0,,0.004008016028052099,0.002428752189720045,0.004008016028052099,0.004930188599936371,-0.08671981140006363,,1,0.07268341763133024,-0.017029341134664193,0.004008016028052099,0.12393996388092349,202.12231500000001,1947738.0,1947738.0,0.43762096297651043,397.1016206792453,-2503004.0,,0.9166666666666666,12.0
0x22b4139906384ae2a6bed90fd01b81df019d5868,0.04487753443573416,0.1303179,0,26666.666666,2,1764958095,-0.0020040079954263654,-0.0030060120024393905,-0.0020040079954263654,-0.0020040079954263654,-0.004251142942506091,0.0,-0.0020040079954263654,0.0,0.0,,-0.0020040079954263654,0.0,-0.0020040079954263654,,,-0.01599999984368139,0,0.07268341763133024,,-0.0020040079954263654,0.18101469217136934,53.325,689816.0,689816.0,0.15285033334692366,72.23694925,-3823200.0,,0.0,7.0
0x4c5d1f3150cc32169c89ee253c8daa02ddaa0049,0.04466807954426682,0.129182,0,21.78,2,1764832827,0.0,0.0,0.0,0.0,0.0,0.0,0.0,0.0,0.0,1.3200000000000012,0.0005010020035065124,0.0,0.0010020040070130248,,,-0.2269000000000002,1,0.07268341763133024,-0.0037012188730760304,0.0,0.4804643828068183,4.2,1094498.0,1094498.0,0.24944413398399362,9.249574561333333,-3293250.0,,0.35714285714285715,14.0
0x1adf8746a07bbd618542a4aea121dc9adf903986,0.044379128526075104,0.12760662,0,1.006,2,1764826419,0.005010020035065124,0.006012024042078149,0.005010020035065124,0.005010020035065124,0.008502285937620032,-0.09050000000000001,0.005010020035065124,-0.08928186404857888,0.0,,0.005010020035065124,-0.08668186404857887,0.005010020035065124,-0.08485466012144718,-0.08625466012144718,,1,0.07268341763133024,-0.002303819910792223,0.005010020035065124,0.07792259957357832,423.1625,2414246.0,2414246.0,0.5510291372045995,704.078386361111,-1967094.0,0.0,0.5238095238095238,21.0
0x084d455627ffc65c4bfffbced85a9e60e741f87e,0.04434237358128092,0.12740552,0,2.173912,2,1764640684,-0.9208416640080864,-0.9218436680150994,-0.9208416640080864,-0.9208416640080864,-1.3036838176947145,0.0,-0.9208416640080864,0.0,0.0,,-0.9208416640080864,0.0,-0.9208416640080864,,,-0.04296302027178995,0,0.07268341763133024,,-0.9208416640080864,0.17757521668251094,790.0,2766717.0,2766717.0,0.6594321915432935,1004.8604547692308,-1428888.0,,0.47619047619047616,21.0
0x1a76fc9612c66e041c9ac7398b314665d20e1cbe,0.044328618715272675,0.12733023,0,1.031967,2,1764828655,0.030060142542589548,0.03106214654960257,0.030060142542589548,0.030060142542589548,0.0439285089268686,-0.06064244741081178,0.030060142542589548,-0.05734888547510285,0.0,,0.030060142542589548,0.03175111300888054,0.030060142542589548,-0.05574889987792746,-0.05734888547510285,,1,0.07268341763133024,-0.0027782481038785565,0.030060142542589548,0.047711734202977675,36.5,3559350.0,3559350.0,0.811974059534955,566.9959954153846,-824226.0,,0.5757575757575758,33.0
0x024d123b7b67330e06dc0d51899685414a9dd0ae,0.04430801988988085,0.12721743,0,1563.092119,8,1764833447,-0.0069835893251936395,-0.007985593332206664,-0.0069835893251936395,-0.0069835893251936395,-0.022265160825235383,0.0,-0.0069835893251936395,0.0,0.0,,-0.0069835893251936395,0.0,-0.0069835893251936395,,,-0.0807691963025107,0,0.07268341763133024,,-0.0069835893251936395,0.4941942488948066,5.091675,827268.0,827268.0,0.1885138165258702,13.923189103773586,-3561100.0,,0.25,4.0
0xc71dcf573ee6c738dadd1950026aa1534312b270,0.0440677639372288,0.12589805,0,1046.4846539999999,14,1764854107,0.0,2.192846400731979e-09,0.0,0.0,1.4823093065543145e-06,0.0,0.0,0.0,0.019646676701259604,-0.5930060840000004,-0.00036775205229284177,0.0,-0.0007355041045856835,,,-0.015699999999999107,2,0.07268341763133024,-0.008300795961504268,0.0,0.01932288629630943,5.939999,620920.0,620920.0,0.1408292258520472,6.916594361111111,-3788108.0,,0.7761194029850746,67.0
0xb3bd99454bfc2696c54dba999e7de40fb020f543,0.04405613042317094,0.12583399,0,68404.693197,47,1764830773,-0.00021618265618289156,-0.00032427398427433134,-0.00021618265618289156,-0.00021618265618289156,-0.0009873051680402123,-0.03716432081034411,-0.00021618265618289156,-0.03626786587950798,0.0,11.37852371118194,0.0005955985107688398,0.0046272834808085556,0.0014073796777205711,-0.06579354152379455,-0.06784560405780243,,1,0.07268341763133024,-0.003227639388742982,-0.00021618265618289156,0.0,48.867580000000004,604220.0,604220.0,0.13777066981873337,259.71331210660765,-3781474.0,0.0,,0.0
0xcb640d538d35bd3a565a5f458e2df5cbd4c916ab,0.04386205499790881,0.12476292,0,103.985116,7,1764570240,-8.376670701123361e-07,-7.226782268514572e-05,-8.376670701123361e-07,-8.376670701123361e-07,-0.008289728757039217,0.0,-8.376670701123361e-07,0.0,0.0,-0.14363534749999882,-0.001005250395218475,0.0,-0.0020096631233668377,,,-0.027214366694190428,1,0.07268341763133024,0.05085187019339102,-8.376670701123361e-07,0.18525296246167428,32.923125,129733.0,129733.0,0.031449196770744224,32.73776569230769,-3995428.0,,0.0,6.0
0x58e66a4c87d6b02afcabaac2ee249b84d109a84c,0.043859254270550596,0.12474743,0,666.666666,2,1764853593,-0.0020040072700380687,-0.0030060112770510933,-0.0020040072700380687,-0.0020040072700380687,-0.004251141916652123,0.0,-0.0020040072700380687,0.0,0.0,,-0.0020040072700380687,0.0,-0.0020040072700380687,,,-0.015999986913083537,0,0.07268341763133024,,-0.0020040072700380687,0.37043462299603747,1.079999,767236.0,767236.0,0.17403506034006017,1.3599990000000002,-3641278.0,,0.3333333333333333,3.0
0x6bab41a0dc40d6dd4c1a915b8c01969479fd1292,0.04372952642504258,0.12402892,0,38202.923467,59,1764192773,0.570658155382803,0.5718344558264915,0.570658155382803,0.570658155382803,2.7024206912638062,0.5197133355850313,0.570658155382803,0.017193030095904227,0.0,4034.4312,0.5788654702779378,0.021614629591081395,0.5870727851730726,2.227846687636158,2.2238052355309446,,5,0.07268341763133024,0.13214140676021982,0.570658155382803,0.0,8.61,43983916.0,43983916.0,11.736261284939486,1126.9354251325258,40236222.0,0.0,,0.0
0x966e2a54ed345c77aaca0feb26621eb22c14b2fe,0.043726353641647064,0.12401132,0,1000.0,2,1764836847,-0.0030060120210390743,-0.004008016028052099,-0.0030060120210390743,-0.0030060120210390743,-0.005668190625080022,0.0,-0.0030060120210390743,0.0,0.0,,-0.0030060120210390743,0.0,-0.0030060120210390743,,,-0.01020000000000001,0,0.07268341763133024,,-0.0030060120210390743,0.17238771534526867,18.0,824638.0,824638.0,0.1877690260505564,52.772308809847196,-3567130.0,,0.4,15.0
0xe57c8e06849ff306e665287a52f46a54da8b79ec,0.043715931479602246,0.12395351,0,129.45015,6,1764831915,-5.569660886011328e-07,-6.166410428401953e-07,-5.569660886011328e-07,-5.569660886011328e-07,-0.00013839861264119385,0.0,-5.569660886011328e-07,0.0,0.0,-4.512449050048947,-0.00347962919564203,0.0,-0.006958701425195459,,,-0.23409873482486582,1,0.07268341763133024,-0.004844005209374328,-5.569660886011328e-07,0.1416311567399997,6.21221,172191.0,172191.0,0.03925175228798159,9.98458379710145,-4214645.0,,0.4,10.0
0xdda3f6be137d7563f6c05a6f4474cc37ec9a9df5,0.043715931479602246,0.12395351,0,2000.0,4,1764858103,0.0,0.0,0.0,0.0,0.0,0.0,0.0,0.0,1.0,1.0000000000000009,0.0001252505008766281,0.0,0.0002505010017532562,,,-0.00800000079840002,1,0.07268341763133024,-0.015495300063101496,0.0,0.09286810865667681,1.999999,117810.0,117810.0,0.02669597989949749,4.322868659574469,-4295214.0,,0.38095238095238093,21.0
0x6b38aad63bb25a9e9bcf4f3c84d6bdbe2212d511,0.04371319605489854,0.12393833,0,20.599996,2,1764842079,0.0010020739099340817,0.0020040779169471067,0.0010020739099340817,0.0010020739099340817,0.0028341941701990193,-0.09170292767647453,0.0010020739099340817,-0.09019691542804285,0.0,,0.0010020739099340817,-0.0022969150990428504,0.0010020739099340817,-0.08859691542804286,-0.09019691542804285,,1,0.07268341763133024,-0.005626514679903129,0.0010020739099340817,0.4669057239635586,1.449998,2498732.0,2498732.0,0.5682811007505117,144.5721761012658,-1898268.0,0.0,0.6545454545454545,55.0
0x9b0dd2313d05efaf8800ce94613327377502400a,0.043701241064235695,0.12387199,0,2.0,3,1764883479,-0.0029663286940286577,-0.003968332701041683,-0.0029663286940286577,-0.0029663286940286577,-0.006006447178078811,0.0,-0.0029663286940286577,0.0,0.0,,-0.0029663286940286577,0.0,-0.0029663286940286577,,,-0.023879207920792102,0,0.07268341763133024,,-0.0029663286940286577,0.2359183563381924,1.0,497616.0,497616.0,0.11211607786589763,2.7692306923076924,-3940784.0,,0.0,11.0
0xc8a0a79c363c652c285183b06e2ad090b4a25cc4,0.04355788917337906,0.12307516,0,778.813648,19,1764690386,-0.05852631706364094,-0.05859119325801023,-0.05852631706364094,-0.05852631706364094,-0.28838973041272403,1.1864715943182196,-0.05852631706364094,0.033925483631035265,0.0,0.34500605791666566,-0.05729938328848011,0.034785376324815084,-0.05607244951331928,7.49493881589348,7.490488834646159,-1.0420239642728903,2,0.07268341763133024,0.02655036810620402,-0.05852631706364094,0.0,14.21924,281099.0,281099.0,0.0662140570752598,24.30146031543624,-3964208.0,0.0,,0.0
0xcee062081d1d318d2fd8475f5e51682d2947f6e2,0.04345918049220002,0.12252502,0,1.0427309999999999,2,1764828977,0.04008018814783886,0.041082192154851885,0.04008018814783886,0.04008018814783886,0.0580989933174091,-0.049631618473145296,0.04008018814783886,-0.045572378844003544,0.0,,0.04008018814783886,0.05172762671682361,0.04008018814783886,-0.04360757730507933,-0.04450756887577824,,1,0.07268341763133024,-0.002846569158518002,0.04008018814783886,0.026588508879614482,0.999999,3904540.0,3904540.0,0.8906548464403141,349.62263192452826,-479358.0,,0.7662337662337663,77.0
0x597b6db1395187dbadebc8e4d4173af2d994aafe,0.043317195020677435,0.121731594,0,2.999996,2,1764932771,0.0010026640074567745,0.0020046680144697993,0.0010026640074567745,0.0010026640074567745,0.002835028694118734,-0.08769626438149625,0.0010026640074567745,-0.09340228198038346,0.0,,0.0010026640074567745,-0.0010021502442947722,0.0010026640074567745,0.0007037350406533087,-0.09139626495934669,,1,0.07268341763133024,-0.02486928824313469,0.0010026640074567745,0.10374754893887646,170.95,2516100.0,2516100.0,0.5606668193806527,842.2916657857141,-1971592.0,,0.4782608695652174,23.0
0xdc4a4859f266cfffb74b4512d0df243343bcdddc,0.04327885890978868,0.12151694,0,5.015,2,1764839203,0.0020040080140260497,0.0030060120210390743,0.0020040080140260497,0.0020040080140260497,0.004251142968810017,-0.09119999999999989,0.0020040080140260497,-0.09029548306573751,0.0,,0.0020040080140260497,-0.0012954830657375053,0.0020040080140260497,-0.087690966131475,-0.08929096613147501,,1,0.07268341763133024,-0.005016293086291189,0.0020040080140260497,0.053970261559953235,3.1799885,767202.0,767202.0,0.1745972576103906,4.13113,-3626922.0,0.0,0.5517241379310345,29.0
0x71d0639d545f0247a84d34f0493c832062defd10,0.04324896301628451,0.121349424,0,19.299996,2,1764832129,0.029058160519997298,0.030060164527010325,0.029058160519997298,0.029058160519997298,0.04251149236126461,-0.06223123189560917,0.029058160519997298,-0.05969098580928856,0.0,,0.029058160519997298,0.03800902303630877,0.029058160519997298,-0.05724423711384835,-0.05864423711384835,,1,0.07268341763133024,-0.003515351656106608,0.029058160519997298,0.044935798037635324,4.469996,3560120.0,3560120.0,0.8115065932688252,5.973804929936306,-826930.0,0.0,0.7317073170731707,41.0
0xc126c5f58d2d96820a31dde627e2bd676f9ce798,0.04310183660575706,0.1205234,0,144.20000000000002,4,1764858507,0.0,0.0,0.0,0.0,0.0,-0.04735150187718999,0.0,-0.04700300775938042,0.0,0.0,0.0,-0.0021030037005310954,0.0,-0.004099999001832106,-0.09000000801000085,,1,0.07268341763133024,-0.009112161529644761,0.0,0.19002649456305973,5.051399999999999,858424.0,858424.0,0.1945027765265458,31.28045025925926,-3555004.0,,0.13333333333333333,15.0
0xac9fb29254ff7cdc043854cef8dbb2f257cc598e,0.043066843795736665,0.12032654,0,30.4912,5,1764831663,0.0,0.0,0.0,0.0,0.0,0.0,0.0,0.0,0.0,-0.20000000000000018,-0.0003757515026298843,0.0,-0.0007515030052597686,,,-0.2350000000000002,1,0.07268341763133024,-0.0034279346545182496,0.0,0.19004998467779416,4.3,318451.0,318451.0,0.07259658084742023,16.53509305418719,-4068133.0,,0.35714285714285715,14.0
0xef200bc44e7e6bb9a50eac5f5fc10a8313060bfd,0.04304520110092535,0.12020471,0,20.06,4,1764838919,0.0,0.0,0.0,0.0,0.0,-0.045599999999999946,0.0,-0.044947741532868755,0.0,0.0,0.0,-0.0018477415328687536,0.0,-0.08799096594365094,-0.08889096613147501,,1,0.07268341763133024,-0.004956034764807952,0.0,0.056909859592660504,10.999972499999998,805622.0,805622.0,0.18335260273473772,11.950320076530614,-3588218.0,,0.4,25.0
0xef787d049a0826fd3d37061f34236b9969b8b82e,0.043013245779731035,0.12002472,0,6.0,5,1764884107,-0.003006012021039074,-0.004008016028052099,-0.003006012021039074,-0.003006012021039074,-0.008803255225611508,0.0,-0.003006012021039074,0.0,0.0,,-0.003006012021039074,0.0,-0.003006012021039074,,,-0.02420000000000002,0,0.07268341763133024,,-0.003006012021039074,0.2222222222222222,1.0,2224.0,2224.0,0.0005010105815957908,1.2857142857142858,-4436804.0,0.0,0.0,5.0
0x7316094342453ae86254cd48e4b8cb5bc6dd4686,0.04291817544729264,0.11948847,0,213.61332,5,1764965695,-0.0010026028024664375,-0.002004606809479462,-0.0010026028024664375,-0.0010026028024664375,-0.0033471080380127922,0.0,-0.0010026028024664375,0.0,0.8562980061355724,,-0.0010026028024664375,0.0,-0.0010026028024664375,,,-0.008000000000000007,0,0.07268341763133024,,-0.0010026028024664375,0.13405581095943914,99.999999,255228.0,255228.0,0.05645867731300336,207.5506922743363,-4265388.0,,0.14285714285714285,14.0
0x10e5d83b753200594bfb6a1122ae2360a2a8c66a,0.04247572024837464,0.11697776,0,5000.0,3,1765063391,1.2572886384522251e-17,-0.0010020040070130123,1.2572886384522251e-17,1.2572886384522251e-17,-0.001704023260991963,0.0,1.2572886384522251e-17,0.0,1.0,,1.2572886384522251e-17,0.0,1.2572886384522251e-17,,,0.0,0,0.07268341763133024,,1.2572886384522251e-17,0.1631157953911469,5.1,1902.0,1902.0,0.00041183878438702276,9.905372357142857,-4616410.0,0.0,0.0,8.0
0x0c7bf9696a2bd20bf82f29a438456ebce3e7c8ce,0.042389186027542054,0.1164838,0,28.879996,2,1764934179,0.0010020128712800518,0.0020040168782930767,0.0010020128712800518,0.0010020128712800518,0.0028341078485066614,-0.08759698271132557,0.0010020128712800518,-0.09109999024220143,0.0,,0.0010020128712800518,-9.998994250141232e-05,0.0010020128712800518,0.0006030176670183979,-0.09009698271132557,,1,0.07268341763133024,-0.02516803372429102,0.0010020128712800518,0.1421825844926878,27.391,513158.0,513158.0,0.11431200017820944,128.18247945118736,-3975942.0,,0.4444444444444444,9.0
0x417463d044746c950311adfdfc9ee13674ab04a2,0.0420891526806497,0.11476364,0,101.47998,7,1764786807,-0.009463371177345234,-0.010020040070130248,-0.009463371177345234,-0.009463371177345234,-0.024190516632830304,0.7881111113155557,-0.009463371177345234,-0.0033333333333333353,0.0,10.11499,0.013059429957980692,-0.003144444387866665,0.03558223109330662,7.100899999199287,7.097999999199287,-0.21880000000000066,2,0.07268341763133024,0.006100942872989462,-0.009463371177345234,0.3982973830790799,5.159999,2964226.0,2964226.0,0.6827295491564649,51.65233432927653,-1377502.0,,0.37735849056603776,53.0
0x75802c56002ebe765938f4f75d72a43e5ccd7308,0.04205669171372205,0.11457683,0,20087.5,7,1764905803,-0.0030060120210390236,-0.004008016028052049,-0.0030060120210390236,-0.0030060120210390236,-0.00823501994431192,0.0,-0.0030060120210390236,0.0,0.0,,-0.0030060120210390236,0.0,-0.0030060120210390236,,,-0.023699970720376672,0,0.07268341763133024,,-0.0030060120210390236,0.08425159623151288,7.4,126376.0,126376.0,0.028330827013731404,13.421995029850745,-4334348.0,,0.7727272727272727,22.0
0x43372356634781eea88d61bbdd7824cdce958882,0.04195427061135563,0.11398651,0,597.216955,7,1764818143,0.27044055954785784,0.27144256355487084,0.27044055954785784,0.27044055954785784,0.5805987328442914,0.41536128651051657,0.27044055954785784,0.41216795464557265,0.0,,0.27044055954785784,0.41816795833551834,0.27044055954785784,0.3807396308747895,0.37585390882061465,,1,0.07268341763133024,-0.000547841500245489,0.27044055954785784,0.0,13.333333,142565033.0,142565033.0,32.60071954126443,501.31042634283705,138191969.0,,,0.0
0xe6ea25a808f03362ebcf84b5e470e84670e8b011,0.04184056954206172,0.11332955,0,4118.67057,16,1764824865,-1.600910275234891e-08,-1.778789194705435e-08,-1.600910275234891e-08,-1.600910275234891e-08,-2.3123714455465267e-05,0.0,-1.600910275234891e-08,0.0,0.0,-70.86431402999999,-0.0033896222287532105,0.0,-0.006779228448403669,,,-0.20324989762567724,1,0.07268341763133024,-0.0041501858035638125,-1.600910275234891e-08,0.08284713985950515,9.999999,418340.0,418340.0,0.09551608229260516,14.480338627760252,-3961446.0,,0.5,56.0
0xba3a078d29b13f990189a1f7eb309bc09063fdfa,0.041788930098970535,0.11303062,0,290.909089,4,1764819207,-0.012775547735442448,-0.013777551742455473,-0.012775547735442448,-0.012775547735442448,-0.029176911907054136,0.0,-0.012775547735442448,0.0,0.0,,-0.012775547735442448,0.0,-0.012775547735442448,,,0.1503500434509644,0,0.07268341763133024,,-0.012775547735442448,0.031654652524361046,1.0733700000000002,106066.0,106066.0,0.024248490213363668,2.041469420886076,-4268062.0,,0.42857142857142855,56.0
0xcaf260b1ec097d389416a841643f4f206498a77c,0.041785304167958226,0.11300962,0,1000.0,2,1764997023,0.0,-0.0010020040070130248,0.0,0.0,-0.0014170476562700054,0.0,0.0,0.0,1.0,,0.0,0.0,0.0,,,0.0,0,0.07268341763133024,,0.0,0.21009249619807088,2.999999,136440.0,136440.0,0.029974006710100125,3.4711582045454548,-4415504.0,,0.2857142857142857,7.0
0xe56ebc8c4178d4f21b65ab6486f950249c2d0bb4,0.041785304167958226,0.11300962,0,250.0,2,1764855547,-0.0030060120210390743,-0.004008016028052099,-0.0030060120210390743,-0.0030060120210390743,-0.005668190625080022,0.0,-0.0030060120210390743,0.0,0.0,,-0.0030060120210390743,0.0,-0.0030060120210390743,,,-0.02400000000000002,0,0.07268341763133024,,-0.0030060120210390743,0.21964277054745032,19.999999,122124.0,122124.0,0.02768957852091887,27.78443690600522,-4288344.0,,0.2857142857142857,7.0
0x05dd60fc2e11f69a3fa30b19273891cd501ce2af,0.04176762000958392,0.11290716,0,25370.55374,22,1764835433,0.00258795965892359,0.0035899636659366147,0.00258795965892359,0.00258795965892359,0.013129709945597094,-0.0926582814999623,0.00258795965892359,-0.08879893929375927,0.0,,0.00258795965892359,0.0009823186866188723,0.00258795965892359,-0.08458342709237841,-0.08819706135718579,,1,0.07268341763133024,-0.004216385086320045,0.00258795965892359,0.0,50.0,946484.0,946484.0,0.2155826158892882,243.91764824312295,-3443870.0,,,0.0
0x8ea5e2938641d7f77d45e507c814c240ae4d6696,0.04173223847946655,0.112702034,0,482.303231,10,1764661398,-2.3963995457542446e-07,-2.9192586850736907e-07,-2.3963995457542446e-07,-2.3963995457542446e-07,-9.036493913661326e-05,0.0,-2.3963995457542446e-07,0.0,0.0,-11.541225517639575,-0.0049554336298297105,0.0,-0.009910627619704846,,,-0.032642355664205626,1,0.07268341763133024,-0.004198986556877702,-2.3963995457542446e-07,0.09590599778824604,4.999999,482549.0,482549.0,0.11444793432375491,12.654648645879732,-3733770.0,,0.38461538461538464,65.0
0x63e22897e8351b055a662bcdde953286264b5579,0.04169882644933548,0.11250818,0,4056.848697,17,1764819137,1.5618388009606382e-08,1.718022681056701e-08,1.5618388009606382e-08,1.5618388009606382e-08,1.9460792232660472e-05,-0.03137812563841138,1.5618388009606382e-08,-0.029954854041795077,0.0,56.25176433599978,0.0034190764904666305,0.006985181260304753,0.006838137362545252,-0.05771253253073025,-0.05883362258160496,,1,0.07268341763133024,-0.0007587456254368198,1.5618388009606382e-08,0.03234531228900935,13.967544,1294572.0,1294572.0,0.2959658971143044,69.7296426251696,-3079486.0,,0.5973154362416108,143.0
0x9297dc5c6ef009e13c33598c0dd5b43bec28949f,0.041572414178179015,0.11177339,0,1538.580436,7,1764834787,0.01651148266222621,0.017513486669239235,0.01651148266222621,0.01651148266222621,0.03563654193153357,-0.07611198028555985,0.01651148266222621,-0.07435833699807225,0.0,,0.01651148266222621,0.016056019525053714,0.01651148266222621,-0.07053757060199778,-0.0739681817462045,,1,0.07268341763133024,-0.004079318622664513,0.01651148266222621,0.16113851053267825,1063.28886,5351267.0,5351267.0,1.219048510743767,730.6333727804877,961559.0,,0.2,15.0
0xe8df921332f5fbd86518d6772673ba126b67fc76,0.04139934270502036,0.11076391,0,3.999996,2,1764898735,0.003006449143528812,0.004008453150541837,0.003006449143528812,0.003006449143528812,0.005668808809633428,-0.08998745589281304,0.003006449143528812,-0.08928746297271406,0.0,,0.003006449143528812,0.002312631356836008,0.003006449143528812,0.003918662158431218,-0.08828143217111886,,1,0.07268341763133024,-0.01764762546143234,0.003006449143528812,0.061849944438199043,163.25,3629420.0,3629420.0,0.8149304750973133,677.7532906458333,-824236.0,,0.46153846153846156,26.0
0x92708a5336972e664ea17c19e8781edc71ab7c9e,0.041346053365056194,0.11045227,0,68.09289,17,1764633250,0.0,-0.00020196079696100129,0.0,0.0,-0.0005948238671280512,0.024752296410952966,0.0,-0.028098886084280024,0.46693042471121154,2.0314132284444444,0.030991988995789047,-0.026347954373072746,0.06198397799157809,7.242313938010834,7.238399651865815,0.0,3,0.07268341763133024,0.03868223538003693,0.0,0.0,12.255,709853.0,709853.0,0.16948997545706707,55.24524143058823,-3478318.0,0.0,,0.0
0x800bbd044c4b8fd059027fc0dea905eff8ca5d6f,0.04132416780703335,0.110324174,0,822.155194,7,1764833373,-0.011185522937336339,-0.012187526944349367,-0.011185522937336339,-0.011185522937336339,-0.037899363659307427,0.0,-0.011185522937336339,0.0,0.0,,-0.011185522937336339,0.0,-0.011185522937336339,,,-0.1795000000000002,0,0.07268341763133024,,-0.011185522937336339,0.16383639446121329,4.8,167959.0,167959.0,0.038274327107527435,4.846263913043478,-4220335.0,,0.06666666666666667,15.0
0xdeed98b0d90aa5d910216571bfb2b00e1bb5a865,0.041156381348850316,0.109339945,0,1000.0,3,1765060399,-7.503461216032786e-18,-0.0010020040070130322,-7.503461216032786e-18,-7.503461216032786e-18,-0.0016277590109424853,0.0,-7.503461216032786e-18,0.0,1.0,,-7.503461216032786e-18,0.0,-7.503461216032786e-18,,,0.0,0,0.07268341763133024,,-7.503461216032786e-18,0.20244899573178313,2.0,12406.0,12406.0,0.0026880042987268487,9.914361514412418,-4602914.0,,0.0,8.0
0xab2360eb1e6df75e3e258bcfd21e02a8c9cb549b,0.041156381348850316,0.109339945,0,500.0,2,1764872155,-0.0010020040070130248,-0.0020040080140260497,-0.0010020040070130248,-0.0010020040070130248,-0.0028340953125400112,0.0,-0.0010020040070130248,0.0,1.0,,-0.0010020040070130248,0.0,-0.0010020040070130248,,,-0.008000000000000007,0,0.07268341763133024,,-0.0010020040070130248,0.2129029995649389,1.2,38482.0,38482.0,0.00869241910461894,1.5757009166666667,-4388594.0,,0.0,13.0
0xcf095ef7b9ddae97e9fbd6b8e89ed29f4b4e6d10,0.041156381348850316,0.109339945,0,5500.0,2,1764872037,-0.0010020040070130248,-0.0020040080140260497,-0.0010020040070130248,-0.0010020040070130248,-0.0028340953125400112,0.0,-0.0010020040070130248,0.0,1.0,,-0.0010020040070130248,0.0,-0.0010020040070130248,,,-0.008000000000000007,0,0.07268341763133024,,-0.0010020040070130248,0.21550587533933777,2.435645,160258.0,160258.0,0.036200478974501224,3.5015699878048783,-4266700.0,,0.0,5.0
0x235ef2007b2e91403dfd86be29795afbe3484bf7,0.04098362946226058,0.10832257,0,148.36424,10,1764193007,-1.1149802623160824e-08,5.75095082668295e-07,-1.1149802623160824e-08,-1.1149802623160824e-08,0.0007514802896298581,-0.04896970156622529,-1.1149802623160824e-08,-0.044969699223593104,0.0,-7.9531199999999975,-0.002333582682444984,-0.04633311117371144,-0.004667154215087344,-0.14364802550958525,-0.14364802550958525,,1,0.07268341763133024,0.13209175729815265,-1.1149802623160824e-08,0.029043921029850664,2.159999,102112.0,102112.0,0.027244920393348006,5.55585621488178,-3645816.0,0.0,0.3217391304347826,115.0
0x4e587b7a00f8d3175e7a03c78538c590727bea52,0.040956969700409025,0.1081652,0,2000.0,4,1764989347,0.0,-0.0010020040070130248,0.0,0.0,-0.0020040080140260497,0.0,0.0,0.0,1.0,,0.0,0.0,0.0,,,0.00030000000000000024,0,0.07268341763133024,,0.0,0.16652249044626505,9.999999,66586.0,66586.0,0.014652744952542412,20.00498375714286,-4477682.0,,0.0,7.0
0x7afbfe56273ac942aa3de693ae3613f11b8921ff,0.040956969700409025,0.1081652,0,4000.0,2,1765023365,0.0,-0.0010020040070130248,0.0,0.0,-0.0014170476562700054,0.0,0.0,0.0,1.0,,0.0,0.0,0.0,,,-1.1102230246251566e-17,0,0.07268341763133024,,0.0,0.176020412900877,7.0,9008.0,9008.0,0.00196754855419692,24.1688885375,-4569278.0,,0.0,6.0
0x6ca8345ef17302461c731c0cb1fb37bafc63adff,0.04089908531288185,0.10782317,0,3.0,4,1764913955,1.001003004009017e-06,2.002006008018034e-06,1.001003004009017e-06,1.001003004009017e-06,6.334063533148715e-05,-0.04674514808562711,1.001003004009017e-06,-0.0465479588074798,0.0,0.0010000000000000009,0.000126126378505136,-0.0006021046616256454,0.000251251754006263,0.0010030075175394627,-0.09099699248246056,,1,0.07268341763133024,-0.020876962267681893,1.001003004009017e-06,0.05817179764181369,0.999999,1086.0,1086.0,0.00024301412704223613,1.488106900262467,-4467790.0,,0.0,18.0
0xc32ced7058a6c02a203228d1334399c6da0bd102,0.04089672272915277,0.1078092,0,1326.7663,13,1764819025,5.080315028807459e-09,5.522081553051613e-09,5.080315028807459e-09,5.080315028807459e-09,1.1761322037945418e-05,-0.0005043836493620196,5.080315028807459e-09,-0.0004937110727916069,0.0,-5.002839285714276,-0.0032230383484870306,8.584218395091096e-05,-0.00644608177728909,-0.06287103939339544,-0.06447102499057084,0.03586293307678812,1,0.07268341763133024,-0.0007820851161521582,5.080315028807459e-09,0.09988521906170905,7.2,93632.0,93632.0,0.02140675719361876,11.60418833266533,-4280314.0,,0.21052631578947367,19.0
0x2407b9ce3aea70065eb3098648776d3925fe70e6,0.04086486518617636,0.10762075,0,3.0,5,1764348191,0.0,0.0,0.0,0.0,0.0,-0.0029500000000000004,0.0,0.00019999999999999963,0.0,-0.5,-0.00012525050087662797,-0.00405,-0.00025050100175325594,0.4079,0.41640000000000005,,1,0.07268341763133024,0.0991652525057065,0.0,0.14469216891978376,1.0,1134.0,1134.0,0.0002905373968259174,2.900243756097561,-3901978.0,,0.0,14.0
0x7bd76bdf8dba6055c5c1b773ac0c2d0e0cfc749b,0.04070429911838427,0.10666881,0,1.999996,2,1764898125,0.0030069501382651,0.004008954145278125,0.0030069501382651,0.0030069501382651,0.005669517323184164,-0.09099293292877689,0.0030069501382651,-0.09039293292877688,0.0,,0.0030069501382651,0.0013072543194216318,0.0030069501382651,0.003619317437698428,-0.08838086981050008,,1,0.07268341763133024,-0.017518197376556372,0.0030069501382651,0.07907157058882358,120.0,3109544.0,3109544.0,0.6982959529275018,579.5789968163266,-1343502.0,,0.5,22.0
0xee324b84546110f1fa5d4b2558edb179c3a4463a,0.04069911276812927,0.106638,0,64808.043333,12,1764832859,1.4896581391424363e-10,4.468974417279289e-10,1.4896581391424363e-10,1.4896581391424363e-10,1.1590423124407866e-06,-0.04468185599163097,1.4896581391424363e-10,-0.043973913122380644,0.0,58.15615000099614,0.000341989657174888,3.3795748709979524e-05,0.0006839791653839621,-0.060954789964235326,-0.06265540904132634,,1,0.07268341763133024,-0.0036702410035811266,1.4896581391424363e-10,0.0,197.0,2144080.0,2144080.0,0.4886480179042705,1396.3372986689055,-2243700.0,,,0.0
0xf737d635d83b3db3887a63b122e2460c38c7363c,0.040636198296446865,0.10626397,0,1.0256399999999999,2,1764828291,0.02404809616831265,0.02505010017532568,0.02404809616831265,0.02404809616831265,0.03542619140675022,-0.06692585913674523,0.02404809616831265,-0.06550973203373339,0.0,,0.02404809616831265,0.02869026090671522,0.02404809616831265,-0.06287103939339538,-0.06447102499057077,,1,0.07268341763133024,-0.0027010156073296186,0.02404809616831265,0.05821320404646558,50.0,3559096.0,3559096.0,0.811983540837176,545.507702745098,-824116.0,,0.3333333333333333,27.0
0x4d1a87bc2d349bdc2afdc542a090fabce8c8d142,0.04056887676801552,0.10586313,0,250.0,2,1764885995,-0.0030060120210390743,-0.004008016028052099,-0.0030060120210390743,-0.0030060120210390743,-0.005668190625080022,0.0,-0.0030060120210390743,0.0,0.0,,-0.0030060120210390743,0.0,-0.0030060120210390743,,,-0.02420000000000091,0,0.07268341763133024,,-0.0030060120210390743,0.06657242716390618,2.323,256199.0,256199.0,0.0576905755479275,2.7887253307086617,-4184717.0,,0.631578947368421,19.0
0x57c5de7efafb020e589f80e0da6e16e9b5c907aa,0.04051972957629968,0.1055701,0,59830.0,21,1764835027,0.0018370073461905828,0.0028390113532036076,0.0018370073461905828,0.0018370073461905828,0.00938723860141927,-0.0886912237182139,0.0018370073461905828,-0.09072029057212591,0.0,,0.0018370073461905828,0.0015022094731319607,0.0018370073461905828,-0.0030831277056334126,-0.09148458539277501,,2,0.07268341763133024,-0.004130241147861614,0.0018370073461905828,0.7883815246784114,98.3,65955848.0,65955848.0,15.02428912597598,3293.6671745585622,61565900.0,0.0,0.7246376811594203,80.0
0x0b27955a94ec4c812217d6f80f388b606a8491fc,0.04045250433417596,0.10516873,0,2534.49,4,1764840209,0.00019767369510493725,0.0011996777021179622,0.00019767369510493725,0.00019767369510493725,0.0025283926380589234,-0.018290424503549042,0.00019767369510493725,-0.08911505157471497,0.0,,0.00019767369510493725,-0.0004953239639235771,0.00019767369510493725,-0.04444849624123027,-0.08959849595230505,,2,0.07268341763133024,-0.005229743337742375,0.00019767369510493725,0.2979594460806112,292.121,34985316.0,34985316.0,7.960018474993913,872.878677704918,30590186.0,0.0,0.8,5.0
0x40cd45f803310f474f70b1edb1c8554363565c75,0.04045237216288852,0.10516794,0,3.993999,4,1764961795,-1.0030110139910993e-06,2.0059980040538144e-06,-1.0030110139910993e-06,-1.0030110139910993e-06,6.340362787932431e-05,-0.04419241728760033,-1.0030110139910993e-06,-0.04674496985682966,0.0,-0.0009995079840001368,-0.00012606657295113587,0.0005023267519683151,-0.0002511301348882807,0.000903549912542275,-0.09339645014715774,,1,0.07268341763133024,-0.031027518956970892,-1.0030110139910993e-06,0.0,4.922889,8904.0,8904.0,0.0019713437816324957,6.199167906281661,-4507812.0,,,0.0
0x7e1570ca6c2bf1ee33dc4a3f567831635684cfdb,0.04038483941330582,0.10476409,0,109764.234986,75,1764763273,0.00012948345866547694,0.00019422518799821426,0.00012948345866547694,0.00012948345866547694,0.0010685457227018198,-0.005296382899389029,0.00012948345866547694,-0.005165788604580609,0.0,-4857.169464420386,-0.050965160875062976,-0.0013657876265845866,-0.10205980520879143,-0.07809737931527802,-0.07923737985640075,-0.2571000000000002,1,0.07268341763133024,-0.002494355025904713,0.00012948345866547694,0.23514533508552707,122.21963650000001,45997320.0,45997320.0,10.651980897569679,1529.6416585704224,41679126.0,0.0,0.7692307692307693,13.0
0xccf94389295c33e4b1b3d07c333cde320038c7b9,0.04037521741147252,0.104706496,0,9.82,2,1764833651,0.017034068119221424,0.018036072126234447,0.017034068119221424,0.017034068119221424,0.0255068578128601,-0.07756854764325964,0.017034068119221424,-0.07375807166310078,0.0,,0.017034068119221424,0.015939826588716156,0.017034068119221424,-0.07116172088507454,-0.07273045114204457,,1,0.07268341763133024,-0.003838285336731563,0.017034068119221424,0.0708037633119439,155.0,,,,1098.9416888235294,,,0.5555555555555556,27.0
0x14a9bd4c10460b79b51256ac18d39405fa3f59f5,0.04026991627220244,0.10407535,0,1.9999989999999999,2,1764929769,-0.002004006514026083,-0.0030060105210391076,-0.002004006514026083,-0.002004006514026083,-0.00425114084748972,0.0,-0.002004006514026083,0.0,0.0,,-0.002004006514026083,0.0,-0.002004006514026083,,,-0.01609998787430027,0,0.07268341763133024,,-0.002004006514026083,0.0793765912488031,1.0,332747.0,332747.0,0.07419620977146692,23.71705581687133,-4151943.0,,0.6896551724137931,29.0
0x45798c7f8831a6aea25a5a78ed8ea8b8bfb49f19,0.04026991627220244,0.10407535,0,10636.0225,9,1764853825,-0.0021068773658338355,-0.00310888137284686,-0.0021068773658338355,-0.0021068773658338355,-0.005618151533777546,0.0,-0.0021068773658338355,0.0,0.0,,-0.0021068773658338355,0.0,-0.0021068773658338355,,,-0.015999999999998203,0,0.07268341763133024,,-0.0021068773658338355,0.050856124997643026,15.0,689776.0,689776.0,0.15645628031190728,46.353675801393734,-3718970.0,,0.5,156.0
0x9b7fa57f4f1389b848c6b215146225278434f1b3,0.04026991627220244,0.10407535,0,4078.994693,8,1764892047,-0.0027202683466814414,-0.0037222723536944665,-0.0027202683466814414,-0.0027202683466814414,-0.010160737058558848,0.0,-0.0027202683466814414,0.0,0.00033358219424385995,,-0.0027202683466814414,0.0,-0.0027202683466814414,,,-0.032400000000000914,0,0.07268341763133024,,-0.0027202683466814414,0.053634079229003345,19.999995499999997,680500.0,680500.0,0.15302561205747375,35.0594642734375,-3766468.0,,0.5416666666666666,24.0
0xb761a7dbc360d86d8e46c8b25e47a4d4c92a253a,0.040261791381001825,0.104026586,0,837.168894,68,1764446253,2.88948868593253e-05,3.529111960632051e-05,2.9512860111167295e-05,2.88948868593253e-05,0.0013872706974853992,-0.007497280494094446,2.88948868593253e-05,0.003914288835530792,0.0,0.7824018651282052,0.0030286011572665406,0.004173797610768098,0.006028307427673756,0.1895020360925372,0.18824881739827415,0.13479999983890079,2,0.07268341763133024,0.07835873306454727,2.88948868593253e-05,0.0,1.119999,819678.0,819678.0,0.2048593737737974,1.5898427479789103,-3181496.0,0.0,,0.0
0x22b57908ba8b730b1242cce3781407090194bdca,0.04023547603115435,0.10386858,0,42070.257921000004,12,1764904121,0.00364315168995286,0.004645155696965885,0.00364315168995286,0.00364315168995286,0.012155669720930545,-0.08929570029710641,0.00364315168995286,-0.09052642483996534,0.0,,0.00364315168995286,0.001245942978238592,0.00364315168995286,0.004618839689878672,-0.08820616022644061,,1,0.07268341763133024,-0.01879041179773064,0.00364315168995286,0.20433844641346025,201.99798,,,,2107.88641927775,,,0.55,20.0
0x5e940ccc5cc4d0bba115144f15ed33617dd6d134,0.040132257726287084,0.10324787,0,1.033031,2,1764832275,0.031062131977124485,0.03206413598413751,0.031062131977124485,0.031062131977124485,0.045345535974542446,-0.05880015344765062,0.031062131977124485,-0.05625016571182464,0.0,,0.031062131977124485,0.0418498358370156,0.031062131977124485,-0.05425016571182464,-0.05625016571182464,,1,0.07268341763133024,-0.0035463295256015115,0.031062131977124485,0.026163692626813263,247.4,,,,227.21295585185183,,,0.6086956521739131,69.0
0xf231f1562408d1c291f0d225b1cf1ead260f0872,0.0401200558459044,0.103174396,0,18.956906,64,1764818405,-1.3280232016076288e-06,4.980087006028609e-06,-1.3280232016076288e-06,-1.3280232016076288e-06,0.0002735891208175363,-0.03925033072125922,-1.3280232016076288e-06,-0.03907114186309194,0.0,-0.037082108269230765,-0.017701966761834522,-0.03666107256598878,-0.035402605500467435,-0.07450477695601042,-0.07573811201541118,,1,0.07268341763133024,-0.0006034319235856587,-1.3280232016076288e-06,0.09601417126263695,1.119999,36300.0,36300.0,0.008300318796266274,1.190888484375,-4337026.0,,0.3076923076923077,13.0
0xe66a637aacb76d235c3703e8805ad4b6c483a0a0,0.04005228896412395,0.102765925,0,79.67524399999999,26,1764828127,-2.9348447236073315e-06,3.773558463424947e-06,-2.9348447236073315e-06,-2.9348447236073315e-06,0.0002608862696075817,-0.03125132775723612,-2.9348447236073315e-06,-0.030333811986118626,0.0,-0.12074251212126717,-0.0011651097946843887,0.015550998941790283,-0.0023272847446451704,-0.05857914912345094,-0.06018823556145117,,1,0.07268341763133024,-0.002666218548444932,-2.9348447236073315e-06,0.0,1.059998,60274.0,60274.0,0.013751617595791786,2.6472236718188356,-4322774.0,0.0,,0.0
0x6bf5c38552e200264703946bb8e86a5d02d79055,0.04003008442726177,0.10263194,0,21607.619733,59,1764809059,0.001131339112889027,0.0014327144129048896,0.001131339112889027,0.001131339112889027,0.005855542877508301,-0.017940176389889543,0.001131339112889027,-0.017436077525529347,0.0,-1804.827830885354,-0.03431104787301768,-0.017114450702568444,-0.06975343485892439,-0.0858630876284526,-0.0848630876284526,-1.0028753776901294,1,0.07268341763133024,-0.0007888747861784385,0.001131339112889027,0.9896228249853538,68.59206,2020049.0,2020049.0,0.46289144313218666,433.3824518064517,-2343931.0,,0.0,2.0
0x7208087925feba06e4d12cc36150bc879b50fd10,0.039985594826164636,0.10236327,0,2433.754919,4,1764916617,-0.0020040079458442297,-0.0030060119528572543,-0.0020040079458442297,-0.0020040079458442297,-0.005315721246018942,0.0,-0.0020040079458442297,0.0,0.0,,-0.0020040079458442297,0.0,-0.0020040079458442297,,,-0.016000000000000014,0,0.07268341763133024,,-0.0020040079458442297,0.6614639783887608,22.91496,1048480.0,1048480.0,0.2344786066896893,33.971653333333336,-3423058.0,,0.0,2.0
0xdd45e705ee2c41bd1d81da5bcb8ed0e8b30259b2,0.03996203061050704,0.102220856,0,7121.275198,134,1764446321,0.0001923189398152154,0.00024277004096311607,0.0001923189398152154,0.0001923189398152154,0.00354676618690685,-0.015171318559988867,0.0001923189398152154,-0.014442320822764625,0.0,3.2858678207857146,0.002251216269282326,-0.0010298723417206707,0.004310113598749436,0.17577337936325468,0.17401991147648907,0.25989999999999996,2,0.07268341763133024,0.07834430501574143,0.0001923189398152154,0.0,7.92,157280.0,157280.0,0.03930779492967434,27.427698158238172,-3843962.0,0.0,,0.0
0x1026f57a8c836a402e184a867173dd5e0703460c,0.03990933517904688,0.10190208,0,58122.53084,14,1764818633,7.277068853194625e-09,7.57424029801911e-09,7.277068853194625e-09,7.277068853194625e-09,3.374037446893855e-05,-0.002011918633785399,7.277068853194625e-09,-0.001970818543665062,0.0,277.7180231111113,0.008303308762256212,0.0010791816100364678,0.01660661024744357,-0.01649570829008342,-0.020095708290083412,,1,0.07268341763133024,-0.0006518083225229055,7.277068853194625e-09,0.7107331305462764,55.5125,,,,923.9772503181819,,,0.5833333333333334,12.0
0xe9bab3353c6230deef482e204acd88b37660b514,0.03985854050344569,0.101594426,0,9.85,3,1764831481,-0.0006680026713419794,-0.0010020040070129878,-0.0006680026713419794,-0.0006680026713419794,-0.0017355218495340964,-0.020394845259974533,-0.0006680026713419794,-0.01954809663612548,0.0,0.13500000000000012,0.0015865063444373264,0.012918570030541202,0.0038410153602166323,-0.05724428990837621,-0.05864428990837621,-0.01059999999999909,1,0.07268341763133024,-0.0033778608380744327,-0.0006680026713419794,0.20986623187430425,1.4949995,1914438.0,1914438.0,0.4364483693013089,2.8367963591160223,-2471964.0,,0.5357142857142857,28.0
0x01e0a397d55906d2386f1a7758593215ccbf732c,0.03979191259469267,0.1011903,0,52481.565628,8,1764828359,-0.002789821289104444,-0.003791825296117469,-0.002789821289104444,-0.002789821289104444,-0.017604919748590065,0.0,-0.002789821289104444,0.0,0.9431883254182252,,-0.002789821289104444,0.0,-0.002789821289104444,,,-0.20210678472519497,0,0.07268341763133024,,-0.002789821289104444,0.7863420657790607,99.999999,1927408.0,1927408.0,0.4397182018944717,198.42043182758616,-2455872.0,,0.3333333333333333,3.0
0xf2d2124048f7264f030daa9bf7f272f677a01242,0.03973499738029852,0.10084457,0,10.039998,2,1764832397,-0.034068129601663215,-0.03507013360867624,-0.034068129601663215,-0.034068129601663215,-0.04959665858362643,0.0,-0.034068129601663215,0.0,0.0,,-0.034068129601663215,0.0,-0.034068129601663215,,,-0.259399946349601,0,0.07268341763133024,,-0.034068129601663215,0.1866462089660728,10.9231195,258163.0,258163.0,0.05884301069582829,23.959927,-4129155.0,,0.1111111111111111,9.0
0x62e38b89bab7aa6fff8b0d2a176413f9ffa7fd3a,0.03972757275219131,0.100799434,0,10000.0,2,1764853047,-0.0030060120210390743,-0.004008016028052099,-0.0030060120210390743,-0.0030060120210390743,-0.005668190625080022,0.0,-0.0030060120210390743,0.0,0.0,,-0.0030060120210390743,0.0,-0.0030060120210390743,,,-0.023999999999999133,0,0.07268341763133024,,-0.0030060120210390743,0.22249810647329135,20.0,349385.0,349385.0,0.0792621452787316,36.23910709677419,-4058583.0,,0.0,5.0
0x33d4d5c338e1856b10f44abbcaaf5c9c67fb2256,0.03959585950999279,0.09999738,0,2.08165,4,1764829205,4.765373463083862e-06,3.176915642055908e-05,4.765373463083862e-06,4.765373463083862e-06,0.0011284116630525187,-0.02438267277032268,4.765373463083862e-06,-0.023819079807804757,0.0,0.006240000000000006,0.0007556727070399669,0.024869482483633912,0.0015065800406168501,-0.045837282999763876,-0.04653728299976388,,1,0.07268341763133024,-0.0028949455574552485,4.765373463083862e-06,0.0,5.449998,411184.0,411184.0,0.09378927521699879,19.590474349030472,-3972942.0,,,0.0
0x59ee717b3a1841d3903a1959224cbd434095d4e3,0.039493205557767766,0.0993705,0,1000.0,2,1764834451,-0.019038076133247473,-0.020040080140260496,-0.019038076133247473,-0.019038076133247473,-0.02834095312540011,0.0,-0.019038076133247473,0.0,0.0,,-0.019038076133247473,0.0,-0.019038076133247473,,,-0.14130000000000012,0,0.07268341763133024,,-0.019038076133247473,0.1801844578468846,4.999999,507880.0,507880.0,0.11570675713974574,10.622786458398744,-3881492.0,,0.3076923076923077,13.0
0x51fd8f8573c51dd216668a903194b638deda525b,0.0394058175768588,0.09883562,0,2721.959197,10,1764824227,-0.006583874285943967,-0.007585878292956993,-0.006583874285943967,-0.006583874285943967,-0.029999986667604953,0.0,-0.006583874285943967,0.0,0.0,,-0.006583874285943967,0.0,-0.006583874285943967,,,-0.1377000239039998,0,0.07268341763133024,,-0.006583874285943967,0.21372152775476405,9.999999,230609.0,230609.0,0.05266070020926445,22.04385169512195,-4148539.0,,0.0625,32.0
0xe8b2784ef4fe2337d3f6d3c0a5209d4d07299f16,0.03938491198194668,0.09870749,0,39.829499999999996,6,1764839149,-2.3899466643123594e-07,4.779893328624718e-07,-2.3899466643123594e-07,-2.3899466643123594e-07,3.09498700106375e-05,-0.04590957797353423,-2.3899466643123594e-07,-0.0454327570054695,0.0,-0.009880000000001115,-6.237760793856493e-05,-0.0009756825907161706,-0.00012451622121069863,-0.08824397930696777,-0.08984397930696778,,1,0.07268341763133024,-0.0050048355181218415,-2.3899466643123594e-07,0.10233959552482864,11.599754,286911.0,286911.0,0.06529504536796182,11.912208073891625,-4107159.0,,0.15384615384615385,13.0
0xd7463f6e0f0d8f6de27f2403e7477179da5a9103,0.039361179521674804,0.09856196,0,218.124166,22,1764876629,0.0012134856033417568,0.0018992955215516307,0.0012134856033417568,0.0012134856033417568,0.005842830607217669,-0.07672251643132097,0.0012134856033417568,-0.07676588229249104,0.0,-0.03965699999996086,0.0011607994311583357,0.00034442606770516976,0.0011081132589749148,0.0008633094012724734,-0.09079639064731494,,2,0.07268341763133024,-0.012957236536402603,0.0012134856033417568,0.0,1.309998,8552.0,8552.0,0.0019297988288522075,2.6760057540376856,-4422998.0,,,0.0
0xcf9cb6c0b919e6d23220366e4286638640d8bff7,0.03930510504881844,0.09821776,0,10.679602,2,1764625028,-0.9278557054275589,-0.928857709434572,-0.9278557054275589,-0.9278557054275589,-1.3136031701971793,0.0,-0.9278557054275589,0.0,0.0,,-0.9278557054275589,0.0,-0.9278557054275589,,,0.019426712540142478,0,0.07268341763133024,,-0.9278557054275589,0.18368479673816746,8.639898,877507.0,877507.0,0.20993246568319374,11.275728030769232,-3302442.0,0.0,0.16666666666666666,6.0
0xc7f930c4720b962e5f8ba869580f4131664e3da7,0.0392586075086094,0.097931996,0,250.0,2,1764834443,-0.019038076133247473,-0.020040080140260496,-0.019038076133247473,-0.019038076133247473,-0.02834095312540011,0.0,-0.019038076133247473,0.0,0.0,,-0.019038076133247473,0.0,-0.019038076133247473,,,-0.14430000000000012,0,0.07268341763133024,,-0.019038076133247473,0.37801339040181614,24.9722,1109634.0,1109634.0,0.25280063353141824,30.9084626,-3279730.0,,0.0,4.0
0xa61ec8072c28fba041a70462ceeb2e08ec486906,0.03916074211808866,0.09732947,0,10000.0,2,1765028891,0.0,-0.0010020040070130248,0.0,0.0,-0.0014170476562700054,0.0,0.0,0.0,1.0,,0.0,0.0,0.0,,,0.0,0,0.07268341763133024,,0.0,0.47520000000000007,3.2,1116144.0,1116144.0,0.2434968973422121,34.816787082331174,-3467668.0,,0.0,3.0
0x022416efca4ff07032394ab269b355216520c69a,0.039124804900855875,0.09710785,0,25.43,3,1764622238,-0.00217913980052021,-0.003181143807533235,-0.00217913980052021,-0.00217913980052021,-0.0362183644008364,0.0,-0.00217913980052021,0.0,0.6291781360597719,,-0.00217913980052021,0.0,-0.00217913980052021,,,-0.008100000000000007,0,0.07268341763133024,,-0.00217913980052021,0.08379735204833198,9.999999,285813.0,285813.0,0.0684228203906052,17.87074586842105,-3891346.0,,0.3888888888888889,18.0
0x3443c296f49db7dfc5229240dad70d2ba551c14b,0.039123198764909585,0.09709794,0,1.0309,2,1764830793,0.029058116203377664,0.03006012021039069,0.029058116203377664,0.029058116203377664,0.042511429688100094,-0.06223128440377276,0.029058116203377664,-0.05969103853222548,0.0,,0.029058116203377664,0.038008961467774494,0.029058116203377664,-0.05724428990837627,-0.05864428990837627,,1,0.07268341763133024,-0.003231882932509407,0.029058116203377664,0.7764580504608813,12.554389,34012076.0,34012076.0,7.75519698730925,90.1202707952468,29626362.0,,0.25,12.0
0x46fc4ee6214cc93590bc953d6b3ae439a7f67766,0.039111772873125526,0.097027436,0,77.140368,8,1764818269,-5.452781027962716e-06,6.05865344436396e-07,-5.452781027962716e-06,-5.452781027962716e-06,3.484480481937397e-05,-0.04409529509517844,-5.452781027962716e-06,-0.044723580133180674,0.0,-0.07807825801547574,-0.0008974586542529741,-0.0428497647799406,-0.0017894645274779855,-0.08326484538118455,-0.08706484538118456,,1,0.07268341763133024,-0.0005745758259739675,-5.452781027962716e-06,0.02759271036308338,4.0899985,673078.0,673078.0,0.15391007479665872,5.506916223273415,-3700112.0,0.0,0.16161616161616163,99.0
0xf9360fd2833a3a77829063834762c9bca7954d15,0.03910718434022648,0.096999116,0,79.909999,5,1764788903,4.1737594977977284e-05,4.310284341183636e-05,4.1737594977977284e-05,4.1737594977977284e-05,0.006178937779431544,3.5299657039882844,4.1737594977977284e-05,2.732076879526244,0.0,36.825646308,0.10722756604159148,2.733576952518276,0.21441339448820496,7.056774774170854,7.054196262970854,,1,0.07268341763133024,0.005656219486268104,4.1737594977977284e-05,0.3333333333333363,7.562094,17319468.0,17319468.0,3.987147729742273,16.885698714285716,12975644.0,0.0,0.0,3.0
0xb4dcab418380acab502f997bb54c7ed7f8f10fc3,0.039072496733401865,0.09678493,0,1549.089956,10,1764817651,3.48723384153802e-06,3.645321775687744e-06,3.48723384153802e-06,3.48723384153802e-06,0.0016922350866399461,2.779846799665238,3.48723384153802e-06,2.7852843616272436,0.0,431.526186848,0.08993014686587264,2.7881843750842465,0.17985680649790373,4.337748057804973,4.332348057804972,,1,0.07268341763133024,-0.00044345032359142993,3.48723384153802e-06,0.10452259844857226,0.12,3240104.0,3240104.0,0.7410064374011451,6.362205909307875,-1132468.0,,0.32608695652173914,46.0
0x20f2b61496fada6999708c1fe6bb0a8fc014a640,0.03906262844656169,0.09672396,0,3.01144,4,1764459962,-7.857314307099897e-07,-0.00019250420052394733,-7.857314307099897e-07,-7.857314307099897e-07,-0.013748897435285394,0.0,-7.857314307099897e-07,0.0,0.0,-0.0040800000000000124,-0.0005016895185083847,0.0,-0.0010025933055860595,,,-0.030923037078128858,1,0.07268341763133024,0.07531462694370218,-7.857314307099897e-07,0.11923249893852256,0.999993,1538.0,1538.0,0.0003830746749033533,1.3761342307692306,-4013345.0,,0.0,13.0
0x74fbe9c81a1ecc62a53ac01ba09ede21a43096cf,0.03900784467866014,0.096385226,0,2675.8624,11,1764669958,0.0,0.0,0.0,0.0,0.0,-0.021841280310378276,0.0,-0.029641280310378285,0.0,926.2347999999998,0.11252315482964438,-0.027041280310378286,0.22504630965928876,7.220928607181246,7.216328605341246,,1,0.07268341763133024,0.030893635151140176,0.0,0.06492113155114196,249.999999,3288815.0,3288815.0,0.7784400452652017,488.7576550165289,-936064.0,,0.2,30.0
0xbd76b5c22591de7d293004cad917d11617104e83,0.03895433480164808,0.09605393,0,44.705693,4,1764776993,0.00016791061197002133,0.00016827132220179018,0.00016791061197002133,0.00016791061197002133,0.012542398739178371,3.7267707950700024,0.00016791061197002133,0.19923597051244382,0.0,13.890520424027354,0.11675514166048617,0.19938599695792042,0.23334237270900232,7.446600259690417,7.438400255115987,,1,0.07268341763133024,0.008183249799174291,0.00016791061197002133,0.2500000000000625,0.9999994999999999,,,,2.4207248571428575,,,0.0,4.0
0x2fc836c9aa3d2e521c6572a259161123f82d849b,0.03893010010152894,0.09590374,0,0.9979199999999999,3,1764818641,-0.0006680026713420165,-0.0010020040070130248,-0.0006680026713420165,-0.0006680026713420165,-0.0017355218495341608,0.037662996028593985,-0.0006680026713420165,0.03782892729408454,0.0,0.08045999999999996,0.011773547082403024,0.03986226062741787,0.024215096836148062,0.11836736042813542,0.11476736042813543,-0.015902824333877474,1,0.07268341763133024,-0.0006535057400294756,-0.0006680026713420165,0.07693759290256956,4.84,1362748.0,1362748.0,0.3115876715592462,6.089470984126985,-3010814.0,0.0,0.4444444444444444,27.0
0x9ec40d76e22a775414840f7fd088e00ab7595dda,0.038896908188569605,0.095697895,0,5.0,2,1764709647,-0.9228456904589951,-0.9238476944660082,-0.9228456904589951,-0.9228456904589951,-1.306517939080944,0.0,-0.9228456904589951,0.0,0.0,,-0.9228456904589951,0.0,-0.9228456904589951,,,-1.0382225032497368,0,0.07268341763133024,,-0.9228456904589951,0.18504519716580686,0.999999,288174.0,288174.0,0.06757401922070419,2.3187485,-3976394.0,,0.1111111111111111,9.0
0xe5e5679a9e4cf62037eb7f43df4393f537c9ffce,0.03886849776374138,0.09552157,0,1.9999989999999999,2,1764848019,0.0010024960070163964,0.002004500014029421,0.0010024960070163964,0.0010024960070163964,0.0028347911056174667,-0.09260246561477946,0.0010024960070163964,-0.09260246606207628,0.0,,0.0010024960070163964,-0.0011024660620762659,0.0010024960070163964,-0.0037964501471577407,-0.09059645014715775,,1,0.07268341763133024,-0.006886847178531403,0.0010024960070163964,0.1403963347662156,3.3480495,91396.0,91396.0,0.020757948098316124,10.906391381006866,-4311544.0,,0.23076923076923078,13.0
0x127c21f03f0f9e5519414bc24be679c6ac73d223,0.038847257587142255,0.095389664,0,10907.40176,4,1764852983,-0.0028506426603003903,-0.003852646667313415,-0.0028506426603003903,-0.0028506426603003903,-0.006513044514444484,0.0,-0.0028506426603003903,0.0,0.0,,-0.0028506426603003903,0.0,-0.0028506426603003903,,,-0.019206506717983393,0,0.07268341763133024,,-0.0028506426603003903,0.21190469640528534,0.999999,1313024.0,1313024.0,0.297879445650359,2.6332219907578556,-3094880.0,,0.5714285714285714,7.0
0xfd68ec4b38e10198048f7291d76a5394d3e9b9c2,0.03878850448797052,0.09502444,0,2042.8973859999999,12,1764796471,3.768696857107083e-06,3.853931341878328e-06,3.768696857107083e-06,3.768696857107083e-06,0.0018687277304780998,3.62069797959564,3.768696857107083e-06,3.5060660372486403,0.0,412.7908606378007,0.11095235700603488,3.508617685708295,0.22190094531521268,7.25615921686234,7.255681439084561,,1,0.07268341763133024,0.004050462525052822,3.768696857107083e-06,0.38888891481482146,9.7219175,,,,23.593177180555553,,,0.0,3.0
0x080f608bc62702725b52981b2f85a149acb7a6de,0.03874272862011633,0.09473951,0,1.9999989999999999,2,1764842319,-0.002004006514026083,-0.0030060105210391076,-0.002004006514026083,-0.002004006514026083,-0.00425114084748972,0.0,-0.002004006514026083,0.0,0.0,,-0.002004006514026083,0.0,-0.002004006514026083,,,-0.007599987574899414,0,0.07268341763133024,,-0.002004006514026083,0.019962244879497236,7.999999,859930.0,859930.0,0.19556130663780008,13.13431125394258,-3537310.0,0.0,0.5119047619047619,84.0
0x260fa6499b0d5f2ed927a9b7075104e5f04fdfff,0.03874272862011633,0.09473951,0,9.48,2,1764575778,-0.9488977946413337,-0.9498997986483466,-0.9488977946413337,-0.9488977946413337,-1.343361178143964,0.0,-0.9488977946413337,0.0,0.0,,-0.9488977946413337,0.0,-0.9488977946413337,,,-0.02805170992942983,0,0.07268341763133024,,-0.9488977946413337,0.04274881251351613,4.9974799999999995,929847.0,929847.0,0.22510645292721643,7.121914661347518,-3200852.0,,0.6129032258064516,31.0
0xcfd2f5dfb2eb4065b2909c43659de2731d242dd6,0.03874272862011633,0.09473951,0,5333.333331,14,1764944645,-0.0020040074550956993,-0.003006011462108724,-0.0020040074550956993,-0.0020040074550956993,-0.010406811970341281,0.0,-0.0020040074550956993,0.0,0.0,,-0.0020040074550956993,0.0,-0.0020040074550956993,,,-0.015999981405925134,0,0.07268341763133024,,-0.0020040074550956993,0.026678111724779796,11.020125,842150.0,842150.0,0.18716249522731748,35.672404419898825,-3657416.0,,0.5169491525423728,118.0
0xc6da716aa872edd33eea714387052d1f4a03c7b0,0.038734088475268776,0.094685696,0,15.975996,4,1764846533,-1.0026352945406743e-06,2.0059987238308153e-06,-1.0026352945406743e-06,-1.0026352945406743e-06,6.340760185891199e-05,-0.04554540608157629,-1.0026352945406743e-06,-0.045293650417068676,0.0,-0.003999031939750708,-0.0001260974942515754,0.00040203940119465874,-0.00025119235320861016,-0.08849672517309497,-0.09049672517309497,,1,0.07268341763133024,-0.006571551876686013,-1.0026352945406743e-06,0.13726729162236048,11.999999,902408.0,902408.0,0.20502497583753004,14.197472349999998,-3499046.0,,0.125,16.0
0x78bcfed7902a23cb432c7d83cbb05875951e483c,0.038711051550283766,0.09454215,0,33210.59135,12,1764882969,0.0004178658128203382,0.0008357316256406763,0.0004178658128203382,0.0004178658128203382,0.0023690021126732143,-0.0306855567348277,0.0004178658128203382,-0.062362175109549264,0.0,16.961991666666684,0.0007894213321482657,0.0015680835333845271,0.0011609768514761934,0.003557851374190229,-0.08765325861701413,,3,0.07268341763133024,-0.014302439910359382,0.0004178658128203382,0.052178063487880566,99.7,3456718.0,3456718.0,0.778910247888073,766.9342233406592,-981172.0,,0.7213114754098361,61.0
0x0952ffd58769f5e9ad3853edd2dc318ddfcfa44b,0.03868602788701045,0.09438614,0,22051.678412,70,1764818915,-0.002225578798663875,-0.002320120137106978,-0.002225578798663875,-0.002225578798663875,-0.015197243214221749,-0.003890501870092372,-0.002225578798663875,-0.0037552473403459374,0.1699134133767687,1.5392400165853635,-0.0020041689049386997,-0.0036348003907717926,-0.0017827590112135241,-0.06409296283473934,-0.064009629501406,0.0692999999999998,1,0.07268341763133024,-0.0007116422896295005,-0.002225578798663875,0.28999012941314767,21.384,4146744.0,4146744.0,0.9480794433078881,100.53946196126256,-227092.0,,0.6521739130434783,23.0
0x36fdc886f589c6b62e7f200fa94fc619edbfb70c,0.038656824584048996,0.09420394,0,94.42220400000001,25,1764446935,8.506523553225783e-06,8.680126074720191e-06,8.506523553225783e-06,8.506523553225783e-06,0.0013189026581403088,-0.001338517491508752,8.506523553225783e-06,0.01793395790739034,0.0,0.013274022222221928,0.00019252513472378958,0.01783832651953579,0.00037654374589435335,0.365331752672029,0.364217465324486,,2,0.07268341763133024,0.07821402822211217,8.506523553225783e-06,0.0,1.2169500000000002,775738.0,775738.0,0.19384455612595755,6.060443417006804,-3226118.0,0.0,,0.0
0x405f01cd67c15cafa06a1ca3a5a087d41a28a69c,0.03861799409915097,0.09396148,0,1.2,1,1764184103,0.9709418827956202,0.9719438868026332,0.9709418827956202,0.9709418827956202,0.9719438868026332,-0.18399999603294048,0.9709418827956202,-0.176,0.0,,0.9709418827956202,-0.176,0.9709418827956202,-0.23199999999999998,-0.23199999999999998,,1,0.07268341763133024,0.13398098298296515,0.9709418827956202,0.009634571634309249,0.3,8404974.0,8404974.0,2.247905870622922,1.4736847671462028,4665950.0,,0.3540856031128405,257.0
0x3c2819beaf8c31db6afa57cc3e601ad2000cf9d0,0.038558575870172654,0.093590006,0,3.3000000000000003,3,1764212245,-0.33333333299966594,-0.333667334335337,-0.33333333299966594,-0.33333333299966594,-0.5779287758948751,-0.01656666666666667,-0.33333333299966594,-0.003233333333333336,0.0,-2.4,-0.334001335671008,-0.005333333333333336,-0.33466933834234996,-0.0577,-0.0577,-0.03405106382445869,1,0.07268341763133024,0.1280098925492283,-0.33333333299966594,0.004010150610448255,0.1992,544674.0,544674.0,0.14458454976499577,0.5160584275065225,-3222492.0,,0.2197962154294032,675.0
0xf8a2163296ecb76d6441cd2d89e6971c1709a8f4,0.03854851309987671,0.09352704,0,20000.0,6,1765061715,3.143221596130563e-18,-0.0010020040070130216,3.143221596130563e-18,3.143221596130563e-18,-0.002269059286765987,0.0,3.143221596130563e-18,0.0,1.0,,3.143221596130563e-18,0.0,3.143221596130563e-18,,,0.0,0,0.07268341763133024,,3.143221596130563e-18,0.5332439129523787,19.999998,1806306.0,1806306.0,0.39126021631335023,21.119908594594595,-2810330.0,,0.4,5.0
0x3f1d09dc88b3ccf9a5f375234bb612f56a63f84a,0.03853635802625446,0.09345096,0,30.03996,4,1764934753,0.0,0.0,0.0,0.0,0.0,-0.04379849624123028,0.0,-0.04595150345937193,0.0,0.010020000000001122,0.000125250500876642,-0.0005515033095219301,0.000250501001753284,0.0008030075175394625,-0.08989699248246054,,1,0.07268341763133024,-0.025289823430387423,0.0,0.07333399988806696,10.97697,380733.0,380733.0,0.08480192548501295,11.376719176470589,-4108941.0,,0.3125,16.0
0x8f6234ec3e54a7c06f4873f86ff2dcce014df6e1,0.03853635802625446,0.09345096,0,8.904,4,1764876629,-4.501365709851368e-07,4.501365709851368e-07,-4.501365709851368e-07,-4.501365709851368e-07,2.1237670489726735e-05,-0.04717268718148889,-4.501365709851368e-07,-0.04662168781773955,0.0,-0.004450000000000251,-0.00012564437037624704,-0.00150292768227901,-0.00025083860418150894,-0.00010000002245157402,-0.09019700050429741,,1,0.07268341763133024,-0.012957236536402603,-4.501365709851368e-07,0.08916747697427067,1.48,409712.0,409712.0,0.09245343051528246,3.076927774834437,-4021838.0,0.0,0.25,20.0
0xa66c20d2dcc15cd2d14766a53295cea11406f291,0.038533449258501905,0.093432754,0,2.00664,1,1764826503,-0.008016032056104199,-0.009018036063117223,-0.008016032056104199,-0.008016032056104199,-0.009018036063117223,0.0,-0.008016032056104199,0.0,0.0,,-0.008016032056104199,0.0,-0.008016032056104199,,,0.21039996099827035,0,0.07268341763133024,,-0.008016032056104199,0.0797926253160635,10.320847,854174.0,854174.0,0.1949535128305318,302.6546510991124,-3527250.0,,0.43137254901960786,48.0
0xa2283534e8bd9c4e083ea9c1f99319f2ecb7b6e3,0.038438152722862585,0.092835456,0,1607.464775,8,1764713499,-3.209820675127387e-09,-5.349701125212311e-09,-3.209820675127387e-09,-3.209820675127387e-09,-5.177075411747846e-06,0.0,-3.209820675127387e-09,0.0,0.0,-2.399647462500002,-0.00037591526634134497,0.0,-0.0007518273228620147,,,-0.5362243362759502,2,0.07268341763133024,0.012847328752852192,-3.209820675127387e-09,0.14657062428197348,0.999999,5186.0,5186.0,0.001214969473481991,1.5642630333333332,-4263234.0,0.0,0.0,9.0
0x6d7776a0f954be1a7c975a1e8244de6268f7b72c,0.038368638658104914,0.09239886,0,68695.65956,26,1764906521,0.0020040077968357176,0.003006011803848742,0.0020040077968357176,0.0020040077968357176,0.01194939470887866,-0.09297029174675549,0.0020040077968357176,-0.09227978821730567,0.0,,0.0020040077968357176,-0.0004922248675295521,0.0020040077968357176,0.00225518648715621,-0.08997558178216879,,1,0.07268341763133024,-0.019299637049701657,0.0020040077968357176,0.0,6.786,555230.0,555230.0,0.12445079416027374,768.9048104476254,-3906212.0,0.0,,0.0
0x5a91013258e676848b9291ae1c10d48c7ce2943c,0.03836073983688274,0.0923492,0,1001.9999789999999,6,1764852157,-1.0017084196004258e-08,-1.5025626275224352e-08,-1.0017084196004258e-08,-1.0017084196004258e-08,-6.72065572097567e-06,0.0,-1.0017084196004258e-08,0.0,0.0,-1.9999790089999259,-0.00025050964257805565,0.0,-0.0005010092680719153,,,-0.015999993836500852,1,0.07268341763133024,-0.033742538258729714,-1.0017084196004258e-08,0.04189265363110182,1.229174,54290.0,54290.0,0.012318819862049185,2.49280488592233,-4352788.0,,0.23655913978494625,93.0
0x9241ea30564948f81f88363d6a116ed5f9be75a4,0.03836073983688274,0.0923492,0,1000.0,4,1764868299,0.0,0.0,0.0,0.0,0.0,0.0,0.0,0.0,1.0,-0.5000000000000004,-0.0001252505008766281,0.0,-0.0002505010017532562,,,-0.008000000000000007,1,0.07268341763133024,-0.011238601311000412,0.0,0.08531035764138821,1.16555,179407.0,179407.0,0.04056027057211715,1.601936648387097,-4243813.0,0.0,0.29411764705882354,17.0
0x924f5e36d03e7659caade25e09ba21b692c50001,0.03836073983688274,0.0923492,0,166.476507,23,1764830179,0.00034805797106391106,0.0005220869565958665,0.00034805797106391106,0.00034805797106391106,0.0012527568269839443,0.0,0.00034805797106391106,0.0,0.0,-2.033764716500001,-0.0021043397051704917,0.0,-0.004556737381404894,,,-0.2351000000000002,1,0.07268341763133024,-0.004270278092153646,0.00034805797106391106,0.14284129021181557,4.999999,79764.0,79764.0,0.018189779024423616,6.916903493273543,-4305336.0,,0.24,24.0
0xb0dae2a11e628893ad0cd5d97c534f00365ad9a5,0.038359968407811196,0.09234435,0,42.387977,20,1764818269,-1.886363150743071e-06,2.8300423346527427e-06,-1.886363150743071e-06,-1.886363150743071e-06,9.223740915159888e-05,-0.023178447732523727,-1.886363150743071e-06,-0.022765814629793525,0.0,0.06109126766230586,0.0032400596055278596,-0.0023228400264814182,0.006482005574206462,-0.038790004093890766,-0.04217000352834872,,1,0.07268341763133024,-0.0005745758259739675,-1.886363150743071e-06,0.09861644449251884,2.489998,198121.0,198121.0,0.0453035427228179,3.9421489120654396,-4175069.0,0.0,0.043478260869565216,46.0
0x05928ccefb4da644ad7b7291c9ac2fdd80f5d744,0.03833794097430382,0.092205815,0,12.2,4,1764917139,0.0,0.0,0.0,0.0,0.0,-0.04669849660860269,0.0,-0.046150000000000004,0.0,-0.006100000000000005,-0.0001252505008766281,0.0,-0.0002505010017532562,0.0009030075175394626,-0.09129699248246055,,1,0.07268341763133024,-0.02155253443529678,0.0,0.12853756412388084,7.7973,322155.0,322155.0,0.07203727141406868,7.282224106382979,-4149905.0,,0.1111111111111111,9.0
0xb96c245ea7b7ecc0f1ccae69a84973679b8135c9,0.038293782939469875,0.09192786,0,173.6435,4,1764884585,2.242276686277703e-21,4.0393265795127296e-08,2.242276686277703e-21,2.242276686277703e-21,8.997134453042225e-06,-0.04610092920264796,2.242276686277703e-21,-0.04620243501336992,0.0,4.819478149897804e-15,6.954901630346672e-18,-0.0005015138732178241,1.3907560984007066e-17,0.0008030075175394625,-0.09039699248246055,,1,0.07268341763133024,-0.014645318246686535,2.242276686277703e-21,0.09746447781918166,1.309999,295485.0,295485.0,0.06655808101171617,3.853335322640806,-4144021.0,,0.03333333333333333,30.0
0xc68bef78c7e05080dc6eb72e90549e6a300addb5,0.03822063559029835,0.09146676,0,3.0,2,1764268497,0.0,0.0,0.0,0.0,0.0,-0.012400000000000001,0.0,-0.0164,0.0,0.6000000000000002,0.0003757515026298841,-0.01985,0.0007515030052597683,0.20059999999999995,0.20719999999999997,,1,0.07268341763133024,0.11607450135178086,0.0,0.004180839922202716,0.142,519566.0,519566.0,0.1358904519463998,0.3763058511904762,-3303852.0,,0.12090680100755667,744.0
0xd08ff034bac5e0aec2c1b04e698e7a8cb85a5987,0.0382171888489431,0.091445014,0,8.883452,20,1764831093,1.913624059228026e-05,2.186989130447119e-05,1.913624059228026e-05,1.913624059228026e-05,0.0007252211644312872,-0.03415948565810113,1.913624059228026e-05,-0.0331621891988654,0.0,0.005716461614767081,0.002562562243915814,0.015131764393598012,0.005105988247239348,-0.06434556203608044,-0.06574556203608045,,1,0.07268341763133024,-0.0032955360890057845,1.913624059228026e-05,0.02676910940792961,1.09,1267840.0,1267840.0,0.2890642847925246,1.12060138015873,-3118174.0,0.0,0.4519230769230769,416.0
0x39fd7f7e5d025a0c442cb89a773f314f81807d31,0.03820341313040938,0.09135807,0,1996.0,2,1764820555,0.0,0.0,0.0,0.0,0.0,-0.046353007517539464,0.0,-0.0463,0.0,0.0,0.0,-0.0449,0.0,-0.08939699248246055,-0.09159699248246055,,1,0.07268341763133024,-0.001059612878476364,0.0,0.04463424195856621,24.4134,1300384.0,1300384.0,0.29719829339710696,87.34756139012345,-3075092.0,0.0,0.7339449541284404,109.0
0x69af844d4fbacebfc1c4124b0978801db3600a19,0.03817847692022469,0.09120062,0,1074.645374,43,1764668450,-3.66094569580297e-06,-3.6793119656868812e-06,-3.66094569580297e-06,-3.66094569580297e-06,-0.0018276041451578933,0.0,-3.66094569580297e-06,0.0,0.0,-7.4771927090000005,-0.032748368650390505,0.0,-0.06549307635508521,,,-1.03958159367076,3,0.07268341763133024,0.0311104802376045,-3.66094569580297e-06,0.0,41.240899999999996,878.0,878.0,0.00020789080570946764,49.885409636675824,-4222493.0,,,0.0
0x800b79f9bf596f0dd10bdfaca3a7342302e1a0c4,0.038165280615933043,0.091117255,0,3000.0,6,1764899833,-0.001336005342684033,-0.0016700066783550413,-0.001336005342684033,-0.001336005342684033,-0.0028925364158902678,0.0,-0.001336005342684033,0.0,0.0,-0.6666666666667074,-0.0014195056766017902,0.0,-0.0015030060105195471,,,-0.03230000000000003,1,0.07268341763133024,-0.018066038876801863,-0.001336005342684033,0.15272866336379048,15.3,35046.0,35046.0,0.00786710107898214,22.691771237837838,-4419708.0,,0.07692307692307693,13.0
0x13cdd2ad93781cf145fe52c10b7ac1f379c4ddfd,0.038165280615933043,0.091117255,0,308.955425,8,1764819161,-4.781153205790511e-07,-6.109251863251905e-07,-4.781153205790511e-07,-4.781153205790511e-07,-0.00011865678922088589,0.0,-4.781153205790511e-07,0.0,0.0,-1.0147917625344172,-0.0014457795388362526,0.0,-0.0028910809623519263,,,-0.031749882317446465,1,0.07268341763133024,-0.002726901224304812,-4.781153205790511e-07,0.08405948799501321,1.64,79364.0,79364.0,0.018144150018220968,2.75343297382199,-4294718.0,,0.18518518518518517,27.0
0x0e491f2f6cdd5b87fcc87e771e08c5cf90bd8864,0.038165280615933043,0.091117255,0,2.057998,4,1764832977,-0.0002330934026359616,-0.00024015684593486878,-0.0002330934026359616,-0.0002330934026359616,-0.0028603650883664497,0.0,-0.0002330934026359616,0.0,0.0,-0.9569990711879452,-0.004337219244711912,0.0,-0.008441345086787863,,,-0.2590997405731847,1,0.07268341763133024,-0.029318643882231477,-0.0002330934026359616,0.13479974164021008,1.9999395,140459.0,140459.0,0.0320105435449958,2.982042275735294,-4247439.0,,0.18181818181818182,11.0
0xd34d8dcbefbafce433f01b9ffdcb02c730cee48f,0.038165280615933043,0.091117255,0,1470.202399,7,1764840663,-3.3091017626480567e-09,-7.962419121365051e-09,-3.3091017626480567e-09,-3.3091017626480567e-09,-5.225326409718858e-06,0.0,-3.3091017626480567e-09,0.0,0.0,-2.4112709823497216,-0.00016831617839315597,0.0,-0.00033662904768454925,,,-0.01600000008788327,1,0.07268341763133024,-0.022513272744015437,-3.3091017626480567e-09,0.12250432954132061,1.0,90282.0,90282.0,0.020539250302121403,3.0628055822784814,-4305302.0,,0.1,20.0
0x839f0f0d67b9b61d5efc4569b4b2f5d386e6da18,0.03811658576292622,0.0908094,0,4920.099964,13,1764829155,-0.013809925995213246,-0.016598274353667352,-0.013809925995213246,-0.013809925995213246,-0.04648921660738194,0.0,-0.013809925995213246,0.0,0.0,2.4356804129528946,-0.013771413613546404,0.0,-0.013732901231879561,,,-0.20125852463900817,1,0.07268341763133024,-0.0033910158237503507,-0.013809925995213246,0.25029091919025837,19.9999995,3098010.0,3098010.0,0.7066506146335054,36.576090925,-1286066.0,,0.6666666666666666,6.0
0xb7a50f080f2e069e2def1cde2b7e119448d05824,0.03798920868520231,0.090002306,0,12.006956,4,1764486707,5.9398888676989e-06,-0.001437395357148789,5.9398888676989e-06,5.9398888676989e-06,-0.037338811550161735,0.0,5.9398888676989e-06,0.0,0.0,0.012360494532087724,0.0005062194516999516,0.0,0.0010064990145322043,,,-0.05154955417606351,1,0.07268341763133024,0.06385493700247101,5.9398888676989e-06,0.03910005545628273,1.999998,1096292.0,1096292.0,0.27125010020714424,4.865787493514916,-2945336.0,0.0,0.6086956521739131,115.0
0x95d11f5b43f84424b683d8500d17308a1fd6fc39,0.037903630310209296,0.0894586,0,19.209,4,1764840149,-4.694693145461797e-07,9.389386290923594e-07,-4.694693145461797e-07,-4.694693145461797e-07,4.337788073868663e-05,-0.04597152897079495,-4.694693145461797e-07,-0.04521967310968627,0.0,-0.009600000000000008,-0.000125661286526856,-0.0005487533929784718,-0.00025085310373916585,-0.08879699248246055,-0.09039699248246055,,1,0.07268341763133024,-0.0052170127064431,-4.694693145461797e-07,0.07527162339934733,10.349759,806934.0,806934.0,0.18359980614643226,11.749215842639593,-3588136.0,,0.2631578947368421,19.0
0x8098b0c7747e6b359f8a3dfd15017b064194a1a1,0.037903472166352224,0.089457594,0,29.67954,6,1764926733,-4.547902598778337e-07,9.095805197556675e-07,-4.547902598778337e-07,-4.547902598778337e-07,4.269433980040372e-05,-0.04414352301070898,-4.547902598778337e-07,-0.04624598188305793,0.0,-0.009910000000001109,-0.00012564844235403512,-2.5011343272795932e-05,-0.00025084209444819236,0.0007530072968571067,-0.0914469949785948,,1,0.07268341763133024,-0.02358816238005093,-4.547902598778337e-07,0.0,1.74285,14094.0,14094.0,0.0031448210861436425,4.01850700673968,-4467560.0,0.0,,0.0
0x4e9224dfd7963657133711af9f2fca9746eb1910,0.03787600692536763,0.08928285,0,148.571141,4,1764833575,-2.5044044945042352e-08,-5.259283132943967e-07,-2.5044044945042352e-08,-2.5044044945042352e-08,-0.000105198024120059,0.0,-2.5044044945042352e-08,0.0,0.0,-0.1428490390480404,-0.00012527157185582706,0.0,-0.0002505180996667091,,,-0.1520999455112996,1,0.07268341763133024,-0.00387987206564253,-2.5044044945042352e-08,0.05165723076140249,3.0,41510.0,41510.0,0.009458821427659955,7.474751032258063,-4346986.0,,0.0,31.0
0xfeeebcf1bc01c2c3b676f876cbad907ddc1fa4a9,0.0378533526088227,0.08913862,0,31615.29119,5,1764818629,0.0009550352220750409,0.0012055366345090676,0.0009550352220750409,0.0009550352220750409,0.0038417197161527013,0.009979147546207585,0.0009550352220750409,0.012012318212499894,0.0,1709.9999967199983,0.012333261278896354,0.013732633417876101,0.02371148733571767,0.014449129932669502,0.014549125092668924,,1,0.07268341763133024,-0.0006509596137696205,0.0009550352220750409,0.02635141639123079,87.1190475,2543550.0,2543550.0,0.5815756079157663,486.1676505022523,-1830000.0,,0.5607476635514018,214.0
0xdfae125b0f3c681e23bc6863f590c9a465c1630d,0.03779117699029448,0.08874235,0,20.0,4,1764628724,0.0,0.0,0.0,0.0,0.0,0.0,0.0,0.0,0.0,-9.21,-0.11535571130737439,0.0,-0.23071142261474878,,,0.026720449420745536,1,0.07268341763133024,-0.008706054391197872,0.0,0.10408517593359162,7.9196,611043.0,611043.0,0.1460551743754549,9.773500352941175,-3572602.0,,0.26666666666666666,15.0
0xc0a954e8b53a33c2c65965ac613a2c2f81ec4391,0.03776375140520449,0.08856736,0,67.824,4,1764686850,0.0,0.0,0.0,0.0,0.0,0.0,0.0,0.0,0.0,0.16800000000000098,0.0008767535061364011,0.0,0.0017535070122728022,,,-1.0113262201873139,1,0.07268341763133024,0.02242118784428401,0.0,0.07934271733708644,2.484495,178760.0,178760.0,0.04214277479854523,14.741744387387389,-4063011.0,0.0,0.25,24.0
0x087e4751ca21ffc006e5104acbf09a76cf6396c0,0.03774525079212162,0.08844925,0,1.999996,2,1764895643,0.0030069501382651,0.004008954145278125,0.0030069501382651,0.0030069501382651,0.005669517323184164,-0.09049293232817593,0.0030069501382651,-0.08989293292877687,0.0,,0.0030069501382651,0.0013072543194216652,0.0030069501382651,0.00391931743769854,-0.08788086981049996,,1,0.07268341763133024,-0.01699157359514301,0.0030069501382651,0.0,4.88,528154.0,528154.0,0.11867125155373566,6.490240702168368,-3922410.0,,,0.0
0x47b9249c4e09f75204d95f444be7dc16e0a53ca2,0.03770105872363688,0.088166885,0,1000.0,2,1764627068,-0.9258517024800341,-0.9268537064870472,-0.9258517024800341,-0.9258517024800341,-1.310769082049754,0.0,-0.9258517024800341,0.0,0.0,,-0.9258517024800341,0.0,-0.9258517024800341,,,0.023457036748641573,0,0.07268341763133024,,-0.9258517024800341,0.19110422474553562,54.03045,2418271.0,2418271.0,0.5782585750464672,543.554367244681,-1763718.0,,0.5833333333333334,12.0
0xb061ed522c9cadb6507e654bd6cb826481706516,0.0376820016937138,0.08804502,0,466.279264,12,1764763763,3.55213859362906e-08,4.7361847915054125e-08,3.55213859362906e-08,3.55213859362906e-08,1.3777773606853282e-05,1.591025941213038,3.55213859362906e-08,0.017119316257518204,0.0,29.6601805184,0.04822985310418133,0.017959945389470024,0.09645967068697672,7.271119796573676,7.268083586102754,-0.20240000241920003,2,0.07268341763133024,0.010990354000664539,3.55213859362906e-08,0.09947297288347931,14.4,2513120.0,2513120.0,0.5819180102086654,49.79091960645161,-1805564.0,,0.45454545454545453,33.0
0x873331f6f8d127624d2eab32154ebf43a039ee86,0.03766194565642628,0.08791671,0,51291.549753,75,1764739449,-0.0006918775584802326,-0.0013837551169604452,-0.0006918775584802326,-0.0006918775584802326,-0.003274551836110174,0.909975388664065,-0.0006918775584802326,0.19008037304345762,0.025492887278503053,3648.0792384259994,0.030951993723946466,0.19028614691420045,0.06259586500637317,6.724552708717633,6.721994229257194,-0.007099999999999118,2,0.07268341763133024,0.016149230157507615,-0.0006918775584802326,1.0,24.0,,,,379.5614987123287,,,0.0,1.0
0xe8f75b61e38adf264bbe610de6fbe094384586d5,0.03758375977286166,0.08741587,0,512.04964,3,1764860111,-0.0010020040070130246,-0.0020040080140260497,-0.0010020040070130246,-0.0010020040070130246,-0.003420953645187057,0.0,-0.0010020040070130246,0.0,1.0,,-0.0010020040070130246,0.0,-0.0010020040070130246,,,-0.007700000000000007,0,0.07268341763133024,,-0.0010020040070130246,0.19545459260223982,17.34032,1233458.0,1233458.0,0.27937691051842883,76.79317556804733,-3181574.0,,0.42857142857142855,7.0
0xac29aa5fe935e667d19063dd686052ae12174e5d,0.0375821969965515,0.087405846,0,440.40971299999995,3,1764832595,-0.03312544291237714,-0.03412744691939017,-0.03312544291237714,-0.03312544291237714,-0.053531089503984934,0.0,-0.03312544291237714,0.0,0.0,,-0.03312544291237714,0.0,-0.03312544291237714,,,-0.251779455683122,0,0.07268341763133024,,-0.03312544291237714,0.16215800252098705,0.999999,768780.0,768780.0,0.1752198738420555,2.968624272727273,-3618736.0,,0.0,13.0
0xf1a0782969c6d87e97dadb2e9c5ddf0fc7f30bcf,0.03753406852528811,0.087097034,0,316.844065,18,1764825759,-0.01120032147983891,-0.012419756197502642,-0.011245295998783097,-0.011380219509541966,-0.04547652686514505,0.0,-0.011470168524393493,0.0,0.0,0.06206666543939393,-0.011289849868987201,0.0,-0.01101958219872938,,,0.05365003556832497,1,0.07268341763133024,-0.0023331003627805567,-0.011380219509541966,0.14351219351832634,1.099999,355364.0,355364.0,0.08112073924596182,2.2653839975074774,-4025316.0,,0.06521739130434782,46.0
0x378aca7d1c8a79f0c2fbed98f8d3426097a3258d,0.03752157814576448,0.08701683,0,18903.510457,15,1764831755,-4.444932735095598e-09,-4.593097159598767e-09,-4.444932735095598e-09,-4.444932735095598e-09,-1.1944511480762256e-05,0.0,-4.444932735095598e-09,0.0,0.0,-501.3515334886665,-0.003947279920873209,0.0,-0.007894555396813682,,,-0.2431000000000002,1,0.07268341763133024,-0.011090501633552173,-4.444932735095598e-09,0.13461520774158084,736.7349935,4110681.0,4110681.0,0.9370833405521629,688.4777793181819,-275995.0,,0.5555555555555556,9.0
0xe54464d0c3e1bb1416ff145d11207f7f44f8ba65,0.03749193399336874,0.08682637,0,7350.5199999999995,11,1764876823,-6.464541980729192e-05,-9.696812971093787e-05,-6.464541980729192e-05,-6.464541980729192e-05,-0.0007635278168721235,0.0,-6.464541980729192e-05,0.0,0.0,-12.265000000000379,-0.00016375492904934934,0.0,-0.0002628644382914067,,,-0.016200000000000013,1,0.07268341763133024,-0.01585515257449435,-6.464541980729192e-05,0.0,3.802105,70.0,70.0,1.579513618115126e-05,10.707765007534533,-4431674.0,,,0.0
0x0218c0a9bce8ce3e67d5b49550d3840c202d52c0,0.037399584858111214,0.08623211,0,7158.111627,23,1764825293,-1.1456644745370137e-09,-4.009825660879548e-09,-1.1456644745370137e-09,-1.1456644745370137e-09,-5.303303655022472e-06,0.0,-1.1456644745370137e-09,0.0,0.0,-16.727852505000108,-0.000789313598289797,0.0,-0.0015786260509151194,,,0.17629999983889993,1,0.07268341763133024,-0.004160370308603233,-1.1456644745370137e-09,0.0,1.0,181975.0,181975.0,0.04154477383981696,8.95854851061533,-4198239.0,,,0.0
0x506fdf3db5ec16b80fc522e7b07341a717143a6c,0.03737209381251665,0.086054936,0,2.999996,2,1764844653,0.0010026640074567745,0.0020046680144697993,0.0010026640074567745,0.0010026640074567745,0.002835028694118734,-0.09170227898339409,0.0010026640074567745,-0.0915992734533412,0.0,,0.0010026640074567745,-0.0003992734698651843,0.0010026640074567745,-0.0884962649593467,-0.0905962649428227,,1,0.07268341763133024,-0.006172658762642048,0.0010026640074567745,0.047742923079321146,1156.0,4242072.0,4242072.0,0.9642006248786814,758.9893977377048,-157502.0,,0.5333333333333333,30.0
0x71fc4d526ee958ac66bbda4fb83a2c2b09e18887,0.037362583984961825,0.08599362,0,3201.77,8,1764835549,0.0,0.0,0.0,0.0,0.0,0.0,0.0,0.0,0.013186566885405124,-4.2325000000000035,-0.00015410544911637455,0.0,-0.0003082108982327491,,,-0.01455000000000003,2,0.07268341763133024,-0.006277474293672749,0.0,0.058601670972672326,1.099999,340573.0,340573.0,0.07757096620635148,2.707130437621832,-4049897.0,,0.2962962962962963,81.0
0x74646bbdbf7e4c7811bc0fb01b53b4f3244f71cf,0.03730387452628336,0.08561473,0,15.083097,4,1764732745,-0.00019072159618331689,-0.0001909273368484946,-0.00019072159618331689,-0.00019072159618331689,-0.013324250046124309,0.0,-0.00019072159618331689,0.0,0.0,-6.9895799840065695,-0.11627409544362012,0.0,-0.23235746929105694,,,-1.0361312829521299,1,0.07268341763133024,-0.0008881737103127873,-0.00019072159618331689,0.02000000000000695,5.34,124455.0,124455.0,0.029026281431436124,5.48874001569585,-4163211.0,,0.0,50.0
0x2785e7022dc20757108204b13c08cea8613b70ae,0.037233692920354985,0.08516106,0,2025183.83728,338,1764835517,0.0012075098432472683,0.002209513850260298,0.0012075098432472683,0.0012075098432472683,0.026905372317540917,-0.09019857743893889,0.0012075098432472683,-0.09232210348848019,0.0,,0.0012075098432472683,-0.0015718661435994417,0.0012075098432472683,-0.0018667561461026053,-0.08972835797747289,,2,0.07268341763133024,-0.004234207970139031,0.0012075098432472683,0.0,1980.0,3261408.0,3261408.0,0.7428434247334776,26350.825817872912,-1129030.0,,,0.0
0xf39209e257cf615100f16af2e3697af4aa76aea2,0.0372053640159901,0.0849777,0,40.019956,4,1764931527,1.950183434019907e-09,3.9001874372314825e-09,1.950183434019907e-09,1.950183434019907e-09,2.795776542883233e-06,-0.041937600625105174,1.950183434019907e-09,-0.04560154175148704,0.0,0.010020921996413525,0.0001252637322883903,-0.0005514540795019681,0.0002505255143933466,0.0006031091501777807,-0.08919689084982223,,1,0.07268341763133024,-0.024605339820863045,1.950183434019907e-09,0.05539366758750124,10.97485,897170.0,897170.0,0.1999733419399935,11.770907430167597,-3589278.0,,0.3333333333333333,24.0
0x2febffa2fb777ccbd12cfb31a6719cf4fb97d157,0.03717315228687398,0.08476905,0,474.81996,14,1764825469,1.3975678400596392e-06,1.475210447913679e-06,1.3975678400596392e-06,1.3975678400596392e-06,0.00023700289419845987,-0.036183576371282056,1.3975678400596392e-06,-0.034437908637673,0.0,0.6484098724747519,0.0015082459045403583,-0.023900484160157644,0.0030150942412406566,-0.062111629293904756,-0.06184020847463228,,1,0.07268341763133024,-0.0021022515818870276,1.3975678400596392e-06,0.0362902402804338,2.77,1232620.0,1232620.0,0.2813950356018528,7.908370920192823,-3147770.0,0.0,0.5270935960591133,203.0
0xd97c5c25774ee6e7ebbc4456e1eaa32f2b29aedb,0.037127644996412384,0.084473975,0,6193.806304,39,1764663672,4.484658893525026e-07,4.4999475033583077e-07,4.484658893525026e-07,4.484658893525026e-07,0.0006309846656206894,1.9594782598533735,4.484658893525026e-07,0.799224370283945,0.0,434.69334190599847,0.06032957792697269,0.8010031379060348,0.12065870738805602,7.005379695310663,7.002040985633241,,2,0.07268341763133024,0.032227380956927607,4.484658893525026e-07,0.01357707348934608,110.999999,43320380.0,43320380.0,10.268916674350903,413.6728201465245,39101787.0,0.0,0.4453125,250.0
0x88998723c61157f96a5abdcd855216d0f4d7b385,0.03705748528563866,0.08401837,0,5010.0,4,1764863391,0.0,0.0,0.0,0.0,0.0,0.0,0.0,0.0,1.0,-5.000000000000004,-0.0001252505008766281,0.0,-0.0002505010017532562,,,-0.00770000000000004,1,0.07268341763133024,-0.013631535640887562,0.0,0.04537519786777258,1.6,271395.0,271395.0,0.06142504196172656,2.5823980008163265,-4146917.0,,0.20833333333333334,24.0
0x558f0cda8c9dd4c6f65f5909659587a476f70ba5,0.03705748528563866,0.08401837,0,750.0,4,1764871827,-0.00033400133567100824,-0.0006680026713420166,-0.00033400133567100824,-0.00033400133567100824,-0.0011570145663561072,0.0,-0.00033400133567100824,0.0,1.0,0.5000000000000004,-0.0001670006678355041,0.0,5.421010862427522e-20,,,-0.008100000000000007,1,0.07268341763133024,-0.017827551717128767,-0.00033400133567100824,0.09936947964836738,4.999999,245497.0,245497.0,0.05545764068792712,5.508519408163265,-4181251.0,,0.2,15.0
0x401bab876d5d2e61242a7fbf976c955210f35dc2,0.0370273208837047,0.083822235,0,265.773236,6,1764832715,1.229984661373208e-06,1.361768668157503e-06,1.229984661373208e-06,1.229984661373208e-06,0.0002056682914366892,-0.029894710313752862,1.229984661373208e-06,-0.028094470298333042,0.0,2.8991107498808684,0.003639862658290476,0.02096288275889088,0.00727849533191958,-0.05443179752296688,-0.055631797522966896,,1,0.07268341763133024,-0.0036396874884628656,1.229984661373208e-06,0.19304965861566553,97.25,2912945.0,2912945.0,0.663898509356747,63.29250654,-1474691.0,,0.0,8.0
0xe2bf60f18aab4a9b2a65f294d5b25d17a9f8cb5a,0.037008966825113586,0.08370282,0,40.08,3,1764883383,0.0010020040070130248,0.0020040080140260497,0.0010020040070130248,0.0010020040070130248,0.0033524714723372176,-0.0910030075221974,0.0010020040070130248,-0.09250300452055304,0.0,,0.0010020040070130248,-0.0010030045205530417,0.0010020040070130248,0.0009030075175394626,-0.09049699248246056,,1,0.07268341763133024,-0.014390281266324382,0.0010020040070130248,0.09564968744139582,10.015599,460472.0,460472.0,0.10374954036496824,61.18717899999999,-3977832.0,,0.0,16.0
0xd250b04ad16b042f54dfe9ca6df30c0fe31fe9a6,0.03700736521085044,0.083692394,0,1.380694,4,1764611990,-0.0010059030220995028,-0.0011966558198338723,-0.0010059030220995028,-0.0010059030220995028,-0.03359032128302908,0.0,-0.0010059030220995028,0.0,0.0,-0.8384599461368936,-0.09995330497323938,0.0,-0.19890070692437925,,,-0.015923567089731035,1,0.07268341763133024,-0.0006492621962630505,-0.0010059030220995028,0.024181862116631335,0.999998,512503.0,512503.0,0.12299350766071078,0.984305651851852,-3654408.0,,0.2765957446808511,47.0
0xa6711a0de9cf71a92272e0cce90b11809efccd7c,0.03700736521085044,0.083692394,0,5000.0,4,1764847873,0.0,0.0,0.0,0.0,0.0,0.0,0.0,0.0,0.0,-5.000000000000004,-0.0002505010017532562,0.0,-0.0005010020035065124,,,-0.02410000000000002,1,0.07268341763133024,-0.007465242193895153,0.0,0.1226753695628439,9.0,477066.0,477066.0,0.10835528530292356,16.95613352727273,-3925728.0,,0.2222222222222222,27.0
0xd91218feb4c61d6f58c8db78a5726479a47cddfe,0.03700736521085044,0.083692394,0,5.616491,4,1764612046,-8.277740765829458e-05,-0.0019972710296321866,-8.277740765829458e-05,-8.277740765829458e-05,-0.04339583393577901,0.0,-8.277740765829458e-05,0.0,0.0,-0.07799996913105414,-0.004957197832714035,0.0,-0.009831618257769776,,,-0.01592361541218093,1,0.07268341763133024,0.028273246875372637,-8.277740765829458e-05,0.03153679483028679,3.01,700997.0,700997.0,0.1682271541867262,4.378411515402844,-3465970.0,0.0,0.2833333333333333,60.0
0x9014c758e288972fa5056f5f66192dcae67100cc,0.03699598525127439,0.08361832,0,1327.689498,8,1764832953,-3.9428834628786804e-08,-4.656748310052561e-08,-3.9428834628786804e-08,-3.9428834628786804e-08,-3.0218306638489632e-05,0.0,-3.9428834628786804e-08,0.0,0.0,-17.609824947597687,-0.0027685020334600853,0.0,-0.005536964638085542,,,-0.13951498433268217,1,0.07268341763133024,-0.004394613924509902,-3.9428834628786804e-08,0.9057929638904592,8.0,1602494.0,1602494.0,0.36520966645806147,44.959573405797116,-2785380.0,,0.3333333333333333,6.0
0x85c2ff8d5938f310c3987c9f3179f1e63aa100f8,0.03695467621386114,0.08334925,0,2752.4,3,1764823625,0.0,0.0,0.0,0.0,0.0,-0.04504999917292337,0.0,-0.041009044382015185,0.0,-22.400000000000023,-0.00200400801402605,-0.0413590395420146,-0.0040080160280521,-0.083790772112039,-0.07999078179204017,,1,0.07268341763133024,-0.0017109968466226273,0.0,0.0,6.9003,329243.0,329243.0,0.07519459656242049,148.77230705625527,-4049303.0,,,0.0
0x44e641e5eabb5687fe2338540e18b7d610579d9e,0.03690076929093913,0.08299769,0,2288.487728,13,1764807123,-2.0152019515211806e-18,-1.8151325515896206e-05,-2.0152019515211806e-18,-2.0152019515211806e-18,-0.00013486178442956987,2.542104273362715,-2.0152019515211806e-18,2.540833419037811,0.0,166.09317506566663,0.07943135027622335,2.5418880548112854,0.1588627005524467,7.009734205065589,7.00735999806559,-1.0531158622984806,1,0.07268341763133024,0.001466144371299895,-2.0152019515211806e-18,0.019121420753076546,53.666666500000005,6378159.0,6378159.0,1.4621950168315587,186.57951627297297,2016115.0,,0.5151515151515151,165.0
0xcc380f63b84de8d3c4af89c65a52c51b2e9d5bb2,0.03683459230605513,0.08256543,0,2962.27376,11,1764868389,-0.00028056112196364694,-0.0006412825644883359,-0.00028056112196364694,-0.00028056112196364694,-0.0030688794556424284,0.0,-0.00028056112196364694,0.0,0.9411764705882353,1.2217919999999947,-3.57130260163567e-05,0.0,0.00020913506993093354,,,-0.007700000000000007,1,0.07268341763133024,-0.016525208135212882,-0.00028056112196364694,0.0063277765570791305,2.0,659232.0,659232.0,0.1490359029776344,4.00322475428195,-3764078.0,,0.12660944206008584,466.0
0xe6e63a4b4aa77a926db43335504603e3b82551be,0.03675485792438998,0.08204362,0,28.549998,5,1764783809,0.00011893463786336416,0.00012305051387426262,0.00011893463786336416,0.00011893463786336416,0.010339178140311564,3.453839274827222,0.00011893463786336416,-0.12816801689204446,0.0,18.89690073637768,0.1050639916339898,-0.12791798148131808,0.21000904863011624,6.9063003512109375,6.9037003512109365,,1,0.07268341763133024,0.006737050083576594,0.00011893463786336416,0.028134698555791614,4.999999,1724048.0,1724048.0,0.39736236179711576,7.15873103076923,-2614682.0,,0.5,62.0
0xf03b828ecb3d6aca0de71f5b09d2e639790f1196,0.036725999830810985,0.08185449,0,24662.979272,21,1764823367,-0.0001054372069440913,7.029147129606021e-05,-0.0001054372069440913,-0.0001054372069440913,0.000750638852698118,-0.04817498220118041,-0.0001054372069440913,-0.0442234153077441,0.0,-25.896633404444586,-0.002107865994332896,-0.04457647952667076,-0.004110294781721701,-0.08936820103969827,-0.08556821071969943,,1,0.07268341763133024,-0.0016562551320357425,-0.0001054372069440913,0.012058011597046128,99.9,2180558.0,2180558.0,0.49803895952025085,417.64400484130863,-2197730.0,,0.963963963963964,221.0
0x292775fc8f3407e6b19229695bbf04d648f171a1,0.03670158457709526,0.08169437,0,1000.0,2,1765146271,0.0,-0.0010020040070130248,0.0,0.0,-0.0014170476562700054,0.0,0.0,0.0,1.0,,0.0,0.0,0.0,,,3.3306690738754695e-17,0,0.07268341763133024,,0.0,0.14197530932785096,1.0,1198.0,1198.0,0.0002548289880523918,1.8499987999999998,-4699994.0,0.0,0.0,11.0
0x5abaa995b1b283292d175522cb8dfe820d6d362c,0.03670158457709526,0.08169437,0,1000.0,2,1765065743,0.0,-0.0010020040070130248,0.0,0.0,-0.0014170476562700054,0.0,0.0,0.0,1.0,,0.0,0.0,0.0,,,0.0,0,0.07268341763133024,,0.0,0.14660495850480681,12.997559500000001,4594.0,4594.0,0.0009942294007960761,15.714453409482758,-4616070.0,,0.0,11.0
0xd6a92d95c8f7bf7c5d23994f89ecc82edba3d89d,0.03661357140798175,0.08111631,0,1.999996,2,1764833237,0.032064976046010885,0.03306698005302391,0.032064976046010885,0.032064976046010885,0.046763771657707016,-0.06000514714728608,0.032064976046010885,-0.05609865381077491,0.0,,0.032064976046010885,0.04160151541441545,0.032064976046010885,-0.05347829865801409,-0.055047028914984135,,1,0.07268341763133024,-0.003750443980766562,0.032064976046010885,0.01957254986696513,7.5,4773654.0,4773654.0,1.0878491613109647,432.6694817118645,385496.0,,0.6590909090909091,88.0
0x862a143e6772eb8485a0f74982108aae8762b41e,0.03661357140798175,0.08111631,0,1.999996,2,1764833273,0.032064976046010885,0.03306698005302391,0.032064976046010885,0.032064976046010885,0.046763771657707016,-0.06000515345703551,0.032064976046010885,-0.05609865381077491,0.0,,0.032064976046010885,0.04010151541441542,0.032064976046010885,-0.05347829865801409,-0.055047028914984135,,1,0.07268341763133024,-0.0037580823595461275,0.032064976046010885,0.01956962085665263,6.5,4756526.0,4756526.0,1.0839370365120593,414.951208195122,368332.0,,0.6847826086956522,92.0
0xe8c244715b65c407bf8ad4ffa64f94aad9dee8f6,0.03661357140798175,0.08111631,0,1.999996,2,1764833251,0.032064976046010885,0.03306698005302391,0.032064976046010885,0.032064976046010885,0.046763771657707016,-0.06000514714728608,0.032064976046010885,-0.05609865381077491,0.0,,0.032064976046010885,0.04130151541441546,0.032064976046010885,-0.05347829865801409,-0.055047028914984135,,1,0.07268341763133024,-0.00375341446140306,0.032064976046010885,0.019570250637510965,5.5,4773650.0,4773650.0,1.0878447791016397,421.9669327933884,385478.0,,0.6373626373626373,91.0
0x26521c56b1b08b03c734751f133409d0654f1b08,0.03660312352826195,0.0810476,0,120.15984,6,1764914433,0.0,0.0,0.0,0.0,0.0,-0.04669849624123027,0.0,-0.04625075187938487,0.0,0.04008000000000449,0.000125250500876642,-0.00040075187949395637,0.000250501001753284,0.0008530075175394123,-0.09099699248246061,,1,0.07268341763133024,-0.020978382963699454,0.0,0.0,2.5875,608798.0,608798.0,0.13621610639926934,2.8489525475051267,-3860556.0,,,0.0
0x881fb1d5115a3232c8f5c2704dd0af46d370dfe9,0.03657884459470594,0.08088786,0,8.147796,4,1764461182,-1.9953348422690537e-05,-0.0009767185423624235,-1.9953348422690537e-05,-1.9953348422690537e-05,-0.030953572583697474,0.0,-1.9953348422690537e-05,0.0,0.0,-0.04199990618700087,-0.0025224636021047332,0.0,-0.005024973855786776,,,-0.029638023606713495,1,0.07268341763133024,0.07430105651509153,-1.9953348422690537e-05,0.013732821149649401,1.52784,575741.0,575741.0,0.14335812602415823,8.72309324468611,-3440362.0,,0.04081632653061224,147.0
0x521635c945fb91c36a2a7af6261e65902a691bba,0.03657884459470594,0.08088786,0,174.435759,12,1764826417,-0.0034951905359586677,-0.004580300624978607,-0.003554868053858713,-0.0037339006075588236,-0.021473717328725623,0.0,-0.0037935781254588626,0.0,0.017099199715614844,3.6835204974266906,-0.0029687009620633312,0.0,-0.0022035013165678393,,,-0.02779999999999999,1,0.07268341763133024,-0.0034941339372744824,-0.0036145455717587456,0.1404058535170594,1.3704649999999998,486788.0,486788.0,0.11110487252980711,4.019848965116279,-3894550.0,,0.0625,80.0
0x687d8cf19d873aed1957e61a3f2092d4721ce28b,0.03656439783387285,0.08079276,0,4402.81008,8,1764818857,-0.0008024728330031988,-0.0010699637773375983,-0.0008024728330031988,-0.0008024728330031988,-0.00283525819322322,-0.01807734437265929,-0.0008024728330031988,-0.01849601180919474,0.0,29.55528000000002,0.0025028359490506134,-0.016296879697333597,0.005808144731104426,-0.04473728299976382,-0.04833728299976381,0.2608,1,0.07268341763133024,-0.0006993360127068674,-0.0008024728330031988,0.0,20.603605,829744.0,829744.0,0.1897087597953074,83.78683842691414,-3544034.0,,,0.0
0x269ff25ca1a718dc70ce3291141a1b88197831b5,0.03653566777738039,0.08060353,0,3.3,3,1764831415,0.00033400133567100824,0.0006680026713420166,0.00033400133567100824,0.00033400133567100824,0.001157014566356107,-0.031132330918862885,0.00033400133567100824,-0.030666666666666672,0.0,-2.7000000000000024,-0.0019205076801082975,-6.666666666666674e-05,-0.004175016695887604,0.00070526725831634,-0.09099699248246056,-0.2187000000000002,1,0.07268341763133024,-0.021246150575360882,0.00033400133567100824,0.8355099098190726,3.6216345,2667136.0,2667136.0,0.6080555616350412,25.3380147,-1719200.0,,0.3333333333333333,3.0
0x1a6df901e63422055a1658b0ef2b2a871507cf4a,0.03645617231617921,0.08007919,0,27.499979,9,1764834963,1.336073033709675e-09,-1.336073033709675e-09,1.336073033709675e-09,1.336073033709675e-09,-1.6363071431972317e-06,0.0,1.336073033709675e-09,0.0,1.0,0.9374990417500096,0.00018787702061062858,0.0,0.0003757527051482235,,,0.005400000000000038,1,0.07268341763133024,-0.004844853918127613,1.336073033709675e-09,0.0,5.3085450000000005,176197.0,176197.0,0.04013705145739614,66.3512001270962,-4213687.0,,,0.0
0xdde0bd11edf900bb930c1e796aa835ef8ea20c79,0.03645617231617921,0.08007919,0,44.8404,8,1764583524,0.0,5.176403229797323e-17,0.0,0.0,6.904091438516829e-09,0.0,0.0,0.0,0.0,-0.48453999999999975,-0.003841068208529196,0.0,-0.007682136417058392,,,-0.02375950919497038,1,0.07268341763133024,0.021188862734514143,0.0,0.0,2.997,167771.0,167771.0,0.04053962297432973,4.1317134873021715,-3970674.0,,,0.0
0x2cd2098935241533fb21ad5c71daa621658f1f27,0.03645617231617921,0.08007919,0,3514.0,4,1764890375,0.0,0.0,0.0,0.0,0.0,0.0,0.0,0.0,0.0,-7.000000000000006,-0.0002505010017532562,0.0,-0.0005010020035065124,,,-0.024300000000000023,1,0.07268341763133024,-0.027186687493979473,0.0,0.0,14.999999,172398.0,172398.0,0.03878211934593332,38.72940992628476,-4272898.0,0.0,,0.0
0x77c812f7735ad07e3ce58fd466a0e1b4346bbc8c,0.03645617231617921,0.08007919,0,147.352922,5,1764828395,-9.91841783464209e-07,-1.0218975950843367e-06,-9.91841783464209e-07,-9.91841783464209e-07,-0.00018658549378520876,0.0,-9.91841783464209e-07,0.0,0.0,-4.852649051999997,-0.004134133583050194,0.0,-0.008267275324316925,,,-0.2582999477841605,1,0.07268341763133024,-0.009895519708926846,-9.91841783464209e-07,0.0,1.997944,114656.0,114656.0,0.026157365793385647,63.38554039874957,-4268660.0,,,0.0
0x368ba69507fd67972059fa178af5e459b72f2458,0.03642204573410787,0.07985376,0,6694.514086,9,1764696908,0.7227561232187507,0.723758127225764,0.7227561232187507,0.7227561232187507,1.5754722444674656,-0.1755225350112882,0.7227561232187507,-0.07761753353380033,0.0,,0.7227561232187507,-0.07309536075183169,0.7227561232187507,5.619608123122662,5.615908123071888,,3,0.07268341763133024,0.025175459925882264,0.7227561232187507,0.0,19.0,,,,734.1384760158215,,,,0.0
0x07db1e6a8b222d08655ae3f8e5eeb9df3675feb9,0.03633710836291586,0.0792918,0,1.0351759999999999,2,1764833185,0.03306614771871333,0.03406815172572635,0.03306614771871333,0.03306614771871333,0.04817964221550657,-0.056702274601463855,0.03306614771871333,-0.05384250384411977,0.0,,0.03306614771871333,0.04435749924714207,0.03306614771871333,-0.05227377358714973,-0.05384250384411977,,1,0.07268341763133024,-0.0037394107669738567,0.03306614771871333,0.028851382691068385,18.5,4914313.0,4914313.0,1.1199166565256171,384.6193945970149,526207.0,,0.6979166666666666,96.0
0xc9dbb251d58900109c77386e927301554db718b5,0.03633011805226467,0.07924549,0,1733.5154380000001,6,1764818597,2.735214932298116e-07,3.4070983009252205e-07,2.735214932298116e-07,2.735214932298116e-07,0.0002277974483857841,0.056912939745778435,2.735214932298116e-07,0.05674351791275162,0.0,35.97432001199995,0.015283986830370702,0.05979352473569013,0.030567700139248175,0.11836736049825294,0.11476736049825295,,1,0.07268341763133024,-0.0006441699437433403,2.735214932298116e-07,0.23333844089451714,21.12,10848733.0,10848733.0,2.480550668820844,78.803549472,6475215.0,,0.5,14.0
0x1a020c03424f7d2f1617bdcce2d5754aba1084ff,0.03625818245726159,0.07876848,0,2.958666,2,1764854807,0.0020040086913609904,0.0030060126983740155,0.0020040086913609904,0.0020040086913609904,0.004251143926706277,-0.09179999925336835,0.0020040086913609904,-0.09210451618865245,0.0,,0.0020040086913609904,-0.0007045160534563993,0.0020040086913609904,-0.00015472835697593777,-0.08909096538280012,,1,0.07268341763133024,-0.008327105932856104,0.0020040086913609904,0.4590745660677562,8.3,1638640.0,1638640.0,0.3715966154828597,42.247772674157304,-2771088.0,,0.0,3.0
0xe20deb609c6736753e7f1b2c64b737018275c49b,0.03623002718518798,0.07858153,0,5000.0,2,1765032877,0.0,-0.0010020040070130248,0.0,0.0,-0.0014170476562700056,0.0,0.0,0.0,1.0,,0.0,0.0,0.0,,,0.0,0,0.07268341763133024,,0.0,0.05803092824072894,5.999999,86672.0,86672.0,0.018891851820851745,9.151797103448278,-4501126.0,0.0,0.07407407407407407,27.0
0x604d083b6eb4188e20802495ed925cb5c7e46fac,0.03622178723471139,0.07852679,0,12234.12988,14,1764833579,5.817280769442226e-06,1.1634561538884452e-05,5.817280769442226e-06,5.817280769442226e-06,0.00015269497229314293,0.0,5.817280769442226e-06,0.0,0.0,-80.26983238133354,-0.002445828607638278,0.0,-0.004897474496045998,,,-0.152100095160892,1,0.07268341763133024,-0.006854596245906571,5.817280769442226e-06,0.21879848771545843,12.4042,1170640.0,1170640.0,0.26675173749572745,53.47346013533834,-3217860.0,,0.0,15.0
0x0158f7f8ba23acfb6a27908c14999ba3b840fd78,0.03619466881780142,0.07834655,0,600.0,2,1764898971,-0.004008016028052099,-0.005010020035065124,-0.004008016028052099,-0.004008016028052099,-0.007085238281350026,0.0,-0.004008016028052099,0.0,0.0,,-0.004008016028052099,0.0,-0.004008016028052099,,,-0.03230000000000003,0,0.07268341763133024,,-0.004008016028052099,0.1172577333903101,1.26549,7902.0,7902.0,0.00177417862848942,3.9110307647058824,-4445990.0,0.0,0.0,19.0
0xade6bcac1f97b7935878796d6a79e1ff72a28083,0.03615997173958414,0.078115754,0,115.37689400000001,6,1764726575,-5.1109788745635545e-05,-5.121993915245513e-05,-5.1109788745635545e-05,-5.1109788745635545e-05,-0.006908690422464806,0.0,-5.1109788745635545e-05,0.0,0.0,-82.81231998000334,-0.11623475987365701,0.0,-0.2324184099585684,,,-1.0357257623238356,1,0.07268341763133024,-0.02201677812334369,-5.1109788745635545e-05,0.26350036444692343,40.0,4031021.0,4031021.0,0.9414982520128479,115.51618005806452,-250475.0,,0.5813953488372093,43.0
0xad1b9b4c17fbcff5cf5d308c444927ac8e1189bf,0.036133687725883594,0.07794078,0,1500.0,3,1764981907,-0.001002004007013025,-0.00200400801402605,-0.001002004007013025,-0.001002004007013025,-0.002939037686012908,0.0,-0.001002004007013025,0.0,0.9940785333333333,,-0.001002004007013025,0.0,-0.001002004007013025,,,-0.007999852395725138,0,0.07268341763133024,,-0.001002004007013025,0.1371536872137904,1.999999,36548.0,36548.0,0.008055848711919429,2.4633433636363633,-4500280.0,,0.2222222222222222,9.0
0xc183e5f0b872398b384ebd7c40d9ae1d5059cb08,0.036133687725883594,0.07794078,0,333.333333,2,1764850777,-0.0020040065230440864,-0.0030060105300571114,-0.0020040065230440864,-0.0020040065230440864,-0.004251140860243102,0.0,-0.0020040065230440864,0.0,0.0,,-0.0020040065230440864,0.0,-0.0020040065230440864,,,-0.016099987947200016,0,0.07268341763133024,,-0.0020040065230440864,0.12484843227219365,1.0,126252.0,126252.0,0.02865652616225624,1.7403364835164838,-4279446.0,,0.2727272727272727,11.0
0xb66843da7a9ee8ee5f3c7b868b9179c3249d9e63,0.036133687725883594,0.07794078,0,1000.0,2,1765121793,0.0,-0.0010020040070130248,0.0,0.0,-0.0014170476562700054,0.0,0.0,0.0,1.0,,0.0,0.0,0.0,,,0.0,0,0.07268341763133024,,0.0,0.0782242887539017,0.999999,167680.0,167680.0,0.03585423440475513,1.0786388961038962,-4509034.0,,0.3333333333333333,15.0
0x4d6138fea6a8f2a1efbba279fb82642601970834,0.036133687725883594,0.07794078,0,154.411763,4,1764832551,-0.011976327261842709,-0.012978331268855735,-0.011976327261842709,-0.011976327261842709,-0.031227033590779302,0.0,-0.011976327261842709,0.0,0.0,,-0.011976327261842709,0.0,-0.011976327261842709,,,-0.1538498702865924,0,0.07268341763133024,,-0.011976327261842709,0.05120952517574136,4.999998,138327.0,138327.0,0.03152772257008136,8.448207556643357,-4249145.0,,0.3582089552238806,67.0
0xb51e00d7f0a9b0267303256cab9b83b1e4ed3361,0.036133687725883594,0.07794078,0,322570.4,15,1765049011,6.672318050410002e-18,-0.0010020040070130181,6.672318050410002e-18,6.672318050410002e-18,-0.003003898556549327,0.0,6.672318050410002e-18,0.0,1.0,,6.672318050410002e-18,0.0,6.672318050410002e-18,,,0.0,0,0.07268341763133024,,6.672318050410002e-18,0.048184945485362944,2.9368965,12564.0,12564.0,0.002728971670302689,7.545524603479854,-4591368.0,,0.23684210526315788,38.0
0x8ef9d14f28a7aa5b281ecba349c9ee3c3582b12b,0.03609282039740708,0.07766847,0,1166.666666,6,1764858469,-0.0007157167208900453,-0.0008588601492363911,-0.0007157167208900453,-0.0007157167208900453,-0.003213560435368514,0.0,-0.0007157167208900453,0.0,0.7500000007500001,1.0000000000000009,-0.0005010015762233755,0.0,-0.0002862864315567057,,,-0.023949976104546588,1,0.07268341763133024,-0.01757845569803961,-0.0007157167208900453,0.020209765162745728,0.999999,1287590.0,1287590.0,0.2917462540133548,1.7024036203921569,-3125800.0,,0.54,100.0
0x1eea08f62a4ea394cfbc636fb0dd728216900919,0.03601570007827019,0.0771538,0,190.959447,10,1764827317,1.9330159883618744e-09,-1.8363653482321557e-08,1.9330159883618744e-09,1.9330159883618744e-09,-1.8697824364592533e-05,0.0,1.9330159883618744e-09,0.0,0.0,6.711728892200222,0.0011719451578820798,0.0,0.002343888382748171,,,-0.12940002423291547,1,0.07268341763133024,-0.0025775284837266463,1.9330159883618744e-09,0.11301420903453055,10.0,742378.0,742378.0,0.16940613449109793,32.07558446466809,-3639860.0,,0.2894736842105263,38.0
0x14c32680ffc318892e0d019181e4161aa34cdf68,0.03600384212621358,0.07707457,0,19731.245225,175,1764642574,0.1188908694946677,0.11903219155351409,0.1188908694946677,0.11887750270884306,0.7307907876430866,1.0507593855129067,0.1188908694946677,0.04374650082380481,0.0,69.6561413086708,0.1536615437907478,0.04685758159213767,0.18843221808682792,7.360050867658582,7.3565420381330755,,2,0.07268341763133024,0.036703895276129515,0.1188908694946677,0.0,28.7030625,22547051.0,22547051.0,5.371549221619085,361.54425037457395,18349556.0,0.0,,0.0
0xbfbf62fdc0dc373b4e6b76683936f81c60ea110f,0.03597544806113004,0.076884754,0,1500.0,4,1764982383,-0.0010020040070130246,-0.0020040080140260497,-0.0010020040070130246,-0.0010020040070130246,-0.003950294824316246,0.0,-0.0010020040070130246,0.0,1.0,,-0.0010020040070130246,0.0,-0.0010020040070130246,,,-0.007999852395725138,0,0.07268341763133024,,-0.0010020040070130246,0.04291725454281701,0.999999,85914.0,85914.0,0.018935032785989212,1.4800771180555554,-4451390.0,,0.19642857142857142,56.0
0x168cead1aff19af09d05149a3575ca53ea0f7ede,0.035929494016785364,0.07657724,0,4.347798,4,1764825189,-7.888969114847522e-07,-8.6402999017231e-07,-7.888969114847522e-07,-7.888969114847522e-07,-0.00014111167643264145,0.0,-7.888969114847522e-07,0.0,0.0,-1.82594904007198,-0.0026309494204411784,0.0,-0.005261109943970873,,,0.10220009163200189,1,0.07268341763133024,-0.015766038155399422,-7.888969114847522e-07,0.05998986292438729,5.91195,1302478.0,1302478.0,0.2973619383988073,8.778907661157026,-3077632.0,,0.42857142857142855,42.0
0x6d24f1def2a30c113d232cdfde8dc4900c02fd7e,0.035867441161146325,0.07616139,0,2990.0,3,1764893751,0.0,-0.0003340013356710083,0.0,0.0,-0.0005785072831780535,-0.028413131449717535,0.0,-0.02824646478305087,0.5,7.000000000000006,0.0005845023374242645,0.0020868685502824676,0.001169004674848529,0.008884847911186364,-0.08271515208881364,0.0,1,0.07268341763133024,-0.01659013435483919,0.0,0.04628451781603962,142.15215,34019744.0,34019744.0,7.647168413405169,1151.5870444934208,29571072.0,0.0,0.7777777777777778,62.0
0x3dd61dcb48f555e2bfb5bed0c51610dff982e41d,0.03585942054415524,0.07610759,0,480.7515,7,1764826733,-3.606904604408911e-08,-3.8072882976984055e-08,-3.606904604408911e-08,-3.606904604408911e-08,-2.6922742947218216e-05,0.0,-3.606904604408911e-08,0.0,0.0,-16.350172039017945,-0.004268284973610982,0.0,-0.00853653387817592,,,-0.01870000199116173,1,0.07268341763133024,-0.010202327923239385,-3.606904604408911e-08,0.05893886375430524,3.669,733984.0,733984.0,0.16751299851608548,7.412019370517928,-3647670.0,,0.14634146341463414,41.0
0x1d9356117360e67e3bb1a27fdb6402192a6e1caf,0.03585942054415524,0.07610759,0,1898.649225,15,1764825505,0.0,-3.457308835539514e-09,0.0,0.0,-2.632199577042792e-06,0.0,0.0,0.0,0.966140602346137,-0.5144264174999913,-0.00013342318067953129,0.0,-0.00026684636135906257,,,-0.007700000323093525,1,0.07268341763133024,-0.002181605850319178,0.0,0.047899522425886576,6.5,741830.0,741830.0,0.16935110877343892,9.787230265469063,-3638596.0,0.0,0.16,125.0
0x1a2c41d8a5c3bae7df1d3d9cada2b85739d46962,0.035844791060779084,0.07600943,0,41.666665,2,1764826291,-0.02304606907512634,-0.024048073082139368,-0.02304606907512634,-0.02304606907512634,-0.034009111101700844,0.0,-0.02304606907512634,0.0,0.0,,-0.02304606907512634,0.0,-0.02304606907512634,,,0.08530412718490388,0,0.07268341763133024,,-0.02304606907512634,0.04747079319166159,5.022475,519038.0,519038.0,0.11846904463878945,43.89515703963415,-3862174.0,,0.3541666666666667,48.0
0x2162a3dbecb3fe52b8338462c3439a808714f0b1,0.035835638759218254,0.075948,0,2355.05116,7,1764832311,-0.01941776585642759,-0.02062017839712037,-0.019618169121989396,-0.01961816912259061,-0.045531207047067104,0.0,-0.02001897388590586,0.0,0.0,-1.256672829252708,-0.02000244775875616,0.0,-0.01978551836544349,,,-0.2537146901779994,1,0.07268341763133024,-0.0036634513335548464,-0.019818571504248213,0.29525683646917283,139.502,43109436.0,43109436.0,9.826112683350232,1151.6636974649446,38722204.0,0.0,0.1276595744680851,47.0
0x8992702ce596ffa39155228f0833dc34db28476f,0.03583285965790396,0.07592934,0,125.0,2,1764894111,-0.007014028049091174,-0.008016032056104199,-0.007014028049091174,-0.007014028049091174,-0.011336381250160045,0.0,-0.007014028049091174,0.0,0.0,,-0.007014028049091174,0.0,-0.007014028049091174,,,-0.05640000000000005,0,0.07268341763133024,,-0.007014028049091174,0.12748991466078832,19.999998,1086264.0,1086264.0,0.24415738075158822,23.83172748484849,-3362768.0,,0.6,10.0
0x801eb1729fdcf757dbf1adf7785f13d19f7d8692,0.035741183719817875,0.075313136,0,8.728439,26,1764878979,-0.0018588736325069245,-0.002860877639519948,-0.0018588736325069245,-0.0018588736325069245,-0.009753337508596064,0.0,-0.0018588736325069245,0.0,0.22913604597568935,,-0.0018588736325069245,0.0,-0.0018588736325069245,,,-0.016100000000000902,0,0.07268341763133024,,-0.0018588736325069245,0.13009964260091286,1.755,180077.0,180077.0,0.04061368095807303,6.004584893081761,-4253823.0,,0.05357142857142857,56.0
0x6af73aabec6f6303cafc1ad1cc6b76cb5ab254a1,0.035741183719817875,0.075313136,0,1.999998,2,1764827955,-0.017034050588158777,-0.0180360545951718,-0.017034050588158777,-0.017034050588158777,-0.025506833020193548,0.0,-0.017034050588158777,0.0,0.0,,-0.017034050588158777,0.0,-0.017034050588158777,,,-0.07309831866127711,0,0.07268341763133024,,-0.017034050588158777,0.11339085753610291,1.0,45118.0,45118.0,0.010294153884344435,26.053640074999997,-4337758.0,,0.0,11.0
0x3d62a2b83fd28c9cceacf37362054abeb1da49c5,0.035741183719817875,0.075313136,0,1003.999999,4,1764833249,-0.003737203660984413,-0.004739207667997437,-0.003737203660984413,-0.003737203660984413,-0.015665639345306914,0.0,-0.003737203660984413,0.0,0.0,,-0.003737203660984413,0.0,-0.003737203660984413,,,-0.14154992952331588,0,0.07268341763133024,,-0.003737203660984413,0.08677685537191016,2.0408,74730.0,74730.0,0.017029878058507305,3.8030353026245316,-4313440.0,,0.0,13.0
0xd21314105a2c0a37c4a52578155af43f3c646e23,0.03553823114019748,0.07394354,0,40.84792,5,1764705549,-6.0932884680534205e-05,-6.10645454133392e-05,-6.0932884680534205e-05,-6.0932884680534205e-05,-0.007533741619689568,0.0,-6.0932884680534205e-05,0.0,0.0,-28.17540158192091,-0.1159857459894611,0.0,-0.23191055909424166,,,-1.036288756628731,1,0.07268341763133024,-0.02254976722040669,-6.0932884680534205e-05,0.0950439683614524,1.9588095,716402.0,716402.0,0.16815093170471804,4.888433928571429,-3544068.0,,0.2222222222222222,27.0
0x7f66b22db8a7aedd8ed91c3820f3bfc333644bac,0.03550340975385245,0.0737078,0,53556.041901000004,9,1764812983,-0.0001247299678237149,-0.00018709511671006576,-0.0001247299678237149,-0.0001247299678237149,-0.001062176748051958,0.0,-0.0001247299678237149,0.0,0.0,-108.63034648533369,-0.0008868851696454738,0.0,-0.0016490403714672327,,,-0.01509999876496113,1,0.07268341763133024,-0.001044760475293876,-0.0001247299678237149,0.0,39.17084,8624.0,8624.0,0.0019744023678176076,30.294811961704756,-4359280.0,,,0.0
0x5215d379ada6e464c1fc53038f3ae24cec3c3164,0.03550340975385245,0.0737078,0,266.908136,8,1764668936,-4.5283184756722765e-05,-4.5433129082293096e-05,-4.5283184756722765e-05,-4.5283184756722765e-05,-0.006432843525460305,0.0,-4.5283184756722765e-05,0.0,0.0,-89.69367980830971,-0.11339023267550845,0.0,-0.22673518216626018,,,-0.013225004040511794,1,0.07268341763133024,-0.000866531637104019,-4.5283184756722765e-05,0.0,16.0,14372.0,14372.0,0.0034025773126315595,72.42034846221894,-4209485.0,,,0.0
0xd6b4b7cd962309346450b5a35af352e70d57a5e6,0.035457638794322476,0.073397584,0,14305.779728,25,1764818359,-9.661529164284314e-09,-1.118703378783999e-08,-9.661529164284314e-09,-9.661529164284314e-09,-1.5703756123862366e-05,0.0,-9.661529164284314e-09,0.0,0.0,-299.2898239100017,-0.005180041544748716,0.0,-0.010360073427968266,,,-0.9410000047760011,1,0.07268341763133024,-0.019156205270396486,-9.661529164284314e-09,0.0691699552783549,20.0,196153.0,196153.0,0.04485260490981598,38.75181946875,-4177127.0,,0.24,25.0
0xd3c1928aa308466814d4a17422ce6cc85466b07a,0.03525534258306794,0.07202189,0,1.01625,2,1764828035,0.015030060105195373,0.016032064112208397,0.015030060105195373,0.015030060105195373,0.022672762500320093,-0.07742772012729206,0.015030060105195373,-0.07595714628811626,0.0,,0.015030060105195373,0.01584284477126533,0.015030060105195373,-0.07423266313747119,-0.07493265716394767,,1,0.07268341763133024,-0.0026466982471193765,0.015030060105195373,0.025120818976998024,0.999999,3903600.0,3903600.0,0.8906318019163323,349.5973340884956,-479356.0,,0.7,80.0
0x83d2d581e4a0db3502f550bc24413f80e9ec985c,0.03522096399815509,0.07178734,0,50.0,2,1764834457,-0.019038076133247473,-0.020040080140260496,-0.019038076133247473,-0.019038076133247473,-0.02834095312540011,0.0,-0.019038076133247473,0.0,0.0,,-0.019038076133247473,0.0,-0.019038076133247473,,,-0.14130000000000015,0,0.07268341763133024,,-0.019038076133247473,0.07768896002668947,0.999999,276885.0,276885.0,0.06308069161507622,1.4805474992295842,-4112493.0,0.0,0.2222222222222222,36.0
0xc6478b6fe573092df52a3d80d196a804798fd99c,0.035204166507991325,0.07167266,0,7414.852,9,1764824167,-0.029076910857958667,-0.03007891486497169,-0.029076910857958667,-0.029076910857958667,-0.0789092815812301,0.0,-0.029076910857958667,0.0,0.0,,-0.029076910857958667,0.0,-0.029076910857958667,,,0.027499999999999802,0,0.07268341763133024,,-0.029076910857958667,0.949032210255451,400.00289499999997,33099668.0,33099668.0,7.558575666896852,1621.7544384285716,28720580.0,,0.0,3.0
0xc2ff87b109dcb2586f0a51d6fd6b448aa740ce1c,0.0351628593469019,0.07139043,0,3401.429116,74,1764461164,-2.04850335099033e-06,-2.113573448083372e-06,-2.04850335099033e-06,-2.04850335099033e-06,-0.001362834747580234,0.0,-2.04850335099033e-06,0.0,0.0,-10.08917414185294,-0.020876411645307638,0.0,-0.041750774787264286,,,-1.041750630676697,5,0.07268341763133024,0.07516270807686416,-2.04850335099033e-06,0.0,32.685990000000004,492585.0,492585.0,0.12265303149709232,48.95457202506775,-3523500.0,,,0.0
0x2f91c8a3595f08da602e5a3cab60e2d5279ef954,0.03514257782367887,0.071251735,0,3.987996,4,1764898437,-4.013106506514323e-06,8.031851504750255e-06,-4.013106506514323e-06,-4.013106506514323e-06,0.00017944170190963663,-0.045083594074214785,-4.013106506514323e-06,-0.04574094352520374,0.0,-0.001999063759007491,-0.00025389520529320303,6.126050282632575e-07,-0.0005037773040798918,0.003919317437698428,-0.08828087689040112,,1,0.07268341763133024,-0.017584396659312607,-4.013106506514323e-06,0.19031877987718307,4.999999,3438706.0,3438706.0,0.7721602440226005,6.787216573770492,-1014652.0,,0.5454545454545454,11.0
0xa6f064e89a761a14d2972e9c8510c7143b33d8a0,0.03513157724155291,0.07117648,0,84.67424,4,1764818701,-0.0020040080140260497,-0.0023380093496970585,-0.0020040080140260497,-0.0020040080140260497,-0.004049550982246375,-0.01230887554216188,-0.0020040080140260497,-0.012320364596460544,0.0,1.240120000000001,0.0015865063444372896,-0.010287031263127211,0.005177020702900629,-0.0322811165766603,-0.035881116576660294,0.235,1,0.07268341763133024,-0.0006662363713287511,-0.0020040080140260497,0.17004264484933768,4.9999985,3003394.0,3003394.0,0.6867063500229329,15.254868201793723,-1370228.0,,0.4697986577181208,149.0
0xc89d0db0720a91b0fe74b8d607a2a9a7b71d5909,0.035105498839457065,0.070997976,0,14548.554995999999,4,1764819625,1.205701228521326e-09,3.6171032391622193e-09,1.205701228521326e-09,1.205701228521326e-09,3.2974318020552866e-06,-0.0463045725500513,1.205701228521326e-09,-0.046350055519711206,0.0,3.646250674998367,0.00012525157905173256,-0.044850053714776794,0.0002505019524022366,-0.0880909659264459,-0.0906909659264459,,1,0.07268341763133024,-0.0008622880933375938,1.205701228521326e-09,0.019496710186316213,70.0,1917350.0,1917350.0,0.4382969112680493,173.69820291643194,-2457196.0,,0.4672489082969432,229.0
0x208d3aa396732b5ee4998931caf8ab977e116fb3,0.03507781247162382,0.07080833,0,79.999996,7,1764831855,-0.03200518525119355,-0.03300718925820657,-0.03200518525119355,-0.03200518525119355,-0.08254232392017066,0.0,-0.03200518525119355,0.0,0.0,,-0.03200518525119355,0.0,-0.03200518525119355,,,-0.2593999733509998,0,0.07268341763133024,,-0.03200518525119355,0.04668851333486117,12.0,238167.0,238167.0,0.05429203588238834,28.49787979408138,-4148609.0,0.0,0.14545454545454545,55.0
0x170603f5b84970cb187004415cafd8d45dc879b5,0.03507781247162382,0.07080833,0,1000.0,2,1765038737,0.0,-0.0010020040070130248,0.0,0.0,-0.0014170476562700054,0.0,0.0,0.0,1.0,,0.0,0.0,0.0,,,0.0,0,0.07268341763133024,,0.0,0.09183672740532572,1.0,222682.0,222682.0,0.04847596403563348,1.5282237936507939,-4370976.0,,0.08333333333333333,12.0
0xa469fecbc8a7fdddd166f8ecffde9fb52afbe73f,0.03507781247162382,0.07080833,0,9.999998,2,1764832345,-0.03406812968032652,-0.03507013368733954,-0.03406812968032652,-0.03406812968032652,-0.04959665869487314,0.0,-0.03406812968032652,0.0,0.0,,-0.03406812968032652,0.0,-0.03406812968032652,,,-0.25939994698549945,0,0.07268341763133024,,-0.03406812968032652,0.06637863799045454,20.0,207987.0,207987.0,0.04740697281632798,82.00827906617647,-4179279.0,,0.125,144.0
0x2ddee31e5b651dfa0f36b4fe84d522466b925e0d,0.03503716406695973,0.07052963,0,5.4,1,1764831813,-0.026052104182338647,-0.02705410818935167,-0.026052104182338647,-0.026052104182338647,-0.027054108189351667,0.0,-0.026052104182338647,0.0,0.0,,-0.026052104182338647,0.0,-0.026052104182338647,,,-0.20260000000000017,0,0.07268341763133024,,-0.026052104182338647,0.0736078232877078,3.3733,707886.0,707886.0,0.16136971149834933,9.429091963529412,-3678848.0,,0.32142857142857145,28.0
0x0a34cd86ae71b8f63f4e8a490e07cd4ba7e24fb4,0.03503716406695973,0.07052963,0,263.666666,4,1764878887,-0.0023789366529296833,-0.003380940659942709,-0.0023789366529296833,-0.0023789366529296833,-0.0072796561890755675,0.0,-0.0023789366529296833,0.0,0.007585335038142439,,-0.0023789366529296833,0.0,-0.0023789366529296833,,,-0.02409998467707024,0,0.07268341763133024,,-0.0023789366529296833,0.0798244559042845,1.0,525692.0,525692.0,0.11856444843800183,2.8365648819444447,-3908116.0,,0.3023255813953488,43.0
0x937dab3fadbc183782c30afd6eb8c97abc5c92c4,0.03503716406695973,0.07052963,0,4.999996,2,1764586040,-0.9498997415941964,-0.9509017456012094,-0.9498997415941964,-0.9498997415941964,-1.344778145113481,0.0,-0.9498997415941964,0.0,0.0,,-0.9498997415941964,0.0,-0.9498997415941964,,,-0.02273362838941027,0,0.07268341763133024,,-0.9498997415941964,0.03780541930285423,1.0,405931.0,405931.0,0.0980282113258251,1.6940486923076925,-3735030.0,,0.25,28.0
0x2124f9e68b84d553194bfad5cde4bf48f1c1c624,0.03503716406695973,0.07052963,0,250.0,2,1764847479,-0.0030060120210390743,-0.004008016028052099,-0.0030060120210390743,-0.0030060120210390743,-0.005668190625080022,0.0,-0.0030060120210390743,0.0,0.0,,-0.0030060120210390743,0.0,-0.0030060120210390743,,,-0.024099999679958062,0,0.07268341763133024,,-0.0030060120210390743,0.10159921649000714,1.12,344513.0,344513.0,0.07825572415046339,5.583545708133971,-4057887.0,,0.35714285714285715,28.0
0xf20c1ad6acc359747ac3d9da25da39c9f904abf5,0.03503716406695973,0.07052963,0,100.0,2,1764834829,-0.019038076133247473,-0.020040080140260496,-0.019038076133247473,-0.019038076133247473,-0.02834095312540011,0.0,-0.019038076133247473,0.0,0.0,,-0.019038076133247473,0.0,-0.019038076133247473,,,-0.14280000000000012,0,0.07268341763133024,,-0.019038076133247473,0.0437215092646174,4.999994,417216.0,417216.0,0.09504322569622416,8.41098196139706,-3972534.0,,0.35714285714285715,56.0
0xa4069085d2b940e7e947d1264fb7aa25a4399712,0.03501172082030599,0.07035503,0,4.625,4,1764839065,0.0,0.0,0.0,0.0,0.0,0.0,0.0,0.0,0.0,-1.3875000000000013,-0.0003757515026298843,0.0,-0.0007515030052597686,,,-0.013198808854438271,1,0.07268341763133024,-0.011380760027175654,0.0,0.5457938523777219,6.999998,2992980.0,2992980.0,0.6811537405899791,16.691138175257734,-1401006.0,,0.2222222222222222,9.0
0x502b532f55778c0985846dc53a9bc71eb4f33b15,0.03500418734936636,0.070303306,0,99.999996,2,1764831675,0.02705412408418175,0.02805612809119478,0.02705412408418175,0.02705412408418175,0.03967735685424443,-0.06459903091721325,0.02705412408418175,-0.062068472098549474,0.0,,0.02705412408418175,0.03523153107405864,0.02705412408418175,-0.059624952492328076,-0.06102495249232809,,1,0.07268341763133024,-0.0034190232126087568,0.02705412408418175,0.0,4.8,3510416.0,3510416.0,0.800259700232253,10.366929990934173,-876180.0,0.0,,0.0
0x46ed247dec79d5a6baab88d892e4d141cfbc761f,0.03489703582069,0.06956648,0,500.0,2,1764957509,-0.0010020040070130248,-0.0020040080140260497,-0.0010020040070130248,-0.0010020040070130248,-0.0028340953125400112,0.0,-0.0010020040070130248,0.0,1.0,,-0.0010020040070130248,0.0,-0.0010020040070130248,,,-0.00769999999640002,0,0.07268341763133024,,-0.0010020040070130248,0.13595013693427596,2.599999,367137.0,367137.0,0.08136126211376132,5.252872293577981,-4145293.0,,0.14285714285714285,14.0
0xdce082f422e1e9564975b86ceefeb744190102fa,0.03489703582069,0.06956648,0,699.217898,9,1764901533,-0.004723731069665216,-0.005725735076678241,-0.004723731069665216,-0.004723731069665216,-0.01634855319981288,0.0,-0.004723731069665216,0.0,0.0,,-0.004723731069665216,0.0,-0.004723731069665216,,,-0.04029994924708437,0,0.07268341763133024,,-0.004723731069665216,0.050315756566625486,2.999999,479420.0,479420.0,0.10757880592955744,7.010165958448753,-3977034.0,,0.15625,32.0
0x5a71eb43d8a41fd5f9e49e7af9114f88b301f491,0.03489703582069,0.06956648,0,2500.0,2,1764862761,-0.0010020040070130248,-0.0020040080140260497,-0.0010020040070130248,-0.0010020040070130248,-0.002834095312540011,0.0,-0.0010020040070130248,0.0,1.0,,-0.0010020040070130248,0.0,-0.0010020040070130248,,,-0.008000000000000007,0,0.07268341763133024,,-0.0010020040070130248,0.09418282605336063,10.804494,361513.0,361513.0,0.08183318763097933,18.568856775,-4056169.0,,0.08333333333333333,12.0
0x8989379c2cc88bfd6ef3efa42059aa5f26ae6e14,0.03487915230552926,0.06944329,0,3.276,3,1764666424,-0.3066132261459853,-0.3069472274816563,-0.3066132261459853,-0.3066132261459853,-0.5316481932406307,-0.050099974036233355,-0.3066132261459853,-0.01269297957266971,0.0,-0.1170000000000001,-0.3073647291512451,-0.010926312906003044,-0.30811623215650485,7.263,7.2582,-1.0379338838737542,1,0.07268341763133024,0.0316434693346675,-0.3066132261459853,0.0,4.56,530523.0,530523.0,0.12567629511447181,5.517806907848497,-3690822.0,,,0.0
0x3b73abb34fb1c633f1ed01fb5f9f4924d61feb86,0.034865840049944447,0.069351554,0,3.999996,4,1764828539,-0.03206409658012688,-0.0330661005871399,-0.03206409658012688,-0.03206409658012688,-0.0661322011742798,0.0,-0.03206409658012688,0.0,0.0,,-0.03206409658012688,0.0,-0.03206409658012688,,,-0.255499741035789,0,0.07268341763133024,,-0.03206409658012688,0.09270438025221397,1.0,275611.0,275611.0,0.062875217294101,2.3233283797468354,-4107849.0,0.0,0.0,21.0
0x75f187afc7e6fa40892641f67005c45098c3ac62,0.034833026320335525,0.06912528,0,62.809996000000005,4,1764835801,1.896901797244909e-07,3.793798896063042e-07,1.896901797244909e-07,1.896901797244909e-07,3.899439140956066e-05,-0.04560559795208912,1.896901797244909e-07,-0.044748202359938594,0.0,0.04198010398031524,0.0002506676011267639,0.0008061091828420094,0.0005011455120738033,-0.08498190407653015,-0.08848190407653016,,1,0.07268341763133024,-0.004294466291622268,1.896901797244909e-07,0.02007781563222135,1.999999,2537500.0,2537500.0,0.5779231752773234,6.45292317232376,-1853222.0,,0.6468253968253969,252.0
0xdc22d4f2039ffb48372bf845559f9ad7cd60d56d,0.034775575249118444,0.06872862,0,1000.0,2,1765127077,0.0,-0.0010020040070130248,0.0,0.0,-0.0014170476562700054,0.0,0.0,0.0,1.0,,0.0,0.0,0.0,,,0.0,0,0.07268341763133024,,0.0,0.5128272340115109,1.0,1615510.0,1615510.0,0.3450471358595198,2.028452922077922,-3066488.0,,0.07142857142857142,14.0
0xf63a60005674befd6fff552bbc656570e7cf58d5,0.03476666131381433,0.06866702,0,1300.0,2,1764947043,0.0010020040070129691,0.0020040080140259937,0.0010020040070129691,0.0010020040070129691,0.0028340953125399328,-0.0881969924824606,0.0010020040070129691,-0.09320300463871506,0.0,,0.0010020040070129691,-0.0011031019460146932,0.0010020040070129691,0.0010030075175394013,-0.0911969924824606,,1,0.07268341763133024,-0.02789748107485569,0.0010020040070129691,0.04293664317488339,198.63999,3574054.0,3574054.0,0.7938877343310609,668.7309082361112,-927910.0,,0.23529411764705882,51.0
0x88605121e42d09fed88decd7175357f56d55042b,0.03472192656142327,0.06835764,0,36.129031999999995,2,1764823669,-0.03006010742499805,-0.031062111432011073,-0.03006010742499805,-0.03006010742499805,-0.04392845926309443,0.0,-0.03006010742499805,0.0,0.0,,-0.03006010742499805,0.0,-0.03006010742499805,,,0.03580010590652172,0,0.07268341763133024,,-0.03006010742499805,0.6478182562382612,1.1199935,1948064.0,1948064.0,0.444906693707335,1.999587375,-2430526.0,0.0,0.0,4.0
0x021a01060f2890aa30675fb8968dcee8d62da1e2,0.0347057470050124,0.06824565,0,19.999996,2,1764841353,0.001002096207022973,0.0020041002140359977,0.001002096207022973,0.001002096207022973,0.0028342257030445307,-0.09240290316534625,0.001002096207022973,-0.09139989850607766,0.0,,0.001002096207022973,-0.0027998985060776554,0.001002096207022973,-0.08869689084982223,-0.09039689084982223,,1,0.07268341763133024,-0.0054724740411818944,0.001002096207022973,0.43065293074688743,3.4949985,4125607.0,4125607.0,0.9384326363643395,6.074230946808511,-270667.0,,0.09090909090909091,11.0
0x270dc70941d52d7f8d1756fa5d0bdd4b8107039b,0.03468953491652577,0.068133384,0,1.088135,2,1764633408,-0.9198396185830111,-0.920841622590024,-0.9198396185830111,-0.9198396185830111,-1.3022667114644593,0.0,-0.9198396185830111,0.0,0.0,,-0.9198396185830111,0.0,-0.9198396185830111,,,-0.006493014469484547,0,0.07268341763133024,,-0.9198396185830111,0.09090909091268523,0.999999,487745.0,487745.0,0.11645336362067067,1.0687339444444446,-3700584.0,,0.0,11.0
0xeab7b0a830a1755f1296fee950b3080e3529b389,0.03468462366921436,0.068099365,0,0.014,1,1764819397,0.0,-0.0010020040070130248,0.0,0.0,-0.0010020040070130248,0.0,0.0,0.0,1.0,,0.0,0.0,0.0,,,0.2785999994365269,0,0.07268341763133024,,0.0,0.0,0.01,279085.0,279085.0,0.06380080277656996,0.011715703234411472,-4095233.0,,,0.0
0x860d81da0e4f6ddfc9635b6c6b26316505a26071,0.034641035904085744,0.067797236,0,1.04,4,1764833947,0.0,0.0,0.0,0.0,0.0,-0.03763462468176998,0.0,-0.03520770492525918,0.0,0.019000000000000017,0.002379759516655934,0.007792295074740824,0.004759519033311868,-0.06884667959354832,-0.07041540985051836,,1,0.07268341763133024,-0.0039010897844746558,0.0,0.0,4.999999,1211442.0,1211442.0,0.2760260732380195,27.99322749381079,-3177426.0,,,0.0
0x578acbccadba1bf4ef8ca58870116ec5d6448cf0,0.034628855057501344,0.06771274,0,472.279996,2,1764836071,0.0030060145230024157,0.004008018530015441,0.0030060145230024157,0.0030060145230024157,0.005668194163390513,-0.09119999723828763,0.0030060145230024157,-0.090493967105944,0.0,,0.0030060145230024157,-0.00039396710594399257,0.0030060145230024157,-0.0849819068050398,-0.0884819068050398,,1,0.07268341763133024,-0.004351754132469008,0.0030060145230024157,0.2838790117986743,23.471,4480476.0,4480476.0,1.0203789940860744,70.2396222419753,89484.0,,0.6,5.0
0xc6c8284c3a0b080c12924d11af88fd99a313dd64,0.03460421600406153,0.06754173,0,493.047776,6,1764833303,-4.4248111249634303e-07,-5.056926999958206e-07,-4.4248111249634303e-07,-4.4248111249634303e-07,-0.00012733654453776235,0.0,-4.4248111249634303e-07,0.0,0.0,-7.013670167999992,-0.003563852537039663,0.0,-0.007127262592966829,,,-0.2586998635311913,1,0.07268341763133024,-0.017361610611575283,-4.4248111249634303e-07,0.02990037278726386,49.999999,1553824.0,1553824.0,0.3540894904179914,123.87372202574663,-2834400.0,,0.6293706293706294,143.0
0xedf378c48e04dcf8fc474596fab27f73dfac51f4,0.034601915275848716,0.06752576,0,2433.1644,2,1764982161,-1.112447919352526e-16,0.0010020040070129136,-1.112447919352526e-16,-1.112447919352526e-16,0.0014170476562698484,-0.00040000000000002257,-1.112447919352526e-16,-0.09080000000000012,0.0,,-1.112447919352526e-16,-0.00010004920142507884,-1.112447919352526e-16,-1.2229127457241291e-16,-0.09080000000000012,,1,0.07268341763133024,-0.03534871957432164,-1.112447919352526e-16,0.39996404412235437,114.9992,35056617.0,35056617.0,7.726687990210448,216.7037591428572,30519535.0,0.0,0.6,5.0
0xdadf44c8ae805f2cdcc7b3f2c28933443725b1ed,0.03458998261502677,0.067442894,0,114932.0,12,1764869985,-1.5008922611516664e-05,-0.0010170129296245415,-1.5008922611516664e-05,-1.5008922611516664e-05,-0.002930307187706343,0.0,-1.5008922611516664e-05,0.0,0.999973897609021,,-1.5008922611516664e-05,0.0,-1.5008922611516664e-05,,,0.0,0,0.07268341763133024,,-1.5008922611516664e-05,0.0,0.1,74246.0,74246.0,0.0167791134998122,2.833588057,-4350660.0,,,0.0
0x82cc28b78406bdabfca3dbc8fca73809cfbf236f,0.03451687802424925,0.06693462,0,918.84257,5,1764831085,-0.0003978539804220611,-0.0005967809706330916,-0.0003978539804220611,-0.0003978539804220611,-0.001339377008780739,-0.024469864159952413,-0.0003978539804220611,-0.023444705227702763,0.0,7.366079999999992,0.0023659472268163576,0.015749794012151357,0.0051297484340547764,-0.0553651172473136,-0.05663178391398028,,1,0.07268341763133024,-0.003293838671499214,-0.0003978539804220611,0.10546193477754276,7.6923,2246806.0,2246806.0,0.5122669690830336,31.027648263473054,-2139200.0,,0.5,30.0
0x727199e2726fcb3965518038cab8c7a081a90303,0.03451687802424925,0.06693462,0,8.043756,4,1764834623,3.226378936545406e-05,4.0867451337214096e-05,3.226378936545406e-05,3.226378936545406e-05,0.0008820650398673292,-0.03726087521504278,3.226378936545406e-05,-0.03637977698422397,0.0,0.030450053768662163,0.0019069916463574277,0.008366069315878234,0.003781719503349401,-0.06814389847744245,-0.07157450962164918,,1,0.07268341763133024,-0.004044521563779826,3.226378936545406e-05,0.035927043490319076,1.999999,2282122.0,2282122.0,0.519899561321176,2.208714464935065,-2107422.0,,0.5714285714285714,56.0
0x6ce22b6a995836c09871cdc9242b094d9e15e868,0.034482244082633236,0.06669346,0,577122.514988,164,1764818545,0.0015609209245045317,0.0019699706269749456,0.0015609209245045317,0.0015609209245045317,0.015693477674799578,-0.06207307146432975,0.0015609209245045317,-0.06124749547879015,0.0,47.352310953248654,0.0018822777763629415,-0.021482394155485595,0.002203634628221351,-0.059025902842979316,-0.08552211950641044,,2,0.07268341763133024,-0.0006331367299506348,0.0015609209245045317,0.0684684260191162,10.2527,2261306.0,2261306.0,0.5170512357933045,748.9069728948294,-2112160.0,0.0,0.42105263157894735,49.0
0x6cbf1f394d0ffa70a3e7ee1286a6fd5c93f03186,0.03446288410984369,0.066558555,0,10.928951999999999,2,1764780411,-0.915831655075228,-0.9168336590822411,-0.915831655075228,-0.915831655075228,-1.296598595114256,0.0,-0.915831655075228,0.0,0.0,,-0.915831655075228,0.0,-0.915831655075228,,,-1.0326891530314377,0,0.07268341763133024,,-0.915831655075228,0.8135657519967299,985.4349925,33960228.0,33960228.0,7.833362704401877,3232.8082092708332,29624896.0,0.0,0.14285714285714285,7.0
0x4884394be9d0bf9f245d1b915503009f5d661310,0.034390485530689185,0.066053405,0,97989.404088,62,1764830911,-1.1126307693584026e-12,-3.337892337174557e-12,-1.1126307693584026e-12,-1.1126307693584026e-12,-1.0016858036824333e-07,0.0,-1.1126307693584026e-12,0.0,0.0,-67.21478148155542,-0.0007579584609198309,0.0,-0.001515916920727031,,,-0.03110000000000006,1,0.07268341763133024,-0.005267086522886917,-1.1126307693584026e-12,0.3536261828154009,151.04411950000002,,,,235.56110186250004,,,0.4,5.0
0x05e9db575265a92905fd9a18326bc037ddfb4cd0,0.03429292156968784,0.065371044,0,1.999996,2,1764819411,0.0020049830370674495,0.003006987044080474,0.0020049830370674495,0.0020049830370674495,0.004252521859618791,-0.09260796203272349,0.0020049830370674495,-0.08909892522296631,0.0,,0.0020049830370674495,-0.08999892503514224,0.0020049830370674495,-0.08818988841320914,-0.08708988841320914,,1,0.07268341763133024,-0.0008168821750368446,0.0020049830370674495,0.10303967913547636,98.0,3722606.0,3722606.0,0.8510113086981053,648.9272752820513,-651726.0,,0.5416666666666666,24.0
0x057a14fd2f531be123b034b801c5e062513672be,0.03428265395559843,0.06529912,0,9094.270116,18,1764827989,9.89467970766708e-10,1.3192906276889444e-09,9.89467970766708e-10,9.89467970766708e-10,2.2995082042550326e-06,-0.006514699134400842,9.89467970766708e-10,-0.006392996854298459,0.0,-20.356124632000025,-0.00300802370186865,0.0008200258523666373,-0.00601604839320527,-0.0751697590444498,-0.07566975307092628,-0.20270000000000107,1,0.07268341763133024,-0.0026369380964565985,9.89467970766708e-10,0.05373474097180264,99.999999,3786989.0,3786989.0,0.8640353098740334,233.72152474909527,-595921.0,,0.36129032258064514,155.0
0x64e86fefd50cdb6259eb00ff146d9aac03497819,0.03427530155830494,0.06524761,0,11.00891,6,1764625818,0.0,0.0,0.0,0.0,0.0,1.2234026002889207,0.0,1.2249861095677295,0.0,0.11472750000000034,0.0006387232732225083,1.2272363595955105,0.0012774465464450166,7.334549999559327,7.330550000000001,,3,0.07268341763133024,0.04025913624364052,0.0,0.0,7.3481505,1506578.0,1506578.0,0.3603616489811969,20.69115356004532,-2674161.0,,,0.0
0xaf4e844ffb99cf3c2bcfb18f4a2997bed2aff335,0.034249253948277526,0.06506503,0,39.999996,2,1764850715,0.001002046107015269,0.002004050114028294,0.001002046107015269,0.001002046107015269,0.002834154850934161,-0.09200296117824758,0.001002046107015269,-0.09059694607537218,0.0,,0.001002046107015269,0.0010030623277883174,0.001002046107015269,0.0013030623277882844,-0.09059694607537218,,1,0.07268341763133024,-0.007458876878245515,0.001002046107015269,0.0007975167402417864,20.1586,1581122.0,1581122.0,0.3588862084838602,18.966384205816556,-2824514.0,,0.9738023952095808,1271.0
0x181927672b4e5daa396976752a49817a294b27c0,0.034095991312117845,0.06398799,0,3.0,2,1764850009,-0.0020040080140260497,-0.0030060120210390743,-0.0020040080140260497,-0.0020040080140260497,-0.004251142968810017,0.0,-0.0020040080140260497,0.0,0.0,,-0.0020040080140260497,0.0,-0.0020040080140260497,,,-0.01599999999999998,0,0.07268341763133024,,-0.0020040080140260497,0.047633818264418676,0.999999,937040.0,937040.0,0.2127252873484936,1.3699817611940301,-3467890.0,,0.25,36.0
0x397d85ffc793a72c383d657ba1b221bb3e8487a1,0.034095991312117845,0.06398799,0,19.999998,2,1764832379,-0.03406813294184961,-0.035070136948862636,-0.03406813294184961,-0.03406813294184961,-0.04959666330736333,0.0,-0.03406813294184961,0.0,0.0,,-0.03406813294184961,0.0,-0.03406813294184961,,,-0.2593999733509998,0,0.07268341763133024,,-0.03406813294184961,0.08436782198844654,7.6975,916008.0,916008.0,0.2087862694595765,17.585309,-3471292.0,,0.30952380952380953,42.0
0xede3ebfd88d950c8092a0d970572107759ed7736,0.034095991312117845,0.06398799,0,500.0,2,1764868463,-0.0010020040070130248,-0.0020040080140260497,-0.0010020040070130248,-0.0010020040070130248,-0.0028340953125400112,0.0,-0.0010020040070130248,0.0,1.0,,-0.0010020040070130248,0.0,-0.0010020040070130248,,,-0.007700000447750011,0,0.07268341763133024,,-0.0010020040070130248,0.08940704197352367,1.999998,895948.0,895948.0,0.20254809440012442,2.1374670887096774,-3527436.0,,0.2857142857142857,14.0
0x3d27ae32b3781df50fcf024da212f0f779b3800c,0.034095991312117845,0.06398799,0,500.0,2,1764927125,-0.0030060120210390743,-0.004008016028052099,-0.0030060120210390743,-0.0030060120210390743,-0.0056681906250800225,0.0,-0.0030060120210390743,0.0,0.0,,-0.0030060120210390743,0.0,-0.0030060120210390743,,,-0.024099999999700018,0,0.07268341763133024,,-0.0030060120210390743,0.03664866916652776,0.999999,849686.0,849686.0,0.18957547512899242,1.2175299452054795,-3632360.0,,0.27450980392156865,51.0
0x064ec9cb9e994ba67a787e10e1bae4fc3a854347,0.03403348695796671,0.06354741,0,55.5,4,1764193025,0.0,0.0,0.0,0.0,0.0,-0.05050000000000001,0.0,-0.04650000000000004,0.0,1.7499999999999996,0.0043837675306819795,-0.04650000000000004,0.008767535061363959,-0.14900000000000097,-0.14900000000000097,,1,0.07268341763133024,0.13208793810876288,0.0,0.020481194298664407,10.521149999999999,1804464.0,1804464.0,0.4814541084636758,93.05134110686015,-1943482.0,0.0,0.43434343434343436,86.0
0x5625ef06ed29dbc903a10e2a176a89cc3ddb06f7,0.03399995082932893,0.0633107,0,3206.979833,8,1764920805,-5.00801853228674e-10,-1.502405559686022e-09,-5.00801853228674e-10,-5.00801853228674e-10,-2.12514685913518e-06,0.0,-5.00801853228674e-10,0.0,0.0,-3.3333295039999986,-0.00012525092044096567,0.0,-0.0002505013400800781,,,-0.016100000000000014,1,0.07268341763133024,-0.022362626940307342,-5.00801853228674e-10,0.17355367573915723,9.999997,3024753.0,3024753.0,0.6758128178534611,11.185165666666668,-1450973.0,,0.5,6.0
0x25acbc1de3c3d0521bda577c18377303a1d03e47,0.03398499752992038,0.06320508,0,517.241379,2,1764831433,-0.02805611130137476,-0.029058115308387783,-0.02805611130137476,-0.02805611130137476,-0.041094380766123255,0.0,-0.02805611130137476,0.0,0.0,,-0.02805611130137476,0.0,-0.02805611130137476,,,-0.2186999927650805,0,0.07268341763133024,,-0.02805611130137476,0.22069831953309055,157.77399450000001,33866447.0,33866447.0,7.7208649826256615,1078.9317306441658,29480093.0,0.0,0.5294117647058824,17.0
0x04c4020b1b86b965183988491f1c1b95cebd851f,0.03397127447762664,0.06310811,0,2.0,2,1764879037,-0.0010020040070130248,-0.0020040080140260497,-0.0010020040070130248,-0.0010020040070130248,-0.0028340953125400112,0.0,-0.0010020040070130248,0.0,1.0,,-0.0010020040070130248,0.0,-0.0010020040070130248,,,-0.008100000000000007,0,0.07268341763133024,,-0.0010020040070130248,0.091367217281383,1.0,854370.0,854370.0,0.1926878874360109,3.3456839040000004,-3579588.0,,0.14285714285714285,21.0
0x8976c51e9f63d8b969f69225229ef6d4bd5a56a7,0.03394173350844148,0.06289924,0,800.0,4,1764895821,0.0,0.0,0.0,0.0,0.0,0.0,0.0,0.0,0.0,-0.40000000000000036,-0.0001252505008766281,0.0,-0.0002505010017532562,,,-0.03220000000000004,1,0.07268341763133024,-0.017417201034915453,0.0,0.5918366997084531,2.7999995,3013790.0,3013790.0,0.6771432718409649,2.9013695,-1436952.0,0.0,0.0,2.0
0xe948662e83ab4e074763b7a0c4b86fd2fe1bff23,0.03389796085716431,0.06258942,0,12225.291,19,1764824245,0.031016160402061555,0.032018164409074575,0.031016160402061555,0.031016160402061555,0.1051935889689043,-0.06008111621678539,0.031016160402061555,-0.05642242512837108,0.0,,0.031016160402061555,0.008341226369892079,0.031016160402061555,-0.058731326588966896,-0.05787870010475698,,1,0.07268341763133024,-0.0018425467033818073,0.031016160402061555,0.0,10.272335,3655003.0,3655003.0,0.8346344943306556,267.0149678051948,-724163.0,,,0.0
0xcd121d159f766ecee88d4e372b3028ad761ada1a,0.03387658068855346,0.062437955,0,492.839632,17,1764825265,4.215103291633377e-10,-1.0010870317629273e-09,4.215103291633377e-10,4.215103291633377e-10,-4.365635248931058e-06,0.0,4.215103291633377e-10,0.0,0.0,4.1400546629999955,0.0002592727773666587,0.0,0.0005185451332229881,,,0.1267999998388999,1,0.07268341763133024,-0.0025473993229850277,4.215103291633377e-10,0.22273552266180804,6.6024,1320694.0,1320694.0,0.30151550641913377,32.963404289308166,-3059492.0,,0.23809523809523808,21.0
0x6b5c1b203d1ffcf7ccd0bbf20d89a8568d08e975,0.033857358646814675,0.0623017,0,500.0,2,1764983695,-0.0010020040070130248,-0.0020040080140260497,-0.0010020040070130248,-0.0010020040070130248,-0.0028340953125400112,0.0,-0.0010020040070130248,0.0,1.0,,-0.0010020040070130248,0.0,-0.0010020040070130248,,,-0.008000000000000007,0,0.07268341763133024,,-0.0010020040070130248,0.8267788200408097,37.12,1533606.0,1533606.0,0.3379016863290483,65.55595618232043,-3005010.0,,0.0,2.0
0xfb1b33c71b04a546e09d9e8c6708f365598cc93d,0.033857358646814675,0.0623017,0,1.9999989999999999,2,1764889613,-0.002004006514026083,-0.0030060105210391076,-0.002004006514026083,-0.002004006514026083,-0.00425114084748972,0.0,-0.002004006514026083,0.0,0.0,,-0.002004006514026083,0.0,-0.002004006514026083,,,-0.01609998787430027,0,0.07268341763133024,,-0.002004006514026083,0.8347107302779853,1.0,1591726.0,1591726.0,0.3581311336576568,3.999999666666667,-2852808.0,,0.0,2.0
0xe934396d49a7c682f9768e7810a9c2f9e38c33cd,0.03382442670951109,0.062068086,0,631.14,8,1764825317,0.0,6.534808741389292e-05,0.0,0.0,0.0002558887364448817,-0.00806473313888387,0.0,-0.007632865505167361,0.0,-6.926666666666662,-0.0028290276176264435,-0.007407865499914101,-0.005658055235252887,-0.07547898861718123,-0.07597898861718123,-0.1913999999999997,2,0.07268341763133024,-0.0020700006492621963,0.0,0.05776966375006134,17.0,1901620.0,1901620.0,0.43413622730089096,34.55479559512938,-2478618.0,,0.5514705882352942,136.0
0x91a9a72e0eeb691f1091a8e5051f5083a35dec28,0.03382363779373516,0.062062487,0,333.333333,2,1764865259,-0.0020040065230440864,-0.0030060105300571114,-0.0020040065230440864,-0.0020040065230440864,-0.004251140860243102,0.0,-0.0020040065230440864,0.0,0.0,,-0.0020040065230440864,0.0,-0.0020040065230440864,,,-0.015699987649600004,0,0.07268341763133024,,-0.0020040065230440864,0.0,1.042689,261773.0,261773.0,0.05922224886769317,1.5533691591569767,-4158407.0,,,0.0
0xee2fc9aadd5234284679056a5690bbf7b889c157,0.033760070665451725,0.061610922,0,5000.0,2,1765100775,0.0,-0.0010020040070130248,0.0,0.0,-0.0014170476562700056,0.0,0.0,0.0,1.0,,0.0,0.0,0.0,,,0.0,0,0.07268341763133024,,0.0,0.6105380329117701,1.0,2572206.0,2572206.0,0.552485815225049,5.546091233193278,-2083490.0,,0.1111111111111111,18.0
0xe4005783ecefc766323af1f5516253198bb61c24,0.03370143796024682,0.061193682,0,251.0,4,1764883233,0.0,0.0,0.0,0.0,0.0,0.0,0.0,0.0,0.0,-0.5000000000000004,-0.0002505010017532562,0.0,-0.0005010020035065124,,,-0.02420000000000002,1,0.07268341763133024,-0.027454879460017543,0.0,0.12739720198392449,1.0,1156746.0,1156746.0,0.2606367422130913,1.3701507777777777,-3281408.0,,0.06666666666666667,15.0
0xf0e819209c78959ebff74e7bfc6d311a35f39b09,0.03370143796024682,0.061193682,0,100.0,4,1764834745,0.0,0.0,0.0,0.0,0.0,0.0,0.0,0.0,0.0,-0.8500000000000008,-0.002129258514902678,0.0,-0.004258517029805356,,,-0.14450000000000013,1,0.07268341763133024,-0.004257971815231012,0.0,0.05653632113172039,1.9468,1180430.0,1180430.0,0.26891111988930366,10.042398525490198,-3209236.0,,0.07476635514018691,107.0
0xad7840fd7e550e2eb73ddd0cbd023b4759f76df3,0.03366919848339478,0.060963962,0,156.188,4,1764475817,-0.9532723975012198,-0.9542744015082328,-0.9532723975012198,-0.9532723975012198,-1.729643518154438,0.0,-0.9532723975012198,0.0,0.0,,-0.9532723975012198,0.0,-0.9532723975012198,,,-0.039360070074678496,0,0.07268341763133024,,-0.9532723975012198,0.0,2.70894,585960.0,585960.0,0.14537288208759785,20.054548594527365,-3444778.0,,,0.0
0x1584cb3b5a84944bd0db072c43d67189397071b6,0.03366919848339478,0.060963962,0,9771.011798,16,1764403581,-0.9797410764336155,-0.9807430804406286,-0.9797410764336155,-0.9797410764336155,-3.774482361443988,0.0,-0.9797410764336155,0.0,0.0,,-0.9797410764336155,0.0,-0.9797410764336155,,,-0.031409218617835154,0,0.07268341763133024,,-0.9797410764336155,0.0,15.304351,337598.0,337598.0,0.08528428178134052,339.00417703238014,-3620904.0,0.0,,0.0
0xaab7eb316f48896443d1b12d000b04d9fc8caa3d,0.033638430823232555,0.06074453,0,24.13279,3,1764817935,0.0956799408418838,0.09668194484889685,0.0956799408418838,0.0956799408418838,0.18477592242530014,0.08811719822256428,0.0956799408418838,0.04470031478515826,0.0,,0.0956799408418838,0.08909204215799207,0.0956799408418838,0.10929363816097133,0.07659363195596748,,2,0.07268341763133024,-0.0005037086450746672,0.0956799408418838,0.03962250050325064,5.52,27787520.0,27787520.0,6.354547234118846,11.418038997649823,23414664.0,0.0,0.3316062176165803,186.0
0x2a1172ba06cfbbeeaf64bcd596952da8639e4b16,0.03363338025734293,0.060708493,0,2000.0,2,1765070965,0.0,-0.0010020040070130248,0.0,0.0,-0.0014170476562700056,0.0,0.0,0.0,1.0,,0.0,0.0,0.0,,,0.0,0,0.07268341763133024,,0.0,0.8347107302779853,4.999999,2171318.0,2171318.0,0.4693842433644063,5.714284999999999,-2454568.0,,0.0,2.0
0x4522f67a742c433d06ca7005ff877512b183ff26,0.033630140637356934,0.060685374,0,51.359978,6,1764839937,-1.5605990454397728e-09,-2.3408985680436605e-09,-1.5605990454397728e-09,-1.5605990454397728e-09,-2.6526909424713963e-06,0.0,-1.5605990454397728e-09,0.0,0.0,-12.839979002999893,-0.00025050234782650804,0.0,-0.0005010031350539706,,,-0.009549998646260978,1,0.07268341763133024,-0.01076290005478415,-1.5605990454397728e-09,0.024730967089527343,10.0,1107834.0,1107834.0,0.2520750386019298,17.216216600760458,-3287024.0,,0.24096385542168675,83.0
0x37d474bad76f005a69839e772ffba5d9eee20fe2,0.033625073005873564,0.060649205,0,14.014,2,1764863245,0.0,0.0010020040070130248,0.0,0.0,0.0014170476562700056,-0.09410300375437991,0.0,-0.09350450563038018,0.0,,0.0,-0.0032045053315801755,0.0,-0.0020000000000000018,-0.09050000000000001,,1,0.07268341763133024,-0.010117457047910882,0.0,0.963509836275448,34.999998,36619151.0,36619151.0,8.288314879975085,1043.0340690643823,32200985.0,0.0,0.8333333333333334,72.0
0x9c6cecbb5541e2706d26b01389992af0db5b00b9,0.03357113949829199,0.060263943,0,1000.0,4,1764212245,-0.0010020040070130246,-0.0013360053426840332,-0.0010020040070130246,-0.0010020040070130246,-0.0023140291327122145,-0.014326986666666664,-0.0010020040070130246,-0.00046666640534323285,0.0,494.0,0.08149632590372594,-0.0025666664053432342,0.1639946558144649,-0.05305,-0.0494,-0.020699997734842924,1,0.07268341763133024,0.1280098925492283,-0.0010020040070130246,0.24894650920470232,38.27355,10115381.0,10115381.0,2.6851434208102325,416.4923940590278,6348215.0,0.0,0.46153846153846156,52.0
0xdbe6dd3c986ad9d2f7febc369744fa7d34d3555d,0.03355839818701258,0.06017284,0,1317.6447830000002,14,1764825231,0.00022214123959275257,0.0004442824791855104,0.00022214123959275257,0.00022214123959275257,0.0012724085424041152,-0.016180236122245156,0.00022214123959275257,-0.0162685580504974,0.0,6.369156933199986,0.001363478067544801,-0.00036759245463403916,0.002504814895496849,-0.003796992482460542,-0.09019699248246055,0.23409999999999997,1,0.07268341763133024,-0.0028257757940625184,0.00022214123959275257,0.09095708210215477,6.0,1555604.0,1555604.0,0.3551484058087482,38.47848634848484,-2824548.0,,0.4117647058823529,17.0
0x82de5cc001c502de2168c1fae51e472c07d6092e,0.033529866362467006,0.059968714,0,12800.0,4,1764972027,-0.0004383767530681984,-0.0014403807600812232,-0.0004383767530681984,-0.0004383767530681984,-0.003240795070201294,0.0,-0.0004383767530681984,0.0,0.78125,,-0.0004383767530681984,0.0,-0.0004383767530681984,,,-0.00804999999999999,0,0.07268341763133024,,-0.0004383767530681984,0.31565109796805185,3.499999,1758408.0,1758408.0,0.3884312344652512,13.207096411764706,-2768540.0,0.0,0.0,6.0
0x1bfec39c98796ae25aec24c6e5821b6a1cc1ab8d,0.03350815372844992,0.05981326,0,29354.9015,5,1764841447,0.0,0.0,0.0,0.0,0.0,-0.046201502260276514,0.0,-0.045450000000000004,0.0,7.349750000000013,0.0001252505008766282,-0.0013000000000000008,0.0002505010017532564,-0.08869699248246055,-0.08989699248246057,,1,0.07268341763133024,-0.005492418696884093,0.0,0.0333591992603531,47.25,2771218.0,2771218.0,0.6303425918849378,394.5518247544506,-1625150.0,0.0,0.4344262295081967,122.0
0x094e3e7c5486ca7f5efd45de09857b873c70f10b,0.03347953113010088,0.059608188,0,10212.631909,24,1764564026,0.03963135434659053,0.04063335835360356,0.03963135434659053,0.03963135434659053,0.2694960872445234,0.14285236675941265,0.03963135434659053,0.1435039554683215,0.0,,0.03963135434659053,0.14589907815036973,0.03963135434659053,0.2560802151778304,0.25500937942270036,,2,0.07268341763133024,0.05336998906438772,0.03963135434659053,0.06344237344471931,33.55,,,,219.70162242595208,,,0.1414141414141414,73.0
0x0ed41b9fa5f935f771e6cefa05e52809e5e04547,0.033443113328347894,0.05934702,0,79.28,5,1764827533,0.021710086818615533,0.02271209082562856,0.021710086818615533,0.021710086818615533,0.047203832807199364,-0.07002667263306839,0.021710086818615533,-0.06751551242435713,0.0,,0.021710086818615533,0.008242820859197007,0.021710086818615533,-0.06711076632881072,-0.06895076659937209,,1,0.07268341763133024,-0.0025401852985821047,0.021710086818615533,0.0,43.099365500000005,3123228.0,3123228.0,0.7126664649531974,239.43227822469635,-1259226.0,,,0.0
0xd9430448ac33ddce60fa8feaee5e83d0b6b7195c,0.033425277084050506,0.059219006,0,4.029796,4,1764829821,2.99821465532155e-06,3.997563390290497e-06,2.99821465532155e-06,2.99821465532155e-06,0.00028304569703364147,-0.03697612840876361,2.99821465532155e-06,-0.03521423857007685,0.0,0.015300859656979915,0.001881486512215293,0.012195300605195549,0.0037599748097752648,-0.06781443157294566,-0.07041443157294568,,1,0.07268341763133024,-0.003025646705461144,2.99821465532155e-06,0.44552052501299855,63.125,,,,406.8737227809524,,,0.375,8.0
0x3b4484b6c8cbfdaa383ba337ab3f0d71055e264e,0.033409374798070005,0.05910482,0,107649.3716,15,1764834849,0.008215343580658037,0.009217347587671062,0.008215343580658037,0.008215343580658037,0.022509890656980846,-0.08651370551452138,0.008215343580658037,-0.08377179582616064,0.0,,0.008215343580658037,0.005928205634362544,0.008215343580658037,-0.07842333108145068,-0.08185394222565741,,1,0.07268341763133024,-0.00409247360834043,0.008215343580658037,0.1899193205505151,44.659999,,,,790.2349950194101,,,0.7659574468085106,46.0
0x3075eb786dc5f574d485c1f8246284dc7bcdb14c,0.03338938124473364,0.05896118,0,12.024000000000001,2,1764947991,0.0010020040070129691,0.0020040080140259937,0.0010020040070129691,0.0010020040070129691,0.0028340953125399323,-0.0893969924824605,0.0010020040070129691,-0.09220009229234866,0.0,,0.0010020040070129691,-0.000300092292348643,0.0010020040070129691,0.000903007523410083,-0.0911969924824606,,1,0.07268341763133024,-0.028098625049384242,0.0010020040070129691,0.9562986488500913,11.599983,,,,940.6867948256879,,,0.9078947368421053,76.0
0x7d5d1a52196ee18fb70b30944ca5ec2b51043bac,0.03332524694276717,0.058499858,0,2.2666660000000003,2,1764927647,0.0020040088981474265,0.0030060129051604515,0.0020040088981474265,0.0020040088981474265,0.004251144219146458,-0.08729096515423414,0.0020040088981474265,-0.09149548187771556,0.0,,0.0020040088981474265,0.0010045180866406131,0.0020040088981474265,0.0019089412216667405,-0.09049096494211954,,1,0.07268341763133024,-0.02378209233017656,0.0020040088981474265,0.25832109066490916,1.4747625000000002,6578041.0,6578041.0,1.4674715475593454,44.70916296875,2095473.0,,0.6111111111111112,18.0
0xecd33c0e0c00fc96ff3a1252bf17d403e83f4285,0.033317967601200094,0.058447443,0,2071.784346,4,1764835613,0.0006680015196784697,0.001002022519004285,0.0006680015196784697,0.0006680015196784697,0.0017419234171727055,-0.06287598448575704,0.0006680015196784697,-0.06039726143300927,0.0,-0.693129625505075,0.0005010024546606663,-6.365486865434802e-05,0.00033400338964286277,-0.08599096678629332,-0.08959096493467804,,1,0.07268341763133024,-0.004254576980217872,0.0006680015196784697,0.02678670204501883,35.5752,2350356.0,2350356.0,0.535323493679812,137.01349697247704,-2040178.0,,0.6043956043956044,91.0
0x32fe2fd22a4713c7635049b0193b586cebe8eb6f,0.0332275355765065,0.057795364,0,33333.333333,2,1764950967,-0.002004007999116244,-0.0030060120061292687,-0.002004007999116244,-0.002004007999116244,-0.004251142947724367,0.0,-0.002004007999116244,0.0,0.0,,-0.002004007999116244,0.0,-0.002004007999116244,,,-0.016099999879472124,0,0.07268341763133024,,-0.002004007999116244,0.2619773015165922,84.445775,3984990.0,3984990.0,0.8843961501040416,104.93825916197184,-520898.0,0.0,0.0,5.0
0x456a378ce110565edfee3034eca212984ce45ffc,0.03321765695819914,0.05772403,0,336.0,2,1764887497,-0.004008016028052099,-0.005010020035065124,-0.004008016028052099,-0.004008016028052099,-0.007085238281350027,0.0,-0.004008016028052099,0.0,0.0,,-0.004008016028052099,0.0,-0.004008016028052099,,,-0.03230000000000003,0,0.07268341763133024,,-0.004008016028052099,0.23969892087087155,1.64,1764587.0,1764587.0,0.397213184351405,3.575988804878049,-2677831.0,,0.07692307692307693,13.0
0xb20bdfccff289b23cb0e6df825b1cfa724228da0,0.033170235889776085,0.057381306,0,3.3371120000000003,4,1764827555,-8.735160123591636e-05,5.8234443084829025e-05,-8.735160123591636e-05,-8.735160123591636e-05,0.0009662394794213456,-0.03834080512639082,-8.735160123591636e-05,-0.038116524332518435,0.0,-0.02735999205790754,-0.003082443799531851,-0.015233706355183327,-0.006077535997827786,-0.07423265426471701,-0.07493265494112042,,1,0.07268341763133024,-0.0025448531967251723,-8.735160123591636e-05,0.2303087884635532,1.469998,4818914.0,4818914.0,1.099587082735878,21.786340005616008,436438.0,0.0,0.5714285714285714,35.0
0x4f11e8f0a369167e6131a49daa91135e15f7be8d,0.033140515838236705,0.05716627,0,10657.814821999998,11,1764829061,2.4894013759074677e-18,2.2422534217827455e-05,2.4894013759074677e-18,2.4894013759074677e-18,0.00014989152455576756,0.0,2.4894013759074677e-18,0.0,0.0,-279.49514128999994,-0.005997789618210372,0.0,-0.011995579236420747,,,-0.3800999999040007,1,0.07268341763133024,-0.004117934870938982,2.4894013759074677e-18,0.5749435309527066,0.8152010000000001,3381586.0,3381586.0,0.7713503385734705,47.46665594132653,-1002396.0,,0.0,3.0
0xcc2570c71acae072e1ae0ff682b4b56c33c00343,0.033137864974215905,0.057147082,0,35007.693828,73,1764818037,6.456342274032994e-06,9.68451341104949e-06,6.456342274032994e-06,6.456342274032994e-06,0.00017062169771611376,-0.00022954253392002327,6.456342274032994e-06,-0.00021998896715303814,0.0,-733.0596959555,-0.00794438251909189,-0.000215659203978025,-0.015895221380457812,-0.07976329258855248,-0.0792632925885525,-0.6165000138903157,1,0.07268341763133024,-0.0007426201591244041,6.456342274032994e-06,0.15548745893840552,98.0,3522570.0,3522570.0,0.8055348347731672,315.76318362942783,-850388.0,,0.864406779661017,59.0
0xfbfe4f4aac1d8a86db52fabd81f491338e8dfe35,0.03312283081857638,0.057038225,0,1.1224,2,1764834659,0.019038076133247473,0.020040080140260496,0.019038076133247473,0.019038076133247473,0.028340953125400106,-0.07320775092820919,0.019038076133247473,-0.07144617775312254,0.0,,0.019038076133247473,0.01825382224687747,0.019038076133247473,-0.06698479870631163,-0.07041540985051836,,1,0.07268341763133024,-0.004052159942559391,0.019038076133247473,0.46077336482684284,1.509999,13892393.0,13892393.0,3.1648570022644535,1.7358552941176473,9502813.0,0.0,0.0,6.0
0x027c2250d43d9c92b403e38f5cf478ae477e60f2,0.033080123304331216,0.056728736,0,1491.537476,7,1764777569,8.159821252620279e-06,8.177605337538946e-06,8.159821252620279e-06,8.159821252620279e-06,0.002745112278451276,3.6627805321613547,8.159821252620279e-06,0.14510093506057808,0.0,456.84503093435274,0.11494380412835879,0.14530093683542977,0.22987944843546498,7.344462272244883,7.338816098549488,,1,0.07268341763133024,0.008061035738701247,8.159821252620279e-06,0.10571809578600994,39.999999,7331135.0,7331135.0,1.6921296990875916,99.42349846808509,2998645.0,,0.3815789473684211,152.0
0x0598000f9279492282fe06d241d6e3e1925d7108,0.033059766043503774,0.056581076,0,94.981909,17,1764663680,1.826266571859155e-05,1.830569838678077e-05,1.826266571859155e-05,1.826266571859155e-05,0.003950361973035117,1.9643308445702523,1.826266571859155e-05,-0.1231306565596795,0.0,12.995265198181647,0.06059245409811187,-0.12156375313218706,0.12116664553050516,6.9620952668517555,6.958487574544064,,2,0.07268341763133024,0.032225683539421034,1.826266571859155e-05,0.04624348978661508,1.099999,1720595.0,1720595.0,0.40785914572153187,1.887503570909091,-2498006.0,0.0,0.31343283582089554,67.0
0x4f2b6c9eb5ff44f3537ceeb91f5f98cc96c156c9,0.0330452988302252,0.056476086,0,186.439,1,1764858593,0.0020040080140260497,0.0030060120210390743,0.0020040080140260497,0.0020040080140260497,0.0030060120210390743,-0.09250000000000001,0.0020040080140260497,-0.09180904187852591,0.0,,0.0020040080140260497,-0.002009033778615093,0.0020040080140260497,-0.001390966272075008,-0.08779097414147581,,1,0.07268341763133024,-0.009130408767840388,0.0020040080140260497,0.050617229956238415,69.32455999999999,2890731.0,2890731.0,0.6549726589742323,139.8200301756757,-1522783.0,,0.8,30.0
0x7ce190a7163e5e9368482d9f013d621403647b18,0.0330452988302252,0.056476086,0,272.181,1,1764858595,0.0020040080140261607,0.0030060120210391858,0.0020040080140261607,0.0020040080140261607,0.0030060120210391858,-0.09249999999999989,0.0020040080140261607,-0.09180904187852579,0.0,,0.0020040080140261607,-0.0020090337786149476,0.0020040080140261607,-0.0013909662720748847,-0.08779097414147569,,1,0.07268341763133024,-0.009130833122217031,0.0020040080140261607,0.06253227325511926,48.144,3039630.0,3039630.0,0.6887094099126411,121.30241197921,-1373886.0,,0.8055555555555556,35.0
0xebfdc7346e8cbe36466ab8e6f527b6aa4c6b69ab,0.0330452988302252,0.056476086,0,458.62,1,1764858595,0.0020040080140260497,0.0030060120210390743,0.0020040080140260497,0.0020040080140260497,0.0030060120210390743,-0.09250000000000001,0.0020040080140260497,-0.09180904187852591,0.0,,0.0020040080140260497,-0.002009033778615093,0.0020040080140260497,-0.001390966272075008,-0.08779097414147581,,1,0.07268341763133024,-0.009130833122217031,0.0020040080140260497,0.054235484422745825,54.835,3028072.0,3028072.0,0.6860906361277493,136.588915306,-1385444.0,,0.9523809523809523,42.0
0x8f2721235c0a1d1e3fc786375c8c69b6ce2c2e3c,0.033028684714142977,0.05635546,0,40.923316,6,1764829529,1.699879817665239e-06,2.0653106029846107e-06,1.699879817665239e-06,1.699879817665239e-06,0.00021629552477435041,-0.03536169703129101,1.699879817665239e-06,-0.034726742485543874,0.0,0.2405866930253556,0.002332005863957034,0.01308830260044557,0.004662311848096402,-0.06501629690316052,-0.06761629690316051,,1,0.07268341763133024,-0.0029636909664713363,1.699879817665239e-06,0.08689243631407301,7.119998,2906327.0,2906327.0,0.6628715118201827,8.236361651376148,-1478123.0,,0.631578947368421,19.0
0xd5ece8e58bce60807cdb5f72464b423c0de57b2e,0.03302105252046757,0.05630003,0,26146.92431,16,1764833301,0.01898240778081617,0.019919765861698337,0.01898240778081617,0.01898240778081617,0.06351786236688681,-0.0706420963632217,0.01898240778081617,-0.06695140857300301,0.0,18.000000000000014,0.019127861114610623,0.020429815920569423,0.019273314448405077,-0.06489103037183067,-0.06681666747616156,,1,0.07268341763133024,-0.0037640233208191226,0.01898240778081617,0.024944442075091826,99.999998,22379906.0,22379906.0,5.099994029472529,518.6974463781482,17991684.0,0.0,0.6575342465753424,131.0
0xb7a813a4b8d0312d1b896c55c338bdd51675285e,0.03295326344463411,0.055807136,0,12403.328631,26,1764820169,1.122921892609772e-05,1.4972291901463758e-05,1.122921892609772e-05,1.122921892609772e-05,0.000244967724236765,0.0,1.122921892609772e-05,0.0,0.7792660724723485,9.47878275418178,0.0009869359653633658,0.0,0.0019626427118006337,,,0.14309999834489978,1,0.07268341763133024,-0.0019813105845439103,1.122921892609772e-05,0.028941410699752295,1.999998,2224534.0,2224534.0,0.5084544546512186,3.9154163236947794,-2150556.0,,0.6111111111111112,72.0
0x2be91989bd4cfdbae5b68b2ad1d205e15fe07b6f,0.03294183234479064,0.055723924,0,99.6,1,1764835721,0.0030060120210390743,0.004008016028052099,0.0030060120210390743,0.0030060120210390743,0.004008016028052099,-0.09120256858952461,0.0030060120210390743,-0.08948793971873444,0.0,,0.0030060120210390743,0.001112060281265569,0.0030060120210390743,-0.08488191142971693,-0.08848190957810166,,1,0.07268341763133024,-0.004277492116556568,0.0030060120210390743,0.403075157832629,0.95,9893403.0,9893403.0,2.253293026395684,6.466946472014926,5502761.0,,0.6153846153846154,13.0
0x40676c245577bd34c79b735bc750969762a9d20e,0.03291173586933521,0.055504706,0,5.999998,2,1764825161,-0.022044080756490864,-0.023046084763503887,-0.022044080756490864,-0.022044080756490864,-0.03259208563214714,0.0,-0.022044080756490864,0.0,0.0,,-0.022044080756490864,0.0,-0.022044080756490864,,,0.10220006127890069,0,0.07268341763133024,,-0.022044080756490864,0.43720601726568253,2.0,3211674.0,3211674.0,0.733245176688473,4.727019708333334,-1168408.0,,0.0,10.0
0xec9b4fddd8afff7e3072c53bbe9684640d722d72,0.032903553258978334,0.05544507,0,23.409906,50,1764818607,0.00016752150371388935,0.00028332483533481,0.00016752150371388935,0.00016752150371388935,0.0015084572332438474,-0.02619815520508114,0.00016752150371388935,-0.02577309218950919,0.0,0.011276729321836787,0.004484883135268334,0.006750819003981856,0.008802244766822778,-0.03370193535666605,-0.0515352757876554,,2,0.07268341763133024,-0.0006462917156265529,0.00016752150371388935,0.14695206639685196,0.518585,4116513.0,4116513.0,0.9412339420257513,0.9423534461538461,-257015.0,0.0,0.4,15.0
0x7d56663364223df22d45f5f57756daf42cff73a9,0.032884237257856545,0.05530424,0,1.999996,2,1764897233,0.0030069501382651,0.004008954145278125,0.0030069501382651,0.0030069501382651,0.005669517323184164,-0.08978690136963831,0.0030069501382651,-0.09039293292877688,0.0,,0.0030069501382651,0.0009070670712231295,0.0030069501382651,0.003619317437698428,-0.08838086981050008,,1,0.07268341763133024,-0.01732893532457381,0.0030069501382651,0.08949484936717385,3.06,3283040.0,3283040.0,0.7374048606584588,714.3093033278689,-1169114.0,,0.4090909090909091,22.0
0xca46bb5c6255fc1aea9d5c0b2771ebd531c5c596,0.03287030071705932,0.05520258,0,1242.789459,9,1764819103,-0.006563712701969655,-0.007565716708982681,-0.006563712701969655,-0.006563712701969655,-0.025168456853919413,0.0,-0.006563712701969655,0.0,0.0,,-0.006563712701969655,0.0,-0.006563712701969655,,,-0.01599999644641432,0,0.07268341763133024,,-0.006563712701969655,0.1853522050658306,5.999999,2514856.0,2514856.0,0.5749524922588445,15.107653352941176,-1859168.0,0.0,0.45454545454545453,11.0
0xee0153c0a89f103ab465276735fa1e58b5842e8e,0.03282640391006397,0.054882105,0,3123.3650000000002,4,1764838689,0.0,4.812136943597677e-09,0.0,0.0,3.8033329461593086e-06,-0.045600072998192645,0.0,-0.04494781348690155,0.0,0.0,0.0,-0.0012977436103421397,0.0,-0.085490966131475,-0.08889096613147501,,1,0.07268341763133024,-0.0049072340114940625,0.0,0.5556712153204406,65.999998,,,,1122.5286256808508,,,0.0,2.0
0x26982c0e20e62c75684afc4edf6a0934d0847b58,0.03280578010005758,0.054731395,0,1.003,2,1764886061,0.0020040080140259937,0.003006012021039019,0.0020040080140259937,0.0020040080140259937,0.004251142968809938,-0.08879096613147505,0.0020040080140259937,-0.09019548306573758,0.0,,0.0020040080140259937,0.0013045169342624247,0.0020040080140259937,0.0023090338685249215,-0.08919096613147506,,1,0.07268341763133024,-0.014958491776648711,0.0020040080140259937,0.563632121564676,0.999999,42683647.0,42683647.0,9.611308264703617,10.250005150684933,38242665.0,0.0,0.6486486486486487,111.0
0x374d0ea6aee75cd719c450dbb4b484fca7c8fe3b,0.03280578010005758,0.054731395,0,1.003,2,1764886075,0.0020040080140259937,0.003006012021039019,0.0020040080140259937,0.0020040080140259937,0.004251142968809938,-0.08979548306573756,0.0020040080140259937,-0.09019548306573758,0.0,,0.0020040080140259937,0.0013045169342624247,0.0020040080140259937,0.0023090338685249215,-0.08919096613147506,,1,0.07268341763133024,-0.01496146225728521,0.0020040080140259937,0.5951840070109815,0.999999,42683699.0,42683699.0,9.611289674658568,10.560296072463768,38242703.0,0.0,0.5858585858585859,99.0
0xb4936d4550323dcf034f33d52d53e5293673223a,0.03280578010005758,0.054731395,0,1.003,2,1764886075,0.0020040080140259937,0.003006012021039019,0.0020040080140259937,0.0020040080140259937,0.004251142968809938,-0.08979548306573756,0.0020040080140259937,-0.09019548306573758,0.0,,0.0020040080140259937,0.0013045169342624247,0.0020040080140259937,0.0023090338685249215,-0.08919096613147506,,1,0.07268341763133024,-0.01496146225728521,0.0020040080140259937,0.5790959203231624,0.999999,42683709.0,42683709.0,9.611291926405698,10.430899478873242,38242713.0,0.0,0.6509433962264151,106.0
0xe8f34d5bb0cb987ff38bcde0b5d94656c8e63767,0.03280578010005758,0.054731395,0,1.003,2,1764886059,0.0020040080140259937,0.003006012021039019,0.0020040080140259937,0.0020040080140259937,0.004251142968809938,-0.08879096613147505,0.0020040080140259937,-0.09019548306573758,0.0,,0.0020040080140259937,0.0013045169342624247,0.0020040080140259937,0.0023090338685249215,-0.08919096613147506,,1,0.07268341763133024,-0.01495806742227207,0.0020040080140259937,0.5939448317418808,0.999999,42683715.0,42683715.0,9.611327905102026,9.775197125874127,38242735.0,0.0,0.6697247706422018,109.0
0x7effaa6173bab5aabcc004b61daa87b54d45a545,0.03280578010005758,0.054731395,0,1.003,2,1764886087,0.0020040080140259937,0.003006012021039019,0.0020040080140259937,0.0020040080140259937,0.004251142968809938,-0.08979548306573756,0.0020040080140259937,-0.09019548306573758,0.0,,0.0020040080140259937,0.0013045169342624247,0.0020040080140259937,0.0023090338685249215,-0.08919096613147506,,1,0.07268341763133024,-0.014964008383545065,0.0020040080140259937,0.5796379458677836,0.999999,,,,10.696518863309354,,,0.6310679611650486,103.0
0x683b3a889e034db125849d75a53802a7f50fb82d,0.03269960370312519,0.05395405,0,2.999996,2,1764841081,0.0010026640074567745,0.0020046680144697993,0.0010026640074567745,0.0010026640074567745,0.002835028694118734,-0.09139927346986508,0.0010026640074567745,-0.0913992734698651,0.0,,0.0010026640074567745,-0.0023992734698650747,0.0010026640074567745,-0.0877962649593467,-0.0903962649593467,,1,0.07268341763133024,-0.005414761845958512,0.0010026640074567745,0.09966095931645597,1203.0,,,,918.0622245000001,,,0.52,25.0
0x9941bd1b1005fa0f5e16d30e17a90da443ee52c3,0.03269683248393169,0.05393373,0,905.0,3,1764829191,-0.047199662435613535,-0.04820166644262656,-0.047199662435613535,-0.047199662435613535,-0.07769791379822617,0.0,-0.047199662435613535,0.0,0.0,,-0.047199662435613535,0.0,-0.047199662435613535,,,-0.3637999999040007,0,0.07268341763133024,,-0.047199662435613535,0.6342975877394151,38.92,3613230.0,3613230.0,0.8241646198819739,32.20625,-770882.0,,0.25,4.0
0xbb015bb4009b6a48bfb9363d9c9b1d54e9ab02e5,0.032684583416837464,0.053843886,0,954.384033,8,1764824367,1.4022678605751446e-07,2.337113100958577e-07,1.4022678605751446e-07,1.4022678605751446e-07,0.0001280334989134558,-0.010024822952057573,1.4022678605751446e-07,-0.008874373655686947,0.0,4.099916439999989,0.0041083414035818335,-0.009224369981889677,0.008216542580377609,-0.020867430069811864,-0.018167439749813025,,1,0.07268341763133024,-0.0018684323203570009,1.4022678605751446e-07,0.0,79.7958,3330404.0,3330404.0,0.7604898330504868,1000.0379730758532,-1048884.0,,,0.0
0xe922e3614c56b3c0aebb8c1039d217da18ab4685,0.03261801014488835,0.053355023,0,1333.326666,6,1764819337,-3.0048235342031055e-08,-4.5072358573850267e-08,-3.0048235342031055e-08,-3.0048235342031055e-08,-2.016095371686818e-05,0.0,-3.0048235342031055e-08,0.0,0.0,-3.9999590240148466,-0.000751529114099441,0.0,-0.0015030281799635397,,,0.2122000085312518,1,0.07268341763133024,-0.0008809596859098646,-3.0048235342031055e-08,0.014456237782116882,9.999999,2377290.0,2377290.0,0.5434727444060227,12.321531801302934,-1996968.0,,0.549618320610687,131.0
0xf42f4a4211d058cd109d503cf13f7bcdfc82a6a7,0.032597542226617614,0.05320453,0,1768.3582999999999,17,1764624506,0.08552927295609129,0.08562613509986941,0.08552927295609129,0.08552927295609129,0.39618111737203493,-0.12813032294985588,0.08552927295609129,-0.11917488631793864,0.0,143.15487666666667,0.1271281376947739,-0.11550104711232104,0.16872700243345654,7.096290909090911,7.091390909090908,,1,0.07268341763133024,0.04053751271471801,0.08552927295609129,0.0,73.12225,42868209.0,42868209.0,10.256958429947455,295.6271862064254,38688782.0,0.0,,0.0
0x5a0a1b35659fd092db45882f57a6a8d70a81946e,0.03257959248257424,0.053072475,0,796.945151,8,1764832875,0.001085275515903512,0.0013565943948793898,0.001085275515903512,0.001085275515903512,0.002607022266457038,0.0,0.001085275515903512,0.0,0.0,-9.831244125000008,-0.0012159252631716297,0.0,-0.003517126042246772,,,-0.2018000000000002,1,0.07268341763133024,-0.004166735624252871,0.001085275515903512,0.06787047117558571,4.999998,1772934.0,1772934.0,0.4040602616894678,15.389443689458693,-2614862.0,,0.6532258064516129,124.0
0x96e9edf0e27596d8eb42f771f24464ee92224b32,0.03255690010330614,0.05290543,0,18.44829,2,1764795787,-0.8994003585131185,-0.9004023625201314,-0.8994003585131185,-0.8994003585131185,-1.2311929482886967,0.0,-0.8994003585131185,0.0,0.0,,-0.8994003585131185,0.0,-0.8994003585131185,,,-1.0506127299053416,0,0.07268341763133024,,-0.8994003585131185,0.0,10.75,919920.0,919920.0,0.21144144815050792,14.40325485157319,-3430788.0,,,0.0
0x8ba22bd5177326c27fc651dcbb0ef39bcff2eb60,0.03253741621804173,0.052761912,0,12.08,4,1764830339,0.00033400133567100824,0.00044533511422801105,0.00033400133567100824,0.00033400133567100824,0.0013360053426840332,-0.010144444444444446,0.00033400133567100824,-0.009954215319859284,0.0,0.0599999999999995,0.0006680026713420135,0.00013467332067123016,0.0010020040070130186,-0.08515129843389493,-0.08858190773810078,-0.17830002296153863,1,0.07268341763133024,-0.0031839308879488023,0.00033400133567100824,0.018999740667725803,1.27008,2933199.0,2933199.0,0.6688768738911718,3.4969570519630486,-1452061.0,,0.552,125.0
0x8867e256745facf005d47abee9e329694b80ee24,0.03245296824500024,0.052138913,0,975.0,4,1764851187,0.0,0.0,0.0,0.0,0.0,0.0,0.0,0.0,0.0,-0.48750000000000043,-0.0001252505008766281,0.0,-0.0002505010017532562,,,-0.02410000000000091,1,0.07268341763133024,-0.015447772372917534,0.0,0.05729007307975478,3.0,1229888.0,1229888.0,0.2791325133201456,4.224073671052632,-3176220.0,,0.3333333333333333,30.0
0x5a2de7e9df848b7d38c99a61f6c806986f2e9f67,0.03245120665939393,0.0521259,0,1.999996,2,1764834283,0.02004064027031884,0.02104264427733186,0.02004064027031884,0.02004064027031884,0.029758792925195312,-0.07411413941740777,0.02004064027031884,-0.0692523968548123,0.0,,0.02004064027031884,0.018747603145187714,0.02004064027031884,-0.06582178571060557,-0.0692523968548123,,1,0.07268341763133024,-0.003972381319750598,0.02004064027031884,0.022299576277874093,0.999998,4410996.0,4410996.0,1.0049649093548625,504.46077503921566,21792.0,,0.6626506024096386,83.0
0x8e95f29cf88f1fc9a1bf0206d404dfdacbadef2a,0.03245120665939393,0.0521259,0,1.999996,2,1764834269,0.02004064027031884,0.02104264427733186,0.02004064027031884,0.02004064027031884,0.029758792925195312,-0.07411413939263138,0.02004064027031884,-0.0692523968548123,0.0,,0.02004064027031884,0.018747603145187725,0.02004064027031884,-0.06582178571060557,-0.0692523968548123,,1,0.07268341763133024,-0.003969410839114101,0.02004064027031884,0.019370419179940004,8.0,4492732.0,4492732.0,1.0235902296323467,474.79031332258063,103542.0,,0.6526315789473685,95.0
0x0035dd7c67948e65403211b46980546f159c464b,0.03245120665939393,0.0521259,0,1.999996,2,1764834211,0.02004064027031884,0.02104264427733186,0.02004064027031884,0.02004064027031884,0.029758792925195312,-0.07204954045392989,0.02004064027031884,-0.07028474536237611,0.0,,0.02004064027031884,0.0192152546376239,0.02004064027031884,-0.06681073614204822,-0.0692523968548123,,1,0.07268341763133024,-0.003957104562191468,0.02004064027031884,0.022527924479473906,0.999998,4560162.0,4560162.0,1.0389667023001359,500.17698122123886,171030.0,,0.7419354838709677,93.0
0xd36c1cd95a87601a1dad57b33f9c74514b80d87b,0.03245120665939393,0.0521259,0,1.999996,2,1764834235,0.02004064027031884,0.02104264427733186,0.02004064027031884,0.02004064027031884,0.029758792925195312,-0.07204954045392989,0.02004064027031884,-0.0692523968548123,0.0,,0.02004064027031884,0.018747603145187714,0.02004064027031884,-0.06681073614204822,-0.0692523968548123,,1,0.07268341763133024,-0.003962196814711178,0.02004064027031884,0.019230928732016084,5.0,4492696.0,4492696.0,1.023589956702382,435.1222955179856,103540.0,,0.7029702970297029,101.0
0xf58a6c91e8e8ec11d3ba3c6759eba31c0fe3e524,0.03243307975126626,0.051991962,0,1.003,2,1764886075,0.0020040080140259937,0.003006012021039019,0.0020040080140259937,0.0020040080140259937,0.004251142968809938,-0.08979548306573756,0.0020040080140259937,-0.09019548306573758,0.0,,0.0020040080140259937,0.0013045169342624247,0.0020040080140259937,0.0023090338685249215,-0.08919096613147506,,1,0.07268341763133024,-0.01496146225728521,0.0020040080140259937,0.49761492995689666,0.999999,42683669.0,42683669.0,9.611282919417176,12.126273944055944,38242673.0,0.0,0.616822429906542,107.0
0x5b4c7be725be104cba6370ff27af942f95ab80ed,0.032415241210518815,0.051860083,0,10000.0,4,1764820471,0.0,0.0,0.0,0.0,0.0,0.0,0.0,0.0,0.0,-15.000000000000014,-0.0003757515026298843,0.0,-0.0007515030052597686,,,0.2608,1,0.07268341763133024,-0.0010536719172033688,0.0,0.03206246820662865,19.999999,2152504.0,2152504.0,0.49195683495330245,24.583048696296295,-2222888.0,,0.4657534246575342,73.0
0xefde9ff487fae209ab6e3157a8acb4276f9c783d,0.03241462662237549,0.051855538,0,8879.482437,50,1764584718,0.17840127584454024,0.1786053793369335,0.17840127584454024,0.17840127584454024,1.4440988615919672,2.4771014518817074,0.17840127584454024,-0.016028862893950842,0.0,381.4926434521539,0.24092964665576672,-0.015289206886737565,0.3034580174669932,6.244829026957617,6.241396595415501,,3,0.07268341763133024,0.048979618683644234,0.17840127584454024,0.0,13.8,18041852.0,18041852.0,4.358315302372985,120.67437123560579,13902213.0,,,0.0
0x11f791112e23fa0ec6512dbed41c47c44f654982,0.03241221371718338,0.051837694,0,20.609277,4,1764798957,0.000397365545963513,0.00040728840768288805,0.000397365545963513,0.000397365545963513,0.019196835757678363,3.604872298014142,0.000397365545963513,3.5114302552098264,0.0,9.074300868218014,0.1106933966827692,3.5138813664787953,0.2209894278195749,7.21170068277339,7.21170068277339,,1,0.07268341763133024,0.003522990034886173,0.000397365545963513,0.011840241097309905,1.0,,,,2.2648109145833337,,,0.5125,320.0
0x69ea0d77ef34f1acb03aaed901df7620fc4215cd,0.03240065030200871,0.05175216,0,63470.410072,104,1764700228,-9.354591054895966e-05,-0.0001247278807319485,-9.354591054895966e-05,-9.354591054895966e-05,-0.0007070440899396533,0.14253526084950777,-9.354591054895966e-05,0.14283133281545574,0.0,106.17806217504776,0.006673018445286578,0.16276173084265577,0.013439582801122115,0.9840224303243521,0.963314882049517,-1.0428704996223028,1,0.07268341763133024,-0.0004302953379155119,-9.354591054895966e-05,0.0,126.75,13494942.0,13494942.0,3.1714381799556257,681.0794788551316,9239793.0,,,0.0
0x7744bfd749a70020d16a1fcbac1d064761c9999e,0.03239649227517578,0.051721398,0,670868.955512,110,1764818823,0.0011601117118385748,0.002233822439611733,0.00020660300175679054,0.0012157254243837616,0.016241044033818153,-0.011582091791802801,0.0012830003180241017,-0.02167044575364301,0.0,3.5016984999997924,0.0012591393828875618,-0.010888301962549987,0.0011796642031034303,-0.006746689410491527,-0.020072530089790888,,2,0.07268341763133024,-0.0006921219883039446,0.001249363137255134,0.0,7.8733699999999995,1436080.0,1436080.0,0.32834111918758846,1485.214298963154,-2937664.0,0.0,,0.0
0xc5c85e72ddb708102bb37cbacb504066a99e52cf,0.03239391050985116,0.051702294,0,39.11652,5,1764833629,-2.6060062358590362e-06,-2.7145898290198295e-06,-2.6060062358590362e-06,-2.6060062358590362e-06,-0.00026076952880247874,0.0,-2.6060062358590362e-06,0.0,0.0,-0.9607574999999995,-0.003085422244598364,0.0,-0.006168238482960869,,,-0.19098748541822586,1,0.07268341763133024,-0.00935828706809742,-2.6060062358590362e-06,0.004342019149656043,4.9995,1947732.0,1947732.0,0.44382130772122913,4.788814374497185,-2440818.0,,0.9503722084367245,403.0
0x28b255ed9747765be4f44ce484532d4b6bdfa74f,0.03237761846017176,0.05158171,0,123651.17744300001,91,1764825271,0.0008186438737862133,0.0008578273677342271,0.0008186438737862133,0.0008186438737862133,0.008095784239063614,-0.04125892754835297,0.0008186438737862133,-0.039575083904162374,0.0,100.78682356102713,0.002091345718230342,-0.03300889420634118,0.0033640475626744715,-0.07146813895141153,-0.072303529052111,,1,0.07268341763133024,-0.0020602404985994183,0.0008186438737862133,0.009357043361114686,194.50956000000002,30777103.0,30777103.0,7.026427836953266,1020.5666983822224,26396911.0,0.0,0.9653179190751445,691.0
0x7399eae307df6c227694e83f60629415eca146d6,0.03237669660998205,0.051574886,0,1520.2562659999999,39,1764584718,-4.984042302499316e-06,-5.006878693346965e-06,-4.984042302499316e-06,-4.984042302499316e-06,-0.002097577715894763,0.0,-4.984042302499316e-06,0.0,0.0,-1.987965426272727,-0.006449562688359094,0.0,-0.01289414133441569,,,-1.0384625453338003,4,0.07268341763133024,0.04872543041203537,-4.984042302499316e-06,0.0,36.61665,1114903.0,1114903.0,0.2693237260543733,50.68062491694802,-3024736.0,,,0.0
0xa6dab54a13b36c95eac9496eff818bf86a497e3e,0.0323759961818207,0.0515697,0,100.2,2,1764940695,0.0010020040070130248,0.0020040080140260497,0.0010020040070130248,0.0010020040070130248,0.002834095312540011,-0.09159699248246057,0.0010020040070130248,-0.09180300751753946,0.0,,0.0010020040070130248,-0.0010030075175394627,0.0010020040070130248,0.0009030076054218195,-0.08979699248246055,,1,0.07268341763133024,-0.026550580283392338,0.0010020040070130248,0.053298118177618356,57.499998500000004,3541718.0,3541718.0,0.7878159522521496,227.06118308400002,-953898.0,,0.3828125,128.0
0x81d9e688f5bb6b7a3cd1b6741316a94fe8305931,0.032370497926999434,0.05152899,0,1.999996,2,1764833687,0.017034162580322816,0.01803616658733584,0.017034162580322816,0.017034162580322816,0.02550699140103081,-0.07551416643086326,0.017034162580322816,-0.07375796299220044,0.0,,0.017034162580322816,0.015244581019196743,0.017034162580322816,-0.07116161206619653,-0.07273034232316658,,1,0.07268341763133024,-0.0038459237155111284,0.017034162580322816,0.019041708073917116,5.0,4668535.0,4668535.0,1.0637849176777694,481.4689581655173,279927.0,,0.6732673267326733,101.0
0x38455e2ff26a46fbb30cf2307cab428620e76bd9,0.032370497926999434,0.05152899,0,1.999996,2,1764833669,0.017034162580322816,0.01803616658733584,0.017034162580322816,0.017034162580322816,0.02550699140103081,-0.07756843956426905,0.017034162580322816,-0.07375796299220044,0.0,,0.017034162580322816,0.015244581019196743,0.017034162580322816,-0.07116161206619653,-0.07273034232316658,,1,0.07268341763133024,-0.003842104526121346,0.017034162580322816,0.019845447259668875,0.9999985,4678665.0,4678665.0,1.0660975393007777,509.9734740227273,290075.0,,0.7244897959183674,98.0
0x5b8d2dc97625e7c51954bc36371c30a902b5a1ae,0.03235468541405353,0.051411875,0,599.1999999999999,4,1764819241,0.0,0.0,0.0,0.0,0.0,-0.04077690467315013,0.0,-0.039517767757293897,0.0,2.0000000000000018,0.001252505008766281,-0.038717767757293894,0.002505010017532562,-0.07799898785116285,-0.07699898785116285,,1,0.07268341763133024,-0.0007808120530222307,0.0,0.9317715783029653,32.099048999999994,4681685.0,4681685.0,1.0703044377414463,123.19592438333335,307523.0,,0.35384615384615387,60.0
0xc727203069e584bad856564a5fd98448923fa011,0.03235414987695307,0.051407907,0,63.352148,10,1764818269,4.9292639940761115e-11,2.9241422118432776e-06,4.9292639940761115e-11,4.9292639940761115e-11,7.655131096980956e-05,-0.043899836535880914,4.9292639940761115e-11,-0.04460275860610225,0.0,0.01965192669714576,0.0003806642968316377,-0.042675421236586124,0.0007613285443706354,-0.08326482804266651,-0.0870648280426665,,1,0.07268341763133024,-0.0005745758259739675,4.9292639940761115e-11,0.040974392411794805,9.649999,3448268.0,3448268.0,0.7885017572984481,8.67172941882353,-924922.0,,0.5892857142857143,56.0
0xffd44574578241c24b55a5fc94ef525da8f8b2d2,0.03235414987695307,0.051407907,0,13.083356,8,1764818565,8.875056948378305e-06,9.984438564917514e-06,8.875056948378305e-06,8.875056948378305e-06,0.0003000667646798537,-0.04251288088284604,8.875056948378305e-06,-0.043964486268984936,0.0,-0.019259992017694946,-0.0010839380097007185,-0.04091110942227897,-0.002176751076349815,-0.08119076803607547,-0.08479076803607546,,1,0.07268341763133024,-0.00063738027371706,8.875056948378305e-06,0.05874374144330254,1.099989,3065366.0,3065366.0,0.7008976363477556,1.181921677462888,-1308120.0,,0.6363636363636364,55.0
0x37ac36f084d24c2779034c2d4a777cfbdd219751,0.03235412473457677,0.05140772,0,1019.764398,7,1764630920,-0.0009844768077372226,-0.0019689536154744447,-0.0009844768077372226,-0.0009844768077372226,-0.0030616611728065415,-0.0015640661720681935,-0.0009844768077372226,-0.0018693041004817768,0.9805805744433583,15.767930928,0.0009559219109650167,-0.0018220753092659215,0.002896320629667256,6.942190475126743,6.937390475126743,-0.008100000000000907,1,0.07268341763133024,0.03917660822882546,-0.0009844768077372226,0.07413739202503722,4.45,1312285.0,1312285.0,0.31350569694357716,5.492136896551725,-2873556.0,,0.09523809523809523,21.0
0x3c6753b0cd31fa621cd54d2ac7872eb6c77b92ac,0.032316172241724825,0.051126394,0,99.999996,2,1764838099,0.0020040210010003694,0.0030060250080133936,0.0020040210010003694,0.0020040210010003694,0.004251161335165234,-0.09129999274035648,0.0020040210010003694,-0.08889095177665418,0.0,,0.0020040210010003694,-0.0004909775702334894,0.0020040210010003694,-0.08539095177665418,-0.08889095177665418,,1,0.07268341763133024,-0.00478204947038452,0.0020040210010003694,0.16854140516711463,3.6,2417660.0,2417660.0,0.5503412231221346,4.705460972222222,-1975360.0,,0.13513513513513514,37.0
0x902d225fda04861946c16a8475adb71c020d1f3f,0.03230945043977366,0.051076535,0,1.999996,2,1764937297,0.0020049830370674495,0.003006987044080474,0.0020049830370674495,0.0020049830370674495,0.004252521859618791,-0.08828988841320914,0.0020049830370674495,-0.08989440681808772,0.0,,0.0020049830370674495,0.0009055931819122932,0.0020049830370674495,0.002310306201390129,-0.08888988841320913,,1,0.07268341763133024,-0.025829602197476705,0.0020049830370674495,0.02143339512256034,20.24,3958208.0,3958208.0,0.8811255375406981,81.90430634150077,-534010.0,,0.7934782608695652,88.0
0x0ab5f555f19b0c0cdfd93d5abfaff8520733d44f,0.03230715908834374,0.051059537,0,500.0,2,1764867885,-0.0010020040070130248,-0.0020040080140260497,-0.0010020040070130248,-0.0010020040070130248,-0.0028340953125400112,0.0,-0.0010020040070130248,0.0,1.0,,-0.0010020040070130248,0.0,-0.0010020040070130248,,,-0.008000000000000007,0,0.07268341763133024,,-0.0010020040070130248,0.9716290329020227,34.179999,3203316.0,3203316.0,0.7242723284720153,29.668332499999995,-1219490.0,,0.0,2.0
0xaf5e76feb4b288bcff9ede6f83309658376a1f34,0.03229729044696685,0.050986312,0,334.666653,4,1764920541,-5.008026113246538e-09,-1.502410826779268e-08,-5.008026113246538e-09,-5.008026113246538e-09,-6.720312870423408e-06,0.0,-5.008026113246538e-09,0.0,0.0,-0.333329504009958,-0.0001252546965276708,0.0,-0.00025050438502922836,,,-0.016099987947200894,1,0.07268341763133024,-0.02228624315251169,-5.008026113246538e-09,0.15706681537173714,1.999999,1646768.0,1646768.0,0.36795486141989364,2.7105534381443297,-2828694.0,0.0,0.44,25.0
0x039dec08d163eee83707b3d1e0acdfb90e49a1bc,0.0322910351895509,0.050939888,0,1000.0,2,1764871469,-0.0010020040070130248,-0.0020040080140260497,-0.0010020040070130248,-0.0010020040070130248,-0.002834095312540011,0.0,-0.0010020040070130248,0.0,1.0,,-0.0010020040070130248,0.0,-0.0010020040070130248,,,-0.008000000000000007,0,0.07268341763133024,,-0.0010020040070130248,0.08209386329892007,7.0,1101612.0,1101612.0,0.24887368713556646,20.76519354666667,-3324778.0,,0.2916666666666667,24.0
0x4f3c4ab85351c88acc8dbcffcc816cdda592f736,0.0322910351895509,0.050939888,0,2460.0,2,1764874059,-0.0010020040070130248,-0.0020040080140260497,-0.0010020040070130248,-0.0010020040070130248,-0.0028340953125400112,0.0,-0.0010020040070130248,0.0,1.0,,-0.0010020040070130248,0.0,-0.0010020040070130248,,,-0.008100000000000019,0,0.07268341763133024,,-0.0010020040070130248,0.05351482380991323,0.999999,1112130.0,1112130.0,0.25110296275891963,2.2249021202672603,-3316850.0,0.0,0.2982456140350877,57.0
0x25e19a636a8d5ac56d5e290e98684251dbbf1046,0.0322910351895509,0.050939888,0,666.666666,2,1764853125,-0.0020040072700380687,-0.0030060112770510933,-0.0020040072700380687,-0.0020040072700380687,-0.004251141916652123,0.0,-0.0020040072700380687,0.0,0.0,,-0.0020040072700380687,0.0,-0.0020040072700380687,,,-0.015699993837249078,0,0.07268341763133024,,-0.0020040072700380687,0.0482603664077166,9.999999,1210530.0,1210530.0,0.2746182775769581,58.79641099204244,-3197516.0,,0.2962962962962963,81.0
0xc4f09b875e6621fef8d600e0c9cc5356e17d990e,0.03228949338980113,0.050928444,0,60.0,4,1764818521,-0.08183032723939698,-0.08283233124641003,-0.08183032723939698,-0.08183032723939698,-0.17941364062175158,0.0,-0.08183032723939698,0.0,0.0,,-0.08183032723939698,0.0,-0.08183032723939698,,,-0.6652499999400002,0,0.07268341763133024,,-0.08183032723939698,0.2339984603749743,1.999999,1476688.0,1476688.0,0.33764892732086077,12.27423694736842,-2896754.0,,0.25,8.0
0x4825c873a8c890bdaff00d253a23e8e09eb95ec5,0.032282351449087844,0.050875425,0,23637.2872,8,1764835295,0.002161443948439362,0.002825620726412502,0.002161443948439362,0.002161443948439362,0.0066774543675054724,-0.07572405312264022,0.002161443948439362,-0.0744601208122879,0.0,5.333333333333371,0.002330357562959306,0.0013746095218498979,0.002499271177479249,-0.031337070378279444,-0.08795707381882678,,2,0.07268341763133024,-0.004187104634331712,0.002161443948439362,0.25474654724588947,9.2,17002417.0,17002417.0,3.8727973748899824,230.08854140064912,12612201.0,0.0,0.5,13.0
0xbf7f220b708074f54a292003f3df605c54f2abea,0.032251406644274144,0.050645575,0,131.46,75,1764560812,-0.3160187037584809,-0.31635270509415175,-0.3160187037584809,-0.3160187037584809,-2.7396947916746237,0.02688666666666667,-0.3160187037584809,0.0007533333333333382,0.0,-0.0034000000000000584,-0.31607548398554497,0.001246666666666671,-0.31613226421260904,0.22219999999999965,0.21929999999999966,-0.022372489572737332,1,0.07268341763133024,0.054051926547652236,-0.3160187037584809,0.05664609855021927,0.365,3526906.0,3526906.0,0.8569326533086573,0.7586849204819277,-588827.0,,0.4090909090909091,44.0
0xa6e610d776322450142ed4b3f0c01c0c0b2ebb88,0.03223257245296557,0.050505575,0,95.455,58,1764556396,-0.2952111115834232,-0.29552207834422056,-0.2952111115834232,-0.2952111115834232,-2.2506290964429216,0.014750000000000043,-0.2952111115834232,0.0002672413793102975,0.0,0.0012500000000001052,-0.29518951666947896,0.0012068965517240903,-0.29516792175553475,0.22980004471206938,0.22710000000000058,-0.026040560626165627,1,0.07268341763133024,0.054988901011278915,-0.2952111115834232,0.07815004281759595,0.38,3527792.0,3527792.0,0.8580685945647101,0.7081030525854513,-583525.0,,0.4772727272727273,44.0
0xbe7c0363ec2f0d12630fd48ac4c87ce84f418356,0.03222506699967448,0.050449762,0,102.106,22,1764329037,0.08538581118814645,0.27546051631652807,0.08538581118814645,0.08580788455273135,0.7250681837725588,0.005244250594766058,0.08460071999147,0.005243616177636797,0.0,2.7473552941176473,0.08631361922200259,-1.37911204176586e-20,0.08724142725585872,0.1300012030070158,0.09870120300701578,,2,0.07268341763133024,0.1032292943708119,0.08538581118814645,0.0,2.74057,9753116.0,9753116.0,2.5111280811996424,12.841441667851502,5869158.0,,,0.0
0x3000605b5cb780be2791c856d9eaf0cffd039d73,0.032223448604171596,0.050437726,0,7194.210779,15,1764826811,-0.03599159062485137,-0.0369935946318644,-0.03599159062485137,-0.03599159062485137,-0.11179233917666427,0.0,-0.03599159062485137,0.0,0.0,,-0.03599159062485137,0.0,-0.03599159062485137,,,-0.01830144844764131,0,0.07268341763133024,,-0.03599159062485137,0.1886200027084718,19.999999,3804831.0,3804831.0,0.8683395059305316,74.11218620186335,-576901.0,,0.5083333333333333,119.0
0x2491c4b1ac73616ae669b92c5fb9032788952509,0.03222182227348702,0.05042563,0,527.5857570000001,6,1764642424,-0.5726166488651988,-0.5736186528722116,-0.5726166488651988,-0.5726166488651988,-1.270171278756,0.0,-0.5726166488651988,0.0,0.0,,-0.5726166488651988,0.0,-0.5726166488651988,,,-0.12121392353658628,0,0.07268341763133024,,-0.5726166488651988,0.2785279978302163,4.9974989999999995,3261459.0,3261459.0,0.7770290505069276,30.082516025641027,-935886.0,,0.3684210526315789,19.0
0xc4fc25edb11fae85dbe4d489870bec3e78c62e39,0.03219550298377045,0.050229795,0,1009.99,4,1765134641,0.0,-0.0010020040070130248,0.0,0.0,-0.0015134691020200455,0.0,0.0,0.0,1.0,,0.0,0.0,0.0,,,0.0,0,0.07268341763133024,,0.0,0.04587924891290943,1.0,1187302.0,1187302.0,0.2531797212618151,2.9715079382239384,-3502260.0,0.0,0.13513513513513514,222.0
0x9e29735fe4d5420f1194c4cf66cc16e5f8fd20c7,0.03219550298377045,0.050229795,0,500.0,2,1764872209,-0.0010020040070130248,-0.0020040080140260497,-0.0010020040070130248,-0.0010020040070130248,-0.0028340953125400112,0.0,-0.0010020040070130248,0.0,1.0,,-0.0010020040070130248,0.0,-0.0010020040070130248,,,-0.008000000000000007,0,0.07268341763133024,,-0.0010020040070130248,0.07065681259456119,9.999999,1066712.0,1066712.0,0.24094887658595976,10.618458625,-3360418.0,,0.14285714285714285,21.0
0xca897b8235bc70ce6641d8b62b1a9f2bf253a9f6,0.03219550298377045,0.050229795,0,500.0,2,1764862697,-0.0010020040070130248,-0.0020040080140260497,-0.0010020040070130248,-0.0010020040070130248,-0.0028340953125400112,0.0,-0.0010020040070130248,0.0,1.0,,-0.0010020040070130248,0.0,-0.0010020040070130248,,,-0.007700000000000007,0,0.07268341763133024,,-0.0010020040070130248,0.09826739682803615,1.0208,1160580.0,1160580.0,0.2627162421015126,5.7861561544004125,-3257038.0,0.0,0.21428571428571427,28.0
0x2369a8c01403674ccf381a4a1283d85d63d6d8be,0.032195118129127634,0.05022693,0,40.024336,8,1764820483,6.070789446980642e-11,2.949876988934039e-06,6.070789446980642e-11,6.070789446980642e-11,7.688757238868743e-05,-0.04642121454145631,6.070789446980642e-11,-0.04636812893691826,0.0,-0.005269854429180438,-0.0001863563025066618,-0.04496606819526227,-0.00037271266572121804,-0.08939694702011299,-0.09159694702011298,,1,0.07268341763133024,-0.0010443361209172336,6.070789446980642e-11,0.15712297871641673,10.619998,2579606.0,2579606.0,0.589569786012903,16.175319493975902,-1795798.0,0.0,0.4166666666666667,12.0
0x9d4dbdead56a197594a7eb296689ea99bd130494,0.0321676628008951,0.050022475,0,2848.599996,2,1764834929,0.004008016430545657,0.0050100204375586824,0.004008016430545657,0.004008016430545657,0.007085238850561877,-0.09119999955511097,0.004008016430545657,-0.08847735748999476,0.0,,0.004008016430545657,0.0012226418966717007,0.004008016430545657,-0.08403919980852737,-0.08746981033940054,,1,0.07268341763133024,-0.004109447783406131,0.004008016430545657,0.13776653639296285,861.83635,5421140.0,5421140.0,1.2349260225292435,792.5608922093022,1031290.0,,0.25,12.0
0x3e827302557b129bab504c178257707b3056c878,0.032164505162219546,0.04999895,0,299.8,4,1764885923,0.0,0.0,0.0,0.0,0.0,-0.04499774153286876,0.0,-0.045097741532868746,0.0,0.20000000000001128,0.0002505010017532701,0.0006522584671312486,0.0005010020035065402,0.002309033868524994,-0.08919096613147501,,1,0.07268341763133024,-0.014929211324660378,0.0,0.2687738859706523,2.95,8861540.0,8861540.0,1.9954630245962255,16.651599946882218,4420696.0,0.0,0.43859649122807015,99.0
0xcff8acb10e7b75a52b98a4e153de1dbb5c72b64a,0.032142875272943905,0.049837742,0,2327.454596,4,1764834805,0.01503588981719044,0.016037893824203463,0.01503588981719044,0.01503588981719044,0.028168367185237304,-0.0777995340732219,0.01503588981719044,-0.07605047806197654,0.0,,0.01503588981719044,0.013749521938023486,0.01503588981719044,-0.071313005022345,-0.07474361616655173,,1,0.07268341763133024,-0.004083137812054295,0.01503588981719044,0.12697792800956603,1049.574989,,,,691.1877715526317,,,0.07692307692307693,13.0
0xd66d6ac55d1e60839e185746e9d0bb774896a6ae,0.03213745775827759,0.04979735,0,1.003,2,1764886085,0.0020040080140259937,0.003006012021039019,0.0020040080140259937,0.0020040080140259937,0.004251142968809938,-0.08979548306573756,0.0020040080140259937,-0.09019548306573758,0.0,,0.0020040080140259937,0.0013045169342624247,0.0020040080140259937,0.0023090338685249215,-0.08919096613147506,,1,0.07268341763133024,-0.014963584029168423,0.0020040080140259937,0.2701976411560071,0.999999,,,,5.268734904,,,0.6190476190476191,105.0
0x22a9d4392e4b6b57a000a5127b2846cde7fcc08c,0.032123247910907315,0.049691368,0,1.999998,2,1764831673,-0.030060090608184986,-0.031062094615198006,-0.030060090608184986,-0.030060090608184986,-0.04392843548052931,0.0,-0.030060090608184986,0.0,0.0,,-0.030060090608184986,0.0,-0.030060090608184986,,,-0.23499976070168904,0,0.07268341763133024,,-0.030060090608184986,0.3388611089155896,1.296,3664005.0,3664005.0,0.8352733350750036,2.224468555323591,-722589.0,,0.16666666666666666,12.0
0xaee13402c75563321a6a5ea1c21553857f4177fc,0.032121013268726274,0.049674697,0,3344.993606,16,1764798639,3.380874581020938e-06,3.5126976724827638e-06,3.380874581020938e-06,3.380874581020938e-06,0.0017857440611093363,3.607817016946078,3.380874581020938e-06,3.5542168095464812,0.0,195.86632401527274,0.10893090224244753,3.559379250680679,0.21785842361031404,7.221621223964286,7.221321223964284,,1,0.07268341763133024,0.0035904623807723334,3.380874581020938e-06,0.03169919425587444,65.7774,8474544.0,8474544.0,1.946577972969248,156.40621157838558,4120984.0,,0.34210526315789475,266.0
0xc5879d16b6ae85cdc90e0187a4c6f70bb705c155,0.03207135065800646,0.04930392,0,1.003,2,1764820211,0.0020040080140259937,0.003006012021039019,0.0020040080140259937,0.0020040080140259937,0.004251142968809938,-0.09060000000000007,0.0020040080140259937,-0.09360000000030141,0.0,,0.0020040080140259937,-0.0897000000003014,0.0020040080140259937,-0.08829096613147508,-0.09159096613147508,,1,0.07268341763133024,-0.0009866239256938513,0.0020040080140259937,0.08929243843499896,19.75,2423386.0,2423386.0,0.5539000880430579,234.49332116666665,-1951746.0,0.0,0.47368421052631576,19.0
0x89c83bb954a2c3e2c268b6347d9b12d901eed61a,0.03205396810026195,0.04917401,0,1000.0,2,1765016169,0.0,-0.0010020040070130248,0.0,0.0,-0.0014170476562700054,0.0,0.0,0.0,1.0,,0.0,0.0,0.0,,,0.0,0,0.07268341763133024,,0.0,0.14672371722643066,0.999999,1215452.0,1215452.0,0.26589981820528585,1.0750528187919464,-3355638.0,,0.0,26.0
0x6de3960a8dcff15aa6d76aa204e2cf0309661b22,0.03205396810026195,0.04917401,0,333.33333300000004,3,1764933975,-0.0020040065230440053,-0.0030060105300570303,-0.0020040065230440053,-0.0020040065230440053,-0.005123172834014533,0.0,-0.0020040065230440053,0.0,0.0,,-0.0020040065230440053,0.0,-0.0020040065230440053,,,-0.01600000004367118,0,0.07268341763133024,,-0.0020040065230440053,0.045486234988554086,1.0,1178718.0,1178718.0,0.26258527709263035,3.885072479674797,-3310178.0,,0.01639344262295082,61.0
0xf9815aa0b54cee549988bf002c55a14d00b337a8,0.03204747939302837,0.0491255,0,1333.333333,2,1764866003,-0.002004007641280517,-0.0030060116482935415,-0.002004007641280517,-0.002004007641280517,-0.004251142441668229,0.0,-0.002004007641280517,0.0,0.0,,-0.002004007641280517,0.0,-0.002004007641280517,,,-0.016099996986799675,0,0.07268341763133024,,-0.002004007641280517,0.3155641269859408,2.0,3103278.0,3103278.0,0.7019523520422427,5.660208166666666,-1317646.0,,0.0,8.0
0xf54bd47b5a948c78c2fc7b2b52c5a8a59013a190,0.032041187726126207,0.049078453,0,1676.666665,5,1764850393,-0.0020040077155290474,-0.003006011722542072,-0.0020040077155290474,-0.0020040077155290474,-0.0066240287797481,0.0,-0.0020040077155290474,0.0,0.0,,-0.0020040077155290474,0.0,-0.0020040077155290474,,,-0.016000000309420337,0,0.07268341763133024,,-0.0020040077155290474,0.3399999951999999,1.5,3284284.0,3284284.0,0.7455277875765496,3.58089440052356,-1121030.0,,0.0,4.0
0x2de566147183d8ff878d113448e929637ae0523a,0.03202216754536145,0.048936173,0,179.99928,4,1764950147,0.0,0.0,0.0,0.0,0.0,-0.04461413111274529,0.0,-0.04595000000000003,0.0,-0.060120000000003386,-0.00012525050087663507,-5.0000000000030665e-05,-0.00025050100175327014,0.0010030075175394013,-0.09089699248246061,,1,0.07268341763133024,-0.028556079067404875,0.0,0.023770632546769557,48.906,1523900.0,1523900.0,0.3382634845911316,40.38921906440678,-2981168.0,,0.05263157894736842,57.0
0x7d65a4f1c9537cf4c5a27aff22c2c52eb4f08432,0.03200269205935044,0.048790403,0,10.56,4,1764654994,0.0,0.0,0.0,0.0,0.0,0.0,0.0,0.0,0.0,-8.899999999999999,-0.1114729457801989,0.0,-0.2229458915603978,,,-0.0399927563325712,1,0.07268341763133024,-0.003382104381840858,0.0,0.17838841848928938,3.975,1593096.0,1593096.0,0.3784152411628263,4.176802666666666,-2616819.0,,0.0,7.0
0x83d337c50ec414c45c3d030023dc59fd69d4a973,0.03198726066250797,0.04867484,0,1582.504947,11,1764797211,2.79699019270882e-06,2.803185076856569e-06,2.79699019270882e-06,2.79699019270882e-06,0.0015943545480430323,3.6017197768065543,2.79699019270882e-06,3.58000885743101,0.0,721.410150965,0.11292609161886798,3.582108863922629,0.22584938624754325,7.227524144204385,7.227124144204385,,1,0.07268341763133024,0.0038934514056950904,2.79699019270882e-06,0.03312616486013007,35.999999,,,,57.99496861655406,,,0.46938775510204084,98.0
0x38648e346616b05593c0735c7a0591b5f9ad23e1,0.03198592932611586,0.048664868,0,630.928974,19,1764790515,-1.1793321516349423e-09,-2.3586643032454542e-09,-1.1793321516349423e-09,-1.1793321516349423e-09,-2.174116410430007e-06,0.12239891200384356,-1.1793321516349423e-09,0.12225861282324652,0.0,1.859614452363631,0.0010989480848586253,0.12362950461797016,0.0021978973490494025,4.295316156463103,4.293756159834823,0.18460000735336402,2,0.07268341763133024,0.005314189858694236,-1.1793321516349423e-09,0.18711907610866332,6.0,5966171.0,5966171.0,1.3729740813119788,31.95016395852018,1620735.0,,0.13636363636363635,44.0
0xab047eb1384c7bbe82baac89b28185a9a337154c,0.031956803534041386,0.048446596,0,133.67999999999998,7,1764869677,0.00014314342957328925,-0.00042943028871986785,0.00021471514435994184,7.157171478664462e-05,-0.0008666087632403604,0.0,7.157171478664462e-05,0.0,1.0,0.3840000000000041,0.00038648725984789063,0.0,0.0004866876605491868,,,0.00030000000000000024,1,0.07268341763133024,-0.018378363698010755,0.00021471514435994184,0.042625625487600564,1.3974495,1438632.0,1438632.0,0.3251441147873773,2.43618164516129,-2985966.0,,0.4634146341463415,41.0
0xea97f2a431535cd70d1a42f76e3144448d4cc3c8,0.03188897363104183,0.047937524,0,9.009,2,1764866131,5.56223959676263e-17,0.0010020040070130804,5.56223959676263e-17,5.56223959676263e-17,0.0014170476562700846,-0.09410300375437988,5.56223959676263e-17,-0.09400456448316166,0.0,,5.56223959676263e-17,-0.003104566977577254,5.56223959676263e-17,-0.00029999999999993915,-0.09099999750558435,,1,0.07268341763133024,-0.010729800413406035,5.56223959676263e-17,0.24763576929617484,67.5,4478036.0,4478036.0,1.012889239936558,61.945161999999996,56984.0,,0.2,5.0
0x5858196bbcb5059a7f67904deb06755dc2adfbbf,0.03188025713524337,0.04787203,0,90481.98202,35,1764820381,-0.003402451843087917,-0.0035574106757858865,-0.003402451843087917,-0.003402451843087917,-0.016834216239788768,-0.04211549230540546,-0.003402451843087917,-0.04237829905883753,0.0,-164.49689818181804,-0.00788910581716534,-0.04129255134256683,-0.012375759791242759,-0.08954033801371421,-0.09120555662541877,-0.0472000000000003,1,0.07268341763133024,-0.0010226940477084652,-0.003402451843087917,0.21086801352866313,99.999999,,,,599.6012132200557,,,0.6363636363636364,30.0
0x7ff1d189f301bca2556b86bb50205337a5f3ee6b,0.03177783222597532,0.047101125,0,30.09992,4,1764903401,0.0,0.0,0.0,0.0,0.0,-0.04534698342667463,0.0,-0.044843994281460506,0.0,0.030120000000001694,0.00037575150262990516,0.0008060057185394973,0.0007515030052598103,0.003618090421898283,-0.08868190957810171,,1,0.07268341763133024,-0.018637644222139333,0.0,0.03282700157236604,11.999988,1787621.0,1787621.0,0.40096273889593437,13.04102001754386,-2670701.0,,0.2702702702702703,37.0
0x5113b2664ff778bed9e64c15e20d4caae11fe446,0.03176047906507609,0.046970278,0,66817.864626,13,1764834399,2.98048996523433e-10,3.9739866203124774e-10,2.98048996523433e-10,2.98048996523433e-10,1.2620539635640212e-06,-0.042288010902764364,2.98048996523433e-10,-0.041287944209724044,0.0,60.431183084999745,0.0009007981710246147,0.0033849081515068876,0.0018015960440002329,-0.08035395312697143,-0.08364838442720483,,1,0.07268341763133024,-0.003996993873595865,2.98048996523433e-10,0.03128838435293953,56.712,,,,1204.604171650598,,,0.558252427184466,171.0
0x84de2a3148dc815ef811d0a9cd11560e622a77b1,0.031751709632420085,0.046904128,0,22.847,3,1764818193,0.0,0.0,0.0,0.0,0.0,0.15735072092710425,0.0,0.15590413917050835,0.0,3.1270000000000007,0.03012756278778583,0.1589041409294008,0.06025512557557166,0.2818771486022004,0.27732714574400025,,1,0.07268341763133024,-0.0005584503596615519,0.0,0.12743031811500888,8.6,,,,21.045371612318842,,,0.42857142857142855,14.0
0x70b9f6301a533f0681c5e8b614510d70a6ce197d,0.031733637877083685,0.046767753,0,327.72839899999997,50,1764623442,0.0014167417012440682,0.0014583035583185613,0.0014167417012440682,0.0014167417012440682,0.01994824508539687,1.2858195539632855,0.0014167417012440682,-0.017257656493382116,0.0,7.1863454041121555,0.09678533284438874,-0.01090232085907306,0.19215392398753342,5.824604525681635,5.820849978995352,,4,0.07268341763133024,0.04076326924309183,0.0014167417012440682,0.043368703290118334,0.999999,2508339.0,2508339.0,0.600316200387568,1.5280338267170763,-1670024.0,,0.28,50.0
0x92eaae11b90549bfbcc320fae5077fb8665b3045,0.03169529652145887,0.046478167,0,1.999996,2,1764820021,0.0020049830370674495,0.003006987044080474,0.0020049830370674495,0.0020049830370674495,0.004252521859618791,-0.09059892880998872,0.0020049830370674495,-0.09359892522296631,0.0,,0.0020049830370674495,-0.08969892522296631,0.0020049830370674495,-0.08818988841320913,-0.09158988841320914,,1,0.07268341763133024,-0.0009463102599128121,0.0020049830370674495,0.047891280133036104,14.433,3705631.0,3705631.0,0.8470126003956167,527.9490855921053,-669311.0,,0.46875,32.0
0xbd84efaf60efa3773968b9b96d1486ec4420f19b,0.03169050102767313,0.046441924,0,32.043936,4,1764895313,3.9807418513926143e-07,5.307628709475901e-07,3.9807418513926143e-07,3.9807418513926143e-07,4.6123081752641276e-05,-0.04474986103219588,3.9807418513926143e-07,-0.04490289641168344,0.0,0.02409049186971171,0.000376107489637492,0.0008031614597304535,0.0007518169050898447,0.003918170699908069,-0.08778184155089419,,1,0.07268341763133024,-0.016921555122996996,3.9807418513926143e-07,0.02962565916807581,10.999998,1798263.0,1798263.0,0.40408279654508056,13.529534439393938,-2651971.0,,0.18421052631578946,38.0
0x7fd295c90d3237ccc591a22a675d38d1ce074279,0.03169050102767313,0.046441924,0,40.079896,4,1764896737,4.985125561374961e-08,6.231383701212527e-08,4.985125561374961e-08,4.985125561374961e-08,1.7669132162677866e-05,-0.04474296782684802,4.985125561374961e-08,-0.04464296665827158,0.0,0.040200749981343334,0.000501054970174965,0.0011576104489783353,0.0010020600890943163,0.005230286629059497,-0.08726972829594239,,1,0.07268341763133024,-0.017223695439166468,4.985125561374961e-08,0.033264097848558674,12.999987,1783227.0,1783227.0,0.40057592025263394,13.6151760921659,-2668431.0,,0.21621621621621623,37.0
0x54b7db855206df0c7cc2820484bba4ec25fceb22,0.03162701773051367,0.04596163,0,16513.335729,156,1764663672,0.0015347865492776696,0.001589600354609015,0.0015347865492776696,0.0015347865492776696,0.006796380788416669,0.9150500807760941,0.0015347865492776696,0.17879681459299582,0.0,25.060951807392406,0.02904483909795012,0.18944331587501761,0.05655489164662257,5.979485469762027,5.977099968165528,-1.0274768734917608,3,0.07268341763133024,0.03198762073412458,0.0015347865492776696,0.05152117212310316,19.84563,33694757.0,33694757.0,7.987202605228805,61.362566064897806,29476164.0,0.0,0.65625,32.0
0xeb5e6da2f89ac0447f403e4faff230f4946c82e7,0.031600149502262385,0.045758072,0,46.05438,9,1764826939,-0.0011115547333829924,-0.0014455560690540005,-0.0011115547333829924,-0.0011115547333829924,-0.004688735078312776,-0.016629956452920824,-0.0011115547333829924,-0.015833476529837888,0.039228447335234916,0.13518499999999942,0.00178094818543091,-0.015066809863171217,0.004673451104244813,-0.04573728212424368,-0.046437282999764025,-0.010049999999999549,1,0.07268341763133024,-0.0024141520487192774,-0.0011115547333829924,0.007467938602904475,4.839999,3780932.0,3780932.0,0.8628600639910905,5.209892531034483,-600928.0,0.0,0.555256064690027,371.0
0xa5b3167da9a68e6eef8f78232e7e6b29c2460476,0.03153921422577676,0.045295797,0,344.827586,2,1764831439,-0.028056110845162314,-0.02905811485217534,-0.028056110845162314,-0.028056110845162314,-0.04109438012094142,0.0,-0.028056110845162314,0.0,0.0,,-0.028056110845162314,0.0,-0.028056110845162314,,,-0.21869998907715038,0,0.07268341763133024,,-0.028056110845162314,0.06951309443084407,99.979999,3837700.0,3837700.0,0.8749167874957824,213.6906212946058,-548660.0,,0.5,174.0
0xbe231eaf5bd1738b5a59ebef369529ce2a73910a,0.03151321914511692,0.045098327,0,1014.1053019999999,8,1764828043,-8.285663323786335e-08,-8.787824737349142e-08,-8.285663323786335e-08,-8.285663323786335e-08,-5.5514885030171935e-05,0.0,-8.285663323786335e-08,0.0,0.0,-32.47970082999999,-0.004027654093488205,0.0,-0.008055225330343174,,,-0.23034920879119922,1,0.07268341763133024,-0.005288728596095685,-8.285663323786335e-08,0.13169937933828366,2.87,2486166.0,2486166.0,0.5672339540092047,8.530812082191781,-1896798.0,,0.4666666666666667,15.0
0x5538dc3ad8a0207d18e31a23ae37df7666a96c08,0.03149941695574717,0.044993415,0,293.111353,2,1764858593,0.0020040046194049603,0.003006008626417985,0.0020040046194049603,0.0020040046194049603,0.004251127336206343,-0.09250000374191764,0.0020040046194049603,-0.0918090456102034,0.0,,0.0020040046194049603,-0.0020090375401273456,0.0020040046194049603,-0.0013909700412414057,-0.0877909779106422,,1,0.07268341763133024,-0.009130408767840388,0.0020040046194049603,0.05723145884340998,23.029998,2891673.0,2891673.0,0.6551860943456846,125.06575930078125,-1521841.0,,0.8333333333333334,30.0
0xbbab6236915659d0bc07ab7f7202ebb821152ea0,0.031496609890217346,0.044972073,0,200.0,2,1764838915,0.0020040080140260497,0.0030060120210390743,0.0020040080140260497,0.0020040080140260497,0.004251142968810016,-0.09119999999999989,0.0020040080140260497,-0.08989548306573751,0.0,,0.0020040080140260497,-0.0036954830657375077,0.0020040080140260497,-0.08799096594365094,-0.08889096613147501,,1,0.07268341763133024,-0.004955186056054667,0.0020040080140260497,0.5280414474982981,38.24912,,,,125.7319093116883,,,0.6666666666666666,3.0
0xe632c4a52e0757392b4c74e22621961b1179aa26,0.03147109086192531,0.044777967,0,90.7,3,1764797211,0.0,0.0003340013356710083,0.0,0.0,0.0005785072831780535,-0.029233333333333337,0.0,-0.030773829600000007,0.0,-90.4,-0.0754843018616478,-6.666666691666675e-05,-0.1509686037232956,-0.00019999970030000204,-0.09232148880000002,-1.0467920989333224,1,0.07268341763133024,-0.029402666048806696,0.0,0.05352068109844976,41.7101,3832676.0,3832676.0,0.8806433260755878,93.3592902921147,-519456.0,,0.4777777777777778,90.0
0x26393f918ba72491733c8077cb28406ea34379ca,0.03146817756375592,0.044755798,0,8042.6372,5,1764834219,-0.02391529568202488,-0.024917299689037904,-0.02391529568202488,-0.02391529568202488,-0.047816099541811416,0.0,-0.02391529568202488,0.0,0.0,,-0.02391529568202488,0.0,-0.02391529568202488,,,-0.17569996045078307,0,0.07268341763133024,,-0.02391529568202488,0.5032870710915445,150.0,8257292.0,8257292.0,1.8813006648227215,123.333333,3868152.0,,0.0,2.0
0x7d3320778860940e24bdb9fd1a93fd3365bec15f,0.03146487734863228,0.044730682,0,1600.0,2,1764824903,-0.024048096168312594,-0.02505010017532562,-0.024048096168312594,-0.024048096168312594,-0.035426191406750136,0.0,-0.024048096168312594,0.0,0.0,,-0.024048096168312594,0.0,-0.024048096168312594,,,0.08559999999999984,0,0.07268341763133024,,-0.024048096168312594,0.02786438463618803,8.0,2524214.0,2524214.0,0.5763277245843669,20.813012202574523,-1855610.0,,0.6310679611650486,206.0
0xd50c3fde859ddd8d95e7ec3079a0ce5eec608862,0.0314514704264142,0.044628624,0,997.591988,5,1764836477,0.0,-9.10846319344676e-05,0.0,0.0,-0.00030210456165977216,-0.041960337098074306,0.0,-0.04113392256841062,0.0,0.3749999950000031,0.0003415947610998646,-0.0012699955605064244,0.0006831895221997292,-0.08558190957810166,-0.08848190957810166,,1,0.07268341763133024,-0.004437898070927439,0.0,0.15496825968984615,5.34,3843680.0,3843680.0,0.8752747985948893,21.50132875027788,-547718.0,,0.4576271186440678,118.0
0xc4f4f2d987637aaf66b8c89c5501b9da3ec94ccc,0.03145084024724457,0.044623826,0,431.930198,9,1764646868,0.0005920197608544591,0.0008880296412816886,0.0005920197608544591,0.0005920197608544591,0.0016447538656520042,-0.031158018245848178,0.0005920197608544591,-0.02630957638330893,0.0,12.573970703999997,0.011225883518504013,0.0002885073432987007,0.021859747276153568,5.430902380638814,5.426506428091711,-0.2188000000000002,2,0.07268341763133024,0.03579280642947803,0.0005920197608544591,0.06364623247109791,7.0,3203505.0,3203505.0,0.7624145334284992,17.449276816425122,-998284.0,,0.375,32.0
0xb22d27e133d7b1188f2cf2abfb8d26c71c883a13,0.03145067145132713,0.04462254,0,2422.352464,10,1764691974,-0.9272059670562295,-0.9282079710632425,-0.9272059670562295,-0.9272059670562295,-2.184034122645814,0.0,-0.9272059670562295,0.0,0.0,,-0.9272059670562295,0.0,-0.9272059670562295,,,-1.039267204174895,0,0.07268341763133024,,-0.9272059670562295,0.2497987007809795,108.4832,93844846.0,93844846.0,22.097284251199994,252.226398332829,89597951.0,0.0,0.5333333333333333,14.0
0x50bb959916732df512b8a70664e308edd4899aa6,0.03143923597945979,0.044535454,0,2659.1,7,1764819325,-0.0005566688927850137,-0.0007422251903800185,-0.0005566688927850137,-0.0005566688927850137,-0.0017247754808864643,-0.028054128701457216,-0.0005566688927850137,-0.027032674877405127,0.0,4.0333333333333075,0.0005659467076647558,-0.0092474903142061,0.0016885623081145254,-0.055640510862218134,-0.05604050606127659,-0.0188999999820183,1,0.07268341763133024,-0.0007986349368412164,-0.0005566688927850137,0.004010355336773002,17.7891,2865573.0,2865573.0,0.6551010162665749,43.713048670007154,-1508673.0,,0.458128078817734,406.0
0xde37959a8f94536e818c61a069bd991e126cb9bf,0.031438080280018287,0.04452665,0,25000.0,4,1764836993,-0.0030060120210390743,-0.004008016028052099,-0.0030060120210390743,-0.0030060120210390743,-0.0070027877379181,0.0,-0.0030060120210390743,0.0,0.0,,-0.0030060120210390743,0.0,-0.0030060120210390743,,,-0.017723684210526336,0,0.07268341763133024,,-0.0030060120210390743,0.1673505384191706,95.6886495,2995230.0,2995230.0,0.6819873977495916,125.60536341666663,-1396684.0,,0.25,20.0
0x1e19f866e0b6ca1d919dffa917ebcb30a95be721,0.03143348674448195,0.04449166,0,1.999998,2,1764827671,-0.017034050588158777,-0.0180360545951718,-0.017034050588158777,-0.017034050588158777,-0.025506833020193548,0.0,-0.017034050588158777,0.0,0.0,,-0.017034050588158777,0.0,-0.017034050588158777,,,-0.08809985478319565,0,0.07268341763133024,,-0.017034050588158777,0.03703810594962983,14.999995,1694131.0,1694131.0,0.38655914125704605,14.675697036363635,-2688461.0,,0.5555555555555556,99.0
0xe598435df0cdf5d22bdd5082d557f75f9180a0a8,0.03137077249748946,0.044013433,0,5614.410514,16,1764827841,6.966690412433924e-08,7.191422353552769e-08,6.966690412433924e-08,6.966690412433924e-08,4.8019443570650603e-05,-0.03671382505444801,6.966690412433924e-08,-0.03597073183241515,0.0,10.211001388796836,0.0019241525107546124,0.001216143298963028,0.0038482353546051007,-0.0658465198757277,-0.06716470246581181,,1,0.07268341763133024,-0.0026055358725850524,6.966690412433924e-08,0.0,62.505,3163812.0,3163812.0,0.7218762962716205,648.9837930399839,-1218950.0,0.0,,0.0
0x0b9168da5620dfab028b53c753a3be88d585ae77,0.03136984470952411,0.04400635,0,4447.779302,12,1764815561,-0.0005094887529809263,-0.0016982958432697542,-0.0005094887529809263,-0.0005094887529809263,-0.005833865339635219,0.6046805288572423,-0.0005094887529809263,0.6042512620768945,0.0,124.62751563428571,0.018010489580212855,0.6049413615717742,0.03653046791340664,7.153682196429542,7.1470999971002,0.12709999999999988,1,0.07268341763133024,0.0,-0.0005094887529809263,0.0,5.2468,4270258.0,4270258.0,0.9770679755688274,102.29078827840908,-100224.0,,,0.0
0x77913ca2d6733d920139c53d29c796b62535d121,0.03133681354044238,0.043754093,0,199.999996,3,1764684800,-0.9139147364108509,-0.9149167404178637,-0.9139147364108509,-0.9139147364108509,-1.4559923117186797,0.0,-0.9139147364108509,0.0,0.0,,-0.9139147364108509,0.0,-0.9139147364108509,,,-1.0125363016001019,0,0.07268341763133024,,-0.9139147364108509,0.009172766620349536,49.999995,3153205.0,3153205.0,0.7437293633236716,72.3913320962801,-1086516.0,,0.7127659574468085,188.0
0xc1be2c95da052feb9a6396b4a2fb50d7ca66b166,0.03130644426468626,0.043521937,0,2.220678,4,1764824981,0.0,0.0003339732100135324,0.0,0.0,0.0005784829251313836,0.0,0.0,0.0,0.0,-0.9135648575000008,-0.00116300296910363,0.0,-0.00232600593820726,,,0.19779996303699413,1,0.07268341763133024,-0.010801516303058619,0.0,0.08141208518234537,5.3873999999999995,2681670.0,2681670.0,0.6122671237849614,11.62133895,-1698232.0,,0.4,25.0
0x9806cca33fb568a29e446b4de34a221190bb9808,0.031303040164015396,0.0434959,0,32.76208,5,1764588780,-2.270622531687879e-05,-2.2754128745817358e-05,-2.270622531687879e-05,-2.270622531687879e-05,-0.004654002768631456,0.0,-2.270622531687879e-05,0.0,0.0,-30.933239999999998,-0.1187573427781956,0.0,-0.23749197933107433,,,-0.02395950919497034,1,0.07268341763133024,-0.022415671237387656,-2.270622531687879e-05,0.19637747933789204,22.999998,2711051.0,2711051.0,0.6542583550309252,147.29537201550386,-1432650.0,0.0,0.29411764705882354,17.0
0x9dfe3b0c6314ec5f36205df22a41f6a0a82874c8,0.03128944827673337,0.043391917,0,3132.63944,10,1764633288,0.0,-1.746691559772713e-17,0.0,0.0,-4.012700570134084e-09,0.0,0.0,0.0,0.0,-908.4167599999997,-0.11377965419472356,0.0,-0.22755930838944713,,,-0.032550605454687326,1,0.07268341763133024,-0.0006594467013024709,0.0,0.07775548150554366,16.613332999999997,1780381.0,1780381.0,0.42509363787719284,240.34548036399218,-2407828.0,,0.43103448275862066,58.0
0xf5591f904a5a10cf7172da29dc726d714fa3a641,0.03128141698012407,0.043330453,0,1000.0,4,1764858897,-0.0010020040070130248,-0.0020040080140260497,-0.0010020040070130248,-0.0010020040070130248,-0.004008016028052099,0.0,-0.0010020040070130248,0.0,1.0,,-0.0010020040070130248,0.0,-0.0010020040070130248,,,-0.00784999909497517,0,0.07268341763133024,,-0.0010020040070130248,0.16337016815560157,4.9999994999999995,1626664.0,1626664.0,0.368538983709795,7.284426573529412,-2787154.0,,0.3333333333333333,15.0
0x96b25553bcfce1f38c7b5663c1f2ed5516117ec0,0.03127348451064726,0.04326973,0,15.206427999999999,4,1764827791,-1.2706888753103634e-06,5.929883821057109e-06,-1.2706888753103634e-06,-1.2706888753103634e-06,0.00028841766441516624,-0.039358261997778185,-1.2706888753103634e-06,-0.038677413661543564,0.0,-0.03039999200676062,-0.0005020607791571643,-0.01766853662612143,-0.0010028508694390182,-0.07652214114310908,-0.07732214201862943,,1,0.07268341763133024,-0.0025949270131689892,-1.2706888753103634e-06,0.7653635566913611,7.6153,40059183.0,40059183.0,9.140272735237907,36.359971218543045,35676471.0,0.0,0.46875,32.0
0xfaab37ef60570779bf3ac6dbf017a286b14ce6f2,0.03125594606731687,0.043135423,0,53676.6852,15,1764834339,0.00022130787632313966,0.0004426157526462672,0.00022130787632313966,0.00022130787632313966,0.0013319048159182137,-0.010030120644655381,0.00022130787632313966,-0.01001885440600561,0.0,-220.46934800000025,-0.0018341998439516552,-0.00019687705168190074,-0.0038897075642264503,-0.08849699248246042,-0.09059699246593642,-0.17650000000000016,1,0.07268341763133024,-0.00585609039766673,0.00022130787632313966,0.05448679354857316,22.999998,3374002.0,3374002.0,0.7686949508573199,357.7143557615034,-1015258.0,,0.44594594594594594,72.0
0x0bfb8009df6c46c1fdd79b65896cf224dc4526a7,0.0312170790600603,0.042837523,0,362.584336,4,1764831133,0.007372266627634802,0.007706293215215515,0.007372266627634802,0.007372266627634802,0.01661248552379576,-0.046228201972895414,0.007372266627634802,-0.04524734713953715,0.0,2.588230174852254,0.009131718027497354,0.01896289905015681,0.010891169427359905,-0.06509990902025443,-0.06649990902025443,,1,0.07268341763133024,-0.0033040231765386345,0.007372266627634802,0.0,19.69236,1966484.0,1966484.0,0.4483492451301329,57.10199021994885,-2419570.0,,,0.0
0x359d474ddc85104640cc8c2823745793075d1210,0.031201972513266375,0.04272164,0,1000.0,2,1764936071,-0.0030060120210390743,-0.004008016028052099,-0.0030060120210390743,-0.0030060120210390743,-0.005668190625080022,0.0,-0.0030060120210390743,0.0,0.0,,-0.0030060120210390743,0.0,-0.0030060120210390743,,,-0.02420000000000002,0,0.07268341763133024,,-0.0030060120210390743,0.17945549631489588,2.9988,1462360.0,1462360.0,0.3256207091885267,4.232013887212644,-3028632.0,,0.18181818181818182,11.0
0x275761b22149e8627603487848edb6537c4fbe80,0.031188843866959103,0.042620886,0,2500.0,2,1764957301,-0.0010020040070130248,-0.0020040080140260497,-0.0010020040070130248,-0.0010020040070130248,-0.002834095312540011,0.0,-0.0010020040070130248,0.0,1.0,,-0.0010020040070130248,0.0,-0.0010020040070130248,,,-0.007700000000000007,0,0.07268341763133024,,-0.0010020040070130248,0.3306244436593432,19.999999,5266626.0,5266626.0,1.167191241920278,26.78093188888889,754404.0,,0.5555555555555556,9.0
0x114af7edd8f67ef82807e1efcd25b2276ff2b24e,0.03118322143649111,0.042577725,0,33.222587,2,1764810373,-0.9038076124859677,-0.904809616492981,-0.9038076124859677,-0.9038076124859677,-1.2795940310099725,0.0,-0.9038076124859677,0.0,0.0,,-0.9038076124859677,0.0,-0.9038076124859677,,,-1.0509093488654933,0,0.07268341763133024,,-0.9038076124859677,0.11379833556373574,34.999998500000004,1552612.0,1552612.0,0.3556718058394234,45.11691497333333,-2812682.0,,0.5806451612903226,31.0
0x0673528af8098c1af94a931a6fa3c837a4f5994e,0.031168945086258518,0.042468097,0,11.772,2,1764833699,0.018036072126234447,0.019038076133247473,0.018036072126234447,0.018036072126234447,0.026923905469130104,-0.07436308047266228,0.018036072126234447,-0.07260373248749319,0.0,,0.018036072126234447,0.020196267512506822,0.018036072126234447,-0.0700058100239051,-0.07157454028087515,,1,0.07268341763133024,-0.0038484698417709834,0.018036072126234447,0.024056665257480143,35.18235,5105622.0,5105622.0,1.1633775537640534,115.33825123611113,717002.0,,0.46564885496183206,131.0
0xa38e3ee734ca54ee2c926c6dfccd0392c28b5062,0.03115824536907474,0.042385902,0,1995.0,2,1764850417,0.0,0.0,0.0,0.0,0.0,-0.04570000354145731,0.0,-0.04524774153286876,0.0,1.0000000000000009,0.0001252505008766281,0.0005022589166812457,0.0002505010017532562,0.0026090338685249943,-0.08949096613147502,,1,0.07268341763133024,-0.0073956480761257805,0.0,0.0,49.95149,3448808.0,3448808.0,0.782870236063612,180.93238428950053,-956530.0,,,0.0
0xeff2990f09e847bcedd0f88cfd8cc7ac0222ac29,0.03114500948750143,0.042284187,0,3012.0,14,1764878033,0.0,0.0,0.0,0.0,0.0,0.0,0.0,0.0,1.0,0.7500000000000189,0.00012525050087663111,0.0,0.00025050100175326223,,,-0.008000000000000007,1,0.07268341763133024,-0.015583990127819781,0.0,0.17091977332110575,2.0,3557616.0,3557616.0,0.8025384427629974,4.34665079710145,-875338.0,,0.25,12.0
0xb20d26cc96515f773073dd270aab7e12bcb4db55,0.031125315535980393,0.042132765,0,33596.92828,9,1764825259,0.0,-4.515750743692737e-20,0.0,0.0,-9.512938914817197e-12,-0.03792491728027078,0.0,-0.035694977953480395,0.0,189.2778899999998,0.0023494688063215607,-0.0346449779534804,0.004698937612643121,-0.06959827766451984,-0.07009827766451984,,1,0.07268341763133024,-0.0020576943723395634,0.0,0.3333424603725437,33.55,12925744.0,12925744.0,2.950961832618751,446.3319917226981,8545564.0,,0.6666666666666666,8.0
0xdd3a0c8cbee74fc3ac012b0aae51408450211745,0.03110673297284093,0.041989803,0,185.304,24,1764823549,0.0,0.0,0.0,0.0,0.0,-0.046772972290049356,0.0,-0.043814464266614714,0.0,-0.034857142857142816,-0.0005877138887287924,-0.02844715309371747,-0.0011754277774575848,-0.04970207900052105,-0.08548820635605386,,2,0.07268341763133024,-0.0016948713803102116,0.0,0.9438376715687196,5.88,,,,83.82140863076923,,,0.4827586206896552,29.0
0xfcfbf76b6f8a3787152e05f2bb70cd36f4ab1f69,0.031069653243272637,0.04170429,0,10756.692000000001,8,1764830903,0.010238629243885416,0.01124063325089844,0.010238629243885416,0.010238629243885416,0.025721064757313693,-0.08238165308638404,0.010238629243885416,-0.08063917948017073,0.0,,0.010238629243885416,0.010062789659289906,0.010238629243885416,-0.0718337029018842,-0.0761625296345157,,1,0.07268341763133024,-0.0032552224232247455,0.010238629243885416,0.057402317507006924,57.7024,4463502.0,4463502.0,1.0177111530239245,271.8368734443225,77678.0,,0.4126984126984127,63.0
0x84f831a945c64c5fe0a5fc9e543ff08f1026d348,0.031048536431857798,0.041541543,0,39917.9895,7,1764835713,9.989616691120793e-10,1.498442503668147e-09,9.989616691120793e-10,9.989616691120793e-10,2.122342144627527e-06,-0.04614664552419075,9.989616691120793e-10,-0.04478855862230596,0.0,20.186639999999386,0.0002520719938483514,0.0005114639589229015,0.0005041429887350337,-0.0855445685317332,-0.0891445666801179,,1,0.07268341763133024,-0.004275794699049998,9.989616691120793e-10,0.06789152012340581,53.452,10441236.0,10441236.0,2.3780702285820228,984.6920410688936,6050602.0,,0.6842105263157895,114.0
0x2d9ad4d1cc6a2f9f786fdb3fd1525328ad747991,0.031038820128030244,0.041466624,0,2391.2,8,1764724093,-0.1196446946752308,-0.12064669868224384,-0.1196446946752308,-0.1196446946752308,-0.5746040029925902,0.0,-0.1196446946752308,0.0,0.0,,-0.1196446946752308,0.0,-0.1196446946752308,,,-0.639765654347967,0,0.07268341763133024,,-0.1196446946752308,0.021573573484214383,29.4,2151438.0,2151438.0,0.5027882591643776,151.2003696578532,-2127576.0,,0.628125,316.0
0x9b8a536de834b1a5de6655645bc0a0b718200724,0.031030808602568117,0.041404832,0,2500.0,2,1764861765,-0.0010020040070130248,-0.0020040080140260497,-0.0010020040070130248,-0.0010020040070130248,-0.002834095312540011,0.0,-0.0010020040070130248,0.0,1.0,,-0.0010020040070130248,0.0,-0.0010020040070130248,,,-0.007999996395223863,0,0.07268341763133024,,-0.0010020040070130248,0.03468940139141024,39.6825,2385518.0,2385518.0,0.5401149187422425,124.16016323776222,-2031168.0,,0.5263157894736842,57.0
0x533ac16ebcffe4deb3e4f0aa3304f83d73923d56,0.031023672993559123,0.041349784,0,853.333331,4,1764832933,-0.012429112227266453,-0.013431116234279481,-0.012429112227266453,-0.012429112227266453,-0.03239779293992074,0.0,-0.012429112227266453,0.0,0.0,,-0.012429112227266453,0.0,-0.012429112227266453,,,-0.14839998631498325,0,0.07268341763133024,,-0.012429112227266453,0.2000000000000043,9.999998,1462604.0,1462604.0,0.33333014270757416,8.571427000000002,-2925250.0,,0.0,5.0
0x09f9a9ddfad904bb0f41316a8c79c1cce1faa73c,0.031008483788823465,0.041232564,0,113.41057,18,1764818269,-0.0005859870067135924,-0.0007324837583919945,-0.0005859870067135924,-0.0005859870067135924,-0.0027070386215454494,-0.014604156254973296,-0.0005859870067135924,-0.014281652046739826,0.0,0.025827999999999695,-4.078266919922322e-05,-0.003760758714239426,0.000504421668315146,-0.06086621841016504,-0.060849555195633225,0.11295000000000044,1,0.07268341763133024,-0.0005745758259739675,-0.0005859870067135924,0.07242383743568036,1.94,2123732.0,2123732.0,0.48562536729481226,4.52284008098744,-2249458.0,0.0,0.15517241379310345,116.0
0xf4540b2d0b4506d6dbd5b63a5ee084decacde5a9,0.031004363101758158,0.041200753,0,5.999997,6,1764924371,-0.002004006514026083,-0.0030060105210391076,-0.002004006514026083,-0.002004006514026083,-0.007363191937983612,0.0,-0.002004006514026083,0.0,0.0,,-0.002004006514026083,0.0,-0.002004006514026083,,,-0.01609998787430027,0,0.07268341763133024,,-0.002004006514026083,0.19723185996338505,1.0,2046806.0,2046806.0,0.4569485534767548,2.4984739629629633,-2432486.0,,0.0,9.0
0x6a5590195e201a81e3b7e9f70c7857295b959068,0.031004363101758158,0.041200753,0,12000.0,7,1765118569,0.0,-0.0010020040070130248,0.0,0.0,-0.00252426059750654,0.0,0.0,0.0,1.0,,0.0,0.0,0.0,,,3.3306690738754695e-17,0,0.07268341763133024,,0.0,0.1936770113281648,15.325,2268078.0,2268078.0,0.4853071259380035,23.448442521428568,-2405412.0,,0.0,7.0
0xa2041e3592be38a9c35bb694781b3643c8113f9d,0.03098205911665882,0.041028503,0,4000.0,6,1764834573,0.0,0.0,0.0,0.0,0.0,0.0,0.0,0.0,0.0,-19.000000000000014,-0.0011898797583279673,0.0,-0.0023797595166559346,,,-0.08145875895998794,1,0.07268341763133024,-0.004493064139890967,0.0,0.19512797971361123,20.0,3359496.0,3359496.0,0.7653492634914184,73.11895136363636,-1029998.0,0.0,0.0,9.0
0x16a13d1215ffa55f08666c29dc03ca86b91e863a,0.03096433863279497,0.040891565,0,1422.55812,14,1764808489,-0.8879149005524587,-0.8889169045594716,-0.8879149005524587,-0.8879149005524587,-2.8747862026202853,0.0,-0.8879149005524587,0.0,0.0,,-0.8879149005524587,0.0,-0.8879149005524587,,,-1.0512948099740487,0,0.07268341763133024,,-0.8879149005524587,0.9346542551739099,224.9999945,,,,215.99999675,,,0.0,2.0
0xb9a72de00bcb0d86d2e21abd620d15d28b1fb64d,0.03095868551191522,0.040847864,0,516.408416,6,1764785103,1.4067868152433903e-05,1.4147871711040001e-05,1.4067868152433903e-05,1.4067868152433903e-05,0.003540431465344896,3.5270770558015174,1.4067868152433903e-05,-0.04648000623675458,0.0,151.8470897381808,0.11013288171029735,-0.04623000224457699,0.22025169555244228,7.054735386676187,7.051835386676186,,1,0.07268341763133024,0.006462492801888886,1.4067868152433903e-05,0.05224470628440385,19.999999,4770952.0,4770952.0,1.0992916168205522,50.66296214103525,430928.0,,0.5235849056603774,212.0
0x7f0fc16d69ee986d9e67c464b126ba66f6816724,0.030953960325523243,0.04081133,0,4535.774747,8,1764832771,-8.803690915400235e-09,-9.797566876695826e-09,-8.803690915400235e-09,-8.803690915400235e-09,-1.3912394060138415e-05,0.0,-8.803690915400235e-09,0.0,0.0,-65.18691193820744,-0.0033927457523261133,0.0,-0.0067854827009613105,,,-0.2006000000000002,1,0.07268341763133024,-0.0073150207445637026,-8.803690915400235e-09,0.30418842479409586,63.46175,,,,55.115224346153845,,,0.5,4.0
0xafa7daede8e0d4d023bc128f8222a92f43c1dfac,0.030917235909036025,0.040527202,0,55.865914000000004,2,1764815605,-0.8957915817315671,-0.8967935857385803,-0.8957915817315671,-0.8957915817315671,-1.2682576516006991,0.0,-0.8957915817315671,0.0,0.0,,-0.8957915817315671,0.0,-0.8957915817315671,,,-1.055601371998673,0,0.07268341763133024,,-0.8957915817315671,0.17706886230639704,24.5106,1405716.0,1405716.0,0.3216354278638315,57.25167651325301,-2964810.0,,0.2727272727272727,11.0
0x4613fb4e44e63b0181508e40d7769b0117c58c44,0.030886819420971906,0.04029163,0,3549.266536,9,1764891779,-0.00020090851429960507,-0.0004018170285992101,-0.00020090851429960507,-0.00020090851429960507,-0.0008973541917687527,-0.03514833309748819,-0.00020090851429960507,-0.03470524380068633,0.0,0.8547050100000014,9.950405638773206e-05,0.0019120079393351464,0.0003999166270750692,0.005588530396852936,-0.08668646960314709,,2,0.07268341763133024,-0.016171720939469666,-0.00020090851429960507,0.2201957982484189,60.5995015,,,,283.63594176282055,,,0.875,8.0
0xff1768108a73e93f661ac38f0d43ec1bbac35745,0.030839452099080764,0.039924327,0,5454.715462,44,1764785553,8.275215549367967e-08,8.28456930801828e-08,8.275215549367967e-08,8.275215549367967e-08,0.00027115119383999843,0.5007908277053932,8.275215549367967e-08,0.48976079095082625,0.0,31.670571069728254,0.018406743611296583,0.49000180025129564,0.036813404470437676,7.0694735218943165,7.067373521894317,-1.0453007738575217,1,0.07268341763133024,0.0022630818906345415,8.275215549367967e-08,0.10991763715554019,28.29,,,,126.25312647826087,,,0.5689655172413793,54.0
0xedf305d61499143b0a63a68662301d292175eac3,0.030828298977313835,0.039837763,0,4951.1707400000005,7,1764830093,0.0,6.834880016501926e-20,0.0,0.0,1.4333782296367047e-11,0.0,0.0,0.0,0.0,-52.99999999999997,-0.002655310618584512,0.0,-0.005310621237169024,,,-0.14560002296153857,1,0.07268341763133024,-0.004128543730355045,0.0,0.05114116019157845,19.876,3262568.0,3262568.0,0.7440268149656991,150.57689739716312,-1122446.0,,0.5735294117647058,68.0
0xe8a68017820cc850b4d13cfd8a165eb438b4644b,0.03082759546855487,0.0398323,0,923.275,9,1764818591,0.0443739502313977,0.04604629361966377,0.0443739502313977,0.0443739502313977,0.11608585613714412,0.05965313546849662,0.0443739502313977,0.059596601633913816,0.0,98.38416000000004,0.054887452141102085,0.07078266382569663,0.06540095405080647,0.06538430290783932,0.061959302907839325,,1,0.07268341763133024,-0.0006428968806134127,0.0443739502313977,0.0,1.18,7771215.0,7771215.0,1.7768820572574169,11.370844155190866,3397703.0,,,0.0
0x0027bd901add76f4511ddfa6fa7c5ba09c2ae856,0.030808028224159907,0.039680354,0,200.099796,4,1764851777,1.9900279175867525e-09,3.980031923443614e-09,1.9900279175867525e-09,1.9900279175867525e-09,2.824192590856145e-06,-0.04600008473026542,1.9900279175867525e-09,-0.045800084331115334,0.0,0.05010060199761614,0.00012525374715111474,3.6927125338782905e-09,0.00025050550427431186,0.0013030231924886808,-0.09059697920680483,,1,0.07268341763133024,-0.007684209052242692,1.9900279175867525e-09,0.12608239338982075,11.2574,1634780.0,1634780.0,0.37097618216632955,20.075158344827585,-2771918.0,,0.2857142857142857,14.0
0x1ef78c6dfb563678d0fae9530940bfb2971dd00e,0.030797554896760556,0.039598987,0,1035.989998,8,1764834643,-4.935503658882817e-09,-1.4806525753568216e-08,-4.935503658882817e-09,-4.935503658882817e-09,-6.671474514323094e-06,0.0,-4.935503658882817e-09,0.0,0.0,-1.3299890030150059,-0.00016412573301507222,0.0,-0.0003282465305264855,,,-0.009699918551797776,1,0.07268341763133024,-0.007221238427325706,-4.935503658882817e-09,0.11506400642785335,3.499999,3518652.0,3518652.0,0.801594873659434,7.648066941091954,-870912.0,,0.4375,144.0
0x42a4772acbb65c5ac5a9c1731ea066dfdfa4554a,0.030797554896760556,0.039598987,0,624.279364,12,1764826263,1.1008962299745138e-05,2.2017924599490276e-05,1.1008962299745138e-05,1.1008962299745138e-05,0.00021005736680630797,0.0,1.1008962299745138e-05,0.0,0.0,-31.92708944000001,-0.002893941428870116,0.0,-0.005798891820039977,,,-0.1865000000000006,1,0.07268341763133024,-0.005107104922892688,1.1008962299745138e-05,0.10275755153975528,8.0,2919089.0,2919089.0,0.6662785676200771,38.88953130973451,-1462095.0,,0.46,50.0
0x18d47458657d5728d23324abcc2f463b0b903f5f,0.030787453575417546,0.039520483,0,33.9256,3,1764834859,-0.018337502509680213,-0.019339506516693236,-0.018337502509680213,-0.018337502509680213,-0.032703701475067015,0.0,-0.018337502509680213,0.0,0.0,,-0.018337502509680213,0.0,-0.018337502509680213,,,-0.13729686844073405,0,0.07268341763133024,,-0.018337502509680213,0.05293056976269466,10.0,1812977.0,1812977.0,0.4129995125040435,30.743600584988965,-2576803.0,,0.4782608695652174,69.0
0x497f2a969ff34a29cd5a7763726a2baf12d3da80,0.030787453575417546,0.039520483,0,2.0,2,1764878147,-0.0010020040070130248,-0.0020040080140260497,-0.0010020040070130248,-0.0010020040070130248,-0.0028340953125400112,0.0,-0.0010020040070130248,0.0,1.0,,-0.0010020040070130248,0.0,-0.0010020040070130248,,,-0.008000000000000007,0,0.07268341763133024,,-0.0010020040070130248,0.02902293599925422,29.184999,2188638.0,2188638.0,0.49370729255675755,48.21609660273973,-2244430.0,,0.47435897435897434,78.0
0xb041d8b5bf7324acc4914721b98fd5a79af323a7,0.030787453575417546,0.039520483,0,27.027027,2,1764829419,-0.03607212712421168,-0.03707413113122471,-0.03607212712421168,-0.03607212712421168,-0.05243073905897655,0.0,-0.03607212712421168,0.0,0.0,,-0.03607212712421168,0.0,-0.03607212712421168,,,-0.2752998614425948,0,0.07268341763133024,,-0.03607212712421168,0.0948680207789563,9.9999915,2282808.0,2282808.0,0.5206731229786011,21.066353495762712,-2101532.0,0.0,0.4166666666666667,60.0
0xc4d1a863e9cc45d02ba22d3a1ae9ba7822018ce8,0.030786261646126734,0.03951122,0,283494.990371,41,1764827067,0.009977711789879391,0.010979715796892416,0.009977711789879391,0.009977711789879391,0.059410234519953954,-0.08209346025321655,0.009977711789879391,-0.08083035055723989,0.0,,0.009977711789879391,-0.010979537076980185,0.009977711789879391,-0.05252722028753624,-0.06871746507573676,,1,0.07268341763133024,-0.0024413107288243983,0.009977711789879391,0.0,251.49,14560133.0,14560133.0,3.3227231567042175,5868.835844287656,10178145.0,0.0,,0.0
0x75355768575e9247efd826de58447759d6355ec3,0.030781814950820212,0.03947665,0,1.683,2,1764928619,0.0010020040070130248,0.0020040080140260497,0.0010020040070130248,0.0010020040070130248,0.0028340953125400117,-0.08899699248246055,0.0010020040070130248,-0.09360300726800029,0.0,,0.0010020040070130248,-0.0011030074742440766,0.0010020040070130248,0.0008030075175394736,-0.09159699227034608,,1,0.07268341763133024,-0.023988328557224825,0.0010020040070130248,0.2373533898847155,1.068243,6578835.0,6578835.0,1.4673305022370715,49.62047866666667,2095295.0,,0.4666666666666667,15.0
0x01d8566a61939ce08c946cbc93fbb8a5657e375b,0.030780015172082533,0.03946266,0,5.31,4,1764630732,0.0,0.0,0.0,0.0,0.0,0.0,0.0,0.0,0.0,-4.4350000000000005,-0.11109719427756902,0.0,-0.22219438855513804,,,0.024854032638966815,1,0.07268341763133024,-0.0029390784126260704,0.0,0.049400526757332794,1.199998,3843350.0,3843350.0,0.9182199288856482,2.2556741550295856,-342303.0,0.0,0.4852941176470588,68.0
0x70b680d8035b3255fe61488affd10bbd3498aa2f,0.03076677249042404,0.03935968,0,13.8995,5,1764524756,0.0,0.0,0.0,0.0,0.0,0.04332716635831792,0.0,0.04132706635331765,0.0,-1.2968333333333293,-0.0024365571961624064,0.04200210010500524,-0.004873114392324813,0.41810004906668286,0.4133000490666829,,2,0.07268341763133024,0.06170218724976353,0.0,0.0,1.941176,3639141.0,3639141.0,0.8920169415372835,4.9395745698227405,-440536.0,,,0.0
0xc7c28ffe1895f9c44d66d76ef23f0c1b39e82f69,0.030761006800351924,0.039314833,0,40731.97856,6,1764858531,-0.00024861753557466027,-0.0010095378717274086,-0.00024861753557466027,-0.00024861753557466027,-0.0026160825367203713,0.0,-0.00024861753557466027,0.0,1.0,33.00000000000003,-0.0001864631516809952,0.0,-0.00012430876778733014,,,-0.007700000323093525,1,0.07268341763133024,-0.012955539118896034,-0.00024861753557466027,0.7503126580024857,20.573319,4732171.0,4732171.0,1.0722153543303519,88.23874124137932,318719.0,,0.0,2.0
0x2bf309dd001df4f9b1f90c26432d6ff457a38c3d,0.030753711988993692,0.039258078,0,455.059996,2,1764834217,0.0200400841843086,0.021042088191321626,0.0200400841843086,0.0200400841843086,0.029758006500817797,-0.07205018380065276,0.0200400841843086,-0.07028539046482998,0.0,,0.0200400841843086,0.016814609535170028,0.0200400841843086,-0.0668113821223259,-0.06925304283508996,,1,0.07268341763133024,-0.003958377625321395,0.0200400841843086,0.024251945652037737,45.1155,41819840.0,41819840.0,9.528030333063121,285.0463257319461,37430702.0,0.0,0.7926829268292683,570.0
0xb6f59a265e83fb916f4566f3df9328eaa8954c56,0.030745603714802488,0.03919498,0,23.985752,12,1764835715,0.0002862723369414322,0.00042938314505601904,0.0002862723369414322,0.0002862723369414322,0.0016112197869449583,-0.05142484251696749,0.0002862723369414322,-0.05183926239087224,0.0,-0.007025533999999888,3.56815573873557e-05,0.000258910648886763,-0.00021490922216672078,-0.019438416826423246,-0.08896344178135714,,2,0.07268341763133024,-0.00427621905342664,0.0002862723369414322,0.03234050749660327,1.999998,2239110.0,2239110.0,0.5099739536595609,2.6554424871382634,-2151526.0,0.0,0.3695652173913043,46.0
0xb8a4d26a4d719d4ce416bbbb63bfa88a0303418e,0.030715429149888007,0.038960017,0,154.35,3,1764833405,0.001336005342684033,0.0016700066783550415,0.001336005342684033,0.001336005342684033,0.0028925364158902673,-0.0304,0.001336005342684033,-0.029492452645571397,0.0,-3.600000000000003,-0.0006680026713420167,0.0005075271207700527,-0.0026720106853680664,-0.08403920025585691,-0.0874698107867301,-0.2153999996761609,1,0.07268341763133024,-0.004105204239639706,0.001336005342684033,0.08412652345544819,11.819175000000001,4828232.0,4828232.0,1.1002446035230746,14.269877413636364,439906.0,,0.6666666666666666,27.0
0x5ecde7348ea5100af4360dd7a6e0a3fb1d420787,0.030701786534886925,0.038853712,0,184597.482438,78,1764474667,-1.3800323198464816e-05,-2.760064639692963e-05,-1.3800323198464816e-05,-1.3800323198464816e-05,-0.00023518485617009057,0.1711781008407177,-1.3800323198464816e-05,0.17196481343788841,0.0,582.704320083917,0.016126878105425714,0.18390044797223415,0.0322675565340499,0.20867584737584832,0.20710561685000708,-0.023324908558228614,1,0.07268341763133024,0.0007994836455945014,-1.3800323198464816e-05,0.0,22.39887,14243699.0,14243699.0,3.534777997155044,1039.9712347833895,10214111.0,,,0.0
0x91c702f141502ecf64a18dd8b4fb07037b6a28cc,0.030688805302934778,0.03875252,0,25813.760079,7,1764820263,0.0045175738111685486,0.005505450581158063,0.0045175738111685486,0.0045175738111685486,0.008879425569244046,-0.08770362536092755,0.0045175738111685486,-0.08892093376817031,0.0,-1.098000000000001,0.004506978383400916,-0.08566985492629954,0.004496382955633284,-0.08514051895746522,-0.08752385229079855,,1,0.07268341763133024,-0.0009976571394865567,0.0045175738111685486,0.020299524592705422,87.802605,45870203.0,45870203.0,10.484176894046056,1218.2099468393544,41495019.0,0.0,0.9163498098859315,252.0
0xea2f794a7f0ce05e4bbd357b3ccbb3bd2048a8ef,0.030682784340208366,0.03870557,0,210.64668,5,1764818241,0.0,0.0,0.0,0.0,0.0,0.07956580749767472,0.0,0.07811580463947451,0.0,8.35184,0.016009674674647333,0.0805601387993032,0.032019349349294665,0.16371302231931575,0.1583130166029153,,1,0.07268341763133024,-0.0005686348647009723,0.0,0.176953949709348,1.58439,40722442.0,40722442.0,9.311898804572069,64.60066432938478,36349280.0,0.0,0.2571428571428571,35.0
0xee4cc492b23466112017a6c0782886489e6383e6,0.030661055236326958,0.038536057,0,2.999996,2,1764983699,3.336676680887634e-07,0.0010023376746811136,3.336676680887634e-07,3.336676680887634e-07,0.0014175195336115422,-0.00019963449544128912,3.336676680887634e-07,-0.08999963319934115,0.0,,3.336676680887634e-07,-9.96331993411394e-05,3.336676680887634e-07,-9.96331993412506e-05,-0.08999963319934126,,1,0.07268341763133024,-0.035675048089959735,3.336676680887634e-07,0.08218165432074376,396.395,,,,651.6649959787235,,,0.44,25.0
0x14ac98627779a0a74c6cdf3ccb2e31e1b1c4dd9f,0.030660060895528418,0.038528297,0,10077.679998,11,1764830567,-1.7511961207432147e-08,-1.963462317196931e-08,-1.7511961207432147e-08,-1.7511961207432147e-08,-2.6980306345492992e-05,0.0,-1.7511961207432147e-08,0.0,0.0,-180.74068604066701,-0.004159531429700101,0.0,-0.008319045347438995,,,-0.2675000229615387,1,0.07268341763133024,-0.018463234573339257,-1.7511961207432147e-08,0.022960000192232887,110.7499995,4753454.0,4753454.0,1.083905371534479,209.72115273664124,367966.0,,0.515625,128.0
0x78da0a7a418f954005c2fdcc8aa86c132553064f,0.030648923834979875,0.038441367,0,50.613065000000006,7,1764782279,0.00014813329294148896,0.0001489955356245011,0.00014813329294148896,0.00014813329294148896,0.01135738186804075,3.415410582340617,0.00014813329294148896,-0.13470029952230603,0.0,16.50410744,0.10690391633708861,-0.13450026246178345,0.21365969938123575,6.816445176796854,6.813845176796855,,1,0.07268341763133024,0.00706168118170812,0.00014813329294148896,1.0,1.0,,,,4.059272555555555,,,0.0,1.0
0x5607e051300abf498a988eab909dde03c899fd15,0.030646880119528506,0.038425412,0,16051.897576,5,1764851375,-6.414153546701421e-10,0.00020037355378851006,-6.414153546701421e-10,-6.414153546701421e-10,0.0004496812882789736,-0.037282566295854705,-6.414153546701421e-10,-0.03614010848076458,0.0,-3.217569298001916,-0.00010020450638324232,0.00036121624827339087,-0.00020040837135112998,0.0008686718681027361,-0.060231328160987474,,2,0.07268341763133024,-0.0075989138225375456,-6.414153546701421e-10,0.02836424213782321,76.0,32181158.0,32181158.0,7.303448973922769,1146.6253232786646,27774862.0,0.0,0.6666666666666666,102.0
0x8979f8b442b8e79bbb886b28d60abe611ed5f003,0.03062198249336438,0.038230952,0,9722.931069,22,1764625084,-0.16028044957362678,-0.16491163592220484,-0.16028044957362678,-0.16028044957362678,-0.6397324509688509,0.0,-0.16028044957362678,0.0,0.0,-143.02580156444444,-0.18184366877861868,0.0,-0.20340688798361062,,,0.01509502761342512,2,0.07268341763133024,0.03833723527182656,-0.16028044957362678,0.05752189348831522,18.09597,3127393.0,3127393.0,0.7481792485894155,146.17629576635514,-1052612.0,,0.41353383458646614,133.0
0x1e55408f217f58facdf1d663c74cfa7f55e9e3e2,0.030618790623461765,0.03820601,0,2561.3739,5,1764830367,0.02300734925459588,0.024009353261608902,0.02300734925459588,0.02300734925459588,0.05336611887205454,-0.06930640419079945,0.02300734925459588,-0.06598715870800873,0.0,,0.02300734925459588,0.030505108207805488,0.02300734925459588,-0.06185365119597789,-0.0639736511959779,,1,0.07268341763133024,-0.0031414954502845508,0.02300734925459588,0.0,49.999999,7830059.0,7830059.0,1.7855290234073566,431.4269609129326,3444771.0,0.0,,0.0
0xf310f928d137c1887d4db5b74b9a5be71d6a9f74,0.030612326345908172,0.038155492,0,76258.3325,3,1764854353,-0.0029398760767654583,-0.003941880083778483,-0.0029398760767654583,-0.0029398760767654583,-0.006072383022129812,0.0,-0.0029398760767654583,0.0,0.0,,-0.0029398760767654583,0.0,-0.0029398760767654583,,,-0.023452169518654743,0,0.07268341763133024,,-0.0029398760767654583,0.5028326975667107,50.976354,25828084.0,25828084.0,5.857672714374294,77.90219774626866,21418810.0,,0.5,2.0
0x2ed22d06f2d192baaea3881736959e89eef7c572,0.030607059992793773,0.038114328,0,1652.728192,12,1764818729,-5.802352250690694e-08,-5.900697221452778e-08,-5.802352250690694e-08,-5.802352250690694e-08,-5.9561000161557055e-05,0.0,-5.802352250690694e-08,0.0,0.0,-78.32236908003475,-0.00577932805460161,0.0,-0.011558598085680714,,,-0.12760000119400083,1,0.07268341763133024,-0.009930316767811533,-5.802352250690694e-08,0.5789738908892816,4.999999,4488646.0,4488646.0,1.0262929132418004,10.107211058823529,114996.0,0.0,0.2,5.0
0x95c050610db7c3732368d888884a30df4dcff722,0.03060475069968403,0.038096275,0,40.059916,4,1764898315,2.38026843984577e-08,3.17368166488575e-08,2.38026843984577e-08,2.38026843984577e-08,1.1278422882354355e-05,-0.045497325109963765,2.38026843984577e-08,-0.045650344959337216,0.0,0.03012036399423771,0.00037577687086126144,2.367486194619167e-08,0.0007515299390381244,0.003618137936034871,-0.08828187639474736,,1,0.07268341763133024,-0.01755851104233741,2.38026843984577e-08,0.031236322422426528,11.999970000000001,1856883.0,1856883.0,0.4169738590094933,13.747994540983607,-2596353.0,,0.20454545454545456,44.0
0xa966c7bcc878b9b319765b946f8151df220e208b,0.030594344772321615,0.03801491,0,513.309888,10,1764784417,-0.009644194742478105,-0.009936443068007748,-0.009644194742478105,-0.009644194742478105,-0.026019842279269807,2.451359147008949,-0.009644194742478105,-0.07653572279131969,0.0,142.11858587499998,0.06452527221117582,-0.07635863874861232,0.13869473916482974,6.930799997961818,6.927899997961818,-0.22060000000000018,1,0.07268341763133024,0.006608046353077269,-0.009644194742478105,0.0,9.999999,3701642.0,3701642.0,0.85304302176968,23.059917038197092,-637696.0,,,0.0
0x7b6b2203e19972a8b0fbbdd488737af1264fb965,0.030561175037718272,0.037755378,0,14.7,2,1764877711,-0.0010020040070130248,-0.0020040080140260497,-0.0010020040070130248,-0.0010020040070130248,-0.0028340953125400112,0.0,-0.0010020040070130248,0.0,1.0,,-0.0010020040070130248,0.0,-0.0010020040070130248,,,-0.008000000000000007,0,0.07268341763133024,,-0.0010020040070130248,0.08540273469262354,4.999998,2435588.0,2435588.0,0.5494676751871123,68.59685024817519,-1997044.0,,0.4807692307692308,52.0
0x93c0f1a6fb26f241cf57414dee2f42aa815e2e30,0.03056100420392682,0.03775404,0,121.206059,5,1764833427,-1.5026820853084216e-06,-1.6529503721065028e-06,-1.5026820853084216e-06,-1.5026820853084216e-06,-0.00023378761664409885,0.0,-1.5026820853084216e-06,0.0,0.0,-1.8179990530946735,-0.0037588279160217287,0.0,-0.0075161531499581494,,,-0.25029987343344656,1,0.07268341763133024,-0.004440019842810652,-1.5026820853084216e-06,0.31470651821547324,9.862679,4750366.0,4750366.0,1.0824952806842119,19.5571714601227,362018.0,0.0,0.07692307692307693,26.0
0xe6266639b0f2fe7019b5a04f02f60d8a13276771,0.0305484264307374,0.037655555,0,25947.749992,6,1764820385,-7.712553810194665e-09,2.570851648972565e-10,-7.712553810194665e-09,-7.712553810194665e-09,5.075434977542607e-07,-0.046392677308810644,-7.712553810194665e-09,-0.04633977865166828,0.0,-251.78702644400062,-0.003641473733637245,-0.04493977829246894,-0.00728293975472068,-0.08939548289346257,-0.09159548289346257,,1,0.07268341763133024,-0.0010235427564617501,-7.712553810194665e-09,0.0,50.0,4147620.0,4147620.0,0.9479611254618534,1098.901900093899,-227686.0,,,0.0
0xaa39a64f274a9185c5641042ff32a21e303cfd1a,0.03054486482100687,0.03762766,0,1920.0,2,1764937895,-0.004008016028052099,-0.005010020035065124,-0.004008016028052099,-0.004008016028052099,-0.007085238281350027,0.0,-0.004008016028052099,0.0,0.0,,-0.004008016028052099,0.0,-0.004008016028052099,,,-0.03210000000000003,0,0.07268341763133024,,-0.004008016028052099,0.0,4.249999,1310900.0,1310900.0,0.29177691674887196,4.478609779952267,-3181916.0,,,0.0
0x768195cffc7d603847eee695102523f20fe2ac03,0.03054486482100687,0.03762766,0,5000.0,3,1764916347,-0.0020040080140260007,-0.0030060120210390253,-0.0020040080140260007,-0.0020040080140260007,-0.004852121425723943,0.0,-0.0020040080140260007,0.0,0.0,,-0.0020040080140260007,0.0,-0.0020040080140260007,,,-0.016000000000000014,0,0.07268341763133024,,-0.0020040080140260007,0.0,1.28,1292492.0,1292492.0,0.2890660993704694,22.8166692426526,-3178776.0,,,0.0
0x60b52529a40f1089e8f92101bd53be5ae90c0f8c,0.03054486482100687,0.03762766,0,1000.0,2,1765053995,0.0,-0.0010020040070130248,0.0,0.0,-0.0014170476562700054,0.0,0.0,0.0,1.0,,0.0,0.0,0.0,,,0.0,0,0.07268341763133024,,0.0,0.0,3.0267,1282406.0,1282406.0,0.27824460241844284,8.84107986845762,-3326510.0,,,0.0
0xc344ef15881e89684bfe8b91b41b2dc8c8ed3cd5,0.030541462451468777,0.03760101,0,605.926089,6,1764773223,-2.013843770550711e-08,-4.0276875411011985e-08,-2.013843770550711e-08,-2.013843770550711e-08,-1.2705524869409904e-05,0.0,-2.013843770550711e-08,0.0,0.0,-50.39404364400002,-0.020833845656749894,0.0,-0.04166767117506208,,,-0.526026566112956,1,0.07268341763133024,-0.00793839732385156,-2.013843770550711e-08,0.07506134731734243,9.999999500000001,2530076.0,2530076.0,0.5845637298574169,13.373356551020409,-1798068.0,,0.3888888888888889,18.0
0x18cda925145a03cd1650ad1036f6b152ece1d8d2,0.030520627262611986,0.037437744,0,9999.999996,2,1764897681,0.0030060121647504366,0.004008016171763462,0.0030060121647504366,0.0030060121647504366,0.0056681908283185796,-0.08990674034019094,0.0030060121647504366,-0.0903946019444503,0.0,,0.0030060121647504366,0.0013053980842344952,0.0030060121647504366,0.0036180906098661385,-0.08838190941881867,,1,0.07268341763133024,-0.017423990704941734,0.0030060121647504366,0.0,25.63065,1646378.0,1646378.0,0.36975638065113386,48.283798643667296,-2806224.0,,,0.0
0x8bc85293b9f595cf39a8dc4ab5b266f1e43ea8ed,0.030488491574916794,0.037185717,0,6228.3185,9,1764758837,0.0,0.0,0.0,0.0,0.0,0.0,0.0,0.0,0.0,-1457.46861,-0.06084955780482093,0.0,-0.12169911560964186,,,-1.0362115652877693,1,0.07268341763133024,-0.004305923859791617,0.0,0.13993561173607355,15.43465,3511552.0,3511552.0,0.8140354651327218,135.33496756050954,-802206.0,,0.6923076923076923,26.0
0xb376b243ff1f1515557b124e195ad3755009f6a0,0.030477929344973776,0.037102826,0,333.99999299999996,4,1764853489,-1.0016067190519609e-08,-1.502410826779268e-08,-1.0016067190519609e-08,-1.0016067190519609e-08,-6.720312870423408e-06,0.0,-1.0016067190519609e-08,0.0,0.0,-0.6666595040099582,-0.00025050957944024155,0.0,-0.0005010091428132925,,,-0.015699987649599116,1,0.07268341763133024,-0.00931627598480981,-1.0016067190519609e-08,0.01825830327877292,19.999999,3846391.0,3846391.0,0.8725120848559912,47.843445956772335,-562019.0,,0.3882978723404255,188.0
0x72b193ca5e0ba37efa2127ce3768d48306fcbe60,0.030477796930183484,0.037101787,0,3000.0,7,1765072939,-1.854079865587543e-17,-0.0010020040070130435,-1.854079865587543e-17,-1.854079865587543e-17,-0.002623312533447365,0.0,-1.854079865587543e-17,0.0,1.0,,-1.854079865587543e-17,0.0,-1.854079865587543e-17,,,0.0,0,0.07268341763133024,,-1.854079865587543e-17,0.017155129379829756,0.999999,2611096.0,2611096.0,0.5642124005479855,1.3183160000000003,-2016764.0,,0.38095238095238093,63.0
0x7840001597060d5fbeb81aabe9bb6010bdedccc3,0.030477796930183484,0.037101787,0,2000.0,2,1765022889,0.0,-0.0010020040070130248,0.0,0.0,-0.0014170476562700056,0.0,0.0,0.0,1.0,,0.0,0.0,0.0,,,0.0,0,0.07268341763133024,,0.0,0.024235553274036484,12.999999500000001,2634592.0,2634592.0,0.5755136189575365,17.005713256410253,-1943218.0,,0.41818181818181815,55.0
0xb182730b94cb7c5fdae545ee4eb15c65c9c8c5f2,0.03045846608023533,0.036950007,0,30840.45852,5,1764874359,0.0,0.0,0.0,0.0,0.0,0.0,0.0,0.0,1.0,-59.99999999999836,-0.00012525050087662455,0.0,-0.0002505010017532491,,,-0.008000000000000007,1,0.07268341763133024,-0.012733177425535355,0.0,0.06457551707768164,9.999999,2676980.0,2676980.0,0.6043826536141315,18.646063448818897,-1752300.0,,0.4583333333333333,48.0
0xb1b8a9d0dcda6335da08c852f3826c1d72e15858,0.030386234075531662,0.03638204,0,100.4,4,1764832715,0.0,0.0,0.0,0.0,0.0,0.0,0.0,0.0,0.0,-3.300000000000003,-0.004133266528928727,0.0,-0.008266533057857454,,,-0.25940000000000024,1,0.07268341763133024,-0.021678567685159605,0.0,0.14072967565476616,94.229998,2910777.0,2910777.0,0.6634043936187961,60.48844840816327,-1476859.0,,0.1111111111111111,9.0
0x87c5122a578e61731a013f58d347a67ced5071bd,0.03038073665429478,0.036338758,0,1.999996,2,1764526052,-0.9729454427929247,-0.9739474467999379,-0.9729454427929247,-0.9729454427929247,-1.3773696883031206,0.0,-0.9729454427929247,0.0,0.0,,-0.9729454427929247,0.0,-0.9729454427929247,,,-0.06648469852945793,0,0.07268341763133024,,-0.9729454427929247,0.07617653903061979,0.999999,2595412.0,2595412.0,0.635978723701431,15.669716698717949,-1485561.0,,0.5,88.0
0xd8c81f9b41f5d6323f07b9349f6b735ee929a93e,0.03038073665429478,0.036338758,0,14.0,2,1764824425,-0.06913827648389871,-0.07014028049091174,-0.06913827648389871,-0.06913827648389871,-0.0991933359389004,0.0,-0.06913827648389871,0.0,0.0,,-0.06913827648389871,0.0,-0.06913827648389871,,,-0.2879000000000005,0,0.07268341763133024,,-0.06913827648389871,0.10778454031977883,15.0,3200828.0,3200828.0,0.730891781558251,85.88083529305423,-1178518.0,,0.5,14.0
0xc3a0095b4e452b5e309a5e7a2476485e44f56bd5,0.03038073665429478,0.036338758,0,906.21336,9,1764560160,-0.9371932242384005,-0.9381952282454135,-0.9371932242384005,-0.9371932242384005,-2.4986551542949056,0.0,-0.9371932242384005,0.0,0.0,,-0.9371932242384005,0.0,-0.9371932242384005,,,-0.02937204144365354,0,0.07268341763133024,,-0.9371932242384005,0.11561298656326502,20.063599,3220586.0,3220586.0,0.7826300381450572,88.26563428571428,-894495.0,,0.5454545454545454,33.0
0xdec36b3c0a2e6ef51c349750b3b12bf97ea4a476,0.03036750383079649,0.036234546,0,501.0,4,1764850959,0.0,0.0,0.0,0.0,0.0,0.0,0.0,0.0,0.0,-1.5000000000000013,-0.0003757515026298843,0.0,-0.0007515030052597686,,,-0.02410000000000002,1,0.07268341763133024,-0.009844597183729743,0.0,0.5928619794998032,6.077388,59497386.0,59497386.0,13.504086811261315,8.17063426700252,55091506.0,0.0,0.45454545454545453,11.0
0xcce30d509bb56aac8bc686b9c48ef50ee6480c1d,0.030360319745314827,0.03617795,0,1.3025,2,1764921107,0.0010020040070130248,0.0020040080140260497,0.0010020040070130248,0.0010020040070130248,0.0028340953125400112,-0.09329699248246054,0.0010020040070130248,-0.09320301379099453,0.0,,0.0010020040070130248,-0.0011030074296571057,0.0010020040070130248,0.0008030075175394625,-0.09119699875591562,,1,0.07268341763133024,-0.02239445351855553,0.0010020040070130248,0.1881680786258271,1.519479,5294665.0,5294665.0,1.1828936280112636,39.86038056363637,818637.0,,0.7307692307692307,26.0
0xfd5294de1d526489fede36ee0e43ae4779050c2f,0.030346531218407885,0.036069293,0,1315.664,7,1764819243,0.009687648960043586,0.010689652967056611,0.009687648960043586,0.009687648960043586,0.02258117350333358,-0.08502230501176533,0.009687648960043586,-0.08184544773470928,0.0,,0.009687648960043586,-0.0795409460202984,0.009687648960043586,-0.0812157076729537,-0.0808157076729537,,1,0.07268341763133024,-0.0007812364073988731,0.009687648960043586,0.0,29.97,1448886.0,1448886.0,0.33123723756128026,198.24736635558585,-2925278.0,,,0.0
0x4a60bf806d191015e5fba2eb215dda5f6c5f89b6,0.030344217337351535,0.036051054,0,273.35069,3,1764819443,0.0006680026713420165,0.0010020040070130248,0.0006680026713420165,0.0006680026713420165,0.0017355218495341603,-0.06173935591235008,0.0006680026713420165,-0.0594,0.0,0.18266000000000016,0.0008350033391775207,-0.059999999874783945,0.0010020040070130246,-0.08819096613147501,-0.08709096613147502,,1,0.07268341763133024,-0.0008236718450631248,0.0006680026713420165,0.0,5.945,1420094.0,1420094.0,0.32464010768193957,30.332490583512545,-2954270.0,,,0.0
0x18e02f97cf02a5c3fcb2023d987d975cca2ed024,0.030314591048925272,0.035817407,0,2155.039474,34,1764818357,0.001979604505610735,0.0022161899231295788,0.001979604505610735,0.001979604505610735,0.01169125024811134,-0.023125032318475625,0.001979604505610735,-0.023370176803187863,0.0,9.342762906666634,0.003157339993111812,-0.018994659694053166,0.004335075480612889,-0.07954377997034452,-0.083277111703364,0.1626000000240002,1,0.07268341763133024,-0.0006182843267681468,0.001979604505610735,0.44169163938903927,1.29,14161506.0,14161506.0,3.238190208809044,4.113308868152625,9788228.0,,0.2727272727272727,33.0
0x5d163701abe2bdbfc896f290f14af34942d758d3,0.030313102420646314,0.03580566,0,1.3,1,1764825461,-0.012024048084156297,-0.013026052091169325,-0.012024048084156297,-0.012024048084156297,-0.013026052091169324,0.0,-0.012024048084156297,0.0,0.0,,-0.012024048084156297,0.0,-0.012024048084156297,,,0.1845999998388999,0,0.07268341763133024,,-0.012024048084156297,0.03885924432578172,2.5619769999999997,3526316.0,3526316.0,0.8050247672463269,5.861181532786886,-854066.0,,0.4,85.0
0x5bf016d4082d189838f540fd3fa268655c1382a2,0.030298052509921812,0.03568688,0,1.9999989999999999,2,1764841691,-0.002004006514026083,-0.0030060105210391076,-0.002004006514026083,-0.002004006514026083,-0.00425114084748972,0.0,-0.002004006514026083,0.0,0.0,,-0.002004006514026083,0.0,-0.002004006514026083,,,-0.008199986992297936,0,0.07268341763133024,,-0.002004006514026083,0.18000278068879152,1.0,2998044.0,2998044.0,0.6818986983613746,2.077272181818182,-1398568.0,,0.06666666666666667,15.0
0x9532b0b10c6d916fb6d50c3f59462d4720cc9350,0.030290859336812456,0.03563009,0,1993.0,4,1764835283,0.0,0.0,0.0,0.0,0.0,-0.04560000000000006,0.0,-0.044238678355023424,0.0,1.5000000000000013,0.0003757515026298843,0.000861320724976138,0.0007515030052597686,-0.08376981157854599,-0.08746980956006276,,1,0.07268341763133024,-0.004184558508071857,0.0,0.3595306239363526,0.97812,28408295.0,28408295.0,6.470837118275142,25.73750847929515,24018091.0,,0.1111111111111111,9.0
0xd0d37f1a893871186dd1e1e41585e3056da5dfcd,0.03027667554067729,0.035518065,0,1191.67712,19,1764830257,0.0033276557697368234,0.0036791133670410615,0.0033276557697368234,0.0033276557697368234,0.01129488635468536,-0.02964505509423274,0.0033276557697368234,-0.028687851997950226,0.0,-16.986938185500037,0.002222572732231614,0.002565421031683331,0.0011174896947264046,-0.07988584741464293,-0.08331645855884966,-0.15410002296153857,1,0.07268341763133024,-0.004093322317093716,0.0033276557697368234,0.04961435963691588,27.9615,4397780.0,4397780.0,1.0028737716006055,90.22185404086021,12602.0,,0.4418604651162791,43.0
0xfc652f44325f3002c3943345a3abc44e1e48af73,0.030274243277776967,0.03549885,0,2.699617,12,1764241751,-0.3333191544910481,-0.33365314161979664,-0.3333191544910481,-0.3333191544910481,-0.5779164845119619,-0.011705754290867579,-0.3333191544910481,-0.013099818150625234,0.0,-0.8998787155,-0.3338201671544789,-0.015377349311601307,-0.33432117981790965,0.04836033001089172,0.054900330010891715,,1,0.07268341763133024,0.12174939243062124,-0.3333191544910481,0.0052303381120693635,0.12133949999999999,2135240.0,2135240.0,0.5623978052357433,0.4454765905454545,-1661432.0,,0.17706821480406387,644.0
0x47ae6d13566c3418c4795c98ced1f197575eee94,0.03024777743066594,0.03528967,0,2675.359276,4,1764841199,1.1292749071899031e-16,5.367504519022187e-10,1.1292749071899031e-16,1.1292749071899031e-16,1.0371366512913015e-06,-0.04620151440306807,1.1292749071899031e-16,-0.04570001200815282,0.0,2.819998059977457e-07,5.270327847721074e-11,-0.001350000129518909,1.0540644402693077e-10,-0.08779699201770041,-0.09039699201770042,,1,0.07268341763133024,-0.005439798754180421,1.1292749071899031e-16,0.0,47.92,3773234.0,3773234.0,0.8583100552305215,232.13827767719047,-622886.0,0.0,,0.0
0x2d8cffb1d45b6c0d56f256ae05a717348fbbabb6,0.03021767660407254,0.035051547,0,99.999988,6,1764835419,0.003006445630200847,0.004008449637213871,0.003006445630200847,0.003006445630200847,0.009461078155884133,-0.09140216977743137,0.003006445630200847,-0.08916530053537375,0.0,,0.003006445630200847,0.0013550802936229023,0.003006445630200847,-0.08474750732277535,-0.08828083942556995,,1,0.07268341763133024,-0.004213414605683548,0.003006445630200847,0.3300000890000484,4.409998,,,,7.799603214285716,,,0.0,6.0
0x0a1c14c536354ea0215b1e440669e58a1e1810a8,0.03021767660407254,0.035051547,0,99.999988,6,1764835419,0.003006445630200847,0.004008449637213871,0.003006445630200847,0.003006445630200847,0.009461078155884133,-0.09140216977743137,0.003006445630200847,-0.08916530053537375,0.0,,0.003006445630200847,0.0013550802936229023,0.003006445630200847,-0.08474750732277535,-0.08828083942556995,,1,0.07268341763133024,-0.004213414605683548,0.003006445630200847,0.3300000610000299,4.199997,,,,7.669810551724139,,,0.0,6.0
0x971ece4c95df2a97e7f4c7492516c173d077fc6e,0.03021767660407254,0.035051547,0,99.999988,6,1764835419,0.003006445630200847,0.004008449637213871,0.003006445630200847,0.003006445630200847,0.009461078155884133,-0.09140216977743137,0.003006445630200847,-0.08916530053537375,0.0,,0.003006445630200847,0.0013550802936229023,0.003006445630200847,-0.08474750732277535,-0.08828083942556995,,1,0.07268341763133024,-0.004213414605683548,0.003006445630200847,0.3300000610000299,4.619999,,,,7.697058586206897,,,0.0,6.0
0xc15966b6a2789784b86358ddbbff5e283ebe6402,0.03020999558816207,0.034990747,0,1.022454,2,1764830979,0.02104209590726284,0.022044099914275864,0.02104209590726284,0.02104209590726284,0.031175065069076507,-0.0705892214575847,0.02104209590726284,-0.0691213586537998,0.0,,0.02104209590726284,0.026978643693494085,0.02104209590726284,-0.06668742725190724,-0.06808742725190722,,1,0.07268341763133024,-0.003271347889537161,0.02104209590726284,0.12584154129532465,13.5,,,,489.85103936363635,,,0.5517241379310345,29.0
0x3c71ea319e1629de403b047b9257db9016f9a3bc,0.030204901211268464,0.034950413,0,19.011678,4,1764806097,0.0003611806712893066,0.00036282426915923,0.0003611806712893066,0.0003611806712893066,0.017916916473144386,3.5238948663273804,0.0003611806712893066,3.5100892072555485,0.0,7.506660818328567,0.11041123535981508,3.511939965899236,0.22046129004834086,7.0514007761664415,7.049300776166441,,1,0.07268341763133024,0.0020080449102723888,0.0003611806712893066,0.09158993837102163,2.6176,,,,7.70009795483871,,,0.3076923076923077,39.0
0x0030de34296ebbce1b931e3f5a4c5cf4850126fb,0.030188145093712846,0.034817703,0,275.08983,7,1764825411,0.0006534392066886677,0.0008712522755848823,0.0006534392066886677,0.0006534392066886677,0.0018686875300651979,0.0,0.0006534392066886677,0.0,0.0,-3.0899250019999993,-0.001590205300620303,0.0,-0.003833849807929274,,,-0.25920000000000026,1,0.07268341763133024,-0.01826124189005742,0.0006534392066886677,0.10234930843508361,4.999999,1606512.0,1606512.0,0.36675576189202097,18.490485228070177,-2773820.0,,0.2,15.0
0x5f39d698c8b1f2efadb1042a3c6085e82ae3d603,0.0301721537213085,0.034690984,0,161.144498,31,1764818507,0.00026077575756513203,0.00036627347998177,0.00026077575756513203,0.00026077575756513203,0.002342237767170343,-0.0360443971005853,0.00026077575756513203,-0.03620189149686702,0.0,0.1256070005333331,0.0027024934078553374,-0.013895061688461998,0.005144211058145542,-0.035996084547936666,-0.0755817957473314,-0.02129999629134633,2,0.07268341763133024,-0.000625073996794427,0.00026077575756513203,0.0,2.5452,1530070.0,1530070.0,0.3498559939708622,7.483251034454131,-2843358.0,,,0.0
0xc57be4d566479efc216a759327545e1c6c958faf,0.030161945745731174,0.03461006,0,513.368846,14,1764818269,-0.004770251086057005,-0.005737221702684012,-0.004770251086057005,-0.004770251086057005,-0.00865106641691194,-0.0015420777421616912,-0.004770251086057005,-0.0015577526415833565,0.025553935165468476,-0.0006139707292539311,-0.004770711714130651,-0.0014965758295054851,-0.004771172342204296,-0.08379461096394474,-0.08709461096394473,-0.018300000000000018,1,0.07268341763133024,-0.0005745758259739675,-0.004770251086057005,0.009768977964215927,2.899999,3243164.0,3243164.0,0.741601439681331,3.4458594454685096,-1130026.0,0.0,0.15283842794759825,229.0
0xf63ada6f9aa869f2b6c4513994476b9bd60d86f1,0.030160269407008913,0.034596767,0,99.999988,6,1764835417,0.003006445630200847,0.004008449637213871,0.003006445630200847,0.003006445630200847,0.009461078155884133,-0.09140216977743137,0.003006445630200847,-0.08916530053537375,0.0,,0.003006445630200847,0.0013550802936229023,0.003006445630200847,-0.08474750732277535,-0.08828083942556995,,1,0.07268341763133024,-0.004212990251306906,0.003006445630200847,0.2581653088978529,3.96,,,,6.569023172413795,,,0.0,7.0
0xc6ed53b711ee2a3af989036cebe0af4f005c6609,0.030150617181658703,0.03452022,0,32917.387728,11,1764828863,0.0016770548813657533,0.002011056211947216,0.0016770548813657533,0.0016770548813657533,0.004369676408278131,-0.02751167627414331,0.0016770548813657533,-0.026678851407480546,0.0,-286.5629046263439,0.0003097345973550466,0.0007134434643759151,-0.00105758568665566,-0.08292404897724046,-0.08635465950811365,-0.13779999990400046,1,0.07268341763133024,-0.004107750365899561,0.0016770548813657533,0.4489889957184557,24.97358,,,,112.76874838933333,,,0.09090909090909091,33.0
0xa0993148b8d481bfafbbc784ba19a4fe25ccd81f,0.030150068145143004,0.034515865,0,5208.2896,8,1764807769,0.0,1.246911411298435e-17,0.0,0.0,3.323369741349865e-09,3.5211182885513272,0.0,3.516164393740704,0.0,1778.0501900000002,0.11030296031762438,3.5171643941784643,0.22060592063524875,7.049989428677563,7.049289428677564,,1,0.07268341763133024,0.001653284651399245,0.0,0.06633875194472581,14.4,38801569.0,38801569.0,8.893955105680211,100.10763748225601,34438879.0,,0.28272251308900526,191.0
0x815c982de2f497ae3fd933436ed655e213ba85c5,0.030146676920448045,0.034488965,0,29.999998,3,1764830481,-0.027054106408723702,-0.02805611041573673,-0.027054106408723702,-0.027054106408723702,-0.04152857906763317,0.0,-0.027054106408723702,0.0,0.0,,-0.027054106408723702,0.0,-0.027054106408723702,,,-0.20270000856729825,0,0.07268341763133024,,-0.027054106408723702,0.21898268406533197,11.0,3484503.0,3484503.0,0.7945686621203711,22.492142285714287,-900899.0,,0.15384615384615385,13.0
0x301fd29c7758dadbcf2ab807b92c9d4434eb9059,0.03011629591101545,0.03424784,0,2.719996,2,1764850883,0.0010024098897976933,0.002004413896810718,0.0010024098897976933,0.0010024098897976933,0.0028346693174788233,-0.090999553203373,0.0010024098897976933,-0.090296545075178,0.0,,0.0010024098897976933,0.0010033890567776574,0.0010024098897976933,0.0010035359390259105,-0.090296545075178,,1,0.07268341763133024,-0.0074945226458834864,0.0010024098897976933,0.13424470720923537,77.359998,5723540.0,5723540.0,1.2990909264234178,47.455583000000004,1317736.0,,0.9047619047619048,21.0
0xa9b3e186e4ab2727859a7453b757a75140437cfa,0.03010824916211659,0.034183938,0,1.999996,2,1764824205,0.011022313352157224,0.01202431735917025,0.011022313352157224,0.011022313352157224,0.017004952687616808,-0.08364688046791495,0.011022313352157224,-0.07863523789180914,0.0,,0.011022313352157224,-0.07933522821180797,0.011022313352157224,-0.08039868276007328,-0.07659869244007445,,1,0.07268341763133024,-0.001834059615848957,0.011022313352157224,0.38456607449363717,20.5856,,,,144.11199610323575,,,0.3269230769230769,104.0
0xcecaeade076dafc88fdb955864da9d9c15693f67,0.030105642882549993,0.034163237,0,27.685484,2,1764809561,-0.903807612443743,-0.904809616450756,-0.903807612443743,-0.903807612443743,-1.2795940309502574,0.0,-0.903807612443743,0.0,0.0,,-0.903807612443743,0.0,-0.903807612443743,,,-1.0470093485100225,0,0.07268341763133024,,-0.903807612443743,0.0,100.0,2536226.0,2536226.0,0.5811058448631475,241.26142418805398,-1828256.0,,,0.0
0x2f42d37523fb1e496840184178f857d462dd4fc5,0.030090233859905672,0.03404081,0,15.159996,2,1764619206,-0.9428856540452869,-0.9438876580522999,-0.9428856540452869,-0.9428856540452869,-1.3348587273741406,0.0,-0.9428856540452869,0.0,0.0,,-0.9428856540452869,0.0,-0.9428856540452869,,,0.006775215005394285,0,0.07268341763133024,,-0.9428856540452869,0.02237587438834174,1.599999,3549041.0,3549041.0,0.8502474888761171,4.623523848948375,-625086.0,,0.6636363636363637,99.0
0x3dbcf1bdc71dc0af80e6d63e544a47e52592ac39,0.030090233859905672,0.03404081,0,19.999998,2,1764832375,-0.03406813294184961,-0.035070136948862636,-0.03406813294184961,-0.03406813294184961,-0.04959666330736333,0.0,-0.03406813294184961,0.0,0.0,,-0.03406813294184961,0.0,-0.03406813294184961,,,-0.2593999733509998,0,0.07268341763133024,,-0.03406813294184961,0.08504709377865777,29.67,4137125.0,4137125.0,0.94297831739641,171.9589229968254,-250171.0,,0.5333333333333333,45.0
0x6fc9c51c0145b8745788c959b9ee87fdcf2863b2,0.030090233859905672,0.03404081,0,58.38946,9,1764467701,-0.9539240328255034,-0.9549260368325166,-0.9539240328255034,-0.9539240328255034,-2.797036807666058,0.0,-0.9539240328255034,0.0,0.0,,-0.9539240328255034,0.0,-0.9539240328255034,,,-0.02006269405683963,0,0.07268341763133024,,-0.9539240328255034,0.058557863555310924,5.999998,3663169.0,3663169.0,0.9106421135269483,21.917465932701422,-359453.0,,0.550185873605948,269.0
0x6aadd73e75f01c89fce7165526e609e144c34b75,0.030076047853609705,0.033928044,0,407.108003,4,1764825497,3.889112664322165e-07,4.242668360131947e-07,3.889112664322165e-07,3.889112664322165e-07,7.14241195203516e-05,-0.04291496651510632,3.889112664322165e-07,-0.041737514222697766,0.0,1.49369000399974,0.001378095810690332,-0.04058747361825957,0.0027558027101142316,-0.07889898781772295,-0.07939898781772296,,1,0.07268341763133024,-0.0021081925431600227,3.889112664322165e-07,0.06951913160161163,4.9989989999999995,2581252.0,2581252.0,0.5892707043026487,19.250211625000002,-1799166.0,,0.32857142857142857,70.0
0xbc54efc33d69c1c07aa7def58b838be1e6dd23c1,0.030063405886666887,0.03382751,0,573.15376,7,1764792051,-0.0012318387242406573,-0.0018477580863610027,-0.0012318387242406573,-0.0012318387242406573,-0.003332981553953802,1.3899762258812471,-0.0012318387242406573,1.390862444576021,0.0,64.07958166666667,0.042299203855195845,1.394811897454904,0.08583024643463236,7.2214,7.2194,-0.016100000000000014,1,0.07268341763133024,0.004988285697432784,-0.0012318387242406573,0.04855700463694985,1.0,20683824.0,20683824.0,4.758214223602084,5.319489916831683,16336852.0,,0.25,284.0
0xf434e8aee8c7f83ed0d7e36f281383ee1d99c6aa,0.030052784564794977,0.033743013,0,4859.81622,50,1764828753,-0.00028085169979141225,-0.0003734237230953137,-0.00028085169979141225,-0.00028085169979141225,-0.0029889192636239977,-0.03142790663102316,-0.00028085169979141225,-0.03052621671614821,0.0,3.836730769230783,0.0019306497046937795,0.012545442243168264,0.004142151109178972,-0.06044238422432886,-0.06499980396521296,-0.03209999999999913,1,0.07268341763133024,-0.00279904146833404,-0.00028085169979141225,0.0,21.538,2686706.0,2686706.0,0.612889097136329,84.28391867992767,-1696968.0,,,0.0
0x5d70c651731463164523522adfe04b2d6ab392e8,0.03004684332460232,0.033695735,0,346.666666,2,1764976741,-0.0020040065832799703,-0.003006010590292996,-0.0020040065832799703,-0.0020040065832799703,-0.004251140945429508,0.0,-0.0020040065832799703,0.0,0.0,,-0.0020040065832799703,0.0,-0.0020040065832799703,,,-0.01609998843413485,0,0.07268341763133024,,-0.0020040065832799703,0.13007660349802344,1.8833995,2720216.0,2720216.0,0.6002689520974865,7.492033442028986,-1811446.0,,0.41379310344827586,58.0
0x7cbbef376c6b2fa8520e867af6b1445cccae7cdb,0.030033267620624332,0.03358767,0,948.65625,5,1764831791,-0.030685048295009627,-0.03168705230202266,-0.030685048295009627,-0.030685048295009627,-0.06150384169035865,0.0,-0.030685048295009627,0.0,0.0,,-0.030685048295009627,0.0,-0.030685048295009627,,,-0.24005179365549914,0,0.07268341763133024,,-0.030685048295009627,0.49954186290961844,99.999999,34015250.0,34015250.0,7.754156188051552,413.0953526436781,29628538.0,,0.15,20.0
0xf15c9a8516f7684bc576b004ac4bc061c7716d09,0.030019433616104707,0.033477504,0,402.0,3,1764817589,0.00033400133567100824,0.0006680026713420166,0.00033400133567100824,0.00033400133567100824,0.0011570145663561072,-0.030032330827486856,0.00033400133567100824,-0.030366669093967066,0.0,-399.0,-0.06629926513069509,0.0,-0.13293253159706117,0.0010030075175394627,-0.09009699976436174,-1.0900389037780203,1,0.07268341763133024,-0.014856646726254509,0.00033400133567100824,0.10355405714414705,31.03588,2268482.0,2268482.0,0.5188054458423194,171.59220968103446,-2104028.0,,0.1724137931034483,29.0
0x8138223a986ab263fe388bcfe2bacfc17991f52c,0.030017130341782407,0.033459157,0,1005.0,3,1764826103,0.00033400133567100824,0.0006680026713420166,0.00033400133567100824,0.00033400133567100824,0.001157014566356107,-0.030834338199146834,0.00033400133567100824,-0.030533333333333336,0.0,-3.0000000000000027,8.350033391775209e-05,-3.333333333333337e-05,-0.00016700066783550407,0.001003007517539496,-0.09059699248246056,0.2509999998389,1,0.07268341763133024,-0.007258157258093605,0.00033400133567100824,0.010162205541546211,31.727499,4785010.0,4785010.0,1.0922126881751846,40.744107493852454,403986.0,,0.5118110236220472,127.0
0x464919a361929b52121569758c3af8be55843c1b,0.030014935726222294,0.033441674,0,26968.333333000002,5,1764820421,-0.00456416198261827,-0.005566165989631294,-0.00456416198261827,-0.00456416198261827,-0.010931449198893583,0.0,-0.00456416198261827,0.0,0.0,,-0.00456416198261827,0.0,-0.00456416198261827,,,0.2478932204414508,0,0.07268341763133024,,-0.00456416198261827,0.13229413517947017,137.3239,4445302.0,4445302.0,1.015989607212419,136.9888361111111,69960.0,,0.36363636363636365,11.0
0x32765010d2c3837950a627a240eb463b8483dd01,0.030007683798526707,0.033383895,0,287.17895999999996,18,1764826417,-0.00028758350214971233,-0.0006147765474531977,-0.00028758350214971233,-0.00028758350214971233,-0.002058152265773798,0.0,-0.00028758350214971233,0.0,0.18604651162790697,0.6738584615384616,1.2868437059517293e-05,0.0,0.0003133203762687469,,,-0.006800000000000006,2,0.07268341763133024,-0.0023445579309499046,-0.00028758350214971233,0.2623153426959456,5.0,123623828.0,123623828.0,28.215998856970177,34.56122131670282,119242490.0,0.0,0.3917525773195876,93.0
0x7f5ba66cdaa0d30dc395b67ec6292aed8b1cb993,0.030003528381805818,0.03335078,0,85.41,10,1764825503,0.004240068940576597,0.00457453954401813,0.004240068940576597,0.004240068940576597,0.01637502756223885,-0.05660350429982411,0.004240068940576597,-0.053289002128969136,0.0,0.14225000000000051,0.004657277317808781,-0.05175513018120246,0.005074485695040964,-0.07575289538451993,-0.07625289538451996,,1,0.07268341763133024,-0.00210946560628995,0.004240068940576597,0.13255578767115164,2.1712,4188228.0,4188228.0,0.9561238820716899,29.592380494524903,-192196.0,,0.3783783783783784,35.0
0x68399196eec9b25da5912a58278be2ac30dde642,0.029998043375185524,0.033307064,0,2.9979999999999998,4,1764903305,2.0000079980299912e-06,8.000031992119967e-06,2.0000079980299912e-06,2.0000079980299912e-06,0.00017906495036535314,-0.04543749787365503,2.0000079980299912e-06,-0.04493350325208215,0.0,0.0010000000000000009,0.00012700050787490435,0.0009551844764607606,0.00025200100775177867,0.0036180904218983557,-0.08868190957810165,,1,0.07268341763133024,-0.01861727521206049,2.0000079980299912e-06,0.2835541710782039,0.9999985,,,,1.035410447368421,,,0.2,5.0
0x87a29e38e6a33b3b6539a4e3d3f782b229382250,0.029991142575028086,0.033252053,0,40.049997000000005,6,1764834955,0.0010040200811383202,0.002006024088151345,0.0010040200811383202,0.0010040200811383202,0.004911284484945956,-0.0945038018953114,0.0010040200811383202,-0.09079174394092279,0.0,,0.0010040200811383202,-0.0009918442947454355,0.0010040200811383202,-0.08736334070527012,-0.09079395123614331,,1,0.07268341763133024,-0.004114964390302484,0.0010040200811383202,0.0,5.175,1677247.0,1677247.0,0.38207161204553386,28.675482495845916,-2712629.0,0.0,,0.0
0xf4d510acfec6ae11cca27b8799b329a3048e79f9,0.02999041973198963,0.03324629,0,592.5961,20,1764866203,-8.089076416090778e-08,2.0222691040226944e-08,-8.089076416090778e-08,-8.089076416090778e-08,4.501468366532613e-06,-0.04744193229483974,-8.089076416090778e-08,-0.047415082511035045,0.0,-0.7927600000000011,-0.0005010727829251533,-0.002047500381737543,-0.0010020646750861456,-0.0002666668817982116,-0.09082222194506494,,1,0.07268341763133024,-0.010745077170965164,-8.089076416090778e-08,0.0,1.9682895,1819063.0,1819063.0,0.4114480842428306,2.792055654534606,-2602061.0,,,0.0
0x3d85c79bc5bf1dfab707ac020becde0d37e46437,0.029980463784930682,0.0331669,0,105.649428,50,1764833581,-0.002365075883868414,-0.003153434511824552,-0.002365075883868414,-0.002365075883868414,-0.005027726338179766,-0.008092685573146286,-0.002365075883868414,-0.0077385356025183325,0.0,-0.005220062608695582,-0.002412402458549736,0.0019139114858539186,-0.0024597290332310576,-0.0694698952889132,-0.0713922172559038,-0.013198808854438271,1,0.07268341763133024,-0.003823432933549075,-0.002365075883868414,0.0,6.004184,2893699.0,2893699.0,0.6593819485555663,49.28473267031764,-1494803.0,0.0,,0.0
0x2559468811e5c54de2d45e7e4bb6c84abf442ef4,0.02997463447238929,0.033120405,0,16.12058,3,1764831737,-0.028614169758630736,-0.029616173765643756,-0.028614169758630736,-0.028614169758630736,-0.05048137406653475,0.0,-0.028614169758630736,0.0,0.0,,-0.028614169758630736,0.0,-0.028614169758630736,,,-0.22331122572636228,0,0.07268341763133024,,-0.028614169758630736,0.02624401642008031,1.05,2846815.0,2846815.0,0.6489712669645092,2.7060876345595353,-1539843.0,,0.4461538461538462,130.0
0xf872ffa254b64f013e094f4a2c7801bac56534fe,0.02997463447238929,0.033120405,0,47.941175,2,1764832233,-0.03306611237576697,-0.03406811638277999,-0.03306611237576697,-0.03306611237576697,-0.04817959223303249,0.0,-0.03306611237576697,0.0,0.0,,-0.03306611237576697,0.0,-0.03306611237576697,,,-0.2512998394907927,0,0.07268341763133024,,-0.03306611237576697,0.07914393254187259,4.4569,3274838.0,3274838.0,0.7464606895495348,17.769638307568435,-1112316.0,,0.45454545454545453,33.0
0xfc68a752fa2f0740821d35ea405d89d4dc5abf42,0.02997463447238929,0.033120405,0,1000.0,2,1765049889,0.0,-0.0010020040070130248,0.0,0.0,-0.0014170476562700054,0.0,0.0,0.0,1.0,,0.0,0.0,0.0,,,0.0,0,0.07268341763133024,,0.0,0.054521636961612614,12.408999,3100213.0,3100213.0,0.6732553568985474,76.59406998672566,-1504597.0,,0.44594594594594594,73.0
0xeccab812c0c6256ccdef7a9a3a7cd114947f6a15,0.02997463447238929,0.033120405,0,334.0,2,1764946917,-0.0020040080140260497,-0.003006012021039074,-0.0020040080140260497,-0.0020040080140260497,-0.004251142968810017,0.0,-0.0020040080140260497,0.0,0.0,,-0.0020040080140260497,0.0,-0.0020040080140260497,,,-0.01599985807697456,0,0.07268341763133024,,-0.0020040080140260497,0.011476957933875006,3.6,3378130.0,3378130.0,0.7503890633114741,4.522356737592699,-1123708.0,,0.4291497975708502,247.0
0xcb122e3dfea0af9fbbae991621a2a1e738d46a49,0.02997463447238929,0.033120405,0,6000.0,2,1764858287,-0.0010020040070130248,-0.0020040080140260497,-0.0010020040070130248,-0.0010020040070130248,-0.002834095312540011,0.0,-0.0010020040070130248,0.0,1.0,,-0.0010020040070130248,0.0,-0.0010020040070130248,,,-0.00800000079840002,0,0.07268341763133024,,-0.0010020040070130248,0.021977064862868795,9.999999,3550204.0,3550204.0,0.8044497336178127,20.02959717817372,-863004.0,,0.4344262295081967,122.0
0x4489b8c67e828776aeb7a0e3a0caa1928a1d7163,0.02997463447238929,0.033120405,0,1.0,1,1764851359,-0.0010020040070130248,-0.0020040080140260497,-0.0010020040070130248,-0.0010020040070130248,-0.0020040080140260497,0.0,-0.0010020040070130248,0.0,1.0,,-0.0010020040070130248,0.0,-0.0010020040070130248,,,-0.007700000000000895,0,0.07268341763133024,,-0.0010020040070130248,0.10191609118268408,3.16544,3091582.0,3091582.0,0.7016308541445392,10.181501117903931,-1314698.0,,0.4,45.0
0x4d4d23695ff2fc39332eb3bf1aa1d1d6a588b3f4,0.02997463447238929,0.033120405,0,27.1432,4,1764830243,-0.028331036505450234,-0.029333040512463257,-0.028331036505450234,-0.028331036505450234,-0.05613615487900622,0.0,-0.028331036505450234,0.0,0.0,,-0.028331036505450234,0.0,-0.028331036505450234,,,-0.23490000000000022,0,0.07268341763133024,,-0.028331036505450234,0.09050043237203173,17.043913500000002,3260600.0,3260600.0,0.743552578649282,88.89242792182411,-1124564.0,,0.4090909090909091,44.0
0x81d899d34d653f9df318e796b8260b9e16962b8d,0.02997463447238929,0.033120405,0,8.21558,3,1764496598,-0.9599198387184769,-0.9609218427254901,-0.9599198387184769,-0.9599198387184769,-1.5388130500660673,0.0,-0.9599198387184769,0.0,0.0,,-0.9599198387184769,0.0,-0.9599198387184769,,,-0.04355163656382463,0,0.07268341763133024,,-0.9599198387184769,0.10536571823246067,2.249999,3330056.0,3330056.0,0.8219277757305347,3.19848902466449,-721463.0,,0.375,69.0
0x7c371cf1b76c36375ef89ce434011ad5fadd6bc0,0.02997463447238929,0.033120405,0,333.333332,3,1764831525,-0.029058113317606167,-0.03006011732461919,-0.029058113317606167,-0.029058113317606167,-0.05131198115250459,0.0,-0.029058113317606167,0.0,0.0,,-0.029058113317606167,0.0,-0.029058113317606167,,,-0.22679997667200008,0,0.07268341763133024,,-0.029058113317606167,0.08118274528862418,19.999999,3036708.0,3036708.0,0.6922934877119199,33.8546641314935,-1349738.0,,0.43478260869565216,23.0
0x80ab6ab7646efb38367ea5a180f29042fab16c7a,0.029970167835477013,0.033084773,0,129442.217872,221,1764777849,1.5446358864821286e-05,3.861588563520911e-05,2.3169531381125467e-05,3.089270850816729e-05,0.0004398481109476102,0.057177210140165004,3.089270850816729e-05,0.005777912134074206,0.0,18.641588618750003,0.002874444979877222,0.023143190716277177,0.005717997255857015,0.2365074510641498,0.23190772672784243,,3,0.07268341763133024,0.008001626125971294,2.3169531381125467e-05,0.0,5.94,3748021.0,3748021.0,0.8650403783261055,73.26966362499999,-584749.0,0.0,,0.0
0x3b23dc37606cf3ca107ff3925bafb7390ce55e5e,0.02994641934149825,0.032895233,0,31.0365,4,1764803585,-0.2313711856804041,-0.23176209975638526,-0.1717677469193944,-0.23123510476835785,-0.6495623123808814,0.0,-0.23150726659081738,0.0,0.0,-10.313310000000001,-0.2706834062164861,0.0,-0.31897696683984367,,,-1.0396997041078306,1,0.07268341763133024,-0.0005410518302192088,-0.22688051563676637,0.057656547670402535,10.6705,2174500.0,2174500.0,0.49890948871012225,24.1276101323687,-2184006.0,,0.3681592039800995,201.0
0x6e8f80ca0cddb8d3f207dc5147ac0e6062ae162c,0.029942187706283832,0.032861445,0,20779.065553,20,1764824161,0.005648424128377627,0.005929676184254275,0.005648424128377627,0.005648424128377627,0.026561819805841408,-0.0511825905998719,0.005648424128377627,-0.04765402090807503,0.0,76.97228714651825,0.006409166878822335,-0.047151370354604,0.007169909629267044,-0.07159475999632008,-0.07061626979666359,,1,0.07268341763133024,-0.0018247238195628216,0.005648424128377627,0.0,221.334,34900772.0,34900772.0,7.969883185562636,895.9122229820628,30521690.0,0.0,,0.0
0x9aeb534c42b58b21673d5e03e9da14fbd15b2729,0.029937433756580253,0.03282348,0,800.0,4,1764818621,0.0,0.0,0.0,0.0,0.0,0.055202490710364135,0.0,0.05502855222694448,0.0,57.2,0.017910821625357804,0.05807855222694449,0.03582164325071561,0.11493316597046942,0.11133316597046942,,1,0.07268341763133024,-0.0006492621962630505,0.0,0.0,35.84096,4342426.0,4342426.0,0.9928854004374487,468.0477180907266,-31116.0,,,0.0
0xc3eb1d9facf62b0a62b2e43e40f97d6850ef376c,0.029915179088966178,0.03264568,0,504.8,5,1764819011,0.0006680026713420165,0.0010020040070130246,0.0006680026713420165,0.0006680026713420165,0.0017355218495341605,-0.03040068157373522,0.0006680026713420165,-0.030065161021912503,0.0,-3.300000000000003,0.00011690046748485288,-0.0001984943552458349,-0.00043420173637231073,-0.0857909661314749,-0.0891909661314749,0.204699999999999,1,0.07268341763133024,-0.0046284331860399295,0.0006680026713420165,0.0,7.7,3239588.0,3239588.0,0.7406580623567078,22.06224515213288,-1134344.0,,,0.0
0xe542afd3881c4c330ba0ebbb603bb470b2ba0a37,0.029912825307251215,0.032626867,0,1125.79,9,1764806179,9.320967507097907e-05,9.653859203779974e-05,9.320967507097907e-05,9.320967507097907e-05,0.0016748819736163083,2.3404983388704323,9.320967507097907e-05,2.3313289036544846,0.0,142.91666666666669,0.07145686715128927,2.3325581395348833,0.14282052462750755,7.0510000005092,7.0493,-0.23470000000000113,2,0.07268341763133024,0.0019906463808300454,9.320967507097907e-05,0.0,2.46,26240639.0,26240639.0,6.016977138795258,250.09636151646012,21879539.0,,,0.0
0xeae78417e0976984ebdfc6b42247665379fba48c,0.029901252905748042,0.032534353,0,1500.0,2,1764859785,-0.0010020040070130248,-0.0020040080140260497,-0.0010020040070130248,-0.0010020040070130248,-0.002834095312540011,0.0,-0.0010020040070130248,0.0,1.0,,-0.0010020040070130248,0.0,-0.0010020040070130248,,,-0.007700000000000007,0,0.07268341763133024,,-0.0010020040070130248,0.35192891180554003,99.999999,,,,133.30749957999998,,,0.0,4.0
0x11c15c92e3729b894af3e43d4bbc70bef5b07912,0.02986663712113629,0.032257415,0,468.402,7,1764819755,-0.001254419785820195,-0.0018525174318970627,-0.001254419785820195,-0.001254419785820195,-0.005421039538702275,0.0,-0.001254419785820195,0.0,0.0039674507104975505,4.643730000000014,0.00010933905597170033,0.0,0.0014730978977635957,,,0.26109999999999906,1,0.07268341763133024,-0.0018854064954227016,-0.001254419785820195,0.13428005385115915,4.999999,2755170.0,2755170.0,0.6297997840297201,14.774830333333334,-1619506.0,,0.23529411764705882,17.0
0x9369a9bdfc13acb929d89fb1da433e4e9979471b,0.029852043930650298,0.03214057,0,50000.0,2,1764858861,-0.0010020040070130248,-0.0020040080140260497,-0.0010020040070130248,-0.0010020040070130248,-0.002834095312540011,0.0,-0.0010020040070130248,0.0,1.0,,-0.0010020040070130248,0.0,-0.0010020040070130248,,,-0.007700000000000007,0,0.07268341763133024,,-0.0010020040070130248,0.5,100.0,60286704.0,60286704.0,13.658740735269662,100.0,55872922.0,0.0,0.0,2.0
0x05208f3124596026203c69d741dd07d894ef9708,0.029836244648222654,0.03201401,0,4984.996676,3,1764820485,0.0020040078146271187,0.0030060118216401433,0.0020040078146271187,0.0020040078146271187,0.005140930405326283,-0.09381707493791408,0.0020040078146271187,-0.09180897311923114,0.0,,0.0020040078146271187,-0.08913854980565879,0.0020040078146271187,-0.08902429966279078,-0.09029096632945743,,1,0.07268341763133024,-0.001044760475293876,0.0020040078146271187,0.0,74.43825000000001,4135649.0,4135649.0,0.9452034851165811,299.55452830899316,-239757.0,0.0,,0.0
0xfdae3905242d2229e3a0508b048b9a1d41c9f99e,0.02982816677436735,0.031949274,0,248.2791,3,1764825087,0.006012024042078149,0.006346025377749157,0.006012024042078149,0.006012024042078149,0.010991638380383018,-0.05191925715146765,0.006012024042078149,-0.04713582165832878,0.0,-1.3863300000000012,0.005093520368982876,-0.04686915499166212,0.004175016695887603,-0.07087454028087511,-0.06967454028087514,,1,0.07268341763133024,-0.002021199895948307,0.006012024042078149,0.1852634137314396,48.68468,,,,94.00854858823529,,,0.7037037037037037,27.0
0x3a1fdfcacb609b5b43ee90119b5f634ea8878eca,0.029825259128598163,0.03192597,0,15060.9675,4,1764852391,-0.0023244888196032156,-0.00332649282661624,-0.0023244888196032156,-0.0023244888196032156,-0.005957939568704355,0.0,-0.0023244888196032156,0.0,0.0,,-0.0023244888196032156,0.0,-0.0023244888196032156,,,-0.01729535136926396,0,0.07268341763133024,,-0.0023244888196032156,0.4618486995456318,3.9,4772328.0,4772328.0,1.0828205491238196,85.95166803333333,365016.0,,0.09090909090909091,11.0
0x2b1f37cc27813d3539e6e1e1d85fa2e22ab08153,0.029824655882288345,0.031921133,0,100.75,3,1764827321,-0.018888894395230615,-0.019890898402243642,-0.018888894395230615,-0.018888894395230615,-0.03233245093139295,0.0,-0.018888894395230615,0.0,0.0,,-0.018888894395230615,0.0,-0.018888894395230615,,,0.08463573200992583,0,0.07268341763133024,,-0.018888894395230615,0.14587958638200874,1.999999,1708277.0,1708277.0,0.3898180429104554,3.960540483739838,-2673965.0,,0.31666666666666665,60.0
0x40fd3f0ccba437f6b9d4b50fd85bc179943c9f9f,0.02980358082704345,0.031752143,0,1049.3,4,1764941629,0.0,0.0,0.0,0.0,0.0,-0.04525501798036059,0.0,-0.04590150375876974,0.0,0.34999999999996145,0.0001252505008766142,-0.0005515036093697334,0.0002505010017532284,0.0010030075175394627,-0.08979699248246055,,1,0.07268341763133024,-0.026748753777284397,0.0,0.0,9.3,2411200.0,2411200.0,0.536233334445297,14.202735752219219,-2085350.0,,,0.0
0x723e9efbeb1347940ae8cac7bcf188f79404ba7f,0.029794515140753864,0.031679414,0,359.0,3,1764782087,-0.9048096183327607,-0.9058116223397736,-0.9048096183327607,-0.9048096183327607,-1.4273299051267272,0.0,-0.9048096183327607,0.0,0.0,,-0.9048096183327607,0.0,-0.9048096183327607,,,-1.0377310057040674,0,0.07268341763133024,,-0.9048096183327607,0.0925438739873086,4.3476,2772294.0,2772294.0,0.6392180968999827,21.249479111111114,-1564714.0,,0.41935483870967744,31.0
0x76c291f1ade836997d3a15cb1ebab6f1fec5b938,0.029790408298528876,0.03164646,0,8.5,2,1764268497,0.0,0.0,0.0,0.0,0.0,-0.016550000000000002,0.0,-0.02055,0.0,1.5,0.00037575150262988396,-0.024,0.0007515030052597679,0.19229999999999997,0.19889999999999997,,1,0.07268341763133024,0.11607450135178086,0.0,0.0064960122410790706,0.14,2601426.0,2601426.0,0.6803927794449888,0.5995749568261378,-1221992.0,,0.13598326359832635,370.0
0x817ea740be97ecea64c1ca924d55b5329e673cbf,0.029782250560423235,0.03158099,0,3.0,2,1764184757,0.0,0.0,0.0,0.0,0.0,-0.00899999801647024,0.0,-0.005000000000000001,0.0,1.0,0.0012525050087662797,-0.005000000000000001,0.0025050100175325594,-0.066,-0.066,,1,0.07268341763133024,0.13384221910180305,0.0,0.0862781074294598,4.0,2695814.0,2695814.0,0.7208679463846888,16.996795948470208,-1043864.0,,0.2653061224489796,49.0
0x4f52512634ce140f0ea447071fe4fdc82b6249fe,0.029776016862785297,0.031530946,0,50.150332999999996,2,1764838527,0.0020040080340061146,0.0030060120410191392,0.0020040080340061146,0.0020040080340061146,0.004251142997066096,-0.09159999997797583,0.0020040080340061146,-0.0898954830436832,0.0,,0.0020040080340061146,-0.0023954830436831867,0.0020040080340061146,-0.08549096610939055,-0.08889096610939057,,1,0.07268341763133024,-0.004872861306986019,0.0020040080340061146,0.0676926511120694,3.7,3331346.0,3331346.0,0.758253198854294,4.7779613622047235,-1062102.0,,0.25,56.0
0x1903f363c66356568a6039b332eec57edff4d94b,0.029776016862785297,0.031530946,0,99.999996,2,1764838345,0.0020040210010003694,0.0030060250080133936,0.0020040210010003694,0.0020040210010003694,0.004251161335165234,-0.09119998568435546,0.0020040210010003694,-0.0888909517766542,0.0,,0.0020040210010003694,-0.0009909517766541844,0.0020040210010003694,-0.08549095177665418,-0.0888909517766542,,1,0.07268341763133024,-0.0048342450587115495,0.0020040210010003694,0.09558042660946281,3.6,3227542.0,3227542.0,0.7346566313080064,4.83839450877193,-1165724.0,,0.2222222222222222,45.0
0x691eb5db15e1359afcf5b967ce01923c39c8cbbb,0.02976809906470493,0.03146737,0,120.331916,8,1764825289,-0.014612099025526905,-0.015614103032539932,-0.014612099025526905,-0.014612099025526905,-0.04336428490769094,0.0,-0.014612099025526905,0.0,0.0,,-0.014612099025526905,0.0,-0.014612099025526905,,,0.14310014505570387,0,0.07268341763133024,,-0.014612099025526905,0.04132918535237599,2.6,1485058.0,1485058.0,0.3390380826490054,6.441345469281046,-2895152.0,,0.203125,64.0
0xb72b95c3efd3cfec3858e4baa7e1b978ab30f4e0,0.02976001263977226,0.031402424,0,4447.999998,6,1764824239,-0.053604519931183474,-0.0546065239381965,-0.053604519931183474,-0.053604519931183474,-0.12942571485670126,0.0,-0.053604519931183474,0.0,0.0,,-0.053604519931183474,0.0,-0.053604519931183474,,,-0.16339999696117702,0,0.07268341763133024,,-0.053604519931183474,0.020732031499852064,248.0,14775241.0,14775241.0,3.3739897605933558,543.5940437143623,10396081.0,,0.41518578352180935,619.0
0xf8b9ba31f5307c0969d058e3a3affdb54f577b8d,0.02974608833177506,0.03129055,0,72.146727,8,1764691036,7.150188039855529e-05,7.182725865841365e-05,7.150188039855529e-05,7.150188039855529e-05,0.007971861599986262,2.0700417286084973,7.150188039855529e-05,1.028131145396542,0.0,25.326783305557488,0.1116022603225101,1.030154242473506,0.22313301876462163,7.122934068450732,7.119367391892189,,3,0.07268341763133024,0.026421364375704692,7.150188039855529e-05,0.0,11.069998,,,,56.70216952870334,,,,0.0
0x4a1e3e68c188d68f5bd7ac9692d836af0c8086d3,0.029733904472034844,0.031192617,0,12914.79468,28,1764826877,-0.02362497131866831,-0.024626975325681342,-0.02362497131866831,-0.02362497131866831,-0.11302238710159548,0.0,-0.02362497131866831,0.0,0.0,,-0.02362497131866831,0.0,-0.02362497131866831,,,-0.05184923193904093,0,0.07268341763133024,,-0.02362497131866831,0.007193269195073939,162.0,38282882.0,38282882.0,8.736797542926443,645.8523387472376,33901084.0,,0.49874686716791977,779.0
0x663a9d2c8adb23d001dba3c01178c175cba05c51,0.029727531407421383,0.031141376,0,326.044894,10,1764825513,-0.007235595606777846,-0.00821417195434804,-0.007511838258129689,-0.007696000300835263,-0.025814601267764317,0.0,-0.007880161793265481,0.0,0.0,-0.09471676666666425,-0.00776172569398518,0.0,-0.007367047067842758,,,0.10159997593490017,1,0.07268341763133024,-0.0025384878810755344,-0.007695999963452724,0.04871273417880024,4.999999,3095564.0,3095564.0,0.7066797490842232,24.70096464751253,-1284870.0,,0.37349397590361444,82.0
0x16788be2feae42e2ae647da7bd8ee5a0577522b8,0.029681930280721427,0.030774418,0,16750.0,4,1765029963,0.0,-0.0010020040070130248,0.0,0.0,-0.0017990134392314992,0.0,0.0,0.0,1.0,,0.0,0.0,0.0,,,0.0,0,0.07268341763133024,,0.0,0.3038481993485782,0.696072,8748644.0,8748644.0,1.90814947553744,4.877027642857142,4163760.0,,0.4444444444444444,9.0
0x4733a8db3c709f135b6f22cebf7ecfb767a7aa88,0.029655010821319022,0.030557537,0,702.19056,3,1764844353,-0.0029219606970774226,-0.003923964704090448,-0.0029219606970774226,-0.0029219606970774226,-0.006102908513592127,0.0,-0.0029219606970774226,0.0,0.0,,-0.0029219606970774226,0.0,-0.0029219606970774226,,,-0.018803761316291988,0,0.07268341763133024,,-0.0029219606970774226,0.5999224829154062,10.0,33950439.0,33950439.0,7.717282215201872,332.86196924137926,29551165.0,0.0,0.42857142857142855,21.0
0x00e1e82c27aae8b2459c7721497e7b481916b679,0.029652529690586953,0.030537538,0,190.556198,4,1764824465,-1.041145842942445e-09,-2.6028646073558238e-08,-1.041145842942445e-09,-1.041145842942445e-09,-2.5534686048015743e-05,0.0,-1.041145842942445e-09,0.0,0.0,0.0,-1.041145842942445e-09,0.0,-1.041145842942445e-09,,,0.08559999999999984,1,0.07268341763133024,-0.001964760763854852,-1.041145842942445e-09,0.0,6.3999995,2334564.0,2334564.0,0.5330802080474295,22.356847893055555,-2044822.0,0.0,,0.0
0x2dd63c33cef301f3ad048e33c0b957546070dae3,0.029648151402921333,0.030502243,0,96.63654700000001,7,1764446365,-7.955669118465588e-08,5.165636883457404e-06,-7.955669118465588e-08,-7.955669118465588e-08,0.002233928090118421,-0.048487561824082925,-7.955669118465588e-08,-0.026095227987799282,0.0,-0.9258283905843533,-0.002267134289966318,-0.026345229324546773,-0.004534189023241451,0.3357847789703835,0.33638477897038344,,1,0.07268341763133024,0.07833496921945529,-7.955669118465588e-08,0.03180763506809421,0.999999,3010866.0,3010866.0,0.7524745794227156,1.8512764322580646,-990420.0,,0.2708333333333333,96.0
0x0619dafd91786867631d0546917aa35c244ed801,0.029642940973845313,0.030460233,0,2605.63,8,1764809105,0.0,0.0,0.0,0.0,0.0,3.5404119441168445,0.0,3.5374174711977773,0.0,795.515,0.11070961356096745,3.5386452466340823,0.2214192271219349,7.075126638043968,7.0730105,,1,0.07268341763133024,0.0013698159278020439,0.0,0.0,18.4914,27485047.0,27485047.0,6.298094236835436,89.49645691842652,23121021.0,0.0,,0.0
0x2328c8615d22d2d46ffa60e9ba0570d4ac59e304,0.02963199374148281,0.030371945,0,5000.0,5,1764836891,0.0,0.0,0.0,0.0,0.0,0.0,0.0,0.0,0.0,-5.000000000000004,-0.00025050100175325626,0.0,-0.0005010020035065125,,,-0.014700000000000013,1,0.07268341763133024,-0.006684430140872923,0.0,0.0,5.2217,1717609.0,1717609.0,0.39109347121415944,10.493925632036614,-2674203.0,,,0.0
0xf232fee6429a6acd5cc99a86fbf79083f20a4fc6,0.02961133473859964,0.030205248,0,58.6738,3,1764824475,0.00801737642277386,0.008353020873263343,0.00801737642277386,0.00801737642277386,0.014700241374244388,-0.0458471445599981,0.00801737642277386,-0.04174356521893459,0.0,0.38363000000000036,0.009102686577407908,-0.04221026717278133,0.010187996732041958,-0.06417103096409434,-0.06157104064409549,,1,0.07268341763133024,-0.0018913474566956967,0.00801737642277386,0.0,13.1615,2858343.0,2858343.0,0.6526797302641734,25.873731371822803,-1521053.0,,,0.0
0x3ac466d9cf031d0ae68e019c72047815582fa55d,0.029609497469107453,0.030190418,0,409.777776,3,1764833137,-0.03487084476470839,-0.035872848771721415,-0.03487084476470839,-0.03487084476470839,-0.059255184347041405,0.0,-0.03487084476470839,0.0,0.0,,-0.03487084476470839,0.0,-0.03487084476470839,,,-0.273788935191121,0,0.07268341763133024,,-0.03487084476470839,0.020805361682789066,143.999993,38152113.0,38152113.0,8.69453252441057,238.3825905250965,33764055.0,0.0,0.7862595419847328,131.0
0x28b397ff9c7b42611bed6845854fb1d7797d7af3,0.029609444166404948,0.030189987,0,902.595196,7,1764835069,-0.0029205540439491916,-0.0037549986304856943,-0.0029205540439491916,-0.0029205540439491916,-0.007426085666930265,-0.007633788843080801,-0.0029205540439491916,-0.007406523403083584,0.0,-0.13386842000000304,-0.002962443778073664,0.00016873741730841525,-0.003004333512198136,-0.08515129201832253,-0.08858190254919572,-0.021450001323000012,1,0.07268341763133024,-0.004139152589771107,-0.0029205540439491916,0.0,1.8576,3587056.0,3587056.0,0.8170988999974943,8.756717117760617,-802934.0,,,0.0
0xabd7bd56de366affe8b0796415fbae0cf198bcd9,0.029590878566342096,0.030040076,0,54.541698000000004,3,1764644546,-0.9175648756790427,-0.9185668796860557,-0.9175648756790427,-0.9175648756790427,-1.541938623673287,0.0,-0.9175648756790427,0.0,0.0,,-0.9175648756790427,0.0,-0.9175648756790427,,,-0.013521921851444829,0,0.07268341763133024,,-0.9175648756790427,0.28894951564088295,37.359999,32921175.0,32921175.0,7.839369853364724,80.12014171428572,28721708.0,0.0,0.6,5.0
0x8b1f80020a5c010a52791ab3fd695ae74eca4eeb,0.029576812926891845,0.02992644,0,17.351,3,1764803585,-0.006967205431941031,-0.00768827373605321,-0.006967205431941031,-0.006967205431941031,-0.010290714796429045,1.017070093457944,-0.006967205431941031,0.9796121495327103,0.9373827098711373,13.44,0.024497593292953927,0.9799205607476635,0.05596239201784889,7.2604000000000015,7.259900000000001,0.013700000000000045,1,0.07268341763133024,0.00254103400733539,-0.006967205431941031,0.0,7.0,,,,22.90359125055236,,,,0.0
0x442d6cb25b2200682d6ba45050ca4cdb6356523e,0.029570357971671818,0.029874273,0,258.677635,181,1764625028,0.00035564612836431423,0.00037083120358599833,0.00035564612836431423,0.00035564612836431423,0.004253444855141362,-0.0022767253265516298,0.00035564612836431423,-0.00131979547168177,0.0,-0.13769555070754724,-0.0005120161568857923,0.0015589420404312848,-0.001379678442135899,1.7837050298873292,1.7811305410039764,-0.005444158179807859,4,0.07268341763133024,0.04042675622241431,0.00035564612836431423,0.0,2.737741,3396271.0,3396271.0,0.8125149373832073,3.6741077170320406,-783678.0,,,0.0
0x7a0c8c487bb826c89807996df33baae62ff7d8e4,0.02956815308558096,0.02985645,0,50.05,2,1764858999,0.0,0.0010020040070130248,0.0,0.0,0.0014170476562700056,-0.0957045056315699,0.0,-0.09200301534063146,0.0,,0.0,-0.0022030073306306608,0.0,-0.0019000842800960815,-0.0900000080100008,,1,0.07268341763133024,-0.00921655270629882,0.0,0.09164973080768019,25.564329999999998,3343986.0,3343986.0,0.7576000471236451,52.0966322,-1069934.0,,0.3181818181818182,22.0
0x7b7e42d6ae3ecd7c30a631a94f8f35471b263ddc,0.029562634425482175,0.029811839,0,12.892031000000001,8,1764826303,-4.545968925311672e-06,7.852130959146644e-06,-4.545968925311672e-06,-4.545968925311672e-06,0.000386638703005675,-0.037925885055333106,-4.545968925311672e-06,-0.03729643333857391,0.0,-0.02406666300302344,-0.002058944838362955,-0.03609593837956496,-0.004113343707800598,-0.07107453738946477,-0.07147453738946477,,1,0.07268341763133024,-0.002279207356946957,-4.545968925311672e-06,0.23651810846448126,8.6499965,5920008.0,5920008.0,1.3512223981243598,19.295431945454542,1538784.0,,0.21739130434782608,23.0
0x7c40df456a6295c376deef32ba9b9ae768dd3d64,0.029559213961313637,0.029784184,0,17.699629,7,1764818543,4.919348776064628e-07,-1.2613719227320298e-07,4.919348776064628e-07,4.919348776064628e-07,-3.5551367356421296e-05,0.0,4.919348776064628e-07,0.0,0.0,1.9499507550000013,0.004885199600176115,0.0,0.009769907265474623,,,0.20410000002400025,1,0.07268341763133024,-0.0006573249294192583,4.919348776064628e-07,0.0,0.977,3244080.0,3244080.0,0.7417644228922429,2.5516414270937604,-1129384.0,,,0.0
0x4cd054f1906c4766862ac3ddc47b96308fc281f6,0.02954625207243542,0.029679358,0,954.545453,5,1764819253,-0.014743772221823468,-0.01574577622883649,-0.014743772221823468,-0.014743772221823468,-0.03555726185513927,0.0,-0.014743772221823468,0.0,0.0,,-0.014743772221823468,0.0,-0.014743772221823468,,,0.09680002261430692,0,0.07268341763133024,,-0.014743772221823468,0.12415685416702231,10.499999500000001,2457628.0,2457628.0,0.5618496200654112,34.94511486046512,-1916546.0,,0.3684210526315789,38.0
0x0a6d26d31b28fd5a84c301f8b27296612f3b1d0a,0.029537509515641623,0.02960863,0,1387.379017,49,1764501008,0.01794059501510526,0.018042890312842622,0.01737902781589156,0.017940595027522138,0.09836531803942776,0.6283343953137227,0.01798219258541739,0.626891814850394,0.0,-1.5813901709599998,0.01397659992280679,0.6290229354599929,0.010053620623083483,3.1719013502384623,3.1696013360073825,-1.042489136278543,3,0.07268341763133024,0.03198762073412458,0.01792008711881768,0.0,27.000999999999998,15105021.0,15105021.0,3.724182795113031,103.74868823954513,11049092.0,0.0,,0.0
0x9dab4638ac1d4f5666134d4cec8074c0c82f1bdf,0.029532677228394824,0.029569527,0,13228.585506,16,1764831383,-0.0043074284482436396,-0.004519872503630619,-0.0043074284482436396,-0.0043074284482436396,-0.01712684213680544,0.0,-0.0043074284482436396,0.0,0.0,-12.947263491500003,-0.005094336798397434,0.0,-0.005881245148551228,,,-0.21711551547845556,1,0.07268341763133024,-0.0036914587224132524,-0.0043074284482436396,0.0,4.945,1826671.0,1826671.0,0.4164487915110307,4.833175854748603,-2559633.0,0.0,,0.0
0x7d55db7ab659d63a88380ecfd15c4f852eb56014,0.02952634529128204,0.02951828,0,1666.6666659999999,7,1764858595,-0.002004007716430871,-0.0030060117234438958,-0.002004007716430871,-0.002004007716430871,-0.007513526641038403,0.0,-0.002004007716430871,0.0,0.0,,-0.002004007716430871,0.0,-0.002004007716430871,,,-0.01600000002997002,0,0.07268341763133024,,-0.002004007716430871,0.11381390574729497,4.9999985,1660235.0,1660235.0,0.3761706086485242,11.118022823913044,-2753281.0,,0.3125,16.0
0x0231bd339ac0070ce49d24fcf71485c65019fdcd,0.02952634529128204,0.02951828,0,15.379996,2,1764650684,-0.9168335924171488,-0.9178355964241618,-0.9168335924171488,-0.9168335924171488,-1.2980155484918483,0.0,-0.9168335924171488,0.0,0.0,,-0.9168335924171488,0.0,-0.9168335924171488,,,5.9439221280551064e-05,0,0.07268341763133024,,-0.9168335924171488,0.07606921930018311,20.0,1649744.0,1649744.0,0.39227269322725267,39.06300358256881,-2555861.0,,0.25,28.0
0x5a79e83ccb6b3c58b4730eeabb9115101f0f6296,0.029522656468363075,0.02948842,0,8018.75136,4,1764835167,0.0,0.0,0.0,0.0,0.0,-0.045096226425007956,0.0,-0.0442386789683571,0.0,8.042880000000007,0.0005010020035065124,0.0009613207249761381,0.0010020040070130248,-0.08403920025585691,-0.0874698107867301,,1,0.07268341763133024,-0.004159945954226591,0.0,0.09511210425605328,25.20876,35399673.0,35399673.0,8.063545195449384,746.322044971917,31009585.0,0.0,0.6808510638297872,70.0
0xa5d36f9d6affc3c600b3ef5df929756054624278,0.029505966283362006,0.029353272,0,90.97896,3,1764834919,-0.007889378875172331,-0.008891382882185356,-0.007889378875172331,-0.007889378875172331,-0.010571224717859906,0.0,-0.007889378875172331,0.0,0.0,,-0.007889378875172331,0.0,-0.007889378875172331,,,-0.026900003312000098,0,0.07268341763133024,,-0.007889378875172331,0.29007845504059315,9.16,23319394.0,23319394.0,5.312128460262788,16.745405476190477,18929554.0,,0.6666666666666666,6.0
0x3e1207a1afe788ef0ea27603ad4fc1fc3a75dce7,0.02949529959184313,0.02926686,0,9.999996,2,1764834467,0.01803608746050892,0.019038091467521945,0.01803608746050892,0.01803608746050892,0.026923927155069034,-0.07436209925876963,0.01803608746050892,-0.07157452256666627,0.0,,0.01803608746050892,0.017525477433333728,0.01803608746050892,-0.06814391142245954,-0.07157452256666627,,1,0.07268341763133024,-0.00401142192240171,0.01803608746050892,0.04212569533449564,4.999997499999999,,,,4.1802723875,,,0.6666666666666666,30.0
0x45817e731cf1647dacc4731e46b13dafafdc14cb,0.029489119073699648,0.029216778,0,1000.0,2,1764907569,-0.0020040080140260497,-0.0030060120210390743,-0.0020040080140260497,-0.0020040080140260497,-0.004251142968810016,0.0,-0.0020040080140260497,0.0,0.0,,-0.0020040080140260497,0.0,-0.0020040080140260497,,,-0.015400000000000014,0,0.07268341763133024,,-0.0020040080140260497,0.31250009375005866,2.3699975,5048775.0,5048775.0,1.1313806865673648,2.9855549444444445,586285.0,,0.0,4.0
0x29efb149c85a53729c266b7918bfa921a70dddda,0.029478741120609962,0.029132659,0,40.0,5,1764622238,0.0,0.0,0.0,0.0,0.0,0.12786111111111112,0.0,0.10515000000000005,0.0,18.44,0.11548096180825101,0.10815000000000005,0.23096192361650203,0.3592010400461228,0.3543010400461229,,1,0.07268341763133024,0.04101873057783063,0.0,0.0,5.0,43581725.0,43581725.0,10.433341177580264,8.203485293023254,39404566.0,0.0,,0.0
0x1defe5ac6b3422d8ee0237441a6417830416a761,0.02947824116740118,0.029128605,0,1000.0,2,1764867819,-0.0010020040070130248,-0.0020040080140260497,-0.0010020040070130248,-0.0010020040070130248,-0.002834095312540011,0.0,-0.0010020040070130248,0.0,1.0,,-0.0010020040070130248,0.0,-0.0010020040070130248,,,-0.008000000000000007,0,0.07268341763133024,,-0.0010020040070130248,0.28000012800042556,2.0,5106400.0,5106400.0,1.154578383535998,3.006521347826087,683660.0,,0.25,4.0
0x23f61f1942030c570b5272ccf94d0dbe46e556b7,0.02947442286216203,0.029097648,0,2000.0,2,1764949967,-0.0020040080140260497,-0.0030060120210390743,-0.0020040080140260497,-0.0020040080140260497,-0.004251142968810017,0.0,-0.0020040080140260497,0.0,0.0,,-0.0020040080140260497,0.0,-0.0020040080140260497,,,-0.015999999999999126,0,0.07268341763133024,,-0.0020040080140260497,0.13623153988378223,4.9999994999999995,1626188.0,1626188.0,0.36098300335102673,16.74272953846154,-2878700.0,0.0,0.15384615384615385,13.0
0x025ad7b15fc6bed8107faebba4f44aec2d39b035,0.02947442286216203,0.029097648,0,9.999998999999999,2,1764918443,-0.0020040077146272674,-0.003006011721640293,-0.0020040077146272674,-0.0020040077146272674,-0.004251142545396199,0.0,-0.0020040077146272674,0.0,0.0,,-0.0020040077146272674,0.0,-0.0020040077146272674,,,-0.016099997579720138,0,0.07268341763133024,,-0.0020040077146272674,0.047728944085623816,14.769999,1501430.0,1501430.0,0.33563778847417736,23.763397190839694,-2971934.0,,0.16666666666666666,48.0
0xa5e8bb6b2e6e6bbe96d21bba2a3cec4511fee471,0.02947442286216203,0.029097648,0,10.015004,3,1764829449,-0.03336226122234741,-0.03436426522936044,-0.03336226122234741,-0.03336226122234741,-0.05799976001940488,0.0,-0.03336226122234741,0.0,0.0,,-0.03336226122234741,0.0,-0.03336226122234741,,,-0.2534938474431763,0,0.07268341763133024,,-0.03336226122234741,0.118619026837012,1.16664,1549896.0,1549896.0,0.3535048364987444,7.050747505376343,-2834474.0,,0.125,40.0
0x7e30c3a56d89edac738d788dd218a9e64fb91e50,0.029451059633441794,0.028908145,0,272380.322596,15,1764820275,0.00044474296465264013,0.0013736057994819656,0.00044474296465264013,0.00044474296465264013,0.004131912157339126,-0.024037461807139067,0.00044474296465264013,-0.08699445691614954,0.0,4.593607199998903,0.00044894315887362464,-0.0010083579702389192,0.0004531433530946092,-0.02309011272659517,-0.08909759802567933,,3,0.07268341763133024,-0.0010002032657464117,0.00044474296465264013,0.0,115.60352900000001,35087991.0,35087991.0,8.019752943639553,1416.2074065718084,30712795.0,0.0,,0.0
0xc8ad354754b68db0229457b023b7f558b257be4e,0.029446689993160444,0.028872686,0,152.22,8,1764783459,0.0,0.0,0.0,0.0,0.0,-0.024775074763254832,0.0,-0.02512554124261503,0.0,-12.574999999999996,-0.045000715672102745,-0.023411255528329313,-0.09000143134420549,-0.08201515208881352,-0.08591515208881352,-1.0422897902321115,1,0.07268341763133024,-0.000624225288041142,0.0,0.0,24.522727,3363416.0,3363416.0,0.775270031670808,78.01264949514956,-974964.0,,,0.0
0xb6527026f8836831d6b60fa9d307f72e098f6eb7,0.02944579052713267,0.028865386,0,1024.400792,8,1764984341,-0.000987318864380862,-0.001974637728761724,-0.000987318864380862,-0.000987318864380862,-0.002813248307587326,-1.4238284030539567e-06,-0.000987318864380862,-0.00042626325771166643,0.9885291003949362,-0.002966731200000497,-0.000989154362188087,2.533011957571512e-10,-0.000990989859995312,-9.995483771530797e-05,-0.08979995483771532,-0.008100000000000007,1,0.07268341763133024,-0.03581126584486198,-0.000987318864380862,1.0,2.224997,,,,2.477426944444445,,,0.0,1.0
0x888d31e6e0de77819952937fdcc1ba7a2db8de2d,0.029440283227134902,0.028820686,0,1.999996,2,1764838387,0.0020049830370674495,0.003006987044080474,0.0020049830370674495,0.0020049830370674495,0.004252521859618791,-0.09119892522296642,0.0020049830370674495,-0.08989440681808772,0.0,,0.0020049830370674495,-0.001794409046841158,0.0020049830370674495,-0.08548988841320912,-0.08888988841320913,,1,0.07268341763133024,-0.004843156500621042,0.0020049830370674495,1.0,0.999998,,,,0.999998,,,0.0,1.0
0x382546eeb97093129ebbefaec2fa76b26ae30ff7,0.029437177291651725,0.028795473,0,33.25,4,1764831597,0.0,0.0,0.0,0.0,0.0,0.0,0.0,0.0,0.0,-0.9375000000000009,-0.003757515026298843,0.0,-0.007515030052597686,,,-0.24300000000000022,1,0.07268341763133024,-0.007452087208219235,0.0,0.11629514470830725,2.0,2964022.0,2964022.0,0.6757118060384113,3.411521135135135,-1422496.0,,0.3333333333333333,18.0
0xe29a76c88e8c2058a7cfa3c1b2c12c50cd67c56f,0.029430067144170437,0.028737746,0,5.599966,4,1764831759,-0.02705410828955268,-0.028056112296565704,-0.02705410828955268,-0.02705410828955268,-0.04870657080426112,0.0,-0.02705410828955268,0.0,0.0,,-0.02705410828955268,0.0,-0.02705410828955268,,,-0.2107000000000002,0,0.07268341763133024,,-0.02705410828955268,0.0513137291192447,6.00158,2134236.0,2134236.0,0.48652648472193094,22.246071597014925,-2252444.0,,0.32142857142857145,56.0
0xa553287f99189797e991cd2b2eac08130ae13eae,0.029430067144170437,0.028737746,0,3483.333331,4,1764829283,-0.019881868694851017,-0.020883872701864037,-0.019881868694851017,-0.019881868694851017,-0.046641405264825395,0.0,-0.019881868694851017,0.0,0.0,,-0.019881868694851017,0.0,-0.019881868694851017,,,-0.19154999775250808,0,0.07268341763133024,,-0.019881868694851017,0.031036991156243053,10.35,2132162.0,2132162.0,0.48632819093272117,57.56449765702891,-2252042.0,,0.24509803921568626,102.0
0x4d7b8dee7249a16d14b48bb4ea27361bc7911605,0.029430067144170437,0.028737746,0,2266.666666,4,1764909889,-0.0005894139019121916,-0.0015914179089252165,-0.0005894139019121916,-0.0005894139019121916,-0.003496063570698006,0.0,-0.0005894139019121916,0.0,0.7058823531487889,,-0.0005894139019121916,0.0,-0.0005894139019121916,,,-0.0076999938061249554,0,0.07268341763133024,,-0.0005894139019121916,0.10290631291501878,2.0,2189266.0,2189266.0,0.49033799870543204,2.725140947368421,-2275544.0,,0.3125,16.0
0x90f30fa52c92a08652133d42767e465a89ac6caf,0.029430067144170437,0.028737746,0,2.0,2,1764838395,-0.0030060120210390743,-0.004008016028052099,-0.0030060120210390743,-0.0030060120210390743,-0.005668190625080022,0.0,-0.0030060120210390743,0.0,0.0,,-0.0030060120210390743,0.0,-0.0030060120210390743,,,-0.015899665308617972,0,0.07268341763133024,,-0.0030060120210390743,0.08555237765414361,11.8625,1922862.0,1922862.0,0.4376789650459926,22.48815318103448,-2470454.0,,0.34210526315789475,38.0
0x6ae8017e0ae8dccc22312ed6e378c875047e0e50,0.029430067144170437,0.028737746,0,6666.666666,2,1764842837,-0.0020040079396272015,-0.0030060119466402265,-0.0020040079396272015,-0.0020040079396272015,-0.0042511428635941565,0.0,-0.0020040079396272015,0.0,0.0,,-0.0020040079396272015,0.0,-0.0020040079396272015,,,-0.00609999938372462,0,0.07268341763133024,,-0.0020040079396272015,0.026706068876236156,20.0,1969612.0,1969612.0,0.44786729965587013,35.75433976836158,-2428146.0,,0.28169014084507044,142.0
0x5d358ae9cc33da4319ee679945d4c1889df4cba3,0.029430067144170437,0.028737746,0,250.0,2,1764843781,-0.0030060120210390743,-0.004008016028052099,-0.0030060120210390743,-0.0030060120210390743,-0.005668190625080022,0.0,-0.0030060120210390743,0.0,0.0,,-0.0030060120210390743,0.0,-0.0030060120210390743,,,-0.020099998525414532,0,0.07268341763133024,,-0.0030060120210390743,0.09860312418959753,9.999999,1825507.0,1825507.0,0.415010382608324,15.791920365079365,-2573195.0,,0.30434782608695654,23.0
0x29280e13fb143b4dce313e34455d3eb732a8e5a0,0.029430067144170437,0.028737746,0,250.0,2,1764855497,-0.0030060120210390743,-0.004008016028052099,-0.0030060120210390743,-0.0030060120210390743,-0.005668190625080022,0.0,-0.0030060120210390743,0.0,0.0,,-0.0030060120210390743,0.0,-0.0030060120210390743,,,-0.02400000000000002,0,0.07268341763133024,,-0.0030060120210390743,0.11791843014223927,4.999998,2230770.0,2230770.0,0.5057955957916007,4.163661587301586,-2179648.0,,0.3181818181818182,22.0
0xb2f5e998b49e5ca04ef864d465e14dbfe47d67ab,0.029429655159055875,0.0287344,0,1000.0,2,1764869135,-0.0010020040070130248,-0.0020040080140260497,-0.0010020040070130248,-0.0010020040070130248,-0.002834095312540011,0.0,-0.0010020040070130248,0.0,1.0,,-0.0010020040070130248,0.0,-0.0010020040070130248,,,-0.008100000000000007,0,0.07268341763133024,,-0.0010020040070130248,0.36000006400005125,2.3600000000000003,5009739.0,5009739.0,1.1323859824559184,3.8223228846153843,585683.0,,0.0,3.0
0x79a5b3c577c544da9551eb70754b2d4de3db6a63,0.029425086765816566,0.028697303,0,1345.2,3,1764827941,0.015804996489154323,0.016807000496167346,0.015804996489154323,0.015804996489154323,0.02881705019289063,-0.07654354332060567,0.015804996489154323,-0.07506934131259034,0.0,,0.015804996489154323,-0.0032693472861138476,0.015804996489154323,-0.07366632417496337,-0.07416631820143986,,1,0.07268341763133024,-0.002626753591417178,0.015804996489154323,0.03412773601772429,93.24,154532955.0,154532955.0,35.258457829609966,484.2870415955819,150150093.0,,0.44360902255639095,125.0
0xb33078116a74d5418c1680367512590254969f72,0.02942224428188588,0.028674217,0,99.999996,2,1764837983,0.0020040210010003694,0.0030060250080133936,0.0020040210010003694,0.0020040210010003694,0.004251161335165234,-0.09129999274035648,0.0020040210010003694,-0.08989546873050477,0.0,,0.0020040210010003694,-0.0014954685938984686,0.0020040210010003694,-0.08539095177665407,-0.08889095177665408,,1,0.07268341763133024,-0.0047574369165392545,0.0020040210010003694,0.3289520869363488,4.086489,,,,5.788900450549452,,,0.16666666666666666,18.0
0xde71cb1b32196575da8f8ace492db0b6e9644308,0.029411212627859534,0.028584601,0,913.711,4,1764869385,0.0007774313695051141,0.0011114327051761224,0.0007774313695051141,0.0007774313695051141,0.0026476764399009493,-0.005376175800133043,0.0007774313695051141,-0.005303806763800446,1.0,1.1290018001799735,0.0009471379893228834,0.00017474109098503273,0.001116844609140653,0.0036180904218983557,-0.08738190957810166,-1.1102230246251566e-17,1,0.07268341763133024,-0.01624004199410911,0.0007774313695051141,0.0,0.04326,3490592.0,3490592.0,0.7889580874378942,0.8380607058416868,-933714.0,,,0.0
0x6a0fda946715c9d9337d2bb1dc12ae254f61601a,0.029397447948764224,0.028472738,0,2000.0,2,1764863251,-0.0010020040070130248,-0.0020040080140260497,-0.0010020040070130248,-0.0010020040070130248,-0.0028340953125400112,0.0,-0.0010020040070130248,0.0,1.0,,-0.0010020040070130248,0.0,-0.0010020040070130248,,,-0.007700000896399994,0,0.07268341763133024,,-0.0010020040070130248,0.08616922174096826,19.999999,1513944.0,1513944.0,0.34266298369551934,51.97493112499999,-2904228.0,,0.030303030303030304,33.0
0x6581c59751aa4a338e2fb2c8a59e9a2f8a498455,0.029397447948764224,0.028472738,0,15000.0,4,1765015611,0.0,-0.0010020040070130248,0.0,0.0,-0.001975147412158123,0.0,0.0,0.0,1.0,,0.0,0.0,0.0,,,1.6653345369377347e-17,0,0.07268341763133024,,0.0,0.033011049973641,9.999997,1469946.0,1469946.0,0.3216137639994644,25.517120395010394,-3100586.0,,0.0,35.0
0x9b873282661a0149e11f1be2b7b8f717ccee5f1d,0.029386636277344547,0.028384838,0,695.646085,4,1764833981,-1.752958487685104e-07,-2.0159022969351252e-07,-1.752958487685104e-07,-1.752958487685104e-07,-6.816059314394096e-05,0.0,-1.752958487685104e-07,0.0,0.0,-6.956399045016697,-0.00250516305750932,0.0,-0.005010150819169872,,,-0.16019997721131213,1,0.07268341763133024,-0.008369541370520357,-1.752958487685104e-07,0.08821095459019859,14.999999,2881961.0,2881961.0,0.6566473801420036,22.35069968468468,-1506941.0,,0.20588235294117646,34.0
0x86fdf8a4f477d68455c79eabe5b9ea7b05dd8002,0.029386636277344547,0.028384838,0,5020.014926,11,1764870403,-0.00033400029751805705,-0.0006680068239538213,-0.0003340002975189895,-0.00033400029751805705,-0.001159513744930937,0.0,-0.00033400029751805705,0.0,1.0,0.5561080744444458,-0.0002505002897896954,0.0,-0.00016700028205946882,,,-0.008000000000000007,1,0.07268341763133024,-0.023895819303116756,-0.0003340002975189895,0.11305932243041245,8.6022,3651664.0,3651664.0,0.8251743827118647,64.41896231012144,-773660.0,,0.16666666666666666,42.0
0x67f9ac55ba4f65542be8613b76d1f136a369d241,0.029385321709505505,0.028374149,0,57321.833617,65,1764833573,0.0003438337248906746,0.000658057887064498,0.0003438337248906746,0.0003438337248906746,0.001253589664596606,-1.6156895917625061e-06,0.0003438337248906746,-1.5522301550057568e-06,0.0,-51.98086546714915,-0.0012407639073000302,-1.3625074345759349e-08,-0.0028253615394907353,-0.08736638133825382,-0.09079699186912701,-0.14400000000000013,1,0.07268341763133024,-0.004116661807809054,0.0003438337248906746,0.47107254974266904,0.1,21279645.0,21279645.0,4.848962992771552,77.0320216884422,16891151.0,,0.0,6.0
0x582d1d4fcf6db1034095de81af146ddb510494b7,0.029383933446681304,0.028362859,0,8333.326665,4,1764830171,-1.7630875629076184e-08,-1.9233682521232507e-08,-1.7630875629076184e-08,-1.7630875629076184e-08,-2.1506590675908413e-05,0.0,-1.7630875629076184e-08,0.0,0.0,-91.66651904000148,-0.002755526417444274,0.0,-0.005511035204012919,,,-0.17010002109529787,1,0.07268341763133024,-0.03302368194469729,-1.7630875629076184e-08,0.215670493788742,83.34938,14899699.0,14899699.0,3.397807617263218,273.06998464578834,10514607.0,,0.5161290322580645,31.0
0xdc52599a7af09010960e71b1ab5cea0502e7756d,0.029379636442288207,0.028327912,0,456.666666,4,1764834243,-0.003934875970371116,-0.0049368799773841406,-0.003934875970371116,-0.003934875970371116,-0.014545364927303357,0.0,-0.003934875970371116,0.0,0.0,,-0.003934875970371116,0.0,-0.003934875970371116,,,-0.09630000004859991,0,0.07268341763133024,,-0.003934875970371116,0.028077260099819635,2.0,1810981.0,1810981.0,0.41260271887767236,2.9534139870129867,-2578183.0,,0.16176470588235295,68.0
0x6a9dd74259a6c6fb6bf3da497b707b8575fd373e,0.029379636442288207,0.028327912,0,250.0,2,1764927697,-0.0030060120210390743,-0.004008016028052099,-0.0030060120210390743,-0.0030060120210390743,-0.005668190625080022,0.0,-0.0030060120210390743,0.0,0.0,,-0.0030060120210390743,0.0,-0.0030060120210390743,,,-0.02410000000000002,0,0.07268341763133024,,-0.0030060120210390743,0.04247685005993511,3.918285,1969426.0,1969426.0,0.43934727429372744,16.163108151750976,-2513192.0,,0.10833333333333334,120.0
0x3fd60d21f93d486b7d3ad78237c2364fa25f74fd,0.029379636442288207,0.028327912,0,4.995,1,1764855603,-0.0020040080140260497,-0.0030060120210390743,-0.0020040080140260497,-0.0020040080140260497,-0.0030060120210390743,0.0,-0.0020040080140260497,0.0,0.0,,-0.0020040080140260497,0.0,-0.0020040080140260497,,,-0.015700000000000013,0,0.07268341763133024,,-0.0020040080140260497,0.06781291708346086,4.999999,1978910.0,1978910.0,0.44867911386492854,5.455623792452832,-2431614.0,,0.13043478260869565,23.0
0x65fb8e061dd544d6a752f7d94b71d9e58ae13e89,0.029379636442288207,0.028327912,0,204.0,6,1764839221,-0.003292298880185653,-0.004294302887198678,-0.003292298880185653,-0.003292298880185653,-0.01056200276289476,0.0,-0.003292298880185653,0.0,0.0,,-0.003292298880185653,0.0,-0.003292298880185653,,,-0.02420000000000002,0,0.07268341763133024,,-0.003292298880185653,0.055742565730655835,1.0,1877440.0,1877440.0,0.4272597471815886,7.552736754257907,-2516702.0,,0.11627906976744186,172.0
0x9f5410f21eefbaeb16f1b590dcaa3875f4b6adfe,0.029358460352029735,0.028155617,0,1000.0,2,1764945017,-0.0020040080140260497,-0.0030060120210390743,-0.0020040080140260497,-0.0020040080140260497,-0.004251142968810016,0.0,-0.0020040080140260497,0.0,0.0,,-0.0020040080140260497,0.0,-0.0020040080140260497,,,-0.015700000000000013,0,0.07268341763133024,,-0.0020040080140260497,0.2671114384062794,8.98,19476144.0,19476144.0,4.328091631484701,37.88647901317716,14976206.0,,0.45901639344262296,61.0
0x4762717950bca144a674f4c55da197485fe8c727,0.029351238686108474,0.028096832,0,1.4725,2,1764920695,0.0010020040070130248,0.0020040080140260497,0.0010020040070130248,0.0010020040070130248,0.0028340953125400112,-0.09329699248246054,0.0010020040070130248,-0.09330300751753946,0.0,,0.0010020040070130248,-0.0010030075175394627,0.0010020040070130248,0.0008030075175394625,-0.09129699248246055,,1,0.07268341763133024,-0.022307036516967173,0.0010020040070130248,0.21243527846490737,1.4647765,6566277.0,6566277.0,1.4671225145320779,56.75990251063829,2090661.0,,0.45,20.0
0xe92ea47ee860319a5eb168336a38b1158418b0a8,0.029351193842108624,0.028096467,0,1000.0,2,1764867213,-0.0010020040070130248,-0.0020040080140260497,-0.0010020040070130248,-0.0010020040070130248,-0.002834095312540011,0.0,-0.0010020040070130248,0.0,1.0,,-0.0010020040070130248,0.0,-0.0010020040070130248,,,-0.008100000000000895,0,0.07268341763133024,,-0.0010020040070130248,0.28000003200004164,1.22,5105792.0,5105792.0,1.1545991143642413,2.085538230769231,683658.0,,0.0,4.0
0x40338352c7e2a0144c019bfbd465e4f4faf047c3,0.029351193842108624,0.028096467,0,1000.0,2,1764868053,-0.0010020040070130248,-0.0020040080140260497,-0.0010020040070130248,-0.0010020040070130248,-0.002834095312540011,0.0,-0.0010020040070130248,0.0,1.0,,-0.0010020040070130248,0.0,-0.0010020040070130248,,,-0.008000000000000007,0,0.07268341763133024,,-0.0010020040070130248,0.28000006400008637,2.0,5106622.0,5106622.0,1.154567492370518,4.408947052631579,683648.0,,0.0,4.0
0x439252e3d8e1a7bd1495f77dcf53af5d08ef68c3,0.02933920709038653,0.027998863,0,3065.555,7,1764816709,0.0,6.009815028986414e-05,0.0,0.0,0.00024539475830692644,0.0,0.0,0.0,0.0,-1166.4554400000002,-0.1052579794888131,0.0,-0.2105159589776262,,,-1.0545897183066666,1,0.07268341763133024,-0.011223748907817924,0.0,0.021535316430701407,116.9655665,49092142.0,49092142.0,11.229711114618574,722.7729054199523,44720512.0,0.0,0.7247706422018348,218.0
0xcf73add1c409656c18b3d44b2e2aed28d6cbc54f,0.029336423876932142,0.027976194,0,68613.608884,207,1764461164,-0.000212759767426713,-0.00026594970928338975,-0.000212759767426713,-0.000212759767426713,-0.0011543021146257842,-0.02856654316704765,-0.000212759767426713,-0.015910968313443158,0.0,25543.59817689495,0.11301103720884186,-0.01514090333416938,0.22623483418511042,0.4078352510170745,0.40799712201363836,,1,0.07268341763133024,0.07519495900948898,-0.000212759767426713,0.16955664390111158,19.999998,,,,176.91789185714285,,,0.058823529411764705,17.0
0x1139d23e84a60d1ed709738cffeb72403aaa82f1,0.02931720748417816,0.027819626,0,2.038684,2,1764830007,0.018036074092216376,0.0190380780992294,0.018036074092216376,0.018036074092216376,0.026923908249448413,-0.07406307821081881,0.018036074092216376,-0.07260373021947152,0.0,,0.018036074092216376,0.021696270172938494,0.018036074092216376,-0.06897453800976579,-0.0715745380097658,,1,0.07268341763133024,-0.0030651116624888976,0.018036074092216376,0.07121093509977862,0.999998,,,,2.170433608695652,,,0.3902439024390244,41.0
0x7fe68cbaca0b778dab7c1adbb9992bb1f4f6b39e,0.02931640395235756,0.027813077,0,210000.527782,52,1764834363,0.002558411052845588,0.003098695254335738,0.002558411052845588,0.002558411052845588,0.025918426456628927,-0.061820532658009214,0.002558411052845588,-0.06008371013830745,0.0,64.00713684210528,0.0038100607659773507,0.00700375611272328,0.005061710479109114,-0.07317368349733587,-0.07664467701602777,,1,0.07268341763133024,-0.003989355494816299,0.002558411052845588,0.13308741753179276,47.490807000000004,18030422.0,18030422.0,4.107827609241052,515.2874563671155,13641138.0,,0.5,17.0
0xfde9f8214959b66648aa7479594c53a53ad31883,0.02931170659819374,0.027774788,0,334.665333,4,1764865941,-5.01249128077034e-07,-1.5037503797048004e-06,-5.01249128077034e-07,-5.01249128077034e-07,-6.72330812608214e-05,0.0,-5.01249128077034e-07,0.0,0.0,-0.33299950499599795,-0.00012568890758493455,0.0,-0.0002508765660417921,,,-0.016099987947200006,1,0.07268341763133024,-0.01071579671897683,-5.01249128077034e-07,0.1477919755904219,1.0,3069662.0,3069662.0,0.6943582495902383,2.558963581395349,-1351200.0,,0.05555555555555555,18.0
0xeb58e26e51169b71d00f3beface74ffe1ddd6fa5,0.029308964755735724,0.027752437,0,2607.479996,2,1764985233,7.34009712662795e-10,0.0010020047410227374,7.34009712662795e-10,7.34009712662795e-10,0.0014170486943164962,-0.0002999991931039485,7.34009712662795e-10,-0.09039999919310394,0.0,,7.34009712662795e-10,9.534043906297824e-10,7.34009712662795e-10,-9.999919310394827e-05,-0.09039999919310394,,1,0.07268341763133024,-0.03600052789684454,7.34009712662795e-10,0.031910686974141594,30.02915,4953940.0,4953940.0,1.0911391992430213,125.79207731081081,413786.0,0.0,0.6956521739130435,92.0
0xecef7a84f071df83cd6a8c40561ac2f8f28275fa,0.029294003020836783,0.027630432,0,29.94,4,1764854515,0.0,0.0,0.0,0.0,0.0,-0.04539774153286878,0.0,-0.045047741532868786,0.0,5.551115123125783e-16,6.952799495953287e-18,0.0006522584671312124,1.3905598991906574e-17,0.0009090338685249422,-0.08909096613147507,,1,0.07268341763133024,-0.008265150193866297,0.0,0.024756013319947586,62.47436,,,,123.23850504403867,,,0.5154639175257731,97.0
0xc2ba15be2190b2d5716ced326df9672eba623d9c,0.029292480560460108,0.027618013,0,65.427156,16,1764824207,1.3011913694441947e-06,1.7349044520612663e-06,1.3011913694441947e-06,1.3011913694441947e-06,0.00018646358574071306,-0.040879045360718944,1.3011913694441947e-06,-0.03811417169829155,0.0,0.05923905937088236,0.0012282713466263968,-0.03806757965467981,0.0024552415018833495,-0.07400499978359175,-0.07220239302393981,,1,0.07268341763133024,-0.0018344839702255995,1.3011913694441947e-06,0.0,2.6,2692024.0,2692024.0,0.6147397381396479,3.4342805107632093,-1687104.0,,,0.0
0xcf9555cef256c96a91dd4cd6c3a159c033867865,0.029291291783949305,0.027608316,0,201.45425,6,1764628794,0.0,0.0,0.0,0.0,0.0,1.0536226899946914,0.0,1.037788891561289,0.0,15.294790000000004,0.0337604436639166,1.0589195295216955,0.0675208873278332,4.816493763101957,4.8131708530163,,2,0.07268341763133024,0.03962769693119646,0.0,0.0,1.7043,,,,9.19161919776254,,,,0.0
0x2d99e29c4f066ba32098c65e4c7454b277d94ca3,0.029285138798087425,0.02755812,0,144342.371402,49,1764830875,0.010174562271640642,0.010911970557007333,0.010174562271640642,0.010174562271640642,0.07339607057145296,-0.06647593274198757,0.010174562271640642,-0.06411489615727205,0.0,299.9999995372085,0.011166796226283738,0.01624015122899127,0.012159030180926834,-0.05419330717290917,-0.06952501174976611,,2,0.07268341763133024,-0.00324928146195175,0.010174562271640642,0.0,52.179680000000005,48330395.0,48330395.0,11.019754452783486,2884.6143492836777,43944599.0,0.0,,0.0
0xd1c769317bd15de7768a70d0214cf0bbcc531d2b,0.029281674827566346,0.027529856,0,33925.26078,15,1765136511,-6.551669439713432e-18,0.0010020040070130186,-6.551669439713432e-18,-6.551669439713432e-18,0.0029935638893439785,-8.640671807220272e-18,-6.551669439713432e-18,-0.00011247953864127554,0.0,,-6.551669439713432e-18,-7.85609945214669e-18,-6.551669439713432e-18,-1.8525949325572032e-17,-0.0001266666463482843,,2,0.07268341763133024,-0.06809826859170787,-6.551669439713432e-18,0.0,107.15274,34184763.0,34184763.0,7.286637214394241,3076.5275380886847,29493331.0,0.0,,0.0
0x551e72eda42a5ab39d6d78239a1d9bbb5db6b0e0,0.029277002954860017,0.027491732,0,153996.711247,55,1764819303,0.007917803072237094,0.008919807079250122,0.007917803072237094,0.007917803072237094,0.051058774345210646,-0.085403624888732,0.007917803072237094,-0.0829289568808604,0.0,,0.007917803072237094,-0.05786746488050662,0.007917803072237094,-0.07773829519823006,-0.07773450930407222,,1,0.07268341763133024,-0.0007939670386981487,0.007917803072237094,0.07370151053082592,9.999999,23684128.0,23684128.0,5.4144753446554175,985.7133820192076,19309904.0,0.0,0.8037383177570093,91.0
0xc31a1cd1e8310c829cdaffb1e01a9c0e7837174e,0.029274483347099096,0.027471168,0,210.240486,5,1764782027,5.37136281847817e-05,5.556911417334301e-05,5.37136281847817e-05,5.37136281847817e-05,0.00683310947898219,3.3383862943939864,5.37136281847817e-05,-0.2433005518147518,0.0,57.88204596801157,0.10156996888632609,-0.24300054448808972,0.20308622414446742,6.783610400624172,6.78111042529819,,1,0.07268341763133024,0.007115149833165077,5.37136281847817e-05,0.023536394586036777,67.069999,30749591.0,30749591.0,7.090145189658719,111.64952400423728,26412643.0,,0.4224137931034483,116.0
0x602365146ff9d7076bcc5f4c6df82e0dff5dbcd6,0.02927343151873019,0.027462583,0,5.998,4,1764880663,-5.559459866828603e-20,5.007516276925554e-07,-5.559459866828603e-20,-5.559459866828603e-20,2.2399891461035677e-05,-0.04737516569607085,-5.559459866828603e-20,-0.04667481522333737,0.0,-1.1091128016005315e-16,-6.99797010737127e-18,-0.0010020016301339652,-1.3940345616074252e-17,-0.000200000001200057,-0.09130000000000008,,1,0.07268341763133024,-0.01381315931409056,-5.559459866828603e-20,1.0,2.9999985000000002,,,,2.9169570625,,,0.0,1.0
0xa90d480163efb1f095d6dce479590a0f5e22441a,0.0292700227421657,0.027434759,0,10000.0,2,1765026959,0.0,-0.0010020040070130248,0.0,0.0,-0.0014170476562700054,0.0,0.0,0.0,1.0,,0.0,0.0,0.0,,,0.0,0,0.07268341763133024,,0.0,0.24253665396429452,3.0,5271122.0,5271122.0,1.1504277720062508,8.055822078431373,689242.0,,0.047619047619047616,21.0
0x536f72459586685f9105e950cc04c973e1e88ad2,0.029264437589628888,0.027389163,0,49.746324,6,1764681546,0.00012053155216335601,0.00012093333739449024,0.00012053155216335601,0.00012053155216335601,0.010460306505645138,-0.07148103248270798,0.00012053155216335601,-0.09948477498899178,0.0,27.818072855878327,0.11282715901371684,-0.09653437944298389,0.22553378647527034,7.204516162472586,7.1992161624725854,,1,0.07268341763133024,0.028434925892873435,0.00012053155216335601,0.11236228657201704,3.32,4295549.0,4295549.0,1.0139460545780246,9.360717812785389,59082.0,,0.2222222222222222,18.0
0xaee24b1b80b54ef42f8318e32ee59f7a8427f063,0.029251812918165705,0.027286068,0,1.002,2,1764916587,0.0010020040070130248,0.0020040080140260497,0.0010020040070130248,0.0010020040070130248,0.002834095312540011,-0.09339714182345465,0.0010020040070130248,-0.09320300751753946,0.0,,0.0010020040070130248,-0.0011030075175394627,0.0010020040070130248,0.0007030075175394623,-0.09119699248246055,,1,0.07268341763133024,-0.021435412627343445,0.0010020040070130248,1.0,0.9999994999999999,,,,0.999998375,,,0.0,1.0
0x564f22744b7941ade18d5e0e4f347c30e3057026,0.029235070669498646,0.02714928,0,495.163571,9,1764605248,-6.834441854362296e-06,-6.864716236980175e-06,-6.834441854362296e-06,-6.834441854362296e-06,-0.002497754021395709,0.0,-6.834441854362296e-06,0.0,0.0,-219.05121410301024,-0.1160744672588317,0.0,-0.23214210007580907,,,-0.027506583957512702,1,0.07268341763133024,-0.004354300258728863,-6.834441854362296e-06,0.0,10.4481,1763049.0,1763049.0,0.42379263919326354,44.89389555281262,-2397120.0,,,0.0
0x2007056140b4bed918fb1277810b9a3335fa25d2,0.029229426129525955,0.027103147,0,82.266665,5,1764834239,-0.02335788723231267,-0.024359891239325686,-0.02335788723231267,-0.02335788723231267,-0.05360525007544109,0.0,-0.02335788723231267,0.0,0.0,,-0.02335788723231267,0.0,-0.02335788723231267,,,-0.17119999999999924,0,0.07268341763133024,,-0.02335788723231267,0.3068055059851219,3.8216,,,,6.801279108910892,,,0.4,5.0
0x5ac8b87cf0a10cf01808648c30579c2a556b1b12,0.0292286841772074,0.027097082,0,57.05994,4,1764916935,2.1057140002372903e-07,4.21142800047458e-07,2.1057140002372903e-07,2.1057140002372903e-07,2.905122280291272e-05,-0.046708310309686765,2.1057140002372903e-07,-0.04615969843438059,0.0,0.01903000000000002,0.0001254347508516489,-5.001050751287176e-05,0.00025065893030327404,0.0007030075175394623,-0.09129699248246055,,1,0.07268341763133024,-0.02150925028887924,2.1057140002372903e-07,0.3014916128750608,10.2656,18623730.0,18623730.0,4.164653334096625,12.215497899999999,14151874.0,,0.0,6.0
0x8f1cd779e0762d1711713168a71c1953b80f0834,0.029228166234219755,0.027092848,0,3.359996,2,1764933579,0.0010021647214639633,0.002004168728476988,0.0010021647214639633,0.0010021647214639633,0.002834322597096198,-0.08969681532591577,0.0010021647214639633,-0.09320283085662424,0.0,,0.0010021647214639633,-0.0011028308566242379,0.0010021647214639633,0.0006268549749249919,-0.09119681532591577,,1,0.07268341763133024,-0.025040727411298265,0.0010021647214639633,0.1519897474325626,1.679998,5112329.0,5112329.0,1.1389838476105603,36.95149915068494,623829.0,,0.5416666666666666,24.0
0x7edd35f6fea8a2605f14d64c6e34a09d36987450,0.02922453951551966,0.0270632,0,1.001,2,1764864719,-5.56223959676263e-17,0.0010020040070129693,-5.56223959676263e-17,-5.56223959676263e-17,0.0014170476562699271,-0.0931015940309962,-5.56223959676263e-17,-0.09600901126313985,0.0,,-5.56223959676263e-17,-0.0064090112631398485,-5.56223959676263e-17,-0.00020000000000006135,-0.09000000000000008,,1,0.07268341763133024,-0.010430206223496417,-5.56223959676263e-17,1.0,2.999998,,,,4.915386245901638,,,0.0,1.0
0x05098cd8259793c606134d7e33ae988709d7afe1,0.02922275605095749,0.02704862,0,1305.0,4,1764927125,-0.0007025545336528235,-0.0017045585406658488,-0.0007025545336528235,-0.0007025545336528235,-0.003980693035774174,0.0,-0.0007025545336528235,0.0,0.7662835249042146,,-0.0007025545336528235,0.0,-0.0007025545336528235,,,-0.012049999999850009,0,0.07268341763133024,,-0.0007025545336528235,0.1058537186020106,2.499999,2405840.0,2405840.0,0.5367727149609799,3.408274775862069,-2076206.0,,0.14285714285714285,21.0
0x92c92e55d4621f7051edb5eedbc1b669291164d1,0.029217505832502454,0.027005691,0,273.588938,48,1764818269,1.3045586729596372e-07,1.546143558544033e-07,1.3045586729596372e-07,1.3045586729596372e-07,7.041005229289789e-05,-0.039830553056516387,1.3045586729596372e-07,-0.03793353711647158,0.0,0.32134103679809134,0.0012222831260158403,-0.012103040481770144,0.0024444357961643844,-0.07467545104117429,-0.07495917512303513,,1,0.07268341763133024,-0.0005745758259739675,1.3045586729596372e-07,0.013987295766994753,3.859999,4791628.0,4791628.0,1.095682556669159,4.369269235247836,418438.0,0.0,0.4077669902912621,344.0
0xf5b4adda2310d05d7d7e9e685943b88dad289c70,0.029212947971628885,0.026968418,0,13356.21936,10,1764831503,0.0,0.0,0.0,0.0,0.0,0.0,0.0,0.0,0.0,-358.2087999999999,-0.003307779764004138,0.0,-0.006615559528008276,,,-0.22680000000000022,1,0.07268341763133024,-0.004099687632743354,0.0,0.19876746996107478,46.179775,11061690.0,11061690.0,2.5218013580082546,527.6972615232198,6675266.0,0.0,0.47368421052631576,19.0
0x01ed5c64d1d8905afd7917d75a5652665f5cca5f,0.029205890581617166,0.026910692,0,6790.1934,32,1764819241,0.009615752287446627,0.010617756294459652,0.009615752287446627,0.009615752287446627,0.0558563189671734,-0.08313626890948192,0.009615752287446627,-0.08062015932644565,0.0,,0.009615752287446627,-0.07902015932644561,0.009615752287446627,-0.07983873545029202,-0.07883873545029202,,1,0.07268341763133024,-0.0007808120530222307,0.009615752287446627,0.0,199.8,13808822.0,13808822.0,3.1569068543871945,144.6194770033389,9434660.0,0.0,,0.0
0x798db2c906a27053cbe0a6b96bb6ff76d4961794,0.02920477352000276,0.026901554,0,19.999996,2,1764835415,0.004008090802610536,0.0050100948096235606,0.004008090802610536,0.004008090802610536,0.007085344028544689,-0.09109991734683452,0.004008090802610536,-0.0874697264559414,0.0,,0.004008090802610536,0.0031302717040577284,0.004008090802610536,-0.08376973014755766,-0.0874697264559415,,1,0.07268341763133024,-0.004212565896930263,0.004008090802610536,0.05061651168129724,3.999999,6368615.0,6368615.0,1.4505985418883658,5.491161619834711,1978279.0,,0.6229508196721312,61.0
0x3f3f747bbabb6eb97174c687f2a89ea32dd9c912,0.029201967387209628,0.026878597,0,942.633333,3,1764895947,-0.004312914704203417,-0.005314918711216443,-0.004312914704203417,-0.004312914704203417,-0.009058120670162984,0.0,-0.004312914704203417,0.0,0.0,,-0.004312914704203417,0.0,-0.004312914704203417,,,-0.03456474421721354,0,0.07268341763133024,,-0.004312914704203417,0.2364898925299203,4.999999,86181049.0,86181049.0,19.362751040920557,7.783889201900239,81730181.0,0.0,0.5,6.0
0x8982878a75eda3194e86edc36c9cdfe5bcdcc29a,0.02918997283780233,0.026780445,0,313.528907,4,1764827437,2.0839068439928757e-07,-2.2141510381824842e-07,2.0839068439928757e-07,2.0839068439928757e-07,-6.141335339030326e-05,0.0,2.0839068439928757e-07,0.0,0.0,4.705760482000482,0.002004190561138192,0.0,0.004008172731591986,,,0.11010001360204022,1,0.07268341763133024,-0.003778027015248326,2.0839068439928757e-07,0.2799863495185744,24.999999,17687090.0,17687090.0,4.03597560947782,51.19333073015873,13304732.0,,0.09523809523809523,21.0
0x3c85426acf73ac8e17f39ca34a3a1c67df650790,0.029182807752414136,0.026721794,0,40.24,4,1764824979,0.0,0.0,0.0,0.0,0.0,0.0,0.0,0.0,0.0,-0.8800000000000008,-0.002755511019285818,0.0,-0.005511022038571636,,,0.08559999999999984,1,0.07268341763133024,-0.015182550887515961,0.0,0.7222221851851807,1.999998,,,,3.491699723684211,,,0.0,2.0
0x2ac2a68f2c41b6c1e0b05909eda8effe9d1d9895,0.029180733955174024,0.026704816,0,562.6579509999999,3,1764657074,-0.9186595903595114,-0.9196615943665245,-0.9186595903595114,-0.9186595903595114,-1.5140051775333812,0.0,-0.9186595903595114,0.0,0.0,,-0.9186595903595114,0.0,-0.9186595903595114,,,-0.02065089392921002,0,0.07268341763133024,,-0.9186595903595114,0.24702400643287034,8.6724,45077859.0,45077859.0,10.702258430981043,181.7335675449102,40865864.0,,0.4642857142857143,28.0
0x114d9ff27a12e2a71aa3e6262713256e91df661f,0.02917243064286056,0.026636826,0,100.566,3,1764737119,0.00033400133567100824,0.0006680026713420166,0.00033400133567100824,0.00033400133567100824,0.001157014566356107,-0.030257971853127872,0.00033400133567100824,-0.03076666865530326,0.0,-99.9,-0.07481629919030579,-3.333333333333337e-05,-0.14996659971628257,0.0006030075404317614,-0.09129699844837032,-1.0439886275997987,1,0.07268341763133024,-0.02348716603841001,0.00033400133567100824,0.04762515665560701,21.253194,4348792.0,4348792.0,1.0132226167510088,46.79797685214008,56752.0,,0.6060606060606061,66.0
0x43af6e5c4ae85628df415180283f07b34d0af333,0.02916500573546015,0.026576012,0,38.985,12,1764556910,-0.31613226421260904,-0.3164662655482801,-0.31613226421260904,-0.31613226421260904,-1.0962713016224106,0.0,-0.31613226421260904,0.0,0.0,-0.008749999999999834,-0.3162783897969651,0.0,-0.31642451538132116,,,-0.024426609816229558,1,0.07268341763133024,0.05487644710146865,-0.31613226421260904,0.043142474978688304,4.655,3516930.0,3516930.0,0.855319686047408,4.3974608129251695,-594901.0,0.0,0.15151515151515152,33.0
0x2cc28a0697258156e436730b950fa3e3775af1f3,0.02916500573546015,0.026576012,0,29.225,9,1764560930,-0.31596526354477356,-0.3162992648804445,-0.31596526354477356,-0.31596526354477356,-0.9488977946413337,0.0,-0.31596526354477356,0.0,0.0,-0.009999999999999893,-0.31613226421260904,0.0,-0.3162992648804446,,,-0.022672513721173074,1,0.07268341763133024,0.05402391915879383,-0.31596526354477356,0.03521897402640815,4.615,3521028.0,3521028.0,0.8554799481322332,4.3753582554517125,-594823.0,0.0,0.07692307692307693,39.0
0x8dd1ec3e06f48322b192ab5ccda8227dd221aaaf,0.02916500573546015,0.026576012,0,19.48,6,1764577134,-0.31663326621611554,-0.3169672675517866,-0.31663326621611554,-0.31663326621611554,-0.7764080706661126,0.0,-0.31663326621611554,0.0,0.0,0.005000000000000178,-0.3165497658821978,0.0,-0.31646626554828,,,-0.022243946067554324,1,0.07268341763133024,0.050586224353612805,-0.31663326621611554,0.03053244326931907,4.625,3537018.0,3537018.0,0.8559948984222137,4.36165447761194,-595037.0,0.0,0.11363636363636363,44.0
0xe45225de679b3da81b068227b3bef39f6bdc110d,0.02916500573546015,0.026576012,0,73.225,23,1764556400,-0.37156922503539486,-0.37196131355987816,-0.37156922503539486,-0.37156922503539486,-1.7838637930232706,0.0,-0.37156922503539486,0.0,0.0,-0.007857142857142715,-0.37168902986232033,0.0,-0.3718088346892458,,,-0.026040560626165603,1,0.07268341763133024,0.054985506176265776,-0.37156922503539486,0.03831243177214314,4.705,3521610.0,3521610.0,0.8565641067676302,4.493592721254355,-589711.0,,0.17142857142857143,35.0
0x9b8342b6eb9ee38acb1a4d75c5609b99cb531595,0.02916500573546015,0.026576012,0,29.245,9,1764560936,-0.31663326621611554,-0.3169672675517866,-0.31663326621611554,-0.31663326621611554,-0.9509018026553597,0.0,-0.31663326621611554,0.0,0.0,-0.006666666666666442,-0.3167445999946725,0.0,-0.3168559337732295,,,-0.02211540256237132,1,0.07268341763133024,0.054023070450040546,-0.31663326621611554,0.040757868648868344,4.5,3525880.0,3525880.0,0.8566575563728283,4.282452380952381,-589977.0,,0.09090909090909091,33.0
0xa2423bf6fbb4de39c028c8ef7fc4df5be55c34ef,0.029151641702632566,0.026466517,0,333.333333,2,1764971577,-0.0020040065230440864,-0.0030060105300571114,-0.0020040065230440864,-0.0020040065230440864,-0.004251140860243102,0.0,-0.0020040065230440864,0.0,0.0,,-0.0020040065230440864,0.0,-0.0020040065230440864,,,-0.01609998874560002,0,0.07268341763133024,,-0.0020040065230440864,0.10989178558297198,3.0,2402194.0,2402194.0,0.5306959154737283,4.01053406060606,-2124304.0,,0.0,15.0
0xea4f986e34f9620c150f6df777c9685636c4f77e,0.029151641702632566,0.026466517,0,500.0,2,1764860315,-0.0010020040070130248,-0.0020040080140260497,-0.0010020040070130248,-0.0010020040070130248,-0.0028340953125400112,0.0,-0.0010020040070130248,0.0,1.0,,-0.0010020040070130248,0.0,-0.0010020040070130248,,,-0.007699999999099994,0,0.07268341763133024,,-0.0010020040070130248,0.0996054064336035,9.999999,2340604.0,2340604.0,0.5301197942760024,20.333622098958333,-2074632.0,,0.05454545454545454,55.0
0x46d34c6052bbb4443b1749e45879f39d48b814bb,0.02915136009543955,0.026464209,0,1591.239313,6,1764826201,-0.0193655139400908,-0.020367517947103824,-0.0193655139400908,-0.0193655139400908,-0.049347178635629166,0.0,-0.0193655139400908,0.0,0.0,,-0.0193655139400908,0.0,-0.0193655139400908,,,0.09105198243836812,0,0.07268341763133024,,-0.0193655139400908,0.09489729485908767,35.234849999999994,2718498.0,2718498.0,0.6205026931457284,50.79239545,-1662624.0,,0.3103448275862069,29.0
0x0e4b48bbcd0868659d9296869d62e819fd06db7e,0.02914638956054461,0.026423471,0,56.574765,13,1764825083,-0.002767049921887189,-0.002964719009743549,-0.002767049921887189,-0.002767049921887189,-0.0066913801584037895,0.0,-0.002767049921887189,0.0,0.0,0.42738193666666585,-0.002572117695087863,0.0,-0.0023771854682885377,,,0.13539999999999985,1,0.07268341763133024,-0.00203690100788408,-0.002767049921887189,1.0,7.575,,,,12.419705090909092,,,0.0,1.0
0xc6550dd20bbb7b7a80c70d66e691cbe41f35c1ee,0.029132679456074406,0.02631107,0,500.0,4,1764844907,0.0,0.0,0.0,0.0,0.0,0.0,0.0,0.0,0.0,-0.5000000000000004,-0.0002505010017532562,0.0,-0.0005010020035065124,,,-0.023699998666350464,1,0.07268341763133024,-0.006296994594998304,0.0,0.029648505553876225,1.05457,4400852.0,4400852.0,1.0002327363706036,1.5619886258503402,1024.0,,0.6511627906976745,43.0
0x5448227a1c2a106ba44fa037f836962280ef18e9,0.02912566903509788,0.026253575,0,1905.96,4,1764887111,-0.003660648422084368,-0.004662652429097392,-0.003660648422084368,-0.003660648422084368,-0.008484412642290226,0.0,-0.003660648422084368,0.0,0.0,,-0.003660648422084368,0.0,-0.003660648422084368,,,-0.026945974872033714,0,0.07268341763133024,,-0.003660648422084368,0.7885587682293407,49.999999,39308229.0,39308229.0,8.849154846250546,216.23557175714282,34866197.0,0.0,0.043478260869565216,23.0
0xe788f302cb41f6a8cc06aad7a55d3d1c2367a272,0.02910891533970425,0.02611612,0,1.999996,2,1764845913,0.0020049830370674495,0.003006987044080474,0.0020049830370674495,0.0020049830370674495,0.004252521859618791,-0.08959440681808772,0.0020049830370674495,-0.09029440681808773,0.0,,0.0020049830370674495,0.000905593181912282,0.0020049830370674495,-0.0873898754126326,-0.08928988841320915,,1,0.07268341763133024,-0.006440002019926833,0.0020049830370674495,0.133686661019594,53.0868,,,,51.03853755913979,,,0.3793103448275862,29.0
0x43a9678bb6338a781bc4a812c203c8ca2f6ab8ba,0.02909523163564854,0.026003795,0,48.690000000000005,15,1764556404,-0.31596526354477356,-0.3162992648804446,-0.31596526354477356,-0.31596526354477356,-1.2250217852996101,0.0,-0.31596526354477356,0.0,0.0,-0.004999999999999866,-0.3160487638786913,0.0,-0.31613226421260904,,,-0.02211540256237127,1,0.07268341763133024,0.05498465746751249,-0.31596526354477356,0.04364705336655649,4.73,3516220.0,3516220.0,0.8552522605242835,4.431901960784314,-595105.0,0.0,0.06060606060606061,33.0
0x8eb52f46d32d4c179d3183297851a4e41a437217,0.02909523163564854,0.026003795,0,9.75,3,1764556902,-0.31696726755178656,-0.3173012688874576,-0.31696726755178656,-0.31696726755178656,-0.5495819190191504,0.0,-0.31696726755178656,0.0,0.0,0.0,-0.31696726755178656,0.0,-0.31696726755178656,,,-0.03763917155848215,1,0.07268341763133024,0.05487856887335186,-0.31696726755178656,0.040101642689482644,4.605,3516828.0,3516828.0,0.8552965436498604,4.305123480427047,-594995.0,0.0,0.06060606060606061,33.0
0x86420e4eacf64cadedae09b87d4b21e756a032a7,0.02909523163564854,0.026003795,0,87.71000000000001,27,1764556406,-0.3162992648804446,-0.31663326621611565,-0.3162992648804446,-0.3162992648804446,-1.6452747133583832,0.0,-0.3162992648804446,0.0,0.0,-0.0077777777777776535,-0.31642915428876106,0.0,-0.3165590436970776,,,-0.026737817070087794,1,0.07268341763133024,0.05498423311313585,-0.3162992648804446,0.045600171607656316,4.645,3521254.0,3521254.0,0.8564762666652397,4.404,-590073.0,0.0,0.0,33.0
0xb826e1997a23ff14f8144f92877685f131c62606,0.029068112545230694,0.025781032,0,871.43604,21,1764678560,0.0,1.1039079151231531e-17,0.0,0.0,3.1917654395882167e-09,0.0,0.0,0.0,0.0,0.41477777777778146,0.0007871382487751792,0.0,0.0015742764975503584,,,-1.0143871733437675,1,0.07268341763133024,0.024737101854810546,0.0,0.07420355793057797,4.01795,3643242.0,3643242.0,0.8605783278583274,29.628820130044843,-590239.0,,0.359375,128.0
0x5185a06eeeb0184c60c89180fdc9604d488d79e6,0.029066071358192426,0.025764257,0,1767.475384,29,1764825751,0.00417322688479862,0.00437529075922813,0.00417322688479862,0.00417322688479862,0.014267151448351043,-0.017083801082755857,0.00417322688479862,-0.016496071734362475,0.0,-0.5802897644444592,0.004031673849342745,0.0014886032641901494,0.0038901208138868706,-0.07045302590316269,-0.0715991453481633,0.1315724998388998,1,0.07268341763133024,-0.0024604066757733115,0.00417322688479862,0.018557717292074644,3.0,4620695.0,4620695.0,1.054791365343034,27.878630460127592,240023.0,0.0,0.3564493758668516,720.0
0xb48b9192dc52eed724fa58c66fa8926d06a3648e,0.029064066116858783,0.025747776,0,190.52125999999998,3,1764531086,-0.903680961922933,-0.9046829659299461,-0.903680961922933,-0.903680961922933,-1.1145624952068032,0.0,-0.903680961922933,0.0,0.0,,-0.903680961922933,0.0,-0.903680961922933,,,-0.0706593314859612,0,0.07268341763133024,,-0.903680961922933,0.019827704626294736,302.20550000000003,15121888.0,15121888.0,3.7008962539711754,774.0940513164653,11035881.0,0.0,0.1051980198019802,795.0
0xad1c4da65363b43cdee3b43f3b1a5e1142d99d90,0.029061018171381084,0.025722723,0,29333.326666,6,1764820423,-6.830139093559952e-10,-9.106852124746604e-10,-6.830139093559952e-10,-6.830139093559952e-10,-1.910508028799793e-06,0.0,-6.830139093559952e-10,0.0,0.0,-30.22220855999981,-0.00038713850781315023,0.0,-0.000774276332612391,,,0.26004545454159583,1,0.07268341763133024,-0.0010761626991654223,-6.830139093559952e-10,0.16795874307073638,9.75,42604330.0,42604330.0,9.737366936176905,12.734322113207545,38228986.0,,0.5714285714285714,14.0
0x0da462636b228293849aac34c18577244775edde,0.02904720636807852,0.025609165,0,10.8,2,1764522258,-0.9739478948166592,-0.9749498988236722,-0.9739478948166592,-0.9739478948166592,-1.378787369550714,0.0,-0.9739478948166592,0.0,0.0,,-0.9739478948166592,0.0,-0.9739478948166592,,,-0.06990805572104078,0,0.07268341763133024,,-0.9739478948166592,0.2335132709415185,16.595100000000002,,,,58.697665924778754,,,0.7045454545454546,85.0
0xc9ea8f2daa4e4b6ef010889a112d524b2bfc2203,0.029029856287171096,0.025466442,0,1.4825000000000002,2,1764923609,0.0010020040070129691,0.0020040080140259937,0.0010020040070129691,0.0010020040070129691,0.002834095312539932,-0.09076242533927248,0.0010020040070129691,-0.09119699875591569,0.0,,0.0010020040070129691,0.0009030075163394056,0.0010020040070129691,0.000603007517539401,-0.09119699875591569,,1,0.07268341763133024,-0.02292532084373532,0.0010020040070129691,0.11466590015693535,1.962866,6571061.0,6571061.0,1.4672361243533034,64.07107904651161,2092531.0,,0.6153846153846154,26.0
0x04a6b66b39da6206356b37d2447962c256f69f87,0.029029856287171096,0.025466442,0,2.899996,2,1764927049,0.002004637727716653,0.0030066417347296773,0.002004637727716653,0.002004637727716653,0.00425203351845168,-0.08774078463837684,0.002004637727716653,-0.09119479394288399,0.0,,0.002004637727716653,0.0013053377138785402,0.002004637727716653,0.001809729907077807,-0.09019027605883197,,1,0.07268341763133024,-0.02365521037156045,0.002004637727716653,0.09067882854604029,2.549844,6577307.0,6577307.0,1.467503575436694,56.0051137142857,2095337.0,,0.7083333333333334,24.0
0x0a3502758e5df134ce95212b7c3388ac64d20d46,0.029024467681767356,0.025422098,0,5.677842,2,1764825089,0.018036072479186805,0.01903807648619983,0.018036072479186805,0.018036072479186805,0.026923905968280117,-0.07787888532334994,0.018036072479186805,-0.07070373208031569,0.0,,0.018036072479186805,-0.07030373208031569,0.018036072479186805,-0.07087453987314331,-0.06967453987314332,,1,0.07268341763133024,-0.002021624250324949,0.018036072479186805,0.0,53.795,6710087.0,6710087.0,1.5319798356624756,637.8415741167117,2330077.0,,,0.0
0xc3ada355f65bab68b95d65d28a7504d454863581,0.02902327225679492,0.02541226,0,78.712186,7,1764780875,-4.77920782891482e-07,-1.1675278442429611e-05,-4.77920782891482e-07,-4.77920782891482e-07,-0.0032725889427942315,0.0,-4.77920782891482e-07,0.0,0.0,-0.5068001827867223,-0.004451822157769188,0.0,-0.008903166394755484,,,-1.031421583377176,1,0.07268341763133024,0.001555683144771466,-4.77920782891482e-07,0.028911930717409863,1.1,3771297.0,3771297.0,0.8698049908252141,3.7329461663007684,-564499.0,0.0,0.17266187050359713,139.0
0x357ecb1969b0a288d37e6a28223e620ef2082a0c,0.029023209793645272,0.025411746,0,134997.32759200002,35,1764818653,0.005471708714005257,0.005659423155372275,0.005471708714005257,0.005471708714005257,0.04937675348176594,-0.04642984897084608,0.005471708714005257,-0.045932268928517615,0.0,38.62319661446089,0.005683936196328553,-0.02926564716436404,0.0058961636786518485,-0.054498496820153355,-0.056183826616223176,,1,0.07268341763133024,-0.0006560518662893308,0.005471708714005257,0.0,22.12495,4044005.0,4044005.0,0.9246453815575087,319.8169083054443,-329569.0,0.0,,0.0
0x2ed40b79c8a65e1b2ccb95689977e65ddac4ac30,0.02902126399605466,0.02539573,0,299.8,4,1764840623,0.0,0.0,0.0,0.0,0.0,-0.04569999999999999,0.0,-0.04519849624123022,0.0,0.10000000000001119,0.000125250500876642,-0.0008984962412302143,0.000250501001753284,-0.08889698635560583,-0.09039699248246055,,1,0.07268341763133024,-0.0053175846937073765,0.0,0.12232798983132269,99.9999895,27376236.0,27376236.0,6.228179265183104,146.70126039200002,22980692.0,0.0,0.6333333333333333,30.0
0x30cecdf29f069563ea21b8ae94492e41e53a6b2b,0.029017296300899997,0.02536307,0,2787.3747,297,1764187361,-0.6271453853555775,-0.6281473893625904,-0.6271453853555775,-0.6271453853555775,-10.596681565614961,0.0,-0.6271453853555775,0.0,0.2499592178977588,,-0.6271453853555775,0.0,-0.6271453853555775,,,-0.04917359198230824,0,0.07268341763133024,,-0.6271453853555775,0.0,2.63472,1368003.0,1368003.0,0.36555315713781056,5.569746602469136,-2374279.0,0.0,,0.0
0x8310bbf5ba070c64494fb7f01ee82b73a6d6d990,0.029017296300899997,0.02536307,0,1.9999989999999999,2,1764919785,-0.002004006514026083,-0.0030060105210391076,-0.002004006514026083,-0.002004006514026083,-0.00425114084748972,0.0,-0.002004006514026083,0.0,0.0,,-0.002004006514026083,0.0,-0.002004006514026083,,,-0.01599998757460025,0,0.07268341763133024,,-0.002004006514026083,0.0,1.481395,1516144.0,1516144.0,0.33882538875179735,7.204115419936375,-2958562.0,,,0.0
0xe7cfca5e480c9ca8c6dae212cd822144f57d47bf,0.029016168136019784,0.025353784,0,2000.0,8,1764934955,-0.0030060120210390747,-0.004008016028052099,-0.0030060120210390747,-0.0030060120210390747,-0.011336381250160043,0.0,-0.0030060120210390747,0.0,0.0,,-0.0030060120210390747,0.0,-0.0030060120210390747,,,-0.024100000299700018,0,0.07268341763133024,,-0.0030060120210390747,0.22473093309831474,0.999999,26414611.0,26414611.0,5.883149334190967,1.7974463846153845,21924735.0,,0.8461538461538461,13.0
0xb4bf2188b41a2f38daeb8dd6b49cf98398dceab4,0.029009987289929838,0.025302896,0,4213.494444,8,1764827367,0.0,0.00016031943818819446,0.0,0.0,0.0004008000991350275,0.0,0.0,0.0,0.0,-29.888036704666746,-0.0022644896421141706,0.0,-0.004528979284228341,,,0.10690000272134911,1,0.07268341763133024,-0.011281461103041306,0.0,0.45741260124773947,26.049989,,,,57.68856628816794,,,0.0,3.0
0xc2a37f1eb84fcc156c8aece9105dc1a73a36c3a6,0.02900209499423412,0.025237903,0,6101.151994,14,1764642424,-0.9155322223084998,-0.9165342263155131,-0.9155322223084998,-0.9155322223084998,-2.0680705719687626,0.0,-0.9155322223084998,0.0,0.0,,-0.9155322223084998,0.0,-0.9155322223084998,,,-0.019511037407771648,0,0.07268341763133024,,-0.9155322223084998,0.15266814740759999,20.05095,4926631.0,4926631.0,1.1737493582252592,755.6054404865455,729286.0,0.0,0.5103448275862069,128.0
0xf164b5ed2724c4b1af8b5e08199ca679647cb99c,0.02898749432438665,0.02511762,0,7294.027937,13,1764834969,7.824746225124197e-09,2.3474238675371727e-08,7.824746225124197e-09,7.824746225124197e-09,1.1879717474999908e-05,-0.04494521213005174,7.824746225124197e-09,-0.04339258314847259,0.0,0.8145166957777982,0.00025050776345564887,0.0015392796922627345,0.0005010077021650725,-0.08285670297707205,-0.08632966041232312,,1,0.07268341763133024,-0.004117934870938982,7.824746225124197e-09,0.07813450284888057,19.999998,4425062.0,4425062.0,1.008012045859919,209.24328729962673,35172.0,,0.3181818181818182,43.0
0x41f20a177751b3d0746617b31eeb02e84b80d8ef,0.02898520457285628,0.025098752,0,356.38061799999997,16,1764465377,-0.037991403027170224,-0.0662602978205686,-0.037991403027170224,-0.037991403027170224,-0.3455475017267616,0.0,-0.037991403027170224,0.0,0.0,0.10751009199999957,-0.03759781960417691,0.0,-0.03720423618118359,,,-0.009031838149299537,3,0.07268341763133024,0.06502403331012115,-0.037991403027170224,0.0,15.435,2635608.0,2635608.0,0.6555752832252734,17.89268879338843,-1384690.0,0.0,,0.0
0xf8be921a7922a4d22280cc6fdf8eefeff6ddc8d1,0.028982812162108424,0.025079036,0,9191.063577,36,1764691974,-0.0034285782072799266,-0.0037148652922358067,-0.0034285782072799266,-0.0034285782072799266,-0.014567038119597343,-0.02924048391068051,-0.0034285782072799266,0.015104433270346973,0.11305712124189624,1521.361270491667,0.07823644378891793,0.01853918528732759,0.1599014657851158,7.397247941185277,7.386082424985982,0.1478499999999999,2,0.07268341763133024,0.026222342173059354,-0.0034285782072799266,0.0,0.501594,6444884.0,6444884.0,1.5175519997551152,30.3186510426787,2197989.0,0.0,,0.0
0x91ab0798049bab210ef31d908593f6635e56740c,0.02897987847144626,0.025054857,0,25.948,2,1764933905,0.0010020040070130248,0.0020040080140260497,0.0010020040070130248,0.0010020040070130248,0.0028340953125400112,-0.08759699248246057,0.0010020040070130248,-0.09320300751753946,0.0,,0.0010020040070130248,-0.0010030075175394627,0.0010020040070130248,0.0006030075171031002,-0.09119699248246055,,1,0.07268341763133024,-0.025109897174690997,0.0010020040070130248,0.1663846930732612,36.904849999999996,,,,103.42927454522612,,,0.5,8.0
0x449699d3340a5d12346dd61a418cd3f552a07865,0.02897987847144626,0.025054857,0,1.4825000000000002,2,1764919145,0.0010020040070129691,0.0020040080140259937,0.0010020040070129691,0.0010020040070129691,0.002834095312539932,-0.09319699245225262,0.0010020040070129691,-0.09370300751753953,0.0,,0.0010020040070129691,-0.0010030075175395238,0.0010020040070129691,0.0010030075175394013,-0.0916969924824606,,1,0.07268341763133024,-0.02197816187506922,0.0010020040070129691,0.1597352761876085,1.399998,,,,57.096836393258435,,,0.6818181818181818,22.0
0xc06f7c119fe36ac6eca1a0c8d5b00d2c47c34b0f,0.02897987847144626,0.025054857,0,200.4005,3,1764883153,0.001002004007013025,0.0020040080140260497,0.001002004007013025,0.001002004007013025,0.003396074913969814,-0.09100300752219741,0.001002004007013025,-0.09250300452055307,0.0,,0.001002004007013025,-0.0010030045205530417,0.001002004007013025,0.0010030058159493937,-0.09049699248246056,,1,0.07268341763133024,-0.014341480513010494,0.001002004007013025,0.16348718648732935,15.709995,,,,113.00045509352518,,,0.5625,32.0
0x65eb551a1bf8e9682fa366b5949058040da87b05,0.028969785079591994,0.02497165,0,6.0,4,1764213117,0.0,0.0,0.0,0.0,0.0,-0.029000000000000005,0.0,-0.009000000000000005,0.0,1.0,0.0012525050087662797,-0.012050000000000003,0.0025050100175325594,-0.066,-0.066,,1,0.07268341763133024,0.12782487404101214,0.0,0.24700467669603018,1.0,33525570.0,33525570.0,8.897354538356566,8.60945176223776,29757532.0,0.0,0.3333333333333333,24.0
0x6eced80c49d74235b1f2b364549f7b70bde73a17,0.028964755586763903,0.02493018,0,1.002,2,1764916901,0.0010020040070130248,0.0020040080140260497,0.0010020040070130248,0.0010020040070130248,0.002834095312540011,-0.09339699321720536,0.0010020040070130248,-0.09230000000000001,0.0,,0.0010020040070130248,-0.0001000000000000001,0.0010020040070130248,0.0007030075175394623,-0.09129699248246055,,1,0.07268341763133024,-0.021502036264476318,0.0010020040070130248,0.08553920789665524,4.8,5286705.0,5286705.0,1.1822261708985733,43.901755834951466,814883.0,,0.8611111111111112,36.0
0xee292e8cbca9cf11b394a98f0ee6904c00e389d8,0.028955629667258936,0.024854911,0,1351.901623,42,1764522528,-2.4026087305631996e-06,-2.4104603930813802e-06,-2.4026087305631996e-06,-2.4026087305631996e-06,-0.0014914700753877856,0.0,-2.4026087305631996e-06,0.0,0.0,-1.8692640251999995,-0.007704349650731352,0.0,-0.01540629669273214,,,-1.0388431458064642,3,0.07268341763133024,0.061697943705997106,-2.4026087305631996e-06,0.0,30.223999999999997,2516005.0,2516005.0,0.6170537019592397,49.56509931873316,-1561444.0,,,0.0
0xad06035a5529de3e750239bc334f7ab1f28d2dfa,0.028946757781724973,0.024781717,0,12494.598680000001,37,1764709495,0.0,0.00032100099122023317,0.0,0.0,0.0009458814621350697,-0.03045251715721702,0.0,-0.029630772071930607,0.0,-160.34695745025004,-0.004190850100114769,-0.0009806558693385944,-0.008381700200229538,-0.00019999999999998909,-0.0908,-0.974500000313843,3,0.07268341763133024,0.02208679659548971,0.0,0.0,2.8,3184306.0,3184306.0,0.7467156112349265,61.42623419923225,-1080110.0,,,0.0
0xa09c9663ee39d05323eabcd22c0e6389e0e3f710,0.028945849203559883,0.02477422,0,1321.1524,4,1764819405,0.0,0.0,0.0,0.0,0.0,-0.04630451693426256,0.0,-0.04455000000000006,0.0,0.6619000000000006,0.0002505010017532562,-0.04499999990608803,0.0005010020035065124,-0.08819096613147513,-0.08709096613147513,,1,0.07268341763133024,-0.000815609111906917,0.0,0.010891129957811815,69.6,15635495.0,15635495.0,3.5743780870470103,418.6765612297584,11261169.0,0.0,0.804,497.0
0xf02105d60083d7d74d7e0f9785d79e06137cdf56,0.028941630603118405,0.024739407,0,1177.139999,7,1764830245,-4.537157800594556e-08,-5.2933508552299493e-08,-4.537157800594556e-08,-4.537157800594556e-08,-3.8537102991451475e-05,0.0,-4.537157800594556e-08,0.0,0.0,-16.971359504007943,-0.0028075410367479326,0.0,-0.005615036701917859,,,-0.17830002296153863,1,0.07268341763133024,-0.01834059615848957,-4.537157800594556e-08,0.0,11.584285,2842439.0,2842439.0,0.6481941618629716,45.973839672969966,-1542727.0,,,0.0
0xe88bf2f3a827a110eada37c59419b109bc07f99f,0.02893644247494175,0.024696587,0,9030.208,6,1764821857,0.005410821637870347,-0.0012024048084156157,0.005410821637870347,0.005410821637870347,-0.002656183162591954,0.0,0.005410821637870347,0.0,1.0,44.44000000000003,0.006913827648389884,0.0,0.008416833658909422,,,0.26640000000000086,1,0.07268341763133024,-0.0033999272656598436,0.005410821637870347,0.14307192916284792,28.914599,5262852.0,5262852.0,1.2024489247569787,172.54895948210927,886074.0,,0.5714285714285714,28.0
0x7e4a945419cd689e22046f57fdca2d8ae290a4e4,0.028929591800331004,0.024640033,0,103.34145000000001,12,1764700424,-0.045710809629869856,-0.04576006696783308,-0.045710809629869856,-0.045710809629869856,-0.20638869823729059,-0.12667113107926387,-0.045710809629869856,-0.06657796871413102,0.0,-0.5876899999999998,-0.04764196673111107,-0.0635287167671108,-0.04957312383235229,7.269000000000001,7.261400000000001,,1,0.07268341763133024,0.02442944493174472,-0.045710809629869856,0.6049590112698143,5.31,,,,19.0222778627451,,,0.14285714285714285,14.0
0x24da66d14266661f0e3b37ac0176f96adc826f1c,0.028921710575465887,0.024574956,0,1000.0,2,1764867947,-0.0010020040070130248,-0.0020040080140260497,-0.0010020040070130248,-0.0010020040070130248,-0.002834095312540011,0.0,-0.0010020040070130248,0.0,1.0,,-0.0010020040070130248,0.0,-0.0010020040070130248,,,-0.008000000000000007,0,0.07268341763133024,,-0.0010020040070130248,0.2244898250729313,1.999999,5106528.0,5106528.0,1.1545739099606862,2.902497368421053,683660.0,,0.2,5.0
0x438ed5bed99bc6b517e9b5a22ad3ee9e21d9e08e,0.028920398819293265,0.024564123,0,78642.917204,24,1764829533,0.0024009564078308616,0.0031687965591587616,0.0024009564078308616,0.0024009564078308616,0.008739378367954197,-0.07840509554599974,0.0024009564078308616,-0.07671914077244833,0.0,4.923762498499859,0.0024940363327733937,0.003335943429183975,0.002587116257715926,-0.07622160335220501,-0.07918271446331611,,1,0.07268341763133024,-0.0029645396752246214,0.0024009564078308616,0.0,97.38425649999999,6357199.0,6357199.0,1.4499408592267133,799.3078011418032,1972745.0,,,0.0
0xb3c02303fa5d363159e5e1ea87ac517569ef4bf8,0.028908004716611813,0.024461742,0,2487.085,5,1764893751,-0.007008020530687885,-0.008010024537700913,-0.007008020530687885,-0.007008020530687885,-0.015161173743726494,0.0,-0.007008020530687885,0.0,0.0,,-0.007008020530687885,0.0,-0.007008020530687885,,,-0.05639999999999915,0,0.07268341763133024,,-0.007008020530687885,0.054934600975910956,24.999999,2655548.0,2655548.0,0.5969304997086771,63.062124233918134,-1793124.0,,0.27419354838709675,62.0
0xed2a5f3492bbb273eb066f7417369a36c8106074,0.028907934603632317,0.024461163,0,200.4,4,1764899631,0.0,0.0,0.0,0.0,0.0,0.0,0.0,0.0,0.0,-0.8000000000000007,-0.0005010020035065124,0.0,-0.0010020040070130248,,,-0.03230000000000003,1,0.07268341763133024,-0.029360654965519085,0.0,0.4764678440118914,1.0908,18235715.0,18235715.0,4.093725923504765,24.30049534351145,13781163.0,,0.3287671232876712,73.0
0x5be78e99197891cd5b07c432d1ab7eba50b1d440,0.028895886188935807,0.024361597,0,39.939696,4,1764819669,-5.943745772407673e-09,2.377653575590854e-08,-5.943745772407673e-09,-5.943745772407673e-09,9.762068481615682e-06,-0.04575325763332787,-5.943745772407673e-09,-0.04624723019309916,0.0,-0.010029476006216216,-0.0001252491582360457,-0.04429721862537118,-0.000250492372726319,-0.08698185155869223,-0.09048185155869222,,1,0.07268341763133024,-0.0008716238896237293,-5.943745772407673e-09,0.013346231721147545,66.5898,18471832.0,18471832.0,4.22252873983619,415.51809302930553,14097242.0,0.0,0.7948243992606284,535.0
0x8f7bb1d97c28278e28943b8481f1a1651605154b,0.028894804743204577,0.024352659,0,203548.943102,109,1764779301,6.45453724510892e-05,0.00011104264233651961,6.45453724510892e-05,6.45453724510892e-05,0.0012511570479315454,0.260230650996526,6.45453724510892e-05,-0.012626587641863179,0.0,83.01267722497994,0.00490656901825227,0.027988372597740126,0.009748592664053451,2.3204727404712497,2.279716496132892,,3,0.07268341763133024,0.007693544848528827,6.45453724510892e-05,0.03983575331441461,36.92,33540471.0,33540471.0,7.738521700088274,351.9981355524526,29206249.0,0.0,0.5087719298245614,111.0
0x382a9d45915bb4b55f2b21e4debc813a0f3ddc85,0.028884977758818743,0.024271417,0,102.08983900000001,4,1764829703,0.006011837010801631,0.006345827955846167,0.006011837010801631,0.006011837010801631,0.010991467406670027,0.0,0.006011837010801631,0.0,0.0,-0.09999233650000564,0.005844833739463937,0.0,0.005677830468126243,,,-0.14570001127888496,1,0.07268341763133024,-0.00304856184179984,0.006011837010801631,0.3182639023895016,15.3999995,24326247.0,24326247.0,5.5480805195610845,35.965075125000006,19941623.0,,0.3333333333333333,9.0
0x33ec3edc5082a54c1e2dba669953db36a768d084,0.02888417400741071,0.024264771,0,1593.01216,8,1764888829,0.0,0.0,0.0,0.0,0.0,0.0,0.0,0.0,0.0,0.0,0.0,0.0,0.0,,,-0.02420000000000002,1,0.07268341763133024,-0.018573566711266313,0.0,0.5918367346938775,1.0,,,,1.7437497916666664,,,0.0,2.0
0xb7024031041d69633992c0d5b5e95f61bfaeec9e,0.028882846333304398,0.024253793,0,31.375,4,1764225831,0.0,0.0,0.0,0.0,0.0,0.0,0.0,0.0,0.0,-30.9375,-0.12399799586786171,0.0,-0.24799599173572343,,,0.00688484791118636,1,0.07268341763133024,-0.022270117686199273,0.0,0.43487535941112493,22.9495,,,,86.68190357954545,,,0.3076923076923077,13.0
0xee91fe99a27056432eb6a7960b900a58f8ce7eb9,0.02888252332144767,0.024251122,0,1.0952870000000001,2,1764798663,-0.9138276260360743,-0.9148296300430871,-0.9138276260360743,-0.9138276260360743,-1.2937644700676951,0.0,-0.9138276260360743,0.0,0.0,,-0.9138276260360743,0.0,-0.9138276260360743,,,-1.0460223073260906,0,0.07268341763133024,,-0.9138276260360743,0.0,4.4363,1498894.0,1498894.0,0.34428967030382324,4.51465180056444,-2854690.0,0.0,,0.0
0x64ad1f7bef50cbf11093553aafb94379af713050,0.028880672040071602,0.024235813,0,1187.61,5,1764846577,1.5668688719552677e-17,0.0010020040070130405,1.5668688719552677e-17,1.5668688719552677e-17,0.002205365473265452,-0.03026654892965965,1.5668688719552677e-17,-0.030632935273441447,0.0,0.0,1.5668688719552677e-17,0.0003376527510126243,1.5668688719552677e-17,-0.02916198871049161,-0.030130321845824964,,2,0.07268341763133024,-0.006580887672972148,1.5668688719552677e-17,0.010844596741934344,59.894999999999996,34211700.0,34211700.0,7.772740098939043,226.517144771353,29810202.0,0.0,0.7938718662952646,356.0
0xd45dee68e7b299a8d957ce987ef7215063599145,0.02887036517288791,0.024150563,0,410.315,3,1764847013,0.00033400133567100824,0.0006680026713420165,0.00033400133567100824,0.00033400133567100824,0.001157014566356107,-0.060733333333333334,0.00033400133567100824,-0.061000000000000006,0.0,0.13700000000000012,0.00041750166958876033,-0.00013333333333334085,0.0005010020035065123,-0.03979699248246054,-0.09049699248246056,,1,0.07268341763133024,-0.006673396927080217,0.00033400133567100824,0.07455210152642276,43.5,7770715.0,7770715.0,1.765295663224392,70.13875470085469,3368781.0,,0.7142857142857143,21.0
0xde358407c61ea4ed169f19ca5a27f9e88e18e2ff,0.028865628427276444,0.024111375,0,10000.0,2,1764873223,-0.0010020040070130248,-0.0020040080140260497,-0.0010020040070130248,-0.0010020040070130248,-0.002834095312540011,0.0,-0.0010020040070130248,0.0,1.0,,-0.0010020040070130248,0.0,-0.0010020040070130248,,,-0.008000000000000007,0,0.07268341763133024,,-0.0010020040070130248,0.09502090000557165,19.999999,2658294.0,2658294.0,0.600317875841436,28.387079235294117,-1769850.0,,0.16,25.0
0x2783e38aa7b7d1ba8a7f3cef36bed993f3138321,0.02886253899588831,0.024085812,0,4984.0,7,1764836263,0.002204408815428654,0.00320641282244168,0.002204408815428654,0.002204408815428654,0.007637688780074423,-0.055342394473157204,0.002204408815428654,-0.0876403002342593,0.0,,0.002204408815428654,0.00034132906352776467,0.002204408815428654,-0.06050050743143324,-0.08708963536770624,,2,0.07268341763133024,-0.0043924921526266895,0.002204408815428654,0.1128341917888172,53.979,35264712.0,35264712.0,8.030798071772898,240.7839250348706,30873528.0,0.0,0.5142857142857142,137.0
0x72a03dbdd6a2b7258a0e542090e20c71c6be3ddf,0.02885830314256938,0.02405076,0,2000.0,8,1764868585,-0.0010020040070130248,-0.0020040080140260497,-0.0010020040070130248,-0.0010020040070130248,-0.005668190625080022,0.0,-0.0010020040070130248,0.0,1.0,,-0.0010020040070130248,0.0,-0.0010020040070130248,,,-0.008000000000000007,0,0.07268341763133024,,-0.0010020040070130248,0.15479406696868214,29.999999,3270326.0,3270326.0,0.7393063330308584,35.77312775,-1153180.0,,0.1875,16.0
0xf5bd0f1e561a14bb1b527e3b06d59989ae17169a,0.028857021408829297,0.024040151,0,4004.0,10,1764948439,-0.0008016032056104199,-0.0018036072126234447,-0.0008016032056104199,-0.0008016032056104199,-0.0057035067961976795,0.0,-0.0008016032056104199,0.0,0.7502497502497503,,-0.0008016032056104199,0.0,-0.0008016032056104199,,,-0.007700000000000007,0,0.07268341763133024,,-0.0008016032056104199,0.041997562999930176,7.999999,3736500.0,3736500.0,0.8297138136857812,21.78852169658887,-766860.0,,0.29896907216494845,194.0
0xfcd015b771c082b8be501baecf99e5eb8bc78e17,0.028857021408829297,0.024040151,0,1000.0,2,1764858931,-0.0010020040070130248,-0.0020040080140260497,-0.0010020040070130248,-0.0010020040070130248,-0.002834095312540011,0.0,-0.0010020040070130248,0.0,1.0,,-0.0010020040070130248,0.0,-0.0010020040070130248,,,-0.007999998189950331,0,0.07268341763133024,,-0.0010020040070130248,0.06145148376820653,4.999999,3691325.0,3691325.0,0.8363046608721815,5.765124464285715,-722527.0,0.0,0.36666666666666664,30.0
0x3c6951cd5206d11860a9519dd08968f77ec2cf07,0.028857021408829297,0.024040151,0,39.592591,5,1764829533,-0.021876723396107647,-0.022878727403120667,-0.021876723396107647,-0.021876723396107647,-0.05109842263877128,0.0,-0.021876723396107647,0.0,0.0,,-0.021876723396107647,0.0,-0.021876723396107647,,,-0.1860999999040005,0,0.07268341763133024,,-0.021876723396107647,0.14805542049770035,1.053579,3316000.0,3316000.0,0.7563085392160575,2.170710395,-1068454.0,,0.36363636363636365,33.0
0x859c10f621d350767facd3a11f365e7c38a7d70e,0.028857021408829297,0.024040151,0,2.0,2,1764881403,-0.0010020040070130248,-0.0020040080140260497,-0.0010020040070130248,-0.0010020040070130248,-0.0028340953125400112,0.0,-0.0010020040070130248,0.0,1.0,,-0.0010020040070130248,0.0,-0.0010020040070130248,,,-0.008000000000000007,0,0.07268341763133024,,-0.0010020040070130248,0.08587003398077599,1.0,3338986.0,3338986.0,0.7526470113544457,2.3550604754098363,-1097338.0,0.0,0.3333333333333333,45.0
0x2ad3139e375f14b6ac43627b2fc00435e557c091,0.028857021408829297,0.024040151,0,2666.666666,6,1764946899,-0.0016282563251643044,-0.0026302603321773296,-0.0016282563251643044,-0.0016282563251643044,-0.005815221814933764,0.0,-0.0016282563251643044,0.0,0.37500000009375,,-0.0016282563251643044,0.0,-0.0016282563251643044,,,-0.007700000896399994,0,0.07268341763133024,,-0.0016282563251643044,0.13996401966764668,3.0,3224474.0,3224474.0,0.716260090363453,3.8238126216216215,-1277346.0,,0.25,12.0
0x72e0877e54aafe7d9589e00a960918aadc0c3bc0,0.028857021408829297,0.024040151,0,24375.0,2,1764858761,-0.0010020040070130248,-0.0020040080140260497,-0.0010020040070130248,-0.0010020040070130248,-0.0028340953125400112,0.0,-0.0010020040070130248,0.0,1.0,,-0.0010020040070130248,0.0,-0.0010020040070130248,,,-0.007700000000000007,0,0.07268341763133024,,-0.0010020040070130248,0.02774324870145432,14.5,3627164.0,3627164.0,0.8218000299976301,15.448427262068964,-786518.0,,0.3026315789473684,76.0
0x877741e65712d2451af39e37d05e4e53521866d0,0.028857021408829297,0.024040151,0,70.0,2,1764832091,-0.03306613223142976,-0.034068136238442785,-0.03306613223142976,-0.03306613223142976,-0.04817962031318011,0.0,-0.03306613223142976,0.0,0.0,,-0.03306613223142976,0.0,-0.03306613223142976,,,-0.2592999999999998,0,0.07268341763133024,,-0.03306613223142976,0.02468629226750047,4.999999,3617708.0,3617708.0,0.8246405526130314,7.996217675384617,-769304.0,,0.304635761589404,302.0
0xfc27cb1c6276dde8b9d0ab9c499041409cd0be92,0.028857021408829297,0.024040151,0,1.999996,2,1764526690,-0.9729454427929247,-0.9739474467999379,-0.9729454427929247,-0.9729454427929247,-1.3773696883031206,0.0,-0.9729454427929247,0.0,0.0,,-0.9729454427929247,0.0,-0.9729454427929247,,,-0.06439765792804607,0,0.07268341763133024,,-0.9729454427929247,0.11617249207401693,2.3817445,2589142.0,2589142.0,0.6343431551904383,15.943796948275864,-1492469.0,,0.36666666666666664,60.0
0x7e9eb87ae2128ebd76973855ba934a742af3a67b,0.028857021408829297,0.024040151,0,500.0,2,1764843777,-0.0030060120210390743,-0.004008016028052099,-0.0030060120210390743,-0.0030060120210390743,-0.0056681906250800225,0.0,-0.0030060120210390743,0.0,0.0,,-0.0030060120210390743,0.0,-0.0030060120210390743,,,-0.020099998525414532,0,0.07268341763133024,,-0.0030060120210390743,0.03955571941299062,4.999999,3712179.0,3712179.0,0.8439267710581632,5.635926816513764,-686519.0,,0.2391304347826087,46.0
0xf4ce1671a52a7e499a3eedc54817725693dba692,0.028857021408829297,0.024040151,0,239.68624,4,1764836201,-0.003006012021039074,-0.0040080160280520985,-0.003006012021039074,-0.003006012021039074,-0.00736587583717461,0.0,-0.003006012021039074,0.0,0.0,,-0.003006012021039074,0.0,-0.003006012021039074,,,-0.02310000021801526,0,0.07268341763133024,,-0.003006012021039074,0.13194346125538606,1.0494750000000002,3413724.0,3413724.0,0.7774149750337157,2.478820398148148,-977398.0,,0.36363636363636365,33.0
0x66a17f32b6f1d2562c1c47e9d6807b17843bdacb,0.028854225417903865,0.02401701,0,18014.438398,29,1764843915,1.7389124723201308e-12,-6.774625415861955e-05,-2.258208356026487e-05,-2.2582083560267377e-05,-0.00045127159134382373,0.0,-2.2582083560267377e-05,0.0,0.0,-2.938519897663673,-0.00017194761846925615,0.0,-0.0002987310680790701,,,-0.018300000000000018,2,0.07268341763133024,-0.010311386998036512,-2.258208356026487e-05,0.3033815124404562,1.0,18376911.0,18376911.0,4.177675866979356,4.114100791878173,13978075.0,,0.024390243902439025,41.0
0x0c93a4291ee2c43a4eae6ca6bcb11f40c3f5a00b,0.028852116896116227,0.023999557,0,4592.645536,3,1764836559,0.0006680048197853253,0.0010020071390195934,0.0006680048197853253,0.0006680048197853253,0.0017381020191908753,-0.06227575151141663,0.0006680048197853253,-0.061133377941792195,0.0,3.0689208329982893,0.0008350052870590114,-0.0024000013188893972,0.0010020057543326975,-0.08669096553023514,-0.08969096553023514,,1,0.07268341763133024,-0.004455296600369783,0.0006680048197853253,0.10270334672679572,56.208600000000004,,,,295.1360330605227,,,0.5714285714285714,42.0
0x3add532beaa0936df0709a35b998cd054e566943,0.02885134935929498,0.023993203,0,700.0,4,1764869947,-0.0001431434295732893,-0.0008588605774397357,-0.0001431434295732893,-0.0001431434295732893,-0.001733217526480721,0.0,-0.0001431434295732893,0.0,1.0,0.6000000000000005,7.15717147866446e-05,0.0,0.0002862868591465785,,,-0.008000000000000007,1,0.07268341763133024,-0.017164710180813156,-0.0001431434295732893,1.0,1.1,,,,3.2731365384615385,,,0.0,1.0
0x1a2669b04930e4dee654d500e1a6a4ea1153c155,0.02885134935929498,0.023993203,0,333.666653,4,1764942517,-0.0012024298633416448,-0.0018036450920208436,-0.001202429863341667,-0.001202429863341667,-0.0032455369092435934,0.0,-0.001202429863341667,0.0,0.0,-0.08332975100996352,-0.0008517074714265392,0.0,-0.0013026267585358937,,,-0.016099922079155653,1,0.07268341763133024,-0.02735642924463648,-0.0008016090238294148,1.0,3.8249994999999997,,,,11.542056818181818,,,0.0,1.0
0x41ab5a4cee5f6405e2e901693f09a1a39abe6473,0.02883555051408841,0.023862388,0,14134.378029,9,1764634548,0.0006101846201581561,0.0006305241074967613,0.0006101846201581561,0.0006101846201581561,0.004425541565631493,0.0,0.0006101846201581561,0.0,0.0,-8108.3021629820005,-0.10846178862407724,0.0,-0.21753376186831264,,,-0.02285756165026516,1,0.07268341763133024,-0.0028228053134260207,0.0006101846201581561,0.12762101331722578,45.967926,5784077.0,5784077.0,1.3806229381336872,179.49935165160525,1594608.0,,0.6521739130434783,23.0
0xb5bd8340ed92f80da6f7863de69f39e9870d76ba,0.028822141887222073,0.02375131,0,713.489992,6,1764830935,0.00123774954162115,0.001650332722161533,0.00123774954162115,0.00123774954162115,0.0035483560397239194,-0.02711920169278133,0.00123774954162115,-0.02605329248618438,0.0,-4.099997701333337,-0.0005747194841036198,0.0006523742691680562,-0.0023871885098283897,-0.08488191142971693,-0.08858190957810166,-0.2108000078651326,1,0.07268341763133024,-0.004208322353163838,0.00123774954162115,0.05027177273490916,10.27,,,,29.199182630480166,,,0.5169491525423728,118.0
0x122d37641815f4eb9a3e8070246981cd9fa4e728,0.028818749936611533,0.023723202,0,11.959999999999999,4,1764819807,0.0,0.0,0.0,0.0,0.0,-0.04419245285001591,0.0,-0.045692452850015906,0.0,0.0,0.0,-0.04374245285001591,0.0,-0.08596981140006363,-0.08936981140006363,,1,0.07268341763133024,-0.0009009043416120629,0.0,0.15703321503677356,3.729,4225434.0,4225434.0,0.9658735354518041,3.687331282051283,-149294.0,,0.09090909090909091,11.0
0x92ac1a952594018e32b33f6c85f367693db883df,0.028816767094939875,0.02370677,0,154630.445061,32,1764821649,-0.006404511654998365,-0.007203705292161645,-0.006404511654998365,-0.006404511654998365,-0.042334683918477375,0.0,-0.006404511654998365,0.0,0.04991038227226888,54.17401999999962,-0.006179483012760692,0.0,-0.005954454370523018,,,-0.037300000000000035,1,0.07268341763133024,-0.0018230264020562515,-0.006404511654998365,0.9329169213339097,9.999997,,,,41.05538351401868,,,0.0,2.0
0x42810c7be81fdf798f1ade7278f5712a7b17b581,0.02881547366664684,0.02369605,0,3113.685633,33,1764827831,-3.040157738375823e-09,-3.061316694154076e-08,-3.040157738375823e-09,-3.040157738375823e-09,-3.0440764660283907e-05,0.0,-3.040157738375823e-09,0.0,0.0,-6.634467369671838,-0.0008605278249543645,0.0,-0.0017210526097509906,,,-0.20909998893489135,1,0.07268341763133024,-0.0034313294895313897,-3.040157738375823e-09,0.38081162266338753,2.8,,,,12.688724869281044,,,0.3333333333333333,9.0
0x956170200cd4c0d8f98b68712a78f0dc7a970570,0.028815428493192862,0.023695676,0,1000.0,2,1765085749,0.0,-0.0010020040070130248,0.0,0.0,-0.0014170476562700054,0.0,0.0,0.0,1.0,,0.0,0.0,0.0,,,0.0,0,0.07268341763133024,,0.0,0.07477641073240648,2.0,3806392.0,3806392.0,0.8202246658348902,2.8006910718835307,-834278.0,,0.125,16.0
0x7c878c7d3e9f0a2e046601ac4a87a4ee68d6f651,0.028815428493192862,0.023695676,0,280.566943,3,1764832833,-0.034711537157122746,-0.03571354116413576,-0.034711537157122746,-0.034711537157122746,-0.06052767640143265,0.0,-0.034711537157122746,0.0,0.0,,-0.034711537157122746,0.0,-0.034711537157122746,,,-0.2645011243516309,0,0.07268341763133024,,-0.034711537157122746,0.12355875793313155,1.0,2828120.0,2828120.0,0.6445484409563527,9.797251246753246,-1559634.0,,0.17045454545454544,88.0
0x58b6ce6903cad14a4c7d17bb93386ac3e704fff0,0.028815428493192862,0.023695676,0,2500.0,2,1764855441,-0.0030060120210390743,-0.004008016028052099,-0.0030060120210390743,-0.0030060120210390743,-0.005668190625080022,0.0,-0.0030060120210390743,0.0,0.0,,-0.0030060120210390743,0.0,-0.0030060120210390743,,,-0.02400000000000002,0,0.07268341763133024,,-0.0030060120210390743,0.10294509350534016,9.999999,3605608.0,3605608.0,0.8175310779477966,27.419039633333337,-804754.0,,0.08333333333333333,60.0
0xd8cae792b3d84d6888080401423e973337287229,0.028810334447186912,0.023653453,0,86253.2264,25,1764824515,0.0009136735666356117,0.0012182314221808226,0.0009136735666356117,0.0009136735666356117,0.003111937896555189,-0.033116580822430866,0.0009136735666356117,-0.03181494640445257,0.0,-130.94046499999973,-0.0010589204642051668,0.00065298265535398,-0.003031514495045945,-0.08488191142971697,-0.08858190773810082,0.044099999999999806,1,0.07268341763133024,-0.004201108328760915,0.0009136735666356117,0.10971498545722702,3.849998,,,,186.38907292270352,,,0.5714285714285714,42.0
0x25875ae66b2b9c93aafbf293c9c28241e4fcd5b1,0.028797998243790545,0.023551174,0,5396.7370599999995,15,1764793795,-0.9248869344783488,-0.9258889384853617,-0.9248869344783488,-0.9248869344783488,-2.719153920986397,0.0,-0.9248869344783488,0.0,0.0,,-0.9248869344783488,0.0,-0.9248869344783488,,,-1.0424932403538243,0,0.07268341763133024,,-0.9248869344783488,0.18093030570842417,59.8111,,,,556.6829769704142,,,0.45454545454545453,11.0
0xc7e53ac4a7c76d6df8b794de2e7d0794265d2d3a,0.02879787919995198,0.023550186,0,417.98778,5,1764827225,0.0,0.0003340013356710082,0.0,0.0,0.0007294553220570244,-0.0030745299570154043,0.0,-0.0030424864495585745,0.0,-5.885910000000006,-0.0014195056766017856,-0.00013176878275391308,-0.002839011353203571,-0.0002000000000000002,-0.0908,0.12159999999999987,1,0.07268341763133024,-0.011652771182603508,0.0,0.0,56.365849999999995,4443094.0,4443094.0,1.0139082540837296,235.31786533164853,60948.0,,,0.0
0x89df5de28764846c1a61a8143228733d5d50c5dd,0.028794517644008484,0.023522308,0,87.1222,5,1764835909,0.004008016028052016,0.005010020035065041,0.004008016028052016,0.004008016028052016,0.007971018591555626,-0.09109999999966312,0.004008016028052016,-0.08926880074563852,0.0,,0.004008016028052016,0.0007441275320188766,0.004008016028052016,-0.08386981140006362,-0.08736981140006363,,1,0.07268341763133024,-0.004317381427960965,0.004008016028052016,0.015509245213280308,17.917,11012660.0,11012660.0,2.508104390286119,22.0844997404868,6621830.0,0.0,0.8487654320987654,286.0
0xd0e1ae8ad003030299df6e9be78588b127957c9f,0.028794517644008484,0.023522308,0,593.3384,1,1764835699,0.00400801602805221,0.005010020035065235,0.00400801602805221,0.00400801602805221,0.005010020035065235,-0.09009502531276234,0.00400801602805221,-0.08736981140006352,0.0,,0.00400801602805221,0.0030301885999364925,0.00400801602805221,-0.0837698132516788,-0.08736981140006352,,1,0.07268341763133024,-0.0042728242184135005,0.00400801602805221,0.007238186859929458,10.71,15580987.0,15580987.0,3.5486985892652974,13.316534084992343,11190367.0,,0.8224,511.0
0x1446f20335b926b4986461a33855d8b8c32a939a,0.028794517644008484,0.023522308,0,126.85056,1,1764836293,0.0030060120210390743,0.004008016028052099,0.0030060120210390743,0.0030060120210390743,0.004008016028052099,-0.09221206028565551,0.0030060120210390743,-0.09049396986238536,0.0,,0.0030060120210390743,0.0007060297168401675,0.0030060120210390743,-0.08488191916040339,-0.08848190957810166,,1,0.07268341763133024,-0.004398857468276327,0.0030060120210390743,0.005721879590826374,17.598,18190977.0,18190977.0,4.142584943480323,16.33673918562874,13799763.0,,0.8913793103448275,533.0
0x98cec0880366df00f9421c96b5ddd06ebeea5e1d,0.028788331866994164,0.023471,0,1544.854992,24,1764505046,3.540397563141118e-06,3.7180299668281304e-06,3.540397563141118e-06,3.540397563141118e-06,0.0015037842004252027,1.4144235252119555,3.540397563141118e-06,0.05084925919481867,0.0,181.76956939840005,0.10752295269803594,0.053341682245373945,0.21504236499850873,5.714014656493269,5.708125187325855,,4,0.07268341763133024,0.06588419963157553,3.540397563141118e-06,0.0,0.9405,,,,6.121021403187521,,,,0.0
0x6245afcacf4c99f7fc6e20741c799963926c97e2,0.028780118494665354,0.023402857,0,1250.0,2,1764851031,-0.0030060120210390743,-0.004008016028052099,-0.0030060120210390743,-0.0030060120210390743,-0.0056681906250800225,0.0,-0.0030060120210390743,0.0,0.0,,-0.0030060120210390743,0.0,-0.0030060120210390743,,,-0.02410000000000002,0,0.07268341763133024,,-0.0030060120210390743,0.2257387136150539,1.999999,,,,6.040588921465968,,,0.4230769230769231,26.0
0x69aa9fa621403e3a121b29ad77d32ba9eb5e8847,0.028771049922721108,0.023327596,0,274756.6734,35,1764847753,0.0,-6.323337119184462e-05,0.0,0.0,-0.00025171430493948945,-0.04212833366288565,0.0,-0.042327019681881746,0.0,35.18704090909056,0.0003520389884329388,0.0003832574720017815,0.0007040779768658776,0.00140558797164577,-0.08811107624476833,,1,0.07268341763133024,-0.006830408046437948,0.0,0.0,99.35,154863519.0,154863519.0,35.17487758575811,2881.106022525406,150460845.0,,,0.0
0x446542b2f8c391702bddc654d07224251671baaf,0.028771049473906088,0.023327593,0,2043.175377,9,1764642432,4.394384336889054e-06,4.404070560352994e-06,4.394384336889054e-06,4.394384336889054e-06,0.002003211263094706,-0.038036343749451626,4.394384336889054e-06,-0.015298153784309862,0.0,800.9509525918955,0.11401494444386326,-0.012147993955200631,0.22802549450338963,7.270185368228477,7.263999653942763,,1,0.07268341763133024,0.036734024436871134,4.394384336889054e-06,0.13871353949340698,19.699998,,,,29.095267110599078,,,0.5,16.0
0xe1daef33344a7ff64426f12ce4e7fc650ba218a7,0.028769132422569503,0.02331168,0,13935.238416,4,1764836341,6.820120968899183e-10,1.0230181027432343e-09,6.820120968899183e-10,6.820120968899183e-10,1.7536262345918392e-06,-0.04670679530478573,6.820120968899183e-10,-0.04580001545039154,0.0,6.981580871999203,0.0002505016298014109,-0.0008000833305156559,0.0005010025775907249,-0.08669096585481167,-0.08959096585481167,,1,0.07268341763133024,-0.004409041973315748,6.820120968899183e-10,0.19456275263106176,23.585745,5817160.0,5817160.0,1.3247125769311874,225.23491615801885,1425898.0,,0.17391304347826086,23.0
0x4fd3503c78bd1ececdbe034a4dfe156ce659ef31,0.028767272711754305,0.023296243,0,23.106344,12,1764825489,0.008653199454855405,0.009655203461868432,0.008653199454855405,0.008653199454855405,0.0448536089538487,-0.08411492255877008,0.008653199454855405,-0.08301713431251564,0.0,,0.008653199454855405,0.0028560854441066607,0.008653199454855405,-0.027067889776603554,-0.07191788977660356,,1,0.07268341763133024,-0.002106495125653453,0.008653199454855405,0.1962161623384298,0.999999,,,,16.355420497615263,,,0.2672413793103448,96.0
0x3939a40d370cfde2bc41fcb9f427d91179886d6c,0.028762660961810477,0.023257956,0,27.219996,2,1764836705,0.002004018804086712,0.0030060228110997365,0.002004018804086712,0.002004018804086712,0.004251158228260143,-0.09140451334286862,0.002004018804086712,-0.0916999851045341,0.0,,0.002004018804086712,-0.004699985104534097,0.002004018804086712,-0.08669095420495669,-0.0896909542049567,,1,0.07268341763133024,-0.004486274469864686,0.002004018804086712,0.04587939868192847,94.7,40050934.0,40050934.0,9.119841716940376,490.85702125910933,35659308.0,0.0,0.8378378378378378,74.0
0x61ab8fff2d2d3b219cf0ae4246ce69c66b17790b,0.028760977980797624,0.023243982,0,1155.883233,15,1764830415,0.006910834890797402,0.007183247463762235,0.006910834890797402,0.006910834890797402,0.029567429349501774,-0.04152906174542667,0.006910834890797402,-0.04003882340313867,0.0,1.951239018754791,0.00810422009291268,0.020603245810492835,0.009297605295027959,-0.06122061550578443,-0.0629872821724511,,1,0.07268341763133024,-0.003151679955323971,0.006910834890797402,0.019462920372270327,1.859998,20810945.0,20810945.0,4.745575937624848,14.327988289533993,16425609.0,,0.5370370370370371,312.0
0x22e645acff2bbb2cd7a74462f8779eb6f53d409f,0.028755320661682245,0.023197005,0,37347.9486,64,1764800177,0.0003340013356710142,0.0006680026713420226,0.0003340013356710142,0.0003340013356710142,0.0024209895267043656,-0.048833700737090535,0.0003340013356710142,-0.05302015793559212,0.0,-2186.07086,-0.02010891329864622,0.0001110356733070549,-0.04055182793296346,-0.011839849617646213,-0.09238662038431644,-1.061490115040547,2,0.07268341763133024,-0.0062269761228522895,0.0003340013356710142,0.0,5.88,3829012.0,3829012.0,0.8792022590536425,76.9292018634393,-526086.0,,,0.0
0x0e297bb8806e4f47610dc52e9b77ab41ccc1b9b4,0.02875377445740677,0.023184163,0,59.647255,5,1764834383,5.3508103780061645e-06,6.1542173704336694e-06,5.3508103780061645e-06,5.3508103780061645e-06,0.00037644400441426044,-0.03591903055169595,5.3508103780061645e-06,-0.03347966147956968,0.0,0.30250397327848827,0.0025072430007122446,0.010532098256392597,0.005009135191046483,-0.0642737385930063,-0.06770434973721302,,1,0.07268341763133024,-0.003993599038582724,5.3508103780061645e-06,0.09757213280236217,14.09749,4310682.0,4310682.0,0.9820878207570038,20.67972583908047,-78622.0,,0.30434782608695654,23.0
0xee16cd7aa7894a1a6aad75c05aaa93678fee7103,0.028753754945335688,0.023184001,0,1000.0,2,1765059323,0.0,-0.0010020040070130248,0.0,0.0,-0.0014170476562700054,0.0,0.0,0.0,1.0,,0.0,0.0,0.0,,,0.0,0,0.07268341763133024,,0.0,0.0702479290946663,2.0,3360770.0,3360770.0,0.7283468321137764,3.8052659999999996,-1253474.0,,0.0,19.0
0xb120679099d26b0af04811c26c6077c587f9f2ff,0.02875054572091692,0.023157347,0,313.041536,11,1764830353,0.0002762899140328007,0.0003683865520437344,0.0002762899140328007,0.0002762899140328007,0.0012151128363695842,0.0,0.0002762899140328007,0.0,0.0,-0.06380879650000003,0.0002166844940637691,0.0,0.00015707907409473747,,,-0.19449981038513345,1,0.07268341763133024,-0.003463580422156221,0.0002762899140328007,0.0,12.0,4066141.0,4066141.0,0.9272262120907382,44.30569871765574,-319133.0,0.0,,0.0
0x39f8fd9e4779bdcca92bd7708f4758c61209063f,0.02875054572091692,0.023157347,0,60.603029,4,1764833401,-1.4022709655680245e-06,-1.6526767775646821e-06,-1.4022709655680245e-06,-1.4022709655680245e-06,-0.0002337682111943025,0.0,-1.4022709655680245e-06,0.0,0.0,-0.8483990430956576,-0.0035082370561042124,0.0,-0.007015071841242857,,,-0.2481997440859427,1,0.07268341763133024,-0.004101809404626566,-1.4022709655680245e-06,0.0,1.2384,4133757.0,4133757.0,0.9419903553112101,3.1740385362381365,-254565.0,,,0.0
0x5a6a2a13dd82660656c026bddada8f267b434846,0.028747257243237578,0.023130031,0,63.97384,1,1764835739,0.005010020035065013,0.006012024042078038,0.005010020035065013,0.005010020035065013,0.006012024042078038,-0.08898444039429146,0.005010020035065013,-0.08726372809715788,0.0,,0.005010020035065013,0.0033362719028421296,0.005010020035065013,-0.08265466197306261,-0.08625466012144732,,1,0.07268341763133024,-0.00428131130594635,0.005010020035065013,0.005860006309345432,16.947,19826476.0,19826476.0,4.515602665658466,15.388814256853172,15435816.0,,0.896551724137931,448.0
0x33184604ee35c47caa2a47e12cc349d32bb43d8d,0.028739023187193263,0.023061622,0,1.2,1,1764890287,-0.0020040080140260497,-0.0030060120210390743,-0.0020040080140260497,-0.0020040080140260497,-0.0030060120210390743,0.0,-0.0020040080140260497,0.0,0.0,,-0.0020040080140260497,0.0,-0.0020040080140260497,,,-0.016100000000000014,0,0.07268341763133024,,-0.0020040080140260497,0.6816818670406454,1.0,8963420.0,8963420.0,2.016423078515111,3.9566399999999993,4518212.0,,0.0,4.0
0xcaab5b5050e4abb468fbb2254492b617c5cf6d0d,0.02872883820436867,0.022976978,0,335.14698,1,1764891779,0.005010020035065235,0.0060120240420782605,0.005010020035065235,0.005010020035065235,0.0060120240420782605,-0.08737279592226474,0.005010020035065235,-0.08616372809715764,0.0,,0.005010020035065235,0.0055362719028424,0.005010020035065235,0.006245339878552931,-0.08515466012144707,,1,0.07268341763133024,-0.016171720939469666,0.005010020035065235,0.007586918900220451,24.175,9718643.0,9718643.0,2.1855854903636405,25.486865403469917,5271943.0,,0.800498753117207,343.0
0x6e7efcc05c4334cb2cc08fb1a1249de31f742ad4,0.028728389583580417,0.022973249,0,2505.0,4,1764862467,0.0,0.0,0.0,0.0,0.0,0.0,0.0,0.0,1.0,-2.500000000000002,-0.0001252505008766281,0.0,-0.0002505010017532562,,,-0.007400000000000006,1,0.07268341763133024,-0.010001183948710832,0.0,0.4474903223466817,2.5,,,,2.2871425714285714,,,0.0,3.0
0x243d758ce13058129e903b988833322cc0f7b577,0.028702927945553007,0.022761514,0,800.0,4,1764895593,0.0,0.0,0.0,0.0,0.0,0.0,0.0,0.0,0.0,-1.200000000000001,-0.0003757515026298843,0.0,-0.0007515030052597686,,,-0.03220000000000003,1,0.07268341763133024,-0.034936671474601756,0.0,0.3400000280000121,1.1,,,,2.6167661785714285,,,0.0,4.0
0xef2a2e5397a610a01040212974b53cff7799bd7e,0.02870094433005635,0.022745011,0,0.144,1,1764819397,0.0,-0.0010020040070130248,0.0,0.0,-0.0010020040070130248,0.0,0.0,0.0,1.0,,0.0,0.0,0.0,,,0.2785999994365269,0,0.07268341763133024,,0.0,0.0,0.050525,3520696.0,3520696.0,0.804855979835028,0.3834756203333333,-853622.0,0.0,,0.0
0x4018f2f161d54790cdb00e4257494d68d37dd14a,0.02870094433005635,0.022745011,0,0.29,2,1764819397,0.0,-0.0010020040070130248,0.0,0.0,-0.001403233984167059,0.0,0.0,0.0,1.0,,0.0,0.0,0.0,,,0.2821499997182635,0,0.07268341763133024,,0.0,0.0,0.100895,3607654.0,3607654.0,0.8247351930060869,0.3382581138184246,-766664.0,0.0,,0.0
0x161f2db0e40c59b2f29e898efb63cc415228b075,0.02870094433005635,0.022745011,0,0.083,1,1764819397,0.0,-0.0010020040070130248,0.0,0.0,-0.0010020040070130248,0.0,0.0,0.0,1.0,,0.0,0.0,0.0,,,0.2785999994365269,0,0.07268341763133024,,0.0,0.0,0.082,3520696.0,3520696.0,0.804855979835028,0.14895495063375583,-853622.0,0.0,,0.0
0x6ca2f87432279ed463ccb63424adcc72bfa9bde7,0.028700032493663173,0.022737425,0,128.34976,5,1764834293,2.2533561495080236e-06,2.3712108145307973e-06,2.2533561495080236e-06,2.2533561495080236e-06,0.00021864095077684797,-0.037569940349249265,2.2533561495080236e-06,-0.035142262261623224,0.0,0.788308838061383,0.002396734645948327,0.008362854162954538,0.004791215935747146,-0.06655098932221672,-0.06998160046642345,,1,0.07268341763133024,-0.003974503091633811,2.2533561495080236e-06,0.03736267934116349,33.3449995,9254219.0,9254219.0,2.1084000461130397,167.3654209340909,4865005.0,0.0,0.7469879518072289,82.0
0xabdea390d893f4bc70cf9308f2f35a15616048c4,0.02869645392505373,0.022707649,0,1.3225,2,1764927679,0.0010020040070130248,0.0020040080140260497,0.0010020040070130248,0.0010020040070130248,0.002834095312540011,-0.08799699248246066,0.0010020040070130248,-0.09259999978788554,0.0,,0.0010020040070130248,-0.0001000000000000001,0.0010020040070130248,0.0008029138934402114,-0.09159699227034608,,1,0.07268341763133024,-0.023788882000202842,0.0010020040070130248,0.08838654630889506,1.4795569999999998,5359044.0,5359044.0,1.1955213492169723,37.54829980188679,876444.0,,0.8292682926829268,41.0
0x4ffe49ba2a4cae123536a8af4fda48faeb609f71,0.02869592700363716,0.022703264,0,782.997473,127,1764203697,9.835451545977427e-05,0.00010282517525340038,9.835451545977427e-05,9.835451545977427e-05,0.0015393889909284285,0.4711269665884978,9.835451545977427e-05,0.21417696064711825,0.0,1.7499337688030308,0.0021912966712386854,0.21510114311425782,0.004284238827017596,4.595367310768078,4.59265132536183,0.04439999999999977,7,0.07268341763133024,0.1298235831549984,9.835451545977427e-05,0.0,1.513615,24814834.0,24814834.0,6.602116522615494,4.627484793269231,21056216.0,,,0.0
0x847667d84fc4d81db36689c4f4c5845c8d125418,0.028692690694397834,0.022676332,0,30182.899844,23,1764897401,0.004030165989976591,0.005032169996989615,0.004030165989976591,0.004030165989976591,0.017659843461342452,-0.08792821547794205,0.004030165989976591,-0.08881255673763686,0.0,,0.004030165989976591,0.0028088301372033615,0.004030165989976591,0.004126032506920235,-0.08779443741944128,,1,0.07268341763133024,-0.01736458109221178,0.004030165989976591,0.0,33.6,7606599.0,7606599.0,1.7084566210619987,1299.326108450266,3154277.0,,,0.0
0x32c375cb4b130dab809f484a8154c9a89bf3dbd0,0.028692140339958257,0.022671752,0,775.79343,1,1765136511,1.112447919352526e-16,0.001002004007013136,1.112447919352526e-16,1.112447919352526e-16,0.001002004007013136,1.4449573506491606e-16,1.112447919352526e-16,-0.0001999999999998779,0.0,,1.112447919352526e-16,1.4449573506491606e-16,1.112447919352526e-16,1.4449573506491606e-16,-0.0001999999999998779,,1,0.07268341763133024,-0.06809826859170787,1.112447919352526e-16,0.059696965574801565,59.24775,13571715.0,13571715.0,2.892872581335507,111.05155259585493,8880283.0,0.0,0.8333333333333334,42.0
0x6179ad17cb1a48a8db80284f9b22a5bf899d6f80,0.028691039214208725,0.022662587,0,5685.348,8,1764826669,-4.300336239084375e-08,-4.8552183344501004e-08,-4.300336239084375e-08,-4.300336239084375e-08,-4.126417185785675e-05,0.0,-4.300336239084375e-08,0.0,0.0,-88.44263999999994,-0.003834045925498293,0.0,-0.007668048847634195,,,-0.00023449969161834505,1,0.07268341763133024,-0.01687699791344953,-4.300336239084375e-08,0.0,9.0,3497445.0,3497445.0,0.7982136621637351,38.71550269125278,-884145.0,,,0.0
0x3afb924c90ed59dbee36288a77a9f2df8fd78296,0.028672626279704513,0.022509294,0,23.217478,4,1764665872,0.00035332467926876913,0.00035410637097008655,0.00035332467926876913,0.00035332467926876913,0.017929398368521424,-0.091385279580898,0.00035332467926876913,-0.035252900299887,0.0,9.609520823357425,0.11353562158823635,-0.03275192603338043,0.22671791849720394,7.238600627393709,7.233800629180796,,1,0.07268341763133024,0.031760591142620836,0.00035332467926876913,0.029590938287778864,1.0,10719598.0,10719598.0,2.5397118503560825,1.9733395878661089,6498805.0,,0.375886524822695,141.0
0x8a9b51af9bda9b8f770c219097f512c7ab2a206e,0.028655935485869397,0.022370255,0,500.0,2,1764866859,-0.0010020040070130248,-0.0020040080140260497,-0.0010020040070130248,-0.0010020040070130248,-0.0028340953125400112,0.0,-0.0010020040070130248,0.0,1.0,,-0.0010020040070130248,0.0,-0.0010020040070130248,,,-0.008000000000000895,0,0.07268341763133024,,-0.0010020040070130248,0.8371167523256668,3.5,33512351.0,33512351.0,7.578927716892292,39.831519025,29090571.0,0.0,0.07142857142857142,14.0
0xa5f2cb15fc98fbb231fdb2a41b501c8132979b31,0.028655228002481645,0.02236436,0,2287.367185,8,1764831813,5.332793099816059e-08,5.988631714996195e-08,5.332793099816059e-08,5.332793099816059e-08,4.054380183037808e-05,-0.032657035095271646,5.332793099816059e-08,-0.03139321582678631,0.0,16.351878873209564,0.003055379138695026,0.01719626763528528,0.006110704949459054,-0.060337468580309556,-0.06173746858030955,,1,0.07268341763133024,-0.0034483036645970903,5.332793099816059e-08,0.1302079770493681,19.999999,10827745.0,10827745.0,2.468293039878871,179.8518261803279,6441011.0,,0.6551724137931034,29.0
0x27db285856529ab111d4aa2fbf0cd9c2a2163c6e,0.028651893335128756,0.02233657,0,3.999998,2,1764828291,-0.02705409472241748,-0.028056098729430504,-0.02705409472241748,-0.02705409472241748,-0.039677315330439174,0.0,-0.02705409472241748,0.0,0.0,,-0.02705409472241748,0.0,-0.02705409472241748,,,-0.20989989077398907,0,0.07268341763133024,,-0.02705409472241748,0.06997002910484482,1.999998,4316236.0,4316236.0,0.9847198812195258,3.283698315151516,-66976.0,,0.5490196078431373,102.0
0x60307453a25ded4afb9b0c64d75d5d6c1cf4dc7a,0.028651893335128756,0.02233657,0,10.528594,4,1764642584,-0.9183363873939363,-0.9193383914009492,-0.9183363873939363,-0.9183363873939363,-1.8386769876738445,0.0,-0.9183363873939363,0.0,0.0,,-0.9183363873939363,0.0,-0.9183363873939363,,,-0.018684440402143798,0,0.07268341763133024,,-0.9183363873939363,0.006831892599007342,4.999998,4653081.0,4653081.0,1.1085349511197724,5.612369845735027,455576.0,0.0,0.5545243619489559,431.0
0x8a4af06074c0d3caa449aa845f9d8f35de77c6e4,0.028651893335128756,0.02233657,0,72.784,3,1764667400,-0.9106212415734363,-0.9116232455804493,-0.9106212415734363,-0.9106212415734363,-1.5093299814385281,0.0,-0.9106212415734363,0.0,0.0,,-0.9106212415734363,0.0,-0.9106212415734363,,,-0.014594650835750775,0,0.07268341763133024,,-0.9106212415734363,0.02207672798722826,8.1,4341137.0,4341137.0,1.0281399732516785,12.269418029344074,118816.0,,0.5727272727272728,110.0
0xaa05de09cee00b27ca514aadc0c601559008fed7,0.028651875678196985,0.022336423,0,2242.189057,8,1764822309,-0.01991361299993829,-0.020915617006951315,-0.01991361299993829,-0.01991361299993829,-0.06922223743555088,0.0,-0.01991361299993829,0.0,0.44599272165656634,,-0.01991361299993829,0.0,-0.01991361299993829,,,0.10280832194211315,0,0.07268341763133024,,-0.01991361299993829,0.0,14.999999,3550316.0,3550316.0,0.8110873771768904,30.39735123644023,-826914.0,,,0.0
0x6ffb4354cbe6e0f9989e3b55564ec5fb8646a834,0.02864627873959647,0.022289775,0,15894.815808,32,1764818529,0.003571656785921008,0.0039319232139908775,0.003571656785921008,0.003571656785921008,0.01096760453078103,-0.0515854155255521,0.003571656785921008,-0.053518754589979775,0.0,9.753632726133274,0.005119047321604409,-0.04945207586825259,0.006666437857287809,-0.06774766370770605,-0.07134766370770604,,1,0.07268341763133024,-0.0006297418949374947,0.003571656785921008,0.0,44.669251,45245290.0,45245290.0,10.345445815088775,1948.0914863439034,40871840.0,0.0,,0.0
0x1e524ff2123d380a690dbdf2245de2a9428e91d6,0.028637690740863867,0.02221818,0,1717.356956,67,1764582234,-5.781713927057447e-05,-7.708951902743264e-05,-5.781713927057447e-05,-5.781713927057447e-05,-0.0007117225958266345,1.412390398565367,-5.781713927057447e-05,0.6980551105951153,0.0,5.9308254822222235,0.0033539717166346894,0.7016301196354465,0.006765760572539954,5.69462021016388,5.687701481791579,-1.046771793365652,4,0.07268341763133024,0.04950666681943424,-5.781713927057447e-05,0.0,5.6796,13711823.0,13711823.0,3.3143121299540383,24.567098578382247,9574668.0,,,0.0
0x4a6dbe1071f5315211695cd5ed7c6d6fab336659,0.028617649365967127,0.022051023,0,54.414522,17,1764644546,-3.075546692492017e-09,1.4070626118150969e-06,-3.075546692492017e-09,-3.075546692492017e-09,0.0011358003227982453,-0.022668774668064662,-3.075546692492017e-09,0.022494045859687076,0.0,0.22784724250000002,0.000726921025145289,0.02551221529978723,0.0014538451258372706,7.298822216611208,7.294966660218116,,1,0.07268341763133024,0.03628548186075999,-3.075546692492017e-09,0.13968486433486055,3.6,26057113.0,26057113.0,6.204861950337984,12.126484632377739,21857646.0,,0.5142857142857142,35.0
0x5776e661afc29f35e81aaf0356cc919e58ede581,0.028613071386786895,0.022012824,0,9.419,4,1764859409,-2.4826048693906034e-17,0.001002004007013,-2.4826048693906034e-17,-2.4826048693906034e-17,0.002001111521082934,-0.09520450147803683,-2.4826048693906034e-17,-0.09325000597241867,0.0,,-2.4826048693906034e-17,-0.0025946391572182724,-2.4826048693906034e-17,-0.0024500000378000347,-0.09080000000000005,,1,0.07268341763133024,-0.009303545353510535,-2.4826048693906034e-17,0.06619516234033021,71.28,31792199.0,31792199.0,7.2020440248010456,109.21273633613444,27377869.0,0.0,0.8297872340425532,47.0
0x076ca0207aaa48365da2eb6a917edcbdee5e4e7b,0.028605846019552298,0.021952523,0,11030.107301,71,1764793795,0.0,-1.7732493285575638e-05,0.0,0.0,-0.00013329677162811688,0.18183957360918068,0.0,0.18243026125394557,0.0,-1.9134801852222205,-0.001388087664359271,0.20111854741798307,-0.002776175328718542,0.48899369283709715,0.488331683575617,-1.0602798020355242,2,0.07268341763133024,0.004618248681000509,0.0,0.0,25.07785,49879248.0,49879248.0,11.46987938508746,93.85283337456926,45530532.0,,,0.0
0x75cbe506ceec7bb80331954e9a47212ea62f1556,0.0286012462220134,0.021914126,0,42.042,6,1764187361,-0.0006680026713419794,-0.0010020040070129878,-0.0006680026713419794,-0.0006680026713419794,-0.0017355218495340964,0.01356666754823545,-0.0006680026713419794,0.015344444444444447,0.0,41.831999999999994,0.082498329910739,0.014577777777777782,0.16566466249281997,0.0689749999999994,0.07069999999999939,-0.008199999417396752,2,0.07268341763133024,0.13328970970341447,-0.0006680026713419794,0.0,0.02,36561543.0,36561543.0,9.769852459007632,0.08329950536912752,32819261.0,0.0,,0.0
0x9b979a065641e8cfde3022a30ed2d9415cf55e12,0.02859591430981005,0.021869611,0,369811.87562,55,1764818599,-0.0005088360196960883,-0.0007632540295441312,-0.0005088360196960883,-0.0005088360196960883,-0.0028213411566738052,6.120942198557448e-05,-0.0005088360196960883,6.1027210127785435e-05,0.17533988157384822,26.410081762454613,-0.00011749972073068116,6.430746863547428e-05,0.000273836578234726,0.11836736042813542,0.11476736042813543,-0.008200000000000008,2,0.07268341763133024,-0.0006445942981199828,-0.0005088360196960883,0.0,49.95,80858358.0,80858358.0,18.48816468199528,5681.4492755368265,76484838.0,,,0.0
0x9eda7e67db87a801af87d292792a34008da53392,0.028592765679713736,0.02184332,0,870.2173909999999,3,1764825063,-0.022026815997673956,-0.023028820004686982,-0.022026815997673956,-0.022026815997673956,-0.03448531040237245,0.0,-0.022026815997673956,0.0,0.0,,-0.022026815997673956,0.0,-0.022026815997673956,,,0.10234306741330479,0,0.07268341763133024,,-0.022026815997673956,0.3180186729885974,17.46396,,,,65.3954023880597,,,0.25,36.0
0xe25b9180f5687aa85bd94ee309bb72a464320f1b,0.028583094808954514,0.02176255,0,199199.949823,28,1764835105,5.407416180408191e-10,8.111124270612284e-10,5.407416180408191e-10,5.407416180408191e-10,2.208263438161413e-06,-0.044676326524472953,5.407416180408191e-10,-0.043595011143410516,0.0,23.529402358941155,0.0005010024700346841,0.0014917530873483121,0.0010020043993277503,-0.08287506992015024,-0.08635465927782503,,1,0.07268341763133024,-0.004146790968550673,5.407416180408191e-10,0.0,26.012,69180499.0,69180499.0,15.75856247776209,1946.096048097212,64790473.0,0.0,,0.0
0xf7242c7d11dd4bfd25e2fe7e1fec471de6877ca6,0.02858044720828315,0.021740433,0,953.333333,2,1764916107,-0.0020040074927036417,-0.0030060114997166668,-0.0020040074927036417,-0.0020040074927036417,-0.004251142231548798,0.0,-0.0020040074927036417,0.0,0.0,,-0.0020040074927036417,0.0,-0.0020040074927036417,,,-0.015699995681677976,0,0.07268341763133024,,-0.0020040074927036417,0.17190000624081025,7.75992,4563002.0,4563002.0,1.020571108031531,9.084381519999999,91974.0,,0.2857142857142857,14.0
0x6e6bf023375aa7ea82ade4607c27a3d8bb16c2bf,0.028575510294090087,0.021699186,0,710.0,2,1764857525,-0.0010020040070129691,-0.002004008014025994,-0.0010020040070129691,-0.0010020040070129691,-0.0028340953125399323,0.0,-0.0010020040070129691,0.0,1.0,,-0.0010020040070129691,0.0,-0.0010020040070129691,,,-0.007399999999999546,0,0.07268341763133024,,-0.0010020040070129691,0.10597038326004013,0.999999,3799304.0,3799304.0,0.8610426053939244,1.463535266666667,-613142.0,,0.0,11.0
0x343abc86ca7786e99ce9384746ab097ba3b6878e,0.028568239974839125,0.021638433,0,10.0,4,1764874903,-0.0010020040070130248,-0.0020040080140260497,-0.0010020040070130248,-0.0010020040070130248,-0.003802337864131786,0.0,-0.0010020040070130248,0.0,1.0,,-0.0010020040070130248,0.0,-0.0010020040070130248,,,-0.007850000000000006,0,0.07268341763133024,,-0.0010020040070130248,0.5247977628710008,4.0,23159998.0,23159998.0,5.22819823090037,9.331175,18730174.0,,0.0,5.0
0x8451cc7432297702589d9021fac6c6e8d7b23cb1,0.02855950847004381,0.021565448,0,2.599996,2,1764902333,0.003006107214640144,0.004008111221653169,0.003006107214640144,0.003006107214640144,0.005668325249161706,-0.09069386463899551,0.003006107214640144,-0.09038792692491317,0.0,,0.003006107214640144,0.0020120920517055305,0.003006107214640144,0.003618214930792688,-0.08938180406985012,,1,0.07268341763133024,-0.01841103898501223,0.003006107214640144,0.10658663059791892,1.8499755,,,,75.72058139534884,,,0.78125,32.0
0xc4fbfd8c2bf090568f8eb207123364a3f0352bfd,0.02855950847004381,0.021565448,0,528.94,2,1764962045,0.0010020040070129136,0.0020040080140259382,0.0010020040070129136,0.0010020040070129136,0.0028340953125398534,-0.08829699242876067,0.0010020040070129136,-0.09339699248246056,0.0,,0.0010020040070129136,0.0013030075175394296,0.0010020040070129136,0.0009030075175393512,-0.09339699248246067,,1,0.07268341763133024,-0.031080563254051206,0.0010020040070129136,0.017245753258688858,24.480461,53827725.0,53827725.0,11.916787728754212,227.10147040772338,49310759.0,0.0,0.7198581560283688,269.0
0xab0440bf27af419250e085be31dcab33402ccefe,0.02855950847004381,0.021565448,0,1.006,2,1764894429,0.005010020035065124,0.006012024042078149,0.005010020035065124,0.005010020035065124,0.008502285937620032,-0.08747279607407923,0.005010020035065124,-0.08626372809715775,0.0,,0.005010020035065124,0.005236271902842255,0.005010020035065124,0.005945339874952832,-0.08525466012144718,,1,0.07268341763133024,-0.016733990488521002,0.005010020035065124,0.07894297320354673,0.085,38399881.0,38399881.0,8.630447368716778,1.1444277041420117,33950531.0,,0.6857142857142857,35.0
0xffbf076ad1a41490fa9a4a2ed40cf25ae98f2587,0.02855950847004381,0.021565448,0,3.999996,2,1764972161,0.001002497007262596,0.0020045010142756207,0.001002497007262596,0.001002497007262596,0.0028347925201792083,-0.0007281932220021001,0.001002497007262596,-0.09076188190176668,0.0,,0.001002497007262596,0.0010036493578952136,0.001002497007262596,0.0009035509550453006,-0.09076188190176668,,1,0.07268341763133024,-0.03322694769110905,0.001002497007262596,0.10800363310374339,11.79988,,,,155.03438394444444,,,0.7130434782608696,115.0
0x002dcd37b0b8fa8db98236e599fe1b90d6272561,0.028558463973808335,0.021556716,0,7036.93324,22,1764704671,0.01751600076626427,0.01781243154434164,0.01751600076626427,0.01751600076626427,0.07627850518624295,-0.020746173646407715,0.01751600076626427,-0.0004065001530818087,0.0,782.1273677250001,0.058154624879603135,0.017064175953626796,0.098793248992942,1.4388601460789154,1.4344201460813475,,2,0.07268341763133024,0.023528328412944336,0.01751600076626427,0.0,12.9267,34186748.0,34186748.0,8.02582688670652,323.3057518775678,29927156.0,0.0,,0.0
0xdc4f1a90ae2b3e099e940d7925673e31ab2e5c00,0.028553256305315376,0.021513175,0,91.859104,11,1764666424,6.502289097977782e-13,-0.00011593567083378036,6.502289097977782e-13,6.502289097977782e-13,-0.010366069921801826,0.0,6.502289097977782e-13,0.0,0.0,0.1853354666387785,0.0010802260189176887,0.0,0.0021604520371851484,,,-0.06955395454409813,1,0.07268341763133024,0.01916044881416291,6.502289097977782e-13,0.0076004799264956045,3.439999,3994715.0,3994715.0,0.9463133195699475,15.158589145587637,-226630.0,0.0,0.36774193548387096,308.0
0xe28607c0f5b05b0dfee8e3f436bc02784c62b1d3,0.028532587329097345,0.021340286,0,4.027756,4,1764834691,1.066858330572205e-05,1.4935857598134744e-05,1.066858330572205e-05,1.066858330572205e-05,0.0005606156779955709,-0.03605030990096558,1.066858330572205e-05,-0.03516731638441793,0.0,0.01530057018999466,0.0018881625397992072,0.009764553205875978,0.0037656564962926923,-0.06582178571060557,-0.0692523968548123,,1,0.07268341763133024,-0.0040589496125856715,1.066858330572205e-05,0.010833640970608523,2.15,,,,2.0672871988439305,,,0.56,175.0
0x81562c477b91da11e44fb897fc6edded91fd98a9,0.02853224407851379,0.021337414,0,1482.149998,4,1764825455,-2.6581772580489367e-08,-3.156585514985259e-08,-2.6581772580489367e-08,-2.6581772580489367e-08,-2.451434543646561e-05,0.0,-2.6581772580489367e-08,0.0,0.0,-22.846239035003148,-0.002004031188430242,0.0,-0.0040080357950879044,,,0.13480000544820736,1,0.07268341763133024,-0.004378064103820844,-2.6581772580489367e-08,0.18105113703979284,52.306825,155767981.0,155767981.0,35.56041330698552,97.69779338000001,151387605.0,,0.21428571428571427,11.0
0x2bee8765fbe3333050cd18867489817d02c39bea,0.028526004828834196,0.0212852,0,4059.3728,7,1764854813,0.0,-5.634876678952254e-20,0.0,0.0,-1.50281988426217e-11,0.0,0.0,0.0,0.0,-11.913600000000043,-0.0003690602412059262,0.0,-0.0007381204824118524,,,-0.03210000000000003,1,0.07268341763133024,-0.02855225987801509,0.0,0.20979118909276306,9.42,,,,14.037112160621762,,,0.38461538461538464,26.0
0x8190816855b676a5efd8c5b344135a72337bb247,0.02852002345297455,0.021235134,0,195.20000000000002,3,1764824283,-0.0006680026713420165,-0.0010020040070130248,-0.0006680026713420165,-0.0006680026713420165,-0.0017355218495341603,-0.013661326275627245,-0.0006680026713420165,-0.011918033152259451,0.0,4.499999999999993,0.0030895123549568183,-0.012151363258925733,0.006847027381255652,-0.03630094157107806,-0.03360095125107922,-0.015999999999822066,1,0.07268341763133024,-0.0018506094365380152,-0.0006680026713420165,0.0,41.0,4272940.0,4272940.0,0.9757344028732162,136.13880352058197,-106264.0,,,0.0
0x82259907450d3d5aed67737260cf35758efa566b,0.028516097133328443,0.021202264,0,10.04,4,1764670830,0.0,0.0,0.0,0.0,0.0,0.0,0.0,0.0,0.0,-9.09,-0.11385270529685484,0.0,-0.2277054105937097,,,-0.019651107151917296,1,0.07268341763133024,-0.005073156572761287,0.0,0.23345071875442597,7.6499999999999995,11643957.0,11643957.0,2.7554763638463315,15.735769227272726,7418206.0,,0.2857142857142857,7.0
0xdc814e7371182f4752a14363ddf85b038f824f06,0.028511900175986402,0.021167124,0,3002.0,4,1764866083,-0.0007157171478664462,-0.0015745777253061818,-0.0007157171478664462,-0.0007157171478664462,-0.0035404701821635082,0.0,-0.0007157171478664462,0.0,0.0033222591362126247,0.0,-0.0007157171478664462,0.0,-0.0007157171478664462,,,-0.016100000000000014,1,0.07268341763133024,-0.012955539118896034,-0.0007157171478664462,0.16710881271771486,19.9999985,,,,188.73131814750957,,,0.38596491228070173,171.0
0xd76f4b3b344adad86dbbd3d325052443c9dd804f,0.028500800016998604,0.02107416,0,1516.833332,9,1764895689,-0.0016403528998253105,-0.0026423569068383355,-0.0016403528998253105,-0.0016403528998253105,-0.010035779688772502,0.0,-0.0016403528998253105,0.0,0.6592682128638772,,-0.0016403528998253105,0.0,-0.0016403528998253105,,,-0.04019995188599965,0,0.07268341763133024,,-0.0016403528998253105,0.22196192839246107,1.0,4733351.0,4733351.0,1.0635285949566464,1.151367923076923,282741.0,,0.0,7.0
0xa0e6a173a9e0de0862afa184dc7b2919bf7a73c6,0.02849802552156861,0.021050917,0,4.4,3,1764823987,-0.018083786602758885,-0.019085790609771912,-0.018083786602758885,-0.018083786602758885,-0.02972546411931897,0.0,-0.018083786602758885,0.0,0.0,,-0.018083786602758885,0.0,-0.018083786602758885,,,0.13500476190476157,0,0.07268341763133024,,-0.018083786602758885,0.19355231630258146,2.0856,30216042.0,30216042.0,6.900360089775807,9.402448957446808,25837134.0,,0.4,15.0
0xc3cd1d612bbf9fbf80da5a9bff0b0470cb46816c,0.028489471551468807,0.020979246,0,3731.574989,41,1764446191,-3.20269040927412e-06,-3.2063339706043524e-06,-3.20269040927412e-06,-3.20269040927412e-06,-0.0016814363942782478,0.5798854824124434,-3.20269040927412e-06,0.33945976209410467,0.0,0.07404713333333401,0.00012200309051157704,0.3403571312899701,0.0002472088714324282,7.296987368394814,7.293184408127683,-0.037186774892027805,6,0.07268341763133024,0.0759885016938105,-3.20269040927412e-06,0.0,19.7325,31308049.0,31308049.0,7.824836945329198,64.83101598446876,27306937.0,0.0,,0.0
0x41c7b86149d24ce750f0439f8ac86c9f7fa788f9,0.028483393163238866,0.020928305,0,1.002,2,1764918963,0.0010020040070130248,0.0020040080140260497,0.0010020040070130248,0.0010020040070130248,0.002834095312540011,-0.09339698720377977,0.0010020040070130248,-0.09360300752506202,0.0,,0.0010020040070130248,-0.0010030075250620197,0.0010020040070130248,0.0009030078172394607,-0.09159699248246055,,1,0.07268341763133024,-0.021939545626794753,0.0010020040070130248,0.15263033917294647,1.449972,6557935.0,6557935.0,1.4658258908813908,55.61761004597702,2084051.0,,0.5294117647058824,17.0
0x6776a0c2af9003c03683d1e8e0397553e65ab465,0.028483393163238866,0.020928305,0,2.959996,2,1764932731,0.0010020526557250667,0.0020040566627380916,0.0010020526557250667,0.0010020526557250667,0.002834164112208373,-0.08779693885668909,0.0010020526557250667,-0.09330295403815309,0.0,,0.0010020526557250667,-0.0010029443278701518,0.0010020526557250667,0.0007030611433109094,-0.09129693885668909,,1,0.07268341763133024,-0.02486080115560184,0.0010020526557250667,0.11398752326614081,2.094799,6396413.0,6396413.0,1.425336233736484,64.71714685135134,1908761.0,,0.7391304347826086,23.0
0x6097ef67ccf4fc9c3d4db00ac2fd0de00c99fd50,0.028483393163238866,0.020928305,0,1.9735,2,1764919267,0.0010020040070130248,0.0020040080140260497,0.0010020040070130248,0.0010020040070130248,0.0028340953125400112,-0.09319699245225255,0.0010020040070130248,-0.09370300752957551,0.0,,0.0010020040070130248,-0.0010030075295755093,0.0010020040070130248,0.0010030075175394627,-0.09169699248246055,,1,0.07268341763133024,-0.022004047492044418,0.0010020040070130248,0.11886598073397822,1.9847725,6499145.0,6499145.0,1.4525864804965727,59.45112822619047,2024957.0,,0.625,24.0
0x5565b8bb36a4abfa6a3325aa197b7c09a7c81503,0.028483393163238866,0.020928305,0,1.683,2,1764928357,0.0010020040070130248,0.0020040080140260497,0.0010020040070130248,0.0010020040070130248,0.0028340953125400117,-0.08519699248246054,0.0010020040070130248,-0.09259999978788554,0.0,,0.0010020040070130248,-0.00010000000030000457,0.0010020040070130248,0.0008030075175394625,-0.09159699227034608,,1,0.07268341763133024,-0.023932738133884655,0.0010020040070130248,0.1387290872960526,1.349974,6508419.0,6508419.0,1.4517098872744452,58.288087813186806,2025141.0,,0.6666666666666666,18.0
0xde7a7073108f2698d272d8862501001a6da78919,0.028483393163238866,0.020928305,0,1.102,2,1764917263,0.0010020040070130806,0.002004008014026105,0.0010020040070130806,0.0010020040070130806,0.0028340953125400893,-0.09439999999999993,0.0010020040070130806,-0.09330300696315297,0.0,,0.0010020040070130806,-0.0010030073678404614,0.0010020040070130806,0.0008030075175395237,-0.09129699207777298,,1,0.07268341763133024,-0.021578844406648614,0.0010020040070130806,0.09480097079933869,1.599864,6497397.0,6497397.0,1.452846528675922,57.44811394382023,2025213.0,,0.5925925925925926,27.0
0xf9e198e8b135c95d8773a002ca086cd075cfcdae,0.028483393163238866,0.020928305,0,2.959996,2,1764931639,0.0010020526557250667,0.0020040566627380916,0.0010020526557250667,0.0010020526557250667,0.002834164112208373,-0.08387508602753045,0.0010020526557250667,-0.08999994644742108,0.0,,0.0010020526557250667,6.326286185112245e-08,0.0010020526557250667,0.0006030617409109233,-0.08899693885668909,,1,0.07268341763133024,-0.024629103665955023,0.0010020526557250667,0.11955748575022959,2.13972,6573161.0,6573161.0,1.4650781445026926,61.3133691882353,2086601.0,,0.8260869565217391,23.0
0x65c97aa685f5b176f35e91bf92c179d1123f261f,0.028483393163238866,0.020928305,0,1.683,2,1764916949,0.0010020040070130248,0.0020040080140260497,0.0010020040070130248,0.0010020040070130248,0.0028340953125400117,-0.09339699321720536,0.0010020040070130248,-0.0923,0.0,,0.0010020040070130248,-0.00010000000000000009,0.0010020040070130248,0.0007030075175394623,-0.09129699248246055,,1,0.07268341763133024,-0.021512220769515738,0.0010020040070130248,0.09400066058770905,3.0,6567245.0,6567245.0,1.4685679592653633,41.803845364705886,2095375.0,,0.5625,32.0
0xf03fb24e507ffb469f0c2967a2bcb614e379fd1b,0.02848148916135044,0.020912345,0,1000.0,2,1764931397,-0.0020040080140260497,-0.0030060120210390743,-0.0020040080140260497,-0.0020040080140260497,-0.004251142968810016,0.0,-0.0020040080140260497,0.0,0.0,,-0.0020040080140260497,0.0,-0.0020040080140260497,,,-0.016100000000000014,0,0.07268341763133024,,-0.0020040080140260497,0.5553380479111042,0.999999,114902273.0,114902273.0,25.6117094240756,1.7601456439024392,110415955.0,0.0,0.25,3.0
0x5117df52aeb1ff172837862f4984e430cc7649b3,0.028478104351956787,0.020883972,0,2394.211611,13,1764830415,0.0012408829124120927,0.0015511036405151158,0.0012408829124120927,0.0012408829124120927,0.00370314947944517,-0.026166906119347907,0.0012408829124120927,-0.025650288596494614,0.0,-2.3435154141666703,0.0007925662916776885,0.002545268651682043,0.00034424967094328414,-0.06497901217064429,-0.06745588234760203,-0.1621500115763349,1,0.07268341763133024,-0.003177565572299165,0.0012408829124120927,0.05069808757472983,4.124083,16403626.0,16403626.0,3.740563094823293,47.688280807533545,12018290.0,,0.4672131147540984,114.0
0x474764029162d0b5292348d2c3caadf460da0658,0.028476092049779505,0.020867102,0,74967.441015,14,1764827391,-1.7884832697898042e-09,-2.1238238834317595e-09,-1.7884832697898042e-09,-1.7884832697898042e-09,-6.358735780789419e-06,0.0,-1.7884832697898042e-09,0.0,0.0,-245.7884377007994,-0.0019985383537628556,0.0,-0.003997074919042441,,,-0.0012902644245126327,1,0.07268341763133024,-0.004415407288965386,-1.7884832697898042e-09,0.2441076454423617,9.999999,,,,47.63460784337349,,,0.3617021276595745,47.0
0x8b2b20b3bbffb9bb8d76cd433670e5311fb9d9d5,0.028461119542813603,0.020741545,0,500.0,2,1764859873,-0.0010020040070130248,-0.0020040080140260497,-0.0010020040070130248,-0.0010020040070130248,-0.0028340953125400112,0.0,-0.0010020040070130248,0.0,1.0,,-0.0010020040070130248,0.0,-0.0010020040070130248,,,-0.008000000000000007,0,0.07268341763133024,,-0.0010020040070130248,0.33616528650307864,2.4814,17716286.0,17716286.0,4.012936050923328,59.24724722448981,13301492.0,,0.2857142857142857,7.0
0x252d61483ca65e21b1e9be4b71f0b03936a53f56,0.028456365603039425,0.020701665,0,250.0,2,1764850963,-0.0030060120210390743,-0.004008016028052099,-0.0030060120210390743,-0.0030060120210390743,-0.005668190625080022,0.0,-0.0030060120210390743,0.0,0.0,,-0.0030060120210390743,0.0,-0.0030060120210390743,,,-0.02410000000000002,0,0.07268341763133024,,-0.0030060120210390743,0.9312515287484882,3.6,,,,7.153114676712329,,,0.0,3.0
0x0778083ab98c5ab4bbe0b11fac034bd0c31c1276,0.028448977099643065,0.020639673,0,5.0,2,1764404987,-0.9999999989989979,-1.001002003006011,-0.9999999989989979,-0.9999999989989979,-1.4156306086137342,0.0,-0.9999999989989979,0.0,0.0,,-0.9999999989989979,0.0,-0.9999999989989979,,,-0.05608410512263798,0,0.07268341763133024,,-0.9999999989989979,0.0,4.999999,3281327.0,3281327.0,0.8286371804597481,303.3838909379562,-678581.0,,,0.0
0xe78d3c444c07314a8277c35a9fe97e41385863fb,0.028448615514374765,0.020636639,0,29.411763,2,1764830645,-0.03306610013924356,-0.034068104146256585,-0.03306610013924356,-0.03306610013924356,-0.04817957492797514,0.0,-0.03306610013924356,0.0,0.0,,-0.03306610013924356,0.0,-0.03306610013924356,,,-0.25129976353472316,0,0.07268341763133024,,-0.03306610013924356,0.16355451640929292,1.042705,12844124.0,12844124.0,2.928726645545866,13.140543396103896,8458558.0,0.0,0.7171717171717171,99.0
0x902cee1355f008cbbe8492ac410c721b415eef98,0.028443681841708503,0.020595234,0,83.790316,4,1764834135,2.218322125169958e-06,2.740278861238222e-06,2.218322125169958e-06,2.218322125169958e-06,0.00024012768389399805,-0.0360606857406549,2.218322125169958e-06,-0.03514724743491641,0.0,0.3605709747460861,0.002131205302888344,0.007279973500150678,0.004260192283651518,-0.06681133332707391,-0.06925299403983798,,1,0.07268341763133024,-0.003940979095879052,2.218322125169958e-06,0.19627526905354575,12.734,,,,38.417444324324315,,,0.14285714285714285,14.0
0xa90986dd218845966eff3ee0b969a4a0eaeae7ed,0.028443327645336344,0.020592261,0,243.09879,10,1764825981,2.5457517063090588e-08,-1.5274406310690265e-07,2.5457517063090588e-08,2.5457517063090588e-08,-5.248714377144636e-05,-0.006820873506691745,2.5457517063090588e-08,-0.006392545478474049,0.0,0.08665374318508487,0.00021568871033803233,-0.006199275939854314,0.00043135196315900157,-0.07796211082636892,-0.07836211082636892,0.1351040811696999,1,0.07268341763133024,-0.002210886302307512,2.5457517063090588e-08,0.08032208402981353,2.847,28053454.0,28053454.0,6.40357944551145,6.319596445736434,23672552.0,0.0,0.7162162162162162,72.0
0xc4086b708cd3a50880b7069add1a1a80000f4675,0.028433996912250282,0.020513935,0,179859.483407,50,1764835699,-0.0001330320872258267,-0.00019954813083873643,-0.0001330320872258267,-0.0001330320872258267,-0.0007744960168245812,-0.04111081792785063,-0.0001330320872258267,-0.04020348951564246,0.0,7.168007039199963,0.00021462529368483348,0.0022617759675865497,0.0005622826745954937,-0.03436149092473375,-0.08520149080129272,,2,0.07268341763133024,-0.0042728242184135005,-0.0001330320872258267,0.0,20.934045,54250551.0,54250551.0,12.356011451685639,1535.3007682498144,49859931.0,0.0,,0.0
0xf748abb6bdfde35109e1716bb8c6d3dafcc67697,0.028431230060658695,0.020490704,0,30.004976,4,1764846315,3.354209694875004e-07,6.707998996226035e-07,3.354209694875004e-07,3.354209694875004e-07,3.6665687326583956e-05,-0.04561519353917652,3.354209694875004e-07,-0.0451635385638938,0.0,0.007510941369621459,0.00012555969422713964,0.00040170739336857633,0.00025078396748479174,-0.08839685403278186,-0.09029685403278187,,1,0.07268341763133024,-0.0065252972496319785,3.354209694875004e-07,0.008949873248019952,6.499993,,,,6.9551399009900985,,,0.8071428571428572,140.0
0xdd225a03cd7ed89e3931906c67c75ab31cf89ef1,0.028429475845319397,0.020475974,0,496990.522418,145,1764192999,-5.000470316703844e-05,-0.00010000940633408236,-5.000470316703844e-05,-5.000470316703844e-05,-0.0005043508854834939,-0.009644153645556635,-5.000470316703844e-05,-0.008829479354345774,0.1680505567854135,141.77439502145668,0.003291518131201037,0.002158548273142967,0.006633040965569111,0.5223806942092176,0.5203473134066249,0.25989999999999996,5,0.07268341763133024,0.13209345471565923,-5.000470316703844e-05,0.0,0.64592,33187001.0,33187001.0,8.854778383743517,1076.2045983490098,29439081.0,0.0,,0.0
0x19820e1a9e07a857de7c89d61e16ed6e0480a646,0.028423212281837945,0.020423373,0,6.0,6,1764875953,-0.0010020040070130248,-0.00200400801402605,-0.0010020040070130248,-0.0010020040070130248,-0.004908797074812095,0.0,-0.0010020040070130248,0.0,1.0,,-0.0010020040070130248,0.0,-0.0010020040070130248,,,-0.008100000000000007,0,0.07268341763133024,,-0.0010020040070130248,0.9594165393316936,1.0,35708575.0,35708575.0,8.059036433895434,5.5261547,31277701.0,0.0,0.0,2.0
0xc3d0add6765c775162354168b510be9c3381407a,0.028423212281837945,0.020423373,0,1500.0,2,1764866555,-0.0010020040070130248,-0.0020040080140260497,-0.0010020040070130248,-0.0010020040070130248,-0.002834095312540011,0.0,-0.0010020040070130248,0.0,1.0,,-0.0010020040070130248,0.0,-0.0010020040070130248,,,-0.008000000000000895,0,0.07268341763133024,,-0.0010020040070130248,0.5828711348922826,1.25,,,,3.6452573684210527,,,0.0,2.0
0xc6a87f1bb19b5cc3b1b490922952b63a917d7ac9,0.028423212281837945,0.020423373,0,1.5399999999999998,2,1764882173,-0.0010020040070130248,-0.0020040080140260497,-0.0010020040070130248,-0.0010020040070130248,-0.0021591268166797624,0.0,-0.0010020040070130248,0.0,1.0,,-0.0010020040070130248,0.0,-0.0010020040070130248,,,-0.00799999999999999,0,0.07268341763133024,,-0.0010020040070130248,0.9989627353460939,2.226,,,,3.75028293548387,,,0.0,2.0
0xfe6bfb69f8d53c6f0157c6fb5711416c80141cde,0.028423212281837945,0.020423373,0,68.266666,3,1764958241,-0.0011451463706789843,-0.002147150377692009,-0.0011451463706789843,-0.0011451463706789843,-0.003633583056750027,0.0,-0.0011451463706789843,0.0,0.01171875011444092,,-0.0011451463706789843,0.0,-0.0011451463706789843,,,-0.008885714349234764,0,0.07268341763133024,,-0.0011451463706789843,0.5555554814814814,1.0,,,,1.0967881428571429,,,0.0,2.0
0x74cc3d6d394a3e0f2e53c72ce26a84adc10565ed,0.028423212281837945,0.020423373,0,3750.0,6,1764888453,-0.003006012021039074,-0.004008016028052099,-0.003006012021039074,-0.003006012021039074,-0.009817594149624192,0.0,-0.003006012021039074,0.0,0.0,,-0.003006012021039074,0.0,-0.003006012021039074,,,-0.02420000000000002,0,0.07268341763133024,,-0.003006012021039074,0.8828125,5.0,,,,22.5,,,0.0,2.0
0xafe34d1841f1f3616582cf4f5fb5925eab674a02,0.02842217661625851,0.020414675,0,10.142,1,1764795085,-0.922845690458995,-0.9238476944660081,-0.922845690458995,-0.922845690458995,-0.923847694466008,0.0,-0.922845690458995,0.0,0.0,,-0.922845690458995,0.0,-0.922845690458995,,,-1.0429613286379416,0,0.07268341763133024,,-0.922845690458995,0.5266802650512341,5.6,,,,34.48434909090909,,,0.125,8.0
0xde9aef29c07ee41cb6fd75c1732618c31d846064,0.02842210897770384,0.020414107,0,20.0,3,1764955023,-0.0010020040070130248,-0.0020040080140260497,-0.0010020040070130248,-0.0010020040070130248,-0.0033900205479686064,0.0,-0.0010020040070130248,0.0,1.0,,-0.0010020040070130248,0.0,-0.0010020040070130248,,,-0.007700000008964003,0,0.07268341763133024,,-0.0010020040070130248,0.436125155246611,9.9949995,,,,13.788844211864404,,,0.14285714285714285,7.0
0x2382587a8f637e3557dd48cc6e2a35c3f3be53f3,0.028418269359913876,0.020381855,0,1458.217142,3,1764902155,-0.005869427748518819,-0.006871431755531844,-0.005869427748518819,-0.005869427748518819,-0.011055763570101318,0.0,-0.005869427748518819,0.0,0.0,,-0.005869427748518819,0.0,-0.005869427748518819,,,-0.04714728285845393,0,0.07268341763133024,,-0.005869427748518819,0.43902512243014424,16.1541,11135254.0,11135254.0,2.498331641641291,32.1804877821229,6678178.0,,0.0,7.0
0xcefcf195e31cb4e5bea72bb08f8a5ef34f4bcc09,0.028414274829228786,0.020348297,0,8.279996,4,1764764175,-0.00027587616746832115,-0.000276460032513138,-0.00027587616746832115,-0.00027587616746832115,-0.01619667411334572,0.0,-0.00027587616746832115,0.0,0.0,-2.7026993513780604,-0.11860308656927593,0.0,-0.23693029697108353,,,-1.0266469245013345,1,0.07268341763133024,-0.00732308347771991,-0.00027587616746832115,0.193412535518237,1.999999,,,,2.9174049583952453,,,0.4,10.0
0x948cc2f1138a516c0f4fd03eb30015c331fd42ee,0.028413950253213062,0.02034557,0,8909.364317,17,1764680904,-1.725838236034942e-17,-0.0001554496887341918,-1.725838236034942e-17,-1.725838236034942e-17,-0.00039466594862060865,1.00214173085932,-1.725838236034942e-17,0.011402643330801994,0.0,2624.316609662,0.09713167200891394,0.013670724483552138,0.19426334401782788,7.352734902957765,7.346665415235285,,2,0.07268341763133024,0.028571143647775684,-1.725838236034942e-17,0.1023100895976259,24.999999,59776691.0,59776691.0,14.112172008994706,166.5067064602961,55540866.0,0.0,0.3522727272727273,88.0
0x4fa84c759429e1e976b44d89542007df621ad618,0.028412892745670337,0.020336686,0,5.01,2,1764907379,0.0010020040070130248,0.0020040080140260497,0.0010020040070130248,0.0010020040070130248,0.0028340953125400117,-0.09380300752957552,0.0010020040070130248,-0.09460601503507894,0.0,,0.0010020040070130248,-0.0022060150350789254,0.0010020040070130248,0.0010030075175394627,-0.09159699248246056,,1,0.07268341763133024,-0.019481685077281298,0.0010020040070130248,0.0,57.95199,127524805.0,127524805.0,28.578267933576853,1147.2853140053248,123062505.0,0.0,,0.0
0xee4ff978e3fd593aaec804a3289940bd1d26a453,0.02841235380841106,0.020332158,0,3.999996,2,1764587456,-0.9498995514136951,-0.9509015554207082,-0.9498995514136951,-0.9498995514136951,-1.3447778761576366,0.0,-0.9498995514136951,0.0,0.0,,-0.9498995514136951,0.0,-0.9498995514136951,,,-0.022415056887439035,0,0.07268341763133024,,-0.9498995514136951,0.11739515001816889,2.999998,4505211.0,4505211.0,1.087590772158111,20.706212258536585,362834.0,,0.40540540540540543,37.0
0x06595b09d8016a79d1e42c63c49bd6647101631c,0.02841235380841106,0.020332158,0,1000.0,2,1764835249,-0.004008016028052099,-0.005010020035065124,-0.004008016028052099,-0.004008016028052099,-0.007085238281350027,0.0,-0.004008016028052099,0.0,0.0,,-0.004008016028052099,0.0,-0.004008016028052099,,,-0.02040000000000002,0,0.07268341763133024,,-0.004008016028052099,0.06029634215933493,9.999999,4471552.0,4471552.0,1.0185373231560508,14.455029109890113,81382.0,,0.4888888888888889,45.0
0x3cf6bfc6199c19d2efbf2f9a545235321696c454,0.02841235380841106,0.020332158,0,500.0,2,1764873373,-0.0010020040070130248,-0.0020040080140260497,-0.0010020040070130248,-0.0010020040070130248,-0.0028340953125400112,0.0,-0.0010020040070130248,0.0,1.0,,-0.0010020040070130248,0.0,-0.0010020040070130248,,,-0.008100000000000007,0,0.07268341763133024,,-0.0010020040070130248,0.0713490638501019,1.3,4600772.0,4600772.0,1.0389490851330105,11.364676793667009,172478.0,,0.4485981308411215,302.0
0x8217b6c8878a4aa4ecc023608dbf91d4fac64936,0.028408419490219536,0.0202991,0,822.092855,60,1764549774,-0.009215595435174005,-0.009741440723640743,-0.009215595435174005,-0.009215595435174005,-0.0461873974104327,-0.018278769194933722,-0.009215595435174005,-0.02593823513944473,0.23137773250100374,21.565574820625,0.023002766987337397,-0.024783250682472092,0.0552211294098488,2.6384975253133613,2.6336563485065145,-0.04559999999999912,3,0.07268341763133024,0.056393938352342285,-0.009215595435174005,0.0,17.19,4236751.0,4236751.0,1.0321719396934486,16.68756704302151,132056.0,0.0,,0.0
0xefc504152e1ae184d38bd3bd605ffdeb5c68efa2,0.028404110923565387,0.020262891,0,200.0,2,1764854775,-0.004008016028052099,-0.005010020035065124,-0.004008016028052099,-0.004008016028052099,-0.007085238281350027,0.0,-0.004008016028052099,0.0,0.0,,-0.004008016028052099,0.0,-0.004008016028052099,,,-0.03230000000000003,0,0.07268341763133024,,-0.004008016028052099,0.3445234130713713,1.340029,13260528.0,13260528.0,3.0071297431841106,2.067619653806048,8850832.0,,0.2,20.0
0xcc809fe65d8afb1fee27e34b1b29b335e6d2e45c,0.028401599307971467,0.020241782,0,1000.0,2,1764866971,-0.0010020040070130248,-0.0020040080140260497,-0.0010020040070130248,-0.0010020040070130248,-0.002834095312540011,0.0,-0.0010020040070130248,0.0,1.0,,-0.0010020040070130248,0.0,-0.0010020040070130248,,,-0.008100000000000895,0,0.07268341763133024,,-0.0010020040070130248,0.22222225925931482,1.32,5105548.0,5105548.0,1.1546071229238526,1.9871997199999998,683656.0,,0.0,5.0
0x66f777bfa567322d531467e590ed931802fd9979,0.028397622340994008,0.020208353,0,666.666666,4,1764944497,-0.0020040065230440864,-0.0030060105300571114,-0.0020040065230440864,-0.0020040065230440864,-0.006012021060114222,0.0,-0.0020040065230440864,0.0,0.0,,-0.0020040065230440864,0.0,-0.0020040065230440864,,,-0.016099987947200006,0,0.07268341763133024,,-0.0020040065230440864,0.4695671626029722,0.999999,,,,1.5888094375,,,0.0,6.0
0xf7640327547d52900a32fe33667de0fc78ca1919,0.028395904038388473,0.020193908,0,6.0,2,1764923159,-0.0020040080140260497,-0.0030060120210390743,-0.0020040080140260497,-0.0020040080140260497,-0.004251142968810016,0.0,-0.0020040080140260497,0.0,0.0,,-0.0020040080140260497,0.0,-0.0020040080140260497,,,-0.01600000001492502,0,0.07268341763133024,,-0.0020040080140260497,1.0,2.0415,,,,8.385122736842105,,,0.0,1.0
0x74199a6babbfb3a8e1b03d1bd225df36680cd2fb,0.028395904038388473,0.020193908,0,2339.333332,12,1764877439,-0.0006376386410252185,-0.0016396426480382433,-0.0006376386410252185,-0.0006376386410252185,-0.006136710499742253,0.0,-0.0006376386410252185,0.0,0.8566543179576257,,-0.0006376386410252185,0.0,-0.0006376386410252185,,,-0.008000000000000007,0,0.07268341763133024,,-0.0006376386410252185,1.0,0.999999,,,,1.4236866069364162,,,0.0,1.0
0xa1f23cf958fba7e8154803dfb7a4f0a83f1a80b6,0.028395904038388473,0.020193908,0,1076.666666,2,1764951535,-0.0020040075533523556,-0.0030060115603653802,-0.0020040075533523556,-0.0020040075533523556,-0.00425114231731903,0.0,-0.0020040075533523556,0.0,0.0,,-0.0020040075533523556,0.0,-0.0020040075533523556,,,-0.016099996276006,0,0.07268341763133024,,-0.0020040075533523556,1.0,3.23,,,,3.23,,,0.0,1.0
0x34ab62d4717796662f221a5c3d6e541b981df515,0.028395904038388473,0.020193908,0,6480.0,2,1764974109,-0.0020040080140259937,-0.0030060120210390192,-0.0020040080140259937,-0.0020040080140259937,-0.004251142968809938,0.0,-0.0020040080140259937,0.0,0.0,,-0.0020040080140259937,0.0,-0.0020040080140259937,,,-0.01600000005969958,0,0.07268341763133024,,-0.0020040080140259937,1.0,19.44,,,,19.44,,,0.0,1.0
0xe930cea4fffdc860f82dedeee3987ef95e231dd8,0.028395904038388473,0.020193908,0,9700.0,2,1764869085,-0.0010020040070130248,-0.0020040080140260497,-0.0010020040070130248,-0.0010020040070130248,-0.002834095312540011,0.0,-0.0010020040070130248,0.0,1.0,,-0.0010020040070130248,0.0,-0.0010020040070130248,,,-0.008000000000000018,0,0.07268341763133024,,-0.0010020040070130248,1.0,19.9999995,,,,39.38975827205883,,,0.0,1.0
0x11af22fcacbc9eaabec4eec0b94f477a34c01c1d,0.028395904038388473,0.020193908,0,32000.0,6,1764872521,-0.0010020040070130248,-0.0020040080140260493,-0.0010020040070130248,-0.0010020040070130248,-0.004904136736310649,0.0,-0.0010020040070130248,0.0,1.0,,-0.0010020040070130248,0.0,-0.0010020040070130248,,,-0.008000000000000007,0,0.07268341763133024,,-0.0010020040070130248,1.0,20.0,,,,20.275,,,0.0,1.0
0x05462bde7752684da8c57b8aeb36e7495e5ad062,0.028395904038388473,0.020193908,0,932.5595400000001,4,1764926373,-0.002100397695935622,-0.0031024017029486466,-0.002100397695935622,-0.002100397695935622,-0.005485634352350256,0.0,-0.002100397695935622,0.0,0.0,,-0.002100397695935622,0.0,-0.002100397695935622,,,-0.016389597455673574,0,0.07268341763133024,,-0.002100397695935622,1.0,11.0,,,,11.0,,,0.0,1.0
0x235b2e28f02a13e7435030a10f45aef08ecaaf09,0.028395904038388473,0.020193908,0,333.333333,2,1764909691,-0.0020040065230440864,-0.0030060105300571114,-0.0020040065230440864,-0.0020040065230440864,-0.004251140860243102,0.0,-0.0020040065230440864,0.0,0.0,,-0.0020040065230440864,0.0,-0.0020040065230440864,,,-0.015399987649600006,0,0.07268341763133024,,-0.0020040065230440864,1.0,10.479794,,,,182.58788088888883,,,0.0,1.0
0x677c0c24970aa400bed8379e40f7dd8e6799bc6d,0.028395904038388473,0.020193908,0,21.799999,3,1764850039,-0.0020040078764113527,-0.0030060118834243778,-0.0020040078764113527,-0.0020040078764113527,-0.0050469994503064336,0.0,-0.0020040078764113527,0.0,0.0,,-0.0020040078764113527,0.0,-0.0020040078764113527,,,-0.01599999999999998,0,0.07268341763133024,,-0.0020040078764113527,1.0,20.507994500000002,,,,18.63739725,,,0.0,1.0
0x9e65b64a865ad2d64629e57cd5cdb689b593199e,0.028395904038388473,0.020193908,0,333.333333,2,1764963697,-0.0020040065230440864,-0.0030060105300571114,-0.0020040065230440864,-0.0020040065230440864,-0.004251140860243102,0.0,-0.0020040065230440864,0.0,0.0,,-0.0020040065230440864,0.0,-0.0020040065230440864,,,-0.016199987947200005,0,0.07268341763133024,,-0.0020040065230440864,1.0,2.804999,,,,3.328618094827586,,,0.0,1.0
0xa153dfc58d892b6a3b3b1c7bb6d74ac55b959e1a,0.028395904038388473,0.020193908,0,333.333333,2,1764933603,-0.0020040065230440864,-0.0030060105300571114,-0.0020040065230440864,-0.0020040065230440864,-0.004251140860243102,0.0,-0.0020040065230440864,0.0,0.0,,-0.0020040065230440864,0.0,-0.0020040065230440864,,,-0.015999987648400008,0,0.07268341763133024,,-0.0020040065230440864,1.0,5.67432,,,,16.73957511764706,,,0.0,1.0
0x9788c56ebe9784e1d19cf5d160276c0fb5fb063d,0.028395904038388473,0.020193908,0,20.009998,3,1764818949,-0.03289662832390516,-0.03389863233091819,-0.03289662832390516,-0.03289662832390516,-0.05554432562295714,0.0,-0.03289662832390516,0.0,0.0,,-0.03289662832390516,0.0,-0.03289662832390516,,,0.006604067474994535,0,0.07268341763133024,,-0.03289662832390516,1.0,4.999999,,,,7.008402176470589,,,0.0,1.0
0x16e76276d154846ed29b14b601a416c4f8243ec1,0.028395904038388473,0.020193908,0,18.0,2,1764841581,-0.0020040080140260497,-0.003006012021039074,-0.0020040080140260497,-0.0020040080140260497,-0.004251142968810017,0.0,-0.0020040080140260497,0.0,0.0,,-0.0020040080140260497,0.0,-0.0020040080140260497,,,-0.007900000000000008,0,0.07268341763133024,,-0.0020040080140260497,1.0,7.0,,,,7.2499994999999995,,,0.0,1.0
0xdd3dbe1682dca5d85d07c99a1fec07d5138df553,0.028395904038388473,0.020193908,0,9.999998999999999,2,1764928753,-0.0020040077146272674,-0.003006011721640293,-0.0020040077146272674,-0.0020040077146272674,-0.004251142545396199,0.0,-0.0020040077146272674,0.0,0.0,,-0.0020040077146272674,0.0,-0.0020040077146272674,,,-0.016099997579720138,0,0.07268341763133024,,-0.0020040077146272674,1.0,5.0,,,,4.678299857142856,,,0.0,1.0
0x5e7f4ad379fd8ef3492d1ff62d36e839ef854983,0.028395904038388473,0.020193908,0,1000.0,2,1765038615,0.0,-0.0010020040070130248,0.0,0.0,-0.0014170476562700054,0.0,0.0,0.0,1.0,,0.0,0.0,0.0,,,0.0,0,0.07268341763133024,,0.0,1.0,0.999999,,,,0.9714214189189189,,,0.0,1.0
0x7208bf513aa7a0bb59484cfe0d0e8fb78d8fe4d7,0.028395904038388473,0.020193908,0,4028.0,14,1764952425,-0.0006376389135537431,-0.001639642920566768,-0.0006376389135537431,-0.0006376389135537431,-0.005973640346623102,0.0,-0.0006376389135537431,0.0,1.0,,-0.0006376389135537431,0.0,-0.0006376389135537431,,,-0.007700000000000007,0,0.07268341763133024,,-0.0006376389135537431,1.0,1.0,,,,2.8333333333333335,,,0.0,1.0
0x921e086e645e66e268739d183abfd119d3dd101b,0.028395904038388473,0.020193908,0,1.9999989999999999,2,1764928241,-0.002004006514026083,-0.0030060105210391076,-0.002004006514026083,-0.002004006514026083,-0.00425114084748972,0.0,-0.002004006514026083,0.0,0.0,,-0.002004006514026083,0.0,-0.002004006514026083,,,-0.015999987574360264,0,0.07268341763133024,,-0.002004006514026083,1.0,1.0,,,,3.157272409090909,,,0.0,1.0
0x3078db4a9737866b4d6529f655025b3a20f80389,0.028379448455943874,0.020055532,0,387.959542,63,1764707511,6.041847353221568e-08,6.71316372580101e-08,6.041847353221568e-08,6.041847353221568e-08,2.5935722378578736e-05,1.206706364993817,6.041847353221568e-08,0.8075775616267158,0.0,0.38474918275861986,0.0011510076136101628,0.8086828169391971,0.0023019548087467936,6.792204343042076,6.7875304299986,-0.9662002966800818,3,0.07268341763133024,0.02292574519811196,6.041847353221568e-08,0.0,4.6204995,22068132.0,22068132.0,5.177356964287055,7.10064929457627,17805700.0,0.0,,0.0
0xe41923ce5451c6b7b6ffe30ebda24c0e88ca5839,0.028374737206570123,0.020015901,0,3592.910304,19,1764803197,0.0009578308691878944,0.0011363109611878112,0.0009578308691878944,0.0009578308691878944,0.003698535035878434,-0.001378997703765756,0.0009578308691878944,-0.0013989395215580765,0.0,-1105.6214659710001,-0.09040060634775249,-0.0013009901989051284,-0.18175904356469288,-0.07976329258855248,-0.08366329258855248,-1.0496407067769125,1,0.07268341763133024,-0.0007264946928119885,0.0009578308691878944,0.11179958316542195,60.813,32366274.0,32366274.0,7.42666306878336,156.73198630745446,28008156.0,0.0,0.4125,80.0
0x738cf166b901ca3b6b1c92db1984bcae9961d830,0.028367132212794965,0.019951914,0,700.0,5,1764937153,-0.0018608645844527608,-0.0028628685914657863,-0.0018608645844527608,-0.0018608645844527608,-0.006458052903634654,0.0,-0.0018608645844527608,0.0,0.7142857142857143,,-0.0018608645844527608,0.0,-0.0018608645844527608,,,-0.03210000000000003,0,0.07268341763133024,,-0.0018608645844527608,0.9375260742160232,3.7549975,,,,5.4960986,,,0.0,2.0
0x86953a5329a6d38ab35b2c98af5636af938bc1cb,0.028367132212794965,0.019951914,0,250.0,2,1764890937,-0.0030060120210390743,-0.004008016028052099,-0.0030060120210390743,-0.0030060120210390743,-0.005668190625080022,0.0,-0.0030060120210390743,0.0,0.0,,-0.0030060120210390743,0.0,-0.0030060120210390743,,,-0.024300000000000023,0,0.07268341763133024,,-0.0030060120210390743,0.8024691358024691,1.0,,,,3.333333,,,0.0,2.0
0xfe175c90c4152392978fa402ed871657881298e9,0.028364206567378886,0.019927293,0,6065.64,10,1764823521,-0.0007919550225940457,-0.0011879325338910683,-0.0008579512744768829,-0.00105590755902905,-0.004628783518632057,-0.006467876961974684,-0.0011219362820082315,-0.005931127360748991,0.0,-42.234999999999985,-0.0037537462048080677,-0.005977933801404213,-0.006451552379490742,-0.09049096613147502,-0.08669097581147617,0.10219999999999985,1,0.07268341763133024,-0.0016889304190372163,-0.00092394752635972,0.08094989646698549,10.019999,88687399.0,88687399.0,20.25546963965721,140.76586460361716,84308957.0,0.0,0.6992481203007519,259.0
0xa97111e08ee16786452470afde4147916394e347,0.0283595170267882,0.019887824,0,240.0,2,1764841717,-0.0020040080140260497,-0.0030060120210390743,-0.0020040080140260497,-0.0020040080140260497,-0.004251142968810017,0.0,-0.0020040080140260497,0.0,0.0,,-0.0020040080140260497,0.0,-0.0020040080140260497,,,-0.007300000000000006,0,0.07268341763133024,,-0.0020040080140260497,0.35685264060267363,2.087875,,,,114.88367550980394,,,0.043478260869565216,23.0
0x73e581b6550e9ccdd0f443dbfdd8f69268935bb5,0.02835771267265126,0.019872636,0,18236.9552,13,1764661006,0.000532752896618252,0.000665941120772815,0.000532752896618252,0.000532752896618252,0.0018542131323684727,-0.05126652759788792,0.000532752896618252,-0.051134498423203445,0.0,108.15896000000211,0.0018616735431869493,0.00025815762202202163,0.0031905941897556462,0.6069620345040826,0.5226787011394384,,3,0.07268341763133024,0.03279304534099208,0.000532752896618252,0.018389131896727463,43.019749000000004,12964846.0,12964846.0,3.0752064729773547,236.19824499369935,8748919.0,,0.76,250.0
0x2f9fc13e85e1f0de928d1d79de464793fad8aa6e,0.028352140767689063,0.019825729,0,9.999998999999999,2,1764877289,-0.0020040077146272674,-0.003006011721640293,-0.0020040077146272674,-0.0020040077146272674,-0.004251142545396199,0.0,-0.0020040077146272674,0.0,0.0,,-0.0020040077146272674,0.0,-0.0020040077146272674,,,-0.016199997579720137,0,0.07268341763133024,,-0.0020040077146272674,0.31445709518832893,1.24614,,,,32.95331632575758,,,0.21428571428571427,14.0
0x3747545c477a583976fedcb366b5c5ed650af2a6,0.028352140767689063,0.019825729,0,20.0,2,1764869431,0.0,-0.0010020040070130248,0.0,0.0,-0.0014170476562700054,0.0,0.0,0.0,1.0,,0.0,0.0,0.0,,,0.0,0,0.07268341763133024,,0.0,0.2886747819993298,4.999999,,,,33.10886562921348,,,0.2631578947368421,19.0
0xbed2ffa203b314ebb9b641ac62d2a1aea39e8c1f,0.028352140767689063,0.019825729,0,333.333333,2,1764975847,-0.0020040065230440864,-0.0030060105300571114,-0.0020040065230440864,-0.0020040065230440864,-0.004251140860243102,0.0,-0.0020040065230440864,0.0,0.0,,-0.0020040065230440864,0.0,-0.0020040065230440864,,,-0.016098118637391173,0,0.07268341763133024,,-0.0020040065230440864,0.2625731406151734,1.5549995,27161863.0,27161863.0,5.994979879790799,5.688782297520661,22631095.0,,0.0851063829787234,47.0
0x8bf2e3a5bce7436463dc6d0b6983838148993981,0.028352140767689063,0.019825729,0,500.0,2,1764856913,-0.0010020040070130248,-0.0020040080140260497,-0.0010020040070130248,-0.0010020040070130248,-0.0028340953125400112,0.0,-0.0010020040070130248,0.0,1.0,,-0.0010020040070130248,0.0,-0.0010020040070130248,,,-0.007400000000000006,0,0.07268341763133024,,-0.0010020040070130248,0.27282169454137717,6.401483,,,,10.835643142857144,,,0.1,10.0
0x3ee4220a108aad78f3de0b724ab269e4e34c488e,0.028352140767689063,0.019825729,0,833.333333,4,1764851425,-0.0026052098228030044,-0.00360721382981603,-0.0026052098228030044,-0.0026052098228030044,-0.007079219133613997,0.0,-0.0026052098228030044,0.0,0.0,,-0.0026052098228030044,0.0,-0.0026052098228030044,,,-0.020000000048450282,0,0.07268341763133024,,-0.0026052098228030044,0.2594408033843789,1.4999989999999999,,,,3.4796892857142856,,,0.23809523809523808,21.0
0x5fe50c22621779e031322c5becb110d1fa0d8b99,0.02834515741938048,0.019766927,0,19.59,4,1764793795,0.0,0.0,0.0,0.0,0.0,1.840525,0.0,1.837275,0.0,-0.034999999999999476,-0.00043837675306819144,1.8416000000000001,-0.0008767535061363829,7.357400022679088,7.357099999999999,-1.0470675577500437,1,0.07268341763133024,0.004618248681000509,0.0,0.0,2.66,29566874.0,29566874.0,6.798989402849025,3.4984977939291735,25218158.0,0.0,,0.0
0xe7387473b067235436884d16799777cf279edf65,0.028340845340806647,0.01973061,0,2455.1603999999998,15,1764724605,-0.9151843014360148,-0.916186305443028,-0.9151843014360148,-0.9151843014360148,-2.7344455770508573,0.0,-0.9151843014360148,0.0,0.0,,-0.9151843014360148,0.0,-0.9151843014360148,,,-1.0611859999696236,0,0.07268341763133024,,-0.9151843014360148,0.0,9.96705,3179894.0,3179894.0,0.7430481787001645,214.24821143502822,-1099632.0,,,0.0
0x7800c3b8c0d6858bed5ad0acb982d7cbbe80eae9,0.02834049238765649,0.019727638,0,40.28,3,1764634362,-0.9175851694221767,-0.9185871734291897,-0.9175851694221767,-0.9175851694221767,-1.5905730943378722,0.0,-0.9175851694221767,0.0,0.0,,-0.9175851694221767,0.0,-0.9175851694221767,,,-0.039992756332571225,0,0.07268341763133024,,-0.9175851694221767,1.0,6.3674,,,,57.82674320714285,,,0.0,1.0
0x5991926ad1717526ec45b42a5b66278901be229c,0.02834049238765649,0.019727638,0,685.714284,2,1764832499,-0.03406813486486235,-0.03507013887187537,-0.03406813486486235,-0.03406813486486235,-0.049596666026914024,0.0,-0.03406813486486235,0.0,0.0,,-0.03406813486486235,0.0,-0.03406813486486235,,,-0.2593999888962502,0,0.07268341763133024,,-0.03406813486486235,1.0,23.999999,,,,23.999999,,,0.0,1.0
0xa33448ca58aba1ee3d0c394f8171cd4c760bbf67,0.028326102566517013,0.019606408,0,1000.0,4,1764860291,-0.0010020040070130248,-0.0020040080140260497,-0.0010020040070130248,-0.0010020040070130248,-0.004008016028052099,0.0,-0.0010020040070130248,0.0,1.0,,-0.0010020040070130248,0.0,-0.0010020040070130248,,,-0.007700000000000007,0,0.07268341763133024,,-0.0010020040070130248,0.3476562580566418,5.4999994999999995,,,,5.499999833333334,,,0.0,4.0
0xe46bededb9a06d23d1562bd98d1ed6e8d19b5635,0.028325856109920552,0.01960433,0,92119.43333300001,25,1764826391,0.0002148926982154018,0.00042978539643080357,0.0002148926982154018,0.0002148926982154018,0.0012303606550860147,-0.00100027573694374,0.0002148926982154018,-0.0009706494281411432,0.0,-71.24980525000052,-0.00024042121756028573,9.706898385093903e-06,-0.0006957351333359733,0.0013030075175394628,-0.09029699248246055,0.22579999999999995,1,0.07268341763133024,-0.007595518987524406,0.0002148926982154018,0.17350388638048594,13.596,34232401.0,34232401.0,7.8132762514972685,558.8017419771429,29851089.0,,0.3125,16.0
0x0bdfcd7169256209ddbd8e8ab8b85498ec0266f6,0.028318836839213303,0.019545173,0,1000.0,2,1764868703,-0.0010020040070130248,-0.0020040080140260497,-0.0010020040070130248,-0.0010020040070130248,-0.002834095312540011,0.0,-0.0010020040070130248,0.0,1.0,,-0.0010020040070130248,0.0,-0.0010020040070130248,,,-0.008000000000000007,0,0.07268341763133024,,-0.0010020040070130248,0.27777783333340283,2.0,,,,3.204230461538462,,,0.25,4.0
0x7dc78f164c24366145a9334c8ef8f59c3bd40a2b,0.028315098706049625,0.019513663,0,947.1375,6,1764825961,-0.013923345443443924,-0.014925349450456952,-0.013923345443443924,-0.013923345443443924,-0.030854933663006026,0.0,-0.013923345443443924,0.0,0.0,,-0.013923345443443924,0.0,-0.013923345443443924,,,0.1684336799580642,0,0.07268341763133024,,-0.013923345443443924,0.044907167862831276,49.999999,4594284.0,4594284.0,1.0487121086575717,56.3101328125,213402.0,,0.1935483870967742,31.0
0x3e4c74c94e8a9646b2e74303a2721622d0800314,0.028309250616907748,0.019464359,0,2580.199996,5,1764824665,6.8355425428842105e-06,8.443905425453885e-06,6.8355425428842105e-06,6.8355425428842105e-06,0.0004215179410624563,-0.036739584628516744,6.8355425428842105e-06,-0.034656317141765314,0.0,15.14600060848231,0.002142289263491851,-0.03500645275011137,0.004277742984440818,-0.06844268075654568,-0.06584269043654685,,1,0.07268341763133024,-0.0019316611224767359,6.8355425428842105e-06,0.04998983325109244,34.8,7976441.0,7976441.0,1.8212773992792926,88.04892703837953,3596855.0,,0.5612244897959183,98.0
0xda475f640892d0014c086b7e4f25317f5778f40a,0.0283078695167359,0.019452713,0,14615.52,8,1764855215,0.0,0.0,0.0,0.0,0.0,-0.0464365596940719,0.0,-0.046538083904267634,0.0,-2.391999999999813,-0.00012185433762074464,-0.0010880839042676257,-0.00024370867524148927,0.0001302158098124593,-0.08986978419018755,,1,0.07268341763133024,-0.008413674225691177,0.0,0.04841776024404449,27.324129999999997,36971178.0,36971178.0,8.38322854442584,640.7207200149679,32561042.0,0.0,0.6376811594202898,69.0
0xccd9c0644d7e0d7cf45fc823a4d7a0a4af4df927,0.02830400048720104,0.019420087,0,47501.44796,10,1764837903,0.0,0.0,0.0,0.0,0.0,0.0,0.0,0.0,0.0,-32.121199999999675,-0.0004172228386732383,0.0,-0.0008344456773464766,,,-0.01769999781355077,1,0.07268341763133024,-0.008843545209230048,0.0,0.2290933960749077,19.999979000000003,,,,22.278746416666664,,,0.3333333333333333,6.0
0xe1055b4b4c1342281bf5cba7d18074f8126f9cb3,0.028301793850617426,0.019401478,0,2673.0,1,1764823631,0.009018036063117223,0.010020040070130248,0.009018036063117223,0.009018036063117223,0.010020040070130248,-0.08898480863095676,0.009018036063117223,-0.08089368169331987,0.0,,0.009018036063117223,-0.0815936720133187,0.009018036063117223,-0.08266329258855262,-0.07886330226855379,,1,0.07268341763133024,-0.0017122699097525547,0.009018036063117223,0.0,42.0,43293788.0,43293788.0,9.887695292873078,999.8136537384614,38915236.0,0.0,,0.0
0x797d1b62647d73dfaaa856fca1763e7cc89753c2,0.02829779997827935,0.019367792,0,2.04,2,1764886705,-0.0030060120210390743,-0.004008016028052099,-0.0030060120210390743,-0.0030060120210390743,-0.0056681906250800225,0.0,-0.0030060120210390743,0.0,0.0,,-0.0030060120210390743,0.0,-0.0030060120210390743,,,-0.024300000000000023,0,0.07268341763133024,,-0.0030060120210390743,0.28791252753610774,4.999999,,,,4.39567425,,,0.2,5.0
0xfc247d818ce5c13d605080da4b227efa1e183215,0.028297582467631255,0.019365957,0,2.0,2,1764954459,-0.0010020040070130248,-0.0020040080140260497,-0.0010020040070130248,-0.0010020040070130248,-0.0028340953125400112,0.0,-0.0010020040070130248,0.0,1.0,,-0.0010020040070130248,0.0,-0.0010020040070130248,,,-0.007700000896399994,0,0.07268341763133024,,-0.0010020040070130248,0.5,1.999998,,,,2.129900219512195,,,0.0,2.0
0x162cdbc362e65dd3bc060f6d69128ada16b16a54,0.02829545404046261,0.019348003,0,6000.0,2,1764984409,-0.0010020040070130248,-0.0020040080140260497,-0.0010020040070130248,-0.0010020040070130248,-0.002834095312540011,0.0,-0.0010020040070130248,0.0,1.0,,-0.0010020040070130248,0.0,-0.0010020040070130248,,,-0.008100000000000007,0,0.07268341763133024,,-0.0010020040070130248,0.2912563052000301,2.999999,,,,8.528721472222223,,,0.0,4.0
0x999b97fae1e7f5a4d2ebbc93700551858ac4ad3d,0.02829545404046261,0.019348003,0,1000.0,2,1764868839,-0.0010020040070130248,-0.0020040080140260497,-0.0010020040070130248,-0.0010020040070130248,-0.002834095312540011,0.0,-0.0010020040070130248,0.0,1.0,,-0.0010020040070130248,0.0,-0.0010020040070130248,,,-0.008000000000000007,0,0.07268341763133024,,-0.0010020040070130248,0.28000006400008637,2.64,,,,3.18359984,,,0.0,4.0
0xf12f39b2e5d836d0b2d81dd1e251559b2973acdf,0.02829257752129546,0.019323736,0,171.74028,1,1764836803,0.0030060120210390743,0.004008016028052099,0.0030060120210390743,0.0030060120210390743,0.004008016028052099,-0.0903000082863009,0.0030060120210390743,-0.09059396910786259,0.0,,0.0030060120210390743,-0.0011939691078625726,0.0030060120210390743,-0.08558190957810166,-0.08858190957810166,,1,0.07268341763133024,-0.004507067834320169,0.0030060120210390743,0.007354476473953233,15.334,12812362.0,12812362.0,2.9173877957722296,15.889500911210147,8420638.0,,0.8438356164383561,351.0
0x6b406869d0a453331a55eaa8a6a7d7ea81a06ec9,0.02829257752129546,0.019323736,0,128.07564,1,1764836477,0.0030060120210391858,0.00400801602805221,0.0030060120210391858,0.0030060120210391858,0.00400801602805221,-0.09231206857195629,0.0030060120210391858,-0.09049396986238524,0.0,,0.0030060120210391858,-0.00279396986238522,0.0030060120210391858,-0.08558190957810154,-0.08848190957810154,,1,0.07268341763133024,-0.004437898070927439,0.0030060120210391858,0.006143326055120104,17.42256,13799434.0,13799434.0,3.1423783496736117,16.51860860099045,9408036.0,,0.8603696098562629,436.0
0x00c0b7e26a54958c0a82e61eb87525e06cb8c91e,0.02829257752129546,0.019323736,0,62.09064,1,1764836411,0.0030060120210390743,0.004008016028052099,0.0030060120210390743,0.0030060120210390743,0.004008016028052099,-0.09231206857195641,0.0030060120210390743,-0.09049396986238536,0.0,,0.0030060120210390743,-0.0029737521249373518,0.0030060120210390743,-0.08558190957810166,-0.08848190957810166,,1,0.07268341763133024,-0.0044238943764982365,0.0030060120210390743,0.027891791967118607,20.940499000000003,16956769.0,16956769.0,3.8614181300798935,24.72348558997253,12565437.0,,0.8927536231884058,318.0
0x06e0ec273b20d2be0eb2c76cb137cd70d1757934,0.028289516287689328,0.019297909,0,93.69999999999999,3,1764630270,0.005678022706407141,0.006012024042078149,0.005678022706407141,0.005678022706407141,0.010413131097204964,-0.025856184582441863,0.005678022706407141,-0.02458602388770022,0.0,-88.29999999999998,-0.06805277214296786,0.005180642778966446,-0.14178356699234287,-0.06929983999783784,-0.07273045114204457,0.05023737138011195,1,0.07268341763133024,-0.004020333364311203,0.005678022706407141,0.10157978943495616,23.39015,5057124.0,5057124.0,1.2083376839910054,138.14534129526226,871933.0,,0.3386243386243386,189.0
0x8e6d18db00decb3d7b47750e222223ccfb784e22,0.02828402338737062,0.019251559,0,2499.956116,4,1764834945,0.005055140657152504,0.006057144664165529,0.005055140657152504,0.005055140657152504,0.009879593391890571,-0.09004088578466447,0.005055140657152504,-0.0863043388101028,0.0,,0.005055140657152504,0.0033956605765636644,0.005055140657152504,-0.08235236901841082,-0.08578297954928402,,1,0.07268341763133024,-0.004112842618419272,0.005055140657152504,0.11813289087705721,4.615,5431344.0,5431344.0,1.2372459660499888,353.95397152083336,1041478.0,,0.3333333333333333,15.0
0x677088354d74e3aaa0fd9af5ff04bbf1e410474e,0.028279163550718245,0.019210543,0,399.20000000000005,4,1764846915,0.0,0.0,0.0,0.0,0.0,-0.04499774153286875,0.0,-0.045197741532868756,0.0,0.20000000000001128,0.0002505010017532701,0.0004522584671312484,0.0005010020035065402,-0.07679096613147501,-0.08939096613147501,,1,0.07268341763133024,-0.006652603562624733,0.0,0.17491971449159127,9.999999,,,,23.093559500000005,,,0.3333333333333333,15.0
0x08141e126e884d921342bdb8618c5e44fe89e35e,0.02826667316588942,0.019105097,0,6.0,2,1764839599,-0.0020040080140260497,-0.0030060120210390743,-0.0020040080140260497,-0.0020040080140260497,-0.004251142968810016,0.0,-0.0020040080140260497,0.0,0.0,,-0.0020040080140260497,0.0,-0.0020040080140260497,,,-0.01089974715971177,0,0.07268341763133024,,-0.0020040080140260497,0.21768164692953407,12.66355,,,,64.60736357784431,,,0.375,8.0
0xf9a07bf8d2cc8fb02cc6f66302abbfd3d70598f1,0.02826667316588942,0.019105097,0,2000.0,4,1765031595,0.0,-0.0010020040070130248,0.0,0.0,-0.0020040080140260497,0.0,0.0,0.0,1.0,,0.0,0.0,0.0,,,0.0,0,0.07268341763133024,,0.0,0.19459128623733787,1.999999,33283961.0,33283961.0,7.256915924854508,2.648735814814815,28697445.0,0.0,0.4444444444444444,9.0
0x24ded84d901a743cfee095f8082b0f9f647183cb,0.028260300855965294,0.019051284,0,165534.21299200002,21,1764819821,0.0006643970883800241,0.0010338173531008836,0.0006643970883800241,0.0006643970883800241,0.008311933389938728,-0.056343795546361715,0.0006643970883800241,-0.058101728193194924,0.0,33.11666320466975,0.0008125197503924511,-0.053326844874509005,0.0009606424124048782,-0.0803222513509676,-0.08229283720615245,,1,0.07268341763133024,-0.0009038748222485605,0.0006643970883800241,0.0,66.7,28587077.0,28587077.0,6.534574381757827,1021.3999030063004,24212335.0,,,0.0
0x67b6f54d2668529fd6919d6689333f1b405c660d,0.028257232648836367,0.019025369,0,500.0,2,1764857889,-0.0010020040070130248,-0.0020040080140260497,-0.0010020040070130248,-0.0010020040070130248,-0.0028340953125400112,0.0,-0.0010020040070130248,0.0,1.0,,-0.0010020040070130248,0.0,-0.0010020040070130248,,,-0.00800000079840002,0,0.07268341763133024,,-0.0010020040070130248,0.3333333333334074,0.999999,,,,0.999999,,,0.0,3.0
0x74e4acfd9ea43aee54a2fd7b0391c1f0140ec23f,0.02825361750614029,0.01899483,0,36325.56504,5,1764840953,0.00033400133567097116,0.0006680026713419794,0.00033400133567097116,0.00033400133567097116,0.0011570145663560428,-0.06093333333333337,0.00033400133567097116,-0.06093333333333338,0.0,1.790234627208065e-13,0.0003340013356709735,-0.0016000000000000424,0.0003340013356709758,-0.08889698635560588,-0.0903969924824606,,1,0.07268341763133024,-0.005387603165853391,0.00033400133567097116,0.07504456839169804,38.84,65732629.0,65732629.0,14.953255939546947,229.18296537613486,61336755.0,0.0,0.5769230769230769,52.0
0x0fc0d96996b1c77bf01c31c1130d1bdd99584cad,0.0282439306089985,0.018912984,0,147782.152688,99,1764666412,-1.0394192641476328e-09,-1.299274079729203e-09,-1.0394192641476328e-09,-1.0394192641476328e-09,-6.750238824914909e-06,0.0,-1.0394192641476328e-09,0.0,0.0,-4766.276447973333,-0.020453253623327804,0.0,-0.04090650620723635,,,-1.042373339509563,1,0.07268341763133024,-0.006263046244866903,-1.0394192641476328e-09,0.034795927564448305,70.649998,9332674.0,9332674.0,2.2108357715442017,263.77165719549924,5111341.0,,0.7894736842105263,76.0
0x465ab12c8567d1f26dd879026db8172442dc4c1a,0.0282410131131891,0.018888328,0,500.0,2,1764860193,-0.0010020040070130248,-0.0020040080140260497,-0.0010020040070130248,-0.0010020040070130248,-0.0028340953125400112,0.0,-0.0010020040070130248,0.0,1.0,,-0.0010020040070130248,0.0,-0.0010020040070130248,,,-0.007700000000000007,0,0.07268341763133024,,-0.0010020040070130248,0.2417515133705852,1.128732,,,,1.3351834029850744,,,0.0,6.0
0xb23992303c204663e90986a28a2eff585addfe75,0.0282410131131891,0.018888328,0,2333.333333,4,1764864393,-0.001574577512063346,-0.0025765815190763705,-0.001574577512063346,-0.001574577512063346,-0.005068912524636652,0.0,-0.001574577512063346,0.0,0.4285714286326531,,-0.001574577512063346,0.0,-0.001574577512063346,,,-0.0117499964858107,0,0.07268341763133024,,-0.001574577512063346,0.2500000937501289,2.0,,,,2.6639494166666666,,,0.0,5.0
0x0c839d5032e2b0bfd2e9d779c9eba458dfa50f55,0.02823788281157613,0.018861871,0,24416.0,2,1764820867,0.0,-0.0010020040070130248,0.0,0.0,-0.0014170476562700056,0.0,0.0,0.0,1.0,,0.0,0.0,0.0,,,0.2777,0,0.07268341763133024,,0.0,0.0905525741635312,110.999999,7651323.0,7651323.0,1.7485588881362626,257.3852993811075,3275535.0,,0.24615384615384617,65.0
0xc02356284def0c089d0ae810420ef5425865ccf8,0.028227938119642016,0.0187778,0,5688.6595,17,1764761171,-0.00033558307362214275,-0.0006711661472442856,-0.00033558307362214275,-0.00033558307362214275,-0.0016399394025300338,0.0,-0.00033558307362214275,0.0,0.0020555197952208965,-2150.6702,-0.07474058472965799,0.0,-0.14914558638569383,,,-1.036678326069305,1,0.07268341763133024,-0.0010757383447887797,-0.00033558307362214275,0.1626939484710851,5.999999,14587803.0,14587803.0,3.3798637749149,163.64126735699446,10271711.0,0.0,0.4,89.0
0x18fc46821544fdca89f5c5bd742fa7c51d992f91,0.028222785888294882,0.018734233,0,11012.86353,6,1764854407,-0.0005945563824221139,-0.0009775219107063906,-0.0005945563824221139,-0.0005945563824221139,-0.00267598238545304,-0.0160436685943103,-0.0005945563824221139,-0.016278374178967464,0.2684494845243703,2.828464999999893,-0.0004662456195071615,0.0001072945915753946,-0.00033793485659220913,0.0014180904218982194,-0.08798190957810179,-0.016000000000000014,2,0.07268341763133024,-0.008242235057527601,-0.0005945563824221139,0.06451498558488844,12.4146,23302758.0,23302758.0,5.284877423498546,358.26631377142854,18893430.0,,0.8571428571428571,56.0
0x42b6ffa7ff305f61f80a363290ee5d9d3ecd876f,0.02822065895931772,0.018716246,0,7193.335059999999,4,1764819403,0.0020040080140260497,0.0030060120210390743,0.0020040080140260497,0.0020040080140260497,0.006003347369059687,-0.09260903386852501,0.0020040080140260497,-0.08910000000000001,0.0,,0.0020040080140260497,-0.08999999981217592,0.0020040080140260497,-0.08819096613147501,-0.08709096613147502,,1,0.07268341763133024,-0.0008151847575302745,0.0020040080140260497,0.01596137615874206,29.666199,35757443.0,35757443.0,8.174392889049829,196.3948792031008,31383119.0,0.0,0.9224137931034483,116.0
0x59b39376f516b8fdaa01a37dce3f7cfcbbc54582,0.02821261759252011,0.018648228,0,599.879996,2,1764856685,2.5397162637411864e-09,0.0010020065467292885,2.5397162637411864e-09,2.5397162637411864e-09,0.0014170512479711904,-0.09430300097009565,2.5397162637411864e-09,-0.09320299593281971,0.0,,2.5397162637411864e-09,-0.0022030009700955318,2.5397162637411864e-09,-0.0017999968406327547,-0.09119999217081694,,1,0.07268341763133024,-0.008725574692523427,2.5397162637411864e-09,0.06495090652935373,40.909998,,,,101.31609621052634,,,0.7111111111111111,45.0
0x8f7a4b414417911e7e9bd738399874792cdbdb40,0.028210300527533105,0.018628625,0,256797.83762,108,1764819793,-0.00022166749396836124,-0.00039024120560960274,-0.00022166749396836124,-0.00022166749396836124,-0.003949685000294218,-0.008879840889549944,-0.00022166749396836124,-0.008944620331727375,0.2409490332514952,4.0512703006472375,-6.900303942985816e-05,-0.008727807951598325,8.366141510864492e-05,-0.08987234765741026,-0.09136024472741912,-0.007599665308617965,2,0.07268341763133024,-0.0008979338609755652,-0.00022166749396836124,0.0,26.5787015,,,,1141.8614437763713,,,,0.0
0xc87701a6a291db6b364f7df45eef620150b1bc5d,0.02820937410552182,0.018620787,0,333.333333,2,1764920917,-0.0020040065230440864,-0.0030060105300571114,-0.0020040065230440864,-0.0020040065230440864,-0.004251140860243102,0.0,-0.0020040065230440864,0.0,0.0,,-0.0020040065230440864,0.0,-0.0020040065230440864,,,-0.015999987824164723,0,0.07268341763133024,,-0.0020040065230440864,0.2500000000000469,0.9999994999999999,,,,1.1249984999999998,,,0.0,4.0
0xf83ec0e37ac9eece71c064507270e9001a734663,0.028190774863007664,0.018463375,0,4665.794637,14,1764831165,-0.009287302387901665,-0.009607554194381035,-0.009287302387901665,-0.009287302387901665,-0.016994241201387535,0.0,-0.009287302387901665,0.0,0.0,0.9516522175000548,-0.009198572288658962,0.0,-0.009109842189416259,,,-0.22285000000000021,1,0.07268341763133024,-0.003406292581309481,-0.009287302387901665,0.0,18.710328,4163456.0,4163456.0,0.9492417613334531,132.27556890500776,-222630.0,0.0,,0.0
0x9e56d6d419879745ffdc5b90563c4364bb26e51d,0.028189388155011527,0.018451635,0,5.0,2,1764522166,-0.9739478948166593,-0.9749498988236723,-0.9739478948166593,-0.9739478948166593,-1.378787369550714,0.0,-0.9739478948166593,0.0,0.0,,-0.9739478948166593,0.0,-0.9739478948166593,,,-0.06990805572104082,0,0.07268341763133024,,-0.9739478948166593,0.25122956109881933,4.865,,,,8.780833866666667,,,0.0,10.0
0xaa77bf5349521fe2a9f5ea28302ed9b04c7edad6,0.028180151505573552,0.01837342,0,1609.009998,4,1764831765,-3.921338966975042e-08,-4.3134728719340455e-08,-3.921338966975042e-08,-3.921338966975042e-08,-3.7766368852233876e-05,0.0,-3.921338966975042e-08,0.0,0.0,-45.281699046002544,-0.0037575492588512584,0.0,-0.007515059304312847,,,-0.251199994880462,1,0.07268341763133024,-0.004245665538308379,-3.921338966975042e-08,0.20025812917815672,98.8832845,,,,164.821430908,,,0.2222222222222222,9.0
0xab57cc188d8b0e3938005dcb55960e1768a2842b,0.028176696793705977,0.01834416,0,200.0,2,1764582754,-0.9498997986483466,-0.9509018026553597,-0.9498997986483466,-0.9498997986483466,-1.344778225800234,0.0,-0.9498997986483466,0.0,0.0,,-0.9498997986483466,0.0,-0.9498997986483466,,,-0.020852009041179755,0,0.07268341763133024,,-0.9498997986483466,0.04767940299742826,95.9,57075423.0,57075423.0,13.7940807337454,1327.9019920756014,52937748.0,0.0,0.2616822429906542,212.0
0xfacd5eb6566d469f71fb42415177c74eb27d9109,0.02817502995271026,0.018330041,0,15294.087327,19,1764761189,0.047222955318714024,0.0472782034043505,0.047222955318714024,0.047222955318714024,0.2013432510625143,0.0,0.047222955318714024,0.0,0.0,-95.33968754012602,0.03843513600367387,0.0,0.02964731668863371,,,-1.034406689263553,1,0.07268341763133024,0.006594042658648066,0.047222955318714024,0.0,10.21251,21171496.0,21171496.0,4.905226233807757,424.77197461459133,16855386.0,,,0.0
0x48b3d4f34cf7cf957f072d42d5f6509e2e880d49,0.02817463898460937,0.01832673,0,1.099012,2,1764741875,-0.9198396529094701,-0.9208416569164832,-0.9198396529094701,-0.9198396529094701,-1.3022667600094031,0.0,-0.9198396529094701,0.0,0.0,,-0.9198396529094701,0.0,-0.9198396529094701,,,-1.0356637331408016,0,0.07268341763133024,,-0.9198396529094701,0.2913151580163401,1.49264,,,,5.975940827586207,,,0.0625,16.0
0x13b21b373f8fca6bf69c9d51662ad21ba01286e1,0.028174554546746132,0.018326014,0,134.126665,5,1764825815,-5.477055869102443e-07,-6.97079837885767e-07,-5.477055869102443e-07,-5.477055869102443e-07,-9.888718355162774e-05,0.0,-5.477055869102443e-07,0.0,0.0,-0.7987256899999969,-0.0014922837855905386,0.0,-0.0029840198655941667,,,0.1687426652524851,1,0.07268341763133024,-0.006020739895804026,-5.477055869102443e-07,0.03906815800229354,3.0,4979435.0,4979435.0,1.1366663044748646,4.338617249682339,598699.0,,0.2459016393442623,61.0
0x1587b77e62c79a7a64d5f65ff8b5c187fb9d42ed,0.028173132553291937,0.018313969,0,32.125528,12,1764818269,5.450982593368982e-06,2.3620917548440744e-05,5.450982593368982e-06,5.450982593368982e-06,0.0007844581950252162,-0.007912764399067308,5.450982593368982e-06,-0.008037427727704936,0.0,0.1370099466530153,0.005291680779202486,-0.005858903215897307,0.010577910575811603,-0.007692480557626689,-0.01092581418280013,,1,0.07268341763133024,-0.0005745758259739675,5.450982593368982e-06,0.170377106311643,2.049999,,,,2.7034178914285714,,,0.18181818181818182,11.0
0x21d8dd7917fd13a6ef152e3368512f01c50aad91,0.028165322177241717,0.018247796,0,7699.746,6,1764824821,-0.025143311435411722,-0.02614531544242474,-0.025143311435411722,-0.025143311435411722,-0.053135762182123805,0.0,-0.025143311435411722,0.0,0.0,,-0.025143311435411722,0.0,-0.025143311435411722,,,0.08144999999999983,0,0.07268341763133024,,-0.025143311435411722,0.020217731755496772,59.999999,12901850.0,12901850.0,2.945801373688222,265.51370759938834,8522108.0,,0.4398148148148148,216.0
0x904580f941210f004016599c3f67f9f81328321a,0.028147174243476732,0.018093972,0,38.051708,16,1764818269,-2.0417418600971846e-07,2.0450822848817148e-07,-2.0417418600971846e-07,-2.0417418600971846e-07,1.4320808537022262e-05,-0.04441657464950344,-2.0417418600971846e-07,-0.04463976137386718,0.0,0.00430751647843086,0.0002490604150321572,-0.04294626263836118,0.000498325004250324,-0.08640954867370938,-0.0876762185670431,,1,0.07268341763133024,-0.0005745758259739675,-2.0417418600971846e-07,0.01208927183276935,4.829952,13854971.0,13854971.0,3.16816122784512,4.556940188785046,9481781.0,0.0,0.3888888888888889,252.0
0x36ed12955adcf43e9a08ce2d6f1039caf488f21a,0.028147149419370864,0.018093761,0,3556.474253,18,1764818919,2.1660977707037447e-08,5.776260721876652e-08,2.1660977707037447e-08,2.1660977707037447e-08,2.1518060114931092e-05,-0.03771458976226732,2.1660977707037447e-08,-0.03643979151532936,0.0,1.9499986472000017,0.0013569109233319567,-0.036073122164765783,0.0027138001856862066,-0.06853020915987024,-0.06821770915987023,,1,0.07268341763133024,-0.0007124909983827855,2.1660977707037447e-08,0.03531537581551123,24.6448895,14118386.0,14118386.0,3.2279155158853547,181.19213644600433,9744546.0,,0.5072463768115942,69.0
0x594e244b9ccff43cf4a32aed82c74f0889c31ea2,0.028142258386885863,0.018052287,0,29.999996,2,1764751711,-0.9238476439692105,-0.9248496479762235,-0.9238476439692105,-0.9238476439692105,-1.307934915323958,0.0,-0.9238476439692105,0.0,0.0,,-0.9238476439692105,0.0,-0.9238476439692105,,,-1.0356378457283921,0,0.07268341763133024,,-0.9238476439692105,0.3964498323169711,7.0,,,,10.446854714285717,,,0.0,3.0
0xdb962a2671a0ca37bb6e278e9b2ed441c555934f,0.02813643991100156,0.01800294,0,41.120000000000005,4,1764831501,0.0006680026713419794,0.0010020040070129878,0.0006680026713419794,0.0006680026713419794,0.0017355218495340964,-0.030400681573735263,0.0006680026713419794,-0.030065161021912545,0.0,-1.0000000000000009,-0.001419505676601822,-0.00013182768857920908,-0.0035070140245456235,-0.08549096613147503,-0.08919096613147502,-0.21060000000000018,1,0.07268341763133024,-0.004634374147312924,0.0006680026713419794,0.03915918314139546,2.05,,,,3.955193471330275,,,0.40384615384615385,52.0
0xc2cb0630acff784ffabb2af7a69f66bb7bcbfbf5,0.02813359204438394,0.017978784,0,9420.56112,2,1764931297,0.0010020040070130248,0.0020040080140260497,0.0010020040070130248,0.0010020040070130248,0.0028340953125400117,-0.08721725751527915,0.0010020040070130248,-0.09180300736784054,0.0,,0.0010020040070130248,-0.0010030073678405336,0.0010020040070130248,0.0008030075175394625,-0.08979699248246055,,1,0.07268341763133024,-0.024556539067549153,0.0010020040070130248,0.03162924644997946,9.99757,18886677.0,18886677.0,4.20993295466248,92.03994130395819,14400459.0,0.0,0.6241379310344828,275.0
0xe1b361d6a6f237b9ed7534d19b232df8369e1426,0.028133191094973854,0.017975383,0,2160.696746,8,1764833825,0.0210049700103226,0.022006974017335625,0.0210049700103226,0.0210049700103226,0.05624763286161059,-0.07145423951077126,0.0210049700103226,-0.06889552817350453,0.0,,0.0210049700103226,0.021343342493767202,0.0210049700103226,-0.06403312806001155,-0.06676553387150452,,1,0.07268341763133024,-0.003875204167499462,0.0210049700103226,0.0,10.482099999999999,26683517.0,26683517.0,6.079986629438113,114.52663218745276,22294771.0,,,0.0
0xedf3d0678e238fb685960523c43f7b3fe82d5eaa,0.028132999624924014,0.017973758,0,188.0,4,1764864413,0.0,0.0,0.0,0.0,0.0,-0.046550775250761484,0.0,-0.04910525657016486,0.0,-0.0940000000000053,-0.00012525050087663507,-0.0035552582234179906,-0.00025050100175327014,-0.0005000000000000505,-0.09120000000000006,,1,0.07268341763133024,-0.010365280003870112,0.0,0.012889694326121222,4.7,,,,7.370378744146203,,,0.7983425414364641,724.0
0x0c394276d4f728767c03693148dac6026fd58213,0.028132999624924014,0.017973758,0,50.178376,12,1764891787,-1.2217664435922487e-07,3.665428299705898e-07,-1.2217664435922487e-07,-1.2217664435922487e-07,3.319400315202e-05,-0.04535551512494975,-1.2217664435922487e-07,-0.045467609985760486,0.0,-0.004295923418678402,-0.0001855118908060629,8.79468159100424e-05,-0.00037090160496776656,0.002309068373387152,-0.08849093690444339,,1,0.07268341763133024,-0.01617341835697624,-1.2217664435922487e-07,0.02067312913825371,19.799999,,,,27.173180180967236,,,0.7275862068965517,290.0
0xb27f49a1cbe1e7b16ca646c930b21c02ad8b8908,0.028132999624924014,0.017973758,0,762849.320439,43,1764854099,-9.755131810597418e-13,0.0003337365495812716,-9.755131810597418e-13,1.8778316144221618e-17,0.0007978366300923873,-0.0625496867273119,1.8778316144221618e-17,-0.061646470157079095,0.0,6.9855070459999595,4.7875291247270684e-05,-0.001039529799684574,9.575058347005455e-05,-0.0018971842022749209,-0.09062319257050942,,1,0.07268341763133024,-0.008176884483524653,-9.755131810597418e-13,0.0353606026176153,6.17427,38783850.0,38783850.0,8.796478582542152,408.54185021540707,34374830.0,0.0,0.541871921182266,200.0
0x4020166b330125d224dbd46449bb5fef8de611d1,0.028132999624924014,0.017973758,0,2000.9979990000002,4,1764851655,2.0040039740175432e-09,4.008007980035032e-09,2.0040039740175432e-09,2.0040039740175432e-09,2.8340924558211607e-06,-0.04665159501772567,2.0040039740175432e-09,-0.04580009105627608,0.0,0.5010004920000382,0.00012525237738035666,-4.9999558404375494e-05,0.00025050275075673927,0.001303008798614965,-0.09059699139390084,,1,0.07268341763133024,-0.007658323435267498,2.0040039740175432e-09,0.015104466900339404,40.461389,41344614.0,41344614.0,9.382480638028255,151.4822035905512,36938038.0,0.0,0.65,220.0
0x6a96c6f0cdc1fe74eecc5aa093634cb2c47c7508,0.0281309080287914,0.017956015,0,2000.0,2,1765131437,0.0,-0.0010020040070130248,0.0,0.0,-0.0014170476562700056,0.0,0.0,0.0,1.0,,0.0,0.0,0.0,,,0.0,0,0.07268341763133024,,0.0,0.2368353991696635,1.29999,,,,9.625150394488761,,,0.059322033898305086,118.0
0x2a019dc0089ea8c6edbbafc8a7cc9ba77b4b6397,0.02812563425856421,0.01791127,0,73688.978902,46,1764828727,-0.000681161547909313,-0.0009721933777525893,-0.000681161547909313,-0.000681161547909313,-0.004043640033633325,-0.02349382908889881,-0.000681161547909313,-0.02272064163929309,0.0,33.73863853844448,0.0012971621716298806,0.010935501395783243,0.003275485891169074,-0.052466537447597085,-0.05790273058971048,-0.020000000000000018,1,0.07268341763133024,-0.002793524861437687,-0.000681161547909313,0.0,99.5,43005043.0,43005043.0,9.810332170831234,624.8033745554756,38621395.0,0.0,,0.0
0x44afef32248bf8198f2d456a990464e69a1ec7dd,0.028123160602366182,0.01789028,0,1596.860324,10,1764836125,1.2323497579112522e-08,2.4646970314596136e-08,1.2323497579112522e-08,1.2323497579112522e-08,7.027999417956322e-06,-0.04616543954307781,1.2323497579112522e-08,-0.045153994048827625,0.0,0.4399933299802007,0.00013784266934874052,0.0004840076411068955,0.0002756730151999019,-0.02026819627747373,-0.08984319865746881,,1,0.07268341763133024,-0.004363211700638356,1.2323497579112522e-08,0.01885500866409942,9.999999,34275655.0,34275655.0,7.805806406947228,59.784687343175214,29884609.0,,0.48198970840480276,583.0
0xfeb0ed2df6c7fe51f07d5707fe72935c74fed4a4,0.028118649780458485,0.017851999,0,58652.347331,36,1764819013,-4.999330638564298e-10,-5.216692838302872e-10,-4.999330638564298e-10,-4.999330638564298e-10,-5.009022480605468e-06,0.0,-4.999330638564298e-10,0.0,0.5251335236800877,23.21633045866673,0.0003092122882293425,0.0,0.000618425076391749,,,0.2525,2,0.07268341763133024,-0.0017657385612095118,-4.999330638564298e-10,0.07490884127640689,5.076489,,,,14.05405075331565,,,0.5918367346938775,49.0
0xfa4a72df41cd71eec27bdbfdda3b5ef4bcd7ac33,0.02811625945260793,0.017831711,0,541.58134,5,1764833883,-0.0001223117236833383,-0.0002446234473666766,-0.0001223117236833383,-0.0001223117236833383,-0.0007001623732688722,-0.032281872973979026,-0.0001223117236833383,-0.030852930385991843,0.0,2.282090000000002,0.0019669574492246667,0.008962722709542114,0.004056226622132672,-0.06768431727590629,-0.06925304753287634,,1,0.07268341763133024,-0.0038875104444220953,-0.0001223117236833383,0.008839243081005473,47.63211,39561317.0,39561317.0,9.014145311570077,65.27810854050925,35172513.0,0.0,0.03389830508474576,177.0
0xc6dd722558dbfbd8fa780efcbe819ed8c6604b9f,0.02811275793031424,0.017801989,0,311021.276848,136,1764818841,-0.001359461661805545,-0.0015536704706349115,-0.001359461661805545,-0.001359461661805545,-0.004785266300926075,-0.016416075046681057,-0.001359461661805545,-0.01583194065821291,0.0,46.616125603282,-0.00021355430065661063,0.0022691237937929147,0.0009323530604923237,-0.06289967423116259,-0.06398558972412033,0.10728000002905308,1,0.07268341763133024,-0.0006959411776937273,-0.001359461661805545,0.0,9.99,17736226.0,17736226.0,4.055142003611536,821.2967533747872,13362464.0,0.0,,0.0
0x037b0a310066a10cd62f45de8696503ad4d147f4,0.02810739269160097,0.01775644,0,2499.619042,12,1764825471,-8.522045289457338e-10,-9.942386171033563e-10,-8.522045289457338e-10,-8.522045289457338e-10,-2.6407607895931354e-06,0.0,-8.522045289457338e-10,0.0,0.0,-56.41268691199996,-0.0012646038429082367,0.0,-0.0025292068336119442,,,0.22580000144959508,1,0.07268341763133024,-0.010114486567274384,-8.522045289457338e-10,0.0,3.021235,4197496.0,4197496.0,0.9582466592031033,21.886690465993265,-182896.0,,,0.0
0x3a7a7fe8677ca57d9fcf2583bded2663a615d2ec,0.02810362419177161,0.017724441,0,99.999988,6,1764835415,0.003006445630200847,0.004008449637213871,0.003006445630200847,0.003006445630200847,0.009461078155884133,-0.09140216977743137,0.003006445630200847,-0.08916530053537375,0.0,,0.003006445630200847,0.0013550802936229023,0.003006445630200847,-0.08474750732277535,-0.08828083942556995,,1,0.07268341763133024,-0.004212565896930263,0.003006445630200847,0.08714647115037864,2.199995,6368201.0,6368201.0,1.4505042438665288,4.401825113207548,1977865.0,,0.1111111111111111,18.0
0x568f7e0b1b8555ec32ac19938cb601349b28012b,0.028101910003710664,0.017709885,0,79.999996,2,1764853963,0.0010020210570136977,0.0020040250640267223,0.0010020210570136977,0.0010020210570136977,0.0028341194248822006,-0.0926999812313332,0.0010020210570136977,-0.0911999812313332,0.0,,0.0010020210570136977,-9.998123133318652e-05,0.0010020210570136977,-0.0014969736881418074,-0.09019697368814181,,1,0.07268341763133024,-0.008148028385912963,0.0010020210570136977,0.15041433533453044,30.007104,,,,70.65423683050847,,,0.84,25.0
0x4c386d04fc5732f718b722225fcac4159fe58c65,0.028101910003710664,0.017709885,0,12.024000000000001,2,1764920123,0.0010020040070129691,0.0020040080140259937,0.0010020040070129691,0.0010020040070129691,0.0028340953125399323,-0.09329699248246072,0.0010020040070129691,-0.09330300752957557,0.0,,0.0010020040070129691,-0.0011030072307755747,0.0010020040070129691,0.0008030075175394012,-0.09129699248246062,,1,0.07268341763133024,-0.022185671165247414,0.0010020040070129691,0.09566763595856867,20.0540245,30512177.0,30512177.0,6.818296535184905,21.191508030864195,26037133.0,,0.5789473684210527,19.0
0x27d7000e9f709ccabaa84d28a44608d41a3f760f,0.028101910003710664,0.017709885,0,1.001,2,1764958643,-5.56223959676263e-17,0.0010020040070129693,-5.56223959676263e-17,-5.56223959676263e-17,0.0014170476562699271,-0.08970000000000006,-5.56223959676263e-17,-0.09320000000000017,0.0,,-5.56223959676263e-17,-0.00020000000000017253,-5.56223959676263e-17,-0.00010000000000006125,-0.09320000000000006,,1,0.07268341763133024,-0.030358736459382283,-5.56223959676263e-17,0.03905324159478917,0.10852,34882129.0,34882129.0,7.728289440451049,22.859063282565128,30368565.0,0.0,0.5357142857142857,84.0
0x1b5c26a392df8f2837da8f54442907cc4cf202d7,0.028101910003710664,0.017709885,0,40.359996,2,1764849145,0.0010020100526031217,0.0020040140596161464,0.0010020100526031217,0.0010020100526031217,0.002834103862295518,-0.09159999334500528,0.0010020100526031217,-0.09159999334500528,0.0,,0.0010020100526031217,-9.999334500527641e-05,0.0010020100526031217,0.0008030141816298447,-0.09059698581837017,,1,0.07268341763133024,-0.007125758692581139,0.0010020100526031217,0.13662191336748486,10.699779,,,,224.35951184536083,,,0.75,52.0
0xc89bf85a767f21317c55b54c71bd5d854f9c3fa6,0.028101910003710664,0.017709885,0,16.032,2,1764889893,0.0010020040070130248,0.0020040080140260497,0.0010020040070130248,0.0010020040070130248,0.002834095312540011,-0.09270300748011476,0.0010020040070130248,-0.0914,0.0,,0.0010020040070130248,0.0,0.0010020040070130248,0.0010030075175394627,-0.09039699248246054,,1,0.07268341763133024,-0.015771554762295775,0.0010020040070130248,0.15068545521404889,11.079922,30686032.0,30686032.0,6.903783150431042,19.55887912765957,26241218.0,,0.7058823529411765,17.0
0xb580ddecfb70047895c24f154926af04db497448,0.028101910003710664,0.017709885,0,27.944,2,1764933949,0.0010020040070130248,0.0020040080140260497,0.0010020040070130248,0.0010020040070130248,0.0028340953125400112,-0.08759699248246056,0.0010020040070130248,-0.09200000000000001,0.0,,0.0010020040070130248,0.0,0.0010020040070130248,0.0006030075171031002,-0.09099699248246056,,1,0.07268341763133024,-0.02511923297097713,0.0010020040070130248,0.12954133386859512,37.11015,,,,118.10921991689752,,,0.5555555555555556,9.0
0x4377f429e3979a09b1bdae23ee84d35fa260b67f,0.028101910003710664,0.017709885,0,21.151,2,1764861239,0.0,0.0010020040070130248,0.0,0.0,0.0014170476562700056,-0.09320149772365693,0.0,-0.09280300375437993,0.0,,0.0,-0.0022030037555799253,0.0,-0.003100000000000003,-0.0908,,1,0.07268341763133024,-0.009691829608138438,0.0,0.12495771494974452,11.574998,33106366.0,33106366.0,7.496640973153147,186.00701417000005,28690206.0,0.0,0.7115384615384616,52.0
0xa24619d17fab4db7a46b10326fc2b6841979cf68,0.028101910003710664,0.017709885,0,2.004,2,1764920431,0.0010020040070130248,0.0020040080140260497,0.0010020040070130248,0.0010020040070130248,0.002834095312540011,-0.09329699248246054,0.0010020040070130248,-0.09330300751753946,0.0,,0.0010020040070130248,-0.0010030075175394627,0.0010020040070130248,0.0008030075175394625,-0.09129699248246055,,1,0.07268341763133024,-0.02225102173925036,0.0010020040070130248,0.04022539430643147,27.5,,,,492.6639598181818,,,0.5294117647058824,34.0
0xf148c384345acfa2d58127d9cb5e8b50e2f48ec0,0.028101910003710664,0.017709885,0,1.9999989999999999,2,1764854785,0.0010024960070163964,0.002004500014029421,0.0010024960070163964,0.0010024960070163964,0.0028347911056174667,-0.09290246666267762,0.0010024960070163964,-0.09320547492043757,0.0,,0.0010024960070163964,-0.002205474920437562,0.0010024960070163964,-0.0004964501471577378,-0.09019645014715774,,1,0.07268341763133024,-0.008322438034713036,0.0010024960070163964,0.059288617738110505,5.539998,,,,265.2800455137845,,,0.5480769230769231,104.0
0x78cce4a061b3941d9d4479283a142b89674261a7,0.028101910003710664,0.017709885,0,5.691,2,1764930173,0.0010020040070130248,0.0020040080140260497,0.0010020040070130248,0.0010020040070130248,0.0028340953125400112,-0.08609699248246044,0.0010020040070130248,-0.09259999902635875,0.0,,0.0010020040070130248,0.0,0.0010020040070130248,0.0008030075175394514,-0.0915969915088193,,1,0.07268341763133024,-0.02431805190787606,0.0010020040070130248,0.112720459454838,18.805403,,,,23.250250259036147,,,0.5625,16.0
0x7b2ac60184d0794d2f9b87614ad8d5c1bc294957,0.028101910003710664,0.017709885,0,1.8935,2,1764924085,0.0010020040070130248,0.0020040080140260497,0.0010020040070130248,0.0010020040070130248,0.0028340953125400112,-0.09029699248246055,0.0010020040070130248,-0.09220000627345508,0.0,,0.0010020040070130248,0.0,0.0010020040070130248,0.0006030075175394512,-0.09119699875591562,,1,0.07268341763133024,-0.02302631718537624,0.0010020040070130248,0.11995911686958552,1.889713,,,,44.42277183146067,,,0.631578947368421,19.0
0xd8a9d7ab4633cdbfd4f7c8c2f5c75eaecc7cf1e6,0.028101910003710664,0.017709885,0,1.683,2,1764922121,0.0010020040070130248,0.0020040080140260497,0.0010020040070130248,0.0010020040070130248,0.0028340953125400117,-0.09169699248246055,0.0010020040070130248,-0.09320301379565245,0.0,,0.0010020040070130248,-0.0010030075221973812,0.0010020040070130248,0.0006030075175394623,-0.09119699875591562,,1,0.07268341763133024,-0.022609601187513286,0.0010020040070130248,0.11649170903507354,1.869979,,,,62.119786795454544,,,0.6666666666666666,18.0
0x2b7e6f9d07a4fa8f172c4c2bf4d579e5ebe21f4e,0.028101910003710664,0.017709885,0,21.160999999999998,2,1764860713,5.56223959676263e-17,0.0010020040070130804,5.56223959676263e-17,5.56223959676263e-17,0.0014170476562700843,-0.09420299960084683,5.56223959676263e-17,-0.09180150187718991,0.0,,5.56223959676263e-17,-0.0013015018771899037,5.56223959676263e-17,-0.0028999994049586143,-0.09079999999999994,,1,0.07268341763133024,-0.009580224407081455,5.56223959676263e-17,0.10629056719545385,10.23975,33088499.0,33088499.0,7.493487684894173,132.07457894382023,28672865.0,0.0,0.75,52.0
0x59b1f4c46f4fbd1d16fb0c9cfcbb6d721cd007ed,0.028101910003710664,0.017709885,0,2.4545,2,1764919979,0.0010020040070130248,0.0020040080140260497,0.0010020040070130248,0.0010020040070130248,0.0028340953125400112,-0.09329699248246065,0.0010020040070130248,-0.09330300752957552,0.0,,0.0010020040070130248,-0.001103007499695511,0.0010020040070130248,0.0009030075175394626,-0.09129699248246055,,1,0.07268341763133024,-0.022155117650129154,0.0010020040070130248,0.15117098271754878,1.519998,,,,62.08956024444444,,,0.5625,16.0
0xc2f31ac3eb0750227b79a99cc7597464c20a327b,0.028101910003710664,0.017709885,0,20.330000000000002,2,1764862627,-5.56223959676263e-17,0.0010020040070129691,-5.56223959676263e-17,-5.56223959676263e-17,0.001417047656269927,-0.09420300076189242,-5.56223959676263e-17,-0.09380450563156997,0.0,,-5.56223959676263e-17,-0.003304505631569955,-5.56223959676263e-17,-0.002899999430000061,-0.09080000000000008,,1,0.07268341763133024,-0.009986331545528344,-5.56223959676263e-17,0.1341489758574778,11.724905,,,,165.04814742391304,,,0.7115384615384616,52.0
0xe95e726d0ca927874f3998d815bfec51d19261f2,0.02810035163934208,0.01769665,0,10000.0,2,1764885825,-0.004008016028052099,-0.005010020035065124,-0.004008016028052099,-0.004008016028052099,-0.007085238281350026,0.0,-0.004008016028052099,0.0,0.0,,-0.004008016028052099,0.0,-0.004008016028052099,,,-0.03230000000000092,0,0.07268341763133024,,-0.004008016028052099,0.04486455332316685,94.6916,85826026.0,85826026.0,19.326938762090872,365.6273734425532,81385280.0,0.0,0.5555555555555556,62.0
0x8050c5311bfba4cae7202ce4556bc7fd200314b7,0.02810035163934208,0.01769665,0,237.16667999999999,2,1764613250,-0.9268882138289778,-0.9278902178359908,-0.9268882138289778,-0.9268882138289778,-1.3122095375913025,0.0,-0.9268882138289778,0.0,0.0,,-0.9268882138289778,0.0,-0.9268882138289778,,,-0.5223772924207666,0,0.07268341763133024,,-0.9268882138289778,0.06730594250688021,60.0145,,,,112.89471758767773,,,0.8372093023255814,43.0
0x2f9e69813e2d6893cefcb6a500de87a12d721dc0,0.02810035163934208,0.01769665,0,208.8421,2,1764599888,-0.9509018026553597,-0.9519038066623727,-0.9509018026553597,-0.9509018026553597,-1.346195273456504,0.0,-0.9509018026553597,0.0,0.0,,-0.9509018026553597,0.0,-0.9509018026553597,,,-0.042119111296127346,0,0.07268341763133024,,-0.9509018026553597,0.0648215049919255,58.32,,,,87.86995290163934,,,0.8333333333333334,30.0
0x293612a1d1688203580d19d9a4a80f845a743cd3,0.02809762728048121,0.017673513,0,40.0,2,1764825097,-0.019038076133247473,-0.020040080140260496,-0.019038076133247473,-0.019038076133247473,-0.02834095312540011,0.0,-0.019038076133247473,0.0,0.0,,-0.019038076133247473,0.0,-0.019038076133247473,,,0.12709999999999988,0,0.07268341763133024,,-0.019038076133247473,0.10459963151567755,49.75,,,,55.10489364,,,0.42857142857142855,14.0
0x39ef1ce1c65cf6722c0bc0e1f07b70b2aadfc774,0.028094779500918956,0.017649325,0,13.934999999999999,3,1764708417,0.0,0.0003340013356710083,0.0,0.0,0.0005785072831780535,-0.031434335678449145,0.0,-0.031067168711955768,0.0,-13.889999999999999,-0.07732130920783833,-0.001034835210523298,-0.15464261841567667,-0.0003000000000000003,-0.09019700050429741,-1.0370669982617304,1,0.07268341763133024,-0.012929229147544198,0.0,0.07562974000952344,5.0,31175672.0,31175672.0,7.312503019934145,7.712916152542373,26912334.0,,0.6,25.0
0x122cdd9db64fd8dc3ebab813218e3effe21f821f,0.028090141329972583,0.017609924,0,147813.74818,11,1764835011,0.0022811990099944296,0.003283203017007455,0.0022811990099944296,0.0022811990099944296,0.00800424926226446,-0.09485315562937405,0.0022811990099944296,-0.09119008529424548,0.0,,0.0022811990099944296,-0.00019493591300759024,0.0022811990099944296,-0.0852198620067049,-0.08849815466217135,,1,0.07268341763133024,-0.0041268463128484745,0.0022811990099944296,0.0,9.999998,108005436.0,108005436.0,24.602986105479538,1590.2891719297377,103615504.0,0.0,,0.0
0x713f81c54bcea95b8bb0f35a03cfa758aef822cc,0.028083406310031967,0.0175527,0,2297.19854,15,1764818683,0.0022661395102869034,0.002588636903240689,0.0022661395102869034,0.0022661395102869034,0.008909880378237239,-0.0076473944423757585,0.0022661395102869034,-0.007358712572535313,0.0,-9.86535625103628,0.0014139381697013155,-0.007213419204074089,0.0005617368291157274,-0.07975785660544238,-0.07925785660544238,-0.49725000119400026,1,0.07268341763133024,-0.0007320112997083412,0.0022661395102869034,0.020087419714218867,15.0,23959499.0,23959499.0,5.478204931219196,37.286164464882944,19585895.0,,0.3897058823529412,136.0
0x270145a4e7eb0aaac558bdc199194f04d72e6d65,0.028080057141214927,0.017524239,0,73.22425199999999,10,1764820483,4.138409211221409e-05,4.434009402244323e-05,4.138409211221409e-05,4.138409211221409e-05,0.0011545001175650657,-0.038682881418295983,4.138409211221409e-05,-0.03801166915713186,0.0,0.08258310914803661,0.0016254820285334082,-0.012511557550527411,0.003209579964954602,-0.07332059617888811,-0.07512059617888811,,1,0.07268341763133024,-0.0010443361209172336,4.138409211221409e-05,0.044953260595675566,9.649999,,,,9.802120311111112,,,0.5333333333333333,75.0
0xf1f7df94417dbfdbf8fe4924580817da1e3ffa11,0.028080057141214927,0.017524239,0,18541.45504,10,1764818333,-0.00033093011484657523,-0.0006618602296931871,-0.00033093011484657523,-0.00033093011484657523,-0.0011516827707620683,-0.02591724682177205,-0.00033093011484657523,-0.025918044647604943,0.0,42.30914000000037,0.0008022737673944154,-0.024949309632331763,0.0019354776496354061,-0.055446745509933316,-0.05758424544672871,,1,0.07268341763133024,-0.0005881551660265281,-0.00033093011484657523,0.011317380573998583,33.25,34065422.0,34065422.0,7.789490845946748,85.32143761554711,29692168.0,0.0,0.7344827586206897,290.0
0x9c632cabea7a71a5d0d707341be7d2a5d5e4ab50,0.028080057141214927,0.017524239,0,284.341099,9,1764264763,6.512407303815507e-08,4.964458186531206e-06,6.512407303815507e-08,6.512407303815507e-08,0.0022202786610126517,-0.024850120540527765,6.512407303815507e-08,-0.028850140538627764,0.0,1.9350287128571555,0.0015269616469439982,-0.032100156876184456,0.0030538581698149585,0.08790000721710015,0.09430000739530014,,1,0.07268341763133024,0.11686677097297245,6.512407303815507e-08,0.025765451316068305,9.999999,43475371.0,43475371.0,11.381928714521933,68.20904109540034,39655687.0,0.0,0.5448717948717948,156.0
0xcd71fd5370880f3d92bb941e628c05840fe0d127,0.0280790546578691,0.017515719,0,47674.115775,12,1764853125,0.0016110207220504209,0.002609292943537022,0.0016110207220504209,0.0017678533894306405,0.007844875171943039,-0.0842257265024242,0.0017678533894306579,-0.08281171560172158,0.0,1.9999995024999988,0.0017879239410514393,0.0010648563996368441,0.001651161825291984,-0.0007083922789145415,-0.08909915548233371,,2,0.07268341763133024,-0.007970223902099748,0.0017678533894306579,0.0,27.72132,42834583.0,42834583.0,9.717362976702148,1016.1722413956045,38426537.0,0.0,,0.0
0xc56909fd0c506661621a4e07fbbf363bcd62039b,0.028078055496657327,0.017507227,0,4.399938,10,1764218409,2.7054480188412567e-07,1.1250154678348215e-05,2.7054480188412567e-07,2.7054480188412567e-07,0.0033541250225784347,-0.012250168939822921,2.7054480188412567e-07,-0.0002500029457756246,0.0,0.39996,0.00012551024267427017,-0.0035500396962809488,0.0002507499405466562,0.1752333333333335,0.1822222222222224,,1,0.07268341763133024,0.12670203236041605,2.7054480188412567e-07,0.0036718973090783726,0.19997,,,,0.3721479814944134,,,0.606312292358804,568.0
0x89d2d2bc1dcefb6f2940d34a6d092e60c52c6031,0.02806533833049248,0.01739912,0,6004.834,17,1764820155,0.0,-0.0001578906617909397,0.0,0.0,-0.000494861493830709,-0.0343688759346697,0.0,-0.03465383719049106,0.25,10.165000000000008,0.001105343372661778,-0.02230365631370199,0.002210686745323556,-0.0676151447072038,-0.07618725698322021,0.0,2,0.07268341763133024,-0.0009747420031478608,0.0,0.022905331855260634,8.1,16899404.0,16899404.0,3.86265381447088,53.15974218106093,12524328.0,,0.3869047619047619,305.0
0xef284c61a9a90842cbac8408cc067f89f7912d50,0.028058997833193905,0.017345201,0,2000.0,4,1764845265,0.0,0.0,0.0,0.0,0.0,0.0,0.0,0.0,0.0,-2.0000000000000018,-0.0002505010017532562,0.0,-0.0005010020035065124,,,-0.024000000000000875,1,0.07268341763133024,-0.030937131474746034,0.0,0.03388482137734816,4.2385,4547752.0,4547752.0,1.0335363096014578,43.052994031086136,147566.0,,0.2611111111111111,165.0
0x819e6a947c9fa591a8cf41b2dac86793f114e967,0.028058997833193905,0.017345201,0,1371.1009999999999,8,1764835225,-0.0011276202157606532,-0.0016700066783550411,-0.0011276202157606532,-0.0011276202157606532,-0.0039727153755409516,0.0,-0.0011276202157606532,0.0,0.0,-3.0680000000000027,-0.001315022574546069,0.0,-0.0015024249333314846,,,-0.030199999991163427,1,0.07268341763133024,-0.00585609039766673,-0.0011276202157606532,0.07964420164262545,4.0841615000000004,4820698.0,4820698.0,1.0980723647915127,10.149678814380044,430552.0,0.0,0.3533834586466165,122.0
0x8b34a0ec598af1ab94ef3c421cd5656e73d5398e,0.02805887255738942,0.017344136,0,16.1676,4,1764916413,0.0,0.0,0.0,0.0,0.0,-0.047199999999999964,0.0,-0.0465015037587697,0.0,-0.005400000000000306,-0.00012525050087663507,-0.0005515037587697008,-0.00025050100175327014,0.0009030075175395239,-0.09099699248246049,,1,0.07268341763133024,-0.021398493796575546,0.0,0.21193433772051173,7.72038,,,,7.155567111111111,,,0.3333333333333333,6.0
0xec0e79eac264b1492f131f195578f727e99a1e4e,0.02804981011892136,0.01726705,0,1197.6,2,1764841469,0.001002004007013136,0.0020040080140261607,0.001002004007013136,0.001002004007013136,0.002834095312540168,-0.09240300452055292,0.001002004007013136,-0.09089999999999988,0.0,,0.001002004007013136,-0.002755694144769782,0.001002004007013136,-0.08769699248246042,-0.08989699248246041,,1,0.07268341763133024,-0.005497086595027161,0.001002004007013136,0.09098575448074583,0.4051975,40781340.0,40781340.0,9.276096979567328,12.257835635493372,36384950.0,0.0,0.40540540540540543,37.0
0xc436e72070fffd94efe821550ae0192c6d0b76c9,0.028048875460084496,0.017259099,0,61.16986,7,1764818867,0.0,0.0001137808605728043,0.0,0.0,0.00033765200756894696,0.0,0.0,0.0,0.0,-10.466802800000004,-0.004253729776597867,0.0,-0.008507459553195734,,,-0.11930000119400083,1,0.07268341763133024,-0.014035945361827881,0.0,0.010706848742412449,7.081888,8481758.0,8481758.0,1.9392247635230606,9.429087030570651,4107970.0,,0.5040983606557377,244.0
0x1f3091804a0733b55d3ce43f4f7e0bea065168a5,0.02804286909956889,0.017207993,0,19.025000000000002,4,1764797211,0.0006680026713419794,0.0010020040070129878,0.0006680026713419794,0.0006680026713419794,0.0017355218495340964,-0.03076902722009167,0.0006680026713419794,-0.030198494355245874,0.0,-8.995000000000001,-0.07444054768767594,-6.516102191254237e-05,-0.14954909804669386,-0.08599096798309042,-0.08959096613147513,-1.0461421774934005,1,0.07268341763133024,-0.004270278092153646,0.0006680026713419794,0.13969112967435232,1.00048,,,,2.888410089430895,,,0.47058823529411764,17.0
0x22d71985cb4ac9697a2a07905b858b602d6884e0,0.028036579270467505,0.017154464,0,49.999998,2,1764832959,-0.03306613094501696,-0.03406813495202998,-0.03306613094501696,-0.03306613094501696,-0.04817961849391767,0.0,-0.03306613094501696,0.0,0.0,,-0.03306613094501696,0.0,-0.03306613094501696,,,-0.259099989600896,0,0.07268341763133024,,-0.03306613094501696,0.05100570177215149,29.9999995,4208254.0,4208254.0,0.959063146667639,114.8245615743073,-179626.0,,0.20689655172413793,87.0
0x0bcad04db28d8e1560b22584d8dae7b7f7617906,0.028036579270467505,0.017154464,0,2.0,3,1764885325,-0.0030060120210390743,-0.004008016028052099,-0.0030060120210390743,-0.0030060120210390743,-0.00617774933430267,0.0,-0.0030060120210390743,0.0,0.0,,-0.0030060120210390743,0.0,-0.0030060120210390743,,,-0.024300000000000023,0,0.07268341763133024,,-0.0030060120210390743,0.07682730739605388,1.999999,4253656.0,4253656.0,0.95797755349591,3.0966302435897437,-186590.0,,0.2,20.0
0x9246695a4c5498e103296425a37d6f7b349314c5,0.028033383665800198,0.017127264,0,500.01,3,1764823991,-0.018948344431126904,-0.019950348438139927,-0.018948344431126904,-0.018948344431126904,-0.028411717163459287,0.0,-0.018948344431126904,0.0,1.999960000799984e-05,,-0.018948344431126904,0.0,-0.018948344431126904,,,0.12709999999999988,0,0.07268341763133024,,-0.018948344431126904,0.0995176184109604,99.999999,,,,231.8596794153846,,,0.2222222222222222,36.0
0x72f4908189b7a402a189cae5b87b3e8659284f20,0.02802674346286375,0.017070735,0,1194.3332,4,1764834299,-0.023915262806206948,-0.024917266813219974,-0.023915262806206948,-0.023915262806206948,-0.04682001898721538,0.0,-0.023915262806206948,0.0,0.0,,-0.023915262806206948,0.0,-0.023915262806206948,,,-0.17594984406361633,0,0.07268341763133024,,-0.023915262806206948,0.22119859838094935,98.999999,,,,149.97196303846155,,,0.2727272727272727,11.0
0x5c14eb6a6d5083c003daa8241ed559d2dc82cc49,0.028025463907737285,0.01705984,0,42704.47975,5,1764835205,0.00400801602805213,0.0050100200350651535,0.00400801602805213,0.00400801602805213,0.00961256939222584,-0.0901924528500159,0.00400801602805213,-0.08847735671004682,0.0,,0.00400801602805213,0.002223506753881234,0.00400801602805213,-0.0840392002558569,-0.08746980956006274,,1,0.07268341763133024,-0.004168008687382798,0.00400801602805213,0.06410703517849453,10.0,17185314.0,17185314.0,3.9145377604196328,675.4398425477941,12795188.0,,0.11363636363636363,44.0
0x17d6af8c6d7467c0199e900f3c1b30b610839193,0.028025167052055693,0.017057313,0,5.2,2,1764916193,0.0010020040070130248,0.0020040080140260497,0.0010020040070130248,0.0010020040070130248,0.0028340953125400112,-0.0933970336064109,0.0010020040070130248,-0.09280300690420593,0.0,,0.0010020040070130248,-0.001203007517539463,0.0010020040070130248,0.0008030075175394625,-0.09079699186912701,,1,0.07268341763133024,-0.02135181481514487,0.0010020040070130248,0.2158875908882503,7.72653,,,,7.205008753623187,,,0.0,5.0
0xc99dc29d3825dc0ae9232f53eae75adb20d35d6b,0.028017755400462054,0.016994197,0,29.97,3,1765115647,0.0,-0.00033400133567100824,0.0,0.0,-0.0005785072831780536,-6.666666666666672e-05,0.0,-3.333333333333336e-05,0.5,0.0,0.0,0.0,0.0,0.0,-0.0001000000000000001,0.0,1,0.07268341763133024,-0.06367140373457313,0.0,0.07238527105319363,23.5764,33395364.0,33395364.0,7.150171884875673,109.81094784162062,28724796.0,0.0,0.46017699115044247,113.0
0xa9736e281441255fc815a65ae4f9ba4c0b77f0f6,0.02801676885494735,0.016985795,0,4660.0,5,1764603974,0.0,0.00033400133567100824,0.0,0.0,0.0005785072831780536,-0.03110050271688168,0.0,-0.031334835210523306,0.0,-4645.0,-0.07757181020959159,-0.001034835210523298,-0.15514362041918317,-0.0001000000000000001,-0.09100000000000001,-0.0004504104221562527,1,0.07268341763133024,-0.01274081580431492,0.0,0.06512829540153235,15.666666,,,,481.9367779103593,,,0.5648854961832062,131.0
0xfd0ee585bf699259f6a1671b4b1675d07f07a9c8,0.028011812581181333,0.016943578,0,500.0,2,1764635466,-0.920841682444969,-0.9218436864519821,-0.920841682444969,-0.920841682444969,-1.3036838437684042,0.0,-0.920841682444969,0.0,0.0,,-0.920841682444969,0.0,-0.920841682444969,,,-0.016539648781902692,0,0.07268341763133024,,-0.920841682444969,0.04319067984153323,42.9412125,,,,255.99893290675985,,,0.6515151515151515,132.0
0x022c37f203b8aeadf687e00d5a0f055498f67a01,0.028008459023833202,0.016915008,0,388.300382,7,1764705249,-0.927889114726238,-0.9288911187332509,-0.927889114726238,-0.927889114726238,-2.0947160214302962,0.0,-0.927889114726238,0.0,0.0,,-0.927889114726238,0.0,-0.927889114726238,,,-1.037944446059758,0,0.07268341763133024,,-0.927889114726238,0.028513521769403583,48.0,36862170.0,36862170.0,8.652746251910136,118.47307659570662,32602000.0,0.0,0.609271523178808,151.0
0x881c96562048cf2e0af6558d1f253ad50b000d72,0.028006880332544167,0.016901558,0,30705.317065000003,12,1764868457,-0.002931900725142722,-0.003933904732155747,-0.002931900725142722,-0.002931900725142722,-0.012353691697763779,0.0,-0.002931900725142722,0.0,0.5564182895044794,,-0.002931900725142722,0.0,-0.002931900725142722,,,-0.031400000000000025,0,0.07268341763133024,,-0.002931900725142722,0.23042707297671772,21.0,19455578.0,19455578.0,4.398353023413328,41.319048542857146,15032200.0,,0.2,20.0
0xa710f0eae9129df28a52e886902c443364004173,0.028004146412446234,0.016878264,0,2920.94307,12,1764825259,-0.010880681553638095,-0.011645762923247137,-0.010880681553638095,-0.010880681553638095,-0.027766333342710742,0.0,-0.010880681553638095,0.0,0.0,26.159630000000192,-0.01074832757603876,0.0,-0.010615973598439427,,,0.14309999983889898,1,0.07268341763133024,-0.002333524717157199,-0.010880681553638095,0.16703419113583357,9.999999,89013346.0,89013346.0,20.321846590779373,178.40051911140384,84633166.0,0.0,0.2608695652173913,22.0
0x0bfaa3780d0c94c7cebee3f6e029356fee1f7eac,0.02800379162956704,0.016875241,0,450.0,4,1764886591,-0.0034513471352670853,-0.004453351142280111,-0.0034513471352670853,-0.0034513471352670853,-0.008948312036602003,0.0,-0.0034513471352670853,0.0,0.0,,-0.0034513471352670853,0.0,-0.0034513471352670853,,,-0.028300000000000467,0,0.07268341763133024,,-0.0034513471352670853,0.23436144882529586,24.6498345,,,,92.00522879166665,,,0.21428571428571427,28.0
0x263d1abc75c8e085680700c4969313312959d077,0.02800157034640677,0.016856313,0,9789.833333,8,1764933267,-0.0024065792912705275,-0.003408583298283552,-0.0024065792912705275,-0.0024065792912705275,-0.009212896938988023,0.0,-0.0024065792912705275,0.0,0.0,,-0.0024065792912705275,0.0,-0.0024065792912705275,,,-0.024000000000000472,0,0.07268341763133024,,-0.0024065792912705275,0.08746280373676815,78.35,12367172.0,12367172.0,2.7554933082125794,172.05371150617285,7878984.0,0.0,0.4,35.0
0x16f3951b6d2b5edf2c6570fc6328b8e913d51263,0.027997444529935096,0.016821152,0,210.138508,6,1764669284,-0.9130451926786732,-0.9140471966856862,-0.9130451926786732,-0.9130451926786732,-1.9797123774822603,0.0,-0.9130451926786732,0.0,0.0,,-0.9130451926786732,0.0,-0.9130451926786732,,,-0.017654279119346604,0,0.07268341763133024,,-0.9130451926786732,0.04059417731149546,20.496789,6573214.0,6573214.0,1.5560830972928634,41.22382877922078,2349009.0,,0.6078431372549019,51.0
0x3a736813a49adedf7d9e8b4830ff65f840909daa,0.027997444529935096,0.016821152,0,5656.766666,7,1764904121,-0.003595426055751495,-0.004597430062764519,-0.003595426055751495,-0.003595426055751495,-0.011489377354404707,0.0,-0.003595426055751495,0.0,0.0,,-0.003595426055751495,0.0,-0.003595426055751495,,,-0.03170000000000003,0,0.07268341763133024,,-0.003595426055751495,0.013136635640027917,10.09095,6587875.0,6587875.0,1.477419364966735,25.047479716763,2128833.0,,0.5794979079497908,478.0
0x0c717879ff5aa02f3f26054c253947fc9111e75a,0.027997444529935096,0.016821152,0,1.9999989999999999,2,1764917385,-0.002004006514026083,-0.0030060105210391076,-0.002004006514026083,-0.002004006514026083,-0.00425114084748972,0.0,-0.002004006514026083,0.0,0.0,,-0.002004006514026083,0.0,-0.002004006514026083,,,-0.01599998757460027,0,0.07268341763133024,,-0.002004006514026083,0.10836140073095425,13.1650325,6579083.0,6579083.0,1.471071746879574,58.769165726190465,2106777.0,,0.7037037037037037,27.0
0x9c761f02a05b252b02a4e288694288c448808d1c,0.027990121496221553,0.01675873,0,1499.0,4,1764880627,0.0,0.0,0.0,0.0,0.0,-0.04735150177714172,0.0,-0.04665150112981919,0.0,0.0,0.0,-0.0010015011298191824,0.0,-0.00020000000119999584,-0.0913,,1,0.07268341763133024,-0.013805520935310995,0.0,0.0,27.8487,4776893.0,4776893.0,1.0769566691646668,127.1332017199524,341345.0,,,0.0
0x4b932500e0902501e7f31fb5aae17cb8300c843a,0.027989767541374576,0.016755713,0,340.06858,4,1764831023,-0.028015950587591387,-0.02901795459460441,-0.028015950587591387,-0.028015950587591387,-0.05158645752465662,0.0,-0.028015950587591387,0.0,0.0,,-0.028015950587591387,0.0,-0.028015950587591387,,,-0.21062037546600487,0,0.07268341763133024,,-0.028015950587591387,0.040198043839188506,41.5,66978906.0,66978906.0,15.271263381383802,65.45721993866668,62592962.0,0.0,0.691358024691358,81.0
0x9e8077593bf0a6fd63f988dcf589f7558897f694,0.0279815650909466,0.016685776,0,35919.030236,34,1764887463,4.058529349632344e-05,0.00010822988292473331,4.058529349632344e-05,4.058529349632344e-05,0.0008996940097262628,-0.046133688401910365,4.058529349632344e-05,-0.046031723262409605,0.0,0.5617822455238256,0.00012038204532183513,0.0009972634426659126,0.0002001787971473468,0.003254461986504492,-0.08836092262888015,,2,0.07268341763133024,-0.015255964194675117,4.058529349632344e-05,0.0,44.12442,45212440.0,45212440.0,10.177517297018898,540.0515090306542,40770056.0,,,0.0
0x902265aecaa8622e58fbd75cf7651f7a14e1db5b,0.02798062128282421,0.016677728,0,35.6316,6,1764926733,-1.262871075511149e-07,2.525742151022298e-07,-1.262871075511149e-07,-1.262871075511149e-07,2.2498016605941242e-05,-0.044129057292513596,-1.262871075511149e-07,-0.04623082719453372,0.0,-0.011900000000000011,-0.00012536100209573534,-2.500314712036414e-05,-0.00025059571708391953,0.0007530072968571067,-0.0914469949785948,,1,0.07268341763133024,-0.02358816238005093,-1.262871075511149e-07,0.17928783414801366,3.6149965,,,,15.181191133518777,,,0.038461538461538464,26.0
0x980f7d5985b7ea143a5cb9f64815fff6c2fa778c,0.027973056645424654,0.01661321,0,292.134565,9,1764604410,-0.4182348919285242,-0.41923689593553715,-0.4182348919285242,-0.4182348919285242,-1.1083249642685156,0.0,-0.4182348919285242,0.0,0.0,,-0.4182348919285242,0.0,-0.4182348919285242,,,-0.1781999999040005,0,0.07268341763133024,,-0.4182348919285242,0.037067398768712026,11.40818,5047345.0,5047345.0,1.2134992382188385,30.983074574923545,888014.0,,0.4482758620689655,58.0
0xbeb7c160646c9967df5116c1f4cf1997dd3a5985,0.027973056645424654,0.01661321,0,294.117647,2,1764832563,-0.03306613065066825,-0.03406813465768127,-0.03306613065066825,-0.03306613065066825,-0.04817961807764574,0.0,-0.03306613065066825,0.0,0.0,,-0.03306613065066825,0.0,-0.03306613065066825,,,-0.2512999872214398,0,0.07268341763133024,,-0.03306613065066825,0.05247164858277713,10.0,5291442.0,5291442.0,1.2060310647286692,18.648905174129354,903958.0,,0.38596491228070173,57.0
0x8a1b0f563ee364311d3eb57b79d6d5d3ac0e7162,0.027972150018126606,0.016605476,0,49.957552,4,1764726583,-0.012642095827706146,-0.013063499393679297,-0.012642095827706146,-0.012642095827706146,-0.02645592556785399,0.0016225770950507416,-0.012642095827706146,-0.0013035910298702668,0.0,25.850000420026298,0.05216743487686756,8.706674218147262e-05,0.11697696558144127,7.380800520696772,7.371500508290705,0.03580021964064872,1,0.07268341763133024,0.018879101862448924,-0.012642095827706146,0.037066295614612776,2.9,,,,11.869805111585693,,,0.11258278145695365,151.0
0x8ebfdc251c6c378d4a3a54a8f15cebfa4b9183ce,0.02796846135250402,0.016574008,0,88007.956956,57,1764885927,0.0,3.552735516207263e-05,0.0,0.0,0.00018867578602187312,-0.03342037983405113,0.0,-0.033496865214481725,0.0,0.025113281541597903,1.707989949920631e-06,0.0015816511585291992,3.415979899841262e-06,0.005767347084991564,-0.08602651202126935,-0.03210000000000003,3,0.07268341763133024,-0.014930060033413664,0.0,0.0,28.68525,37410617.0,37410617.0,8.424205692246165,746.3872373481514,32969769.0,0.0,,0.0
0x0523ff55bd7525d5fbda5c77f80f61662db4e38b,0.027963694778439015,0.01653334,0,34696.869738,46,1764819581,0.0,3.420861347352081e-05,0.0,0.0,0.00018514094029908028,-0.006471836547947307,0.0,-0.006425983889654767,3.2691548082099124e-05,11.362540906590853,0.0002780559346560735,-0.004436636832314704,0.000556111869312147,-0.07360883914549265,-0.07573118403982894,0.0,1,0.07268341763133024,-0.0008529522970514584,0.0,0.0,61.16936,27470424.0,27470424.0,6.279668862878563,857.327628871911,23095922.0,,,0.0
0x44c1dfe43260c94ed4f1d00de2e1f80fb113ebc1,0.02795057713058472,0.016421383,0,608602.901157,62,1764818261,-1.0455582943648921e-18,0.0001988187442012813,-1.0455582943648921e-18,-1.0455582943648921e-18,0.0014804499947945766,-0.01825962914051707,-1.0455582943648921e-18,-0.01703289217106542,0.0,101.77574645531108,0.0006167437469171291,-0.01186031844770063,0.0012334874938342592,-0.030763314405193802,-0.03129375276842876,,2,0.07268341763133024,-0.0005728784084673975,-1.0455582943648921e-18,0.0,12.5985,59629288.0,59629288.0,13.63521756011984,1695.757496800931,55256106.0,0.0,,0.0
0x957eca7980eee1145348d0c66b0ae93ab5125758,0.027949792304017056,0.016414683,0,6606.58,6,1764834693,-0.009921856544920542,-0.010923860551933565,-0.009921856544920542,-0.009921856544920542,-0.026366762001839843,0.0,-0.009921856544920542,0.0,0.0,,-0.009921856544920542,0.0,-0.009921856544920542,,,-0.1351000000000001,0,0.07268341763133024,,-0.009921856544920542,0.09901512824009824,49.999999,5135974.0,5135974.0,1.170028617550427,89.22799246153845,746360.0,,0.2222222222222222,27.0
0x6ef589efb6ebf53d5efecb333b7f74615f129e19,0.02794877819229369,0.016406026,0,12674.983918,8,1764833457,-0.0010020109811128982,-0.0015030138610600103,-0.0010020109811128982,-0.0010020109811128982,-0.003933774600844381,0.0,-0.0010020109811128982,0.0,0.0,-89.99990904000119,-0.0026928914571301313,0.0,-0.004383771933147365,,,-0.01600000001800779,1,0.07268341763133024,-0.004253728271464587,-0.0010020109811128982,0.0644970626690225,78.0,5419994.0,5419994.0,1.2350791112342647,171.2502699394856,1031616.0,0.0,0.2753623188405797,69.0
0x39d0f1dca6fb7e5514858c1a337724a426764fe8,0.027940895390638095,0.016338719,0,1908.384655,9,1764818533,-0.0005195586648005781,-0.0007793379972008671,-0.0005195586648005781,-0.0005195586648005781,-0.001530587922348247,0.006638179831427457,-0.0005195586648005781,0.007040166583685514,0.0,23.432996652666642,0.006002692518043739,0.030536593809222964,0.012524943700888056,0.06982967295565069,0.06726301108992555,,1,0.07268341763133024,-0.0006305906036907798,-0.0005195586648005781,0.0,25.2832,39798204.0,39798204.0,9.099948004483412,86.44144086759582,35424750.0,0.0,,0.0
0x3f8547e79f03efa2515dbf151d2ed8a05588ce10,0.027940727439673265,0.016337285,0,5.01,2,1764921005,0.0010020040070130248,0.0020040080140260497,0.0010020040070130248,0.0010020040070130248,0.0028340953125400117,-0.09329699248246054,0.0010020040070130248,-0.09330300751753946,0.0,,0.0010020040070130248,-0.0011030074296571057,0.0010020040070130248,0.0009030048786241762,-0.09129699248246055,,1,0.07268341763133024,-0.022372811445346762,0.0010020040070130248,0.0676409203953691,19.999998,,,,39.3952879047619,,,0.375,48.0
0xe4781c471ecbe7ca20c36dd33f0fd33ebac2d42c,0.02793930120470046,0.016325105,0,44.119080000000004,4,1764509100,-0.9729458908096462,-0.9739478948166592,-0.9729458908096462,-0.9729458908096462,-1.8790189924481993,0.0,-0.9729458908096462,0.0,0.0,,-0.9729458908096462,0.0,-0.9729458908096462,,,-0.061424135679202185,0,0.07268341763133024,,-0.9729458908096462,0.03886205567975584,59.58,,,,85.72131792094862,,,0.4482758620689655,58.0
0x825135c386d92dcc2fcfaa41be2373c21ae9e150,0.02793930120470046,0.016325105,0,1388.888887,3,1764833185,-0.03507013957307109,-0.03607214358008413,-0.03507013957307109,-0.03507013957307109,-0.061366852196366846,0.0,-0.03507013957307109,0.0,0.0,,-0.03507013957307109,0.0,-0.03507013957307109,,,-0.27539999456457626,0,0.07268341763133024,,-0.03507013957307109,0.08312913919217609,49.999998,,,,79.82333898479088,,,0.4666666666666667,30.0
0x660622caad009a8cc1f38038c0913be658621338,0.02793840218299105,0.016317427,0,49950.0,12,1765095985,7.511226102509868e-18,0.0010020040070130322,7.511226102509868e-18,7.511226102509868e-18,0.003142990974936715,-0.00014483889216242098,7.511226102509868e-18,-0.00019262676583153268,0.0,,7.511226102509868e-18,2.740792753585068e-18,7.511226102509868e-18,1.666724052468116e-17,-0.00019999989332646076,,1,0.07268341763133024,-0.059499575857800545,7.511226102509868e-18,0.0,29.291675,43443740.0,43443740.0,9.34091981218283,1422.757699387553,38792834.0,0.0,,0.0
0xf1858151e6287124aa84b31afaa262741853aceb,0.027917061615605476,0.016135104,0,10040.0,4,1764864537,0.0,0.0,0.0,0.0,0.0,0.0,0.0,0.0,1.0,-10.000000000000009,-0.0001252505008766281,0.0,-0.0002505010017532562,,,-0.007699999797205037,1,0.07268341763133024,-0.03608073087402998,0.0,0.21284155776656657,10.0,,,,20.904043551724136,,,0.06666666666666667,15.0
0x7215255444956a7921805b2187c7f8c9647bb959,0.027904400242482898,0.016026868,0,247.504,4,1764882957,0.0,0.0,0.0,0.0,0.0,-0.04560150375876973,0.0,-0.04625150226027653,0.0,0.0,0.0,-0.0005015022602765208,0.0,0.0009030075175394737,-0.09049699248246056,,1,0.07268341763133024,-0.014299893784099526,0.0,0.027643379417527286,52.345,15466430.0,15466430.0,3.485095804796797,31.59268481099657,11028552.0,,0.07407407407407407,54.0
0xdacf9f8d0341fa3770fae5c7ccd9dcfed23e3c74,0.027903581821542716,0.01601987,0,1272.37288,22,1764827091,-0.00023044774346872546,-0.00046089548693745093,-0.00023044774346872546,-0.00023044774346872546,-0.0009610610019406106,-0.021779496624804495,-0.00023044774346872546,-0.020737601919730873,0.0,24.183236681,0.002871620572498479,0.008929091441567451,0.0059736888884656825,-0.05423594962468894,-0.055255942254511824,,1,0.07268341763133024,-0.0024464029813441087,-0.00023044774346872546,0.0,38.0,5525404.0,5525404.0,1.2609285415010274,189.23074897022937,1143392.0,,,0.0
0xa2597462895928358c218c00b3553faa37689e5f,0.02789636451961514,0.015958149,0,6.0,6,1764877833,0.0,0.0,0.0,0.0,0.0,0.0,0.0,0.0,1.0,-1.0000000000000009,-0.0001252505008766281,0.0,-0.0002505010017532562,,,-0.008000000000000007,1,0.07268341763133024,-0.013432937792618865,0.0,0.09416601170319631,3.43656,,,,3.785723689655173,,,0.5294117647058824,17.0
0x44e22ca1dbb63153f1058a2c283115d1b37510df,0.02789636451961514,0.015958149,0,89.17346,5,1764834797,0.0,0.0,0.0,0.0,0.0,0.0,0.0,0.0,0.0,-1.788330000000003,-0.002239892282327005,0.0,-0.00447978456465401,,,-0.14243139000000038,1,0.07268341763133024,-0.005088008975943774,0.0,0.09009298607004709,2.030798,,,,3.1574476977777772,,,0.5,18.0
0x1cb352f505c465a4b1c0817f56e3741f7e496344,0.02789636451961514,0.015958149,0,60.0,8,1764951997,0.0,0.0,0.0,0.0,0.0,0.0,0.0,0.0,1.0,-10.000000000000009,-0.0001252505008766281,0.0,-0.0002505010017532562,,,-0.007700000896399994,1,0.07268341763133024,-0.029002924226009443,0.0,0.047587770636612195,19.999999,,,,41.66397776404495,,,0.5573770491803278,61.0
0xb10047d6a254b2ebb306d7a7d13bf59171ab6461,0.027896066814364597,0.015955603,0,30445.157124,30,1764649410,-2.1604901186620142e-09,-2.700612648327532e-09,-2.1604901186620142e-09,-2.1604901186620142e-09,-3.678331615701733e-06,0.2263437519939121,-2.1604901186620142e-09,-0.014138226651877178,0.0,470.73901883166656,0.038924791112998236,0.011836937729533826,0.07784958438648659,5.290529628395888,5.285565573410356,,3,0.07268341763133024,0.03525345201676539,-2.1604901186620142e-09,0.0,21.510139,41955997.0,41955997.0,9.979232605615495,531.8126918626298,37751666.0,0.0,,0.0
0x53a4f5be7d64abd9c49835374b5686cb86454447,0.027894378206693153,0.01594116,0,44738.250587999995,15,1764835113,0.0007411862114280879,0.00092648276428511,0.0007411862114280879,0.0007411862114280879,0.0021544598420975315,-0.05384531740679441,0.0007411862114280879,-0.05283030930002526,0.0,0.8307255499999812,0.0007875111136144627,0.000663750695329366,0.0008338360158008377,-0.0849288787982873,-0.08835948932916049,,1,0.07268341763133024,-0.004148488386057243,0.0007411862114280879,0.06884056935660396,9.99426,16451072.0,16451072.0,3.7473677880399103,349.4010698281799,12061038.0,,0.36,39.0
0x303c5f6f2641f1293cb8e548d080b1c02d9f4487,0.02788861821882001,0.015891887,0,1449.386296,6,1764722743,-0.0008490275387206189,-0.0011358626321316496,-0.0008490275387206189,-0.0008490275387206189,-0.003926685179051611,0.0,-0.0008490275387206189,0.0,0.7123014480014287,-355.59747357,-0.021815141966526674,0.0,-0.04278125639433273,,,0.18519999999999992,1,0.07268341763133024,-0.003172897674156097,-0.0008490275387206189,0.04396414926382634,11.34,,,,43.93412422760291,,,0.5975609756097561,164.0
0x90448cec34e3cfa75212374ea45ed01a258c6364,0.02788550473984192,0.01586525,0,575.9410770000001,4,1764834497,2.460512695518058e-07,3.4068637269650014e-07,2.460512695518058e-07,2.460512695518058e-07,7.838777975673057e-05,-0.03775736950260224,2.460512695518058e-07,-0.03687973240391172,0.0,2.504060013999469,0.0016284718153601288,0.008171118553043918,0.003256697579450706,-0.0692998399139439,-0.07273045105815062,,1,0.07268341763133024,-0.004017787238051348,2.460512695518058e-07,0.0,89.81795,23284148.0,23284148.0,5.3046094037979525,105.3687478621751,18894730.0,0.0,,0.0
0xdd8b0f2fa87d90cb8cb83d613cbe9fc54b9d657d,0.027885424626804958,0.015864564,0,734.470459,12,1764818411,-4.78916423570878e-09,-4.938825618074681e-09,-4.78916423570878e-09,-4.78916423570878e-09,-1.277919641273386e-05,0.0,-4.78916423570878e-09,0.0,0.0,-133.21155668599997,-0.013922229454266582,0.0,-0.02784445411936893,,,-1.028150004776001,1,0.07268341763133024,-0.012041904145984696,-4.78916423570878e-09,0.04562377504735519,99.999999,,,,108.75383068656716,,,0.36363636363636365,44.0
0x17663fc676efb2016ca78c53617ddc281dcd5705,0.027880198604947722,0.015819846,0,3513.54655,3,1764829789,-0.02751630314315076,-0.028518307150163777,-0.02751630314315076,-0.02751630314315076,-0.04868172693261457,0.0,-0.02751630314315076,0.0,0.0,,-0.02751630314315076,0.0,-0.02751630314315076,,,-0.2061362915712619,0,0.07268341763133024,,-0.02751630314315076,0.11111109209127171,99.999999,38620295.0,38620295.0,8.8079473899072,391.0653162616822,34235585.0,0.0,0.20833333333333334,48.0
0xb8415ce9e03af2618cf6f6c549c26e8953613cfb,0.02787393659902011,0.015766252,0,217.206,3,1764854819,0.0029871681190265635,0.0039891721260395885,0.0029871681190265635,0.0029871681190265635,0.004553133030827942,-0.08972765957684489,0.0029871681190265635,-0.08894843135892834,0.0,,0.0029871681190265635,0.001953449262494395,0.0029871681190265635,0.0006028774035321927,-0.0886879472803506,,1,0.07268341763133024,-0.00832965205911596,0.0029871681190265635,0.0,53.30664,49584350.0,49584350.0,11.244279708100704,93.79188521246292,45174610.0,,,0.0
0x5040b5e76b45aeff6ccbb21b1aad0ccc2fa296cf,0.027856259733232618,0.0156149,0,855.625985,14,1764825669,7.399548020136012e-05,0.00012332572723642004,7.399548020136012e-05,7.399548020136012e-05,0.0007860438369686928,-0.012152171683668382,7.399548020136012e-05,-0.011921086449907161,0.0,2.1325778272105356,0.0013889688103644454,0.00025904972759313664,0.002703942140527531,-0.08403919530524831,-0.08746980460945415,0.1395369866059228,1,0.07268341763133024,-0.0024578605495134565,7.399548020136012e-05,0.0,3.333333,5270384.0,5270384.0,1.2031219538920557,15.381390793890318,889794.0,,,0.0
0x22d6a934594654a2095a4a6cdef113b73abf376a,0.027854986542376756,0.015603995,0,501.0,4,1764870473,0.0,0.0,0.0,0.0,0.0,0.0,0.0,0.0,1.0,-0.5000000000000004,-0.0001252505008766281,0.0,-0.0002505010017532562,,,-0.008000000000000007,1,0.07268341763133024,-0.011796627316285321,0.0,0.20345379044360465,2.0,,,,2.812069275862069,,,0.0,7.0
0x58c028e7c41ba7ef2bde2142cd371cf491661c8e,0.02785393619431863,0.015594998,0,16179.756925,13,1764818091,-0.0001528090757531505,-0.00016044952954080802,-0.0001528090757531505,-0.0001528090757531505,-0.0018374418363551353,0.0024889021412660903,-0.0001528090757531505,0.0025973640941631525,0.0,65.15194342925005,0.003676578387672911,0.021356021625751502,0.007505965851098972,0.32558885914522984,0.3208110769213628,,1,0.07268341763133024,-0.0005368082864527835,-0.0001528090757531505,0.0,5.0,6354707.0,6354707.0,1.4531647752167156,86.71909099483393,1981695.0,,,0.0
0x125840f13ae86a88ea6fb3370122536b75230c15,0.027851670139624616,0.015575588,0,728.3385460000001,7,1764705837,1.6215496091338947e-05,1.6321711131238546e-05,1.6215496091338947e-05,1.6215496091338947e-05,0.003883139863349621,-0.09579932893482403,1.6215496091338947e-05,-0.02909811159280567,0.0,232.784841908,0.11466331130853356,-0.024712173279411942,0.2293104071209758,7.348195261892229,7.339580917381352,,1,0.07268341763133024,0.023280929811361747,1.6215496091338947e-05,0.07210980344267716,19.999999,35614208.0,35614208.0,8.35865543173304,85.33268833413462,31353450.0,0.0,0.14705882352941177,34.0
0xa5f2948c47aac1e8cfdf6cfb878e7a64c9e29d80,0.027848504790823854,0.015548471,0,2000.0,4,1765056165,0.0,-0.0010020040070130248,0.0,0.0,-0.0020040080140260497,0.0,0.0,0.0,1.0,,0.0,0.0,0.0,,,0.0,0,0.07268341763133024,,0.0,0.16262983309594722,1.0,7996807.0,7996807.0,1.7342567455909519,1.7047920217391308,3385721.0,,0.1111111111111111,9.0
0xb6a27b5164f83c5ab7a42a5cf85abd0bcf030cb0,0.027844755985302328,0.015516353,0,206.37909199999999,3,1764612736,-0.9389688504451119,-0.9399708544521248,-0.9389688504451119,-0.9389688504451119,-1.3974200955575158,0.0,-0.9389688504451119,0.0,0.0,,-0.9389688504451119,0.0,-0.9389688504451119,,,0.004903774052526783,0,0.07268341763133024,,-0.9389688504451119,0.10971497425370383,16.203,6395166.0,6395166.0,1.5344751259520637,132.64175406370367,2227509.0,,0.45454545454545453,99.0
0x285a8aab3ff46fb9fd9dfc163fe0c2cbad88b323,0.027844755985302328,0.015516353,0,1000.0,2,1765119181,0.0,-0.0010020040070130248,0.0,0.0,-0.0014170476562700054,0.0,0.0,0.0,1.0,,0.0,0.0,0.0,,,3.3306690738754695e-17,0,0.07268341763133024,,0.0,0.006525012249969814,1.044789,6969189.0,6969189.0,1.4910220187749432,1.4584927440690154,2295087.0,,0.3905579399141631,233.0
0x9314161964d74917bca5199ca9440cad29f4d74c,0.027844755985302328,0.015516353,0,5000.0,2,1765114439,0.0,-0.0010020040070130248,0.0,0.0,-0.0014170476562700056,0.0,0.0,0.0,1.0,,0.0,0.0,0.0,,,0.0,0,0.07268341763133024,,0.0,0.11865793515699337,19.999989,6667345.0,6667345.0,1.4278926876488427,511.4444041230769,1997985.0,,0.4906832298136646,161.0
0x01ba77bb2cd176666267617bdb5707701fe193f1,0.02784276454684007,0.015499289,0,203.728,4,1764883795,0.0,0.0,0.0,0.0,0.0,-0.04495000000000003,0.0,-0.046251503384146395,0.0,3.774758283725532e-15,6.952799495953287e-18,-0.0005015033841463898,1.3905598991906574e-17,0.0008030075175394012,-0.09049699248246063,,1,0.07268341763133024,-0.014477698267912741,0.0,0.02137664852686235,67.864,17252838.0,17252838.0,3.8868983733133637,52.51310684426229,12814122.0,,0.031746031746031744,63.0
0x18253cbbd05966cfb3b99cbdaf751daeeeed8695,0.02784276454684007,0.015499289,0,173.88400000000001,4,1764884319,0.0,0.0,0.0,0.0,0.0,-0.0461,0.0,-0.045699999998779724,0.0,0.05800000000000005,0.0001252505008766281,1.6653345369377347e-17,0.0002505010017532562,0.0008030075175394625,-0.09039699248001999,,1,0.07268341763133024,-0.01458887911459308,0.0,0.026162435097858965,57.884,17304206.0,17304206.0,3.898010920788243,44.14496274774775,12864966.0,,0.05172413793103448,58.0
0x088ffbbc6f2c0b3839d2832e75f37e1bcecbc9e7,0.02783773396045076,0.015456179,0,20205.753535,23,1764828573,-0.005336412331078901,-0.00627985925204655,-0.005700340182827087,-0.0060642591726578505,-0.017038287340304156,0.0,-0.0060642591726578505,0.0,0.0,-10.257982734271803,-0.006459568149270057,0.0,-0.006127030284303271,,,-0.011800002005094345,1,0.07268341763133024,-0.0029114953781443067,-0.006064259172657871,0.0,62.1746,48812418.0,48812418.0,11.135504691006764,932.6791883848128,44428924.0,0.0,,0.0
0xc25427ea224b8f9fa2df801233f944006ed33f73,0.02783568205122751,0.015438593,0,214028.175563,96,1764184757,0.0028550583729312707,0.0029873067765146416,0.0028550583729312707,0.0028550583729312707,0.04125137366184252,-0.03714766693407681,0.0028550583729312707,-0.03486767126121707,0.0,-503.2665478666921,-0.010669465642916681,-0.03201788012908575,-0.024193989658764632,-0.06865042363937415,-0.06811146146833064,0.006121517699064339,1,0.07268341763133024,0.0006844836095243794,0.0028550583729312707,0.0,47.459998,16525713.0,16525713.0,4.4190203006782935,848.7328097161402,12786035.0,,,0.0
0x9ecc458843337b450198b8a2af16d7f3ae836b37,0.027829665609056746,0.015387021,0,202.11,2,1764639242,-0.920841682444969,-0.921843686451982,-0.920841682444969,-0.920841682444969,-1.303683843768404,0.0,-0.920841682444969,0.0,0.0,,-0.920841682444969,0.0,-0.920841682444969,,,-0.03813090383826788,0,0.07268341763133024,,-0.920841682444969,0.03675701019208984,32.68645,8644115.0,8644115.0,2.06098690012763,65.16055154310345,4449952.0,,0.6166666666666667,60.0
0x01f43d44e8bfcb5fd29e984b2430ffc540412c5e,0.027827315221016797,0.015366871,0,55.0,2,1764823861,-0.019038076133247473,-0.020040080140260496,-0.019038076133247473,-0.019038076133247473,-0.028340953125400112,0.0,-0.019038076133247473,0.0,0.0,,-0.019038076133247473,0.0,-0.019038076133247473,,,0.12709999999999988,0,0.07268341763133024,,-0.019038076133247473,0.0531708423697969,1.099999,9045620.0,9045620.0,2.065784503544593,2.3918306433915215,4666838.0,0.0,0.3761467889908257,109.0
0x0974d7a915229cb770fb43ac46f360dcf964003d,0.02782415810039123,0.015339802,0,3161.890706,73,1764704677,0.0012409056150217573,0.0013473656610845826,0.0012409056150217573,0.0012409056150217573,0.014309321811379887,-0.03638241927423192,0.0012409056150217573,-0.019828869137069507,0.0,23.827365416666684,0.030557068506343706,0.004958055101512598,0.059873231397665656,2.7841754216994614,2.779179881325075,-0.01400000000000029,2,0.07268341763133024,0.023527055349814408,0.0012409056150217573,0.0,3.7975,24119248.0,24119248.0,5.6623296376794245,26.624053582483292,19859650.0,,,0.0
0xb3d7315c78723fe5fccd6496e3155f12b0a961b8,0.027820706792979735,0.015310207,0,427.514,31,1764650170,5.723627089995167e-06,-5.723627089995166e-06,5.723627089995167e-06,5.723627089995167e-06,-7.573042505376197e-05,0.07942155247990534,5.723627089995167e-06,0.047973787576869216,0.028832112053120282,18.253875000000004,0.0019882354572111614,0.04810998340457123,0.003970747287332328,7.3379616188695485,7.334215465163117,-0.003100000000000891,3,0.07268341763133024,0.03509219735364123,5.723627089995167e-06,0.0,3.5764785000000003,36710415.0,36710415.0,8.729993001340517,6.916034465703971,32505324.0,0.0,,0.0
0x8304ada4e1747a1d188d7233b5c047dfce42f086,0.027813928444256623,0.015252073,0,132.18800000000002,9,1764818193,0.0,-1.1887300623938421e-18,0.0,0.0,-6.674398810979355e-10,0.0,0.0,0.0,0.0,-24.366999999999997,-0.043599699355154196,0.0,-0.08719939871030839,,,-1.4708584772239783,1,0.07268341763133024,-0.001935904666243161,0.0,0.011645713537238214,17.02722,44489577.0,44489577.0,10.173431792539596,26.31552394135939,40116463.0,0.0,0.6528925619834711,211.0
0x68be752d9063ed21324870d15b9db2e8b46e9fd7,0.027811072768453647,0.015227578,0,600.0,4,1764819035,-0.027221108857187176,-0.028223112864200206,-0.027221108857187176,-0.027221108857187176,-0.04660117708987762,0.0,-0.027221108857187176,0.0,0.0,,-0.027221108857187176,0.0,-0.027221108857187176,,,0.11699999912126308,0,0.07268341763133024,,-0.027221108857187176,0.19810771742707323,14.1,,,,52.27511063265305,,,0.2608695652173913,23.0
0x93b9114efd9d72720f0a67205208b332ae6ba48b,0.02780915162848166,0.015211097,0,19920.0,3,1764835505,0.0030060120210390743,0.004008016028052099,0.0030060120210390743,0.0030060120210390743,0.00622836598867212,-0.09321205957152665,0.0030060120210390743,-0.08848190957810155,0.0,,0.0030060120210390743,0.0019180904203984653,0.0030060120210390743,-0.08488191142971695,-0.08848190957810166,,1,0.07268341763133024,-0.004231661843879176,0.0030060120210390743,0.1240287561250896,11.67815,38638553.0,38638553.0,8.800638707952258,329.8447650802548,34248127.0,0.0,0.30097087378640774,103.0
0x5e16f02765e04f83ed0a9900c2b69c9a58d241f8,0.027807749177834577,0.015199065,0,323.42666599999995,5,1764901747,-3.886864650609156e-08,-1.2021270656819654e-07,-3.886864650609156e-08,-3.886864650609156e-08,-2.6883470136067117e-05,0.0,-3.886864650609156e-08,0.0,0.0,-0.21554634002639694,-0.00024301931292416558,0.0,-0.00048599975720182504,,,-0.04019997618599987,1,0.07268341763133024,-0.018398308353712953,-3.886864650609156e-08,0.004376068078293773,3.406,13808433.0,13808433.0,3.098375961592831,6.220558029985008,9351765.0,,0.41414141414141414,594.0
0x108d30065a573f9d2fb06e05ca140810f453508a,0.027807749177834577,0.015199065,0,12135.767097,16,1764828865,-0.010399731805457411,-0.011577219267522976,-0.010905823193627642,-0.010905823191603284,-0.04705195894095315,0.0,-0.011243217478153567,0.0,0.0,5.610629521222225,-0.010740519246019199,0.0,-0.009731729625714598,,,-0.2574999999040006,1,0.07268341763133024,-0.003580277875732913,-0.011074520335890604,0.015539503533533412,16.5,18055171.0,18055171.0,4.118625087994715,83.63486300906783,13671385.0,,0.4724137931034483,286.0
0xaf51a9e749c14a2b9d0589b7b1f0cc8ca8aa4b53,0.027804018835075262,0.015167059,0,8977.34732,7,1764829115,-2.6334375862973284e-09,-2.745498760182321e-09,-2.6334375862973284e-09,-2.6334375862973284e-09,-1.1610298755357112e-05,0.0,-2.6334375862973284e-09,0.0,0.0,-424.39679100000035,-0.005944802956286958,0.0,-0.01188960327913633,,,-0.37259999990400067,1,0.07268341763133024,-0.02095079992921769,-2.6334375862973284e-09,0.0,2.55,4221484.0,4221484.0,0.9629218373206789,3.985607529346623,-162552.0,,,0.0
0x418ff815cfadd29aab712a09b9223e8fe9867b8f,0.027803884462364332,0.015165906,0,2000.0,2,1764905561,-0.0030060120210390743,-0.004008016028052099,-0.0030060120210390743,-0.0030060120210390743,-0.0056681906250800225,0.0,-0.0030060120210390743,0.0,0.0,,-0.0030060120210390743,0.0,-0.0030060120210390743,,,-0.02370000000000002,0,0.07268341763133024,,-0.0030060120210390743,0.040591396854594834,5.058489,7195514.0,7195514.0,1.6131696081275522,8.097075692612137,2735032.0,,0.3770491803278688,244.0
0x4b73153748ea5d223244c70f292841e37ede053a,0.027802845537302473,0.015156992,0,6.0,6,1764877533,0.0,0.0,0.0,0.0,0.0,0.0,0.0,0.0,1.0,-1.0000000000000009,-0.0001252505008766281,0.0,-0.0002505010017532562,,,-0.008000000000000007,1,0.07268341763133024,-0.013253011536922437,0.0,0.18417425027156437,1.0,24592574.0,24592574.0,5.548297624746923,1.2638694,20160120.0,,0.0,6.0
0x7ed752c0aaba9af89700033475b30956fbfb27be,0.027802845537302473,0.015156992,0,500.0,4,1764854373,0.0,0.0,0.0,0.0,0.0,0.0,0.0,0.0,0.0,-0.5000000000000004,-0.0002505010017532562,0.0,-0.0005010020035065124,,,-0.023999999999999133,1,0.07268341763133024,-0.008443803386432797,0.0,0.1666666666667037,1.0,,,,1.4593244074074074,,,0.0,6.0
0x95c8499569dac8faea4f9a21c553184b4202f511,0.027796548105535075,0.015102949,0,18235.454999999998,15,1764833611,0.0011323343394898336,0.00141541792436229,0.0011323343394898336,0.0011323343394898336,0.006431241061229043,-0.025413024487438395,0.0011323343394898336,-0.02485132859713625,0.022884513038850453,14.670000000000012,0.0014149324797042531,0.0007354256484556291,0.0016975306199186726,-0.08214013517306831,-0.08533801005636996,0.014600000000000012,1,0.07268341763133024,-0.003829798249198713,0.0011323343394898336,0.0,7.9054,19694448.0,19694448.0,4.487707506747131,122.00698268814335,15305916.0,,,0.0
0x969097f45ae54696d3a8726c6ae66f3716861306,0.027792881934293797,0.0150714815,0,18.5,3,1764879011,-0.0010020040070130248,-0.0020040080140260497,-0.0010020040070130248,-0.0010020040070130248,-0.002824430531397816,0.0,-0.0010020040070130248,0.0,1.0,,-0.0010020040070130248,0.0,-0.0010020040070130248,,,-0.008100000000000007,0,0.07268341763133024,,-0.0010020040070130248,0.20444356999634358,4.999999,9670421.0,9670421.0,2.181003452466118,15.851990627118642,5236489.0,,0.07142857142857142,14.0
0x5fdf9e1f2d849628f6d0f0729430626a23712c5b,0.027790768033928662,0.015053336,0,47127.429198,17,1764830651,-1.9556409105293598e-10,-7.822563641753127e-10,-1.9556409105293598e-10,-1.9556409105293598e-10,-1.7706767196923365e-06,0.0,-1.9556409105293598e-10,0.0,0.0,-48.017507472000915,-0.00038284837744437326,0.0,-0.0007656965593246554,,,-0.1784000000000006,1,0.07268341763133024,-0.006458673612499103,-1.9556409105293598e-10,0.11551137668960006,25.192394,,,,28.745638666666668,,,0.5454545454545454,11.0
0x9fff9fde99509a519bac4a8456d01f60fbbd740f,0.027790768033928662,0.015053336,0,425.42796,12,1764824007,0.0,1.238571084070488e-05,0.0,0.0,0.00011140256681105221,0.0,0.0,0.0,0.0,-39.97200000000003,-0.006188520421558192,0.0,-0.012377040843116385,,,-0.11360000000000037,1,0.07268341763133024,-0.00973765988081583,0.0,0.04954524752481486,12.135,43039691.0,43039691.0,9.828819062565085,54.714284483772815,38660763.0,0.0,0.5517241379310345,58.0
0x822e62e3b5d5077c0a8a6bd122d276ece1c65feb,0.027790768033928662,0.015053336,0,2456.39897,5,1764826759,-1.4834925281753422e-07,-1.5615710822898385e-07,-1.4834925281753422e-07,-1.4834925281753422e-07,-7.911259019119725e-05,0.0,-1.4834925281753422e-07,0.0,0.0,-47.49712999999987,-0.00475464480439498,0.0,-0.009509141259537142,,,-0.04716839793574351,1,0.07268341763133024,-0.0065579725366334525,-1.4834925281753422e-07,0.01028280825417242,36.233000000000004,31256532.0,31256532.0,7.133458399517993,269.64349691659885,26874852.0,0.0,0.7912087912087912,273.0
0x7d0c9f5642d77c1fb43fa41e9ab60e2da39db629,0.02778645815305178,0.015016335,0,139.58,2,1764937153,0.0020040080140259382,0.0030060120210389633,0.0020040080140259382,0.0020040080140259382,0.004251142968809859,-0.08829096613147513,0.0020040080140259382,-0.09160000000000013,0.0,,0.0020040080140259382,-0.00010000000000012272,0.0020040080140259382,0.0023090338685248487,-0.08959096613147513,,1,0.07268341763133024,-0.025799048682358442,0.0020040080140259382,0.02069839253217707,67.5429,17383355.0,17383355.0,3.8697837569016005,43.88071386503068,12891281.0,,0.0625,64.0
0x98ec089d1d8ad2bf49ba18bf5ad3773085698fd6,0.027782159984129303,0.01497943,0,2004.39092,4,1764838439,5.241989294212493e-09,1.5725967882637478e-08,5.241989294212493e-09,5.241989294212493e-09,6.875496236467785e-06,-0.045600238556642664,5.241989294212493e-09,-0.04494797667721771,0.0,0.6690200000000377,0.00012525508761726748,-0.0008477459678330622,0.0002505049332452407,-0.08549096613147494,-0.08889096613147496,,1,0.07268341763133024,-0.004854189714413748,5.241989294212493e-09,0.027906949064753463,6.0,6129716.0,6129716.0,1.3952227907569605,38.70489501351352,1736356.0,,0.22727272727272727,110.0
0x7b676d5a6379855773d405fcf19b9aa577651b07,0.027779656351972753,0.01495793,0,44415.022,7,1764192773,0.005338797382370791,0.005672472218768966,0.005338797382370791,0.005338797382370791,0.009829815775430467,-0.025889460138726793,0.005338797382370791,-0.02496363362023256,0.0,33.84179999999977,0.006280501054932307,0.005062360014026408,0.007222204727493823,-0.07045254354950274,-0.07388315469370947,-0.0028,1,0.07268341763133024,-0.004085259583937508,0.005338797382370791,0.0,1.8018,8055348.0,8055348.0,2.149414546651888,488.62824675857183,4307654.0,0.0,,0.0
0xd3cf2464729c5021a99f60238a54abaa5744a583,0.02777797263756573,0.01494347,0,6.547816999999999,4,1764640412,-0.00012251140402325792,-0.0001227783134019982,-0.00012251140402325792,-0.00012251140402325792,-0.010638722305253819,0.0,-0.00012251140402325792,0.0,0.0,-5.985359960010653,-0.1150871565150615,0.0,-0.23005180162609976,,,-0.04221768682825276,1,0.07268341763133024,-0.028473754318336226,-0.00012251140402325792,0.04967672802189524,0.999999,19289193.0,19289193.0,4.597774002683458,3.311350128205128,15093860.0,,0.39416058394160586,137.0
0xd5707ff4ff6476f0ea344a46770c84b4436fb90a,0.02777096859957902,0.0148833105,0,996.97674,7,1764824777,0.0,0.0,0.0,0.0,0.0,0.0,0.0,0.0,0.0,-23.500000000000018,-0.0029433867706007604,0.0,-0.005886773541201521,,,0.06899999999999984,1,0.07268341763133024,-0.011731701096659015,0.0,0.04286251549103308,14.468870500000001,5348765.0,5348765.0,1.2212634295789344,46.870001020270266,969067.0,,0.3142857142857143,70.0
0x24a58862b5d13458cf117e42b5245c5c18f3b3bb,0.027770272800101293,0.014877333,0,4.5,4,1764877703,-0.00033400133567100824,-0.0006680026713420166,-0.00033400133567100824,-0.00033400133567100824,-0.0011570145663561072,0.0,-0.00033400133567100824,0.0,1.0,0.7500000000000007,-8.350033391775203e-05,0.0,0.00016700066783550418,,,-0.008000000000000007,1,0.07268341763133024,-0.018144120082104084,-0.00033400133567100824,0.0,15.678673,4855914.0,4855914.0,1.095494226444652,134.6874632616919,423290.0,,,0.0
0xdfe3fedc5c7679be42c3d393e99d4b55247b73c4,0.027752314936098223,0.014723017,0,37708.232098,37,1764826479,-3.3426474625150185e-05,-5.013971193772621e-05,-3.3426474625150185e-05,-3.3426474625150185e-05,-0.00038822748075868584,-0.01810093684623474,-3.3426474625150185e-05,-0.01759595654039473,0.0,36.73503833981258,0.0024224401056534444,0.011527596546605564,0.004878306685932038,-0.056215168471392754,-0.05831516514766401,0.20209996099827032,1,0.07268341763133024,-0.0023445579309499046,-3.3426474625150185e-05,0.0,8.4726,43191939.0,43191939.0,9.858022321632355,575.3226266798971,38810539.0,0.0,,0.0
0x13098c1768ddd0ed2e17dc4a437e126c8eab2c97,0.027751881995433107,0.014719295,0,32.299998,4,1764828443,-1.552514452766019e-06,-1.6526767775646821e-06,-1.552514452766019e-06,-1.552514452766019e-06,-0.0002337682111943025,0.0,-1.552514452766019e-06,0.0,0.0,-0.9392990430956594,-0.003884120021785402,0.0,-0.007766687529118038,,,-0.22819973787768977,1,0.07268341763133024,-0.008212105896785983,-1.552514452766019e-06,0.13217478074939512,3.399255,,,,3.3006599871794866,,,0.42857142857142855,14.0
0x9b0a4d16627936c3b240c76b8943b2a42e542254,0.027751881995433107,0.014719295,0,6.691954999999999,7,1764829335,-0.0019142775891370753,-0.0025032930592871535,-0.0019142829276901762,-0.002208787993488665,-0.006530027909149514,0.0,-0.002356040526387909,0.0,0.0,-4.036030017000003,-0.0051081716136377915,0.0,-0.007713044829435295,,,-0.1205999998098601,1,0.07268341763133024,-0.0042728242184135005,-0.0022087879934886813,0.042164412883271205,3.3,116566928.0,116566928.0,26.58761897115497,7.714681955932203,112182672.0,0.0,0.3977272727272727,81.0
0xca972b9bf601b72506d4c3e98bee9518a6afecce,0.027751881995433107,0.014719295,0,4008.0,3,1764862167,-0.00033400133567100824,-0.0006680026713420166,-0.00033400133567100824,-0.00033400133567100824,-0.001157014566356107,0.0,-0.00033400133567100824,0.0,1.0,0.0,-0.00033400133567100824,0.0,-0.00033400133567100824,,,-0.007400000000000006,1,0.07268341763133024,-0.010502770821902287,-0.00033400133567100824,0.0747432616238514,19.999999,,,,57.57880561333333,,,0.4146341463414634,41.0
0x2c9452f60bbc8decfde2d3d6992dc89fe38147d3,0.02775017987415977,0.014704663,0,666.666666,2,1764851743,-0.0020040072700380687,-0.0030060112770510933,-0.0020040072700380687,-0.0020040072700380687,-0.004251141916652123,0.0,-0.0020040072700380687,0.0,0.0,,-0.0020040072700380687,0.0,-0.0020040072700380687,,,-0.01599999383650083,0,0.07268341763133024,,-0.0020040072700380687,0.08539781553778071,2.3332,4491660.0,4491660.0,1.019288060083546,4.005814878787879,84996.0,,0.3125,16.0
0xf3c73de1742b665c3676aab2a8e34c3fdcbba919,0.02774836454158053,0.014689057,0,2.0,2,1764879839,-0.0010020040070130248,-0.0020040080140260497,-0.0010020040070130248,-0.0010020040070130248,-0.0028340953125400112,0.0,-0.0010020040070130248,0.0,1.0,,-0.0010020040070130248,0.0,-0.0010020040070130248,,,-0.008000000000000895,0,0.07268341763133024,,-0.0010020040070130248,0.03541278011020638,0.999999,11840272.0,11840272.0,2.669878866049121,2.0016329078947366,7405512.0,,0.5789473684210527,57.0
0x1440ca8ac6367f37f7f700087da24bfe0c5b7712,0.02774836454158053,0.014689057,0,5.28,1,1764828587,-0.032064128224416795,-0.03306613223142982,-0.032064128224416795,-0.032064128224416795,-0.03306613223142982,0.0,-0.032064128224416795,0.0,0.0,,-0.032064128224416795,0.0,-0.032064128224416795,,,-0.25390000000000024,0,0.07268341763133024,,-0.032064128224416795,0.02080220456023714,4.9,14224674.0,14224674.0,3.2450434674694333,16.254042561972746,9841166.0,,0.5253164556962026,157.0
0x95b7eeb039775b9a0058f02dc7e58ca249a1c651,0.02774836454158053,0.014689057,0,2.51496,2,1764873835,-0.001002004007013136,-0.0020040080140261607,-0.001002004007013136,-0.001002004007013136,-0.0028340953125401682,0.0,-0.001002004007013136,0.0,0.0,,-0.001002004007013136,0.0,-0.001002004007013136,,,-0.008000000000000906,0,0.07268341763133024,,-0.001002004007013136,0.02795617254047491,1.0089000000000001,10029799.0,10029799.0,2.2646989357733864,2.1729094616788323,5601043.0,,0.75,76.0
0x51ec7ad62f3e44e15fbbcb947ec81bc6f68805fd,0.02774836454158053,0.014689057,0,257.604786,6,1764834815,-0.011641112854475628,-0.012643116861488652,-0.011641112854475628,-0.011641112854475628,-0.0286228140549268,0.0,-0.011641112854475628,0.0,0.0,,-0.011641112854475628,0.0,-0.011641112854475628,,,-0.08189991006469995,0,0.07268341763133024,,-0.011641112854475628,0.04118782676273237,14.999999,9973755.0,9973755.0,2.2720626023979573,27.587793573132778,5584019.0,,0.5416666666666666,120.0
0x34a9b8ab09d930e9b14d01875e2364e3896a9e88,0.027746125678349734,0.014669809,0,18589.301484,17,1764819437,-0.01161260564401045,-0.012614609651023479,-0.01161260564401045,-0.01161260564401045,-0.03969690493706191,0.0,-0.01161260564401045,0.0,0.0,,-0.01161260564401045,0.0,-0.01161260564401045,,,0.20389999943652776,0,0.07268341763133024,,-0.01161260564401045,0.016432209116027302,11.157176,14558260.0,14558260.0,3.328090659246454,102.57184083189345,10183902.0,,0.430939226519337,178.0
0xd7c0f5c990284b78fb1df4d8ccf558a63d3b55ff,0.027743319872682196,0.014645684,0,3070.999882,10,1764827873,5.273630851907172e-05,0.00010547261703814344,5.273630851907172e-05,5.273630851907172e-05,0.00045974772408870055,0.0,5.273630851907172e-05,0.0,0.0,-118.4999655890001,-0.0030719372182250932,0.0,-0.006196610744969258,,,-0.06509846387808157,1,0.07268341763133024,-0.019879305128195336,5.273630851907172e-05,0.19668145694675707,0.68066,32948834.0,32948834.0,7.517769258605355,84.645290387538,28566040.0,0.0,0.12195121951219512,41.0
0x182791cb28239d43fef481613c113e77536b0ede,0.027738652192164728,0.0146055445,0,23.579996,4,1764896189,5.857943525927234e-11,3.00109293734661e-06,5.857943525927234e-11,5.857943525927234e-11,0.00012262067212779416,-0.04471916938866436,5.857943525927234e-11,-0.044368960037336994,0.0,7.6907808240545e-07,1.2275548253887293e-08,0.001158304522242344,2.4492517072515312e-08,0.005230316807883988,-0.0866697027118643,,1,0.07268341763133024,-0.017107422339966417,5.857943525927234e-11,0.06005762447553815,10.999989,,,,12.325346223255817,,,0.14814814814814814,27.0
0xad978e0f9aa7c198a979e9f3b7a3a9cc6b995a29,0.027738652192164728,0.0146055445,0,14.024796,4,1764899605,-5.824005105932929e-07,2.3301144460606823e-06,-5.824005105932929e-07,-5.824005105932929e-07,9.664133075196745e-05,-0.04502002894701306,-5.824005105932929e-07,-0.04492298776966077,0.0,-0.0035193807204402816,-0.00012573806579071605,0.0008035969796931273,-0.0002508937310708388,0.003918317966428735,-0.08778171419263413,,1,0.07268341763133024,-0.017832219615271833,-5.824005105932929e-07,0.13473708998349795,3.839988,,,,4.24456537254902,,,0.16666666666666666,12.0
0x26f44335d56f3d92de6d29f65c4d7b53f125ad3a,0.027738652192164728,0.0146055445,0,65.2787,9,1764903279,-1.6062537039625815e-07,6.425014815849612e-07,-1.6062537039625815e-07,-1.6062537039625815e-07,5.0745997243524e-05,-0.04535425423818906,-1.6062537039625815e-07,-0.044851182958492795,0.0,-0.008732000000000717,-0.00012539104807573502,0.0009534345335263511,-0.0002506214707810738,0.0036180904218983557,-0.08868190957810165,,1,0.07268341763133024,-0.018611758605164137,-1.6062537039625815e-07,0.10935466299847393,12.111069,30328224.0,30328224.0,6.8027957471625315,13.569610637931037,25870024.0,0.0,0.21428571428571427,14.0
0x86fe39e7a0c596649c82609901759a3ec174922d,0.027738652192164728,0.0146055445,0,28.0238,4,1764904225,-4.008550501452e-07,1.603420200580978e-06,-4.008550501452e-07,-4.008550501452e-07,8.016566511687578e-05,-0.04501196984730939,-4.008550501452e-07,-0.04491201055435903,0.0,-0.009369999999999486,-0.0001256012490454982,0.0009063118886333734,-0.00025080164304085124,0.003618090421898283,-0.08878190957810173,,1,0.07268341763133024,-0.018812478225316048,-4.008550501452e-07,0.09580483987327824,10.1308545,30326134.0,30326134.0,6.800883846368789,10.736356375,25866988.0,0.0,0.07692307692307693,13.0
0xcda8d1ec269686f657bfcb65831bb90307134902,0.027734255529774352,0.01456773,0,2580.0,2,1765002333,0.0,-0.0010020040070130248,0.0,0.0,-0.0014170476562700056,0.0,0.0,0.0,1.0,,0.0,0.0,0.0,,,0.0,0,0.07268341763133024,,0.0,0.1551366660699408,7.0,5186309.0,5186309.0,1.138033780868918,15.257983222222224,629055.0,,0.25,32.0
0xb5e37437b86ef4f3b4100e72c2c294455f2ea274,0.027725447566582552,0.014491958,0,509.986665,5,1764832795,-0.035070137624063955,-0.03607214163107698,-0.035070137624063955,-0.035070137624063955,-0.07706145927152455,0.0,-0.035070137624063955,0.0,0.0,,-0.035070137624063955,0.0,-0.035070137624063955,,,-0.26739997040291236,0,0.07268341763133024,,-0.035070137624063955,0.08986425505566273,15.869999,4486896.0,4486896.0,1.0226040153920628,26.19261696688742,99180.0,,0.14285714285714285,28.0
0x12d6cccfc7470a3f4bafc53599a4779cbf2cf2a8,0.02772109839234885,0.014454534,0,27189.774,9,1764926725,0.0002973596838593901,0.000441022890410667,0.0002973596838593901,0.0002973596838593901,0.0022993170933140604,-0.04846796311940114,0.0002973596838593901,-0.050306750031206174,0.0,4.566000000000173,0.00042321659121033754,0.000819516335707759,0.0005490734985612849,0.0025802287383176006,-0.08925310549857036,,1,0.07268341763133024,-0.02358646496254436,0.0002973596838593901,0.0,38.0,23132352.0,23132352.0,5.161575010609941,696.3989764410004,18650706.0,0.0,,0.0
0x0c44044e2c63bdbeb291347cab1320c37e409b54,0.02772047350263143,0.014449157,0,48.31826,11,1764691974,-0.01108314819746758,-0.01200674388058988,-0.01108314819746758,-0.01108314819746758,-0.012506017400991104,-0.00028601421188630686,-0.01108314819746758,0.0005981790965032775,0.0,0.8144366666666666,-0.009765207623406968,0.0007617628573067836,-0.008447267049346356,7.371600015111828,7.3646,0.19734999991944993,2,0.07268341763133024,0.026222342173059354,-0.01108314819746758,0.01792564827212391,3.339,12869059.0,12869059.0,3.030227731083533,7.8361508,8622164.0,0.0,0.3548387096774194,155.0
0x919d214d20f8454eedb576aec5cd237330b660e1,0.02771798825665459,0.014427769,0,407.13772,4,1764830609,0.009707648620877155,0.010041649956548162,0.009707648620877155,0.009707648620877155,0.02134604704102678,-0.040738678128203386,0.009707648620877155,-0.03974256910343035,0.0,1.0129399999999844,0.010130552762070387,0.025399390896569656,0.010553456903263618,-0.05682008638110894,-0.05822008638110895,,1,0.07268341763133024,-0.003192842329858295,0.009707648620877155,0.0,9.999999,94492142.0,94492142.0,21.54634491156143,95.87611736452462,90106612.0,,,0.0
0x26519b477f1cd031919e18f33fd8d3fcb48c3471,0.02771720057679678,0.01442099,0,1599.2,10,1764835233,0.0020708082811602513,0.002805611219636469,0.0020708082811602513,0.0020708082811602513,0.007484198345651972,-0.049832680522276226,0.0020708082811602513,-0.04764730470502378,0.0,-0.2666666666666595,0.0020040080140260514,0.0005126952949762282,0.0019372077468918516,-0.08514553219945101,-0.08864553219945101,-0.030199999999999567,1,0.07268341763133024,-0.004291920165362413,0.0020708082811602513,0.0,8.6,13687614.0,13687614.0,3.117798145577581,134.03305203587277,9297460.0,,,0.0
0x975be0173dbbc98c457dedd6f5dacec77e852d5f,0.02771364606185236,0.014390396,0,19.999996,2,1764902869,0.00300604834809908,0.0040080523551121044,0.00300604834809908,0.00300604834809908,0.005668241999300963,-0.09069392970597027,0.00300604834809908,-0.09149392910537014,0.0,,0.00300604834809908,0.0008060708946298572,0.00300604834809908,0.003618137936034983,-0.08948186931484621,,1,0.07268341763133024,-0.01852476595795242,0.00300604834809908,0.021374865435172363,33.5,38537724.0,38537724.0,8.645029039052984,338.3694421738643,34079934.0,0.0,0.24242424242424243,293.0
0x3ddc37283c850867848a3fd29e49a056638e7b90,0.027713217818682582,0.01438671,0,109.726731,4,1764691698,-4.0227128560775604e-05,-4.031524932438344e-05,-4.0227128560775604e-05,-4.0227128560775604e-05,-0.006079669220160013,0.0,-4.0227128560775604e-05,0.0,0.0,-99.77263993500571,-0.1143889059633593,0.0,-0.2287375847981578,,,-1.0431921508595463,1,0.07268341763133024,-0.005110924112282471,-4.0227128560775604e-05,0.01664784527106012,7.0965945,,,,20.706380400662255,,,0.5338983050847458,118.0
0x24c8cf69a0e0a17eee21f69d29752bfa32e823e1,0.027709595104091884,0.014355524,0,66526.466206,37,1764818935,0.0014745179402849298,0.0018456766576249266,0.0014745179402849298,0.0014745179402849298,0.01311076114606469,-0.02204938625659965,0.0014745179402849298,-0.021718389506502664,0.025758184629548243,-19.942328048000046,0.0008714871252587472,-0.015611134221511686,0.0002684563102325645,-0.056928662666422686,-0.068909072743513,0.22944999940299926,2,0.07268341763133024,-0.000751531601033897,0.0014745179402849298,0.0,25.48543,84216163.0,84216163.0,19.25444344761236,769.0093009407825,79842307.0,,,0.0
0xdf70a83666a8a196e854eda69083d3974c4e7350,0.027696066978552744,0.014239036,0,32.722396,4,1764829629,-4.286397891642051e-06,8.183223574360734e-06,-4.286397891642051e-06,-4.286397891642051e-06,0.0004149612087114918,-0.03630528128700187,-4.286397891642051e-06,-0.03463993836634969,0.0,-0.09239925657845363,-0.0013814950228074941,0.013028601396990011,-0.0027587036477233462,-0.06665294451743714,-0.06925294451743716,,1,0.07268341763133024,-0.002984908685303462,-4.286397891642051e-06,0.04928967961475627,7.479999,,,,19.693302393626183,,,0.2692307692307692,52.0
0x56d198e4e481b0956dc36381609405eda3cb5fbb,0.027694454574746966,0.014225148,0,6.0,2,1764917871,-0.0020040080140260497,-0.0030060120210390743,-0.0020040080140260497,-0.0020040080140260497,-0.004251142968810016,0.0,-0.0020040080140260497,0.0,0.0,,-0.0020040080140260497,0.0,-0.0020040080140260497,,,-0.016100000000000014,0,0.07268341763133024,,-0.0020040080140260497,0.04499336491116657,10.0,,,,22.812838834024898,,,0.8484848484848485,66.0
0xb98a866e6c4522c69a12b93d5d5fda0ab1c80550,0.027694454574746966,0.014225148,0,9.73,2,1764833219,-0.03406813623844285,-0.03507014024545587,-0.03406813623844285,-0.03406813623844285,-0.0495966679694502,0.0,-0.03406813623844285,0.0,0.0,,-0.03406813623844285,0.0,-0.03406813623844285,,,-0.26740000000000025,0,0.07268341763133024,,-0.03406813623844285,0.03804755352824459,17.8699,,,,67.5074169971738,,,0.5294117647058824,128.0
0x3cbe3dd52da8b6dd47a83bb99f7d77f8202393f6,0.027694454574746966,0.014225148,0,1.6,2,1764358775,-0.9999999989989979,-1.001002003006011,-0.9999999989989979,-0.9999999989989979,-1.4156306086137342,0.0,-0.9999999989989979,0.0,0.0,,-0.9999999989989979,0.0,-0.9999999989989979,,,-0.02684018986379169,0,0.07268341763133024,,-0.9999999989989979,0.1057527741734388,6.5,,,,69.19994248160536,,,0.6923076923076923,39.0
0xf2aa8381a08ec33467fbcdd0843aa31cb8d521fb,0.027694454574746966,0.014225148,0,11.76,2,1764194703,-0.9939879749569197,-0.9949899789639328,-0.9939879749569197,-0.9939879749569197,-1.4071283226761144,0.0,-0.9939879749569197,0.0,0.0,,-0.9939879749569197,0.0,-0.9939879749569197,,,0.005763555787602334,0,0.07268341763133024,,-0.9939879749569197,0.0788265976910872,5.0,,,,81.40250882020057,,,0.74,50.0
0x2cc41188cf03826d674ed108d472e2987583e092,0.027694454574746966,0.014225148,0,680.0,2,1764884715,-0.004008016028052099,-0.005010020035065124,-0.004008016028052099,-0.004008016028052099,-0.007085238281350029,0.0,-0.004008016028052099,0.0,0.0,,-0.004008016028052099,0.0,-0.004008016028052099,,,-0.03230000000000003,0,0.07268341763133024,,-0.004008016028052099,0.011489294330551163,2.8,,,,4.441672924514738,,,0.5037037037037037,270.0
0xe1e24a2ae12c8af2f41ac91fea3928423e039629,0.027694454574746966,0.014225148,0,1666.666666,2,1764854283,-0.002004007716430824,-0.003006011723443849,-0.002004007716430824,-0.002004007716430824,-0.0042511425479468115,0.0,-0.002004007716430824,0.0,0.0,,-0.002004007716430824,0.0,-0.002004007716430824,,,-0.015699997534898796,0,0.07268341763133024,,-0.002004007716430824,0.03632622303939821,25.471244499999997,77564654.0,77564654.0,17.591532167710998,124.38106812317073,73155450.0,,0.5521739130434783,226.0
0xfcd51f3bd4a9b74911e1c6458af028f5d03f5542,0.027694454574746966,0.014225148,0,20.04,5,1764919461,-0.0020040080140260497,-0.0030060120210390743,-0.0020040080140260497,-0.0020040080140260497,-0.006421484954710938,0.0,-0.0020040080140260497,0.0,0.0,,-0.0020040080140260497,0.0,-0.0020040080140260497,,,-0.01600000029880001,0,0.07268341763133024,,-0.0020040080140260497,0.006448762450345822,9.8,29062449.0,29062449.0,6.495299015595897,20.42249968226333,24588067.0,0.0,0.5379939209726444,325.0
0x97342d2ce450ec481373b37807b3c3687b2cada3,0.027694454574746966,0.014225148,0,333.333333,2,1764931007,-0.0020040065230440864,-0.0030060105300571114,-0.0020040065230440864,-0.0020040065230440864,-0.004251140860243102,0.0,-0.0020040065230440864,0.0,0.0,,-0.0020040065230440864,0.0,-0.0020040065230440864,,,-0.016099987947200006,0,0.07268341763133024,,-0.0020040065230440864,0.10893576742712555,1.999998,,,,3.6104453684210527,,,0.5483870967741935,31.0
0xdb2f43d4b106fdf1ec59394a570c8a8137ff09fc,0.027694454574746966,0.014225148,0,19.999998,2,1764832351,-0.03406813294184961,-0.035070136948862636,-0.03406813294184961,-0.03406813294184961,-0.04959666330736333,0.0,-0.03406813294184961,0.0,0.0,,-0.03406813294184961,0.0,-0.03406813294184961,,,-0.2593999733509998,0,0.07268341763133024,,-0.03406813294184961,0.1168995270931549,12.49,,,,73.17898710666665,,,0.5789473684210527,19.0
0x259b561d0a3b688a053e2e1353f894fd48a2dafc,0.027694454574746966,0.014225148,0,2500.0,2,1764855601,-0.0030060120210390743,-0.004008016028052099,-0.0030060120210390743,-0.0030060120210390743,-0.005668190625080022,0.0,-0.0030060120210390743,0.0,0.0,,-0.0030060120210390743,0.0,-0.0030060120210390743,,,-0.02400000000000002,0,0.07268341763133024,,-0.0030060120210390743,0.14577278304999397,7.635714,27740695.0,27740695.0,6.289662538810599,156.10986371348318,23330173.0,0.0,0.5,24.0
0xd53ad7d8d1f084ae86d9dcc6f1f4e402136b8dc7,0.027694454574746966,0.014225148,0,3.06,1,1764603974,-0.9498997986483466,-0.9509018026553597,-0.9498997986483466,-0.9498997986483466,-0.9509018026553597,0.0,-0.9498997986483466,0.0,0.0,,-0.9498997986483466,0.0,-0.9498997986483466,,,-0.031068855904958566,0,0.07268341763133024,,-0.9498997986483466,0.05705705545542912,4.9404,,,,11.50855675862069,,,0.6527777777777778,72.0
0x991c22d8d9a44bf6686a1e30c2a3d471b64bf05b,0.027694454574746966,0.014225148,0,3.161215,2,1764582234,-0.9498997875544666,-0.9509017915614796,-0.9498997875544666,-0.9498997875544666,-1.3447782101111183,0.0,-0.9498997875544666,0.0,0.0,,-0.9498997875544666,0.0,-0.9498997875544666,,,-0.02085199631759117,0,0.07268341763133024,,-0.9498997875544666,0.018439480034165106,29.97,30163347.0,30163347.0,7.2908428618217105,196.8085307085427,26026192.0,,0.915129151291513,271.0
0xafe132bc61db74d4bc1cf3baf0068892b6ef7d0d,0.027694454574746966,0.014225148,0,1000.0,2,1764866827,-0.0010020040070130248,-0.0020040080140260497,-0.0010020040070130248,-0.0010020040070130248,-0.002834095312540011,0.0,-0.0010020040070130248,0.0,1.0,,-0.0010020040070130248,0.0,-0.0010020040070130248,,,-0.008000000000000895,0,0.07268341763133024,,-0.0010020040070130248,0.022900040995438922,11.999999,27119880.0,27119880.0,6.133293891917857,14.876507930107529,22698132.0,,0.5144508670520231,173.0
0x9bdb831c23e1fc7d5145d837c1462b61970ea90d,0.027694454574746966,0.014225148,0,1382.2160000000001,6,1764835721,-0.003409148732665728,-0.004411152739678752,-0.003409148732665728,-0.003409148732665728,-0.009416077288735421,0.0,-0.003409148732665728,0.0,0.0,,-0.003409148732665728,0.0,-0.003409148732665728,,,-0.01739999706983324,0,0.07268341763133024,,-0.003409148732665728,0.05404252734538755,17.206385,,,,44.78257386799461,,,0.5128205128205128,39.0
0xfcf2b76079ad4e08ce3d5c0b1656c8e6d1029ada,0.027692288483207286,0.01420649,0,265.157893,4,1764826507,-0.015552842124540365,-0.01655484613155339,-0.015552842124540365,-0.015552842124540365,-0.030355100214876547,0.0,-0.015552842124540365,0.0,0.0,,-0.015552842124540365,0.0,-0.015552842124540365,,,0.14734999574872537,0,0.07268341763133024,,-0.015552842124540365,0.046543465590914504,9.999349,43120071.0,43120071.0,9.841556451458292,29.162056349705306,38738643.0,,0.38524590163934425,111.0
0x8d915b552326cabcd65c55d8d8d217a2873e6581,0.027692288483207286,0.01420649,0,1.999998,2,1764824743,-0.028056084503978597,-0.02905808851099162,-0.028056084503978597,-0.028056084503978597,-0.04109434286888217,0.0,-0.028056084503978597,0.0,0.0,,-0.028056084503978597,0.0,-0.028056084503978597,,,0.05240022938711103,0,0.07268341763133024,,-0.028056084503978597,0.026677008798425016,0.999999,,,,1.2698300333333334,,,0.47761194029850745,67.0
0x887fd9f61a11c5ee69275f34c3e803b9ddafa4cb,0.027692288483207286,0.01420649,0,22.0,3,1764826163,-0.017368069454892433,-0.018370073461905456,-0.017368069454892433,-0.017368069454892433,-0.02996229644230704,0.0,-0.017368069454892433,0.0,0.0,,-0.017368069454892433,0.0,-0.017368069454892433,,,0.11850393595289638,0,0.07268341763133024,,-0.017368069454892433,0.06695883186246518,2.5,,,,24.42776526640159,,,0.46153846153846156,52.0
0x09896d27365d7ddea148eb31ba579ab290c31b82,0.027688766800457083,0.014176152,0,15500.0,5,1765094131,-3.7681876601394606e-17,-0.0010020040070130624,-3.7681876601394606e-17,-3.7681876601394606e-17,-0.0019633024683588262,0.0,-3.7681876601394606e-17,0.0,1.0,,-3.7681876601394606e-17,0.0,-3.7681876601394606e-17,,,0.0,0,0.07268341763133024,,-3.7681876601394606e-17,0.10264089669901166,1.87725,4955077.0,4955077.0,1.065825247813963,23.047119209677415,306025.0,,0.05357142857142857,56.0
0xc1b399b26020a4f689108e9640fd3dc8ffc8501c,0.027686153630948247,0.014153638,0,6494.31276,5,1764818487,0.01830781063529647,0.01930981464230949,0.01830781063529647,0.01830781063529647,0.042056569456000614,-0.07317185891509197,0.01830781063529647,-0.07447472595785957,0.0,,0.01830781063529647,-0.07026766909380107,0.01830781063529647,-0.06191163960421999,-0.06495164734338663,,1,0.07268341763133024,-0.0006208304530280019,0.01830781063529647,0.0,6.4322,24161543.0,24161543.0,5.524648740753206,112.6881548238719,19788135.0,,,0.0
0x8b0dc8d0ad687fc0db511d9f0147e0c8454f1744,0.02767697171191785,0.014074515,0,526.6460000000001,16,1764677946,0.0,0.0,0.0,0.0,0.0,-0.03880355216838437,0.0,-0.11075355223880545,0.0,-0.25631111111111227,-0.0005390445063847144,-0.10780355223880547,-0.0010780890127694287,7.205646561082844,7.20034656,,1,0.07268341763133024,0.029198763770829965,0.0,0.012146195254611589,4.5166,43042563.0,43042563.0,10.168654720311316,11.25742530748965,38809696.0,0.0,0.4785276073619632,322.0
0x52399fb802c6b7909215460a0874c122d4375752,0.027676128867571835,0.01406725,0,6.599543,4,1764735335,-0.00023035323507626223,-0.0002308507582674033,-0.00023035323507626223,-0.00023035323507626223,-0.014651239498682129,0.0,-0.00023035323507626223,0.0,0.0,-6.0838199360317695,-0.11618352167295871,0.0,-0.23213669011084115,,,-1.0361312860176284,1,0.07268341763133024,-0.019608991390274052,-0.00023035323507626223,0.015599181602843872,2.204,,,,2.8300628220858894,,,0.42857142857142855,84.0
0x2ec2c318df2fd48956132a8cc902ca1097a9a000,0.02767277470223623,0.014038339,0,499.99283999999994,3,1764800121,-0.8933920496532954,-0.8943940536603084,-0.8933920496532954,-0.8933920496532954,-1.4455525855614784,0.0,-0.8933920496532954,0.0,0.0,,-0.8933920496532954,0.0,-0.8933920496532954,,,-1.0539725293724684,0,0.07268341763133024,,-0.8933920496532954,0.06741588256950928,19.799995,14162412.0,14162412.0,3.2519576160229913,59.16524374705882,9807370.0,0.0,0.6555555555555556,90.0
0x1d9a2c92bf630cc92b1b20a950008e84aa56db3f,0.027671473682406567,0.014027124,0,367.2093,4,1764799833,-0.015589478486798376,-0.015623703467010886,-0.015589478486798376,-0.015589478486798376,-0.11955344957680489,0.0,-0.015589478486798376,0.0,0.0,-364.40000000000003,-0.12774399997455668,0.0,-0.23989852146231497,,,-1.0440222906694505,1,0.07268341763133024,-0.010384375950819025,-0.015589478486798376,0.06726300242061896,22.432049,160383826.0,160383826.0,36.82959496678802,172.98283701704995,156029072.0,,0.5760869565217391,92.0
0xcbe2bedfe0580be4b8a0762fd031a20d37bcf885,0.027665494206777066,0.013975574,0,20.0,4,1764630980,-0.9193386764344496,-0.9203406804414624,-0.9193386764344496,-0.9193386764344496,-1.840681360882925,0.0,-0.9193386764344496,0.0,0.0,,-0.9193386764344496,0.0,-0.9193386764344496,,,0.024122578212071165,0,0.07268341763133024,,-0.9193386764344496,0.026979945278716326,5.1,,,,8.017296161434977,,,0.3867924528301887,106.0
0xb7cb8bb29780840e3589c2d86320a6057c8ae02f,0.027658284792295377,0.013913405,0,194.8,3,1764584718,0.013026052091169322,0.013360053426840329,0.013026052091169322,0.013026052091169322,0.02314029132712214,-0.016596623119587487,0.013026052091169322,-0.015866809863171176,0.0,-90.8,-0.06279225110614949,0.017066523470162163,-0.13861055430346828,-0.04473728299976387,-0.04653728299976388,-0.019701139952953146,1,0.07268341763133024,-0.0029229529463136545,0.013026052091169322,0.0,36.0185185,31133039.0,31133039.0,7.520713521154864,428.08352830466237,26993400.0,0.0,,0.0
0x53a36163321e0f1b820c9702cc6c3ebf1293ba00,0.027656533501932076,0.013898301,0,111.676,4,1764881417,-0.00020835622073994844,-0.001170583131066256,-0.00020835622073994844,-0.00020835622073994844,-0.002130267794134928,0.0,-0.00020835622073994844,0.0,1.0,0.1100000000000001,-0.00015626716555496131,0.0,-0.00010417811036997422,,,-0.008000000000000007,1,0.07268341763133024,-0.026305303453692964,-0.00020835622073994844,0.025643894439541064,49.55,15468473.0,15468473.0,3.486766112050074,33.129371137931045,11032135.0,,0.09523809523809523,63.0
0x2200b75c27835935a40308779b5656c09ab40f2d,0.027656522055944228,0.013898202,0,1273.7,7,1764828355,0.008149632590372591,0.009686038734459229,0.008149632590372591,0.008149632590372591,0.032623236013247084,-0.04215058964196399,0.008149632590372591,-0.04091645718510833,0.0,2.2499999999999796,0.008901135595632353,0.011683538832542664,0.009652638600892114,-0.05831383842913902,-0.0599138240263144,,1,0.07268341763133024,-0.002714594947382179,0.008149632590372591,0.0,11.256910999999999,16954369.0,16954369.0,3.867967474555561,181.52869573771065,12571093.0,0.0,,0.0
0x4d1bcbaeed22c6da173b1a356c3c6d2270081419,0.02765224319867944,0.013861295,0,3741.019475,12,1764829427,0.0038449389165786576,0.004171211887556607,0.004054697545884577,0.003914878992229391,0.017259028877481188,-0.032450756258174784,0.004054697545884577,-0.03168181240916494,0.0,25.65092952999998,0.007043349197367621,0.022866911908336007,0.009822242219544747,-0.05287866959202916,-0.05513866959202918,,1,0.07268341763133024,-0.002942048893262568,0.004054697545884577,0.0,32.239523,31164320.0,31164320.0,7.108085398330607,154.52204673268747,26779972.0,0.0,,0.0
0x4b5faccc9a9704b5c10ceb20cbdd6b4da27d1ae6,0.027646579822690944,0.013812437,0,1000.0,2,1764854559,-0.0030060120210390743,-0.004008016028052099,-0.0030060120210390743,-0.0030060120210390743,-0.005668190625080022,0.0,-0.0030060120210390743,0.0,0.0,,-0.0030060120210390743,0.0,-0.0030060120210390743,,,-0.02420000000000002,0,0.07268341763133024,,-0.0030060120210390743,0.20412361047373223,21.15,,,,129.762969309213,,,0.25806451612903225,31.0
0xe6fd18067d9b8768ee4dc45e926cf54867288bc3,0.027646579822690944,0.013812437,0,1000.0,2,1764941815,-0.0020040080140260497,-0.0030060120210390743,-0.0020040080140260497,-0.0020040080140260497,-0.004251142968810016,0.0,-0.0020040080140260497,0.0,0.0,,-0.0020040080140260497,0.0,-0.0020040080140260497,,,-0.01600000029880001,0,0.07268341763133024,,-0.0020040080140260497,0.19357192064592657,27.296,34229940.0,34229940.0,7.6121746973805,85.75514683054467,29733204.0,0.0,0.2222222222222222,8.0
0xe6fc22ef3b2cbd640cfc5a6ca977e144eef66034,0.027645368940723555,0.013801989,0,5.482454,2,1764797749,-0.9128256416161159,-0.9138276456231288,-0.9128256416161159,-0.9128256416161159,-1.2923474501117036,0.0,-0.9128256416161159,0.0,0.0,,-0.9128256416161159,0.0,-0.9128256416161159,,,-1.0472384266654762,0,0.07268341763133024,,-0.9128256416161159,0.06191897959179982,4.999998,19722533.0,19722533.0,4.531134453105794,8.891910275362319,15369863.0,,0.9459459459459459,37.0
0x8d13c7a6b01bf8612a160d41add62005857dc3dc,0.0276376315445398,0.01373522,0,683.9586919999999,7,1764826167,-0.0076144551393832124,-0.007948457110852413,-0.0076144551393832124,-0.0076144551393832124,-0.019800221581110215,0.0,-0.0076144551393832124,0.0,0.0,0.06058958794141897,-0.007595645202551993,0.0,-0.007576835265720773,,,0.09864127967303554,1,0.07268341763133024,-0.002442583791954326,-0.0076144551393832124,0.0,38.596365,,,,1072.7843785248228,,,,0.0
0xb779436770333f8d584dd8a61fba3910c324ab22,0.0276363492867905,0.013724153,0,166.5,3,1764783459,0.0,0.0,0.0,0.0,0.0,3.5335000000414976,0.0,-0.05119999770111985,0.0,132.3,0.1104709417731859,-0.05094999770111985,0.2209418835463718,7.0682,7.0656,,1,0.07268341763133024,0.006811312099489035,0.0,0.0,18.396742500000002,36457799.0,36457799.0,8.403551325610021,112.05997424555014,32119419.0,0.0,,0.0
0x6ba760564dc8ddefafbfbf04a9bcddcea3b9ab1f,0.027630340397766445,0.013672285,0,1059.5550190000001,3,1764924237,-0.002004007864026028,-0.0030060118710390537,-0.002004007864026028,-0.002004007864026028,-0.00507700311682943,0.0,-0.002004007864026028,0.0,0.0,,-0.002004007864026028,0.0,-0.002004007864026028,,,-0.016099999999999115,0,0.07268341763133024,,-0.002004007864026028,0.1982601255392589,27.55,,,,60.061583863157885,,,0.058823529411764705,17.0
0xa95c277f15519e5b4c6833bd9144f3a0f395517a,0.027628547892298988,0.01365681,0,2373.47236,8,1764363093,-4.2388807329204727e-10,-4.2346418521875525e-07,-4.2388807329204727e-10,-4.2388807329204727e-10,-0.0006510671989935313,0.0,-4.2388807329204727e-10,0.0,0.0,-0.7674666666666236,-0.00024399039886382852,0.0,-0.00048798037383958375,,,-0.027040550684128972,2,0.07268341763133024,0.08136104027929307,-4.2388807329204727e-10,0.013298178414611457,97.14998800000001,41203302.0,41203302.0,10.516374367217677,274.3964429771574,37285288.0,0.0,0.26258992805755393,278.0
0x3764e839f3d535e3c283f7c3f0fabd6f13db9d7e,0.02762835361030722,0.013655133,0,2548.353279,6,1764903625,-1.7031919622385042e-09,-5.1161082996575546e-09,-1.7031919622385042e-09,-1.7031919622385042e-09,-5.546004191783791e-06,0.0,-1.7031919622385042e-09,0.0,0.0,-3.548879669336524,-0.00017023549086148376,0.0,-0.00034046927853100526,,,-0.03410212766714952,1,0.07268341763133024,-0.018741186690040105,-1.7031919622385042e-09,0.04755346919888808,45.92115,15326237.0,15326237.0,3.437496663710546,34.638904406315795,10867691.0,,0.21428571428571427,70.0
0x6f350ec52a12866ffcfdf425f8e833ff9e831a03,0.027627563119588916,0.013648308,0,1000.0,2,1764867177,-0.0010020040070130248,-0.0020040080140260497,-0.0010020040070130248,-0.0010020040070130248,-0.002834095312540011,0.0,-0.0010020040070130248,0.0,1.0,,-0.0010020040070130248,0.0,-0.0010020040070130248,,,-0.008100000000000895,0,0.07268341763133024,,-0.0010020040070130248,0.18367346938775508,1.56,,,,2.4460963793103447,,,0.16666666666666666,6.0
0xcb59ea1babf3b26ea50088057e427ab0ed8f0a22,0.027627047176595972,0.013643853,0,26664.305,12,1764818195,0.005172805461595891,0.006174809468608916,0.005172805461595891,0.005172805461595891,0.04940576023470559,-0.00048591575396166037,0.005172805461595891,-0.0005599298849842193,0.0,,0.005172805461595891,-4.495602696120299e-05,0.005172805461595891,0.01663103111807146,0.014747696832004721,,2,0.07268341763133024,-0.0005588747140381945,0.005172805461595891,0.0,63.821475,29042642.0,29042642.0,6.641178052445899,677.0083818566121,24669526.0,0.0,,0.0
0x448861155279dbf833d041b963e3ac854599e319,0.027621387520170463,0.013594984,0,32011.81614,7,1764820867,1.3331797417344757e-17,0.001002004007013038,1.3331797417344757e-17,1.3331797417344757e-17,0.0019447987733021478,-0.09352115856091979,1.3331797417344757e-17,-0.09321831583601131,0.0,,1.3331797417344757e-17,-0.0908576819200972,1.3331797417344757e-17,-0.09084285714285714,-0.09061428838754333,,1,0.07268341763133024,-0.0011258121612325966,1.3331797417344757e-17,0.0,17.03988,36291512.0,36291512.0,8.293708927397763,727.6622382329647,31915724.0,0.0,,0.0
0x6e6a209301d1a67bfe85ad44ce64118506ce2720,0.02762135333246544,0.013594689,0,449.1,4,1764737901,-0.898997995092085,-0.899999999099098,-0.898997995092085,-0.898997995092085,-1.7680943808734964,0.0,-0.898997995092085,0.0,0.0,,-0.898997995092085,0.0,-0.898997995092085,,,-1.0368937937839067,0,0.07268341763133024,,-0.898997995092085,0.02568853337896776,31.867739999999998,34322636.0,34322636.0,7.995355036849886,124.72438945510838,30029814.0,,0.56,100.0
0x2fad7b1d61059f7f72ae362598996f148ff4bdac,0.02762135333246544,0.013594689,0,9.999997,2,1764717073,-0.9238476036457492,-0.9248496076527624,-0.9238476036457492,-0.9238476036457492,-1.3079348582979724,0.0,-0.9238476036457492,0.0,0.0,,-0.9238476036457492,0.0,-0.9238476036457492,,,-1.0368209739809258,0,0.07268341763133024,,-0.9238476036457492,0.1430661697660543,1.999994,,,,3.109769869565217,,,0.5625,16.0
0x7253c6ad13c23d35c69f626c34404470103889ed,0.02762135333246544,0.013594689,0,456.992985,4,1764691904,-0.9148296601343804,-0.9158316641413935,-0.9148296601343804,-0.9148296601343804,-1.6178016685431145,0.0,-0.9148296601343804,0.0,0.0,,-0.9148296601343804,0.0,-0.9148296601343804,,,-1.0427552480224933,0,0.07268341763133024,,-0.9148296601343804,0.02298836445417886,30.0,24976283.0,24976283.0,5.881166047576719,94.49837305770782,20729458.0,,0.5088967971530249,274.0
0x963aa0ac0f2e7a78ae8bf7841a27b5016d08fc4c,0.02762135333246544,0.013594689,0,71.040938,3,1764678926,-0.9118236454507699,-0.9128256494577829,-0.9118236454507699,-0.9118236454507699,-1.5488603607082632,0.0,-0.9118236454507699,0.0,0.0,,-0.9118236454507699,0.0,-0.9118236454507699,,,-1.0237579661958558,0,0.07268341763133024,,-0.9118236454507699,0.015601356783172262,19.999999,25133095.0,25133095.0,5.93623128091308,35.57349383585658,20899248.0,,0.55625,480.0
0x26f5d23d19e896d7447db782183cecf149993177,0.02762135333246544,0.013594689,0,18.2,2,1764676298,-0.9108216423748386,-0.9118236463818518,-0.9108216423748386,-0.9108216423748386,-1.2895133672057038,0.0,-0.9108216423748386,0.0,0.0,,-0.9108216423748386,0.0,-0.9108216423748386,,,-1.0453328825600345,0,0.07268341763133024,,-0.9108216423748386,0.06339681405597765,26.21178,38091084.0,38091084.0,9.002390091366106,46.22567842011834,33859865.0,0.0,0.6491228070175439,57.0
0xe6e3b8ce74ac1f09645973c3e88149e4be39ad31,0.02762135333246544,0.013594689,0,11.248585,2,1764786863,-0.8897795524374805,-0.8907815564444936,-0.8897795524374805,-0.8897795524374805,-1.2597553582356176,0.0,-0.8897795524374805,0.0,0.0,,-0.8897795524374805,0.0,-0.8897795524374805,,,-1.0450070661422715,0,0.07268341763133024,,-0.8897795524374805,0.08049342162019141,3.7,,,,6.785529043478261,,,0.5272727272727272,55.0
0x02296ad2681920a30c20f3d7270363499f321b17,0.02762135333246544,0.013594689,0,645.679284,7,1764812409,-0.20354092994026785,-0.20454293394728082,-0.20354092994026785,-0.20354092994026785,-0.9273887007756854,0.0,-0.20354092994026785,0.0,0.7743782592845273,,-0.20354092994026785,0.0,-0.20354092994026785,,,-1.0493403365282088,0,0.07268341763133024,,-0.20354092994026785,0.024983048189576845,13.99119,33948112.0,33948112.0,7.773195980152633,19.921382902702707,29580782.0,0.0,0.5714285714285714,91.0
0xd6321c049c527e8a622d6aa35f514ae74f798afb,0.027621129873147354,0.013592759,0,2192.2,8,1764835279,0.0010930952803778352,0.0013663691004722964,0.0010930952803778352,0.0010930952803778352,0.004716380147760378,-0.058057807838847175,0.0010930952803778352,-0.056386276905533064,0.0,1.6000000000000014,0.001457460373837117,0.0011004902740547734,0.0018218254672963986,-0.08380314798699172,-0.0874364768400631,,1,0.07268341763133024,-0.004183709799318572,0.0010930952803778352,0.0,5.8773,42815177.0,42815177.0,9.752443396656188,45.27649903098927,38424977.0,0.0,,0.0
0xb4763416499108750f49f22278c75cb4ff0b2d87,0.02761587498736515,0.013547376,0,333.333333,2,1764944345,-0.0020040065230440864,-0.0030060105300571114,-0.0020040065230440864,-0.0020040065230440864,-0.004251140860243102,0.0,-0.0020040065230440864,0.0,0.0,,-0.0020040065230440864,0.0,-0.0020040065230440864,,,-0.01569998764959997,0,0.07268341763133024,,-0.0020040065230440864,0.037688679804349354,4.999999,10251356.0,10251356.0,2.27845075174484,17.152351075235114,5752090.0,,0.3944954128440367,218.0
0x11c8ff6bc070a6c177145d1189c3999ad64960fb,0.02761587498736515,0.013547376,0,500.0,2,1764956027,-0.0010020040070130248,-0.0020040080140260497,-0.0010020040070130248,-0.0010020040070130248,-0.0028340953125400112,0.0,-0.0010020040070130248,0.0,1.0,,-0.0010020040070130248,0.0,-0.0010020040070130248,,,-0.007700000000000007,0,0.07268341763133024,,-0.0010020040070130248,0.0642809536974081,1.0058445,18487445.0,18487445.0,4.098350280251513,3.130907734375,13976497.0,,0.47560975609756095,82.0
0xb200608f66af7ee01d157c8e51c27bedaa0620cb,0.02761587498736515,0.013547376,0,65.589996,6,1764832791,-0.03303814219775071,-0.03404014620476374,-0.03303814219775071,-0.03303814219775071,-0.07376968204603908,0.0,-0.03303814219775071,0.0,0.0,,-0.03303814219775071,0.0,-0.03303814219775071,,,-0.24977529448061192,0,0.07268341763133024,,-0.03303814219775071,0.02191179940388692,1.999999,14342362.0,14342362.0,3.268756472621722,2.6796188241379313,9954650.0,,0.4765625,127.0
0xbdadedcbe74b0692db4273e82ea75f55420f56c7,0.02761587498736515,0.013547376,0,1.0,1,1764833595,-0.019038076133247473,-0.020040080140260496,-0.019038076133247473,-0.019038076133247473,-0.020040080140260496,0.0,-0.019038076133247473,0.0,0.0,,-0.019038076133247473,0.0,-0.019038076133247473,,,-0.14400000000000013,0,0.07268341763133024,,-0.019038076133247473,0.09454181250576392,4.65,9708495.0,9708495.0,2.212250109148514,13.193165694285716,5319979.0,,0.375,72.0
0xe685c62e7c103acc17e765c72e764c319593b715,0.02761587498736515,0.013547376,0,8256.0,2,1764838039,-0.004008016028052155,-0.0050100200350651795,-0.004008016028052155,-0.004008016028052155,-0.007085238281350106,0.0,-0.004008016028052155,0.0,0.0,,-0.004008016028052155,0.0,-0.004008016028052155,,,-0.02509999781355124,0,0.07268341763133024,,-0.004008016028052155,0.04577501536972339,40.76446,15053730.0,15053730.0,3.4267851289335662,60.64428033333333,10660770.0,,0.4262295081967213,61.0
0x2f70b46893ddbded13dd6dd103b80ad6374c63b2,0.02761587498736515,0.013547376,0,80.262701,5,1764880857,-0.0010020040070130248,-0.0020040080140260497,-0.0010020040070130248,-0.0010020040070130248,-0.004116101338894597,0.0,-0.0010020040070130248,0.0,1.0,,-0.0010020040070130248,0.0,-0.0010020040070130248,,,-0.008000000000000007,0,0.07268341763133024,,-0.0010020040070130248,0.11735333039836421,34.994,13064394.0,13064394.0,2.9452317045623113,198.04919082820976,8628616.0,,0.4909090909090909,55.0
0xe9100162c21d75008282af544354477e2d97a9b8,0.02761152547916191,0.013509805,0,5000.0,2,1765007487,0.0,-0.0010020040070130248,0.0,0.0,-0.0014170476562700056,0.0,0.0,0.0,1.0,,0.0,0.0,0.0,,,0.0,0,0.07268341763133024,,0.0,0.17992474051868845,1.325128,,,,14.218109881355932,,,0.0,10.0
0x9f2c90803b62a0c5c3a82f2aa14a9bfa790f047c,0.027606986057752237,0.013470588,0,87.260362,4,1764698058,-3.7702339941285734e-06,-3.7785476302909873e-06,-3.7702339941285734e-06,-3.7702339941285734e-06,-0.001855150385650747,0.0,-3.7702339941285734e-06,0.0,0.0,-39.57240994200048,-0.11360550308334476,0.0,-0.22720723593269537,,,-1.042999704482222,1,0.07268341763133024,-0.00618326762205811,-3.7702339941285734e-06,0.057764566229269364,30.69,19040160.0,19040160.0,4.476899603783607,53.25050330769231,14787181.0,,0.4107142857142857,56.0
0x071fa21b7bcb89627695761c6a7df80cb73c91ac,0.027605646652501602,0.013459016,0,16.0,4,1764865033,0.0,0.0,0.0,0.0,0.0,0.0,0.0,0.0,1.0,0.0,0.0,0.0,0.0,,,-0.008000000000000007,1,0.07268341763133024,-0.010508711783175282,0.0,0.07432882234731683,63.879085,26171810.0,26171810.0,5.921285606139793,73.21327206666668,21751856.0,,0.3225806451612903,31.0
0x74471a007ddcc488f6d57b5e86dfb35a8d48a16d,0.027605551368069893,0.013458192,0,44536.947799,56,1764825865,-0.0034400821401281054,-0.0038632853337342006,-0.0034400821401281054,-0.0034400821401281054,-0.02209345760058818,0.0,-0.0034400821401281054,0.0,0.0,21.163119958643357,-0.0029895960498310904,0.0,-0.0025391099595340754,,,0.12739996099827028,1,0.07268341763133024,-0.002853358828544282,-0.0034400821401281054,0.0,18.0,,,,1020.7629585752113,,,,0.0
0xbc7c974eea213c5d59ccc93c8b1aa7c76d95c08e,0.0276030301115168,0.013436407,0,2052.743166,8,1764828385,0.0,2.0521958547947116e-08,0.0,0.0,9.069307514203764e-06,-0.0025671437502285096,0.0,-0.0024907173492027925,0.0,2.822587073999984,0.0013253938982824333,4.2685173481472435e-05,0.0026507877965648665,-0.08515129843389493,-0.08858190896476811,-0.2515000000000011,1,0.07268341763133024,-0.004089927482080575,0.0,0.022025296584253347,5.0,9996902.0,9996902.0,2.280676274939509,22.02795588833541,5613596.0,,0.3148936170212766,155.0
0x2c3928af89565c352afe8e2a1b25deed77a056dc,0.027602072088379757,0.013428128,0,17770.508467,7,1764818695,0.0,-2.5393658204618415e-05,0.0,0.0,-0.00015951347050875304,-0.015873118114504495,0.0,-0.016113462385334412,0.0,37.024500858500055,0.0016162632860339354,0.004264090669970325,0.003232526572067871,0.04222077019597211,0.00925410143815375,,2,0.07268341763133024,-0.0006649633081988236,0.0,0.0,14.482758,28527165.0,28527165.0,6.522558221846637,536.787002267595,24153549.0,0.0,,0.0
0xaf4635074c8f9966ff44f2497183b53fc0578c1d,0.02759792792464906,0.013392314,0,398.8,2,1764845891,0.0020040080140260497,0.0030060120210390743,0.0020040080140260497,0.0020040080140260497,0.004251142968810016,-0.08959548306573752,0.0020040080140260497,-0.09029548306573751,0.0,,0.0020040080140260497,0.0009045169342624967,0.0020040080140260497,-0.087190966131475,-0.08929096613147501,,1,0.07268341763133024,-0.006435334121783765,0.0020040080140260497,0.0,1.4847145,28558507.0,28558507.0,6.489372188587016,28.342280434673366,24157695.0,0.0,,0.0
0x4d0121458bb2f96c6440c0f3835d675ad3ce1645,0.02759792792464906,0.013392314,0,7474.1614,2,1764835141,0.004008016028052099,0.005010020035065124,0.004008016028052099,0.004008016028052099,0.007085238281350028,-0.09019245285001591,0.004008016028052099,-0.0884773579367142,0.0,,0.004008016028052099,0.001722641449952276,0.004008016028052099,-0.08403920025585691,-0.0874698107867301,,1,0.07268341763133024,-0.004154429347330238,0.004008016028052099,0.0,5.907983,32273768.0,32273768.0,7.351551754849932,87.31693794637575,27883706.0,,,0.0
0xa81eefec9c08fa157d855f1ac5caf8feab1903dc,0.027595089701867852,0.013367783,0,50576.13615,18,1764834677,0.0,0.0006292599137389364,0.0003146299568694681,0.00047194493530420216,0.0015881069926413454,-0.0461062704973198,0.00047194493530420216,-0.04483391582751977,0.0,182.0317450000004,0.00200312290356518,0.006968523222653568,0.003062355936521956,-0.06803408725789553,-0.07144927334236534,,1,0.07268341763133024,-0.004055979131949174,0.00047194493530420216,0.0,9.805,,,,683.9354192969924,,,,0.0
0x47bd5ec0302813338f17c6cb87a509f342f7a2d4,0.027593558968010454,0.013354552,0,1.9999989999999999,2,1764829067,-0.05010017515726431,-0.05110217916427734,-0.05010017515726431,-0.05010017515726431,-0.07226939484094082,0.0,-0.05010017515726431,0.0,0.0,,-0.05010017515726431,0.0,-0.05010017515726431,,,-0.3881997962456992,0,0.07268341763133024,,-0.05010017515726431,0.20378308657094957,6.0,,,,7.66245279032258,,,0.0,7.0
0x2a67a2ff15ad33bcb3a13b0a21191b41e7526c0e,0.027593256645170344,0.013351939,0,187.62400000000002,4,1764936483,0.0,0.0,0.0,0.0,0.0,-0.044095483065737504,0.0,-0.04529774025899732,0.0,0.0940000000000053,0.0002505010017532701,0.0004522584671312484,0.0005010020035065402,0.0020090338685249936,-0.08959096358373213,,1,0.07268341763133024,-0.025656889966183198,0.0,0.027576831257120866,39.960595,15793635.0,15793635.0,3.516413798446989,26.052827801204817,11302231.0,,0.08064516129032258,62.0
0xfb62d55912bf2dc07979c98f04e3136683274f95,0.027590848843759244,0.013331125,0,4070.0,11,1764831931,-0.020729012003298332,-0.021731016010311344,-0.020729012003298332,-0.020729012003298332,-0.07283211193927673,0.0,-0.020729012003298332,0.0,0.0,,-0.020729012003298332,0.0,-0.020729012003298332,,,-0.23854593700000024,0,0.07268341763133024,,-0.020729012003298332,0.1696959599940245,2.01,95887460.0,95887460.0,21.85791998453561,11.06196156976744,91500608.0,0.0,0.2222222222222222,8.0
0xaa45ddf2af92611a47b2159fb3408df7f89d0339,0.027589467216269106,0.01331918,0,500.0,2,1764855439,-0.0030060120210390743,-0.004008016028052099,-0.0030060120210390743,-0.0030060120210390743,-0.0056681906250800225,0.0,-0.0030060120210390743,0.0,0.0,,-0.0030060120210390743,0.0,-0.0030060120210390743,,,-0.02400000000000002,0,0.07268341763133024,,-0.0030060120210390743,0.11019214659959221,2.999999,20103150.0,20103150.0,4.558165319837836,7.3124261099290795,15692790.0,,0.46956521739130436,115.0
0xa18d9584e5dbe2f7e38e585fc54e688e5d8ab16a,0.027587210971895582,0.013299674,0,1054.65054,43,1764828753,-0.00027556664455945045,-0.0003668564969918581,-0.00027556664455945045,-0.00027556664455945045,-0.002899456284253051,-0.030929127129874234,-0.00027556664455945045,-0.02999471376975372,0.0,0.8585538461538472,0.0020686821612766167,0.013221048014439874,0.004412930967112684,-0.06277783529009356,-0.06462733255842519,-0.03210000000000003,1,0.07268341763133024,-0.00279904146833404,-0.00027556664455945045,0.0,14.61076,9865371.0,9865371.0,2.250480076757533,47.64100794087777,5481697.0,,,0.0
0x72a22d4d155079da8f50c89d4c6c03b6428e7b65,0.027576442070576523,0.013206549,0,1389.199,12,1764198885,4.801657110464977e-18,-4.324948234689717e-05,4.801657110464977e-18,4.801657110464977e-18,-0.0002081733763304646,-0.02732854804350067,4.801657110464977e-18,-0.01219659993876104,0.0,1.2903333333333549,0.0001674187461648649,-0.005827614230063701,0.00033483749232972505,-0.037360636326933885,-0.06796063652603389,,3,0.07268341763133024,0.1308445797852003,4.801657110464977e-18,0.0,93.2019,107239400.0,107239400.0,28.568178536663854,336.93712252130325,103485594.0,,,0.0
0xd4231d77c680681be8b41a71276dec2dd1669c16,0.027572086754286677,0.013168876,0,11.94,3,1764819437,0.013026052091169287,0.014028056098182314,0.013026052091169287,0.013026052091169287,0.024297305893478182,-0.08111142298490442,0.013026052091169287,-0.07910197767775758,0.0,,0.013026052091169287,-0.07780197757934953,0.013026052091169287,-0.07647620628783171,-0.0763762062878317,,1,0.07268341763133024,-0.0008223987819331972,0.013026052091169287,0.0,2.7,24567547.0,24567547.0,5.616263460832424,2.729295078733766,20193189.0,0.0,,0.0
0x0e1c52afb21c98190ea54cdc4d9b33e22370043c,0.027569370820677123,0.013145381,0,728.3960000000001,23,1764664802,0.0,0.0,0.0,0.0,0.0,0.0,0.0,0.0,0.0,-178.09104666666667,-0.11152996398321466,0.0,-0.22305992796642932,,,-1.0399248570032753,1,0.07268341763133024,-0.0043716987881712065,0.0,0.16372159735394232,14.4,,,,21.70140675342466,,,0.25,8.0
0xecf4d3d0a960f0f4460761fe4672a14479799979,0.027568538049605466,0.013138176,0,20881.29021,33,1764819549,-0.0006446117151579488,-0.000966917572736941,-0.0006446117151579488,-0.0006446117151579488,-0.0021805230817669246,-0.020324820883958702,-0.0006446117151579488,-0.019545459214084446,0.0,5.165160011727326,1.1482603042047555e-05,-0.018313731244249017,0.0006675769212420439,-0.07118476993473344,-0.07168477152307212,-0.11360000000000037,1,0.07268341763133024,-0.0008461626270251782,-0.0006446117151579488,0.0,45.6,35891557.0,35891557.0,8.204778407441358,203.9434251288275,31517087.0,0.0,,0.0
0xbb9c165825e9f233d1f611b50b193fe94513072b,0.02756711240571611,0.0131258415,0,45428.553192,44,1764817725,0.0018170499252081692,0.0019815149398164323,0.0018170499252081692,0.0018170499252081692,0.011237532593660216,-0.038361770176732,0.0018170499252081692,-0.03657026717882638,0.0,49.54507172866587,0.004294852732575323,-0.003933186790463356,0.006772655539942477,0.3062986708557554,0.30495077091063993,,1,0.07268341763133024,-0.00045915143552720304,0.0018170499252081692,0.0,30.3385,34351015.0,34351015.0,7.855887487804867,752.6437426684588,29978369.0,0.0,,0.0
0x2a3b6140eb49693de6a6da110841a4e8b7803035,0.027566325877945944,0.013119036,0,450.93056,5,1764524776,-0.9736127819956784,-0.9746147860026914,-0.9736127819956784,-0.9736127819956784,-2.085098193516965,0.0,-0.9736127819956784,0.0,0.0,,-0.9736127819956784,0.0,-0.9736127819956784,,,-0.06365469442122992,0,0.07268341763133024,,-0.9736127819956784,0.02806713466101025,23.7423445,44930947.0,44930947.0,11.01330490965383,236.1740552465062,40851250.0,0.0,0.4649122807017544,314.0
0x1b7c29a8f82c3f113086aee0f78fb2b460cc3293,0.027566325877945944,0.013119036,0,219.13,3,1764834005,-0.021861228024498455,-0.022863232031511478,-0.021861228024498455,-0.021861228024498455,-0.03755987505349221,0.0,-0.021861228024498455,0.0,0.0,,-0.021861228024498455,0.0,-0.021861228024498455,,,-0.1586852963993973,0,0.07268341763133024,,-0.021861228024498455,0.009385047759339772,4.999998,38600097.0,38600097.0,8.794884443255594,7.331203214431587,34211171.0,0.0,0.4296875,256.0
0x508dc33cc5b6073d3af45b0da102bb43af8573d3,0.027566325877945944,0.013119036,0,759.999998,4,1764824527,-0.008691801011186745,-0.00969380501819977,-0.008691801011186745,-0.008691801011186745,-0.033490821046083745,0.0,-0.008691801011186745,0.0,0.0,,-0.008691801011186745,0.0,-0.008691801011186745,,,-0.13354995279374862,0,0.07268341763133024,,-0.008691801011186745,0.08184436012626613,1.0,,,,2.2353486086956527,,,0.45,20.0
0xe77d7bb1781b9764fad80f78fe713d8055c7e7f3,0.027566325877945944,0.013119036,0,6.0,2,1764878253,-0.0010020040070130248,-0.0020040080140260497,-0.0010020040070130248,-0.0010020040070130248,-0.002834095312540011,0.0,-0.0010020040070130248,0.0,1.0,,-0.0010020040070130248,0.0,-0.0010020040070130248,,,-0.008000000000000007,0,0.07268341763133024,,-0.0010020040070130248,0.047575719477530504,19.999999,,,,21.735679911392403,,,0.4375,32.0
0x2335b27a27b84ca30aa43111387d53c208612bb4,0.027566325877945944,0.013119036,0,17.6,6,1764831403,-0.016633266516416213,-0.01763527052342924,-0.016633266516416213,-0.016633266516416213,-0.03962362953293949,0.0,-0.016633266516416213,0.0,0.0,,-0.016633266516416213,0.0,-0.016633266516416213,,,-0.20250000000000018,0,0.07268341763133024,,-0.016633266516416213,0.14401056185849564,2.999999,,,,6.742216954887218,,,0.4444444444444444,27.0
0x44e8fadb6ced502626737738fcdf350bae823cdd,0.027566325877945944,0.013119036,0,2.0,2,1764874943,-0.0010020040070130248,-0.0020040080140260497,-0.0010020040070130248,-0.0010020040070130248,-0.0028340953125400112,0.0,-0.0010020040070130248,0.0,1.0,,-0.0010020040070130248,0.0,-0.0010020040070130248,,,-0.00769999999640002,0,0.07268341763133024,,-0.0010020040070130248,0.11069999810282632,10.999999,56512338.0,56512338.0,12.757127081102263,31.078304306666674,52082474.0,0.0,0.3939393939393939,33.0
0x06785ab78588ebb29e168bc5ac32ff3121219fd0,0.027566325877945944,0.013119036,0,500.0,2,1764927577,-0.0030060120210390743,-0.004008016028052099,-0.0030060120210390743,-0.0030060120210390743,-0.0056681906250800225,0.0,-0.0030060120210390743,0.0,0.0,,-0.0030060120210390743,0.0,-0.0030060120210390743,,,-0.02420000000000002,0,0.07268341763133024,,-0.0030060120210390743,0.01686317460382491,34.8,24139320.0,24139320.0,5.3852383202401874,137.33444723773007,19656822.0,,0.39622641509433965,159.0
0x10863e1c3980e7092df9c66792ac3015450528a9,0.027566325877945944,0.013119036,0,1500.0,4,1764853867,-0.0010020040070130246,-0.00200400801402605,-0.0010020040070130246,-0.0010020040070130246,-0.004429545949564171,0.0,-0.0010020040070130246,0.0,0.6666666666666666,,-0.0010020040070130246,0.0,-0.0010020040070130246,,,-0.011749999999999566,0,0.07268341763133024,,-0.0010020040070130246,0.06304014442412412,1.8261980000000002,,,,2.086287890243902,,,0.4666666666666667,30.0
0xb7602567778a1300d22a4134f1899118acb51df2,0.027566325877945944,0.013119036,0,2.0,3,1764886169,-0.0030060120210390743,-0.004008016028052099,-0.0030060120210390743,-0.0030060120210390743,-0.00635406724614087,0.0,-0.0030060120210390743,0.0,0.0,,-0.0030060120210390743,0.0,-0.0030060120210390743,,,-0.02420000000000091,0,0.07268341763133024,,-0.0030060120210390743,0.038112275839778144,3.999999,30918237.0,30918237.0,6.961857787164862,15.18240108898305,26477147.0,0.0,0.4024390243902439,164.0
0xec751cdcdbc06b18064e8e88846077949c588786,0.027566325877945944,0.013119036,0,9.99,2,1765133351,0.0,-0.0010020040070130248,0.0,0.0,-0.0014170476562700054,0.0,0.0,0.0,1.0,,0.0,0.0,0.0,,,0.0,0,0.07268341763133024,,0.0,0.036047811170563444,22.05,32425952.0,32425952.0,6.916397342133733,99.4255974439411,27737680.0,0.0,0.4397590361445783,156.0
0x8cf4d3bd0f849bdd39ce68889259d9a584e65608,0.027566325877945944,0.013119036,0,573.28974,6,1764593038,-0.9416869756254234,-0.9426889796324363,-0.9416869756254234,-0.9416869756254234,-2.0996041668464374,0.0,-0.9416869756254234,0.0,0.0,,-0.9416869756254234,0.0,-0.9416869756254234,,,-0.5248735646178235,0,0.07268341763133024,,-0.9416869756254234,0.024309816049299274,19.0,28498539.0,28498539.0,6.870496791313511,153.6586603898594,24350580.0,0.0,0.41333333333333333,125.0
0x9ede0d5dbea0b864913d881bb23c86f95ebec417,0.027566325877945944,0.013119036,0,14.9994,1,1764525518,-0.9709418827956202,-0.9719438868026332,-0.9709418827956202,-0.9709418827956202,-0.9719438868026332,0.0,-0.9709418827956202,0.0,0.0,,-0.9709418827956202,0.0,-0.9709418827956202,,,-0.06295166605479456,0,0.07268341763133024,,-0.9709418827956202,0.02848689057434127,0.830286,20459235.0,20459235.0,5.0139788880559175,26.76589091762523,16378796.0,,0.41735537190082644,221.0
0x92e5a7768bf529531da12fbfc6c83b2cd09fd129,0.027566325877945944,0.013119036,0,34737.6206,15,1764858209,-0.001358260284118078,-0.002360264291131103,-0.001358260284118078,-0.001358260284118078,-0.008643239177164913,0.0,-0.001358260284118078,0.0,0.2721025728515211,,-0.001358260284118078,0.0,-0.001358260284118078,,,-0.016100000000000014,0,0.07268341763133024,,-0.001358260284118078,0.06486459279936503,4.678,33952055.0,33952055.0,7.693418276823932,25.145301307724957,29538925.0,0.0,0.38461538461538464,91.0
0xe50426e53bc1485ee7d1ae741c606e2b679770ef,0.027566325877945944,0.013119036,0,3732.3,1,1764539602,-0.957915830704451,-0.958917834711464,-0.957915830704451,-0.957915830704451,-0.958917834711464,0.0,-0.957915830704451,0.0,0.0,,-0.957915830704451,0.0,-0.957915830704451,,,-0.04249871774214232,0,0.07268341763133024,,-0.957915830704451,0.0433826054463239,18.92,24705518.0,24705518.0,6.033796366512045,272.5981746225473,20610995.0,0.0,0.3949579831932773,106.0
0xd65aa536b589fb704616dfb7b86922b458493384,0.027566325877945944,0.013119036,0,4000.0,4,1764854875,-0.0020040080140260497,-0.0030060120210390743,-0.0020040080140260497,-0.0020040080140260497,-0.006012024042078149,0.0,-0.0020040080140260497,0.0,0.5,,-0.0020040080140260497,0.0,-0.0020040080140260497,,,-0.016150000000000015,0,0.07268341763133024,,-0.0020040080140260497,0.11711269752113146,11.0,,,,17.470079120481927,,,0.42857142857142855,14.0
0xe767b972f6bdad023b0f6ef896893242330ed58c,0.027566325877945944,0.013119036,0,1.999998,2,1764832997,-0.03306610013924356,-0.034068104146256585,-0.03306610013924356,-0.03306610013924356,-0.04817957492797514,0.0,-0.03306610013924356,0.0,0.0,,-0.03306610013924356,0.0,-0.03306610013924356,,,-0.2590997405731847,0,0.07268341763133024,,-0.03306610013924356,0.14624540523823346,6.3,,,,15.013822805333334,,,0.4125,80.0
0xf4d0b62bafd9c9bf1b4b1d9ff849568ea3be4637,0.027562082319535754,0.013082317,0,9468.473411,13,1764929869,0.0023204306954283343,0.00332243470244136,0.0023204306954283343,0.0023204306954283343,0.011215825851902644,-0.0865091894296855,0.0023204306954283343,-0.09081408067903089,0.0,,0.0023204306954283343,0.0012176204878411845,0.0023204306954283343,0.002151938102886368,-0.08967041500170506,,1,0.07268341763133024,-0.024253550042626398,0.0023204306954283343,0.0,39.96,13490543.0,13490543.0,3.0080657065325243,121.2976752382883,9005753.0,0.0,,0.0
0x09a2106b64b0dd00c45e1005e692eb572b7deb8a,0.027561544641517013,0.013077664,0,22.023692,6,1764818851,5.037427382423297e-07,6.926462464191968e-07,5.037427382423297e-07,5.037427382423297e-07,8.737492779095697e-05,-0.041676192608819676,5.037427382423297e-07,-0.042285737410768104,0.0,0.031330003999497175,0.0007759685837628142,-0.039285548885066746,0.0015514334247873859,-0.07893270087478871,-0.0825327008747887,,1,0.07268341763133024,-0.0006980629495769399,5.037427382423297e-07,0.0536542358649345,10.099998,13492359.0,13492359.0,3.084833640162313,12.859854495726497,9118587.0,,0.1956521739130435,46.0
0xdb7118f26824cfbc472aa512c798f31b665410cd,0.027561306262709986,0.013075601,0,70.0,4,1764830837,0.006346025377749157,0.006680026713420165,0.006346025377749157,0.006346025377749157,0.011570145732524512,-0.02508974978784665,0.006346025377749157,-0.02347180328350612,0.0,-10.000000000000009,0.005511022038571637,0.005194863563160553,0.004676018699394116,-0.06884667959354832,-0.07041540985051836,-0.21890001148076987,1,0.07268341763133024,-0.0039036359107345107,0.006346025377749157,0.0,17.283244500000002,20053517.0,20053517.0,4.57241758437196,54.71995172599452,15667759.0,,,0.0
0xd362566464efa05a15a3d7ce3224067564879bc4,0.027560481046266353,0.01306846,0,2072.550625,162,1764446907,2.0013772809269015e-05,3.0020659213903514e-05,2.0013772809269015e-05,2.0013772809269015e-05,0.00030040383232660567,-0.001357811466257377,2.0013772809269015e-05,-0.001310789322294735,0.0,-0.30129803607692307,-0.0019399535017870298,0.0014153655844937809,-0.0038999207763833286,-0.04756227735073008,-0.048587277350730096,-0.2391507494699639,6,0.07268341763133024,0.0782042680714494,2.0013772809269015e-05,0.0,7.12729,35888589.0,35888589.0,8.968048851674785,6.3904879845896145,31886761.0,0.0,,0.0
0xd4f904ecac0ff22ac6601de6b972d4f8b6b4f619,0.027559969441346338,0.013064032,0,95882.934078,31,1764818787,-0.0009629776805563123,0.0004844242946712053,-0.0009629776805563123,-0.0009629776805563123,0.0024100094392388097,-0.04321120175917461,-0.0009629776805563123,-0.043355685906160873,0.0,-138.529584850833,-0.004013298479717237,-0.04195612497795448,-0.007063619278878161,-0.08723240078228035,-0.08956573519116938,0.12054999880599937,1,0.07268341763133024,-0.0008843545209230047,-0.0009629776805563123,0.0,28.850606,62352093.0,62352093.0,14.256117006439387,724.7524304149782,57978385.0,0.0,,0.0
0x793c61ad8897050e828ad173f2fd44fa706de8da,0.02754537547770756,0.0129377,0,225.00313400000002,81,1764446321,3.978097927821898e-05,4.972622409777373e-05,3.978097927821898e-05,3.978097927821898e-05,0.0004991286196943475,0.012087995188574082,3.978097927821898e-05,0.009279301082409182,0.000176684006405608,0.0180914507291667,0.0002560297617093184,0.009982627597368926,0.00047227854414041786,0.3599420723444509,0.3549900723557544,-0.015700001671814512,6,0.07268341763133024,0.07834430501574143,3.978097927821898e-05,0.0,8.86,33995658.0,33995658.0,8.496276406175882,7.1073353339041105,29994416.0,0.0,,0.0
0xbe1d335845a1821ea8c20def8966929b294e244b,0.027544917708881796,0.012933737,0,10.0,2,1764875431,0.0,0.0010020040070130248,0.0,0.0,0.0014170476562700056,-0.094303010027835,0.0,-0.09600750939032,0.0,,0.0,-0.005207509390319998,0.0,-0.00019999999999998909,-0.09100000000000001,,1,0.07268341763133024,-0.012703048264793737,0.0,0.0,63.216719999999995,31317875.0,31317875.0,7.068936057450966,195.80669394740025,26887523.0,,,0.0
0x5b37823d2b66c17f8ba6e292e430389c35086c21,0.02754445241853892,0.012929708,0,27.569996,4,1764902883,-3.733331226722449e-07,1.493441051555248e-06,-3.733331226722449e-07,-3.733331226722449e-07,7.736809869441025e-05,-0.045363849368499624,-3.733331226722449e-07,-0.04576399811133788,0.0,-0.009209464399287732,-0.00012556988350907682,0.00040319775365620797,-0.0002507664338954814,0.003618166637446302,-0.08948184499340524,,1,0.07268341763133024,-0.018527736438588918,-3.733331226722449e-07,0.09043797344573767,9.9696545,30327880.0,30327880.0,6.803322891719779,10.300690046875001,25870076.0,0.0,0.13333333333333333,15.0
0xed691d325d075f4563f6c6f5eae9a309b759f3ea,0.027540227079993602,0.012893118,0,55.865914000000004,2,1764815561,-0.8957915817315671,-0.8967935857385803,-0.8957915817315671,-0.8957915817315671,-1.2682576516006991,0.0,-0.8957915817315671,0.0,0.0,,-0.8957915817315671,0.0,-0.8957915817315671,,,-1.055601371998673,0,0.07268341763133024,,-0.8957915817315671,0.19886122346356885,19.999999,,,,84.4427711934605,,,0.14285714285714285,14.0
0x281c1ec35ae87c2e401530fbdf41546457669a91,0.027540227079993602,0.012893118,0,456.02958,10,1764792581,-0.9149446891439806,-0.9159466931509934,-0.9149446891439806,-0.9149446891439806,-2.4140753470567304,0.0,-0.9149446891439806,0.0,0.0,,-0.9149446891439806,0.0,-0.9149446891439806,,,-1.0430497925348003,0,0.07268341763133024,,-0.9149446891439806,0.1963548299611076,22.431884,42827322.0,42827322.0,9.851018354908176,66.9665670909091,38479820.0,0.0,0.3157894736842105,19.0
0x7a146c5e70c092d06be27097a5c770b49d0bd748,0.02753860564128594,0.0128790755,0,46090.508195,37,1764830943,-1.8694726038002988e-17,-0.00017701594960411286,-1.8694726038002988e-17,-1.8694726038002988e-17,-0.0006738882409913168,-0.0267346247461562,-1.8694726038002988e-17,-0.02591614652847379,0.3060182505702236,68.7908886296251,0.0026335832252403495,0.014024448857009451,0.005267166450480717,-0.06093219655342283,-0.06233219655342283,-8.881784197001252e-16,1,0.07268341763133024,-0.0032637095107575956,-1.8694726038002988e-17,0.0,26.25,34051591.0,34051591.0,7.763941380763288,110.65117596205765,29665727.0,0.0,,0.0
0x50b242e0b9ac75359464c5b3be62ad6b42d8c94a,0.02753860564128594,0.0128790755,0,2348.35,8,1764828209,-0.0002550555654214972,-0.0003825833481322458,-0.0002550555654214972,-0.0002550555654214972,-0.001072403908765213,-0.028171462681633487,-0.0002550555654214972,-0.027266752651237437,0.0,3.2249999999999837,0.0009200218609846793,0.008922336085663115,0.002095099287390856,-0.05781560402233552,-0.059348927753785786,-0.016100000000000014,1,0.07268341763133024,-0.0026836170778872753,-0.0002550555654214972,0.0,24.732,38910469.0,38910469.0,8.87732487970925,75.0953084075554,34527339.0,0.0,,0.0
0x06dcaa14f57d8a0573f5dc5940565e6de667af59,0.02753860564128594,0.0128790755,0,29102.754027,17,1764828119,-0.010354028551638722,-0.010688029472659328,-0.010354028551638722,-0.010354028551638722,-0.026180031077668475,-0.01009314991542708,-0.010354028551638722,-0.009851816799603076,0.0,-11.8069402109091,-0.01142994646283535,0.0032230422667669286,-0.012505864374031977,-0.0580557470944131,-0.05943073479891377,-0.2947499999636263,1,0.07268341763133024,-0.002664521130938362,-0.010354028551638722,0.0,25.974,33476428.0,33476428.0,7.637719026064102,296.10245885104166,29093388.0,0.0,,0.0
0x832bce13fa76d504c2b747587c274c996b423ae1,0.02753860564128594,0.0128790755,0,4407.32152,7,1764834109,-0.0006680026713420165,-0.0010020040070130246,-0.0006680026713420165,-0.0006680026713420165,-0.0024190516632830302,-0.02442318736880979,-0.0006680026713420165,-0.023815392584374217,0.0,4.119788000000012,0.0004786762408924793,0.0048389661706458665,0.001625355153126975,-0.0679737491377543,-0.07041540985051836,-0.016200000000000013,1,0.07268341763133024,-0.0039354624889827,-0.0006680026713420165,0.0,24.471179,33126426.0,33126426.0,7.547550597740275,110.42080593918918,28737396.0,,,0.0
0x6828e04b468e17d92fa1e5d60d59290278a81056,0.02753860564128594,0.0128790755,0,23738.715348,39,1764833559,-0.00019281419997674775,-0.00028922129996512163,-0.00019281419997674775,-0.00019281419997674775,-0.0009324176663039496,-0.018764950634013167,-0.00019281419997674775,-0.01787997180370407,0.0,-6.205432863999885,-0.0006182437225104658,0.005031156154699871,-0.001043673245044184,-0.06674439134032009,-0.06831312159729014,-0.1327000006511797,1,0.07268341763133024,-0.0038187650354060076,-0.00019281419997674775,0.0,23.1280475,22536127.0,22536127.0,5.135292174055709,124.72654898874825,18147647.0,,,0.0
0x4c2da46b289847e3e8377c6f4ca3d520c620f8ae,0.02753620064578897,0.0128582455,0,995.0,2,1764892047,0.0,0.0,0.0,0.0,0.0,-0.044242452774827676,0.0,-0.043638679275023864,0.0,0.0,0.0,0.002111320724976139,0.0,0.004930188599936371,-0.08626981140006364,,1,0.07268341763133024,-0.016228584425939763,0.0,0.0,12.7426,66808496.0,66808496.0,15.023381324084186,126.36613679219447,62361528.0,,,0.0
0x7df61ca342c9b53ba9b4c60745718ed48a77ac3b,0.02753070689036467,0.012810657,0,1854.2163600000001,12,1764723493,0.0,0.0,0.0,0.0,0.0,-0.0379597660915443,0.0,-0.037510703804630445,0.0,-0.666263999999981,-0.000437130179127013,0.0007407590579763313,-0.000874260358254026,-0.06638981523357342,-0.08726981140006362,-1.0388264393900164,2,0.07268341763133024,0.0030443182980334146,0.0,0.0,14.4535,36772580.0,36772580.0,8.594909235057663,65.67140244726349,32494166.0,0.0,,0.0
0xa1ffbb2952fcd18b3b4759ccddeb7fdf90f655bd,0.027527165510579966,0.012779975,0,47612.621496,13,1764830045,-0.0006680023309103841,-0.0010020034963655758,-0.0006680023309103841,-0.0006680023309103841,-0.0017355214073004413,-0.020880757418325426,-0.0006680023309103841,-0.02028497294354223,0.0,311.11337915200016,0.0014830653326266866,0.012097258366185863,0.0036341329961637574,-0.056211967122722056,-0.0579483307590857,,1,0.07268341763133024,-0.003073174395645106,-0.0006680023309103841,0.0,25.4,10177470.0,10177470.0,2.3209917705177188,337.3075132280419,5792504.0,0.0,,0.0
0x79add3f87e377b0899b935472c07d2c3816ba9f1,0.02752017660501549,0.012719414,0,52916.876476,13,1764830351,0.0005679232072220736,0.0011358464144441472,0.0005679232072220736,0.0005679232072220736,0.002113161764953468,-0.03622884040874218,0.0005679232072220736,-0.03739040213382923,0.0,12.54443837911106,0.0009082548256516181,0.001628222124258703,0.0012485864440811628,-0.04420698799080752,-0.06945698799073254,,2,0.07268341763133024,-0.0031381006152714106,0.0005679232072220736,0.0,16.15865,42184879.0,42184879.0,9.619672166287518,256.0280180913075,37799607.0,0.0,,0.0
0xcd9607c4a676b7815f10bb8bc25355414e47cbdc,0.027515957248876975,0.012682845,0,547.638678,33,1764818261,0.0011908297772912741,0.0013047069823844588,0.0011908297772912741,0.0011908297772912741,0.012706750087818115,-0.010483480875456377,0.0011908297772912741,-0.01046730324795088,0.0,13.403763980882355,0.008204274804492892,-0.008507813381192332,0.015217719831694508,-0.06770736028208926,-0.06919736024023326,0.1626000000240002,1,0.07268341763133024,-0.0005936717729228808,0.0011908297772912741,0.0,17.439999999999998,10206610.0,10206610.0,2.3339092678969227,72.28826180426918,5833428.0,,,0.0
0x364f935ccafae7bb980616b81999239ed816562c,0.02751208477584017,0.012649277,0,20.009976,4,1764974049,1.900368825048659e-09,3.800372820374076e-09,1.900368825048659e-09,1.900368825048659e-09,2.7598385424147498e-06,-0.0006483914288220101,1.900368825048659e-09,-0.04481137167068253,0.0,0.005010961996352056,0.00012527621370432728,0.0004516108064026603,0.00025055052703982947,0.0009032196001161514,-0.08962257339868386,,1,0.07268341763133024,-0.03362753822265959,1.900368825048659e-09,0.0,4.95958,8311903.0,8311903.0,1.8352744663797729,10.208585278724334,3782933.0,,,0.0
0x7552bbb944ef96658e5c9ad0c9b574fa5e545845,0.027507280671504184,0.012607628,0,500.0,2,1764864445,-0.0010020040070130248,-0.0020040080140260497,-0.0010020040070130248,-0.0010020040070130248,-0.0028340953125400112,0.0,-0.0010020040070130248,0.0,1.0,,-0.0010020040070130248,0.0,-0.0010020040070130248,,,-0.007999990080481167,0,0.07268341763133024,,-0.0010020040070130248,0.0,0.6318,4845158.0,4845158.0,1.096346851561966,1.4645061279491833,425792.0,,,0.0
0x54e891b9a1a79eaaf7b3e8cc74364821f18a0fe0,0.027499133465738998,0.012536978,0,21.691961,2,1764718115,-0.9228456885189137,-0.9238476925259268,-0.9228456885189137,-0.9228456885189137,-1.3065179363372548,0.0,-0.9228456885189137,0.0,0.0,,-0.9228456885189137,0.0,-0.9228456885189137,,,-1.0370815941762972,0,0.07268341763133024,,-0.9228456885189137,0.024979843259653897,19.999999,46695791.0,46695791.0,10.92801254190229,50.7776143125,42422755.0,0.0,0.46987951807228917,83.0
0x2b924ff1565a3468b9bcd1e5d79ab245ec32046e,0.027499133465738998,0.012536978,0,857.64748,8,1764721759,-0.9224632433045012,-0.9234652473115141,-0.9224632433045012,-0.9224632433045012,-2.30936828948994,0.0,-0.9224632433045012,0.0,0.0,,-0.9224632433045012,0.0,-0.9224632433045012,,,-1.038543145806464,0,0.07268341763133024,,-0.9224632433045012,0.010169328225909272,19.0,33023353.0,33023353.0,7.721726432653367,113.8179766826211,28746673.0,0.0,0.42249240121580545,329.0
0x3474c0b49198e2436fb6d5fd457486fa8c320571,0.027499133465738998,0.012536978,0,195.04712,5,1764789319,-0.9069760845964571,-0.9079780886034701,-0.9069760845964571,-0.9069760845964571,-1.8564676749181939,0.0,-0.9069760845964571,0.0,0.0,,-0.9069760845964571,0.0,-0.9069760845964571,,,-1.045236501728691,0,0.07268341763133024,,-0.9069760845964571,0.018129500961925754,12.258064,35849790.0,35849790.0,8.252258162532456,47.0607353904992,31505550.0,0.0,0.4036697247706422,284.0
0x329c82e9936e8870d1c5d8a7d67f870927b0578d,0.027499133465738998,0.012536978,0,363.2,1,1764800121,-0.9088176343608126,-0.9098196383678256,-0.9088176343608126,-0.9088176343608126,-0.9098196383678256,0.0,-0.9088176343608126,0.0,0.0,,-0.9088176343608126,0.0,-0.9088176343608126,,,-1.0462713919212767,0,0.07268341763133024,,-0.9088176343608126,0.03584042496078244,1.2,30606635.0,30606635.0,7.027862188240665,12.944709939313986,26251593.0,,0.4397163120567376,141.0
0x124200d140c80e0bda061be2b795ecd29a62d9fe,0.027499133465738998,0.012536978,0,19.999996,2,1764772535,-0.9468937337347147,-0.9478957377417276,-0.9468937337347147,-0.9468937337347147,-1.3405270080300018,0.0,-0.9468937337347147,0.0,0.0,,-0.9468937337347147,0.0,-0.9468937337347147,,,-1.0264846719800802,0,0.07268341763133024,,-0.9468937337347147,0.06253852227218588,4.9999985,,,,12.023292969879519,,,0.41818181818181815,55.0
0xd25b8718f61fb64a754356ad8cf16b5579f59f3d,0.02749890828265296,0.012535025,0,3951.71332,11,1764833573,-0.00013126002222761576,-0.00017501336297015435,-0.00013126002222761576,-0.00013126002222761576,-0.0008375299182164649,-0.03589580441980868,-0.00013126002222761576,-0.03451447284089823,0.0,16.825739999999982,0.001709195816435784,0.008334820369831,0.0035496516550991837,-0.06855696498512386,-0.07157382482105576,,1,0.07268341763133024,-0.003821735516042505,-0.00013126002222761576,0.0,27.47586,29272407.0,29272407.0,6.6702625091888015,343.0858294174799,24883913.0,0.0,,0.0
0xff052a89d46a289a32283dfa7815ba23da49fad7,0.02749801282982781,0.012527259,0,88.959921,129,1764817915,0.00012510109164149086,0.00015124664411571208,0.00012510109164149086,0.00012510109164149086,0.0017634346997033757,-0.0023662541257968564,0.00012510109164149086,-0.002343789059287047,0.02782980503985876,0.027188909583333434,0.0002306630673288969,0.0001305663641114589,0.000336225043016303,-0.029544220067314553,-0.08579646425307684,-0.015649999999999997,2,0.07268341763133024,-0.0026034141007018397,0.00012510109164149086,0.0,0.1152,7404653.0,7404653.0,1.6933296835280354,0.3416318192811555,3031817.0,0.0,,0.0
0x260b8cd6b62a86dfbf53c1d9d2eb0328f865d12c,0.02748378023484936,0.012403786,0,1133.111,4,1764818261,0.00033400133567100824,0.0006680026713420165,0.00033400133567100824,0.00033400133567100824,0.001157014566356107,-0.03056766887869094,0.00033400133567100824,-0.0304,0.5262908574135481,0.15100000000000025,0.0003451494792798328,-0.001100000000000001,0.0003562976228886573,-0.08849699248246055,-0.09019699248246055,0.07716700342537741,1,0.07268341763133024,-0.005716477807751342,0.00033400133567100824,0.0,0.8842760000000001,,,,1.1725009003367004,,,,0.0
0x8f7b410126c510de779f74c42b60ff0d34dc55ce,0.02748378023484936,0.012403786,0,1134.6,4,1764824831,0.00033400133567100824,0.0006680026713420166,0.00033400133567100824,0.00033400133567100824,0.001157014566356107,-0.030200000000000005,0.00033400133567100824,-0.03009899713320549,0.0,-17.370000000000015,-0.0009668065568414164,-0.0006989974941535134,-0.002267614449353841,-0.08849699248246055,-0.09029699139961647,0.1644499999999999,1,0.07268341763133024,-0.005834023970081319,0.00033400133567100824,0.0,4.365588,,,,21.077564940346086,,,,0.0
0x89bd2d7fd71c763673bb8fad3525dc3d311301bf,0.02747800134103951,0.012353634,0,4.5,5,1764262957,-0.33333333299966594,-0.33366733433533696,-0.33333333299966594,-0.33333333299966594,-0.5779287789759299,-0.011033333333333332,-0.33333333299966594,-0.0137,0.0,-2.9999999999999996,-0.33383433500317244,-0.015999999999999997,-0.33433533700667895,0.14696688710513395,0.15356688710513391,-0.04016007508759856,1,0.07268341763133024,0.11724996297508064,-0.33333333299966594,0.0059107735463256195,0.2,23079555.0,23079555.0,6.045126376484529,0.7529194638413685,19261677.0,,0.17786561264822134,422.0
0x08730443345e11c078c5b2597ce3c0f06af609e8,0.027471989754740217,0.012301452,0,1.9999040000000001,18,1764282985,0.0,2.0021001068169286e-06,0.0,0.0,0.0014156645849714166,0.00435000870041762,0.0,0.00435000870041762,0.0,1.470178145890344e-18,1.8414938832127726e-22,0.000900001800086404,3.682987766425545e-22,0.2498000000000007,0.2567000000000007,,1,0.07268341763133024,0.11300047824738248,0.0,0.0,0.0250125,,,,0.26499260543989256,,,,0.0
0x46f7270173edcdbfb757bc7d62c1da72dea7d77f,0.027470848416588613,0.012291544,0,37.07368,5,1764505036,-9.14962233174331e-05,-9.168483642323732e-05,-9.14962233174331e-05,-9.14962233174331e-05,-0.00945064191895856,0.0,-9.14962233174331e-05,0.0,0.0,-24.943843551707886,-0.12159810270530784,0.0,-0.24310470918729826,,,-0.060390965562492106,1,0.07268341763133024,-0.005379540432697184,-9.14962233174331e-05,0.035716232389985794,9.999995,6565580.0,6565580.0,1.6171550585387973,16.985188855218855,2505623.0,,0.31,100.0
0x90f7180856b033ea45200d892a7bc49fd1662501,0.027464282674869795,0.012234537,0,406.13868,13,1764583464,0.0,2.505575006049382e-17,0.0,0.0,4.792906758198874e-09,0.0,0.0,0.0,0.0,-1.0259650000000025,-0.003953927080981229,0.0,-0.007907854161962458,,,-0.02731294222232616,1,0.07268341763133024,0.026078061685000896,0.0,0.0,49.210909,14725815.0,14725815.0,3.5583482445446712,174.26965636387337,10587430.0,,,0.0
0x1e1f17412069c0736adfaadf8ee7f46e5612c855,0.027450114641185564,0.012111478,0,121778.59413,31,1764819681,0.002036496368870162,0.00278830276804946,0.002036496368870162,0.002036496368870162,0.01024800437842687,-0.07855546359147182,0.002036496368870162,-0.08044222984736224,0.0,9.600000000000103,0.00213032047180781,-0.07768459297220283,0.0022241445747454578,-0.0875377256613985,-0.0898223428453219,,1,0.07268341763133024,-0.0008741700158835843,0.002036496368870162,0.0,14.005600000000001,53308168.0,53308168.0,12.185832676892664,655.6748164112254,48933566.0,0.0,,0.0
0xad5353afe30c2da57709e2704ef3ccdcf67eef24,0.02744280726536074,0.012047984,0,27.29,6,1764817777,-0.27244488950684126,-0.2734468935138543,-0.27244488950684126,-0.27244488950684126,-0.6899426364575747,0.0,-0.27244488950684126,0.0,0.0,,-0.27244488950684126,0.0,-0.27244488950684126,,,-1.2818169415686687,0,0.07268341763133024,,-0.27244488950684126,0.0,3.69,4348444.0,4348444.0,0.9944533100616598,9.314109424311926,-24254.0,0.0,,0.0
0xcd174625914250243e4e9a4b4ace3a5237889bfb,0.02743756316784952,0.012002408,0,740.0,4,1764894691,-0.00468504576252036,-0.005687049769533384,-0.00468504576252036,-0.00468504576252036,-0.011023842329559613,0.0,-0.00468504576252036,0.0,0.0,,-0.00468504576252036,0.0,-0.00468504576252036,,,-0.036150000000000015,0,0.07268341763133024,,-0.00468504576252036,0.032194562064555184,2.6249995000000004,5549302.0,5549302.0,1.247142896953712,8.147684078899083,1099690.0,0.0,0.3442622950819672,122.0
0x17ce7c9a7f768bfa98946caf7d64c9e051f5beec,0.02742650625158508,0.011906285,0,162823.108406,443,1764341563,7.975346948874715e-05,-0.0008484409208068247,-0.0003292834901231817,-0.0005338020533662023,-0.0031690106445670953,0.005138398194869,-0.0007383206166092228,0.002092929550109454,0.0007131175856019249,-18.852559818454264,-0.0014039129670053102,0.0019847255039486473,-0.0016604683577894686,0.4624337333364334,0.46505302267653503,-1.0824218088929813,5,0.07268341763133024,0.10057156290989981,-0.0005338020533662023,0.0,2.178,28136137.0,28136137.0,7.220904025269961,215.1801581076547,24239653.0,0.0,,0.0
0x362840aca394e092acdd29f823280a315ef4bf4f,0.027423084242958227,0.011876528,0,2.0,7,1764220907,-0.33333333299966594,-0.33366733433533696,-0.33333333299966594,-0.33333333299966594,-0.5779287792302147,-0.016466666666666668,-0.33333333299966594,-0.00046666536533890995,0.0,-1.4000000000000001,-0.3339178353370902,-0.00259945036533891,-0.3345023376745145,-0.05512,-0.0494,-0.027040550684128934,1,0.07268341763133024,0.12617201374398956,-0.33333333299966594,0.013223754029758826,0.13022,,,,0.2977278401131942,,,0.0,114.0
0xd251888534639d48da16168aa7b50ba019c8d611,0.027421449373839068,0.011862311,0,1035.899945,8,1764825445,-0.015197060132543058,-0.016199064139556088,-0.015197060132543058,-0.015197060132543058,-0.04085332264759303,0.0,-0.015197060132543058,0.0,0.0,,-0.015197060132543058,0.0,-0.015197060132543058,,,0.1513999998388999,0,0.07268341763133024,,-0.015197060132543058,0.0859633872278999,7.884,7153222.0,7153222.0,1.6330192499896128,40.2914922597137,2772856.0,,0.29545454545454547,44.0
0xa8c63f775ddbbe66b56614191747def3021444e8,0.027419714048804524,0.0118472185,0,120.0,2,1764856289,0.0,0.0,0.0,0.0,0.0,0.0,0.0,0.0,1.0,0.0,0.0,0.0,0.0,,,-0.00799992739548131,1,0.07268341763133024,-0.010502770821902287,0.0,0.0,49.7668,45421618.0,45421618.0,10.296861405374036,278.3937481416265,41010408.0,0.0,,0.0
0x334932d9cb8effcb325fcb898e045feffc92c0b8,0.027414056805842996,0.011798011,0,2732.50102,8,1764693540,-0.9080524982592721,-0.9090545022662851,-0.9080524982592721,-0.9080524982592721,-1.9376994578227178,0.0,-0.9080524982592721,0.0,0.0,,-0.9080524982592721,0.0,-0.9080524982592721,,,-1.0499279008360811,0,0.07268341763133024,,-0.9080524982592721,0.0,44.504999999999995,31205249.0,31205249.0,7.345071309351787,887.4866706952773,26956788.0,0.0,,0.0
0x80c65de4e3eb99d4d7f540b26cc45cd90b0be3c1,0.02741351443995672,0.011793293,0,1833.333333,2,1764904643,-0.005010019766163657,-0.006012023773176681,-0.005010019766163657,-0.005010019766163657,-0.008502285557335931,0.0,-0.005010019766163657,0.0,0.0,,-0.005010019766163657,0.0,-0.005010019766163657,,,-0.03999999777214612,0,0.07268341763133024,,-0.005010019766163657,0.04104916067461083,62.79611,40640906.0,40640906.0,9.113201649309215,227.00769565038559,36181342.0,0.0,0.3617021276595745,94.0
0xc5d563a36ae78145c45a50134d48a1215220f80a,0.02741177671250567,0.011778176,0,4568710.174562,5982,1764184103,0.0002817802170646382,0.0004601047228859016,0.0002817802170646382,0.0002817802170646382,0.01764505690713661,-0.02914515880093499,0.0002817802170646382,-0.030743836055733283,0.0684981823778564,-57.47119770014654,-0.0026377277351261733,0.0015565622406964162,-0.005557235687316984,0.042081096530710994,0.0061117475743569195,-1.0387596772897305,13,0.07268341763133024,0.13398098298296515,0.0002817802170646382,0.0,0.0,60968983.0,60968983.0,16.306122399856218,0.0,57229959.0,0.0,,0.0
0x57b00c3ccef1b6bd6962fb9ca463c4e0b38e76f4,0.027408663908669424,0.011751094,0,14111.182358,42,1764826151,0.0,2.8524367246638936e-05,0.0,0.0,0.00016906072955788197,0.0,0.0,0.0,0.0,0.9475319403461526,0.00031622295880799265,0.0,0.0006324459176159853,,,-0.018399999997750015,3,0.07268341763133024,-0.002336070843417054,0.0,0.0,41.4276,10543596.0,10543596.0,2.4066246799869986,251.2876886119986,6162524.0,,,0.0
0xfd2b05928e63a513efda1e60d6d925b271e29ff9,0.02740497649585416,0.011719009,0,16828.908,6,1764838389,0.0014764953040007525,0.0022008610425793386,0.0014764953040007525,0.0014764953040007525,0.00419391615849058,-0.07853143142788171,0.0014764953040007525,-0.07744949891203105,0.0,2.6666666666667247,0.001545904871109356,-0.0014524858684542865,0.0016153144382179592,-0.05598794728035051,-0.0886546139470172,,1,0.07268341763133024,-0.004843580854997685,0.0014764953040007525,0.0,24.775,7894877.0,7894877.0,1.7970225183290047,227.08173415723502,3501567.0,,,0.0
0x668d85d791049bf0100e557a72c7ed4dc97297d2,0.027402022396674875,0.011693302,0,7280.392019,12,1764834963,0.0002567900237891955,0.00038433511518852546,0.0002567900237891955,0.0002567900237891955,0.002148977286570232,-0.024697212251375972,0.0002567900237891955,-0.024752006552894668,0.0,0.7999975737142817,0.0004489548034958792,0.0003987059272556065,0.000641119583202563,0.002740826283555051,-0.08855917371644498,0.0053999999999991164,1,0.07268341763133024,-0.00432501980674053,0.0002567900237891955,0.0,5.92317,54647950.0,54647950.0,12.448609120423228,193.86466662358646,50258066.0,0.0,,0.0
0x1c1e841584db14084e10e7dca2ad0ab7b60dbfe7,0.027402022396674875,0.011693302,0,15964.916855,11,1764850417,-0.00041258974702586797,-0.0008251794940517032,-0.00041258974702586797,-0.00041258974702586797,-0.0020589136746931355,-0.0267470666603321,-0.00041258974702586797,-0.026441693815383405,0.09107517792182641,2.499986338999719,-0.00033891302321867653,0.0004707770028819125,-0.00026523629941148515,0.0025661754181016236,-0.08931953866760858,-0.008000000000000895,1,0.07268341763133024,-0.0073956480761257805,-0.00041258974702586797,0.0,8.8281,23437290.0,23437290.0,5.320202445306126,241.83932308849208,19031952.0,,,0.0
0xc21ea96be762bb55041529af6e386e7c53b80215,0.02739710664750629,0.011650518,0,11123.037975000001,20,1764783941,-4.368453625853146e-05,-6.55268043877984e-05,-4.368453625853146e-05,-4.368453625853146e-05,-0.00044381793754871,1.1767102817413222,-4.368453625853146e-05,-0.043730594270058126,0.0,310.72551940860006,0.02823605845071607,-0.01756954207678705,0.05651580143769067,5.6039632141761615,5.6011098808420865,,2,0.07268341763133024,0.0067090426947181885,-4.368453625853146e-05,0.0,0.02,,,,0.37844454366666663,,,,0.0
0x7ba5354929bf388707f397c8b21b8322dc954252,0.027394488346268467,0.011627726,0,26901.022,7,1764192773,0.0006669145177179727,0.001000371776576959,0.0006669145177179727,0.0006669145177179727,0.0017341077203849116,-0.030857106542398507,0.0006669145177179727,-0.030820776620284932,0.0,-5.788999999999958,0.000398477529241132,-0.02988782337901285,0.0001300405407642913,-0.08809096613147502,-0.09049096613147502,-0.0028,1,0.07268341763133024,-0.0008584689039478112,0.0006669145177179727,0.0,0.007,17042792.0,17042792.0,4.5475409678591685,0.010641562884483936,13295098.0,0.0,,0.0
0xa0c37cb0587b0dd1542f794bcfa345762bba5b9a,0.027393375171158463,0.011618036,0,158.828999,13,1764671636,-0.0009940839083354674,-0.0019881678166709348,-0.0009940839083354674,-0.0009940839083354674,-0.004738289801818003,-0.0001989534391232877,-0.0009940839083354674,-0.00046618199762136315,0.933324443259101,90.93969066599999,-9.366770944104201e-05,-0.00044115269284646504,0.0008067484894533833,7.279443195608576,7.274479957642955,-0.008000000000000007,1,0.07268341763133024,0.030537601829137104,-0.0009940839083354674,0.0,60.39896,19153342.0,19153342.0,4.531665372074717,312.0604731777696,14926785.0,,,0.0
0x54b56146656e7eef9da02b3a030c18e06e924b31,0.027388190740125416,0.011572899,0,24166.441778,24,1764608802,-3.080013522819599e-11,-0.00035455383085658066,-3.080013522819599e-11,-3.080013522819599e-11,-0.0012538740361944056,-0.005501087838579449,-3.080013522819599e-11,-0.0054940050946378875,0.5930545932798669,-321.72516825915386,-0.0322370717756664,-0.0053216969695452036,-0.06447414352053267,-0.08606981140006364,-0.08826981140006364,0.12331029620461072,3,0.07268341763133024,0.026747268536966146,-3.080013522819599e-11,0.0,15.82986,26597458.0,26597458.0,6.387902845602361,194.03237728270472,22433735.0,,,0.0
0xd1acd3925d895de9aec98ff95f3a30c5279d08d5,0.02738165040039777,0.011515946,0,15698.88541,8,1764834639,-0.007976684506990099,-0.008505730979619347,-0.007976684506990099,-0.007976684506990099,-0.017256242229955768,0.0,-0.007976684506990099,0.0,0.0,-55.4000135149999,-0.00923410852189507,0.0,-0.010491532536800043,,,-0.16829728751326942,1,0.07268341763133024,-0.0041319385653681845,-0.007976684506990099,0.0,36.73348,120309297.0,120309297.0,27.40805388239368,926.6351289800214,115919737.0,0.0,,0.0
0xd150233168ec46f01f2a032d4ef6a4c28509264f,0.027381179983975393,0.011511849,0,35.114309999999996,3,1764826097,0.0,0.0,0.0,0.0,0.0,0.0,0.0,0.0,0.0,3.243870000000003,0.0004448711168179522,0.0,0.0008897422336359044,,,0.16400196789589816,1,0.07268341763133024,-0.0038862373812921674,0.0,0.12830679687481117,2.86426,26561892.0,26561892.0,6.062949752774355,39.35348398281786,22180874.0,0.0,0.16216216216216217,37.0
0x2a71ce3ddbb60bd0e04d45a30c8200c6f596954b,0.027381179983975393,0.011511849,0,216.950886,9,1764824835,1.2748014917972745e-05,1.5935018647465932e-05,1.2748014917972745e-05,1.2748014917972745e-05,0.0002825504604189147,0.0,1.2748014917972745e-05,0.0,0.0,5.935195550000004,0.00033287532383867745,0.0,0.0006530026327593821,,,0.20609998049913514,1,0.07268341763133024,-0.002124742363849081,1.2748014917972745e-05,0.09619489515618049,1.14834,,,,27.276742452074917,,,0.3640552995391705,180.0
0x426dd307ce9357c064a642f6343c4ab674d0a4f5,0.027379814976010407,0.011499961,0,2505.0,6,1764857259,0.0,0.0,0.0,0.0,0.0,0.0,0.0,0.0,1.0,-2.500000000000002,-0.0001252505008766281,0.0,-0.0002505010017532562,,,-0.007400000000000006,1,0.07268341763133024,-0.008979338609755652,0.0,0.10196126130034468,2.0,8779182.0,8779182.0,1.9897606172005675,4.293685515151514,4367002.0,,0.3333333333333333,15.0
0x09705c0b0a5a7359f5c94688687fc73447e65ae4,0.027379314756982947,0.011495604,0,29.73,1,1764819249,0.008016032056104199,0.009018036063117223,0.008016032056104199,0.008016032056104199,0.009018036063117223,-0.08493173257002434,0.008016032056104199,-0.0824180790840292,0.0,,0.008016032056104199,-0.08081807908402919,0.008016032056104199,-0.08139077211203895,-0.08039077211203895,,1,0.07268341763133024,-0.0007825094705288007,0.008016032056104199,0.0,4.621049999999999,34645223.0,34645223.0,7.920410729349797,23.34128635431472,30271053.0,0.0,,0.0
0xc30c0116e9a5c17f1c03240a0b02a819fe646509,0.027379314756982947,0.011495604,0,50.0,2,1764819095,0.008016032056104199,0.009018036063117223,0.008016032056104199,0.008016032056104199,0.01275342890643005,-0.08594538605601948,0.008016032056104199,-0.0824180790840292,0.0,,0.008016032056104199,-0.08081807908402919,0.008016032056104199,-0.08089077211203882,-0.08039077211203884,,1,0.07268341763133024,-0.0007498341835273269,0.008016032056104199,0.0,29.717965,34446901.0,34446901.0,7.875348649844902,287.08770002441616,30072885.0,0.0,,0.0
0x7c3db723f1d4d8cb9c550095203b686cb11e5c6b,0.027375163859157232,0.011459448,0,306776.443657,71,1764825461,2.749923657885776e-17,0.0007272882719562766,2.749923657885776e-17,2.749923657885776e-17,0.0031650888570574744,-0.008068418886696507,2.749923657885776e-17,-0.055568987478347744,0.08530621585112082,-17.754468752727096,-0.00015542031370593306,-0.0069995189710659956,-0.00031084062741189365,-0.029522085371600948,-0.08194179643801561,-0.008000000000000906,2,0.07268341763133024,-0.0021005541643804573,2.749923657885776e-17,0.0,32.9721,57383947.0,57383947.0,13.100215232370145,564.8924211389569,53003565.0,0.0,,0.0
0xa9b44dca52ed35e59ac2a6f49d1203b8155464ed,0.027374390137508194,0.011452708,0,247128.536102,84,1764823101,-7.924909168436842e-05,-0.00015849818336873691,-7.924909168436842e-05,-7.924909168436842e-05,-0.001577577656664086,-0.014371419029645113,-7.924909168436842e-05,-0.01322990021390478,0.27812935506030007,8.664103512765914,0.0001228299059643924,-0.013287445160247914,0.0003249089036131532,-0.09049096613147506,-0.08740208477147594,0.00014999999999911194,1,0.07268341763133024,-0.0015998159999422877,-7.924909168436842e-05,0.0,3.517587,,,,387.59611325522116,,,,0.0
0x5d5542eb677346a9744796582a31bbbea4717cba,0.027374390137508194,0.011452708,0,402.0,3,1764835109,0.00033400133567100824,0.0006680026713420166,0.00033400133567100824,0.00033400133567100824,0.001157014566356107,-0.030801001506851014,0.00033400133567100824,-0.030300000000000004,0.0,-1.200000000000001,8.350033391775203e-05,-0.0008666666666666674,-0.00016700066783550418,-0.08769699248246055,-0.08989699248246055,-0.019814926078083862,1,0.07268341763133024,-0.005500481430040301,0.00033400133567100824,0.0,0.510204,26627221.0,26627221.0,6.065384746801275,1.5662741749065225,22237191.0,,,0.0
0xe732156a2d84cdfb4de831d3f11a22899e49898f,0.0273726438092283,0.011437495,0,4015.6862,16,1764825803,0.0,0.0,0.0,0.0,0.0,-0.009507780373890036,0.0,-0.009083052691443504,0.0,2.090580000000007,0.0011383627168188065,-0.004553050947795125,0.002276725433637613,-0.05505035742113201,-0.05607035742113202,0.21749999999999997,1,0.07268341763133024,-0.002173118762786328,0.0,0.0,17.59535,36376520.0,36376520.0,8.303768966043055,93.75614223349893,31995796.0,0.0,,0.0
0xe2daacf7238349851019238517c98d2f722174e3,0.027371105505054043,0.0114240935,0,40.760000000000005,4,1764825109,0.0,0.0,0.0,0.0,0.0,-0.03836539258437431,0.0,-0.03528847252017923,0.0,0.32608000000000026,0.0020040080140260497,-0.03508847252017923,0.004008016028052099,-0.06971540985051841,-0.06851540985051842,,1,0.07268341763133024,-0.0020258677940913745,0.0,0.0,3.0,8256762.0,8256762.0,1.8850925678591242,5.8222980166136455,3876732.0,,,0.0
0x1edf54f7838b35e96678ba2ed10d268459cc137e,0.027365269799843207,0.011373246,0,22.33451,22,1764642986,-0.0010533155202119197,-0.0010909339316480598,-0.0010533155202119197,-0.0010533155202119197,-0.005630318370752852,-0.003769334734945165,-0.0010533155202119197,0.001858387145217027,0.0,-1.290047,-0.02531807492919094,0.002087400510587202,-0.04958283433816996,7.294300000000001,7.2895,-0.21059999990400052,3,0.07268341763133024,0.036616478274541155,-0.0010533155202119197,0.0,0.1,86794633.0,86794633.0,20.675692196134882,0.31776579238329244,82596726.0,0.0,,0.0
0x6c16abad96d6989efe1b0333cb9af9158f548bfa,0.027362818495271,0.011351884,0,19000.653631,122,1764823883,0.0,1.8597818956963857e-05,0.0,0.0,0.00015075073614467485,-9.054258479060596e-08,0.0,-2.055316674746753e-05,0.026898761918228573,6.57726810008199,0.000166056995820163,-2.2646783258128835e-08,0.000332113991640326,0.0,-0.09079999999999999,0.0005999996769064819,2,0.07268341763133024,-0.0018344839702255995,0.0,0.0,8.565000000000001,10374648.0,10374648.0,2.3692880521713233,464.0382211320755,5995844.0,0.0,,0.0
0x35c0732e069faea97c11aa9cab045562eaab81d6,0.027362555070478037,0.011349589,0,122.132633,15,1764286143,0.0,-0.00026785215400480214,0.0,0.0,-0.0005180626714982286,0.002554827942309679,0.0,0.002554827942309679,0.0,39.698754489666676,0.009123740583995652,0.00017922640619112885,0.018247481167991304,0.24780000000000027,0.25470000000000026,,3,0.07268341763133024,0.11233042268666395,0.0,0.0,0.16241,14996349.0,14996349.0,3.904217425171775,0.6203262191011236,11155285.0,0.0,,0.0
0xe12af4de7864b40baf81462901885728cae0d017,0.027361368353646703,0.011339246,0,5.490376,8,1764444851,-2.5691221324533955e-05,-0.0006353375080191489,-2.5691221324533955e-05,-2.5691221324533955e-05,-0.02413501182322967,0.0,-2.5691221324533955e-05,0.0,0.0,-0.06747698005283745,-0.007401821266742932,0.0,-0.01477795131216133,,,-0.5403601099409243,2,0.07268341763133024,0.025713965629841618,-2.5691221324533955e-05,0.023821553788208792,1.08782,7177199.0,7177199.0,1.7944020309157622,0.7762479246619446,3177427.0,0.0,0.0,48.0
0xac9b386454ed02ef205e0ebd189d8864fd02d4c5,0.027359572397476557,0.011323594,0,78552.69012300001,47,1764818685,-0.005515096582479149,-0.006454465473899325,-0.005515096582479149,-0.005515096582479149,-0.02922029972967326,-1.8495470435001374e-05,-0.005515096582479149,-1.794040243853992e-05,0.0,-132.85955657142853,-0.006249572745354121,-1.7587304304444547e-05,-0.006984048908229094,-0.08026329258855261,-0.07926329258855261,0.2525,1,0.07268341763133024,-0.0007799633442689457,-0.005515096582479149,0.0,37.08,,,,378.40592192250773,,,,0.0
0xd0394bd0de8d901c3fde039a86bf08e6aa4a2532,0.027358437949075463,0.011313706,0,61358.78908,21,1764824239,0.0003762534526108742,0.0011503812433148093,0.0003762534526108742,0.0003762534526108742,0.003050218648188691,-0.014236156891570645,0.0003762534526108742,-0.07093505486780365,0.0,-5.8679116102485445,0.0002620551863488134,-0.0023969122060796106,0.00014785692008675267,-0.04686983548806218,-0.07125927577802736,-0.04305000000000028,2,0.07268341763133024,-0.0018412736402518798,0.0003762534526108742,0.0,5.109999,37008906.0,37008906.0,8.451142684898473,534.886677073457,32629746.0,0.0,,0.0
0xb17edd2dd1a681526b21ea6689170cc4a07222be,0.027357738090835113,0.011307606,0,1221.399799,13,1764826033,-0.007414802799200681,-0.008416806806213706,-0.007414802799200681,-0.007414802799200681,-0.029505678193137683,0.0,-0.007414802799200681,0.0,0.0,,-0.007414802799200681,0.0,-0.007414802799200681,,,-0.02040000000000002,0,0.07268341763133024,,-0.007414802799200681,0.0,39.12,5111224.0,5111224.0,1.1666920036138249,307.63608110321866,730270.0,,,0.0
0x8e77537e059837d3c2ca5b4efe75e74e9498c4f3,0.027354379440814373,0.0112783285,0,4574.0,2,1764623762,-0.9156312616085014,-0.9166332656155144,-0.9156312616085014,-0.9156312616085014,-1.2916347575423948,0.0,-0.9156312616085014,0.0,0.0,,-0.9156312616085014,0.0,-0.9156312616085014,,,-0.514304532425929,0,0.07268341763133024,,-0.9156312616085014,0.0,48.45,85909318.0,85909318.0,20.558945964553903,593.5900420220364,81730635.0,,,0.0
0x32c1f290bb6cfc196597a057dc2941158d34e575,0.027353353314055105,0.011269383,0,685.939996,4,1764793167,-0.9177753138943774,-0.9187773179013902,-0.9177753138943774,-0.9177753138943774,-1.5020306538183172,0.0,-0.9177753138943774,0.0,0.0,,-0.9177753138943774,0.0,-0.9177753138943774,,,-1.0426660150513651,0,0.07268341763133024,,-0.9177753138943774,0.07756691551540827,58.877300000000005,35336433.0,35336433.0,8.126890026144824,94.26445571153846,30988345.0,0.0,0.18518518518518517,27.0
0xe2ee809a13aad9e367ee526547a87d1387cf0af2,0.027346140607994545,0.0112064965,0,306.296294,4,1764827223,-0.02168853584871112,-0.02269053985572415,-0.02168853584871112,-0.02168853584871112,-0.04522977949357709,0.0,-0.02168853584871112,0.0,0.0,,-0.02168853584871112,0.0,-0.02168853584871112,,,-0.013099980874122605,0,0.07268341763133024,,-0.02168853584871112,0.10225898810739485,3.0,6610227.0,6610227.0,1.5084458657679893,9.390542998015874,2228083.0,,0.22580645161290322,155.0
0x4b7410aefbf0f38012b0dfb1131a4de147a9e8d7,0.027340247181849194,0.011155101,0,7555.225652,66,1764680904,0.001296068114079605,0.001367149565070249,0.001296068114079605,0.001296068114079605,0.014764148839762086,-0.005551508807243028,0.001296068114079605,-0.005699761825563185,0.0,-11.796690059302325,-0.012321719915155736,-5.5524157597811516e-05,-0.025939507944391076,3.1067479638661113,3.102405106732697,-1.041303675037574,3,0.07268341763133024,0.027974077039839663,0.001296068114079605,0.0,42.872,15346970.0,15346970.0,3.6231359888569523,210.01297423060865,11111145.0,,,0.0
0x4cc3522b689a6bf1fb4a2444c523e7776db47552,0.027339241751178175,0.011146331,0,58142.37296,27,1764836329,-9.870987900219583e-05,-0.0001974197580044026,-9.870987900219583e-05,-9.870987900219583e-05,-0.0006289918736898627,-0.04133139331520411,-9.870987900219583e-05,-0.04087227372073008,0.0,16.220580000000734,0.00011035041783804792,-0.0005871682614822704,0.00031941071467829165,-0.08567433095754941,-0.08862016429088275,,1,0.07268341763133024,-0.004406495847055893,-9.870987900219583e-05,0.0,20.19584,158078418.0,158078418.0,35.99850111016225,448.2070329986145,153687168.0,,,0.0
0x03ac67436f169bb5348653f991d498bcb4944f55,0.027339241751178175,0.011146331,0,298.793028,3,1764819859,4.67078353841597e-08,1.1676958846040573e-07,4.67078353841597e-08,4.67078353841597e-08,2.41871448846891e-05,-0.044697268169338084,4.67078353841597e-08,-0.045189735536644085,0.0,0.14999251999999194,0.00025054105612695005,-0.04323969008758482,0.0005010354044185159,-0.08596981140006363,-0.08936981140006363,,1,0.07268341763133024,-0.0009119375554047683,4.67078353841597e-08,0.0,8.9,46385984.0,46385984.0,10.603043810203028,115.42738634837357,42011204.0,0.0,,0.0
0x69645cea639e7a19cbde6c126a197bc1abafef53,0.027339241751178175,0.011146331,0,116445.07756199999,23,1764819391,0.0007218296103070315,0.0009947655829345998,0.0007218296103070315,0.0007218296103070315,0.004780575500445846,-0.05868700934507379,0.0007218296103070315,-0.05769252517024395,0.0,-0.5323805008004274,0.0007120765903954531,-0.05679778844950402,0.0007023235704838748,-0.08286404968458567,-0.08322558814612412,,1,0.07268341763133024,-0.0008126386312704194,0.0007218296103070315,0.0,27.88,27548706.0,27548706.0,6.297837465640311,263.3536988197486,23174394.0,0.0,,0.0
0xc851cd9bee7d262afd78674f861f9f576a12cd2a,0.027330884058425306,0.011073424,0,63447.3892,8,1764503684,-0.5417675398116073,-0.5427695438186203,-0.5417675398116073,-0.5417675398116073,-1.3417643303695916,0.0,-0.5417675398116073,0.0,0.0,,-0.5417675398116073,0.0,-0.5417675398116073,,,-0.049654268580828415,0,0.07268341763133024,,-0.5417675398116073,0.0,9.999998,,,,1002.0703740369971,,,,0.0
0x63d43bbb87f85af03b8f2f9e2fad7b54334fa2f1,0.027330884058425306,0.011073424,0,7977.1771,164,1764203739,-0.7908300593111631,-0.791832063318177,-0.7908300593111631,-0.7908300593111631,-8.940809626086539,0.0,-0.7908300593111631,0.0,0.0,,-0.7908300593111631,0.0,-0.7908300593111631,,,-0.02423808107732931,0,0.07268341763133024,,-0.7908300593111631,0.0,28.8,35355145.0,35355145.0,9.406316346783163,962.1503694768845,31596485.0,0.0,,0.0
0xb7e90681f15a36e24591baf24645f84726b6bdac,0.027327989487680508,0.011048168,0,10679.4,10,1764839103,0.00047843434569090377,0.0009568686913818076,0.00047843434569090377,0.00047843434569090377,0.0026862764317916086,-0.05599944408034971,0.00047843434569090377,-0.06676506215517451,0.0,0.40000000000000036,0.0004964884719433907,-0.0018983942277508747,0.0005145425981958776,-0.06592048589471415,-0.08914548839371457,,2,0.07268341763133024,-0.004995075367459064,0.00047843434569090377,0.0,8.0,13885537.0,13885537.0,3.16009584836132,21.476118996930424,9491513.0,,,0.0
0xffb0b9b292e406fd250854a35a0c9bd5612afa37,0.02732349398332329,0.011008939,0,806.045464,4,1764819249,0.006513278421985938,0.007515282428998963,0.006513278421985938,0.006513278421985938,0.015030312007352989,-0.08660958752602502,0.006513278421985938,-0.08409823026032119,0.0,,0.006513278421985938,-0.08249823026032119,0.006513278421985938,-0.08307579814782592,-0.08207579814782592,,1,0.07268341763133024,-0.0007825094705288007,0.006513278421985938,0.0,8.91365,27007785.0,27007785.0,6.1743793679715235,123.77461198183761,22633615.0,,,0.0
0xea8ee311382139d952087a669252252625663de0,0.02732157580578673,0.010992198,0,449225.647129,381,1764820423,0.0,0.00012213619256120636,0.0,0.0,0.001245431734519228,-0.004863209533713534,0.0,-0.01835658703865177,0.005441980797201649,1.9028672496860288,6.460399236291603e-05,-0.0019085024247869318,0.00012920798472583207,-0.0032236017909474586,-0.09109244865666573,-0.007700000000000007,3,0.07268341763133024,-0.001031605489617958,0.0,0.0,0.007,,,,0.017798222146274776,,,,0.0
0x241f846866c2de4fb67cdb0ca6b963d85e56ef50,0.02732157580578673,0.010992198,0,342725.464275,135,1764192773,1.3825012694659028e-06,8.83753886174178e-05,1.3825012694659028e-06,1.3825012694659028e-06,0.0009655309503849035,-0.009595853433859726,1.3825012694659028e-06,-0.009731302270412493,0.2582180608553989,-1.1317316460725355,-1.6504504194777735e-05,-0.002734864239081301,-3.439150965902137e-05,-0.02777419086842867,-0.09127945231677635,-0.007899671994878277,2,0.07268341763133024,-0.0008737456615069418,1.3825012694659028e-06,0.0,0.007,24008121.0,24008121.0,6.406104927456724,0.011055465107212475,20260427.0,,,0.0
0x77a4ba69bfd3a388bce7031900a3fabc105fc84f,0.02732157580578673,0.010992198,0,1048.285991,15,1764836959,-8.608847962020033e-05,-0.0001721769592404102,-8.608847962020033e-05,-8.608847962020033e-05,-0.0005874044655502709,-0.013500252421239997,-8.608847962020033e-05,-0.013577555564384752,0.479252743277839,-0.26113352666667433,-0.00015832680886783954,0.0001696967799385403,-0.00023056513811547876,-0.03262580420018604,-0.08890256624019564,-0.008049999999999547,3,0.07268341763133024,-0.004540167475698286,-8.608847962020033e-05,0.0,11.0,34639485.0,34639485.0,7.887165632940791,24.686334660531696,30247605.0,0.0,,0.0
0x6a13a9864a8e53c815cf1adb6026a0f35e3d4593,0.027320357524214335,0.010981565,0,1996.0,2,1764841939,0.0010020040070130248,0.0020040080140260497,0.0010020040070130248,0.0010020040070130248,0.002834095312540011,-0.0917030075312168,0.0010020040070130248,-0.09019699248246055,0.0,,0.0010020040070130248,-0.001996993084327385,0.0010020040070130248,-0.08859699248246056,-0.09019699248246055,,1,0.07268341763133024,-0.005596809873538152,0.0010020040070130248,0.0,12.478950000000001,,,,271.206694260771,,,,0.0
0xe8278d22bef444ede84505b7c0ec4e4001305209,0.027320357524214335,0.010981565,0,2400.065,6,1764819135,0.005194654313790037,0.00619665832080306,0.005194654313790037,0.005194654313790037,0.014664832532014442,-0.08907078710274126,0.005194654313790037,-0.08835515620126047,0.0,,0.005194654313790037,-0.08578766154788325,0.005194654313790037,-0.08311501027735557,-0.08448167677547662,,1,0.07268341763133024,-0.0007583212710601773,0.005194654313790037,0.0,19.273333,46059849.0,46059849.0,10.530237610126619,196.283905123398,41685793.0,,,0.0
0x9c24adc2cd30d0a337cf90511c5c3c6d4f5fae45,0.027319759553698936,0.010976346,0,285.7,6,1764830625,0.0,1.6945653990277203e-18,0.0,0.0,2.402721059112515e-10,0.0,0.0,0.0,0.0,-0.1428399999999942,-0.0002504834658063257,0.0,-0.0005009669316126514,,,-0.2513000229615382,1,0.07268341763133024,-0.0035166247192365357,0.0,0.043123738076323165,3.45,10072120.0,10072120.0,2.296662718849603,12.579403727755643,5686574.0,0.0,0.3069306930693069,101.0
0x7b75e76b13a8d792bd4ce25d76a50be61ced3fd1,0.02731811850797306,0.0109620225,0,1644.9993,36,1764825751,0.0007790394443889024,-0.0004987521680720766,0.0007790394443889024,0.0007790394443889024,-0.0020551841204932584,0.0,0.0007790394443889024,0.0,0.0,12.459570740740752,0.0021650841304312095,0.0,0.003551128816473517,,,0.22609999983889995,1,0.07268341763133024,-0.002201974860398019,0.0007790394443889024,0.0,7.5,8897796.0,8897796.0,2.031148645687237,69.7708142298639,4517124.0,,,0.0
0x5188fa0e8a77e87bc6a58e6781fdfc4e165cc804,0.02731416908082896,0.010927547,0,1893.46342,16,1764551030,-0.8955435034516019,-0.8965455074586147,-0.8955435034516019,-0.8955435034516019,-3.013823437889444,0.0,-0.8955435034516019,0.0,0.0,,-0.8955435034516019,0.0,-0.8955435034516019,,,-1.043183126058672,0,0.07268341763133024,,-0.8955435034516019,0.0,16.009999999999998,13510499.0,13510499.0,3.290467665103651,990.0513173062367,9404548.0,,,0.0
0x4e1c80129dfe79bc883872bbfd3b06647c6c876e,0.02730874877747659,0.0108802235,0,29.245,9,1764560812,-0.31663326621611554,-0.3169672675517866,-0.31663326621611554,-0.31663326621611554,-0.9509018026553597,0.0,-0.31663326621611554,0.0,0.0,-0.006666666666666557,-0.3167445999946725,0.0,-0.3168559337732295,,,-0.02211540256237132,1,0.07268341763133024,0.05404895606701574,-0.31663326621611554,0.04849614805937569,4.79,,,,4.521896551724137,,,0.06666666666666667,30.0
0xa61ef8773ec2e821962306ca87d4b57e39ff0abd,0.02730708203078841,0.01086567,0,11951.0,5,1764820263,0.0,0.0,0.0,0.0,0.0,-0.04519283903311799,0.0,-0.04451602815226086,0.0,25.00000000000002,0.0005218770869859504,-0.04298269481445253,0.0010437541739719007,-0.07964957750647193,-0.08052457737968027,,1,0.07268341763133024,-0.0009976571394865567,0.0,0.0,4.999999,35809883.0,35809883.0,8.184771886165244,128.26226254401348,31434699.0,0.0,,0.0
0x0d5ee5c536ccd78d179487b3d7e43ae4304d5c24,0.02730708203078841,0.01086567,0,207.877132,8,1764820443,-4.814384783027146e-07,7.036408672124334e-07,-4.814384783027146e-07,-4.814384783027146e-07,0.00011574095433820902,-0.03874778895944116,-4.814384783027146e-07,-0.03812053518901271,0.0,-1.5552775080011236,-0.00201947073329038,-0.0016398967303582865,-0.004038460028102457,-0.07684955349058685,-0.07861621816607901,,1,0.07268341763133024,-0.001035849033384383,-4.814384783027146e-07,0.0,7.2,,,,16.295234413820182,,,,0.0
0xecb14ac6e9ca447ce2f2912e6217b43d7b655da3,0.027305414743079938,0.01085111,0,514798.833618,52,1764819589,0.0001680713423014222,0.00027619169850951695,0.0001680713423014222,0.0001680713423014222,0.0013939089842939457,-0.04376984095709034,0.0001680713423014222,-0.04300106468067014,0.0,112.65522322354138,0.001320232264198217,-0.014274097612335513,0.002472393186095012,-0.06624694488109616,-0.07453329857067717,,1,0.07268341763133024,-0.0008546497145580286,0.0001680713423014222,0.0,14.88,,,,575.0097589914377,,,,0.0
0x64ae44024502016d3971efd56fef6f0bfc8a532b,0.0273032919820414,0.010832572,0,3435.0616800000003,20,1764869747,1.6505277006006059e-09,4.951583101801817e-09,1.6505277006006059e-09,1.6505277006006059e-09,3.858045920824454e-06,-0.007926705978269777,1.6505277006006059e-09,-0.007968473161678284,0.8126331510399508,-0.000878000000004187,-2.0968578996580035e-07,4.977244740824416e-05,-4.210221076322013e-07,0.002037942631405462,-0.08945961643847124,-0.008000000000000007,1,0.07268341763133024,-0.012957660890779247,1.6505277006006059e-09,0.0,1.279979,,,,3.6227317782056216,,,,0.0
0xa4bd8f49695cf5d55924aca4cc2694952874e8a2,0.02730163163720558,0.010818072,0,3329.10309,409,1764611958,-0.0018861251100073903,-0.0019885671222528893,-0.0018902600963356772,-0.0018881930599761291,-0.03995055495454879,0.0,-0.001892327138628034,0.0,0.00785522171720901,-0.26181813198969073,-0.004627765053884092,0.0,-0.007361135025104221,,,-0.14630000000000012,4,0.07268341763133024,0.04008472659484044,-0.0018902600963356772,0.0,1.7,6842697.0,6842697.0,1.6421635953431812,1.9869317963610915,2675818.0,0.0,,0.0
0x9619e6c7124de0a7cb12346f690fb4aab14aa6c2,0.02729879434890311,0.01079329,0,3.99008,3,1764218409,-0.9929859709499067,-0.9939879749569197,-0.9929859709499067,-0.9929859709499067,-1.6914173832501547,0.0,-0.9929859709499067,0.0,0.0,,-0.9929859709499067,0.0,-0.9929859709499067,,,0.006984847911186367,0,0.07268341763133024,,-0.9929859709499067,0.017687031680310078,5.795,6067905.0,6067905.0,1.6081034523882087,24.95312481557036,2294575.0,,0.2096069868995633,218.0
0xe097a66a04a3afd6de8929d19fcc41211402d811,0.027298530883443133,0.010790989,0,484.58962699999995,9,1764830255,-3.635063621273892e-09,-1.090519084201097e-08,-3.635063621273892e-09,-3.635063621273892e-09,-5.725481184633465e-06,0.0,-3.635063621273892e-09,0.0,0.0,-2.1840691200000046,-0.0006705467246444727,0.0,-0.001341089814225324,,,-0.1913677969173162,1,0.07268341763133024,-0.005764854206688589,-3.635063621273892e-09,0.025763766453730633,7.0,19456467.0,19456467.0,4.436872545138439,9.657341795604397,15071291.0,,0.3627450980392157,102.0
0xc613e6707bd115e5c04d303d944568232697662b,0.0272886764277122,0.010704897,0,1.2547409999999999,21,1764212245,0.0,-4.940560863862321e-05,0.0,0.0,-0.00031417568660261367,0.0011144736526917422,0.0,0.002015565077950636,0.08960841124286865,0.14311756250000693,0.0003925883309795008,-0.0012298881609070316,0.0007851766619590016,0.21623000019979416,0.2225900001997941,0.00029999999999911207,3,0.07268341763133024,0.1280098925492283,0.0,0.0,0.06852,44375484.0,44375484.0,11.779540375974937,0.1507295936657682,40608318.0,0.0,,0.0
0x405f71d7e55e1898bb1ba1b8df26143e5e4a14b0,0.02728788770904226,0.010698006,0,679.599252,52,1764835739,-2.713822317799006e-09,5.428393846585294e-09,-2.713822317799006e-09,-2.713822317799006e-09,3.298339774767494e-06,-0.03417790440194415,-2.713822317799006e-09,-0.0454005982336739,0.0,-0.015487205120545475,-0.00010246764221286922,5.3682911811091785e-05,-0.00020493257060342064,-0.014200293992463755,-0.08973804361321219,,2,0.07268341763133024,-0.00428131130594635,-2.713822317799006e-09,0.0,3.2664999999999997,,,,3.8737327556701033,,,,0.0
0x4bf459194025b2ca11a2db2deb9ef2a08c467021,0.02728788770904226,0.010698006,0,11484.659992,10,1764847361,3.565559692761373e-11,0.00013046031330411705,3.565558244361332e-11,3.565559692761373e-11,0.00036155468799887064,-0.005882046583068973,3.565559692761373e-11,-0.051074510804457476,0.0,0.12174370814846995,1.5915780469568594e-05,-0.00017039283709885766,3.1831525283511296e-05,-0.009498495966716137,-0.09034849596671615,,2,0.07268341763133024,-0.006747234588616015,3.565561141161413e-11,0.0,15.63157,41170906.0,41170906.0,9.352173713542204,111.87697887247839,36768624.0,0.0,,0.0
0x34026514e0bda25f0f9fbb053fe3070cdc8c9446,0.02728788770904226,0.010698006,0,133135.3389,14,1764881165,0.0,0.0,0.0,0.0,0.0,-0.045821037319416544,0.0,-0.046358825804416116,0.0,-7.787796000000457,-8.918466540208192e-05,-0.0005836621190584604,-0.00017836933080416385,0.00034120228606053163,-0.09113879699298424,,2,0.07268341763133024,-0.013919672262627832,0.0,0.0,2.52,33161474.0,33161474.0,7.475390242659858,168.3409352975558,28725388.0,0.0,,0.0
0xd5b97d08ec6098407bfbf66c2786ccc9967fe44e,0.02728788770904226,0.010698006,0,30874.18993,17,1764843789,0.00048330344025503683,0.0009666068418575561,0.00048330344025503683,0.00048330344025503683,0.002636167980641304,-0.01761743201657117,0.00048330344025503683,-0.046257854293612365,0.0,-0.1998551437045526,0.00047198068398044763,0.00013154278189517435,0.00046065792770585837,-0.016147934654270335,-0.08852793438191826,,2,0.07268341763133024,-0.00598933767193248,0.00048330344025503683,0.0,34.306,30389693.0,30389693.0,6.908773935994871,167.12292274620197,25990983.0,0.0,,0.0
0xce66940dfe6dc18bc151d66d52a66eb2121bcc64,0.0272877422248432,0.010696734,0,14066.11044,6,1764831015,-0.029868623400320128,-0.030870627407333148,-0.029868623400320128,-0.029868623400320128,-0.060757653095942964,0.0,-0.029868623400320128,0.0,0.0,,-0.029868623400320128,0.0,-0.029868623400320128,,,-0.22689999999999977,0,0.07268341763133024,,-0.029868623400320128,0.0,40.0,11131812.0,11131812.0,2.538069866956563,873.011163672143,6745876.0,0.0,,0.0
0x58cc52507f4169ec8cd277c561c06eb36d3b9b12,0.027286221560405173,0.010683446,0,250.0,2,1764855451,-0.0030060120210390743,-0.004008016028052099,-0.0030060120210390743,-0.0030060120210390743,-0.005668190625080022,0.0,-0.0030060120210390743,0.0,0.0,,-0.0030060120210390743,0.0,-0.0030060120210390743,,,-0.02400000000000002,0,0.07268341763133024,,-0.0030060120210390743,0.10359276610113659,1.0,7506457.0,7506457.0,1.7020008743026664,1.9365202131147539,3096085.0,,0.06451612903225806,31.0
0x00ee3b6011fe1bf274ba09549effd20fcba01128,0.027283646914160572,0.010660946,0,4.999989,3,1764847957,1.6703417945675486e-09,-3.3406869283609922e-09,1.6703417945675486e-09,1.6703417945675486e-09,-2.587424081357267e-06,0.0,1.6703417945675486e-09,0.0,1.0,0.49999783399999814,0.00012525183742528084,0.0,0.0002505020045087671,,,-0.007700000000000007,1,0.07268341763133024,-0.0073905558236060705,1.6703417945675486e-09,0.0,0.04349,7115726.0,7115726.0,1.6161533433358817,0.27019967701641684,2712848.0,,,0.0
0x4286369abdfdc6a05978342e6810f9273076d8b9,0.02727992662168418,0.010628431,0,170.111763,5,1764832285,-5.5645751711595076e-18,-0.00020048494933847278,-5.5645751711595076e-18,-5.5645751711595076e-18,-0.000896407770120168,0.0,-5.5645751711595076e-18,0.0,0.0,-0.8823519480000068,-0.0007515171940706777,0.0,-0.0015030343881413499,,,-0.25129974057318466,1,0.07268341763133024,-0.017782570153204662,-5.5645751711595076e-18,0.021974244050043022,1.1662,42848819.0,42848819.0,9.766767049461548,8.401083771266542,38461613.0,0.0,0.3741794310722101,457.0
0x56471a1042a97a710bc1889814487b6705047cbe,0.02727992662168418,0.010628431,0,501.0,4,1764863395,0.0,0.0,0.0,0.0,0.0,0.0,0.0,0.0,1.0,-0.5000000000000004,-0.0001252505008766281,0.0,-0.0002505010017532562,,,-0.00770000000000004,1,0.07268341763133024,-0.010465851991134388,0.0,0.0662333920095367,10.363989,,,,19.75806034736842,,,0.2926829268292683,41.0
0x9fd3588cc9e6f9c829cc1d85dfb49405a873b4da,0.02727992662168418,0.010628431,0,68.46000000000001,22,1764556396,-0.25888139890281947,-0.2591546727229139,-0.25888139890281947,-0.25888139890281947,-1.2155431611714387,0.0,-0.25888139890281947,0.0,0.0,-0.001249999999999871,-0.25890417172116065,0.0,-0.2589269445395019,,,-0.022372489572737422,1,0.07268341763133024,0.054985930530642414,-0.25888139890281947,0.04436459739797356,4.62,,,,4.365894791666666,,,0.10344827586206896,29.0
0xca32458e2155098f7735bf5e8bd6b675c80c2c78,0.02727992662168418,0.010628431,0,230.0,5,1764220907,0.0,0.0,0.0,0.0,0.0,0.0,0.0,0.0,0.0,-0.22999999999999995,-0.00025050100175325594,0.0,-0.0005010020035065119,,,0.006984847911186358,1,0.07268341763133024,0.12616777020022313,0.0,0.07562494488843363,38.57,,,,61.5894399893617,,,0.07692307692307693,24.0
0xeae3266903f9ddfe0fdff73febe6b5a70762d912,0.02727992662168418,0.010628431,0,1676.659999,4,1764841527,-2.4046542328529014e-18,-6.01143486614666e-09,-2.4046542328529014e-18,-2.4046542328529014e-18,-4.2509346594082935e-06,0.0,-2.4046542328529014e-18,0.0,0.0,4.979999823915904e-07,3.742492079133632e-11,0.0,7.484984398732686e-11,,,-0.007299997519960133,1,0.07268341763133024,-0.02576976823037011,-2.4046542328529014e-18,0.1293837316157438,1.0,30044087.0,30044087.0,6.833718265290526,7.955280375000001,25647639.0,,0.3170731707317073,41.0
0x9ffa87e7454ae2eef021b7a1f4827af1bb4603ef,0.02727992662168418,0.010628431,0,502.0,4,1764880783,0.0,0.0,0.0,0.0,0.0,0.0,0.0,0.0,1.0,0.0,0.0,0.0,0.0,,,-0.008000000000000007,1,0.07268341763133024,-0.031128090944235166,0.0,0.10552269796010681,8.0,33194581.0,33194581.0,7.48349777171786,12.27214110769231,28758877.0,,0.21428571428571427,28.0
0x8c65645130b3e7e1d6b897b010673de3c353d11b,0.02727992662168418,0.010628431,0,3345.1160130000003,6,1764850417,-5.008018532404215e-10,-1.5024055597212646e-09,-5.008018532404215e-10,-5.008018532404215e-10,-2.125146859160105e-06,0.0,-5.008018532404215e-10,0.0,0.0,-3.333329504000144,-0.00012525092044097114,0.0,-0.000250501340080089,,,-0.01600000029970001,1,0.07268341763133024,-0.010664874193779728,-5.008018532404215e-10,0.08779568250693782,8.44356,,,,13.482020804347826,,,0.15384615384615385,39.0
0xdd572169e741c72227589c5cb56b9ddd638d694d,0.027274632131779466,0.01058215,0,40438.91812,5,1764823661,0.002763779556351663,0.0030977808920226706,0.002763779556351663,0.002763779556351663,0.007586843427602013,-0.05986249720778341,0.002763779556351663,-0.054472869906861565,0.0,-115.87866000000113,0.002118719102755547,-0.05493953012019412,0.0014736586491594303,-0.08286701653262941,-0.07906702621263058,,1,0.07268341763133024,-0.0017186352254021924,0.002763779556351663,0.0,0.007,10695691.0,10695691.0,2.4427294041769687,0.011551857321652063,6317109.0,,,0.0
0x11b8c98efccfeda7d5fb86931bbd19de3324435f,0.027272067389747478,0.010559727,0,38.772473,12,1764811389,-4.2516888869271316e-07,-5.102026664312577e-07,-4.2516888869271316e-07,-4.2516888869271316e-07,-5.538366814248622e-05,-0.016881044304398754,-4.2516888869271316e-07,-0.016554581829532657,0.10393781590556485,-0.22625950685714238,-0.005394445688006385,-0.0006659096750797937,-0.010788466207124077,-0.07328315462298825,-0.07378314864946474,-0.3861344609525157,1,0.07268341763133024,-0.000726070338435346,-4.2516888869271316e-07,0.0,1.76,33802094.0,33802094.0,7.741569883952353,4.315785970388155,29435784.0,0.0,,0.0
0x43440ab002eaac9fede6f9d21bea96d84228f90d,0.027270109369786324,0.010542608,0,4435.112,2,1764876621,0.0,0.0,0.0,0.0,0.0,-0.04660150689549727,0.0,-0.046051507769688166,0.0,0.0,0.0,-0.0008530075175394625,0.0,0.0010030074950878886,-0.08909399298675795,,1,0.07268341763133024,-0.012955539118896034,0.0,0.0,5.5574995000000005,31139706.0,31139706.0,7.02683309782464,393.34109639544755,26708164.0,0.0,,0.0
0x49b5ea600756e252050dd18aaba8317724f9d249,0.027270109369786324,0.010542608,0,3389.45218,3,1764854407,0.0,0.0,0.0,0.0,0.0,-0.044843969859367214,0.0,-0.045500000000000006,0.0,1.5260900000000015,0.0002248747492738981,0.000299901197933472,0.0004497494985477962,0.0014180904218983423,-0.08798190957810166,,1,0.07268341763133024,-0.008242235057527601,0.0,0.0,1.9,,,,23.060803267212506,,,,0.0
0x436b9530e9ff4ce3cdff8119fc7e5afe50d7765c,0.027270109369786324,0.010542608,0,3.9919960000000003,4,1764935867,-1.5032866487735189e-06,4.515716876115205e-06,-1.5032866487735189e-06,-1.5032866487735189e-06,0.00011652768830288348,-0.04386071288659659,-1.5032866487735189e-06,-0.045467640788085524,0.0,-0.00099902692700371,-0.00012644399881413,6.357235895536823e-07,-0.0002513847109794865,0.002010306201390129,-0.08878988841320914,,1,0.07268341763133024,-0.025526188818177305,-1.5032866487735189e-06,0.0,2.79,,,,5.711719071927,,,,0.0
0x225b7c9aaf6108ded29b9fda9939aa671ef6422a,0.02726826811206808,0.010526508,0,3922.883,12,1764829225,-0.02544999498717425,-0.026451998994187282,-0.02544999498717425,-0.02544999498717425,-0.08418415803737313,0.0,-0.02544999498717425,0.0,0.0,,-0.02544999498717425,0.0,-0.02544999498717425,,,-0.1780499999040005,0,0.07268341763133024,,-0.02544999498717425,0.0485581468611215,15.54,8237514.0,8237514.0,1.8789324078167104,120.51323384519827,3853368.0,,0.3488372093023256,86.0
0x8a8ca723c227e97370d3281e54b117cf4cb25ae2,0.027267551537924112,0.010520242,0,1400.0,6,1764895515,0.0,0.0,0.0,0.0,0.0,0.0,0.0,0.0,0.0,-1.20000000000004,-0.00021471514435994084,0.0,-0.0004294302887198817,,,-0.03625000000000003,1,0.07268341763133024,-0.017049710144743033,0.0,0.13265307871721366,1.999998,,,,13.41584792982456,,,0.0,11.0
0x2892ea81ccc646db98819a1c7ac03c56227d71dd,0.02726096572831173,0.010462646,0,164.777497,9,1764825265,-1.5937253731999697e-07,-1.6601305970833019e-07,-1.5937253731999697e-07,-1.5937253731999697e-07,-6.448754744992233e-05,0.0,-1.5937253731999697e-07,0.0,0.0,-0.279973525,-0.0009073668192983801,0.0,-0.0018145742660594401,,,0.07037370070991744,1,0.07268341763133024,-0.0028537831829209244,-1.5937253731999697e-07,0.0,9.89703,12718352.0,12718352.0,2.903610029345786,16.811196310734463,8338166.0,,,0.0
0x47f0af7a0ae498a4f0f1f9092dd572240eaeda2b,0.027259138486254848,0.010446664,0,2000.0,4,1764822115,0.0,-0.0010020040070130248,0.0,0.0,-0.0020040080140260497,0.0,0.0,0.0,1.0,,0.0,0.0,0.0,,,0.2747000000000009,0,0.07268341763133024,,0.0,0.09176488914306692,3.2,43794156.0,43794156.0,10.005436555696594,7.733570191836735,39417120.0,0.0,0.2857142857142857,63.0
0xeec50edede5d961efb02e20bfd3275dd1e7fb6fe,0.02725771636293408,0.010434224,0,11727.968208,42,1764819859,-0.00022229172696308774,-0.00029638896928411697,-0.00022229172696308774,-0.00022229172696308774,-0.001089922813518729,-0.033251191910298905,-0.00022229172696308774,-0.032860937066775016,0.0,-1.8615987367272877,-0.0004907913444963923,-0.01936594763972512,-0.0007592909620296969,-0.06751182531395344,-0.06868700577042994,,1,0.07268341763133024,-0.0009119375554047683,-0.00022229172696308774,0.0,26.95704,20283933.0,20283933.0,4.636560695623551,109.75721416250452,15909153.0,,,0.0
0xdc8d49e3317dab913726f10c75a6dff742c784bc,0.027254762363006082,0.010408383,0,37691.584061,56,1764704671,0.00021166455695647708,0.00042212425412719125,0.00021166455695647708,0.00021166455695647708,0.0009210656048141067,0.0,0.00021166455695647708,0.0,0.0,-7735.89718107353,-0.09049209677049351,0.0,-0.1811958580979435,,,-1.040243145806464,1,0.07268341763133024,-0.005879854242758711,0.00021166455695647708,0.0,49.0,124510921.0,124510921.0,29.230715289163843,457.45913358809526,120251329.0,,,0.0
0xb8e69b66c2a4d26db7b602d8f170dfb46b8f9767,0.02725228023016145,0.010386667,0,2382.979996,2,1764985351,2.680002732303848e-10,0.001002004275013298,2.680002732303848e-10,2.680002732303848e-10,0.0014170480352796268,-9.999970538760125e-05,2.680002732303848e-10,-0.0903999997053876,0.0,,2.680002732303848e-10,-0.00019999970658759702,2.680002732303848e-10,-9.999970538760125e-05,-0.0903999997053876,,1,0.07268341763133024,-0.036025564805066454,2.680002732303848e-10,0.0,12.46875,40609680.0,40609680.0,8.944327564515959,86.97367685074626,36069408.0,0.0,,0.0
0xa0f9dc2fb512aa43649e487dba50015c1941cf34,0.027251389815761473,0.010378877,0,74.074074,2,1764833513,-0.02605209781109605,-0.027054101818109074,-0.02605209781109605,-0.02605209781109605,-0.03826027770899247,0.0,-0.02605209781109605,0.0,0.0,,-0.02605209781109605,0.0,-0.02605209781109605,,,-0.20069994849614925,0,0.07268341763133024,,-0.02605209781109605,0.0,68.574607,37476760.0,37476760.0,8.539893729745053,308.9119767253676,33088326.0,0.0,,0.0
0xb1a190be02cafacb6c30b98beb621503d5e2d308,0.027251389815761473,0.010378877,0,4197.92995,29,1764489273,-0.9635498587133947,-0.9645518627204077,-0.9635498587133947,-0.9635498587133947,-4.51131953537557,0.0,-0.9635498587133947,0.0,0.0,,-0.9635498587133947,0.0,-0.9635498587133947,,,-0.050594182897732466,0,0.07268341763133024,,-0.9635498587133947,0.0,48.9,27798605.0,27798605.0,6.873707097137279,147.95203129546323,23754411.0,0.0,,0.0
0x805a922574d7d6b158b7bbb49a6fa8925eb60635,0.027244492377459854,0.0103185205,0,104795.51276,23,1764823101,0.00035878707980162815,-0.0015210101966014094,0.00035878707980162815,0.00035878707980162815,-0.005946044139859225,0.0,0.00035878707980162815,0.0,0.4662572862232865,35.4733541048206,0.0010368828650789731,0.0,0.001714978650356318,,,0.2651861086981887,1,0.07268341763133024,-0.001783137090651855,0.00035878707980162815,0.0,6.2257,35322211.0,35322211.0,8.068075263212474,321.05625455,30944189.0,0.0,,0.0
0x7c2c96af5bdadc1818360ac33ba77718c5a3407e,0.027244492377459854,0.0103185205,0,11.0,2,1764819279,0.0,0.0,0.0,0.0,0.0,0.0,0.0,0.0,0.0,3.0000000000000027,0.0003757515026298843,0.0,0.0007515030052597686,,,0.24619999999999903,1,0.07268341763133024,-0.0008003323543477864,0.0,0.0,0.040025,,,,1.0725540102865538,,,,0.0
0xfc013900fd8ef7232d449aa2b19b77374e0b603b,0.027240859843474633,0.010286728,0,1222.222222,2,1764830261,-0.02605210379948196,-0.027054107806494986,-0.02605210379948196,-0.02605210379948196,-0.038260286177849046,0.0,-0.02605210379948196,0.0,0.0,,-0.02605210379948196,0.0,-0.02605210379948196,,,-0.19460001986660175,0,0.07268341763133024,,-0.02605210379948196,0.0,1.15,5208741.0,5208741.0,1.1878049759394251,2.2780423806475905,823559.0,,,0.0
0x61d0aceed741417e9b7ea45bcb7bf0295c8d1d86,0.02724055872299565,0.010284092,0,110835.689483,43,1764828587,-2.3089853979387384e-11,-4.0407244871273363e-11,-2.3089853979387384e-11,-2.3089853979387384e-11,-5.323697425942838e-07,-0.00023887355498278948,-2.3089853979387384e-11,-0.00022620883144033738,0.0,-65.20992250740026,-0.0003891872752446333,0.00011254477055764438,-0.0007783745273994126,-0.05638189515458187,-0.05798188075175726,-0.027200000637559108,1,0.07268341763133024,-0.002763820055072711,-2.3089853979387384e-11,0.0,7.1816,10809455.0,10809455.0,2.4659370987802465,19.22524676978417,6425947.0,,,0.0
0x1d0dbe5ed62c06fcf4907bda50f21e1935a59b6e,0.027240555956532755,0.010284068,0,714.877877,53,1764503684,0.0018654041032207158,0.0019370893098159786,0.0018654041032207158,0.0018654041032207158,0.014478153640387344,0.03253192545989744,0.0018654041032207158,-0.010111976116160746,0.0,6.715755247804885,0.003522408216231807,-0.009845548798956764,0.005179412329242899,0.8635726749834826,0.8624393405745936,0.22900000002400028,3,0.07268341763133024,0.06617318496206909,0.0018654041032207158,0.0,3.175119,33438874.0,33438874.0,8.239006752320071,5.936809939331265,29380269.0,0.0,,0.0
0x562bc8068347268d9a69b8dd464d00eed0f9dc09,0.027239747203453762,0.010276989,0,6249.613378,37,1764824631,0.0019107269116826193,0.0021632319656593405,0.0019107269116826193,0.0019107269116826193,0.012028349541248784,-0.04237910846078828,0.0019107269116826193,-0.04068595077320389,0.0,1.61371153654545,0.002405158612495457,-0.03853119882896327,0.0028995903133082947,-0.0712136169589701,-0.07092599129699453,,1,0.07268341763133024,-0.001924447098073813,0.0019107269116826193,0.0,29.64,27629425.0,27629425.0,6.308733176361418,91.81640163816343,23249873.0,,,0.0
0x7740253843b20007a4c99c3766878351002acbcd,0.027239747203453762,0.010276989,0,58.41256,8,1764818157,-0.0007616470278279548,0.0001344082990284626,-0.0007616470278279548,-0.0007616470278279548,0.0006356358726558571,-0.006452184158940258,-0.0007616470278279548,-0.005875728131703657,0.0,0.5513866666666652,0.002151519008871742,-0.005375656952521603,0.005064685045571439,0.031029802201729545,0.029469799915169376,,1,0.07268341763133024,-0.0005508119808819866,-0.0007616470278279548,0.0,5.76,51860145.0,51860145.0,11.858957237899713,12.772319078864353,47487067.0,0.0,,0.0
0xcdb1f1ef8213c06911e4ba6a884176c5571e276c,0.027239747203453762,0.010276989,0,24332.064275,58,1764825661,5.68128358815144e-05,7.02901224968812e-05,5.5094915609322516e-05,5.68128358815144e-05,0.0009296982887489738,-0.03218948327693605,5.68128358815144e-05,-0.030845246182373047,0.0,0.0015482936086623187,5.714662757217134e-05,-0.006762668927531663,5.748041926282827e-05,-0.0713565871728047,-0.07317173597754419,,1,0.07268341763133024,-0.0021429896020447093,5.68128358815144e-05,0.0,23.4,,,,334.10390428342646,,,,0.0
0x17a573d7c137026be0c86ac13b539154155fe00a,0.027239747203453762,0.010276989,0,22455.031685,62,1764818549,-3.25298508679918e-05,-4.8794776301987686e-05,-3.25298508679918e-05,-3.25298508679918e-05,-0.00038298522703583167,-0.03240140768644597,-3.25298508679918e-05,-0.03188018499379542,0.0,26.43289025577774,0.0025316016253397705,-0.030828234452595207,0.005095733101547533,-0.04938101059329554,-0.05070365210272951,,1,0.07268341763133024,-0.0006339854387039199,-3.25298508679918e-05,0.0,10.117999999999999,,,,49.89241444246576,,,,0.0
0xc781e8dd03946230f2f32ab36077998bcb4a59d7,0.027239747203453762,0.010276989,0,9810.350638,6,1764819437,6.138277799937194e-10,4.09218519995813e-09,6.138277799937194e-10,6.138277799937194e-10,9.055811358235596e-06,-0.03671924822853831,6.138277799937194e-10,-0.03493847996230108,0.0,2.07052783199999,0.0002593353148209233,-0.03538847996027905,0.0005186700158140666,-0.06891540985051836,-0.06781540985051836,,1,0.07268341763133024,-0.0008223987819331972,6.138277799937194e-10,0.0,33.0,27167959.0,27167959.0,6.2107305803503055,451.472108006052,22793601.0,,,0.0
0xf1f9a438f2697381b4ac8eb283d6f4dd772d1245,0.027239747203453762,0.010276989,0,7778.205436,12,1764825083,6.712178838439962e-09,2.550627958607158e-08,6.712178838439962e-09,6.712178838439962e-09,3.116377681333013e-05,-0.03197627032161195,6.712178838439962e-09,-0.029839023890323176,0.0,1.578954595333347,0.00044497793158958335,-0.029164023438157244,0.0008899491510003282,-0.061764092449850094,-0.06119742607502355,,1,0.07268341763133024,-0.0020203511871950217,6.712178838439962e-09,0.0,12.597375,45294060.0,45294060.0,10.341100145114023,241.03295972016156,40914056.0,0.0,,0.0
0x47ab026767cc320ac6e62f6ec747d59cf4d795df,0.027239433646342837,0.0102742445,0,229765.17194,74,1764824465,0.0017281765573680706,0.0027301805643810935,0.0017281765573680706,0.0017281765573680706,0.034535128114131376,-0.021194842730357006,0.0017281765573680706,-0.07457493945092072,0.0,,0.0017281765573680706,-0.0010424638647746334,0.0017281765573680706,-0.01538321916623179,-0.07542893347265596,,4,0.07268341763133024,-0.001889225684812484,0.0017281765573680706,0.0,37.191084,118562408.0,118562408.0,27.072838064514066,483.16130954519053,114183022.0,0.0,,0.0
0xad529df14c293d77984a0137990a1441b25211ac,0.027238777496615112,0.010268501,0,37102.572133,46,1764229867,4.583875702816804e-05,0.00038531931760979156,4.583875702816804e-05,4.583875702816804e-05,0.0011957404045372997,0.0013266578644277923,4.583875702816804e-05,-0.02906880317251255,0.0,7.499500177304305,0.001101043661813591,-0.003203481518194917,0.0021562485665990137,4.353020000000001,4.3163,0.006063555787602333,4,0.07268341763133024,0.02085659325760305,4.583875702816804e-05,0.0,0.14904,7972462.0,7972462.0,2.1064487627840713,19.132830535049102,4187674.0,,,0.0
0x51727cf649ff35f254a7975f90800dea4b290581,0.027237426197895855,0.010256672,0,2.3533939999999998,5,1764818269,-0.010020040177849996,-0.01102204418486302,-0.010020040177849996,-0.010020040177849996,-0.016500232840591402,0.0,-0.010020040177849996,0.0,0.0,,-0.010020040177849996,0.0,-0.010020040177849996,,,0.19943400061601513,0,0.07268341763133024,,-0.010020040177849996,0.014520520012905574,18.0,29360273.0,29360273.0,6.713697095255409,86.96662378462655,24987083.0,0.0,0.29916317991631797,478.0
0x58c85b9a2f357cb32d92cbb6443d552148060300,0.027236295502141194,0.010246774,0,158.784339,30,1764628794,-0.04055405186454208,-0.04350497041576781,-0.04055405186454208,-0.04055405186454208,-0.23931180413964842,2.0576634545355,-0.04055405186454208,-0.017782030488337628,0.0,0.20716981142857133,-0.03921166468700305,-0.016729211141014617,-0.03786927750946402,7.152576922439722,7.148253845516645,-1.0545859999696234,4,0.07268341763133024,0.03962769693119646,-0.04055405186454208,0.0,4.71,7911960.0,7911960.0,1.8911326416832888,5.285456686535391,3728245.0,,,0.0
0xb3fe2aeb7f5c6a2dc0cb3d9dbb009fa7c7b54a24,0.027232707111332778,0.010215359,0,5095.0,7,1764832581,0.00033400133567100824,0.0006680026713420165,0.00033400133567100824,0.00033400133567100824,0.0011570145663561072,-0.0309,0.00033400133567100824,-0.030065664160820186,0.0,-85.00000000000006,-0.0010855043409307768,0.00026766917251315415,-0.002505010017532562,-0.0017944484710633636,-0.09019699248246055,-0.15210000000000015,1,0.07268341763133024,-0.007971921319606319,0.00033400133567100824,0.0,8.13515,44281297.0,44281297.0,10.09259870422851,132.10156936956523,39893795.0,0.0,,0.0
0xb401123e33dbbe1d575c4ee4f30c714a2819df2a,0.027227968612115332,0.010173868,0,30031.431325999998,38,1764577368,0.0004887650697384673,0.0006109563371730843,0.0004887650697384673,0.0004887650697384673,0.0017509467972956951,-0.0347308840930069,0.0004887650697384673,-0.034024886048915196,0.0,-195.07411846846156,-0.015004854915146438,-0.007494347416801259,-0.030498474900031342,-0.04270962337146312,-0.05448788428422395,-0.0240181474216537,2,0.07268341763133024,-0.0017890780519248502,0.0004887650697384673,0.0,9.1,9897951.0,9897951.0,2.395270756716193,87.92347312812737,5765662.0,0.0,,0.0
0x7d3a7ccb10dc4c2f182e4d1998ab8648e43374db,0.027225498103157608,0.010152234,0,2.0,2,1764826517,-0.009018036063117223,-0.010020040070130248,-0.009018036063117223,-0.009018036063117223,-0.014170476562700055,0.0,-0.009018036063117223,0.0,0.0,,-0.009018036063117223,0.0,-0.009018036063117223,,,0.20209996099827032,0,0.07268341763133024,,-0.009018036063117223,0.08421458887586564,0.999999,,,,1.0552900606060607,,,0.0625,16.0
0x6a9743e7872cb5e321ca2eb97edc907bc6c14800,0.027223055565760917,0.010130842,0,422.63293,18,1764826221,-0.0021359194094229123,-0.002568335559532008,-0.0022707914877921846,-0.002315748891846353,-0.013446569399813212,0.0,-0.0023607062959005217,0.0,0.8195541009793301,10.88849200000001,-0.0003959958122645372,0.0,0.0015237571335240435,,,0.13749999999999987,1,0.07268341763133024,-0.002279207356946957,-0.002225834083738015,0.0,10.34,23978397.0,23978397.0,5.473092860263375,55.89288990741423,19597255.0,0.0,,0.0
0x75e765216a57942d738d880ffcda854d9f869080,0.027223055565760917,0.010130842,0,588.898398,15,1764825751,-0.0019372345487321159,-0.0039277460373334395,-0.0019372345487321159,-0.0019372345487321159,-0.013380223737046932,0.0,-0.0019372345487321159,0.0,0.03103448275862069,22.270705602285734,-0.0008958567641245332,0.0,0.00014552102048304952,,,0.05509999999999994,1,0.07268341763133024,-0.002232952729892923,-0.0019372345487321159,0.0,4.97301,33969488.0,33969488.0,7.754401151238897,88.19329816852635,29588816.0,0.0,,0.0
0x9ad091ca2e8f1bd69f27662edcb49dceeaa5bf3d,0.027223055565760917,0.010130842,0,39.899194,22,1764825609,-0.00010560818514836446,-0.00015835067165399588,-0.00010560818514836446,-0.00010560818514836446,-0.0007537827611370514,0.0,-0.00010560818514836446,0.0,0.0,0.4600025590000005,0.0005008813043314461,0.0,0.0011073707938112568,,,0.07729999999999981,1,0.07268341763133024,-0.002232952729892923,-0.00010560818514836446,0.0,5.33,,,,26.548868216491343,,,,0.0
0x48185887c8dc95de60ee89722f1d0ee7894cbf0b,0.02722238140382563,0.010124938,0,39960.0,1,1765051047,0.0,0.0010020040070130248,0.0,0.0,0.0010020040070130248,-0.0003000000000000003,0.0,-0.00010000000000000009,0.0,,0.0,0.0,0.0,0.0,-0.0001000000000000001,,1,0.07268341763133024,-0.04996475736901984,0.0,0.0,0.01,35949412.0,35949412.0,7.804963473476151,185.15249477686874,31343444.0,0.0,,0.0
0xbefa95c276ee8ef6ff3ef43d1c1c454f52bc300d,0.027221859417979062,0.010120366,0,185.99997199999999,7,1764867111,-0.0001950804217497178,-0.0002926207035629248,-0.0001950804217497178,-0.0001950804217497178,-0.0009380145866827715,0.0,-0.0001950804217497178,0.0,0.6071428197278876,50.99999000000004,-8.202245166609379e-05,0.0,3.103551841753021e-05,,,-8.881784197001252e-16,1,0.07268341763133024,-0.012955539118896034,-0.0001950804217497178,0.0,0.06,8734494.0,8734494.0,1.9752217984854021,1.7109401646382691,4312462.0,,,0.0
0x822f5e95d2c5c9c32febbf1992caa680178cea37,0.027219143419680146,0.010096576,0,400.12100000000004,3,1764829145,-0.04908304561612717,-0.0500850496231402,-0.04908304561612717,-0.04908304561612717,-0.07484188283875887,0.0,-0.04908304561612717,0.0,0.0,,-0.04908304561612717,0.0,-0.04908304561612717,,,-0.38057752445282383,0,0.07268341763133024,,-0.04908304561612717,0.15049701649929428,10.094999999999999,9679015.0,9679015.0,2.2077712789907817,27.75729179787234,5294949.0,,0.2727272727272727,44.0
0x7c2daa12b91b8314ef7f1d983e417af502e90891,0.027219143419680146,0.010096576,0,250.0,3,1764883243,-0.003006012021039117,-0.004008016028052143,-0.003006012021039117,-0.003006012021039117,-0.006466122677663262,0.0,-0.003006012021039117,0.0,0.0,,-0.003006012021039117,0.0,-0.003006012021039117,,,-0.02420000000000002,0,0.07268341763133024,,-0.003006012021039117,0.01963117832736855,0.999999,9233678.0,9233678.0,2.0805175293206832,1.2703236826347304,4795514.0,,0.13043478260869565,69.0
0x8b203cda6a48baee7d7b0f2c07cf6add26e038ff,0.027218539096976184,0.010091282,0,19612.951078,17,1764829167,-8.954412815167306e-09,-1.0819915605966507e-08,-8.954412815167306e-09,-8.954412815167306e-09,-1.773150721500495e-05,0.0,-8.954412815167306e-09,0.0,0.0,-167.09137717934158,-0.0029447384274707933,0.0,-0.005889467900528772,,,-0.1620000239039998,1,0.07268341763133024,-0.004207897998787195,-8.954412815167306e-09,0.13635664564792774,1.0,15329924.0,15329924.0,3.4967190439607965,25.883825680683312,10945836.0,,0.11282051282051282,195.0
0x2ea09bde0f670768ca8ba23438c7ec404a343dab,0.027205003305526547,0.009972684,0,334.666653,4,1764910403,-5.008026113246538e-09,-1.502410826779268e-08,-5.008026113246538e-09,-5.008026113246538e-09,-6.720312870423408e-06,0.0,-5.008026113246538e-09,0.0,0.0,-0.333329504009958,-0.0001252546965276708,0.0,-0.00025050438502922836,,,-0.015099987649600004,1,0.07268341763133024,-0.020139434361077197,-5.008026113246538e-09,0.0,4.949998,9363694.0,9363694.0,2.0969797488379345,6.548633407452409,4898370.0,,,0.0
0xa49b6ea0a604c581f2a9569db42c192b1c487054,0.027196891600747203,0.009901583,0,42.42323,6,1764551030,-0.40348169809566964,-0.40435064703574586,-0.40348169809566964,-0.40348169809566964,-0.8801142666240259,0.00015940853282621657,-0.40348169809566964,-0.002496432390395677,0.0,-0.010674999999999962,-0.40353368795070443,-0.0022042966851366116,-0.4035856778057393,0.261,0.2584,-1.3658779290964207,1,0.07268341763133024,0.05612744380381079,-0.40348169809566964,0.0,2.571428,,,,7.015340956521739,,,,0.0
0x36da5ca5d1d4b79f1c2ebbb09be8c13834568218,0.02718547285654346,0.00980146,0,25152.0,19,1764858301,0.0,-0.00016537930212836332,0.0,0.0,-0.0006139888658548503,0.0,0.0,0.0,1.0,-0.20833333333333362,-4.053414267852048e-06,0.0,-8.106828535704095e-06,,,-0.007999999395211987,3,0.07268341763133024,-0.012955539118896034,0.0,0.0,3.429999,14306314.0,14306314.0,3.2416937104002472,44.91920174281557,9893092.0,,,0.0
0x0d7bcd28e24d12e4ead003ef9373b13d2178a54b,0.02718291021175813,0.009778985,0,500.0,2,1764860947,-0.0010020040070130248,-0.0020040080140260497,-0.0010020040070130248,-0.0010020040070130248,-0.0028340953125400112,0.0,-0.0010020040070130248,0.0,1.0,,-0.0010020040070130248,0.0,-0.0010020040070130248,,,-0.007400000000000006,0,0.07268341763133024,,-0.0010020040070130248,0.02962985789671513,7.2905,12120865.0,12120865.0,2.744843142956266,12.669851300763359,7704997.0,0.0,0.37142857142857144,140.0
0x070b87f5b1e2c9d976a5e7e5a6e3eccb0ce82d6d,0.02718291021175813,0.009778985,0,500.0,2,1764859045,-0.0010020040070130248,-0.0020040080140260497,-0.0010020040070130248,-0.0010020040070130248,-0.0028340953125400112,0.0,-0.0010020040070130248,0.0,1.0,,-0.0010020040070130248,0.0,-0.0010020040070130248,,,-0.007700000000000007,0,0.07268341763133024,,-0.0010020040070130248,0.09034223225024207,9.999999,14459780.0,14459780.0,3.275915582494292,70.08959075471698,10045814.0,0.0,0.26595744680851063,94.0
0xff76de0257c2443434b1efcbc74176d1fe7a96c3,0.02718291021175813,0.009778985,0,1006.0,4,1764918425,-0.0020040080140260497,-0.0030060120210390743,-0.0020040080140260497,-0.0020040080140260497,-0.006012024042078149,0.0,-0.0020040080140260497,0.0,0.0,,-0.0020040080140260497,0.0,-0.0020040080140260497,,,-0.016100000000000017,0,0.07268341763133024,,-0.0020040080140260497,0.00825846132237677,2.2,11172530.0,11172530.0,2.4975778757109333,2.9957489762711864,6699184.0,,0.23507462686567165,268.0
0x92be01de38bd5487cbb74df5cf4a30e71481368c,0.02718291021175813,0.009778985,0,5000.0,2,1764923709,-0.0020040080140260497,-0.0030060120210390743,-0.0020040080140260497,-0.0020040080140260497,-0.004251142968810017,0.0,-0.0020040080140260497,0.0,0.0,,-0.0020040080140260497,0.0,-0.0020040080140260497,,,-0.016100000000000014,0,0.07268341763133024,,-0.0020040080140260497,0.06870160660359198,24.204998,17430158.0,17430158.0,3.891850409611868,393.5981957405063,12951528.0,,0.14782608695652175,115.0
0x7c3941fb6c074f3796af11d49a00aa92947df4f2,0.02718291021175813,0.009778985,0,5000.0,2,1765040565,0.0,-0.0010020040070130248,0.0,0.0,-0.0014170476562700056,0.0,0.0,0.0,1.0,,0.0,0.0,0.0,,,0.0,0,0.07268341763133024,,0.0,0.024359958177011434,5.999994,16416846.0,16416846.0,3.5723851623092746,9.613595547581905,11821360.0,0.0,0.32954545454545453,88.0
0x651aafb35eb5afa078cf47ba63440f2bef09b898,0.02718291021175813,0.009778985,0,9500.0,4,1764857313,-0.0004746334770061696,-0.0014766374840191946,-0.0004746334770061696,-0.0004746334770061696,-0.0029785925878544014,0.0,-0.0004746334770061696,0.0,1.0,,-0.0004746334770061696,0.0,-0.0004746334770061696,,,-0.003700000000000003,0,0.07268341763133024,,-0.0004746334770061696,0.0784064965894825,2.4,18269195.0,18269195.0,4.140577086346735,11.117572188841203,13856961.0,,0.1896551724137931,58.0
0x1f496a1cc840c95a1eca13f1b5bbdf983ff27458,0.027176006373237242,0.009718425,0,1161.2715600000001,6,1764585916,-0.9501066852958286,-0.9511086893028416,-0.9501066852958286,-0.9501066852958286,-1.9183073598124065,0.0,-0.9501066852958286,0.0,0.0,,-0.9501066852958286,0.0,-0.9501066852958286,,,-0.02273369372755761,0,0.07268341763133024,,-0.9501066852958286,0.0,8.829,6421832.0,6421832.0,1.5508536076160448,40.54994524148259,2280995.0,,,0.0
0xacf4c9d737a0c4c25071d1e5ee58c9b8a37241e3,0.027173135920376047,0.009693241,0,25.559998,4,1764848727,-0.002004007779519457,-0.0030060117865324818,-0.002004007779519457,-0.002004007779519457,-0.0057431793962132395,0.0,-0.002004007779519457,0.0,0.0,,-0.002004007779519457,0.0,-0.002004007779519457,,,-0.015849995531783713,0,0.07268341763133024,,-0.002004007779519457,0.1157486878524484,2.78,,,,6.128381448275863,,,0.07142857142857142,14.0
0x755d29a2e6b543d9463aca57d4d47f50c60b6acc,0.0271692287312407,0.009658957,0,100.2,4,1764831825,0.0,0.0,0.0,0.0,0.0,0.0,0.0,0.0,0.0,-2.9999999999999973,-0.0037575150262988363,0.0,-0.0075150300525976725,,,-0.23499999999999976,1,0.07268341763133024,-0.012762457877523689,0.0,0.0,5.5,11509339.0,11509339.0,2.623662049272969,18.71692395896488,7122593.0,,,0.0
0x22fb05fc74d637aa9d6601cd8a373c04cb69d7d6,0.0271692287312407,0.009658957,0,5842.768298,12,1764832407,-6.440630224069176e-05,-0.0001073438370678196,-6.440630224069176e-05,-6.440630224069176e-05,-0.0007333449218141096,0.0,-6.440630224069176e-05,0.0,0.0,-7.725576290000077,-0.0009882111557235128,0.0,-0.001912016009206334,,,-0.03729585916597833,1,0.07268341763133024,-0.005555647499003828,-6.440630224069176e-05,0.0,1.26,11088106.0,11088106.0,2.527302722750613,52.12060659352517,6700778.0,,,0.0
0xffb50247a2ffd7041c3f1569be1da669e5a5e0a7,0.0271640662246538,0.009613651,0,20.0,2,1764829009,-0.04909819634363822,-0.05010020035065124,-0.04909819634363822,-0.04909819634363822,-0.07085238281350029,0.0,-0.04909819634363822,0.0,0.0,,-0.04909819634363822,0.0,-0.04909819634363822,,,-0.3799999999040007,0,0.07268341763133024,,-0.04909819634363822,0.13896707174811782,1.0,20468060.0,20468060.0,4.6688838553535295,8.792402734693876,16084130.0,,0.0975609756097561,41.0
0x2631ae29825470a26e3ee846d2e604a0e4e450f3,0.027163951942278625,0.009612648,0,1000.0,2,1764897695,-0.004008016028052099,-0.005010020035065124,-0.004008016028052099,-0.004008016028052099,-0.007085238281350027,0.0,-0.004008016028052099,0.0,0.0,,-0.004008016028052099,0.0,-0.004008016028052099,,,-0.03220000000000003,0,0.07268341763133024,,-0.004008016028052099,0.15466646439397053,32.21775,,,,38.93378436585366,,,0.3333333333333333,18.0
0x52bc70fbe32888cf6a72e66a316d981bde35aab6,0.027163951942278625,0.009612648,0,100.0,1,1764833523,-0.024048096168312594,-0.02505010017532562,-0.024048096168312594,-0.024048096168312594,-0.02505010017532562,0.0,-0.024048096168312594,0.0,0.0,,-0.024048096168312594,0.0,-0.024048096168312594,,,-0.18450000000000016,0,0.07268341763133024,,-0.024048096168312594,0.15519098824423247,26.375369,,,,89.66093753333334,,,0.35714285714285715,14.0
0xbacd00c9080a82ded56f504ee8810af732b0ab35,0.027157593082243116,0.009556831,0,26689.625998,59,1764652764,0.0,0.000734127418937048,0.0,0.0,0.0022281956166829943,-9.668492818287732e-05,0.0,-0.0001546152480846832,0.0,-458.6456893238332,-0.02399558328951398,-3.289153169820278e-18,-0.04799116657902796,0.0,-0.0002249997752250002,-1.0550747882547022,3,0.07268341763133024,0.011094320822941955,0.0,0.0,36.90375,18145277.0,18145277.0,4.312413357939104,284.66335585877584,13937592.0,0.0,,0.0
0x370b22aaec663037c678dce86d0057849dd6e34b,0.0271544087319953,0.009528874,0,7.61,2,1764781631,0.0,0.0,0.0,0.0,0.0,0.0,0.0,0.0,0.0,-2.6100000000000003,-0.06538076145759981,0.0,-0.13076152291519963,,,-1.0364454005459605,1,0.07268341763133024,-0.0006127677198717941,0.0,0.0,1.4658,9161466.0,9161466.0,2.1126152759150587,1.335,4824914.0,0.0,,0.0
0x73d225c851df25d73b14846a370bdeef9434f9b7,0.0271544087319953,0.009528874,0,2230.4532,18,1764778271,0.0,1.0024837496058535e-17,0.0,0.0,2.9866194063767308e-09,0.0,0.0,0.0,0.0,-8.108860000000004,-0.0069785643056479996,0.0,-0.013957128611295999,,,-1.0300783265602027,1,0.07268341763133024,0.005845905892627309,0.0,0.0,8.816046499999999,9176259.0,9176259.0,2.117667299302685,30.9008020577072,4843067.0,,,0.0
0x4e25605fd905e9972efc0f4d8814530c655cd7a7,0.02715291661041253,0.0095157735,0,3254.48544,8,1764699570,0.00424477002361158,0.004874077418260003,0.00424477002361158,0.00424477002361158,0.007992223754998974,-0.005629591053216958,0.00424477002361158,-0.00555222990791359,0.0,-220.054,-0.03777028137868338,0.00031240423842787376,-0.07978533278097834,0.005587764239244562,-0.0857122357607554,-1.0421458413209173,1,0.07268341763133024,-0.015545798233921956,0.00424477002361158,0.0,38.95,133146607.0,133146607.0,31.29554322714515,163.11320666957556,128892116.0,0.0,,0.0
0x6480542954b70a674a74bd1a6015dec362dc8dc5,0.027150621887853797,0.009495624,0,82.23663400000001,16,1764903099,0.0003281726007012091,0.0006563452014024183,0.0003281726007012091,0.0003281726007012091,0.0011468744672273369,0.0,0.0003281726007012091,0.0,0.0,-4.923764250000004,0.00016627165672466261,0.0,4.3707127481161295e-06,,,-0.02354182800000003,1,0.07268341763133024,-0.019080670191354118,0.0003281726007012091,0.0,0.02703,21196019.0,21196019.0,4.754581406095083,7.283844678045515,16737999.0,0.0,,0.0
0x684592063acf613e2d0d5887256a0c16cb48c125,0.027150029013527806,0.009490418,0,994.178031,27,1764824767,-0.0028447101532783205,-0.003601976586676683,-0.0028447101532783205,-0.0032267393797515537,-0.01768128881868403,0.0,-0.0033540824552426313,0.0,0.0,24.86568183152943,-0.0010247396327739912,0.0,0.0007952308877303381,,,-0.21890002296153865,2,0.07268341763133024,-0.0023891151404973688,-0.0028447101532783205,0.0,5.085,130093684.0,130093684.0,29.70387023002552,25.315302907323844,125713996.0,0.0,,0.0
0x8f88b822c115fc168672b142a953d37d1ea4ca51,0.027150029013527806,0.009490418,0,7840.12,8,1764889801,-0.00025813822741646526,-0.0005091483775472687,-0.00025813822741646526,-0.00025813822741646526,-0.0019229121747173048,0.0,-0.00025813822741646526,0.0,0.0,-0.9520000000000008,-0.0002985306653685486,0.0,-0.00033892310332063187,,,-0.016100000000000014,2,0.07268341763133024,-0.01595317843549877,-0.00025813822741646526,0.0,20.4,32845516.0,32845516.0,7.389779608263464,58.01009917712442,28400794.0,0.0,,0.0
0x4959175440b8f38229b32f2f036057f6893ea6f5,0.027150029013527806,0.009490418,0,842.4479259999999,19,1764461164,5.215793847326498e-08,-9.555334328302136e-06,5.215793847326498e-08,5.215793847326498e-08,-0.0029614568525207293,0.0,5.215793847326498e-08,0.0,0.0,-0.13127973999999862,-0.0004407598979652406,0.0,-0.0008815719538689546,,,-0.024542714094724166,3,0.07268341763133024,0.07507995897341886,5.215793847326498e-08,0.0,9.267800000000001,,,,51.065257009282696,,,,0.0
0x21ffd2b7a212a6f277ed3eca1a9f8efcbca90d71,0.027150029013527806,0.009490418,0,4011.439486,53,1764461164,-0.003206292412916649,-0.003345141138956199,-0.003206292412916649,-0.003206292412916649,-0.022035961046734377,0.0,-0.003206292412916649,0.0,0.0,-14.152304994594592,-0.03431787126805729,0.0,-0.06542945012319794,,,-0.1568534267537987,5,0.07268341763133024,0.0751911398200992,-0.003206292412916649,0.0,12.268557000000001,33613790.0,33613790.0,8.36979048003217,44.622070777625254,29597705.0,0.0,,0.0
0x8795bcb2fe129d1ea3e3d73bc13a3d8078047544,0.027149017338081557,0.009481534,0,105101.936197,71,1764475753,-0.15639289970547213,-0.15713258712729145,-0.15639289970547213,-0.15639289970547213,-0.8583992027796137,0.0,-0.15639289970547213,0.0,0.0,-208.16434704465001,-0.16594519408201783,0.0,-0.17549748845856353,,,-0.006021513240726039,4,0.07268341763133024,0.04076666407810497,-0.15639289970547213,0.0,27.46915,29734318.0,29734318.0,7.377008907195174,617.3015198167468,25703644.0,,,0.0
0x741bef508fd9e9075e9b60f3cb9410a5a1ec3cbf,0.02714755063815209,0.009468654,0,1000.0,2,1764857285,-0.0010020040070130248,-0.0020040080140260497,-0.0010020040070130248,-0.0010020040070130248,-0.002834095312540011,0.0,-0.0010020040070130248,0.0,1.0,,-0.0010020040070130248,0.0,-0.0010020040070130248,,,-0.007400000000000006,0,0.07268341763133024,,-0.0010020040070130248,0.032373875337827866,4.999999,,,,8.27235278546713,,,0.27450980392156865,153.0
0x11fa80162294d21ccf528df2c70941e6bca4970f,0.02714755063815209,0.009468654,0,1000.0,2,1764887297,-0.004008016028052099,-0.005010020035065124,-0.004008016028052099,-0.004008016028052099,-0.007085238281350027,0.0,-0.004008016028052099,0.0,0.0,,-0.004008016028052099,0.0,-0.004008016028052099,,,-0.032400000000000026,0,0.07268341763133024,,-0.004008016028052099,0.019531282401773625,2.509999,,,,3.8709759200000002,,,0.3445378151260504,118.0
0x5c462c9b739df67118ebb3331f44a4ac9feca137,0.02714755063815209,0.009468654,0,500.0,2,1764873523,-0.0010020040070130248,-0.0020040080140260497,-0.0010020040070130248,-0.0010020040070130248,-0.0028340953125400112,0.0,-0.0010020040070130248,0.0,1.0,,-0.0010020040070130248,0.0,-0.0010020040070130248,,,-0.008100000000000007,0,0.07268341763133024,,-0.0010020040070130248,0.05710321179455696,4.999999,31356026.0,31356026.0,7.080596706201998,24.151739809712584,26927582.0,0.0,0.26573426573426573,143.0
0x8aafe956fb58863c4e6f3cf10ab3dd0de4c9c228,0.02714755063815209,0.009468654,0,250.0,2,1764855363,-0.0030060120210390743,-0.004008016028052099,-0.0030060120210390743,-0.0030060120210390743,-0.005668190625080022,0.0,-0.0030060120210390743,0.0,0.0,,-0.0030060120210390743,0.0,-0.0030060120210390743,,,-0.02400000000000002,0,0.07268341763133024,,-0.0030060120210390743,0.1342499975902973,1.0,,,,2.01189,,,0.13333333333333333,15.0
0xc47fdcc4ccb5bf6c94007beafbd37ff36aa9ffcb,0.02714755063815209,0.009468654,0,250.0,2,1764852569,-0.0030060120210390743,-0.004008016028052099,-0.0030060120210390743,-0.0030060120210390743,-0.005668190625080022,0.0,-0.0030060120210390743,0.0,0.0,,-0.0030060120210390743,0.0,-0.0030060120210390743,,,-0.024099999999925913,0,0.07268341763133024,,-0.0030060120210390743,0.026927006811653477,3.0,,,,7.167474554778554,,,0.35106382978723405,188.0
0xbb2182138b986790638ff3850e0b9a78b070e043,0.02714755063815209,0.009468654,0,348381.431999,25,1764876621,-0.0011482981818061496,-0.0021503021888191745,-0.0011482981818061496,-0.0011482981818061496,-0.007198453780755032,0.0,-0.0011482981818061496,0.0,0.9456047608213105,,-0.0011482981818061496,0.0,-0.0011482981818061496,,,-0.008100000000000007,0,0.07268341763133024,,-0.0011482981818061496,0.1080038025416538,34.275,35175582.0,35175582.0,7.937549051774755,197.75919758450706,30744040.0,0.0,0.11764705882352941,17.0
0x7cbca6904291affd3c6bfa157d5edbc900dc5196,0.02714755063815209,0.009468654,0,384.503702,4,1764829599,-0.025238642837797573,-0.026240646844810596,-0.025238642837797573,-0.025238642837797573,-0.04963543171472277,0.0,-0.025238642837797573,0.0,0.0,,-0.025238642837797573,0.0,-0.025238642837797573,,,-0.18706207049220874,0,0.07268341763133024,,-0.025238642837797573,0.04081343939577973,19.0296,41059892.0,41059892.0,9.364740496109038,38.71292466544694,36675372.0,0.0,0.24915824915824916,297.0
0x5d18de8624ba5b526628259768def39c291f0af4,0.02714755063815209,0.009468654,0,2000.0,2,1765050089,0.0,-0.0010020040070130248,0.0,0.0,-0.0014170476562700056,0.0,0.0,0.0,1.0,,0.0,0.0,0.0,,,0.0,0,0.07268341763133024,,0.0,0.1243238989375938,1.38,,,,1.5462356363636365,,,0.2222222222222222,9.0
0xd397acf3fa08ce6d2439310b8061ba7d058bbd21,0.02714755063815209,0.009468654,0,500.0,2,1764864077,-0.0010020040070130248,-0.0020040080140260497,-0.0010020040070130248,-0.0010020040070130248,-0.0028340953125400112,0.0,-0.0010020040070130248,0.0,1.0,,-0.0010020040070130248,0.0,-0.0010020040070130248,,,-0.007700000179101818,0,0.07268341763133024,,-0.0010020040070130248,0.0014094080788340832,1.0,80006084.0,80006084.0,18.105028334477634,2.1081757542409743,75587086.0,0.0,0.30074487895716945,1072.0
0xebb3d4fdc4acb69baa48c8d530f7699d76ef8044,0.02714755063815209,0.009468654,0,250.0,2,1764854049,-0.0030060120210390743,-0.004008016028052099,-0.0030060120210390743,-0.0030060120210390743,-0.005668190625080022,0.0,-0.0030060120210390743,0.0,0.0,,-0.0030060120210390743,0.0,-0.0030060120210390743,,,-0.024099999999999133,0,0.07268341763133024,,-0.0030060120210390743,0.04295889651030099,3.999999,,,,5.140000125827815,,,0.32558139534883723,43.0
0x130c1afcfd177442c5d55beae598d3814641782c,0.02714755063815209,0.009468654,0,1.999998,2,1764832971,-0.03306610013924356,-0.034068104146256585,-0.03306610013924356,-0.03306610013924356,-0.04817957492797514,0.0,-0.03306610013924356,0.0,0.0,,-0.03306610013924356,0.0,-0.03306610013924356,,,-0.2590997405731847,0,0.07268341763133024,,-0.03306610013924356,0.045502299990442654,10.0,33686195.0,33686195.0,7.677079335589846,22.58204086578658,29298303.0,0.0,0.36486486486486486,148.0
0x359cf7e2cdc79175634d3d06fa87212d418ff17e,0.02714755063815209,0.009468654,0,250.0,2,1764905665,-0.0030060120210390743,-0.004008016028052099,-0.0030060120210390743,-0.0030060120210390743,-0.005668190625080022,0.0,-0.0030060120210390743,0.0,0.0,,-0.0030060120210390743,0.0,-0.0030060120210390743,,,-0.02400000000000002,0,0.07268341763133024,,-0.0030060120210390743,0.05355062615531836,9.999999,,,,17.650186173913045,,,0.28125,32.0
0x1ffc1f740ad20a189dc8ce1c1efb80b761fe8967,0.02714755063815209,0.009468654,0,50.0,2,1764641006,-0.920841682444969,-0.921843686451982,-0.920841682444969,-0.920841682444969,-1.3036838437684042,0.0,-0.920841682444969,0.0,0.0,,-0.920841682444969,0.0,-0.920841682444969,,,-0.01823168817887609,0,0.07268341763133024,,-0.920841682444969,0.06352016353220202,6.0,41101475.0,41101475.0,9.795564841809687,25.410452967329547,36905548.0,0.0,0.3333333333333333,23.0
0x07622674393cefbea76e60060f65073f98b99529,0.02714755063815209,0.009468654,0,6000.0,10,1764854363,-0.0016700066783550413,-0.0026720106853680664,-0.0016700066783550413,-0.0016700066783550413,-0.008593383267404981,0.0,-0.0016700066783550413,0.0,0.75,,-0.0016700066783550413,0.0,-0.0016700066783550413,,,-0.007700000000000007,0,0.07268341763133024,,-0.0016700066783550413,0.0735141263385445,1.818,,,,2.0553685,,,0.13793103448275862,29.0
0xfc9fc3b035d6107fd2e616febe3923854cfc614c,0.02714755063815209,0.009468654,0,41.666665,2,1764833693,-0.02304606907512634,-0.024048073082139368,-0.02304606907512634,-0.02304606907512634,-0.034009111101700844,0.0,-0.02304606907512634,0.0,0.0,,-0.02304606907512634,0.0,-0.02304606907512634,,,-0.1773998133759928,0,0.07268341763133024,,-0.02304606907512634,0.06605878693010153,1.999998,,,,3.0131727234042556,,,0.2926829268292683,41.0
0x19cab5f9cd8469a3baf62998eeea15fabc1f5ba5,0.02714755063815209,0.009468654,0,1.9999989999999999,2,1764882827,-0.002004006514026083,-0.0030060105210391076,-0.002004006514026083,-0.002004006514026083,-0.00425114084748972,0.0,-0.002004006514026083,0.0,0.0,,-0.002004006514026083,0.0,-0.002004006514026083,,,-0.01609998787430027,0,0.07268341763133024,,-0.002004006514026083,0.0654004345272902,0.999999,,,,1.7455480814663953,,,0.16470588235294117,85.0
0xb31e81cd0e1cb3980c6d6ae4ea1b4cf9ecbd4326,0.02714755063815209,0.009468654,0,1.9999989999999999,2,1764928295,-0.002004006514026083,-0.0030060105210391076,-0.002004006514026083,-0.002004006514026083,-0.00425114084748972,0.0,-0.002004006514026083,0.0,0.0,,-0.002004006514026083,0.0,-0.002004006514026083,,,-0.015999987574360264,0,0.07268341763133024,,-0.002004006514026083,0.1454485359464663,2.999999,,,,5.3141625,,,0.3333333333333333,12.0
0x1995d18180e17285fb5ed2135676f915929b6c24,0.02714755063815209,0.009468654,0,1.9999989999999999,2,1764850263,-0.002004006514026083,-0.0030060105210391076,-0.002004006514026083,-0.002004006514026083,-0.00425114084748972,0.0,-0.002004006514026083,0.0,0.0,,-0.002004006514026083,0.0,-0.002004006514026083,,,-0.01609998787430027,0,0.07268341763133024,,-0.002004006514026083,0.06968712193555979,2.999999,29539092.0,29539092.0,6.70552966686522,2.9178557727272723,25133908.0,,0.16666666666666666,24.0
0x48436435dbd01fbe0eda1fefcf60c7b2aa0812be,0.02714755063815209,0.009468654,0,107.999748,3,1764831813,-0.026052104193611213,-0.02705410820062424,-0.026052104193611213,-0.026052104193611213,-0.03252382002732148,0.0,-0.026052104193611213,0.0,0.0,,-0.026052104193611213,0.0,-0.026052104193611213,,,-0.2026000011680021,0,0.07268341763133024,,-0.026052104193611213,0.1471701456010167,3.0,30761521.0,30761521.0,7.012397150134929,16.80173022459893,26374787.0,,0.3684210526315789,19.0
0x6fd5a47a2008cc3636392600527ee821df66e0a7,0.02714755063815209,0.009468654,0,666.666666,2,1764944349,-0.0020040072700380687,-0.0030060112770510933,-0.0020040072700380687,-0.0020040072700380687,-0.004251141916652123,0.0,-0.0020040072700380687,0.0,0.0,,-0.0020040072700380687,0.0,-0.0020040072700380687,,,-0.01569999383724993,0,0.07268341763133024,,-0.0020040072700380687,0.05576698837650574,0.999999,40351985.0,40351985.0,8.968562677945533,2.6108770719178085,35852715.0,0.0,0.35046728971962615,214.0
0x9442468393577cd2581f7b76948edacfb8f85d45,0.02714755063815209,0.009468654,0,666.666666,4,1764855875,-0.0020040065230440864,-0.0030060105300571114,-0.0020040065230440864,-0.0020040065230440864,-0.006012021060114222,0.0,-0.0020040065230440864,0.0,0.0,,-0.0020040065230440864,0.0,-0.0020040065230440864,,,-0.015849987649600022,0,0.07268341763133024,,-0.0020040065230440864,0.07418534798480812,4.0,,,,6.435403512931034,,,0.10526315789473684,38.0
0x1ee66ed15f75332eaf28e05094ca56ece3c5d50e,0.02714755063815209,0.009468654,0,6.452185,3,1764834399,-0.02304606907512633,-0.02404807308213935,-0.02304606907512633,-0.02304606907512633,-0.03872329902585693,0.0,-0.02304606907512633,0.0,0.0,,-0.02304606907512633,0.0,-0.02304606907512633,,,-0.17359980876799264,0,0.07268341763133024,,-0.02304606907512633,0.12057784421043675,1.999999,,,,2.4503723370967743,,,0.3076923076923077,13.0
0x1f0134411be4df9d5003ca286f3dd9fea262548c,0.02714755063815209,0.009468654,0,4830.309693,5,1764923167,-0.0012525049153920486,-0.0022545089224050734,-0.0012525049153920486,-0.0012525049153920486,-0.004750530784525736,0.0,-0.0012525049153920486,0.0,0.414052126491675,,-0.0012525049153920486,0.0,-0.0012525049153920486,,,-0.015999997120827215,0,0.07268341763133024,,-0.0012525049153920486,0.05267005307242668,20.0,31072835.0,31072835.0,6.938862076850656,45.61807462152134,26594747.0,,0.2529411764705882,170.0
0xf1e27baf185604ab9ab5053766d7486068dcc8cc,0.02714755063815209,0.009468654,0,4.0,2,1764881065,-0.0010020040070130248,-0.0020040080140260497,-0.0010020040070130248,-0.0010020040070130248,-0.002834095312540011,0.0,-0.0010020040070130248,0.0,1.0,,-0.0010020040070130248,0.0,-0.0010020040070130248,,,-0.008100000000000007,0,0.07268341763133024,,-0.0010020040070130248,0.0903441286578007,5.9999994999999995,,,,10.688812371428574,,,0.17391304347826086,23.0
0x16fff922dd09fed10f949e8a63c39b4bc65921f9,0.02714755063815209,0.009468654,0,8.019996,2,1764550784,-0.9448896087772963,-0.9458916127843092,-0.9448896087772963,-0.9448896087772963,-1.3376927473345304,0.0,-0.9448896087772963,0.0,0.0,,-0.9448896087772963,0.0,-0.9448896087772963,,,-0.03922108381962621,0,0.07268341763133024,,-0.9448896087772963,0.011931239189381257,5.299924,,,,6.936357429411765,,,0.0966183574879227,207.0
0xfc1e87d9fb3c741b0723b1287194cb0d38de9f28,0.02714755063815209,0.009468654,0,15.665139,6,1764877087,-0.0015436946851727093,-0.0025456986921857344,-0.0015436946851727093,-0.0015436946851727093,-0.005299386018504973,0.0,-0.0015436946851727093,0.0,0.36163994459289506,,-0.0015436946851727093,0.0,-0.0015436946851727093,,,-0.008100000000000007,0,0.07268341763133024,,-0.0015436946851727093,0.09878303385278685,4.999999,32044291.0,32044291.0,7.230197012279762,5.583817457142858,27612283.0,0.0,0.21428571428571427,14.0
0xe75ac274f6474acd10ba8846f469bcde5445d528,0.02714755063815209,0.009468654,0,6340.0,2,1764872865,-0.0010020040070130248,-0.0020040080140260497,-0.0010020040070130248,-0.0010020040070130248,-0.0028340953125400112,0.0,-0.0010020040070130248,0.0,1.0,,-0.0010020040070130248,0.0,-0.0010020040070130248,,,-0.008000000000000007,0,0.07268341763133024,,-0.0010020040070130248,0.07431445119491756,20.224998999999997,30824551.0,30824551.0,6.9616171603596015,46.941499825,26396765.0,0.0,0.36363636363636365,22.0
0xa57b7c2a33a165c10e0b050bc203b008211832dd,0.02714755063815209,0.009468654,0,4.0,2,1764885503,-0.0030060120210390743,-0.004008016028052099,-0.0030060120210390743,-0.0030060120210390743,-0.0056681906250800225,0.0,-0.0030060120210390743,0.0,0.0,,-0.0030060120210390743,0.0,-0.0030060120210390743,,,-0.02420000000000002,0,0.07268341763133024,,-0.0030060120210390743,0.14397015395361737,1.049539,,,,7.598936482051283,,,0.10679611650485436,103.0
0x4eab7978e1238f59a2ad4be4185fbe9a30b108bf,0.02714755063815209,0.009468654,0,10830.0,2,1764957437,-0.0010020040070130248,-0.0020040080140260497,-0.0010020040070130248,-0.0010020040070130248,-0.0028340953125400112,0.0,-0.0010020040070130248,0.0,1.0,,-0.0010020040070130248,0.0,-0.0010020040070130248,,,-0.007700000000000007,0,0.07268341763133024,,-0.0010020040070130248,0.1384405608973854,1.3332,,,,11.43142477777778,,,0.3333333333333333,15.0
0xb873ceab657f080fa4f94cc3c97a7dbe5c07c521,0.02714755063815209,0.009468654,0,59880.0,14,1764855149,-0.00021536058066562046,-0.0012173645876786454,-0.00021536058066562046,-0.00021536058066562046,-0.0048849383577754275,0.0,-0.00021536058066562046,0.0,0.966933867735471,,-0.00021536058066562046,0.0,-0.00021536058066562046,,,-1.1102230246251566e-17,0,0.07268341763133024,,-0.00021536058066562046,0.1479289870946521,9.899999000000001,,,,9.780181961538462,,,0.14285714285714285,7.0
0x7a2fe3f06cb2f36421f7527f4ec38285616a73a9,0.02714755063815209,0.009468654,0,1000.0,2,1765061457,0.0,-0.0010020040070130248,0.0,0.0,-0.0014170476562700054,0.0,0.0,0.0,1.0,,0.0,0.0,0.0,,,-1.1102230246251566e-17,0,0.07268341763133024,,0.0,0.13469394425662218,0.999999,26570269.0,26570269.0,5.755652808327221,1.825399538461539,21953891.0,,0.1111111111111111,18.0
0x3f7aee8f1fafcd873343105b24f83f3f98a9248e,0.02714610331520902,0.0094559435,0,69617.56016,144,1764487551,-0.0012597063064724292,-0.0014564100825522428,-0.0012628909202543664,-0.0012660755340363043,-0.011628412300645957,0.0,-0.0012692601478182413,0.0,0.019260741675782775,-369.33471999999955,-0.002921051314229888,0.0,-0.0045760270944234715,,,0.09679999999999894,1,0.07268341763133024,-0.0017390042354810333,-0.0012628909202543664,0.0,12.0,18158209.0,18158209.0,4.491857704889483,18.187877176031606,14115737.0,0.0,,0.0
0x071e3fb0fd7b18c1033e311eb82122f430213d22,0.027136564928482633,0.009372159,0,752.0,4,1764855781,-0.002204408815428654,-0.00320641282244168,-0.002204408815428654,-0.002204408815428654,-0.006183000837539426,0.0,-0.002204408815428654,0.0,0.0026595744680851063,,-0.002204408815428654,0.0,-0.002204408815428654,,,-0.01605000000000002,0,0.07268341763133024,,-0.002204408815428654,0.12857231536372693,1.0,33528763.0,33528763.0,7.601684040318299,3.272688710526316,29118061.0,0.0,0.017241379310344827,58.0
0xa6e7ffa50b030c3a448511f5c268504eaa3e5fbc,0.027136564928482633,0.009372159,0,2250.0,4,1764852405,-0.00033400133567100824,-0.0013360053426840332,-0.00033400133567100824,-0.00033400133567100824,-0.003225402217710707,0.0,-0.00033400133567100824,0.0,0.8888888888888888,,-0.00033400133567100824,0.0,-0.00033400133567100824,,,-0.01205000000000046,0,0.07268341763133024,,-0.00033400133567100824,0.10018905071094725,1.0,,,,1.8173097777777778,,,0.0,15.0
0xdec5181ca9851abb10388591c497452629e7e955,0.027136564928482633,0.009372159,0,2383.333333,8,1764894641,-0.002088092057880872,-0.0030900960648938963,-0.002088092057880872,-0.002088092057880872,-0.01019293057147599,0.0,-0.002088092057880872,0.0,0.5664335665127879,,-0.002088092057880872,0.0,-0.002088092057880872,,,-0.036300000000000034,0,0.07268341763133024,,-0.002088092057880872,0.08587258754922195,1.0449,,,,1.5452988799999998,,,0.0,13.0
0x4e1ed09dd41f47bd7ba353014f382672f96bf989,0.027136564928482633,0.009372159,0,40.0,2,1764829597,-0.024048096168312594,-0.025050100175325617,-0.024048096168312594,-0.024048096168312594,-0.035426191406750136,0.0,-0.024048096168312594,0.0,0.0,,-0.024048096168312594,0.0,-0.024048096168312594,,,-0.1781999999040005,0,0.07268341763133024,,-0.024048096168312594,0.12396693764088236,1.0,,,,1.0624995625,,,0.0,9.0
0x05b9be5eac9206e1ff5f21a9535768b3930ea674,0.027136564928482633,0.009372159,0,333.333333,2,1764851393,-0.0020040065230440864,-0.0030060105300571114,-0.0020040065230440864,-0.0020040065230440864,-0.004251140860243102,0.0,-0.0020040065230440864,0.0,0.0,,-0.0020040065230440864,0.0,-0.0020040065230440864,,,-0.015999987648400896,0,0.07268341763133024,,-0.0020040065230440864,0.06250000000001343,0.999999,,,,1.0333589411764705,,,0.0,16.0
0xc5d5b7a32f92acaedad697640fb4904d47965cd6,0.027136564928482633,0.009372159,0,1333.333333,4,1764949563,-0.0005010016292580166,-0.001503005636271042,-0.0005010016292580166,-0.0005010016292580166,-0.003352769696249819,0.0,-0.0005010016292580166,0.0,0.7500000001875,,-0.0005010016292580166,0.0,-0.0005010016292580166,,,-0.00784998759980018,0,0.07268341763133024,,-0.0005010016292580166,0.0833333333340619,0.999999,,,,1.7293379066666668,,,0.0,12.0
0x40896b94fefbf1353f624d63b51b3ce44b9d1865,0.027136564928482633,0.009372159,0,1000.0,2,1765056779,0.0,-0.0010020040070130248,0.0,0.0,-0.0014170476562700054,0.0,0.0,0.0,1.0,,0.0,0.0,0.0,,,0.0,0,0.07268341763133024,,0.0,0.09529729478349017,0.999999,,,,4.725595187500001,,,0.0,23.0
0x1a07377a5c16796392bb9e240ae747f4a94ee2c0,0.027136564928482633,0.009372159,0,5.0,2,1764478127,-0.9689378747815941,-0.9699398787886071,-0.9689378747815941,-0.9689378747815941,-1.3717021312693642,0.0,-0.9689378747815941,0.0,0.0,,-0.9689378747815941,0.0,-0.9689378747815941,,,-0.043199774182941256,0,0.07268341763133024,,-0.9689378747815941,0.12162466873326534,4.825,,,,8.63810016,,,0.0,9.0
0x403ccf20a381a8f496521469705b484adaf372a1,0.027134315432834975,0.009352395,0,106.0475,4,1764829463,0.0004768536458024157,0.0005006963280925366,0.0004768536458024157,0.0004768536458024157,0.003245873421431283,0.0,0.0004768536458024157,0.0,0.0,-6.666666666666672,-0.0007458480101012145,0.0,-0.0019685496660048446,,,-0.22679999990400054,1,0.07268341763133024,-0.0030014585059925203,0.0004768536458024157,0.0,5.7530485,31098603.0,31098603.0,7.093038155417044,40.645898745486114,26714219.0,0.0,,0.0
0x7d8dbef9cb6ec82b759a6c6642ede8e23b5ea96c,0.027134315432834975,0.009352395,0,31.409997999999998,4,1764832987,-9.61021883705447e-07,-1.0210858115535247e-06,-9.61021883705447e-07,-9.61021883705447e-07,-0.0001865112805442888,0.0,-9.61021883705447e-07,0.0,0.0,-0.9411190580564645,-0.00400885291067706,0.0,-0.008016744799470414,,,-0.2590997405731847,1,0.07268341763133024,-0.030912094566524127,-9.61021883705447e-07,0.0,1.2,,,,4.545815145116647,,,,0.0
0x01fe9bdd1faa7794b0f0eb933509e2d8fe7d79f4,0.027134315432834975,0.009352395,0,1006.08,8,1764826973,0.0,0.0,0.0,0.0,0.0,0.0,0.0,0.0,0.998003992015968,-0.9600000000000009,-0.0001178828243544735,0.0,-0.000235765648708947,,,-0.007700000299868804,1,0.07268341763133024,-0.028456355788893883,0.0,0.0,4.999999,,,,5.4588352695405025,,,,0.0
0x110a3d1a86ef4e3cdf905ec92a5d284e59cd38a8,0.027130719012108197,0.009320795,0,50.0,2,1764823853,-0.019038076133247473,-0.020040080140260496,-0.019038076133247473,-0.019038076133247473,-0.02834095312540011,0.0,-0.019038076133247473,0.0,0.0,,-0.019038076133247473,0.0,-0.019038076133247473,,,0.12709999999999988,0,0.07268341763133024,,-0.019038076133247473,0.0,1.3,15666827.0,15666827.0,3.577902627539124,2.605721958640028,11288053.0,,,0.0
0xf8b720c031833a879ffe538c7e040fad542114de,0.027130719012108197,0.009320795,0,0.256,2,1764819397,0.0,-0.0010020040070130248,0.0,0.0,-0.0014159644659968804,0.0,0.0,0.0,1.0,,0.0,0.0,0.0,,,0.14614999971826348,0,0.07268341763133024,,0.0,0.0,0.005,15919560.0,15919560.0,3.6393238900326863,0.004945728456913827,11545242.0,0.0,,0.0
0x3f3bfc6d754e416699793901ffb12ddeee9f1d77,0.027129866478946926,0.009313303,0,11398.1751,16,1764824913,0.00017250920124358148,0.00034501840248716295,0.00017250920124358148,0.00017250920124358148,0.0008315164722185242,0.0,0.00017250920124358148,0.0,0.0,-133.87238999999957,-0.0022842337535292374,0.0,-0.004740976708302057,,,0.08234999991944984,1,0.07268341763133024,-0.008608877238946735,0.00017250920124358148,0.0,27.499999000000003,35552922.0,35552922.0,8.117413125702937,154.47410018731117,31173088.0,0.0,,0.0
0xd189664c5308903476f9f079820431e4fd7d06f4,0.027116094534693196,0.009192252,0,49869.991806,16,1764819403,-0.001837007350891556,-0.002839011357904581,-0.001837007350891556,-0.001837007350891556,-0.008464621565961328,0.0,-0.001837007350891556,0.0,0.0004010427769429419,,-0.001837007350891556,0.0,-0.001837007350891556,,,0.2619959611835918,0,0.07268341763133024,,-0.001837007350891556,0.0,3.7889925,35462026.0,35462026.0,8.106858568318213,36.04545417136659,31087702.0,0.0,,0.0
0x011f2d377e56119fb09196dffb0948ae55711122,0.027116094534693196,0.009192252,0,5.0,1,1764819397,0.0,-0.0010020040070130248,0.0,0.0,-0.0010020040070130248,0.0,0.0,0.0,1.0,,0.0,0.0,0.0,,,0.2785999994365269,0,0.07268341763133024,,0.0,0.0,0.2,,,,13.458768134162742,,,,0.0
0xe9b42acb8cf9b3ce94d70c7400acabcbb942f03a,0.027116094534693196,0.009192252,0,0.144,1,1764819397,0.0,-0.0010020040070130248,0.0,0.0,-0.0010020040070130248,0.0,0.0,0.0,1.0,,0.0,0.0,0.0,,,0.2785999994365269,0,0.07268341763133024,,0.0,0.0,0.067,,,,0.17126081100000004,,,,0.0
0xf5ccb0827bc55ae619c26ff25e704d0cc6640540,0.027116094534693196,0.009192252,0,14000.0,10,1764821545,-0.0006441454330798017,-0.0016461494400928265,-0.0006441454330798017,-0.0006441454330798017,-0.005367394967076377,0.0,-0.0006441454330798017,0.0,1.0,,-0.0006441454330798017,0.0,-0.0006441454330798017,,,0.26640000000000086,0,0.07268341763133024,,-0.0006441454330798017,0.0,5.0,43176945.0,43176945.0,9.86571014147031,14.51294437244401,38800479.0,,,0.0
0xf4fe4aeea49c54aa73ec946ab2eebd02ee42f6e7,0.027102738182916915,0.009074796,0,1.102526,2,1764782413,-0.9078155558300891,-0.9088175598371022,-0.9078155558300891,-0.9078155558300891,-1.2852621188444517,0.0,-0.9078155558300891,0.0,0.0,,-0.9078155558300891,0.0,-0.9078155558300891,,,-1.0348440582234881,0,0.07268341763133024,,-0.9078155558300891,0.0,7.001481500000001,6930789.0,6930789.0,1.597937581011746,9.936932922444182,2593455.0,,,0.0
0x42b279b94eb8404095b0b1f9ffcd9038461c00c3,0.027102738182916915,0.009074796,0,40.04846,21,1764243525,-0.40702728356241313,-0.40802928756942625,-0.40702728356241313,-0.40702728356241313,-2.199456622209569,0.0,-0.40702728356241313,0.0,0.0,,-0.40702728356241313,0.0,-0.40702728356241313,,,-1.0061005034636108,0,0.07268341763133024,,-0.40702728356241313,0.0,4.985,6198915.0,6198915.0,1.6319608071300737,7.741644506014102,2400469.0,0.0,,0.0
0x098fa93a396611d1fe6f5968f9b3f34853e947cd,0.02710195024184742,0.009067865,0,298.966362,13,1764736849,9.9167063015836e-08,-1.0908376931741837e-07,9.9167063015836e-08,9.9167063015836e-08,-3.4674574453301e-05,0.0,9.9167063015836e-08,0.0,0.0,-0.07930935683333194,-0.0002828779013054641,0.0,-0.0005658549696739441,,,-1.0356675577500436,2,0.07268341763133024,0.014199746151211893,9.9167063015836e-08,0.0,6.299998,34948878.0,34948878.0,8.1432318134476,9.596634858757064,30657108.0,0.0,,0.0
0x2cde80346eed526242e266476cfcc65073635b98,0.027099585705314875,0.009047065,0,159.758,1,1764817915,-0.15030060105195361,-0.15130260505896664,-0.15030060105195361,-0.15030060105195361,-0.15130260505896664,0.0,-0.15030060105195361,0.0,0.0,,-0.15030060105195361,0.0,-0.15030060105195361,,,-0.9650000047760011,0,0.07268341763133024,,-0.15030060105195361,0.03020575488163666,14.1998,29360331.0,29360331.0,6.714253861795869,64.62624427259887,24987495.0,0.0,0.29590766002098634,948.0
0xfb81f27f1c8758d477332f8e751322c424da1cf3,0.027099585705314875,0.009047065,0,159.758,1,1764817915,-0.15030060105195361,-0.15130260505896664,-0.15030060105195361,-0.15030060105195361,-0.15130260505896664,0.0,-0.15030060105195361,0.0,0.0,,-0.15030060105195361,0.0,-0.15030060105195361,,,-0.9650000047760011,0,0.07268341763133024,,-0.15030060105195361,0.02147192880580003,16.3944,29360661.0,29360661.0,6.714329327694887,70.66020785395922,24987825.0,0.0,0.24235560588901472,847.0
0x87f4b922a7a994599213f925a78884f657e149e7,0.027099585705314875,0.009047065,0,1007.0,7,1764731313,-0.9276791916534465,-0.9286811956604594,-0.9276791916534465,-0.9276791916534465,-2.190291720363198,0.0,-0.9276791916534465,0.0,0.0,,-0.9276791916534465,0.0,-0.9276791916534465,,,-1.0344066899312159,0,0.07268341763133024,,-0.9276791916534465,0.013001516202983935,4.692307,60578022.0,60578022.0,14.133157919049683,24.00319789134809,56291788.0,0.0,0.3016759776536313,349.0
0xa952437457ad260b8f47305ac35e4bde4d0f5ca1,0.027099585705314875,0.009047065,0,2250.0,2,1764690234,-0.920841682444969,-0.921843686451982,-0.920841682444969,-0.920841682444969,-1.3036838437684042,0.0,-0.920841682444969,0.0,0.0,,-0.920841682444969,0.0,-0.920841682444969,,,-1.038939107607539,0,0.07268341763133024,,-0.920841682444969,0.09830752056650748,30.3834,45156427.0,45156427.0,10.637168018600027,161.94027991950466,40911272.0,0.0,0.2,15.0
0x139d042f07a0e270f62735c4f4e7c23521c321de,0.027099585705314875,0.009047065,0,7.119996,2,1764700404,-0.9178355436965453,-0.9188375477035583,-0.9178355436965453,-0.9178355436965453,-1.2994325215800078,0.0,-0.9178355436965453,0.0,0.0,,-0.9178355436965453,0.0,-0.9178355436965453,,,-1.0429985428890718,0,0.07268341763133024,,-0.9178355436965453,0.12719547541741713,10.9087245,,,,156.97344801999998,,,0.25,32.0
0xd2aefe830ebe42d817a65c7b2bccab0ec362f36b,0.027097062476716723,0.009024867,0,354.109057,13,1764827273,-0.027246221951056627,-0.028248225958069643,-0.027246221951056627,-0.027246221951056627,-0.09580518252304672,0.0,-0.027246221951056627,0.0,0.0,,-0.027246221951056627,0.0,-0.027246221951056627,,,0.0544999999999998,0,0.07268341763133024,,-0.027246221951056627,0.0,7.134999499999999,34007364.0,34007364.0,7.76035109353899,15.079457567944251,29625170.0,,,0.0
0xe0f1e7751df4035f78a5eb2f4296c98b4d5bc4bd,0.027097062476716723,0.009024867,0,992.0,1,1764819279,-0.007014028049091174,-0.008016032056104199,-0.007014028049091174,-0.007014028049091174,-0.008016032056104199,0.0,-0.007014028049091174,0.0,0.0,,-0.007014028049091174,0.0,-0.007014028049091174,,,0.21299999999999902,0,0.07268341763133024,,-0.007014028049091174,0.0,32.9916,56181808.0,56181808.0,12.843904714004847,112.7856351881414,51807608.0,,,0.0
0x3376af22d333213cc84be18e9687d421ef5d3c7f,0.027097062476716723,0.009024867,0,9268.40212,79,1764818145,-0.025959994845007738,-0.026961998852020778,-0.025959994845007738,-0.025959994845007738,-0.21481191414626474,0.0,-0.025959994845007738,0.0,0.0,,-0.025959994845007738,0.0,-0.025959994845007738,,,0.1347999998388999,0,0.07268341763133024,,-0.025959994845007738,0.0,9.97,21413195.0,21413195.0,4.896609152480205,47.98439221428571,17040129.0,,,0.0
0x510904c9a58f5c5ad799a1b44947077564175e9c,0.027097062476716723,0.009024867,0,6721.17976,10,1764825243,-0.02224073441489606,-0.023242738421909086,-0.02224073441489606,-0.02224073441489606,-0.060510899144491176,0.0,-0.02224073441489606,0.0,0.0,,-0.02224073441489606,0.0,-0.02224073441489606,,,0.09627291849696962,0,0.07268341763133024,,-0.02224073441489606,0.0,26.031581,32540256.0,32540256.0,7.429004028159676,318.9701460952556,28160092.0,0.0,,0.0
0x1d8c256b15d3cd1f5db221e70c77f552eb8d757a,0.027088437904033726,0.008948977,0,3406.683446,94,1764429105,-0.34208967542895397,-0.3429541775869629,-0.34208967542895397,-0.34208967542895397,-3.7606943858344777,0.0,-0.34208967542895397,0.0,0.0,-97.02514638948306,-0.3579385227375624,0.0,-0.37378737004617074,,,-0.027057483387867017,2,0.07268341763133024,0.0743078461851178,-0.34208967542895397,0.0,9.78572,23001249.0,23001249.0,5.773368195890288,28.026678387283244,19017223.0,,,0.0
0xdfaacceff09ac2c037393eee387e81ea024679a7,0.027086955655731687,0.008935932,0,19.50018,2,1764817507,0.0,0.0,0.0,0.0,0.0,0.0,0.0,0.0,0.0,-0.4993799999999977,-0.005135270535941724,0.0,-0.010270541071883448,,,-1.0820539807306497,1,0.07268341763133024,-0.00047315512995640605,0.0,0.0,5.7218,31734057.0,31734057.0,7.257765479500177,7.808269946954141,27361629.0,0.0,,0.0
0x8db4f2bcb37078763c70dac5d99c285995479c07,0.027080505455250932,0.008879157,0,400.4,6,1764348191,-0.7140515261484831,-0.7150491451951037,-0.7140515261484831,-0.7140515261484831,-1.5912182778916122,0.0,-0.7140515261484831,0.0,0.0,-198.2,-0.7376940492663381,0.0,-0.7613365723841929,,,-0.04814436084189417,1,0.07268341763133024,-0.01646876900311943,-0.7140515261484831,0.0,2.7065,14069951.0,14069951.0,3.6048032954217044,10.284359440942028,10166839.0,,,0.0
0xc474391055a051ec38b45508d3d72c787cba6061,0.02708030772574102,0.008877416,0,180.2,1,1764633210,-0.9018036063117214,-0.9028056103187345,-0.9018036063117214,-0.9018036063117214,-0.9028056103187345,0.0,-0.9018036063117214,0.0,0.0,,-0.9018036063117214,0.0,-0.9018036063117214,,,0.033316045168541294,0,0.07268341763133024,,-0.9018036063117214,0.0,0.075376,35614587.0,35614587.0,8.50369460745139,1.5337721065268852,31426456.0,0.0,,0.0
0xe84ae8a5caf8b9c3441fcc3c661b245be5eca460,0.02708030772574102,0.008877416,0,3.260862,2,1764628132,-0.9208416701536913,-0.9218436741607043,-0.9208416701536913,-0.9208416701536913,-1.3036838263859123,0.0,-0.9208416701536913,0.0,0.0,,-0.9208416701536913,0.0,-0.9208416701536913,,,0.03193078092711249,0,0.07268341763133024,,-0.9208416701536913,0.0,0.999999,,,,1.5050506814695195,,,,0.0
0x63f1557aa24e04afe36b2f36a3e4c2eeb8526272,0.02708030772574102,0.008877416,0,49.05,1,1764193007,-0.9819639268727635,-0.9829659308797765,-0.9819639268727635,-0.9819639268727635,-0.9829659308797765,0.0,-0.9819639268727635,0.0,0.0,,-0.9819639268727635,0.0,-0.9819639268727635,,,0.016396267512506824,0,0.07268341763133024,,-0.9819639268727635,0.0,8.7,40847470.0,40847470.0,10.898680550960425,39.30441542178874,37099542.0,0.0,,0.0
0xa45cdb0a5ba4629b5c7860dc3f310978a4dd1d10,0.027073645199342782,0.008818758,0,55123.772979999994,32,1764830049,8.011599082717087e-20,-2.0028997706792776e-19,8.011599082717087e-20,8.011599082717087e-20,-8.38104861311005e-11,0.0,8.011599082717087e-20,0.0,0.0,-67.47326720000005,-0.0026534001937406457,0.0,-0.005306800387481291,,,-0.2513000229615387,1,0.07268341763133024,-0.0037835436221446785,8.011599082717087e-20,0.0,9.609615,,,,101.02486036319017,,,,0.0
0xc02147dee42356b7a4edbb1c35ac4ffa95f61fa8,0.0270628972706471,0.008724101,0,11587.225735,22,1764446191,-0.007087589892729377,-0.0075723357858415085,-0.007087589892729377,-0.007109641302641974,-0.034271214122552296,0.0,-0.007131692778444379,0.0,0.14308272672362352,-489.3429761885001,-0.06634586659683539,0.0,-0.12560414330094138,,,-0.15220000013518767,2,0.07268341763133024,0.043205853035046156,-0.007087589892729377,0.0,5.434824,60157321.0,60157321.0,15.03515047816707,300.314290225,56156209.0,0.0,,0.0
0xceae15533f441b29685bb41dd8d25835760c7a2d,0.027050394069006327,0.008613939,0,847.05668,11,1764643890,-0.6614783867994573,-0.6624803908064703,-0.6614783867994573,-0.6614783867994573,-2.1154276427919725,0.0,-0.6614783867994573,0.0,0.0,,-0.6614783867994573,0.0,-0.6614783867994573,,,-1.0892544251460183,0,0.07268341763133024,,-0.6614783867994573,0.0,32.5,8320409.0,8320409.0,1.9816107464708461,30.495138051417587,4121598.0,,,0.0
0xa11376e9f170aaf97664cac13e9ab210a70193f4,0.027049272401005717,0.008604054,0,0.26856,2,1764198885,-0.9919839669428937,-0.9929859709499067,-0.9919839669428937,-0.9919839669428937,-1.4042942273635741,0.0,-0.9919839669428937,0.0,0.0,,-0.9919839669428937,0.0,-0.9919839669428937,,,0.010509227887961057,0,0.07268341763133024,,-0.9919839669428937,0.0,13.181999999999999,15370274.0,15370274.0,4.094584003542005,67.33907743951947,11616468.0,,,0.0
0xebc0df15e665da95bf819105b723ae90042ffa41,0.027049272401005717,0.008604054,0,353.648591,28,1764292423,-0.7102509957594704,-0.7112529997664834,-0.7102509957594704,-0.7102509957594704,-3.7681741904681174,0.0,-0.7102509957594704,0.0,0.0,,-0.7102509957594704,0.0,-0.7102509957594704,,,-0.05207809761387811,0,0.07268341763133024,,-0.7102509957594704,0.0,24.9,10872725.0,10872725.0,2.826034012035316,94.66785728233351,7025381.0,0.0,,0.0
0xb6fa57039ea79185895500dbd0067c288594abcf,0.027049272401005717,0.008604054,0,8197.996,103,1764403571,-0.18204158615741764,-0.18304359016443053,-0.18204158615741764,-0.18204158615741764,-3.031370754709649,0.0,-0.18204158615741764,0.0,0.0,,-0.18204158615741764,0.0,-0.18204158615741764,,,-0.02552303707812891,0,0.07268341763133024,,-0.18204158615741764,0.0,22.08,16400921.0,16400921.0,4.143224490538316,40.241577671370216,12442429.0,,,0.0
0x1e1aed3928a9617e7c7ae674c4fa7aebbd9d7690,0.027049272401005717,0.008604054,0,390.0,3,1764834373,-0.024048096168312647,-0.025050100175325673,-0.024048096168312647,-0.024048096168312647,-0.03959762248452566,0.0,-0.024048096168312647,0.0,0.0,,-0.024048096168312647,0.0,-0.024048096168312647,,,-0.1795000000000002,0,0.07268341763133024,,-0.024048096168312647,0.0,17.08,12606043.0,12606043.0,2.87199786571599,41.31683958915537,8216749.0,,,0.0
0x4cc44ee4b0025d7d7a3f052ddacb15aadf23bb77,0.027049272401005717,0.008604054,0,250.0,2,1764837803,-0.0030060120210390743,-0.004008016028052099,-0.0030060120210390743,-0.0030060120210390743,-0.005668190625080022,0.0,-0.0030060120210390743,0.0,0.0,,-0.0030060120210390743,0.0,-0.0030060120210390743,,,-0.009100000000000007,0,0.07268341763133024,,-0.0030060120210390743,0.0,2.999998,10128888.0,10128888.0,2.3058330093126727,3.180561272501552,5736164.0,,,0.0
0x21064fd320bfd5a86f8c92a94d3209edf4154dea,0.027049272401005717,0.008604054,0,1.6,1,1764432103,-0.9989979949919848,-0.9999999989989979,-0.9989979949919848,-0.9989979949919848,-0.9999999989989979,0.0,-0.9989979949919848,0.0,0.0,,-0.9989979949919848,0.0,-0.9989979949919848,,,-0.048847368359433554,0,0.07268341763133024,,-0.9989979949919848,0.0,0.03128,9933408.0,9933408.0,2.4914342125856277,13.66513462424885,5946384.0,,,0.0
0xcd91a549956854fdc38efad7e80ff5da8f5432b8,0.027049272401005717,0.008604054,0,2959.381246,96,1764262957,-0.8938412096032681,-0.8948432136102811,-0.8938412096032681,-0.8938412096032681,-8.486515007073294,0.0,-0.8938412096032681,0.0,0.0,,-0.8938412096032681,0.0,-0.8938412096032681,,,-0.05007509385949818,0,0.07268341763133024,,-0.8938412096032681,0.0,34.15717,15210925.0,15210925.0,3.9841307134486748,53.81562762748926,11393047.0,0.0,,0.0
0xff7ca9cd180d33119e653e3eb50555a3e2ccb233,0.027049272401005717,0.008604054,0,42.89,2,1764828989,-0.04609218432259914,-0.04709418832961217,-0.04609218432259914,-0.04609218432259914,-0.06660123984469025,0.0,-0.04609218432259914,0.0,0.0,,-0.04609218432259914,0.0,-0.04609218432259914,,,-0.35569999990400064,0,0.07268341763133024,,-0.04609218432259914,0.0,23.96,14228809.0,14228809.0,3.245689122267565,80.41317856955288,9844899.0,,,0.0
0xc42f49919bfb2f735a7d4580200e6ad7d2cb78a0,0.027049272401005717,0.008604054,0,19.98,2,1765119877,0.0,-0.0010020040070130248,0.0,0.0,-0.0014170476562700056,0.0,0.0,0.0,1.0,,0.0,0.0,0.0,,,3.3306690738754695e-17,0,0.07268341763133024,,0.0,0.0,9.97,10565682.0,10565682.0,2.26013658771994,81.93623518089667,5890884.0,,,0.0
0x3abffa6d0b8a22423a66064ca458499225feb143,0.027029060645387733,0.008425863,0,368.37204,12,1764786093,-0.10156882144074886,-0.10224520557708316,-0.10156882144074886,-0.10156882144074886,-0.405629988126702,0.0,-0.10156882144074886,0.0,0.0,-73.22234848971428,-0.1935008164658062,0.0,-0.2854328114908635,,,-1.045597754345145,1,0.07268341763133024,-0.0005936717729228808,-0.10156882144074886,0.0,3.0,,,,11.86260716888481,,,,0.0
0x0dde1b35552efae5aa3759aedb6fa7b2d6f594c3,0.027018803886446983,0.008335388,0,15834.208994,94,1764486755,0.004218386804795863,0.004440407162943014,0.004218386804795863,0.004218386804795863,0.00943324522106601,0.0,0.004218386804795863,0.0,0.0,-654.3560983231588,-0.04030020752043842,0.0,-0.08481880184567271,,,-0.8157348832334029,2,0.07268341763133024,0.005018414858174402,0.004218386804795863,0.0,9.36,28401436.0,28401436.0,7.027143195050766,163.37244786688194,24359760.0,0.0,,0.0
0x499dc1582a5a7af63c4e8597cd414538be1765ec,0.027018271023150662,0.008330687,0,1.08,1,1764830503,-0.026052104182338647,-0.027054108189351674,-0.026052104182338647,-0.026052104182338647,-0.02705410818935167,0.0,-0.026052104182338647,0.0,0.0,,-0.026052104182338647,0.0,-0.026052104182338647,,,-0.19460002296153864,0,0.07268341763133024,,-0.026052104182338647,0.0,3.999999,,,,9.85874925,,,,0.0
0x0684013902f5d899f4621e2c48c7af5407e9d593,0.027018271023150662,0.008330687,0,9.999998,2,1764831487,-0.029058110491954853,-0.030060114498967876,-0.029058110491954853,-0.029058110491954853,-0.04251142161092848,0.0,-0.029058110491954853,0.0,0.0,,-0.029058110491954853,0.0,-0.029058110491954853,,,-0.22679995382999998,0,0.07268341763133024,,-0.029058110491954853,0.0,10.4,35645646.0,35645646.0,8.126386327947605,11.941768820655534,31259238.0,0.0,,0.0
0x68354620ee0d3f1b5aec21c4692a634eae5bf97a,0.027018271023150662,0.008330687,0,8.066428,2,1764260097,-0.9939879744600435,-0.9949899784670565,-0.9939879744600435,-0.9939879744600435,-1.4071283219734252,0.0,-0.9939879744600435,0.0,0.0,,-0.9939879744600435,0.0,-0.9939879744600435,,,0.0060635564420441525,0,0.07268341763133024,,-0.9939879744600435,0.0,5.37264,,,,67.8541694089613,,,,0.0
0x51373c6b56e4a38bf97c301efbff840fc8451556,0.027018271023150662,0.008330687,0,404.9534,20,1764283203,-0.4737880725274134,-0.47479007653442645,-0.4737880725274134,-0.4737880725274134,-2.5415800862895446,0.0,-0.4737880725274134,0.0,0.9990656208837857,,-0.4737880725274134,0.0,-0.4737880725274134,,,-0.06309461826296778,0,0.07268341763133024,,-0.4737880725274134,0.0,3.27755,21898227.0,21898227.0,5.705450631610652,18.593129212224937,18060103.0,,,0.0
0x21501e9d79fed79feda7b28373f04edec8cc9ed5,0.027018271023150662,0.008330687,0,27.777776,2,1764833205,-0.035070106481926634,-0.03607211048893966,-0.035070106481926634,-0.035070106481926634,-0.05101366787687924,0.0,-0.035070106481926634,0.0,0.0,,-0.035070106481926634,0.0,-0.035070106481926634,,,-0.27549972706238235,0,0.07268341763133024,,-0.035070106481926634,0.0,9.933,36333369.0,36333369.0,8.279928379449451,101.82219598209898,31945243.0,0.0,,0.0
0x9be90ea78bff3f81f3564a11d5e12b2a0783c030,0.027018271023150662,0.008330687,0,812.470247,22,1764403893,-0.6639126460251498,-0.6649146500321627,-0.6639126460251498,-0.6639126460251498,-3.1818372915553628,0.0,-0.6639126460251498,0.0,0.0,,-0.6639126460251498,0.0,-0.6639126460251498,,,-0.07411113891205728,0,0.07268341763133024,,-0.6639126460251498,0.0,14.989995,,,,33.652982686223154,,,,0.0
0x88b0bd7130b184d110c507bce00978e090fbb118,0.027018271023150662,0.008330687,0,30.0,2,1764831895,-0.02905811620337772,-0.030060120210390746,-0.02905811620337772,-0.02905811620337772,-0.04251142968810017,0.0,-0.02905811620337772,0.0,0.0,,-0.02905811620337772,0.0,-0.02905811620337772,,,-0.2269000000000002,0,0.07268341763133024,,-0.02905811620337772,0.0,10.408163,32708752.0,32708752.0,7.456148605275444,84.40657441616646,28321936.0,0.0,,0.0
0xe613b515bd46b1585a8b137a4d291d9b80bd540e,0.027018271023150662,0.008330687,0,17.081199,2,1764264763,-0.9927164901936165,-0.9937184942006296,-0.9927164901936165,-0.9927164901936165,-1.364837738933678,0.0,-0.9927164901936165,0.0,0.0,,-0.9927164901936165,0.0,-0.9927164901936165,,,-0.015999930976946887,0,0.07268341763133024,,-0.9927164901936165,0.0,3.699999,,,,43.459804403109594,,,,0.0
0x3e2d07f78534a171852cebf009e49e8f923c4323,0.027018271023150662,0.008330687,0,1296.08,3,1764854771,-0.0040003437155940935,-0.005002347722607118,-0.0040003437155940935,-0.0040003437155940935,-0.00731421917917908,0.0,-0.0040003437155940935,0.0,0.0,,-0.0040003437155940935,0.0,-0.0040003437155940935,,,-0.03223797856048975,0,0.07268341763133024,,-0.0040003437155940935,0.0,7.919999,35315147.0,35315147.0,8.008529167116434,73.48458316108108,30905455.0,0.0,,0.0
0x8e9eedf20dfa70956d49f608a205e402d9df38e4,0.027018271023150662,0.008330687,0,73164.786297,385,1764466893,-0.12487670458486715,-0.12587870859188002,-0.12487670458486715,-0.12487670458486715,-2.9122695968100496,0.0,-0.12487670458486715,0.0,0.0,,-0.12487670458486715,0.0,-0.12487670458486715,,,-0.020005798982855306,0,0.07268341763133024,,-0.12487670458486715,0.0,15.96107,30967610.0,30967610.0,7.699911035169702,483.72835396878855,26945796.0,0.0,,0.0
0x5f390e4b7d6f06d6756a6c92afdbf7b3176aa78c,0.027018271023150662,0.008330687,0,5266.34966,84,1764187485,-0.33319511592094037,-0.33419711992795365,-0.33319511592094037,-0.33319511592094037,-3.741624291399014,0.0,-0.33319511592094037,0.0,0.0,,-0.33319511592094037,0.0,-0.33319511592094037,,,-0.02552303707812891,0,0.07268341763133024,,-0.33319511592094037,0.0,0.0548,41814279.0,41814279.0,11.173100673737697,0.4224660792951542,38071873.0,0.0,,0.0
0x89ea748eb7b128c3552d7410eb25d5d712b89a44,0.027018271023150662,0.008330687,0,10.952895999999999,2,1764662896,-0.9138276500046927,-0.9148296540117059,-0.9138276500046927,-0.9138276500046927,-1.2937645039644405,0.0,-0.9138276500046927,0.0,0.0,,-0.9138276500046927,0.0,-0.9138276500046927,,,-0.03976637029307684,0,0.07268341763133024,,-0.9138276500046927,0.0,4.99395,,,,4.699909034612964,,,,0.0
0xd218e474776403a330142299f7796e8ba32eb5c9,0.027018271023150662,0.008330687,0,16825.328518,341,1764203739,-0.9514868319663901,-0.952488835973404,-0.9514868319663901,-0.9514868319663901,-14.344510470471105,0.0,-0.9514868319663901,0.0,0.0,,-0.9514868319663901,0.0,-0.9514868319663901,,,-0.04917359198230824,0,0.07268341763133024,,-0.9514868319663901,0.0,18.436799999999998,37123200.0,37123200.0,9.87671138118372,55.82468700812064,33364540.0,0.0,,0.0
0x6d6514eab960a4afa0ce9b6d2a60039dabc23781,0.027018271023150662,0.008330687,0,9.17,1,1764656250,-0.91783567042393,-0.918837674430943,-0.91783567042393,-0.91783567042393,-0.918837674430943,0.0,-0.91783567042393,0.0,0.0,,-0.91783567042393,0.0,-0.91783567042393,,,-0.01945953482924481,0,0.07268341763133024,,-0.91783567042393,0.0,1.0805,51014208.0,51014208.0,12.114019592175193,12.86564031728395,46803037.0,,,0.0
0xf9f207b77137caa79c6c4516abdef3133db45cba,0.027018271023150662,0.008330687,0,44.5,1,1764634372,-0.9118236463818519,-0.9128256503888649,-0.9118236463818519,-0.9118236463818519,-0.912825650388865,0.0,-0.9118236463818519,0.0,0.0,,-0.9118236463818519,0.0,-0.9118236463818519,,,-0.006300260506333469,0,0.07268341763133024,,-0.9118236463818519,0.0,4.16,27245346.0,27245346.0,6.503566592262704,33.11622269741698,23056053.0,,,0.0
0x5c163aad7e0901ffe6c9c4d42a73d3f3b8730272,0.027018271023150662,0.008330687,0,1335.47206,6,1764633230,-0.9207085341626087,-0.9217105381696218,-0.9207085341626087,-0.9207085341626087,-1.6927745713885194,0.0,-0.9207085341626087,0.0,0.0,,-0.9207085341626087,0.0,-0.9207085341626087,,,0.0008903949670472935,0,0.07268341763133024,,-0.9207085341626087,0.0,1.873502,31111141.0,31111141.0,7.428371374384543,41.233062091240875,26922990.0,0.0,,0.0
0xe76b2b581fbbe489b23faccaeca1387ade0ae02a,0.027018271023150662,0.008330687,0,2.0,2,1764865009,-0.0010020040070130248,-0.0020040080140260497,-0.0010020040070130248,-0.0010020040070130248,-0.0028340953125400112,0.0,-0.0010020040070130248,0.0,1.0,,-0.0010020040070130248,0.0,-0.0010020040070130248,,,-0.008000000000000007,0,0.07268341763133024,,-0.0010020040070130248,0.0,0.8,33506851.0,33506851.0,7.580855579160756,17.701729158610814,29086921.0,,,0.0
0x4df7da721042bf8b75bd1cb7acbeb7f83aaf522d,0.027018271023150662,0.008330687,0,1574.007656,18,1764397859,-0.2343925385892125,-0.23539454259622558,-0.2343925385892125,-0.2343925385892125,-1.3504774000801512,0.0,-0.2343925385892125,0.0,0.0,,-0.2343925385892125,0.0,-0.2343925385892125,,,-0.2886999999040002,0,0.07268341763133024,,-0.2343925385892125,0.0,19.66,19470336.0,19470336.0,4.925732269440748,35.212178095749884,15517556.0,0.0,,0.0
0xede186f37ead91aa618cf8101db2bfe6b6c57dd1,0.027018271023150662,0.008330687,0,99.0,4,1764833367,-0.015531062108701884,-0.01653306611571491,-0.015531062108701884,-0.015531062108701884,-0.03537702819983629,0.0,-0.015531062108701884,0.0,0.0,,-0.015531062108701884,0.0,-0.015531062108701884,,,-0.2507000000000002,0,0.07268341763133024,,-0.015531062108701884,0.0,15.0,,,,94.26438445451278,,,,0.0
0x6be949e0f7f46dbb2ba04da0efadc23dfd2c3493,0.027018271023150662,0.008330687,0,1000.0,2,1764830951,-0.02905811620337772,-0.030060120210390746,-0.02905811620337772,-0.02905811620337772,-0.042511429688100164,0.0,-0.02905811620337772,0.0,0.0,,-0.02905811620337772,0.0,-0.02905811620337772,,,-0.2189000000000011,0,0.07268341763133024,,-0.02905811620337772,0.0,1.99319,,,,4.958581562432916,,,,0.0
0xe4cfbb89c05d3429280c69969aee2cfb7a4678c4,0.027018271023150662,0.008330687,0,385.173722,22,1764282985,-0.9016174161639455,-0.9026194201709588,-0.9016174161639455,-0.9016174161639455,-4.234310556247092,0.0,-0.9016174161639455,0.0,0.0,,-0.9016174161639455,0.0,-0.9016174161639455,,,-0.052078097613878035,0,0.07268341763133024,,-0.9016174161639455,0.0,22.75,56529141.0,56529141.0,14.729162465156781,24.789550096142438,52691235.0,0.0,,0.0
0xe8dd7741ccb12350957ec71e9ee332e0d1e6ec86,0.027018271023150662,0.008330687,0,29556.230704,675,1764193007,-0.7840869862200381,-0.7850889902270476,-0.7840869862200381,-0.7840869862200381,-18.704422304704465,0.0,-0.7840869862200381,0.0,0.0,,-0.7840869862200381,0.0,-0.7840869862200381,,,-0.030923037078128882,0,0.07268341763133024,,-0.7840869862200381,0.0,21.369537,26295756.0,26295756.0,7.016078217084213,71.68792669207318,22547828.0,,,0.0
0x7f855dd2f62f46a6cb48620e1fc138f5ddf58693,0.027018271023150662,0.008330687,0,149.259259,3,1764830351,-0.025850705705975703,-0.026852709712988726,-0.025850705705975703,-0.025850705705975703,-0.04186737188238671,0.0,-0.025850705705975703,0.0,0.0,,-0.025850705705975703,0.0,-0.025850705705975703,,,-0.19287198509068132,0,0.07268341763133024,,-0.025850705705975703,0.0,6.5,31257913.0,31257913.0,7.127930262934659,30.575215022735474,26872641.0,0.0,,0.0
0x7024512c86291a05777d9d2cf08198a1b9954c4c,0.027018271023150662,0.008330687,0,2000.0,2,1764898817,-0.004008016028052099,-0.005010020035065124,-0.004008016028052099,-0.004008016028052099,-0.007085238281350028,0.0,-0.004008016028052099,0.0,0.0,,-0.004008016028052099,0.0,-0.004008016028052099,,,-0.03230000000000003,0,0.07268341763133024,,-0.004008016028052099,0.0,0.376344,,,,1.5008875872801082,,,,0.0
0x1dfebe22f26b64199a111de6a2a5554ae2efb4f9,0.027018271023150662,0.008330687,0,250.0,2,1764847351,-0.0030060120210390743,-0.004008016028052099,-0.0030060120210390743,-0.0030060120210390743,-0.005668190625080022,0.0,-0.0030060120210390743,0.0,0.0,,-0.0030060120210390743,0.0,-0.0030060120210390743,,,-0.02410000000000002,0,0.07268341763133024,,-0.0030060120210390743,0.0,2.73003,35771829.0,35771829.0,8.125765286651983,14.60201508003638,31369557.0,0.0,,0.0
0x6c9642cecce5e5be659f7a48ece29bf541da959f,0.027018271023150662,0.008330687,0,500.0,2,1764860719,-0.0010020040070130248,-0.0020040080140260497,-0.0010020040070130248,-0.0010020040070130248,-0.0028340953125400112,0.0,-0.0010020040070130248,0.0,1.0,,-0.0010020040070130248,0.0,-0.0010020040070130248,,,-0.007400000000000006,0,0.07268341763133024,,-0.0010020040070130248,0.0,2.56282,85800840.0,85800840.0,19.4311221023453,4.912813902862506,81385200.0,0.0,,0.0
0xa9239c0ca3dee2d03232481212474e1d781b6704,0.027018271023150662,0.008330687,0,203.0,2,1764833055,-0.035070140245455815,-0.03607214425246884,-0.035070140245455815,-0.035070140245455815,-0.051013715625720116,0.0,-0.035070140245455815,0.0,0.0,,-0.035070140245455815,0.0,-0.035070140245455815,,,-0.2753999999999998,0,0.07268341763133024,,-0.035070140245455815,0.0,4.79833,,,,4.9067722773536895,,,,0.0
0x957f691adbd03039025f06d285a5c3e5384499c8,0.02700580105565186,0.008220642,0,2.315,1,1764817589,-0.462925851240017,-0.46392785524703006,-0.462925851240017,-0.462925851240017,-0.46392785524703,0.0,-0.462925851240017,0.0,0.0,,-0.462925851240017,0.0,-0.462925851240017,,,-1.3369867458429239,0,0.07268341763133024,,-0.462925851240017,0.0,1.7,13242900.0,13242900.0,3.028672318645355,6.618843267045455,8870390.0,,,0.0
0x027a422d069cde53d7ff6baf4ed3212d7a23ea13,0.02700580105565186,0.008220642,0,193.6,4,1764803307,-0.8957480168780341,-0.8967500208850471,-0.8957480168780341,-0.8957480168780341,-1.6447074967927642,0.0,-0.8957480168780341,0.0,0.0,,-0.8957480168780341,0.0,-0.8957480168780341,,,-1.044525151726118,0,0.07268341763133024,,-0.8957480168780341,0.0,18.2,13002490.0,13002490.0,2.983435010742898,80.61784331031951,8644262.0,,,0.0
0xc8773301f25228a280e12c6387c588fd3c0c05b4,0.026976215209894346,0.007959355,0,14.200000000000001,2,1764817915,-0.3547094184826105,-0.3557114224896235,-0.3547094184826105,-0.3547094184826105,-0.5030519179758516,0.0,-0.3547094184826105,0.0,0.0,,-0.3547094184826105,0.0,-0.3547094184826105,,,-1.54284774367357,0,0.07268341763133024,,-0.3547094184826105,0.0,2.7,39390090.0,39390090.0,9.007904709895364,2.784574815343443,35017254.0,0.0,,0.0
0x43a9bb2f23054e75914a0aec637ad2bfd4fefaeb,0.026976215209894346,0.007959355,0,55.23,2,1764777217,-0.9213426844484754,-0.9223446884554884,-0.9213426844484754,-0.9213426844484754,-1.3043923675965388,0.0,-0.9213426844484754,0.0,0.0,,-0.9213426844484754,0.0,-0.9213426844484754,,,-1.0370128672365637,0,0.07268341763133024,,-0.9213426844484754,0.0,9.827639999999999,,,,14.098989709585702,,,,0.0
0x9e9ad7b5ca1c0c008b25a0fcfd7ffea62bb15d99,0.026976215209894346,0.007959355,0,2611.0,2,1764783487,-0.8710754834299888,-0.8720774874370018,-0.8710754834299888,-0.8710754834299888,-1.217688709819162,0.0,-0.8710754834299888,0.0,0.0,,-0.8710754834299888,0.0,-0.8710754834299888,,,-1.046109563484707,0,0.07268341763133024,,-0.8710754834299888,0.0,3.6,35686194.0,35686194.0,8.225642678143688,73.58959699782214,31347786.0,0.0,,0.0
0xa1782a357ec27ad78ef58394953184fa52522112,0.026976215209894346,0.007959355,0,174.6,6,1764817497,-0.8737474941153569,-0.8747494981223699,-0.8737474941153569,-0.8737474941153569,-2.1148868150218783,0.0,-0.8737474941153569,0.0,0.0,,-0.8737474941153569,0.0,-0.8737474941153569,,,-1.0645168986028481,0,0.07268341763133024,,-0.8737474941153569,0.0,40.5047,28201274.0,28201274.0,6.449811980464814,181.92495954004954,23828856.0,0.0,,0.0
0x94a5c8d234ca67c4fba9ee99619c88f547654eb8,0.026976215209894346,0.007959355,0,274.491388,2,1764796471,-0.9158316653993095,-0.9168336694063227,-0.9158316653993095,-0.9158316653993095,-1.2914992039294697,0.0,-0.9158316653993095,0.0,0.0,,-0.9158316653993095,0.0,-0.9158316653993095,,,-1.044989145183311,0,0.07268341763133024,,-0.9158316653993095,0.0,10.89835,48508119.0,48508119.0,11.147724452313192,82.40868952553191,44156727.0,0.0,,0.0
0x2a315a8d15cfde768bcd47ba5cacf3ef5894f2f0,0.026976215209894346,0.007959355,0,451.202774,18,1764184103,-0.7037082291736781,-0.704710233180691,-0.7037082291736781,-0.7037082291736781,-3.0806114211459708,0.0,-0.7037082291736781,0.0,0.0,,-0.7037082291736781,0.0,-0.7037082291736781,,,-1.0354940834572908,0,0.07268341763133024,,-0.7037082291736781,0.0,2.4,,,,2.48699592214821,,,,0.0
